I 05.31/21:26:05 main.py:23  ] => Experiment directory: /storage/hujiacong/zxd/Huawei/UniversalCSI/exps/seed42/WAIRD/sparse_resnet_hybrid/base
I 05.31/21:26:05 main.py:24  ] => PyTorch Version: 2.5.1
I 05.31/21:26:05 init.py:13  ] Random seed set to 42
I 05.31/21:26:05 init.py:53  ] Running on GPU 3
I 05.31/21:26:25 init.py:88  ] => Model Name: UniversalCSI [pretrained: None]
I 05.31/21:26:25 init.py:89  ] => Model Config: compression ratio=1/4; encoder=sparse_resnet; decoder=hybrid; code_adapter=False; input shape=(2, 64, 64); input dim=8192
I 05.31/21:26:25 init.py:95  ] => Model Flops: 2.3138e+02M
I 05.31/21:26:25 init.py:96  ] => Model Params Num: 5.5202e+01M

I 05.31/21:26:25 init.py:97  ] 
**********
UniversalCSIModel(
  (encoder): SparseTransformCsiEncoder(
    (transform): Sequential(
      (conv1x1): ConvBN(
        (conv): Conv2d(2, 16, kernel_size=(1, 1), stride=(1, 1), bias=False)
        (bn): BatchNorm2d(16, eps=1e-05, momentum=0.1, affine=True, track_running_stats=True)
      )
      (relu1): LeakyReLU(negative_slope=0.3, inplace=True)
      (depthwise): ConvBN(
        (conv): Conv2d(16, 16, kernel_size=(3, 3), stride=(1, 1), padding=(1, 1), groups=16, bias=False)
        (bn): BatchNorm2d(16, eps=1e-05, momentum=0.1, affine=True, track_running_stats=True)
      )
      (shrink): SoftThreshold()
    )
    (stage1): CsiResidualBlock(
      (block): Sequential(
        (conv1): ConvBN(
          (conv): Conv2d(16, 16, kernel_size=(3, 3), stride=(1, 1), padding=(1, 1), bias=False)
          (bn): BatchNorm2d(16, eps=1e-05, momentum=0.1, affine=True, track_running_stats=True)
        )
        (relu1): LeakyReLU(negative_slope=0.3, inplace=True)
        (conv2): ConvBN(
          (conv): Conv2d(16, 16, kernel_size=(3, 3), stride=(1, 1), padding=(1, 1), bias=False)
          (bn): BatchNorm2d(16, eps=1e-05, momentum=0.1, affine=True, track_running_stats=True)
        )
      )
      (relu): LeakyReLU(negative_slope=0.3, inplace=True)
    )
    (stage2): Sequential(
      (down): ConvBN(
        (conv): Conv2d(16, 32, kernel_size=(3, 3), stride=(2, 2), padding=(1, 1), bias=False)
        (bn): BatchNorm2d(32, eps=1e-05, momentum=0.1, affine=True, track_running_stats=True)
      )
      (relu): LeakyReLU(negative_slope=0.3, inplace=True)
      (res): CsiResidualBlock(
        (block): Sequential(
          (conv1): ConvBN(
            (conv): Conv2d(32, 32, kernel_size=(3, 3), stride=(1, 1), padding=(1, 1), bias=False)
            (bn): BatchNorm2d(32, eps=1e-05, momentum=0.1, affine=True, track_running_stats=True)
          )
          (relu1): LeakyReLU(negative_slope=0.3, inplace=True)
          (conv2): ConvBN(
            (conv): Conv2d(32, 32, kernel_size=(3, 3), stride=(1, 1), padding=(1, 1), bias=False)
            (bn): BatchNorm2d(32, eps=1e-05, momentum=0.1, affine=True, track_running_stats=True)
          )
        )
        (relu): LeakyReLU(negative_slope=0.3, inplace=True)
      )
    )
    (stage3): Sequential(
      (down): ConvBN(
        (conv): Conv2d(32, 64, kernel_size=(3, 3), stride=(2, 2), padding=(1, 1), bias=False)
        (bn): BatchNorm2d(64, eps=1e-05, momentum=0.1, affine=True, track_running_stats=True)
      )
      (relu): LeakyReLU(negative_slope=0.3, inplace=True)
      (res): CsiResidualBlock(
        (block): Sequential(
          (conv1): ConvBN(
            (conv): Conv2d(64, 64, kernel_size=(3, 3), stride=(1, 1), padding=(1, 1), bias=False)
            (bn): BatchNorm2d(64, eps=1e-05, momentum=0.1, affine=True, track_running_stats=True)
          )
          (relu1): LeakyReLU(negative_slope=0.3, inplace=True)
          (conv2): ConvBN(
            (conv): Conv2d(64, 64, kernel_size=(3, 3), stride=(1, 1), padding=(1, 1), bias=False)
            (bn): BatchNorm2d(64, eps=1e-05, momentum=0.1, affine=True, track_running_stats=True)
          )
        )
        (relu): LeakyReLU(negative_slope=0.3, inplace=True)
      )
    )
    (fc): Linear(in_features=16384, out_features=2048, bias=True)
  )
  (code_adapter): CodeAdapter(
    (net): Identity()
  )
  (decoder): HybridDecoder(
    (semantic_projector): Sequential(
      (norm): LayerNorm((2048,), eps=1e-05, elementwise_affine=True)
      (linear): Linear(in_features=2048, out_features=2048, bias=True)
    )
    (token_projection): Linear(in_features=2048, out_features=8192, bias=True)
    (token_mixer): TransformerEncoder(
      (layers): ModuleList(
        (0-1): 2 x TransformerEncoderLayer(
          (self_attn): MultiheadAttention(
            (out_proj): NonDynamicallyQuantizableLinear(in_features=64, out_features=64, bias=True)
          )
          (linear1): Linear(in_features=64, out_features=2048, bias=True)
          (dropout): Dropout(p=0.0, inplace=False)
          (linear2): Linear(in_features=2048, out_features=64, bias=True)
          (norm1): LayerNorm((64,), eps=1e-05, elementwise_affine=True)
          (norm2): LayerNorm((64,), eps=1e-05, elementwise_affine=True)
          (dropout1): Dropout(p=0.0, inplace=False)
          (dropout2): Dropout(p=0.0, inplace=False)
        )
      )
      (norm): LayerNorm((64,), eps=1e-05, elementwise_affine=True)
    )
    (refine): CNNRefinementHead(
      (net): Sequential(
        (conv_in): Conv2d(2, 16, kernel_size=(3, 3), stride=(1, 1), padding=(1, 1), bias=False)
        (relu_in): LeakyReLU(negative_slope=0.3, inplace=True)
        (res1): ConvResidualBlock(
          (block): Sequential(
            (conv1): ConvBN(
              (conv): Conv2d(16, 16, kernel_size=(3, 3), stride=(1, 1), padding=(1, 1), bias=False)
              (bn): BatchNorm2d(16, eps=1e-05, momentum=0.1, affine=True, track_running_stats=True)
            )
            (relu1): LeakyReLU(negative_slope=0.3, inplace=True)
            (conv2): ConvBN(
              (conv): Conv2d(16, 16, kernel_size=(3, 3), stride=(1, 1), padding=(1, 1), bias=False)
              (bn): BatchNorm2d(16, eps=1e-05, momentum=0.1, affine=True, track_running_stats=True)
            )
          )
          (relu): LeakyReLU(negative_slope=0.3, inplace=True)
        )
        (res2): ConvResidualBlock(
          (block): Sequential(
            (conv1): ConvBN(
              (conv): Conv2d(16, 16, kernel_size=(3, 3), stride=(1, 1), padding=(1, 1), bias=False)
              (bn): BatchNorm2d(16, eps=1e-05, momentum=0.1, affine=True, track_running_stats=True)
            )
            (relu1): LeakyReLU(negative_slope=0.3, inplace=True)
            (conv2): ConvBN(
              (conv): Conv2d(16, 16, kernel_size=(3, 3), stride=(1, 1), padding=(1, 1), bias=False)
              (bn): BatchNorm2d(16, eps=1e-05, momentum=0.1, affine=True, track_running_stats=True)
            )
          )
          (relu): LeakyReLU(negative_slope=0.3, inplace=True)
        )
        (conv_out): Conv2d(16, 2, kernel_size=(3, 3), stride=(1, 1), padding=(1, 1))
      )
    )
  )
)
**********

I 05.31/21:26:25 init.py:33  ] 
encoder.transform.conv1x1.conv.weight                             True      (16, 2, 1, 1)
encoder.transform.conv1x1.bn.weight                               True              (16,)
encoder.transform.conv1x1.bn.bias                                 True              (16,)
encoder.transform.depthwise.conv.weight                           True      (16, 1, 3, 3)
encoder.transform.depthwise.bn.weight                             True              (16,)
encoder.transform.depthwise.bn.bias                               True              (16,)
encoder.transform.shrink.threshold                                True      (1, 16, 1, 1)
encoder.stage1.block.conv1.conv.weight                            True     (16, 16, 3, 3)
encoder.stage1.block.conv1.bn.weight                              True              (16,)
encoder.stage1.block.conv1.bn.bias                                True              (16,)
encoder.stage1.block.conv2.conv.weight                            True     (16, 16, 3, 3)
encoder.stage1.block.conv2.bn.weight                              True              (16,)
encoder.stage1.block.conv2.bn.bias                                True              (16,)
encoder.stage2.down.conv.weight                                   True     (32, 16, 3, 3)
encoder.stage2.down.bn.weight                                     True              (32,)
encoder.stage2.down.bn.bias                                       True              (32,)
encoder.stage2.res.block.conv1.conv.weight                        True     (32, 32, 3, 3)
encoder.stage2.res.block.conv1.bn.weight                          True              (32,)
encoder.stage2.res.block.conv1.bn.bias                            True              (32,)
encoder.stage2.res.block.conv2.conv.weight                        True     (32, 32, 3, 3)
encoder.stage2.res.block.conv2.bn.weight                          True              (32,)
encoder.stage2.res.block.conv2.bn.bias                            True              (32,)
encoder.stage3.down.conv.weight                                   True     (64, 32, 3, 3)
encoder.stage3.down.bn.weight                                     True              (64,)
encoder.stage3.down.bn.bias                                       True              (64,)
encoder.stage3.res.block.conv1.conv.weight                        True     (64, 64, 3, 3)
encoder.stage3.res.block.conv1.bn.weight                          True              (64,)
encoder.stage3.res.block.conv1.bn.bias                            True              (64,)
encoder.stage3.res.block.conv2.conv.weight                        True     (64, 64, 3, 3)
encoder.stage3.res.block.conv2.bn.weight                          True              (64,)
encoder.stage3.res.block.conv2.bn.bias                            True              (64,)
encoder.fc.weight                                                 True      (2048, 16384)
encoder.fc.bias                                                   True            (2048,)
decoder.residual_scale                                            True               (1,)
decoder.semantic_projector.norm.weight                            True            (2048,)
decoder.semantic_projector.norm.bias                              True            (2048,)
decoder.semantic_projector.linear.weight                          True       (2048, 2048)
decoder.semantic_projector.linear.bias                            True            (2048,)
decoder.token_projection.weight                                   True       (8192, 2048)
decoder.token_projection.bias                                     True            (8192,)
decoder.token_mixer.layers.0.self_attn.in_proj_weight             True          (192, 64)
decoder.token_mixer.layers.0.self_attn.in_proj_bias               True             (192,)
decoder.token_mixer.layers.0.self_attn.out_proj.weight            True           (64, 64)
decoder.token_mixer.layers.0.self_attn.out_proj.bias              True              (64,)
decoder.token_mixer.layers.0.linear1.weight                       True         (2048, 64)
decoder.token_mixer.layers.0.linear1.bias                         True            (2048,)
decoder.token_mixer.layers.0.linear2.weight                       True         (64, 2048)
decoder.token_mixer.layers.0.linear2.bias                         True              (64,)
decoder.token_mixer.layers.0.norm1.weight                         True              (64,)
decoder.token_mixer.layers.0.norm1.bias                           True              (64,)
decoder.token_mixer.layers.0.norm2.weight                         True              (64,)
decoder.token_mixer.layers.0.norm2.bias                           True              (64,)
decoder.token_mixer.layers.1.self_attn.in_proj_weight             True          (192, 64)
decoder.token_mixer.layers.1.self_attn.in_proj_bias               True             (192,)
decoder.token_mixer.layers.1.self_attn.out_proj.weight            True           (64, 64)
decoder.token_mixer.layers.1.self_attn.out_proj.bias              True              (64,)
decoder.token_mixer.layers.1.linear1.weight                       True         (2048, 64)
decoder.token_mixer.layers.1.linear1.bias                         True            (2048,)
decoder.token_mixer.layers.1.linear2.weight                       True         (64, 2048)
decoder.token_mixer.layers.1.linear2.bias                         True              (64,)
decoder.token_mixer.layers.1.norm1.weight                         True              (64,)
decoder.token_mixer.layers.1.norm1.bias                           True              (64,)
decoder.token_mixer.layers.1.norm2.weight                         True              (64,)
decoder.token_mixer.layers.1.norm2.bias                           True              (64,)
decoder.token_mixer.norm.weight                                   True              (64,)
decoder.token_mixer.norm.bias                                     True              (64,)
decoder.refine.net.conv_in.weight                                 True      (16, 2, 3, 3)
decoder.refine.net.res1.block.conv1.conv.weight                   True     (16, 16, 3, 3)
decoder.refine.net.res1.block.conv1.bn.weight                     True              (16,)
decoder.refine.net.res1.block.conv1.bn.bias                       True              (16,)
decoder.refine.net.res1.block.conv2.conv.weight                   True     (16, 16, 3, 3)
decoder.refine.net.res1.block.conv2.bn.weight                     True              (16,)
decoder.refine.net.res1.block.conv2.bn.bias                       True              (16,)
decoder.refine.net.res2.block.conv1.conv.weight                   True     (16, 16, 3, 3)
decoder.refine.net.res2.block.conv1.bn.weight                     True              (16,)
decoder.refine.net.res2.block.conv1.bn.bias                       True              (16,)
decoder.refine.net.res2.block.conv2.conv.weight                   True     (16, 16, 3, 3)
decoder.refine.net.res2.block.conv2.bn.weight                     True              (16,)
decoder.refine.net.res2.block.conv2.bn.bias                       True              (16,)
decoder.refine.net.conv_out.weight                                True      (2, 16, 3, 3)
decoder.refine.net.conv_out.bias                                  True               (2,)
**********
I 05.31/21:26:32 solver.py:136 ] Epoch: [1/400][20/400] lr: 2.50e-07 | MSE loss: 1.4990e+00 | time: 0.185
I 05.31/21:26:35 solver.py:136 ] Epoch: [1/400][40/400] lr: 5.00e-07 | MSE loss: 1.4987e+00 | time: 0.151
I 05.31/21:26:37 solver.py:136 ] Epoch: [1/400][60/400] lr: 7.50e-07 | MSE loss: 1.4978e+00 | time: 0.146
I 05.31/21:26:40 solver.py:136 ] Epoch: [1/400][80/400] lr: 1.00e-06 | MSE loss: 1.4968e+00 | time: 0.140
I 05.31/21:26:42 solver.py:136 ] Epoch: [1/400][100/400] lr: 1.25e-06 | MSE loss: 1.4953e+00 | time: 0.137
I 05.31/21:26:45 solver.py:136 ] Epoch: [1/400][120/400] lr: 1.50e-06 | MSE loss: 1.4934e+00 | time: 0.135
I 05.31/21:26:47 solver.py:136 ] Epoch: [1/400][140/400] lr: 1.75e-06 | MSE loss: 1.4910e+00 | time: 0.130
I 05.31/21:26:49 solver.py:136 ] Epoch: [1/400][160/400] lr: 2.00e-06 | MSE loss: 1.4883e+00 | time: 0.129
I 05.31/21:26:52 solver.py:136 ] Epoch: [1/400][180/400] lr: 2.25e-06 | MSE loss: 1.4852e+00 | time: 0.128
I 05.31/21:26:55 solver.py:136 ] Epoch: [1/400][200/400] lr: 2.50e-06 | MSE loss: 1.4816e+00 | time: 0.129
I 05.31/21:26:57 solver.py:136 ] Epoch: [1/400][220/400] lr: 2.75e-06 | MSE loss: 1.4774e+00 | time: 0.130
I 05.31/21:27:00 solver.py:136 ] Epoch: [1/400][240/400] lr: 3.00e-06 | MSE loss: 1.4727e+00 | time: 0.131
I 05.31/21:27:04 solver.py:136 ] Epoch: [1/400][260/400] lr: 3.25e-06 | MSE loss: 1.4676e+00 | time: 0.137
I 05.31/21:27:07 solver.py:136 ] Epoch: [1/400][280/400] lr: 3.50e-06 | MSE loss: 1.4620e+00 | time: 0.136
I 05.31/21:27:09 solver.py:136 ] Epoch: [1/400][300/400] lr: 3.75e-06 | MSE loss: 1.4559e+00 | time: 0.136
I 05.31/21:27:12 solver.py:136 ] Epoch: [1/400][320/400] lr: 4.00e-06 | MSE loss: 1.4493e+00 | time: 0.136
I 05.31/21:27:15 solver.py:136 ] Epoch: [1/400][340/400] lr: 4.25e-06 | MSE loss: 1.4422e+00 | time: 0.136
I 05.31/21:27:18 solver.py:136 ] Epoch: [1/400][360/400] lr: 4.50e-06 | MSE loss: 1.4346e+00 | time: 0.137
I 05.31/21:27:22 solver.py:136 ] Epoch: [1/400][380/400] lr: 4.75e-06 | MSE loss: 1.4268e+00 | time: 0.139
I 05.31/21:27:24 solver.py:136 ] Epoch: [1/400][400/400] lr: 5.00e-06 | MSE loss: 1.4184e+00 | time: 0.139
I 05.31/21:27:24 solver.py:146 ] => Train  Loss: 1.4184e+00

I 05.31/21:27:31 solver.py:136 ] Epoch: [2/400][20/400] lr: 5.25e-06 | MSE loss: 1.2347e+00 | time: 0.129
I 05.31/21:27:33 solver.py:136 ] Epoch: [2/400][40/400] lr: 5.50e-06 | MSE loss: 1.2212e+00 | time: 0.132
I 05.31/21:27:36 solver.py:136 ] Epoch: [2/400][60/400] lr: 5.75e-06 | MSE loss: 1.2074e+00 | time: 0.128
I 05.31/21:27:39 solver.py:136 ] Epoch: [2/400][80/400] lr: 6.00e-06 | MSE loss: 1.1939e+00 | time: 0.130
I 05.31/21:27:41 solver.py:136 ] Epoch: [2/400][100/400] lr: 6.25e-06 | MSE loss: 1.1789e+00 | time: 0.128
I 05.31/21:27:44 solver.py:136 ] Epoch: [2/400][120/400] lr: 6.50e-06 | MSE loss: 1.1647e+00 | time: 0.131
I 05.31/21:27:47 solver.py:136 ] Epoch: [2/400][140/400] lr: 6.75e-06 | MSE loss: 1.1511e+00 | time: 0.131
I 05.31/21:27:49 solver.py:136 ] Epoch: [2/400][160/400] lr: 7.00e-06 | MSE loss: 1.1373e+00 | time: 0.129
I 05.31/21:27:51 solver.py:136 ] Epoch: [2/400][180/400] lr: 7.25e-06 | MSE loss: 1.1230e+00 | time: 0.129
I 05.31/21:27:54 solver.py:136 ] Epoch: [2/400][200/400] lr: 7.50e-06 | MSE loss: 1.1088e+00 | time: 0.130
I 05.31/21:27:57 solver.py:136 ] Epoch: [2/400][220/400] lr: 7.75e-06 | MSE loss: 1.0940e+00 | time: 0.131
I 05.31/21:27:59 solver.py:136 ] Epoch: [2/400][240/400] lr: 8.00e-06 | MSE loss: 1.0799e+00 | time: 0.131
I 05.31/21:28:04 solver.py:136 ] Epoch: [2/400][260/400] lr: 8.25e-06 | MSE loss: 1.0662e+00 | time: 0.136
I 05.31/21:28:07 solver.py:136 ] Epoch: [2/400][280/400] lr: 8.50e-06 | MSE loss: 1.0527e+00 | time: 0.137
I 05.31/21:28:10 solver.py:136 ] Epoch: [2/400][300/400] lr: 8.75e-06 | MSE loss: 1.0388e+00 | time: 0.138
I 05.31/21:28:13 solver.py:136 ] Epoch: [2/400][320/400] lr: 9.00e-06 | MSE loss: 1.0249e+00 | time: 0.139
I 05.31/21:28:15 solver.py:136 ] Epoch: [2/400][340/400] lr: 9.25e-06 | MSE loss: 1.0108e+00 | time: 0.139
I 05.31/21:28:18 solver.py:136 ] Epoch: [2/400][360/400] lr: 9.50e-06 | MSE loss: 9.9683e-01 | time: 0.140
I 05.31/21:28:21 solver.py:136 ] Epoch: [2/400][380/400] lr: 9.75e-06 | MSE loss: 9.8335e-01 | time: 0.139
I 05.31/21:28:24 solver.py:136 ] Epoch: [2/400][400/400] lr: 1.00e-05 | MSE loss: 9.6950e-01 | time: 0.139
I 05.31/21:28:24 solver.py:146 ] => Train  Loss: 9.6950e-01

I 05.31/21:28:32 solver.py:136 ] Epoch: [3/400][20/400] lr: 1.03e-05 | MSE loss: 6.8627e-01 | time: 0.148
I 05.31/21:28:34 solver.py:136 ] Epoch: [3/400][40/400] lr: 1.05e-05 | MSE loss: 6.6755e-01 | time: 0.132
I 05.31/21:28:37 solver.py:136 ] Epoch: [3/400][60/400] lr: 1.08e-05 | MSE loss: 6.4682e-01 | time: 0.132
I 05.31/21:28:39 solver.py:136 ] Epoch: [3/400][80/400] lr: 1.10e-05 | MSE loss: 6.2341e-01 | time: 0.131
I 05.31/21:28:42 solver.py:136 ] Epoch: [3/400][100/400] lr: 1.13e-05 | MSE loss: 5.9689e-01 | time: 0.127
I 05.31/21:28:45 solver.py:136 ] Epoch: [3/400][120/400] lr: 1.15e-05 | MSE loss: 5.6994e-01 | time: 0.129
I 05.31/21:28:47 solver.py:136 ] Epoch: [3/400][140/400] lr: 1.17e-05 | MSE loss: 5.4502e-01 | time: 0.133
I 05.31/21:28:51 solver.py:136 ] Epoch: [3/400][160/400] lr: 1.20e-05 | MSE loss: 5.2281e-01 | time: 0.134
I 05.31/21:28:54 solver.py:136 ] Epoch: [3/400][180/400] lr: 1.23e-05 | MSE loss: 5.0369e-01 | time: 0.136
I 05.31/21:28:57 solver.py:136 ] Epoch: [3/400][200/400] lr: 1.25e-05 | MSE loss: 4.8771e-01 | time: 0.138
I 05.31/21:29:00 solver.py:136 ] Epoch: [3/400][220/400] lr: 1.28e-05 | MSE loss: 4.7409e-01 | time: 0.140
I 05.31/21:29:05 solver.py:136 ] Epoch: [3/400][240/400] lr: 1.30e-05 | MSE loss: 4.6220e-01 | time: 0.149
I 05.31/21:29:08 solver.py:136 ] Epoch: [3/400][260/400] lr: 1.33e-05 | MSE loss: 4.5160e-01 | time: 0.151
I 05.31/21:29:11 solver.py:136 ] Epoch: [3/400][280/400] lr: 1.35e-05 | MSE loss: 4.4248e-01 | time: 0.151
I 05.31/21:29:14 solver.py:136 ] Epoch: [3/400][300/400] lr: 1.38e-05 | MSE loss: 4.3395e-01 | time: 0.149
I 05.31/21:29:17 solver.py:136 ] Epoch: [3/400][320/400] lr: 1.40e-05 | MSE loss: 4.2636e-01 | time: 0.150
I 05.31/21:29:19 solver.py:136 ] Epoch: [3/400][340/400] lr: 1.43e-05 | MSE loss: 4.1910e-01 | time: 0.148
I 05.31/21:29:22 solver.py:136 ] Epoch: [3/400][360/400] lr: 1.45e-05 | MSE loss: 4.1268e-01 | time: 0.148
I 05.31/21:29:25 solver.py:136 ] Epoch: [3/400][380/400] lr: 1.48e-05 | MSE loss: 4.0675e-01 | time: 0.148
I 05.31/21:29:28 solver.py:136 ] Epoch: [3/400][400/400] lr: 1.50e-05 | MSE loss: 4.0101e-01 | time: 0.148
I 05.31/21:29:28 solver.py:146 ] => Train  Loss: 4.0101e-01

I 05.31/21:29:34 solver.py:136 ] Epoch: [4/400][20/400] lr: 1.53e-05 | MSE loss: 2.8868e-01 | time: 0.141
I 05.31/21:29:37 solver.py:136 ] Epoch: [4/400][40/400] lr: 1.55e-05 | MSE loss: 2.8918e-01 | time: 0.132
I 05.31/21:29:40 solver.py:136 ] Epoch: [4/400][60/400] lr: 1.57e-05 | MSE loss: 2.8705e-01 | time: 0.135
I 05.31/21:29:43 solver.py:136 ] Epoch: [4/400][80/400] lr: 1.60e-05 | MSE loss: 2.8448e-01 | time: 0.142
I 05.31/21:29:46 solver.py:136 ] Epoch: [4/400][100/400] lr: 1.63e-05 | MSE loss: 2.8200e-01 | time: 0.144
I 05.31/21:29:49 solver.py:136 ] Epoch: [4/400][120/400] lr: 1.65e-05 | MSE loss: 2.8025e-01 | time: 0.148
I 05.31/21:29:52 solver.py:136 ] Epoch: [4/400][140/400] lr: 1.68e-05 | MSE loss: 2.7812e-01 | time: 0.146
I 05.31/21:29:54 solver.py:136 ] Epoch: [4/400][160/400] lr: 1.70e-05 | MSE loss: 2.7574e-01 | time: 0.144
I 05.31/21:29:57 solver.py:136 ] Epoch: [4/400][180/400] lr: 1.73e-05 | MSE loss: 2.7366e-01 | time: 0.146
I 05.31/21:30:00 solver.py:136 ] Epoch: [4/400][200/400] lr: 1.75e-05 | MSE loss: 2.7123e-01 | time: 0.145
I 05.31/21:30:05 solver.py:136 ] Epoch: [4/400][220/400] lr: 1.78e-05 | MSE loss: 2.6902e-01 | time: 0.153
I 05.31/21:30:08 solver.py:136 ] Epoch: [4/400][240/400] lr: 1.80e-05 | MSE loss: 2.6685e-01 | time: 0.152
I 05.31/21:30:11 solver.py:136 ] Epoch: [4/400][260/400] lr: 1.83e-05 | MSE loss: 2.6463e-01 | time: 0.151
I 05.31/21:30:14 solver.py:136 ] Epoch: [4/400][280/400] lr: 1.85e-05 | MSE loss: 2.6252e-01 | time: 0.151
I 05.31/21:30:17 solver.py:136 ] Epoch: [4/400][300/400] lr: 1.87e-05 | MSE loss: 2.6075e-01 | time: 0.153
I 05.31/21:30:21 solver.py:136 ] Epoch: [4/400][320/400] lr: 1.90e-05 | MSE loss: 2.5909e-01 | time: 0.155
I 05.31/21:30:24 solver.py:136 ] Epoch: [4/400][340/400] lr: 1.93e-05 | MSE loss: 2.5717e-01 | time: 0.155
I 05.31/21:30:27 solver.py:136 ] Epoch: [4/400][360/400] lr: 1.95e-05 | MSE loss: 2.5533e-01 | time: 0.155
I 05.31/21:30:30 solver.py:136 ] Epoch: [4/400][380/400] lr: 1.97e-05 | MSE loss: 2.5379e-01 | time: 0.155
I 05.31/21:30:33 solver.py:136 ] Epoch: [4/400][400/400] lr: 2.00e-05 | MSE loss: 2.5210e-01 | time: 0.154
I 05.31/21:30:33 solver.py:146 ] => Train  Loss: 2.5210e-01

I 05.31/21:30:39 solver.py:136 ] Epoch: [5/400][20/400] lr: 2.03e-05 | MSE loss: 2.1739e-01 | time: 0.132
I 05.31/21:30:42 solver.py:136 ] Epoch: [5/400][40/400] lr: 2.05e-05 | MSE loss: 2.1479e-01 | time: 0.150
I 05.31/21:30:45 solver.py:136 ] Epoch: [5/400][60/400] lr: 2.07e-05 | MSE loss: 2.1387e-01 | time: 0.140
I 05.31/21:30:48 solver.py:136 ] Epoch: [5/400][80/400] lr: 2.10e-05 | MSE loss: 2.1391e-01 | time: 0.141
I 05.31/21:30:50 solver.py:136 ] Epoch: [5/400][100/400] lr: 2.13e-05 | MSE loss: 2.1201e-01 | time: 0.137
I 05.31/21:30:53 solver.py:136 ] Epoch: [5/400][120/400] lr: 2.15e-05 | MSE loss: 2.1065e-01 | time: 0.138
I 05.31/21:30:56 solver.py:136 ] Epoch: [5/400][140/400] lr: 2.18e-05 | MSE loss: 2.0917e-01 | time: 0.140
I 05.31/21:31:00 solver.py:136 ] Epoch: [5/400][160/400] lr: 2.20e-05 | MSE loss: 2.0839e-01 | time: 0.144
I 05.31/21:31:05 solver.py:136 ] Epoch: [5/400][180/400] lr: 2.23e-05 | MSE loss: 2.0699e-01 | time: 0.158
I 05.31/21:31:08 solver.py:136 ] Epoch: [5/400][200/400] lr: 2.25e-05 | MSE loss: 2.0570e-01 | time: 0.159
I 05.31/21:31:11 solver.py:136 ] Epoch: [5/400][220/400] lr: 2.28e-05 | MSE loss: 2.0479e-01 | time: 0.159
I 05.31/21:31:14 solver.py:136 ] Epoch: [5/400][240/400] lr: 2.30e-05 | MSE loss: 2.0357e-01 | time: 0.157
I 05.31/21:31:17 solver.py:136 ] Epoch: [5/400][260/400] lr: 2.32e-05 | MSE loss: 2.0255e-01 | time: 0.157
I 05.31/21:31:19 solver.py:136 ] Epoch: [5/400][280/400] lr: 2.35e-05 | MSE loss: 2.0131e-01 | time: 0.153
I 05.31/21:31:22 solver.py:136 ] Epoch: [5/400][300/400] lr: 2.38e-05 | MSE loss: 2.0017e-01 | time: 0.151
I 05.31/21:31:25 solver.py:136 ] Epoch: [5/400][320/400] lr: 2.40e-05 | MSE loss: 1.9922e-01 | time: 0.151
I 05.31/21:31:27 solver.py:136 ] Epoch: [5/400][340/400] lr: 2.42e-05 | MSE loss: 1.9813e-01 | time: 0.150
I 05.31/21:31:30 solver.py:136 ] Epoch: [5/400][360/400] lr: 2.45e-05 | MSE loss: 1.9688e-01 | time: 0.150
I 05.31/21:31:33 solver.py:136 ] Epoch: [5/400][380/400] lr: 2.48e-05 | MSE loss: 1.9603e-01 | time: 0.150
I 05.31/21:31:36 solver.py:136 ] Epoch: [5/400][400/400] lr: 2.50e-05 | MSE loss: 1.9480e-01 | time: 0.150
I 05.31/21:31:36 solver.py:146 ] => Train  Loss: 1.9480e-01

I 05.31/21:31:45 solver.py:136 ] Epoch: [6/400][20/400] lr: 2.53e-05 | MSE loss: 1.7763e-01 | time: 0.157
I 05.31/21:31:48 solver.py:136 ] Epoch: [6/400][40/400] lr: 2.55e-05 | MSE loss: 1.7561e-01 | time: 0.155
I 05.31/21:31:51 solver.py:136 ] Epoch: [6/400][60/400] lr: 2.58e-05 | MSE loss: 1.7254e-01 | time: 0.154
I 05.31/21:31:54 solver.py:136 ] Epoch: [6/400][80/400] lr: 2.60e-05 | MSE loss: 1.7159e-01 | time: 0.151
I 05.31/21:31:57 solver.py:136 ] Epoch: [6/400][100/400] lr: 2.63e-05 | MSE loss: 1.7017e-01 | time: 0.151
I 05.31/21:31:59 solver.py:136 ] Epoch: [6/400][120/400] lr: 2.65e-05 | MSE loss: 1.6896e-01 | time: 0.147
I 05.31/21:32:04 solver.py:136 ] Epoch: [6/400][140/400] lr: 2.68e-05 | MSE loss: 1.6888e-01 | time: 0.158
I 05.31/21:32:07 solver.py:136 ] Epoch: [6/400][160/400] lr: 2.70e-05 | MSE loss: 1.6718e-01 | time: 0.157
I 05.31/21:32:09 solver.py:136 ] Epoch: [6/400][180/400] lr: 2.72e-05 | MSE loss: 1.6654e-01 | time: 0.153
I 05.31/21:32:12 solver.py:136 ] Epoch: [6/400][200/400] lr: 2.75e-05 | MSE loss: 1.6599e-01 | time: 0.151
I 05.31/21:32:15 solver.py:136 ] Epoch: [6/400][220/400] lr: 2.78e-05 | MSE loss: 1.6528e-01 | time: 0.150
I 05.31/21:32:17 solver.py:136 ] Epoch: [6/400][240/400] lr: 2.80e-05 | MSE loss: 1.6481e-01 | time: 0.149
I 05.31/21:32:20 solver.py:136 ] Epoch: [6/400][260/400] lr: 2.83e-05 | MSE loss: 1.6388e-01 | time: 0.149
I 05.31/21:32:24 solver.py:136 ] Epoch: [6/400][280/400] lr: 2.85e-05 | MSE loss: 1.6318e-01 | time: 0.150
I 05.31/21:32:27 solver.py:136 ] Epoch: [6/400][300/400] lr: 2.88e-05 | MSE loss: 1.6254e-01 | time: 0.150
I 05.31/21:32:30 solver.py:136 ] Epoch: [6/400][320/400] lr: 2.90e-05 | MSE loss: 1.6205e-01 | time: 0.150
I 05.31/21:32:33 solver.py:136 ] Epoch: [6/400][340/400] lr: 2.93e-05 | MSE loss: 1.6170e-01 | time: 0.150
I 05.31/21:32:36 solver.py:136 ] Epoch: [6/400][360/400] lr: 2.95e-05 | MSE loss: 1.6092e-01 | time: 0.150
I 05.31/21:32:38 solver.py:136 ] Epoch: [6/400][380/400] lr: 2.98e-05 | MSE loss: 1.6005e-01 | time: 0.149
I 05.31/21:32:42 solver.py:136 ] Epoch: [6/400][400/400] lr: 3.00e-05 | MSE loss: 1.5959e-01 | time: 0.150
I 05.31/21:32:42 solver.py:146 ] => Train  Loss: 1.5959e-01

I 05.31/21:32:49 solver.py:136 ] Epoch: [7/400][20/400] lr: 3.03e-05 | MSE loss: 1.4701e-01 | time: 0.144
I 05.31/21:32:52 solver.py:136 ] Epoch: [7/400][40/400] lr: 3.05e-05 | MSE loss: 1.4357e-01 | time: 0.136
I 05.31/21:32:55 solver.py:136 ] Epoch: [7/400][60/400] lr: 3.08e-05 | MSE loss: 1.4167e-01 | time: 0.141
I 05.31/21:32:57 solver.py:136 ] Epoch: [7/400][80/400] lr: 3.10e-05 | MSE loss: 1.4144e-01 | time: 0.136
I 05.31/21:33:00 solver.py:136 ] Epoch: [7/400][100/400] lr: 3.13e-05 | MSE loss: 1.4071e-01 | time: 0.137
I 05.31/21:33:05 solver.py:136 ] Epoch: [7/400][120/400] lr: 3.15e-05 | MSE loss: 1.4084e-01 | time: 0.157
I 05.31/21:33:08 solver.py:136 ] Epoch: [7/400][140/400] lr: 3.17e-05 | MSE loss: 1.4062e-01 | time: 0.154
I 05.31/21:33:11 solver.py:136 ] Epoch: [7/400][160/400] lr: 3.20e-05 | MSE loss: 1.4037e-01 | time: 0.154
I 05.31/21:33:14 solver.py:136 ] Epoch: [7/400][180/400] lr: 3.22e-05 | MSE loss: 1.3964e-01 | time: 0.154
I 05.31/21:33:17 solver.py:136 ] Epoch: [7/400][200/400] lr: 3.25e-05 | MSE loss: 1.3922e-01 | time: 0.155
I 05.31/21:33:20 solver.py:136 ] Epoch: [7/400][220/400] lr: 3.28e-05 | MSE loss: 1.3875e-01 | time: 0.154
I 05.31/21:33:23 solver.py:136 ] Epoch: [7/400][240/400] lr: 3.30e-05 | MSE loss: 1.3828e-01 | time: 0.153
I 05.31/21:33:26 solver.py:136 ] Epoch: [7/400][260/400] lr: 3.33e-05 | MSE loss: 1.3767e-01 | time: 0.153
I 05.31/21:33:29 solver.py:136 ] Epoch: [7/400][280/400] lr: 3.35e-05 | MSE loss: 1.3712e-01 | time: 0.153
I 05.31/21:33:32 solver.py:136 ] Epoch: [7/400][300/400] lr: 3.38e-05 | MSE loss: 1.3658e-01 | time: 0.153
I 05.31/21:33:35 solver.py:136 ] Epoch: [7/400][320/400] lr: 3.40e-05 | MSE loss: 1.3600e-01 | time: 0.152
I 05.31/21:33:38 solver.py:136 ] Epoch: [7/400][340/400] lr: 3.43e-05 | MSE loss: 1.3558e-01 | time: 0.152
I 05.31/21:33:41 solver.py:136 ] Epoch: [7/400][360/400] lr: 3.45e-05 | MSE loss: 1.3500e-01 | time: 0.151
I 05.31/21:33:44 solver.py:136 ] Epoch: [7/400][380/400] lr: 3.48e-05 | MSE loss: 1.3445e-01 | time: 0.152
I 05.31/21:33:47 solver.py:136 ] Epoch: [7/400][400/400] lr: 3.50e-05 | MSE loss: 1.3385e-01 | time: 0.153
I 05.31/21:33:47 solver.py:146 ] => Train  Loss: 1.3385e-01

I 05.31/21:33:53 solver.py:136 ] Epoch: [8/400][20/400] lr: 3.53e-05 | MSE loss: 1.2017e-01 | time: 0.117
I 05.31/21:33:55 solver.py:136 ] Epoch: [8/400][40/400] lr: 3.55e-05 | MSE loss: 1.2131e-01 | time: 0.108
I 05.31/21:33:57 solver.py:136 ] Epoch: [8/400][60/400] lr: 3.58e-05 | MSE loss: 1.2067e-01 | time: 0.101
I 05.31/21:33:59 solver.py:136 ] Epoch: [8/400][80/400] lr: 3.60e-05 | MSE loss: 1.1923e-01 | time: 0.108
I 05.31/21:34:04 solver.py:136 ] Epoch: [8/400][100/400] lr: 3.63e-05 | MSE loss: 1.1779e-01 | time: 0.133
I 05.31/21:34:07 solver.py:136 ] Epoch: [8/400][120/400] lr: 3.65e-05 | MSE loss: 1.1673e-01 | time: 0.136
I 05.31/21:34:10 solver.py:136 ] Epoch: [8/400][140/400] lr: 3.68e-05 | MSE loss: 1.1547e-01 | time: 0.137
I 05.31/21:34:13 solver.py:136 ] Epoch: [8/400][160/400] lr: 3.70e-05 | MSE loss: 1.1484e-01 | time: 0.142
I 05.31/21:34:17 solver.py:136 ] Epoch: [8/400][180/400] lr: 3.72e-05 | MSE loss: 1.1411e-01 | time: 0.146
I 05.31/21:34:20 solver.py:136 ] Epoch: [8/400][200/400] lr: 3.75e-05 | MSE loss: 1.1345e-01 | time: 0.147
I 05.31/21:34:23 solver.py:136 ] Epoch: [8/400][220/400] lr: 3.77e-05 | MSE loss: 1.1271e-01 | time: 0.149
I 05.31/21:34:27 solver.py:136 ] Epoch: [8/400][240/400] lr: 3.80e-05 | MSE loss: 1.1178e-01 | time: 0.151
I 05.31/21:34:30 solver.py:136 ] Epoch: [8/400][260/400] lr: 3.83e-05 | MSE loss: 1.1128e-01 | time: 0.150
I 05.31/21:34:33 solver.py:136 ] Epoch: [8/400][280/400] lr: 3.85e-05 | MSE loss: 1.1069e-01 | time: 0.150
I 05.31/21:34:36 solver.py:136 ] Epoch: [8/400][300/400] lr: 3.87e-05 | MSE loss: 1.0965e-01 | time: 0.150
I 05.31/21:34:39 solver.py:136 ] Epoch: [8/400][320/400] lr: 3.90e-05 | MSE loss: 1.0885e-01 | time: 0.150
I 05.31/21:34:41 solver.py:136 ] Epoch: [8/400][340/400] lr: 3.92e-05 | MSE loss: 1.0839e-01 | time: 0.149
I 05.31/21:34:44 solver.py:136 ] Epoch: [8/400][360/400] lr: 3.95e-05 | MSE loss: 1.0743e-01 | time: 0.149
I 05.31/21:34:47 solver.py:136 ] Epoch: [8/400][380/400] lr: 3.98e-05 | MSE loss: 1.0649e-01 | time: 0.150
I 05.31/21:34:51 solver.py:136 ] Epoch: [8/400][400/400] lr: 4.00e-05 | MSE loss: 1.0573e-01 | time: 0.150
I 05.31/21:34:51 solver.py:146 ] => Train  Loss: 1.0573e-01

I 05.31/21:34:58 solver.py:136 ] Epoch: [9/400][20/400] lr: 4.03e-05 | MSE loss: 8.6973e-02 | time: 0.149
I 05.31/21:35:01 solver.py:136 ] Epoch: [9/400][40/400] lr: 4.05e-05 | MSE loss: 8.7040e-02 | time: 0.164
I 05.31/21:35:06 solver.py:136 ] Epoch: [9/400][60/400] lr: 4.08e-05 | MSE loss: 8.6555e-02 | time: 0.190
I 05.31/21:35:09 solver.py:136 ] Epoch: [9/400][80/400] lr: 4.10e-05 | MSE loss: 8.6905e-02 | time: 0.183
I 05.31/21:35:12 solver.py:136 ] Epoch: [9/400][100/400] lr: 4.12e-05 | MSE loss: 8.6134e-02 | time: 0.173
I 05.31/21:35:15 solver.py:136 ] Epoch: [9/400][120/400] lr: 4.15e-05 | MSE loss: 8.5219e-02 | time: 0.168
I 05.31/21:35:18 solver.py:136 ] Epoch: [9/400][140/400] lr: 4.18e-05 | MSE loss: 8.4350e-02 | time: 0.164
I 05.31/21:35:21 solver.py:136 ] Epoch: [9/400][160/400] lr: 4.20e-05 | MSE loss: 8.3664e-02 | time: 0.163
I 05.31/21:35:24 solver.py:136 ] Epoch: [9/400][180/400] lr: 4.23e-05 | MSE loss: 8.2704e-02 | time: 0.161
I 05.31/21:35:27 solver.py:136 ] Epoch: [9/400][200/400] lr: 4.25e-05 | MSE loss: 8.2235e-02 | time: 0.161
I 05.31/21:35:29 solver.py:136 ] Epoch: [9/400][220/400] lr: 4.28e-05 | MSE loss: 8.1332e-02 | time: 0.158
I 05.31/21:35:32 solver.py:136 ] Epoch: [9/400][240/400] lr: 4.30e-05 | MSE loss: 8.0749e-02 | time: 0.157
I 05.31/21:35:35 solver.py:136 ] Epoch: [9/400][260/400] lr: 4.33e-05 | MSE loss: 8.0211e-02 | time: 0.154
I 05.31/21:35:37 solver.py:136 ] Epoch: [9/400][280/400] lr: 4.35e-05 | MSE loss: 7.9328e-02 | time: 0.152
I 05.31/21:35:39 solver.py:136 ] Epoch: [9/400][300/400] lr: 4.38e-05 | MSE loss: 7.8683e-02 | time: 0.149
I 05.31/21:35:42 solver.py:136 ] Epoch: [9/400][320/400] lr: 4.40e-05 | MSE loss: 7.8225e-02 | time: 0.148
I 05.31/21:35:45 solver.py:136 ] Epoch: [9/400][340/400] lr: 4.43e-05 | MSE loss: 7.7657e-02 | time: 0.149
I 05.31/21:35:48 solver.py:136 ] Epoch: [9/400][360/400] lr: 4.45e-05 | MSE loss: 7.7218e-02 | time: 0.148
I 05.31/21:35:51 solver.py:136 ] Epoch: [9/400][380/400] lr: 4.48e-05 | MSE loss: 7.6719e-02 | time: 0.147
I 05.31/21:35:54 solver.py:136 ] Epoch: [9/400][400/400] lr: 4.50e-05 | MSE loss: 7.6178e-02 | time: 0.147
I 05.31/21:35:54 solver.py:146 ] => Train  Loss: 7.6178e-02

I 05.31/21:35:59 solver.py:136 ] Epoch: [10/400][20/400] lr: 4.53e-05 | MSE loss: 6.1764e-02 | time: 0.112
I 05.31/21:36:04 solver.py:136 ] Epoch: [10/400][40/400] lr: 4.55e-05 | MSE loss: 6.1959e-02 | time: 0.163
I 05.31/21:36:07 solver.py:136 ] Epoch: [10/400][60/400] lr: 4.58e-05 | MSE loss: 6.2023e-02 | time: 0.160
I 05.31/21:36:10 solver.py:136 ] Epoch: [10/400][80/400] lr: 4.60e-05 | MSE loss: 6.0772e-02 | time: 0.158
I 05.31/21:36:13 solver.py:136 ] Epoch: [10/400][100/400] lr: 4.62e-05 | MSE loss: 6.0413e-02 | time: 0.157
I 05.31/21:36:16 solver.py:136 ] Epoch: [10/400][120/400] lr: 4.65e-05 | MSE loss: 6.0085e-02 | time: 0.158
I 05.31/21:36:19 solver.py:136 ] Epoch: [10/400][140/400] lr: 4.67e-05 | MSE loss: 5.9341e-02 | time: 0.156
I 05.31/21:36:22 solver.py:136 ] Epoch: [10/400][160/400] lr: 4.70e-05 | MSE loss: 5.8903e-02 | time: 0.151
I 05.31/21:36:25 solver.py:136 ] Epoch: [10/400][180/400] lr: 4.73e-05 | MSE loss: 5.8293e-02 | time: 0.153
I 05.31/21:36:28 solver.py:136 ] Epoch: [10/400][200/400] lr: 4.75e-05 | MSE loss: 5.7665e-02 | time: 0.155
I 05.31/21:36:31 solver.py:136 ] Epoch: [10/400][220/400] lr: 4.78e-05 | MSE loss: 5.7572e-02 | time: 0.154
I 05.31/21:36:34 solver.py:136 ] Epoch: [10/400][240/400] lr: 4.80e-05 | MSE loss: 5.6982e-02 | time: 0.155
I 05.31/21:36:37 solver.py:136 ] Epoch: [10/400][260/400] lr: 4.83e-05 | MSE loss: 5.6403e-02 | time: 0.153
I 05.31/21:36:40 solver.py:136 ] Epoch: [10/400][280/400] lr: 4.85e-05 | MSE loss: 5.5844e-02 | time: 0.152
I 05.31/21:36:43 solver.py:136 ] Epoch: [10/400][300/400] lr: 4.87e-05 | MSE loss: 5.5348e-02 | time: 0.151
I 05.31/21:36:46 solver.py:136 ] Epoch: [10/400][320/400] lr: 4.90e-05 | MSE loss: 5.4871e-02 | time: 0.151
I 05.31/21:36:49 solver.py:136 ] Epoch: [10/400][340/400] lr: 4.93e-05 | MSE loss: 5.4372e-02 | time: 0.152
I 05.31/21:36:52 solver.py:136 ] Epoch: [10/400][360/400] lr: 4.95e-05 | MSE loss: 5.3950e-02 | time: 0.152
I 05.31/21:36:55 solver.py:136 ] Epoch: [10/400][380/400] lr: 4.98e-05 | MSE loss: 5.3417e-02 | time: 0.152
I 05.31/21:36:59 solver.py:136 ] Epoch: [10/400][400/400] lr: 5.00e-05 | MSE loss: 5.2949e-02 | time: 0.153
I 05.31/21:36:59 solver.py:146 ] => Train  Loss: 5.2949e-02

I 05.31/21:37:03 solver.py:136 ] Epoch: [10/400][20/50] lr: 5.00e-05 | MSE loss: 4.5858e-02 | time: 0.203
I 05.31/21:37:07 solver.py:136 ] Epoch: [10/400][40/50] lr: 5.00e-05 | MSE loss: 4.5788e-02 | time: 0.191
I 05.31/21:37:08 solver.py:146 ] => Val  Loss: 4.5432e-02

I 05.31/21:37:10 solver.py:287 ] [20/50] loss: 4.5518e-02 | NMSE: -1.0432e+01 | time: 0.129
I 05.31/21:37:13 solver.py:287 ] [40/50] loss: 4.5118e-02 | NMSE: -1.0470e+01 | time: 0.138
I 05.31/21:37:15 solver.py:291 ] => Test NMSE: -1.0479e+01

I 05.31/21:37:22 solver.py:205 ] 
=! Best NMSE: -1.0479e+01 (epoch=10)

I 05.31/21:37:25 solver.py:136 ] Epoch: [11/400][20/400] lr: 5.03e-05 | MSE loss: 4.4265e-02 | time: 0.180
I 05.31/21:37:28 solver.py:136 ] Epoch: [11/400][40/400] lr: 5.05e-05 | MSE loss: 4.3946e-02 | time: 0.168
I 05.31/21:37:32 solver.py:136 ] Epoch: [11/400][60/400] lr: 5.08e-05 | MSE loss: 4.2425e-02 | time: 0.167
I 05.31/21:37:35 solver.py:136 ] Epoch: [11/400][80/400] lr: 5.10e-05 | MSE loss: 4.1963e-02 | time: 0.166
I 05.31/21:37:38 solver.py:136 ] Epoch: [11/400][100/400] lr: 5.13e-05 | MSE loss: 4.1760e-02 | time: 0.164
I 05.31/21:37:41 solver.py:136 ] Epoch: [11/400][120/400] lr: 5.15e-05 | MSE loss: 4.1370e-02 | time: 0.161
I 05.31/21:37:44 solver.py:136 ] Epoch: [11/400][140/400] lr: 5.18e-05 | MSE loss: 4.1116e-02 | time: 0.161
I 05.31/21:37:47 solver.py:136 ] Epoch: [11/400][160/400] lr: 5.20e-05 | MSE loss: 4.0590e-02 | time: 0.159
I 05.31/21:37:51 solver.py:136 ] Epoch: [11/400][180/400] lr: 5.23e-05 | MSE loss: 4.0447e-02 | time: 0.160
I 05.31/21:37:54 solver.py:136 ] Epoch: [11/400][200/400] lr: 5.25e-05 | MSE loss: 4.0213e-02 | time: 0.160
I 05.31/21:37:57 solver.py:136 ] Epoch: [11/400][220/400] lr: 5.28e-05 | MSE loss: 4.0019e-02 | time: 0.160
I 05.31/21:38:00 solver.py:136 ] Epoch: [11/400][240/400] lr: 5.30e-05 | MSE loss: 3.9713e-02 | time: 0.160
I 05.31/21:38:04 solver.py:136 ] Epoch: [11/400][260/400] lr: 5.33e-05 | MSE loss: 3.9384e-02 | time: 0.164
I 05.31/21:38:07 solver.py:136 ] Epoch: [11/400][280/400] lr: 5.35e-05 | MSE loss: 3.9131e-02 | time: 0.162
I 05.31/21:38:10 solver.py:136 ] Epoch: [11/400][300/400] lr: 5.37e-05 | MSE loss: 3.8904e-02 | time: 0.161
I 05.31/21:38:13 solver.py:136 ] Epoch: [11/400][320/400] lr: 5.40e-05 | MSE loss: 3.8629e-02 | time: 0.161
I 05.31/21:38:16 solver.py:136 ] Epoch: [11/400][340/400] lr: 5.42e-05 | MSE loss: 3.8507e-02 | time: 0.160
I 05.31/21:38:19 solver.py:136 ] Epoch: [11/400][360/400] lr: 5.45e-05 | MSE loss: 3.8310e-02 | time: 0.159
I 05.31/21:38:22 solver.py:136 ] Epoch: [11/400][380/400] lr: 5.48e-05 | MSE loss: 3.8006e-02 | time: 0.158
I 05.31/21:38:25 solver.py:136 ] Epoch: [11/400][400/400] lr: 5.50e-05 | MSE loss: 3.7770e-02 | time: 0.157
I 05.31/21:38:25 solver.py:146 ] => Train  Loss: 3.7770e-02

I 05.31/21:38:30 solver.py:205 ] 
=! Best NMSE: -1.0479e+01 (epoch=10)

I 05.31/21:38:33 solver.py:136 ] Epoch: [12/400][20/400] lr: 5.53e-05 | MSE loss: 3.2767e-02 | time: 0.157
I 05.31/21:38:36 solver.py:136 ] Epoch: [12/400][40/400] lr: 5.55e-05 | MSE loss: 3.2331e-02 | time: 0.152
I 05.31/21:38:39 solver.py:136 ] Epoch: [12/400][60/400] lr: 5.57e-05 | MSE loss: 3.2322e-02 | time: 0.152
I 05.31/21:38:42 solver.py:136 ] Epoch: [12/400][80/400] lr: 5.60e-05 | MSE loss: 3.1649e-02 | time: 0.153
I 05.31/21:38:45 solver.py:136 ] Epoch: [12/400][100/400] lr: 5.62e-05 | MSE loss: 3.1745e-02 | time: 0.154
I 05.31/21:38:48 solver.py:136 ] Epoch: [12/400][120/400] lr: 5.65e-05 | MSE loss: 3.1572e-02 | time: 0.154
I 05.31/21:38:51 solver.py:136 ] Epoch: [12/400][140/400] lr: 5.68e-05 | MSE loss: 3.1288e-02 | time: 0.152
I 05.31/21:38:54 solver.py:136 ] Epoch: [12/400][160/400] lr: 5.70e-05 | MSE loss: 3.1263e-02 | time: 0.153
I 05.31/21:38:57 solver.py:136 ] Epoch: [12/400][180/400] lr: 5.73e-05 | MSE loss: 3.1199e-02 | time: 0.150
I 05.31/21:39:00 solver.py:136 ] Epoch: [12/400][200/400] lr: 5.75e-05 | MSE loss: 3.1022e-02 | time: 0.150
I 05.31/21:39:04 solver.py:136 ] Epoch: [12/400][220/400] lr: 5.78e-05 | MSE loss: 3.0875e-02 | time: 0.157
I 05.31/21:39:08 solver.py:136 ] Epoch: [12/400][240/400] lr: 5.80e-05 | MSE loss: 3.0751e-02 | time: 0.157
I 05.31/21:39:11 solver.py:136 ] Epoch: [12/400][260/400] lr: 5.83e-05 | MSE loss: 3.0603e-02 | time: 0.157
I 05.31/21:39:14 solver.py:136 ] Epoch: [12/400][280/400] lr: 5.85e-05 | MSE loss: 3.0529e-02 | time: 0.157
I 05.31/21:39:17 solver.py:136 ] Epoch: [12/400][300/400] lr: 5.88e-05 | MSE loss: 3.0337e-02 | time: 0.158
I 05.31/21:39:20 solver.py:136 ] Epoch: [12/400][320/400] lr: 5.90e-05 | MSE loss: 3.0134e-02 | time: 0.158
I 05.31/21:39:24 solver.py:136 ] Epoch: [12/400][340/400] lr: 5.93e-05 | MSE loss: 3.0037e-02 | time: 0.158
I 05.31/21:39:27 solver.py:136 ] Epoch: [12/400][360/400] lr: 5.95e-05 | MSE loss: 2.9868e-02 | time: 0.158
I 05.31/21:39:30 solver.py:136 ] Epoch: [12/400][380/400] lr: 5.98e-05 | MSE loss: 2.9700e-02 | time: 0.158
I 05.31/21:39:33 solver.py:136 ] Epoch: [12/400][400/400] lr: 6.00e-05 | MSE loss: 2.9556e-02 | time: 0.157
I 05.31/21:39:33 solver.py:146 ] => Train  Loss: 2.9556e-02

I 05.31/21:39:39 solver.py:205 ] 
=! Best NMSE: -1.0479e+01 (epoch=10)

I 05.31/21:39:43 solver.py:136 ] Epoch: [13/400][20/400] lr: 6.03e-05 | MSE loss: 2.6049e-02 | time: 0.150
I 05.31/21:39:46 solver.py:136 ] Epoch: [13/400][40/400] lr: 6.05e-05 | MSE loss: 2.6316e-02 | time: 0.153
I 05.31/21:39:49 solver.py:136 ] Epoch: [13/400][60/400] lr: 6.08e-05 | MSE loss: 2.6262e-02 | time: 0.154
I 05.31/21:39:52 solver.py:136 ] Epoch: [13/400][80/400] lr: 6.10e-05 | MSE loss: 2.5925e-02 | time: 0.157
I 05.31/21:39:55 solver.py:136 ] Epoch: [13/400][100/400] lr: 6.13e-05 | MSE loss: 2.5785e-02 | time: 0.157
I 05.31/21:39:58 solver.py:136 ] Epoch: [13/400][120/400] lr: 6.15e-05 | MSE loss: 2.5825e-02 | time: 0.156
I 05.31/21:40:02 solver.py:136 ] Epoch: [13/400][140/400] lr: 6.18e-05 | MSE loss: 2.5592e-02 | time: 0.162
I 05.31/21:40:06 solver.py:136 ] Epoch: [13/400][160/400] lr: 6.20e-05 | MSE loss: 2.5639e-02 | time: 0.165
I 05.31/21:40:09 solver.py:136 ] Epoch: [13/400][180/400] lr: 6.22e-05 | MSE loss: 2.5734e-02 | time: 0.164
I 05.31/21:40:12 solver.py:136 ] Epoch: [13/400][200/400] lr: 6.25e-05 | MSE loss: 2.5614e-02 | time: 0.164
I 05.31/21:40:16 solver.py:136 ] Epoch: [13/400][220/400] lr: 6.27e-05 | MSE loss: 2.5497e-02 | time: 0.164
I 05.31/21:40:19 solver.py:136 ] Epoch: [13/400][240/400] lr: 6.30e-05 | MSE loss: 2.5355e-02 | time: 0.165
I 05.31/21:40:22 solver.py:136 ] Epoch: [13/400][260/400] lr: 6.33e-05 | MSE loss: 2.5269e-02 | time: 0.164
I 05.31/21:40:26 solver.py:136 ] Epoch: [13/400][280/400] lr: 6.35e-05 | MSE loss: 2.5188e-02 | time: 0.164
I 05.31/21:40:29 solver.py:136 ] Epoch: [13/400][300/400] lr: 6.38e-05 | MSE loss: 2.5056e-02 | time: 0.164
I 05.31/21:40:32 solver.py:136 ] Epoch: [13/400][320/400] lr: 6.40e-05 | MSE loss: 2.4877e-02 | time: 0.163
I 05.31/21:40:35 solver.py:136 ] Epoch: [13/400][340/400] lr: 6.43e-05 | MSE loss: 2.4785e-02 | time: 0.163
I 05.31/21:40:38 solver.py:136 ] Epoch: [13/400][360/400] lr: 6.45e-05 | MSE loss: 2.4663e-02 | time: 0.163
I 05.31/21:40:41 solver.py:136 ] Epoch: [13/400][380/400] lr: 6.48e-05 | MSE loss: 2.4608e-02 | time: 0.163
I 05.31/21:40:45 solver.py:136 ] Epoch: [13/400][400/400] lr: 6.50e-05 | MSE loss: 2.4565e-02 | time: 0.163
I 05.31/21:40:45 solver.py:146 ] => Train  Loss: 2.4565e-02

I 05.31/21:40:50 solver.py:205 ] 
=! Best NMSE: -1.0479e+01 (epoch=10)

I 05.31/21:40:53 solver.py:136 ] Epoch: [14/400][20/400] lr: 6.53e-05 | MSE loss: 2.2433e-02 | time: 0.156
I 05.31/21:40:56 solver.py:136 ] Epoch: [14/400][40/400] lr: 6.55e-05 | MSE loss: 2.2158e-02 | time: 0.159
I 05.31/21:40:59 solver.py:136 ] Epoch: [14/400][60/400] lr: 6.57e-05 | MSE loss: 2.1953e-02 | time: 0.150
I 05.31/21:41:03 solver.py:136 ] Epoch: [14/400][80/400] lr: 6.60e-05 | MSE loss: 2.2090e-02 | time: 0.165
I 05.31/21:41:07 solver.py:136 ] Epoch: [14/400][100/400] lr: 6.62e-05 | MSE loss: 2.1921e-02 | time: 0.170
I 05.31/21:41:10 solver.py:136 ] Epoch: [14/400][120/400] lr: 6.65e-05 | MSE loss: 2.1926e-02 | time: 0.166
I 05.31/21:41:13 solver.py:136 ] Epoch: [14/400][140/400] lr: 6.68e-05 | MSE loss: 2.1759e-02 | time: 0.164
I 05.31/21:41:16 solver.py:136 ] Epoch: [14/400][160/400] lr: 6.70e-05 | MSE loss: 2.1737e-02 | time: 0.164
I 05.31/21:41:19 solver.py:136 ] Epoch: [14/400][180/400] lr: 6.73e-05 | MSE loss: 2.1763e-02 | time: 0.163
I 05.31/21:41:22 solver.py:136 ] Epoch: [14/400][200/400] lr: 6.75e-05 | MSE loss: 2.1799e-02 | time: 0.161
I 05.31/21:41:25 solver.py:136 ] Epoch: [14/400][220/400] lr: 6.78e-05 | MSE loss: 2.1749e-02 | time: 0.160
I 05.31/21:41:29 solver.py:136 ] Epoch: [14/400][240/400] lr: 6.80e-05 | MSE loss: 2.1620e-02 | time: 0.162
I 05.31/21:41:32 solver.py:136 ] Epoch: [14/400][260/400] lr: 6.83e-05 | MSE loss: 2.1563e-02 | time: 0.162
I 05.31/21:41:35 solver.py:136 ] Epoch: [14/400][280/400] lr: 6.85e-05 | MSE loss: 2.1461e-02 | time: 0.161
I 05.31/21:41:38 solver.py:136 ] Epoch: [14/400][300/400] lr: 6.88e-05 | MSE loss: 2.1447e-02 | time: 0.160
I 05.31/21:41:41 solver.py:136 ] Epoch: [14/400][320/400] lr: 6.90e-05 | MSE loss: 2.1361e-02 | time: 0.159
I 05.31/21:41:44 solver.py:136 ] Epoch: [14/400][340/400] lr: 6.93e-05 | MSE loss: 2.1324e-02 | time: 0.160
I 05.31/21:41:47 solver.py:136 ] Epoch: [14/400][360/400] lr: 6.95e-05 | MSE loss: 2.1293e-02 | time: 0.159
I 05.31/21:41:50 solver.py:136 ] Epoch: [14/400][380/400] lr: 6.98e-05 | MSE loss: 2.1199e-02 | time: 0.158
I 05.31/21:41:54 solver.py:136 ] Epoch: [14/400][400/400] lr: 7.00e-05 | MSE loss: 2.1085e-02 | time: 0.159
I 05.31/21:41:54 solver.py:146 ] => Train  Loss: 2.1085e-02

I 05.31/21:41:57 solver.py:205 ] 
=! Best NMSE: -1.0479e+01 (epoch=10)

I 05.31/21:42:00 solver.py:136 ] Epoch: [15/400][20/400] lr: 7.03e-05 | MSE loss: 1.8451e-02 | time: 0.144
I 05.31/21:42:04 solver.py:136 ] Epoch: [15/400][40/400] lr: 7.05e-05 | MSE loss: 1.8671e-02 | time: 0.187
I 05.31/21:42:08 solver.py:136 ] Epoch: [15/400][60/400] lr: 7.08e-05 | MSE loss: 1.8765e-02 | time: 0.177
I 05.31/21:42:10 solver.py:136 ] Epoch: [15/400][80/400] lr: 7.10e-05 | MSE loss: 1.8786e-02 | time: 0.168
I 05.31/21:42:13 solver.py:136 ] Epoch: [15/400][100/400] lr: 7.13e-05 | MSE loss: 1.8959e-02 | time: 0.157
I 05.31/21:42:15 solver.py:136 ] Epoch: [15/400][120/400] lr: 7.15e-05 | MSE loss: 1.9026e-02 | time: 0.150
I 05.31/21:42:18 solver.py:136 ] Epoch: [15/400][140/400] lr: 7.18e-05 | MSE loss: 1.8991e-02 | time: 0.150
I 05.31/21:42:21 solver.py:136 ] Epoch: [15/400][160/400] lr: 7.20e-05 | MSE loss: 1.8995e-02 | time: 0.151
I 05.31/21:42:24 solver.py:136 ] Epoch: [15/400][180/400] lr: 7.23e-05 | MSE loss: 1.9046e-02 | time: 0.153
I 05.31/21:42:28 solver.py:136 ] Epoch: [15/400][200/400] lr: 7.25e-05 | MSE loss: 1.9014e-02 | time: 0.153
I 05.31/21:42:31 solver.py:136 ] Epoch: [15/400][220/400] lr: 7.28e-05 | MSE loss: 1.8950e-02 | time: 0.153
I 05.31/21:42:34 solver.py:136 ] Epoch: [15/400][240/400] lr: 7.30e-05 | MSE loss: 1.8888e-02 | time: 0.154
I 05.31/21:42:37 solver.py:136 ] Epoch: [15/400][260/400] lr: 7.33e-05 | MSE loss: 1.8868e-02 | time: 0.154
I 05.31/21:42:40 solver.py:136 ] Epoch: [15/400][280/400] lr: 7.35e-05 | MSE loss: 1.8838e-02 | time: 0.154
I 05.31/21:42:43 solver.py:136 ] Epoch: [15/400][300/400] lr: 7.38e-05 | MSE loss: 1.8814e-02 | time: 0.155
I 05.31/21:42:46 solver.py:136 ] Epoch: [15/400][320/400] lr: 7.40e-05 | MSE loss: 1.8739e-02 | time: 0.155
I 05.31/21:42:49 solver.py:136 ] Epoch: [15/400][340/400] lr: 7.43e-05 | MSE loss: 1.8685e-02 | time: 0.153
I 05.31/21:42:52 solver.py:136 ] Epoch: [15/400][360/400] lr: 7.45e-05 | MSE loss: 1.8641e-02 | time: 0.152
I 05.31/21:42:55 solver.py:136 ] Epoch: [15/400][380/400] lr: 7.48e-05 | MSE loss: 1.8552e-02 | time: 0.152
I 05.31/21:42:58 solver.py:136 ] Epoch: [15/400][400/400] lr: 7.50e-05 | MSE loss: 1.8503e-02 | time: 0.152
I 05.31/21:42:58 solver.py:146 ] => Train  Loss: 1.8503e-02

I 05.31/21:43:01 solver.py:205 ] 
=! Best NMSE: -1.0479e+01 (epoch=10)

I 05.31/21:43:05 solver.py:136 ] Epoch: [16/400][20/400] lr: 7.52e-05 | MSE loss: 1.8133e-02 | time: 0.223
I 05.31/21:43:09 solver.py:136 ] Epoch: [16/400][40/400] lr: 7.55e-05 | MSE loss: 1.7930e-02 | time: 0.189
I 05.31/21:43:12 solver.py:136 ] Epoch: [16/400][60/400] lr: 7.57e-05 | MSE loss: 1.7473e-02 | time: 0.180
I 05.31/21:43:15 solver.py:136 ] Epoch: [16/400][80/400] lr: 7.60e-05 | MSE loss: 1.7526e-02 | time: 0.172
I 05.31/21:43:18 solver.py:136 ] Epoch: [16/400][100/400] lr: 7.62e-05 | MSE loss: 1.7373e-02 | time: 0.171
I 05.31/21:43:22 solver.py:136 ] Epoch: [16/400][120/400] lr: 7.65e-05 | MSE loss: 1.7189e-02 | time: 0.171
I 05.31/21:43:25 solver.py:136 ] Epoch: [16/400][140/400] lr: 7.67e-05 | MSE loss: 1.7037e-02 | time: 0.171
I 05.31/21:43:28 solver.py:136 ] Epoch: [16/400][160/400] lr: 7.70e-05 | MSE loss: 1.6966e-02 | time: 0.166
I 05.31/21:43:30 solver.py:136 ] Epoch: [16/400][180/400] lr: 7.72e-05 | MSE loss: 1.6935e-02 | time: 0.162
I 05.31/21:43:33 solver.py:136 ] Epoch: [16/400][200/400] lr: 7.75e-05 | MSE loss: 1.6917e-02 | time: 0.160
I 05.31/21:43:36 solver.py:136 ] Epoch: [16/400][220/400] lr: 7.78e-05 | MSE loss: 1.6863e-02 | time: 0.160
I 05.31/21:43:39 solver.py:136 ] Epoch: [16/400][240/400] lr: 7.80e-05 | MSE loss: 1.6819e-02 | time: 0.159
I 05.31/21:43:42 solver.py:136 ] Epoch: [16/400][260/400] lr: 7.83e-05 | MSE loss: 1.6778e-02 | time: 0.159
I 05.31/21:43:45 solver.py:136 ] Epoch: [16/400][280/400] lr: 7.85e-05 | MSE loss: 1.6723e-02 | time: 0.159
I 05.31/21:43:48 solver.py:136 ] Epoch: [16/400][300/400] lr: 7.88e-05 | MSE loss: 1.6732e-02 | time: 0.158
I 05.31/21:43:52 solver.py:136 ] Epoch: [16/400][320/400] lr: 7.90e-05 | MSE loss: 1.6732e-02 | time: 0.158
I 05.31/21:43:55 solver.py:136 ] Epoch: [16/400][340/400] lr: 7.93e-05 | MSE loss: 1.6695e-02 | time: 0.160
I 05.31/21:43:58 solver.py:136 ] Epoch: [16/400][360/400] lr: 7.95e-05 | MSE loss: 1.6639e-02 | time: 0.159
I 05.31/21:44:02 solver.py:136 ] Epoch: [16/400][380/400] lr: 7.98e-05 | MSE loss: 1.6578e-02 | time: 0.161
I 05.31/21:44:07 solver.py:136 ] Epoch: [16/400][400/400] lr: 8.00e-05 | MSE loss: 1.6521e-02 | time: 0.165
I 05.31/21:44:07 solver.py:146 ] => Train  Loss: 1.6521e-02

I 05.31/21:44:13 solver.py:205 ] 
=! Best NMSE: -1.0479e+01 (epoch=10)

I 05.31/21:44:17 solver.py:136 ] Epoch: [17/400][20/400] lr: 8.02e-05 | MSE loss: 1.5094e-02 | time: 0.145
I 05.31/21:44:20 solver.py:136 ] Epoch: [17/400][40/400] lr: 8.05e-05 | MSE loss: 1.4966e-02 | time: 0.147
I 05.31/21:44:23 solver.py:136 ] Epoch: [17/400][60/400] lr: 8.07e-05 | MSE loss: 1.5049e-02 | time: 0.159
I 05.31/21:44:26 solver.py:136 ] Epoch: [17/400][80/400] lr: 8.10e-05 | MSE loss: 1.4867e-02 | time: 0.158
I 05.31/21:44:29 solver.py:136 ] Epoch: [17/400][100/400] lr: 8.12e-05 | MSE loss: 1.4903e-02 | time: 0.154
I 05.31/21:44:32 solver.py:136 ] Epoch: [17/400][120/400] lr: 8.15e-05 | MSE loss: 1.4983e-02 | time: 0.151
I 05.31/21:44:35 solver.py:136 ] Epoch: [17/400][140/400] lr: 8.18e-05 | MSE loss: 1.4969e-02 | time: 0.151
I 05.31/21:44:38 solver.py:136 ] Epoch: [17/400][160/400] lr: 8.20e-05 | MSE loss: 1.4942e-02 | time: 0.152
I 05.31/21:44:41 solver.py:136 ] Epoch: [17/400][180/400] lr: 8.23e-05 | MSE loss: 1.4972e-02 | time: 0.151
I 05.31/21:44:44 solver.py:136 ] Epoch: [17/400][200/400] lr: 8.25e-05 | MSE loss: 1.4947e-02 | time: 0.152
I 05.31/21:44:47 solver.py:136 ] Epoch: [17/400][220/400] lr: 8.28e-05 | MSE loss: 1.4901e-02 | time: 0.152
I 05.31/21:44:50 solver.py:136 ] Epoch: [17/400][240/400] lr: 8.30e-05 | MSE loss: 1.4948e-02 | time: 0.151
I 05.31/21:44:53 solver.py:136 ] Epoch: [17/400][260/400] lr: 8.33e-05 | MSE loss: 1.5008e-02 | time: 0.152
I 05.31/21:44:56 solver.py:136 ] Epoch: [17/400][280/400] lr: 8.35e-05 | MSE loss: 1.5025e-02 | time: 0.153
I 05.31/21:44:59 solver.py:136 ] Epoch: [17/400][300/400] lr: 8.38e-05 | MSE loss: 1.5009e-02 | time: 0.153
I 05.31/21:45:04 solver.py:136 ] Epoch: [17/400][320/400] lr: 8.40e-05 | MSE loss: 1.4993e-02 | time: 0.157
I 05.31/21:45:07 solver.py:136 ] Epoch: [17/400][340/400] lr: 8.43e-05 | MSE loss: 1.4947e-02 | time: 0.158
I 05.31/21:45:10 solver.py:136 ] Epoch: [17/400][360/400] lr: 8.45e-05 | MSE loss: 1.4962e-02 | time: 0.158
I 05.31/21:45:13 solver.py:136 ] Epoch: [17/400][380/400] lr: 8.48e-05 | MSE loss: 1.4997e-02 | time: 0.158
I 05.31/21:45:16 solver.py:136 ] Epoch: [17/400][400/400] lr: 8.50e-05 | MSE loss: 1.4985e-02 | time: 0.157
I 05.31/21:45:16 solver.py:146 ] => Train  Loss: 1.4985e-02

I 05.31/21:45:22 solver.py:205 ] 
=! Best NMSE: -1.0479e+01 (epoch=10)

I 05.31/21:45:25 solver.py:136 ] Epoch: [18/400][20/400] lr: 8.53e-05 | MSE loss: 1.4072e-02 | time: 0.174
I 05.31/21:45:28 solver.py:136 ] Epoch: [18/400][40/400] lr: 8.55e-05 | MSE loss: 1.3880e-02 | time: 0.166
I 05.31/21:45:31 solver.py:136 ] Epoch: [18/400][60/400] lr: 8.58e-05 | MSE loss: 1.3980e-02 | time: 0.158
I 05.31/21:45:35 solver.py:136 ] Epoch: [18/400][80/400] lr: 8.60e-05 | MSE loss: 1.3941e-02 | time: 0.159
I 05.31/21:45:38 solver.py:136 ] Epoch: [18/400][100/400] lr: 8.63e-05 | MSE loss: 1.3890e-02 | time: 0.159
I 05.31/21:45:41 solver.py:136 ] Epoch: [18/400][120/400] lr: 8.65e-05 | MSE loss: 1.3796e-02 | time: 0.158
I 05.31/21:45:44 solver.py:136 ] Epoch: [18/400][140/400] lr: 8.68e-05 | MSE loss: 1.3814e-02 | time: 0.159
I 05.31/21:45:47 solver.py:136 ] Epoch: [18/400][160/400] lr: 8.70e-05 | MSE loss: 1.3794e-02 | time: 0.159
I 05.31/21:45:50 solver.py:136 ] Epoch: [18/400][180/400] lr: 8.73e-05 | MSE loss: 1.3805e-02 | time: 0.160
I 05.31/21:45:54 solver.py:136 ] Epoch: [18/400][200/400] lr: 8.75e-05 | MSE loss: 1.3851e-02 | time: 0.160
I 05.31/21:45:57 solver.py:136 ] Epoch: [18/400][220/400] lr: 8.78e-05 | MSE loss: 1.3826e-02 | time: 0.159
I 05.31/21:45:59 solver.py:136 ] Epoch: [18/400][240/400] lr: 8.80e-05 | MSE loss: 1.3820e-02 | time: 0.157
I 05.31/21:46:04 solver.py:136 ] Epoch: [18/400][260/400] lr: 8.83e-05 | MSE loss: 1.3812e-02 | time: 0.162
I 05.31/21:46:07 solver.py:136 ] Epoch: [18/400][280/400] lr: 8.85e-05 | MSE loss: 1.3802e-02 | time: 0.160
I 05.31/21:46:09 solver.py:136 ] Epoch: [18/400][300/400] lr: 8.88e-05 | MSE loss: 1.3800e-02 | time: 0.159
I 05.31/21:46:12 solver.py:136 ] Epoch: [18/400][320/400] lr: 8.90e-05 | MSE loss: 1.3742e-02 | time: 0.158
I 05.31/21:46:15 solver.py:136 ] Epoch: [18/400][340/400] lr: 8.93e-05 | MSE loss: 1.3707e-02 | time: 0.157
I 05.31/21:46:18 solver.py:136 ] Epoch: [18/400][360/400] lr: 8.95e-05 | MSE loss: 1.3749e-02 | time: 0.156
I 05.31/21:46:20 solver.py:136 ] Epoch: [18/400][380/400] lr: 8.98e-05 | MSE loss: 1.3724e-02 | time: 0.154
I 05.31/21:46:23 solver.py:136 ] Epoch: [18/400][400/400] lr: 9.00e-05 | MSE loss: 1.3706e-02 | time: 0.154
I 05.31/21:46:23 solver.py:146 ] => Train  Loss: 1.3706e-02

I 05.31/21:46:28 solver.py:205 ] 
=! Best NMSE: -1.0479e+01 (epoch=10)

I 05.31/21:46:31 solver.py:136 ] Epoch: [19/400][20/400] lr: 9.03e-05 | MSE loss: 1.2510e-02 | time: 0.152
I 05.31/21:46:34 solver.py:136 ] Epoch: [19/400][40/400] lr: 9.05e-05 | MSE loss: 1.2713e-02 | time: 0.162
I 05.31/21:46:38 solver.py:136 ] Epoch: [19/400][60/400] lr: 9.08e-05 | MSE loss: 1.2633e-02 | time: 0.160
I 05.31/21:46:41 solver.py:136 ] Epoch: [19/400][80/400] lr: 9.10e-05 | MSE loss: 1.2720e-02 | time: 0.158
I 05.31/21:46:44 solver.py:136 ] Epoch: [19/400][100/400] lr: 9.12e-05 | MSE loss: 1.2757e-02 | time: 0.158
I 05.31/21:46:47 solver.py:136 ] Epoch: [19/400][120/400] lr: 9.15e-05 | MSE loss: 1.2901e-02 | time: 0.159
I 05.31/21:46:50 solver.py:136 ] Epoch: [19/400][140/400] lr: 9.17e-05 | MSE loss: 1.2944e-02 | time: 0.157
I 05.31/21:46:53 solver.py:136 ] Epoch: [19/400][160/400] lr: 9.20e-05 | MSE loss: 1.2898e-02 | time: 0.155
I 05.31/21:46:56 solver.py:136 ] Epoch: [19/400][180/400] lr: 9.22e-05 | MSE loss: 1.2903e-02 | time: 0.155
I 05.31/21:46:59 solver.py:136 ] Epoch: [19/400][200/400] lr: 9.25e-05 | MSE loss: 1.2888e-02 | time: 0.154
I 05.31/21:47:02 solver.py:136 ] Epoch: [19/400][220/400] lr: 9.28e-05 | MSE loss: 1.2860e-02 | time: 0.157
I 05.31/21:47:06 solver.py:136 ] Epoch: [19/400][240/400] lr: 9.30e-05 | MSE loss: 1.2810e-02 | time: 0.159
I 05.31/21:47:09 solver.py:136 ] Epoch: [19/400][260/400] lr: 9.33e-05 | MSE loss: 1.2875e-02 | time: 0.159
I 05.31/21:47:12 solver.py:136 ] Epoch: [19/400][280/400] lr: 9.35e-05 | MSE loss: 1.2873e-02 | time: 0.158
I 05.31/21:47:15 solver.py:136 ] Epoch: [19/400][300/400] lr: 9.38e-05 | MSE loss: 1.2858e-02 | time: 0.158
I 05.31/21:47:18 solver.py:136 ] Epoch: [19/400][320/400] lr: 9.40e-05 | MSE loss: 1.2853e-02 | time: 0.157
I 05.31/21:47:22 solver.py:136 ] Epoch: [19/400][340/400] lr: 9.43e-05 | MSE loss: 1.2838e-02 | time: 0.157
I 05.31/21:47:25 solver.py:136 ] Epoch: [19/400][360/400] lr: 9.45e-05 | MSE loss: 1.2800e-02 | time: 0.157
I 05.31/21:47:28 solver.py:136 ] Epoch: [19/400][380/400] lr: 9.47e-05 | MSE loss: 1.2771e-02 | time: 0.158
I 05.31/21:47:31 solver.py:136 ] Epoch: [19/400][400/400] lr: 9.50e-05 | MSE loss: 1.2765e-02 | time: 0.158
I 05.31/21:47:31 solver.py:146 ] => Train  Loss: 1.2765e-02

I 05.31/21:47:38 solver.py:205 ] 
=! Best NMSE: -1.0479e+01 (epoch=10)

I 05.31/21:47:40 solver.py:136 ] Epoch: [20/400][20/400] lr: 9.52e-05 | MSE loss: 1.1949e-02 | time: 0.104
I 05.31/21:47:42 solver.py:136 ] Epoch: [20/400][40/400] lr: 9.55e-05 | MSE loss: 1.1927e-02 | time: 0.103
I 05.31/21:47:45 solver.py:136 ] Epoch: [20/400][60/400] lr: 9.57e-05 | MSE loss: 1.1905e-02 | time: 0.121
I 05.31/21:47:48 solver.py:136 ] Epoch: [20/400][80/400] lr: 9.60e-05 | MSE loss: 1.1836e-02 | time: 0.130
I 05.31/21:47:51 solver.py:136 ] Epoch: [20/400][100/400] lr: 9.63e-05 | MSE loss: 1.1899e-02 | time: 0.134
I 05.31/21:47:54 solver.py:136 ] Epoch: [20/400][120/400] lr: 9.65e-05 | MSE loss: 1.1868e-02 | time: 0.137
I 05.31/21:47:57 solver.py:136 ] Epoch: [20/400][140/400] lr: 9.68e-05 | MSE loss: 1.1889e-02 | time: 0.137
I 05.31/21:48:00 solver.py:136 ] Epoch: [20/400][160/400] lr: 9.70e-05 | MSE loss: 1.1865e-02 | time: 0.138
I 05.31/21:48:05 solver.py:136 ] Epoch: [20/400][180/400] lr: 9.73e-05 | MSE loss: 1.1879e-02 | time: 0.151
I 05.31/21:48:08 solver.py:136 ] Epoch: [20/400][200/400] lr: 9.75e-05 | MSE loss: 1.1856e-02 | time: 0.151
I 05.31/21:48:11 solver.py:136 ] Epoch: [20/400][220/400] lr: 9.78e-05 | MSE loss: 1.1907e-02 | time: 0.152
I 05.31/21:48:14 solver.py:136 ] Epoch: [20/400][240/400] lr: 9.80e-05 | MSE loss: 1.1922e-02 | time: 0.152
I 05.31/21:48:17 solver.py:136 ] Epoch: [20/400][260/400] lr: 9.83e-05 | MSE loss: 1.1901e-02 | time: 0.151
I 05.31/21:48:20 solver.py:136 ] Epoch: [20/400][280/400] lr: 9.85e-05 | MSE loss: 1.1898e-02 | time: 0.151
I 05.31/21:48:23 solver.py:136 ] Epoch: [20/400][300/400] lr: 9.88e-05 | MSE loss: 1.1893e-02 | time: 0.152
I 05.31/21:48:26 solver.py:136 ] Epoch: [20/400][320/400] lr: 9.90e-05 | MSE loss: 1.1885e-02 | time: 0.152
I 05.31/21:48:29 solver.py:136 ] Epoch: [20/400][340/400] lr: 9.93e-05 | MSE loss: 1.1854e-02 | time: 0.152
I 05.31/21:48:32 solver.py:136 ] Epoch: [20/400][360/400] lr: 9.95e-05 | MSE loss: 1.1867e-02 | time: 0.151
I 05.31/21:48:35 solver.py:136 ] Epoch: [20/400][380/400] lr: 9.97e-05 | MSE loss: 1.1867e-02 | time: 0.151
I 05.31/21:48:38 solver.py:136 ] Epoch: [20/400][400/400] lr: 1.00e-04 | MSE loss: 1.1868e-02 | time: 0.151
I 05.31/21:48:38 solver.py:146 ] => Train  Loss: 1.1868e-02

I 05.31/21:48:41 solver.py:136 ] Epoch: [20/400][20/50] lr: 1.00e-04 | MSE loss: 1.2677e-02 | time: 0.128
I 05.31/21:48:43 solver.py:136 ] Epoch: [20/400][40/50] lr: 1.00e-04 | MSE loss: 1.2822e-02 | time: 0.112
I 05.31/21:48:44 solver.py:146 ] => Val  Loss: 1.2733e-02

I 05.31/21:48:46 solver.py:287 ] [20/50] loss: 1.2826e-02 | NMSE: -1.5932e+01 | time: 0.134
I 05.31/21:48:49 solver.py:287 ] [40/50] loss: 1.2681e-02 | NMSE: -1.5985e+01 | time: 0.137
I 05.31/21:48:50 solver.py:291 ] => Test NMSE: -1.6003e+01

I 05.31/21:49:00 solver.py:205 ] 
=! Best NMSE: -1.6003e+01 (epoch=20)

I 05.31/21:49:05 solver.py:136 ] Epoch: [21/400][20/400] lr: 1.00e-04 | MSE loss: 1.1439e-02 | time: 0.228
I 05.31/21:49:08 solver.py:136 ] Epoch: [21/400][40/400] lr: 1.01e-04 | MSE loss: 1.1074e-02 | time: 0.191
I 05.31/21:49:12 solver.py:136 ] Epoch: [21/400][60/400] lr: 1.01e-04 | MSE loss: 1.1096e-02 | time: 0.185
I 05.31/21:49:15 solver.py:136 ] Epoch: [21/400][80/400] lr: 1.01e-04 | MSE loss: 1.1062e-02 | time: 0.176
I 05.31/21:49:17 solver.py:136 ] Epoch: [21/400][100/400] lr: 1.01e-04 | MSE loss: 1.1165e-02 | time: 0.169
I 05.31/21:49:21 solver.py:136 ] Epoch: [21/400][120/400] lr: 1.02e-04 | MSE loss: 1.1261e-02 | time: 0.167
I 05.31/21:49:24 solver.py:136 ] Epoch: [21/400][140/400] lr: 1.02e-04 | MSE loss: 1.1371e-02 | time: 0.166
I 05.31/21:49:27 solver.py:136 ] Epoch: [21/400][160/400] lr: 1.02e-04 | MSE loss: 1.1380e-02 | time: 0.165
I 05.31/21:49:30 solver.py:136 ] Epoch: [21/400][180/400] lr: 1.02e-04 | MSE loss: 1.1367e-02 | time: 0.163
I 05.31/21:49:33 solver.py:136 ] Epoch: [21/400][200/400] lr: 1.03e-04 | MSE loss: 1.1376e-02 | time: 0.163
I 05.31/21:49:37 solver.py:136 ] Epoch: [21/400][220/400] lr: 1.03e-04 | MSE loss: 1.1318e-02 | time: 0.163
I 05.31/21:49:40 solver.py:136 ] Epoch: [21/400][240/400] lr: 1.03e-04 | MSE loss: 1.1271e-02 | time: 0.163
I 05.31/21:49:43 solver.py:136 ] Epoch: [21/400][260/400] lr: 1.03e-04 | MSE loss: 1.1265e-02 | time: 0.162
I 05.31/21:49:46 solver.py:136 ] Epoch: [21/400][280/400] lr: 1.04e-04 | MSE loss: 1.1244e-02 | time: 0.162
I 05.31/21:49:49 solver.py:136 ] Epoch: [21/400][300/400] lr: 1.04e-04 | MSE loss: 1.1227e-02 | time: 0.162
I 05.31/21:49:52 solver.py:136 ] Epoch: [21/400][320/400] lr: 1.04e-04 | MSE loss: 1.1192e-02 | time: 0.160
I 05.31/21:49:55 solver.py:136 ] Epoch: [21/400][340/400] lr: 1.04e-04 | MSE loss: 1.1183e-02 | time: 0.160
I 05.31/21:49:58 solver.py:136 ] Epoch: [21/400][360/400] lr: 1.05e-04 | MSE loss: 1.1186e-02 | time: 0.159
I 05.31/21:50:00 solver.py:136 ] Epoch: [21/400][380/400] lr: 1.05e-04 | MSE loss: 1.1214e-02 | time: 0.157
I 05.31/21:50:04 solver.py:136 ] Epoch: [21/400][400/400] lr: 1.05e-04 | MSE loss: 1.1210e-02 | time: 0.159
I 05.31/21:50:04 solver.py:146 ] => Train  Loss: 1.1210e-02

I 05.31/21:50:08 solver.py:205 ] 
=! Best NMSE: -1.6003e+01 (epoch=20)

I 05.31/21:50:11 solver.py:136 ] Epoch: [22/400][20/400] lr: 1.05e-04 | MSE loss: 1.0359e-02 | time: 0.163
I 05.31/21:50:14 solver.py:136 ] Epoch: [22/400][40/400] lr: 1.06e-04 | MSE loss: 1.0725e-02 | time: 0.146
I 05.31/21:50:17 solver.py:136 ] Epoch: [22/400][60/400] lr: 1.06e-04 | MSE loss: 1.0715e-02 | time: 0.145
I 05.31/21:50:19 solver.py:136 ] Epoch: [22/400][80/400] lr: 1.06e-04 | MSE loss: 1.0650e-02 | time: 0.137
I 05.31/21:50:21 solver.py:136 ] Epoch: [22/400][100/400] lr: 1.06e-04 | MSE loss: 1.0643e-02 | time: 0.137
I 05.31/21:50:24 solver.py:136 ] Epoch: [22/400][120/400] lr: 1.07e-04 | MSE loss: 1.0662e-02 | time: 0.137
I 05.31/21:50:27 solver.py:136 ] Epoch: [22/400][140/400] lr: 1.07e-04 | MSE loss: 1.0680e-02 | time: 0.134
I 05.31/21:50:30 solver.py:136 ] Epoch: [22/400][160/400] lr: 1.07e-04 | MSE loss: 1.0632e-02 | time: 0.136
I 05.31/21:50:33 solver.py:136 ] Epoch: [22/400][180/400] lr: 1.07e-04 | MSE loss: 1.0630e-02 | time: 0.140
I 05.31/21:50:36 solver.py:136 ] Epoch: [22/400][200/400] lr: 1.07e-04 | MSE loss: 1.0608e-02 | time: 0.142
I 05.31/21:50:40 solver.py:136 ] Epoch: [22/400][220/400] lr: 1.08e-04 | MSE loss: 1.0625e-02 | time: 0.144
I 05.31/21:50:43 solver.py:136 ] Epoch: [22/400][240/400] lr: 1.08e-04 | MSE loss: 1.0615e-02 | time: 0.145
I 05.31/21:50:46 solver.py:136 ] Epoch: [22/400][260/400] lr: 1.08e-04 | MSE loss: 1.0569e-02 | time: 0.145
I 05.31/21:50:49 solver.py:136 ] Epoch: [22/400][280/400] lr: 1.08e-04 | MSE loss: 1.0530e-02 | time: 0.146
I 05.31/21:50:52 solver.py:136 ] Epoch: [22/400][300/400] lr: 1.09e-04 | MSE loss: 1.0534e-02 | time: 0.146
I 05.31/21:50:55 solver.py:136 ] Epoch: [22/400][320/400] lr: 1.09e-04 | MSE loss: 1.0516e-02 | time: 0.148
I 05.31/21:50:58 solver.py:136 ] Epoch: [22/400][340/400] lr: 1.09e-04 | MSE loss: 1.0537e-02 | time: 0.148
I 05.31/21:51:02 solver.py:136 ] Epoch: [22/400][360/400] lr: 1.10e-04 | MSE loss: 1.0549e-02 | time: 0.151
I 05.31/21:51:07 solver.py:136 ] Epoch: [22/400][380/400] lr: 1.10e-04 | MSE loss: 1.0566e-02 | time: 0.155
I 05.31/21:51:10 solver.py:136 ] Epoch: [22/400][400/400] lr: 1.10e-04 | MSE loss: 1.0551e-02 | time: 0.154
I 05.31/21:51:10 solver.py:146 ] => Train  Loss: 1.0551e-02

I 05.31/21:51:13 solver.py:205 ] 
=! Best NMSE: -1.6003e+01 (epoch=20)

I 05.31/21:51:16 solver.py:136 ] Epoch: [23/400][20/400] lr: 1.10e-04 | MSE loss: 1.0048e-02 | time: 0.145
I 05.31/21:51:19 solver.py:136 ] Epoch: [23/400][40/400] lr: 1.11e-04 | MSE loss: 9.8754e-03 | time: 0.134
I 05.31/21:51:21 solver.py:136 ] Epoch: [23/400][60/400] lr: 1.11e-04 | MSE loss: 9.7906e-03 | time: 0.129
I 05.31/21:51:24 solver.py:136 ] Epoch: [23/400][80/400] lr: 1.11e-04 | MSE loss: 1.0007e-02 | time: 0.131
I 05.31/21:51:27 solver.py:136 ] Epoch: [23/400][100/400] lr: 1.11e-04 | MSE loss: 1.0106e-02 | time: 0.133
I 05.31/21:51:30 solver.py:136 ] Epoch: [23/400][120/400] lr: 1.11e-04 | MSE loss: 1.0133e-02 | time: 0.136
I 05.31/21:51:33 solver.py:136 ] Epoch: [23/400][140/400] lr: 1.12e-04 | MSE loss: 1.0143e-02 | time: 0.138
I 05.31/21:51:36 solver.py:136 ] Epoch: [23/400][160/400] lr: 1.12e-04 | MSE loss: 1.0142e-02 | time: 0.139
I 05.31/21:51:39 solver.py:136 ] Epoch: [23/400][180/400] lr: 1.12e-04 | MSE loss: 1.0159e-02 | time: 0.140
I 05.31/21:51:42 solver.py:136 ] Epoch: [23/400][200/400] lr: 1.12e-04 | MSE loss: 1.0125e-02 | time: 0.140
I 05.31/21:51:45 solver.py:136 ] Epoch: [23/400][220/400] lr: 1.13e-04 | MSE loss: 1.0104e-02 | time: 0.142
I 05.31/21:51:48 solver.py:136 ] Epoch: [23/400][240/400] lr: 1.13e-04 | MSE loss: 1.0117e-02 | time: 0.144
I 05.31/21:51:52 solver.py:136 ] Epoch: [23/400][260/400] lr: 1.13e-04 | MSE loss: 1.0072e-02 | time: 0.146
I 05.31/21:51:55 solver.py:136 ] Epoch: [23/400][280/400] lr: 1.14e-04 | MSE loss: 1.0046e-02 | time: 0.147
I 05.31/21:51:57 solver.py:136 ] Epoch: [23/400][300/400] lr: 1.14e-04 | MSE loss: 9.9937e-03 | time: 0.146
I 05.31/21:52:00 solver.py:136 ] Epoch: [23/400][320/400] lr: 1.14e-04 | MSE loss: 9.9778e-03 | time: 0.146
I 05.31/21:52:05 solver.py:136 ] Epoch: [23/400][340/400] lr: 1.14e-04 | MSE loss: 9.9810e-03 | time: 0.151
I 05.31/21:52:08 solver.py:136 ] Epoch: [23/400][360/400] lr: 1.15e-04 | MSE loss: 9.9616e-03 | time: 0.151
I 05.31/21:52:11 solver.py:136 ] Epoch: [23/400][380/400] lr: 1.15e-04 | MSE loss: 9.9364e-03 | time: 0.151
I 05.31/21:52:14 solver.py:136 ] Epoch: [23/400][400/400] lr: 1.15e-04 | MSE loss: 9.9547e-03 | time: 0.151
I 05.31/21:52:14 solver.py:146 ] => Train  Loss: 9.9547e-03

I 05.31/21:52:18 solver.py:205 ] 
=! Best NMSE: -1.6003e+01 (epoch=20)

I 05.31/21:52:21 solver.py:136 ] Epoch: [24/400][20/400] lr: 1.15e-04 | MSE loss: 9.4254e-03 | time: 0.142
I 05.31/21:52:24 solver.py:136 ] Epoch: [24/400][40/400] lr: 1.16e-04 | MSE loss: 9.3255e-03 | time: 0.142
I 05.31/21:52:27 solver.py:136 ] Epoch: [24/400][60/400] lr: 1.16e-04 | MSE loss: 9.4300e-03 | time: 0.145
I 05.31/21:52:30 solver.py:136 ] Epoch: [24/400][80/400] lr: 1.16e-04 | MSE loss: 9.4397e-03 | time: 0.145
I 05.31/21:52:33 solver.py:136 ] Epoch: [24/400][100/400] lr: 1.16e-04 | MSE loss: 9.4252e-03 | time: 0.149
I 05.31/21:52:36 solver.py:136 ] Epoch: [24/400][120/400] lr: 1.17e-04 | MSE loss: 9.4098e-03 | time: 0.148
I 05.31/21:52:38 solver.py:136 ] Epoch: [24/400][140/400] lr: 1.17e-04 | MSE loss: 9.3633e-03 | time: 0.147
I 05.31/21:52:41 solver.py:136 ] Epoch: [24/400][160/400] lr: 1.17e-04 | MSE loss: 9.3373e-03 | time: 0.144
I 05.31/21:52:44 solver.py:136 ] Epoch: [24/400][180/400] lr: 1.17e-04 | MSE loss: 9.3655e-03 | time: 0.143
I 05.31/21:52:46 solver.py:136 ] Epoch: [24/400][200/400] lr: 1.18e-04 | MSE loss: 9.4039e-03 | time: 0.142
I 05.31/21:52:49 solver.py:136 ] Epoch: [24/400][220/400] lr: 1.18e-04 | MSE loss: 9.3798e-03 | time: 0.143
I 05.31/21:52:52 solver.py:136 ] Epoch: [24/400][240/400] lr: 1.18e-04 | MSE loss: 9.4251e-03 | time: 0.143
I 05.31/21:52:55 solver.py:136 ] Epoch: [24/400][260/400] lr: 1.18e-04 | MSE loss: 9.4351e-03 | time: 0.143
I 05.31/21:52:57 solver.py:136 ] Epoch: [24/400][280/400] lr: 1.19e-04 | MSE loss: 9.4332e-03 | time: 0.141
I 05.31/21:53:00 solver.py:136 ] Epoch: [24/400][300/400] lr: 1.19e-04 | MSE loss: 9.4419e-03 | time: 0.140
I 05.31/21:53:04 solver.py:136 ] Epoch: [24/400][320/400] lr: 1.19e-04 | MSE loss: 9.4546e-03 | time: 0.145
I 05.31/21:53:08 solver.py:136 ] Epoch: [24/400][340/400] lr: 1.19e-04 | MSE loss: 9.4925e-03 | time: 0.146
I 05.31/21:53:10 solver.py:136 ] Epoch: [24/400][360/400] lr: 1.20e-04 | MSE loss: 9.4936e-03 | time: 0.146
I 05.31/21:53:13 solver.py:136 ] Epoch: [24/400][380/400] lr: 1.20e-04 | MSE loss: 9.4974e-03 | time: 0.145
I 05.31/21:53:16 solver.py:136 ] Epoch: [24/400][400/400] lr: 1.20e-04 | MSE loss: 9.5004e-03 | time: 0.145
I 05.31/21:53:16 solver.py:146 ] => Train  Loss: 9.5004e-03

I 05.31/21:53:20 solver.py:205 ] 
=! Best NMSE: -1.6003e+01 (epoch=20)

I 05.31/21:53:24 solver.py:136 ] Epoch: [25/400][20/400] lr: 1.20e-04 | MSE loss: 9.6233e-03 | time: 0.145
I 05.31/21:53:27 solver.py:136 ] Epoch: [25/400][40/400] lr: 1.21e-04 | MSE loss: 9.1574e-03 | time: 0.150
I 05.31/21:53:30 solver.py:136 ] Epoch: [25/400][60/400] lr: 1.21e-04 | MSE loss: 9.0443e-03 | time: 0.154
I 05.31/21:53:33 solver.py:136 ] Epoch: [25/400][80/400] lr: 1.21e-04 | MSE loss: 9.1038e-03 | time: 0.155
I 05.31/21:53:36 solver.py:136 ] Epoch: [25/400][100/400] lr: 1.21e-04 | MSE loss: 9.1214e-03 | time: 0.154
I 05.31/21:53:39 solver.py:136 ] Epoch: [25/400][120/400] lr: 1.22e-04 | MSE loss: 9.1488e-03 | time: 0.153
I 05.31/21:53:42 solver.py:136 ] Epoch: [25/400][140/400] lr: 1.22e-04 | MSE loss: 9.0590e-03 | time: 0.154
I 05.31/21:53:45 solver.py:136 ] Epoch: [25/400][160/400] lr: 1.22e-04 | MSE loss: 9.0434e-03 | time: 0.153
I 05.31/21:53:48 solver.py:136 ] Epoch: [25/400][180/400] lr: 1.22e-04 | MSE loss: 9.0904e-03 | time: 0.151
I 05.31/21:53:51 solver.py:136 ] Epoch: [25/400][200/400] lr: 1.23e-04 | MSE loss: 9.0557e-03 | time: 0.152
I 05.31/21:53:54 solver.py:136 ] Epoch: [25/400][220/400] lr: 1.23e-04 | MSE loss: 9.0199e-03 | time: 0.150
I 05.31/21:53:56 solver.py:136 ] Epoch: [25/400][240/400] lr: 1.23e-04 | MSE loss: 9.0137e-03 | time: 0.148
I 05.31/21:53:59 solver.py:136 ] Epoch: [25/400][260/400] lr: 1.23e-04 | MSE loss: 9.0066e-03 | time: 0.147
I 05.31/21:54:02 solver.py:136 ] Epoch: [25/400][280/400] lr: 1.24e-04 | MSE loss: 9.0135e-03 | time: 0.148
I 05.31/21:54:06 solver.py:136 ] Epoch: [25/400][300/400] lr: 1.24e-04 | MSE loss: 8.9807e-03 | time: 0.152
I 05.31/21:54:09 solver.py:136 ] Epoch: [25/400][320/400] lr: 1.24e-04 | MSE loss: 8.9816e-03 | time: 0.151
I 05.31/21:54:12 solver.py:136 ] Epoch: [25/400][340/400] lr: 1.24e-04 | MSE loss: 8.9752e-03 | time: 0.151
I 05.31/21:54:15 solver.py:136 ] Epoch: [25/400][360/400] lr: 1.24e-04 | MSE loss: 8.9604e-03 | time: 0.152
I 05.31/21:54:18 solver.py:136 ] Epoch: [25/400][380/400] lr: 1.25e-04 | MSE loss: 8.9659e-03 | time: 0.151
I 05.31/21:54:21 solver.py:136 ] Epoch: [25/400][400/400] lr: 1.25e-04 | MSE loss: 8.9726e-03 | time: 0.151
I 05.31/21:54:21 solver.py:146 ] => Train  Loss: 8.9726e-03

I 05.31/21:54:24 solver.py:205 ] 
=! Best NMSE: -1.6003e+01 (epoch=20)

I 05.31/21:54:28 solver.py:136 ] Epoch: [26/400][20/400] lr: 1.25e-04 | MSE loss: 8.4207e-03 | time: 0.161
I 05.31/21:54:30 solver.py:136 ] Epoch: [26/400][40/400] lr: 1.25e-04 | MSE loss: 8.4943e-03 | time: 0.145
I 05.31/21:54:33 solver.py:136 ] Epoch: [26/400][60/400] lr: 1.26e-04 | MSE loss: 8.4157e-03 | time: 0.139
I 05.31/21:54:35 solver.py:136 ] Epoch: [26/400][80/400] lr: 1.26e-04 | MSE loss: 8.4341e-03 | time: 0.134
I 05.31/21:54:38 solver.py:136 ] Epoch: [26/400][100/400] lr: 1.26e-04 | MSE loss: 8.5063e-03 | time: 0.137
I 05.31/21:54:41 solver.py:136 ] Epoch: [26/400][120/400] lr: 1.27e-04 | MSE loss: 8.4827e-03 | time: 0.138
I 05.31/21:54:44 solver.py:136 ] Epoch: [26/400][140/400] lr: 1.27e-04 | MSE loss: 8.5042e-03 | time: 0.139
I 05.31/21:54:47 solver.py:136 ] Epoch: [26/400][160/400] lr: 1.27e-04 | MSE loss: 8.5276e-03 | time: 0.141
I 05.31/21:54:50 solver.py:136 ] Epoch: [26/400][180/400] lr: 1.27e-04 | MSE loss: 8.5488e-03 | time: 0.141
I 05.31/21:54:53 solver.py:136 ] Epoch: [26/400][200/400] lr: 1.28e-04 | MSE loss: 8.5449e-03 | time: 0.141
I 05.31/21:54:56 solver.py:136 ] Epoch: [26/400][220/400] lr: 1.28e-04 | MSE loss: 8.5592e-03 | time: 0.142
I 05.31/21:54:59 solver.py:136 ] Epoch: [26/400][240/400] lr: 1.28e-04 | MSE loss: 8.5796e-03 | time: 0.143
I 05.31/21:55:03 solver.py:136 ] Epoch: [26/400][260/400] lr: 1.28e-04 | MSE loss: 8.5993e-03 | time: 0.148
I 05.31/21:55:07 solver.py:136 ] Epoch: [26/400][280/400] lr: 1.29e-04 | MSE loss: 8.5895e-03 | time: 0.150
I 05.31/21:55:10 solver.py:136 ] Epoch: [26/400][300/400] lr: 1.29e-04 | MSE loss: 8.5582e-03 | time: 0.150
I 05.31/21:55:12 solver.py:136 ] Epoch: [26/400][320/400] lr: 1.29e-04 | MSE loss: 8.5714e-03 | time: 0.149
I 05.31/21:55:15 solver.py:136 ] Epoch: [26/400][340/400] lr: 1.29e-04 | MSE loss: 8.5528e-03 | time: 0.149
I 05.31/21:55:18 solver.py:136 ] Epoch: [26/400][360/400] lr: 1.30e-04 | MSE loss: 8.5697e-03 | time: 0.149
I 05.31/21:55:21 solver.py:136 ] Epoch: [26/400][380/400] lr: 1.30e-04 | MSE loss: 8.5553e-03 | time: 0.148
I 05.31/21:55:24 solver.py:136 ] Epoch: [26/400][400/400] lr: 1.30e-04 | MSE loss: 8.5549e-03 | time: 0.148
I 05.31/21:55:24 solver.py:146 ] => Train  Loss: 8.5549e-03

I 05.31/21:55:28 solver.py:205 ] 
=! Best NMSE: -1.6003e+01 (epoch=20)

I 05.31/21:55:31 solver.py:136 ] Epoch: [27/400][20/400] lr: 1.30e-04 | MSE loss: 7.9255e-03 | time: 0.156
I 05.31/21:55:34 solver.py:136 ] Epoch: [27/400][40/400] lr: 1.31e-04 | MSE loss: 8.0748e-03 | time: 0.150
I 05.31/21:55:37 solver.py:136 ] Epoch: [27/400][60/400] lr: 1.31e-04 | MSE loss: 8.1929e-03 | time: 0.145
I 05.31/21:55:40 solver.py:136 ] Epoch: [27/400][80/400] lr: 1.31e-04 | MSE loss: 8.2183e-03 | time: 0.146
I 05.31/21:55:43 solver.py:136 ] Epoch: [27/400][100/400] lr: 1.31e-04 | MSE loss: 8.2115e-03 | time: 0.145
I 05.31/21:55:46 solver.py:136 ] Epoch: [27/400][120/400] lr: 1.31e-04 | MSE loss: 8.1815e-03 | time: 0.145
I 05.31/21:55:49 solver.py:136 ] Epoch: [27/400][140/400] lr: 1.32e-04 | MSE loss: 8.1401e-03 | time: 0.147
I 05.31/21:55:52 solver.py:136 ] Epoch: [27/400][160/400] lr: 1.32e-04 | MSE loss: 8.1732e-03 | time: 0.148
I 05.31/21:55:55 solver.py:136 ] Epoch: [27/400][180/400] lr: 1.32e-04 | MSE loss: 8.1769e-03 | time: 0.147
I 05.31/21:55:58 solver.py:136 ] Epoch: [27/400][200/400] lr: 1.32e-04 | MSE loss: 8.1726e-03 | time: 0.146
I 05.31/21:56:00 solver.py:136 ] Epoch: [27/400][220/400] lr: 1.33e-04 | MSE loss: 8.1757e-03 | time: 0.146
I 05.31/21:56:05 solver.py:136 ] Epoch: [27/400][240/400] lr: 1.33e-04 | MSE loss: 8.2178e-03 | time: 0.152
I 05.31/21:56:08 solver.py:136 ] Epoch: [27/400][260/400] lr: 1.33e-04 | MSE loss: 8.2376e-03 | time: 0.151
I 05.31/21:56:11 solver.py:136 ] Epoch: [27/400][280/400] lr: 1.34e-04 | MSE loss: 8.2333e-03 | time: 0.150
I 05.31/21:56:14 solver.py:136 ] Epoch: [27/400][300/400] lr: 1.34e-04 | MSE loss: 8.2651e-03 | time: 0.150
I 05.31/21:56:17 solver.py:136 ] Epoch: [27/400][320/400] lr: 1.34e-04 | MSE loss: 8.2469e-03 | time: 0.150
I 05.31/21:56:19 solver.py:136 ] Epoch: [27/400][340/400] lr: 1.34e-04 | MSE loss: 8.2554e-03 | time: 0.150
I 05.31/21:56:22 solver.py:136 ] Epoch: [27/400][360/400] lr: 1.35e-04 | MSE loss: 8.2266e-03 | time: 0.149
I 05.31/21:56:25 solver.py:136 ] Epoch: [27/400][380/400] lr: 1.35e-04 | MSE loss: 8.2056e-03 | time: 0.149
I 05.31/21:56:28 solver.py:136 ] Epoch: [27/400][400/400] lr: 1.35e-04 | MSE loss: 8.2144e-03 | time: 0.149
I 05.31/21:56:28 solver.py:146 ] => Train  Loss: 8.2144e-03

I 05.31/21:56:32 solver.py:205 ] 
=! Best NMSE: -1.6003e+01 (epoch=20)

I 05.31/21:56:35 solver.py:136 ] Epoch: [28/400][20/400] lr: 1.35e-04 | MSE loss: 7.4118e-03 | time: 0.143
I 05.31/21:56:38 solver.py:136 ] Epoch: [28/400][40/400] lr: 1.36e-04 | MSE loss: 7.6907e-03 | time: 0.142
I 05.31/21:56:41 solver.py:136 ] Epoch: [28/400][60/400] lr: 1.36e-04 | MSE loss: 7.8638e-03 | time: 0.138
I 05.31/21:56:44 solver.py:136 ] Epoch: [28/400][80/400] lr: 1.36e-04 | MSE loss: 7.9663e-03 | time: 0.142
I 05.31/21:56:46 solver.py:136 ] Epoch: [28/400][100/400] lr: 1.36e-04 | MSE loss: 7.9908e-03 | time: 0.143
I 05.31/21:56:50 solver.py:136 ] Epoch: [28/400][120/400] lr: 1.37e-04 | MSE loss: 7.9571e-03 | time: 0.146
I 05.31/21:56:52 solver.py:136 ] Epoch: [28/400][140/400] lr: 1.37e-04 | MSE loss: 7.8945e-03 | time: 0.144
I 05.31/21:56:54 solver.py:136 ] Epoch: [28/400][160/400] lr: 1.37e-04 | MSE loss: 7.8183e-03 | time: 0.139
I 05.31/21:56:57 solver.py:136 ] Epoch: [28/400][180/400] lr: 1.37e-04 | MSE loss: 7.7885e-03 | time: 0.137
I 05.31/21:56:59 solver.py:136 ] Epoch: [28/400][200/400] lr: 1.38e-04 | MSE loss: 7.8213e-03 | time: 0.136
I 05.31/21:57:03 solver.py:136 ] Epoch: [28/400][220/400] lr: 1.38e-04 | MSE loss: 7.8351e-03 | time: 0.143
I 05.31/21:57:07 solver.py:136 ] Epoch: [28/400][240/400] lr: 1.38e-04 | MSE loss: 7.8174e-03 | time: 0.145
I 05.31/21:57:10 solver.py:136 ] Epoch: [28/400][260/400] lr: 1.38e-04 | MSE loss: 7.8244e-03 | time: 0.145
I 05.31/21:57:13 solver.py:136 ] Epoch: [28/400][280/400] lr: 1.39e-04 | MSE loss: 7.8319e-03 | time: 0.145
I 05.31/21:57:16 solver.py:136 ] Epoch: [28/400][300/400] lr: 1.39e-04 | MSE loss: 7.8255e-03 | time: 0.145
I 05.31/21:57:19 solver.py:136 ] Epoch: [28/400][320/400] lr: 1.39e-04 | MSE loss: 7.8300e-03 | time: 0.145
I 05.31/21:57:22 solver.py:136 ] Epoch: [28/400][340/400] lr: 1.39e-04 | MSE loss: 7.8149e-03 | time: 0.146
I 05.31/21:57:25 solver.py:136 ] Epoch: [28/400][360/400] lr: 1.40e-04 | MSE loss: 7.8145e-03 | time: 0.146
I 05.31/21:57:28 solver.py:136 ] Epoch: [28/400][380/400] lr: 1.40e-04 | MSE loss: 7.8195e-03 | time: 0.146
I 05.31/21:57:31 solver.py:136 ] Epoch: [28/400][400/400] lr: 1.40e-04 | MSE loss: 7.8165e-03 | time: 0.146
I 05.31/21:57:31 solver.py:146 ] => Train  Loss: 7.8165e-03

I 05.31/21:57:35 solver.py:205 ] 
=! Best NMSE: -1.6003e+01 (epoch=20)

I 05.31/21:57:38 solver.py:136 ] Epoch: [29/400][20/400] lr: 1.40e-04 | MSE loss: 7.2453e-03 | time: 0.128
I 05.31/21:57:41 solver.py:136 ] Epoch: [29/400][40/400] lr: 1.41e-04 | MSE loss: 7.3201e-03 | time: 0.128
I 05.31/21:57:43 solver.py:136 ] Epoch: [29/400][60/400] lr: 1.41e-04 | MSE loss: 7.3785e-03 | time: 0.119
I 05.31/21:57:45 solver.py:136 ] Epoch: [29/400][80/400] lr: 1.41e-04 | MSE loss: 7.4119e-03 | time: 0.119
I 05.31/21:57:48 solver.py:136 ] Epoch: [29/400][100/400] lr: 1.41e-04 | MSE loss: 7.4303e-03 | time: 0.125
I 05.31/21:57:51 solver.py:136 ] Epoch: [29/400][120/400] lr: 1.42e-04 | MSE loss: 7.3950e-03 | time: 0.129
I 05.31/21:57:54 solver.py:136 ] Epoch: [29/400][140/400] lr: 1.42e-04 | MSE loss: 7.4261e-03 | time: 0.131
I 05.31/21:57:57 solver.py:136 ] Epoch: [29/400][160/400] lr: 1.42e-04 | MSE loss: 7.4537e-03 | time: 0.133
I 05.31/21:58:00 solver.py:136 ] Epoch: [29/400][180/400] lr: 1.42e-04 | MSE loss: 7.4935e-03 | time: 0.134
I 05.31/21:58:04 solver.py:136 ] Epoch: [29/400][200/400] lr: 1.43e-04 | MSE loss: 7.5189e-03 | time: 0.143
I 05.31/21:58:07 solver.py:136 ] Epoch: [29/400][220/400] lr: 1.43e-04 | MSE loss: 7.4978e-03 | time: 0.141
I 05.31/21:58:09 solver.py:136 ] Epoch: [29/400][240/400] lr: 1.43e-04 | MSE loss: 7.4581e-03 | time: 0.141
I 05.31/21:58:12 solver.py:136 ] Epoch: [29/400][260/400] lr: 1.43e-04 | MSE loss: 7.4366e-03 | time: 0.141
I 05.31/21:58:15 solver.py:136 ] Epoch: [29/400][280/400] lr: 1.44e-04 | MSE loss: 7.4322e-03 | time: 0.141
I 05.31/21:58:18 solver.py:136 ] Epoch: [29/400][300/400] lr: 1.44e-04 | MSE loss: 7.4403e-03 | time: 0.141
I 05.31/21:58:21 solver.py:136 ] Epoch: [29/400][320/400] lr: 1.44e-04 | MSE loss: 7.4855e-03 | time: 0.142
I 05.31/21:58:24 solver.py:136 ] Epoch: [29/400][340/400] lr: 1.44e-04 | MSE loss: 7.4858e-03 | time: 0.142
I 05.31/21:58:27 solver.py:136 ] Epoch: [29/400][360/400] lr: 1.45e-04 | MSE loss: 7.4788e-03 | time: 0.142
I 05.31/21:58:29 solver.py:136 ] Epoch: [29/400][380/400] lr: 1.45e-04 | MSE loss: 7.4756e-03 | time: 0.141
I 05.31/21:58:31 solver.py:136 ] Epoch: [29/400][400/400] lr: 1.45e-04 | MSE loss: 7.4766e-03 | time: 0.140
I 05.31/21:58:31 solver.py:146 ] => Train  Loss: 7.4766e-03

I 05.31/21:58:34 solver.py:205 ] 
=! Best NMSE: -1.6003e+01 (epoch=20)

I 05.31/21:58:36 solver.py:136 ] Epoch: [30/400][20/400] lr: 1.45e-04 | MSE loss: 7.5812e-03 | time: 0.080
I 05.31/21:58:37 solver.py:136 ] Epoch: [30/400][40/400] lr: 1.46e-04 | MSE loss: 7.4086e-03 | time: 0.082
I 05.31/21:58:39 solver.py:136 ] Epoch: [30/400][60/400] lr: 1.46e-04 | MSE loss: 7.2727e-03 | time: 0.081
I 05.31/21:58:42 solver.py:136 ] Epoch: [30/400][80/400] lr: 1.46e-04 | MSE loss: 7.1913e-03 | time: 0.095
I 05.31/21:58:45 solver.py:136 ] Epoch: [30/400][100/400] lr: 1.46e-04 | MSE loss: 7.1346e-03 | time: 0.105
I 05.31/21:58:48 solver.py:136 ] Epoch: [30/400][120/400] lr: 1.47e-04 | MSE loss: 7.1710e-03 | time: 0.112
I 05.31/21:58:51 solver.py:136 ] Epoch: [30/400][140/400] lr: 1.47e-04 | MSE loss: 7.1703e-03 | time: 0.117
I 05.31/21:58:53 solver.py:136 ] Epoch: [30/400][160/400] lr: 1.47e-04 | MSE loss: 7.1439e-03 | time: 0.118
I 05.31/21:58:55 solver.py:136 ] Epoch: [30/400][180/400] lr: 1.47e-04 | MSE loss: 7.1403e-03 | time: 0.117
I 05.31/21:58:58 solver.py:136 ] Epoch: [30/400][200/400] lr: 1.48e-04 | MSE loss: 7.1676e-03 | time: 0.120
I 05.31/21:59:01 solver.py:136 ] Epoch: [30/400][220/400] lr: 1.48e-04 | MSE loss: 7.1868e-03 | time: 0.122
I 05.31/21:59:06 solver.py:136 ] Epoch: [30/400][240/400] lr: 1.48e-04 | MSE loss: 7.1823e-03 | time: 0.131
I 05.31/21:59:08 solver.py:136 ] Epoch: [30/400][260/400] lr: 1.48e-04 | MSE loss: 7.1744e-03 | time: 0.131
I 05.31/21:59:11 solver.py:136 ] Epoch: [30/400][280/400] lr: 1.49e-04 | MSE loss: 7.1921e-03 | time: 0.132
I 05.31/21:59:14 solver.py:136 ] Epoch: [30/400][300/400] lr: 1.49e-04 | MSE loss: 7.2012e-03 | time: 0.132
I 05.31/21:59:16 solver.py:136 ] Epoch: [30/400][320/400] lr: 1.49e-04 | MSE loss: 7.1861e-03 | time: 0.132
I 05.31/21:59:19 solver.py:136 ] Epoch: [30/400][340/400] lr: 1.49e-04 | MSE loss: 7.1799e-03 | time: 0.132
I 05.31/21:59:22 solver.py:136 ] Epoch: [30/400][360/400] lr: 1.50e-04 | MSE loss: 7.1934e-03 | time: 0.132
I 05.31/21:59:24 solver.py:136 ] Epoch: [30/400][380/400] lr: 1.50e-04 | MSE loss: 7.2048e-03 | time: 0.130
I 05.31/21:59:26 solver.py:136 ] Epoch: [30/400][400/400] lr: 1.50e-04 | MSE loss: 7.1902e-03 | time: 0.129
I 05.31/21:59:26 solver.py:146 ] => Train  Loss: 7.1902e-03

I 05.31/21:59:28 solver.py:136 ] Epoch: [30/400][20/50] lr: 1.50e-04 | MSE loss: 7.8062e-03 | time: 0.095
I 05.31/21:59:30 solver.py:136 ] Epoch: [30/400][40/50] lr: 1.50e-04 | MSE loss: 7.8839e-03 | time: 0.096
I 05.31/21:59:31 solver.py:146 ] => Val  Loss: 7.8238e-03

I 05.31/21:59:33 solver.py:287 ] [20/50] loss: 7.9576e-03 | NMSE: -1.8008e+01 | time: 0.114
I 05.31/21:59:35 solver.py:287 ] [40/50] loss: 7.8255e-03 | NMSE: -1.8085e+01 | time: 0.115
I 05.31/21:59:36 solver.py:291 ] => Test NMSE: -1.8111e+01

I 05.31/21:59:44 solver.py:205 ] 
=! Best NMSE: -1.8111e+01 (epoch=30)

I 05.31/21:59:47 solver.py:136 ] Epoch: [31/400][20/400] lr: 1.50e-04 | MSE loss: 7.1169e-03 | time: 0.128
I 05.31/21:59:49 solver.py:136 ] Epoch: [31/400][40/400] lr: 1.50e-04 | MSE loss: 6.8194e-03 | time: 0.133
I 05.31/21:59:52 solver.py:136 ] Epoch: [31/400][60/400] lr: 1.51e-04 | MSE loss: 6.7532e-03 | time: 0.136
I 05.31/21:59:55 solver.py:136 ] Epoch: [31/400][80/400] lr: 1.51e-04 | MSE loss: 6.7361e-03 | time: 0.138
I 05.31/21:59:57 solver.py:136 ] Epoch: [31/400][100/400] lr: 1.51e-04 | MSE loss: 6.7254e-03 | time: 0.135
I 05.31/22:00:00 solver.py:136 ] Epoch: [31/400][120/400] lr: 1.51e-04 | MSE loss: 6.7567e-03 | time: 0.134
I 05.31/22:00:04 solver.py:136 ] Epoch: [31/400][140/400] lr: 1.52e-04 | MSE loss: 6.8035e-03 | time: 0.148
I 05.31/22:00:07 solver.py:136 ] Epoch: [31/400][160/400] lr: 1.52e-04 | MSE loss: 6.8019e-03 | time: 0.145
I 05.31/22:00:10 solver.py:136 ] Epoch: [31/400][180/400] lr: 1.52e-04 | MSE loss: 6.7800e-03 | time: 0.143
I 05.31/22:00:12 solver.py:136 ] Epoch: [31/400][200/400] lr: 1.52e-04 | MSE loss: 6.7967e-03 | time: 0.142
I 05.31/22:00:15 solver.py:136 ] Epoch: [31/400][220/400] lr: 1.53e-04 | MSE loss: 6.8376e-03 | time: 0.140
I 05.31/22:00:17 solver.py:136 ] Epoch: [31/400][240/400] lr: 1.53e-04 | MSE loss: 6.8349e-03 | time: 0.138
I 05.31/22:00:19 solver.py:136 ] Epoch: [31/400][260/400] lr: 1.53e-04 | MSE loss: 6.8376e-03 | time: 0.137
I 05.31/22:00:22 solver.py:136 ] Epoch: [31/400][280/400] lr: 1.53e-04 | MSE loss: 6.8510e-03 | time: 0.136
I 05.31/22:00:24 solver.py:136 ] Epoch: [31/400][300/400] lr: 1.54e-04 | MSE loss: 6.8740e-03 | time: 0.135
I 05.31/22:00:27 solver.py:136 ] Epoch: [31/400][320/400] lr: 1.54e-04 | MSE loss: 6.8660e-03 | time: 0.134
I 05.31/22:00:29 solver.py:136 ] Epoch: [31/400][340/400] lr: 1.54e-04 | MSE loss: 6.8708e-03 | time: 0.133
I 05.31/22:00:32 solver.py:136 ] Epoch: [31/400][360/400] lr: 1.54e-04 | MSE loss: 6.8929e-03 | time: 0.133
I 05.31/22:00:35 solver.py:136 ] Epoch: [31/400][380/400] lr: 1.55e-04 | MSE loss: 6.9014e-03 | time: 0.133
I 05.31/22:00:37 solver.py:136 ] Epoch: [31/400][400/400] lr: 1.55e-04 | MSE loss: 6.9024e-03 | time: 0.133
I 05.31/22:00:37 solver.py:146 ] => Train  Loss: 6.9024e-03

I 05.31/22:00:42 solver.py:205 ] 
=! Best NMSE: -1.8111e+01 (epoch=30)

I 05.31/22:00:44 solver.py:136 ] Epoch: [32/400][20/400] lr: 1.55e-04 | MSE loss: 6.5040e-03 | time: 0.131
I 05.31/22:00:46 solver.py:136 ] Epoch: [32/400][40/400] lr: 1.56e-04 | MSE loss: 6.7589e-03 | time: 0.120
I 05.31/22:00:49 solver.py:136 ] Epoch: [32/400][60/400] lr: 1.56e-04 | MSE loss: 6.7147e-03 | time: 0.120
I 05.31/22:00:52 solver.py:136 ] Epoch: [32/400][80/400] lr: 1.56e-04 | MSE loss: 6.7081e-03 | time: 0.124
I 05.31/22:00:54 solver.py:136 ] Epoch: [32/400][100/400] lr: 1.56e-04 | MSE loss: 6.6533e-03 | time: 0.127
I 05.31/22:00:57 solver.py:136 ] Epoch: [32/400][120/400] lr: 1.57e-04 | MSE loss: 6.6788e-03 | time: 0.128
I 05.31/22:01:00 solver.py:136 ] Epoch: [32/400][140/400] lr: 1.57e-04 | MSE loss: 6.7016e-03 | time: 0.128
I 05.31/22:01:04 solver.py:136 ] Epoch: [32/400][160/400] lr: 1.57e-04 | MSE loss: 6.7096e-03 | time: 0.139
I 05.31/22:01:07 solver.py:136 ] Epoch: [32/400][180/400] lr: 1.57e-04 | MSE loss: 6.6647e-03 | time: 0.139
I 05.31/22:01:10 solver.py:136 ] Epoch: [32/400][200/400] lr: 1.58e-04 | MSE loss: 6.6478e-03 | time: 0.138
I 05.31/22:01:12 solver.py:136 ] Epoch: [32/400][220/400] lr: 1.58e-04 | MSE loss: 6.6476e-03 | time: 0.136
I 05.31/22:01:14 solver.py:136 ] Epoch: [32/400][240/400] lr: 1.58e-04 | MSE loss: 6.6398e-03 | time: 0.135
I 05.31/22:01:16 solver.py:136 ] Epoch: [32/400][260/400] lr: 1.58e-04 | MSE loss: 6.6652e-03 | time: 0.132
I 05.31/22:01:18 solver.py:136 ] Epoch: [32/400][280/400] lr: 1.59e-04 | MSE loss: 6.6637e-03 | time: 0.131
I 05.31/22:01:21 solver.py:136 ] Epoch: [32/400][300/400] lr: 1.59e-04 | MSE loss: 6.6581e-03 | time: 0.132
I 05.31/22:01:24 solver.py:136 ] Epoch: [32/400][320/400] lr: 1.59e-04 | MSE loss: 6.6477e-03 | time: 0.132
I 05.31/22:01:27 solver.py:136 ] Epoch: [32/400][340/400] lr: 1.59e-04 | MSE loss: 6.6624e-03 | time: 0.133
I 05.31/22:01:29 solver.py:136 ] Epoch: [32/400][360/400] lr: 1.60e-04 | MSE loss: 6.6534e-03 | time: 0.131
I 05.31/22:01:32 solver.py:136 ] Epoch: [32/400][380/400] lr: 1.60e-04 | MSE loss: 6.6367e-03 | time: 0.132
I 05.31/22:01:34 solver.py:136 ] Epoch: [32/400][400/400] lr: 1.60e-04 | MSE loss: 6.6239e-03 | time: 0.132
I 05.31/22:01:34 solver.py:146 ] => Train  Loss: 6.6239e-03

I 05.31/22:01:38 solver.py:205 ] 
=! Best NMSE: -1.8111e+01 (epoch=30)

I 05.31/22:01:41 solver.py:136 ] Epoch: [33/400][20/400] lr: 1.60e-04 | MSE loss: 6.0003e-03 | time: 0.137
I 05.31/22:01:44 solver.py:136 ] Epoch: [33/400][40/400] lr: 1.60e-04 | MSE loss: 6.0279e-03 | time: 0.143
I 05.31/22:01:47 solver.py:136 ] Epoch: [33/400][60/400] lr: 1.61e-04 | MSE loss: 6.0581e-03 | time: 0.142
I 05.31/22:01:50 solver.py:136 ] Epoch: [33/400][80/400] lr: 1.61e-04 | MSE loss: 6.0919e-03 | time: 0.137
I 05.31/22:01:52 solver.py:136 ] Epoch: [33/400][100/400] lr: 1.61e-04 | MSE loss: 6.1191e-03 | time: 0.138
I 05.31/22:01:55 solver.py:136 ] Epoch: [33/400][120/400] lr: 1.61e-04 | MSE loss: 6.1283e-03 | time: 0.138
I 05.31/22:01:58 solver.py:136 ] Epoch: [33/400][140/400] lr: 1.62e-04 | MSE loss: 6.2042e-03 | time: 0.138
I 05.31/22:02:01 solver.py:136 ] Epoch: [33/400][160/400] lr: 1.62e-04 | MSE loss: 6.2243e-03 | time: 0.138
I 05.31/22:02:05 solver.py:136 ] Epoch: [33/400][180/400] lr: 1.62e-04 | MSE loss: 6.2651e-03 | time: 0.146
I 05.31/22:02:08 solver.py:136 ] Epoch: [33/400][200/400] lr: 1.62e-04 | MSE loss: 6.2874e-03 | time: 0.144
I 05.31/22:02:10 solver.py:136 ] Epoch: [33/400][220/400] lr: 1.63e-04 | MSE loss: 6.2880e-03 | time: 0.144
I 05.31/22:02:12 solver.py:136 ] Epoch: [33/400][240/400] lr: 1.63e-04 | MSE loss: 6.2926e-03 | time: 0.142
I 05.31/22:02:15 solver.py:136 ] Epoch: [33/400][260/400] lr: 1.63e-04 | MSE loss: 6.2946e-03 | time: 0.140
I 05.31/22:02:18 solver.py:136 ] Epoch: [33/400][280/400] lr: 1.64e-04 | MSE loss: 6.3119e-03 | time: 0.140
I 05.31/22:02:20 solver.py:136 ] Epoch: [33/400][300/400] lr: 1.64e-04 | MSE loss: 6.3354e-03 | time: 0.140
I 05.31/22:02:23 solver.py:136 ] Epoch: [33/400][320/400] lr: 1.64e-04 | MSE loss: 6.3255e-03 | time: 0.139
I 05.31/22:02:26 solver.py:136 ] Epoch: [33/400][340/400] lr: 1.64e-04 | MSE loss: 6.3398e-03 | time: 0.139
I 05.31/22:02:28 solver.py:136 ] Epoch: [33/400][360/400] lr: 1.65e-04 | MSE loss: 6.3416e-03 | time: 0.138
I 05.31/22:02:31 solver.py:136 ] Epoch: [33/400][380/400] lr: 1.65e-04 | MSE loss: 6.3449e-03 | time: 0.138
I 05.31/22:02:34 solver.py:136 ] Epoch: [33/400][400/400] lr: 1.65e-04 | MSE loss: 6.3533e-03 | time: 0.139
I 05.31/22:02:34 solver.py:146 ] => Train  Loss: 6.3533e-03

I 05.31/22:02:38 solver.py:205 ] 
=! Best NMSE: -1.8111e+01 (epoch=30)

I 05.31/22:02:40 solver.py:136 ] Epoch: [34/400][20/400] lr: 1.65e-04 | MSE loss: 5.8868e-03 | time: 0.124
I 05.31/22:02:43 solver.py:136 ] Epoch: [34/400][40/400] lr: 1.66e-04 | MSE loss: 6.0133e-03 | time: 0.123
I 05.31/22:02:45 solver.py:136 ] Epoch: [34/400][60/400] lr: 1.66e-04 | MSE loss: 6.1169e-03 | time: 0.121
I 05.31/22:02:48 solver.py:136 ] Epoch: [34/400][80/400] lr: 1.66e-04 | MSE loss: 6.1047e-03 | time: 0.124
I 05.31/22:02:51 solver.py:136 ] Epoch: [34/400][100/400] lr: 1.66e-04 | MSE loss: 6.0864e-03 | time: 0.124
I 05.31/22:02:53 solver.py:136 ] Epoch: [34/400][120/400] lr: 1.67e-04 | MSE loss: 6.0814e-03 | time: 0.127
I 05.31/22:02:56 solver.py:136 ] Epoch: [34/400][140/400] lr: 1.67e-04 | MSE loss: 6.0668e-03 | time: 0.128
I 05.31/22:02:58 solver.py:136 ] Epoch: [34/400][160/400] lr: 1.67e-04 | MSE loss: 6.0706e-03 | time: 0.127
I 05.31/22:03:00 solver.py:136 ] Epoch: [34/400][180/400] lr: 1.67e-04 | MSE loss: 6.1014e-03 | time: 0.125
I 05.31/22:03:05 solver.py:136 ] Epoch: [34/400][200/400] lr: 1.68e-04 | MSE loss: 6.1223e-03 | time: 0.133
I 05.31/22:03:07 solver.py:136 ] Epoch: [34/400][220/400] lr: 1.68e-04 | MSE loss: 6.1337e-03 | time: 0.133
I 05.31/22:03:10 solver.py:136 ] Epoch: [34/400][240/400] lr: 1.68e-04 | MSE loss: 6.1145e-03 | time: 0.133
I 05.31/22:03:13 solver.py:136 ] Epoch: [34/400][260/400] lr: 1.68e-04 | MSE loss: 6.1336e-03 | time: 0.135
I 05.31/22:03:16 solver.py:136 ] Epoch: [34/400][280/400] lr: 1.69e-04 | MSE loss: 6.1165e-03 | time: 0.136
I 05.31/22:03:19 solver.py:136 ] Epoch: [34/400][300/400] lr: 1.69e-04 | MSE loss: 6.1084e-03 | time: 0.136
I 05.31/22:03:22 solver.py:136 ] Epoch: [34/400][320/400] lr: 1.69e-04 | MSE loss: 6.1039e-03 | time: 0.137
I 05.31/22:03:24 solver.py:136 ] Epoch: [34/400][340/400] lr: 1.69e-04 | MSE loss: 6.1406e-03 | time: 0.136
I 05.31/22:03:27 solver.py:136 ] Epoch: [34/400][360/400] lr: 1.70e-04 | MSE loss: 6.1520e-03 | time: 0.136
I 05.31/22:03:30 solver.py:136 ] Epoch: [34/400][380/400] lr: 1.70e-04 | MSE loss: 6.1650e-03 | time: 0.135
I 05.31/22:03:32 solver.py:136 ] Epoch: [34/400][400/400] lr: 1.70e-04 | MSE loss: 6.1892e-03 | time: 0.135
I 05.31/22:03:32 solver.py:146 ] => Train  Loss: 6.1892e-03

I 05.31/22:03:35 solver.py:205 ] 
=! Best NMSE: -1.8111e+01 (epoch=30)

I 05.31/22:03:37 solver.py:136 ] Epoch: [35/400][20/400] lr: 1.70e-04 | MSE loss: 6.2155e-03 | time: 0.133
I 05.31/22:03:40 solver.py:136 ] Epoch: [35/400][40/400] lr: 1.71e-04 | MSE loss: 6.1584e-03 | time: 0.129
I 05.31/22:03:43 solver.py:136 ] Epoch: [35/400][60/400] lr: 1.71e-04 | MSE loss: 6.0176e-03 | time: 0.129
I 05.31/22:03:45 solver.py:136 ] Epoch: [35/400][80/400] lr: 1.71e-04 | MSE loss: 6.0426e-03 | time: 0.129
I 05.31/22:03:47 solver.py:136 ] Epoch: [35/400][100/400] lr: 1.71e-04 | MSE loss: 6.0128e-03 | time: 0.127
I 05.31/22:03:50 solver.py:136 ] Epoch: [35/400][120/400] lr: 1.72e-04 | MSE loss: 5.9784e-03 | time: 0.127
I 05.31/22:03:53 solver.py:136 ] Epoch: [35/400][140/400] lr: 1.72e-04 | MSE loss: 5.9606e-03 | time: 0.126
I 05.31/22:03:55 solver.py:136 ] Epoch: [35/400][160/400] lr: 1.72e-04 | MSE loss: 5.9221e-03 | time: 0.125
I 05.31/22:03:58 solver.py:136 ] Epoch: [35/400][180/400] lr: 1.72e-04 | MSE loss: 5.9168e-03 | time: 0.127
I 05.31/22:04:00 solver.py:136 ] Epoch: [35/400][200/400] lr: 1.73e-04 | MSE loss: 5.9325e-03 | time: 0.128
I 05.31/22:04:05 solver.py:136 ] Epoch: [35/400][220/400] lr: 1.73e-04 | MSE loss: 5.9295e-03 | time: 0.138
I 05.31/22:04:08 solver.py:136 ] Epoch: [35/400][240/400] lr: 1.73e-04 | MSE loss: 5.9242e-03 | time: 0.138
I 05.31/22:04:11 solver.py:136 ] Epoch: [35/400][260/400] lr: 1.73e-04 | MSE loss: 5.9137e-03 | time: 0.138
I 05.31/22:04:14 solver.py:136 ] Epoch: [35/400][280/400] lr: 1.74e-04 | MSE loss: 5.8976e-03 | time: 0.139
I 05.31/22:04:16 solver.py:136 ] Epoch: [35/400][300/400] lr: 1.74e-04 | MSE loss: 5.8959e-03 | time: 0.138
I 05.31/22:04:19 solver.py:136 ] Epoch: [35/400][320/400] lr: 1.74e-04 | MSE loss: 5.8951e-03 | time: 0.139
I 05.31/22:04:22 solver.py:136 ] Epoch: [35/400][340/400] lr: 1.74e-04 | MSE loss: 5.8802e-03 | time: 0.139
I 05.31/22:04:25 solver.py:136 ] Epoch: [35/400][360/400] lr: 1.75e-04 | MSE loss: 5.8804e-03 | time: 0.139
I 05.31/22:04:27 solver.py:136 ] Epoch: [35/400][380/400] lr: 1.75e-04 | MSE loss: 5.8925e-03 | time: 0.139
I 05.31/22:04:30 solver.py:136 ] Epoch: [35/400][400/400] lr: 1.75e-04 | MSE loss: 5.8862e-03 | time: 0.138
I 05.31/22:04:30 solver.py:146 ] => Train  Loss: 5.8862e-03

I 05.31/22:04:35 solver.py:205 ] 
=! Best NMSE: -1.8111e+01 (epoch=30)

I 05.31/22:04:38 solver.py:136 ] Epoch: [36/400][20/400] lr: 1.75e-04 | MSE loss: 5.6542e-03 | time: 0.130
I 05.31/22:04:40 solver.py:136 ] Epoch: [36/400][40/400] lr: 1.76e-04 | MSE loss: 5.6683e-03 | time: 0.137
I 05.31/22:04:43 solver.py:136 ] Epoch: [36/400][60/400] lr: 1.76e-04 | MSE loss: 5.6786e-03 | time: 0.135
I 05.31/22:04:46 solver.py:136 ] Epoch: [36/400][80/400] lr: 1.76e-04 | MSE loss: 5.6258e-03 | time: 0.135
I 05.31/22:04:48 solver.py:136 ] Epoch: [36/400][100/400] lr: 1.76e-04 | MSE loss: 5.6505e-03 | time: 0.136
I 05.31/22:04:51 solver.py:136 ] Epoch: [36/400][120/400] lr: 1.77e-04 | MSE loss: 5.6606e-03 | time: 0.137
I 05.31/22:04:54 solver.py:136 ] Epoch: [36/400][140/400] lr: 1.77e-04 | MSE loss: 5.6822e-03 | time: 0.136
I 05.31/22:04:57 solver.py:136 ] Epoch: [36/400][160/400] lr: 1.77e-04 | MSE loss: 5.7074e-03 | time: 0.136
I 05.31/22:04:59 solver.py:136 ] Epoch: [36/400][180/400] lr: 1.77e-04 | MSE loss: 5.7048e-03 | time: 0.136
I 05.31/22:05:03 solver.py:136 ] Epoch: [36/400][200/400] lr: 1.78e-04 | MSE loss: 5.7060e-03 | time: 0.143
I 05.31/22:05:06 solver.py:136 ] Epoch: [36/400][220/400] lr: 1.78e-04 | MSE loss: 5.7178e-03 | time: 0.142
I 05.31/22:05:09 solver.py:136 ] Epoch: [36/400][240/400] lr: 1.78e-04 | MSE loss: 5.7396e-03 | time: 0.141
I 05.31/22:05:11 solver.py:136 ] Epoch: [36/400][260/400] lr: 1.78e-04 | MSE loss: 5.7505e-03 | time: 0.140
I 05.31/22:05:14 solver.py:136 ] Epoch: [36/400][280/400] lr: 1.79e-04 | MSE loss: 5.7540e-03 | time: 0.139
I 05.31/22:05:17 solver.py:136 ] Epoch: [36/400][300/400] lr: 1.79e-04 | MSE loss: 5.7590e-03 | time: 0.139
I 05.31/22:05:19 solver.py:136 ] Epoch: [36/400][320/400] lr: 1.79e-04 | MSE loss: 5.7796e-03 | time: 0.138
I 05.31/22:05:22 solver.py:136 ] Epoch: [36/400][340/400] lr: 1.79e-04 | MSE loss: 5.7797e-03 | time: 0.138
I 05.31/22:05:24 solver.py:136 ] Epoch: [36/400][360/400] lr: 1.80e-04 | MSE loss: 5.7750e-03 | time: 0.137
I 05.31/22:05:26 solver.py:136 ] Epoch: [36/400][380/400] lr: 1.80e-04 | MSE loss: 5.7649e-03 | time: 0.136
I 05.31/22:05:29 solver.py:136 ] Epoch: [36/400][400/400] lr: 1.80e-04 | MSE loss: 5.7565e-03 | time: 0.135
I 05.31/22:05:29 solver.py:146 ] => Train  Loss: 5.7565e-03

I 05.31/22:05:33 solver.py:205 ] 
=! Best NMSE: -1.8111e+01 (epoch=30)

I 05.31/22:05:36 solver.py:136 ] Epoch: [37/400][20/400] lr: 1.80e-04 | MSE loss: 5.4294e-03 | time: 0.140
I 05.31/22:05:39 solver.py:136 ] Epoch: [37/400][40/400] lr: 1.81e-04 | MSE loss: 5.4744e-03 | time: 0.141
I 05.31/22:05:41 solver.py:136 ] Epoch: [37/400][60/400] lr: 1.81e-04 | MSE loss: 5.6680e-03 | time: 0.137
I 05.31/22:05:44 solver.py:136 ] Epoch: [37/400][80/400] lr: 1.81e-04 | MSE loss: 5.6833e-03 | time: 0.137
I 05.31/22:05:46 solver.py:136 ] Epoch: [37/400][100/400] lr: 1.81e-04 | MSE loss: 5.6434e-03 | time: 0.137
I 05.31/22:05:49 solver.py:136 ] Epoch: [37/400][120/400] lr: 1.82e-04 | MSE loss: 5.6398e-03 | time: 0.138
I 05.31/22:05:52 solver.py:136 ] Epoch: [37/400][140/400] lr: 1.82e-04 | MSE loss: 5.6562e-03 | time: 0.138
I 05.31/22:05:55 solver.py:136 ] Epoch: [37/400][160/400] lr: 1.82e-04 | MSE loss: 5.6108e-03 | time: 0.139
I 05.31/22:05:58 solver.py:136 ] Epoch: [37/400][180/400] lr: 1.82e-04 | MSE loss: 5.5658e-03 | time: 0.139
I 05.31/22:06:00 solver.py:136 ] Epoch: [37/400][200/400] lr: 1.82e-04 | MSE loss: 5.5608e-03 | time: 0.138
I 05.31/22:06:05 solver.py:136 ] Epoch: [37/400][220/400] lr: 1.83e-04 | MSE loss: 5.5559e-03 | time: 0.145
I 05.31/22:06:07 solver.py:136 ] Epoch: [37/400][240/400] lr: 1.83e-04 | MSE loss: 5.5799e-03 | time: 0.145
I 05.31/22:06:10 solver.py:136 ] Epoch: [37/400][260/400] lr: 1.83e-04 | MSE loss: 5.5936e-03 | time: 0.144
I 05.31/22:06:12 solver.py:136 ] Epoch: [37/400][280/400] lr: 1.83e-04 | MSE loss: 5.5878e-03 | time: 0.142
I 05.31/22:06:15 solver.py:136 ] Epoch: [37/400][300/400] lr: 1.84e-04 | MSE loss: 5.5814e-03 | time: 0.141
I 05.31/22:06:18 solver.py:136 ] Epoch: [37/400][320/400] lr: 1.84e-04 | MSE loss: 5.5831e-03 | time: 0.141
I 05.31/22:06:21 solver.py:136 ] Epoch: [37/400][340/400] lr: 1.84e-04 | MSE loss: 5.5922e-03 | time: 0.140
I 05.31/22:06:23 solver.py:136 ] Epoch: [37/400][360/400] lr: 1.84e-04 | MSE loss: 5.5878e-03 | time: 0.140
I 05.31/22:06:26 solver.py:136 ] Epoch: [37/400][380/400] lr: 1.85e-04 | MSE loss: 5.5695e-03 | time: 0.139
I 05.31/22:06:28 solver.py:136 ] Epoch: [37/400][400/400] lr: 1.85e-04 | MSE loss: 5.5782e-03 | time: 0.139
I 05.31/22:06:28 solver.py:146 ] => Train  Loss: 5.5782e-03

I 05.31/22:06:33 solver.py:205 ] 
=! Best NMSE: -1.8111e+01 (epoch=30)

I 05.31/22:06:36 solver.py:136 ] Epoch: [38/400][20/400] lr: 1.85e-04 | MSE loss: 5.1193e-03 | time: 0.152
I 05.31/22:06:38 solver.py:136 ] Epoch: [38/400][40/400] lr: 1.86e-04 | MSE loss: 5.2841e-03 | time: 0.129
I 05.31/22:06:40 solver.py:136 ] Epoch: [38/400][60/400] lr: 1.86e-04 | MSE loss: 5.3947e-03 | time: 0.122
I 05.31/22:06:43 solver.py:136 ] Epoch: [38/400][80/400] lr: 1.86e-04 | MSE loss: 5.3617e-03 | time: 0.126
I 05.31/22:06:46 solver.py:136 ] Epoch: [38/400][100/400] lr: 1.86e-04 | MSE loss: 5.3167e-03 | time: 0.130
I 05.31/22:06:49 solver.py:136 ] Epoch: [38/400][120/400] lr: 1.87e-04 | MSE loss: 5.3106e-03 | time: 0.131
I 05.31/22:06:51 solver.py:136 ] Epoch: [38/400][140/400] lr: 1.87e-04 | MSE loss: 5.3036e-03 | time: 0.132
I 05.31/22:06:54 solver.py:136 ] Epoch: [38/400][160/400] lr: 1.87e-04 | MSE loss: 5.3060e-03 | time: 0.132
I 05.31/22:06:56 solver.py:136 ] Epoch: [38/400][180/400] lr: 1.87e-04 | MSE loss: 5.3403e-03 | time: 0.133
I 05.31/22:06:59 solver.py:136 ] Epoch: [38/400][200/400] lr: 1.88e-04 | MSE loss: 5.3339e-03 | time: 0.133
I 05.31/22:07:04 solver.py:136 ] Epoch: [38/400][220/400] lr: 1.88e-04 | MSE loss: 5.3453e-03 | time: 0.140
I 05.31/22:07:07 solver.py:136 ] Epoch: [38/400][240/400] lr: 1.88e-04 | MSE loss: 5.3484e-03 | time: 0.140
I 05.31/22:07:09 solver.py:136 ] Epoch: [38/400][260/400] lr: 1.88e-04 | MSE loss: 5.3593e-03 | time: 0.140
I 05.31/22:07:12 solver.py:136 ] Epoch: [38/400][280/400] lr: 1.89e-04 | MSE loss: 5.3424e-03 | time: 0.140
I 05.31/22:07:15 solver.py:136 ] Epoch: [38/400][300/400] lr: 1.89e-04 | MSE loss: 5.3525e-03 | time: 0.139
I 05.31/22:07:17 solver.py:136 ] Epoch: [38/400][320/400] lr: 1.89e-04 | MSE loss: 5.3649e-03 | time: 0.139
I 05.31/22:07:20 solver.py:136 ] Epoch: [38/400][340/400] lr: 1.89e-04 | MSE loss: 5.3621e-03 | time: 0.140
I 05.31/22:07:23 solver.py:136 ] Epoch: [38/400][360/400] lr: 1.89e-04 | MSE loss: 5.3687e-03 | time: 0.139
I 05.31/22:07:25 solver.py:136 ] Epoch: [38/400][380/400] lr: 1.90e-04 | MSE loss: 5.3595e-03 | time: 0.139
I 05.31/22:07:28 solver.py:136 ] Epoch: [38/400][400/400] lr: 1.90e-04 | MSE loss: 5.3650e-03 | time: 0.139
I 05.31/22:07:28 solver.py:146 ] => Train  Loss: 5.3650e-03

I 05.31/22:07:33 solver.py:205 ] 
=! Best NMSE: -1.8111e+01 (epoch=30)

I 05.31/22:07:36 solver.py:136 ] Epoch: [39/400][20/400] lr: 1.90e-04 | MSE loss: 5.4893e-03 | time: 0.155
I 05.31/22:07:39 solver.py:136 ] Epoch: [39/400][40/400] lr: 1.90e-04 | MSE loss: 5.4183e-03 | time: 0.142
I 05.31/22:07:42 solver.py:136 ] Epoch: [39/400][60/400] lr: 1.91e-04 | MSE loss: 5.3328e-03 | time: 0.138
I 05.31/22:07:44 solver.py:136 ] Epoch: [39/400][80/400] lr: 1.91e-04 | MSE loss: 5.2362e-03 | time: 0.138
I 05.31/22:07:47 solver.py:136 ] Epoch: [39/400][100/400] lr: 1.91e-04 | MSE loss: 5.2618e-03 | time: 0.139
I 05.31/22:07:50 solver.py:136 ] Epoch: [39/400][120/400] lr: 1.91e-04 | MSE loss: 5.2908e-03 | time: 0.144
I 05.31/22:07:53 solver.py:136 ] Epoch: [39/400][140/400] lr: 1.92e-04 | MSE loss: 5.3153e-03 | time: 0.143
I 05.31/22:07:56 solver.py:136 ] Epoch: [39/400][160/400] lr: 1.92e-04 | MSE loss: 5.2983e-03 | time: 0.141
I 05.31/22:07:59 solver.py:136 ] Epoch: [39/400][180/400] lr: 1.92e-04 | MSE loss: 5.3037e-03 | time: 0.142
I 05.31/22:08:02 solver.py:136 ] Epoch: [39/400][200/400] lr: 1.93e-04 | MSE loss: 5.2955e-03 | time: 0.146
I 05.31/22:08:06 solver.py:136 ] Epoch: [39/400][220/400] lr: 1.93e-04 | MSE loss: 5.2859e-03 | time: 0.150
I 05.31/22:08:09 solver.py:136 ] Epoch: [39/400][240/400] lr: 1.93e-04 | MSE loss: 5.2691e-03 | time: 0.148
I 05.31/22:08:11 solver.py:136 ] Epoch: [39/400][260/400] lr: 1.93e-04 | MSE loss: 5.2619e-03 | time: 0.147
I 05.31/22:08:14 solver.py:136 ] Epoch: [39/400][280/400] lr: 1.94e-04 | MSE loss: 5.2449e-03 | time: 0.145
I 05.31/22:08:17 solver.py:136 ] Epoch: [39/400][300/400] lr: 1.94e-04 | MSE loss: 5.2590e-03 | time: 0.144
I 05.31/22:08:19 solver.py:136 ] Epoch: [39/400][320/400] lr: 1.94e-04 | MSE loss: 5.2702e-03 | time: 0.143
I 05.31/22:08:21 solver.py:136 ] Epoch: [39/400][340/400] lr: 1.94e-04 | MSE loss: 5.2795e-03 | time: 0.142
I 05.31/22:08:24 solver.py:136 ] Epoch: [39/400][360/400] lr: 1.95e-04 | MSE loss: 5.2843e-03 | time: 0.140
I 05.31/22:08:26 solver.py:136 ] Epoch: [39/400][380/400] lr: 1.95e-04 | MSE loss: 5.2933e-03 | time: 0.140
I 05.31/22:08:29 solver.py:136 ] Epoch: [39/400][400/400] lr: 1.95e-04 | MSE loss: 5.3030e-03 | time: 0.139
I 05.31/22:08:29 solver.py:146 ] => Train  Loss: 5.3030e-03

I 05.31/22:08:33 solver.py:205 ] 
=! Best NMSE: -1.8111e+01 (epoch=30)

I 05.31/22:08:36 solver.py:136 ] Epoch: [40/400][20/400] lr: 1.95e-04 | MSE loss: 4.8454e-03 | time: 0.136
I 05.31/22:08:38 solver.py:136 ] Epoch: [40/400][40/400] lr: 1.96e-04 | MSE loss: 4.9805e-03 | time: 0.124
I 05.31/22:08:41 solver.py:136 ] Epoch: [40/400][60/400] lr: 1.96e-04 | MSE loss: 5.0123e-03 | time: 0.125
I 05.31/22:08:43 solver.py:136 ] Epoch: [40/400][80/400] lr: 1.96e-04 | MSE loss: 5.0782e-03 | time: 0.125
I 05.31/22:08:46 solver.py:136 ] Epoch: [40/400][100/400] lr: 1.96e-04 | MSE loss: 5.0970e-03 | time: 0.128
I 05.31/22:08:49 solver.py:136 ] Epoch: [40/400][120/400] lr: 1.97e-04 | MSE loss: 5.0611e-03 | time: 0.125
I 05.31/22:08:51 solver.py:136 ] Epoch: [40/400][140/400] lr: 1.97e-04 | MSE loss: 5.0549e-03 | time: 0.127
I 05.31/22:08:54 solver.py:136 ] Epoch: [40/400][160/400] lr: 1.97e-04 | MSE loss: 5.0084e-03 | time: 0.127
I 05.31/22:08:56 solver.py:136 ] Epoch: [40/400][180/400] lr: 1.97e-04 | MSE loss: 5.0170e-03 | time: 0.127
I 05.31/22:08:59 solver.py:136 ] Epoch: [40/400][200/400] lr: 1.98e-04 | MSE loss: 5.0313e-03 | time: 0.126
I 05.31/22:09:02 solver.py:136 ] Epoch: [40/400][220/400] lr: 1.98e-04 | MSE loss: 5.0291e-03 | time: 0.129
I 05.31/22:09:06 solver.py:136 ] Epoch: [40/400][240/400] lr: 1.98e-04 | MSE loss: 5.0223e-03 | time: 0.134
I 05.31/22:09:08 solver.py:136 ] Epoch: [40/400][260/400] lr: 1.98e-04 | MSE loss: 5.0332e-03 | time: 0.133
I 05.31/22:09:11 solver.py:136 ] Epoch: [40/400][280/400] lr: 1.99e-04 | MSE loss: 5.0294e-03 | time: 0.133
I 05.31/22:09:14 solver.py:136 ] Epoch: [40/400][300/400] lr: 1.99e-04 | MSE loss: 5.0163e-03 | time: 0.133
I 05.31/22:09:17 solver.py:136 ] Epoch: [40/400][320/400] lr: 1.99e-04 | MSE loss: 5.0083e-03 | time: 0.134
I 05.31/22:09:19 solver.py:136 ] Epoch: [40/400][340/400] lr: 1.99e-04 | MSE loss: 5.0090e-03 | time: 0.134
I 05.31/22:09:22 solver.py:136 ] Epoch: [40/400][360/400] lr: 1.99e-04 | MSE loss: 5.0033e-03 | time: 0.135
I 05.31/22:09:25 solver.py:136 ] Epoch: [40/400][380/400] lr: 2.00e-04 | MSE loss: 5.0021e-03 | time: 0.135
I 05.31/22:09:27 solver.py:136 ] Epoch: [40/400][400/400] lr: 2.00e-04 | MSE loss: 4.9950e-03 | time: 0.135
I 05.31/22:09:27 solver.py:146 ] => Train  Loss: 4.9950e-03

I 05.31/22:09:30 solver.py:136 ] Epoch: [40/400][20/50] lr: 2.00e-04 | MSE loss: 5.5383e-03 | time: 0.116
I 05.31/22:09:32 solver.py:136 ] Epoch: [40/400][40/50] lr: 2.00e-04 | MSE loss: 5.5879e-03 | time: 0.115
I 05.31/22:09:33 solver.py:146 ] => Val  Loss: 5.5383e-03

I 05.31/22:09:36 solver.py:287 ] [20/50] loss: 5.6132e-03 | NMSE: -1.9517e+01 | time: 0.125
I 05.31/22:09:38 solver.py:287 ] [40/50] loss: 5.5838e-03 | NMSE: -1.9545e+01 | time: 0.110
I 05.31/22:09:39 solver.py:291 ] => Test NMSE: -1.9576e+01

I 05.31/22:09:46 solver.py:205 ] 
=! Best NMSE: -1.9576e+01 (epoch=40)

I 05.31/22:09:49 solver.py:136 ] Epoch: [41/400][20/400] lr: 2.00e-04 | MSE loss: 4.7841e-03 | time: 0.145
I 05.31/22:09:52 solver.py:136 ] Epoch: [41/400][40/400] lr: 2.00e-04 | MSE loss: 4.7851e-03 | time: 0.145
I 05.31/22:09:55 solver.py:136 ] Epoch: [41/400][60/400] lr: 2.00e-04 | MSE loss: 4.8498e-03 | time: 0.137
I 05.31/22:09:58 solver.py:136 ] Epoch: [41/400][80/400] lr: 2.00e-04 | MSE loss: 4.8839e-03 | time: 0.137
I 05.31/22:10:00 solver.py:136 ] Epoch: [41/400][100/400] lr: 2.00e-04 | MSE loss: 4.8756e-03 | time: 0.134
I 05.31/22:10:05 solver.py:136 ] Epoch: [41/400][120/400] lr: 2.00e-04 | MSE loss: 4.8987e-03 | time: 0.153
I 05.31/22:10:08 solver.py:136 ] Epoch: [41/400][140/400] lr: 2.00e-04 | MSE loss: 4.9143e-03 | time: 0.150
I 05.31/22:10:10 solver.py:136 ] Epoch: [41/400][160/400] lr: 2.00e-04 | MSE loss: 4.8978e-03 | time: 0.149
I 05.31/22:10:13 solver.py:136 ] Epoch: [41/400][180/400] lr: 2.00e-04 | MSE loss: 4.8887e-03 | time: 0.147
I 05.31/22:10:15 solver.py:136 ] Epoch: [41/400][200/400] lr: 2.00e-04 | MSE loss: 4.8909e-03 | time: 0.145
I 05.31/22:10:18 solver.py:136 ] Epoch: [41/400][220/400] lr: 2.00e-04 | MSE loss: 4.8771e-03 | time: 0.143
I 05.31/22:10:21 solver.py:136 ] Epoch: [41/400][240/400] lr: 2.00e-04 | MSE loss: 4.8616e-03 | time: 0.143
I 05.31/22:10:23 solver.py:136 ] Epoch: [41/400][260/400] lr: 2.00e-04 | MSE loss: 4.8487e-03 | time: 0.142
I 05.31/22:10:25 solver.py:136 ] Epoch: [41/400][280/400] lr: 2.00e-04 | MSE loss: 4.8527e-03 | time: 0.139
I 05.31/22:10:27 solver.py:136 ] Epoch: [41/400][300/400] lr: 2.00e-04 | MSE loss: 4.8579e-03 | time: 0.137
I 05.31/22:10:30 solver.py:136 ] Epoch: [41/400][320/400] lr: 2.00e-04 | MSE loss: 4.8761e-03 | time: 0.136
I 05.31/22:10:32 solver.py:136 ] Epoch: [41/400][340/400] lr: 2.00e-04 | MSE loss: 4.8766e-03 | time: 0.135
I 05.31/22:10:35 solver.py:136 ] Epoch: [41/400][360/400] lr: 2.00e-04 | MSE loss: 4.8832e-03 | time: 0.134
I 05.31/22:10:38 solver.py:136 ] Epoch: [41/400][380/400] lr: 2.00e-04 | MSE loss: 4.8824e-03 | time: 0.134
I 05.31/22:10:40 solver.py:136 ] Epoch: [41/400][400/400] lr: 2.00e-04 | MSE loss: 4.8824e-03 | time: 0.135
I 05.31/22:10:40 solver.py:146 ] => Train  Loss: 4.8824e-03

I 05.31/22:10:44 solver.py:205 ] 
=! Best NMSE: -1.9576e+01 (epoch=40)

I 05.31/22:10:47 solver.py:136 ] Epoch: [42/400][20/400] lr: 2.00e-04 | MSE loss: 4.5011e-03 | time: 0.141
I 05.31/22:10:50 solver.py:136 ] Epoch: [42/400][40/400] lr: 2.00e-04 | MSE loss: 4.5719e-03 | time: 0.137
I 05.31/22:10:53 solver.py:136 ] Epoch: [42/400][60/400] lr: 2.00e-04 | MSE loss: 4.6311e-03 | time: 0.138
I 05.31/22:10:56 solver.py:136 ] Epoch: [42/400][80/400] lr: 2.00e-04 | MSE loss: 4.6756e-03 | time: 0.140
I 05.31/22:10:58 solver.py:136 ] Epoch: [42/400][100/400] lr: 2.00e-04 | MSE loss: 4.6675e-03 | time: 0.139
I 05.31/22:11:01 solver.py:136 ] Epoch: [42/400][120/400] lr: 2.00e-04 | MSE loss: 4.6564e-03 | time: 0.141
I 05.31/22:11:05 solver.py:136 ] Epoch: [42/400][140/400] lr: 2.00e-04 | MSE loss: 4.6495e-03 | time: 0.150
I 05.31/22:11:08 solver.py:136 ] Epoch: [42/400][160/400] lr: 2.00e-04 | MSE loss: 4.6613e-03 | time: 0.150
I 05.31/22:11:11 solver.py:136 ] Epoch: [42/400][180/400] lr: 2.00e-04 | MSE loss: 4.6453e-03 | time: 0.149
I 05.31/22:11:14 solver.py:136 ] Epoch: [42/400][200/400] lr: 2.00e-04 | MSE loss: 4.6476e-03 | time: 0.147
I 05.31/22:11:17 solver.py:136 ] Epoch: [42/400][220/400] lr: 2.00e-04 | MSE loss: 4.6511e-03 | time: 0.147
I 05.31/22:11:19 solver.py:136 ] Epoch: [42/400][240/400] lr: 2.00e-04 | MSE loss: 4.6528e-03 | time: 0.145
I 05.31/22:11:22 solver.py:136 ] Epoch: [42/400][260/400] lr: 2.00e-04 | MSE loss: 4.6525e-03 | time: 0.144
I 05.31/22:11:25 solver.py:136 ] Epoch: [42/400][280/400] lr: 2.00e-04 | MSE loss: 4.6511e-03 | time: 0.144
I 05.31/22:11:28 solver.py:136 ] Epoch: [42/400][300/400] lr: 2.00e-04 | MSE loss: 4.6513e-03 | time: 0.144
I 05.31/22:11:30 solver.py:136 ] Epoch: [42/400][320/400] lr: 2.00e-04 | MSE loss: 4.6514e-03 | time: 0.144
I 05.31/22:11:33 solver.py:136 ] Epoch: [42/400][340/400] lr: 2.00e-04 | MSE loss: 4.6491e-03 | time: 0.143
I 05.31/22:11:36 solver.py:136 ] Epoch: [42/400][360/400] lr: 2.00e-04 | MSE loss: 4.6649e-03 | time: 0.143
I 05.31/22:11:39 solver.py:136 ] Epoch: [42/400][380/400] lr: 2.00e-04 | MSE loss: 4.6633e-03 | time: 0.143
I 05.31/22:11:42 solver.py:136 ] Epoch: [42/400][400/400] lr: 2.00e-04 | MSE loss: 4.6600e-03 | time: 0.143
I 05.31/22:11:42 solver.py:146 ] => Train  Loss: 4.6600e-03

I 05.31/22:11:46 solver.py:205 ] 
=! Best NMSE: -1.9576e+01 (epoch=40)

I 05.31/22:11:50 solver.py:136 ] Epoch: [43/400][20/400] lr: 2.00e-04 | MSE loss: 4.5404e-03 | time: 0.142
I 05.31/22:11:52 solver.py:136 ] Epoch: [43/400][40/400] lr: 2.00e-04 | MSE loss: 4.5295e-03 | time: 0.130
I 05.31/22:11:54 solver.py:136 ] Epoch: [43/400][60/400] lr: 2.00e-04 | MSE loss: 4.5571e-03 | time: 0.118
I 05.31/22:11:56 solver.py:136 ] Epoch: [43/400][80/400] lr: 2.00e-04 | MSE loss: 4.5417e-03 | time: 0.118
I 05.31/22:11:59 solver.py:136 ] Epoch: [43/400][100/400] lr: 2.00e-04 | MSE loss: 4.5511e-03 | time: 0.124
I 05.31/22:12:03 solver.py:136 ] Epoch: [43/400][120/400] lr: 2.00e-04 | MSE loss: 4.5612e-03 | time: 0.139
I 05.31/22:12:06 solver.py:136 ] Epoch: [43/400][140/400] lr: 2.00e-04 | MSE loss: 4.5573e-03 | time: 0.140
I 05.31/22:12:09 solver.py:136 ] Epoch: [43/400][160/400] lr: 2.00e-04 | MSE loss: 4.5412e-03 | time: 0.141
I 05.31/22:12:12 solver.py:136 ] Epoch: [43/400][180/400] lr: 2.00e-04 | MSE loss: 4.5337e-03 | time: 0.140
I 05.31/22:12:15 solver.py:136 ] Epoch: [43/400][200/400] lr: 2.00e-04 | MSE loss: 4.5232e-03 | time: 0.139
I 05.31/22:12:18 solver.py:136 ] Epoch: [43/400][220/400] lr: 2.00e-04 | MSE loss: 4.5236e-03 | time: 0.140
I 05.31/22:12:21 solver.py:136 ] Epoch: [43/400][240/400] lr: 2.00e-04 | MSE loss: 4.5329e-03 | time: 0.142
I 05.31/22:12:24 solver.py:136 ] Epoch: [43/400][260/400] lr: 2.00e-04 | MSE loss: 4.5242e-03 | time: 0.143
I 05.31/22:12:27 solver.py:136 ] Epoch: [43/400][280/400] lr: 2.00e-04 | MSE loss: 4.5191e-03 | time: 0.143
I 05.31/22:12:29 solver.py:136 ] Epoch: [43/400][300/400] lr: 2.00e-04 | MSE loss: 4.5091e-03 | time: 0.142
I 05.31/22:12:32 solver.py:136 ] Epoch: [43/400][320/400] lr: 2.00e-04 | MSE loss: 4.5099e-03 | time: 0.141
I 05.31/22:12:35 solver.py:136 ] Epoch: [43/400][340/400] lr: 2.00e-04 | MSE loss: 4.5036e-03 | time: 0.142
I 05.31/22:12:37 solver.py:136 ] Epoch: [43/400][360/400] lr: 2.00e-04 | MSE loss: 4.4920e-03 | time: 0.141
I 05.31/22:12:40 solver.py:136 ] Epoch: [43/400][380/400] lr: 2.00e-04 | MSE loss: 4.4861e-03 | time: 0.140
I 05.31/22:12:42 solver.py:136 ] Epoch: [43/400][400/400] lr: 2.00e-04 | MSE loss: 4.4840e-03 | time: 0.138
I 05.31/22:12:42 solver.py:146 ] => Train  Loss: 4.4840e-03

I 05.31/22:12:45 solver.py:205 ] 
=! Best NMSE: -1.9576e+01 (epoch=40)

I 05.31/22:12:47 solver.py:136 ] Epoch: [44/400][20/400] lr: 2.00e-04 | MSE loss: 4.2960e-03 | time: 0.130
I 05.31/22:12:50 solver.py:136 ] Epoch: [44/400][40/400] lr: 2.00e-04 | MSE loss: 4.3719e-03 | time: 0.136
I 05.31/22:12:53 solver.py:136 ] Epoch: [44/400][60/400] lr: 2.00e-04 | MSE loss: 4.4012e-03 | time: 0.138
I 05.31/22:12:56 solver.py:136 ] Epoch: [44/400][80/400] lr: 2.00e-04 | MSE loss: 4.4111e-03 | time: 0.137
I 05.31/22:12:59 solver.py:136 ] Epoch: [44/400][100/400] lr: 2.00e-04 | MSE loss: 4.3971e-03 | time: 0.141
I 05.31/22:13:02 solver.py:136 ] Epoch: [44/400][120/400] lr: 2.00e-04 | MSE loss: 4.3599e-03 | time: 0.149
I 05.31/22:13:06 solver.py:136 ] Epoch: [44/400][140/400] lr: 2.00e-04 | MSE loss: 4.3377e-03 | time: 0.154
I 05.31/22:13:09 solver.py:136 ] Epoch: [44/400][160/400] lr: 2.00e-04 | MSE loss: 4.3257e-03 | time: 0.150
I 05.31/22:13:11 solver.py:136 ] Epoch: [44/400][180/400] lr: 2.00e-04 | MSE loss: 4.3384e-03 | time: 0.148
I 05.31/22:13:14 solver.py:136 ] Epoch: [44/400][200/400] lr: 2.00e-04 | MSE loss: 4.3503e-03 | time: 0.147
I 05.31/22:13:17 solver.py:136 ] Epoch: [44/400][220/400] lr: 2.00e-04 | MSE loss: 4.3572e-03 | time: 0.147
I 05.31/22:13:20 solver.py:136 ] Epoch: [44/400][240/400] lr: 2.00e-04 | MSE loss: 4.3630e-03 | time: 0.147
I 05.31/22:13:22 solver.py:136 ] Epoch: [44/400][260/400] lr: 2.00e-04 | MSE loss: 4.3695e-03 | time: 0.145
I 05.31/22:13:25 solver.py:136 ] Epoch: [44/400][280/400] lr: 2.00e-04 | MSE loss: 4.3517e-03 | time: 0.144
I 05.31/22:13:28 solver.py:136 ] Epoch: [44/400][300/400] lr: 2.00e-04 | MSE loss: 4.3526e-03 | time: 0.144
I 05.31/22:13:30 solver.py:136 ] Epoch: [44/400][320/400] lr: 2.00e-04 | MSE loss: 4.3540e-03 | time: 0.142
I 05.31/22:13:33 solver.py:136 ] Epoch: [44/400][340/400] lr: 2.00e-04 | MSE loss: 4.3479e-03 | time: 0.141
I 05.31/22:13:35 solver.py:136 ] Epoch: [44/400][360/400] lr: 2.00e-04 | MSE loss: 4.3481e-03 | time: 0.139
I 05.31/22:13:37 solver.py:136 ] Epoch: [44/400][380/400] lr: 2.00e-04 | MSE loss: 4.3602e-03 | time: 0.138
I 05.31/22:13:40 solver.py:136 ] Epoch: [44/400][400/400] lr: 2.00e-04 | MSE loss: 4.3584e-03 | time: 0.138
I 05.31/22:13:40 solver.py:146 ] => Train  Loss: 4.3584e-03

I 05.31/22:13:44 solver.py:205 ] 
=! Best NMSE: -1.9576e+01 (epoch=40)

I 05.31/22:13:47 solver.py:136 ] Epoch: [45/400][20/400] lr: 2.00e-04 | MSE loss: 4.1892e-03 | time: 0.125
I 05.31/22:13:50 solver.py:136 ] Epoch: [45/400][40/400] lr: 2.00e-04 | MSE loss: 4.1420e-03 | time: 0.128
I 05.31/22:13:52 solver.py:136 ] Epoch: [45/400][60/400] lr: 2.00e-04 | MSE loss: 4.1471e-03 | time: 0.131
I 05.31/22:13:55 solver.py:136 ] Epoch: [45/400][80/400] lr: 2.00e-04 | MSE loss: 4.1400e-03 | time: 0.134
I 05.31/22:13:58 solver.py:136 ] Epoch: [45/400][100/400] lr: 2.00e-04 | MSE loss: 4.1724e-03 | time: 0.134
I 05.31/22:14:01 solver.py:136 ] Epoch: [45/400][120/400] lr: 2.00e-04 | MSE loss: 4.1469e-03 | time: 0.135
I 05.31/22:14:05 solver.py:136 ] Epoch: [45/400][140/400] lr: 2.00e-04 | MSE loss: 4.1428e-03 | time: 0.148
I 05.31/22:14:08 solver.py:136 ] Epoch: [45/400][160/400] lr: 2.00e-04 | MSE loss: 4.1634e-03 | time: 0.147
I 05.31/22:14:11 solver.py:136 ] Epoch: [45/400][180/400] lr: 2.00e-04 | MSE loss: 4.1817e-03 | time: 0.146
I 05.31/22:14:14 solver.py:136 ] Epoch: [45/400][200/400] lr: 2.00e-04 | MSE loss: 4.2115e-03 | time: 0.146
I 05.31/22:14:16 solver.py:136 ] Epoch: [45/400][220/400] lr: 2.00e-04 | MSE loss: 4.2042e-03 | time: 0.143
I 05.31/22:14:18 solver.py:136 ] Epoch: [45/400][240/400] lr: 2.00e-04 | MSE loss: 4.2223e-03 | time: 0.139
I 05.31/22:14:20 solver.py:136 ] Epoch: [45/400][260/400] lr: 2.00e-04 | MSE loss: 4.2324e-03 | time: 0.138
I 05.31/22:14:23 solver.py:136 ] Epoch: [45/400][280/400] lr: 2.00e-04 | MSE loss: 4.2202e-03 | time: 0.138
I 05.31/22:14:25 solver.py:136 ] Epoch: [45/400][300/400] lr: 2.00e-04 | MSE loss: 4.2227e-03 | time: 0.137
I 05.31/22:14:28 solver.py:136 ] Epoch: [45/400][320/400] lr: 2.00e-04 | MSE loss: 4.2214e-03 | time: 0.135
I 05.31/22:14:30 solver.py:136 ] Epoch: [45/400][340/400] lr: 2.00e-04 | MSE loss: 4.2217e-03 | time: 0.134
I 05.31/22:14:32 solver.py:136 ] Epoch: [45/400][360/400] lr: 2.00e-04 | MSE loss: 4.2232e-03 | time: 0.133
I 05.31/22:14:35 solver.py:136 ] Epoch: [45/400][380/400] lr: 2.00e-04 | MSE loss: 4.2160e-03 | time: 0.132
I 05.31/22:14:37 solver.py:136 ] Epoch: [45/400][400/400] lr: 2.00e-04 | MSE loss: 4.2210e-03 | time: 0.131
I 05.31/22:14:37 solver.py:146 ] => Train  Loss: 4.2210e-03

I 05.31/22:14:41 solver.py:205 ] 
=! Best NMSE: -1.9576e+01 (epoch=40)

I 05.31/22:14:44 solver.py:136 ] Epoch: [46/400][20/400] lr: 2.00e-04 | MSE loss: 3.8596e-03 | time: 0.143
I 05.31/22:14:46 solver.py:136 ] Epoch: [46/400][40/400] lr: 2.00e-04 | MSE loss: 3.9416e-03 | time: 0.136
I 05.31/22:14:49 solver.py:136 ] Epoch: [46/400][60/400] lr: 2.00e-04 | MSE loss: 4.0071e-03 | time: 0.136
I 05.31/22:14:52 solver.py:136 ] Epoch: [46/400][80/400] lr: 2.00e-04 | MSE loss: 4.0106e-03 | time: 0.136
I 05.31/22:14:54 solver.py:136 ] Epoch: [46/400][100/400] lr: 2.00e-04 | MSE loss: 4.0158e-03 | time: 0.135
I 05.31/22:14:57 solver.py:136 ] Epoch: [46/400][120/400] lr: 2.00e-04 | MSE loss: 4.0240e-03 | time: 0.135
I 05.31/22:15:00 solver.py:136 ] Epoch: [46/400][140/400] lr: 2.00e-04 | MSE loss: 4.0553e-03 | time: 0.137
I 05.31/22:15:05 solver.py:136 ] Epoch: [46/400][160/400] lr: 2.00e-04 | MSE loss: 4.0454e-03 | time: 0.149
I 05.31/22:15:07 solver.py:136 ] Epoch: [46/400][180/400] lr: 2.00e-04 | MSE loss: 4.0520e-03 | time: 0.146
I 05.31/22:15:10 solver.py:136 ] Epoch: [46/400][200/400] lr: 2.00e-04 | MSE loss: 4.0371e-03 | time: 0.144
I 05.31/22:15:12 solver.py:136 ] Epoch: [46/400][220/400] lr: 2.00e-04 | MSE loss: 4.0328e-03 | time: 0.141
I 05.31/22:15:14 solver.py:136 ] Epoch: [46/400][240/400] lr: 2.00e-04 | MSE loss: 4.0304e-03 | time: 0.140
I 05.31/22:15:17 solver.py:136 ] Epoch: [46/400][260/400] lr: 2.00e-04 | MSE loss: 4.0378e-03 | time: 0.138
I 05.31/22:15:19 solver.py:136 ] Epoch: [46/400][280/400] lr: 2.00e-04 | MSE loss: 4.0452e-03 | time: 0.137
I 05.31/22:15:22 solver.py:136 ] Epoch: [46/400][300/400] lr: 2.00e-04 | MSE loss: 4.0398e-03 | time: 0.137
I 05.31/22:15:25 solver.py:136 ] Epoch: [46/400][320/400] lr: 2.00e-04 | MSE loss: 4.0415e-03 | time: 0.138
I 05.31/22:15:28 solver.py:136 ] Epoch: [46/400][340/400] lr: 2.00e-04 | MSE loss: 4.0466e-03 | time: 0.138
I 05.31/22:15:30 solver.py:136 ] Epoch: [46/400][360/400] lr: 2.00e-04 | MSE loss: 4.0618e-03 | time: 0.137
I 05.31/22:15:33 solver.py:136 ] Epoch: [46/400][380/400] lr: 2.00e-04 | MSE loss: 4.0766e-03 | time: 0.137
I 05.31/22:15:35 solver.py:136 ] Epoch: [46/400][400/400] lr: 2.00e-04 | MSE loss: 4.0865e-03 | time: 0.137
I 05.31/22:15:35 solver.py:146 ] => Train  Loss: 4.0865e-03

I 05.31/22:15:39 solver.py:205 ] 
=! Best NMSE: -1.9576e+01 (epoch=40)

I 05.31/22:15:42 solver.py:136 ] Epoch: [47/400][20/400] lr: 2.00e-04 | MSE loss: 4.0060e-03 | time: 0.138
I 05.31/22:15:45 solver.py:136 ] Epoch: [47/400][40/400] lr: 2.00e-04 | MSE loss: 3.9267e-03 | time: 0.147
I 05.31/22:15:47 solver.py:136 ] Epoch: [47/400][60/400] lr: 2.00e-04 | MSE loss: 3.9465e-03 | time: 0.132
I 05.31/22:15:49 solver.py:136 ] Epoch: [47/400][80/400] lr: 2.00e-04 | MSE loss: 3.9411e-03 | time: 0.130
I 05.31/22:15:52 solver.py:136 ] Epoch: [47/400][100/400] lr: 2.00e-04 | MSE loss: 4.0077e-03 | time: 0.129
I 05.31/22:15:54 solver.py:136 ] Epoch: [47/400][120/400] lr: 2.00e-04 | MSE loss: 4.0041e-03 | time: 0.128
I 05.31/22:15:56 solver.py:136 ] Epoch: [47/400][140/400] lr: 2.00e-04 | MSE loss: 4.0120e-03 | time: 0.125
I 05.31/22:15:59 solver.py:136 ] Epoch: [47/400][160/400] lr: 2.00e-04 | MSE loss: 4.0139e-03 | time: 0.125
I 05.31/22:16:02 solver.py:136 ] Epoch: [47/400][180/400] lr: 2.00e-04 | MSE loss: 3.9977e-03 | time: 0.128
I 05.31/22:16:05 solver.py:136 ] Epoch: [47/400][200/400] lr: 2.00e-04 | MSE loss: 3.9987e-03 | time: 0.132
I 05.31/22:16:08 solver.py:136 ] Epoch: [47/400][220/400] lr: 2.00e-04 | MSE loss: 4.0020e-03 | time: 0.130
I 05.31/22:16:10 solver.py:136 ] Epoch: [47/400][240/400] lr: 2.00e-04 | MSE loss: 3.9998e-03 | time: 0.129
I 05.31/22:16:12 solver.py:136 ] Epoch: [47/400][260/400] lr: 2.00e-04 | MSE loss: 3.9924e-03 | time: 0.129
I 05.31/22:16:15 solver.py:136 ] Epoch: [47/400][280/400] lr: 2.00e-04 | MSE loss: 3.9878e-03 | time: 0.128
I 05.31/22:16:18 solver.py:136 ] Epoch: [47/400][300/400] lr: 2.00e-04 | MSE loss: 3.9863e-03 | time: 0.129
I 05.31/22:16:20 solver.py:136 ] Epoch: [47/400][320/400] lr: 2.00e-04 | MSE loss: 3.9746e-03 | time: 0.129
I 05.31/22:16:23 solver.py:136 ] Epoch: [47/400][340/400] lr: 2.00e-04 | MSE loss: 3.9699e-03 | time: 0.129
I 05.31/22:16:26 solver.py:136 ] Epoch: [47/400][360/400] lr: 2.00e-04 | MSE loss: 3.9854e-03 | time: 0.131
I 05.31/22:16:29 solver.py:136 ] Epoch: [47/400][380/400] lr: 2.00e-04 | MSE loss: 3.9830e-03 | time: 0.131
I 05.31/22:16:31 solver.py:136 ] Epoch: [47/400][400/400] lr: 2.00e-04 | MSE loss: 3.9787e-03 | time: 0.131
I 05.31/22:16:31 solver.py:146 ] => Train  Loss: 3.9787e-03

I 05.31/22:16:36 solver.py:205 ] 
=! Best NMSE: -1.9576e+01 (epoch=40)

I 05.31/22:16:39 solver.py:136 ] Epoch: [48/400][20/400] lr: 2.00e-04 | MSE loss: 3.7629e-03 | time: 0.122
I 05.31/22:16:41 solver.py:136 ] Epoch: [48/400][40/400] lr: 2.00e-04 | MSE loss: 3.7988e-03 | time: 0.131
I 05.31/22:16:44 solver.py:136 ] Epoch: [48/400][60/400] lr: 2.00e-04 | MSE loss: 3.8020e-03 | time: 0.136
I 05.31/22:16:47 solver.py:136 ] Epoch: [48/400][80/400] lr: 2.00e-04 | MSE loss: 3.7748e-03 | time: 0.137
I 05.31/22:16:50 solver.py:136 ] Epoch: [48/400][100/400] lr: 2.00e-04 | MSE loss: 3.7734e-03 | time: 0.138
I 05.31/22:16:53 solver.py:136 ] Epoch: [48/400][120/400] lr: 2.00e-04 | MSE loss: 3.7907e-03 | time: 0.142
I 05.31/22:16:56 solver.py:136 ] Epoch: [48/400][140/400] lr: 2.00e-04 | MSE loss: 3.8011e-03 | time: 0.143
I 05.31/22:16:59 solver.py:136 ] Epoch: [48/400][160/400] lr: 2.00e-04 | MSE loss: 3.8144e-03 | time: 0.143
I 05.31/22:17:02 solver.py:136 ] Epoch: [48/400][180/400] lr: 2.00e-04 | MSE loss: 3.8400e-03 | time: 0.146
I 05.31/22:17:06 solver.py:136 ] Epoch: [48/400][200/400] lr: 2.00e-04 | MSE loss: 3.8492e-03 | time: 0.150
I 05.31/22:17:09 solver.py:136 ] Epoch: [48/400][220/400] lr: 2.00e-04 | MSE loss: 3.8543e-03 | time: 0.149
I 05.31/22:17:12 solver.py:136 ] Epoch: [48/400][240/400] lr: 2.00e-04 | MSE loss: 3.8628e-03 | time: 0.148
I 05.31/22:17:15 solver.py:136 ] Epoch: [48/400][260/400] lr: 2.00e-04 | MSE loss: 3.8691e-03 | time: 0.148
I 05.31/22:17:18 solver.py:136 ] Epoch: [48/400][280/400] lr: 2.00e-04 | MSE loss: 3.8710e-03 | time: 0.148
I 05.31/22:17:20 solver.py:136 ] Epoch: [48/400][300/400] lr: 2.00e-04 | MSE loss: 3.8657e-03 | time: 0.146
I 05.31/22:17:22 solver.py:136 ] Epoch: [48/400][320/400] lr: 2.00e-04 | MSE loss: 3.8677e-03 | time: 0.143
I 05.31/22:17:24 solver.py:136 ] Epoch: [48/400][340/400] lr: 2.00e-04 | MSE loss: 3.8689e-03 | time: 0.142
I 05.31/22:17:27 solver.py:136 ] Epoch: [48/400][360/400] lr: 2.00e-04 | MSE loss: 3.8646e-03 | time: 0.141
I 05.31/22:17:30 solver.py:136 ] Epoch: [48/400][380/400] lr: 2.00e-04 | MSE loss: 3.8591e-03 | time: 0.141
I 05.31/22:17:33 solver.py:136 ] Epoch: [48/400][400/400] lr: 2.00e-04 | MSE loss: 3.8449e-03 | time: 0.141
I 05.31/22:17:33 solver.py:146 ] => Train  Loss: 3.8449e-03

I 05.31/22:17:36 solver.py:205 ] 
=! Best NMSE: -1.9576e+01 (epoch=40)

I 05.31/22:17:38 solver.py:136 ] Epoch: [49/400][20/400] lr: 2.00e-04 | MSE loss: 3.5381e-03 | time: 0.126
I 05.31/22:17:41 solver.py:136 ] Epoch: [49/400][40/400] lr: 2.00e-04 | MSE loss: 3.6128e-03 | time: 0.126
I 05.31/22:17:43 solver.py:136 ] Epoch: [49/400][60/400] lr: 2.00e-04 | MSE loss: 3.6051e-03 | time: 0.125
I 05.31/22:17:46 solver.py:136 ] Epoch: [49/400][80/400] lr: 2.00e-04 | MSE loss: 3.6138e-03 | time: 0.127
I 05.31/22:17:49 solver.py:136 ] Epoch: [49/400][100/400] lr: 2.00e-04 | MSE loss: 3.6438e-03 | time: 0.128
I 05.31/22:17:51 solver.py:136 ] Epoch: [49/400][120/400] lr: 2.00e-04 | MSE loss: 3.6521e-03 | time: 0.129
I 05.31/22:17:54 solver.py:136 ] Epoch: [49/400][140/400] lr: 2.00e-04 | MSE loss: 3.6820e-03 | time: 0.132
I 05.31/22:17:57 solver.py:136 ] Epoch: [49/400][160/400] lr: 2.00e-04 | MSE loss: 3.7031e-03 | time: 0.132
I 05.31/22:18:00 solver.py:136 ] Epoch: [49/400][180/400] lr: 2.00e-04 | MSE loss: 3.7215e-03 | time: 0.132
I 05.31/22:18:04 solver.py:136 ] Epoch: [49/400][200/400] lr: 2.00e-04 | MSE loss: 3.7344e-03 | time: 0.143
I 05.31/22:18:07 solver.py:136 ] Epoch: [49/400][220/400] lr: 2.00e-04 | MSE loss: 3.7281e-03 | time: 0.142
I 05.31/22:18:10 solver.py:136 ] Epoch: [49/400][240/400] lr: 2.00e-04 | MSE loss: 3.7261e-03 | time: 0.142
I 05.31/22:18:13 solver.py:136 ] Epoch: [49/400][260/400] lr: 2.00e-04 | MSE loss: 3.7007e-03 | time: 0.142
I 05.31/22:18:15 solver.py:136 ] Epoch: [49/400][280/400] lr: 2.00e-04 | MSE loss: 3.6930e-03 | time: 0.142
I 05.31/22:18:18 solver.py:136 ] Epoch: [49/400][300/400] lr: 2.00e-04 | MSE loss: 3.6812e-03 | time: 0.142
I 05.31/22:18:21 solver.py:136 ] Epoch: [49/400][320/400] lr: 2.00e-04 | MSE loss: 3.6771e-03 | time: 0.141
I 05.31/22:18:23 solver.py:136 ] Epoch: [49/400][340/400] lr: 2.00e-04 | MSE loss: 3.6788e-03 | time: 0.140
I 05.31/22:18:26 solver.py:136 ] Epoch: [49/400][360/400] lr: 2.00e-04 | MSE loss: 3.6851e-03 | time: 0.139
I 05.31/22:18:29 solver.py:136 ] Epoch: [49/400][380/400] lr: 2.00e-04 | MSE loss: 3.6869e-03 | time: 0.140
I 05.31/22:18:31 solver.py:136 ] Epoch: [49/400][400/400] lr: 2.00e-04 | MSE loss: 3.6939e-03 | time: 0.139
I 05.31/22:18:31 solver.py:146 ] => Train  Loss: 3.6939e-03

I 05.31/22:18:35 solver.py:205 ] 
=! Best NMSE: -1.9576e+01 (epoch=40)

I 05.31/22:18:38 solver.py:136 ] Epoch: [50/400][20/400] lr: 2.00e-04 | MSE loss: 3.6169e-03 | time: 0.141
I 05.31/22:18:41 solver.py:136 ] Epoch: [50/400][40/400] lr: 2.00e-04 | MSE loss: 3.6511e-03 | time: 0.136
I 05.31/22:18:44 solver.py:136 ] Epoch: [50/400][60/400] lr: 2.00e-04 | MSE loss: 3.6431e-03 | time: 0.136
I 05.31/22:18:47 solver.py:136 ] Epoch: [50/400][80/400] lr: 2.00e-04 | MSE loss: 3.6156e-03 | time: 0.141
I 05.31/22:18:49 solver.py:136 ] Epoch: [50/400][100/400] lr: 2.00e-04 | MSE loss: 3.6572e-03 | time: 0.138
I 05.31/22:18:52 solver.py:136 ] Epoch: [50/400][120/400] lr: 2.00e-04 | MSE loss: 3.6751e-03 | time: 0.136
I 05.31/22:18:54 solver.py:136 ] Epoch: [50/400][140/400] lr: 2.00e-04 | MSE loss: 3.6679e-03 | time: 0.136
I 05.31/22:18:57 solver.py:136 ] Epoch: [50/400][160/400] lr: 2.00e-04 | MSE loss: 3.6638e-03 | time: 0.137
I 05.31/22:19:00 solver.py:136 ] Epoch: [50/400][180/400] lr: 2.00e-04 | MSE loss: 3.6485e-03 | time: 0.140
I 05.31/22:19:05 solver.py:136 ] Epoch: [50/400][200/400] lr: 2.00e-04 | MSE loss: 3.6502e-03 | time: 0.149
I 05.31/22:19:08 solver.py:136 ] Epoch: [50/400][220/400] lr: 2.00e-04 | MSE loss: 3.6345e-03 | time: 0.147
I 05.31/22:19:10 solver.py:136 ] Epoch: [50/400][240/400] lr: 2.00e-04 | MSE loss: 3.6282e-03 | time: 0.146
I 05.31/22:19:13 solver.py:136 ] Epoch: [50/400][260/400] lr: 2.00e-04 | MSE loss: 3.6254e-03 | time: 0.145
I 05.31/22:19:16 solver.py:136 ] Epoch: [50/400][280/400] lr: 2.00e-04 | MSE loss: 3.6321e-03 | time: 0.144
I 05.31/22:19:18 solver.py:136 ] Epoch: [50/400][300/400] lr: 2.00e-04 | MSE loss: 3.6394e-03 | time: 0.144
I 05.31/22:19:21 solver.py:136 ] Epoch: [50/400][320/400] lr: 2.00e-04 | MSE loss: 3.6492e-03 | time: 0.143
I 05.31/22:19:24 solver.py:136 ] Epoch: [50/400][340/400] lr: 2.00e-04 | MSE loss: 3.6521e-03 | time: 0.144
I 05.31/22:19:27 solver.py:136 ] Epoch: [50/400][360/400] lr: 2.00e-04 | MSE loss: 3.6472e-03 | time: 0.145
I 05.31/22:19:30 solver.py:136 ] Epoch: [50/400][380/400] lr: 2.00e-04 | MSE loss: 3.6471e-03 | time: 0.144
I 05.31/22:19:33 solver.py:136 ] Epoch: [50/400][400/400] lr: 2.00e-04 | MSE loss: 3.6468e-03 | time: 0.144
I 05.31/22:19:33 solver.py:146 ] => Train  Loss: 3.6468e-03

I 05.31/22:19:36 solver.py:136 ] Epoch: [50/400][20/50] lr: 2.00e-04 | MSE loss: 4.4384e-03 | time: 0.120
I 05.31/22:19:38 solver.py:136 ] Epoch: [50/400][40/50] lr: 2.00e-04 | MSE loss: 4.4621e-03 | time: 0.106
I 05.31/22:19:38 solver.py:146 ] => Val  Loss: 4.4297e-03

I 05.31/22:19:40 solver.py:287 ] [20/50] loss: 4.5194e-03 | NMSE: -2.0454e+01 | time: 0.101
I 05.31/22:19:43 solver.py:287 ] [40/50] loss: 4.4946e-03 | NMSE: -2.0484e+01 | time: 0.101
I 05.31/22:19:43 solver.py:291 ] => Test NMSE: -2.0517e+01

I 05.31/22:19:52 solver.py:205 ] 
=! Best NMSE: -2.0517e+01 (epoch=50)

I 05.31/22:19:55 solver.py:136 ] Epoch: [51/400][20/400] lr: 2.00e-04 | MSE loss: 3.5581e-03 | time: 0.152
I 05.31/22:19:58 solver.py:136 ] Epoch: [51/400][40/400] lr: 2.00e-04 | MSE loss: 3.6309e-03 | time: 0.141
I 05.31/22:20:00 solver.py:136 ] Epoch: [51/400][60/400] lr: 2.00e-04 | MSE loss: 3.6164e-03 | time: 0.138
I 05.31/22:20:04 solver.py:136 ] Epoch: [51/400][80/400] lr: 2.00e-04 | MSE loss: 3.5918e-03 | time: 0.152
I 05.31/22:20:07 solver.py:136 ] Epoch: [51/400][100/400] lr: 2.00e-04 | MSE loss: 3.5918e-03 | time: 0.144
I 05.31/22:20:09 solver.py:136 ] Epoch: [51/400][120/400] lr: 2.00e-04 | MSE loss: 3.6060e-03 | time: 0.140
I 05.31/22:20:12 solver.py:136 ] Epoch: [51/400][140/400] lr: 2.00e-04 | MSE loss: 3.5852e-03 | time: 0.139
I 05.31/22:20:15 solver.py:136 ] Epoch: [51/400][160/400] lr: 2.00e-04 | MSE loss: 3.5808e-03 | time: 0.139
I 05.31/22:20:18 solver.py:136 ] Epoch: [51/400][180/400] lr: 2.00e-04 | MSE loss: 3.5645e-03 | time: 0.141
I 05.31/22:20:21 solver.py:136 ] Epoch: [51/400][200/400] lr: 2.00e-04 | MSE loss: 3.5542e-03 | time: 0.141
I 05.31/22:20:24 solver.py:136 ] Epoch: [51/400][220/400] lr: 2.00e-04 | MSE loss: 3.5454e-03 | time: 0.142
I 05.31/22:20:26 solver.py:136 ] Epoch: [51/400][240/400] lr: 2.00e-04 | MSE loss: 3.5417e-03 | time: 0.141
I 05.31/22:20:29 solver.py:136 ] Epoch: [51/400][260/400] lr: 2.00e-04 | MSE loss: 3.5408e-03 | time: 0.141
I 05.31/22:20:31 solver.py:136 ] Epoch: [51/400][280/400] lr: 2.00e-04 | MSE loss: 3.5430e-03 | time: 0.140
I 05.31/22:20:34 solver.py:136 ] Epoch: [51/400][300/400] lr: 2.00e-04 | MSE loss: 3.5363e-03 | time: 0.140
I 05.31/22:20:37 solver.py:136 ] Epoch: [51/400][320/400] lr: 2.00e-04 | MSE loss: 3.5397e-03 | time: 0.138
I 05.31/22:20:39 solver.py:136 ] Epoch: [51/400][340/400] lr: 2.00e-04 | MSE loss: 3.5666e-03 | time: 0.137
I 05.31/22:20:41 solver.py:136 ] Epoch: [51/400][360/400] lr: 2.00e-04 | MSE loss: 3.5862e-03 | time: 0.136
I 05.31/22:20:44 solver.py:136 ] Epoch: [51/400][380/400] lr: 2.00e-04 | MSE loss: 3.5901e-03 | time: 0.136
I 05.31/22:20:47 solver.py:136 ] Epoch: [51/400][400/400] lr: 2.00e-04 | MSE loss: 3.6012e-03 | time: 0.136
I 05.31/22:20:47 solver.py:146 ] => Train  Loss: 3.6012e-03

I 05.31/22:20:52 solver.py:205 ] 
=! Best NMSE: -2.0517e+01 (epoch=50)

I 05.31/22:20:55 solver.py:136 ] Epoch: [52/400][20/400] lr: 2.00e-04 | MSE loss: 3.4931e-03 | time: 0.144
I 05.31/22:20:57 solver.py:136 ] Epoch: [52/400][40/400] lr: 2.00e-04 | MSE loss: 3.5080e-03 | time: 0.134
I 05.31/22:21:00 solver.py:136 ] Epoch: [52/400][60/400] lr: 2.00e-04 | MSE loss: 3.4524e-03 | time: 0.133
I 05.31/22:21:04 solver.py:136 ] Epoch: [52/400][80/400] lr: 2.00e-04 | MSE loss: 3.4437e-03 | time: 0.149
I 05.31/22:21:07 solver.py:136 ] Epoch: [52/400][100/400] lr: 2.00e-04 | MSE loss: 3.4368e-03 | time: 0.147
I 05.31/22:21:10 solver.py:136 ] Epoch: [52/400][120/400] lr: 2.00e-04 | MSE loss: 3.4125e-03 | time: 0.149
I 05.31/22:21:13 solver.py:136 ] Epoch: [52/400][140/400] lr: 2.00e-04 | MSE loss: 3.3976e-03 | time: 0.149
I 05.31/22:21:15 solver.py:136 ] Epoch: [52/400][160/400] lr: 2.00e-04 | MSE loss: 3.4007e-03 | time: 0.146
I 05.31/22:21:18 solver.py:136 ] Epoch: [52/400][180/400] lr: 2.00e-04 | MSE loss: 3.4018e-03 | time: 0.144
I 05.31/22:21:20 solver.py:136 ] Epoch: [52/400][200/400] lr: 2.00e-04 | MSE loss: 3.4074e-03 | time: 0.142
I 05.31/22:21:23 solver.py:136 ] Epoch: [52/400][220/400] lr: 2.00e-04 | MSE loss: 3.4103e-03 | time: 0.140
I 05.31/22:21:25 solver.py:136 ] Epoch: [52/400][240/400] lr: 2.00e-04 | MSE loss: 3.4045e-03 | time: 0.139
I 05.31/22:21:28 solver.py:136 ] Epoch: [52/400][260/400] lr: 2.00e-04 | MSE loss: 3.3891e-03 | time: 0.137
I 05.31/22:21:31 solver.py:136 ] Epoch: [52/400][280/400] lr: 2.00e-04 | MSE loss: 3.3889e-03 | time: 0.138
I 05.31/22:21:34 solver.py:136 ] Epoch: [52/400][300/400] lr: 2.00e-04 | MSE loss: 3.3875e-03 | time: 0.139
I 05.31/22:21:37 solver.py:136 ] Epoch: [52/400][320/400] lr: 2.00e-04 | MSE loss: 3.3839e-03 | time: 0.139
I 05.31/22:21:40 solver.py:136 ] Epoch: [52/400][340/400] lr: 2.00e-04 | MSE loss: 3.3803e-03 | time: 0.140
I 05.31/22:21:43 solver.py:136 ] Epoch: [52/400][360/400] lr: 2.00e-04 | MSE loss: 3.3825e-03 | time: 0.141
I 05.31/22:21:45 solver.py:136 ] Epoch: [52/400][380/400] lr: 2.00e-04 | MSE loss: 3.4001e-03 | time: 0.141
I 05.31/22:21:48 solver.py:136 ] Epoch: [52/400][400/400] lr: 2.00e-04 | MSE loss: 3.4171e-03 | time: 0.141
I 05.31/22:21:48 solver.py:146 ] => Train  Loss: 3.4171e-03

I 05.31/22:21:52 solver.py:205 ] 
=! Best NMSE: -2.0517e+01 (epoch=50)

I 05.31/22:21:55 solver.py:136 ] Epoch: [53/400][20/400] lr: 2.00e-04 | MSE loss: 3.6151e-03 | time: 0.146
I 05.31/22:21:58 solver.py:136 ] Epoch: [53/400][40/400] lr: 2.00e-04 | MSE loss: 3.4623e-03 | time: 0.148
I 05.31/22:22:01 solver.py:136 ] Epoch: [53/400][60/400] lr: 2.00e-04 | MSE loss: 3.4212e-03 | time: 0.154
I 05.31/22:22:06 solver.py:136 ] Epoch: [53/400][80/400] lr: 2.00e-04 | MSE loss: 3.4115e-03 | time: 0.173
I 05.31/22:22:09 solver.py:136 ] Epoch: [53/400][100/400] lr: 2.00e-04 | MSE loss: 3.4184e-03 | time: 0.166
I 05.31/22:22:11 solver.py:136 ] Epoch: [53/400][120/400] lr: 2.00e-04 | MSE loss: 3.4153e-03 | time: 0.160
I 05.31/22:22:14 solver.py:136 ] Epoch: [53/400][140/400] lr: 2.00e-04 | MSE loss: 3.3944e-03 | time: 0.155
I 05.31/22:22:16 solver.py:136 ] Epoch: [53/400][160/400] lr: 2.00e-04 | MSE loss: 3.3702e-03 | time: 0.154
I 05.31/22:22:19 solver.py:136 ] Epoch: [53/400][180/400] lr: 2.00e-04 | MSE loss: 3.3460e-03 | time: 0.151
I 05.31/22:22:22 solver.py:136 ] Epoch: [53/400][200/400] lr: 2.00e-04 | MSE loss: 3.3384e-03 | time: 0.149
I 05.31/22:22:25 solver.py:136 ] Epoch: [53/400][220/400] lr: 2.00e-04 | MSE loss: 3.3306e-03 | time: 0.149
I 05.31/22:22:28 solver.py:136 ] Epoch: [53/400][240/400] lr: 2.00e-04 | MSE loss: 3.3428e-03 | time: 0.150
I 05.31/22:22:31 solver.py:136 ] Epoch: [53/400][260/400] lr: 2.00e-04 | MSE loss: 3.3422e-03 | time: 0.150
I 05.31/22:22:34 solver.py:136 ] Epoch: [53/400][280/400] lr: 2.00e-04 | MSE loss: 3.3429e-03 | time: 0.150
I 05.31/22:22:37 solver.py:136 ] Epoch: [53/400][300/400] lr: 2.00e-04 | MSE loss: 3.3444e-03 | time: 0.149
I 05.31/22:22:40 solver.py:136 ] Epoch: [53/400][320/400] lr: 2.00e-04 | MSE loss: 3.3359e-03 | time: 0.150
I 05.31/22:22:43 solver.py:136 ] Epoch: [53/400][340/400] lr: 2.00e-04 | MSE loss: 3.3335e-03 | time: 0.150
I 05.31/22:22:46 solver.py:136 ] Epoch: [53/400][360/400] lr: 2.00e-04 | MSE loss: 3.3278e-03 | time: 0.149
I 05.31/22:22:48 solver.py:136 ] Epoch: [53/400][380/400] lr: 2.00e-04 | MSE loss: 3.3254e-03 | time: 0.148
I 05.31/22:22:51 solver.py:136 ] Epoch: [53/400][400/400] lr: 2.00e-04 | MSE loss: 3.3217e-03 | time: 0.148
I 05.31/22:22:51 solver.py:146 ] => Train  Loss: 3.3217e-03

I 05.31/22:22:55 solver.py:205 ] 
=! Best NMSE: -2.0517e+01 (epoch=50)

I 05.31/22:22:58 solver.py:136 ] Epoch: [54/400][20/400] lr: 2.00e-04 | MSE loss: 3.0158e-03 | time: 0.136
I 05.31/22:23:01 solver.py:136 ] Epoch: [54/400][40/400] lr: 2.00e-04 | MSE loss: 3.0636e-03 | time: 0.143
I 05.31/22:23:05 solver.py:136 ] Epoch: [54/400][60/400] lr: 2.00e-04 | MSE loss: 3.1372e-03 | time: 0.171
I 05.31/22:23:08 solver.py:136 ] Epoch: [54/400][80/400] lr: 2.00e-04 | MSE loss: 3.1859e-03 | time: 0.163
I 05.31/22:23:11 solver.py:136 ] Epoch: [54/400][100/400] lr: 1.99e-04 | MSE loss: 3.2562e-03 | time: 0.158
I 05.31/22:23:14 solver.py:136 ] Epoch: [54/400][120/400] lr: 1.99e-04 | MSE loss: 3.2674e-03 | time: 0.156
I 05.31/22:23:16 solver.py:136 ] Epoch: [54/400][140/400] lr: 1.99e-04 | MSE loss: 3.2825e-03 | time: 0.152
I 05.31/22:23:19 solver.py:136 ] Epoch: [54/400][160/400] lr: 1.99e-04 | MSE loss: 3.2998e-03 | time: 0.149
I 05.31/22:23:22 solver.py:136 ] Epoch: [54/400][180/400] lr: 1.99e-04 | MSE loss: 3.3060e-03 | time: 0.149
I 05.31/22:23:25 solver.py:136 ] Epoch: [54/400][200/400] lr: 1.99e-04 | MSE loss: 3.2967e-03 | time: 0.150
I 05.31/22:23:28 solver.py:136 ] Epoch: [54/400][220/400] lr: 1.99e-04 | MSE loss: 3.2788e-03 | time: 0.147
I 05.31/22:23:30 solver.py:136 ] Epoch: [54/400][240/400] lr: 1.99e-04 | MSE loss: 3.2664e-03 | time: 0.144
I 05.31/22:23:33 solver.py:136 ] Epoch: [54/400][260/400] lr: 1.99e-04 | MSE loss: 3.2643e-03 | time: 0.144
I 05.31/22:23:36 solver.py:136 ] Epoch: [54/400][280/400] lr: 1.99e-04 | MSE loss: 3.2655e-03 | time: 0.145
I 05.31/22:23:39 solver.py:136 ] Epoch: [54/400][300/400] lr: 1.99e-04 | MSE loss: 3.2677e-03 | time: 0.145
I 05.31/22:23:41 solver.py:136 ] Epoch: [54/400][320/400] lr: 1.99e-04 | MSE loss: 3.2795e-03 | time: 0.144
I 05.31/22:23:44 solver.py:136 ] Epoch: [54/400][340/400] lr: 1.99e-04 | MSE loss: 3.2861e-03 | time: 0.144
I 05.31/22:23:46 solver.py:136 ] Epoch: [54/400][360/400] lr: 1.99e-04 | MSE loss: 3.2785e-03 | time: 0.141
I 05.31/22:23:48 solver.py:136 ] Epoch: [54/400][380/400] lr: 1.99e-04 | MSE loss: 3.2790e-03 | time: 0.140
I 05.31/22:23:51 solver.py:136 ] Epoch: [54/400][400/400] lr: 1.99e-04 | MSE loss: 3.2721e-03 | time: 0.140
I 05.31/22:23:51 solver.py:146 ] => Train  Loss: 3.2721e-03

I 05.31/22:23:54 solver.py:205 ] 
=! Best NMSE: -2.0517e+01 (epoch=50)

I 05.31/22:23:57 solver.py:136 ] Epoch: [55/400][20/400] lr: 1.99e-04 | MSE loss: 3.1252e-03 | time: 0.123
I 05.31/22:23:59 solver.py:136 ] Epoch: [55/400][40/400] lr: 1.99e-04 | MSE loss: 3.1907e-03 | time: 0.122
I 05.31/22:24:03 solver.py:136 ] Epoch: [55/400][60/400] lr: 1.99e-04 | MSE loss: 3.1592e-03 | time: 0.147
I 05.31/22:24:07 solver.py:136 ] Epoch: [55/400][80/400] lr: 1.99e-04 | MSE loss: 3.1179e-03 | time: 0.152
I 05.31/22:24:09 solver.py:136 ] Epoch: [55/400][100/400] lr: 1.99e-04 | MSE loss: 3.1258e-03 | time: 0.149
I 05.31/22:24:12 solver.py:136 ] Epoch: [55/400][120/400] lr: 1.99e-04 | MSE loss: 3.1150e-03 | time: 0.146
I 05.31/22:24:15 solver.py:136 ] Epoch: [55/400][140/400] lr: 1.99e-04 | MSE loss: 3.1315e-03 | time: 0.145
I 05.31/22:24:17 solver.py:136 ] Epoch: [55/400][160/400] lr: 1.99e-04 | MSE loss: 3.1380e-03 | time: 0.144
I 05.31/22:24:20 solver.py:136 ] Epoch: [55/400][180/400] lr: 1.99e-04 | MSE loss: 3.1462e-03 | time: 0.142
I 05.31/22:24:22 solver.py:136 ] Epoch: [55/400][200/400] lr: 1.99e-04 | MSE loss: 3.1551e-03 | time: 0.140
I 05.31/22:24:24 solver.py:136 ] Epoch: [55/400][220/400] lr: 1.99e-04 | MSE loss: 3.1543e-03 | time: 0.136
I 05.31/22:24:27 solver.py:136 ] Epoch: [55/400][240/400] lr: 1.99e-04 | MSE loss: 3.1514e-03 | time: 0.135
I 05.31/22:24:29 solver.py:136 ] Epoch: [55/400][260/400] lr: 1.99e-04 | MSE loss: 3.1541e-03 | time: 0.134
I 05.31/22:24:32 solver.py:136 ] Epoch: [55/400][280/400] lr: 1.99e-04 | MSE loss: 3.1512e-03 | time: 0.134
I 05.31/22:24:35 solver.py:136 ] Epoch: [55/400][300/400] lr: 1.99e-04 | MSE loss: 3.1585e-03 | time: 0.134
I 05.31/22:24:38 solver.py:136 ] Epoch: [55/400][320/400] lr: 1.99e-04 | MSE loss: 3.1688e-03 | time: 0.134
I 05.31/22:24:40 solver.py:136 ] Epoch: [55/400][340/400] lr: 1.99e-04 | MSE loss: 3.1714e-03 | time: 0.134
I 05.31/22:24:43 solver.py:136 ] Epoch: [55/400][360/400] lr: 1.99e-04 | MSE loss: 3.1770e-03 | time: 0.135
I 05.31/22:24:45 solver.py:136 ] Epoch: [55/400][380/400] lr: 1.99e-04 | MSE loss: 3.1777e-03 | time: 0.134
I 05.31/22:24:48 solver.py:136 ] Epoch: [55/400][400/400] lr: 1.99e-04 | MSE loss: 3.1763e-03 | time: 0.135
I 05.31/22:24:48 solver.py:146 ] => Train  Loss: 3.1763e-03

I 05.31/22:24:53 solver.py:205 ] 
=! Best NMSE: -2.0517e+01 (epoch=50)

I 05.31/22:24:56 solver.py:136 ] Epoch: [56/400][20/400] lr: 1.99e-04 | MSE loss: 3.2446e-03 | time: 0.116
I 05.31/22:24:58 solver.py:136 ] Epoch: [56/400][40/400] lr: 1.99e-04 | MSE loss: 3.2776e-03 | time: 0.116
I 05.31/22:25:00 solver.py:136 ] Epoch: [56/400][60/400] lr: 1.99e-04 | MSE loss: 3.2899e-03 | time: 0.119
I 05.31/22:25:05 solver.py:136 ] Epoch: [56/400][80/400] lr: 1.99e-04 | MSE loss: 3.2777e-03 | time: 0.144
I 05.31/22:25:07 solver.py:136 ] Epoch: [56/400][100/400] lr: 1.99e-04 | MSE loss: 3.2377e-03 | time: 0.138
I 05.31/22:25:10 solver.py:136 ] Epoch: [56/400][120/400] lr: 1.99e-04 | MSE loss: 3.2124e-03 | time: 0.137
I 05.31/22:25:12 solver.py:136 ] Epoch: [56/400][140/400] lr: 1.99e-04 | MSE loss: 3.2217e-03 | time: 0.138
I 05.31/22:25:16 solver.py:136 ] Epoch: [56/400][160/400] lr: 1.99e-04 | MSE loss: 3.1996e-03 | time: 0.140
I 05.31/22:25:18 solver.py:136 ] Epoch: [56/400][180/400] lr: 1.99e-04 | MSE loss: 3.1860e-03 | time: 0.138
I 05.31/22:25:21 solver.py:136 ] Epoch: [56/400][200/400] lr: 1.99e-04 | MSE loss: 3.1741e-03 | time: 0.138
I 05.31/22:25:24 solver.py:136 ] Epoch: [56/400][220/400] lr: 1.99e-04 | MSE loss: 3.1800e-03 | time: 0.137
I 05.31/22:25:27 solver.py:136 ] Epoch: [56/400][240/400] lr: 1.99e-04 | MSE loss: 3.1844e-03 | time: 0.140
I 05.31/22:25:29 solver.py:136 ] Epoch: [56/400][260/400] lr: 1.99e-04 | MSE loss: 3.1908e-03 | time: 0.139
I 05.31/22:25:32 solver.py:136 ] Epoch: [56/400][280/400] lr: 1.99e-04 | MSE loss: 3.1902e-03 | time: 0.138
I 05.31/22:25:34 solver.py:136 ] Epoch: [56/400][300/400] lr: 1.99e-04 | MSE loss: 3.1861e-03 | time: 0.137
I 05.31/22:25:37 solver.py:136 ] Epoch: [56/400][320/400] lr: 1.99e-04 | MSE loss: 3.1736e-03 | time: 0.137
I 05.31/22:25:40 solver.py:136 ] Epoch: [56/400][340/400] lr: 1.99e-04 | MSE loss: 3.1661e-03 | time: 0.137
I 05.31/22:25:43 solver.py:136 ] Epoch: [56/400][360/400] lr: 1.99e-04 | MSE loss: 3.1558e-03 | time: 0.138
I 05.31/22:25:45 solver.py:136 ] Epoch: [56/400][380/400] lr: 1.99e-04 | MSE loss: 3.1550e-03 | time: 0.137
I 05.31/22:25:48 solver.py:136 ] Epoch: [56/400][400/400] lr: 1.99e-04 | MSE loss: 3.1533e-03 | time: 0.137
I 05.31/22:25:48 solver.py:146 ] => Train  Loss: 3.1533e-03

I 05.31/22:25:53 solver.py:205 ] 
=! Best NMSE: -2.0517e+01 (epoch=50)

I 05.31/22:25:56 solver.py:136 ] Epoch: [57/400][20/400] lr: 1.99e-04 | MSE loss: 3.0284e-03 | time: 0.155
I 05.31/22:25:59 solver.py:136 ] Epoch: [57/400][40/400] lr: 1.99e-04 | MSE loss: 3.0286e-03 | time: 0.144
I 05.31/22:26:02 solver.py:136 ] Epoch: [57/400][60/400] lr: 1.99e-04 | MSE loss: 2.9996e-03 | time: 0.146
I 05.31/22:26:06 solver.py:136 ] Epoch: [57/400][80/400] lr: 1.99e-04 | MSE loss: 3.0141e-03 | time: 0.159
I 05.31/22:26:08 solver.py:136 ] Epoch: [57/400][100/400] lr: 1.99e-04 | MSE loss: 3.0260e-03 | time: 0.153
I 05.31/22:26:11 solver.py:136 ] Epoch: [57/400][120/400] lr: 1.99e-04 | MSE loss: 3.0039e-03 | time: 0.147
I 05.31/22:26:14 solver.py:136 ] Epoch: [57/400][140/400] lr: 1.99e-04 | MSE loss: 3.0121e-03 | time: 0.149
I 05.31/22:26:16 solver.py:136 ] Epoch: [57/400][160/400] lr: 1.99e-04 | MSE loss: 3.0182e-03 | time: 0.148
I 05.31/22:26:19 solver.py:136 ] Epoch: [57/400][180/400] lr: 1.99e-04 | MSE loss: 3.0205e-03 | time: 0.144
I 05.31/22:26:22 solver.py:136 ] Epoch: [57/400][200/400] lr: 1.99e-04 | MSE loss: 3.0251e-03 | time: 0.144
I 05.31/22:26:25 solver.py:136 ] Epoch: [57/400][220/400] lr: 1.99e-04 | MSE loss: 3.0303e-03 | time: 0.144
I 05.31/22:26:27 solver.py:136 ] Epoch: [57/400][240/400] lr: 1.99e-04 | MSE loss: 3.0356e-03 | time: 0.143
I 05.31/22:26:30 solver.py:136 ] Epoch: [57/400][260/400] lr: 1.99e-04 | MSE loss: 3.0501e-03 | time: 0.143
I 05.31/22:26:33 solver.py:136 ] Epoch: [57/400][280/400] lr: 1.99e-04 | MSE loss: 3.0503e-03 | time: 0.142
I 05.31/22:26:36 solver.py:136 ] Epoch: [57/400][300/400] lr: 1.99e-04 | MSE loss: 3.0582e-03 | time: 0.143
I 05.31/22:26:39 solver.py:136 ] Epoch: [57/400][320/400] lr: 1.99e-04 | MSE loss: 3.0601e-03 | time: 0.142
I 05.31/22:26:41 solver.py:136 ] Epoch: [57/400][340/400] lr: 1.99e-04 | MSE loss: 3.0526e-03 | time: 0.141
I 05.31/22:26:44 solver.py:136 ] Epoch: [57/400][360/400] lr: 1.99e-04 | MSE loss: 3.0531e-03 | time: 0.141
I 05.31/22:26:47 solver.py:136 ] Epoch: [57/400][380/400] lr: 1.99e-04 | MSE loss: 3.0502e-03 | time: 0.141
I 05.31/22:26:49 solver.py:136 ] Epoch: [57/400][400/400] lr: 1.99e-04 | MSE loss: 3.0541e-03 | time: 0.142
I 05.31/22:26:49 solver.py:146 ] => Train  Loss: 3.0541e-03

I 05.31/22:26:53 solver.py:205 ] 
=! Best NMSE: -2.0517e+01 (epoch=50)

I 05.31/22:26:57 solver.py:136 ] Epoch: [58/400][20/400] lr: 1.99e-04 | MSE loss: 3.0002e-03 | time: 0.153
I 05.31/22:26:59 solver.py:136 ] Epoch: [58/400][40/400] lr: 1.99e-04 | MSE loss: 2.9565e-03 | time: 0.143
I 05.31/22:27:03 solver.py:136 ] Epoch: [58/400][60/400] lr: 1.99e-04 | MSE loss: 2.9658e-03 | time: 0.155
I 05.31/22:27:06 solver.py:136 ] Epoch: [58/400][80/400] lr: 1.99e-04 | MSE loss: 2.9577e-03 | time: 0.162
I 05.31/22:27:09 solver.py:136 ] Epoch: [58/400][100/400] lr: 1.99e-04 | MSE loss: 2.9498e-03 | time: 0.153
I 05.31/22:27:11 solver.py:136 ] Epoch: [58/400][120/400] lr: 1.99e-04 | MSE loss: 2.9439e-03 | time: 0.147
I 05.31/22:27:13 solver.py:136 ] Epoch: [58/400][140/400] lr: 1.99e-04 | MSE loss: 2.9331e-03 | time: 0.142
I 05.31/22:27:16 solver.py:136 ] Epoch: [58/400][160/400] lr: 1.99e-04 | MSE loss: 2.9295e-03 | time: 0.139
I 05.31/22:27:19 solver.py:136 ] Epoch: [58/400][180/400] lr: 1.99e-04 | MSE loss: 2.9137e-03 | time: 0.138
I 05.31/22:27:22 solver.py:136 ] Epoch: [58/400][200/400] lr: 1.99e-04 | MSE loss: 2.9150e-03 | time: 0.141
I 05.31/22:27:25 solver.py:136 ] Epoch: [58/400][220/400] lr: 1.99e-04 | MSE loss: 2.9168e-03 | time: 0.142
I 05.31/22:27:28 solver.py:136 ] Epoch: [58/400][240/400] lr: 1.99e-04 | MSE loss: 2.9247e-03 | time: 0.142
I 05.31/22:27:30 solver.py:136 ] Epoch: [58/400][260/400] lr: 1.99e-04 | MSE loss: 2.9347e-03 | time: 0.141
I 05.31/22:27:33 solver.py:136 ] Epoch: [58/400][280/400] lr: 1.99e-04 | MSE loss: 2.9381e-03 | time: 0.140
I 05.31/22:27:36 solver.py:136 ] Epoch: [58/400][300/400] lr: 1.99e-04 | MSE loss: 2.9443e-03 | time: 0.141
I 05.31/22:27:38 solver.py:136 ] Epoch: [58/400][320/400] lr: 1.99e-04 | MSE loss: 2.9505e-03 | time: 0.139
I 05.31/22:27:41 solver.py:136 ] Epoch: [58/400][340/400] lr: 1.99e-04 | MSE loss: 2.9588e-03 | time: 0.138
I 05.31/22:27:43 solver.py:136 ] Epoch: [58/400][360/400] lr: 1.99e-04 | MSE loss: 2.9673e-03 | time: 0.136
I 05.31/22:27:45 solver.py:136 ] Epoch: [58/400][380/400] lr: 1.99e-04 | MSE loss: 2.9660e-03 | time: 0.135
I 05.31/22:27:47 solver.py:136 ] Epoch: [58/400][400/400] lr: 1.99e-04 | MSE loss: 2.9639e-03 | time: 0.134
I 05.31/22:27:47 solver.py:146 ] => Train  Loss: 2.9639e-03

I 05.31/22:27:52 solver.py:205 ] 
=! Best NMSE: -2.0517e+01 (epoch=50)

I 05.31/22:27:55 solver.py:136 ] Epoch: [59/400][20/400] lr: 1.99e-04 | MSE loss: 2.8859e-03 | time: 0.150
I 05.31/22:27:58 solver.py:136 ] Epoch: [59/400][40/400] lr: 1.99e-04 | MSE loss: 2.8981e-03 | time: 0.140
I 05.31/22:28:00 solver.py:136 ] Epoch: [59/400][60/400] lr: 1.99e-04 | MSE loss: 2.8959e-03 | time: 0.140
I 05.31/22:28:05 solver.py:136 ] Epoch: [59/400][80/400] lr: 1.99e-04 | MSE loss: 2.8911e-03 | time: 0.161
I 05.31/22:28:08 solver.py:136 ] Epoch: [59/400][100/400] lr: 1.99e-04 | MSE loss: 2.8820e-03 | time: 0.157
I 05.31/22:28:10 solver.py:136 ] Epoch: [59/400][120/400] lr: 1.99e-04 | MSE loss: 2.8975e-03 | time: 0.154
I 05.31/22:28:13 solver.py:136 ] Epoch: [59/400][140/400] lr: 1.99e-04 | MSE loss: 2.8991e-03 | time: 0.152
I 05.31/22:28:16 solver.py:136 ] Epoch: [59/400][160/400] lr: 1.99e-04 | MSE loss: 2.8921e-03 | time: 0.152
I 05.31/22:28:19 solver.py:136 ] Epoch: [59/400][180/400] lr: 1.99e-04 | MSE loss: 2.8999e-03 | time: 0.152
I 05.31/22:28:22 solver.py:136 ] Epoch: [59/400][200/400] lr: 1.99e-04 | MSE loss: 2.8875e-03 | time: 0.149
I 05.31/22:28:24 solver.py:136 ] Epoch: [59/400][220/400] lr: 1.99e-04 | MSE loss: 2.8913e-03 | time: 0.146
I 05.31/22:28:27 solver.py:136 ] Epoch: [59/400][240/400] lr: 1.99e-04 | MSE loss: 2.8994e-03 | time: 0.145
I 05.31/22:28:30 solver.py:136 ] Epoch: [59/400][260/400] lr: 1.99e-04 | MSE loss: 2.9064e-03 | time: 0.145
I 05.31/22:28:32 solver.py:136 ] Epoch: [59/400][280/400] lr: 1.99e-04 | MSE loss: 2.9191e-03 | time: 0.145
I 05.31/22:28:35 solver.py:136 ] Epoch: [59/400][300/400] lr: 1.99e-04 | MSE loss: 2.9170e-03 | time: 0.146
I 05.31/22:28:38 solver.py:136 ] Epoch: [59/400][320/400] lr: 1.99e-04 | MSE loss: 2.9202e-03 | time: 0.145
I 05.31/22:28:42 solver.py:136 ] Epoch: [59/400][340/400] lr: 1.99e-04 | MSE loss: 2.9252e-03 | time: 0.146
I 05.31/22:28:44 solver.py:136 ] Epoch: [59/400][360/400] lr: 1.99e-04 | MSE loss: 2.9221e-03 | time: 0.145
I 05.31/22:28:46 solver.py:136 ] Epoch: [59/400][380/400] lr: 1.99e-04 | MSE loss: 2.9228e-03 | time: 0.144
I 05.31/22:28:49 solver.py:136 ] Epoch: [59/400][400/400] lr: 1.99e-04 | MSE loss: 2.9225e-03 | time: 0.144
I 05.31/22:28:49 solver.py:146 ] => Train  Loss: 2.9225e-03

I 05.31/22:28:52 solver.py:205 ] 
=! Best NMSE: -2.0517e+01 (epoch=50)

I 05.31/22:28:56 solver.py:136 ] Epoch: [60/400][20/400] lr: 1.99e-04 | MSE loss: 2.7364e-03 | time: 0.150
I 05.31/22:28:59 solver.py:136 ] Epoch: [60/400][40/400] lr: 1.99e-04 | MSE loss: 2.7947e-03 | time: 0.150
I 05.31/22:29:03 solver.py:136 ] Epoch: [60/400][60/400] lr: 1.99e-04 | MSE loss: 2.7887e-03 | time: 0.172
I 05.31/22:29:07 solver.py:136 ] Epoch: [60/400][80/400] lr: 1.99e-04 | MSE loss: 2.8130e-03 | time: 0.178
I 05.31/22:29:10 solver.py:136 ] Epoch: [60/400][100/400] lr: 1.99e-04 | MSE loss: 2.8356e-03 | time: 0.172
I 05.31/22:29:13 solver.py:136 ] Epoch: [60/400][120/400] lr: 1.99e-04 | MSE loss: 2.8542e-03 | time: 0.169
I 05.31/22:29:15 solver.py:136 ] Epoch: [60/400][140/400] lr: 1.99e-04 | MSE loss: 2.8620e-03 | time: 0.163
I 05.31/22:29:18 solver.py:136 ] Epoch: [60/400][160/400] lr: 1.99e-04 | MSE loss: 2.8581e-03 | time: 0.161
I 05.31/22:29:21 solver.py:136 ] Epoch: [60/400][180/400] lr: 1.99e-04 | MSE loss: 2.8518e-03 | time: 0.158
I 05.31/22:29:24 solver.py:136 ] Epoch: [60/400][200/400] lr: 1.99e-04 | MSE loss: 2.8450e-03 | time: 0.157
I 05.31/22:29:27 solver.py:136 ] Epoch: [60/400][220/400] lr: 1.99e-04 | MSE loss: 2.8425e-03 | time: 0.155
I 05.31/22:29:30 solver.py:136 ] Epoch: [60/400][240/400] lr: 1.99e-04 | MSE loss: 2.8528e-03 | time: 0.155
I 05.31/22:29:32 solver.py:136 ] Epoch: [60/400][260/400] lr: 1.99e-04 | MSE loss: 2.8588e-03 | time: 0.153
I 05.31/22:29:36 solver.py:136 ] Epoch: [60/400][280/400] lr: 1.99e-04 | MSE loss: 2.8677e-03 | time: 0.153
I 05.31/22:29:38 solver.py:136 ] Epoch: [60/400][300/400] lr: 1.99e-04 | MSE loss: 2.8693e-03 | time: 0.153
I 05.31/22:29:41 solver.py:136 ] Epoch: [60/400][320/400] lr: 1.99e-04 | MSE loss: 2.8715e-03 | time: 0.152
I 05.31/22:29:43 solver.py:136 ] Epoch: [60/400][340/400] lr: 1.99e-04 | MSE loss: 2.8733e-03 | time: 0.150
I 05.31/22:29:46 solver.py:136 ] Epoch: [60/400][360/400] lr: 1.99e-04 | MSE loss: 2.8698e-03 | time: 0.148
I 05.31/22:29:49 solver.py:136 ] Epoch: [60/400][380/400] lr: 1.99e-04 | MSE loss: 2.8722e-03 | time: 0.148
I 05.31/22:29:52 solver.py:136 ] Epoch: [60/400][400/400] lr: 1.99e-04 | MSE loss: 2.8726e-03 | time: 0.149
I 05.31/22:29:52 solver.py:146 ] => Train  Loss: 2.8726e-03

I 05.31/22:29:55 solver.py:136 ] Epoch: [60/400][20/50] lr: 1.99e-04 | MSE loss: 3.3638e-03 | time: 0.156
I 05.31/22:29:58 solver.py:136 ] Epoch: [60/400][40/50] lr: 1.99e-04 | MSE loss: 3.3873e-03 | time: 0.145
I 05.31/22:30:00 solver.py:146 ] => Val  Loss: 3.3587e-03

I 05.31/22:30:05 solver.py:287 ] [20/50] loss: 3.4019e-03 | NMSE: -2.1689e+01 | time: 0.256
I 05.31/22:30:08 solver.py:287 ] [40/50] loss: 3.3895e-03 | NMSE: -2.1712e+01 | time: 0.200
I 05.31/22:30:09 solver.py:291 ] => Test NMSE: -2.1733e+01

I 05.31/22:30:17 solver.py:205 ] 
=! Best NMSE: -2.1733e+01 (epoch=60)

I 05.31/22:30:20 solver.py:136 ] Epoch: [61/400][20/400] lr: 1.99e-04 | MSE loss: 2.7207e-03 | time: 0.118
I 05.31/22:30:23 solver.py:136 ] Epoch: [61/400][40/400] lr: 1.99e-04 | MSE loss: 2.6988e-03 | time: 0.131
I 05.31/22:30:25 solver.py:136 ] Epoch: [61/400][60/400] lr: 1.99e-04 | MSE loss: 2.7426e-03 | time: 0.133
I 05.31/22:30:28 solver.py:136 ] Epoch: [61/400][80/400] lr: 1.99e-04 | MSE loss: 2.7437e-03 | time: 0.138
I 05.31/22:30:32 solver.py:136 ] Epoch: [61/400][100/400] lr: 1.99e-04 | MSE loss: 2.7663e-03 | time: 0.141
I 05.31/22:30:34 solver.py:136 ] Epoch: [61/400][120/400] lr: 1.99e-04 | MSE loss: 2.7725e-03 | time: 0.141
I 05.31/22:30:37 solver.py:136 ] Epoch: [61/400][140/400] lr: 1.99e-04 | MSE loss: 2.7723e-03 | time: 0.140
I 05.31/22:30:40 solver.py:136 ] Epoch: [61/400][160/400] lr: 1.99e-04 | MSE loss: 2.7758e-03 | time: 0.139
I 05.31/22:30:43 solver.py:136 ] Epoch: [61/400][180/400] lr: 1.99e-04 | MSE loss: 2.7844e-03 | time: 0.139
I 05.31/22:30:45 solver.py:136 ] Epoch: [61/400][200/400] lr: 1.99e-04 | MSE loss: 2.7897e-03 | time: 0.139
I 05.31/22:30:48 solver.py:136 ] Epoch: [61/400][220/400] lr: 1.99e-04 | MSE loss: 2.8083e-03 | time: 0.138
I 05.31/22:30:50 solver.py:136 ] Epoch: [61/400][240/400] lr: 1.99e-04 | MSE loss: 2.8214e-03 | time: 0.137
I 05.31/22:30:53 solver.py:136 ] Epoch: [61/400][260/400] lr: 1.99e-04 | MSE loss: 2.8267e-03 | time: 0.137
I 05.31/22:30:56 solver.py:136 ] Epoch: [61/400][280/400] lr: 1.99e-04 | MSE loss: 2.8246e-03 | time: 0.138
I 05.31/22:30:59 solver.py:136 ] Epoch: [61/400][300/400] lr: 1.99e-04 | MSE loss: 2.8239e-03 | time: 0.139
I 05.31/22:31:04 solver.py:136 ] Epoch: [61/400][320/400] lr: 1.99e-04 | MSE loss: 2.8161e-03 | time: 0.146
I 05.31/22:31:07 solver.py:136 ] Epoch: [61/400][340/400] lr: 1.99e-04 | MSE loss: 2.8144e-03 | time: 0.146
I 05.31/22:31:11 solver.py:136 ] Epoch: [61/400][360/400] lr: 1.99e-04 | MSE loss: 2.8144e-03 | time: 0.147
I 05.31/22:31:14 solver.py:136 ] Epoch: [61/400][380/400] lr: 1.99e-04 | MSE loss: 2.8103e-03 | time: 0.147
I 05.31/22:31:17 solver.py:136 ] Epoch: [61/400][400/400] lr: 1.99e-04 | MSE loss: 2.8109e-03 | time: 0.148
I 05.31/22:31:17 solver.py:146 ] => Train  Loss: 2.8109e-03

I 05.31/22:31:23 solver.py:205 ] 
=! Best NMSE: -2.1733e+01 (epoch=60)

I 05.31/22:31:27 solver.py:136 ] Epoch: [62/400][20/400] lr: 1.99e-04 | MSE loss: 2.5372e-03 | time: 0.158
I 05.31/22:31:30 solver.py:136 ] Epoch: [62/400][40/400] lr: 1.99e-04 | MSE loss: 2.6072e-03 | time: 0.153
I 05.31/22:31:33 solver.py:136 ] Epoch: [62/400][60/400] lr: 1.99e-04 | MSE loss: 2.6262e-03 | time: 0.153
I 05.31/22:31:36 solver.py:136 ] Epoch: [62/400][80/400] lr: 1.99e-04 | MSE loss: 2.6053e-03 | time: 0.157
I 05.31/22:31:39 solver.py:136 ] Epoch: [62/400][100/400] lr: 1.99e-04 | MSE loss: 2.6222e-03 | time: 0.157
I 05.31/22:31:42 solver.py:136 ] Epoch: [62/400][120/400] lr: 1.99e-04 | MSE loss: 2.6431e-03 | time: 0.157
I 05.31/22:31:45 solver.py:136 ] Epoch: [62/400][140/400] lr: 1.99e-04 | MSE loss: 2.6624e-03 | time: 0.154
I 05.31/22:31:48 solver.py:136 ] Epoch: [62/400][160/400] lr: 1.99e-04 | MSE loss: 2.6724e-03 | time: 0.151
I 05.31/22:31:51 solver.py:136 ] Epoch: [62/400][180/400] lr: 1.99e-04 | MSE loss: 2.6755e-03 | time: 0.149
I 05.31/22:31:54 solver.py:136 ] Epoch: [62/400][200/400] lr: 1.99e-04 | MSE loss: 2.6794e-03 | time: 0.150
I 05.31/22:31:57 solver.py:136 ] Epoch: [62/400][220/400] lr: 1.99e-04 | MSE loss: 2.6856e-03 | time: 0.149
I 05.31/22:32:00 solver.py:136 ] Epoch: [62/400][240/400] lr: 1.99e-04 | MSE loss: 2.6869e-03 | time: 0.151
I 05.31/22:32:05 solver.py:136 ] Epoch: [62/400][260/400] lr: 1.99e-04 | MSE loss: 2.6897e-03 | time: 0.159
I 05.31/22:32:08 solver.py:136 ] Epoch: [62/400][280/400] lr: 1.99e-04 | MSE loss: 2.6984e-03 | time: 0.159
I 05.31/22:32:11 solver.py:136 ] Epoch: [62/400][300/400] lr: 1.99e-04 | MSE loss: 2.6993e-03 | time: 0.159
I 05.31/22:32:14 solver.py:136 ] Epoch: [62/400][320/400] lr: 1.99e-04 | MSE loss: 2.7033e-03 | time: 0.158
I 05.31/22:32:17 solver.py:136 ] Epoch: [62/400][340/400] lr: 1.99e-04 | MSE loss: 2.7064e-03 | time: 0.158
I 05.31/22:32:21 solver.py:136 ] Epoch: [62/400][360/400] lr: 1.99e-04 | MSE loss: 2.7084e-03 | time: 0.159
I 05.31/22:32:24 solver.py:136 ] Epoch: [62/400][380/400] lr: 1.99e-04 | MSE loss: 2.7170e-03 | time: 0.159
I 05.31/22:32:27 solver.py:136 ] Epoch: [62/400][400/400] lr: 1.99e-04 | MSE loss: 2.7194e-03 | time: 0.158
I 05.31/22:32:27 solver.py:146 ] => Train  Loss: 2.7194e-03

I 05.31/22:32:31 solver.py:205 ] 
=! Best NMSE: -2.1733e+01 (epoch=60)

I 05.31/22:32:33 solver.py:136 ] Epoch: [63/400][20/400] lr: 1.99e-04 | MSE loss: 2.6855e-03 | time: 0.133
I 05.31/22:32:37 solver.py:136 ] Epoch: [63/400][40/400] lr: 1.99e-04 | MSE loss: 2.7056e-03 | time: 0.141
I 05.31/22:32:40 solver.py:136 ] Epoch: [63/400][60/400] lr: 1.99e-04 | MSE loss: 2.7170e-03 | time: 0.151
I 05.31/22:32:43 solver.py:136 ] Epoch: [63/400][80/400] lr: 1.99e-04 | MSE loss: 2.7055e-03 | time: 0.156
I 05.31/22:32:46 solver.py:136 ] Epoch: [63/400][100/400] lr: 1.99e-04 | MSE loss: 2.7045e-03 | time: 0.154
I 05.31/22:32:50 solver.py:136 ] Epoch: [63/400][120/400] lr: 1.99e-04 | MSE loss: 2.6909e-03 | time: 0.157
I 05.31/22:32:53 solver.py:136 ] Epoch: [63/400][140/400] lr: 1.99e-04 | MSE loss: 2.6775e-03 | time: 0.156
I 05.31/22:32:56 solver.py:136 ] Epoch: [63/400][160/400] lr: 1.99e-04 | MSE loss: 2.6637e-03 | time: 0.157
I 05.31/22:32:59 solver.py:136 ] Epoch: [63/400][180/400] lr: 1.99e-04 | MSE loss: 2.6570e-03 | time: 0.159
I 05.31/22:33:04 solver.py:136 ] Epoch: [63/400][200/400] lr: 1.99e-04 | MSE loss: 2.6586e-03 | time: 0.168
I 05.31/22:33:08 solver.py:136 ] Epoch: [63/400][220/400] lr: 1.99e-04 | MSE loss: 2.6606e-03 | time: 0.168
I 05.31/22:33:11 solver.py:136 ] Epoch: [63/400][240/400] lr: 1.99e-04 | MSE loss: 2.6618e-03 | time: 0.165
I 05.31/22:33:14 solver.py:136 ] Epoch: [63/400][260/400] lr: 1.99e-04 | MSE loss: 2.6636e-03 | time: 0.165
I 05.31/22:33:17 solver.py:136 ] Epoch: [63/400][280/400] lr: 1.99e-04 | MSE loss: 2.6700e-03 | time: 0.164
I 05.31/22:33:20 solver.py:136 ] Epoch: [63/400][300/400] lr: 1.99e-04 | MSE loss: 2.6739e-03 | time: 0.163
I 05.31/22:33:23 solver.py:136 ] Epoch: [63/400][320/400] lr: 1.99e-04 | MSE loss: 2.6736e-03 | time: 0.162
I 05.31/22:33:26 solver.py:136 ] Epoch: [63/400][340/400] lr: 1.99e-04 | MSE loss: 2.6988e-03 | time: 0.162
I 05.31/22:33:29 solver.py:136 ] Epoch: [63/400][360/400] lr: 1.99e-04 | MSE loss: 2.7709e-03 | time: 0.162
I 05.31/22:33:32 solver.py:136 ] Epoch: [63/400][380/400] lr: 1.99e-04 | MSE loss: 2.8139e-03 | time: 0.162
I 05.31/22:33:36 solver.py:136 ] Epoch: [63/400][400/400] lr: 1.98e-04 | MSE loss: 2.8365e-03 | time: 0.162
I 05.31/22:33:36 solver.py:146 ] => Train  Loss: 2.8365e-03

I 05.31/22:33:41 solver.py:205 ] 
=! Best NMSE: -2.1733e+01 (epoch=60)

I 05.31/22:33:45 solver.py:136 ] Epoch: [64/400][20/400] lr: 1.98e-04 | MSE loss: 2.9873e-03 | time: 0.178
I 05.31/22:33:48 solver.py:136 ] Epoch: [64/400][40/400] lr: 1.98e-04 | MSE loss: 2.8609e-03 | time: 0.165
I 05.31/22:33:52 solver.py:136 ] Epoch: [64/400][60/400] lr: 1.98e-04 | MSE loss: 2.8320e-03 | time: 0.166
I 05.31/22:33:55 solver.py:136 ] Epoch: [64/400][80/400] lr: 1.98e-04 | MSE loss: 2.7882e-03 | time: 0.167
I 05.31/22:33:58 solver.py:136 ] Epoch: [64/400][100/400] lr: 1.98e-04 | MSE loss: 2.7805e-03 | time: 0.164
I 05.31/22:34:02 solver.py:136 ] Epoch: [64/400][120/400] lr: 1.98e-04 | MSE loss: 2.7613e-03 | time: 0.170
I 05.31/22:34:07 solver.py:136 ] Epoch: [64/400][140/400] lr: 1.98e-04 | MSE loss: 2.7456e-03 | time: 0.179
I 05.31/22:34:10 solver.py:136 ] Epoch: [64/400][160/400] lr: 1.98e-04 | MSE loss: 2.7481e-03 | time: 0.177
I 05.31/22:34:13 solver.py:136 ] Epoch: [64/400][180/400] lr: 1.98e-04 | MSE loss: 2.7490e-03 | time: 0.176
I 05.31/22:34:16 solver.py:136 ] Epoch: [64/400][200/400] lr: 1.98e-04 | MSE loss: 2.7395e-03 | time: 0.174
I 05.31/22:34:19 solver.py:136 ] Epoch: [64/400][220/400] lr: 1.98e-04 | MSE loss: 2.7230e-03 | time: 0.172
I 05.31/22:34:22 solver.py:136 ] Epoch: [64/400][240/400] lr: 1.98e-04 | MSE loss: 2.7165e-03 | time: 0.168
I 05.31/22:34:25 solver.py:136 ] Epoch: [64/400][260/400] lr: 1.98e-04 | MSE loss: 2.7107e-03 | time: 0.169
I 05.31/22:34:29 solver.py:136 ] Epoch: [64/400][280/400] lr: 1.98e-04 | MSE loss: 2.7002e-03 | time: 0.168
I 05.31/22:34:32 solver.py:136 ] Epoch: [64/400][300/400] lr: 1.98e-04 | MSE loss: 2.6892e-03 | time: 0.167
I 05.31/22:34:35 solver.py:136 ] Epoch: [64/400][320/400] lr: 1.98e-04 | MSE loss: 2.6744e-03 | time: 0.167
I 05.31/22:34:38 solver.py:136 ] Epoch: [64/400][340/400] lr: 1.98e-04 | MSE loss: 2.6682e-03 | time: 0.167
I 05.31/22:34:41 solver.py:136 ] Epoch: [64/400][360/400] lr: 1.98e-04 | MSE loss: 2.6636e-03 | time: 0.166
I 05.31/22:34:44 solver.py:136 ] Epoch: [64/400][380/400] lr: 1.98e-04 | MSE loss: 2.6594e-03 | time: 0.166
I 05.31/22:34:48 solver.py:136 ] Epoch: [64/400][400/400] lr: 1.98e-04 | MSE loss: 2.6612e-03 | time: 0.166
I 05.31/22:34:48 solver.py:146 ] => Train  Loss: 2.6612e-03

I 05.31/22:34:52 solver.py:205 ] 
=! Best NMSE: -2.1733e+01 (epoch=60)

I 05.31/22:34:56 solver.py:136 ] Epoch: [65/400][20/400] lr: 1.98e-04 | MSE loss: 2.5246e-03 | time: 0.186
I 05.31/22:35:00 solver.py:136 ] Epoch: [65/400][40/400] lr: 1.98e-04 | MSE loss: 2.5363e-03 | time: 0.181
I 05.31/22:35:05 solver.py:136 ] Epoch: [65/400][60/400] lr: 1.98e-04 | MSE loss: 2.5482e-03 | time: 0.211
I 05.31/22:35:08 solver.py:136 ] Epoch: [65/400][80/400] lr: 1.98e-04 | MSE loss: 2.5381e-03 | time: 0.196
I 05.31/22:35:12 solver.py:136 ] Epoch: [65/400][100/400] lr: 1.98e-04 | MSE loss: 2.5351e-03 | time: 0.190
I 05.31/22:35:15 solver.py:136 ] Epoch: [65/400][120/400] lr: 1.98e-04 | MSE loss: 2.5322e-03 | time: 0.186
I 05.31/22:35:18 solver.py:136 ] Epoch: [65/400][140/400] lr: 1.98e-04 | MSE loss: 2.5338e-03 | time: 0.183
I 05.31/22:35:21 solver.py:136 ] Epoch: [65/400][160/400] lr: 1.98e-04 | MSE loss: 2.5330e-03 | time: 0.180
I 05.31/22:35:24 solver.py:136 ] Epoch: [65/400][180/400] lr: 1.98e-04 | MSE loss: 2.5439e-03 | time: 0.175
I 05.31/22:35:27 solver.py:136 ] Epoch: [65/400][200/400] lr: 1.98e-04 | MSE loss: 2.5425e-03 | time: 0.172
I 05.31/22:35:30 solver.py:136 ] Epoch: [65/400][220/400] lr: 1.98e-04 | MSE loss: 2.5502e-03 | time: 0.172
I 05.31/22:35:34 solver.py:136 ] Epoch: [65/400][240/400] lr: 1.98e-04 | MSE loss: 2.5482e-03 | time: 0.171
I 05.31/22:35:37 solver.py:136 ] Epoch: [65/400][260/400] lr: 1.98e-04 | MSE loss: 2.5471e-03 | time: 0.169
I 05.31/22:35:40 solver.py:136 ] Epoch: [65/400][280/400] lr: 1.98e-04 | MSE loss: 2.5509e-03 | time: 0.169
I 05.31/22:35:44 solver.py:136 ] Epoch: [65/400][300/400] lr: 1.98e-04 | MSE loss: 2.5488e-03 | time: 0.170
I 05.31/22:35:47 solver.py:136 ] Epoch: [65/400][320/400] lr: 1.98e-04 | MSE loss: 2.5426e-03 | time: 0.170
I 05.31/22:35:50 solver.py:136 ] Epoch: [65/400][340/400] lr: 1.98e-04 | MSE loss: 2.5448e-03 | time: 0.169
I 05.31/22:35:53 solver.py:136 ] Epoch: [65/400][360/400] lr: 1.98e-04 | MSE loss: 2.5407e-03 | time: 0.169
I 05.31/22:35:56 solver.py:136 ] Epoch: [65/400][380/400] lr: 1.98e-04 | MSE loss: 2.5410e-03 | time: 0.167
I 05.31/22:35:59 solver.py:136 ] Epoch: [65/400][400/400] lr: 1.98e-04 | MSE loss: 2.5468e-03 | time: 0.166
I 05.31/22:35:59 solver.py:146 ] => Train  Loss: 2.5468e-03

I 05.31/22:36:06 solver.py:205 ] 
=! Best NMSE: -2.1733e+01 (epoch=60)

I 05.31/22:36:09 solver.py:136 ] Epoch: [66/400][20/400] lr: 1.98e-04 | MSE loss: 2.5224e-03 | time: 0.152
I 05.31/22:36:12 solver.py:136 ] Epoch: [66/400][40/400] lr: 1.98e-04 | MSE loss: 2.4992e-03 | time: 0.156
I 05.31/22:36:16 solver.py:136 ] Epoch: [66/400][60/400] lr: 1.98e-04 | MSE loss: 2.4813e-03 | time: 0.164
I 05.31/22:36:19 solver.py:136 ] Epoch: [66/400][80/400] lr: 1.98e-04 | MSE loss: 2.5007e-03 | time: 0.164
I 05.31/22:36:22 solver.py:136 ] Epoch: [66/400][100/400] lr: 1.98e-04 | MSE loss: 2.4986e-03 | time: 0.164
I 05.31/22:36:26 solver.py:136 ] Epoch: [66/400][120/400] lr: 1.98e-04 | MSE loss: 2.4902e-03 | time: 0.166
I 05.31/22:36:29 solver.py:136 ] Epoch: [66/400][140/400] lr: 1.98e-04 | MSE loss: 2.4922e-03 | time: 0.164
I 05.31/22:36:32 solver.py:136 ] Epoch: [66/400][160/400] lr: 1.98e-04 | MSE loss: 2.4897e-03 | time: 0.162
I 05.31/22:36:35 solver.py:136 ] Epoch: [66/400][180/400] lr: 1.98e-04 | MSE loss: 2.4865e-03 | time: 0.163
I 05.31/22:36:38 solver.py:136 ] Epoch: [66/400][200/400] lr: 1.98e-04 | MSE loss: 2.4820e-03 | time: 0.163
I 05.31/22:36:42 solver.py:136 ] Epoch: [66/400][220/400] lr: 1.98e-04 | MSE loss: 2.4825e-03 | time: 0.164
I 05.31/22:36:45 solver.py:136 ] Epoch: [66/400][240/400] lr: 1.98e-04 | MSE loss: 2.4811e-03 | time: 0.165
I 05.31/22:36:48 solver.py:136 ] Epoch: [66/400][260/400] lr: 1.98e-04 | MSE loss: 2.4809e-03 | time: 0.163
I 05.31/22:36:52 solver.py:136 ] Epoch: [66/400][280/400] lr: 1.98e-04 | MSE loss: 2.4831e-03 | time: 0.164
I 05.31/22:36:55 solver.py:136 ] Epoch: [66/400][300/400] lr: 1.98e-04 | MSE loss: 2.4868e-03 | time: 0.163
I 05.31/22:36:58 solver.py:136 ] Epoch: [66/400][320/400] lr: 1.98e-04 | MSE loss: 2.4844e-03 | time: 0.163
I 05.31/22:37:02 solver.py:136 ] Epoch: [66/400][340/400] lr: 1.98e-04 | MSE loss: 2.4909e-03 | time: 0.167
I 05.31/22:37:07 solver.py:136 ] Epoch: [66/400][360/400] lr: 1.98e-04 | MSE loss: 2.4938e-03 | time: 0.169
I 05.31/22:37:10 solver.py:136 ] Epoch: [66/400][380/400] lr: 1.98e-04 | MSE loss: 2.4995e-03 | time: 0.170
I 05.31/22:37:14 solver.py:136 ] Epoch: [66/400][400/400] lr: 1.98e-04 | MSE loss: 2.5030e-03 | time: 0.169
I 05.31/22:37:14 solver.py:146 ] => Train  Loss: 2.5030e-03

I 05.31/22:37:20 solver.py:205 ] 
=! Best NMSE: -2.1733e+01 (epoch=60)

I 05.31/22:37:23 solver.py:136 ] Epoch: [67/400][20/400] lr: 1.98e-04 | MSE loss: 2.4745e-03 | time: 0.157
I 05.31/22:37:26 solver.py:136 ] Epoch: [67/400][40/400] lr: 1.98e-04 | MSE loss: 2.4365e-03 | time: 0.150
I 05.31/22:37:29 solver.py:136 ] Epoch: [67/400][60/400] lr: 1.98e-04 | MSE loss: 2.4321e-03 | time: 0.153
I 05.31/22:37:32 solver.py:136 ] Epoch: [67/400][80/400] lr: 1.98e-04 | MSE loss: 2.4323e-03 | time: 0.153
I 05.31/22:37:35 solver.py:136 ] Epoch: [67/400][100/400] lr: 1.98e-04 | MSE loss: 2.4541e-03 | time: 0.148
I 05.31/22:37:38 solver.py:136 ] Epoch: [67/400][120/400] lr: 1.98e-04 | MSE loss: 2.4636e-03 | time: 0.147
I 05.31/22:37:41 solver.py:136 ] Epoch: [67/400][140/400] lr: 1.98e-04 | MSE loss: 2.4729e-03 | time: 0.149
I 05.31/22:37:44 solver.py:136 ] Epoch: [67/400][160/400] lr: 1.98e-04 | MSE loss: 2.4715e-03 | time: 0.147
I 05.31/22:37:47 solver.py:136 ] Epoch: [67/400][180/400] lr: 1.98e-04 | MSE loss: 2.4806e-03 | time: 0.147
I 05.31/22:37:50 solver.py:136 ] Epoch: [67/400][200/400] lr: 1.98e-04 | MSE loss: 2.4904e-03 | time: 0.147
I 05.31/22:37:53 solver.py:136 ] Epoch: [67/400][220/400] lr: 1.98e-04 | MSE loss: 2.4854e-03 | time: 0.150
I 05.31/22:37:56 solver.py:136 ] Epoch: [67/400][240/400] lr: 1.98e-04 | MSE loss: 2.4824e-03 | time: 0.151
I 05.31/22:38:00 solver.py:136 ] Epoch: [67/400][260/400] lr: 1.98e-04 | MSE loss: 2.4875e-03 | time: 0.152
I 05.31/22:38:05 solver.py:136 ] Epoch: [67/400][280/400] lr: 1.98e-04 | MSE loss: 2.4884e-03 | time: 0.160
I 05.31/22:38:08 solver.py:136 ] Epoch: [67/400][300/400] lr: 1.98e-04 | MSE loss: 2.4903e-03 | time: 0.159
I 05.31/22:38:11 solver.py:136 ] Epoch: [67/400][320/400] lr: 1.98e-04 | MSE loss: 2.4931e-03 | time: 0.159
I 05.31/22:38:14 solver.py:136 ] Epoch: [67/400][340/400] lr: 1.98e-04 | MSE loss: 2.4970e-03 | time: 0.159
I 05.31/22:38:18 solver.py:136 ] Epoch: [67/400][360/400] lr: 1.98e-04 | MSE loss: 2.5001e-03 | time: 0.160
I 05.31/22:38:21 solver.py:136 ] Epoch: [67/400][380/400] lr: 1.98e-04 | MSE loss: 2.5037e-03 | time: 0.160
I 05.31/22:38:24 solver.py:136 ] Epoch: [67/400][400/400] lr: 1.98e-04 | MSE loss: 2.4968e-03 | time: 0.158
I 05.31/22:38:24 solver.py:146 ] => Train  Loss: 2.4968e-03

I 05.31/22:38:27 solver.py:205 ] 
=! Best NMSE: -2.1733e+01 (epoch=60)

I 05.31/22:38:31 solver.py:136 ] Epoch: [68/400][20/400] lr: 1.98e-04 | MSE loss: 2.2978e-03 | time: 0.158
I 05.31/22:38:34 solver.py:136 ] Epoch: [68/400][40/400] lr: 1.98e-04 | MSE loss: 2.3546e-03 | time: 0.160
I 05.31/22:38:37 solver.py:136 ] Epoch: [68/400][60/400] lr: 1.98e-04 | MSE loss: 2.4044e-03 | time: 0.162
I 05.31/22:38:40 solver.py:136 ] Epoch: [68/400][80/400] lr: 1.98e-04 | MSE loss: 2.4071e-03 | time: 0.161
I 05.31/22:38:44 solver.py:136 ] Epoch: [68/400][100/400] lr: 1.98e-04 | MSE loss: 2.4031e-03 | time: 0.163
I 05.31/22:38:47 solver.py:136 ] Epoch: [68/400][120/400] lr: 1.98e-04 | MSE loss: 2.4104e-03 | time: 0.162
I 05.31/22:38:50 solver.py:136 ] Epoch: [68/400][140/400] lr: 1.98e-04 | MSE loss: 2.4050e-03 | time: 0.160
I 05.31/22:38:53 solver.py:136 ] Epoch: [68/400][160/400] lr: 1.98e-04 | MSE loss: 2.4067e-03 | time: 0.160
I 05.31/22:38:56 solver.py:136 ] Epoch: [68/400][180/400] lr: 1.98e-04 | MSE loss: 2.4097e-03 | time: 0.161
I 05.31/22:39:00 solver.py:136 ] Epoch: [68/400][200/400] lr: 1.98e-04 | MSE loss: 2.4117e-03 | time: 0.161
I 05.31/22:39:05 solver.py:136 ] Epoch: [68/400][220/400] lr: 1.98e-04 | MSE loss: 2.4147e-03 | time: 0.170
I 05.31/22:39:08 solver.py:136 ] Epoch: [68/400][240/400] lr: 1.98e-04 | MSE loss: 2.4103e-03 | time: 0.171
I 05.31/22:39:12 solver.py:136 ] Epoch: [68/400][260/400] lr: 1.98e-04 | MSE loss: 2.4134e-03 | time: 0.171
I 05.31/22:39:15 solver.py:136 ] Epoch: [68/400][280/400] lr: 1.98e-04 | MSE loss: 2.4230e-03 | time: 0.170
I 05.31/22:39:18 solver.py:136 ] Epoch: [68/400][300/400] lr: 1.98e-04 | MSE loss: 2.4263e-03 | time: 0.170
I 05.31/22:39:21 solver.py:136 ] Epoch: [68/400][320/400] lr: 1.98e-04 | MSE loss: 2.4223e-03 | time: 0.169
I 05.31/22:39:24 solver.py:136 ] Epoch: [68/400][340/400] lr: 1.98e-04 | MSE loss: 2.4261e-03 | time: 0.168
I 05.31/22:39:28 solver.py:136 ] Epoch: [68/400][360/400] lr: 1.98e-04 | MSE loss: 2.4226e-03 | time: 0.167
I 05.31/22:39:31 solver.py:136 ] Epoch: [68/400][380/400] lr: 1.98e-04 | MSE loss: 2.4227e-03 | time: 0.166
I 05.31/22:39:34 solver.py:136 ] Epoch: [68/400][400/400] lr: 1.98e-04 | MSE loss: 2.4245e-03 | time: 0.166
I 05.31/22:39:34 solver.py:146 ] => Train  Loss: 2.4245e-03

I 05.31/22:39:39 solver.py:205 ] 
=! Best NMSE: -2.1733e+01 (epoch=60)

I 05.31/22:39:42 solver.py:136 ] Epoch: [69/400][20/400] lr: 1.98e-04 | MSE loss: 2.2932e-03 | time: 0.161
I 05.31/22:39:45 solver.py:136 ] Epoch: [69/400][40/400] lr: 1.98e-04 | MSE loss: 2.3884e-03 | time: 0.153
I 05.31/22:39:48 solver.py:136 ] Epoch: [69/400][60/400] lr: 1.98e-04 | MSE loss: 2.3705e-03 | time: 0.152
I 05.31/22:39:51 solver.py:136 ] Epoch: [69/400][80/400] lr: 1.98e-04 | MSE loss: 2.3568e-03 | time: 0.154
I 05.31/22:39:55 solver.py:136 ] Epoch: [69/400][100/400] lr: 1.98e-04 | MSE loss: 2.3513e-03 | time: 0.157
I 05.31/22:39:58 solver.py:136 ] Epoch: [69/400][120/400] lr: 1.98e-04 | MSE loss: 2.3635e-03 | time: 0.157
I 05.31/22:40:02 solver.py:136 ] Epoch: [69/400][140/400] lr: 1.98e-04 | MSE loss: 2.3657e-03 | time: 0.161
I 05.31/22:40:06 solver.py:136 ] Epoch: [69/400][160/400] lr: 1.98e-04 | MSE loss: 2.3626e-03 | time: 0.170
I 05.31/22:40:09 solver.py:136 ] Epoch: [69/400][180/400] lr: 1.98e-04 | MSE loss: 2.3621e-03 | time: 0.168
I 05.31/22:40:12 solver.py:136 ] Epoch: [69/400][200/400] lr: 1.98e-04 | MSE loss: 2.3539e-03 | time: 0.166
I 05.31/22:40:16 solver.py:136 ] Epoch: [69/400][220/400] lr: 1.98e-04 | MSE loss: 2.3624e-03 | time: 0.166
I 05.31/22:40:19 solver.py:136 ] Epoch: [69/400][240/400] lr: 1.98e-04 | MSE loss: 2.3685e-03 | time: 0.166
I 05.31/22:40:22 solver.py:136 ] Epoch: [69/400][260/400] lr: 1.98e-04 | MSE loss: 2.3726e-03 | time: 0.167
I 05.31/22:40:25 solver.py:136 ] Epoch: [69/400][280/400] lr: 1.98e-04 | MSE loss: 2.3692e-03 | time: 0.165
I 05.31/22:40:29 solver.py:136 ] Epoch: [69/400][300/400] lr: 1.98e-04 | MSE loss: 2.3820e-03 | time: 0.165
I 05.31/22:40:32 solver.py:136 ] Epoch: [69/400][320/400] lr: 1.98e-04 | MSE loss: 2.3852e-03 | time: 0.165
I 05.31/22:40:35 solver.py:136 ] Epoch: [69/400][340/400] lr: 1.98e-04 | MSE loss: 2.3911e-03 | time: 0.164
I 05.31/22:40:38 solver.py:136 ] Epoch: [69/400][360/400] lr: 1.98e-04 | MSE loss: 2.3863e-03 | time: 0.163
I 05.31/22:40:41 solver.py:136 ] Epoch: [69/400][380/400] lr: 1.98e-04 | MSE loss: 2.3821e-03 | time: 0.163
I 05.31/22:40:45 solver.py:136 ] Epoch: [69/400][400/400] lr: 1.98e-04 | MSE loss: 2.3811e-03 | time: 0.163
I 05.31/22:40:45 solver.py:146 ] => Train  Loss: 2.3811e-03

I 05.31/22:40:50 solver.py:205 ] 
=! Best NMSE: -2.1733e+01 (epoch=60)

I 05.31/22:40:53 solver.py:136 ] Epoch: [70/400][20/400] lr: 1.98e-04 | MSE loss: 2.3172e-03 | time: 0.137
I 05.31/22:40:56 solver.py:136 ] Epoch: [70/400][40/400] lr: 1.98e-04 | MSE loss: 2.3750e-03 | time: 0.147
I 05.31/22:40:59 solver.py:136 ] Epoch: [70/400][60/400] lr: 1.98e-04 | MSE loss: 2.3700e-03 | time: 0.144
I 05.31/22:41:03 solver.py:136 ] Epoch: [70/400][80/400] lr: 1.98e-04 | MSE loss: 2.3459e-03 | time: 0.163
I 05.31/22:41:07 solver.py:136 ] Epoch: [70/400][100/400] lr: 1.98e-04 | MSE loss: 2.3503e-03 | time: 0.168
I 05.31/22:41:10 solver.py:136 ] Epoch: [70/400][120/400] lr: 1.98e-04 | MSE loss: 2.3667e-03 | time: 0.163
I 05.31/22:41:13 solver.py:136 ] Epoch: [70/400][140/400] lr: 1.98e-04 | MSE loss: 2.3664e-03 | time: 0.166
I 05.31/22:41:17 solver.py:136 ] Epoch: [70/400][160/400] lr: 1.98e-04 | MSE loss: 2.3529e-03 | time: 0.166
I 05.31/22:41:20 solver.py:136 ] Epoch: [70/400][180/400] lr: 1.98e-04 | MSE loss: 2.3479e-03 | time: 0.168
I 05.31/22:41:24 solver.py:136 ] Epoch: [70/400][200/400] lr: 1.98e-04 | MSE loss: 2.3375e-03 | time: 0.168
I 05.31/22:41:27 solver.py:136 ] Epoch: [70/400][220/400] lr: 1.98e-04 | MSE loss: 2.3334e-03 | time: 0.167
I 05.31/22:41:30 solver.py:136 ] Epoch: [70/400][240/400] lr: 1.98e-04 | MSE loss: 2.3294e-03 | time: 0.167
I 05.31/22:41:33 solver.py:136 ] Epoch: [70/400][260/400] lr: 1.98e-04 | MSE loss: 2.3322e-03 | time: 0.167
I 05.31/22:41:37 solver.py:136 ] Epoch: [70/400][280/400] lr: 1.97e-04 | MSE loss: 2.3372e-03 | time: 0.168
I 05.31/22:41:41 solver.py:136 ] Epoch: [70/400][300/400] lr: 1.97e-04 | MSE loss: 2.3481e-03 | time: 0.169
I 05.31/22:41:43 solver.py:136 ] Epoch: [70/400][320/400] lr: 1.97e-04 | MSE loss: 2.3430e-03 | time: 0.167
I 05.31/22:41:46 solver.py:136 ] Epoch: [70/400][340/400] lr: 1.97e-04 | MSE loss: 2.3423e-03 | time: 0.165
I 05.31/22:41:49 solver.py:136 ] Epoch: [70/400][360/400] lr: 1.97e-04 | MSE loss: 2.3418e-03 | time: 0.164
I 05.31/22:41:53 solver.py:136 ] Epoch: [70/400][380/400] lr: 1.97e-04 | MSE loss: 2.3402e-03 | time: 0.164
I 05.31/22:41:56 solver.py:136 ] Epoch: [70/400][400/400] lr: 1.97e-04 | MSE loss: 2.3396e-03 | time: 0.165
I 05.31/22:41:56 solver.py:146 ] => Train  Loss: 2.3396e-03

I 05.31/22:41:59 solver.py:136 ] Epoch: [70/400][20/50] lr: 1.97e-04 | MSE loss: 2.9704e-03 | time: 0.144
I 05.31/22:42:04 solver.py:136 ] Epoch: [70/400][40/50] lr: 1.97e-04 | MSE loss: 2.9869e-03 | time: 0.180
I 05.31/22:42:05 solver.py:146 ] => Val  Loss: 2.9601e-03

I 05.31/22:42:09 solver.py:287 ] [20/50] loss: 2.9794e-03 | NMSE: -2.2264e+01 | time: 0.169
I 05.31/22:42:12 solver.py:287 ] [40/50] loss: 2.9909e-03 | NMSE: -2.2260e+01 | time: 0.159
I 05.31/22:42:13 solver.py:291 ] => Test NMSE: -2.2271e+01

I 05.31/22:42:23 solver.py:205 ] 
=! Best NMSE: -2.2271e+01 (epoch=70)

I 05.31/22:42:26 solver.py:136 ] Epoch: [71/400][20/400] lr: 1.97e-04 | MSE loss: 2.3753e-03 | time: 0.167
I 05.31/22:42:29 solver.py:136 ] Epoch: [71/400][40/400] lr: 1.97e-04 | MSE loss: 2.3700e-03 | time: 0.167
I 05.31/22:42:33 solver.py:136 ] Epoch: [71/400][60/400] lr: 1.97e-04 | MSE loss: 2.3463e-03 | time: 0.165
I 05.31/22:42:36 solver.py:136 ] Epoch: [71/400][80/400] lr: 1.97e-04 | MSE loss: 2.3212e-03 | time: 0.163
I 05.31/22:42:39 solver.py:136 ] Epoch: [71/400][100/400] lr: 1.97e-04 | MSE loss: 2.3036e-03 | time: 0.165
I 05.31/22:42:43 solver.py:136 ] Epoch: [71/400][120/400] lr: 1.97e-04 | MSE loss: 2.3094e-03 | time: 0.166
I 05.31/22:42:46 solver.py:136 ] Epoch: [71/400][140/400] lr: 1.97e-04 | MSE loss: 2.3060e-03 | time: 0.166
I 05.31/22:42:49 solver.py:136 ] Epoch: [71/400][160/400] lr: 1.97e-04 | MSE loss: 2.3133e-03 | time: 0.162
I 05.31/22:42:52 solver.py:136 ] Epoch: [71/400][180/400] lr: 1.97e-04 | MSE loss: 2.3133e-03 | time: 0.160
I 05.31/22:42:54 solver.py:136 ] Epoch: [71/400][200/400] lr: 1.97e-04 | MSE loss: 2.3170e-03 | time: 0.157
I 05.31/22:42:57 solver.py:136 ] Epoch: [71/400][220/400] lr: 1.97e-04 | MSE loss: 2.3201e-03 | time: 0.156
I 05.31/22:43:00 solver.py:136 ] Epoch: [71/400][240/400] lr: 1.97e-04 | MSE loss: 2.3213e-03 | time: 0.156
I 05.31/22:43:05 solver.py:136 ] Epoch: [71/400][260/400] lr: 1.97e-04 | MSE loss: 2.3224e-03 | time: 0.164
I 05.31/22:43:08 solver.py:136 ] Epoch: [71/400][280/400] lr: 1.97e-04 | MSE loss: 2.3219e-03 | time: 0.162
I 05.31/22:43:11 solver.py:136 ] Epoch: [71/400][300/400] lr: 1.97e-04 | MSE loss: 2.3270e-03 | time: 0.161
I 05.31/22:43:15 solver.py:136 ] Epoch: [71/400][320/400] lr: 1.97e-04 | MSE loss: 2.3316e-03 | time: 0.162
I 05.31/22:43:18 solver.py:136 ] Epoch: [71/400][340/400] lr: 1.97e-04 | MSE loss: 2.3311e-03 | time: 0.163
I 05.31/22:43:22 solver.py:136 ] Epoch: [71/400][360/400] lr: 1.97e-04 | MSE loss: 2.3288e-03 | time: 0.164
I 05.31/22:43:24 solver.py:136 ] Epoch: [71/400][380/400] lr: 1.97e-04 | MSE loss: 2.3242e-03 | time: 0.162
I 05.31/22:43:26 solver.py:136 ] Epoch: [71/400][400/400] lr: 1.97e-04 | MSE loss: 2.3283e-03 | time: 0.159
I 05.31/22:43:26 solver.py:146 ] => Train  Loss: 2.3283e-03

I 05.31/22:43:31 solver.py:205 ] 
=! Best NMSE: -2.2271e+01 (epoch=70)

I 05.31/22:43:34 solver.py:136 ] Epoch: [72/400][20/400] lr: 1.97e-04 | MSE loss: 2.2381e-03 | time: 0.172
I 05.31/22:43:38 solver.py:136 ] Epoch: [72/400][40/400] lr: 1.97e-04 | MSE loss: 2.2715e-03 | time: 0.172
I 05.31/22:43:41 solver.py:136 ] Epoch: [72/400][60/400] lr: 1.97e-04 | MSE loss: 2.2987e-03 | time: 0.175
I 05.31/22:43:45 solver.py:136 ] Epoch: [72/400][80/400] lr: 1.97e-04 | MSE loss: 2.2762e-03 | time: 0.172
I 05.31/22:43:48 solver.py:136 ] Epoch: [72/400][100/400] lr: 1.97e-04 | MSE loss: 2.2873e-03 | time: 0.169
I 05.31/22:43:51 solver.py:136 ] Epoch: [72/400][120/400] lr: 1.97e-04 | MSE loss: 2.2804e-03 | time: 0.169
I 05.31/22:43:55 solver.py:136 ] Epoch: [72/400][140/400] lr: 1.97e-04 | MSE loss: 2.2799e-03 | time: 0.169
I 05.31/22:43:57 solver.py:136 ] Epoch: [72/400][160/400] lr: 1.97e-04 | MSE loss: 2.2880e-03 | time: 0.166
I 05.31/22:44:00 solver.py:136 ] Epoch: [72/400][180/400] lr: 1.97e-04 | MSE loss: 2.2910e-03 | time: 0.161
I 05.31/22:44:05 solver.py:136 ] Epoch: [72/400][200/400] lr: 1.97e-04 | MSE loss: 2.2947e-03 | time: 0.170
I 05.31/22:44:08 solver.py:136 ] Epoch: [72/400][220/400] lr: 1.97e-04 | MSE loss: 2.2944e-03 | time: 0.169
I 05.31/22:44:11 solver.py:136 ] Epoch: [72/400][240/400] lr: 1.97e-04 | MSE loss: 2.2971e-03 | time: 0.166
I 05.31/22:44:14 solver.py:136 ] Epoch: [72/400][260/400] lr: 1.97e-04 | MSE loss: 2.3003e-03 | time: 0.164
I 05.31/22:44:17 solver.py:136 ] Epoch: [72/400][280/400] lr: 1.97e-04 | MSE loss: 2.2993e-03 | time: 0.164
I 05.31/22:44:20 solver.py:136 ] Epoch: [72/400][300/400] lr: 1.97e-04 | MSE loss: 2.3054e-03 | time: 0.164
I 05.31/22:44:23 solver.py:136 ] Epoch: [72/400][320/400] lr: 1.97e-04 | MSE loss: 2.3095e-03 | time: 0.164
I 05.31/22:44:27 solver.py:136 ] Epoch: [72/400][340/400] lr: 1.97e-04 | MSE loss: 2.3096e-03 | time: 0.163
I 05.31/22:44:30 solver.py:136 ] Epoch: [72/400][360/400] lr: 1.97e-04 | MSE loss: 2.3112e-03 | time: 0.163
I 05.31/22:44:33 solver.py:136 ] Epoch: [72/400][380/400] lr: 1.97e-04 | MSE loss: 2.3075e-03 | time: 0.163
I 05.31/22:44:36 solver.py:136 ] Epoch: [72/400][400/400] lr: 1.97e-04 | MSE loss: 2.3031e-03 | time: 0.162
I 05.31/22:44:36 solver.py:146 ] => Train  Loss: 2.3031e-03

I 05.31/22:44:42 solver.py:205 ] 
=! Best NMSE: -2.2271e+01 (epoch=70)

I 05.31/22:44:46 solver.py:136 ] Epoch: [73/400][20/400] lr: 1.97e-04 | MSE loss: 2.2505e-03 | time: 0.203
I 05.31/22:44:49 solver.py:136 ] Epoch: [73/400][40/400] lr: 1.97e-04 | MSE loss: 2.2397e-03 | time: 0.184
I 05.31/22:44:52 solver.py:136 ] Epoch: [73/400][60/400] lr: 1.97e-04 | MSE loss: 2.2196e-03 | time: 0.180
I 05.31/22:44:56 solver.py:136 ] Epoch: [73/400][80/400] lr: 1.97e-04 | MSE loss: 2.1993e-03 | time: 0.170
I 05.31/22:44:58 solver.py:136 ] Epoch: [73/400][100/400] lr: 1.97e-04 | MSE loss: 2.1959e-03 | time: 0.165
I 05.31/22:45:02 solver.py:136 ] Epoch: [73/400][120/400] lr: 1.97e-04 | MSE loss: 2.2130e-03 | time: 0.172
I 05.31/22:45:07 solver.py:136 ] Epoch: [73/400][140/400] lr: 1.97e-04 | MSE loss: 2.2218e-03 | time: 0.177
I 05.31/22:45:10 solver.py:136 ] Epoch: [73/400][160/400] lr: 1.97e-04 | MSE loss: 2.2286e-03 | time: 0.174
I 05.31/22:45:13 solver.py:136 ] Epoch: [73/400][180/400] lr: 1.97e-04 | MSE loss: 2.2375e-03 | time: 0.172
I 05.31/22:45:16 solver.py:136 ] Epoch: [73/400][200/400] lr: 1.97e-04 | MSE loss: 2.2342e-03 | time: 0.170
I 05.31/22:45:18 solver.py:136 ] Epoch: [73/400][220/400] lr: 1.97e-04 | MSE loss: 2.2407e-03 | time: 0.167
I 05.31/22:45:22 solver.py:136 ] Epoch: [73/400][240/400] lr: 1.97e-04 | MSE loss: 2.2540e-03 | time: 0.166
I 05.31/22:45:25 solver.py:136 ] Epoch: [73/400][260/400] lr: 1.97e-04 | MSE loss: 2.2500e-03 | time: 0.165
I 05.31/22:45:28 solver.py:136 ] Epoch: [73/400][280/400] lr: 1.97e-04 | MSE loss: 2.2436e-03 | time: 0.166
I 05.31/22:45:31 solver.py:136 ] Epoch: [73/400][300/400] lr: 1.97e-04 | MSE loss: 2.2444e-03 | time: 0.165
I 05.31/22:45:34 solver.py:136 ] Epoch: [73/400][320/400] lr: 1.97e-04 | MSE loss: 2.2389e-03 | time: 0.165
I 05.31/22:45:37 solver.py:136 ] Epoch: [73/400][340/400] lr: 1.97e-04 | MSE loss: 2.2403e-03 | time: 0.164
I 05.31/22:45:40 solver.py:136 ] Epoch: [73/400][360/400] lr: 1.97e-04 | MSE loss: 2.2440e-03 | time: 0.162
I 05.31/22:45:43 solver.py:136 ] Epoch: [73/400][380/400] lr: 1.97e-04 | MSE loss: 2.2417e-03 | time: 0.161
I 05.31/22:45:46 solver.py:136 ] Epoch: [73/400][400/400] lr: 1.97e-04 | MSE loss: 2.2411e-03 | time: 0.161
I 05.31/22:45:46 solver.py:146 ] => Train  Loss: 2.2411e-03

I 05.31/22:45:51 solver.py:205 ] 
=! Best NMSE: -2.2271e+01 (epoch=70)

I 05.31/22:45:54 solver.py:136 ] Epoch: [74/400][20/400] lr: 1.97e-04 | MSE loss: 2.1537e-03 | time: 0.147
I 05.31/22:45:57 solver.py:136 ] Epoch: [74/400][40/400] lr: 1.97e-04 | MSE loss: 2.1595e-03 | time: 0.147
I 05.31/22:46:00 solver.py:136 ] Epoch: [74/400][60/400] lr: 1.97e-04 | MSE loss: 2.1707e-03 | time: 0.153
I 05.31/22:46:05 solver.py:136 ] Epoch: [74/400][80/400] lr: 1.97e-04 | MSE loss: 2.1822e-03 | time: 0.180
I 05.31/22:46:08 solver.py:136 ] Epoch: [74/400][100/400] lr: 1.97e-04 | MSE loss: 2.2013e-03 | time: 0.175
I 05.31/22:46:12 solver.py:136 ] Epoch: [74/400][120/400] lr: 1.97e-04 | MSE loss: 2.1927e-03 | time: 0.174
I 05.31/22:46:15 solver.py:136 ] Epoch: [74/400][140/400] lr: 1.97e-04 | MSE loss: 2.1828e-03 | time: 0.173
I 05.31/22:46:18 solver.py:136 ] Epoch: [74/400][160/400] lr: 1.97e-04 | MSE loss: 2.1777e-03 | time: 0.171
I 05.31/22:46:22 solver.py:136 ] Epoch: [74/400][180/400] lr: 1.97e-04 | MSE loss: 2.1812e-03 | time: 0.172
I 05.31/22:46:25 solver.py:136 ] Epoch: [74/400][200/400] lr: 1.97e-04 | MSE loss: 2.1892e-03 | time: 0.171
I 05.31/22:46:28 solver.py:136 ] Epoch: [74/400][220/400] lr: 1.97e-04 | MSE loss: 2.2022e-03 | time: 0.170
I 05.31/22:46:31 solver.py:136 ] Epoch: [74/400][240/400] lr: 1.97e-04 | MSE loss: 2.2048e-03 | time: 0.169
I 05.31/22:46:34 solver.py:136 ] Epoch: [74/400][260/400] lr: 1.97e-04 | MSE loss: 2.2016e-03 | time: 0.168
I 05.31/22:46:37 solver.py:136 ] Epoch: [74/400][280/400] lr: 1.97e-04 | MSE loss: 2.1980e-03 | time: 0.167
I 05.31/22:46:41 solver.py:136 ] Epoch: [74/400][300/400] lr: 1.97e-04 | MSE loss: 2.1995e-03 | time: 0.166
I 05.31/22:46:44 solver.py:136 ] Epoch: [74/400][320/400] lr: 1.97e-04 | MSE loss: 2.2045e-03 | time: 0.166
I 05.31/22:46:47 solver.py:136 ] Epoch: [74/400][340/400] lr: 1.97e-04 | MSE loss: 2.2131e-03 | time: 0.165
I 05.31/22:46:49 solver.py:136 ] Epoch: [74/400][360/400] lr: 1.97e-04 | MSE loss: 2.2165e-03 | time: 0.163
I 05.31/22:46:52 solver.py:136 ] Epoch: [74/400][380/400] lr: 1.97e-04 | MSE loss: 2.2161e-03 | time: 0.162
I 05.31/22:46:55 solver.py:136 ] Epoch: [74/400][400/400] lr: 1.97e-04 | MSE loss: 2.2161e-03 | time: 0.162
I 05.31/22:46:55 solver.py:146 ] => Train  Loss: 2.2161e-03

I 05.31/22:47:01 solver.py:205 ] 
=! Best NMSE: -2.2271e+01 (epoch=70)

I 05.31/22:47:07 solver.py:136 ] Epoch: [75/400][20/400] lr: 1.97e-04 | MSE loss: 2.1612e-03 | time: 0.248
I 05.31/22:47:10 solver.py:136 ] Epoch: [75/400][40/400] lr: 1.97e-04 | MSE loss: 2.1823e-03 | time: 0.201
I 05.31/22:47:13 solver.py:136 ] Epoch: [75/400][60/400] lr: 1.97e-04 | MSE loss: 2.2012e-03 | time: 0.194
I 05.31/22:47:17 solver.py:136 ] Epoch: [75/400][80/400] lr: 1.97e-04 | MSE loss: 2.2055e-03 | time: 0.184
I 05.31/22:47:20 solver.py:136 ] Epoch: [75/400][100/400] lr: 1.97e-04 | MSE loss: 2.1826e-03 | time: 0.182
I 05.31/22:47:23 solver.py:136 ] Epoch: [75/400][120/400] lr: 1.97e-04 | MSE loss: 2.1726e-03 | time: 0.180
I 05.31/22:47:26 solver.py:136 ] Epoch: [75/400][140/400] lr: 1.97e-04 | MSE loss: 2.1613e-03 | time: 0.177
I 05.31/22:47:29 solver.py:136 ] Epoch: [75/400][160/400] lr: 1.97e-04 | MSE loss: 2.1525e-03 | time: 0.175
I 05.31/22:47:33 solver.py:136 ] Epoch: [75/400][180/400] lr: 1.97e-04 | MSE loss: 2.1470e-03 | time: 0.174
I 05.31/22:47:36 solver.py:136 ] Epoch: [75/400][200/400] lr: 1.97e-04 | MSE loss: 2.1518e-03 | time: 0.173
I 05.31/22:47:39 solver.py:136 ] Epoch: [75/400][220/400] lr: 1.97e-04 | MSE loss: 2.1559e-03 | time: 0.172
I 05.31/22:47:42 solver.py:136 ] Epoch: [75/400][240/400] lr: 1.97e-04 | MSE loss: 2.1535e-03 | time: 0.170
I 05.31/22:47:45 solver.py:136 ] Epoch: [75/400][260/400] lr: 1.97e-04 | MSE loss: 2.1525e-03 | time: 0.169
I 05.31/22:47:48 solver.py:136 ] Epoch: [75/400][280/400] lr: 1.97e-04 | MSE loss: 2.1511e-03 | time: 0.168
I 05.31/22:47:51 solver.py:136 ] Epoch: [75/400][300/400] lr: 1.97e-04 | MSE loss: 2.1581e-03 | time: 0.166
I 05.31/22:47:54 solver.py:136 ] Epoch: [75/400][320/400] lr: 1.97e-04 | MSE loss: 2.1583e-03 | time: 0.163
I 05.31/22:47:57 solver.py:136 ] Epoch: [75/400][340/400] lr: 1.97e-04 | MSE loss: 2.1560e-03 | time: 0.162
I 05.31/22:48:00 solver.py:136 ] Epoch: [75/400][360/400] lr: 1.97e-04 | MSE loss: 2.1546e-03 | time: 0.161
I 05.31/22:48:05 solver.py:136 ] Epoch: [75/400][380/400] lr: 1.97e-04 | MSE loss: 2.1549e-03 | time: 0.166
I 05.31/22:48:08 solver.py:136 ] Epoch: [75/400][400/400] lr: 1.97e-04 | MSE loss: 2.1610e-03 | time: 0.166
I 05.31/22:48:08 solver.py:146 ] => Train  Loss: 2.1610e-03

I 05.31/22:48:13 solver.py:205 ] 
=! Best NMSE: -2.2271e+01 (epoch=70)

I 05.31/22:48:16 solver.py:136 ] Epoch: [76/400][20/400] lr: 1.97e-04 | MSE loss: 2.1146e-03 | time: 0.158
I 05.31/22:48:19 solver.py:136 ] Epoch: [76/400][40/400] lr: 1.97e-04 | MSE loss: 2.0929e-03 | time: 0.158
I 05.31/22:48:23 solver.py:136 ] Epoch: [76/400][60/400] lr: 1.96e-04 | MSE loss: 2.1020e-03 | time: 0.168
I 05.31/22:48:27 solver.py:136 ] Epoch: [76/400][80/400] lr: 1.96e-04 | MSE loss: 2.1175e-03 | time: 0.174
I 05.31/22:48:30 solver.py:136 ] Epoch: [76/400][100/400] lr: 1.96e-04 | MSE loss: 2.1375e-03 | time: 0.170
I 05.31/22:48:33 solver.py:136 ] Epoch: [76/400][120/400] lr: 1.96e-04 | MSE loss: 2.1399e-03 | time: 0.169
I 05.31/22:48:37 solver.py:136 ] Epoch: [76/400][140/400] lr: 1.96e-04 | MSE loss: 2.1436e-03 | time: 0.170
I 05.31/22:48:39 solver.py:136 ] Epoch: [76/400][160/400] lr: 1.96e-04 | MSE loss: 2.1332e-03 | time: 0.168
I 05.31/22:48:42 solver.py:136 ] Epoch: [76/400][180/400] lr: 1.96e-04 | MSE loss: 2.1253e-03 | time: 0.163
I 05.31/22:48:45 solver.py:136 ] Epoch: [76/400][200/400] lr: 1.96e-04 | MSE loss: 2.1155e-03 | time: 0.160
I 05.31/22:48:48 solver.py:136 ] Epoch: [76/400][220/400] lr: 1.96e-04 | MSE loss: 2.1167e-03 | time: 0.158
I 05.31/22:48:51 solver.py:136 ] Epoch: [76/400][240/400] lr: 1.96e-04 | MSE loss: 2.1121e-03 | time: 0.159
I 05.31/22:48:54 solver.py:136 ] Epoch: [76/400][260/400] lr: 1.96e-04 | MSE loss: 2.1095e-03 | time: 0.160
I 05.31/22:48:57 solver.py:136 ] Epoch: [76/400][280/400] lr: 1.96e-04 | MSE loss: 2.1061e-03 | time: 0.159
I 05.31/22:49:01 solver.py:136 ] Epoch: [76/400][300/400] lr: 1.96e-04 | MSE loss: 2.1099e-03 | time: 0.160
I 05.31/22:49:06 solver.py:136 ] Epoch: [76/400][320/400] lr: 1.96e-04 | MSE loss: 2.1141e-03 | time: 0.166
I 05.31/22:49:09 solver.py:136 ] Epoch: [76/400][340/400] lr: 1.96e-04 | MSE loss: 2.1115e-03 | time: 0.167
I 05.31/22:49:13 solver.py:136 ] Epoch: [76/400][360/400] lr: 1.96e-04 | MSE loss: 2.1102e-03 | time: 0.166
I 05.31/22:49:15 solver.py:136 ] Epoch: [76/400][380/400] lr: 1.96e-04 | MSE loss: 2.1089e-03 | time: 0.165
I 05.31/22:49:18 solver.py:136 ] Epoch: [76/400][400/400] lr: 1.96e-04 | MSE loss: 2.1062e-03 | time: 0.164
I 05.31/22:49:18 solver.py:146 ] => Train  Loss: 2.1062e-03

I 05.31/22:49:24 solver.py:205 ] 
=! Best NMSE: -2.2271e+01 (epoch=70)

I 05.31/22:49:27 solver.py:136 ] Epoch: [77/400][20/400] lr: 1.96e-04 | MSE loss: 2.0954e-03 | time: 0.172
I 05.31/22:49:31 solver.py:136 ] Epoch: [77/400][40/400] lr: 1.96e-04 | MSE loss: 2.1114e-03 | time: 0.168
I 05.31/22:49:33 solver.py:136 ] Epoch: [77/400][60/400] lr: 1.96e-04 | MSE loss: 2.1274e-03 | time: 0.157
I 05.31/22:49:36 solver.py:136 ] Epoch: [77/400][80/400] lr: 1.96e-04 | MSE loss: 2.1279e-03 | time: 0.157
I 05.31/22:49:40 solver.py:136 ] Epoch: [77/400][100/400] lr: 1.96e-04 | MSE loss: 2.1410e-03 | time: 0.159
I 05.31/22:49:43 solver.py:136 ] Epoch: [77/400][120/400] lr: 1.96e-04 | MSE loss: 2.1362e-03 | time: 0.160
I 05.31/22:49:47 solver.py:136 ] Epoch: [77/400][140/400] lr: 1.96e-04 | MSE loss: 2.1384e-03 | time: 0.161
I 05.31/22:49:50 solver.py:136 ] Epoch: [77/400][160/400] lr: 1.96e-04 | MSE loss: 2.1307e-03 | time: 0.159
I 05.31/22:49:53 solver.py:136 ] Epoch: [77/400][180/400] lr: 1.96e-04 | MSE loss: 2.1337e-03 | time: 0.159
I 05.31/22:49:56 solver.py:136 ] Epoch: [77/400][200/400] lr: 1.96e-04 | MSE loss: 2.1471e-03 | time: 0.162
I 05.31/22:49:59 solver.py:136 ] Epoch: [77/400][220/400] lr: 1.96e-04 | MSE loss: 2.1504e-03 | time: 0.162
I 05.31/22:50:05 solver.py:136 ] Epoch: [77/400][240/400] lr: 1.96e-04 | MSE loss: 2.1426e-03 | time: 0.171
I 05.31/22:50:08 solver.py:136 ] Epoch: [77/400][260/400] lr: 1.96e-04 | MSE loss: 2.1445e-03 | time: 0.171
I 05.31/22:50:12 solver.py:136 ] Epoch: [77/400][280/400] lr: 1.96e-04 | MSE loss: 2.1377e-03 | time: 0.171
I 05.31/22:50:15 solver.py:136 ] Epoch: [77/400][300/400] lr: 1.96e-04 | MSE loss: 2.1286e-03 | time: 0.169
I 05.31/22:50:18 solver.py:136 ] Epoch: [77/400][320/400] lr: 1.96e-04 | MSE loss: 2.1273e-03 | time: 0.170
I 05.31/22:50:21 solver.py:136 ] Epoch: [77/400][340/400] lr: 1.96e-04 | MSE loss: 2.1240e-03 | time: 0.169
I 05.31/22:50:25 solver.py:136 ] Epoch: [77/400][360/400] lr: 1.96e-04 | MSE loss: 2.1194e-03 | time: 0.169
I 05.31/22:50:28 solver.py:136 ] Epoch: [77/400][380/400] lr: 1.96e-04 | MSE loss: 2.1158e-03 | time: 0.168
I 05.31/22:50:31 solver.py:136 ] Epoch: [77/400][400/400] lr: 1.96e-04 | MSE loss: 2.1180e-03 | time: 0.167
I 05.31/22:50:31 solver.py:146 ] => Train  Loss: 2.1180e-03

I 05.31/22:50:36 solver.py:205 ] 
=! Best NMSE: -2.2271e+01 (epoch=70)

I 05.31/22:50:40 solver.py:136 ] Epoch: [78/400][20/400] lr: 1.96e-04 | MSE loss: 2.0269e-03 | time: 0.169
I 05.31/22:50:43 solver.py:136 ] Epoch: [78/400][40/400] lr: 1.96e-04 | MSE loss: 2.0531e-03 | time: 0.170
I 05.31/22:50:46 solver.py:136 ] Epoch: [78/400][60/400] lr: 1.96e-04 | MSE loss: 2.0482e-03 | time: 0.167
I 05.31/22:50:50 solver.py:136 ] Epoch: [78/400][80/400] lr: 1.96e-04 | MSE loss: 2.0530e-03 | time: 0.166
I 05.31/22:50:53 solver.py:136 ] Epoch: [78/400][100/400] lr: 1.96e-04 | MSE loss: 2.0347e-03 | time: 0.167
I 05.31/22:50:56 solver.py:136 ] Epoch: [78/400][120/400] lr: 1.96e-04 | MSE loss: 2.0265e-03 | time: 0.165
I 05.31/22:50:59 solver.py:136 ] Epoch: [78/400][140/400] lr: 1.96e-04 | MSE loss: 2.0318e-03 | time: 0.163
I 05.31/22:51:05 solver.py:136 ] Epoch: [78/400][160/400] lr: 1.96e-04 | MSE loss: 2.0365e-03 | time: 0.180
I 05.31/22:51:08 solver.py:136 ] Epoch: [78/400][180/400] lr: 1.96e-04 | MSE loss: 2.0438e-03 | time: 0.177
I 05.31/22:51:11 solver.py:136 ] Epoch: [78/400][200/400] lr: 1.96e-04 | MSE loss: 2.0430e-03 | time: 0.175
I 05.31/22:51:14 solver.py:136 ] Epoch: [78/400][220/400] lr: 1.96e-04 | MSE loss: 2.0476e-03 | time: 0.173
I 05.31/22:51:17 solver.py:136 ] Epoch: [78/400][240/400] lr: 1.96e-04 | MSE loss: 2.0589e-03 | time: 0.170
I 05.31/22:51:21 solver.py:136 ] Epoch: [78/400][260/400] lr: 1.96e-04 | MSE loss: 2.0583e-03 | time: 0.170
I 05.31/22:51:24 solver.py:136 ] Epoch: [78/400][280/400] lr: 1.96e-04 | MSE loss: 2.0519e-03 | time: 0.170
I 05.31/22:51:27 solver.py:136 ] Epoch: [78/400][300/400] lr: 1.96e-04 | MSE loss: 2.0495e-03 | time: 0.169
I 05.31/22:51:31 solver.py:136 ] Epoch: [78/400][320/400] lr: 1.96e-04 | MSE loss: 2.0542e-03 | time: 0.169
I 05.31/22:51:34 solver.py:136 ] Epoch: [78/400][340/400] lr: 1.96e-04 | MSE loss: 2.0581e-03 | time: 0.169
I 05.31/22:51:37 solver.py:136 ] Epoch: [78/400][360/400] lr: 1.96e-04 | MSE loss: 2.0618e-03 | time: 0.168
I 05.31/22:51:40 solver.py:136 ] Epoch: [78/400][380/400] lr: 1.96e-04 | MSE loss: 2.0580e-03 | time: 0.167
I 05.31/22:51:43 solver.py:136 ] Epoch: [78/400][400/400] lr: 1.96e-04 | MSE loss: 2.0609e-03 | time: 0.166
I 05.31/22:51:43 solver.py:146 ] => Train  Loss: 2.0609e-03

I 05.31/22:51:46 solver.py:205 ] 
=! Best NMSE: -2.2271e+01 (epoch=70)

I 05.31/22:51:50 solver.py:136 ] Epoch: [79/400][20/400] lr: 1.96e-04 | MSE loss: 1.9990e-03 | time: 0.154
I 05.31/22:51:53 solver.py:136 ] Epoch: [79/400][40/400] lr: 1.96e-04 | MSE loss: 2.0123e-03 | time: 0.155
I 05.31/22:51:55 solver.py:136 ] Epoch: [79/400][60/400] lr: 1.96e-04 | MSE loss: 2.0208e-03 | time: 0.149
I 05.31/22:51:58 solver.py:136 ] Epoch: [79/400][80/400] lr: 1.96e-04 | MSE loss: 2.0086e-03 | time: 0.150
I 05.31/22:52:03 solver.py:136 ] Epoch: [79/400][100/400] lr: 1.96e-04 | MSE loss: 2.0058e-03 | time: 0.165
I 05.31/22:52:06 solver.py:136 ] Epoch: [79/400][120/400] lr: 1.96e-04 | MSE loss: 2.0112e-03 | time: 0.167
I 05.31/22:52:10 solver.py:136 ] Epoch: [79/400][140/400] lr: 1.96e-04 | MSE loss: 2.0126e-03 | time: 0.166
I 05.31/22:52:13 solver.py:136 ] Epoch: [79/400][160/400] lr: 1.96e-04 | MSE loss: 2.0229e-03 | time: 0.164
I 05.31/22:52:16 solver.py:136 ] Epoch: [79/400][180/400] lr: 1.96e-04 | MSE loss: 2.0323e-03 | time: 0.161
I 05.31/22:52:19 solver.py:136 ] Epoch: [79/400][200/400] lr: 1.96e-04 | MSE loss: 2.0329e-03 | time: 0.161
I 05.31/22:52:22 solver.py:136 ] Epoch: [79/400][220/400] lr: 1.96e-04 | MSE loss: 2.0318e-03 | time: 0.163
I 05.31/22:52:25 solver.py:136 ] Epoch: [79/400][240/400] lr: 1.96e-04 | MSE loss: 2.0293e-03 | time: 0.161
I 05.31/22:52:28 solver.py:136 ] Epoch: [79/400][260/400] lr: 1.96e-04 | MSE loss: 2.0284e-03 | time: 0.161
I 05.31/22:52:31 solver.py:136 ] Epoch: [79/400][280/400] lr: 1.96e-04 | MSE loss: 2.0268e-03 | time: 0.160
I 05.31/22:52:35 solver.py:136 ] Epoch: [79/400][300/400] lr: 1.96e-04 | MSE loss: 2.0295e-03 | time: 0.161
I 05.31/22:52:38 solver.py:136 ] Epoch: [79/400][320/400] lr: 1.96e-04 | MSE loss: 2.0281e-03 | time: 0.161
I 05.31/22:52:41 solver.py:136 ] Epoch: [79/400][340/400] lr: 1.96e-04 | MSE loss: 2.0272e-03 | time: 0.161
I 05.31/22:52:44 solver.py:136 ] Epoch: [79/400][360/400] lr: 1.96e-04 | MSE loss: 2.0284e-03 | time: 0.161
I 05.31/22:52:48 solver.py:136 ] Epoch: [79/400][380/400] lr: 1.96e-04 | MSE loss: 2.0315e-03 | time: 0.162
I 05.31/22:52:51 solver.py:136 ] Epoch: [79/400][400/400] lr: 1.96e-04 | MSE loss: 2.0317e-03 | time: 0.160
I 05.31/22:52:51 solver.py:146 ] => Train  Loss: 2.0317e-03

I 05.31/22:52:56 solver.py:205 ] 
=! Best NMSE: -2.2271e+01 (epoch=70)

I 05.31/22:53:00 solver.py:136 ] Epoch: [80/400][20/400] lr: 1.96e-04 | MSE loss: 1.9765e-03 | time: 0.171
I 05.31/22:53:05 solver.py:136 ] Epoch: [80/400][40/400] lr: 1.96e-04 | MSE loss: 1.9662e-03 | time: 0.224
I 05.31/22:53:08 solver.py:136 ] Epoch: [80/400][60/400] lr: 1.96e-04 | MSE loss: 1.9757e-03 | time: 0.198
I 05.31/22:53:11 solver.py:136 ] Epoch: [80/400][80/400] lr: 1.96e-04 | MSE loss: 1.9772e-03 | time: 0.178
I 05.31/22:53:13 solver.py:136 ] Epoch: [80/400][100/400] lr: 1.96e-04 | MSE loss: 1.9570e-03 | time: 0.169
I 05.31/22:53:17 solver.py:136 ] Epoch: [80/400][120/400] lr: 1.96e-04 | MSE loss: 1.9675e-03 | time: 0.168
I 05.31/22:53:20 solver.py:136 ] Epoch: [80/400][140/400] lr: 1.96e-04 | MSE loss: 1.9678e-03 | time: 0.168
I 05.31/22:53:23 solver.py:136 ] Epoch: [80/400][160/400] lr: 1.96e-04 | MSE loss: 1.9649e-03 | time: 0.165
I 05.31/22:53:26 solver.py:136 ] Epoch: [80/400][180/400] lr: 1.96e-04 | MSE loss: 1.9718e-03 | time: 0.167
I 05.31/22:53:30 solver.py:136 ] Epoch: [80/400][200/400] lr: 1.96e-04 | MSE loss: 1.9791e-03 | time: 0.167
I 05.31/22:53:33 solver.py:136 ] Epoch: [80/400][220/400] lr: 1.96e-04 | MSE loss: 1.9859e-03 | time: 0.168
I 05.31/22:53:37 solver.py:136 ] Epoch: [80/400][240/400] lr: 1.96e-04 | MSE loss: 1.9924e-03 | time: 0.167
I 05.31/22:53:40 solver.py:136 ] Epoch: [80/400][260/400] lr: 1.96e-04 | MSE loss: 1.9967e-03 | time: 0.167
I 05.31/22:53:43 solver.py:136 ] Epoch: [80/400][280/400] lr: 1.96e-04 | MSE loss: 2.0042e-03 | time: 0.167
I 05.31/22:53:46 solver.py:136 ] Epoch: [80/400][300/400] lr: 1.96e-04 | MSE loss: 2.0130e-03 | time: 0.166
I 05.31/22:53:49 solver.py:136 ] Epoch: [80/400][320/400] lr: 1.96e-04 | MSE loss: 2.0115e-03 | time: 0.165
I 05.31/22:53:53 solver.py:136 ] Epoch: [80/400][340/400] lr: 1.96e-04 | MSE loss: 2.0124e-03 | time: 0.165
I 05.31/22:53:56 solver.py:136 ] Epoch: [80/400][360/400] lr: 1.95e-04 | MSE loss: 2.0198e-03 | time: 0.165
I 05.31/22:53:59 solver.py:136 ] Epoch: [80/400][380/400] lr: 1.95e-04 | MSE loss: 2.0193e-03 | time: 0.165
I 05.31/22:54:04 solver.py:136 ] Epoch: [80/400][400/400] lr: 1.95e-04 | MSE loss: 2.0144e-03 | time: 0.170
I 05.31/22:54:04 solver.py:146 ] => Train  Loss: 2.0144e-03

I 05.31/22:54:08 solver.py:136 ] Epoch: [80/400][20/50] lr: 1.95e-04 | MSE loss: 2.4964e-03 | time: 0.166
I 05.31/22:54:11 solver.py:136 ] Epoch: [80/400][40/50] lr: 1.95e-04 | MSE loss: 2.5136e-03 | time: 0.160
I 05.31/22:54:12 solver.py:146 ] => Val  Loss: 2.4960e-03

I 05.31/22:54:15 solver.py:287 ] [20/50] loss: 2.5136e-03 | NMSE: -2.3005e+01 | time: 0.140
I 05.31/22:54:18 solver.py:287 ] [40/50] loss: 2.5249e-03 | NMSE: -2.2998e+01 | time: 0.131
I 05.31/22:54:19 solver.py:291 ] => Test NMSE: -2.3006e+01

I 05.31/22:54:28 solver.py:205 ] 
=! Best NMSE: -2.3006e+01 (epoch=80)

I 05.31/22:54:31 solver.py:136 ] Epoch: [81/400][20/400] lr: 1.95e-04 | MSE loss: 1.8830e-03 | time: 0.161
I 05.31/22:54:34 solver.py:136 ] Epoch: [81/400][40/400] lr: 1.95e-04 | MSE loss: 1.9114e-03 | time: 0.166
I 05.31/22:54:38 solver.py:136 ] Epoch: [81/400][60/400] lr: 1.95e-04 | MSE loss: 1.8822e-03 | time: 0.164
I 05.31/22:54:41 solver.py:136 ] Epoch: [81/400][80/400] lr: 1.95e-04 | MSE loss: 1.9042e-03 | time: 0.165
I 05.31/22:54:44 solver.py:136 ] Epoch: [81/400][100/400] lr: 1.95e-04 | MSE loss: 1.9078e-03 | time: 0.161
I 05.31/22:54:48 solver.py:136 ] Epoch: [81/400][120/400] lr: 1.95e-04 | MSE loss: 1.9044e-03 | time: 0.165
I 05.31/22:54:51 solver.py:136 ] Epoch: [81/400][140/400] lr: 1.95e-04 | MSE loss: 1.9004e-03 | time: 0.164
I 05.31/22:54:54 solver.py:136 ] Epoch: [81/400][160/400] lr: 1.95e-04 | MSE loss: 1.9104e-03 | time: 0.164
I 05.31/22:54:57 solver.py:136 ] Epoch: [81/400][180/400] lr: 1.95e-04 | MSE loss: 1.9103e-03 | time: 0.163
I 05.31/22:55:01 solver.py:136 ] Epoch: [81/400][200/400] lr: 1.95e-04 | MSE loss: 1.9107e-03 | time: 0.165
I 05.31/22:55:05 solver.py:136 ] Epoch: [81/400][220/400] lr: 1.95e-04 | MSE loss: 1.9095e-03 | time: 0.171
I 05.31/22:55:09 solver.py:136 ] Epoch: [81/400][240/400] lr: 1.95e-04 | MSE loss: 1.9093e-03 | time: 0.170
I 05.31/22:55:12 solver.py:136 ] Epoch: [81/400][260/400] lr: 1.95e-04 | MSE loss: 1.9143e-03 | time: 0.170
I 05.31/22:55:15 solver.py:136 ] Epoch: [81/400][280/400] lr: 1.95e-04 | MSE loss: 1.9240e-03 | time: 0.169
I 05.31/22:55:19 solver.py:136 ] Epoch: [81/400][300/400] lr: 1.95e-04 | MSE loss: 1.9333e-03 | time: 0.170
I 05.31/22:55:22 solver.py:136 ] Epoch: [81/400][320/400] lr: 1.95e-04 | MSE loss: 1.9455e-03 | time: 0.169
I 05.31/22:55:25 solver.py:136 ] Epoch: [81/400][340/400] lr: 1.95e-04 | MSE loss: 1.9489e-03 | time: 0.167
I 05.31/22:55:27 solver.py:136 ] Epoch: [81/400][360/400] lr: 1.95e-04 | MSE loss: 1.9546e-03 | time: 0.166
I 05.31/22:55:30 solver.py:136 ] Epoch: [81/400][380/400] lr: 1.95e-04 | MSE loss: 1.9591e-03 | time: 0.164
I 05.31/22:55:33 solver.py:136 ] Epoch: [81/400][400/400] lr: 1.95e-04 | MSE loss: 1.9651e-03 | time: 0.163
I 05.31/22:55:33 solver.py:146 ] => Train  Loss: 1.9651e-03

I 05.31/22:55:39 solver.py:205 ] 
=! Best NMSE: -2.3006e+01 (epoch=80)

I 05.31/22:55:42 solver.py:136 ] Epoch: [82/400][20/400] lr: 1.95e-04 | MSE loss: 1.8899e-03 | time: 0.148
I 05.31/22:55:45 solver.py:136 ] Epoch: [82/400][40/400] lr: 1.95e-04 | MSE loss: 1.8675e-03 | time: 0.162
I 05.31/22:55:48 solver.py:136 ] Epoch: [82/400][60/400] lr: 1.95e-04 | MSE loss: 1.8638e-03 | time: 0.158
I 05.31/22:55:51 solver.py:136 ] Epoch: [82/400][80/400] lr: 1.95e-04 | MSE loss: 1.8693e-03 | time: 0.158
I 05.31/22:55:54 solver.py:136 ] Epoch: [82/400][100/400] lr: 1.95e-04 | MSE loss: 1.8702e-03 | time: 0.156
I 05.31/22:55:58 solver.py:136 ] Epoch: [82/400][120/400] lr: 1.95e-04 | MSE loss: 1.8694e-03 | time: 0.163
I 05.31/22:56:04 solver.py:136 ] Epoch: [82/400][140/400] lr: 1.95e-04 | MSE loss: 1.8800e-03 | time: 0.178
I 05.31/22:56:08 solver.py:136 ] Epoch: [82/400][160/400] lr: 1.95e-04 | MSE loss: 1.8789e-03 | time: 0.180
I 05.31/22:56:11 solver.py:136 ] Epoch: [82/400][180/400] lr: 1.95e-04 | MSE loss: 1.8833e-03 | time: 0.178
I 05.31/22:56:14 solver.py:136 ] Epoch: [82/400][200/400] lr: 1.95e-04 | MSE loss: 1.8931e-03 | time: 0.175
I 05.31/22:56:17 solver.py:136 ] Epoch: [82/400][220/400] lr: 1.95e-04 | MSE loss: 1.8953e-03 | time: 0.174
I 05.31/22:56:20 solver.py:136 ] Epoch: [82/400][240/400] lr: 1.95e-04 | MSE loss: 1.8969e-03 | time: 0.172
I 05.31/22:56:23 solver.py:136 ] Epoch: [82/400][260/400] lr: 1.95e-04 | MSE loss: 1.9017e-03 | time: 0.169
I 05.31/22:56:25 solver.py:136 ] Epoch: [82/400][280/400] lr: 1.95e-04 | MSE loss: 1.9176e-03 | time: 0.166
I 05.31/22:56:29 solver.py:136 ] Epoch: [82/400][300/400] lr: 1.95e-04 | MSE loss: 1.9231e-03 | time: 0.166
I 05.31/22:56:32 solver.py:136 ] Epoch: [82/400][320/400] lr: 1.95e-04 | MSE loss: 1.9254e-03 | time: 0.166
I 05.31/22:56:35 solver.py:136 ] Epoch: [82/400][340/400] lr: 1.95e-04 | MSE loss: 1.9248e-03 | time: 0.166
I 05.31/22:56:38 solver.py:136 ] Epoch: [82/400][360/400] lr: 1.95e-04 | MSE loss: 1.9304e-03 | time: 0.165
I 05.31/22:56:41 solver.py:136 ] Epoch: [82/400][380/400] lr: 1.95e-04 | MSE loss: 1.9343e-03 | time: 0.164
I 05.31/22:56:44 solver.py:136 ] Epoch: [82/400][400/400] lr: 1.95e-04 | MSE loss: 1.9344e-03 | time: 0.164
I 05.31/22:56:44 solver.py:146 ] => Train  Loss: 1.9344e-03

I 05.31/22:56:51 solver.py:205 ] 
=! Best NMSE: -2.3006e+01 (epoch=80)

I 05.31/22:56:55 solver.py:136 ] Epoch: [83/400][20/400] lr: 1.95e-04 | MSE loss: 1.8968e-03 | time: 0.190
I 05.31/22:56:58 solver.py:136 ] Epoch: [83/400][40/400] lr: 1.95e-04 | MSE loss: 1.9020e-03 | time: 0.159
I 05.31/22:57:01 solver.py:136 ] Epoch: [83/400][60/400] lr: 1.95e-04 | MSE loss: 1.9296e-03 | time: 0.154
I 05.31/22:57:06 solver.py:136 ] Epoch: [83/400][80/400] lr: 1.95e-04 | MSE loss: 1.9319e-03 | time: 0.179
I 05.31/22:57:09 solver.py:136 ] Epoch: [83/400][100/400] lr: 1.95e-04 | MSE loss: 1.9394e-03 | time: 0.179
I 05.31/22:57:13 solver.py:136 ] Epoch: [83/400][120/400] lr: 1.95e-04 | MSE loss: 1.9344e-03 | time: 0.178
I 05.31/22:57:16 solver.py:136 ] Epoch: [83/400][140/400] lr: 1.95e-04 | MSE loss: 1.9262e-03 | time: 0.173
I 05.31/22:57:19 solver.py:136 ] Epoch: [83/400][160/400] lr: 1.95e-04 | MSE loss: 1.9214e-03 | time: 0.169
I 05.31/22:57:22 solver.py:136 ] Epoch: [83/400][180/400] lr: 1.95e-04 | MSE loss: 1.9141e-03 | time: 0.166
I 05.31/22:57:25 solver.py:136 ] Epoch: [83/400][200/400] lr: 1.95e-04 | MSE loss: 1.9115e-03 | time: 0.166
I 05.31/22:57:28 solver.py:136 ] Epoch: [83/400][220/400] lr: 1.95e-04 | MSE loss: 1.9096e-03 | time: 0.166
I 05.31/22:57:31 solver.py:136 ] Epoch: [83/400][240/400] lr: 1.95e-04 | MSE loss: 1.9096e-03 | time: 0.166
I 05.31/22:57:35 solver.py:136 ] Epoch: [83/400][260/400] lr: 1.95e-04 | MSE loss: 1.9103e-03 | time: 0.165
I 05.31/22:57:38 solver.py:136 ] Epoch: [83/400][280/400] lr: 1.95e-04 | MSE loss: 1.9075e-03 | time: 0.165
I 05.31/22:57:41 solver.py:136 ] Epoch: [83/400][300/400] lr: 1.95e-04 | MSE loss: 1.9068e-03 | time: 0.164
I 05.31/22:57:44 solver.py:136 ] Epoch: [83/400][320/400] lr: 1.95e-04 | MSE loss: 1.9104e-03 | time: 0.164
I 05.31/22:57:47 solver.py:136 ] Epoch: [83/400][340/400] lr: 1.95e-04 | MSE loss: 1.9095e-03 | time: 0.164
I 05.31/22:57:51 solver.py:136 ] Epoch: [83/400][360/400] lr: 1.95e-04 | MSE loss: 1.9104e-03 | time: 0.165
I 05.31/22:57:54 solver.py:136 ] Epoch: [83/400][380/400] lr: 1.95e-04 | MSE loss: 1.9148e-03 | time: 0.163
I 05.31/22:57:57 solver.py:136 ] Epoch: [83/400][400/400] lr: 1.95e-04 | MSE loss: 1.9142e-03 | time: 0.165
I 05.31/22:57:57 solver.py:146 ] => Train  Loss: 1.9142e-03

I 05.31/22:58:02 solver.py:205 ] 
=! Best NMSE: -2.3006e+01 (epoch=80)

I 05.31/22:58:06 solver.py:136 ] Epoch: [84/400][20/400] lr: 1.95e-04 | MSE loss: 1.9015e-03 | time: 0.224
I 05.31/22:58:09 solver.py:136 ] Epoch: [84/400][40/400] lr: 1.95e-04 | MSE loss: 1.8889e-03 | time: 0.187
I 05.31/22:58:12 solver.py:136 ] Epoch: [84/400][60/400] lr: 1.95e-04 | MSE loss: 1.8943e-03 | time: 0.174
I 05.31/22:58:16 solver.py:136 ] Epoch: [84/400][80/400] lr: 1.95e-04 | MSE loss: 1.8948e-03 | time: 0.174
I 05.31/22:58:19 solver.py:136 ] Epoch: [84/400][100/400] lr: 1.95e-04 | MSE loss: 1.9065e-03 | time: 0.173
I 05.31/22:58:23 solver.py:136 ] Epoch: [84/400][120/400] lr: 1.95e-04 | MSE loss: 1.9023e-03 | time: 0.172
I 05.31/22:58:26 solver.py:136 ] Epoch: [84/400][140/400] lr: 1.95e-04 | MSE loss: 1.9039e-03 | time: 0.172
I 05.31/22:58:29 solver.py:136 ] Epoch: [84/400][160/400] lr: 1.95e-04 | MSE loss: 1.9069e-03 | time: 0.171
I 05.31/22:58:33 solver.py:136 ] Epoch: [84/400][180/400] lr: 1.95e-04 | MSE loss: 1.9018e-03 | time: 0.171
I 05.31/22:58:36 solver.py:136 ] Epoch: [84/400][200/400] lr: 1.95e-04 | MSE loss: 1.8980e-03 | time: 0.171
I 05.31/22:58:39 solver.py:136 ] Epoch: [84/400][220/400] lr: 1.95e-04 | MSE loss: 1.8962e-03 | time: 0.170
I 05.31/22:58:43 solver.py:136 ] Epoch: [84/400][240/400] lr: 1.95e-04 | MSE loss: 1.8964e-03 | time: 0.169
I 05.31/22:58:46 solver.py:136 ] Epoch: [84/400][260/400] lr: 1.95e-04 | MSE loss: 1.8882e-03 | time: 0.169
I 05.31/22:58:49 solver.py:136 ] Epoch: [84/400][280/400] lr: 1.95e-04 | MSE loss: 1.8924e-03 | time: 0.168
I 05.31/22:58:52 solver.py:136 ] Epoch: [84/400][300/400] lr: 1.95e-04 | MSE loss: 1.8953e-03 | time: 0.167
I 05.31/22:58:56 solver.py:136 ] Epoch: [84/400][320/400] lr: 1.95e-04 | MSE loss: 1.9009e-03 | time: 0.168
I 05.31/22:58:59 solver.py:136 ] Epoch: [84/400][340/400] lr: 1.95e-04 | MSE loss: 1.9013e-03 | time: 0.168
I 05.31/22:59:03 solver.py:136 ] Epoch: [84/400][360/400] lr: 1.95e-04 | MSE loss: 1.9046e-03 | time: 0.170
I 05.31/22:59:07 solver.py:136 ] Epoch: [84/400][380/400] lr: 1.95e-04 | MSE loss: 1.9068e-03 | time: 0.170
I 05.31/22:59:10 solver.py:136 ] Epoch: [84/400][400/400] lr: 1.95e-04 | MSE loss: 1.9056e-03 | time: 0.169
I 05.31/22:59:10 solver.py:146 ] => Train  Loss: 1.9056e-03

I 05.31/22:59:14 solver.py:205 ] 
=! Best NMSE: -2.3006e+01 (epoch=80)

I 05.31/22:59:17 solver.py:136 ] Epoch: [85/400][20/400] lr: 1.95e-04 | MSE loss: 1.8127e-03 | time: 0.159
I 05.31/22:59:20 solver.py:136 ] Epoch: [85/400][40/400] lr: 1.95e-04 | MSE loss: 1.8794e-03 | time: 0.154
I 05.31/22:59:24 solver.py:136 ] Epoch: [85/400][60/400] lr: 1.95e-04 | MSE loss: 1.8969e-03 | time: 0.150
I 05.31/22:59:27 solver.py:136 ] Epoch: [85/400][80/400] lr: 1.94e-04 | MSE loss: 1.9077e-03 | time: 0.158
I 05.31/22:59:30 solver.py:136 ] Epoch: [85/400][100/400] lr: 1.94e-04 | MSE loss: 1.8996e-03 | time: 0.160
I 05.31/22:59:33 solver.py:136 ] Epoch: [85/400][120/400] lr: 1.94e-04 | MSE loss: 1.9027e-03 | time: 0.158
I 05.31/22:59:37 solver.py:136 ] Epoch: [85/400][140/400] lr: 1.94e-04 | MSE loss: 1.8954e-03 | time: 0.159
I 05.31/22:59:40 solver.py:136 ] Epoch: [85/400][160/400] lr: 1.94e-04 | MSE loss: 1.8861e-03 | time: 0.162
I 05.31/22:59:43 solver.py:136 ] Epoch: [85/400][180/400] lr: 1.94e-04 | MSE loss: 1.8788e-03 | time: 0.162
I 05.31/22:59:47 solver.py:136 ] Epoch: [85/400][200/400] lr: 1.94e-04 | MSE loss: 1.8755e-03 | time: 0.163
I 05.31/22:59:50 solver.py:136 ] Epoch: [85/400][220/400] lr: 1.94e-04 | MSE loss: 1.8699e-03 | time: 0.161
I 05.31/22:59:53 solver.py:136 ] Epoch: [85/400][240/400] lr: 1.94e-04 | MSE loss: 1.8672e-03 | time: 0.159
I 05.31/22:59:56 solver.py:136 ] Epoch: [85/400][260/400] lr: 1.94e-04 | MSE loss: 1.8673e-03 | time: 0.158
I 05.31/22:59:59 solver.py:136 ] Epoch: [85/400][280/400] lr: 1.94e-04 | MSE loss: 1.8691e-03 | time: 0.159
I 05.31/23:00:04 solver.py:136 ] Epoch: [85/400][300/400] lr: 1.94e-04 | MSE loss: 1.8642e-03 | time: 0.166
I 05.31/23:00:07 solver.py:136 ] Epoch: [85/400][320/400] lr: 1.94e-04 | MSE loss: 1.8625e-03 | time: 0.165
I 05.31/23:00:10 solver.py:136 ] Epoch: [85/400][340/400] lr: 1.94e-04 | MSE loss: 1.8655e-03 | time: 0.165
I 05.31/23:00:14 solver.py:136 ] Epoch: [85/400][360/400] lr: 1.94e-04 | MSE loss: 1.8635e-03 | time: 0.165
I 05.31/23:00:17 solver.py:136 ] Epoch: [85/400][380/400] lr: 1.94e-04 | MSE loss: 1.8650e-03 | time: 0.164
I 05.31/23:00:20 solver.py:136 ] Epoch: [85/400][400/400] lr: 1.94e-04 | MSE loss: 1.8631e-03 | time: 0.163
I 05.31/23:00:20 solver.py:146 ] => Train  Loss: 1.8631e-03

I 05.31/23:00:26 solver.py:205 ] 
=! Best NMSE: -2.3006e+01 (epoch=80)

I 05.31/23:00:29 solver.py:136 ] Epoch: [86/400][20/400] lr: 1.94e-04 | MSE loss: 1.7794e-03 | time: 0.156
I 05.31/23:00:32 solver.py:136 ] Epoch: [86/400][40/400] lr: 1.94e-04 | MSE loss: 1.7959e-03 | time: 0.150
I 05.31/23:00:35 solver.py:136 ] Epoch: [86/400][60/400] lr: 1.94e-04 | MSE loss: 1.7891e-03 | time: 0.151
I 05.31/23:00:38 solver.py:136 ] Epoch: [86/400][80/400] lr: 1.94e-04 | MSE loss: 1.7928e-03 | time: 0.148
I 05.31/23:00:41 solver.py:136 ] Epoch: [86/400][100/400] lr: 1.94e-04 | MSE loss: 1.7883e-03 | time: 0.148
I 05.31/23:00:45 solver.py:136 ] Epoch: [86/400][120/400] lr: 1.94e-04 | MSE loss: 1.7998e-03 | time: 0.154
I 05.31/23:00:48 solver.py:136 ] Epoch: [86/400][140/400] lr: 1.94e-04 | MSE loss: 1.8137e-03 | time: 0.155
I 05.31/23:00:51 solver.py:136 ] Epoch: [86/400][160/400] lr: 1.94e-04 | MSE loss: 1.8189e-03 | time: 0.157
I 05.31/23:00:54 solver.py:136 ] Epoch: [86/400][180/400] lr: 1.94e-04 | MSE loss: 1.8153e-03 | time: 0.156
I 05.31/23:00:57 solver.py:136 ] Epoch: [86/400][200/400] lr: 1.94e-04 | MSE loss: 1.8272e-03 | time: 0.156
I 05.31/23:01:01 solver.py:136 ] Epoch: [86/400][220/400] lr: 1.94e-04 | MSE loss: 1.8299e-03 | time: 0.157
I 05.31/23:01:06 solver.py:136 ] Epoch: [86/400][240/400] lr: 1.94e-04 | MSE loss: 1.8331e-03 | time: 0.165
I 05.31/23:01:09 solver.py:136 ] Epoch: [86/400][260/400] lr: 1.94e-04 | MSE loss: 1.8352e-03 | time: 0.165
I 05.31/23:01:12 solver.py:136 ] Epoch: [86/400][280/400] lr: 1.94e-04 | MSE loss: 1.8379e-03 | time: 0.164
I 05.31/23:01:15 solver.py:136 ] Epoch: [86/400][300/400] lr: 1.94e-04 | MSE loss: 1.8365e-03 | time: 0.163
I 05.31/23:01:19 solver.py:136 ] Epoch: [86/400][320/400] lr: 1.94e-04 | MSE loss: 1.8454e-03 | time: 0.164
I 05.31/23:01:22 solver.py:136 ] Epoch: [86/400][340/400] lr: 1.94e-04 | MSE loss: 1.8491e-03 | time: 0.164
I 05.31/23:01:25 solver.py:136 ] Epoch: [86/400][360/400] lr: 1.94e-04 | MSE loss: 1.8523e-03 | time: 0.163
I 05.31/23:01:28 solver.py:136 ] Epoch: [86/400][380/400] lr: 1.94e-04 | MSE loss: 1.8535e-03 | time: 0.163
I 05.31/23:01:31 solver.py:136 ] Epoch: [86/400][400/400] lr: 1.94e-04 | MSE loss: 1.8600e-03 | time: 0.163
I 05.31/23:01:31 solver.py:146 ] => Train  Loss: 1.8600e-03

I 05.31/23:01:36 solver.py:205 ] 
=! Best NMSE: -2.3006e+01 (epoch=80)

I 05.31/23:01:40 solver.py:136 ] Epoch: [87/400][20/400] lr: 1.94e-04 | MSE loss: 1.8120e-03 | time: 0.156
I 05.31/23:01:43 solver.py:136 ] Epoch: [87/400][40/400] lr: 1.94e-04 | MSE loss: 1.7612e-03 | time: 0.175
I 05.31/23:01:47 solver.py:136 ] Epoch: [87/400][60/400] lr: 1.94e-04 | MSE loss: 1.7690e-03 | time: 0.168
I 05.31/23:01:50 solver.py:136 ] Epoch: [87/400][80/400] lr: 1.94e-04 | MSE loss: 1.7800e-03 | time: 0.164
I 05.31/23:01:53 solver.py:136 ] Epoch: [87/400][100/400] lr: 1.94e-04 | MSE loss: 1.7884e-03 | time: 0.163
I 05.31/23:01:56 solver.py:136 ] Epoch: [87/400][120/400] lr: 1.94e-04 | MSE loss: 1.7890e-03 | time: 0.161
I 05.31/23:01:59 solver.py:136 ] Epoch: [87/400][140/400] lr: 1.94e-04 | MSE loss: 1.8022e-03 | time: 0.158
I 05.31/23:02:03 solver.py:136 ] Epoch: [87/400][160/400] lr: 1.94e-04 | MSE loss: 1.8053e-03 | time: 0.166
I 05.31/23:02:07 solver.py:136 ] Epoch: [87/400][180/400] lr: 1.94e-04 | MSE loss: 1.8111e-03 | time: 0.168
I 05.31/23:02:10 solver.py:136 ] Epoch: [87/400][200/400] lr: 1.94e-04 | MSE loss: 1.8096e-03 | time: 0.167
I 05.31/23:02:14 solver.py:136 ] Epoch: [87/400][220/400] lr: 1.94e-04 | MSE loss: 1.8149e-03 | time: 0.168
I 05.31/23:02:17 solver.py:136 ] Epoch: [87/400][240/400] lr: 1.94e-04 | MSE loss: 1.8119e-03 | time: 0.167
I 05.31/23:02:20 solver.py:136 ] Epoch: [87/400][260/400] lr: 1.94e-04 | MSE loss: 1.8104e-03 | time: 0.166
I 05.31/23:02:23 solver.py:136 ] Epoch: [87/400][280/400] lr: 1.94e-04 | MSE loss: 1.8096e-03 | time: 0.165
I 05.31/23:02:26 solver.py:136 ] Epoch: [87/400][300/400] lr: 1.94e-04 | MSE loss: 1.8077e-03 | time: 0.164
I 05.31/23:02:29 solver.py:136 ] Epoch: [87/400][320/400] lr: 1.94e-04 | MSE loss: 1.8092e-03 | time: 0.163
I 05.31/23:02:32 solver.py:136 ] Epoch: [87/400][340/400] lr: 1.94e-04 | MSE loss: 1.8113e-03 | time: 0.162
I 05.31/23:02:35 solver.py:136 ] Epoch: [87/400][360/400] lr: 1.94e-04 | MSE loss: 1.8121e-03 | time: 0.162
I 05.31/23:02:38 solver.py:136 ] Epoch: [87/400][380/400] lr: 1.94e-04 | MSE loss: 1.8142e-03 | time: 0.163
I 05.31/23:02:41 solver.py:136 ] Epoch: [87/400][400/400] lr: 1.94e-04 | MSE loss: 1.8132e-03 | time: 0.162
I 05.31/23:02:41 solver.py:146 ] => Train  Loss: 1.8132e-03

I 05.31/23:02:46 solver.py:205 ] 
=! Best NMSE: -2.3006e+01 (epoch=80)

I 05.31/23:02:49 solver.py:136 ] Epoch: [88/400][20/400] lr: 1.94e-04 | MSE loss: 1.7424e-03 | time: 0.170
I 05.31/23:02:53 solver.py:136 ] Epoch: [88/400][40/400] lr: 1.94e-04 | MSE loss: 1.7205e-03 | time: 0.169
I 05.31/23:02:56 solver.py:136 ] Epoch: [88/400][60/400] lr: 1.94e-04 | MSE loss: 1.7319e-03 | time: 0.173
I 05.31/23:03:00 solver.py:136 ] Epoch: [88/400][80/400] lr: 1.94e-04 | MSE loss: 1.7222e-03 | time: 0.173
I 05.31/23:03:05 solver.py:136 ] Epoch: [88/400][100/400] lr: 1.94e-04 | MSE loss: 1.7175e-03 | time: 0.191
I 05.31/23:03:08 solver.py:136 ] Epoch: [88/400][120/400] lr: 1.94e-04 | MSE loss: 1.7302e-03 | time: 0.186
I 05.31/23:03:11 solver.py:136 ] Epoch: [88/400][140/400] lr: 1.94e-04 | MSE loss: 1.7382e-03 | time: 0.183
I 05.31/23:03:14 solver.py:136 ] Epoch: [88/400][160/400] lr: 1.94e-04 | MSE loss: 1.7391e-03 | time: 0.178
I 05.31/23:03:17 solver.py:136 ] Epoch: [88/400][180/400] lr: 1.94e-04 | MSE loss: 1.7386e-03 | time: 0.174
I 05.31/23:03:20 solver.py:136 ] Epoch: [88/400][200/400] lr: 1.94e-04 | MSE loss: 1.7405e-03 | time: 0.170
I 05.31/23:03:22 solver.py:136 ] Epoch: [88/400][220/400] lr: 1.94e-04 | MSE loss: 1.7487e-03 | time: 0.167
I 05.31/23:03:25 solver.py:136 ] Epoch: [88/400][240/400] lr: 1.94e-04 | MSE loss: 1.7576e-03 | time: 0.164
I 05.31/23:03:28 solver.py:136 ] Epoch: [88/400][260/400] lr: 1.94e-04 | MSE loss: 1.7627e-03 | time: 0.163
I 05.31/23:03:32 solver.py:136 ] Epoch: [88/400][280/400] lr: 1.94e-04 | MSE loss: 1.7631e-03 | time: 0.164
I 05.31/23:03:35 solver.py:136 ] Epoch: [88/400][300/400] lr: 1.94e-04 | MSE loss: 1.7673e-03 | time: 0.164
I 05.31/23:03:38 solver.py:136 ] Epoch: [88/400][320/400] lr: 1.94e-04 | MSE loss: 1.7709e-03 | time: 0.162
I 05.31/23:03:41 solver.py:136 ] Epoch: [88/400][340/400] lr: 1.94e-04 | MSE loss: 1.7738e-03 | time: 0.162
I 05.31/23:03:44 solver.py:136 ] Epoch: [88/400][360/400] lr: 1.94e-04 | MSE loss: 1.7737e-03 | time: 0.162
I 05.31/23:03:47 solver.py:136 ] Epoch: [88/400][380/400] lr: 1.94e-04 | MSE loss: 1.7768e-03 | time: 0.162
I 05.31/23:03:51 solver.py:136 ] Epoch: [88/400][400/400] lr: 1.94e-04 | MSE loss: 1.7797e-03 | time: 0.163
I 05.31/23:03:51 solver.py:146 ] => Train  Loss: 1.7797e-03

I 05.31/23:03:56 solver.py:205 ] 
=! Best NMSE: -2.3006e+01 (epoch=80)

I 05.31/23:03:59 solver.py:136 ] Epoch: [89/400][20/400] lr: 1.94e-04 | MSE loss: 1.7465e-03 | time: 0.130
I 05.31/23:04:01 solver.py:136 ] Epoch: [89/400][40/400] lr: 1.93e-04 | MSE loss: 1.7609e-03 | time: 0.129
I 05.31/23:04:06 solver.py:136 ] Epoch: [89/400][60/400] lr: 1.93e-04 | MSE loss: 1.7507e-03 | time: 0.167
I 05.31/23:04:09 solver.py:136 ] Epoch: [89/400][80/400] lr: 1.93e-04 | MSE loss: 1.7560e-03 | time: 0.166
I 05.31/23:04:12 solver.py:136 ] Epoch: [89/400][100/400] lr: 1.93e-04 | MSE loss: 1.7705e-03 | time: 0.165
I 05.31/23:04:16 solver.py:136 ] Epoch: [89/400][120/400] lr: 1.93e-04 | MSE loss: 1.7750e-03 | time: 0.164
I 05.31/23:04:19 solver.py:136 ] Epoch: [89/400][140/400] lr: 1.93e-04 | MSE loss: 1.7650e-03 | time: 0.166
I 05.31/23:04:23 solver.py:136 ] Epoch: [89/400][160/400] lr: 1.93e-04 | MSE loss: 1.7613e-03 | time: 0.165
I 05.31/23:04:26 solver.py:136 ] Epoch: [89/400][180/400] lr: 1.93e-04 | MSE loss: 1.7587e-03 | time: 0.165
I 05.31/23:04:29 solver.py:136 ] Epoch: [89/400][200/400] lr: 1.93e-04 | MSE loss: 1.7529e-03 | time: 0.163
I 05.31/23:04:32 solver.py:136 ] Epoch: [89/400][220/400] lr: 1.93e-04 | MSE loss: 1.7520e-03 | time: 0.163
I 05.31/23:04:35 solver.py:136 ] Epoch: [89/400][240/400] lr: 1.93e-04 | MSE loss: 1.7636e-03 | time: 0.164
I 05.31/23:04:38 solver.py:136 ] Epoch: [89/400][260/400] lr: 1.93e-04 | MSE loss: 1.7666e-03 | time: 0.163
I 05.31/23:04:41 solver.py:136 ] Epoch: [89/400][280/400] lr: 1.93e-04 | MSE loss: 1.7654e-03 | time: 0.162
I 05.31/23:04:45 solver.py:136 ] Epoch: [89/400][300/400] lr: 1.93e-04 | MSE loss: 1.7672e-03 | time: 0.161
I 05.31/23:04:48 solver.py:136 ] Epoch: [89/400][320/400] lr: 1.93e-04 | MSE loss: 1.7653e-03 | time: 0.162
I 05.31/23:04:51 solver.py:136 ] Epoch: [89/400][340/400] lr: 1.93e-04 | MSE loss: 1.7650e-03 | time: 0.162
I 05.31/23:04:55 solver.py:136 ] Epoch: [89/400][360/400] lr: 1.93e-04 | MSE loss: 1.7643e-03 | time: 0.163
I 05.31/23:04:58 solver.py:136 ] Epoch: [89/400][380/400] lr: 1.93e-04 | MSE loss: 1.7682e-03 | time: 0.163
I 05.31/23:05:02 solver.py:136 ] Epoch: [89/400][400/400] lr: 1.93e-04 | MSE loss: 1.7710e-03 | time: 0.165
I 05.31/23:05:02 solver.py:146 ] => Train  Loss: 1.7710e-03

I 05.31/23:05:06 solver.py:205 ] 
=! Best NMSE: -2.3006e+01 (epoch=80)

I 05.31/23:05:10 solver.py:136 ] Epoch: [90/400][20/400] lr: 1.93e-04 | MSE loss: 1.7978e-03 | time: 0.165
I 05.31/23:05:13 solver.py:136 ] Epoch: [90/400][40/400] lr: 1.93e-04 | MSE loss: 1.7717e-03 | time: 0.164
I 05.31/23:05:16 solver.py:136 ] Epoch: [90/400][60/400] lr: 1.93e-04 | MSE loss: 1.7693e-03 | time: 0.166
I 05.31/23:05:20 solver.py:136 ] Epoch: [90/400][80/400] lr: 1.93e-04 | MSE loss: 1.7599e-03 | time: 0.168
I 05.31/23:05:23 solver.py:136 ] Epoch: [90/400][100/400] lr: 1.93e-04 | MSE loss: 1.7595e-03 | time: 0.165
I 05.31/23:05:25 solver.py:136 ] Epoch: [90/400][120/400] lr: 1.93e-04 | MSE loss: 1.7610e-03 | time: 0.156
I 05.31/23:05:28 solver.py:136 ] Epoch: [90/400][140/400] lr: 1.93e-04 | MSE loss: 1.7568e-03 | time: 0.157
I 05.31/23:05:31 solver.py:136 ] Epoch: [90/400][160/400] lr: 1.93e-04 | MSE loss: 1.8023e-03 | time: 0.156
I 05.31/23:05:34 solver.py:136 ] Epoch: [90/400][180/400] lr: 1.93e-04 | MSE loss: 1.8362e-03 | time: 0.154
I 05.31/23:05:37 solver.py:136 ] Epoch: [90/400][200/400] lr: 1.93e-04 | MSE loss: 1.8463e-03 | time: 0.153
I 05.31/23:05:40 solver.py:136 ] Epoch: [90/400][220/400] lr: 1.93e-04 | MSE loss: 1.8605e-03 | time: 0.152
I 05.31/23:05:43 solver.py:136 ] Epoch: [90/400][240/400] lr: 1.93e-04 | MSE loss: 1.8601e-03 | time: 0.153
I 05.31/23:05:46 solver.py:136 ] Epoch: [90/400][260/400] lr: 1.93e-04 | MSE loss: 1.8632e-03 | time: 0.153
I 05.31/23:05:50 solver.py:136 ] Epoch: [90/400][280/400] lr: 1.93e-04 | MSE loss: 1.8896e-03 | time: 0.155
I 05.31/23:05:53 solver.py:136 ] Epoch: [90/400][300/400] lr: 1.93e-04 | MSE loss: 1.9095e-03 | time: 0.155
I 05.31/23:05:55 solver.py:136 ] Epoch: [90/400][320/400] lr: 1.93e-04 | MSE loss: 1.9331e-03 | time: 0.154
I 05.31/23:05:59 solver.py:136 ] Epoch: [90/400][340/400] lr: 1.93e-04 | MSE loss: 1.9510e-03 | time: 0.155
I 05.31/23:06:04 solver.py:136 ] Epoch: [90/400][360/400] lr: 1.93e-04 | MSE loss: 1.9596e-03 | time: 0.162
I 05.31/23:06:08 solver.py:136 ] Epoch: [90/400][380/400] lr: 1.93e-04 | MSE loss: 1.9791e-03 | time: 0.162
I 05.31/23:06:11 solver.py:136 ] Epoch: [90/400][400/400] lr: 1.93e-04 | MSE loss: 1.9762e-03 | time: 0.162
I 05.31/23:06:11 solver.py:146 ] => Train  Loss: 1.9762e-03

I 05.31/23:06:14 solver.py:136 ] Epoch: [90/400][20/50] lr: 1.93e-04 | MSE loss: 2.4926e-03 | time: 0.154
I 05.31/23:06:17 solver.py:136 ] Epoch: [90/400][40/50] lr: 1.93e-04 | MSE loss: 2.4956e-03 | time: 0.143
I 05.31/23:06:18 solver.py:146 ] => Val  Loss: 2.4579e-03

I 05.31/23:06:21 solver.py:287 ] [20/50] loss: 2.4422e-03 | NMSE: -2.3140e+01 | time: 0.146
I 05.31/23:06:25 solver.py:287 ] [40/50] loss: 2.4394e-03 | NMSE: -2.3167e+01 | time: 0.154
I 05.31/23:06:26 solver.py:291 ] => Test NMSE: -2.3138e+01

I 05.31/23:06:35 solver.py:205 ] 
=! Best NMSE: -2.3138e+01 (epoch=90)

I 05.31/23:06:39 solver.py:136 ] Epoch: [91/400][20/400] lr: 1.93e-04 | MSE loss: 2.0194e-03 | time: 0.159
I 05.31/23:06:41 solver.py:136 ] Epoch: [91/400][40/400] lr: 1.93e-04 | MSE loss: 1.9847e-03 | time: 0.140
I 05.31/23:06:43 solver.py:136 ] Epoch: [91/400][60/400] lr: 1.93e-04 | MSE loss: 1.9771e-03 | time: 0.134
I 05.31/23:06:47 solver.py:136 ] Epoch: [91/400][80/400] lr: 1.93e-04 | MSE loss: 1.9965e-03 | time: 0.136
I 05.31/23:06:50 solver.py:136 ] Epoch: [91/400][100/400] lr: 1.93e-04 | MSE loss: 1.9614e-03 | time: 0.141
I 05.31/23:06:53 solver.py:136 ] Epoch: [91/400][120/400] lr: 1.93e-04 | MSE loss: 1.9485e-03 | time: 0.143
I 05.31/23:06:56 solver.py:136 ] Epoch: [91/400][140/400] lr: 1.93e-04 | MSE loss: 1.9321e-03 | time: 0.148
I 05.31/23:07:00 solver.py:136 ] Epoch: [91/400][160/400] lr: 1.93e-04 | MSE loss: 1.9214e-03 | time: 0.150
I 05.31/23:07:05 solver.py:136 ] Epoch: [91/400][180/400] lr: 1.93e-04 | MSE loss: 1.9069e-03 | time: 0.162
I 05.31/23:07:08 solver.py:136 ] Epoch: [91/400][200/400] lr: 1.93e-04 | MSE loss: 1.8898e-03 | time: 0.164
I 05.31/23:07:12 solver.py:136 ] Epoch: [91/400][220/400] lr: 1.93e-04 | MSE loss: 1.8821e-03 | time: 0.164
I 05.31/23:07:15 solver.py:136 ] Epoch: [91/400][240/400] lr: 1.93e-04 | MSE loss: 1.8713e-03 | time: 0.163
I 05.31/23:07:18 solver.py:136 ] Epoch: [91/400][260/400] lr: 1.93e-04 | MSE loss: 1.8622e-03 | time: 0.162
I 05.31/23:07:21 solver.py:136 ] Epoch: [91/400][280/400] lr: 1.93e-04 | MSE loss: 1.8532e-03 | time: 0.162
I 05.31/23:07:24 solver.py:136 ] Epoch: [91/400][300/400] lr: 1.93e-04 | MSE loss: 1.8428e-03 | time: 0.162
I 05.31/23:07:28 solver.py:136 ] Epoch: [91/400][320/400] lr: 1.93e-04 | MSE loss: 1.8376e-03 | time: 0.163
I 05.31/23:07:31 solver.py:136 ] Epoch: [91/400][340/400] lr: 1.93e-04 | MSE loss: 1.8317e-03 | time: 0.164
I 05.31/23:07:34 solver.py:136 ] Epoch: [91/400][360/400] lr: 1.93e-04 | MSE loss: 1.8280e-03 | time: 0.163
I 05.31/23:07:37 solver.py:136 ] Epoch: [91/400][380/400] lr: 1.93e-04 | MSE loss: 1.8281e-03 | time: 0.161
I 05.31/23:07:40 solver.py:136 ] Epoch: [91/400][400/400] lr: 1.93e-04 | MSE loss: 1.8252e-03 | time: 0.162
I 05.31/23:07:40 solver.py:146 ] => Train  Loss: 1.8252e-03

I 05.31/23:07:47 solver.py:205 ] 
=! Best NMSE: -2.3138e+01 (epoch=90)

I 05.31/23:07:50 solver.py:136 ] Epoch: [92/400][20/400] lr: 1.93e-04 | MSE loss: 1.6493e-03 | time: 0.150
I 05.31/23:07:54 solver.py:136 ] Epoch: [92/400][40/400] lr: 1.93e-04 | MSE loss: 1.6398e-03 | time: 0.168
I 05.31/23:07:57 solver.py:136 ] Epoch: [92/400][60/400] lr: 1.93e-04 | MSE loss: 1.6554e-03 | time: 0.166
I 05.31/23:08:00 solver.py:136 ] Epoch: [92/400][80/400] lr: 1.93e-04 | MSE loss: 1.6519e-03 | time: 0.161
I 05.31/23:08:05 solver.py:136 ] Epoch: [92/400][100/400] lr: 1.93e-04 | MSE loss: 1.6504e-03 | time: 0.177
I 05.31/23:08:08 solver.py:136 ] Epoch: [92/400][120/400] lr: 1.93e-04 | MSE loss: 1.6439e-03 | time: 0.173
I 05.31/23:08:11 solver.py:136 ] Epoch: [92/400][140/400] lr: 1.93e-04 | MSE loss: 1.6439e-03 | time: 0.170
I 05.31/23:08:14 solver.py:136 ] Epoch: [92/400][160/400] lr: 1.93e-04 | MSE loss: 1.6500e-03 | time: 0.169
I 05.31/23:08:17 solver.py:136 ] Epoch: [92/400][180/400] lr: 1.93e-04 | MSE loss: 1.6518e-03 | time: 0.168
I 05.31/23:08:20 solver.py:136 ] Epoch: [92/400][200/400] lr: 1.93e-04 | MSE loss: 1.6595e-03 | time: 0.164
I 05.31/23:08:23 solver.py:136 ] Epoch: [92/400][220/400] lr: 1.93e-04 | MSE loss: 1.6638e-03 | time: 0.162
I 05.31/23:08:26 solver.py:136 ] Epoch: [92/400][240/400] lr: 1.93e-04 | MSE loss: 1.6634e-03 | time: 0.161
I 05.31/23:08:29 solver.py:136 ] Epoch: [92/400][260/400] lr: 1.93e-04 | MSE loss: 1.6657e-03 | time: 0.161
I 05.31/23:08:32 solver.py:136 ] Epoch: [92/400][280/400] lr: 1.92e-04 | MSE loss: 1.6635e-03 | time: 0.160
I 05.31/23:08:35 solver.py:136 ] Epoch: [92/400][300/400] lr: 1.92e-04 | MSE loss: 1.6660e-03 | time: 0.160
I 05.31/23:08:38 solver.py:136 ] Epoch: [92/400][320/400] lr: 1.92e-04 | MSE loss: 1.6631e-03 | time: 0.160
I 05.31/23:08:42 solver.py:136 ] Epoch: [92/400][340/400] lr: 1.92e-04 | MSE loss: 1.6640e-03 | time: 0.160
I 05.31/23:08:46 solver.py:136 ] Epoch: [92/400][360/400] lr: 1.92e-04 | MSE loss: 1.6662e-03 | time: 0.162
I 05.31/23:08:49 solver.py:136 ] Epoch: [92/400][380/400] lr: 1.92e-04 | MSE loss: 1.6668e-03 | time: 0.162
I 05.31/23:08:52 solver.py:136 ] Epoch: [92/400][400/400] lr: 1.92e-04 | MSE loss: 1.6681e-03 | time: 0.162
I 05.31/23:08:52 solver.py:146 ] => Train  Loss: 1.6681e-03

I 05.31/23:08:56 solver.py:205 ] 
=! Best NMSE: -2.3138e+01 (epoch=90)

I 05.31/23:08:59 solver.py:136 ] Epoch: [93/400][20/400] lr: 1.92e-04 | MSE loss: 1.5506e-03 | time: 0.153
I 05.31/23:09:04 solver.py:136 ] Epoch: [93/400][40/400] lr: 1.92e-04 | MSE loss: 1.5869e-03 | time: 0.204
I 05.31/23:09:08 solver.py:136 ] Epoch: [93/400][60/400] lr: 1.92e-04 | MSE loss: 1.6489e-03 | time: 0.194
I 05.31/23:09:10 solver.py:136 ] Epoch: [93/400][80/400] lr: 1.92e-04 | MSE loss: 1.6905e-03 | time: 0.177
I 05.31/23:09:13 solver.py:136 ] Epoch: [93/400][100/400] lr: 1.92e-04 | MSE loss: 1.6811e-03 | time: 0.167
I 05.31/23:09:16 solver.py:136 ] Epoch: [93/400][120/400] lr: 1.92e-04 | MSE loss: 1.6865e-03 | time: 0.162
I 05.31/23:09:19 solver.py:136 ] Epoch: [93/400][140/400] lr: 1.92e-04 | MSE loss: 1.6767e-03 | time: 0.164
I 05.31/23:09:22 solver.py:136 ] Epoch: [93/400][160/400] lr: 1.92e-04 | MSE loss: 1.6712e-03 | time: 0.164
I 05.31/23:09:26 solver.py:136 ] Epoch: [93/400][180/400] lr: 1.92e-04 | MSE loss: 1.6734e-03 | time: 0.166
I 05.31/23:09:29 solver.py:136 ] Epoch: [93/400][200/400] lr: 1.92e-04 | MSE loss: 1.6705e-03 | time: 0.166
I 05.31/23:09:32 solver.py:136 ] Epoch: [93/400][220/400] lr: 1.92e-04 | MSE loss: 1.6690e-03 | time: 0.166
I 05.31/23:09:35 solver.py:136 ] Epoch: [93/400][240/400] lr: 1.92e-04 | MSE loss: 1.6677e-03 | time: 0.165
I 05.31/23:09:39 solver.py:136 ] Epoch: [93/400][260/400] lr: 1.92e-04 | MSE loss: 1.6651e-03 | time: 0.164
I 05.31/23:09:42 solver.py:136 ] Epoch: [93/400][280/400] lr: 1.92e-04 | MSE loss: 1.6658e-03 | time: 0.164
I 05.31/23:09:45 solver.py:136 ] Epoch: [93/400][300/400] lr: 1.92e-04 | MSE loss: 1.6632e-03 | time: 0.165
I 05.31/23:09:49 solver.py:136 ] Epoch: [93/400][320/400] lr: 1.92e-04 | MSE loss: 1.6587e-03 | time: 0.166
I 05.31/23:09:52 solver.py:136 ] Epoch: [93/400][340/400] lr: 1.92e-04 | MSE loss: 1.6541e-03 | time: 0.166
I 05.31/23:09:55 solver.py:136 ] Epoch: [93/400][360/400] lr: 1.92e-04 | MSE loss: 1.6537e-03 | time: 0.164
I 05.31/23:09:58 solver.py:136 ] Epoch: [93/400][380/400] lr: 1.92e-04 | MSE loss: 1.6543e-03 | time: 0.162
I 05.31/23:10:01 solver.py:136 ] Epoch: [93/400][400/400] lr: 1.92e-04 | MSE loss: 1.6551e-03 | time: 0.161
I 05.31/23:10:01 solver.py:146 ] => Train  Loss: 1.6551e-03

I 05.31/23:10:06 solver.py:205 ] 
=! Best NMSE: -2.3138e+01 (epoch=90)

I 05.31/23:10:10 solver.py:136 ] Epoch: [94/400][20/400] lr: 1.92e-04 | MSE loss: 1.6111e-03 | time: 0.189
I 05.31/23:10:13 solver.py:136 ] Epoch: [94/400][40/400] lr: 1.92e-04 | MSE loss: 1.5914e-03 | time: 0.175
I 05.31/23:10:16 solver.py:136 ] Epoch: [94/400][60/400] lr: 1.92e-04 | MSE loss: 1.5760e-03 | time: 0.167
I 05.31/23:10:19 solver.py:136 ] Epoch: [94/400][80/400] lr: 1.92e-04 | MSE loss: 1.5937e-03 | time: 0.163
I 05.31/23:10:23 solver.py:136 ] Epoch: [94/400][100/400] lr: 1.92e-04 | MSE loss: 1.5940e-03 | time: 0.163
I 05.31/23:10:26 solver.py:136 ] Epoch: [94/400][120/400] lr: 1.92e-04 | MSE loss: 1.5934e-03 | time: 0.161
I 05.31/23:10:28 solver.py:136 ] Epoch: [94/400][140/400] lr: 1.92e-04 | MSE loss: 1.6037e-03 | time: 0.159
I 05.31/23:10:32 solver.py:136 ] Epoch: [94/400][160/400] lr: 1.92e-04 | MSE loss: 1.6101e-03 | time: 0.159
I 05.31/23:10:35 solver.py:136 ] Epoch: [94/400][180/400] lr: 1.92e-04 | MSE loss: 1.6150e-03 | time: 0.160
I 05.31/23:10:38 solver.py:136 ] Epoch: [94/400][200/400] lr: 1.92e-04 | MSE loss: 1.6151e-03 | time: 0.159
I 05.31/23:10:41 solver.py:136 ] Epoch: [94/400][220/400] lr: 1.92e-04 | MSE loss: 1.6234e-03 | time: 0.160
I 05.31/23:10:44 solver.py:136 ] Epoch: [94/400][240/400] lr: 1.92e-04 | MSE loss: 1.6293e-03 | time: 0.159
I 05.31/23:10:48 solver.py:136 ] Epoch: [94/400][260/400] lr: 1.92e-04 | MSE loss: 1.6377e-03 | time: 0.159
I 05.31/23:10:51 solver.py:136 ] Epoch: [94/400][280/400] lr: 1.92e-04 | MSE loss: 1.6399e-03 | time: 0.159
I 05.31/23:10:54 solver.py:136 ] Epoch: [94/400][300/400] lr: 1.92e-04 | MSE loss: 1.6429e-03 | time: 0.160
I 05.31/23:10:57 solver.py:136 ] Epoch: [94/400][320/400] lr: 1.92e-04 | MSE loss: 1.6448e-03 | time: 0.160
I 05.31/23:11:00 solver.py:136 ] Epoch: [94/400][340/400] lr: 1.92e-04 | MSE loss: 1.6461e-03 | time: 0.160
I 05.31/23:11:06 solver.py:136 ] Epoch: [94/400][360/400] lr: 1.92e-04 | MSE loss: 1.6470e-03 | time: 0.165
I 05.31/23:11:09 solver.py:136 ] Epoch: [94/400][380/400] lr: 1.92e-04 | MSE loss: 1.6455e-03 | time: 0.165
I 05.31/23:11:12 solver.py:136 ] Epoch: [94/400][400/400] lr: 1.92e-04 | MSE loss: 1.6460e-03 | time: 0.164
I 05.31/23:11:12 solver.py:146 ] => Train  Loss: 1.6460e-03

I 05.31/23:11:17 solver.py:205 ] 
=! Best NMSE: -2.3138e+01 (epoch=90)

I 05.31/23:11:20 solver.py:136 ] Epoch: [95/400][20/400] lr: 1.92e-04 | MSE loss: 1.6027e-03 | time: 0.170
I 05.31/23:11:23 solver.py:136 ] Epoch: [95/400][40/400] lr: 1.92e-04 | MSE loss: 1.5883e-03 | time: 0.155
I 05.31/23:11:26 solver.py:136 ] Epoch: [95/400][60/400] lr: 1.92e-04 | MSE loss: 1.5976e-03 | time: 0.157
I 05.31/23:11:30 solver.py:136 ] Epoch: [95/400][80/400] lr: 1.92e-04 | MSE loss: 1.5984e-03 | time: 0.162
I 05.31/23:11:33 solver.py:136 ] Epoch: [95/400][100/400] lr: 1.92e-04 | MSE loss: 1.6004e-03 | time: 0.165
I 05.31/23:11:37 solver.py:136 ] Epoch: [95/400][120/400] lr: 1.92e-04 | MSE loss: 1.6035e-03 | time: 0.167
I 05.31/23:11:40 solver.py:136 ] Epoch: [95/400][140/400] lr: 1.92e-04 | MSE loss: 1.6094e-03 | time: 0.166
I 05.31/23:11:43 solver.py:136 ] Epoch: [95/400][160/400] lr: 1.92e-04 | MSE loss: 1.6148e-03 | time: 0.165
I 05.31/23:11:47 solver.py:136 ] Epoch: [95/400][180/400] lr: 1.92e-04 | MSE loss: 1.6196e-03 | time: 0.166
I 05.31/23:11:50 solver.py:136 ] Epoch: [95/400][200/400] lr: 1.92e-04 | MSE loss: 1.6175e-03 | time: 0.165
I 05.31/23:11:53 solver.py:136 ] Epoch: [95/400][220/400] lr: 1.92e-04 | MSE loss: 1.6165e-03 | time: 0.165
I 05.31/23:11:56 solver.py:136 ] Epoch: [95/400][240/400] lr: 1.92e-04 | MSE loss: 1.6200e-03 | time: 0.164
I 05.31/23:11:59 solver.py:136 ] Epoch: [95/400][260/400] lr: 1.92e-04 | MSE loss: 1.6291e-03 | time: 0.164
I 05.31/23:12:04 solver.py:136 ] Epoch: [95/400][280/400] lr: 1.92e-04 | MSE loss: 1.6334e-03 | time: 0.170
I 05.31/23:12:08 solver.py:136 ] Epoch: [95/400][300/400] lr: 1.92e-04 | MSE loss: 1.6327e-03 | time: 0.170
I 05.31/23:12:11 solver.py:136 ] Epoch: [95/400][320/400] lr: 1.92e-04 | MSE loss: 1.6350e-03 | time: 0.170
I 05.31/23:12:14 solver.py:136 ] Epoch: [95/400][340/400] lr: 1.92e-04 | MSE loss: 1.6354e-03 | time: 0.168
I 05.31/23:12:17 solver.py:136 ] Epoch: [95/400][360/400] lr: 1.92e-04 | MSE loss: 1.6361e-03 | time: 0.167
I 05.31/23:12:20 solver.py:136 ] Epoch: [95/400][380/400] lr: 1.92e-04 | MSE loss: 1.6410e-03 | time: 0.165
I 05.31/23:12:22 solver.py:136 ] Epoch: [95/400][400/400] lr: 1.92e-04 | MSE loss: 1.6430e-03 | time: 0.164
I 05.31/23:12:22 solver.py:146 ] => Train  Loss: 1.6430e-03

I 05.31/23:12:27 solver.py:205 ] 
=! Best NMSE: -2.3138e+01 (epoch=90)

I 05.31/23:12:30 solver.py:136 ] Epoch: [96/400][20/400] lr: 1.92e-04 | MSE loss: 1.6006e-03 | time: 0.151
I 05.31/23:12:33 solver.py:136 ] Epoch: [96/400][40/400] lr: 1.91e-04 | MSE loss: 1.6249e-03 | time: 0.152
I 05.31/23:12:36 solver.py:136 ] Epoch: [96/400][60/400] lr: 1.91e-04 | MSE loss: 1.6248e-03 | time: 0.148
I 05.31/23:12:39 solver.py:136 ] Epoch: [96/400][80/400] lr: 1.91e-04 | MSE loss: 1.6244e-03 | time: 0.151
I 05.31/23:12:42 solver.py:136 ] Epoch: [96/400][100/400] lr: 1.91e-04 | MSE loss: 1.6257e-03 | time: 0.148
I 05.31/23:12:45 solver.py:136 ] Epoch: [96/400][120/400] lr: 1.91e-04 | MSE loss: 1.6349e-03 | time: 0.149
I 05.31/23:12:48 solver.py:136 ] Epoch: [96/400][140/400] lr: 1.91e-04 | MSE loss: 1.6367e-03 | time: 0.150
I 05.31/23:12:51 solver.py:136 ] Epoch: [96/400][160/400] lr: 1.91e-04 | MSE loss: 1.6280e-03 | time: 0.151
I 05.31/23:12:54 solver.py:136 ] Epoch: [96/400][180/400] lr: 1.91e-04 | MSE loss: 1.6269e-03 | time: 0.151
I 05.31/23:12:57 solver.py:136 ] Epoch: [96/400][200/400] lr: 1.91e-04 | MSE loss: 1.6226e-03 | time: 0.150
I 05.31/23:13:00 solver.py:136 ] Epoch: [96/400][220/400] lr: 1.91e-04 | MSE loss: 1.6204e-03 | time: 0.151
I 05.31/23:13:05 solver.py:136 ] Epoch: [96/400][240/400] lr: 1.91e-04 | MSE loss: 1.6263e-03 | time: 0.160
I 05.31/23:13:09 solver.py:136 ] Epoch: [96/400][260/400] lr: 1.91e-04 | MSE loss: 1.6262e-03 | time: 0.161
I 05.31/23:13:12 solver.py:136 ] Epoch: [96/400][280/400] lr: 1.91e-04 | MSE loss: 1.6273e-03 | time: 0.162
I 05.31/23:13:15 solver.py:136 ] Epoch: [96/400][300/400] lr: 1.91e-04 | MSE loss: 1.6254e-03 | time: 0.162
I 05.31/23:13:19 solver.py:136 ] Epoch: [96/400][320/400] lr: 1.91e-04 | MSE loss: 1.6270e-03 | time: 0.162
I 05.31/23:13:22 solver.py:136 ] Epoch: [96/400][340/400] lr: 1.91e-04 | MSE loss: 1.6290e-03 | time: 0.161
I 05.31/23:13:25 solver.py:136 ] Epoch: [96/400][360/400] lr: 1.91e-04 | MSE loss: 1.6328e-03 | time: 0.161
I 05.31/23:13:28 solver.py:136 ] Epoch: [96/400][380/400] lr: 1.91e-04 | MSE loss: 1.6356e-03 | time: 0.161
I 05.31/23:13:31 solver.py:136 ] Epoch: [96/400][400/400] lr: 1.91e-04 | MSE loss: 1.6343e-03 | time: 0.161
I 05.31/23:13:31 solver.py:146 ] => Train  Loss: 1.6343e-03

I 05.31/23:13:36 solver.py:205 ] 
=! Best NMSE: -2.3138e+01 (epoch=90)

I 05.31/23:13:40 solver.py:136 ] Epoch: [97/400][20/400] lr: 1.91e-04 | MSE loss: 1.5947e-03 | time: 0.165
I 05.31/23:13:43 solver.py:136 ] Epoch: [97/400][40/400] lr: 1.91e-04 | MSE loss: 1.6007e-03 | time: 0.174
I 05.31/23:13:47 solver.py:136 ] Epoch: [97/400][60/400] lr: 1.91e-04 | MSE loss: 1.5971e-03 | time: 0.174
I 05.31/23:13:50 solver.py:136 ] Epoch: [97/400][80/400] lr: 1.91e-04 | MSE loss: 1.5960e-03 | time: 0.167
I 05.31/23:13:53 solver.py:136 ] Epoch: [97/400][100/400] lr: 1.91e-04 | MSE loss: 1.5985e-03 | time: 0.160
I 05.31/23:13:56 solver.py:136 ] Epoch: [97/400][120/400] lr: 1.91e-04 | MSE loss: 1.5986e-03 | time: 0.160
I 05.31/23:13:59 solver.py:136 ] Epoch: [97/400][140/400] lr: 1.91e-04 | MSE loss: 1.5993e-03 | time: 0.161
I 05.31/23:14:05 solver.py:136 ] Epoch: [97/400][160/400] lr: 1.91e-04 | MSE loss: 1.6050e-03 | time: 0.175
I 05.31/23:14:08 solver.py:136 ] Epoch: [97/400][180/400] lr: 1.91e-04 | MSE loss: 1.6079e-03 | time: 0.174
I 05.31/23:14:12 solver.py:136 ] Epoch: [97/400][200/400] lr: 1.91e-04 | MSE loss: 1.6102e-03 | time: 0.175
I 05.31/23:14:15 solver.py:136 ] Epoch: [97/400][220/400] lr: 1.91e-04 | MSE loss: 1.6123e-03 | time: 0.177
I 05.31/23:14:18 solver.py:136 ] Epoch: [97/400][240/400] lr: 1.91e-04 | MSE loss: 1.6119e-03 | time: 0.175
I 05.31/23:14:22 solver.py:136 ] Epoch: [97/400][260/400] lr: 1.91e-04 | MSE loss: 1.6087e-03 | time: 0.174
I 05.31/23:14:25 solver.py:136 ] Epoch: [97/400][280/400] lr: 1.91e-04 | MSE loss: 1.6091e-03 | time: 0.173
I 05.31/23:14:28 solver.py:136 ] Epoch: [97/400][300/400] lr: 1.91e-04 | MSE loss: 1.6116e-03 | time: 0.173
I 05.31/23:14:32 solver.py:136 ] Epoch: [97/400][320/400] lr: 1.91e-04 | MSE loss: 1.6132e-03 | time: 0.173
I 05.31/23:14:35 solver.py:136 ] Epoch: [97/400][340/400] lr: 1.91e-04 | MSE loss: 1.6115e-03 | time: 0.171
I 05.31/23:14:38 solver.py:136 ] Epoch: [97/400][360/400] lr: 1.91e-04 | MSE loss: 1.6098e-03 | time: 0.170
I 05.31/23:14:41 solver.py:136 ] Epoch: [97/400][380/400] lr: 1.91e-04 | MSE loss: 1.6079e-03 | time: 0.169
I 05.31/23:14:44 solver.py:136 ] Epoch: [97/400][400/400] lr: 1.91e-04 | MSE loss: 1.6072e-03 | time: 0.168
I 05.31/23:14:44 solver.py:146 ] => Train  Loss: 1.6072e-03

I 05.31/23:14:49 solver.py:205 ] 
=! Best NMSE: -2.3138e+01 (epoch=90)

I 05.31/23:14:53 solver.py:136 ] Epoch: [98/400][20/400] lr: 1.91e-04 | MSE loss: 1.5520e-03 | time: 0.181
I 05.31/23:14:56 solver.py:136 ] Epoch: [98/400][40/400] lr: 1.91e-04 | MSE loss: 1.5871e-03 | time: 0.168
I 05.31/23:14:59 solver.py:136 ] Epoch: [98/400][60/400] lr: 1.91e-04 | MSE loss: 1.5656e-03 | time: 0.165
I 05.31/23:15:03 solver.py:136 ] Epoch: [98/400][80/400] lr: 1.91e-04 | MSE loss: 1.5757e-03 | time: 0.179
I 05.31/23:15:08 solver.py:136 ] Epoch: [98/400][100/400] lr: 1.91e-04 | MSE loss: 1.5746e-03 | time: 0.186
I 05.31/23:15:11 solver.py:136 ] Epoch: [98/400][120/400] lr: 1.91e-04 | MSE loss: 1.5731e-03 | time: 0.184
I 05.31/23:15:14 solver.py:136 ] Epoch: [98/400][140/400] lr: 1.91e-04 | MSE loss: 1.5742e-03 | time: 0.182
I 05.31/23:15:18 solver.py:136 ] Epoch: [98/400][160/400] lr: 1.91e-04 | MSE loss: 1.5715e-03 | time: 0.179
I 05.31/23:15:21 solver.py:136 ] Epoch: [98/400][180/400] lr: 1.91e-04 | MSE loss: 1.5691e-03 | time: 0.180
I 05.31/23:15:24 solver.py:136 ] Epoch: [98/400][200/400] lr: 1.91e-04 | MSE loss: 1.5662e-03 | time: 0.176
I 05.31/23:15:27 solver.py:136 ] Epoch: [98/400][220/400] lr: 1.91e-04 | MSE loss: 1.5704e-03 | time: 0.171
I 05.31/23:15:30 solver.py:136 ] Epoch: [98/400][240/400] lr: 1.91e-04 | MSE loss: 1.5715e-03 | time: 0.171
I 05.31/23:15:34 solver.py:136 ] Epoch: [98/400][260/400] lr: 1.91e-04 | MSE loss: 1.5712e-03 | time: 0.171
I 05.31/23:15:37 solver.py:136 ] Epoch: [98/400][280/400] lr: 1.91e-04 | MSE loss: 1.5713e-03 | time: 0.170
I 05.31/23:15:40 solver.py:136 ] Epoch: [98/400][300/400] lr: 1.91e-04 | MSE loss: 1.5691e-03 | time: 0.169
I 05.31/23:15:43 solver.py:136 ] Epoch: [98/400][320/400] lr: 1.91e-04 | MSE loss: 1.5720e-03 | time: 0.169
I 05.31/23:15:46 solver.py:136 ] Epoch: [98/400][340/400] lr: 1.91e-04 | MSE loss: 1.5754e-03 | time: 0.168
I 05.31/23:15:49 solver.py:136 ] Epoch: [98/400][360/400] lr: 1.91e-04 | MSE loss: 1.5769e-03 | time: 0.168
I 05.31/23:15:52 solver.py:136 ] Epoch: [98/400][380/400] lr: 1.91e-04 | MSE loss: 1.5793e-03 | time: 0.167
I 05.31/23:15:56 solver.py:136 ] Epoch: [98/400][400/400] lr: 1.91e-04 | MSE loss: 1.5824e-03 | time: 0.167
I 05.31/23:15:56 solver.py:146 ] => Train  Loss: 1.5824e-03

I 05.31/23:16:00 solver.py:205 ] 
=! Best NMSE: -2.3138e+01 (epoch=90)

I 05.31/23:16:05 solver.py:136 ] Epoch: [99/400][20/400] lr: 1.91e-04 | MSE loss: 1.5745e-03 | time: 0.276
I 05.31/23:16:08 solver.py:136 ] Epoch: [99/400][40/400] lr: 1.91e-04 | MSE loss: 1.5782e-03 | time: 0.212
I 05.31/23:16:11 solver.py:136 ] Epoch: [99/400][60/400] lr: 1.91e-04 | MSE loss: 1.5825e-03 | time: 0.182
I 05.31/23:16:14 solver.py:136 ] Epoch: [99/400][80/400] lr: 1.91e-04 | MSE loss: 1.5703e-03 | time: 0.171
I 05.31/23:16:17 solver.py:136 ] Epoch: [99/400][100/400] lr: 1.91e-04 | MSE loss: 1.5538e-03 | time: 0.174
I 05.31/23:16:20 solver.py:136 ] Epoch: [99/400][120/400] lr: 1.91e-04 | MSE loss: 1.5558e-03 | time: 0.171
I 05.31/23:16:24 solver.py:136 ] Epoch: [99/400][140/400] lr: 1.90e-04 | MSE loss: 1.5564e-03 | time: 0.169
I 05.31/23:16:27 solver.py:136 ] Epoch: [99/400][160/400] lr: 1.90e-04 | MSE loss: 1.5497e-03 | time: 0.168
I 05.31/23:16:30 solver.py:136 ] Epoch: [99/400][180/400] lr: 1.90e-04 | MSE loss: 1.5496e-03 | time: 0.168
I 05.31/23:16:33 solver.py:136 ] Epoch: [99/400][200/400] lr: 1.90e-04 | MSE loss: 1.5529e-03 | time: 0.166
I 05.31/23:16:36 solver.py:136 ] Epoch: [99/400][220/400] lr: 1.90e-04 | MSE loss: 1.5572e-03 | time: 0.165
I 05.31/23:16:39 solver.py:136 ] Epoch: [99/400][240/400] lr: 1.90e-04 | MSE loss: 1.5654e-03 | time: 0.164
I 05.31/23:16:43 solver.py:136 ] Epoch: [99/400][260/400] lr: 1.90e-04 | MSE loss: 1.5646e-03 | time: 0.164
I 05.31/23:16:46 solver.py:136 ] Epoch: [99/400][280/400] lr: 1.90e-04 | MSE loss: 1.5655e-03 | time: 0.165
I 05.31/23:16:49 solver.py:136 ] Epoch: [99/400][300/400] lr: 1.90e-04 | MSE loss: 1.5655e-03 | time: 0.165
I 05.31/23:16:52 solver.py:136 ] Epoch: [99/400][320/400] lr: 1.90e-04 | MSE loss: 1.5638e-03 | time: 0.164
I 05.31/23:16:55 solver.py:136 ] Epoch: [99/400][340/400] lr: 1.90e-04 | MSE loss: 1.5613e-03 | time: 0.163
I 05.31/23:16:58 solver.py:136 ] Epoch: [99/400][360/400] lr: 1.90e-04 | MSE loss: 1.5604e-03 | time: 0.162
I 05.31/23:17:02 solver.py:136 ] Epoch: [99/400][380/400] lr: 1.90e-04 | MSE loss: 1.5601e-03 | time: 0.164
I 05.31/23:17:07 solver.py:136 ] Epoch: [99/400][400/400] lr: 1.90e-04 | MSE loss: 1.5596e-03 | time: 0.167
I 05.31/23:17:07 solver.py:146 ] => Train  Loss: 1.5596e-03

I 05.31/23:17:12 solver.py:205 ] 
=! Best NMSE: -2.3138e+01 (epoch=90)

I 05.31/23:17:15 solver.py:136 ] Epoch: [100/400][20/400] lr: 1.90e-04 | MSE loss: 1.5476e-03 | time: 0.154
I 05.31/23:17:18 solver.py:136 ] Epoch: [100/400][40/400] lr: 1.90e-04 | MSE loss: 1.5425e-03 | time: 0.149
I 05.31/23:17:22 solver.py:136 ] Epoch: [100/400][60/400] lr: 1.90e-04 | MSE loss: 1.5405e-03 | time: 0.152
I 05.31/23:17:25 solver.py:136 ] Epoch: [100/400][80/400] lr: 1.90e-04 | MSE loss: 1.5359e-03 | time: 0.157
I 05.31/23:17:28 solver.py:136 ] Epoch: [100/400][100/400] lr: 1.90e-04 | MSE loss: 1.5377e-03 | time: 0.160
I 05.31/23:17:32 solver.py:136 ] Epoch: [100/400][120/400] lr: 1.90e-04 | MSE loss: 1.5433e-03 | time: 0.161
I 05.31/23:17:35 solver.py:136 ] Epoch: [100/400][140/400] lr: 1.90e-04 | MSE loss: 1.5437e-03 | time: 0.161
I 05.31/23:17:38 solver.py:136 ] Epoch: [100/400][160/400] lr: 1.90e-04 | MSE loss: 1.5484e-03 | time: 0.162
I 05.31/23:17:42 solver.py:136 ] Epoch: [100/400][180/400] lr: 1.90e-04 | MSE loss: 1.5440e-03 | time: 0.162
I 05.31/23:17:45 solver.py:136 ] Epoch: [100/400][200/400] lr: 1.90e-04 | MSE loss: 1.5440e-03 | time: 0.163
I 05.31/23:17:48 solver.py:136 ] Epoch: [100/400][220/400] lr: 1.90e-04 | MSE loss: 1.5454e-03 | time: 0.162
I 05.31/23:17:51 solver.py:136 ] Epoch: [100/400][240/400] lr: 1.90e-04 | MSE loss: 1.5442e-03 | time: 0.161
I 05.31/23:17:54 solver.py:136 ] Epoch: [100/400][260/400] lr: 1.90e-04 | MSE loss: 1.5419e-03 | time: 0.160
I 05.31/23:17:57 solver.py:136 ] Epoch: [100/400][280/400] lr: 1.90e-04 | MSE loss: 1.5428e-03 | time: 0.160
I 05.31/23:18:01 solver.py:136 ] Epoch: [100/400][300/400] lr: 1.90e-04 | MSE loss: 1.5479e-03 | time: 0.161
I 05.31/23:18:05 solver.py:136 ] Epoch: [100/400][320/400] lr: 1.90e-04 | MSE loss: 1.5507e-03 | time: 0.166
I 05.31/23:18:08 solver.py:136 ] Epoch: [100/400][340/400] lr: 1.90e-04 | MSE loss: 1.5550e-03 | time: 0.165
I 05.31/23:18:11 solver.py:136 ] Epoch: [100/400][360/400] lr: 1.90e-04 | MSE loss: 1.5577e-03 | time: 0.164
I 05.31/23:18:14 solver.py:136 ] Epoch: [100/400][380/400] lr: 1.90e-04 | MSE loss: 1.5635e-03 | time: 0.163
I 05.31/23:18:17 solver.py:136 ] Epoch: [100/400][400/400] lr: 1.90e-04 | MSE loss: 1.5651e-03 | time: 0.161
I 05.31/23:18:17 solver.py:146 ] => Train  Loss: 1.5651e-03

I 05.31/23:18:20 solver.py:136 ] Epoch: [100/400][20/50] lr: 1.90e-04 | MSE loss: 2.0603e-03 | time: 0.123
I 05.31/23:18:22 solver.py:136 ] Epoch: [100/400][40/50] lr: 1.90e-04 | MSE loss: 2.0776e-03 | time: 0.129
I 05.31/23:18:24 solver.py:146 ] => Val  Loss: 2.0630e-03

I 05.31/23:18:27 solver.py:287 ] [20/50] loss: 2.0904e-03 | NMSE: -2.3808e+01 | time: 0.152
I 05.31/23:18:29 solver.py:287 ] [40/50] loss: 2.0960e-03 | NMSE: -2.3811e+01 | time: 0.148
I 05.31/23:18:31 solver.py:291 ] => Test NMSE: -2.3817e+01

I 05.31/23:18:40 solver.py:205 ] 
=! Best NMSE: -2.3817e+01 (epoch=100)

I 05.31/23:18:43 solver.py:136 ] Epoch: [101/400][20/400] lr: 1.90e-04 | MSE loss: 1.5513e-03 | time: 0.151
I 05.31/23:18:46 solver.py:136 ] Epoch: [101/400][40/400] lr: 1.90e-04 | MSE loss: 1.5390e-03 | time: 0.157
I 05.31/23:18:50 solver.py:136 ] Epoch: [101/400][60/400] lr: 1.90e-04 | MSE loss: 1.5347e-03 | time: 0.161
I 05.31/23:18:53 solver.py:136 ] Epoch: [101/400][80/400] lr: 1.90e-04 | MSE loss: 1.5137e-03 | time: 0.162
I 05.31/23:18:56 solver.py:136 ] Epoch: [101/400][100/400] lr: 1.90e-04 | MSE loss: 1.5142e-03 | time: 0.162
I 05.31/23:19:00 solver.py:136 ] Epoch: [101/400][120/400] lr: 1.90e-04 | MSE loss: 1.5117e-03 | time: 0.164
I 05.31/23:19:05 solver.py:136 ] Epoch: [101/400][140/400] lr: 1.90e-04 | MSE loss: 1.5088e-03 | time: 0.181
I 05.31/23:19:09 solver.py:136 ] Epoch: [101/400][160/400] lr: 1.90e-04 | MSE loss: 1.5115e-03 | time: 0.180
I 05.31/23:19:12 solver.py:136 ] Epoch: [101/400][180/400] lr: 1.90e-04 | MSE loss: 1.5139e-03 | time: 0.178
I 05.31/23:19:15 solver.py:136 ] Epoch: [101/400][200/400] lr: 1.90e-04 | MSE loss: 1.5171e-03 | time: 0.177
I 05.31/23:19:19 solver.py:136 ] Epoch: [101/400][220/400] lr: 1.90e-04 | MSE loss: 1.5179e-03 | time: 0.176
I 05.31/23:19:21 solver.py:136 ] Epoch: [101/400][240/400] lr: 1.90e-04 | MSE loss: 1.5199e-03 | time: 0.172
I 05.31/23:19:24 solver.py:136 ] Epoch: [101/400][260/400] lr: 1.90e-04 | MSE loss: 1.5260e-03 | time: 0.169
I 05.31/23:19:26 solver.py:136 ] Epoch: [101/400][280/400] lr: 1.90e-04 | MSE loss: 1.5268e-03 | time: 0.166
I 05.31/23:19:29 solver.py:136 ] Epoch: [101/400][300/400] lr: 1.90e-04 | MSE loss: 1.5287e-03 | time: 0.162
I 05.31/23:19:32 solver.py:136 ] Epoch: [101/400][320/400] lr: 1.90e-04 | MSE loss: 1.5264e-03 | time: 0.162
I 05.31/23:19:35 solver.py:136 ] Epoch: [101/400][340/400] lr: 1.90e-04 | MSE loss: 1.5274e-03 | time: 0.163
I 05.31/23:19:39 solver.py:136 ] Epoch: [101/400][360/400] lr: 1.90e-04 | MSE loss: 1.5283e-03 | time: 0.162
I 05.31/23:19:42 solver.py:136 ] Epoch: [101/400][380/400] lr: 1.90e-04 | MSE loss: 1.5306e-03 | time: 0.163
I 05.31/23:19:45 solver.py:136 ] Epoch: [101/400][400/400] lr: 1.90e-04 | MSE loss: 1.5312e-03 | time: 0.162
I 05.31/23:19:45 solver.py:146 ] => Train  Loss: 1.5312e-03

I 05.31/23:19:51 solver.py:205 ] 
=! Best NMSE: -2.3817e+01 (epoch=100)

I 05.31/23:19:55 solver.py:136 ] Epoch: [102/400][20/400] lr: 1.90e-04 | MSE loss: 1.5285e-03 | time: 0.164
I 05.31/23:19:58 solver.py:136 ] Epoch: [102/400][40/400] lr: 1.90e-04 | MSE loss: 1.5221e-03 | time: 0.169
I 05.31/23:20:03 solver.py:136 ] Epoch: [102/400][60/400] lr: 1.90e-04 | MSE loss: 1.5290e-03 | time: 0.178
I 05.31/23:20:07 solver.py:136 ] Epoch: [102/400][80/400] lr: 1.90e-04 | MSE loss: 1.5231e-03 | time: 0.190
I 05.31/23:20:10 solver.py:136 ] Epoch: [102/400][100/400] lr: 1.90e-04 | MSE loss: 1.5069e-03 | time: 0.182
I 05.31/23:20:13 solver.py:136 ] Epoch: [102/400][120/400] lr: 1.90e-04 | MSE loss: 1.5012e-03 | time: 0.179
I 05.31/23:20:17 solver.py:136 ] Epoch: [102/400][140/400] lr: 1.90e-04 | MSE loss: 1.5001e-03 | time: 0.178
I 05.31/23:20:20 solver.py:136 ] Epoch: [102/400][160/400] lr: 1.89e-04 | MSE loss: 1.4958e-03 | time: 0.175
I 05.31/23:20:23 solver.py:136 ] Epoch: [102/400][180/400] lr: 1.89e-04 | MSE loss: 1.4990e-03 | time: 0.173
I 05.31/23:20:26 solver.py:136 ] Epoch: [102/400][200/400] lr: 1.89e-04 | MSE loss: 1.5031e-03 | time: 0.173
I 05.31/23:20:29 solver.py:136 ] Epoch: [102/400][220/400] lr: 1.89e-04 | MSE loss: 1.5103e-03 | time: 0.171
I 05.31/23:20:32 solver.py:136 ] Epoch: [102/400][240/400] lr: 1.89e-04 | MSE loss: 1.5181e-03 | time: 0.168
I 05.31/23:20:35 solver.py:136 ] Epoch: [102/400][260/400] lr: 1.89e-04 | MSE loss: 1.5221e-03 | time: 0.167
I 05.31/23:20:38 solver.py:136 ] Epoch: [102/400][280/400] lr: 1.89e-04 | MSE loss: 1.5246e-03 | time: 0.168
I 05.31/23:20:41 solver.py:136 ] Epoch: [102/400][300/400] lr: 1.89e-04 | MSE loss: 1.5233e-03 | time: 0.167
I 05.31/23:20:45 solver.py:136 ] Epoch: [102/400][320/400] lr: 1.89e-04 | MSE loss: 1.5226e-03 | time: 0.166
I 05.31/23:20:48 solver.py:136 ] Epoch: [102/400][340/400] lr: 1.89e-04 | MSE loss: 1.5248e-03 | time: 0.166
I 05.31/23:20:51 solver.py:136 ] Epoch: [102/400][360/400] lr: 1.89e-04 | MSE loss: 1.5266e-03 | time: 0.165
I 05.31/23:20:54 solver.py:136 ] Epoch: [102/400][380/400] lr: 1.89e-04 | MSE loss: 1.5260e-03 | time: 0.164
I 05.31/23:20:57 solver.py:136 ] Epoch: [102/400][400/400] lr: 1.89e-04 | MSE loss: 1.5267e-03 | time: 0.163
I 05.31/23:20:57 solver.py:146 ] => Train  Loss: 1.5267e-03

I 05.31/23:21:01 solver.py:205 ] 
=! Best NMSE: -2.3817e+01 (epoch=100)

I 05.31/23:21:07 solver.py:136 ] Epoch: [103/400][20/400] lr: 1.89e-04 | MSE loss: 1.4556e-03 | time: 0.270
I 05.31/23:21:10 solver.py:136 ] Epoch: [103/400][40/400] lr: 1.89e-04 | MSE loss: 1.4971e-03 | time: 0.227
I 05.31/23:21:14 solver.py:136 ] Epoch: [103/400][60/400] lr: 1.89e-04 | MSE loss: 1.4904e-03 | time: 0.207
I 05.31/23:21:17 solver.py:136 ] Epoch: [103/400][80/400] lr: 1.89e-04 | MSE loss: 1.5001e-03 | time: 0.196
I 05.31/23:21:20 solver.py:136 ] Epoch: [103/400][100/400] lr: 1.89e-04 | MSE loss: 1.5071e-03 | time: 0.190
I 05.31/23:21:23 solver.py:136 ] Epoch: [103/400][120/400] lr: 1.89e-04 | MSE loss: 1.4983e-03 | time: 0.185
I 05.31/23:21:27 solver.py:136 ] Epoch: [103/400][140/400] lr: 1.89e-04 | MSE loss: 1.4954e-03 | time: 0.182
I 05.31/23:21:30 solver.py:136 ] Epoch: [103/400][160/400] lr: 1.89e-04 | MSE loss: 1.4883e-03 | time: 0.181
I 05.31/23:21:33 solver.py:136 ] Epoch: [103/400][180/400] lr: 1.89e-04 | MSE loss: 1.4829e-03 | time: 0.179
I 05.31/23:21:37 solver.py:136 ] Epoch: [103/400][200/400] lr: 1.89e-04 | MSE loss: 1.4798e-03 | time: 0.177
I 05.31/23:21:40 solver.py:136 ] Epoch: [103/400][220/400] lr: 1.89e-04 | MSE loss: 1.4816e-03 | time: 0.176
I 05.31/23:21:43 solver.py:136 ] Epoch: [103/400][240/400] lr: 1.89e-04 | MSE loss: 1.4815e-03 | time: 0.174
I 05.31/23:21:47 solver.py:136 ] Epoch: [103/400][260/400] lr: 1.89e-04 | MSE loss: 1.4839e-03 | time: 0.174
I 05.31/23:21:50 solver.py:136 ] Epoch: [103/400][280/400] lr: 1.89e-04 | MSE loss: 1.4882e-03 | time: 0.173
I 05.31/23:21:53 solver.py:136 ] Epoch: [103/400][300/400] lr: 1.89e-04 | MSE loss: 1.4862e-03 | time: 0.172
I 05.31/23:21:56 solver.py:136 ] Epoch: [103/400][320/400] lr: 1.89e-04 | MSE loss: 1.4841e-03 | time: 0.170
I 05.31/23:21:58 solver.py:136 ] Epoch: [103/400][340/400] lr: 1.89e-04 | MSE loss: 1.4871e-03 | time: 0.168
I 05.31/23:22:00 solver.py:136 ] Epoch: [103/400][360/400] lr: 1.89e-04 | MSE loss: 1.4910e-03 | time: 0.164
I 05.31/23:22:05 solver.py:136 ] Epoch: [103/400][380/400] lr: 1.89e-04 | MSE loss: 1.4930e-03 | time: 0.167
I 05.31/23:22:08 solver.py:136 ] Epoch: [103/400][400/400] lr: 1.89e-04 | MSE loss: 1.4931e-03 | time: 0.167
I 05.31/23:22:08 solver.py:146 ] => Train  Loss: 1.4931e-03

I 05.31/23:22:14 solver.py:205 ] 
=! Best NMSE: -2.3817e+01 (epoch=100)

I 05.31/23:22:17 solver.py:136 ] Epoch: [104/400][20/400] lr: 1.89e-04 | MSE loss: 1.4406e-03 | time: 0.164
I 05.31/23:22:20 solver.py:136 ] Epoch: [104/400][40/400] lr: 1.89e-04 | MSE loss: 1.4581e-03 | time: 0.155
I 05.31/23:22:23 solver.py:136 ] Epoch: [104/400][60/400] lr: 1.89e-04 | MSE loss: 1.4742e-03 | time: 0.155
I 05.31/23:22:27 solver.py:136 ] Epoch: [104/400][80/400] lr: 1.89e-04 | MSE loss: 1.4782e-03 | time: 0.159
I 05.31/23:22:30 solver.py:136 ] Epoch: [104/400][100/400] lr: 1.89e-04 | MSE loss: 1.4824e-03 | time: 0.159
I 05.31/23:22:33 solver.py:136 ] Epoch: [104/400][120/400] lr: 1.89e-04 | MSE loss: 1.4876e-03 | time: 0.161
I 05.31/23:22:37 solver.py:136 ] Epoch: [104/400][140/400] lr: 1.89e-04 | MSE loss: 1.4886e-03 | time: 0.162
I 05.31/23:22:40 solver.py:136 ] Epoch: [104/400][160/400] lr: 1.89e-04 | MSE loss: 1.4913e-03 | time: 0.164
I 05.31/23:22:44 solver.py:136 ] Epoch: [104/400][180/400] lr: 1.89e-04 | MSE loss: 1.4934e-03 | time: 0.164
I 05.31/23:22:47 solver.py:136 ] Epoch: [104/400][200/400] lr: 1.89e-04 | MSE loss: 1.4924e-03 | time: 0.163
I 05.31/23:22:50 solver.py:136 ] Epoch: [104/400][220/400] lr: 1.89e-04 | MSE loss: 1.4880e-03 | time: 0.163
I 05.31/23:22:53 solver.py:136 ] Epoch: [104/400][240/400] lr: 1.89e-04 | MSE loss: 1.4857e-03 | time: 0.164
I 05.31/23:22:56 solver.py:136 ] Epoch: [104/400][260/400] lr: 1.89e-04 | MSE loss: 1.4874e-03 | time: 0.163
I 05.31/23:22:59 solver.py:136 ] Epoch: [104/400][280/400] lr: 1.89e-04 | MSE loss: 1.4930e-03 | time: 0.161
I 05.31/23:23:04 solver.py:136 ] Epoch: [104/400][300/400] lr: 1.89e-04 | MSE loss: 1.4934e-03 | time: 0.165
I 05.31/23:23:07 solver.py:136 ] Epoch: [104/400][320/400] lr: 1.89e-04 | MSE loss: 1.4958e-03 | time: 0.166
I 05.31/23:23:10 solver.py:136 ] Epoch: [104/400][340/400] lr: 1.89e-04 | MSE loss: 1.4977e-03 | time: 0.165
I 05.31/23:23:13 solver.py:136 ] Epoch: [104/400][360/400] lr: 1.89e-04 | MSE loss: 1.5006e-03 | time: 0.164
I 05.31/23:23:16 solver.py:136 ] Epoch: [104/400][380/400] lr: 1.89e-04 | MSE loss: 1.5013e-03 | time: 0.164
I 05.31/23:23:19 solver.py:136 ] Epoch: [104/400][400/400] lr: 1.89e-04 | MSE loss: 1.5020e-03 | time: 0.163
I 05.31/23:23:19 solver.py:146 ] => Train  Loss: 1.5020e-03

I 05.31/23:23:23 solver.py:205 ] 
=! Best NMSE: -2.3817e+01 (epoch=100)

I 05.31/23:23:27 solver.py:136 ] Epoch: [105/400][20/400] lr: 1.89e-04 | MSE loss: 1.4322e-03 | time: 0.190
I 05.31/23:23:31 solver.py:136 ] Epoch: [105/400][40/400] lr: 1.89e-04 | MSE loss: 1.4558e-03 | time: 0.184
I 05.31/23:23:34 solver.py:136 ] Epoch: [105/400][60/400] lr: 1.89e-04 | MSE loss: 1.4418e-03 | time: 0.178
I 05.31/23:23:38 solver.py:136 ] Epoch: [105/400][80/400] lr: 1.89e-04 | MSE loss: 1.4362e-03 | time: 0.182
I 05.31/23:23:42 solver.py:136 ] Epoch: [105/400][100/400] lr: 1.89e-04 | MSE loss: 1.4516e-03 | time: 0.182
I 05.31/23:23:44 solver.py:136 ] Epoch: [105/400][120/400] lr: 1.88e-04 | MSE loss: 1.4537e-03 | time: 0.175
I 05.31/23:23:47 solver.py:136 ] Epoch: [105/400][140/400] lr: 1.88e-04 | MSE loss: 1.4498e-03 | time: 0.169
I 05.31/23:23:50 solver.py:136 ] Epoch: [105/400][160/400] lr: 1.88e-04 | MSE loss: 1.4511e-03 | time: 0.166
I 05.31/23:23:53 solver.py:136 ] Epoch: [105/400][180/400] lr: 1.88e-04 | MSE loss: 1.4528e-03 | time: 0.166
I 05.31/23:23:56 solver.py:136 ] Epoch: [105/400][200/400] lr: 1.88e-04 | MSE loss: 1.4561e-03 | time: 0.164
I 05.31/23:24:00 solver.py:136 ] Epoch: [105/400][220/400] lr: 1.88e-04 | MSE loss: 1.4594e-03 | time: 0.164
I 05.31/23:24:04 solver.py:136 ] Epoch: [105/400][240/400] lr: 1.88e-04 | MSE loss: 1.4646e-03 | time: 0.171
I 05.31/23:24:08 solver.py:136 ] Epoch: [105/400][260/400] lr: 1.88e-04 | MSE loss: 1.4660e-03 | time: 0.171
I 05.31/23:24:11 solver.py:136 ] Epoch: [105/400][280/400] lr: 1.88e-04 | MSE loss: 1.4625e-03 | time: 0.172
I 05.31/23:24:15 solver.py:136 ] Epoch: [105/400][300/400] lr: 1.88e-04 | MSE loss: 1.4634e-03 | time: 0.171
I 05.31/23:24:18 solver.py:136 ] Epoch: [105/400][320/400] lr: 1.88e-04 | MSE loss: 1.4658e-03 | time: 0.170
I 05.31/23:24:22 solver.py:136 ] Epoch: [105/400][340/400] lr: 1.88e-04 | MSE loss: 1.4660e-03 | time: 0.170
I 05.31/23:24:25 solver.py:136 ] Epoch: [105/400][360/400] lr: 1.88e-04 | MSE loss: 1.4686e-03 | time: 0.170
I 05.31/23:24:27 solver.py:136 ] Epoch: [105/400][380/400] lr: 1.88e-04 | MSE loss: 1.4698e-03 | time: 0.168
I 05.31/23:24:30 solver.py:136 ] Epoch: [105/400][400/400] lr: 1.88e-04 | MSE loss: 1.4736e-03 | time: 0.167
I 05.31/23:24:30 solver.py:146 ] => Train  Loss: 1.4736e-03

I 05.31/23:24:35 solver.py:205 ] 
=! Best NMSE: -2.3817e+01 (epoch=100)

I 05.31/23:24:38 solver.py:136 ] Epoch: [106/400][20/400] lr: 1.88e-04 | MSE loss: 1.4702e-03 | time: 0.163
I 05.31/23:24:41 solver.py:136 ] Epoch: [106/400][40/400] lr: 1.88e-04 | MSE loss: 1.4448e-03 | time: 0.160
I 05.31/23:24:45 solver.py:136 ] Epoch: [106/400][60/400] lr: 1.88e-04 | MSE loss: 1.4365e-03 | time: 0.174
I 05.31/23:24:49 solver.py:136 ] Epoch: [106/400][80/400] lr: 1.88e-04 | MSE loss: 1.4287e-03 | time: 0.173
I 05.31/23:24:52 solver.py:136 ] Epoch: [106/400][100/400] lr: 1.88e-04 | MSE loss: 1.4360e-03 | time: 0.174
I 05.31/23:24:56 solver.py:136 ] Epoch: [106/400][120/400] lr: 1.88e-04 | MSE loss: 1.4335e-03 | time: 0.176
I 05.31/23:25:00 solver.py:136 ] Epoch: [106/400][140/400] lr: 1.88e-04 | MSE loss: 1.4241e-03 | time: 0.176
I 05.31/23:25:04 solver.py:136 ] Epoch: [106/400][160/400] lr: 1.88e-04 | MSE loss: 1.4235e-03 | time: 0.182
I 05.31/23:25:07 solver.py:136 ] Epoch: [106/400][180/400] lr: 1.88e-04 | MSE loss: 1.4288e-03 | time: 0.176
I 05.31/23:25:10 solver.py:136 ] Epoch: [106/400][200/400] lr: 1.88e-04 | MSE loss: 1.4329e-03 | time: 0.175
I 05.31/23:25:13 solver.py:136 ] Epoch: [106/400][220/400] lr: 1.88e-04 | MSE loss: 1.4367e-03 | time: 0.171
I 05.31/23:25:16 solver.py:136 ] Epoch: [106/400][240/400] lr: 1.88e-04 | MSE loss: 1.4308e-03 | time: 0.170
I 05.31/23:25:19 solver.py:136 ] Epoch: [106/400][260/400] lr: 1.88e-04 | MSE loss: 1.4307e-03 | time: 0.169
I 05.31/23:25:22 solver.py:136 ] Epoch: [106/400][280/400] lr: 1.88e-04 | MSE loss: 1.4329e-03 | time: 0.168
I 05.31/23:25:25 solver.py:136 ] Epoch: [106/400][300/400] lr: 1.88e-04 | MSE loss: 1.4351e-03 | time: 0.166
I 05.31/23:25:28 solver.py:136 ] Epoch: [106/400][320/400] lr: 1.88e-04 | MSE loss: 1.4407e-03 | time: 0.165
I 05.31/23:25:31 solver.py:136 ] Epoch: [106/400][340/400] lr: 1.88e-04 | MSE loss: 1.4409e-03 | time: 0.166
I 05.31/23:25:35 solver.py:136 ] Epoch: [106/400][360/400] lr: 1.88e-04 | MSE loss: 1.4440e-03 | time: 0.166
I 05.31/23:25:38 solver.py:136 ] Epoch: [106/400][380/400] lr: 1.88e-04 | MSE loss: 1.4439e-03 | time: 0.167
I 05.31/23:25:41 solver.py:136 ] Epoch: [106/400][400/400] lr: 1.88e-04 | MSE loss: 1.4425e-03 | time: 0.166
I 05.31/23:25:41 solver.py:146 ] => Train  Loss: 1.4425e-03

I 05.31/23:25:46 solver.py:205 ] 
=! Best NMSE: -2.3817e+01 (epoch=100)

I 05.31/23:25:50 solver.py:136 ] Epoch: [107/400][20/400] lr: 1.88e-04 | MSE loss: 1.4215e-03 | time: 0.178
I 05.31/23:25:54 solver.py:136 ] Epoch: [107/400][40/400] lr: 1.88e-04 | MSE loss: 1.4277e-03 | time: 0.181
I 05.31/23:25:57 solver.py:136 ] Epoch: [107/400][60/400] lr: 1.88e-04 | MSE loss: 1.4269e-03 | time: 0.181
I 05.31/23:26:00 solver.py:136 ] Epoch: [107/400][80/400] lr: 1.88e-04 | MSE loss: 1.4169e-03 | time: 0.174
I 05.31/23:26:05 solver.py:136 ] Epoch: [107/400][100/400] lr: 1.88e-04 | MSE loss: 1.4256e-03 | time: 0.191
I 05.31/23:26:08 solver.py:136 ] Epoch: [107/400][120/400] lr: 1.88e-04 | MSE loss: 1.4299e-03 | time: 0.183
I 05.31/23:26:12 solver.py:136 ] Epoch: [107/400][140/400] lr: 1.88e-04 | MSE loss: 1.4248e-03 | time: 0.182
I 05.31/23:26:15 solver.py:136 ] Epoch: [107/400][160/400] lr: 1.88e-04 | MSE loss: 1.4293e-03 | time: 0.176
I 05.31/23:26:17 solver.py:136 ] Epoch: [107/400][180/400] lr: 1.88e-04 | MSE loss: 1.4354e-03 | time: 0.172
I 05.31/23:26:20 solver.py:136 ] Epoch: [107/400][200/400] lr: 1.88e-04 | MSE loss: 1.4379e-03 | time: 0.169
I 05.31/23:26:23 solver.py:136 ] Epoch: [107/400][220/400] lr: 1.88e-04 | MSE loss: 1.4470e-03 | time: 0.168
I 05.31/23:26:26 solver.py:136 ] Epoch: [107/400][240/400] lr: 1.88e-04 | MSE loss: 1.4488e-03 | time: 0.167
I 05.31/23:26:30 solver.py:136 ] Epoch: [107/400][260/400] lr: 1.88e-04 | MSE loss: 1.4491e-03 | time: 0.166
I 05.31/23:26:33 solver.py:136 ] Epoch: [107/400][280/400] lr: 1.88e-04 | MSE loss: 1.4486e-03 | time: 0.166
I 05.31/23:26:36 solver.py:136 ] Epoch: [107/400][300/400] lr: 1.88e-04 | MSE loss: 1.4455e-03 | time: 0.165
I 05.31/23:26:40 solver.py:136 ] Epoch: [107/400][320/400] lr: 1.88e-04 | MSE loss: 1.4468e-03 | time: 0.166
I 05.31/23:26:43 solver.py:136 ] Epoch: [107/400][340/400] lr: 1.88e-04 | MSE loss: 1.4486e-03 | time: 0.167
I 05.31/23:26:46 solver.py:136 ] Epoch: [107/400][360/400] lr: 1.88e-04 | MSE loss: 1.4474e-03 | time: 0.167
I 05.31/23:26:50 solver.py:136 ] Epoch: [107/400][380/400] lr: 1.88e-04 | MSE loss: 1.4470e-03 | time: 0.166
I 05.31/23:26:53 solver.py:136 ] Epoch: [107/400][400/400] lr: 1.88e-04 | MSE loss: 1.4464e-03 | time: 0.167
I 05.31/23:26:53 solver.py:146 ] => Train  Loss: 1.4464e-03

I 05.31/23:26:58 solver.py:205 ] 
=! Best NMSE: -2.3817e+01 (epoch=100)

I 05.31/23:27:04 solver.py:136 ] Epoch: [108/400][20/400] lr: 1.88e-04 | MSE loss: 1.4630e-03 | time: 0.251
I 05.31/23:27:07 solver.py:136 ] Epoch: [108/400][40/400] lr: 1.88e-04 | MSE loss: 1.4686e-03 | time: 0.216
I 05.31/23:27:11 solver.py:136 ] Epoch: [108/400][60/400] lr: 1.87e-04 | MSE loss: 1.4441e-03 | time: 0.203
I 05.31/23:27:14 solver.py:136 ] Epoch: [108/400][80/400] lr: 1.87e-04 | MSE loss: 1.4524e-03 | time: 0.194
I 05.31/23:27:17 solver.py:136 ] Epoch: [108/400][100/400] lr: 1.87e-04 | MSE loss: 1.4510e-03 | time: 0.187
I 05.31/23:27:20 solver.py:136 ] Epoch: [108/400][120/400] lr: 1.87e-04 | MSE loss: 1.4446e-03 | time: 0.180
I 05.31/23:27:23 solver.py:136 ] Epoch: [108/400][140/400] lr: 1.87e-04 | MSE loss: 1.4348e-03 | time: 0.175
I 05.31/23:27:26 solver.py:136 ] Epoch: [108/400][160/400] lr: 1.87e-04 | MSE loss: 1.4319e-03 | time: 0.174
I 05.31/23:27:30 solver.py:136 ] Epoch: [108/400][180/400] lr: 1.87e-04 | MSE loss: 1.4358e-03 | time: 0.173
I 05.31/23:27:33 solver.py:136 ] Epoch: [108/400][200/400] lr: 1.87e-04 | MSE loss: 1.4337e-03 | time: 0.173
I 05.31/23:27:36 solver.py:136 ] Epoch: [108/400][220/400] lr: 1.87e-04 | MSE loss: 1.4307e-03 | time: 0.170
I 05.31/23:27:39 solver.py:136 ] Epoch: [108/400][240/400] lr: 1.87e-04 | MSE loss: 1.4377e-03 | time: 0.170
I 05.31/23:27:42 solver.py:136 ] Epoch: [108/400][260/400] lr: 1.87e-04 | MSE loss: 1.4368e-03 | time: 0.168
I 05.31/23:27:46 solver.py:136 ] Epoch: [108/400][280/400] lr: 1.87e-04 | MSE loss: 1.4343e-03 | time: 0.169
I 05.31/23:27:49 solver.py:136 ] Epoch: [108/400][300/400] lr: 1.87e-04 | MSE loss: 1.4330e-03 | time: 0.168
I 05.31/23:27:52 solver.py:136 ] Epoch: [108/400][320/400] lr: 1.87e-04 | MSE loss: 1.4284e-03 | time: 0.168
I 05.31/23:27:56 solver.py:136 ] Epoch: [108/400][340/400] lr: 1.87e-04 | MSE loss: 1.4273e-03 | time: 0.168
I 05.31/23:27:59 solver.py:136 ] Epoch: [108/400][360/400] lr: 1.87e-04 | MSE loss: 1.4253e-03 | time: 0.168
I 05.31/23:28:04 solver.py:136 ] Epoch: [108/400][380/400] lr: 1.87e-04 | MSE loss: 1.4256e-03 | time: 0.173
I 05.31/23:28:08 solver.py:136 ] Epoch: [108/400][400/400] lr: 1.87e-04 | MSE loss: 1.4297e-03 | time: 0.172
I 05.31/23:28:08 solver.py:146 ] => Train  Loss: 1.4297e-03

I 05.31/23:28:13 solver.py:205 ] 
=! Best NMSE: -2.3817e+01 (epoch=100)

I 05.31/23:28:16 solver.py:136 ] Epoch: [109/400][20/400] lr: 1.87e-04 | MSE loss: 1.4472e-03 | time: 0.148
I 05.31/23:28:19 solver.py:136 ] Epoch: [109/400][40/400] lr: 1.87e-04 | MSE loss: 1.4450e-03 | time: 0.149
I 05.31/23:28:22 solver.py:136 ] Epoch: [109/400][60/400] lr: 1.87e-04 | MSE loss: 1.4455e-03 | time: 0.154
I 05.31/23:28:25 solver.py:136 ] Epoch: [109/400][80/400] lr: 1.87e-04 | MSE loss: 1.4402e-03 | time: 0.152
I 05.31/23:28:28 solver.py:136 ] Epoch: [109/400][100/400] lr: 1.87e-04 | MSE loss: 1.4350e-03 | time: 0.153
I 05.31/23:28:32 solver.py:136 ] Epoch: [109/400][120/400] lr: 1.87e-04 | MSE loss: 1.4340e-03 | time: 0.154
I 05.31/23:28:35 solver.py:136 ] Epoch: [109/400][140/400] lr: 1.87e-04 | MSE loss: 1.4217e-03 | time: 0.155
I 05.31/23:28:38 solver.py:136 ] Epoch: [109/400][160/400] lr: 1.87e-04 | MSE loss: 1.4130e-03 | time: 0.155
I 05.31/23:28:41 solver.py:136 ] Epoch: [109/400][180/400] lr: 1.87e-04 | MSE loss: 1.4042e-03 | time: 0.156
I 05.31/23:28:44 solver.py:136 ] Epoch: [109/400][200/400] lr: 1.87e-04 | MSE loss: 1.4017e-03 | time: 0.157
I 05.31/23:28:48 solver.py:136 ] Epoch: [109/400][220/400] lr: 1.87e-04 | MSE loss: 1.4012e-03 | time: 0.158
I 05.31/23:28:51 solver.py:136 ] Epoch: [109/400][240/400] lr: 1.87e-04 | MSE loss: 1.4000e-03 | time: 0.156
I 05.31/23:28:54 solver.py:136 ] Epoch: [109/400][260/400] lr: 1.87e-04 | MSE loss: 1.4039e-03 | time: 0.156
I 05.31/23:28:56 solver.py:136 ] Epoch: [109/400][280/400] lr: 1.87e-04 | MSE loss: 1.4068e-03 | time: 0.155
I 05.31/23:29:00 solver.py:136 ] Epoch: [109/400][300/400] lr: 1.87e-04 | MSE loss: 1.4089e-03 | time: 0.156
I 05.31/23:29:05 solver.py:136 ] Epoch: [109/400][320/400] lr: 1.87e-04 | MSE loss: 1.4126e-03 | time: 0.163
I 05.31/23:29:08 solver.py:136 ] Epoch: [109/400][340/400] lr: 1.87e-04 | MSE loss: 1.4126e-03 | time: 0.163
I 05.31/23:29:12 solver.py:136 ] Epoch: [109/400][360/400] lr: 1.87e-04 | MSE loss: 1.4082e-03 | time: 0.164
I 05.31/23:29:15 solver.py:136 ] Epoch: [109/400][380/400] lr: 1.87e-04 | MSE loss: 1.4067e-03 | time: 0.164
I 05.31/23:29:19 solver.py:136 ] Epoch: [109/400][400/400] lr: 1.87e-04 | MSE loss: 1.4066e-03 | time: 0.165
I 05.31/23:29:19 solver.py:146 ] => Train  Loss: 1.4066e-03

I 05.31/23:29:24 solver.py:205 ] 
=! Best NMSE: -2.3817e+01 (epoch=100)

I 05.31/23:29:28 solver.py:136 ] Epoch: [110/400][20/400] lr: 1.87e-04 | MSE loss: 1.3581e-03 | time: 0.179
I 05.31/23:29:31 solver.py:136 ] Epoch: [110/400][40/400] lr: 1.87e-04 | MSE loss: 1.3446e-03 | time: 0.179
I 05.31/23:29:34 solver.py:136 ] Epoch: [110/400][60/400] lr: 1.87e-04 | MSE loss: 1.3542e-03 | time: 0.170
I 05.31/23:29:37 solver.py:136 ] Epoch: [110/400][80/400] lr: 1.87e-04 | MSE loss: 1.3785e-03 | time: 0.157
I 05.31/23:29:40 solver.py:136 ] Epoch: [110/400][100/400] lr: 1.87e-04 | MSE loss: 1.3798e-03 | time: 0.157
I 05.31/23:29:43 solver.py:136 ] Epoch: [110/400][120/400] lr: 1.87e-04 | MSE loss: 1.3815e-03 | time: 0.158
I 05.31/23:29:46 solver.py:136 ] Epoch: [110/400][140/400] lr: 1.87e-04 | MSE loss: 1.3836e-03 | time: 0.159
I 05.31/23:29:49 solver.py:136 ] Epoch: [110/400][160/400] lr: 1.87e-04 | MSE loss: 1.3818e-03 | time: 0.158
I 05.31/23:29:52 solver.py:136 ] Epoch: [110/400][180/400] lr: 1.87e-04 | MSE loss: 1.3795e-03 | time: 0.157
I 05.31/23:29:55 solver.py:136 ] Epoch: [110/400][200/400] lr: 1.87e-04 | MSE loss: 1.3842e-03 | time: 0.156
I 05.31/23:29:58 solver.py:136 ] Epoch: [110/400][220/400] lr: 1.87e-04 | MSE loss: 1.3876e-03 | time: 0.155
I 05.31/23:30:02 solver.py:136 ] Epoch: [110/400][240/400] lr: 1.87e-04 | MSE loss: 1.3882e-03 | time: 0.160
I 05.31/23:30:07 solver.py:136 ] Epoch: [110/400][260/400] lr: 1.87e-04 | MSE loss: 1.3904e-03 | time: 0.166
I 05.31/23:30:11 solver.py:136 ] Epoch: [110/400][280/400] lr: 1.87e-04 | MSE loss: 1.3866e-03 | time: 0.167
I 05.31/23:30:14 solver.py:136 ] Epoch: [110/400][300/400] lr: 1.87e-04 | MSE loss: 1.3890e-03 | time: 0.166
I 05.31/23:30:17 solver.py:136 ] Epoch: [110/400][320/400] lr: 1.87e-04 | MSE loss: 1.3888e-03 | time: 0.165
I 05.31/23:30:20 solver.py:136 ] Epoch: [110/400][340/400] lr: 1.86e-04 | MSE loss: 1.3876e-03 | time: 0.164
I 05.31/23:30:23 solver.py:136 ] Epoch: [110/400][360/400] lr: 1.86e-04 | MSE loss: 1.3868e-03 | time: 0.163
I 05.31/23:30:26 solver.py:136 ] Epoch: [110/400][380/400] lr: 1.86e-04 | MSE loss: 1.3869e-03 | time: 0.163
I 05.31/23:30:29 solver.py:136 ] Epoch: [110/400][400/400] lr: 1.86e-04 | MSE loss: 1.3926e-03 | time: 0.162
I 05.31/23:30:29 solver.py:146 ] => Train  Loss: 1.3926e-03

I 05.31/23:30:32 solver.py:136 ] Epoch: [110/400][20/50] lr: 1.86e-04 | MSE loss: 1.8998e-03 | time: 0.156
I 05.31/23:30:35 solver.py:136 ] Epoch: [110/400][40/50] lr: 1.86e-04 | MSE loss: 1.9289e-03 | time: 0.148
I 05.31/23:30:36 solver.py:146 ] => Val  Loss: 1.9154e-03

I 05.31/23:30:39 solver.py:287 ] [20/50] loss: 1.9312e-03 | NMSE: -2.4151e+01 | time: 0.146
I 05.31/23:30:42 solver.py:287 ] [40/50] loss: 1.9474e-03 | NMSE: -2.4125e+01 | time: 0.149
I 05.31/23:30:44 solver.py:291 ] => Test NMSE: -2.4125e+01

I 05.31/23:30:55 solver.py:205 ] 
=! Best NMSE: -2.4125e+01 (epoch=110)

I 05.31/23:30:58 solver.py:136 ] Epoch: [111/400][20/400] lr: 1.86e-04 | MSE loss: 1.4210e-03 | time: 0.137
I 05.31/23:31:01 solver.py:136 ] Epoch: [111/400][40/400] lr: 1.86e-04 | MSE loss: 1.4182e-03 | time: 0.152
I 05.31/23:31:06 solver.py:136 ] Epoch: [111/400][60/400] lr: 1.86e-04 | MSE loss: 1.3974e-03 | time: 0.180
I 05.31/23:31:09 solver.py:136 ] Epoch: [111/400][80/400] lr: 1.86e-04 | MSE loss: 1.3865e-03 | time: 0.177
I 05.31/23:31:13 solver.py:136 ] Epoch: [111/400][100/400] lr: 1.86e-04 | MSE loss: 1.3882e-03 | time: 0.174
I 05.31/23:31:16 solver.py:136 ] Epoch: [111/400][120/400] lr: 1.86e-04 | MSE loss: 1.3749e-03 | time: 0.172
I 05.31/23:31:19 solver.py:136 ] Epoch: [111/400][140/400] lr: 1.86e-04 | MSE loss: 1.3790e-03 | time: 0.171
I 05.31/23:31:22 solver.py:136 ] Epoch: [111/400][160/400] lr: 1.86e-04 | MSE loss: 1.3746e-03 | time: 0.170
I 05.31/23:31:26 solver.py:136 ] Epoch: [111/400][180/400] lr: 1.86e-04 | MSE loss: 1.3806e-03 | time: 0.169
I 05.31/23:31:29 solver.py:136 ] Epoch: [111/400][200/400] lr: 1.86e-04 | MSE loss: 1.3844e-03 | time: 0.169
I 05.31/23:31:32 solver.py:136 ] Epoch: [111/400][220/400] lr: 1.86e-04 | MSE loss: 1.3797e-03 | time: 0.167
I 05.31/23:31:35 solver.py:136 ] Epoch: [111/400][240/400] lr: 1.86e-04 | MSE loss: 1.3790e-03 | time: 0.168
I 05.31/23:31:39 solver.py:136 ] Epoch: [111/400][260/400] lr: 1.86e-04 | MSE loss: 1.3795e-03 | time: 0.167
I 05.31/23:31:42 solver.py:136 ] Epoch: [111/400][280/400] lr: 1.86e-04 | MSE loss: 1.3816e-03 | time: 0.165
I 05.31/23:31:44 solver.py:136 ] Epoch: [111/400][300/400] lr: 1.86e-04 | MSE loss: 1.3821e-03 | time: 0.163
I 05.31/23:31:47 solver.py:136 ] Epoch: [111/400][320/400] lr: 1.86e-04 | MSE loss: 1.3827e-03 | time: 0.163
I 05.31/23:31:50 solver.py:136 ] Epoch: [111/400][340/400] lr: 1.86e-04 | MSE loss: 1.3851e-03 | time: 0.162
I 05.31/23:31:53 solver.py:136 ] Epoch: [111/400][360/400] lr: 1.86e-04 | MSE loss: 1.3888e-03 | time: 0.161
I 05.31/23:31:57 solver.py:136 ] Epoch: [111/400][380/400] lr: 1.86e-04 | MSE loss: 1.3894e-03 | time: 0.162
I 05.31/23:32:00 solver.py:136 ] Epoch: [111/400][400/400] lr: 1.86e-04 | MSE loss: 1.3892e-03 | time: 0.162
I 05.31/23:32:00 solver.py:146 ] => Train  Loss: 1.3892e-03

I 05.31/23:32:06 solver.py:205 ] 
=! Best NMSE: -2.4125e+01 (epoch=110)

I 05.31/23:32:09 solver.py:136 ] Epoch: [112/400][20/400] lr: 1.86e-04 | MSE loss: 1.3861e-03 | time: 0.151
I 05.31/23:32:12 solver.py:136 ] Epoch: [112/400][40/400] lr: 1.86e-04 | MSE loss: 1.3864e-03 | time: 0.137
I 05.31/23:32:14 solver.py:136 ] Epoch: [112/400][60/400] lr: 1.86e-04 | MSE loss: 1.3853e-03 | time: 0.137
I 05.31/23:32:17 solver.py:136 ] Epoch: [112/400][80/400] lr: 1.86e-04 | MSE loss: 1.3758e-03 | time: 0.140
I 05.31/23:32:20 solver.py:136 ] Epoch: [112/400][100/400] lr: 1.86e-04 | MSE loss: 1.3724e-03 | time: 0.143
I 05.31/23:32:23 solver.py:136 ] Epoch: [112/400][120/400] lr: 1.86e-04 | MSE loss: 1.3729e-03 | time: 0.144
I 05.31/23:32:27 solver.py:136 ] Epoch: [112/400][140/400] lr: 1.86e-04 | MSE loss: 1.3681e-03 | time: 0.146
I 05.31/23:32:30 solver.py:136 ] Epoch: [112/400][160/400] lr: 1.86e-04 | MSE loss: 1.3663e-03 | time: 0.149
I 05.31/23:32:33 solver.py:136 ] Epoch: [112/400][180/400] lr: 1.86e-04 | MSE loss: 1.3711e-03 | time: 0.149
I 05.31/23:32:36 solver.py:136 ] Epoch: [112/400][200/400] lr: 1.86e-04 | MSE loss: 1.3716e-03 | time: 0.151
I 05.31/23:32:40 solver.py:136 ] Epoch: [112/400][220/400] lr: 1.86e-04 | MSE loss: 1.3713e-03 | time: 0.153
I 05.31/23:32:43 solver.py:136 ] Epoch: [112/400][240/400] lr: 1.86e-04 | MSE loss: 1.3689e-03 | time: 0.153
I 05.31/23:32:46 solver.py:136 ] Epoch: [112/400][260/400] lr: 1.86e-04 | MSE loss: 1.3713e-03 | time: 0.153
I 05.31/23:32:49 solver.py:136 ] Epoch: [112/400][280/400] lr: 1.86e-04 | MSE loss: 1.3772e-03 | time: 0.154
I 05.31/23:32:53 solver.py:136 ] Epoch: [112/400][300/400] lr: 1.86e-04 | MSE loss: 1.3809e-03 | time: 0.155
I 05.31/23:32:55 solver.py:136 ] Epoch: [112/400][320/400] lr: 1.86e-04 | MSE loss: 1.3811e-03 | time: 0.155
I 05.31/23:32:59 solver.py:136 ] Epoch: [112/400][340/400] lr: 1.86e-04 | MSE loss: 1.3774e-03 | time: 0.155
I 05.31/23:33:04 solver.py:136 ] Epoch: [112/400][360/400] lr: 1.86e-04 | MSE loss: 1.3749e-03 | time: 0.162
I 05.31/23:33:08 solver.py:136 ] Epoch: [112/400][380/400] lr: 1.86e-04 | MSE loss: 1.3738e-03 | time: 0.161
I 05.31/23:33:10 solver.py:136 ] Epoch: [112/400][400/400] lr: 1.86e-04 | MSE loss: 1.3741e-03 | time: 0.161
I 05.31/23:33:10 solver.py:146 ] => Train  Loss: 1.3741e-03

I 05.31/23:33:15 solver.py:205 ] 
=! Best NMSE: -2.4125e+01 (epoch=110)

I 05.31/23:33:18 solver.py:136 ] Epoch: [113/400][20/400] lr: 1.86e-04 | MSE loss: 1.4293e-03 | time: 0.122
I 05.31/23:33:20 solver.py:136 ] Epoch: [113/400][40/400] lr: 1.86e-04 | MSE loss: 1.4445e-03 | time: 0.126
I 05.31/23:33:24 solver.py:136 ] Epoch: [113/400][60/400] lr: 1.86e-04 | MSE loss: 1.4400e-03 | time: 0.142
I 05.31/23:33:27 solver.py:136 ] Epoch: [113/400][80/400] lr: 1.86e-04 | MSE loss: 1.4374e-03 | time: 0.148
I 05.31/23:33:30 solver.py:136 ] Epoch: [113/400][100/400] lr: 1.86e-04 | MSE loss: 1.4143e-03 | time: 0.149
I 05.31/23:33:34 solver.py:136 ] Epoch: [113/400][120/400] lr: 1.86e-04 | MSE loss: 1.3935e-03 | time: 0.152
I 05.31/23:33:37 solver.py:136 ] Epoch: [113/400][140/400] lr: 1.86e-04 | MSE loss: 1.3877e-03 | time: 0.154
I 05.31/23:33:40 solver.py:136 ] Epoch: [113/400][160/400] lr: 1.86e-04 | MSE loss: 1.4015e-03 | time: 0.154
I 05.31/23:33:43 solver.py:136 ] Epoch: [113/400][180/400] lr: 1.86e-04 | MSE loss: 1.3975e-03 | time: 0.153
I 05.31/23:33:46 solver.py:136 ] Epoch: [113/400][200/400] lr: 1.85e-04 | MSE loss: 1.3892e-03 | time: 0.154
I 05.31/23:33:50 solver.py:136 ] Epoch: [113/400][220/400] lr: 1.85e-04 | MSE loss: 1.3845e-03 | time: 0.156
I 05.31/23:33:53 solver.py:136 ] Epoch: [113/400][240/400] lr: 1.85e-04 | MSE loss: 1.3793e-03 | time: 0.156
I 05.31/23:33:56 solver.py:136 ] Epoch: [113/400][260/400] lr: 1.85e-04 | MSE loss: 1.3785e-03 | time: 0.157
I 05.31/23:33:59 solver.py:136 ] Epoch: [113/400][280/400] lr: 1.85e-04 | MSE loss: 1.3747e-03 | time: 0.157
I 05.31/23:34:05 solver.py:136 ] Epoch: [113/400][300/400] lr: 1.85e-04 | MSE loss: 1.3740e-03 | time: 0.165
I 05.31/23:34:08 solver.py:136 ] Epoch: [113/400][320/400] lr: 1.85e-04 | MSE loss: 1.3778e-03 | time: 0.164
I 05.31/23:34:11 solver.py:136 ] Epoch: [113/400][340/400] lr: 1.85e-04 | MSE loss: 1.3782e-03 | time: 0.163
I 05.31/23:34:14 solver.py:136 ] Epoch: [113/400][360/400] lr: 1.85e-04 | MSE loss: 1.3773e-03 | time: 0.162
I 05.31/23:34:17 solver.py:136 ] Epoch: [113/400][380/400] lr: 1.85e-04 | MSE loss: 1.3784e-03 | time: 0.162
I 05.31/23:34:20 solver.py:136 ] Epoch: [113/400][400/400] lr: 1.85e-04 | MSE loss: 1.3769e-03 | time: 0.162
I 05.31/23:34:20 solver.py:146 ] => Train  Loss: 1.3769e-03

I 05.31/23:34:26 solver.py:205 ] 
=! Best NMSE: -2.4125e+01 (epoch=110)

I 05.31/23:34:30 solver.py:136 ] Epoch: [114/400][20/400] lr: 1.85e-04 | MSE loss: 1.3281e-03 | time: 0.168
I 05.31/23:34:33 solver.py:136 ] Epoch: [114/400][40/400] lr: 1.85e-04 | MSE loss: 1.3072e-03 | time: 0.166
I 05.31/23:34:36 solver.py:136 ] Epoch: [114/400][60/400] lr: 1.85e-04 | MSE loss: 1.3034e-03 | time: 0.162
I 05.31/23:34:39 solver.py:136 ] Epoch: [114/400][80/400] lr: 1.85e-04 | MSE loss: 1.3047e-03 | time: 0.163
I 05.31/23:34:43 solver.py:136 ] Epoch: [114/400][100/400] lr: 1.85e-04 | MSE loss: 1.3070e-03 | time: 0.167
I 05.31/23:34:46 solver.py:136 ] Epoch: [114/400][120/400] lr: 1.85e-04 | MSE loss: 1.3229e-03 | time: 0.166
I 05.31/23:34:49 solver.py:136 ] Epoch: [114/400][140/400] lr: 1.85e-04 | MSE loss: 1.3227e-03 | time: 0.162
I 05.31/23:34:52 solver.py:136 ] Epoch: [114/400][160/400] lr: 1.85e-04 | MSE loss: 1.3225e-03 | time: 0.158
I 05.31/23:34:55 solver.py:136 ] Epoch: [114/400][180/400] lr: 1.85e-04 | MSE loss: 1.3268e-03 | time: 0.159
I 05.31/23:34:58 solver.py:136 ] Epoch: [114/400][200/400] lr: 1.85e-04 | MSE loss: 1.3271e-03 | time: 0.159
I 05.31/23:35:02 solver.py:136 ] Epoch: [114/400][220/400] lr: 1.85e-04 | MSE loss: 1.3305e-03 | time: 0.163
I 05.31/23:35:07 solver.py:136 ] Epoch: [114/400][240/400] lr: 1.85e-04 | MSE loss: 1.3306e-03 | time: 0.168
I 05.31/23:35:10 solver.py:136 ] Epoch: [114/400][260/400] lr: 1.85e-04 | MSE loss: 1.3348e-03 | time: 0.168
I 05.31/23:35:14 solver.py:136 ] Epoch: [114/400][280/400] lr: 1.85e-04 | MSE loss: 1.3442e-03 | time: 0.169
I 05.31/23:35:17 solver.py:136 ] Epoch: [114/400][300/400] lr: 1.85e-04 | MSE loss: 1.3473e-03 | time: 0.169
I 05.31/23:35:20 solver.py:136 ] Epoch: [114/400][320/400] lr: 1.85e-04 | MSE loss: 1.3463e-03 | time: 0.167
I 05.31/23:35:23 solver.py:136 ] Epoch: [114/400][340/400] lr: 1.85e-04 | MSE loss: 1.3453e-03 | time: 0.166
I 05.31/23:35:26 solver.py:136 ] Epoch: [114/400][360/400] lr: 1.85e-04 | MSE loss: 1.3456e-03 | time: 0.166
I 05.31/23:35:29 solver.py:136 ] Epoch: [114/400][380/400] lr: 1.85e-04 | MSE loss: 1.3455e-03 | time: 0.165
I 05.31/23:35:32 solver.py:136 ] Epoch: [114/400][400/400] lr: 1.85e-04 | MSE loss: 1.3475e-03 | time: 0.164
I 05.31/23:35:32 solver.py:146 ] => Train  Loss: 1.3475e-03

I 05.31/23:35:38 solver.py:205 ] 
=! Best NMSE: -2.4125e+01 (epoch=110)

I 05.31/23:35:41 solver.py:136 ] Epoch: [115/400][20/400] lr: 1.85e-04 | MSE loss: 1.3221e-03 | time: 0.186
I 05.31/23:35:45 solver.py:136 ] Epoch: [115/400][40/400] lr: 1.85e-04 | MSE loss: 1.2913e-03 | time: 0.169
I 05.31/23:35:48 solver.py:136 ] Epoch: [115/400][60/400] lr: 1.85e-04 | MSE loss: 1.3056e-03 | time: 0.172
I 05.31/23:35:51 solver.py:136 ] Epoch: [115/400][80/400] lr: 1.85e-04 | MSE loss: 1.3073e-03 | time: 0.171
I 05.31/23:35:54 solver.py:136 ] Epoch: [115/400][100/400] lr: 1.85e-04 | MSE loss: 1.3127e-03 | time: 0.167
I 05.31/23:35:57 solver.py:136 ] Epoch: [115/400][120/400] lr: 1.85e-04 | MSE loss: 1.3195e-03 | time: 0.164
I 05.31/23:36:02 solver.py:136 ] Epoch: [115/400][140/400] lr: 1.85e-04 | MSE loss: 1.3211e-03 | time: 0.173
I 05.31/23:36:07 solver.py:136 ] Epoch: [115/400][160/400] lr: 1.85e-04 | MSE loss: 1.3234e-03 | time: 0.181
I 05.31/23:36:10 solver.py:136 ] Epoch: [115/400][180/400] lr: 1.85e-04 | MSE loss: 1.3232e-03 | time: 0.179
I 05.31/23:36:13 solver.py:136 ] Epoch: [115/400][200/400] lr: 1.85e-04 | MSE loss: 1.3282e-03 | time: 0.178
I 05.31/23:36:17 solver.py:136 ] Epoch: [115/400][220/400] lr: 1.85e-04 | MSE loss: 1.3296e-03 | time: 0.177
I 05.31/23:36:20 solver.py:136 ] Epoch: [115/400][240/400] lr: 1.85e-04 | MSE loss: 1.3335e-03 | time: 0.176
I 05.31/23:36:23 solver.py:136 ] Epoch: [115/400][260/400] lr: 1.85e-04 | MSE loss: 1.3332e-03 | time: 0.174
I 05.31/23:36:26 solver.py:136 ] Epoch: [115/400][280/400] lr: 1.85e-04 | MSE loss: 1.3364e-03 | time: 0.173
I 05.31/23:36:29 solver.py:136 ] Epoch: [115/400][300/400] lr: 1.85e-04 | MSE loss: 1.3391e-03 | time: 0.171
I 05.31/23:36:32 solver.py:136 ] Epoch: [115/400][320/400] lr: 1.85e-04 | MSE loss: 1.3391e-03 | time: 0.170
I 05.31/23:36:35 solver.py:136 ] Epoch: [115/400][340/400] lr: 1.85e-04 | MSE loss: 1.3416e-03 | time: 0.169
I 05.31/23:36:38 solver.py:136 ] Epoch: [115/400][360/400] lr: 1.85e-04 | MSE loss: 1.3410e-03 | time: 0.168
I 05.31/23:36:41 solver.py:136 ] Epoch: [115/400][380/400] lr: 1.85e-04 | MSE loss: 1.3384e-03 | time: 0.166
I 05.31/23:36:44 solver.py:136 ] Epoch: [115/400][400/400] lr: 1.85e-04 | MSE loss: 1.3365e-03 | time: 0.164
I 05.31/23:36:44 solver.py:146 ] => Train  Loss: 1.3365e-03

I 05.31/23:36:48 solver.py:205 ] 
=! Best NMSE: -2.4125e+01 (epoch=110)

I 05.31/23:36:52 solver.py:136 ] Epoch: [116/400][20/400] lr: 1.84e-04 | MSE loss: 1.2904e-03 | time: 0.174
I 05.31/23:36:56 solver.py:136 ] Epoch: [116/400][40/400] lr: 1.84e-04 | MSE loss: 1.2874e-03 | time: 0.176
I 05.31/23:36:59 solver.py:136 ] Epoch: [116/400][60/400] lr: 1.84e-04 | MSE loss: 1.2770e-03 | time: 0.176
I 05.31/23:37:04 solver.py:136 ] Epoch: [116/400][80/400] lr: 1.84e-04 | MSE loss: 1.2940e-03 | time: 0.196
I 05.31/23:37:08 solver.py:136 ] Epoch: [116/400][100/400] lr: 1.84e-04 | MSE loss: 1.3035e-03 | time: 0.193
I 05.31/23:37:11 solver.py:136 ] Epoch: [116/400][120/400] lr: 1.84e-04 | MSE loss: 1.3104e-03 | time: 0.188
I 05.31/23:37:14 solver.py:136 ] Epoch: [116/400][140/400] lr: 1.84e-04 | MSE loss: 1.3150e-03 | time: 0.186
I 05.31/23:37:17 solver.py:136 ] Epoch: [116/400][160/400] lr: 1.84e-04 | MSE loss: 1.3198e-03 | time: 0.181
I 05.31/23:37:20 solver.py:136 ] Epoch: [116/400][180/400] lr: 1.84e-04 | MSE loss: 1.3258e-03 | time: 0.178
I 05.31/23:37:24 solver.py:136 ] Epoch: [116/400][200/400] lr: 1.84e-04 | MSE loss: 1.3260e-03 | time: 0.177
I 05.31/23:37:27 solver.py:136 ] Epoch: [116/400][220/400] lr: 1.84e-04 | MSE loss: 1.3245e-03 | time: 0.175
I 05.31/23:37:30 solver.py:136 ] Epoch: [116/400][240/400] lr: 1.84e-04 | MSE loss: 1.3297e-03 | time: 0.174
I 05.31/23:37:33 solver.py:136 ] Epoch: [116/400][260/400] lr: 1.84e-04 | MSE loss: 1.3378e-03 | time: 0.172
I 05.31/23:37:36 solver.py:136 ] Epoch: [116/400][280/400] lr: 1.84e-04 | MSE loss: 1.3384e-03 | time: 0.172
I 05.31/23:37:40 solver.py:136 ] Epoch: [116/400][300/400] lr: 1.84e-04 | MSE loss: 1.3424e-03 | time: 0.172
I 05.31/23:37:43 solver.py:136 ] Epoch: [116/400][320/400] lr: 1.84e-04 | MSE loss: 1.3442e-03 | time: 0.171
I 05.31/23:37:46 solver.py:136 ] Epoch: [116/400][340/400] lr: 1.84e-04 | MSE loss: 1.3427e-03 | time: 0.170
I 05.31/23:37:49 solver.py:136 ] Epoch: [116/400][360/400] lr: 1.84e-04 | MSE loss: 1.3437e-03 | time: 0.169
I 05.31/23:37:52 solver.py:136 ] Epoch: [116/400][380/400] lr: 1.84e-04 | MSE loss: 1.3436e-03 | time: 0.167
I 05.31/23:37:55 solver.py:136 ] Epoch: [116/400][400/400] lr: 1.84e-04 | MSE loss: 1.3391e-03 | time: 0.167
I 05.31/23:37:55 solver.py:146 ] => Train  Loss: 1.3391e-03

I 05.31/23:38:00 solver.py:205 ] 
=! Best NMSE: -2.4125e+01 (epoch=110)

I 05.31/23:38:06 solver.py:136 ] Epoch: [117/400][20/400] lr: 1.84e-04 | MSE loss: 1.2597e-03 | time: 0.275
I 05.31/23:38:09 solver.py:136 ] Epoch: [117/400][40/400] lr: 1.84e-04 | MSE loss: 1.2560e-03 | time: 0.217
I 05.31/23:38:11 solver.py:136 ] Epoch: [117/400][60/400] lr: 1.84e-04 | MSE loss: 1.2513e-03 | time: 0.192
I 05.31/23:38:14 solver.py:136 ] Epoch: [117/400][80/400] lr: 1.84e-04 | MSE loss: 1.2684e-03 | time: 0.179
I 05.31/23:38:18 solver.py:136 ] Epoch: [117/400][100/400] lr: 1.84e-04 | MSE loss: 1.2834e-03 | time: 0.178
I 05.31/23:38:21 solver.py:136 ] Epoch: [117/400][120/400] lr: 1.84e-04 | MSE loss: 1.2832e-03 | time: 0.177
I 05.31/23:38:24 solver.py:136 ] Epoch: [117/400][140/400] lr: 1.84e-04 | MSE loss: 1.2885e-03 | time: 0.176
I 05.31/23:38:28 solver.py:136 ] Epoch: [117/400][160/400] lr: 1.84e-04 | MSE loss: 1.2935e-03 | time: 0.175
I 05.31/23:38:30 solver.py:136 ] Epoch: [117/400][180/400] lr: 1.84e-04 | MSE loss: 1.2909e-03 | time: 0.170
I 05.31/23:38:33 solver.py:136 ] Epoch: [117/400][200/400] lr: 1.84e-04 | MSE loss: 1.2946e-03 | time: 0.168
I 05.31/23:38:37 solver.py:136 ] Epoch: [117/400][220/400] lr: 1.84e-04 | MSE loss: 1.2922e-03 | time: 0.166
I 05.31/23:38:40 solver.py:136 ] Epoch: [117/400][240/400] lr: 1.84e-04 | MSE loss: 1.2921e-03 | time: 0.166
I 05.31/23:38:43 solver.py:136 ] Epoch: [117/400][260/400] lr: 1.84e-04 | MSE loss: 1.2912e-03 | time: 0.166
I 05.31/23:38:47 solver.py:136 ] Epoch: [117/400][280/400] lr: 1.84e-04 | MSE loss: 1.2870e-03 | time: 0.166
I 05.31/23:38:50 solver.py:136 ] Epoch: [117/400][300/400] lr: 1.84e-04 | MSE loss: 1.2855e-03 | time: 0.166
I 05.31/23:38:53 solver.py:136 ] Epoch: [117/400][320/400] lr: 1.84e-04 | MSE loss: 1.2896e-03 | time: 0.165
I 05.31/23:38:56 solver.py:136 ] Epoch: [117/400][340/400] lr: 1.84e-04 | MSE loss: 1.2883e-03 | time: 0.164
I 05.31/23:38:59 solver.py:136 ] Epoch: [117/400][360/400] lr: 1.84e-04 | MSE loss: 1.2905e-03 | time: 0.163
I 05.31/23:39:03 solver.py:136 ] Epoch: [117/400][380/400] lr: 1.84e-04 | MSE loss: 1.2923e-03 | time: 0.165
I 05.31/23:39:07 solver.py:136 ] Epoch: [117/400][400/400] lr: 1.84e-04 | MSE loss: 1.2937e-03 | time: 0.168
I 05.31/23:39:07 solver.py:146 ] => Train  Loss: 1.2937e-03

I 05.31/23:39:13 solver.py:205 ] 
=! Best NMSE: -2.4125e+01 (epoch=110)

I 05.31/23:39:15 solver.py:136 ] Epoch: [118/400][20/400] lr: 1.84e-04 | MSE loss: 1.2635e-03 | time: 0.138
I 05.31/23:39:18 solver.py:136 ] Epoch: [118/400][40/400] lr: 1.84e-04 | MSE loss: 1.2689e-03 | time: 0.140
I 05.31/23:39:21 solver.py:136 ] Epoch: [118/400][60/400] lr: 1.84e-04 | MSE loss: 1.2764e-03 | time: 0.145
I 05.31/23:39:25 solver.py:136 ] Epoch: [118/400][80/400] lr: 1.84e-04 | MSE loss: 1.2759e-03 | time: 0.151
I 05.31/23:39:29 solver.py:136 ] Epoch: [118/400][100/400] lr: 1.84e-04 | MSE loss: 1.2784e-03 | time: 0.156
I 05.31/23:39:32 solver.py:136 ] Epoch: [118/400][120/400] lr: 1.84e-04 | MSE loss: 1.2830e-03 | time: 0.157
I 05.31/23:39:35 solver.py:136 ] Epoch: [118/400][140/400] lr: 1.84e-04 | MSE loss: 1.2860e-03 | time: 0.157
I 05.31/23:39:38 solver.py:136 ] Epoch: [118/400][160/400] lr: 1.84e-04 | MSE loss: 1.2925e-03 | time: 0.158
I 05.31/23:39:41 solver.py:136 ] Epoch: [118/400][180/400] lr: 1.84e-04 | MSE loss: 1.2959e-03 | time: 0.157
I 05.31/23:39:44 solver.py:136 ] Epoch: [118/400][200/400] lr: 1.83e-04 | MSE loss: 1.2980e-03 | time: 0.157
I 05.31/23:39:47 solver.py:136 ] Epoch: [118/400][220/400] lr: 1.83e-04 | MSE loss: 1.2963e-03 | time: 0.157
I 05.31/23:39:51 solver.py:136 ] Epoch: [118/400][240/400] lr: 1.83e-04 | MSE loss: 1.2939e-03 | time: 0.160
I 05.31/23:39:55 solver.py:136 ] Epoch: [118/400][260/400] lr: 1.83e-04 | MSE loss: 1.2928e-03 | time: 0.162
I 05.31/23:39:58 solver.py:136 ] Epoch: [118/400][280/400] lr: 1.83e-04 | MSE loss: 1.2942e-03 | time: 0.162
I 05.31/23:40:01 solver.py:136 ] Epoch: [118/400][300/400] lr: 1.83e-04 | MSE loss: 1.2985e-03 | time: 0.162
I 05.31/23:40:06 solver.py:136 ] Epoch: [118/400][320/400] lr: 1.83e-04 | MSE loss: 1.2955e-03 | time: 0.165
I 05.31/23:40:09 solver.py:136 ] Epoch: [118/400][340/400] lr: 1.83e-04 | MSE loss: 1.2934e-03 | time: 0.165
I 05.31/23:40:12 solver.py:136 ] Epoch: [118/400][360/400] lr: 1.83e-04 | MSE loss: 1.2918e-03 | time: 0.165
I 05.31/23:40:15 solver.py:136 ] Epoch: [118/400][380/400] lr: 1.83e-04 | MSE loss: 1.2910e-03 | time: 0.165
I 05.31/23:40:19 solver.py:136 ] Epoch: [118/400][400/400] lr: 1.83e-04 | MSE loss: 1.2923e-03 | time: 0.165
I 05.31/23:40:19 solver.py:146 ] => Train  Loss: 1.2923e-03

I 05.31/23:40:23 solver.py:205 ] 
=! Best NMSE: -2.4125e+01 (epoch=110)

I 05.31/23:40:27 solver.py:136 ] Epoch: [119/400][20/400] lr: 1.83e-04 | MSE loss: 1.2246e-03 | time: 0.162
I 05.31/23:40:30 solver.py:136 ] Epoch: [119/400][40/400] lr: 1.83e-04 | MSE loss: 1.2716e-03 | time: 0.165
I 05.31/23:40:34 solver.py:136 ] Epoch: [119/400][60/400] lr: 1.83e-04 | MSE loss: 1.2642e-03 | time: 0.168
I 05.31/23:40:37 solver.py:136 ] Epoch: [119/400][80/400] lr: 1.83e-04 | MSE loss: 1.2536e-03 | time: 0.170
I 05.31/23:40:41 solver.py:136 ] Epoch: [119/400][100/400] lr: 1.83e-04 | MSE loss: 1.2439e-03 | time: 0.168
I 05.31/23:40:44 solver.py:136 ] Epoch: [119/400][120/400] lr: 1.83e-04 | MSE loss: 1.2485e-03 | time: 0.169
I 05.31/23:40:47 solver.py:136 ] Epoch: [119/400][140/400] lr: 1.83e-04 | MSE loss: 1.2459e-03 | time: 0.170
I 05.31/23:40:50 solver.py:136 ] Epoch: [119/400][160/400] lr: 1.83e-04 | MSE loss: 1.2518e-03 | time: 0.168
I 05.31/23:40:53 solver.py:136 ] Epoch: [119/400][180/400] lr: 1.83e-04 | MSE loss: 1.2565e-03 | time: 0.166
I 05.31/23:40:57 solver.py:136 ] Epoch: [119/400][200/400] lr: 1.83e-04 | MSE loss: 1.2569e-03 | time: 0.167
I 05.31/23:41:00 solver.py:136 ] Epoch: [119/400][220/400] lr: 1.83e-04 | MSE loss: 1.2587e-03 | time: 0.165
I 05.31/23:41:06 solver.py:136 ] Epoch: [119/400][240/400] lr: 1.83e-04 | MSE loss: 1.2627e-03 | time: 0.175
I 05.31/23:41:09 solver.py:136 ] Epoch: [119/400][260/400] lr: 1.83e-04 | MSE loss: 1.2662e-03 | time: 0.174
I 05.31/23:41:12 solver.py:136 ] Epoch: [119/400][280/400] lr: 1.83e-04 | MSE loss: 1.2683e-03 | time: 0.174
I 05.31/23:41:16 solver.py:136 ] Epoch: [119/400][300/400] lr: 1.83e-04 | MSE loss: 1.2673e-03 | time: 0.173
I 05.31/23:41:19 solver.py:136 ] Epoch: [119/400][320/400] lr: 1.83e-04 | MSE loss: 1.2662e-03 | time: 0.173
I 05.31/23:41:22 solver.py:136 ] Epoch: [119/400][340/400] lr: 1.83e-04 | MSE loss: 1.2663e-03 | time: 0.172
I 05.31/23:41:25 solver.py:136 ] Epoch: [119/400][360/400] lr: 1.83e-04 | MSE loss: 1.2672e-03 | time: 0.170
I 05.31/23:41:28 solver.py:136 ] Epoch: [119/400][380/400] lr: 1.83e-04 | MSE loss: 1.2689e-03 | time: 0.169
I 05.31/23:41:31 solver.py:136 ] Epoch: [119/400][400/400] lr: 1.83e-04 | MSE loss: 1.2728e-03 | time: 0.168
I 05.31/23:41:31 solver.py:146 ] => Train  Loss: 1.2728e-03

I 05.31/23:41:36 solver.py:205 ] 
=! Best NMSE: -2.4125e+01 (epoch=110)

I 05.31/23:41:39 solver.py:136 ] Epoch: [120/400][20/400] lr: 1.83e-04 | MSE loss: 1.2094e-03 | time: 0.173
I 05.31/23:41:42 solver.py:136 ] Epoch: [120/400][40/400] lr: 1.83e-04 | MSE loss: 1.2318e-03 | time: 0.163
I 05.31/23:41:45 solver.py:136 ] Epoch: [120/400][60/400] lr: 1.83e-04 | MSE loss: 1.2412e-03 | time: 0.158
I 05.31/23:41:48 solver.py:136 ] Epoch: [120/400][80/400] lr: 1.83e-04 | MSE loss: 1.2448e-03 | time: 0.153
I 05.31/23:41:51 solver.py:136 ] Epoch: [120/400][100/400] lr: 1.83e-04 | MSE loss: 1.2526e-03 | time: 0.150
I 05.31/23:41:54 solver.py:136 ] Epoch: [120/400][120/400] lr: 1.83e-04 | MSE loss: 1.2523e-03 | time: 0.152
I 05.31/23:41:57 solver.py:136 ] Epoch: [120/400][140/400] lr: 1.83e-04 | MSE loss: 1.2540e-03 | time: 0.153
I 05.31/23:42:00 solver.py:136 ] Epoch: [120/400][160/400] lr: 1.83e-04 | MSE loss: 1.2607e-03 | time: 0.155
I 05.31/23:42:06 solver.py:136 ] Epoch: [120/400][180/400] lr: 1.83e-04 | MSE loss: 1.2598e-03 | time: 0.167
I 05.31/23:42:09 solver.py:136 ] Epoch: [120/400][200/400] lr: 1.83e-04 | MSE loss: 1.2613e-03 | time: 0.168
I 05.31/23:42:13 solver.py:136 ] Epoch: [120/400][220/400] lr: 1.83e-04 | MSE loss: 1.2663e-03 | time: 0.168
I 05.31/23:42:16 solver.py:136 ] Epoch: [120/400][240/400] lr: 1.83e-04 | MSE loss: 1.2668e-03 | time: 0.166
I 05.31/23:42:19 solver.py:136 ] Epoch: [120/400][260/400] lr: 1.83e-04 | MSE loss: 1.2626e-03 | time: 0.165
I 05.31/23:42:22 solver.py:136 ] Epoch: [120/400][280/400] lr: 1.83e-04 | MSE loss: 1.2616e-03 | time: 0.165
I 05.31/23:42:25 solver.py:136 ] Epoch: [120/400][300/400] lr: 1.83e-04 | MSE loss: 1.2610e-03 | time: 0.164
I 05.31/23:42:28 solver.py:136 ] Epoch: [120/400][320/400] lr: 1.83e-04 | MSE loss: 1.2612e-03 | time: 0.164
I 05.31/23:42:31 solver.py:136 ] Epoch: [120/400][340/400] lr: 1.83e-04 | MSE loss: 1.2621e-03 | time: 0.163
I 05.31/23:42:34 solver.py:136 ] Epoch: [120/400][360/400] lr: 1.82e-04 | MSE loss: 1.2649e-03 | time: 0.162
I 05.31/23:42:36 solver.py:136 ] Epoch: [120/400][380/400] lr: 1.82e-04 | MSE loss: 1.2665e-03 | time: 0.160
I 05.31/23:42:39 solver.py:136 ] Epoch: [120/400][400/400] lr: 1.82e-04 | MSE loss: 1.2684e-03 | time: 0.158
I 05.31/23:42:39 solver.py:146 ] => Train  Loss: 1.2684e-03

I 05.31/23:42:42 solver.py:136 ] Epoch: [120/400][20/50] lr: 1.82e-04 | MSE loss: 1.7040e-03 | time: 0.153
I 05.31/23:42:45 solver.py:136 ] Epoch: [120/400][40/50] lr: 1.82e-04 | MSE loss: 1.7323e-03 | time: 0.156
I 05.31/23:42:47 solver.py:146 ] => Val  Loss: 1.7213e-03

I 05.31/23:42:50 solver.py:287 ] [20/50] loss: 1.7415e-03 | NMSE: -2.4605e+01 | time: 0.147
I 05.31/23:42:53 solver.py:287 ] [40/50] loss: 1.7533e-03 | NMSE: -2.4587e+01 | time: 0.150
I 05.31/23:42:54 solver.py:291 ] => Test NMSE: -2.4584e+01

I 05.31/23:43:04 solver.py:205 ] 
=! Best NMSE: -2.4584e+01 (epoch=120)

I 05.31/23:43:08 solver.py:136 ] Epoch: [121/400][20/400] lr: 1.82e-04 | MSE loss: 1.2701e-03 | time: 0.194
I 05.31/23:43:11 solver.py:136 ] Epoch: [121/400][40/400] lr: 1.82e-04 | MSE loss: 1.2552e-03 | time: 0.186
I 05.31/23:43:15 solver.py:136 ] Epoch: [121/400][60/400] lr: 1.82e-04 | MSE loss: 1.2557e-03 | time: 0.180
I 05.31/23:43:18 solver.py:136 ] Epoch: [121/400][80/400] lr: 1.82e-04 | MSE loss: 1.2629e-03 | time: 0.180
I 05.31/23:43:22 solver.py:136 ] Epoch: [121/400][100/400] lr: 1.82e-04 | MSE loss: 1.2614e-03 | time: 0.181
I 05.31/23:43:24 solver.py:136 ] Epoch: [121/400][120/400] lr: 1.82e-04 | MSE loss: 1.2542e-03 | time: 0.169
I 05.31/23:43:26 solver.py:136 ] Epoch: [121/400][140/400] lr: 1.82e-04 | MSE loss: 1.2536e-03 | time: 0.160
I 05.31/23:43:29 solver.py:136 ] Epoch: [121/400][160/400] lr: 1.82e-04 | MSE loss: 1.2594e-03 | time: 0.155
I 05.31/23:43:32 solver.py:136 ] Epoch: [121/400][180/400] lr: 1.82e-04 | MSE loss: 1.2626e-03 | time: 0.156
I 05.31/23:43:35 solver.py:136 ] Epoch: [121/400][200/400] lr: 1.82e-04 | MSE loss: 1.2693e-03 | time: 0.155
I 05.31/23:43:38 solver.py:136 ] Epoch: [121/400][220/400] lr: 1.82e-04 | MSE loss: 1.2760e-03 | time: 0.154
I 05.31/23:43:41 solver.py:136 ] Epoch: [121/400][240/400] lr: 1.82e-04 | MSE loss: 1.2750e-03 | time: 0.156
I 05.31/23:43:44 solver.py:136 ] Epoch: [121/400][260/400] lr: 1.82e-04 | MSE loss: 1.2751e-03 | time: 0.156
I 05.31/23:43:47 solver.py:136 ] Epoch: [121/400][280/400] lr: 1.82e-04 | MSE loss: 1.2737e-03 | time: 0.156
I 05.31/23:43:51 solver.py:136 ] Epoch: [121/400][300/400] lr: 1.82e-04 | MSE loss: 1.2738e-03 | time: 0.156
I 05.31/23:43:54 solver.py:136 ] Epoch: [121/400][320/400] lr: 1.82e-04 | MSE loss: 1.2730e-03 | time: 0.156
I 05.31/23:43:57 solver.py:136 ] Epoch: [121/400][340/400] lr: 1.82e-04 | MSE loss: 1.2707e-03 | time: 0.157
I 05.31/23:44:01 solver.py:136 ] Epoch: [121/400][360/400] lr: 1.82e-04 | MSE loss: 1.2715e-03 | time: 0.159
I 05.31/23:44:06 solver.py:136 ] Epoch: [121/400][380/400] lr: 1.82e-04 | MSE loss: 1.2728e-03 | time: 0.164
I 05.31/23:44:09 solver.py:136 ] Epoch: [121/400][400/400] lr: 1.82e-04 | MSE loss: 1.2717e-03 | time: 0.164
I 05.31/23:44:09 solver.py:146 ] => Train  Loss: 1.2717e-03

I 05.31/23:44:15 solver.py:205 ] 
=! Best NMSE: -2.4584e+01 (epoch=120)

I 05.31/23:44:18 solver.py:136 ] Epoch: [122/400][20/400] lr: 1.82e-04 | MSE loss: 1.2368e-03 | time: 0.154
I 05.31/23:44:21 solver.py:136 ] Epoch: [122/400][40/400] lr: 1.82e-04 | MSE loss: 1.2679e-03 | time: 0.164
I 05.31/23:44:25 solver.py:136 ] Epoch: [122/400][60/400] lr: 1.82e-04 | MSE loss: 1.2798e-03 | time: 0.162
I 05.31/23:44:29 solver.py:136 ] Epoch: [122/400][80/400] lr: 1.82e-04 | MSE loss: 1.2761e-03 | time: 0.171
I 05.31/23:44:32 solver.py:136 ] Epoch: [122/400][100/400] lr: 1.82e-04 | MSE loss: 1.2654e-03 | time: 0.168
I 05.31/23:44:34 solver.py:136 ] Epoch: [122/400][120/400] lr: 1.82e-04 | MSE loss: 1.2598e-03 | time: 0.164
I 05.31/23:44:37 solver.py:136 ] Epoch: [122/400][140/400] lr: 1.82e-04 | MSE loss: 1.2574e-03 | time: 0.161
I 05.31/23:44:41 solver.py:136 ] Epoch: [122/400][160/400] lr: 1.82e-04 | MSE loss: 1.2577e-03 | time: 0.161
I 05.31/23:44:44 solver.py:136 ] Epoch: [122/400][180/400] lr: 1.82e-04 | MSE loss: 1.2546e-03 | time: 0.161
I 05.31/23:44:47 solver.py:136 ] Epoch: [122/400][200/400] lr: 1.82e-04 | MSE loss: 1.2567e-03 | time: 0.162
I 05.31/23:44:50 solver.py:136 ] Epoch: [122/400][220/400] lr: 1.82e-04 | MSE loss: 1.2556e-03 | time: 0.158
I 05.31/23:44:53 solver.py:136 ] Epoch: [122/400][240/400] lr: 1.82e-04 | MSE loss: 1.2596e-03 | time: 0.158
I 05.31/23:44:56 solver.py:136 ] Epoch: [122/400][260/400] lr: 1.82e-04 | MSE loss: 1.2620e-03 | time: 0.156
I 05.31/23:44:59 solver.py:136 ] Epoch: [122/400][280/400] lr: 1.82e-04 | MSE loss: 1.2614e-03 | time: 0.156
I 05.31/23:45:03 solver.py:136 ] Epoch: [122/400][300/400] lr: 1.82e-04 | MSE loss: 1.2597e-03 | time: 0.161
I 05.31/23:45:07 solver.py:136 ] Epoch: [122/400][320/400] lr: 1.82e-04 | MSE loss: 1.2617e-03 | time: 0.162
I 05.31/23:45:10 solver.py:136 ] Epoch: [122/400][340/400] lr: 1.82e-04 | MSE loss: 1.2662e-03 | time: 0.163
I 05.31/23:45:14 solver.py:136 ] Epoch: [122/400][360/400] lr: 1.82e-04 | MSE loss: 1.2670e-03 | time: 0.163
I 05.31/23:45:17 solver.py:136 ] Epoch: [122/400][380/400] lr: 1.82e-04 | MSE loss: 1.2662e-03 | time: 0.163
I 05.31/23:45:20 solver.py:136 ] Epoch: [122/400][400/400] lr: 1.82e-04 | MSE loss: 1.2664e-03 | time: 0.162
I 05.31/23:45:20 solver.py:146 ] => Train  Loss: 1.2664e-03

I 05.31/23:45:25 solver.py:205 ] 
=! Best NMSE: -2.4584e+01 (epoch=120)

I 05.31/23:45:28 solver.py:136 ] Epoch: [123/400][20/400] lr: 1.82e-04 | MSE loss: 1.2429e-03 | time: 0.165
I 05.31/23:45:32 solver.py:136 ] Epoch: [123/400][40/400] lr: 1.82e-04 | MSE loss: 1.2348e-03 | time: 0.172
I 05.31/23:45:35 solver.py:136 ] Epoch: [123/400][60/400] lr: 1.82e-04 | MSE loss: 1.3622e-03 | time: 0.171
I 05.31/23:45:39 solver.py:136 ] Epoch: [123/400][80/400] lr: 1.82e-04 | MSE loss: 1.5194e-03 | time: 0.175
I 05.31/23:45:42 solver.py:136 ] Epoch: [123/400][100/400] lr: 1.81e-04 | MSE loss: 1.5808e-03 | time: 0.174
I 05.31/23:45:46 solver.py:136 ] Epoch: [123/400][120/400] lr: 1.81e-04 | MSE loss: 1.5705e-03 | time: 0.172
I 05.31/23:45:49 solver.py:136 ] Epoch: [123/400][140/400] lr: 1.81e-04 | MSE loss: 1.5414e-03 | time: 0.174
I 05.31/23:45:52 solver.py:136 ] Epoch: [123/400][160/400] lr: 1.81e-04 | MSE loss: 1.5140e-03 | time: 0.174
I 05.31/23:45:56 solver.py:136 ] Epoch: [123/400][180/400] lr: 1.81e-04 | MSE loss: 1.4883e-03 | time: 0.173
I 05.31/23:45:59 solver.py:136 ] Epoch: [123/400][200/400] lr: 1.81e-04 | MSE loss: 1.4642e-03 | time: 0.170
I 05.31/23:46:03 solver.py:136 ] Epoch: [123/400][220/400] lr: 1.81e-04 | MSE loss: 1.4442e-03 | time: 0.175
I 05.31/23:46:07 solver.py:136 ] Epoch: [123/400][240/400] lr: 1.81e-04 | MSE loss: 1.4283e-03 | time: 0.177
I 05.31/23:46:10 solver.py:136 ] Epoch: [123/400][260/400] lr: 1.81e-04 | MSE loss: 1.4151e-03 | time: 0.176
I 05.31/23:46:14 solver.py:136 ] Epoch: [123/400][280/400] lr: 1.81e-04 | MSE loss: 1.4027e-03 | time: 0.175
I 05.31/23:46:17 solver.py:136 ] Epoch: [123/400][300/400] lr: 1.81e-04 | MSE loss: 1.3912e-03 | time: 0.173
I 05.31/23:46:20 solver.py:136 ] Epoch: [123/400][320/400] lr: 1.81e-04 | MSE loss: 1.3815e-03 | time: 0.172
I 05.31/23:46:23 solver.py:136 ] Epoch: [123/400][340/400] lr: 1.81e-04 | MSE loss: 1.3727e-03 | time: 0.171
I 05.31/23:46:26 solver.py:136 ] Epoch: [123/400][360/400] lr: 1.81e-04 | MSE loss: 1.3646e-03 | time: 0.170
I 05.31/23:46:30 solver.py:136 ] Epoch: [123/400][380/400] lr: 1.81e-04 | MSE loss: 1.3581e-03 | time: 0.171
I 05.31/23:46:33 solver.py:136 ] Epoch: [123/400][400/400] lr: 1.81e-04 | MSE loss: 1.3555e-03 | time: 0.170
I 05.31/23:46:33 solver.py:146 ] => Train  Loss: 1.3555e-03

I 05.31/23:46:37 solver.py:205 ] 
=! Best NMSE: -2.4584e+01 (epoch=120)

I 05.31/23:46:40 solver.py:136 ] Epoch: [124/400][20/400] lr: 1.81e-04 | MSE loss: 1.2632e-03 | time: 0.150
I 05.31/23:46:44 solver.py:136 ] Epoch: [124/400][40/400] lr: 1.81e-04 | MSE loss: 1.2402e-03 | time: 0.162
I 05.31/23:46:47 solver.py:136 ] Epoch: [124/400][60/400] lr: 1.81e-04 | MSE loss: 1.2292e-03 | time: 0.162
I 05.31/23:46:50 solver.py:136 ] Epoch: [124/400][80/400] lr: 1.81e-04 | MSE loss: 1.2187e-03 | time: 0.158
I 05.31/23:46:53 solver.py:136 ] Epoch: [124/400][100/400] lr: 1.81e-04 | MSE loss: 1.2063e-03 | time: 0.159
I 05.31/23:46:57 solver.py:136 ] Epoch: [124/400][120/400] lr: 1.81e-04 | MSE loss: 1.2075e-03 | time: 0.160
I 05.31/23:47:00 solver.py:136 ] Epoch: [124/400][140/400] lr: 1.81e-04 | MSE loss: 1.2042e-03 | time: 0.163
I 05.31/23:47:05 solver.py:136 ] Epoch: [124/400][160/400] lr: 1.81e-04 | MSE loss: 1.2004e-03 | time: 0.175
I 05.31/23:47:08 solver.py:136 ] Epoch: [124/400][180/400] lr: 1.81e-04 | MSE loss: 1.2016e-03 | time: 0.173
I 05.31/23:47:11 solver.py:136 ] Epoch: [124/400][200/400] lr: 1.81e-04 | MSE loss: 1.2087e-03 | time: 0.171
I 05.31/23:47:15 solver.py:136 ] Epoch: [124/400][220/400] lr: 1.81e-04 | MSE loss: 1.2064e-03 | time: 0.171
I 05.31/23:47:18 solver.py:136 ] Epoch: [124/400][240/400] lr: 1.81e-04 | MSE loss: 1.2027e-03 | time: 0.170
I 05.31/23:47:21 solver.py:136 ] Epoch: [124/400][260/400] lr: 1.81e-04 | MSE loss: 1.2024e-03 | time: 0.169
I 05.31/23:47:24 solver.py:136 ] Epoch: [124/400][280/400] lr: 1.81e-04 | MSE loss: 1.2000e-03 | time: 0.168
I 05.31/23:47:27 solver.py:136 ] Epoch: [124/400][300/400] lr: 1.81e-04 | MSE loss: 1.1991e-03 | time: 0.166
I 05.31/23:47:30 solver.py:136 ] Epoch: [124/400][320/400] lr: 1.81e-04 | MSE loss: 1.2026e-03 | time: 0.164
I 05.31/23:47:33 solver.py:136 ] Epoch: [124/400][340/400] lr: 1.81e-04 | MSE loss: 1.2033e-03 | time: 0.164
I 05.31/23:47:36 solver.py:136 ] Epoch: [124/400][360/400] lr: 1.81e-04 | MSE loss: 1.2039e-03 | time: 0.164
I 05.31/23:47:40 solver.py:136 ] Epoch: [124/400][380/400] lr: 1.81e-04 | MSE loss: 1.2070e-03 | time: 0.164
I 05.31/23:47:43 solver.py:136 ] Epoch: [124/400][400/400] lr: 1.81e-04 | MSE loss: 1.2087e-03 | time: 0.163
I 05.31/23:47:43 solver.py:146 ] => Train  Loss: 1.2087e-03

I 05.31/23:47:47 solver.py:205 ] 
=! Best NMSE: -2.4584e+01 (epoch=120)

I 05.31/23:47:51 solver.py:136 ] Epoch: [125/400][20/400] lr: 1.81e-04 | MSE loss: 1.1358e-03 | time: 0.181
I 05.31/23:47:54 solver.py:136 ] Epoch: [125/400][40/400] lr: 1.81e-04 | MSE loss: 1.1720e-03 | time: 0.171
I 05.31/23:47:57 solver.py:136 ] Epoch: [125/400][60/400] lr: 1.81e-04 | MSE loss: 1.1923e-03 | time: 0.168
I 05.31/23:48:00 solver.py:136 ] Epoch: [125/400][80/400] lr: 1.81e-04 | MSE loss: 1.1910e-03 | time: 0.165
I 05.31/23:48:05 solver.py:136 ] Epoch: [125/400][100/400] lr: 1.81e-04 | MSE loss: 1.1847e-03 | time: 0.183
I 05.31/23:48:09 solver.py:136 ] Epoch: [125/400][120/400] lr: 1.81e-04 | MSE loss: 1.1771e-03 | time: 0.178
I 05.31/23:48:11 solver.py:136 ] Epoch: [125/400][140/400] lr: 1.81e-04 | MSE loss: 1.1842e-03 | time: 0.169
I 05.31/23:48:13 solver.py:136 ] Epoch: [125/400][160/400] lr: 1.81e-04 | MSE loss: 1.1880e-03 | time: 0.162
I 05.31/23:48:16 solver.py:136 ] Epoch: [125/400][180/400] lr: 1.81e-04 | MSE loss: 1.1882e-03 | time: 0.161
I 05.31/23:48:20 solver.py:136 ] Epoch: [125/400][200/400] lr: 1.81e-04 | MSE loss: 1.1843e-03 | time: 0.162
I 05.31/23:48:23 solver.py:136 ] Epoch: [125/400][220/400] lr: 1.80e-04 | MSE loss: 1.1901e-03 | time: 0.162
I 05.31/23:48:26 solver.py:136 ] Epoch: [125/400][240/400] lr: 1.80e-04 | MSE loss: 1.1950e-03 | time: 0.161
I 05.31/23:48:29 solver.py:136 ] Epoch: [125/400][260/400] lr: 1.80e-04 | MSE loss: 1.1971e-03 | time: 0.162
I 05.31/23:48:32 solver.py:136 ] Epoch: [125/400][280/400] lr: 1.80e-04 | MSE loss: 1.1977e-03 | time: 0.161
I 05.31/23:48:35 solver.py:136 ] Epoch: [125/400][300/400] lr: 1.80e-04 | MSE loss: 1.1964e-03 | time: 0.160
I 05.31/23:48:39 solver.py:136 ] Epoch: [125/400][320/400] lr: 1.80e-04 | MSE loss: 1.1949e-03 | time: 0.161
I 05.31/23:48:42 solver.py:136 ] Epoch: [125/400][340/400] lr: 1.80e-04 | MSE loss: 1.1954e-03 | time: 0.161
I 05.31/23:48:46 solver.py:136 ] Epoch: [125/400][360/400] lr: 1.80e-04 | MSE loss: 1.1954e-03 | time: 0.161
I 05.31/23:48:49 solver.py:136 ] Epoch: [125/400][380/400] lr: 1.80e-04 | MSE loss: 1.1976e-03 | time: 0.162
I 05.31/23:48:52 solver.py:136 ] Epoch: [125/400][400/400] lr: 1.80e-04 | MSE loss: 1.2038e-03 | time: 0.163
I 05.31/23:48:52 solver.py:146 ] => Train  Loss: 1.2038e-03

I 05.31/23:48:57 solver.py:205 ] 
=! Best NMSE: -2.4584e+01 (epoch=120)

I 05.31/23:49:01 solver.py:136 ] Epoch: [126/400][20/400] lr: 1.80e-04 | MSE loss: 1.1846e-03 | time: 0.172
I 05.31/23:49:05 solver.py:136 ] Epoch: [126/400][40/400] lr: 1.80e-04 | MSE loss: 1.1853e-03 | time: 0.206
I 05.31/23:49:08 solver.py:136 ] Epoch: [126/400][60/400] lr: 1.80e-04 | MSE loss: 1.1790e-03 | time: 0.190
I 05.31/23:49:11 solver.py:136 ] Epoch: [126/400][80/400] lr: 1.80e-04 | MSE loss: 1.1809e-03 | time: 0.179
I 05.31/23:49:15 solver.py:136 ] Epoch: [126/400][100/400] lr: 1.80e-04 | MSE loss: 1.1761e-03 | time: 0.176
I 05.31/23:49:18 solver.py:136 ] Epoch: [126/400][120/400] lr: 1.80e-04 | MSE loss: 1.1800e-03 | time: 0.174
I 05.31/23:49:21 solver.py:136 ] Epoch: [126/400][140/400] lr: 1.80e-04 | MSE loss: 1.1841e-03 | time: 0.171
I 05.31/23:49:24 solver.py:136 ] Epoch: [126/400][160/400] lr: 1.80e-04 | MSE loss: 1.1872e-03 | time: 0.170
I 05.31/23:49:27 solver.py:136 ] Epoch: [126/400][180/400] lr: 1.80e-04 | MSE loss: 1.1870e-03 | time: 0.169
I 05.31/23:49:31 solver.py:136 ] Epoch: [126/400][200/400] lr: 1.80e-04 | MSE loss: 1.1850e-03 | time: 0.168
I 05.31/23:49:34 solver.py:136 ] Epoch: [126/400][220/400] lr: 1.80e-04 | MSE loss: 1.1853e-03 | time: 0.168
I 05.31/23:49:37 solver.py:136 ] Epoch: [126/400][240/400] lr: 1.80e-04 | MSE loss: 1.1884e-03 | time: 0.166
I 05.31/23:49:40 solver.py:136 ] Epoch: [126/400][260/400] lr: 1.80e-04 | MSE loss: 1.1893e-03 | time: 0.166
I 05.31/23:49:43 solver.py:136 ] Epoch: [126/400][280/400] lr: 1.80e-04 | MSE loss: 1.1910e-03 | time: 0.164
I 05.31/23:49:46 solver.py:136 ] Epoch: [126/400][300/400] lr: 1.80e-04 | MSE loss: 1.1915e-03 | time: 0.164
I 05.31/23:49:50 solver.py:136 ] Epoch: [126/400][320/400] lr: 1.80e-04 | MSE loss: 1.1947e-03 | time: 0.163
I 05.31/23:49:53 solver.py:136 ] Epoch: [126/400][340/400] lr: 1.80e-04 | MSE loss: 1.1970e-03 | time: 0.164
I 05.31/23:49:56 solver.py:136 ] Epoch: [126/400][360/400] lr: 1.80e-04 | MSE loss: 1.1974e-03 | time: 0.163
I 05.31/23:49:59 solver.py:136 ] Epoch: [126/400][380/400] lr: 1.80e-04 | MSE loss: 1.1972e-03 | time: 0.164
I 05.31/23:50:05 solver.py:136 ] Epoch: [126/400][400/400] lr: 1.80e-04 | MSE loss: 1.1963e-03 | time: 0.169
I 05.31/23:50:05 solver.py:146 ] => Train  Loss: 1.1963e-03

I 05.31/23:50:07 solver.py:205 ] 
=! Best NMSE: -2.4584e+01 (epoch=120)

I 05.31/23:50:10 solver.py:136 ] Epoch: [127/400][20/400] lr: 1.80e-04 | MSE loss: 1.1480e-03 | time: 0.162
I 05.31/23:50:13 solver.py:136 ] Epoch: [127/400][40/400] lr: 1.80e-04 | MSE loss: 1.1625e-03 | time: 0.152
I 05.31/23:50:17 solver.py:136 ] Epoch: [127/400][60/400] lr: 1.80e-04 | MSE loss: 1.1773e-03 | time: 0.155
I 05.31/23:50:20 solver.py:136 ] Epoch: [127/400][80/400] lr: 1.80e-04 | MSE loss: 1.1773e-03 | time: 0.161
I 05.31/23:50:23 solver.py:136 ] Epoch: [127/400][100/400] lr: 1.80e-04 | MSE loss: 1.1837e-03 | time: 0.158
I 05.31/23:50:26 solver.py:136 ] Epoch: [127/400][120/400] lr: 1.80e-04 | MSE loss: 1.1840e-03 | time: 0.158
I 05.31/23:50:30 solver.py:136 ] Epoch: [127/400][140/400] lr: 1.80e-04 | MSE loss: 1.1837e-03 | time: 0.159
I 05.31/23:50:33 solver.py:136 ] Epoch: [127/400][160/400] lr: 1.80e-04 | MSE loss: 1.1856e-03 | time: 0.159
I 05.31/23:50:36 solver.py:136 ] Epoch: [127/400][180/400] lr: 1.80e-04 | MSE loss: 1.1850e-03 | time: 0.161
I 05.31/23:50:39 solver.py:136 ] Epoch: [127/400][200/400] lr: 1.80e-04 | MSE loss: 1.1839e-03 | time: 0.160
I 05.31/23:50:43 solver.py:136 ] Epoch: [127/400][220/400] lr: 1.80e-04 | MSE loss: 1.1835e-03 | time: 0.161
I 05.31/23:50:46 solver.py:136 ] Epoch: [127/400][240/400] lr: 1.80e-04 | MSE loss: 1.1860e-03 | time: 0.161
I 05.31/23:50:49 solver.py:136 ] Epoch: [127/400][260/400] lr: 1.80e-04 | MSE loss: 1.1843e-03 | time: 0.160
I 05.31/23:50:52 solver.py:136 ] Epoch: [127/400][280/400] lr: 1.80e-04 | MSE loss: 1.1839e-03 | time: 0.159
I 05.31/23:50:54 solver.py:136 ] Epoch: [127/400][300/400] lr: 1.80e-04 | MSE loss: 1.1850e-03 | time: 0.158
I 05.31/23:50:57 solver.py:136 ] Epoch: [127/400][320/400] lr: 1.79e-04 | MSE loss: 1.1870e-03 | time: 0.157
I 05.31/23:51:01 solver.py:136 ] Epoch: [127/400][340/400] lr: 1.79e-04 | MSE loss: 1.1868e-03 | time: 0.157
I 05.31/23:51:06 solver.py:136 ] Epoch: [127/400][360/400] lr: 1.79e-04 | MSE loss: 1.1861e-03 | time: 0.163
I 05.31/23:51:09 solver.py:136 ] Epoch: [127/400][380/400] lr: 1.79e-04 | MSE loss: 1.1874e-03 | time: 0.163
I 05.31/23:51:12 solver.py:136 ] Epoch: [127/400][400/400] lr: 1.79e-04 | MSE loss: 1.1867e-03 | time: 0.163
I 05.31/23:51:12 solver.py:146 ] => Train  Loss: 1.1867e-03

I 05.31/23:51:18 solver.py:205 ] 
=! Best NMSE: -2.4584e+01 (epoch=120)

I 05.31/23:51:21 solver.py:136 ] Epoch: [128/400][20/400] lr: 1.79e-04 | MSE loss: 1.2131e-03 | time: 0.153
I 05.31/23:51:25 solver.py:136 ] Epoch: [128/400][40/400] lr: 1.79e-04 | MSE loss: 1.2014e-03 | time: 0.160
I 05.31/23:51:28 solver.py:136 ] Epoch: [128/400][60/400] lr: 1.79e-04 | MSE loss: 1.2023e-03 | time: 0.160
I 05.31/23:51:31 solver.py:136 ] Epoch: [128/400][80/400] lr: 1.79e-04 | MSE loss: 1.1837e-03 | time: 0.161
I 05.31/23:51:34 solver.py:136 ] Epoch: [128/400][100/400] lr: 1.79e-04 | MSE loss: 1.1768e-03 | time: 0.163
I 05.31/23:51:37 solver.py:136 ] Epoch: [128/400][120/400] lr: 1.79e-04 | MSE loss: 1.1709e-03 | time: 0.158
I 05.31/23:51:40 solver.py:136 ] Epoch: [128/400][140/400] lr: 1.79e-04 | MSE loss: 1.1674e-03 | time: 0.156
I 05.31/23:51:43 solver.py:136 ] Epoch: [128/400][160/400] lr: 1.79e-04 | MSE loss: 1.1729e-03 | time: 0.155
I 05.31/23:51:46 solver.py:136 ] Epoch: [128/400][180/400] lr: 1.79e-04 | MSE loss: 1.1763e-03 | time: 0.156
I 05.31/23:51:50 solver.py:136 ] Epoch: [128/400][200/400] lr: 1.79e-04 | MSE loss: 1.1777e-03 | time: 0.157
I 05.31/23:51:53 solver.py:136 ] Epoch: [128/400][220/400] lr: 1.79e-04 | MSE loss: 1.1754e-03 | time: 0.158
I 05.31/23:51:56 solver.py:136 ] Epoch: [128/400][240/400] lr: 1.79e-04 | MSE loss: 1.1738e-03 | time: 0.157
I 05.31/23:51:59 solver.py:136 ] Epoch: [128/400][260/400] lr: 1.79e-04 | MSE loss: 1.1739e-03 | time: 0.157
I 05.31/23:52:03 solver.py:136 ] Epoch: [128/400][280/400] lr: 1.79e-04 | MSE loss: 1.1762e-03 | time: 0.160
I 05.31/23:52:07 solver.py:136 ] Epoch: [128/400][300/400] lr: 1.79e-04 | MSE loss: 1.1754e-03 | time: 0.163
I 05.31/23:52:10 solver.py:136 ] Epoch: [128/400][320/400] lr: 1.79e-04 | MSE loss: 1.1757e-03 | time: 0.163
I 05.31/23:52:14 solver.py:136 ] Epoch: [128/400][340/400] lr: 1.79e-04 | MSE loss: 1.1786e-03 | time: 0.163
I 05.31/23:52:17 solver.py:136 ] Epoch: [128/400][360/400] lr: 1.79e-04 | MSE loss: 1.1800e-03 | time: 0.163
I 05.31/23:52:20 solver.py:136 ] Epoch: [128/400][380/400] lr: 1.79e-04 | MSE loss: 1.1807e-03 | time: 0.162
I 05.31/23:52:23 solver.py:136 ] Epoch: [128/400][400/400] lr: 1.79e-04 | MSE loss: 1.1841e-03 | time: 0.161
I 05.31/23:52:23 solver.py:146 ] => Train  Loss: 1.1841e-03

I 05.31/23:52:30 solver.py:205 ] 
=! Best NMSE: -2.4584e+01 (epoch=120)

I 05.31/23:52:33 solver.py:136 ] Epoch: [129/400][20/400] lr: 1.79e-04 | MSE loss: 1.1700e-03 | time: 0.177
I 05.31/23:52:36 solver.py:136 ] Epoch: [129/400][40/400] lr: 1.79e-04 | MSE loss: 1.1754e-03 | time: 0.166
I 05.31/23:52:40 solver.py:136 ] Epoch: [129/400][60/400] lr: 1.79e-04 | MSE loss: 1.1709e-03 | time: 0.164
I 05.31/23:52:43 solver.py:136 ] Epoch: [129/400][80/400] lr: 1.79e-04 | MSE loss: 1.1719e-03 | time: 0.163
I 05.31/23:52:46 solver.py:136 ] Epoch: [129/400][100/400] lr: 1.79e-04 | MSE loss: 1.1734e-03 | time: 0.165
I 05.31/23:52:49 solver.py:136 ] Epoch: [129/400][120/400] lr: 1.79e-04 | MSE loss: 1.1706e-03 | time: 0.165
I 05.31/23:52:53 solver.py:136 ] Epoch: [129/400][140/400] lr: 1.79e-04 | MSE loss: 1.1685e-03 | time: 0.166
I 05.31/23:52:56 solver.py:136 ] Epoch: [129/400][160/400] lr: 1.79e-04 | MSE loss: 1.1647e-03 | time: 0.166
I 05.31/23:52:59 solver.py:136 ] Epoch: [129/400][180/400] lr: 1.79e-04 | MSE loss: 1.1666e-03 | time: 0.164
I 05.31/23:53:05 solver.py:136 ] Epoch: [129/400][200/400] lr: 1.79e-04 | MSE loss: 1.1650e-03 | time: 0.177
I 05.31/23:53:08 solver.py:136 ] Epoch: [129/400][220/400] lr: 1.79e-04 | MSE loss: 1.1630e-03 | time: 0.174
I 05.31/23:53:11 solver.py:136 ] Epoch: [129/400][240/400] lr: 1.79e-04 | MSE loss: 1.1667e-03 | time: 0.172
I 05.31/23:53:14 solver.py:136 ] Epoch: [129/400][260/400] lr: 1.79e-04 | MSE loss: 1.1697e-03 | time: 0.171
I 05.31/23:53:17 solver.py:136 ] Epoch: [129/400][280/400] lr: 1.79e-04 | MSE loss: 1.1712e-03 | time: 0.170
I 05.31/23:53:21 solver.py:136 ] Epoch: [129/400][300/400] lr: 1.79e-04 | MSE loss: 1.1728e-03 | time: 0.170
I 05.31/23:53:24 solver.py:136 ] Epoch: [129/400][320/400] lr: 1.79e-04 | MSE loss: 1.1716e-03 | time: 0.169
I 05.31/23:53:27 solver.py:136 ] Epoch: [129/400][340/400] lr: 1.79e-04 | MSE loss: 1.1730e-03 | time: 0.169
I 05.31/23:53:31 solver.py:136 ] Epoch: [129/400][360/400] lr: 1.79e-04 | MSE loss: 1.1728e-03 | time: 0.169
I 05.31/23:53:34 solver.py:136 ] Epoch: [129/400][380/400] lr: 1.79e-04 | MSE loss: 1.1736e-03 | time: 0.170
I 05.31/23:53:38 solver.py:136 ] Epoch: [129/400][400/400] lr: 1.78e-04 | MSE loss: 1.1774e-03 | time: 0.170
I 05.31/23:53:38 solver.py:146 ] => Train  Loss: 1.1774e-03

I 05.31/23:53:44 solver.py:205 ] 
=! Best NMSE: -2.4584e+01 (epoch=120)

I 05.31/23:53:47 solver.py:136 ] Epoch: [130/400][20/400] lr: 1.78e-04 | MSE loss: 1.1284e-03 | time: 0.142
I 05.31/23:53:50 solver.py:136 ] Epoch: [130/400][40/400] lr: 1.78e-04 | MSE loss: 1.1431e-03 | time: 0.143
I 05.31/23:53:53 solver.py:136 ] Epoch: [130/400][60/400] lr: 1.78e-04 | MSE loss: 1.1791e-03 | time: 0.145
I 05.31/23:53:56 solver.py:136 ] Epoch: [130/400][80/400] lr: 1.78e-04 | MSE loss: 1.1763e-03 | time: 0.151
I 05.31/23:54:00 solver.py:136 ] Epoch: [130/400][100/400] lr: 1.78e-04 | MSE loss: 1.1708e-03 | time: 0.155
I 05.31/23:54:05 solver.py:136 ] Epoch: [130/400][120/400] lr: 1.78e-04 | MSE loss: 1.1724e-03 | time: 0.176
I 05.31/23:54:09 solver.py:136 ] Epoch: [130/400][140/400] lr: 1.78e-04 | MSE loss: 1.1692e-03 | time: 0.177
I 05.31/23:54:12 solver.py:136 ] Epoch: [130/400][160/400] lr: 1.78e-04 | MSE loss: 1.1625e-03 | time: 0.173
I 05.31/23:54:15 solver.py:136 ] Epoch: [130/400][180/400] lr: 1.78e-04 | MSE loss: 1.1671e-03 | time: 0.170
I 05.31/23:54:18 solver.py:136 ] Epoch: [130/400][200/400] lr: 1.78e-04 | MSE loss: 1.1703e-03 | time: 0.168
I 05.31/23:54:21 solver.py:136 ] Epoch: [130/400][220/400] lr: 1.78e-04 | MSE loss: 1.1712e-03 | time: 0.166
I 05.31/23:54:24 solver.py:136 ] Epoch: [130/400][240/400] lr: 1.78e-04 | MSE loss: 1.1679e-03 | time: 0.167
I 05.31/23:54:28 solver.py:136 ] Epoch: [130/400][260/400] lr: 1.78e-04 | MSE loss: 1.1702e-03 | time: 0.167
I 05.31/23:54:31 solver.py:136 ] Epoch: [130/400][280/400] lr: 1.78e-04 | MSE loss: 1.1736e-03 | time: 0.167
I 05.31/23:54:34 solver.py:136 ] Epoch: [130/400][300/400] lr: 1.78e-04 | MSE loss: 1.1713e-03 | time: 0.167
I 05.31/23:54:37 solver.py:136 ] Epoch: [130/400][320/400] lr: 1.78e-04 | MSE loss: 1.1709e-03 | time: 0.166
I 05.31/23:54:41 solver.py:136 ] Epoch: [130/400][340/400] lr: 1.78e-04 | MSE loss: 1.1716e-03 | time: 0.166
I 05.31/23:54:44 solver.py:136 ] Epoch: [130/400][360/400] lr: 1.78e-04 | MSE loss: 1.1714e-03 | time: 0.166
I 05.31/23:54:47 solver.py:136 ] Epoch: [130/400][380/400] lr: 1.78e-04 | MSE loss: 1.1722e-03 | time: 0.166
I 05.31/23:54:50 solver.py:136 ] Epoch: [130/400][400/400] lr: 1.78e-04 | MSE loss: 1.1729e-03 | time: 0.165
I 05.31/23:54:50 solver.py:146 ] => Train  Loss: 1.1729e-03

I 05.31/23:54:53 solver.py:136 ] Epoch: [130/400][20/50] lr: 1.78e-04 | MSE loss: 1.6799e-03 | time: 0.146
I 05.31/23:54:56 solver.py:136 ] Epoch: [130/400][40/50] lr: 1.78e-04 | MSE loss: 1.7102e-03 | time: 0.133
I 05.31/23:54:57 solver.py:146 ] => Val  Loss: 1.6927e-03

I 05.31/23:54:59 solver.py:287 ] [20/50] loss: 1.7275e-03 | NMSE: -2.4635e+01 | time: 0.119
I 05.31/23:55:03 solver.py:287 ] [40/50] loss: 1.7327e-03 | NMSE: -2.4635e+01 | time: 0.166
I 05.31/23:55:05 solver.py:291 ] => Test NMSE: -2.4636e+01

I 05.31/23:55:14 solver.py:205 ] 
=! Best NMSE: -2.4636e+01 (epoch=130)

I 05.31/23:55:17 solver.py:136 ] Epoch: [131/400][20/400] lr: 1.78e-04 | MSE loss: 1.1823e-03 | time: 0.166
I 05.31/23:55:20 solver.py:136 ] Epoch: [131/400][40/400] lr: 1.78e-04 | MSE loss: 1.1684e-03 | time: 0.155
I 05.31/23:55:23 solver.py:136 ] Epoch: [131/400][60/400] lr: 1.78e-04 | MSE loss: 1.1570e-03 | time: 0.160
I 05.31/23:55:27 solver.py:136 ] Epoch: [131/400][80/400] lr: 1.78e-04 | MSE loss: 1.1575e-03 | time: 0.162
I 05.31/23:55:30 solver.py:136 ] Epoch: [131/400][100/400] lr: 1.78e-04 | MSE loss: 1.1590e-03 | time: 0.165
I 05.31/23:55:33 solver.py:136 ] Epoch: [131/400][120/400] lr: 1.78e-04 | MSE loss: 1.1617e-03 | time: 0.165
I 05.31/23:55:37 solver.py:136 ] Epoch: [131/400][140/400] lr: 1.78e-04 | MSE loss: 1.1647e-03 | time: 0.165
I 05.31/23:55:40 solver.py:136 ] Epoch: [131/400][160/400] lr: 1.78e-04 | MSE loss: 1.1588e-03 | time: 0.166
I 05.31/23:55:43 solver.py:136 ] Epoch: [131/400][180/400] lr: 1.78e-04 | MSE loss: 1.1588e-03 | time: 0.164
I 05.31/23:55:47 solver.py:136 ] Epoch: [131/400][200/400] lr: 1.78e-04 | MSE loss: 1.1523e-03 | time: 0.163
I 05.31/23:55:50 solver.py:136 ] Epoch: [131/400][220/400] lr: 1.78e-04 | MSE loss: 1.1488e-03 | time: 0.164
I 05.31/23:55:53 solver.py:136 ] Epoch: [131/400][240/400] lr: 1.78e-04 | MSE loss: 1.1503e-03 | time: 0.164
I 05.31/23:55:56 solver.py:136 ] Epoch: [131/400][260/400] lr: 1.78e-04 | MSE loss: 1.1512e-03 | time: 0.165
I 05.31/23:56:00 solver.py:136 ] Epoch: [131/400][280/400] lr: 1.78e-04 | MSE loss: 1.1498e-03 | time: 0.164
I 05.31/23:56:05 solver.py:136 ] Epoch: [131/400][300/400] lr: 1.78e-04 | MSE loss: 1.1507e-03 | time: 0.170
I 05.31/23:56:08 solver.py:136 ] Epoch: [131/400][320/400] lr: 1.78e-04 | MSE loss: 1.1508e-03 | time: 0.169
I 05.31/23:56:11 solver.py:136 ] Epoch: [131/400][340/400] lr: 1.78e-04 | MSE loss: 1.1531e-03 | time: 0.168
I 05.31/23:56:14 solver.py:136 ] Epoch: [131/400][360/400] lr: 1.78e-04 | MSE loss: 1.1549e-03 | time: 0.168
I 05.31/23:56:17 solver.py:136 ] Epoch: [131/400][380/400] lr: 1.78e-04 | MSE loss: 1.1542e-03 | time: 0.167
I 05.31/23:56:20 solver.py:136 ] Epoch: [131/400][400/400] lr: 1.78e-04 | MSE loss: 1.1537e-03 | time: 0.166
I 05.31/23:56:20 solver.py:146 ] => Train  Loss: 1.1537e-03

I 05.31/23:56:26 solver.py:205 ] 
=! Best NMSE: -2.4636e+01 (epoch=130)

I 05.31/23:56:29 solver.py:136 ] Epoch: [132/400][20/400] lr: 1.78e-04 | MSE loss: 1.0927e-03 | time: 0.163
I 05.31/23:56:33 solver.py:136 ] Epoch: [132/400][40/400] lr: 1.78e-04 | MSE loss: 1.1154e-03 | time: 0.166
I 05.31/23:56:36 solver.py:136 ] Epoch: [132/400][60/400] lr: 1.77e-04 | MSE loss: 1.1343e-03 | time: 0.170
I 05.31/23:56:40 solver.py:136 ] Epoch: [132/400][80/400] lr: 1.77e-04 | MSE loss: 1.1466e-03 | time: 0.171
I 05.31/23:56:43 solver.py:136 ] Epoch: [132/400][100/400] lr: 1.77e-04 | MSE loss: 1.1505e-03 | time: 0.169
I 05.31/23:56:46 solver.py:136 ] Epoch: [132/400][120/400] lr: 1.77e-04 | MSE loss: 1.1598e-03 | time: 0.168
I 05.31/23:56:49 solver.py:136 ] Epoch: [132/400][140/400] lr: 1.77e-04 | MSE loss: 1.1622e-03 | time: 0.165
I 05.31/23:56:52 solver.py:136 ] Epoch: [132/400][160/400] lr: 1.77e-04 | MSE loss: 1.1629e-03 | time: 0.163
I 05.31/23:56:55 solver.py:136 ] Epoch: [132/400][180/400] lr: 1.77e-04 | MSE loss: 1.1621e-03 | time: 0.164
I 05.31/23:56:59 solver.py:136 ] Epoch: [132/400][200/400] lr: 1.77e-04 | MSE loss: 1.1562e-03 | time: 0.164
I 05.31/23:57:04 solver.py:136 ] Epoch: [132/400][220/400] lr: 1.77e-04 | MSE loss: 1.1574e-03 | time: 0.172
I 05.31/23:57:07 solver.py:136 ] Epoch: [132/400][240/400] lr: 1.77e-04 | MSE loss: 1.1557e-03 | time: 0.171
I 05.31/23:57:11 solver.py:136 ] Epoch: [132/400][260/400] lr: 1.77e-04 | MSE loss: 1.1529e-03 | time: 0.170
I 05.31/23:57:14 solver.py:136 ] Epoch: [132/400][280/400] lr: 1.77e-04 | MSE loss: 1.1512e-03 | time: 0.170
I 05.31/23:57:17 solver.py:136 ] Epoch: [132/400][300/400] lr: 1.77e-04 | MSE loss: 1.1494e-03 | time: 0.169
I 05.31/23:57:20 solver.py:136 ] Epoch: [132/400][320/400] lr: 1.77e-04 | MSE loss: 1.1474e-03 | time: 0.169
I 05.31/23:57:23 solver.py:136 ] Epoch: [132/400][340/400] lr: 1.77e-04 | MSE loss: 1.1484e-03 | time: 0.169
I 05.31/23:57:26 solver.py:136 ] Epoch: [132/400][360/400] lr: 1.77e-04 | MSE loss: 1.1513e-03 | time: 0.167
I 05.31/23:57:29 solver.py:136 ] Epoch: [132/400][380/400] lr: 1.77e-04 | MSE loss: 1.1526e-03 | time: 0.165
I 05.31/23:57:31 solver.py:136 ] Epoch: [132/400][400/400] lr: 1.77e-04 | MSE loss: 1.1533e-03 | time: 0.163
I 05.31/23:57:31 solver.py:146 ] => Train  Loss: 1.1533e-03

I 05.31/23:57:35 solver.py:205 ] 
=! Best NMSE: -2.4636e+01 (epoch=130)

I 05.31/23:57:38 solver.py:136 ] Epoch: [133/400][20/400] lr: 1.77e-04 | MSE loss: 1.0928e-03 | time: 0.162
I 05.31/23:57:41 solver.py:136 ] Epoch: [133/400][40/400] lr: 1.77e-04 | MSE loss: 1.1121e-03 | time: 0.161
I 05.31/23:57:44 solver.py:136 ] Epoch: [133/400][60/400] lr: 1.77e-04 | MSE loss: 1.1206e-03 | time: 0.164
I 05.31/23:57:48 solver.py:136 ] Epoch: [133/400][80/400] lr: 1.77e-04 | MSE loss: 1.1238e-03 | time: 0.167
I 05.31/23:57:50 solver.py:136 ] Epoch: [133/400][100/400] lr: 1.77e-04 | MSE loss: 1.1179e-03 | time: 0.159
I 05.31/23:57:53 solver.py:136 ] Epoch: [133/400][120/400] lr: 1.77e-04 | MSE loss: 1.1199e-03 | time: 0.154
I 05.31/23:57:56 solver.py:136 ] Epoch: [133/400][140/400] lr: 1.77e-04 | MSE loss: 1.1218e-03 | time: 0.154
I 05.31/23:58:00 solver.py:136 ] Epoch: [133/400][160/400] lr: 1.77e-04 | MSE loss: 1.1262e-03 | time: 0.156
I 05.31/23:58:05 solver.py:136 ] Epoch: [133/400][180/400] lr: 1.77e-04 | MSE loss: 1.1296e-03 | time: 0.168
I 05.31/23:58:08 solver.py:136 ] Epoch: [133/400][200/400] lr: 1.77e-04 | MSE loss: 1.1346e-03 | time: 0.169
I 05.31/23:58:12 solver.py:136 ] Epoch: [133/400][220/400] lr: 1.77e-04 | MSE loss: 1.1381e-03 | time: 0.168
I 05.31/23:58:15 solver.py:136 ] Epoch: [133/400][240/400] lr: 1.77e-04 | MSE loss: 1.1388e-03 | time: 0.167
I 05.31/23:58:19 solver.py:136 ] Epoch: [133/400][260/400] lr: 1.77e-04 | MSE loss: 1.1389e-03 | time: 0.168
I 05.31/23:58:22 solver.py:136 ] Epoch: [133/400][280/400] lr: 1.77e-04 | MSE loss: 1.1403e-03 | time: 0.168
I 05.31/23:58:25 solver.py:136 ] Epoch: [133/400][300/400] lr: 1.77e-04 | MSE loss: 1.1449e-03 | time: 0.168
I 05.31/23:58:28 solver.py:136 ] Epoch: [133/400][320/400] lr: 1.77e-04 | MSE loss: 1.1500e-03 | time: 0.167
I 05.31/23:58:32 solver.py:136 ] Epoch: [133/400][340/400] lr: 1.77e-04 | MSE loss: 1.1519e-03 | time: 0.167
I 05.31/23:58:35 solver.py:136 ] Epoch: [133/400][360/400] lr: 1.77e-04 | MSE loss: 1.1542e-03 | time: 0.167
I 05.31/23:58:38 solver.py:136 ] Epoch: [133/400][380/400] lr: 1.77e-04 | MSE loss: 1.1536e-03 | time: 0.167
I 05.31/23:58:41 solver.py:136 ] Epoch: [133/400][400/400] lr: 1.77e-04 | MSE loss: 1.1522e-03 | time: 0.167
I 05.31/23:58:41 solver.py:146 ] => Train  Loss: 1.1522e-03

I 05.31/23:58:46 solver.py:205 ] 
=! Best NMSE: -2.4636e+01 (epoch=130)

I 05.31/23:58:49 solver.py:136 ] Epoch: [134/400][20/400] lr: 1.77e-04 | MSE loss: 1.0957e-03 | time: 0.155
I 05.31/23:58:53 solver.py:136 ] Epoch: [134/400][40/400] lr: 1.77e-04 | MSE loss: 1.0977e-03 | time: 0.162
I 05.31/23:58:56 solver.py:136 ] Epoch: [134/400][60/400] lr: 1.77e-04 | MSE loss: 1.1010e-03 | time: 0.164
I 05.31/23:58:59 solver.py:136 ] Epoch: [134/400][80/400] lr: 1.77e-04 | MSE loss: 1.1004e-03 | time: 0.160
I 05.31/23:59:04 solver.py:136 ] Epoch: [134/400][100/400] lr: 1.77e-04 | MSE loss: 1.1017e-03 | time: 0.181
I 05.31/23:59:08 solver.py:136 ] Epoch: [134/400][120/400] lr: 1.76e-04 | MSE loss: 1.1079e-03 | time: 0.178
I 05.31/23:59:11 solver.py:136 ] Epoch: [134/400][140/400] lr: 1.76e-04 | MSE loss: 1.1114e-03 | time: 0.175
I 05.31/23:59:14 solver.py:136 ] Epoch: [134/400][160/400] lr: 1.76e-04 | MSE loss: 1.1092e-03 | time: 0.175
I 05.31/23:59:18 solver.py:136 ] Epoch: [134/400][180/400] lr: 1.76e-04 | MSE loss: 1.1137e-03 | time: 0.173
I 05.31/23:59:21 solver.py:136 ] Epoch: [134/400][200/400] lr: 1.76e-04 | MSE loss: 1.1149e-03 | time: 0.171
I 05.31/23:59:24 solver.py:136 ] Epoch: [134/400][220/400] lr: 1.76e-04 | MSE loss: 1.1185e-03 | time: 0.171
I 05.31/23:59:27 solver.py:136 ] Epoch: [134/400][240/400] lr: 1.76e-04 | MSE loss: 1.1179e-03 | time: 0.170
I 05.31/23:59:31 solver.py:136 ] Epoch: [134/400][260/400] lr: 1.76e-04 | MSE loss: 1.1194e-03 | time: 0.170
I 05.31/23:59:34 solver.py:136 ] Epoch: [134/400][280/400] lr: 1.76e-04 | MSE loss: 1.1213e-03 | time: 0.170
I 05.31/23:59:37 solver.py:136 ] Epoch: [134/400][300/400] lr: 1.76e-04 | MSE loss: 1.1205e-03 | time: 0.168
I 05.31/23:59:39 solver.py:136 ] Epoch: [134/400][320/400] lr: 1.76e-04 | MSE loss: 1.1199e-03 | time: 0.166
I 05.31/23:59:43 solver.py:136 ] Epoch: [134/400][340/400] lr: 1.76e-04 | MSE loss: 1.1184e-03 | time: 0.166
I 05.31/23:59:46 solver.py:136 ] Epoch: [134/400][360/400] lr: 1.76e-04 | MSE loss: 1.1188e-03 | time: 0.166
I 05.31/23:59:49 solver.py:136 ] Epoch: [134/400][380/400] lr: 1.76e-04 | MSE loss: 1.1195e-03 | time: 0.165
I 05.31/23:59:52 solver.py:136 ] Epoch: [134/400][400/400] lr: 1.76e-04 | MSE loss: 1.1217e-03 | time: 0.164
I 05.31/23:59:52 solver.py:146 ] => Train  Loss: 1.1217e-03

I 05.31/23:59:57 solver.py:205 ] 
=! Best NMSE: -2.4636e+01 (epoch=130)

I 06.01/00:00:01 solver.py:136 ] Epoch: [135/400][20/400] lr: 1.76e-04 | MSE loss: 1.1036e-03 | time: 0.206
I 06.01/00:00:06 solver.py:136 ] Epoch: [135/400][40/400] lr: 1.76e-04 | MSE loss: 1.0995e-03 | time: 0.232
I 06.01/00:00:10 solver.py:136 ] Epoch: [135/400][60/400] lr: 1.76e-04 | MSE loss: 1.0997e-03 | time: 0.210
I 06.01/00:00:13 solver.py:136 ] Epoch: [135/400][80/400] lr: 1.76e-04 | MSE loss: 1.1123e-03 | time: 0.202
I 06.01/00:00:17 solver.py:136 ] Epoch: [135/400][100/400] lr: 1.76e-04 | MSE loss: 1.1109e-03 | time: 0.196
I 06.01/00:00:20 solver.py:136 ] Epoch: [135/400][120/400] lr: 1.76e-04 | MSE loss: 1.1149e-03 | time: 0.193
I 06.01/00:00:23 solver.py:136 ] Epoch: [135/400][140/400] lr: 1.76e-04 | MSE loss: 1.1139e-03 | time: 0.189
I 06.01/00:00:26 solver.py:136 ] Epoch: [135/400][160/400] lr: 1.76e-04 | MSE loss: 1.1119e-03 | time: 0.182
I 06.01/00:00:29 solver.py:136 ] Epoch: [135/400][180/400] lr: 1.76e-04 | MSE loss: 1.1161e-03 | time: 0.177
I 06.01/00:00:32 solver.py:136 ] Epoch: [135/400][200/400] lr: 1.76e-04 | MSE loss: 1.1174e-03 | time: 0.175
I 06.01/00:00:35 solver.py:136 ] Epoch: [135/400][220/400] lr: 1.76e-04 | MSE loss: 1.1219e-03 | time: 0.173
I 06.01/00:00:38 solver.py:136 ] Epoch: [135/400][240/400] lr: 1.76e-04 | MSE loss: 1.1196e-03 | time: 0.172
I 06.01/00:00:41 solver.py:136 ] Epoch: [135/400][260/400] lr: 1.76e-04 | MSE loss: 1.1213e-03 | time: 0.171
I 06.01/00:00:45 solver.py:136 ] Epoch: [135/400][280/400] lr: 1.76e-04 | MSE loss: 1.1196e-03 | time: 0.170
I 06.01/00:00:48 solver.py:136 ] Epoch: [135/400][300/400] lr: 1.76e-04 | MSE loss: 1.1225e-03 | time: 0.170
I 06.01/00:00:52 solver.py:136 ] Epoch: [135/400][320/400] lr: 1.76e-04 | MSE loss: 1.1226e-03 | time: 0.170
I 06.01/00:00:55 solver.py:136 ] Epoch: [135/400][340/400] lr: 1.76e-04 | MSE loss: 1.1213e-03 | time: 0.170
I 06.01/00:00:58 solver.py:136 ] Epoch: [135/400][360/400] lr: 1.76e-04 | MSE loss: 1.1220e-03 | time: 0.169
I 06.01/00:01:02 solver.py:136 ] Epoch: [135/400][380/400] lr: 1.76e-04 | MSE loss: 1.1268e-03 | time: 0.171
I 06.01/00:01:06 solver.py:136 ] Epoch: [135/400][400/400] lr: 1.76e-04 | MSE loss: 1.1292e-03 | time: 0.173
I 06.01/00:01:06 solver.py:146 ] => Train  Loss: 1.1292e-03

I 06.01/00:01:10 solver.py:205 ] 
=! Best NMSE: -2.4636e+01 (epoch=130)

I 06.01/00:01:13 solver.py:136 ] Epoch: [136/400][20/400] lr: 1.76e-04 | MSE loss: 1.1257e-03 | time: 0.165
I 06.01/00:01:16 solver.py:136 ] Epoch: [136/400][40/400] lr: 1.76e-04 | MSE loss: 1.0956e-03 | time: 0.152
I 06.01/00:01:19 solver.py:136 ] Epoch: [136/400][60/400] lr: 1.76e-04 | MSE loss: 1.0908e-03 | time: 0.145
I 06.01/00:01:22 solver.py:136 ] Epoch: [136/400][80/400] lr: 1.76e-04 | MSE loss: 1.0906e-03 | time: 0.148
I 06.01/00:01:25 solver.py:136 ] Epoch: [136/400][100/400] lr: 1.76e-04 | MSE loss: 1.0945e-03 | time: 0.152
I 06.01/00:01:29 solver.py:136 ] Epoch: [136/400][120/400] lr: 1.76e-04 | MSE loss: 1.1027e-03 | time: 0.155
I 06.01/00:01:31 solver.py:136 ] Epoch: [136/400][140/400] lr: 1.76e-04 | MSE loss: 1.1080e-03 | time: 0.154
I 06.01/00:01:34 solver.py:136 ] Epoch: [136/400][160/400] lr: 1.75e-04 | MSE loss: 1.1023e-03 | time: 0.152
I 06.01/00:01:37 solver.py:136 ] Epoch: [136/400][180/400] lr: 1.75e-04 | MSE loss: 1.1019e-03 | time: 0.151
I 06.01/00:01:41 solver.py:136 ] Epoch: [136/400][200/400] lr: 1.75e-04 | MSE loss: 1.1018e-03 | time: 0.154
I 06.01/00:01:44 solver.py:136 ] Epoch: [136/400][220/400] lr: 1.75e-04 | MSE loss: 1.1026e-03 | time: 0.154
I 06.01/00:01:47 solver.py:136 ] Epoch: [136/400][240/400] lr: 1.75e-04 | MSE loss: 1.1024e-03 | time: 0.154
I 06.01/00:01:50 solver.py:136 ] Epoch: [136/400][260/400] lr: 1.75e-04 | MSE loss: 1.1011e-03 | time: 0.154
I 06.01/00:01:54 solver.py:136 ] Epoch: [136/400][280/400] lr: 1.75e-04 | MSE loss: 1.1033e-03 | time: 0.155
I 06.01/00:01:57 solver.py:136 ] Epoch: [136/400][300/400] lr: 1.75e-04 | MSE loss: 1.1037e-03 | time: 0.156
I 06.01/00:02:00 solver.py:136 ] Epoch: [136/400][320/400] lr: 1.75e-04 | MSE loss: 1.1080e-03 | time: 0.157
I 06.01/00:02:05 solver.py:136 ] Epoch: [136/400][340/400] lr: 1.75e-04 | MSE loss: 1.1097e-03 | time: 0.162
I 06.01/00:02:07 solver.py:136 ] Epoch: [136/400][360/400] lr: 1.75e-04 | MSE loss: 1.1099e-03 | time: 0.160
I 06.01/00:02:10 solver.py:136 ] Epoch: [136/400][380/400] lr: 1.75e-04 | MSE loss: 1.1127e-03 | time: 0.158
I 06.01/00:02:13 solver.py:136 ] Epoch: [136/400][400/400] lr: 1.75e-04 | MSE loss: 1.1158e-03 | time: 0.158
I 06.01/00:02:13 solver.py:146 ] => Train  Loss: 1.1158e-03

I 06.01/00:02:19 solver.py:205 ] 
=! Best NMSE: -2.4636e+01 (epoch=130)

I 06.01/00:02:22 solver.py:136 ] Epoch: [137/400][20/400] lr: 1.75e-04 | MSE loss: 1.0971e-03 | time: 0.154
I 06.01/00:02:25 solver.py:136 ] Epoch: [137/400][40/400] lr: 1.75e-04 | MSE loss: 1.1004e-03 | time: 0.147
I 06.01/00:02:28 solver.py:136 ] Epoch: [137/400][60/400] lr: 1.75e-04 | MSE loss: 1.0928e-03 | time: 0.148
I 06.01/00:02:31 solver.py:136 ] Epoch: [137/400][80/400] lr: 1.75e-04 | MSE loss: 1.0958e-03 | time: 0.152
I 06.01/00:02:35 solver.py:136 ] Epoch: [137/400][100/400] lr: 1.75e-04 | MSE loss: 1.0933e-03 | time: 0.156
I 06.01/00:02:38 solver.py:136 ] Epoch: [137/400][120/400] lr: 1.75e-04 | MSE loss: 1.0868e-03 | time: 0.156
I 06.01/00:02:41 solver.py:136 ] Epoch: [137/400][140/400] lr: 1.75e-04 | MSE loss: 1.0874e-03 | time: 0.155
I 06.01/00:02:44 solver.py:136 ] Epoch: [137/400][160/400] lr: 1.75e-04 | MSE loss: 1.0913e-03 | time: 0.157
I 06.01/00:02:47 solver.py:136 ] Epoch: [137/400][180/400] lr: 1.75e-04 | MSE loss: 1.0921e-03 | time: 0.153
I 06.01/00:02:50 solver.py:136 ] Epoch: [137/400][200/400] lr: 1.75e-04 | MSE loss: 1.0987e-03 | time: 0.155
I 06.01/00:02:53 solver.py:136 ] Epoch: [137/400][220/400] lr: 1.75e-04 | MSE loss: 1.1020e-03 | time: 0.155
I 06.01/00:02:56 solver.py:136 ] Epoch: [137/400][240/400] lr: 1.75e-04 | MSE loss: 1.1052e-03 | time: 0.155
I 06.01/00:02:59 solver.py:136 ] Epoch: [137/400][260/400] lr: 1.75e-04 | MSE loss: 1.1075e-03 | time: 0.155
I 06.01/00:03:05 solver.py:136 ] Epoch: [137/400][280/400] lr: 1.75e-04 | MSE loss: 1.1065e-03 | time: 0.164
I 06.01/00:03:08 solver.py:136 ] Epoch: [137/400][300/400] lr: 1.75e-04 | MSE loss: 1.1051e-03 | time: 0.163
I 06.01/00:03:11 solver.py:136 ] Epoch: [137/400][320/400] lr: 1.75e-04 | MSE loss: 1.1041e-03 | time: 0.163
I 06.01/00:03:15 solver.py:136 ] Epoch: [137/400][340/400] lr: 1.75e-04 | MSE loss: 1.1029e-03 | time: 0.164
I 06.01/00:03:18 solver.py:136 ] Epoch: [137/400][360/400] lr: 1.75e-04 | MSE loss: 1.1023e-03 | time: 0.164
I 06.01/00:03:22 solver.py:136 ] Epoch: [137/400][380/400] lr: 1.75e-04 | MSE loss: 1.1013e-03 | time: 0.165
I 06.01/00:03:25 solver.py:136 ] Epoch: [137/400][400/400] lr: 1.75e-04 | MSE loss: 1.1015e-03 | time: 0.165
I 06.01/00:03:25 solver.py:146 ] => Train  Loss: 1.1015e-03

I 06.01/00:03:29 solver.py:205 ] 
=! Best NMSE: -2.4636e+01 (epoch=130)

I 06.01/00:03:32 solver.py:136 ] Epoch: [138/400][20/400] lr: 1.75e-04 | MSE loss: 1.0285e-03 | time: 0.163
I 06.01/00:03:36 solver.py:136 ] Epoch: [138/400][40/400] lr: 1.75e-04 | MSE loss: 1.0297e-03 | time: 0.164
I 06.01/00:03:39 solver.py:136 ] Epoch: [138/400][60/400] lr: 1.75e-04 | MSE loss: 1.0380e-03 | time: 0.170
I 06.01/00:03:42 solver.py:136 ] Epoch: [138/400][80/400] lr: 1.75e-04 | MSE loss: 1.0523e-03 | time: 0.170
I 06.01/00:03:45 solver.py:136 ] Epoch: [138/400][100/400] lr: 1.75e-04 | MSE loss: 1.0594e-03 | time: 0.167
I 06.01/00:03:48 solver.py:136 ] Epoch: [138/400][120/400] lr: 1.75e-04 | MSE loss: 1.0611e-03 | time: 0.163
I 06.01/00:03:51 solver.py:136 ] Epoch: [138/400][140/400] lr: 1.75e-04 | MSE loss: 1.0591e-03 | time: 0.160
I 06.01/00:03:55 solver.py:136 ] Epoch: [138/400][160/400] lr: 1.75e-04 | MSE loss: 1.0620e-03 | time: 0.160
I 06.01/00:03:57 solver.py:136 ] Epoch: [138/400][180/400] lr: 1.74e-04 | MSE loss: 1.0599e-03 | time: 0.159
I 06.01/00:04:00 solver.py:136 ] Epoch: [138/400][200/400] lr: 1.74e-04 | MSE loss: 1.0624e-03 | time: 0.154
I 06.01/00:04:04 solver.py:136 ] Epoch: [138/400][220/400] lr: 1.74e-04 | MSE loss: 1.0638e-03 | time: 0.160
I 06.01/00:04:07 solver.py:136 ] Epoch: [138/400][240/400] lr: 1.74e-04 | MSE loss: 1.0657e-03 | time: 0.160
I 06.01/00:04:11 solver.py:136 ] Epoch: [138/400][260/400] lr: 1.74e-04 | MSE loss: 1.0679e-03 | time: 0.161
I 06.01/00:04:14 solver.py:136 ] Epoch: [138/400][280/400] lr: 1.74e-04 | MSE loss: 1.0699e-03 | time: 0.160
I 06.01/00:04:17 solver.py:136 ] Epoch: [138/400][300/400] lr: 1.74e-04 | MSE loss: 1.0716e-03 | time: 0.161
I 06.01/00:04:21 solver.py:136 ] Epoch: [138/400][320/400] lr: 1.74e-04 | MSE loss: 1.0730e-03 | time: 0.162
I 06.01/00:04:24 solver.py:136 ] Epoch: [138/400][340/400] lr: 1.74e-04 | MSE loss: 1.0761e-03 | time: 0.162
I 06.01/00:04:27 solver.py:136 ] Epoch: [138/400][360/400] lr: 1.74e-04 | MSE loss: 1.0772e-03 | time: 0.163
I 06.01/00:04:31 solver.py:136 ] Epoch: [138/400][380/400] lr: 1.74e-04 | MSE loss: 1.0772e-03 | time: 0.163
I 06.01/00:04:34 solver.py:136 ] Epoch: [138/400][400/400] lr: 1.74e-04 | MSE loss: 1.0796e-03 | time: 0.162
I 06.01/00:04:34 solver.py:146 ] => Train  Loss: 1.0796e-03

I 06.01/00:04:41 solver.py:205 ] 
=! Best NMSE: -2.4636e+01 (epoch=130)

I 06.01/00:04:44 solver.py:136 ] Epoch: [139/400][20/400] lr: 1.74e-04 | MSE loss: 1.0600e-03 | time: 0.166
I 06.01/00:04:47 solver.py:136 ] Epoch: [139/400][40/400] lr: 1.74e-04 | MSE loss: 1.0536e-03 | time: 0.156
I 06.01/00:04:50 solver.py:136 ] Epoch: [139/400][60/400] lr: 1.74e-04 | MSE loss: 1.0553e-03 | time: 0.160
I 06.01/00:04:54 solver.py:136 ] Epoch: [139/400][80/400] lr: 1.74e-04 | MSE loss: 1.0653e-03 | time: 0.163
I 06.01/00:04:57 solver.py:136 ] Epoch: [139/400][100/400] lr: 1.74e-04 | MSE loss: 1.0600e-03 | time: 0.161
I 06.01/00:05:00 solver.py:136 ] Epoch: [139/400][120/400] lr: 1.74e-04 | MSE loss: 1.0667e-03 | time: 0.162
I 06.01/00:05:05 solver.py:136 ] Epoch: [139/400][140/400] lr: 1.74e-04 | MSE loss: 1.0671e-03 | time: 0.174
I 06.01/00:05:09 solver.py:136 ] Epoch: [139/400][160/400] lr: 1.74e-04 | MSE loss: 1.0691e-03 | time: 0.171
I 06.01/00:05:11 solver.py:136 ] Epoch: [139/400][180/400] lr: 1.74e-04 | MSE loss: 1.0697e-03 | time: 0.167
I 06.01/00:05:14 solver.py:136 ] Epoch: [139/400][200/400] lr: 1.74e-04 | MSE loss: 1.0681e-03 | time: 0.166
I 06.01/00:05:18 solver.py:136 ] Epoch: [139/400][220/400] lr: 1.74e-04 | MSE loss: 1.0668e-03 | time: 0.167
I 06.01/00:05:21 solver.py:136 ] Epoch: [139/400][240/400] lr: 1.74e-04 | MSE loss: 1.0701e-03 | time: 0.167
I 06.01/00:05:25 solver.py:136 ] Epoch: [139/400][260/400] lr: 1.74e-04 | MSE loss: 1.0724e-03 | time: 0.168
I 06.01/00:05:28 solver.py:136 ] Epoch: [139/400][280/400] lr: 1.74e-04 | MSE loss: 1.0745e-03 | time: 0.167
I 06.01/00:05:31 solver.py:136 ] Epoch: [139/400][300/400] lr: 1.74e-04 | MSE loss: 1.0757e-03 | time: 0.166
I 06.01/00:05:34 solver.py:136 ] Epoch: [139/400][320/400] lr: 1.74e-04 | MSE loss: 1.0784e-03 | time: 0.166
I 06.01/00:05:37 solver.py:136 ] Epoch: [139/400][340/400] lr: 1.74e-04 | MSE loss: 1.0838e-03 | time: 0.166
I 06.01/00:05:40 solver.py:136 ] Epoch: [139/400][360/400] lr: 1.74e-04 | MSE loss: 1.0849e-03 | time: 0.164
I 06.01/00:05:43 solver.py:136 ] Epoch: [139/400][380/400] lr: 1.74e-04 | MSE loss: 1.0835e-03 | time: 0.164
I 06.01/00:05:47 solver.py:136 ] Epoch: [139/400][400/400] lr: 1.74e-04 | MSE loss: 1.0828e-03 | time: 0.165
I 06.01/00:05:47 solver.py:146 ] => Train  Loss: 1.0828e-03

I 06.01/00:05:53 solver.py:205 ] 
=! Best NMSE: -2.4636e+01 (epoch=130)

I 06.01/00:05:56 solver.py:136 ] Epoch: [140/400][20/400] lr: 1.74e-04 | MSE loss: 1.0539e-03 | time: 0.182
I 06.01/00:05:59 solver.py:136 ] Epoch: [140/400][40/400] lr: 1.74e-04 | MSE loss: 1.0489e-03 | time: 0.165
I 06.01/00:06:04 solver.py:136 ] Epoch: [140/400][60/400] lr: 1.74e-04 | MSE loss: 1.0453e-03 | time: 0.192
I 06.01/00:06:08 solver.py:136 ] Epoch: [140/400][80/400] lr: 1.74e-04 | MSE loss: 1.0596e-03 | time: 0.184
I 06.01/00:06:11 solver.py:136 ] Epoch: [140/400][100/400] lr: 1.74e-04 | MSE loss: 1.0704e-03 | time: 0.180
I 06.01/00:06:14 solver.py:136 ] Epoch: [140/400][120/400] lr: 1.74e-04 | MSE loss: 1.0737e-03 | time: 0.176
I 06.01/00:06:18 solver.py:136 ] Epoch: [140/400][140/400] lr: 1.74e-04 | MSE loss: 1.0713e-03 | time: 0.176
I 06.01/00:06:21 solver.py:136 ] Epoch: [140/400][160/400] lr: 1.74e-04 | MSE loss: 1.0688e-03 | time: 0.175
I 06.01/00:06:24 solver.py:136 ] Epoch: [140/400][180/400] lr: 1.73e-04 | MSE loss: 1.0691e-03 | time: 0.175
I 06.01/00:06:27 solver.py:136 ] Epoch: [140/400][200/400] lr: 1.73e-04 | MSE loss: 1.0731e-03 | time: 0.173
I 06.01/00:06:30 solver.py:136 ] Epoch: [140/400][220/400] lr: 1.73e-04 | MSE loss: 1.0798e-03 | time: 0.171
I 06.01/00:06:34 solver.py:136 ] Epoch: [140/400][240/400] lr: 1.73e-04 | MSE loss: 1.0865e-03 | time: 0.170
I 06.01/00:06:37 solver.py:136 ] Epoch: [140/400][260/400] lr: 1.73e-04 | MSE loss: 1.0906e-03 | time: 0.171
I 06.01/00:06:40 solver.py:136 ] Epoch: [140/400][280/400] lr: 1.73e-04 | MSE loss: 1.0889e-03 | time: 0.169
I 06.01/00:06:43 solver.py:136 ] Epoch: [140/400][300/400] lr: 1.73e-04 | MSE loss: 1.0886e-03 | time: 0.168
I 06.01/00:06:46 solver.py:136 ] Epoch: [140/400][320/400] lr: 1.73e-04 | MSE loss: 1.0915e-03 | time: 0.167
I 06.01/00:06:50 solver.py:136 ] Epoch: [140/400][340/400] lr: 1.73e-04 | MSE loss: 1.0916e-03 | time: 0.167
I 06.01/00:06:53 solver.py:136 ] Epoch: [140/400][360/400] lr: 1.73e-04 | MSE loss: 1.0909e-03 | time: 0.167
I 06.01/00:06:56 solver.py:136 ] Epoch: [140/400][380/400] lr: 1.73e-04 | MSE loss: 1.0903e-03 | time: 0.167
I 06.01/00:06:59 solver.py:136 ] Epoch: [140/400][400/400] lr: 1.73e-04 | MSE loss: 1.0902e-03 | time: 0.166
I 06.01/00:06:59 solver.py:146 ] => Train  Loss: 1.0902e-03

I 06.01/00:07:04 solver.py:136 ] Epoch: [140/400][20/50] lr: 1.73e-04 | MSE loss: 1.4837e-03 | time: 0.240
I 06.01/00:07:08 solver.py:136 ] Epoch: [140/400][40/50] lr: 1.73e-04 | MSE loss: 1.5001e-03 | time: 0.200
I 06.01/00:07:09 solver.py:146 ] => Val  Loss: 1.4877e-03

I 06.01/00:07:12 solver.py:287 ] [20/50] loss: 1.5093e-03 | NMSE: -2.5229e+01 | time: 0.156
I 06.01/00:07:15 solver.py:287 ] [40/50] loss: 1.5147e-03 | NMSE: -2.5222e+01 | time: 0.161
I 06.01/00:07:17 solver.py:291 ] => Test NMSE: -2.5205e+01

I 06.01/00:07:26 solver.py:205 ] 
=! Best NMSE: -2.5205e+01 (epoch=140)

I 06.01/00:07:29 solver.py:136 ] Epoch: [141/400][20/400] lr: 1.73e-04 | MSE loss: 1.0385e-03 | time: 0.176
I 06.01/00:07:33 solver.py:136 ] Epoch: [141/400][40/400] lr: 1.73e-04 | MSE loss: 1.0555e-03 | time: 0.168
I 06.01/00:07:35 solver.py:136 ] Epoch: [141/400][60/400] lr: 1.73e-04 | MSE loss: 1.0563e-03 | time: 0.154
I 06.01/00:07:37 solver.py:136 ] Epoch: [141/400][80/400] lr: 1.73e-04 | MSE loss: 1.0663e-03 | time: 0.146
I 06.01/00:07:40 solver.py:136 ] Epoch: [141/400][100/400] lr: 1.73e-04 | MSE loss: 1.0726e-03 | time: 0.147
I 06.01/00:07:44 solver.py:136 ] Epoch: [141/400][120/400] lr: 1.73e-04 | MSE loss: 1.0717e-03 | time: 0.147
I 06.01/00:07:47 solver.py:136 ] Epoch: [141/400][140/400] lr: 1.73e-04 | MSE loss: 1.0695e-03 | time: 0.152
I 06.01/00:07:50 solver.py:136 ] Epoch: [141/400][160/400] lr: 1.73e-04 | MSE loss: 1.0648e-03 | time: 0.153
I 06.01/00:07:54 solver.py:136 ] Epoch: [141/400][180/400] lr: 1.73e-04 | MSE loss: 1.0610e-03 | time: 0.155
I 06.01/00:07:57 solver.py:136 ] Epoch: [141/400][200/400] lr: 1.73e-04 | MSE loss: 1.0671e-03 | time: 0.155
I 06.01/00:08:00 solver.py:136 ] Epoch: [141/400][220/400] lr: 1.73e-04 | MSE loss: 1.0689e-03 | time: 0.158
I 06.01/00:08:05 solver.py:136 ] Epoch: [141/400][240/400] lr: 1.73e-04 | MSE loss: 1.0700e-03 | time: 0.166
I 06.01/00:08:09 solver.py:136 ] Epoch: [141/400][260/400] lr: 1.73e-04 | MSE loss: 1.0731e-03 | time: 0.166
I 06.01/00:08:12 solver.py:136 ] Epoch: [141/400][280/400] lr: 1.73e-04 | MSE loss: 1.0740e-03 | time: 0.165
I 06.01/00:08:15 solver.py:136 ] Epoch: [141/400][300/400] lr: 1.73e-04 | MSE loss: 1.0807e-03 | time: 0.165
I 06.01/00:08:18 solver.py:136 ] Epoch: [141/400][320/400] lr: 1.73e-04 | MSE loss: 1.0823e-03 | time: 0.164
I 06.01/00:08:21 solver.py:136 ] Epoch: [141/400][340/400] lr: 1.73e-04 | MSE loss: 1.0822e-03 | time: 0.164
I 06.01/00:08:24 solver.py:136 ] Epoch: [141/400][360/400] lr: 1.73e-04 | MSE loss: 1.0846e-03 | time: 0.163
I 06.01/00:08:27 solver.py:136 ] Epoch: [141/400][380/400] lr: 1.73e-04 | MSE loss: 1.0861e-03 | time: 0.162
I 06.01/00:08:30 solver.py:136 ] Epoch: [141/400][400/400] lr: 1.73e-04 | MSE loss: 1.0835e-03 | time: 0.161
I 06.01/00:08:30 solver.py:146 ] => Train  Loss: 1.0835e-03

I 06.01/00:08:35 solver.py:205 ] 
=! Best NMSE: -2.5205e+01 (epoch=140)

I 06.01/00:08:39 solver.py:136 ] Epoch: [142/400][20/400] lr: 1.73e-04 | MSE loss: 1.0388e-03 | time: 0.180
I 06.01/00:08:42 solver.py:136 ] Epoch: [142/400][40/400] lr: 1.73e-04 | MSE loss: 1.0505e-03 | time: 0.180
I 06.01/00:08:46 solver.py:136 ] Epoch: [142/400][60/400] lr: 1.73e-04 | MSE loss: 1.0403e-03 | time: 0.174
I 06.01/00:08:49 solver.py:136 ] Epoch: [142/400][80/400] lr: 1.73e-04 | MSE loss: 1.0400e-03 | time: 0.169
I 06.01/00:08:52 solver.py:136 ] Epoch: [142/400][100/400] lr: 1.73e-04 | MSE loss: 1.0460e-03 | time: 0.164
I 06.01/00:08:54 solver.py:136 ] Epoch: [142/400][120/400] lr: 1.73e-04 | MSE loss: 1.0507e-03 | time: 0.158
I 06.01/00:08:57 solver.py:136 ] Epoch: [142/400][140/400] lr: 1.73e-04 | MSE loss: 1.0536e-03 | time: 0.158
I 06.01/00:09:01 solver.py:136 ] Epoch: [142/400][160/400] lr: 1.73e-04 | MSE loss: 1.0560e-03 | time: 0.161
I 06.01/00:09:06 solver.py:136 ] Epoch: [142/400][180/400] lr: 1.72e-04 | MSE loss: 1.0570e-03 | time: 0.169
I 06.01/00:09:09 solver.py:136 ] Epoch: [142/400][200/400] lr: 1.72e-04 | MSE loss: 1.0550e-03 | time: 0.168
I 06.01/00:09:12 solver.py:136 ] Epoch: [142/400][220/400] lr: 1.72e-04 | MSE loss: 1.0526e-03 | time: 0.169
I 06.01/00:09:15 solver.py:136 ] Epoch: [142/400][240/400] lr: 1.72e-04 | MSE loss: 1.0496e-03 | time: 0.167
I 06.01/00:09:19 solver.py:136 ] Epoch: [142/400][260/400] lr: 1.72e-04 | MSE loss: 1.0489e-03 | time: 0.167
I 06.01/00:09:22 solver.py:136 ] Epoch: [142/400][280/400] lr: 1.72e-04 | MSE loss: 1.0501e-03 | time: 0.167
I 06.01/00:09:25 solver.py:136 ] Epoch: [142/400][300/400] lr: 1.72e-04 | MSE loss: 1.0499e-03 | time: 0.166
I 06.01/00:09:28 solver.py:136 ] Epoch: [142/400][320/400] lr: 1.72e-04 | MSE loss: 1.0508e-03 | time: 0.165
I 06.01/00:09:31 solver.py:136 ] Epoch: [142/400][340/400] lr: 1.72e-04 | MSE loss: 1.0509e-03 | time: 0.165
I 06.01/00:09:34 solver.py:136 ] Epoch: [142/400][360/400] lr: 1.72e-04 | MSE loss: 1.0513e-03 | time: 0.164
I 06.01/00:09:37 solver.py:136 ] Epoch: [142/400][380/400] lr: 1.72e-04 | MSE loss: 1.0534e-03 | time: 0.163
I 06.01/00:09:40 solver.py:136 ] Epoch: [142/400][400/400] lr: 1.72e-04 | MSE loss: 1.0559e-03 | time: 0.163
I 06.01/00:09:40 solver.py:146 ] => Train  Loss: 1.0559e-03

I 06.01/00:09:46 solver.py:205 ] 
=! Best NMSE: -2.5205e+01 (epoch=140)

I 06.01/00:09:49 solver.py:136 ] Epoch: [143/400][20/400] lr: 1.72e-04 | MSE loss: 1.0671e-03 | time: 0.166
I 06.01/00:09:53 solver.py:136 ] Epoch: [143/400][40/400] lr: 1.72e-04 | MSE loss: 1.0645e-03 | time: 0.163
I 06.01/00:09:56 solver.py:136 ] Epoch: [143/400][60/400] lr: 1.72e-04 | MSE loss: 1.0562e-03 | time: 0.156
I 06.01/00:09:59 solver.py:136 ] Epoch: [143/400][80/400] lr: 1.72e-04 | MSE loss: 1.0544e-03 | time: 0.156
I 06.01/00:10:04 solver.py:136 ] Epoch: [143/400][100/400] lr: 1.72e-04 | MSE loss: 1.0563e-03 | time: 0.178
I 06.01/00:10:07 solver.py:136 ] Epoch: [143/400][120/400] lr: 1.72e-04 | MSE loss: 1.0592e-03 | time: 0.177
I 06.01/00:10:11 solver.py:136 ] Epoch: [143/400][140/400] lr: 1.72e-04 | MSE loss: 1.0610e-03 | time: 0.174
I 06.01/00:10:14 solver.py:136 ] Epoch: [143/400][160/400] lr: 1.72e-04 | MSE loss: 1.0585e-03 | time: 0.172
I 06.01/00:10:17 solver.py:136 ] Epoch: [143/400][180/400] lr: 1.72e-04 | MSE loss: 1.0580e-03 | time: 0.170
I 06.01/00:10:20 solver.py:136 ] Epoch: [143/400][200/400] lr: 1.72e-04 | MSE loss: 1.0641e-03 | time: 0.171
I 06.01/00:10:24 solver.py:136 ] Epoch: [143/400][220/400] lr: 1.72e-04 | MSE loss: 1.0634e-03 | time: 0.169
I 06.01/00:10:27 solver.py:136 ] Epoch: [143/400][240/400] lr: 1.72e-04 | MSE loss: 1.0677e-03 | time: 0.170
I 06.01/00:10:30 solver.py:136 ] Epoch: [143/400][260/400] lr: 1.72e-04 | MSE loss: 1.0659e-03 | time: 0.169
I 06.01/00:10:33 solver.py:136 ] Epoch: [143/400][280/400] lr: 1.72e-04 | MSE loss: 1.0670e-03 | time: 0.168
I 06.01/00:10:37 solver.py:136 ] Epoch: [143/400][300/400] lr: 1.72e-04 | MSE loss: 1.0686e-03 | time: 0.169
I 06.01/00:10:40 solver.py:136 ] Epoch: [143/400][320/400] lr: 1.72e-04 | MSE loss: 1.0680e-03 | time: 0.167
I 06.01/00:10:42 solver.py:136 ] Epoch: [143/400][340/400] lr: 1.72e-04 | MSE loss: 1.0696e-03 | time: 0.165
I 06.01/00:10:45 solver.py:136 ] Epoch: [143/400][360/400] lr: 1.72e-04 | MSE loss: 1.1088e-03 | time: 0.163
I 06.01/00:10:48 solver.py:136 ] Epoch: [143/400][380/400] lr: 1.72e-04 | MSE loss: 1.1265e-03 | time: 0.163
I 06.01/00:10:51 solver.py:136 ] Epoch: [143/400][400/400] lr: 1.72e-04 | MSE loss: 1.1333e-03 | time: 0.163
I 06.01/00:10:51 solver.py:146 ] => Train  Loss: 1.1333e-03

I 06.01/00:10:55 solver.py:205 ] 
=! Best NMSE: -2.5205e+01 (epoch=140)

I 06.01/00:10:58 solver.py:136 ] Epoch: [144/400][20/400] lr: 1.72e-04 | MSE loss: 1.1616e-03 | time: 0.171
I 06.01/00:11:03 solver.py:136 ] Epoch: [144/400][40/400] lr: 1.72e-04 | MSE loss: 1.1437e-03 | time: 0.207
I 06.01/00:11:07 solver.py:136 ] Epoch: [144/400][60/400] lr: 1.72e-04 | MSE loss: 1.1049e-03 | time: 0.197
I 06.01/00:11:10 solver.py:136 ] Epoch: [144/400][80/400] lr: 1.72e-04 | MSE loss: 1.1070e-03 | time: 0.184
I 06.01/00:11:13 solver.py:136 ] Epoch: [144/400][100/400] lr: 1.72e-04 | MSE loss: 1.1006e-03 | time: 0.179
I 06.01/00:11:16 solver.py:136 ] Epoch: [144/400][120/400] lr: 1.72e-04 | MSE loss: 1.0866e-03 | time: 0.176
I 06.01/00:11:20 solver.py:136 ] Epoch: [144/400][140/400] lr: 1.72e-04 | MSE loss: 1.0800e-03 | time: 0.175
I 06.01/00:11:22 solver.py:136 ] Epoch: [144/400][160/400] lr: 1.71e-04 | MSE loss: 1.0721e-03 | time: 0.171
I 06.01/00:11:26 solver.py:136 ] Epoch: [144/400][180/400] lr: 1.71e-04 | MSE loss: 1.0718e-03 | time: 0.170
I 06.01/00:11:29 solver.py:136 ] Epoch: [144/400][200/400] lr: 1.71e-04 | MSE loss: 1.0722e-03 | time: 0.171
I 06.01/00:11:32 solver.py:136 ] Epoch: [144/400][220/400] lr: 1.71e-04 | MSE loss: 1.0692e-03 | time: 0.168
I 06.01/00:11:35 solver.py:136 ] Epoch: [144/400][240/400] lr: 1.71e-04 | MSE loss: 1.0663e-03 | time: 0.167
I 06.01/00:11:39 solver.py:136 ] Epoch: [144/400][260/400] lr: 1.71e-04 | MSE loss: 1.0648e-03 | time: 0.167
I 06.01/00:11:42 solver.py:136 ] Epoch: [144/400][280/400] lr: 1.71e-04 | MSE loss: 1.0627e-03 | time: 0.167
I 06.01/00:11:45 solver.py:136 ] Epoch: [144/400][300/400] lr: 1.71e-04 | MSE loss: 1.0604e-03 | time: 0.167
I 06.01/00:11:48 solver.py:136 ] Epoch: [144/400][320/400] lr: 1.71e-04 | MSE loss: 1.0583e-03 | time: 0.166
I 06.01/00:11:52 solver.py:136 ] Epoch: [144/400][340/400] lr: 1.71e-04 | MSE loss: 1.0574e-03 | time: 0.166
I 06.01/00:11:54 solver.py:136 ] Epoch: [144/400][360/400] lr: 1.71e-04 | MSE loss: 1.0572e-03 | time: 0.164
I 06.01/00:11:58 solver.py:136 ] Epoch: [144/400][380/400] lr: 1.71e-04 | MSE loss: 1.0577e-03 | time: 0.165
I 06.01/00:12:02 solver.py:136 ] Epoch: [144/400][400/400] lr: 1.71e-04 | MSE loss: 1.0552e-03 | time: 0.166
I 06.01/00:12:02 solver.py:146 ] => Train  Loss: 1.0552e-03

I 06.01/00:12:05 solver.py:205 ] 
=! Best NMSE: -2.5205e+01 (epoch=140)

I 06.01/00:12:09 solver.py:136 ] Epoch: [145/400][20/400] lr: 1.71e-04 | MSE loss: 9.9845e-04 | time: 0.185
I 06.01/00:12:12 solver.py:136 ] Epoch: [145/400][40/400] lr: 1.71e-04 | MSE loss: 1.0036e-03 | time: 0.177
I 06.01/00:12:15 solver.py:136 ] Epoch: [145/400][60/400] lr: 1.71e-04 | MSE loss: 1.0088e-03 | time: 0.166
I 06.01/00:12:18 solver.py:136 ] Epoch: [145/400][80/400] lr: 1.71e-04 | MSE loss: 1.0138e-03 | time: 0.164
I 06.01/00:12:21 solver.py:136 ] Epoch: [145/400][100/400] lr: 1.71e-04 | MSE loss: 1.0155e-03 | time: 0.160
I 06.01/00:12:24 solver.py:136 ] Epoch: [145/400][120/400] lr: 1.71e-04 | MSE loss: 1.0184e-03 | time: 0.162
I 06.01/00:12:28 solver.py:136 ] Epoch: [145/400][140/400] lr: 1.71e-04 | MSE loss: 1.0159e-03 | time: 0.164
I 06.01/00:12:31 solver.py:136 ] Epoch: [145/400][160/400] lr: 1.71e-04 | MSE loss: 1.0132e-03 | time: 0.165
I 06.01/00:12:35 solver.py:136 ] Epoch: [145/400][180/400] lr: 1.71e-04 | MSE loss: 1.0184e-03 | time: 0.165
I 06.01/00:12:38 solver.py:136 ] Epoch: [145/400][200/400] lr: 1.71e-04 | MSE loss: 1.0230e-03 | time: 0.163
I 06.01/00:12:41 solver.py:136 ] Epoch: [145/400][220/400] lr: 1.71e-04 | MSE loss: 1.0242e-03 | time: 0.163
I 06.01/00:12:44 solver.py:136 ] Epoch: [145/400][240/400] lr: 1.71e-04 | MSE loss: 1.0231e-03 | time: 0.163
I 06.01/00:12:47 solver.py:136 ] Epoch: [145/400][260/400] lr: 1.71e-04 | MSE loss: 1.0241e-03 | time: 0.163
I 06.01/00:12:50 solver.py:136 ] Epoch: [145/400][280/400] lr: 1.71e-04 | MSE loss: 1.0253e-03 | time: 0.161
I 06.01/00:12:53 solver.py:136 ] Epoch: [145/400][300/400] lr: 1.71e-04 | MSE loss: 1.0250e-03 | time: 0.160
I 06.01/00:12:57 solver.py:136 ] Epoch: [145/400][320/400] lr: 1.71e-04 | MSE loss: 1.0266e-03 | time: 0.161
I 06.01/00:12:59 solver.py:136 ] Epoch: [145/400][340/400] lr: 1.71e-04 | MSE loss: 1.0273e-03 | time: 0.160
I 06.01/00:13:04 solver.py:136 ] Epoch: [145/400][360/400] lr: 1.71e-04 | MSE loss: 1.0275e-03 | time: 0.165
I 06.01/00:13:07 solver.py:136 ] Epoch: [145/400][380/400] lr: 1.71e-04 | MSE loss: 1.0278e-03 | time: 0.165
I 06.01/00:13:11 solver.py:136 ] Epoch: [145/400][400/400] lr: 1.71e-04 | MSE loss: 1.0272e-03 | time: 0.164
I 06.01/00:13:11 solver.py:146 ] => Train  Loss: 1.0272e-03

I 06.01/00:13:15 solver.py:205 ] 
=! Best NMSE: -2.5205e+01 (epoch=140)

I 06.01/00:13:18 solver.py:136 ] Epoch: [146/400][20/400] lr: 1.71e-04 | MSE loss: 1.0120e-03 | time: 0.149
I 06.01/00:13:21 solver.py:136 ] Epoch: [146/400][40/400] lr: 1.71e-04 | MSE loss: 1.0104e-03 | time: 0.153
I 06.01/00:13:24 solver.py:136 ] Epoch: [146/400][60/400] lr: 1.71e-04 | MSE loss: 1.0085e-03 | time: 0.156
I 06.01/00:13:27 solver.py:136 ] Epoch: [146/400][80/400] lr: 1.71e-04 | MSE loss: 1.0047e-03 | time: 0.156
I 06.01/00:13:31 solver.py:136 ] Epoch: [146/400][100/400] lr: 1.71e-04 | MSE loss: 1.0029e-03 | time: 0.161
I 06.01/00:13:34 solver.py:136 ] Epoch: [146/400][120/400] lr: 1.71e-04 | MSE loss: 1.0032e-03 | time: 0.161
I 06.01/00:13:37 solver.py:136 ] Epoch: [146/400][140/400] lr: 1.70e-04 | MSE loss: 1.0043e-03 | time: 0.159
I 06.01/00:13:40 solver.py:136 ] Epoch: [146/400][160/400] lr: 1.70e-04 | MSE loss: 1.0078e-03 | time: 0.161
I 06.01/00:13:44 solver.py:136 ] Epoch: [146/400][180/400] lr: 1.70e-04 | MSE loss: 1.0071e-03 | time: 0.162
I 06.01/00:13:48 solver.py:136 ] Epoch: [146/400][200/400] lr: 1.70e-04 | MSE loss: 1.0089e-03 | time: 0.163
I 06.01/00:13:51 solver.py:136 ] Epoch: [146/400][220/400] lr: 1.70e-04 | MSE loss: 1.0117e-03 | time: 0.164
I 06.01/00:13:54 solver.py:136 ] Epoch: [146/400][240/400] lr: 1.70e-04 | MSE loss: 1.0110e-03 | time: 0.165
I 06.01/00:13:57 solver.py:136 ] Epoch: [146/400][260/400] lr: 1.70e-04 | MSE loss: 1.0097e-03 | time: 0.165
I 06.01/00:14:00 solver.py:136 ] Epoch: [146/400][280/400] lr: 1.70e-04 | MSE loss: 1.0078e-03 | time: 0.163
I 06.01/00:14:05 solver.py:136 ] Epoch: [146/400][300/400] lr: 1.70e-04 | MSE loss: 1.0085e-03 | time: 0.168
I 06.01/00:14:07 solver.py:136 ] Epoch: [146/400][320/400] lr: 1.70e-04 | MSE loss: 1.0130e-03 | time: 0.164
I 06.01/00:14:09 solver.py:136 ] Epoch: [146/400][340/400] lr: 1.70e-04 | MSE loss: 1.0140e-03 | time: 0.162
I 06.01/00:14:11 solver.py:136 ] Epoch: [146/400][360/400] lr: 1.70e-04 | MSE loss: 1.0163e-03 | time: 0.158
I 06.01/00:14:14 solver.py:136 ] Epoch: [146/400][380/400] lr: 1.70e-04 | MSE loss: 1.0194e-03 | time: 0.157
I 06.01/00:14:18 solver.py:136 ] Epoch: [146/400][400/400] lr: 1.70e-04 | MSE loss: 1.0183e-03 | time: 0.157
I 06.01/00:14:18 solver.py:146 ] => Train  Loss: 1.0183e-03

I 06.01/00:14:22 solver.py:205 ] 
=! Best NMSE: -2.5205e+01 (epoch=140)

I 06.01/00:14:25 solver.py:136 ] Epoch: [147/400][20/400] lr: 1.70e-04 | MSE loss: 1.0048e-03 | time: 0.150
I 06.01/00:14:28 solver.py:136 ] Epoch: [147/400][40/400] lr: 1.70e-04 | MSE loss: 1.0094e-03 | time: 0.149
I 06.01/00:14:31 solver.py:136 ] Epoch: [147/400][60/400] lr: 1.70e-04 | MSE loss: 1.0181e-03 | time: 0.149
I 06.01/00:14:34 solver.py:136 ] Epoch: [147/400][80/400] lr: 1.70e-04 | MSE loss: 1.0120e-03 | time: 0.150
I 06.01/00:14:37 solver.py:136 ] Epoch: [147/400][100/400] lr: 1.70e-04 | MSE loss: 1.0071e-03 | time: 0.152
I 06.01/00:14:41 solver.py:136 ] Epoch: [147/400][120/400] lr: 1.70e-04 | MSE loss: 1.0026e-03 | time: 0.154
I 06.01/00:14:44 solver.py:136 ] Epoch: [147/400][140/400] lr: 1.70e-04 | MSE loss: 1.0032e-03 | time: 0.155
I 06.01/00:14:47 solver.py:136 ] Epoch: [147/400][160/400] lr: 1.70e-04 | MSE loss: 1.0041e-03 | time: 0.155
I 06.01/00:14:50 solver.py:136 ] Epoch: [147/400][180/400] lr: 1.70e-04 | MSE loss: 1.0008e-03 | time: 0.156
I 06.01/00:14:53 solver.py:136 ] Epoch: [147/400][200/400] lr: 1.70e-04 | MSE loss: 1.0034e-03 | time: 0.157
I 06.01/00:14:57 solver.py:136 ] Epoch: [147/400][220/400] lr: 1.70e-04 | MSE loss: 1.0018e-03 | time: 0.156
I 06.01/00:15:00 solver.py:136 ] Epoch: [147/400][240/400] lr: 1.70e-04 | MSE loss: 1.0020e-03 | time: 0.158
I 06.01/00:15:05 solver.py:136 ] Epoch: [147/400][260/400] lr: 1.70e-04 | MSE loss: 1.0048e-03 | time: 0.165
I 06.01/00:15:07 solver.py:136 ] Epoch: [147/400][280/400] lr: 1.70e-04 | MSE loss: 1.0081e-03 | time: 0.162
I 06.01/00:15:11 solver.py:136 ] Epoch: [147/400][300/400] lr: 1.70e-04 | MSE loss: 1.0113e-03 | time: 0.162
I 06.01/00:15:13 solver.py:136 ] Epoch: [147/400][320/400] lr: 1.70e-04 | MSE loss: 1.0124e-03 | time: 0.160
I 06.01/00:15:17 solver.py:136 ] Epoch: [147/400][340/400] lr: 1.70e-04 | MSE loss: 1.0142e-03 | time: 0.160
I 06.01/00:15:20 solver.py:136 ] Epoch: [147/400][360/400] lr: 1.70e-04 | MSE loss: 1.0130e-03 | time: 0.160
I 06.01/00:15:22 solver.py:136 ] Epoch: [147/400][380/400] lr: 1.70e-04 | MSE loss: 1.0121e-03 | time: 0.159
I 06.01/00:15:25 solver.py:136 ] Epoch: [147/400][400/400] lr: 1.70e-04 | MSE loss: 1.0121e-03 | time: 0.158
I 06.01/00:15:25 solver.py:146 ] => Train  Loss: 1.0121e-03

I 06.01/00:15:31 solver.py:205 ] 
=! Best NMSE: -2.5205e+01 (epoch=140)

I 06.01/00:15:34 solver.py:136 ] Epoch: [148/400][20/400] lr: 1.70e-04 | MSE loss: 1.0127e-03 | time: 0.168
I 06.01/00:15:37 solver.py:136 ] Epoch: [148/400][40/400] lr: 1.70e-04 | MSE loss: 1.0161e-03 | time: 0.165
I 06.01/00:15:41 solver.py:136 ] Epoch: [148/400][60/400] lr: 1.70e-04 | MSE loss: 1.0140e-03 | time: 0.173
I 06.01/00:15:44 solver.py:136 ] Epoch: [148/400][80/400] lr: 1.70e-04 | MSE loss: 1.0155e-03 | time: 0.171
I 06.01/00:15:47 solver.py:136 ] Epoch: [148/400][100/400] lr: 1.69e-04 | MSE loss: 1.0124e-03 | time: 0.168
I 06.01/00:15:50 solver.py:136 ] Epoch: [148/400][120/400] lr: 1.69e-04 | MSE loss: 1.0076e-03 | time: 0.159
I 06.01/00:15:53 solver.py:136 ] Epoch: [148/400][140/400] lr: 1.69e-04 | MSE loss: 1.0014e-03 | time: 0.158
I 06.01/00:15:56 solver.py:136 ] Epoch: [148/400][160/400] lr: 1.69e-04 | MSE loss: 1.0001e-03 | time: 0.158
I 06.01/00:16:00 solver.py:136 ] Epoch: [148/400][180/400] lr: 1.69e-04 | MSE loss: 9.9581e-04 | time: 0.160
I 06.01/00:16:05 solver.py:136 ] Epoch: [148/400][200/400] lr: 1.69e-04 | MSE loss: 9.9910e-04 | time: 0.172
I 06.01/00:16:09 solver.py:136 ] Epoch: [148/400][220/400] lr: 1.69e-04 | MSE loss: 9.9881e-04 | time: 0.172
I 06.01/00:16:12 solver.py:136 ] Epoch: [148/400][240/400] lr: 1.69e-04 | MSE loss: 9.9824e-04 | time: 0.172
I 06.01/00:16:16 solver.py:136 ] Epoch: [148/400][260/400] lr: 1.69e-04 | MSE loss: 1.0030e-03 | time: 0.173
I 06.01/00:16:18 solver.py:136 ] Epoch: [148/400][280/400] lr: 1.69e-04 | MSE loss: 1.0036e-03 | time: 0.170
I 06.01/00:16:21 solver.py:136 ] Epoch: [148/400][300/400] lr: 1.69e-04 | MSE loss: 1.0015e-03 | time: 0.169
I 06.01/00:16:24 solver.py:136 ] Epoch: [148/400][320/400] lr: 1.69e-04 | MSE loss: 1.0010e-03 | time: 0.168
I 06.01/00:16:28 solver.py:136 ] Epoch: [148/400][340/400] lr: 1.69e-04 | MSE loss: 1.0017e-03 | time: 0.167
I 06.01/00:16:30 solver.py:136 ] Epoch: [148/400][360/400] lr: 1.69e-04 | MSE loss: 9.9996e-04 | time: 0.165
I 06.01/00:16:34 solver.py:136 ] Epoch: [148/400][380/400] lr: 1.69e-04 | MSE loss: 9.9991e-04 | time: 0.165
I 06.01/00:16:37 solver.py:136 ] Epoch: [148/400][400/400] lr: 1.69e-04 | MSE loss: 9.9938e-04 | time: 0.165
I 06.01/00:16:37 solver.py:146 ] => Train  Loss: 9.9938e-04

I 06.01/00:16:43 solver.py:205 ] 
=! Best NMSE: -2.5205e+01 (epoch=140)

I 06.01/00:16:47 solver.py:136 ] Epoch: [149/400][20/400] lr: 1.69e-04 | MSE loss: 1.0369e-03 | time: 0.180
I 06.01/00:16:50 solver.py:136 ] Epoch: [149/400][40/400] lr: 1.69e-04 | MSE loss: 1.0326e-03 | time: 0.179
I 06.01/00:16:54 solver.py:136 ] Epoch: [149/400][60/400] lr: 1.69e-04 | MSE loss: 1.0137e-03 | time: 0.172
I 06.01/00:16:57 solver.py:136 ] Epoch: [149/400][80/400] lr: 1.69e-04 | MSE loss: 1.0128e-03 | time: 0.167
I 06.01/00:17:00 solver.py:136 ] Epoch: [149/400][100/400] lr: 1.69e-04 | MSE loss: 1.0097e-03 | time: 0.169
I 06.01/00:17:05 solver.py:136 ] Epoch: [149/400][120/400] lr: 1.69e-04 | MSE loss: 1.0055e-03 | time: 0.184
I 06.01/00:17:09 solver.py:136 ] Epoch: [149/400][140/400] lr: 1.69e-04 | MSE loss: 1.0070e-03 | time: 0.180
I 06.01/00:17:12 solver.py:136 ] Epoch: [149/400][160/400] lr: 1.69e-04 | MSE loss: 1.0119e-03 | time: 0.179
I 06.01/00:17:15 solver.py:136 ] Epoch: [149/400][180/400] lr: 1.69e-04 | MSE loss: 1.0147e-03 | time: 0.178
I 06.01/00:17:19 solver.py:136 ] Epoch: [149/400][200/400] lr: 1.69e-04 | MSE loss: 1.0137e-03 | time: 0.178
I 06.01/00:17:22 solver.py:136 ] Epoch: [149/400][220/400] lr: 1.69e-04 | MSE loss: 1.0123e-03 | time: 0.177
I 06.01/00:17:26 solver.py:136 ] Epoch: [149/400][240/400] lr: 1.69e-04 | MSE loss: 1.0118e-03 | time: 0.176
I 06.01/00:17:29 solver.py:136 ] Epoch: [149/400][260/400] lr: 1.69e-04 | MSE loss: 1.0133e-03 | time: 0.176
I 06.01/00:17:32 solver.py:136 ] Epoch: [149/400][280/400] lr: 1.69e-04 | MSE loss: 1.0140e-03 | time: 0.176
I 06.01/00:17:36 solver.py:136 ] Epoch: [149/400][300/400] lr: 1.69e-04 | MSE loss: 1.0133e-03 | time: 0.174
I 06.01/00:17:39 solver.py:136 ] Epoch: [149/400][320/400] lr: 1.69e-04 | MSE loss: 1.0151e-03 | time: 0.173
I 06.01/00:17:42 solver.py:136 ] Epoch: [149/400][340/400] lr: 1.69e-04 | MSE loss: 1.0167e-03 | time: 0.172
I 06.01/00:17:45 solver.py:136 ] Epoch: [149/400][360/400] lr: 1.69e-04 | MSE loss: 1.0177e-03 | time: 0.172
I 06.01/00:17:49 solver.py:136 ] Epoch: [149/400][380/400] lr: 1.69e-04 | MSE loss: 1.0192e-03 | time: 0.171
I 06.01/00:17:52 solver.py:136 ] Epoch: [149/400][400/400] lr: 1.69e-04 | MSE loss: 1.0184e-03 | time: 0.171
I 06.01/00:17:52 solver.py:146 ] => Train  Loss: 1.0184e-03

I 06.01/00:17:58 solver.py:205 ] 
=! Best NMSE: -2.5205e+01 (epoch=140)

I 06.01/00:18:01 solver.py:136 ] Epoch: [150/400][20/400] lr: 1.69e-04 | MSE loss: 9.6424e-04 | time: 0.178
I 06.01/00:18:06 solver.py:136 ] Epoch: [150/400][40/400] lr: 1.68e-04 | MSE loss: 9.6069e-04 | time: 0.205
I 06.01/00:18:10 solver.py:136 ] Epoch: [150/400][60/400] lr: 1.68e-04 | MSE loss: 9.6590e-04 | time: 0.204
I 06.01/00:18:13 solver.py:136 ] Epoch: [150/400][80/400] lr: 1.68e-04 | MSE loss: 9.7192e-04 | time: 0.192
I 06.01/00:18:16 solver.py:136 ] Epoch: [150/400][100/400] lr: 1.68e-04 | MSE loss: 9.8022e-04 | time: 0.184
I 06.01/00:18:19 solver.py:136 ] Epoch: [150/400][120/400] lr: 1.68e-04 | MSE loss: 9.7600e-04 | time: 0.181
I 06.01/00:18:22 solver.py:136 ] Epoch: [150/400][140/400] lr: 1.68e-04 | MSE loss: 9.7676e-04 | time: 0.177
I 06.01/00:18:26 solver.py:136 ] Epoch: [150/400][160/400] lr: 1.68e-04 | MSE loss: 9.8633e-04 | time: 0.175
I 06.01/00:18:29 solver.py:136 ] Epoch: [150/400][180/400] lr: 1.68e-04 | MSE loss: 9.8706e-04 | time: 0.174
I 06.01/00:18:32 solver.py:136 ] Epoch: [150/400][200/400] lr: 1.68e-04 | MSE loss: 9.9124e-04 | time: 0.170
I 06.01/00:18:35 solver.py:136 ] Epoch: [150/400][220/400] lr: 1.68e-04 | MSE loss: 9.9237e-04 | time: 0.168
I 06.01/00:18:38 solver.py:136 ] Epoch: [150/400][240/400] lr: 1.68e-04 | MSE loss: 9.9540e-04 | time: 0.169
I 06.01/00:18:41 solver.py:136 ] Epoch: [150/400][260/400] lr: 1.68e-04 | MSE loss: 9.9606e-04 | time: 0.168
I 06.01/00:18:45 solver.py:136 ] Epoch: [150/400][280/400] lr: 1.68e-04 | MSE loss: 9.9572e-04 | time: 0.167
I 06.01/00:18:48 solver.py:136 ] Epoch: [150/400][300/400] lr: 1.68e-04 | MSE loss: 9.9346e-04 | time: 0.166
I 06.01/00:18:51 solver.py:136 ] Epoch: [150/400][320/400] lr: 1.68e-04 | MSE loss: 9.9210e-04 | time: 0.166
I 06.01/00:18:54 solver.py:136 ] Epoch: [150/400][340/400] lr: 1.68e-04 | MSE loss: 9.9088e-04 | time: 0.165
I 06.01/00:18:57 solver.py:136 ] Epoch: [150/400][360/400] lr: 1.68e-04 | MSE loss: 9.9165e-04 | time: 0.165
I 06.01/00:19:00 solver.py:136 ] Epoch: [150/400][380/400] lr: 1.68e-04 | MSE loss: 9.9244e-04 | time: 0.164
I 06.01/00:19:05 solver.py:136 ] Epoch: [150/400][400/400] lr: 1.68e-04 | MSE loss: 9.9202e-04 | time: 0.167
I 06.01/00:19:05 solver.py:146 ] => Train  Loss: 9.9202e-04

I 06.01/00:19:08 solver.py:136 ] Epoch: [150/400][20/50] lr: 1.68e-04 | MSE loss: 1.4133e-03 | time: 0.133
I 06.01/00:19:10 solver.py:136 ] Epoch: [150/400][40/50] lr: 1.68e-04 | MSE loss: 1.4310e-03 | time: 0.131
I 06.01/00:19:11 solver.py:146 ] => Val  Loss: 1.4202e-03

I 06.01/00:19:14 solver.py:287 ] [20/50] loss: 1.4389e-03 | NMSE: -2.5437e+01 | time: 0.141
I 06.01/00:19:17 solver.py:287 ] [40/50] loss: 1.4481e-03 | NMSE: -2.5420e+01 | time: 0.143
I 06.01/00:19:18 solver.py:291 ] => Test NMSE: -2.5412e+01

I 06.01/00:19:26 solver.py:205 ] 
=! Best NMSE: -2.5412e+01 (epoch=150)

I 06.01/00:19:30 solver.py:136 ] Epoch: [151/400][20/400] lr: 1.68e-04 | MSE loss: 9.6119e-04 | time: 0.166
I 06.01/00:19:33 solver.py:136 ] Epoch: [151/400][40/400] lr: 1.68e-04 | MSE loss: 9.6578e-04 | time: 0.172
I 06.01/00:19:37 solver.py:136 ] Epoch: [151/400][60/400] lr: 1.68e-04 | MSE loss: 9.7345e-04 | time: 0.170
I 06.01/00:19:40 solver.py:136 ] Epoch: [151/400][80/400] lr: 1.68e-04 | MSE loss: 9.8544e-04 | time: 0.171
I 06.01/00:19:44 solver.py:136 ] Epoch: [151/400][100/400] lr: 1.68e-04 | MSE loss: 9.8993e-04 | time: 0.173
I 06.01/00:19:48 solver.py:136 ] Epoch: [151/400][120/400] lr: 1.68e-04 | MSE loss: 9.9187e-04 | time: 0.176
I 06.01/00:19:51 solver.py:136 ] Epoch: [151/400][140/400] lr: 1.68e-04 | MSE loss: 9.9653e-04 | time: 0.175
I 06.01/00:19:54 solver.py:136 ] Epoch: [151/400][160/400] lr: 1.68e-04 | MSE loss: 9.9769e-04 | time: 0.170
I 06.01/00:19:57 solver.py:136 ] Epoch: [151/400][180/400] lr: 1.68e-04 | MSE loss: 9.9796e-04 | time: 0.168
I 06.01/00:20:00 solver.py:136 ] Epoch: [151/400][200/400] lr: 1.68e-04 | MSE loss: 9.9477e-04 | time: 0.168
I 06.01/00:20:05 solver.py:136 ] Epoch: [151/400][220/400] lr: 1.68e-04 | MSE loss: 9.9393e-04 | time: 0.177
I 06.01/00:20:09 solver.py:136 ] Epoch: [151/400][240/400] lr: 1.68e-04 | MSE loss: 9.9239e-04 | time: 0.175
I 06.01/00:20:12 solver.py:136 ] Epoch: [151/400][260/400] lr: 1.68e-04 | MSE loss: 9.9401e-04 | time: 0.173
I 06.01/00:20:15 solver.py:136 ] Epoch: [151/400][280/400] lr: 1.68e-04 | MSE loss: 9.9222e-04 | time: 0.172
I 06.01/00:20:18 solver.py:136 ] Epoch: [151/400][300/400] lr: 1.68e-04 | MSE loss: 9.9200e-04 | time: 0.172
I 06.01/00:20:21 solver.py:136 ] Epoch: [151/400][320/400] lr: 1.68e-04 | MSE loss: 9.8886e-04 | time: 0.170
I 06.01/00:20:24 solver.py:136 ] Epoch: [151/400][340/400] lr: 1.68e-04 | MSE loss: 9.9281e-04 | time: 0.168
I 06.01/00:20:26 solver.py:136 ] Epoch: [151/400][360/400] lr: 1.68e-04 | MSE loss: 9.9259e-04 | time: 0.166
I 06.01/00:20:29 solver.py:136 ] Epoch: [151/400][380/400] lr: 1.68e-04 | MSE loss: 9.9344e-04 | time: 0.164
I 06.01/00:20:33 solver.py:136 ] Epoch: [151/400][400/400] lr: 1.67e-04 | MSE loss: 9.9277e-04 | time: 0.165
I 06.01/00:20:33 solver.py:146 ] => Train  Loss: 9.9277e-04

I 06.01/00:20:39 solver.py:205 ] 
=! Best NMSE: -2.5412e+01 (epoch=150)

I 06.01/00:20:43 solver.py:136 ] Epoch: [152/400][20/400] lr: 1.67e-04 | MSE loss: 9.8654e-04 | time: 0.186
I 06.01/00:20:46 solver.py:136 ] Epoch: [152/400][40/400] lr: 1.67e-04 | MSE loss: 9.9498e-04 | time: 0.176
I 06.01/00:20:49 solver.py:136 ] Epoch: [152/400][60/400] lr: 1.67e-04 | MSE loss: 9.9291e-04 | time: 0.172
I 06.01/00:20:53 solver.py:136 ] Epoch: [152/400][80/400] lr: 1.67e-04 | MSE loss: 9.8095e-04 | time: 0.171
I 06.01/00:20:56 solver.py:136 ] Epoch: [152/400][100/400] lr: 1.67e-04 | MSE loss: 9.7831e-04 | time: 0.168
I 06.01/00:20:59 solver.py:136 ] Epoch: [152/400][120/400] lr: 1.67e-04 | MSE loss: 9.7855e-04 | time: 0.167
I 06.01/00:21:04 solver.py:136 ] Epoch: [152/400][140/400] lr: 1.67e-04 | MSE loss: 9.8012e-04 | time: 0.178
I 06.01/00:21:07 solver.py:136 ] Epoch: [152/400][160/400] lr: 1.67e-04 | MSE loss: 9.8261e-04 | time: 0.177
I 06.01/00:21:11 solver.py:136 ] Epoch: [152/400][180/400] lr: 1.67e-04 | MSE loss: 9.8278e-04 | time: 0.177
I 06.01/00:21:14 solver.py:136 ] Epoch: [152/400][200/400] lr: 1.67e-04 | MSE loss: 9.8058e-04 | time: 0.176
I 06.01/00:21:17 solver.py:136 ] Epoch: [152/400][220/400] lr: 1.67e-04 | MSE loss: 9.8031e-04 | time: 0.174
I 06.01/00:21:21 solver.py:136 ] Epoch: [152/400][240/400] lr: 1.67e-04 | MSE loss: 9.7825e-04 | time: 0.174
I 06.01/00:21:24 solver.py:136 ] Epoch: [152/400][260/400] lr: 1.67e-04 | MSE loss: 9.8246e-04 | time: 0.173
I 06.01/00:21:27 solver.py:136 ] Epoch: [152/400][280/400] lr: 1.67e-04 | MSE loss: 9.8302e-04 | time: 0.172
I 06.01/00:21:30 solver.py:136 ] Epoch: [152/400][300/400] lr: 1.67e-04 | MSE loss: 9.8413e-04 | time: 0.170
I 06.01/00:21:33 solver.py:136 ] Epoch: [152/400][320/400] lr: 1.67e-04 | MSE loss: 9.8325e-04 | time: 0.168
I 06.01/00:21:36 solver.py:136 ] Epoch: [152/400][340/400] lr: 1.67e-04 | MSE loss: 9.8200e-04 | time: 0.167
I 06.01/00:21:39 solver.py:136 ] Epoch: [152/400][360/400] lr: 1.67e-04 | MSE loss: 9.8060e-04 | time: 0.166
I 06.01/00:21:42 solver.py:136 ] Epoch: [152/400][380/400] lr: 1.67e-04 | MSE loss: 9.7999e-04 | time: 0.166
I 06.01/00:21:45 solver.py:136 ] Epoch: [152/400][400/400] lr: 1.67e-04 | MSE loss: 9.8122e-04 | time: 0.166
I 06.01/00:21:45 solver.py:146 ] => Train  Loss: 9.8122e-04

I 06.01/00:21:51 solver.py:205 ] 
=! Best NMSE: -2.5412e+01 (epoch=150)

I 06.01/00:21:54 solver.py:136 ] Epoch: [153/400][20/400] lr: 1.67e-04 | MSE loss: 9.5769e-04 | time: 0.168
I 06.01/00:21:57 solver.py:136 ] Epoch: [153/400][40/400] lr: 1.67e-04 | MSE loss: 9.8363e-04 | time: 0.164
I 06.01/00:22:01 solver.py:136 ] Epoch: [153/400][60/400] lr: 1.67e-04 | MSE loss: 9.7041e-04 | time: 0.170
I 06.01/00:22:06 solver.py:136 ] Epoch: [153/400][80/400] lr: 1.67e-04 | MSE loss: 9.7802e-04 | time: 0.182
I 06.01/00:22:09 solver.py:136 ] Epoch: [153/400][100/400] lr: 1.67e-04 | MSE loss: 9.7622e-04 | time: 0.178
I 06.01/00:22:12 solver.py:136 ] Epoch: [153/400][120/400] lr: 1.67e-04 | MSE loss: 9.7602e-04 | time: 0.176
I 06.01/00:22:16 solver.py:136 ] Epoch: [153/400][140/400] lr: 1.67e-04 | MSE loss: 9.7168e-04 | time: 0.175
I 06.01/00:22:19 solver.py:136 ] Epoch: [153/400][160/400] lr: 1.67e-04 | MSE loss: 9.7518e-04 | time: 0.174
I 06.01/00:22:22 solver.py:136 ] Epoch: [153/400][180/400] lr: 1.67e-04 | MSE loss: 9.7327e-04 | time: 0.173
I 06.01/00:22:25 solver.py:136 ] Epoch: [153/400][200/400] lr: 1.67e-04 | MSE loss: 9.7121e-04 | time: 0.171
I 06.01/00:22:29 solver.py:136 ] Epoch: [153/400][220/400] lr: 1.67e-04 | MSE loss: 9.7413e-04 | time: 0.171
I 06.01/00:22:32 solver.py:136 ] Epoch: [153/400][240/400] lr: 1.67e-04 | MSE loss: 9.7442e-04 | time: 0.171
I 06.01/00:22:35 solver.py:136 ] Epoch: [153/400][260/400] lr: 1.67e-04 | MSE loss: 9.7265e-04 | time: 0.168
I 06.01/00:22:37 solver.py:136 ] Epoch: [153/400][280/400] lr: 1.67e-04 | MSE loss: 9.7431e-04 | time: 0.164
I 06.01/00:22:39 solver.py:136 ] Epoch: [153/400][300/400] lr: 1.67e-04 | MSE loss: 9.7621e-04 | time: 0.162
I 06.01/00:22:43 solver.py:136 ] Epoch: [153/400][320/400] lr: 1.67e-04 | MSE loss: 9.7939e-04 | time: 0.163
I 06.01/00:22:46 solver.py:136 ] Epoch: [153/400][340/400] lr: 1.66e-04 | MSE loss: 9.8122e-04 | time: 0.163
I 06.01/00:22:50 solver.py:136 ] Epoch: [153/400][360/400] lr: 1.66e-04 | MSE loss: 9.7981e-04 | time: 0.163
I 06.01/00:22:53 solver.py:136 ] Epoch: [153/400][380/400] lr: 1.66e-04 | MSE loss: 9.7770e-04 | time: 0.162
I 06.01/00:22:56 solver.py:136 ] Epoch: [153/400][400/400] lr: 1.66e-04 | MSE loss: 9.7877e-04 | time: 0.162
I 06.01/00:22:56 solver.py:146 ] => Train  Loss: 9.7877e-04

I 06.01/00:23:01 solver.py:205 ] 
=! Best NMSE: -2.5412e+01 (epoch=150)

I 06.01/00:23:07 solver.py:136 ] Epoch: [154/400][20/400] lr: 1.66e-04 | MSE loss: 9.5394e-04 | time: 0.247
I 06.01/00:23:09 solver.py:136 ] Epoch: [154/400][40/400] lr: 1.66e-04 | MSE loss: 9.4096e-04 | time: 0.198
I 06.01/00:23:13 solver.py:136 ] Epoch: [154/400][60/400] lr: 1.66e-04 | MSE loss: 9.4736e-04 | time: 0.184
I 06.01/00:23:16 solver.py:136 ] Epoch: [154/400][80/400] lr: 1.66e-04 | MSE loss: 9.5887e-04 | time: 0.182
I 06.01/00:23:19 solver.py:136 ] Epoch: [154/400][100/400] lr: 1.66e-04 | MSE loss: 9.7135e-04 | time: 0.177
I 06.01/00:23:23 solver.py:136 ] Epoch: [154/400][120/400] lr: 1.66e-04 | MSE loss: 9.7129e-04 | time: 0.177
I 06.01/00:23:26 solver.py:136 ] Epoch: [154/400][140/400] lr: 1.66e-04 | MSE loss: 9.6693e-04 | time: 0.174
I 06.01/00:23:29 solver.py:136 ] Epoch: [154/400][160/400] lr: 1.66e-04 | MSE loss: 9.7050e-04 | time: 0.172
I 06.01/00:23:33 solver.py:136 ] Epoch: [154/400][180/400] lr: 1.66e-04 | MSE loss: 9.7510e-04 | time: 0.172
I 06.01/00:23:36 solver.py:136 ] Epoch: [154/400][200/400] lr: 1.66e-04 | MSE loss: 9.7455e-04 | time: 0.170
I 06.01/00:23:39 solver.py:136 ] Epoch: [154/400][220/400] lr: 1.66e-04 | MSE loss: 9.7697e-04 | time: 0.170
I 06.01/00:23:42 solver.py:136 ] Epoch: [154/400][240/400] lr: 1.66e-04 | MSE loss: 9.7775e-04 | time: 0.167
I 06.01/00:23:45 solver.py:136 ] Epoch: [154/400][260/400] lr: 1.66e-04 | MSE loss: 9.7787e-04 | time: 0.166
I 06.01/00:23:48 solver.py:136 ] Epoch: [154/400][280/400] lr: 1.66e-04 | MSE loss: 9.7644e-04 | time: 0.167
I 06.01/00:23:51 solver.py:136 ] Epoch: [154/400][300/400] lr: 1.66e-04 | MSE loss: 9.7336e-04 | time: 0.166
I 06.01/00:23:55 solver.py:136 ] Epoch: [154/400][320/400] lr: 1.66e-04 | MSE loss: 9.7041e-04 | time: 0.166
I 06.01/00:23:58 solver.py:136 ] Epoch: [154/400][340/400] lr: 1.66e-04 | MSE loss: 9.7111e-04 | time: 0.166
I 06.01/00:24:03 solver.py:136 ] Epoch: [154/400][360/400] lr: 1.66e-04 | MSE loss: 9.7179e-04 | time: 0.170
I 06.01/00:24:07 solver.py:136 ] Epoch: [154/400][380/400] lr: 1.66e-04 | MSE loss: 9.7353e-04 | time: 0.172
I 06.01/00:24:10 solver.py:136 ] Epoch: [154/400][400/400] lr: 1.66e-04 | MSE loss: 9.7617e-04 | time: 0.172
I 06.01/00:24:10 solver.py:146 ] => Train  Loss: 9.7617e-04

I 06.01/00:24:15 solver.py:205 ] 
=! Best NMSE: -2.5412e+01 (epoch=150)

I 06.01/00:24:18 solver.py:136 ] Epoch: [155/400][20/400] lr: 1.66e-04 | MSE loss: 9.6612e-04 | time: 0.120
I 06.01/00:24:21 solver.py:136 ] Epoch: [155/400][40/400] lr: 1.66e-04 | MSE loss: 9.6735e-04 | time: 0.136
I 06.01/00:24:24 solver.py:136 ] Epoch: [155/400][60/400] lr: 1.66e-04 | MSE loss: 9.5819e-04 | time: 0.146
I 06.01/00:24:27 solver.py:136 ] Epoch: [155/400][80/400] lr: 1.66e-04 | MSE loss: 9.4827e-04 | time: 0.146
I 06.01/00:24:30 solver.py:136 ] Epoch: [155/400][100/400] lr: 1.66e-04 | MSE loss: 9.4122e-04 | time: 0.150
I 06.01/00:24:33 solver.py:136 ] Epoch: [155/400][120/400] lr: 1.66e-04 | MSE loss: 9.4070e-04 | time: 0.151
I 06.01/00:24:37 solver.py:136 ] Epoch: [155/400][140/400] lr: 1.66e-04 | MSE loss: 9.4403e-04 | time: 0.152
I 06.01/00:24:39 solver.py:136 ] Epoch: [155/400][160/400] lr: 1.66e-04 | MSE loss: 9.4754e-04 | time: 0.151
I 06.01/00:24:43 solver.py:136 ] Epoch: [155/400][180/400] lr: 1.66e-04 | MSE loss: 9.4658e-04 | time: 0.154
I 06.01/00:24:46 solver.py:136 ] Epoch: [155/400][200/400] lr: 1.66e-04 | MSE loss: 9.4974e-04 | time: 0.155
I 06.01/00:24:49 solver.py:136 ] Epoch: [155/400][220/400] lr: 1.66e-04 | MSE loss: 9.5304e-04 | time: 0.154
I 06.01/00:24:52 solver.py:136 ] Epoch: [155/400][240/400] lr: 1.66e-04 | MSE loss: 9.5487e-04 | time: 0.155
I 06.01/00:24:56 solver.py:136 ] Epoch: [155/400][260/400] lr: 1.65e-04 | MSE loss: 9.5777e-04 | time: 0.157
I 06.01/00:24:59 solver.py:136 ] Epoch: [155/400][280/400] lr: 1.65e-04 | MSE loss: 9.5955e-04 | time: 0.158
I 06.01/00:25:04 solver.py:136 ] Epoch: [155/400][300/400] lr: 1.65e-04 | MSE loss: 9.5935e-04 | time: 0.164
I 06.01/00:25:08 solver.py:136 ] Epoch: [155/400][320/400] lr: 1.65e-04 | MSE loss: 9.6113e-04 | time: 0.164
I 06.01/00:25:11 solver.py:136 ] Epoch: [155/400][340/400] lr: 1.65e-04 | MSE loss: 9.6260e-04 | time: 0.165
I 06.01/00:25:15 solver.py:136 ] Epoch: [155/400][360/400] lr: 1.65e-04 | MSE loss: 9.6759e-04 | time: 0.165
I 06.01/00:25:18 solver.py:136 ] Epoch: [155/400][380/400] lr: 1.65e-04 | MSE loss: 9.7039e-04 | time: 0.165
I 06.01/00:25:21 solver.py:136 ] Epoch: [155/400][400/400] lr: 1.65e-04 | MSE loss: 9.7360e-04 | time: 0.164
I 06.01/00:25:21 solver.py:146 ] => Train  Loss: 9.7360e-04

I 06.01/00:25:26 solver.py:205 ] 
=! Best NMSE: -2.5412e+01 (epoch=150)

I 06.01/00:25:29 solver.py:136 ] Epoch: [156/400][20/400] lr: 1.65e-04 | MSE loss: 9.2081e-04 | time: 0.168
I 06.01/00:25:33 solver.py:136 ] Epoch: [156/400][40/400] lr: 1.65e-04 | MSE loss: 9.3592e-04 | time: 0.166
I 06.01/00:25:36 solver.py:136 ] Epoch: [156/400][60/400] lr: 1.65e-04 | MSE loss: 9.3089e-04 | time: 0.161
I 06.01/00:25:39 solver.py:136 ] Epoch: [156/400][80/400] lr: 1.65e-04 | MSE loss: 9.4274e-04 | time: 0.159
I 06.01/00:25:42 solver.py:136 ] Epoch: [156/400][100/400] lr: 1.65e-04 | MSE loss: 9.5122e-04 | time: 0.160
I 06.01/00:25:45 solver.py:136 ] Epoch: [156/400][120/400] lr: 1.65e-04 | MSE loss: 9.5889e-04 | time: 0.159
I 06.01/00:25:48 solver.py:136 ] Epoch: [156/400][140/400] lr: 1.65e-04 | MSE loss: 9.6060e-04 | time: 0.159
I 06.01/00:25:51 solver.py:136 ] Epoch: [156/400][160/400] lr: 1.65e-04 | MSE loss: 9.6134e-04 | time: 0.156
I 06.01/00:25:54 solver.py:136 ] Epoch: [156/400][180/400] lr: 1.65e-04 | MSE loss: 9.6106e-04 | time: 0.156
I 06.01/00:25:57 solver.py:136 ] Epoch: [156/400][200/400] lr: 1.65e-04 | MSE loss: 9.6487e-04 | time: 0.156
I 06.01/00:26:00 solver.py:136 ] Epoch: [156/400][220/400] lr: 1.65e-04 | MSE loss: 9.6128e-04 | time: 0.157
I 06.01/00:26:06 solver.py:136 ] Epoch: [156/400][240/400] lr: 1.65e-04 | MSE loss: 9.6138e-04 | time: 0.165
I 06.01/00:26:09 solver.py:136 ] Epoch: [156/400][260/400] lr: 1.65e-04 | MSE loss: 9.6045e-04 | time: 0.164
I 06.01/00:26:12 solver.py:136 ] Epoch: [156/400][280/400] lr: 1.65e-04 | MSE loss: 9.6140e-04 | time: 0.164
I 06.01/00:26:15 solver.py:136 ] Epoch: [156/400][300/400] lr: 1.65e-04 | MSE loss: 9.6183e-04 | time: 0.164
I 06.01/00:26:19 solver.py:136 ] Epoch: [156/400][320/400] lr: 1.65e-04 | MSE loss: 9.6036e-04 | time: 0.164
I 06.01/00:26:22 solver.py:136 ] Epoch: [156/400][340/400] lr: 1.65e-04 | MSE loss: 9.5964e-04 | time: 0.165
I 06.01/00:26:26 solver.py:136 ] Epoch: [156/400][360/400] lr: 1.65e-04 | MSE loss: 9.5951e-04 | time: 0.166
I 06.01/00:26:29 solver.py:136 ] Epoch: [156/400][380/400] lr: 1.65e-04 | MSE loss: 9.5823e-04 | time: 0.164
I 06.01/00:26:32 solver.py:136 ] Epoch: [156/400][400/400] lr: 1.65e-04 | MSE loss: 9.5803e-04 | time: 0.164
I 06.01/00:26:32 solver.py:146 ] => Train  Loss: 9.5803e-04

I 06.01/00:26:36 solver.py:205 ] 
=! Best NMSE: -2.5412e+01 (epoch=150)

I 06.01/00:26:40 solver.py:136 ] Epoch: [157/400][20/400] lr: 1.65e-04 | MSE loss: 9.1859e-04 | time: 0.188
I 06.01/00:26:42 solver.py:136 ] Epoch: [157/400][40/400] lr: 1.65e-04 | MSE loss: 9.3200e-04 | time: 0.158
I 06.01/00:26:45 solver.py:136 ] Epoch: [157/400][60/400] lr: 1.65e-04 | MSE loss: 9.4417e-04 | time: 0.150
I 06.01/00:26:48 solver.py:136 ] Epoch: [157/400][80/400] lr: 1.65e-04 | MSE loss: 9.4516e-04 | time: 0.152
I 06.01/00:26:51 solver.py:136 ] Epoch: [157/400][100/400] lr: 1.65e-04 | MSE loss: 9.4031e-04 | time: 0.149
I 06.01/00:26:54 solver.py:136 ] Epoch: [157/400][120/400] lr: 1.65e-04 | MSE loss: 9.4521e-04 | time: 0.145
I 06.01/00:26:57 solver.py:136 ] Epoch: [157/400][140/400] lr: 1.65e-04 | MSE loss: 9.4652e-04 | time: 0.149
I 06.01/00:27:00 solver.py:136 ] Epoch: [157/400][160/400] lr: 1.65e-04 | MSE loss: 9.4847e-04 | time: 0.153
I 06.01/00:27:06 solver.py:136 ] Epoch: [157/400][180/400] lr: 1.64e-04 | MSE loss: 9.4920e-04 | time: 0.165
I 06.01/00:27:09 solver.py:136 ] Epoch: [157/400][200/400] lr: 1.64e-04 | MSE loss: 9.5219e-04 | time: 0.166
I 06.01/00:27:12 solver.py:136 ] Epoch: [157/400][220/400] lr: 1.64e-04 | MSE loss: 9.5410e-04 | time: 0.164
I 06.01/00:27:15 solver.py:136 ] Epoch: [157/400][240/400] lr: 1.64e-04 | MSE loss: 9.5637e-04 | time: 0.164
I 06.01/00:27:19 solver.py:136 ] Epoch: [157/400][260/400] lr: 1.64e-04 | MSE loss: 9.5631e-04 | time: 0.163
I 06.01/00:27:22 solver.py:136 ] Epoch: [157/400][280/400] lr: 1.64e-04 | MSE loss: 9.5649e-04 | time: 0.163
I 06.01/00:27:25 solver.py:136 ] Epoch: [157/400][300/400] lr: 1.64e-04 | MSE loss: 9.5707e-04 | time: 0.164
I 06.01/00:27:28 solver.py:136 ] Epoch: [157/400][320/400] lr: 1.64e-04 | MSE loss: 9.6086e-04 | time: 0.163
I 06.01/00:27:31 solver.py:136 ] Epoch: [157/400][340/400] lr: 1.64e-04 | MSE loss: 9.6288e-04 | time: 0.162
I 06.01/00:27:34 solver.py:136 ] Epoch: [157/400][360/400] lr: 1.64e-04 | MSE loss: 9.6172e-04 | time: 0.162
I 06.01/00:27:37 solver.py:136 ] Epoch: [157/400][380/400] lr: 1.64e-04 | MSE loss: 9.6105e-04 | time: 0.162
I 06.01/00:27:41 solver.py:136 ] Epoch: [157/400][400/400] lr: 1.64e-04 | MSE loss: 9.6114e-04 | time: 0.162
I 06.01/00:27:41 solver.py:146 ] => Train  Loss: 9.6114e-04

I 06.01/00:27:45 solver.py:205 ] 
=! Best NMSE: -2.5412e+01 (epoch=150)

I 06.01/00:27:49 solver.py:136 ] Epoch: [158/400][20/400] lr: 1.64e-04 | MSE loss: 9.1885e-04 | time: 0.173
I 06.01/00:27:52 solver.py:136 ] Epoch: [158/400][40/400] lr: 1.64e-04 | MSE loss: 9.1842e-04 | time: 0.151
I 06.01/00:27:54 solver.py:136 ] Epoch: [158/400][60/400] lr: 1.64e-04 | MSE loss: 9.2246e-04 | time: 0.143
I 06.01/00:27:57 solver.py:136 ] Epoch: [158/400][80/400] lr: 1.64e-04 | MSE loss: 9.1879e-04 | time: 0.138
I 06.01/00:28:00 solver.py:136 ] Epoch: [158/400][100/400] lr: 1.64e-04 | MSE loss: 9.2595e-04 | time: 0.141
I 06.01/00:28:05 solver.py:136 ] Epoch: [158/400][120/400] lr: 1.64e-04 | MSE loss: 9.2667e-04 | time: 0.165
I 06.01/00:28:09 solver.py:136 ] Epoch: [158/400][140/400] lr: 1.64e-04 | MSE loss: 9.2686e-04 | time: 0.165
I 06.01/00:28:12 solver.py:136 ] Epoch: [158/400][160/400] lr: 1.64e-04 | MSE loss: 9.2695e-04 | time: 0.164
I 06.01/00:28:15 solver.py:136 ] Epoch: [158/400][180/400] lr: 1.64e-04 | MSE loss: 9.3006e-04 | time: 0.164
I 06.01/00:28:18 solver.py:136 ] Epoch: [158/400][200/400] lr: 1.64e-04 | MSE loss: 9.3198e-04 | time: 0.163
I 06.01/00:28:21 solver.py:136 ] Epoch: [158/400][220/400] lr: 1.64e-04 | MSE loss: 9.3643e-04 | time: 0.161
I 06.01/00:28:24 solver.py:136 ] Epoch: [158/400][240/400] lr: 1.64e-04 | MSE loss: 9.3746e-04 | time: 0.160
I 06.01/00:28:27 solver.py:136 ] Epoch: [158/400][260/400] lr: 1.64e-04 | MSE loss: 9.3455e-04 | time: 0.159
I 06.01/00:28:30 solver.py:136 ] Epoch: [158/400][280/400] lr: 1.64e-04 | MSE loss: 9.3754e-04 | time: 0.158
I 06.01/00:28:33 solver.py:136 ] Epoch: [158/400][300/400] lr: 1.64e-04 | MSE loss: 9.3969e-04 | time: 0.159
I 06.01/00:28:37 solver.py:136 ] Epoch: [158/400][320/400] lr: 1.64e-04 | MSE loss: 9.4144e-04 | time: 0.160
I 06.01/00:28:40 solver.py:136 ] Epoch: [158/400][340/400] lr: 1.64e-04 | MSE loss: 9.4021e-04 | time: 0.160
I 06.01/00:28:44 solver.py:136 ] Epoch: [158/400][360/400] lr: 1.64e-04 | MSE loss: 9.3985e-04 | time: 0.162
I 06.01/00:28:47 solver.py:136 ] Epoch: [158/400][380/400] lr: 1.64e-04 | MSE loss: 9.3928e-04 | time: 0.162
I 06.01/00:28:50 solver.py:136 ] Epoch: [158/400][400/400] lr: 1.64e-04 | MSE loss: 9.3974e-04 | time: 0.162
I 06.01/00:28:50 solver.py:146 ] => Train  Loss: 9.3974e-04

I 06.01/00:28:56 solver.py:205 ] 
=! Best NMSE: -2.5412e+01 (epoch=150)

I 06.01/00:28:59 solver.py:136 ] Epoch: [159/400][20/400] lr: 1.64e-04 | MSE loss: 9.1456e-04 | time: 0.143
I 06.01/00:29:03 solver.py:136 ] Epoch: [159/400][40/400] lr: 1.64e-04 | MSE loss: 9.0099e-04 | time: 0.167
I 06.01/00:29:06 solver.py:136 ] Epoch: [159/400][60/400] lr: 1.64e-04 | MSE loss: 9.0045e-04 | time: 0.166
I 06.01/00:29:09 solver.py:136 ] Epoch: [159/400][80/400] lr: 1.64e-04 | MSE loss: 9.0249e-04 | time: 0.166
I 06.01/00:29:13 solver.py:136 ] Epoch: [159/400][100/400] lr: 1.63e-04 | MSE loss: 9.0152e-04 | time: 0.163
I 06.01/00:29:16 solver.py:136 ] Epoch: [159/400][120/400] lr: 1.63e-04 | MSE loss: 8.9881e-04 | time: 0.164
I 06.01/00:29:19 solver.py:136 ] Epoch: [159/400][140/400] lr: 1.63e-04 | MSE loss: 9.0369e-04 | time: 0.164
I 06.01/00:29:23 solver.py:136 ] Epoch: [159/400][160/400] lr: 1.63e-04 | MSE loss: 9.1133e-04 | time: 0.167
I 06.01/00:29:26 solver.py:136 ] Epoch: [159/400][180/400] lr: 1.63e-04 | MSE loss: 9.1714e-04 | time: 0.167
I 06.01/00:29:30 solver.py:136 ] Epoch: [159/400][200/400] lr: 1.63e-04 | MSE loss: 9.2121e-04 | time: 0.168
I 06.01/00:29:33 solver.py:136 ] Epoch: [159/400][220/400] lr: 1.63e-04 | MSE loss: 9.2206e-04 | time: 0.166
I 06.01/00:29:36 solver.py:136 ] Epoch: [159/400][240/400] lr: 1.63e-04 | MSE loss: 9.2237e-04 | time: 0.165
I 06.01/00:29:39 solver.py:136 ] Epoch: [159/400][260/400] lr: 1.63e-04 | MSE loss: 9.2241e-04 | time: 0.165
I 06.01/00:29:43 solver.py:136 ] Epoch: [159/400][280/400] lr: 1.63e-04 | MSE loss: 9.2302e-04 | time: 0.166
I 06.01/00:29:46 solver.py:136 ] Epoch: [159/400][300/400] lr: 1.63e-04 | MSE loss: 9.2371e-04 | time: 0.165
I 06.01/00:29:49 solver.py:136 ] Epoch: [159/400][320/400] lr: 1.63e-04 | MSE loss: 9.2650e-04 | time: 0.165
I 06.01/00:29:53 solver.py:136 ] Epoch: [159/400][340/400] lr: 1.63e-04 | MSE loss: 9.3037e-04 | time: 0.167
I 06.01/00:29:57 solver.py:136 ] Epoch: [159/400][360/400] lr: 1.63e-04 | MSE loss: 9.3382e-04 | time: 0.167
I 06.01/00:30:00 solver.py:136 ] Epoch: [159/400][380/400] lr: 1.63e-04 | MSE loss: 9.3703e-04 | time: 0.166
I 06.01/00:30:05 solver.py:136 ] Epoch: [159/400][400/400] lr: 1.63e-04 | MSE loss: 9.3750e-04 | time: 0.171
I 06.01/00:30:05 solver.py:146 ] => Train  Loss: 9.3750e-04

I 06.01/00:30:08 solver.py:205 ] 
=! Best NMSE: -2.5412e+01 (epoch=150)

I 06.01/00:30:11 solver.py:136 ] Epoch: [160/400][20/400] lr: 1.63e-04 | MSE loss: 9.1560e-04 | time: 0.136
I 06.01/00:30:14 solver.py:136 ] Epoch: [160/400][40/400] lr: 1.63e-04 | MSE loss: 9.4081e-04 | time: 0.137
I 06.01/00:30:17 solver.py:136 ] Epoch: [160/400][60/400] lr: 1.63e-04 | MSE loss: 9.3851e-04 | time: 0.150
I 06.01/00:30:21 solver.py:136 ] Epoch: [160/400][80/400] lr: 1.63e-04 | MSE loss: 9.3631e-04 | time: 0.157
I 06.01/00:30:24 solver.py:136 ] Epoch: [160/400][100/400] lr: 1.63e-04 | MSE loss: 9.3071e-04 | time: 0.159
I 06.01/00:30:27 solver.py:136 ] Epoch: [160/400][120/400] lr: 1.63e-04 | MSE loss: 9.2943e-04 | time: 0.156
I 06.01/00:30:30 solver.py:136 ] Epoch: [160/400][140/400] lr: 1.63e-04 | MSE loss: 9.3417e-04 | time: 0.157
I 06.01/00:30:33 solver.py:136 ] Epoch: [160/400][160/400] lr: 1.63e-04 | MSE loss: 9.3174e-04 | time: 0.158
I 06.01/00:30:36 solver.py:136 ] Epoch: [160/400][180/400] lr: 1.63e-04 | MSE loss: 9.2974e-04 | time: 0.155
I 06.01/00:30:39 solver.py:136 ] Epoch: [160/400][200/400] lr: 1.63e-04 | MSE loss: 9.2688e-04 | time: 0.155
I 06.01/00:30:42 solver.py:136 ] Epoch: [160/400][220/400] lr: 1.63e-04 | MSE loss: 9.2470e-04 | time: 0.155
I 06.01/00:30:46 solver.py:136 ] Epoch: [160/400][240/400] lr: 1.63e-04 | MSE loss: 9.2805e-04 | time: 0.156
I 06.01/00:30:49 solver.py:136 ] Epoch: [160/400][260/400] lr: 1.63e-04 | MSE loss: 9.2660e-04 | time: 0.157
I 06.01/00:30:52 solver.py:136 ] Epoch: [160/400][280/400] lr: 1.63e-04 | MSE loss: 9.2900e-04 | time: 0.157
I 06.01/00:30:56 solver.py:136 ] Epoch: [160/400][300/400] lr: 1.63e-04 | MSE loss: 9.3121e-04 | time: 0.158
I 06.01/00:30:59 solver.py:136 ] Epoch: [160/400][320/400] lr: 1.63e-04 | MSE loss: 9.3313e-04 | time: 0.158
I 06.01/00:31:04 solver.py:136 ] Epoch: [160/400][340/400] lr: 1.63e-04 | MSE loss: 9.3380e-04 | time: 0.163
I 06.01/00:31:07 solver.py:136 ] Epoch: [160/400][360/400] lr: 1.63e-04 | MSE loss: 9.3398e-04 | time: 0.164
I 06.01/00:31:10 solver.py:136 ] Epoch: [160/400][380/400] lr: 1.63e-04 | MSE loss: 9.3437e-04 | time: 0.164
I 06.01/00:31:14 solver.py:136 ] Epoch: [160/400][400/400] lr: 1.63e-04 | MSE loss: 9.3534e-04 | time: 0.164
I 06.01/00:31:14 solver.py:146 ] => Train  Loss: 9.3534e-04

I 06.01/00:31:17 solver.py:136 ] Epoch: [160/400][20/50] lr: 1.63e-04 | MSE loss: 1.3550e-03 | time: 0.152
I 06.01/00:31:20 solver.py:136 ] Epoch: [160/400][40/50] lr: 1.63e-04 | MSE loss: 1.3768e-03 | time: 0.150
I 06.01/00:31:22 solver.py:146 ] => Val  Loss: 1.3669e-03

I 06.01/00:31:24 solver.py:287 ] [20/50] loss: 1.3885e-03 | NMSE: -2.5590e+01 | time: 0.136
I 06.01/00:31:27 solver.py:287 ] [40/50] loss: 1.3935e-03 | NMSE: -2.5585e+01 | time: 0.141
I 06.01/00:31:29 solver.py:291 ] => Test NMSE: -2.5570e+01

I 06.01/00:31:38 solver.py:205 ] 
=! Best NMSE: -2.5570e+01 (epoch=160)

I 06.01/00:31:41 solver.py:136 ] Epoch: [161/400][20/400] lr: 1.62e-04 | MSE loss: 9.0168e-04 | time: 0.158
I 06.01/00:31:45 solver.py:136 ] Epoch: [161/400][40/400] lr: 1.62e-04 | MSE loss: 9.2078e-04 | time: 0.167
I 06.01/00:31:48 solver.py:136 ] Epoch: [161/400][60/400] lr: 1.62e-04 | MSE loss: 9.1814e-04 | time: 0.160
I 06.01/00:31:50 solver.py:136 ] Epoch: [161/400][80/400] lr: 1.62e-04 | MSE loss: 9.1240e-04 | time: 0.154
I 06.01/00:31:53 solver.py:136 ] Epoch: [161/400][100/400] lr: 1.62e-04 | MSE loss: 9.1397e-04 | time: 0.152
I 06.01/00:31:56 solver.py:136 ] Epoch: [161/400][120/400] lr: 1.62e-04 | MSE loss: 9.1794e-04 | time: 0.152
I 06.01/00:32:00 solver.py:136 ] Epoch: [161/400][140/400] lr: 1.62e-04 | MSE loss: 9.1809e-04 | time: 0.153
I 06.01/00:32:05 solver.py:136 ] Epoch: [161/400][160/400] lr: 1.62e-04 | MSE loss: 9.1704e-04 | time: 0.168
I 06.01/00:32:08 solver.py:136 ] Epoch: [161/400][180/400] lr: 1.62e-04 | MSE loss: 9.2271e-04 | time: 0.168
I 06.01/00:32:12 solver.py:136 ] Epoch: [161/400][200/400] lr: 1.62e-04 | MSE loss: 9.2273e-04 | time: 0.169
I 06.01/00:32:15 solver.py:136 ] Epoch: [161/400][220/400] lr: 1.62e-04 | MSE loss: 9.2518e-04 | time: 0.169
I 06.01/00:32:19 solver.py:136 ] Epoch: [161/400][240/400] lr: 1.62e-04 | MSE loss: 9.2893e-04 | time: 0.168
I 06.01/00:32:22 solver.py:136 ] Epoch: [161/400][260/400] lr: 1.62e-04 | MSE loss: 9.2774e-04 | time: 0.169
I 06.01/00:32:25 solver.py:136 ] Epoch: [161/400][280/400] lr: 1.62e-04 | MSE loss: 9.2732e-04 | time: 0.169
I 06.01/00:32:28 solver.py:136 ] Epoch: [161/400][300/400] lr: 1.62e-04 | MSE loss: 9.3010e-04 | time: 0.168
I 06.01/00:32:32 solver.py:136 ] Epoch: [161/400][320/400] lr: 1.62e-04 | MSE loss: 9.2944e-04 | time: 0.168
I 06.01/00:32:35 solver.py:136 ] Epoch: [161/400][340/400] lr: 1.62e-04 | MSE loss: 9.2854e-04 | time: 0.167
I 06.01/00:32:38 solver.py:136 ] Epoch: [161/400][360/400] lr: 1.62e-04 | MSE loss: 9.2766e-04 | time: 0.166
I 06.01/00:32:41 solver.py:136 ] Epoch: [161/400][380/400] lr: 1.62e-04 | MSE loss: 9.2866e-04 | time: 0.165
I 06.01/00:32:44 solver.py:136 ] Epoch: [161/400][400/400] lr: 1.62e-04 | MSE loss: 9.2851e-04 | time: 0.164
I 06.01/00:32:44 solver.py:146 ] => Train  Loss: 9.2851e-04

I 06.01/00:32:49 solver.py:205 ] 
=! Best NMSE: -2.5570e+01 (epoch=160)

I 06.01/00:32:53 solver.py:136 ] Epoch: [162/400][20/400] lr: 1.62e-04 | MSE loss: 9.3172e-04 | time: 0.147
I 06.01/00:32:56 solver.py:136 ] Epoch: [162/400][40/400] lr: 1.62e-04 | MSE loss: 9.3177e-04 | time: 0.164
I 06.01/00:32:59 solver.py:136 ] Epoch: [162/400][60/400] lr: 1.62e-04 | MSE loss: 9.1526e-04 | time: 0.163
I 06.01/00:33:04 solver.py:136 ] Epoch: [162/400][80/400] lr: 1.62e-04 | MSE loss: 9.2775e-04 | time: 0.186
I 06.01/00:33:08 solver.py:136 ] Epoch: [162/400][100/400] lr: 1.62e-04 | MSE loss: 9.3057e-04 | time: 0.184
I 06.01/00:33:11 solver.py:136 ] Epoch: [162/400][120/400] lr: 1.62e-04 | MSE loss: 9.2850e-04 | time: 0.178
I 06.01/00:33:14 solver.py:136 ] Epoch: [162/400][140/400] lr: 1.62e-04 | MSE loss: 9.2316e-04 | time: 0.177
I 06.01/00:33:18 solver.py:136 ] Epoch: [162/400][160/400] lr: 1.62e-04 | MSE loss: 9.2838e-04 | time: 0.177
I 06.01/00:33:21 solver.py:136 ] Epoch: [162/400][180/400] lr: 1.62e-04 | MSE loss: 9.3116e-04 | time: 0.175
I 06.01/00:33:24 solver.py:136 ] Epoch: [162/400][200/400] lr: 1.62e-04 | MSE loss: 9.2852e-04 | time: 0.172
I 06.01/00:33:27 solver.py:136 ] Epoch: [162/400][220/400] lr: 1.62e-04 | MSE loss: 9.2742e-04 | time: 0.171
I 06.01/00:33:31 solver.py:136 ] Epoch: [162/400][240/400] lr: 1.62e-04 | MSE loss: 9.2832e-04 | time: 0.170
I 06.01/00:33:33 solver.py:136 ] Epoch: [162/400][260/400] lr: 1.62e-04 | MSE loss: 9.3127e-04 | time: 0.168
I 06.01/00:33:37 solver.py:136 ] Epoch: [162/400][280/400] lr: 1.62e-04 | MSE loss: 9.3262e-04 | time: 0.168
I 06.01/00:33:40 solver.py:136 ] Epoch: [162/400][300/400] lr: 1.62e-04 | MSE loss: 9.3266e-04 | time: 0.167
I 06.01/00:33:43 solver.py:136 ] Epoch: [162/400][320/400] lr: 1.61e-04 | MSE loss: 9.3115e-04 | time: 0.166
I 06.01/00:33:46 solver.py:136 ] Epoch: [162/400][340/400] lr: 1.61e-04 | MSE loss: 9.3101e-04 | time: 0.165
I 06.01/00:33:49 solver.py:136 ] Epoch: [162/400][360/400] lr: 1.61e-04 | MSE loss: 9.3112e-04 | time: 0.166
I 06.01/00:33:52 solver.py:136 ] Epoch: [162/400][380/400] lr: 1.61e-04 | MSE loss: 9.3105e-04 | time: 0.165
I 06.01/00:33:55 solver.py:136 ] Epoch: [162/400][400/400] lr: 1.61e-04 | MSE loss: 9.3066e-04 | time: 0.164
I 06.01/00:33:55 solver.py:146 ] => Train  Loss: 9.3066e-04

I 06.01/00:34:02 solver.py:205 ] 
=! Best NMSE: -2.5570e+01 (epoch=160)

I 06.01/00:34:07 solver.py:136 ] Epoch: [163/400][20/400] lr: 1.61e-04 | MSE loss: 9.0418e-04 | time: 0.235
I 06.01/00:34:10 solver.py:136 ] Epoch: [163/400][40/400] lr: 1.61e-04 | MSE loss: 8.9188e-04 | time: 0.195
I 06.01/00:34:13 solver.py:136 ] Epoch: [163/400][60/400] lr: 1.61e-04 | MSE loss: 8.9770e-04 | time: 0.191
I 06.01/00:34:17 solver.py:136 ] Epoch: [163/400][80/400] lr: 1.61e-04 | MSE loss: 8.9125e-04 | time: 0.187
I 06.01/00:34:20 solver.py:136 ] Epoch: [163/400][100/400] lr: 1.61e-04 | MSE loss: 8.9659e-04 | time: 0.183
I 06.01/00:34:23 solver.py:136 ] Epoch: [163/400][120/400] lr: 1.61e-04 | MSE loss: 8.9701e-04 | time: 0.179
I 06.01/00:34:27 solver.py:136 ] Epoch: [163/400][140/400] lr: 1.61e-04 | MSE loss: 9.0158e-04 | time: 0.177
I 06.01/00:34:30 solver.py:136 ] Epoch: [163/400][160/400] lr: 1.61e-04 | MSE loss: 9.0208e-04 | time: 0.173
I 06.01/00:34:33 solver.py:136 ] Epoch: [163/400][180/400] lr: 1.61e-04 | MSE loss: 9.0307e-04 | time: 0.173
I 06.01/00:34:36 solver.py:136 ] Epoch: [163/400][200/400] lr: 1.61e-04 | MSE loss: 9.0172e-04 | time: 0.170
I 06.01/00:34:39 solver.py:136 ] Epoch: [163/400][220/400] lr: 1.61e-04 | MSE loss: 9.0313e-04 | time: 0.168
I 06.01/00:34:42 solver.py:136 ] Epoch: [163/400][240/400] lr: 1.61e-04 | MSE loss: 9.0563e-04 | time: 0.166
I 06.01/00:34:44 solver.py:136 ] Epoch: [163/400][260/400] lr: 1.61e-04 | MSE loss: 9.0802e-04 | time: 0.164
I 06.01/00:34:48 solver.py:136 ] Epoch: [163/400][280/400] lr: 1.61e-04 | MSE loss: 9.0965e-04 | time: 0.164
I 06.01/00:34:51 solver.py:136 ] Epoch: [163/400][300/400] lr: 1.61e-04 | MSE loss: 9.0972e-04 | time: 0.163
I 06.01/00:34:54 solver.py:136 ] Epoch: [163/400][320/400] lr: 1.61e-04 | MSE loss: 9.1007e-04 | time: 0.161
I 06.01/00:34:57 solver.py:136 ] Epoch: [163/400][340/400] lr: 1.61e-04 | MSE loss: 9.0952e-04 | time: 0.163
I 06.01/00:35:00 solver.py:136 ] Epoch: [163/400][360/400] lr: 1.61e-04 | MSE loss: 9.0979e-04 | time: 0.162
I 06.01/00:35:06 solver.py:136 ] Epoch: [163/400][380/400] lr: 1.61e-04 | MSE loss: 9.1099e-04 | time: 0.168
I 06.01/00:35:08 solver.py:136 ] Epoch: [163/400][400/400] lr: 1.61e-04 | MSE loss: 9.1243e-04 | time: 0.166
I 06.01/00:35:08 solver.py:146 ] => Train  Loss: 9.1243e-04

I 06.01/00:35:13 solver.py:205 ] 
=! Best NMSE: -2.5570e+01 (epoch=160)

I 06.01/00:35:16 solver.py:136 ] Epoch: [164/400][20/400] lr: 1.61e-04 | MSE loss: 8.8455e-04 | time: 0.168
I 06.01/00:35:20 solver.py:136 ] Epoch: [164/400][40/400] lr: 1.61e-04 | MSE loss: 8.8888e-04 | time: 0.178
I 06.01/00:35:23 solver.py:136 ] Epoch: [164/400][60/400] lr: 1.61e-04 | MSE loss: 8.8864e-04 | time: 0.177
I 06.01/00:35:27 solver.py:136 ] Epoch: [164/400][80/400] lr: 1.61e-04 | MSE loss: 8.9914e-04 | time: 0.174
I 06.01/00:35:30 solver.py:136 ] Epoch: [164/400][100/400] lr: 1.61e-04 | MSE loss: 9.0566e-04 | time: 0.177
I 06.01/00:35:33 solver.py:136 ] Epoch: [164/400][120/400] lr: 1.61e-04 | MSE loss: 9.0461e-04 | time: 0.172
I 06.01/00:35:36 solver.py:136 ] Epoch: [164/400][140/400] lr: 1.61e-04 | MSE loss: 9.0924e-04 | time: 0.169
I 06.01/00:35:39 solver.py:136 ] Epoch: [164/400][160/400] lr: 1.61e-04 | MSE loss: 9.1095e-04 | time: 0.167
I 06.01/00:35:43 solver.py:136 ] Epoch: [164/400][180/400] lr: 1.61e-04 | MSE loss: 9.1257e-04 | time: 0.166
I 06.01/00:35:46 solver.py:136 ] Epoch: [164/400][200/400] lr: 1.60e-04 | MSE loss: 9.1328e-04 | time: 0.164
I 06.01/00:35:49 solver.py:136 ] Epoch: [164/400][220/400] lr: 1.60e-04 | MSE loss: 9.1059e-04 | time: 0.164
I 06.01/00:35:52 solver.py:136 ] Epoch: [164/400][240/400] lr: 1.60e-04 | MSE loss: 9.0794e-04 | time: 0.164
I 06.01/00:35:55 solver.py:136 ] Epoch: [164/400][260/400] lr: 1.60e-04 | MSE loss: 9.0574e-04 | time: 0.164
I 06.01/00:35:58 solver.py:136 ] Epoch: [164/400][280/400] lr: 1.60e-04 | MSE loss: 9.0874e-04 | time: 0.162
I 06.01/00:36:01 solver.py:136 ] Epoch: [164/400][300/400] lr: 1.60e-04 | MSE loss: 9.1154e-04 | time: 0.161
I 06.01/00:36:06 solver.py:136 ] Epoch: [164/400][320/400] lr: 1.60e-04 | MSE loss: 9.1512e-04 | time: 0.165
I 06.01/00:36:09 solver.py:136 ] Epoch: [164/400][340/400] lr: 1.60e-04 | MSE loss: 9.1929e-04 | time: 0.165
I 06.01/00:36:12 solver.py:136 ] Epoch: [164/400][360/400] lr: 1.60e-04 | MSE loss: 9.2076e-04 | time: 0.164
I 06.01/00:36:15 solver.py:136 ] Epoch: [164/400][380/400] lr: 1.60e-04 | MSE loss: 9.2047e-04 | time: 0.163
I 06.01/00:36:18 solver.py:136 ] Epoch: [164/400][400/400] lr: 1.60e-04 | MSE loss: 9.1921e-04 | time: 0.163
I 06.01/00:36:18 solver.py:146 ] => Train  Loss: 9.1921e-04

I 06.01/00:36:22 solver.py:205 ] 
=! Best NMSE: -2.5570e+01 (epoch=160)

I 06.01/00:36:26 solver.py:136 ] Epoch: [165/400][20/400] lr: 1.60e-04 | MSE loss: 9.0970e-04 | time: 0.187
I 06.01/00:36:30 solver.py:136 ] Epoch: [165/400][40/400] lr: 1.60e-04 | MSE loss: 9.2370e-04 | time: 0.183
I 06.01/00:36:33 solver.py:136 ] Epoch: [165/400][60/400] lr: 1.60e-04 | MSE loss: 9.1892e-04 | time: 0.175
I 06.01/00:36:36 solver.py:136 ] Epoch: [165/400][80/400] lr: 1.60e-04 | MSE loss: 9.2907e-04 | time: 0.171
I 06.01/00:36:39 solver.py:136 ] Epoch: [165/400][100/400] lr: 1.60e-04 | MSE loss: 9.2552e-04 | time: 0.164
I 06.01/00:36:42 solver.py:136 ] Epoch: [165/400][120/400] lr: 1.60e-04 | MSE loss: 9.2216e-04 | time: 0.163
I 06.01/00:36:45 solver.py:136 ] Epoch: [165/400][140/400] lr: 1.60e-04 | MSE loss: 9.1649e-04 | time: 0.163
I 06.01/00:36:48 solver.py:136 ] Epoch: [165/400][160/400] lr: 1.60e-04 | MSE loss: 9.1567e-04 | time: 0.161
I 06.01/00:36:51 solver.py:136 ] Epoch: [165/400][180/400] lr: 1.60e-04 | MSE loss: 9.1668e-04 | time: 0.159
I 06.01/00:36:55 solver.py:136 ] Epoch: [165/400][200/400] lr: 1.60e-04 | MSE loss: 9.1191e-04 | time: 0.161
I 06.01/00:36:58 solver.py:136 ] Epoch: [165/400][220/400] lr: 1.60e-04 | MSE loss: 9.0966e-04 | time: 0.161
I 06.01/00:37:02 solver.py:136 ] Epoch: [165/400][240/400] lr: 1.60e-04 | MSE loss: 9.0907e-04 | time: 0.163
I 06.01/00:37:06 solver.py:136 ] Epoch: [165/400][260/400] lr: 1.60e-04 | MSE loss: 9.0598e-04 | time: 0.168
I 06.01/00:37:09 solver.py:136 ] Epoch: [165/400][280/400] lr: 1.60e-04 | MSE loss: 9.0360e-04 | time: 0.166
I 06.01/00:37:12 solver.py:136 ] Epoch: [165/400][300/400] lr: 1.60e-04 | MSE loss: 9.0308e-04 | time: 0.166
I 06.01/00:37:15 solver.py:136 ] Epoch: [165/400][320/400] lr: 1.60e-04 | MSE loss: 9.0483e-04 | time: 0.165
I 06.01/00:37:18 solver.py:136 ] Epoch: [165/400][340/400] lr: 1.60e-04 | MSE loss: 9.0508e-04 | time: 0.162
I 06.01/00:37:20 solver.py:136 ] Epoch: [165/400][360/400] lr: 1.60e-04 | MSE loss: 9.0555e-04 | time: 0.161
I 06.01/00:37:23 solver.py:136 ] Epoch: [165/400][380/400] lr: 1.60e-04 | MSE loss: 9.0586e-04 | time: 0.160
I 06.01/00:37:26 solver.py:136 ] Epoch: [165/400][400/400] lr: 1.60e-04 | MSE loss: 9.0508e-04 | time: 0.159
I 06.01/00:37:26 solver.py:146 ] => Train  Loss: 9.0508e-04

I 06.01/00:37:32 solver.py:205 ] 
=! Best NMSE: -2.5570e+01 (epoch=160)

I 06.01/00:37:35 solver.py:136 ] Epoch: [166/400][20/400] lr: 1.60e-04 | MSE loss: 8.6155e-04 | time: 0.170
I 06.01/00:37:38 solver.py:136 ] Epoch: [166/400][40/400] lr: 1.60e-04 | MSE loss: 8.7565e-04 | time: 0.167
I 06.01/00:37:42 solver.py:136 ] Epoch: [166/400][60/400] lr: 1.60e-04 | MSE loss: 8.8917e-04 | time: 0.167
I 06.01/00:37:45 solver.py:136 ] Epoch: [166/400][80/400] lr: 1.60e-04 | MSE loss: 8.8647e-04 | time: 0.166
I 06.01/00:37:49 solver.py:136 ] Epoch: [166/400][100/400] lr: 1.59e-04 | MSE loss: 8.9292e-04 | time: 0.167
I 06.01/00:37:51 solver.py:136 ] Epoch: [166/400][120/400] lr: 1.59e-04 | MSE loss: 8.9739e-04 | time: 0.164
I 06.01/00:37:54 solver.py:136 ] Epoch: [166/400][140/400] lr: 1.59e-04 | MSE loss: 9.0217e-04 | time: 0.161
I 06.01/00:37:58 solver.py:136 ] Epoch: [166/400][160/400] lr: 1.59e-04 | MSE loss: 9.0582e-04 | time: 0.161
I 06.01/00:38:01 solver.py:136 ] Epoch: [166/400][180/400] lr: 1.59e-04 | MSE loss: 9.0752e-04 | time: 0.161
I 06.01/00:38:06 solver.py:136 ] Epoch: [166/400][200/400] lr: 1.59e-04 | MSE loss: 9.0633e-04 | time: 0.170
I 06.01/00:38:09 solver.py:136 ] Epoch: [166/400][220/400] lr: 1.59e-04 | MSE loss: 9.0666e-04 | time: 0.168
I 06.01/00:38:12 solver.py:136 ] Epoch: [166/400][240/400] lr: 1.59e-04 | MSE loss: 9.0409e-04 | time: 0.167
I 06.01/00:38:15 solver.py:136 ] Epoch: [166/400][260/400] lr: 1.59e-04 | MSE loss: 9.0383e-04 | time: 0.167
I 06.01/00:38:19 solver.py:136 ] Epoch: [166/400][280/400] lr: 1.59e-04 | MSE loss: 9.0384e-04 | time: 0.167
I 06.01/00:38:22 solver.py:136 ] Epoch: [166/400][300/400] lr: 1.59e-04 | MSE loss: 9.0241e-04 | time: 0.166
I 06.01/00:38:25 solver.py:136 ] Epoch: [166/400][320/400] lr: 1.59e-04 | MSE loss: 9.0407e-04 | time: 0.166
I 06.01/00:38:28 solver.py:136 ] Epoch: [166/400][340/400] lr: 1.59e-04 | MSE loss: 9.0393e-04 | time: 0.166
I 06.01/00:38:31 solver.py:136 ] Epoch: [166/400][360/400] lr: 1.59e-04 | MSE loss: 9.0308e-04 | time: 0.165
I 06.01/00:38:34 solver.py:136 ] Epoch: [166/400][380/400] lr: 1.59e-04 | MSE loss: 9.0277e-04 | time: 0.163
I 06.01/00:38:37 solver.py:136 ] Epoch: [166/400][400/400] lr: 1.59e-04 | MSE loss: 9.0124e-04 | time: 0.162
I 06.01/00:38:37 solver.py:146 ] => Train  Loss: 9.0124e-04

I 06.01/00:38:43 solver.py:205 ] 
=! Best NMSE: -2.5570e+01 (epoch=160)

I 06.01/00:38:47 solver.py:136 ] Epoch: [167/400][20/400] lr: 1.59e-04 | MSE loss: 8.4602e-04 | time: 0.171
I 06.01/00:38:50 solver.py:136 ] Epoch: [167/400][40/400] lr: 1.59e-04 | MSE loss: 8.4576e-04 | time: 0.167
I 06.01/00:38:53 solver.py:136 ] Epoch: [167/400][60/400] lr: 1.59e-04 | MSE loss: 8.5724e-04 | time: 0.160
I 06.01/00:38:57 solver.py:136 ] Epoch: [167/400][80/400] lr: 1.59e-04 | MSE loss: 8.6167e-04 | time: 0.160
I 06.01/00:39:00 solver.py:136 ] Epoch: [167/400][100/400] lr: 1.59e-04 | MSE loss: 8.6865e-04 | time: 0.163
I 06.01/00:39:06 solver.py:136 ] Epoch: [167/400][120/400] lr: 1.59e-04 | MSE loss: 8.7158e-04 | time: 0.183
I 06.01/00:39:08 solver.py:136 ] Epoch: [167/400][140/400] lr: 1.59e-04 | MSE loss: 8.7191e-04 | time: 0.176
I 06.01/00:39:11 solver.py:136 ] Epoch: [167/400][160/400] lr: 1.59e-04 | MSE loss: 8.7545e-04 | time: 0.172
I 06.01/00:39:14 solver.py:136 ] Epoch: [167/400][180/400] lr: 1.59e-04 | MSE loss: 8.7958e-04 | time: 0.169
I 06.01/00:39:17 solver.py:136 ] Epoch: [167/400][200/400] lr: 1.59e-04 | MSE loss: 8.8111e-04 | time: 0.168
I 06.01/00:39:21 solver.py:136 ] Epoch: [167/400][220/400] lr: 1.59e-04 | MSE loss: 8.7977e-04 | time: 0.169
I 06.01/00:39:24 solver.py:136 ] Epoch: [167/400][240/400] lr: 1.59e-04 | MSE loss: 8.8146e-04 | time: 0.170
I 06.01/00:39:28 solver.py:136 ] Epoch: [167/400][260/400] lr: 1.59e-04 | MSE loss: 8.8087e-04 | time: 0.170
I 06.01/00:39:31 solver.py:136 ] Epoch: [167/400][280/400] lr: 1.59e-04 | MSE loss: 8.7806e-04 | time: 0.168
I 06.01/00:39:34 solver.py:136 ] Epoch: [167/400][300/400] lr: 1.59e-04 | MSE loss: 8.8006e-04 | time: 0.168
I 06.01/00:39:37 solver.py:136 ] Epoch: [167/400][320/400] lr: 1.59e-04 | MSE loss: 8.7996e-04 | time: 0.167
I 06.01/00:39:40 solver.py:136 ] Epoch: [167/400][340/400] lr: 1.59e-04 | MSE loss: 8.7852e-04 | time: 0.165
I 06.01/00:39:42 solver.py:136 ] Epoch: [167/400][360/400] lr: 1.59e-04 | MSE loss: 8.7900e-04 | time: 0.163
I 06.01/00:39:46 solver.py:136 ] Epoch: [167/400][380/400] lr: 1.58e-04 | MSE loss: 8.8066e-04 | time: 0.164
I 06.01/00:39:49 solver.py:136 ] Epoch: [167/400][400/400] lr: 1.58e-04 | MSE loss: 8.8239e-04 | time: 0.164
I 06.01/00:39:49 solver.py:146 ] => Train  Loss: 8.8239e-04

I 06.01/00:39:54 solver.py:205 ] 
=! Best NMSE: -2.5570e+01 (epoch=160)

I 06.01/00:39:57 solver.py:136 ] Epoch: [168/400][20/400] lr: 1.58e-04 | MSE loss: 8.8559e-04 | time: 0.151
I 06.01/00:40:00 solver.py:136 ] Epoch: [168/400][40/400] lr: 1.58e-04 | MSE loss: 8.6998e-04 | time: 0.162
I 06.01/00:40:06 solver.py:136 ] Epoch: [168/400][60/400] lr: 1.58e-04 | MSE loss: 8.7108e-04 | time: 0.199
I 06.01/00:40:09 solver.py:136 ] Epoch: [168/400][80/400] lr: 1.58e-04 | MSE loss: 8.7100e-04 | time: 0.190
I 06.01/00:40:12 solver.py:136 ] Epoch: [168/400][100/400] lr: 1.58e-04 | MSE loss: 8.7689e-04 | time: 0.182
I 06.01/00:40:15 solver.py:136 ] Epoch: [168/400][120/400] lr: 1.58e-04 | MSE loss: 8.7806e-04 | time: 0.176
I 06.01/00:40:18 solver.py:136 ] Epoch: [168/400][140/400] lr: 1.58e-04 | MSE loss: 8.7424e-04 | time: 0.177
I 06.01/00:40:22 solver.py:136 ] Epoch: [168/400][160/400] lr: 1.58e-04 | MSE loss: 8.7089e-04 | time: 0.176
I 06.01/00:40:25 solver.py:136 ] Epoch: [168/400][180/400] lr: 1.58e-04 | MSE loss: 8.6889e-04 | time: 0.174
I 06.01/00:40:29 solver.py:136 ] Epoch: [168/400][200/400] lr: 1.58e-04 | MSE loss: 8.6592e-04 | time: 0.174
I 06.01/00:40:32 solver.py:136 ] Epoch: [168/400][220/400] lr: 1.58e-04 | MSE loss: 8.6787e-04 | time: 0.172
I 06.01/00:40:35 solver.py:136 ] Epoch: [168/400][240/400] lr: 1.58e-04 | MSE loss: 8.6987e-04 | time: 0.171
I 06.01/00:40:38 solver.py:136 ] Epoch: [168/400][260/400] lr: 1.58e-04 | MSE loss: 8.7339e-04 | time: 0.169
I 06.01/00:40:41 solver.py:136 ] Epoch: [168/400][280/400] lr: 1.58e-04 | MSE loss: 8.7459e-04 | time: 0.168
I 06.01/00:40:44 solver.py:136 ] Epoch: [168/400][300/400] lr: 1.58e-04 | MSE loss: 8.7414e-04 | time: 0.168
I 06.01/00:40:47 solver.py:136 ] Epoch: [168/400][320/400] lr: 1.58e-04 | MSE loss: 8.7757e-04 | time: 0.167
I 06.01/00:40:50 solver.py:136 ] Epoch: [168/400][340/400] lr: 1.58e-04 | MSE loss: 8.8015e-04 | time: 0.166
I 06.01/00:40:53 solver.py:136 ] Epoch: [168/400][360/400] lr: 1.58e-04 | MSE loss: 8.8015e-04 | time: 0.166
I 06.01/00:40:57 solver.py:136 ] Epoch: [168/400][380/400] lr: 1.58e-04 | MSE loss: 8.8170e-04 | time: 0.165
I 06.01/00:41:00 solver.py:136 ] Epoch: [168/400][400/400] lr: 1.58e-04 | MSE loss: 8.8288e-04 | time: 0.165
I 06.01/00:41:00 solver.py:146 ] => Train  Loss: 8.8288e-04

I 06.01/00:41:07 solver.py:205 ] 
=! Best NMSE: -2.5570e+01 (epoch=160)

I 06.01/00:41:11 solver.py:136 ] Epoch: [169/400][20/400] lr: 1.58e-04 | MSE loss: 8.4212e-04 | time: 0.176
I 06.01/00:41:14 solver.py:136 ] Epoch: [169/400][40/400] lr: 1.58e-04 | MSE loss: 8.5751e-04 | time: 0.167
I 06.01/00:41:17 solver.py:136 ] Epoch: [169/400][60/400] lr: 1.58e-04 | MSE loss: 8.6470e-04 | time: 0.160
I 06.01/00:41:20 solver.py:136 ] Epoch: [169/400][80/400] lr: 1.58e-04 | MSE loss: 8.7052e-04 | time: 0.161
I 06.01/00:41:23 solver.py:136 ] Epoch: [169/400][100/400] lr: 1.58e-04 | MSE loss: 8.7175e-04 | time: 0.160
I 06.01/00:41:26 solver.py:136 ] Epoch: [169/400][120/400] lr: 1.58e-04 | MSE loss: 8.7266e-04 | time: 0.159
I 06.01/00:41:29 solver.py:136 ] Epoch: [169/400][140/400] lr: 1.58e-04 | MSE loss: 8.7217e-04 | time: 0.158
I 06.01/00:41:32 solver.py:136 ] Epoch: [169/400][160/400] lr: 1.58e-04 | MSE loss: 8.6949e-04 | time: 0.156
I 06.01/00:41:36 solver.py:136 ] Epoch: [169/400][180/400] lr: 1.58e-04 | MSE loss: 8.7186e-04 | time: 0.158
I 06.01/00:41:39 solver.py:136 ] Epoch: [169/400][200/400] lr: 1.58e-04 | MSE loss: 8.7183e-04 | time: 0.159
I 06.01/00:41:42 solver.py:136 ] Epoch: [169/400][220/400] lr: 1.58e-04 | MSE loss: 8.7072e-04 | time: 0.161
I 06.01/00:41:46 solver.py:136 ] Epoch: [169/400][240/400] lr: 1.58e-04 | MSE loss: 8.7461e-04 | time: 0.161
I 06.01/00:41:49 solver.py:136 ] Epoch: [169/400][260/400] lr: 1.57e-04 | MSE loss: 8.7589e-04 | time: 0.161
I 06.01/00:41:52 solver.py:136 ] Epoch: [169/400][280/400] lr: 1.57e-04 | MSE loss: 8.7687e-04 | time: 0.161
I 06.01/00:41:55 solver.py:136 ] Epoch: [169/400][300/400] lr: 1.57e-04 | MSE loss: 8.7799e-04 | time: 0.160
I 06.01/00:41:58 solver.py:136 ] Epoch: [169/400][320/400] lr: 1.57e-04 | MSE loss: 8.8090e-04 | time: 0.160
I 06.01/00:42:02 solver.py:136 ] Epoch: [169/400][340/400] lr: 1.57e-04 | MSE loss: 8.8159e-04 | time: 0.163
I 06.01/00:42:07 solver.py:136 ] Epoch: [169/400][360/400] lr: 1.57e-04 | MSE loss: 8.7995e-04 | time: 0.166
I 06.01/00:42:10 solver.py:136 ] Epoch: [169/400][380/400] lr: 1.57e-04 | MSE loss: 8.8002e-04 | time: 0.166
I 06.01/00:42:13 solver.py:136 ] Epoch: [169/400][400/400] lr: 1.57e-04 | MSE loss: 8.7973e-04 | time: 0.165
I 06.01/00:42:13 solver.py:146 ] => Train  Loss: 8.7973e-04

I 06.01/00:42:19 solver.py:205 ] 
=! Best NMSE: -2.5570e+01 (epoch=160)

I 06.01/00:42:22 solver.py:136 ] Epoch: [170/400][20/400] lr: 1.57e-04 | MSE loss: 8.4968e-04 | time: 0.168
I 06.01/00:42:25 solver.py:136 ] Epoch: [170/400][40/400] lr: 1.57e-04 | MSE loss: 8.4989e-04 | time: 0.163
I 06.01/00:42:28 solver.py:136 ] Epoch: [170/400][60/400] lr: 1.57e-04 | MSE loss: 8.5383e-04 | time: 0.152
I 06.01/00:42:31 solver.py:136 ] Epoch: [170/400][80/400] lr: 1.57e-04 | MSE loss: 8.5703e-04 | time: 0.152
I 06.01/00:42:34 solver.py:136 ] Epoch: [170/400][100/400] lr: 1.57e-04 | MSE loss: 8.5612e-04 | time: 0.154
I 06.01/00:42:37 solver.py:136 ] Epoch: [170/400][120/400] lr: 1.57e-04 | MSE loss: 8.5410e-04 | time: 0.152
I 06.01/00:42:41 solver.py:136 ] Epoch: [170/400][140/400] lr: 1.57e-04 | MSE loss: 8.5325e-04 | time: 0.153
I 06.01/00:42:44 solver.py:136 ] Epoch: [170/400][160/400] lr: 1.57e-04 | MSE loss: 8.6160e-04 | time: 0.155
I 06.01/00:42:47 solver.py:136 ] Epoch: [170/400][180/400] lr: 1.57e-04 | MSE loss: 8.6289e-04 | time: 0.156
I 06.01/00:42:50 solver.py:136 ] Epoch: [170/400][200/400] lr: 1.57e-04 | MSE loss: 8.6364e-04 | time: 0.156
I 06.01/00:42:54 solver.py:136 ] Epoch: [170/400][220/400] lr: 1.57e-04 | MSE loss: 8.6162e-04 | time: 0.157
I 06.01/00:42:57 solver.py:136 ] Epoch: [170/400][240/400] lr: 1.57e-04 | MSE loss: 8.6371e-04 | time: 0.159
I 06.01/00:43:00 solver.py:136 ] Epoch: [170/400][260/400] lr: 1.57e-04 | MSE loss: 8.6304e-04 | time: 0.159
I 06.01/00:43:06 solver.py:136 ] Epoch: [170/400][280/400] lr: 1.57e-04 | MSE loss: 8.6451e-04 | time: 0.167
I 06.01/00:43:09 solver.py:136 ] Epoch: [170/400][300/400] lr: 1.57e-04 | MSE loss: 8.6560e-04 | time: 0.167
I 06.01/00:43:12 solver.py:136 ] Epoch: [170/400][320/400] lr: 1.57e-04 | MSE loss: 8.6490e-04 | time: 0.167
I 06.01/00:43:15 solver.py:136 ] Epoch: [170/400][340/400] lr: 1.57e-04 | MSE loss: 8.6316e-04 | time: 0.166
I 06.01/00:43:18 solver.py:136 ] Epoch: [170/400][360/400] lr: 1.57e-04 | MSE loss: 8.6362e-04 | time: 0.165
I 06.01/00:43:21 solver.py:136 ] Epoch: [170/400][380/400] lr: 1.57e-04 | MSE loss: 8.6547e-04 | time: 0.164
I 06.01/00:43:25 solver.py:136 ] Epoch: [170/400][400/400] lr: 1.57e-04 | MSE loss: 8.6723e-04 | time: 0.163
I 06.01/00:43:25 solver.py:146 ] => Train  Loss: 8.6723e-04

I 06.01/00:43:28 solver.py:136 ] Epoch: [170/400][20/50] lr: 1.57e-04 | MSE loss: 1.2819e-03 | time: 0.143
I 06.01/00:43:30 solver.py:136 ] Epoch: [170/400][40/50] lr: 1.57e-04 | MSE loss: 1.3025e-03 | time: 0.135
I 06.01/00:43:31 solver.py:146 ] => Val  Loss: 1.2925e-03

I 06.01/00:43:34 solver.py:287 ] [20/50] loss: 1.3164e-03 | NMSE: -2.5821e+01 | time: 0.129
I 06.01/00:43:37 solver.py:287 ] [40/50] loss: 1.3263e-03 | NMSE: -2.5803e+01 | time: 0.133
I 06.01/00:43:38 solver.py:291 ] => Test NMSE: -2.5799e+01

I 06.01/00:43:50 solver.py:205 ] 
=! Best NMSE: -2.5799e+01 (epoch=170)

I 06.01/00:43:54 solver.py:136 ] Epoch: [171/400][20/400] lr: 1.57e-04 | MSE loss: 8.9506e-04 | time: 0.179
I 06.01/00:43:57 solver.py:136 ] Epoch: [171/400][40/400] lr: 1.57e-04 | MSE loss: 9.0194e-04 | time: 0.178
I 06.01/00:44:01 solver.py:136 ] Epoch: [171/400][60/400] lr: 1.57e-04 | MSE loss: 8.9548e-04 | time: 0.184
I 06.01/00:44:06 solver.py:136 ] Epoch: [171/400][80/400] lr: 1.57e-04 | MSE loss: 8.9195e-04 | time: 0.200
I 06.01/00:44:09 solver.py:136 ] Epoch: [171/400][100/400] lr: 1.57e-04 | MSE loss: 8.8493e-04 | time: 0.190
I 06.01/00:44:12 solver.py:136 ] Epoch: [171/400][120/400] lr: 1.57e-04 | MSE loss: 8.8142e-04 | time: 0.185
I 06.01/00:44:15 solver.py:136 ] Epoch: [171/400][140/400] lr: 1.56e-04 | MSE loss: 8.7764e-04 | time: 0.181
I 06.01/00:44:19 solver.py:136 ] Epoch: [171/400][160/400] lr: 1.56e-04 | MSE loss: 8.6996e-04 | time: 0.179
I 06.01/00:44:22 solver.py:136 ] Epoch: [171/400][180/400] lr: 1.56e-04 | MSE loss: 8.6705e-04 | time: 0.177
I 06.01/00:44:25 solver.py:136 ] Epoch: [171/400][200/400] lr: 1.56e-04 | MSE loss: 8.6610e-04 | time: 0.175
I 06.01/00:44:28 solver.py:136 ] Epoch: [171/400][220/400] lr: 1.56e-04 | MSE loss: 8.6519e-04 | time: 0.171
I 06.01/00:44:31 solver.py:136 ] Epoch: [171/400][240/400] lr: 1.56e-04 | MSE loss: 8.6479e-04 | time: 0.170
I 06.01/00:44:34 solver.py:136 ] Epoch: [171/400][260/400] lr: 1.56e-04 | MSE loss: 8.6416e-04 | time: 0.168
I 06.01/00:44:37 solver.py:136 ] Epoch: [171/400][280/400] lr: 1.56e-04 | MSE loss: 8.6543e-04 | time: 0.167
I 06.01/00:44:40 solver.py:136 ] Epoch: [171/400][300/400] lr: 1.56e-04 | MSE loss: 8.6571e-04 | time: 0.167
I 06.01/00:44:44 solver.py:136 ] Epoch: [171/400][320/400] lr: 1.56e-04 | MSE loss: 8.6409e-04 | time: 0.167
I 06.01/00:44:47 solver.py:136 ] Epoch: [171/400][340/400] lr: 1.56e-04 | MSE loss: 8.6518e-04 | time: 0.167
I 06.01/00:44:50 solver.py:136 ] Epoch: [171/400][360/400] lr: 1.56e-04 | MSE loss: 8.6526e-04 | time: 0.166
I 06.01/00:44:52 solver.py:136 ] Epoch: [171/400][380/400] lr: 1.56e-04 | MSE loss: 8.6532e-04 | time: 0.165
I 06.01/00:44:56 solver.py:136 ] Epoch: [171/400][400/400] lr: 1.56e-04 | MSE loss: 8.6543e-04 | time: 0.164
I 06.01/00:44:56 solver.py:146 ] => Train  Loss: 8.6543e-04

I 06.01/00:45:01 solver.py:205 ] 
=! Best NMSE: -2.5799e+01 (epoch=170)

I 06.01/00:45:06 solver.py:136 ] Epoch: [172/400][20/400] lr: 1.56e-04 | MSE loss: 8.2909e-04 | time: 0.257
I 06.01/00:45:09 solver.py:136 ] Epoch: [172/400][40/400] lr: 1.56e-04 | MSE loss: 8.2982e-04 | time: 0.211
I 06.01/00:45:13 solver.py:136 ] Epoch: [172/400][60/400] lr: 1.56e-04 | MSE loss: 8.3794e-04 | time: 0.198
I 06.01/00:45:16 solver.py:136 ] Epoch: [172/400][80/400] lr: 1.56e-04 | MSE loss: 8.3736e-04 | time: 0.193
I 06.01/00:45:19 solver.py:136 ] Epoch: [172/400][100/400] lr: 1.56e-04 | MSE loss: 8.4120e-04 | time: 0.187
I 06.01/00:45:22 solver.py:136 ] Epoch: [172/400][120/400] lr: 1.56e-04 | MSE loss: 8.4110e-04 | time: 0.180
I 06.01/00:45:26 solver.py:136 ] Epoch: [172/400][140/400] lr: 1.56e-04 | MSE loss: 8.4441e-04 | time: 0.180
I 06.01/00:45:29 solver.py:136 ] Epoch: [172/400][160/400] lr: 1.56e-04 | MSE loss: 8.4048e-04 | time: 0.178
I 06.01/00:45:32 solver.py:136 ] Epoch: [172/400][180/400] lr: 1.56e-04 | MSE loss: 8.4392e-04 | time: 0.175
I 06.01/00:45:35 solver.py:136 ] Epoch: [172/400][200/400] lr: 1.56e-04 | MSE loss: 8.5070e-04 | time: 0.173
I 06.01/00:45:38 solver.py:136 ] Epoch: [172/400][220/400] lr: 1.56e-04 | MSE loss: 8.5371e-04 | time: 0.172
I 06.01/00:45:42 solver.py:136 ] Epoch: [172/400][240/400] lr: 1.56e-04 | MSE loss: 8.5465e-04 | time: 0.170
I 06.01/00:45:44 solver.py:136 ] Epoch: [172/400][260/400] lr: 1.56e-04 | MSE loss: 8.5569e-04 | time: 0.166
I 06.01/00:45:47 solver.py:136 ] Epoch: [172/400][280/400] lr: 1.56e-04 | MSE loss: 8.5613e-04 | time: 0.166
I 06.01/00:45:51 solver.py:136 ] Epoch: [172/400][300/400] lr: 1.56e-04 | MSE loss: 8.5878e-04 | time: 0.167
I 06.01/00:45:54 solver.py:136 ] Epoch: [172/400][320/400] lr: 1.56e-04 | MSE loss: 8.5994e-04 | time: 0.167
I 06.01/00:45:57 solver.py:136 ] Epoch: [172/400][340/400] lr: 1.56e-04 | MSE loss: 8.6428e-04 | time: 0.167
I 06.01/00:46:00 solver.py:136 ] Epoch: [172/400][360/400] lr: 1.56e-04 | MSE loss: 8.6582e-04 | time: 0.166
I 06.01/00:46:06 solver.py:136 ] Epoch: [172/400][380/400] lr: 1.56e-04 | MSE loss: 8.6607e-04 | time: 0.171
I 06.01/00:46:09 solver.py:136 ] Epoch: [172/400][400/400] lr: 1.56e-04 | MSE loss: 8.6517e-04 | time: 0.171
I 06.01/00:46:09 solver.py:146 ] => Train  Loss: 8.6517e-04

I 06.01/00:46:15 solver.py:205 ] 
=! Best NMSE: -2.5799e+01 (epoch=170)

I 06.01/00:46:19 solver.py:136 ] Epoch: [173/400][20/400] lr: 1.55e-04 | MSE loss: 8.4060e-04 | time: 0.185
I 06.01/00:46:22 solver.py:136 ] Epoch: [173/400][40/400] lr: 1.55e-04 | MSE loss: 8.3788e-04 | time: 0.175
I 06.01/00:46:26 solver.py:136 ] Epoch: [173/400][60/400] lr: 1.55e-04 | MSE loss: 8.4663e-04 | time: 0.177
I 06.01/00:46:29 solver.py:136 ] Epoch: [173/400][80/400] lr: 1.55e-04 | MSE loss: 8.4550e-04 | time: 0.171
I 06.01/00:46:32 solver.py:136 ] Epoch: [173/400][100/400] lr: 1.55e-04 | MSE loss: 8.4422e-04 | time: 0.171
I 06.01/00:46:36 solver.py:136 ] Epoch: [173/400][120/400] lr: 1.55e-04 | MSE loss: 8.4803e-04 | time: 0.172
I 06.01/00:46:39 solver.py:136 ] Epoch: [173/400][140/400] lr: 1.55e-04 | MSE loss: 8.4883e-04 | time: 0.169
I 06.01/00:46:42 solver.py:136 ] Epoch: [173/400][160/400] lr: 1.55e-04 | MSE loss: 8.5122e-04 | time: 0.165
I 06.01/00:46:45 solver.py:136 ] Epoch: [173/400][180/400] lr: 1.55e-04 | MSE loss: 8.5425e-04 | time: 0.165
I 06.01/00:46:48 solver.py:136 ] Epoch: [173/400][200/400] lr: 1.55e-04 | MSE loss: 8.5871e-04 | time: 0.164
I 06.01/00:46:51 solver.py:136 ] Epoch: [173/400][220/400] lr: 1.55e-04 | MSE loss: 8.5783e-04 | time: 0.161
I 06.01/00:46:53 solver.py:136 ] Epoch: [173/400][240/400] lr: 1.55e-04 | MSE loss: 8.6016e-04 | time: 0.158
I 06.01/00:46:56 solver.py:136 ] Epoch: [173/400][260/400] lr: 1.55e-04 | MSE loss: 8.5937e-04 | time: 0.158
I 06.01/00:46:59 solver.py:136 ] Epoch: [173/400][280/400] lr: 1.55e-04 | MSE loss: 8.5908e-04 | time: 0.157
I 06.01/00:47:04 solver.py:136 ] Epoch: [173/400][300/400] lr: 1.55e-04 | MSE loss: 8.5882e-04 | time: 0.162
I 06.01/00:47:07 solver.py:136 ] Epoch: [173/400][320/400] lr: 1.55e-04 | MSE loss: 8.5853e-04 | time: 0.162
I 06.01/00:47:11 solver.py:136 ] Epoch: [173/400][340/400] lr: 1.55e-04 | MSE loss: 8.5816e-04 | time: 0.163
I 06.01/00:47:14 solver.py:136 ] Epoch: [173/400][360/400] lr: 1.55e-04 | MSE loss: 8.5653e-04 | time: 0.164
I 06.01/00:47:18 solver.py:136 ] Epoch: [173/400][380/400] lr: 1.55e-04 | MSE loss: 8.5593e-04 | time: 0.164
I 06.01/00:47:21 solver.py:136 ] Epoch: [173/400][400/400] lr: 1.55e-04 | MSE loss: 8.5512e-04 | time: 0.164
I 06.01/00:47:21 solver.py:146 ] => Train  Loss: 8.5512e-04

I 06.01/00:47:26 solver.py:205 ] 
=! Best NMSE: -2.5799e+01 (epoch=170)

I 06.01/00:47:29 solver.py:136 ] Epoch: [174/400][20/400] lr: 1.55e-04 | MSE loss: 8.1951e-04 | time: 0.181
I 06.01/00:47:32 solver.py:136 ] Epoch: [174/400][40/400] lr: 1.55e-04 | MSE loss: 8.2275e-04 | time: 0.163
I 06.01/00:47:35 solver.py:136 ] Epoch: [174/400][60/400] lr: 1.55e-04 | MSE loss: 8.2804e-04 | time: 0.161
I 06.01/00:47:39 solver.py:136 ] Epoch: [174/400][80/400] lr: 1.55e-04 | MSE loss: 8.3313e-04 | time: 0.166
I 06.01/00:47:43 solver.py:136 ] Epoch: [174/400][100/400] lr: 1.55e-04 | MSE loss: 8.3841e-04 | time: 0.166
I 06.01/00:47:46 solver.py:136 ] Epoch: [174/400][120/400] lr: 1.55e-04 | MSE loss: 8.3786e-04 | time: 0.169
I 06.01/00:47:49 solver.py:136 ] Epoch: [174/400][140/400] lr: 1.55e-04 | MSE loss: 8.4119e-04 | time: 0.168
I 06.01/00:47:53 solver.py:136 ] Epoch: [174/400][160/400] lr: 1.55e-04 | MSE loss: 8.4170e-04 | time: 0.168
I 06.01/00:47:56 solver.py:136 ] Epoch: [174/400][180/400] lr: 1.55e-04 | MSE loss: 8.4208e-04 | time: 0.169
I 06.01/00:47:59 solver.py:136 ] Epoch: [174/400][200/400] lr: 1.55e-04 | MSE loss: 8.4107e-04 | time: 0.167
I 06.01/00:48:05 solver.py:136 ] Epoch: [174/400][220/400] lr: 1.55e-04 | MSE loss: 8.4174e-04 | time: 0.176
I 06.01/00:48:07 solver.py:136 ] Epoch: [174/400][240/400] lr: 1.55e-04 | MSE loss: 8.4131e-04 | time: 0.173
I 06.01/00:48:11 solver.py:136 ] Epoch: [174/400][260/400] lr: 1.55e-04 | MSE loss: 8.4434e-04 | time: 0.172
I 06.01/00:48:14 solver.py:136 ] Epoch: [174/400][280/400] lr: 1.54e-04 | MSE loss: 8.4621e-04 | time: 0.172
I 06.01/00:48:17 solver.py:136 ] Epoch: [174/400][300/400] lr: 1.54e-04 | MSE loss: 8.4690e-04 | time: 0.172
I 06.01/00:48:21 solver.py:136 ] Epoch: [174/400][320/400] lr: 1.54e-04 | MSE loss: 8.4974e-04 | time: 0.171
I 06.01/00:48:24 solver.py:136 ] Epoch: [174/400][340/400] lr: 1.54e-04 | MSE loss: 8.5053e-04 | time: 0.171
I 06.01/00:48:27 solver.py:136 ] Epoch: [174/400][360/400] lr: 1.54e-04 | MSE loss: 8.5064e-04 | time: 0.170
I 06.01/00:48:30 solver.py:136 ] Epoch: [174/400][380/400] lr: 1.54e-04 | MSE loss: 8.5229e-04 | time: 0.170
I 06.01/00:48:33 solver.py:136 ] Epoch: [174/400][400/400] lr: 1.54e-04 | MSE loss: 8.5254e-04 | time: 0.169
I 06.01/00:48:33 solver.py:146 ] => Train  Loss: 8.5254e-04

I 06.01/00:48:39 solver.py:205 ] 
=! Best NMSE: -2.5799e+01 (epoch=170)

I 06.01/00:48:43 solver.py:136 ] Epoch: [175/400][20/400] lr: 1.54e-04 | MSE loss: 8.0761e-04 | time: 0.173
I 06.01/00:48:46 solver.py:136 ] Epoch: [175/400][40/400] lr: 1.54e-04 | MSE loss: 8.3803e-04 | time: 0.159
I 06.01/00:48:49 solver.py:136 ] Epoch: [175/400][60/400] lr: 1.54e-04 | MSE loss: 8.4341e-04 | time: 0.159
I 06.01/00:48:52 solver.py:136 ] Epoch: [175/400][80/400] lr: 1.54e-04 | MSE loss: 8.4844e-04 | time: 0.159
I 06.01/00:48:55 solver.py:136 ] Epoch: [175/400][100/400] lr: 1.54e-04 | MSE loss: 8.4944e-04 | time: 0.159
I 06.01/00:48:58 solver.py:136 ] Epoch: [175/400][120/400] lr: 1.54e-04 | MSE loss: 8.4855e-04 | time: 0.159
I 06.01/00:49:03 solver.py:136 ] Epoch: [175/400][140/400] lr: 1.54e-04 | MSE loss: 8.4704e-04 | time: 0.170
I 06.01/00:49:07 solver.py:136 ] Epoch: [175/400][160/400] lr: 1.54e-04 | MSE loss: 8.4815e-04 | time: 0.173
I 06.01/00:49:10 solver.py:136 ] Epoch: [175/400][180/400] lr: 1.54e-04 | MSE loss: 8.4737e-04 | time: 0.172
I 06.01/00:49:13 solver.py:136 ] Epoch: [175/400][200/400] lr: 1.54e-04 | MSE loss: 8.4700e-04 | time: 0.170
I 06.01/00:49:16 solver.py:136 ] Epoch: [175/400][220/400] lr: 1.54e-04 | MSE loss: 8.4655e-04 | time: 0.170
I 06.01/00:49:19 solver.py:136 ] Epoch: [175/400][240/400] lr: 1.54e-04 | MSE loss: 8.4709e-04 | time: 0.168
I 06.01/00:49:23 solver.py:136 ] Epoch: [175/400][260/400] lr: 1.54e-04 | MSE loss: 8.4824e-04 | time: 0.167
I 06.01/00:49:25 solver.py:136 ] Epoch: [175/400][280/400] lr: 1.54e-04 | MSE loss: 8.4622e-04 | time: 0.164
I 06.01/00:49:28 solver.py:136 ] Epoch: [175/400][300/400] lr: 1.54e-04 | MSE loss: 8.4895e-04 | time: 0.162
I 06.01/00:49:31 solver.py:136 ] Epoch: [175/400][320/400] lr: 1.54e-04 | MSE loss: 8.5064e-04 | time: 0.162
I 06.01/00:49:35 solver.py:136 ] Epoch: [175/400][340/400] lr: 1.54e-04 | MSE loss: 8.5133e-04 | time: 0.162
I 06.01/00:49:38 solver.py:136 ] Epoch: [175/400][360/400] lr: 1.54e-04 | MSE loss: 8.5228e-04 | time: 0.164
I 06.01/00:49:42 solver.py:136 ] Epoch: [175/400][380/400] lr: 1.54e-04 | MSE loss: 8.5318e-04 | time: 0.164
I 06.01/00:49:45 solver.py:136 ] Epoch: [175/400][400/400] lr: 1.54e-04 | MSE loss: 8.5459e-04 | time: 0.165
I 06.01/00:49:45 solver.py:146 ] => Train  Loss: 8.5459e-04

I 06.01/00:49:51 solver.py:205 ] 
=! Best NMSE: -2.5799e+01 (epoch=170)

I 06.01/00:49:55 solver.py:136 ] Epoch: [176/400][20/400] lr: 1.54e-04 | MSE loss: 8.3303e-04 | time: 0.188
I 06.01/00:49:58 solver.py:136 ] Epoch: [176/400][40/400] lr: 1.54e-04 | MSE loss: 8.2413e-04 | time: 0.172
I 06.01/00:50:02 solver.py:136 ] Epoch: [176/400][60/400] lr: 1.54e-04 | MSE loss: 8.2461e-04 | time: 0.182
I 06.01/00:50:06 solver.py:136 ] Epoch: [176/400][80/400] lr: 1.54e-04 | MSE loss: 8.2262e-04 | time: 0.195
I 06.01/00:50:09 solver.py:136 ] Epoch: [176/400][100/400] lr: 1.54e-04 | MSE loss: 8.2163e-04 | time: 0.184
I 06.01/00:50:13 solver.py:136 ] Epoch: [176/400][120/400] lr: 1.54e-04 | MSE loss: 8.2479e-04 | time: 0.182
I 06.01/00:50:15 solver.py:136 ] Epoch: [176/400][140/400] lr: 1.53e-04 | MSE loss: 8.2819e-04 | time: 0.176
I 06.01/00:50:18 solver.py:136 ] Epoch: [176/400][160/400] lr: 1.53e-04 | MSE loss: 8.2998e-04 | time: 0.172
I 06.01/00:50:21 solver.py:136 ] Epoch: [176/400][180/400] lr: 1.53e-04 | MSE loss: 8.2841e-04 | time: 0.167
I 06.01/00:50:24 solver.py:136 ] Epoch: [176/400][200/400] lr: 1.53e-04 | MSE loss: 8.2928e-04 | time: 0.164
I 06.01/00:50:27 solver.py:136 ] Epoch: [176/400][220/400] lr: 1.53e-04 | MSE loss: 8.3175e-04 | time: 0.165
I 06.01/00:50:31 solver.py:136 ] Epoch: [176/400][240/400] lr: 1.53e-04 | MSE loss: 8.3444e-04 | time: 0.166
I 06.01/00:50:34 solver.py:136 ] Epoch: [176/400][260/400] lr: 1.53e-04 | MSE loss: 8.3311e-04 | time: 0.165
I 06.01/00:50:37 solver.py:136 ] Epoch: [176/400][280/400] lr: 1.53e-04 | MSE loss: 8.3226e-04 | time: 0.164
I 06.01/00:50:40 solver.py:136 ] Epoch: [176/400][300/400] lr: 1.53e-04 | MSE loss: 8.3245e-04 | time: 0.163
I 06.01/00:50:43 solver.py:136 ] Epoch: [176/400][320/400] lr: 1.53e-04 | MSE loss: 8.3298e-04 | time: 0.163
I 06.01/00:50:47 solver.py:136 ] Epoch: [176/400][340/400] lr: 1.53e-04 | MSE loss: 8.3269e-04 | time: 0.164
I 06.01/00:50:50 solver.py:136 ] Epoch: [176/400][360/400] lr: 1.53e-04 | MSE loss: 8.3331e-04 | time: 0.164
I 06.01/00:50:54 solver.py:136 ] Epoch: [176/400][380/400] lr: 1.53e-04 | MSE loss: 8.3326e-04 | time: 0.164
I 06.01/00:50:57 solver.py:136 ] Epoch: [176/400][400/400] lr: 1.53e-04 | MSE loss: 8.3449e-04 | time: 0.164
I 06.01/00:50:57 solver.py:146 ] => Train  Loss: 8.3449e-04

I 06.01/00:51:02 solver.py:205 ] 
=! Best NMSE: -2.5799e+01 (epoch=170)

I 06.01/00:51:07 solver.py:136 ] Epoch: [177/400][20/400] lr: 1.53e-04 | MSE loss: 8.0502e-04 | time: 0.211
I 06.01/00:51:10 solver.py:136 ] Epoch: [177/400][40/400] lr: 1.53e-04 | MSE loss: 8.0326e-04 | time: 0.186
I 06.01/00:51:14 solver.py:136 ] Epoch: [177/400][60/400] lr: 1.53e-04 | MSE loss: 8.0925e-04 | time: 0.184
I 06.01/00:51:17 solver.py:136 ] Epoch: [177/400][80/400] lr: 1.53e-04 | MSE loss: 8.1051e-04 | time: 0.178
I 06.01/00:51:20 solver.py:136 ] Epoch: [177/400][100/400] lr: 1.53e-04 | MSE loss: 8.1749e-04 | time: 0.179
I 06.01/00:51:24 solver.py:136 ] Epoch: [177/400][120/400] lr: 1.53e-04 | MSE loss: 8.1690e-04 | time: 0.178
I 06.01/00:51:28 solver.py:136 ] Epoch: [177/400][140/400] lr: 1.53e-04 | MSE loss: 8.1857e-04 | time: 0.178
I 06.01/00:51:30 solver.py:136 ] Epoch: [177/400][160/400] lr: 1.53e-04 | MSE loss: 8.1720e-04 | time: 0.175
I 06.01/00:51:33 solver.py:136 ] Epoch: [177/400][180/400] lr: 1.53e-04 | MSE loss: 8.2024e-04 | time: 0.172
I 06.01/00:51:37 solver.py:136 ] Epoch: [177/400][200/400] lr: 1.53e-04 | MSE loss: 8.2386e-04 | time: 0.170
I 06.01/00:51:39 solver.py:136 ] Epoch: [177/400][220/400] lr: 1.53e-04 | MSE loss: 8.2370e-04 | time: 0.168
I 06.01/00:51:41 solver.py:136 ] Epoch: [177/400][240/400] lr: 1.53e-04 | MSE loss: 8.2345e-04 | time: 0.162
I 06.01/00:51:44 solver.py:136 ] Epoch: [177/400][260/400] lr: 1.53e-04 | MSE loss: 8.2686e-04 | time: 0.160
I 06.01/00:51:47 solver.py:136 ] Epoch: [177/400][280/400] lr: 1.53e-04 | MSE loss: 8.2819e-04 | time: 0.159
I 06.01/00:51:50 solver.py:136 ] Epoch: [177/400][300/400] lr: 1.53e-04 | MSE loss: 8.3009e-04 | time: 0.159
I 06.01/00:51:54 solver.py:136 ] Epoch: [177/400][320/400] lr: 1.53e-04 | MSE loss: 8.3163e-04 | time: 0.159
I 06.01/00:51:57 solver.py:136 ] Epoch: [177/400][340/400] lr: 1.53e-04 | MSE loss: 8.3302e-04 | time: 0.159
I 06.01/00:52:00 solver.py:136 ] Epoch: [177/400][360/400] lr: 1.53e-04 | MSE loss: 8.3199e-04 | time: 0.159
I 06.01/00:52:05 solver.py:136 ] Epoch: [177/400][380/400] lr: 1.53e-04 | MSE loss: 8.3160e-04 | time: 0.165
I 06.01/00:52:09 solver.py:136 ] Epoch: [177/400][400/400] lr: 1.52e-04 | MSE loss: 8.3101e-04 | time: 0.165
I 06.01/00:52:09 solver.py:146 ] => Train  Loss: 8.3101e-04

I 06.01/00:52:13 solver.py:205 ] 
=! Best NMSE: -2.5799e+01 (epoch=170)

I 06.01/00:52:17 solver.py:136 ] Epoch: [178/400][20/400] lr: 1.52e-04 | MSE loss: 8.1753e-04 | time: 0.197
I 06.01/00:52:21 solver.py:136 ] Epoch: [178/400][40/400] lr: 1.52e-04 | MSE loss: 8.1618e-04 | time: 0.177
I 06.01/00:52:24 solver.py:136 ] Epoch: [178/400][60/400] lr: 1.52e-04 | MSE loss: 8.1616e-04 | time: 0.177
I 06.01/00:52:28 solver.py:136 ] Epoch: [178/400][80/400] lr: 1.52e-04 | MSE loss: 8.1337e-04 | time: 0.176
I 06.01/00:52:31 solver.py:136 ] Epoch: [178/400][100/400] lr: 1.52e-04 | MSE loss: 8.0903e-04 | time: 0.172
I 06.01/00:52:34 solver.py:136 ] Epoch: [178/400][120/400] lr: 1.52e-04 | MSE loss: 8.0965e-04 | time: 0.168
I 06.01/00:52:37 solver.py:136 ] Epoch: [178/400][140/400] lr: 1.52e-04 | MSE loss: 8.1305e-04 | time: 0.167
I 06.01/00:52:40 solver.py:136 ] Epoch: [178/400][160/400] lr: 1.52e-04 | MSE loss: 8.1255e-04 | time: 0.165
I 06.01/00:52:43 solver.py:136 ] Epoch: [178/400][180/400] lr: 1.52e-04 | MSE loss: 8.0973e-04 | time: 0.163
I 06.01/00:52:46 solver.py:136 ] Epoch: [178/400][200/400] lr: 1.52e-04 | MSE loss: 8.1254e-04 | time: 0.162
I 06.01/00:52:49 solver.py:136 ] Epoch: [178/400][220/400] lr: 1.52e-04 | MSE loss: 8.1579e-04 | time: 0.163
I 06.01/00:52:52 solver.py:136 ] Epoch: [178/400][240/400] lr: 1.52e-04 | MSE loss: 8.1641e-04 | time: 0.161
I 06.01/00:52:56 solver.py:136 ] Epoch: [178/400][260/400] lr: 1.52e-04 | MSE loss: 8.1562e-04 | time: 0.162
I 06.01/00:52:59 solver.py:136 ] Epoch: [178/400][280/400] lr: 1.52e-04 | MSE loss: 8.1693e-04 | time: 0.161
I 06.01/00:53:04 solver.py:136 ] Epoch: [178/400][300/400] lr: 1.52e-04 | MSE loss: 8.1979e-04 | time: 0.168
I 06.01/00:53:07 solver.py:136 ] Epoch: [178/400][320/400] lr: 1.52e-04 | MSE loss: 8.2190e-04 | time: 0.168
I 06.01/00:53:10 solver.py:136 ] Epoch: [178/400][340/400] lr: 1.52e-04 | MSE loss: 8.2336e-04 | time: 0.166
I 06.01/00:53:13 solver.py:136 ] Epoch: [178/400][360/400] lr: 1.52e-04 | MSE loss: 8.2547e-04 | time: 0.165
I 06.01/00:53:17 solver.py:136 ] Epoch: [178/400][380/400] lr: 1.52e-04 | MSE loss: 8.2791e-04 | time: 0.166
I 06.01/00:53:20 solver.py:136 ] Epoch: [178/400][400/400] lr: 1.52e-04 | MSE loss: 8.2951e-04 | time: 0.165
I 06.01/00:53:20 solver.py:146 ] => Train  Loss: 8.2951e-04

I 06.01/00:53:24 solver.py:205 ] 
=! Best NMSE: -2.5799e+01 (epoch=170)

I 06.01/00:53:28 solver.py:136 ] Epoch: [179/400][20/400] lr: 1.52e-04 | MSE loss: 8.2399e-04 | time: 0.167
I 06.01/00:53:31 solver.py:136 ] Epoch: [179/400][40/400] lr: 1.52e-04 | MSE loss: 8.1738e-04 | time: 0.176
I 06.01/00:53:35 solver.py:136 ] Epoch: [179/400][60/400] lr: 1.52e-04 | MSE loss: 8.0708e-04 | time: 0.169
I 06.01/00:53:38 solver.py:136 ] Epoch: [179/400][80/400] lr: 1.52e-04 | MSE loss: 8.1128e-04 | time: 0.166
I 06.01/00:53:41 solver.py:136 ] Epoch: [179/400][100/400] lr: 1.52e-04 | MSE loss: 8.1947e-04 | time: 0.165
I 06.01/00:53:44 solver.py:136 ] Epoch: [179/400][120/400] lr: 1.52e-04 | MSE loss: 8.2771e-04 | time: 0.163
I 06.01/00:53:47 solver.py:136 ] Epoch: [179/400][140/400] lr: 1.52e-04 | MSE loss: 8.2425e-04 | time: 0.162
I 06.01/00:53:50 solver.py:136 ] Epoch: [179/400][160/400] lr: 1.52e-04 | MSE loss: 8.2350e-04 | time: 0.160
I 06.01/00:53:53 solver.py:136 ] Epoch: [179/400][180/400] lr: 1.52e-04 | MSE loss: 8.2106e-04 | time: 0.160
I 06.01/00:53:56 solver.py:136 ] Epoch: [179/400][200/400] lr: 1.52e-04 | MSE loss: 8.2051e-04 | time: 0.159
I 06.01/00:54:00 solver.py:136 ] Epoch: [179/400][220/400] lr: 1.52e-04 | MSE loss: 8.2018e-04 | time: 0.159
I 06.01/00:54:05 solver.py:136 ] Epoch: [179/400][240/400] lr: 1.52e-04 | MSE loss: 8.2089e-04 | time: 0.168
I 06.01/00:54:08 solver.py:136 ] Epoch: [179/400][260/400] lr: 1.51e-04 | MSE loss: 8.2354e-04 | time: 0.169
I 06.01/00:54:12 solver.py:136 ] Epoch: [179/400][280/400] lr: 1.51e-04 | MSE loss: 8.2451e-04 | time: 0.168
I 06.01/00:54:15 solver.py:136 ] Epoch: [179/400][300/400] lr: 1.51e-04 | MSE loss: 8.2522e-04 | time: 0.167
I 06.01/00:54:18 solver.py:136 ] Epoch: [179/400][320/400] lr: 1.51e-04 | MSE loss: 8.2651e-04 | time: 0.167
I 06.01/00:54:21 solver.py:136 ] Epoch: [179/400][340/400] lr: 1.51e-04 | MSE loss: 8.2777e-04 | time: 0.167
I 06.01/00:54:24 solver.py:136 ] Epoch: [179/400][360/400] lr: 1.51e-04 | MSE loss: 8.2676e-04 | time: 0.166
I 06.01/00:54:27 solver.py:136 ] Epoch: [179/400][380/400] lr: 1.51e-04 | MSE loss: 8.2552e-04 | time: 0.165
I 06.01/00:54:31 solver.py:136 ] Epoch: [179/400][400/400] lr: 1.51e-04 | MSE loss: 8.2716e-04 | time: 0.165
I 06.01/00:54:31 solver.py:146 ] => Train  Loss: 8.2716e-04

I 06.01/00:54:35 solver.py:205 ] 
=! Best NMSE: -2.5799e+01 (epoch=170)

I 06.01/00:54:39 solver.py:136 ] Epoch: [180/400][20/400] lr: 1.51e-04 | MSE loss: 8.0307e-04 | time: 0.172
I 06.01/00:54:42 solver.py:136 ] Epoch: [180/400][40/400] lr: 1.51e-04 | MSE loss: 7.9277e-04 | time: 0.172
I 06.01/00:54:45 solver.py:136 ] Epoch: [180/400][60/400] lr: 1.51e-04 | MSE loss: 7.9735e-04 | time: 0.165
I 06.01/00:54:49 solver.py:136 ] Epoch: [180/400][80/400] lr: 1.51e-04 | MSE loss: 7.9141e-04 | time: 0.163
I 06.01/00:54:52 solver.py:136 ] Epoch: [180/400][100/400] lr: 1.51e-04 | MSE loss: 7.9467e-04 | time: 0.163
I 06.01/00:54:55 solver.py:136 ] Epoch: [180/400][120/400] lr: 1.51e-04 | MSE loss: 7.9684e-04 | time: 0.165
I 06.01/00:54:58 solver.py:136 ] Epoch: [180/400][140/400] lr: 1.51e-04 | MSE loss: 8.0026e-04 | time: 0.163
I 06.01/00:55:02 solver.py:136 ] Epoch: [180/400][160/400] lr: 1.51e-04 | MSE loss: 8.0423e-04 | time: 0.171
I 06.01/00:55:06 solver.py:136 ] Epoch: [180/400][180/400] lr: 1.51e-04 | MSE loss: 8.0765e-04 | time: 0.172
I 06.01/00:55:09 solver.py:136 ] Epoch: [180/400][200/400] lr: 1.51e-04 | MSE loss: 8.0749e-04 | time: 0.167
I 06.01/00:55:11 solver.py:136 ] Epoch: [180/400][220/400] lr: 1.51e-04 | MSE loss: 8.0653e-04 | time: 0.164
I 06.01/00:55:14 solver.py:136 ] Epoch: [180/400][240/400] lr: 1.51e-04 | MSE loss: 8.0659e-04 | time: 0.161
I 06.01/00:55:17 solver.py:136 ] Epoch: [180/400][260/400] lr: 1.51e-04 | MSE loss: 8.0708e-04 | time: 0.159
I 06.01/00:55:20 solver.py:136 ] Epoch: [180/400][280/400] lr: 1.51e-04 | MSE loss: 8.0732e-04 | time: 0.160
I 06.01/00:55:24 solver.py:136 ] Epoch: [180/400][300/400] lr: 1.51e-04 | MSE loss: 8.0687e-04 | time: 0.161
I 06.01/00:55:27 solver.py:136 ] Epoch: [180/400][320/400] lr: 1.51e-04 | MSE loss: 8.0959e-04 | time: 0.161
I 06.01/00:55:30 solver.py:136 ] Epoch: [180/400][340/400] lr: 1.51e-04 | MSE loss: 8.0986e-04 | time: 0.161
I 06.01/00:55:33 solver.py:136 ] Epoch: [180/400][360/400] lr: 1.51e-04 | MSE loss: 8.1044e-04 | time: 0.160
I 06.01/00:55:36 solver.py:136 ] Epoch: [180/400][380/400] lr: 1.51e-04 | MSE loss: 8.1028e-04 | time: 0.160
I 06.01/00:55:40 solver.py:136 ] Epoch: [180/400][400/400] lr: 1.51e-04 | MSE loss: 8.1214e-04 | time: 0.160
I 06.01/00:55:40 solver.py:146 ] => Train  Loss: 8.1214e-04

I 06.01/00:55:43 solver.py:136 ] Epoch: [180/400][20/50] lr: 1.51e-04 | MSE loss: 1.2668e-03 | time: 0.150
I 06.01/00:55:46 solver.py:136 ] Epoch: [180/400][40/50] lr: 1.51e-04 | MSE loss: 1.2876e-03 | time: 0.150
I 06.01/00:55:47 solver.py:146 ] => Val  Loss: 1.2771e-03

I 06.01/00:55:50 solver.py:287 ] [20/50] loss: 1.3037e-03 | NMSE: -2.5864e+01 | time: 0.125
I 06.01/00:55:53 solver.py:287 ] [40/50] loss: 1.3081e-03 | NMSE: -2.5865e+01 | time: 0.136
I 06.01/00:55:54 solver.py:291 ] => Test NMSE: -2.5853e+01

I 06.01/00:56:06 solver.py:205 ] 
=! Best NMSE: -2.5853e+01 (epoch=180)

I 06.01/00:56:09 solver.py:136 ] Epoch: [181/400][20/400] lr: 1.51e-04 | MSE loss: 8.1321e-04 | time: 0.169
I 06.01/00:56:12 solver.py:136 ] Epoch: [181/400][40/400] lr: 1.51e-04 | MSE loss: 8.2185e-04 | time: 0.161
I 06.01/00:56:16 solver.py:136 ] Epoch: [181/400][60/400] lr: 1.51e-04 | MSE loss: 8.1267e-04 | time: 0.166
I 06.01/00:56:19 solver.py:136 ] Epoch: [181/400][80/400] lr: 1.51e-04 | MSE loss: 8.1084e-04 | time: 0.164
I 06.01/00:56:22 solver.py:136 ] Epoch: [181/400][100/400] lr: 1.50e-04 | MSE loss: 8.1478e-04 | time: 0.160
I 06.01/00:56:25 solver.py:136 ] Epoch: [181/400][120/400] lr: 1.50e-04 | MSE loss: 8.1663e-04 | time: 0.160
I 06.01/00:56:28 solver.py:136 ] Epoch: [181/400][140/400] lr: 1.50e-04 | MSE loss: 8.1364e-04 | time: 0.160
I 06.01/00:56:32 solver.py:136 ] Epoch: [181/400][160/400] lr: 1.50e-04 | MSE loss: 8.1213e-04 | time: 0.162
I 06.01/00:56:35 solver.py:136 ] Epoch: [181/400][180/400] lr: 1.50e-04 | MSE loss: 8.1438e-04 | time: 0.162
I 06.01/00:56:39 solver.py:136 ] Epoch: [181/400][200/400] lr: 1.50e-04 | MSE loss: 8.1688e-04 | time: 0.164
I 06.01/00:56:41 solver.py:136 ] Epoch: [181/400][220/400] lr: 1.50e-04 | MSE loss: 8.1485e-04 | time: 0.162
I 06.01/00:56:44 solver.py:136 ] Epoch: [181/400][240/400] lr: 1.50e-04 | MSE loss: 8.1493e-04 | time: 0.161
I 06.01/00:56:48 solver.py:136 ] Epoch: [181/400][260/400] lr: 1.50e-04 | MSE loss: 8.1252e-04 | time: 0.162
I 06.01/00:56:51 solver.py:136 ] Epoch: [181/400][280/400] lr: 1.50e-04 | MSE loss: 8.1086e-04 | time: 0.163
I 06.01/00:56:54 solver.py:136 ] Epoch: [181/400][300/400] lr: 1.50e-04 | MSE loss: 8.1074e-04 | time: 0.162
I 06.01/00:56:57 solver.py:136 ] Epoch: [181/400][320/400] lr: 1.50e-04 | MSE loss: 8.1051e-04 | time: 0.162
I 06.01/00:57:00 solver.py:136 ] Epoch: [181/400][340/400] lr: 1.50e-04 | MSE loss: 8.1175e-04 | time: 0.161
I 06.01/00:57:05 solver.py:136 ] Epoch: [181/400][360/400] lr: 1.50e-04 | MSE loss: 8.1362e-04 | time: 0.165
I 06.01/00:57:08 solver.py:136 ] Epoch: [181/400][380/400] lr: 1.50e-04 | MSE loss: 8.1309e-04 | time: 0.163
I 06.01/00:57:11 solver.py:136 ] Epoch: [181/400][400/400] lr: 1.50e-04 | MSE loss: 8.1431e-04 | time: 0.163
I 06.01/00:57:11 solver.py:146 ] => Train  Loss: 8.1431e-04

I 06.01/00:57:16 solver.py:205 ] 
=! Best NMSE: -2.5853e+01 (epoch=180)

I 06.01/00:57:19 solver.py:136 ] Epoch: [182/400][20/400] lr: 1.50e-04 | MSE loss: 8.1905e-04 | time: 0.154
I 06.01/00:57:22 solver.py:136 ] Epoch: [182/400][40/400] lr: 1.50e-04 | MSE loss: 8.2143e-04 | time: 0.157
I 06.01/00:57:26 solver.py:136 ] Epoch: [182/400][60/400] lr: 1.50e-04 | MSE loss: 8.2020e-04 | time: 0.159
I 06.01/00:57:29 solver.py:136 ] Epoch: [182/400][80/400] lr: 1.50e-04 | MSE loss: 8.2043e-04 | time: 0.162
I 06.01/00:57:32 solver.py:136 ] Epoch: [182/400][100/400] lr: 1.50e-04 | MSE loss: 8.1850e-04 | time: 0.164
I 06.01/00:57:36 solver.py:136 ] Epoch: [182/400][120/400] lr: 1.50e-04 | MSE loss: 8.1571e-04 | time: 0.166
I 06.01/00:57:39 solver.py:136 ] Epoch: [182/400][140/400] lr: 1.50e-04 | MSE loss: 8.1480e-04 | time: 0.165
I 06.01/00:57:42 solver.py:136 ] Epoch: [182/400][160/400] lr: 1.50e-04 | MSE loss: 8.1798e-04 | time: 0.163
I 06.01/00:57:45 solver.py:136 ] Epoch: [182/400][180/400] lr: 1.50e-04 | MSE loss: 8.1965e-04 | time: 0.163
I 06.01/00:57:49 solver.py:136 ] Epoch: [182/400][200/400] lr: 1.50e-04 | MSE loss: 8.2051e-04 | time: 0.164
I 06.01/00:57:52 solver.py:136 ] Epoch: [182/400][220/400] lr: 1.50e-04 | MSE loss: 8.1786e-04 | time: 0.163
I 06.01/00:57:55 solver.py:136 ] Epoch: [182/400][240/400] lr: 1.50e-04 | MSE loss: 8.1510e-04 | time: 0.163
I 06.01/00:57:58 solver.py:136 ] Epoch: [182/400][260/400] lr: 1.50e-04 | MSE loss: 8.1364e-04 | time: 0.163
I 06.01/00:58:03 solver.py:136 ] Epoch: [182/400][280/400] lr: 1.50e-04 | MSE loss: 8.1344e-04 | time: 0.169
I 06.01/00:58:07 solver.py:136 ] Epoch: [182/400][300/400] lr: 1.50e-04 | MSE loss: 8.1354e-04 | time: 0.170
I 06.01/00:58:10 solver.py:136 ] Epoch: [182/400][320/400] lr: 1.50e-04 | MSE loss: 8.1299e-04 | time: 0.169
I 06.01/00:58:13 solver.py:136 ] Epoch: [182/400][340/400] lr: 1.50e-04 | MSE loss: 8.1223e-04 | time: 0.167
I 06.01/00:58:16 solver.py:136 ] Epoch: [182/400][360/400] lr: 1.49e-04 | MSE loss: 8.1170e-04 | time: 0.166
I 06.01/00:58:19 solver.py:136 ] Epoch: [182/400][380/400] lr: 1.49e-04 | MSE loss: 8.1271e-04 | time: 0.166
I 06.01/00:58:22 solver.py:136 ] Epoch: [182/400][400/400] lr: 1.49e-04 | MSE loss: 8.1209e-04 | time: 0.165
I 06.01/00:58:22 solver.py:146 ] => Train  Loss: 8.1209e-04

I 06.01/00:58:27 solver.py:205 ] 
=! Best NMSE: -2.5853e+01 (epoch=180)

I 06.01/00:58:30 solver.py:136 ] Epoch: [183/400][20/400] lr: 1.49e-04 | MSE loss: 8.0117e-04 | time: 0.163
I 06.01/00:58:34 solver.py:136 ] Epoch: [183/400][40/400] lr: 1.49e-04 | MSE loss: 7.8742e-04 | time: 0.174
I 06.01/00:58:37 solver.py:136 ] Epoch: [183/400][60/400] lr: 1.49e-04 | MSE loss: 7.9163e-04 | time: 0.173
I 06.01/00:58:40 solver.py:136 ] Epoch: [183/400][80/400] lr: 1.49e-04 | MSE loss: 7.9754e-04 | time: 0.170
I 06.01/00:58:43 solver.py:136 ] Epoch: [183/400][100/400] lr: 1.49e-04 | MSE loss: 7.9300e-04 | time: 0.165
I 06.01/00:58:47 solver.py:136 ] Epoch: [183/400][120/400] lr: 1.49e-04 | MSE loss: 7.9314e-04 | time: 0.163
I 06.01/00:58:50 solver.py:136 ] Epoch: [183/400][140/400] lr: 1.49e-04 | MSE loss: 7.9283e-04 | time: 0.163
I 06.01/00:58:53 solver.py:136 ] Epoch: [183/400][160/400] lr: 1.49e-04 | MSE loss: 7.9674e-04 | time: 0.166
I 06.01/00:58:57 solver.py:136 ] Epoch: [183/400][180/400] lr: 1.49e-04 | MSE loss: 8.0065e-04 | time: 0.165
I 06.01/00:59:00 solver.py:136 ] Epoch: [183/400][200/400] lr: 1.49e-04 | MSE loss: 8.0698e-04 | time: 0.164
I 06.01/00:59:05 solver.py:136 ] Epoch: [183/400][220/400] lr: 1.49e-04 | MSE loss: 8.0925e-04 | time: 0.175
I 06.01/00:59:08 solver.py:136 ] Epoch: [183/400][240/400] lr: 1.49e-04 | MSE loss: 8.1079e-04 | time: 0.173
I 06.01/00:59:12 solver.py:136 ] Epoch: [183/400][260/400] lr: 1.49e-04 | MSE loss: 8.1373e-04 | time: 0.174
I 06.01/00:59:15 solver.py:136 ] Epoch: [183/400][280/400] lr: 1.49e-04 | MSE loss: 8.1779e-04 | time: 0.173
I 06.01/00:59:19 solver.py:136 ] Epoch: [183/400][300/400] lr: 1.49e-04 | MSE loss: 8.2167e-04 | time: 0.172
I 06.01/00:59:22 solver.py:136 ] Epoch: [183/400][320/400] lr: 1.49e-04 | MSE loss: 8.2239e-04 | time: 0.172
I 06.01/00:59:25 solver.py:136 ] Epoch: [183/400][340/400] lr: 1.49e-04 | MSE loss: 8.2234e-04 | time: 0.171
I 06.01/00:59:29 solver.py:136 ] Epoch: [183/400][360/400] lr: 1.49e-04 | MSE loss: 8.2116e-04 | time: 0.172
I 06.01/00:59:32 solver.py:136 ] Epoch: [183/400][380/400] lr: 1.49e-04 | MSE loss: 8.1946e-04 | time: 0.170
I 06.01/00:59:35 solver.py:136 ] Epoch: [183/400][400/400] lr: 1.49e-04 | MSE loss: 8.1845e-04 | time: 0.169
I 06.01/00:59:35 solver.py:146 ] => Train  Loss: 8.1845e-04

I 06.01/00:59:40 solver.py:205 ] 
=! Best NMSE: -2.5853e+01 (epoch=180)

I 06.01/00:59:43 solver.py:136 ] Epoch: [184/400][20/400] lr: 1.49e-04 | MSE loss: 7.9745e-04 | time: 0.161
I 06.01/00:59:46 solver.py:136 ] Epoch: [184/400][40/400] lr: 1.49e-04 | MSE loss: 7.8967e-04 | time: 0.162
I 06.01/00:59:49 solver.py:136 ] Epoch: [184/400][60/400] lr: 1.49e-04 | MSE loss: 7.9039e-04 | time: 0.157
I 06.01/00:59:53 solver.py:136 ] Epoch: [184/400][80/400] lr: 1.49e-04 | MSE loss: 7.8428e-04 | time: 0.158
I 06.01/00:59:56 solver.py:136 ] Epoch: [184/400][100/400] lr: 1.49e-04 | MSE loss: 7.8890e-04 | time: 0.163
I 06.01/00:59:59 solver.py:136 ] Epoch: [184/400][120/400] lr: 1.49e-04 | MSE loss: 7.8825e-04 | time: 0.164
I 06.01/01:00:05 solver.py:136 ] Epoch: [184/400][140/400] lr: 1.49e-04 | MSE loss: 7.8544e-04 | time: 0.179
I 06.01/01:00:08 solver.py:136 ] Epoch: [184/400][160/400] lr: 1.49e-04 | MSE loss: 7.8326e-04 | time: 0.175
I 06.01/01:00:11 solver.py:136 ] Epoch: [184/400][180/400] lr: 1.49e-04 | MSE loss: 7.8418e-04 | time: 0.174
I 06.01/01:00:14 solver.py:136 ] Epoch: [184/400][200/400] lr: 1.48e-04 | MSE loss: 7.8564e-04 | time: 0.172
I 06.01/01:00:17 solver.py:136 ] Epoch: [184/400][220/400] lr: 1.48e-04 | MSE loss: 7.8669e-04 | time: 0.168
I 06.01/01:00:20 solver.py:136 ] Epoch: [184/400][240/400] lr: 1.48e-04 | MSE loss: 7.9021e-04 | time: 0.167
I 06.01/01:00:23 solver.py:136 ] Epoch: [184/400][260/400] lr: 1.48e-04 | MSE loss: 7.9202e-04 | time: 0.167
I 06.01/01:00:26 solver.py:136 ] Epoch: [184/400][280/400] lr: 1.48e-04 | MSE loss: 7.9422e-04 | time: 0.166
I 06.01/01:00:30 solver.py:136 ] Epoch: [184/400][300/400] lr: 1.48e-04 | MSE loss: 7.9386e-04 | time: 0.166
I 06.01/01:00:33 solver.py:136 ] Epoch: [184/400][320/400] lr: 1.48e-04 | MSE loss: 7.9359e-04 | time: 0.166
I 06.01/01:00:36 solver.py:136 ] Epoch: [184/400][340/400] lr: 1.48e-04 | MSE loss: 7.9445e-04 | time: 0.166
I 06.01/01:00:40 solver.py:136 ] Epoch: [184/400][360/400] lr: 1.48e-04 | MSE loss: 7.9396e-04 | time: 0.165
I 06.01/01:00:42 solver.py:136 ] Epoch: [184/400][380/400] lr: 1.48e-04 | MSE loss: 7.9444e-04 | time: 0.165
I 06.01/01:00:45 solver.py:136 ] Epoch: [184/400][400/400] lr: 1.48e-04 | MSE loss: 7.9583e-04 | time: 0.164
I 06.01/01:00:45 solver.py:146 ] => Train  Loss: 7.9583e-04

I 06.01/01:00:51 solver.py:205 ] 
=! Best NMSE: -2.5853e+01 (epoch=180)

I 06.01/01:00:55 solver.py:136 ] Epoch: [185/400][20/400] lr: 1.48e-04 | MSE loss: 7.9282e-04 | time: 0.165
I 06.01/01:00:58 solver.py:136 ] Epoch: [185/400][40/400] lr: 1.48e-04 | MSE loss: 7.9081e-04 | time: 0.159
I 06.01/01:01:02 solver.py:136 ] Epoch: [185/400][60/400] lr: 1.48e-04 | MSE loss: 7.8894e-04 | time: 0.176
I 06.01/01:01:06 solver.py:136 ] Epoch: [185/400][80/400] lr: 1.48e-04 | MSE loss: 7.9441e-04 | time: 0.191
I 06.01/01:01:10 solver.py:136 ] Epoch: [185/400][100/400] lr: 1.48e-04 | MSE loss: 7.9086e-04 | time: 0.184
I 06.01/01:01:13 solver.py:136 ] Epoch: [185/400][120/400] lr: 1.48e-04 | MSE loss: 7.8867e-04 | time: 0.178
I 06.01/01:01:16 solver.py:136 ] Epoch: [185/400][140/400] lr: 1.48e-04 | MSE loss: 7.8782e-04 | time: 0.177
I 06.01/01:01:19 solver.py:136 ] Epoch: [185/400][160/400] lr: 1.48e-04 | MSE loss: 7.9129e-04 | time: 0.176
I 06.01/01:01:23 solver.py:136 ] Epoch: [185/400][180/400] lr: 1.48e-04 | MSE loss: 7.9868e-04 | time: 0.175
I 06.01/01:01:26 solver.py:136 ] Epoch: [185/400][200/400] lr: 1.48e-04 | MSE loss: 8.0083e-04 | time: 0.174
I 06.01/01:01:29 solver.py:136 ] Epoch: [185/400][220/400] lr: 1.48e-04 | MSE loss: 8.0078e-04 | time: 0.174
I 06.01/01:01:33 solver.py:136 ] Epoch: [185/400][240/400] lr: 1.48e-04 | MSE loss: 7.9981e-04 | time: 0.174
I 06.01/01:01:36 solver.py:136 ] Epoch: [185/400][260/400] lr: 1.48e-04 | MSE loss: 7.9883e-04 | time: 0.173
I 06.01/01:01:39 solver.py:136 ] Epoch: [185/400][280/400] lr: 1.48e-04 | MSE loss: 7.9902e-04 | time: 0.172
I 06.01/01:01:43 solver.py:136 ] Epoch: [185/400][300/400] lr: 1.48e-04 | MSE loss: 7.9658e-04 | time: 0.172
I 06.01/01:01:46 solver.py:136 ] Epoch: [185/400][320/400] lr: 1.48e-04 | MSE loss: 7.9850e-04 | time: 0.171
I 06.01/01:01:49 solver.py:136 ] Epoch: [185/400][340/400] lr: 1.48e-04 | MSE loss: 8.0053e-04 | time: 0.171
I 06.01/01:01:52 solver.py:136 ] Epoch: [185/400][360/400] lr: 1.48e-04 | MSE loss: 8.0100e-04 | time: 0.170
I 06.01/01:01:55 solver.py:136 ] Epoch: [185/400][380/400] lr: 1.48e-04 | MSE loss: 8.0231e-04 | time: 0.168
I 06.01/01:01:58 solver.py:136 ] Epoch: [185/400][400/400] lr: 1.48e-04 | MSE loss: 8.0341e-04 | time: 0.168
I 06.01/01:01:58 solver.py:146 ] => Train  Loss: 8.0341e-04

I 06.01/01:02:04 solver.py:205 ] 
=! Best NMSE: -2.5853e+01 (epoch=180)

I 06.01/01:02:07 solver.py:136 ] Epoch: [186/400][20/400] lr: 1.48e-04 | MSE loss: 7.7188e-04 | time: 0.136
I 06.01/01:02:10 solver.py:136 ] Epoch: [186/400][40/400] lr: 1.47e-04 | MSE loss: 7.9188e-04 | time: 0.139
I 06.01/01:02:13 solver.py:136 ] Epoch: [186/400][60/400] lr: 1.47e-04 | MSE loss: 7.9095e-04 | time: 0.147
I 06.01/01:02:17 solver.py:136 ] Epoch: [186/400][80/400] lr: 1.47e-04 | MSE loss: 7.8938e-04 | time: 0.152
I 06.01/01:02:20 solver.py:136 ] Epoch: [186/400][100/400] lr: 1.47e-04 | MSE loss: 7.8693e-04 | time: 0.153
I 06.01/01:02:23 solver.py:136 ] Epoch: [186/400][120/400] lr: 1.47e-04 | MSE loss: 7.8183e-04 | time: 0.153
I 06.01/01:02:26 solver.py:136 ] Epoch: [186/400][140/400] lr: 1.47e-04 | MSE loss: 7.8239e-04 | time: 0.154
I 06.01/01:02:29 solver.py:136 ] Epoch: [186/400][160/400] lr: 1.47e-04 | MSE loss: 7.7981e-04 | time: 0.156
I 06.01/01:02:32 solver.py:136 ] Epoch: [186/400][180/400] lr: 1.47e-04 | MSE loss: 7.7777e-04 | time: 0.155
I 06.01/01:02:35 solver.py:136 ] Epoch: [186/400][200/400] lr: 1.47e-04 | MSE loss: 7.7866e-04 | time: 0.155
I 06.01/01:02:39 solver.py:136 ] Epoch: [186/400][220/400] lr: 1.47e-04 | MSE loss: 7.7840e-04 | time: 0.157
I 06.01/01:02:42 solver.py:136 ] Epoch: [186/400][240/400] lr: 1.47e-04 | MSE loss: 7.7666e-04 | time: 0.157
I 06.01/01:02:45 solver.py:136 ] Epoch: [186/400][260/400] lr: 1.47e-04 | MSE loss: 7.7936e-04 | time: 0.157
I 06.01/01:02:48 solver.py:136 ] Epoch: [186/400][280/400] lr: 1.47e-04 | MSE loss: 7.8270e-04 | time: 0.157
I 06.01/01:02:52 solver.py:136 ] Epoch: [186/400][300/400] lr: 1.47e-04 | MSE loss: 7.8234e-04 | time: 0.158
I 06.01/01:02:55 solver.py:136 ] Epoch: [186/400][320/400] lr: 1.47e-04 | MSE loss: 7.8313e-04 | time: 0.157
I 06.01/01:02:58 solver.py:136 ] Epoch: [186/400][340/400] lr: 1.47e-04 | MSE loss: 7.8488e-04 | time: 0.157
I 06.01/01:03:02 solver.py:136 ] Epoch: [186/400][360/400] lr: 1.47e-04 | MSE loss: 7.8545e-04 | time: 0.159
I 06.01/01:03:06 solver.py:136 ] Epoch: [186/400][380/400] lr: 1.47e-04 | MSE loss: 7.8687e-04 | time: 0.162
I 06.01/01:03:10 solver.py:136 ] Epoch: [186/400][400/400] lr: 1.47e-04 | MSE loss: 7.8725e-04 | time: 0.163
I 06.01/01:03:10 solver.py:146 ] => Train  Loss: 7.8725e-04

I 06.01/01:03:15 solver.py:205 ] 
=! Best NMSE: -2.5853e+01 (epoch=180)

I 06.01/01:03:18 solver.py:136 ] Epoch: [187/400][20/400] lr: 1.47e-04 | MSE loss: 7.8652e-04 | time: 0.146
I 06.01/01:03:21 solver.py:136 ] Epoch: [187/400][40/400] lr: 1.47e-04 | MSE loss: 7.8638e-04 | time: 0.141
I 06.01/01:03:23 solver.py:136 ] Epoch: [187/400][60/400] lr: 1.47e-04 | MSE loss: 7.8763e-04 | time: 0.141
I 06.01/01:03:27 solver.py:136 ] Epoch: [187/400][80/400] lr: 1.47e-04 | MSE loss: 7.8705e-04 | time: 0.146
I 06.01/01:03:30 solver.py:136 ] Epoch: [187/400][100/400] lr: 1.47e-04 | MSE loss: 7.8846e-04 | time: 0.148
I 06.01/01:03:33 solver.py:136 ] Epoch: [187/400][120/400] lr: 1.47e-04 | MSE loss: 7.8503e-04 | time: 0.150
I 06.01/01:03:36 solver.py:136 ] Epoch: [187/400][140/400] lr: 1.47e-04 | MSE loss: 7.8229e-04 | time: 0.152
I 06.01/01:03:40 solver.py:136 ] Epoch: [187/400][160/400] lr: 1.47e-04 | MSE loss: 7.8573e-04 | time: 0.154
I 06.01/01:03:43 solver.py:136 ] Epoch: [187/400][180/400] lr: 1.47e-04 | MSE loss: 7.8350e-04 | time: 0.154
I 06.01/01:03:46 solver.py:136 ] Epoch: [187/400][200/400] lr: 1.47e-04 | MSE loss: 7.8239e-04 | time: 0.154
I 06.01/01:03:50 solver.py:136 ] Epoch: [187/400][220/400] lr: 1.47e-04 | MSE loss: 7.8167e-04 | time: 0.156
I 06.01/01:03:53 solver.py:136 ] Epoch: [187/400][240/400] lr: 1.47e-04 | MSE loss: 7.8035e-04 | time: 0.158
I 06.01/01:03:56 solver.py:136 ] Epoch: [187/400][260/400] lr: 1.47e-04 | MSE loss: 7.7924e-04 | time: 0.158
I 06.01/01:03:59 solver.py:136 ] Epoch: [187/400][280/400] lr: 1.46e-04 | MSE loss: 7.7826e-04 | time: 0.158
I 06.01/01:04:04 solver.py:136 ] Epoch: [187/400][300/400] lr: 1.46e-04 | MSE loss: 7.8005e-04 | time: 0.164
I 06.01/01:04:08 solver.py:136 ] Epoch: [187/400][320/400] lr: 1.46e-04 | MSE loss: 7.8061e-04 | time: 0.165
I 06.01/01:04:11 solver.py:136 ] Epoch: [187/400][340/400] lr: 1.46e-04 | MSE loss: 7.8208e-04 | time: 0.165
I 06.01/01:04:14 solver.py:136 ] Epoch: [187/400][360/400] lr: 1.46e-04 | MSE loss: 7.8278e-04 | time: 0.164
I 06.01/01:04:18 solver.py:136 ] Epoch: [187/400][380/400] lr: 1.46e-04 | MSE loss: 7.8406e-04 | time: 0.164
I 06.01/01:04:21 solver.py:136 ] Epoch: [187/400][400/400] lr: 1.46e-04 | MSE loss: 7.8551e-04 | time: 0.165
I 06.01/01:04:21 solver.py:146 ] => Train  Loss: 7.8551e-04

I 06.01/01:04:26 solver.py:205 ] 
=! Best NMSE: -2.5853e+01 (epoch=180)

I 06.01/01:04:29 solver.py:136 ] Epoch: [188/400][20/400] lr: 1.46e-04 | MSE loss: 7.7564e-04 | time: 0.167
I 06.01/01:04:33 solver.py:136 ] Epoch: [188/400][40/400] lr: 1.46e-04 | MSE loss: 7.5469e-04 | time: 0.171
I 06.01/01:04:36 solver.py:136 ] Epoch: [188/400][60/400] lr: 1.46e-04 | MSE loss: 7.6813e-04 | time: 0.172
I 06.01/01:04:39 solver.py:136 ] Epoch: [188/400][80/400] lr: 1.46e-04 | MSE loss: 7.7285e-04 | time: 0.168
I 06.01/01:04:42 solver.py:136 ] Epoch: [188/400][100/400] lr: 1.46e-04 | MSE loss: 7.6801e-04 | time: 0.164
I 06.01/01:04:45 solver.py:136 ] Epoch: [188/400][120/400] lr: 1.46e-04 | MSE loss: 7.6769e-04 | time: 0.162
I 06.01/01:04:48 solver.py:136 ] Epoch: [188/400][140/400] lr: 1.46e-04 | MSE loss: 7.6707e-04 | time: 0.159
I 06.01/01:04:52 solver.py:136 ] Epoch: [188/400][160/400] lr: 1.46e-04 | MSE loss: 7.6823e-04 | time: 0.160
I 06.01/01:04:55 solver.py:136 ] Epoch: [188/400][180/400] lr: 1.46e-04 | MSE loss: 7.7013e-04 | time: 0.161
I 06.01/01:04:59 solver.py:136 ] Epoch: [188/400][200/400] lr: 1.46e-04 | MSE loss: 7.7785e-04 | time: 0.164
I 06.01/01:05:03 solver.py:136 ] Epoch: [188/400][220/400] lr: 1.46e-04 | MSE loss: 7.8055e-04 | time: 0.168
I 06.01/01:05:07 solver.py:136 ] Epoch: [188/400][240/400] lr: 1.46e-04 | MSE loss: 7.8204e-04 | time: 0.170
I 06.01/01:05:10 solver.py:136 ] Epoch: [188/400][260/400] lr: 1.46e-04 | MSE loss: 7.8033e-04 | time: 0.168
I 06.01/01:05:13 solver.py:136 ] Epoch: [188/400][280/400] lr: 1.46e-04 | MSE loss: 7.8251e-04 | time: 0.168
I 06.01/01:05:16 solver.py:136 ] Epoch: [188/400][300/400] lr: 1.46e-04 | MSE loss: 7.8639e-04 | time: 0.168
I 06.01/01:05:19 solver.py:136 ] Epoch: [188/400][320/400] lr: 1.46e-04 | MSE loss: 7.8826e-04 | time: 0.167
I 06.01/01:05:23 solver.py:136 ] Epoch: [188/400][340/400] lr: 1.46e-04 | MSE loss: 7.8845e-04 | time: 0.167
I 06.01/01:05:25 solver.py:136 ] Epoch: [188/400][360/400] lr: 1.46e-04 | MSE loss: 7.8919e-04 | time: 0.165
I 06.01/01:05:28 solver.py:136 ] Epoch: [188/400][380/400] lr: 1.46e-04 | MSE loss: 7.8966e-04 | time: 0.164
I 06.01/01:05:31 solver.py:136 ] Epoch: [188/400][400/400] lr: 1.46e-04 | MSE loss: 7.8936e-04 | time: 0.163
I 06.01/01:05:31 solver.py:146 ] => Train  Loss: 7.8936e-04

I 06.01/01:05:37 solver.py:205 ] 
=! Best NMSE: -2.5853e+01 (epoch=180)

I 06.01/01:05:40 solver.py:136 ] Epoch: [189/400][20/400] lr: 1.46e-04 | MSE loss: 7.5572e-04 | time: 0.177
I 06.01/01:05:43 solver.py:136 ] Epoch: [189/400][40/400] lr: 1.46e-04 | MSE loss: 7.6439e-04 | time: 0.167
I 06.01/01:05:47 solver.py:136 ] Epoch: [189/400][60/400] lr: 1.46e-04 | MSE loss: 7.7021e-04 | time: 0.165
I 06.01/01:05:50 solver.py:136 ] Epoch: [189/400][80/400] lr: 1.46e-04 | MSE loss: 7.7169e-04 | time: 0.162
I 06.01/01:05:53 solver.py:136 ] Epoch: [189/400][100/400] lr: 1.46e-04 | MSE loss: 7.6751e-04 | time: 0.163
I 06.01/01:05:56 solver.py:136 ] Epoch: [189/400][120/400] lr: 1.45e-04 | MSE loss: 7.6533e-04 | time: 0.162
I 06.01/01:06:00 solver.py:136 ] Epoch: [189/400][140/400] lr: 1.45e-04 | MSE loss: 7.6194e-04 | time: 0.163
I 06.01/01:06:05 solver.py:136 ] Epoch: [189/400][160/400] lr: 1.45e-04 | MSE loss: 7.6205e-04 | time: 0.178
I 06.01/01:06:09 solver.py:136 ] Epoch: [189/400][180/400] lr: 1.45e-04 | MSE loss: 7.6662e-04 | time: 0.178
I 06.01/01:06:12 solver.py:136 ] Epoch: [189/400][200/400] lr: 1.45e-04 | MSE loss: 7.6876e-04 | time: 0.177
I 06.01/01:06:15 solver.py:136 ] Epoch: [189/400][220/400] lr: 1.45e-04 | MSE loss: 7.6834e-04 | time: 0.175
I 06.01/01:06:19 solver.py:136 ] Epoch: [189/400][240/400] lr: 1.45e-04 | MSE loss: 7.6858e-04 | time: 0.174
I 06.01/01:06:22 solver.py:136 ] Epoch: [189/400][260/400] lr: 1.45e-04 | MSE loss: 7.7082e-04 | time: 0.174
I 06.01/01:06:25 solver.py:136 ] Epoch: [189/400][280/400] lr: 1.45e-04 | MSE loss: 7.7251e-04 | time: 0.174
I 06.01/01:06:29 solver.py:136 ] Epoch: [189/400][300/400] lr: 1.45e-04 | MSE loss: 7.7136e-04 | time: 0.172
I 06.01/01:06:32 solver.py:136 ] Epoch: [189/400][320/400] lr: 1.45e-04 | MSE loss: 7.7414e-04 | time: 0.172
I 06.01/01:06:36 solver.py:136 ] Epoch: [189/400][340/400] lr: 1.45e-04 | MSE loss: 7.7448e-04 | time: 0.173
I 06.01/01:06:39 solver.py:136 ] Epoch: [189/400][360/400] lr: 1.45e-04 | MSE loss: 7.7548e-04 | time: 0.172
I 06.01/01:06:42 solver.py:136 ] Epoch: [189/400][380/400] lr: 1.45e-04 | MSE loss: 7.7626e-04 | time: 0.171
I 06.01/01:06:45 solver.py:136 ] Epoch: [189/400][400/400] lr: 1.45e-04 | MSE loss: 7.7531e-04 | time: 0.170
I 06.01/01:06:45 solver.py:146 ] => Train  Loss: 7.7531e-04

I 06.01/01:06:49 solver.py:205 ] 
=! Best NMSE: -2.5853e+01 (epoch=180)

I 06.01/01:06:52 solver.py:136 ] Epoch: [190/400][20/400] lr: 1.45e-04 | MSE loss: 7.3816e-04 | time: 0.169
I 06.01/01:06:56 solver.py:136 ] Epoch: [190/400][40/400] lr: 1.45e-04 | MSE loss: 7.6194e-04 | time: 0.162
I 06.01/01:06:58 solver.py:136 ] Epoch: [190/400][60/400] lr: 1.45e-04 | MSE loss: 7.6074e-04 | time: 0.155
I 06.01/01:07:01 solver.py:136 ] Epoch: [190/400][80/400] lr: 1.45e-04 | MSE loss: 7.5543e-04 | time: 0.152
I 06.01/01:07:05 solver.py:136 ] Epoch: [190/400][100/400] lr: 1.45e-04 | MSE loss: 7.5861e-04 | time: 0.164
I 06.01/01:07:08 solver.py:136 ] Epoch: [190/400][120/400] lr: 1.45e-04 | MSE loss: 7.6031e-04 | time: 0.163
I 06.01/01:07:12 solver.py:136 ] Epoch: [190/400][140/400] lr: 1.45e-04 | MSE loss: 7.5720e-04 | time: 0.162
I 06.01/01:07:15 solver.py:136 ] Epoch: [190/400][160/400] lr: 1.45e-04 | MSE loss: 7.6029e-04 | time: 0.164
I 06.01/01:07:18 solver.py:136 ] Epoch: [190/400][180/400] lr: 1.45e-04 | MSE loss: 7.6360e-04 | time: 0.162
I 06.01/01:07:22 solver.py:136 ] Epoch: [190/400][200/400] lr: 1.45e-04 | MSE loss: 7.6475e-04 | time: 0.162
I 06.01/01:07:25 solver.py:136 ] Epoch: [190/400][220/400] lr: 1.45e-04 | MSE loss: 7.6646e-04 | time: 0.162
I 06.01/01:07:28 solver.py:136 ] Epoch: [190/400][240/400] lr: 1.45e-04 | MSE loss: 7.6496e-04 | time: 0.164
I 06.01/01:07:32 solver.py:136 ] Epoch: [190/400][260/400] lr: 1.45e-04 | MSE loss: 7.6513e-04 | time: 0.165
I 06.01/01:07:36 solver.py:136 ] Epoch: [190/400][280/400] lr: 1.45e-04 | MSE loss: 7.6593e-04 | time: 0.166
I 06.01/01:07:39 solver.py:136 ] Epoch: [190/400][300/400] lr: 1.45e-04 | MSE loss: 7.6722e-04 | time: 0.166
I 06.01/01:07:42 solver.py:136 ] Epoch: [190/400][320/400] lr: 1.45e-04 | MSE loss: 7.6597e-04 | time: 0.165
I 06.01/01:07:45 solver.py:136 ] Epoch: [190/400][340/400] lr: 1.45e-04 | MSE loss: 7.6640e-04 | time: 0.164
I 06.01/01:07:48 solver.py:136 ] Epoch: [190/400][360/400] lr: 1.44e-04 | MSE loss: 7.6776e-04 | time: 0.164
I 06.01/01:07:51 solver.py:136 ] Epoch: [190/400][380/400] lr: 1.44e-04 | MSE loss: 7.7086e-04 | time: 0.164
I 06.01/01:07:55 solver.py:136 ] Epoch: [190/400][400/400] lr: 1.44e-04 | MSE loss: 7.7312e-04 | time: 0.164
I 06.01/01:07:55 solver.py:146 ] => Train  Loss: 7.7312e-04

I 06.01/01:07:58 solver.py:136 ] Epoch: [190/400][20/50] lr: 1.44e-04 | MSE loss: 1.1770e-03 | time: 0.150
I 06.01/01:08:01 solver.py:136 ] Epoch: [190/400][40/50] lr: 1.44e-04 | MSE loss: 1.1961e-03 | time: 0.165
I 06.01/01:08:04 solver.py:146 ] => Val  Loss: 1.1852e-03

I 06.01/01:08:07 solver.py:287 ] [20/50] loss: 1.2136e-03 | NMSE: -2.6183e+01 | time: 0.157
I 06.01/01:08:10 solver.py:287 ] [40/50] loss: 1.2208e-03 | NMSE: -2.6172e+01 | time: 0.135
I 06.01/01:08:11 solver.py:291 ] => Test NMSE: -2.6155e+01

I 06.01/01:08:18 solver.py:205 ] 
=! Best NMSE: -2.6155e+01 (epoch=190)

I 06.01/01:08:22 solver.py:136 ] Epoch: [191/400][20/400] lr: 1.44e-04 | MSE loss: 7.5911e-04 | time: 0.180
I 06.01/01:08:25 solver.py:136 ] Epoch: [191/400][40/400] lr: 1.44e-04 | MSE loss: 7.5884e-04 | time: 0.171
I 06.01/01:08:28 solver.py:136 ] Epoch: [191/400][60/400] lr: 1.44e-04 | MSE loss: 7.4829e-04 | time: 0.160
I 06.01/01:08:32 solver.py:136 ] Epoch: [191/400][80/400] lr: 1.44e-04 | MSE loss: 7.5268e-04 | time: 0.166
I 06.01/01:08:35 solver.py:136 ] Epoch: [191/400][100/400] lr: 1.44e-04 | MSE loss: 7.5013e-04 | time: 0.164
I 06.01/01:08:39 solver.py:136 ] Epoch: [191/400][120/400] lr: 1.44e-04 | MSE loss: 7.4929e-04 | time: 0.164
I 06.01/01:08:42 solver.py:136 ] Epoch: [191/400][140/400] lr: 1.44e-04 | MSE loss: 7.4797e-04 | time: 0.165
I 06.01/01:08:45 solver.py:136 ] Epoch: [191/400][160/400] lr: 1.44e-04 | MSE loss: 7.4750e-04 | time: 0.164
I 06.01/01:08:48 solver.py:136 ] Epoch: [191/400][180/400] lr: 1.44e-04 | MSE loss: 7.4755e-04 | time: 0.162
I 06.01/01:08:51 solver.py:136 ] Epoch: [191/400][200/400] lr: 1.44e-04 | MSE loss: 7.4776e-04 | time: 0.161
I 06.01/01:08:54 solver.py:136 ] Epoch: [191/400][220/400] lr: 1.44e-04 | MSE loss: 7.4802e-04 | time: 0.160
I 06.01/01:08:58 solver.py:136 ] Epoch: [191/400][240/400] lr: 1.44e-04 | MSE loss: 7.4901e-04 | time: 0.162
I 06.01/01:09:01 solver.py:136 ] Epoch: [191/400][260/400] lr: 1.44e-04 | MSE loss: 7.5186e-04 | time: 0.164
I 06.01/01:09:06 solver.py:136 ] Epoch: [191/400][280/400] lr: 1.44e-04 | MSE loss: 7.5319e-04 | time: 0.171
I 06.01/01:09:09 solver.py:136 ] Epoch: [191/400][300/400] lr: 1.44e-04 | MSE loss: 7.5228e-04 | time: 0.170
I 06.01/01:09:12 solver.py:136 ] Epoch: [191/400][320/400] lr: 1.44e-04 | MSE loss: 7.5154e-04 | time: 0.168
I 06.01/01:09:15 solver.py:136 ] Epoch: [191/400][340/400] lr: 1.44e-04 | MSE loss: 7.5214e-04 | time: 0.167
I 06.01/01:09:19 solver.py:136 ] Epoch: [191/400][360/400] lr: 1.44e-04 | MSE loss: 7.5329e-04 | time: 0.166
I 06.01/01:09:22 solver.py:136 ] Epoch: [191/400][380/400] lr: 1.44e-04 | MSE loss: 7.5380e-04 | time: 0.166
I 06.01/01:09:25 solver.py:136 ] Epoch: [191/400][400/400] lr: 1.44e-04 | MSE loss: 7.5461e-04 | time: 0.166
I 06.01/01:09:25 solver.py:146 ] => Train  Loss: 7.5461e-04

I 06.01/01:09:28 solver.py:205 ] 
=! Best NMSE: -2.6155e+01 (epoch=190)

I 06.01/01:09:31 solver.py:136 ] Epoch: [192/400][20/400] lr: 1.44e-04 | MSE loss: 7.7537e-04 | time: 0.157
I 06.01/01:09:34 solver.py:136 ] Epoch: [192/400][40/400] lr: 1.44e-04 | MSE loss: 7.6913e-04 | time: 0.151
I 06.01/01:09:37 solver.py:136 ] Epoch: [192/400][60/400] lr: 1.44e-04 | MSE loss: 7.6629e-04 | time: 0.148
I 06.01/01:09:40 solver.py:136 ] Epoch: [192/400][80/400] lr: 1.44e-04 | MSE loss: 7.6343e-04 | time: 0.151
I 06.01/01:09:44 solver.py:136 ] Epoch: [192/400][100/400] lr: 1.44e-04 | MSE loss: 7.5902e-04 | time: 0.157
I 06.01/01:09:47 solver.py:136 ] Epoch: [192/400][120/400] lr: 1.44e-04 | MSE loss: 7.5903e-04 | time: 0.158
I 06.01/01:09:51 solver.py:136 ] Epoch: [192/400][140/400] lr: 1.44e-04 | MSE loss: 7.5368e-04 | time: 0.161
I 06.01/01:09:54 solver.py:136 ] Epoch: [192/400][160/400] lr: 1.44e-04 | MSE loss: 7.5439e-04 | time: 0.162
I 06.01/01:09:57 solver.py:136 ] Epoch: [192/400][180/400] lr: 1.43e-04 | MSE loss: 7.5865e-04 | time: 0.164
I 06.01/01:10:01 solver.py:136 ] Epoch: [192/400][200/400] lr: 1.43e-04 | MSE loss: 7.5812e-04 | time: 0.164
I 06.01/01:10:06 solver.py:136 ] Epoch: [192/400][220/400] lr: 1.43e-04 | MSE loss: 7.5690e-04 | time: 0.173
I 06.01/01:10:09 solver.py:136 ] Epoch: [192/400][240/400] lr: 1.43e-04 | MSE loss: 7.5941e-04 | time: 0.172
I 06.01/01:10:13 solver.py:136 ] Epoch: [192/400][260/400] lr: 1.43e-04 | MSE loss: 7.5956e-04 | time: 0.172
I 06.01/01:10:16 solver.py:136 ] Epoch: [192/400][280/400] lr: 1.43e-04 | MSE loss: 7.5905e-04 | time: 0.172
I 06.01/01:10:19 solver.py:136 ] Epoch: [192/400][300/400] lr: 1.43e-04 | MSE loss: 7.6027e-04 | time: 0.170
I 06.01/01:10:22 solver.py:136 ] Epoch: [192/400][320/400] lr: 1.43e-04 | MSE loss: 7.5948e-04 | time: 0.169
I 06.01/01:10:25 solver.py:136 ] Epoch: [192/400][340/400] lr: 1.43e-04 | MSE loss: 7.6009e-04 | time: 0.168
I 06.01/01:10:28 solver.py:136 ] Epoch: [192/400][360/400] lr: 1.43e-04 | MSE loss: 7.6096e-04 | time: 0.166
I 06.01/01:10:31 solver.py:136 ] Epoch: [192/400][380/400] lr: 1.43e-04 | MSE loss: 7.6061e-04 | time: 0.164
I 06.01/01:10:34 solver.py:136 ] Epoch: [192/400][400/400] lr: 1.43e-04 | MSE loss: 7.6259e-04 | time: 0.165
I 06.01/01:10:34 solver.py:146 ] => Train  Loss: 7.6259e-04

I 06.01/01:10:38 solver.py:205 ] 
=! Best NMSE: -2.6155e+01 (epoch=190)

I 06.01/01:10:42 solver.py:136 ] Epoch: [193/400][20/400] lr: 1.43e-04 | MSE loss: 7.3209e-04 | time: 0.168
I 06.01/01:10:45 solver.py:136 ] Epoch: [193/400][40/400] lr: 1.43e-04 | MSE loss: 7.3957e-04 | time: 0.171
I 06.01/01:10:48 solver.py:136 ] Epoch: [193/400][60/400] lr: 1.43e-04 | MSE loss: 7.3781e-04 | time: 0.167
I 06.01/01:10:52 solver.py:136 ] Epoch: [193/400][80/400] lr: 1.43e-04 | MSE loss: 7.5096e-04 | time: 0.171
I 06.01/01:10:56 solver.py:136 ] Epoch: [193/400][100/400] lr: 1.43e-04 | MSE loss: 7.5550e-04 | time: 0.171
I 06.01/01:10:59 solver.py:136 ] Epoch: [193/400][120/400] lr: 1.43e-04 | MSE loss: 7.5398e-04 | time: 0.168
I 06.01/01:11:03 solver.py:136 ] Epoch: [193/400][140/400] lr: 1.43e-04 | MSE loss: 7.5687e-04 | time: 0.176
I 06.01/01:11:07 solver.py:136 ] Epoch: [193/400][160/400] lr: 1.43e-04 | MSE loss: 7.6094e-04 | time: 0.179
I 06.01/01:11:10 solver.py:136 ] Epoch: [193/400][180/400] lr: 1.43e-04 | MSE loss: 7.6379e-04 | time: 0.175
I 06.01/01:11:13 solver.py:136 ] Epoch: [193/400][200/400] lr: 1.43e-04 | MSE loss: 7.6353e-04 | time: 0.174
I 06.01/01:11:16 solver.py:136 ] Epoch: [193/400][220/400] lr: 1.43e-04 | MSE loss: 7.6470e-04 | time: 0.172
I 06.01/01:11:20 solver.py:136 ] Epoch: [193/400][240/400] lr: 1.43e-04 | MSE loss: 7.6460e-04 | time: 0.174
I 06.01/01:11:23 solver.py:136 ] Epoch: [193/400][260/400] lr: 1.43e-04 | MSE loss: 7.6460e-04 | time: 0.172
I 06.01/01:11:26 solver.py:136 ] Epoch: [193/400][280/400] lr: 1.43e-04 | MSE loss: 7.6492e-04 | time: 0.171
I 06.01/01:11:29 solver.py:136 ] Epoch: [193/400][300/400] lr: 1.43e-04 | MSE loss: 7.6452e-04 | time: 0.168
I 06.01/01:11:33 solver.py:136 ] Epoch: [193/400][320/400] lr: 1.43e-04 | MSE loss: 7.6412e-04 | time: 0.168
I 06.01/01:11:36 solver.py:136 ] Epoch: [193/400][340/400] lr: 1.43e-04 | MSE loss: 7.6353e-04 | time: 0.167
I 06.01/01:11:39 solver.py:136 ] Epoch: [193/400][360/400] lr: 1.43e-04 | MSE loss: 7.6326e-04 | time: 0.168
I 06.01/01:11:43 solver.py:136 ] Epoch: [193/400][380/400] lr: 1.43e-04 | MSE loss: 7.6329e-04 | time: 0.168
I 06.01/01:11:46 solver.py:136 ] Epoch: [193/400][400/400] lr: 1.43e-04 | MSE loss: 7.6237e-04 | time: 0.168
I 06.01/01:11:46 solver.py:146 ] => Train  Loss: 7.6237e-04

I 06.01/01:11:50 solver.py:205 ] 
=! Best NMSE: -2.6155e+01 (epoch=190)

I 06.01/01:11:54 solver.py:136 ] Epoch: [194/400][20/400] lr: 1.42e-04 | MSE loss: 7.2711e-04 | time: 0.178
I 06.01/01:11:58 solver.py:136 ] Epoch: [194/400][40/400] lr: 1.42e-04 | MSE loss: 7.4103e-04 | time: 0.182
I 06.01/01:12:02 solver.py:136 ] Epoch: [194/400][60/400] lr: 1.42e-04 | MSE loss: 7.4182e-04 | time: 0.189
I 06.01/01:12:06 solver.py:136 ] Epoch: [194/400][80/400] lr: 1.42e-04 | MSE loss: 7.4450e-04 | time: 0.196
I 06.01/01:12:09 solver.py:136 ] Epoch: [194/400][100/400] lr: 1.42e-04 | MSE loss: 7.4772e-04 | time: 0.186
I 06.01/01:12:12 solver.py:136 ] Epoch: [194/400][120/400] lr: 1.42e-04 | MSE loss: 7.4726e-04 | time: 0.181
I 06.01/01:12:15 solver.py:136 ] Epoch: [194/400][140/400] lr: 1.42e-04 | MSE loss: 7.4852e-04 | time: 0.176
I 06.01/01:12:19 solver.py:136 ] Epoch: [194/400][160/400] lr: 1.42e-04 | MSE loss: 7.4584e-04 | time: 0.176
I 06.01/01:12:22 solver.py:136 ] Epoch: [194/400][180/400] lr: 1.42e-04 | MSE loss: 7.4691e-04 | time: 0.174
I 06.01/01:12:25 solver.py:136 ] Epoch: [194/400][200/400] lr: 1.42e-04 | MSE loss: 7.5289e-04 | time: 0.174
I 06.01/01:12:28 solver.py:136 ] Epoch: [194/400][220/400] lr: 1.42e-04 | MSE loss: 7.5704e-04 | time: 0.172
I 06.01/01:12:31 solver.py:136 ] Epoch: [194/400][240/400] lr: 1.42e-04 | MSE loss: 7.5660e-04 | time: 0.170
I 06.01/01:12:35 solver.py:136 ] Epoch: [194/400][260/400] lr: 1.42e-04 | MSE loss: 7.5537e-04 | time: 0.170
I 06.01/01:12:37 solver.py:136 ] Epoch: [194/400][280/400] lr: 1.42e-04 | MSE loss: 7.5390e-04 | time: 0.167
I 06.01/01:12:41 solver.py:136 ] Epoch: [194/400][300/400] lr: 1.42e-04 | MSE loss: 7.5454e-04 | time: 0.167
I 06.01/01:12:44 solver.py:136 ] Epoch: [194/400][320/400] lr: 1.42e-04 | MSE loss: 7.5543e-04 | time: 0.166
I 06.01/01:12:47 solver.py:136 ] Epoch: [194/400][340/400] lr: 1.42e-04 | MSE loss: 7.5693e-04 | time: 0.165
I 06.01/01:12:50 solver.py:136 ] Epoch: [194/400][360/400] lr: 1.42e-04 | MSE loss: 7.5650e-04 | time: 0.164
I 06.01/01:12:53 solver.py:136 ] Epoch: [194/400][380/400] lr: 1.42e-04 | MSE loss: 7.5828e-04 | time: 0.164
I 06.01/01:12:55 solver.py:136 ] Epoch: [194/400][400/400] lr: 1.42e-04 | MSE loss: 7.5803e-04 | time: 0.161
I 06.01/01:12:55 solver.py:146 ] => Train  Loss: 7.5803e-04

I 06.01/01:12:59 solver.py:205 ] 
=! Best NMSE: -2.6155e+01 (epoch=190)

I 06.01/01:13:05 solver.py:136 ] Epoch: [195/400][20/400] lr: 1.42e-04 | MSE loss: 8.0081e-04 | time: 0.284
I 06.01/01:13:08 solver.py:136 ] Epoch: [195/400][40/400] lr: 1.42e-04 | MSE loss: 7.9063e-04 | time: 0.215
I 06.01/01:13:11 solver.py:136 ] Epoch: [195/400][60/400] lr: 1.42e-04 | MSE loss: 7.7497e-04 | time: 0.197
I 06.01/01:13:15 solver.py:136 ] Epoch: [195/400][80/400] lr: 1.42e-04 | MSE loss: 7.6654e-04 | time: 0.187
I 06.01/01:13:18 solver.py:136 ] Epoch: [195/400][100/400] lr: 1.42e-04 | MSE loss: 7.5924e-04 | time: 0.182
I 06.01/01:13:21 solver.py:136 ] Epoch: [195/400][120/400] lr: 1.42e-04 | MSE loss: 7.5124e-04 | time: 0.177
I 06.01/01:13:24 solver.py:136 ] Epoch: [195/400][140/400] lr: 1.42e-04 | MSE loss: 7.4523e-04 | time: 0.178
I 06.01/01:13:28 solver.py:136 ] Epoch: [195/400][160/400] lr: 1.42e-04 | MSE loss: 7.4118e-04 | time: 0.175
I 06.01/01:13:31 solver.py:136 ] Epoch: [195/400][180/400] lr: 1.42e-04 | MSE loss: 7.4243e-04 | time: 0.174
I 06.01/01:13:34 solver.py:136 ] Epoch: [195/400][200/400] lr: 1.42e-04 | MSE loss: 7.4324e-04 | time: 0.172
I 06.01/01:13:37 solver.py:136 ] Epoch: [195/400][220/400] lr: 1.42e-04 | MSE loss: 7.4302e-04 | time: 0.168
I 06.01/01:13:40 solver.py:136 ] Epoch: [195/400][240/400] lr: 1.41e-04 | MSE loss: 7.4364e-04 | time: 0.167
I 06.01/01:13:42 solver.py:136 ] Epoch: [195/400][260/400] lr: 1.41e-04 | MSE loss: 7.4520e-04 | time: 0.165
I 06.01/01:13:46 solver.py:136 ] Epoch: [195/400][280/400] lr: 1.41e-04 | MSE loss: 7.4625e-04 | time: 0.165
I 06.01/01:13:48 solver.py:136 ] Epoch: [195/400][300/400] lr: 1.41e-04 | MSE loss: 7.4588e-04 | time: 0.163
I 06.01/01:13:51 solver.py:136 ] Epoch: [195/400][320/400] lr: 1.41e-04 | MSE loss: 7.4625e-04 | time: 0.162
I 06.01/01:13:55 solver.py:136 ] Epoch: [195/400][340/400] lr: 1.41e-04 | MSE loss: 7.4555e-04 | time: 0.163
I 06.01/01:13:58 solver.py:136 ] Epoch: [195/400][360/400] lr: 1.41e-04 | MSE loss: 7.4624e-04 | time: 0.163
I 06.01/01:14:02 solver.py:136 ] Epoch: [195/400][380/400] lr: 1.41e-04 | MSE loss: 7.4659e-04 | time: 0.165
I 06.01/01:14:07 solver.py:136 ] Epoch: [195/400][400/400] lr: 1.41e-04 | MSE loss: 7.4623e-04 | time: 0.168
I 06.01/01:14:07 solver.py:146 ] => Train  Loss: 7.4623e-04

I 06.01/01:14:10 solver.py:205 ] 
=! Best NMSE: -2.6155e+01 (epoch=190)

I 06.01/01:14:14 solver.py:136 ] Epoch: [196/400][20/400] lr: 1.41e-04 | MSE loss: 6.9298e-04 | time: 0.170
I 06.01/01:14:17 solver.py:136 ] Epoch: [196/400][40/400] lr: 1.41e-04 | MSE loss: 7.0473e-04 | time: 0.159
I 06.01/01:14:20 solver.py:136 ] Epoch: [196/400][60/400] lr: 1.41e-04 | MSE loss: 7.1114e-04 | time: 0.161
I 06.01/01:14:24 solver.py:136 ] Epoch: [196/400][80/400] lr: 1.41e-04 | MSE loss: 7.2517e-04 | time: 0.163
I 06.01/01:14:27 solver.py:136 ] Epoch: [196/400][100/400] lr: 1.41e-04 | MSE loss: 7.3011e-04 | time: 0.161
I 06.01/01:14:30 solver.py:136 ] Epoch: [196/400][120/400] lr: 1.41e-04 | MSE loss: 7.3221e-04 | time: 0.164
I 06.01/01:14:34 solver.py:136 ] Epoch: [196/400][140/400] lr: 1.41e-04 | MSE loss: 7.3196e-04 | time: 0.165
I 06.01/01:14:37 solver.py:136 ] Epoch: [196/400][160/400] lr: 1.41e-04 | MSE loss: 7.2816e-04 | time: 0.167
I 06.01/01:14:40 solver.py:136 ] Epoch: [196/400][180/400] lr: 1.41e-04 | MSE loss: 7.2833e-04 | time: 0.165
I 06.01/01:14:44 solver.py:136 ] Epoch: [196/400][200/400] lr: 1.41e-04 | MSE loss: 7.3350e-04 | time: 0.165
I 06.01/01:14:47 solver.py:136 ] Epoch: [196/400][220/400] lr: 1.41e-04 | MSE loss: 7.3455e-04 | time: 0.164
I 06.01/01:14:50 solver.py:136 ] Epoch: [196/400][240/400] lr: 1.41e-04 | MSE loss: 7.3840e-04 | time: 0.163
I 06.01/01:14:53 solver.py:136 ] Epoch: [196/400][260/400] lr: 1.41e-04 | MSE loss: 7.4009e-04 | time: 0.162
I 06.01/01:14:56 solver.py:136 ] Epoch: [196/400][280/400] lr: 1.41e-04 | MSE loss: 7.4324e-04 | time: 0.162
I 06.01/01:14:59 solver.py:136 ] Epoch: [196/400][300/400] lr: 1.41e-04 | MSE loss: 7.4333e-04 | time: 0.163
I 06.01/01:15:05 solver.py:136 ] Epoch: [196/400][320/400] lr: 1.41e-04 | MSE loss: 7.4832e-04 | time: 0.169
I 06.01/01:15:08 solver.py:136 ] Epoch: [196/400][340/400] lr: 1.41e-04 | MSE loss: 7.5080e-04 | time: 0.168
I 06.01/01:15:11 solver.py:136 ] Epoch: [196/400][360/400] lr: 1.41e-04 | MSE loss: 7.5492e-04 | time: 0.167
I 06.01/01:15:14 solver.py:136 ] Epoch: [196/400][380/400] lr: 1.41e-04 | MSE loss: 7.5645e-04 | time: 0.167
I 06.01/01:15:17 solver.py:136 ] Epoch: [196/400][400/400] lr: 1.41e-04 | MSE loss: 7.5707e-04 | time: 0.166
I 06.01/01:15:17 solver.py:146 ] => Train  Loss: 7.5707e-04

I 06.01/01:15:22 solver.py:205 ] 
=! Best NMSE: -2.6155e+01 (epoch=190)

I 06.01/01:15:26 solver.py:136 ] Epoch: [197/400][20/400] lr: 1.41e-04 | MSE loss: 7.4815e-04 | time: 0.175
I 06.01/01:15:29 solver.py:136 ] Epoch: [197/400][40/400] lr: 1.41e-04 | MSE loss: 7.3992e-04 | time: 0.174
I 06.01/01:15:32 solver.py:136 ] Epoch: [197/400][60/400] lr: 1.40e-04 | MSE loss: 7.4354e-04 | time: 0.174
I 06.01/01:15:36 solver.py:136 ] Epoch: [197/400][80/400] lr: 1.40e-04 | MSE loss: 7.3977e-04 | time: 0.170
I 06.01/01:15:39 solver.py:136 ] Epoch: [197/400][100/400] lr: 1.40e-04 | MSE loss: 7.3922e-04 | time: 0.171
I 06.01/01:15:43 solver.py:136 ] Epoch: [197/400][120/400] lr: 1.40e-04 | MSE loss: 7.3644e-04 | time: 0.170
I 06.01/01:15:46 solver.py:136 ] Epoch: [197/400][140/400] lr: 1.40e-04 | MSE loss: 7.3620e-04 | time: 0.170
I 06.01/01:15:49 solver.py:136 ] Epoch: [197/400][160/400] lr: 1.40e-04 | MSE loss: 7.3286e-04 | time: 0.169
I 06.01/01:15:52 solver.py:136 ] Epoch: [197/400][180/400] lr: 1.40e-04 | MSE loss: 7.2904e-04 | time: 0.167
I 06.01/01:15:56 solver.py:136 ] Epoch: [197/400][200/400] lr: 1.40e-04 | MSE loss: 7.3127e-04 | time: 0.168
I 06.01/01:15:59 solver.py:136 ] Epoch: [197/400][220/400] lr: 1.40e-04 | MSE loss: 7.3315e-04 | time: 0.166
I 06.01/01:16:04 solver.py:136 ] Epoch: [197/400][240/400] lr: 1.40e-04 | MSE loss: 7.3574e-04 | time: 0.174
I 06.01/01:16:07 solver.py:136 ] Epoch: [197/400][260/400] lr: 1.40e-04 | MSE loss: 7.3624e-04 | time: 0.173
I 06.01/01:16:11 solver.py:136 ] Epoch: [197/400][280/400] lr: 1.40e-04 | MSE loss: 7.3766e-04 | time: 0.172
I 06.01/01:16:14 solver.py:136 ] Epoch: [197/400][300/400] lr: 1.40e-04 | MSE loss: 7.3841e-04 | time: 0.172
I 06.01/01:16:17 solver.py:136 ] Epoch: [197/400][320/400] lr: 1.40e-04 | MSE loss: 7.3855e-04 | time: 0.172
I 06.01/01:16:21 solver.py:136 ] Epoch: [197/400][340/400] lr: 1.40e-04 | MSE loss: 7.4004e-04 | time: 0.172
I 06.01/01:16:24 solver.py:136 ] Epoch: [197/400][360/400] lr: 1.40e-04 | MSE loss: 7.4095e-04 | time: 0.171
I 06.01/01:16:27 solver.py:136 ] Epoch: [197/400][380/400] lr: 1.40e-04 | MSE loss: 7.4231e-04 | time: 0.170
I 06.01/01:16:30 solver.py:136 ] Epoch: [197/400][400/400] lr: 1.40e-04 | MSE loss: 7.4265e-04 | time: 0.170
I 06.01/01:16:30 solver.py:146 ] => Train  Loss: 7.4265e-04

I 06.01/01:16:36 solver.py:205 ] 
=! Best NMSE: -2.6155e+01 (epoch=190)

I 06.01/01:16:40 solver.py:136 ] Epoch: [198/400][20/400] lr: 1.40e-04 | MSE loss: 7.2812e-04 | time: 0.177
I 06.01/01:16:43 solver.py:136 ] Epoch: [198/400][40/400] lr: 1.40e-04 | MSE loss: 7.2391e-04 | time: 0.171
I 06.01/01:16:47 solver.py:136 ] Epoch: [198/400][60/400] lr: 1.40e-04 | MSE loss: 7.1664e-04 | time: 0.177
I 06.01/01:16:50 solver.py:136 ] Epoch: [198/400][80/400] lr: 1.40e-04 | MSE loss: 7.2188e-04 | time: 0.180
I 06.01/01:16:54 solver.py:136 ] Epoch: [198/400][100/400] lr: 1.40e-04 | MSE loss: 7.2046e-04 | time: 0.182
I 06.01/01:16:57 solver.py:136 ] Epoch: [198/400][120/400] lr: 1.40e-04 | MSE loss: 7.1700e-04 | time: 0.179
I 06.01/01:17:01 solver.py:136 ] Epoch: [198/400][140/400] lr: 1.40e-04 | MSE loss: 7.1777e-04 | time: 0.182
I 06.01/01:17:06 solver.py:136 ] Epoch: [198/400][160/400] lr: 1.40e-04 | MSE loss: 7.1896e-04 | time: 0.186
I 06.01/01:17:09 solver.py:136 ] Epoch: [198/400][180/400] lr: 1.40e-04 | MSE loss: 7.1916e-04 | time: 0.182
I 06.01/01:17:12 solver.py:136 ] Epoch: [198/400][200/400] lr: 1.40e-04 | MSE loss: 7.1989e-04 | time: 0.180
I 06.01/01:17:15 solver.py:136 ] Epoch: [198/400][220/400] lr: 1.40e-04 | MSE loss: 7.2346e-04 | time: 0.177
I 06.01/01:17:18 solver.py:136 ] Epoch: [198/400][240/400] lr: 1.40e-04 | MSE loss: 7.2669e-04 | time: 0.173
I 06.01/01:17:21 solver.py:136 ] Epoch: [198/400][260/400] lr: 1.40e-04 | MSE loss: 7.2777e-04 | time: 0.172
I 06.01/01:17:24 solver.py:136 ] Epoch: [198/400][280/400] lr: 1.40e-04 | MSE loss: 7.2881e-04 | time: 0.172
I 06.01/01:17:27 solver.py:136 ] Epoch: [198/400][300/400] lr: 1.39e-04 | MSE loss: 7.2933e-04 | time: 0.171
I 06.01/01:17:30 solver.py:136 ] Epoch: [198/400][320/400] lr: 1.39e-04 | MSE loss: 7.2869e-04 | time: 0.169
I 06.01/01:17:34 solver.py:136 ] Epoch: [198/400][340/400] lr: 1.39e-04 | MSE loss: 7.3081e-04 | time: 0.170
I 06.01/01:17:37 solver.py:136 ] Epoch: [198/400][360/400] lr: 1.39e-04 | MSE loss: 7.3261e-04 | time: 0.169
I 06.01/01:17:40 solver.py:136 ] Epoch: [198/400][380/400] lr: 1.39e-04 | MSE loss: 7.3432e-04 | time: 0.169
I 06.01/01:17:44 solver.py:136 ] Epoch: [198/400][400/400] lr: 1.39e-04 | MSE loss: 7.3319e-04 | time: 0.170
I 06.01/01:17:44 solver.py:146 ] => Train  Loss: 7.3319e-04

I 06.01/01:17:50 solver.py:205 ] 
=! Best NMSE: -2.6155e+01 (epoch=190)

I 06.01/01:17:54 solver.py:136 ] Epoch: [199/400][20/400] lr: 1.39e-04 | MSE loss: 7.6083e-04 | time: 0.185
I 06.01/01:17:57 solver.py:136 ] Epoch: [199/400][40/400] lr: 1.39e-04 | MSE loss: 7.4903e-04 | time: 0.176
I 06.01/01:18:00 solver.py:136 ] Epoch: [199/400][60/400] lr: 1.39e-04 | MSE loss: 7.4140e-04 | time: 0.174
I 06.01/01:18:06 solver.py:136 ] Epoch: [199/400][80/400] lr: 1.39e-04 | MSE loss: 7.3399e-04 | time: 0.198
I 06.01/01:18:09 solver.py:136 ] Epoch: [199/400][100/400] lr: 1.39e-04 | MSE loss: 7.3323e-04 | time: 0.192
I 06.01/01:18:12 solver.py:136 ] Epoch: [199/400][120/400] lr: 1.39e-04 | MSE loss: 7.2893e-04 | time: 0.183
I 06.01/01:18:15 solver.py:136 ] Epoch: [199/400][140/400] lr: 1.39e-04 | MSE loss: 7.3031e-04 | time: 0.177
I 06.01/01:18:18 solver.py:136 ] Epoch: [199/400][160/400] lr: 1.39e-04 | MSE loss: 7.2902e-04 | time: 0.174
I 06.01/01:18:21 solver.py:136 ] Epoch: [199/400][180/400] lr: 1.39e-04 | MSE loss: 7.2959e-04 | time: 0.174
I 06.01/01:18:24 solver.py:136 ] Epoch: [199/400][200/400] lr: 1.39e-04 | MSE loss: 7.3083e-04 | time: 0.171
I 06.01/01:18:27 solver.py:136 ] Epoch: [199/400][220/400] lr: 1.39e-04 | MSE loss: 7.3500e-04 | time: 0.170
I 06.01/01:18:31 solver.py:136 ] Epoch: [199/400][240/400] lr: 1.39e-04 | MSE loss: 7.4068e-04 | time: 0.170
I 06.01/01:18:34 solver.py:136 ] Epoch: [199/400][260/400] lr: 1.39e-04 | MSE loss: 7.4410e-04 | time: 0.170
I 06.01/01:18:37 solver.py:136 ] Epoch: [199/400][280/400] lr: 1.39e-04 | MSE loss: 7.4637e-04 | time: 0.169
I 06.01/01:18:41 solver.py:136 ] Epoch: [199/400][300/400] lr: 1.39e-04 | MSE loss: 7.4724e-04 | time: 0.168
I 06.01/01:18:44 solver.py:136 ] Epoch: [199/400][320/400] lr: 1.39e-04 | MSE loss: 7.4961e-04 | time: 0.168
I 06.01/01:18:47 solver.py:136 ] Epoch: [199/400][340/400] lr: 1.39e-04 | MSE loss: 7.5001e-04 | time: 0.167
I 06.01/01:18:50 solver.py:136 ] Epoch: [199/400][360/400] lr: 1.39e-04 | MSE loss: 7.4989e-04 | time: 0.167
I 06.01/01:18:53 solver.py:136 ] Epoch: [199/400][380/400] lr: 1.39e-04 | MSE loss: 7.5037e-04 | time: 0.167
I 06.01/01:18:57 solver.py:136 ] Epoch: [199/400][400/400] lr: 1.39e-04 | MSE loss: 7.5086e-04 | time: 0.167
I 06.01/01:18:57 solver.py:146 ] => Train  Loss: 7.5086e-04

I 06.01/01:19:01 solver.py:205 ] 
=! Best NMSE: -2.6155e+01 (epoch=190)

I 06.01/01:19:07 solver.py:136 ] Epoch: [200/400][20/400] lr: 1.39e-04 | MSE loss: 7.1469e-04 | time: 0.249
I 06.01/01:19:10 solver.py:136 ] Epoch: [200/400][40/400] lr: 1.39e-04 | MSE loss: 7.1348e-04 | time: 0.208
I 06.01/01:19:13 solver.py:136 ] Epoch: [200/400][60/400] lr: 1.39e-04 | MSE loss: 7.2307e-04 | time: 0.196
I 06.01/01:19:17 solver.py:136 ] Epoch: [200/400][80/400] lr: 1.39e-04 | MSE loss: 7.2295e-04 | time: 0.184
I 06.01/01:19:20 solver.py:136 ] Epoch: [200/400][100/400] lr: 1.39e-04 | MSE loss: 7.2134e-04 | time: 0.179
I 06.01/01:19:23 solver.py:136 ] Epoch: [200/400][120/400] lr: 1.38e-04 | MSE loss: 7.2075e-04 | time: 0.176
I 06.01/01:19:26 solver.py:136 ] Epoch: [200/400][140/400] lr: 1.38e-04 | MSE loss: 7.2668e-04 | time: 0.174
I 06.01/01:19:29 solver.py:136 ] Epoch: [200/400][160/400] lr: 1.38e-04 | MSE loss: 7.2460e-04 | time: 0.170
I 06.01/01:19:32 solver.py:136 ] Epoch: [200/400][180/400] lr: 1.38e-04 | MSE loss: 7.2693e-04 | time: 0.167
I 06.01/01:19:35 solver.py:136 ] Epoch: [200/400][200/400] lr: 1.38e-04 | MSE loss: 7.2540e-04 | time: 0.166
I 06.01/01:19:38 solver.py:136 ] Epoch: [200/400][220/400] lr: 1.38e-04 | MSE loss: 7.2414e-04 | time: 0.165
I 06.01/01:19:41 solver.py:136 ] Epoch: [200/400][240/400] lr: 1.38e-04 | MSE loss: 7.2641e-04 | time: 0.165
I 06.01/01:19:44 solver.py:136 ] Epoch: [200/400][260/400] lr: 1.38e-04 | MSE loss: 7.2772e-04 | time: 0.164
I 06.01/01:19:47 solver.py:136 ] Epoch: [200/400][280/400] lr: 1.38e-04 | MSE loss: 7.2863e-04 | time: 0.162
I 06.01/01:19:50 solver.py:136 ] Epoch: [200/400][300/400] lr: 1.38e-04 | MSE loss: 7.2788e-04 | time: 0.161
I 06.01/01:19:53 solver.py:136 ] Epoch: [200/400][320/400] lr: 1.38e-04 | MSE loss: 7.2770e-04 | time: 0.161
I 06.01/01:19:56 solver.py:136 ] Epoch: [200/400][340/400] lr: 1.38e-04 | MSE loss: 7.2727e-04 | time: 0.161
I 06.01/01:20:00 solver.py:136 ] Epoch: [200/400][360/400] lr: 1.38e-04 | MSE loss: 7.2694e-04 | time: 0.162
I 06.01/01:20:05 solver.py:136 ] Epoch: [200/400][380/400] lr: 1.38e-04 | MSE loss: 7.2600e-04 | time: 0.168
I 06.01/01:20:09 solver.py:136 ] Epoch: [200/400][400/400] lr: 1.38e-04 | MSE loss: 7.2659e-04 | time: 0.168
I 06.01/01:20:09 solver.py:146 ] => Train  Loss: 7.2659e-04

I 06.01/01:20:12 solver.py:136 ] Epoch: [200/400][20/50] lr: 1.38e-04 | MSE loss: 1.1206e-03 | time: 0.154
I 06.01/01:20:15 solver.py:136 ] Epoch: [200/400][40/50] lr: 1.38e-04 | MSE loss: 1.1433e-03 | time: 0.157
I 06.01/01:20:17 solver.py:146 ] => Val  Loss: 1.1328e-03

I 06.01/01:20:20 solver.py:287 ] [20/50] loss: 1.1544e-03 | NMSE: -2.6400e+01 | time: 0.147
I 06.01/01:20:22 solver.py:287 ] [40/50] loss: 1.1578e-03 | NMSE: -2.6398e+01 | time: 0.144
I 06.01/01:20:23 solver.py:291 ] => Test NMSE: -2.6378e+01

I 06.01/01:20:32 solver.py:205 ] 
=! Best NMSE: -2.6378e+01 (epoch=200)

I 06.01/01:20:35 solver.py:136 ] Epoch: [201/400][20/400] lr: 1.38e-04 | MSE loss: 7.0020e-04 | time: 0.174
I 06.01/01:20:39 solver.py:136 ] Epoch: [201/400][40/400] lr: 1.38e-04 | MSE loss: 7.0248e-04 | time: 0.166
I 06.01/01:20:42 solver.py:136 ] Epoch: [201/400][60/400] lr: 1.38e-04 | MSE loss: 7.0277e-04 | time: 0.168
I 06.01/01:20:45 solver.py:136 ] Epoch: [201/400][80/400] lr: 1.38e-04 | MSE loss: 7.0717e-04 | time: 0.166
I 06.01/01:20:48 solver.py:136 ] Epoch: [201/400][100/400] lr: 1.38e-04 | MSE loss: 7.1340e-04 | time: 0.164
I 06.01/01:20:51 solver.py:136 ] Epoch: [201/400][120/400] lr: 1.38e-04 | MSE loss: 7.1917e-04 | time: 0.163
I 06.01/01:20:55 solver.py:136 ] Epoch: [201/400][140/400] lr: 1.38e-04 | MSE loss: 7.2193e-04 | time: 0.162
I 06.01/01:20:58 solver.py:136 ] Epoch: [201/400][160/400] lr: 1.38e-04 | MSE loss: 7.2354e-04 | time: 0.162
I 06.01/01:21:02 solver.py:136 ] Epoch: [201/400][180/400] lr: 1.38e-04 | MSE loss: 7.2528e-04 | time: 0.168
I 06.01/01:21:06 solver.py:136 ] Epoch: [201/400][200/400] lr: 1.38e-04 | MSE loss: 7.2417e-04 | time: 0.173
I 06.01/01:21:10 solver.py:136 ] Epoch: [201/400][220/400] lr: 1.38e-04 | MSE loss: 7.2658e-04 | time: 0.173
I 06.01/01:21:13 solver.py:136 ] Epoch: [201/400][240/400] lr: 1.38e-04 | MSE loss: 7.2412e-04 | time: 0.172
I 06.01/01:21:16 solver.py:136 ] Epoch: [201/400][260/400] lr: 1.38e-04 | MSE loss: 7.2441e-04 | time: 0.171
I 06.01/01:21:20 solver.py:136 ] Epoch: [201/400][280/400] lr: 1.38e-04 | MSE loss: 7.2286e-04 | time: 0.170
I 06.01/01:21:23 solver.py:136 ] Epoch: [201/400][300/400] lr: 1.38e-04 | MSE loss: 7.2274e-04 | time: 0.169
I 06.01/01:21:26 solver.py:136 ] Epoch: [201/400][320/400] lr: 1.38e-04 | MSE loss: 7.2387e-04 | time: 0.169
I 06.01/01:21:29 solver.py:136 ] Epoch: [201/400][340/400] lr: 1.37e-04 | MSE loss: 7.2421e-04 | time: 0.167
I 06.01/01:21:31 solver.py:136 ] Epoch: [201/400][360/400] lr: 1.37e-04 | MSE loss: 7.2358e-04 | time: 0.165
I 06.01/01:21:34 solver.py:136 ] Epoch: [201/400][380/400] lr: 1.37e-04 | MSE loss: 7.2427e-04 | time: 0.164
I 06.01/01:21:38 solver.py:136 ] Epoch: [201/400][400/400] lr: 1.37e-04 | MSE loss: 7.2674e-04 | time: 0.165
I 06.01/01:21:38 solver.py:146 ] => Train  Loss: 7.2674e-04

I 06.01/01:21:41 solver.py:205 ] 
=! Best NMSE: -2.6378e+01 (epoch=200)

I 06.01/01:21:45 solver.py:136 ] Epoch: [202/400][20/400] lr: 1.37e-04 | MSE loss: 7.2802e-04 | time: 0.177
I 06.01/01:21:48 solver.py:136 ] Epoch: [202/400][40/400] lr: 1.37e-04 | MSE loss: 7.2899e-04 | time: 0.169
I 06.01/01:21:51 solver.py:136 ] Epoch: [202/400][60/400] lr: 1.37e-04 | MSE loss: 7.1388e-04 | time: 0.167
I 06.01/01:21:55 solver.py:136 ] Epoch: [202/400][80/400] lr: 1.37e-04 | MSE loss: 7.1394e-04 | time: 0.169
I 06.01/01:21:58 solver.py:136 ] Epoch: [202/400][100/400] lr: 1.37e-04 | MSE loss: 7.1567e-04 | time: 0.168
I 06.01/01:22:01 solver.py:136 ] Epoch: [202/400][120/400] lr: 1.37e-04 | MSE loss: 7.1301e-04 | time: 0.163
I 06.01/01:22:05 solver.py:136 ] Epoch: [202/400][140/400] lr: 1.37e-04 | MSE loss: 7.1366e-04 | time: 0.170
I 06.01/01:22:08 solver.py:136 ] Epoch: [202/400][160/400] lr: 1.37e-04 | MSE loss: 7.1149e-04 | time: 0.169
I 06.01/01:22:11 solver.py:136 ] Epoch: [202/400][180/400] lr: 1.37e-04 | MSE loss: 7.1257e-04 | time: 0.169
I 06.01/01:22:15 solver.py:136 ] Epoch: [202/400][200/400] lr: 1.37e-04 | MSE loss: 7.1482e-04 | time: 0.167
I 06.01/01:22:18 solver.py:136 ] Epoch: [202/400][220/400] lr: 1.37e-04 | MSE loss: 7.1653e-04 | time: 0.168
I 06.01/01:22:21 solver.py:136 ] Epoch: [202/400][240/400] lr: 1.37e-04 | MSE loss: 7.1721e-04 | time: 0.168
I 06.01/01:22:25 solver.py:136 ] Epoch: [202/400][260/400] lr: 1.37e-04 | MSE loss: 7.1673e-04 | time: 0.170
I 06.01/01:22:28 solver.py:136 ] Epoch: [202/400][280/400] lr: 1.37e-04 | MSE loss: 7.1582e-04 | time: 0.169
I 06.01/01:22:32 solver.py:136 ] Epoch: [202/400][300/400] lr: 1.37e-04 | MSE loss: 7.1708e-04 | time: 0.169
I 06.01/01:22:35 solver.py:136 ] Epoch: [202/400][320/400] lr: 1.37e-04 | MSE loss: 7.1586e-04 | time: 0.168
I 06.01/01:22:38 solver.py:136 ] Epoch: [202/400][340/400] lr: 1.37e-04 | MSE loss: 7.1650e-04 | time: 0.166
I 06.01/01:22:40 solver.py:136 ] Epoch: [202/400][360/400] lr: 1.37e-04 | MSE loss: 7.1541e-04 | time: 0.165
I 06.01/01:22:43 solver.py:136 ] Epoch: [202/400][380/400] lr: 1.37e-04 | MSE loss: 7.1462e-04 | time: 0.163
I 06.01/01:22:46 solver.py:136 ] Epoch: [202/400][400/400] lr: 1.37e-04 | MSE loss: 7.1556e-04 | time: 0.163
I 06.01/01:22:46 solver.py:146 ] => Train  Loss: 7.1556e-04

I 06.01/01:22:51 solver.py:205 ] 
=! Best NMSE: -2.6378e+01 (epoch=200)

I 06.01/01:22:54 solver.py:136 ] Epoch: [203/400][20/400] lr: 1.37e-04 | MSE loss: 7.2042e-04 | time: 0.159
I 06.01/01:22:58 solver.py:136 ] Epoch: [203/400][40/400] lr: 1.37e-04 | MSE loss: 7.1502e-04 | time: 0.163
I 06.01/01:23:01 solver.py:136 ] Epoch: [203/400][60/400] lr: 1.37e-04 | MSE loss: 7.1171e-04 | time: 0.174
I 06.01/01:23:06 solver.py:136 ] Epoch: [203/400][80/400] lr: 1.37e-04 | MSE loss: 7.0801e-04 | time: 0.190
I 06.01/01:23:10 solver.py:136 ] Epoch: [203/400][100/400] lr: 1.37e-04 | MSE loss: 7.0706e-04 | time: 0.185
I 06.01/01:23:13 solver.py:136 ] Epoch: [203/400][120/400] lr: 1.37e-04 | MSE loss: 7.0807e-04 | time: 0.181
I 06.01/01:23:16 solver.py:136 ] Epoch: [203/400][140/400] lr: 1.37e-04 | MSE loss: 7.1076e-04 | time: 0.175
I 06.01/01:23:19 solver.py:136 ] Epoch: [203/400][160/400] lr: 1.36e-04 | MSE loss: 7.1296e-04 | time: 0.176
I 06.01/01:23:22 solver.py:136 ] Epoch: [203/400][180/400] lr: 1.36e-04 | MSE loss: 7.1209e-04 | time: 0.173
I 06.01/01:23:25 solver.py:136 ] Epoch: [203/400][200/400] lr: 1.36e-04 | MSE loss: 7.0939e-04 | time: 0.172
I 06.01/01:23:29 solver.py:136 ] Epoch: [203/400][220/400] lr: 1.36e-04 | MSE loss: 7.0983e-04 | time: 0.171
I 06.01/01:23:32 solver.py:136 ] Epoch: [203/400][240/400] lr: 1.36e-04 | MSE loss: 7.1215e-04 | time: 0.172
I 06.01/01:23:36 solver.py:136 ] Epoch: [203/400][260/400] lr: 1.36e-04 | MSE loss: 7.1419e-04 | time: 0.171
I 06.01/01:23:39 solver.py:136 ] Epoch: [203/400][280/400] lr: 1.36e-04 | MSE loss: 7.1500e-04 | time: 0.170
I 06.01/01:23:42 solver.py:136 ] Epoch: [203/400][300/400] lr: 1.36e-04 | MSE loss: 7.1615e-04 | time: 0.172
I 06.01/01:23:46 solver.py:136 ] Epoch: [203/400][320/400] lr: 1.36e-04 | MSE loss: 7.1727e-04 | time: 0.171
I 06.01/01:23:49 solver.py:136 ] Epoch: [203/400][340/400] lr: 1.36e-04 | MSE loss: 7.1653e-04 | time: 0.170
I 06.01/01:23:51 solver.py:136 ] Epoch: [203/400][360/400] lr: 1.36e-04 | MSE loss: 7.1551e-04 | time: 0.168
I 06.01/01:23:54 solver.py:136 ] Epoch: [203/400][380/400] lr: 1.36e-04 | MSE loss: 7.1392e-04 | time: 0.167
I 06.01/01:23:58 solver.py:136 ] Epoch: [203/400][400/400] lr: 1.36e-04 | MSE loss: 7.1547e-04 | time: 0.167
I 06.01/01:23:58 solver.py:146 ] => Train  Loss: 7.1547e-04

I 06.01/01:24:06 solver.py:205 ] 
=! Best NMSE: -2.6378e+01 (epoch=200)

I 06.01/01:24:09 solver.py:136 ] Epoch: [204/400][20/400] lr: 1.36e-04 | MSE loss: 6.8686e-04 | time: 0.176
I 06.01/01:24:12 solver.py:136 ] Epoch: [204/400][40/400] lr: 1.36e-04 | MSE loss: 7.0235e-04 | time: 0.159
I 06.01/01:24:15 solver.py:136 ] Epoch: [204/400][60/400] lr: 1.36e-04 | MSE loss: 6.9890e-04 | time: 0.160
I 06.01/01:24:19 solver.py:136 ] Epoch: [204/400][80/400] lr: 1.36e-04 | MSE loss: 7.0005e-04 | time: 0.164
I 06.01/01:24:22 solver.py:136 ] Epoch: [204/400][100/400] lr: 1.36e-04 | MSE loss: 7.0156e-04 | time: 0.164
I 06.01/01:24:25 solver.py:136 ] Epoch: [204/400][120/400] lr: 1.36e-04 | MSE loss: 7.0423e-04 | time: 0.164
I 06.01/01:24:28 solver.py:136 ] Epoch: [204/400][140/400] lr: 1.36e-04 | MSE loss: 7.0671e-04 | time: 0.164
I 06.01/01:24:32 solver.py:136 ] Epoch: [204/400][160/400] lr: 1.36e-04 | MSE loss: 7.0446e-04 | time: 0.162
I 06.01/01:24:35 solver.py:136 ] Epoch: [204/400][180/400] lr: 1.36e-04 | MSE loss: 7.0671e-04 | time: 0.160
I 06.01/01:24:38 solver.py:136 ] Epoch: [204/400][200/400] lr: 1.36e-04 | MSE loss: 7.0746e-04 | time: 0.164
I 06.01/01:24:41 solver.py:136 ] Epoch: [204/400][220/400] lr: 1.36e-04 | MSE loss: 7.0609e-04 | time: 0.162
I 06.01/01:24:44 solver.py:136 ] Epoch: [204/400][240/400] lr: 1.36e-04 | MSE loss: 7.0603e-04 | time: 0.161
I 06.01/01:24:48 solver.py:136 ] Epoch: [204/400][260/400] lr: 1.36e-04 | MSE loss: 7.0639e-04 | time: 0.161
I 06.01/01:24:51 solver.py:136 ] Epoch: [204/400][280/400] lr: 1.36e-04 | MSE loss: 7.0801e-04 | time: 0.161
I 06.01/01:24:54 solver.py:136 ] Epoch: [204/400][300/400] lr: 1.36e-04 | MSE loss: 7.0713e-04 | time: 0.163
I 06.01/01:24:58 solver.py:136 ] Epoch: [204/400][320/400] lr: 1.36e-04 | MSE loss: 7.0778e-04 | time: 0.162
I 06.01/01:25:01 solver.py:136 ] Epoch: [204/400][340/400] lr: 1.36e-04 | MSE loss: 7.0986e-04 | time: 0.164
I 06.01/01:25:06 solver.py:136 ] Epoch: [204/400][360/400] lr: 1.36e-04 | MSE loss: 7.1029e-04 | time: 0.167
I 06.01/01:25:09 solver.py:136 ] Epoch: [204/400][380/400] lr: 1.35e-04 | MSE loss: 7.1134e-04 | time: 0.166
I 06.01/01:25:12 solver.py:136 ] Epoch: [204/400][400/400] lr: 1.35e-04 | MSE loss: 7.1311e-04 | time: 0.165
I 06.01/01:25:12 solver.py:146 ] => Train  Loss: 7.1311e-04

I 06.01/01:25:17 solver.py:205 ] 
=! Best NMSE: -2.6378e+01 (epoch=200)

I 06.01/01:25:20 solver.py:136 ] Epoch: [205/400][20/400] lr: 1.35e-04 | MSE loss: 7.1781e-04 | time: 0.177
I 06.01/01:25:24 solver.py:136 ] Epoch: [205/400][40/400] lr: 1.35e-04 | MSE loss: 7.0496e-04 | time: 0.172
I 06.01/01:25:27 solver.py:136 ] Epoch: [205/400][60/400] lr: 1.35e-04 | MSE loss: 7.2040e-04 | time: 0.162
I 06.01/01:25:30 solver.py:136 ] Epoch: [205/400][80/400] lr: 1.35e-04 | MSE loss: 7.2043e-04 | time: 0.159
I 06.01/01:25:33 solver.py:136 ] Epoch: [205/400][100/400] lr: 1.35e-04 | MSE loss: 7.2315e-04 | time: 0.161
I 06.01/01:25:37 solver.py:136 ] Epoch: [205/400][120/400] lr: 1.35e-04 | MSE loss: 7.1809e-04 | time: 0.162
I 06.01/01:25:40 solver.py:136 ] Epoch: [205/400][140/400] lr: 1.35e-04 | MSE loss: 7.1660e-04 | time: 0.162
I 06.01/01:25:43 solver.py:136 ] Epoch: [205/400][160/400] lr: 1.35e-04 | MSE loss: 7.2156e-04 | time: 0.161
I 06.01/01:25:46 solver.py:136 ] Epoch: [205/400][180/400] lr: 1.35e-04 | MSE loss: 7.2107e-04 | time: 0.160
I 06.01/01:25:49 solver.py:136 ] Epoch: [205/400][200/400] lr: 1.35e-04 | MSE loss: 7.1778e-04 | time: 0.158
I 06.01/01:25:52 solver.py:136 ] Epoch: [205/400][220/400] lr: 1.35e-04 | MSE loss: 7.1657e-04 | time: 0.159
I 06.01/01:25:55 solver.py:136 ] Epoch: [205/400][240/400] lr: 1.35e-04 | MSE loss: 7.1799e-04 | time: 0.159
I 06.01/01:25:58 solver.py:136 ] Epoch: [205/400][260/400] lr: 1.35e-04 | MSE loss: 7.1675e-04 | time: 0.160
I 06.01/01:26:03 solver.py:136 ] Epoch: [205/400][280/400] lr: 1.35e-04 | MSE loss: 7.1532e-04 | time: 0.164
I 06.01/01:26:07 solver.py:136 ] Epoch: [205/400][300/400] lr: 1.35e-04 | MSE loss: 7.1439e-04 | time: 0.167
I 06.01/01:26:10 solver.py:136 ] Epoch: [205/400][320/400] lr: 1.35e-04 | MSE loss: 7.1396e-04 | time: 0.167
I 06.01/01:26:14 solver.py:136 ] Epoch: [205/400][340/400] lr: 1.35e-04 | MSE loss: 7.1422e-04 | time: 0.167
I 06.01/01:26:17 solver.py:136 ] Epoch: [205/400][360/400] lr: 1.35e-04 | MSE loss: 7.1337e-04 | time: 0.167
I 06.01/01:26:20 solver.py:136 ] Epoch: [205/400][380/400] lr: 1.35e-04 | MSE loss: 7.1250e-04 | time: 0.166
I 06.01/01:26:23 solver.py:136 ] Epoch: [205/400][400/400] lr: 1.35e-04 | MSE loss: 7.1255e-04 | time: 0.165
I 06.01/01:26:23 solver.py:146 ] => Train  Loss: 7.1255e-04

I 06.01/01:26:28 solver.py:205 ] 
=! Best NMSE: -2.6378e+01 (epoch=200)

I 06.01/01:26:32 solver.py:136 ] Epoch: [206/400][20/400] lr: 1.35e-04 | MSE loss: 6.9793e-04 | time: 0.177
I 06.01/01:26:35 solver.py:136 ] Epoch: [206/400][40/400] lr: 1.35e-04 | MSE loss: 6.9258e-04 | time: 0.169
I 06.01/01:26:38 solver.py:136 ] Epoch: [206/400][60/400] lr: 1.35e-04 | MSE loss: 6.9174e-04 | time: 0.165
I 06.01/01:26:41 solver.py:136 ] Epoch: [206/400][80/400] lr: 1.35e-04 | MSE loss: 6.8954e-04 | time: 0.161
I 06.01/01:26:44 solver.py:136 ] Epoch: [206/400][100/400] lr: 1.35e-04 | MSE loss: 6.9286e-04 | time: 0.161
I 06.01/01:26:48 solver.py:136 ] Epoch: [206/400][120/400] lr: 1.35e-04 | MSE loss: 6.9521e-04 | time: 0.161
I 06.01/01:26:51 solver.py:136 ] Epoch: [206/400][140/400] lr: 1.35e-04 | MSE loss: 6.9969e-04 | time: 0.161
I 06.01/01:26:54 solver.py:136 ] Epoch: [206/400][160/400] lr: 1.35e-04 | MSE loss: 7.0227e-04 | time: 0.162
I 06.01/01:26:58 solver.py:136 ] Epoch: [206/400][180/400] lr: 1.34e-04 | MSE loss: 7.0588e-04 | time: 0.163
I 06.01/01:27:01 solver.py:136 ] Epoch: [206/400][200/400] lr: 1.34e-04 | MSE loss: 7.0675e-04 | time: 0.166
I 06.01/01:27:06 solver.py:136 ] Epoch: [206/400][220/400] lr: 1.34e-04 | MSE loss: 7.0662e-04 | time: 0.174
I 06.01/01:27:10 solver.py:136 ] Epoch: [206/400][240/400] lr: 1.34e-04 | MSE loss: 7.0442e-04 | time: 0.172
I 06.01/01:27:13 solver.py:136 ] Epoch: [206/400][260/400] lr: 1.34e-04 | MSE loss: 7.0545e-04 | time: 0.173
I 06.01/01:27:16 solver.py:136 ] Epoch: [206/400][280/400] lr: 1.34e-04 | MSE loss: 7.0333e-04 | time: 0.172
I 06.01/01:27:20 solver.py:136 ] Epoch: [206/400][300/400] lr: 1.34e-04 | MSE loss: 7.0329e-04 | time: 0.171
I 06.01/01:27:23 solver.py:136 ] Epoch: [206/400][320/400] lr: 1.34e-04 | MSE loss: 7.0352e-04 | time: 0.172
I 06.01/01:27:27 solver.py:136 ] Epoch: [206/400][340/400] lr: 1.34e-04 | MSE loss: 7.0496e-04 | time: 0.171
I 06.01/01:27:30 solver.py:136 ] Epoch: [206/400][360/400] lr: 1.34e-04 | MSE loss: 7.0556e-04 | time: 0.171
I 06.01/01:27:33 solver.py:136 ] Epoch: [206/400][380/400] lr: 1.34e-04 | MSE loss: 7.0662e-04 | time: 0.171
I 06.01/01:27:36 solver.py:136 ] Epoch: [206/400][400/400] lr: 1.34e-04 | MSE loss: 7.0714e-04 | time: 0.170
I 06.01/01:27:36 solver.py:146 ] => Train  Loss: 7.0714e-04

I 06.01/01:27:41 solver.py:205 ] 
=! Best NMSE: -2.6378e+01 (epoch=200)

I 06.01/01:27:44 solver.py:136 ] Epoch: [207/400][20/400] lr: 1.34e-04 | MSE loss: 6.9291e-04 | time: 0.146
I 06.01/01:27:47 solver.py:136 ] Epoch: [207/400][40/400] lr: 1.34e-04 | MSE loss: 6.9527e-04 | time: 0.134
I 06.01/01:27:49 solver.py:136 ] Epoch: [207/400][60/400] lr: 1.34e-04 | MSE loss: 6.9151e-04 | time: 0.131
I 06.01/01:27:51 solver.py:136 ] Epoch: [207/400][80/400] lr: 1.34e-04 | MSE loss: 6.8927e-04 | time: 0.127
I 06.01/01:27:54 solver.py:136 ] Epoch: [207/400][100/400] lr: 1.34e-04 | MSE loss: 6.9134e-04 | time: 0.128
I 06.01/01:27:57 solver.py:136 ] Epoch: [207/400][120/400] lr: 1.34e-04 | MSE loss: 6.9359e-04 | time: 0.135
I 06.01/01:28:01 solver.py:136 ] Epoch: [207/400][140/400] lr: 1.34e-04 | MSE loss: 6.9532e-04 | time: 0.145
I 06.01/01:28:06 solver.py:136 ] Epoch: [207/400][160/400] lr: 1.34e-04 | MSE loss: 6.9360e-04 | time: 0.157
I 06.01/01:28:10 solver.py:136 ] Epoch: [207/400][180/400] lr: 1.34e-04 | MSE loss: 6.9383e-04 | time: 0.158
I 06.01/01:28:13 solver.py:136 ] Epoch: [207/400][200/400] lr: 1.34e-04 | MSE loss: 6.9611e-04 | time: 0.161
I 06.01/01:28:17 solver.py:136 ] Epoch: [207/400][220/400] lr: 1.34e-04 | MSE loss: 6.9561e-04 | time: 0.162
I 06.01/01:28:20 solver.py:136 ] Epoch: [207/400][240/400] lr: 1.34e-04 | MSE loss: 6.9798e-04 | time: 0.163
I 06.01/01:28:23 solver.py:136 ] Epoch: [207/400][260/400] lr: 1.34e-04 | MSE loss: 7.0026e-04 | time: 0.162
I 06.01/01:28:27 solver.py:136 ] Epoch: [207/400][280/400] lr: 1.34e-04 | MSE loss: 7.0012e-04 | time: 0.162
I 06.01/01:28:30 solver.py:136 ] Epoch: [207/400][300/400] lr: 1.34e-04 | MSE loss: 7.0153e-04 | time: 0.162
I 06.01/01:28:33 solver.py:136 ] Epoch: [207/400][320/400] lr: 1.34e-04 | MSE loss: 7.0165e-04 | time: 0.161
I 06.01/01:28:36 solver.py:136 ] Epoch: [207/400][340/400] lr: 1.34e-04 | MSE loss: 7.0028e-04 | time: 0.162
I 06.01/01:28:39 solver.py:136 ] Epoch: [207/400][360/400] lr: 1.34e-04 | MSE loss: 7.0177e-04 | time: 0.162
I 06.01/01:28:43 solver.py:136 ] Epoch: [207/400][380/400] lr: 1.34e-04 | MSE loss: 7.0240e-04 | time: 0.161
I 06.01/01:28:46 solver.py:136 ] Epoch: [207/400][400/400] lr: 1.33e-04 | MSE loss: 7.0372e-04 | time: 0.162
I 06.01/01:28:46 solver.py:146 ] => Train  Loss: 7.0372e-04

I 06.01/01:28:50 solver.py:205 ] 
=! Best NMSE: -2.6378e+01 (epoch=200)

I 06.01/01:28:53 solver.py:136 ] Epoch: [208/400][20/400] lr: 1.33e-04 | MSE loss: 6.6935e-04 | time: 0.177
I 06.01/01:28:56 solver.py:136 ] Epoch: [208/400][40/400] lr: 1.33e-04 | MSE loss: 6.7607e-04 | time: 0.156
I 06.01/01:28:59 solver.py:136 ] Epoch: [208/400][60/400] lr: 1.33e-04 | MSE loss: 6.8436e-04 | time: 0.142
I 06.01/01:29:02 solver.py:136 ] Epoch: [208/400][80/400] lr: 1.33e-04 | MSE loss: 6.8307e-04 | time: 0.151
I 06.01/01:29:07 solver.py:136 ] Epoch: [208/400][100/400] lr: 1.33e-04 | MSE loss: 6.9159e-04 | time: 0.169
I 06.01/01:29:10 solver.py:136 ] Epoch: [208/400][120/400] lr: 1.33e-04 | MSE loss: 6.9428e-04 | time: 0.168
I 06.01/01:29:12 solver.py:136 ] Epoch: [208/400][140/400] lr: 1.33e-04 | MSE loss: 6.9476e-04 | time: 0.161
I 06.01/01:29:16 solver.py:136 ] Epoch: [208/400][160/400] lr: 1.33e-04 | MSE loss: 6.9555e-04 | time: 0.161
I 06.01/01:29:19 solver.py:136 ] Epoch: [208/400][180/400] lr: 1.33e-04 | MSE loss: 6.9628e-04 | time: 0.160
I 06.01/01:29:22 solver.py:136 ] Epoch: [208/400][200/400] lr: 1.33e-04 | MSE loss: 6.9859e-04 | time: 0.161
I 06.01/01:29:25 solver.py:136 ] Epoch: [208/400][220/400] lr: 1.33e-04 | MSE loss: 6.9806e-04 | time: 0.161
I 06.01/01:29:29 solver.py:136 ] Epoch: [208/400][240/400] lr: 1.33e-04 | MSE loss: 6.9698e-04 | time: 0.163
I 06.01/01:29:32 solver.py:136 ] Epoch: [208/400][260/400] lr: 1.33e-04 | MSE loss: 6.9618e-04 | time: 0.164
I 06.01/01:29:36 solver.py:136 ] Epoch: [208/400][280/400] lr: 1.33e-04 | MSE loss: 6.9739e-04 | time: 0.164
I 06.01/01:29:39 solver.py:136 ] Epoch: [208/400][300/400] lr: 1.33e-04 | MSE loss: 6.9831e-04 | time: 0.163
I 06.01/01:29:41 solver.py:136 ] Epoch: [208/400][320/400] lr: 1.33e-04 | MSE loss: 6.9763e-04 | time: 0.161
I 06.01/01:29:44 solver.py:136 ] Epoch: [208/400][340/400] lr: 1.33e-04 | MSE loss: 6.9803e-04 | time: 0.158
I 06.01/01:29:46 solver.py:136 ] Epoch: [208/400][360/400] lr: 1.33e-04 | MSE loss: 6.9850e-04 | time: 0.155
I 06.01/01:29:48 solver.py:136 ] Epoch: [208/400][380/400] lr: 1.33e-04 | MSE loss: 6.9813e-04 | time: 0.154
I 06.01/01:29:51 solver.py:136 ] Epoch: [208/400][400/400] lr: 1.33e-04 | MSE loss: 6.9759e-04 | time: 0.152
I 06.01/01:29:51 solver.py:146 ] => Train  Loss: 6.9759e-04

I 06.01/01:29:54 solver.py:205 ] 
=! Best NMSE: -2.6378e+01 (epoch=200)

I 06.01/01:29:57 solver.py:136 ] Epoch: [209/400][20/400] lr: 1.33e-04 | MSE loss: 7.1145e-04 | time: 0.128
I 06.01/01:29:59 solver.py:136 ] Epoch: [209/400][40/400] lr: 1.33e-04 | MSE loss: 6.9639e-04 | time: 0.137
I 06.01/01:30:04 solver.py:136 ] Epoch: [209/400][60/400] lr: 1.33e-04 | MSE loss: 6.9676e-04 | time: 0.175
I 06.01/01:30:08 solver.py:136 ] Epoch: [209/400][80/400] lr: 1.33e-04 | MSE loss: 6.9472e-04 | time: 0.169
I 06.01/01:30:11 solver.py:136 ] Epoch: [209/400][100/400] lr: 1.33e-04 | MSE loss: 6.9293e-04 | time: 0.168
I 06.01/01:30:13 solver.py:136 ] Epoch: [209/400][120/400] lr: 1.33e-04 | MSE loss: 6.9172e-04 | time: 0.159
I 06.01/01:30:15 solver.py:136 ] Epoch: [209/400][140/400] lr: 1.33e-04 | MSE loss: 6.8792e-04 | time: 0.152
I 06.01/01:30:18 solver.py:136 ] Epoch: [209/400][160/400] lr: 1.33e-04 | MSE loss: 6.8869e-04 | time: 0.151
I 06.01/01:30:21 solver.py:136 ] Epoch: [209/400][180/400] lr: 1.33e-04 | MSE loss: 6.8816e-04 | time: 0.150
I 06.01/01:30:24 solver.py:136 ] Epoch: [209/400][200/400] lr: 1.33e-04 | MSE loss: 6.8591e-04 | time: 0.149
I 06.01/01:30:26 solver.py:136 ] Epoch: [209/400][220/400] lr: 1.32e-04 | MSE loss: 6.8545e-04 | time: 0.148
I 06.01/01:30:29 solver.py:136 ] Epoch: [209/400][240/400] lr: 1.32e-04 | MSE loss: 6.8511e-04 | time: 0.147
I 06.01/01:30:32 solver.py:136 ] Epoch: [209/400][260/400] lr: 1.32e-04 | MSE loss: 6.8828e-04 | time: 0.147
I 06.01/01:30:35 solver.py:136 ] Epoch: [209/400][280/400] lr: 1.32e-04 | MSE loss: 6.9126e-04 | time: 0.148
I 06.01/01:30:38 solver.py:136 ] Epoch: [209/400][300/400] lr: 1.32e-04 | MSE loss: 6.9128e-04 | time: 0.148
I 06.01/01:30:42 solver.py:136 ] Epoch: [209/400][320/400] lr: 1.32e-04 | MSE loss: 6.9295e-04 | time: 0.149
I 06.01/01:30:45 solver.py:136 ] Epoch: [209/400][340/400] lr: 1.32e-04 | MSE loss: 6.9213e-04 | time: 0.151
I 06.01/01:30:48 solver.py:136 ] Epoch: [209/400][360/400] lr: 1.32e-04 | MSE loss: 6.9099e-04 | time: 0.151
I 06.01/01:30:50 solver.py:136 ] Epoch: [209/400][380/400] lr: 1.32e-04 | MSE loss: 6.9150e-04 | time: 0.149
I 06.01/01:30:53 solver.py:136 ] Epoch: [209/400][400/400] lr: 1.32e-04 | MSE loss: 6.9229e-04 | time: 0.148
I 06.01/01:30:53 solver.py:146 ] => Train  Loss: 6.9229e-04

I 06.01/01:30:57 solver.py:205 ] 
=! Best NMSE: -2.6378e+01 (epoch=200)

I 06.01/01:31:01 solver.py:136 ] Epoch: [210/400][20/400] lr: 1.32e-04 | MSE loss: 6.7045e-04 | time: 0.191
I 06.01/01:31:06 solver.py:136 ] Epoch: [210/400][40/400] lr: 1.32e-04 | MSE loss: 6.5999e-04 | time: 0.239
I 06.01/01:31:09 solver.py:136 ] Epoch: [210/400][60/400] lr: 1.32e-04 | MSE loss: 6.6355e-04 | time: 0.204
I 06.01/01:31:12 solver.py:136 ] Epoch: [210/400][80/400] lr: 1.32e-04 | MSE loss: 6.7068e-04 | time: 0.188
I 06.01/01:31:15 solver.py:136 ] Epoch: [210/400][100/400] lr: 1.32e-04 | MSE loss: 6.7167e-04 | time: 0.179
I 06.01/01:31:18 solver.py:136 ] Epoch: [210/400][120/400] lr: 1.32e-04 | MSE loss: 6.7299e-04 | time: 0.180
I 06.01/01:31:21 solver.py:136 ] Epoch: [210/400][140/400] lr: 1.32e-04 | MSE loss: 6.7478e-04 | time: 0.176
I 06.01/01:31:24 solver.py:136 ] Epoch: [210/400][160/400] lr: 1.32e-04 | MSE loss: 6.8030e-04 | time: 0.173
I 06.01/01:31:28 solver.py:136 ] Epoch: [210/400][180/400] lr: 1.32e-04 | MSE loss: 6.8356e-04 | time: 0.171
I 06.01/01:31:30 solver.py:136 ] Epoch: [210/400][200/400] lr: 1.32e-04 | MSE loss: 6.8372e-04 | time: 0.167
I 06.01/01:31:33 solver.py:136 ] Epoch: [210/400][220/400] lr: 1.32e-04 | MSE loss: 6.8461e-04 | time: 0.165
I 06.01/01:31:36 solver.py:136 ] Epoch: [210/400][240/400] lr: 1.32e-04 | MSE loss: 6.8445e-04 | time: 0.163
I 06.01/01:31:39 solver.py:136 ] Epoch: [210/400][260/400] lr: 1.32e-04 | MSE loss: 6.8684e-04 | time: 0.161
I 06.01/01:31:42 solver.py:136 ] Epoch: [210/400][280/400] lr: 1.32e-04 | MSE loss: 6.8823e-04 | time: 0.161
I 06.01/01:31:45 solver.py:136 ] Epoch: [210/400][300/400] lr: 1.32e-04 | MSE loss: 6.9012e-04 | time: 0.161
I 06.01/01:31:48 solver.py:136 ] Epoch: [210/400][320/400] lr: 1.32e-04 | MSE loss: 6.9181e-04 | time: 0.160
I 06.01/01:31:51 solver.py:136 ] Epoch: [210/400][340/400] lr: 1.32e-04 | MSE loss: 6.9151e-04 | time: 0.158
I 06.01/01:31:53 solver.py:136 ] Epoch: [210/400][360/400] lr: 1.32e-04 | MSE loss: 6.9255e-04 | time: 0.157
I 06.01/01:31:56 solver.py:136 ] Epoch: [210/400][380/400] lr: 1.32e-04 | MSE loss: 6.9357e-04 | time: 0.157
I 06.01/01:31:59 solver.py:136 ] Epoch: [210/400][400/400] lr: 1.32e-04 | MSE loss: 6.9434e-04 | time: 0.157
I 06.01/01:31:59 solver.py:146 ] => Train  Loss: 6.9434e-04

I 06.01/01:32:05 solver.py:136 ] Epoch: [210/400][20/50] lr: 1.32e-04 | MSE loss: 1.0971e-03 | time: 0.276
I 06.01/01:32:09 solver.py:136 ] Epoch: [210/400][40/50] lr: 1.32e-04 | MSE loss: 1.1160e-03 | time: 0.223
I 06.01/01:32:10 solver.py:146 ] => Val  Loss: 1.1060e-03

I 06.01/01:32:13 solver.py:287 ] [20/50] loss: 1.1323e-03 | NMSE: -2.6479e+01 | time: 0.150
I 06.01/01:32:16 solver.py:287 ] [40/50] loss: 1.1370e-03 | NMSE: -2.6476e+01 | time: 0.152
I 06.01/01:32:17 solver.py:291 ] => Test NMSE: -2.6463e+01

I 06.01/01:32:24 solver.py:205 ] 
=! Best NMSE: -2.6463e+01 (epoch=210)

I 06.01/01:32:28 solver.py:136 ] Epoch: [211/400][20/400] lr: 1.32e-04 | MSE loss: 6.6363e-04 | time: 0.158
I 06.01/01:32:30 solver.py:136 ] Epoch: [211/400][40/400] lr: 1.31e-04 | MSE loss: 6.6844e-04 | time: 0.147
I 06.01/01:32:33 solver.py:136 ] Epoch: [211/400][60/400] lr: 1.31e-04 | MSE loss: 6.6705e-04 | time: 0.145
I 06.01/01:32:36 solver.py:136 ] Epoch: [211/400][80/400] lr: 1.31e-04 | MSE loss: 6.7053e-04 | time: 0.147
I 06.01/01:32:40 solver.py:136 ] Epoch: [211/400][100/400] lr: 1.31e-04 | MSE loss: 6.6873e-04 | time: 0.152
I 06.01/01:32:42 solver.py:136 ] Epoch: [211/400][120/400] lr: 1.31e-04 | MSE loss: 6.6986e-04 | time: 0.149
I 06.01/01:32:45 solver.py:136 ] Epoch: [211/400][140/400] lr: 1.31e-04 | MSE loss: 6.7251e-04 | time: 0.149
I 06.01/01:32:48 solver.py:136 ] Epoch: [211/400][160/400] lr: 1.31e-04 | MSE loss: 6.7517e-04 | time: 0.150
I 06.01/01:32:51 solver.py:136 ] Epoch: [211/400][180/400] lr: 1.31e-04 | MSE loss: 6.7930e-04 | time: 0.150
I 06.01/01:32:54 solver.py:136 ] Epoch: [211/400][200/400] lr: 1.31e-04 | MSE loss: 6.8077e-04 | time: 0.149
I 06.01/01:32:57 solver.py:136 ] Epoch: [211/400][220/400] lr: 1.31e-04 | MSE loss: 6.8407e-04 | time: 0.149
I 06.01/01:33:01 solver.py:136 ] Epoch: [211/400][240/400] lr: 1.31e-04 | MSE loss: 6.8653e-04 | time: 0.152
I 06.01/01:33:06 solver.py:136 ] Epoch: [211/400][260/400] lr: 1.31e-04 | MSE loss: 6.8783e-04 | time: 0.161
I 06.01/01:33:10 solver.py:136 ] Epoch: [211/400][280/400] lr: 1.31e-04 | MSE loss: 6.8725e-04 | time: 0.162
I 06.01/01:33:13 solver.py:136 ] Epoch: [211/400][300/400] lr: 1.31e-04 | MSE loss: 6.8827e-04 | time: 0.162
I 06.01/01:33:17 solver.py:136 ] Epoch: [211/400][320/400] lr: 1.31e-04 | MSE loss: 6.8825e-04 | time: 0.163
I 06.01/01:33:20 solver.py:136 ] Epoch: [211/400][340/400] lr: 1.31e-04 | MSE loss: 6.8834e-04 | time: 0.164
I 06.01/01:33:24 solver.py:136 ] Epoch: [211/400][360/400] lr: 1.31e-04 | MSE loss: 6.8732e-04 | time: 0.164
I 06.01/01:33:27 solver.py:136 ] Epoch: [211/400][380/400] lr: 1.31e-04 | MSE loss: 6.8655e-04 | time: 0.164
I 06.01/01:33:30 solver.py:136 ] Epoch: [211/400][400/400] lr: 1.31e-04 | MSE loss: 6.8763e-04 | time: 0.163
I 06.01/01:33:30 solver.py:146 ] => Train  Loss: 6.8763e-04

I 06.01/01:33:33 solver.py:205 ] 
=! Best NMSE: -2.6463e+01 (epoch=210)

I 06.01/01:33:36 solver.py:136 ] Epoch: [212/400][20/400] lr: 1.31e-04 | MSE loss: 6.6891e-04 | time: 0.141
I 06.01/01:33:39 solver.py:136 ] Epoch: [212/400][40/400] lr: 1.31e-04 | MSE loss: 6.7273e-04 | time: 0.145
I 06.01/01:33:42 solver.py:136 ] Epoch: [212/400][60/400] lr: 1.31e-04 | MSE loss: 6.7210e-04 | time: 0.148
I 06.01/01:33:45 solver.py:136 ] Epoch: [212/400][80/400] lr: 1.31e-04 | MSE loss: 6.7511e-04 | time: 0.150
I 06.01/01:33:49 solver.py:136 ] Epoch: [212/400][100/400] lr: 1.31e-04 | MSE loss: 6.7609e-04 | time: 0.157
I 06.01/01:33:52 solver.py:136 ] Epoch: [212/400][120/400] lr: 1.31e-04 | MSE loss: 6.7403e-04 | time: 0.160
I 06.01/01:33:56 solver.py:136 ] Epoch: [212/400][140/400] lr: 1.31e-04 | MSE loss: 6.7578e-04 | time: 0.163
I 06.01/01:33:59 solver.py:136 ] Epoch: [212/400][160/400] lr: 1.31e-04 | MSE loss: 6.7933e-04 | time: 0.161
I 06.01/01:34:02 solver.py:136 ] Epoch: [212/400][180/400] lr: 1.31e-04 | MSE loss: 6.7712e-04 | time: 0.162
I 06.01/01:34:07 solver.py:136 ] Epoch: [212/400][200/400] lr: 1.31e-04 | MSE loss: 6.7543e-04 | time: 0.167
I 06.01/01:34:10 solver.py:136 ] Epoch: [212/400][220/400] lr: 1.31e-04 | MSE loss: 6.7728e-04 | time: 0.168
I 06.01/01:34:14 solver.py:136 ] Epoch: [212/400][240/400] lr: 1.30e-04 | MSE loss: 6.7741e-04 | time: 0.169
I 06.01/01:34:17 solver.py:136 ] Epoch: [212/400][260/400] lr: 1.30e-04 | MSE loss: 6.7677e-04 | time: 0.168
I 06.01/01:34:19 solver.py:136 ] Epoch: [212/400][280/400] lr: 1.30e-04 | MSE loss: 6.7799e-04 | time: 0.165
I 06.01/01:34:22 solver.py:136 ] Epoch: [212/400][300/400] lr: 1.30e-04 | MSE loss: 6.8051e-04 | time: 0.162
I 06.01/01:34:25 solver.py:136 ] Epoch: [212/400][320/400] lr: 1.30e-04 | MSE loss: 6.8268e-04 | time: 0.162
I 06.01/01:34:28 solver.py:136 ] Epoch: [212/400][340/400] lr: 1.30e-04 | MSE loss: 6.8531e-04 | time: 0.162
I 06.01/01:34:32 solver.py:136 ] Epoch: [212/400][360/400] lr: 1.30e-04 | MSE loss: 6.8595e-04 | time: 0.162
I 06.01/01:34:35 solver.py:136 ] Epoch: [212/400][380/400] lr: 1.30e-04 | MSE loss: 6.8497e-04 | time: 0.164
I 06.01/01:34:39 solver.py:136 ] Epoch: [212/400][400/400] lr: 1.30e-04 | MSE loss: 6.8557e-04 | time: 0.164
I 06.01/01:34:39 solver.py:146 ] => Train  Loss: 6.8557e-04

I 06.01/01:34:44 solver.py:205 ] 
=! Best NMSE: -2.6463e+01 (epoch=210)

I 06.01/01:34:47 solver.py:136 ] Epoch: [213/400][20/400] lr: 1.30e-04 | MSE loss: 6.9203e-04 | time: 0.140
I 06.01/01:34:50 solver.py:136 ] Epoch: [213/400][40/400] lr: 1.30e-04 | MSE loss: 6.8392e-04 | time: 0.146
I 06.01/01:34:53 solver.py:136 ] Epoch: [213/400][60/400] lr: 1.30e-04 | MSE loss: 6.7691e-04 | time: 0.156
I 06.01/01:34:57 solver.py:136 ] Epoch: [213/400][80/400] lr: 1.30e-04 | MSE loss: 6.7232e-04 | time: 0.159
I 06.01/01:35:00 solver.py:136 ] Epoch: [213/400][100/400] lr: 1.30e-04 | MSE loss: 6.6574e-04 | time: 0.160
I 06.01/01:35:05 solver.py:136 ] Epoch: [213/400][120/400] lr: 1.30e-04 | MSE loss: 6.6416e-04 | time: 0.179
I 06.01/01:35:09 solver.py:136 ] Epoch: [213/400][140/400] lr: 1.30e-04 | MSE loss: 6.6623e-04 | time: 0.176
I 06.01/01:35:12 solver.py:136 ] Epoch: [213/400][160/400] lr: 1.30e-04 | MSE loss: 6.6912e-04 | time: 0.173
I 06.01/01:35:15 solver.py:136 ] Epoch: [213/400][180/400] lr: 1.30e-04 | MSE loss: 6.7281e-04 | time: 0.173
I 06.01/01:35:18 solver.py:136 ] Epoch: [213/400][200/400] lr: 1.30e-04 | MSE loss: 6.7170e-04 | time: 0.172
I 06.01/01:35:22 solver.py:136 ] Epoch: [213/400][220/400] lr: 1.30e-04 | MSE loss: 6.7402e-04 | time: 0.172
I 06.01/01:35:25 solver.py:136 ] Epoch: [213/400][240/400] lr: 1.30e-04 | MSE loss: 6.7390e-04 | time: 0.172
I 06.01/01:35:28 solver.py:136 ] Epoch: [213/400][260/400] lr: 1.30e-04 | MSE loss: 6.7445e-04 | time: 0.171
I 06.01/01:35:32 solver.py:136 ] Epoch: [213/400][280/400] lr: 1.30e-04 | MSE loss: 6.7493e-04 | time: 0.170
I 06.01/01:35:35 solver.py:136 ] Epoch: [213/400][300/400] lr: 1.30e-04 | MSE loss: 6.7396e-04 | time: 0.170
I 06.01/01:35:38 solver.py:136 ] Epoch: [213/400][320/400] lr: 1.30e-04 | MSE loss: 6.7489e-04 | time: 0.169
I 06.01/01:35:42 solver.py:136 ] Epoch: [213/400][340/400] lr: 1.30e-04 | MSE loss: 6.7597e-04 | time: 0.170
I 06.01/01:35:45 solver.py:136 ] Epoch: [213/400][360/400] lr: 1.30e-04 | MSE loss: 6.7482e-04 | time: 0.169
I 06.01/01:35:48 solver.py:136 ] Epoch: [213/400][380/400] lr: 1.30e-04 | MSE loss: 6.7500e-04 | time: 0.168
I 06.01/01:35:51 solver.py:136 ] Epoch: [213/400][400/400] lr: 1.30e-04 | MSE loss: 6.7598e-04 | time: 0.167
I 06.01/01:35:51 solver.py:146 ] => Train  Loss: 6.7598e-04

I 06.01/01:35:56 solver.py:205 ] 
=! Best NMSE: -2.6463e+01 (epoch=210)

I 06.01/01:36:00 solver.py:136 ] Epoch: [214/400][20/400] lr: 1.30e-04 | MSE loss: 6.5609e-04 | time: 0.194
I 06.01/01:36:05 solver.py:136 ] Epoch: [214/400][40/400] lr: 1.30e-04 | MSE loss: 6.6993e-04 | time: 0.240
I 06.01/01:36:09 solver.py:136 ] Epoch: [214/400][60/400] lr: 1.29e-04 | MSE loss: 6.6780e-04 | time: 0.222
I 06.01/01:36:13 solver.py:136 ] Epoch: [214/400][80/400] lr: 1.29e-04 | MSE loss: 6.6850e-04 | time: 0.212
I 06.01/01:36:16 solver.py:136 ] Epoch: [214/400][100/400] lr: 1.29e-04 | MSE loss: 6.6563e-04 | time: 0.199
I 06.01/01:36:19 solver.py:136 ] Epoch: [214/400][120/400] lr: 1.29e-04 | MSE loss: 6.6728e-04 | time: 0.189
I 06.01/01:36:21 solver.py:136 ] Epoch: [214/400][140/400] lr: 1.29e-04 | MSE loss: 6.6676e-04 | time: 0.178
I 06.01/01:36:23 solver.py:136 ] Epoch: [214/400][160/400] lr: 1.29e-04 | MSE loss: 6.7169e-04 | time: 0.172
I 06.01/01:36:26 solver.py:136 ] Epoch: [214/400][180/400] lr: 1.29e-04 | MSE loss: 6.7260e-04 | time: 0.169
I 06.01/01:36:29 solver.py:136 ] Epoch: [214/400][200/400] lr: 1.29e-04 | MSE loss: 6.7507e-04 | time: 0.168
I 06.01/01:36:33 solver.py:136 ] Epoch: [214/400][220/400] lr: 1.29e-04 | MSE loss: 6.7583e-04 | time: 0.167
I 06.01/01:36:35 solver.py:136 ] Epoch: [214/400][240/400] lr: 1.29e-04 | MSE loss: 6.7532e-04 | time: 0.165
I 06.01/01:36:38 solver.py:136 ] Epoch: [214/400][260/400] lr: 1.29e-04 | MSE loss: 6.7687e-04 | time: 0.161
I 06.01/01:36:41 solver.py:136 ] Epoch: [214/400][280/400] lr: 1.29e-04 | MSE loss: 6.7669e-04 | time: 0.160
I 06.01/01:36:44 solver.py:136 ] Epoch: [214/400][300/400] lr: 1.29e-04 | MSE loss: 6.7765e-04 | time: 0.160
I 06.01/01:36:47 solver.py:136 ] Epoch: [214/400][320/400] lr: 1.29e-04 | MSE loss: 6.7956e-04 | time: 0.160
I 06.01/01:36:50 solver.py:136 ] Epoch: [214/400][340/400] lr: 1.29e-04 | MSE loss: 6.8129e-04 | time: 0.161
I 06.01/01:36:54 solver.py:136 ] Epoch: [214/400][360/400] lr: 1.29e-04 | MSE loss: 6.8195e-04 | time: 0.161
I 06.01/01:36:57 solver.py:136 ] Epoch: [214/400][380/400] lr: 1.29e-04 | MSE loss: 6.8257e-04 | time: 0.160
I 06.01/01:36:59 solver.py:136 ] Epoch: [214/400][400/400] lr: 1.29e-04 | MSE loss: 6.8157e-04 | time: 0.159
I 06.01/01:36:59 solver.py:146 ] => Train  Loss: 6.8157e-04

I 06.01/01:37:05 solver.py:205 ] 
=! Best NMSE: -2.6463e+01 (epoch=210)

I 06.01/01:37:08 solver.py:136 ] Epoch: [215/400][20/400] lr: 1.29e-04 | MSE loss: 6.3059e-04 | time: 0.163
I 06.01/01:37:12 solver.py:136 ] Epoch: [215/400][40/400] lr: 1.29e-04 | MSE loss: 6.4178e-04 | time: 0.169
I 06.01/01:37:15 solver.py:136 ] Epoch: [215/400][60/400] lr: 1.29e-04 | MSE loss: 6.4648e-04 | time: 0.166
I 06.01/01:37:18 solver.py:136 ] Epoch: [215/400][80/400] lr: 1.29e-04 | MSE loss: 6.5169e-04 | time: 0.168
I 06.01/01:37:22 solver.py:136 ] Epoch: [215/400][100/400] lr: 1.29e-04 | MSE loss: 6.5563e-04 | time: 0.166
I 06.01/01:37:25 solver.py:136 ] Epoch: [215/400][120/400] lr: 1.29e-04 | MSE loss: 6.6123e-04 | time: 0.164
I 06.01/01:37:28 solver.py:136 ] Epoch: [215/400][140/400] lr: 1.29e-04 | MSE loss: 6.6093e-04 | time: 0.164
I 06.01/01:37:31 solver.py:136 ] Epoch: [215/400][160/400] lr: 1.29e-04 | MSE loss: 6.6406e-04 | time: 0.162
I 06.01/01:37:34 solver.py:136 ] Epoch: [215/400][180/400] lr: 1.29e-04 | MSE loss: 6.6372e-04 | time: 0.162
I 06.01/01:37:37 solver.py:136 ] Epoch: [215/400][200/400] lr: 1.29e-04 | MSE loss: 6.6616e-04 | time: 0.159
I 06.01/01:37:40 solver.py:136 ] Epoch: [215/400][220/400] lr: 1.29e-04 | MSE loss: 6.6905e-04 | time: 0.157
I 06.01/01:37:42 solver.py:136 ] Epoch: [215/400][240/400] lr: 1.29e-04 | MSE loss: 6.7006e-04 | time: 0.156
I 06.01/01:37:46 solver.py:136 ] Epoch: [215/400][260/400] lr: 1.29e-04 | MSE loss: 6.6996e-04 | time: 0.157
I 06.01/01:37:49 solver.py:136 ] Epoch: [215/400][280/400] lr: 1.28e-04 | MSE loss: 6.7164e-04 | time: 0.155
I 06.01/01:37:52 solver.py:136 ] Epoch: [215/400][300/400] lr: 1.28e-04 | MSE loss: 6.7334e-04 | time: 0.156
I 06.01/01:37:55 solver.py:136 ] Epoch: [215/400][320/400] lr: 1.28e-04 | MSE loss: 6.7402e-04 | time: 0.157
I 06.01/01:37:58 solver.py:136 ] Epoch: [215/400][340/400] lr: 1.28e-04 | MSE loss: 6.7374e-04 | time: 0.157
I 06.01/01:38:03 solver.py:136 ] Epoch: [215/400][360/400] lr: 1.28e-04 | MSE loss: 6.7392e-04 | time: 0.162
I 06.01/01:38:07 solver.py:136 ] Epoch: [215/400][380/400] lr: 1.28e-04 | MSE loss: 6.7439e-04 | time: 0.163
I 06.01/01:38:09 solver.py:136 ] Epoch: [215/400][400/400] lr: 1.28e-04 | MSE loss: 6.7430e-04 | time: 0.160
I 06.01/01:38:09 solver.py:146 ] => Train  Loss: 6.7430e-04

I 06.01/01:38:13 solver.py:205 ] 
=! Best NMSE: -2.6463e+01 (epoch=210)

I 06.01/01:38:17 solver.py:136 ] Epoch: [216/400][20/400] lr: 1.28e-04 | MSE loss: 6.5253e-04 | time: 0.191
I 06.01/01:38:20 solver.py:136 ] Epoch: [216/400][40/400] lr: 1.28e-04 | MSE loss: 6.6080e-04 | time: 0.177
I 06.01/01:38:23 solver.py:136 ] Epoch: [216/400][60/400] lr: 1.28e-04 | MSE loss: 6.5906e-04 | time: 0.171
I 06.01/01:38:26 solver.py:136 ] Epoch: [216/400][80/400] lr: 1.28e-04 | MSE loss: 6.5965e-04 | time: 0.164
I 06.01/01:38:30 solver.py:136 ] Epoch: [216/400][100/400] lr: 1.28e-04 | MSE loss: 6.6267e-04 | time: 0.164
I 06.01/01:38:33 solver.py:136 ] Epoch: [216/400][120/400] lr: 1.28e-04 | MSE loss: 6.6069e-04 | time: 0.163
I 06.01/01:38:36 solver.py:136 ] Epoch: [216/400][140/400] lr: 1.28e-04 | MSE loss: 6.6260e-04 | time: 0.163
I 06.01/01:38:39 solver.py:136 ] Epoch: [216/400][160/400] lr: 1.28e-04 | MSE loss: 6.6401e-04 | time: 0.163
I 06.01/01:38:43 solver.py:136 ] Epoch: [216/400][180/400] lr: 1.28e-04 | MSE loss: 6.6548e-04 | time: 0.164
I 06.01/01:38:46 solver.py:136 ] Epoch: [216/400][200/400] lr: 1.28e-04 | MSE loss: 6.6510e-04 | time: 0.163
I 06.01/01:38:49 solver.py:136 ] Epoch: [216/400][220/400] lr: 1.28e-04 | MSE loss: 6.6657e-04 | time: 0.163
I 06.01/01:38:52 solver.py:136 ] Epoch: [216/400][240/400] lr: 1.28e-04 | MSE loss: 6.6536e-04 | time: 0.162
I 06.01/01:38:55 solver.py:136 ] Epoch: [216/400][260/400] lr: 1.28e-04 | MSE loss: 6.6572e-04 | time: 0.160
I 06.01/01:38:58 solver.py:136 ] Epoch: [216/400][280/400] lr: 1.28e-04 | MSE loss: 6.6562e-04 | time: 0.159
I 06.01/01:39:01 solver.py:136 ] Epoch: [216/400][300/400] lr: 1.28e-04 | MSE loss: 6.6765e-04 | time: 0.161
I 06.01/01:39:06 solver.py:136 ] Epoch: [216/400][320/400] lr: 1.28e-04 | MSE loss: 6.7038e-04 | time: 0.166
I 06.01/01:39:10 solver.py:136 ] Epoch: [216/400][340/400] lr: 1.28e-04 | MSE loss: 6.7199e-04 | time: 0.166
I 06.01/01:39:13 solver.py:136 ] Epoch: [216/400][360/400] lr: 1.28e-04 | MSE loss: 6.7384e-04 | time: 0.166
I 06.01/01:39:16 solver.py:136 ] Epoch: [216/400][380/400] lr: 1.28e-04 | MSE loss: 6.7343e-04 | time: 0.166
I 06.01/01:39:19 solver.py:136 ] Epoch: [216/400][400/400] lr: 1.28e-04 | MSE loss: 6.7417e-04 | time: 0.165
I 06.01/01:39:19 solver.py:146 ] => Train  Loss: 6.7417e-04

I 06.01/01:39:23 solver.py:205 ] 
=! Best NMSE: -2.6463e+01 (epoch=210)

I 06.01/01:39:27 solver.py:136 ] Epoch: [217/400][20/400] lr: 1.28e-04 | MSE loss: 6.4602e-04 | time: 0.185
I 06.01/01:39:30 solver.py:136 ] Epoch: [217/400][40/400] lr: 1.28e-04 | MSE loss: 6.4772e-04 | time: 0.175
I 06.01/01:39:33 solver.py:136 ] Epoch: [217/400][60/400] lr: 1.28e-04 | MSE loss: 6.4615e-04 | time: 0.163
I 06.01/01:39:35 solver.py:136 ] Epoch: [217/400][80/400] lr: 1.27e-04 | MSE loss: 6.4954e-04 | time: 0.152
I 06.01/01:39:38 solver.py:136 ] Epoch: [217/400][100/400] lr: 1.27e-04 | MSE loss: 6.5639e-04 | time: 0.149
I 06.01/01:39:41 solver.py:136 ] Epoch: [217/400][120/400] lr: 1.27e-04 | MSE loss: 6.5910e-04 | time: 0.153
I 06.01/01:39:44 solver.py:136 ] Epoch: [217/400][140/400] lr: 1.27e-04 | MSE loss: 6.6063e-04 | time: 0.152
I 06.01/01:39:48 solver.py:136 ] Epoch: [217/400][160/400] lr: 1.27e-04 | MSE loss: 6.6031e-04 | time: 0.156
I 06.01/01:39:51 solver.py:136 ] Epoch: [217/400][180/400] lr: 1.27e-04 | MSE loss: 6.5899e-04 | time: 0.155
I 06.01/01:39:54 solver.py:136 ] Epoch: [217/400][200/400] lr: 1.27e-04 | MSE loss: 6.5785e-04 | time: 0.157
I 06.01/01:39:58 solver.py:136 ] Epoch: [217/400][220/400] lr: 1.27e-04 | MSE loss: 6.5906e-04 | time: 0.158
I 06.01/01:40:02 solver.py:136 ] Epoch: [217/400][240/400] lr: 1.27e-04 | MSE loss: 6.6112e-04 | time: 0.162
I 06.01/01:40:06 solver.py:136 ] Epoch: [217/400][260/400] lr: 1.27e-04 | MSE loss: 6.6119e-04 | time: 0.168
I 06.01/01:40:10 solver.py:136 ] Epoch: [217/400][280/400] lr: 1.27e-04 | MSE loss: 6.6145e-04 | time: 0.167
I 06.01/01:40:13 solver.py:136 ] Epoch: [217/400][300/400] lr: 1.27e-04 | MSE loss: 6.6285e-04 | time: 0.167
I 06.01/01:40:16 solver.py:136 ] Epoch: [217/400][320/400] lr: 1.27e-04 | MSE loss: 6.6340e-04 | time: 0.167
I 06.01/01:40:20 solver.py:136 ] Epoch: [217/400][340/400] lr: 1.27e-04 | MSE loss: 6.6291e-04 | time: 0.167
I 06.01/01:40:23 solver.py:136 ] Epoch: [217/400][360/400] lr: 1.27e-04 | MSE loss: 6.6435e-04 | time: 0.167
I 06.01/01:40:26 solver.py:136 ] Epoch: [217/400][380/400] lr: 1.27e-04 | MSE loss: 6.6335e-04 | time: 0.166
I 06.01/01:40:29 solver.py:136 ] Epoch: [217/400][400/400] lr: 1.27e-04 | MSE loss: 6.6448e-04 | time: 0.165
I 06.01/01:40:29 solver.py:146 ] => Train  Loss: 6.6448e-04

I 06.01/01:40:32 solver.py:205 ] 
=! Best NMSE: -2.6463e+01 (epoch=210)

I 06.01/01:40:36 solver.py:136 ] Epoch: [218/400][20/400] lr: 1.27e-04 | MSE loss: 6.3669e-04 | time: 0.180
I 06.01/01:40:39 solver.py:136 ] Epoch: [218/400][40/400] lr: 1.27e-04 | MSE loss: 6.4021e-04 | time: 0.175
I 06.01/01:40:42 solver.py:136 ] Epoch: [218/400][60/400] lr: 1.27e-04 | MSE loss: 6.3767e-04 | time: 0.169
I 06.01/01:40:45 solver.py:136 ] Epoch: [218/400][80/400] lr: 1.27e-04 | MSE loss: 6.4347e-04 | time: 0.161
I 06.01/01:40:48 solver.py:136 ] Epoch: [218/400][100/400] lr: 1.27e-04 | MSE loss: 6.4865e-04 | time: 0.162
I 06.01/01:40:51 solver.py:136 ] Epoch: [218/400][120/400] lr: 1.27e-04 | MSE loss: 6.5271e-04 | time: 0.162
I 06.01/01:40:55 solver.py:136 ] Epoch: [218/400][140/400] lr: 1.27e-04 | MSE loss: 6.5255e-04 | time: 0.161
I 06.01/01:40:58 solver.py:136 ] Epoch: [218/400][160/400] lr: 1.27e-04 | MSE loss: 6.5461e-04 | time: 0.163
I 06.01/01:41:02 solver.py:136 ] Epoch: [218/400][180/400] lr: 1.27e-04 | MSE loss: 6.5314e-04 | time: 0.166
I 06.01/01:41:07 solver.py:136 ] Epoch: [218/400][200/400] lr: 1.27e-04 | MSE loss: 6.5462e-04 | time: 0.173
I 06.01/01:41:10 solver.py:136 ] Epoch: [218/400][220/400] lr: 1.27e-04 | MSE loss: 6.5575e-04 | time: 0.173
I 06.01/01:41:13 solver.py:136 ] Epoch: [218/400][240/400] lr: 1.27e-04 | MSE loss: 6.5772e-04 | time: 0.172
I 06.01/01:41:17 solver.py:136 ] Epoch: [218/400][260/400] lr: 1.27e-04 | MSE loss: 6.6123e-04 | time: 0.172
I 06.01/01:41:20 solver.py:136 ] Epoch: [218/400][280/400] lr: 1.27e-04 | MSE loss: 6.6335e-04 | time: 0.170
I 06.01/01:41:23 solver.py:136 ] Epoch: [218/400][300/400] lr: 1.26e-04 | MSE loss: 6.6372e-04 | time: 0.170
I 06.01/01:41:26 solver.py:136 ] Epoch: [218/400][320/400] lr: 1.26e-04 | MSE loss: 6.6521e-04 | time: 0.170
I 06.01/01:41:30 solver.py:136 ] Epoch: [218/400][340/400] lr: 1.26e-04 | MSE loss: 6.6605e-04 | time: 0.170
I 06.01/01:41:33 solver.py:136 ] Epoch: [218/400][360/400] lr: 1.26e-04 | MSE loss: 6.6636e-04 | time: 0.170
I 06.01/01:41:36 solver.py:136 ] Epoch: [218/400][380/400] lr: 1.26e-04 | MSE loss: 6.6563e-04 | time: 0.169
I 06.01/01:41:40 solver.py:136 ] Epoch: [218/400][400/400] lr: 1.26e-04 | MSE loss: 6.6601e-04 | time: 0.169
I 06.01/01:41:40 solver.py:146 ] => Train  Loss: 6.6601e-04

I 06.01/01:41:45 solver.py:205 ] 
=! Best NMSE: -2.6463e+01 (epoch=210)

I 06.01/01:41:48 solver.py:136 ] Epoch: [219/400][20/400] lr: 1.26e-04 | MSE loss: 6.5275e-04 | time: 0.188
I 06.01/01:41:52 solver.py:136 ] Epoch: [219/400][40/400] lr: 1.26e-04 | MSE loss: 6.6640e-04 | time: 0.172
I 06.01/01:41:55 solver.py:136 ] Epoch: [219/400][60/400] lr: 1.26e-04 | MSE loss: 6.6178e-04 | time: 0.164
I 06.01/01:41:58 solver.py:136 ] Epoch: [219/400][80/400] lr: 1.26e-04 | MSE loss: 6.6086e-04 | time: 0.160
I 06.01/01:42:01 solver.py:136 ] Epoch: [219/400][100/400] lr: 1.26e-04 | MSE loss: 6.6421e-04 | time: 0.163
I 06.01/01:42:06 solver.py:136 ] Epoch: [219/400][120/400] lr: 1.26e-04 | MSE loss: 6.6565e-04 | time: 0.177
I 06.01/01:42:09 solver.py:136 ] Epoch: [219/400][140/400] lr: 1.26e-04 | MSE loss: 6.6486e-04 | time: 0.174
I 06.01/01:42:12 solver.py:136 ] Epoch: [219/400][160/400] lr: 1.26e-04 | MSE loss: 6.6241e-04 | time: 0.174
I 06.01/01:42:16 solver.py:136 ] Epoch: [219/400][180/400] lr: 1.26e-04 | MSE loss: 6.5920e-04 | time: 0.172
I 06.01/01:42:19 solver.py:136 ] Epoch: [219/400][200/400] lr: 1.26e-04 | MSE loss: 6.5925e-04 | time: 0.172
I 06.01/01:42:23 solver.py:136 ] Epoch: [219/400][220/400] lr: 1.26e-04 | MSE loss: 6.5544e-04 | time: 0.172
I 06.01/01:42:26 solver.py:136 ] Epoch: [219/400][240/400] lr: 1.26e-04 | MSE loss: 6.5315e-04 | time: 0.170
I 06.01/01:42:29 solver.py:136 ] Epoch: [219/400][260/400] lr: 1.26e-04 | MSE loss: 6.5453e-04 | time: 0.169
I 06.01/01:42:32 solver.py:136 ] Epoch: [219/400][280/400] lr: 1.26e-04 | MSE loss: 6.5435e-04 | time: 0.169
I 06.01/01:42:36 solver.py:136 ] Epoch: [219/400][300/400] lr: 1.26e-04 | MSE loss: 6.5504e-04 | time: 0.171
I 06.01/01:42:39 solver.py:136 ] Epoch: [219/400][320/400] lr: 1.26e-04 | MSE loss: 6.5612e-04 | time: 0.171
I 06.01/01:42:43 solver.py:136 ] Epoch: [219/400][340/400] lr: 1.26e-04 | MSE loss: 6.5690e-04 | time: 0.170
I 06.01/01:42:46 solver.py:136 ] Epoch: [219/400][360/400] lr: 1.26e-04 | MSE loss: 6.5792e-04 | time: 0.170
I 06.01/01:42:49 solver.py:136 ] Epoch: [219/400][380/400] lr: 1.26e-04 | MSE loss: 6.6031e-04 | time: 0.170
I 06.01/01:42:52 solver.py:136 ] Epoch: [219/400][400/400] lr: 1.26e-04 | MSE loss: 6.6027e-04 | time: 0.169
I 06.01/01:42:52 solver.py:146 ] => Train  Loss: 6.6027e-04

I 06.01/01:42:55 solver.py:205 ] 
=! Best NMSE: -2.6463e+01 (epoch=210)

I 06.01/01:42:58 solver.py:136 ] Epoch: [220/400][20/400] lr: 1.26e-04 | MSE loss: 6.3531e-04 | time: 0.181
I 06.01/01:43:03 solver.py:136 ] Epoch: [220/400][40/400] lr: 1.26e-04 | MSE loss: 6.4310e-04 | time: 0.198
I 06.01/01:43:07 solver.py:136 ] Epoch: [220/400][60/400] lr: 1.26e-04 | MSE loss: 6.4249e-04 | time: 0.201
I 06.01/01:43:10 solver.py:136 ] Epoch: [220/400][80/400] lr: 1.26e-04 | MSE loss: 6.4566e-04 | time: 0.190
I 06.01/01:43:13 solver.py:136 ] Epoch: [220/400][100/400] lr: 1.25e-04 | MSE loss: 6.4618e-04 | time: 0.181
I 06.01/01:43:16 solver.py:136 ] Epoch: [220/400][120/400] lr: 1.25e-04 | MSE loss: 6.4477e-04 | time: 0.179
I 06.01/01:43:19 solver.py:136 ] Epoch: [220/400][140/400] lr: 1.25e-04 | MSE loss: 6.4420e-04 | time: 0.176
I 06.01/01:43:23 solver.py:136 ] Epoch: [220/400][160/400] lr: 1.25e-04 | MSE loss: 6.4540e-04 | time: 0.175
I 06.01/01:43:26 solver.py:136 ] Epoch: [220/400][180/400] lr: 1.25e-04 | MSE loss: 6.4821e-04 | time: 0.173
I 06.01/01:43:29 solver.py:136 ] Epoch: [220/400][200/400] lr: 1.25e-04 | MSE loss: 6.4945e-04 | time: 0.172
I 06.01/01:43:32 solver.py:136 ] Epoch: [220/400][220/400] lr: 1.25e-04 | MSE loss: 6.4869e-04 | time: 0.170
I 06.01/01:43:36 solver.py:136 ] Epoch: [220/400][240/400] lr: 1.25e-04 | MSE loss: 6.5213e-04 | time: 0.171
I 06.01/01:43:39 solver.py:136 ] Epoch: [220/400][260/400] lr: 1.25e-04 | MSE loss: 6.5449e-04 | time: 0.170
I 06.01/01:43:42 solver.py:136 ] Epoch: [220/400][280/400] lr: 1.25e-04 | MSE loss: 6.5285e-04 | time: 0.170
I 06.01/01:43:46 solver.py:136 ] Epoch: [220/400][300/400] lr: 1.25e-04 | MSE loss: 6.5337e-04 | time: 0.169
I 06.01/01:43:49 solver.py:136 ] Epoch: [220/400][320/400] lr: 1.25e-04 | MSE loss: 6.5362e-04 | time: 0.168
I 06.01/01:43:52 solver.py:136 ] Epoch: [220/400][340/400] lr: 1.25e-04 | MSE loss: 6.5304e-04 | time: 0.168
I 06.01/01:43:55 solver.py:136 ] Epoch: [220/400][360/400] lr: 1.25e-04 | MSE loss: 6.5263e-04 | time: 0.169
I 06.01/01:43:59 solver.py:136 ] Epoch: [220/400][380/400] lr: 1.25e-04 | MSE loss: 6.5172e-04 | time: 0.168
I 06.01/01:44:05 solver.py:136 ] Epoch: [220/400][400/400] lr: 1.25e-04 | MSE loss: 6.5123e-04 | time: 0.175
I 06.01/01:44:05 solver.py:146 ] => Train  Loss: 6.5123e-04

I 06.01/01:44:08 solver.py:136 ] Epoch: [220/400][20/50] lr: 1.25e-04 | MSE loss: 1.0238e-03 | time: 0.173
I 06.01/01:44:11 solver.py:136 ] Epoch: [220/400][40/50] lr: 1.25e-04 | MSE loss: 1.0454e-03 | time: 0.163
I 06.01/01:44:13 solver.py:146 ] => Val  Loss: 1.0358e-03

I 06.01/01:44:16 solver.py:287 ] [20/50] loss: 1.0582e-03 | NMSE: -2.6777e+01 | time: 0.173
I 06.01/01:44:19 solver.py:287 ] [40/50] loss: 1.0631e-03 | NMSE: -2.6774e+01 | time: 0.167
I 06.01/01:44:21 solver.py:291 ] => Test NMSE: -2.6756e+01

I 06.01/01:44:29 solver.py:205 ] 
=! Best NMSE: -2.6756e+01 (epoch=220)

I 06.01/01:44:33 solver.py:136 ] Epoch: [221/400][20/400] lr: 1.25e-04 | MSE loss: 6.7226e-04 | time: 0.169
I 06.01/01:44:36 solver.py:136 ] Epoch: [221/400][40/400] lr: 1.25e-04 | MSE loss: 6.6713e-04 | time: 0.175
I 06.01/01:44:39 solver.py:136 ] Epoch: [221/400][60/400] lr: 1.25e-04 | MSE loss: 6.6645e-04 | time: 0.166
I 06.01/01:44:43 solver.py:136 ] Epoch: [221/400][80/400] lr: 1.25e-04 | MSE loss: 6.6837e-04 | time: 0.167
I 06.01/01:44:46 solver.py:136 ] Epoch: [221/400][100/400] lr: 1.25e-04 | MSE loss: 6.6410e-04 | time: 0.165
I 06.01/01:44:49 solver.py:136 ] Epoch: [221/400][120/400] lr: 1.25e-04 | MSE loss: 6.5605e-04 | time: 0.165
I 06.01/01:44:52 solver.py:136 ] Epoch: [221/400][140/400] lr: 1.25e-04 | MSE loss: 6.5424e-04 | time: 0.163
I 06.01/01:44:55 solver.py:136 ] Epoch: [221/400][160/400] lr: 1.25e-04 | MSE loss: 6.5668e-04 | time: 0.164
I 06.01/01:44:59 solver.py:136 ] Epoch: [221/400][180/400] lr: 1.25e-04 | MSE loss: 6.5825e-04 | time: 0.164
I 06.01/01:45:04 solver.py:136 ] Epoch: [221/400][200/400] lr: 1.25e-04 | MSE loss: 6.5676e-04 | time: 0.176
I 06.01/01:45:09 solver.py:136 ] Epoch: [221/400][220/400] lr: 1.25e-04 | MSE loss: 6.5496e-04 | time: 0.179
I 06.01/01:45:12 solver.py:136 ] Epoch: [221/400][240/400] lr: 1.25e-04 | MSE loss: 6.5299e-04 | time: 0.179
I 06.01/01:45:16 solver.py:136 ] Epoch: [221/400][260/400] lr: 1.25e-04 | MSE loss: 6.5221e-04 | time: 0.180
I 06.01/01:45:19 solver.py:136 ] Epoch: [221/400][280/400] lr: 1.25e-04 | MSE loss: 6.5201e-04 | time: 0.177
I 06.01/01:45:22 solver.py:136 ] Epoch: [221/400][300/400] lr: 1.25e-04 | MSE loss: 6.5397e-04 | time: 0.175
I 06.01/01:45:25 solver.py:136 ] Epoch: [221/400][320/400] lr: 1.24e-04 | MSE loss: 6.5546e-04 | time: 0.174
I 06.01/01:45:28 solver.py:136 ] Epoch: [221/400][340/400] lr: 1.24e-04 | MSE loss: 6.5694e-04 | time: 0.173
I 06.01/01:45:31 solver.py:136 ] Epoch: [221/400][360/400] lr: 1.24e-04 | MSE loss: 6.5769e-04 | time: 0.172
I 06.01/01:45:34 solver.py:136 ] Epoch: [221/400][380/400] lr: 1.24e-04 | MSE loss: 6.5726e-04 | time: 0.171
I 06.01/01:45:37 solver.py:136 ] Epoch: [221/400][400/400] lr: 1.24e-04 | MSE loss: 6.5879e-04 | time: 0.170
I 06.01/01:45:37 solver.py:146 ] => Train  Loss: 6.5879e-04

I 06.01/01:45:40 solver.py:205 ] 
=! Best NMSE: -2.6756e+01 (epoch=220)

I 06.01/01:45:43 solver.py:136 ] Epoch: [222/400][20/400] lr: 1.24e-04 | MSE loss: 6.6076e-04 | time: 0.151
I 06.01/01:45:46 solver.py:136 ] Epoch: [222/400][40/400] lr: 1.24e-04 | MSE loss: 6.5705e-04 | time: 0.152
I 06.01/01:45:50 solver.py:136 ] Epoch: [222/400][60/400] lr: 1.24e-04 | MSE loss: 6.4944e-04 | time: 0.155
I 06.01/01:45:53 solver.py:136 ] Epoch: [222/400][80/400] lr: 1.24e-04 | MSE loss: 6.4757e-04 | time: 0.161
I 06.01/01:45:57 solver.py:136 ] Epoch: [222/400][100/400] lr: 1.24e-04 | MSE loss: 6.4764e-04 | time: 0.164
I 06.01/01:45:59 solver.py:136 ] Epoch: [222/400][120/400] lr: 1.24e-04 | MSE loss: 6.4461e-04 | time: 0.157
I 06.01/01:46:04 solver.py:136 ] Epoch: [222/400][140/400] lr: 1.24e-04 | MSE loss: 6.4209e-04 | time: 0.170
I 06.01/01:46:08 solver.py:136 ] Epoch: [222/400][160/400] lr: 1.24e-04 | MSE loss: 6.4151e-04 | time: 0.172
I 06.01/01:46:11 solver.py:136 ] Epoch: [222/400][180/400] lr: 1.24e-04 | MSE loss: 6.4294e-04 | time: 0.172
I 06.01/01:46:15 solver.py:136 ] Epoch: [222/400][200/400] lr: 1.24e-04 | MSE loss: 6.4467e-04 | time: 0.173
I 06.01/01:46:19 solver.py:136 ] Epoch: [222/400][220/400] lr: 1.24e-04 | MSE loss: 6.4736e-04 | time: 0.175
I 06.01/01:46:22 solver.py:136 ] Epoch: [222/400][240/400] lr: 1.24e-04 | MSE loss: 6.4747e-04 | time: 0.174
I 06.01/01:46:25 solver.py:136 ] Epoch: [222/400][260/400] lr: 1.24e-04 | MSE loss: 6.4661e-04 | time: 0.172
I 06.01/01:46:28 solver.py:136 ] Epoch: [222/400][280/400] lr: 1.24e-04 | MSE loss: 6.4887e-04 | time: 0.172
I 06.01/01:46:32 solver.py:136 ] Epoch: [222/400][300/400] lr: 1.24e-04 | MSE loss: 6.4922e-04 | time: 0.171
I 06.01/01:46:35 solver.py:136 ] Epoch: [222/400][320/400] lr: 1.24e-04 | MSE loss: 6.5042e-04 | time: 0.170
I 06.01/01:46:38 solver.py:136 ] Epoch: [222/400][340/400] lr: 1.24e-04 | MSE loss: 6.5014e-04 | time: 0.169
I 06.01/01:46:41 solver.py:136 ] Epoch: [222/400][360/400] lr: 1.24e-04 | MSE loss: 6.5046e-04 | time: 0.169
I 06.01/01:46:44 solver.py:136 ] Epoch: [222/400][380/400] lr: 1.24e-04 | MSE loss: 6.5034e-04 | time: 0.169
I 06.01/01:46:48 solver.py:136 ] Epoch: [222/400][400/400] lr: 1.24e-04 | MSE loss: 6.5106e-04 | time: 0.169
I 06.01/01:46:48 solver.py:146 ] => Train  Loss: 6.5106e-04

I 06.01/01:46:52 solver.py:205 ] 
=! Best NMSE: -2.6756e+01 (epoch=220)

I 06.01/01:46:56 solver.py:136 ] Epoch: [223/400][20/400] lr: 1.24e-04 | MSE loss: 6.3168e-04 | time: 0.190
I 06.01/01:47:00 solver.py:136 ] Epoch: [223/400][40/400] lr: 1.24e-04 | MSE loss: 6.4333e-04 | time: 0.186
I 06.01/01:47:06 solver.py:136 ] Epoch: [223/400][60/400] lr: 1.24e-04 | MSE loss: 6.4409e-04 | time: 0.218
I 06.01/01:47:09 solver.py:136 ] Epoch: [223/400][80/400] lr: 1.24e-04 | MSE loss: 6.3835e-04 | time: 0.205
I 06.01/01:47:12 solver.py:136 ] Epoch: [223/400][100/400] lr: 1.24e-04 | MSE loss: 6.3979e-04 | time: 0.197
I 06.01/01:47:15 solver.py:136 ] Epoch: [223/400][120/400] lr: 1.23e-04 | MSE loss: 6.3770e-04 | time: 0.191
I 06.01/01:47:19 solver.py:136 ] Epoch: [223/400][140/400] lr: 1.23e-04 | MSE loss: 6.4058e-04 | time: 0.186
I 06.01/01:47:22 solver.py:136 ] Epoch: [223/400][160/400] lr: 1.23e-04 | MSE loss: 6.3864e-04 | time: 0.184
I 06.01/01:47:25 solver.py:136 ] Epoch: [223/400][180/400] lr: 1.23e-04 | MSE loss: 6.3974e-04 | time: 0.182
I 06.01/01:47:29 solver.py:136 ] Epoch: [223/400][200/400] lr: 1.23e-04 | MSE loss: 6.4251e-04 | time: 0.181
I 06.01/01:47:32 solver.py:136 ] Epoch: [223/400][220/400] lr: 1.23e-04 | MSE loss: 6.4355e-04 | time: 0.179
I 06.01/01:47:35 solver.py:136 ] Epoch: [223/400][240/400] lr: 1.23e-04 | MSE loss: 6.4274e-04 | time: 0.178
I 06.01/01:47:39 solver.py:136 ] Epoch: [223/400][260/400] lr: 1.23e-04 | MSE loss: 6.4180e-04 | time: 0.177
I 06.01/01:47:42 solver.py:136 ] Epoch: [223/400][280/400] lr: 1.23e-04 | MSE loss: 6.4384e-04 | time: 0.176
I 06.01/01:47:45 solver.py:136 ] Epoch: [223/400][300/400] lr: 1.23e-04 | MSE loss: 6.4343e-04 | time: 0.176
I 06.01/01:47:49 solver.py:136 ] Epoch: [223/400][320/400] lr: 1.23e-04 | MSE loss: 6.4186e-04 | time: 0.175
I 06.01/01:47:52 solver.py:136 ] Epoch: [223/400][340/400] lr: 1.23e-04 | MSE loss: 6.4233e-04 | time: 0.174
I 06.01/01:47:55 solver.py:136 ] Epoch: [223/400][360/400] lr: 1.23e-04 | MSE loss: 6.4210e-04 | time: 0.174
I 06.01/01:47:58 solver.py:136 ] Epoch: [223/400][380/400] lr: 1.23e-04 | MSE loss: 6.4235e-04 | time: 0.172
I 06.01/01:48:02 solver.py:136 ] Epoch: [223/400][400/400] lr: 1.23e-04 | MSE loss: 6.4336e-04 | time: 0.173
I 06.01/01:48:02 solver.py:146 ] => Train  Loss: 6.4336e-04

I 06.01/01:48:07 solver.py:205 ] 
=! Best NMSE: -2.6756e+01 (epoch=220)

I 06.01/01:48:11 solver.py:136 ] Epoch: [224/400][20/400] lr: 1.23e-04 | MSE loss: 6.6282e-04 | time: 0.212
I 06.01/01:48:14 solver.py:136 ] Epoch: [224/400][40/400] lr: 1.23e-04 | MSE loss: 6.4413e-04 | time: 0.189
I 06.01/01:48:17 solver.py:136 ] Epoch: [224/400][60/400] lr: 1.23e-04 | MSE loss: 6.3570e-04 | time: 0.176
I 06.01/01:48:20 solver.py:136 ] Epoch: [224/400][80/400] lr: 1.23e-04 | MSE loss: 6.3395e-04 | time: 0.167
I 06.01/01:48:23 solver.py:136 ] Epoch: [224/400][100/400] lr: 1.23e-04 | MSE loss: 6.3682e-04 | time: 0.165
I 06.01/01:48:27 solver.py:136 ] Epoch: [224/400][120/400] lr: 1.23e-04 | MSE loss: 6.3777e-04 | time: 0.165
I 06.01/01:48:30 solver.py:136 ] Epoch: [224/400][140/400] lr: 1.23e-04 | MSE loss: 6.3822e-04 | time: 0.166
I 06.01/01:48:34 solver.py:136 ] Epoch: [224/400][160/400] lr: 1.23e-04 | MSE loss: 6.3727e-04 | time: 0.166
I 06.01/01:48:37 solver.py:136 ] Epoch: [224/400][180/400] lr: 1.23e-04 | MSE loss: 6.4114e-04 | time: 0.165
I 06.01/01:48:40 solver.py:136 ] Epoch: [224/400][200/400] lr: 1.23e-04 | MSE loss: 6.4085e-04 | time: 0.163
I 06.01/01:48:43 solver.py:136 ] Epoch: [224/400][220/400] lr: 1.23e-04 | MSE loss: 6.3820e-04 | time: 0.165
I 06.01/01:48:47 solver.py:136 ] Epoch: [224/400][240/400] lr: 1.23e-04 | MSE loss: 6.3840e-04 | time: 0.166
I 06.01/01:48:50 solver.py:136 ] Epoch: [224/400][260/400] lr: 1.23e-04 | MSE loss: 6.3880e-04 | time: 0.167
I 06.01/01:48:54 solver.py:136 ] Epoch: [224/400][280/400] lr: 1.23e-04 | MSE loss: 6.3713e-04 | time: 0.168
I 06.01/01:48:57 solver.py:136 ] Epoch: [224/400][300/400] lr: 1.23e-04 | MSE loss: 6.3827e-04 | time: 0.167
I 06.01/01:49:00 solver.py:136 ] Epoch: [224/400][320/400] lr: 1.23e-04 | MSE loss: 6.4188e-04 | time: 0.166
I 06.01/01:49:05 solver.py:136 ] Epoch: [224/400][340/400] lr: 1.22e-04 | MSE loss: 6.4344e-04 | time: 0.171
I 06.01/01:49:08 solver.py:136 ] Epoch: [224/400][360/400] lr: 1.22e-04 | MSE loss: 6.4342e-04 | time: 0.171
I 06.01/01:49:11 solver.py:136 ] Epoch: [224/400][380/400] lr: 1.22e-04 | MSE loss: 6.4463e-04 | time: 0.169
I 06.01/01:49:14 solver.py:136 ] Epoch: [224/400][400/400] lr: 1.22e-04 | MSE loss: 6.4386e-04 | time: 0.169
I 06.01/01:49:14 solver.py:146 ] => Train  Loss: 6.4386e-04

I 06.01/01:49:20 solver.py:205 ] 
=! Best NMSE: -2.6756e+01 (epoch=220)

I 06.01/01:49:23 solver.py:136 ] Epoch: [225/400][20/400] lr: 1.22e-04 | MSE loss: 6.2287e-04 | time: 0.170
I 06.01/01:49:26 solver.py:136 ] Epoch: [225/400][40/400] lr: 1.22e-04 | MSE loss: 6.1556e-04 | time: 0.151
I 06.01/01:49:29 solver.py:136 ] Epoch: [225/400][60/400] lr: 1.22e-04 | MSE loss: 6.2801e-04 | time: 0.155
I 06.01/01:49:33 solver.py:136 ] Epoch: [225/400][80/400] lr: 1.22e-04 | MSE loss: 6.3140e-04 | time: 0.162
I 06.01/01:49:36 solver.py:136 ] Epoch: [225/400][100/400] lr: 1.22e-04 | MSE loss: 6.3448e-04 | time: 0.162
I 06.01/01:49:39 solver.py:136 ] Epoch: [225/400][120/400] lr: 1.22e-04 | MSE loss: 6.3933e-04 | time: 0.163
I 06.01/01:49:43 solver.py:136 ] Epoch: [225/400][140/400] lr: 1.22e-04 | MSE loss: 6.4342e-04 | time: 0.167
I 06.01/01:49:46 solver.py:136 ] Epoch: [225/400][160/400] lr: 1.22e-04 | MSE loss: 6.4407e-04 | time: 0.166
I 06.01/01:49:50 solver.py:136 ] Epoch: [225/400][180/400] lr: 1.22e-04 | MSE loss: 6.4466e-04 | time: 0.168
I 06.01/01:49:53 solver.py:136 ] Epoch: [225/400][200/400] lr: 1.22e-04 | MSE loss: 6.4358e-04 | time: 0.165
I 06.01/01:49:56 solver.py:136 ] Epoch: [225/400][220/400] lr: 1.22e-04 | MSE loss: 6.4448e-04 | time: 0.166
I 06.01/01:50:00 solver.py:136 ] Epoch: [225/400][240/400] lr: 1.22e-04 | MSE loss: 6.4667e-04 | time: 0.167
I 06.01/01:50:05 solver.py:136 ] Epoch: [225/400][260/400] lr: 1.22e-04 | MSE loss: 6.4539e-04 | time: 0.173
I 06.01/01:50:08 solver.py:136 ] Epoch: [225/400][280/400] lr: 1.22e-04 | MSE loss: 6.4438e-04 | time: 0.173
I 06.01/01:50:11 solver.py:136 ] Epoch: [225/400][300/400] lr: 1.22e-04 | MSE loss: 6.4499e-04 | time: 0.172
I 06.01/01:50:14 solver.py:136 ] Epoch: [225/400][320/400] lr: 1.22e-04 | MSE loss: 6.4655e-04 | time: 0.169
I 06.01/01:50:17 solver.py:136 ] Epoch: [225/400][340/400] lr: 1.22e-04 | MSE loss: 6.4570e-04 | time: 0.168
I 06.01/01:50:20 solver.py:136 ] Epoch: [225/400][360/400] lr: 1.22e-04 | MSE loss: 6.4565e-04 | time: 0.168
I 06.01/01:50:24 solver.py:136 ] Epoch: [225/400][380/400] lr: 1.22e-04 | MSE loss: 6.4562e-04 | time: 0.168
I 06.01/01:50:27 solver.py:136 ] Epoch: [225/400][400/400] lr: 1.22e-04 | MSE loss: 6.4471e-04 | time: 0.168
I 06.01/01:50:27 solver.py:146 ] => Train  Loss: 6.4471e-04

I 06.01/01:50:31 solver.py:205 ] 
=! Best NMSE: -2.6756e+01 (epoch=220)

I 06.01/01:50:34 solver.py:136 ] Epoch: [226/400][20/400] lr: 1.22e-04 | MSE loss: 5.9410e-04 | time: 0.173
I 06.01/01:50:38 solver.py:136 ] Epoch: [226/400][40/400] lr: 1.22e-04 | MSE loss: 6.1708e-04 | time: 0.176
I 06.01/01:50:41 solver.py:136 ] Epoch: [226/400][60/400] lr: 1.22e-04 | MSE loss: 6.2257e-04 | time: 0.173
I 06.01/01:50:44 solver.py:136 ] Epoch: [226/400][80/400] lr: 1.22e-04 | MSE loss: 6.2890e-04 | time: 0.172
I 06.01/01:50:48 solver.py:136 ] Epoch: [226/400][100/400] lr: 1.22e-04 | MSE loss: 6.3548e-04 | time: 0.170
I 06.01/01:50:51 solver.py:136 ] Epoch: [226/400][120/400] lr: 1.22e-04 | MSE loss: 6.3752e-04 | time: 0.170
I 06.01/01:50:54 solver.py:136 ] Epoch: [226/400][140/400] lr: 1.21e-04 | MSE loss: 6.3458e-04 | time: 0.170
I 06.01/01:50:58 solver.py:136 ] Epoch: [226/400][160/400] lr: 1.21e-04 | MSE loss: 6.3421e-04 | time: 0.171
I 06.01/01:51:03 solver.py:136 ] Epoch: [226/400][180/400] lr: 1.21e-04 | MSE loss: 6.3630e-04 | time: 0.178
I 06.01/01:51:07 solver.py:136 ] Epoch: [226/400][200/400] lr: 1.21e-04 | MSE loss: 6.3674e-04 | time: 0.181
I 06.01/01:51:10 solver.py:136 ] Epoch: [226/400][220/400] lr: 1.21e-04 | MSE loss: 6.3595e-04 | time: 0.180
I 06.01/01:51:13 solver.py:136 ] Epoch: [226/400][240/400] lr: 1.21e-04 | MSE loss: 6.3678e-04 | time: 0.177
I 06.01/01:51:16 solver.py:136 ] Epoch: [226/400][260/400] lr: 1.21e-04 | MSE loss: 6.3807e-04 | time: 0.175
I 06.01/01:51:19 solver.py:136 ] Epoch: [226/400][280/400] lr: 1.21e-04 | MSE loss: 6.4019e-04 | time: 0.174
I 06.01/01:51:22 solver.py:136 ] Epoch: [226/400][300/400] lr: 1.21e-04 | MSE loss: 6.4171e-04 | time: 0.172
I 06.01/01:51:25 solver.py:136 ] Epoch: [226/400][320/400] lr: 1.21e-04 | MSE loss: 6.4169e-04 | time: 0.169
I 06.01/01:51:28 solver.py:136 ] Epoch: [226/400][340/400] lr: 1.21e-04 | MSE loss: 6.4330e-04 | time: 0.168
I 06.01/01:51:31 solver.py:136 ] Epoch: [226/400][360/400] lr: 1.21e-04 | MSE loss: 6.4351e-04 | time: 0.166
I 06.01/01:51:34 solver.py:136 ] Epoch: [226/400][380/400] lr: 1.21e-04 | MSE loss: 6.4203e-04 | time: 0.166
I 06.01/01:51:37 solver.py:136 ] Epoch: [226/400][400/400] lr: 1.21e-04 | MSE loss: 6.4147e-04 | time: 0.167
I 06.01/01:51:37 solver.py:146 ] => Train  Loss: 6.4147e-04

I 06.01/01:51:43 solver.py:205 ] 
=! Best NMSE: -2.6756e+01 (epoch=220)

I 06.01/01:51:46 solver.py:136 ] Epoch: [227/400][20/400] lr: 1.21e-04 | MSE loss: 6.2216e-04 | time: 0.162
I 06.01/01:51:50 solver.py:136 ] Epoch: [227/400][40/400] lr: 1.21e-04 | MSE loss: 6.1189e-04 | time: 0.169
I 06.01/01:51:53 solver.py:136 ] Epoch: [227/400][60/400] lr: 1.21e-04 | MSE loss: 6.1939e-04 | time: 0.167
I 06.01/01:51:57 solver.py:136 ] Epoch: [227/400][80/400] lr: 1.21e-04 | MSE loss: 6.1656e-04 | time: 0.172
I 06.01/01:52:00 solver.py:136 ] Epoch: [227/400][100/400] lr: 1.21e-04 | MSE loss: 6.2235e-04 | time: 0.175
I 06.01/01:52:06 solver.py:136 ] Epoch: [227/400][120/400] lr: 1.21e-04 | MSE loss: 6.2311e-04 | time: 0.190
I 06.01/01:52:09 solver.py:136 ] Epoch: [227/400][140/400] lr: 1.21e-04 | MSE loss: 6.2330e-04 | time: 0.189
I 06.01/01:52:13 solver.py:136 ] Epoch: [227/400][160/400] lr: 1.21e-04 | MSE loss: 6.2323e-04 | time: 0.185
I 06.01/01:52:16 solver.py:136 ] Epoch: [227/400][180/400] lr: 1.21e-04 | MSE loss: 6.2304e-04 | time: 0.182
I 06.01/01:52:18 solver.py:136 ] Epoch: [227/400][200/400] lr: 1.21e-04 | MSE loss: 6.2670e-04 | time: 0.177
I 06.01/01:52:21 solver.py:136 ] Epoch: [227/400][220/400] lr: 1.21e-04 | MSE loss: 6.2750e-04 | time: 0.175
I 06.01/01:52:25 solver.py:136 ] Epoch: [227/400][240/400] lr: 1.21e-04 | MSE loss: 6.2867e-04 | time: 0.174
I 06.01/01:52:28 solver.py:136 ] Epoch: [227/400][260/400] lr: 1.21e-04 | MSE loss: 6.2852e-04 | time: 0.174
I 06.01/01:52:31 solver.py:136 ] Epoch: [227/400][280/400] lr: 1.21e-04 | MSE loss: 6.2995e-04 | time: 0.173
I 06.01/01:52:34 solver.py:136 ] Epoch: [227/400][300/400] lr: 1.21e-04 | MSE loss: 6.3139e-04 | time: 0.169
I 06.01/01:52:36 solver.py:136 ] Epoch: [227/400][320/400] lr: 1.21e-04 | MSE loss: 6.3324e-04 | time: 0.166
I 06.01/01:52:40 solver.py:136 ] Epoch: [227/400][340/400] lr: 1.21e-04 | MSE loss: 6.3335e-04 | time: 0.167
I 06.01/01:52:43 solver.py:136 ] Epoch: [227/400][360/400] lr: 1.20e-04 | MSE loss: 6.3373e-04 | time: 0.165
I 06.01/01:52:45 solver.py:136 ] Epoch: [227/400][380/400] lr: 1.20e-04 | MSE loss: 6.3407e-04 | time: 0.164
I 06.01/01:52:49 solver.py:136 ] Epoch: [227/400][400/400] lr: 1.20e-04 | MSE loss: 6.3350e-04 | time: 0.164
I 06.01/01:52:49 solver.py:146 ] => Train  Loss: 6.3350e-04

I 06.01/01:52:53 solver.py:205 ] 
=! Best NMSE: -2.6756e+01 (epoch=220)

I 06.01/01:52:57 solver.py:136 ] Epoch: [228/400][20/400] lr: 1.20e-04 | MSE loss: 6.2096e-04 | time: 0.183
I 06.01/01:53:00 solver.py:136 ] Epoch: [228/400][40/400] lr: 1.20e-04 | MSE loss: 6.1642e-04 | time: 0.177
I 06.01/01:53:05 solver.py:136 ] Epoch: [228/400][60/400] lr: 1.20e-04 | MSE loss: 6.2778e-04 | time: 0.209
I 06.01/01:53:09 solver.py:136 ] Epoch: [228/400][80/400] lr: 1.20e-04 | MSE loss: 6.2759e-04 | time: 0.204
I 06.01/01:53:13 solver.py:136 ] Epoch: [228/400][100/400] lr: 1.20e-04 | MSE loss: 6.2808e-04 | time: 0.203
I 06.01/01:53:16 solver.py:136 ] Epoch: [228/400][120/400] lr: 1.20e-04 | MSE loss: 6.3097e-04 | time: 0.197
I 06.01/01:53:19 solver.py:136 ] Epoch: [228/400][140/400] lr: 1.20e-04 | MSE loss: 6.3050e-04 | time: 0.190
I 06.01/01:53:22 solver.py:136 ] Epoch: [228/400][160/400] lr: 1.20e-04 | MSE loss: 6.3104e-04 | time: 0.185
I 06.01/01:53:26 solver.py:136 ] Epoch: [228/400][180/400] lr: 1.20e-04 | MSE loss: 6.3016e-04 | time: 0.182
I 06.01/01:53:29 solver.py:136 ] Epoch: [228/400][200/400] lr: 1.20e-04 | MSE loss: 6.3118e-04 | time: 0.179
I 06.01/01:53:32 solver.py:136 ] Epoch: [228/400][220/400] lr: 1.20e-04 | MSE loss: 6.2853e-04 | time: 0.176
I 06.01/01:53:35 solver.py:136 ] Epoch: [228/400][240/400] lr: 1.20e-04 | MSE loss: 6.2728e-04 | time: 0.175
I 06.01/01:53:38 solver.py:136 ] Epoch: [228/400][260/400] lr: 1.20e-04 | MSE loss: 6.2777e-04 | time: 0.175
I 06.01/01:53:42 solver.py:136 ] Epoch: [228/400][280/400] lr: 1.20e-04 | MSE loss: 6.2703e-04 | time: 0.174
I 06.01/01:53:45 solver.py:136 ] Epoch: [228/400][300/400] lr: 1.20e-04 | MSE loss: 6.2640e-04 | time: 0.173
I 06.01/01:53:48 solver.py:136 ] Epoch: [228/400][320/400] lr: 1.20e-04 | MSE loss: 6.2772e-04 | time: 0.172
I 06.01/01:53:51 solver.py:136 ] Epoch: [228/400][340/400] lr: 1.20e-04 | MSE loss: 6.2832e-04 | time: 0.172
I 06.01/01:53:54 solver.py:136 ] Epoch: [228/400][360/400] lr: 1.20e-04 | MSE loss: 6.2931e-04 | time: 0.171
I 06.01/01:53:57 solver.py:136 ] Epoch: [228/400][380/400] lr: 1.20e-04 | MSE loss: 6.3016e-04 | time: 0.170
I 06.01/01:54:00 solver.py:136 ] Epoch: [228/400][400/400] lr: 1.20e-04 | MSE loss: 6.2983e-04 | time: 0.168
I 06.01/01:54:00 solver.py:146 ] => Train  Loss: 6.2983e-04

I 06.01/01:54:04 solver.py:205 ] 
=! Best NMSE: -2.6756e+01 (epoch=220)

I 06.01/01:54:08 solver.py:136 ] Epoch: [229/400][20/400] lr: 1.20e-04 | MSE loss: 6.1805e-04 | time: 0.190
I 06.01/01:54:11 solver.py:136 ] Epoch: [229/400][40/400] lr: 1.20e-04 | MSE loss: 6.1180e-04 | time: 0.187
I 06.01/01:54:15 solver.py:136 ] Epoch: [229/400][60/400] lr: 1.20e-04 | MSE loss: 6.1428e-04 | time: 0.184
I 06.01/01:54:19 solver.py:136 ] Epoch: [229/400][80/400] lr: 1.20e-04 | MSE loss: 6.1425e-04 | time: 0.184
I 06.01/01:54:22 solver.py:136 ] Epoch: [229/400][100/400] lr: 1.20e-04 | MSE loss: 6.1994e-04 | time: 0.180
I 06.01/01:54:26 solver.py:136 ] Epoch: [229/400][120/400] lr: 1.20e-04 | MSE loss: 6.2406e-04 | time: 0.180
I 06.01/01:54:29 solver.py:136 ] Epoch: [229/400][140/400] lr: 1.20e-04 | MSE loss: 6.2174e-04 | time: 0.175
I 06.01/01:54:32 solver.py:136 ] Epoch: [229/400][160/400] lr: 1.20e-04 | MSE loss: 6.2169e-04 | time: 0.175
I 06.01/01:54:35 solver.py:136 ] Epoch: [229/400][180/400] lr: 1.19e-04 | MSE loss: 6.2069e-04 | time: 0.174
I 06.01/01:54:39 solver.py:136 ] Epoch: [229/400][200/400] lr: 1.19e-04 | MSE loss: 6.2063e-04 | time: 0.174
I 06.01/01:54:42 solver.py:136 ] Epoch: [229/400][220/400] lr: 1.19e-04 | MSE loss: 6.1995e-04 | time: 0.173
I 06.01/01:54:45 solver.py:136 ] Epoch: [229/400][240/400] lr: 1.19e-04 | MSE loss: 6.2126e-04 | time: 0.172
I 06.01/01:54:48 solver.py:136 ] Epoch: [229/400][260/400] lr: 1.19e-04 | MSE loss: 6.2097e-04 | time: 0.171
I 06.01/01:54:52 solver.py:136 ] Epoch: [229/400][280/400] lr: 1.19e-04 | MSE loss: 6.2037e-04 | time: 0.170
I 06.01/01:54:55 solver.py:136 ] Epoch: [229/400][300/400] lr: 1.19e-04 | MSE loss: 6.2018e-04 | time: 0.169
I 06.01/01:54:58 solver.py:136 ] Epoch: [229/400][320/400] lr: 1.19e-04 | MSE loss: 6.2065e-04 | time: 0.169
I 06.01/01:55:01 solver.py:136 ] Epoch: [229/400][340/400] lr: 1.19e-04 | MSE loss: 6.2124e-04 | time: 0.169
I 06.01/01:55:06 solver.py:136 ] Epoch: [229/400][360/400] lr: 1.19e-04 | MSE loss: 6.2091e-04 | time: 0.173
I 06.01/01:55:09 solver.py:136 ] Epoch: [229/400][380/400] lr: 1.19e-04 | MSE loss: 6.2066e-04 | time: 0.172
I 06.01/01:55:12 solver.py:136 ] Epoch: [229/400][400/400] lr: 1.19e-04 | MSE loss: 6.2227e-04 | time: 0.170
I 06.01/01:55:12 solver.py:146 ] => Train  Loss: 6.2227e-04

I 06.01/01:55:16 solver.py:205 ] 
=! Best NMSE: -2.6756e+01 (epoch=220)

I 06.01/01:55:20 solver.py:136 ] Epoch: [230/400][20/400] lr: 1.19e-04 | MSE loss: 6.0113e-04 | time: 0.202
I 06.01/01:55:23 solver.py:136 ] Epoch: [230/400][40/400] lr: 1.19e-04 | MSE loss: 6.0533e-04 | time: 0.188
I 06.01/01:55:27 solver.py:136 ] Epoch: [230/400][60/400] lr: 1.19e-04 | MSE loss: 6.0740e-04 | time: 0.184
I 06.01/01:55:30 solver.py:136 ] Epoch: [230/400][80/400] lr: 1.19e-04 | MSE loss: 6.1321e-04 | time: 0.176
I 06.01/01:55:33 solver.py:136 ] Epoch: [230/400][100/400] lr: 1.19e-04 | MSE loss: 6.1099e-04 | time: 0.170
I 06.01/01:55:36 solver.py:136 ] Epoch: [230/400][120/400] lr: 1.19e-04 | MSE loss: 6.1347e-04 | time: 0.171
I 06.01/01:55:39 solver.py:136 ] Epoch: [230/400][140/400] lr: 1.19e-04 | MSE loss: 6.1286e-04 | time: 0.167
I 06.01/01:55:42 solver.py:136 ] Epoch: [230/400][160/400] lr: 1.19e-04 | MSE loss: 6.1251e-04 | time: 0.167
I 06.01/01:55:46 solver.py:136 ] Epoch: [230/400][180/400] lr: 1.19e-04 | MSE loss: 6.1394e-04 | time: 0.166
I 06.01/01:55:49 solver.py:136 ] Epoch: [230/400][200/400] lr: 1.19e-04 | MSE loss: 6.1543e-04 | time: 0.166
I 06.01/01:55:52 solver.py:136 ] Epoch: [230/400][220/400] lr: 1.19e-04 | MSE loss: 6.1448e-04 | time: 0.166
I 06.01/01:55:56 solver.py:136 ] Epoch: [230/400][240/400] lr: 1.19e-04 | MSE loss: 6.1492e-04 | time: 0.166
I 06.01/01:55:59 solver.py:136 ] Epoch: [230/400][260/400] lr: 1.19e-04 | MSE loss: 6.1724e-04 | time: 0.167
I 06.01/01:56:04 solver.py:136 ] Epoch: [230/400][280/400] lr: 1.19e-04 | MSE loss: 6.1998e-04 | time: 0.173
I 06.01/01:56:07 solver.py:136 ] Epoch: [230/400][300/400] lr: 1.19e-04 | MSE loss: 6.2275e-04 | time: 0.172
I 06.01/01:56:10 solver.py:136 ] Epoch: [230/400][320/400] lr: 1.19e-04 | MSE loss: 6.2517e-04 | time: 0.171
I 06.01/01:56:13 solver.py:136 ] Epoch: [230/400][340/400] lr: 1.19e-04 | MSE loss: 6.2495e-04 | time: 0.170
I 06.01/01:56:17 solver.py:136 ] Epoch: [230/400][360/400] lr: 1.19e-04 | MSE loss: 6.2581e-04 | time: 0.170
I 06.01/01:56:20 solver.py:136 ] Epoch: [230/400][380/400] lr: 1.18e-04 | MSE loss: 6.2573e-04 | time: 0.169
I 06.01/01:56:23 solver.py:136 ] Epoch: [230/400][400/400] lr: 1.18e-04 | MSE loss: 6.2695e-04 | time: 0.169
I 06.01/01:56:23 solver.py:146 ] => Train  Loss: 6.2695e-04

I 06.01/01:56:27 solver.py:136 ] Epoch: [230/400][20/50] lr: 1.18e-04 | MSE loss: 9.8852e-04 | time: 0.163
I 06.01/01:56:30 solver.py:136 ] Epoch: [230/400][40/50] lr: 1.18e-04 | MSE loss: 1.0090e-03 | time: 0.157
I 06.01/01:56:31 solver.py:146 ] => Val  Loss: 1.0002e-03

I 06.01/01:56:34 solver.py:287 ] [20/50] loss: 1.0263e-03 | NMSE: -2.6911e+01 | time: 0.140
I 06.01/01:56:37 solver.py:287 ] [40/50] loss: 1.0291e-03 | NMSE: -2.6912e+01 | time: 0.141
I 06.01/01:56:38 solver.py:291 ] => Test NMSE: -2.6893e+01

I 06.01/01:56:46 solver.py:205 ] 
=! Best NMSE: -2.6893e+01 (epoch=230)

I 06.01/01:56:50 solver.py:136 ] Epoch: [231/400][20/400] lr: 1.18e-04 | MSE loss: 6.1254e-04 | time: 0.172
I 06.01/01:56:52 solver.py:136 ] Epoch: [231/400][40/400] lr: 1.18e-04 | MSE loss: 6.1262e-04 | time: 0.153
I 06.01/01:56:56 solver.py:136 ] Epoch: [231/400][60/400] lr: 1.18e-04 | MSE loss: 6.1128e-04 | time: 0.159
I 06.01/01:56:59 solver.py:136 ] Epoch: [231/400][80/400] lr: 1.18e-04 | MSE loss: 6.1413e-04 | time: 0.162
I 06.01/01:57:04 solver.py:136 ] Epoch: [231/400][100/400] lr: 1.18e-04 | MSE loss: 6.1345e-04 | time: 0.182
I 06.01/01:57:08 solver.py:136 ] Epoch: [231/400][120/400] lr: 1.18e-04 | MSE loss: 6.0848e-04 | time: 0.186
I 06.01/01:57:12 solver.py:136 ] Epoch: [231/400][140/400] lr: 1.18e-04 | MSE loss: 6.0620e-04 | time: 0.183
I 06.01/01:57:15 solver.py:136 ] Epoch: [231/400][160/400] lr: 1.18e-04 | MSE loss: 6.0765e-04 | time: 0.180
I 06.01/01:57:18 solver.py:136 ] Epoch: [231/400][180/400] lr: 1.18e-04 | MSE loss: 6.1045e-04 | time: 0.179
I 06.01/01:57:21 solver.py:136 ] Epoch: [231/400][200/400] lr: 1.18e-04 | MSE loss: 6.1251e-04 | time: 0.176
I 06.01/01:57:25 solver.py:136 ] Epoch: [231/400][220/400] lr: 1.18e-04 | MSE loss: 6.1307e-04 | time: 0.174
I 06.01/01:57:28 solver.py:136 ] Epoch: [231/400][240/400] lr: 1.18e-04 | MSE loss: 6.1542e-04 | time: 0.174
I 06.01/01:57:31 solver.py:136 ] Epoch: [231/400][260/400] lr: 1.18e-04 | MSE loss: 6.1475e-04 | time: 0.172
I 06.01/01:57:34 solver.py:136 ] Epoch: [231/400][280/400] lr: 1.18e-04 | MSE loss: 6.1499e-04 | time: 0.170
I 06.01/01:57:37 solver.py:136 ] Epoch: [231/400][300/400] lr: 1.18e-04 | MSE loss: 6.1529e-04 | time: 0.170
I 06.01/01:57:40 solver.py:136 ] Epoch: [231/400][320/400] lr: 1.18e-04 | MSE loss: 6.1646e-04 | time: 0.169
I 06.01/01:57:43 solver.py:136 ] Epoch: [231/400][340/400] lr: 1.18e-04 | MSE loss: 6.1727e-04 | time: 0.166
I 06.01/01:57:45 solver.py:136 ] Epoch: [231/400][360/400] lr: 1.18e-04 | MSE loss: 6.1667e-04 | time: 0.164
I 06.01/01:57:48 solver.py:136 ] Epoch: [231/400][380/400] lr: 1.18e-04 | MSE loss: 6.1704e-04 | time: 0.163
I 06.01/01:57:52 solver.py:136 ] Epoch: [231/400][400/400] lr: 1.18e-04 | MSE loss: 6.1834e-04 | time: 0.164
I 06.01/01:57:52 solver.py:146 ] => Train  Loss: 6.1834e-04

I 06.01/01:57:56 solver.py:205 ] 
=! Best NMSE: -2.6893e+01 (epoch=230)

I 06.01/01:58:00 solver.py:136 ] Epoch: [232/400][20/400] lr: 1.18e-04 | MSE loss: 5.9287e-04 | time: 0.152
I 06.01/01:58:05 solver.py:136 ] Epoch: [232/400][40/400] lr: 1.18e-04 | MSE loss: 6.0385e-04 | time: 0.223
I 06.01/01:58:09 solver.py:136 ] Epoch: [232/400][60/400] lr: 1.18e-04 | MSE loss: 6.1122e-04 | time: 0.208
I 06.01/01:58:12 solver.py:136 ] Epoch: [232/400][80/400] lr: 1.18e-04 | MSE loss: 6.0741e-04 | time: 0.198
I 06.01/01:58:16 solver.py:136 ] Epoch: [232/400][100/400] lr: 1.18e-04 | MSE loss: 6.0981e-04 | time: 0.193
I 06.01/01:58:19 solver.py:136 ] Epoch: [232/400][120/400] lr: 1.18e-04 | MSE loss: 6.1321e-04 | time: 0.185
I 06.01/01:58:22 solver.py:136 ] Epoch: [232/400][140/400] lr: 1.18e-04 | MSE loss: 6.1173e-04 | time: 0.181
I 06.01/01:58:25 solver.py:136 ] Epoch: [232/400][160/400] lr: 1.18e-04 | MSE loss: 6.1455e-04 | time: 0.178
I 06.01/01:58:28 solver.py:136 ] Epoch: [232/400][180/400] lr: 1.18e-04 | MSE loss: 6.1727e-04 | time: 0.174
I 06.01/01:58:31 solver.py:136 ] Epoch: [232/400][200/400] lr: 1.17e-04 | MSE loss: 6.1493e-04 | time: 0.172
I 06.01/01:58:34 solver.py:136 ] Epoch: [232/400][220/400] lr: 1.17e-04 | MSE loss: 6.1472e-04 | time: 0.170
I 06.01/01:58:37 solver.py:136 ] Epoch: [232/400][240/400] lr: 1.17e-04 | MSE loss: 6.1582e-04 | time: 0.170
I 06.01/01:58:40 solver.py:136 ] Epoch: [232/400][260/400] lr: 1.17e-04 | MSE loss: 6.1500e-04 | time: 0.168
I 06.01/01:58:43 solver.py:136 ] Epoch: [232/400][280/400] lr: 1.17e-04 | MSE loss: 6.1607e-04 | time: 0.167
I 06.01/01:58:47 solver.py:136 ] Epoch: [232/400][300/400] lr: 1.17e-04 | MSE loss: 6.1603e-04 | time: 0.167
I 06.01/01:58:50 solver.py:136 ] Epoch: [232/400][320/400] lr: 1.17e-04 | MSE loss: 6.1563e-04 | time: 0.167
I 06.01/01:58:53 solver.py:136 ] Epoch: [232/400][340/400] lr: 1.17e-04 | MSE loss: 6.1608e-04 | time: 0.165
I 06.01/01:58:56 solver.py:136 ] Epoch: [232/400][360/400] lr: 1.17e-04 | MSE loss: 6.1799e-04 | time: 0.165
I 06.01/01:58:59 solver.py:136 ] Epoch: [232/400][380/400] lr: 1.17e-04 | MSE loss: 6.1791e-04 | time: 0.165
I 06.01/01:59:04 solver.py:136 ] Epoch: [232/400][400/400] lr: 1.17e-04 | MSE loss: 6.1887e-04 | time: 0.170
I 06.01/01:59:04 solver.py:146 ] => Train  Loss: 6.1887e-04

I 06.01/01:59:08 solver.py:205 ] 
=! Best NMSE: -2.6893e+01 (epoch=230)

I 06.01/01:59:11 solver.py:136 ] Epoch: [233/400][20/400] lr: 1.17e-04 | MSE loss: 6.0960e-04 | time: 0.183
I 06.01/01:59:15 solver.py:136 ] Epoch: [233/400][40/400] lr: 1.17e-04 | MSE loss: 6.0138e-04 | time: 0.174
I 06.01/01:59:18 solver.py:136 ] Epoch: [233/400][60/400] lr: 1.17e-04 | MSE loss: 6.0847e-04 | time: 0.168
I 06.01/01:59:21 solver.py:136 ] Epoch: [233/400][80/400] lr: 1.17e-04 | MSE loss: 6.0755e-04 | time: 0.167
I 06.01/01:59:24 solver.py:136 ] Epoch: [233/400][100/400] lr: 1.17e-04 | MSE loss: 6.1272e-04 | time: 0.164
I 06.01/01:59:28 solver.py:136 ] Epoch: [233/400][120/400] lr: 1.17e-04 | MSE loss: 6.1681e-04 | time: 0.167
I 06.01/01:59:31 solver.py:136 ] Epoch: [233/400][140/400] lr: 1.17e-04 | MSE loss: 6.1799e-04 | time: 0.169
I 06.01/01:59:35 solver.py:136 ] Epoch: [233/400][160/400] lr: 1.17e-04 | MSE loss: 6.1600e-04 | time: 0.170
I 06.01/01:59:38 solver.py:136 ] Epoch: [233/400][180/400] lr: 1.17e-04 | MSE loss: 6.1629e-04 | time: 0.168
I 06.01/01:59:41 solver.py:136 ] Epoch: [233/400][200/400] lr: 1.17e-04 | MSE loss: 6.1573e-04 | time: 0.166
I 06.01/01:59:44 solver.py:136 ] Epoch: [233/400][220/400] lr: 1.17e-04 | MSE loss: 6.1620e-04 | time: 0.164
I 06.01/01:59:47 solver.py:136 ] Epoch: [233/400][240/400] lr: 1.17e-04 | MSE loss: 6.1805e-04 | time: 0.164
I 06.01/01:59:49 solver.py:136 ] Epoch: [233/400][260/400] lr: 1.17e-04 | MSE loss: 6.1901e-04 | time: 0.161
I 06.01/01:59:52 solver.py:136 ] Epoch: [233/400][280/400] lr: 1.17e-04 | MSE loss: 6.1908e-04 | time: 0.160
I 06.01/01:59:56 solver.py:136 ] Epoch: [233/400][300/400] lr: 1.17e-04 | MSE loss: 6.1911e-04 | time: 0.160
I 06.01/01:59:59 solver.py:136 ] Epoch: [233/400][320/400] lr: 1.17e-04 | MSE loss: 6.1920e-04 | time: 0.160
I 06.01/02:00:04 solver.py:136 ] Epoch: [233/400][340/400] lr: 1.17e-04 | MSE loss: 6.1928e-04 | time: 0.165
I 06.01/02:00:08 solver.py:136 ] Epoch: [233/400][360/400] lr: 1.17e-04 | MSE loss: 6.1894e-04 | time: 0.167
I 06.01/02:00:11 solver.py:136 ] Epoch: [233/400][380/400] lr: 1.17e-04 | MSE loss: 6.1685e-04 | time: 0.167
I 06.01/02:00:14 solver.py:136 ] Epoch: [233/400][400/400] lr: 1.17e-04 | MSE loss: 6.1696e-04 | time: 0.167
I 06.01/02:00:14 solver.py:146 ] => Train  Loss: 6.1696e-04

I 06.01/02:00:19 solver.py:205 ] 
=! Best NMSE: -2.6893e+01 (epoch=230)

I 06.01/02:00:22 solver.py:136 ] Epoch: [234/400][20/400] lr: 1.16e-04 | MSE loss: 5.9337e-04 | time: 0.165
I 06.01/02:00:25 solver.py:136 ] Epoch: [234/400][40/400] lr: 1.16e-04 | MSE loss: 5.8878e-04 | time: 0.170
I 06.01/02:00:29 solver.py:136 ] Epoch: [234/400][60/400] lr: 1.16e-04 | MSE loss: 6.0126e-04 | time: 0.171
I 06.01/02:00:32 solver.py:136 ] Epoch: [234/400][80/400] lr: 1.16e-04 | MSE loss: 6.1419e-04 | time: 0.172
I 06.01/02:00:36 solver.py:136 ] Epoch: [234/400][100/400] lr: 1.16e-04 | MSE loss: 6.2090e-04 | time: 0.169
I 06.01/02:00:39 solver.py:136 ] Epoch: [234/400][120/400] lr: 1.16e-04 | MSE loss: 6.1738e-04 | time: 0.167
I 06.01/02:00:42 solver.py:136 ] Epoch: [234/400][140/400] lr: 1.16e-04 | MSE loss: 6.1325e-04 | time: 0.167
I 06.01/02:00:45 solver.py:136 ] Epoch: [234/400][160/400] lr: 1.16e-04 | MSE loss: 6.1553e-04 | time: 0.167
I 06.01/02:00:48 solver.py:136 ] Epoch: [234/400][180/400] lr: 1.16e-04 | MSE loss: 6.1695e-04 | time: 0.166
I 06.01/02:00:52 solver.py:136 ] Epoch: [234/400][200/400] lr: 1.16e-04 | MSE loss: 6.2049e-04 | time: 0.166
I 06.01/02:00:55 solver.py:136 ] Epoch: [234/400][220/400] lr: 1.16e-04 | MSE loss: 6.2141e-04 | time: 0.164
I 06.01/02:00:57 solver.py:136 ] Epoch: [234/400][240/400] lr: 1.16e-04 | MSE loss: 6.2011e-04 | time: 0.162
I 06.01/02:01:00 solver.py:136 ] Epoch: [234/400][260/400] lr: 1.16e-04 | MSE loss: 6.1885e-04 | time: 0.158
I 06.01/02:01:03 solver.py:136 ] Epoch: [234/400][280/400] lr: 1.16e-04 | MSE loss: 6.1809e-04 | time: 0.158
I 06.01/02:01:06 solver.py:136 ] Epoch: [234/400][300/400] lr: 1.16e-04 | MSE loss: 6.1759e-04 | time: 0.157
I 06.01/02:01:08 solver.py:136 ] Epoch: [234/400][320/400] lr: 1.16e-04 | MSE loss: 6.1762e-04 | time: 0.153
I 06.01/02:01:11 solver.py:136 ] Epoch: [234/400][340/400] lr: 1.16e-04 | MSE loss: 6.1519e-04 | time: 0.154
I 06.01/02:01:15 solver.py:136 ] Epoch: [234/400][360/400] lr: 1.16e-04 | MSE loss: 6.1492e-04 | time: 0.156
I 06.01/02:01:18 solver.py:136 ] Epoch: [234/400][380/400] lr: 1.16e-04 | MSE loss: 6.1549e-04 | time: 0.156
I 06.01/02:01:22 solver.py:136 ] Epoch: [234/400][400/400] lr: 1.16e-04 | MSE loss: 6.1517e-04 | time: 0.157
I 06.01/02:01:22 solver.py:146 ] => Train  Loss: 6.1517e-04

I 06.01/02:01:25 solver.py:205 ] 
=! Best NMSE: -2.6893e+01 (epoch=230)

I 06.01/02:01:28 solver.py:136 ] Epoch: [235/400][20/400] lr: 1.16e-04 | MSE loss: 6.0531e-04 | time: 0.164
I 06.01/02:01:32 solver.py:136 ] Epoch: [235/400][40/400] lr: 1.16e-04 | MSE loss: 6.0484e-04 | time: 0.166
I 06.01/02:01:35 solver.py:136 ] Epoch: [235/400][60/400] lr: 1.16e-04 | MSE loss: 6.0142e-04 | time: 0.169
I 06.01/02:01:39 solver.py:136 ] Epoch: [235/400][80/400] lr: 1.16e-04 | MSE loss: 6.0782e-04 | time: 0.172
I 06.01/02:01:43 solver.py:136 ] Epoch: [235/400][100/400] lr: 1.16e-04 | MSE loss: 6.0637e-04 | time: 0.172
I 06.01/02:01:46 solver.py:136 ] Epoch: [235/400][120/400] lr: 1.16e-04 | MSE loss: 6.0477e-04 | time: 0.175
I 06.01/02:01:49 solver.py:136 ] Epoch: [235/400][140/400] lr: 1.16e-04 | MSE loss: 6.0398e-04 | time: 0.172
I 06.01/02:01:52 solver.py:136 ] Epoch: [235/400][160/400] lr: 1.16e-04 | MSE loss: 6.0270e-04 | time: 0.169
I 06.01/02:01:56 solver.py:136 ] Epoch: [235/400][180/400] lr: 1.16e-04 | MSE loss: 6.0318e-04 | time: 0.169
I 06.01/02:01:59 solver.py:136 ] Epoch: [235/400][200/400] lr: 1.16e-04 | MSE loss: 6.0473e-04 | time: 0.168
I 06.01/02:02:03 solver.py:136 ] Epoch: [235/400][220/400] lr: 1.16e-04 | MSE loss: 6.0800e-04 | time: 0.175
I 06.01/02:02:07 solver.py:136 ] Epoch: [235/400][240/400] lr: 1.15e-04 | MSE loss: 6.0710e-04 | time: 0.176
I 06.01/02:02:10 solver.py:136 ] Epoch: [235/400][260/400] lr: 1.15e-04 | MSE loss: 6.0520e-04 | time: 0.174
I 06.01/02:02:14 solver.py:136 ] Epoch: [235/400][280/400] lr: 1.15e-04 | MSE loss: 6.0667e-04 | time: 0.173
I 06.01/02:02:17 solver.py:136 ] Epoch: [235/400][300/400] lr: 1.15e-04 | MSE loss: 6.0670e-04 | time: 0.172
I 06.01/02:02:20 solver.py:136 ] Epoch: [235/400][320/400] lr: 1.15e-04 | MSE loss: 6.0712e-04 | time: 0.171
I 06.01/02:02:23 solver.py:136 ] Epoch: [235/400][340/400] lr: 1.15e-04 | MSE loss: 6.0765e-04 | time: 0.170
I 06.01/02:02:26 solver.py:136 ] Epoch: [235/400][360/400] lr: 1.15e-04 | MSE loss: 6.0681e-04 | time: 0.169
I 06.01/02:02:29 solver.py:136 ] Epoch: [235/400][380/400] lr: 1.15e-04 | MSE loss: 6.0629e-04 | time: 0.169
I 06.01/02:02:32 solver.py:136 ] Epoch: [235/400][400/400] lr: 1.15e-04 | MSE loss: 6.0663e-04 | time: 0.168
I 06.01/02:02:32 solver.py:146 ] => Train  Loss: 6.0663e-04

I 06.01/02:02:36 solver.py:205 ] 
=! Best NMSE: -2.6893e+01 (epoch=230)

I 06.01/02:02:39 solver.py:136 ] Epoch: [236/400][20/400] lr: 1.15e-04 | MSE loss: 6.1094e-04 | time: 0.176
I 06.01/02:02:43 solver.py:136 ] Epoch: [236/400][40/400] lr: 1.15e-04 | MSE loss: 6.0931e-04 | time: 0.172
I 06.01/02:02:46 solver.py:136 ] Epoch: [236/400][60/400] lr: 1.15e-04 | MSE loss: 6.0104e-04 | time: 0.178
I 06.01/02:02:50 solver.py:136 ] Epoch: [236/400][80/400] lr: 1.15e-04 | MSE loss: 6.0355e-04 | time: 0.182
I 06.01/02:02:53 solver.py:136 ] Epoch: [236/400][100/400] lr: 1.15e-04 | MSE loss: 5.9930e-04 | time: 0.178
I 06.01/02:02:57 solver.py:136 ] Epoch: [236/400][120/400] lr: 1.15e-04 | MSE loss: 6.0047e-04 | time: 0.176
I 06.01/02:03:00 solver.py:136 ] Epoch: [236/400][140/400] lr: 1.15e-04 | MSE loss: 6.0209e-04 | time: 0.175
I 06.01/02:03:06 solver.py:136 ] Epoch: [236/400][160/400] lr: 1.15e-04 | MSE loss: 6.0144e-04 | time: 0.187
I 06.01/02:03:09 solver.py:136 ] Epoch: [236/400][180/400] lr: 1.15e-04 | MSE loss: 5.9959e-04 | time: 0.187
I 06.01/02:03:13 solver.py:136 ] Epoch: [236/400][200/400] lr: 1.15e-04 | MSE loss: 6.0049e-04 | time: 0.187
I 06.01/02:03:17 solver.py:136 ] Epoch: [236/400][220/400] lr: 1.15e-04 | MSE loss: 6.0286e-04 | time: 0.186
I 06.01/02:03:20 solver.py:136 ] Epoch: [236/400][240/400] lr: 1.15e-04 | MSE loss: 6.0352e-04 | time: 0.184
I 06.01/02:03:23 solver.py:136 ] Epoch: [236/400][260/400] lr: 1.15e-04 | MSE loss: 6.0509e-04 | time: 0.180
I 06.01/02:03:25 solver.py:136 ] Epoch: [236/400][280/400] lr: 1.15e-04 | MSE loss: 6.0431e-04 | time: 0.177
I 06.01/02:03:28 solver.py:136 ] Epoch: [236/400][300/400] lr: 1.15e-04 | MSE loss: 6.0430e-04 | time: 0.173
I 06.01/02:03:31 solver.py:136 ] Epoch: [236/400][320/400] lr: 1.15e-04 | MSE loss: 6.0437e-04 | time: 0.173
I 06.01/02:03:35 solver.py:136 ] Epoch: [236/400][340/400] lr: 1.15e-04 | MSE loss: 6.0478e-04 | time: 0.173
I 06.01/02:03:38 solver.py:136 ] Epoch: [236/400][360/400] lr: 1.15e-04 | MSE loss: 6.0347e-04 | time: 0.173
I 06.01/02:03:41 solver.py:136 ] Epoch: [236/400][380/400] lr: 1.15e-04 | MSE loss: 6.0306e-04 | time: 0.172
I 06.01/02:03:44 solver.py:136 ] Epoch: [236/400][400/400] lr: 1.15e-04 | MSE loss: 6.0273e-04 | time: 0.171
I 06.01/02:03:44 solver.py:146 ] => Train  Loss: 6.0273e-04

I 06.01/02:03:48 solver.py:205 ] 
=! Best NMSE: -2.6893e+01 (epoch=230)

I 06.01/02:03:51 solver.py:136 ] Epoch: [237/400][20/400] lr: 1.15e-04 | MSE loss: 6.0556e-04 | time: 0.183
I 06.01/02:03:55 solver.py:136 ] Epoch: [237/400][40/400] lr: 1.14e-04 | MSE loss: 6.2523e-04 | time: 0.177
I 06.01/02:03:59 solver.py:136 ] Epoch: [237/400][60/400] lr: 1.14e-04 | MSE loss: 6.2268e-04 | time: 0.182
I 06.01/02:04:04 solver.py:136 ] Epoch: [237/400][80/400] lr: 1.14e-04 | MSE loss: 6.1663e-04 | time: 0.206
I 06.01/02:04:08 solver.py:136 ] Epoch: [237/400][100/400] lr: 1.14e-04 | MSE loss: 6.1280e-04 | time: 0.201
I 06.01/02:04:11 solver.py:136 ] Epoch: [237/400][120/400] lr: 1.14e-04 | MSE loss: 6.0757e-04 | time: 0.194
I 06.01/02:04:14 solver.py:136 ] Epoch: [237/400][140/400] lr: 1.14e-04 | MSE loss: 6.1121e-04 | time: 0.189
I 06.01/02:04:18 solver.py:136 ] Epoch: [237/400][160/400] lr: 1.14e-04 | MSE loss: 6.0849e-04 | time: 0.187
I 06.01/02:04:21 solver.py:136 ] Epoch: [237/400][180/400] lr: 1.14e-04 | MSE loss: 6.0482e-04 | time: 0.184
I 06.01/02:04:24 solver.py:136 ] Epoch: [237/400][200/400] lr: 1.14e-04 | MSE loss: 6.0234e-04 | time: 0.181
I 06.01/02:04:27 solver.py:136 ] Epoch: [237/400][220/400] lr: 1.14e-04 | MSE loss: 6.0202e-04 | time: 0.179
I 06.01/02:04:31 solver.py:136 ] Epoch: [237/400][240/400] lr: 1.14e-04 | MSE loss: 6.0257e-04 | time: 0.178
I 06.01/02:04:34 solver.py:136 ] Epoch: [237/400][260/400] lr: 1.14e-04 | MSE loss: 6.0279e-04 | time: 0.177
I 06.01/02:04:37 solver.py:136 ] Epoch: [237/400][280/400] lr: 1.14e-04 | MSE loss: 6.0343e-04 | time: 0.176
I 06.01/02:04:40 solver.py:136 ] Epoch: [237/400][300/400] lr: 1.14e-04 | MSE loss: 6.0308e-04 | time: 0.173
I 06.01/02:04:43 solver.py:136 ] Epoch: [237/400][320/400] lr: 1.14e-04 | MSE loss: 6.0363e-04 | time: 0.172
I 06.01/02:04:46 solver.py:136 ] Epoch: [237/400][340/400] lr: 1.14e-04 | MSE loss: 6.0409e-04 | time: 0.172
I 06.01/02:04:49 solver.py:136 ] Epoch: [237/400][360/400] lr: 1.14e-04 | MSE loss: 6.0430e-04 | time: 0.170
I 06.01/02:04:52 solver.py:136 ] Epoch: [237/400][380/400] lr: 1.14e-04 | MSE loss: 6.0542e-04 | time: 0.169
I 06.01/02:04:56 solver.py:136 ] Epoch: [237/400][400/400] lr: 1.14e-04 | MSE loss: 6.0521e-04 | time: 0.170
I 06.01/02:04:56 solver.py:146 ] => Train  Loss: 6.0521e-04

I 06.01/02:04:59 solver.py:205 ] 
=! Best NMSE: -2.6893e+01 (epoch=230)

I 06.01/02:05:05 solver.py:136 ] Epoch: [238/400][20/400] lr: 1.14e-04 | MSE loss: 5.8483e-04 | time: 0.301
I 06.01/02:05:09 solver.py:136 ] Epoch: [238/400][40/400] lr: 1.14e-04 | MSE loss: 5.7001e-04 | time: 0.240
I 06.01/02:05:12 solver.py:136 ] Epoch: [238/400][60/400] lr: 1.14e-04 | MSE loss: 5.7506e-04 | time: 0.213
I 06.01/02:05:15 solver.py:136 ] Epoch: [238/400][80/400] lr: 1.14e-04 | MSE loss: 5.8635e-04 | time: 0.197
I 06.01/02:05:18 solver.py:136 ] Epoch: [238/400][100/400] lr: 1.14e-04 | MSE loss: 5.8514e-04 | time: 0.190
I 06.01/02:05:21 solver.py:136 ] Epoch: [238/400][120/400] lr: 1.14e-04 | MSE loss: 5.8394e-04 | time: 0.184
I 06.01/02:05:24 solver.py:136 ] Epoch: [238/400][140/400] lr: 1.14e-04 | MSE loss: 5.8652e-04 | time: 0.178
I 06.01/02:05:28 solver.py:136 ] Epoch: [238/400][160/400] lr: 1.14e-04 | MSE loss: 5.8901e-04 | time: 0.177
I 06.01/02:05:31 solver.py:136 ] Epoch: [238/400][180/400] lr: 1.14e-04 | MSE loss: 5.9112e-04 | time: 0.175
I 06.01/02:05:34 solver.py:136 ] Epoch: [238/400][200/400] lr: 1.14e-04 | MSE loss: 5.9247e-04 | time: 0.173
I 06.01/02:05:38 solver.py:136 ] Epoch: [238/400][220/400] lr: 1.14e-04 | MSE loss: 5.9516e-04 | time: 0.173
I 06.01/02:05:41 solver.py:136 ] Epoch: [238/400][240/400] lr: 1.14e-04 | MSE loss: 5.9716e-04 | time: 0.174
I 06.01/02:05:44 solver.py:136 ] Epoch: [238/400][260/400] lr: 1.13e-04 | MSE loss: 5.9823e-04 | time: 0.172
I 06.01/02:05:47 solver.py:136 ] Epoch: [238/400][280/400] lr: 1.13e-04 | MSE loss: 5.9920e-04 | time: 0.171
I 06.01/02:05:50 solver.py:136 ] Epoch: [238/400][300/400] lr: 1.13e-04 | MSE loss: 6.0108e-04 | time: 0.169
I 06.01/02:05:53 solver.py:136 ] Epoch: [238/400][320/400] lr: 1.13e-04 | MSE loss: 6.0338e-04 | time: 0.167
I 06.01/02:05:56 solver.py:136 ] Epoch: [238/400][340/400] lr: 1.13e-04 | MSE loss: 6.0456e-04 | time: 0.166
I 06.01/02:05:59 solver.py:136 ] Epoch: [238/400][360/400] lr: 1.13e-04 | MSE loss: 6.0468e-04 | time: 0.164
I 06.01/02:06:03 solver.py:136 ] Epoch: [238/400][380/400] lr: 1.13e-04 | MSE loss: 6.0456e-04 | time: 0.167
I 06.01/02:06:07 solver.py:136 ] Epoch: [238/400][400/400] lr: 1.13e-04 | MSE loss: 6.0574e-04 | time: 0.169
I 06.01/02:06:07 solver.py:146 ] => Train  Loss: 6.0574e-04

I 06.01/02:06:12 solver.py:205 ] 
=! Best NMSE: -2.6893e+01 (epoch=230)

I 06.01/02:06:16 solver.py:136 ] Epoch: [239/400][20/400] lr: 1.13e-04 | MSE loss: 5.9684e-04 | time: 0.193
I 06.01/02:06:20 solver.py:136 ] Epoch: [239/400][40/400] lr: 1.13e-04 | MSE loss: 5.8692e-04 | time: 0.173
I 06.01/02:06:23 solver.py:136 ] Epoch: [239/400][60/400] lr: 1.13e-04 | MSE loss: 5.9292e-04 | time: 0.169
I 06.01/02:06:26 solver.py:136 ] Epoch: [239/400][80/400] lr: 1.13e-04 | MSE loss: 5.8846e-04 | time: 0.166
I 06.01/02:06:29 solver.py:136 ] Epoch: [239/400][100/400] lr: 1.13e-04 | MSE loss: 5.9483e-04 | time: 0.168
I 06.01/02:06:32 solver.py:136 ] Epoch: [239/400][120/400] lr: 1.13e-04 | MSE loss: 5.9617e-04 | time: 0.165
I 06.01/02:06:36 solver.py:136 ] Epoch: [239/400][140/400] lr: 1.13e-04 | MSE loss: 5.9833e-04 | time: 0.165
I 06.01/02:06:39 solver.py:136 ] Epoch: [239/400][160/400] lr: 1.13e-04 | MSE loss: 5.9935e-04 | time: 0.168
I 06.01/02:06:43 solver.py:136 ] Epoch: [239/400][180/400] lr: 1.13e-04 | MSE loss: 6.0099e-04 | time: 0.168
I 06.01/02:06:46 solver.py:136 ] Epoch: [239/400][200/400] lr: 1.13e-04 | MSE loss: 5.9985e-04 | time: 0.167
I 06.01/02:06:49 solver.py:136 ] Epoch: [239/400][220/400] lr: 1.13e-04 | MSE loss: 6.0090e-04 | time: 0.167
I 06.01/02:06:53 solver.py:136 ] Epoch: [239/400][240/400] lr: 1.13e-04 | MSE loss: 6.0093e-04 | time: 0.167
I 06.01/02:06:56 solver.py:136 ] Epoch: [239/400][260/400] lr: 1.13e-04 | MSE loss: 6.0034e-04 | time: 0.168
I 06.01/02:07:00 solver.py:136 ] Epoch: [239/400][280/400] lr: 1.13e-04 | MSE loss: 6.0069e-04 | time: 0.169
I 06.01/02:07:05 solver.py:136 ] Epoch: [239/400][300/400] lr: 1.13e-04 | MSE loss: 6.0261e-04 | time: 0.175
I 06.01/02:07:08 solver.py:136 ] Epoch: [239/400][320/400] lr: 1.13e-04 | MSE loss: 6.0270e-04 | time: 0.173
I 06.01/02:07:11 solver.py:136 ] Epoch: [239/400][340/400] lr: 1.13e-04 | MSE loss: 6.0251e-04 | time: 0.172
I 06.01/02:07:14 solver.py:136 ] Epoch: [239/400][360/400] lr: 1.13e-04 | MSE loss: 6.0249e-04 | time: 0.171
I 06.01/02:07:18 solver.py:136 ] Epoch: [239/400][380/400] lr: 1.13e-04 | MSE loss: 6.0187e-04 | time: 0.171
I 06.01/02:07:21 solver.py:136 ] Epoch: [239/400][400/400] lr: 1.13e-04 | MSE loss: 6.0122e-04 | time: 0.171
I 06.01/02:07:21 solver.py:146 ] => Train  Loss: 6.0122e-04

I 06.01/02:07:27 solver.py:205 ] 
=! Best NMSE: -2.6893e+01 (epoch=230)

I 06.01/02:07:31 solver.py:136 ] Epoch: [240/400][20/400] lr: 1.13e-04 | MSE loss: 5.6262e-04 | time: 0.192
I 06.01/02:07:34 solver.py:136 ] Epoch: [240/400][40/400] lr: 1.13e-04 | MSE loss: 5.7342e-04 | time: 0.181
I 06.01/02:07:38 solver.py:136 ] Epoch: [240/400][60/400] lr: 1.13e-04 | MSE loss: 5.7836e-04 | time: 0.185
I 06.01/02:07:41 solver.py:136 ] Epoch: [240/400][80/400] lr: 1.12e-04 | MSE loss: 5.8023e-04 | time: 0.177
I 06.01/02:07:45 solver.py:136 ] Epoch: [240/400][100/400] lr: 1.12e-04 | MSE loss: 5.8386e-04 | time: 0.175
I 06.01/02:07:48 solver.py:136 ] Epoch: [240/400][120/400] lr: 1.12e-04 | MSE loss: 5.8843e-04 | time: 0.171
I 06.01/02:07:51 solver.py:136 ] Epoch: [240/400][140/400] lr: 1.12e-04 | MSE loss: 5.8825e-04 | time: 0.168
I 06.01/02:07:54 solver.py:136 ] Epoch: [240/400][160/400] lr: 1.12e-04 | MSE loss: 5.8886e-04 | time: 0.168
I 06.01/02:07:57 solver.py:136 ] Epoch: [240/400][180/400] lr: 1.12e-04 | MSE loss: 5.8888e-04 | time: 0.167
I 06.01/02:08:00 solver.py:136 ] Epoch: [240/400][200/400] lr: 1.12e-04 | MSE loss: 5.9112e-04 | time: 0.166
I 06.01/02:08:05 solver.py:136 ] Epoch: [240/400][220/400] lr: 1.12e-04 | MSE loss: 5.9147e-04 | time: 0.173
I 06.01/02:08:08 solver.py:136 ] Epoch: [240/400][240/400] lr: 1.12e-04 | MSE loss: 5.9384e-04 | time: 0.170
I 06.01/02:08:11 solver.py:136 ] Epoch: [240/400][260/400] lr: 1.12e-04 | MSE loss: 5.9434e-04 | time: 0.170
I 06.01/02:08:14 solver.py:136 ] Epoch: [240/400][280/400] lr: 1.12e-04 | MSE loss: 5.9402e-04 | time: 0.167
I 06.01/02:08:17 solver.py:136 ] Epoch: [240/400][300/400] lr: 1.12e-04 | MSE loss: 5.9493e-04 | time: 0.167
I 06.01/02:08:20 solver.py:136 ] Epoch: [240/400][320/400] lr: 1.12e-04 | MSE loss: 5.9760e-04 | time: 0.166
I 06.01/02:08:23 solver.py:136 ] Epoch: [240/400][340/400] lr: 1.12e-04 | MSE loss: 5.9772e-04 | time: 0.165
I 06.01/02:08:27 solver.py:136 ] Epoch: [240/400][360/400] lr: 1.12e-04 | MSE loss: 5.9785e-04 | time: 0.166
I 06.01/02:08:30 solver.py:136 ] Epoch: [240/400][380/400] lr: 1.12e-04 | MSE loss: 5.9742e-04 | time: 0.167
I 06.01/02:08:34 solver.py:136 ] Epoch: [240/400][400/400] lr: 1.12e-04 | MSE loss: 5.9716e-04 | time: 0.167
I 06.01/02:08:34 solver.py:146 ] => Train  Loss: 5.9716e-04

I 06.01/02:08:38 solver.py:136 ] Epoch: [240/400][20/50] lr: 1.12e-04 | MSE loss: 9.5840e-04 | time: 0.175
I 06.01/02:08:41 solver.py:136 ] Epoch: [240/400][40/50] lr: 1.12e-04 | MSE loss: 9.7888e-04 | time: 0.174
I 06.01/02:08:43 solver.py:146 ] => Val  Loss: 9.6987e-04

I 06.01/02:08:46 solver.py:287 ] [20/50] loss: 9.9019e-04 | NMSE: -2.7067e+01 | time: 0.144
I 06.01/02:08:49 solver.py:287 ] [40/50] loss: 9.9449e-04 | NMSE: -2.7063e+01 | time: 0.142
I 06.01/02:08:50 solver.py:291 ] => Test NMSE: -2.7037e+01

I 06.01/02:08:58 solver.py:205 ] 
=! Best NMSE: -2.7037e+01 (epoch=240)

I 06.01/02:09:01 solver.py:136 ] Epoch: [241/400][20/400] lr: 1.12e-04 | MSE loss: 5.8051e-04 | time: 0.188
I 06.01/02:09:07 solver.py:136 ] Epoch: [241/400][40/400] lr: 1.12e-04 | MSE loss: 5.8848e-04 | time: 0.222
I 06.01/02:09:10 solver.py:136 ] Epoch: [241/400][60/400] lr: 1.12e-04 | MSE loss: 5.7892e-04 | time: 0.199
I 06.01/02:09:13 solver.py:136 ] Epoch: [241/400][80/400] lr: 1.12e-04 | MSE loss: 5.8441e-04 | time: 0.187
I 06.01/02:09:16 solver.py:136 ] Epoch: [241/400][100/400] lr: 1.12e-04 | MSE loss: 5.8206e-04 | time: 0.185
I 06.01/02:09:19 solver.py:136 ] Epoch: [241/400][120/400] lr: 1.12e-04 | MSE loss: 5.8184e-04 | time: 0.181
I 06.01/02:09:23 solver.py:136 ] Epoch: [241/400][140/400] lr: 1.12e-04 | MSE loss: 5.8168e-04 | time: 0.180
I 06.01/02:09:26 solver.py:136 ] Epoch: [241/400][160/400] lr: 1.12e-04 | MSE loss: 5.7996e-04 | time: 0.178
I 06.01/02:09:29 solver.py:136 ] Epoch: [241/400][180/400] lr: 1.12e-04 | MSE loss: 5.8228e-04 | time: 0.174
I 06.01/02:09:32 solver.py:136 ] Epoch: [241/400][200/400] lr: 1.12e-04 | MSE loss: 5.8425e-04 | time: 0.170
I 06.01/02:09:36 solver.py:136 ] Epoch: [241/400][220/400] lr: 1.12e-04 | MSE loss: 5.8533e-04 | time: 0.172
I 06.01/02:09:39 solver.py:136 ] Epoch: [241/400][240/400] lr: 1.12e-04 | MSE loss: 5.8654e-04 | time: 0.172
I 06.01/02:09:42 solver.py:136 ] Epoch: [241/400][260/400] lr: 1.12e-04 | MSE loss: 5.8969e-04 | time: 0.171
I 06.01/02:09:45 solver.py:136 ] Epoch: [241/400][280/400] lr: 1.12e-04 | MSE loss: 5.8863e-04 | time: 0.170
I 06.01/02:09:48 solver.py:136 ] Epoch: [241/400][300/400] lr: 1.11e-04 | MSE loss: 5.8816e-04 | time: 0.169
I 06.01/02:09:52 solver.py:136 ] Epoch: [241/400][320/400] lr: 1.11e-04 | MSE loss: 5.8940e-04 | time: 0.169
I 06.01/02:09:55 solver.py:136 ] Epoch: [241/400][340/400] lr: 1.11e-04 | MSE loss: 5.8957e-04 | time: 0.169
I 06.01/02:09:58 solver.py:136 ] Epoch: [241/400][360/400] lr: 1.11e-04 | MSE loss: 5.9058e-04 | time: 0.169
I 06.01/02:10:02 solver.py:136 ] Epoch: [241/400][380/400] lr: 1.11e-04 | MSE loss: 5.9024e-04 | time: 0.170
I 06.01/02:10:07 solver.py:136 ] Epoch: [241/400][400/400] lr: 1.11e-04 | MSE loss: 5.9108e-04 | time: 0.173
I 06.01/02:10:07 solver.py:146 ] => Train  Loss: 5.9108e-04

I 06.01/02:10:11 solver.py:205 ] 
=! Best NMSE: -2.7037e+01 (epoch=240)

I 06.01/02:10:15 solver.py:136 ] Epoch: [242/400][20/400] lr: 1.11e-04 | MSE loss: 6.0172e-04 | time: 0.176
I 06.01/02:10:18 solver.py:136 ] Epoch: [242/400][40/400] lr: 1.11e-04 | MSE loss: 6.0240e-04 | time: 0.167
I 06.01/02:10:21 solver.py:136 ] Epoch: [242/400][60/400] lr: 1.11e-04 | MSE loss: 6.0255e-04 | time: 0.167
I 06.01/02:10:24 solver.py:136 ] Epoch: [242/400][80/400] lr: 1.11e-04 | MSE loss: 6.0634e-04 | time: 0.161
I 06.01/02:10:28 solver.py:136 ] Epoch: [242/400][100/400] lr: 1.11e-04 | MSE loss: 6.0465e-04 | time: 0.162
I 06.01/02:10:31 solver.py:136 ] Epoch: [242/400][120/400] lr: 1.11e-04 | MSE loss: 6.0190e-04 | time: 0.165
I 06.01/02:10:35 solver.py:136 ] Epoch: [242/400][140/400] lr: 1.11e-04 | MSE loss: 6.0005e-04 | time: 0.167
I 06.01/02:10:38 solver.py:136 ] Epoch: [242/400][160/400] lr: 1.11e-04 | MSE loss: 5.9996e-04 | time: 0.170
I 06.01/02:10:41 solver.py:136 ] Epoch: [242/400][180/400] lr: 1.11e-04 | MSE loss: 5.9793e-04 | time: 0.167
I 06.01/02:10:45 solver.py:136 ] Epoch: [242/400][200/400] lr: 1.11e-04 | MSE loss: 5.9643e-04 | time: 0.168
I 06.01/02:10:50 solver.py:136 ] Epoch: [242/400][220/400] lr: 1.11e-04 | MSE loss: 5.9528e-04 | time: 0.173
I 06.01/02:10:54 solver.py:136 ] Epoch: [242/400][240/400] lr: 1.11e-04 | MSE loss: 5.9382e-04 | time: 0.176
I 06.01/02:10:58 solver.py:136 ] Epoch: [242/400][260/400] lr: 1.11e-04 | MSE loss: 5.9544e-04 | time: 0.178
I 06.01/02:11:02 solver.py:136 ] Epoch: [242/400][280/400] lr: 1.11e-04 | MSE loss: 5.9555e-04 | time: 0.180
I 06.01/02:11:07 solver.py:136 ] Epoch: [242/400][300/400] lr: 1.11e-04 | MSE loss: 5.9435e-04 | time: 0.184
I 06.01/02:11:10 solver.py:136 ] Epoch: [242/400][320/400] lr: 1.11e-04 | MSE loss: 5.9244e-04 | time: 0.184
I 06.01/02:11:13 solver.py:136 ] Epoch: [242/400][340/400] lr: 1.11e-04 | MSE loss: 5.9271e-04 | time: 0.182
I 06.01/02:11:16 solver.py:136 ] Epoch: [242/400][360/400] lr: 1.11e-04 | MSE loss: 5.9184e-04 | time: 0.179
I 06.01/02:11:18 solver.py:136 ] Epoch: [242/400][380/400] lr: 1.11e-04 | MSE loss: 5.9097e-04 | time: 0.176
I 06.01/02:11:22 solver.py:136 ] Epoch: [242/400][400/400] lr: 1.11e-04 | MSE loss: 5.9117e-04 | time: 0.176
I 06.01/02:11:22 solver.py:146 ] => Train  Loss: 5.9117e-04

I 06.01/02:11:26 solver.py:205 ] 
=! Best NMSE: -2.7037e+01 (epoch=240)

I 06.01/02:11:30 solver.py:136 ] Epoch: [243/400][20/400] lr: 1.11e-04 | MSE loss: 5.6632e-04 | time: 0.161
I 06.01/02:11:33 solver.py:136 ] Epoch: [243/400][40/400] lr: 1.11e-04 | MSE loss: 5.6821e-04 | time: 0.162
I 06.01/02:11:37 solver.py:136 ] Epoch: [243/400][60/400] lr: 1.11e-04 | MSE loss: 5.8106e-04 | time: 0.166
I 06.01/02:11:40 solver.py:136 ] Epoch: [243/400][80/400] lr: 1.11e-04 | MSE loss: 5.8561e-04 | time: 0.168
I 06.01/02:11:43 solver.py:136 ] Epoch: [243/400][100/400] lr: 1.11e-04 | MSE loss: 5.8747e-04 | time: 0.170
I 06.01/02:11:47 solver.py:136 ] Epoch: [243/400][120/400] lr: 1.10e-04 | MSE loss: 5.8702e-04 | time: 0.167
I 06.01/02:11:50 solver.py:136 ] Epoch: [243/400][140/400] lr: 1.10e-04 | MSE loss: 5.9311e-04 | time: 0.168
I 06.01/02:11:54 solver.py:136 ] Epoch: [243/400][160/400] lr: 1.10e-04 | MSE loss: 5.9421e-04 | time: 0.170
I 06.01/02:11:57 solver.py:136 ] Epoch: [243/400][180/400] lr: 1.10e-04 | MSE loss: 5.9377e-04 | time: 0.170
I 06.01/02:12:01 solver.py:136 ] Epoch: [243/400][200/400] lr: 1.10e-04 | MSE loss: 5.9233e-04 | time: 0.171
I 06.01/02:12:07 solver.py:136 ] Epoch: [243/400][220/400] lr: 1.10e-04 | MSE loss: 5.9280e-04 | time: 0.185
I 06.01/02:12:10 solver.py:136 ] Epoch: [243/400][240/400] lr: 1.10e-04 | MSE loss: 5.9331e-04 | time: 0.183
I 06.01/02:12:14 solver.py:136 ] Epoch: [243/400][260/400] lr: 1.10e-04 | MSE loss: 5.9166e-04 | time: 0.182
I 06.01/02:12:17 solver.py:136 ] Epoch: [243/400][280/400] lr: 1.10e-04 | MSE loss: 5.9086e-04 | time: 0.181
I 06.01/02:12:21 solver.py:136 ] Epoch: [243/400][300/400] lr: 1.10e-04 | MSE loss: 5.8888e-04 | time: 0.182
I 06.01/02:12:24 solver.py:136 ] Epoch: [243/400][320/400] lr: 1.10e-04 | MSE loss: 5.8824e-04 | time: 0.180
I 06.01/02:12:27 solver.py:136 ] Epoch: [243/400][340/400] lr: 1.10e-04 | MSE loss: 5.8758e-04 | time: 0.179
I 06.01/02:12:31 solver.py:136 ] Epoch: [243/400][360/400] lr: 1.10e-04 | MSE loss: 5.8741e-04 | time: 0.179
I 06.01/02:12:35 solver.py:136 ] Epoch: [243/400][380/400] lr: 1.10e-04 | MSE loss: 5.8609e-04 | time: 0.180
I 06.01/02:12:39 solver.py:136 ] Epoch: [243/400][400/400] lr: 1.10e-04 | MSE loss: 5.8782e-04 | time: 0.182
I 06.01/02:12:39 solver.py:146 ] => Train  Loss: 5.8782e-04

I 06.01/02:12:43 solver.py:205 ] 
=! Best NMSE: -2.7037e+01 (epoch=240)

I 06.01/02:12:47 solver.py:136 ] Epoch: [244/400][20/400] lr: 1.10e-04 | MSE loss: 5.6640e-04 | time: 0.215
I 06.01/02:12:51 solver.py:136 ] Epoch: [244/400][40/400] lr: 1.10e-04 | MSE loss: 5.6795e-04 | time: 0.207
I 06.01/02:12:55 solver.py:136 ] Epoch: [244/400][60/400] lr: 1.10e-04 | MSE loss: 5.6448e-04 | time: 0.204
I 06.01/02:13:00 solver.py:136 ] Epoch: [244/400][80/400] lr: 1.10e-04 | MSE loss: 5.6428e-04 | time: 0.211
I 06.01/02:13:06 solver.py:136 ] Epoch: [244/400][100/400] lr: 1.10e-04 | MSE loss: 5.6660e-04 | time: 0.230
I 06.01/02:13:10 solver.py:136 ] Epoch: [244/400][120/400] lr: 1.10e-04 | MSE loss: 5.6986e-04 | time: 0.226
I 06.01/02:13:14 solver.py:136 ] Epoch: [244/400][140/400] lr: 1.10e-04 | MSE loss: 5.6979e-04 | time: 0.222
I 06.01/02:13:17 solver.py:136 ] Epoch: [244/400][160/400] lr: 1.10e-04 | MSE loss: 5.7189e-04 | time: 0.215
I 06.01/02:13:21 solver.py:136 ] Epoch: [244/400][180/400] lr: 1.10e-04 | MSE loss: 5.7402e-04 | time: 0.209
I 06.01/02:13:24 solver.py:136 ] Epoch: [244/400][200/400] lr: 1.10e-04 | MSE loss: 5.7978e-04 | time: 0.205
I 06.01/02:13:27 solver.py:136 ] Epoch: [244/400][220/400] lr: 1.10e-04 | MSE loss: 5.8274e-04 | time: 0.200
I 06.01/02:13:30 solver.py:136 ] Epoch: [244/400][240/400] lr: 1.10e-04 | MSE loss: 5.8379e-04 | time: 0.198
I 06.01/02:13:34 solver.py:136 ] Epoch: [244/400][260/400] lr: 1.10e-04 | MSE loss: 5.8660e-04 | time: 0.196
I 06.01/02:13:38 solver.py:136 ] Epoch: [244/400][280/400] lr: 1.10e-04 | MSE loss: 5.8741e-04 | time: 0.195
I 06.01/02:13:41 solver.py:136 ] Epoch: [244/400][300/400] lr: 1.10e-04 | MSE loss: 5.8801e-04 | time: 0.193
I 06.01/02:13:44 solver.py:136 ] Epoch: [244/400][320/400] lr: 1.10e-04 | MSE loss: 5.8816e-04 | time: 0.191
I 06.01/02:13:47 solver.py:136 ] Epoch: [244/400][340/400] lr: 1.10e-04 | MSE loss: 5.8665e-04 | time: 0.189
I 06.01/02:13:51 solver.py:136 ] Epoch: [244/400][360/400] lr: 1.09e-04 | MSE loss: 5.8660e-04 | time: 0.188
I 06.01/02:13:54 solver.py:136 ] Epoch: [244/400][380/400] lr: 1.09e-04 | MSE loss: 5.8631e-04 | time: 0.187
I 06.01/02:13:57 solver.py:136 ] Epoch: [244/400][400/400] lr: 1.09e-04 | MSE loss: 5.8675e-04 | time: 0.186
I 06.01/02:13:57 solver.py:146 ] => Train  Loss: 5.8675e-04

I 06.01/02:14:03 solver.py:205 ] 
=! Best NMSE: -2.7037e+01 (epoch=240)

I 06.01/02:14:08 solver.py:136 ] Epoch: [245/400][20/400] lr: 1.09e-04 | MSE loss: 5.5423e-04 | time: 0.210
I 06.01/02:14:11 solver.py:136 ] Epoch: [245/400][40/400] lr: 1.09e-04 | MSE loss: 5.6911e-04 | time: 0.179
I 06.01/02:14:14 solver.py:136 ] Epoch: [245/400][60/400] lr: 1.09e-04 | MSE loss: 5.6779e-04 | time: 0.177
I 06.01/02:14:18 solver.py:136 ] Epoch: [245/400][80/400] lr: 1.09e-04 | MSE loss: 5.7223e-04 | time: 0.187
I 06.01/02:14:23 solver.py:136 ] Epoch: [245/400][100/400] lr: 1.09e-04 | MSE loss: 5.7155e-04 | time: 0.191
I 06.01/02:14:27 solver.py:136 ] Epoch: [245/400][120/400] lr: 1.09e-04 | MSE loss: 5.7620e-04 | time: 0.194
I 06.01/02:14:30 solver.py:136 ] Epoch: [245/400][140/400] lr: 1.09e-04 | MSE loss: 5.7517e-04 | time: 0.192
I 06.01/02:14:35 solver.py:136 ] Epoch: [245/400][160/400] lr: 1.09e-04 | MSE loss: 5.7732e-04 | time: 0.198
I 06.01/02:14:40 solver.py:136 ] Epoch: [245/400][180/400] lr: 1.09e-04 | MSE loss: 5.7726e-04 | time: 0.203
I 06.01/02:14:44 solver.py:136 ] Epoch: [245/400][200/400] lr: 1.09e-04 | MSE loss: 5.7766e-04 | time: 0.205
I 06.01/02:14:49 solver.py:136 ] Epoch: [245/400][220/400] lr: 1.09e-04 | MSE loss: 5.7696e-04 | time: 0.208
I 06.01/02:14:53 solver.py:136 ] Epoch: [245/400][240/400] lr: 1.09e-04 | MSE loss: 5.7641e-04 | time: 0.206
I 06.01/02:14:56 solver.py:136 ] Epoch: [245/400][260/400] lr: 1.09e-04 | MSE loss: 5.7705e-04 | time: 0.204
I 06.01/02:15:00 solver.py:136 ] Epoch: [245/400][280/400] lr: 1.09e-04 | MSE loss: 5.8071e-04 | time: 0.201
I 06.01/02:15:05 solver.py:136 ] Epoch: [245/400][300/400] lr: 1.09e-04 | MSE loss: 5.8000e-04 | time: 0.205
I 06.01/02:15:08 solver.py:136 ] Epoch: [245/400][320/400] lr: 1.09e-04 | MSE loss: 5.7930e-04 | time: 0.202
I 06.01/02:15:10 solver.py:136 ] Epoch: [245/400][340/400] lr: 1.09e-04 | MSE loss: 5.8065e-04 | time: 0.197
I 06.01/02:15:14 solver.py:136 ] Epoch: [245/400][360/400] lr: 1.09e-04 | MSE loss: 5.8145e-04 | time: 0.195
I 06.01/02:15:17 solver.py:136 ] Epoch: [245/400][380/400] lr: 1.09e-04 | MSE loss: 5.8214e-04 | time: 0.195
I 06.01/02:15:21 solver.py:136 ] Epoch: [245/400][400/400] lr: 1.09e-04 | MSE loss: 5.8241e-04 | time: 0.193
I 06.01/02:15:21 solver.py:146 ] => Train  Loss: 5.8241e-04

I 06.01/02:15:25 solver.py:205 ] 
=! Best NMSE: -2.7037e+01 (epoch=240)

I 06.01/02:15:29 solver.py:136 ] Epoch: [246/400][20/400] lr: 1.09e-04 | MSE loss: 5.8615e-04 | time: 0.171
I 06.01/02:15:32 solver.py:136 ] Epoch: [246/400][40/400] lr: 1.09e-04 | MSE loss: 5.8222e-04 | time: 0.151
I 06.01/02:15:35 solver.py:136 ] Epoch: [246/400][60/400] lr: 1.09e-04 | MSE loss: 5.8012e-04 | time: 0.156
I 06.01/02:15:38 solver.py:136 ] Epoch: [246/400][80/400] lr: 1.09e-04 | MSE loss: 5.7796e-04 | time: 0.159
I 06.01/02:15:41 solver.py:136 ] Epoch: [246/400][100/400] lr: 1.09e-04 | MSE loss: 5.7350e-04 | time: 0.160
I 06.01/02:15:44 solver.py:136 ] Epoch: [246/400][120/400] lr: 1.09e-04 | MSE loss: 5.7164e-04 | time: 0.158
I 06.01/02:15:47 solver.py:136 ] Epoch: [246/400][140/400] lr: 1.09e-04 | MSE loss: 5.7189e-04 | time: 0.159
I 06.01/02:15:51 solver.py:136 ] Epoch: [246/400][160/400] lr: 1.09e-04 | MSE loss: 5.7207e-04 | time: 0.161
I 06.01/02:15:55 solver.py:136 ] Epoch: [246/400][180/400] lr: 1.08e-04 | MSE loss: 5.7353e-04 | time: 0.164
I 06.01/02:15:59 solver.py:136 ] Epoch: [246/400][200/400] lr: 1.08e-04 | MSE loss: 5.7483e-04 | time: 0.171
I 06.01/02:16:05 solver.py:136 ] Epoch: [246/400][220/400] lr: 1.08e-04 | MSE loss: 5.7444e-04 | time: 0.183
I 06.01/02:16:09 solver.py:136 ] Epoch: [246/400][240/400] lr: 1.08e-04 | MSE loss: 5.7440e-04 | time: 0.184
I 06.01/02:16:14 solver.py:136 ] Epoch: [246/400][260/400] lr: 1.08e-04 | MSE loss: 5.7448e-04 | time: 0.188
I 06.01/02:16:18 solver.py:136 ] Epoch: [246/400][280/400] lr: 1.08e-04 | MSE loss: 5.7427e-04 | time: 0.190
I 06.01/02:16:23 solver.py:136 ] Epoch: [246/400][300/400] lr: 1.08e-04 | MSE loss: 5.7326e-04 | time: 0.191
I 06.01/02:16:28 solver.py:136 ] Epoch: [246/400][320/400] lr: 1.08e-04 | MSE loss: 5.7383e-04 | time: 0.196
I 06.01/02:16:33 solver.py:136 ] Epoch: [246/400][340/400] lr: 1.08e-04 | MSE loss: 5.7386e-04 | time: 0.198
I 06.01/02:16:36 solver.py:136 ] Epoch: [246/400][360/400] lr: 1.08e-04 | MSE loss: 5.7415e-04 | time: 0.198
I 06.01/02:16:40 solver.py:136 ] Epoch: [246/400][380/400] lr: 1.08e-04 | MSE loss: 5.7537e-04 | time: 0.196
I 06.01/02:16:43 solver.py:136 ] Epoch: [246/400][400/400] lr: 1.08e-04 | MSE loss: 5.7648e-04 | time: 0.194
I 06.01/02:16:43 solver.py:146 ] => Train  Loss: 5.7648e-04

I 06.01/02:16:48 solver.py:205 ] 
=! Best NMSE: -2.7037e+01 (epoch=240)

I 06.01/02:16:52 solver.py:136 ] Epoch: [247/400][20/400] lr: 1.08e-04 | MSE loss: 5.8673e-04 | time: 0.151
I 06.01/02:16:54 solver.py:136 ] Epoch: [247/400][40/400] lr: 1.08e-04 | MSE loss: 5.8327e-04 | time: 0.139
I 06.01/02:16:57 solver.py:136 ] Epoch: [247/400][60/400] lr: 1.08e-04 | MSE loss: 5.6962e-04 | time: 0.144
I 06.01/02:17:01 solver.py:136 ] Epoch: [247/400][80/400] lr: 1.08e-04 | MSE loss: 5.6999e-04 | time: 0.154
I 06.01/02:17:06 solver.py:136 ] Epoch: [247/400][100/400] lr: 1.08e-04 | MSE loss: 5.7349e-04 | time: 0.172
I 06.01/02:17:09 solver.py:136 ] Epoch: [247/400][120/400] lr: 1.08e-04 | MSE loss: 5.7819e-04 | time: 0.174
I 06.01/02:17:12 solver.py:136 ] Epoch: [247/400][140/400] lr: 1.08e-04 | MSE loss: 5.7860e-04 | time: 0.170
I 06.01/02:17:15 solver.py:136 ] Epoch: [247/400][160/400] lr: 1.08e-04 | MSE loss: 5.7604e-04 | time: 0.169
I 06.01/02:17:18 solver.py:136 ] Epoch: [247/400][180/400] lr: 1.08e-04 | MSE loss: 5.7743e-04 | time: 0.166
I 06.01/02:17:21 solver.py:136 ] Epoch: [247/400][200/400] lr: 1.08e-04 | MSE loss: 5.7870e-04 | time: 0.163
I 06.01/02:17:24 solver.py:136 ] Epoch: [247/400][220/400] lr: 1.08e-04 | MSE loss: 5.7818e-04 | time: 0.161
I 06.01/02:17:27 solver.py:136 ] Epoch: [247/400][240/400] lr: 1.08e-04 | MSE loss: 5.7864e-04 | time: 0.162
I 06.01/02:17:31 solver.py:136 ] Epoch: [247/400][260/400] lr: 1.08e-04 | MSE loss: 5.7934e-04 | time: 0.163
I 06.01/02:17:35 solver.py:136 ] Epoch: [247/400][280/400] lr: 1.08e-04 | MSE loss: 5.8031e-04 | time: 0.165
I 06.01/02:17:38 solver.py:136 ] Epoch: [247/400][300/400] lr: 1.08e-04 | MSE loss: 5.7979e-04 | time: 0.167
I 06.01/02:17:42 solver.py:136 ] Epoch: [247/400][320/400] lr: 1.08e-04 | MSE loss: 5.7928e-04 | time: 0.167
I 06.01/02:17:46 solver.py:136 ] Epoch: [247/400][340/400] lr: 1.08e-04 | MSE loss: 5.8028e-04 | time: 0.168
I 06.01/02:17:49 solver.py:136 ] Epoch: [247/400][360/400] lr: 1.08e-04 | MSE loss: 5.8064e-04 | time: 0.169
I 06.01/02:17:53 solver.py:136 ] Epoch: [247/400][380/400] lr: 1.08e-04 | MSE loss: 5.8040e-04 | time: 0.170
I 06.01/02:17:58 solver.py:136 ] Epoch: [247/400][400/400] lr: 1.07e-04 | MSE loss: 5.8095e-04 | time: 0.173
I 06.01/02:17:58 solver.py:146 ] => Train  Loss: 5.8095e-04

I 06.01/02:18:02 solver.py:205 ] 
=! Best NMSE: -2.7037e+01 (epoch=240)

I 06.01/02:18:08 solver.py:136 ] Epoch: [248/400][20/400] lr: 1.07e-04 | MSE loss: 5.8437e-04 | time: 0.296
I 06.01/02:18:12 solver.py:136 ] Epoch: [248/400][40/400] lr: 1.07e-04 | MSE loss: 5.7197e-04 | time: 0.242
I 06.01/02:18:16 solver.py:136 ] Epoch: [248/400][60/400] lr: 1.07e-04 | MSE loss: 5.6638e-04 | time: 0.224
I 06.01/02:18:20 solver.py:136 ] Epoch: [248/400][80/400] lr: 1.07e-04 | MSE loss: 5.6882e-04 | time: 0.224
I 06.01/02:18:24 solver.py:136 ] Epoch: [248/400][100/400] lr: 1.07e-04 | MSE loss: 5.6608e-04 | time: 0.220
I 06.01/02:18:29 solver.py:136 ] Epoch: [248/400][120/400] lr: 1.07e-04 | MSE loss: 5.6886e-04 | time: 0.226
I 06.01/02:18:32 solver.py:136 ] Epoch: [248/400][140/400] lr: 1.07e-04 | MSE loss: 5.7309e-04 | time: 0.217
I 06.01/02:18:36 solver.py:136 ] Epoch: [248/400][160/400] lr: 1.07e-04 | MSE loss: 5.7366e-04 | time: 0.210
I 06.01/02:18:39 solver.py:136 ] Epoch: [248/400][180/400] lr: 1.07e-04 | MSE loss: 5.7577e-04 | time: 0.205
I 06.01/02:18:42 solver.py:136 ] Epoch: [248/400][200/400] lr: 1.07e-04 | MSE loss: 5.7398e-04 | time: 0.202
I 06.01/02:18:46 solver.py:136 ] Epoch: [248/400][220/400] lr: 1.07e-04 | MSE loss: 5.7348e-04 | time: 0.199
I 06.01/02:18:49 solver.py:136 ] Epoch: [248/400][240/400] lr: 1.07e-04 | MSE loss: 5.7431e-04 | time: 0.197
I 06.01/02:18:53 solver.py:136 ] Epoch: [248/400][260/400] lr: 1.07e-04 | MSE loss: 5.7360e-04 | time: 0.196
I 06.01/02:18:56 solver.py:136 ] Epoch: [248/400][280/400] lr: 1.07e-04 | MSE loss: 5.7477e-04 | time: 0.194
I 06.01/02:19:00 solver.py:136 ] Epoch: [248/400][300/400] lr: 1.07e-04 | MSE loss: 5.7384e-04 | time: 0.192
I 06.01/02:19:05 solver.py:136 ] Epoch: [248/400][320/400] lr: 1.07e-04 | MSE loss: 5.7422e-04 | time: 0.196
I 06.01/02:19:08 solver.py:136 ] Epoch: [248/400][340/400] lr: 1.07e-04 | MSE loss: 5.7409e-04 | time: 0.193
I 06.01/02:19:10 solver.py:136 ] Epoch: [248/400][360/400] lr: 1.07e-04 | MSE loss: 5.7416e-04 | time: 0.189
I 06.01/02:19:14 solver.py:136 ] Epoch: [248/400][380/400] lr: 1.07e-04 | MSE loss: 5.7444e-04 | time: 0.189
I 06.01/02:19:18 solver.py:136 ] Epoch: [248/400][400/400] lr: 1.07e-04 | MSE loss: 5.7570e-04 | time: 0.190
I 06.01/02:19:18 solver.py:146 ] => Train  Loss: 5.7570e-04

I 06.01/02:19:22 solver.py:205 ] 
=! Best NMSE: -2.7037e+01 (epoch=240)

I 06.01/02:19:26 solver.py:136 ] Epoch: [249/400][20/400] lr: 1.07e-04 | MSE loss: 5.4640e-04 | time: 0.212
I 06.01/02:19:30 solver.py:136 ] Epoch: [249/400][40/400] lr: 1.07e-04 | MSE loss: 5.4052e-04 | time: 0.216
I 06.01/02:19:34 solver.py:136 ] Epoch: [249/400][60/400] lr: 1.07e-04 | MSE loss: 5.5229e-04 | time: 0.208
I 06.01/02:19:38 solver.py:136 ] Epoch: [249/400][80/400] lr: 1.07e-04 | MSE loss: 5.6140e-04 | time: 0.205
I 06.01/02:19:43 solver.py:136 ] Epoch: [249/400][100/400] lr: 1.07e-04 | MSE loss: 5.6288e-04 | time: 0.213
I 06.01/02:19:46 solver.py:136 ] Epoch: [249/400][120/400] lr: 1.07e-04 | MSE loss: 5.6270e-04 | time: 0.206
I 06.01/02:19:50 solver.py:136 ] Epoch: [249/400][140/400] lr: 1.07e-04 | MSE loss: 5.6760e-04 | time: 0.199
I 06.01/02:19:53 solver.py:136 ] Epoch: [249/400][160/400] lr: 1.07e-04 | MSE loss: 5.7081e-04 | time: 0.193
I 06.01/02:19:56 solver.py:136 ] Epoch: [249/400][180/400] lr: 1.07e-04 | MSE loss: 5.7129e-04 | time: 0.189
I 06.01/02:19:58 solver.py:136 ] Epoch: [249/400][200/400] lr: 1.07e-04 | MSE loss: 5.7167e-04 | time: 0.184
I 06.01/02:20:02 solver.py:136 ] Epoch: [249/400][220/400] lr: 1.07e-04 | MSE loss: 5.6983e-04 | time: 0.183
I 06.01/02:20:06 solver.py:136 ] Epoch: [249/400][240/400] lr: 1.06e-04 | MSE loss: 5.7009e-04 | time: 0.186
I 06.01/02:20:10 solver.py:136 ] Epoch: [249/400][260/400] lr: 1.06e-04 | MSE loss: 5.7164e-04 | time: 0.185
I 06.01/02:20:13 solver.py:136 ] Epoch: [249/400][280/400] lr: 1.06e-04 | MSE loss: 5.7255e-04 | time: 0.182
I 06.01/02:20:15 solver.py:136 ] Epoch: [249/400][300/400] lr: 1.06e-04 | MSE loss: 5.7225e-04 | time: 0.179
I 06.01/02:20:18 solver.py:136 ] Epoch: [249/400][320/400] lr: 1.06e-04 | MSE loss: 5.7344e-04 | time: 0.177
I 06.01/02:20:22 solver.py:136 ] Epoch: [249/400][340/400] lr: 1.06e-04 | MSE loss: 5.7407e-04 | time: 0.176
I 06.01/02:20:25 solver.py:136 ] Epoch: [249/400][360/400] lr: 1.06e-04 | MSE loss: 5.7378e-04 | time: 0.176
I 06.01/02:20:29 solver.py:136 ] Epoch: [249/400][380/400] lr: 1.06e-04 | MSE loss: 5.7368e-04 | time: 0.176
I 06.01/02:20:32 solver.py:136 ] Epoch: [249/400][400/400] lr: 1.06e-04 | MSE loss: 5.7297e-04 | time: 0.176
I 06.01/02:20:32 solver.py:146 ] => Train  Loss: 5.7297e-04

I 06.01/02:20:37 solver.py:205 ] 
=! Best NMSE: -2.7037e+01 (epoch=240)

I 06.01/02:20:40 solver.py:136 ] Epoch: [250/400][20/400] lr: 1.06e-04 | MSE loss: 5.7413e-04 | time: 0.162
I 06.01/02:20:45 solver.py:136 ] Epoch: [250/400][40/400] lr: 1.06e-04 | MSE loss: 5.4987e-04 | time: 0.184
I 06.01/02:20:49 solver.py:136 ] Epoch: [250/400][60/400] lr: 1.06e-04 | MSE loss: 5.5010e-04 | time: 0.195
I 06.01/02:20:53 solver.py:136 ] Epoch: [250/400][80/400] lr: 1.06e-04 | MSE loss: 5.5808e-04 | time: 0.196
I 06.01/02:20:57 solver.py:136 ] Epoch: [250/400][100/400] lr: 1.06e-04 | MSE loss: 5.5826e-04 | time: 0.196
I 06.01/02:21:01 solver.py:136 ] Epoch: [250/400][120/400] lr: 1.06e-04 | MSE loss: 5.5474e-04 | time: 0.195
I 06.01/02:21:06 solver.py:136 ] Epoch: [250/400][140/400] lr: 1.06e-04 | MSE loss: 5.5531e-04 | time: 0.208
I 06.01/02:21:11 solver.py:136 ] Epoch: [250/400][160/400] lr: 1.06e-04 | MSE loss: 5.5779e-04 | time: 0.211
I 06.01/02:21:15 solver.py:136 ] Epoch: [250/400][180/400] lr: 1.06e-04 | MSE loss: 5.5871e-04 | time: 0.210
I 06.01/02:21:19 solver.py:136 ] Epoch: [250/400][200/400] lr: 1.06e-04 | MSE loss: 5.5766e-04 | time: 0.208
I 06.01/02:21:23 solver.py:136 ] Epoch: [250/400][220/400] lr: 1.06e-04 | MSE loss: 5.5672e-04 | time: 0.209
I 06.01/02:21:27 solver.py:136 ] Epoch: [250/400][240/400] lr: 1.06e-04 | MSE loss: 5.5720e-04 | time: 0.206
I 06.01/02:21:29 solver.py:136 ] Epoch: [250/400][260/400] lr: 1.06e-04 | MSE loss: 5.6008e-04 | time: 0.200
I 06.01/02:21:32 solver.py:136 ] Epoch: [250/400][280/400] lr: 1.06e-04 | MSE loss: 5.6140e-04 | time: 0.195
I 06.01/02:21:35 solver.py:136 ] Epoch: [250/400][300/400] lr: 1.06e-04 | MSE loss: 5.6169e-04 | time: 0.193
I 06.01/02:21:39 solver.py:136 ] Epoch: [250/400][320/400] lr: 1.06e-04 | MSE loss: 5.6173e-04 | time: 0.191
I 06.01/02:21:42 solver.py:136 ] Epoch: [250/400][340/400] lr: 1.06e-04 | MSE loss: 5.6200e-04 | time: 0.189
I 06.01/02:21:45 solver.py:136 ] Epoch: [250/400][360/400] lr: 1.06e-04 | MSE loss: 5.6344e-04 | time: 0.187
I 06.01/02:21:48 solver.py:136 ] Epoch: [250/400][380/400] lr: 1.06e-04 | MSE loss: 5.6483e-04 | time: 0.186
I 06.01/02:21:51 solver.py:136 ] Epoch: [250/400][400/400] lr: 1.06e-04 | MSE loss: 5.6635e-04 | time: 0.183
I 06.01/02:21:51 solver.py:146 ] => Train  Loss: 5.6635e-04

I 06.01/02:21:54 solver.py:136 ] Epoch: [250/400][20/50] lr: 1.06e-04 | MSE loss: 9.8666e-04 | time: 0.138
I 06.01/02:21:57 solver.py:136 ] Epoch: [250/400][40/50] lr: 1.06e-04 | MSE loss: 1.0075e-03 | time: 0.145
I 06.01/02:21:58 solver.py:146 ] => Val  Loss: 9.9839e-04

I 06.01/02:22:02 solver.py:287 ] [20/50] loss: 1.0251e-03 | NMSE: -2.6917e+01 | time: 0.165
I 06.01/02:22:06 solver.py:287 ] [40/50] loss: 1.0283e-03 | NMSE: -2.6920e+01 | time: 0.198
I 06.01/02:22:08 solver.py:291 ] => Test NMSE: -2.6903e+01

I 06.01/02:22:12 solver.py:205 ] 
=! Best NMSE: -2.7037e+01 (epoch=240)

I 06.01/02:22:17 solver.py:136 ] Epoch: [251/400][20/400] lr: 1.06e-04 | MSE loss: 5.9018e-04 | time: 0.255
I 06.01/02:22:21 solver.py:136 ] Epoch: [251/400][40/400] lr: 1.06e-04 | MSE loss: 5.7256e-04 | time: 0.231
I 06.01/02:22:26 solver.py:136 ] Epoch: [251/400][60/400] lr: 1.05e-04 | MSE loss: 5.6807e-04 | time: 0.229
I 06.01/02:22:31 solver.py:136 ] Epoch: [251/400][80/400] lr: 1.05e-04 | MSE loss: 5.6804e-04 | time: 0.237
I 06.01/02:22:34 solver.py:136 ] Epoch: [251/400][100/400] lr: 1.05e-04 | MSE loss: 5.6678e-04 | time: 0.222
I 06.01/02:22:37 solver.py:136 ] Epoch: [251/400][120/400] lr: 1.05e-04 | MSE loss: 5.7165e-04 | time: 0.211
I 06.01/02:22:41 solver.py:136 ] Epoch: [251/400][140/400] lr: 1.05e-04 | MSE loss: 5.7810e-04 | time: 0.204
I 06.01/02:22:44 solver.py:136 ] Epoch: [251/400][160/400] lr: 1.05e-04 | MSE loss: 5.7998e-04 | time: 0.200
I 06.01/02:22:47 solver.py:136 ] Epoch: [251/400][180/400] lr: 1.05e-04 | MSE loss: 5.7905e-04 | time: 0.196
I 06.01/02:22:50 solver.py:136 ] Epoch: [251/400][200/400] lr: 1.05e-04 | MSE loss: 5.7581e-04 | time: 0.192
I 06.01/02:22:54 solver.py:136 ] Epoch: [251/400][220/400] lr: 1.05e-04 | MSE loss: 5.7576e-04 | time: 0.189
I 06.01/02:22:57 solver.py:136 ] Epoch: [251/400][240/400] lr: 1.05e-04 | MSE loss: 5.7474e-04 | time: 0.186
I 06.01/02:23:00 solver.py:136 ] Epoch: [251/400][260/400] lr: 1.05e-04 | MSE loss: 5.7366e-04 | time: 0.185
I 06.01/02:23:05 solver.py:136 ] Epoch: [251/400][280/400] lr: 1.05e-04 | MSE loss: 5.7217e-04 | time: 0.191
I 06.01/02:23:08 solver.py:136 ] Epoch: [251/400][300/400] lr: 1.05e-04 | MSE loss: 5.7099e-04 | time: 0.188
I 06.01/02:23:12 solver.py:136 ] Epoch: [251/400][320/400] lr: 1.05e-04 | MSE loss: 5.7058e-04 | time: 0.186
I 06.01/02:23:15 solver.py:136 ] Epoch: [251/400][340/400] lr: 1.05e-04 | MSE loss: 5.7102e-04 | time: 0.186
I 06.01/02:23:19 solver.py:136 ] Epoch: [251/400][360/400] lr: 1.05e-04 | MSE loss: 5.7038e-04 | time: 0.185
I 06.01/02:23:22 solver.py:136 ] Epoch: [251/400][380/400] lr: 1.05e-04 | MSE loss: 5.7009e-04 | time: 0.184
I 06.01/02:23:25 solver.py:136 ] Epoch: [251/400][400/400] lr: 1.05e-04 | MSE loss: 5.7003e-04 | time: 0.183
I 06.01/02:23:25 solver.py:146 ] => Train  Loss: 5.7003e-04

I 06.01/02:23:29 solver.py:205 ] 
=! Best NMSE: -2.7037e+01 (epoch=240)

I 06.01/02:23:33 solver.py:136 ] Epoch: [252/400][20/400] lr: 1.05e-04 | MSE loss: 5.6141e-04 | time: 0.157
I 06.01/02:23:36 solver.py:136 ] Epoch: [252/400][40/400] lr: 1.05e-04 | MSE loss: 5.4276e-04 | time: 0.154
I 06.01/02:23:39 solver.py:136 ] Epoch: [252/400][60/400] lr: 1.05e-04 | MSE loss: 5.5265e-04 | time: 0.151
I 06.01/02:23:42 solver.py:136 ] Epoch: [252/400][80/400] lr: 1.05e-04 | MSE loss: 5.6326e-04 | time: 0.149
I 06.01/02:23:45 solver.py:136 ] Epoch: [252/400][100/400] lr: 1.05e-04 | MSE loss: 5.6407e-04 | time: 0.151
I 06.01/02:23:48 solver.py:136 ] Epoch: [252/400][120/400] lr: 1.05e-04 | MSE loss: 5.6300e-04 | time: 0.156
I 06.01/02:23:52 solver.py:136 ] Epoch: [252/400][140/400] lr: 1.05e-04 | MSE loss: 5.6234e-04 | time: 0.156
I 06.01/02:23:55 solver.py:136 ] Epoch: [252/400][160/400] lr: 1.05e-04 | MSE loss: 5.6271e-04 | time: 0.157
I 06.01/02:23:58 solver.py:136 ] Epoch: [252/400][180/400] lr: 1.05e-04 | MSE loss: 5.6464e-04 | time: 0.157
I 06.01/02:24:02 solver.py:136 ] Epoch: [252/400][200/400] lr: 1.05e-04 | MSE loss: 5.6668e-04 | time: 0.160
I 06.01/02:24:07 solver.py:136 ] Epoch: [252/400][220/400] lr: 1.05e-04 | MSE loss: 5.6496e-04 | time: 0.168
I 06.01/02:24:10 solver.py:136 ] Epoch: [252/400][240/400] lr: 1.05e-04 | MSE loss: 5.6410e-04 | time: 0.168
I 06.01/02:24:13 solver.py:136 ] Epoch: [252/400][260/400] lr: 1.05e-04 | MSE loss: 5.6411e-04 | time: 0.168
I 06.01/02:24:17 solver.py:136 ] Epoch: [252/400][280/400] lr: 1.05e-04 | MSE loss: 5.6395e-04 | time: 0.168
I 06.01/02:24:20 solver.py:136 ] Epoch: [252/400][300/400] lr: 1.04e-04 | MSE loss: 5.6251e-04 | time: 0.169
I 06.01/02:24:24 solver.py:136 ] Epoch: [252/400][320/400] lr: 1.04e-04 | MSE loss: 5.6205e-04 | time: 0.170
I 06.01/02:24:27 solver.py:136 ] Epoch: [252/400][340/400] lr: 1.04e-04 | MSE loss: 5.6197e-04 | time: 0.169
I 06.01/02:24:30 solver.py:136 ] Epoch: [252/400][360/400] lr: 1.04e-04 | MSE loss: 5.6114e-04 | time: 0.169
I 06.01/02:24:33 solver.py:136 ] Epoch: [252/400][380/400] lr: 1.04e-04 | MSE loss: 5.6126e-04 | time: 0.167
I 06.01/02:24:36 solver.py:136 ] Epoch: [252/400][400/400] lr: 1.04e-04 | MSE loss: 5.6100e-04 | time: 0.166
I 06.01/02:24:36 solver.py:146 ] => Train  Loss: 5.6100e-04

I 06.01/02:24:39 solver.py:205 ] 
=! Best NMSE: -2.7037e+01 (epoch=240)

I 06.01/02:24:42 solver.py:136 ] Epoch: [253/400][20/400] lr: 1.04e-04 | MSE loss: 5.5557e-04 | time: 0.135
I 06.01/02:24:46 solver.py:136 ] Epoch: [253/400][40/400] lr: 1.04e-04 | MSE loss: 5.5968e-04 | time: 0.149
I 06.01/02:24:49 solver.py:136 ] Epoch: [253/400][60/400] lr: 1.04e-04 | MSE loss: 5.5231e-04 | time: 0.150
I 06.01/02:24:52 solver.py:136 ] Epoch: [253/400][80/400] lr: 1.04e-04 | MSE loss: 5.5366e-04 | time: 0.151
I 06.01/02:24:55 solver.py:136 ] Epoch: [253/400][100/400] lr: 1.04e-04 | MSE loss: 5.5479e-04 | time: 0.152
I 06.01/02:24:57 solver.py:136 ] Epoch: [253/400][120/400] lr: 1.04e-04 | MSE loss: 5.5307e-04 | time: 0.147
I 06.01/02:25:00 solver.py:136 ] Epoch: [253/400][140/400] lr: 1.04e-04 | MSE loss: 5.5396e-04 | time: 0.147
I 06.01/02:25:05 solver.py:136 ] Epoch: [253/400][160/400] lr: 1.04e-04 | MSE loss: 5.5625e-04 | time: 0.159
I 06.01/02:25:08 solver.py:136 ] Epoch: [253/400][180/400] lr: 1.04e-04 | MSE loss: 5.5808e-04 | time: 0.159
I 06.01/02:25:12 solver.py:136 ] Epoch: [253/400][200/400] lr: 1.04e-04 | MSE loss: 5.6048e-04 | time: 0.162
I 06.01/02:25:15 solver.py:136 ] Epoch: [253/400][220/400] lr: 1.04e-04 | MSE loss: 5.6173e-04 | time: 0.163
I 06.01/02:25:19 solver.py:136 ] Epoch: [253/400][240/400] lr: 1.04e-04 | MSE loss: 5.6328e-04 | time: 0.163
I 06.01/02:25:22 solver.py:136 ] Epoch: [253/400][260/400] lr: 1.04e-04 | MSE loss: 5.6404e-04 | time: 0.164
I 06.01/02:25:26 solver.py:136 ] Epoch: [253/400][280/400] lr: 1.04e-04 | MSE loss: 5.6319e-04 | time: 0.164
I 06.01/02:25:29 solver.py:136 ] Epoch: [253/400][300/400] lr: 1.04e-04 | MSE loss: 5.6362e-04 | time: 0.164
I 06.01/02:25:32 solver.py:136 ] Epoch: [253/400][320/400] lr: 1.04e-04 | MSE loss: 5.6434e-04 | time: 0.163
I 06.01/02:25:35 solver.py:136 ] Epoch: [253/400][340/400] lr: 1.04e-04 | MSE loss: 5.6444e-04 | time: 0.163
I 06.01/02:25:38 solver.py:136 ] Epoch: [253/400][360/400] lr: 1.04e-04 | MSE loss: 5.6398e-04 | time: 0.162
I 06.01/02:25:41 solver.py:136 ] Epoch: [253/400][380/400] lr: 1.04e-04 | MSE loss: 5.6353e-04 | time: 0.162
I 06.01/02:25:44 solver.py:136 ] Epoch: [253/400][400/400] lr: 1.04e-04 | MSE loss: 5.6292e-04 | time: 0.161
I 06.01/02:25:44 solver.py:146 ] => Train  Loss: 5.6292e-04

I 06.01/02:25:48 solver.py:205 ] 
=! Best NMSE: -2.7037e+01 (epoch=240)

I 06.01/02:25:51 solver.py:136 ] Epoch: [254/400][20/400] lr: 1.04e-04 | MSE loss: 5.2878e-04 | time: 0.173
I 06.01/02:25:54 solver.py:136 ] Epoch: [254/400][40/400] lr: 1.04e-04 | MSE loss: 5.4983e-04 | time: 0.167
I 06.01/02:25:58 solver.py:136 ] Epoch: [254/400][60/400] lr: 1.04e-04 | MSE loss: 5.5225e-04 | time: 0.164
I 06.01/02:26:01 solver.py:136 ] Epoch: [254/400][80/400] lr: 1.04e-04 | MSE loss: 5.5220e-04 | time: 0.165
I 06.01/02:26:06 solver.py:136 ] Epoch: [254/400][100/400] lr: 1.04e-04 | MSE loss: 5.4670e-04 | time: 0.184
I 06.01/02:26:10 solver.py:136 ] Epoch: [254/400][120/400] lr: 1.04e-04 | MSE loss: 5.4562e-04 | time: 0.182
I 06.01/02:26:13 solver.py:136 ] Epoch: [254/400][140/400] lr: 1.03e-04 | MSE loss: 5.4684e-04 | time: 0.179
I 06.01/02:26:16 solver.py:136 ] Epoch: [254/400][160/400] lr: 1.03e-04 | MSE loss: 5.4521e-04 | time: 0.177
I 06.01/02:26:19 solver.py:136 ] Epoch: [254/400][180/400] lr: 1.03e-04 | MSE loss: 5.4706e-04 | time: 0.176
I 06.01/02:26:23 solver.py:136 ] Epoch: [254/400][200/400] lr: 1.03e-04 | MSE loss: 5.4866e-04 | time: 0.175
I 06.01/02:26:26 solver.py:136 ] Epoch: [254/400][220/400] lr: 1.03e-04 | MSE loss: 5.4813e-04 | time: 0.173
I 06.01/02:26:29 solver.py:136 ] Epoch: [254/400][240/400] lr: 1.03e-04 | MSE loss: 5.4986e-04 | time: 0.172
I 06.01/02:26:32 solver.py:136 ] Epoch: [254/400][260/400] lr: 1.03e-04 | MSE loss: 5.5098e-04 | time: 0.171
I 06.01/02:26:35 solver.py:136 ] Epoch: [254/400][280/400] lr: 1.03e-04 | MSE loss: 5.5009e-04 | time: 0.170
I 06.01/02:26:39 solver.py:136 ] Epoch: [254/400][300/400] lr: 1.03e-04 | MSE loss: 5.5100e-04 | time: 0.169
I 06.01/02:26:42 solver.py:136 ] Epoch: [254/400][320/400] lr: 1.03e-04 | MSE loss: 5.5173e-04 | time: 0.168
I 06.01/02:26:45 solver.py:136 ] Epoch: [254/400][340/400] lr: 1.03e-04 | MSE loss: 5.5284e-04 | time: 0.168
I 06.01/02:26:49 solver.py:136 ] Epoch: [254/400][360/400] lr: 1.03e-04 | MSE loss: 5.5365e-04 | time: 0.168
I 06.01/02:26:52 solver.py:136 ] Epoch: [254/400][380/400] lr: 1.03e-04 | MSE loss: 5.5443e-04 | time: 0.168
I 06.01/02:26:54 solver.py:136 ] Epoch: [254/400][400/400] lr: 1.03e-04 | MSE loss: 5.5502e-04 | time: 0.167
I 06.01/02:26:54 solver.py:146 ] => Train  Loss: 5.5502e-04

I 06.01/02:26:58 solver.py:205 ] 
=! Best NMSE: -2.7037e+01 (epoch=240)

I 06.01/02:27:03 solver.py:136 ] Epoch: [255/400][20/400] lr: 1.03e-04 | MSE loss: 5.3996e-04 | time: 0.236
I 06.01/02:27:07 solver.py:136 ] Epoch: [255/400][40/400] lr: 1.03e-04 | MSE loss: 5.5452e-04 | time: 0.227
I 06.01/02:27:11 solver.py:136 ] Epoch: [255/400][60/400] lr: 1.03e-04 | MSE loss: 5.5746e-04 | time: 0.214
I 06.01/02:27:15 solver.py:136 ] Epoch: [255/400][80/400] lr: 1.03e-04 | MSE loss: 5.5331e-04 | time: 0.204
I 06.01/02:27:18 solver.py:136 ] Epoch: [255/400][100/400] lr: 1.03e-04 | MSE loss: 5.5510e-04 | time: 0.195
I 06.01/02:27:21 solver.py:136 ] Epoch: [255/400][120/400] lr: 1.03e-04 | MSE loss: 5.5443e-04 | time: 0.187
I 06.01/02:27:24 solver.py:136 ] Epoch: [255/400][140/400] lr: 1.03e-04 | MSE loss: 5.5889e-04 | time: 0.181
I 06.01/02:27:27 solver.py:136 ] Epoch: [255/400][160/400] lr: 1.03e-04 | MSE loss: 5.5937e-04 | time: 0.178
I 06.01/02:27:30 solver.py:136 ] Epoch: [255/400][180/400] lr: 1.03e-04 | MSE loss: 5.5762e-04 | time: 0.175
I 06.01/02:27:32 solver.py:136 ] Epoch: [255/400][200/400] lr: 1.03e-04 | MSE loss: 5.5758e-04 | time: 0.171
I 06.01/02:27:36 solver.py:136 ] Epoch: [255/400][220/400] lr: 1.03e-04 | MSE loss: 5.5807e-04 | time: 0.169
I 06.01/02:27:39 solver.py:136 ] Epoch: [255/400][240/400] lr: 1.03e-04 | MSE loss: 5.5706e-04 | time: 0.168
I 06.01/02:27:42 solver.py:136 ] Epoch: [255/400][260/400] lr: 1.03e-04 | MSE loss: 5.5736e-04 | time: 0.168
I 06.01/02:27:45 solver.py:136 ] Epoch: [255/400][280/400] lr: 1.03e-04 | MSE loss: 5.5768e-04 | time: 0.168
I 06.01/02:27:48 solver.py:136 ] Epoch: [255/400][300/400] lr: 1.03e-04 | MSE loss: 5.5761e-04 | time: 0.167
I 06.01/02:27:51 solver.py:136 ] Epoch: [255/400][320/400] lr: 1.03e-04 | MSE loss: 5.5941e-04 | time: 0.166
I 06.01/02:27:54 solver.py:136 ] Epoch: [255/400][340/400] lr: 1.03e-04 | MSE loss: 5.6006e-04 | time: 0.164
I 06.01/02:27:57 solver.py:136 ] Epoch: [255/400][360/400] lr: 1.03e-04 | MSE loss: 5.5992e-04 | time: 0.164
I 06.01/02:28:01 solver.py:136 ] Epoch: [255/400][380/400] lr: 1.02e-04 | MSE loss: 5.5897e-04 | time: 0.165
I 06.01/02:28:06 solver.py:136 ] Epoch: [255/400][400/400] lr: 1.02e-04 | MSE loss: 5.5930e-04 | time: 0.168
I 06.01/02:28:06 solver.py:146 ] => Train  Loss: 5.5930e-04

I 06.01/02:28:11 solver.py:205 ] 
=! Best NMSE: -2.7037e+01 (epoch=240)

I 06.01/02:28:15 solver.py:136 ] Epoch: [256/400][20/400] lr: 1.02e-04 | MSE loss: 5.4128e-04 | time: 0.203
I 06.01/02:28:18 solver.py:136 ] Epoch: [256/400][40/400] lr: 1.02e-04 | MSE loss: 5.3230e-04 | time: 0.179
I 06.01/02:28:21 solver.py:136 ] Epoch: [256/400][60/400] lr: 1.02e-04 | MSE loss: 5.3791e-04 | time: 0.168
I 06.01/02:28:24 solver.py:136 ] Epoch: [256/400][80/400] lr: 1.02e-04 | MSE loss: 5.4883e-04 | time: 0.159
I 06.01/02:28:27 solver.py:136 ] Epoch: [256/400][100/400] lr: 1.02e-04 | MSE loss: 5.4661e-04 | time: 0.162
I 06.01/02:28:30 solver.py:136 ] Epoch: [256/400][120/400] lr: 1.02e-04 | MSE loss: 5.4786e-04 | time: 0.163
I 06.01/02:28:33 solver.py:136 ] Epoch: [256/400][140/400] lr: 1.02e-04 | MSE loss: 5.4801e-04 | time: 0.162
I 06.01/02:28:37 solver.py:136 ] Epoch: [256/400][160/400] lr: 1.02e-04 | MSE loss: 5.4479e-04 | time: 0.161
I 06.01/02:28:39 solver.py:136 ] Epoch: [256/400][180/400] lr: 1.02e-04 | MSE loss: 5.4606e-04 | time: 0.159
I 06.01/02:28:42 solver.py:136 ] Epoch: [256/400][200/400] lr: 1.02e-04 | MSE loss: 5.4596e-04 | time: 0.159
I 06.01/02:28:45 solver.py:136 ] Epoch: [256/400][220/400] lr: 1.02e-04 | MSE loss: 5.4888e-04 | time: 0.157
I 06.01/02:28:48 solver.py:136 ] Epoch: [256/400][240/400] lr: 1.02e-04 | MSE loss: 5.5122e-04 | time: 0.154
I 06.01/02:28:51 solver.py:136 ] Epoch: [256/400][260/400] lr: 1.02e-04 | MSE loss: 5.5257e-04 | time: 0.155
I 06.01/02:28:54 solver.py:136 ] Epoch: [256/400][280/400] lr: 1.02e-04 | MSE loss: 5.5423e-04 | time: 0.154
I 06.01/02:28:57 solver.py:136 ] Epoch: [256/400][300/400] lr: 1.02e-04 | MSE loss: 5.5443e-04 | time: 0.155
I 06.01/02:29:01 solver.py:136 ] Epoch: [256/400][320/400] lr: 1.02e-04 | MSE loss: 5.5564e-04 | time: 0.156
I 06.01/02:29:06 solver.py:136 ] Epoch: [256/400][340/400] lr: 1.02e-04 | MSE loss: 5.5558e-04 | time: 0.163
I 06.01/02:29:09 solver.py:136 ] Epoch: [256/400][360/400] lr: 1.02e-04 | MSE loss: 5.5673e-04 | time: 0.162
I 06.01/02:29:12 solver.py:136 ] Epoch: [256/400][380/400] lr: 1.02e-04 | MSE loss: 5.5783e-04 | time: 0.162
I 06.01/02:29:16 solver.py:136 ] Epoch: [256/400][400/400] lr: 1.02e-04 | MSE loss: 5.5708e-04 | time: 0.163
I 06.01/02:29:16 solver.py:146 ] => Train  Loss: 5.5708e-04

I 06.01/02:29:20 solver.py:205 ] 
=! Best NMSE: -2.7037e+01 (epoch=240)

I 06.01/02:29:24 solver.py:136 ] Epoch: [257/400][20/400] lr: 1.02e-04 | MSE loss: 5.2847e-04 | time: 0.183
I 06.01/02:29:27 solver.py:136 ] Epoch: [257/400][40/400] lr: 1.02e-04 | MSE loss: 5.4179e-04 | time: 0.175
I 06.01/02:29:31 solver.py:136 ] Epoch: [257/400][60/400] lr: 1.02e-04 | MSE loss: 5.4322e-04 | time: 0.177
I 06.01/02:29:34 solver.py:136 ] Epoch: [257/400][80/400] lr: 1.02e-04 | MSE loss: 5.4054e-04 | time: 0.173
I 06.01/02:29:37 solver.py:136 ] Epoch: [257/400][100/400] lr: 1.02e-04 | MSE loss: 5.4093e-04 | time: 0.168
I 06.01/02:29:41 solver.py:136 ] Epoch: [257/400][120/400] lr: 1.02e-04 | MSE loss: 5.4737e-04 | time: 0.170
I 06.01/02:29:44 solver.py:136 ] Epoch: [257/400][140/400] lr: 1.02e-04 | MSE loss: 5.4721e-04 | time: 0.170
I 06.01/02:29:47 solver.py:136 ] Epoch: [257/400][160/400] lr: 1.02e-04 | MSE loss: 5.4785e-04 | time: 0.170
I 06.01/02:29:51 solver.py:136 ] Epoch: [257/400][180/400] lr: 1.02e-04 | MSE loss: 5.4784e-04 | time: 0.171
I 06.01/02:29:55 solver.py:136 ] Epoch: [257/400][200/400] lr: 1.02e-04 | MSE loss: 5.4733e-04 | time: 0.171
I 06.01/02:29:58 solver.py:136 ] Epoch: [257/400][220/400] lr: 1.01e-04 | MSE loss: 5.4973e-04 | time: 0.172
I 06.01/02:30:02 solver.py:136 ] Epoch: [257/400][240/400] lr: 1.01e-04 | MSE loss: 5.5107e-04 | time: 0.173
I 06.01/02:30:07 solver.py:136 ] Epoch: [257/400][260/400] lr: 1.01e-04 | MSE loss: 5.5096e-04 | time: 0.178
I 06.01/02:30:09 solver.py:136 ] Epoch: [257/400][280/400] lr: 1.01e-04 | MSE loss: 5.5051e-04 | time: 0.175
I 06.01/02:30:12 solver.py:136 ] Epoch: [257/400][300/400] lr: 1.01e-04 | MSE loss: 5.5049e-04 | time: 0.173
I 06.01/02:30:15 solver.py:136 ] Epoch: [257/400][320/400] lr: 1.01e-04 | MSE loss: 5.5064e-04 | time: 0.172
I 06.01/02:30:18 solver.py:136 ] Epoch: [257/400][340/400] lr: 1.01e-04 | MSE loss: 5.5029e-04 | time: 0.170
I 06.01/02:30:21 solver.py:136 ] Epoch: [257/400][360/400] lr: 1.01e-04 | MSE loss: 5.5160e-04 | time: 0.169
I 06.01/02:30:24 solver.py:136 ] Epoch: [257/400][380/400] lr: 1.01e-04 | MSE loss: 5.5183e-04 | time: 0.168
I 06.01/02:30:28 solver.py:136 ] Epoch: [257/400][400/400] lr: 1.01e-04 | MSE loss: 5.5327e-04 | time: 0.168
I 06.01/02:30:28 solver.py:146 ] => Train  Loss: 5.5327e-04

I 06.01/02:30:32 solver.py:205 ] 
=! Best NMSE: -2.7037e+01 (epoch=240)

I 06.01/02:30:35 solver.py:136 ] Epoch: [258/400][20/400] lr: 1.01e-04 | MSE loss: 5.4413e-04 | time: 0.154
I 06.01/02:30:38 solver.py:136 ] Epoch: [258/400][40/400] lr: 1.01e-04 | MSE loss: 5.5101e-04 | time: 0.154
I 06.01/02:30:41 solver.py:136 ] Epoch: [258/400][60/400] lr: 1.01e-04 | MSE loss: 5.5037e-04 | time: 0.156
I 06.01/02:30:45 solver.py:136 ] Epoch: [258/400][80/400] lr: 1.01e-04 | MSE loss: 5.5170e-04 | time: 0.170
I 06.01/02:30:49 solver.py:136 ] Epoch: [258/400][100/400] lr: 1.01e-04 | MSE loss: 5.5241e-04 | time: 0.169
I 06.01/02:30:52 solver.py:136 ] Epoch: [258/400][120/400] lr: 1.01e-04 | MSE loss: 5.5025e-04 | time: 0.169
I 06.01/02:30:56 solver.py:136 ] Epoch: [258/400][140/400] lr: 1.01e-04 | MSE loss: 5.4722e-04 | time: 0.170
I 06.01/02:30:59 solver.py:136 ] Epoch: [258/400][160/400] lr: 1.01e-04 | MSE loss: 5.4768e-04 | time: 0.168
I 06.01/02:31:03 solver.py:136 ] Epoch: [258/400][180/400] lr: 1.01e-04 | MSE loss: 5.4808e-04 | time: 0.174
I 06.01/02:31:07 solver.py:136 ] Epoch: [258/400][200/400] lr: 1.01e-04 | MSE loss: 5.4800e-04 | time: 0.175
I 06.01/02:31:10 solver.py:136 ] Epoch: [258/400][220/400] lr: 1.01e-04 | MSE loss: 5.4649e-04 | time: 0.174
I 06.01/02:31:14 solver.py:136 ] Epoch: [258/400][240/400] lr: 1.01e-04 | MSE loss: 5.4846e-04 | time: 0.174
I 06.01/02:31:16 solver.py:136 ] Epoch: [258/400][260/400] lr: 1.01e-04 | MSE loss: 5.4735e-04 | time: 0.171
I 06.01/02:31:19 solver.py:136 ] Epoch: [258/400][280/400] lr: 1.01e-04 | MSE loss: 5.4681e-04 | time: 0.170
I 06.01/02:31:23 solver.py:136 ] Epoch: [258/400][300/400] lr: 1.01e-04 | MSE loss: 5.4713e-04 | time: 0.169
I 06.01/02:31:26 solver.py:136 ] Epoch: [258/400][320/400] lr: 1.01e-04 | MSE loss: 5.4760e-04 | time: 0.170
I 06.01/02:31:29 solver.py:136 ] Epoch: [258/400][340/400] lr: 1.01e-04 | MSE loss: 5.4837e-04 | time: 0.169
I 06.01/02:31:33 solver.py:136 ] Epoch: [258/400][360/400] lr: 1.01e-04 | MSE loss: 5.4883e-04 | time: 0.169
I 06.01/02:31:36 solver.py:136 ] Epoch: [258/400][380/400] lr: 1.01e-04 | MSE loss: 5.4861e-04 | time: 0.168
I 06.01/02:31:39 solver.py:136 ] Epoch: [258/400][400/400] lr: 1.01e-04 | MSE loss: 5.4911e-04 | time: 0.167
I 06.01/02:31:39 solver.py:146 ] => Train  Loss: 5.4911e-04

I 06.01/02:31:43 solver.py:205 ] 
=! Best NMSE: -2.7037e+01 (epoch=240)

I 06.01/02:31:47 solver.py:136 ] Epoch: [259/400][20/400] lr: 1.01e-04 | MSE loss: 5.4181e-04 | time: 0.219
I 06.01/02:31:50 solver.py:136 ] Epoch: [259/400][40/400] lr: 1.01e-04 | MSE loss: 5.4817e-04 | time: 0.187
I 06.01/02:31:54 solver.py:136 ] Epoch: [259/400][60/400] lr: 1.00e-04 | MSE loss: 5.4620e-04 | time: 0.180
I 06.01/02:31:57 solver.py:136 ] Epoch: [259/400][80/400] lr: 1.00e-04 | MSE loss: 5.4510e-04 | time: 0.176
I 06.01/02:32:01 solver.py:136 ] Epoch: [259/400][100/400] lr: 1.00e-04 | MSE loss: 5.4149e-04 | time: 0.177
I 06.01/02:32:06 solver.py:136 ] Epoch: [259/400][120/400] lr: 1.00e-04 | MSE loss: 5.4324e-04 | time: 0.194
I 06.01/02:32:10 solver.py:136 ] Epoch: [259/400][140/400] lr: 1.00e-04 | MSE loss: 5.4214e-04 | time: 0.191
I 06.01/02:32:13 solver.py:136 ] Epoch: [259/400][160/400] lr: 1.00e-04 | MSE loss: 5.4152e-04 | time: 0.189
I 06.01/02:32:16 solver.py:136 ] Epoch: [259/400][180/400] lr: 1.00e-04 | MSE loss: 5.4188e-04 | time: 0.183
I 06.01/02:32:19 solver.py:136 ] Epoch: [259/400][200/400] lr: 1.00e-04 | MSE loss: 5.4293e-04 | time: 0.182
I 06.01/02:32:23 solver.py:136 ] Epoch: [259/400][220/400] lr: 1.00e-04 | MSE loss: 5.4674e-04 | time: 0.181
I 06.01/02:32:26 solver.py:136 ] Epoch: [259/400][240/400] lr: 1.00e-04 | MSE loss: 5.4953e-04 | time: 0.178
I 06.01/02:32:29 solver.py:136 ] Epoch: [259/400][260/400] lr: 1.00e-04 | MSE loss: 5.4989e-04 | time: 0.175
I 06.01/02:32:32 solver.py:136 ] Epoch: [259/400][280/400] lr: 1.00e-04 | MSE loss: 5.4985e-04 | time: 0.175
I 06.01/02:32:36 solver.py:136 ] Epoch: [259/400][300/400] lr: 1.00e-04 | MSE loss: 5.5156e-04 | time: 0.175
I 06.01/02:32:39 solver.py:136 ] Epoch: [259/400][320/400] lr: 1.00e-04 | MSE loss: 5.5260e-04 | time: 0.176
I 06.01/02:32:43 solver.py:136 ] Epoch: [259/400][340/400] lr: 1.00e-04 | MSE loss: 5.5346e-04 | time: 0.176
I 06.01/02:32:46 solver.py:136 ] Epoch: [259/400][360/400] lr: 1.00e-04 | MSE loss: 5.5235e-04 | time: 0.174
I 06.01/02:32:48 solver.py:136 ] Epoch: [259/400][380/400] lr: 1.00e-04 | MSE loss: 5.5234e-04 | time: 0.172
I 06.01/02:32:51 solver.py:136 ] Epoch: [259/400][400/400] lr: 1.00e-04 | MSE loss: 5.5155e-04 | time: 0.171
I 06.01/02:32:51 solver.py:146 ] => Train  Loss: 5.5155e-04

I 06.01/02:32:57 solver.py:205 ] 
=! Best NMSE: -2.7037e+01 (epoch=240)

I 06.01/02:33:01 solver.py:136 ] Epoch: [260/400][20/400] lr: 9.99e-05 | MSE loss: 5.2529e-04 | time: 0.198
I 06.01/02:33:06 solver.py:136 ] Epoch: [260/400][40/400] lr: 9.99e-05 | MSE loss: 5.3293e-04 | time: 0.218
I 06.01/02:33:10 solver.py:136 ] Epoch: [260/400][60/400] lr: 9.99e-05 | MSE loss: 5.4114e-04 | time: 0.210
I 06.01/02:33:13 solver.py:136 ] Epoch: [260/400][80/400] lr: 9.98e-05 | MSE loss: 5.4522e-04 | time: 0.200
I 06.01/02:33:16 solver.py:136 ] Epoch: [260/400][100/400] lr: 9.98e-05 | MSE loss: 5.4402e-04 | time: 0.192
I 06.01/02:33:20 solver.py:136 ] Epoch: [260/400][120/400] lr: 9.98e-05 | MSE loss: 5.4332e-04 | time: 0.187
I 06.01/02:33:23 solver.py:136 ] Epoch: [260/400][140/400] lr: 9.97e-05 | MSE loss: 5.4465e-04 | time: 0.183
I 06.01/02:33:26 solver.py:136 ] Epoch: [260/400][160/400] lr: 9.97e-05 | MSE loss: 5.4433e-04 | time: 0.181
I 06.01/02:33:29 solver.py:136 ] Epoch: [260/400][180/400] lr: 9.97e-05 | MSE loss: 5.4590e-04 | time: 0.177
I 06.01/02:33:32 solver.py:136 ] Epoch: [260/400][200/400] lr: 9.97e-05 | MSE loss: 5.4402e-04 | time: 0.176
I 06.01/02:33:36 solver.py:136 ] Epoch: [260/400][220/400] lr: 9.96e-05 | MSE loss: 5.4264e-04 | time: 0.175
I 06.01/02:33:39 solver.py:136 ] Epoch: [260/400][240/400] lr: 9.96e-05 | MSE loss: 5.4300e-04 | time: 0.174
I 06.01/02:33:42 solver.py:136 ] Epoch: [260/400][260/400] lr: 9.96e-05 | MSE loss: 5.4299e-04 | time: 0.173
I 06.01/02:33:46 solver.py:136 ] Epoch: [260/400][280/400] lr: 9.95e-05 | MSE loss: 5.4296e-04 | time: 0.174
I 06.01/02:33:49 solver.py:136 ] Epoch: [260/400][300/400] lr: 9.95e-05 | MSE loss: 5.4392e-04 | time: 0.173
I 06.01/02:33:52 solver.py:136 ] Epoch: [260/400][320/400] lr: 9.95e-05 | MSE loss: 5.4334e-04 | time: 0.172
I 06.01/02:33:55 solver.py:136 ] Epoch: [260/400][340/400] lr: 9.94e-05 | MSE loss: 5.4298e-04 | time: 0.170
I 06.01/02:33:58 solver.py:136 ] Epoch: [260/400][360/400] lr: 9.94e-05 | MSE loss: 5.4210e-04 | time: 0.168
I 06.01/02:34:01 solver.py:136 ] Epoch: [260/400][380/400] lr: 9.94e-05 | MSE loss: 5.4238e-04 | time: 0.168
I 06.01/02:34:06 solver.py:136 ] Epoch: [260/400][400/400] lr: 9.93e-05 | MSE loss: 5.4295e-04 | time: 0.171
I 06.01/02:34:06 solver.py:146 ] => Train  Loss: 5.4295e-04

I 06.01/02:34:09 solver.py:136 ] Epoch: [260/400][20/50] lr: 9.93e-05 | MSE loss: 9.1965e-04 | time: 0.169
I 06.01/02:34:13 solver.py:136 ] Epoch: [260/400][40/50] lr: 9.93e-05 | MSE loss: 9.4114e-04 | time: 0.161
I 06.01/02:34:14 solver.py:146 ] => Val  Loss: 9.3241e-04

I 06.01/02:34:17 solver.py:287 ] [20/50] loss: 9.5771e-04 | NMSE: -2.7213e+01 | time: 0.153
I 06.01/02:34:20 solver.py:287 ] [40/50] loss: 9.5991e-04 | NMSE: -2.7220e+01 | time: 0.162
I 06.01/02:34:22 solver.py:291 ] => Test NMSE: -2.7195e+01

I 06.01/02:34:30 solver.py:205 ] 
=! Best NMSE: -2.7195e+01 (epoch=260)

I 06.01/02:34:34 solver.py:136 ] Epoch: [261/400][20/400] lr: 9.93e-05 | MSE loss: 5.0523e-04 | time: 0.200
I 06.01/02:34:38 solver.py:136 ] Epoch: [261/400][40/400] lr: 9.93e-05 | MSE loss: 5.1540e-04 | time: 0.180
I 06.01/02:34:41 solver.py:136 ] Epoch: [261/400][60/400] lr: 9.93e-05 | MSE loss: 5.2732e-04 | time: 0.182
I 06.01/02:34:45 solver.py:136 ] Epoch: [261/400][80/400] lr: 9.92e-05 | MSE loss: 5.2949e-04 | time: 0.179
I 06.01/02:34:48 solver.py:136 ] Epoch: [261/400][100/400] lr: 9.92e-05 | MSE loss: 5.3180e-04 | time: 0.177
I 06.01/02:34:51 solver.py:136 ] Epoch: [261/400][120/400] lr: 9.92e-05 | MSE loss: 5.3710e-04 | time: 0.175
I 06.01/02:34:55 solver.py:136 ] Epoch: [261/400][140/400] lr: 9.91e-05 | MSE loss: 5.3732e-04 | time: 0.174
I 06.01/02:34:58 solver.py:136 ] Epoch: [261/400][160/400] lr: 9.91e-05 | MSE loss: 5.3680e-04 | time: 0.173
I 06.01/02:35:02 solver.py:136 ] Epoch: [261/400][180/400] lr: 9.91e-05 | MSE loss: 5.3715e-04 | time: 0.177
I 06.01/02:35:06 solver.py:136 ] Epoch: [261/400][200/400] lr: 9.90e-05 | MSE loss: 5.3920e-04 | time: 0.179
I 06.01/02:35:09 solver.py:136 ] Epoch: [261/400][220/400] lr: 9.90e-05 | MSE loss: 5.4089e-04 | time: 0.177
I 06.01/02:35:12 solver.py:136 ] Epoch: [261/400][240/400] lr: 9.90e-05 | MSE loss: 5.4247e-04 | time: 0.174
I 06.01/02:35:15 solver.py:136 ] Epoch: [261/400][260/400] lr: 9.89e-05 | MSE loss: 5.4339e-04 | time: 0.174
I 06.01/02:35:18 solver.py:136 ] Epoch: [261/400][280/400] lr: 9.89e-05 | MSE loss: 5.4317e-04 | time: 0.172
I 06.01/02:35:21 solver.py:136 ] Epoch: [261/400][300/400] lr: 9.89e-05 | MSE loss: 5.4281e-04 | time: 0.170
I 06.01/02:35:25 solver.py:136 ] Epoch: [261/400][320/400] lr: 9.89e-05 | MSE loss: 5.4198e-04 | time: 0.169
I 06.01/02:35:28 solver.py:136 ] Epoch: [261/400][340/400] lr: 9.88e-05 | MSE loss: 5.4221e-04 | time: 0.170
I 06.01/02:35:32 solver.py:136 ] Epoch: [261/400][360/400] lr: 9.88e-05 | MSE loss: 5.4214e-04 | time: 0.170
I 06.01/02:35:35 solver.py:136 ] Epoch: [261/400][380/400] lr: 9.88e-05 | MSE loss: 5.4143e-04 | time: 0.170
I 06.01/02:35:38 solver.py:136 ] Epoch: [261/400][400/400] lr: 9.87e-05 | MSE loss: 5.4080e-04 | time: 0.169
I 06.01/02:35:38 solver.py:146 ] => Train  Loss: 5.4080e-04

I 06.01/02:35:42 solver.py:205 ] 
=! Best NMSE: -2.7195e+01 (epoch=260)

I 06.01/02:35:45 solver.py:136 ] Epoch: [262/400][20/400] lr: 9.87e-05 | MSE loss: 5.3240e-04 | time: 0.147
I 06.01/02:35:49 solver.py:136 ] Epoch: [262/400][40/400] lr: 9.87e-05 | MSE loss: 5.2550e-04 | time: 0.167
I 06.01/02:35:52 solver.py:136 ] Epoch: [262/400][60/400] lr: 9.86e-05 | MSE loss: 5.2858e-04 | time: 0.163
I 06.01/02:35:55 solver.py:136 ] Epoch: [262/400][80/400] lr: 9.86e-05 | MSE loss: 5.2980e-04 | time: 0.161
I 06.01/02:35:59 solver.py:136 ] Epoch: [262/400][100/400] lr: 9.86e-05 | MSE loss: 5.2761e-04 | time: 0.163
I 06.01/02:36:04 solver.py:136 ] Epoch: [262/400][120/400] lr: 9.86e-05 | MSE loss: 5.2673e-04 | time: 0.181
I 06.01/02:36:08 solver.py:136 ] Epoch: [262/400][140/400] lr: 9.85e-05 | MSE loss: 5.2881e-04 | time: 0.179
I 06.01/02:36:10 solver.py:136 ] Epoch: [262/400][160/400] lr: 9.85e-05 | MSE loss: 5.2895e-04 | time: 0.174
I 06.01/02:36:13 solver.py:136 ] Epoch: [262/400][180/400] lr: 9.85e-05 | MSE loss: 5.2952e-04 | time: 0.169
I 06.01/02:36:15 solver.py:136 ] Epoch: [262/400][200/400] lr: 9.84e-05 | MSE loss: 5.3122e-04 | time: 0.165
I 06.01/02:36:18 solver.py:136 ] Epoch: [262/400][220/400] lr: 9.84e-05 | MSE loss: 5.3176e-04 | time: 0.164
I 06.01/02:36:22 solver.py:136 ] Epoch: [262/400][240/400] lr: 9.84e-05 | MSE loss: 5.3306e-04 | time: 0.165
I 06.01/02:36:25 solver.py:136 ] Epoch: [262/400][260/400] lr: 9.83e-05 | MSE loss: 5.3433e-04 | time: 0.164
I 06.01/02:36:29 solver.py:136 ] Epoch: [262/400][280/400] lr: 9.83e-05 | MSE loss: 5.3356e-04 | time: 0.165
I 06.01/02:36:32 solver.py:136 ] Epoch: [262/400][300/400] lr: 9.83e-05 | MSE loss: 5.3536e-04 | time: 0.166
I 06.01/02:36:36 solver.py:136 ] Epoch: [262/400][320/400] lr: 9.82e-05 | MSE loss: 5.3642e-04 | time: 0.167
I 06.01/02:36:39 solver.py:136 ] Epoch: [262/400][340/400] lr: 9.82e-05 | MSE loss: 5.3749e-04 | time: 0.167
I 06.01/02:36:42 solver.py:136 ] Epoch: [262/400][360/400] lr: 9.82e-05 | MSE loss: 5.3810e-04 | time: 0.166
I 06.01/02:36:46 solver.py:136 ] Epoch: [262/400][380/400] lr: 9.82e-05 | MSE loss: 5.4091e-04 | time: 0.167
I 06.01/02:36:49 solver.py:136 ] Epoch: [262/400][400/400] lr: 9.81e-05 | MSE loss: 5.4117e-04 | time: 0.167
I 06.01/02:36:49 solver.py:146 ] => Train  Loss: 5.4117e-04

I 06.01/02:36:53 solver.py:205 ] 
=! Best NMSE: -2.7195e+01 (epoch=260)

I 06.01/02:36:57 solver.py:136 ] Epoch: [263/400][20/400] lr: 9.81e-05 | MSE loss: 5.3572e-04 | time: 0.183
I 06.01/02:37:00 solver.py:136 ] Epoch: [263/400][40/400] lr: 9.81e-05 | MSE loss: 5.2331e-04 | time: 0.171
I 06.01/02:37:05 solver.py:136 ] Epoch: [263/400][60/400] lr: 9.80e-05 | MSE loss: 5.2308e-04 | time: 0.207
I 06.01/02:37:09 solver.py:136 ] Epoch: [263/400][80/400] lr: 9.80e-05 | MSE loss: 5.2386e-04 | time: 0.195
I 06.01/02:37:12 solver.py:136 ] Epoch: [263/400][100/400] lr: 9.80e-05 | MSE loss: 5.2771e-04 | time: 0.186
I 06.01/02:37:15 solver.py:136 ] Epoch: [263/400][120/400] lr: 9.79e-05 | MSE loss: 5.2910e-04 | time: 0.181
I 06.01/02:37:18 solver.py:136 ] Epoch: [263/400][140/400] lr: 9.79e-05 | MSE loss: 5.2656e-04 | time: 0.174
I 06.01/02:37:20 solver.py:136 ] Epoch: [263/400][160/400] lr: 9.79e-05 | MSE loss: 5.2845e-04 | time: 0.169
I 06.01/02:37:23 solver.py:136 ] Epoch: [263/400][180/400] lr: 9.78e-05 | MSE loss: 5.2952e-04 | time: 0.169
I 06.01/02:37:27 solver.py:136 ] Epoch: [263/400][200/400] lr: 9.78e-05 | MSE loss: 5.3014e-04 | time: 0.168
I 06.01/02:37:30 solver.py:136 ] Epoch: [263/400][220/400] lr: 9.78e-05 | MSE loss: 5.3345e-04 | time: 0.168
I 06.01/02:37:33 solver.py:136 ] Epoch: [263/400][240/400] lr: 9.78e-05 | MSE loss: 5.3482e-04 | time: 0.167
I 06.01/02:37:36 solver.py:136 ] Epoch: [263/400][260/400] lr: 9.77e-05 | MSE loss: 5.3468e-04 | time: 0.165
I 06.01/02:37:39 solver.py:136 ] Epoch: [263/400][280/400] lr: 9.77e-05 | MSE loss: 5.3489e-04 | time: 0.166
I 06.01/02:37:42 solver.py:136 ] Epoch: [263/400][300/400] lr: 9.77e-05 | MSE loss: 5.3598e-04 | time: 0.163
I 06.01/02:37:45 solver.py:136 ] Epoch: [263/400][320/400] lr: 9.76e-05 | MSE loss: 5.3728e-04 | time: 0.161
I 06.01/02:37:48 solver.py:136 ] Epoch: [263/400][340/400] lr: 9.76e-05 | MSE loss: 5.3757e-04 | time: 0.162
I 06.01/02:37:52 solver.py:136 ] Epoch: [263/400][360/400] lr: 9.76e-05 | MSE loss: 5.3883e-04 | time: 0.162
I 06.01/02:37:55 solver.py:136 ] Epoch: [263/400][380/400] lr: 9.75e-05 | MSE loss: 5.3970e-04 | time: 0.163
I 06.01/02:37:58 solver.py:136 ] Epoch: [263/400][400/400] lr: 9.75e-05 | MSE loss: 5.4074e-04 | time: 0.163
I 06.01/02:37:58 solver.py:146 ] => Train  Loss: 5.4074e-04

I 06.01/02:38:02 solver.py:205 ] 
=! Best NMSE: -2.7195e+01 (epoch=260)

I 06.01/02:38:07 solver.py:136 ] Epoch: [264/400][20/400] lr: 9.75e-05 | MSE loss: 5.2258e-04 | time: 0.235
I 06.01/02:38:10 solver.py:136 ] Epoch: [264/400][40/400] lr: 9.75e-05 | MSE loss: 5.2366e-04 | time: 0.205
I 06.01/02:38:13 solver.py:136 ] Epoch: [264/400][60/400] lr: 9.74e-05 | MSE loss: 5.2287e-04 | time: 0.188
I 06.01/02:38:17 solver.py:136 ] Epoch: [264/400][80/400] lr: 9.74e-05 | MSE loss: 5.2290e-04 | time: 0.189
I 06.01/02:38:21 solver.py:136 ] Epoch: [264/400][100/400] lr: 9.74e-05 | MSE loss: 5.2972e-04 | time: 0.190
I 06.01/02:38:25 solver.py:136 ] Epoch: [264/400][120/400] lr: 9.73e-05 | MSE loss: 5.2942e-04 | time: 0.187
I 06.01/02:38:27 solver.py:136 ] Epoch: [264/400][140/400] lr: 9.73e-05 | MSE loss: 5.3515e-04 | time: 0.179
I 06.01/02:38:30 solver.py:136 ] Epoch: [264/400][160/400] lr: 9.73e-05 | MSE loss: 5.3369e-04 | time: 0.172
I 06.01/02:38:33 solver.py:136 ] Epoch: [264/400][180/400] lr: 9.72e-05 | MSE loss: 5.3398e-04 | time: 0.169
I 06.01/02:38:36 solver.py:136 ] Epoch: [264/400][200/400] lr: 9.72e-05 | MSE loss: 5.3804e-04 | time: 0.168
I 06.01/02:38:39 solver.py:136 ] Epoch: [264/400][220/400] lr: 9.72e-05 | MSE loss: 5.3893e-04 | time: 0.169
I 06.01/02:38:43 solver.py:136 ] Epoch: [264/400][240/400] lr: 9.71e-05 | MSE loss: 5.3821e-04 | time: 0.168
I 06.01/02:38:46 solver.py:136 ] Epoch: [264/400][260/400] lr: 9.71e-05 | MSE loss: 5.3704e-04 | time: 0.167
I 06.01/02:38:49 solver.py:136 ] Epoch: [264/400][280/400] lr: 9.71e-05 | MSE loss: 5.3582e-04 | time: 0.167
I 06.01/02:38:52 solver.py:136 ] Epoch: [264/400][300/400] lr: 9.71e-05 | MSE loss: 5.3475e-04 | time: 0.167
I 06.01/02:38:56 solver.py:136 ] Epoch: [264/400][320/400] lr: 9.70e-05 | MSE loss: 5.3524e-04 | time: 0.167
I 06.01/02:38:59 solver.py:136 ] Epoch: [264/400][340/400] lr: 9.70e-05 | MSE loss: 5.3572e-04 | time: 0.168
I 06.01/02:39:05 solver.py:136 ] Epoch: [264/400][360/400] lr: 9.70e-05 | MSE loss: 5.3728e-04 | time: 0.174
I 06.01/02:39:08 solver.py:136 ] Epoch: [264/400][380/400] lr: 9.69e-05 | MSE loss: 5.3706e-04 | time: 0.174
I 06.01/02:39:11 solver.py:136 ] Epoch: [264/400][400/400] lr: 9.69e-05 | MSE loss: 5.3729e-04 | time: 0.173
I 06.01/02:39:11 solver.py:146 ] => Train  Loss: 5.3729e-04

I 06.01/02:39:16 solver.py:205 ] 
=! Best NMSE: -2.7195e+01 (epoch=260)

I 06.01/02:39:20 solver.py:136 ] Epoch: [265/400][20/400] lr: 9.69e-05 | MSE loss: 5.1774e-04 | time: 0.194
I 06.01/02:39:24 solver.py:136 ] Epoch: [265/400][40/400] lr: 9.68e-05 | MSE loss: 5.3207e-04 | time: 0.181
I 06.01/02:39:27 solver.py:136 ] Epoch: [265/400][60/400] lr: 9.68e-05 | MSE loss: 5.3903e-04 | time: 0.181
I 06.01/02:39:31 solver.py:136 ] Epoch: [265/400][80/400] lr: 9.68e-05 | MSE loss: 5.4169e-04 | time: 0.181
I 06.01/02:39:34 solver.py:136 ] Epoch: [265/400][100/400] lr: 9.68e-05 | MSE loss: 5.4082e-04 | time: 0.178
I 06.01/02:39:37 solver.py:136 ] Epoch: [265/400][120/400] lr: 9.67e-05 | MSE loss: 5.4081e-04 | time: 0.176
I 06.01/02:39:40 solver.py:136 ] Epoch: [265/400][140/400] lr: 9.67e-05 | MSE loss: 5.3622e-04 | time: 0.172
I 06.01/02:39:44 solver.py:136 ] Epoch: [265/400][160/400] lr: 9.67e-05 | MSE loss: 5.3639e-04 | time: 0.172
I 06.01/02:39:48 solver.py:136 ] Epoch: [265/400][180/400] lr: 9.66e-05 | MSE loss: 5.3686e-04 | time: 0.174
I 06.01/02:39:51 solver.py:136 ] Epoch: [265/400][200/400] lr: 9.66e-05 | MSE loss: 5.3592e-04 | time: 0.174
I 06.01/02:39:54 solver.py:136 ] Epoch: [265/400][220/400] lr: 9.66e-05 | MSE loss: 5.3408e-04 | time: 0.171
I 06.01/02:39:57 solver.py:136 ] Epoch: [265/400][240/400] lr: 9.65e-05 | MSE loss: 5.3373e-04 | time: 0.169
I 06.01/02:40:00 solver.py:136 ] Epoch: [265/400][260/400] lr: 9.65e-05 | MSE loss: 5.3362e-04 | time: 0.168
I 06.01/02:40:05 solver.py:136 ] Epoch: [265/400][280/400] lr: 9.65e-05 | MSE loss: 5.3713e-04 | time: 0.174
I 06.01/02:40:08 solver.py:136 ] Epoch: [265/400][300/400] lr: 9.64e-05 | MSE loss: 5.3713e-04 | time: 0.174
I 06.01/02:40:12 solver.py:136 ] Epoch: [265/400][320/400] lr: 9.64e-05 | MSE loss: 5.3699e-04 | time: 0.174
I 06.01/02:40:15 solver.py:136 ] Epoch: [265/400][340/400] lr: 9.64e-05 | MSE loss: 5.3714e-04 | time: 0.174
I 06.01/02:40:19 solver.py:136 ] Epoch: [265/400][360/400] lr: 9.64e-05 | MSE loss: 5.3674e-04 | time: 0.173
I 06.01/02:40:22 solver.py:136 ] Epoch: [265/400][380/400] lr: 9.63e-05 | MSE loss: 5.3588e-04 | time: 0.172
I 06.01/02:40:25 solver.py:136 ] Epoch: [265/400][400/400] lr: 9.63e-05 | MSE loss: 5.3526e-04 | time: 0.172
I 06.01/02:40:25 solver.py:146 ] => Train  Loss: 5.3526e-04

I 06.01/02:40:30 solver.py:205 ] 
=! Best NMSE: -2.7195e+01 (epoch=260)

I 06.01/02:40:34 solver.py:136 ] Epoch: [266/400][20/400] lr: 9.63e-05 | MSE loss: 5.5694e-04 | time: 0.186
I 06.01/02:40:37 solver.py:136 ] Epoch: [266/400][40/400] lr: 9.62e-05 | MSE loss: 5.3679e-04 | time: 0.169
I 06.01/02:40:40 solver.py:136 ] Epoch: [266/400][60/400] lr: 9.62e-05 | MSE loss: 5.3164e-04 | time: 0.171
I 06.01/02:40:44 solver.py:136 ] Epoch: [266/400][80/400] lr: 9.62e-05 | MSE loss: 5.2688e-04 | time: 0.170
I 06.01/02:40:46 solver.py:136 ] Epoch: [266/400][100/400] lr: 9.61e-05 | MSE loss: 5.2994e-04 | time: 0.164
I 06.01/02:40:49 solver.py:136 ] Epoch: [266/400][120/400] lr: 9.61e-05 | MSE loss: 5.2931e-04 | time: 0.160
I 06.01/02:40:52 solver.py:136 ] Epoch: [266/400][140/400] lr: 9.61e-05 | MSE loss: 5.2723e-04 | time: 0.159
I 06.01/02:40:56 solver.py:136 ] Epoch: [266/400][160/400] lr: 9.61e-05 | MSE loss: 5.2802e-04 | time: 0.161
I 06.01/02:40:59 solver.py:136 ] Epoch: [266/400][180/400] lr: 9.60e-05 | MSE loss: 5.2735e-04 | time: 0.163
I 06.01/02:41:05 solver.py:136 ] Epoch: [266/400][200/400] lr: 9.60e-05 | MSE loss: 5.2864e-04 | time: 0.175
I 06.01/02:41:08 solver.py:136 ] Epoch: [266/400][220/400] lr: 9.60e-05 | MSE loss: 5.2849e-04 | time: 0.171
I 06.01/02:41:10 solver.py:136 ] Epoch: [266/400][240/400] lr: 9.59e-05 | MSE loss: 5.2733e-04 | time: 0.169
I 06.01/02:41:14 solver.py:136 ] Epoch: [266/400][260/400] lr: 9.59e-05 | MSE loss: 5.2827e-04 | time: 0.170
I 06.01/02:41:17 solver.py:136 ] Epoch: [266/400][280/400] lr: 9.59e-05 | MSE loss: 5.2943e-04 | time: 0.170
I 06.01/02:41:21 solver.py:136 ] Epoch: [266/400][300/400] lr: 9.58e-05 | MSE loss: 5.2877e-04 | time: 0.169
I 06.01/02:41:24 solver.py:136 ] Epoch: [266/400][320/400] lr: 9.58e-05 | MSE loss: 5.2930e-04 | time: 0.169
I 06.01/02:41:27 solver.py:136 ] Epoch: [266/400][340/400] lr: 9.58e-05 | MSE loss: 5.2985e-04 | time: 0.168
I 06.01/02:41:30 solver.py:136 ] Epoch: [266/400][360/400] lr: 9.58e-05 | MSE loss: 5.3055e-04 | time: 0.168
I 06.01/02:41:33 solver.py:136 ] Epoch: [266/400][380/400] lr: 9.57e-05 | MSE loss: 5.3083e-04 | time: 0.167
I 06.01/02:41:37 solver.py:136 ] Epoch: [266/400][400/400] lr: 9.57e-05 | MSE loss: 5.3077e-04 | time: 0.167
I 06.01/02:41:37 solver.py:146 ] => Train  Loss: 5.3077e-04

I 06.01/02:41:39 solver.py:205 ] 
=! Best NMSE: -2.7195e+01 (epoch=260)

I 06.01/02:41:43 solver.py:136 ] Epoch: [267/400][20/400] lr: 9.57e-05 | MSE loss: 5.1994e-04 | time: 0.182
I 06.01/02:41:47 solver.py:136 ] Epoch: [267/400][40/400] lr: 9.56e-05 | MSE loss: 5.1794e-04 | time: 0.182
I 06.01/02:41:50 solver.py:136 ] Epoch: [267/400][60/400] lr: 9.56e-05 | MSE loss: 5.2035e-04 | time: 0.178
I 06.01/02:41:53 solver.py:136 ] Epoch: [267/400][80/400] lr: 9.56e-05 | MSE loss: 5.2204e-04 | time: 0.174
I 06.01/02:41:57 solver.py:136 ] Epoch: [267/400][100/400] lr: 9.55e-05 | MSE loss: 5.2480e-04 | time: 0.172
I 06.01/02:42:00 solver.py:136 ] Epoch: [267/400][120/400] lr: 9.55e-05 | MSE loss: 5.2484e-04 | time: 0.172
I 06.01/02:42:05 solver.py:136 ] Epoch: [267/400][140/400] lr: 9.55e-05 | MSE loss: 5.2406e-04 | time: 0.186
I 06.01/02:42:09 solver.py:136 ] Epoch: [267/400][160/400] lr: 9.55e-05 | MSE loss: 5.2505e-04 | time: 0.185
I 06.01/02:42:12 solver.py:136 ] Epoch: [267/400][180/400] lr: 9.54e-05 | MSE loss: 5.2431e-04 | time: 0.183
I 06.01/02:42:16 solver.py:136 ] Epoch: [267/400][200/400] lr: 9.54e-05 | MSE loss: 5.2436e-04 | time: 0.183
I 06.01/02:42:19 solver.py:136 ] Epoch: [267/400][220/400] lr: 9.54e-05 | MSE loss: 5.2365e-04 | time: 0.180
I 06.01/02:42:22 solver.py:136 ] Epoch: [267/400][240/400] lr: 9.53e-05 | MSE loss: 5.2434e-04 | time: 0.176
I 06.01/02:42:25 solver.py:136 ] Epoch: [267/400][260/400] lr: 9.53e-05 | MSE loss: 5.2614e-04 | time: 0.177
I 06.01/02:42:28 solver.py:136 ] Epoch: [267/400][280/400] lr: 9.53e-05 | MSE loss: 5.2660e-04 | time: 0.176
I 06.01/02:42:32 solver.py:136 ] Epoch: [267/400][300/400] lr: 9.52e-05 | MSE loss: 5.2721e-04 | time: 0.175
I 06.01/02:42:36 solver.py:136 ] Epoch: [267/400][320/400] lr: 9.52e-05 | MSE loss: 5.2716e-04 | time: 0.176
I 06.01/02:42:39 solver.py:136 ] Epoch: [267/400][340/400] lr: 9.52e-05 | MSE loss: 5.2629e-04 | time: 0.176
I 06.01/02:42:43 solver.py:136 ] Epoch: [267/400][360/400] lr: 9.52e-05 | MSE loss: 5.2693e-04 | time: 0.176
I 06.01/02:42:46 solver.py:136 ] Epoch: [267/400][380/400] lr: 9.51e-05 | MSE loss: 5.2656e-04 | time: 0.176
I 06.01/02:42:50 solver.py:136 ] Epoch: [267/400][400/400] lr: 9.51e-05 | MSE loss: 5.2732e-04 | time: 0.176
I 06.01/02:42:50 solver.py:146 ] => Train  Loss: 5.2732e-04

I 06.01/02:42:53 solver.py:205 ] 
=! Best NMSE: -2.7195e+01 (epoch=260)

I 06.01/02:42:56 solver.py:136 ] Epoch: [268/400][20/400] lr: 9.51e-05 | MSE loss: 5.2625e-04 | time: 0.168
I 06.01/02:42:59 solver.py:136 ] Epoch: [268/400][40/400] lr: 9.50e-05 | MSE loss: 5.2441e-04 | time: 0.165
I 06.01/02:43:04 solver.py:136 ] Epoch: [268/400][60/400] lr: 9.50e-05 | MSE loss: 5.2013e-04 | time: 0.193
I 06.01/02:43:07 solver.py:136 ] Epoch: [268/400][80/400] lr: 9.50e-05 | MSE loss: 5.1618e-04 | time: 0.180
I 06.01/02:43:10 solver.py:136 ] Epoch: [268/400][100/400] lr: 9.49e-05 | MSE loss: 5.2046e-04 | time: 0.172
I 06.01/02:43:14 solver.py:136 ] Epoch: [268/400][120/400] lr: 9.49e-05 | MSE loss: 5.2340e-04 | time: 0.171
I 06.01/02:43:17 solver.py:136 ] Epoch: [268/400][140/400] lr: 9.49e-05 | MSE loss: 5.2351e-04 | time: 0.172
I 06.01/02:43:20 solver.py:136 ] Epoch: [268/400][160/400] lr: 9.49e-05 | MSE loss: 5.2597e-04 | time: 0.172
I 06.01/02:43:24 solver.py:136 ] Epoch: [268/400][180/400] lr: 9.48e-05 | MSE loss: 5.2765e-04 | time: 0.172
I 06.01/02:43:27 solver.py:136 ] Epoch: [268/400][200/400] lr: 9.48e-05 | MSE loss: 5.2671e-04 | time: 0.173
I 06.01/02:43:30 solver.py:136 ] Epoch: [268/400][220/400] lr: 9.48e-05 | MSE loss: 5.2484e-04 | time: 0.170
I 06.01/02:43:33 solver.py:136 ] Epoch: [268/400][240/400] lr: 9.47e-05 | MSE loss: 5.2387e-04 | time: 0.166
I 06.01/02:43:36 solver.py:136 ] Epoch: [268/400][260/400] lr: 9.47e-05 | MSE loss: 5.2239e-04 | time: 0.165
I 06.01/02:43:39 solver.py:136 ] Epoch: [268/400][280/400] lr: 9.47e-05 | MSE loss: 5.2355e-04 | time: 0.166
I 06.01/02:43:43 solver.py:136 ] Epoch: [268/400][300/400] lr: 9.46e-05 | MSE loss: 5.2490e-04 | time: 0.166
I 06.01/02:43:46 solver.py:136 ] Epoch: [268/400][320/400] lr: 9.46e-05 | MSE loss: 5.2506e-04 | time: 0.167
I 06.01/02:43:49 solver.py:136 ] Epoch: [268/400][340/400] lr: 9.46e-05 | MSE loss: 5.2669e-04 | time: 0.167
I 06.01/02:43:53 solver.py:136 ] Epoch: [268/400][360/400] lr: 9.46e-05 | MSE loss: 5.2716e-04 | time: 0.167
I 06.01/02:43:56 solver.py:136 ] Epoch: [268/400][380/400] lr: 9.45e-05 | MSE loss: 5.2704e-04 | time: 0.167
I 06.01/02:44:00 solver.py:136 ] Epoch: [268/400][400/400] lr: 9.45e-05 | MSE loss: 5.2692e-04 | time: 0.167
I 06.01/02:44:00 solver.py:146 ] => Train  Loss: 5.2692e-04

I 06.01/02:44:05 solver.py:205 ] 
=! Best NMSE: -2.7195e+01 (epoch=260)

I 06.01/02:44:09 solver.py:136 ] Epoch: [269/400][20/400] lr: 9.45e-05 | MSE loss: 5.2714e-04 | time: 0.183
I 06.01/02:44:12 solver.py:136 ] Epoch: [269/400][40/400] lr: 9.44e-05 | MSE loss: 5.3434e-04 | time: 0.173
I 06.01/02:44:16 solver.py:136 ] Epoch: [269/400][60/400] lr: 9.44e-05 | MSE loss: 5.2960e-04 | time: 0.171
I 06.01/02:44:19 solver.py:136 ] Epoch: [269/400][80/400] lr: 9.44e-05 | MSE loss: 5.3108e-04 | time: 0.165
I 06.01/02:44:21 solver.py:136 ] Epoch: [269/400][100/400] lr: 9.43e-05 | MSE loss: 5.3114e-04 | time: 0.159
I 06.01/02:44:24 solver.py:136 ] Epoch: [269/400][120/400] lr: 9.43e-05 | MSE loss: 5.3032e-04 | time: 0.155
I 06.01/02:44:27 solver.py:136 ] Epoch: [269/400][140/400] lr: 9.43e-05 | MSE loss: 5.2970e-04 | time: 0.157
I 06.01/02:44:31 solver.py:136 ] Epoch: [269/400][160/400] lr: 9.43e-05 | MSE loss: 5.3005e-04 | time: 0.160
I 06.01/02:44:35 solver.py:136 ] Epoch: [269/400][180/400] lr: 9.42e-05 | MSE loss: 5.3026e-04 | time: 0.162
I 06.01/02:44:38 solver.py:136 ] Epoch: [269/400][200/400] lr: 9.42e-05 | MSE loss: 5.2931e-04 | time: 0.165
I 06.01/02:44:41 solver.py:136 ] Epoch: [269/400][220/400] lr: 9.42e-05 | MSE loss: 5.3051e-04 | time: 0.163
I 06.01/02:44:44 solver.py:136 ] Epoch: [269/400][240/400] lr: 9.41e-05 | MSE loss: 5.2993e-04 | time: 0.161
I 06.01/02:44:47 solver.py:136 ] Epoch: [269/400][260/400] lr: 9.41e-05 | MSE loss: 5.2925e-04 | time: 0.160
I 06.01/02:44:50 solver.py:136 ] Epoch: [269/400][280/400] lr: 9.41e-05 | MSE loss: 5.2728e-04 | time: 0.160
I 06.01/02:44:53 solver.py:136 ] Epoch: [269/400][300/400] lr: 9.40e-05 | MSE loss: 5.2760e-04 | time: 0.159
I 06.01/02:44:56 solver.py:136 ] Epoch: [269/400][320/400] lr: 9.40e-05 | MSE loss: 5.2687e-04 | time: 0.160
I 06.01/02:45:00 solver.py:136 ] Epoch: [269/400][340/400] lr: 9.40e-05 | MSE loss: 5.2629e-04 | time: 0.160
I 06.01/02:45:05 solver.py:136 ] Epoch: [269/400][360/400] lr: 9.40e-05 | MSE loss: 5.2636e-04 | time: 0.167
I 06.01/02:45:09 solver.py:136 ] Epoch: [269/400][380/400] lr: 9.39e-05 | MSE loss: 5.2599e-04 | time: 0.167
I 06.01/02:45:12 solver.py:136 ] Epoch: [269/400][400/400] lr: 9.39e-05 | MSE loss: 5.2506e-04 | time: 0.168
I 06.01/02:45:12 solver.py:146 ] => Train  Loss: 5.2506e-04

I 06.01/02:45:16 solver.py:205 ] 
=! Best NMSE: -2.7195e+01 (epoch=260)

I 06.01/02:45:20 solver.py:136 ] Epoch: [270/400][20/400] lr: 9.39e-05 | MSE loss: 5.2621e-04 | time: 0.167
I 06.01/02:45:23 solver.py:136 ] Epoch: [270/400][40/400] lr: 9.38e-05 | MSE loss: 5.2111e-04 | time: 0.173
I 06.01/02:45:26 solver.py:136 ] Epoch: [270/400][60/400] lr: 9.38e-05 | MSE loss: 5.1439e-04 | time: 0.168
I 06.01/02:45:29 solver.py:136 ] Epoch: [270/400][80/400] lr: 9.38e-05 | MSE loss: 5.1676e-04 | time: 0.164
I 06.01/02:45:32 solver.py:136 ] Epoch: [270/400][100/400] lr: 9.37e-05 | MSE loss: 5.1655e-04 | time: 0.156
I 06.01/02:45:36 solver.py:136 ] Epoch: [270/400][120/400] lr: 9.37e-05 | MSE loss: 5.1808e-04 | time: 0.162
I 06.01/02:45:39 solver.py:136 ] Epoch: [270/400][140/400] lr: 9.37e-05 | MSE loss: 5.1899e-04 | time: 0.164
I 06.01/02:45:43 solver.py:136 ] Epoch: [270/400][160/400] lr: 9.37e-05 | MSE loss: 5.2047e-04 | time: 0.165
I 06.01/02:45:46 solver.py:136 ] Epoch: [270/400][180/400] lr: 9.36e-05 | MSE loss: 5.2054e-04 | time: 0.165
I 06.01/02:45:49 solver.py:136 ] Epoch: [270/400][200/400] lr: 9.36e-05 | MSE loss: 5.2002e-04 | time: 0.162
I 06.01/02:45:52 solver.py:136 ] Epoch: [270/400][220/400] lr: 9.36e-05 | MSE loss: 5.2126e-04 | time: 0.163
I 06.01/02:45:56 solver.py:136 ] Epoch: [270/400][240/400] lr: 9.35e-05 | MSE loss: 5.2094e-04 | time: 0.164
I 06.01/02:45:59 solver.py:136 ] Epoch: [270/400][260/400] lr: 9.35e-05 | MSE loss: 5.2132e-04 | time: 0.164
I 06.01/02:46:04 solver.py:136 ] Epoch: [270/400][280/400] lr: 9.35e-05 | MSE loss: 5.2242e-04 | time: 0.170
I 06.01/02:46:07 solver.py:136 ] Epoch: [270/400][300/400] lr: 9.35e-05 | MSE loss: 5.2390e-04 | time: 0.171
I 06.01/02:46:11 solver.py:136 ] Epoch: [270/400][320/400] lr: 9.34e-05 | MSE loss: 5.2402e-04 | time: 0.171
I 06.01/02:46:15 solver.py:136 ] Epoch: [270/400][340/400] lr: 9.34e-05 | MSE loss: 5.2441e-04 | time: 0.172
I 06.01/02:46:18 solver.py:136 ] Epoch: [270/400][360/400] lr: 9.34e-05 | MSE loss: 5.2561e-04 | time: 0.172
I 06.01/02:46:21 solver.py:136 ] Epoch: [270/400][380/400] lr: 9.33e-05 | MSE loss: 5.2565e-04 | time: 0.171
I 06.01/02:46:24 solver.py:136 ] Epoch: [270/400][400/400] lr: 9.33e-05 | MSE loss: 5.2542e-04 | time: 0.170
I 06.01/02:46:24 solver.py:146 ] => Train  Loss: 5.2542e-04

I 06.01/02:46:28 solver.py:136 ] Epoch: [270/400][20/50] lr: 9.33e-05 | MSE loss: 9.0946e-04 | time: 0.151
I 06.01/02:46:30 solver.py:136 ] Epoch: [270/400][40/50] lr: 9.33e-05 | MSE loss: 9.2924e-04 | time: 0.148
I 06.01/02:46:32 solver.py:146 ] => Val  Loss: 9.2047e-04

I 06.01/02:46:35 solver.py:287 ] [20/50] loss: 9.5003e-04 | NMSE: -2.7251e+01 | time: 0.156
I 06.01/02:46:38 solver.py:287 ] [40/50] loss: 9.5210e-04 | NMSE: -2.7257e+01 | time: 0.161
I 06.01/02:46:40 solver.py:291 ] => Test NMSE: -2.7241e+01

I 06.01/02:46:49 solver.py:205 ] 
=! Best NMSE: -2.7241e+01 (epoch=270)

I 06.01/02:46:53 solver.py:136 ] Epoch: [271/400][20/400] lr: 9.33e-05 | MSE loss: 5.1389e-04 | time: 0.181
I 06.01/02:46:56 solver.py:136 ] Epoch: [271/400][40/400] lr: 9.32e-05 | MSE loss: 5.1576e-04 | time: 0.166
I 06.01/02:46:58 solver.py:136 ] Epoch: [271/400][60/400] lr: 9.32e-05 | MSE loss: 5.1875e-04 | time: 0.152
I 06.01/02:47:01 solver.py:136 ] Epoch: [271/400][80/400] lr: 9.32e-05 | MSE loss: 5.1918e-04 | time: 0.144
I 06.01/02:47:05 solver.py:136 ] Epoch: [271/400][100/400] lr: 9.32e-05 | MSE loss: 5.1968e-04 | time: 0.163
I 06.01/02:47:09 solver.py:136 ] Epoch: [271/400][120/400] lr: 9.31e-05 | MSE loss: 5.2162e-04 | time: 0.164
I 06.01/02:47:12 solver.py:136 ] Epoch: [271/400][140/400] lr: 9.31e-05 | MSE loss: 5.2173e-04 | time: 0.165
I 06.01/02:47:16 solver.py:136 ] Epoch: [271/400][160/400] lr: 9.31e-05 | MSE loss: 5.2160e-04 | time: 0.168
I 06.01/02:47:19 solver.py:136 ] Epoch: [271/400][180/400] lr: 9.30e-05 | MSE loss: 5.2106e-04 | time: 0.167
I 06.01/02:47:23 solver.py:136 ] Epoch: [271/400][200/400] lr: 9.30e-05 | MSE loss: 5.2307e-04 | time: 0.167
I 06.01/02:47:26 solver.py:136 ] Epoch: [271/400][220/400] lr: 9.30e-05 | MSE loss: 5.2328e-04 | time: 0.166
I 06.01/02:47:29 solver.py:136 ] Epoch: [271/400][240/400] lr: 9.29e-05 | MSE loss: 5.2418e-04 | time: 0.166
I 06.01/02:47:32 solver.py:136 ] Epoch: [271/400][260/400] lr: 9.29e-05 | MSE loss: 5.2351e-04 | time: 0.167
I 06.01/02:47:36 solver.py:136 ] Epoch: [271/400][280/400] lr: 9.29e-05 | MSE loss: 5.2400e-04 | time: 0.166
I 06.01/02:47:39 solver.py:136 ] Epoch: [271/400][300/400] lr: 9.29e-05 | MSE loss: 5.2372e-04 | time: 0.167
I 06.01/02:47:43 solver.py:136 ] Epoch: [271/400][320/400] lr: 9.28e-05 | MSE loss: 5.2536e-04 | time: 0.168
I 06.01/02:47:46 solver.py:136 ] Epoch: [271/400][340/400] lr: 9.28e-05 | MSE loss: 5.2480e-04 | time: 0.167
I 06.01/02:47:50 solver.py:136 ] Epoch: [271/400][360/400] lr: 9.28e-05 | MSE loss: 5.2546e-04 | time: 0.168
I 06.01/02:47:53 solver.py:136 ] Epoch: [271/400][380/400] lr: 9.27e-05 | MSE loss: 5.2583e-04 | time: 0.168
I 06.01/02:47:56 solver.py:136 ] Epoch: [271/400][400/400] lr: 9.27e-05 | MSE loss: 5.2531e-04 | time: 0.168
I 06.01/02:47:56 solver.py:146 ] => Train  Loss: 5.2531e-04

I 06.01/02:47:59 solver.py:205 ] 
=! Best NMSE: -2.7241e+01 (epoch=270)

I 06.01/02:48:05 solver.py:136 ] Epoch: [272/400][20/400] lr: 9.27e-05 | MSE loss: 5.1638e-04 | time: 0.277
I 06.01/02:48:09 solver.py:136 ] Epoch: [272/400][40/400] lr: 9.27e-05 | MSE loss: 5.2224e-04 | time: 0.226
I 06.01/02:48:11 solver.py:136 ] Epoch: [272/400][60/400] lr: 9.26e-05 | MSE loss: 5.1610e-04 | time: 0.195
I 06.01/02:48:13 solver.py:136 ] Epoch: [272/400][80/400] lr: 9.26e-05 | MSE loss: 5.2482e-04 | time: 0.173
I 06.01/02:48:16 solver.py:136 ] Epoch: [272/400][100/400] lr: 9.26e-05 | MSE loss: 5.2114e-04 | time: 0.167
I 06.01/02:48:20 solver.py:136 ] Epoch: [272/400][120/400] lr: 9.25e-05 | MSE loss: 5.1849e-04 | time: 0.169
I 06.01/02:48:23 solver.py:136 ] Epoch: [272/400][140/400] lr: 9.25e-05 | MSE loss: 5.1720e-04 | time: 0.167
I 06.01/02:48:26 solver.py:136 ] Epoch: [272/400][160/400] lr: 9.25e-05 | MSE loss: 5.1624e-04 | time: 0.165
I 06.01/02:48:29 solver.py:136 ] Epoch: [272/400][180/400] lr: 9.24e-05 | MSE loss: 5.1551e-04 | time: 0.166
I 06.01/02:48:33 solver.py:136 ] Epoch: [272/400][200/400] lr: 9.24e-05 | MSE loss: 5.1513e-04 | time: 0.167
I 06.01/02:48:36 solver.py:136 ] Epoch: [272/400][220/400] lr: 9.24e-05 | MSE loss: 5.1498e-04 | time: 0.167
I 06.01/02:48:40 solver.py:136 ] Epoch: [272/400][240/400] lr: 9.24e-05 | MSE loss: 5.1483e-04 | time: 0.168
I 06.01/02:48:43 solver.py:136 ] Epoch: [272/400][260/400] lr: 9.23e-05 | MSE loss: 5.1611e-04 | time: 0.168
I 06.01/02:48:47 solver.py:136 ] Epoch: [272/400][280/400] lr: 9.23e-05 | MSE loss: 5.1620e-04 | time: 0.169
I 06.01/02:48:50 solver.py:136 ] Epoch: [272/400][300/400] lr: 9.23e-05 | MSE loss: 5.1741e-04 | time: 0.169
I 06.01/02:48:54 solver.py:136 ] Epoch: [272/400][320/400] lr: 9.22e-05 | MSE loss: 5.1743e-04 | time: 0.170
I 06.01/02:48:57 solver.py:136 ] Epoch: [272/400][340/400] lr: 9.22e-05 | MSE loss: 5.1729e-04 | time: 0.170
I 06.01/02:49:01 solver.py:136 ] Epoch: [272/400][360/400] lr: 9.22e-05 | MSE loss: 5.1698e-04 | time: 0.171
I 06.01/02:49:06 solver.py:136 ] Epoch: [272/400][380/400] lr: 9.22e-05 | MSE loss: 5.1772e-04 | time: 0.175
I 06.01/02:49:09 solver.py:136 ] Epoch: [272/400][400/400] lr: 9.21e-05 | MSE loss: 5.1767e-04 | time: 0.173
I 06.01/02:49:09 solver.py:146 ] => Train  Loss: 5.1767e-04

I 06.01/02:49:13 solver.py:205 ] 
=! Best NMSE: -2.7241e+01 (epoch=270)

I 06.01/02:49:17 solver.py:136 ] Epoch: [273/400][20/400] lr: 9.21e-05 | MSE loss: 4.9303e-04 | time: 0.191
I 06.01/02:49:21 solver.py:136 ] Epoch: [273/400][40/400] lr: 9.21e-05 | MSE loss: 4.9734e-04 | time: 0.180
I 06.01/02:49:24 solver.py:136 ] Epoch: [273/400][60/400] lr: 9.20e-05 | MSE loss: 5.0135e-04 | time: 0.168
I 06.01/02:49:27 solver.py:136 ] Epoch: [273/400][80/400] lr: 9.20e-05 | MSE loss: 5.0055e-04 | time: 0.169
I 06.01/02:49:30 solver.py:136 ] Epoch: [273/400][100/400] lr: 9.20e-05 | MSE loss: 5.0554e-04 | time: 0.170
I 06.01/02:49:33 solver.py:136 ] Epoch: [273/400][120/400] lr: 9.19e-05 | MSE loss: 5.0833e-04 | time: 0.168
I 06.01/02:49:37 solver.py:136 ] Epoch: [273/400][140/400] lr: 9.19e-05 | MSE loss: 5.1077e-04 | time: 0.169
I 06.01/02:49:40 solver.py:136 ] Epoch: [273/400][160/400] lr: 9.19e-05 | MSE loss: 5.1285e-04 | time: 0.168
I 06.01/02:49:43 solver.py:136 ] Epoch: [273/400][180/400] lr: 9.19e-05 | MSE loss: 5.1558e-04 | time: 0.166
I 06.01/02:49:47 solver.py:136 ] Epoch: [273/400][200/400] lr: 9.18e-05 | MSE loss: 5.1775e-04 | time: 0.166
I 06.01/02:49:50 solver.py:136 ] Epoch: [273/400][220/400] lr: 9.18e-05 | MSE loss: 5.1999e-04 | time: 0.165
I 06.01/02:49:53 solver.py:136 ] Epoch: [273/400][240/400] lr: 9.18e-05 | MSE loss: 5.2158e-04 | time: 0.166
I 06.01/02:49:56 solver.py:136 ] Epoch: [273/400][260/400] lr: 9.17e-05 | MSE loss: 5.2121e-04 | time: 0.165
I 06.01/02:50:00 solver.py:136 ] Epoch: [273/400][280/400] lr: 9.17e-05 | MSE loss: 5.2078e-04 | time: 0.167
I 06.01/02:50:05 solver.py:136 ] Epoch: [273/400][300/400] lr: 9.17e-05 | MSE loss: 5.2059e-04 | time: 0.173
I 06.01/02:50:09 solver.py:136 ] Epoch: [273/400][320/400] lr: 9.17e-05 | MSE loss: 5.2073e-04 | time: 0.173
I 06.01/02:50:12 solver.py:136 ] Epoch: [273/400][340/400] lr: 9.16e-05 | MSE loss: 5.2071e-04 | time: 0.172
I 06.01/02:50:15 solver.py:136 ] Epoch: [273/400][360/400] lr: 9.16e-05 | MSE loss: 5.2097e-04 | time: 0.171
I 06.01/02:50:19 solver.py:136 ] Epoch: [273/400][380/400] lr: 9.16e-05 | MSE loss: 5.2154e-04 | time: 0.172
I 06.01/02:50:22 solver.py:136 ] Epoch: [273/400][400/400] lr: 9.15e-05 | MSE loss: 5.2105e-04 | time: 0.172
I 06.01/02:50:22 solver.py:146 ] => Train  Loss: 5.2105e-04

I 06.01/02:50:27 solver.py:205 ] 
=! Best NMSE: -2.7241e+01 (epoch=270)

I 06.01/02:50:31 solver.py:136 ] Epoch: [274/400][20/400] lr: 9.15e-05 | MSE loss: 5.0929e-04 | time: 0.186
I 06.01/02:50:34 solver.py:136 ] Epoch: [274/400][40/400] lr: 9.15e-05 | MSE loss: 5.1331e-04 | time: 0.168
I 06.01/02:50:37 solver.py:136 ] Epoch: [274/400][60/400] lr: 9.14e-05 | MSE loss: 5.2227e-04 | time: 0.167
I 06.01/02:50:41 solver.py:136 ] Epoch: [274/400][80/400] lr: 9.14e-05 | MSE loss: 5.2588e-04 | time: 0.165
I 06.01/02:50:44 solver.py:136 ] Epoch: [274/400][100/400] lr: 9.14e-05 | MSE loss: 5.2119e-04 | time: 0.165
I 06.01/02:50:48 solver.py:136 ] Epoch: [274/400][120/400] lr: 9.14e-05 | MSE loss: 5.2068e-04 | time: 0.166
I 06.01/02:50:51 solver.py:136 ] Epoch: [274/400][140/400] lr: 9.13e-05 | MSE loss: 5.2048e-04 | time: 0.166
I 06.01/02:50:54 solver.py:136 ] Epoch: [274/400][160/400] lr: 9.13e-05 | MSE loss: 5.1918e-04 | time: 0.166
I 06.01/02:50:57 solver.py:136 ] Epoch: [274/400][180/400] lr: 9.13e-05 | MSE loss: 5.1801e-04 | time: 0.165
I 06.01/02:51:01 solver.py:136 ] Epoch: [274/400][200/400] lr: 9.12e-05 | MSE loss: 5.1653e-04 | time: 0.168
I 06.01/02:51:06 solver.py:136 ] Epoch: [274/400][220/400] lr: 9.12e-05 | MSE loss: 5.1537e-04 | time: 0.176
I 06.01/02:51:09 solver.py:136 ] Epoch: [274/400][240/400] lr: 9.12e-05 | MSE loss: 5.1576e-04 | time: 0.174
I 06.01/02:51:13 solver.py:136 ] Epoch: [274/400][260/400] lr: 9.12e-05 | MSE loss: 5.1412e-04 | time: 0.173
I 06.01/02:51:16 solver.py:136 ] Epoch: [274/400][280/400] lr: 9.11e-05 | MSE loss: 5.1352e-04 | time: 0.173
I 06.01/02:51:20 solver.py:136 ] Epoch: [274/400][300/400] lr: 9.11e-05 | MSE loss: 5.1312e-04 | time: 0.173
I 06.01/02:51:23 solver.py:136 ] Epoch: [274/400][320/400] lr: 9.11e-05 | MSE loss: 5.1324e-04 | time: 0.174
I 06.01/02:51:26 solver.py:136 ] Epoch: [274/400][340/400] lr: 9.10e-05 | MSE loss: 5.1347e-04 | time: 0.173
I 06.01/02:51:30 solver.py:136 ] Epoch: [274/400][360/400] lr: 9.10e-05 | MSE loss: 5.1408e-04 | time: 0.173
I 06.01/02:51:33 solver.py:136 ] Epoch: [274/400][380/400] lr: 9.10e-05 | MSE loss: 5.1415e-04 | time: 0.172
I 06.01/02:51:37 solver.py:136 ] Epoch: [274/400][400/400] lr: 9.10e-05 | MSE loss: 5.1462e-04 | time: 0.173
I 06.01/02:51:37 solver.py:146 ] => Train  Loss: 5.1462e-04

I 06.01/02:51:41 solver.py:205 ] 
=! Best NMSE: -2.7241e+01 (epoch=270)

I 06.01/02:51:45 solver.py:136 ] Epoch: [275/400][20/400] lr: 9.09e-05 | MSE loss: 5.1296e-04 | time: 0.165
I 06.01/02:51:48 solver.py:136 ] Epoch: [275/400][40/400] lr: 9.09e-05 | MSE loss: 5.1247e-04 | time: 0.163
I 06.01/02:51:51 solver.py:136 ] Epoch: [275/400][60/400] lr: 9.09e-05 | MSE loss: 5.0809e-04 | time: 0.171
I 06.01/02:51:55 solver.py:136 ] Epoch: [275/400][80/400] lr: 9.08e-05 | MSE loss: 5.0576e-04 | time: 0.175
I 06.01/02:51:59 solver.py:136 ] Epoch: [275/400][100/400] lr: 9.08e-05 | MSE loss: 5.0976e-04 | time: 0.174
I 06.01/02:52:03 solver.py:136 ] Epoch: [275/400][120/400] lr: 9.08e-05 | MSE loss: 5.0875e-04 | time: 0.182
I 06.01/02:52:07 solver.py:136 ] Epoch: [275/400][140/400] lr: 9.07e-05 | MSE loss: 5.1121e-04 | time: 0.184
I 06.01/02:52:10 solver.py:136 ] Epoch: [275/400][160/400] lr: 9.07e-05 | MSE loss: 5.1073e-04 | time: 0.181
I 06.01/02:52:14 solver.py:136 ] Epoch: [275/400][180/400] lr: 9.07e-05 | MSE loss: 5.1202e-04 | time: 0.180
I 06.01/02:52:17 solver.py:136 ] Epoch: [275/400][200/400] lr: 9.07e-05 | MSE loss: 5.1249e-04 | time: 0.178
I 06.01/02:52:21 solver.py:136 ] Epoch: [275/400][220/400] lr: 9.06e-05 | MSE loss: 5.1424e-04 | time: 0.179
I 06.01/02:52:24 solver.py:136 ] Epoch: [275/400][240/400] lr: 9.06e-05 | MSE loss: 5.1400e-04 | time: 0.176
I 06.01/02:52:27 solver.py:136 ] Epoch: [275/400][260/400] lr: 9.06e-05 | MSE loss: 5.1459e-04 | time: 0.176
I 06.01/02:52:31 solver.py:136 ] Epoch: [275/400][280/400] lr: 9.05e-05 | MSE loss: 5.1457e-04 | time: 0.176
I 06.01/02:52:34 solver.py:136 ] Epoch: [275/400][300/400] lr: 9.05e-05 | MSE loss: 5.1467e-04 | time: 0.176
I 06.01/02:52:37 solver.py:136 ] Epoch: [275/400][320/400] lr: 9.05e-05 | MSE loss: 5.1575e-04 | time: 0.175
I 06.01/02:52:40 solver.py:136 ] Epoch: [275/400][340/400] lr: 9.05e-05 | MSE loss: 5.1516e-04 | time: 0.173
I 06.01/02:52:44 solver.py:136 ] Epoch: [275/400][360/400] lr: 9.04e-05 | MSE loss: 5.1556e-04 | time: 0.174
I 06.01/02:52:47 solver.py:136 ] Epoch: [275/400][380/400] lr: 9.04e-05 | MSE loss: 5.1506e-04 | time: 0.174
I 06.01/02:52:51 solver.py:136 ] Epoch: [275/400][400/400] lr: 9.04e-05 | MSE loss: 5.1464e-04 | time: 0.173
I 06.01/02:52:51 solver.py:146 ] => Train  Loss: 5.1464e-04

I 06.01/02:52:57 solver.py:205 ] 
=! Best NMSE: -2.7241e+01 (epoch=270)

I 06.01/02:53:02 solver.py:136 ] Epoch: [276/400][20/400] lr: 9.03e-05 | MSE loss: 5.0413e-04 | time: 0.212
I 06.01/02:53:06 solver.py:136 ] Epoch: [276/400][40/400] lr: 9.03e-05 | MSE loss: 4.9369e-04 | time: 0.224
I 06.01/02:53:10 solver.py:136 ] Epoch: [276/400][60/400] lr: 9.03e-05 | MSE loss: 5.0103e-04 | time: 0.207
I 06.01/02:53:13 solver.py:136 ] Epoch: [276/400][80/400] lr: 9.03e-05 | MSE loss: 5.0278e-04 | time: 0.190
I 06.01/02:53:16 solver.py:136 ] Epoch: [276/400][100/400] lr: 9.02e-05 | MSE loss: 5.0217e-04 | time: 0.183
I 06.01/02:53:19 solver.py:136 ] Epoch: [276/400][120/400] lr: 9.02e-05 | MSE loss: 5.0563e-04 | time: 0.180
I 06.01/02:53:22 solver.py:136 ] Epoch: [276/400][140/400] lr: 9.02e-05 | MSE loss: 5.0459e-04 | time: 0.177
I 06.01/02:53:25 solver.py:136 ] Epoch: [276/400][160/400] lr: 9.01e-05 | MSE loss: 5.0443e-04 | time: 0.176
I 06.01/02:53:29 solver.py:136 ] Epoch: [276/400][180/400] lr: 9.01e-05 | MSE loss: 5.0349e-04 | time: 0.176
I 06.01/02:53:33 solver.py:136 ] Epoch: [276/400][200/400] lr: 9.01e-05 | MSE loss: 5.0489e-04 | time: 0.178
I 06.01/02:53:36 solver.py:136 ] Epoch: [276/400][220/400] lr: 9.00e-05 | MSE loss: 5.0403e-04 | time: 0.177
I 06.01/02:53:39 solver.py:136 ] Epoch: [276/400][240/400] lr: 9.00e-05 | MSE loss: 5.0384e-04 | time: 0.175
I 06.01/02:53:43 solver.py:136 ] Epoch: [276/400][260/400] lr: 9.00e-05 | MSE loss: 5.0555e-04 | time: 0.175
I 06.01/02:53:46 solver.py:136 ] Epoch: [276/400][280/400] lr: 9.00e-05 | MSE loss: 5.0497e-04 | time: 0.173
I 06.01/02:53:49 solver.py:136 ] Epoch: [276/400][300/400] lr: 8.99e-05 | MSE loss: 5.0796e-04 | time: 0.172
I 06.01/02:53:52 solver.py:136 ] Epoch: [276/400][320/400] lr: 8.99e-05 | MSE loss: 5.0869e-04 | time: 0.171
I 06.01/02:53:56 solver.py:136 ] Epoch: [276/400][340/400] lr: 8.99e-05 | MSE loss: 5.0913e-04 | time: 0.172
I 06.01/02:53:59 solver.py:136 ] Epoch: [276/400][360/400] lr: 8.98e-05 | MSE loss: 5.1036e-04 | time: 0.172
I 06.01/02:54:04 solver.py:136 ] Epoch: [276/400][380/400] lr: 8.98e-05 | MSE loss: 5.1063e-04 | time: 0.176
I 06.01/02:54:07 solver.py:136 ] Epoch: [276/400][400/400] lr: 8.98e-05 | MSE loss: 5.1131e-04 | time: 0.175
I 06.01/02:54:07 solver.py:146 ] => Train  Loss: 5.1131e-04

I 06.01/02:54:11 solver.py:205 ] 
=! Best NMSE: -2.7241e+01 (epoch=270)

I 06.01/02:54:16 solver.py:136 ] Epoch: [277/400][20/400] lr: 8.98e-05 | MSE loss: 5.0756e-04 | time: 0.211
I 06.01/02:54:20 solver.py:136 ] Epoch: [277/400][40/400] lr: 8.97e-05 | MSE loss: 5.0707e-04 | time: 0.210
I 06.01/02:54:23 solver.py:136 ] Epoch: [277/400][60/400] lr: 8.97e-05 | MSE loss: 5.0760e-04 | time: 0.192
I 06.01/02:54:26 solver.py:136 ] Epoch: [277/400][80/400] lr: 8.97e-05 | MSE loss: 5.1168e-04 | time: 0.177
I 06.01/02:54:28 solver.py:136 ] Epoch: [277/400][100/400] lr: 8.96e-05 | MSE loss: 5.1052e-04 | time: 0.167
I 06.01/02:54:31 solver.py:136 ] Epoch: [277/400][120/400] lr: 8.96e-05 | MSE loss: 5.0954e-04 | time: 0.163
I 06.01/02:54:34 solver.py:136 ] Epoch: [277/400][140/400] lr: 8.96e-05 | MSE loss: 5.1080e-04 | time: 0.163
I 06.01/02:54:37 solver.py:136 ] Epoch: [277/400][160/400] lr: 8.96e-05 | MSE loss: 5.0781e-04 | time: 0.163
I 06.01/02:54:40 solver.py:136 ] Epoch: [277/400][180/400] lr: 8.95e-05 | MSE loss: 5.0733e-04 | time: 0.161
I 06.01/02:54:44 solver.py:136 ] Epoch: [277/400][200/400] lr: 8.95e-05 | MSE loss: 5.0700e-04 | time: 0.162
I 06.01/02:54:47 solver.py:136 ] Epoch: [277/400][220/400] lr: 8.95e-05 | MSE loss: 5.0897e-04 | time: 0.163
I 06.01/02:54:51 solver.py:136 ] Epoch: [277/400][240/400] lr: 8.94e-05 | MSE loss: 5.0933e-04 | time: 0.164
I 06.01/02:54:54 solver.py:136 ] Epoch: [277/400][260/400] lr: 8.94e-05 | MSE loss: 5.0849e-04 | time: 0.165
I 06.01/02:54:58 solver.py:136 ] Epoch: [277/400][280/400] lr: 8.94e-05 | MSE loss: 5.0842e-04 | time: 0.165
I 06.01/02:55:02 solver.py:136 ] Epoch: [277/400][300/400] lr: 8.94e-05 | MSE loss: 5.0817e-04 | time: 0.170
I 06.01/02:55:07 solver.py:136 ] Epoch: [277/400][320/400] lr: 8.93e-05 | MSE loss: 5.0790e-04 | time: 0.172
I 06.01/02:55:10 solver.py:136 ] Epoch: [277/400][340/400] lr: 8.93e-05 | MSE loss: 5.0726e-04 | time: 0.172
I 06.01/02:55:14 solver.py:136 ] Epoch: [277/400][360/400] lr: 8.93e-05 | MSE loss: 5.0825e-04 | time: 0.172
I 06.01/02:55:16 solver.py:136 ] Epoch: [277/400][380/400] lr: 8.92e-05 | MSE loss: 5.0926e-04 | time: 0.170
I 06.01/02:55:19 solver.py:136 ] Epoch: [277/400][400/400] lr: 8.92e-05 | MSE loss: 5.0943e-04 | time: 0.168
I 06.01/02:55:19 solver.py:146 ] => Train  Loss: 5.0943e-04

I 06.01/02:55:23 solver.py:205 ] 
=! Best NMSE: -2.7241e+01 (epoch=270)

I 06.01/02:55:26 solver.py:136 ] Epoch: [278/400][20/400] lr: 8.92e-05 | MSE loss: 5.0336e-04 | time: 0.176
I 06.01/02:55:30 solver.py:136 ] Epoch: [278/400][40/400] lr: 8.92e-05 | MSE loss: 5.0323e-04 | time: 0.184
I 06.01/02:55:33 solver.py:136 ] Epoch: [278/400][60/400] lr: 8.91e-05 | MSE loss: 5.0345e-04 | time: 0.174
I 06.01/02:55:36 solver.py:136 ] Epoch: [278/400][80/400] lr: 8.91e-05 | MSE loss: 5.0187e-04 | time: 0.170
I 06.01/02:55:39 solver.py:136 ] Epoch: [278/400][100/400] lr: 8.91e-05 | MSE loss: 4.9904e-04 | time: 0.167
I 06.01/02:55:43 solver.py:136 ] Epoch: [278/400][120/400] lr: 8.90e-05 | MSE loss: 4.9942e-04 | time: 0.165
I 06.01/02:55:46 solver.py:136 ] Epoch: [278/400][140/400] lr: 8.90e-05 | MSE loss: 4.9885e-04 | time: 0.167
I 06.01/02:55:49 solver.py:136 ] Epoch: [278/400][160/400] lr: 8.90e-05 | MSE loss: 4.9802e-04 | time: 0.166
I 06.01/02:55:53 solver.py:136 ] Epoch: [278/400][180/400] lr: 8.90e-05 | MSE loss: 5.0008e-04 | time: 0.168
I 06.01/02:55:56 solver.py:136 ] Epoch: [278/400][200/400] lr: 8.89e-05 | MSE loss: 5.0250e-04 | time: 0.169
I 06.01/02:56:00 solver.py:136 ] Epoch: [278/400][220/400] lr: 8.89e-05 | MSE loss: 5.0296e-04 | time: 0.170
I 06.01/02:56:06 solver.py:136 ] Epoch: [278/400][240/400] lr: 8.89e-05 | MSE loss: 5.0355e-04 | time: 0.178
I 06.01/02:56:09 solver.py:136 ] Epoch: [278/400][260/400] lr: 8.88e-05 | MSE loss: 5.0496e-04 | time: 0.178
I 06.01/02:56:12 solver.py:136 ] Epoch: [278/400][280/400] lr: 8.88e-05 | MSE loss: 5.0434e-04 | time: 0.177
I 06.01/02:56:16 solver.py:136 ] Epoch: [278/400][300/400] lr: 8.88e-05 | MSE loss: 5.0465e-04 | time: 0.177
I 06.01/02:56:19 solver.py:136 ] Epoch: [278/400][320/400] lr: 8.88e-05 | MSE loss: 5.0555e-04 | time: 0.177
I 06.01/02:56:23 solver.py:136 ] Epoch: [278/400][340/400] lr: 8.87e-05 | MSE loss: 5.0658e-04 | time: 0.176
I 06.01/02:56:26 solver.py:136 ] Epoch: [278/400][360/400] lr: 8.87e-05 | MSE loss: 5.0696e-04 | time: 0.177
I 06.01/02:56:29 solver.py:136 ] Epoch: [278/400][380/400] lr: 8.87e-05 | MSE loss: 5.0652e-04 | time: 0.175
I 06.01/02:56:32 solver.py:136 ] Epoch: [278/400][400/400] lr: 8.86e-05 | MSE loss: 5.0648e-04 | time: 0.173
I 06.01/02:56:32 solver.py:146 ] => Train  Loss: 5.0648e-04

I 06.01/02:56:36 solver.py:205 ] 
=! Best NMSE: -2.7241e+01 (epoch=270)

I 06.01/02:56:40 solver.py:136 ] Epoch: [279/400][20/400] lr: 8.86e-05 | MSE loss: 4.9221e-04 | time: 0.167
I 06.01/02:56:43 solver.py:136 ] Epoch: [279/400][40/400] lr: 8.86e-05 | MSE loss: 4.9852e-04 | time: 0.154
I 06.01/02:56:46 solver.py:136 ] Epoch: [279/400][60/400] lr: 8.86e-05 | MSE loss: 4.9488e-04 | time: 0.155
I 06.01/02:56:49 solver.py:136 ] Epoch: [279/400][80/400] lr: 8.85e-05 | MSE loss: 4.9974e-04 | time: 0.157
I 06.01/02:56:52 solver.py:136 ] Epoch: [279/400][100/400] lr: 8.85e-05 | MSE loss: 5.0069e-04 | time: 0.159
I 06.01/02:56:56 solver.py:136 ] Epoch: [279/400][120/400] lr: 8.85e-05 | MSE loss: 4.9805e-04 | time: 0.158
I 06.01/02:56:59 solver.py:136 ] Epoch: [279/400][140/400] lr: 8.84e-05 | MSE loss: 4.9682e-04 | time: 0.160
I 06.01/02:57:04 solver.py:136 ] Epoch: [279/400][160/400] lr: 8.84e-05 | MSE loss: 4.9821e-04 | time: 0.172
I 06.01/02:57:08 solver.py:136 ] Epoch: [279/400][180/400] lr: 8.84e-05 | MSE loss: 4.9823e-04 | time: 0.175
I 06.01/02:57:11 solver.py:136 ] Epoch: [279/400][200/400] lr: 8.84e-05 | MSE loss: 4.9862e-04 | time: 0.175
I 06.01/02:57:15 solver.py:136 ] Epoch: [279/400][220/400] lr: 8.83e-05 | MSE loss: 4.9934e-04 | time: 0.176
I 06.01/02:57:19 solver.py:136 ] Epoch: [279/400][240/400] lr: 8.83e-05 | MSE loss: 5.0090e-04 | time: 0.177
I 06.01/02:57:22 solver.py:136 ] Epoch: [279/400][260/400] lr: 8.83e-05 | MSE loss: 5.0239e-04 | time: 0.176
I 06.01/02:57:26 solver.py:136 ] Epoch: [279/400][280/400] lr: 8.82e-05 | MSE loss: 5.0237e-04 | time: 0.176
I 06.01/02:57:29 solver.py:136 ] Epoch: [279/400][300/400] lr: 8.82e-05 | MSE loss: 5.0321e-04 | time: 0.176
I 06.01/02:57:33 solver.py:136 ] Epoch: [279/400][320/400] lr: 8.82e-05 | MSE loss: 5.0288e-04 | time: 0.175
I 06.01/02:57:36 solver.py:136 ] Epoch: [279/400][340/400] lr: 8.82e-05 | MSE loss: 5.0330e-04 | time: 0.175
I 06.01/02:57:39 solver.py:136 ] Epoch: [279/400][360/400] lr: 8.81e-05 | MSE loss: 5.0380e-04 | time: 0.174
I 06.01/02:57:42 solver.py:136 ] Epoch: [279/400][380/400] lr: 8.81e-05 | MSE loss: 5.0534e-04 | time: 0.172
I 06.01/02:57:45 solver.py:136 ] Epoch: [279/400][400/400] lr: 8.81e-05 | MSE loss: 5.0633e-04 | time: 0.170
I 06.01/02:57:45 solver.py:146 ] => Train  Loss: 5.0633e-04

I 06.01/02:57:48 solver.py:205 ] 
=! Best NMSE: -2.7241e+01 (epoch=270)

I 06.01/02:57:52 solver.py:136 ] Epoch: [280/400][20/400] lr: 8.80e-05 | MSE loss: 4.8162e-04 | time: 0.168
I 06.01/02:57:56 solver.py:136 ] Epoch: [280/400][40/400] lr: 8.80e-05 | MSE loss: 4.9928e-04 | time: 0.171
I 06.01/02:57:59 solver.py:136 ] Epoch: [280/400][60/400] lr: 8.80e-05 | MSE loss: 4.9948e-04 | time: 0.167
I 06.01/02:58:04 solver.py:136 ] Epoch: [280/400][80/400] lr: 8.80e-05 | MSE loss: 4.9953e-04 | time: 0.190
I 06.01/02:58:08 solver.py:136 ] Epoch: [280/400][100/400] lr: 8.79e-05 | MSE loss: 4.9666e-04 | time: 0.192
I 06.01/02:58:11 solver.py:136 ] Epoch: [280/400][120/400] lr: 8.79e-05 | MSE loss: 4.9405e-04 | time: 0.188
I 06.01/02:58:14 solver.py:136 ] Epoch: [280/400][140/400] lr: 8.79e-05 | MSE loss: 4.9267e-04 | time: 0.186
I 06.01/02:58:18 solver.py:136 ] Epoch: [280/400][160/400] lr: 8.78e-05 | MSE loss: 4.9335e-04 | time: 0.185
I 06.01/02:58:22 solver.py:136 ] Epoch: [280/400][180/400] lr: 8.78e-05 | MSE loss: 4.9523e-04 | time: 0.184
I 06.01/02:58:25 solver.py:136 ] Epoch: [280/400][200/400] lr: 8.78e-05 | MSE loss: 4.9646e-04 | time: 0.183
I 06.01/02:58:29 solver.py:136 ] Epoch: [280/400][220/400] lr: 8.78e-05 | MSE loss: 4.9765e-04 | time: 0.182
I 06.01/02:58:32 solver.py:136 ] Epoch: [280/400][240/400] lr: 8.77e-05 | MSE loss: 4.9814e-04 | time: 0.181
I 06.01/02:58:36 solver.py:136 ] Epoch: [280/400][260/400] lr: 8.77e-05 | MSE loss: 5.0040e-04 | time: 0.181
I 06.01/02:58:39 solver.py:136 ] Epoch: [280/400][280/400] lr: 8.77e-05 | MSE loss: 5.0161e-04 | time: 0.181
I 06.01/02:58:42 solver.py:136 ] Epoch: [280/400][300/400] lr: 8.76e-05 | MSE loss: 5.0225e-04 | time: 0.179
I 06.01/02:58:46 solver.py:136 ] Epoch: [280/400][320/400] lr: 8.76e-05 | MSE loss: 5.0218e-04 | time: 0.179
I 06.01/02:58:49 solver.py:136 ] Epoch: [280/400][340/400] lr: 8.76e-05 | MSE loss: 5.0270e-04 | time: 0.177
I 06.01/02:58:52 solver.py:136 ] Epoch: [280/400][360/400] lr: 8.76e-05 | MSE loss: 5.0256e-04 | time: 0.176
I 06.01/02:58:55 solver.py:136 ] Epoch: [280/400][380/400] lr: 8.75e-05 | MSE loss: 5.0368e-04 | time: 0.175
I 06.01/02:58:58 solver.py:136 ] Epoch: [280/400][400/400] lr: 8.75e-05 | MSE loss: 5.0377e-04 | time: 0.174
I 06.01/02:58:58 solver.py:146 ] => Train  Loss: 5.0377e-04

I 06.01/02:59:03 solver.py:136 ] Epoch: [280/400][20/50] lr: 8.75e-05 | MSE loss: 8.7237e-04 | time: 0.214
I 06.01/02:59:06 solver.py:136 ] Epoch: [280/400][40/50] lr: 8.75e-05 | MSE loss: 8.9838e-04 | time: 0.204
I 06.01/02:59:08 solver.py:146 ] => Val  Loss: 8.8861e-04

I 06.01/02:59:11 solver.py:287 ] [20/50] loss: 9.1258e-04 | NMSE: -2.7427e+01 | time: 0.172
I 06.01/02:59:14 solver.py:287 ] [40/50] loss: 9.1721e-04 | NMSE: -2.7425e+01 | time: 0.150
I 06.01/02:59:15 solver.py:291 ] => Test NMSE: -2.7405e+01

I 06.01/02:59:22 solver.py:205 ] 
=! Best NMSE: -2.7405e+01 (epoch=280)

I 06.01/02:59:27 solver.py:136 ] Epoch: [281/400][20/400] lr: 8.75e-05 | MSE loss: 5.0821e-04 | time: 0.202
I 06.01/02:59:30 solver.py:136 ] Epoch: [281/400][40/400] lr: 8.74e-05 | MSE loss: 5.1191e-04 | time: 0.188
I 06.01/02:59:34 solver.py:136 ] Epoch: [281/400][60/400] lr: 8.74e-05 | MSE loss: 5.0966e-04 | time: 0.185
I 06.01/02:59:37 solver.py:136 ] Epoch: [281/400][80/400] lr: 8.74e-05 | MSE loss: 5.0557e-04 | time: 0.182
I 06.01/02:59:41 solver.py:136 ] Epoch: [281/400][100/400] lr: 8.74e-05 | MSE loss: 5.0031e-04 | time: 0.181
I 06.01/02:59:44 solver.py:136 ] Epoch: [281/400][120/400] lr: 8.73e-05 | MSE loss: 4.9672e-04 | time: 0.179
I 06.01/02:59:48 solver.py:136 ] Epoch: [281/400][140/400] lr: 8.73e-05 | MSE loss: 4.9893e-04 | time: 0.179
I 06.01/02:59:51 solver.py:136 ] Epoch: [281/400][160/400] lr: 8.73e-05 | MSE loss: 4.9848e-04 | time: 0.179
I 06.01/02:59:55 solver.py:136 ] Epoch: [281/400][180/400] lr: 8.72e-05 | MSE loss: 4.9837e-04 | time: 0.179
I 06.01/02:59:58 solver.py:136 ] Epoch: [281/400][200/400] lr: 8.72e-05 | MSE loss: 4.9779e-04 | time: 0.179
I 06.01/03:00:04 solver.py:136 ] Epoch: [281/400][220/400] lr: 8.72e-05 | MSE loss: 4.9664e-04 | time: 0.187
I 06.01/03:00:07 solver.py:136 ] Epoch: [281/400][240/400] lr: 8.72e-05 | MSE loss: 4.9884e-04 | time: 0.185
I 06.01/03:00:10 solver.py:136 ] Epoch: [281/400][260/400] lr: 8.71e-05 | MSE loss: 5.0048e-04 | time: 0.182
I 06.01/03:00:13 solver.py:136 ] Epoch: [281/400][280/400] lr: 8.71e-05 | MSE loss: 5.0008e-04 | time: 0.180
I 06.01/03:00:16 solver.py:136 ] Epoch: [281/400][300/400] lr: 8.71e-05 | MSE loss: 5.0139e-04 | time: 0.179
I 06.01/03:00:19 solver.py:136 ] Epoch: [281/400][320/400] lr: 8.70e-05 | MSE loss: 5.0167e-04 | time: 0.176
I 06.01/03:00:22 solver.py:136 ] Epoch: [281/400][340/400] lr: 8.70e-05 | MSE loss: 5.0177e-04 | time: 0.174
I 06.01/03:00:25 solver.py:136 ] Epoch: [281/400][360/400] lr: 8.70e-05 | MSE loss: 5.0175e-04 | time: 0.172
I 06.01/03:00:28 solver.py:136 ] Epoch: [281/400][380/400] lr: 8.70e-05 | MSE loss: 5.0202e-04 | time: 0.172
I 06.01/03:00:31 solver.py:136 ] Epoch: [281/400][400/400] lr: 8.69e-05 | MSE loss: 5.0221e-04 | time: 0.172
I 06.01/03:00:31 solver.py:146 ] => Train  Loss: 5.0221e-04

I 06.01/03:00:36 solver.py:205 ] 
=! Best NMSE: -2.7405e+01 (epoch=280)

I 06.01/03:00:40 solver.py:136 ] Epoch: [282/400][20/400] lr: 8.69e-05 | MSE loss: 5.0314e-04 | time: 0.170
I 06.01/03:00:43 solver.py:136 ] Epoch: [282/400][40/400] lr: 8.69e-05 | MSE loss: 4.8873e-04 | time: 0.166
I 06.01/03:00:46 solver.py:136 ] Epoch: [282/400][60/400] lr: 8.69e-05 | MSE loss: 4.9468e-04 | time: 0.165
I 06.01/03:00:50 solver.py:136 ] Epoch: [282/400][80/400] lr: 8.68e-05 | MSE loss: 5.0537e-04 | time: 0.167
I 06.01/03:00:53 solver.py:136 ] Epoch: [282/400][100/400] lr: 8.68e-05 | MSE loss: 5.0688e-04 | time: 0.165
I 06.01/03:00:57 solver.py:136 ] Epoch: [282/400][120/400] lr: 8.68e-05 | MSE loss: 5.0768e-04 | time: 0.169
I 06.01/03:01:01 solver.py:136 ] Epoch: [282/400][140/400] lr: 8.67e-05 | MSE loss: 5.0566e-04 | time: 0.175
I 06.01/03:01:06 solver.py:136 ] Epoch: [282/400][160/400] lr: 8.67e-05 | MSE loss: 5.0513e-04 | time: 0.186
I 06.01/03:01:10 solver.py:136 ] Epoch: [282/400][180/400] lr: 8.67e-05 | MSE loss: 5.0399e-04 | time: 0.183
I 06.01/03:01:13 solver.py:136 ] Epoch: [282/400][200/400] lr: 8.67e-05 | MSE loss: 5.0283e-04 | time: 0.182
I 06.01/03:01:17 solver.py:136 ] Epoch: [282/400][220/400] lr: 8.66e-05 | MSE loss: 5.0217e-04 | time: 0.181
I 06.01/03:01:20 solver.py:136 ] Epoch: [282/400][240/400] lr: 8.66e-05 | MSE loss: 5.0166e-04 | time: 0.181
I 06.01/03:01:24 solver.py:136 ] Epoch: [282/400][260/400] lr: 8.66e-05 | MSE loss: 5.0271e-04 | time: 0.180
I 06.01/03:01:27 solver.py:136 ] Epoch: [282/400][280/400] lr: 8.65e-05 | MSE loss: 5.0329e-04 | time: 0.178
I 06.01/03:01:30 solver.py:136 ] Epoch: [282/400][300/400] lr: 8.65e-05 | MSE loss: 5.0228e-04 | time: 0.176
I 06.01/03:01:32 solver.py:136 ] Epoch: [282/400][320/400] lr: 8.65e-05 | MSE loss: 5.0196e-04 | time: 0.175
I 06.01/03:01:35 solver.py:136 ] Epoch: [282/400][340/400] lr: 8.65e-05 | MSE loss: 5.0161e-04 | time: 0.173
I 06.01/03:01:39 solver.py:136 ] Epoch: [282/400][360/400] lr: 8.64e-05 | MSE loss: 5.0067e-04 | time: 0.173
I 06.01/03:01:42 solver.py:136 ] Epoch: [282/400][380/400] lr: 8.64e-05 | MSE loss: 4.9999e-04 | time: 0.173
I 06.01/03:01:46 solver.py:136 ] Epoch: [282/400][400/400] lr: 8.64e-05 | MSE loss: 5.0040e-04 | time: 0.173
I 06.01/03:01:46 solver.py:146 ] => Train  Loss: 5.0040e-04

I 06.01/03:01:50 solver.py:205 ] 
=! Best NMSE: -2.7405e+01 (epoch=280)

I 06.01/03:01:53 solver.py:136 ] Epoch: [283/400][20/400] lr: 8.63e-05 | MSE loss: 5.0856e-04 | time: 0.154
I 06.01/03:01:56 solver.py:136 ] Epoch: [283/400][40/400] lr: 8.63e-05 | MSE loss: 5.0879e-04 | time: 0.156
I 06.01/03:02:00 solver.py:136 ] Epoch: [283/400][60/400] lr: 8.63e-05 | MSE loss: 5.0036e-04 | time: 0.162
I 06.01/03:02:05 solver.py:136 ] Epoch: [283/400][80/400] lr: 8.63e-05 | MSE loss: 5.0269e-04 | time: 0.190
I 06.01/03:02:08 solver.py:136 ] Epoch: [283/400][100/400] lr: 8.62e-05 | MSE loss: 5.0001e-04 | time: 0.184
I 06.01/03:02:12 solver.py:136 ] Epoch: [283/400][120/400] lr: 8.62e-05 | MSE loss: 4.9562e-04 | time: 0.181
I 06.01/03:02:15 solver.py:136 ] Epoch: [283/400][140/400] lr: 8.62e-05 | MSE loss: 4.9365e-04 | time: 0.179
I 06.01/03:02:19 solver.py:136 ] Epoch: [283/400][160/400] lr: 8.61e-05 | MSE loss: 4.9249e-04 | time: 0.179
I 06.01/03:02:22 solver.py:136 ] Epoch: [283/400][180/400] lr: 8.61e-05 | MSE loss: 4.9459e-04 | time: 0.177
I 06.01/03:02:25 solver.py:136 ] Epoch: [283/400][200/400] lr: 8.61e-05 | MSE loss: 4.9716e-04 | time: 0.176
I 06.01/03:02:28 solver.py:136 ] Epoch: [283/400][220/400] lr: 8.61e-05 | MSE loss: 4.9568e-04 | time: 0.174
I 06.01/03:02:32 solver.py:136 ] Epoch: [283/400][240/400] lr: 8.60e-05 | MSE loss: 4.9559e-04 | time: 0.172
I 06.01/03:02:35 solver.py:136 ] Epoch: [283/400][260/400] lr: 8.60e-05 | MSE loss: 4.9781e-04 | time: 0.172
I 06.01/03:02:38 solver.py:136 ] Epoch: [283/400][280/400] lr: 8.60e-05 | MSE loss: 4.9770e-04 | time: 0.171
I 06.01/03:02:41 solver.py:136 ] Epoch: [283/400][300/400] lr: 8.60e-05 | MSE loss: 4.9762e-04 | time: 0.171
I 06.01/03:02:44 solver.py:136 ] Epoch: [283/400][320/400] lr: 8.59e-05 | MSE loss: 4.9790e-04 | time: 0.170
I 06.01/03:02:48 solver.py:136 ] Epoch: [283/400][340/400] lr: 8.59e-05 | MSE loss: 4.9789e-04 | time: 0.170
I 06.01/03:02:51 solver.py:136 ] Epoch: [283/400][360/400] lr: 8.59e-05 | MSE loss: 4.9784e-04 | time: 0.169
I 06.01/03:02:55 solver.py:136 ] Epoch: [283/400][380/400] lr: 8.58e-05 | MSE loss: 4.9821e-04 | time: 0.170
I 06.01/03:02:58 solver.py:136 ] Epoch: [283/400][400/400] lr: 8.58e-05 | MSE loss: 4.9873e-04 | time: 0.169
I 06.01/03:02:58 solver.py:146 ] => Train  Loss: 4.9873e-04

I 06.01/03:03:00 solver.py:205 ] 
=! Best NMSE: -2.7405e+01 (epoch=280)

I 06.01/03:03:06 solver.py:136 ] Epoch: [284/400][20/400] lr: 8.58e-05 | MSE loss: 4.8571e-04 | time: 0.272
I 06.01/03:03:09 solver.py:136 ] Epoch: [284/400][40/400] lr: 8.58e-05 | MSE loss: 4.9037e-04 | time: 0.211
I 06.01/03:03:12 solver.py:136 ] Epoch: [284/400][60/400] lr: 8.57e-05 | MSE loss: 4.9897e-04 | time: 0.198
I 06.01/03:03:16 solver.py:136 ] Epoch: [284/400][80/400] lr: 8.57e-05 | MSE loss: 4.9771e-04 | time: 0.191
I 06.01/03:03:19 solver.py:136 ] Epoch: [284/400][100/400] lr: 8.57e-05 | MSE loss: 5.0314e-04 | time: 0.185
I 06.01/03:03:22 solver.py:136 ] Epoch: [284/400][120/400] lr: 8.56e-05 | MSE loss: 5.0116e-04 | time: 0.183
I 06.01/03:03:25 solver.py:136 ] Epoch: [284/400][140/400] lr: 8.56e-05 | MSE loss: 5.0061e-04 | time: 0.179
I 06.01/03:03:29 solver.py:136 ] Epoch: [284/400][160/400] lr: 8.56e-05 | MSE loss: 4.9901e-04 | time: 0.178
I 06.01/03:03:32 solver.py:136 ] Epoch: [284/400][180/400] lr: 8.56e-05 | MSE loss: 4.9824e-04 | time: 0.174
I 06.01/03:03:35 solver.py:136 ] Epoch: [284/400][200/400] lr: 8.55e-05 | MSE loss: 4.9785e-04 | time: 0.172
I 06.01/03:03:38 solver.py:136 ] Epoch: [284/400][220/400] lr: 8.55e-05 | MSE loss: 4.9897e-04 | time: 0.172
I 06.01/03:03:41 solver.py:136 ] Epoch: [284/400][240/400] lr: 8.55e-05 | MSE loss: 4.9900e-04 | time: 0.169
I 06.01/03:03:44 solver.py:136 ] Epoch: [284/400][260/400] lr: 8.55e-05 | MSE loss: 4.9887e-04 | time: 0.168
I 06.01/03:03:48 solver.py:136 ] Epoch: [284/400][280/400] lr: 8.54e-05 | MSE loss: 5.0036e-04 | time: 0.168
I 06.01/03:03:51 solver.py:136 ] Epoch: [284/400][300/400] lr: 8.54e-05 | MSE loss: 4.9951e-04 | time: 0.169
I 06.01/03:03:53 solver.py:136 ] Epoch: [284/400][320/400] lr: 8.54e-05 | MSE loss: 4.9868e-04 | time: 0.166
I 06.01/03:03:57 solver.py:136 ] Epoch: [284/400][340/400] lr: 8.53e-05 | MSE loss: 4.9822e-04 | time: 0.165
I 06.01/03:04:00 solver.py:136 ] Epoch: [284/400][360/400] lr: 8.53e-05 | MSE loss: 4.9901e-04 | time: 0.165
I 06.01/03:04:06 solver.py:136 ] Epoch: [284/400][380/400] lr: 8.53e-05 | MSE loss: 4.9898e-04 | time: 0.172
I 06.01/03:04:09 solver.py:136 ] Epoch: [284/400][400/400] lr: 8.53e-05 | MSE loss: 4.9937e-04 | time: 0.171
I 06.01/03:04:09 solver.py:146 ] => Train  Loss: 4.9937e-04

I 06.01/03:04:12 solver.py:205 ] 
=! Best NMSE: -2.7405e+01 (epoch=280)

I 06.01/03:04:16 solver.py:136 ] Epoch: [285/400][20/400] lr: 8.52e-05 | MSE loss: 4.9001e-04 | time: 0.165
I 06.01/03:04:19 solver.py:136 ] Epoch: [285/400][40/400] lr: 8.52e-05 | MSE loss: 4.8857e-04 | time: 0.168
I 06.01/03:04:23 solver.py:136 ] Epoch: [285/400][60/400] lr: 8.52e-05 | MSE loss: 4.8866e-04 | time: 0.166
I 06.01/03:04:26 solver.py:136 ] Epoch: [285/400][80/400] lr: 8.51e-05 | MSE loss: 4.8267e-04 | time: 0.167
I 06.01/03:04:29 solver.py:136 ] Epoch: [285/400][100/400] lr: 8.51e-05 | MSE loss: 4.8370e-04 | time: 0.168
I 06.01/03:04:33 solver.py:136 ] Epoch: [285/400][120/400] lr: 8.51e-05 | MSE loss: 4.8278e-04 | time: 0.170
I 06.01/03:04:36 solver.py:136 ] Epoch: [285/400][140/400] lr: 8.51e-05 | MSE loss: 4.8748e-04 | time: 0.170
I 06.01/03:04:40 solver.py:136 ] Epoch: [285/400][160/400] lr: 8.50e-05 | MSE loss: 4.8917e-04 | time: 0.169
I 06.01/03:04:43 solver.py:136 ] Epoch: [285/400][180/400] lr: 8.50e-05 | MSE loss: 4.8956e-04 | time: 0.170
I 06.01/03:04:46 solver.py:136 ] Epoch: [285/400][200/400] lr: 8.50e-05 | MSE loss: 4.9029e-04 | time: 0.168
I 06.01/03:04:49 solver.py:136 ] Epoch: [285/400][220/400] lr: 8.50e-05 | MSE loss: 4.9201e-04 | time: 0.168
I 06.01/03:04:52 solver.py:136 ] Epoch: [285/400][240/400] lr: 8.49e-05 | MSE loss: 4.9322e-04 | time: 0.166
I 06.01/03:04:55 solver.py:136 ] Epoch: [285/400][260/400] lr: 8.49e-05 | MSE loss: 4.9481e-04 | time: 0.164
I 06.01/03:04:59 solver.py:136 ] Epoch: [285/400][280/400] lr: 8.49e-05 | MSE loss: 4.9513e-04 | time: 0.164
I 06.01/03:05:02 solver.py:136 ] Epoch: [285/400][300/400] lr: 8.48e-05 | MSE loss: 4.9480e-04 | time: 0.165
I 06.01/03:05:07 solver.py:136 ] Epoch: [285/400][320/400] lr: 8.48e-05 | MSE loss: 4.9426e-04 | time: 0.169
I 06.01/03:05:10 solver.py:136 ] Epoch: [285/400][340/400] lr: 8.48e-05 | MSE loss: 4.9393e-04 | time: 0.168
I 06.01/03:05:13 solver.py:136 ] Epoch: [285/400][360/400] lr: 8.48e-05 | MSE loss: 4.9376e-04 | time: 0.168
I 06.01/03:05:16 solver.py:136 ] Epoch: [285/400][380/400] lr: 8.47e-05 | MSE loss: 4.9502e-04 | time: 0.168
I 06.01/03:05:20 solver.py:136 ] Epoch: [285/400][400/400] lr: 8.47e-05 | MSE loss: 4.9412e-04 | time: 0.168
I 06.01/03:05:20 solver.py:146 ] => Train  Loss: 4.9412e-04

I 06.01/03:05:23 solver.py:205 ] 
=! Best NMSE: -2.7405e+01 (epoch=280)

I 06.01/03:05:27 solver.py:136 ] Epoch: [286/400][20/400] lr: 8.47e-05 | MSE loss: 4.7612e-04 | time: 0.160
I 06.01/03:05:30 solver.py:136 ] Epoch: [286/400][40/400] lr: 8.46e-05 | MSE loss: 4.7465e-04 | time: 0.163
I 06.01/03:05:33 solver.py:136 ] Epoch: [286/400][60/400] lr: 8.46e-05 | MSE loss: 4.7482e-04 | time: 0.165
I 06.01/03:05:38 solver.py:136 ] Epoch: [286/400][80/400] lr: 8.46e-05 | MSE loss: 4.7936e-04 | time: 0.177
I 06.01/03:05:41 solver.py:136 ] Epoch: [286/400][100/400] lr: 8.46e-05 | MSE loss: 4.7912e-04 | time: 0.178
I 06.01/03:05:45 solver.py:136 ] Epoch: [286/400][120/400] lr: 8.45e-05 | MSE loss: 4.8067e-04 | time: 0.178
I 06.01/03:05:48 solver.py:136 ] Epoch: [286/400][140/400] lr: 8.45e-05 | MSE loss: 4.8185e-04 | time: 0.174
I 06.01/03:05:51 solver.py:136 ] Epoch: [286/400][160/400] lr: 8.45e-05 | MSE loss: 4.8195e-04 | time: 0.173
I 06.01/03:05:55 solver.py:136 ] Epoch: [286/400][180/400] lr: 8.45e-05 | MSE loss: 4.8404e-04 | time: 0.173
I 06.01/03:05:58 solver.py:136 ] Epoch: [286/400][200/400] lr: 8.44e-05 | MSE loss: 4.8557e-04 | time: 0.172
I 06.01/03:06:03 solver.py:136 ] Epoch: [286/400][220/400] lr: 8.44e-05 | MSE loss: 4.8771e-04 | time: 0.178
I 06.01/03:06:07 solver.py:136 ] Epoch: [286/400][240/400] lr: 8.44e-05 | MSE loss: 4.8882e-04 | time: 0.180
I 06.01/03:06:10 solver.py:136 ] Epoch: [286/400][260/400] lr: 8.43e-05 | MSE loss: 4.8956e-04 | time: 0.178
I 06.01/03:06:13 solver.py:136 ] Epoch: [286/400][280/400] lr: 8.43e-05 | MSE loss: 4.9036e-04 | time: 0.175
I 06.01/03:06:16 solver.py:136 ] Epoch: [286/400][300/400] lr: 8.43e-05 | MSE loss: 4.9103e-04 | time: 0.174
I 06.01/03:06:19 solver.py:136 ] Epoch: [286/400][320/400] lr: 8.43e-05 | MSE loss: 4.9083e-04 | time: 0.174
I 06.01/03:06:22 solver.py:136 ] Epoch: [286/400][340/400] lr: 8.42e-05 | MSE loss: 4.9250e-04 | time: 0.173
I 06.01/03:06:26 solver.py:136 ] Epoch: [286/400][360/400] lr: 8.42e-05 | MSE loss: 4.9374e-04 | time: 0.173
I 06.01/03:06:29 solver.py:136 ] Epoch: [286/400][380/400] lr: 8.42e-05 | MSE loss: 4.9469e-04 | time: 0.173
I 06.01/03:06:33 solver.py:136 ] Epoch: [286/400][400/400] lr: 8.42e-05 | MSE loss: 4.9541e-04 | time: 0.173
I 06.01/03:06:33 solver.py:146 ] => Train  Loss: 4.9541e-04

I 06.01/03:06:35 solver.py:205 ] 
=! Best NMSE: -2.7405e+01 (epoch=280)

I 06.01/03:06:38 solver.py:136 ] Epoch: [287/400][20/400] lr: 8.41e-05 | MSE loss: 4.8731e-04 | time: 0.157
I 06.01/03:06:42 solver.py:136 ] Epoch: [287/400][40/400] lr: 8.41e-05 | MSE loss: 4.8421e-04 | time: 0.164
I 06.01/03:06:45 solver.py:136 ] Epoch: [287/400][60/400] lr: 8.41e-05 | MSE loss: 4.8641e-04 | time: 0.164
I 06.01/03:06:49 solver.py:136 ] Epoch: [287/400][80/400] lr: 8.40e-05 | MSE loss: 4.8476e-04 | time: 0.169
I 06.01/03:06:52 solver.py:136 ] Epoch: [287/400][100/400] lr: 8.40e-05 | MSE loss: 4.8372e-04 | time: 0.170
I 06.01/03:06:56 solver.py:136 ] Epoch: [287/400][120/400] lr: 8.40e-05 | MSE loss: 4.8570e-04 | time: 0.171
I 06.01/03:06:59 solver.py:136 ] Epoch: [287/400][140/400] lr: 8.40e-05 | MSE loss: 4.8502e-04 | time: 0.171
I 06.01/03:07:04 solver.py:136 ] Epoch: [287/400][160/400] lr: 8.39e-05 | MSE loss: 4.8571e-04 | time: 0.180
I 06.01/03:07:08 solver.py:136 ] Epoch: [287/400][180/400] lr: 8.39e-05 | MSE loss: 4.8658e-04 | time: 0.180
I 06.01/03:07:11 solver.py:136 ] Epoch: [287/400][200/400] lr: 8.39e-05 | MSE loss: 4.8678e-04 | time: 0.179
I 06.01/03:07:14 solver.py:136 ] Epoch: [287/400][220/400] lr: 8.39e-05 | MSE loss: 4.8766e-04 | time: 0.178
I 06.01/03:07:18 solver.py:136 ] Epoch: [287/400][240/400] lr: 8.38e-05 | MSE loss: 4.8942e-04 | time: 0.178
I 06.01/03:07:21 solver.py:136 ] Epoch: [287/400][260/400] lr: 8.38e-05 | MSE loss: 4.8973e-04 | time: 0.176
I 06.01/03:07:24 solver.py:136 ] Epoch: [287/400][280/400] lr: 8.38e-05 | MSE loss: 4.9051e-04 | time: 0.173
I 06.01/03:07:26 solver.py:136 ] Epoch: [287/400][300/400] lr: 8.37e-05 | MSE loss: 4.9111e-04 | time: 0.171
I 06.01/03:07:29 solver.py:136 ] Epoch: [287/400][320/400] lr: 8.37e-05 | MSE loss: 4.9084e-04 | time: 0.169
I 06.01/03:07:32 solver.py:136 ] Epoch: [287/400][340/400] lr: 8.37e-05 | MSE loss: 4.9008e-04 | time: 0.167
I 06.01/03:07:34 solver.py:136 ] Epoch: [287/400][360/400] lr: 8.37e-05 | MSE loss: 4.8994e-04 | time: 0.164
I 06.01/03:07:38 solver.py:136 ] Epoch: [287/400][380/400] lr: 8.36e-05 | MSE loss: 4.8927e-04 | time: 0.165
I 06.01/03:07:41 solver.py:136 ] Epoch: [287/400][400/400] lr: 8.36e-05 | MSE loss: 4.8951e-04 | time: 0.165
I 06.01/03:07:41 solver.py:146 ] => Train  Loss: 4.8951e-04

I 06.01/03:07:45 solver.py:205 ] 
=! Best NMSE: -2.7405e+01 (epoch=280)

I 06.01/03:07:48 solver.py:136 ] Epoch: [288/400][20/400] lr: 8.36e-05 | MSE loss: 4.7126e-04 | time: 0.154
I 06.01/03:07:51 solver.py:136 ] Epoch: [288/400][40/400] lr: 8.36e-05 | MSE loss: 4.7044e-04 | time: 0.161
I 06.01/03:07:55 solver.py:136 ] Epoch: [288/400][60/400] lr: 8.35e-05 | MSE loss: 4.7995e-04 | time: 0.164
I 06.01/03:07:58 solver.py:136 ] Epoch: [288/400][80/400] lr: 8.35e-05 | MSE loss: 4.8478e-04 | time: 0.165
I 06.01/03:08:01 solver.py:136 ] Epoch: [288/400][100/400] lr: 8.35e-05 | MSE loss: 4.8197e-04 | time: 0.162
I 06.01/03:08:06 solver.py:136 ] Epoch: [288/400][120/400] lr: 8.34e-05 | MSE loss: 4.8335e-04 | time: 0.177
I 06.01/03:08:09 solver.py:136 ] Epoch: [288/400][140/400] lr: 8.34e-05 | MSE loss: 4.8447e-04 | time: 0.175
I 06.01/03:08:12 solver.py:136 ] Epoch: [288/400][160/400] lr: 8.34e-05 | MSE loss: 4.8624e-04 | time: 0.172
I 06.01/03:08:16 solver.py:136 ] Epoch: [288/400][180/400] lr: 8.34e-05 | MSE loss: 4.8736e-04 | time: 0.173
I 06.01/03:08:19 solver.py:136 ] Epoch: [288/400][200/400] lr: 8.33e-05 | MSE loss: 4.8590e-04 | time: 0.173
I 06.01/03:08:22 solver.py:136 ] Epoch: [288/400][220/400] lr: 8.33e-05 | MSE loss: 4.8391e-04 | time: 0.170
I 06.01/03:08:26 solver.py:136 ] Epoch: [288/400][240/400] lr: 8.33e-05 | MSE loss: 4.8466e-04 | time: 0.170
I 06.01/03:08:28 solver.py:136 ] Epoch: [288/400][260/400] lr: 8.33e-05 | MSE loss: 4.8454e-04 | time: 0.168
I 06.01/03:08:31 solver.py:136 ] Epoch: [288/400][280/400] lr: 8.32e-05 | MSE loss: 4.8655e-04 | time: 0.167
I 06.01/03:08:35 solver.py:136 ] Epoch: [288/400][300/400] lr: 8.32e-05 | MSE loss: 4.8714e-04 | time: 0.168
I 06.01/03:08:38 solver.py:136 ] Epoch: [288/400][320/400] lr: 8.32e-05 | MSE loss: 4.8736e-04 | time: 0.167
I 06.01/03:08:41 solver.py:136 ] Epoch: [288/400][340/400] lr: 8.31e-05 | MSE loss: 4.8811e-04 | time: 0.165
I 06.01/03:08:44 solver.py:136 ] Epoch: [288/400][360/400] lr: 8.31e-05 | MSE loss: 4.8828e-04 | time: 0.164
I 06.01/03:08:47 solver.py:136 ] Epoch: [288/400][380/400] lr: 8.31e-05 | MSE loss: 4.8900e-04 | time: 0.164
I 06.01/03:08:50 solver.py:136 ] Epoch: [288/400][400/400] lr: 8.31e-05 | MSE loss: 4.8975e-04 | time: 0.164
I 06.01/03:08:50 solver.py:146 ] => Train  Loss: 4.8975e-04

I 06.01/03:08:55 solver.py:205 ] 
=! Best NMSE: -2.7405e+01 (epoch=280)

I 06.01/03:08:58 solver.py:136 ] Epoch: [289/400][20/400] lr: 8.30e-05 | MSE loss: 4.8573e-04 | time: 0.169
I 06.01/03:09:03 solver.py:136 ] Epoch: [289/400][40/400] lr: 8.30e-05 | MSE loss: 4.8356e-04 | time: 0.202
I 06.01/03:09:07 solver.py:136 ] Epoch: [289/400][60/400] lr: 8.30e-05 | MSE loss: 4.8050e-04 | time: 0.196
I 06.01/03:09:10 solver.py:136 ] Epoch: [289/400][80/400] lr: 8.30e-05 | MSE loss: 4.8124e-04 | time: 0.188
I 06.01/03:09:13 solver.py:136 ] Epoch: [289/400][100/400] lr: 8.29e-05 | MSE loss: 4.8279e-04 | time: 0.184
I 06.01/03:09:17 solver.py:136 ] Epoch: [289/400][120/400] lr: 8.29e-05 | MSE loss: 4.8193e-04 | time: 0.180
I 06.01/03:09:20 solver.py:136 ] Epoch: [289/400][140/400] lr: 8.29e-05 | MSE loss: 4.8273e-04 | time: 0.182
I 06.01/03:09:24 solver.py:136 ] Epoch: [289/400][160/400] lr: 8.28e-05 | MSE loss: 4.8372e-04 | time: 0.179
I 06.01/03:09:27 solver.py:136 ] Epoch: [289/400][180/400] lr: 8.28e-05 | MSE loss: 4.8468e-04 | time: 0.178
I 06.01/03:09:30 solver.py:136 ] Epoch: [289/400][200/400] lr: 8.28e-05 | MSE loss: 4.8456e-04 | time: 0.176
I 06.01/03:09:34 solver.py:136 ] Epoch: [289/400][220/400] lr: 8.28e-05 | MSE loss: 4.8707e-04 | time: 0.175
I 06.01/03:09:37 solver.py:136 ] Epoch: [289/400][240/400] lr: 8.27e-05 | MSE loss: 4.8727e-04 | time: 0.175
I 06.01/03:09:40 solver.py:136 ] Epoch: [289/400][260/400] lr: 8.27e-05 | MSE loss: 4.8627e-04 | time: 0.173
I 06.01/03:09:43 solver.py:136 ] Epoch: [289/400][280/400] lr: 8.27e-05 | MSE loss: 4.8653e-04 | time: 0.172
I 06.01/03:09:46 solver.py:136 ] Epoch: [289/400][300/400] lr: 8.27e-05 | MSE loss: 4.8627e-04 | time: 0.171
I 06.01/03:09:50 solver.py:136 ] Epoch: [289/400][320/400] lr: 8.26e-05 | MSE loss: 4.8635e-04 | time: 0.170
I 06.01/03:09:53 solver.py:136 ] Epoch: [289/400][340/400] lr: 8.26e-05 | MSE loss: 4.8633e-04 | time: 0.169
I 06.01/03:09:56 solver.py:136 ] Epoch: [289/400][360/400] lr: 8.26e-05 | MSE loss: 4.8674e-04 | time: 0.169
I 06.01/03:09:59 solver.py:136 ] Epoch: [289/400][380/400] lr: 8.25e-05 | MSE loss: 4.8712e-04 | time: 0.168
I 06.01/03:10:04 solver.py:136 ] Epoch: [289/400][400/400] lr: 8.25e-05 | MSE loss: 4.8783e-04 | time: 0.173
I 06.01/03:10:04 solver.py:146 ] => Train  Loss: 4.8783e-04

I 06.01/03:10:07 solver.py:205 ] 
=! Best NMSE: -2.7405e+01 (epoch=280)

I 06.01/03:10:11 solver.py:136 ] Epoch: [290/400][20/400] lr: 8.25e-05 | MSE loss: 4.9164e-04 | time: 0.169
I 06.01/03:10:14 solver.py:136 ] Epoch: [290/400][40/400] lr: 8.25e-05 | MSE loss: 4.7468e-04 | time: 0.163
I 06.01/03:10:17 solver.py:136 ] Epoch: [290/400][60/400] lr: 8.24e-05 | MSE loss: 4.7980e-04 | time: 0.167
I 06.01/03:10:21 solver.py:136 ] Epoch: [290/400][80/400] lr: 8.24e-05 | MSE loss: 4.8068e-04 | time: 0.167
I 06.01/03:10:24 solver.py:136 ] Epoch: [290/400][100/400] lr: 8.24e-05 | MSE loss: 4.8643e-04 | time: 0.169
I 06.01/03:10:28 solver.py:136 ] Epoch: [290/400][120/400] lr: 8.24e-05 | MSE loss: 4.8687e-04 | time: 0.170
I 06.01/03:10:31 solver.py:136 ] Epoch: [290/400][140/400] lr: 8.23e-05 | MSE loss: 4.8761e-04 | time: 0.170
I 06.01/03:10:34 solver.py:136 ] Epoch: [290/400][160/400] lr: 8.23e-05 | MSE loss: 4.8755e-04 | time: 0.168
I 06.01/03:10:37 solver.py:136 ] Epoch: [290/400][180/400] lr: 8.23e-05 | MSE loss: 4.8713e-04 | time: 0.167
I 06.01/03:10:41 solver.py:136 ] Epoch: [290/400][200/400] lr: 8.23e-05 | MSE loss: 4.8686e-04 | time: 0.167
I 06.01/03:10:44 solver.py:136 ] Epoch: [290/400][220/400] lr: 8.22e-05 | MSE loss: 4.8654e-04 | time: 0.168
I 06.01/03:10:47 solver.py:136 ] Epoch: [290/400][240/400] lr: 8.22e-05 | MSE loss: 4.8585e-04 | time: 0.167
I 06.01/03:10:51 solver.py:136 ] Epoch: [290/400][260/400] lr: 8.22e-05 | MSE loss: 4.8668e-04 | time: 0.167
I 06.01/03:10:54 solver.py:136 ] Epoch: [290/400][280/400] lr: 8.21e-05 | MSE loss: 4.8736e-04 | time: 0.167
I 06.01/03:10:57 solver.py:136 ] Epoch: [290/400][300/400] lr: 8.21e-05 | MSE loss: 4.8777e-04 | time: 0.166
I 06.01/03:11:00 solver.py:136 ] Epoch: [290/400][320/400] lr: 8.21e-05 | MSE loss: 4.8783e-04 | time: 0.165
I 06.01/03:11:05 solver.py:136 ] Epoch: [290/400][340/400] lr: 8.21e-05 | MSE loss: 4.8808e-04 | time: 0.169
I 06.01/03:11:08 solver.py:136 ] Epoch: [290/400][360/400] lr: 8.20e-05 | MSE loss: 4.8819e-04 | time: 0.169
I 06.01/03:11:11 solver.py:136 ] Epoch: [290/400][380/400] lr: 8.20e-05 | MSE loss: 4.8847e-04 | time: 0.167
I 06.01/03:11:14 solver.py:136 ] Epoch: [290/400][400/400] lr: 8.20e-05 | MSE loss: 4.8891e-04 | time: 0.167
I 06.01/03:11:14 solver.py:146 ] => Train  Loss: 4.8891e-04

I 06.01/03:11:17 solver.py:136 ] Epoch: [290/400][20/50] lr: 8.20e-05 | MSE loss: 8.6248e-04 | time: 0.158
I 06.01/03:11:20 solver.py:136 ] Epoch: [290/400][40/50] lr: 8.20e-05 | MSE loss: 8.8693e-04 | time: 0.136
I 06.01/03:11:21 solver.py:146 ] => Val  Loss: 8.7817e-04

I 06.01/03:11:24 solver.py:287 ] [20/50] loss: 9.0317e-04 | NMSE: -2.7471e+01 | time: 0.164
I 06.01/03:11:28 solver.py:287 ] [40/50] loss: 9.0515e-04 | NMSE: -2.7475e+01 | time: 0.162
I 06.01/03:11:29 solver.py:291 ] => Test NMSE: -2.7449e+01

I 06.01/03:11:36 solver.py:205 ] 
=! Best NMSE: -2.7449e+01 (epoch=290)

I 06.01/03:11:40 solver.py:136 ] Epoch: [291/400][20/400] lr: 8.20e-05 | MSE loss: 4.8938e-04 | time: 0.192
I 06.01/03:11:44 solver.py:136 ] Epoch: [291/400][40/400] lr: 8.19e-05 | MSE loss: 4.8321e-04 | time: 0.178
I 06.01/03:11:47 solver.py:136 ] Epoch: [291/400][60/400] lr: 8.19e-05 | MSE loss: 4.8080e-04 | time: 0.176
I 06.01/03:11:51 solver.py:136 ] Epoch: [291/400][80/400] lr: 8.19e-05 | MSE loss: 4.8007e-04 | time: 0.179
I 06.01/03:11:54 solver.py:136 ] Epoch: [291/400][100/400] lr: 8.18e-05 | MSE loss: 4.7918e-04 | time: 0.175
I 06.01/03:11:58 solver.py:136 ] Epoch: [291/400][120/400] lr: 8.18e-05 | MSE loss: 4.7801e-04 | time: 0.176
I 06.01/03:12:01 solver.py:136 ] Epoch: [291/400][140/400] lr: 8.18e-05 | MSE loss: 4.7809e-04 | time: 0.179
I 06.01/03:12:06 solver.py:136 ] Epoch: [291/400][160/400] lr: 8.18e-05 | MSE loss: 4.8028e-04 | time: 0.186
I 06.01/03:12:09 solver.py:136 ] Epoch: [291/400][180/400] lr: 8.17e-05 | MSE loss: 4.8054e-04 | time: 0.183
I 06.01/03:12:12 solver.py:136 ] Epoch: [291/400][200/400] lr: 8.17e-05 | MSE loss: 4.8103e-04 | time: 0.176
I 06.01/03:12:14 solver.py:136 ] Epoch: [291/400][220/400] lr: 8.17e-05 | MSE loss: 4.8118e-04 | time: 0.171
I 06.01/03:12:18 solver.py:136 ] Epoch: [291/400][240/400] lr: 8.17e-05 | MSE loss: 4.8239e-04 | time: 0.171
I 06.01/03:12:21 solver.py:136 ] Epoch: [291/400][260/400] lr: 8.16e-05 | MSE loss: 4.8413e-04 | time: 0.172
I 06.01/03:12:25 solver.py:136 ] Epoch: [291/400][280/400] lr: 8.16e-05 | MSE loss: 4.8280e-04 | time: 0.171
I 06.01/03:12:27 solver.py:136 ] Epoch: [291/400][300/400] lr: 8.16e-05 | MSE loss: 4.8140e-04 | time: 0.169
I 06.01/03:12:31 solver.py:136 ] Epoch: [291/400][320/400] lr: 8.16e-05 | MSE loss: 4.8164e-04 | time: 0.169
I 06.01/03:12:34 solver.py:136 ] Epoch: [291/400][340/400] lr: 8.15e-05 | MSE loss: 4.8168e-04 | time: 0.169
I 06.01/03:12:37 solver.py:136 ] Epoch: [291/400][360/400] lr: 8.15e-05 | MSE loss: 4.8287e-04 | time: 0.169
I 06.01/03:12:41 solver.py:136 ] Epoch: [291/400][380/400] lr: 8.15e-05 | MSE loss: 4.8375e-04 | time: 0.169
I 06.01/03:12:44 solver.py:136 ] Epoch: [291/400][400/400] lr: 8.14e-05 | MSE loss: 4.8402e-04 | time: 0.169
I 06.01/03:12:44 solver.py:146 ] => Train  Loss: 4.8402e-04

I 06.01/03:12:49 solver.py:205 ] 
=! Best NMSE: -2.7449e+01 (epoch=290)

I 06.01/03:12:53 solver.py:136 ] Epoch: [292/400][20/400] lr: 8.14e-05 | MSE loss: 4.7082e-04 | time: 0.184
I 06.01/03:12:56 solver.py:136 ] Epoch: [292/400][40/400] lr: 8.14e-05 | MSE loss: 4.7079e-04 | time: 0.183
I 06.01/03:12:59 solver.py:136 ] Epoch: [292/400][60/400] lr: 8.14e-05 | MSE loss: 4.7320e-04 | time: 0.174
I 06.01/03:13:04 solver.py:136 ] Epoch: [292/400][80/400] lr: 8.13e-05 | MSE loss: 4.7572e-04 | time: 0.193
I 06.01/03:13:08 solver.py:136 ] Epoch: [292/400][100/400] lr: 8.13e-05 | MSE loss: 4.7735e-04 | time: 0.186
I 06.01/03:13:11 solver.py:136 ] Epoch: [292/400][120/400] lr: 8.13e-05 | MSE loss: 4.7835e-04 | time: 0.180
I 06.01/03:13:14 solver.py:136 ] Epoch: [292/400][140/400] lr: 8.13e-05 | MSE loss: 4.7900e-04 | time: 0.180
I 06.01/03:13:18 solver.py:136 ] Epoch: [292/400][160/400] lr: 8.12e-05 | MSE loss: 4.8199e-04 | time: 0.180
I 06.01/03:13:21 solver.py:136 ] Epoch: [292/400][180/400] lr: 8.12e-05 | MSE loss: 4.8138e-04 | time: 0.177
I 06.01/03:13:24 solver.py:136 ] Epoch: [292/400][200/400] lr: 8.12e-05 | MSE loss: 4.8009e-04 | time: 0.175
I 06.01/03:13:27 solver.py:136 ] Epoch: [292/400][220/400] lr: 8.12e-05 | MSE loss: 4.8118e-04 | time: 0.172
I 06.01/03:13:30 solver.py:136 ] Epoch: [292/400][240/400] lr: 8.11e-05 | MSE loss: 4.8041e-04 | time: 0.172
I 06.01/03:13:33 solver.py:136 ] Epoch: [292/400][260/400] lr: 8.11e-05 | MSE loss: 4.8029e-04 | time: 0.170
I 06.01/03:13:37 solver.py:136 ] Epoch: [292/400][280/400] lr: 8.11e-05 | MSE loss: 4.7956e-04 | time: 0.170
I 06.01/03:13:40 solver.py:136 ] Epoch: [292/400][300/400] lr: 8.10e-05 | MSE loss: 4.8078e-04 | time: 0.171
I 06.01/03:13:43 solver.py:136 ] Epoch: [292/400][320/400] lr: 8.10e-05 | MSE loss: 4.8023e-04 | time: 0.170
I 06.01/03:13:47 solver.py:136 ] Epoch: [292/400][340/400] lr: 8.10e-05 | MSE loss: 4.7993e-04 | time: 0.170
I 06.01/03:13:50 solver.py:136 ] Epoch: [292/400][360/400] lr: 8.10e-05 | MSE loss: 4.7961e-04 | time: 0.168
I 06.01/03:13:52 solver.py:136 ] Epoch: [292/400][380/400] lr: 8.09e-05 | MSE loss: 4.8043e-04 | time: 0.166
I 06.01/03:13:55 solver.py:136 ] Epoch: [292/400][400/400] lr: 8.09e-05 | MSE loss: 4.8132e-04 | time: 0.165
I 06.01/03:13:55 solver.py:146 ] => Train  Loss: 4.8132e-04

I 06.01/03:13:58 solver.py:205 ] 
=! Best NMSE: -2.7449e+01 (epoch=290)

I 06.01/03:14:03 solver.py:136 ] Epoch: [293/400][20/400] lr: 8.09e-05 | MSE loss: 4.6441e-04 | time: 0.246
I 06.01/03:14:07 solver.py:136 ] Epoch: [293/400][40/400] lr: 8.09e-05 | MSE loss: 4.6304e-04 | time: 0.212
I 06.01/03:14:10 solver.py:136 ] Epoch: [293/400][60/400] lr: 8.08e-05 | MSE loss: 4.6564e-04 | time: 0.191
I 06.01/03:14:14 solver.py:136 ] Epoch: [293/400][80/400] lr: 8.08e-05 | MSE loss: 4.6881e-04 | time: 0.188
I 06.01/03:14:17 solver.py:136 ] Epoch: [293/400][100/400] lr: 8.08e-05 | MSE loss: 4.6753e-04 | time: 0.185
I 06.01/03:14:20 solver.py:136 ] Epoch: [293/400][120/400] lr: 8.08e-05 | MSE loss: 4.6762e-04 | time: 0.181
I 06.01/03:14:23 solver.py:136 ] Epoch: [293/400][140/400] lr: 8.07e-05 | MSE loss: 4.6910e-04 | time: 0.178
I 06.01/03:14:27 solver.py:136 ] Epoch: [293/400][160/400] lr: 8.07e-05 | MSE loss: 4.7029e-04 | time: 0.177
I 06.01/03:14:30 solver.py:136 ] Epoch: [293/400][180/400] lr: 8.07e-05 | MSE loss: 4.7275e-04 | time: 0.175
I 06.01/03:14:33 solver.py:136 ] Epoch: [293/400][200/400] lr: 8.07e-05 | MSE loss: 4.7280e-04 | time: 0.173
I 06.01/03:14:36 solver.py:136 ] Epoch: [293/400][220/400] lr: 8.06e-05 | MSE loss: 4.7443e-04 | time: 0.171
I 06.01/03:14:40 solver.py:136 ] Epoch: [293/400][240/400] lr: 8.06e-05 | MSE loss: 4.7557e-04 | time: 0.171
I 06.01/03:14:42 solver.py:136 ] Epoch: [293/400][260/400] lr: 8.06e-05 | MSE loss: 4.7744e-04 | time: 0.169
I 06.01/03:14:46 solver.py:136 ] Epoch: [293/400][280/400] lr: 8.05e-05 | MSE loss: 4.7768e-04 | time: 0.169
I 06.01/03:14:49 solver.py:136 ] Epoch: [293/400][300/400] lr: 8.05e-05 | MSE loss: 4.7863e-04 | time: 0.169
I 06.01/03:14:52 solver.py:136 ] Epoch: [293/400][320/400] lr: 8.05e-05 | MSE loss: 4.7940e-04 | time: 0.168
I 06.01/03:14:55 solver.py:136 ] Epoch: [293/400][340/400] lr: 8.05e-05 | MSE loss: 4.8001e-04 | time: 0.167
I 06.01/03:14:59 solver.py:136 ] Epoch: [293/400][360/400] lr: 8.04e-05 | MSE loss: 4.7992e-04 | time: 0.167
I 06.01/03:15:04 solver.py:136 ] Epoch: [293/400][380/400] lr: 8.04e-05 | MSE loss: 4.8129e-04 | time: 0.172
I 06.01/03:15:07 solver.py:136 ] Epoch: [293/400][400/400] lr: 8.04e-05 | MSE loss: 4.8257e-04 | time: 0.172
I 06.01/03:15:07 solver.py:146 ] => Train  Loss: 4.8257e-04

I 06.01/03:15:12 solver.py:205 ] 
=! Best NMSE: -2.7449e+01 (epoch=290)

I 06.01/03:15:16 solver.py:136 ] Epoch: [294/400][20/400] lr: 8.04e-05 | MSE loss: 4.7683e-04 | time: 0.195
I 06.01/03:15:20 solver.py:136 ] Epoch: [294/400][40/400] lr: 8.03e-05 | MSE loss: 4.7684e-04 | time: 0.188
I 06.01/03:15:23 solver.py:136 ] Epoch: [294/400][60/400] lr: 8.03e-05 | MSE loss: 4.7644e-04 | time: 0.179
I 06.01/03:15:26 solver.py:136 ] Epoch: [294/400][80/400] lr: 8.03e-05 | MSE loss: 4.7772e-04 | time: 0.176
I 06.01/03:15:30 solver.py:136 ] Epoch: [294/400][100/400] lr: 8.03e-05 | MSE loss: 4.7398e-04 | time: 0.175
I 06.01/03:15:33 solver.py:136 ] Epoch: [294/400][120/400] lr: 8.02e-05 | MSE loss: 4.7587e-04 | time: 0.175
I 06.01/03:15:37 solver.py:136 ] Epoch: [294/400][140/400] lr: 8.02e-05 | MSE loss: 4.7678e-04 | time: 0.173
I 06.01/03:15:40 solver.py:136 ] Epoch: [294/400][160/400] lr: 8.02e-05 | MSE loss: 4.7874e-04 | time: 0.173
I 06.01/03:15:43 solver.py:136 ] Epoch: [294/400][180/400] lr: 8.02e-05 | MSE loss: 4.7760e-04 | time: 0.171
I 06.01/03:15:46 solver.py:136 ] Epoch: [294/400][200/400] lr: 8.01e-05 | MSE loss: 4.7708e-04 | time: 0.170
I 06.01/03:15:49 solver.py:136 ] Epoch: [294/400][220/400] lr: 8.01e-05 | MSE loss: 4.7607e-04 | time: 0.169
I 06.01/03:15:53 solver.py:136 ] Epoch: [294/400][240/400] lr: 8.01e-05 | MSE loss: 4.7542e-04 | time: 0.170
I 06.01/03:15:56 solver.py:136 ] Epoch: [294/400][260/400] lr: 8.00e-05 | MSE loss: 4.7657e-04 | time: 0.168
I 06.01/03:15:59 solver.py:136 ] Epoch: [294/400][280/400] lr: 8.00e-05 | MSE loss: 4.7764e-04 | time: 0.165
I 06.01/03:16:03 solver.py:136 ] Epoch: [294/400][300/400] lr: 8.00e-05 | MSE loss: 4.7781e-04 | time: 0.170
I 06.01/03:16:07 solver.py:136 ] Epoch: [294/400][320/400] lr: 8.00e-05 | MSE loss: 4.7801e-04 | time: 0.171
I 06.01/03:16:10 solver.py:136 ] Epoch: [294/400][340/400] lr: 7.99e-05 | MSE loss: 4.7839e-04 | time: 0.170
I 06.01/03:16:13 solver.py:136 ] Epoch: [294/400][360/400] lr: 7.99e-05 | MSE loss: 4.7842e-04 | time: 0.170
I 06.01/03:16:17 solver.py:136 ] Epoch: [294/400][380/400] lr: 7.99e-05 | MSE loss: 4.7915e-04 | time: 0.169
I 06.01/03:16:20 solver.py:136 ] Epoch: [294/400][400/400] lr: 7.99e-05 | MSE loss: 4.7911e-04 | time: 0.170
I 06.01/03:16:20 solver.py:146 ] => Train  Loss: 4.7911e-04

I 06.01/03:16:24 solver.py:205 ] 
=! Best NMSE: -2.7449e+01 (epoch=290)

I 06.01/03:16:27 solver.py:136 ] Epoch: [295/400][20/400] lr: 7.98e-05 | MSE loss: 4.6645e-04 | time: 0.167
I 06.01/03:16:31 solver.py:136 ] Epoch: [295/400][40/400] lr: 7.98e-05 | MSE loss: 4.6831e-04 | time: 0.170
I 06.01/03:16:34 solver.py:136 ] Epoch: [295/400][60/400] lr: 7.98e-05 | MSE loss: 4.6883e-04 | time: 0.167
I 06.01/03:16:37 solver.py:136 ] Epoch: [295/400][80/400] lr: 7.98e-05 | MSE loss: 4.7135e-04 | time: 0.168
I 06.01/03:16:41 solver.py:136 ] Epoch: [295/400][100/400] lr: 7.97e-05 | MSE loss: 4.7344e-04 | time: 0.168
I 06.01/03:16:44 solver.py:136 ] Epoch: [295/400][120/400] lr: 7.97e-05 | MSE loss: 4.7442e-04 | time: 0.168
I 06.01/03:16:47 solver.py:136 ] Epoch: [295/400][140/400] lr: 7.97e-05 | MSE loss: 4.7361e-04 | time: 0.168
I 06.01/03:16:51 solver.py:136 ] Epoch: [295/400][160/400] lr: 7.97e-05 | MSE loss: 4.7338e-04 | time: 0.166
I 06.01/03:16:54 solver.py:136 ] Epoch: [295/400][180/400] lr: 7.96e-05 | MSE loss: 4.7136e-04 | time: 0.164
I 06.01/03:16:57 solver.py:136 ] Epoch: [295/400][200/400] lr: 7.96e-05 | MSE loss: 4.7013e-04 | time: 0.165
I 06.01/03:17:00 solver.py:136 ] Epoch: [295/400][220/400] lr: 7.96e-05 | MSE loss: 4.7065e-04 | time: 0.164
I 06.01/03:17:05 solver.py:136 ] Epoch: [295/400][240/400] lr: 7.96e-05 | MSE loss: 4.7193e-04 | time: 0.173
I 06.01/03:17:08 solver.py:136 ] Epoch: [295/400][260/400] lr: 7.95e-05 | MSE loss: 4.7307e-04 | time: 0.170
I 06.01/03:17:11 solver.py:136 ] Epoch: [295/400][280/400] lr: 7.95e-05 | MSE loss: 4.7367e-04 | time: 0.169
I 06.01/03:17:14 solver.py:136 ] Epoch: [295/400][300/400] lr: 7.95e-05 | MSE loss: 4.7608e-04 | time: 0.168
I 06.01/03:17:18 solver.py:136 ] Epoch: [295/400][320/400] lr: 7.94e-05 | MSE loss: 4.7787e-04 | time: 0.169
I 06.01/03:17:21 solver.py:136 ] Epoch: [295/400][340/400] lr: 7.94e-05 | MSE loss: 4.7811e-04 | time: 0.168
I 06.01/03:17:24 solver.py:136 ] Epoch: [295/400][360/400] lr: 7.94e-05 | MSE loss: 4.7865e-04 | time: 0.168
I 06.01/03:17:27 solver.py:136 ] Epoch: [295/400][380/400] lr: 7.94e-05 | MSE loss: 4.7875e-04 | time: 0.168
I 06.01/03:17:31 solver.py:136 ] Epoch: [295/400][400/400] lr: 7.93e-05 | MSE loss: 4.7811e-04 | time: 0.167
I 06.01/03:17:31 solver.py:146 ] => Train  Loss: 4.7811e-04

I 06.01/03:17:35 solver.py:205 ] 
=! Best NMSE: -2.7449e+01 (epoch=290)

I 06.01/03:17:39 solver.py:136 ] Epoch: [296/400][20/400] lr: 7.93e-05 | MSE loss: 4.6268e-04 | time: 0.193
I 06.01/03:17:42 solver.py:136 ] Epoch: [296/400][40/400] lr: 7.93e-05 | MSE loss: 4.6081e-04 | time: 0.180
I 06.01/03:17:46 solver.py:136 ] Epoch: [296/400][60/400] lr: 7.93e-05 | MSE loss: 4.6492e-04 | time: 0.179
I 06.01/03:17:49 solver.py:136 ] Epoch: [296/400][80/400] lr: 7.92e-05 | MSE loss: 4.7210e-04 | time: 0.175
I 06.01/03:17:53 solver.py:136 ] Epoch: [296/400][100/400] lr: 7.92e-05 | MSE loss: 4.7264e-04 | time: 0.175
I 06.01/03:17:56 solver.py:136 ] Epoch: [296/400][120/400] lr: 7.92e-05 | MSE loss: 4.7306e-04 | time: 0.173
I 06.01/03:17:59 solver.py:136 ] Epoch: [296/400][140/400] lr: 7.92e-05 | MSE loss: 4.7269e-04 | time: 0.170
I 06.01/03:18:03 solver.py:136 ] Epoch: [296/400][160/400] lr: 7.91e-05 | MSE loss: 4.7554e-04 | time: 0.176
I 06.01/03:18:07 solver.py:136 ] Epoch: [296/400][180/400] lr: 7.91e-05 | MSE loss: 4.7417e-04 | time: 0.177
I 06.01/03:18:10 solver.py:136 ] Epoch: [296/400][200/400] lr: 7.91e-05 | MSE loss: 4.7377e-04 | time: 0.175
I 06.01/03:18:13 solver.py:136 ] Epoch: [296/400][220/400] lr: 7.91e-05 | MSE loss: 4.7367e-04 | time: 0.175
I 06.01/03:18:17 solver.py:136 ] Epoch: [296/400][240/400] lr: 7.90e-05 | MSE loss: 4.7533e-04 | time: 0.173
I 06.01/03:18:20 solver.py:136 ] Epoch: [296/400][260/400] lr: 7.90e-05 | MSE loss: 4.7631e-04 | time: 0.173
I 06.01/03:18:23 solver.py:136 ] Epoch: [296/400][280/400] lr: 7.90e-05 | MSE loss: 4.7652e-04 | time: 0.173
I 06.01/03:18:27 solver.py:136 ] Epoch: [296/400][300/400] lr: 7.90e-05 | MSE loss: 4.7677e-04 | time: 0.171
I 06.01/03:18:30 solver.py:136 ] Epoch: [296/400][320/400] lr: 7.89e-05 | MSE loss: 4.7688e-04 | time: 0.172
I 06.01/03:18:34 solver.py:136 ] Epoch: [296/400][340/400] lr: 7.89e-05 | MSE loss: 4.7657e-04 | time: 0.172
I 06.01/03:18:37 solver.py:136 ] Epoch: [296/400][360/400] lr: 7.89e-05 | MSE loss: 4.7696e-04 | time: 0.172
I 06.01/03:18:40 solver.py:136 ] Epoch: [296/400][380/400] lr: 7.89e-05 | MSE loss: 4.7685e-04 | time: 0.171
I 06.01/03:18:43 solver.py:136 ] Epoch: [296/400][400/400] lr: 7.88e-05 | MSE loss: 4.7678e-04 | time: 0.170
I 06.01/03:18:43 solver.py:146 ] => Train  Loss: 4.7678e-04

I 06.01/03:18:47 solver.py:205 ] 
=! Best NMSE: -2.7449e+01 (epoch=290)

I 06.01/03:18:51 solver.py:136 ] Epoch: [297/400][20/400] lr: 7.88e-05 | MSE loss: 4.7923e-04 | time: 0.187
I 06.01/03:18:54 solver.py:136 ] Epoch: [297/400][40/400] lr: 7.88e-05 | MSE loss: 4.7641e-04 | time: 0.178
I 06.01/03:18:58 solver.py:136 ] Epoch: [297/400][60/400] lr: 7.87e-05 | MSE loss: 4.7770e-04 | time: 0.181
I 06.01/03:19:02 solver.py:136 ] Epoch: [297/400][80/400] lr: 7.87e-05 | MSE loss: 4.7530e-04 | time: 0.186
I 06.01/03:19:07 solver.py:136 ] Epoch: [297/400][100/400] lr: 7.87e-05 | MSE loss: 4.7171e-04 | time: 0.193
I 06.01/03:19:10 solver.py:136 ] Epoch: [297/400][120/400] lr: 7.87e-05 | MSE loss: 4.7017e-04 | time: 0.187
I 06.01/03:19:13 solver.py:136 ] Epoch: [297/400][140/400] lr: 7.86e-05 | MSE loss: 4.7200e-04 | time: 0.182
I 06.01/03:19:16 solver.py:136 ] Epoch: [297/400][160/400] lr: 7.86e-05 | MSE loss: 4.7504e-04 | time: 0.181
I 06.01/03:19:19 solver.py:136 ] Epoch: [297/400][180/400] lr: 7.86e-05 | MSE loss: 4.7624e-04 | time: 0.178
I 06.01/03:19:22 solver.py:136 ] Epoch: [297/400][200/400] lr: 7.86e-05 | MSE loss: 4.7767e-04 | time: 0.176
I 06.01/03:19:26 solver.py:136 ] Epoch: [297/400][220/400] lr: 7.85e-05 | MSE loss: 4.7651e-04 | time: 0.174
I 06.01/03:19:29 solver.py:136 ] Epoch: [297/400][240/400] lr: 7.85e-05 | MSE loss: 4.7633e-04 | time: 0.172
I 06.01/03:19:32 solver.py:136 ] Epoch: [297/400][260/400] lr: 7.85e-05 | MSE loss: 4.7641e-04 | time: 0.172
I 06.01/03:19:35 solver.py:136 ] Epoch: [297/400][280/400] lr: 7.85e-05 | MSE loss: 4.7584e-04 | time: 0.172
I 06.01/03:19:39 solver.py:136 ] Epoch: [297/400][300/400] lr: 7.84e-05 | MSE loss: 4.7529e-04 | time: 0.171
I 06.01/03:19:42 solver.py:136 ] Epoch: [297/400][320/400] lr: 7.84e-05 | MSE loss: 4.7570e-04 | time: 0.171
I 06.01/03:19:45 solver.py:136 ] Epoch: [297/400][340/400] lr: 7.84e-05 | MSE loss: 4.7545e-04 | time: 0.171
I 06.01/03:19:49 solver.py:136 ] Epoch: [297/400][360/400] lr: 7.84e-05 | MSE loss: 4.7546e-04 | time: 0.171
I 06.01/03:19:52 solver.py:136 ] Epoch: [297/400][380/400] lr: 7.83e-05 | MSE loss: 4.7613e-04 | time: 0.171
I 06.01/03:19:55 solver.py:136 ] Epoch: [297/400][400/400] lr: 7.83e-05 | MSE loss: 4.7620e-04 | time: 0.170
I 06.01/03:19:55 solver.py:146 ] => Train  Loss: 4.7620e-04

I 06.01/03:20:00 solver.py:205 ] 
=! Best NMSE: -2.7449e+01 (epoch=290)

I 06.01/03:20:06 solver.py:136 ] Epoch: [298/400][20/400] lr: 7.83e-05 | MSE loss: 4.8410e-04 | time: 0.274
I 06.01/03:20:09 solver.py:136 ] Epoch: [298/400][40/400] lr: 7.83e-05 | MSE loss: 4.8086e-04 | time: 0.229
I 06.01/03:20:13 solver.py:136 ] Epoch: [298/400][60/400] lr: 7.82e-05 | MSE loss: 4.7280e-04 | time: 0.208
I 06.01/03:20:16 solver.py:136 ] Epoch: [298/400][80/400] lr: 7.82e-05 | MSE loss: 4.7404e-04 | time: 0.203
I 06.01/03:20:20 solver.py:136 ] Epoch: [298/400][100/400] lr: 7.82e-05 | MSE loss: 4.7337e-04 | time: 0.196
I 06.01/03:20:22 solver.py:136 ] Epoch: [298/400][120/400] lr: 7.82e-05 | MSE loss: 4.7234e-04 | time: 0.185
I 06.01/03:20:25 solver.py:136 ] Epoch: [298/400][140/400] lr: 7.81e-05 | MSE loss: 4.7233e-04 | time: 0.179
I 06.01/03:20:28 solver.py:136 ] Epoch: [298/400][160/400] lr: 7.81e-05 | MSE loss: 4.7256e-04 | time: 0.176
I 06.01/03:20:32 solver.py:136 ] Epoch: [298/400][180/400] lr: 7.81e-05 | MSE loss: 4.7454e-04 | time: 0.176
I 06.01/03:20:35 solver.py:136 ] Epoch: [298/400][200/400] lr: 7.81e-05 | MSE loss: 4.7537e-04 | time: 0.174
I 06.01/03:20:38 solver.py:136 ] Epoch: [298/400][220/400] lr: 7.80e-05 | MSE loss: 4.7497e-04 | time: 0.172
I 06.01/03:20:41 solver.py:136 ] Epoch: [298/400][240/400] lr: 7.80e-05 | MSE loss: 4.7466e-04 | time: 0.170
I 06.01/03:20:43 solver.py:136 ] Epoch: [298/400][260/400] lr: 7.80e-05 | MSE loss: 4.7274e-04 | time: 0.167
I 06.01/03:20:46 solver.py:136 ] Epoch: [298/400][280/400] lr: 7.80e-05 | MSE loss: 4.7270e-04 | time: 0.165
I 06.01/03:20:49 solver.py:136 ] Epoch: [298/400][300/400] lr: 7.79e-05 | MSE loss: 4.7339e-04 | time: 0.164
I 06.01/03:20:52 solver.py:136 ] Epoch: [298/400][320/400] lr: 7.79e-05 | MSE loss: 4.7351e-04 | time: 0.163
I 06.01/03:20:56 solver.py:136 ] Epoch: [298/400][340/400] lr: 7.79e-05 | MSE loss: 4.7339e-04 | time: 0.163
I 06.01/03:20:59 solver.py:136 ] Epoch: [298/400][360/400] lr: 7.79e-05 | MSE loss: 4.7351e-04 | time: 0.163
I 06.01/03:21:04 solver.py:136 ] Epoch: [298/400][380/400] lr: 7.78e-05 | MSE loss: 4.7300e-04 | time: 0.168
I 06.01/03:21:07 solver.py:136 ] Epoch: [298/400][400/400] lr: 7.78e-05 | MSE loss: 4.7394e-04 | time: 0.168
I 06.01/03:21:07 solver.py:146 ] => Train  Loss: 4.7394e-04

I 06.01/03:21:13 solver.py:205 ] 
=! Best NMSE: -2.7449e+01 (epoch=290)

I 06.01/03:21:16 solver.py:136 ] Epoch: [299/400][20/400] lr: 7.78e-05 | MSE loss: 4.5668e-04 | time: 0.156
I 06.01/03:21:19 solver.py:136 ] Epoch: [299/400][40/400] lr: 7.78e-05 | MSE loss: 4.6564e-04 | time: 0.162
I 06.01/03:21:22 solver.py:136 ] Epoch: [299/400][60/400] lr: 7.77e-05 | MSE loss: 4.6759e-04 | time: 0.164
I 06.01/03:21:26 solver.py:136 ] Epoch: [299/400][80/400] lr: 7.77e-05 | MSE loss: 4.7141e-04 | time: 0.167
I 06.01/03:21:29 solver.py:136 ] Epoch: [299/400][100/400] lr: 7.77e-05 | MSE loss: 4.7238e-04 | time: 0.168
I 06.01/03:21:32 solver.py:136 ] Epoch: [299/400][120/400] lr: 7.76e-05 | MSE loss: 4.7116e-04 | time: 0.164
I 06.01/03:21:35 solver.py:136 ] Epoch: [299/400][140/400] lr: 7.76e-05 | MSE loss: 4.7020e-04 | time: 0.163
I 06.01/03:21:39 solver.py:136 ] Epoch: [299/400][160/400] lr: 7.76e-05 | MSE loss: 4.7046e-04 | time: 0.163
I 06.01/03:21:41 solver.py:136 ] Epoch: [299/400][180/400] lr: 7.76e-05 | MSE loss: 4.6933e-04 | time: 0.160
I 06.01/03:21:45 solver.py:136 ] Epoch: [299/400][200/400] lr: 7.75e-05 | MSE loss: 4.6894e-04 | time: 0.160
I 06.01/03:21:48 solver.py:136 ] Epoch: [299/400][220/400] lr: 7.75e-05 | MSE loss: 4.6894e-04 | time: 0.160
I 06.01/03:21:51 solver.py:136 ] Epoch: [299/400][240/400] lr: 7.75e-05 | MSE loss: 4.6875e-04 | time: 0.159
I 06.01/03:21:54 solver.py:136 ] Epoch: [299/400][260/400] lr: 7.75e-05 | MSE loss: 4.6829e-04 | time: 0.157
I 06.01/03:21:57 solver.py:136 ] Epoch: [299/400][280/400] lr: 7.74e-05 | MSE loss: 4.6757e-04 | time: 0.157
I 06.01/03:21:59 solver.py:136 ] Epoch: [299/400][300/400] lr: 7.74e-05 | MSE loss: 4.6843e-04 | time: 0.156
I 06.01/03:22:05 solver.py:136 ] Epoch: [299/400][320/400] lr: 7.74e-05 | MSE loss: 4.7139e-04 | time: 0.163
I 06.01/03:22:08 solver.py:136 ] Epoch: [299/400][340/400] lr: 7.74e-05 | MSE loss: 4.7125e-04 | time: 0.163
I 06.01/03:22:11 solver.py:136 ] Epoch: [299/400][360/400] lr: 7.73e-05 | MSE loss: 4.7226e-04 | time: 0.162
I 06.01/03:22:14 solver.py:136 ] Epoch: [299/400][380/400] lr: 7.73e-05 | MSE loss: 4.7245e-04 | time: 0.162
I 06.01/03:22:18 solver.py:136 ] Epoch: [299/400][400/400] lr: 7.73e-05 | MSE loss: 4.7237e-04 | time: 0.163
I 06.01/03:22:18 solver.py:146 ] => Train  Loss: 4.7237e-04

I 06.01/03:22:22 solver.py:205 ] 
=! Best NMSE: -2.7449e+01 (epoch=290)

I 06.01/03:22:26 solver.py:136 ] Epoch: [300/400][20/400] lr: 7.73e-05 | MSE loss: 4.5769e-04 | time: 0.177
I 06.01/03:22:29 solver.py:136 ] Epoch: [300/400][40/400] lr: 7.72e-05 | MSE loss: 4.5510e-04 | time: 0.164
I 06.01/03:22:32 solver.py:136 ] Epoch: [300/400][60/400] lr: 7.72e-05 | MSE loss: 4.5319e-04 | time: 0.160
I 06.01/03:22:35 solver.py:136 ] Epoch: [300/400][80/400] lr: 7.72e-05 | MSE loss: 4.5699e-04 | time: 0.161
I 06.01/03:22:38 solver.py:136 ] Epoch: [300/400][100/400] lr: 7.72e-05 | MSE loss: 4.5990e-04 | time: 0.156
I 06.01/03:22:41 solver.py:136 ] Epoch: [300/400][120/400] lr: 7.71e-05 | MSE loss: 4.6029e-04 | time: 0.157
I 06.01/03:22:44 solver.py:136 ] Epoch: [300/400][140/400] lr: 7.71e-05 | MSE loss: 4.6124e-04 | time: 0.159
I 06.01/03:22:47 solver.py:136 ] Epoch: [300/400][160/400] lr: 7.71e-05 | MSE loss: 4.6256e-04 | time: 0.157
I 06.01/03:22:50 solver.py:136 ] Epoch: [300/400][180/400] lr: 7.71e-05 | MSE loss: 4.6493e-04 | time: 0.152
I 06.01/03:22:52 solver.py:136 ] Epoch: [300/400][200/400] lr: 7.70e-05 | MSE loss: 4.6655e-04 | time: 0.149
I 06.01/03:22:55 solver.py:136 ] Epoch: [300/400][220/400] lr: 7.70e-05 | MSE loss: 4.6619e-04 | time: 0.150
I 06.01/03:22:59 solver.py:136 ] Epoch: [300/400][240/400] lr: 7.70e-05 | MSE loss: 4.6565e-04 | time: 0.152
I 06.01/03:23:02 solver.py:136 ] Epoch: [300/400][260/400] lr: 7.70e-05 | MSE loss: 4.6684e-04 | time: 0.153
I 06.01/03:23:06 solver.py:136 ] Epoch: [300/400][280/400] lr: 7.69e-05 | MSE loss: 4.6676e-04 | time: 0.156
I 06.01/03:23:09 solver.py:136 ] Epoch: [300/400][300/400] lr: 7.69e-05 | MSE loss: 4.6683e-04 | time: 0.157
I 06.01/03:23:12 solver.py:136 ] Epoch: [300/400][320/400] lr: 7.69e-05 | MSE loss: 4.6741e-04 | time: 0.157
I 06.01/03:23:16 solver.py:136 ] Epoch: [300/400][340/400] lr: 7.69e-05 | MSE loss: 4.6793e-04 | time: 0.157
I 06.01/03:23:19 solver.py:136 ] Epoch: [300/400][360/400] lr: 7.68e-05 | MSE loss: 4.6860e-04 | time: 0.158
I 06.01/03:23:22 solver.py:136 ] Epoch: [300/400][380/400] lr: 7.68e-05 | MSE loss: 4.6911e-04 | time: 0.158
I 06.01/03:23:26 solver.py:136 ] Epoch: [300/400][400/400] lr: 7.68e-05 | MSE loss: 4.6886e-04 | time: 0.158
I 06.01/03:23:26 solver.py:146 ] => Train  Loss: 4.6886e-04

I 06.01/03:23:29 solver.py:136 ] Epoch: [300/400][20/50] lr: 7.68e-05 | MSE loss: 8.4062e-04 | time: 0.142
I 06.01/03:23:32 solver.py:136 ] Epoch: [300/400][40/50] lr: 7.68e-05 | MSE loss: 8.6205e-04 | time: 0.142
I 06.01/03:23:33 solver.py:146 ] => Val  Loss: 8.5361e-04

I 06.01/03:23:36 solver.py:287 ] [20/50] loss: 8.7756e-04 | NMSE: -2.7600e+01 | time: 0.150
I 06.01/03:23:38 solver.py:287 ] [40/50] loss: 8.7976e-04 | NMSE: -2.7606e+01 | time: 0.133
I 06.01/03:23:40 solver.py:291 ] => Test NMSE: -2.7583e+01

I 06.01/03:23:46 solver.py:205 ] 
=! Best NMSE: -2.7583e+01 (epoch=300)

I 06.01/03:23:50 solver.py:136 ] Epoch: [301/400][20/400] lr: 7.68e-05 | MSE loss: 4.4455e-04 | time: 0.179
I 06.01/03:23:53 solver.py:136 ] Epoch: [301/400][40/400] lr: 7.67e-05 | MSE loss: 4.5162e-04 | time: 0.166
I 06.01/03:23:56 solver.py:136 ] Epoch: [301/400][60/400] lr: 7.67e-05 | MSE loss: 4.5929e-04 | time: 0.157
I 06.01/03:23:58 solver.py:136 ] Epoch: [301/400][80/400] lr: 7.67e-05 | MSE loss: 4.5772e-04 | time: 0.147
I 06.01/03:24:02 solver.py:136 ] Epoch: [301/400][100/400] lr: 7.67e-05 | MSE loss: 4.6012e-04 | time: 0.151
I 06.01/03:24:07 solver.py:136 ] Epoch: [301/400][120/400] lr: 7.66e-05 | MSE loss: 4.6276e-04 | time: 0.167
I 06.01/03:24:10 solver.py:136 ] Epoch: [301/400][140/400] lr: 7.66e-05 | MSE loss: 4.6189e-04 | time: 0.168
I 06.01/03:24:13 solver.py:136 ] Epoch: [301/400][160/400] lr: 7.66e-05 | MSE loss: 4.6202e-04 | time: 0.166
I 06.01/03:24:17 solver.py:136 ] Epoch: [301/400][180/400] lr: 7.66e-05 | MSE loss: 4.6239e-04 | time: 0.167
I 06.01/03:24:20 solver.py:136 ] Epoch: [301/400][200/400] lr: 7.65e-05 | MSE loss: 4.6397e-04 | time: 0.167
I 06.01/03:24:23 solver.py:136 ] Epoch: [301/400][220/400] lr: 7.65e-05 | MSE loss: 4.6606e-04 | time: 0.166
I 06.01/03:24:26 solver.py:136 ] Epoch: [301/400][240/400] lr: 7.65e-05 | MSE loss: 4.6410e-04 | time: 0.165
I 06.01/03:24:29 solver.py:136 ] Epoch: [301/400][260/400] lr: 7.65e-05 | MSE loss: 4.6404e-04 | time: 0.164
I 06.01/03:24:32 solver.py:136 ] Epoch: [301/400][280/400] lr: 7.64e-05 | MSE loss: 4.6375e-04 | time: 0.162
I 06.01/03:24:35 solver.py:136 ] Epoch: [301/400][300/400] lr: 7.64e-05 | MSE loss: 4.6373e-04 | time: 0.163
I 06.01/03:24:39 solver.py:136 ] Epoch: [301/400][320/400] lr: 7.64e-05 | MSE loss: 4.6384e-04 | time: 0.164
I 06.01/03:24:42 solver.py:136 ] Epoch: [301/400][340/400] lr: 7.64e-05 | MSE loss: 4.6389e-04 | time: 0.163
I 06.01/03:24:45 solver.py:136 ] Epoch: [301/400][360/400] lr: 7.63e-05 | MSE loss: 4.6489e-04 | time: 0.162
I 06.01/03:24:48 solver.py:136 ] Epoch: [301/400][380/400] lr: 7.63e-05 | MSE loss: 4.6518e-04 | time: 0.161
I 06.01/03:24:51 solver.py:136 ] Epoch: [301/400][400/400] lr: 7.63e-05 | MSE loss: 4.6615e-04 | time: 0.160
I 06.01/03:24:51 solver.py:146 ] => Train  Loss: 4.6615e-04

I 06.01/03:24:55 solver.py:205 ] 
=! Best NMSE: -2.7583e+01 (epoch=300)

I 06.01/03:24:59 solver.py:136 ] Epoch: [302/400][20/400] lr: 7.63e-05 | MSE loss: 4.4181e-04 | time: 0.182
I 06.01/03:25:03 solver.py:136 ] Epoch: [302/400][40/400] lr: 7.62e-05 | MSE loss: 4.5077e-04 | time: 0.205
I 06.01/03:25:07 solver.py:136 ] Epoch: [302/400][60/400] lr: 7.62e-05 | MSE loss: 4.5612e-04 | time: 0.199
I 06.01/03:25:10 solver.py:136 ] Epoch: [302/400][80/400] lr: 7.62e-05 | MSE loss: 4.5591e-04 | time: 0.181
I 06.01/03:25:13 solver.py:136 ] Epoch: [302/400][100/400] lr: 7.62e-05 | MSE loss: 4.5876e-04 | time: 0.178
I 06.01/03:25:16 solver.py:136 ] Epoch: [302/400][120/400] lr: 7.61e-05 | MSE loss: 4.6290e-04 | time: 0.174
I 06.01/03:25:19 solver.py:136 ] Epoch: [302/400][140/400] lr: 7.61e-05 | MSE loss: 4.6222e-04 | time: 0.170
I 06.01/03:25:22 solver.py:136 ] Epoch: [302/400][160/400] lr: 7.61e-05 | MSE loss: 4.6384e-04 | time: 0.170
I 06.01/03:25:26 solver.py:136 ] Epoch: [302/400][180/400] lr: 7.61e-05 | MSE loss: 4.6363e-04 | time: 0.170
I 06.01/03:25:29 solver.py:136 ] Epoch: [302/400][200/400] lr: 7.60e-05 | MSE loss: 4.6297e-04 | time: 0.169
I 06.01/03:25:32 solver.py:136 ] Epoch: [302/400][220/400] lr: 7.60e-05 | MSE loss: 4.6232e-04 | time: 0.167
I 06.01/03:25:35 solver.py:136 ] Epoch: [302/400][240/400] lr: 7.60e-05 | MSE loss: 4.6248e-04 | time: 0.166
I 06.01/03:25:38 solver.py:136 ] Epoch: [302/400][260/400] lr: 7.60e-05 | MSE loss: 4.6362e-04 | time: 0.164
I 06.01/03:25:41 solver.py:136 ] Epoch: [302/400][280/400] lr: 7.59e-05 | MSE loss: 4.6393e-04 | time: 0.163
I 06.01/03:25:44 solver.py:136 ] Epoch: [302/400][300/400] lr: 7.59e-05 | MSE loss: 4.6661e-04 | time: 0.163
I 06.01/03:25:47 solver.py:136 ] Epoch: [302/400][320/400] lr: 7.59e-05 | MSE loss: 4.6558e-04 | time: 0.163
I 06.01/03:25:50 solver.py:136 ] Epoch: [302/400][340/400] lr: 7.59e-05 | MSE loss: 4.6591e-04 | time: 0.162
I 06.01/03:25:53 solver.py:136 ] Epoch: [302/400][360/400] lr: 7.58e-05 | MSE loss: 4.6665e-04 | time: 0.162
I 06.01/03:25:56 solver.py:136 ] Epoch: [302/400][380/400] lr: 7.58e-05 | MSE loss: 4.6633e-04 | time: 0.161
I 06.01/03:26:00 solver.py:136 ] Epoch: [302/400][400/400] lr: 7.58e-05 | MSE loss: 4.6590e-04 | time: 0.161
I 06.01/03:26:00 solver.py:146 ] => Train  Loss: 4.6590e-04

I 06.01/03:26:05 solver.py:205 ] 
=! Best NMSE: -2.7583e+01 (epoch=300)

I 06.01/03:26:08 solver.py:136 ] Epoch: [303/400][20/400] lr: 7.58e-05 | MSE loss: 4.6893e-04 | time: 0.160
I 06.01/03:26:11 solver.py:136 ] Epoch: [303/400][40/400] lr: 7.57e-05 | MSE loss: 4.6419e-04 | time: 0.143
I 06.01/03:26:14 solver.py:136 ] Epoch: [303/400][60/400] lr: 7.57e-05 | MSE loss: 4.6596e-04 | time: 0.146
I 06.01/03:26:16 solver.py:136 ] Epoch: [303/400][80/400] lr: 7.57e-05 | MSE loss: 4.6475e-04 | time: 0.146
I 06.01/03:26:20 solver.py:136 ] Epoch: [303/400][100/400] lr: 7.57e-05 | MSE loss: 4.6240e-04 | time: 0.150
I 06.01/03:26:23 solver.py:136 ] Epoch: [303/400][120/400] lr: 7.56e-05 | MSE loss: 4.6288e-04 | time: 0.151
I 06.01/03:26:26 solver.py:136 ] Epoch: [303/400][140/400] lr: 7.56e-05 | MSE loss: 4.6419e-04 | time: 0.155
I 06.01/03:26:30 solver.py:136 ] Epoch: [303/400][160/400] lr: 7.56e-05 | MSE loss: 4.6434e-04 | time: 0.155
I 06.01/03:26:33 solver.py:136 ] Epoch: [303/400][180/400] lr: 7.56e-05 | MSE loss: 4.6406e-04 | time: 0.157
I 06.01/03:26:37 solver.py:136 ] Epoch: [303/400][200/400] lr: 7.55e-05 | MSE loss: 4.6479e-04 | time: 0.159
I 06.01/03:26:40 solver.py:136 ] Epoch: [303/400][220/400] lr: 7.55e-05 | MSE loss: 4.6514e-04 | time: 0.159
I 06.01/03:26:43 solver.py:136 ] Epoch: [303/400][240/400] lr: 7.55e-05 | MSE loss: 4.6429e-04 | time: 0.159
I 06.01/03:26:46 solver.py:136 ] Epoch: [303/400][260/400] lr: 7.55e-05 | MSE loss: 4.6390e-04 | time: 0.159
I 06.01/03:26:49 solver.py:136 ] Epoch: [303/400][280/400] lr: 7.55e-05 | MSE loss: 4.6391e-04 | time: 0.159
I 06.01/03:26:52 solver.py:136 ] Epoch: [303/400][300/400] lr: 7.54e-05 | MSE loss: 4.6366e-04 | time: 0.158
I 06.01/03:26:56 solver.py:136 ] Epoch: [303/400][320/400] lr: 7.54e-05 | MSE loss: 4.6415e-04 | time: 0.159
I 06.01/03:26:59 solver.py:136 ] Epoch: [303/400][340/400] lr: 7.54e-05 | MSE loss: 4.6437e-04 | time: 0.158
I 06.01/03:27:04 solver.py:136 ] Epoch: [303/400][360/400] lr: 7.54e-05 | MSE loss: 4.6455e-04 | time: 0.164
I 06.01/03:27:07 solver.py:136 ] Epoch: [303/400][380/400] lr: 7.53e-05 | MSE loss: 4.6521e-04 | time: 0.164
I 06.01/03:27:10 solver.py:136 ] Epoch: [303/400][400/400] lr: 7.53e-05 | MSE loss: 4.6479e-04 | time: 0.164
I 06.01/03:27:10 solver.py:146 ] => Train  Loss: 4.6479e-04

I 06.01/03:27:16 solver.py:205 ] 
=! Best NMSE: -2.7583e+01 (epoch=300)

I 06.01/03:27:18 solver.py:136 ] Epoch: [304/400][20/400] lr: 7.53e-05 | MSE loss: 4.4548e-04 | time: 0.141
I 06.01/03:27:21 solver.py:136 ] Epoch: [304/400][40/400] lr: 7.53e-05 | MSE loss: 4.4747e-04 | time: 0.140
I 06.01/03:27:24 solver.py:136 ] Epoch: [304/400][60/400] lr: 7.52e-05 | MSE loss: 4.4719e-04 | time: 0.141
I 06.01/03:27:27 solver.py:136 ] Epoch: [304/400][80/400] lr: 7.52e-05 | MSE loss: 4.5174e-04 | time: 0.149
I 06.01/03:27:30 solver.py:136 ] Epoch: [304/400][100/400] lr: 7.52e-05 | MSE loss: 4.5471e-04 | time: 0.147
I 06.01/03:27:33 solver.py:136 ] Epoch: [304/400][120/400] lr: 7.52e-05 | MSE loss: 4.5700e-04 | time: 0.147
I 06.01/03:27:36 solver.py:136 ] Epoch: [304/400][140/400] lr: 7.51e-05 | MSE loss: 4.5738e-04 | time: 0.145
I 06.01/03:27:39 solver.py:136 ] Epoch: [304/400][160/400] lr: 7.51e-05 | MSE loss: 4.5571e-04 | time: 0.145
I 06.01/03:27:41 solver.py:136 ] Epoch: [304/400][180/400] lr: 7.51e-05 | MSE loss: 4.5713e-04 | time: 0.144
I 06.01/03:27:45 solver.py:136 ] Epoch: [304/400][200/400] lr: 7.51e-05 | MSE loss: 4.5943e-04 | time: 0.145
I 06.01/03:27:47 solver.py:136 ] Epoch: [304/400][220/400] lr: 7.50e-05 | MSE loss: 4.6053e-04 | time: 0.145
I 06.01/03:27:50 solver.py:136 ] Epoch: [304/400][240/400] lr: 7.50e-05 | MSE loss: 4.6063e-04 | time: 0.144
I 06.01/03:27:53 solver.py:136 ] Epoch: [304/400][260/400] lr: 7.50e-05 | MSE loss: 4.6194e-04 | time: 0.145
I 06.01/03:27:57 solver.py:136 ] Epoch: [304/400][280/400] lr: 7.50e-05 | MSE loss: 4.6249e-04 | time: 0.146
I 06.01/03:27:59 solver.py:136 ] Epoch: [304/400][300/400] lr: 7.49e-05 | MSE loss: 4.6257e-04 | time: 0.146
I 06.01/03:28:04 solver.py:136 ] Epoch: [304/400][320/400] lr: 7.49e-05 | MSE loss: 4.6316e-04 | time: 0.153
I 06.01/03:28:08 solver.py:136 ] Epoch: [304/400][340/400] lr: 7.49e-05 | MSE loss: 4.6369e-04 | time: 0.153
I 06.01/03:28:11 solver.py:136 ] Epoch: [304/400][360/400] lr: 7.49e-05 | MSE loss: 4.6351e-04 | time: 0.154
I 06.01/03:28:14 solver.py:136 ] Epoch: [304/400][380/400] lr: 7.48e-05 | MSE loss: 4.6360e-04 | time: 0.155
I 06.01/03:28:17 solver.py:136 ] Epoch: [304/400][400/400] lr: 7.48e-05 | MSE loss: 4.6441e-04 | time: 0.155
I 06.01/03:28:17 solver.py:146 ] => Train  Loss: 4.6441e-04

I 06.01/03:28:22 solver.py:205 ] 
=! Best NMSE: -2.7583e+01 (epoch=300)

I 06.01/03:28:25 solver.py:136 ] Epoch: [305/400][20/400] lr: 7.48e-05 | MSE loss: 4.5361e-04 | time: 0.156
I 06.01/03:28:28 solver.py:136 ] Epoch: [305/400][40/400] lr: 7.48e-05 | MSE loss: 4.4888e-04 | time: 0.153
I 06.01/03:28:31 solver.py:136 ] Epoch: [305/400][60/400] lr: 7.47e-05 | MSE loss: 4.4166e-04 | time: 0.157
I 06.01/03:28:34 solver.py:136 ] Epoch: [305/400][80/400] lr: 7.47e-05 | MSE loss: 4.4791e-04 | time: 0.159
I 06.01/03:28:38 solver.py:136 ] Epoch: [305/400][100/400] lr: 7.47e-05 | MSE loss: 4.5265e-04 | time: 0.160
I 06.01/03:28:40 solver.py:136 ] Epoch: [305/400][120/400] lr: 7.47e-05 | MSE loss: 4.5974e-04 | time: 0.155
I 06.01/03:28:43 solver.py:136 ] Epoch: [305/400][140/400] lr: 7.46e-05 | MSE loss: 4.6110e-04 | time: 0.156
I 06.01/03:28:46 solver.py:136 ] Epoch: [305/400][160/400] lr: 7.46e-05 | MSE loss: 4.6259e-04 | time: 0.154
I 06.01/03:28:49 solver.py:136 ] Epoch: [305/400][180/400] lr: 7.46e-05 | MSE loss: 4.6064e-04 | time: 0.154
I 06.01/03:28:52 solver.py:136 ] Epoch: [305/400][200/400] lr: 7.46e-05 | MSE loss: 4.6302e-04 | time: 0.153
I 06.01/03:28:55 solver.py:136 ] Epoch: [305/400][220/400] lr: 7.45e-05 | MSE loss: 4.6282e-04 | time: 0.152
I 06.01/03:28:58 solver.py:136 ] Epoch: [305/400][240/400] lr: 7.45e-05 | MSE loss: 4.6319e-04 | time: 0.151
I 06.01/03:29:01 solver.py:136 ] Epoch: [305/400][260/400] lr: 7.45e-05 | MSE loss: 4.6363e-04 | time: 0.152
I 06.01/03:29:06 solver.py:136 ] Epoch: [305/400][280/400] lr: 7.45e-05 | MSE loss: 4.6457e-04 | time: 0.158
I 06.01/03:29:09 solver.py:136 ] Epoch: [305/400][300/400] lr: 7.45e-05 | MSE loss: 4.6292e-04 | time: 0.159
I 06.01/03:29:13 solver.py:136 ] Epoch: [305/400][320/400] lr: 7.44e-05 | MSE loss: 4.6288e-04 | time: 0.159
I 06.01/03:29:16 solver.py:136 ] Epoch: [305/400][340/400] lr: 7.44e-05 | MSE loss: 4.6302e-04 | time: 0.160
I 06.01/03:29:19 solver.py:136 ] Epoch: [305/400][360/400] lr: 7.44e-05 | MSE loss: 4.6296e-04 | time: 0.160
I 06.01/03:29:23 solver.py:136 ] Epoch: [305/400][380/400] lr: 7.44e-05 | MSE loss: 4.6325e-04 | time: 0.160
I 06.01/03:29:26 solver.py:136 ] Epoch: [305/400][400/400] lr: 7.43e-05 | MSE loss: 4.6424e-04 | time: 0.161
I 06.01/03:29:26 solver.py:146 ] => Train  Loss: 4.6424e-04

I 06.01/03:29:31 solver.py:205 ] 
=! Best NMSE: -2.7583e+01 (epoch=300)

I 06.01/03:29:34 solver.py:136 ] Epoch: [306/400][20/400] lr: 7.43e-05 | MSE loss: 4.6028e-04 | time: 0.161
I 06.01/03:29:37 solver.py:136 ] Epoch: [306/400][40/400] lr: 7.43e-05 | MSE loss: 4.6726e-04 | time: 0.148
I 06.01/03:29:40 solver.py:136 ] Epoch: [306/400][60/400] lr: 7.43e-05 | MSE loss: 4.6251e-04 | time: 0.150
I 06.01/03:29:43 solver.py:136 ] Epoch: [306/400][80/400] lr: 7.42e-05 | MSE loss: 4.6229e-04 | time: 0.149
I 06.01/03:29:46 solver.py:136 ] Epoch: [306/400][100/400] lr: 7.42e-05 | MSE loss: 4.6209e-04 | time: 0.146
I 06.01/03:29:49 solver.py:136 ] Epoch: [306/400][120/400] lr: 7.42e-05 | MSE loss: 4.6055e-04 | time: 0.147
I 06.01/03:29:52 solver.py:136 ] Epoch: [306/400][140/400] lr: 7.42e-05 | MSE loss: 4.6069e-04 | time: 0.149
I 06.01/03:29:55 solver.py:136 ] Epoch: [306/400][160/400] lr: 7.41e-05 | MSE loss: 4.6063e-04 | time: 0.149
I 06.01/03:29:58 solver.py:136 ] Epoch: [306/400][180/400] lr: 7.41e-05 | MSE loss: 4.6071e-04 | time: 0.147
I 06.01/03:30:01 solver.py:136 ] Epoch: [306/400][200/400] lr: 7.41e-05 | MSE loss: 4.6035e-04 | time: 0.148
I 06.01/03:30:06 solver.py:136 ] Epoch: [306/400][220/400] lr: 7.41e-05 | MSE loss: 4.6193e-04 | time: 0.158
I 06.01/03:30:09 solver.py:136 ] Epoch: [306/400][240/400] lr: 7.40e-05 | MSE loss: 4.6087e-04 | time: 0.158
I 06.01/03:30:13 solver.py:136 ] Epoch: [306/400][260/400] lr: 7.40e-05 | MSE loss: 4.6047e-04 | time: 0.159
I 06.01/03:30:16 solver.py:136 ] Epoch: [306/400][280/400] lr: 7.40e-05 | MSE loss: 4.6107e-04 | time: 0.159
I 06.01/03:30:19 solver.py:136 ] Epoch: [306/400][300/400] lr: 7.40e-05 | MSE loss: 4.6068e-04 | time: 0.159
I 06.01/03:30:22 solver.py:136 ] Epoch: [306/400][320/400] lr: 7.39e-05 | MSE loss: 4.5977e-04 | time: 0.158
I 06.01/03:30:25 solver.py:136 ] Epoch: [306/400][340/400] lr: 7.39e-05 | MSE loss: 4.5977e-04 | time: 0.159
I 06.01/03:30:28 solver.py:136 ] Epoch: [306/400][360/400] lr: 7.39e-05 | MSE loss: 4.6078e-04 | time: 0.158
I 06.01/03:30:31 solver.py:136 ] Epoch: [306/400][380/400] lr: 7.39e-05 | MSE loss: 4.6057e-04 | time: 0.158
I 06.01/03:30:34 solver.py:136 ] Epoch: [306/400][400/400] lr: 7.39e-05 | MSE loss: 4.6016e-04 | time: 0.158
I 06.01/03:30:34 solver.py:146 ] => Train  Loss: 4.6016e-04

I 06.01/03:30:39 solver.py:205 ] 
=! Best NMSE: -2.7583e+01 (epoch=300)

I 06.01/03:30:42 solver.py:136 ] Epoch: [307/400][20/400] lr: 7.38e-05 | MSE loss: 4.5288e-04 | time: 0.150
I 06.01/03:30:45 solver.py:136 ] Epoch: [307/400][40/400] lr: 7.38e-05 | MSE loss: 4.5775e-04 | time: 0.153
I 06.01/03:30:48 solver.py:136 ] Epoch: [307/400][60/400] lr: 7.38e-05 | MSE loss: 4.5355e-04 | time: 0.155
I 06.01/03:30:51 solver.py:136 ] Epoch: [307/400][80/400] lr: 7.38e-05 | MSE loss: 4.5798e-04 | time: 0.151
I 06.01/03:30:54 solver.py:136 ] Epoch: [307/400][100/400] lr: 7.37e-05 | MSE loss: 4.5264e-04 | time: 0.151
I 06.01/03:30:58 solver.py:136 ] Epoch: [307/400][120/400] lr: 7.37e-05 | MSE loss: 4.5261e-04 | time: 0.155
I 06.01/03:31:01 solver.py:136 ] Epoch: [307/400][140/400] lr: 7.37e-05 | MSE loss: 4.5381e-04 | time: 0.159
I 06.01/03:31:06 solver.py:136 ] Epoch: [307/400][160/400] lr: 7.37e-05 | MSE loss: 4.5338e-04 | time: 0.168
I 06.01/03:31:09 solver.py:136 ] Epoch: [307/400][180/400] lr: 7.36e-05 | MSE loss: 4.5398e-04 | time: 0.167
I 06.01/03:31:12 solver.py:136 ] Epoch: [307/400][200/400] lr: 7.36e-05 | MSE loss: 4.5421e-04 | time: 0.165
I 06.01/03:31:15 solver.py:136 ] Epoch: [307/400][220/400] lr: 7.36e-05 | MSE loss: 4.5578e-04 | time: 0.163
I 06.01/03:31:18 solver.py:136 ] Epoch: [307/400][240/400] lr: 7.36e-05 | MSE loss: 4.5730e-04 | time: 0.162
I 06.01/03:31:21 solver.py:136 ] Epoch: [307/400][260/400] lr: 7.35e-05 | MSE loss: 4.5739e-04 | time: 0.162
I 06.01/03:31:24 solver.py:136 ] Epoch: [307/400][280/400] lr: 7.35e-05 | MSE loss: 4.5855e-04 | time: 0.161
I 06.01/03:31:28 solver.py:136 ] Epoch: [307/400][300/400] lr: 7.35e-05 | MSE loss: 4.5854e-04 | time: 0.162
I 06.01/03:31:31 solver.py:136 ] Epoch: [307/400][320/400] lr: 7.35e-05 | MSE loss: 4.5818e-04 | time: 0.163
I 06.01/03:31:34 solver.py:136 ] Epoch: [307/400][340/400] lr: 7.34e-05 | MSE loss: 4.5973e-04 | time: 0.162
I 06.01/03:31:37 solver.py:136 ] Epoch: [307/400][360/400] lr: 7.34e-05 | MSE loss: 4.5959e-04 | time: 0.161
I 06.01/03:31:40 solver.py:136 ] Epoch: [307/400][380/400] lr: 7.34e-05 | MSE loss: 4.5973e-04 | time: 0.160
I 06.01/03:31:43 solver.py:136 ] Epoch: [307/400][400/400] lr: 7.34e-05 | MSE loss: 4.6045e-04 | time: 0.160
I 06.01/03:31:43 solver.py:146 ] => Train  Loss: 4.6045e-04

I 06.01/03:31:47 solver.py:205 ] 
=! Best NMSE: -2.7583e+01 (epoch=300)

I 06.01/03:31:50 solver.py:136 ] Epoch: [308/400][20/400] lr: 7.33e-05 | MSE loss: 4.7231e-04 | time: 0.169
I 06.01/03:31:53 solver.py:136 ] Epoch: [308/400][40/400] lr: 7.33e-05 | MSE loss: 4.6748e-04 | time: 0.161
I 06.01/03:31:56 solver.py:136 ] Epoch: [308/400][60/400] lr: 7.33e-05 | MSE loss: 4.6231e-04 | time: 0.161
I 06.01/03:31:59 solver.py:136 ] Epoch: [308/400][80/400] lr: 7.33e-05 | MSE loss: 4.5945e-04 | time: 0.160
I 06.01/03:32:05 solver.py:136 ] Epoch: [308/400][100/400] lr: 7.33e-05 | MSE loss: 4.5692e-04 | time: 0.186
I 06.01/03:32:09 solver.py:136 ] Epoch: [308/400][120/400] lr: 7.32e-05 | MSE loss: 4.5423e-04 | time: 0.185
I 06.01/03:32:12 solver.py:136 ] Epoch: [308/400][140/400] lr: 7.32e-05 | MSE loss: 4.5514e-04 | time: 0.184
I 06.01/03:32:16 solver.py:136 ] Epoch: [308/400][160/400] lr: 7.32e-05 | MSE loss: 4.5570e-04 | time: 0.181
I 06.01/03:32:19 solver.py:136 ] Epoch: [308/400][180/400] lr: 7.32e-05 | MSE loss: 4.5576e-04 | time: 0.180
I 06.01/03:32:22 solver.py:136 ] Epoch: [308/400][200/400] lr: 7.31e-05 | MSE loss: 4.5639e-04 | time: 0.176
I 06.01/03:32:25 solver.py:136 ] Epoch: [308/400][220/400] lr: 7.31e-05 | MSE loss: 4.5587e-04 | time: 0.174
I 06.01/03:32:29 solver.py:136 ] Epoch: [308/400][240/400] lr: 7.31e-05 | MSE loss: 4.5639e-04 | time: 0.175
I 06.01/03:32:32 solver.py:136 ] Epoch: [308/400][260/400] lr: 7.31e-05 | MSE loss: 4.5793e-04 | time: 0.173
I 06.01/03:32:35 solver.py:136 ] Epoch: [308/400][280/400] lr: 7.30e-05 | MSE loss: 4.5873e-04 | time: 0.171
I 06.01/03:32:38 solver.py:136 ] Epoch: [308/400][300/400] lr: 7.30e-05 | MSE loss: 4.5740e-04 | time: 0.171
I 06.01/03:32:41 solver.py:136 ] Epoch: [308/400][320/400] lr: 7.30e-05 | MSE loss: 4.5729e-04 | time: 0.169
I 06.01/03:32:44 solver.py:136 ] Epoch: [308/400][340/400] lr: 7.30e-05 | MSE loss: 4.5760e-04 | time: 0.169
I 06.01/03:32:47 solver.py:136 ] Epoch: [308/400][360/400] lr: 7.29e-05 | MSE loss: 4.5749e-04 | time: 0.168
I 06.01/03:32:50 solver.py:136 ] Epoch: [308/400][380/400] lr: 7.29e-05 | MSE loss: 4.5743e-04 | time: 0.167
I 06.01/03:32:53 solver.py:136 ] Epoch: [308/400][400/400] lr: 7.29e-05 | MSE loss: 4.5768e-04 | time: 0.166
I 06.01/03:32:53 solver.py:146 ] => Train  Loss: 4.5768e-04

I 06.01/03:32:58 solver.py:205 ] 
=! Best NMSE: -2.7583e+01 (epoch=300)

I 06.01/03:33:02 solver.py:136 ] Epoch: [309/400][20/400] lr: 7.29e-05 | MSE loss: 4.5000e-04 | time: 0.183
I 06.01/03:33:06 solver.py:136 ] Epoch: [309/400][40/400] lr: 7.29e-05 | MSE loss: 4.5402e-04 | time: 0.197
I 06.01/03:33:08 solver.py:136 ] Epoch: [309/400][60/400] lr: 7.28e-05 | MSE loss: 4.4995e-04 | time: 0.173
I 06.01/03:33:11 solver.py:136 ] Epoch: [309/400][80/400] lr: 7.28e-05 | MSE loss: 4.4614e-04 | time: 0.158
I 06.01/03:33:14 solver.py:136 ] Epoch: [309/400][100/400] lr: 7.28e-05 | MSE loss: 4.4530e-04 | time: 0.160
I 06.01/03:33:17 solver.py:136 ] Epoch: [309/400][120/400] lr: 7.28e-05 | MSE loss: 4.4309e-04 | time: 0.157
I 06.01/03:33:20 solver.py:136 ] Epoch: [309/400][140/400] lr: 7.27e-05 | MSE loss: 4.4518e-04 | time: 0.160
I 06.01/03:33:24 solver.py:136 ] Epoch: [309/400][160/400] lr: 7.27e-05 | MSE loss: 4.4889e-04 | time: 0.162
I 06.01/03:33:27 solver.py:136 ] Epoch: [309/400][180/400] lr: 7.27e-05 | MSE loss: 4.4895e-04 | time: 0.161
I 06.01/03:33:30 solver.py:136 ] Epoch: [309/400][200/400] lr: 7.27e-05 | MSE loss: 4.5177e-04 | time: 0.162
I 06.01/03:33:33 solver.py:136 ] Epoch: [309/400][220/400] lr: 7.26e-05 | MSE loss: 4.5186e-04 | time: 0.159
I 06.01/03:33:36 solver.py:136 ] Epoch: [309/400][240/400] lr: 7.26e-05 | MSE loss: 4.5238e-04 | time: 0.159
I 06.01/03:33:39 solver.py:136 ] Epoch: [309/400][260/400] lr: 7.26e-05 | MSE loss: 4.5386e-04 | time: 0.159
I 06.01/03:33:42 solver.py:136 ] Epoch: [309/400][280/400] lr: 7.26e-05 | MSE loss: 4.5501e-04 | time: 0.157
I 06.01/03:33:45 solver.py:136 ] Epoch: [309/400][300/400] lr: 7.25e-05 | MSE loss: 4.5612e-04 | time: 0.157
I 06.01/03:33:49 solver.py:136 ] Epoch: [309/400][320/400] lr: 7.25e-05 | MSE loss: 4.5678e-04 | time: 0.159
I 06.01/03:33:52 solver.py:136 ] Epoch: [309/400][340/400] lr: 7.25e-05 | MSE loss: 4.5656e-04 | time: 0.158
I 06.01/03:33:54 solver.py:136 ] Epoch: [309/400][360/400] lr: 7.25e-05 | MSE loss: 4.5561e-04 | time: 0.157
I 06.01/03:33:58 solver.py:136 ] Epoch: [309/400][380/400] lr: 7.25e-05 | MSE loss: 4.5579e-04 | time: 0.157
I 06.01/03:34:01 solver.py:136 ] Epoch: [309/400][400/400] lr: 7.24e-05 | MSE loss: 4.5537e-04 | time: 0.157
I 06.01/03:34:01 solver.py:146 ] => Train  Loss: 4.5537e-04

I 06.01/03:34:05 solver.py:205 ] 
=! Best NMSE: -2.7583e+01 (epoch=300)

I 06.01/03:34:08 solver.py:136 ] Epoch: [310/400][20/400] lr: 7.24e-05 | MSE loss: 4.6412e-04 | time: 0.140
I 06.01/03:34:12 solver.py:136 ] Epoch: [310/400][40/400] lr: 7.24e-05 | MSE loss: 4.5455e-04 | time: 0.154
I 06.01/03:34:15 solver.py:136 ] Epoch: [310/400][60/400] lr: 7.24e-05 | MSE loss: 4.5268e-04 | time: 0.154
I 06.01/03:34:17 solver.py:136 ] Epoch: [310/400][80/400] lr: 7.23e-05 | MSE loss: 4.5092e-04 | time: 0.149
I 06.01/03:34:20 solver.py:136 ] Epoch: [310/400][100/400] lr: 7.23e-05 | MSE loss: 4.5057e-04 | time: 0.149
I 06.01/03:34:24 solver.py:136 ] Epoch: [310/400][120/400] lr: 7.23e-05 | MSE loss: 4.4888e-04 | time: 0.153
I 06.01/03:34:27 solver.py:136 ] Epoch: [310/400][140/400] lr: 7.23e-05 | MSE loss: 4.5002e-04 | time: 0.153
I 06.01/03:34:29 solver.py:136 ] Epoch: [310/400][160/400] lr: 7.22e-05 | MSE loss: 4.4956e-04 | time: 0.150
I 06.01/03:34:33 solver.py:136 ] Epoch: [310/400][180/400] lr: 7.22e-05 | MSE loss: 4.5093e-04 | time: 0.151
I 06.01/03:34:36 solver.py:136 ] Epoch: [310/400][200/400] lr: 7.22e-05 | MSE loss: 4.5230e-04 | time: 0.152
I 06.01/03:34:39 solver.py:136 ] Epoch: [310/400][220/400] lr: 7.22e-05 | MSE loss: 4.5225e-04 | time: 0.153
I 06.01/03:34:42 solver.py:136 ] Epoch: [310/400][240/400] lr: 7.22e-05 | MSE loss: 4.5289e-04 | time: 0.152
I 06.01/03:34:46 solver.py:136 ] Epoch: [310/400][260/400] lr: 7.21e-05 | MSE loss: 4.5367e-04 | time: 0.156
I 06.01/03:34:49 solver.py:136 ] Epoch: [310/400][280/400] lr: 7.21e-05 | MSE loss: 4.5346e-04 | time: 0.156
I 06.01/03:34:52 solver.py:136 ] Epoch: [310/400][300/400] lr: 7.21e-05 | MSE loss: 4.5323e-04 | time: 0.154
I 06.01/03:34:55 solver.py:136 ] Epoch: [310/400][320/400] lr: 7.21e-05 | MSE loss: 4.5321e-04 | time: 0.155
I 06.01/03:34:58 solver.py:136 ] Epoch: [310/400][340/400] lr: 7.20e-05 | MSE loss: 4.5331e-04 | time: 0.155
I 06.01/03:35:01 solver.py:136 ] Epoch: [310/400][360/400] lr: 7.20e-05 | MSE loss: 4.5360e-04 | time: 0.153
I 06.01/03:35:05 solver.py:136 ] Epoch: [310/400][380/400] lr: 7.20e-05 | MSE loss: 4.5390e-04 | time: 0.158
I 06.01/03:35:09 solver.py:136 ] Epoch: [310/400][400/400] lr: 7.20e-05 | MSE loss: 4.5342e-04 | time: 0.159
I 06.01/03:35:09 solver.py:146 ] => Train  Loss: 4.5342e-04

I 06.01/03:35:12 solver.py:136 ] Epoch: [310/400][20/50] lr: 7.20e-05 | MSE loss: 8.2499e-04 | time: 0.143
I 06.01/03:35:15 solver.py:136 ] Epoch: [310/400][40/50] lr: 7.20e-05 | MSE loss: 8.5092e-04 | time: 0.141
I 06.01/03:35:16 solver.py:146 ] => Val  Loss: 8.4149e-04

I 06.01/03:35:19 solver.py:287 ] [20/50] loss: 8.6521e-04 | NMSE: -2.7658e+01 | time: 0.148
I 06.01/03:35:22 solver.py:287 ] [40/50] loss: 8.6796e-04 | NMSE: -2.7665e+01 | time: 0.146
I 06.01/03:35:23 solver.py:291 ] => Test NMSE: -2.7638e+01

I 06.01/03:35:32 solver.py:205 ] 
=! Best NMSE: -2.7638e+01 (epoch=310)

I 06.01/03:35:35 solver.py:136 ] Epoch: [311/400][20/400] lr: 7.19e-05 | MSE loss: 4.5661e-04 | time: 0.148
I 06.01/03:35:38 solver.py:136 ] Epoch: [311/400][40/400] lr: 7.19e-05 | MSE loss: 4.5081e-04 | time: 0.154
I 06.01/03:35:41 solver.py:136 ] Epoch: [311/400][60/400] lr: 7.19e-05 | MSE loss: 4.6038e-04 | time: 0.154
I 06.01/03:35:44 solver.py:136 ] Epoch: [311/400][80/400] lr: 7.19e-05 | MSE loss: 4.5682e-04 | time: 0.154
I 06.01/03:35:47 solver.py:136 ] Epoch: [311/400][100/400] lr: 7.19e-05 | MSE loss: 4.5746e-04 | time: 0.150
I 06.01/03:35:50 solver.py:136 ] Epoch: [311/400][120/400] lr: 7.18e-05 | MSE loss: 4.5529e-04 | time: 0.149
I 06.01/03:35:53 solver.py:136 ] Epoch: [311/400][140/400] lr: 7.18e-05 | MSE loss: 4.5464e-04 | time: 0.153
I 06.01/03:35:56 solver.py:136 ] Epoch: [311/400][160/400] lr: 7.18e-05 | MSE loss: 4.5441e-04 | time: 0.153
I 06.01/03:35:59 solver.py:136 ] Epoch: [311/400][180/400] lr: 7.18e-05 | MSE loss: 4.5289e-04 | time: 0.152
I 06.01/03:36:04 solver.py:136 ] Epoch: [311/400][200/400] lr: 7.17e-05 | MSE loss: 4.5263e-04 | time: 0.161
I 06.01/03:36:08 solver.py:136 ] Epoch: [311/400][220/400] lr: 7.17e-05 | MSE loss: 4.5117e-04 | time: 0.163
I 06.01/03:36:11 solver.py:136 ] Epoch: [311/400][240/400] lr: 7.17e-05 | MSE loss: 4.5189e-04 | time: 0.162
I 06.01/03:36:14 solver.py:136 ] Epoch: [311/400][260/400] lr: 7.17e-05 | MSE loss: 4.5156e-04 | time: 0.162
I 06.01/03:36:17 solver.py:136 ] Epoch: [311/400][280/400] lr: 7.16e-05 | MSE loss: 4.5208e-04 | time: 0.161
I 06.01/03:36:20 solver.py:136 ] Epoch: [311/400][300/400] lr: 7.16e-05 | MSE loss: 4.5135e-04 | time: 0.162
I 06.01/03:36:24 solver.py:136 ] Epoch: [311/400][320/400] lr: 7.16e-05 | MSE loss: 4.5235e-04 | time: 0.162
I 06.01/03:36:27 solver.py:136 ] Epoch: [311/400][340/400] lr: 7.16e-05 | MSE loss: 4.5161e-04 | time: 0.162
I 06.01/03:36:29 solver.py:136 ] Epoch: [311/400][360/400] lr: 7.16e-05 | MSE loss: 4.5291e-04 | time: 0.160
I 06.01/03:36:33 solver.py:136 ] Epoch: [311/400][380/400] lr: 7.15e-05 | MSE loss: 4.5365e-04 | time: 0.160
I 06.01/03:36:36 solver.py:136 ] Epoch: [311/400][400/400] lr: 7.15e-05 | MSE loss: 4.5473e-04 | time: 0.160
I 06.01/03:36:36 solver.py:146 ] => Train  Loss: 4.5473e-04

I 06.01/03:36:40 solver.py:205 ] 
=! Best NMSE: -2.7638e+01 (epoch=310)

I 06.01/03:36:43 solver.py:136 ] Epoch: [312/400][20/400] lr: 7.15e-05 | MSE loss: 4.2995e-04 | time: 0.161
I 06.01/03:36:47 solver.py:136 ] Epoch: [312/400][40/400] lr: 7.15e-05 | MSE loss: 4.3391e-04 | time: 0.161
I 06.01/03:36:50 solver.py:136 ] Epoch: [312/400][60/400] lr: 7.14e-05 | MSE loss: 4.4071e-04 | time: 0.166
I 06.01/03:36:53 solver.py:136 ] Epoch: [312/400][80/400] lr: 7.14e-05 | MSE loss: 4.4182e-04 | time: 0.163
I 06.01/03:36:56 solver.py:136 ] Epoch: [312/400][100/400] lr: 7.14e-05 | MSE loss: 4.4116e-04 | time: 0.161
I 06.01/03:37:00 solver.py:136 ] Epoch: [312/400][120/400] lr: 7.14e-05 | MSE loss: 4.4301e-04 | time: 0.164
I 06.01/03:37:05 solver.py:136 ] Epoch: [312/400][140/400] lr: 7.13e-05 | MSE loss: 4.4459e-04 | time: 0.176
I 06.01/03:37:08 solver.py:136 ] Epoch: [312/400][160/400] lr: 7.13e-05 | MSE loss: 4.4584e-04 | time: 0.173
I 06.01/03:37:10 solver.py:136 ] Epoch: [312/400][180/400] lr: 7.13e-05 | MSE loss: 4.4635e-04 | time: 0.169
I 06.01/03:37:13 solver.py:136 ] Epoch: [312/400][200/400] lr: 7.13e-05 | MSE loss: 4.4659e-04 | time: 0.166
I 06.01/03:37:16 solver.py:136 ] Epoch: [312/400][220/400] lr: 7.13e-05 | MSE loss: 4.4843e-04 | time: 0.163
I 06.01/03:37:19 solver.py:136 ] Epoch: [312/400][240/400] lr: 7.12e-05 | MSE loss: 4.5028e-04 | time: 0.163
I 06.01/03:37:22 solver.py:136 ] Epoch: [312/400][260/400] lr: 7.12e-05 | MSE loss: 4.5011e-04 | time: 0.162
I 06.01/03:37:25 solver.py:136 ] Epoch: [312/400][280/400] lr: 7.12e-05 | MSE loss: 4.5099e-04 | time: 0.161
I 06.01/03:37:28 solver.py:136 ] Epoch: [312/400][300/400] lr: 7.12e-05 | MSE loss: 4.5215e-04 | time: 0.161
I 06.01/03:37:31 solver.py:136 ] Epoch: [312/400][320/400] lr: 7.11e-05 | MSE loss: 4.5244e-04 | time: 0.159
I 06.01/03:37:34 solver.py:136 ] Epoch: [312/400][340/400] lr: 7.11e-05 | MSE loss: 4.5282e-04 | time: 0.158
I 06.01/03:37:37 solver.py:136 ] Epoch: [312/400][360/400] lr: 7.11e-05 | MSE loss: 4.5316e-04 | time: 0.158
I 06.01/03:37:40 solver.py:136 ] Epoch: [312/400][380/400] lr: 7.11e-05 | MSE loss: 4.5293e-04 | time: 0.158
I 06.01/03:37:43 solver.py:136 ] Epoch: [312/400][400/400] lr: 7.10e-05 | MSE loss: 4.5315e-04 | time: 0.157
I 06.01/03:37:43 solver.py:146 ] => Train  Loss: 4.5315e-04

I 06.01/03:37:47 solver.py:205 ] 
=! Best NMSE: -2.7638e+01 (epoch=310)

I 06.01/03:37:51 solver.py:136 ] Epoch: [313/400][20/400] lr: 7.10e-05 | MSE loss: 4.3720e-04 | time: 0.164
I 06.01/03:37:54 solver.py:136 ] Epoch: [313/400][40/400] lr: 7.10e-05 | MSE loss: 4.4034e-04 | time: 0.161
I 06.01/03:37:58 solver.py:136 ] Epoch: [313/400][60/400] lr: 7.10e-05 | MSE loss: 4.5061e-04 | time: 0.170
I 06.01/03:38:01 solver.py:136 ] Epoch: [313/400][80/400] lr: 7.10e-05 | MSE loss: 4.4982e-04 | time: 0.173
I 06.01/03:38:06 solver.py:136 ] Epoch: [313/400][100/400] lr: 7.09e-05 | MSE loss: 4.4851e-04 | time: 0.188
I 06.01/03:38:09 solver.py:136 ] Epoch: [313/400][120/400] lr: 7.09e-05 | MSE loss: 4.5022e-04 | time: 0.184
I 06.01/03:38:13 solver.py:136 ] Epoch: [313/400][140/400] lr: 7.09e-05 | MSE loss: 4.5016e-04 | time: 0.182
I 06.01/03:38:16 solver.py:136 ] Epoch: [313/400][160/400] lr: 7.09e-05 | MSE loss: 4.5192e-04 | time: 0.181
I 06.01/03:38:19 solver.py:136 ] Epoch: [313/400][180/400] lr: 7.08e-05 | MSE loss: 4.5062e-04 | time: 0.178
I 06.01/03:38:23 solver.py:136 ] Epoch: [313/400][200/400] lr: 7.08e-05 | MSE loss: 4.4849e-04 | time: 0.175
I 06.01/03:38:25 solver.py:136 ] Epoch: [313/400][220/400] lr: 7.08e-05 | MSE loss: 4.4698e-04 | time: 0.171
I 06.01/03:38:28 solver.py:136 ] Epoch: [313/400][240/400] lr: 7.08e-05 | MSE loss: 4.4821e-04 | time: 0.168
I 06.01/03:38:31 solver.py:136 ] Epoch: [313/400][260/400] lr: 7.08e-05 | MSE loss: 4.4849e-04 | time: 0.167
I 06.01/03:38:34 solver.py:136 ] Epoch: [313/400][280/400] lr: 7.07e-05 | MSE loss: 4.5006e-04 | time: 0.166
I 06.01/03:38:37 solver.py:136 ] Epoch: [313/400][300/400] lr: 7.07e-05 | MSE loss: 4.5025e-04 | time: 0.166
I 06.01/03:38:40 solver.py:136 ] Epoch: [313/400][320/400] lr: 7.07e-05 | MSE loss: 4.5059e-04 | time: 0.166
I 06.01/03:38:44 solver.py:136 ] Epoch: [313/400][340/400] lr: 7.07e-05 | MSE loss: 4.4989e-04 | time: 0.166
I 06.01/03:38:47 solver.py:136 ] Epoch: [313/400][360/400] lr: 7.06e-05 | MSE loss: 4.5060e-04 | time: 0.165
I 06.01/03:38:50 solver.py:136 ] Epoch: [313/400][380/400] lr: 7.06e-05 | MSE loss: 4.5083e-04 | time: 0.166
I 06.01/03:38:54 solver.py:136 ] Epoch: [313/400][400/400] lr: 7.06e-05 | MSE loss: 4.5071e-04 | time: 0.165
I 06.01/03:38:54 solver.py:146 ] => Train  Loss: 4.5071e-04

I 06.01/03:38:56 solver.py:205 ] 
=! Best NMSE: -2.7638e+01 (epoch=310)

I 06.01/03:38:59 solver.py:136 ] Epoch: [314/400][20/400] lr: 7.06e-05 | MSE loss: 4.5299e-04 | time: 0.157
I 06.01/03:39:04 solver.py:136 ] Epoch: [314/400][40/400] lr: 7.06e-05 | MSE loss: 4.4517e-04 | time: 0.190
I 06.01/03:39:07 solver.py:136 ] Epoch: [314/400][60/400] lr: 7.05e-05 | MSE loss: 4.4717e-04 | time: 0.184
I 06.01/03:39:10 solver.py:136 ] Epoch: [314/400][80/400] lr: 7.05e-05 | MSE loss: 4.4600e-04 | time: 0.177
I 06.01/03:39:13 solver.py:136 ] Epoch: [314/400][100/400] lr: 7.05e-05 | MSE loss: 4.4964e-04 | time: 0.173
I 06.01/03:39:17 solver.py:136 ] Epoch: [314/400][120/400] lr: 7.05e-05 | MSE loss: 4.5181e-04 | time: 0.173
I 06.01/03:39:20 solver.py:136 ] Epoch: [314/400][140/400] lr: 7.04e-05 | MSE loss: 4.5193e-04 | time: 0.169
I 06.01/03:39:23 solver.py:136 ] Epoch: [314/400][160/400] lr: 7.04e-05 | MSE loss: 4.5170e-04 | time: 0.166
I 06.01/03:39:26 solver.py:136 ] Epoch: [314/400][180/400] lr: 7.04e-05 | MSE loss: 4.5192e-04 | time: 0.164
I 06.01/03:39:29 solver.py:136 ] Epoch: [314/400][200/400] lr: 7.04e-05 | MSE loss: 4.5132e-04 | time: 0.163
I 06.01/03:39:32 solver.py:136 ] Epoch: [314/400][220/400] lr: 7.03e-05 | MSE loss: 4.4937e-04 | time: 0.162
I 06.01/03:39:35 solver.py:136 ] Epoch: [314/400][240/400] lr: 7.03e-05 | MSE loss: 4.4955e-04 | time: 0.160
I 06.01/03:39:38 solver.py:136 ] Epoch: [314/400][260/400] lr: 7.03e-05 | MSE loss: 4.4950e-04 | time: 0.160
I 06.01/03:39:41 solver.py:136 ] Epoch: [314/400][280/400] lr: 7.03e-05 | MSE loss: 4.4948e-04 | time: 0.161
I 06.01/03:39:44 solver.py:136 ] Epoch: [314/400][300/400] lr: 7.03e-05 | MSE loss: 4.4893e-04 | time: 0.160
I 06.01/03:39:47 solver.py:136 ] Epoch: [314/400][320/400] lr: 7.02e-05 | MSE loss: 4.4973e-04 | time: 0.158
I 06.01/03:39:50 solver.py:136 ] Epoch: [314/400][340/400] lr: 7.02e-05 | MSE loss: 4.5012e-04 | time: 0.157
I 06.01/03:39:53 solver.py:136 ] Epoch: [314/400][360/400] lr: 7.02e-05 | MSE loss: 4.5023e-04 | time: 0.157
I 06.01/03:39:56 solver.py:136 ] Epoch: [314/400][380/400] lr: 7.02e-05 | MSE loss: 4.5007e-04 | time: 0.157
I 06.01/03:39:59 solver.py:136 ] Epoch: [314/400][400/400] lr: 7.01e-05 | MSE loss: 4.5022e-04 | time: 0.156
I 06.01/03:39:59 solver.py:146 ] => Train  Loss: 4.5022e-04

I 06.01/03:40:02 solver.py:205 ] 
=! Best NMSE: -2.7638e+01 (epoch=310)

I 06.01/03:40:07 solver.py:136 ] Epoch: [315/400][20/400] lr: 7.01e-05 | MSE loss: 4.3793e-04 | time: 0.224
I 06.01/03:40:10 solver.py:136 ] Epoch: [315/400][40/400] lr: 7.01e-05 | MSE loss: 4.3922e-04 | time: 0.187
I 06.01/03:40:13 solver.py:136 ] Epoch: [315/400][60/400] lr: 7.01e-05 | MSE loss: 4.4371e-04 | time: 0.180
I 06.01/03:40:16 solver.py:136 ] Epoch: [315/400][80/400] lr: 7.01e-05 | MSE loss: 4.4874e-04 | time: 0.172
I 06.01/03:40:20 solver.py:136 ] Epoch: [315/400][100/400] lr: 7.00e-05 | MSE loss: 4.4814e-04 | time: 0.171
I 06.01/03:40:23 solver.py:136 ] Epoch: [315/400][120/400] lr: 7.00e-05 | MSE loss: 4.4746e-04 | time: 0.168
I 06.01/03:40:26 solver.py:136 ] Epoch: [315/400][140/400] lr: 7.00e-05 | MSE loss: 4.4682e-04 | time: 0.169
I 06.01/03:40:29 solver.py:136 ] Epoch: [315/400][160/400] lr: 7.00e-05 | MSE loss: 4.4647e-04 | time: 0.169
I 06.01/03:40:32 solver.py:136 ] Epoch: [315/400][180/400] lr: 6.99e-05 | MSE loss: 4.4766e-04 | time: 0.166
I 06.01/03:40:35 solver.py:136 ] Epoch: [315/400][200/400] lr: 6.99e-05 | MSE loss: 4.4709e-04 | time: 0.164
I 06.01/03:40:38 solver.py:136 ] Epoch: [315/400][220/400] lr: 6.99e-05 | MSE loss: 4.4899e-04 | time: 0.163
I 06.01/03:40:41 solver.py:136 ] Epoch: [315/400][240/400] lr: 6.99e-05 | MSE loss: 4.5030e-04 | time: 0.161
I 06.01/03:40:44 solver.py:136 ] Epoch: [315/400][260/400] lr: 6.99e-05 | MSE loss: 4.4978e-04 | time: 0.162
I 06.01/03:40:48 solver.py:136 ] Epoch: [315/400][280/400] lr: 6.98e-05 | MSE loss: 4.4951e-04 | time: 0.161
I 06.01/03:40:51 solver.py:136 ] Epoch: [315/400][300/400] lr: 6.98e-05 | MSE loss: 4.4843e-04 | time: 0.160
I 06.01/03:40:53 solver.py:136 ] Epoch: [315/400][320/400] lr: 6.98e-05 | MSE loss: 4.4909e-04 | time: 0.159
I 06.01/03:40:56 solver.py:136 ] Epoch: [315/400][340/400] lr: 6.98e-05 | MSE loss: 4.4889e-04 | time: 0.157
I 06.01/03:40:59 solver.py:136 ] Epoch: [315/400][360/400] lr: 6.97e-05 | MSE loss: 4.4853e-04 | time: 0.156
I 06.01/03:41:03 solver.py:136 ] Epoch: [315/400][380/400] lr: 6.97e-05 | MSE loss: 4.4834e-04 | time: 0.160
I 06.01/03:41:07 solver.py:136 ] Epoch: [315/400][400/400] lr: 6.97e-05 | MSE loss: 4.4767e-04 | time: 0.161
I 06.01/03:41:07 solver.py:146 ] => Train  Loss: 4.4767e-04

I 06.01/03:41:11 solver.py:205 ] 
=! Best NMSE: -2.7638e+01 (epoch=310)

I 06.01/03:41:14 solver.py:136 ] Epoch: [316/400][20/400] lr: 6.97e-05 | MSE loss: 4.2512e-04 | time: 0.154
I 06.01/03:41:17 solver.py:136 ] Epoch: [316/400][40/400] lr: 6.97e-05 | MSE loss: 4.4412e-04 | time: 0.153
I 06.01/03:41:20 solver.py:136 ] Epoch: [316/400][60/400] lr: 6.96e-05 | MSE loss: 4.4361e-04 | time: 0.151
I 06.01/03:41:24 solver.py:136 ] Epoch: [316/400][80/400] lr: 6.96e-05 | MSE loss: 4.4620e-04 | time: 0.155
I 06.01/03:41:27 solver.py:136 ] Epoch: [316/400][100/400] lr: 6.96e-05 | MSE loss: 4.4538e-04 | time: 0.157
I 06.01/03:41:30 solver.py:136 ] Epoch: [316/400][120/400] lr: 6.96e-05 | MSE loss: 4.4436e-04 | time: 0.158
I 06.01/03:41:33 solver.py:136 ] Epoch: [316/400][140/400] lr: 6.95e-05 | MSE loss: 4.4548e-04 | time: 0.158
I 06.01/03:41:36 solver.py:136 ] Epoch: [316/400][160/400] lr: 6.95e-05 | MSE loss: 4.4637e-04 | time: 0.158
I 06.01/03:41:40 solver.py:136 ] Epoch: [316/400][180/400] lr: 6.95e-05 | MSE loss: 4.4642e-04 | time: 0.159
I 06.01/03:41:43 solver.py:136 ] Epoch: [316/400][200/400] lr: 6.95e-05 | MSE loss: 4.4679e-04 | time: 0.157
I 06.01/03:41:45 solver.py:136 ] Epoch: [316/400][220/400] lr: 6.95e-05 | MSE loss: 4.4578e-04 | time: 0.156
I 06.01/03:41:48 solver.py:136 ] Epoch: [316/400][240/400] lr: 6.94e-05 | MSE loss: 4.4516e-04 | time: 0.155
I 06.01/03:41:51 solver.py:136 ] Epoch: [316/400][260/400] lr: 6.94e-05 | MSE loss: 4.4738e-04 | time: 0.155
I 06.01/03:41:54 solver.py:136 ] Epoch: [316/400][280/400] lr: 6.94e-05 | MSE loss: 4.4802e-04 | time: 0.155
I 06.01/03:41:57 solver.py:136 ] Epoch: [316/400][300/400] lr: 6.94e-05 | MSE loss: 4.4859e-04 | time: 0.154
I 06.01/03:42:00 solver.py:136 ] Epoch: [316/400][320/400] lr: 6.94e-05 | MSE loss: 4.4877e-04 | time: 0.154
I 06.01/03:42:06 solver.py:136 ] Epoch: [316/400][340/400] lr: 6.93e-05 | MSE loss: 4.4855e-04 | time: 0.161
I 06.01/03:42:09 solver.py:136 ] Epoch: [316/400][360/400] lr: 6.93e-05 | MSE loss: 4.4810e-04 | time: 0.161
I 06.01/03:42:12 solver.py:136 ] Epoch: [316/400][380/400] lr: 6.93e-05 | MSE loss: 4.4739e-04 | time: 0.161
I 06.01/03:42:15 solver.py:136 ] Epoch: [316/400][400/400] lr: 6.93e-05 | MSE loss: 4.4729e-04 | time: 0.160
I 06.01/03:42:15 solver.py:146 ] => Train  Loss: 4.4729e-04

I 06.01/03:42:18 solver.py:205 ] 
=! Best NMSE: -2.7638e+01 (epoch=310)

I 06.01/03:42:21 solver.py:136 ] Epoch: [317/400][20/400] lr: 6.92e-05 | MSE loss: 4.3971e-04 | time: 0.148
I 06.01/03:42:25 solver.py:136 ] Epoch: [317/400][40/400] lr: 6.92e-05 | MSE loss: 4.3245e-04 | time: 0.156
I 06.01/03:42:28 solver.py:136 ] Epoch: [317/400][60/400] lr: 6.92e-05 | MSE loss: 4.3536e-04 | time: 0.164
I 06.01/03:42:32 solver.py:136 ] Epoch: [317/400][80/400] lr: 6.92e-05 | MSE loss: 4.3911e-04 | time: 0.167
I 06.01/03:42:36 solver.py:136 ] Epoch: [317/400][100/400] lr: 6.92e-05 | MSE loss: 4.4005e-04 | time: 0.170
I 06.01/03:42:39 solver.py:136 ] Epoch: [317/400][120/400] lr: 6.91e-05 | MSE loss: 4.4122e-04 | time: 0.170
I 06.01/03:42:42 solver.py:136 ] Epoch: [317/400][140/400] lr: 6.91e-05 | MSE loss: 4.4027e-04 | time: 0.169
I 06.01/03:42:45 solver.py:136 ] Epoch: [317/400][160/400] lr: 6.91e-05 | MSE loss: 4.4199e-04 | time: 0.167
I 06.01/03:42:49 solver.py:136 ] Epoch: [317/400][180/400] lr: 6.91e-05 | MSE loss: 4.4212e-04 | time: 0.167
I 06.01/03:42:52 solver.py:136 ] Epoch: [317/400][200/400] lr: 6.90e-05 | MSE loss: 4.4328e-04 | time: 0.170
I 06.01/03:42:55 solver.py:136 ] Epoch: [317/400][220/400] lr: 6.90e-05 | MSE loss: 4.4302e-04 | time: 0.168
I 06.01/03:42:58 solver.py:136 ] Epoch: [317/400][240/400] lr: 6.90e-05 | MSE loss: 4.4235e-04 | time: 0.166
I 06.01/03:43:01 solver.py:136 ] Epoch: [317/400][260/400] lr: 6.90e-05 | MSE loss: 4.4360e-04 | time: 0.164
I 06.01/03:43:05 solver.py:136 ] Epoch: [317/400][280/400] lr: 6.90e-05 | MSE loss: 4.4323e-04 | time: 0.166
I 06.01/03:43:07 solver.py:136 ] Epoch: [317/400][300/400] lr: 6.89e-05 | MSE loss: 4.4254e-04 | time: 0.163
I 06.01/03:43:10 solver.py:136 ] Epoch: [317/400][320/400] lr: 6.89e-05 | MSE loss: 4.4440e-04 | time: 0.161
I 06.01/03:43:14 solver.py:136 ] Epoch: [317/400][340/400] lr: 6.89e-05 | MSE loss: 4.4502e-04 | time: 0.162
I 06.01/03:43:17 solver.py:136 ] Epoch: [317/400][360/400] lr: 6.89e-05 | MSE loss: 4.4531e-04 | time: 0.161
I 06.01/03:43:20 solver.py:136 ] Epoch: [317/400][380/400] lr: 6.89e-05 | MSE loss: 4.4508e-04 | time: 0.161
I 06.01/03:43:22 solver.py:136 ] Epoch: [317/400][400/400] lr: 6.88e-05 | MSE loss: 4.4455e-04 | time: 0.160
I 06.01/03:43:22 solver.py:146 ] => Train  Loss: 4.4455e-04

I 06.01/03:43:27 solver.py:205 ] 
=! Best NMSE: -2.7638e+01 (epoch=310)

I 06.01/03:43:31 solver.py:136 ] Epoch: [318/400][20/400] lr: 6.88e-05 | MSE loss: 4.3889e-04 | time: 0.195
I 06.01/03:43:35 solver.py:136 ] Epoch: [318/400][40/400] lr: 6.88e-05 | MSE loss: 4.4437e-04 | time: 0.181
I 06.01/03:43:38 solver.py:136 ] Epoch: [318/400][60/400] lr: 6.88e-05 | MSE loss: 4.4493e-04 | time: 0.174
I 06.01/03:43:41 solver.py:136 ] Epoch: [318/400][80/400] lr: 6.87e-05 | MSE loss: 4.4261e-04 | time: 0.168
I 06.01/03:43:44 solver.py:136 ] Epoch: [318/400][100/400] lr: 6.87e-05 | MSE loss: 4.4120e-04 | time: 0.168
I 06.01/03:43:48 solver.py:136 ] Epoch: [318/400][120/400] lr: 6.87e-05 | MSE loss: 4.4112e-04 | time: 0.167
I 06.01/03:43:51 solver.py:136 ] Epoch: [318/400][140/400] lr: 6.87e-05 | MSE loss: 4.4195e-04 | time: 0.167
I 06.01/03:43:54 solver.py:136 ] Epoch: [318/400][160/400] lr: 6.87e-05 | MSE loss: 4.4177e-04 | time: 0.164
I 06.01/03:43:57 solver.py:136 ] Epoch: [318/400][180/400] lr: 6.86e-05 | MSE loss: 4.4152e-04 | time: 0.164
I 06.01/03:44:01 solver.py:136 ] Epoch: [318/400][200/400] lr: 6.86e-05 | MSE loss: 4.4302e-04 | time: 0.167
I 06.01/03:44:06 solver.py:136 ] Epoch: [318/400][220/400] lr: 6.86e-05 | MSE loss: 4.4372e-04 | time: 0.175
I 06.01/03:44:09 solver.py:136 ] Epoch: [318/400][240/400] lr: 6.86e-05 | MSE loss: 4.4219e-04 | time: 0.172
I 06.01/03:44:11 solver.py:136 ] Epoch: [318/400][260/400] lr: 6.85e-05 | MSE loss: 4.4364e-04 | time: 0.169
I 06.01/03:44:14 solver.py:136 ] Epoch: [318/400][280/400] lr: 6.85e-05 | MSE loss: 4.4381e-04 | time: 0.167
I 06.01/03:44:17 solver.py:136 ] Epoch: [318/400][300/400] lr: 6.85e-05 | MSE loss: 4.4450e-04 | time: 0.165
I 06.01/03:44:20 solver.py:136 ] Epoch: [318/400][320/400] lr: 6.85e-05 | MSE loss: 4.4540e-04 | time: 0.164
I 06.01/03:44:23 solver.py:136 ] Epoch: [318/400][340/400] lr: 6.85e-05 | MSE loss: 4.4594e-04 | time: 0.163
I 06.01/03:44:26 solver.py:136 ] Epoch: [318/400][360/400] lr: 6.84e-05 | MSE loss: 4.4620e-04 | time: 0.163
I 06.01/03:44:29 solver.py:136 ] Epoch: [318/400][380/400] lr: 6.84e-05 | MSE loss: 4.4597e-04 | time: 0.162
I 06.01/03:44:31 solver.py:136 ] Epoch: [318/400][400/400] lr: 6.84e-05 | MSE loss: 4.4625e-04 | time: 0.160
I 06.01/03:44:31 solver.py:146 ] => Train  Loss: 4.4625e-04

I 06.01/03:44:36 solver.py:205 ] 
=! Best NMSE: -2.7638e+01 (epoch=310)

I 06.01/03:44:40 solver.py:136 ] Epoch: [319/400][20/400] lr: 6.84e-05 | MSE loss: 4.3800e-04 | time: 0.211
I 06.01/03:44:44 solver.py:136 ] Epoch: [319/400][40/400] lr: 6.84e-05 | MSE loss: 4.5068e-04 | time: 0.191
I 06.01/03:44:47 solver.py:136 ] Epoch: [319/400][60/400] lr: 6.83e-05 | MSE loss: 4.4955e-04 | time: 0.183
I 06.01/03:44:50 solver.py:136 ] Epoch: [319/400][80/400] lr: 6.83e-05 | MSE loss: 4.4716e-04 | time: 0.177
I 06.01/03:44:54 solver.py:136 ] Epoch: [319/400][100/400] lr: 6.83e-05 | MSE loss: 4.4641e-04 | time: 0.175
I 06.01/03:44:57 solver.py:136 ] Epoch: [319/400][120/400] lr: 6.83e-05 | MSE loss: 4.4665e-04 | time: 0.172
I 06.01/03:45:00 solver.py:136 ] Epoch: [319/400][140/400] lr: 6.82e-05 | MSE loss: 4.4757e-04 | time: 0.172
I 06.01/03:45:05 solver.py:136 ] Epoch: [319/400][160/400] lr: 6.82e-05 | MSE loss: 4.4658e-04 | time: 0.184
I 06.01/03:45:08 solver.py:136 ] Epoch: [319/400][180/400] lr: 6.82e-05 | MSE loss: 4.4595e-04 | time: 0.180
I 06.01/03:45:11 solver.py:136 ] Epoch: [319/400][200/400] lr: 6.82e-05 | MSE loss: 4.4575e-04 | time: 0.178
I 06.01/03:45:14 solver.py:136 ] Epoch: [319/400][220/400] lr: 6.82e-05 | MSE loss: 4.4565e-04 | time: 0.174
I 06.01/03:45:17 solver.py:136 ] Epoch: [319/400][240/400] lr: 6.81e-05 | MSE loss: 4.4588e-04 | time: 0.169
I 06.01/03:45:20 solver.py:136 ] Epoch: [319/400][260/400] lr: 6.81e-05 | MSE loss: 4.4582e-04 | time: 0.169
I 06.01/03:45:23 solver.py:136 ] Epoch: [319/400][280/400] lr: 6.81e-05 | MSE loss: 4.4467e-04 | time: 0.170
I 06.01/03:45:26 solver.py:136 ] Epoch: [319/400][300/400] lr: 6.81e-05 | MSE loss: 4.4440e-04 | time: 0.167
I 06.01/03:45:29 solver.py:136 ] Epoch: [319/400][320/400] lr: 6.81e-05 | MSE loss: 4.4590e-04 | time: 0.166
I 06.01/03:45:32 solver.py:136 ] Epoch: [319/400][340/400] lr: 6.80e-05 | MSE loss: 4.4634e-04 | time: 0.166
I 06.01/03:45:35 solver.py:136 ] Epoch: [319/400][360/400] lr: 6.80e-05 | MSE loss: 4.4567e-04 | time: 0.165
I 06.01/03:45:38 solver.py:136 ] Epoch: [319/400][380/400] lr: 6.80e-05 | MSE loss: 4.4494e-04 | time: 0.164
I 06.01/03:45:41 solver.py:136 ] Epoch: [319/400][400/400] lr: 6.80e-05 | MSE loss: 4.4534e-04 | time: 0.162
I 06.01/03:45:41 solver.py:146 ] => Train  Loss: 4.4534e-04

I 06.01/03:45:45 solver.py:205 ] 
=! Best NMSE: -2.7638e+01 (epoch=310)

I 06.01/03:45:49 solver.py:136 ] Epoch: [320/400][20/400] lr: 6.79e-05 | MSE loss: 4.3634e-04 | time: 0.174
I 06.01/03:45:52 solver.py:136 ] Epoch: [320/400][40/400] lr: 6.79e-05 | MSE loss: 4.3736e-04 | time: 0.171
I 06.01/03:45:55 solver.py:136 ] Epoch: [320/400][60/400] lr: 6.79e-05 | MSE loss: 4.3549e-04 | time: 0.169
I 06.01/03:45:58 solver.py:136 ] Epoch: [320/400][80/400] lr: 6.79e-05 | MSE loss: 4.3787e-04 | time: 0.163
I 06.01/03:46:02 solver.py:136 ] Epoch: [320/400][100/400] lr: 6.79e-05 | MSE loss: 4.4032e-04 | time: 0.169
I 06.01/03:46:07 solver.py:136 ] Epoch: [320/400][120/400] lr: 6.78e-05 | MSE loss: 4.3850e-04 | time: 0.180
I 06.01/03:46:10 solver.py:136 ] Epoch: [320/400][140/400] lr: 6.78e-05 | MSE loss: 4.4068e-04 | time: 0.178
I 06.01/03:46:14 solver.py:136 ] Epoch: [320/400][160/400] lr: 6.78e-05 | MSE loss: 4.4113e-04 | time: 0.178
I 06.01/03:46:17 solver.py:136 ] Epoch: [320/400][180/400] lr: 6.78e-05 | MSE loss: 4.3972e-04 | time: 0.178
I 06.01/03:46:20 solver.py:136 ] Epoch: [320/400][200/400] lr: 6.78e-05 | MSE loss: 4.3890e-04 | time: 0.175
I 06.01/03:46:24 solver.py:136 ] Epoch: [320/400][220/400] lr: 6.77e-05 | MSE loss: 4.3850e-04 | time: 0.175
I 06.01/03:46:27 solver.py:136 ] Epoch: [320/400][240/400] lr: 6.77e-05 | MSE loss: 4.3753e-04 | time: 0.173
I 06.01/03:46:30 solver.py:136 ] Epoch: [320/400][260/400] lr: 6.77e-05 | MSE loss: 4.3752e-04 | time: 0.173
I 06.01/03:46:33 solver.py:136 ] Epoch: [320/400][280/400] lr: 6.77e-05 | MSE loss: 4.3884e-04 | time: 0.172
I 06.01/03:46:36 solver.py:136 ] Epoch: [320/400][300/400] lr: 6.77e-05 | MSE loss: 4.3826e-04 | time: 0.171
I 06.01/03:46:39 solver.py:136 ] Epoch: [320/400][320/400] lr: 6.76e-05 | MSE loss: 4.3797e-04 | time: 0.169
I 06.01/03:46:42 solver.py:136 ] Epoch: [320/400][340/400] lr: 6.76e-05 | MSE loss: 4.3890e-04 | time: 0.168
I 06.01/03:46:46 solver.py:136 ] Epoch: [320/400][360/400] lr: 6.76e-05 | MSE loss: 4.3941e-04 | time: 0.168
I 06.01/03:46:49 solver.py:136 ] Epoch: [320/400][380/400] lr: 6.76e-05 | MSE loss: 4.4066e-04 | time: 0.167
I 06.01/03:46:51 solver.py:136 ] Epoch: [320/400][400/400] lr: 6.75e-05 | MSE loss: 4.4142e-04 | time: 0.164
I 06.01/03:46:51 solver.py:146 ] => Train  Loss: 4.4142e-04

I 06.01/03:46:53 solver.py:136 ] Epoch: [320/400][20/50] lr: 6.75e-05 | MSE loss: 8.1726e-04 | time: 0.075
I 06.01/03:46:54 solver.py:136 ] Epoch: [320/400][40/50] lr: 6.75e-05 | MSE loss: 8.3918e-04 | time: 0.080
I 06.01/03:46:55 solver.py:146 ] => Val  Loss: 8.3033e-04

I 06.01/03:46:56 solver.py:287 ] [20/50] loss: 8.5670e-04 | NMSE: -2.7706e+01 | time: 0.075
I 06.01/03:46:58 solver.py:287 ] [40/50] loss: 8.5668e-04 | NMSE: -2.7723e+01 | time: 0.069
I 06.01/03:46:59 solver.py:291 ] => Test NMSE: -2.7695e+01

I 06.01/03:47:05 solver.py:205 ] 
=! Best NMSE: -2.7695e+01 (epoch=320)

I 06.01/03:47:08 solver.py:136 ] Epoch: [321/400][20/400] lr: 6.75e-05 | MSE loss: 4.3324e-04 | time: 0.129
I 06.01/03:47:10 solver.py:136 ] Epoch: [321/400][40/400] lr: 6.75e-05 | MSE loss: 4.2810e-04 | time: 0.117
I 06.01/03:47:12 solver.py:136 ] Epoch: [321/400][60/400] lr: 6.75e-05 | MSE loss: 4.3164e-04 | time: 0.108
I 06.01/03:47:14 solver.py:136 ] Epoch: [321/400][80/400] lr: 6.75e-05 | MSE loss: 4.3269e-04 | time: 0.108
I 06.01/03:47:16 solver.py:136 ] Epoch: [321/400][100/400] lr: 6.74e-05 | MSE loss: 4.3217e-04 | time: 0.103
I 06.01/03:47:17 solver.py:136 ] Epoch: [321/400][120/400] lr: 6.74e-05 | MSE loss: 4.3495e-04 | time: 0.097
I 06.01/03:47:19 solver.py:136 ] Epoch: [321/400][140/400] lr: 6.74e-05 | MSE loss: 4.3544e-04 | time: 0.098
I 06.01/03:47:21 solver.py:136 ] Epoch: [321/400][160/400] lr: 6.74e-05 | MSE loss: 4.3538e-04 | time: 0.098
I 06.01/03:47:23 solver.py:136 ] Epoch: [321/400][180/400] lr: 6.74e-05 | MSE loss: 4.3471e-04 | time: 0.098
I 06.01/03:47:26 solver.py:136 ] Epoch: [321/400][200/400] lr: 6.73e-05 | MSE loss: 4.3377e-04 | time: 0.104
I 06.01/03:47:29 solver.py:136 ] Epoch: [321/400][220/400] lr: 6.73e-05 | MSE loss: 4.3514e-04 | time: 0.109
I 06.01/03:47:32 solver.py:136 ] Epoch: [321/400][240/400] lr: 6.73e-05 | MSE loss: 4.3693e-04 | time: 0.110
I 06.01/03:47:35 solver.py:136 ] Epoch: [321/400][260/400] lr: 6.73e-05 | MSE loss: 4.3807e-04 | time: 0.114
I 06.01/03:47:37 solver.py:136 ] Epoch: [321/400][280/400] lr: 6.73e-05 | MSE loss: 4.3959e-04 | time: 0.112
I 06.01/03:47:40 solver.py:136 ] Epoch: [321/400][300/400] lr: 6.72e-05 | MSE loss: 4.3963e-04 | time: 0.114
I 06.01/03:47:42 solver.py:136 ] Epoch: [321/400][320/400] lr: 6.72e-05 | MSE loss: 4.3943e-04 | time: 0.114
I 06.01/03:47:45 solver.py:136 ] Epoch: [321/400][340/400] lr: 6.72e-05 | MSE loss: 4.4030e-04 | time: 0.115
I 06.01/03:47:47 solver.py:136 ] Epoch: [321/400][360/400] lr: 6.72e-05 | MSE loss: 4.3978e-04 | time: 0.116
I 06.01/03:47:49 solver.py:136 ] Epoch: [321/400][380/400] lr: 6.71e-05 | MSE loss: 4.3957e-04 | time: 0.116
I 06.01/03:47:51 solver.py:136 ] Epoch: [321/400][400/400] lr: 6.71e-05 | MSE loss: 4.3996e-04 | time: 0.115
I 06.01/03:47:51 solver.py:146 ] => Train  Loss: 4.3996e-04

I 06.01/03:47:55 solver.py:205 ] 
=! Best NMSE: -2.7695e+01 (epoch=320)

I 06.01/03:47:59 solver.py:136 ] Epoch: [322/400][20/400] lr: 6.71e-05 | MSE loss: 4.2097e-04 | time: 0.158
I 06.01/03:48:03 solver.py:136 ] Epoch: [322/400][40/400] lr: 6.71e-05 | MSE loss: 4.1983e-04 | time: 0.197
I 06.01/03:48:06 solver.py:136 ] Epoch: [322/400][60/400] lr: 6.71e-05 | MSE loss: 4.2473e-04 | time: 0.182
I 06.01/03:48:09 solver.py:136 ] Epoch: [322/400][80/400] lr: 6.70e-05 | MSE loss: 4.2986e-04 | time: 0.172
I 06.01/03:48:12 solver.py:136 ] Epoch: [322/400][100/400] lr: 6.70e-05 | MSE loss: 4.2995e-04 | time: 0.168
I 06.01/03:48:15 solver.py:136 ] Epoch: [322/400][120/400] lr: 6.70e-05 | MSE loss: 4.3311e-04 | time: 0.158
I 06.01/03:48:18 solver.py:136 ] Epoch: [322/400][140/400] lr: 6.70e-05 | MSE loss: 4.3268e-04 | time: 0.159
I 06.01/03:48:20 solver.py:136 ] Epoch: [322/400][160/400] lr: 6.70e-05 | MSE loss: 4.3241e-04 | time: 0.156
I 06.01/03:48:24 solver.py:136 ] Epoch: [322/400][180/400] lr: 6.69e-05 | MSE loss: 4.3317e-04 | time: 0.156
I 06.01/03:48:26 solver.py:136 ] Epoch: [322/400][200/400] lr: 6.69e-05 | MSE loss: 4.3450e-04 | time: 0.152
I 06.01/03:48:29 solver.py:136 ] Epoch: [322/400][220/400] lr: 6.69e-05 | MSE loss: 4.3491e-04 | time: 0.152
I 06.01/03:48:31 solver.py:136 ] Epoch: [322/400][240/400] lr: 6.69e-05 | MSE loss: 4.3626e-04 | time: 0.148
I 06.01/03:48:34 solver.py:136 ] Epoch: [322/400][260/400] lr: 6.69e-05 | MSE loss: 4.3556e-04 | time: 0.149
I 06.01/03:48:37 solver.py:136 ] Epoch: [322/400][280/400] lr: 6.68e-05 | MSE loss: 4.3661e-04 | time: 0.146
I 06.01/03:48:39 solver.py:136 ] Epoch: [322/400][300/400] lr: 6.68e-05 | MSE loss: 4.3668e-04 | time: 0.145
I 06.01/03:48:41 solver.py:136 ] Epoch: [322/400][320/400] lr: 6.68e-05 | MSE loss: 4.3631e-04 | time: 0.143
I 06.01/03:48:44 solver.py:136 ] Epoch: [322/400][340/400] lr: 6.68e-05 | MSE loss: 4.3766e-04 | time: 0.142
I 06.01/03:48:47 solver.py:136 ] Epoch: [322/400][360/400] lr: 6.68e-05 | MSE loss: 4.3764e-04 | time: 0.143
I 06.01/03:48:49 solver.py:136 ] Epoch: [322/400][380/400] lr: 6.67e-05 | MSE loss: 4.3805e-04 | time: 0.141
I 06.01/03:48:52 solver.py:136 ] Epoch: [322/400][400/400] lr: 6.67e-05 | MSE loss: 4.3839e-04 | time: 0.141
I 06.01/03:48:52 solver.py:146 ] => Train  Loss: 4.3839e-04

I 06.01/03:48:55 solver.py:205 ] 
=! Best NMSE: -2.7695e+01 (epoch=320)

I 06.01/03:48:59 solver.py:136 ] Epoch: [323/400][20/400] lr: 6.67e-05 | MSE loss: 4.3445e-04 | time: 0.156
I 06.01/03:49:02 solver.py:136 ] Epoch: [323/400][40/400] lr: 6.67e-05 | MSE loss: 4.3482e-04 | time: 0.165
I 06.01/03:49:06 solver.py:136 ] Epoch: [323/400][60/400] lr: 6.67e-05 | MSE loss: 4.2941e-04 | time: 0.175
I 06.01/03:49:09 solver.py:136 ] Epoch: [323/400][80/400] lr: 6.66e-05 | MSE loss: 4.2767e-04 | time: 0.164
I 06.01/03:49:12 solver.py:136 ] Epoch: [323/400][100/400] lr: 6.66e-05 | MSE loss: 4.2711e-04 | time: 0.165
I 06.01/03:49:15 solver.py:136 ] Epoch: [323/400][120/400] lr: 6.66e-05 | MSE loss: 4.2881e-04 | time: 0.159
I 06.01/03:49:17 solver.py:136 ] Epoch: [323/400][140/400] lr: 6.66e-05 | MSE loss: 4.3045e-04 | time: 0.156
I 06.01/03:49:21 solver.py:136 ] Epoch: [323/400][160/400] lr: 6.65e-05 | MSE loss: 4.3165e-04 | time: 0.157
I 06.01/03:49:23 solver.py:136 ] Epoch: [323/400][180/400] lr: 6.65e-05 | MSE loss: 4.3152e-04 | time: 0.152
I 06.01/03:49:26 solver.py:136 ] Epoch: [323/400][200/400] lr: 6.65e-05 | MSE loss: 4.3147e-04 | time: 0.152
I 06.01/03:49:29 solver.py:136 ] Epoch: [323/400][220/400] lr: 6.65e-05 | MSE loss: 4.3294e-04 | time: 0.153
I 06.01/03:49:32 solver.py:136 ] Epoch: [323/400][240/400] lr: 6.65e-05 | MSE loss: 4.3318e-04 | time: 0.153
I 06.01/03:49:34 solver.py:136 ] Epoch: [323/400][260/400] lr: 6.64e-05 | MSE loss: 4.3359e-04 | time: 0.149
I 06.01/03:49:37 solver.py:136 ] Epoch: [323/400][280/400] lr: 6.64e-05 | MSE loss: 4.3449e-04 | time: 0.149
I 06.01/03:49:40 solver.py:136 ] Epoch: [323/400][300/400] lr: 6.64e-05 | MSE loss: 4.3486e-04 | time: 0.148
I 06.01/03:49:43 solver.py:136 ] Epoch: [323/400][320/400] lr: 6.64e-05 | MSE loss: 4.3610e-04 | time: 0.149
I 06.01/03:49:45 solver.py:136 ] Epoch: [323/400][340/400] lr: 6.64e-05 | MSE loss: 4.3704e-04 | time: 0.146
I 06.01/03:49:48 solver.py:136 ] Epoch: [323/400][360/400] lr: 6.63e-05 | MSE loss: 4.3751e-04 | time: 0.147
I 06.01/03:49:51 solver.py:136 ] Epoch: [323/400][380/400] lr: 6.63e-05 | MSE loss: 4.3679e-04 | time: 0.145
I 06.01/03:49:53 solver.py:136 ] Epoch: [323/400][400/400] lr: 6.63e-05 | MSE loss: 4.3800e-04 | time: 0.144
I 06.01/03:49:53 solver.py:146 ] => Train  Loss: 4.3800e-04

I 06.01/03:49:57 solver.py:205 ] 
=! Best NMSE: -2.7695e+01 (epoch=320)

I 06.01/03:50:00 solver.py:136 ] Epoch: [324/400][20/400] lr: 6.63e-05 | MSE loss: 4.4176e-04 | time: 0.170
I 06.01/03:50:06 solver.py:136 ] Epoch: [324/400][40/400] lr: 6.63e-05 | MSE loss: 4.4650e-04 | time: 0.217
I 06.01/03:50:08 solver.py:136 ] Epoch: [324/400][60/400] lr: 6.62e-05 | MSE loss: 4.4034e-04 | time: 0.185
I 06.01/03:50:11 solver.py:136 ] Epoch: [324/400][80/400] lr: 6.62e-05 | MSE loss: 4.3654e-04 | time: 0.178
I 06.01/03:50:14 solver.py:136 ] Epoch: [324/400][100/400] lr: 6.62e-05 | MSE loss: 4.3714e-04 | time: 0.171
I 06.01/03:50:17 solver.py:136 ] Epoch: [324/400][120/400] lr: 6.62e-05 | MSE loss: 4.3568e-04 | time: 0.163
I 06.01/03:50:20 solver.py:136 ] Epoch: [324/400][140/400] lr: 6.62e-05 | MSE loss: 4.3437e-04 | time: 0.161
I 06.01/03:50:23 solver.py:136 ] Epoch: [324/400][160/400] lr: 6.61e-05 | MSE loss: 4.3385e-04 | time: 0.162
I 06.01/03:50:26 solver.py:136 ] Epoch: [324/400][180/400] lr: 6.61e-05 | MSE loss: 4.3565e-04 | time: 0.159
I 06.01/03:50:28 solver.py:136 ] Epoch: [324/400][200/400] lr: 6.61e-05 | MSE loss: 4.3677e-04 | time: 0.157
I 06.01/03:50:31 solver.py:136 ] Epoch: [324/400][220/400] lr: 6.61e-05 | MSE loss: 4.3648e-04 | time: 0.156
I 06.01/03:50:34 solver.py:136 ] Epoch: [324/400][240/400] lr: 6.61e-05 | MSE loss: 4.3723e-04 | time: 0.154
I 06.01/03:50:36 solver.py:136 ] Epoch: [324/400][260/400] lr: 6.60e-05 | MSE loss: 4.3721e-04 | time: 0.151
I 06.01/03:50:39 solver.py:136 ] Epoch: [324/400][280/400] lr: 6.60e-05 | MSE loss: 4.3727e-04 | time: 0.151
I 06.01/03:50:42 solver.py:136 ] Epoch: [324/400][300/400] lr: 6.60e-05 | MSE loss: 4.3744e-04 | time: 0.150
I 06.01/03:50:45 solver.py:136 ] Epoch: [324/400][320/400] lr: 6.60e-05 | MSE loss: 4.3744e-04 | time: 0.148
I 06.01/03:50:47 solver.py:136 ] Epoch: [324/400][340/400] lr: 6.60e-05 | MSE loss: 4.3727e-04 | time: 0.147
I 06.01/03:50:50 solver.py:136 ] Epoch: [324/400][360/400] lr: 6.59e-05 | MSE loss: 4.3894e-04 | time: 0.147
I 06.01/03:50:53 solver.py:136 ] Epoch: [324/400][380/400] lr: 6.59e-05 | MSE loss: 4.3863e-04 | time: 0.147
I 06.01/03:50:55 solver.py:136 ] Epoch: [324/400][400/400] lr: 6.59e-05 | MSE loss: 4.3881e-04 | time: 0.144
I 06.01/03:50:55 solver.py:146 ] => Train  Loss: 4.3881e-04

I 06.01/03:50:58 solver.py:205 ] 
=! Best NMSE: -2.7695e+01 (epoch=320)

I 06.01/03:51:01 solver.py:136 ] Epoch: [325/400][20/400] lr: 6.59e-05 | MSE loss: 4.2204e-04 | time: 0.140
I 06.01/03:51:06 solver.py:136 ] Epoch: [325/400][40/400] lr: 6.59e-05 | MSE loss: 4.2531e-04 | time: 0.196
I 06.01/03:51:09 solver.py:136 ] Epoch: [325/400][60/400] lr: 6.58e-05 | MSE loss: 4.2649e-04 | time: 0.178
I 06.01/03:51:12 solver.py:136 ] Epoch: [325/400][80/400] lr: 6.58e-05 | MSE loss: 4.2607e-04 | time: 0.171
I 06.01/03:51:15 solver.py:136 ] Epoch: [325/400][100/400] lr: 6.58e-05 | MSE loss: 4.2333e-04 | time: 0.168
I 06.01/03:51:17 solver.py:136 ] Epoch: [325/400][120/400] lr: 6.58e-05 | MSE loss: 4.2695e-04 | time: 0.162
I 06.01/03:51:20 solver.py:136 ] Epoch: [325/400][140/400] lr: 6.58e-05 | MSE loss: 4.2780e-04 | time: 0.161
I 06.01/03:51:23 solver.py:136 ] Epoch: [325/400][160/400] lr: 6.57e-05 | MSE loss: 4.2920e-04 | time: 0.158
I 06.01/03:51:26 solver.py:136 ] Epoch: [325/400][180/400] lr: 6.57e-05 | MSE loss: 4.2919e-04 | time: 0.158
I 06.01/03:51:29 solver.py:136 ] Epoch: [325/400][200/400] lr: 6.57e-05 | MSE loss: 4.3014e-04 | time: 0.154
I 06.01/03:51:32 solver.py:136 ] Epoch: [325/400][220/400] lr: 6.57e-05 | MSE loss: 4.2979e-04 | time: 0.154
I 06.01/03:51:35 solver.py:136 ] Epoch: [325/400][240/400] lr: 6.57e-05 | MSE loss: 4.3057e-04 | time: 0.155
I 06.01/03:51:38 solver.py:136 ] Epoch: [325/400][260/400] lr: 6.56e-05 | MSE loss: 4.3222e-04 | time: 0.156
I 06.01/03:51:41 solver.py:136 ] Epoch: [325/400][280/400] lr: 6.56e-05 | MSE loss: 4.3338e-04 | time: 0.153
I 06.01/03:51:44 solver.py:136 ] Epoch: [325/400][300/400] lr: 6.56e-05 | MSE loss: 4.3385e-04 | time: 0.154
I 06.01/03:51:46 solver.py:136 ] Epoch: [325/400][320/400] lr: 6.56e-05 | MSE loss: 4.3414e-04 | time: 0.151
I 06.01/03:51:49 solver.py:136 ] Epoch: [325/400][340/400] lr: 6.56e-05 | MSE loss: 4.3391e-04 | time: 0.150
I 06.01/03:51:52 solver.py:136 ] Epoch: [325/400][360/400] lr: 6.55e-05 | MSE loss: 4.3512e-04 | time: 0.149
I 06.01/03:51:54 solver.py:136 ] Epoch: [325/400][380/400] lr: 6.55e-05 | MSE loss: 4.3538e-04 | time: 0.146
I 06.01/03:51:56 solver.py:136 ] Epoch: [325/400][400/400] lr: 6.55e-05 | MSE loss: 4.3588e-04 | time: 0.145
I 06.01/03:51:56 solver.py:146 ] => Train  Loss: 4.3588e-04

I 06.01/03:52:00 solver.py:205 ] 
=! Best NMSE: -2.7695e+01 (epoch=320)

I 06.01/03:52:05 solver.py:136 ] Epoch: [326/400][20/400] lr: 6.55e-05 | MSE loss: 4.1756e-04 | time: 0.246
I 06.01/03:52:08 solver.py:136 ] Epoch: [326/400][40/400] lr: 6.55e-05 | MSE loss: 4.2668e-04 | time: 0.197
I 06.01/03:52:10 solver.py:136 ] Epoch: [326/400][60/400] lr: 6.54e-05 | MSE loss: 4.3678e-04 | time: 0.169
I 06.01/03:52:14 solver.py:136 ] Epoch: [326/400][80/400] lr: 6.54e-05 | MSE loss: 4.3949e-04 | time: 0.172
I 06.01/03:52:18 solver.py:136 ] Epoch: [326/400][100/400] lr: 6.54e-05 | MSE loss: 4.3696e-04 | time: 0.174
I 06.01/03:52:21 solver.py:136 ] Epoch: [326/400][120/400] lr: 6.54e-05 | MSE loss: 4.3577e-04 | time: 0.170
I 06.01/03:52:24 solver.py:136 ] Epoch: [326/400][140/400] lr: 6.54e-05 | MSE loss: 4.3597e-04 | time: 0.170
I 06.01/03:52:27 solver.py:136 ] Epoch: [326/400][160/400] lr: 6.53e-05 | MSE loss: 4.3657e-04 | time: 0.167
I 06.01/03:52:29 solver.py:136 ] Epoch: [326/400][180/400] lr: 6.53e-05 | MSE loss: 4.3772e-04 | time: 0.163
I 06.01/03:52:32 solver.py:136 ] Epoch: [326/400][200/400] lr: 6.53e-05 | MSE loss: 4.3744e-04 | time: 0.161
I 06.01/03:52:35 solver.py:136 ] Epoch: [326/400][220/400] lr: 6.53e-05 | MSE loss: 4.3680e-04 | time: 0.161
I 06.01/03:52:39 solver.py:136 ] Epoch: [326/400][240/400] lr: 6.53e-05 | MSE loss: 4.3557e-04 | time: 0.163
I 06.01/03:52:42 solver.py:136 ] Epoch: [326/400][260/400] lr: 6.52e-05 | MSE loss: 4.3415e-04 | time: 0.162
I 06.01/03:52:45 solver.py:136 ] Epoch: [326/400][280/400] lr: 6.52e-05 | MSE loss: 4.3367e-04 | time: 0.162
I 06.01/03:52:49 solver.py:136 ] Epoch: [326/400][300/400] lr: 6.52e-05 | MSE loss: 4.3277e-04 | time: 0.162
I 06.01/03:52:52 solver.py:136 ] Epoch: [326/400][320/400] lr: 6.52e-05 | MSE loss: 4.3323e-04 | time: 0.161
I 06.01/03:52:54 solver.py:136 ] Epoch: [326/400][340/400] lr: 6.52e-05 | MSE loss: 4.3249e-04 | time: 0.159
I 06.01/03:52:56 solver.py:136 ] Epoch: [326/400][360/400] lr: 6.51e-05 | MSE loss: 4.3178e-04 | time: 0.155
I 06.01/03:52:59 solver.py:136 ] Epoch: [326/400][380/400] lr: 6.51e-05 | MSE loss: 4.3222e-04 | time: 0.154
I 06.01/03:53:03 solver.py:136 ] Epoch: [326/400][400/400] lr: 6.51e-05 | MSE loss: 4.3282e-04 | time: 0.157
I 06.01/03:53:03 solver.py:146 ] => Train  Loss: 4.3282e-04

I 06.01/03:53:06 solver.py:205 ] 
=! Best NMSE: -2.7695e+01 (epoch=320)

I 06.01/03:53:10 solver.py:136 ] Epoch: [327/400][20/400] lr: 6.51e-05 | MSE loss: 4.2160e-04 | time: 0.182
I 06.01/03:53:13 solver.py:136 ] Epoch: [327/400][40/400] lr: 6.51e-05 | MSE loss: 4.2297e-04 | time: 0.166
I 06.01/03:53:16 solver.py:136 ] Epoch: [327/400][60/400] lr: 6.50e-05 | MSE loss: 4.2922e-04 | time: 0.164
I 06.01/03:53:19 solver.py:136 ] Epoch: [327/400][80/400] lr: 6.50e-05 | MSE loss: 4.3041e-04 | time: 0.163
I 06.01/03:53:22 solver.py:136 ] Epoch: [327/400][100/400] lr: 6.50e-05 | MSE loss: 4.3340e-04 | time: 0.163
I 06.01/03:53:26 solver.py:136 ] Epoch: [327/400][120/400] lr: 6.50e-05 | MSE loss: 4.3239e-04 | time: 0.165
I 06.01/03:53:29 solver.py:136 ] Epoch: [327/400][140/400] lr: 6.50e-05 | MSE loss: 4.3236e-04 | time: 0.164
I 06.01/03:53:32 solver.py:136 ] Epoch: [327/400][160/400] lr: 6.49e-05 | MSE loss: 4.3178e-04 | time: 0.165
I 06.01/03:53:36 solver.py:136 ] Epoch: [327/400][180/400] lr: 6.49e-05 | MSE loss: 4.3204e-04 | time: 0.164
I 06.01/03:53:38 solver.py:136 ] Epoch: [327/400][200/400] lr: 6.49e-05 | MSE loss: 4.3162e-04 | time: 0.161
I 06.01/03:53:42 solver.py:136 ] Epoch: [327/400][220/400] lr: 6.49e-05 | MSE loss: 4.3153e-04 | time: 0.162
I 06.01/03:53:45 solver.py:136 ] Epoch: [327/400][240/400] lr: 6.49e-05 | MSE loss: 4.3214e-04 | time: 0.162
I 06.01/03:53:48 solver.py:136 ] Epoch: [327/400][260/400] lr: 6.48e-05 | MSE loss: 4.3130e-04 | time: 0.163
I 06.01/03:53:52 solver.py:136 ] Epoch: [327/400][280/400] lr: 6.48e-05 | MSE loss: 4.3024e-04 | time: 0.163
I 06.01/03:53:55 solver.py:136 ] Epoch: [327/400][300/400] lr: 6.48e-05 | MSE loss: 4.3002e-04 | time: 0.163
I 06.01/03:53:58 solver.py:136 ] Epoch: [327/400][320/400] lr: 6.48e-05 | MSE loss: 4.2932e-04 | time: 0.163
I 06.01/03:54:01 solver.py:136 ] Epoch: [327/400][340/400] lr: 6.48e-05 | MSE loss: 4.3056e-04 | time: 0.163
I 06.01/03:54:06 solver.py:136 ] Epoch: [327/400][360/400] lr: 6.47e-05 | MSE loss: 4.3048e-04 | time: 0.167
I 06.01/03:54:09 solver.py:136 ] Epoch: [327/400][380/400] lr: 6.47e-05 | MSE loss: 4.3042e-04 | time: 0.165
I 06.01/03:54:11 solver.py:136 ] Epoch: [327/400][400/400] lr: 6.47e-05 | MSE loss: 4.3108e-04 | time: 0.163
I 06.01/03:54:11 solver.py:146 ] => Train  Loss: 4.3108e-04

I 06.01/03:54:16 solver.py:205 ] 
=! Best NMSE: -2.7695e+01 (epoch=320)

I 06.01/03:54:19 solver.py:136 ] Epoch: [328/400][20/400] lr: 6.47e-05 | MSE loss: 4.3899e-04 | time: 0.154
I 06.01/03:54:22 solver.py:136 ] Epoch: [328/400][40/400] lr: 6.47e-05 | MSE loss: 4.2977e-04 | time: 0.154
I 06.01/03:54:25 solver.py:136 ] Epoch: [328/400][60/400] lr: 6.47e-05 | MSE loss: 4.3048e-04 | time: 0.152
I 06.01/03:54:29 solver.py:136 ] Epoch: [328/400][80/400] lr: 6.46e-05 | MSE loss: 4.2537e-04 | time: 0.159
I 06.01/03:54:32 solver.py:136 ] Epoch: [328/400][100/400] lr: 6.46e-05 | MSE loss: 4.2792e-04 | time: 0.161
I 06.01/03:54:35 solver.py:136 ] Epoch: [328/400][120/400] lr: 6.46e-05 | MSE loss: 4.2961e-04 | time: 0.160
I 06.01/03:54:38 solver.py:136 ] Epoch: [328/400][140/400] lr: 6.46e-05 | MSE loss: 4.3046e-04 | time: 0.159
I 06.01/03:54:42 solver.py:136 ] Epoch: [328/400][160/400] lr: 6.46e-05 | MSE loss: 4.3233e-04 | time: 0.160
I 06.01/03:54:45 solver.py:136 ] Epoch: [328/400][180/400] lr: 6.45e-05 | MSE loss: 4.3139e-04 | time: 0.159
I 06.01/03:54:48 solver.py:136 ] Epoch: [328/400][200/400] lr: 6.45e-05 | MSE loss: 4.3200e-04 | time: 0.158
I 06.01/03:54:51 solver.py:136 ] Epoch: [328/400][220/400] lr: 6.45e-05 | MSE loss: 4.3239e-04 | time: 0.158
I 06.01/03:54:54 solver.py:136 ] Epoch: [328/400][240/400] lr: 6.45e-05 | MSE loss: 4.3263e-04 | time: 0.159
I 06.01/03:54:57 solver.py:136 ] Epoch: [328/400][260/400] lr: 6.45e-05 | MSE loss: 4.3326e-04 | time: 0.159
I 06.01/03:55:00 solver.py:136 ] Epoch: [328/400][280/400] lr: 6.44e-05 | MSE loss: 4.3331e-04 | time: 0.158
I 06.01/03:55:05 solver.py:136 ] Epoch: [328/400][300/400] lr: 6.44e-05 | MSE loss: 4.3249e-04 | time: 0.164
I 06.01/03:55:08 solver.py:136 ] Epoch: [328/400][320/400] lr: 6.44e-05 | MSE loss: 4.3344e-04 | time: 0.164
I 06.01/03:55:12 solver.py:136 ] Epoch: [328/400][340/400] lr: 6.44e-05 | MSE loss: 4.3347e-04 | time: 0.163
I 06.01/03:55:15 solver.py:136 ] Epoch: [328/400][360/400] lr: 6.44e-05 | MSE loss: 4.3385e-04 | time: 0.163
I 06.01/03:55:18 solver.py:136 ] Epoch: [328/400][380/400] lr: 6.43e-05 | MSE loss: 4.3378e-04 | time: 0.162
I 06.01/03:55:20 solver.py:136 ] Epoch: [328/400][400/400] lr: 6.43e-05 | MSE loss: 4.3362e-04 | time: 0.161
I 06.01/03:55:20 solver.py:146 ] => Train  Loss: 4.3362e-04

I 06.01/03:55:24 solver.py:205 ] 
=! Best NMSE: -2.7695e+01 (epoch=320)

I 06.01/03:55:27 solver.py:136 ] Epoch: [329/400][20/400] lr: 6.43e-05 | MSE loss: 4.2234e-04 | time: 0.138
I 06.01/03:55:31 solver.py:136 ] Epoch: [329/400][40/400] lr: 6.43e-05 | MSE loss: 4.2181e-04 | time: 0.154
I 06.01/03:55:34 solver.py:136 ] Epoch: [329/400][60/400] lr: 6.43e-05 | MSE loss: 4.2629e-04 | time: 0.155
I 06.01/03:55:37 solver.py:136 ] Epoch: [329/400][80/400] lr: 6.42e-05 | MSE loss: 4.2789e-04 | time: 0.156
I 06.01/03:55:40 solver.py:136 ] Epoch: [329/400][100/400] lr: 6.42e-05 | MSE loss: 4.3069e-04 | time: 0.157
I 06.01/03:55:43 solver.py:136 ] Epoch: [329/400][120/400] lr: 6.42e-05 | MSE loss: 4.3075e-04 | time: 0.157
I 06.01/03:55:47 solver.py:136 ] Epoch: [329/400][140/400] lr: 6.42e-05 | MSE loss: 4.2821e-04 | time: 0.158
I 06.01/03:55:50 solver.py:136 ] Epoch: [329/400][160/400] lr: 6.42e-05 | MSE loss: 4.2751e-04 | time: 0.158
I 06.01/03:55:53 solver.py:136 ] Epoch: [329/400][180/400] lr: 6.42e-05 | MSE loss: 4.2987e-04 | time: 0.158
I 06.01/03:55:56 solver.py:136 ] Epoch: [329/400][200/400] lr: 6.41e-05 | MSE loss: 4.3079e-04 | time: 0.157
I 06.01/03:55:59 solver.py:136 ] Epoch: [329/400][220/400] lr: 6.41e-05 | MSE loss: 4.3055e-04 | time: 0.156
I 06.01/03:56:03 solver.py:136 ] Epoch: [329/400][240/400] lr: 6.41e-05 | MSE loss: 4.3118e-04 | time: 0.162
I 06.01/03:56:07 solver.py:136 ] Epoch: [329/400][260/400] lr: 6.41e-05 | MSE loss: 4.3091e-04 | time: 0.163
I 06.01/03:56:10 solver.py:136 ] Epoch: [329/400][280/400] lr: 6.41e-05 | MSE loss: 4.3262e-04 | time: 0.162
I 06.01/03:56:14 solver.py:136 ] Epoch: [329/400][300/400] lr: 6.40e-05 | MSE loss: 4.3224e-04 | time: 0.164
I 06.01/03:56:16 solver.py:136 ] Epoch: [329/400][320/400] lr: 6.40e-05 | MSE loss: 4.3259e-04 | time: 0.162
I 06.01/03:56:19 solver.py:136 ] Epoch: [329/400][340/400] lr: 6.40e-05 | MSE loss: 4.3298e-04 | time: 0.162
I 06.01/03:56:22 solver.py:136 ] Epoch: [329/400][360/400] lr: 6.40e-05 | MSE loss: 4.3235e-04 | time: 0.160
I 06.01/03:56:24 solver.py:136 ] Epoch: [329/400][380/400] lr: 6.40e-05 | MSE loss: 4.3139e-04 | time: 0.157
I 06.01/03:56:27 solver.py:136 ] Epoch: [329/400][400/400] lr: 6.39e-05 | MSE loss: 4.3148e-04 | time: 0.155
I 06.01/03:56:27 solver.py:146 ] => Train  Loss: 4.3148e-04

I 06.01/03:56:31 solver.py:205 ] 
=! Best NMSE: -2.7695e+01 (epoch=320)

I 06.01/03:56:35 solver.py:136 ] Epoch: [330/400][20/400] lr: 6.39e-05 | MSE loss: 4.2556e-04 | time: 0.177
I 06.01/03:56:38 solver.py:136 ] Epoch: [330/400][40/400] lr: 6.39e-05 | MSE loss: 4.2088e-04 | time: 0.156
I 06.01/03:56:40 solver.py:136 ] Epoch: [330/400][60/400] lr: 6.39e-05 | MSE loss: 4.1765e-04 | time: 0.147
I 06.01/03:56:43 solver.py:136 ] Epoch: [330/400][80/400] lr: 6.39e-05 | MSE loss: 4.1845e-04 | time: 0.145
I 06.01/03:56:46 solver.py:136 ] Epoch: [330/400][100/400] lr: 6.38e-05 | MSE loss: 4.1840e-04 | time: 0.147
I 06.01/03:56:50 solver.py:136 ] Epoch: [330/400][120/400] lr: 6.38e-05 | MSE loss: 4.2071e-04 | time: 0.151
I 06.01/03:56:53 solver.py:136 ] Epoch: [330/400][140/400] lr: 6.38e-05 | MSE loss: 4.2244e-04 | time: 0.151
I 06.01/03:56:56 solver.py:136 ] Epoch: [330/400][160/400] lr: 6.38e-05 | MSE loss: 4.2414e-04 | time: 0.151
I 06.01/03:56:58 solver.py:136 ] Epoch: [330/400][180/400] lr: 6.38e-05 | MSE loss: 4.2379e-04 | time: 0.150
I 06.01/03:57:01 solver.py:136 ] Epoch: [330/400][200/400] lr: 6.38e-05 | MSE loss: 4.2379e-04 | time: 0.148
I 06.01/03:57:05 solver.py:136 ] Epoch: [330/400][220/400] lr: 6.37e-05 | MSE loss: 4.2544e-04 | time: 0.155
I 06.01/03:57:08 solver.py:136 ] Epoch: [330/400][240/400] lr: 6.37e-05 | MSE loss: 4.2604e-04 | time: 0.154
I 06.01/03:57:12 solver.py:136 ] Epoch: [330/400][260/400] lr: 6.37e-05 | MSE loss: 4.2645e-04 | time: 0.155
I 06.01/03:57:15 solver.py:136 ] Epoch: [330/400][280/400] lr: 6.37e-05 | MSE loss: 4.2632e-04 | time: 0.156
I 06.01/03:57:18 solver.py:136 ] Epoch: [330/400][300/400] lr: 6.37e-05 | MSE loss: 4.2726e-04 | time: 0.156
I 06.01/03:57:21 solver.py:136 ] Epoch: [330/400][320/400] lr: 6.36e-05 | MSE loss: 4.2699e-04 | time: 0.156
I 06.01/03:57:23 solver.py:136 ] Epoch: [330/400][340/400] lr: 6.36e-05 | MSE loss: 4.2795e-04 | time: 0.153
I 06.01/03:57:26 solver.py:136 ] Epoch: [330/400][360/400] lr: 6.36e-05 | MSE loss: 4.2848e-04 | time: 0.151
I 06.01/03:57:29 solver.py:136 ] Epoch: [330/400][380/400] lr: 6.36e-05 | MSE loss: 4.2843e-04 | time: 0.151
I 06.01/03:57:31 solver.py:136 ] Epoch: [330/400][400/400] lr: 6.36e-05 | MSE loss: 4.2852e-04 | time: 0.150
I 06.01/03:57:31 solver.py:146 ] => Train  Loss: 4.2852e-04

I 06.01/03:57:35 solver.py:136 ] Epoch: [330/400][20/50] lr: 6.36e-05 | MSE loss: 7.8883e-04 | time: 0.152
I 06.01/03:57:38 solver.py:136 ] Epoch: [330/400][40/50] lr: 6.36e-05 | MSE loss: 8.1417e-04 | time: 0.148
I 06.01/03:57:39 solver.py:146 ] => Val  Loss: 8.0534e-04

I 06.01/03:57:41 solver.py:287 ] [20/50] loss: 8.2730e-04 | NMSE: -2.7859e+01 | time: 0.115
I 06.01/03:57:43 solver.py:287 ] [40/50] loss: 8.3180e-04 | NMSE: -2.7857e+01 | time: 0.106
I 06.01/03:57:44 solver.py:291 ] => Test NMSE: -2.7827e+01

I 06.01/03:57:51 solver.py:205 ] 
=! Best NMSE: -2.7827e+01 (epoch=330)

I 06.01/03:57:54 solver.py:136 ] Epoch: [331/400][20/400] lr: 6.35e-05 | MSE loss: 4.2050e-04 | time: 0.156
I 06.01/03:57:57 solver.py:136 ] Epoch: [331/400][40/400] lr: 6.35e-05 | MSE loss: 4.2324e-04 | time: 0.154
I 06.01/03:58:01 solver.py:136 ] Epoch: [331/400][60/400] lr: 6.35e-05 | MSE loss: 4.1788e-04 | time: 0.160
I 06.01/03:58:05 solver.py:136 ] Epoch: [331/400][80/400] lr: 6.35e-05 | MSE loss: 4.1480e-04 | time: 0.177
I 06.01/03:58:08 solver.py:136 ] Epoch: [331/400][100/400] lr: 6.35e-05 | MSE loss: 4.2278e-04 | time: 0.168
I 06.01/03:58:11 solver.py:136 ] Epoch: [331/400][120/400] lr: 6.35e-05 | MSE loss: 4.2166e-04 | time: 0.166
I 06.01/03:58:14 solver.py:136 ] Epoch: [331/400][140/400] lr: 6.34e-05 | MSE loss: 4.2487e-04 | time: 0.163
I 06.01/03:58:17 solver.py:136 ] Epoch: [331/400][160/400] lr: 6.34e-05 | MSE loss: 4.2456e-04 | time: 0.161
I 06.01/03:58:20 solver.py:136 ] Epoch: [331/400][180/400] lr: 6.34e-05 | MSE loss: 4.2318e-04 | time: 0.159
I 06.01/03:58:22 solver.py:136 ] Epoch: [331/400][200/400] lr: 6.34e-05 | MSE loss: 4.2386e-04 | time: 0.157
I 06.01/03:58:25 solver.py:136 ] Epoch: [331/400][220/400] lr: 6.34e-05 | MSE loss: 4.2342e-04 | time: 0.154
I 06.01/03:58:28 solver.py:136 ] Epoch: [331/400][240/400] lr: 6.33e-05 | MSE loss: 4.2269e-04 | time: 0.152
I 06.01/03:58:30 solver.py:136 ] Epoch: [331/400][260/400] lr: 6.33e-05 | MSE loss: 4.2176e-04 | time: 0.150
I 06.01/03:58:33 solver.py:136 ] Epoch: [331/400][280/400] lr: 6.33e-05 | MSE loss: 4.2353e-04 | time: 0.149
I 06.01/03:58:36 solver.py:136 ] Epoch: [331/400][300/400] lr: 6.33e-05 | MSE loss: 4.2328e-04 | time: 0.149
I 06.01/03:58:39 solver.py:136 ] Epoch: [331/400][320/400] lr: 6.33e-05 | MSE loss: 4.2408e-04 | time: 0.148
I 06.01/03:58:42 solver.py:136 ] Epoch: [331/400][340/400] lr: 6.32e-05 | MSE loss: 4.2480e-04 | time: 0.149
I 06.01/03:58:44 solver.py:136 ] Epoch: [331/400][360/400] lr: 6.32e-05 | MSE loss: 4.2511e-04 | time: 0.147
I 06.01/03:58:46 solver.py:136 ] Epoch: [331/400][380/400] lr: 6.32e-05 | MSE loss: 4.2560e-04 | time: 0.145
I 06.01/03:58:49 solver.py:136 ] Epoch: [331/400][400/400] lr: 6.32e-05 | MSE loss: 4.2596e-04 | time: 0.145
I 06.01/03:58:49 solver.py:146 ] => Train  Loss: 4.2596e-04

I 06.01/03:58:53 solver.py:205 ] 
=! Best NMSE: -2.7827e+01 (epoch=330)

I 06.01/03:58:56 solver.py:136 ] Epoch: [332/400][20/400] lr: 6.32e-05 | MSE loss: 4.0586e-04 | time: 0.166
I 06.01/03:58:59 solver.py:136 ] Epoch: [332/400][40/400] lr: 6.32e-05 | MSE loss: 4.1128e-04 | time: 0.153
I 06.01/03:59:04 solver.py:136 ] Epoch: [332/400][60/400] lr: 6.31e-05 | MSE loss: 4.1772e-04 | time: 0.185
I 06.01/03:59:07 solver.py:136 ] Epoch: [332/400][80/400] lr: 6.31e-05 | MSE loss: 4.2102e-04 | time: 0.180
I 06.01/03:59:10 solver.py:136 ] Epoch: [332/400][100/400] lr: 6.31e-05 | MSE loss: 4.2379e-04 | time: 0.176
I 06.01/03:59:13 solver.py:136 ] Epoch: [332/400][120/400] lr: 6.31e-05 | MSE loss: 4.2537e-04 | time: 0.171
I 06.01/03:59:16 solver.py:136 ] Epoch: [332/400][140/400] lr: 6.31e-05 | MSE loss: 4.2431e-04 | time: 0.164
I 06.01/03:59:18 solver.py:136 ] Epoch: [332/400][160/400] lr: 6.30e-05 | MSE loss: 4.2505e-04 | time: 0.159
I 06.01/03:59:20 solver.py:136 ] Epoch: [332/400][180/400] lr: 6.30e-05 | MSE loss: 4.2386e-04 | time: 0.153
I 06.01/03:59:23 solver.py:136 ] Epoch: [332/400][200/400] lr: 6.30e-05 | MSE loss: 4.2313e-04 | time: 0.151
I 06.01/03:59:26 solver.py:136 ] Epoch: [332/400][220/400] lr: 6.30e-05 | MSE loss: 4.2299e-04 | time: 0.151
I 06.01/03:59:28 solver.py:136 ] Epoch: [332/400][240/400] lr: 6.30e-05 | MSE loss: 4.2435e-04 | time: 0.147
I 06.01/03:59:31 solver.py:136 ] Epoch: [332/400][260/400] lr: 6.30e-05 | MSE loss: 4.2523e-04 | time: 0.146
I 06.01/03:59:34 solver.py:136 ] Epoch: [332/400][280/400] lr: 6.29e-05 | MSE loss: 4.2546e-04 | time: 0.147
I 06.01/03:59:37 solver.py:136 ] Epoch: [332/400][300/400] lr: 6.29e-05 | MSE loss: 4.2492e-04 | time: 0.147
I 06.01/03:59:40 solver.py:136 ] Epoch: [332/400][320/400] lr: 6.29e-05 | MSE loss: 4.2582e-04 | time: 0.147
I 06.01/03:59:43 solver.py:136 ] Epoch: [332/400][340/400] lr: 6.29e-05 | MSE loss: 4.2608e-04 | time: 0.148
I 06.01/03:59:45 solver.py:136 ] Epoch: [332/400][360/400] lr: 6.29e-05 | MSE loss: 4.2630e-04 | time: 0.146
I 06.01/03:59:48 solver.py:136 ] Epoch: [332/400][380/400] lr: 6.28e-05 | MSE loss: 4.2689e-04 | time: 0.145
I 06.01/03:59:50 solver.py:136 ] Epoch: [332/400][400/400] lr: 6.28e-05 | MSE loss: 4.2772e-04 | time: 0.144
I 06.01/03:59:50 solver.py:146 ] => Train  Loss: 4.2772e-04

I 06.01/03:59:55 solver.py:205 ] 
=! Best NMSE: -2.7827e+01 (epoch=330)

I 06.01/03:59:58 solver.py:136 ] Epoch: [333/400][20/400] lr: 6.28e-05 | MSE loss: 4.3099e-04 | time: 0.161
I 06.01/04:00:02 solver.py:136 ] Epoch: [333/400][40/400] lr: 6.28e-05 | MSE loss: 4.1969e-04 | time: 0.171
I 06.01/04:00:06 solver.py:136 ] Epoch: [333/400][60/400] lr: 6.28e-05 | MSE loss: 4.2020e-04 | time: 0.190
I 06.01/04:00:10 solver.py:136 ] Epoch: [333/400][80/400] lr: 6.27e-05 | MSE loss: 4.2041e-04 | time: 0.185
I 06.01/04:00:13 solver.py:136 ] Epoch: [333/400][100/400] lr: 6.27e-05 | MSE loss: 4.2140e-04 | time: 0.179
I 06.01/04:00:16 solver.py:136 ] Epoch: [333/400][120/400] lr: 6.27e-05 | MSE loss: 4.2433e-04 | time: 0.177
I 06.01/04:00:19 solver.py:136 ] Epoch: [333/400][140/400] lr: 6.27e-05 | MSE loss: 4.2345e-04 | time: 0.173
I 06.01/04:00:22 solver.py:136 ] Epoch: [333/400][160/400] lr: 6.27e-05 | MSE loss: 4.2387e-04 | time: 0.167
I 06.01/04:00:25 solver.py:136 ] Epoch: [333/400][180/400] lr: 6.27e-05 | MSE loss: 4.2522e-04 | time: 0.166
I 06.01/04:00:28 solver.py:136 ] Epoch: [333/400][200/400] lr: 6.26e-05 | MSE loss: 4.2660e-04 | time: 0.164
I 06.01/04:00:30 solver.py:136 ] Epoch: [333/400][220/400] lr: 6.26e-05 | MSE loss: 4.2692e-04 | time: 0.162
I 06.01/04:00:33 solver.py:136 ] Epoch: [333/400][240/400] lr: 6.26e-05 | MSE loss: 4.2712e-04 | time: 0.160
I 06.01/04:00:36 solver.py:136 ] Epoch: [333/400][260/400] lr: 6.26e-05 | MSE loss: 4.2636e-04 | time: 0.159
I 06.01/04:00:39 solver.py:136 ] Epoch: [333/400][280/400] lr: 6.26e-05 | MSE loss: 4.2613e-04 | time: 0.159
I 06.01/04:00:43 solver.py:136 ] Epoch: [333/400][300/400] lr: 6.25e-05 | MSE loss: 4.2541e-04 | time: 0.159
I 06.01/04:00:45 solver.py:136 ] Epoch: [333/400][320/400] lr: 6.25e-05 | MSE loss: 4.2572e-04 | time: 0.157
I 06.01/04:00:47 solver.py:136 ] Epoch: [333/400][340/400] lr: 6.25e-05 | MSE loss: 4.2585e-04 | time: 0.154
I 06.01/04:00:50 solver.py:136 ] Epoch: [333/400][360/400] lr: 6.25e-05 | MSE loss: 4.2626e-04 | time: 0.152
I 06.01/04:00:52 solver.py:136 ] Epoch: [333/400][380/400] lr: 6.25e-05 | MSE loss: 4.2666e-04 | time: 0.150
I 06.01/04:00:55 solver.py:136 ] Epoch: [333/400][400/400] lr: 6.25e-05 | MSE loss: 4.2662e-04 | time: 0.150
I 06.01/04:00:55 solver.py:146 ] => Train  Loss: 4.2662e-04

I 06.01/04:00:59 solver.py:205 ] 
=! Best NMSE: -2.7827e+01 (epoch=330)

I 06.01/04:01:04 solver.py:136 ] Epoch: [334/400][20/400] lr: 6.24e-05 | MSE loss: 4.2128e-04 | time: 0.240
I 06.01/04:01:07 solver.py:136 ] Epoch: [334/400][40/400] lr: 6.24e-05 | MSE loss: 4.2309e-04 | time: 0.196
I 06.01/04:01:11 solver.py:136 ] Epoch: [334/400][60/400] lr: 6.24e-05 | MSE loss: 4.2631e-04 | time: 0.183
I 06.01/04:01:14 solver.py:136 ] Epoch: [334/400][80/400] lr: 6.24e-05 | MSE loss: 4.2417e-04 | time: 0.177
I 06.01/04:01:17 solver.py:136 ] Epoch: [334/400][100/400] lr: 6.24e-05 | MSE loss: 4.2442e-04 | time: 0.171
I 06.01/04:01:20 solver.py:136 ] Epoch: [334/400][120/400] lr: 6.24e-05 | MSE loss: 4.2501e-04 | time: 0.168
I 06.01/04:01:22 solver.py:136 ] Epoch: [334/400][140/400] lr: 6.23e-05 | MSE loss: 4.2626e-04 | time: 0.164
I 06.01/04:01:25 solver.py:136 ] Epoch: [334/400][160/400] lr: 6.23e-05 | MSE loss: 4.2587e-04 | time: 0.161
I 06.01/04:01:28 solver.py:136 ] Epoch: [334/400][180/400] lr: 6.23e-05 | MSE loss: 4.2641e-04 | time: 0.156
I 06.01/04:01:30 solver.py:136 ] Epoch: [334/400][200/400] lr: 6.23e-05 | MSE loss: 4.2617e-04 | time: 0.154
I 06.01/04:01:33 solver.py:136 ] Epoch: [334/400][220/400] lr: 6.23e-05 | MSE loss: 4.2577e-04 | time: 0.154
I 06.01/04:01:36 solver.py:136 ] Epoch: [334/400][240/400] lr: 6.22e-05 | MSE loss: 4.2716e-04 | time: 0.153
I 06.01/04:01:39 solver.py:136 ] Epoch: [334/400][260/400] lr: 6.22e-05 | MSE loss: 4.2795e-04 | time: 0.153
I 06.01/04:01:42 solver.py:136 ] Epoch: [334/400][280/400] lr: 6.22e-05 | MSE loss: 4.2886e-04 | time: 0.153
I 06.01/04:01:45 solver.py:136 ] Epoch: [334/400][300/400] lr: 6.22e-05 | MSE loss: 4.2835e-04 | time: 0.153
I 06.01/04:01:48 solver.py:136 ] Epoch: [334/400][320/400] lr: 6.22e-05 | MSE loss: 4.2928e-04 | time: 0.152
I 06.01/04:01:50 solver.py:136 ] Epoch: [334/400][340/400] lr: 6.22e-05 | MSE loss: 4.2941e-04 | time: 0.149
I 06.01/04:01:53 solver.py:136 ] Epoch: [334/400][360/400] lr: 6.21e-05 | MSE loss: 4.2921e-04 | time: 0.148
I 06.01/04:01:55 solver.py:136 ] Epoch: [334/400][380/400] lr: 6.21e-05 | MSE loss: 4.2815e-04 | time: 0.146
I 06.01/04:01:58 solver.py:136 ] Epoch: [334/400][400/400] lr: 6.21e-05 | MSE loss: 4.2778e-04 | time: 0.146
I 06.01/04:01:58 solver.py:146 ] => Train  Loss: 4.2778e-04

I 06.01/04:02:03 solver.py:205 ] 
=! Best NMSE: -2.7827e+01 (epoch=330)

I 06.01/04:02:07 solver.py:136 ] Epoch: [335/400][20/400] lr: 6.21e-05 | MSE loss: 4.2508e-04 | time: 0.173
I 06.01/04:02:10 solver.py:136 ] Epoch: [335/400][40/400] lr: 6.21e-05 | MSE loss: 4.2027e-04 | time: 0.169
I 06.01/04:02:13 solver.py:136 ] Epoch: [335/400][60/400] lr: 6.20e-05 | MSE loss: 4.1990e-04 | time: 0.153
I 06.01/04:02:15 solver.py:136 ] Epoch: [335/400][80/400] lr: 6.20e-05 | MSE loss: 4.2179e-04 | time: 0.149
I 06.01/04:02:18 solver.py:136 ] Epoch: [335/400][100/400] lr: 6.20e-05 | MSE loss: 4.2015e-04 | time: 0.151
I 06.01/04:02:22 solver.py:136 ] Epoch: [335/400][120/400] lr: 6.20e-05 | MSE loss: 4.1903e-04 | time: 0.152
I 06.01/04:02:25 solver.py:136 ] Epoch: [335/400][140/400] lr: 6.20e-05 | MSE loss: 4.2193e-04 | time: 0.151
I 06.01/04:02:27 solver.py:136 ] Epoch: [335/400][160/400] lr: 6.20e-05 | MSE loss: 4.2037e-04 | time: 0.150
I 06.01/04:02:30 solver.py:136 ] Epoch: [335/400][180/400] lr: 6.19e-05 | MSE loss: 4.2174e-04 | time: 0.146
I 06.01/04:02:32 solver.py:136 ] Epoch: [335/400][200/400] lr: 6.19e-05 | MSE loss: 4.2267e-04 | time: 0.145
I 06.01/04:02:35 solver.py:136 ] Epoch: [335/400][220/400] lr: 6.19e-05 | MSE loss: 4.2367e-04 | time: 0.145
I 06.01/04:02:39 solver.py:136 ] Epoch: [335/400][240/400] lr: 6.19e-05 | MSE loss: 4.2413e-04 | time: 0.146
I 06.01/04:02:41 solver.py:136 ] Epoch: [335/400][260/400] lr: 6.19e-05 | MSE loss: 4.2347e-04 | time: 0.146
I 06.01/04:02:44 solver.py:136 ] Epoch: [335/400][280/400] lr: 6.19e-05 | MSE loss: 4.2325e-04 | time: 0.146
I 06.01/04:02:47 solver.py:136 ] Epoch: [335/400][300/400] lr: 6.18e-05 | MSE loss: 4.2336e-04 | time: 0.146
I 06.01/04:02:50 solver.py:136 ] Epoch: [335/400][320/400] lr: 6.18e-05 | MSE loss: 4.2334e-04 | time: 0.145
I 06.01/04:02:52 solver.py:136 ] Epoch: [335/400][340/400] lr: 6.18e-05 | MSE loss: 4.2349e-04 | time: 0.143
I 06.01/04:02:55 solver.py:136 ] Epoch: [335/400][360/400] lr: 6.18e-05 | MSE loss: 4.2449e-04 | time: 0.144
I 06.01/04:02:58 solver.py:136 ] Epoch: [335/400][380/400] lr: 6.18e-05 | MSE loss: 4.2497e-04 | time: 0.143
I 06.01/04:03:01 solver.py:136 ] Epoch: [335/400][400/400] lr: 6.17e-05 | MSE loss: 4.2517e-04 | time: 0.144
I 06.01/04:03:01 solver.py:146 ] => Train  Loss: 4.2517e-04

I 06.01/04:03:05 solver.py:205 ] 
=! Best NMSE: -2.7827e+01 (epoch=330)

I 06.01/04:03:08 solver.py:136 ] Epoch: [336/400][20/400] lr: 6.17e-05 | MSE loss: 4.1269e-04 | time: 0.156
I 06.01/04:03:11 solver.py:136 ] Epoch: [336/400][40/400] lr: 6.17e-05 | MSE loss: 4.2001e-04 | time: 0.155
I 06.01/04:03:14 solver.py:136 ] Epoch: [336/400][60/400] lr: 6.17e-05 | MSE loss: 4.2220e-04 | time: 0.157
I 06.01/04:03:17 solver.py:136 ] Epoch: [336/400][80/400] lr: 6.17e-05 | MSE loss: 4.2037e-04 | time: 0.154
I 06.01/04:03:20 solver.py:136 ] Epoch: [336/400][100/400] lr: 6.17e-05 | MSE loss: 4.1837e-04 | time: 0.154
I 06.01/04:03:23 solver.py:136 ] Epoch: [336/400][120/400] lr: 6.16e-05 | MSE loss: 4.1909e-04 | time: 0.152
I 06.01/04:03:26 solver.py:136 ] Epoch: [336/400][140/400] lr: 6.16e-05 | MSE loss: 4.2241e-04 | time: 0.152
I 06.01/04:03:29 solver.py:136 ] Epoch: [336/400][160/400] lr: 6.16e-05 | MSE loss: 4.2177e-04 | time: 0.150
I 06.01/04:03:32 solver.py:136 ] Epoch: [336/400][180/400] lr: 6.16e-05 | MSE loss: 4.2114e-04 | time: 0.149
I 06.01/04:03:34 solver.py:136 ] Epoch: [336/400][200/400] lr: 6.16e-05 | MSE loss: 4.2097e-04 | time: 0.147
I 06.01/04:03:37 solver.py:136 ] Epoch: [336/400][220/400] lr: 6.16e-05 | MSE loss: 4.2162e-04 | time: 0.147
I 06.01/04:03:40 solver.py:136 ] Epoch: [336/400][240/400] lr: 6.15e-05 | MSE loss: 4.2064e-04 | time: 0.146
I 06.01/04:03:43 solver.py:136 ] Epoch: [336/400][260/400] lr: 6.15e-05 | MSE loss: 4.2114e-04 | time: 0.145
I 06.01/04:03:45 solver.py:136 ] Epoch: [336/400][280/400] lr: 6.15e-05 | MSE loss: 4.2087e-04 | time: 0.145
I 06.01/04:03:49 solver.py:136 ] Epoch: [336/400][300/400] lr: 6.15e-05 | MSE loss: 4.2155e-04 | time: 0.146
I 06.01/04:03:51 solver.py:136 ] Epoch: [336/400][320/400] lr: 6.15e-05 | MSE loss: 4.2175e-04 | time: 0.146
I 06.01/04:03:54 solver.py:136 ] Epoch: [336/400][340/400] lr: 6.14e-05 | MSE loss: 4.2175e-04 | time: 0.144
I 06.01/04:03:56 solver.py:136 ] Epoch: [336/400][360/400] lr: 6.14e-05 | MSE loss: 4.2185e-04 | time: 0.143
I 06.01/04:03:59 solver.py:136 ] Epoch: [336/400][380/400] lr: 6.14e-05 | MSE loss: 4.2209e-04 | time: 0.143
I 06.01/04:04:04 solver.py:136 ] Epoch: [336/400][400/400] lr: 6.14e-05 | MSE loss: 4.2272e-04 | time: 0.147
I 06.01/04:04:04 solver.py:146 ] => Train  Loss: 4.2272e-04

I 06.01/04:04:08 solver.py:205 ] 
=! Best NMSE: -2.7827e+01 (epoch=330)

I 06.01/04:04:11 solver.py:136 ] Epoch: [337/400][20/400] lr: 6.14e-05 | MSE loss: 4.2114e-04 | time: 0.155
I 06.01/04:04:14 solver.py:136 ] Epoch: [337/400][40/400] lr: 6.14e-05 | MSE loss: 4.2414e-04 | time: 0.151
I 06.01/04:04:17 solver.py:136 ] Epoch: [337/400][60/400] lr: 6.13e-05 | MSE loss: 4.2046e-04 | time: 0.149
I 06.01/04:04:20 solver.py:136 ] Epoch: [337/400][80/400] lr: 6.13e-05 | MSE loss: 4.1966e-04 | time: 0.148
I 06.01/04:04:23 solver.py:136 ] Epoch: [337/400][100/400] lr: 6.13e-05 | MSE loss: 4.1965e-04 | time: 0.149
I 06.01/04:04:26 solver.py:136 ] Epoch: [337/400][120/400] lr: 6.13e-05 | MSE loss: 4.1759e-04 | time: 0.150
I 06.01/04:04:29 solver.py:136 ] Epoch: [337/400][140/400] lr: 6.13e-05 | MSE loss: 4.1605e-04 | time: 0.150
I 06.01/04:04:32 solver.py:136 ] Epoch: [337/400][160/400] lr: 6.13e-05 | MSE loss: 4.1730e-04 | time: 0.150
I 06.01/04:04:34 solver.py:136 ] Epoch: [337/400][180/400] lr: 6.12e-05 | MSE loss: 4.1956e-04 | time: 0.148
I 06.01/04:04:37 solver.py:136 ] Epoch: [337/400][200/400] lr: 6.12e-05 | MSE loss: 4.2145e-04 | time: 0.148
I 06.01/04:04:40 solver.py:136 ] Epoch: [337/400][220/400] lr: 6.12e-05 | MSE loss: 4.2184e-04 | time: 0.146
I 06.01/04:04:43 solver.py:136 ] Epoch: [337/400][240/400] lr: 6.12e-05 | MSE loss: 4.2301e-04 | time: 0.145
I 06.01/04:04:46 solver.py:136 ] Epoch: [337/400][260/400] lr: 6.12e-05 | MSE loss: 4.2319e-04 | time: 0.146
I 06.01/04:04:49 solver.py:136 ] Epoch: [337/400][280/400] lr: 6.12e-05 | MSE loss: 4.2275e-04 | time: 0.146
I 06.01/04:04:52 solver.py:136 ] Epoch: [337/400][300/400] lr: 6.11e-05 | MSE loss: 4.2267e-04 | time: 0.147
I 06.01/04:04:54 solver.py:136 ] Epoch: [337/400][320/400] lr: 6.11e-05 | MSE loss: 4.2253e-04 | time: 0.146
I 06.01/04:04:57 solver.py:136 ] Epoch: [337/400][340/400] lr: 6.11e-05 | MSE loss: 4.2300e-04 | time: 0.144
I 06.01/04:05:00 solver.py:136 ] Epoch: [337/400][360/400] lr: 6.11e-05 | MSE loss: 4.2379e-04 | time: 0.144
I 06.01/04:05:05 solver.py:136 ] Epoch: [337/400][380/400] lr: 6.11e-05 | MSE loss: 4.2403e-04 | time: 0.151
I 06.01/04:05:08 solver.py:136 ] Epoch: [337/400][400/400] lr: 6.11e-05 | MSE loss: 4.2438e-04 | time: 0.150
I 06.01/04:05:08 solver.py:146 ] => Train  Loss: 4.2438e-04

I 06.01/04:05:13 solver.py:205 ] 
=! Best NMSE: -2.7827e+01 (epoch=330)

I 06.01/04:05:16 solver.py:136 ] Epoch: [338/400][20/400] lr: 6.10e-05 | MSE loss: 4.2541e-04 | time: 0.147
I 06.01/04:05:19 solver.py:136 ] Epoch: [338/400][40/400] lr: 6.10e-05 | MSE loss: 4.2538e-04 | time: 0.143
I 06.01/04:05:21 solver.py:136 ] Epoch: [338/400][60/400] lr: 6.10e-05 | MSE loss: 4.2987e-04 | time: 0.134
I 06.01/04:05:24 solver.py:136 ] Epoch: [338/400][80/400] lr: 6.10e-05 | MSE loss: 4.2791e-04 | time: 0.134
I 06.01/04:05:27 solver.py:136 ] Epoch: [338/400][100/400] lr: 6.10e-05 | MSE loss: 4.2586e-04 | time: 0.136
I 06.01/04:05:30 solver.py:136 ] Epoch: [338/400][120/400] lr: 6.09e-05 | MSE loss: 4.2517e-04 | time: 0.138
I 06.01/04:05:33 solver.py:136 ] Epoch: [338/400][140/400] lr: 6.09e-05 | MSE loss: 4.2413e-04 | time: 0.139
I 06.01/04:05:35 solver.py:136 ] Epoch: [338/400][160/400] lr: 6.09e-05 | MSE loss: 4.2275e-04 | time: 0.139
I 06.01/04:05:38 solver.py:136 ] Epoch: [338/400][180/400] lr: 6.09e-05 | MSE loss: 4.2430e-04 | time: 0.139
I 06.01/04:05:40 solver.py:136 ] Epoch: [338/400][200/400] lr: 6.09e-05 | MSE loss: 4.2233e-04 | time: 0.137
I 06.01/04:05:43 solver.py:136 ] Epoch: [338/400][220/400] lr: 6.09e-05 | MSE loss: 4.1936e-04 | time: 0.136
I 06.01/04:05:46 solver.py:136 ] Epoch: [338/400][240/400] lr: 6.08e-05 | MSE loss: 4.1939e-04 | time: 0.138
I 06.01/04:05:49 solver.py:136 ] Epoch: [338/400][260/400] lr: 6.08e-05 | MSE loss: 4.1865e-04 | time: 0.139
I 06.01/04:05:52 solver.py:136 ] Epoch: [338/400][280/400] lr: 6.08e-05 | MSE loss: 4.1862e-04 | time: 0.140
I 06.01/04:05:55 solver.py:136 ] Epoch: [338/400][300/400] lr: 6.08e-05 | MSE loss: 4.1996e-04 | time: 0.139
I 06.01/04:05:57 solver.py:136 ] Epoch: [338/400][320/400] lr: 6.08e-05 | MSE loss: 4.2022e-04 | time: 0.137
I 06.01/04:06:00 solver.py:136 ] Epoch: [338/400][340/400] lr: 6.08e-05 | MSE loss: 4.2059e-04 | time: 0.138
I 06.01/04:06:05 solver.py:136 ] Epoch: [338/400][360/400] lr: 6.07e-05 | MSE loss: 4.1993e-04 | time: 0.144
I 06.01/04:06:08 solver.py:136 ] Epoch: [338/400][380/400] lr: 6.07e-05 | MSE loss: 4.2014e-04 | time: 0.144
I 06.01/04:06:11 solver.py:136 ] Epoch: [338/400][400/400] lr: 6.07e-05 | MSE loss: 4.1951e-04 | time: 0.144
I 06.01/04:06:11 solver.py:146 ] => Train  Loss: 4.1951e-04

I 06.01/04:06:14 solver.py:205 ] 
=! Best NMSE: -2.7827e+01 (epoch=330)

I 06.01/04:06:18 solver.py:136 ] Epoch: [339/400][20/400] lr: 6.07e-05 | MSE loss: 4.1908e-04 | time: 0.169
I 06.01/04:06:20 solver.py:136 ] Epoch: [339/400][40/400] lr: 6.07e-05 | MSE loss: 4.2164e-04 | time: 0.142
I 06.01/04:06:22 solver.py:136 ] Epoch: [339/400][60/400] lr: 6.07e-05 | MSE loss: 4.2269e-04 | time: 0.136
I 06.01/04:06:25 solver.py:136 ] Epoch: [339/400][80/400] lr: 6.06e-05 | MSE loss: 4.1927e-04 | time: 0.138
I 06.01/04:06:28 solver.py:136 ] Epoch: [339/400][100/400] lr: 6.06e-05 | MSE loss: 4.1704e-04 | time: 0.138
I 06.01/04:06:31 solver.py:136 ] Epoch: [339/400][120/400] lr: 6.06e-05 | MSE loss: 4.1592e-04 | time: 0.140
I 06.01/04:06:34 solver.py:136 ] Epoch: [339/400][140/400] lr: 6.06e-05 | MSE loss: 4.1636e-04 | time: 0.142
I 06.01/04:06:37 solver.py:136 ] Epoch: [339/400][160/400] lr: 6.06e-05 | MSE loss: 4.1680e-04 | time: 0.143
I 06.01/04:06:40 solver.py:136 ] Epoch: [339/400][180/400] lr: 6.06e-05 | MSE loss: 4.1740e-04 | time: 0.142
I 06.01/04:06:42 solver.py:136 ] Epoch: [339/400][200/400] lr: 6.05e-05 | MSE loss: 4.1900e-04 | time: 0.140
I 06.01/04:06:45 solver.py:136 ] Epoch: [339/400][220/400] lr: 6.05e-05 | MSE loss: 4.1929e-04 | time: 0.140
I 06.01/04:06:48 solver.py:136 ] Epoch: [339/400][240/400] lr: 6.05e-05 | MSE loss: 4.2118e-04 | time: 0.140
I 06.01/04:06:51 solver.py:136 ] Epoch: [339/400][260/400] lr: 6.05e-05 | MSE loss: 4.2062e-04 | time: 0.140
I 06.01/04:06:53 solver.py:136 ] Epoch: [339/400][280/400] lr: 6.05e-05 | MSE loss: 4.2048e-04 | time: 0.140
I 06.01/04:06:56 solver.py:136 ] Epoch: [339/400][300/400] lr: 6.05e-05 | MSE loss: 4.2065e-04 | time: 0.138
I 06.01/04:06:58 solver.py:136 ] Epoch: [339/400][320/400] lr: 6.04e-05 | MSE loss: 4.1991e-04 | time: 0.138
I 06.01/04:07:02 solver.py:136 ] Epoch: [339/400][340/400] lr: 6.04e-05 | MSE loss: 4.2037e-04 | time: 0.139
I 06.01/04:07:06 solver.py:136 ] Epoch: [339/400][360/400] lr: 6.04e-05 | MSE loss: 4.2031e-04 | time: 0.144
I 06.01/04:07:09 solver.py:136 ] Epoch: [339/400][380/400] lr: 6.04e-05 | MSE loss: 4.2050e-04 | time: 0.143
I 06.01/04:07:12 solver.py:136 ] Epoch: [339/400][400/400] lr: 6.04e-05 | MSE loss: 4.2043e-04 | time: 0.144
I 06.01/04:07:12 solver.py:146 ] => Train  Loss: 4.2043e-04

I 06.01/04:07:16 solver.py:205 ] 
=! Best NMSE: -2.7827e+01 (epoch=330)

I 06.01/04:07:19 solver.py:136 ] Epoch: [340/400][20/400] lr: 6.04e-05 | MSE loss: 4.0374e-04 | time: 0.147
I 06.01/04:07:22 solver.py:136 ] Epoch: [340/400][40/400] lr: 6.03e-05 | MSE loss: 4.1077e-04 | time: 0.140
I 06.01/04:07:25 solver.py:136 ] Epoch: [340/400][60/400] lr: 6.03e-05 | MSE loss: 4.0831e-04 | time: 0.140
I 06.01/04:07:27 solver.py:136 ] Epoch: [340/400][80/400] lr: 6.03e-05 | MSE loss: 4.1199e-04 | time: 0.140
I 06.01/04:07:30 solver.py:136 ] Epoch: [340/400][100/400] lr: 6.03e-05 | MSE loss: 4.1228e-04 | time: 0.141
I 06.01/04:07:33 solver.py:136 ] Epoch: [340/400][120/400] lr: 6.03e-05 | MSE loss: 4.1158e-04 | time: 0.142
I 06.01/04:07:36 solver.py:136 ] Epoch: [340/400][140/400] lr: 6.03e-05 | MSE loss: 4.1252e-04 | time: 0.143
I 06.01/04:07:40 solver.py:136 ] Epoch: [340/400][160/400] lr: 6.02e-05 | MSE loss: 4.1239e-04 | time: 0.146
I 06.01/04:07:42 solver.py:136 ] Epoch: [340/400][180/400] lr: 6.02e-05 | MSE loss: 4.1236e-04 | time: 0.144
I 06.01/04:07:45 solver.py:136 ] Epoch: [340/400][200/400] lr: 6.02e-05 | MSE loss: 4.1219e-04 | time: 0.142
I 06.01/04:07:48 solver.py:136 ] Epoch: [340/400][220/400] lr: 6.02e-05 | MSE loss: 4.1279e-04 | time: 0.143
I 06.01/04:07:51 solver.py:136 ] Epoch: [340/400][240/400] lr: 6.02e-05 | MSE loss: 4.1272e-04 | time: 0.143
I 06.01/04:07:54 solver.py:136 ] Epoch: [340/400][260/400] lr: 6.02e-05 | MSE loss: 4.1324e-04 | time: 0.144
I 06.01/04:07:57 solver.py:136 ] Epoch: [340/400][280/400] lr: 6.01e-05 | MSE loss: 4.1377e-04 | time: 0.145
I 06.01/04:08:00 solver.py:136 ] Epoch: [340/400][300/400] lr: 6.01e-05 | MSE loss: 4.1483e-04 | time: 0.145
I 06.01/04:08:05 solver.py:136 ] Epoch: [340/400][320/400] lr: 6.01e-05 | MSE loss: 4.1568e-04 | time: 0.151
I 06.01/04:08:08 solver.py:136 ] Epoch: [340/400][340/400] lr: 6.01e-05 | MSE loss: 4.1687e-04 | time: 0.152
I 06.01/04:08:11 solver.py:136 ] Epoch: [340/400][360/400] lr: 6.01e-05 | MSE loss: 4.1812e-04 | time: 0.152
I 06.01/04:08:13 solver.py:136 ] Epoch: [340/400][380/400] lr: 6.01e-05 | MSE loss: 4.1826e-04 | time: 0.150
I 06.01/04:08:16 solver.py:136 ] Epoch: [340/400][400/400] lr: 6.00e-05 | MSE loss: 4.1885e-04 | time: 0.149
I 06.01/04:08:16 solver.py:146 ] => Train  Loss: 4.1885e-04

I 06.01/04:08:19 solver.py:136 ] Epoch: [340/400][20/50] lr: 6.00e-05 | MSE loss: 7.9348e-04 | time: 0.117
I 06.01/04:08:21 solver.py:136 ] Epoch: [340/400][40/50] lr: 6.00e-05 | MSE loss: 8.1362e-04 | time: 0.106
I 06.01/04:08:21 solver.py:146 ] => Val  Loss: 8.0561e-04

I 06.01/04:08:24 solver.py:287 ] [20/50] loss: 8.3127e-04 | NMSE: -2.7841e+01 | time: 0.131
I 06.01/04:08:26 solver.py:287 ] [40/50] loss: 8.3347e-04 | NMSE: -2.7847e+01 | time: 0.123
I 06.01/04:08:28 solver.py:291 ] => Test NMSE: -2.7818e+01

I 06.01/04:08:31 solver.py:205 ] 
=! Best NMSE: -2.7827e+01 (epoch=330)

I 06.01/04:08:35 solver.py:136 ] Epoch: [341/400][20/400] lr: 6.00e-05 | MSE loss: 4.2891e-04 | time: 0.177
I 06.01/04:08:38 solver.py:136 ] Epoch: [341/400][40/400] lr: 6.00e-05 | MSE loss: 4.2205e-04 | time: 0.156
I 06.01/04:08:41 solver.py:136 ] Epoch: [341/400][60/400] lr: 6.00e-05 | MSE loss: 4.1661e-04 | time: 0.156
I 06.01/04:08:44 solver.py:136 ] Epoch: [341/400][80/400] lr: 6.00e-05 | MSE loss: 4.1544e-04 | time: 0.152
I 06.01/04:08:46 solver.py:136 ] Epoch: [341/400][100/400] lr: 6.00e-05 | MSE loss: 4.1518e-04 | time: 0.149
I 06.01/04:08:49 solver.py:136 ] Epoch: [341/400][120/400] lr: 6.00e-05 | MSE loss: 4.1889e-04 | time: 0.148
I 06.01/04:08:52 solver.py:136 ] Epoch: [341/400][140/400] lr: 5.99e-05 | MSE loss: 4.1739e-04 | time: 0.147
I 06.01/04:08:55 solver.py:136 ] Epoch: [341/400][160/400] lr: 5.99e-05 | MSE loss: 4.1718e-04 | time: 0.148
I 06.01/04:08:58 solver.py:136 ] Epoch: [341/400][180/400] lr: 5.99e-05 | MSE loss: 4.1839e-04 | time: 0.146
I 06.01/04:09:00 solver.py:136 ] Epoch: [341/400][200/400] lr: 5.99e-05 | MSE loss: 4.1630e-04 | time: 0.145
I 06.01/04:09:05 solver.py:136 ] Epoch: [341/400][220/400] lr: 5.99e-05 | MSE loss: 4.1555e-04 | time: 0.154
I 06.01/04:09:08 solver.py:136 ] Epoch: [341/400][240/400] lr: 5.99e-05 | MSE loss: 4.1609e-04 | time: 0.152
I 06.01/04:09:11 solver.py:136 ] Epoch: [341/400][260/400] lr: 5.98e-05 | MSE loss: 4.1712e-04 | time: 0.154
I 06.01/04:09:14 solver.py:136 ] Epoch: [341/400][280/400] lr: 5.98e-05 | MSE loss: 4.1796e-04 | time: 0.153
I 06.01/04:09:17 solver.py:136 ] Epoch: [341/400][300/400] lr: 5.98e-05 | MSE loss: 4.1752e-04 | time: 0.154
I 06.01/04:09:20 solver.py:136 ] Epoch: [341/400][320/400] lr: 5.98e-05 | MSE loss: 4.1716e-04 | time: 0.152
I 06.01/04:09:23 solver.py:136 ] Epoch: [341/400][340/400] lr: 5.98e-05 | MSE loss: 4.1741e-04 | time: 0.151
I 06.01/04:09:25 solver.py:136 ] Epoch: [341/400][360/400] lr: 5.98e-05 | MSE loss: 4.1755e-04 | time: 0.149
I 06.01/04:09:28 solver.py:136 ] Epoch: [341/400][380/400] lr: 5.97e-05 | MSE loss: 4.1744e-04 | time: 0.148
I 06.01/04:09:30 solver.py:136 ] Epoch: [341/400][400/400] lr: 5.97e-05 | MSE loss: 4.1737e-04 | time: 0.148
I 06.01/04:09:30 solver.py:146 ] => Train  Loss: 4.1737e-04

I 06.01/04:09:35 solver.py:205 ] 
=! Best NMSE: -2.7827e+01 (epoch=330)

I 06.01/04:09:38 solver.py:136 ] Epoch: [342/400][20/400] lr: 5.97e-05 | MSE loss: 4.3261e-04 | time: 0.167
I 06.01/04:09:41 solver.py:136 ] Epoch: [342/400][40/400] lr: 5.97e-05 | MSE loss: 4.3171e-04 | time: 0.161
I 06.01/04:09:44 solver.py:136 ] Epoch: [342/400][60/400] lr: 5.97e-05 | MSE loss: 4.2538e-04 | time: 0.153
I 06.01/04:09:47 solver.py:136 ] Epoch: [342/400][80/400] lr: 5.97e-05 | MSE loss: 4.2110e-04 | time: 0.155
I 06.01/04:09:50 solver.py:136 ] Epoch: [342/400][100/400] lr: 5.96e-05 | MSE loss: 4.2241e-04 | time: 0.152
I 06.01/04:09:53 solver.py:136 ] Epoch: [342/400][120/400] lr: 5.96e-05 | MSE loss: 4.2103e-04 | time: 0.151
I 06.01/04:09:56 solver.py:136 ] Epoch: [342/400][140/400] lr: 5.96e-05 | MSE loss: 4.2228e-04 | time: 0.153
I 06.01/04:09:59 solver.py:136 ] Epoch: [342/400][160/400] lr: 5.96e-05 | MSE loss: 4.2298e-04 | time: 0.152
I 06.01/04:10:03 solver.py:136 ] Epoch: [342/400][180/400] lr: 5.96e-05 | MSE loss: 4.2355e-04 | time: 0.156
I 06.01/04:10:06 solver.py:136 ] Epoch: [342/400][200/400] lr: 5.96e-05 | MSE loss: 4.2179e-04 | time: 0.158
I 06.01/04:10:09 solver.py:136 ] Epoch: [342/400][220/400] lr: 5.95e-05 | MSE loss: 4.2105e-04 | time: 0.156
I 06.01/04:10:12 solver.py:136 ] Epoch: [342/400][240/400] lr: 5.95e-05 | MSE loss: 4.2001e-04 | time: 0.154
I 06.01/04:10:14 solver.py:136 ] Epoch: [342/400][260/400] lr: 5.95e-05 | MSE loss: 4.1993e-04 | time: 0.153
I 06.01/04:10:17 solver.py:136 ] Epoch: [342/400][280/400] lr: 5.95e-05 | MSE loss: 4.2000e-04 | time: 0.151
I 06.01/04:10:19 solver.py:136 ] Epoch: [342/400][300/400] lr: 5.95e-05 | MSE loss: 4.1933e-04 | time: 0.150
I 06.01/04:10:22 solver.py:136 ] Epoch: [342/400][320/400] lr: 5.95e-05 | MSE loss: 4.2080e-04 | time: 0.149
I 06.01/04:10:25 solver.py:136 ] Epoch: [342/400][340/400] lr: 5.95e-05 | MSE loss: 4.2045e-04 | time: 0.148
I 06.01/04:10:27 solver.py:136 ] Epoch: [342/400][360/400] lr: 5.94e-05 | MSE loss: 4.2019e-04 | time: 0.147
I 06.01/04:10:30 solver.py:136 ] Epoch: [342/400][380/400] lr: 5.94e-05 | MSE loss: 4.1939e-04 | time: 0.147
I 06.01/04:10:34 solver.py:136 ] Epoch: [342/400][400/400] lr: 5.94e-05 | MSE loss: 4.2008e-04 | time: 0.148
I 06.01/04:10:34 solver.py:146 ] => Train  Loss: 4.2008e-04

I 06.01/04:10:37 solver.py:205 ] 
=! Best NMSE: -2.7827e+01 (epoch=330)

I 06.01/04:10:40 solver.py:136 ] Epoch: [343/400][20/400] lr: 5.94e-05 | MSE loss: 4.0157e-04 | time: 0.154
I 06.01/04:10:43 solver.py:136 ] Epoch: [343/400][40/400] lr: 5.94e-05 | MSE loss: 4.0942e-04 | time: 0.147
I 06.01/04:10:46 solver.py:136 ] Epoch: [343/400][60/400] lr: 5.94e-05 | MSE loss: 4.0806e-04 | time: 0.146
I 06.01/04:10:49 solver.py:136 ] Epoch: [343/400][80/400] lr: 5.93e-05 | MSE loss: 4.1064e-04 | time: 0.149
I 06.01/04:10:53 solver.py:136 ] Epoch: [343/400][100/400] lr: 5.93e-05 | MSE loss: 4.1021e-04 | time: 0.153
I 06.01/04:10:56 solver.py:136 ] Epoch: [343/400][120/400] lr: 5.93e-05 | MSE loss: 4.1126e-04 | time: 0.151
I 06.01/04:10:59 solver.py:136 ] Epoch: [343/400][140/400] lr: 5.93e-05 | MSE loss: 4.1317e-04 | time: 0.151
I 06.01/04:11:03 solver.py:136 ] Epoch: [343/400][160/400] lr: 5.93e-05 | MSE loss: 4.1422e-04 | time: 0.160
I 06.01/04:11:07 solver.py:136 ] Epoch: [343/400][180/400] lr: 5.93e-05 | MSE loss: 4.1447e-04 | time: 0.162
I 06.01/04:11:09 solver.py:136 ] Epoch: [343/400][200/400] lr: 5.92e-05 | MSE loss: 4.1594e-04 | time: 0.159
I 06.01/04:11:12 solver.py:136 ] Epoch: [343/400][220/400] lr: 5.92e-05 | MSE loss: 4.1554e-04 | time: 0.156
I 06.01/04:11:14 solver.py:136 ] Epoch: [343/400][240/400] lr: 5.92e-05 | MSE loss: 4.1725e-04 | time: 0.155
I 06.01/04:11:17 solver.py:136 ] Epoch: [343/400][260/400] lr: 5.92e-05 | MSE loss: 4.1593e-04 | time: 0.151
I 06.01/04:11:20 solver.py:136 ] Epoch: [343/400][280/400] lr: 5.92e-05 | MSE loss: 4.1489e-04 | time: 0.151
I 06.01/04:11:23 solver.py:136 ] Epoch: [343/400][300/400] lr: 5.92e-05 | MSE loss: 4.1530e-04 | time: 0.151
I 06.01/04:11:26 solver.py:136 ] Epoch: [343/400][320/400] lr: 5.92e-05 | MSE loss: 4.1535e-04 | time: 0.150
I 06.01/04:11:28 solver.py:136 ] Epoch: [343/400][340/400] lr: 5.91e-05 | MSE loss: 4.1458e-04 | time: 0.150
I 06.01/04:11:32 solver.py:136 ] Epoch: [343/400][360/400] lr: 5.91e-05 | MSE loss: 4.1491e-04 | time: 0.151
I 06.01/04:11:35 solver.py:136 ] Epoch: [343/400][380/400] lr: 5.91e-05 | MSE loss: 4.1574e-04 | time: 0.151
I 06.01/04:11:37 solver.py:136 ] Epoch: [343/400][400/400] lr: 5.91e-05 | MSE loss: 4.1560e-04 | time: 0.150
I 06.01/04:11:38 solver.py:146 ] => Train  Loss: 4.1560e-04

I 06.01/04:11:42 solver.py:205 ] 
=! Best NMSE: -2.7827e+01 (epoch=330)

I 06.01/04:11:45 solver.py:136 ] Epoch: [344/400][20/400] lr: 5.91e-05 | MSE loss: 4.2407e-04 | time: 0.163
I 06.01/04:11:48 solver.py:136 ] Epoch: [344/400][40/400] lr: 5.91e-05 | MSE loss: 4.1083e-04 | time: 0.156
I 06.01/04:11:51 solver.py:136 ] Epoch: [344/400][60/400] lr: 5.90e-05 | MSE loss: 4.0598e-04 | time: 0.155
I 06.01/04:11:54 solver.py:136 ] Epoch: [344/400][80/400] lr: 5.90e-05 | MSE loss: 4.0744e-04 | time: 0.150
I 06.01/04:11:57 solver.py:136 ] Epoch: [344/400][100/400] lr: 5.90e-05 | MSE loss: 4.0712e-04 | time: 0.147
I 06.01/04:12:00 solver.py:136 ] Epoch: [344/400][120/400] lr: 5.90e-05 | MSE loss: 4.0687e-04 | time: 0.147
I 06.01/04:12:04 solver.py:136 ] Epoch: [344/400][140/400] lr: 5.90e-05 | MSE loss: 4.0648e-04 | time: 0.159
I 06.01/04:12:07 solver.py:136 ] Epoch: [344/400][160/400] lr: 5.90e-05 | MSE loss: 4.0723e-04 | time: 0.157
I 06.01/04:12:10 solver.py:136 ] Epoch: [344/400][180/400] lr: 5.89e-05 | MSE loss: 4.0723e-04 | time: 0.155
I 06.01/04:12:13 solver.py:136 ] Epoch: [344/400][200/400] lr: 5.89e-05 | MSE loss: 4.0850e-04 | time: 0.153
I 06.01/04:12:15 solver.py:136 ] Epoch: [344/400][220/400] lr: 5.89e-05 | MSE loss: 4.0893e-04 | time: 0.150
I 06.01/04:12:17 solver.py:136 ] Epoch: [344/400][240/400] lr: 5.89e-05 | MSE loss: 4.0971e-04 | time: 0.148
I 06.01/04:12:20 solver.py:136 ] Epoch: [344/400][260/400] lr: 5.89e-05 | MSE loss: 4.1099e-04 | time: 0.147
I 06.01/04:12:23 solver.py:136 ] Epoch: [344/400][280/400] lr: 5.89e-05 | MSE loss: 4.1290e-04 | time: 0.146
I 06.01/04:12:25 solver.py:136 ] Epoch: [344/400][300/400] lr: 5.89e-05 | MSE loss: 4.1423e-04 | time: 0.144
I 06.01/04:12:28 solver.py:136 ] Epoch: [344/400][320/400] lr: 5.88e-05 | MSE loss: 4.1564e-04 | time: 0.143
I 06.01/04:12:31 solver.py:136 ] Epoch: [344/400][340/400] lr: 5.88e-05 | MSE loss: 4.1518e-04 | time: 0.143
I 06.01/04:12:33 solver.py:136 ] Epoch: [344/400][360/400] lr: 5.88e-05 | MSE loss: 4.1509e-04 | time: 0.143
I 06.01/04:12:36 solver.py:136 ] Epoch: [344/400][380/400] lr: 5.88e-05 | MSE loss: 4.1502e-04 | time: 0.143
I 06.01/04:12:39 solver.py:136 ] Epoch: [344/400][400/400] lr: 5.88e-05 | MSE loss: 4.1492e-04 | time: 0.143
I 06.01/04:12:39 solver.py:146 ] => Train  Loss: 4.1492e-04

I 06.01/04:12:44 solver.py:205 ] 
=! Best NMSE: -2.7827e+01 (epoch=330)

I 06.01/04:12:47 solver.py:136 ] Epoch: [345/400][20/400] lr: 5.88e-05 | MSE loss: 4.0155e-04 | time: 0.151
I 06.01/04:12:50 solver.py:136 ] Epoch: [345/400][40/400] lr: 5.87e-05 | MSE loss: 4.0189e-04 | time: 0.147
I 06.01/04:12:53 solver.py:136 ] Epoch: [345/400][60/400] lr: 5.87e-05 | MSE loss: 4.0303e-04 | time: 0.149
I 06.01/04:12:56 solver.py:136 ] Epoch: [345/400][80/400] lr: 5.87e-05 | MSE loss: 4.0193e-04 | time: 0.154
I 06.01/04:13:00 solver.py:136 ] Epoch: [345/400][100/400] lr: 5.87e-05 | MSE loss: 4.0119e-04 | time: 0.154
I 06.01/04:13:05 solver.py:136 ] Epoch: [345/400][120/400] lr: 5.87e-05 | MSE loss: 4.0242e-04 | time: 0.177
I 06.01/04:13:08 solver.py:136 ] Epoch: [345/400][140/400] lr: 5.87e-05 | MSE loss: 4.0426e-04 | time: 0.168
I 06.01/04:13:10 solver.py:136 ] Epoch: [345/400][160/400] lr: 5.87e-05 | MSE loss: 4.0543e-04 | time: 0.165
I 06.01/04:13:13 solver.py:136 ] Epoch: [345/400][180/400] lr: 5.86e-05 | MSE loss: 4.0671e-04 | time: 0.163
I 06.01/04:13:16 solver.py:136 ] Epoch: [345/400][200/400] lr: 5.86e-05 | MSE loss: 4.0736e-04 | time: 0.160
I 06.01/04:13:19 solver.py:136 ] Epoch: [345/400][220/400] lr: 5.86e-05 | MSE loss: 4.0831e-04 | time: 0.159
I 06.01/04:13:22 solver.py:136 ] Epoch: [345/400][240/400] lr: 5.86e-05 | MSE loss: 4.0991e-04 | time: 0.157
I 06.01/04:13:25 solver.py:136 ] Epoch: [345/400][260/400] lr: 5.86e-05 | MSE loss: 4.1046e-04 | time: 0.157
I 06.01/04:13:27 solver.py:136 ] Epoch: [345/400][280/400] lr: 5.86e-05 | MSE loss: 4.0994e-04 | time: 0.155
I 06.01/04:13:30 solver.py:136 ] Epoch: [345/400][300/400] lr: 5.85e-05 | MSE loss: 4.0995e-04 | time: 0.154
I 06.01/04:13:33 solver.py:136 ] Epoch: [345/400][320/400] lr: 5.85e-05 | MSE loss: 4.1039e-04 | time: 0.152
I 06.01/04:13:36 solver.py:136 ] Epoch: [345/400][340/400] lr: 5.85e-05 | MSE loss: 4.1055e-04 | time: 0.151
I 06.01/04:13:39 solver.py:136 ] Epoch: [345/400][360/400] lr: 5.85e-05 | MSE loss: 4.1205e-04 | time: 0.151
I 06.01/04:13:41 solver.py:136 ] Epoch: [345/400][380/400] lr: 5.85e-05 | MSE loss: 4.1230e-04 | time: 0.150
I 06.01/04:13:44 solver.py:136 ] Epoch: [345/400][400/400] lr: 5.85e-05 | MSE loss: 4.1312e-04 | time: 0.149
I 06.01/04:13:44 solver.py:146 ] => Train  Loss: 4.1312e-04

I 06.01/04:13:49 solver.py:205 ] 
=! Best NMSE: -2.7827e+01 (epoch=330)

I 06.01/04:13:52 solver.py:136 ] Epoch: [346/400][20/400] lr: 5.85e-05 | MSE loss: 3.9886e-04 | time: 0.147
I 06.01/04:13:55 solver.py:136 ] Epoch: [346/400][40/400] lr: 5.84e-05 | MSE loss: 4.0369e-04 | time: 0.154
I 06.01/04:13:58 solver.py:136 ] Epoch: [346/400][60/400] lr: 5.84e-05 | MSE loss: 4.0249e-04 | time: 0.151
I 06.01/04:14:01 solver.py:136 ] Epoch: [346/400][80/400] lr: 5.84e-05 | MSE loss: 4.0887e-04 | time: 0.155
I 06.01/04:14:06 solver.py:136 ] Epoch: [346/400][100/400] lr: 5.84e-05 | MSE loss: 4.1018e-04 | time: 0.173
I 06.01/04:14:09 solver.py:136 ] Epoch: [346/400][120/400] lr: 5.84e-05 | MSE loss: 4.1149e-04 | time: 0.168
I 06.01/04:14:12 solver.py:136 ] Epoch: [346/400][140/400] lr: 5.84e-05 | MSE loss: 4.0929e-04 | time: 0.162
I 06.01/04:14:14 solver.py:136 ] Epoch: [346/400][160/400] lr: 5.84e-05 | MSE loss: 4.0873e-04 | time: 0.160
I 06.01/04:14:17 solver.py:136 ] Epoch: [346/400][180/400] lr: 5.83e-05 | MSE loss: 4.0898e-04 | time: 0.158
I 06.01/04:14:20 solver.py:136 ] Epoch: [346/400][200/400] lr: 5.83e-05 | MSE loss: 4.0881e-04 | time: 0.155
I 06.01/04:14:22 solver.py:136 ] Epoch: [346/400][220/400] lr: 5.83e-05 | MSE loss: 4.0837e-04 | time: 0.152
I 06.01/04:14:25 solver.py:136 ] Epoch: [346/400][240/400] lr: 5.83e-05 | MSE loss: 4.0927e-04 | time: 0.151
I 06.01/04:14:28 solver.py:136 ] Epoch: [346/400][260/400] lr: 5.83e-05 | MSE loss: 4.1014e-04 | time: 0.149
I 06.01/04:14:30 solver.py:136 ] Epoch: [346/400][280/400] lr: 5.83e-05 | MSE loss: 4.1083e-04 | time: 0.148
I 06.01/04:14:33 solver.py:136 ] Epoch: [346/400][300/400] lr: 5.82e-05 | MSE loss: 4.1091e-04 | time: 0.147
I 06.01/04:14:36 solver.py:136 ] Epoch: [346/400][320/400] lr: 5.82e-05 | MSE loss: 4.1137e-04 | time: 0.147
I 06.01/04:14:39 solver.py:136 ] Epoch: [346/400][340/400] lr: 5.82e-05 | MSE loss: 4.1153e-04 | time: 0.146
I 06.01/04:14:41 solver.py:136 ] Epoch: [346/400][360/400] lr: 5.82e-05 | MSE loss: 4.1176e-04 | time: 0.146
I 06.01/04:14:44 solver.py:136 ] Epoch: [346/400][380/400] lr: 5.82e-05 | MSE loss: 4.1145e-04 | time: 0.146
I 06.01/04:14:47 solver.py:136 ] Epoch: [346/400][400/400] lr: 5.82e-05 | MSE loss: 4.1259e-04 | time: 0.145
I 06.01/04:14:47 solver.py:146 ] => Train  Loss: 4.1259e-04

I 06.01/04:14:50 solver.py:205 ] 
=! Best NMSE: -2.7827e+01 (epoch=330)

I 06.01/04:14:54 solver.py:136 ] Epoch: [347/400][20/400] lr: 5.82e-05 | MSE loss: 4.0517e-04 | time: 0.163
I 06.01/04:14:57 solver.py:136 ] Epoch: [347/400][40/400] lr: 5.81e-05 | MSE loss: 4.0780e-04 | time: 0.151
I 06.01/04:15:00 solver.py:136 ] Epoch: [347/400][60/400] lr: 5.81e-05 | MSE loss: 4.0836e-04 | time: 0.154
I 06.01/04:15:05 solver.py:136 ] Epoch: [347/400][80/400] lr: 5.81e-05 | MSE loss: 4.0846e-04 | time: 0.178
I 06.01/04:15:08 solver.py:136 ] Epoch: [347/400][100/400] lr: 5.81e-05 | MSE loss: 4.0681e-04 | time: 0.172
I 06.01/04:15:10 solver.py:136 ] Epoch: [347/400][120/400] lr: 5.81e-05 | MSE loss: 4.0634e-04 | time: 0.165
I 06.01/04:15:13 solver.py:136 ] Epoch: [347/400][140/400] lr: 5.81e-05 | MSE loss: 4.0465e-04 | time: 0.163
I 06.01/04:15:16 solver.py:136 ] Epoch: [347/400][160/400] lr: 5.81e-05 | MSE loss: 4.0762e-04 | time: 0.161
I 06.01/04:15:19 solver.py:136 ] Epoch: [347/400][180/400] lr: 5.80e-05 | MSE loss: 4.1092e-04 | time: 0.160
I 06.01/04:15:21 solver.py:136 ] Epoch: [347/400][200/400] lr: 5.80e-05 | MSE loss: 4.1342e-04 | time: 0.153
I 06.01/04:15:23 solver.py:136 ] Epoch: [347/400][220/400] lr: 5.80e-05 | MSE loss: 4.1293e-04 | time: 0.147
I 06.01/04:15:26 solver.py:136 ] Epoch: [347/400][240/400] lr: 5.80e-05 | MSE loss: 4.1248e-04 | time: 0.146
I 06.01/04:15:28 solver.py:136 ] Epoch: [347/400][260/400] lr: 5.80e-05 | MSE loss: 4.1391e-04 | time: 0.146
I 06.01/04:15:31 solver.py:136 ] Epoch: [347/400][280/400] lr: 5.80e-05 | MSE loss: 4.1319e-04 | time: 0.144
I 06.01/04:15:34 solver.py:136 ] Epoch: [347/400][300/400] lr: 5.80e-05 | MSE loss: 4.1367e-04 | time: 0.144
I 06.01/04:15:37 solver.py:136 ] Epoch: [347/400][320/400] lr: 5.79e-05 | MSE loss: 4.1243e-04 | time: 0.144
I 06.01/04:15:40 solver.py:136 ] Epoch: [347/400][340/400] lr: 5.79e-05 | MSE loss: 4.1214e-04 | time: 0.144
I 06.01/04:15:43 solver.py:136 ] Epoch: [347/400][360/400] lr: 5.79e-05 | MSE loss: 4.1183e-04 | time: 0.145
I 06.01/04:15:46 solver.py:136 ] Epoch: [347/400][380/400] lr: 5.79e-05 | MSE loss: 4.1171e-04 | time: 0.145
I 06.01/04:15:49 solver.py:136 ] Epoch: [347/400][400/400] lr: 5.79e-05 | MSE loss: 4.1158e-04 | time: 0.145
I 06.01/04:15:49 solver.py:146 ] => Train  Loss: 4.1158e-04

I 06.01/04:15:55 solver.py:205 ] 
=! Best NMSE: -2.7827e+01 (epoch=330)

I 06.01/04:15:58 solver.py:136 ] Epoch: [348/400][20/400] lr: 5.79e-05 | MSE loss: 4.0103e-04 | time: 0.166
I 06.01/04:16:02 solver.py:136 ] Epoch: [348/400][40/400] lr: 5.79e-05 | MSE loss: 4.0461e-04 | time: 0.176
I 06.01/04:16:06 solver.py:136 ] Epoch: [348/400][60/400] lr: 5.78e-05 | MSE loss: 4.1112e-04 | time: 0.182
I 06.01/04:16:08 solver.py:136 ] Epoch: [348/400][80/400] lr: 5.78e-05 | MSE loss: 4.0990e-04 | time: 0.168
I 06.01/04:16:12 solver.py:136 ] Epoch: [348/400][100/400] lr: 5.78e-05 | MSE loss: 4.0922e-04 | time: 0.165
I 06.01/04:16:14 solver.py:136 ] Epoch: [348/400][120/400] lr: 5.78e-05 | MSE loss: 4.0747e-04 | time: 0.161
I 06.01/04:16:17 solver.py:136 ] Epoch: [348/400][140/400] lr: 5.78e-05 | MSE loss: 4.0489e-04 | time: 0.158
I 06.01/04:16:20 solver.py:136 ] Epoch: [348/400][160/400] lr: 5.78e-05 | MSE loss: 4.0656e-04 | time: 0.157
I 06.01/04:16:22 solver.py:136 ] Epoch: [348/400][180/400] lr: 5.77e-05 | MSE loss: 4.0633e-04 | time: 0.151
I 06.01/04:16:25 solver.py:136 ] Epoch: [348/400][200/400] lr: 5.77e-05 | MSE loss: 4.0759e-04 | time: 0.148
I 06.01/04:16:28 solver.py:136 ] Epoch: [348/400][220/400] lr: 5.77e-05 | MSE loss: 4.0943e-04 | time: 0.148
I 06.01/04:16:30 solver.py:136 ] Epoch: [348/400][240/400] lr: 5.77e-05 | MSE loss: 4.0965e-04 | time: 0.147
I 06.01/04:16:33 solver.py:136 ] Epoch: [348/400][260/400] lr: 5.77e-05 | MSE loss: 4.1057e-04 | time: 0.145
I 06.01/04:16:36 solver.py:136 ] Epoch: [348/400][280/400] lr: 5.77e-05 | MSE loss: 4.1206e-04 | time: 0.145
I 06.01/04:16:39 solver.py:136 ] Epoch: [348/400][300/400] lr: 5.77e-05 | MSE loss: 4.1266e-04 | time: 0.145
I 06.01/04:16:41 solver.py:136 ] Epoch: [348/400][320/400] lr: 5.76e-05 | MSE loss: 4.1203e-04 | time: 0.145
I 06.01/04:16:44 solver.py:136 ] Epoch: [348/400][340/400] lr: 5.76e-05 | MSE loss: 4.1254e-04 | time: 0.145
I 06.01/04:16:47 solver.py:136 ] Epoch: [348/400][360/400] lr: 5.76e-05 | MSE loss: 4.1287e-04 | time: 0.145
I 06.01/04:16:50 solver.py:136 ] Epoch: [348/400][380/400] lr: 5.76e-05 | MSE loss: 4.1234e-04 | time: 0.145
I 06.01/04:16:53 solver.py:136 ] Epoch: [348/400][400/400] lr: 5.76e-05 | MSE loss: 4.1238e-04 | time: 0.144
I 06.01/04:16:53 solver.py:146 ] => Train  Loss: 4.1238e-04

I 06.01/04:16:55 solver.py:205 ] 
=! Best NMSE: -2.7827e+01 (epoch=330)

I 06.01/04:16:58 solver.py:136 ] Epoch: [349/400][20/400] lr: 5.76e-05 | MSE loss: 4.0265e-04 | time: 0.148
I 06.01/04:17:02 solver.py:136 ] Epoch: [349/400][40/400] lr: 5.76e-05 | MSE loss: 3.9936e-04 | time: 0.170
I 06.01/04:17:06 solver.py:136 ] Epoch: [349/400][60/400] lr: 5.75e-05 | MSE loss: 4.0163e-04 | time: 0.177
I 06.01/04:17:09 solver.py:136 ] Epoch: [349/400][80/400] lr: 5.75e-05 | MSE loss: 4.0611e-04 | time: 0.166
I 06.01/04:17:11 solver.py:136 ] Epoch: [349/400][100/400] lr: 5.75e-05 | MSE loss: 4.0746e-04 | time: 0.158
I 06.01/04:17:14 solver.py:136 ] Epoch: [349/400][120/400] lr: 5.75e-05 | MSE loss: 4.0804e-04 | time: 0.156
I 06.01/04:17:17 solver.py:136 ] Epoch: [349/400][140/400] lr: 5.75e-05 | MSE loss: 4.0835e-04 | time: 0.154
I 06.01/04:17:20 solver.py:136 ] Epoch: [349/400][160/400] lr: 5.75e-05 | MSE loss: 4.0728e-04 | time: 0.151
I 06.01/04:17:22 solver.py:136 ] Epoch: [349/400][180/400] lr: 5.75e-05 | MSE loss: 4.0756e-04 | time: 0.150
I 06.01/04:17:25 solver.py:136 ] Epoch: [349/400][200/400] lr: 5.74e-05 | MSE loss: 4.0774e-04 | time: 0.146
I 06.01/04:17:27 solver.py:136 ] Epoch: [349/400][220/400] lr: 5.74e-05 | MSE loss: 4.0824e-04 | time: 0.143
I 06.01/04:17:30 solver.py:136 ] Epoch: [349/400][240/400] lr: 5.74e-05 | MSE loss: 4.0839e-04 | time: 0.143
I 06.01/04:17:33 solver.py:136 ] Epoch: [349/400][260/400] lr: 5.74e-05 | MSE loss: 4.0984e-04 | time: 0.143
I 06.01/04:17:35 solver.py:136 ] Epoch: [349/400][280/400] lr: 5.74e-05 | MSE loss: 4.0980e-04 | time: 0.142
I 06.01/04:17:38 solver.py:136 ] Epoch: [349/400][300/400] lr: 5.74e-05 | MSE loss: 4.0969e-04 | time: 0.142
I 06.01/04:17:41 solver.py:136 ] Epoch: [349/400][320/400] lr: 5.74e-05 | MSE loss: 4.0877e-04 | time: 0.143
I 06.01/04:17:45 solver.py:136 ] Epoch: [349/400][340/400] lr: 5.73e-05 | MSE loss: 4.0879e-04 | time: 0.144
I 06.01/04:17:47 solver.py:136 ] Epoch: [349/400][360/400] lr: 5.73e-05 | MSE loss: 4.0905e-04 | time: 0.144
I 06.01/04:17:50 solver.py:136 ] Epoch: [349/400][380/400] lr: 5.73e-05 | MSE loss: 4.0919e-04 | time: 0.144
I 06.01/04:17:54 solver.py:136 ] Epoch: [349/400][400/400] lr: 5.73e-05 | MSE loss: 4.1004e-04 | time: 0.145
I 06.01/04:17:54 solver.py:146 ] => Train  Loss: 4.1004e-04

I 06.01/04:17:58 solver.py:205 ] 
=! Best NMSE: -2.7827e+01 (epoch=330)

I 06.01/04:18:02 solver.py:136 ] Epoch: [350/400][20/400] lr: 5.73e-05 | MSE loss: 4.1777e-04 | time: 0.198
I 06.01/04:18:06 solver.py:136 ] Epoch: [350/400][40/400] lr: 5.73e-05 | MSE loss: 4.1346e-04 | time: 0.206
I 06.01/04:18:09 solver.py:136 ] Epoch: [350/400][60/400] lr: 5.73e-05 | MSE loss: 4.1345e-04 | time: 0.186
I 06.01/04:18:12 solver.py:136 ] Epoch: [350/400][80/400] lr: 5.72e-05 | MSE loss: 4.1179e-04 | time: 0.173
I 06.01/04:18:15 solver.py:136 ] Epoch: [350/400][100/400] lr: 5.72e-05 | MSE loss: 4.1222e-04 | time: 0.168
I 06.01/04:18:17 solver.py:136 ] Epoch: [350/400][120/400] lr: 5.72e-05 | MSE loss: 4.1045e-04 | time: 0.159
I 06.01/04:18:20 solver.py:136 ] Epoch: [350/400][140/400] lr: 5.72e-05 | MSE loss: 4.1062e-04 | time: 0.156
I 06.01/04:18:23 solver.py:136 ] Epoch: [350/400][160/400] lr: 5.72e-05 | MSE loss: 4.1419e-04 | time: 0.154
I 06.01/04:18:26 solver.py:136 ] Epoch: [350/400][180/400] lr: 5.72e-05 | MSE loss: 4.1255e-04 | time: 0.152
I 06.01/04:18:28 solver.py:136 ] Epoch: [350/400][200/400] lr: 5.72e-05 | MSE loss: 4.1418e-04 | time: 0.149
I 06.01/04:18:30 solver.py:136 ] Epoch: [350/400][220/400] lr: 5.72e-05 | MSE loss: 4.1402e-04 | time: 0.145
I 06.01/04:18:33 solver.py:136 ] Epoch: [350/400][240/400] lr: 5.71e-05 | MSE loss: 4.1246e-04 | time: 0.145
I 06.01/04:18:36 solver.py:136 ] Epoch: [350/400][260/400] lr: 5.71e-05 | MSE loss: 4.1094e-04 | time: 0.145
I 06.01/04:18:39 solver.py:136 ] Epoch: [350/400][280/400] lr: 5.71e-05 | MSE loss: 4.1118e-04 | time: 0.145
I 06.01/04:18:42 solver.py:136 ] Epoch: [350/400][300/400] lr: 5.71e-05 | MSE loss: 4.1065e-04 | time: 0.145
I 06.01/04:18:45 solver.py:136 ] Epoch: [350/400][320/400] lr: 5.71e-05 | MSE loss: 4.1092e-04 | time: 0.146
I 06.01/04:18:48 solver.py:136 ] Epoch: [350/400][340/400] lr: 5.71e-05 | MSE loss: 4.0965e-04 | time: 0.146
I 06.01/04:18:50 solver.py:136 ] Epoch: [350/400][360/400] lr: 5.71e-05 | MSE loss: 4.0987e-04 | time: 0.145
I 06.01/04:18:53 solver.py:136 ] Epoch: [350/400][380/400] lr: 5.70e-05 | MSE loss: 4.1002e-04 | time: 0.144
I 06.01/04:18:56 solver.py:136 ] Epoch: [350/400][400/400] lr: 5.70e-05 | MSE loss: 4.1042e-04 | time: 0.144
I 06.01/04:18:56 solver.py:146 ] => Train  Loss: 4.1042e-04

I 06.01/04:18:59 solver.py:136 ] Epoch: [350/400][20/50] lr: 5.70e-05 | MSE loss: 7.9173e-04 | time: 0.143
I 06.01/04:19:03 solver.py:136 ] Epoch: [350/400][40/50] lr: 5.70e-05 | MSE loss: 8.1454e-04 | time: 0.174
I 06.01/04:19:05 solver.py:146 ] => Val  Loss: 8.0640e-04

I 06.01/04:19:08 solver.py:287 ] [20/50] loss: 8.2986e-04 | NMSE: -2.7846e+01 | time: 0.150
I 06.01/04:19:11 solver.py:287 ] [40/50] loss: 8.3328e-04 | NMSE: -2.7847e+01 | time: 0.144
I 06.01/04:19:12 solver.py:291 ] => Test NMSE: -2.7821e+01

I 06.01/04:19:16 solver.py:205 ] 
=! Best NMSE: -2.7827e+01 (epoch=330)

I 06.01/04:19:20 solver.py:136 ] Epoch: [351/400][20/400] lr: 5.70e-05 | MSE loss: 4.1397e-04 | time: 0.176
I 06.01/04:19:23 solver.py:136 ] Epoch: [351/400][40/400] lr: 5.70e-05 | MSE loss: 4.0246e-04 | time: 0.168
I 06.01/04:19:26 solver.py:136 ] Epoch: [351/400][60/400] lr: 5.70e-05 | MSE loss: 4.0241e-04 | time: 0.163
I 06.01/04:19:29 solver.py:136 ] Epoch: [351/400][80/400] lr: 5.70e-05 | MSE loss: 4.0636e-04 | time: 0.155
I 06.01/04:19:31 solver.py:136 ] Epoch: [351/400][100/400] lr: 5.70e-05 | MSE loss: 4.0668e-04 | time: 0.150
I 06.01/04:19:34 solver.py:136 ] Epoch: [351/400][120/400] lr: 5.69e-05 | MSE loss: 4.0622e-04 | time: 0.149
I 06.01/04:19:37 solver.py:136 ] Epoch: [351/400][140/400] lr: 5.69e-05 | MSE loss: 4.0394e-04 | time: 0.152
I 06.01/04:19:40 solver.py:136 ] Epoch: [351/400][160/400] lr: 5.69e-05 | MSE loss: 4.0613e-04 | time: 0.152
I 06.01/04:19:43 solver.py:136 ] Epoch: [351/400][180/400] lr: 5.69e-05 | MSE loss: 4.0562e-04 | time: 0.151
I 06.01/04:19:46 solver.py:136 ] Epoch: [351/400][200/400] lr: 5.69e-05 | MSE loss: 4.0565e-04 | time: 0.149
I 06.01/04:19:48 solver.py:136 ] Epoch: [351/400][220/400] lr: 5.69e-05 | MSE loss: 4.0547e-04 | time: 0.144
I 06.01/04:19:50 solver.py:136 ] Epoch: [351/400][240/400] lr: 5.69e-05 | MSE loss: 4.0536e-04 | time: 0.141
I 06.01/04:19:52 solver.py:136 ] Epoch: [351/400][260/400] lr: 5.68e-05 | MSE loss: 4.0514e-04 | time: 0.137
I 06.01/04:19:54 solver.py:136 ] Epoch: [351/400][280/400] lr: 5.68e-05 | MSE loss: 4.0568e-04 | time: 0.134
I 06.01/04:19:55 solver.py:136 ] Epoch: [351/400][300/400] lr: 5.68e-05 | MSE loss: 4.0608e-04 | time: 0.131
I 06.01/04:19:58 solver.py:136 ] Epoch: [351/400][320/400] lr: 5.68e-05 | MSE loss: 4.0584e-04 | time: 0.129
I 06.01/04:20:00 solver.py:136 ] Epoch: [351/400][340/400] lr: 5.68e-05 | MSE loss: 4.0615e-04 | time: 0.128
I 06.01/04:20:04 solver.py:136 ] Epoch: [351/400][360/400] lr: 5.68e-05 | MSE loss: 4.0703e-04 | time: 0.133
I 06.01/04:20:06 solver.py:136 ] Epoch: [351/400][380/400] lr: 5.68e-05 | MSE loss: 4.0799e-04 | time: 0.132
I 06.01/04:20:08 solver.py:136 ] Epoch: [351/400][400/400] lr: 5.68e-05 | MSE loss: 4.0927e-04 | time: 0.130
I 06.01/04:20:08 solver.py:146 ] => Train  Loss: 4.0927e-04

I 06.01/04:20:11 solver.py:205 ] 
=! Best NMSE: -2.7827e+01 (epoch=330)

I 06.01/04:20:13 solver.py:136 ] Epoch: [352/400][20/400] lr: 5.67e-05 | MSE loss: 4.0439e-04 | time: 0.097
I 06.01/04:20:15 solver.py:136 ] Epoch: [352/400][40/400] lr: 5.67e-05 | MSE loss: 4.0430e-04 | time: 0.095
I 06.01/04:20:17 solver.py:136 ] Epoch: [352/400][60/400] lr: 5.67e-05 | MSE loss: 4.0645e-04 | time: 0.102
I 06.01/04:20:20 solver.py:136 ] Epoch: [352/400][80/400] lr: 5.67e-05 | MSE loss: 4.0948e-04 | time: 0.113
I 06.01/04:20:22 solver.py:136 ] Epoch: [352/400][100/400] lr: 5.67e-05 | MSE loss: 4.0986e-04 | time: 0.109
I 06.01/04:20:25 solver.py:136 ] Epoch: [352/400][120/400] lr: 5.67e-05 | MSE loss: 4.0893e-04 | time: 0.116
I 06.01/04:20:28 solver.py:136 ] Epoch: [352/400][140/400] lr: 5.67e-05 | MSE loss: 4.0885e-04 | time: 0.117
I 06.01/04:20:30 solver.py:136 ] Epoch: [352/400][160/400] lr: 5.66e-05 | MSE loss: 4.0981e-04 | time: 0.120
I 06.01/04:20:33 solver.py:136 ] Epoch: [352/400][180/400] lr: 5.66e-05 | MSE loss: 4.0938e-04 | time: 0.122
I 06.01/04:20:36 solver.py:136 ] Epoch: [352/400][200/400] lr: 5.66e-05 | MSE loss: 4.1030e-04 | time: 0.122
I 06.01/04:20:38 solver.py:136 ] Epoch: [352/400][220/400] lr: 5.66e-05 | MSE loss: 4.1021e-04 | time: 0.122
I 06.01/04:20:40 solver.py:136 ] Epoch: [352/400][240/400] lr: 5.66e-05 | MSE loss: 4.0910e-04 | time: 0.120
I 06.01/04:20:42 solver.py:136 ] Epoch: [352/400][260/400] lr: 5.66e-05 | MSE loss: 4.1030e-04 | time: 0.118
I 06.01/04:20:45 solver.py:136 ] Epoch: [352/400][280/400] lr: 5.66e-05 | MSE loss: 4.1079e-04 | time: 0.119
I 06.01/04:20:47 solver.py:136 ] Epoch: [352/400][300/400] lr: 5.66e-05 | MSE loss: 4.0967e-04 | time: 0.121
I 06.01/04:20:50 solver.py:136 ] Epoch: [352/400][320/400] lr: 5.65e-05 | MSE loss: 4.0922e-04 | time: 0.122
I 06.01/04:20:53 solver.py:136 ] Epoch: [352/400][340/400] lr: 5.65e-05 | MSE loss: 4.0800e-04 | time: 0.122
I 06.01/04:20:55 solver.py:136 ] Epoch: [352/400][360/400] lr: 5.65e-05 | MSE loss: 4.0859e-04 | time: 0.121
I 06.01/04:20:57 solver.py:136 ] Epoch: [352/400][380/400] lr: 5.65e-05 | MSE loss: 4.0898e-04 | time: 0.121
I 06.01/04:21:00 solver.py:136 ] Epoch: [352/400][400/400] lr: 5.65e-05 | MSE loss: 4.0913e-04 | time: 0.121
I 06.01/04:21:00 solver.py:146 ] => Train  Loss: 4.0913e-04

I 06.01/04:21:04 solver.py:205 ] 
=! Best NMSE: -2.7827e+01 (epoch=330)

I 06.01/04:21:08 solver.py:136 ] Epoch: [353/400][20/400] lr: 5.65e-05 | MSE loss: 3.8820e-04 | time: 0.159
I 06.01/04:21:10 solver.py:136 ] Epoch: [353/400][40/400] lr: 5.65e-05 | MSE loss: 3.9083e-04 | time: 0.140
I 06.01/04:21:12 solver.py:136 ] Epoch: [353/400][60/400] lr: 5.64e-05 | MSE loss: 3.9401e-04 | time: 0.133
I 06.01/04:21:15 solver.py:136 ] Epoch: [353/400][80/400] lr: 5.64e-05 | MSE loss: 3.9755e-04 | time: 0.128
I 06.01/04:21:18 solver.py:136 ] Epoch: [353/400][100/400] lr: 5.64e-05 | MSE loss: 3.9863e-04 | time: 0.131
I 06.01/04:21:20 solver.py:136 ] Epoch: [353/400][120/400] lr: 5.64e-05 | MSE loss: 3.9717e-04 | time: 0.131
I 06.01/04:21:22 solver.py:136 ] Epoch: [353/400][140/400] lr: 5.64e-05 | MSE loss: 4.0231e-04 | time: 0.128
I 06.01/04:21:25 solver.py:136 ] Epoch: [353/400][160/400] lr: 5.64e-05 | MSE loss: 4.0245e-04 | time: 0.127
I 06.01/04:21:27 solver.py:136 ] Epoch: [353/400][180/400] lr: 5.64e-05 | MSE loss: 4.0347e-04 | time: 0.128
I 06.01/04:21:30 solver.py:136 ] Epoch: [353/400][200/400] lr: 5.64e-05 | MSE loss: 4.0323e-04 | time: 0.127
I 06.01/04:21:32 solver.py:136 ] Epoch: [353/400][220/400] lr: 5.63e-05 | MSE loss: 4.0353e-04 | time: 0.125
I 06.01/04:21:35 solver.py:136 ] Epoch: [353/400][240/400] lr: 5.63e-05 | MSE loss: 4.0469e-04 | time: 0.125
I 06.01/04:21:36 solver.py:136 ] Epoch: [353/400][260/400] lr: 5.63e-05 | MSE loss: 4.0633e-04 | time: 0.122
I 06.01/04:21:39 solver.py:136 ] Epoch: [353/400][280/400] lr: 5.63e-05 | MSE loss: 4.0634e-04 | time: 0.122
I 06.01/04:21:41 solver.py:136 ] Epoch: [353/400][300/400] lr: 5.63e-05 | MSE loss: 4.0714e-04 | time: 0.122
I 06.01/04:21:44 solver.py:136 ] Epoch: [353/400][320/400] lr: 5.63e-05 | MSE loss: 4.0818e-04 | time: 0.122
I 06.01/04:21:46 solver.py:136 ] Epoch: [353/400][340/400] lr: 5.63e-05 | MSE loss: 4.0820e-04 | time: 0.123
I 06.01/04:21:49 solver.py:136 ] Epoch: [353/400][360/400] lr: 5.62e-05 | MSE loss: 4.0717e-04 | time: 0.123
I 06.01/04:21:51 solver.py:136 ] Epoch: [353/400][380/400] lr: 5.62e-05 | MSE loss: 4.0734e-04 | time: 0.123
I 06.01/04:21:54 solver.py:136 ] Epoch: [353/400][400/400] lr: 5.62e-05 | MSE loss: 4.0788e-04 | time: 0.124
I 06.01/04:21:54 solver.py:146 ] => Train  Loss: 4.0788e-04

I 06.01/04:21:58 solver.py:205 ] 
=! Best NMSE: -2.7827e+01 (epoch=330)

I 06.01/04:22:02 solver.py:136 ] Epoch: [354/400][20/400] lr: 5.62e-05 | MSE loss: 4.0081e-04 | time: 0.192
I 06.01/04:22:06 solver.py:136 ] Epoch: [354/400][40/400] lr: 5.62e-05 | MSE loss: 3.9321e-04 | time: 0.208
I 06.01/04:22:09 solver.py:136 ] Epoch: [354/400][60/400] lr: 5.62e-05 | MSE loss: 3.9836e-04 | time: 0.178
I 06.01/04:22:11 solver.py:136 ] Epoch: [354/400][80/400] lr: 5.62e-05 | MSE loss: 3.9886e-04 | time: 0.165
I 06.01/04:22:14 solver.py:136 ] Epoch: [354/400][100/400] lr: 5.62e-05 | MSE loss: 4.0375e-04 | time: 0.161
I 06.01/04:22:17 solver.py:136 ] Epoch: [354/400][120/400] lr: 5.61e-05 | MSE loss: 4.0302e-04 | time: 0.157
I 06.01/04:22:20 solver.py:136 ] Epoch: [354/400][140/400] lr: 5.61e-05 | MSE loss: 4.0458e-04 | time: 0.155
I 06.01/04:22:22 solver.py:136 ] Epoch: [354/400][160/400] lr: 5.61e-05 | MSE loss: 4.0441e-04 | time: 0.152
I 06.01/04:22:24 solver.py:136 ] Epoch: [354/400][180/400] lr: 5.61e-05 | MSE loss: 4.0376e-04 | time: 0.146
I 06.01/04:22:27 solver.py:136 ] Epoch: [354/400][200/400] lr: 5.61e-05 | MSE loss: 4.0286e-04 | time: 0.144
I 06.01/04:22:30 solver.py:136 ] Epoch: [354/400][220/400] lr: 5.61e-05 | MSE loss: 4.0270e-04 | time: 0.144
I 06.01/04:22:32 solver.py:136 ] Epoch: [354/400][240/400] lr: 5.61e-05 | MSE loss: 4.0296e-04 | time: 0.140
I 06.01/04:22:33 solver.py:136 ] Epoch: [354/400][260/400] lr: 5.61e-05 | MSE loss: 4.0328e-04 | time: 0.135
I 06.01/04:22:35 solver.py:136 ] Epoch: [354/400][280/400] lr: 5.60e-05 | MSE loss: 4.0500e-04 | time: 0.133
I 06.01/04:22:38 solver.py:136 ] Epoch: [354/400][300/400] lr: 5.60e-05 | MSE loss: 4.0606e-04 | time: 0.134
I 06.01/04:22:41 solver.py:136 ] Epoch: [354/400][320/400] lr: 5.60e-05 | MSE loss: 4.0606e-04 | time: 0.133
I 06.01/04:22:43 solver.py:136 ] Epoch: [354/400][340/400] lr: 5.60e-05 | MSE loss: 4.0626e-04 | time: 0.133
I 06.01/04:22:46 solver.py:136 ] Epoch: [354/400][360/400] lr: 5.60e-05 | MSE loss: 4.0561e-04 | time: 0.133
I 06.01/04:22:49 solver.py:136 ] Epoch: [354/400][380/400] lr: 5.60e-05 | MSE loss: 4.0523e-04 | time: 0.134
I 06.01/04:22:51 solver.py:136 ] Epoch: [354/400][400/400] lr: 5.60e-05 | MSE loss: 4.0524e-04 | time: 0.133
I 06.01/04:22:51 solver.py:146 ] => Train  Loss: 4.0524e-04

I 06.01/04:22:55 solver.py:205 ] 
=! Best NMSE: -2.7827e+01 (epoch=330)

I 06.01/04:22:58 solver.py:136 ] Epoch: [355/400][20/400] lr: 5.59e-05 | MSE loss: 3.7823e-04 | time: 0.154
I 06.01/04:23:01 solver.py:136 ] Epoch: [355/400][40/400] lr: 5.59e-05 | MSE loss: 3.8490e-04 | time: 0.149
I 06.01/04:23:06 solver.py:136 ] Epoch: [355/400][60/400] lr: 5.59e-05 | MSE loss: 3.9475e-04 | time: 0.175
I 06.01/04:23:08 solver.py:136 ] Epoch: [355/400][80/400] lr: 5.59e-05 | MSE loss: 4.0068e-04 | time: 0.165
I 06.01/04:23:10 solver.py:136 ] Epoch: [355/400][100/400] lr: 5.59e-05 | MSE loss: 3.9908e-04 | time: 0.154
I 06.01/04:23:13 solver.py:136 ] Epoch: [355/400][120/400] lr: 5.59e-05 | MSE loss: 4.0018e-04 | time: 0.152
I 06.01/04:23:16 solver.py:136 ] Epoch: [355/400][140/400] lr: 5.59e-05 | MSE loss: 4.0129e-04 | time: 0.150
I 06.01/04:23:19 solver.py:136 ] Epoch: [355/400][160/400] lr: 5.59e-05 | MSE loss: 4.0182e-04 | time: 0.148
I 06.01/04:23:22 solver.py:136 ] Epoch: [355/400][180/400] lr: 5.58e-05 | MSE loss: 4.0145e-04 | time: 0.148
I 06.01/04:23:24 solver.py:136 ] Epoch: [355/400][200/400] lr: 5.58e-05 | MSE loss: 4.0318e-04 | time: 0.147
I 06.01/04:23:27 solver.py:136 ] Epoch: [355/400][220/400] lr: 5.58e-05 | MSE loss: 4.0431e-04 | time: 0.144
I 06.01/04:23:28 solver.py:136 ] Epoch: [355/400][240/400] lr: 5.58e-05 | MSE loss: 4.0364e-04 | time: 0.138
I 06.01/04:23:30 solver.py:136 ] Epoch: [355/400][260/400] lr: 5.58e-05 | MSE loss: 4.0389e-04 | time: 0.134
I 06.01/04:23:32 solver.py:136 ] Epoch: [355/400][280/400] lr: 5.58e-05 | MSE loss: 4.0441e-04 | time: 0.130
I 06.01/04:23:35 solver.py:136 ] Epoch: [355/400][300/400] lr: 5.58e-05 | MSE loss: 4.0426e-04 | time: 0.131
I 06.01/04:23:37 solver.py:136 ] Epoch: [355/400][320/400] lr: 5.58e-05 | MSE loss: 4.0505e-04 | time: 0.132
I 06.01/04:23:40 solver.py:136 ] Epoch: [355/400][340/400] lr: 5.57e-05 | MSE loss: 4.0526e-04 | time: 0.133
I 06.01/04:23:43 solver.py:136 ] Epoch: [355/400][360/400] lr: 5.57e-05 | MSE loss: 4.0476e-04 | time: 0.132
I 06.01/04:23:46 solver.py:136 ] Epoch: [355/400][380/400] lr: 5.57e-05 | MSE loss: 4.0525e-04 | time: 0.133
I 06.01/04:23:48 solver.py:136 ] Epoch: [355/400][400/400] lr: 5.57e-05 | MSE loss: 4.0508e-04 | time: 0.132
I 06.01/04:23:48 solver.py:146 ] => Train  Loss: 4.0508e-04

I 06.01/04:23:52 solver.py:205 ] 
=! Best NMSE: -2.7827e+01 (epoch=330)

I 06.01/04:23:55 solver.py:136 ] Epoch: [356/400][20/400] lr: 5.57e-05 | MSE loss: 4.1863e-04 | time: 0.144
I 06.01/04:23:57 solver.py:136 ] Epoch: [356/400][40/400] lr: 5.57e-05 | MSE loss: 4.0383e-04 | time: 0.139
I 06.01/04:24:00 solver.py:136 ] Epoch: [356/400][60/400] lr: 5.57e-05 | MSE loss: 4.0218e-04 | time: 0.143
I 06.01/04:24:06 solver.py:136 ] Epoch: [356/400][80/400] lr: 5.57e-05 | MSE loss: 4.0039e-04 | time: 0.173
I 06.01/04:24:08 solver.py:136 ] Epoch: [356/400][100/400] lr: 5.56e-05 | MSE loss: 4.0358e-04 | time: 0.162
I 06.01/04:24:11 solver.py:136 ] Epoch: [356/400][120/400] lr: 5.56e-05 | MSE loss: 4.0476e-04 | time: 0.158
I 06.01/04:24:13 solver.py:136 ] Epoch: [356/400][140/400] lr: 5.56e-05 | MSE loss: 4.0328e-04 | time: 0.153
I 06.01/04:24:15 solver.py:136 ] Epoch: [356/400][160/400] lr: 5.56e-05 | MSE loss: 4.0191e-04 | time: 0.148
I 06.01/04:24:18 solver.py:136 ] Epoch: [356/400][180/400] lr: 5.56e-05 | MSE loss: 4.0468e-04 | time: 0.147
I 06.01/04:24:20 solver.py:136 ] Epoch: [356/400][200/400] lr: 5.56e-05 | MSE loss: 4.0587e-04 | time: 0.142
I 06.01/04:24:22 solver.py:136 ] Epoch: [356/400][220/400] lr: 5.56e-05 | MSE loss: 4.0446e-04 | time: 0.138
I 06.01/04:24:24 solver.py:136 ] Epoch: [356/400][240/400] lr: 5.56e-05 | MSE loss: 4.0492e-04 | time: 0.134
I 06.01/04:24:25 solver.py:136 ] Epoch: [356/400][260/400] lr: 5.55e-05 | MSE loss: 4.0514e-04 | time: 0.129
I 06.01/04:24:27 solver.py:136 ] Epoch: [356/400][280/400] lr: 5.55e-05 | MSE loss: 4.0521e-04 | time: 0.125
I 06.01/04:24:29 solver.py:136 ] Epoch: [356/400][300/400] lr: 5.55e-05 | MSE loss: 4.0477e-04 | time: 0.123
I 06.01/04:24:30 solver.py:136 ] Epoch: [356/400][320/400] lr: 5.55e-05 | MSE loss: 4.0472e-04 | time: 0.121
I 06.01/04:24:32 solver.py:136 ] Epoch: [356/400][340/400] lr: 5.55e-05 | MSE loss: 4.0542e-04 | time: 0.119
I 06.01/04:24:34 solver.py:136 ] Epoch: [356/400][360/400] lr: 5.55e-05 | MSE loss: 4.0575e-04 | time: 0.117
I 06.01/04:24:36 solver.py:136 ] Epoch: [356/400][380/400] lr: 5.55e-05 | MSE loss: 4.0579e-04 | time: 0.116
I 06.01/04:24:38 solver.py:136 ] Epoch: [356/400][400/400] lr: 5.55e-05 | MSE loss: 4.0611e-04 | time: 0.115
I 06.01/04:24:38 solver.py:146 ] => Train  Loss: 4.0611e-04

I 06.01/04:24:40 solver.py:205 ] 
=! Best NMSE: -2.7827e+01 (epoch=330)

I 06.01/04:24:42 solver.py:136 ] Epoch: [357/400][20/400] lr: 5.54e-05 | MSE loss: 4.0642e-04 | time: 0.112
I 06.01/04:24:45 solver.py:136 ] Epoch: [357/400][40/400] lr: 5.54e-05 | MSE loss: 4.0073e-04 | time: 0.111
I 06.01/04:24:47 solver.py:136 ] Epoch: [357/400][60/400] lr: 5.54e-05 | MSE loss: 3.9832e-04 | time: 0.109
I 06.01/04:24:49 solver.py:136 ] Epoch: [357/400][80/400] lr: 5.54e-05 | MSE loss: 4.0055e-04 | time: 0.107
I 06.01/04:24:51 solver.py:136 ] Epoch: [357/400][100/400] lr: 5.54e-05 | MSE loss: 4.0533e-04 | time: 0.107
I 06.01/04:24:53 solver.py:136 ] Epoch: [357/400][120/400] lr: 5.54e-05 | MSE loss: 4.0775e-04 | time: 0.110
I 06.01/04:24:56 solver.py:136 ] Epoch: [357/400][140/400] lr: 5.54e-05 | MSE loss: 4.0614e-04 | time: 0.109
I 06.01/04:24:58 solver.py:136 ] Epoch: [357/400][160/400] lr: 5.54e-05 | MSE loss: 4.0452e-04 | time: 0.110
I 06.01/04:25:00 solver.py:136 ] Epoch: [357/400][180/400] lr: 5.54e-05 | MSE loss: 4.0467e-04 | time: 0.109
I 06.01/04:25:04 solver.py:136 ] Epoch: [357/400][200/400] lr: 5.53e-05 | MSE loss: 4.0348e-04 | time: 0.118
I 06.01/04:25:06 solver.py:136 ] Epoch: [357/400][220/400] lr: 5.53e-05 | MSE loss: 4.0403e-04 | time: 0.118
I 06.01/04:25:08 solver.py:136 ] Epoch: [357/400][240/400] lr: 5.53e-05 | MSE loss: 4.0381e-04 | time: 0.116
I 06.01/04:25:10 solver.py:136 ] Epoch: [357/400][260/400] lr: 5.53e-05 | MSE loss: 4.0368e-04 | time: 0.114
I 06.01/04:25:12 solver.py:136 ] Epoch: [357/400][280/400] lr: 5.53e-05 | MSE loss: 4.0421e-04 | time: 0.113
I 06.01/04:25:14 solver.py:136 ] Epoch: [357/400][300/400] lr: 5.53e-05 | MSE loss: 4.0525e-04 | time: 0.112
I 06.01/04:25:16 solver.py:136 ] Epoch: [357/400][320/400] lr: 5.53e-05 | MSE loss: 4.0559e-04 | time: 0.112
I 06.01/04:25:18 solver.py:136 ] Epoch: [357/400][340/400] lr: 5.53e-05 | MSE loss: 4.0606e-04 | time: 0.112
I 06.01/04:25:21 solver.py:136 ] Epoch: [357/400][360/400] lr: 5.52e-05 | MSE loss: 4.0661e-04 | time: 0.112
I 06.01/04:25:23 solver.py:136 ] Epoch: [357/400][380/400] lr: 5.52e-05 | MSE loss: 4.0621e-04 | time: 0.112
I 06.01/04:25:25 solver.py:136 ] Epoch: [357/400][400/400] lr: 5.52e-05 | MSE loss: 4.0613e-04 | time: 0.111
I 06.01/04:25:25 solver.py:146 ] => Train  Loss: 4.0613e-04

I 06.01/04:25:28 solver.py:205 ] 
=! Best NMSE: -2.7827e+01 (epoch=330)

I 06.01/04:25:30 solver.py:136 ] Epoch: [358/400][20/400] lr: 5.52e-05 | MSE loss: 3.9982e-04 | time: 0.110
I 06.01/04:25:33 solver.py:136 ] Epoch: [358/400][40/400] lr: 5.52e-05 | MSE loss: 3.9905e-04 | time: 0.114
I 06.01/04:25:35 solver.py:136 ] Epoch: [358/400][60/400] lr: 5.52e-05 | MSE loss: 4.0852e-04 | time: 0.114
I 06.01/04:25:37 solver.py:136 ] Epoch: [358/400][80/400] lr: 5.52e-05 | MSE loss: 4.0631e-04 | time: 0.114
I 06.01/04:25:40 solver.py:136 ] Epoch: [358/400][100/400] lr: 5.52e-05 | MSE loss: 4.0671e-04 | time: 0.113
I 06.01/04:25:42 solver.py:136 ] Epoch: [358/400][120/400] lr: 5.51e-05 | MSE loss: 4.0594e-04 | time: 0.111
I 06.01/04:25:44 solver.py:136 ] Epoch: [358/400][140/400] lr: 5.51e-05 | MSE loss: 4.0854e-04 | time: 0.110
I 06.01/04:25:46 solver.py:136 ] Epoch: [358/400][160/400] lr: 5.51e-05 | MSE loss: 4.0741e-04 | time: 0.110
I 06.01/04:25:48 solver.py:136 ] Epoch: [358/400][180/400] lr: 5.51e-05 | MSE loss: 4.0611e-04 | time: 0.107
I 06.01/04:25:49 solver.py:136 ] Epoch: [358/400][200/400] lr: 5.51e-05 | MSE loss: 4.0738e-04 | time: 0.105
I 06.01/04:25:51 solver.py:136 ] Epoch: [358/400][220/400] lr: 5.51e-05 | MSE loss: 4.0636e-04 | time: 0.104
I 06.01/04:25:53 solver.py:136 ] Epoch: [358/400][240/400] lr: 5.51e-05 | MSE loss: 4.0540e-04 | time: 0.103
I 06.01/04:25:55 solver.py:136 ] Epoch: [358/400][260/400] lr: 5.51e-05 | MSE loss: 4.0539e-04 | time: 0.102
I 06.01/04:25:57 solver.py:136 ] Epoch: [358/400][280/400] lr: 5.51e-05 | MSE loss: 4.0500e-04 | time: 0.101
I 06.01/04:25:59 solver.py:136 ] Epoch: [358/400][300/400] lr: 5.50e-05 | MSE loss: 4.0440e-04 | time: 0.100
I 06.01/04:26:00 solver.py:136 ] Epoch: [358/400][320/400] lr: 5.50e-05 | MSE loss: 4.0479e-04 | time: 0.100
I 06.01/04:26:03 solver.py:136 ] Epoch: [358/400][340/400] lr: 5.50e-05 | MSE loss: 4.0517e-04 | time: 0.102
I 06.01/04:26:05 solver.py:136 ] Epoch: [358/400][360/400] lr: 5.50e-05 | MSE loss: 4.0481e-04 | time: 0.103
I 06.01/04:26:07 solver.py:136 ] Epoch: [358/400][380/400] lr: 5.50e-05 | MSE loss: 4.0464e-04 | time: 0.101
I 06.01/04:26:08 solver.py:136 ] Epoch: [358/400][400/400] lr: 5.50e-05 | MSE loss: 4.0431e-04 | time: 0.100
I 06.01/04:26:08 solver.py:146 ] => Train  Loss: 4.0431e-04

I 06.01/04:26:11 solver.py:205 ] 
=! Best NMSE: -2.7827e+01 (epoch=330)

I 06.01/04:26:13 solver.py:136 ] Epoch: [359/400][20/400] lr: 5.50e-05 | MSE loss: 4.0192e-04 | time: 0.089
I 06.01/04:26:15 solver.py:136 ] Epoch: [359/400][40/400] lr: 5.50e-05 | MSE loss: 3.9815e-04 | time: 0.091
I 06.01/04:26:17 solver.py:136 ] Epoch: [359/400][60/400] lr: 5.49e-05 | MSE loss: 3.9854e-04 | time: 0.093
I 06.01/04:26:19 solver.py:136 ] Epoch: [359/400][80/400] lr: 5.49e-05 | MSE loss: 3.9545e-04 | time: 0.094
I 06.01/04:26:21 solver.py:136 ] Epoch: [359/400][100/400] lr: 5.49e-05 | MSE loss: 3.9803e-04 | time: 0.098
I 06.01/04:26:23 solver.py:136 ] Epoch: [359/400][120/400] lr: 5.49e-05 | MSE loss: 3.9998e-04 | time: 0.099
I 06.01/04:26:25 solver.py:136 ] Epoch: [359/400][140/400] lr: 5.49e-05 | MSE loss: 4.0067e-04 | time: 0.098
I 06.01/04:26:27 solver.py:136 ] Epoch: [359/400][160/400] lr: 5.49e-05 | MSE loss: 4.0039e-04 | time: 0.100
I 06.01/04:26:29 solver.py:136 ] Epoch: [359/400][180/400] lr: 5.49e-05 | MSE loss: 4.0196e-04 | time: 0.099
I 06.01/04:26:31 solver.py:136 ] Epoch: [359/400][200/400] lr: 5.49e-05 | MSE loss: 4.0257e-04 | time: 0.098
I 06.01/04:26:33 solver.py:136 ] Epoch: [359/400][220/400] lr: 5.49e-05 | MSE loss: 4.0073e-04 | time: 0.098
I 06.01/04:26:35 solver.py:136 ] Epoch: [359/400][240/400] lr: 5.48e-05 | MSE loss: 4.0240e-04 | time: 0.098
I 06.01/04:26:37 solver.py:136 ] Epoch: [359/400][260/400] lr: 5.48e-05 | MSE loss: 4.0284e-04 | time: 0.097
I 06.01/04:26:39 solver.py:136 ] Epoch: [359/400][280/400] lr: 5.48e-05 | MSE loss: 4.0252e-04 | time: 0.097
I 06.01/04:26:41 solver.py:136 ] Epoch: [359/400][300/400] lr: 5.48e-05 | MSE loss: 4.0266e-04 | time: 0.097
I 06.01/04:26:43 solver.py:136 ] Epoch: [359/400][320/400] lr: 5.48e-05 | MSE loss: 4.0248e-04 | time: 0.097
I 06.01/04:26:45 solver.py:136 ] Epoch: [359/400][340/400] lr: 5.48e-05 | MSE loss: 4.0248e-04 | time: 0.098
I 06.01/04:26:47 solver.py:136 ] Epoch: [359/400][360/400] lr: 5.48e-05 | MSE loss: 4.0228e-04 | time: 0.098
I 06.01/04:26:48 solver.py:136 ] Epoch: [359/400][380/400] lr: 5.48e-05 | MSE loss: 4.0285e-04 | time: 0.097
I 06.01/04:26:50 solver.py:136 ] Epoch: [359/400][400/400] lr: 5.47e-05 | MSE loss: 4.0365e-04 | time: 0.096
I 06.01/04:26:50 solver.py:146 ] => Train  Loss: 4.0365e-04

I 06.01/04:26:54 solver.py:205 ] 
=! Best NMSE: -2.7827e+01 (epoch=330)

I 06.01/04:26:57 solver.py:136 ] Epoch: [360/400][20/400] lr: 5.47e-05 | MSE loss: 3.9568e-04 | time: 0.108
I 06.01/04:26:59 solver.py:136 ] Epoch: [360/400][40/400] lr: 5.47e-05 | MSE loss: 3.9383e-04 | time: 0.107
I 06.01/04:27:01 solver.py:136 ] Epoch: [360/400][60/400] lr: 5.47e-05 | MSE loss: 3.9360e-04 | time: 0.114
I 06.01/04:27:05 solver.py:136 ] Epoch: [360/400][80/400] lr: 5.47e-05 | MSE loss: 3.9671e-04 | time: 0.134
I 06.01/04:27:07 solver.py:136 ] Epoch: [360/400][100/400] lr: 5.47e-05 | MSE loss: 3.9744e-04 | time: 0.126
I 06.01/04:27:09 solver.py:136 ] Epoch: [360/400][120/400] lr: 5.47e-05 | MSE loss: 3.9832e-04 | time: 0.118
I 06.01/04:27:10 solver.py:136 ] Epoch: [360/400][140/400] lr: 5.47e-05 | MSE loss: 3.9912e-04 | time: 0.112
I 06.01/04:27:12 solver.py:136 ] Epoch: [360/400][160/400] lr: 5.47e-05 | MSE loss: 3.9952e-04 | time: 0.107
I 06.01/04:27:14 solver.py:136 ] Epoch: [360/400][180/400] lr: 5.46e-05 | MSE loss: 3.9902e-04 | time: 0.106
I 06.01/04:27:15 solver.py:136 ] Epoch: [360/400][200/400] lr: 5.46e-05 | MSE loss: 3.9893e-04 | time: 0.104
I 06.01/04:27:17 solver.py:136 ] Epoch: [360/400][220/400] lr: 5.46e-05 | MSE loss: 4.0095e-04 | time: 0.103
I 06.01/04:27:19 solver.py:136 ] Epoch: [360/400][240/400] lr: 5.46e-05 | MSE loss: 4.0051e-04 | time: 0.101
I 06.01/04:27:21 solver.py:136 ] Epoch: [360/400][260/400] lr: 5.46e-05 | MSE loss: 4.0015e-04 | time: 0.101
I 06.01/04:27:23 solver.py:136 ] Epoch: [360/400][280/400] lr: 5.46e-05 | MSE loss: 3.9978e-04 | time: 0.100
I 06.01/04:27:25 solver.py:136 ] Epoch: [360/400][300/400] lr: 5.46e-05 | MSE loss: 3.9992e-04 | time: 0.101
I 06.01/04:27:27 solver.py:136 ] Epoch: [360/400][320/400] lr: 5.46e-05 | MSE loss: 4.0016e-04 | time: 0.101
I 06.01/04:27:29 solver.py:136 ] Epoch: [360/400][340/400] lr: 5.46e-05 | MSE loss: 3.9994e-04 | time: 0.101
I 06.01/04:27:31 solver.py:136 ] Epoch: [360/400][360/400] lr: 5.45e-05 | MSE loss: 4.0073e-04 | time: 0.101
I 06.01/04:27:33 solver.py:136 ] Epoch: [360/400][380/400] lr: 5.45e-05 | MSE loss: 4.0144e-04 | time: 0.101
I 06.01/04:27:35 solver.py:136 ] Epoch: [360/400][400/400] lr: 5.45e-05 | MSE loss: 4.0173e-04 | time: 0.101
I 06.01/04:27:35 solver.py:146 ] => Train  Loss: 4.0173e-04

I 06.01/04:27:37 solver.py:136 ] Epoch: [360/400][20/50] lr: 5.45e-05 | MSE loss: 7.6444e-04 | time: 0.092
I 06.01/04:27:39 solver.py:136 ] Epoch: [360/400][40/50] lr: 5.45e-05 | MSE loss: 7.9132e-04 | time: 0.090
I 06.01/04:27:39 solver.py:146 ] => Val  Loss: 7.8271e-04

I 06.01/04:27:41 solver.py:287 ] [20/50] loss: 8.0733e-04 | NMSE: -2.7967e+01 | time: 0.089
I 06.01/04:27:43 solver.py:287 ] [40/50] loss: 8.1044e-04 | NMSE: -2.7968e+01 | time: 0.083
I 06.01/04:27:43 solver.py:291 ] => Test NMSE: -2.7941e+01

I 06.01/04:27:49 solver.py:205 ] 
=! Best NMSE: -2.7941e+01 (epoch=360)

I 06.01/04:27:50 solver.py:136 ] Epoch: [361/400][20/400] lr: 5.45e-05 | MSE loss: 3.8741e-04 | time: 0.094
I 06.01/04:27:52 solver.py:136 ] Epoch: [361/400][40/400] lr: 5.45e-05 | MSE loss: 3.9364e-04 | time: 0.086
I 06.01/04:27:54 solver.py:136 ] Epoch: [361/400][60/400] lr: 5.45e-05 | MSE loss: 3.9186e-04 | time: 0.089
I 06.01/04:27:56 solver.py:136 ] Epoch: [361/400][80/400] lr: 5.45e-05 | MSE loss: 3.9167e-04 | time: 0.091
I 06.01/04:27:58 solver.py:136 ] Epoch: [361/400][100/400] lr: 5.45e-05 | MSE loss: 3.9502e-04 | time: 0.090
I 06.01/04:28:00 solver.py:136 ] Epoch: [361/400][120/400] lr: 5.45e-05 | MSE loss: 3.9786e-04 | time: 0.091
I 06.01/04:28:03 solver.py:136 ] Epoch: [361/400][140/400] lr: 5.44e-05 | MSE loss: 4.0122e-04 | time: 0.106
I 06.01/04:28:06 solver.py:136 ] Epoch: [361/400][160/400] lr: 5.44e-05 | MSE loss: 3.9920e-04 | time: 0.106
I 06.01/04:28:07 solver.py:136 ] Epoch: [361/400][180/400] lr: 5.44e-05 | MSE loss: 3.9771e-04 | time: 0.104
I 06.01/04:28:09 solver.py:136 ] Epoch: [361/400][200/400] lr: 5.44e-05 | MSE loss: 3.9724e-04 | time: 0.103
I 06.01/04:28:11 solver.py:136 ] Epoch: [361/400][220/400] lr: 5.44e-05 | MSE loss: 3.9827e-04 | time: 0.101
I 06.01/04:28:13 solver.py:136 ] Epoch: [361/400][240/400] lr: 5.44e-05 | MSE loss: 3.9796e-04 | time: 0.102
I 06.01/04:28:15 solver.py:136 ] Epoch: [361/400][260/400] lr: 5.44e-05 | MSE loss: 3.9773e-04 | time: 0.102
I 06.01/04:28:17 solver.py:136 ] Epoch: [361/400][280/400] lr: 5.44e-05 | MSE loss: 3.9761e-04 | time: 0.102
I 06.01/04:28:19 solver.py:136 ] Epoch: [361/400][300/400] lr: 5.44e-05 | MSE loss: 3.9740e-04 | time: 0.102
I 06.01/04:28:21 solver.py:136 ] Epoch: [361/400][320/400] lr: 5.43e-05 | MSE loss: 3.9846e-04 | time: 0.102
I 06.01/04:28:23 solver.py:136 ] Epoch: [361/400][340/400] lr: 5.43e-05 | MSE loss: 3.9859e-04 | time: 0.101
I 06.01/04:28:25 solver.py:136 ] Epoch: [361/400][360/400] lr: 5.43e-05 | MSE loss: 3.9905e-04 | time: 0.101
I 06.01/04:28:27 solver.py:136 ] Epoch: [361/400][380/400] lr: 5.43e-05 | MSE loss: 3.9951e-04 | time: 0.100
I 06.01/04:28:29 solver.py:136 ] Epoch: [361/400][400/400] lr: 5.43e-05 | MSE loss: 4.0011e-04 | time: 0.101
I 06.01/04:28:29 solver.py:146 ] => Train  Loss: 4.0011e-04

I 06.01/04:28:33 solver.py:205 ] 
=! Best NMSE: -2.7941e+01 (epoch=360)

I 06.01/04:28:35 solver.py:136 ] Epoch: [362/400][20/400] lr: 5.43e-05 | MSE loss: 3.8615e-04 | time: 0.109
I 06.01/04:28:37 solver.py:136 ] Epoch: [362/400][40/400] lr: 5.43e-05 | MSE loss: 3.8460e-04 | time: 0.101
I 06.01/04:28:39 solver.py:136 ] Epoch: [362/400][60/400] lr: 5.43e-05 | MSE loss: 3.8596e-04 | time: 0.104
I 06.01/04:28:41 solver.py:136 ] Epoch: [362/400][80/400] lr: 5.43e-05 | MSE loss: 3.9270e-04 | time: 0.104
I 06.01/04:28:43 solver.py:136 ] Epoch: [362/400][100/400] lr: 5.42e-05 | MSE loss: 3.9999e-04 | time: 0.100
I 06.01/04:28:45 solver.py:136 ] Epoch: [362/400][120/400] lr: 5.42e-05 | MSE loss: 3.9998e-04 | time: 0.100
I 06.01/04:28:46 solver.py:136 ] Epoch: [362/400][140/400] lr: 5.42e-05 | MSE loss: 4.0119e-04 | time: 0.098
I 06.01/04:28:48 solver.py:136 ] Epoch: [362/400][160/400] lr: 5.42e-05 | MSE loss: 4.0094e-04 | time: 0.096
I 06.01/04:28:50 solver.py:136 ] Epoch: [362/400][180/400] lr: 5.42e-05 | MSE loss: 4.0097e-04 | time: 0.096
I 06.01/04:28:52 solver.py:136 ] Epoch: [362/400][200/400] lr: 5.42e-05 | MSE loss: 4.0051e-04 | time: 0.096
I 06.01/04:28:54 solver.py:136 ] Epoch: [362/400][220/400] lr: 5.42e-05 | MSE loss: 4.0076e-04 | time: 0.095
I 06.01/04:28:56 solver.py:136 ] Epoch: [362/400][240/400] lr: 5.42e-05 | MSE loss: 3.9980e-04 | time: 0.096
I 06.01/04:28:57 solver.py:136 ] Epoch: [362/400][260/400] lr: 5.42e-05 | MSE loss: 4.0025e-04 | time: 0.094
I 06.01/04:28:59 solver.py:136 ] Epoch: [362/400][280/400] lr: 5.42e-05 | MSE loss: 3.9943e-04 | time: 0.094
I 06.01/04:29:02 solver.py:136 ] Epoch: [362/400][300/400] lr: 5.41e-05 | MSE loss: 4.0010e-04 | time: 0.098
I 06.01/04:29:05 solver.py:136 ] Epoch: [362/400][320/400] lr: 5.41e-05 | MSE loss: 3.9980e-04 | time: 0.102
I 06.01/04:29:07 solver.py:136 ] Epoch: [362/400][340/400] lr: 5.41e-05 | MSE loss: 4.0013e-04 | time: 0.101
I 06.01/04:29:09 solver.py:136 ] Epoch: [362/400][360/400] lr: 5.41e-05 | MSE loss: 4.0013e-04 | time: 0.101
I 06.01/04:29:11 solver.py:136 ] Epoch: [362/400][380/400] lr: 5.41e-05 | MSE loss: 3.9970e-04 | time: 0.102
I 06.01/04:29:13 solver.py:136 ] Epoch: [362/400][400/400] lr: 5.41e-05 | MSE loss: 3.9960e-04 | time: 0.102
I 06.01/04:29:13 solver.py:146 ] => Train  Loss: 3.9960e-04

I 06.01/04:29:17 solver.py:205 ] 
=! Best NMSE: -2.7941e+01 (epoch=360)

I 06.01/04:29:19 solver.py:136 ] Epoch: [363/400][20/400] lr: 5.41e-05 | MSE loss: 3.9337e-04 | time: 0.099
I 06.01/04:29:21 solver.py:136 ] Epoch: [363/400][40/400] lr: 5.41e-05 | MSE loss: 4.0010e-04 | time: 0.090
I 06.01/04:29:23 solver.py:136 ] Epoch: [363/400][60/400] lr: 5.41e-05 | MSE loss: 3.9725e-04 | time: 0.098
I 06.01/04:29:25 solver.py:136 ] Epoch: [363/400][80/400] lr: 5.40e-05 | MSE loss: 4.0135e-04 | time: 0.101
I 06.01/04:29:27 solver.py:136 ] Epoch: [363/400][100/400] lr: 5.40e-05 | MSE loss: 4.0038e-04 | time: 0.102
I 06.01/04:29:29 solver.py:136 ] Epoch: [363/400][120/400] lr: 5.40e-05 | MSE loss: 4.0219e-04 | time: 0.101
I 06.01/04:29:31 solver.py:136 ] Epoch: [363/400][140/400] lr: 5.40e-05 | MSE loss: 4.0083e-04 | time: 0.101
I 06.01/04:29:33 solver.py:136 ] Epoch: [363/400][160/400] lr: 5.40e-05 | MSE loss: 4.0007e-04 | time: 0.099
I 06.01/04:29:35 solver.py:136 ] Epoch: [363/400][180/400] lr: 5.40e-05 | MSE loss: 4.0019e-04 | time: 0.097
I 06.01/04:29:36 solver.py:136 ] Epoch: [363/400][200/400] lr: 5.40e-05 | MSE loss: 3.9884e-04 | time: 0.098
I 06.01/04:29:38 solver.py:136 ] Epoch: [363/400][220/400] lr: 5.40e-05 | MSE loss: 3.9855e-04 | time: 0.096
I 06.01/04:29:40 solver.py:136 ] Epoch: [363/400][240/400] lr: 5.40e-05 | MSE loss: 3.9807e-04 | time: 0.097
I 06.01/04:29:42 solver.py:136 ] Epoch: [363/400][260/400] lr: 5.39e-05 | MSE loss: 3.9749e-04 | time: 0.095
I 06.01/04:29:44 solver.py:136 ] Epoch: [363/400][280/400] lr: 5.39e-05 | MSE loss: 3.9721e-04 | time: 0.097
I 06.01/04:29:47 solver.py:136 ] Epoch: [363/400][300/400] lr: 5.39e-05 | MSE loss: 3.9763e-04 | time: 0.098
I 06.01/04:29:48 solver.py:136 ] Epoch: [363/400][320/400] lr: 5.39e-05 | MSE loss: 3.9833e-04 | time: 0.098
I 06.01/04:29:50 solver.py:136 ] Epoch: [363/400][340/400] lr: 5.39e-05 | MSE loss: 3.9856e-04 | time: 0.098
I 06.01/04:29:52 solver.py:136 ] Epoch: [363/400][360/400] lr: 5.39e-05 | MSE loss: 3.9866e-04 | time: 0.098
I 06.01/04:29:54 solver.py:136 ] Epoch: [363/400][380/400] lr: 5.39e-05 | MSE loss: 3.9867e-04 | time: 0.098
I 06.01/04:29:56 solver.py:136 ] Epoch: [363/400][400/400] lr: 5.39e-05 | MSE loss: 3.9954e-04 | time: 0.098
I 06.01/04:29:56 solver.py:146 ] => Train  Loss: 3.9954e-04

I 06.01/04:30:00 solver.py:205 ] 
=! Best NMSE: -2.7941e+01 (epoch=360)

I 06.01/04:30:03 solver.py:136 ] Epoch: [364/400][20/400] lr: 5.39e-05 | MSE loss: 4.0413e-04 | time: 0.186
I 06.01/04:30:06 solver.py:136 ] Epoch: [364/400][40/400] lr: 5.39e-05 | MSE loss: 3.9306e-04 | time: 0.157
I 06.01/04:30:08 solver.py:136 ] Epoch: [364/400][60/400] lr: 5.38e-05 | MSE loss: 3.9400e-04 | time: 0.135
I 06.01/04:30:10 solver.py:136 ] Epoch: [364/400][80/400] lr: 5.38e-05 | MSE loss: 3.9481e-04 | time: 0.125
I 06.01/04:30:11 solver.py:136 ] Epoch: [364/400][100/400] lr: 5.38e-05 | MSE loss: 3.9751e-04 | time: 0.118
I 06.01/04:30:13 solver.py:136 ] Epoch: [364/400][120/400] lr: 5.38e-05 | MSE loss: 3.9872e-04 | time: 0.113
I 06.01/04:30:15 solver.py:136 ] Epoch: [364/400][140/400] lr: 5.38e-05 | MSE loss: 3.9749e-04 | time: 0.110
I 06.01/04:30:17 solver.py:136 ] Epoch: [364/400][160/400] lr: 5.38e-05 | MSE loss: 3.9641e-04 | time: 0.109
I 06.01/04:30:19 solver.py:136 ] Epoch: [364/400][180/400] lr: 5.38e-05 | MSE loss: 3.9526e-04 | time: 0.108
I 06.01/04:30:21 solver.py:136 ] Epoch: [364/400][200/400] lr: 5.38e-05 | MSE loss: 3.9577e-04 | time: 0.107
I 06.01/04:30:23 solver.py:136 ] Epoch: [364/400][220/400] lr: 5.38e-05 | MSE loss: 3.9529e-04 | time: 0.106
I 06.01/04:30:25 solver.py:136 ] Epoch: [364/400][240/400] lr: 5.38e-05 | MSE loss: 3.9588e-04 | time: 0.104
I 06.01/04:30:26 solver.py:136 ] Epoch: [364/400][260/400] lr: 5.37e-05 | MSE loss: 3.9508e-04 | time: 0.102
I 06.01/04:30:28 solver.py:136 ] Epoch: [364/400][280/400] lr: 5.37e-05 | MSE loss: 3.9646e-04 | time: 0.102
I 06.01/04:30:30 solver.py:136 ] Epoch: [364/400][300/400] lr: 5.37e-05 | MSE loss: 3.9771e-04 | time: 0.102
I 06.01/04:30:32 solver.py:136 ] Epoch: [364/400][320/400] lr: 5.37e-05 | MSE loss: 3.9684e-04 | time: 0.101
I 06.01/04:30:34 solver.py:136 ] Epoch: [364/400][340/400] lr: 5.37e-05 | MSE loss: 3.9684e-04 | time: 0.101
I 06.01/04:30:36 solver.py:136 ] Epoch: [364/400][360/400] lr: 5.37e-05 | MSE loss: 3.9805e-04 | time: 0.100
I 06.01/04:30:37 solver.py:136 ] Epoch: [364/400][380/400] lr: 5.37e-05 | MSE loss: 3.9789e-04 | time: 0.099
I 06.01/04:30:39 solver.py:136 ] Epoch: [364/400][400/400] lr: 5.37e-05 | MSE loss: 3.9892e-04 | time: 0.098
I 06.01/04:30:39 solver.py:146 ] => Train  Loss: 3.9892e-04

I 06.01/04:30:41 solver.py:205 ] 
=! Best NMSE: -2.7941e+01 (epoch=360)

I 06.01/04:30:43 solver.py:136 ] Epoch: [365/400][20/400] lr: 5.37e-05 | MSE loss: 3.7205e-04 | time: 0.101
I 06.01/04:30:45 solver.py:136 ] Epoch: [365/400][40/400] lr: 5.37e-05 | MSE loss: 3.7625e-04 | time: 0.103
I 06.01/04:30:47 solver.py:136 ] Epoch: [365/400][60/400] lr: 5.36e-05 | MSE loss: 3.7690e-04 | time: 0.102
I 06.01/04:30:49 solver.py:136 ] Epoch: [365/400][80/400] lr: 5.36e-05 | MSE loss: 3.7918e-04 | time: 0.098
I 06.01/04:30:51 solver.py:136 ] Epoch: [365/400][100/400] lr: 5.36e-05 | MSE loss: 3.8101e-04 | time: 0.098
I 06.01/04:30:53 solver.py:136 ] Epoch: [365/400][120/400] lr: 5.36e-05 | MSE loss: 3.8384e-04 | time: 0.101
I 06.01/04:30:55 solver.py:136 ] Epoch: [365/400][140/400] lr: 5.36e-05 | MSE loss: 3.8616e-04 | time: 0.100
I 06.01/04:30:57 solver.py:136 ] Epoch: [365/400][160/400] lr: 5.36e-05 | MSE loss: 3.8978e-04 | time: 0.100
I 06.01/04:30:59 solver.py:136 ] Epoch: [365/400][180/400] lr: 5.36e-05 | MSE loss: 3.8994e-04 | time: 0.101
I 06.01/04:31:04 solver.py:136 ] Epoch: [365/400][200/400] lr: 5.36e-05 | MSE loss: 3.9012e-04 | time: 0.112
I 06.01/04:31:06 solver.py:136 ] Epoch: [365/400][220/400] lr: 5.36e-05 | MSE loss: 3.9079e-04 | time: 0.114
I 06.01/04:31:09 solver.py:136 ] Epoch: [365/400][240/400] lr: 5.36e-05 | MSE loss: 3.9123e-04 | time: 0.113
I 06.01/04:31:11 solver.py:136 ] Epoch: [365/400][260/400] lr: 5.35e-05 | MSE loss: 3.9211e-04 | time: 0.114
I 06.01/04:31:13 solver.py:136 ] Epoch: [365/400][280/400] lr: 5.35e-05 | MSE loss: 3.9405e-04 | time: 0.114
I 06.01/04:31:15 solver.py:136 ] Epoch: [365/400][300/400] lr: 5.35e-05 | MSE loss: 3.9503e-04 | time: 0.112
I 06.01/04:31:17 solver.py:136 ] Epoch: [365/400][320/400] lr: 5.35e-05 | MSE loss: 3.9635e-04 | time: 0.111
I 06.01/04:31:18 solver.py:136 ] Epoch: [365/400][340/400] lr: 5.35e-05 | MSE loss: 3.9715e-04 | time: 0.109
I 06.01/04:31:20 solver.py:136 ] Epoch: [365/400][360/400] lr: 5.35e-05 | MSE loss: 3.9811e-04 | time: 0.108
I 06.01/04:31:22 solver.py:136 ] Epoch: [365/400][380/400] lr: 5.35e-05 | MSE loss: 3.9829e-04 | time: 0.107
I 06.01/04:31:24 solver.py:136 ] Epoch: [365/400][400/400] lr: 5.35e-05 | MSE loss: 3.9838e-04 | time: 0.106
I 06.01/04:31:24 solver.py:146 ] => Train  Loss: 3.9838e-04

I 06.01/04:31:28 solver.py:205 ] 
=! Best NMSE: -2.7941e+01 (epoch=360)

I 06.01/04:31:31 solver.py:136 ] Epoch: [366/400][20/400] lr: 5.35e-05 | MSE loss: 3.9152e-04 | time: 0.121
I 06.01/04:31:32 solver.py:136 ] Epoch: [366/400][40/400] lr: 5.35e-05 | MSE loss: 3.9597e-04 | time: 0.096
I 06.01/04:31:34 solver.py:136 ] Epoch: [366/400][60/400] lr: 5.34e-05 | MSE loss: 3.9130e-04 | time: 0.093
I 06.01/04:31:36 solver.py:136 ] Epoch: [366/400][80/400] lr: 5.34e-05 | MSE loss: 3.9267e-04 | time: 0.096
I 06.01/04:31:38 solver.py:136 ] Epoch: [366/400][100/400] lr: 5.34e-05 | MSE loss: 3.9261e-04 | time: 0.095
I 06.01/04:31:40 solver.py:136 ] Epoch: [366/400][120/400] lr: 5.34e-05 | MSE loss: 3.9352e-04 | time: 0.094
I 06.01/04:31:42 solver.py:136 ] Epoch: [366/400][140/400] lr: 5.34e-05 | MSE loss: 3.9355e-04 | time: 0.094
I 06.01/04:31:44 solver.py:136 ] Epoch: [366/400][160/400] lr: 5.34e-05 | MSE loss: 3.9292e-04 | time: 0.094
I 06.01/04:31:46 solver.py:136 ] Epoch: [366/400][180/400] lr: 5.34e-05 | MSE loss: 3.9620e-04 | time: 0.096
I 06.01/04:31:48 solver.py:136 ] Epoch: [366/400][200/400] lr: 5.34e-05 | MSE loss: 3.9480e-04 | time: 0.097
I 06.01/04:31:49 solver.py:136 ] Epoch: [366/400][220/400] lr: 5.34e-05 | MSE loss: 3.9513e-04 | time: 0.096
I 06.01/04:31:51 solver.py:136 ] Epoch: [366/400][240/400] lr: 5.34e-05 | MSE loss: 3.9516e-04 | time: 0.096
I 06.01/04:31:54 solver.py:136 ] Epoch: [366/400][260/400] lr: 5.33e-05 | MSE loss: 3.9528e-04 | time: 0.099
I 06.01/04:31:56 solver.py:136 ] Epoch: [366/400][280/400] lr: 5.33e-05 | MSE loss: 3.9550e-04 | time: 0.099
I 06.01/04:31:58 solver.py:136 ] Epoch: [366/400][300/400] lr: 5.33e-05 | MSE loss: 3.9489e-04 | time: 0.098
I 06.01/04:32:00 solver.py:136 ] Epoch: [366/400][320/400] lr: 5.33e-05 | MSE loss: 3.9510e-04 | time: 0.098
I 06.01/04:32:03 solver.py:136 ] Epoch: [366/400][340/400] lr: 5.33e-05 | MSE loss: 3.9583e-04 | time: 0.104
I 06.01/04:32:06 solver.py:136 ] Epoch: [366/400][360/400] lr: 5.33e-05 | MSE loss: 3.9666e-04 | time: 0.105
I 06.01/04:32:08 solver.py:136 ] Epoch: [366/400][380/400] lr: 5.33e-05 | MSE loss: 3.9690e-04 | time: 0.104
I 06.01/04:32:10 solver.py:136 ] Epoch: [366/400][400/400] lr: 5.33e-05 | MSE loss: 3.9709e-04 | time: 0.104
I 06.01/04:32:10 solver.py:146 ] => Train  Loss: 3.9709e-04

I 06.01/04:32:12 solver.py:205 ] 
=! Best NMSE: -2.7941e+01 (epoch=360)

I 06.01/04:32:14 solver.py:136 ] Epoch: [367/400][20/400] lr: 5.33e-05 | MSE loss: 3.8400e-04 | time: 0.081
I 06.01/04:32:16 solver.py:136 ] Epoch: [367/400][40/400] lr: 5.33e-05 | MSE loss: 3.8573e-04 | time: 0.087
I 06.01/04:32:18 solver.py:136 ] Epoch: [367/400][60/400] lr: 5.32e-05 | MSE loss: 3.8986e-04 | time: 0.089
I 06.01/04:32:19 solver.py:136 ] Epoch: [367/400][80/400] lr: 5.32e-05 | MSE loss: 3.8986e-04 | time: 0.088
I 06.01/04:32:21 solver.py:136 ] Epoch: [367/400][100/400] lr: 5.32e-05 | MSE loss: 3.9186e-04 | time: 0.088
I 06.01/04:32:23 solver.py:136 ] Epoch: [367/400][120/400] lr: 5.32e-05 | MSE loss: 3.9409e-04 | time: 0.087
I 06.01/04:32:24 solver.py:136 ] Epoch: [367/400][140/400] lr: 5.32e-05 | MSE loss: 3.9525e-04 | time: 0.086
I 06.01/04:32:26 solver.py:136 ] Epoch: [367/400][160/400] lr: 5.32e-05 | MSE loss: 3.9428e-04 | time: 0.088
I 06.01/04:32:28 solver.py:136 ] Epoch: [367/400][180/400] lr: 5.32e-05 | MSE loss: 3.9451e-04 | time: 0.089
I 06.01/04:32:30 solver.py:136 ] Epoch: [367/400][200/400] lr: 5.32e-05 | MSE loss: 3.9490e-04 | time: 0.090
I 06.01/04:32:32 solver.py:136 ] Epoch: [367/400][220/400] lr: 5.32e-05 | MSE loss: 3.9557e-04 | time: 0.088
I 06.01/04:32:34 solver.py:136 ] Epoch: [367/400][240/400] lr: 5.32e-05 | MSE loss: 3.9579e-04 | time: 0.090
I 06.01/04:32:36 solver.py:136 ] Epoch: [367/400][260/400] lr: 5.32e-05 | MSE loss: 3.9674e-04 | time: 0.092
I 06.01/04:32:38 solver.py:136 ] Epoch: [367/400][280/400] lr: 5.31e-05 | MSE loss: 3.9626e-04 | time: 0.093
I 06.01/04:32:40 solver.py:136 ] Epoch: [367/400][300/400] lr: 5.31e-05 | MSE loss: 3.9617e-04 | time: 0.094
I 06.01/04:32:42 solver.py:136 ] Epoch: [367/400][320/400] lr: 5.31e-05 | MSE loss: 3.9664e-04 | time: 0.094
I 06.01/04:32:45 solver.py:136 ] Epoch: [367/400][340/400] lr: 5.31e-05 | MSE loss: 3.9674e-04 | time: 0.095
I 06.01/04:32:47 solver.py:136 ] Epoch: [367/400][360/400] lr: 5.31e-05 | MSE loss: 3.9683e-04 | time: 0.096
I 06.01/04:32:50 solver.py:136 ] Epoch: [367/400][380/400] lr: 5.31e-05 | MSE loss: 3.9716e-04 | time: 0.098
I 06.01/04:32:53 solver.py:136 ] Epoch: [367/400][400/400] lr: 5.31e-05 | MSE loss: 3.9686e-04 | time: 0.100
I 06.01/04:32:53 solver.py:146 ] => Train  Loss: 3.9686e-04

I 06.01/04:32:55 solver.py:205 ] 
=! Best NMSE: -2.7941e+01 (epoch=360)

I 06.01/04:32:57 solver.py:136 ] Epoch: [368/400][20/400] lr: 5.31e-05 | MSE loss: 3.9893e-04 | time: 0.097
I 06.01/04:32:59 solver.py:136 ] Epoch: [368/400][40/400] lr: 5.31e-05 | MSE loss: 3.9094e-04 | time: 0.091
I 06.01/04:33:01 solver.py:136 ] Epoch: [368/400][60/400] lr: 5.31e-05 | MSE loss: 3.8966e-04 | time: 0.091
I 06.01/04:33:04 solver.py:136 ] Epoch: [368/400][80/400] lr: 5.31e-05 | MSE loss: 3.8988e-04 | time: 0.109
I 06.01/04:33:06 solver.py:136 ] Epoch: [368/400][100/400] lr: 5.30e-05 | MSE loss: 3.8917e-04 | time: 0.105
I 06.01/04:33:08 solver.py:136 ] Epoch: [368/400][120/400] lr: 5.30e-05 | MSE loss: 3.8756e-04 | time: 0.105
I 06.01/04:33:10 solver.py:136 ] Epoch: [368/400][140/400] lr: 5.30e-05 | MSE loss: 3.8818e-04 | time: 0.106
I 06.01/04:33:12 solver.py:136 ] Epoch: [368/400][160/400] lr: 5.30e-05 | MSE loss: 3.8690e-04 | time: 0.105
I 06.01/04:33:14 solver.py:136 ] Epoch: [368/400][180/400] lr: 5.30e-05 | MSE loss: 3.8811e-04 | time: 0.104
I 06.01/04:33:16 solver.py:136 ] Epoch: [368/400][200/400] lr: 5.30e-05 | MSE loss: 3.9070e-04 | time: 0.102
I 06.01/04:33:18 solver.py:136 ] Epoch: [368/400][220/400] lr: 5.30e-05 | MSE loss: 3.9230e-04 | time: 0.102
I 06.01/04:33:20 solver.py:136 ] Epoch: [368/400][240/400] lr: 5.30e-05 | MSE loss: 3.9182e-04 | time: 0.101
I 06.01/04:33:21 solver.py:136 ] Epoch: [368/400][260/400] lr: 5.30e-05 | MSE loss: 3.9293e-04 | time: 0.101
I 06.01/04:33:24 solver.py:136 ] Epoch: [368/400][280/400] lr: 5.30e-05 | MSE loss: 3.9275e-04 | time: 0.101
I 06.01/04:33:25 solver.py:136 ] Epoch: [368/400][300/400] lr: 5.30e-05 | MSE loss: 3.9295e-04 | time: 0.100
I 06.01/04:33:27 solver.py:136 ] Epoch: [368/400][320/400] lr: 5.29e-05 | MSE loss: 3.9250e-04 | time: 0.099
I 06.01/04:33:28 solver.py:136 ] Epoch: [368/400][340/400] lr: 5.29e-05 | MSE loss: 3.9183e-04 | time: 0.097
I 06.01/04:33:30 solver.py:136 ] Epoch: [368/400][360/400] lr: 5.29e-05 | MSE loss: 3.9280e-04 | time: 0.096
I 06.01/04:33:32 solver.py:136 ] Epoch: [368/400][380/400] lr: 5.29e-05 | MSE loss: 3.9347e-04 | time: 0.096
I 06.01/04:33:34 solver.py:136 ] Epoch: [368/400][400/400] lr: 5.29e-05 | MSE loss: 3.9436e-04 | time: 0.096
I 06.01/04:33:34 solver.py:146 ] => Train  Loss: 3.9436e-04

I 06.01/04:33:36 solver.py:205 ] 
=! Best NMSE: -2.7941e+01 (epoch=360)

I 06.01/04:33:38 solver.py:136 ] Epoch: [369/400][20/400] lr: 5.29e-05 | MSE loss: 3.9775e-04 | time: 0.076
I 06.01/04:33:39 solver.py:136 ] Epoch: [369/400][40/400] lr: 5.29e-05 | MSE loss: 3.9250e-04 | time: 0.071
I 06.01/04:33:41 solver.py:136 ] Epoch: [369/400][60/400] lr: 5.29e-05 | MSE loss: 3.9452e-04 | time: 0.071
I 06.01/04:33:42 solver.py:136 ] Epoch: [369/400][80/400] lr: 5.29e-05 | MSE loss: 3.9710e-04 | time: 0.074
I 06.01/04:33:45 solver.py:136 ] Epoch: [369/400][100/400] lr: 5.29e-05 | MSE loss: 3.9577e-04 | time: 0.081
I 06.01/04:33:47 solver.py:136 ] Epoch: [369/400][120/400] lr: 5.29e-05 | MSE loss: 3.9305e-04 | time: 0.087
I 06.01/04:33:49 solver.py:136 ] Epoch: [369/400][140/400] lr: 5.28e-05 | MSE loss: 3.9506e-04 | time: 0.091
I 06.01/04:33:51 solver.py:136 ] Epoch: [369/400][160/400] lr: 5.28e-05 | MSE loss: 3.9476e-04 | time: 0.094
I 06.01/04:33:53 solver.py:136 ] Epoch: [369/400][180/400] lr: 5.28e-05 | MSE loss: 3.9380e-04 | time: 0.094
I 06.01/04:33:55 solver.py:136 ] Epoch: [369/400][200/400] lr: 5.28e-05 | MSE loss: 3.9350e-04 | time: 0.094
I 06.01/04:33:57 solver.py:136 ] Epoch: [369/400][220/400] lr: 5.28e-05 | MSE loss: 3.9409e-04 | time: 0.092
I 06.01/04:33:58 solver.py:136 ] Epoch: [369/400][240/400] lr: 5.28e-05 | MSE loss: 3.9418e-04 | time: 0.091
I 06.01/04:34:00 solver.py:136 ] Epoch: [369/400][260/400] lr: 5.28e-05 | MSE loss: 3.9343e-04 | time: 0.089
I 06.01/04:34:01 solver.py:136 ] Epoch: [369/400][280/400] lr: 5.28e-05 | MSE loss: 3.9307e-04 | time: 0.089
I 06.01/04:34:04 solver.py:136 ] Epoch: [369/400][300/400] lr: 5.28e-05 | MSE loss: 3.9238e-04 | time: 0.093
I 06.01/04:34:06 solver.py:136 ] Epoch: [369/400][320/400] lr: 5.28e-05 | MSE loss: 3.9353e-04 | time: 0.092
I 06.01/04:34:09 solver.py:136 ] Epoch: [369/400][340/400] lr: 5.28e-05 | MSE loss: 3.9347e-04 | time: 0.094
I 06.01/04:34:11 solver.py:136 ] Epoch: [369/400][360/400] lr: 5.27e-05 | MSE loss: 3.9417e-04 | time: 0.095
I 06.01/04:34:13 solver.py:136 ] Epoch: [369/400][380/400] lr: 5.27e-05 | MSE loss: 3.9421e-04 | time: 0.095
I 06.01/04:34:15 solver.py:136 ] Epoch: [369/400][400/400] lr: 5.27e-05 | MSE loss: 3.9407e-04 | time: 0.096
I 06.01/04:34:15 solver.py:146 ] => Train  Loss: 3.9407e-04

I 06.01/04:34:18 solver.py:205 ] 
=! Best NMSE: -2.7941e+01 (epoch=360)

I 06.01/04:34:20 solver.py:136 ] Epoch: [370/400][20/400] lr: 5.27e-05 | MSE loss: 4.0055e-04 | time: 0.094
I 06.01/04:34:22 solver.py:136 ] Epoch: [370/400][40/400] lr: 5.27e-05 | MSE loss: 3.9836e-04 | time: 0.101
I 06.01/04:34:24 solver.py:136 ] Epoch: [370/400][60/400] lr: 5.27e-05 | MSE loss: 3.9632e-04 | time: 0.102
I 06.01/04:34:26 solver.py:136 ] Epoch: [370/400][80/400] lr: 5.27e-05 | MSE loss: 3.9649e-04 | time: 0.103
I 06.01/04:34:28 solver.py:136 ] Epoch: [370/400][100/400] lr: 5.27e-05 | MSE loss: 3.9227e-04 | time: 0.097
I 06.01/04:34:29 solver.py:136 ] Epoch: [370/400][120/400] lr: 5.27e-05 | MSE loss: 3.9357e-04 | time: 0.094
I 06.01/04:34:31 solver.py:136 ] Epoch: [370/400][140/400] lr: 5.27e-05 | MSE loss: 3.9272e-04 | time: 0.091
I 06.01/04:34:33 solver.py:136 ] Epoch: [370/400][160/400] lr: 5.27e-05 | MSE loss: 3.9201e-04 | time: 0.092
I 06.01/04:34:34 solver.py:136 ] Epoch: [370/400][180/400] lr: 5.26e-05 | MSE loss: 3.9242e-04 | time: 0.090
I 06.01/04:34:36 solver.py:136 ] Epoch: [370/400][200/400] lr: 5.26e-05 | MSE loss: 3.9379e-04 | time: 0.089
I 06.01/04:34:37 solver.py:136 ] Epoch: [370/400][220/400] lr: 5.26e-05 | MSE loss: 3.9487e-04 | time: 0.085
I 06.01/04:34:38 solver.py:136 ] Epoch: [370/400][240/400] lr: 5.26e-05 | MSE loss: 3.9547e-04 | time: 0.083
I 06.01/04:34:39 solver.py:136 ] Epoch: [370/400][260/400] lr: 5.26e-05 | MSE loss: 3.9521e-04 | time: 0.082
I 06.01/04:34:40 solver.py:136 ] Epoch: [370/400][280/400] lr: 5.26e-05 | MSE loss: 3.9434e-04 | time: 0.081
I 06.01/04:34:43 solver.py:136 ] Epoch: [370/400][300/400] lr: 5.26e-05 | MSE loss: 3.9326e-04 | time: 0.082
I 06.01/04:34:45 solver.py:136 ] Epoch: [370/400][320/400] lr: 5.26e-05 | MSE loss: 3.9324e-04 | time: 0.084
I 06.01/04:34:47 solver.py:136 ] Epoch: [370/400][340/400] lr: 5.26e-05 | MSE loss: 3.9190e-04 | time: 0.085
I 06.01/04:34:48 solver.py:136 ] Epoch: [370/400][360/400] lr: 5.26e-05 | MSE loss: 3.9264e-04 | time: 0.085
I 06.01/04:34:50 solver.py:136 ] Epoch: [370/400][380/400] lr: 5.26e-05 | MSE loss: 3.9256e-04 | time: 0.085
I 06.01/04:34:52 solver.py:136 ] Epoch: [370/400][400/400] lr: 5.26e-05 | MSE loss: 3.9266e-04 | time: 0.086
I 06.01/04:34:52 solver.py:146 ] => Train  Loss: 3.9266e-04

I 06.01/04:34:54 solver.py:136 ] Epoch: [370/400][20/50] lr: 5.26e-05 | MSE loss: 7.4972e-04 | time: 0.067
I 06.01/04:34:55 solver.py:136 ] Epoch: [370/400][40/50] lr: 5.26e-05 | MSE loss: 7.7526e-04 | time: 0.060
I 06.01/04:34:55 solver.py:146 ] => Val  Loss: 7.6665e-04

I 06.01/04:34:56 solver.py:287 ] [20/50] loss: 7.8929e-04 | NMSE: -2.8065e+01 | time: 0.059
I 06.01/04:34:58 solver.py:287 ] [40/50] loss: 7.9052e-04 | NMSE: -2.8077e+01 | time: 0.083
I 06.01/04:34:59 solver.py:291 ] => Test NMSE: -2.8045e+01

I 06.01/04:35:05 solver.py:205 ] 
=! Best NMSE: -2.8045e+01 (epoch=370)

I 06.01/04:35:07 solver.py:136 ] Epoch: [371/400][20/400] lr: 5.25e-05 | MSE loss: 3.8510e-04 | time: 0.094
I 06.01/04:35:08 solver.py:136 ] Epoch: [371/400][40/400] lr: 5.25e-05 | MSE loss: 3.8677e-04 | time: 0.083
I 06.01/04:35:10 solver.py:136 ] Epoch: [371/400][60/400] lr: 5.25e-05 | MSE loss: 3.8761e-04 | time: 0.079
I 06.01/04:35:11 solver.py:136 ] Epoch: [371/400][80/400] lr: 5.25e-05 | MSE loss: 3.8819e-04 | time: 0.081
I 06.01/04:35:13 solver.py:136 ] Epoch: [371/400][100/400] lr: 5.25e-05 | MSE loss: 3.8973e-04 | time: 0.080
I 06.01/04:35:14 solver.py:136 ] Epoch: [371/400][120/400] lr: 5.25e-05 | MSE loss: 3.8988e-04 | time: 0.079
I 06.01/04:35:16 solver.py:136 ] Epoch: [371/400][140/400] lr: 5.25e-05 | MSE loss: 3.9070e-04 | time: 0.078
I 06.01/04:35:18 solver.py:136 ] Epoch: [371/400][160/400] lr: 5.25e-05 | MSE loss: 3.8898e-04 | time: 0.083
I 06.01/04:35:20 solver.py:136 ] Epoch: [371/400][180/400] lr: 5.25e-05 | MSE loss: 3.8948e-04 | time: 0.085
I 06.01/04:35:22 solver.py:136 ] Epoch: [371/400][200/400] lr: 5.25e-05 | MSE loss: 3.9074e-04 | time: 0.086
I 06.01/04:35:25 solver.py:136 ] Epoch: [371/400][220/400] lr: 5.25e-05 | MSE loss: 3.9120e-04 | time: 0.089
I 06.01/04:35:28 solver.py:136 ] Epoch: [371/400][240/400] lr: 5.25e-05 | MSE loss: 3.9219e-04 | time: 0.093
I 06.01/04:35:30 solver.py:136 ] Epoch: [371/400][260/400] lr: 5.24e-05 | MSE loss: 3.9170e-04 | time: 0.097
I 06.01/04:35:33 solver.py:136 ] Epoch: [371/400][280/400] lr: 5.24e-05 | MSE loss: 3.9151e-04 | time: 0.098
I 06.01/04:35:34 solver.py:136 ] Epoch: [371/400][300/400] lr: 5.24e-05 | MSE loss: 3.9203e-04 | time: 0.098
I 06.01/04:35:36 solver.py:136 ] Epoch: [371/400][320/400] lr: 5.24e-05 | MSE loss: 3.9337e-04 | time: 0.096
I 06.01/04:35:37 solver.py:136 ] Epoch: [371/400][340/400] lr: 5.24e-05 | MSE loss: 3.9375e-04 | time: 0.095
I 06.01/04:35:39 solver.py:136 ] Epoch: [371/400][360/400] lr: 5.24e-05 | MSE loss: 3.9469e-04 | time: 0.094
I 06.01/04:35:40 solver.py:136 ] Epoch: [371/400][380/400] lr: 5.24e-05 | MSE loss: 3.9482e-04 | time: 0.094
I 06.01/04:35:42 solver.py:136 ] Epoch: [371/400][400/400] lr: 5.24e-05 | MSE loss: 3.9413e-04 | time: 0.093
I 06.01/04:35:42 solver.py:146 ] => Train  Loss: 3.9413e-04

I 06.01/04:35:44 solver.py:205 ] 
=! Best NMSE: -2.8045e+01 (epoch=370)

I 06.01/04:35:46 solver.py:136 ] Epoch: [372/400][20/400] lr: 5.24e-05 | MSE loss: 3.8377e-04 | time: 0.092
I 06.01/04:35:48 solver.py:136 ] Epoch: [372/400][40/400] lr: 5.24e-05 | MSE loss: 3.8580e-04 | time: 0.093
I 06.01/04:35:50 solver.py:136 ] Epoch: [372/400][60/400] lr: 5.24e-05 | MSE loss: 3.8006e-04 | time: 0.095
I 06.01/04:35:52 solver.py:136 ] Epoch: [372/400][80/400] lr: 5.24e-05 | MSE loss: 3.8236e-04 | time: 0.096
I 06.01/04:35:54 solver.py:136 ] Epoch: [372/400][100/400] lr: 5.23e-05 | MSE loss: 3.8359e-04 | time: 0.099
I 06.01/04:35:57 solver.py:136 ] Epoch: [372/400][120/400] lr: 5.23e-05 | MSE loss: 3.8599e-04 | time: 0.101
I 06.01/04:35:59 solver.py:136 ] Epoch: [372/400][140/400] lr: 5.23e-05 | MSE loss: 3.8679e-04 | time: 0.102
I 06.01/04:36:01 solver.py:136 ] Epoch: [372/400][160/400] lr: 5.23e-05 | MSE loss: 3.9086e-04 | time: 0.103
I 06.01/04:36:05 solver.py:136 ] Epoch: [372/400][180/400] lr: 5.23e-05 | MSE loss: 3.9168e-04 | time: 0.113
I 06.01/04:36:07 solver.py:136 ] Epoch: [372/400][200/400] lr: 5.23e-05 | MSE loss: 3.9123e-04 | time: 0.112
I 06.01/04:36:09 solver.py:136 ] Epoch: [372/400][220/400] lr: 5.23e-05 | MSE loss: 3.9314e-04 | time: 0.111
I 06.01/04:36:10 solver.py:136 ] Epoch: [372/400][240/400] lr: 5.23e-05 | MSE loss: 3.9294e-04 | time: 0.109
I 06.01/04:36:12 solver.py:136 ] Epoch: [372/400][260/400] lr: 5.23e-05 | MSE loss: 3.9347e-04 | time: 0.107
I 06.01/04:36:15 solver.py:136 ] Epoch: [372/400][280/400] lr: 5.23e-05 | MSE loss: 3.9287e-04 | time: 0.107
I 06.01/04:36:16 solver.py:136 ] Epoch: [372/400][300/400] lr: 5.23e-05 | MSE loss: 3.9304e-04 | time: 0.107
I 06.01/04:36:19 solver.py:136 ] Epoch: [372/400][320/400] lr: 5.23e-05 | MSE loss: 3.9381e-04 | time: 0.106
I 06.01/04:36:20 solver.py:136 ] Epoch: [372/400][340/400] lr: 5.23e-05 | MSE loss: 3.9294e-04 | time: 0.106
I 06.01/04:36:22 solver.py:136 ] Epoch: [372/400][360/400] lr: 5.22e-05 | MSE loss: 3.9322e-04 | time: 0.105
I 06.01/04:36:25 solver.py:136 ] Epoch: [372/400][380/400] lr: 5.22e-05 | MSE loss: 3.9264e-04 | time: 0.106
I 06.01/04:36:28 solver.py:136 ] Epoch: [372/400][400/400] lr: 5.22e-05 | MSE loss: 3.9279e-04 | time: 0.107
I 06.01/04:36:28 solver.py:146 ] => Train  Loss: 3.9279e-04

I 06.01/04:36:31 solver.py:205 ] 
=! Best NMSE: -2.8045e+01 (epoch=370)

I 06.01/04:36:33 solver.py:136 ] Epoch: [373/400][20/400] lr: 5.22e-05 | MSE loss: 3.7242e-04 | time: 0.101
I 06.01/04:36:35 solver.py:136 ] Epoch: [373/400][40/400] lr: 5.22e-05 | MSE loss: 3.7288e-04 | time: 0.089
I 06.01/04:36:36 solver.py:136 ] Epoch: [373/400][60/400] lr: 5.22e-05 | MSE loss: 3.7996e-04 | time: 0.090
I 06.01/04:36:38 solver.py:136 ] Epoch: [373/400][80/400] lr: 5.22e-05 | MSE loss: 3.8036e-04 | time: 0.088
I 06.01/04:36:39 solver.py:136 ] Epoch: [373/400][100/400] lr: 5.22e-05 | MSE loss: 3.8235e-04 | time: 0.084
I 06.01/04:36:41 solver.py:136 ] Epoch: [373/400][120/400] lr: 5.22e-05 | MSE loss: 3.8195e-04 | time: 0.087
I 06.01/04:36:44 solver.py:136 ] Epoch: [373/400][140/400] lr: 5.22e-05 | MSE loss: 3.8431e-04 | time: 0.091
I 06.01/04:36:46 solver.py:136 ] Epoch: [373/400][160/400] lr: 5.22e-05 | MSE loss: 3.8602e-04 | time: 0.093
I 06.01/04:36:48 solver.py:136 ] Epoch: [373/400][180/400] lr: 5.22e-05 | MSE loss: 3.8729e-04 | time: 0.094
I 06.01/04:36:50 solver.py:136 ] Epoch: [373/400][200/400] lr: 5.21e-05 | MSE loss: 3.8683e-04 | time: 0.094
I 06.01/04:36:52 solver.py:136 ] Epoch: [373/400][220/400] lr: 5.21e-05 | MSE loss: 3.8555e-04 | time: 0.094
I 06.01/04:36:54 solver.py:136 ] Epoch: [373/400][240/400] lr: 5.21e-05 | MSE loss: 3.8495e-04 | time: 0.094
I 06.01/04:36:55 solver.py:136 ] Epoch: [373/400][260/400] lr: 5.21e-05 | MSE loss: 3.8523e-04 | time: 0.094
I 06.01/04:36:57 solver.py:136 ] Epoch: [373/400][280/400] lr: 5.21e-05 | MSE loss: 3.8626e-04 | time: 0.095
I 06.01/04:36:59 solver.py:136 ] Epoch: [373/400][300/400] lr: 5.21e-05 | MSE loss: 3.8742e-04 | time: 0.094
I 06.01/04:37:02 solver.py:136 ] Epoch: [373/400][320/400] lr: 5.21e-05 | MSE loss: 3.8880e-04 | time: 0.096
I 06.01/04:37:05 solver.py:136 ] Epoch: [373/400][340/400] lr: 5.21e-05 | MSE loss: 3.8930e-04 | time: 0.100
I 06.01/04:37:07 solver.py:136 ] Epoch: [373/400][360/400] lr: 5.21e-05 | MSE loss: 3.8963e-04 | time: 0.099
I 06.01/04:37:08 solver.py:136 ] Epoch: [373/400][380/400] lr: 5.21e-05 | MSE loss: 3.9033e-04 | time: 0.098
I 06.01/04:37:10 solver.py:136 ] Epoch: [373/400][400/400] lr: 5.21e-05 | MSE loss: 3.9115e-04 | time: 0.097
I 06.01/04:37:10 solver.py:146 ] => Train  Loss: 3.9115e-04

I 06.01/04:37:13 solver.py:205 ] 
=! Best NMSE: -2.8045e+01 (epoch=370)

I 06.01/04:37:15 solver.py:136 ] Epoch: [374/400][20/400] lr: 5.21e-05 | MSE loss: 3.7401e-04 | time: 0.096
I 06.01/04:37:17 solver.py:136 ] Epoch: [374/400][40/400] lr: 5.21e-05 | MSE loss: 3.7813e-04 | time: 0.100
I 06.01/04:37:19 solver.py:136 ] Epoch: [374/400][60/400] lr: 5.20e-05 | MSE loss: 3.8286e-04 | time: 0.104
I 06.01/04:37:22 solver.py:136 ] Epoch: [374/400][80/400] lr: 5.20e-05 | MSE loss: 3.8328e-04 | time: 0.105
I 06.01/04:37:24 solver.py:136 ] Epoch: [374/400][100/400] lr: 5.20e-05 | MSE loss: 3.8534e-04 | time: 0.107
I 06.01/04:37:27 solver.py:136 ] Epoch: [374/400][120/400] lr: 5.20e-05 | MSE loss: 3.8710e-04 | time: 0.112
I 06.01/04:37:29 solver.py:136 ] Epoch: [374/400][140/400] lr: 5.20e-05 | MSE loss: 3.8550e-04 | time: 0.115
I 06.01/04:37:31 solver.py:136 ] Epoch: [374/400][160/400] lr: 5.20e-05 | MSE loss: 3.8544e-04 | time: 0.114
I 06.01/04:37:34 solver.py:136 ] Epoch: [374/400][180/400] lr: 5.20e-05 | MSE loss: 3.8664e-04 | time: 0.114
I 06.01/04:37:35 solver.py:136 ] Epoch: [374/400][200/400] lr: 5.20e-05 | MSE loss: 3.8833e-04 | time: 0.111
I 06.01/04:37:36 solver.py:136 ] Epoch: [374/400][220/400] lr: 5.20e-05 | MSE loss: 3.8958e-04 | time: 0.107
I 06.01/04:37:38 solver.py:136 ] Epoch: [374/400][240/400] lr: 5.20e-05 | MSE loss: 3.9044e-04 | time: 0.103
I 06.01/04:37:40 solver.py:136 ] Epoch: [374/400][260/400] lr: 5.20e-05 | MSE loss: 3.9137e-04 | time: 0.102
I 06.01/04:37:42 solver.py:136 ] Epoch: [374/400][280/400] lr: 5.20e-05 | MSE loss: 3.9045e-04 | time: 0.102
I 06.01/04:37:44 solver.py:136 ] Epoch: [374/400][300/400] lr: 5.20e-05 | MSE loss: 3.9090e-04 | time: 0.104
I 06.01/04:37:47 solver.py:136 ] Epoch: [374/400][320/400] lr: 5.20e-05 | MSE loss: 3.9114e-04 | time: 0.105
I 06.01/04:37:49 solver.py:136 ] Epoch: [374/400][340/400] lr: 5.19e-05 | MSE loss: 3.9178e-04 | time: 0.104
I 06.01/04:37:51 solver.py:136 ] Epoch: [374/400][360/400] lr: 5.19e-05 | MSE loss: 3.9286e-04 | time: 0.106
I 06.01/04:37:54 solver.py:136 ] Epoch: [374/400][380/400] lr: 5.19e-05 | MSE loss: 3.9260e-04 | time: 0.107
I 06.01/04:37:56 solver.py:136 ] Epoch: [374/400][400/400] lr: 5.19e-05 | MSE loss: 3.9266e-04 | time: 0.106
I 06.01/04:37:56 solver.py:146 ] => Train  Loss: 3.9266e-04

I 06.01/04:37:58 solver.py:205 ] 
=! Best NMSE: -2.8045e+01 (epoch=370)

I 06.01/04:38:00 solver.py:136 ] Epoch: [375/400][20/400] lr: 5.19e-05 | MSE loss: 3.8478e-04 | time: 0.111
I 06.01/04:38:03 solver.py:136 ] Epoch: [375/400][40/400] lr: 5.19e-05 | MSE loss: 3.8687e-04 | time: 0.144
I 06.01/04:38:05 solver.py:136 ] Epoch: [375/400][60/400] lr: 5.19e-05 | MSE loss: 3.8668e-04 | time: 0.128
I 06.01/04:38:07 solver.py:136 ] Epoch: [375/400][80/400] lr: 5.19e-05 | MSE loss: 3.8760e-04 | time: 0.113
I 06.01/04:38:09 solver.py:136 ] Epoch: [375/400][100/400] lr: 5.19e-05 | MSE loss: 3.8972e-04 | time: 0.111
I 06.01/04:38:11 solver.py:136 ] Epoch: [375/400][120/400] lr: 5.19e-05 | MSE loss: 3.8806e-04 | time: 0.110
I 06.01/04:38:14 solver.py:136 ] Epoch: [375/400][140/400] lr: 5.19e-05 | MSE loss: 3.9074e-04 | time: 0.112
I 06.01/04:38:16 solver.py:136 ] Epoch: [375/400][160/400] lr: 5.19e-05 | MSE loss: 3.8941e-04 | time: 0.115
I 06.01/04:38:19 solver.py:136 ] Epoch: [375/400][180/400] lr: 5.19e-05 | MSE loss: 3.8881e-04 | time: 0.114
I 06.01/04:38:21 solver.py:136 ] Epoch: [375/400][200/400] lr: 5.18e-05 | MSE loss: 3.8943e-04 | time: 0.116
I 06.01/04:38:24 solver.py:136 ] Epoch: [375/400][220/400] lr: 5.18e-05 | MSE loss: 3.8824e-04 | time: 0.117
I 06.01/04:38:26 solver.py:136 ] Epoch: [375/400][240/400] lr: 5.18e-05 | MSE loss: 3.8814e-04 | time: 0.118
I 06.01/04:38:29 solver.py:136 ] Epoch: [375/400][260/400] lr: 5.18e-05 | MSE loss: 3.8838e-04 | time: 0.120
I 06.01/04:38:30 solver.py:136 ] Epoch: [375/400][280/400] lr: 5.18e-05 | MSE loss: 3.8904e-04 | time: 0.117
I 06.01/04:38:32 solver.py:136 ] Epoch: [375/400][300/400] lr: 5.18e-05 | MSE loss: 3.8879e-04 | time: 0.113
I 06.01/04:38:33 solver.py:136 ] Epoch: [375/400][320/400] lr: 5.18e-05 | MSE loss: 3.8975e-04 | time: 0.111
I 06.01/04:38:35 solver.py:136 ] Epoch: [375/400][340/400] lr: 5.18e-05 | MSE loss: 3.9015e-04 | time: 0.108
I 06.01/04:38:36 solver.py:136 ] Epoch: [375/400][360/400] lr: 5.18e-05 | MSE loss: 3.9034e-04 | time: 0.107
I 06.01/04:38:38 solver.py:136 ] Epoch: [375/400][380/400] lr: 5.18e-05 | MSE loss: 3.9090e-04 | time: 0.105
I 06.01/04:38:39 solver.py:136 ] Epoch: [375/400][400/400] lr: 5.18e-05 | MSE loss: 3.9163e-04 | time: 0.103
I 06.01/04:38:39 solver.py:146 ] => Train  Loss: 3.9163e-04

I 06.01/04:38:41 solver.py:205 ] 
=! Best NMSE: -2.8045e+01 (epoch=370)

I 06.01/04:38:43 solver.py:136 ] Epoch: [376/400][20/400] lr: 5.18e-05 | MSE loss: 3.7605e-04 | time: 0.118
I 06.01/04:38:46 solver.py:136 ] Epoch: [376/400][40/400] lr: 5.18e-05 | MSE loss: 3.7851e-04 | time: 0.129
I 06.01/04:38:48 solver.py:136 ] Epoch: [376/400][60/400] lr: 5.18e-05 | MSE loss: 3.7676e-04 | time: 0.123
I 06.01/04:38:51 solver.py:136 ] Epoch: [376/400][80/400] lr: 5.17e-05 | MSE loss: 3.8001e-04 | time: 0.119
I 06.01/04:38:53 solver.py:136 ] Epoch: [376/400][100/400] lr: 5.17e-05 | MSE loss: 3.8064e-04 | time: 0.120
I 06.01/04:38:55 solver.py:136 ] Epoch: [376/400][120/400] lr: 5.17e-05 | MSE loss: 3.8209e-04 | time: 0.116
I 06.01/04:38:56 solver.py:136 ] Epoch: [376/400][140/400] lr: 5.17e-05 | MSE loss: 3.8245e-04 | time: 0.111
I 06.01/04:38:58 solver.py:136 ] Epoch: [376/400][160/400] lr: 5.17e-05 | MSE loss: 3.8291e-04 | time: 0.106
I 06.01/04:39:00 solver.py:136 ] Epoch: [376/400][180/400] lr: 5.17e-05 | MSE loss: 3.8474e-04 | time: 0.106
I 06.01/04:39:03 solver.py:136 ] Epoch: [376/400][200/400] lr: 5.17e-05 | MSE loss: 3.8576e-04 | time: 0.109
I 06.01/04:39:05 solver.py:136 ] Epoch: [376/400][220/400] lr: 5.17e-05 | MSE loss: 3.8568e-04 | time: 0.110
I 06.01/04:39:07 solver.py:136 ] Epoch: [376/400][240/400] lr: 5.17e-05 | MSE loss: 3.8665e-04 | time: 0.109
I 06.01/04:39:09 solver.py:136 ] Epoch: [376/400][260/400] lr: 5.17e-05 | MSE loss: 3.8777e-04 | time: 0.109
I 06.01/04:39:12 solver.py:136 ] Epoch: [376/400][280/400] lr: 5.17e-05 | MSE loss: 3.8808e-04 | time: 0.111
I 06.01/04:39:15 solver.py:136 ] Epoch: [376/400][300/400] lr: 5.17e-05 | MSE loss: 3.8901e-04 | time: 0.112
I 06.01/04:39:18 solver.py:136 ] Epoch: [376/400][320/400] lr: 5.17e-05 | MSE loss: 3.8886e-04 | time: 0.114
I 06.01/04:39:20 solver.py:136 ] Epoch: [376/400][340/400] lr: 5.17e-05 | MSE loss: 3.8918e-04 | time: 0.115
I 06.01/04:39:23 solver.py:136 ] Epoch: [376/400][360/400] lr: 5.17e-05 | MSE loss: 3.8977e-04 | time: 0.116
I 06.01/04:39:25 solver.py:136 ] Epoch: [376/400][380/400] lr: 5.16e-05 | MSE loss: 3.8970e-04 | time: 0.117
I 06.01/04:39:27 solver.py:136 ] Epoch: [376/400][400/400] lr: 5.16e-05 | MSE loss: 3.8986e-04 | time: 0.116
I 06.01/04:39:27 solver.py:146 ] => Train  Loss: 3.8986e-04

I 06.01/04:39:30 solver.py:205 ] 
=! Best NMSE: -2.8045e+01 (epoch=370)

I 06.01/04:39:32 solver.py:136 ] Epoch: [377/400][20/400] lr: 5.16e-05 | MSE loss: 3.8318e-04 | time: 0.090
I 06.01/04:39:34 solver.py:136 ] Epoch: [377/400][40/400] lr: 5.16e-05 | MSE loss: 3.7949e-04 | time: 0.099
I 06.01/04:39:36 solver.py:136 ] Epoch: [377/400][60/400] lr: 5.16e-05 | MSE loss: 3.8555e-04 | time: 0.093
I 06.01/04:39:38 solver.py:136 ] Epoch: [377/400][80/400] lr: 5.16e-05 | MSE loss: 3.8488e-04 | time: 0.098
I 06.01/04:39:40 solver.py:136 ] Epoch: [377/400][100/400] lr: 5.16e-05 | MSE loss: 3.8889e-04 | time: 0.102
I 06.01/04:39:43 solver.py:136 ] Epoch: [377/400][120/400] lr: 5.16e-05 | MSE loss: 3.9023e-04 | time: 0.105
I 06.01/04:39:45 solver.py:136 ] Epoch: [377/400][140/400] lr: 5.16e-05 | MSE loss: 3.9075e-04 | time: 0.107
I 06.01/04:39:47 solver.py:136 ] Epoch: [377/400][160/400] lr: 5.16e-05 | MSE loss: 3.9150e-04 | time: 0.104
I 06.01/04:39:49 solver.py:136 ] Epoch: [377/400][180/400] lr: 5.16e-05 | MSE loss: 3.8993e-04 | time: 0.103
I 06.01/04:39:50 solver.py:136 ] Epoch: [377/400][200/400] lr: 5.16e-05 | MSE loss: 3.8855e-04 | time: 0.099
I 06.01/04:39:52 solver.py:136 ] Epoch: [377/400][220/400] lr: 5.16e-05 | MSE loss: 3.8846e-04 | time: 0.101
I 06.01/04:39:55 solver.py:136 ] Epoch: [377/400][240/400] lr: 5.16e-05 | MSE loss: 3.8847e-04 | time: 0.103
I 06.01/04:39:57 solver.py:136 ] Epoch: [377/400][260/400] lr: 5.16e-05 | MSE loss: 3.8775e-04 | time: 0.104
I 06.01/04:40:00 solver.py:136 ] Epoch: [377/400][280/400] lr: 5.15e-05 | MSE loss: 3.8714e-04 | time: 0.106
I 06.01/04:40:03 solver.py:136 ] Epoch: [377/400][300/400] lr: 5.15e-05 | MSE loss: 3.8731e-04 | time: 0.108
I 06.01/04:40:06 solver.py:136 ] Epoch: [377/400][320/400] lr: 5.15e-05 | MSE loss: 3.8934e-04 | time: 0.110
I 06.01/04:40:08 solver.py:136 ] Epoch: [377/400][340/400] lr: 5.15e-05 | MSE loss: 3.8923e-04 | time: 0.112
I 06.01/04:40:11 solver.py:136 ] Epoch: [377/400][360/400] lr: 5.15e-05 | MSE loss: 3.8946e-04 | time: 0.113
I 06.01/04:40:13 solver.py:136 ] Epoch: [377/400][380/400] lr: 5.15e-05 | MSE loss: 3.8885e-04 | time: 0.113
I 06.01/04:40:16 solver.py:136 ] Epoch: [377/400][400/400] lr: 5.15e-05 | MSE loss: 3.8885e-04 | time: 0.113
I 06.01/04:40:16 solver.py:146 ] => Train  Loss: 3.8885e-04

I 06.01/04:40:18 solver.py:205 ] 
=! Best NMSE: -2.8045e+01 (epoch=370)

I 06.01/04:40:21 solver.py:136 ] Epoch: [378/400][20/400] lr: 5.15e-05 | MSE loss: 3.8016e-04 | time: 0.126
I 06.01/04:40:22 solver.py:136 ] Epoch: [378/400][40/400] lr: 5.15e-05 | MSE loss: 3.8601e-04 | time: 0.106
I 06.01/04:40:24 solver.py:136 ] Epoch: [378/400][60/400] lr: 5.15e-05 | MSE loss: 3.9212e-04 | time: 0.101
I 06.01/04:40:26 solver.py:136 ] Epoch: [378/400][80/400] lr: 5.15e-05 | MSE loss: 3.8838e-04 | time: 0.101
I 06.01/04:40:29 solver.py:136 ] Epoch: [378/400][100/400] lr: 5.15e-05 | MSE loss: 3.8709e-04 | time: 0.106
I 06.01/04:40:31 solver.py:136 ] Epoch: [378/400][120/400] lr: 5.15e-05 | MSE loss: 3.8817e-04 | time: 0.109
I 06.01/04:40:32 solver.py:136 ] Epoch: [378/400][140/400] lr: 5.15e-05 | MSE loss: 3.8764e-04 | time: 0.103
I 06.01/04:40:34 solver.py:136 ] Epoch: [378/400][160/400] lr: 5.15e-05 | MSE loss: 3.8923e-04 | time: 0.100
I 06.01/04:40:36 solver.py:136 ] Epoch: [378/400][180/400] lr: 5.14e-05 | MSE loss: 3.8948e-04 | time: 0.102
I 06.01/04:40:38 solver.py:136 ] Epoch: [378/400][200/400] lr: 5.14e-05 | MSE loss: 3.8976e-04 | time: 0.102
I 06.01/04:40:40 solver.py:136 ] Epoch: [378/400][220/400] lr: 5.14e-05 | MSE loss: 3.9122e-04 | time: 0.099
I 06.01/04:40:42 solver.py:136 ] Epoch: [378/400][240/400] lr: 5.14e-05 | MSE loss: 3.9054e-04 | time: 0.099
I 06.01/04:40:45 solver.py:136 ] Epoch: [378/400][260/400] lr: 5.14e-05 | MSE loss: 3.9031e-04 | time: 0.102
I 06.01/04:40:47 solver.py:136 ] Epoch: [378/400][280/400] lr: 5.14e-05 | MSE loss: 3.9075e-04 | time: 0.104
I 06.01/04:40:50 solver.py:136 ] Epoch: [378/400][300/400] lr: 5.14e-05 | MSE loss: 3.9027e-04 | time: 0.106
I 06.01/04:40:53 solver.py:136 ] Epoch: [378/400][320/400] lr: 5.14e-05 | MSE loss: 3.8959e-04 | time: 0.108
I 06.01/04:40:55 solver.py:136 ] Epoch: [378/400][340/400] lr: 5.14e-05 | MSE loss: 3.8922e-04 | time: 0.110
I 06.01/04:40:58 solver.py:136 ] Epoch: [378/400][360/400] lr: 5.14e-05 | MSE loss: 3.8938e-04 | time: 0.112
I 06.01/04:41:01 solver.py:136 ] Epoch: [378/400][380/400] lr: 5.14e-05 | MSE loss: 3.8962e-04 | time: 0.112
I 06.01/04:41:03 solver.py:136 ] Epoch: [378/400][400/400] lr: 5.14e-05 | MSE loss: 3.8926e-04 | time: 0.114
I 06.01/04:41:03 solver.py:146 ] => Train  Loss: 3.8926e-04

I 06.01/04:41:06 solver.py:205 ] 
=! Best NMSE: -2.8045e+01 (epoch=370)

I 06.01/04:41:09 solver.py:136 ] Epoch: [379/400][20/400] lr: 5.14e-05 | MSE loss: 3.8280e-04 | time: 0.122
I 06.01/04:41:12 solver.py:136 ] Epoch: [379/400][40/400] lr: 5.14e-05 | MSE loss: 3.8464e-04 | time: 0.134
I 06.01/04:41:14 solver.py:136 ] Epoch: [379/400][60/400] lr: 5.14e-05 | MSE loss: 3.8261e-04 | time: 0.129
I 06.01/04:41:16 solver.py:136 ] Epoch: [379/400][80/400] lr: 5.14e-05 | MSE loss: 3.8330e-04 | time: 0.121
I 06.01/04:41:18 solver.py:136 ] Epoch: [379/400][100/400] lr: 5.13e-05 | MSE loss: 3.8405e-04 | time: 0.122
I 06.01/04:41:21 solver.py:136 ] Epoch: [379/400][120/400] lr: 5.13e-05 | MSE loss: 3.8294e-04 | time: 0.124
I 06.01/04:41:24 solver.py:136 ] Epoch: [379/400][140/400] lr: 5.13e-05 | MSE loss: 3.8460e-04 | time: 0.126
I 06.01/04:41:27 solver.py:136 ] Epoch: [379/400][160/400] lr: 5.13e-05 | MSE loss: 3.8682e-04 | time: 0.129
I 06.01/04:41:28 solver.py:136 ] Epoch: [379/400][180/400] lr: 5.13e-05 | MSE loss: 3.8571e-04 | time: 0.125
I 06.01/04:41:30 solver.py:136 ] Epoch: [379/400][200/400] lr: 5.13e-05 | MSE loss: 3.8618e-04 | time: 0.120
I 06.01/04:41:32 solver.py:136 ] Epoch: [379/400][220/400] lr: 5.13e-05 | MSE loss: 3.8745e-04 | time: 0.115
I 06.01/04:41:34 solver.py:136 ] Epoch: [379/400][240/400] lr: 5.13e-05 | MSE loss: 3.8645e-04 | time: 0.116
I 06.01/04:41:36 solver.py:136 ] Epoch: [379/400][260/400] lr: 5.13e-05 | MSE loss: 3.8668e-04 | time: 0.116
I 06.01/04:41:39 solver.py:136 ] Epoch: [379/400][280/400] lr: 5.13e-05 | MSE loss: 3.8534e-04 | time: 0.117
I 06.01/04:41:41 solver.py:136 ] Epoch: [379/400][300/400] lr: 5.13e-05 | MSE loss: 3.8540e-04 | time: 0.118
I 06.01/04:41:44 solver.py:136 ] Epoch: [379/400][320/400] lr: 5.13e-05 | MSE loss: 3.8785e-04 | time: 0.119
I 06.01/04:41:47 solver.py:136 ] Epoch: [379/400][340/400] lr: 5.13e-05 | MSE loss: 3.8840e-04 | time: 0.121
I 06.01/04:41:50 solver.py:136 ] Epoch: [379/400][360/400] lr: 5.13e-05 | MSE loss: 3.8812e-04 | time: 0.121
I 06.01/04:41:52 solver.py:136 ] Epoch: [379/400][380/400] lr: 5.13e-05 | MSE loss: 3.8855e-04 | time: 0.122
I 06.01/04:41:55 solver.py:136 ] Epoch: [379/400][400/400] lr: 5.13e-05 | MSE loss: 3.8929e-04 | time: 0.123
I 06.01/04:41:55 solver.py:146 ] => Train  Loss: 3.8929e-04

I 06.01/04:41:58 solver.py:205 ] 
=! Best NMSE: -2.8045e+01 (epoch=370)

I 06.01/04:42:00 solver.py:136 ] Epoch: [380/400][20/400] lr: 5.12e-05 | MSE loss: 3.6713e-04 | time: 0.096
I 06.01/04:42:03 solver.py:136 ] Epoch: [380/400][40/400] lr: 5.12e-05 | MSE loss: 3.7883e-04 | time: 0.121
I 06.01/04:42:05 solver.py:136 ] Epoch: [380/400][60/400] lr: 5.12e-05 | MSE loss: 3.8220e-04 | time: 0.109
I 06.01/04:42:08 solver.py:136 ] Epoch: [380/400][80/400] lr: 5.12e-05 | MSE loss: 3.7984e-04 | time: 0.112
I 06.01/04:42:10 solver.py:136 ] Epoch: [380/400][100/400] lr: 5.12e-05 | MSE loss: 3.7924e-04 | time: 0.117
I 06.01/04:42:13 solver.py:136 ] Epoch: [380/400][120/400] lr: 5.12e-05 | MSE loss: 3.7966e-04 | time: 0.120
I 06.01/04:42:16 solver.py:136 ] Epoch: [380/400][140/400] lr: 5.12e-05 | MSE loss: 3.8175e-04 | time: 0.122
I 06.01/04:42:18 solver.py:136 ] Epoch: [380/400][160/400] lr: 5.12e-05 | MSE loss: 3.8219e-04 | time: 0.121
I 06.01/04:42:20 solver.py:136 ] Epoch: [380/400][180/400] lr: 5.12e-05 | MSE loss: 3.8242e-04 | time: 0.118
I 06.01/04:42:22 solver.py:136 ] Epoch: [380/400][200/400] lr: 5.12e-05 | MSE loss: 3.8254e-04 | time: 0.115
I 06.01/04:42:24 solver.py:136 ] Epoch: [380/400][220/400] lr: 5.12e-05 | MSE loss: 3.8239e-04 | time: 0.117
I 06.01/04:42:26 solver.py:136 ] Epoch: [380/400][240/400] lr: 5.12e-05 | MSE loss: 3.8179e-04 | time: 0.115
I 06.01/04:42:27 solver.py:136 ] Epoch: [380/400][260/400] lr: 5.12e-05 | MSE loss: 3.8428e-04 | time: 0.111
I 06.01/04:42:30 solver.py:136 ] Epoch: [380/400][280/400] lr: 5.12e-05 | MSE loss: 3.8441e-04 | time: 0.112
I 06.01/04:42:33 solver.py:136 ] Epoch: [380/400][300/400] lr: 5.12e-05 | MSE loss: 3.8400e-04 | time: 0.113
I 06.01/04:42:35 solver.py:136 ] Epoch: [380/400][320/400] lr: 5.12e-05 | MSE loss: 3.8420e-04 | time: 0.114
I 06.01/04:42:38 solver.py:136 ] Epoch: [380/400][340/400] lr: 5.12e-05 | MSE loss: 3.8612e-04 | time: 0.116
I 06.01/04:42:41 solver.py:136 ] Epoch: [380/400][360/400] lr: 5.12e-05 | MSE loss: 3.8608e-04 | time: 0.117
I 06.01/04:42:44 solver.py:136 ] Epoch: [380/400][380/400] lr: 5.11e-05 | MSE loss: 3.8643e-04 | time: 0.119
I 06.01/04:42:47 solver.py:136 ] Epoch: [380/400][400/400] lr: 5.11e-05 | MSE loss: 3.8702e-04 | time: 0.120
I 06.01/04:42:47 solver.py:146 ] => Train  Loss: 3.8702e-04

I 06.01/04:42:48 solver.py:136 ] Epoch: [380/400][20/50] lr: 5.11e-05 | MSE loss: 7.4894e-04 | time: 0.059
I 06.01/04:42:49 solver.py:136 ] Epoch: [380/400][40/50] lr: 5.11e-05 | MSE loss: 7.7439e-04 | time: 0.060
I 06.01/04:42:50 solver.py:146 ] => Val  Loss: 7.6526e-04

I 06.01/04:42:51 solver.py:287 ] [20/50] loss: 7.9041e-04 | NMSE: -2.8063e+01 | time: 0.071
I 06.01/04:42:53 solver.py:287 ] [40/50] loss: 7.9198e-04 | NMSE: -2.8070e+01 | time: 0.072
I 06.01/04:42:53 solver.py:291 ] => Test NMSE: -2.8040e+01

I 06.01/04:42:55 solver.py:205 ] 
=! Best NMSE: -2.8045e+01 (epoch=370)

I 06.01/04:42:57 solver.py:136 ] Epoch: [381/400][20/400] lr: 5.11e-05 | MSE loss: 3.7161e-04 | time: 0.084
I 06.01/04:42:59 solver.py:136 ] Epoch: [381/400][40/400] lr: 5.11e-05 | MSE loss: 3.7433e-04 | time: 0.085
I 06.01/04:43:01 solver.py:136 ] Epoch: [381/400][60/400] lr: 5.11e-05 | MSE loss: 3.8071e-04 | time: 0.086
I 06.01/04:43:04 solver.py:136 ] Epoch: [381/400][80/400] lr: 5.11e-05 | MSE loss: 3.8359e-04 | time: 0.112
I 06.01/04:43:06 solver.py:136 ] Epoch: [381/400][100/400] lr: 5.11e-05 | MSE loss: 3.8671e-04 | time: 0.103
I 06.01/04:43:08 solver.py:136 ] Epoch: [381/400][120/400] lr: 5.11e-05 | MSE loss: 3.8803e-04 | time: 0.102
I 06.01/04:43:10 solver.py:136 ] Epoch: [381/400][140/400] lr: 5.11e-05 | MSE loss: 3.9053e-04 | time: 0.101
I 06.01/04:43:12 solver.py:136 ] Epoch: [381/400][160/400] lr: 5.11e-05 | MSE loss: 3.8925e-04 | time: 0.101
I 06.01/04:43:14 solver.py:136 ] Epoch: [381/400][180/400] lr: 5.11e-05 | MSE loss: 3.8713e-04 | time: 0.103
I 06.01/04:43:17 solver.py:136 ] Epoch: [381/400][200/400] lr: 5.11e-05 | MSE loss: 3.8879e-04 | time: 0.106
I 06.01/04:43:19 solver.py:136 ] Epoch: [381/400][220/400] lr: 5.11e-05 | MSE loss: 3.8790e-04 | time: 0.108
I 06.01/04:43:21 solver.py:136 ] Epoch: [381/400][240/400] lr: 5.11e-05 | MSE loss: 3.8787e-04 | time: 0.107
I 06.01/04:43:23 solver.py:136 ] Epoch: [381/400][260/400] lr: 5.11e-05 | MSE loss: 3.8779e-04 | time: 0.105
I 06.01/04:43:26 solver.py:136 ] Epoch: [381/400][280/400] lr: 5.11e-05 | MSE loss: 3.8793e-04 | time: 0.107
I 06.01/04:43:28 solver.py:136 ] Epoch: [381/400][300/400] lr: 5.11e-05 | MSE loss: 3.8791e-04 | time: 0.108
I 06.01/04:43:31 solver.py:136 ] Epoch: [381/400][320/400] lr: 5.11e-05 | MSE loss: 3.8754e-04 | time: 0.111
I 06.01/04:43:34 solver.py:136 ] Epoch: [381/400][340/400] lr: 5.10e-05 | MSE loss: 3.8764e-04 | time: 0.112
I 06.01/04:43:36 solver.py:136 ] Epoch: [381/400][360/400] lr: 5.10e-05 | MSE loss: 3.8782e-04 | time: 0.113
I 06.01/04:43:39 solver.py:136 ] Epoch: [381/400][380/400] lr: 5.10e-05 | MSE loss: 3.8716e-04 | time: 0.114
I 06.01/04:43:42 solver.py:136 ] Epoch: [381/400][400/400] lr: 5.10e-05 | MSE loss: 3.8693e-04 | time: 0.115
I 06.01/04:43:42 solver.py:146 ] => Train  Loss: 3.8693e-04

I 06.01/04:43:44 solver.py:205 ] 
=! Best NMSE: -2.8045e+01 (epoch=370)

I 06.01/04:43:47 solver.py:136 ] Epoch: [382/400][20/400] lr: 5.10e-05 | MSE loss: 3.8209e-04 | time: 0.121
I 06.01/04:43:49 solver.py:136 ] Epoch: [382/400][40/400] lr: 5.10e-05 | MSE loss: 3.7545e-04 | time: 0.127
I 06.01/04:43:52 solver.py:136 ] Epoch: [382/400][60/400] lr: 5.10e-05 | MSE loss: 3.8026e-04 | time: 0.123
I 06.01/04:43:53 solver.py:136 ] Epoch: [382/400][80/400] lr: 5.10e-05 | MSE loss: 3.8214e-04 | time: 0.115
I 06.01/04:43:55 solver.py:136 ] Epoch: [382/400][100/400] lr: 5.10e-05 | MSE loss: 3.8598e-04 | time: 0.107
I 06.01/04:43:56 solver.py:136 ] Epoch: [382/400][120/400] lr: 5.10e-05 | MSE loss: 3.8679e-04 | time: 0.101
I 06.01/04:43:58 solver.py:136 ] Epoch: [382/400][140/400] lr: 5.10e-05 | MSE loss: 3.8664e-04 | time: 0.099
I 06.01/04:44:00 solver.py:136 ] Epoch: [382/400][160/400] lr: 5.10e-05 | MSE loss: 3.8624e-04 | time: 0.097
I 06.01/04:44:02 solver.py:136 ] Epoch: [382/400][180/400] lr: 5.10e-05 | MSE loss: 3.8741e-04 | time: 0.101
I 06.01/04:44:05 solver.py:136 ] Epoch: [382/400][200/400] lr: 5.10e-05 | MSE loss: 3.8662e-04 | time: 0.105
I 06.01/04:44:07 solver.py:136 ] Epoch: [382/400][220/400] lr: 5.10e-05 | MSE loss: 3.8732e-04 | time: 0.101
I 06.01/04:44:08 solver.py:136 ] Epoch: [382/400][240/400] lr: 5.10e-05 | MSE loss: 3.8606e-04 | time: 0.100
I 06.01/04:44:10 solver.py:136 ] Epoch: [382/400][260/400] lr: 5.10e-05 | MSE loss: 3.8662e-04 | time: 0.099
I 06.01/04:44:12 solver.py:136 ] Epoch: [382/400][280/400] lr: 5.10e-05 | MSE loss: 3.8726e-04 | time: 0.099
I 06.01/04:44:14 solver.py:136 ] Epoch: [382/400][300/400] lr: 5.09e-05 | MSE loss: 3.8704e-04 | time: 0.098
I 06.01/04:44:15 solver.py:136 ] Epoch: [382/400][320/400] lr: 5.09e-05 | MSE loss: 3.8812e-04 | time: 0.097
I 06.01/04:44:17 solver.py:136 ] Epoch: [382/400][340/400] lr: 5.09e-05 | MSE loss: 3.8876e-04 | time: 0.097
I 06.01/04:44:19 solver.py:136 ] Epoch: [382/400][360/400] lr: 5.09e-05 | MSE loss: 3.8898e-04 | time: 0.097
I 06.01/04:44:22 solver.py:136 ] Epoch: [382/400][380/400] lr: 5.09e-05 | MSE loss: 3.8931e-04 | time: 0.098
I 06.01/04:44:23 solver.py:136 ] Epoch: [382/400][400/400] lr: 5.09e-05 | MSE loss: 3.8964e-04 | time: 0.098
I 06.01/04:44:23 solver.py:146 ] => Train  Loss: 3.8964e-04

I 06.01/04:44:27 solver.py:205 ] 
=! Best NMSE: -2.8045e+01 (epoch=370)

I 06.01/04:44:28 solver.py:136 ] Epoch: [383/400][20/400] lr: 5.09e-05 | MSE loss: 3.8690e-04 | time: 0.075
I 06.01/04:44:30 solver.py:136 ] Epoch: [383/400][40/400] lr: 5.09e-05 | MSE loss: 3.8295e-04 | time: 0.087
I 06.01/04:44:33 solver.py:136 ] Epoch: [383/400][60/400] lr: 5.09e-05 | MSE loss: 3.8215e-04 | time: 0.099
I 06.01/04:44:35 solver.py:136 ] Epoch: [383/400][80/400] lr: 5.09e-05 | MSE loss: 3.8265e-04 | time: 0.105
I 06.01/04:44:37 solver.py:136 ] Epoch: [383/400][100/400] lr: 5.09e-05 | MSE loss: 3.8193e-04 | time: 0.106
I 06.01/04:44:40 solver.py:136 ] Epoch: [383/400][120/400] lr: 5.09e-05 | MSE loss: 3.7983e-04 | time: 0.107
I 06.01/04:44:42 solver.py:136 ] Epoch: [383/400][140/400] lr: 5.09e-05 | MSE loss: 3.7970e-04 | time: 0.109
I 06.01/04:44:44 solver.py:136 ] Epoch: [383/400][160/400] lr: 5.09e-05 | MSE loss: 3.8094e-04 | time: 0.107
I 06.01/04:44:46 solver.py:136 ] Epoch: [383/400][180/400] lr: 5.09e-05 | MSE loss: 3.7992e-04 | time: 0.106
I 06.01/04:44:49 solver.py:136 ] Epoch: [383/400][200/400] lr: 5.09e-05 | MSE loss: 3.8030e-04 | time: 0.109
I 06.01/04:44:51 solver.py:136 ] Epoch: [383/400][220/400] lr: 5.09e-05 | MSE loss: 3.8117e-04 | time: 0.110
I 06.01/04:44:53 solver.py:136 ] Epoch: [383/400][240/400] lr: 5.09e-05 | MSE loss: 3.8234e-04 | time: 0.111
I 06.01/04:44:56 solver.py:136 ] Epoch: [383/400][260/400] lr: 5.09e-05 | MSE loss: 3.8487e-04 | time: 0.112
I 06.01/04:44:58 solver.py:136 ] Epoch: [383/400][280/400] lr: 5.09e-05 | MSE loss: 3.8543e-04 | time: 0.111
I 06.01/04:45:00 solver.py:136 ] Epoch: [383/400][300/400] lr: 5.08e-05 | MSE loss: 3.8542e-04 | time: 0.110
I 06.01/04:45:03 solver.py:136 ] Epoch: [383/400][320/400] lr: 5.08e-05 | MSE loss: 3.8551e-04 | time: 0.112
I 06.01/04:45:05 solver.py:136 ] Epoch: [383/400][340/400] lr: 5.08e-05 | MSE loss: 3.8554e-04 | time: 0.113
I 06.01/04:45:08 solver.py:136 ] Epoch: [383/400][360/400] lr: 5.08e-05 | MSE loss: 3.8613e-04 | time: 0.114
I 06.01/04:45:10 solver.py:136 ] Epoch: [383/400][380/400] lr: 5.08e-05 | MSE loss: 3.8569e-04 | time: 0.114
I 06.01/04:45:13 solver.py:136 ] Epoch: [383/400][400/400] lr: 5.08e-05 | MSE loss: 3.8573e-04 | time: 0.115
I 06.01/04:45:13 solver.py:146 ] => Train  Loss: 3.8573e-04

I 06.01/04:45:17 solver.py:205 ] 
=! Best NMSE: -2.8045e+01 (epoch=370)

I 06.01/04:45:19 solver.py:136 ] Epoch: [384/400][20/400] lr: 5.08e-05 | MSE loss: 3.9126e-04 | time: 0.114
I 06.01/04:45:22 solver.py:136 ] Epoch: [384/400][40/400] lr: 5.08e-05 | MSE loss: 3.8606e-04 | time: 0.118
I 06.01/04:45:23 solver.py:136 ] Epoch: [384/400][60/400] lr: 5.08e-05 | MSE loss: 3.8554e-04 | time: 0.105
I 06.01/04:45:25 solver.py:136 ] Epoch: [384/400][80/400] lr: 5.08e-05 | MSE loss: 3.8266e-04 | time: 0.097
I 06.01/04:45:27 solver.py:136 ] Epoch: [384/400][100/400] lr: 5.08e-05 | MSE loss: 3.8086e-04 | time: 0.101
I 06.01/04:45:30 solver.py:136 ] Epoch: [384/400][120/400] lr: 5.08e-05 | MSE loss: 3.8052e-04 | time: 0.106
I 06.01/04:45:33 solver.py:136 ] Epoch: [384/400][140/400] lr: 5.08e-05 | MSE loss: 3.8062e-04 | time: 0.111
I 06.01/04:45:35 solver.py:136 ] Epoch: [384/400][160/400] lr: 5.08e-05 | MSE loss: 3.8018e-04 | time: 0.111
I 06.01/04:45:37 solver.py:136 ] Epoch: [384/400][180/400] lr: 5.08e-05 | MSE loss: 3.8069e-04 | time: 0.109
I 06.01/04:45:39 solver.py:136 ] Epoch: [384/400][200/400] lr: 5.08e-05 | MSE loss: 3.7961e-04 | time: 0.109
I 06.01/04:45:42 solver.py:136 ] Epoch: [384/400][220/400] lr: 5.08e-05 | MSE loss: 3.7990e-04 | time: 0.112
I 06.01/04:45:44 solver.py:136 ] Epoch: [384/400][240/400] lr: 5.08e-05 | MSE loss: 3.8053e-04 | time: 0.113
I 06.01/04:45:47 solver.py:136 ] Epoch: [384/400][260/400] lr: 5.08e-05 | MSE loss: 3.8052e-04 | time: 0.114
I 06.01/04:45:49 solver.py:136 ] Epoch: [384/400][280/400] lr: 5.08e-05 | MSE loss: 3.8067e-04 | time: 0.113
I 06.01/04:45:51 solver.py:136 ] Epoch: [384/400][300/400] lr: 5.08e-05 | MSE loss: 3.8253e-04 | time: 0.113
I 06.01/04:45:53 solver.py:136 ] Epoch: [384/400][320/400] lr: 5.07e-05 | MSE loss: 3.8326e-04 | time: 0.111
I 06.01/04:45:54 solver.py:136 ] Epoch: [384/400][340/400] lr: 5.07e-05 | MSE loss: 3.8446e-04 | time: 0.109
I 06.01/04:45:56 solver.py:136 ] Epoch: [384/400][360/400] lr: 5.07e-05 | MSE loss: 3.8490e-04 | time: 0.108
I 06.01/04:45:59 solver.py:136 ] Epoch: [384/400][380/400] lr: 5.07e-05 | MSE loss: 3.8500e-04 | time: 0.109
I 06.01/04:46:01 solver.py:136 ] Epoch: [384/400][400/400] lr: 5.07e-05 | MSE loss: 3.8530e-04 | time: 0.109
I 06.01/04:46:01 solver.py:146 ] => Train  Loss: 3.8530e-04

I 06.01/04:46:06 solver.py:205 ] 
=! Best NMSE: -2.8045e+01 (epoch=370)

I 06.01/04:46:09 solver.py:136 ] Epoch: [385/400][20/400] lr: 5.07e-05 | MSE loss: 3.7957e-04 | time: 0.129
I 06.01/04:46:12 solver.py:136 ] Epoch: [385/400][40/400] lr: 5.07e-05 | MSE loss: 3.8419e-04 | time: 0.136
I 06.01/04:46:14 solver.py:136 ] Epoch: [385/400][60/400] lr: 5.07e-05 | MSE loss: 3.7849e-04 | time: 0.134
I 06.01/04:46:17 solver.py:136 ] Epoch: [385/400][80/400] lr: 5.07e-05 | MSE loss: 3.8146e-04 | time: 0.133
I 06.01/04:46:19 solver.py:136 ] Epoch: [385/400][100/400] lr: 5.07e-05 | MSE loss: 3.8368e-04 | time: 0.132
I 06.01/04:46:21 solver.py:136 ] Epoch: [385/400][120/400] lr: 5.07e-05 | MSE loss: 3.8421e-04 | time: 0.124
I 06.01/04:46:23 solver.py:136 ] Epoch: [385/400][140/400] lr: 5.07e-05 | MSE loss: 3.8382e-04 | time: 0.121
I 06.01/04:46:25 solver.py:136 ] Epoch: [385/400][160/400] lr: 5.07e-05 | MSE loss: 3.8377e-04 | time: 0.119
I 06.01/04:46:27 solver.py:136 ] Epoch: [385/400][180/400] lr: 5.07e-05 | MSE loss: 3.8407e-04 | time: 0.115
I 06.01/04:46:29 solver.py:136 ] Epoch: [385/400][200/400] lr: 5.07e-05 | MSE loss: 3.8340e-04 | time: 0.115
I 06.01/04:46:32 solver.py:136 ] Epoch: [385/400][220/400] lr: 5.07e-05 | MSE loss: 3.8432e-04 | time: 0.117
I 06.01/04:46:35 solver.py:136 ] Epoch: [385/400][240/400] lr: 5.07e-05 | MSE loss: 3.8396e-04 | time: 0.119
I 06.01/04:46:38 solver.py:136 ] Epoch: [385/400][260/400] lr: 5.07e-05 | MSE loss: 3.8415e-04 | time: 0.120
I 06.01/04:46:40 solver.py:136 ] Epoch: [385/400][280/400] lr: 5.07e-05 | MSE loss: 3.8409e-04 | time: 0.121
I 06.01/04:46:42 solver.py:136 ] Epoch: [385/400][300/400] lr: 5.07e-05 | MSE loss: 3.8388e-04 | time: 0.119
I 06.01/04:46:44 solver.py:136 ] Epoch: [385/400][320/400] lr: 5.07e-05 | MSE loss: 3.8350e-04 | time: 0.118
I 06.01/04:46:46 solver.py:136 ] Epoch: [385/400][340/400] lr: 5.07e-05 | MSE loss: 3.8370e-04 | time: 0.116
I 06.01/04:46:48 solver.py:136 ] Epoch: [385/400][360/400] lr: 5.07e-05 | MSE loss: 3.8548e-04 | time: 0.117
I 06.01/04:46:51 solver.py:136 ] Epoch: [385/400][380/400] lr: 5.06e-05 | MSE loss: 3.8601e-04 | time: 0.117
I 06.01/04:46:54 solver.py:136 ] Epoch: [385/400][400/400] lr: 5.06e-05 | MSE loss: 3.8564e-04 | time: 0.119
I 06.01/04:46:54 solver.py:146 ] => Train  Loss: 3.8564e-04

I 06.01/04:46:57 solver.py:205 ] 
=! Best NMSE: -2.8045e+01 (epoch=370)

I 06.01/04:46:59 solver.py:136 ] Epoch: [386/400][20/400] lr: 5.06e-05 | MSE loss: 3.8499e-04 | time: 0.113
I 06.01/04:47:02 solver.py:136 ] Epoch: [386/400][40/400] lr: 5.06e-05 | MSE loss: 3.8618e-04 | time: 0.118
I 06.01/04:47:05 solver.py:136 ] Epoch: [386/400][60/400] lr: 5.06e-05 | MSE loss: 3.8491e-04 | time: 0.128
I 06.01/04:47:07 solver.py:136 ] Epoch: [386/400][80/400] lr: 5.06e-05 | MSE loss: 3.8174e-04 | time: 0.122
I 06.01/04:47:10 solver.py:136 ] Epoch: [386/400][100/400] lr: 5.06e-05 | MSE loss: 3.8047e-04 | time: 0.126
I 06.01/04:47:12 solver.py:136 ] Epoch: [386/400][120/400] lr: 5.06e-05 | MSE loss: 3.8017e-04 | time: 0.128
I 06.01/04:47:14 solver.py:136 ] Epoch: [386/400][140/400] lr: 5.06e-05 | MSE loss: 3.8195e-04 | time: 0.122
I 06.01/04:47:15 solver.py:136 ] Epoch: [386/400][160/400] lr: 5.06e-05 | MSE loss: 3.8235e-04 | time: 0.116
I 06.01/04:47:17 solver.py:136 ] Epoch: [386/400][180/400] lr: 5.06e-05 | MSE loss: 3.8273e-04 | time: 0.111
I 06.01/04:47:19 solver.py:136 ] Epoch: [386/400][200/400] lr: 5.06e-05 | MSE loss: 3.8174e-04 | time: 0.108
I 06.01/04:47:21 solver.py:136 ] Epoch: [386/400][220/400] lr: 5.06e-05 | MSE loss: 3.8160e-04 | time: 0.108
I 06.01/04:47:23 solver.py:136 ] Epoch: [386/400][240/400] lr: 5.06e-05 | MSE loss: 3.8110e-04 | time: 0.110
I 06.01/04:47:26 solver.py:136 ] Epoch: [386/400][260/400] lr: 5.06e-05 | MSE loss: 3.8146e-04 | time: 0.112
I 06.01/04:47:28 solver.py:136 ] Epoch: [386/400][280/400] lr: 5.06e-05 | MSE loss: 3.8258e-04 | time: 0.112
I 06.01/04:47:31 solver.py:136 ] Epoch: [386/400][300/400] lr: 5.06e-05 | MSE loss: 3.8280e-04 | time: 0.114
I 06.01/04:47:33 solver.py:136 ] Epoch: [386/400][320/400] lr: 5.06e-05 | MSE loss: 3.8237e-04 | time: 0.114
I 06.01/04:47:35 solver.py:136 ] Epoch: [386/400][340/400] lr: 5.06e-05 | MSE loss: 3.8201e-04 | time: 0.112
I 06.01/04:47:37 solver.py:136 ] Epoch: [386/400][360/400] lr: 5.06e-05 | MSE loss: 3.8399e-04 | time: 0.112
I 06.01/04:47:40 solver.py:136 ] Epoch: [386/400][380/400] lr: 5.06e-05 | MSE loss: 3.8363e-04 | time: 0.113
I 06.01/04:47:43 solver.py:136 ] Epoch: [386/400][400/400] lr: 5.06e-05 | MSE loss: 3.8319e-04 | time: 0.115
I 06.01/04:47:43 solver.py:146 ] => Train  Loss: 3.8319e-04

I 06.01/04:47:45 solver.py:205 ] 
=! Best NMSE: -2.8045e+01 (epoch=370)

I 06.01/04:47:48 solver.py:136 ] Epoch: [387/400][20/400] lr: 5.06e-05 | MSE loss: 3.8651e-04 | time: 0.118
I 06.01/04:47:51 solver.py:136 ] Epoch: [387/400][40/400] lr: 5.06e-05 | MSE loss: 3.8953e-04 | time: 0.131
I 06.01/04:47:54 solver.py:136 ] Epoch: [387/400][60/400] lr: 5.05e-05 | MSE loss: 3.8825e-04 | time: 0.134
I 06.01/04:47:57 solver.py:136 ] Epoch: [387/400][80/400] lr: 5.05e-05 | MSE loss: 3.8691e-04 | time: 0.136
I 06.01/04:47:59 solver.py:136 ] Epoch: [387/400][100/400] lr: 5.05e-05 | MSE loss: 3.8385e-04 | time: 0.137
I 06.01/04:48:02 solver.py:136 ] Epoch: [387/400][120/400] lr: 5.05e-05 | MSE loss: 3.8405e-04 | time: 0.139
I 06.01/04:48:05 solver.py:136 ] Epoch: [387/400][140/400] lr: 5.05e-05 | MSE loss: 3.8259e-04 | time: 0.137
I 06.01/04:48:07 solver.py:136 ] Epoch: [387/400][160/400] lr: 5.05e-05 | MSE loss: 3.8164e-04 | time: 0.131
I 06.01/04:48:08 solver.py:136 ] Epoch: [387/400][180/400] lr: 5.05e-05 | MSE loss: 3.8254e-04 | time: 0.125
I 06.01/04:48:10 solver.py:136 ] Epoch: [387/400][200/400] lr: 5.05e-05 | MSE loss: 3.8312e-04 | time: 0.123
I 06.01/04:48:12 solver.py:136 ] Epoch: [387/400][220/400] lr: 5.05e-05 | MSE loss: 3.8328e-04 | time: 0.122
I 06.01/04:48:14 solver.py:136 ] Epoch: [387/400][240/400] lr: 5.05e-05 | MSE loss: 3.8376e-04 | time: 0.117
I 06.01/04:48:15 solver.py:136 ] Epoch: [387/400][260/400] lr: 5.05e-05 | MSE loss: 3.8274e-04 | time: 0.114
I 06.01/04:48:18 solver.py:136 ] Epoch: [387/400][280/400] lr: 5.05e-05 | MSE loss: 3.8277e-04 | time: 0.115
I 06.01/04:48:20 solver.py:136 ] Epoch: [387/400][300/400] lr: 5.05e-05 | MSE loss: 3.8240e-04 | time: 0.116
I 06.01/04:48:22 solver.py:136 ] Epoch: [387/400][320/400] lr: 5.05e-05 | MSE loss: 3.8264e-04 | time: 0.114
I 06.01/04:48:24 solver.py:136 ] Epoch: [387/400][340/400] lr: 5.05e-05 | MSE loss: 3.8285e-04 | time: 0.112
I 06.01/04:48:26 solver.py:136 ] Epoch: [387/400][360/400] lr: 5.05e-05 | MSE loss: 3.8321e-04 | time: 0.111
I 06.01/04:48:28 solver.py:136 ] Epoch: [387/400][380/400] lr: 5.05e-05 | MSE loss: 3.8403e-04 | time: 0.112
I 06.01/04:48:31 solver.py:136 ] Epoch: [387/400][400/400] lr: 5.05e-05 | MSE loss: 3.8359e-04 | time: 0.114
I 06.01/04:48:31 solver.py:146 ] => Train  Loss: 3.8359e-04

I 06.01/04:48:33 solver.py:205 ] 
=! Best NMSE: -2.8045e+01 (epoch=370)

I 06.01/04:48:36 solver.py:136 ] Epoch: [388/400][20/400] lr: 5.05e-05 | MSE loss: 3.6420e-04 | time: 0.131
I 06.01/04:48:39 solver.py:136 ] Epoch: [388/400][40/400] lr: 5.05e-05 | MSE loss: 3.7032e-04 | time: 0.130
I 06.01/04:48:42 solver.py:136 ] Epoch: [388/400][60/400] lr: 5.05e-05 | MSE loss: 3.7263e-04 | time: 0.133
I 06.01/04:48:45 solver.py:136 ] Epoch: [388/400][80/400] lr: 5.05e-05 | MSE loss: 3.7053e-04 | time: 0.136
I 06.01/04:48:47 solver.py:136 ] Epoch: [388/400][100/400] lr: 5.05e-05 | MSE loss: 3.6996e-04 | time: 0.133
I 06.01/04:48:49 solver.py:136 ] Epoch: [388/400][120/400] lr: 5.05e-05 | MSE loss: 3.7097e-04 | time: 0.132
I 06.01/04:48:52 solver.py:136 ] Epoch: [388/400][140/400] lr: 5.05e-05 | MSE loss: 3.7294e-04 | time: 0.133
I 06.01/04:48:55 solver.py:136 ] Epoch: [388/400][160/400] lr: 5.05e-05 | MSE loss: 3.7541e-04 | time: 0.133
I 06.01/04:48:57 solver.py:136 ] Epoch: [388/400][180/400] lr: 5.04e-05 | MSE loss: 3.7594e-04 | time: 0.129
I 06.01/04:48:59 solver.py:136 ] Epoch: [388/400][200/400] lr: 5.04e-05 | MSE loss: 3.7603e-04 | time: 0.127
I 06.01/04:49:02 solver.py:136 ] Epoch: [388/400][220/400] lr: 5.04e-05 | MSE loss: 3.7699e-04 | time: 0.128
I 06.01/04:49:05 solver.py:136 ] Epoch: [388/400][240/400] lr: 5.04e-05 | MSE loss: 3.7920e-04 | time: 0.130
I 06.01/04:49:07 solver.py:136 ] Epoch: [388/400][260/400] lr: 5.04e-05 | MSE loss: 3.8012e-04 | time: 0.128
I 06.01/04:49:08 solver.py:136 ] Epoch: [388/400][280/400] lr: 5.04e-05 | MSE loss: 3.8030e-04 | time: 0.124
I 06.01/04:49:10 solver.py:136 ] Epoch: [388/400][300/400] lr: 5.04e-05 | MSE loss: 3.8151e-04 | time: 0.120
I 06.01/04:49:11 solver.py:136 ] Epoch: [388/400][320/400] lr: 5.04e-05 | MSE loss: 3.8182e-04 | time: 0.117
I 06.01/04:49:13 solver.py:136 ] Epoch: [388/400][340/400] lr: 5.04e-05 | MSE loss: 3.8206e-04 | time: 0.116
I 06.01/04:49:15 solver.py:136 ] Epoch: [388/400][360/400] lr: 5.04e-05 | MSE loss: 3.8208e-04 | time: 0.115
I 06.01/04:49:17 solver.py:136 ] Epoch: [388/400][380/400] lr: 5.04e-05 | MSE loss: 3.8277e-04 | time: 0.115
I 06.01/04:49:20 solver.py:136 ] Epoch: [388/400][400/400] lr: 5.04e-05 | MSE loss: 3.8310e-04 | time: 0.116
I 06.01/04:49:20 solver.py:146 ] => Train  Loss: 3.8310e-04

I 06.01/04:49:23 solver.py:205 ] 
=! Best NMSE: -2.8045e+01 (epoch=370)

I 06.01/04:49:26 solver.py:136 ] Epoch: [389/400][20/400] lr: 5.04e-05 | MSE loss: 3.9437e-04 | time: 0.126
I 06.01/04:49:29 solver.py:136 ] Epoch: [389/400][40/400] lr: 5.04e-05 | MSE loss: 3.7867e-04 | time: 0.131
I 06.01/04:49:31 solver.py:136 ] Epoch: [389/400][60/400] lr: 5.04e-05 | MSE loss: 3.7541e-04 | time: 0.135
I 06.01/04:49:34 solver.py:136 ] Epoch: [389/400][80/400] lr: 5.04e-05 | MSE loss: 3.7465e-04 | time: 0.136
I 06.01/04:49:37 solver.py:136 ] Epoch: [389/400][100/400] lr: 5.04e-05 | MSE loss: 3.7688e-04 | time: 0.137
I 06.01/04:49:39 solver.py:136 ] Epoch: [389/400][120/400] lr: 5.04e-05 | MSE loss: 3.7829e-04 | time: 0.134
I 06.01/04:49:42 solver.py:136 ] Epoch: [389/400][140/400] lr: 5.04e-05 | MSE loss: 3.7928e-04 | time: 0.134
I 06.01/04:49:45 solver.py:136 ] Epoch: [389/400][160/400] lr: 5.04e-05 | MSE loss: 3.8142e-04 | time: 0.134
I 06.01/04:49:47 solver.py:136 ] Epoch: [389/400][180/400] lr: 5.04e-05 | MSE loss: 3.8136e-04 | time: 0.133
I 06.01/04:49:49 solver.py:136 ] Epoch: [389/400][200/400] lr: 5.04e-05 | MSE loss: 3.8332e-04 | time: 0.130
I 06.01/04:49:51 solver.py:136 ] Epoch: [389/400][220/400] lr: 5.04e-05 | MSE loss: 3.8342e-04 | time: 0.126
I 06.01/04:49:53 solver.py:136 ] Epoch: [389/400][240/400] lr: 5.04e-05 | MSE loss: 3.8397e-04 | time: 0.125
I 06.01/04:49:56 solver.py:136 ] Epoch: [389/400][260/400] lr: 5.04e-05 | MSE loss: 3.8442e-04 | time: 0.126
I 06.01/04:49:58 solver.py:136 ] Epoch: [389/400][280/400] lr: 5.04e-05 | MSE loss: 3.8371e-04 | time: 0.125
I 06.01/04:50:00 solver.py:136 ] Epoch: [389/400][300/400] lr: 5.04e-05 | MSE loss: 3.8353e-04 | time: 0.123
I 06.01/04:50:02 solver.py:136 ] Epoch: [389/400][320/400] lr: 5.04e-05 | MSE loss: 3.8359e-04 | time: 0.122
I 06.01/04:50:05 solver.py:136 ] Epoch: [389/400][340/400] lr: 5.04e-05 | MSE loss: 3.8357e-04 | time: 0.122
I 06.01/04:50:07 solver.py:136 ] Epoch: [389/400][360/400] lr: 5.04e-05 | MSE loss: 3.8420e-04 | time: 0.122
I 06.01/04:50:10 solver.py:136 ] Epoch: [389/400][380/400] lr: 5.03e-05 | MSE loss: 3.8437e-04 | time: 0.123
I 06.01/04:50:12 solver.py:136 ] Epoch: [389/400][400/400] lr: 5.03e-05 | MSE loss: 3.8414e-04 | time: 0.123
I 06.01/04:50:12 solver.py:146 ] => Train  Loss: 3.8414e-04

I 06.01/04:50:16 solver.py:205 ] 
=! Best NMSE: -2.8045e+01 (epoch=370)

I 06.01/04:50:19 solver.py:136 ] Epoch: [390/400][20/400] lr: 5.03e-05 | MSE loss: 3.9547e-04 | time: 0.140
I 06.01/04:50:22 solver.py:136 ] Epoch: [390/400][40/400] lr: 5.03e-05 | MSE loss: 3.8314e-04 | time: 0.142
I 06.01/04:50:25 solver.py:136 ] Epoch: [390/400][60/400] lr: 5.03e-05 | MSE loss: 3.8043e-04 | time: 0.141
I 06.01/04:50:27 solver.py:136 ] Epoch: [390/400][80/400] lr: 5.03e-05 | MSE loss: 3.8072e-04 | time: 0.136
I 06.01/04:50:30 solver.py:136 ] Epoch: [390/400][100/400] lr: 5.03e-05 | MSE loss: 3.7741e-04 | time: 0.132
I 06.01/04:50:32 solver.py:136 ] Epoch: [390/400][120/400] lr: 5.03e-05 | MSE loss: 3.7888e-04 | time: 0.131
I 06.01/04:50:35 solver.py:136 ] Epoch: [390/400][140/400] lr: 5.03e-05 | MSE loss: 3.7830e-04 | time: 0.130
I 06.01/04:50:37 solver.py:136 ] Epoch: [390/400][160/400] lr: 5.03e-05 | MSE loss: 3.7873e-04 | time: 0.130
I 06.01/04:50:40 solver.py:136 ] Epoch: [390/400][180/400] lr: 5.03e-05 | MSE loss: 3.7828e-04 | time: 0.129
I 06.01/04:50:42 solver.py:136 ] Epoch: [390/400][200/400] lr: 5.03e-05 | MSE loss: 3.7803e-04 | time: 0.126
I 06.01/04:50:44 solver.py:136 ] Epoch: [390/400][220/400] lr: 5.03e-05 | MSE loss: 3.7849e-04 | time: 0.123
I 06.01/04:50:46 solver.py:136 ] Epoch: [390/400][240/400] lr: 5.03e-05 | MSE loss: 3.7872e-04 | time: 0.124
I 06.01/04:50:49 solver.py:136 ] Epoch: [390/400][260/400] lr: 5.03e-05 | MSE loss: 3.7874e-04 | time: 0.124
I 06.01/04:50:50 solver.py:136 ] Epoch: [390/400][280/400] lr: 5.03e-05 | MSE loss: 3.7794e-04 | time: 0.121
I 06.01/04:50:53 solver.py:136 ] Epoch: [390/400][300/400] lr: 5.03e-05 | MSE loss: 3.7878e-04 | time: 0.122
I 06.01/04:50:56 solver.py:136 ] Epoch: [390/400][320/400] lr: 5.03e-05 | MSE loss: 3.7992e-04 | time: 0.123
I 06.01/04:50:57 solver.py:136 ] Epoch: [390/400][340/400] lr: 5.03e-05 | MSE loss: 3.8098e-04 | time: 0.120
I 06.01/04:51:00 solver.py:136 ] Epoch: [390/400][360/400] lr: 5.03e-05 | MSE loss: 3.8120e-04 | time: 0.119
I 06.01/04:51:03 solver.py:136 ] Epoch: [390/400][380/400] lr: 5.03e-05 | MSE loss: 3.8095e-04 | time: 0.122
I 06.01/04:51:06 solver.py:136 ] Epoch: [390/400][400/400] lr: 5.03e-05 | MSE loss: 3.8147e-04 | time: 0.123
I 06.01/04:51:06 solver.py:146 ] => Train  Loss: 3.8147e-04

I 06.01/04:51:07 solver.py:136 ] Epoch: [390/400][20/50] lr: 5.03e-05 | MSE loss: 7.4682e-04 | time: 0.056
I 06.01/04:51:08 solver.py:136 ] Epoch: [390/400][40/50] lr: 5.03e-05 | MSE loss: 7.7318e-04 | time: 0.055
I 06.01/04:51:09 solver.py:146 ] => Val  Loss: 7.6447e-04

I 06.01/04:51:10 solver.py:287 ] [20/50] loss: 7.8800e-04 | NMSE: -2.8073e+01 | time: 0.061
I 06.01/04:51:11 solver.py:287 ] [40/50] loss: 7.9081e-04 | NMSE: -2.8077e+01 | time: 0.059
I 06.01/04:51:12 solver.py:291 ] => Test NMSE: -2.8049e+01

I 06.01/04:51:17 solver.py:205 ] 
=! Best NMSE: -2.8049e+01 (epoch=390)

I 06.01/04:51:19 solver.py:136 ] Epoch: [391/400][20/400] lr: 5.03e-05 | MSE loss: 3.8496e-04 | time: 0.122
I 06.01/04:51:22 solver.py:136 ] Epoch: [391/400][40/400] lr: 5.03e-05 | MSE loss: 3.8498e-04 | time: 0.129
I 06.01/04:51:25 solver.py:136 ] Epoch: [391/400][60/400] lr: 5.03e-05 | MSE loss: 3.8519e-04 | time: 0.130
I 06.01/04:51:27 solver.py:136 ] Epoch: [391/400][80/400] lr: 5.03e-05 | MSE loss: 3.8178e-04 | time: 0.130
I 06.01/04:51:30 solver.py:136 ] Epoch: [391/400][100/400] lr: 5.03e-05 | MSE loss: 3.8071e-04 | time: 0.128
I 06.01/04:51:31 solver.py:136 ] Epoch: [391/400][120/400] lr: 5.03e-05 | MSE loss: 3.8031e-04 | time: 0.121
I 06.01/04:51:33 solver.py:136 ] Epoch: [391/400][140/400] lr: 5.03e-05 | MSE loss: 3.7998e-04 | time: 0.116
I 06.01/04:51:35 solver.py:136 ] Epoch: [391/400][160/400] lr: 5.03e-05 | MSE loss: 3.8158e-04 | time: 0.112
I 06.01/04:51:36 solver.py:136 ] Epoch: [391/400][180/400] lr: 5.03e-05 | MSE loss: 3.7981e-04 | time: 0.107
I 06.01/04:51:37 solver.py:136 ] Epoch: [391/400][200/400] lr: 5.03e-05 | MSE loss: 3.8018e-04 | time: 0.104
I 06.01/04:51:39 solver.py:136 ] Epoch: [391/400][220/400] lr: 5.03e-05 | MSE loss: 3.7986e-04 | time: 0.100
I 06.01/04:51:41 solver.py:136 ] Epoch: [391/400][240/400] lr: 5.03e-05 | MSE loss: 3.7980e-04 | time: 0.099
I 06.01/04:51:43 solver.py:136 ] Epoch: [391/400][260/400] lr: 5.02e-05 | MSE loss: 3.8087e-04 | time: 0.100
I 06.01/04:51:45 solver.py:136 ] Epoch: [391/400][280/400] lr: 5.02e-05 | MSE loss: 3.8105e-04 | time: 0.100
I 06.01/04:51:46 solver.py:136 ] Epoch: [391/400][300/400] lr: 5.02e-05 | MSE loss: 3.8194e-04 | time: 0.098
I 06.01/04:51:48 solver.py:136 ] Epoch: [391/400][320/400] lr: 5.02e-05 | MSE loss: 3.8159e-04 | time: 0.096
I 06.01/04:51:49 solver.py:136 ] Epoch: [391/400][340/400] lr: 5.02e-05 | MSE loss: 3.8198e-04 | time: 0.095
I 06.01/04:51:52 solver.py:136 ] Epoch: [391/400][360/400] lr: 5.02e-05 | MSE loss: 3.8150e-04 | time: 0.097
I 06.01/04:51:54 solver.py:136 ] Epoch: [391/400][380/400] lr: 5.02e-05 | MSE loss: 3.8054e-04 | time: 0.098
I 06.01/04:51:57 solver.py:136 ] Epoch: [391/400][400/400] lr: 5.02e-05 | MSE loss: 3.8119e-04 | time: 0.100
I 06.01/04:51:57 solver.py:146 ] => Train  Loss: 3.8119e-04

I 06.01/04:51:59 solver.py:205 ] 
=! Best NMSE: -2.8049e+01 (epoch=390)

I 06.01/04:52:02 solver.py:136 ] Epoch: [392/400][20/400] lr: 5.02e-05 | MSE loss: 3.7356e-04 | time: 0.123
I 06.01/04:52:04 solver.py:136 ] Epoch: [392/400][40/400] lr: 5.02e-05 | MSE loss: 3.7107e-04 | time: 0.131
I 06.01/04:52:07 solver.py:136 ] Epoch: [392/400][60/400] lr: 5.02e-05 | MSE loss: 3.7844e-04 | time: 0.125
I 06.01/04:52:09 solver.py:136 ] Epoch: [392/400][80/400] lr: 5.02e-05 | MSE loss: 3.7711e-04 | time: 0.123
I 06.01/04:52:12 solver.py:136 ] Epoch: [392/400][100/400] lr: 5.02e-05 | MSE loss: 3.7594e-04 | time: 0.124
I 06.01/04:52:14 solver.py:136 ] Epoch: [392/400][120/400] lr: 5.02e-05 | MSE loss: 3.7578e-04 | time: 0.124
I 06.01/04:52:17 solver.py:136 ] Epoch: [392/400][140/400] lr: 5.02e-05 | MSE loss: 3.7650e-04 | time: 0.125
I 06.01/04:52:19 solver.py:136 ] Epoch: [392/400][160/400] lr: 5.02e-05 | MSE loss: 3.7932e-04 | time: 0.125
I 06.01/04:52:22 solver.py:136 ] Epoch: [392/400][180/400] lr: 5.02e-05 | MSE loss: 3.7968e-04 | time: 0.127
I 06.01/04:52:25 solver.py:136 ] Epoch: [392/400][200/400] lr: 5.02e-05 | MSE loss: 3.7929e-04 | time: 0.127
I 06.01/04:52:26 solver.py:136 ] Epoch: [392/400][220/400] lr: 5.02e-05 | MSE loss: 3.7909e-04 | time: 0.123
I 06.01/04:52:28 solver.py:136 ] Epoch: [392/400][240/400] lr: 5.02e-05 | MSE loss: 3.7829e-04 | time: 0.119
I 06.01/04:52:29 solver.py:136 ] Epoch: [392/400][260/400] lr: 5.02e-05 | MSE loss: 3.7841e-04 | time: 0.116
I 06.01/04:52:32 solver.py:136 ] Epoch: [392/400][280/400] lr: 5.02e-05 | MSE loss: 3.7870e-04 | time: 0.115
I 06.01/04:52:34 solver.py:136 ] Epoch: [392/400][300/400] lr: 5.02e-05 | MSE loss: 3.7953e-04 | time: 0.114
I 06.01/04:52:35 solver.py:136 ] Epoch: [392/400][320/400] lr: 5.02e-05 | MSE loss: 3.8070e-04 | time: 0.112
I 06.01/04:52:37 solver.py:136 ] Epoch: [392/400][340/400] lr: 5.02e-05 | MSE loss: 3.8072e-04 | time: 0.110
I 06.01/04:52:38 solver.py:136 ] Epoch: [392/400][360/400] lr: 5.02e-05 | MSE loss: 3.8056e-04 | time: 0.107
I 06.01/04:52:39 solver.py:136 ] Epoch: [392/400][380/400] lr: 5.02e-05 | MSE loss: 3.8174e-04 | time: 0.105
I 06.01/04:52:40 solver.py:136 ] Epoch: [392/400][400/400] lr: 5.02e-05 | MSE loss: 3.8261e-04 | time: 0.102
I 06.01/04:52:40 solver.py:146 ] => Train  Loss: 3.8261e-04

I 06.01/04:52:43 solver.py:205 ] 
=! Best NMSE: -2.8049e+01 (epoch=390)

I 06.01/04:52:46 solver.py:136 ] Epoch: [393/400][20/400] lr: 5.02e-05 | MSE loss: 3.7233e-04 | time: 0.133
I 06.01/04:52:49 solver.py:136 ] Epoch: [393/400][40/400] lr: 5.02e-05 | MSE loss: 3.7078e-04 | time: 0.132
I 06.01/04:52:52 solver.py:136 ] Epoch: [393/400][60/400] lr: 5.02e-05 | MSE loss: 3.7057e-04 | time: 0.135
I 06.01/04:52:54 solver.py:136 ] Epoch: [393/400][80/400] lr: 5.02e-05 | MSE loss: 3.7521e-04 | time: 0.132
I 06.01/04:52:57 solver.py:136 ] Epoch: [393/400][100/400] lr: 5.02e-05 | MSE loss: 3.7775e-04 | time: 0.131
I 06.01/04:52:59 solver.py:136 ] Epoch: [393/400][120/400] lr: 5.02e-05 | MSE loss: 3.7652e-04 | time: 0.130
I 06.01/04:53:01 solver.py:136 ] Epoch: [393/400][140/400] lr: 5.02e-05 | MSE loss: 3.7603e-04 | time: 0.128
I 06.01/04:53:04 solver.py:136 ] Epoch: [393/400][160/400] lr: 5.02e-05 | MSE loss: 3.7730e-04 | time: 0.131
I 06.01/04:53:07 solver.py:136 ] Epoch: [393/400][180/400] lr: 5.02e-05 | MSE loss: 3.7689e-04 | time: 0.127
I 06.01/04:53:09 solver.py:136 ] Epoch: [393/400][200/400] lr: 5.02e-05 | MSE loss: 3.7703e-04 | time: 0.129
I 06.01/04:53:12 solver.py:136 ] Epoch: [393/400][220/400] lr: 5.02e-05 | MSE loss: 3.7877e-04 | time: 0.129
I 06.01/04:53:15 solver.py:136 ] Epoch: [393/400][240/400] lr: 5.02e-05 | MSE loss: 3.7946e-04 | time: 0.130
I 06.01/04:53:18 solver.py:136 ] Epoch: [393/400][260/400] lr: 5.02e-05 | MSE loss: 3.7904e-04 | time: 0.131
I 06.01/04:53:20 solver.py:136 ] Epoch: [393/400][280/400] lr: 5.02e-05 | MSE loss: 3.7939e-04 | time: 0.130
I 06.01/04:53:23 solver.py:136 ] Epoch: [393/400][300/400] lr: 5.02e-05 | MSE loss: 3.8023e-04 | time: 0.130
I 06.01/04:53:25 solver.py:136 ] Epoch: [393/400][320/400] lr: 5.01e-05 | MSE loss: 3.8011e-04 | time: 0.130
I 06.01/04:53:27 solver.py:136 ] Epoch: [393/400][340/400] lr: 5.01e-05 | MSE loss: 3.8078e-04 | time: 0.129
I 06.01/04:53:29 solver.py:136 ] Epoch: [393/400][360/400] lr: 5.01e-05 | MSE loss: 3.8118e-04 | time: 0.126
I 06.01/04:53:30 solver.py:136 ] Epoch: [393/400][380/400] lr: 5.01e-05 | MSE loss: 3.8168e-04 | time: 0.123
I 06.01/04:53:32 solver.py:136 ] Epoch: [393/400][400/400] lr: 5.01e-05 | MSE loss: 3.8191e-04 | time: 0.122
I 06.01/04:53:32 solver.py:146 ] => Train  Loss: 3.8191e-04

I 06.01/04:53:34 solver.py:205 ] 
=! Best NMSE: -2.8049e+01 (epoch=390)

I 06.01/04:53:36 solver.py:136 ] Epoch: [394/400][20/400] lr: 5.01e-05 | MSE loss: 3.7283e-04 | time: 0.085
I 06.01/04:53:38 solver.py:136 ] Epoch: [394/400][40/400] lr: 5.01e-05 | MSE loss: 3.7511e-04 | time: 0.081
I 06.01/04:53:39 solver.py:136 ] Epoch: [394/400][60/400] lr: 5.01e-05 | MSE loss: 3.7608e-04 | time: 0.080
I 06.01/04:53:41 solver.py:136 ] Epoch: [394/400][80/400] lr: 5.01e-05 | MSE loss: 3.7744e-04 | time: 0.080
I 06.01/04:53:43 solver.py:136 ] Epoch: [394/400][100/400] lr: 5.01e-05 | MSE loss: 3.8021e-04 | time: 0.081
I 06.01/04:53:44 solver.py:136 ] Epoch: [394/400][120/400] lr: 5.01e-05 | MSE loss: 3.7808e-04 | time: 0.080
I 06.01/04:53:46 solver.py:136 ] Epoch: [394/400][140/400] lr: 5.01e-05 | MSE loss: 3.7625e-04 | time: 0.079
I 06.01/04:53:47 solver.py:136 ] Epoch: [394/400][160/400] lr: 5.01e-05 | MSE loss: 3.7647e-04 | time: 0.077
I 06.01/04:53:48 solver.py:136 ] Epoch: [394/400][180/400] lr: 5.01e-05 | MSE loss: 3.7717e-04 | time: 0.076
I 06.01/04:53:50 solver.py:136 ] Epoch: [394/400][200/400] lr: 5.01e-05 | MSE loss: 3.7642e-04 | time: 0.079
I 06.01/04:53:53 solver.py:136 ] Epoch: [394/400][220/400] lr: 5.01e-05 | MSE loss: 3.7787e-04 | time: 0.083
I 06.01/04:53:56 solver.py:136 ] Epoch: [394/400][240/400] lr: 5.01e-05 | MSE loss: 3.7649e-04 | time: 0.087
I 06.01/04:53:58 solver.py:136 ] Epoch: [394/400][260/400] lr: 5.01e-05 | MSE loss: 3.7767e-04 | time: 0.090
I 06.01/04:54:01 solver.py:136 ] Epoch: [394/400][280/400] lr: 5.01e-05 | MSE loss: 3.8012e-04 | time: 0.093
I 06.01/04:54:04 solver.py:136 ] Epoch: [394/400][300/400] lr: 5.01e-05 | MSE loss: 3.8137e-04 | time: 0.098
I 06.01/04:54:06 solver.py:136 ] Epoch: [394/400][320/400] lr: 5.01e-05 | MSE loss: 3.8144e-04 | time: 0.099
I 06.01/04:54:09 solver.py:136 ] Epoch: [394/400][340/400] lr: 5.01e-05 | MSE loss: 3.8121e-04 | time: 0.100
I 06.01/04:54:11 solver.py:136 ] Epoch: [394/400][360/400] lr: 5.01e-05 | MSE loss: 3.8036e-04 | time: 0.102
I 06.01/04:54:14 solver.py:136 ] Epoch: [394/400][380/400] lr: 5.01e-05 | MSE loss: 3.8016e-04 | time: 0.104
I 06.01/04:54:17 solver.py:136 ] Epoch: [394/400][400/400] lr: 5.01e-05 | MSE loss: 3.8090e-04 | time: 0.105
I 06.01/04:54:17 solver.py:146 ] => Train  Loss: 3.8090e-04

I 06.01/04:54:19 solver.py:205 ] 
=! Best NMSE: -2.8049e+01 (epoch=390)

I 06.01/04:54:21 solver.py:136 ] Epoch: [395/400][20/400] lr: 5.01e-05 | MSE loss: 3.6788e-04 | time: 0.079
I 06.01/04:54:22 solver.py:136 ] Epoch: [395/400][40/400] lr: 5.01e-05 | MSE loss: 3.7598e-04 | time: 0.075
I 06.01/04:54:24 solver.py:136 ] Epoch: [395/400][60/400] lr: 5.01e-05 | MSE loss: 3.8314e-04 | time: 0.078
I 06.01/04:54:27 solver.py:136 ] Epoch: [395/400][80/400] lr: 5.01e-05 | MSE loss: 3.8254e-04 | time: 0.090
I 06.01/04:54:29 solver.py:136 ] Epoch: [395/400][100/400] lr: 5.01e-05 | MSE loss: 3.8439e-04 | time: 0.096
I 06.01/04:54:32 solver.py:136 ] Epoch: [395/400][120/400] lr: 5.01e-05 | MSE loss: 3.8423e-04 | time: 0.101
I 06.01/04:54:34 solver.py:136 ] Epoch: [395/400][140/400] lr: 5.01e-05 | MSE loss: 3.8334e-04 | time: 0.106
I 06.01/04:54:37 solver.py:136 ] Epoch: [395/400][160/400] lr: 5.01e-05 | MSE loss: 3.8271e-04 | time: 0.109
I 06.01/04:54:40 solver.py:136 ] Epoch: [395/400][180/400] lr: 5.01e-05 | MSE loss: 3.8131e-04 | time: 0.111
I 06.01/04:54:41 solver.py:136 ] Epoch: [395/400][200/400] lr: 5.01e-05 | MSE loss: 3.8085e-04 | time: 0.110
I 06.01/04:54:43 solver.py:136 ] Epoch: [395/400][220/400] lr: 5.01e-05 | MSE loss: 3.8087e-04 | time: 0.106
I 06.01/04:54:44 solver.py:136 ] Epoch: [395/400][240/400] lr: 5.01e-05 | MSE loss: 3.7989e-04 | time: 0.103
I 06.01/04:54:47 solver.py:136 ] Epoch: [395/400][260/400] lr: 5.01e-05 | MSE loss: 3.7982e-04 | time: 0.105
I 06.01/04:54:50 solver.py:136 ] Epoch: [395/400][280/400] lr: 5.01e-05 | MSE loss: 3.8057e-04 | time: 0.107
I 06.01/04:54:52 solver.py:136 ] Epoch: [395/400][300/400] lr: 5.01e-05 | MSE loss: 3.8065e-04 | time: 0.108
I 06.01/04:54:54 solver.py:136 ] Epoch: [395/400][320/400] lr: 5.01e-05 | MSE loss: 3.8059e-04 | time: 0.108
I 06.01/04:54:57 solver.py:136 ] Epoch: [395/400][340/400] lr: 5.01e-05 | MSE loss: 3.8037e-04 | time: 0.110
I 06.01/04:54:59 solver.py:136 ] Epoch: [395/400][360/400] lr: 5.01e-05 | MSE loss: 3.7987e-04 | time: 0.110
I 06.01/04:55:01 solver.py:136 ] Epoch: [395/400][380/400] lr: 5.01e-05 | MSE loss: 3.7877e-04 | time: 0.110
I 06.01/04:55:04 solver.py:136 ] Epoch: [395/400][400/400] lr: 5.01e-05 | MSE loss: 3.7942e-04 | time: 0.111
I 06.01/04:55:04 solver.py:146 ] => Train  Loss: 3.7942e-04

I 06.01/04:55:06 solver.py:205 ] 
=! Best NMSE: -2.8049e+01 (epoch=390)

I 06.01/04:55:08 solver.py:136 ] Epoch: [396/400][20/400] lr: 5.01e-05 | MSE loss: 3.7459e-04 | time: 0.124
I 06.01/04:55:11 solver.py:136 ] Epoch: [396/400][40/400] lr: 5.01e-05 | MSE loss: 3.8045e-04 | time: 0.131
I 06.01/04:55:13 solver.py:136 ] Epoch: [396/400][60/400] lr: 5.01e-05 | MSE loss: 3.7822e-04 | time: 0.122
I 06.01/04:55:15 solver.py:136 ] Epoch: [396/400][80/400] lr: 5.01e-05 | MSE loss: 3.7771e-04 | time: 0.109
I 06.01/04:55:16 solver.py:136 ] Epoch: [396/400][100/400] lr: 5.01e-05 | MSE loss: 3.7830e-04 | time: 0.101
I 06.01/04:55:18 solver.py:136 ] Epoch: [396/400][120/400] lr: 5.01e-05 | MSE loss: 3.7882e-04 | time: 0.101
I 06.01/04:55:21 solver.py:136 ] Epoch: [396/400][140/400] lr: 5.01e-05 | MSE loss: 3.7864e-04 | time: 0.105
I 06.01/04:55:23 solver.py:136 ] Epoch: [396/400][160/400] lr: 5.01e-05 | MSE loss: 3.7678e-04 | time: 0.109
I 06.01/04:55:26 solver.py:136 ] Epoch: [396/400][180/400] lr: 5.01e-05 | MSE loss: 3.7696e-04 | time: 0.112
I 06.01/04:55:29 solver.py:136 ] Epoch: [396/400][200/400] lr: 5.01e-05 | MSE loss: 3.7670e-04 | time: 0.114
I 06.01/04:55:31 solver.py:136 ] Epoch: [396/400][220/400] lr: 5.01e-05 | MSE loss: 3.7613e-04 | time: 0.114
I 06.01/04:55:34 solver.py:136 ] Epoch: [396/400][240/400] lr: 5.01e-05 | MSE loss: 3.7730e-04 | time: 0.116
I 06.01/04:55:36 solver.py:136 ] Epoch: [396/400][260/400] lr: 5.01e-05 | MSE loss: 3.7729e-04 | time: 0.118
I 06.01/04:55:38 solver.py:136 ] Epoch: [396/400][280/400] lr: 5.01e-05 | MSE loss: 3.7771e-04 | time: 0.114
I 06.01/04:55:39 solver.py:136 ] Epoch: [396/400][300/400] lr: 5.01e-05 | MSE loss: 3.7794e-04 | time: 0.111
I 06.01/04:55:42 solver.py:136 ] Epoch: [396/400][320/400] lr: 5.01e-05 | MSE loss: 3.7856e-04 | time: 0.112
I 06.01/04:55:44 solver.py:136 ] Epoch: [396/400][340/400] lr: 5.00e-05 | MSE loss: 3.7831e-04 | time: 0.113
I 06.01/04:55:47 solver.py:136 ] Epoch: [396/400][360/400] lr: 5.00e-05 | MSE loss: 3.7856e-04 | time: 0.114
I 06.01/04:55:49 solver.py:136 ] Epoch: [396/400][380/400] lr: 5.00e-05 | MSE loss: 3.7896e-04 | time: 0.115
I 06.01/04:55:52 solver.py:136 ] Epoch: [396/400][400/400] lr: 5.00e-05 | MSE loss: 3.7859e-04 | time: 0.115
I 06.01/04:55:52 solver.py:146 ] => Train  Loss: 3.7859e-04

I 06.01/04:55:54 solver.py:205 ] 
=! Best NMSE: -2.8049e+01 (epoch=390)

I 06.01/04:55:57 solver.py:136 ] Epoch: [397/400][20/400] lr: 5.00e-05 | MSE loss: 3.6604e-04 | time: 0.119
I 06.01/04:56:00 solver.py:136 ] Epoch: [397/400][40/400] lr: 5.00e-05 | MSE loss: 3.7451e-04 | time: 0.127
I 06.01/04:56:01 solver.py:136 ] Epoch: [397/400][60/400] lr: 5.00e-05 | MSE loss: 3.7682e-04 | time: 0.121
I 06.01/04:56:04 solver.py:136 ] Epoch: [397/400][80/400] lr: 5.00e-05 | MSE loss: 3.7643e-04 | time: 0.126
I 06.01/04:56:06 solver.py:136 ] Epoch: [397/400][100/400] lr: 5.00e-05 | MSE loss: 3.7641e-04 | time: 0.113
I 06.01/04:56:07 solver.py:136 ] Epoch: [397/400][120/400] lr: 5.00e-05 | MSE loss: 3.7467e-04 | time: 0.108
I 06.01/04:56:09 solver.py:136 ] Epoch: [397/400][140/400] lr: 5.00e-05 | MSE loss: 3.7393e-04 | time: 0.107
I 06.01/04:56:12 solver.py:136 ] Epoch: [397/400][160/400] lr: 5.00e-05 | MSE loss: 3.7337e-04 | time: 0.108
I 06.01/04:56:15 solver.py:136 ] Epoch: [397/400][180/400] lr: 5.00e-05 | MSE loss: 3.7429e-04 | time: 0.112
I 06.01/04:56:17 solver.py:136 ] Epoch: [397/400][200/400] lr: 5.00e-05 | MSE loss: 3.7537e-04 | time: 0.115
I 06.01/04:56:20 solver.py:136 ] Epoch: [397/400][220/400] lr: 5.00e-05 | MSE loss: 3.7494e-04 | time: 0.117
I 06.01/04:56:23 solver.py:136 ] Epoch: [397/400][240/400] lr: 5.00e-05 | MSE loss: 3.7544e-04 | time: 0.119
I 06.01/04:56:26 solver.py:136 ] Epoch: [397/400][260/400] lr: 5.00e-05 | MSE loss: 3.7538e-04 | time: 0.121
I 06.01/04:56:29 solver.py:136 ] Epoch: [397/400][280/400] lr: 5.00e-05 | MSE loss: 3.7654e-04 | time: 0.123
I 06.01/04:56:32 solver.py:136 ] Epoch: [397/400][300/400] lr: 5.00e-05 | MSE loss: 3.7639e-04 | time: 0.124
I 06.01/04:56:33 solver.py:136 ] Epoch: [397/400][320/400] lr: 5.00e-05 | MSE loss: 3.7693e-04 | time: 0.122
I 06.01/04:56:34 solver.py:136 ] Epoch: [397/400][340/400] lr: 5.00e-05 | MSE loss: 3.7731e-04 | time: 0.118
I 06.01/04:56:37 solver.py:136 ] Epoch: [397/400][360/400] lr: 5.00e-05 | MSE loss: 3.7743e-04 | time: 0.117
I 06.01/04:56:40 solver.py:136 ] Epoch: [397/400][380/400] lr: 5.00e-05 | MSE loss: 3.7803e-04 | time: 0.119
I 06.01/04:56:42 solver.py:136 ] Epoch: [397/400][400/400] lr: 5.00e-05 | MSE loss: 3.7895e-04 | time: 0.119
I 06.01/04:56:42 solver.py:146 ] => Train  Loss: 3.7895e-04

I 06.01/04:56:44 solver.py:205 ] 
=! Best NMSE: -2.8049e+01 (epoch=390)

I 06.01/04:56:47 solver.py:136 ] Epoch: [398/400][20/400] lr: 5.00e-05 | MSE loss: 3.6806e-04 | time: 0.128
I 06.01/04:56:50 solver.py:136 ] Epoch: [398/400][40/400] lr: 5.00e-05 | MSE loss: 3.7009e-04 | time: 0.127
I 06.01/04:56:52 solver.py:136 ] Epoch: [398/400][60/400] lr: 5.00e-05 | MSE loss: 3.7048e-04 | time: 0.115
I 06.01/04:56:54 solver.py:136 ] Epoch: [398/400][80/400] lr: 5.00e-05 | MSE loss: 3.7268e-04 | time: 0.115
I 06.01/04:56:56 solver.py:136 ] Epoch: [398/400][100/400] lr: 5.00e-05 | MSE loss: 3.7252e-04 | time: 0.113
I 06.01/04:56:58 solver.py:136 ] Epoch: [398/400][120/400] lr: 5.00e-05 | MSE loss: 3.7287e-04 | time: 0.109
I 06.01/04:57:00 solver.py:136 ] Epoch: [398/400][140/400] lr: 5.00e-05 | MSE loss: 3.7204e-04 | time: 0.106
I 06.01/04:57:02 solver.py:136 ] Epoch: [398/400][160/400] lr: 5.00e-05 | MSE loss: 3.7308e-04 | time: 0.108
I 06.01/04:57:04 solver.py:136 ] Epoch: [398/400][180/400] lr: 5.00e-05 | MSE loss: 3.7255e-04 | time: 0.111
I 06.01/04:57:07 solver.py:136 ] Epoch: [398/400][200/400] lr: 5.00e-05 | MSE loss: 3.7277e-04 | time: 0.109
I 06.01/04:57:09 solver.py:136 ] Epoch: [398/400][220/400] lr: 5.00e-05 | MSE loss: 3.7387e-04 | time: 0.112
I 06.01/04:57:12 solver.py:136 ] Epoch: [398/400][240/400] lr: 5.00e-05 | MSE loss: 3.7410e-04 | time: 0.114
I 06.01/04:57:15 solver.py:136 ] Epoch: [398/400][260/400] lr: 5.00e-05 | MSE loss: 3.7538e-04 | time: 0.116
I 06.01/04:57:18 solver.py:136 ] Epoch: [398/400][280/400] lr: 5.00e-05 | MSE loss: 3.7608e-04 | time: 0.118
I 06.01/04:57:20 solver.py:136 ] Epoch: [398/400][300/400] lr: 5.00e-05 | MSE loss: 3.7677e-04 | time: 0.119
I 06.01/04:57:23 solver.py:136 ] Epoch: [398/400][320/400] lr: 5.00e-05 | MSE loss: 3.7697e-04 | time: 0.121
I 06.01/04:57:26 solver.py:136 ] Epoch: [398/400][340/400] lr: 5.00e-05 | MSE loss: 3.7713e-04 | time: 0.121
I 06.01/04:57:28 solver.py:136 ] Epoch: [398/400][360/400] lr: 5.00e-05 | MSE loss: 3.7760e-04 | time: 0.119
I 06.01/04:57:29 solver.py:136 ] Epoch: [398/400][380/400] lr: 5.00e-05 | MSE loss: 3.7728e-04 | time: 0.118
I 06.01/04:57:31 solver.py:136 ] Epoch: [398/400][400/400] lr: 5.00e-05 | MSE loss: 3.7749e-04 | time: 0.116
I 06.01/04:57:31 solver.py:146 ] => Train  Loss: 3.7749e-04

I 06.01/04:57:34 solver.py:205 ] 
=! Best NMSE: -2.8049e+01 (epoch=390)

I 06.01/04:57:36 solver.py:136 ] Epoch: [399/400][20/400] lr: 5.00e-05 | MSE loss: 3.7785e-04 | time: 0.131
I 06.01/04:57:39 solver.py:136 ] Epoch: [399/400][40/400] lr: 5.00e-05 | MSE loss: 3.7659e-04 | time: 0.133
I 06.01/04:57:41 solver.py:136 ] Epoch: [399/400][60/400] lr: 5.00e-05 | MSE loss: 3.7847e-04 | time: 0.124
I 06.01/04:57:43 solver.py:136 ] Epoch: [399/400][80/400] lr: 5.00e-05 | MSE loss: 3.7475e-04 | time: 0.118
I 06.01/04:57:45 solver.py:136 ] Epoch: [399/400][100/400] lr: 5.00e-05 | MSE loss: 3.7139e-04 | time: 0.114
I 06.01/04:57:47 solver.py:136 ] Epoch: [399/400][120/400] lr: 5.00e-05 | MSE loss: 3.7214e-04 | time: 0.112
I 06.01/04:57:50 solver.py:136 ] Epoch: [399/400][140/400] lr: 5.00e-05 | MSE loss: 3.7599e-04 | time: 0.114
I 06.01/04:57:53 solver.py:136 ] Epoch: [399/400][160/400] lr: 5.00e-05 | MSE loss: 3.7832e-04 | time: 0.118
I 06.01/04:57:56 solver.py:136 ] Epoch: [399/400][180/400] lr: 5.00e-05 | MSE loss: 3.7662e-04 | time: 0.120
I 06.01/04:57:58 solver.py:136 ] Epoch: [399/400][200/400] lr: 5.00e-05 | MSE loss: 3.7544e-04 | time: 0.123
I 06.01/04:58:01 solver.py:136 ] Epoch: [399/400][220/400] lr: 5.00e-05 | MSE loss: 3.7452e-04 | time: 0.124
I 06.01/04:58:04 solver.py:136 ] Epoch: [399/400][240/400] lr: 5.00e-05 | MSE loss: 3.7679e-04 | time: 0.126
I 06.01/04:58:06 solver.py:136 ] Epoch: [399/400][260/400] lr: 5.00e-05 | MSE loss: 3.7803e-04 | time: 0.125
I 06.01/04:58:09 solver.py:136 ] Epoch: [399/400][280/400] lr: 5.00e-05 | MSE loss: 3.7841e-04 | time: 0.126
I 06.01/04:58:12 solver.py:136 ] Epoch: [399/400][300/400] lr: 5.00e-05 | MSE loss: 3.7750e-04 | time: 0.128
I 06.01/04:58:15 solver.py:136 ] Epoch: [399/400][320/400] lr: 5.00e-05 | MSE loss: 3.7717e-04 | time: 0.129
I 06.01/04:58:18 solver.py:136 ] Epoch: [399/400][340/400] lr: 5.00e-05 | MSE loss: 3.7755e-04 | time: 0.129
I 06.01/04:58:21 solver.py:136 ] Epoch: [399/400][360/400] lr: 5.00e-05 | MSE loss: 3.7801e-04 | time: 0.130
I 06.01/04:58:24 solver.py:136 ] Epoch: [399/400][380/400] lr: 5.00e-05 | MSE loss: 3.7923e-04 | time: 0.131
I 06.01/04:58:26 solver.py:136 ] Epoch: [399/400][400/400] lr: 5.00e-05 | MSE loss: 3.7942e-04 | time: 0.131
I 06.01/04:58:26 solver.py:146 ] => Train  Loss: 3.7942e-04

I 06.01/04:58:29 solver.py:205 ] 
=! Best NMSE: -2.8049e+01 (epoch=390)

I 06.01/04:58:31 solver.py:136 ] Epoch: [400/400][20/400] lr: 5.00e-05 | MSE loss: 3.7562e-04 | time: 0.097
I 06.01/04:58:33 solver.py:136 ] Epoch: [400/400][40/400] lr: 5.00e-05 | MSE loss: 3.8447e-04 | time: 0.108
I 06.01/04:58:36 solver.py:136 ] Epoch: [400/400][60/400] lr: 5.00e-05 | MSE loss: 3.8057e-04 | time: 0.106
I 06.01/04:58:38 solver.py:136 ] Epoch: [400/400][80/400] lr: 5.00e-05 | MSE loss: 3.7792e-04 | time: 0.107
I 06.01/04:58:41 solver.py:136 ] Epoch: [400/400][100/400] lr: 5.00e-05 | MSE loss: 3.7742e-04 | time: 0.114
I 06.01/04:58:43 solver.py:136 ] Epoch: [400/400][120/400] lr: 5.00e-05 | MSE loss: 3.7680e-04 | time: 0.119
I 06.01/04:58:46 solver.py:136 ] Epoch: [400/400][140/400] lr: 5.00e-05 | MSE loss: 3.7696e-04 | time: 0.122
I 06.01/04:58:49 solver.py:136 ] Epoch: [400/400][160/400] lr: 5.00e-05 | MSE loss: 3.7823e-04 | time: 0.125
I 06.01/04:58:52 solver.py:136 ] Epoch: [400/400][180/400] lr: 5.00e-05 | MSE loss: 3.7845e-04 | time: 0.127
I 06.01/04:58:55 solver.py:136 ] Epoch: [400/400][200/400] lr: 5.00e-05 | MSE loss: 3.7855e-04 | time: 0.128
I 06.01/04:58:58 solver.py:136 ] Epoch: [400/400][220/400] lr: 5.00e-05 | MSE loss: 3.7897e-04 | time: 0.130
I 06.01/04:59:00 solver.py:136 ] Epoch: [400/400][240/400] lr: 5.00e-05 | MSE loss: 3.7897e-04 | time: 0.130
I 06.01/04:59:04 solver.py:136 ] Epoch: [400/400][260/400] lr: 5.00e-05 | MSE loss: 3.7765e-04 | time: 0.133
I 06.01/04:59:06 solver.py:136 ] Epoch: [400/400][280/400] lr: 5.00e-05 | MSE loss: 3.7708e-04 | time: 0.133
I 06.01/04:59:09 solver.py:136 ] Epoch: [400/400][300/400] lr: 5.00e-05 | MSE loss: 3.7643e-04 | time: 0.133
I 06.01/04:59:12 solver.py:136 ] Epoch: [400/400][320/400] lr: 5.00e-05 | MSE loss: 3.7702e-04 | time: 0.133
I 06.01/04:59:14 solver.py:136 ] Epoch: [400/400][340/400] lr: 5.00e-05 | MSE loss: 3.7814e-04 | time: 0.133
I 06.01/04:59:16 solver.py:136 ] Epoch: [400/400][360/400] lr: 5.00e-05 | MSE loss: 3.7784e-04 | time: 0.131
I 06.01/04:59:18 solver.py:136 ] Epoch: [400/400][380/400] lr: 5.00e-05 | MSE loss: 3.7853e-04 | time: 0.129
I 06.01/04:59:21 solver.py:136 ] Epoch: [400/400][400/400] lr: 5.00e-05 | MSE loss: 3.7845e-04 | time: 0.129
I 06.01/04:59:21 solver.py:146 ] => Train  Loss: 3.7845e-04

I 06.01/04:59:22 solver.py:136 ] Epoch: [400/400][20/50] lr: 5.00e-05 | MSE loss: 7.3556e-04 | time: 0.060
I 06.01/04:59:23 solver.py:136 ] Epoch: [400/400][40/50] lr: 5.00e-05 | MSE loss: 7.6321e-04 | time: 0.059
I 06.01/04:59:24 solver.py:146 ] => Val  Loss: 7.5468e-04

I 06.01/04:59:25 solver.py:287 ] [20/50] loss: 7.7627e-04 | NMSE: -2.8139e+01 | time: 0.069
I 06.01/04:59:26 solver.py:287 ] [40/50] loss: 7.8029e-04 | NMSE: -2.8137e+01 | time: 0.058
I 06.01/04:59:27 solver.py:291 ] => Test NMSE: -2.8103e+01

I 06.01/04:59:32 solver.py:205 ] 
=! Best NMSE: -2.8103e+01 (epoch=400)

I 06.01/05:00:28 solver.py:228 ] => Saved encoder outputs (80000, 2048) to /storage/hujiacong/zxd/Huawei/UniversalCSI/exps/seed42/WAIRD/sparse_resnet_hybrid/base/codewords/train_code.pt
I 06.01/05:00:29 solver.py:287 ] [20/50] loss: 7.7627e-04 | NMSE: -2.8139e+01 | time: 0.060
I 06.01/05:00:30 solver.py:287 ] [40/50] loss: 7.8029e-04 | NMSE: -2.8137e+01 | time: 0.055
I 06.01/05:00:30 solver.py:291 ] => Test NMSE: -2.8103e+01

I 06.01/05:00:30 solver.py:260 ] 
=> Test result: 
loss: 7.8776e-04    NMSE: -2.8103e+01

I 06.01/05:00:30 main.py:114 ] 
=! Final test loss: 7.8776e-04
         test NMSE: -2.8103e+01

