left,right,centroid_l2,centroid_cosine,std_profile_l2,std_profile_cosine,covariance_frobenius
attention_cnn_cnn_residual,attention_cnn_hybrid,151.7874755859375,0.10537823289632797,4.9345622062683105,0.9541652202606201,12.291403770446777
attention_cnn_cnn_residual,attention_cnn_transnet,152.6138916015625,-0.00031289830803871155,7.252499103546143,0.9561739563941956,19.11219024658203
attention_cnn_cnn_residual,cbam_cnn_cnn_residual,396.72918701171875,-0.014566715806722641,7.436556816101074,0.9116877317428589,15.62724781036377
attention_cnn_cnn_residual,cbam_cnn_hybrid,157.53138732910156,-0.05322737619280815,20.0722713470459,0.9549606442451477,78.15794372558594
attention_cnn_cnn_residual,cbam_cnn_transnet,152.71856689453125,0.001400204375386238,21.95220184326172,0.9523724317550659,94.5910873413086
attention_cnn_cnn_residual,clnet_cnn_residual,269.6395568847656,0.005975783336907625,3.8577494621276855,0.9424349665641785,10.774507522583008
attention_cnn_cnn_residual,clnet_hybrid,153.24032592773438,0.0322447195649147,10.77812671661377,0.9540049433708191,26.206872940063477
attention_cnn_cnn_residual,clnet_transnet,152.6251220703125,-0.001297761220484972,7.324567794799805,0.9567221999168396,16.68459701538086
attention_cnn_cnn_residual,cnn_cnn_residual,383.9661865234375,-0.055456388741731644,7.651139736175537,0.9191096425056458,17.94272232055664
attention_cnn_cnn_residual,cnn_hybrid,156.44775390625,-0.008053768426179886,21.283870697021484,0.9545943140983582,83.84945678710938
attention_cnn_cnn_residual,cnn_transnet,152.70596313476562,-0.007171120960265398,18.204280853271484,0.9545226097106934,67.9736557006836
attention_cnn_cnn_residual,convnext_cnn_residual,695.8080444335938,0.012595847249031067,46.15545654296875,0.6959776878356934,1633.2406005859375
attention_cnn_cnn_residual,convnext_hybrid,154.342041015625,0.061566296964883804,39.953086853027344,0.9495163559913635,211.42678833007812
attention_cnn_cnn_residual,convnext_transnet,153.1232147216797,0.012368516065180302,22.076244354248047,0.9556746482849121,79.43197631835938
attention_cnn_cnn_residual,crnet_cnn_residual,281.0278015136719,-0.01906788907945156,5.119603157043457,0.9437608122825623,10.795783042907715
attention_cnn_cnn_residual,crnet_hybrid,154.48780822753906,-0.10839308053255081,9.327048301696777,0.9552444815635681,24.457794189453125
attention_cnn_cnn_residual,crnet_transnet,152.75315856933594,-0.0372232086956501,6.971342086791992,0.9563455581665039,16.146902084350586
attention_cnn_cnn_residual,csinet_cnn_residual,265.36309814453125,-0.012921661138534546,4.442503452301025,0.9372488260269165,16.900896072387695
attention_cnn_cnn_residual,csinet_hybrid,155.3047332763672,-0.08052631467580795,13.224950790405273,0.9535024762153625,36.086830139160156
attention_cnn_cnn_residual,csinet_transnet,152.785400390625,-0.04057944193482399,17.299901962280273,0.9554004073143005,50.46356964111328
attention_cnn_cnn_residual,dscnn_cnn_residual,319.6123046875,-0.006067954935133457,6.062723159790039,0.9174502491950989,13.6622953414917
attention_cnn_cnn_residual,dscnn_hybrid,154.30963134765625,-0.00853050872683525,19.317508697509766,0.9518165588378906,73.98177337646484
attention_cnn_cnn_residual,dscnn_transnet,152.912353515625,-0.030501186847686768,22.890275955200195,0.9559140205383301,93.7376480102539
attention_cnn_cnn_residual,mlp_ae_cnn_residual,321.2548522949219,-0.005242444574832916,3.589273691177368,0.9135003089904785,14.676454544067383
attention_cnn_cnn_residual,mlp_ae_hybrid,152.4597930908203,0.04758122190833092,3.734666585922241,0.9549695253372192,4.653798580169678
attention_cnn_cnn_residual,mlp_ae_transnet,152.62049865722656,-0.004642872605472803,2.0301196575164795,0.955467700958252,5.116920471191406
attention_cnn_cnn_residual,mlp_mixer_cnn_residual,309.85302734375,0.004863834474235773,7.9003496170043945,0.8822321891784668,13.711714744567871
attention_cnn_cnn_residual,mlp_mixer_hybrid,152.6388702392578,0.04192771017551422,3.772799015045166,0.9561347365379333,8.953091621398926
attention_cnn_cnn_residual,mlp_mixer_transnet,152.65553283691406,-0.0031282599084079266,2.197160005569458,0.956400990486145,6.109128952026367
attention_cnn_cnn_residual,resnet_cnn_residual,513.8622436523438,0.000304926885291934,11.50877857208252,0.8977781534194946,26.042430877685547
attention_cnn_cnn_residual,resnet_hybrid,157.4039306640625,0.007316490635275841,27.130449295043945,0.956870436668396,127.83795928955078
attention_cnn_cnn_residual,resnet_transnet,153.00929260253906,-0.06825937330722809,16.43342399597168,0.9528142213821411,64.77515411376953
attention_cnn_cnn_residual,sparse_resnet_cnn_residual,500.905517578125,-0.03975224494934082,10.952701568603516,0.9012110829353333,24.727792739868164
attention_cnn_cnn_residual,sparse_resnet_hybrid,157.9380645751953,-0.010030229575932026,25.86909294128418,0.9545538425445557,120.12616729736328
attention_cnn_cnn_residual,sparse_resnet_transnet,152.27322387695312,0.07880701124668121,18.545143127441406,0.9454032778739929,78.91615295410156
attention_cnn_cnn_residual,swin_cnn_residual,210.41986083984375,0.08195966482162476,3.363454818725586,0.904673159122467,6.211317539215088
attention_cnn_cnn_residual,swin_hybrid,153.05108642578125,-0.015456605702638626,3.548172950744629,0.9544844627380371,9.023258209228516
attention_cnn_cnn_residual,swin_transnet,152.5764617919922,0.020760387182235718,2.221522569656372,0.9558793306350708,6.520601749420166
attention_cnn_cnn_residual,transnet_cnn_residual,327.01507568359375,-0.04826999083161354,10.561290740966797,0.8859185576438904,23.162145614624023
attention_cnn_cnn_residual,transnet_hybrid,154.9469451904297,-0.03334745019674301,9.779831886291504,0.9532992243766785,24.528154373168945
attention_cnn_cnn_residual,transnet_transnet,152.886962890625,-0.019703419879078865,10.739521026611328,0.949869692325592,37.49998474121094
attention_cnn_hybrid,attention_cnn_transnet,12.89764404296875,-0.027797499671578407,2.7850494384765625,0.9943984746932983,20.95464324951172
attention_cnn_hybrid,cbam_cnn_cnn_residual,364.1614074707031,0.003944676835089922,4.555664539337158,0.941777765750885,17.938491821289062
attention_cnn_hybrid,cbam_cnn_hybrid,33.2242546081543,0.08603968471288681,15.591527938842773,0.992621660232544,77.70657348632812
attention_cnn_hybrid,cbam_cnn_transnet,13.859267234802246,0.048033252358436584,17.46983528137207,0.9915873408317566,94.06483459472656
attention_cnn_hybrid,clnet_cnn_residual,223.6788330078125,-0.00806022621691227,2.465270519256592,0.9800822734832764,14.684938430786133
attention_cnn_hybrid,clnet_hybrid,23.559871673583984,-0.007731346413493156,6.276478290557861,0.9929916858673096,27.00398063659668
attention_cnn_hybrid,clnet_transnet,12.797561645507812,0.05455181002616882,2.8112521171569824,0.9953493475914001,18.79617691040039
attention_cnn_hybrid,cnn_cnn_residual,344.1901550292969,0.001758378348313272,4.2915754318237305,0.9564605355262756,20.003223419189453
attention_cnn_hybrid,cnn_hybrid,35.349945068359375,0.021987229585647583,16.79395294189453,0.9930467009544373,83.27774047851562
attention_cnn_hybrid,cnn_transnet,13.500617980957031,0.004550803452730179,13.68353271484375,0.9943863153457642,67.61337280273438
attention_cnn_hybrid,convnext_cnn_residual,680.8764038085938,0.0027465333696454763,43.455909729003906,0.7128516435623169,1633.068603515625
attention_cnn_hybrid,convnext_hybrid,38.03420639038086,-0.12110009789466858,35.491233825683594,0.9895009994506836,210.2427978515625
attention_cnn_hybrid,convnext_transnet,19.053125381469727,0.03551303222775459,17.573429107666016,0.9943761229515076,78.79188537597656
attention_cnn_hybrid,crnet_cnn_residual,232.78895568847656,0.05139912664890289,1.9274438619613647,0.9841306805610657,14.415942192077637
attention_cnn_hybrid,crnet_hybrid,17.9324951171875,-0.0013309528585523367,4.810500621795654,0.9941415190696716,25.592166900634766
attention_cnn_hybrid,crnet_transnet,13.350478172302246,-0.08997160196304321,2.49939227104187,0.9948289394378662,18.336971282958984
attention_cnn_hybrid,csinet_cnn_residual,215.59768676757812,-0.0071825250051915646,2.3017730712890625,0.9785831570625305,19.551095962524414
attention_cnn_hybrid,csinet_hybrid,22.78114891052246,0.011646577157080173,8.722896575927734,0.9926738739013672,36.34523010253906
attention_cnn_hybrid,csinet_transnet,13.211674690246582,-0.015032445080578327,12.776748657226562,0.9947941303253174,50.16180419921875
attention_cnn_hybrid,dscnn_cnn_residual,280.1134033203125,0.00623426353558898,3.647298574447632,0.9484103918075562,16.563539505004883
attention_cnn_hybrid,dscnn_hybrid,24.96587562561035,0.010692134499549866,14.833982467651367,0.9912513494491577,73.55014038085938
attention_cnn_hybrid,dscnn_transnet,14.216650009155273,-0.02196265198290348,18.39821434020996,0.9939441680908203,93.18238067626953
attention_cnn_hybrid,mlp_ae_cnn_residual,282.1539306640625,0.0023582689464092255,3.745561361312866,0.9543407559394836,17.856122970581055
attention_cnn_hybrid,mlp_ae_hybrid,13.076189041137695,0.05647045373916626,7.72896671295166,0.9946412444114685,12.021112442016602
attention_cnn_hybrid,mlp_ae_transnet,12.828805923461914,-0.005728129297494888,5.1753363609313965,0.9952006340026855,11.935139656066895
attention_cnn_hybrid,mlp_mixer_cnn_residual,271.34661865234375,-0.05030660331249237,5.144926071166992,0.9244562387466431,16.221534729003906
attention_cnn_hybrid,mlp_mixer_hybrid,19.18091583251953,-0.05771470442414284,1.6646441221237183,0.9943452477455139,13.400544166564941
attention_cnn_hybrid,mlp_mixer_transnet,13.099879264831543,0.027836311608552933,3.552076816558838,0.9951210618019104,12.144497871398926
attention_cnn_hybrid,resnet_cnn_residual,490.93695068359375,-0.003616000059992075,7.9100775718688965,0.9358524680137634,26.805448532104492
attention_cnn_hybrid,resnet_hybrid,41.80702590942383,-0.009000739082694054,22.661453247070312,0.9933304786682129,127.07247161865234
attention_cnn_hybrid,resnet_transnet,13.425036430358887,0.03240066021680832,12.00519847869873,0.9888792037963867,64.63658142089844
attention_cnn_hybrid,sparse_resnet_cnn_residual,471.6342468261719,-0.0313103087246418,7.408577919006348,0.9371981024742126,25.704952239990234
attention_cnn_hybrid,sparse_resnet_hybrid,41.04848098754883,0.013549881055951118,21.386581420898438,0.9929200410842896,119.4555892944336
attention_cnn_hybrid,sparse_resnet_transnet,13.38005542755127,0.06987205147743225,14.08560848236084,0.9869877696037292,78.6176986694336
attention_cnn_hybrid,swin_cnn_residual,158.7347869873047,-0.02395150251686573,4.282680511474609,0.9441454410552979,12.093262672424316
attention_cnn_hybrid,swin_hybrid,15.914977073669434,-0.00015437020920217037,1.987259864807129,0.9924872517585754,13.509075164794922
attention_cnn_hybrid,swin_transnet,12.785833358764648,-0.03453759104013443,3.528757095336914,0.9950413107872009,12.33674430847168
attention_cnn_hybrid,transnet_cnn_residual,282.0396728515625,0.015795398503541946,7.446927070617676,0.9155275821685791,24.30280303955078
attention_cnn_hybrid,transnet_hybrid,26.32772445678711,-0.06580879539251328,5.246405601501465,0.9939368963241577,25.571441650390625
attention_cnn_hybrid,transnet_transnet,14.464607238769531,-0.011056599207222462,6.258842468261719,0.9908205270767212,38.10554122924805
attention_cnn_transnet,cbam_cnn_cnn_residual,364.04754638671875,-0.023920558393001556,4.417142391204834,0.9434927701950073,22.53553009033203
attention_cnn_transnet,cbam_cnn_hybrid,31.843202590942383,0.024192247539758682,13.138875961303711,0.9939252138137817,78.0313720703125
attention_cnn_transnet,cbam_cnn_transnet,6.557314395904541,0.027620414271950722,15.007040977478027,0.9934393763542175,94.3414077758789
attention_cnn_transnet,clnet_cnn_residual,223.339111328125,-0.0527975894510746,4.483031272888184,0.9807218313217163,20.52220916748047
attention_cnn_transnet,clnet_hybrid,19.872713088989258,0.003527078777551651,3.903665065765381,0.9947460293769836,29.749114990234375
attention_cnn_transnet,clnet_transnet,3.4026927947998047,-0.010523220524191856,1.0831687450408936,0.9967106580734253,23.15435028076172
attention_cnn_transnet,cnn_cnn_residual,343.90557861328125,0.0380382239818573,3.8920602798461914,0.9569113850593567,24.159576416015625
attention_cnn_transnet,cnn_hybrid,33.3992805480957,-0.023754457011818886,14.34134578704834,0.9941039681434631,83.55004119873047
attention_cnn_transnet,cnn_transnet,5.167994022369385,0.006348998285830021,11.208646774291992,0.9960854649543762,68.17461395263672
attention_cnn_transnet,convnext_cnn_residual,680.8402099609375,-0.02067362330853939,42.07795333862305,0.7121398448944092,1633.0169677734375
attention_cnn_transnet,convnext_hybrid,34.360347747802734,0.03160383552312851,33.04397201538086,0.9902902841567993,209.62759399414062
attention_cnn_transnet,convnext_transnet,14.792136192321777,0.023453757166862488,15.10457706451416,0.9956218600273132,79.03329467773438
attention_cnn_transnet,crnet_cnn_residual,233.18576049804688,-0.03804086148738861,3.1665773391723633,0.9858169555664062,20.09917640686035
attention_cnn_transnet,crnet_hybrid,12.86600112915039,-0.006817909423261881,2.506666421890259,0.9956609606742859,28.6756591796875
attention_cnn_transnet,crnet_transnet,3.8354580402374268,0.01324443519115448,1.1746729612350464,0.9962418079376221,22.83510398864746
attention_cnn_transnet,csinet_cnn_residual,215.09707641601562,0.02258649468421936,4.038578510284424,0.9797859191894531,24.18117332458496
attention_cnn_transnet,csinet_hybrid,19.205724716186523,-0.00281369686126709,6.324155330657959,0.9937630891799927,38.24053955078125
attention_cnn_transnet,csinet_transnet,4.0237812995910645,0.06768283247947693,10.297037124633789,0.9965793490409851,51.12861251831055
attention_cnn_transnet,dscnn_cnn_residual,279.9756164550781,-0.029314400628209114,4.305331230163574,0.9496314525604248,21.619461059570312
attention_cnn_transnet,dscnn_hybrid,21.779741287231445,-0.012878580950200558,12.39383602142334,0.9926198720932007,74.0284652709961
attention_cnn_transnet,dscnn_transnet,6.451070308685303,0.041365716606378555,15.927802085876465,0.9953421354293823,93.27320098876953
attention_cnn_transnet,mlp_ae_cnn_residual,282.0757141113281,-0.07992792129516602,5.779962062835693,0.956890344619751,22.95729637145996
attention_cnn_transnet,mlp_ae_hybrid,4.507183074951172,0.028086572885513306,10.20230770111084,0.9959208965301514,19.128149032592773
attention_cnn_transnet,mlp_ae_transnet,2.939584493637085,-0.039267756044864655,7.628596305847168,0.9969367980957031,18.914134979248047
attention_cnn_transnet,mlp_mixer_cnn_residual,270.2603759765625,0.07694368809461594,5.0744452476501465,0.9259060621261597,21.088075637817383
attention_cnn_transnet,mlp_mixer_hybrid,13.637186050415039,0.10289528220891953,3.8931868076324463,0.9956165552139282,19.55962562561035
attention_cnn_transnet,mlp_mixer_transnet,4.191009521484375,0.043722961097955704,5.975616931915283,0.9966958165168762,18.927560806274414
attention_cnn_transnet,resnet_cnn_residual,490.798095703125,-0.031214356422424316,6.496325969696045,0.9380068182945251,29.559898376464844
attention_cnn_transnet,resnet_hybrid,39.80158615112305,-0.008205091580748558,20.195497512817383,0.9945268630981445,126.97982025146484
attention_cnn_transnet,resnet_transnet,5.288395881652832,0.014219244942069054,9.595327377319336,0.9906028509140015,65.39803314208984
attention_cnn_transnet,sparse_resnet_cnn_residual,470.8460388183594,0.10739053040742874,6.1236677169799805,0.9380964040756226,28.669286727905273
attention_cnn_transnet,sparse_resnet_hybrid,39.364906311035156,-0.04314744099974632,18.924909591674805,0.9940937161445618,119.36089324951172
attention_cnn_transnet,sparse_resnet_transnet,5.749075889587402,-0.02886303700506687,11.695554733276367,0.9880906939506531,79.20757293701172
attention_cnn_transnet,swin_cnn_residual,157.99757385253906,-0.02748575061559677,6.429234504699707,0.9448137283325195,18.86774444580078
attention_cnn_transnet,swin_hybrid,9.80681037902832,0.027029801160097122,4.221248149871826,0.9940875172615051,19.6246337890625
attention_cnn_transnet,swin_transnet,2.5166430473327637,-0.004741784650832415,5.955928802490234,0.996317982673645,19.074214935302734
attention_cnn_transnet,transnet_cnn_residual,282.0015563964844,-0.018216682597994804,6.552985668182373,0.9151920676231384,27.422176361083984
attention_cnn_transnet,transnet_hybrid,22.440811157226562,-0.037614576518535614,2.9463233947753906,0.995000958442688,28.596721649169922
attention_cnn_transnet,transnet_transnet,7.145862102508545,0.009228397160768509,4.014858722686768,0.991429328918457,40.078773498535156
cbam_cnn_cnn_residual,cbam_cnn_hybrid,365.4537658691406,-0.002339452039450407,14.770981788635254,0.9404093623161316,77.52168273925781
cbam_cnn_cnn_residual,cbam_cnn_transnet,364.4004821777344,-0.05675530061125755,16.585643768310547,0.9393326640129089,93.79308319091797
cbam_cnn_cnn_residual,clnet_cnn_residual,427.31646728515625,-0.0017456721980124712,5.460004806518555,0.9290589094161987,17.392507553100586
cbam_cnn_cnn_residual,clnet_hybrid,364.5455017089844,-0.0009139651665464044,6.3680806159973145,0.9426684379577637,27.90416717529297
cbam_cnn_cnn_residual,clnet_transnet,364.02728271484375,-0.010040760040283203,4.436575889587402,0.9435265064239502,20.490108489990234
cbam_cnn_cnn_residual,cnn_cnn_residual,502.63330078125,-0.007304036058485508,5.479272842407227,0.9125401973724365,21.45909881591797
cbam_cnn_cnn_residual,cnn_hybrid,365.2646789550781,0.007384891156107187,15.9117431640625,0.9414098858833313,83.03047943115234
cbam_cnn_cnn_residual,cnn_transnet,364.1518249511719,-0.027487117797136307,12.945180892944336,0.9421128034591675,67.46922302246094
cbam_cnn_cnn_residual,convnext_cnn_residual,775.2744750976562,-0.0102531211450696,42.79541778564453,0.6779318451881409,1633.0126953125
cbam_cnn_cnn_residual,convnext_hybrid,366.6231994628906,-0.02967481128871441,34.31135940551758,0.9381458759307861,209.46714782714844
cbam_cnn_cnn_residual,convnext_transnet,364.10516357421875,0.012409493327140808,16.646623611450195,0.9432607889175415,78.35225677490234
cbam_cnn_cnn_residual,crnet_cnn_residual,408.43115234375,0.11790499091148376,4.822834014892578,0.9324283003807068,17.02126121520996
cbam_cnn_cnn_residual,crnet_hybrid,364.2264709472656,-0.0011623953469097614,5.38464879989624,0.9425826668739319,26.720272064208984
cbam_cnn_cnn_residual,crnet_transnet,364.0364074707031,-0.009597687050700188,4.375284671783447,0.9429639577865601,20.17183494567871
cbam_cnn_cnn_residual,csinet_cnn_residual,414.0966796875,0.046587154269218445,5.238669395446777,0.9273315668106079,21.636152267456055
cbam_cnn_cnn_residual,csinet_hybrid,364.4405517578125,0.0026452532038092613,8.426846504211426,0.9404215216636658,36.77487564086914
cbam_cnn_cnn_residual,csinet_transnet,364.0423889160156,-0.0094646867364645,12.08248233795166,0.9427669048309326,50.16644287109375
cbam_cnn_cnn_residual,dscnn_cnn_residual,449.3427429199219,0.043814338743686676,5.732775688171387,0.8961893320083618,18.804298400878906
cbam_cnn_cnn_residual,dscnn_hybrid,364.5476989746094,0.0040091355331242085,13.954547882080078,0.943303108215332,73.33346557617188
cbam_cnn_cnn_residual,dscnn_transnet,364.2339172363281,-0.030783172696828842,17.47903060913086,0.9414154291152954,92.76483154296875
cbam_cnn_cnn_residual,mlp_ae_cnn_residual,454.85101318359375,0.024692319333553314,6.361042499542236,0.90777587890625,20.20311164855957
cbam_cnn_cnn_residual,mlp_ae_hybrid,364.0551452636719,-0.010303068906068802,10.057201385498047,0.9434190988540649,15.679916381835938
cbam_cnn_cnn_residual,mlp_ae_transnet,363.9727783203125,0.011988543905317783,7.77813196182251,0.9451512098312378,15.452682495117188
cbam_cnn_cnn_residual,mlp_mixer_cnn_residual,467.45989990234375,-0.06555687636137009,6.399941444396973,0.8787537813186646,18.197725296020508
cbam_cnn_cnn_residual,mlp_mixer_hybrid,364.3301086425781,-0.005967719480395317,5.031444072723389,0.9439131021499634,16.258821487426758
cbam_cnn_cnn_residual,mlp_mixer_transnet,363.7706604003906,0.0643954947590828,6.477646827697754,0.942196786403656,15.50957202911377
cbam_cnn_cnn_residual,resnet_cnn_residual,606.1166381835938,0.01658787578344345,8.007319450378418,0.8928930163383484,27.625904083251953
cbam_cnn_cnn_residual,resnet_hybrid,366.1534423828125,-1.768337097018957e-05,21.648574829101562,0.9405478239059448,126.67330932617188
cbam_cnn_cnn_residual,resnet_transnet,363.8537292480469,0.03483646363019943,11.374560356140137,0.9379392266273499,64.6129150390625
cbam_cnn_cnn_residual,sparse_resnet_cnn_residual,578.5549926757812,0.057354286313056946,7.889277458190918,0.8840311169624329,26.748411178588867
cbam_cnn_cnn_residual,sparse_resnet_hybrid,365.6356201171875,0.011842327192425728,20.37653923034668,0.9413731098175049,118.93665313720703
cbam_cnn_cnn_residual,sparse_resnet_transnet,363.972412109375,0.010784010402858257,13.402807235717773,0.9333433508872986,78.59508514404297
cbam_cnn_cnn_residual,swin_cnn_residual,420.12994384765625,-0.1659538447856903,6.808526515960693,0.8997501730918884,15.359247207641602
cbam_cnn_cnn_residual,swin_hybrid,364.7799072265625,-0.068730928003788,5.302868843078613,0.9391887187957764,16.42959213256836
cbam_cnn_cnn_residual,swin_transnet,363.9052429199219,0.06473439931869507,6.444181442260742,0.9431368112564087,15.655184745788574
cbam_cnn_cnn_residual,transnet_cnn_residual,467.1498718261719,-0.030404377728700638,7.931562423706055,0.8692584037780762,25.322154998779297
cbam_cnn_cnn_residual,transnet_hybrid,364.6808166503906,-0.0004311874508857727,5.696671485900879,0.9415572881698608,26.634929656982422
cbam_cnn_cnn_residual,transnet_transnet,364.1311340332031,-0.011056509800255299,6.458189487457275,0.9382348656654358,38.74258041381836
cbam_cnn_hybrid,cbam_cnn_transnet,32.46709442138672,-0.00510404072701931,4.1188201904296875,0.9908682107925415,114.588623046875
cbam_cnn_hybrid,clnet_cnn_residual,223.77517700195312,0.053752221167087555,17.186609268188477,0.9793622493743896,77.98648834228516
cbam_cnn_hybrid,clnet_hybrid,37.48952865600586,-0.0015086971689015627,9.711519241333008,0.9930021166801453,78.32540130615234
cbam_cnn_hybrid,clnet_transnet,31.84649658203125,0.033269308507442474,13.04017448425293,0.9946392774581909,77.60728454589844
cbam_cnn_hybrid,cnn_cnn_residual,346.5606689453125,-0.03515854850411415,14.177750587463379,0.9544453620910645,77.85062408447266
cbam_cnn_hybrid,cnn_hybrid,47.032283782958984,-0.04319756478071213,3.7016191482543945,0.9915205240249634,106.27725982666016
cbam_cnn_hybrid,cnn_transnet,31.937219619750977,0.05045745149254799,3.4350759983062744,0.9935454726219177,96.643798828125
cbam_cnn_hybrid,convnext_cnn_residual,682.2039184570312,-0.020997975021600723,36.74419403076172,0.7122305631637573,1633.6383056640625
cbam_cnn_hybrid,convnext_hybrid,47.20838928222656,-0.016035808250308037,20.635364532470703,0.9874778985977173,213.37353515625
cbam_cnn_hybrid,convnext_transnet,35.0595588684082,-0.0006038867868483067,3.6924309730529785,0.9935601353645325,102.25796508789062
cbam_cnn_hybrid,crnet_cnn_residual,235.3636016845703,-0.0033343182876706123,15.727829933166504,0.9828891754150391,77.45490264892578
cbam_cnn_hybrid,crnet_hybrid,34.191162109375,0.005553979892283678,11.104326248168945,0.993181049823761,78.61459350585938
cbam_cnn_hybrid,crnet_transnet,32.115509033203125,-0.03969835117459297,13.4116849899292,0.9943232536315918,77.48087310791016
cbam_cnn_hybrid,csinet_cnn_residual,215.63592529296875,0.05818532407283783,16.633567810058594,0.9782307744026184,78.8228988647461
cbam_cnn_hybrid,csinet_hybrid,37.27433395385742,-0.010204305872321129,7.467233180999756,0.9921259880065918,80.96324157714844
cbam_cnn_hybrid,csinet_transnet,32.03118133544922,-0.0019271440105512738,3.8406317234039307,0.9943181872367859,85.72895050048828
cbam_cnn_hybrid,dscnn_cnn_residual,281.831787109375,-0.003876469098031521,15.776782989501953,0.9482661485671997,77.705322265625
cbam_cnn_hybrid,dscnn_hybrid,38.60643005371094,-0.006477962248027325,3.6009228229522705,0.9907644987106323,100.15470886230469
cbam_cnn_hybrid,dscnn_transnet,32.15366744995117,0.04365391284227371,4.256622314453125,0.9934094548225403,113.27898406982422
cbam_cnn_hybrid,mlp_ae_cnn_residual,283.1794738769531,0.016132140532135963,18.402267456054688,0.9549833536148071,78.78655242919922
cbam_cnn_hybrid,mlp_ae_hybrid,32.1661376953125,-0.02144549787044525,23.184173583984375,0.9938454031944275,78.6060562133789
cbam_cnn_hybrid,mlp_ae_transnet,31.86686897277832,0.009310106746852398,20.61493492126465,0.994483232498169,78.26469421386719
cbam_cnn_hybrid,mlp_mixer_cnn_residual,272.3058166503906,-0.0007961501833051443,15.027007102966309,0.9242873787879944,76.99342346191406
cbam_cnn_hybrid,mlp_mixer_hybrid,36.448795318603516,-0.14716951549053192,16.81722640991211,0.9938029050827026,77.66193389892578
cbam_cnn_hybrid,mlp_mixer_transnet,32.32155990600586,-0.07647617906332016,18.95496940612793,0.9944274425506592,78.0019302368164
cbam_cnn_hybrid,resnet_cnn_residual,495.9598083496094,-0.13285450637340546,11.997775077819824,0.9339979887008667,78.20124053955078
cbam_cnn_hybrid,resnet_hybrid,50.84700393676758,0.0022627911530435085,7.94188928604126,0.9927553534507751,140.44894409179688
cbam_cnn_hybrid,resnet_transnet,32.224510192871094,-0.0058317543007433414,5.285609245300293,0.9878511428833008,95.26368713378906
cbam_cnn_hybrid,sparse_resnet_cnn_residual,472.06842041015625,0.002302660373970866,12.201577186584473,0.9379754662513733,78.12974548339844
cbam_cnn_hybrid,sparse_resnet_hybrid,50.670928955078125,-0.006703875493258238,6.893846035003662,0.9918556213378906,133.95770263671875
cbam_cnn_hybrid,sparse_resnet_transnet,32.152591705322266,0.020699087530374527,4.756755828857422,0.9845325946807861,104.36009979248047
cbam_cnn_hybrid,swin_cnn_residual,160.17782592773438,0.029482252895832062,19.058929443359375,0.943771243095398,77.89897918701172
cbam_cnn_hybrid,swin_hybrid,33.31307601928711,-0.0067538488656282425,17.135892868041992,0.9920231699943542,77.7802505493164
cbam_cnn_hybrid,swin_transnet,31.733558654785156,0.08789985626935959,18.933971405029297,0.9939329624176025,77.98921966552734
cbam_cnn_hybrid,transnet_cnn_residual,277.42999267578125,0.19748926162719727,13.373247146606445,0.913506031036377,77.98175811767578
cbam_cnn_hybrid,transnet_hybrid,38.797664642333984,0.0022219843231141567,10.690351486206055,0.9929357171058655,78.41962432861328
cbam_cnn_hybrid,transnet_transnet,32.630550384521484,-0.011645298451185226,9.96351146697998,0.9891076683998108,82.87810516357422
cbam_cnn_transnet,clnet_cnn_residual,223.0701904296875,0.037593692541122437,19.06736946105957,0.9775682091712952,94.3193130493164
cbam_cnn_transnet,clnet_hybrid,20.52211570739746,0.03592468053102493,11.59890079498291,0.9916723966598511,94.31517028808594
cbam_cnn_transnet,clnet_transnet,6.787453651428223,0.006986416410654783,14.912200927734375,0.9940439462661743,93.80683898925781
cbam_cnn_transnet,cnn_cnn_residual,343.71014404296875,0.052041538059711456,15.96623706817627,0.9549722075462341,94.04187774658203
cbam_cnn_transnet,cnn_hybrid,33.94685745239258,-0.012870521284639835,3.6904869079589844,0.9914581179618835,117.79338073730469
cbam_cnn_transnet,cnn_transnet,7.73524808883667,0.031044943258166313,4.855085849761963,0.9930500388145447,109.27198791503906
cbam_cnn_transnet,convnext_cnn_residual,681.0410766601562,-0.034928929060697556,36.361751556396484,0.7105454802513123,1634.1185302734375
cbam_cnn_transnet,convnext_hybrid,35.034698486328125,-0.01712638884782791,18.928712844848633,0.9870677590370178,218.0402069091797
cbam_cnn_transnet,convnext_transnet,15.9055814743042,0.011475046165287495,3.4529058933258057,0.9925158023834229,114.1022720336914
cbam_cnn_transnet,crnet_cnn_residual,232.8604278564453,0.05102173238992691,17.597131729125977,0.9819315671920776,93.8479232788086
cbam_cnn_transnet,crnet_hybrid,14.156820297241211,-0.002549591939896345,12.986044883728027,0.9920867085456848,94.54798889160156
cbam_cnn_transnet,crnet_transnet,6.963016986846924,0.03080962970852852,15.292143821716309,0.9933622479438782,93.81375122070312
cbam_cnn_transnet,csinet_cnn_residual,215.37245178222656,-0.023440750315785408,18.52117156982422,0.9759581089019775,94.99369812011719
cbam_cnn_transnet,csinet_hybrid,20.020620346069336,0.011073186062276363,9.33000659942627,0.9907993078231812,96.2685317993164
cbam_cnn_transnet,csinet_transnet,7.038980484008789,0.05590282008051872,5.483606338500977,0.9935991168022156,99.67814636230469
cbam_cnn_transnet,dscnn_cnn_residual,280.01556396484375,-0.006300719920545816,17.664447784423828,0.944623589515686,94.03288269042969
cbam_cnn_transnet,dscnn_hybrid,22.5200138092041,0.0032103401608765125,4.76487922668457,0.9890583157539368,112.39127349853516
cbam_cnn_transnet,dscnn_transnet,8.871146202087402,-0.014982516877353191,3.714240312576294,0.9921441078186035,124.26276397705078
cbam_cnn_transnet,mlp_ae_cnn_residual,282.6942443847656,-0.1158796176314354,20.286216735839844,0.9521211981773376,95.07749938964844
cbam_cnn_transnet,mlp_ae_hybrid,7.4288177490234375,0.008816789835691452,25.052047729492188,0.9933116436004639,95.03479766845703
cbam_cnn_transnet,mlp_ae_transnet,6.61738395690918,-0.025689197704195976,22.48552703857422,0.9937653541564941,94.71318054199219
cbam_cnn_transnet,mlp_mixer_cnn_residual,270.2379455566406,0.03973797708749771,16.89893913269043,0.919697642326355,93.39300537109375
cbam_cnn_transnet,mlp_mixer_hybrid,14.647825241088867,0.07104919850826263,18.695232391357422,0.99274742603302,94.0582275390625
cbam_cnn_transnet,mlp_mixer_transnet,7.056982517242432,0.07061903178691864,20.8297061920166,0.9934256076812744,94.4557113647461
cbam_cnn_transnet,resnet_cnn_residual,490.7669677734375,0.00013339007273316383,13.604856491088867,0.9349641799926758,94.19376373291016
cbam_cnn_transnet,resnet_hybrid,39.591251373291016,0.10073070228099823,6.6700873374938965,0.9908751845359802,148.6297149658203
cbam_cnn_transnet,resnet_transnet,8.099913597106934,-0.04100004583597183,6.806167125701904,0.98773592710495,108.32923889160156
cbam_cnn_transnet,sparse_resnet_cnn_residual,471.28143310546875,-0.02744220569729805,13.891236305236816,0.9375683069229126,94.09607696533203
cbam_cnn_transnet,sparse_resnet_hybrid,39.83544158935547,-0.019446413964033127,5.71843957901001,0.9905129671096802,143.46697998046875
cbam_cnn_transnet,sparse_resnet_transnet,8.200949668884277,-9.761890396475792e-05,5.660212993621826,0.9856417775154114,116.04914855957031
cbam_cnn_transnet,swin_cnn_residual,158.0506591796875,-0.00011853501200675964,20.929895401000977,0.9418250918388367,94.3272933959961
cbam_cnn_transnet,swin_hybrid,11.4534273147583,0.007710173260420561,19.01842498779297,0.9905431270599365,94.17301177978516
cbam_cnn_transnet,swin_transnet,6.315639495849609,0.07363104820251465,20.806764602661133,0.9931164383888245,94.4456558227539
cbam_cnn_transnet,transnet_cnn_residual,281.9539794921875,0.01132240891456604,14.993475914001465,0.9148244857788086,93.9583969116211
cbam_cnn_transnet,transnet_hybrid,23.4801025390625,-0.05882016569375992,12.560187339782715,0.9921358823776245,94.32395935058594
cbam_cnn_transnet,transnet_transnet,9.301289558410645,-0.004001987632364035,11.764201164245605,0.9895154237747192,97.94345092773438
clnet_cnn_residual,clnet_hybrid,224.27093505859375,-0.009116408415138721,7.948095321655273,0.978168785572052,26.91876792907715
clnet_cnn_residual,clnet_transnet,223.27987670898438,-0.017468750476837158,4.549498558044434,0.9810159206390381,18.24964714050293
clnet_cnn_residual,cnn_cnn_residual,402.60467529296875,0.039445631206035614,5.450629234313965,0.940758466720581,19.473064422607422
clnet_cnn_residual,cnn_hybrid,226.4901580810547,-0.024486420676112175,18.392358779907227,0.9794523119926453,83.59205627441406
clnet_cnn_residual,cnn_transnet,222.8436279296875,0.08962639421224594,15.30383014678955,0.9802990555763245,67.80436706542969
clnet_cnn_residual,convnext_cnn_residual,702.7334594726562,0.06406557559967041,44.40230178833008,0.7033953666687012,1633.1607666015625
clnet_cnn_residual,convnext_hybrid,225.9470672607422,-0.0029384559020400047,37.05558776855469,0.9760760068893433,210.74375915527344
clnet_cnn_residual,convnext_transnet,223.7551727294922,-0.003710340242832899,19.175500869750977,0.9807230234146118,79.1302490234375
clnet_cnn_residual,crnet_cnn_residual,320.7848815917969,0.012079914100468159,2.8772473335266113,0.9699100852012634,13.488479614257812
clnet_cnn_residual,crnet_hybrid,223.2103271484375,0.028994761407375336,6.480666637420654,0.980684220790863,25.35911750793457
clnet_cnn_residual,crnet_transnet,223.3700408935547,-0.03984541445970535,4.203078746795654,0.9813101887702942,17.796571731567383
clnet_cnn_residual,csinet_cnn_residual,312.554443359375,-0.016464024782180786,2.705852508544922,0.9627037644386292,18.810518264770508
clnet_cnn_residual,csinet_hybrid,222.62232971191406,0.07391291856765747,10.345355033874512,0.979374349117279,36.371299743652344
clnet_cnn_residual,csinet_transnet,223.22923278808594,0.004828433506190777,14.396721839904785,0.98108971118927,50.39339065551758
clnet_cnn_residual,dscnn_cnn_residual,368.9810791015625,-0.06380852311849594,4.262928009033203,0.9367803931236267,15.794332504272461
clnet_cnn_residual,dscnn_hybrid,223.6835479736328,0.026965295895934105,16.443208694458008,0.9767808318138123,73.82697296142578
clnet_cnn_residual,dscnn_transnet,223.28805541992188,0.002506790217012167,20.008291244506836,0.9794524312019348,93.43336486816406
clnet_cnn_residual,mlp_ae_cnn_residual,366.0038146972656,-0.03707033023238182,3.196406364440918,0.940967321395874,16.9979248046875
clnet_cnn_residual,mlp_ae_hybrid,223.36329650878906,-0.026912080124020576,6.3581390380859375,0.9815857410430908,10.28703498840332
clnet_cnn_residual,mlp_ae_transnet,223.20782470703125,0.009521033614873886,3.9451169967651367,0.9814141988754272,10.30639934539795
clnet_cnn_residual,mlp_mixer_cnn_residual,351.9630432128906,-0.007685297634452581,5.971236228942871,0.9103262424468994,15.629626274108887
clnet_cnn_residual,mlp_mixer_hybrid,223.2958526611328,0.024974655359983444,1.8474282026290894,0.9810228943824768,12.251307487487793
clnet_cnn_residual,mlp_mixer_transnet,223.4786834716797,-0.06190486252307892,2.5709428787231445,0.9813215732574463,10.667672157287598
clnet_cnn_residual,resnet_cnn_residual,547.1237182617188,-0.03973179683089256,9.155957221984863,0.9218665361404419,26.73818016052246
clnet_cnn_residual,resnet_hybrid,223.23435974121094,0.08857588469982147,24.24943733215332,0.9797518253326416,127.41232299804688
clnet_cnn_residual,resnet_transnet,223.35037231445312,-0.016225846484303474,13.589499473571777,0.9758988618850708,64.75680541992188
clnet_cnn_residual,sparse_resnet_cnn_residual,508.8255615234375,0.06099643558263779,8.614606857299805,0.9245442152023315,25.508867263793945
clnet_cnn_residual,sparse_resnet_hybrid,225.69212341308594,0.024406377226114273,22.978286743164062,0.9791117310523987,119.74186706542969
clnet_cnn_residual,sparse_resnet_transnet,222.95767211914062,0.06102253124117851,15.64354133605957,0.9749540090560913,78.83314514160156
clnet_cnn_residual,swin_cnn_residual,272.0087585449219,0.011034252122044563,3.5822255611419678,0.9287893772125244,10.664445877075195
clnet_cnn_residual,swin_hybrid,223.4671173095703,-0.0043000089935958385,1.8852022886276245,0.9795427322387695,12.365325927734375
clnet_cnn_residual,swin_transnet,223.26388549804688,-0.030650993809103966,2.5516273975372314,0.9813433289527893,10.921981811523438
clnet_cnn_residual,transnet_cnn_residual,354.51800537109375,0.02893352508544922,8.485365867614746,0.9033481478691101,24.063371658325195
clnet_cnn_residual,transnet_hybrid,224.85134887695312,-0.02377476915717125,6.914641857147217,0.980240523815155,25.349157333374023
clnet_cnn_residual,transnet_transnet,223.45260620117188,-0.018957525491714478,7.89132833480835,0.9770029783248901,37.98550033569336
clnet_hybrid,clnet_transnet,19.888206481933594,0.02149539813399315,3.8081562519073486,0.9951285123825073,28.303279876708984
clnet_hybrid,cnn_cnn_residual,344.4094543457031,0.006961523555219173,5.72995662689209,0.9559229016304016,29.002910614013672
clnet_hybrid,cnn_hybrid,38.88030242919922,-0.010007288306951523,10.936999320983887,0.9921879172325134,83.68819427490234
clnet_hybrid,cnn_transnet,20.435678482055664,-0.023791329935193062,7.810363292694092,0.9943181276321411,69.04876708984375
clnet_hybrid,convnext_cnn_residual,680.2806396484375,0.04044476896524429,40.15799331665039,0.7168151140213013,1632.68310546875
clnet_hybrid,convnext_hybrid,39.91426467895508,-0.015902984887361526,29.572444915771484,0.9887081384658813,208.25811767578125
clnet_hybrid,convnext_transnet,24.574932098388672,0.004586373455822468,11.668752670288086,0.9936352968215942,78.91716003417969
clnet_hybrid,crnet_cnn_residual,232.4525909423828,0.0749092772603035,6.504475116729736,0.9836694598197937,26.393503189086914
clnet_hybrid,crnet_hybrid,23.58439064025879,-0.009422254748642445,2.309316635131836,0.9938716292381287,32.5997200012207
clnet_hybrid,crnet_transnet,19.627717971801758,0.12500916421413422,4.161177158355713,0.994830310344696,28.064542770385742
clnet_hybrid,csinet_cnn_residual,216.1649169921875,-0.006313324440270662,7.436373710632324,0.9771449565887451,29.740373611450195
clnet_hybrid,csinet_hybrid,27.4942684173584,-0.0012857167748734355,3.2095859050750732,0.9936066269874573,40.55038070678711
clnet_hybrid,csinet_transnet,19.9744930267334,0.032288044691085815,6.892053604125977,0.995077908039093,52.124366760253906
clnet_hybrid,dscnn_cnn_residual,282.22381591796875,-0.08242972195148468,7.044411659240723,0.9463154673576355,27.51203727722168
clnet_hybrid,dscnn_hybrid,29.32754135131836,-0.0006914837285876274,8.995712280273438,0.9919177293777466,74.44245147705078
clnet_hybrid,dscnn_transnet,20.73651695251465,-0.003995599690824747,12.474870681762695,0.9937047362327576,93.04351043701172
clnet_hybrid,mlp_ae_cnn_residual,282.5939636230469,-0.00011755863670259714,9.17624568939209,0.9558699131011963,28.961788177490234
clnet_hybrid,mlp_ae_hybrid,20.163127899169922,0.003583865240216255,13.794940948486328,0.9948779344558716,26.501253128051758
clnet_hybrid,mlp_ae_transnet,19.867826461791992,-0.0010798857547342777,11.230767250061035,0.994988203048706,26.169828414916992
clnet_hybrid,mlp_mixer_cnn_residual,271.4563903808594,-0.016259487718343735,6.919860363006592,0.9240989685058594,26.75189781188965
clnet_hybrid,mlp_mixer_hybrid,24.372406005859375,-0.029133131727576256,7.466495513916016,0.9940692782402039,26.147924423217773
clnet_hybrid,mlp_mixer_transnet,19.765708923339844,0.09460463374853134,9.574888229370117,0.9950897693634033,26.022708892822266
clnet_hybrid,resnet_cnn_residual,491.0988464355469,0.0013627721928060055,6.163994312286377,0.9339419007301331,33.145118713378906
clnet_hybrid,resnet_hybrid,44.33877944946289,0.0020346222445368767,16.728260040283203,0.9928316473960876,126.36491394042969
clnet_hybrid,resnet_transnet,20.06490135192871,0.06214617192745209,6.3799567222595215,0.9893251061439514,66.4395751953125
clnet_hybrid,sparse_resnet_cnn_residual,471.4332580566406,0.002485265489667654,5.83886194229126,0.9389799237251282,32.386470794677734
clnet_hybrid,sparse_resnet_hybrid,43.91158676147461,0.00036445632576942444,15.473700523376465,0.9922916889190674,119.06770324707031
clnet_hybrid,sparse_resnet_transnet,20.607746124267578,-0.028409570455551147,8.47008991241455,0.9862790703773499,79.66377258300781
clnet_hybrid,swin_cnn_residual,159.17520141601562,-0.0008771840366534889,9.835880279541016,0.9441429376602173,25.887067794799805
clnet_hybrid,swin_hybrid,21.987699508666992,0.0003771986812353134,7.790236949920654,0.9923415184020996,26.29412269592285
clnet_hybrid,swin_transnet,19.774309158325195,0.029913833364844322,9.550129890441895,0.9949994087219238,26.10054588317871
clnet_hybrid,transnet_cnn_residual,282.6915283203125,-0.002236743224784732,6.809597492218018,0.9153374433517456,31.40983009338379
clnet_hybrid,transnet_hybrid,28.43198585510254,0.08863398432731628,2.1281416416168213,0.9934896230697632,32.53154373168945
clnet_hybrid,transnet_transnet,20.919872283935547,7.322430610656738e-05,2.3718698024749756,0.9900742769241333,42.839874267578125
clnet_transnet,cnn_cnn_residual,343.9208068847656,0.025933699682354927,3.8139119148254395,0.9589126706123352,22.212276458740234
clnet_transnet,cnn_hybrid,33.25495147705078,0.050247661769390106,14.246735572814941,0.9946818351745605,83.0444564819336
clnet_transnet,cnn_transnet,5.5687360763549805,-0.06393120437860489,11.114506721496582,0.9965689182281494,67.63163757324219
clnet_transnet,convnext_cnn_residual,680.7390747070312,0.02244003489613533,41.98817443847656,0.714999258518219,1632.9100341796875
clnet_transnet,convnext_hybrid,34.44968795776367,0.005517037119716406,32.947265625,0.9911855459213257,209.35440063476562
clnet_transnet,convnext_transnet,14.855731010437012,0.027502302080392838,15.014928817749023,0.9959953427314758,78.457763671875
clnet_transnet,crnet_cnn_residual,232.91148376464844,0.07533273100852966,3.253575086593628,0.9853705167770386,17.828426361083984
clnet_transnet,crnet_hybrid,13.113375663757324,-0.06279616057872772,2.4057204723358154,0.9960674047470093,27.152219772338867
clnet_transnet,crnet_transnet,3.988720655441284,0.09078402817249298,1.1031545400619507,0.9968897104263306,20.774032592773438
clnet_transnet,csinet_cnn_residual,215.34690856933594,-0.07411572337150574,4.0987749099731445,0.9801220297813416,22.272056579589844
clnet_transnet,csinet_hybrid,19.40155792236328,-0.0515674352645874,6.2107439041137695,0.9946512579917908,36.9134635925293
clnet_transnet,csinet_transnet,4.311100482940674,0.06329121440649033,10.198427200317383,0.9971835613250732,50.30684280395508
clnet_transnet,dscnn_cnn_residual,280.0867614746094,-0.0635748952627182,4.3357038497924805,0.9500492215156555,19.504026412963867
clnet_transnet,dscnn_hybrid,21.658672332763672,0.0580357164144516,12.291642189025879,0.993461012840271,73.38568878173828
clnet_transnet,dscnn_transnet,6.729757785797119,-0.0006539225578308105,15.835158348083496,0.9958478212356567,92.80647277832031
clnet_transnet,mlp_ae_cnn_residual,281.7935485839844,0.04464226961135864,5.858042240142822,0.9566779136657715,21.034202575683594
clnet_transnet,mlp_ae_hybrid,4.820382118225098,0.006101187318563461,10.280381202697754,0.996772825717926,16.7375431060791
clnet_transnet,mlp_ae_transnet,3.41731595993042,-0.07572212815284729,7.705569744110107,0.9973853826522827,16.501855850219727
clnet_transnet,mlp_mixer_cnn_residual,270.2365417480469,0.07202159613370895,5.0989813804626465,0.9257597923278809,18.9776611328125
clnet_transnet,mlp_mixer_hybrid,14.080549240112305,-0.052055105566978455,3.94425630569458,0.9964978098869324,17.227689743041992
clnet_transnet,mlp_mixer_transnet,4.579870700836182,-0.007744412869215012,6.046786785125732,0.9973088502883911,16.510374069213867
clnet_transnet,resnet_cnn_residual,490.8842468261719,-0.05639437958598137,6.463429927825928,0.9379885792732239,28.109121322631836
clnet_transnet,resnet_hybrid,39.90971374511719,-0.03525242954492569,20.098892211914062,0.9952630996704102,126.61087036132812
clnet_transnet,resnet_transnet,5.634854793548584,-0.03552982583642006,9.490253448486328,0.9914829730987549,64.68780517578125
clnet_transnet,sparse_resnet_cnn_residual,471.3809814453125,-0.11545927822589874,6.049045085906982,0.9393582344055176,27.081193923950195
clnet_transnet,sparse_resnet_hybrid,39.14054870605469,0.0628206729888916,18.833219528198242,0.9946024417877197,118.96886444091797
clnet_transnet,sparse_resnet_transnet,5.88130521774292,0.013988157734274864,11.614810943603516,0.9882196187973022,78.5299072265625
clnet_transnet,swin_cnn_residual,157.8769989013672,0.026727549731731415,6.498263359069824,0.9451780915260315,16.426990509033203
clnet_transnet,swin_hybrid,10.0856351852417,-0.036738164722919464,4.286745071411133,0.9945660829544067,17.34503173828125
clnet_transnet,swin_transnet,3.058544874191284,-0.06572532653808594,6.023157119750977,0.9971646070480347,16.655405044555664
clnet_transnet,transnet_cnn_residual,281.8327941894531,0.0509304441511631,6.437538146972656,0.9182306528091431,25.781766891479492
clnet_transnet,transnet_hybrid,22.39252281188965,0.01023956760764122,2.808312177658081,0.9959357976913452,27.02616310119629
clnet_transnet,transnet_transnet,7.348426342010498,-0.00265548937022686,3.8818507194519043,0.9925638437271118,39.04503631591797
cnn_cnn_residual,cnn_hybrid,345.625244140625,-0.0011927229352295399,15.288395881652832,0.9569270610809326,83.38270568847656
cnn_cnn_residual,cnn_transnet,343.8930358886719,0.025108328089118004,12.321036338806152,0.9567682147026062,68.04095458984375
cnn_cnn_residual,convnext_cnn_residual,761.7109985351562,0.003411397337913513,42.61513900756836,0.6793437600135803,1632.9442138671875
cnn_cnn_residual,convnext_hybrid,343.9420166015625,0.05103325843811035,33.79572677612305,0.9510949850082397,209.57208251953125
cnn_cnn_residual,convnext_transnet,344.3715515136719,-0.005360247567296028,16.07546043395996,0.9566311836242676,78.77849578857422
cnn_cnn_residual,crnet_cnn_residual,423.0470886230469,-0.039369504898786545,4.618887424468994,0.9457614421844482,19.044483184814453
cnn_cnn_residual,crnet_hybrid,343.9275817871094,0.0225065890699625,4.669637680053711,0.9579642415046692,27.987197875976562
cnn_cnn_residual,crnet_transnet,343.6644287109375,0.10206553339958191,3.772873878479004,0.9587893486022949,21.928207397460938
cnn_cnn_residual,csinet_cnn_residual,400.373779296875,0.029089797288179398,5.098621845245361,0.9421133995056152,23.265832901000977
cnn_cnn_residual,csinet_hybrid,344.6977233886719,-0.009944668971002102,7.749505519866943,0.9554420113563538,37.64326858520508
cnn_cnn_residual,csinet_transnet,344.08343505859375,-0.023950008675456047,11.388821601867676,0.9596664905548096,50.66321563720703
cnn_cnn_residual,dscnn_cnn_residual,438.3046875,0.023670438677072525,5.442531585693359,0.9126642346382141,20.640085220336914
cnn_cnn_residual,dscnn_hybrid,344.6428527832031,0.0007921481737866998,13.42676067352295,0.9543662071228027,73.77156066894531
cnn_cnn_residual,dscnn_transnet,343.8559875488281,0.028924610465765,16.85340690612793,0.9574344754219055,93.09862518310547
cnn_cnn_residual,mlp_ae_cnn_residual,442.76202392578125,0.009027864784002304,6.438328742980957,0.9190044403076172,22.028942108154297
cnn_cnn_residual,mlp_ae_hybrid,344.0235290527344,-0.005059124901890755,10.314229965209961,0.9587945938110352,17.993738174438477
cnn_cnn_residual,mlp_ae_transnet,344.095458984375,-0.05619264766573906,7.966923713684082,0.9581590890884399,17.788921356201172
cnn_cnn_residual,mlp_mixer_cnn_residual,422.09912109375,0.07137434929609299,6.152916431427002,0.8906656503677368,19.902498245239258
cnn_cnn_residual,mlp_mixer_hybrid,343.6148681640625,0.04650554805994034,4.9755940437316895,0.9564768075942993,18.45759391784668
cnn_cnn_residual,mlp_mixer_transnet,344.15289306640625,-0.04132475703954697,6.548022270202637,0.9576675891876221,17.793245315551758
cnn_cnn_residual,resnet_cnn_residual,580.4940185546875,0.06564609706401825,7.874409198760986,0.894550085067749,28.92136573791504
cnn_cnn_residual,resnet_hybrid,346.109619140625,0.003960228059440851,21.04994010925293,0.9562613368034363,126.83808135986328
cnn_cnn_residual,resnet_transnet,343.5389709472656,0.09726875275373459,10.8203706741333,0.9498683214187622,65.08819580078125
cnn_cnn_residual,sparse_resnet_cnn_residual,574.0523681640625,0.03298773989081383,7.231631278991699,0.9045935869216919,27.86014175415039
cnn_cnn_residual,sparse_resnet_hybrid,342.6581726074219,0.09062889218330383,19.80340576171875,0.9556217789649963,119.22028350830078
cnn_cnn_residual,sparse_resnet_transnet,344.0124206542969,0.0014298483729362488,12.832267761230469,0.9465829133987427,78.9235610961914
cnn_cnn_residual,swin_cnn_residual,380.30487060546875,-0.012605475261807442,6.9228515625,0.9108652472496033,17.695308685302734
cnn_cnn_residual,swin_hybrid,344.0271301269531,0.009041866287589073,5.187041282653809,0.9556917548179626,18.592519760131836
cnn_cnn_residual,swin_transnet,343.95343017578125,0.020951876416802406,6.517192840576172,0.9582968950271606,17.92534828186035
cnn_cnn_residual,transnet_cnn_residual,444.4934387207031,0.0012688215356320143,7.877913475036621,0.8701019287109375,26.870668411254883
cnn_cnn_residual,transnet_hybrid,344.8628845214844,-0.007380408234894276,4.998274803161621,0.9565698504447937,27.902021408081055
cnn_cnn_residual,transnet_transnet,343.7540283203125,0.04284786060452461,5.7089104652404785,0.9549158811569214,39.578392028808594
cnn_hybrid,cnn_transnet,33.62117004394531,-0.0008171279914677143,4.2319254875183105,0.9937803745269775,100.32907104492188
cnn_hybrid,convnext_cnn_residual,683.91259765625,-0.06948989629745483,36.474300384521484,0.7113909721374512,1633.0823974609375
cnn_hybrid,convnext_hybrid,47.820194244384766,0.0007571580354124308,19.474584579467773,0.9879332184791565,214.15158081054688
cnn_hybrid,convnext_transnet,35.768672943115234,0.04515157639980316,3.3270511627197266,0.9932894706726074,105.7342529296875
cnn_hybrid,crnet_cnn_residual,234.46392822265625,0.03017379716038704,16.906063079833984,0.9843984842300415,83.06163024902344
cnn_hybrid,crnet_hybrid,35.66517639160156,-0.004199831746518612,12.288663864135742,0.9936219453811646,83.9925308227539
cnn_hybrid,crnet_transnet,33.396644592285156,0.013229627162218094,14.621543884277344,0.9942464828491211,83.0725326538086
cnn_hybrid,csinet_cnn_residual,219.73403930664062,-0.06232449784874916,17.85715675354004,0.9770268201828003,84.42842102050781
cnn_hybrid,csinet_hybrid,38.217796325683594,0.00891451071947813,8.612781524658203,0.9923157691955566,86.0453109741211
cnn_hybrid,csinet_transnet,33.397369384765625,0.021514160558581352,4.814197540283203,0.994418740272522,90.21528625488281
cnn_hybrid,dscnn_cnn_residual,281.8464050292969,0.0009472748497501016,16.979148864746094,0.9472411870956421,83.27558898925781
cnn_hybrid,dscnn_hybrid,39.2768669128418,0.023453595116734505,4.134706020355225,0.9906381964683533,103.76683044433594
cnn_hybrid,dscnn_transnet,34.25337219238281,-0.066330187022686,3.6725754737854004,0.9932095408439636,116.53878784179688
cnn_hybrid,mlp_ae_cnn_residual,284.1335144042969,-0.008359037339687347,19.598867416381836,0.955562949180603,84.48135375976562
cnn_hybrid,mlp_ae_hybrid,33.41954803466797,0.026817357167601585,24.39732551574707,0.9940264821052551,84.31198120117188
cnn_hybrid,mlp_ae_transnet,33.3341064453125,0.0033885985612869263,21.82549476623535,0.9948843717575073,83.97030639648438
cnn_hybrid,mlp_mixer_cnn_residual,266.804443359375,0.16927991807460785,16.255521774291992,0.9207447171211243,82.6426773071289
cnn_hybrid,mlp_mixer_hybrid,36.05535888671875,-0.00525051262229681,18.035812377929688,0.9933255910873413,83.27716064453125
cnn_hybrid,mlp_mixer_transnet,33.26285934448242,0.06114424020051956,20.16560935974121,0.9946578741073608,83.66143798828125
cnn_hybrid,resnet_cnn_residual,492.0607604980469,-0.006194043904542923,13.02622127532959,0.9348936676979065,83.47303771972656
cnn_hybrid,resnet_hybrid,52.10047149658203,-0.010730047710239887,6.978857040405273,0.9923163652420044,142.37509155273438
cnn_hybrid,resnet_transnet,33.711124420166016,-0.015050079673528671,6.252936840057373,0.9877794981002808,99.17899322509766
cnn_hybrid,sparse_resnet_cnn_residual,472.2182922363281,0.0007167516741901636,13.363454818725586,0.9356987476348877,83.52772521972656
cnn_hybrid,sparse_resnet_hybrid,51.10930633544922,0.012867512181401253,5.889218807220459,0.9923281669616699,136.65756225585938
cnn_hybrid,sparse_resnet_transnet,33.140655517578125,0.10623709857463837,5.241636276245117,0.9856272339820862,107.92557525634766
cnn_hybrid,swin_cnn_residual,162.35557556152344,-0.029594484716653824,20.262847900390625,0.9437208771705627,83.56275939941406
cnn_hybrid,swin_hybrid,34.64614486694336,0.00032261607702821493,18.3591365814209,0.9911575317382812,83.41845703125
cnn_hybrid,swin_transnet,33.23871612548828,0.052672747522592545,20.145597457885742,0.9940552115440369,83.71226501464844
cnn_hybrid,transnet_cnn_residual,283.819091796875,0.0028368644416332245,14.441555976867676,0.9136860370635986,83.35718536376953
cnn_hybrid,transnet_hybrid,39.446815490722656,0.03191792592406273,11.870837211608887,0.9933841824531555,83.78836059570312
cnn_hybrid,transnet_transnet,34.04222869873047,-0.009330126456916332,11.132355690002441,0.9893789291381836,87.95414733886719
cnn_transnet,convnext_cnn_residual,680.8460083007812,-0.007634448353201151,37.17146301269531,0.7156788110733032,1632.811767578125
cnn_transnet,convnext_hybrid,34.87841033935547,-0.04103346914052963,22.271608352661133,0.9901461005210876,211.82183837890625
cnn_transnet,convnext_transnet,15.725632667541504,-0.0653689056634903,4.623116493225098,0.9955291748046875,96.37863159179688
cnn_transnet,crnet_cnn_residual,233.39219665527344,-0.052472371608018875,13.821816444396973,0.9850709438323975,67.32972717285156
cnn_transnet,crnet_hybrid,13.465204238891602,0.015045568346977234,9.168174743652344,0.995248556137085,69.07556915283203
cnn_transnet,crnet_transnet,5.682347774505615,0.017962150275707245,11.492209434509277,0.9961231350898743,67.59815979003906
cnn_transnet,csinet_cnn_residual,215.16082763671875,0.005409794859588146,14.724531173706055,0.9808920621871948,68.90331268310547
cnn_transnet,csinet_hybrid,19.619789123535156,0.009106212295591831,5.560132026672363,0.9940388202667236,71.97883605957031
cnn_transnet,csinet_transnet,5.769301891326904,0.05538591742515564,2.25773024559021,0.9962552785873413,77.88788604736328
cnn_transnet,dscnn_cnn_residual,279.64166259765625,0.064268097281456,13.921804428100586,0.949816882610321,67.67662811279297
cnn_transnet,dscnn_hybrid,22.133337020874023,0.006072953809052706,3.2882978916168213,0.9922562837600708,93.42842102050781
cnn_transnet,dscnn_transnet,7.742731094360352,0.011828748509287834,5.376466751098633,0.9953214526176453,107.80535888671875
cnn_transnet,mlp_ae_cnn_residual,282.2054748535156,-0.056332968175411224,16.518390655517578,0.9567199349403381,68.87234497070312
cnn_transnet,mlp_ae_hybrid,6.1418538093566895,0.02661425620317459,21.295528411865234,0.9958839416503906,68.37386322021484
cnn_transnet,mlp_ae_transnet,5.072813510894775,0.028422759845852852,18.718595504760742,0.9965865612030029,68.03270721435547
cnn_transnet,mlp_mixer_cnn_residual,270.3727111816406,0.017561214044690132,13.296151161193848,0.9230598211288452,67.04939270019531
cnn_transnet,mlp_mixer_hybrid,14.554057121276855,-0.015131580643355846,14.91384220123291,0.9954696893692017,67.51744842529297
cnn_transnet,mlp_mixer_transnet,5.973924160003662,0.01447584293782711,17.051334381103516,0.9966855049133301,67.76504516601562
cnn_transnet,resnet_cnn_residual,490.83099365234375,-0.017001040279865265,10.327116966247559,0.9363218545913696,68.7358627319336
cnn_transnet,resnet_hybrid,40.39493942260742,-0.08248165249824524,9.517558097839355,0.9938839077949524,136.55142211914062
cnn_transnet,resnet_transnet,6.912333965301514,-0.03406665101647377,3.7229385375976562,0.9903404712677002,87.88007354736328
cnn_transnet,sparse_resnet_cnn_residual,471.2255554199219,-0.02832985110580921,10.440317153930664,0.941530168056488,68.52156829833984
cnn_transnet,sparse_resnet_hybrid,38.23531723022461,0.26530903577804565,8.310620307922363,0.9937108159065247,129.951416015625
cnn_transnet,sparse_resnet_transnet,7.084260940551758,0.003375336527824402,3.7559330463409424,0.9883082509040833,97.79966735839844
cnn_transnet,swin_cnn_residual,158.0017547607422,-0.0011182799935340881,17.210927963256836,0.9424665570259094,67.6905746459961
cnn_transnet,swin_hybrid,10.849441528320312,-0.027325453236699104,15.232269287109375,0.9938422441482544,67.6337661743164
cnn_transnet,swin_transnet,4.774800777435303,0.11263992637395859,17.03279685974121,0.9959638118743896,67.81683349609375
cnn_transnet,transnet_cnn_residual,281.9552001953125,0.008409960195422173,11.592302322387695,0.9186338186264038,68.2931137084961
cnn_transnet,transnet_hybrid,22.730506896972656,0.006316773593425751,8.751788139343262,0.99504154920578,68.7498779296875
cnn_transnet,transnet_transnet,8.275487899780273,0.012242764234542847,8.03935718536377,0.9913763999938965,74.0539779663086
convnext_cnn_residual,convnext_hybrid,681.7933959960938,-0.0038864046800881624,36.923744201660156,0.7114192843437195,1640.413330078125
convnext_cnn_residual,convnext_transnet,681.0713500976562,-0.008136647753417492,36.16720962524414,0.7146680951118469,1632.805908203125
convnext_cnn_residual,crnet_cnn_residual,711.7767333984375,0.03524843230843544,43.52203369140625,0.7056804895401001,1633.032470703125
convnext_cnn_residual,crnet_hybrid,681.045654296875,-0.010592911392450333,40.92475509643555,0.714657187461853,1632.897216796875
convnext_cnn_residual,crnet_transnet,680.932861328125,-0.040792569518089294,42.186126708984375,0.7152791619300842,1632.938720703125
convnext_cnn_residual,csinet_cnn_residual,718.2942504882812,-0.02111216075718403,44.016082763671875,0.7064428925514221,1633.1995849609375
convnext_cnn_residual,csinet_hybrid,681.6849365234375,-0.032735489308834076,39.12947082519531,0.7127121090888977,1632.44921875
convnext_cnn_residual,csinet_transnet,681.0038452148438,-0.05629010498523712,37.540626525878906,0.7133376598358154,1632.4478759765625
convnext_cnn_residual,dscnn_cnn_residual,745.4293823242188,-0.036309294402599335,43.45216369628906,0.6830455660820007,1633.0284423828125
convnext_cnn_residual,dscnn_hybrid,682.4481201171875,-0.060622189193964005,36.85953140258789,0.7151021957397461,1633.1859130859375
convnext_cnn_residual,dscnn_transnet,680.3755493164062,0.07207995653152466,35.99708557128906,0.7147203087806702,1633.65673828125
convnext_cnn_residual,mlp_ae_cnn_residual,732.8015747070312,0.015498287975788116,45.17852020263672,0.6820691823959351,1633.27197265625
convnext_cnn_residual,mlp_ae_hybrid,680.7522583007812,0.013135242275893688,48.33100509643555,0.7134603261947632,1633.35791015625
convnext_cnn_residual,mlp_ae_transnet,680.8336791992188,-0.019042322412133217,46.58917999267578,0.7162627577781677,1633.293701171875
convnext_cnn_residual,mlp_mixer_cnn_residual,737.2955932617188,-0.01901499181985855,43.183895111083984,0.647894024848938,1633.029052734375
convnext_cnn_residual,mlp_mixer_hybrid,680.349365234375,0.04247105121612549,44.2060546875,0.7125810384750366,1633.109130859375
convnext_cnn_residual,mlp_mixer_transnet,680.804443359375,-0.00026110047474503517,45.50922393798828,0.7163118124008179,1633.235107421875
convnext_cnn_residual,resnet_cnn_residual,873.7883911132812,-0.08861962705850601,41.05155563354492,0.6707701683044434,1632.6219482421875
convnext_cnn_residual,resnet_hybrid,683.1200561523438,-0.02948652021586895,35.44248962402344,0.7141789197921753,1635.0606689453125
convnext_cnn_residual,resnet_transnet,681.1846313476562,-0.07661284506320953,37.99834442138672,0.7083814740180969,1633.4986572265625
convnext_cnn_residual,sparse_resnet_cnn_residual,832.2568359375,-0.011329888366162777,41.3332405090332,0.6679309606552124,1632.821044921875
convnext_cnn_residual,sparse_resnet_hybrid,680.4804077148438,0.03678041324019432,35.8460578918457,0.707947850227356,1635.1446533203125
convnext_cnn_residual,sparse_resnet_transnet,680.9058837890625,-0.017396489158272743,37.26545715332031,0.7104101777076721,1633.6231689453125
convnext_cnn_residual,swin_cnn_residual,700.7543334960938,-0.012261218391358852,45.671417236328125,0.6646458506584167,1633.23193359375
convnext_cnn_residual,swin_hybrid,680.7978515625,0.006612825207412243,44.37250518798828,0.7137650847434998,1633.1607666015625
convnext_cnn_residual,swin_transnet,680.7373046875,0.042046815156936646,45.54386901855469,0.7100430727005005,1633.2420654296875
convnext_cnn_residual,transnet_cnn_residual,740.0477294921875,-0.01222237292677164,42.006675720214844,0.6453331708908081,1632.874267578125
convnext_cnn_residual,transnet_hybrid,681.0534057617188,0.0046654436737298965,40.75016784667969,0.7122815251350403,1632.7886962890625
convnext_cnn_residual,transnet_transnet,681.289306640625,-0.06742822378873825,40.26740646362305,0.713509202003479,1632.8773193359375
convnext_hybrid,convnext_transnet,37.263404846191406,0.007946939207613468,18.6063175201416,0.9896789193153381,211.49440002441406
convnext_hybrid,crnet_cnn_residual,234.3985137939453,0.03569868952035904,35.60426330566406,0.9785650968551636,210.20249938964844
convnext_hybrid,crnet_hybrid,36.543006896972656,0.007004441227763891,30.963212966918945,0.9903073310852051,209.07395935058594
convnext_hybrid,crnet_transnet,34.59680938720703,-0.02576548419892788,33.312679290771484,0.9911632537841797,209.51190185546875
convnext_hybrid,csinet_cnn_residual,218.40895080566406,-0.016158243641257286,36.52002716064453,0.9726724624633789,210.93829345703125
convnext_hybrid,csinet_hybrid,39.161441802978516,0.008646123111248016,27.225339889526367,0.9870606660842896,207.9243927001953
convnext_hybrid,csinet_transnet,34.77716827392578,-0.06481709331274033,23.120258331298828,0.9904900193214417,207.57373046875
convnext_hybrid,dscnn_cnn_residual,281.4232177734375,0.017105044797062874,35.475833892822266,0.9448013305664062,210.03018188476562
convnext_hybrid,dscnn_hybrid,38.86996841430664,0.09317180514335632,21.422517776489258,0.9865676760673523,212.7553253173828
convnext_hybrid,dscnn_transnet,35.0308723449707,-0.019156940281391144,17.845834732055664,0.9896422028541565,216.30563354492188
convnext_hybrid,mlp_ae_cnn_residual,283.887939453125,0.0028731953352689743,38.244781494140625,0.9506576061248779,211.34146118164062
convnext_hybrid,mlp_ae_hybrid,34.54560470581055,0.013384867459535599,43.081886291503906,0.9901813864707947,212.03091430664062
convnext_hybrid,mlp_ae_transnet,34.348121643066406,0.03583994507789612,40.5190544128418,0.9911444187164307,211.60464477539062
convnext_hybrid,mlp_mixer_cnn_residual,272.0079650878906,0.01702543906867504,34.536041259765625,0.9179447889328003,209.2850799560547
convnext_hybrid,mlp_mixer_hybrid,37.58222961425781,-0.046958647668361664,36.73491668701172,0.9897088408470154,210.58543395996094
convnext_hybrid,mlp_mixer_transnet,34.518157958984375,0.01202637143433094,38.864471435546875,0.9908928871154785,211.2054443359375
convnext_hybrid,resnet_cnn_residual,491.2108459472656,0.020945418626070023,30.85391616821289,0.9331546425819397,208.07510375976562
convnext_hybrid,resnet_hybrid,52.637264251708984,-0.004235751926898956,14.139227867126465,0.9881802797317505,228.82876586914062
convnext_hybrid,resnet_transnet,35.37157440185547,-0.13883636891841888,24.22600555419922,0.9848635196685791,212.22549438476562
convnext_hybrid,sparse_resnet_cnn_residual,468.9690856933594,0.09741128236055374,31.22051239013672,0.936867356300354,208.30844116210938
convnext_hybrid,sparse_resnet_hybrid,52.40156936645508,-0.0100691644474864,15.243781089782715,0.9883905053138733,226.30233764648438
convnext_hybrid,sparse_resnet_transnet,34.82490921020508,-0.011119628325104713,22.419748306274414,0.98233962059021,215.16799926757812
convnext_hybrid,swin_cnn_residual,162.24386596679688,-0.018594352528452873,38.93751907348633,0.9349595904350281,211.09458923339844
convnext_hybrid,swin_hybrid,35.75865173339844,-0.007679463364183903,37.05217361450195,0.9876085519790649,210.71678161621094
convnext_hybrid,swin_transnet,34.35577392578125,0.024647926911711693,38.83890914916992,0.9908427596092224,211.2221221923828
convnext_hybrid,transnet_cnn_residual,285.461669921875,-0.041740357875823975,32.24880599975586,0.9132219552993774,208.48391723632812
convnext_hybrid,transnet_hybrid,40.92134475708008,0.00119448930490762,30.552688598632812,0.9894257187843323,208.68724060058594
convnext_hybrid,transnet_transnet,35.16326141357422,-0.01870136521756649,29.70152473449707,0.9868376851081848,210.0379180908203
convnext_transnet,crnet_cnn_residual,233.6741485595703,-0.007887447252869606,17.692564010620117,0.9851695895195007,78.52912139892578
convnext_transnet,crnet_hybrid,19.36661148071289,0.003963764291256666,13.033699035644531,0.9951858520507812,79.4068603515625
convnext_transnet,crnet_transnet,15.160578727722168,-0.037691593170166016,15.387124061584473,0.9957449436187744,78.49268341064453
convnext_transnet,csinet_cnn_residual,215.162353515625,0.03223790228366852,18.638832092285156,0.9781925678253174,79.99120330810547
convnext_transnet,csinet_hybrid,24.23793601989746,-0.013325383886694908,9.353217124938965,0.9929206371307373,81.17438507080078
convnext_transnet,csinet_transnet,14.96833610534668,0.043167468160390854,5.3271484375,0.9959942698478699,85.55597686767578
convnext_transnet,dscnn_cnn_residual,281.3716735839844,-0.07379594445228577,17.71797752380371,0.9498385190963745,78.72148895263672
convnext_transnet,dscnn_hybrid,26.350154876708984,-0.015369248576462269,4.309962749481201,0.9925620555877686,99.87361907958984
convnext_transnet,dscnn_transnet,16.382526397705078,-0.07880260050296783,3.049715518951416,0.994753360748291,112.72686004638672
convnext_transnet,mlp_ae_cnn_residual,282.416015625,-0.009144002571702003,20.38030433654785,0.9570334553718567,80.0723648071289
convnext_transnet,mlp_ae_hybrid,15.125497817993164,0.02849479205906391,25.195722579956055,0.9958375096321106,79.96749877929688
convnext_transnet,mlp_ae_transnet,14.865941047668457,-0.022630956023931503,22.621620178222656,0.9960624575614929,79.58537292480469
convnext_transnet,mlp_mixer_cnn_residual,270.0167236328125,0.05421365797519684,16.937639236450195,0.9246011972427368,78.0066909790039
convnext_transnet,mlp_mixer_hybrid,19.874977111816406,0.020558170974254608,18.81183624267578,0.9952332377433777,78.84226989746094
convnext_transnet,mlp_mixer_transnet,15.132396697998047,0.005793958902359009,20.955615997314453,0.9960891604423523,79.22602844238281
convnext_transnet,resnet_cnn_residual,490.6304931640625,0.02158869430422783,13.760331153869629,0.9344295859336853,78.86858367919922
convnext_transnet,resnet_hybrid,42.018943786621094,0.02447805367410183,6.078701972961426,0.9940889477729797,139.67958068847656
convnext_transnet,resnet_transnet,15.10952091217041,0.07904922962188721,6.775312900543213,0.9894733428955078,95.46508026123047
convnext_transnet,sparse_resnet_cnn_residual,470.8604431152344,0.02970227599143982,13.943035125732422,0.9401824474334717,78.7378921508789
convnext_transnet,sparse_resnet_hybrid,41.91334915161133,-0.0025123325176537037,5.161937236785889,0.9932523965835571,133.50401306152344
convnext_transnet,sparse_resnet_transnet,15.471273422241211,0.028451036661863327,5.650989055633545,0.9865738153457642,104.06954956054688
convnext_transnet,swin_cnn_residual,158.07264709472656,0.036496296525001526,21.056659698486328,0.9441624283790588,79.10963439941406
convnext_transnet,swin_hybrid,17.63918113708496,-0.008819916285574436,19.125354766845703,0.9938586354255676,78.93572998046875
convnext_transnet,swin_transnet,14.680129051208496,0.05418162792921066,20.936504364013672,0.9953828454017639,79.2686996459961
convnext_transnet,transnet_cnn_residual,282.0883483886719,0.016991781070828438,15.11211109161377,0.9154689311981201,78.65174865722656
convnext_transnet,transnet_hybrid,27.17034339904785,-0.04096553102135658,12.620376586914062,0.9946915507316589,79.1686782836914
convnext_transnet,transnet_transnet,16.384157180786133,-0.028523128479719162,11.839859008789062,0.9913566708564758,83.5583724975586
crnet_cnn_residual,crnet_hybrid,234.05076599121094,-0.04826546460390091,5.0637030601501465,0.9855302572250366,24.907745361328125
crnet_cnn_residual,crnet_transnet,232.87335205078125,0.07579660415649414,2.9508867263793945,0.9854642748832703,17.353740692138672
crnet_cnn_residual,csinet_cnn_residual,308.6646728515625,0.05327035114169121,2.760965585708618,0.9682302474975586,18.609893798828125
crnet_cnn_residual,csinet_hybrid,234.86856079101562,-0.05229800194501877,8.899038314819336,0.9836047887802124,35.820838928222656
crnet_cnn_residual,csinet_transnet,233.26951599121094,-0.0409012995660305,12.923812866210938,0.9853129386901855,49.75801467895508
crnet_cnn_residual,dscnn_cnn_residual,372.924072265625,-0.04897907376289368,3.9475514888763428,0.9392309784889221,15.465508460998535
crnet_cnn_residual,dscnn_hybrid,234.08822631835938,0.0005162486340850592,14.966151237487793,0.9819395542144775,73.30864715576172
crnet_cnn_residual,dscnn_transnet,233.7656707763672,-0.09515780210494995,18.53055191040039,0.9838036298751831,92.89784240722656
crnet_cnn_residual,mlp_ae_cnn_residual,362.4979553222656,0.018233846873044968,3.994408130645752,0.9450409412384033,16.92569923400879
crnet_cnn_residual,mlp_ae_hybrid,233.18528747558594,-0.013396169990301132,7.815585136413574,0.9841632843017578,10.48984146118164
crnet_cnn_residual,mlp_ae_transnet,233.12631225585938,-0.01115800067782402,5.33109188079834,0.9853981733322144,10.38543701171875
crnet_cnn_residual,mlp_mixer_cnn_residual,359.91925048828125,-0.01653233729302883,5.269454479217529,0.9195058345794678,15.037504196166992
crnet_cnn_residual,mlp_mixer_hybrid,234.95590209960938,-0.10700703412294388,2.183436393737793,0.9852194786071777,12.018956184387207
crnet_cnn_residual,mlp_mixer_transnet,232.9558868408203,0.045683398842811584,3.793694257736206,0.9858137369155884,10.623937606811523
crnet_cnn_residual,resnet_cnn_residual,550.6975708007812,-0.03549499437212944,8.144524574279785,0.9245039820671082,26.179861068725586
crnet_cnn_residual,resnet_hybrid,236.2783203125,0.004571951925754547,22.774944305419922,0.9836271405220032,126.93082427978516
crnet_cnn_residual,resnet_transnet,233.05503845214844,0.018874069675803185,12.123573303222656,0.9810835719108582,64.32654571533203
crnet_cnn_residual,sparse_resnet_cnn_residual,524.79833984375,0.003758186474442482,7.630805015563965,0.9267700910568237,24.96767807006836
crnet_cnn_residual,sparse_resnet_hybrid,236.57420349121094,-0.005227238405495882,21.4987735748291,0.9834792017936707,119.2778549194336
crnet_cnn_residual,sparse_resnet_transnet,232.9486541748047,0.03920765221118927,14.224435806274414,0.9775221347808838,78.36356353759766
crnet_cnn_residual,swin_cnn_residual,269.3992614746094,0.09098032861948013,4.471993446350098,0.9360470175743103,10.560118675231934
crnet_cnn_residual,swin_hybrid,233.3724365234375,-0.008034948259592056,2.4943430423736572,0.981816828250885,12.178543090820312
crnet_cnn_residual,swin_transnet,233.09747314453125,0.0018872488290071487,3.776745319366455,0.9855238199234009,10.869997024536133
crnet_cnn_residual,transnet_cnn_residual,378.4097595214844,-0.07121879607439041,7.522708892822266,0.9113335013389587,23.529991149902344
crnet_cnn_residual,transnet_hybrid,233.59701538085938,0.02522750198841095,5.513584136962891,0.9843686819076538,24.901552200317383
crnet_cnn_residual,transnet_transnet,233.280517578125,-0.01226167380809784,6.488752841949463,0.9814332723617554,37.60506820678711
crnet_hybrid,crnet_transnet,12.983007431030273,0.03190576657652855,2.747819185256958,0.995684027671814,26.900062561035156
crnet_hybrid,csinet_cnn_residual,215.61798095703125,-0.008724427781999111,6.03471565246582,0.9775646328926086,28.359487533569336
crnet_hybrid,csinet_hybrid,22.980125427246094,-0.0065524945966899395,4.407824993133545,0.9934722781181335,40.2303581237793
crnet_hybrid,csinet_transnet,12.912553787231445,0.07459916919469833,8.228837966918945,0.996407151222229,52.21792221069336
crnet_hybrid,dscnn_cnn_residual,279.251953125,0.07416638731956482,5.699742317199707,0.9512261152267456,26.081132888793945
crnet_hybrid,dscnn_hybrid,25.05509376525879,0.0031075160950422287,10.380566596984863,0.991834282875061,74.68236541748047
crnet_hybrid,dscnn_transnet,13.917584419250488,0.033656299114227295,13.847587585449219,0.9951856732368469,93.47028350830078
crnet_hybrid,mlp_ae_cnn_residual,281.9006652832031,0.022384759038686752,7.762239933013916,0.9565795063972473,27.479028701782227
crnet_hybrid,mlp_ae_hybrid,13.153181076049805,0.03969230502843857,12.32591438293457,0.9957236051559448,24.646501541137695
crnet_hybrid,mlp_ae_transnet,12.809019088745117,0.010553545318543911,9.753641128540039,0.9964504837989807,24.368820190429688
crnet_hybrid,mlp_mixer_cnn_residual,270.7810363769531,-0.0054960111156105995,5.940770149230957,0.9258224964141846,25.4803409576416
crnet_hybrid,mlp_mixer_hybrid,18.730438232421875,-0.007589173968881369,5.996567726135254,0.9949442744255066,24.576602935791016
crnet_hybrid,mlp_mixer_transnet,13.158224105834961,0.014782682061195374,8.098494529724121,0.9961791634559631,24.256996154785156
crnet_hybrid,resnet_cnn_residual,490.9307861328125,-0.0030994568951427937,5.979776859283447,0.9369781017303467,32.45193862915039
crnet_hybrid,resnet_hybrid,42.72673416137695,-0.08586975187063217,18.112407684326172,0.9943556189537048,126.83448028564453
crnet_hybrid,resnet_transnet,13.384871482849121,0.04353531822562218,7.628579139709473,0.9903150796890259,66.43563079833984
crnet_hybrid,sparse_resnet_cnn_residual,471.2716979980469,-0.0026339201722294092,5.718760967254639,0.9380118250846863,31.686784744262695
crnet_hybrid,sparse_resnet_hybrid,41.16689682006836,0.004053100943565369,16.837507247924805,0.9942519664764404,119.3205337524414
crnet_hybrid,sparse_resnet_transnet,13.44306468963623,0.0594736710190773,9.772719383239746,0.986507773399353,79.80248260498047
crnet_hybrid,swin_cnn_residual,158.5338897705078,-0.007936001755297184,8.444374084472656,0.9430984258651733,24.200040817260742
crnet_hybrid,swin_hybrid,15.947333335876465,-0.0031267045997083187,6.328120708465576,0.9930256605148315,24.69206428527832
crnet_hybrid,swin_transnet,12.873255729675293,-0.09052374958992004,8.0765380859375,0.9958937764167786,24.384981155395508
crnet_hybrid,transnet_cnn_residual,282.3377380371094,-0.007706530392169952,6.4474196434021,0.9158718585968018,30.63542938232422
crnet_hybrid,transnet_hybrid,25.5229549407959,0.00871669128537178,1.6085646152496338,0.9950954914093018,31.64064598083496
crnet_hybrid,transnet_transnet,14.246256828308105,0.02681775391101837,2.58056378364563,0.9908202290534973,42.242794036865234
crnet_transnet,csinet_cnn_residual,215.18490600585938,-0.008118617348372936,3.7371504306793213,0.9812992215156555,21.90340805053711
crnet_transnet,csinet_hybrid,19.468233108520508,-0.03546207398176193,6.577999591827393,0.9942715764045715,36.955116271972656
crnet_transnet,csinet_transnet,4.635354042053223,0.07479432970285416,10.581143379211426,0.9966042041778564,50.28507995605469
crnet_transnet,dscnn_cnn_residual,279.9662780761719,-0.012909363955259323,4.10135555267334,0.9510805606842041,19.111587524414062
crnet_transnet,dscnn_hybrid,21.857881546020508,0.010134006850421429,12.660080909729004,0.993182361125946,73.43675994873047
crnet_transnet,dscnn_transnet,6.875997066497803,0.03549918904900551,16.212221145629883,0.9953852891921997,92.8894271850586
crnet_transnet,mlp_ae_cnn_residual,282.1393127441406,-0.06852363795042038,5.528936386108398,0.9563630223274231,20.610326766967773
crnet_transnet,mlp_ae_hybrid,5.0542731285095215,0.0478798970580101,9.911107063293457,0.9962777495384216,16.142393112182617
crnet_transnet,mlp_ae_transnet,3.7941417694091797,-0.0060062105767428875,7.340861797332764,0.9967753887176514,15.93092155456543
crnet_transnet,mlp_mixer_cnn_residual,270.1687927246094,0.08193860203027725,5.067471027374268,0.9243508577346802,18.63391876220703
crnet_transnet,mlp_mixer_hybrid,13.98765754699707,0.025552453473210335,3.6024746894836426,0.9958832263946533,16.707250595092773
crnet_transnet,mlp_mixer_transnet,4.9235429763793945,0.000496305525302887,5.685613632202148,0.9967947602272034,15.952168464660645
crnet_transnet,resnet_cnn_residual,490.631103515625,0.03318314999341965,6.680150985717773,0.9362685680389404,27.897754669189453
crnet_transnet,resnet_hybrid,39.911319732666016,-0.01603260636329651,20.469470977783203,0.9950757026672363,126.6444320678711
crnet_transnet,resnet_transnet,5.8407392501831055,0.004728403873741627,9.88024616241455,0.9902651309967041,64.6917495727539
crnet_transnet,sparse_resnet_cnn_residual,471.009033203125,0.021598950028419495,6.145468235015869,0.9406460523605347,26.873926162719727
crnet_transnet,sparse_resnet_hybrid,39.39179992675781,-0.012814279645681381,19.201519012451172,0.9944806694984436,119.00518798828125
crnet_transnet,sparse_resnet_transnet,6.348036766052246,-0.055154863744974136,11.981947898864746,0.9876489639282227,78.57017517089844
crnet_transnet,swin_cnn_residual,158.11546325683594,-0.048546526581048965,6.167678356170654,0.9446131587028503,15.866679191589355
crnet_transnet,swin_hybrid,10.090567588806152,0.023371390998363495,3.9330785274505615,0.9943237900733948,16.821447372436523
crnet_transnet,swin_transnet,3.424711227416992,0.06588735431432724,5.664152145385742,0.9965328574180603,16.090341567993164
crnet_transnet,transnet_cnn_residual,282.0669860839844,-0.028836674988269806,6.57934045791626,0.9163889288902283,25.564001083374023
crnet_transnet,transnet_hybrid,22.437725067138672,0.018147224560379982,3.18015718460083,0.9952257871627808,26.85515785217285
crnet_transnet,transnet_transnet,7.484503269195557,0.029722802340984344,4.22698974609375,0.9920843839645386,38.839359283447266
csinet_cnn_residual,csinet_hybrid,215.9971466064453,-0.0009478724095970392,9.84033489227295,0.9768763780593872,38.48978805541992
csinet_cnn_residual,csinet_transnet,215.21925354003906,-0.01546188723295927,13.849566459655762,0.9797829389572144,51.85084915161133
csinet_cnn_residual,dscnn_cnn_residual,357.29901123046875,-0.025179458782076836,4.1127166748046875,0.9364588260650635,20.39885902404785
csinet_cnn_residual,dscnn_hybrid,216.314697265625,-0.004349125549197197,15.88066577911377,0.9765684604644775,74.75395965576172
csinet_cnn_residual,dscnn_transnet,215.1881561279297,0.005672883242368698,19.448759078979492,0.9784802794456482,94.01484680175781
csinet_cnn_residual,mlp_ae_cnn_residual,358.29376220703125,-0.021636679768562317,3.511507511138916,0.9410004615783691,21.388639450073242
csinet_cnn_residual,mlp_ae_hybrid,215.1980438232422,-0.006353944540023804,6.967774868011475,0.9791538119316101,16.633014678955078
csinet_cnn_residual,mlp_ae_transnet,215.05426025390625,0.04527868330478668,4.538769245147705,0.9803938269615173,16.627395629882812
csinet_cnn_residual,mlp_mixer_cnn_residual,350.3540954589844,-0.028717000037431717,5.898205757141113,0.9033547043800354,20.2595272064209
csinet_cnn_residual,mlp_mixer_hybrid,216.35275268554688,-0.05741645768284798,2.01369047164917,0.9796521663665771,17.76648712158203
csinet_cnn_residual,mlp_mixer_transnet,215.23683166503906,-0.018946431577205658,3.105149745941162,0.9807119369506836,16.825054168701172
csinet_cnn_residual,resnet_cnn_residual,527.7357177734375,0.04069031774997711,8.81693172454834,0.9184115529060364,29.570409774780273
csinet_cnn_residual,resnet_hybrid,217.9254150390625,0.02162512205541134,23.70270538330078,0.977563738822937,127.87493896484375
csinet_cnn_residual,resnet_transnet,215.07823181152344,0.022840866819024086,13.0686616897583,0.9737114906311035,65.95379638671875
csinet_cnn_residual,sparse_resnet_cnn_residual,509.0509338378906,0.044674020260572433,8.224781036376953,0.9240692853927612,28.377296447753906
csinet_cnn_residual,sparse_resnet_hybrid,219.11074829101562,-0.01118287444114685,22.436222076416016,0.9767385721206665,120.1740493774414
csinet_cnn_residual,sparse_resnet_transnet,214.82679748535156,0.07041094452142715,15.13790512084961,0.9715027213096619,79.71483612060547
csinet_cnn_residual,swin_cnn_residual,264.5340881347656,0.018322331830859184,4.05355978012085,0.9243008494377136,16.81694984436035
csinet_cnn_residual,swin_hybrid,215.14720153808594,0.021060995757579803,2.176157236099243,0.9771934151649475,17.902297973632812
csinet_cnn_residual,swin_transnet,215.07000732421875,0.05033254623413086,3.114776134490967,0.9794435501098633,16.97327995300293
csinet_cnn_residual,transnet_cnn_residual,341.8790283203125,0.07336431741714478,8.17404842376709,0.9017723798751831,27.122373580932617
csinet_cnn_residual,transnet_hybrid,216.61659240722656,-0.015068484470248222,6.416713714599609,0.978933572769165,28.345163345336914
csinet_cnn_residual,transnet_transnet,215.17636108398438,0.00977926142513752,7.39375114440918,0.9755362868309021,40.01255798339844
csinet_hybrid,csinet_transnet,19.176252365112305,0.06766463071107864,4.688633918762207,0.9945496320724487,56.16633987426758
csinet_hybrid,dscnn_cnn_residual,280.5081481933594,0.0024983168113976717,9.260557174682617,0.9454799294471741,36.63106155395508
csinet_hybrid,dscnn_hybrid,28.72478485107422,0.009456487372517586,6.8642096519470215,0.9902558922767639,77.14855194091797
csinet_hybrid,dscnn_transnet,20.440738677978516,-0.06516607105731964,10.136884689331055,0.9931423664093018,94.97494506835938
csinet_hybrid,mlp_ae_cnn_residual,282.3088684082031,0.01237659715116024,11.589111328125,0.9552328586578369,38.03958511352539
csinet_hybrid,mlp_ae_hybrid,19.483901977539062,0.005941648036241531,16.274477005004883,0.9937560558319092,36.46751403808594
csinet_hybrid,mlp_ae_transnet,19.19386100769043,-0.0045663099735975266,13.707841873168945,0.9945247173309326,36.12495422363281
csinet_hybrid,mlp_mixer_cnn_residual,273.3265075683594,-0.1181306466460228,8.798941612243652,0.9247241616249084,35.890968322753906
csinet_hybrid,mlp_mixer_hybrid,23.47408103942871,0.001198089448735118,9.924653053283691,0.9940580129623413,35.79176712036133
csinet_hybrid,mlp_mixer_transnet,19.56494140625,-0.033786967396736145,12.052095413208008,0.9945014119148254,35.88701629638672
csinet_hybrid,resnet_cnn_residual,490.90777587890625,0.010009726509451866,6.956953525543213,0.9346147775650024,40.308685302734375
csinet_hybrid,resnet_hybrid,44.03982162475586,0.001999509986490011,14.33408260345459,0.9928692579269409,127.181884765625
csinet_hybrid,resnet_transnet,19.489999771118164,0.04373104125261307,4.5370869636535645,0.9883849620819092,69.78466796875
csinet_hybrid,sparse_resnet_cnn_residual,473.11761474609375,-0.08739043772220612,6.998793601989746,0.9359157085418701,39.844627380371094
csinet_hybrid,sparse_resnet_hybrid,43.57218933105469,0.002453010296449065,13.091232299804688,0.9923974275588989,120.10955810546875
csinet_hybrid,sparse_resnet_transnet,19.55779457092285,0.047796234488487244,6.488586902618408,0.9852070808410645,82.25634002685547
csinet_hybrid,swin_cnn_residual,159.19305419921875,-0.00626283697783947,12.247889518737793,0.9437267184257507,35.76797866821289
csinet_hybrid,swin_hybrid,21.359254837036133,0.0021746139973402023,10.263137817382812,0.9913536906242371,35.921443939208984
csinet_hybrid,swin_transnet,19.177640914916992,-0.03320730850100517,12.029952049255371,0.9941794276237488,35.95047378540039
csinet_hybrid,transnet_cnn_residual,279.31768798828125,0.17140799760818481,8.013998031616211,0.9146435260772705,39.06954574584961
csinet_hybrid,transnet_hybrid,29.43065071105957,-0.0074823228642344475,4.0457987785339355,0.9932882785797119,40.01792526245117
csinet_hybrid,transnet_transnet,20.41834831237793,-0.022320080548524857,3.615769624710083,0.9899450540542603,48.633846282958984
csinet_transnet,dscnn_cnn_residual,279.9310607910156,-0.0006612222641706467,13.04035472869873,0.9504013657569885,50.20294952392578
csinet_transnet,dscnn_hybrid,21.930166244506836,0.0036996151320636272,3.4622550010681152,0.993310809135437,82.38533020019531
csinet_transnet,dscnn_transnet,7.055360794067383,0.028049636632204056,6.08665657043457,0.9960110187530518,98.47151947021484
csinet_transnet,mlp_ae_cnn_residual,281.8450622558594,0.02153676189482212,15.616984367370605,0.9574993848800659,51.632869720458984
csinet_transnet,mlp_ae_hybrid,5.409840106964111,-0.005190717987716198,20.391023635864258,0.9965927600860596,50.9716796875
csinet_transnet,mlp_ae_transnet,4.056325435638428,0.01312212459743023,17.810359954833984,0.9974510073661804,50.562965393066406
csinet_transnet,mlp_mixer_cnn_residual,270.303466796875,0.03765442594885826,12.424283981323242,0.9247398972511292,49.434600830078125
csinet_transnet,mlp_mixer_hybrid,14.006196975708008,0.041513994336128235,14.001879692077637,0.9962005615234375,49.92430114746094
csinet_transnet,mlp_mixer_transnet,5.127183437347412,0.01070957351475954,16.146081924438477,0.9970383644104004,50.25055694580078
csinet_transnet,resnet_cnn_residual,490.7921142578125,-0.01436786912381649,9.520886421203613,0.9383593797683716,51.90802001953125
csinet_transnet,resnet_hybrid,39.942874908447266,-0.015210451558232307,10.282588958740234,0.9948416948318481,129.093017578125
csinet_transnet,resnet_transnet,6.167980194091797,-0.04190532863140106,3.2474119663238525,0.9908041954040527,76.09436798095703
csinet_transnet,sparse_resnet_cnn_residual,471.13714599609375,-0.015623318031430244,9.747121810913086,0.9400625824928284,51.698448181152344
csinet_transnet,sparse_resnet_hybrid,39.28837585449219,0.025719914585351944,9.058122634887695,0.9946091175079346,122.35868072509766
csinet_transnet,sparse_resnet_transnet,6.578641891479492,-0.0674067810177803,3.9790382385253906,0.9874798059463501,87.4617691040039
csinet_transnet,swin_cnn_residual,158.05982971191406,-0.026279008015990257,16.288101196289062,0.9452928900718689,50.135101318359375
csinet_transnet,swin_hybrid,10.482129096984863,-0.06217339262366295,14.327126502990723,0.9941887855529785,50.086849212646484
csinet_transnet,swin_transnet,3.8023338317871094,0.017569957301020622,16.12151336669922,0.9968889951705933,50.309608459472656
csinet_transnet,transnet_cnn_residual,281.9658508300781,0.003379926085472107,10.911158561706543,0.9167358875274658,51.2719612121582
csinet_transnet,transnet_hybrid,22.521652221679688,0.007276874966919422,7.838197708129883,0.9956315755844116,51.928260803222656
csinet_transnet,transnet_transnet,7.58126163482666,0.044492948800325394,7.1343770027160645,0.9921315908432007,58.71200942993164
dscnn_cnn_residual,dscnn_hybrid,280.66766357421875,0.0034403910394757986,15.03424072265625,0.9471931457519531,73.54166412353516
dscnn_cnn_residual,dscnn_transnet,279.90130615234375,0.011791553348302841,18.521663665771484,0.9497877359390259,93.07530212402344
dscnn_cnn_residual,mlp_ae_cnn_residual,416.08526611328125,-0.09703008830547333,5.066964149475098,0.9168557524681091,18.84132957458496
dscnn_cnn_residual,mlp_ae_hybrid,279.6061096191406,0.0813186839222908,8.61111068725586,0.9515655040740967,13.523886680603027
dscnn_cnn_residual,mlp_ae_transnet,279.9208068847656,-0.004062184132635593,6.359076023101807,0.9498299956321716,13.400845527648926
dscnn_cnn_residual,mlp_mixer_cnn_residual,402.56207275390625,-0.06992261111736298,6.051485538482666,0.886316180229187,17.05952262878418
dscnn_cnn_residual,mlp_mixer_hybrid,279.7898864746094,0.032928839325904846,3.8692848682403564,0.949404239654541,14.597222328186035
dscnn_cnn_residual,mlp_mixer_transnet,279.9926452636719,-0.016712790355086327,5.0651679039001465,0.9498620629310608,13.543360710144043
dscnn_cnn_residual,resnet_cnn_residual,550.2386474609375,0.05969257652759552,8.477603912353516,0.894898533821106,27.184425354003906
dscnn_cnn_residual,resnet_hybrid,280.9747314453125,0.0440124049782753,22.68816375732422,0.9514516592025757,126.94832611083984
dscnn_cnn_residual,resnet_transnet,280.1275634765625,-0.03672065958380699,12.378020286560059,0.9410985708236694,64.7284164428711
dscnn_cnn_residual,sparse_resnet_cnn_residual,560.1063842773438,-0.0510675385594368,7.831531524658203,0.9042184352874756,25.9367618560791
dscnn_cnn_residual,sparse_resnet_hybrid,282.9657897949219,-0.008394789882004261,21.50640296936035,0.9464945793151855,119.37191772460938
dscnn_cnn_residual,sparse_resnet_transnet,280.0162658691406,-0.011427264660596848,14.374524116516113,0.9397940635681152,78.66393280029297
dscnn_cnn_residual,swin_cnn_residual,320.55316162109375,0.006034169811755419,5.6545515060424805,0.8977897763252258,13.494885444641113
dscnn_cnn_residual,swin_hybrid,280.0619812011719,0.0010032523423433304,4.020174980163574,0.9481139779090881,14.691043853759766
dscnn_cnn_residual,swin_transnet,280.026123046875,-0.08568970113992691,5.021378040313721,0.9513609409332275,13.702164649963379
dscnn_cnn_residual,transnet_cnn_residual,389.34722900390625,0.039627257734537125,8.016334533691406,0.878296971321106,24.68988800048828
dscnn_cnn_residual,transnet_hybrid,281.0370178222656,-0.011143581010401249,6.042308330535889,0.9515281915664673,26.013080596923828
dscnn_cnn_residual,transnet_transnet,279.934814453125,0.00801004283130169,6.926475524902344,0.948042094707489,38.36003112792969
dscnn_hybrid,dscnn_transnet,22.079530715942383,0.0727517306804657,4.980095863342285,0.9921231865882874,110.96664428710938
dscnn_hybrid,mlp_ae_cnn_residual,282.66363525390625,0.003054372500628233,17.627567291259766,0.9546842575073242,74.7066879272461
dscnn_hybrid,mlp_ae_hybrid,21.775924682617188,0.06223616003990173,22.400630950927734,0.9932038187980652,74.39959716796875
dscnn_hybrid,mlp_ae_transnet,21.74701690673828,-0.003794591873884201,19.83574676513672,0.9936110973358154,74.06800079345703
dscnn_hybrid,mlp_mixer_cnn_residual,271.1266174316406,0.0070921205915510654,14.380863189697266,0.9202893376350403,72.96983337402344
dscnn_hybrid,mlp_mixer_hybrid,25.66100311279297,-0.0038465720135718584,16.044477462768555,0.9930425882339478,73.50064086914062
dscnn_hybrid,mlp_mixer_transnet,21.85728645324707,0.029850877821445465,18.180959701538086,0.9933412671089172,73.79105377197266
dscnn_hybrid,resnet_cnn_residual,491.86553955078125,-0.030552946031093597,11.306289672851562,0.9345532655715942,74.39556121826172
dscnn_hybrid,resnet_hybrid,45.40805435180664,-0.008606389164924622,8.812713623046875,0.990874171257019,138.83653259277344
dscnn_hybrid,resnet_transnet,22.166963577270508,0.005581564269959927,4.744692325592041,0.9877023696899414,92.14825439453125
dscnn_hybrid,sparse_resnet_cnn_residual,471.4190979003906,0.006746509112417698,11.525707244873047,0.9376349449157715,74.18489074707031
dscnn_hybrid,sparse_resnet_hybrid,44.62248611450195,0.009180097840726376,7.6119704246521,0.99120032787323,132.20335388183594
dscnn_hybrid,sparse_resnet_transnet,22.302814483642578,-0.0031143035739660263,4.604797840118408,0.9836530089378357,101.61820220947266
dscnn_hybrid,swin_cnn_residual,159.29440307617188,0.005047923419624567,18.302940368652344,0.9417157173156738,73.67797088623047
dscnn_hybrid,swin_hybrid,23.725454330444336,-0.003191965399309993,16.375211715698242,0.9904006719589233,73.5892562866211
dscnn_hybrid,swin_transnet,21.590776443481445,0.07511254400014877,18.159557342529297,0.9928975105285645,73.81795501708984
dscnn_hybrid,transnet_cnn_residual,282.75958251953125,0.001190166687592864,12.671323776245117,0.9141387939453125,74.00103759765625
dscnn_hybrid,transnet_hybrid,31.063344955444336,-0.0005993293598294258,9.944644927978516,0.9922715425491333,74.447509765625
dscnn_hybrid,transnet_transnet,22.654150009155273,0.008139616809785366,9.259934425354004,0.98790442943573,79.20738983154297
dscnn_transnet,mlp_ae_cnn_residual,282.29473876953125,-0.052999965846538544,21.201337814331055,0.9563732147216797,94.2411117553711
dscnn_transnet,mlp_ae_hybrid,7.1690545082092285,0.06409132480621338,26.017518997192383,0.9950339794158936,94.2179183959961
dscnn_transnet,mlp_ae_transnet,6.444726943969727,0.024171896278858185,23.440998077392578,0.9959911108016968,93.87278747558594
dscnn_transnet,mlp_mixer_cnn_residual,270.2252502441406,0.04200988635420799,17.74526023864746,0.9235243797302246,92.44254302978516
dscnn_transnet,mlp_mixer_hybrid,15.064009666442871,-0.007111446000635624,19.62930679321289,0.9952786564826965,93.16226196289062
dscnn_transnet,mlp_mixer_transnet,7.111273765563965,0.03234730660915375,21.776262283325195,0.9958901405334473,93.5573959350586
dscnn_transnet,resnet_cnn_residual,490.8813781738281,-0.018536772578954697,14.425057411193848,0.9366149306297302,93.00030517578125
dscnn_transnet,resnet_hybrid,40.24348831176758,-0.00598028302192688,5.511277198791504,0.9937018156051636,147.35302734375
dscnn_transnet,resnet_transnet,7.731010437011719,0.038078054785728455,7.504184722900391,0.9894631505012512,107.19811248779297
dscnn_transnet,sparse_resnet_cnn_residual,470.84259033203125,0.04296588897705078,14.701664924621582,0.9400187134742737,92.91448211669922
dscnn_transnet,sparse_resnet_hybrid,38.92246627807617,0.12638701498508453,4.6327667236328125,0.9932469129562378,141.8134765625
dscnn_transnet,sparse_resnet_transnet,8.312026977539062,-0.04393681138753891,6.252152442932129,0.9865849018096924,115.09794616699219
dscnn_transnet,swin_cnn_residual,158.48329162597656,-0.0707513615489006,21.874696731567383,0.9436930418014526,93.45903778076172
dscnn_transnet,swin_hybrid,11.66796588897705,-0.04247911274433136,19.95452117919922,0.9930251836776733,93.24488067626953
dscnn_transnet,swin_transnet,6.334317684173584,-0.0005894443020224571,21.753149032592773,0.9955828189849854,93.58771514892578
dscnn_transnet,transnet_cnn_residual,282.1758117675781,-0.02470613829791546,15.890766143798828,0.914333701133728,92.89929962158203
dscnn_transnet,transnet_hybrid,23.188480377197266,-0.013939812779426575,13.43184757232666,0.994725227355957,93.2730712890625
dscnn_transnet,transnet_transnet,8.994733810424805,0.04996495693922043,12.66956901550293,0.9907341003417969,97.11478424072266
mlp_ae_cnn_residual,mlp_ae_hybrid,281.9398498535156,-0.0028346439357846975,5.513675212860107,0.9570729732513428,14.24002456665039
mlp_ae_cnn_residual,mlp_ae_transnet,281.9270935058594,-0.010595722123980522,3.386000156402588,0.9573644399642944,14.313231468200684
mlp_ae_cnn_residual,mlp_mixer_cnn_residual,380.76031494140625,0.049933481961488724,6.804150104522705,0.8883748054504395,18.73699951171875
mlp_ae_cnn_residual,mlp_mixer_hybrid,282.3711242675781,-0.010197127237915993,2.893669605255127,0.9556538462638855,15.867841720581055
mlp_ae_cnn_residual,mlp_mixer_transnet,281.9743957519531,-0.013598833233118057,2.5465660095214844,0.9563107490539551,14.626307487487793
mlp_ae_cnn_residual,resnet_cnn_residual,565.8662109375,0.00027621444314718246,10.340850830078125,0.8872241973876953,28.893253326416016
mlp_ae_cnn_residual,resnet_hybrid,283.8621826171875,0.020888321101665497,25.436901092529297,0.9564894437789917,128.1095428466797
mlp_ae_cnn_residual,resnet_transnet,282.20245361328125,-0.053477443754673004,14.824928283691406,0.9503074884414673,65.79317474365234
mlp_ae_cnn_residual,sparse_resnet_cnn_residual,555.1930541992188,-0.025856591761112213,9.640252113342285,0.9014042615890503,27.671693801879883
mlp_ae_cnn_residual,sparse_resnet_hybrid,286.4459228515625,-0.04730613902211189,24.14853286743164,0.9574833512306213,120.40604400634766
mlp_ae_cnn_residual,sparse_resnet_transnet,282.35968017578125,-0.07772974669933319,16.876558303833008,0.9487137794494629,79.67228698730469
mlp_ae_cnn_residual,swin_cnn_residual,317.3189697265625,0.041739657521247864,3.528674840927124,0.9077033400535583,14.636502265930176
mlp_ae_cnn_residual,swin_hybrid,282.2584228515625,-0.020199894905090332,2.7704644203186035,0.9549531936645508,15.911584854125977
mlp_ae_cnn_residual,swin_transnet,281.912109375,-0.006882676389068365,2.5140297412872314,0.9573571681976318,14.804466247558594
mlp_ae_cnn_residual,transnet_cnn_residual,400.01080322265625,-0.006558585911989212,9.484475135803223,0.8760561943054199,26.365720748901367
mlp_ae_cnn_residual,transnet_hybrid,283.45623779296875,-0.030638312920928,8.176371574401855,0.9569392204284668,27.459434509277344
mlp_ae_cnn_residual,transnet_transnet,281.75335693359375,0.03346386179327965,9.167380332946777,0.9512938261032104,39.483314514160156
mlp_ae_hybrid,mlp_ae_transnet,4.5172624588012695,-0.011579991318285465,2.609785795211792,0.9967168569564819,2.9340975284576416
mlp_ae_hybrid,mlp_mixer_cnn_residual,270.470458984375,-0.006379278376698494,10.277885437011719,0.9244694113731384,13.698362350463867
mlp_ae_hybrid,mlp_mixer_hybrid,14.415416717529297,-0.03599612042307854,6.458353519439697,0.9955049157142639,8.378012657165527
mlp_ae_hybrid,mlp_mixer_transnet,5.2756757736206055,0.07730041444301605,4.281518936157227,0.9968014359474182,4.769052505493164
mlp_ae_hybrid,resnet_cnn_residual,490.8009948730469,-0.013988162390887737,14.179753303527832,0.9382080435752869,26.353408813476562
mlp_ae_hybrid,resnet_hybrid,39.98128128051758,-0.01184272114187479,30.280054092407227,0.9944158792495728,128.3219451904297
mlp_ae_hybrid,resnet_transnet,6.35554313659668,-0.005757959559559822,19.51982307434082,0.9897328615188599,65.1337661743164
mlp_ae_hybrid,sparse_resnet_cnn_residual,471.1968078613281,-0.027626046910881996,13.637085914611816,0.9392545223236084,25.024757385253906
mlp_ae_hybrid,sparse_resnet_hybrid,39.397220611572266,0.007021480239927769,28.99873161315918,0.9937807321548462,120.60799407958984
mlp_ae_hybrid,sparse_resnet_transnet,6.5633769035339355,0.028912529349327087,21.58844566345215,0.9872827529907227,79.30033111572266
mlp_ae_hybrid,swin_cnn_residual,157.9858856201172,-0.0021155306603759527,5.002336502075195,0.9427968263626099,4.968175411224365
mlp_ae_hybrid,swin_hybrid,10.427342414855957,0.005750161595642567,6.168162822723389,0.9939028024673462,8.435892105102539
mlp_ae_hybrid,swin_transnet,4.337474822998047,-0.05450025945901871,4.3110032081604,0.9961993098258972,5.290506362915039
mlp_ae_hybrid,transnet_cnn_residual,282.0712890625,-0.02152826264500618,13.15827751159668,0.9168804883956909,23.42413902282715
mlp_ae_hybrid,transnet_hybrid,23.168344497680664,-0.1377873569726944,12.767960548400879,0.9955028295516968,24.732036590576172
mlp_ae_hybrid,transnet_transnet,8.115632057189941,-0.04745437577366829,13.725138664245605,0.9915096759796143,37.696144104003906
mlp_ae_transnet,mlp_mixer_cnn_residual,270.4354553222656,-0.0070414189249277115,8.102993965148926,0.9254642724990845,13.43895435333252
mlp_ae_transnet,mlp_mixer_hybrid,13.960044860839844,-0.06574477255344391,3.895899772644043,0.9967285394668579,8.39451789855957
mlp_ae_transnet,mlp_mixer_transnet,4.1437506675720215,0.03465382754802704,1.7420424222946167,0.9973324537277222,5.114874362945557
mlp_ae_transnet,resnet_cnn_residual,490.53424072265625,0.10034288465976715,11.87687873840332,0.9380168318748474,26.019634246826172
mlp_ae_transnet,resnet_hybrid,39.79802703857422,-0.010638037696480751,27.707448959350586,0.9950235486030579,127.9758529663086
mlp_ae_transnet,resnet_transnet,5.337643146514893,-0.041804566979408264,16.962331771850586,0.9911693334579468,64.85191345214844
mlp_ae_transnet,sparse_resnet_cnn_residual,470.9980163574219,0.037520572543144226,11.331107139587402,0.9396190643310547,24.705280303955078
mlp_ae_transnet,sparse_resnet_hybrid,39.217308044433594,0.025216657668352127,26.425765991210938,0.9947905540466309,120.26004028320312
mlp_ae_transnet,sparse_resnet_transnet,5.5447258949279785,0.052486978471279144,19.047012329101562,0.9876265525817871,79.0236587524414
mlp_ae_transnet,swin_cnn_residual,157.9580078125,-0.010248981416225433,3.0696446895599365,0.944931149482727,5.245792388916016
mlp_ae_transnet,swin_hybrid,9.826555252075195,0.003645008895546198,3.634483575820923,0.9943633675575256,8.463590621948242
mlp_ae_transnet,swin_transnet,2.3886146545410156,0.005329103674739599,1.7742688655853271,0.9970522522926331,5.602994918823242
mlp_ae_transnet,transnet_cnn_residual,281.9656982421875,-0.0017963760765269399,10.965685844421387,0.9167450070381165,23.12187957763672
mlp_ae_transnet,transnet_hybrid,22.360549926757812,-0.005783926695585251,10.197423934936523,0.9961131811141968,24.45091438293457
mlp_ae_transnet,transnet_transnet,7.104487895965576,0.010535568930208683,11.173538208007812,0.9920341372489929,37.46177673339844
mlp_mixer_cnn_residual,mlp_mixer_hybrid,269.411376953125,0.09843773394823074,5.596683979034424,0.9245002865791321,14.346156120300293
mlp_mixer_cnn_residual,mlp_mixer_transnet,270.15887451171875,0.07561400532722473,6.839968204498291,0.9263495802879333,13.456295013427734
mlp_mixer_cnn_residual,resnet_cnn_residual,551.4241943359375,0.03718540072441101,8.841817855834961,0.8598523139953613,26.68441390991211
mlp_mixer_cnn_residual,resnet_hybrid,271.39910888671875,0.04862804710865021,21.886022567749023,0.9225008487701416,126.33792114257812
mlp_mixer_cnn_residual,resnet_transnet,270.76397705078125,-0.06264986842870712,11.684905052185059,0.9217394590377808,64.12382507324219
mlp_mixer_cnn_residual,sparse_resnet_cnn_residual,531.6697387695312,0.04849960282444954,8.273269653320312,0.8685532212257385,25.506032943725586
mlp_mixer_cnn_residual,sparse_resnet_hybrid,272.18328857421875,0.0272622499614954,20.628225326538086,0.9230372905731201,118.72950744628906
mlp_mixer_cnn_residual,sparse_resnet_transnet,270.4992980957031,-0.0062758587300777435,13.607443809509277,0.9201997518539429,78.0162582397461
mlp_mixer_cnn_residual,swin_cnn_residual,302.6689453125,0.07558727264404297,7.217604160308838,0.8802137970924377,13.353996276855469
mlp_mixer_cnn_residual,swin_hybrid,270.58221435546875,0.00039537317934446037,5.7961649894714355,0.9217513799667358,14.50953197479248
mlp_mixer_cnn_residual,swin_transnet,270.4872741699219,-0.0508635938167572,6.831588268280029,0.9256497025489807,13.616006851196289
mlp_mixer_cnn_residual,transnet_cnn_residual,404.24456787109375,-0.07076504081487656,8.41751480102539,0.8495743274688721,24.183874130249023
mlp_mixer_cnn_residual,transnet_hybrid,271.4222412109375,-0.004191250540316105,6.165856838226318,0.9267503023147583,25.360591888427734
mlp_mixer_cnn_residual,transnet_transnet,270.85845947265625,-0.052242983132600784,7.007577419281006,0.9195256233215332,37.937713623046875
mlp_mixer_hybrid,mlp_mixer_transnet,14.213333129882812,-0.00731511227786541,2.2942399978637695,0.9961452484130859,8.796411514282227
mlp_mixer_hybrid,resnet_cnn_residual,491.20611572265625,-0.021001465618610382,8.794106483459473,0.9355446696281433,25.96797752380371
mlp_mixer_hybrid,resnet_hybrid,41.90238952636719,0.009198139421641827,23.89809226989746,0.9943773746490479,127.13035583496094
mlp_mixer_hybrid,resnet_transnet,14.854880332946777,-0.07021057605743408,13.207236289978027,0.9901148080825806,64.44288635253906
mlp_mixer_hybrid,sparse_resnet_cnn_residual,470.4830017089844,0.057213980704545975,8.209980964660645,0.9401378631591797,24.75022315979004
mlp_mixer_hybrid,sparse_resnet_hybrid,40.411258697509766,0.08605490624904633,22.627347946166992,0.9935170412063599,119.56062316894531
mlp_mixer_hybrid,sparse_resnet_transnet,14.533143043518066,0.029149675741791725,15.304938316345215,0.9870942831039429,78.54750061035156
mlp_mixer_hybrid,swin_cnn_residual,158.05137634277344,0.034158479422330856,3.3333420753479004,0.9451938271522522,8.786683082580566
mlp_mixer_hybrid,swin_hybrid,16.74574851989746,-0.0004684687592089176,1.1061385869979858,0.9935479164123535,10.763609886169434
mlp_mixer_hybrid,swin_transnet,13.727866172790527,0.023465918377041817,2.272413492202759,0.9960585236549377,9.089332580566406
mlp_mixer_hybrid,transnet_cnn_residual,282.4427795410156,-0.01135491393506527,8.161876678466797,0.9157382845878601,23.268701553344727
mlp_mixer_hybrid,transnet_hybrid,25.77861213684082,0.030424438416957855,6.426673889160156,0.9951972961425781,24.546770095825195
mlp_mixer_hybrid,transnet_transnet,15.545400619506836,-0.03895694389939308,7.461333274841309,0.9905139207839966,37.455387115478516
mlp_mixer_transnet,resnet_cnn_residual,490.518798828125,0.0600096769630909,10.468531608581543,0.9369089007377625,25.820178985595703
mlp_mixer_transnet,resnet_hybrid,39.64702224731445,0.06864935159683228,26.041091918945312,0.9952731132507324,127.6483154296875
mlp_mixer_transnet,resnet_transnet,6.129140377044678,0.0015248323325067759,15.319446563720703,0.9907239079475403,64.60492706298828
mlp_mixer_transnet,sparse_resnet_cnn_residual,470.995361328125,0.023418143391609192,9.926078796386719,0.938508152961731,24.54029083251953
mlp_mixer_transnet,sparse_resnet_hybrid,39.5289306640625,-0.03675905987620354,24.763978958129883,0.9946485161781311,119.96051788330078
mlp_mixer_transnet,sparse_resnet_transnet,6.662195682525635,-0.0665312260389328,17.408952713012695,0.9875638484954834,78.77156066894531
mlp_mixer_transnet,swin_cnn_residual,158.2105712890625,-0.06500424444675446,2.5159308910369873,0.946679413318634,6.102748394012451
mlp_mixer_transnet,swin_hybrid,10.093064308166504,0.06653176993131638,2.0707406997680664,0.9943218231201172,8.931163787841797
mlp_mixer_transnet,swin_transnet,4.00143575668335,-0.033851660788059235,0.6004660725593567,0.9966852068901062,6.463445663452148
mlp_mixer_transnet,transnet_cnn_residual,282.1385498046875,-0.04275539517402649,9.648261070251465,0.9168397784233093,22.98418426513672
mlp_mixer_transnet,transnet_hybrid,22.472373962402344,0.02668047696352005,8.548530578613281,0.9954429864883423,24.315059661865234
mlp_mixer_transnet,transnet_transnet,7.7388811111450195,0.015750467777252197,9.532550811767578,0.9920087456703186,37.35661697387695
resnet_cnn_residual,resnet_hybrid,492.1201477050781,0.005381339229643345,18.463993072509766,0.9341675043106079,126.29802703857422
resnet_cnn_residual,resnet_transnet,490.66796875,0.01722545176744461,9.057056427001953,0.9331814646720886,66.2890853881836
resnet_cnn_residual,sparse_resnet_cnn_residual,688.62744140625,-0.024850573390722275,8.398517608642578,0.8750561475753784,32.27732467651367
resnet_cnn_residual,sparse_resnet_hybrid,493.6376037597656,-0.03445868194103241,17.203744888305664,0.9358526468276978,118.84576416015625
resnet_cnn_residual,sparse_resnet_transnet,490.27130126953125,0.09166455268859863,10.884356498718262,0.927589476108551,79.49455261230469
resnet_cnn_residual,swin_cnn_residual,515.0645141601562,0.0029856269247829914,10.72303295135498,0.888043999671936,25.73692512512207
resnet_cnn_residual,swin_hybrid,490.8293151855469,-0.0007246750174090266,9.00710678100586,0.935919463634491,26.094175338745117
resnet_cnn_residual,swin_transnet,490.7213134765625,0.00608975812792778,10.441058158874512,0.9373924136161804,25.916719436645508
resnet_cnn_residual,transnet_cnn_residual,565.4768676757812,0.001981798093765974,8.847310066223145,0.8580849170684814,31.270286560058594
resnet_cnn_residual,transnet_hybrid,490.82958984375,0.018109412863850594,6.010484218597412,0.9357326030731201,32.229434967041016
resnet_cnn_residual,transnet_transnet,490.2647705078125,0.0745653435587883,6.208272933959961,0.9327208399772644,42.59981918334961
resnet_hybrid,resnet_transnet,39.98256301879883,0.009178021922707558,11.54309368133545,0.9886568188667297,136.3287811279297
resnet_hybrid,sparse_resnet_cnn_residual,472.7121276855469,0.0007060875650495291,18.763246536254883,0.9381729364395142,126.3775634765625
resnet_hybrid,sparse_resnet_hybrid,58.21367645263672,-0.08743800967931747,4.176223278045654,0.9926163554191589,163.41275024414062
resnet_hybrid,sparse_resnet_transnet,40.08186340332031,-0.0005779154598712921,10.074570655822754,0.9844790697097778,142.03176879882812
resnet_hybrid,swin_cnn_residual,162.62298583984375,0.005786117631942034,26.100624084472656,0.9446748495101929,127.56214904785156
resnet_hybrid,swin_hybrid,40.80875015258789,0.007604815997183323,24.219696044921875,0.9922608137130737,127.30706024169922
resnet_hybrid,swin_transnet,39.83099365234375,-0.058075182139873505,26.022478103637695,0.9944781064987183,127.68480682373047
resnet_hybrid,transnet_cnn_residual,284.59185791015625,0.0037760783452540636,19.847675323486328,0.9147903919219971,126.35591125488281
resnet_hybrid,transnet_hybrid,45.84624099731445,-0.015780413523316383,17.69343376159668,0.9938995242118835,126.55125427246094
resnet_hybrid,transnet_transnet,40.33476638793945,-0.0030494052916765213,16.90149688720703,0.9900295734405518,129.30699157714844
resnet_transnet,sparse_resnet_cnn_residual,471.05841064453125,0.00709044374525547,9.234731674194336,0.9350520968437195,65.9891357421875
resnet_transnet,sparse_resnet_hybrid,39.94986343383789,-0.08923659473657608,10.295943260192871,0.9890425205230713,129.51939392089844
resnet_transnet,sparse_resnet_transnet,6.761758327484131,0.11739382892847061,4.858002662658691,0.9825963377952576,96.83351135253906
resnet_transnet,swin_cnn_residual,158.15267944335938,-0.031117048114538193,15.476929664611816,0.9389007091522217,64.53678894042969
resnet_transnet,swin_hybrid,10.829243659973145,-0.0066872527822852135,13.530040740966797,0.9879499077796936,64.52979278564453
resnet_transnet,swin_transnet,5.1012983322143555,-0.02588978409767151,15.294197082519531,0.990672767162323,64.67430877685547
resnet_transnet,transnet_cnn_residual,281.8316345214844,0.0339849516749382,10.2353515625,0.9156461358070374,65.52542114257812
resnet_transnet,transnet_hybrid,22.69205093383789,0.020721327513456345,7.2680134773254395,0.989514172077179,66.2198715209961
resnet_transnet,transnet_transnet,8.42280101776123,-0.0036156196147203445,6.65009069442749,0.98587965965271,71.48699951171875
sparse_resnet_cnn_residual,sparse_resnet_hybrid,472.46514892578125,0.005942064803093672,17.514089584350586,0.9391948580741882,118.8024673461914
sparse_resnet_cnn_residual,sparse_resnet_transnet,470.9429626464844,0.02921348065137863,11.109524726867676,0.9295827150344849,79.4068603515625
sparse_resnet_cnn_residual,swin_cnn_residual,501.3445129394531,-0.030251173302531242,10.240437507629395,0.886060893535614,24.48008155822754
sparse_resnet_cnn_residual,swin_hybrid,471.6944885253906,-0.054862264543771744,8.456746101379395,0.9386297464370728,24.871362686157227
sparse_resnet_cnn_residual,swin_transnet,471.0503845214844,0.014181370846927166,9.885446548461914,0.9400578737258911,24.637779235839844
sparse_resnet_cnn_residual,transnet_cnn_residual,555.5125122070312,-0.027068544179201126,8.393916130065918,0.8665896058082581,30.373857498168945
sparse_resnet_cnn_residual,transnet_hybrid,472.0375671386719,-0.019977755844593048,5.692293643951416,0.9388339519500732,31.475032806396484
sparse_resnet_cnn_residual,transnet_transnet,470.8775939941406,0.035037484019994736,5.974277019500732,0.9356938004493713,42.001739501953125
sparse_resnet_hybrid,sparse_resnet_transnet,39.49629592895508,0.014525647275149822,8.848313331604004,0.9854230284690857,136.00108337402344
sparse_resnet_hybrid,swin_cnn_residual,162.69448852539062,0.0007275310344994068,24.849380493164062,0.9421144723892212,119.83817291259766
sparse_resnet_hybrid,swin_hybrid,40.38077926635742,0.0003151919227093458,22.94345474243164,0.9918105006217957,119.64730834960938
sparse_resnet_hybrid,swin_transnet,39.1213493347168,0.08781951665878296,24.737510681152344,0.9946868419647217,119.98431396484375
sparse_resnet_hybrid,transnet_cnn_residual,284.58837890625,0.00209121429361403,18.66913414001465,0.9136577248573303,118.86741638183594
sparse_resnet_hybrid,transnet_hybrid,45.517398834228516,-0.02187650091946125,16.441753387451172,0.9930867552757263,119.19461822509766
sparse_resnet_hybrid,transnet_transnet,40.39738464355469,-0.08759528398513794,15.627857208251953,0.9901375770568848,121.99414825439453
sparse_resnet_transnet,swin_cnn_residual,157.8007354736328,0.040342506021261215,17.577238082885742,0.9327445030212402,78.7006607055664
sparse_resnet_transnet,swin_hybrid,11.04698371887207,-0.012203194200992584,15.615320205688477,0.9855612516403198,78.63506317138672
sparse_resnet_transnet,swin_transnet,5.510843276977539,-0.037573255598545074,17.380496978759766,0.9878292679786682,78.79557800292969
sparse_resnet_transnet,transnet_cnn_residual,281.8748474121094,0.024587437510490417,12.073287010192871,0.9107335209846497,79.16687774658203
sparse_resnet_transnet,transnet_hybrid,22.99416732788086,-0.02187851071357727,9.341300964355469,0.9872560501098633,79.5945053100586
sparse_resnet_transnet,transnet_transnet,8.762170791625977,-0.026581592857837677,8.734655380249023,0.9822658896446228,84.13069152832031
swin_cnn_residual,swin_hybrid,158.16558837890625,0.005574905313551426,3.1869418621063232,0.9435551166534424,8.895254135131836
swin_cnn_residual,swin_transnet,157.91033935546875,0.015497790649533272,2.5398178100585938,0.9456204771995544,6.502599239349365
swin_cnn_residual,transnet_cnn_residual,322.4728088378906,0.005059282295405865,9.89452075958252,0.8718631863594055,22.841564178466797
swin_cnn_residual,transnet_hybrid,159.54795837402344,-0.0027653872966766357,8.85874080657959,0.9435718059539795,24.218372344970703
swin_cnn_residual,transnet_transnet,158.34405517578125,-0.03951578214764595,9.785168647766113,0.9419847726821899,37.258113861083984
swin_hybrid,swin_transnet,9.787515640258789,-0.04202944040298462,2.064859390258789,0.993800699710846,9.203107833862305
swin_hybrid,transnet_cnn_residual,282.1219482421875,-0.00021699839271605015,8.367194175720215,0.9147587418556213,23.354860305786133
swin_hybrid,transnet_hybrid,24.64147186279297,-0.04372808709740639,6.771071910858154,0.9926654100418091,24.70911979675293
swin_hybrid,transnet_transnet,11.697291374206543,0.021881185472011566,7.777003288269043,0.9889212250709534,37.52872848510742
swin_transnet,transnet_cnn_residual,281.8860168457031,0.053167495876550674,9.615154266357422,0.9179294109344482,23.07877540588379
swin_transnet,transnet_hybrid,22.302143096923828,0.0015251543372869492,8.520524024963379,0.9955946207046509,24.419696807861328
swin_transnet,transnet_transnet,6.964503288269043,0.013063068501651287,9.509748458862305,0.991787850856781,37.4307975769043
transnet_cnn_residual,transnet_hybrid,282.8728332519531,-0.0018040193244814873,6.541894912719727,0.9152365922927856,30.47389793395996
transnet_cnn_residual,transnet_transnet,281.8697204589844,0.02463802695274353,6.813349723815918,0.9145503640174866,41.30179214477539
transnet_hybrid,transnet_transnet,23.24694061279297,0.006827281787991524,2.4242441654205322,0.9906169176101685,42.1226692199707
