num_samples,cos_mean,cos_std,cos_min,cos_p05,cos_p50,cos_p95,mse,l2_mean,family,scheme,rel_a,rel_b,seed_a,seed_b,encoder_a,encoder_b,decoder_a,decoder_b,adapter_a,adapter_b
100000,0.999534010887146,0.0003689291188493371,0.9759371876716614,0.998932421207428,0.9996227622032166,0.9998629093170166,6.761681288480759e-05,0.17210695147514343,adapter/aux_pca_1e-2_code_mean1e-4_cov1e-4/gated_lowrank_affine_mlp,aux_pca_1e-2_code_mean1e-4_cov1e-4,adapter/aux_pca_1e-2_code_mean1e-4_cov1e-4/gated_lowrank_affine_mlp/rank32_hidden2048_gate0.1_code1e-3_fc1e-2_lr5e-4_ep100/enc_seed2026_clnet_transnet_dec_seed42_transnet_transnet,adapter/aux_pca_1e-2_code_mean1e-4_cov1e-4/gated_lowrank_affine_mlp/rank32_hidden2048_gate0.1_code1e-3_fc1e-2_lr5e-4_ep100/enc_seed2026_crnet_transnet_dec_seed42_transnet_transnet,2026,2026,clnet,crnet,transnet,transnet,gated_lowrank_affine_mlp,gated_lowrank_affine_mlp
100000,0.9981603622436523,0.001984805567190051,0.9499118328094482,0.9946225881576538,0.9987696409225464,0.9997048377990723,0.0003050549130421132,0.3434649407863617,adapter/aux_pca_1e-2_code_mean1e-4_cov1e-4/gated_lowrank_affine_mlp,aux_pca_1e-2_code_mean1e-4_cov1e-4,adapter/aux_pca_1e-2_code_mean1e-4_cov1e-4/gated_lowrank_affine_mlp/rank32_hidden2048_gate0.1_code1e-3_fc1e-2_lr5e-4_ep100/enc_seed2026_clnet_transnet_dec_seed42_transnet_transnet,adapter/aux_pca_1e-2_code_mean1e-4_cov1e-4/gated_lowrank_affine_mlp/rank32_hidden2048_gate0.1_code1e-3_fc1e-2_lr5e-4_ep100/enc_seed2026_csinet_transnet_dec_seed42_transnet_transnet,2026,2026,clnet,csinet,transnet,transnet,gated_lowrank_affine_mlp,gated_lowrank_affine_mlp
100000,0.9996710419654846,0.0002576342085376382,0.989683210849762,0.9992602467536926,0.9997316598892212,0.9998998045921326,5.812411109218374e-05,0.15402649343013763,adapter/aux_pca_1e-2_code_mean1e-4_cov1e-4/gated_lowrank_affine_mlp,aux_pca_1e-2_code_mean1e-4_cov1e-4,adapter/aux_pca_1e-2_code_mean1e-4_cov1e-4/gated_lowrank_affine_mlp/rank32_hidden2048_gate0.1_code1e-3_fc1e-2_lr5e-4_ep100/enc_seed2026_clnet_transnet_dec_seed42_transnet_transnet,adapter/aux_pca_1e-2_code_mean1e-4_cov1e-4/gated_lowrank_affine_mlp/rank32_hidden2048_gate0.1_code1e-3_fc1e-2_lr5e-4_ep100/enc_seed2026_transnet_transnet_dec_seed42_transnet_transnet,2026,2026,clnet,transnet,transnet,transnet,gated_lowrank_affine_mlp,gated_lowrank_affine_mlp
100000,0.9994862079620361,0.0004008590476587415,0.9868237376213074,0.9988337755203247,0.9995822906494141,0.9998447299003601,7.40420728106983e-05,0.18059448897838593,adapter/aux_pca_1e-2_code_mean1e-4_cov1e-4/gated_lowrank_affine_mlp,aux_pca_1e-2_code_mean1e-4_cov1e-4,adapter/aux_pca_1e-2_code_mean1e-4_cov1e-4/gated_lowrank_affine_mlp/rank32_hidden2048_gate0.1_code1e-3_fc1e-2_lr5e-4_ep100/enc_seed2026_clnet_transnet_dec_seed42_transnet_transnet,adapter/aux_pca_1e-2_code_mean1e-4_cov1e-4/gated_lowrank_affine_mlp/rank32_hidden2048_gate0.1_code1e-3_fc1e-2_lr5e-4_ep100/enc_seed3407_clnet_transnet_dec_seed42_transnet_transnet,2026,3407,clnet,clnet,transnet,transnet,gated_lowrank_affine_mlp,gated_lowrank_affine_mlp
100000,0.9989287257194519,0.0006714633200317621,0.98030686378479,0.9977329969406128,0.999075174331665,0.9996381998062134,0.00017219451547134668,0.27282068133354187,adapter/aux_pca_1e-2_code_mean1e-4_cov1e-4/gated_lowrank_affine_mlp,aux_pca_1e-2_code_mean1e-4_cov1e-4,adapter/aux_pca_1e-2_code_mean1e-4_cov1e-4/gated_lowrank_affine_mlp/rank32_hidden2048_gate0.1_code1e-3_fc1e-2_lr5e-4_ep100/enc_seed2026_clnet_transnet_dec_seed42_transnet_transnet,adapter/aux_pca_1e-2_code_mean1e-4_cov1e-4/gated_lowrank_affine_mlp/rank32_hidden2048_gate0.1_code1e-3_fc1e-2_lr5e-4_ep100/enc_seed3407_crnet_transnet_dec_seed42_transnet_transnet,2026,3407,clnet,crnet,transnet,transnet,gated_lowrank_affine_mlp,gated_lowrank_affine_mlp
100000,0.9933409690856934,0.004064835142344236,0.9160123467445374,0.9858742952346802,0.9941885471343994,0.9980165362358093,0.0009910051012411714,0.6584613919258118,adapter/aux_pca_1e-2_code_mean1e-4_cov1e-4/gated_lowrank_affine_mlp,aux_pca_1e-2_code_mean1e-4_cov1e-4,adapter/aux_pca_1e-2_code_mean1e-4_cov1e-4/gated_lowrank_affine_mlp/rank32_hidden2048_gate0.1_code1e-3_fc1e-2_lr5e-4_ep100/enc_seed2026_clnet_transnet_dec_seed42_transnet_transnet,adapter/aux_pca_1e-2_code_mean1e-4_cov1e-4/gated_lowrank_affine_mlp/rank32_hidden2048_gate0.1_code1e-3_fc1e-2_lr5e-4_ep100/enc_seed3407_csinet_transnet_dec_seed42_transnet_transnet,2026,3407,clnet,csinet,transnet,transnet,gated_lowrank_affine_mlp,gated_lowrank_affine_mlp
100000,0.9996812343597412,0.0002601994201540947,0.9898329377174377,0.9992678761482239,0.9997423887252808,0.9999094605445862,5.2902993047609925e-05,0.14755772054195404,adapter/aux_pca_1e-2_code_mean1e-4_cov1e-4/gated_lowrank_affine_mlp,aux_pca_1e-2_code_mean1e-4_cov1e-4,adapter/aux_pca_1e-2_code_mean1e-4_cov1e-4/gated_lowrank_affine_mlp/rank32_hidden2048_gate0.1_code1e-3_fc1e-2_lr5e-4_ep100/enc_seed2026_clnet_transnet_dec_seed42_transnet_transnet,adapter/aux_pca_1e-2_code_mean1e-4_cov1e-4/gated_lowrank_affine_mlp/rank32_hidden2048_gate0.1_code1e-3_fc1e-2_lr5e-4_ep100/enc_seed3407_transnet_transnet_dec_seed42_transnet_transnet,2026,3407,clnet,transnet,transnet,transnet,gated_lowrank_affine_mlp,gated_lowrank_affine_mlp
100000,0.9993571639060974,0.00048186382628045976,0.987332820892334,0.9985718131065369,0.9994751811027527,0.9997886419296265,9.266028791898862e-05,0.20279593765735626,adapter/aux_pca_1e-2_code_mean1e-4_cov1e-4/gated_lowrank_affine_mlp,aux_pca_1e-2_code_mean1e-4_cov1e-4,adapter/aux_pca_1e-2_code_mean1e-4_cov1e-4/gated_lowrank_affine_mlp/rank32_hidden2048_gate0.1_code1e-3_fc1e-2_lr5e-4_ep100/enc_seed2026_clnet_transnet_dec_seed42_transnet_transnet,adapter/aux_pca_1e-2_code_mean1e-4_cov1e-4/gated_lowrank_affine_mlp/rank32_hidden2048_gate0.1_code1e-3_fc1e-2_lr5e-4_ep100/enc_seed42_clnet_transnet_dec_seed42_transnet_transnet,2026,42,clnet,clnet,transnet,transnet,gated_lowrank_affine_mlp,gated_lowrank_affine_mlp
100000,0.9984552264213562,0.001062017516233027,0.9734748601913452,0.9965968132019043,0.9987004995346069,0.9995306730270386,0.00023693944967817515,0.32157739996910095,adapter/aux_pca_1e-2_code_mean1e-4_cov1e-4/gated_lowrank_affine_mlp,aux_pca_1e-2_code_mean1e-4_cov1e-4,adapter/aux_pca_1e-2_code_mean1e-4_cov1e-4/gated_lowrank_affine_mlp/rank32_hidden2048_gate0.1_code1e-3_fc1e-2_lr5e-4_ep100/enc_seed2026_clnet_transnet_dec_seed42_transnet_transnet,adapter/aux_pca_1e-2_code_mean1e-4_cov1e-4/gated_lowrank_affine_mlp/rank32_hidden2048_gate0.1_code1e-3_fc1e-2_lr5e-4_ep100/enc_seed42_crnet_transnet_dec_seed42_transnet_transnet,2026,42,clnet,crnet,transnet,transnet,gated_lowrank_affine_mlp,gated_lowrank_affine_mlp
100000,0.9984703063964844,0.0015981572214514017,0.9555066823959351,0.9955808520317078,0.9989674687385559,0.9997249245643616,0.0002593086683191359,0.318460613489151,adapter/aux_pca_1e-2_code_mean1e-4_cov1e-4/gated_lowrank_affine_mlp,aux_pca_1e-2_code_mean1e-4_cov1e-4,adapter/aux_pca_1e-2_code_mean1e-4_cov1e-4/gated_lowrank_affine_mlp/rank32_hidden2048_gate0.1_code1e-3_fc1e-2_lr5e-4_ep100/enc_seed2026_clnet_transnet_dec_seed42_transnet_transnet,adapter/aux_pca_1e-2_code_mean1e-4_cov1e-4/gated_lowrank_affine_mlp/rank32_hidden2048_gate0.1_code1e-3_fc1e-2_lr5e-4_ep100/enc_seed42_csinet_transnet_dec_seed42_transnet_transnet,2026,42,clnet,csinet,transnet,transnet,gated_lowrank_affine_mlp,gated_lowrank_affine_mlp
100000,0.9997053742408752,0.00025868869852274656,0.99162358045578,0.9993118047714233,0.9997701644897461,0.9999076128005981,4.434423681232147e-05,0.1377524584531784,adapter/aux_pca_1e-2_code_mean1e-4_cov1e-4/gated_lowrank_affine_mlp,aux_pca_1e-2_code_mean1e-4_cov1e-4,adapter/aux_pca_1e-2_code_mean1e-4_cov1e-4/gated_lowrank_affine_mlp/rank32_hidden2048_gate0.1_code1e-3_fc1e-2_lr5e-4_ep100/enc_seed2026_clnet_transnet_dec_seed42_transnet_transnet,adapter/aux_pca_1e-2_code_mean1e-4_cov1e-4/gated_lowrank_affine_mlp/rank32_hidden2048_gate0.1_code1e-3_fc1e-2_lr5e-4_ep400/enc_seed2026_clnet_transnet_dec_seed42_transnet_transnet,2026,2026,clnet,clnet,transnet,transnet,gated_lowrank_affine_mlp,gated_lowrank_affine_mlp
100000,0.9996169209480286,0.00031312680221162736,0.9883903861045837,0.9991123676300049,0.9996926784515381,0.9998909831047058,5.860438977833837e-05,0.1579488217830658,adapter/aux_pca_1e-2_code_mean1e-4_cov1e-4/gated_lowrank_affine_mlp,aux_pca_1e-2_code_mean1e-4_cov1e-4,adapter/aux_pca_1e-2_code_mean1e-4_cov1e-4/gated_lowrank_affine_mlp/rank32_hidden2048_gate0.1_code1e-3_fc1e-2_lr5e-4_ep100/enc_seed2026_clnet_transnet_dec_seed42_transnet_transnet,adapter/aux_pca_1e-2_code_mean1e-4_cov1e-4/gated_lowrank_affine_mlp/rank32_hidden2048_gate0.1_code1e-3_fc1e-2_lr5e-4_ep400/enc_seed2026_crnet_transnet_dec_seed42_transnet_transnet,2026,2026,clnet,crnet,transnet,transnet,gated_lowrank_affine_mlp,gated_lowrank_affine_mlp
100000,0.9988331198692322,0.0011295831063762307,0.9734452962875366,0.9968603849411011,0.9991484880447388,0.9997737407684326,0.00018688901036512107,0.2741558253765106,adapter/aux_pca_1e-2_code_mean1e-4_cov1e-4/gated_lowrank_affine_mlp,aux_pca_1e-2_code_mean1e-4_cov1e-4,adapter/aux_pca_1e-2_code_mean1e-4_cov1e-4/gated_lowrank_affine_mlp/rank32_hidden2048_gate0.1_code1e-3_fc1e-2_lr5e-4_ep100/enc_seed2026_clnet_transnet_dec_seed42_transnet_transnet,adapter/aux_pca_1e-2_code_mean1e-4_cov1e-4/gated_lowrank_affine_mlp/rank32_hidden2048_gate0.1_code1e-3_fc1e-2_lr5e-4_ep400/enc_seed2026_csinet_transnet_dec_seed42_transnet_transnet,2026,2026,clnet,csinet,transnet,transnet,gated_lowrank_affine_mlp,gated_lowrank_affine_mlp
100000,0.9996715188026428,0.00025857563014142215,0.989682674407959,0.999258816242218,0.9997323751449585,0.9999009370803833,5.800061990157701e-05,0.15385444462299347,adapter/aux_pca_1e-2_code_mean1e-4_cov1e-4/gated_lowrank_affine_mlp,aux_pca_1e-2_code_mean1e-4_cov1e-4,adapter/aux_pca_1e-2_code_mean1e-4_cov1e-4/gated_lowrank_affine_mlp/rank32_hidden2048_gate0.1_code1e-3_fc1e-2_lr5e-4_ep100/enc_seed2026_clnet_transnet_dec_seed42_transnet_transnet,adapter/aux_pca_1e-2_code_mean1e-4_cov1e-4/gated_lowrank_affine_mlp/rank32_hidden2048_gate0.1_code1e-3_fc1e-2_lr5e-4_ep400/enc_seed2026_transnet_transnet_dec_seed42_transnet_transnet,2026,2026,clnet,transnet,transnet,transnet,gated_lowrank_affine_mlp,gated_lowrank_affine_mlp
100000,0.9996068477630615,0.0003245756379328668,0.9890530705451965,0.9990836381912231,0.9996867179870605,0.9998857975006104,5.920536204939708e-05,0.15985390543937683,adapter/aux_pca_1e-2_code_mean1e-4_cov1e-4/gated_lowrank_affine_mlp,aux_pca_1e-2_code_mean1e-4_cov1e-4,adapter/aux_pca_1e-2_code_mean1e-4_cov1e-4/gated_lowrank_affine_mlp/rank32_hidden2048_gate0.1_code1e-3_fc1e-2_lr5e-4_ep100/enc_seed2026_clnet_transnet_dec_seed42_transnet_transnet,adapter/aux_pca_1e-2_code_mean1e-4_cov1e-4/gated_lowrank_affine_mlp/rank32_hidden2048_gate0.1_code1e-3_fc1e-2_lr5e-4_ep400/enc_seed3407_clnet_transnet_dec_seed42_transnet_transnet,2026,3407,clnet,clnet,transnet,transnet,gated_lowrank_affine_mlp,gated_lowrank_affine_mlp
100000,0.9991393685340881,0.0005543314036913216,0.9789941310882568,0.9981831908226013,0.9992610812187195,0.9997103214263916,0.0001334658736595884,0.24010157585144043,adapter/aux_pca_1e-2_code_mean1e-4_cov1e-4/gated_lowrank_affine_mlp,aux_pca_1e-2_code_mean1e-4_cov1e-4,adapter/aux_pca_1e-2_code_mean1e-4_cov1e-4/gated_lowrank_affine_mlp/rank32_hidden2048_gate0.1_code1e-3_fc1e-2_lr5e-4_ep100/enc_seed2026_clnet_transnet_dec_seed42_transnet_transnet,adapter/aux_pca_1e-2_code_mean1e-4_cov1e-4/gated_lowrank_affine_mlp/rank32_hidden2048_gate0.1_code1e-3_fc1e-2_lr5e-4_ep400/enc_seed3407_crnet_transnet_dec_seed42_transnet_transnet,2026,3407,clnet,crnet,transnet,transnet,gated_lowrank_affine_mlp,gated_lowrank_affine_mlp
100000,0.9968035817146301,0.0017648340435698628,0.960790753364563,0.9936147332191467,0.9971198439598083,0.9989528656005859,0.0004685481544584036,0.45875248312950134,adapter/aux_pca_1e-2_code_mean1e-4_cov1e-4/gated_lowrank_affine_mlp,aux_pca_1e-2_code_mean1e-4_cov1e-4,adapter/aux_pca_1e-2_code_mean1e-4_cov1e-4/gated_lowrank_affine_mlp/rank32_hidden2048_gate0.1_code1e-3_fc1e-2_lr5e-4_ep100/enc_seed2026_clnet_transnet_dec_seed42_transnet_transnet,adapter/aux_pca_1e-2_code_mean1e-4_cov1e-4/gated_lowrank_affine_mlp/rank32_hidden2048_gate0.1_code1e-3_fc1e-2_lr5e-4_ep400/enc_seed3407_csinet_transnet_dec_seed42_transnet_transnet,2026,3407,clnet,csinet,transnet,transnet,gated_lowrank_affine_mlp,gated_lowrank_affine_mlp
100000,0.9996805787086487,0.0002601751475594938,0.9898010492324829,0.9992678165435791,0.9997419118881226,0.9999088048934937,5.295696246321313e-05,0.14768697321414948,adapter/aux_pca_1e-2_code_mean1e-4_cov1e-4/gated_lowrank_affine_mlp,aux_pca_1e-2_code_mean1e-4_cov1e-4,adapter/aux_pca_1e-2_code_mean1e-4_cov1e-4/gated_lowrank_affine_mlp/rank32_hidden2048_gate0.1_code1e-3_fc1e-2_lr5e-4_ep100/enc_seed2026_clnet_transnet_dec_seed42_transnet_transnet,adapter/aux_pca_1e-2_code_mean1e-4_cov1e-4/gated_lowrank_affine_mlp/rank32_hidden2048_gate0.1_code1e-3_fc1e-2_lr5e-4_ep400/enc_seed3407_dec_seed42,2026,3407,clnet,transnet,transnet,transnet,gated_lowrank_affine_mlp,gated_lowrank_affine_mlp
100000,0.9996805787086487,0.0002601751475594938,0.9898010492324829,0.9992678165435791,0.9997419118881226,0.9999088048934937,5.295696246321313e-05,0.14768697321414948,adapter/aux_pca_1e-2_code_mean1e-4_cov1e-4/gated_lowrank_affine_mlp,aux_pca_1e-2_code_mean1e-4_cov1e-4,adapter/aux_pca_1e-2_code_mean1e-4_cov1e-4/gated_lowrank_affine_mlp/rank32_hidden2048_gate0.1_code1e-3_fc1e-2_lr5e-4_ep100/enc_seed2026_clnet_transnet_dec_seed42_transnet_transnet,adapter/aux_pca_1e-2_code_mean1e-4_cov1e-4/gated_lowrank_affine_mlp/rank32_hidden2048_gate0.1_code1e-3_fc1e-2_lr5e-4_ep400/enc_seed3407_transnet_transnet_dec_seed42_transnet_transnet,2026,3407,clnet,transnet,transnet,transnet,gated_lowrank_affine_mlp,gated_lowrank_affine_mlp
100000,0.9995545744895935,0.0003606953250709921,0.988834023475647,0.9989762306213379,0.9996432065963745,0.9998624920845032,6.702368409605697e-05,0.171834796667099,adapter/aux_pca_1e-2_code_mean1e-4_cov1e-4/gated_lowrank_affine_mlp,aux_pca_1e-2_code_mean1e-4_cov1e-4,adapter/aux_pca_1e-2_code_mean1e-4_cov1e-4/gated_lowrank_affine_mlp/rank32_hidden2048_gate0.1_code1e-3_fc1e-2_lr5e-4_ep100/enc_seed2026_clnet_transnet_dec_seed42_transnet_transnet,adapter/aux_pca_1e-2_code_mean1e-4_cov1e-4/gated_lowrank_affine_mlp/rank32_hidden2048_gate0.1_code1e-3_fc1e-2_lr5e-4_ep400/enc_seed42_clnet_transnet_dec_seed42_transnet_transnet,2026,42,clnet,clnet,transnet,transnet,gated_lowrank_affine_mlp,gated_lowrank_affine_mlp
100000,0.9988040328025818,0.000777989043854177,0.9752621650695801,0.997442364692688,0.998969316482544,0.9996350407600403,0.0001815062278183177,0.28093305230140686,adapter/aux_pca_1e-2_code_mean1e-4_cov1e-4/gated_lowrank_affine_mlp,aux_pca_1e-2_code_mean1e-4_cov1e-4,adapter/aux_pca_1e-2_code_mean1e-4_cov1e-4/gated_lowrank_affine_mlp/rank32_hidden2048_gate0.1_code1e-3_fc1e-2_lr5e-4_ep100/enc_seed2026_clnet_transnet_dec_seed42_transnet_transnet,adapter/aux_pca_1e-2_code_mean1e-4_cov1e-4/gated_lowrank_affine_mlp/rank32_hidden2048_gate0.1_code1e-3_fc1e-2_lr5e-4_ep400/enc_seed42_crnet_transnet_dec_seed42_transnet_transnet,2026,42,clnet,crnet,transnet,transnet,gated_lowrank_affine_mlp,gated_lowrank_affine_mlp
100000,0.9990828633308411,0.0008637667633593082,0.9769225120544434,0.9976224899291992,0.9993185997009277,0.9998000860214233,0.0001550996385049075,0.24652878940105438,adapter/aux_pca_1e-2_code_mean1e-4_cov1e-4/gated_lowrank_affine_mlp,aux_pca_1e-2_code_mean1e-4_cov1e-4,adapter/aux_pca_1e-2_code_mean1e-4_cov1e-4/gated_lowrank_affine_mlp/rank32_hidden2048_gate0.1_code1e-3_fc1e-2_lr5e-4_ep100/enc_seed2026_clnet_transnet_dec_seed42_transnet_transnet,adapter/aux_pca_1e-2_code_mean1e-4_cov1e-4/gated_lowrank_affine_mlp/rank32_hidden2048_gate0.1_code1e-3_fc1e-2_lr5e-4_ep400/enc_seed42_csinet_transnet_dec_seed42_transnet_transnet,2026,42,clnet,csinet,transnet,transnet,gated_lowrank_affine_mlp,gated_lowrank_affine_mlp
100000,0.9982764720916748,0.0019061086932197213,0.9494203329086304,0.9948869347572327,0.9988653063774109,0.9997357130050659,0.00028205406852066517,0.3295396864414215,adapter/aux_pca_1e-2_code_mean1e-4_cov1e-4/gated_lowrank_affine_mlp,aux_pca_1e-2_code_mean1e-4_cov1e-4,adapter/aux_pca_1e-2_code_mean1e-4_cov1e-4/gated_lowrank_affine_mlp/rank32_hidden2048_gate0.1_code1e-3_fc1e-2_lr5e-4_ep100/enc_seed2026_crnet_transnet_dec_seed42_transnet_transnet,adapter/aux_pca_1e-2_code_mean1e-4_cov1e-4/gated_lowrank_affine_mlp/rank32_hidden2048_gate0.1_code1e-3_fc1e-2_lr5e-4_ep100/enc_seed2026_csinet_transnet_dec_seed42_transnet_transnet,2026,2026,crnet,csinet,transnet,transnet,gated_lowrank_affine_mlp,gated_lowrank_affine_mlp
100000,0.9997508525848389,0.00020393545855768025,0.987236499786377,0.9994319081306458,0.9997990131378174,0.9999263882637024,4.337234713602811e-05,0.13346830010414124,adapter/aux_pca_1e-2_code_mean1e-4_cov1e-4/gated_lowrank_affine_mlp,aux_pca_1e-2_code_mean1e-4_cov1e-4,adapter/aux_pca_1e-2_code_mean1e-4_cov1e-4/gated_lowrank_affine_mlp/rank32_hidden2048_gate0.1_code1e-3_fc1e-2_lr5e-4_ep100/enc_seed2026_crnet_transnet_dec_seed42_transnet_transnet,adapter/aux_pca_1e-2_code_mean1e-4_cov1e-4/gated_lowrank_affine_mlp/rank32_hidden2048_gate0.1_code1e-3_fc1e-2_lr5e-4_ep100/enc_seed2026_transnet_transnet_dec_seed42_transnet_transnet,2026,2026,crnet,transnet,transnet,transnet,gated_lowrank_affine_mlp,gated_lowrank_affine_mlp
100000,0.9995468258857727,0.0003674206673167646,0.9853459000587463,0.9989474415779114,0.9996360540390015,0.9998752474784851,6.544284406118095e-05,0.16916796565055847,adapter/aux_pca_1e-2_code_mean1e-4_cov1e-4/gated_lowrank_affine_mlp,aux_pca_1e-2_code_mean1e-4_cov1e-4,adapter/aux_pca_1e-2_code_mean1e-4_cov1e-4/gated_lowrank_affine_mlp/rank32_hidden2048_gate0.1_code1e-3_fc1e-2_lr5e-4_ep100/enc_seed2026_crnet_transnet_dec_seed42_transnet_transnet,adapter/aux_pca_1e-2_code_mean1e-4_cov1e-4/gated_lowrank_affine_mlp/rank32_hidden2048_gate0.1_code1e-3_fc1e-2_lr5e-4_ep100/enc_seed3407_clnet_transnet_dec_seed42_transnet_transnet,2026,3407,crnet,clnet,transnet,transnet,gated_lowrank_affine_mlp,gated_lowrank_affine_mlp
100000,0.9990318417549133,0.0006065569468773901,0.9831531047821045,0.99795001745224,0.9991666674613953,0.9996677041053772,0.00015228166012093425,0.25761088728904724,adapter/aux_pca_1e-2_code_mean1e-4_cov1e-4/gated_lowrank_affine_mlp,aux_pca_1e-2_code_mean1e-4_cov1e-4,adapter/aux_pca_1e-2_code_mean1e-4_cov1e-4/gated_lowrank_affine_mlp/rank32_hidden2048_gate0.1_code1e-3_fc1e-2_lr5e-4_ep100/enc_seed2026_crnet_transnet_dec_seed42_transnet_transnet,adapter/aux_pca_1e-2_code_mean1e-4_cov1e-4/gated_lowrank_affine_mlp/rank32_hidden2048_gate0.1_code1e-3_fc1e-2_lr5e-4_ep100/enc_seed3407_crnet_transnet_dec_seed42_transnet_transnet,2026,3407,crnet,crnet,transnet,transnet,gated_lowrank_affine_mlp,gated_lowrank_affine_mlp
100000,0.9934095740318298,0.004028806462883949,0.9168785810470581,0.9859976172447205,0.9942455887794495,0.998060941696167,0.0009805947775021195,0.6551499366760254,adapter/aux_pca_1e-2_code_mean1e-4_cov1e-4/gated_lowrank_affine_mlp,aux_pca_1e-2_code_mean1e-4_cov1e-4,adapter/aux_pca_1e-2_code_mean1e-4_cov1e-4/gated_lowrank_affine_mlp/rank32_hidden2048_gate0.1_code1e-3_fc1e-2_lr5e-4_ep100/enc_seed2026_crnet_transnet_dec_seed42_transnet_transnet,adapter/aux_pca_1e-2_code_mean1e-4_cov1e-4/gated_lowrank_affine_mlp/rank32_hidden2048_gate0.1_code1e-3_fc1e-2_lr5e-4_ep100/enc_seed3407_csinet_transnet_dec_seed42_transnet_transnet,2026,3407,crnet,csinet,transnet,transnet,gated_lowrank_affine_mlp,gated_lowrank_affine_mlp
100000,0.9997607469558716,0.00020430474251043051,0.9876430034637451,0.9994385838508606,0.9998096227645874,0.9999350905418396,3.887005368596874e-05,0.12658677995204926,adapter/aux_pca_1e-2_code_mean1e-4_cov1e-4/gated_lowrank_affine_mlp,aux_pca_1e-2_code_mean1e-4_cov1e-4,adapter/aux_pca_1e-2_code_mean1e-4_cov1e-4/gated_lowrank_affine_mlp/rank32_hidden2048_gate0.1_code1e-3_fc1e-2_lr5e-4_ep100/enc_seed2026_crnet_transnet_dec_seed42_transnet_transnet,adapter/aux_pca_1e-2_code_mean1e-4_cov1e-4/gated_lowrank_affine_mlp/rank32_hidden2048_gate0.1_code1e-3_fc1e-2_lr5e-4_ep100/enc_seed3407_transnet_transnet_dec_seed42_transnet_transnet,2026,3407,crnet,transnet,transnet,transnet,gated_lowrank_affine_mlp,gated_lowrank_affine_mlp
100000,0.9994067549705505,0.0004560172965284437,0.9836723804473877,0.9986534118652344,0.9995173215866089,0.9998183846473694,8.671378600411117e-05,0.19541522860527039,adapter/aux_pca_1e-2_code_mean1e-4_cov1e-4/gated_lowrank_affine_mlp,aux_pca_1e-2_code_mean1e-4_cov1e-4,adapter/aux_pca_1e-2_code_mean1e-4_cov1e-4/gated_lowrank_affine_mlp/rank32_hidden2048_gate0.1_code1e-3_fc1e-2_lr5e-4_ep100/enc_seed2026_crnet_transnet_dec_seed42_transnet_transnet,adapter/aux_pca_1e-2_code_mean1e-4_cov1e-4/gated_lowrank_affine_mlp/rank32_hidden2048_gate0.1_code1e-3_fc1e-2_lr5e-4_ep100/enc_seed42_clnet_transnet_dec_seed42_transnet_transnet,2026,42,crnet,clnet,transnet,transnet,gated_lowrank_affine_mlp,gated_lowrank_affine_mlp
100000,0.9985508322715759,0.0010144442785531282,0.9736706614494324,0.9967779517173767,0.9987888932228088,0.9995631575584412,0.00021892473159823567,0.30941271781921387,adapter/aux_pca_1e-2_code_mean1e-4_cov1e-4/gated_lowrank_affine_mlp,aux_pca_1e-2_code_mean1e-4_cov1e-4,adapter/aux_pca_1e-2_code_mean1e-4_cov1e-4/gated_lowrank_affine_mlp/rank32_hidden2048_gate0.1_code1e-3_fc1e-2_lr5e-4_ep100/enc_seed2026_crnet_transnet_dec_seed42_transnet_transnet,adapter/aux_pca_1e-2_code_mean1e-4_cov1e-4/gated_lowrank_affine_mlp/rank32_hidden2048_gate0.1_code1e-3_fc1e-2_lr5e-4_ep100/enc_seed42_crnet_transnet_dec_seed42_transnet_transnet,2026,42,crnet,crnet,transnet,transnet,gated_lowrank_affine_mlp,gated_lowrank_affine_mlp
100000,0.9986030459403992,0.0014991863863542676,0.9551116228103638,0.9958879351615906,0.99907386302948,0.9997705221176147,0.0002344644453842193,0.3016296327114105,adapter/aux_pca_1e-2_code_mean1e-4_cov1e-4/gated_lowrank_affine_mlp,aux_pca_1e-2_code_mean1e-4_cov1e-4,adapter/aux_pca_1e-2_code_mean1e-4_cov1e-4/gated_lowrank_affine_mlp/rank32_hidden2048_gate0.1_code1e-3_fc1e-2_lr5e-4_ep100/enc_seed2026_crnet_transnet_dec_seed42_transnet_transnet,adapter/aux_pca_1e-2_code_mean1e-4_cov1e-4/gated_lowrank_affine_mlp/rank32_hidden2048_gate0.1_code1e-3_fc1e-2_lr5e-4_ep100/enc_seed42_csinet_transnet_dec_seed42_transnet_transnet,2026,42,crnet,csinet,transnet,transnet,gated_lowrank_affine_mlp,gated_lowrank_affine_mlp
100000,0.9996834993362427,0.00027039542328566313,0.981450080871582,0.9992497563362122,0.999750018119812,0.9999114274978638,4.660673948819749e-05,0.1419650763273239,adapter/aux_pca_1e-2_code_mean1e-4_cov1e-4/gated_lowrank_affine_mlp,aux_pca_1e-2_code_mean1e-4_cov1e-4,adapter/aux_pca_1e-2_code_mean1e-4_cov1e-4/gated_lowrank_affine_mlp/rank32_hidden2048_gate0.1_code1e-3_fc1e-2_lr5e-4_ep100/enc_seed2026_crnet_transnet_dec_seed42_transnet_transnet,adapter/aux_pca_1e-2_code_mean1e-4_cov1e-4/gated_lowrank_affine_mlp/rank32_hidden2048_gate0.1_code1e-3_fc1e-2_lr5e-4_ep400/enc_seed2026_clnet_transnet_dec_seed42_transnet_transnet,2026,2026,crnet,clnet,transnet,transnet,gated_lowrank_affine_mlp,gated_lowrank_affine_mlp
100000,0.9998043775558472,0.00018801692931447178,0.98957359790802,0.9995339512825012,0.9998503923416138,0.9999409317970276,2.991324436152354e-05,0.11251416802406311,adapter/aux_pca_1e-2_code_mean1e-4_cov1e-4/gated_lowrank_affine_mlp,aux_pca_1e-2_code_mean1e-4_cov1e-4,adapter/aux_pca_1e-2_code_mean1e-4_cov1e-4/gated_lowrank_affine_mlp/rank32_hidden2048_gate0.1_code1e-3_fc1e-2_lr5e-4_ep100/enc_seed2026_crnet_transnet_dec_seed42_transnet_transnet,adapter/aux_pca_1e-2_code_mean1e-4_cov1e-4/gated_lowrank_affine_mlp/rank32_hidden2048_gate0.1_code1e-3_fc1e-2_lr5e-4_ep400/enc_seed2026_crnet_transnet_dec_seed42_transnet_transnet,2026,2026,crnet,crnet,transnet,transnet,gated_lowrank_affine_mlp,gated_lowrank_affine_mlp
100000,0.9989290237426758,0.0010921924840658903,0.9737903475761414,0.9970414042472839,0.9992392063140869,0.9998120069503784,0.00016950900317169726,0.2595445215702057,adapter/aux_pca_1e-2_code_mean1e-4_cov1e-4/gated_lowrank_affine_mlp,aux_pca_1e-2_code_mean1e-4_cov1e-4,adapter/aux_pca_1e-2_code_mean1e-4_cov1e-4/gated_lowrank_affine_mlp/rank32_hidden2048_gate0.1_code1e-3_fc1e-2_lr5e-4_ep100/enc_seed2026_crnet_transnet_dec_seed42_transnet_transnet,adapter/aux_pca_1e-2_code_mean1e-4_cov1e-4/gated_lowrank_affine_mlp/rank32_hidden2048_gate0.1_code1e-3_fc1e-2_lr5e-4_ep400/enc_seed2026_csinet_transnet_dec_seed42_transnet_transnet,2026,2026,crnet,csinet,transnet,transnet,gated_lowrank_affine_mlp,gated_lowrank_affine_mlp
100000,0.9997507333755493,0.0002048088499577716,0.9872966408729553,0.9994280338287354,0.9997992515563965,0.9999269843101501,4.3342741264496e-05,0.1334037333726883,adapter/aux_pca_1e-2_code_mean1e-4_cov1e-4/gated_lowrank_affine_mlp,aux_pca_1e-2_code_mean1e-4_cov1e-4,adapter/aux_pca_1e-2_code_mean1e-4_cov1e-4/gated_lowrank_affine_mlp/rank32_hidden2048_gate0.1_code1e-3_fc1e-2_lr5e-4_ep100/enc_seed2026_crnet_transnet_dec_seed42_transnet_transnet,adapter/aux_pca_1e-2_code_mean1e-4_cov1e-4/gated_lowrank_affine_mlp/rank32_hidden2048_gate0.1_code1e-3_fc1e-2_lr5e-4_ep400/enc_seed2026_transnet_transnet_dec_seed42_transnet_transnet,2026,2026,crnet,transnet,transnet,transnet,gated_lowrank_affine_mlp,gated_lowrank_affine_mlp
100000,0.9996840357780457,0.000264050904661417,0.9865010976791382,0.9992544651031494,0.9997508525848389,0.9999099969863892,4.6683653636137024e-05,0.14216409623622894,adapter/aux_pca_1e-2_code_mean1e-4_cov1e-4/gated_lowrank_affine_mlp,aux_pca_1e-2_code_mean1e-4_cov1e-4,adapter/aux_pca_1e-2_code_mean1e-4_cov1e-4/gated_lowrank_affine_mlp/rank32_hidden2048_gate0.1_code1e-3_fc1e-2_lr5e-4_ep100/enc_seed2026_crnet_transnet_dec_seed42_transnet_transnet,adapter/aux_pca_1e-2_code_mean1e-4_cov1e-4/gated_lowrank_affine_mlp/rank32_hidden2048_gate0.1_code1e-3_fc1e-2_lr5e-4_ep400/enc_seed3407_clnet_transnet_dec_seed42_transnet_transnet,2026,3407,crnet,clnet,transnet,transnet,gated_lowrank_affine_mlp,gated_lowrank_affine_mlp
100000,0.9992237091064453,0.0005028077284805477,0.9812086224555969,0.9983444213867188,0.9993368983268738,0.9997340440750122,0.00011766226816689596,0.22649061679840088,adapter/aux_pca_1e-2_code_mean1e-4_cov1e-4/gated_lowrank_affine_mlp,aux_pca_1e-2_code_mean1e-4_cov1e-4,adapter/aux_pca_1e-2_code_mean1e-4_cov1e-4/gated_lowrank_affine_mlp/rank32_hidden2048_gate0.1_code1e-3_fc1e-2_lr5e-4_ep100/enc_seed2026_crnet_transnet_dec_seed42_transnet_transnet,adapter/aux_pca_1e-2_code_mean1e-4_cov1e-4/gated_lowrank_affine_mlp/rank32_hidden2048_gate0.1_code1e-3_fc1e-2_lr5e-4_ep400/enc_seed3407_crnet_transnet_dec_seed42_transnet_transnet,2026,3407,crnet,crnet,transnet,transnet,gated_lowrank_affine_mlp,gated_lowrank_affine_mlp
100000,0.9968964457511902,0.0017180503346025944,0.9623194336891174,0.9937804937362671,0.997204601764679,0.9989997744560242,0.00045347068225964904,0.45133092999458313,adapter/aux_pca_1e-2_code_mean1e-4_cov1e-4/gated_lowrank_affine_mlp,aux_pca_1e-2_code_mean1e-4_cov1e-4,adapter/aux_pca_1e-2_code_mean1e-4_cov1e-4/gated_lowrank_affine_mlp/rank32_hidden2048_gate0.1_code1e-3_fc1e-2_lr5e-4_ep100/enc_seed2026_crnet_transnet_dec_seed42_transnet_transnet,adapter/aux_pca_1e-2_code_mean1e-4_cov1e-4/gated_lowrank_affine_mlp/rank32_hidden2048_gate0.1_code1e-3_fc1e-2_lr5e-4_ep400/enc_seed3407_csinet_transnet_dec_seed42_transnet_transnet,2026,3407,crnet,csinet,transnet,transnet,gated_lowrank_affine_mlp,gated_lowrank_affine_mlp
100000,0.9997607469558716,0.0002043653657892719,0.9876184463500977,0.9994385838508606,0.9998095035552979,0.9999350309371948,3.887001730618067e-05,0.1265970915555954,adapter/aux_pca_1e-2_code_mean1e-4_cov1e-4/gated_lowrank_affine_mlp,aux_pca_1e-2_code_mean1e-4_cov1e-4,adapter/aux_pca_1e-2_code_mean1e-4_cov1e-4/gated_lowrank_affine_mlp/rank32_hidden2048_gate0.1_code1e-3_fc1e-2_lr5e-4_ep100/enc_seed2026_crnet_transnet_dec_seed42_transnet_transnet,adapter/aux_pca_1e-2_code_mean1e-4_cov1e-4/gated_lowrank_affine_mlp/rank32_hidden2048_gate0.1_code1e-3_fc1e-2_lr5e-4_ep400/enc_seed3407_dec_seed42,2026,3407,crnet,transnet,transnet,transnet,gated_lowrank_affine_mlp,gated_lowrank_affine_mlp
100000,0.9997607469558716,0.0002043653657892719,0.9876184463500977,0.9994385838508606,0.9998095035552979,0.9999350309371948,3.887001730618067e-05,0.1265970915555954,adapter/aux_pca_1e-2_code_mean1e-4_cov1e-4/gated_lowrank_affine_mlp,aux_pca_1e-2_code_mean1e-4_cov1e-4,adapter/aux_pca_1e-2_code_mean1e-4_cov1e-4/gated_lowrank_affine_mlp/rank32_hidden2048_gate0.1_code1e-3_fc1e-2_lr5e-4_ep100/enc_seed2026_crnet_transnet_dec_seed42_transnet_transnet,adapter/aux_pca_1e-2_code_mean1e-4_cov1e-4/gated_lowrank_affine_mlp/rank32_hidden2048_gate0.1_code1e-3_fc1e-2_lr5e-4_ep400/enc_seed3407_transnet_transnet_dec_seed42_transnet_transnet,2026,3407,crnet,transnet,transnet,transnet,gated_lowrank_affine_mlp,gated_lowrank_affine_mlp
100000,0.9996322989463806,0.00029645420727320015,0.9868300557136536,0.9991481304168701,0.9997060298919678,0.9998878836631775,5.581803634413518e-05,0.15763768553733826,adapter/aux_pca_1e-2_code_mean1e-4_cov1e-4/gated_lowrank_affine_mlp,aux_pca_1e-2_code_mean1e-4_cov1e-4,adapter/aux_pca_1e-2_code_mean1e-4_cov1e-4/gated_lowrank_affine_mlp/rank32_hidden2048_gate0.1_code1e-3_fc1e-2_lr5e-4_ep100/enc_seed2026_crnet_transnet_dec_seed42_transnet_transnet,adapter/aux_pca_1e-2_code_mean1e-4_cov1e-4/gated_lowrank_affine_mlp/rank32_hidden2048_gate0.1_code1e-3_fc1e-2_lr5e-4_ep400/enc_seed42_clnet_transnet_dec_seed42_transnet_transnet,2026,42,crnet,clnet,transnet,transnet,gated_lowrank_affine_mlp,gated_lowrank_affine_mlp
100000,0.9988928437232971,0.0007363059557974339,0.9754223823547363,0.9976083040237427,0.9990536570549011,0.9996675252914429,0.00016541947843506932,0.26873210072517395,adapter/aux_pca_1e-2_code_mean1e-4_cov1e-4/gated_lowrank_affine_mlp,aux_pca_1e-2_code_mean1e-4_cov1e-4,adapter/aux_pca_1e-2_code_mean1e-4_cov1e-4/gated_lowrank_affine_mlp/rank32_hidden2048_gate0.1_code1e-3_fc1e-2_lr5e-4_ep100/enc_seed2026_crnet_transnet_dec_seed42_transnet_transnet,adapter/aux_pca_1e-2_code_mean1e-4_cov1e-4/gated_lowrank_affine_mlp/rank32_hidden2048_gate0.1_code1e-3_fc1e-2_lr5e-4_ep400/enc_seed42_crnet_transnet_dec_seed42_transnet_transnet,2026,42,crnet,crnet,transnet,transnet,gated_lowrank_affine_mlp,gated_lowrank_affine_mlp
100000,0.9991835951805115,0.0008191129891201854,0.9771901965141296,0.9978082180023193,0.9994109869003296,0.9998425245285034,0.00013703071454074234,0.23013663291931152,adapter/aux_pca_1e-2_code_mean1e-4_cov1e-4/gated_lowrank_affine_mlp,aux_pca_1e-2_code_mean1e-4_cov1e-4,adapter/aux_pca_1e-2_code_mean1e-4_cov1e-4/gated_lowrank_affine_mlp/rank32_hidden2048_gate0.1_code1e-3_fc1e-2_lr5e-4_ep100/enc_seed2026_crnet_transnet_dec_seed42_transnet_transnet,adapter/aux_pca_1e-2_code_mean1e-4_cov1e-4/gated_lowrank_affine_mlp/rank32_hidden2048_gate0.1_code1e-3_fc1e-2_lr5e-4_ep400/enc_seed42_csinet_transnet_dec_seed42_transnet_transnet,2026,42,crnet,csinet,transnet,transnet,gated_lowrank_affine_mlp,gated_lowrank_affine_mlp
100000,0.9985759258270264,0.0017189064528793097,0.9504871964454651,0.995566189289093,0.9991204738616943,0.9998138546943665,0.00021925040346104652,0.2893560230731964,adapter/aux_pca_1e-2_code_mean1e-4_cov1e-4/gated_lowrank_affine_mlp,aux_pca_1e-2_code_mean1e-4_cov1e-4,adapter/aux_pca_1e-2_code_mean1e-4_cov1e-4/gated_lowrank_affine_mlp/rank32_hidden2048_gate0.1_code1e-3_fc1e-2_lr5e-4_ep100/enc_seed2026_csinet_transnet_dec_seed42_transnet_transnet,adapter/aux_pca_1e-2_code_mean1e-4_cov1e-4/gated_lowrank_affine_mlp/rank32_hidden2048_gate0.1_code1e-3_fc1e-2_lr5e-4_ep100/enc_seed2026_transnet_transnet_dec_seed42_transnet_transnet,2026,2026,csinet,transnet,transnet,transnet,gated_lowrank_affine_mlp,gated_lowrank_affine_mlp
100000,0.9981699585914612,0.0019689793698489666,0.9493531584739685,0.9946497082710266,0.9987736940383911,0.9997044205665588,0.0002985397295560688,0.341314435005188,adapter/aux_pca_1e-2_code_mean1e-4_cov1e-4/gated_lowrank_affine_mlp,aux_pca_1e-2_code_mean1e-4_cov1e-4,adapter/aux_pca_1e-2_code_mean1e-4_cov1e-4/gated_lowrank_affine_mlp/rank32_hidden2048_gate0.1_code1e-3_fc1e-2_lr5e-4_ep100/enc_seed2026_csinet_transnet_dec_seed42_transnet_transnet,adapter/aux_pca_1e-2_code_mean1e-4_cov1e-4/gated_lowrank_affine_mlp/rank32_hidden2048_gate0.1_code1e-3_fc1e-2_lr5e-4_ep100/enc_seed3407_clnet_transnet_dec_seed42_transnet_transnet,2026,3407,csinet,clnet,transnet,transnet,gated_lowrank_affine_mlp,gated_lowrank_affine_mlp
100000,0.9980368614196777,0.001829054905101657,0.951058030128479,0.9948192238807678,0.998558759689331,0.9995545744895935,0.00028678684611804783,0.3459891378879547,adapter/aux_pca_1e-2_code_mean1e-4_cov1e-4/gated_lowrank_affine_mlp,aux_pca_1e-2_code_mean1e-4_cov1e-4,adapter/aux_pca_1e-2_code_mean1e-4_cov1e-4/gated_lowrank_affine_mlp/rank32_hidden2048_gate0.1_code1e-3_fc1e-2_lr5e-4_ep100/enc_seed2026_csinet_transnet_dec_seed42_transnet_transnet,adapter/aux_pca_1e-2_code_mean1e-4_cov1e-4/gated_lowrank_affine_mlp/rank32_hidden2048_gate0.1_code1e-3_fc1e-2_lr5e-4_ep100/enc_seed3407_crnet_transnet_dec_seed42_transnet_transnet,2026,3407,csinet,crnet,transnet,transnet,gated_lowrank_affine_mlp,gated_lowrank_affine_mlp
100000,0.9923030734062195,0.004933695774525404,0.9133248329162598,0.9832441210746765,0.9933838248252869,0.9978238940238953,0.0011474807979539037,0.708722710609436,adapter/aux_pca_1e-2_code_mean1e-4_cov1e-4/gated_lowrank_affine_mlp,aux_pca_1e-2_code_mean1e-4_cov1e-4,adapter/aux_pca_1e-2_code_mean1e-4_cov1e-4/gated_lowrank_affine_mlp/rank32_hidden2048_gate0.1_code1e-3_fc1e-2_lr5e-4_ep100/enc_seed2026_csinet_transnet_dec_seed42_transnet_transnet,adapter/aux_pca_1e-2_code_mean1e-4_cov1e-4/gated_lowrank_affine_mlp/rank32_hidden2048_gate0.1_code1e-3_fc1e-2_lr5e-4_ep100/enc_seed3407_csinet_transnet_dec_seed42_transnet_transnet,2026,3407,csinet,csinet,transnet,transnet,gated_lowrank_affine_mlp,gated_lowrank_affine_mlp
100000,0.9985829591751099,0.0017298271413892508,0.9502989053726196,0.9955450296401978,0.9991332292556763,0.9998241662979126,0.00022219771926756948,0.29016220569610596,adapter/aux_pca_1e-2_code_mean1e-4_cov1e-4/gated_lowrank_affine_mlp,aux_pca_1e-2_code_mean1e-4_cov1e-4,adapter/aux_pca_1e-2_code_mean1e-4_cov1e-4/gated_lowrank_affine_mlp/rank32_hidden2048_gate0.1_code1e-3_fc1e-2_lr5e-4_ep100/enc_seed2026_csinet_transnet_dec_seed42_transnet_transnet,adapter/aux_pca_1e-2_code_mean1e-4_cov1e-4/gated_lowrank_affine_mlp/rank32_hidden2048_gate0.1_code1e-3_fc1e-2_lr5e-4_ep100/enc_seed3407_transnet_transnet_dec_seed42_transnet_transnet,2026,3407,csinet,transnet,transnet,transnet,gated_lowrank_affine_mlp,gated_lowrank_affine_mlp
100000,0.9979345202445984,0.0021353799384087324,0.9494044780731201,0.9941084980964661,0.9985840320587158,0.9996228218078613,0.0003409164783079177,0.36639201641082764,adapter/aux_pca_1e-2_code_mean1e-4_cov1e-4/gated_lowrank_affine_mlp,aux_pca_1e-2_code_mean1e-4_cov1e-4,adapter/aux_pca_1e-2_code_mean1e-4_cov1e-4/gated_lowrank_affine_mlp/rank32_hidden2048_gate0.1_code1e-3_fc1e-2_lr5e-4_ep100/enc_seed2026_csinet_transnet_dec_seed42_transnet_transnet,adapter/aux_pca_1e-2_code_mean1e-4_cov1e-4/gated_lowrank_affine_mlp/rank32_hidden2048_gate0.1_code1e-3_fc1e-2_lr5e-4_ep100/enc_seed42_clnet_transnet_dec_seed42_transnet_transnet,2026,42,csinet,clnet,transnet,transnet,gated_lowrank_affine_mlp,gated_lowrank_affine_mlp
100000,0.9976119995117188,0.0021218485198915005,0.9477177858352661,0.9938715100288391,0.99820476770401,0.9994341135025024,0.0003500189050100744,0.3833838105201721,adapter/aux_pca_1e-2_code_mean1e-4_cov1e-4/gated_lowrank_affine_mlp,aux_pca_1e-2_code_mean1e-4_cov1e-4,adapter/aux_pca_1e-2_code_mean1e-4_cov1e-4/gated_lowrank_affine_mlp/rank32_hidden2048_gate0.1_code1e-3_fc1e-2_lr5e-4_ep100/enc_seed2026_csinet_transnet_dec_seed42_transnet_transnet,adapter/aux_pca_1e-2_code_mean1e-4_cov1e-4/gated_lowrank_affine_mlp/rank32_hidden2048_gate0.1_code1e-3_fc1e-2_lr5e-4_ep100/enc_seed42_crnet_transnet_dec_seed42_transnet_transnet,2026,42,csinet,crnet,transnet,transnet,gated_lowrank_affine_mlp,gated_lowrank_affine_mlp
100000,0.9986221790313721,0.0015862660948187113,0.9519492983818054,0.9959401488304138,0.9990993738174438,0.9997649192810059,0.0002089794143103063,0.2852453887462616,adapter/aux_pca_1e-2_code_mean1e-4_cov1e-4/gated_lowrank_affine_mlp,aux_pca_1e-2_code_mean1e-4_cov1e-4,adapter/aux_pca_1e-2_code_mean1e-4_cov1e-4/gated_lowrank_affine_mlp/rank32_hidden2048_gate0.1_code1e-3_fc1e-2_lr5e-4_ep100/enc_seed2026_csinet_transnet_dec_seed42_transnet_transnet,adapter/aux_pca_1e-2_code_mean1e-4_cov1e-4/gated_lowrank_affine_mlp/rank32_hidden2048_gate0.1_code1e-3_fc1e-2_lr5e-4_ep100/enc_seed42_csinet_transnet_dec_seed42_transnet_transnet,2026,42,csinet,csinet,transnet,transnet,gated_lowrank_affine_mlp,gated_lowrank_affine_mlp
100000,0.9984851479530334,0.0017631454393267632,0.9504036903381348,0.9953885078430176,0.9990397691726685,0.9997791647911072,0.00024340179516002536,0.30535638332366943,adapter/aux_pca_1e-2_code_mean1e-4_cov1e-4/gated_lowrank_affine_mlp,aux_pca_1e-2_code_mean1e-4_cov1e-4,adapter/aux_pca_1e-2_code_mean1e-4_cov1e-4/gated_lowrank_affine_mlp/rank32_hidden2048_gate0.1_code1e-3_fc1e-2_lr5e-4_ep100/enc_seed2026_csinet_transnet_dec_seed42_transnet_transnet,adapter/aux_pca_1e-2_code_mean1e-4_cov1e-4/gated_lowrank_affine_mlp/rank32_hidden2048_gate0.1_code1e-3_fc1e-2_lr5e-4_ep400/enc_seed2026_clnet_transnet_dec_seed42_transnet_transnet,2026,2026,csinet,clnet,transnet,transnet,gated_lowrank_affine_mlp,gated_lowrank_affine_mlp
100000,0.9984942674636841,0.00176608981564641,0.949942409992218,0.9953853487968445,0.9990488290786743,0.9997896552085876,0.00024111334641929716,0.30480438470840454,adapter/aux_pca_1e-2_code_mean1e-4_cov1e-4/gated_lowrank_affine_mlp,aux_pca_1e-2_code_mean1e-4_cov1e-4,adapter/aux_pca_1e-2_code_mean1e-4_cov1e-4/gated_lowrank_affine_mlp/rank32_hidden2048_gate0.1_code1e-3_fc1e-2_lr5e-4_ep100/enc_seed2026_csinet_transnet_dec_seed42_transnet_transnet,adapter/aux_pca_1e-2_code_mean1e-4_cov1e-4/gated_lowrank_affine_mlp/rank32_hidden2048_gate0.1_code1e-3_fc1e-2_lr5e-4_ep400/enc_seed2026_crnet_transnet_dec_seed42_transnet_transnet,2026,2026,csinet,crnet,transnet,transnet,gated_lowrank_affine_mlp,gated_lowrank_affine_mlp
100000,0.9992156028747559,0.001003374345600605,0.9739680290222168,0.9976104497909546,0.9995242357254028,0.9998260736465454,0.00011231823009438813,0.21186214685440063,adapter/aux_pca_1e-2_code_mean1e-4_cov1e-4/gated_lowrank_affine_mlp,aux_pca_1e-2_code_mean1e-4_cov1e-4,adapter/aux_pca_1e-2_code_mean1e-4_cov1e-4/gated_lowrank_affine_mlp/rank32_hidden2048_gate0.1_code1e-3_fc1e-2_lr5e-4_ep100/enc_seed2026_csinet_transnet_dec_seed42_transnet_transnet,adapter/aux_pca_1e-2_code_mean1e-4_cov1e-4/gated_lowrank_affine_mlp/rank32_hidden2048_gate0.1_code1e-3_fc1e-2_lr5e-4_ep400/enc_seed2026_csinet_transnet_dec_seed42_transnet_transnet,2026,2026,csinet,csinet,transnet,transnet,gated_lowrank_affine_mlp,gated_lowrank_affine_mlp
100000,0.9985777735710144,0.0017185158794745803,0.9504857659339905,0.995568573474884,0.9991227388381958,0.9998149871826172,0.00021898704289924353,0.28910064697265625,adapter/aux_pca_1e-2_code_mean1e-4_cov1e-4/gated_lowrank_affine_mlp,aux_pca_1e-2_code_mean1e-4_cov1e-4,adapter/aux_pca_1e-2_code_mean1e-4_cov1e-4/gated_lowrank_affine_mlp/rank32_hidden2048_gate0.1_code1e-3_fc1e-2_lr5e-4_ep100/enc_seed2026_csinet_transnet_dec_seed42_transnet_transnet,adapter/aux_pca_1e-2_code_mean1e-4_cov1e-4/gated_lowrank_affine_mlp/rank32_hidden2048_gate0.1_code1e-3_fc1e-2_lr5e-4_ep400/enc_seed2026_transnet_transnet_dec_seed42_transnet_transnet,2026,2026,csinet,transnet,transnet,transnet,gated_lowrank_affine_mlp,gated_lowrank_affine_mlp
100000,0.998492956161499,0.0017629595240578055,0.9506999850273132,0.9954132437705994,0.9990465641021729,0.9997837543487549,0.00024224263324867934,0.3040803074836731,adapter/aux_pca_1e-2_code_mean1e-4_cov1e-4/gated_lowrank_affine_mlp,aux_pca_1e-2_code_mean1e-4_cov1e-4,adapter/aux_pca_1e-2_code_mean1e-4_cov1e-4/gated_lowrank_affine_mlp/rank32_hidden2048_gate0.1_code1e-3_fc1e-2_lr5e-4_ep100/enc_seed2026_csinet_transnet_dec_seed42_transnet_transnet,adapter/aux_pca_1e-2_code_mean1e-4_cov1e-4/gated_lowrank_affine_mlp/rank32_hidden2048_gate0.1_code1e-3_fc1e-2_lr5e-4_ep400/enc_seed3407_clnet_transnet_dec_seed42_transnet_transnet,2026,3407,csinet,clnet,transnet,transnet,gated_lowrank_affine_mlp,gated_lowrank_affine_mlp
100000,0.998149037361145,0.0018365251598879695,0.9506857991218567,0.9949175715446472,0.9986934661865234,0.9996142983436584,0.00027653915458358824,0.3369394540786743,adapter/aux_pca_1e-2_code_mean1e-4_cov1e-4/gated_lowrank_affine_mlp,aux_pca_1e-2_code_mean1e-4_cov1e-4,adapter/aux_pca_1e-2_code_mean1e-4_cov1e-4/gated_lowrank_affine_mlp/rank32_hidden2048_gate0.1_code1e-3_fc1e-2_lr5e-4_ep100/enc_seed2026_csinet_transnet_dec_seed42_transnet_transnet,adapter/aux_pca_1e-2_code_mean1e-4_cov1e-4/gated_lowrank_affine_mlp/rank32_hidden2048_gate0.1_code1e-3_fc1e-2_lr5e-4_ep400/enc_seed3407_crnet_transnet_dec_seed42_transnet_transnet,2026,3407,csinet,crnet,transnet,transnet,gated_lowrank_affine_mlp,gated_lowrank_affine_mlp
100000,0.9959897994995117,0.002627474255859852,0.9446045756340027,0.991265594959259,0.996567964553833,0.9988152980804443,0.000594438286498189,0.5112768411636353,adapter/aux_pca_1e-2_code_mean1e-4_cov1e-4/gated_lowrank_affine_mlp,aux_pca_1e-2_code_mean1e-4_cov1e-4,adapter/aux_pca_1e-2_code_mean1e-4_cov1e-4/gated_lowrank_affine_mlp/rank32_hidden2048_gate0.1_code1e-3_fc1e-2_lr5e-4_ep100/enc_seed2026_csinet_transnet_dec_seed42_transnet_transnet,adapter/aux_pca_1e-2_code_mean1e-4_cov1e-4/gated_lowrank_affine_mlp/rank32_hidden2048_gate0.1_code1e-3_fc1e-2_lr5e-4_ep400/enc_seed3407_csinet_transnet_dec_seed42_transnet_transnet,2026,3407,csinet,csinet,transnet,transnet,gated_lowrank_affine_mlp,gated_lowrank_affine_mlp
100000,0.9985824823379517,0.0017301198095083237,0.9502924084663391,0.9955457448959351,0.9991329312324524,0.9998239278793335,0.0002222521579824388,0.2902024984359741,adapter/aux_pca_1e-2_code_mean1e-4_cov1e-4/gated_lowrank_affine_mlp,aux_pca_1e-2_code_mean1e-4_cov1e-4,adapter/aux_pca_1e-2_code_mean1e-4_cov1e-4/gated_lowrank_affine_mlp/rank32_hidden2048_gate0.1_code1e-3_fc1e-2_lr5e-4_ep100/enc_seed2026_csinet_transnet_dec_seed42_transnet_transnet,adapter/aux_pca_1e-2_code_mean1e-4_cov1e-4/gated_lowrank_affine_mlp/rank32_hidden2048_gate0.1_code1e-3_fc1e-2_lr5e-4_ep400/enc_seed3407_dec_seed42,2026,3407,csinet,transnet,transnet,transnet,gated_lowrank_affine_mlp,gated_lowrank_affine_mlp
100000,0.9985824823379517,0.0017301198095083237,0.9502924084663391,0.9955457448959351,0.9991329312324524,0.9998239278793335,0.0002222521579824388,0.2902024984359741,adapter/aux_pca_1e-2_code_mean1e-4_cov1e-4/gated_lowrank_affine_mlp,aux_pca_1e-2_code_mean1e-4_cov1e-4,adapter/aux_pca_1e-2_code_mean1e-4_cov1e-4/gated_lowrank_affine_mlp/rank32_hidden2048_gate0.1_code1e-3_fc1e-2_lr5e-4_ep100/enc_seed2026_csinet_transnet_dec_seed42_transnet_transnet,adapter/aux_pca_1e-2_code_mean1e-4_cov1e-4/gated_lowrank_affine_mlp/rank32_hidden2048_gate0.1_code1e-3_fc1e-2_lr5e-4_ep400/enc_seed3407_transnet_transnet_dec_seed42_transnet_transnet,2026,3407,csinet,transnet,transnet,transnet,gated_lowrank_affine_mlp,gated_lowrank_affine_mlp
100000,0.998430073261261,0.001786653301678598,0.9508920907974243,0.9952994585037231,0.9989879131317139,0.9997514486312866,0.0002574170648586005,0.3191031813621521,adapter/aux_pca_1e-2_code_mean1e-4_cov1e-4/gated_lowrank_affine_mlp,aux_pca_1e-2_code_mean1e-4_cov1e-4,adapter/aux_pca_1e-2_code_mean1e-4_cov1e-4/gated_lowrank_affine_mlp/rank32_hidden2048_gate0.1_code1e-3_fc1e-2_lr5e-4_ep100/enc_seed2026_csinet_transnet_dec_seed42_transnet_transnet,adapter/aux_pca_1e-2_code_mean1e-4_cov1e-4/gated_lowrank_affine_mlp/rank32_hidden2048_gate0.1_code1e-3_fc1e-2_lr5e-4_ep400/enc_seed42_clnet_transnet_dec_seed42_transnet_transnet,2026,42,csinet,clnet,transnet,transnet,gated_lowrank_affine_mlp,gated_lowrank_affine_mlp
100000,0.9978546500205994,0.0019888391252607107,0.9489523768424988,0.9943299293518066,0.9984221458435059,0.9995365142822266,0.0003163145447615534,0.3636324107646942,adapter/aux_pca_1e-2_code_mean1e-4_cov1e-4/gated_lowrank_affine_mlp,aux_pca_1e-2_code_mean1e-4_cov1e-4,adapter/aux_pca_1e-2_code_mean1e-4_cov1e-4/gated_lowrank_affine_mlp/rank32_hidden2048_gate0.1_code1e-3_fc1e-2_lr5e-4_ep100/enc_seed2026_csinet_transnet_dec_seed42_transnet_transnet,adapter/aux_pca_1e-2_code_mean1e-4_cov1e-4/gated_lowrank_affine_mlp/rank32_hidden2048_gate0.1_code1e-3_fc1e-2_lr5e-4_ep400/enc_seed42_crnet_transnet_dec_seed42_transnet_transnet,2026,42,csinet,crnet,transnet,transnet,gated_lowrank_affine_mlp,gated_lowrank_affine_mlp
100000,0.998430073261261,0.001821711310185492,0.9501444101333618,0.995181143283844,0.9990131855010986,0.9997723698616028,0.00023640799918211997,0.30227893590927124,adapter/aux_pca_1e-2_code_mean1e-4_cov1e-4/gated_lowrank_affine_mlp,aux_pca_1e-2_code_mean1e-4_cov1e-4,adapter/aux_pca_1e-2_code_mean1e-4_cov1e-4/gated_lowrank_affine_mlp/rank32_hidden2048_gate0.1_code1e-3_fc1e-2_lr5e-4_ep100/enc_seed2026_csinet_transnet_dec_seed42_transnet_transnet,adapter/aux_pca_1e-2_code_mean1e-4_cov1e-4/gated_lowrank_affine_mlp/rank32_hidden2048_gate0.1_code1e-3_fc1e-2_lr5e-4_ep400/enc_seed42_csinet_transnet_dec_seed42_transnet_transnet,2026,42,csinet,csinet,transnet,transnet,gated_lowrank_affine_mlp,gated_lowrank_affine_mlp
100000,0.9996854662895203,0.00025514414301142097,0.988753616809845,0.9992874264717102,0.9997435808181763,0.9999092221260071,5.323982622940093e-05,0.14907965064048767,adapter/aux_pca_1e-2_code_mean1e-4_cov1e-4/gated_lowrank_affine_mlp,aux_pca_1e-2_code_mean1e-4_cov1e-4,adapter/aux_pca_1e-2_code_mean1e-4_cov1e-4/gated_lowrank_affine_mlp/rank32_hidden2048_gate0.1_code1e-3_fc1e-2_lr5e-4_ep100/enc_seed2026_transnet_transnet_dec_seed42_transnet_transnet,adapter/aux_pca_1e-2_code_mean1e-4_cov1e-4/gated_lowrank_affine_mlp/rank32_hidden2048_gate0.1_code1e-3_fc1e-2_lr5e-4_ep100/enc_seed3407_clnet_transnet_dec_seed42_transnet_transnet,2026,3407,transnet,clnet,transnet,transnet,gated_lowrank_affine_mlp,gated_lowrank_affine_mlp
100000,0.9992754459381104,0.0004587212752085179,0.9850524663925171,0.9984773397445679,0.9993777275085449,0.999742865562439,0.00010352898971177638,0.21770517528057098,adapter/aux_pca_1e-2_code_mean1e-4_cov1e-4/gated_lowrank_affine_mlp,aux_pca_1e-2_code_mean1e-4_cov1e-4,adapter/aux_pca_1e-2_code_mean1e-4_cov1e-4/gated_lowrank_affine_mlp/rank32_hidden2048_gate0.1_code1e-3_fc1e-2_lr5e-4_ep100/enc_seed2026_transnet_transnet_dec_seed42_transnet_transnet,adapter/aux_pca_1e-2_code_mean1e-4_cov1e-4/gated_lowrank_affine_mlp/rank32_hidden2048_gate0.1_code1e-3_fc1e-2_lr5e-4_ep100/enc_seed3407_crnet_transnet_dec_seed42_transnet_transnet,2026,3407,transnet,crnet,transnet,transnet,gated_lowrank_affine_mlp,gated_lowrank_affine_mlp
100000,0.9935712218284607,0.003923693671822548,0.9165846109390259,0.9863702654838562,0.9943809509277344,0.9981081485748291,0.0009530555689707398,0.6468905210494995,adapter/aux_pca_1e-2_code_mean1e-4_cov1e-4/gated_lowrank_affine_mlp,aux_pca_1e-2_code_mean1e-4_cov1e-4,adapter/aux_pca_1e-2_code_mean1e-4_cov1e-4/gated_lowrank_affine_mlp/rank32_hidden2048_gate0.1_code1e-3_fc1e-2_lr5e-4_ep100/enc_seed2026_transnet_transnet_dec_seed42_transnet_transnet,adapter/aux_pca_1e-2_code_mean1e-4_cov1e-4/gated_lowrank_affine_mlp/rank32_hidden2048_gate0.1_code1e-3_fc1e-2_lr5e-4_ep100/enc_seed3407_csinet_transnet_dec_seed42_transnet_transnet,2026,3407,transnet,csinet,transnet,transnet,gated_lowrank_affine_mlp,gated_lowrank_affine_mlp
100000,0.9999738931655884,1.4057847693038639e-05,0.9996958374977112,0.9999488592147827,0.9999768733978271,0.99998939037323,4.8030956349975895e-06,0.04697434604167938,adapter/aux_pca_1e-2_code_mean1e-4_cov1e-4/gated_lowrank_affine_mlp,aux_pca_1e-2_code_mean1e-4_cov1e-4,adapter/aux_pca_1e-2_code_mean1e-4_cov1e-4/gated_lowrank_affine_mlp/rank32_hidden2048_gate0.1_code1e-3_fc1e-2_lr5e-4_ep100/enc_seed2026_transnet_transnet_dec_seed42_transnet_transnet,adapter/aux_pca_1e-2_code_mean1e-4_cov1e-4/gated_lowrank_affine_mlp/rank32_hidden2048_gate0.1_code1e-3_fc1e-2_lr5e-4_ep100/enc_seed3407_transnet_transnet_dec_seed42_transnet_transnet,2026,3407,transnet,transnet,transnet,transnet,gated_lowrank_affine_mlp,gated_lowrank_affine_mlp
100000,0.999517560005188,0.00037171831354498863,0.989768385887146,0.9989070296287537,0.9996082782745361,0.999849796295166,8.217756840167567e-05,0.18493624031543732,adapter/aux_pca_1e-2_code_mean1e-4_cov1e-4/gated_lowrank_affine_mlp,aux_pca_1e-2_code_mean1e-4_cov1e-4,adapter/aux_pca_1e-2_code_mean1e-4_cov1e-4/gated_lowrank_affine_mlp/rank32_hidden2048_gate0.1_code1e-3_fc1e-2_lr5e-4_ep100/enc_seed2026_transnet_transnet_dec_seed42_transnet_transnet,adapter/aux_pca_1e-2_code_mean1e-4_cov1e-4/gated_lowrank_affine_mlp/rank32_hidden2048_gate0.1_code1e-3_fc1e-2_lr5e-4_ep100/enc_seed42_clnet_transnet_dec_seed42_transnet_transnet,2026,42,transnet,clnet,transnet,transnet,gated_lowrank_affine_mlp,gated_lowrank_affine_mlp
100000,0.9987931251525879,0.0008832638268359005,0.9733937978744507,0.9972834587097168,0.9990054368972778,0.999637246131897,0.0001730404474074021,0.2768232524394989,adapter/aux_pca_1e-2_code_mean1e-4_cov1e-4/gated_lowrank_affine_mlp,aux_pca_1e-2_code_mean1e-4_cov1e-4,adapter/aux_pca_1e-2_code_mean1e-4_cov1e-4/gated_lowrank_affine_mlp/rank32_hidden2048_gate0.1_code1e-3_fc1e-2_lr5e-4_ep100/enc_seed2026_transnet_transnet_dec_seed42_transnet_transnet,adapter/aux_pca_1e-2_code_mean1e-4_cov1e-4/gated_lowrank_affine_mlp/rank32_hidden2048_gate0.1_code1e-3_fc1e-2_lr5e-4_ep100/enc_seed42_crnet_transnet_dec_seed42_transnet_transnet,2026,42,transnet,crnet,transnet,transnet,gated_lowrank_affine_mlp,gated_lowrank_affine_mlp
100000,0.9989147186279297,0.0012702393578365445,0.9603899717330933,0.996641993522644,0.9993252754211426,0.9998482465744019,0.00017168033809866756,0.25733140110969543,adapter/aux_pca_1e-2_code_mean1e-4_cov1e-4/gated_lowrank_affine_mlp,aux_pca_1e-2_code_mean1e-4_cov1e-4,adapter/aux_pca_1e-2_code_mean1e-4_cov1e-4/gated_lowrank_affine_mlp/rank32_hidden2048_gate0.1_code1e-3_fc1e-2_lr5e-4_ep100/enc_seed2026_transnet_transnet_dec_seed42_transnet_transnet,adapter/aux_pca_1e-2_code_mean1e-4_cov1e-4/gated_lowrank_affine_mlp/rank32_hidden2048_gate0.1_code1e-3_fc1e-2_lr5e-4_ep100/enc_seed42_csinet_transnet_dec_seed42_transnet_transnet,2026,42,transnet,csinet,transnet,transnet,gated_lowrank_affine_mlp,gated_lowrank_affine_mlp
100000,0.9998778700828552,9.285697160521522e-05,0.9944601655006409,0.9997375011444092,0.9998989701271057,0.9999554753303528,2.0972107449779287e-05,0.09446004033088684,adapter/aux_pca_1e-2_code_mean1e-4_cov1e-4/gated_lowrank_affine_mlp,aux_pca_1e-2_code_mean1e-4_cov1e-4,adapter/aux_pca_1e-2_code_mean1e-4_cov1e-4/gated_lowrank_affine_mlp/rank32_hidden2048_gate0.1_code1e-3_fc1e-2_lr5e-4_ep100/enc_seed2026_transnet_transnet_dec_seed42_transnet_transnet,adapter/aux_pca_1e-2_code_mean1e-4_cov1e-4/gated_lowrank_affine_mlp/rank32_hidden2048_gate0.1_code1e-3_fc1e-2_lr5e-4_ep400/enc_seed2026_clnet_transnet_dec_seed42_transnet_transnet,2026,2026,transnet,clnet,transnet,transnet,gated_lowrank_affine_mlp,gated_lowrank_affine_mlp
100000,0.9998838901519775,9.401297575095668e-05,0.9957865476608276,0.9997402429580688,0.999906063079834,0.9999624490737915,1.9786381017183885e-05,0.09192013740539551,adapter/aux_pca_1e-2_code_mean1e-4_cov1e-4/gated_lowrank_affine_mlp,aux_pca_1e-2_code_mean1e-4_cov1e-4,adapter/aux_pca_1e-2_code_mean1e-4_cov1e-4/gated_lowrank_affine_mlp/rank32_hidden2048_gate0.1_code1e-3_fc1e-2_lr5e-4_ep100/enc_seed2026_transnet_transnet_dec_seed42_transnet_transnet,adapter/aux_pca_1e-2_code_mean1e-4_cov1e-4/gated_lowrank_affine_mlp/rank32_hidden2048_gate0.1_code1e-3_fc1e-2_lr5e-4_ep400/enc_seed2026_crnet_transnet_dec_seed42_transnet_transnet,2026,2026,transnet,crnet,transnet,transnet,gated_lowrank_affine_mlp,gated_lowrank_affine_mlp
100000,0.999173104763031,0.0009885915787890553,0.9743874073028564,0.9975094795227051,0.9994688034057617,0.9998847246170044,0.00012621305359061807,0.22064390778541565,adapter/aux_pca_1e-2_code_mean1e-4_cov1e-4/gated_lowrank_affine_mlp,aux_pca_1e-2_code_mean1e-4_cov1e-4,adapter/aux_pca_1e-2_code_mean1e-4_cov1e-4/gated_lowrank_affine_mlp/rank32_hidden2048_gate0.1_code1e-3_fc1e-2_lr5e-4_ep100/enc_seed2026_transnet_transnet_dec_seed42_transnet_transnet,adapter/aux_pca_1e-2_code_mean1e-4_cov1e-4/gated_lowrank_affine_mlp/rank32_hidden2048_gate0.1_code1e-3_fc1e-2_lr5e-4_ep400/enc_seed2026_csinet_transnet_dec_seed42_transnet_transnet,2026,2026,transnet,csinet,transnet,transnet,gated_lowrank_affine_mlp,gated_lowrank_affine_mlp
100000,0.9999968409538269,2.3607817638549022e-06,0.9999219179153442,0.9999927282333374,0.9999974966049194,0.9999989867210388,3.9169026422314346e-07,0.013544794172048569,adapter/aux_pca_1e-2_code_mean1e-4_cov1e-4/gated_lowrank_affine_mlp,aux_pca_1e-2_code_mean1e-4_cov1e-4,adapter/aux_pca_1e-2_code_mean1e-4_cov1e-4/gated_lowrank_affine_mlp/rank32_hidden2048_gate0.1_code1e-3_fc1e-2_lr5e-4_ep100/enc_seed2026_transnet_transnet_dec_seed42_transnet_transnet,adapter/aux_pca_1e-2_code_mean1e-4_cov1e-4/gated_lowrank_affine_mlp/rank32_hidden2048_gate0.1_code1e-3_fc1e-2_lr5e-4_ep400/enc_seed2026_transnet_transnet_dec_seed42_transnet_transnet,2026,2026,transnet,transnet,transnet,transnet,gated_lowrank_affine_mlp,gated_lowrank_affine_mlp
100000,0.9998838305473328,8.637402061140165e-05,0.9958294630050659,0.9997507929801941,0.9999039173126221,0.9999572038650513,2.0243964172550477e-05,0.09273800253868103,adapter/aux_pca_1e-2_code_mean1e-4_cov1e-4/gated_lowrank_affine_mlp,aux_pca_1e-2_code_mean1e-4_cov1e-4,adapter/aux_pca_1e-2_code_mean1e-4_cov1e-4/gated_lowrank_affine_mlp/rank32_hidden2048_gate0.1_code1e-3_fc1e-2_lr5e-4_ep100/enc_seed2026_transnet_transnet_dec_seed42_transnet_transnet,adapter/aux_pca_1e-2_code_mean1e-4_cov1e-4/gated_lowrank_affine_mlp/rank32_hidden2048_gate0.1_code1e-3_fc1e-2_lr5e-4_ep400/enc_seed3407_clnet_transnet_dec_seed42_transnet_transnet,2026,3407,transnet,clnet,transnet,transnet,gated_lowrank_affine_mlp,gated_lowrank_affine_mlp
100000,0.99945467710495,0.0003723197733052075,0.9870027899742126,0.998840868473053,0.9995414614677429,0.999804675579071,7.621559780091047e-05,0.18611575663089752,adapter/aux_pca_1e-2_code_mean1e-4_cov1e-4/gated_lowrank_affine_mlp,aux_pca_1e-2_code_mean1e-4_cov1e-4,adapter/aux_pca_1e-2_code_mean1e-4_cov1e-4/gated_lowrank_affine_mlp/rank32_hidden2048_gate0.1_code1e-3_fc1e-2_lr5e-4_ep100/enc_seed2026_transnet_transnet_dec_seed42_transnet_transnet,adapter/aux_pca_1e-2_code_mean1e-4_cov1e-4/gated_lowrank_affine_mlp/rank32_hidden2048_gate0.1_code1e-3_fc1e-2_lr5e-4_ep400/enc_seed3407_crnet_transnet_dec_seed42_transnet_transnet,2026,3407,transnet,crnet,transnet,transnet,gated_lowrank_affine_mlp,gated_lowrank_affine_mlp
100000,0.9970942139625549,0.0015958729200065136,0.9633637070655823,0.9942077398300171,0.9973756074905396,0.9990559220314026,0.00042264891089871526,0.4364742934703827,adapter/aux_pca_1e-2_code_mean1e-4_cov1e-4/gated_lowrank_affine_mlp,aux_pca_1e-2_code_mean1e-4_cov1e-4,adapter/aux_pca_1e-2_code_mean1e-4_cov1e-4/gated_lowrank_affine_mlp/rank32_hidden2048_gate0.1_code1e-3_fc1e-2_lr5e-4_ep100/enc_seed2026_transnet_transnet_dec_seed42_transnet_transnet,adapter/aux_pca_1e-2_code_mean1e-4_cov1e-4/gated_lowrank_affine_mlp/rank32_hidden2048_gate0.1_code1e-3_fc1e-2_lr5e-4_ep400/enc_seed3407_csinet_transnet_dec_seed42_transnet_transnet,2026,3407,transnet,csinet,transnet,transnet,gated_lowrank_affine_mlp,gated_lowrank_affine_mlp
100000,0.999973714351654,1.4106502021604683e-05,0.9996973276138306,0.9999485015869141,0.9999766945838928,0.9999892711639404,4.823827566724503e-06,0.047102734446525574,adapter/aux_pca_1e-2_code_mean1e-4_cov1e-4/gated_lowrank_affine_mlp,aux_pca_1e-2_code_mean1e-4_cov1e-4,adapter/aux_pca_1e-2_code_mean1e-4_cov1e-4/gated_lowrank_affine_mlp/rank32_hidden2048_gate0.1_code1e-3_fc1e-2_lr5e-4_ep100/enc_seed2026_transnet_transnet_dec_seed42_transnet_transnet,adapter/aux_pca_1e-2_code_mean1e-4_cov1e-4/gated_lowrank_affine_mlp/rank32_hidden2048_gate0.1_code1e-3_fc1e-2_lr5e-4_ep400/enc_seed3407_dec_seed42,2026,3407,transnet,transnet,transnet,transnet,gated_lowrank_affine_mlp,gated_lowrank_affine_mlp
100000,0.999973714351654,1.4106502021604683e-05,0.9996973276138306,0.9999485015869141,0.9999766945838928,0.9999892711639404,4.823827566724503e-06,0.047102734446525574,adapter/aux_pca_1e-2_code_mean1e-4_cov1e-4/gated_lowrank_affine_mlp,aux_pca_1e-2_code_mean1e-4_cov1e-4,adapter/aux_pca_1e-2_code_mean1e-4_cov1e-4/gated_lowrank_affine_mlp/rank32_hidden2048_gate0.1_code1e-3_fc1e-2_lr5e-4_ep100/enc_seed2026_transnet_transnet_dec_seed42_transnet_transnet,adapter/aux_pca_1e-2_code_mean1e-4_cov1e-4/gated_lowrank_affine_mlp/rank32_hidden2048_gate0.1_code1e-3_fc1e-2_lr5e-4_ep400/enc_seed3407_transnet_transnet_dec_seed42_transnet_transnet,2026,3407,transnet,transnet,transnet,transnet,gated_lowrank_affine_mlp,gated_lowrank_affine_mlp
100000,0.9998283982276917,0.0001293737586820498,0.9938058853149414,0.9996300339698792,0.999859094619751,0.9999349117279053,3.0580442398786545e-05,0.11680133640766144,adapter/aux_pca_1e-2_code_mean1e-4_cov1e-4/gated_lowrank_affine_mlp,aux_pca_1e-2_code_mean1e-4_cov1e-4,adapter/aux_pca_1e-2_code_mean1e-4_cov1e-4/gated_lowrank_affine_mlp/rank32_hidden2048_gate0.1_code1e-3_fc1e-2_lr5e-4_ep100/enc_seed2026_transnet_transnet_dec_seed42_transnet_transnet,adapter/aux_pca_1e-2_code_mean1e-4_cov1e-4/gated_lowrank_affine_mlp/rank32_hidden2048_gate0.1_code1e-3_fc1e-2_lr5e-4_ep400/enc_seed42_clnet_transnet_dec_seed42_transnet_transnet,2026,42,transnet,clnet,transnet,transnet,gated_lowrank_affine_mlp,gated_lowrank_affine_mlp
100000,0.999119758605957,0.0006197478505782783,0.9751877784729004,0.9980549812316895,0.9992622137069702,0.9997357130050659,0.00012347094889264554,0.23470447957515717,adapter/aux_pca_1e-2_code_mean1e-4_cov1e-4/gated_lowrank_affine_mlp,aux_pca_1e-2_code_mean1e-4_cov1e-4,adapter/aux_pca_1e-2_code_mean1e-4_cov1e-4/gated_lowrank_affine_mlp/rank32_hidden2048_gate0.1_code1e-3_fc1e-2_lr5e-4_ep100/enc_seed2026_transnet_transnet_dec_seed42_transnet_transnet,adapter/aux_pca_1e-2_code_mean1e-4_cov1e-4/gated_lowrank_affine_mlp/rank32_hidden2048_gate0.1_code1e-3_fc1e-2_lr5e-4_ep400/enc_seed42_crnet_transnet_dec_seed42_transnet_transnet,2026,42,transnet,crnet,transnet,transnet,gated_lowrank_affine_mlp,gated_lowrank_affine_mlp
100000,0.9994359016418457,0.0006952412659302354,0.9782867431640625,0.9983620643615723,0.9996346831321716,0.9999105930328369,8.884733688319102e-05,0.18274949491024017,adapter/aux_pca_1e-2_code_mean1e-4_cov1e-4/gated_lowrank_affine_mlp,aux_pca_1e-2_code_mean1e-4_cov1e-4,adapter/aux_pca_1e-2_code_mean1e-4_cov1e-4/gated_lowrank_affine_mlp/rank32_hidden2048_gate0.1_code1e-3_fc1e-2_lr5e-4_ep100/enc_seed2026_transnet_transnet_dec_seed42_transnet_transnet,adapter/aux_pca_1e-2_code_mean1e-4_cov1e-4/gated_lowrank_affine_mlp/rank32_hidden2048_gate0.1_code1e-3_fc1e-2_lr5e-4_ep400/enc_seed42_csinet_transnet_dec_seed42_transnet_transnet,2026,42,transnet,csinet,transnet,transnet,gated_lowrank_affine_mlp,gated_lowrank_affine_mlp
100000,0.9989574551582336,0.0006542596383951604,0.9806682467460632,0.9977998733520508,0.9991027116775513,0.9996441006660461,0.00016406657232437283,0.26780128479003906,adapter/aux_pca_1e-2_code_mean1e-4_cov1e-4/gated_lowrank_affine_mlp,aux_pca_1e-2_code_mean1e-4_cov1e-4,adapter/aux_pca_1e-2_code_mean1e-4_cov1e-4/gated_lowrank_affine_mlp/rank32_hidden2048_gate0.1_code1e-3_fc1e-2_lr5e-4_ep100/enc_seed3407_clnet_transnet_dec_seed42_transnet_transnet,adapter/aux_pca_1e-2_code_mean1e-4_cov1e-4/gated_lowrank_affine_mlp/rank32_hidden2048_gate0.1_code1e-3_fc1e-2_lr5e-4_ep100/enc_seed3407_crnet_transnet_dec_seed42_transnet_transnet,3407,3407,clnet,crnet,transnet,transnet,gated_lowrank_affine_mlp,gated_lowrank_affine_mlp
100000,0.9933562278747559,0.004045245703309774,0.9121657609939575,0.9859226942062378,0.994188666343689,0.9980347156524658,0.000985276186838746,0.6570209860801697,adapter/aux_pca_1e-2_code_mean1e-4_cov1e-4/gated_lowrank_affine_mlp,aux_pca_1e-2_code_mean1e-4_cov1e-4,adapter/aux_pca_1e-2_code_mean1e-4_cov1e-4/gated_lowrank_affine_mlp/rank32_hidden2048_gate0.1_code1e-3_fc1e-2_lr5e-4_ep100/enc_seed3407_clnet_transnet_dec_seed42_transnet_transnet,adapter/aux_pca_1e-2_code_mean1e-4_cov1e-4/gated_lowrank_affine_mlp/rank32_hidden2048_gate0.1_code1e-3_fc1e-2_lr5e-4_ep100/enc_seed3407_csinet_transnet_dec_seed42_transnet_transnet,3407,3407,clnet,csinet,transnet,transnet,gated_lowrank_affine_mlp,gated_lowrank_affine_mlp
100000,0.9996940493583679,0.0002588099450804293,0.9889084696769714,0.9992949366569519,0.9997532367706299,0.9999176263809204,4.877556784776971e-05,0.1431833803653717,adapter/aux_pca_1e-2_code_mean1e-4_cov1e-4/gated_lowrank_affine_mlp,aux_pca_1e-2_code_mean1e-4_cov1e-4,adapter/aux_pca_1e-2_code_mean1e-4_cov1e-4/gated_lowrank_affine_mlp/rank32_hidden2048_gate0.1_code1e-3_fc1e-2_lr5e-4_ep100/enc_seed3407_clnet_transnet_dec_seed42_transnet_transnet,adapter/aux_pca_1e-2_code_mean1e-4_cov1e-4/gated_lowrank_affine_mlp/rank32_hidden2048_gate0.1_code1e-3_fc1e-2_lr5e-4_ep100/enc_seed3407_transnet_transnet_dec_seed42_transnet_transnet,3407,3407,clnet,transnet,transnet,transnet,gated_lowrank_affine_mlp,gated_lowrank_affine_mlp
100000,0.9993705749511719,0.00048625445924699306,0.9860627055168152,0.9985703229904175,0.9994885325431824,0.9998118877410889,9.142401540884748e-05,0.20041565597057343,adapter/aux_pca_1e-2_code_mean1e-4_cov1e-4/gated_lowrank_affine_mlp,aux_pca_1e-2_code_mean1e-4_cov1e-4,adapter/aux_pca_1e-2_code_mean1e-4_cov1e-4/gated_lowrank_affine_mlp/rank32_hidden2048_gate0.1_code1e-3_fc1e-2_lr5e-4_ep100/enc_seed3407_clnet_transnet_dec_seed42_transnet_transnet,adapter/aux_pca_1e-2_code_mean1e-4_cov1e-4/gated_lowrank_affine_mlp/rank32_hidden2048_gate0.1_code1e-3_fc1e-2_lr5e-4_ep100/enc_seed42_clnet_transnet_dec_seed42_transnet_transnet,3407,42,clnet,clnet,transnet,transnet,gated_lowrank_affine_mlp,gated_lowrank_affine_mlp
100000,0.998475968837738,0.0010490951826795936,0.9736694693565369,0.9966328740119934,0.9987201690673828,0.9995383024215698,0.00023078791855368763,0.3184441924095154,adapter/aux_pca_1e-2_code_mean1e-4_cov1e-4/gated_lowrank_affine_mlp,aux_pca_1e-2_code_mean1e-4_cov1e-4,adapter/aux_pca_1e-2_code_mean1e-4_cov1e-4/gated_lowrank_affine_mlp/rank32_hidden2048_gate0.1_code1e-3_fc1e-2_lr5e-4_ep100/enc_seed3407_clnet_transnet_dec_seed42_transnet_transnet,adapter/aux_pca_1e-2_code_mean1e-4_cov1e-4/gated_lowrank_affine_mlp/rank32_hidden2048_gate0.1_code1e-3_fc1e-2_lr5e-4_ep100/enc_seed42_crnet_transnet_dec_seed42_transnet_transnet,3407,42,clnet,crnet,transnet,transnet,gated_lowrank_affine_mlp,gated_lowrank_affine_mlp
100000,0.9984964728355408,0.0015803833957761526,0.9563350677490234,0.9956322908401489,0.9989873766899109,0.9997426271438599,0.00025132804876193404,0.31442347168922424,adapter/aux_pca_1e-2_code_mean1e-4_cov1e-4/gated_lowrank_affine_mlp,aux_pca_1e-2_code_mean1e-4_cov1e-4,adapter/aux_pca_1e-2_code_mean1e-4_cov1e-4/gated_lowrank_affine_mlp/rank32_hidden2048_gate0.1_code1e-3_fc1e-2_lr5e-4_ep100/enc_seed3407_clnet_transnet_dec_seed42_transnet_transnet,adapter/aux_pca_1e-2_code_mean1e-4_cov1e-4/gated_lowrank_affine_mlp/rank32_hidden2048_gate0.1_code1e-3_fc1e-2_lr5e-4_ep100/enc_seed42_csinet_transnet_dec_seed42_transnet_transnet,3407,42,clnet,csinet,transnet,transnet,gated_lowrank_affine_mlp,gated_lowrank_affine_mlp
100000,0.9996222257614136,0.0003196927427779883,0.9879570007324219,0.9991173148155212,0.9996985197067261,0.9998946189880371,5.5435819376725703e-05,0.15542666614055634,adapter/aux_pca_1e-2_code_mean1e-4_cov1e-4/gated_lowrank_affine_mlp,aux_pca_1e-2_code_mean1e-4_cov1e-4,adapter/aux_pca_1e-2_code_mean1e-4_cov1e-4/gated_lowrank_affine_mlp/rank32_hidden2048_gate0.1_code1e-3_fc1e-2_lr5e-4_ep100/enc_seed3407_clnet_transnet_dec_seed42_transnet_transnet,adapter/aux_pca_1e-2_code_mean1e-4_cov1e-4/gated_lowrank_affine_mlp/rank32_hidden2048_gate0.1_code1e-3_fc1e-2_lr5e-4_ep400/enc_seed2026_clnet_transnet_dec_seed42_transnet_transnet,3407,2026,clnet,clnet,transnet,transnet,gated_lowrank_affine_mlp,gated_lowrank_affine_mlp
100000,0.9996243715286255,0.00031393341487273574,0.9877045750617981,0.9991251230239868,0.999699592590332,0.9998964667320251,5.573979069595225e-05,0.15503796935081482,adapter/aux_pca_1e-2_code_mean1e-4_cov1e-4/gated_lowrank_affine_mlp,aux_pca_1e-2_code_mean1e-4_cov1e-4,adapter/aux_pca_1e-2_code_mean1e-4_cov1e-4/gated_lowrank_affine_mlp/rank32_hidden2048_gate0.1_code1e-3_fc1e-2_lr5e-4_ep100/enc_seed3407_clnet_transnet_dec_seed42_transnet_transnet,adapter/aux_pca_1e-2_code_mean1e-4_cov1e-4/gated_lowrank_affine_mlp/rank32_hidden2048_gate0.1_code1e-3_fc1e-2_lr5e-4_ep400/enc_seed2026_crnet_transnet_dec_seed42_transnet_transnet,3407,2026,clnet,crnet,transnet,transnet,gated_lowrank_affine_mlp,gated_lowrank_affine_mlp
100000,0.9988582730293274,0.00111847382504493,0.9726400375366211,0.9969087243080139,0.9991692304611206,0.9997901320457458,0.0001805179490474984,0.27002614736557007,adapter/aux_pca_1e-2_code_mean1e-4_cov1e-4/gated_lowrank_affine_mlp,aux_pca_1e-2_code_mean1e-4_cov1e-4,adapter/aux_pca_1e-2_code_mean1e-4_cov1e-4/gated_lowrank_affine_mlp/rank32_hidden2048_gate0.1_code1e-3_fc1e-2_lr5e-4_ep100/enc_seed3407_clnet_transnet_dec_seed42_transnet_transnet,adapter/aux_pca_1e-2_code_mean1e-4_cov1e-4/gated_lowrank_affine_mlp/rank32_hidden2048_gate0.1_code1e-3_fc1e-2_lr5e-4_ep400/enc_seed2026_csinet_transnet_dec_seed42_transnet_transnet,3407,2026,clnet,csinet,transnet,transnet,gated_lowrank_affine_mlp,gated_lowrank_affine_mlp
100000,0.9996852874755859,0.0002563381567597389,0.9887738823890686,0.9992859363555908,0.9997439384460449,0.999909520149231,5.315935777616687e-05,0.14899107813835144,adapter/aux_pca_1e-2_code_mean1e-4_cov1e-4/gated_lowrank_affine_mlp,aux_pca_1e-2_code_mean1e-4_cov1e-4,adapter/aux_pca_1e-2_code_mean1e-4_cov1e-4/gated_lowrank_affine_mlp/rank32_hidden2048_gate0.1_code1e-3_fc1e-2_lr5e-4_ep100/enc_seed3407_clnet_transnet_dec_seed42_transnet_transnet,adapter/aux_pca_1e-2_code_mean1e-4_cov1e-4/gated_lowrank_affine_mlp/rank32_hidden2048_gate0.1_code1e-3_fc1e-2_lr5e-4_ep400/enc_seed2026_transnet_transnet_dec_seed42_transnet_transnet,3407,2026,clnet,transnet,transnet,transnet,gated_lowrank_affine_mlp,gated_lowrank_affine_mlp
100000,0.9997320175170898,0.00024555064737796783,0.9919105768203735,0.9993587136268616,0.9997923374176025,0.9999254941940308,3.941213071811944e-05,0.13018253445625305,adapter/aux_pca_1e-2_code_mean1e-4_cov1e-4/gated_lowrank_affine_mlp,aux_pca_1e-2_code_mean1e-4_cov1e-4,adapter/aux_pca_1e-2_code_mean1e-4_cov1e-4/gated_lowrank_affine_mlp/rank32_hidden2048_gate0.1_code1e-3_fc1e-2_lr5e-4_ep100/enc_seed3407_clnet_transnet_dec_seed42_transnet_transnet,adapter/aux_pca_1e-2_code_mean1e-4_cov1e-4/gated_lowrank_affine_mlp/rank32_hidden2048_gate0.1_code1e-3_fc1e-2_lr5e-4_ep400/enc_seed3407_clnet_transnet_dec_seed42_transnet_transnet,3407,3407,clnet,clnet,transnet,transnet,gated_lowrank_affine_mlp,gated_lowrank_affine_mlp
100000,0.9991510510444641,0.0005448059528134763,0.9786364436149597,0.9982094168663025,0.9992713928222656,0.9997085928916931,0.0001284575992031023,0.23712202906608582,adapter/aux_pca_1e-2_code_mean1e-4_cov1e-4/gated_lowrank_affine_mlp,aux_pca_1e-2_code_mean1e-4_cov1e-4,adapter/aux_pca_1e-2_code_mean1e-4_cov1e-4/gated_lowrank_affine_mlp/rank32_hidden2048_gate0.1_code1e-3_fc1e-2_lr5e-4_ep100/enc_seed3407_clnet_transnet_dec_seed42_transnet_transnet,adapter/aux_pca_1e-2_code_mean1e-4_cov1e-4/gated_lowrank_affine_mlp/rank32_hidden2048_gate0.1_code1e-3_fc1e-2_lr5e-4_ep400/enc_seed3407_crnet_transnet_dec_seed42_transnet_transnet,3407,3407,clnet,crnet,transnet,transnet,gated_lowrank_affine_mlp,gated_lowrank_affine_mlp
100000,0.9968375563621521,0.0017474880442023277,0.9623425602912903,0.9936756491661072,0.9971487522125244,0.9989800453186035,0.0004615868383552879,0.45565518736839294,adapter/aux_pca_1e-2_code_mean1e-4_cov1e-4/gated_lowrank_affine_mlp,aux_pca_1e-2_code_mean1e-4_cov1e-4,adapter/aux_pca_1e-2_code_mean1e-4_cov1e-4/gated_lowrank_affine_mlp/rank32_hidden2048_gate0.1_code1e-3_fc1e-2_lr5e-4_ep100/enc_seed3407_clnet_transnet_dec_seed42_transnet_transnet,adapter/aux_pca_1e-2_code_mean1e-4_cov1e-4/gated_lowrank_affine_mlp/rank32_hidden2048_gate0.1_code1e-3_fc1e-2_lr5e-4_ep400/enc_seed3407_csinet_transnet_dec_seed42_transnet_transnet,3407,3407,clnet,csinet,transnet,transnet,gated_lowrank_affine_mlp,gated_lowrank_affine_mlp
100000,0.9996940493583679,0.00025867490330711007,0.9889042377471924,0.9992956519126892,0.9997532367706299,0.9999176263809204,4.87674587930087e-05,0.1431780755519867,adapter/aux_pca_1e-2_code_mean1e-4_cov1e-4/gated_lowrank_affine_mlp,aux_pca_1e-2_code_mean1e-4_cov1e-4,adapter/aux_pca_1e-2_code_mean1e-4_cov1e-4/gated_lowrank_affine_mlp/rank32_hidden2048_gate0.1_code1e-3_fc1e-2_lr5e-4_ep100/enc_seed3407_clnet_transnet_dec_seed42_transnet_transnet,adapter/aux_pca_1e-2_code_mean1e-4_cov1e-4/gated_lowrank_affine_mlp/rank32_hidden2048_gate0.1_code1e-3_fc1e-2_lr5e-4_ep400/enc_seed3407_dec_seed42,3407,3407,clnet,transnet,transnet,transnet,gated_lowrank_affine_mlp,gated_lowrank_affine_mlp
100000,0.9996940493583679,0.00025867490330711007,0.9889042377471924,0.9992956519126892,0.9997532367706299,0.9999176263809204,4.87674587930087e-05,0.1431780755519867,adapter/aux_pca_1e-2_code_mean1e-4_cov1e-4/gated_lowrank_affine_mlp,aux_pca_1e-2_code_mean1e-4_cov1e-4,adapter/aux_pca_1e-2_code_mean1e-4_cov1e-4/gated_lowrank_affine_mlp/rank32_hidden2048_gate0.1_code1e-3_fc1e-2_lr5e-4_ep100/enc_seed3407_clnet_transnet_dec_seed42_transnet_transnet,adapter/aux_pca_1e-2_code_mean1e-4_cov1e-4/gated_lowrank_affine_mlp/rank32_hidden2048_gate0.1_code1e-3_fc1e-2_lr5e-4_ep400/enc_seed3407_transnet_transnet_dec_seed42_transnet_transnet,3407,3407,clnet,transnet,transnet,transnet,gated_lowrank_affine_mlp,gated_lowrank_affine_mlp
100000,0.9995625615119934,0.000355139491148293,0.9878984093666077,0.9989984631538391,0.9996485710144043,0.9998654127120972,6.40816506347619e-05,0.1688401848077774,adapter/aux_pca_1e-2_code_mean1e-4_cov1e-4/gated_lowrank_affine_mlp,aux_pca_1e-2_code_mean1e-4_cov1e-4,adapter/aux_pca_1e-2_code_mean1e-4_cov1e-4/gated_lowrank_affine_mlp/rank32_hidden2048_gate0.1_code1e-3_fc1e-2_lr5e-4_ep100/enc_seed3407_clnet_transnet_dec_seed42_transnet_transnet,adapter/aux_pca_1e-2_code_mean1e-4_cov1e-4/gated_lowrank_affine_mlp/rank32_hidden2048_gate0.1_code1e-3_fc1e-2_lr5e-4_ep400/enc_seed42_clnet_transnet_dec_seed42_transnet_transnet,3407,42,clnet,clnet,transnet,transnet,gated_lowrank_affine_mlp,gated_lowrank_affine_mlp
100000,0.9988223314285278,0.0007689081830903888,0.975447952747345,0.9974809885025024,0.9989879131317139,0.9996426105499268,0.00017557373212184757,0.27737608551979065,adapter/aux_pca_1e-2_code_mean1e-4_cov1e-4/gated_lowrank_affine_mlp,aux_pca_1e-2_code_mean1e-4_cov1e-4,adapter/aux_pca_1e-2_code_mean1e-4_cov1e-4/gated_lowrank_affine_mlp/rank32_hidden2048_gate0.1_code1e-3_fc1e-2_lr5e-4_ep100/enc_seed3407_clnet_transnet_dec_seed42_transnet_transnet,adapter/aux_pca_1e-2_code_mean1e-4_cov1e-4/gated_lowrank_affine_mlp/rank32_hidden2048_gate0.1_code1e-3_fc1e-2_lr5e-4_ep400/enc_seed42_crnet_transnet_dec_seed42_transnet_transnet,3407,42,clnet,crnet,transnet,transnet,gated_lowrank_affine_mlp,gated_lowrank_affine_mlp
100000,0.9991098046302795,0.0008531229686923325,0.9776304960250854,0.9976609945297241,0.9993411302566528,0.9998219013214111,0.00014740160258952528,0.24089373648166656,adapter/aux_pca_1e-2_code_mean1e-4_cov1e-4/gated_lowrank_affine_mlp,aux_pca_1e-2_code_mean1e-4_cov1e-4,adapter/aux_pca_1e-2_code_mean1e-4_cov1e-4/gated_lowrank_affine_mlp/rank32_hidden2048_gate0.1_code1e-3_fc1e-2_lr5e-4_ep100/enc_seed3407_clnet_transnet_dec_seed42_transnet_transnet,adapter/aux_pca_1e-2_code_mean1e-4_cov1e-4/gated_lowrank_affine_mlp/rank32_hidden2048_gate0.1_code1e-3_fc1e-2_lr5e-4_ep400/enc_seed42_csinet_transnet_dec_seed42_transnet_transnet,3407,42,clnet,csinet,transnet,transnet,gated_lowrank_affine_mlp,gated_lowrank_affine_mlp
100000,0.992910623550415,0.0041637541726231575,0.9119184017181396,0.9852691292762756,0.9937513470649719,0.9977852702140808,0.0010566875571385026,0.6839442253112793,adapter/aux_pca_1e-2_code_mean1e-4_cov1e-4/gated_lowrank_affine_mlp,aux_pca_1e-2_code_mean1e-4_cov1e-4,adapter/aux_pca_1e-2_code_mean1e-4_cov1e-4/gated_lowrank_affine_mlp/rank32_hidden2048_gate0.1_code1e-3_fc1e-2_lr5e-4_ep100/enc_seed3407_crnet_transnet_dec_seed42_transnet_transnet,adapter/aux_pca_1e-2_code_mean1e-4_cov1e-4/gated_lowrank_affine_mlp/rank32_hidden2048_gate0.1_code1e-3_fc1e-2_lr5e-4_ep100/enc_seed3407_csinet_transnet_dec_seed42_transnet_transnet,3407,3407,crnet,csinet,transnet,transnet,gated_lowrank_affine_mlp,gated_lowrank_affine_mlp
100000,0.9992904663085938,0.0004554121696855873,0.985139787197113,0.9984993934631348,0.9993928670883179,0.9997514486312866,0.0001031969441100955,0.21629583835601807,adapter/aux_pca_1e-2_code_mean1e-4_cov1e-4/gated_lowrank_affine_mlp,aux_pca_1e-2_code_mean1e-4_cov1e-4,adapter/aux_pca_1e-2_code_mean1e-4_cov1e-4/gated_lowrank_affine_mlp/rank32_hidden2048_gate0.1_code1e-3_fc1e-2_lr5e-4_ep100/enc_seed3407_crnet_transnet_dec_seed42_transnet_transnet,adapter/aux_pca_1e-2_code_mean1e-4_cov1e-4/gated_lowrank_affine_mlp/rank32_hidden2048_gate0.1_code1e-3_fc1e-2_lr5e-4_ep100/enc_seed3407_transnet_transnet_dec_seed42_transnet_transnet,3407,3407,crnet,transnet,transnet,transnet,gated_lowrank_affine_mlp,gated_lowrank_affine_mlp
100000,0.9987719058990479,0.0007796286954544485,0.9757497310638428,0.9973883032798767,0.998950183391571,0.9995733499526978,0.00019805967167485505,0.2927115857601166,adapter/aux_pca_1e-2_code_mean1e-4_cov1e-4/gated_lowrank_affine_mlp,aux_pca_1e-2_code_mean1e-4_cov1e-4,adapter/aux_pca_1e-2_code_mean1e-4_cov1e-4/gated_lowrank_affine_mlp/rank32_hidden2048_gate0.1_code1e-3_fc1e-2_lr5e-4_ep100/enc_seed3407_crnet_transnet_dec_seed42_transnet_transnet,adapter/aux_pca_1e-2_code_mean1e-4_cov1e-4/gated_lowrank_affine_mlp/rank32_hidden2048_gate0.1_code1e-3_fc1e-2_lr5e-4_ep100/enc_seed42_clnet_transnet_dec_seed42_transnet_transnet,3407,42,crnet,clnet,transnet,transnet,gated_lowrank_affine_mlp,gated_lowrank_affine_mlp
100000,0.9981929659843445,0.0011571005452424288,0.9729183316230774,0.9961320757865906,0.9984605312347412,0.9993839263916016,0.00025418036966584623,0.3389945924282074,adapter/aux_pca_1e-2_code_mean1e-4_cov1e-4/gated_lowrank_affine_mlp,aux_pca_1e-2_code_mean1e-4_cov1e-4,adapter/aux_pca_1e-2_code_mean1e-4_cov1e-4/gated_lowrank_affine_mlp/rank32_hidden2048_gate0.1_code1e-3_fc1e-2_lr5e-4_ep100/enc_seed3407_crnet_transnet_dec_seed42_transnet_transnet,adapter/aux_pca_1e-2_code_mean1e-4_cov1e-4/gated_lowrank_affine_mlp/rank32_hidden2048_gate0.1_code1e-3_fc1e-2_lr5e-4_ep100/enc_seed42_crnet_transnet_dec_seed42_transnet_transnet,3407,42,crnet,crnet,transnet,transnet,gated_lowrank_affine_mlp,gated_lowrank_affine_mlp
100000,0.998393714427948,0.0013559017097577453,0.9660696983337402,0.9959166049957275,0.998776376247406,0.999592661857605,0.00023671420058235526,0.31714367866516113,adapter/aux_pca_1e-2_code_mean1e-4_cov1e-4/gated_lowrank_affine_mlp,aux_pca_1e-2_code_mean1e-4_cov1e-4,adapter/aux_pca_1e-2_code_mean1e-4_cov1e-4/gated_lowrank_affine_mlp/rank32_hidden2048_gate0.1_code1e-3_fc1e-2_lr5e-4_ep100/enc_seed3407_crnet_transnet_dec_seed42_transnet_transnet,adapter/aux_pca_1e-2_code_mean1e-4_cov1e-4/gated_lowrank_affine_mlp/rank32_hidden2048_gate0.1_code1e-3_fc1e-2_lr5e-4_ep100/enc_seed42_csinet_transnet_dec_seed42_transnet_transnet,3407,42,crnet,csinet,transnet,transnet,gated_lowrank_affine_mlp,gated_lowrank_affine_mlp
100000,0.9991954565048218,0.0004977534990757704,0.9849879741668701,0.9983181953430176,0.9993059635162354,0.999709963798523,0.00012212232104502618,0.23325975239276886,adapter/aux_pca_1e-2_code_mean1e-4_cov1e-4/gated_lowrank_affine_mlp,aux_pca_1e-2_code_mean1e-4_cov1e-4,adapter/aux_pca_1e-2_code_mean1e-4_cov1e-4/gated_lowrank_affine_mlp/rank32_hidden2048_gate0.1_code1e-3_fc1e-2_lr5e-4_ep100/enc_seed3407_crnet_transnet_dec_seed42_transnet_transnet,adapter/aux_pca_1e-2_code_mean1e-4_cov1e-4/gated_lowrank_affine_mlp/rank32_hidden2048_gate0.1_code1e-3_fc1e-2_lr5e-4_ep400/enc_seed2026_clnet_transnet_dec_seed42_transnet_transnet,3407,2026,crnet,clnet,transnet,transnet,gated_lowrank_affine_mlp,gated_lowrank_affine_mlp
100000,0.9991922974586487,0.000503678573295474,0.9848265647888184,0.9983037710189819,0.9993032813072205,0.9997185468673706,0.00012250160216353834,0.23426714539527893,adapter/aux_pca_1e-2_code_mean1e-4_cov1e-4/gated_lowrank_affine_mlp,aux_pca_1e-2_code_mean1e-4_cov1e-4,adapter/aux_pca_1e-2_code_mean1e-4_cov1e-4/gated_lowrank_affine_mlp/rank32_hidden2048_gate0.1_code1e-3_fc1e-2_lr5e-4_ep100/enc_seed3407_crnet_transnet_dec_seed42_transnet_transnet,adapter/aux_pca_1e-2_code_mean1e-4_cov1e-4/gated_lowrank_affine_mlp/rank32_hidden2048_gate0.1_code1e-3_fc1e-2_lr5e-4_ep400/enc_seed2026_crnet_transnet_dec_seed42_transnet_transnet,3407,2026,crnet,crnet,transnet,transnet,gated_lowrank_affine_mlp,gated_lowrank_affine_mlp
100000,0.9985377788543701,0.0012302560498937964,0.965675950050354,0.9963510036468506,0.9988728165626526,0.9996224641799927,0.00021397825912572443,0.30205419659614563,adapter/aux_pca_1e-2_code_mean1e-4_cov1e-4/gated_lowrank_affine_mlp,aux_pca_1e-2_code_mean1e-4_cov1e-4,adapter/aux_pca_1e-2_code_mean1e-4_cov1e-4/gated_lowrank_affine_mlp/rank32_hidden2048_gate0.1_code1e-3_fc1e-2_lr5e-4_ep100/enc_seed3407_crnet_transnet_dec_seed42_transnet_transnet,adapter/aux_pca_1e-2_code_mean1e-4_cov1e-4/gated_lowrank_affine_mlp/rank32_hidden2048_gate0.1_code1e-3_fc1e-2_lr5e-4_ep400/enc_seed2026_csinet_transnet_dec_seed42_transnet_transnet,3407,2026,crnet,csinet,transnet,transnet,gated_lowrank_affine_mlp,gated_lowrank_affine_mlp
100000,0.9992769956588745,0.0004581791290547699,0.9851133823394775,0.9984807372093201,0.9993789196014404,0.9997435808181763,0.00010329320502933115,0.21744440495967865,adapter/aux_pca_1e-2_code_mean1e-4_cov1e-4/gated_lowrank_affine_mlp,aux_pca_1e-2_code_mean1e-4_cov1e-4,adapter/aux_pca_1e-2_code_mean1e-4_cov1e-4/gated_lowrank_affine_mlp/rank32_hidden2048_gate0.1_code1e-3_fc1e-2_lr5e-4_ep100/enc_seed3407_crnet_transnet_dec_seed42_transnet_transnet,adapter/aux_pca_1e-2_code_mean1e-4_cov1e-4/gated_lowrank_affine_mlp/rank32_hidden2048_gate0.1_code1e-3_fc1e-2_lr5e-4_ep400/enc_seed2026_transnet_transnet_dec_seed42_transnet_transnet,3407,2026,crnet,transnet,transnet,transnet,gated_lowrank_affine_mlp,gated_lowrank_affine_mlp
100000,0.9991982579231262,0.0004950744332745671,0.9849766492843628,0.9983288049697876,0.99930739402771,0.9997122287750244,0.00012137729208916426,0.23248331248760223,adapter/aux_pca_1e-2_code_mean1e-4_cov1e-4/gated_lowrank_affine_mlp,aux_pca_1e-2_code_mean1e-4_cov1e-4,adapter/aux_pca_1e-2_code_mean1e-4_cov1e-4/gated_lowrank_affine_mlp/rank32_hidden2048_gate0.1_code1e-3_fc1e-2_lr5e-4_ep100/enc_seed3407_crnet_transnet_dec_seed42_transnet_transnet,adapter/aux_pca_1e-2_code_mean1e-4_cov1e-4/gated_lowrank_affine_mlp/rank32_hidden2048_gate0.1_code1e-3_fc1e-2_lr5e-4_ep400/enc_seed3407_clnet_transnet_dec_seed42_transnet_transnet,3407,3407,crnet,clnet,transnet,transnet,gated_lowrank_affine_mlp,gated_lowrank_affine_mlp
100000,0.9997881054878235,0.00012883178715128452,0.9954825043678284,0.9995549321174622,0.9998190999031067,0.9999179840087891,3.092370388912968e-05,0.12031541019678116,adapter/aux_pca_1e-2_code_mean1e-4_cov1e-4/gated_lowrank_affine_mlp,aux_pca_1e-2_code_mean1e-4_cov1e-4,adapter/aux_pca_1e-2_code_mean1e-4_cov1e-4/gated_lowrank_affine_mlp/rank32_hidden2048_gate0.1_code1e-3_fc1e-2_lr5e-4_ep100/enc_seed3407_crnet_transnet_dec_seed42_transnet_transnet,adapter/aux_pca_1e-2_code_mean1e-4_cov1e-4/gated_lowrank_affine_mlp/rank32_hidden2048_gate0.1_code1e-3_fc1e-2_lr5e-4_ep400/enc_seed3407_crnet_transnet_dec_seed42_transnet_transnet,3407,3407,crnet,crnet,transnet,transnet,gated_lowrank_affine_mlp,gated_lowrank_affine_mlp
100000,0.9964556694030762,0.0018679220229387283,0.9613596200942993,0.9930679202079773,0.996785044670105,0.9987451434135437,0.0005161975859664381,0.4841712415218353,adapter/aux_pca_1e-2_code_mean1e-4_cov1e-4/gated_lowrank_affine_mlp,aux_pca_1e-2_code_mean1e-4_cov1e-4,adapter/aux_pca_1e-2_code_mean1e-4_cov1e-4/gated_lowrank_affine_mlp/rank32_hidden2048_gate0.1_code1e-3_fc1e-2_lr5e-4_ep100/enc_seed3407_crnet_transnet_dec_seed42_transnet_transnet,adapter/aux_pca_1e-2_code_mean1e-4_cov1e-4/gated_lowrank_affine_mlp/rank32_hidden2048_gate0.1_code1e-3_fc1e-2_lr5e-4_ep400/enc_seed3407_csinet_transnet_dec_seed42_transnet_transnet,3407,3407,crnet,csinet,transnet,transnet,gated_lowrank_affine_mlp,gated_lowrank_affine_mlp
100000,0.9992904663085938,0.0004552776808850467,0.9851481914520264,0.9984995126724243,0.9993928670883179,0.999751091003418,0.00010319464490748942,0.21630200743675232,adapter/aux_pca_1e-2_code_mean1e-4_cov1e-4/gated_lowrank_affine_mlp,aux_pca_1e-2_code_mean1e-4_cov1e-4,adapter/aux_pca_1e-2_code_mean1e-4_cov1e-4/gated_lowrank_affine_mlp/rank32_hidden2048_gate0.1_code1e-3_fc1e-2_lr5e-4_ep100/enc_seed3407_crnet_transnet_dec_seed42_transnet_transnet,adapter/aux_pca_1e-2_code_mean1e-4_cov1e-4/gated_lowrank_affine_mlp/rank32_hidden2048_gate0.1_code1e-3_fc1e-2_lr5e-4_ep400/enc_seed3407_dec_seed42,3407,3407,crnet,transnet,transnet,transnet,gated_lowrank_affine_mlp,gated_lowrank_affine_mlp
100000,0.9992904663085938,0.0004552776808850467,0.9851481914520264,0.9984995126724243,0.9993928670883179,0.999751091003418,0.00010319464490748942,0.21630200743675232,adapter/aux_pca_1e-2_code_mean1e-4_cov1e-4/gated_lowrank_affine_mlp,aux_pca_1e-2_code_mean1e-4_cov1e-4,adapter/aux_pca_1e-2_code_mean1e-4_cov1e-4/gated_lowrank_affine_mlp/rank32_hidden2048_gate0.1_code1e-3_fc1e-2_lr5e-4_ep100/enc_seed3407_crnet_transnet_dec_seed42_transnet_transnet,adapter/aux_pca_1e-2_code_mean1e-4_cov1e-4/gated_lowrank_affine_mlp/rank32_hidden2048_gate0.1_code1e-3_fc1e-2_lr5e-4_ep400/enc_seed3407_transnet_transnet_dec_seed42_transnet_transnet,3407,3407,crnet,transnet,transnet,transnet,gated_lowrank_affine_mlp,gated_lowrank_affine_mlp
100000,0.9991330504417419,0.0005278068711049855,0.9845889210700989,0.9982004165649414,0.9992489814758301,0.9996843934059143,0.00013773066166322678,0.24937038123607635,adapter/aux_pca_1e-2_code_mean1e-4_cov1e-4/gated_lowrank_affine_mlp,aux_pca_1e-2_code_mean1e-4_cov1e-4,adapter/aux_pca_1e-2_code_mean1e-4_cov1e-4/gated_lowrank_affine_mlp/rank32_hidden2048_gate0.1_code1e-3_fc1e-2_lr5e-4_ep100/enc_seed3407_crnet_transnet_dec_seed42_transnet_transnet,adapter/aux_pca_1e-2_code_mean1e-4_cov1e-4/gated_lowrank_affine_mlp/rank32_hidden2048_gate0.1_code1e-3_fc1e-2_lr5e-4_ep400/enc_seed42_clnet_transnet_dec_seed42_transnet_transnet,3407,42,crnet,clnet,transnet,transnet,gated_lowrank_affine_mlp,gated_lowrank_affine_mlp
100000,0.9984844326972961,0.0009324394632130861,0.9746845364570618,0.996837854385376,0.9986908435821533,0.9994754791259766,0.00021269770513754338,0.3115417957305908,adapter/aux_pca_1e-2_code_mean1e-4_cov1e-4/gated_lowrank_affine_mlp,aux_pca_1e-2_code_mean1e-4_cov1e-4,adapter/aux_pca_1e-2_code_mean1e-4_cov1e-4/gated_lowrank_affine_mlp/rank32_hidden2048_gate0.1_code1e-3_fc1e-2_lr5e-4_ep100/enc_seed3407_crnet_transnet_dec_seed42_transnet_transnet,adapter/aux_pca_1e-2_code_mean1e-4_cov1e-4/gated_lowrank_affine_mlp/rank32_hidden2048_gate0.1_code1e-3_fc1e-2_lr5e-4_ep400/enc_seed42_crnet_transnet_dec_seed42_transnet_transnet,3407,42,crnet,crnet,transnet,transnet,gated_lowrank_affine_mlp,gated_lowrank_affine_mlp
100000,0.9988107681274414,0.0009314909111708403,0.9777817130088806,0.9971805810928345,0.9990518093109131,0.999657154083252,0.00017509997996967286,0.274978905916214,adapter/aux_pca_1e-2_code_mean1e-4_cov1e-4/gated_lowrank_affine_mlp,aux_pca_1e-2_code_mean1e-4_cov1e-4,adapter/aux_pca_1e-2_code_mean1e-4_cov1e-4/gated_lowrank_affine_mlp/rank32_hidden2048_gate0.1_code1e-3_fc1e-2_lr5e-4_ep100/enc_seed3407_crnet_transnet_dec_seed42_transnet_transnet,adapter/aux_pca_1e-2_code_mean1e-4_cov1e-4/gated_lowrank_affine_mlp/rank32_hidden2048_gate0.1_code1e-3_fc1e-2_lr5e-4_ep400/enc_seed42_csinet_transnet_dec_seed42_transnet_transnet,3407,42,crnet,csinet,transnet,transnet,gated_lowrank_affine_mlp,gated_lowrank_affine_mlp
100000,0.9935706257820129,0.003936178982257843,0.9170747399330139,0.9863455891609192,0.9943844079971313,0.9981155395507812,0.000952539558056742,0.6463735103607178,adapter/aux_pca_1e-2_code_mean1e-4_cov1e-4/gated_lowrank_affine_mlp,aux_pca_1e-2_code_mean1e-4_cov1e-4,adapter/aux_pca_1e-2_code_mean1e-4_cov1e-4/gated_lowrank_affine_mlp/rank32_hidden2048_gate0.1_code1e-3_fc1e-2_lr5e-4_ep100/enc_seed3407_csinet_transnet_dec_seed42_transnet_transnet,adapter/aux_pca_1e-2_code_mean1e-4_cov1e-4/gated_lowrank_affine_mlp/rank32_hidden2048_gate0.1_code1e-3_fc1e-2_lr5e-4_ep100/enc_seed3407_transnet_transnet_dec_seed42_transnet_transnet,3407,3407,csinet,transnet,transnet,transnet,gated_lowrank_affine_mlp,gated_lowrank_affine_mlp
100000,0.9932117462158203,0.004138378892093897,0.9118777513504028,0.9856192469596863,0.9940760731697083,0.9979771375656128,0.0010106926783919334,0.6648620963096619,adapter/aux_pca_1e-2_code_mean1e-4_cov1e-4/gated_lowrank_affine_mlp,aux_pca_1e-2_code_mean1e-4_cov1e-4,adapter/aux_pca_1e-2_code_mean1e-4_cov1e-4/gated_lowrank_affine_mlp/rank32_hidden2048_gate0.1_code1e-3_fc1e-2_lr5e-4_ep100/enc_seed3407_csinet_transnet_dec_seed42_transnet_transnet,adapter/aux_pca_1e-2_code_mean1e-4_cov1e-4/gated_lowrank_affine_mlp/rank32_hidden2048_gate0.1_code1e-3_fc1e-2_lr5e-4_ep100/enc_seed42_clnet_transnet_dec_seed42_transnet_transnet,3407,42,csinet,clnet,transnet,transnet,gated_lowrank_affine_mlp,gated_lowrank_affine_mlp
100000,0.9925283193588257,0.004384675994515419,0.9142448902130127,0.9845165014266968,0.9934022426605225,0.9976840615272522,0.0011081036645919085,0.7013263702392578,adapter/aux_pca_1e-2_code_mean1e-4_cov1e-4/gated_lowrank_affine_mlp,aux_pca_1e-2_code_mean1e-4_cov1e-4,adapter/aux_pca_1e-2_code_mean1e-4_cov1e-4/gated_lowrank_affine_mlp/rank32_hidden2048_gate0.1_code1e-3_fc1e-2_lr5e-4_ep100/enc_seed3407_csinet_transnet_dec_seed42_transnet_transnet,adapter/aux_pca_1e-2_code_mean1e-4_cov1e-4/gated_lowrank_affine_mlp/rank32_hidden2048_gate0.1_code1e-3_fc1e-2_lr5e-4_ep100/enc_seed42_crnet_transnet_dec_seed42_transnet_transnet,3407,42,csinet,crnet,transnet,transnet,gated_lowrank_affine_mlp,gated_lowrank_affine_mlp
100000,0.9925833344459534,0.004716138355433941,0.9113320112228394,0.9839636087417603,0.9935802221298218,0.997904896736145,0.0011155202519148588,0.6991762518882751,adapter/aux_pca_1e-2_code_mean1e-4_cov1e-4/gated_lowrank_affine_mlp,aux_pca_1e-2_code_mean1e-4_cov1e-4,adapter/aux_pca_1e-2_code_mean1e-4_cov1e-4/gated_lowrank_affine_mlp/rank32_hidden2048_gate0.1_code1e-3_fc1e-2_lr5e-4_ep100/enc_seed3407_csinet_transnet_dec_seed42_transnet_transnet,adapter/aux_pca_1e-2_code_mean1e-4_cov1e-4/gated_lowrank_affine_mlp/rank32_hidden2048_gate0.1_code1e-3_fc1e-2_lr5e-4_ep100/enc_seed42_csinet_transnet_dec_seed42_transnet_transnet,3407,42,csinet,csinet,transnet,transnet,gated_lowrank_affine_mlp,gated_lowrank_affine_mlp
100000,0.9935012459754944,0.003966281656175852,0.915825605392456,0.98621666431427,0.9943159818649292,0.9980921745300293,0.0009641929646022618,0.650136411190033,adapter/aux_pca_1e-2_code_mean1e-4_cov1e-4/gated_lowrank_affine_mlp,aux_pca_1e-2_code_mean1e-4_cov1e-4,adapter/aux_pca_1e-2_code_mean1e-4_cov1e-4/gated_lowrank_affine_mlp/rank32_hidden2048_gate0.1_code1e-3_fc1e-2_lr5e-4_ep100/enc_seed3407_csinet_transnet_dec_seed42_transnet_transnet,adapter/aux_pca_1e-2_code_mean1e-4_cov1e-4/gated_lowrank_affine_mlp/rank32_hidden2048_gate0.1_code1e-3_fc1e-2_lr5e-4_ep400/enc_seed2026_clnet_transnet_dec_seed42_transnet_transnet,3407,2026,csinet,clnet,transnet,transnet,gated_lowrank_affine_mlp,gated_lowrank_affine_mlp
100000,0.9934917092323303,0.003976544830948114,0.9166315793991089,0.9861897230148315,0.9943077564239502,0.9980897903442383,0.0009614467853680253,0.6492228507995605,adapter/aux_pca_1e-2_code_mean1e-4_cov1e-4/gated_lowrank_affine_mlp,aux_pca_1e-2_code_mean1e-4_cov1e-4,adapter/aux_pca_1e-2_code_mean1e-4_cov1e-4/gated_lowrank_affine_mlp/rank32_hidden2048_gate0.1_code1e-3_fc1e-2_lr5e-4_ep100/enc_seed3407_csinet_transnet_dec_seed42_transnet_transnet,adapter/aux_pca_1e-2_code_mean1e-4_cov1e-4/gated_lowrank_affine_mlp/rank32_hidden2048_gate0.1_code1e-3_fc1e-2_lr5e-4_ep400/enc_seed2026_crnet_transnet_dec_seed42_transnet_transnet,3407,2026,csinet,crnet,transnet,transnet,gated_lowrank_affine_mlp,gated_lowrank_affine_mlp
100000,0.9930641055107117,0.004241365939378738,0.9134564399719238,0.9852753281593323,0.9939430952072144,0.9979681968688965,0.0010270506609231234,0.6721101403236389,adapter/aux_pca_1e-2_code_mean1e-4_cov1e-4/gated_lowrank_affine_mlp,aux_pca_1e-2_code_mean1e-4_cov1e-4,adapter/aux_pca_1e-2_code_mean1e-4_cov1e-4/gated_lowrank_affine_mlp/rank32_hidden2048_gate0.1_code1e-3_fc1e-2_lr5e-4_ep100/enc_seed3407_csinet_transnet_dec_seed42_transnet_transnet,adapter/aux_pca_1e-2_code_mean1e-4_cov1e-4/gated_lowrank_affine_mlp/rank32_hidden2048_gate0.1_code1e-3_fc1e-2_lr5e-4_ep400/enc_seed2026_csinet_transnet_dec_seed42_transnet_transnet,3407,2026,csinet,csinet,transnet,transnet,gated_lowrank_affine_mlp,gated_lowrank_affine_mlp
100000,0.9935704469680786,0.00392551627010107,0.9165872931480408,0.9863700270652771,0.9943801760673523,0.9981080293655396,0.0009531696559861302,0.6469249725341797,adapter/aux_pca_1e-2_code_mean1e-4_cov1e-4/gated_lowrank_affine_mlp,aux_pca_1e-2_code_mean1e-4_cov1e-4,adapter/aux_pca_1e-2_code_mean1e-4_cov1e-4/gated_lowrank_affine_mlp/rank32_hidden2048_gate0.1_code1e-3_fc1e-2_lr5e-4_ep100/enc_seed3407_csinet_transnet_dec_seed42_transnet_transnet,adapter/aux_pca_1e-2_code_mean1e-4_cov1e-4/gated_lowrank_affine_mlp/rank32_hidden2048_gate0.1_code1e-3_fc1e-2_lr5e-4_ep400/enc_seed2026_transnet_transnet_dec_seed42_transnet_transnet,3407,2026,csinet,transnet,transnet,transnet,gated_lowrank_affine_mlp,gated_lowrank_affine_mlp
100000,0.9935045838356018,0.003954187501221895,0.9161658883094788,0.9862452745437622,0.9943174719810486,0.9980850219726562,0.0009646767866797745,0.6505255103111267,adapter/aux_pca_1e-2_code_mean1e-4_cov1e-4/gated_lowrank_affine_mlp,aux_pca_1e-2_code_mean1e-4_cov1e-4,adapter/aux_pca_1e-2_code_mean1e-4_cov1e-4/gated_lowrank_affine_mlp/rank32_hidden2048_gate0.1_code1e-3_fc1e-2_lr5e-4_ep100/enc_seed3407_csinet_transnet_dec_seed42_transnet_transnet,adapter/aux_pca_1e-2_code_mean1e-4_cov1e-4/gated_lowrank_affine_mlp/rank32_hidden2048_gate0.1_code1e-3_fc1e-2_lr5e-4_ep400/enc_seed3407_clnet_transnet_dec_seed42_transnet_transnet,3407,3407,csinet,clnet,transnet,transnet,gated_lowrank_affine_mlp,gated_lowrank_affine_mlp
100000,0.9931171536445618,0.004056959878653288,0.9121692180633545,0.9856616258621216,0.9939478635787964,0.9978475570678711,0.0010175647912546992,0.6702929735183716,adapter/aux_pca_1e-2_code_mean1e-4_cov1e-4/gated_lowrank_affine_mlp,aux_pca_1e-2_code_mean1e-4_cov1e-4,adapter/aux_pca_1e-2_code_mean1e-4_cov1e-4/gated_lowrank_affine_mlp/rank32_hidden2048_gate0.1_code1e-3_fc1e-2_lr5e-4_ep100/enc_seed3407_csinet_transnet_dec_seed42_transnet_transnet,adapter/aux_pca_1e-2_code_mean1e-4_cov1e-4/gated_lowrank_affine_mlp/rank32_hidden2048_gate0.1_code1e-3_fc1e-2_lr5e-4_ep400/enc_seed3407_crnet_transnet_dec_seed42_transnet_transnet,3407,3407,csinet,crnet,transnet,transnet,gated_lowrank_affine_mlp,gated_lowrank_affine_mlp
100000,0.9962021708488464,0.0023643113672733307,0.9410922527313232,0.991813063621521,0.9967308044433594,0.9988417029380798,0.0005475590587593615,0.4928673803806305,adapter/aux_pca_1e-2_code_mean1e-4_cov1e-4/gated_lowrank_affine_mlp,aux_pca_1e-2_code_mean1e-4_cov1e-4,adapter/aux_pca_1e-2_code_mean1e-4_cov1e-4/gated_lowrank_affine_mlp/rank32_hidden2048_gate0.1_code1e-3_fc1e-2_lr5e-4_ep100/enc_seed3407_csinet_transnet_dec_seed42_transnet_transnet,adapter/aux_pca_1e-2_code_mean1e-4_cov1e-4/gated_lowrank_affine_mlp/rank32_hidden2048_gate0.1_code1e-3_fc1e-2_lr5e-4_ep400/enc_seed3407_csinet_transnet_dec_seed42_transnet_transnet,3407,3407,csinet,csinet,transnet,transnet,gated_lowrank_affine_mlp,gated_lowrank_affine_mlp
100000,0.9935703873634338,0.0039361207745969296,0.9170607328414917,0.9863444566726685,0.9943839907646179,0.9981146454811096,0.0009525665082037449,0.6463866233825684,adapter/aux_pca_1e-2_code_mean1e-4_cov1e-4/gated_lowrank_affine_mlp,aux_pca_1e-2_code_mean1e-4_cov1e-4,adapter/aux_pca_1e-2_code_mean1e-4_cov1e-4/gated_lowrank_affine_mlp/rank32_hidden2048_gate0.1_code1e-3_fc1e-2_lr5e-4_ep100/enc_seed3407_csinet_transnet_dec_seed42_transnet_transnet,adapter/aux_pca_1e-2_code_mean1e-4_cov1e-4/gated_lowrank_affine_mlp/rank32_hidden2048_gate0.1_code1e-3_fc1e-2_lr5e-4_ep400/enc_seed3407_dec_seed42,3407,3407,csinet,transnet,transnet,transnet,gated_lowrank_affine_mlp,gated_lowrank_affine_mlp
100000,0.9935703873634338,0.0039361207745969296,0.9170607328414917,0.9863444566726685,0.9943839907646179,0.9981146454811096,0.0009525665082037449,0.6463866233825684,adapter/aux_pca_1e-2_code_mean1e-4_cov1e-4/gated_lowrank_affine_mlp,aux_pca_1e-2_code_mean1e-4_cov1e-4,adapter/aux_pca_1e-2_code_mean1e-4_cov1e-4/gated_lowrank_affine_mlp/rank32_hidden2048_gate0.1_code1e-3_fc1e-2_lr5e-4_ep100/enc_seed3407_csinet_transnet_dec_seed42_transnet_transnet,adapter/aux_pca_1e-2_code_mean1e-4_cov1e-4/gated_lowrank_affine_mlp/rank32_hidden2048_gate0.1_code1e-3_fc1e-2_lr5e-4_ep400/enc_seed3407_transnet_transnet_dec_seed42_transnet_transnet,3407,3407,csinet,transnet,transnet,transnet,gated_lowrank_affine_mlp,gated_lowrank_affine_mlp
100000,0.9934399724006653,0.004007496405392885,0.9154184460639954,0.9860725998878479,0.9942716360092163,0.9980587363243103,0.0009626142564229667,0.6499162316322327,adapter/aux_pca_1e-2_code_mean1e-4_cov1e-4/gated_lowrank_affine_mlp,aux_pca_1e-2_code_mean1e-4_cov1e-4,adapter/aux_pca_1e-2_code_mean1e-4_cov1e-4/gated_lowrank_affine_mlp/rank32_hidden2048_gate0.1_code1e-3_fc1e-2_lr5e-4_ep100/enc_seed3407_csinet_transnet_dec_seed42_transnet_transnet,adapter/aux_pca_1e-2_code_mean1e-4_cov1e-4/gated_lowrank_affine_mlp/rank32_hidden2048_gate0.1_code1e-3_fc1e-2_lr5e-4_ep400/enc_seed42_clnet_transnet_dec_seed42_transnet_transnet,3407,42,csinet,clnet,transnet,transnet,gated_lowrank_affine_mlp,gated_lowrank_affine_mlp
100000,0.9928276538848877,0.004198005888611078,0.9163587093353271,0.9851654767990112,0.9936554431915283,0.9977772235870361,0.0010526577243581414,0.6825894117355347,adapter/aux_pca_1e-2_code_mean1e-4_cov1e-4/gated_lowrank_affine_mlp,aux_pca_1e-2_code_mean1e-4_cov1e-4,adapter/aux_pca_1e-2_code_mean1e-4_cov1e-4/gated_lowrank_affine_mlp/rank32_hidden2048_gate0.1_code1e-3_fc1e-2_lr5e-4_ep100/enc_seed3407_csinet_transnet_dec_seed42_transnet_transnet,adapter/aux_pca_1e-2_code_mean1e-4_cov1e-4/gated_lowrank_affine_mlp/rank32_hidden2048_gate0.1_code1e-3_fc1e-2_lr5e-4_ep400/enc_seed42_crnet_transnet_dec_seed42_transnet_transnet,3407,42,csinet,crnet,transnet,transnet,gated_lowrank_affine_mlp,gated_lowrank_affine_mlp
100000,0.9932823181152344,0.0040834941901266575,0.9146655797958374,0.9858012199401855,0.9941174983978271,0.9980089664459229,0.0009926307247951627,0.6602224707603455,adapter/aux_pca_1e-2_code_mean1e-4_cov1e-4/gated_lowrank_affine_mlp,aux_pca_1e-2_code_mean1e-4_cov1e-4,adapter/aux_pca_1e-2_code_mean1e-4_cov1e-4/gated_lowrank_affine_mlp/rank32_hidden2048_gate0.1_code1e-3_fc1e-2_lr5e-4_ep100/enc_seed3407_csinet_transnet_dec_seed42_transnet_transnet,adapter/aux_pca_1e-2_code_mean1e-4_cov1e-4/gated_lowrank_affine_mlp/rank32_hidden2048_gate0.1_code1e-3_fc1e-2_lr5e-4_ep400/enc_seed42_csinet_transnet_dec_seed42_transnet_transnet,3407,42,csinet,csinet,transnet,transnet,gated_lowrank_affine_mlp,gated_lowrank_affine_mlp
100000,0.9995236396789551,0.0003788534668274224,0.9898322820663452,0.9989025592803955,0.9996170997619629,0.9998584389686584,7.741418085061014e-05,0.18007558584213257,adapter/aux_pca_1e-2_code_mean1e-4_cov1e-4/gated_lowrank_affine_mlp,aux_pca_1e-2_code_mean1e-4_cov1e-4,adapter/aux_pca_1e-2_code_mean1e-4_cov1e-4/gated_lowrank_affine_mlp/rank32_hidden2048_gate0.1_code1e-3_fc1e-2_lr5e-4_ep100/enc_seed3407_transnet_transnet_dec_seed42_transnet_transnet,adapter/aux_pca_1e-2_code_mean1e-4_cov1e-4/gated_lowrank_affine_mlp/rank32_hidden2048_gate0.1_code1e-3_fc1e-2_lr5e-4_ep100/enc_seed42_clnet_transnet_dec_seed42_transnet_transnet,3407,42,transnet,clnet,transnet,transnet,gated_lowrank_affine_mlp,gated_lowrank_affine_mlp
100000,0.9988023042678833,0.0008873807382769883,0.9735528826713562,0.9972837567329407,0.9990168213844299,0.9996465444564819,0.00017330178525298834,0.2766299247741699,adapter/aux_pca_1e-2_code_mean1e-4_cov1e-4/gated_lowrank_affine_mlp,aux_pca_1e-2_code_mean1e-4_cov1e-4,adapter/aux_pca_1e-2_code_mean1e-4_cov1e-4/gated_lowrank_affine_mlp/rank32_hidden2048_gate0.1_code1e-3_fc1e-2_lr5e-4_ep100/enc_seed3407_transnet_transnet_dec_seed42_transnet_transnet,adapter/aux_pca_1e-2_code_mean1e-4_cov1e-4/gated_lowrank_affine_mlp/rank32_hidden2048_gate0.1_code1e-3_fc1e-2_lr5e-4_ep100/enc_seed42_crnet_transnet_dec_seed42_transnet_transnet,3407,42,transnet,crnet,transnet,transnet,gated_lowrank_affine_mlp,gated_lowrank_affine_mlp
100000,0.9989206790924072,0.0012871730141341686,0.9605526924133301,0.9966137409210205,0.9993406534194946,0.9998571872711182,0.000174326982232742,0.2582332193851471,adapter/aux_pca_1e-2_code_mean1e-4_cov1e-4/gated_lowrank_affine_mlp,aux_pca_1e-2_code_mean1e-4_cov1e-4,adapter/aux_pca_1e-2_code_mean1e-4_cov1e-4/gated_lowrank_affine_mlp/rank32_hidden2048_gate0.1_code1e-3_fc1e-2_lr5e-4_ep100/enc_seed3407_transnet_transnet_dec_seed42_transnet_transnet,adapter/aux_pca_1e-2_code_mean1e-4_cov1e-4/gated_lowrank_affine_mlp/rank32_hidden2048_gate0.1_code1e-3_fc1e-2_lr5e-4_ep100/enc_seed42_csinet_transnet_dec_seed42_transnet_transnet,3407,42,transnet,csinet,transnet,transnet,gated_lowrank_affine_mlp,gated_lowrank_affine_mlp
100000,0.9998921751976013,9.035316907102242e-05,0.9946169853210449,0.999759316444397,0.9999129772186279,0.9999642372131348,1.713529127300717e-05,0.08553187549114227,adapter/aux_pca_1e-2_code_mean1e-4_cov1e-4/gated_lowrank_affine_mlp,aux_pca_1e-2_code_mean1e-4_cov1e-4,adapter/aux_pca_1e-2_code_mean1e-4_cov1e-4/gated_lowrank_affine_mlp/rank32_hidden2048_gate0.1_code1e-3_fc1e-2_lr5e-4_ep100/enc_seed3407_transnet_transnet_dec_seed42_transnet_transnet,adapter/aux_pca_1e-2_code_mean1e-4_cov1e-4/gated_lowrank_affine_mlp/rank32_hidden2048_gate0.1_code1e-3_fc1e-2_lr5e-4_ep400/enc_seed2026_clnet_transnet_dec_seed42_transnet_transnet,3407,2026,transnet,clnet,transnet,transnet,gated_lowrank_affine_mlp,gated_lowrank_affine_mlp
100000,0.9998974800109863,9.305620187660679e-05,0.9956886768341064,0.9997591376304626,0.9999195337295532,0.9999715685844421,1.653597064432688e-05,0.08360888808965683,adapter/aux_pca_1e-2_code_mean1e-4_cov1e-4/gated_lowrank_affine_mlp,aux_pca_1e-2_code_mean1e-4_cov1e-4,adapter/aux_pca_1e-2_code_mean1e-4_cov1e-4/gated_lowrank_affine_mlp/rank32_hidden2048_gate0.1_code1e-3_fc1e-2_lr5e-4_ep100/enc_seed3407_transnet_transnet_dec_seed42_transnet_transnet,adapter/aux_pca_1e-2_code_mean1e-4_cov1e-4/gated_lowrank_affine_mlp/rank32_hidden2048_gate0.1_code1e-3_fc1e-2_lr5e-4_ep400/enc_seed2026_crnet_transnet_dec_seed42_transnet_transnet,3407,2026,transnet,crnet,transnet,transnet,gated_lowrank_affine_mlp,gated_lowrank_affine_mlp
100000,0.9991952776908875,0.000983272329904139,0.9747034907341003,0.997543215751648,0.9994921684265137,0.9998958110809326,0.00012359798711258918,0.21669304370880127,adapter/aux_pca_1e-2_code_mean1e-4_cov1e-4/gated_lowrank_affine_mlp,aux_pca_1e-2_code_mean1e-4_cov1e-4,adapter/aux_pca_1e-2_code_mean1e-4_cov1e-4/gated_lowrank_affine_mlp/rank32_hidden2048_gate0.1_code1e-3_fc1e-2_lr5e-4_ep100/enc_seed3407_transnet_transnet_dec_seed42_transnet_transnet,adapter/aux_pca_1e-2_code_mean1e-4_cov1e-4/gated_lowrank_affine_mlp/rank32_hidden2048_gate0.1_code1e-3_fc1e-2_lr5e-4_ep400/enc_seed2026_csinet_transnet_dec_seed42_transnet_transnet,3407,2026,transnet,csinet,transnet,transnet,gated_lowrank_affine_mlp,gated_lowrank_affine_mlp
100000,0.9999760389328003,1.2168358807684854e-05,0.999786376953125,0.9999540448188782,0.9999784827232361,0.9999901056289673,4.484469627641374e-06,0.045431580394506454,adapter/aux_pca_1e-2_code_mean1e-4_cov1e-4/gated_lowrank_affine_mlp,aux_pca_1e-2_code_mean1e-4_cov1e-4,adapter/aux_pca_1e-2_code_mean1e-4_cov1e-4/gated_lowrank_affine_mlp/rank32_hidden2048_gate0.1_code1e-3_fc1e-2_lr5e-4_ep100/enc_seed3407_transnet_transnet_dec_seed42_transnet_transnet,adapter/aux_pca_1e-2_code_mean1e-4_cov1e-4/gated_lowrank_affine_mlp/rank32_hidden2048_gate0.1_code1e-3_fc1e-2_lr5e-4_ep400/enc_seed2026_transnet_transnet_dec_seed42_transnet_transnet,3407,2026,transnet,transnet,transnet,transnet,gated_lowrank_affine_mlp,gated_lowrank_affine_mlp
100000,0.9998986721038818,8.375010656891391e-05,0.9960246682167053,0.9997736215591431,0.9999182224273682,0.999966025352478,1.6276686437777244e-05,0.08326862007379532,adapter/aux_pca_1e-2_code_mean1e-4_cov1e-4/gated_lowrank_affine_mlp,aux_pca_1e-2_code_mean1e-4_cov1e-4,adapter/aux_pca_1e-2_code_mean1e-4_cov1e-4/gated_lowrank_affine_mlp/rank32_hidden2048_gate0.1_code1e-3_fc1e-2_lr5e-4_ep100/enc_seed3407_transnet_transnet_dec_seed42_transnet_transnet,adapter/aux_pca_1e-2_code_mean1e-4_cov1e-4/gated_lowrank_affine_mlp/rank32_hidden2048_gate0.1_code1e-3_fc1e-2_lr5e-4_ep400/enc_seed3407_clnet_transnet_dec_seed42_transnet_transnet,3407,3407,transnet,clnet,transnet,transnet,gated_lowrank_affine_mlp,gated_lowrank_affine_mlp
100000,0.9994708299636841,0.000370232475688681,0.9870021343231201,0.9988614320755005,0.9995582103729248,0.999815046787262,7.417760934913531e-05,0.18258202075958252,adapter/aux_pca_1e-2_code_mean1e-4_cov1e-4/gated_lowrank_affine_mlp,aux_pca_1e-2_code_mean1e-4_cov1e-4,adapter/aux_pca_1e-2_code_mean1e-4_cov1e-4/gated_lowrank_affine_mlp/rank32_hidden2048_gate0.1_code1e-3_fc1e-2_lr5e-4_ep100/enc_seed3407_transnet_transnet_dec_seed42_transnet_transnet,adapter/aux_pca_1e-2_code_mean1e-4_cov1e-4/gated_lowrank_affine_mlp/rank32_hidden2048_gate0.1_code1e-3_fc1e-2_lr5e-4_ep400/enc_seed3407_crnet_transnet_dec_seed42_transnet_transnet,3407,3407,transnet,crnet,transnet,transnet,gated_lowrank_affine_mlp,gated_lowrank_affine_mlp
100000,0.9970976114273071,0.0015994594432413578,0.9632845520973206,0.9942005276679993,0.9973806142807007,0.9990640878677368,0.0004205875738989562,0.43532976508140564,adapter/aux_pca_1e-2_code_mean1e-4_cov1e-4/gated_lowrank_affine_mlp,aux_pca_1e-2_code_mean1e-4_cov1e-4,adapter/aux_pca_1e-2_code_mean1e-4_cov1e-4/gated_lowrank_affine_mlp/rank32_hidden2048_gate0.1_code1e-3_fc1e-2_lr5e-4_ep100/enc_seed3407_transnet_transnet_dec_seed42_transnet_transnet,adapter/aux_pca_1e-2_code_mean1e-4_cov1e-4/gated_lowrank_affine_mlp/rank32_hidden2048_gate0.1_code1e-3_fc1e-2_lr5e-4_ep400/enc_seed3407_csinet_transnet_dec_seed42_transnet_transnet,3407,3407,transnet,csinet,transnet,transnet,gated_lowrank_affine_mlp,gated_lowrank_affine_mlp
100000,0.9999998211860657,2.261810010395493e-07,0.9999966025352478,0.9999992847442627,0.9999997019767761,0.9999998807907104,4.2845393011248234e-08,0.004531521815806627,adapter/aux_pca_1e-2_code_mean1e-4_cov1e-4/gated_lowrank_affine_mlp,aux_pca_1e-2_code_mean1e-4_cov1e-4,adapter/aux_pca_1e-2_code_mean1e-4_cov1e-4/gated_lowrank_affine_mlp/rank32_hidden2048_gate0.1_code1e-3_fc1e-2_lr5e-4_ep100/enc_seed3407_transnet_transnet_dec_seed42_transnet_transnet,adapter/aux_pca_1e-2_code_mean1e-4_cov1e-4/gated_lowrank_affine_mlp/rank32_hidden2048_gate0.1_code1e-3_fc1e-2_lr5e-4_ep400/enc_seed3407_dec_seed42,3407,3407,transnet,transnet,transnet,transnet,gated_lowrank_affine_mlp,gated_lowrank_affine_mlp
100000,0.9999998211860657,2.261810010395493e-07,0.9999966025352478,0.9999992847442627,0.9999997019767761,0.9999998807907104,4.2845393011248234e-08,0.004531521815806627,adapter/aux_pca_1e-2_code_mean1e-4_cov1e-4/gated_lowrank_affine_mlp,aux_pca_1e-2_code_mean1e-4_cov1e-4,adapter/aux_pca_1e-2_code_mean1e-4_cov1e-4/gated_lowrank_affine_mlp/rank32_hidden2048_gate0.1_code1e-3_fc1e-2_lr5e-4_ep100/enc_seed3407_transnet_transnet_dec_seed42_transnet_transnet,adapter/aux_pca_1e-2_code_mean1e-4_cov1e-4/gated_lowrank_affine_mlp/rank32_hidden2048_gate0.1_code1e-3_fc1e-2_lr5e-4_ep400/enc_seed3407_transnet_transnet_dec_seed42_transnet_transnet,3407,3407,transnet,transnet,transnet,transnet,gated_lowrank_affine_mlp,gated_lowrank_affine_mlp
100000,0.9998446106910706,0.00012501876335591078,0.9938869476318359,0.9996560215950012,0.9998746514320374,0.9999435544013977,2.711033812374808e-05,0.11014389246702194,adapter/aux_pca_1e-2_code_mean1e-4_cov1e-4/gated_lowrank_affine_mlp,aux_pca_1e-2_code_mean1e-4_cov1e-4,adapter/aux_pca_1e-2_code_mean1e-4_cov1e-4/gated_lowrank_affine_mlp/rank32_hidden2048_gate0.1_code1e-3_fc1e-2_lr5e-4_ep100/enc_seed3407_transnet_transnet_dec_seed42_transnet_transnet,adapter/aux_pca_1e-2_code_mean1e-4_cov1e-4/gated_lowrank_affine_mlp/rank32_hidden2048_gate0.1_code1e-3_fc1e-2_lr5e-4_ep400/enc_seed42_clnet_transnet_dec_seed42_transnet_transnet,3407,42,transnet,clnet,transnet,transnet,gated_lowrank_affine_mlp,gated_lowrank_affine_mlp
100000,0.9991331100463867,0.0006196739268489182,0.975333571434021,0.9980668425559998,0.9992764592170715,0.9997460842132568,0.0001227536122314632,0.2331092357635498,adapter/aux_pca_1e-2_code_mean1e-4_cov1e-4/gated_lowrank_affine_mlp,aux_pca_1e-2_code_mean1e-4_cov1e-4,adapter/aux_pca_1e-2_code_mean1e-4_cov1e-4/gated_lowrank_affine_mlp/rank32_hidden2048_gate0.1_code1e-3_fc1e-2_lr5e-4_ep100/enc_seed3407_transnet_transnet_dec_seed42_transnet_transnet,adapter/aux_pca_1e-2_code_mean1e-4_cov1e-4/gated_lowrank_affine_mlp/rank32_hidden2048_gate0.1_code1e-3_fc1e-2_lr5e-4_ep400/enc_seed42_crnet_transnet_dec_seed42_transnet_transnet,3407,42,transnet,crnet,transnet,transnet,gated_lowrank_affine_mlp,gated_lowrank_affine_mlp
100000,0.9994592070579529,0.0006897338316775858,0.978141188621521,0.9983999729156494,0.9996578693389893,0.999921441078186,8.776858885539696e-05,0.17955482006072998,adapter/aux_pca_1e-2_code_mean1e-4_cov1e-4/gated_lowrank_affine_mlp,aux_pca_1e-2_code_mean1e-4_cov1e-4,adapter/aux_pca_1e-2_code_mean1e-4_cov1e-4/gated_lowrank_affine_mlp/rank32_hidden2048_gate0.1_code1e-3_fc1e-2_lr5e-4_ep100/enc_seed3407_transnet_transnet_dec_seed42_transnet_transnet,adapter/aux_pca_1e-2_code_mean1e-4_cov1e-4/gated_lowrank_affine_mlp/rank32_hidden2048_gate0.1_code1e-3_fc1e-2_lr5e-4_ep400/enc_seed42_csinet_transnet_dec_seed42_transnet_transnet,3407,42,transnet,csinet,transnet,transnet,gated_lowrank_affine_mlp,gated_lowrank_affine_mlp
100000,0.9982930421829224,0.001163307810202241,0.9738657474517822,0.99622642993927,0.9985655546188354,0.9994707107543945,0.0002636536955833435,0.3394397497177124,adapter/aux_pca_1e-2_code_mean1e-4_cov1e-4/gated_lowrank_affine_mlp,aux_pca_1e-2_code_mean1e-4_cov1e-4,adapter/aux_pca_1e-2_code_mean1e-4_cov1e-4/gated_lowrank_affine_mlp/rank32_hidden2048_gate0.1_code1e-3_fc1e-2_lr5e-4_ep100/enc_seed42_clnet_transnet_dec_seed42_transnet_transnet,adapter/aux_pca_1e-2_code_mean1e-4_cov1e-4/gated_lowrank_affine_mlp/rank32_hidden2048_gate0.1_code1e-3_fc1e-2_lr5e-4_ep100/enc_seed42_crnet_transnet_dec_seed42_transnet_transnet,42,42,clnet,crnet,transnet,transnet,gated_lowrank_affine_mlp,gated_lowrank_affine_mlp
100000,0.9982654452323914,0.0017749348189681768,0.9493206143379211,0.9950450658798218,0.9988116025924683,0.9996703267097473,0.0002931365161202848,0.3405991792678833,adapter/aux_pca_1e-2_code_mean1e-4_cov1e-4/gated_lowrank_affine_mlp,aux_pca_1e-2_code_mean1e-4_cov1e-4,adapter/aux_pca_1e-2_code_mean1e-4_cov1e-4/gated_lowrank_affine_mlp/rank32_hidden2048_gate0.1_code1e-3_fc1e-2_lr5e-4_ep100/enc_seed42_clnet_transnet_dec_seed42_transnet_transnet,adapter/aux_pca_1e-2_code_mean1e-4_cov1e-4/gated_lowrank_affine_mlp/rank32_hidden2048_gate0.1_code1e-3_fc1e-2_lr5e-4_ep100/enc_seed42_csinet_transnet_dec_seed42_transnet_transnet,42,42,clnet,csinet,transnet,transnet,gated_lowrank_affine_mlp,gated_lowrank_affine_mlp
100000,0.9994638562202454,0.000441670446889475,0.9885438680648804,0.998740553855896,0.9995753765106201,0.9998433589935303,8.052482735365629e-05,0.18653589487075806,adapter/aux_pca_1e-2_code_mean1e-4_cov1e-4/gated_lowrank_affine_mlp,aux_pca_1e-2_code_mean1e-4_cov1e-4,adapter/aux_pca_1e-2_code_mean1e-4_cov1e-4/gated_lowrank_affine_mlp/rank32_hidden2048_gate0.1_code1e-3_fc1e-2_lr5e-4_ep100/enc_seed42_clnet_transnet_dec_seed42_transnet_transnet,adapter/aux_pca_1e-2_code_mean1e-4_cov1e-4/gated_lowrank_affine_mlp/rank32_hidden2048_gate0.1_code1e-3_fc1e-2_lr5e-4_ep400/enc_seed2026_clnet_transnet_dec_seed42_transnet_transnet,42,2026,clnet,clnet,transnet,transnet,gated_lowrank_affine_mlp,gated_lowrank_affine_mlp
100000,0.9994602799415588,0.0004316153936088085,0.9848681688308716,0.9987465143203735,0.9995678663253784,0.9998397827148438,8.189676009351388e-05,0.18741632997989655,adapter/aux_pca_1e-2_code_mean1e-4_cov1e-4/gated_lowrank_affine_mlp,aux_pca_1e-2_code_mean1e-4_cov1e-4,adapter/aux_pca_1e-2_code_mean1e-4_cov1e-4/gated_lowrank_affine_mlp/rank32_hidden2048_gate0.1_code1e-3_fc1e-2_lr5e-4_ep100/enc_seed42_clnet_transnet_dec_seed42_transnet_transnet,adapter/aux_pca_1e-2_code_mean1e-4_cov1e-4/gated_lowrank_affine_mlp/rank32_hidden2048_gate0.1_code1e-3_fc1e-2_lr5e-4_ep400/enc_seed2026_crnet_transnet_dec_seed42_transnet_transnet,42,2026,clnet,crnet,transnet,transnet,gated_lowrank_affine_mlp,gated_lowrank_affine_mlp
100000,0.9986660480499268,0.0012206302490085363,0.968204915523529,0.996493935585022,0.9990042448043823,0.9997202157974243,0.00021364768326748163,0.2955019176006317,adapter/aux_pca_1e-2_code_mean1e-4_cov1e-4/gated_lowrank_affine_mlp,aux_pca_1e-2_code_mean1e-4_cov1e-4,adapter/aux_pca_1e-2_code_mean1e-4_cov1e-4/gated_lowrank_affine_mlp/rank32_hidden2048_gate0.1_code1e-3_fc1e-2_lr5e-4_ep100/enc_seed42_clnet_transnet_dec_seed42_transnet_transnet,adapter/aux_pca_1e-2_code_mean1e-4_cov1e-4/gated_lowrank_affine_mlp/rank32_hidden2048_gate0.1_code1e-3_fc1e-2_lr5e-4_ep400/enc_seed2026_csinet_transnet_dec_seed42_transnet_transnet,42,2026,clnet,csinet,transnet,transnet,gated_lowrank_affine_mlp,gated_lowrank_affine_mlp
100000,0.9995160698890686,0.0003741764521691948,0.989721417427063,0.9989007115364075,0.9996079802513123,0.9998496174812317,8.230337698478252e-05,0.18510931730270386,adapter/aux_pca_1e-2_code_mean1e-4_cov1e-4/gated_lowrank_affine_mlp,aux_pca_1e-2_code_mean1e-4_cov1e-4,adapter/aux_pca_1e-2_code_mean1e-4_cov1e-4/gated_lowrank_affine_mlp/rank32_hidden2048_gate0.1_code1e-3_fc1e-2_lr5e-4_ep100/enc_seed42_clnet_transnet_dec_seed42_transnet_transnet,adapter/aux_pca_1e-2_code_mean1e-4_cov1e-4/gated_lowrank_affine_mlp/rank32_hidden2048_gate0.1_code1e-3_fc1e-2_lr5e-4_ep400/enc_seed2026_transnet_transnet_dec_seed42_transnet_transnet,42,2026,clnet,transnet,transnet,transnet,gated_lowrank_affine_mlp,gated_lowrank_affine_mlp
100000,0.9994519352912903,0.00044579734094440937,0.9851253032684326,0.9987205862998962,0.9995645880699158,0.9998365044593811,8.275394066004083e-05,0.18935924768447876,adapter/aux_pca_1e-2_code_mean1e-4_cov1e-4/gated_lowrank_affine_mlp,aux_pca_1e-2_code_mean1e-4_cov1e-4,adapter/aux_pca_1e-2_code_mean1e-4_cov1e-4/gated_lowrank_affine_mlp/rank32_hidden2048_gate0.1_code1e-3_fc1e-2_lr5e-4_ep100/enc_seed42_clnet_transnet_dec_seed42_transnet_transnet,adapter/aux_pca_1e-2_code_mean1e-4_cov1e-4/gated_lowrank_affine_mlp/rank32_hidden2048_gate0.1_code1e-3_fc1e-2_lr5e-4_ep400/enc_seed3407_clnet_transnet_dec_seed42_transnet_transnet,42,3407,clnet,clnet,transnet,transnet,gated_lowrank_affine_mlp,gated_lowrank_affine_mlp
100000,0.9989696741104126,0.0006644322420470417,0.9738346338272095,0.9978121519088745,0.9991222620010376,0.9996383786201477,0.00016005829093046486,0.2632923126220703,adapter/aux_pca_1e-2_code_mean1e-4_cov1e-4/gated_lowrank_affine_mlp,aux_pca_1e-2_code_mean1e-4_cov1e-4,adapter/aux_pca_1e-2_code_mean1e-4_cov1e-4/gated_lowrank_affine_mlp/rank32_hidden2048_gate0.1_code1e-3_fc1e-2_lr5e-4_ep100/enc_seed42_clnet_transnet_dec_seed42_transnet_transnet,adapter/aux_pca_1e-2_code_mean1e-4_cov1e-4/gated_lowrank_affine_mlp/rank32_hidden2048_gate0.1_code1e-3_fc1e-2_lr5e-4_ep400/enc_seed3407_crnet_transnet_dec_seed42_transnet_transnet,42,3407,clnet,crnet,transnet,transnet,gated_lowrank_affine_mlp,gated_lowrank_affine_mlp
100000,0.9966688752174377,0.0018588671227917075,0.9622912406921387,0.9933068752288818,0.9970055818557739,0.9989203810691833,0.0004901232896372676,0.4688307046890259,adapter/aux_pca_1e-2_code_mean1e-4_cov1e-4/gated_lowrank_affine_mlp,aux_pca_1e-2_code_mean1e-4_cov1e-4,adapter/aux_pca_1e-2_code_mean1e-4_cov1e-4/gated_lowrank_affine_mlp/rank32_hidden2048_gate0.1_code1e-3_fc1e-2_lr5e-4_ep100/enc_seed42_clnet_transnet_dec_seed42_transnet_transnet,adapter/aux_pca_1e-2_code_mean1e-4_cov1e-4/gated_lowrank_affine_mlp/rank32_hidden2048_gate0.1_code1e-3_fc1e-2_lr5e-4_ep400/enc_seed3407_csinet_transnet_dec_seed42_transnet_transnet,42,3407,clnet,csinet,transnet,transnet,gated_lowrank_affine_mlp,gated_lowrank_affine_mlp
100000,0.9995238780975342,0.00037868155050091445,0.9898252487182617,0.9989034533500671,0.999617338180542,0.9998583197593689,7.738022395642474e-05,0.18004165589809418,adapter/aux_pca_1e-2_code_mean1e-4_cov1e-4/gated_lowrank_affine_mlp,aux_pca_1e-2_code_mean1e-4_cov1e-4,adapter/aux_pca_1e-2_code_mean1e-4_cov1e-4/gated_lowrank_affine_mlp/rank32_hidden2048_gate0.1_code1e-3_fc1e-2_lr5e-4_ep100/enc_seed42_clnet_transnet_dec_seed42_transnet_transnet,adapter/aux_pca_1e-2_code_mean1e-4_cov1e-4/gated_lowrank_affine_mlp/rank32_hidden2048_gate0.1_code1e-3_fc1e-2_lr5e-4_ep400/enc_seed3407_dec_seed42,42,3407,clnet,transnet,transnet,transnet,gated_lowrank_affine_mlp,gated_lowrank_affine_mlp
100000,0.9995238780975342,0.00037868155050091445,0.9898252487182617,0.9989034533500671,0.999617338180542,0.9998583197593689,7.738022395642474e-05,0.18004165589809418,adapter/aux_pca_1e-2_code_mean1e-4_cov1e-4/gated_lowrank_affine_mlp,aux_pca_1e-2_code_mean1e-4_cov1e-4,adapter/aux_pca_1e-2_code_mean1e-4_cov1e-4/gated_lowrank_affine_mlp/rank32_hidden2048_gate0.1_code1e-3_fc1e-2_lr5e-4_ep100/enc_seed42_clnet_transnet_dec_seed42_transnet_transnet,adapter/aux_pca_1e-2_code_mean1e-4_cov1e-4/gated_lowrank_affine_mlp/rank32_hidden2048_gate0.1_code1e-3_fc1e-2_lr5e-4_ep400/enc_seed3407_transnet_transnet_dec_seed42_transnet_transnet,42,3407,clnet,transnet,transnet,transnet,gated_lowrank_affine_mlp,gated_lowrank_affine_mlp
100000,0.999523937702179,0.00040767801692709327,0.9879522323608398,0.9988848567008972,0.9996278882026672,0.999845027923584,7.090777216944844e-05,0.17558500170707703,adapter/aux_pca_1e-2_code_mean1e-4_cov1e-4/gated_lowrank_affine_mlp,aux_pca_1e-2_code_mean1e-4_cov1e-4,adapter/aux_pca_1e-2_code_mean1e-4_cov1e-4/gated_lowrank_affine_mlp/rank32_hidden2048_gate0.1_code1e-3_fc1e-2_lr5e-4_ep100/enc_seed42_clnet_transnet_dec_seed42_transnet_transnet,adapter/aux_pca_1e-2_code_mean1e-4_cov1e-4/gated_lowrank_affine_mlp/rank32_hidden2048_gate0.1_code1e-3_fc1e-2_lr5e-4_ep400/enc_seed42_clnet_transnet_dec_seed42_transnet_transnet,42,42,clnet,clnet,transnet,transnet,gated_lowrank_affine_mlp,gated_lowrank_affine_mlp
100000,0.9986451268196106,0.0008733615395613015,0.9755985736846924,0.9970995783805847,0.9988353848457336,0.9995747804641724,0.0002065243461402133,0.29977500438690186,adapter/aux_pca_1e-2_code_mean1e-4_cov1e-4/gated_lowrank_affine_mlp,aux_pca_1e-2_code_mean1e-4_cov1e-4,adapter/aux_pca_1e-2_code_mean1e-4_cov1e-4/gated_lowrank_affine_mlp/rank32_hidden2048_gate0.1_code1e-3_fc1e-2_lr5e-4_ep100/enc_seed42_clnet_transnet_dec_seed42_transnet_transnet,adapter/aux_pca_1e-2_code_mean1e-4_cov1e-4/gated_lowrank_affine_mlp/rank32_hidden2048_gate0.1_code1e-3_fc1e-2_lr5e-4_ep400/enc_seed42_crnet_transnet_dec_seed42_transnet_transnet,42,42,clnet,crnet,transnet,transnet,gated_lowrank_affine_mlp,gated_lowrank_affine_mlp
100000,0.9989219903945923,0.0009698427165858448,0.9771239757537842,0.9972318410873413,0.9991855025291443,0.9997562170028687,0.00018121373432222754,0.2684342563152313,adapter/aux_pca_1e-2_code_mean1e-4_cov1e-4/gated_lowrank_affine_mlp,aux_pca_1e-2_code_mean1e-4_cov1e-4,adapter/aux_pca_1e-2_code_mean1e-4_cov1e-4/gated_lowrank_affine_mlp/rank32_hidden2048_gate0.1_code1e-3_fc1e-2_lr5e-4_ep100/enc_seed42_clnet_transnet_dec_seed42_transnet_transnet,adapter/aux_pca_1e-2_code_mean1e-4_cov1e-4/gated_lowrank_affine_mlp/rank32_hidden2048_gate0.1_code1e-3_fc1e-2_lr5e-4_ep400/enc_seed42_csinet_transnet_dec_seed42_transnet_transnet,42,42,clnet,csinet,transnet,transnet,gated_lowrank_affine_mlp,gated_lowrank_affine_mlp
100000,0.9979537129402161,0.0016446064691990614,0.9555305242538452,0.9949295520782471,0.9984053373336792,0.9994739294052124,0.00030171670368872583,0.35841894149780273,adapter/aux_pca_1e-2_code_mean1e-4_cov1e-4/gated_lowrank_affine_mlp,aux_pca_1e-2_code_mean1e-4_cov1e-4,adapter/aux_pca_1e-2_code_mean1e-4_cov1e-4/gated_lowrank_affine_mlp/rank32_hidden2048_gate0.1_code1e-3_fc1e-2_lr5e-4_ep100/enc_seed42_crnet_transnet_dec_seed42_transnet_transnet,adapter/aux_pca_1e-2_code_mean1e-4_cov1e-4/gated_lowrank_affine_mlp/rank32_hidden2048_gate0.1_code1e-3_fc1e-2_lr5e-4_ep100/enc_seed42_csinet_transnet_dec_seed42_transnet_transnet,42,42,crnet,csinet,transnet,transnet,gated_lowrank_affine_mlp,gated_lowrank_affine_mlp
100000,0.9987072944641113,0.000925488886423409,0.973471999168396,0.9971092939376831,0.9989278316497803,0.9996061325073242,0.0001908825506689027,0.2900174856185913,adapter/aux_pca_1e-2_code_mean1e-4_cov1e-4/gated_lowrank_affine_mlp,aux_pca_1e-2_code_mean1e-4_cov1e-4,adapter/aux_pca_1e-2_code_mean1e-4_cov1e-4/gated_lowrank_affine_mlp/rank32_hidden2048_gate0.1_code1e-3_fc1e-2_lr5e-4_ep100/enc_seed42_crnet_transnet_dec_seed42_transnet_transnet,adapter/aux_pca_1e-2_code_mean1e-4_cov1e-4/gated_lowrank_affine_mlp/rank32_hidden2048_gate0.1_code1e-3_fc1e-2_lr5e-4_ep400/enc_seed2026_clnet_transnet_dec_seed42_transnet_transnet,42,2026,crnet,clnet,transnet,transnet,gated_lowrank_affine_mlp,gated_lowrank_affine_mlp
100000,0.9987107515335083,0.0009298145305365324,0.9735376238822937,0.9971107244491577,0.9989320635795593,0.9996154308319092,0.00019058118050452322,0.29027944803237915,adapter/aux_pca_1e-2_code_mean1e-4_cov1e-4/gated_lowrank_affine_mlp,aux_pca_1e-2_code_mean1e-4_cov1e-4,adapter/aux_pca_1e-2_code_mean1e-4_cov1e-4/gated_lowrank_affine_mlp/rank32_hidden2048_gate0.1_code1e-3_fc1e-2_lr5e-4_ep100/enc_seed42_crnet_transnet_dec_seed42_transnet_transnet,adapter/aux_pca_1e-2_code_mean1e-4_cov1e-4/gated_lowrank_affine_mlp/rank32_hidden2048_gate0.1_code1e-3_fc1e-2_lr5e-4_ep400/enc_seed2026_crnet_transnet_dec_seed42_transnet_transnet,42,2026,crnet,crnet,transnet,transnet,gated_lowrank_affine_mlp,gated_lowrank_affine_mlp
100000,0.9980837106704712,0.0015725415432825685,0.9586984515190125,0.9952742457389832,0.9985042810440063,0.9995195269584656,0.00027895712992176414,0.34525978565216064,adapter/aux_pca_1e-2_code_mean1e-4_cov1e-4/gated_lowrank_affine_mlp,aux_pca_1e-2_code_mean1e-4_cov1e-4,adapter/aux_pca_1e-2_code_mean1e-4_cov1e-4/gated_lowrank_affine_mlp/rank32_hidden2048_gate0.1_code1e-3_fc1e-2_lr5e-4_ep100/enc_seed42_crnet_transnet_dec_seed42_transnet_transnet,adapter/aux_pca_1e-2_code_mean1e-4_cov1e-4/gated_lowrank_affine_mlp/rank32_hidden2048_gate0.1_code1e-3_fc1e-2_lr5e-4_ep400/enc_seed2026_csinet_transnet_dec_seed42_transnet_transnet,42,2026,crnet,csinet,transnet,transnet,gated_lowrank_affine_mlp,gated_lowrank_affine_mlp
100000,0.9987943768501282,0.0008829822763800621,0.9734030365943909,0.9972866773605347,0.9990063905715942,0.9996383190155029,0.00017285870853811502,0.2766489088535309,adapter/aux_pca_1e-2_code_mean1e-4_cov1e-4/gated_lowrank_affine_mlp,aux_pca_1e-2_code_mean1e-4_cov1e-4,adapter/aux_pca_1e-2_code_mean1e-4_cov1e-4/gated_lowrank_affine_mlp/rank32_hidden2048_gate0.1_code1e-3_fc1e-2_lr5e-4_ep100/enc_seed42_crnet_transnet_dec_seed42_transnet_transnet,adapter/aux_pca_1e-2_code_mean1e-4_cov1e-4/gated_lowrank_affine_mlp/rank32_hidden2048_gate0.1_code1e-3_fc1e-2_lr5e-4_ep400/enc_seed2026_transnet_transnet_dec_seed42_transnet_transnet,42,2026,crnet,transnet,transnet,transnet,gated_lowrank_affine_mlp,gated_lowrank_affine_mlp
100000,0.9987110495567322,0.0009223954984918237,0.9736414551734924,0.9971235990524292,0.9989312887191772,0.9996061325073242,0.00019013698329217732,0.289363294839859,adapter/aux_pca_1e-2_code_mean1e-4_cov1e-4/gated_lowrank_affine_mlp,aux_pca_1e-2_code_mean1e-4_cov1e-4,adapter/aux_pca_1e-2_code_mean1e-4_cov1e-4/gated_lowrank_affine_mlp/rank32_hidden2048_gate0.1_code1e-3_fc1e-2_lr5e-4_ep100/enc_seed42_crnet_transnet_dec_seed42_transnet_transnet,adapter/aux_pca_1e-2_code_mean1e-4_cov1e-4/gated_lowrank_affine_mlp/rank32_hidden2048_gate0.1_code1e-3_fc1e-2_lr5e-4_ep400/enc_seed3407_clnet_transnet_dec_seed42_transnet_transnet,42,3407,crnet,clnet,transnet,transnet,gated_lowrank_affine_mlp,gated_lowrank_affine_mlp
100000,0.9983381032943726,0.0010944596724584699,0.9734346866607666,0.9964011311531067,0.9985971450805664,0.999437689781189,0.00023534563661087304,0.32576286792755127,adapter/aux_pca_1e-2_code_mean1e-4_cov1e-4/gated_lowrank_affine_mlp,aux_pca_1e-2_code_mean1e-4_cov1e-4,adapter/aux_pca_1e-2_code_mean1e-4_cov1e-4/gated_lowrank_affine_mlp/rank32_hidden2048_gate0.1_code1e-3_fc1e-2_lr5e-4_ep100/enc_seed42_crnet_transnet_dec_seed42_transnet_transnet,adapter/aux_pca_1e-2_code_mean1e-4_cov1e-4/gated_lowrank_affine_mlp/rank32_hidden2048_gate0.1_code1e-3_fc1e-2_lr5e-4_ep400/enc_seed3407_crnet_transnet_dec_seed42_transnet_transnet,42,3407,crnet,crnet,transnet,transnet,gated_lowrank_affine_mlp,gated_lowrank_affine_mlp
100000,0.9960573315620422,0.0021284727845340967,0.960862398147583,0.9922652840614319,0.9964377284049988,0.9986369013786316,0.000572322984226048,0.5095710754394531,adapter/aux_pca_1e-2_code_mean1e-4_cov1e-4/gated_lowrank_affine_mlp,aux_pca_1e-2_code_mean1e-4_cov1e-4,adapter/aux_pca_1e-2_code_mean1e-4_cov1e-4/gated_lowrank_affine_mlp/rank32_hidden2048_gate0.1_code1e-3_fc1e-2_lr5e-4_ep100/enc_seed42_crnet_transnet_dec_seed42_transnet_transnet,adapter/aux_pca_1e-2_code_mean1e-4_cov1e-4/gated_lowrank_affine_mlp/rank32_hidden2048_gate0.1_code1e-3_fc1e-2_lr5e-4_ep400/enc_seed3407_csinet_transnet_dec_seed42_transnet_transnet,42,3407,crnet,csinet,transnet,transnet,gated_lowrank_affine_mlp,gated_lowrank_affine_mlp
100000,0.9988020658493042,0.0008874231134541333,0.9735540151596069,0.997282862663269,0.9990166425704956,0.9996461868286133,0.00017332812421955168,0.27665624022483826,adapter/aux_pca_1e-2_code_mean1e-4_cov1e-4/gated_lowrank_affine_mlp,aux_pca_1e-2_code_mean1e-4_cov1e-4,adapter/aux_pca_1e-2_code_mean1e-4_cov1e-4/gated_lowrank_affine_mlp/rank32_hidden2048_gate0.1_code1e-3_fc1e-2_lr5e-4_ep100/enc_seed42_crnet_transnet_dec_seed42_transnet_transnet,adapter/aux_pca_1e-2_code_mean1e-4_cov1e-4/gated_lowrank_affine_mlp/rank32_hidden2048_gate0.1_code1e-3_fc1e-2_lr5e-4_ep400/enc_seed3407_dec_seed42,42,3407,crnet,transnet,transnet,transnet,gated_lowrank_affine_mlp,gated_lowrank_affine_mlp
100000,0.9988020658493042,0.0008874231134541333,0.9735540151596069,0.997282862663269,0.9990166425704956,0.9996461868286133,0.00017332812421955168,0.27665624022483826,adapter/aux_pca_1e-2_code_mean1e-4_cov1e-4/gated_lowrank_affine_mlp,aux_pca_1e-2_code_mean1e-4_cov1e-4,adapter/aux_pca_1e-2_code_mean1e-4_cov1e-4/gated_lowrank_affine_mlp/rank32_hidden2048_gate0.1_code1e-3_fc1e-2_lr5e-4_ep100/enc_seed42_crnet_transnet_dec_seed42_transnet_transnet,adapter/aux_pca_1e-2_code_mean1e-4_cov1e-4/gated_lowrank_affine_mlp/rank32_hidden2048_gate0.1_code1e-3_fc1e-2_lr5e-4_ep400/enc_seed3407_transnet_transnet_dec_seed42_transnet_transnet,42,3407,crnet,transnet,transnet,transnet,gated_lowrank_affine_mlp,gated_lowrank_affine_mlp
100000,0.9986498951911926,0.0009510104428045452,0.9737545251846313,0.9970064759254456,0.998876690864563,0.9995794892311096,0.0002050916664302349,0.3029031455516815,adapter/aux_pca_1e-2_code_mean1e-4_cov1e-4/gated_lowrank_affine_mlp,aux_pca_1e-2_code_mean1e-4_cov1e-4,adapter/aux_pca_1e-2_code_mean1e-4_cov1e-4/gated_lowrank_affine_mlp/rank32_hidden2048_gate0.1_code1e-3_fc1e-2_lr5e-4_ep100/enc_seed42_crnet_transnet_dec_seed42_transnet_transnet,adapter/aux_pca_1e-2_code_mean1e-4_cov1e-4/gated_lowrank_affine_mlp/rank32_hidden2048_gate0.1_code1e-3_fc1e-2_lr5e-4_ep400/enc_seed42_clnet_transnet_dec_seed42_transnet_transnet,42,42,crnet,clnet,transnet,transnet,gated_lowrank_affine_mlp,gated_lowrank_affine_mlp
100000,0.9996100664138794,0.0003134310827590525,0.9785277843475342,0.9991865754127502,0.999674916267395,0.9998471736907959,5.574557508225553e-05,0.16060662269592285,adapter/aux_pca_1e-2_code_mean1e-4_cov1e-4/gated_lowrank_affine_mlp,aux_pca_1e-2_code_mean1e-4_cov1e-4,adapter/aux_pca_1e-2_code_mean1e-4_cov1e-4/gated_lowrank_affine_mlp/rank32_hidden2048_gate0.1_code1e-3_fc1e-2_lr5e-4_ep100/enc_seed42_crnet_transnet_dec_seed42_transnet_transnet,adapter/aux_pca_1e-2_code_mean1e-4_cov1e-4/gated_lowrank_affine_mlp/rank32_hidden2048_gate0.1_code1e-3_fc1e-2_lr5e-4_ep400/enc_seed42_crnet_transnet_dec_seed42_transnet_transnet,42,42,crnet,crnet,transnet,transnet,gated_lowrank_affine_mlp,gated_lowrank_affine_mlp
100000,0.9983298778533936,0.0012903113383799791,0.9732070565223694,0.9960298538208008,0.9986666440963745,0.9995458722114563,0.00024494764511473477,0.32497096061706543,adapter/aux_pca_1e-2_code_mean1e-4_cov1e-4/gated_lowrank_affine_mlp,aux_pca_1e-2_code_mean1e-4_cov1e-4,adapter/aux_pca_1e-2_code_mean1e-4_cov1e-4/gated_lowrank_affine_mlp/rank32_hidden2048_gate0.1_code1e-3_fc1e-2_lr5e-4_ep100/enc_seed42_crnet_transnet_dec_seed42_transnet_transnet,adapter/aux_pca_1e-2_code_mean1e-4_cov1e-4/gated_lowrank_affine_mlp/rank32_hidden2048_gate0.1_code1e-3_fc1e-2_lr5e-4_ep400/enc_seed42_csinet_transnet_dec_seed42_transnet_transnet,42,42,crnet,csinet,transnet,transnet,gated_lowrank_affine_mlp,gated_lowrank_affine_mlp
100000,0.9988294839859009,0.001324482960626483,0.9597729444503784,0.9964485168457031,0.9992537498474121,0.9998221397399902,0.00019399623852223158,0.2736174166202545,adapter/aux_pca_1e-2_code_mean1e-4_cov1e-4/gated_lowrank_affine_mlp,aux_pca_1e-2_code_mean1e-4_cov1e-4,adapter/aux_pca_1e-2_code_mean1e-4_cov1e-4/gated_lowrank_affine_mlp/rank32_hidden2048_gate0.1_code1e-3_fc1e-2_lr5e-4_ep100/enc_seed42_csinet_transnet_dec_seed42_transnet_transnet,adapter/aux_pca_1e-2_code_mean1e-4_cov1e-4/gated_lowrank_affine_mlp/rank32_hidden2048_gate0.1_code1e-3_fc1e-2_lr5e-4_ep400/enc_seed2026_clnet_transnet_dec_seed42_transnet_transnet,42,2026,csinet,clnet,transnet,transnet,gated_lowrank_affine_mlp,gated_lowrank_affine_mlp
100000,0.9988262057304382,0.0013257601531222463,0.9597212076187134,0.9964438080787659,0.9992519617080688,0.9998222589492798,0.00019382609752938151,0.2752075791358948,adapter/aux_pca_1e-2_code_mean1e-4_cov1e-4/gated_lowrank_affine_mlp,aux_pca_1e-2_code_mean1e-4_cov1e-4,adapter/aux_pca_1e-2_code_mean1e-4_cov1e-4/gated_lowrank_affine_mlp/rank32_hidden2048_gate0.1_code1e-3_fc1e-2_lr5e-4_ep100/enc_seed42_csinet_transnet_dec_seed42_transnet_transnet,adapter/aux_pca_1e-2_code_mean1e-4_cov1e-4/gated_lowrank_affine_mlp/rank32_hidden2048_gate0.1_code1e-3_fc1e-2_lr5e-4_ep400/enc_seed2026_crnet_transnet_dec_seed42_transnet_transnet,42,2026,csinet,crnet,transnet,transnet,gated_lowrank_affine_mlp,gated_lowrank_affine_mlp
100000,0.9984952211380005,0.001638559391722083,0.9665144085884094,0.9954882264137268,0.9990190267562866,0.999779462814331,0.00022963725496083498,0.29928043484687805,adapter/aux_pca_1e-2_code_mean1e-4_cov1e-4/gated_lowrank_affine_mlp,aux_pca_1e-2_code_mean1e-4_cov1e-4,adapter/aux_pca_1e-2_code_mean1e-4_cov1e-4/gated_lowrank_affine_mlp/rank32_hidden2048_gate0.1_code1e-3_fc1e-2_lr5e-4_ep100/enc_seed42_csinet_transnet_dec_seed42_transnet_transnet,adapter/aux_pca_1e-2_code_mean1e-4_cov1e-4/gated_lowrank_affine_mlp/rank32_hidden2048_gate0.1_code1e-3_fc1e-2_lr5e-4_ep400/enc_seed2026_csinet_transnet_dec_seed42_transnet_transnet,42,2026,csinet,csinet,transnet,transnet,gated_lowrank_affine_mlp,gated_lowrank_affine_mlp
100000,0.9989169239997864,0.001269881846383214,0.9607298374176025,0.9966443181037903,0.9993277788162231,0.9998492002487183,0.00017137067334260792,0.2570013701915741,adapter/aux_pca_1e-2_code_mean1e-4_cov1e-4/gated_lowrank_affine_mlp,aux_pca_1e-2_code_mean1e-4_cov1e-4,adapter/aux_pca_1e-2_code_mean1e-4_cov1e-4/gated_lowrank_affine_mlp/rank32_hidden2048_gate0.1_code1e-3_fc1e-2_lr5e-4_ep100/enc_seed42_csinet_transnet_dec_seed42_transnet_transnet,adapter/aux_pca_1e-2_code_mean1e-4_cov1e-4/gated_lowrank_affine_mlp/rank32_hidden2048_gate0.1_code1e-3_fc1e-2_lr5e-4_ep400/enc_seed2026_transnet_transnet_dec_seed42_transnet_transnet,42,2026,csinet,transnet,transnet,transnet,gated_lowrank_affine_mlp,gated_lowrank_affine_mlp
100000,0.9988309144973755,0.0013226603623479605,0.9562135338783264,0.9964673519134521,0.9992543458938599,0.999817967414856,0.00019328028429299593,0.2729185223579407,adapter/aux_pca_1e-2_code_mean1e-4_cov1e-4/gated_lowrank_affine_mlp,aux_pca_1e-2_code_mean1e-4_cov1e-4,adapter/aux_pca_1e-2_code_mean1e-4_cov1e-4/gated_lowrank_affine_mlp/rank32_hidden2048_gate0.1_code1e-3_fc1e-2_lr5e-4_ep100/enc_seed42_csinet_transnet_dec_seed42_transnet_transnet,adapter/aux_pca_1e-2_code_mean1e-4_cov1e-4/gated_lowrank_affine_mlp/rank32_hidden2048_gate0.1_code1e-3_fc1e-2_lr5e-4_ep400/enc_seed3407_clnet_transnet_dec_seed42_transnet_transnet,42,3407,csinet,clnet,transnet,transnet,gated_lowrank_affine_mlp,gated_lowrank_affine_mlp
100000,0.9984884262084961,0.0013795633567497134,0.9635637998580933,0.9959753155708313,0.9988964796066284,0.99964439868927,0.0002290884731337428,0.3097933828830719,adapter/aux_pca_1e-2_code_mean1e-4_cov1e-4/gated_lowrank_affine_mlp,aux_pca_1e-2_code_mean1e-4_cov1e-4,adapter/aux_pca_1e-2_code_mean1e-4_cov1e-4/gated_lowrank_affine_mlp/rank32_hidden2048_gate0.1_code1e-3_fc1e-2_lr5e-4_ep100/enc_seed42_csinet_transnet_dec_seed42_transnet_transnet,adapter/aux_pca_1e-2_code_mean1e-4_cov1e-4/gated_lowrank_affine_mlp/rank32_hidden2048_gate0.1_code1e-3_fc1e-2_lr5e-4_ep400/enc_seed3407_crnet_transnet_dec_seed42_transnet_transnet,42,3407,csinet,crnet,transnet,transnet,gated_lowrank_affine_mlp,gated_lowrank_affine_mlp
100000,0.9963020086288452,0.0022912328131496906,0.9569616317749023,0.9921238422393799,0.9967758059501648,0.9988893866539001,0.0005524278967641294,0.4944404661655426,adapter/aux_pca_1e-2_code_mean1e-4_cov1e-4/gated_lowrank_affine_mlp,aux_pca_1e-2_code_mean1e-4_cov1e-4,adapter/aux_pca_1e-2_code_mean1e-4_cov1e-4/gated_lowrank_affine_mlp/rank32_hidden2048_gate0.1_code1e-3_fc1e-2_lr5e-4_ep100/enc_seed42_csinet_transnet_dec_seed42_transnet_transnet,adapter/aux_pca_1e-2_code_mean1e-4_cov1e-4/gated_lowrank_affine_mlp/rank32_hidden2048_gate0.1_code1e-3_fc1e-2_lr5e-4_ep400/enc_seed3407_csinet_transnet_dec_seed42_transnet_transnet,42,3407,csinet,csinet,transnet,transnet,gated_lowrank_affine_mlp,gated_lowrank_affine_mlp
100000,0.9989202618598938,0.0012874758103862405,0.9605586528778076,0.9966133832931519,0.9993404150009155,0.9998570084571838,0.00017437557107768953,0.2582714259624481,adapter/aux_pca_1e-2_code_mean1e-4_cov1e-4/gated_lowrank_affine_mlp,aux_pca_1e-2_code_mean1e-4_cov1e-4,adapter/aux_pca_1e-2_code_mean1e-4_cov1e-4/gated_lowrank_affine_mlp/rank32_hidden2048_gate0.1_code1e-3_fc1e-2_lr5e-4_ep100/enc_seed42_csinet_transnet_dec_seed42_transnet_transnet,adapter/aux_pca_1e-2_code_mean1e-4_cov1e-4/gated_lowrank_affine_mlp/rank32_hidden2048_gate0.1_code1e-3_fc1e-2_lr5e-4_ep400/enc_seed3407_dec_seed42,42,3407,csinet,transnet,transnet,transnet,gated_lowrank_affine_mlp,gated_lowrank_affine_mlp
100000,0.9989202618598938,0.0012874758103862405,0.9605586528778076,0.9966133832931519,0.9993404150009155,0.9998570084571838,0.00017437557107768953,0.2582714259624481,adapter/aux_pca_1e-2_code_mean1e-4_cov1e-4/gated_lowrank_affine_mlp,aux_pca_1e-2_code_mean1e-4_cov1e-4,adapter/aux_pca_1e-2_code_mean1e-4_cov1e-4/gated_lowrank_affine_mlp/rank32_hidden2048_gate0.1_code1e-3_fc1e-2_lr5e-4_ep100/enc_seed42_csinet_transnet_dec_seed42_transnet_transnet,adapter/aux_pca_1e-2_code_mean1e-4_cov1e-4/gated_lowrank_affine_mlp/rank32_hidden2048_gate0.1_code1e-3_fc1e-2_lr5e-4_ep400/enc_seed3407_transnet_transnet_dec_seed42_transnet_transnet,42,3407,csinet,transnet,transnet,transnet,gated_lowrank_affine_mlp,gated_lowrank_affine_mlp
100000,0.9987738132476807,0.0013526766560971737,0.9587845802307129,0.9963487982749939,0.9992038011550903,0.9997936487197876,0.00020999996922910213,0.29037538170814514,adapter/aux_pca_1e-2_code_mean1e-4_cov1e-4/gated_lowrank_affine_mlp,aux_pca_1e-2_code_mean1e-4_cov1e-4,adapter/aux_pca_1e-2_code_mean1e-4_cov1e-4/gated_lowrank_affine_mlp/rank32_hidden2048_gate0.1_code1e-3_fc1e-2_lr5e-4_ep100/enc_seed42_csinet_transnet_dec_seed42_transnet_transnet,adapter/aux_pca_1e-2_code_mean1e-4_cov1e-4/gated_lowrank_affine_mlp/rank32_hidden2048_gate0.1_code1e-3_fc1e-2_lr5e-4_ep400/enc_seed42_clnet_transnet_dec_seed42_transnet_transnet,42,42,csinet,clnet,transnet,transnet,gated_lowrank_affine_mlp,gated_lowrank_affine_mlp
100000,0.9981867671012878,0.0015247960109263659,0.9632484912872314,0.9953749179840088,0.9986181259155273,0.9995685815811157,0.0002705810184124857,0.33957013487815857,adapter/aux_pca_1e-2_code_mean1e-4_cov1e-4/gated_lowrank_affine_mlp,aux_pca_1e-2_code_mean1e-4_cov1e-4,adapter/aux_pca_1e-2_code_mean1e-4_cov1e-4/gated_lowrank_affine_mlp/rank32_hidden2048_gate0.1_code1e-3_fc1e-2_lr5e-4_ep100/enc_seed42_csinet_transnet_dec_seed42_transnet_transnet,adapter/aux_pca_1e-2_code_mean1e-4_cov1e-4/gated_lowrank_affine_mlp/rank32_hidden2048_gate0.1_code1e-3_fc1e-2_lr5e-4_ep400/enc_seed42_crnet_transnet_dec_seed42_transnet_transnet,42,42,csinet,crnet,transnet,transnet,gated_lowrank_affine_mlp,gated_lowrank_affine_mlp
100000,0.9993523359298706,0.0009067662758752704,0.9725396037101746,0.9978355765342712,0.9996471405029297,0.9998766779899597,9.403659350937232e-05,0.19305168092250824,adapter/aux_pca_1e-2_code_mean1e-4_cov1e-4/gated_lowrank_affine_mlp,aux_pca_1e-2_code_mean1e-4_cov1e-4,adapter/aux_pca_1e-2_code_mean1e-4_cov1e-4/gated_lowrank_affine_mlp/rank32_hidden2048_gate0.1_code1e-3_fc1e-2_lr5e-4_ep100/enc_seed42_csinet_transnet_dec_seed42_transnet_transnet,adapter/aux_pca_1e-2_code_mean1e-4_cov1e-4/gated_lowrank_affine_mlp/rank32_hidden2048_gate0.1_code1e-3_fc1e-2_lr5e-4_ep400/enc_seed42_csinet_transnet_dec_seed42_transnet_transnet,42,42,csinet,csinet,transnet,transnet,gated_lowrank_affine_mlp,gated_lowrank_affine_mlp
100000,0.999817967414856,0.00014809472486376762,0.9905529618263245,0.9995843172073364,0.9998530149459839,0.9999428987503052,2.689376015041489e-05,0.10873501747846603,adapter/aux_pca_1e-2_code_mean1e-4_cov1e-4/gated_lowrank_affine_mlp,aux_pca_1e-2_code_mean1e-4_cov1e-4,adapter/aux_pca_1e-2_code_mean1e-4_cov1e-4/gated_lowrank_affine_mlp/rank32_hidden2048_gate0.1_code1e-3_fc1e-2_lr5e-4_ep400/enc_seed2026_clnet_transnet_dec_seed42_transnet_transnet,adapter/aux_pca_1e-2_code_mean1e-4_cov1e-4/gated_lowrank_affine_mlp/rank32_hidden2048_gate0.1_code1e-3_fc1e-2_lr5e-4_ep400/enc_seed2026_crnet_transnet_dec_seed42_transnet_transnet,2026,2026,clnet,crnet,transnet,transnet,gated_lowrank_affine_mlp,gated_lowrank_affine_mlp
100000,0.9990921020507812,0.0010145241394639015,0.9742490649223328,0.9973695874214172,0.9993902444839478,0.9998551607131958,0.0001415527076460421,0.23538117110729218,adapter/aux_pca_1e-2_code_mean1e-4_cov1e-4/gated_lowrank_affine_mlp,aux_pca_1e-2_code_mean1e-4_cov1e-4,adapter/aux_pca_1e-2_code_mean1e-4_cov1e-4/gated_lowrank_affine_mlp/rank32_hidden2048_gate0.1_code1e-3_fc1e-2_lr5e-4_ep400/enc_seed2026_clnet_transnet_dec_seed42_transnet_transnet,adapter/aux_pca_1e-2_code_mean1e-4_cov1e-4/gated_lowrank_affine_mlp/rank32_hidden2048_gate0.1_code1e-3_fc1e-2_lr5e-4_ep400/enc_seed2026_csinet_transnet_dec_seed42_transnet_transnet,2026,2026,clnet,csinet,transnet,transnet,gated_lowrank_affine_mlp,gated_lowrank_affine_mlp
100000,0.9998790621757507,9.242422675015405e-05,0.9944732785224915,0.999738872051239,0.9999001026153564,0.9999560117721558,2.0770079572685063e-05,0.09401672333478928,adapter/aux_pca_1e-2_code_mean1e-4_cov1e-4/gated_lowrank_affine_mlp,aux_pca_1e-2_code_mean1e-4_cov1e-4,adapter/aux_pca_1e-2_code_mean1e-4_cov1e-4/gated_lowrank_affine_mlp/rank32_hidden2048_gate0.1_code1e-3_fc1e-2_lr5e-4_ep400/enc_seed2026_clnet_transnet_dec_seed42_transnet_transnet,adapter/aux_pca_1e-2_code_mean1e-4_cov1e-4/gated_lowrank_affine_mlp/rank32_hidden2048_gate0.1_code1e-3_fc1e-2_lr5e-4_ep400/enc_seed2026_transnet_transnet_dec_seed42_transnet_transnet,2026,2026,clnet,transnet,transnet,transnet,gated_lowrank_affine_mlp,gated_lowrank_affine_mlp
100000,0.99982088804245,0.00013945501996204257,0.9935525059700012,0.9996018409729004,0.9998544454574585,0.9999380111694336,2.6276633434463292e-05,0.10823529958724976,adapter/aux_pca_1e-2_code_mean1e-4_cov1e-4/gated_lowrank_affine_mlp,aux_pca_1e-2_code_mean1e-4_cov1e-4,adapter/aux_pca_1e-2_code_mean1e-4_cov1e-4/gated_lowrank_affine_mlp/rank32_hidden2048_gate0.1_code1e-3_fc1e-2_lr5e-4_ep400/enc_seed2026_clnet_transnet_dec_seed42_transnet_transnet,adapter/aux_pca_1e-2_code_mean1e-4_cov1e-4/gated_lowrank_affine_mlp/rank32_hidden2048_gate0.1_code1e-3_fc1e-2_lr5e-4_ep400/enc_seed3407_clnet_transnet_dec_seed42_transnet_transnet,2026,3407,clnet,clnet,transnet,transnet,gated_lowrank_affine_mlp,gated_lowrank_affine_mlp
100000,0.9993723034858704,0.00040613848250359297,0.9852249622344971,0.998687207698822,0.9994637966156006,0.9997721314430237,9.158149623544887e-05,0.20195259153842926,adapter/aux_pca_1e-2_code_mean1e-4_cov1e-4/gated_lowrank_affine_mlp,aux_pca_1e-2_code_mean1e-4_cov1e-4,adapter/aux_pca_1e-2_code_mean1e-4_cov1e-4/gated_lowrank_affine_mlp/rank32_hidden2048_gate0.1_code1e-3_fc1e-2_lr5e-4_ep400/enc_seed2026_clnet_transnet_dec_seed42_transnet_transnet,adapter/aux_pca_1e-2_code_mean1e-4_cov1e-4/gated_lowrank_affine_mlp/rank32_hidden2048_gate0.1_code1e-3_fc1e-2_lr5e-4_ep400/enc_seed3407_crnet_transnet_dec_seed42_transnet_transnet,2026,3407,clnet,crnet,transnet,transnet,gated_lowrank_affine_mlp,gated_lowrank_affine_mlp
100000,0.9970268607139587,0.00163931748829782,0.9613404273986816,0.9940688014030457,0.9973145723342896,0.9990421533584595,0.0004321043670643121,0.44117897748947144,adapter/aux_pca_1e-2_code_mean1e-4_cov1e-4/gated_lowrank_affine_mlp,aux_pca_1e-2_code_mean1e-4_cov1e-4,adapter/aux_pca_1e-2_code_mean1e-4_cov1e-4/gated_lowrank_affine_mlp/rank32_hidden2048_gate0.1_code1e-3_fc1e-2_lr5e-4_ep400/enc_seed2026_clnet_transnet_dec_seed42_transnet_transnet,adapter/aux_pca_1e-2_code_mean1e-4_cov1e-4/gated_lowrank_affine_mlp/rank32_hidden2048_gate0.1_code1e-3_fc1e-2_lr5e-4_ep400/enc_seed3407_csinet_transnet_dec_seed42_transnet_transnet,2026,3407,clnet,csinet,transnet,transnet,gated_lowrank_affine_mlp,gated_lowrank_affine_mlp
100000,0.9998921751976013,9.036470873979852e-05,0.9946010708808899,0.9997591376304626,0.9999129772186279,0.99996417760849,1.7129616026068106e-05,0.08552809059619904,adapter/aux_pca_1e-2_code_mean1e-4_cov1e-4/gated_lowrank_affine_mlp,aux_pca_1e-2_code_mean1e-4_cov1e-4,adapter/aux_pca_1e-2_code_mean1e-4_cov1e-4/gated_lowrank_affine_mlp/rank32_hidden2048_gate0.1_code1e-3_fc1e-2_lr5e-4_ep400/enc_seed2026_clnet_transnet_dec_seed42_transnet_transnet,adapter/aux_pca_1e-2_code_mean1e-4_cov1e-4/gated_lowrank_affine_mlp/rank32_hidden2048_gate0.1_code1e-3_fc1e-2_lr5e-4_ep400/enc_seed3407_dec_seed42,2026,3407,clnet,transnet,transnet,transnet,gated_lowrank_affine_mlp,gated_lowrank_affine_mlp
100000,0.9998921751976013,9.036470873979852e-05,0.9946010708808899,0.9997591376304626,0.9999129772186279,0.99996417760849,1.7129616026068106e-05,0.08552809059619904,adapter/aux_pca_1e-2_code_mean1e-4_cov1e-4/gated_lowrank_affine_mlp,aux_pca_1e-2_code_mean1e-4_cov1e-4,adapter/aux_pca_1e-2_code_mean1e-4_cov1e-4/gated_lowrank_affine_mlp/rank32_hidden2048_gate0.1_code1e-3_fc1e-2_lr5e-4_ep400/enc_seed2026_clnet_transnet_dec_seed42_transnet_transnet,adapter/aux_pca_1e-2_code_mean1e-4_cov1e-4/gated_lowrank_affine_mlp/rank32_hidden2048_gate0.1_code1e-3_fc1e-2_lr5e-4_ep400/enc_seed3407_transnet_transnet_dec_seed42_transnet_transnet,2026,3407,clnet,transnet,transnet,transnet,gated_lowrank_affine_mlp,gated_lowrank_affine_mlp
100000,0.9997695684432983,0.00017045924323610961,0.9919890761375427,0.9994968175888062,0.999811053276062,0.9999156594276428,3.5623335861600935e-05,0.1278333216905594,adapter/aux_pca_1e-2_code_mean1e-4_cov1e-4/gated_lowrank_affine_mlp,aux_pca_1e-2_code_mean1e-4_cov1e-4,adapter/aux_pca_1e-2_code_mean1e-4_cov1e-4/gated_lowrank_affine_mlp/rank32_hidden2048_gate0.1_code1e-3_fc1e-2_lr5e-4_ep400/enc_seed2026_clnet_transnet_dec_seed42_transnet_transnet,adapter/aux_pca_1e-2_code_mean1e-4_cov1e-4/gated_lowrank_affine_mlp/rank32_hidden2048_gate0.1_code1e-3_fc1e-2_lr5e-4_ep400/enc_seed42_clnet_transnet_dec_seed42_transnet_transnet,2026,42,clnet,clnet,transnet,transnet,gated_lowrank_affine_mlp,gated_lowrank_affine_mlp
100000,0.999036431312561,0.0006552298436872661,0.9752575755119324,0.9979003071784973,0.9991820454597473,0.9997053146362305,0.00013970780128147453,0.24834659695625305,adapter/aux_pca_1e-2_code_mean1e-4_cov1e-4/gated_lowrank_affine_mlp,aux_pca_1e-2_code_mean1e-4_cov1e-4,adapter/aux_pca_1e-2_code_mean1e-4_cov1e-4/gated_lowrank_affine_mlp/rank32_hidden2048_gate0.1_code1e-3_fc1e-2_lr5e-4_ep400/enc_seed2026_clnet_transnet_dec_seed42_transnet_transnet,adapter/aux_pca_1e-2_code_mean1e-4_cov1e-4/gated_lowrank_affine_mlp/rank32_hidden2048_gate0.1_code1e-3_fc1e-2_lr5e-4_ep400/enc_seed42_crnet_transnet_dec_seed42_transnet_transnet,2026,42,clnet,crnet,transnet,transnet,gated_lowrank_affine_mlp,gated_lowrank_affine_mlp
100000,0.9993602633476257,0.0007185154827311635,0.9778914451599121,0.9982284903526306,0.9995613694190979,0.9998829364776611,0.00010593114711809903,0.20068985223770142,adapter/aux_pca_1e-2_code_mean1e-4_cov1e-4/gated_lowrank_affine_mlp,aux_pca_1e-2_code_mean1e-4_cov1e-4,adapter/aux_pca_1e-2_code_mean1e-4_cov1e-4/gated_lowrank_affine_mlp/rank32_hidden2048_gate0.1_code1e-3_fc1e-2_lr5e-4_ep400/enc_seed2026_clnet_transnet_dec_seed42_transnet_transnet,adapter/aux_pca_1e-2_code_mean1e-4_cov1e-4/gated_lowrank_affine_mlp/rank32_hidden2048_gate0.1_code1e-3_fc1e-2_lr5e-4_ep400/enc_seed42_csinet_transnet_dec_seed42_transnet_transnet,2026,42,clnet,csinet,transnet,transnet,gated_lowrank_affine_mlp,gated_lowrank_affine_mlp
100000,0.9990965127944946,0.0010201415279880166,0.9743361473083496,0.9973660707473755,0.9993957281112671,0.9998619556427002,0.00014063777052797377,0.23521128296852112,adapter/aux_pca_1e-2_code_mean1e-4_cov1e-4/gated_lowrank_affine_mlp,aux_pca_1e-2_code_mean1e-4_cov1e-4,adapter/aux_pca_1e-2_code_mean1e-4_cov1e-4/gated_lowrank_affine_mlp/rank32_hidden2048_gate0.1_code1e-3_fc1e-2_lr5e-4_ep400/enc_seed2026_crnet_transnet_dec_seed42_transnet_transnet,adapter/aux_pca_1e-2_code_mean1e-4_cov1e-4/gated_lowrank_affine_mlp/rank32_hidden2048_gate0.1_code1e-3_fc1e-2_lr5e-4_ep400/enc_seed2026_csinet_transnet_dec_seed42_transnet_transnet,2026,2026,crnet,csinet,transnet,transnet,gated_lowrank_affine_mlp,gated_lowrank_affine_mlp
100000,0.9998852014541626,9.365066944155842e-05,0.9958633184432983,0.9997421503067017,0.9999072551727295,0.9999632239341736,1.9558869098545983e-05,0.09137247502803802,adapter/aux_pca_1e-2_code_mean1e-4_cov1e-4/gated_lowrank_affine_mlp,aux_pca_1e-2_code_mean1e-4_cov1e-4,adapter/aux_pca_1e-2_code_mean1e-4_cov1e-4/gated_lowrank_affine_mlp/rank32_hidden2048_gate0.1_code1e-3_fc1e-2_lr5e-4_ep400/enc_seed2026_crnet_transnet_dec_seed42_transnet_transnet,adapter/aux_pca_1e-2_code_mean1e-4_cov1e-4/gated_lowrank_affine_mlp/rank32_hidden2048_gate0.1_code1e-3_fc1e-2_lr5e-4_ep400/enc_seed2026_transnet_transnet_dec_seed42_transnet_transnet,2026,2026,crnet,transnet,transnet,transnet,gated_lowrank_affine_mlp,gated_lowrank_affine_mlp
100000,0.9998281002044678,0.00013102735101711005,0.9956152439117432,0.999609649181366,0.9998601675033569,0.9999465942382812,2.5734261726029217e-05,0.1066051721572876,adapter/aux_pca_1e-2_code_mean1e-4_cov1e-4/gated_lowrank_affine_mlp,aux_pca_1e-2_code_mean1e-4_cov1e-4,adapter/aux_pca_1e-2_code_mean1e-4_cov1e-4/gated_lowrank_affine_mlp/rank32_hidden2048_gate0.1_code1e-3_fc1e-2_lr5e-4_ep400/enc_seed2026_crnet_transnet_dec_seed42_transnet_transnet,adapter/aux_pca_1e-2_code_mean1e-4_cov1e-4/gated_lowrank_affine_mlp/rank32_hidden2048_gate0.1_code1e-3_fc1e-2_lr5e-4_ep400/enc_seed3407_clnet_transnet_dec_seed42_transnet_transnet,2026,3407,crnet,clnet,transnet,transnet,gated_lowrank_affine_mlp,gated_lowrank_affine_mlp
100000,0.99937903881073,0.0004104679683223367,0.9853577613830566,0.9986819624900818,0.99947190284729,0.999783992767334,9.014990791911259e-05,0.20039434731006622,adapter/aux_pca_1e-2_code_mean1e-4_cov1e-4/gated_lowrank_affine_mlp,aux_pca_1e-2_code_mean1e-4_cov1e-4,adapter/aux_pca_1e-2_code_mean1e-4_cov1e-4/gated_lowrank_affine_mlp/rank32_hidden2048_gate0.1_code1e-3_fc1e-2_lr5e-4_ep400/enc_seed2026_crnet_transnet_dec_seed42_transnet_transnet,adapter/aux_pca_1e-2_code_mean1e-4_cov1e-4/gated_lowrank_affine_mlp/rank32_hidden2048_gate0.1_code1e-3_fc1e-2_lr5e-4_ep400/enc_seed3407_crnet_transnet_dec_seed42_transnet_transnet,2026,3407,crnet,crnet,transnet,transnet,gated_lowrank_affine_mlp,gated_lowrank_affine_mlp
100000,0.9970155954360962,0.0016448760870844126,0.9637919068336487,0.9940356016159058,0.9973066449165344,0.9990366697311401,0.0004325446207076311,0.4416053891181946,adapter/aux_pca_1e-2_code_mean1e-4_cov1e-4/gated_lowrank_affine_mlp,aux_pca_1e-2_code_mean1e-4_cov1e-4,adapter/aux_pca_1e-2_code_mean1e-4_cov1e-4/gated_lowrank_affine_mlp/rank32_hidden2048_gate0.1_code1e-3_fc1e-2_lr5e-4_ep400/enc_seed2026_crnet_transnet_dec_seed42_transnet_transnet,adapter/aux_pca_1e-2_code_mean1e-4_cov1e-4/gated_lowrank_affine_mlp/rank32_hidden2048_gate0.1_code1e-3_fc1e-2_lr5e-4_ep400/enc_seed3407_csinet_transnet_dec_seed42_transnet_transnet,2026,3407,crnet,csinet,transnet,transnet,gated_lowrank_affine_mlp,gated_lowrank_affine_mlp
100000,0.999897301197052,9.311399480793625e-05,0.9956721663475037,0.9997587203979492,0.9999192357063293,0.9999713897705078,1.6562054952373728e-05,0.08370552211999893,adapter/aux_pca_1e-2_code_mean1e-4_cov1e-4/gated_lowrank_affine_mlp,aux_pca_1e-2_code_mean1e-4_cov1e-4,adapter/aux_pca_1e-2_code_mean1e-4_cov1e-4/gated_lowrank_affine_mlp/rank32_hidden2048_gate0.1_code1e-3_fc1e-2_lr5e-4_ep400/enc_seed2026_crnet_transnet_dec_seed42_transnet_transnet,adapter/aux_pca_1e-2_code_mean1e-4_cov1e-4/gated_lowrank_affine_mlp/rank32_hidden2048_gate0.1_code1e-3_fc1e-2_lr5e-4_ep400/enc_seed3407_dec_seed42,2026,3407,crnet,transnet,transnet,transnet,gated_lowrank_affine_mlp,gated_lowrank_affine_mlp
100000,0.999897301197052,9.311399480793625e-05,0.9956721663475037,0.9997587203979492,0.9999192357063293,0.9999713897705078,1.6562054952373728e-05,0.08370552211999893,adapter/aux_pca_1e-2_code_mean1e-4_cov1e-4/gated_lowrank_affine_mlp,aux_pca_1e-2_code_mean1e-4_cov1e-4,adapter/aux_pca_1e-2_code_mean1e-4_cov1e-4/gated_lowrank_affine_mlp/rank32_hidden2048_gate0.1_code1e-3_fc1e-2_lr5e-4_ep400/enc_seed2026_crnet_transnet_dec_seed42_transnet_transnet,adapter/aux_pca_1e-2_code_mean1e-4_cov1e-4/gated_lowrank_affine_mlp/rank32_hidden2048_gate0.1_code1e-3_fc1e-2_lr5e-4_ep400/enc_seed3407_transnet_transnet_dec_seed42_transnet_transnet,2026,3407,crnet,transnet,transnet,transnet,gated_lowrank_affine_mlp,gated_lowrank_affine_mlp
100000,0.9997783899307251,0.00016091200814116746,0.9937557578086853,0.9995096325874329,0.9998180866241455,0.9999233484268188,3.341681804158725e-05,0.12281367182731628,adapter/aux_pca_1e-2_code_mean1e-4_cov1e-4/gated_lowrank_affine_mlp,aux_pca_1e-2_code_mean1e-4_cov1e-4,adapter/aux_pca_1e-2_code_mean1e-4_cov1e-4/gated_lowrank_affine_mlp/rank32_hidden2048_gate0.1_code1e-3_fc1e-2_lr5e-4_ep400/enc_seed2026_crnet_transnet_dec_seed42_transnet_transnet,adapter/aux_pca_1e-2_code_mean1e-4_cov1e-4/gated_lowrank_affine_mlp/rank32_hidden2048_gate0.1_code1e-3_fc1e-2_lr5e-4_ep400/enc_seed42_clnet_transnet_dec_seed42_transnet_transnet,2026,42,crnet,clnet,transnet,transnet,gated_lowrank_affine_mlp,gated_lowrank_affine_mlp
100000,0.999039351940155,0.0006616560276597738,0.9753098487854004,0.997890830039978,0.999187707901001,0.9997154474258423,0.00013816027785651386,0.2469659298658371,adapter/aux_pca_1e-2_code_mean1e-4_cov1e-4/gated_lowrank_affine_mlp,aux_pca_1e-2_code_mean1e-4_cov1e-4,adapter/aux_pca_1e-2_code_mean1e-4_cov1e-4/gated_lowrank_affine_mlp/rank32_hidden2048_gate0.1_code1e-3_fc1e-2_lr5e-4_ep400/enc_seed2026_crnet_transnet_dec_seed42_transnet_transnet,adapter/aux_pca_1e-2_code_mean1e-4_cov1e-4/gated_lowrank_affine_mlp/rank32_hidden2048_gate0.1_code1e-3_fc1e-2_lr5e-4_ep400/enc_seed42_crnet_transnet_dec_seed42_transnet_transnet,2026,42,crnet,crnet,transnet,transnet,gated_lowrank_affine_mlp,gated_lowrank_affine_mlp
100000,0.9993593692779541,0.000727737438865006,0.9775266051292419,0.9982046484947205,0.999564528465271,0.9998899698257446,0.00010440904588904232,0.19956441223621368,adapter/aux_pca_1e-2_code_mean1e-4_cov1e-4/gated_lowrank_affine_mlp,aux_pca_1e-2_code_mean1e-4_cov1e-4,adapter/aux_pca_1e-2_code_mean1e-4_cov1e-4/gated_lowrank_affine_mlp/rank32_hidden2048_gate0.1_code1e-3_fc1e-2_lr5e-4_ep400/enc_seed2026_crnet_transnet_dec_seed42_transnet_transnet,adapter/aux_pca_1e-2_code_mean1e-4_cov1e-4/gated_lowrank_affine_mlp/rank32_hidden2048_gate0.1_code1e-3_fc1e-2_lr5e-4_ep400/enc_seed42_csinet_transnet_dec_seed42_transnet_transnet,2026,42,crnet,csinet,transnet,transnet,gated_lowrank_affine_mlp,gated_lowrank_affine_mlp
100000,0.9991766810417175,0.0009871551301330328,0.9744656085968018,0.9975159168243408,0.9994723796844482,0.9998864531517029,0.00012571791012305766,0.22007034718990326,adapter/aux_pca_1e-2_code_mean1e-4_cov1e-4/gated_lowrank_affine_mlp,aux_pca_1e-2_code_mean1e-4_cov1e-4,adapter/aux_pca_1e-2_code_mean1e-4_cov1e-4/gated_lowrank_affine_mlp/rank32_hidden2048_gate0.1_code1e-3_fc1e-2_lr5e-4_ep400/enc_seed2026_csinet_transnet_dec_seed42_transnet_transnet,adapter/aux_pca_1e-2_code_mean1e-4_cov1e-4/gated_lowrank_affine_mlp/rank32_hidden2048_gate0.1_code1e-3_fc1e-2_lr5e-4_ep400/enc_seed2026_transnet_transnet_dec_seed42_transnet_transnet,2026,2026,csinet,transnet,transnet,transnet,gated_lowrank_affine_mlp,gated_lowrank_affine_mlp
100000,0.9991044998168945,0.0010103120002895594,0.9730483293533325,0.9973995089530945,0.9994014501571655,0.9998579025268555,0.00013989578292239457,0.23347558081150055,adapter/aux_pca_1e-2_code_mean1e-4_cov1e-4/gated_lowrank_affine_mlp,aux_pca_1e-2_code_mean1e-4_cov1e-4,adapter/aux_pca_1e-2_code_mean1e-4_cov1e-4/gated_lowrank_affine_mlp/rank32_hidden2048_gate0.1_code1e-3_fc1e-2_lr5e-4_ep400/enc_seed2026_csinet_transnet_dec_seed42_transnet_transnet,adapter/aux_pca_1e-2_code_mean1e-4_cov1e-4/gated_lowrank_affine_mlp/rank32_hidden2048_gate0.1_code1e-3_fc1e-2_lr5e-4_ep400/enc_seed3407_clnet_transnet_dec_seed42_transnet_transnet,2026,3407,csinet,clnet,transnet,transnet,gated_lowrank_affine_mlp,gated_lowrank_affine_mlp
100000,0.998708188533783,0.0011687001679092646,0.966675877571106,0.9966621994972229,0.9990371465682983,0.9996843338012695,0.00018961422028951347,0.28221556544303894,adapter/aux_pca_1e-2_code_mean1e-4_cov1e-4/gated_lowrank_affine_mlp,aux_pca_1e-2_code_mean1e-4_cov1e-4,adapter/aux_pca_1e-2_code_mean1e-4_cov1e-4/gated_lowrank_affine_mlp/rank32_hidden2048_gate0.1_code1e-3_fc1e-2_lr5e-4_ep400/enc_seed2026_csinet_transnet_dec_seed42_transnet_transnet,adapter/aux_pca_1e-2_code_mean1e-4_cov1e-4/gated_lowrank_affine_mlp/rank32_hidden2048_gate0.1_code1e-3_fc1e-2_lr5e-4_ep400/enc_seed3407_crnet_transnet_dec_seed42_transnet_transnet,2026,3407,csinet,crnet,transnet,transnet,gated_lowrank_affine_mlp,gated_lowrank_affine_mlp
100000,0.9965398907661438,0.0020484747365117073,0.9580985307693481,0.9928388595581055,0.9969416856765747,0.9989278316497803,0.0005051832995377481,0.474422812461853,adapter/aux_pca_1e-2_code_mean1e-4_cov1e-4/gated_lowrank_affine_mlp,aux_pca_1e-2_code_mean1e-4_cov1e-4,adapter/aux_pca_1e-2_code_mean1e-4_cov1e-4/gated_lowrank_affine_mlp/rank32_hidden2048_gate0.1_code1e-3_fc1e-2_lr5e-4_ep400/enc_seed2026_csinet_transnet_dec_seed42_transnet_transnet,adapter/aux_pca_1e-2_code_mean1e-4_cov1e-4/gated_lowrank_affine_mlp/rank32_hidden2048_gate0.1_code1e-3_fc1e-2_lr5e-4_ep400/enc_seed3407_csinet_transnet_dec_seed42_transnet_transnet,2026,3407,csinet,csinet,transnet,transnet,gated_lowrank_affine_mlp,gated_lowrank_affine_mlp
100000,0.9991950392723083,0.0009832630166783929,0.9746984243392944,0.9975422620773315,0.9994919300079346,0.9998955130577087,0.0001236273383256048,0.21673963963985443,adapter/aux_pca_1e-2_code_mean1e-4_cov1e-4/gated_lowrank_affine_mlp,aux_pca_1e-2_code_mean1e-4_cov1e-4,adapter/aux_pca_1e-2_code_mean1e-4_cov1e-4/gated_lowrank_affine_mlp/rank32_hidden2048_gate0.1_code1e-3_fc1e-2_lr5e-4_ep400/enc_seed2026_csinet_transnet_dec_seed42_transnet_transnet,adapter/aux_pca_1e-2_code_mean1e-4_cov1e-4/gated_lowrank_affine_mlp/rank32_hidden2048_gate0.1_code1e-3_fc1e-2_lr5e-4_ep400/enc_seed3407_dec_seed42,2026,3407,csinet,transnet,transnet,transnet,gated_lowrank_affine_mlp,gated_lowrank_affine_mlp
100000,0.9991950392723083,0.0009832630166783929,0.9746984243392944,0.9975422620773315,0.9994919300079346,0.9998955130577087,0.0001236273383256048,0.21673963963985443,adapter/aux_pca_1e-2_code_mean1e-4_cov1e-4/gated_lowrank_affine_mlp,aux_pca_1e-2_code_mean1e-4_cov1e-4,adapter/aux_pca_1e-2_code_mean1e-4_cov1e-4/gated_lowrank_affine_mlp/rank32_hidden2048_gate0.1_code1e-3_fc1e-2_lr5e-4_ep400/enc_seed2026_csinet_transnet_dec_seed42_transnet_transnet,adapter/aux_pca_1e-2_code_mean1e-4_cov1e-4/gated_lowrank_affine_mlp/rank32_hidden2048_gate0.1_code1e-3_fc1e-2_lr5e-4_ep400/enc_seed3407_transnet_transnet_dec_seed42_transnet_transnet,2026,3407,csinet,transnet,transnet,transnet,gated_lowrank_affine_mlp,gated_lowrank_affine_mlp
100000,0.9990386962890625,0.0010298413690179586,0.972801148891449,0.9972817897796631,0.9993391036987305,0.9998244643211365,0.0001536015042802319,0.2502140700817108,adapter/aux_pca_1e-2_code_mean1e-4_cov1e-4/gated_lowrank_affine_mlp,aux_pca_1e-2_code_mean1e-4_cov1e-4,adapter/aux_pca_1e-2_code_mean1e-4_cov1e-4/gated_lowrank_affine_mlp/rank32_hidden2048_gate0.1_code1e-3_fc1e-2_lr5e-4_ep400/enc_seed2026_csinet_transnet_dec_seed42_transnet_transnet,adapter/aux_pca_1e-2_code_mean1e-4_cov1e-4/gated_lowrank_affine_mlp/rank32_hidden2048_gate0.1_code1e-3_fc1e-2_lr5e-4_ep400/enc_seed42_clnet_transnet_dec_seed42_transnet_transnet,2026,42,csinet,clnet,transnet,transnet,gated_lowrank_affine_mlp,gated_lowrank_affine_mlp
100000,0.9983904361724854,0.0013654358917847276,0.9620456099510193,0.9959737062454224,0.9987561702728271,0.9996166229248047,0.00023390287242364138,0.3155616819858551,adapter/aux_pca_1e-2_code_mean1e-4_cov1e-4/gated_lowrank_affine_mlp,aux_pca_1e-2_code_mean1e-4_cov1e-4,adapter/aux_pca_1e-2_code_mean1e-4_cov1e-4/gated_lowrank_affine_mlp/rank32_hidden2048_gate0.1_code1e-3_fc1e-2_lr5e-4_ep400/enc_seed2026_csinet_transnet_dec_seed42_transnet_transnet,adapter/aux_pca_1e-2_code_mean1e-4_cov1e-4/gated_lowrank_affine_mlp/rank32_hidden2048_gate0.1_code1e-3_fc1e-2_lr5e-4_ep400/enc_seed42_crnet_transnet_dec_seed42_transnet_transnet,2026,42,csinet,crnet,transnet,transnet,gated_lowrank_affine_mlp,gated_lowrank_affine_mlp
100000,0.9989948868751526,0.001186041976325214,0.97160404920578,0.9969446063041687,0.9993600845336914,0.9998485445976257,0.00015498613356612623,0.2424875646829605,adapter/aux_pca_1e-2_code_mean1e-4_cov1e-4/gated_lowrank_affine_mlp,aux_pca_1e-2_code_mean1e-4_cov1e-4,adapter/aux_pca_1e-2_code_mean1e-4_cov1e-4/gated_lowrank_affine_mlp/rank32_hidden2048_gate0.1_code1e-3_fc1e-2_lr5e-4_ep400/enc_seed2026_csinet_transnet_dec_seed42_transnet_transnet,adapter/aux_pca_1e-2_code_mean1e-4_cov1e-4/gated_lowrank_affine_mlp/rank32_hidden2048_gate0.1_code1e-3_fc1e-2_lr5e-4_ep400/enc_seed42_csinet_transnet_dec_seed42_transnet_transnet,2026,42,csinet,csinet,transnet,transnet,gated_lowrank_affine_mlp,gated_lowrank_affine_mlp
100000,0.9998852014541626,8.580473513575271e-05,0.9959288835525513,0.999753475189209,0.9999051094055176,0.9999579191207886,1.9998127754661255e-05,0.09216073155403137,adapter/aux_pca_1e-2_code_mean1e-4_cov1e-4/gated_lowrank_affine_mlp,aux_pca_1e-2_code_mean1e-4_cov1e-4,adapter/aux_pca_1e-2_code_mean1e-4_cov1e-4/gated_lowrank_affine_mlp/rank32_hidden2048_gate0.1_code1e-3_fc1e-2_lr5e-4_ep400/enc_seed2026_transnet_transnet_dec_seed42_transnet_transnet,adapter/aux_pca_1e-2_code_mean1e-4_cov1e-4/gated_lowrank_affine_mlp/rank32_hidden2048_gate0.1_code1e-3_fc1e-2_lr5e-4_ep400/enc_seed3407_clnet_transnet_dec_seed42_transnet_transnet,2026,3407,transnet,clnet,transnet,transnet,gated_lowrank_affine_mlp,gated_lowrank_affine_mlp
100000,0.9994562864303589,0.00037190868170000613,0.9869946837425232,0.9988420605659485,0.9995431303977966,0.9998058080673218,7.59517279220745e-05,0.18577361106872559,adapter/aux_pca_1e-2_code_mean1e-4_cov1e-4/gated_lowrank_affine_mlp,aux_pca_1e-2_code_mean1e-4_cov1e-4,adapter/aux_pca_1e-2_code_mean1e-4_cov1e-4/gated_lowrank_affine_mlp/rank32_hidden2048_gate0.1_code1e-3_fc1e-2_lr5e-4_ep400/enc_seed2026_transnet_transnet_dec_seed42_transnet_transnet,adapter/aux_pca_1e-2_code_mean1e-4_cov1e-4/gated_lowrank_affine_mlp/rank32_hidden2048_gate0.1_code1e-3_fc1e-2_lr5e-4_ep400/enc_seed3407_crnet_transnet_dec_seed42_transnet_transnet,2026,3407,transnet,crnet,transnet,transnet,gated_lowrank_affine_mlp,gated_lowrank_affine_mlp
100000,0.9970939755439758,0.0015962247271090746,0.9634246230125427,0.9942097663879395,0.9973745346069336,0.9990566372871399,0.0004226354940328747,0.4364809989929199,adapter/aux_pca_1e-2_code_mean1e-4_cov1e-4/gated_lowrank_affine_mlp,aux_pca_1e-2_code_mean1e-4_cov1e-4,adapter/aux_pca_1e-2_code_mean1e-4_cov1e-4/gated_lowrank_affine_mlp/rank32_hidden2048_gate0.1_code1e-3_fc1e-2_lr5e-4_ep400/enc_seed2026_transnet_transnet_dec_seed42_transnet_transnet,adapter/aux_pca_1e-2_code_mean1e-4_cov1e-4/gated_lowrank_affine_mlp/rank32_hidden2048_gate0.1_code1e-3_fc1e-2_lr5e-4_ep400/enc_seed3407_csinet_transnet_dec_seed42_transnet_transnet,2026,3407,transnet,csinet,transnet,transnet,gated_lowrank_affine_mlp,gated_lowrank_affine_mlp
100000,0.9999759197235107,1.2221866199979559e-05,0.9997875690460205,0.9999536275863647,0.9999783039093018,0.9999899864196777,4.506569439399755e-06,0.04557622969150543,adapter/aux_pca_1e-2_code_mean1e-4_cov1e-4/gated_lowrank_affine_mlp,aux_pca_1e-2_code_mean1e-4_cov1e-4,adapter/aux_pca_1e-2_code_mean1e-4_cov1e-4/gated_lowrank_affine_mlp/rank32_hidden2048_gate0.1_code1e-3_fc1e-2_lr5e-4_ep400/enc_seed2026_transnet_transnet_dec_seed42_transnet_transnet,adapter/aux_pca_1e-2_code_mean1e-4_cov1e-4/gated_lowrank_affine_mlp/rank32_hidden2048_gate0.1_code1e-3_fc1e-2_lr5e-4_ep400/enc_seed3407_dec_seed42,2026,3407,transnet,transnet,transnet,transnet,gated_lowrank_affine_mlp,gated_lowrank_affine_mlp
100000,0.9999759197235107,1.2221866199979559e-05,0.9997875690460205,0.9999536275863647,0.9999783039093018,0.9999899864196777,4.506569439399755e-06,0.04557622969150543,adapter/aux_pca_1e-2_code_mean1e-4_cov1e-4/gated_lowrank_affine_mlp,aux_pca_1e-2_code_mean1e-4_cov1e-4,adapter/aux_pca_1e-2_code_mean1e-4_cov1e-4/gated_lowrank_affine_mlp/rank32_hidden2048_gate0.1_code1e-3_fc1e-2_lr5e-4_ep400/enc_seed2026_transnet_transnet_dec_seed42_transnet_transnet,adapter/aux_pca_1e-2_code_mean1e-4_cov1e-4/gated_lowrank_affine_mlp/rank32_hidden2048_gate0.1_code1e-3_fc1e-2_lr5e-4_ep400/enc_seed3407_transnet_transnet_dec_seed42_transnet_transnet,2026,3407,transnet,transnet,transnet,transnet,gated_lowrank_affine_mlp,gated_lowrank_affine_mlp
100000,0.9998298287391663,0.00012870780483353883,0.9938027262687683,0.9996320009231567,0.999860405921936,0.9999356269836426,3.0357456125784665e-05,0.11637556552886963,adapter/aux_pca_1e-2_code_mean1e-4_cov1e-4/gated_lowrank_affine_mlp,aux_pca_1e-2_code_mean1e-4_cov1e-4,adapter/aux_pca_1e-2_code_mean1e-4_cov1e-4/gated_lowrank_affine_mlp/rank32_hidden2048_gate0.1_code1e-3_fc1e-2_lr5e-4_ep400/enc_seed2026_transnet_transnet_dec_seed42_transnet_transnet,adapter/aux_pca_1e-2_code_mean1e-4_cov1e-4/gated_lowrank_affine_mlp/rank32_hidden2048_gate0.1_code1e-3_fc1e-2_lr5e-4_ep400/enc_seed42_clnet_transnet_dec_seed42_transnet_transnet,2026,42,transnet,clnet,transnet,transnet,gated_lowrank_affine_mlp,gated_lowrank_affine_mlp
100000,0.9991213083267212,0.0006192540167830884,0.9751936197280884,0.9980570077896118,0.9992637634277344,0.9997367858886719,0.00012324107228778303,0.23446272313594818,adapter/aux_pca_1e-2_code_mean1e-4_cov1e-4/gated_lowrank_affine_mlp,aux_pca_1e-2_code_mean1e-4_cov1e-4,adapter/aux_pca_1e-2_code_mean1e-4_cov1e-4/gated_lowrank_affine_mlp/rank32_hidden2048_gate0.1_code1e-3_fc1e-2_lr5e-4_ep400/enc_seed2026_transnet_transnet_dec_seed42_transnet_transnet,adapter/aux_pca_1e-2_code_mean1e-4_cov1e-4/gated_lowrank_affine_mlp/rank32_hidden2048_gate0.1_code1e-3_fc1e-2_lr5e-4_ep400/enc_seed42_crnet_transnet_dec_seed42_transnet_transnet,2026,42,transnet,crnet,transnet,transnet,gated_lowrank_affine_mlp,gated_lowrank_affine_mlp
100000,0.9994389414787292,0.0006937226862646639,0.9782797694206238,0.9983707070350647,0.9996373653411865,0.9999113082885742,8.840254304232076e-05,0.1821947544813156,adapter/aux_pca_1e-2_code_mean1e-4_cov1e-4/gated_lowrank_affine_mlp,aux_pca_1e-2_code_mean1e-4_cov1e-4,adapter/aux_pca_1e-2_code_mean1e-4_cov1e-4/gated_lowrank_affine_mlp/rank32_hidden2048_gate0.1_code1e-3_fc1e-2_lr5e-4_ep400/enc_seed2026_transnet_transnet_dec_seed42_transnet_transnet,adapter/aux_pca_1e-2_code_mean1e-4_cov1e-4/gated_lowrank_affine_mlp/rank32_hidden2048_gate0.1_code1e-3_fc1e-2_lr5e-4_ep400/enc_seed42_csinet_transnet_dec_seed42_transnet_transnet,2026,42,transnet,csinet,transnet,transnet,gated_lowrank_affine_mlp,gated_lowrank_affine_mlp
100000,0.9993857741355896,0.00039787087007425725,0.9869944453239441,0.998712420463562,0.9994758367538452,0.9997780323028564,8.975021046353504e-05,0.19989532232284546,adapter/aux_pca_1e-2_code_mean1e-4_cov1e-4/gated_lowrank_affine_mlp,aux_pca_1e-2_code_mean1e-4_cov1e-4,adapter/aux_pca_1e-2_code_mean1e-4_cov1e-4/gated_lowrank_affine_mlp/rank32_hidden2048_gate0.1_code1e-3_fc1e-2_lr5e-4_ep400/enc_seed3407_clnet_transnet_dec_seed42_transnet_transnet,adapter/aux_pca_1e-2_code_mean1e-4_cov1e-4/gated_lowrank_affine_mlp/rank32_hidden2048_gate0.1_code1e-3_fc1e-2_lr5e-4_ep400/enc_seed3407_crnet_transnet_dec_seed42_transnet_transnet,3407,3407,clnet,crnet,transnet,transnet,gated_lowrank_affine_mlp,gated_lowrank_affine_mlp
100000,0.9970261454582214,0.0016342508606612682,0.9627265930175781,0.9940751194953918,0.9973152875900269,0.9990344047546387,0.0004324634501244873,0.44143640995025635,adapter/aux_pca_1e-2_code_mean1e-4_cov1e-4/gated_lowrank_affine_mlp,aux_pca_1e-2_code_mean1e-4_cov1e-4,adapter/aux_pca_1e-2_code_mean1e-4_cov1e-4/gated_lowrank_affine_mlp/rank32_hidden2048_gate0.1_code1e-3_fc1e-2_lr5e-4_ep400/enc_seed3407_clnet_transnet_dec_seed42_transnet_transnet,adapter/aux_pca_1e-2_code_mean1e-4_cov1e-4/gated_lowrank_affine_mlp/rank32_hidden2048_gate0.1_code1e-3_fc1e-2_lr5e-4_ep400/enc_seed3407_csinet_transnet_dec_seed42_transnet_transnet,3407,3407,clnet,csinet,transnet,transnet,gated_lowrank_affine_mlp,gated_lowrank_affine_mlp
100000,0.9998986721038818,8.379490463994443e-05,0.996015727519989,0.9997739195823669,0.9999181628227234,0.9999659657478333,1.6280064301099628e-05,0.08328687399625778,adapter/aux_pca_1e-2_code_mean1e-4_cov1e-4/gated_lowrank_affine_mlp,aux_pca_1e-2_code_mean1e-4_cov1e-4,adapter/aux_pca_1e-2_code_mean1e-4_cov1e-4/gated_lowrank_affine_mlp/rank32_hidden2048_gate0.1_code1e-3_fc1e-2_lr5e-4_ep400/enc_seed3407_clnet_transnet_dec_seed42_transnet_transnet,adapter/aux_pca_1e-2_code_mean1e-4_cov1e-4/gated_lowrank_affine_mlp/rank32_hidden2048_gate0.1_code1e-3_fc1e-2_lr5e-4_ep400/enc_seed3407_dec_seed42,3407,3407,clnet,transnet,transnet,transnet,gated_lowrank_affine_mlp,gated_lowrank_affine_mlp
100000,0.9998986721038818,8.379490463994443e-05,0.996015727519989,0.9997739195823669,0.9999181628227234,0.9999659657478333,1.6280064301099628e-05,0.08328687399625778,adapter/aux_pca_1e-2_code_mean1e-4_cov1e-4/gated_lowrank_affine_mlp,aux_pca_1e-2_code_mean1e-4_cov1e-4,adapter/aux_pca_1e-2_code_mean1e-4_cov1e-4/gated_lowrank_affine_mlp/rank32_hidden2048_gate0.1_code1e-3_fc1e-2_lr5e-4_ep400/enc_seed3407_clnet_transnet_dec_seed42_transnet_transnet,adapter/aux_pca_1e-2_code_mean1e-4_cov1e-4/gated_lowrank_affine_mlp/rank32_hidden2048_gate0.1_code1e-3_fc1e-2_lr5e-4_ep400/enc_seed3407_transnet_transnet_dec_seed42_transnet_transnet,3407,3407,clnet,transnet,transnet,transnet,gated_lowrank_affine_mlp,gated_lowrank_affine_mlp
100000,0.9997740387916565,0.00015899974096100777,0.9937092065811157,0.9995133280754089,0.99981290102005,0.9999144077301025,3.5820004995912313e-05,0.1285080462694168,adapter/aux_pca_1e-2_code_mean1e-4_cov1e-4/gated_lowrank_affine_mlp,aux_pca_1e-2_code_mean1e-4_cov1e-4,adapter/aux_pca_1e-2_code_mean1e-4_cov1e-4/gated_lowrank_affine_mlp/rank32_hidden2048_gate0.1_code1e-3_fc1e-2_lr5e-4_ep400/enc_seed3407_clnet_transnet_dec_seed42_transnet_transnet,adapter/aux_pca_1e-2_code_mean1e-4_cov1e-4/gated_lowrank_affine_mlp/rank32_hidden2048_gate0.1_code1e-3_fc1e-2_lr5e-4_ep400/enc_seed42_clnet_transnet_dec_seed42_transnet_transnet,3407,42,clnet,clnet,transnet,transnet,gated_lowrank_affine_mlp,gated_lowrank_affine_mlp
100000,0.9990424513816833,0.0006528025842271745,0.9754307270050049,0.9979122281074524,0.9991886019706726,0.9997085332870483,0.00013916721218265593,0.2478058934211731,adapter/aux_pca_1e-2_code_mean1e-4_cov1e-4/gated_lowrank_affine_mlp,aux_pca_1e-2_code_mean1e-4_cov1e-4,adapter/aux_pca_1e-2_code_mean1e-4_cov1e-4/gated_lowrank_affine_mlp/rank32_hidden2048_gate0.1_code1e-3_fc1e-2_lr5e-4_ep400/enc_seed3407_clnet_transnet_dec_seed42_transnet_transnet,adapter/aux_pca_1e-2_code_mean1e-4_cov1e-4/gated_lowrank_affine_mlp/rank32_hidden2048_gate0.1_code1e-3_fc1e-2_lr5e-4_ep400/enc_seed42_crnet_transnet_dec_seed42_transnet_transnet,3407,42,clnet,crnet,transnet,transnet,gated_lowrank_affine_mlp,gated_lowrank_affine_mlp
100000,0.9993726015090942,0.0007164077833294868,0.9775739908218384,0.9982368350028992,0.9995738863945007,0.9998915791511536,0.00010447872773511335,0.19850394129753113,adapter/aux_pca_1e-2_code_mean1e-4_cov1e-4/gated_lowrank_affine_mlp,aux_pca_1e-2_code_mean1e-4_cov1e-4,adapter/aux_pca_1e-2_code_mean1e-4_cov1e-4/gated_lowrank_affine_mlp/rank32_hidden2048_gate0.1_code1e-3_fc1e-2_lr5e-4_ep400/enc_seed3407_clnet_transnet_dec_seed42_transnet_transnet,adapter/aux_pca_1e-2_code_mean1e-4_cov1e-4/gated_lowrank_affine_mlp/rank32_hidden2048_gate0.1_code1e-3_fc1e-2_lr5e-4_ep400/enc_seed42_csinet_transnet_dec_seed42_transnet_transnet,3407,42,clnet,csinet,transnet,transnet,gated_lowrank_affine_mlp,gated_lowrank_affine_mlp
100000,0.9966215491294861,0.0017820267239585519,0.9613946080207825,0.9933898448944092,0.9969370365142822,0.9988025426864624,0.0004880023770965636,0.4706205427646637,adapter/aux_pca_1e-2_code_mean1e-4_cov1e-4/gated_lowrank_affine_mlp,aux_pca_1e-2_code_mean1e-4_cov1e-4,adapter/aux_pca_1e-2_code_mean1e-4_cov1e-4/gated_lowrank_affine_mlp/rank32_hidden2048_gate0.1_code1e-3_fc1e-2_lr5e-4_ep400/enc_seed3407_crnet_transnet_dec_seed42_transnet_transnet,adapter/aux_pca_1e-2_code_mean1e-4_cov1e-4/gated_lowrank_affine_mlp/rank32_hidden2048_gate0.1_code1e-3_fc1e-2_lr5e-4_ep400/enc_seed3407_csinet_transnet_dec_seed42_transnet_transnet,3407,3407,crnet,csinet,transnet,transnet,gated_lowrank_affine_mlp,gated_lowrank_affine_mlp
100000,0.9994705319404602,0.0003701651585288346,0.986993134021759,0.9988610744476318,0.9995579719543457,0.9998146295547485,7.420748443109915e-05,0.18263491988182068,adapter/aux_pca_1e-2_code_mean1e-4_cov1e-4/gated_lowrank_affine_mlp,aux_pca_1e-2_code_mean1e-4_cov1e-4,adapter/aux_pca_1e-2_code_mean1e-4_cov1e-4/gated_lowrank_affine_mlp/rank32_hidden2048_gate0.1_code1e-3_fc1e-2_lr5e-4_ep400/enc_seed3407_crnet_transnet_dec_seed42_transnet_transnet,adapter/aux_pca_1e-2_code_mean1e-4_cov1e-4/gated_lowrank_affine_mlp/rank32_hidden2048_gate0.1_code1e-3_fc1e-2_lr5e-4_ep400/enc_seed3407_dec_seed42,3407,3407,crnet,transnet,transnet,transnet,gated_lowrank_affine_mlp,gated_lowrank_affine_mlp
100000,0.9994705319404602,0.0003701651585288346,0.986993134021759,0.9988610744476318,0.9995579719543457,0.9998146295547485,7.420748443109915e-05,0.18263491988182068,adapter/aux_pca_1e-2_code_mean1e-4_cov1e-4/gated_lowrank_affine_mlp,aux_pca_1e-2_code_mean1e-4_cov1e-4,adapter/aux_pca_1e-2_code_mean1e-4_cov1e-4/gated_lowrank_affine_mlp/rank32_hidden2048_gate0.1_code1e-3_fc1e-2_lr5e-4_ep400/enc_seed3407_crnet_transnet_dec_seed42_transnet_transnet,adapter/aux_pca_1e-2_code_mean1e-4_cov1e-4/gated_lowrank_affine_mlp/rank32_hidden2048_gate0.1_code1e-3_fc1e-2_lr5e-4_ep400/enc_seed3407_transnet_transnet_dec_seed42_transnet_transnet,3407,3407,crnet,transnet,transnet,transnet,gated_lowrank_affine_mlp,gated_lowrank_affine_mlp
100000,0.9993214011192322,0.00043033689144067466,0.984773576259613,0.9985865354537964,0.9994182586669922,0.9997513294219971,0.0001021069911075756,0.214167982339859,adapter/aux_pca_1e-2_code_mean1e-4_cov1e-4/gated_lowrank_affine_mlp,aux_pca_1e-2_code_mean1e-4_cov1e-4,adapter/aux_pca_1e-2_code_mean1e-4_cov1e-4/gated_lowrank_affine_mlp/rank32_hidden2048_gate0.1_code1e-3_fc1e-2_lr5e-4_ep400/enc_seed3407_crnet_transnet_dec_seed42_transnet_transnet,adapter/aux_pca_1e-2_code_mean1e-4_cov1e-4/gated_lowrank_affine_mlp/rank32_hidden2048_gate0.1_code1e-3_fc1e-2_lr5e-4_ep400/enc_seed42_clnet_transnet_dec_seed42_transnet_transnet,3407,42,crnet,clnet,transnet,transnet,gated_lowrank_affine_mlp,gated_lowrank_affine_mlp
100000,0.9986465573310852,0.0008613889222033322,0.975214421749115,0.9971334338188171,0.9988441467285156,0.9995357990264893,0.00018800143152475357,0.29160192608833313,adapter/aux_pca_1e-2_code_mean1e-4_cov1e-4/gated_lowrank_affine_mlp,aux_pca_1e-2_code_mean1e-4_cov1e-4,adapter/aux_pca_1e-2_code_mean1e-4_cov1e-4/gated_lowrank_affine_mlp/rank32_hidden2048_gate0.1_code1e-3_fc1e-2_lr5e-4_ep400/enc_seed3407_crnet_transnet_dec_seed42_transnet_transnet,adapter/aux_pca_1e-2_code_mean1e-4_cov1e-4/gated_lowrank_affine_mlp/rank32_hidden2048_gate0.1_code1e-3_fc1e-2_lr5e-4_ep400/enc_seed42_crnet_transnet_dec_seed42_transnet_transnet,3407,42,crnet,crnet,transnet,transnet,gated_lowrank_affine_mlp,gated_lowrank_affine_mlp
100000,0.9989756941795349,0.0008648035582154989,0.9779759645462036,0.997498631477356,0.9992073774337769,0.9997148513793945,0.00015147673548199236,0.25295963883399963,adapter/aux_pca_1e-2_code_mean1e-4_cov1e-4/gated_lowrank_affine_mlp,aux_pca_1e-2_code_mean1e-4_cov1e-4,adapter/aux_pca_1e-2_code_mean1e-4_cov1e-4/gated_lowrank_affine_mlp/rank32_hidden2048_gate0.1_code1e-3_fc1e-2_lr5e-4_ep400/enc_seed3407_crnet_transnet_dec_seed42_transnet_transnet,adapter/aux_pca_1e-2_code_mean1e-4_cov1e-4/gated_lowrank_affine_mlp/rank32_hidden2048_gate0.1_code1e-3_fc1e-2_lr5e-4_ep400/enc_seed42_csinet_transnet_dec_seed42_transnet_transnet,3407,42,crnet,csinet,transnet,transnet,gated_lowrank_affine_mlp,gated_lowrank_affine_mlp
100000,0.9970976114273071,0.0015994557179510593,0.9632943868637085,0.9941990375518799,0.9973804950714111,0.9990644454956055,0.00042058463441208005,0.43532794713974,adapter/aux_pca_1e-2_code_mean1e-4_cov1e-4/gated_lowrank_affine_mlp,aux_pca_1e-2_code_mean1e-4_cov1e-4,adapter/aux_pca_1e-2_code_mean1e-4_cov1e-4/gated_lowrank_affine_mlp/rank32_hidden2048_gate0.1_code1e-3_fc1e-2_lr5e-4_ep400/enc_seed3407_csinet_transnet_dec_seed42_transnet_transnet,adapter/aux_pca_1e-2_code_mean1e-4_cov1e-4/gated_lowrank_affine_mlp/rank32_hidden2048_gate0.1_code1e-3_fc1e-2_lr5e-4_ep400/enc_seed3407_dec_seed42,3407,3407,csinet,transnet,transnet,transnet,gated_lowrank_affine_mlp,gated_lowrank_affine_mlp
100000,0.9970976114273071,0.0015994557179510593,0.9632943868637085,0.9941990375518799,0.9973804950714111,0.9990644454956055,0.00042058463441208005,0.43532794713974,adapter/aux_pca_1e-2_code_mean1e-4_cov1e-4/gated_lowrank_affine_mlp,aux_pca_1e-2_code_mean1e-4_cov1e-4,adapter/aux_pca_1e-2_code_mean1e-4_cov1e-4/gated_lowrank_affine_mlp/rank32_hidden2048_gate0.1_code1e-3_fc1e-2_lr5e-4_ep400/enc_seed3407_csinet_transnet_dec_seed42_transnet_transnet,adapter/aux_pca_1e-2_code_mean1e-4_cov1e-4/gated_lowrank_affine_mlp/rank32_hidden2048_gate0.1_code1e-3_fc1e-2_lr5e-4_ep400/enc_seed3407_transnet_transnet_dec_seed42_transnet_transnet,3407,3407,csinet,transnet,transnet,transnet,gated_lowrank_affine_mlp,gated_lowrank_affine_mlp
100000,0.9969615340232849,0.0016707320464774966,0.9634256362915039,0.993941068649292,0.9972598552703857,0.999004602432251,0.0004408061795402318,0.4467065632343292,adapter/aux_pca_1e-2_code_mean1e-4_cov1e-4/gated_lowrank_affine_mlp,aux_pca_1e-2_code_mean1e-4_cov1e-4,adapter/aux_pca_1e-2_code_mean1e-4_cov1e-4/gated_lowrank_affine_mlp/rank32_hidden2048_gate0.1_code1e-3_fc1e-2_lr5e-4_ep400/enc_seed3407_csinet_transnet_dec_seed42_transnet_transnet,adapter/aux_pca_1e-2_code_mean1e-4_cov1e-4/gated_lowrank_affine_mlp/rank32_hidden2048_gate0.1_code1e-3_fc1e-2_lr5e-4_ep400/enc_seed42_clnet_transnet_dec_seed42_transnet_transnet,3407,42,csinet,clnet,transnet,transnet,gated_lowrank_affine_mlp,gated_lowrank_affine_mlp
100000,0.9963555932044983,0.0019276704406365752,0.9621212482452393,0.9928925037384033,0.9966857433319092,0.9987462759017944,0.0005244842614047229,0.4879927337169647,adapter/aux_pca_1e-2_code_mean1e-4_cov1e-4/gated_lowrank_affine_mlp,aux_pca_1e-2_code_mean1e-4_cov1e-4,adapter/aux_pca_1e-2_code_mean1e-4_cov1e-4/gated_lowrank_affine_mlp/rank32_hidden2048_gate0.1_code1e-3_fc1e-2_lr5e-4_ep400/enc_seed3407_csinet_transnet_dec_seed42_transnet_transnet,adapter/aux_pca_1e-2_code_mean1e-4_cov1e-4/gated_lowrank_affine_mlp/rank32_hidden2048_gate0.1_code1e-3_fc1e-2_lr5e-4_ep400/enc_seed42_crnet_transnet_dec_seed42_transnet_transnet,3407,42,csinet,crnet,transnet,transnet,gated_lowrank_affine_mlp,gated_lowrank_affine_mlp
100000,0.9967764019966125,0.0018391053890809417,0.9622282981872559,0.9934452176094055,0.9971208572387695,0.9989752769470215,0.0004725542094092816,0.45900630950927734,adapter/aux_pca_1e-2_code_mean1e-4_cov1e-4/gated_lowrank_affine_mlp,aux_pca_1e-2_code_mean1e-4_cov1e-4,adapter/aux_pca_1e-2_code_mean1e-4_cov1e-4/gated_lowrank_affine_mlp/rank32_hidden2048_gate0.1_code1e-3_fc1e-2_lr5e-4_ep400/enc_seed3407_csinet_transnet_dec_seed42_transnet_transnet,adapter/aux_pca_1e-2_code_mean1e-4_cov1e-4/gated_lowrank_affine_mlp/rank32_hidden2048_gate0.1_code1e-3_fc1e-2_lr5e-4_ep400/enc_seed42_csinet_transnet_dec_seed42_transnet_transnet,3407,42,csinet,csinet,transnet,transnet,gated_lowrank_affine_mlp,gated_lowrank_affine_mlp
100000,1.0,1.0427900321019479e-07,0.9999996423721313,0.9999998807907104,1.0,1.0000001192092896,0.0,0.0,adapter/aux_pca_1e-2_code_mean1e-4_cov1e-4/gated_lowrank_affine_mlp,aux_pca_1e-2_code_mean1e-4_cov1e-4,adapter/aux_pca_1e-2_code_mean1e-4_cov1e-4/gated_lowrank_affine_mlp/rank32_hidden2048_gate0.1_code1e-3_fc1e-2_lr5e-4_ep400/enc_seed3407_dec_seed42,adapter/aux_pca_1e-2_code_mean1e-4_cov1e-4/gated_lowrank_affine_mlp/rank32_hidden2048_gate0.1_code1e-3_fc1e-2_lr5e-4_ep400/enc_seed3407_transnet_transnet_dec_seed42_transnet_transnet,3407,3407,transnet,transnet,transnet,transnet,gated_lowrank_affine_mlp,gated_lowrank_affine_mlp
100000,0.9998440146446228,0.00012512385728769004,0.9938836097717285,0.9996556043624878,0.9998741745948792,0.999943196773529,2.7161720936419442e-05,0.11027701199054718,adapter/aux_pca_1e-2_code_mean1e-4_cov1e-4/gated_lowrank_affine_mlp,aux_pca_1e-2_code_mean1e-4_cov1e-4,adapter/aux_pca_1e-2_code_mean1e-4_cov1e-4/gated_lowrank_affine_mlp/rank32_hidden2048_gate0.1_code1e-3_fc1e-2_lr5e-4_ep400/enc_seed3407_dec_seed42,adapter/aux_pca_1e-2_code_mean1e-4_cov1e-4/gated_lowrank_affine_mlp/rank32_hidden2048_gate0.1_code1e-3_fc1e-2_lr5e-4_ep400/enc_seed42_clnet_transnet_dec_seed42_transnet_transnet,3407,42,transnet,clnet,transnet,transnet,gated_lowrank_affine_mlp,gated_lowrank_affine_mlp
100000,0.9991330504417419,0.0006196904578246176,0.9753339290618896,0.9980669617652893,0.9992763996124268,0.9997459053993225,0.00012276737834326923,0.23312830924987793,adapter/aux_pca_1e-2_code_mean1e-4_cov1e-4/gated_lowrank_affine_mlp,aux_pca_1e-2_code_mean1e-4_cov1e-4,adapter/aux_pca_1e-2_code_mean1e-4_cov1e-4/gated_lowrank_affine_mlp/rank32_hidden2048_gate0.1_code1e-3_fc1e-2_lr5e-4_ep400/enc_seed3407_dec_seed42,adapter/aux_pca_1e-2_code_mean1e-4_cov1e-4/gated_lowrank_affine_mlp/rank32_hidden2048_gate0.1_code1e-3_fc1e-2_lr5e-4_ep400/enc_seed42_crnet_transnet_dec_seed42_transnet_transnet,3407,42,transnet,crnet,transnet,transnet,gated_lowrank_affine_mlp,gated_lowrank_affine_mlp
100000,0.9994592070579529,0.0006896811537444592,0.978131115436554,0.9984012246131897,0.9996578097343445,0.9999213218688965,8.77657366800122e-05,0.17955262959003448,adapter/aux_pca_1e-2_code_mean1e-4_cov1e-4/gated_lowrank_affine_mlp,aux_pca_1e-2_code_mean1e-4_cov1e-4,adapter/aux_pca_1e-2_code_mean1e-4_cov1e-4/gated_lowrank_affine_mlp/rank32_hidden2048_gate0.1_code1e-3_fc1e-2_lr5e-4_ep400/enc_seed3407_dec_seed42,adapter/aux_pca_1e-2_code_mean1e-4_cov1e-4/gated_lowrank_affine_mlp/rank32_hidden2048_gate0.1_code1e-3_fc1e-2_lr5e-4_ep400/enc_seed42_csinet_transnet_dec_seed42_transnet_transnet,3407,42,transnet,csinet,transnet,transnet,gated_lowrank_affine_mlp,gated_lowrank_affine_mlp
100000,0.9998440146446228,0.00012512385728769004,0.9938836097717285,0.9996556043624878,0.9998741745948792,0.999943196773529,2.7161720936419442e-05,0.11027701199054718,adapter/aux_pca_1e-2_code_mean1e-4_cov1e-4/gated_lowrank_affine_mlp,aux_pca_1e-2_code_mean1e-4_cov1e-4,adapter/aux_pca_1e-2_code_mean1e-4_cov1e-4/gated_lowrank_affine_mlp/rank32_hidden2048_gate0.1_code1e-3_fc1e-2_lr5e-4_ep400/enc_seed3407_transnet_transnet_dec_seed42_transnet_transnet,adapter/aux_pca_1e-2_code_mean1e-4_cov1e-4/gated_lowrank_affine_mlp/rank32_hidden2048_gate0.1_code1e-3_fc1e-2_lr5e-4_ep400/enc_seed42_clnet_transnet_dec_seed42_transnet_transnet,3407,42,transnet,clnet,transnet,transnet,gated_lowrank_affine_mlp,gated_lowrank_affine_mlp
100000,0.9991330504417419,0.0006196904578246176,0.9753339290618896,0.9980669617652893,0.9992763996124268,0.9997459053993225,0.00012276737834326923,0.23312830924987793,adapter/aux_pca_1e-2_code_mean1e-4_cov1e-4/gated_lowrank_affine_mlp,aux_pca_1e-2_code_mean1e-4_cov1e-4,adapter/aux_pca_1e-2_code_mean1e-4_cov1e-4/gated_lowrank_affine_mlp/rank32_hidden2048_gate0.1_code1e-3_fc1e-2_lr5e-4_ep400/enc_seed3407_transnet_transnet_dec_seed42_transnet_transnet,adapter/aux_pca_1e-2_code_mean1e-4_cov1e-4/gated_lowrank_affine_mlp/rank32_hidden2048_gate0.1_code1e-3_fc1e-2_lr5e-4_ep400/enc_seed42_crnet_transnet_dec_seed42_transnet_transnet,3407,42,transnet,crnet,transnet,transnet,gated_lowrank_affine_mlp,gated_lowrank_affine_mlp
100000,0.9994592070579529,0.0006896811537444592,0.978131115436554,0.9984012246131897,0.9996578097343445,0.9999213218688965,8.77657366800122e-05,0.17955262959003448,adapter/aux_pca_1e-2_code_mean1e-4_cov1e-4/gated_lowrank_affine_mlp,aux_pca_1e-2_code_mean1e-4_cov1e-4,adapter/aux_pca_1e-2_code_mean1e-4_cov1e-4/gated_lowrank_affine_mlp/rank32_hidden2048_gate0.1_code1e-3_fc1e-2_lr5e-4_ep400/enc_seed3407_transnet_transnet_dec_seed42_transnet_transnet,adapter/aux_pca_1e-2_code_mean1e-4_cov1e-4/gated_lowrank_affine_mlp/rank32_hidden2048_gate0.1_code1e-3_fc1e-2_lr5e-4_ep400/enc_seed42_csinet_transnet_dec_seed42_transnet_transnet,3407,42,transnet,csinet,transnet,transnet,gated_lowrank_affine_mlp,gated_lowrank_affine_mlp
100000,0.9989821910858154,0.0006780119729228318,0.9755361676216125,0.9978065490722656,0.9991332292556763,0.9996793270111084,0.00014876890054438263,0.2574034035205841,adapter/aux_pca_1e-2_code_mean1e-4_cov1e-4/gated_lowrank_affine_mlp,aux_pca_1e-2_code_mean1e-4_cov1e-4,adapter/aux_pca_1e-2_code_mean1e-4_cov1e-4/gated_lowrank_affine_mlp/rank32_hidden2048_gate0.1_code1e-3_fc1e-2_lr5e-4_ep400/enc_seed42_clnet_transnet_dec_seed42_transnet_transnet,adapter/aux_pca_1e-2_code_mean1e-4_cov1e-4/gated_lowrank_affine_mlp/rank32_hidden2048_gate0.1_code1e-3_fc1e-2_lr5e-4_ep400/enc_seed42_crnet_transnet_dec_seed42_transnet_transnet,42,42,clnet,crnet,transnet,transnet,gated_lowrank_affine_mlp,gated_lowrank_affine_mlp
100000,0.999308168888092,0.0007360063027590513,0.9778295755386353,0.9981307983398438,0.9995139837265015,0.9998570084571838,0.00011501096741994843,0.21330927312374115,adapter/aux_pca_1e-2_code_mean1e-4_cov1e-4/gated_lowrank_affine_mlp,aux_pca_1e-2_code_mean1e-4_cov1e-4,adapter/aux_pca_1e-2_code_mean1e-4_cov1e-4/gated_lowrank_affine_mlp/rank32_hidden2048_gate0.1_code1e-3_fc1e-2_lr5e-4_ep400/enc_seed42_clnet_transnet_dec_seed42_transnet_transnet,adapter/aux_pca_1e-2_code_mean1e-4_cov1e-4/gated_lowrank_affine_mlp/rank32_hidden2048_gate0.1_code1e-3_fc1e-2_lr5e-4_ep400/enc_seed42_csinet_transnet_dec_seed42_transnet_transnet,42,42,clnet,csinet,transnet,transnet,gated_lowrank_affine_mlp,gated_lowrank_affine_mlp
100000,0.9986425042152405,0.0010678439866751432,0.974953830242157,0.9967491626739502,0.9989180564880371,0.9996455907821655,0.00019657127268146724,0.29012975096702576,adapter/aux_pca_1e-2_code_mean1e-4_cov1e-4/gated_lowrank_affine_mlp,aux_pca_1e-2_code_mean1e-4_cov1e-4,adapter/aux_pca_1e-2_code_mean1e-4_cov1e-4/gated_lowrank_affine_mlp/rank32_hidden2048_gate0.1_code1e-3_fc1e-2_lr5e-4_ep400/enc_seed42_crnet_transnet_dec_seed42_transnet_transnet,adapter/aux_pca_1e-2_code_mean1e-4_cov1e-4/gated_lowrank_affine_mlp/rank32_hidden2048_gate0.1_code1e-3_fc1e-2_lr5e-4_ep400/enc_seed42_csinet_transnet_dec_seed42_transnet_transnet,42,42,crnet,csinet,transnet,transnet,gated_lowrank_affine_mlp,gated_lowrank_affine_mlp
100000,0.9978271722793579,0.002520238980650902,0.9415006637573242,0.9940699338912964,0.9985119104385376,0.9995472431182861,0.0014073920901864767,0.7515879273414612,adapter/aux_pca_1e-3/gated_lowrank_affine_linear,aux_pca_1e-3,adapter/aux_pca_1e-3/gated_lowrank_affine_linear/rank32_gate0.1_code1e-3_fc1e-2_lr5e-4_ep400/enc_seed2026_dec_seed42,adapter/aux_pca_1e-3/gated_lowrank_affine_linear/rank32_gate0.1_code1e-3_fc1e-3_lr5e-4_ep400/enc_seed2026_dec_seed42,2026,2026,transnet,transnet,transnet,transnet,gated_lowrank_affine_linear,gated_lowrank_affine_linear
100000,0.9999269843101501,4.9497579311719164e-05,0.9988808631896973,0.9998393058776855,0.9999410510063171,0.9999687671661377,4.3597152398433536e-05,0.1432085931301117,adapter/aux_pca_1e-3/gated_lowrank_affine_mlp,aux_pca_1e-3,adapter/aux_pca_1e-3/gated_lowrank_affine_mlp/rank32_hidden1024_gate0.1_code1e-3_fc1e-2_lr5e-4_ep400/enc_seed2026_dec_seed42,adapter/aux_pca_1e-3/gated_lowrank_affine_mlp/rank32_hidden1024_gate0.1_code1e-3_fc1e-3_lr5e-4_ep400/enc_seed2026_dec_seed42,2026,2026,transnet,transnet,transnet,transnet,gated_lowrank_affine_mlp,gated_lowrank_affine_mlp
100000,0.9999181628227234,6.576911982847378e-05,0.9979697465896606,0.9998024702072144,0.9999367594718933,0.9999727010726929,5.8868550695478916e-05,0.16193567216396332,adapter/aux_pca_1e-3/gated_lowrank_affine_mlp,aux_pca_1e-3,adapter/aux_pca_1e-3/gated_lowrank_affine_mlp/rank32_hidden1024_gate0.1_code1e-3_fc1e-2_lr5e-4_ep400/enc_seed2026_dec_seed42,adapter/aux_pca_1e-3/gated_lowrank_affine_mlp/rank32_hidden2048_gate0.1_code1e-3_fc1e-2_lr5e-4_ep1000/enc_seed2026_dec_seed42,2026,2026,transnet,transnet,transnet,transnet,gated_lowrank_affine_mlp,gated_lowrank_affine_mlp
100000,0.9998750686645508,9.138850145973265e-05,0.9967983961105347,0.9997146725654602,0.999900221824646,0.9999520182609558,7.213529170257971e-05,0.18441304564476013,adapter/aux_pca_1e-3/gated_lowrank_affine_mlp,aux_pca_1e-3,adapter/aux_pca_1e-3/gated_lowrank_affine_mlp/rank32_hidden1024_gate0.1_code1e-3_fc1e-2_lr5e-4_ep400/enc_seed2026_dec_seed42,adapter/aux_pca_1e-3/gated_lowrank_affine_mlp/rank32_hidden2048_gate0.1_code1e-3_fc1e-2_lr5e-4_ep200/enc_seed2026_dec_seed42,2026,2026,transnet,transnet,transnet,transnet,gated_lowrank_affine_mlp,gated_lowrank_affine_mlp
100000,0.9999192953109741,6.354077777359635e-05,0.9981403350830078,0.9998076558113098,0.9999369382858276,0.9999721646308899,6.052482422091998e-05,0.16408026218414307,adapter/aux_pca_1e-3/gated_lowrank_affine_mlp,aux_pca_1e-3,adapter/aux_pca_1e-3/gated_lowrank_affine_mlp/rank32_hidden1024_gate0.1_code1e-3_fc1e-2_lr5e-4_ep400/enc_seed2026_dec_seed42,adapter/aux_pca_1e-3/gated_lowrank_affine_mlp/rank32_hidden2048_gate0.1_code1e-3_fc1e-2_lr5e-4_ep3000/enc_seed2026_dec_seed42,2026,2026,transnet,transnet,transnet,transnet,gated_lowrank_affine_mlp,gated_lowrank_affine_mlp
100000,0.9999052882194519,7.61683113523759e-05,0.997420072555542,0.9997715353965759,0.9999270439147949,0.9999682307243347,6.164300430100411e-05,0.16768380999565125,adapter/aux_pca_1e-3/gated_lowrank_affine_mlp,aux_pca_1e-3,adapter/aux_pca_1e-3/gated_lowrank_affine_mlp/rank32_hidden1024_gate0.1_code1e-3_fc1e-2_lr5e-4_ep400/enc_seed2026_dec_seed42,adapter/aux_pca_1e-3/gated_lowrank_affine_mlp/rank32_hidden2048_gate0.1_code1e-3_fc1e-2_lr5e-4_ep400/enc_seed2026_dec_seed42,2026,2026,transnet,transnet,transnet,transnet,gated_lowrank_affine_mlp,gated_lowrank_affine_mlp
100000,0.9998932480812073,7.279941200977191e-05,0.997999906539917,0.9997657537460327,0.9999126195907593,0.9999569654464722,6.623569061048329e-05,0.176284059882164,adapter/aux_pca_1e-3/gated_lowrank_affine_mlp,aux_pca_1e-3,adapter/aux_pca_1e-3/gated_lowrank_affine_mlp/rank32_hidden1024_gate0.1_code1e-3_fc1e-2_lr5e-4_ep400/enc_seed2026_dec_seed42,adapter/aux_pca_1e-3/gated_lowrank_affine_mlp/rank32_hidden2048_gate0.1_code1e-3_fc1e-3_lr5e-4_ep200/enc_seed2026_dec_seed42,2026,2026,transnet,transnet,transnet,transnet,gated_lowrank_affine_mlp,gated_lowrank_affine_mlp
100000,0.9999101161956787,6.661324005108327e-05,0.9981226921081543,0.9997941255569458,0.9999285936355591,0.9999662637710571,6.136277079349384e-05,0.16705897450447083,adapter/aux_pca_1e-3/gated_lowrank_affine_mlp,aux_pca_1e-3,adapter/aux_pca_1e-3/gated_lowrank_affine_mlp/rank32_hidden1024_gate0.1_code1e-3_fc1e-2_lr5e-4_ep400/enc_seed2026_dec_seed42,adapter/aux_pca_1e-3/gated_lowrank_affine_mlp/rank32_hidden2048_gate0.1_code1e-3_fc1e-3_lr5e-4_ep400/enc_seed2026_dec_seed42,2026,2026,transnet,transnet,transnet,transnet,gated_lowrank_affine_mlp,gated_lowrank_affine_mlp
100000,0.9998323321342468,0.00013356086856219918,0.9967890977859497,0.9995915293693542,0.9998694658279419,0.9999536275863647,9.887151827570051e-05,0.21139027178287506,adapter/aux_pca_1e-3/gated_lowrank_affine_mlp,aux_pca_1e-3,adapter/aux_pca_1e-3/gated_lowrank_affine_mlp/rank32_hidden1024_gate0.1_code1e-3_fc1e-2_lr5e-4_ep400/enc_seed2026_dec_seed42,adapter/aux_pca_1e-3/gated_lowrank_affine_mlp/rank32_hidden512_gate0.1_code1e-3_fc1e-3_lr5e-4_ep400/enc_seed2026_dec_seed42,2026,2026,transnet,transnet,transnet,transnet,gated_lowrank_affine_mlp,gated_lowrank_affine_mlp
100000,0.9999420046806335,4.378428639029153e-05,0.9974861145019531,0.9998745918273926,0.9999526739120483,0.9999766945838928,3.846099934889935e-05,0.13351598381996155,adapter/aux_pca_1e-3/gated_lowrank_affine_mlp,aux_pca_1e-3,adapter/aux_pca_1e-3/gated_lowrank_affine_mlp/rank32_hidden1024_gate0.1_code1e-3_fc1e-3_lr5e-4_ep400/enc_seed2026_dec_seed42,adapter/aux_pca_1e-3/gated_lowrank_affine_mlp/rank32_hidden2048_gate0.1_code1e-3_fc1e-2_lr5e-4_ep1000/enc_seed2026_dec_seed42,2026,2026,transnet,transnet,transnet,transnet,gated_lowrank_affine_mlp,gated_lowrank_affine_mlp
100000,0.9998934864997864,7.259018457261845e-05,0.9977594614028931,0.9997697472572327,0.9999120235443115,0.9999544620513916,6.097316509112716e-05,0.17063745856285095,adapter/aux_pca_1e-3/gated_lowrank_affine_mlp,aux_pca_1e-3,adapter/aux_pca_1e-3/gated_lowrank_affine_mlp/rank32_hidden1024_gate0.1_code1e-3_fc1e-3_lr5e-4_ep400/enc_seed2026_dec_seed42,adapter/aux_pca_1e-3/gated_lowrank_affine_mlp/rank32_hidden2048_gate0.1_code1e-3_fc1e-2_lr5e-4_ep200/enc_seed2026_dec_seed42,2026,2026,transnet,transnet,transnet,transnet,gated_lowrank_affine_mlp,gated_lowrank_affine_mlp
100000,0.9999420642852783,4.29209612775594e-05,0.9973220825195312,0.9998778104782104,0.9999520778656006,0.9999762773513794,3.9981914596864954e-05,0.13609032332897186,adapter/aux_pca_1e-3/gated_lowrank_affine_mlp,aux_pca_1e-3,adapter/aux_pca_1e-3/gated_lowrank_affine_mlp/rank32_hidden1024_gate0.1_code1e-3_fc1e-3_lr5e-4_ep400/enc_seed2026_dec_seed42,adapter/aux_pca_1e-3/gated_lowrank_affine_mlp/rank32_hidden2048_gate0.1_code1e-3_fc1e-2_lr5e-4_ep3000/enc_seed2026_dec_seed42,2026,2026,transnet,transnet,transnet,transnet,gated_lowrank_affine_mlp,gated_lowrank_affine_mlp
100000,0.9999287128448486,5.3937677876092494e-05,0.9979711771011353,0.9998415112495422,0.9999423027038574,0.9999722242355347,4.333903780207038e-05,0.14265285432338715,adapter/aux_pca_1e-3/gated_lowrank_affine_mlp,aux_pca_1e-3,adapter/aux_pca_1e-3/gated_lowrank_affine_mlp/rank32_hidden1024_gate0.1_code1e-3_fc1e-3_lr5e-4_ep400/enc_seed2026_dec_seed42,adapter/aux_pca_1e-3/gated_lowrank_affine_mlp/rank32_hidden2048_gate0.1_code1e-3_fc1e-2_lr5e-4_ep400/enc_seed2026_dec_seed42,2026,2026,transnet,transnet,transnet,transnet,gated_lowrank_affine_mlp,gated_lowrank_affine_mlp
100000,0.9999188780784607,5.0231017667101696e-05,0.998603105545044,0.9998344779014587,0.9999306797981262,0.9999644756317139,4.839186658500694e-05,0.15192733705043793,adapter/aux_pca_1e-3/gated_lowrank_affine_mlp,aux_pca_1e-3,adapter/aux_pca_1e-3/gated_lowrank_affine_mlp/rank32_hidden1024_gate0.1_code1e-3_fc1e-3_lr5e-4_ep400/enc_seed2026_dec_seed42,adapter/aux_pca_1e-3/gated_lowrank_affine_mlp/rank32_hidden2048_gate0.1_code1e-3_fc1e-3_lr5e-4_ep200/enc_seed2026_dec_seed42,2026,2026,transnet,transnet,transnet,transnet,gated_lowrank_affine_mlp,gated_lowrank_affine_mlp
100000,0.9999361634254456,4.266659379936755e-05,0.9987059235572815,0.999868631362915,0.9999459981918335,0.999972939491272,4.057495971210301e-05,0.1380324512720108,adapter/aux_pca_1e-3/gated_lowrank_affine_mlp,aux_pca_1e-3,adapter/aux_pca_1e-3/gated_lowrank_affine_mlp/rank32_hidden1024_gate0.1_code1e-3_fc1e-3_lr5e-4_ep400/enc_seed2026_dec_seed42,adapter/aux_pca_1e-3/gated_lowrank_affine_mlp/rank32_hidden2048_gate0.1_code1e-3_fc1e-3_lr5e-4_ep400/enc_seed2026_dec_seed42,2026,2026,transnet,transnet,transnet,transnet,gated_lowrank_affine_mlp,gated_lowrank_affine_mlp
100000,0.9998286962509155,0.00013726961333304644,0.9966989755630493,0.9995753765106201,0.9998677372932434,0.9999566674232483,0.00010418474266771227,0.21615402400493622,adapter/aux_pca_1e-3/gated_lowrank_affine_mlp,aux_pca_1e-3,adapter/aux_pca_1e-3/gated_lowrank_affine_mlp/rank32_hidden1024_gate0.1_code1e-3_fc1e-3_lr5e-4_ep400/enc_seed2026_dec_seed42,adapter/aux_pca_1e-3/gated_lowrank_affine_mlp/rank32_hidden512_gate0.1_code1e-3_fc1e-3_lr5e-4_ep400/enc_seed2026_dec_seed42,2026,2026,transnet,transnet,transnet,transnet,gated_lowrank_affine_mlp,gated_lowrank_affine_mlp
100000,0.9999290108680725,4.463463119463995e-05,0.9988054633140564,0.9998508095741272,0.9999397397041321,0.9999711513519287,4.51127125415951e-05,0.14441409707069397,adapter/aux_pca_1e-3/gated_lowrank_affine_mlp,aux_pca_1e-3,adapter/aux_pca_1e-3/gated_lowrank_affine_mlp/rank32_hidden2048_gate0.1_code1e-3_fc1e-2_lr5e-4_ep1000/enc_seed2026_dec_seed42,adapter/aux_pca_1e-3/gated_lowrank_affine_mlp/rank32_hidden2048_gate0.1_code1e-3_fc1e-2_lr5e-4_ep200/enc_seed2026_dec_seed42,2026,2026,transnet,transnet,transnet,transnet,gated_lowrank_affine_mlp,gated_lowrank_affine_mlp
100000,0.9999832510948181,9.0107741925749e-06,0.9996897578239441,0.999967098236084,0.9999853372573853,0.9999929666519165,1.0124063010152895e-05,0.0689036026597023,adapter/aux_pca_1e-3/gated_lowrank_affine_mlp,aux_pca_1e-3,adapter/aux_pca_1e-3/gated_lowrank_affine_mlp/rank32_hidden2048_gate0.1_code1e-3_fc1e-2_lr5e-4_ep1000/enc_seed2026_dec_seed42,adapter/aux_pca_1e-3/gated_lowrank_affine_mlp/rank32_hidden2048_gate0.1_code1e-3_fc1e-2_lr5e-4_ep3000/enc_seed2026_dec_seed42,2026,2026,transnet,transnet,transnet,transnet,gated_lowrank_affine_mlp,gated_lowrank_affine_mlp
100000,0.999973714351654,1.7748952814145014e-05,0.999475359916687,0.9999440908432007,0.9999779462814331,0.9999904632568359,1.5961777535267174e-05,0.08580222725868225,adapter/aux_pca_1e-3/gated_lowrank_affine_mlp,aux_pca_1e-3,adapter/aux_pca_1e-3/gated_lowrank_affine_mlp/rank32_hidden2048_gate0.1_code1e-3_fc1e-2_lr5e-4_ep1000/enc_seed2026_dec_seed42,adapter/aux_pca_1e-3/gated_lowrank_affine_mlp/rank32_hidden2048_gate0.1_code1e-3_fc1e-2_lr5e-4_ep400/enc_seed2026_dec_seed42,2026,2026,transnet,transnet,transnet,transnet,gated_lowrank_affine_mlp,gated_lowrank_affine_mlp
100000,0.9999417066574097,3.5357257729629055e-05,0.9976266622543335,0.9998824596405029,0.9999496936798096,0.9999753832817078,3.599824049160816e-05,0.13024099171161652,adapter/aux_pca_1e-3/gated_lowrank_affine_mlp,aux_pca_1e-3,adapter/aux_pca_1e-3/gated_lowrank_affine_mlp/rank32_hidden2048_gate0.1_code1e-3_fc1e-2_lr5e-4_ep1000/enc_seed2026_dec_seed42,adapter/aux_pca_1e-3/gated_lowrank_affine_mlp/rank32_hidden2048_gate0.1_code1e-3_fc1e-3_lr5e-4_ep200/enc_seed2026_dec_seed42,2026,2026,transnet,transnet,transnet,transnet,gated_lowrank_affine_mlp,gated_lowrank_affine_mlp
100000,0.9999653100967407,2.0867164494120516e-05,0.9987108707427979,0.9999315142631531,0.9999699592590332,0.9999850392341614,2.0723125999211334e-05,0.09894485771656036,adapter/aux_pca_1e-3/gated_lowrank_affine_mlp,aux_pca_1e-3,adapter/aux_pca_1e-3/gated_lowrank_affine_mlp/rank32_hidden2048_gate0.1_code1e-3_fc1e-2_lr5e-4_ep1000/enc_seed2026_dec_seed42,adapter/aux_pca_1e-3/gated_lowrank_affine_mlp/rank32_hidden2048_gate0.1_code1e-3_fc1e-3_lr5e-4_ep400/enc_seed2026_dec_seed42,2026,2026,transnet,transnet,transnet,transnet,gated_lowrank_affine_mlp,gated_lowrank_affine_mlp
100000,0.9998230338096619,0.00015294110926333815,0.9958934783935547,0.9995493292808533,0.9998656511306763,0.9999618530273438,0.00011583037849050015,0.2270587980747223,adapter/aux_pca_1e-3/gated_lowrank_affine_mlp,aux_pca_1e-3,adapter/aux_pca_1e-3/gated_lowrank_affine_mlp/rank32_hidden2048_gate0.1_code1e-3_fc1e-2_lr5e-4_ep1000/enc_seed2026_dec_seed42,adapter/aux_pca_1e-3/gated_lowrank_affine_mlp/rank32_hidden512_gate0.1_code1e-3_fc1e-3_lr5e-4_ep400/enc_seed2026_dec_seed42,2026,2026,transnet,transnet,transnet,transnet,gated_lowrank_affine_mlp,gated_lowrank_affine_mlp
100000,0.9999207854270935,5.0541853852337226e-05,0.9985995292663574,0.9998327493667603,0.9999328851699829,0.9999678134918213,5.096698077977635e-05,0.15348000824451447,adapter/aux_pca_1e-3/gated_lowrank_affine_mlp,aux_pca_1e-3,adapter/aux_pca_1e-3/gated_lowrank_affine_mlp/rank32_hidden2048_gate0.1_code1e-3_fc1e-2_lr5e-4_ep200/enc_seed2026_dec_seed42,adapter/aux_pca_1e-3/gated_lowrank_affine_mlp/rank32_hidden2048_gate0.1_code1e-3_fc1e-2_lr5e-4_ep3000/enc_seed2026_dec_seed42,2026,2026,transnet,transnet,transnet,transnet,gated_lowrank_affine_mlp,gated_lowrank_affine_mlp
100000,0.9999556541442871,2.48941287281923e-05,0.9994860291481018,0.9999107122421265,0.9999614357948303,0.9999812841415405,2.7481899451231584e-05,0.11347458511590958,adapter/aux_pca_1e-3/gated_lowrank_affine_mlp,aux_pca_1e-3,adapter/aux_pca_1e-3/gated_lowrank_affine_mlp/rank32_hidden2048_gate0.1_code1e-3_fc1e-2_lr5e-4_ep200/enc_seed2026_dec_seed42,adapter/aux_pca_1e-3/gated_lowrank_affine_mlp/rank32_hidden2048_gate0.1_code1e-3_fc1e-2_lr5e-4_ep400/enc_seed2026_dec_seed42,2026,2026,transnet,transnet,transnet,transnet,gated_lowrank_affine_mlp,gated_lowrank_affine_mlp
100000,0.9999207854270935,4.97807668580208e-05,0.9984419345855713,0.9998350143432617,0.9999330043792725,0.9999651908874512,4.519536014413461e-05,0.14743706583976746,adapter/aux_pca_1e-3/gated_lowrank_affine_mlp,aux_pca_1e-3,adapter/aux_pca_1e-3/gated_lowrank_affine_mlp/rank32_hidden2048_gate0.1_code1e-3_fc1e-2_lr5e-4_ep200/enc_seed2026_dec_seed42,adapter/aux_pca_1e-3/gated_lowrank_affine_mlp/rank32_hidden2048_gate0.1_code1e-3_fc1e-3_lr5e-4_ep200/enc_seed2026_dec_seed42,2026,2026,transnet,transnet,transnet,transnet,gated_lowrank_affine_mlp,gated_lowrank_affine_mlp
100000,0.9999231100082397,4.8405003326479346e-05,0.9986040592193604,0.9998396635055542,0.9999349117279053,0.9999666213989258,4.6547029342036694e-05,0.14821450412273407,adapter/aux_pca_1e-3/gated_lowrank_affine_mlp,aux_pca_1e-3,adapter/aux_pca_1e-3/gated_lowrank_affine_mlp/rank32_hidden2048_gate0.1_code1e-3_fc1e-2_lr5e-4_ep200/enc_seed2026_dec_seed42,adapter/aux_pca_1e-3/gated_lowrank_affine_mlp/rank32_hidden2048_gate0.1_code1e-3_fc1e-3_lr5e-4_ep400/enc_seed2026_dec_seed42,2026,2026,transnet,transnet,transnet,transnet,gated_lowrank_affine_mlp,gated_lowrank_affine_mlp
100000,0.9997802972793579,0.00016758250421844423,0.9953750371932983,0.9994769096374512,0.999825656414032,0.9999363422393799,0.0001293969398830086,0.2441021054983139,adapter/aux_pca_1e-3/gated_lowrank_affine_mlp,aux_pca_1e-3,adapter/aux_pca_1e-3/gated_lowrank_affine_mlp/rank32_hidden2048_gate0.1_code1e-3_fc1e-2_lr5e-4_ep200/enc_seed2026_dec_seed42,adapter/aux_pca_1e-3/gated_lowrank_affine_mlp/rank32_hidden512_gate0.1_code1e-3_fc1e-3_lr5e-4_ep400/enc_seed2026_dec_seed42,2026,2026,transnet,transnet,transnet,transnet,gated_lowrank_affine_mlp,gated_lowrank_affine_mlp
100000,0.9999635815620422,2.439147101540584e-05,0.9992356896400452,0.9999232292175293,0.9999693036079407,0.9999863505363464,2.2582920792046934e-05,0.10235782712697983,adapter/aux_pca_1e-3/gated_lowrank_affine_mlp,aux_pca_1e-3,adapter/aux_pca_1e-3/gated_lowrank_affine_mlp/rank32_hidden2048_gate0.1_code1e-3_fc1e-2_lr5e-4_ep3000/enc_seed2026_dec_seed42,adapter/aux_pca_1e-3/gated_lowrank_affine_mlp/rank32_hidden2048_gate0.1_code1e-3_fc1e-2_lr5e-4_ep400/enc_seed2026_dec_seed42,2026,2026,transnet,transnet,transnet,transnet,gated_lowrank_affine_mlp,gated_lowrank_affine_mlp
100000,0.9999405741691589,3.6016317608300596e-05,0.9974672794342041,0.9998814463615417,0.9999485015869141,0.9999745488166809,3.753537384909578e-05,0.13274802267551422,adapter/aux_pca_1e-3/gated_lowrank_affine_mlp,aux_pca_1e-3,adapter/aux_pca_1e-3/gated_lowrank_affine_mlp/rank32_hidden2048_gate0.1_code1e-3_fc1e-2_lr5e-4_ep3000/enc_seed2026_dec_seed42,adapter/aux_pca_1e-3/gated_lowrank_affine_mlp/rank32_hidden2048_gate0.1_code1e-3_fc1e-3_lr5e-4_ep200/enc_seed2026_dec_seed42,2026,2026,transnet,transnet,transnet,transnet,gated_lowrank_affine_mlp,gated_lowrank_affine_mlp
100000,0.9999649524688721,2.0632784071494825e-05,0.9985916614532471,0.9999319314956665,0.9999693632125854,0.9999845623970032,2.1473037122632377e-05,0.10060493648052216,adapter/aux_pca_1e-3/gated_lowrank_affine_mlp,aux_pca_1e-3,adapter/aux_pca_1e-3/gated_lowrank_affine_mlp/rank32_hidden2048_gate0.1_code1e-3_fc1e-2_lr5e-4_ep3000/enc_seed2026_dec_seed42,adapter/aux_pca_1e-3/gated_lowrank_affine_mlp/rank32_hidden2048_gate0.1_code1e-3_fc1e-3_lr5e-4_ep400/enc_seed2026_dec_seed42,2026,2026,transnet,transnet,transnet,transnet,gated_lowrank_affine_mlp,gated_lowrank_affine_mlp
100000,0.9998276829719543,0.00014970371557865292,0.9956852197647095,0.9995616674423218,0.9998693466186523,0.9999624490737915,0.00011553114745765924,0.2264663428068161,adapter/aux_pca_1e-3/gated_lowrank_affine_mlp,aux_pca_1e-3,adapter/aux_pca_1e-3/gated_lowrank_affine_mlp/rank32_hidden2048_gate0.1_code1e-3_fc1e-2_lr5e-4_ep3000/enc_seed2026_dec_seed42,adapter/aux_pca_1e-3/gated_lowrank_affine_mlp/rank32_hidden512_gate0.1_code1e-3_fc1e-3_lr5e-4_ep400/enc_seed2026_dec_seed42,2026,2026,transnet,transnet,transnet,transnet,gated_lowrank_affine_mlp,gated_lowrank_affine_mlp
100000,0.9999372959136963,3.9700284105492756e-05,0.9980977177619934,0.9998704791069031,0.9999465346336365,0.999974250793457,3.663929965114221e-05,0.13209842145442963,adapter/aux_pca_1e-3/gated_lowrank_affine_mlp,aux_pca_1e-3,adapter/aux_pca_1e-3/gated_lowrank_affine_mlp/rank32_hidden2048_gate0.1_code1e-3_fc1e-2_lr5e-4_ep400/enc_seed2026_dec_seed42,adapter/aux_pca_1e-3/gated_lowrank_affine_mlp/rank32_hidden2048_gate0.1_code1e-3_fc1e-3_lr5e-4_ep200/enc_seed2026_dec_seed42,2026,2026,transnet,transnet,transnet,transnet,gated_lowrank_affine_mlp,gated_lowrank_affine_mlp
100000,0.999955415725708,2.9452310627675615e-05,0.9990453720092773,0.999907374382019,0.9999624490737915,0.9999820590019226,2.5908555471687578e-05,0.11068899929523468,adapter/aux_pca_1e-3/gated_lowrank_affine_mlp,aux_pca_1e-3,adapter/aux_pca_1e-3/gated_lowrank_affine_mlp/rank32_hidden2048_gate0.1_code1e-3_fc1e-2_lr5e-4_ep400/enc_seed2026_dec_seed42,adapter/aux_pca_1e-3/gated_lowrank_affine_mlp/rank32_hidden2048_gate0.1_code1e-3_fc1e-3_lr5e-4_ep400/enc_seed2026_dec_seed42,2026,2026,transnet,transnet,transnet,transnet,gated_lowrank_affine_mlp,gated_lowrank_affine_mlp
100000,0.9998084306716919,0.00016002253687474877,0.9960829019546509,0.9995195865631104,0.99985271692276,0.9999551773071289,0.00012011405488010496,0.23256149888038635,adapter/aux_pca_1e-3/gated_lowrank_affine_mlp,aux_pca_1e-3,adapter/aux_pca_1e-3/gated_lowrank_affine_mlp/rank32_hidden2048_gate0.1_code1e-3_fc1e-2_lr5e-4_ep400/enc_seed2026_dec_seed42,adapter/aux_pca_1e-3/gated_lowrank_affine_mlp/rank32_hidden512_gate0.1_code1e-3_fc1e-3_lr5e-4_ep400/enc_seed2026_dec_seed42,2026,2026,transnet,transnet,transnet,transnet,gated_lowrank_affine_mlp,gated_lowrank_affine_mlp
100000,0.9999785423278809,1.0246424608340021e-05,0.9997459053993225,0.9999603033065796,0.9999809265136719,0.9999889731407166,1.3312205737747718e-05,0.07973244041204453,adapter/aux_pca_1e-3/gated_lowrank_affine_mlp,aux_pca_1e-3,adapter/aux_pca_1e-3/gated_lowrank_affine_mlp/rank32_hidden2048_gate0.1_code1e-3_fc1e-3_lr5e-4_ep200/enc_seed2026_dec_seed42,adapter/aux_pca_1e-3/gated_lowrank_affine_mlp/rank32_hidden2048_gate0.1_code1e-3_fc1e-3_lr5e-4_ep400/enc_seed2026_dec_seed42,2026,2026,transnet,transnet,transnet,transnet,gated_lowrank_affine_mlp,gated_lowrank_affine_mlp
100000,0.9998107552528381,0.00014512974303215742,0.996589720249176,0.9995437860488892,0.9998505115509033,0.9999486207962036,0.0001165555659099482,0.23021955788135529,adapter/aux_pca_1e-3/gated_lowrank_affine_mlp,aux_pca_1e-3,adapter/aux_pca_1e-3/gated_lowrank_affine_mlp/rank32_hidden2048_gate0.1_code1e-3_fc1e-3_lr5e-4_ep200/enc_seed2026_dec_seed42,adapter/aux_pca_1e-3/gated_lowrank_affine_mlp/rank32_hidden512_gate0.1_code1e-3_fc1e-3_lr5e-4_ep400/enc_seed2026_dec_seed42,2026,2026,transnet,transnet,transnet,transnet,gated_lowrank_affine_mlp,gated_lowrank_affine_mlp
100000,0.9998223185539246,0.00014474269119091332,0.9965947866439819,0.9995588064193726,0.999862551689148,0.9999567270278931,0.00011500418622745201,0.22671355307102203,adapter/aux_pca_1e-3/gated_lowrank_affine_mlp,aux_pca_1e-3,adapter/aux_pca_1e-3/gated_lowrank_affine_mlp/rank32_hidden2048_gate0.1_code1e-3_fc1e-3_lr5e-4_ep400/enc_seed2026_dec_seed42,adapter/aux_pca_1e-3/gated_lowrank_affine_mlp/rank32_hidden512_gate0.1_code1e-3_fc1e-3_lr5e-4_ep400/enc_seed2026_dec_seed42,2026,2026,transnet,transnet,transnet,transnet,gated_lowrank_affine_mlp,gated_lowrank_affine_mlp
100000,0.9998921751976013,7.512295997003093e-05,0.9981135129928589,0.9997676014900208,0.9999117255210876,0.9999579191207886,5.7354685850441456e-05,0.16710089147090912,adapter/aux_pca_1e-3/mlp,aux_pca_1e-3,adapter/aux_pca_1e-3/mlp/best_code1e-3_lr2e-4/enc_seed2026_dec_seed42,adapter/aux_pca_1e-3/mlp/code1e-3_fc1e-3_lr2e-4/enc_seed2026_dec_seed42,2026,2026,transnet,transnet,transnet,transnet,mlp,mlp
100000,0.9998887181282043,6.449237844208255e-05,0.9985600709915161,0.9997769594192505,0.9999045133590698,0.9999518394470215,5.91479183640331e-05,0.1714334934949875,adapter/aux_pca_1e-3/mlp,aux_pca_1e-3,adapter/aux_pca_1e-3/mlp/best_code1e-3_lr2e-4/enc_seed2026_dec_seed42,adapter/aux_pca_1e-3/mlp/code1e-3_fc1e-3_recT1_lr2e-4/enc_seed2026_dec_seed42,2026,2026,transnet,transnet,transnet,transnet,mlp,mlp
100000,0.9999608397483826,3.610510611906648e-05,0.998920202255249,0.9999117851257324,0.9999696016311646,0.9999853372573853,2.0945220967405476e-05,0.09991609305143356,adapter/aux_pca_1e-3/mlp,aux_pca_1e-3,adapter/aux_pca_1e-3/mlp/best_code1e-3_lr2e-4/enc_seed2026_dec_seed42,adapter/aux_pca_1e-3/mlp/code1e-3_recT1_lr2e-4/enc_seed2026_dec_seed42,2026,2026,transnet,transnet,transnet,transnet,mlp,mlp
100000,0.9997132420539856,0.00016486422100570053,0.9965170621871948,0.9994251728057861,0.999755859375,0.9998665452003479,0.00017449239385314286,0.288620263338089,adapter/aux_pca_1e-3/mlp,aux_pca_1e-3,adapter/aux_pca_1e-3/mlp/best_code1e-3_lr2e-4/enc_seed2026_dec_seed42,adapter/aux_pca_1e-3/mlp/enc_seed2026_dec_seed42_recon0.0_code1.0_lr1e-3,2026,2026,transnet,transnet,transnet,transnet,mlp,mlp
100000,0.20858468115329742,0.05275576189160347,-0.05417100712656975,0.12877009809017181,0.20466724038124084,0.3019116520881653,20.082029342651367,101.15921783447266,adapter/aux_pca_1e-3/mlp,aux_pca_1e-3,adapter/aux_pca_1e-3/mlp/best_code1e-3_lr2e-4/enc_seed2026_dec_seed42,adapter/aux_pca_1e-3/mlp/enc_seed2026_dec_seed42_recon1.0_code0.0_lr2e-4,2026,2026,transnet,transnet,transnet,transnet,mlp,mlp
100000,0.9997330904006958,0.00015709167928434908,0.9968904852867126,0.9994528889656067,0.9997742176055908,0.9998795390129089,0.00016298923583235592,0.28008779883384705,adapter/aux_pca_1e-3/mlp,aux_pca_1e-3,adapter/aux_pca_1e-3/mlp/best_code1e-3_lr2e-4/enc_seed2026_dec_seed42,adapter/aux_pca_1e-3/mlp/enc_seed2026_dec_seed42_recon1.0_code1e-1_lr1e-3,2026,2026,transnet,transnet,transnet,transnet,mlp,mlp
100000,0.999686062335968,0.0002218304725829512,0.995530366897583,0.9992929100990295,0.9997469186782837,0.9998775720596313,0.00017403982928954065,0.2897487282752991,adapter/aux_pca_1e-3/mlp,aux_pca_1e-3,adapter/aux_pca_1e-3/mlp/best_code1e-3_lr2e-4/enc_seed2026_dec_seed42,adapter/aux_pca_1e-3/mlp/enc_seed2026_dec_seed42_recon1.0_code1e-2_lr1e-3,2026,2026,transnet,transnet,transnet,transnet,mlp,mlp
100000,1.0,8.140204954543151e-08,0.9999997019767761,0.9999998807907104,1.0,1.0000001192092896,9.213033003163673e-09,0.0021644255612045527,adapter/aux_pca_1e-3/mlp,aux_pca_1e-3,adapter/aux_pca_1e-3/mlp/best_code1e-3_lr2e-4/enc_seed2026_dec_seed42,adapter/aux_pca_1e-3/mlp/enc_seed2026_dec_seed42_recon1.0_code1e-3_lr2e-4,2026,2026,transnet,transnet,transnet,transnet,mlp,mlp
100000,0.9999319911003113,3.0335490009747446e-05,0.9996193051338196,0.9998742938041687,0.99993896484375,0.9999667406082153,3.5621284041553736e-05,0.1342022716999054,adapter/aux_pca_1e-3/mlp,aux_pca_1e-3,adapter/aux_pca_1e-3/mlp/code1e-3_fc1e-3_lr2e-4/enc_seed2026_dec_seed42,adapter/aux_pca_1e-3/mlp/code1e-3_fc1e-3_recT1_lr2e-4/enc_seed2026_dec_seed42,2026,2026,transnet,transnet,transnet,transnet,mlp,mlp
100000,0.999862015247345,0.00014694983838126063,0.9948306083679199,0.9996616840362549,0.999900758266449,0.9999521374702454,7.506395922973752e-05,0.18555526435375214,adapter/aux_pca_1e-3/mlp,aux_pca_1e-3,adapter/aux_pca_1e-3/mlp/code1e-3_fc1e-3_lr2e-4/enc_seed2026_dec_seed42,adapter/aux_pca_1e-3/mlp/code1e-3_recT1_lr2e-4/enc_seed2026_dec_seed42,2026,2026,transnet,transnet,transnet,transnet,mlp,mlp
100000,0.9997566342353821,0.0001168967573903501,0.9974744319915771,0.9995529055595398,0.9997822046279907,0.999880850315094,0.00014734134310856462,0.26651638746261597,adapter/aux_pca_1e-3/mlp,aux_pca_1e-3,adapter/aux_pca_1e-3/mlp/code1e-3_fc1e-3_lr2e-4/enc_seed2026_dec_seed42,adapter/aux_pca_1e-3/mlp/enc_seed2026_dec_seed42_recon0.0_code1.0_lr1e-3,2026,2026,transnet,transnet,transnet,transnet,mlp,mlp
100000,0.20819728076457977,0.05298861116170883,-0.054705169051885605,0.1280817985534668,0.20426926016807556,0.301983505487442,20.08342170715332,101.16267395019531,adapter/aux_pca_1e-3/mlp,aux_pca_1e-3,adapter/aux_pca_1e-3/mlp/code1e-3_fc1e-3_lr2e-4/enc_seed2026_dec_seed42,adapter/aux_pca_1e-3/mlp/enc_seed2026_dec_seed42_recon1.0_code0.0_lr2e-4,2026,2026,transnet,transnet,transnet,transnet,mlp,mlp
100000,0.99977046251297,0.00010676854435587302,0.997373640537262,0.9995764493942261,0.9997937679290771,0.999889075756073,0.00013914445298723876,0.26061180233955383,adapter/aux_pca_1e-3/mlp,aux_pca_1e-3,adapter/aux_pca_1e-3/mlp/code1e-3_fc1e-3_lr2e-4/enc_seed2026_dec_seed42,adapter/aux_pca_1e-3/mlp/enc_seed2026_dec_seed42_recon1.0_code1e-1_lr1e-3,2026,2026,transnet,transnet,transnet,transnet,mlp,mlp
100000,0.9997087121009827,0.00018921475566457957,0.9962079524993896,0.999372661113739,0.9997583031654358,0.9998865723609924,0.00016440403123851866,0.28151291608810425,adapter/aux_pca_1e-3/mlp,aux_pca_1e-3,adapter/aux_pca_1e-3/mlp/code1e-3_fc1e-3_lr2e-4/enc_seed2026_dec_seed42,adapter/aux_pca_1e-3/mlp/enc_seed2026_dec_seed42_recon1.0_code1e-2_lr1e-3,2026,2026,transnet,transnet,transnet,transnet,mlp,mlp
100000,0.9998922348022461,7.514656317653134e-05,0.9981130361557007,0.9997676610946655,0.9999117851257324,0.9999579787254333,5.732553472626023e-05,0.16705486178398132,adapter/aux_pca_1e-3/mlp,aux_pca_1e-3,adapter/aux_pca_1e-3/mlp/code1e-3_fc1e-3_lr2e-4/enc_seed2026_dec_seed42,adapter/aux_pca_1e-3/mlp/enc_seed2026_dec_seed42_recon1.0_code1e-3_lr2e-4,2026,2026,transnet,transnet,transnet,transnet,mlp,mlp
100000,0.9998761415481567,0.00011759644985431805,0.9961679577827454,0.999721884727478,0.9999052882194519,0.9999517202377319,6.664198008365929e-05,0.1775592714548111,adapter/aux_pca_1e-3/mlp,aux_pca_1e-3,adapter/aux_pca_1e-3/mlp/code1e-3_fc1e-3_recT1_lr2e-4/enc_seed2026_dec_seed42,adapter/aux_pca_1e-3/mlp/code1e-3_recT1_lr2e-4/enc_seed2026_dec_seed42,2026,2026,transnet,transnet,transnet,transnet,mlp,mlp
100000,0.9997457265853882,0.00012222940858919173,0.997456967830658,0.9995303750038147,0.9997730851173401,0.9998754262924194,0.00015170125698205084,0.2709100842475891,adapter/aux_pca_1e-3/mlp,aux_pca_1e-3,adapter/aux_pca_1e-3/mlp/code1e-3_fc1e-3_recT1_lr2e-4/enc_seed2026_dec_seed42,adapter/aux_pca_1e-3/mlp/enc_seed2026_dec_seed42_recon0.0_code1.0_lr1e-3,2026,2026,transnet,transnet,transnet,transnet,mlp,mlp
100000,0.20822280645370483,0.052957743406295776,-0.05441537871956825,0.12813962996006012,0.20429310202598572,0.3019102215766907,20.083181381225586,101.16207122802734,adapter/aux_pca_1e-3/mlp,aux_pca_1e-3,adapter/aux_pca_1e-3/mlp/code1e-3_fc1e-3_recT1_lr2e-4/enc_seed2026_dec_seed42,adapter/aux_pca_1e-3/mlp/enc_seed2026_dec_seed42_recon1.0_code0.0_lr2e-4,2026,2026,transnet,transnet,transnet,transnet,mlp,mlp
100000,0.9997664093971252,0.00011104814620921388,0.9975258111953735,0.9995613098144531,0.9997914433479309,0.9998878836631775,0.00013937242329120636,0.2609274089336395,adapter/aux_pca_1e-3/mlp,aux_pca_1e-3,adapter/aux_pca_1e-3/mlp/code1e-3_fc1e-3_recT1_lr2e-4/enc_seed2026_dec_seed42,adapter/aux_pca_1e-3/mlp/enc_seed2026_dec_seed42_recon1.0_code1e-1_lr1e-3,2026,2026,transnet,transnet,transnet,transnet,mlp,mlp
100000,0.9996972680091858,0.00019789475481957197,0.9963401556015015,0.9993395209312439,0.9997496604919434,0.9998809695243835,0.00017018122889567167,0.28658926486968994,adapter/aux_pca_1e-3/mlp,aux_pca_1e-3,adapter/aux_pca_1e-3/mlp/code1e-3_fc1e-3_recT1_lr2e-4/enc_seed2026_dec_seed42,adapter/aux_pca_1e-3/mlp/enc_seed2026_dec_seed42_recon1.0_code1e-2_lr1e-3,2026,2026,transnet,transnet,transnet,transnet,mlp,mlp
100000,0.9998887777328491,6.448796921176836e-05,0.9985597133636475,0.9997770190238953,0.9999045729637146,0.9999518990516663,5.909132960368879e-05,0.17134620249271393,adapter/aux_pca_1e-3/mlp,aux_pca_1e-3,adapter/aux_pca_1e-3/mlp/code1e-3_fc1e-3_recT1_lr2e-4/enc_seed2026_dec_seed42,adapter/aux_pca_1e-3/mlp/enc_seed2026_dec_seed42_recon1.0_code1e-3_lr2e-4,2026,2026,transnet,transnet,transnet,transnet,mlp,mlp
100000,0.9996911287307739,0.00023525177675765008,0.9927444458007812,0.9993109107017517,0.9997553825378418,0.9998681545257568,0.00018705229740589857,0.29524585604667664,adapter/aux_pca_1e-3/mlp,aux_pca_1e-3,adapter/aux_pca_1e-3/mlp/code1e-3_recT1_lr2e-4/enc_seed2026_dec_seed42,adapter/aux_pca_1e-3/mlp/enc_seed2026_dec_seed42_recon0.0_code1.0_lr1e-3,2026,2026,transnet,transnet,transnet,transnet,mlp,mlp
100000,0.20844417810440063,0.05268598347902298,-0.05455764755606651,0.1287653148174286,0.2045409381389618,0.3017350435256958,20.082765579223633,101.16109466552734,adapter/aux_pca_1e-3/mlp,aux_pca_1e-3,adapter/aux_pca_1e-3/mlp/code1e-3_recT1_lr2e-4/enc_seed2026_dec_seed42,adapter/aux_pca_1e-3/mlp/enc_seed2026_dec_seed42_recon1.0_code0.0_lr2e-4,2026,2026,transnet,transnet,transnet,transnet,mlp,mlp
100000,0.9997109174728394,0.00023254343250300735,0.9932225942611694,0.9993383288383484,0.9997752904891968,0.9998804926872253,0.00017456294153816998,0.2861040532588959,adapter/aux_pca_1e-3/mlp,aux_pca_1e-3,adapter/aux_pca_1e-3/mlp/code1e-3_recT1_lr2e-4/enc_seed2026_dec_seed42,adapter/aux_pca_1e-3/mlp/enc_seed2026_dec_seed42_recon1.0_code1e-1_lr1e-3,2026,2026,transnet,transnet,transnet,transnet,mlp,mlp
100000,0.9996546506881714,0.00029292458202689886,0.9914616942405701,0.999163031578064,0.9997379779815674,0.9998729228973389,0.00019049708498641849,0.3005288541316986,adapter/aux_pca_1e-3/mlp,aux_pca_1e-3,adapter/aux_pca_1e-3/mlp/code1e-3_recT1_lr2e-4/enc_seed2026_dec_seed42,adapter/aux_pca_1e-3/mlp/enc_seed2026_dec_seed42_recon1.0_code1e-2_lr1e-3,2026,2026,transnet,transnet,transnet,transnet,mlp,mlp
100000,0.9999608397483826,3.607446342357434e-05,0.9989206194877625,0.999911904335022,0.9999696016311646,0.9999853372573853,2.0938114175805822e-05,0.09989544749259949,adapter/aux_pca_1e-3/mlp,aux_pca_1e-3,adapter/aux_pca_1e-3/mlp/code1e-3_recT1_lr2e-4/enc_seed2026_dec_seed42,adapter/aux_pca_1e-3/mlp/enc_seed2026_dec_seed42_recon1.0_code1e-3_lr2e-4,2026,2026,transnet,transnet,transnet,transnet,mlp,mlp
100000,0.20763514935970306,0.052875105291604996,-0.053736716508865356,0.1277298629283905,0.20368435978889465,0.3013237714767456,20.086074829101562,101.1695556640625,adapter/aux_pca_1e-3/mlp,aux_pca_1e-3,adapter/aux_pca_1e-3/mlp/enc_seed2026_dec_seed42_recon0.0_code1.0_lr1e-3,adapter/aux_pca_1e-3/mlp/enc_seed2026_dec_seed42_recon1.0_code0.0_lr2e-4,2026,2026,transnet,transnet,transnet,transnet,mlp,mlp
100000,0.9997385740280151,0.00011730406549759209,0.9963133931159973,0.9995357990264893,0.9997629523277283,0.9998648762702942,0.00015352923946920782,0.27398210763931274,adapter/aux_pca_1e-3/mlp,aux_pca_1e-3,adapter/aux_pca_1e-3/mlp/enc_seed2026_dec_seed42_recon0.0_code1.0_lr1e-3,adapter/aux_pca_1e-3/mlp/enc_seed2026_dec_seed42_recon1.0_code1e-1_lr1e-3,2026,2026,transnet,transnet,transnet,transnet,mlp,mlp
100000,0.999599814414978,0.00023243633040692657,0.9941234588623047,0.9991835951805115,0.9996585249900818,0.9998213052749634,0.00024363926786463708,0.3410078287124634,adapter/aux_pca_1e-3/mlp,aux_pca_1e-3,adapter/aux_pca_1e-3/mlp/enc_seed2026_dec_seed42_recon0.0_code1.0_lr1e-3,adapter/aux_pca_1e-3/mlp/enc_seed2026_dec_seed42_recon1.0_code1e-2_lr1e-3,2026,2026,transnet,transnet,transnet,transnet,mlp,mlp
100000,0.9997133612632751,0.0001648914912948385,0.9965166449546814,0.999424934387207,0.999755859375,0.9998666048049927,0.0001744717883411795,0.28859999775886536,adapter/aux_pca_1e-3/mlp,aux_pca_1e-3,adapter/aux_pca_1e-3/mlp/enc_seed2026_dec_seed42_recon0.0_code1.0_lr1e-3,adapter/aux_pca_1e-3/mlp/enc_seed2026_dec_seed42_recon1.0_code1e-3_lr2e-4,2026,2026,transnet,transnet,transnet,transnet,mlp,mlp
100000,0.20752392709255219,0.05291040241718292,-0.05137426406145096,0.12766842544078827,0.20358675718307495,0.3013475835323334,20.085447311401367,101.16796112060547,adapter/aux_pca_1e-3/mlp,aux_pca_1e-3,adapter/aux_pca_1e-3/mlp/enc_seed2026_dec_seed42_recon1.0_code0.0_lr2e-4,adapter/aux_pca_1e-3/mlp/enc_seed2026_dec_seed42_recon1.0_code1e-1_lr1e-3,2026,2026,transnet,transnet,transnet,transnet,mlp,mlp
100000,0.20804542303085327,0.053064338862895966,-0.053185317665338516,0.12784384191036224,0.20413434505462646,0.30193936824798584,20.083749771118164,101.16343688964844,adapter/aux_pca_1e-3/mlp,aux_pca_1e-3,adapter/aux_pca_1e-3/mlp/enc_seed2026_dec_seed42_recon1.0_code0.0_lr2e-4,adapter/aux_pca_1e-3/mlp/enc_seed2026_dec_seed42_recon1.0_code1e-2_lr1e-3,2026,2026,transnet,transnet,transnet,transnet,mlp,mlp
100000,0.20858339965343475,0.052755970507860184,-0.05417283996939659,0.12876760959625244,0.20466534793376923,0.3019087612628937,20.0820369720459,101.15924072265625,adapter/aux_pca_1e-3/mlp,aux_pca_1e-3,adapter/aux_pca_1e-3/mlp/enc_seed2026_dec_seed42_recon1.0_code0.0_lr2e-4,adapter/aux_pca_1e-3/mlp/enc_seed2026_dec_seed42_recon1.0_code1e-3_lr2e-4,2026,2026,transnet,transnet,transnet,transnet,mlp,mlp
100000,0.9996213912963867,0.00021914448007009923,0.9949631690979004,0.9992247819900513,0.9996770024299622,0.9998336434364319,0.00023108645109459758,0.3323407471179962,adapter/aux_pca_1e-3/mlp,aux_pca_1e-3,adapter/aux_pca_1e-3/mlp/enc_seed2026_dec_seed42_recon1.0_code1e-1_lr1e-3,adapter/aux_pca_1e-3/mlp/enc_seed2026_dec_seed42_recon1.0_code1e-2_lr1e-3,2026,2026,transnet,transnet,transnet,transnet,mlp,mlp
100000,0.9997330904006958,0.0001571277534822002,0.9968900084495544,0.9994528293609619,0.9997743368148804,0.9998795986175537,0.0001629706530366093,0.28006720542907715,adapter/aux_pca_1e-3/mlp,aux_pca_1e-3,adapter/aux_pca_1e-3/mlp/enc_seed2026_dec_seed42_recon1.0_code1e-1_lr1e-3,adapter/aux_pca_1e-3/mlp/enc_seed2026_dec_seed42_recon1.0_code1e-3_lr2e-4,2026,2026,transnet,transnet,transnet,transnet,mlp,mlp
100000,0.999686062335968,0.00022187446302268654,0.9955302476882935,0.9992930889129639,0.9997470378875732,0.9998776912689209,0.00017399863281752914,0.28971031308174133,adapter/aux_pca_1e-3/mlp,aux_pca_1e-3,adapter/aux_pca_1e-3/mlp/enc_seed2026_dec_seed42_recon1.0_code1e-2_lr1e-3,adapter/aux_pca_1e-3/mlp/enc_seed2026_dec_seed42_recon1.0_code1e-3_lr2e-4,2026,2026,transnet,transnet,transnet,transnet,mlp,mlp
100000,0.999374508857727,0.0003701898967847228,0.9948803186416626,0.9986640214920044,0.9994547367095947,0.9998094439506531,0.012594755738973618,2.480792760848999,encoder,aux_dct_1e-3,aux_dct_1e-3/seed1024_transnet_transnet,aux_dct_1e-3/seed2026_transnet_transnet,1024,2026,transnet,transnet,transnet,transnet,,
100000,0.9794817566871643,0.014934048056602478,0.5325821042060852,0.952934741973877,0.9827564358711243,0.995084822177887,0.06946730613708496,5.744191646575928,encoder,aux_dct_1e-3,aux_dct_1e-3/seed1024_transnet_transnet,aux_dct_1e-3/seed3407_transnet_transnet,1024,3407,transnet,transnet,transnet,transnet,,
100000,0.9789084792137146,0.015935970470309258,0.4937182664871216,0.9506651163101196,0.9825855493545532,0.9949712753295898,0.09031222760677338,6.614151477813721,encoder,aux_dct_1e-3,aux_dct_1e-3/seed1024_transnet_transnet,aux_dct_1e-3/seed42_transnet_transnet,1024,42,transnet,transnet,transnet,transnet,,
100000,0.9994348287582397,0.00031590237631462514,0.9953151345252991,0.9988343119621277,0.9995005130767822,0.9998156428337097,0.00477366941049695,1.509167194366455,encoder,aux_dct_1e-3,aux_dct_1e-3/seed1024_transnet_transnet,aux_dct_1e-3/seed796_transnet_transnet,1024,796,transnet,transnet,transnet,transnet,,
100000,0.9808167815208435,0.014699500054121017,0.562911868095398,0.9543556571006775,0.9842487573623657,0.9956817626953125,0.08238372206687927,6.346988201141357,encoder,aux_dct_1e-3,aux_dct_1e-3/seed2026_transnet_transnet,aux_dct_1e-3/seed3407_transnet_transnet,2026,3407,transnet,transnet,transnet,transnet,,
100000,0.9802187085151672,0.015733733773231506,0.5250087380409241,0.9521170258522034,0.9840019941329956,0.9957355260848999,0.11879222095012665,7.658997535705566,encoder,aux_dct_1e-3,aux_dct_1e-3/seed2026_transnet_transnet,aux_dct_1e-3/seed42_transnet_transnet,2026,42,transnet,transnet,transnet,transnet,,
100000,0.999435305595398,0.0003133512509521097,0.9951387047767639,0.9988378286361694,0.9994978904724121,0.9998170733451843,0.00432157376781106,1.4486812353134155,encoder,aux_dct_1e-3,aux_dct_1e-3/seed2026_transnet_transnet,aux_dct_1e-3/seed796_transnet_transnet,2026,796,transnet,transnet,transnet,transnet,,
100000,0.9994806051254272,0.00028408231446519494,0.9949894547462463,0.9989420175552368,0.999536395072937,0.9998304843902588,0.00842197984457016,2.022953748703003,encoder,aux_dct_1e-3,aux_dct_1e-3/seed3407_transnet_transnet,aux_dct_1e-3/seed42_transnet_transnet,3407,42,transnet,transnet,transnet,transnet,,
100000,0.9801551103591919,0.014937828294932842,0.5280157923698425,0.9537388682365417,0.9835071563720703,0.9953907132148743,0.07333046942949295,5.9417924880981445,encoder,aux_dct_1e-3,aux_dct_1e-3/seed3407_transnet_transnet,aux_dct_1e-3/seed796_transnet_transnet,3407,796,transnet,transnet,transnet,transnet,,
100000,0.9795652627944946,0.015954142436385155,0.48905307054519653,0.9514303803443909,0.9832621216773987,0.9954215288162231,0.10214437544345856,7.070022106170654,encoder,aux_dct_1e-3,aux_dct_1e-3/seed42_transnet_transnet,aux_dct_1e-3/seed796_transnet_transnet,42,796,transnet,transnet,transnet,transnet,,
100000,0.9998857378959656,0.00015246699331328273,0.9980719089508057,0.9995707273483276,0.999944806098938,0.9999972581863403,0.0021414756774902344,1.0187245607376099,encoder,aux_pca_1e-2,aux_pca_1e-2/seed3407_transnet_transnet,aux_pca_1e-2/seed42_transnet_transnet,3407,42,transnet,transnet,transnet,transnet,,
100000,0.9991054534912109,0.0012325667776167393,0.9849882125854492,0.9966225624084473,0.999578595161438,0.9999746084213257,0.001227488974109292,0.7664446830749512,encoder,aux_pca_1e-2_code_mean1e-4_cov1e-4,aux_pca_1e-2_code_mean1e-4_cov1e-4/seed2026_clnet_transnet,aux_pca_1e-2_code_mean1e-4_cov1e-4/seed2026_crnet_transnet,2026,2026,clnet,crnet,transnet,transnet,,
100000,0.9938392639160156,0.0072487895376980305,0.9263871908187866,0.9784159064292908,0.9966044425964355,0.9991718530654907,0.16061453521251678,8.876343727111816,encoder,aux_pca_1e-2_code_mean1e-4_cov1e-4,aux_pca_1e-2_code_mean1e-4_cov1e-4/seed2026_clnet_transnet,aux_pca_1e-2_code_mean1e-4_cov1e-4/seed2026_csinet_transnet,2026,2026,clnet,csinet,transnet,transnet,,
100000,0.9987468719482422,0.0018671752186492085,0.971262514591217,0.995036244392395,0.9994668364524841,0.9999874234199524,0.038105446845293045,4.320669174194336,encoder,aux_pca_1e-2_code_mean1e-4_cov1e-4,aux_pca_1e-2_code_mean1e-4_cov1e-4/seed2026_clnet_transnet,aux_pca_1e-2_code_mean1e-4_cov1e-4/seed2026_transnet_transnet,2026,2026,clnet,transnet,transnet,transnet,,
100000,0.9994091391563416,0.0008713396382518113,0.9855831265449524,0.9977073073387146,0.9997395277023315,0.9999828338623047,0.00030462854192592204,0.3494341969490051,encoder,aux_pca_1e-2_code_mean1e-4_cov1e-4,aux_pca_1e-2_code_mean1e-4_cov1e-4/seed2026_clnet_transnet,aux_pca_1e-2_code_mean1e-4_cov1e-4/seed3407_clnet_transnet,2026,3407,clnet,clnet,transnet,transnet,,
100000,0.994615912437439,0.006575480103492737,0.9191782474517822,0.9810483455657959,0.9971405267715454,0.9994927644729614,0.07068789750337601,5.889034271240234,encoder,aux_pca_1e-2_code_mean1e-4_cov1e-4,aux_pca_1e-2_code_mean1e-4_cov1e-4/seed2026_clnet_transnet,aux_pca_1e-2_code_mean1e-4_cov1e-4/seed3407_crnet_transnet,2026,3407,clnet,crnet,transnet,transnet,,
100000,0.9841599464416504,0.012901713140308857,0.8737685680389404,0.957795262336731,0.9880568385124207,0.9970059990882874,0.016480783000588417,2.803271770477295,encoder,aux_pca_1e-2_code_mean1e-4_cov1e-4,aux_pca_1e-2_code_mean1e-4_cov1e-4/seed2026_clnet_transnet,aux_pca_1e-2_code_mean1e-4_cov1e-4/seed3407_csinet_transnet,2026,3407,clnet,csinet,transnet,transnet,,
100000,0.9988967776298523,0.0016311254585161805,0.9755964279174805,0.9956416487693787,0.9995275735855103,0.999987781047821,0.035447634756565094,4.165336608886719,encoder,aux_pca_1e-2_code_mean1e-4_cov1e-4,aux_pca_1e-2_code_mean1e-4_cov1e-4/seed2026_clnet_transnet,aux_pca_1e-2_code_mean1e-4_cov1e-4/seed3407_transnet_transnet,2026,3407,clnet,transnet,transnet,transnet,,
100000,0.9993393421173096,0.0009350719628855586,0.9864034652709961,0.9974614977836609,0.9996979832649231,0.9999881982803345,0.0030026815365999937,1.2116316556930542,encoder,aux_pca_1e-2_code_mean1e-4_cov1e-4,aux_pca_1e-2_code_mean1e-4_cov1e-4/seed2026_clnet_transnet,aux_pca_1e-2_code_mean1e-4_cov1e-4/seed42_clnet_transnet,2026,42,clnet,clnet,transnet,transnet,,
100000,0.9950984120368958,0.004608744755387306,0.9485790133476257,0.985714316368103,0.9966748356819153,0.9990568161010742,0.053406111896038055,5.117666244506836,encoder,aux_pca_1e-2_code_mean1e-4_cov1e-4,aux_pca_1e-2_code_mean1e-4_cov1e-4/seed2026_clnet_transnet,aux_pca_1e-2_code_mean1e-4_cov1e-4/seed42_crnet_transnet,2026,42,clnet,crnet,transnet,transnet,,
100000,0.9962024688720703,0.003932218998670578,0.9516075849533081,0.988341748714447,0.9975963234901428,0.9991350769996643,0.16858728229999542,9.094364166259766,encoder,aux_pca_1e-2_code_mean1e-4_cov1e-4,aux_pca_1e-2_code_mean1e-4_cov1e-4/seed2026_clnet_transnet,aux_pca_1e-2_code_mean1e-4_cov1e-4/seed42_csinet_transnet,2026,42,clnet,csinet,transnet,transnet,,
100000,0.998896598815918,0.0016155504854395986,0.9777398109436035,0.9956600666046143,0.9995218515396118,0.999987781047821,0.035394519567489624,4.161794185638428,encoder,aux_pca_1e-2_code_mean1e-4_cov1e-4,aux_pca_1e-2_code_mean1e-4_cov1e-4/seed2026_clnet_transnet,aux_pca_1e-2_code_mean1e-4_cov1e-4/seed42_transnet_transnet,2026,42,clnet,transnet,transnet,transnet,,
100000,0.9929823279380798,0.008466389961540699,0.9155550003051758,0.975045382976532,0.9961801767349243,0.9991285800933838,0.13749568164348602,8.212518692016602,encoder,aux_pca_1e-2_code_mean1e-4_cov1e-4,aux_pca_1e-2_code_mean1e-4_cov1e-4/seed2026_crnet_transnet,aux_pca_1e-2_code_mean1e-4_cov1e-4/seed2026_csinet_transnet,2026,2026,crnet,csinet,transnet,transnet,,
100000,0.9995747208595276,0.0005954231019131839,0.9840442538261414,0.9984121918678284,0.9997971057891846,0.9999825954437256,0.027157742530107498,3.64633846282959,encoder,aux_pca_1e-2_code_mean1e-4_cov1e-4,aux_pca_1e-2_code_mean1e-4_cov1e-4/seed2026_crnet_transnet,aux_pca_1e-2_code_mean1e-4_cov1e-4/seed2026_transnet_transnet,2026,2026,crnet,transnet,transnet,transnet,,
100000,0.9988909363746643,0.0014951754128560424,0.9790676832199097,0.9958356022834778,0.999466061592102,0.9999715089797974,0.0008582252194173634,0.6275149583816528,encoder,aux_pca_1e-2_code_mean1e-4_cov1e-4,aux_pca_1e-2_code_mean1e-4_cov1e-4/seed2026_crnet_transnet,aux_pca_1e-2_code_mean1e-4_cov1e-4/seed3407_clnet_transnet,2026,3407,crnet,clnet,transnet,transnet,,
100000,0.9947959780693054,0.006493972148746252,0.919975221157074,0.9818090200424194,0.9972803592681885,0.9994842410087585,0.0556362047791481,5.224582672119141,encoder,aux_pca_1e-2_code_mean1e-4_cov1e-4,aux_pca_1e-2_code_mean1e-4_cov1e-4/seed2026_crnet_transnet,aux_pca_1e-2_code_mean1e-4_cov1e-4/seed3407_crnet_transnet,2026,3407,crnet,crnet,transnet,transnet,,
100000,0.9844513535499573,0.012856434099376202,0.8772927522659302,0.9580131769180298,0.9883878231048584,0.9971114993095398,0.021984122693538666,3.2603790760040283,encoder,aux_pca_1e-2_code_mean1e-4_cov1e-4,aux_pca_1e-2_code_mean1e-4_cov1e-4/seed2026_crnet_transnet,aux_pca_1e-2_code_mean1e-4_cov1e-4/seed3407_csinet_transnet,2026,3407,crnet,csinet,transnet,transnet,,
100000,0.9996596574783325,0.00046692733303643763,0.9887102246284485,0.9987505674362183,0.9998328685760498,0.9999828338623047,0.024923237040638924,3.4911136627197266,encoder,aux_pca_1e-2_code_mean1e-4_cov1e-4,aux_pca_1e-2_code_mean1e-4_cov1e-4/seed2026_crnet_transnet,aux_pca_1e-2_code_mean1e-4_cov1e-4/seed3407_transnet_transnet,2026,3407,crnet,transnet,transnet,transnet,,
100000,0.9994496703147888,0.0007914192392490804,0.9875542521476746,0.9979169368743896,0.999748945236206,0.9999783039093018,0.006970325950533152,1.848240852355957,encoder,aux_pca_1e-2_code_mean1e-4_cov1e-4,aux_pca_1e-2_code_mean1e-4_cov1e-4/seed2026_crnet_transnet,aux_pca_1e-2_code_mean1e-4_cov1e-4/seed42_clnet_transnet,2026,42,crnet,clnet,transnet,transnet,,
100000,0.9948411583900452,0.004788369406014681,0.941644549369812,0.985131561756134,0.9964784383773804,0.9990240335464478,0.04053639620542526,4.458510398864746,encoder,aux_pca_1e-2_code_mean1e-4_cov1e-4,aux_pca_1e-2_code_mean1e-4_cov1e-4/seed2026_crnet_transnet,aux_pca_1e-2_code_mean1e-4_cov1e-4/seed42_crnet_transnet,2026,42,crnet,crnet,transnet,transnet,,
100000,0.9954904317855835,0.004670734051615,0.946681797504425,0.985987663269043,0.9971680641174316,0.9990858435630798,0.14486730098724365,8.430146217346191,encoder,aux_pca_1e-2_code_mean1e-4_cov1e-4,aux_pca_1e-2_code_mean1e-4_cov1e-4/seed2026_crnet_transnet,aux_pca_1e-2_code_mean1e-4_cov1e-4/seed42_csinet_transnet,2026,42,crnet,csinet,transnet,transnet,,
100000,0.9996593594551086,0.00047035355237312615,0.9882875680923462,0.9987437725067139,0.9998329281806946,0.9999826550483704,0.024878505617380142,3.4875552654266357,encoder,aux_pca_1e-2_code_mean1e-4_cov1e-4,aux_pca_1e-2_code_mean1e-4_cov1e-4/seed2026_crnet_transnet,aux_pca_1e-2_code_mean1e-4_cov1e-4/seed42_transnet_transnet,2026,42,crnet,transnet,transnet,transnet,,
100000,0.9923955798149109,0.00959749985486269,0.8971209526062012,0.9721739292144775,0.99602210521698,0.9991296529769897,0.042585428804159164,4.5738205909729,encoder,aux_pca_1e-2_code_mean1e-4_cov1e-4,aux_pca_1e-2_code_mean1e-4_cov1e-4/seed2026_csinet_transnet,aux_pca_1e-2_code_mean1e-4_cov1e-4/seed2026_transnet_transnet,2026,2026,csinet,transnet,transnet,transnet,,
100000,0.9936168789863586,0.007673986256122589,0.9227743744850159,0.9772499203681946,0.9965572953224182,0.9991664886474609,0.1539040356874466,8.689112663269043,encoder,aux_pca_1e-2_code_mean1e-4_cov1e-4,aux_pca_1e-2_code_mean1e-4_cov1e-4/seed2026_csinet_transnet,aux_pca_1e-2_code_mean1e-4_cov1e-4/seed3407_clnet_transnet,2026,3407,csinet,clnet,transnet,transnet,,
100000,0.9936956167221069,0.006247346755117178,0.9046758413314819,0.9813275337219238,0.9958265423774719,0.9987596273422241,0.0186769999563694,3.026059865951538,encoder,aux_pca_1e-2_code_mean1e-4_cov1e-4,aux_pca_1e-2_code_mean1e-4_cov1e-4/seed2026_csinet_transnet,aux_pca_1e-2_code_mean1e-4_cov1e-4/seed3407_crnet_transnet,2026,3407,csinet,crnet,transnet,transnet,,
100000,0.9803559184074402,0.014678193256258965,0.8117924928665161,0.9509875774383545,0.9844750165939331,0.9956899881362915,0.24001790583133698,10.85617446899414,encoder,aux_pca_1e-2_code_mean1e-4_cov1e-4,aux_pca_1e-2_code_mean1e-4_cov1e-4/seed2026_csinet_transnet,aux_pca_1e-2_code_mean1e-4_cov1e-4/seed3407_csinet_transnet,2026,3407,csinet,csinet,transnet,transnet,,
100000,0.9925404191017151,0.009348051622509956,0.9040946364402771,0.9727727174758911,0.9960904121398926,0.9991331100463867,0.04547243192791939,4.727951526641846,encoder,aux_pca_1e-2_code_mean1e-4_cov1e-4,aux_pca_1e-2_code_mean1e-4_cov1e-4/seed2026_csinet_transnet,aux_pca_1e-2_code_mean1e-4_cov1e-4/seed3407_transnet_transnet,2026,3407,csinet,transnet,transnet,transnet,,
100000,0.9929315447807312,0.008822261355817318,0.9172277450561523,0.9740214347839355,0.9963290691375732,0.9991521835327148,0.20507410168647766,10.029903411865234,encoder,aux_pca_1e-2_code_mean1e-4_cov1e-4,aux_pca_1e-2_code_mean1e-4_cov1e-4/seed2026_csinet_transnet,aux_pca_1e-2_code_mean1e-4_cov1e-4/seed42_clnet_transnet,2026,42,csinet,clnet,transnet,transnet,,
100000,0.9919940233230591,0.007143717724829912,0.9025388956069946,0.9773692488670349,0.9943708181381226,0.9982732534408569,0.029594745486974716,3.8093557357788086,encoder,aux_pca_1e-2_code_mean1e-4_cov1e-4,aux_pca_1e-2_code_mean1e-4_cov1e-4/seed2026_csinet_transnet,aux_pca_1e-2_code_mean1e-4_cov1e-4/seed42_crnet_transnet,2026,42,csinet,crnet,transnet,transnet,,
100000,0.9950388669967651,0.004252979531884193,0.9332451820373535,0.9867814183235168,0.9964234828948975,0.9986101984977722,0.00011794573219958693,0.2402655929327011,encoder,aux_pca_1e-2_code_mean1e-4_cov1e-4,aux_pca_1e-2_code_mean1e-4_cov1e-4/seed2026_csinet_transnet,aux_pca_1e-2_code_mean1e-4_cov1e-4/seed42_csinet_transnet,2026,42,csinet,csinet,transnet,transnet,,
100000,0.9924360513687134,0.009527896530926228,0.90101158618927,0.9722057580947876,0.9960499405860901,0.9991337656974792,0.04553525894880295,4.731632709503174,encoder,aux_pca_1e-2_code_mean1e-4_cov1e-4,aux_pca_1e-2_code_mean1e-4_cov1e-4/seed2026_csinet_transnet,aux_pca_1e-2_code_mean1e-4_cov1e-4/seed42_transnet_transnet,2026,42,csinet,transnet,transnet,transnet,,
100000,0.9985530972480774,0.0020835401955991983,0.9746317267417908,0.9942501783370972,0.999372124671936,0.9999845027923584,0.03491305187344551,4.135916233062744,encoder,aux_pca_1e-2_code_mean1e-4_cov1e-4,aux_pca_1e-2_code_mean1e-4_cov1e-4/seed2026_transnet_transnet,aux_pca_1e-2_code_mean1e-4_cov1e-4/seed3407_clnet_transnet,2026,3407,transnet,clnet,transnet,transnet,,
100000,0.9945687055587769,0.007021596655249596,0.9142094254493713,0.9805598855018616,0.9972583651542664,0.9994969964027405,0.00534954434260726,1.6228026151657104,encoder,aux_pca_1e-2_code_mean1e-4_cov1e-4,aux_pca_1e-2_code_mean1e-4_cov1e-4/seed2026_transnet_transnet,aux_pca_1e-2_code_mean1e-4_cov1e-4/seed3407_crnet_transnet,2026,3407,transnet,crnet,transnet,transnet,,
100000,0.9841012954711914,0.013018479570746422,0.8767938613891602,0.9574488401412964,0.9880586862564087,0.9970442652702332,0.08494275063276291,6.446920394897461,encoder,aux_pca_1e-2_code_mean1e-4_cov1e-4,aux_pca_1e-2_code_mean1e-4_cov1e-4/seed2026_transnet_transnet,aux_pca_1e-2_code_mean1e-4_cov1e-4/seed3407_csinet_transnet,2026,3407,transnet,csinet,transnet,transnet,,
100000,0.9999082684516907,0.000137323047965765,0.9976656436920166,0.999642014503479,0.9999605417251587,0.9999961853027344,6.163407670101151e-05,0.1722792387008667,encoder,aux_pca_1e-2_code_mean1e-4_cov1e-4,aux_pca_1e-2_code_mean1e-4_cov1e-4/seed2026_transnet_transnet,aux_pca_1e-2_code_mean1e-4_cov1e-4/seed3407_transnet_transnet,2026,3407,transnet,transnet,transnet,transnet,,
100000,0.9994451403617859,0.0008064486319199204,0.9855669140815735,0.9978281259536743,0.9997583627700806,0.9999898076057434,0.06093063950538635,5.463918209075928,encoder,aux_pca_1e-2_code_mean1e-4_cov1e-4,aux_pca_1e-2_code_mean1e-4_cov1e-4/seed2026_transnet_transnet,aux_pca_1e-2_code_mean1e-4_cov1e-4/seed42_clnet_transnet,2026,42,transnet,clnet,transnet,transnet,,
100000,0.9946830868721008,0.004954853095114231,0.9339366555213928,0.9846844673156738,0.9963699579238892,0.9990280270576477,0.0017813744489103556,0.9287693500518799,encoder,aux_pca_1e-2_code_mean1e-4_cov1e-4,aux_pca_1e-2_code_mean1e-4_cov1e-4/seed2026_transnet_transnet,aux_pca_1e-2_code_mean1e-4_cov1e-4/seed42_crnet_transnet,2026,42,transnet,crnet,transnet,transnet,,
100000,0.994914174079895,0.005744620691984892,0.9370068311691284,0.9832040667533875,0.9970049858093262,0.9990884065628052,0.046719394624233246,4.790818214416504,encoder,aux_pca_1e-2_code_mean1e-4_cov1e-4,aux_pca_1e-2_code_mean1e-4_cov1e-4/seed2026_transnet_transnet,aux_pca_1e-2_code_mean1e-4_cov1e-4/seed42_csinet_transnet,2026,42,transnet,csinet,transnet,transnet,,
100000,0.9999087452888489,0.00013832657714374363,0.9975584745407104,0.9996395111083984,0.9999618530273438,0.9999967217445374,6.339146784739569e-05,0.17535167932510376,encoder,aux_pca_1e-2_code_mean1e-4_cov1e-4,aux_pca_1e-2_code_mean1e-4_cov1e-4/seed2026_transnet_transnet,aux_pca_1e-2_code_mean1e-4_cov1e-4/seed42_transnet_transnet,2026,42,transnet,transnet,transnet,transnet,,
100000,0.9946345686912537,0.006594815757125616,0.916257917881012,0.9811563491821289,0.9971716403961182,0.9994919896125793,0.06626635789871216,5.701963424682617,encoder,aux_pca_1e-2_code_mean1e-4_cov1e-4,aux_pca_1e-2_code_mean1e-4_cov1e-4/seed3407_clnet_transnet,aux_pca_1e-2_code_mean1e-4_cov1e-4/seed3407_crnet_transnet,3407,3407,clnet,crnet,transnet,transnet,,
100000,0.9840081930160522,0.01306060515344143,0.8720229864120483,0.9573643803596497,0.9879433512687683,0.9969809055328369,0.01796872727572918,2.9343152046203613,encoder,aux_pca_1e-2_code_mean1e-4_cov1e-4,aux_pca_1e-2_code_mean1e-4_cov1e-4/seed3407_clnet_transnet,aux_pca_1e-2_code_mean1e-4_cov1e-4/seed3407_csinet_transnet,3407,3407,clnet,csinet,transnet,transnet,,
100000,0.9986685514450073,0.0019177488284185529,0.9756007194519043,0.9947388172149658,0.9994264841079712,0.9999845027923584,0.03238111361861229,3.981222152709961,encoder,aux_pca_1e-2_code_mean1e-4_cov1e-4,aux_pca_1e-2_code_mean1e-4_cov1e-4/seed3407_clnet_transnet,aux_pca_1e-2_code_mean1e-4_cov1e-4/seed3407_transnet_transnet,3407,3407,clnet,transnet,transnet,transnet,,
100000,0.9992718696594238,0.0009783831192180514,0.9873103499412537,0.997270405292511,0.9996533989906311,0.9999792575836182,0.003976813983172178,1.3955100774765015,encoder,aux_pca_1e-2_code_mean1e-4_cov1e-4,aux_pca_1e-2_code_mean1e-4_cov1e-4/seed3407_clnet_transnet,aux_pca_1e-2_code_mean1e-4_cov1e-4/seed42_clnet_transnet,3407,42,clnet,clnet,transnet,transnet,,
100000,0.9947184920310974,0.005028741899877787,0.9437320232391357,0.9845083355903625,0.9964544773101807,0.9990320205688477,0.04964787885546684,4.934511661529541,encoder,aux_pca_1e-2_code_mean1e-4_cov1e-4,aux_pca_1e-2_code_mean1e-4_cov1e-4/seed3407_clnet_transnet,aux_pca_1e-2_code_mean1e-4_cov1e-4/seed42_crnet_transnet,3407,42,clnet,crnet,transnet,transnet,,
100000,0.9960106611251831,0.004234504420310259,0.9427463412284851,0.9878272414207458,0.9974972009658813,0.9991260766983032,0.16170628368854523,8.907028198242188,encoder,aux_pca_1e-2_code_mean1e-4_cov1e-4,aux_pca_1e-2_code_mean1e-4_cov1e-4/seed3407_clnet_transnet,aux_pca_1e-2_code_mean1e-4_cov1e-4/seed42_csinet_transnet,3407,42,clnet,csinet,transnet,transnet,,
100000,0.9986495971679688,0.0019199742237105966,0.9755167961120605,0.9947046041488647,0.9994075298309326,0.9999843239784241,0.03233400732278824,3.9779276847839355,encoder,aux_pca_1e-2_code_mean1e-4_cov1e-4,aux_pca_1e-2_code_mean1e-4_cov1e-4/seed3407_clnet_transnet,aux_pca_1e-2_code_mean1e-4_cov1e-4/seed42_transnet_transnet,3407,42,clnet,transnet,transnet,transnet,,
100000,0.9803293347358704,0.015358001925051212,0.852595329284668,0.9485098123550415,0.9848554134368896,0.9958587884902954,0.12866923213005066,7.9429097175598145,encoder,aux_pca_1e-2_code_mean1e-4_cov1e-4,aux_pca_1e-2_code_mean1e-4_cov1e-4/seed3407_crnet_transnet,aux_pca_1e-2_code_mean1e-4_cov1e-4/seed3407_csinet_transnet,3407,3407,crnet,csinet,transnet,transnet,,
100000,0.994818389415741,0.006659327540546656,0.920342206954956,0.9815146327018738,0.9973500967025757,0.9994974136352539,0.006346290931105614,1.7694393396377563,encoder,aux_pca_1e-2_code_mean1e-4_cov1e-4,aux_pca_1e-2_code_mean1e-4_cov1e-4/seed3407_crnet_transnet,aux_pca_1e-2_code_mean1e-4_cov1e-4/seed3407_transnet_transnet,3407,3407,crnet,transnet,transnet,transnet,,
100000,0.9945839047431946,0.006844677031040192,0.9249780774116516,0.9806779623031616,0.9972220659255981,0.9994970560073853,0.10099387168884277,7.039231300354004,encoder,aux_pca_1e-2_code_mean1e-4_cov1e-4,aux_pca_1e-2_code_mean1e-4_cov1e-4/seed3407_crnet_transnet,aux_pca_1e-2_code_mean1e-4_cov1e-4/seed42_clnet_transnet,3407,42,crnet,clnet,transnet,transnet,,
100000,0.9949946403503418,0.0041372040286660194,0.9434062242507935,0.9868319034576416,0.996314525604248,0.9987121224403381,0.0016641744878143072,0.8976233601570129,encoder,aux_pca_1e-2_code_mean1e-4_cov1e-4,aux_pca_1e-2_code_mean1e-4_cov1e-4/seed3407_crnet_transnet,aux_pca_1e-2_code_mean1e-4_cov1e-4/seed42_crnet_transnet,3407,42,crnet,crnet,transnet,transnet,,
100000,0.9945233464241028,0.0050105685368180275,0.9283561110496521,0.9843395948410034,0.9963034391403198,0.9987207651138306,0.02146061696112156,3.2444567680358887,encoder,aux_pca_1e-2_code_mean1e-4_cov1e-4,aux_pca_1e-2_code_mean1e-4_cov1e-4/seed3407_crnet_transnet,aux_pca_1e-2_code_mean1e-4_cov1e-4/seed42_csinet_transnet,3407,42,crnet,csinet,transnet,transnet,,
100000,0.9946777820587158,0.0069105364382267,0.9155341386795044,0.9809836745262146,0.9973077774047852,0.999495804309845,0.006380300968885422,1.774573802947998,encoder,aux_pca_1e-2_code_mean1e-4_cov1e-4,aux_pca_1e-2_code_mean1e-4_cov1e-4/seed3407_crnet_transnet,aux_pca_1e-2_code_mean1e-4_cov1e-4/seed42_transnet_transnet,3407,42,crnet,transnet,transnet,transnet,,
100000,0.9843906164169312,0.012799637392163277,0.8755847215652466,0.9582206010818481,0.9882817268371582,0.9970802664756775,0.08112264424562454,6.298525333404541,encoder,aux_pca_1e-2_code_mean1e-4_cov1e-4,aux_pca_1e-2_code_mean1e-4_cov1e-4/seed3407_csinet_transnet,aux_pca_1e-2_code_mean1e-4_cov1e-4/seed3407_transnet_transnet,3407,3407,csinet,transnet,transnet,transnet,,
100000,0.984528660774231,0.012826269492506981,0.8795492649078369,0.9582276940345764,0.9884668588638306,0.9971287846565247,0.010799763724207878,2.189946413040161,encoder,aux_pca_1e-2_code_mean1e-4_cov1e-4,aux_pca_1e-2_code_mean1e-4_cov1e-4/seed3407_csinet_transnet,aux_pca_1e-2_code_mean1e-4_cov1e-4/seed42_clnet_transnet,3407,42,csinet,clnet,transnet,transnet,,
100000,0.9790006279945374,0.016786059364676476,0.8455851078033447,0.9439133405685425,0.9842165112495422,0.9954515099525452,0.10617868602275848,7.2131829261779785,encoder,aux_pca_1e-2_code_mean1e-4_cov1e-4,aux_pca_1e-2_code_mean1e-4_cov1e-4/seed3407_csinet_transnet,aux_pca_1e-2_code_mean1e-4_cov1e-4/seed42_crnet_transnet,3407,42,csinet,crnet,transnet,transnet,,
100000,0.9830237030982971,0.01281242910772562,0.8720362186431885,0.9569774270057678,0.9867925643920898,0.9959934949874878,0.24956315755844116,11.070369720458984,encoder,aux_pca_1e-2_code_mean1e-4_cov1e-4,aux_pca_1e-2_code_mean1e-4_cov1e-4/seed3407_csinet_transnet,aux_pca_1e-2_code_mean1e-4_cov1e-4/seed42_csinet_transnet,3407,42,csinet,csinet,transnet,transnet,,
100000,0.9843963980674744,0.012774690985679626,0.876376211643219,0.9582931995391846,0.9882684946060181,0.9970689415931702,0.08104310184717178,6.295040607452393,encoder,aux_pca_1e-2_code_mean1e-4_cov1e-4,aux_pca_1e-2_code_mean1e-4_cov1e-4/seed3407_csinet_transnet,aux_pca_1e-2_code_mean1e-4_cov1e-4/seed42_transnet_transnet,3407,42,csinet,transnet,transnet,transnet,,
100000,0.9995045065879822,0.0007213708013296127,0.9883370995521545,0.9980654716491699,0.9997832775115967,0.9999898076057434,0.05756983160972595,5.309179782867432,encoder,aux_pca_1e-2_code_mean1e-4_cov1e-4,aux_pca_1e-2_code_mean1e-4_cov1e-4/seed3407_transnet_transnet,aux_pca_1e-2_code_mean1e-4_cov1e-4/seed42_clnet_transnet,3407,42,transnet,clnet,transnet,transnet,,
100000,0.9949054718017578,0.0046469904482364655,0.9405952095985413,0.9854917526245117,0.9964823722839355,0.9990300536155701,0.0022960726637393236,1.0598329305648804,encoder,aux_pca_1e-2_code_mean1e-4_cov1e-4,aux_pca_1e-2_code_mean1e-4_cov1e-4/seed3407_transnet_transnet,aux_pca_1e-2_code_mean1e-4_cov1e-4/seed42_crnet_transnet,3407,42,transnet,crnet,transnet,transnet,,
100000,0.9951208829879761,0.005397902335971594,0.9420583248138428,0.9840782880783081,0.997089684009552,0.9990939497947693,0.0497409962117672,4.9449591636657715,encoder,aux_pca_1e-2_code_mean1e-4_cov1e-4,aux_pca_1e-2_code_mean1e-4_cov1e-4/seed3407_transnet_transnet,aux_pca_1e-2_code_mean1e-4_cov1e-4/seed42_csinet_transnet,3407,42,transnet,csinet,transnet,transnet,,
100000,0.9999761581420898,2.9325477953534573e-05,0.999605655670166,0.9999169111251831,0.9999874830245972,0.9999973177909851,3.556980345820193e-06,0.036718688905239105,encoder,aux_pca_1e-2_code_mean1e-4_cov1e-4,aux_pca_1e-2_code_mean1e-4_cov1e-4/seed3407_transnet_transnet,aux_pca_1e-2_code_mean1e-4_cov1e-4/seed42_transnet_transnet,3407,42,transnet,transnet,transnet,transnet,,
100000,0.9948291778564453,0.004885450005531311,0.9365211129188538,0.9848281741142273,0.9965234994888306,0.9990358948707581,0.08010644465684891,6.2682390213012695,encoder,aux_pca_1e-2_code_mean1e-4_cov1e-4,aux_pca_1e-2_code_mean1e-4_cov1e-4/seed42_clnet_transnet,aux_pca_1e-2_code_mean1e-4_cov1e-4/seed42_crnet_transnet,42,42,clnet,crnet,transnet,transnet,,
100000,0.9954522252082825,0.005018153227865696,0.9451609253883362,0.9853206276893616,0.9972653388977051,0.9991083741188049,0.21405789256095886,10.247600555419922,encoder,aux_pca_1e-2_code_mean1e-4_cov1e-4,aux_pca_1e-2_code_mean1e-4_cov1e-4/seed42_clnet_transnet,aux_pca_1e-2_code_mean1e-4_cov1e-4/seed42_csinet_transnet,42,42,clnet,csinet,transnet,transnet,,
100000,0.999509334564209,0.0007109544239938259,0.9892884492874146,0.9980963468551636,0.9997842311859131,0.9999898076057434,0.05750074237585068,5.305568695068359,encoder,aux_pca_1e-2_code_mean1e-4_cov1e-4,aux_pca_1e-2_code_mean1e-4_cov1e-4/seed42_clnet_transnet,aux_pca_1e-2_code_mean1e-4_cov1e-4/seed42_transnet_transnet,42,42,clnet,transnet,transnet,transnet,,
100000,0.993255615234375,0.005885143764317036,0.9159955978393555,0.9814310669898987,0.9952203631401062,0.9982520937919617,0.033061668276786804,4.026976108551025,encoder,aux_pca_1e-2_code_mean1e-4_cov1e-4,aux_pca_1e-2_code_mean1e-4_cov1e-4/seed42_crnet_transnet,aux_pca_1e-2_code_mean1e-4_cov1e-4/seed42_csinet_transnet,42,42,crnet,csinet,transnet,transnet,,
100000,0.9948341846466064,0.004758608527481556,0.9413270950317383,0.9851998090744019,0.9964544177055359,0.9990312457084656,0.002315375953912735,1.0645891427993774,encoder,aux_pca_1e-2_code_mean1e-4_cov1e-4,aux_pca_1e-2_code_mean1e-4_cov1e-4/seed42_crnet_transnet,aux_pca_1e-2_code_mean1e-4_cov1e-4/seed42_transnet_transnet,42,42,crnet,transnet,transnet,transnet,,
100000,0.9950461387634277,0.005589197855442762,0.9380794763565063,0.9836445450782776,0.9970835447311401,0.9990894198417664,0.049805618822574615,4.948581695556641,encoder,aux_pca_1e-2_code_mean1e-4_cov1e-4,aux_pca_1e-2_code_mean1e-4_cov1e-4/seed42_csinet_transnet,aux_pca_1e-2_code_mean1e-4_cov1e-4/seed42_transnet_transnet,42,42,csinet,transnet,transnet,transnet,,
100000,0.997373104095459,0.007231502793729305,0.5376806855201721,0.9883480668067932,0.9994704127311707,0.9999868869781494,0.006180395372211933,1.3892487287521362,encoder,aux_pca_1e-2_code_reg,aux_pca_1e-2_code_reg/seed2026_transnet_transnet,aux_pca_1e-2_code_reg/seed3407_transnet_transnet,2026,3407,transnet,transnet,transnet,transnet,,
100000,0.9969461560249329,0.008309118449687958,0.5363589525222778,0.9865469336509705,0.9993472099304199,0.9999831318855286,0.0068062301725149155,1.4953012466430664,encoder,aux_pca_1e-2_code_reg,aux_pca_1e-2_code_reg/seed2026_transnet_transnet,aux_pca_1e-2_code_reg/seed42_transnet_transnet,2026,42,transnet,transnet,transnet,transnet,,
100000,0.9964125752449036,0.010092531330883503,0.6079527735710144,0.984214723110199,0.9992783069610596,0.999982476234436,0.00851136352866888,1.6670238971710205,encoder,aux_pca_1e-2_code_reg,aux_pca_1e-2_code_reg/seed3407_transnet_transnet,aux_pca_1e-2_code_reg/seed42_transnet_transnet,3407,42,transnet,transnet,transnet,transnet,,
100000,0.8812084197998047,0.2357732206583023,-0.7506440877914429,0.33008190989494324,0.9783272743225098,0.9998180866241455,0.06249574199318886,4.823885917663574,encoder,aux_pca_1e-2_code_reg_weak,aux_pca_1e-2_code_reg_weak/seed3407_transnet_transnet,aux_pca_1e-2_code_reg_weak/seed42_transnet_transnet,3407,42,transnet,transnet,transnet,transnet,,
100000,0.9987210631370544,0.0007691102218814194,0.9944277405738831,0.9973478317260742,0.9987901449203491,0.9998139142990112,0.005902490112930536,1.7077590227127075,encoder,aux_pca_1e-3,aux_pca_1e-3/seed1024_transnet_transnet,aux_pca_1e-3/seed2026_transnet_transnet,1024,2026,transnet,transnet,transnet,transnet,,
100000,0.5846664905548096,0.14611391723155975,-0.15339145064353943,0.32695865631103516,0.597865879535675,0.801735520362854,0.24222460389137268,11.056385040283203,encoder,aux_pca_1e-3,aux_pca_1e-3/seed1024_transnet_transnet,aux_pca_1e-3/seed3407_transnet_transnet,1024,3407,transnet,transnet,transnet,transnet,,
100000,0.6256521940231323,0.14977377653121948,-0.19527608156204224,0.3626161515712738,0.6406135559082031,0.8423349261283875,0.21345975995063782,10.302362442016602,encoder,aux_pca_1e-3,aux_pca_1e-3/seed1024_transnet_transnet,aux_pca_1e-3/seed42_transnet_transnet,1024,42,transnet,transnet,transnet,transnet,,
100000,0.997958242893219,0.0012957904255017638,0.9923644065856934,0.995750904083252,0.9979761242866516,0.999911367893219,0.001594400149770081,0.8664498925209045,encoder,aux_pca_1e-3,aux_pca_1e-3/seed1024_transnet_transnet,aux_pca_1e-3/seed796_transnet_transnet,1024,796,transnet,transnet,transnet,transnet,,
100000,0.6214686632156372,0.14203205704689026,-0.1260739266872406,0.37068867683410645,0.6349577307701111,0.8297499418258667,0.25528404116630554,11.322229385375977,encoder,aux_pca_1e-3,aux_pca_1e-3/seed2026_transnet_transnet,aux_pca_1e-3/seed3407_transnet_transnet,2026,3407,transnet,transnet,transnet,transnet,,
100000,0.6604782938957214,0.14685748517513275,-0.16814596951007843,0.4018794298171997,0.676560640335083,0.8681237697601318,0.22775335609912872,10.611088752746582,encoder,aux_pca_1e-3,aux_pca_1e-3/seed2026_transnet_transnet,aux_pca_1e-3/seed42_transnet_transnet,2026,42,transnet,transnet,transnet,transnet,,
100000,0.9998326301574707,0.000170336221344769,0.9974582195281982,0.9994832277297974,0.9998897314071655,0.9999885559082031,0.00300629623234272,1.2236266136169434,encoder,aux_pca_1e-3,aux_pca_1e-3/seed2026_transnet_transnet,aux_pca_1e-3/seed796_transnet_transnet,2026,796,transnet,transnet,transnet,transnet,,
100000,0.9979036450386047,0.0015397330280393362,0.9916770458221436,0.9952518939971924,0.9979691505432129,0.9999586343765259,0.0016195327043533325,0.8269616961479187,encoder,aux_pca_1e-3,aux_pca_1e-3/seed3407_transnet_transnet,aux_pca_1e-3/seed42_transnet_transnet,3407,42,transnet,transnet,transnet,transnet,,
100000,0.6298727989196777,0.14345696568489075,-0.15084236860275269,0.3765023350715637,0.6443272829055786,0.8381120562553406,0.2229553461074829,10.566184997558594,encoder,aux_pca_1e-3,aux_pca_1e-3/seed3407_transnet_transnet,aux_pca_1e-3/seed796_transnet_transnet,3407,796,transnet,transnet,transnet,transnet,,
100000,0.6682667136192322,0.14922888576984406,-0.19274647533893585,0.4046686291694641,0.6856873631477356,0.8752889037132263,0.19666171073913574,9.82982063293457,encoder,aux_pca_1e-3,aux_pca_1e-3/seed42_transnet_transnet,aux_pca_1e-3/seed796_transnet_transnet,42,796,transnet,transnet,transnet,transnet,,
100000,0.9971942901611328,0.005255211144685745,0.7235772609710693,0.9891663193702698,0.9989050626754761,0.9999376535415649,0.007006487809121609,1.515010952949524,encoder,aux_pca_1e-3_code_reg,aux_pca_1e-3_code_reg/seed2026_transnet_transnet,aux_pca_1e-3_code_reg/seed3407_transnet_transnet,2026,3407,transnet,transnet,transnet,transnet,,
100000,0.9964272379875183,0.007357029709964991,0.7538516521453857,0.9862886667251587,0.9986591339111328,0.9999250769615173,0.009133580140769482,1.7622950077056885,encoder,aux_pca_1e-3_code_reg,aux_pca_1e-3_code_reg/seed2026_transnet_transnet,aux_pca_1e-3_code_reg/seed42_transnet_transnet,2026,42,transnet,transnet,transnet,transnet,,
100000,0.9956080913543701,0.009006896987557411,0.7119888067245483,0.9823361039161682,0.9984447360038757,0.9999274015426636,0.010283676907420158,1.8783175945281982,encoder,aux_pca_1e-3_code_reg,aux_pca_1e-3_code_reg/seed3407_transnet_transnet,aux_pca_1e-3_code_reg/seed42_transnet_transnet,3407,42,transnet,transnet,transnet,transnet,,
100000,0.9987353682518005,0.0012547930236905813,0.9890913963317871,0.9962489604949951,0.999131977558136,0.9999621510505676,0.009991341270506382,2.218254566192627,encoder,aux_pca_5e-3,aux_pca_5e-3/seed3407_transnet_transnet,aux_pca_5e-3/seed42_transnet_transnet,3407,42,transnet,transnet,transnet,transnet,,
100000,0.9991673827171326,0.0016696641687303782,0.9739116430282593,0.9968125820159912,0.9996703863143921,0.9999896883964539,0.0026540798135101795,1.1424328088760376,encoder,aux_pca_5e-3_code_mean1e-4,aux_pca_5e-3_code_mean1e-4/seed3407_transnet_transnet,aux_pca_5e-3_code_mean1e-4/seed42_transnet_transnet,3407,42,transnet,transnet,transnet,transnet,,
100000,0.9997990131378174,0.00029970810282975435,0.9932913780212402,0.9992191791534424,0.9999126195907593,0.9999930262565613,0.00036924253799952567,0.42710548639297485,encoder,aux_pca_5e-3_code_mean1e-4_cov1e-4,aux_pca_5e-3_code_mean1e-4_cov1e-4/seed3407_transnet_transnet,aux_pca_5e-3_code_mean1e-4_cov1e-4/seed42_transnet_transnet,3407,42,transnet,transnet,transnet,transnet,,
100000,0.9959754347801208,0.01120116375386715,0.5755696296691895,0.9826558232307434,0.9991295337677002,0.9999697208404541,0.009497574530541897,1.7631504535675049,encoder,aux_pca_5e-3_code_reg,aux_pca_5e-3_code_reg/seed2026_transnet_transnet,aux_pca_5e-3_code_reg/seed3407_transnet_transnet,2026,3407,transnet,transnet,transnet,transnet,,
100000,0.9960905313491821,0.01024201326072216,0.6550271511077881,0.9829506278038025,0.9990857839584351,0.999967098236084,0.009719295427203178,1.7920653820037842,encoder,aux_pca_5e-3_code_reg,aux_pca_5e-3_code_reg/seed2026_transnet_transnet,aux_pca_5e-3_code_reg/seed42_transnet_transnet,2026,42,transnet,transnet,transnet,transnet,,
100000,0.9970540404319763,0.007756558246910572,0.6677432656288147,0.9873210787773132,0.9992972612380981,0.9999770522117615,0.007282243575900793,1.5662015676498413,encoder,aux_pca_5e-3_code_reg,aux_pca_5e-3_code_reg/seed3407_transnet_transnet,aux_pca_5e-3_code_reg/seed42_transnet_transnet,3407,42,transnet,transnet,transnet,transnet,,
100000,0.9971471428871155,0.007470379117876291,0.6377805471420288,0.987625777721405,0.9993230104446411,0.9999777674674988,0.006929184775799513,1.5251063108444214,encoder,aux_pca_5e-3_code_reg_mid,aux_pca_5e-3_code_reg_mid/seed3407_transnet_transnet,aux_pca_5e-3_code_reg_mid/seed42_transnet_transnet,3407,42,transnet,transnet,transnet,transnet,,
100000,0.9933324456214905,0.017235102131962776,0.35446250438690186,0.9719250798225403,0.9982964992523193,0.9999440312385559,0.01888257823884487,2.349809408187866,encoder,aux_pca_5e-3_code_reg_weak,aux_pca_5e-3_code_reg_weak/seed3407_transnet_transnet,aux_pca_5e-3_code_reg_weak/seed42_transnet_transnet,3407,42,transnet,transnet,transnet,transnet,,
100000,-0.003185243345797062,0.04315634071826935,-0.20185577869415283,-0.0745871439576149,-0.0028977636247873306,0.0670299232006073,1.1018146276474,23.441984176635742,encoder,baseline,baseline/seed1024_transnet_transnet,baseline/seed2026_transnet_transnet,1024,2026,transnet,transnet,transnet,transnet,,
100000,-0.0012883457820862532,0.04268750548362732,-0.19604967534542084,-0.07246755063533783,-0.0006122053600847721,0.06781125068664551,1.0569465160369873,23.008329391479492,encoder,baseline,baseline/seed1024_transnet_transnet,baseline/seed3407_transnet_transnet,1024,3407,transnet,transnet,transnet,transnet,,
100000,0.003166925860568881,0.04302971810102463,-0.17159345746040344,-0.06753265857696533,0.003233298659324646,0.07400794327259064,1.1581430435180664,24.03892707824707,encoder,baseline,baseline/seed1024_transnet_transnet,baseline/seed42_transnet_transnet,1024,42,transnet,transnet,transnet,transnet,,
100000,-0.013023712672293186,0.04483577609062195,-0.1924213320016861,-0.08655139803886414,-0.013197250664234161,0.06116127967834473,1.0395469665527344,22.788469314575195,encoder,baseline,baseline/seed1024_transnet_transnet,baseline/seed796_transnet_transnet,1024,796,transnet,transnet,transnet,transnet,,
100000,8.793365122983232e-05,0.04130368307232857,-0.1841670423746109,-0.06795569509267807,0.00017287954688072205,0.06777928024530411,1.116407871246338,23.609729766845703,encoder,baseline,baseline/seed2026_transnet_transnet,baseline/seed3407_transnet_transnet,2026,3407,transnet,transnet,transnet,transnet,,
100000,0.0021765087731182575,0.04902902618050575,-0.21156680583953857,-0.0776720643043518,0.0015963613986968994,0.08382442593574524,1.2165879011154175,24.616313934326172,encoder,baseline,baseline/seed2026_transnet_transnet,baseline/seed42_transnet_transnet,2026,42,transnet,transnet,transnet,transnet,,
100000,-0.01192414853721857,0.04492770880460739,-0.19357022643089294,-0.08572344481945038,-0.012121487408876419,0.062346670776605606,1.098198652267456,23.391674041748047,encoder,baseline,baseline/seed2026_transnet_transnet,baseline/seed796_transnet_transnet,2026,796,transnet,transnet,transnet,transnet,,
100000,-0.002311381045728922,0.044406771659851074,-0.1845656931400299,-0.07552392035722733,-0.00205090269446373,0.07038075476884842,1.1806293725967407,24.292984008789062,encoder,baseline,baseline/seed3407_transnet_transnet,baseline/seed42_transnet_transnet,3407,42,transnet,transnet,transnet,transnet,,
100000,-0.01742575503885746,0.043798334896564484,-0.19458018243312836,-0.08872996270656586,-0.017933007329702377,0.05529119446873665,1.0602694749832153,23.039018630981445,encoder,baseline,baseline/seed3407_transnet_transnet,baseline/seed796_transnet_transnet,3407,796,transnet,transnet,transnet,transnet,,
100000,-0.01513617392629385,0.042983196675777435,-0.21552622318267822,-0.08625800162553787,-0.014902620576322079,0.0552639439702034,1.1642266511917114,24.10157012939453,encoder,baseline,baseline/seed42_transnet_transnet,baseline/seed796_transnet_transnet,42,796,transnet,transnet,transnet,transnet,,
100000,0.9075098037719727,0.025417981669306755,0.7915957570075989,0.8614235520362854,0.9114885330200195,0.9419640898704529,2.7677411708282307e-05,0.11771046370267868,encoder,codebook1024,codebook1024/seed1024_transnet_transnet,codebook1024/seed2026_transnet_transnet,1024,2026,transnet,transnet,transnet,transnet,,
100000,0.8925822973251343,0.028984807431697845,0.7433582544326782,0.8394016623497009,0.8977701663970947,0.9311044216156006,3.164965528412722e-05,0.1258961707353592,encoder,codebook1024,codebook1024/seed1024_transnet_transnet,codebook1024/seed3407_transnet_transnet,1024,3407,transnet,transnet,transnet,transnet,,
100000,0.8955443501472473,0.027140295132994652,0.7620099782943726,0.8457911014556885,0.9003232717514038,0.9317020177841187,3.0816489015705884e-05,0.12433400005102158,encoder,codebook1024,codebook1024/seed1024_transnet_transnet,codebook1024/seed42_transnet_transnet,1024,42,transnet,transnet,transnet,transnet,,
100000,0.9032872915267944,0.023877901956439018,0.7646648287773132,0.8601555228233337,0.9065151214599609,0.936219334602356,2.8556341931107454e-05,0.11981604993343353,encoder,codebook1024,codebook1024/seed1024_transnet_transnet,codebook1024/seed796_transnet_transnet,1024,796,transnet,transnet,transnet,transnet,,
100000,0.8975958228111267,0.024591557681560516,0.7654854655265808,0.852741539478302,0.9012339115142822,0.9309740662574768,3.055854540434666e-05,0.12399044632911682,encoder,codebook1024,codebook1024/seed2026_transnet_transnet,codebook1024/seed3407_transnet_transnet,2026,3407,transnet,transnet,transnet,transnet,,
100000,0.9036930799484253,0.024681301787495613,0.769391655921936,0.8571783304214478,0.9080848097801208,0.9360658526420593,2.8796566766686738e-05,0.12024892121553421,encoder,codebook1024,codebook1024/seed2026_transnet_transnet,codebook1024/seed42_transnet_transnet,2026,42,transnet,transnet,transnet,transnet,,
100000,0.9137656688690186,0.02072666771709919,0.7887535095214844,0.8758401274681091,0.9164539575576782,0.942375659942627,2.5796589397941716e-05,0.11395104974508286,encoder,codebook1024,codebook1024/seed2026_transnet_transnet,codebook1024/seed796_transnet_transnet,2026,796,transnet,transnet,transnet,transnet,,
100000,0.8957950472831726,0.024639999493956566,0.7604889869689941,0.8511529564857483,0.8992701768875122,0.9293608069419861,3.066028511966579e-05,0.12421595305204391,encoder,codebook1024,codebook1024/seed3407_transnet_transnet,codebook1024/seed42_transnet_transnet,3407,42,transnet,transnet,transnet,transnet,,
100000,0.9006765484809875,0.023103764280676842,0.7667024731636047,0.858163058757782,0.9038281440734863,0.9323411583900452,2.925412991316989e-05,0.12139508128166199,encoder,codebook1024,codebook1024/seed3407_transnet_transnet,codebook1024/seed796_transnet_transnet,3407,796,transnet,transnet,transnet,transnet,,
100000,0.9067516922950745,0.021983062848448753,0.7865046262741089,0.8660781383514404,0.9099762439727783,0.9365060925483704,2.7517429771251045e-05,0.1177206039428711,encoder,codebook1024,codebook1024/seed42_transnet_transnet,codebook1024/seed796_transnet_transnet,42,796,transnet,transnet,transnet,transnet,,
100000,0.9922298192977905,0.0032835237216204405,0.9573168158531189,0.9858752489089966,0.9929449558258057,0.9961084723472595,4.545310900994082e-07,0.014984709210693836,encoder,codebook1024_dct_reg,codebook1024_dct_reg/seed1024_transnet_transnet,codebook1024_dct_reg/seed2026_transnet_transnet,1024,2026,transnet,transnet,transnet,transnet,,
100000,0.9915428757667542,0.0032721690367907286,0.9562892913818359,0.9853734970092773,0.9921844005584717,0.9954708814620972,4.804157356375072e-07,0.015457102097570896,encoder,codebook1024_dct_reg,codebook1024_dct_reg/seed1024_transnet_transnet,codebook1024_dct_reg/seed3407_transnet_transnet,1024,3407,transnet,transnet,transnet,transnet,,
100000,0.9914292097091675,0.003650237340480089,0.9492563009262085,0.984318733215332,0.9922847747802734,0.9955567121505737,4.998505005460174e-07,0.015729067847132683,encoder,codebook1024_dct_reg,codebook1024_dct_reg/seed1024_transnet_transnet,codebook1024_dct_reg/seed42_transnet_transnet,1024,42,transnet,transnet,transnet,transnet,,
100000,0.9908046126365662,0.003370636608451605,0.9540290236473083,0.9844683408737183,0.9914615154266357,0.994901716709137,5.21179629231483e-07,0.01612093299627304,encoder,codebook1024_dct_reg,codebook1024_dct_reg/seed1024_transnet_transnet,codebook1024_dct_reg/seed796_transnet_transnet,1024,796,transnet,transnet,transnet,transnet,,
100000,0.9917426109313965,0.0031993191223591566,0.9408746957778931,0.9857922196388245,0.992354154586792,0.9956011772155762,4.755869440487004e-07,0.015385851263999939,encoder,codebook1024_dct_reg,codebook1024_dct_reg/seed2026_transnet_transnet,codebook1024_dct_reg/seed3407_transnet_transnet,2026,3407,transnet,transnet,transnet,transnet,,
100000,0.9925074577331543,0.003224383806809783,0.9577286243438721,0.9863513112068176,0.9932183027267456,0.9961981177330017,4.323111681969749e-07,0.014630889520049095,encoder,codebook1024_dct_reg,codebook1024_dct_reg/seed2026_transnet_transnet,codebook1024_dct_reg/seed42_transnet_transnet,2026,42,transnet,transnet,transnet,transnet,,
100000,0.9916538596153259,0.0031850754749029875,0.9439077973365784,0.985720157623291,0.9922584295272827,0.9955272078514099,4.79666425690084e-07,0.015456931665539742,encoder,codebook1024_dct_reg,codebook1024_dct_reg/seed2026_transnet_transnet,codebook1024_dct_reg/seed796_transnet_transnet,2026,796,transnet,transnet,transnet,transnet,,
100000,0.992827296257019,0.002468635095283389,0.9704829454421997,0.9882051348686218,0.9932445287704468,0.9960588216781616,4.1133446870844637e-07,0.014350304380059242,encoder,codebook1024_dct_reg,codebook1024_dct_reg/seed3407_transnet_transnet,codebook1024_dct_reg/seed42_transnet_transnet,3407,42,transnet,transnet,transnet,transnet,,
100000,0.9929074048995972,0.002477264264598489,0.9720292687416077,0.9882685542106628,0.9933353662490845,0.9961328506469727,4.01666596872019e-07,0.01417311280965805,encoder,codebook1024_dct_reg,codebook1024_dct_reg/seed3407_transnet_transnet,codebook1024_dct_reg/seed796_transnet_transnet,3407,796,transnet,transnet,transnet,transnet,,
100000,0.9933527708053589,0.002416337141767144,0.9703367352485657,0.9887704849243164,0.9937855005264282,0.9964632391929626,3.8043893368922e-07,0.013786906376481056,encoder,codebook1024_dct_reg,codebook1024_dct_reg/seed42_transnet_transnet,codebook1024_dct_reg/seed796_transnet_transnet,42,796,transnet,transnet,transnet,transnet,,
100000,0.04221592843532562,0.06062673032283783,-0.17082785069942474,-0.05251224711537361,0.03948036581277847,0.14635999500751495,1.2741577625274658,25.528169631958008,encoder,fixed_q,fixed_q/seed1024_transnet_transnet,fixed_q/seed2026_transnet_transnet,1024,2026,transnet,transnet,transnet,transnet,,
100000,0.19415929913520813,0.05972806364297867,-0.1019473522901535,0.09093502908945084,0.197272390127182,0.2870272099971771,1.0610796213150024,23.272024154663086,encoder,fixed_q,fixed_q/seed1024_transnet_transnet,fixed_q/seed3407_transnet_transnet,1024,3407,transnet,transnet,transnet,transnet,,
100000,0.10377630591392517,0.04985630884766579,-0.13221722841262817,0.022960349917411804,0.10301332920789719,0.18721525371074677,1.1200153827667236,23.92357635498047,encoder,fixed_q,fixed_q/seed1024_transnet_transnet,fixed_q/seed42_transnet_transnet,1024,42,transnet,transnet,transnet,transnet,,
100000,-0.11297548562288284,0.05507060885429382,-0.2888733446598053,-0.19778364896774292,-0.11617715656757355,-0.01683821715414524,1.3765809535980225,26.53769874572754,encoder,fixed_q,fixed_q/seed1024_transnet_transnet,fixed_q/seed796_transnet_transnet,1024,796,transnet,transnet,transnet,transnet,,
100000,-0.0338313914835453,0.09714974462985992,-0.33614885807037354,-0.18603593111038208,-0.037913985550403595,0.13190409541130066,1.4485571384429932,27.218454360961914,encoder,fixed_q,fixed_q/seed2026_transnet_transnet,fixed_q/seed3407_transnet_transnet,2026,3407,transnet,transnet,transnet,transnet,,
100000,0.13649559020996094,0.04901079460978508,-0.07873834669589996,0.057382211089134216,0.13570094108581543,0.21883969008922577,1.1590254306793213,24.340627670288086,encoder,fixed_q,fixed_q/seed2026_transnet_transnet,fixed_q/seed42_transnet_transnet,2026,42,transnet,transnet,transnet,transnet,,
100000,0.1991872638463974,0.04571760818362236,-0.012822410091757774,0.12186715006828308,0.2004808783531189,0.272122323513031,1.0674799680709839,23.35672950744629,encoder,fixed_q,fixed_q/seed2026_transnet_transnet,fixed_q/seed796_transnet_transnet,2026,796,transnet,transnet,transnet,transnet,,
100000,0.03296675533056259,0.05081082507967949,-0.1877863109111786,-0.04945889487862587,0.03255810961127281,0.11744007468223572,1.2795952558517456,25.57746124267578,encoder,fixed_q,fixed_q/seed3407_transnet_transnet,fixed_q/seed42_transnet_transnet,3407,42,transnet,transnet,transnet,transnet,,
100000,0.09949035197496414,0.047153882682323456,-0.10262008011341095,0.024491136893630028,0.09822739660739899,0.17894500494003296,1.1822270154953003,24.585988998413086,encoder,fixed_q,fixed_q/seed3407_transnet_transnet,fixed_q/seed796_transnet_transnet,3407,796,transnet,transnet,transnet,transnet,,
100000,0.042403444647789,0.047032129019498825,-0.16672149300575256,-0.03595392405986786,0.042921170592308044,0.11925707012414932,1.1962748765945435,24.725318908691406,encoder,fixed_q,fixed_q/seed42_transnet_transnet,fixed_q/seed796_transnet_transnet,42,796,transnet,transnet,transnet,transnet,,
100000,0.2242869883775711,0.08413709700107574,-0.18033622205257416,0.07669012993574142,0.2299010306596756,0.35269004106521606,0.3971053659915924,14.054986953735352,encoder,fixed_q_rank16,fixed_q_rank16/seed1024_transnet_transnet,fixed_q_rank16/seed2026_transnet_transnet,1024,2026,transnet,transnet,transnet,transnet,,
100000,0.33907100558280945,0.08104763180017471,-0.0432303249835968,0.20208075642585754,0.34192177653312683,0.46749401092529297,0.34156334400177,13.023892402648926,encoder,fixed_q_rank16,fixed_q_rank16/seed1024_transnet_transnet,fixed_q_rank16/seed3407_transnet_transnet,1024,3407,transnet,transnet,transnet,transnet,,
100000,0.3511161506175995,0.08072106540203094,-0.013847251422703266,0.20699459314346313,0.3584437370300293,0.46930795907974243,0.3416256606578827,13.011683464050293,encoder,fixed_q_rank16,fixed_q_rank16/seed1024_transnet_transnet,fixed_q_rank16/seed42_transnet_transnet,1024,42,transnet,transnet,transnet,transnet,,
100000,0.31565678119659424,0.06850831210613251,0.04823944717645645,0.20114418864250183,0.316432386636734,0.42660924792289734,0.33914288878440857,13.000218391418457,encoder,fixed_q_rank16,fixed_q_rank16/seed1024_transnet_transnet,fixed_q_rank16/seed796_transnet_transnet,1024,796,transnet,transnet,transnet,transnet,,
100000,0.152374267578125,0.05309438705444336,-0.07075963169336319,0.0644550770521164,0.1527557671070099,0.23931056261062622,0.42028069496154785,14.525894165039062,encoder,fixed_q_rank16,fixed_q_rank16/seed2026_transnet_transnet,fixed_q_rank16/seed3407_transnet_transnet,2026,3407,transnet,transnet,transnet,transnet,,
100000,0.14674405753612518,0.05081716924905777,-0.07735085487365723,0.06063677743077278,0.14795392751693726,0.22822819650173187,0.43175971508026123,14.703974723815918,encoder,fixed_q_rank16,fixed_q_rank16/seed2026_transnet_transnet,fixed_q_rank16/seed42_transnet_transnet,2026,42,transnet,transnet,transnet,transnet,,
100000,0.27250242233276367,0.05925994738936424,-0.020800814032554626,0.1706545501947403,0.27528756856918335,0.3650434911251068,0.35073062777519226,13.228638648986816,encoder,fixed_q_rank16,fixed_q_rank16/seed2026_transnet_transnet,fixed_q_rank16/seed796_transnet_transnet,2026,796,transnet,transnet,transnet,transnet,,
100000,0.2864939272403717,0.07528134435415268,-0.11079145967960358,0.15413612127304077,0.2917936444282532,0.399814248085022,0.36528804898262024,13.498207092285156,encoder,fixed_q_rank16,fixed_q_rank16/seed3407_transnet_transnet,fixed_q_rank16/seed42_transnet_transnet,3407,42,transnet,transnet,transnet,transnet,,
100000,0.17713068425655365,0.07493080198764801,-0.18452635407447815,0.04777076840400696,0.1802981048822403,0.29509198665618896,0.3999575674533844,14.12326431274414,encoder,fixed_q_rank16,fixed_q_rank16/seed3407_transnet_transnet,fixed_q_rank16/seed796_transnet_transnet,3407,796,transnet,transnet,transnet,transnet,,
100000,0.3571510910987854,0.07488708943128586,0.04266398400068283,0.2258065938949585,0.36223578453063965,0.4706685543060303,0.31984734535217285,12.598776817321777,encoder,fixed_q_rank16,fixed_q_rank16/seed42_transnet_transnet,fixed_q_rank16/seed796_transnet_transnet,42,796,transnet,transnet,transnet,transnet,,
100000,0.26518163084983826,0.100541852414608,-0.14079181849956512,0.10536252707242966,0.26080530881881714,0.4392732083797455,1.4471758604049683,27.07928466796875,encoder,fixed_q_rank16_code_reg,fixed_q_rank16_code_reg/seed1024_transnet_transnet,fixed_q_rank16_code_reg/seed2026_transnet_transnet,1024,2026,transnet,transnet,transnet,transnet,,
100000,0.23739346861839294,0.11425469815731049,-0.13970330357551575,0.0669129267334938,0.22617122530937195,0.44607385993003845,1.5033533573150635,27.586219787597656,encoder,fixed_q_rank16_code_reg,fixed_q_rank16_code_reg/seed1024_transnet_transnet,fixed_q_rank16_code_reg/seed3407_transnet_transnet,1024,3407,transnet,transnet,transnet,transnet,,
100000,0.33288517594337463,0.11247149109840393,-0.06810620427131653,0.16115106642246246,0.32383430004119873,0.5337215662002563,1.3175643682479858,25.79193115234375,encoder,fixed_q_rank16_code_reg,fixed_q_rank16_code_reg/seed1024_transnet_transnet,fixed_q_rank16_code_reg/seed42_transnet_transnet,1024,42,transnet,transnet,transnet,transnet,,
100000,0.2560974061489105,0.11277464777231216,-0.10394667088985443,0.08550509810447693,0.246808260679245,0.4578520655632019,1.468039631843567,27.244949340820312,encoder,fixed_q_rank16_code_reg,fixed_q_rank16_code_reg/seed1024_transnet_transnet,fixed_q_rank16_code_reg/seed796_transnet_transnet,1024,796,transnet,transnet,transnet,transnet,,
100000,0.2807932496070862,0.10321510583162308,-0.10103632509708405,0.119401715695858,0.2753617763519287,0.4602712392807007,1.417495608329773,26.805221557617188,encoder,fixed_q_rank16_code_reg,fixed_q_rank16_code_reg/seed2026_transnet_transnet,fixed_q_rank16_code_reg/seed3407_transnet_transnet,2026,3407,transnet,transnet,transnet,transnet,,
100000,0.23645375669002533,0.11200784146785736,-0.14901003241539001,0.06247815489768982,0.2292918562889099,0.43225952982902527,1.5065308809280396,27.621156692504883,encoder,fixed_q_rank16_code_reg,fixed_q_rank16_code_reg/seed2026_transnet_transnet,fixed_q_rank16_code_reg/seed42_transnet_transnet,2026,42,transnet,transnet,transnet,transnet,,
100000,0.2680107355117798,0.10654747486114502,-0.09422536939382553,0.10368741303682327,0.26061612367630005,0.45484524965286255,1.443929672241211,27.040454864501953,encoder,fixed_q_rank16_code_reg,fixed_q_rank16_code_reg/seed2026_transnet_transnet,fixed_q_rank16_code_reg/seed796_transnet_transnet,2026,796,transnet,transnet,transnet,transnet,,
100000,0.2140347957611084,0.12466946989297867,-0.20320847630500793,0.018735790625214577,0.20782755315303802,0.4272872507572174,1.551720380783081,28.021703720092773,encoder,fixed_q_rank16_code_reg,fixed_q_rank16_code_reg/seed3407_transnet_transnet,fixed_q_rank16_code_reg/seed42_transnet_transnet,3407,42,transnet,transnet,transnet,transnet,,
100000,0.24011898040771484,0.10912802070379257,-0.1284496784210205,0.07925774902105331,0.22820134460926056,0.44314461946487427,1.4985711574554443,27.557044982910156,encoder,fixed_q_rank16_code_reg,fixed_q_rank16_code_reg/seed3407_transnet_transnet,fixed_q_rank16_code_reg/seed796_transnet_transnet,3407,796,transnet,transnet,transnet,transnet,,
100000,0.2874809801578522,0.11875490099191666,-0.16105499863624573,0.10809065401554108,0.2770785987377167,0.5014870762825012,1.4066472053527832,26.665071487426758,encoder,fixed_q_rank16_code_reg,fixed_q_rank16_code_reg/seed42_transnet_transnet,fixed_q_rank16_code_reg/seed796_transnet_transnet,42,796,transnet,transnet,transnet,transnet,,
100000,0.8708164691925049,0.07356420904397964,0.2534850835800171,0.7283703684806824,0.8874881267547607,0.955898106098175,0.0041108145378530025,1.4121953248977661,encoder,fixed_q_rank16_pca,fixed_q_rank16_pca/seed1024_transnet_transnet,fixed_q_rank16_pca/seed2026_transnet_transnet,1024,2026,transnet,transnet,transnet,transnet,,
100000,0.8823636770248413,0.0664457455277443,0.3278564214706421,0.7532753944396973,0.8973382711410522,0.9594748616218567,0.009142805822193623,2.1202471256256104,encoder,fixed_q_rank16_pca,fixed_q_rank16_pca/seed1024_transnet_transnet,fixed_q_rank16_pca/seed3407_transnet_transnet,1024,3407,transnet,transnet,transnet,transnet,,
100000,0.902927577495575,0.055030982941389084,0.3488186001777649,0.7961707711219788,0.9158831834793091,0.9653161764144897,0.0404992550611496,4.424055576324463,encoder,fixed_q_rank16_pca,fixed_q_rank16_pca/seed1024_transnet_transnet,fixed_q_rank16_pca/seed42_transnet_transnet,1024,42,transnet,transnet,transnet,transnet,,
100000,0.8791016340255737,0.06788075715303421,0.2860659956932068,0.7481752634048462,0.8943765163421631,0.9575031399726868,0.07171053439378738,5.79359245300293,encoder,fixed_q_rank16_pca,fixed_q_rank16_pca/seed1024_transnet_transnet,fixed_q_rank16_pca/seed796_transnet_transnet,1024,796,transnet,transnet,transnet,transnet,,
100000,0.902163565158844,0.054268963634967804,0.34492647647857666,0.7970870137214661,0.9144591093063354,0.9648125171661377,0.007711553014814854,1.9453357458114624,encoder,fixed_q_rank16_pca,fixed_q_rank16_pca/seed2026_transnet_transnet,fixed_q_rank16_pca/seed3407_transnet_transnet,2026,3407,transnet,transnet,transnet,transnet,,
100000,0.8796401619911194,0.06763996928930283,0.2782335877418518,0.7494712471961975,0.8946718573570251,0.9577493071556091,0.040277402848005295,4.407543659210205,encoder,fixed_q_rank16_pca,fixed_q_rank16_pca/seed2026_transnet_transnet,fixed_q_rank16_pca/seed42_transnet_transnet,2026,42,transnet,transnet,transnet,transnet,,
100000,0.885627031326294,0.06400106847286224,0.2604174017906189,0.7632826566696167,0.8996809720993042,0.9598296880722046,0.06855624169111252,5.651034832000732,encoder,fixed_q_rank16_pca,fixed_q_rank16_pca/seed2026_transnet_transnet,fixed_q_rank16_pca/seed796_transnet_transnet,2026,796,transnet,transnet,transnet,transnet,,
100000,0.8733147978782654,0.07261714339256287,0.18632438778877258,0.7317144274711609,0.8904116153717041,0.9558570981025696,0.028268055990338326,3.7010393142700195,encoder,fixed_q_rank16_pca,fixed_q_rank16_pca/seed3407_transnet_transnet,fixed_q_rank16_pca/seed42_transnet_transnet,3407,42,transnet,transnet,transnet,transnet,,
100000,0.8946232795715332,0.05855710059404373,0.37007153034210205,0.7812709808349609,0.9080002307891846,0.9618215560913086,0.04848780110478401,4.745129108428955,encoder,fixed_q_rank16_pca,fixed_q_rank16_pca/seed3407_transnet_transnet,fixed_q_rank16_pca/seed796_transnet_transnet,3407,796,transnet,transnet,transnet,transnet,,
100000,0.8773677945137024,0.06990068405866623,0.22127559781074524,0.7425516843795776,0.8936113119125366,0.956989586353302,0.03055933117866516,3.817399501800537,encoder,fixed_q_rank16_pca,fixed_q_rank16_pca/seed42_transnet_transnet,fixed_q_rank16_pca/seed796_transnet_transnet,42,796,transnet,transnet,transnet,transnet,,
