rel_path,exp_dir,scheme,family,seed,encoder,decoder,adapter,epochs,batch_size,lr_init,weight_decay,pretrained_encoder,pretrained_decoder,teacher_code,lambda_recon,lambda_code,lambda_fc,lambda_recT,anchor_target,lambda_anchor,anchor_loss,lambda_code_mean,lambda_code_var,lambda_code_cov,lambda_code_l1,canonical_head,codewords_path,codewords_exists,best_ckpt_exists,log_lines,crashed,has_runtime_error,loaded_best_before_export,saved_codewords,best_nmse,best_epoch,latest_test_nmse,final_test_loss,final_test_nmse,complete,before_train_test_nmse,last_seen_epoch,target_epochs,last_train_recon_loss,last_code_loss,last_fc_loss,last_total_loss,last_adapter_rank,last_adapter_gate_mean,last_adapter_gate_std,last_adapter_down_norm,last_adapter_up_norm,last_adapter_bias_norm,last_adapter_W1_norm,last_adapter_W2_norm,last_adapter_lowrank_ratio,last_adapter_mlp_ratio,last_adapter_delta_ratio,last_val_recon_loss,last_adapter_gamma_mean,last_adapter_gamma_std,last_adapter_linear_norm,last_adapter_linear_ratio,last_adapter_W1_mean,last_adapter_W1_std,last_adapter_W2_mean,last_adapter_W2_std,last_teacher_recon_loss,last_anchor_loss,last_code_reg_loss
adapter/aux_pca_1e-2/gated_lowrank_affine_mlp/rank32_hidden2048_gate0.1_code1e-3_fc1e-2_lr5e-4_ep400/enc_seed3407_dec_seed42,exps/COST2100/in/encoder_canonical/adapter/aux_pca_1e-2/gated_lowrank_affine_mlp/rank32_hidden2048_gate0.1_code1e-3_fc1e-2_lr5e-4_ep400/enc_seed3407_dec_seed42,aux_pca_1e-2,adapter/aux_pca_1e-2/gated_lowrank_affine_mlp,3407,transnet,transnet,gated_lowrank_affine_mlp,400,256,0.0005,0.001,exps/COST2100/in/encoder_canonical/aux_pca_1e-2/seed3407_transnet_transnet/checkpoints/best_nmse.pth,exps/COST2100/in/encoder_canonical/aux_pca_1e-2/seed42_transnet_transnet/checkpoints/best_nmse.pth,exps/COST2100/in/encoder_canonical/aux_pca_1e-2/seed42_transnet_transnet/codewords/train_code.pt,1.0,0.001,0.01,0.0,none,0.0,mse,0.0,0.0,0.0,0.0,none,exps/COST2100/in/encoder_canonical/adapter/aux_pca_1e-2/gated_lowrank_affine_mlp/rank32_hidden2048_gate0.1_code1e-3_fc1e-2_lr5e-4_ep400/enc_seed3407_dec_seed42/codewords/train_code.pt,True,True,10234,False,False,True,True,-29.216,370,-29.216,5.4146e-07,-29.216,True,-29.216,400.0,400.0,5.0079e-07,4.9336e-05,1.4777e-05,5.3807e-07,32.0,0.084334,0.017327,4.9796,1.3074,1.4361,57.55,11.278,0.096849,0.10422,0.044349,5.3807e-07,,,,,,,,,,,
adapter/aux_pca_1e-2_code_mean1e-4_cov1e-4/gated_lowrank_affine_mlp/rank32_hidden2048_gate0.1_code1e-3_fc1e-2_lr5e-4_ep100/enc_seed2026_clnet_transnet_dec_seed42_transnet_transnet,exps/COST2100/in/encoder_canonical/adapter/aux_pca_1e-2_code_mean1e-4_cov1e-4/gated_lowrank_affine_mlp/rank32_hidden2048_gate0.1_code1e-3_fc1e-2_lr5e-4_ep100/enc_seed2026_clnet_transnet_dec_seed42_transnet_transnet,aux_pca_1e-2_code_mean1e-4_cov1e-4,adapter/aux_pca_1e-2_code_mean1e-4_cov1e-4/gated_lowrank_affine_mlp,2026,clnet,transnet,gated_lowrank_affine_mlp,100,256,0.0005,0.001,exps/COST2100/in/encoder_canonical/aux_pca_1e-2_code_mean1e-4_cov1e-4/seed2026_clnet_transnet/checkpoints/best_nmse.pth,exps/COST2100/in/encoder_canonical/aux_pca_1e-2_code_mean1e-4_cov1e-4/seed42_transnet_transnet/checkpoints/best_nmse.pth,exps/COST2100/in/encoder_canonical/aux_pca_1e-2_code_mean1e-4_cov1e-4/seed42_transnet_transnet/codewords/train_code.pt,1.0,0.001,0.01,0.0,none,0.0,mse,0.0,0.0,0.0,0.0,none,exps/COST2100/in/encoder_canonical/adapter/aux_pca_1e-2_code_mean1e-4_cov1e-4/gated_lowrank_affine_mlp/rank32_hidden2048_gate0.1_code1e-3_fc1e-2_lr5e-4_ep100/enc_seed2026_clnet_transnet_dec_seed42_transnet_transnet/codewords/train_code.pt,True,True,2698,False,False,True,True,-24.366,100,-24.366,1.6494e-06,-24.366,True,-24.366,100.0,100.0,1.175e-06,7.7603e-05,3.5599e-05,1.6441e-06,32.0,0.20897,0.054067,6.0141,2.5875,2.7626,63.226,20.199,1.4028,1.461,0.42011,1.6441e-06,,,,,,,,,,,
adapter/aux_pca_1e-2_code_mean1e-4_cov1e-4/gated_lowrank_affine_mlp/rank32_hidden2048_gate0.1_code1e-3_fc1e-2_lr5e-4_ep100/enc_seed2026_crnet_transnet_dec_seed42_transnet_transnet,exps/COST2100/in/encoder_canonical/adapter/aux_pca_1e-2_code_mean1e-4_cov1e-4/gated_lowrank_affine_mlp/rank32_hidden2048_gate0.1_code1e-3_fc1e-2_lr5e-4_ep100/enc_seed2026_crnet_transnet_dec_seed42_transnet_transnet,aux_pca_1e-2_code_mean1e-4_cov1e-4,adapter/aux_pca_1e-2_code_mean1e-4_cov1e-4/gated_lowrank_affine_mlp,2026,crnet,transnet,gated_lowrank_affine_mlp,100,256,0.0005,0.001,exps/COST2100/in/encoder_canonical/aux_pca_1e-2_code_mean1e-4_cov1e-4/seed2026_crnet_transnet/checkpoints/best_nmse.pth,exps/COST2100/in/encoder_canonical/aux_pca_1e-2_code_mean1e-4_cov1e-4/seed42_transnet_transnet/checkpoints/best_nmse.pth,exps/COST2100/in/encoder_canonical/aux_pca_1e-2_code_mean1e-4_cov1e-4/seed42_transnet_transnet/codewords/train_code.pt,1.0,0.001,0.01,0.0,none,0.0,mse,0.0,0.0,0.0,0.0,none,exps/COST2100/in/encoder_canonical/adapter/aux_pca_1e-2_code_mean1e-4_cov1e-4/gated_lowrank_affine_mlp/rank32_hidden2048_gate0.1_code1e-3_fc1e-2_lr5e-4_ep100/enc_seed2026_crnet_transnet_dec_seed42_transnet_transnet/codewords/train_code.pt,True,True,2677,False,False,True,True,-26.365,100,-26.365,1.0416e-06,-26.365,True,-26.365,100.0,100.0,9.4859e-07,5.4861e-05,2.4805e-05,1.05e-06,32.0,0.19611,0.051938,5.9186,2.2639,2.6243,61.076,18.955,1.3744,1.4218,0.37598,1.05e-06,,,,,,,,,,,
adapter/aux_pca_1e-2_code_mean1e-4_cov1e-4/gated_lowrank_affine_mlp/rank32_hidden2048_gate0.1_code1e-3_fc1e-2_lr5e-4_ep100/enc_seed2026_csinet_transnet_dec_seed42_transnet_transnet,exps/COST2100/in/encoder_canonical/adapter/aux_pca_1e-2_code_mean1e-4_cov1e-4/gated_lowrank_affine_mlp/rank32_hidden2048_gate0.1_code1e-3_fc1e-2_lr5e-4_ep100/enc_seed2026_csinet_transnet_dec_seed42_transnet_transnet,aux_pca_1e-2_code_mean1e-4_cov1e-4,adapter/aux_pca_1e-2_code_mean1e-4_cov1e-4/gated_lowrank_affine_mlp,2026,csinet,transnet,gated_lowrank_affine_mlp,100,256,0.0005,0.001,exps/COST2100/in/encoder_canonical/aux_pca_1e-2_code_mean1e-4_cov1e-4/seed2026_csinet_transnet/checkpoints/best_nmse.pth,exps/COST2100/in/encoder_canonical/aux_pca_1e-2_code_mean1e-4_cov1e-4/seed42_transnet_transnet/checkpoints/best_nmse.pth,exps/COST2100/in/encoder_canonical/aux_pca_1e-2_code_mean1e-4_cov1e-4/seed42_transnet_transnet/codewords/train_code.pt,1.0,0.001,0.01,0.0,none,0.0,mse,0.0,0.0,0.0,0.0,none,exps/COST2100/in/encoder_canonical/adapter/aux_pca_1e-2_code_mean1e-4_cov1e-4/gated_lowrank_affine_mlp/rank32_hidden2048_gate0.1_code1e-3_fc1e-2_lr5e-4_ep100/enc_seed2026_csinet_transnet_dec_seed42_transnet_transnet/codewords/train_code.pt,True,True,2642,False,False,True,True,-23.633,100,-23.633,1.9543e-06,-23.633,True,-23.633,100.0,100.0,1.967e-06,0.00023421,9.2158e-05,1.948e-06,32.0,0.22003,0.071061,5.2186,2.2208,3.2164,73.647,17.247,3.2841,5.4802,4.4106,1.948e-06,,,,,,,,,,,
adapter/aux_pca_1e-2_code_mean1e-4_cov1e-4/gated_lowrank_affine_mlp/rank32_hidden2048_gate0.1_code1e-3_fc1e-2_lr5e-4_ep100/enc_seed2026_transnet_transnet_dec_seed42_transnet_transnet,exps/COST2100/in/encoder_canonical/adapter/aux_pca_1e-2_code_mean1e-4_cov1e-4/gated_lowrank_affine_mlp/rank32_hidden2048_gate0.1_code1e-3_fc1e-2_lr5e-4_ep100/enc_seed2026_transnet_transnet_dec_seed42_transnet_transnet,aux_pca_1e-2_code_mean1e-4_cov1e-4,adapter/aux_pca_1e-2_code_mean1e-4_cov1e-4/gated_lowrank_affine_mlp,2026,transnet,transnet,gated_lowrank_affine_mlp,100,256,0.0005,0.001,exps/COST2100/in/encoder_canonical/aux_pca_1e-2_code_mean1e-4_cov1e-4/seed2026_transnet_transnet/checkpoints/best_nmse.pth,exps/COST2100/in/encoder_canonical/aux_pca_1e-2_code_mean1e-4_cov1e-4/seed42_transnet_transnet/checkpoints/best_nmse.pth,exps/COST2100/in/encoder_canonical/aux_pca_1e-2_code_mean1e-4_cov1e-4/seed42_transnet_transnet/codewords/train_code.pt,1.0,0.001,0.01,0.0,none,0.0,mse,0.0,0.0,0.0,0.0,none,exps/COST2100/in/encoder_canonical/adapter/aux_pca_1e-2_code_mean1e-4_cov1e-4/gated_lowrank_affine_mlp/rank32_hidden2048_gate0.1_code1e-3_fc1e-2_lr5e-4_ep100/enc_seed2026_transnet_transnet_dec_seed42_transnet_transnet/codewords/train_code.pt,True,True,2674,False,False,True,True,-28.945,100,-28.945,5.7587e-07,-28.945,True,-28.945,100.0,100.0,5.1153e-07,4.8035e-06,2.9231e-06,5.7305e-07,32.0,0.036263,0.0068554,5.1719,0.16077,0.02277,60.529,3.778,0.017791,0.034836,0.029937,5.7305e-07,,,,,,,,,,,
adapter/aux_pca_1e-2_code_mean1e-4_cov1e-4/gated_lowrank_affine_mlp/rank32_hidden2048_gate0.1_code1e-3_fc1e-2_lr5e-4_ep100/enc_seed3407_clnet_transnet_dec_seed42_transnet_transnet,exps/COST2100/in/encoder_canonical/adapter/aux_pca_1e-2_code_mean1e-4_cov1e-4/gated_lowrank_affine_mlp/rank32_hidden2048_gate0.1_code1e-3_fc1e-2_lr5e-4_ep100/enc_seed3407_clnet_transnet_dec_seed42_transnet_transnet,aux_pca_1e-2_code_mean1e-4_cov1e-4,adapter/aux_pca_1e-2_code_mean1e-4_cov1e-4/gated_lowrank_affine_mlp,3407,clnet,transnet,gated_lowrank_affine_mlp,100,256,0.0005,0.001,exps/COST2100/in/encoder_canonical/aux_pca_1e-2_code_mean1e-4_cov1e-4/seed3407_clnet_transnet/checkpoints/best_nmse.pth,exps/COST2100/in/encoder_canonical/aux_pca_1e-2_code_mean1e-4_cov1e-4/seed42_transnet_transnet/checkpoints/best_nmse.pth,exps/COST2100/in/encoder_canonical/aux_pca_1e-2_code_mean1e-4_cov1e-4/seed42_transnet_transnet/codewords/train_code.pt,1.0,0.001,0.01,0.0,none,0.0,mse,0.0,0.0,0.0,0.0,none,exps/COST2100/in/encoder_canonical/adapter/aux_pca_1e-2_code_mean1e-4_cov1e-4/gated_lowrank_affine_mlp/rank32_hidden2048_gate0.1_code1e-3_fc1e-2_lr5e-4_ep100/enc_seed3407_clnet_transnet_dec_seed42_transnet_transnet/codewords/train_code.pt,True,True,2698,False,False,True,True,-24.484,100,-24.484,1.6053e-06,-24.484,True,-24.484,100.0,100.0,1.1595e-06,7.5085e-05,3.4156e-05,1.6157e-06,32.0,0.20108,0.055131,5.6907,2.6329,3.1499,61.826,20.221,1.2623,1.3195,0.40271,1.6157e-06,,,,,,,,,,,
adapter/aux_pca_1e-2_code_mean1e-4_cov1e-4/gated_lowrank_affine_mlp/rank32_hidden2048_gate0.1_code1e-3_fc1e-2_lr5e-4_ep100/enc_seed3407_crnet_transnet_dec_seed42_transnet_transnet,exps/COST2100/in/encoder_canonical/adapter/aux_pca_1e-2_code_mean1e-4_cov1e-4/gated_lowrank_affine_mlp/rank32_hidden2048_gate0.1_code1e-3_fc1e-2_lr5e-4_ep100/enc_seed3407_crnet_transnet_dec_seed42_transnet_transnet,aux_pca_1e-2_code_mean1e-4_cov1e-4,adapter/aux_pca_1e-2_code_mean1e-4_cov1e-4/gated_lowrank_affine_mlp,3407,crnet,transnet,gated_lowrank_affine_mlp,100,256,0.0005,0.001,exps/COST2100/in/encoder_canonical/aux_pca_1e-2_code_mean1e-4_cov1e-4/seed3407_crnet_transnet/checkpoints/best_nmse.pth,exps/COST2100/in/encoder_canonical/aux_pca_1e-2_code_mean1e-4_cov1e-4/seed42_transnet_transnet/checkpoints/best_nmse.pth,exps/COST2100/in/encoder_canonical/aux_pca_1e-2_code_mean1e-4_cov1e-4/seed42_transnet_transnet/codewords/train_code.pt,1.0,0.001,0.01,0.0,none,0.0,mse,0.0,0.0,0.0,0.0,none,exps/COST2100/in/encoder_canonical/adapter/aux_pca_1e-2_code_mean1e-4_cov1e-4/gated_lowrank_affine_mlp/rank32_hidden2048_gate0.1_code1e-3_fc1e-2_lr5e-4_ep100/enc_seed3407_crnet_transnet_dec_seed42_transnet_transnet/codewords/train_code.pt,True,True,2677,False,False,True,True,-24.108,100,-24.108,1.7546e-06,-24.108,True,-24.108,100.0,100.0,1.3751e-06,0.00012165,5.2047e-05,1.764e-06,32.0,0.10108,0.030554,3.4322,2.3919,1.6357,57.787,18.646,0.45033,0.57189,0.43604,1.764e-06,,,,,,,,,,,
adapter/aux_pca_1e-2_code_mean1e-4_cov1e-4/gated_lowrank_affine_mlp/rank32_hidden2048_gate0.1_code1e-3_fc1e-2_lr5e-4_ep100/enc_seed3407_csinet_transnet_dec_seed42_transnet_transnet,exps/COST2100/in/encoder_canonical/adapter/aux_pca_1e-2_code_mean1e-4_cov1e-4/gated_lowrank_affine_mlp/rank32_hidden2048_gate0.1_code1e-3_fc1e-2_lr5e-4_ep100/enc_seed3407_csinet_transnet_dec_seed42_transnet_transnet,aux_pca_1e-2_code_mean1e-4_cov1e-4,adapter/aux_pca_1e-2_code_mean1e-4_cov1e-4/gated_lowrank_affine_mlp,3407,csinet,transnet,gated_lowrank_affine_mlp,100,256,0.0005,0.001,exps/COST2100/in/encoder_canonical/aux_pca_1e-2_code_mean1e-4_cov1e-4/seed3407_csinet_transnet/checkpoints/best_nmse.pth,exps/COST2100/in/encoder_canonical/aux_pca_1e-2_code_mean1e-4_cov1e-4/seed42_transnet_transnet/checkpoints/best_nmse.pth,exps/COST2100/in/encoder_canonical/aux_pca_1e-2_code_mean1e-4_cov1e-4/seed42_transnet_transnet/codewords/train_code.pt,1.0,0.001,0.01,0.0,none,0.0,mse,0.0,0.0,0.0,0.0,none,exps/COST2100/in/encoder_canonical/adapter/aux_pca_1e-2_code_mean1e-4_cov1e-4/gated_lowrank_affine_mlp/rank32_hidden2048_gate0.1_code1e-3_fc1e-2_lr5e-4_ep100/enc_seed3407_csinet_transnet_dec_seed42_transnet_transnet/codewords/train_code.pt,True,True,2642,False,False,True,True,-16.522,100,-16.522,1.0042e-05,-16.522,True,-16.522,100.0,100.0,7.4942e-06,0.00098424,0.00040167,1.0122e-05,32.0,0.21444,0.061616,6.4982,3.6697,2.2111,69.077,27.704,1.3325,1.4273,0.52901,1.0122e-05,,,,,,,,,,,
adapter/aux_pca_1e-2_code_mean1e-4_cov1e-4/gated_lowrank_affine_mlp/rank32_hidden2048_gate0.1_code1e-3_fc1e-2_lr5e-4_ep100/enc_seed3407_transnet_transnet_dec_seed42_transnet_transnet,exps/COST2100/in/encoder_canonical/adapter/aux_pca_1e-2_code_mean1e-4_cov1e-4/gated_lowrank_affine_mlp/rank32_hidden2048_gate0.1_code1e-3_fc1e-2_lr5e-4_ep100/enc_seed3407_transnet_transnet_dec_seed42_transnet_transnet,aux_pca_1e-2_code_mean1e-4_cov1e-4,adapter/aux_pca_1e-2_code_mean1e-4_cov1e-4/gated_lowrank_affine_mlp,3407,transnet,transnet,gated_lowrank_affine_mlp,100,256,0.0005,0.001,exps/COST2100/in/encoder_canonical/aux_pca_1e-2_code_mean1e-4_cov1e-4/seed3407_transnet_transnet/checkpoints/best_nmse.pth,exps/COST2100/in/encoder_canonical/aux_pca_1e-2_code_mean1e-4_cov1e-4/seed42_transnet_transnet/checkpoints/best_nmse.pth,exps/COST2100/in/encoder_canonical/aux_pca_1e-2_code_mean1e-4_cov1e-4/seed42_transnet_transnet/codewords/train_code.pt,1.0,0.001,0.01,0.0,none,0.0,mse,0.0,0.0,0.0,0.0,none,exps/COST2100/in/encoder_canonical/adapter/aux_pca_1e-2_code_mean1e-4_cov1e-4/gated_lowrank_affine_mlp/rank32_hidden2048_gate0.1_code1e-3_fc1e-2_lr5e-4_ep100/enc_seed3407_transnet_transnet_dec_seed42_transnet_transnet/codewords/train_code.pt,True,True,2674,False,False,True,True,-29.54,100,-29.54,5.0241e-07,-29.54,True,-29.54,100.0,100.0,4.6757e-07,1.0614e-06,6.6449e-07,5.0045e-07,32.0,0.022815,0.0032351,6.0308,0.047138,0.024521,60.586,1.2977,0.007562,0.0046667,0.0073835,5.0045e-07,,,,,,,,,,,
adapter/aux_pca_1e-2_code_mean1e-4_cov1e-4/gated_lowrank_affine_mlp/rank32_hidden2048_gate0.1_code1e-3_fc1e-2_lr5e-4_ep100/enc_seed42_clnet_transnet_dec_seed42_transnet_transnet,exps/COST2100/in/encoder_canonical/adapter/aux_pca_1e-2_code_mean1e-4_cov1e-4/gated_lowrank_affine_mlp/rank32_hidden2048_gate0.1_code1e-3_fc1e-2_lr5e-4_ep100/enc_seed42_clnet_transnet_dec_seed42_transnet_transnet,aux_pca_1e-2_code_mean1e-4_cov1e-4,adapter/aux_pca_1e-2_code_mean1e-4_cov1e-4/gated_lowrank_affine_mlp,42,clnet,transnet,gated_lowrank_affine_mlp,100,256,0.0005,0.001,exps/COST2100/in/encoder_canonical/aux_pca_1e-2_code_mean1e-4_cov1e-4/seed42_clnet_transnet/checkpoints/best_nmse.pth,exps/COST2100/in/encoder_canonical/aux_pca_1e-2_code_mean1e-4_cov1e-4/seed42_transnet_transnet/checkpoints/best_nmse.pth,exps/COST2100/in/encoder_canonical/aux_pca_1e-2_code_mean1e-4_cov1e-4/seed42_transnet_transnet/codewords/train_code.pt,1.0,0.001,0.01,0.0,none,0.0,mse,0.0,0.0,0.0,0.0,none,exps/COST2100/in/encoder_canonical/adapter/aux_pca_1e-2_code_mean1e-4_cov1e-4/gated_lowrank_affine_mlp/rank32_hidden2048_gate0.1_code1e-3_fc1e-2_lr5e-4_ep100/enc_seed42_clnet_transnet_dec_seed42_transnet_transnet/codewords/train_code.pt,True,True,2698,False,False,True,True,-23.712,90,-23.712,1.9197e-06,-23.712,True,-23.712,100.0,100.0,1.4182e-06,9.7794e-05,4.8614e-05,2.0055e-06,32.0,0.23664,0.059576,6.535,2.9889,2.2394,67.124,21.27,1.6035,1.6686,0.4779,2.0055e-06,,,,,,,,,,,
adapter/aux_pca_1e-2_code_mean1e-4_cov1e-4/gated_lowrank_affine_mlp/rank32_hidden2048_gate0.1_code1e-3_fc1e-2_lr5e-4_ep100/enc_seed42_crnet_transnet_dec_seed42_transnet_transnet,exps/COST2100/in/encoder_canonical/adapter/aux_pca_1e-2_code_mean1e-4_cov1e-4/gated_lowrank_affine_mlp/rank32_hidden2048_gate0.1_code1e-3_fc1e-2_lr5e-4_ep100/enc_seed42_crnet_transnet_dec_seed42_transnet_transnet,aux_pca_1e-2_code_mean1e-4_cov1e-4,adapter/aux_pca_1e-2_code_mean1e-4_cov1e-4/gated_lowrank_affine_mlp,42,crnet,transnet,gated_lowrank_affine_mlp,100,256,0.0005,0.001,exps/COST2100/in/encoder_canonical/aux_pca_1e-2_code_mean1e-4_cov1e-4/seed42_crnet_transnet/checkpoints/best_nmse.pth,exps/COST2100/in/encoder_canonical/aux_pca_1e-2_code_mean1e-4_cov1e-4/seed42_transnet_transnet/checkpoints/best_nmse.pth,exps/COST2100/in/encoder_canonical/aux_pca_1e-2_code_mean1e-4_cov1e-4/seed42_transnet_transnet/codewords/train_code.pt,1.0,0.001,0.01,0.0,none,0.0,mse,0.0,0.0,0.0,0.0,none,exps/COST2100/in/encoder_canonical/adapter/aux_pca_1e-2_code_mean1e-4_cov1e-4/gated_lowrank_affine_mlp/rank32_hidden2048_gate0.1_code1e-3_fc1e-2_lr5e-4_ep100/enc_seed42_crnet_transnet_dec_seed42_transnet_transnet/codewords/train_code.pt,True,True,2677,False,False,True,True,-22.809,100,-22.809,2.3646e-06,-22.809,True,-22.809,100.0,100.0,1.7876e-06,0.00019217,7.5506e-05,2.3784e-06,32.0,0.076748,0.011949,3.8826,1.3565,1.9892,60.321,14.72,0.44299,0.48312,0.22174,2.3784e-06,,,,,,,,,,,
adapter/aux_pca_1e-2_code_mean1e-4_cov1e-4/gated_lowrank_affine_mlp/rank32_hidden2048_gate0.1_code1e-3_fc1e-2_lr5e-4_ep100/enc_seed42_csinet_transnet_dec_seed42_transnet_transnet,exps/COST2100/in/encoder_canonical/adapter/aux_pca_1e-2_code_mean1e-4_cov1e-4/gated_lowrank_affine_mlp/rank32_hidden2048_gate0.1_code1e-3_fc1e-2_lr5e-4_ep100/enc_seed42_csinet_transnet_dec_seed42_transnet_transnet,aux_pca_1e-2_code_mean1e-4_cov1e-4,adapter/aux_pca_1e-2_code_mean1e-4_cov1e-4/gated_lowrank_affine_mlp,42,csinet,transnet,gated_lowrank_affine_mlp,100,256,0.0005,0.001,exps/COST2100/in/encoder_canonical/aux_pca_1e-2_code_mean1e-4_cov1e-4/seed42_csinet_transnet/checkpoints/best_nmse.pth,exps/COST2100/in/encoder_canonical/aux_pca_1e-2_code_mean1e-4_cov1e-4/seed42_transnet_transnet/checkpoints/best_nmse.pth,exps/COST2100/in/encoder_canonical/aux_pca_1e-2_code_mean1e-4_cov1e-4/seed42_transnet_transnet/codewords/train_code.pt,1.0,0.001,0.01,0.0,none,0.0,mse,0.0,0.0,0.0,0.0,none,exps/COST2100/in/encoder_canonical/adapter/aux_pca_1e-2_code_mean1e-4_cov1e-4/gated_lowrank_affine_mlp/rank32_hidden2048_gate0.1_code1e-3_fc1e-2_lr5e-4_ep100/enc_seed42_csinet_transnet_dec_seed42_transnet_transnet/codewords/train_code.pt,True,True,2642,False,False,True,True,-24.568,100,-24.568,1.5759e-06,-24.568,True,-24.568,100.0,100.0,1.6244e-06,0.00018894,7.7584e-05,1.5729e-06,32.0,0.21881,0.074636,4.3687,2.119,2.8795,75.901,17.04,3.4429,6.8011,5.8964,1.5729e-06,,,,,,,,,,,
adapter/aux_pca_1e-2_code_mean1e-4_cov1e-4/gated_lowrank_affine_mlp/rank32_hidden2048_gate0.1_code1e-3_fc1e-2_lr5e-4_ep400/enc_seed2026_clnet_transnet_dec_seed42_transnet_transnet,exps/COST2100/in/encoder_canonical/adapter/aux_pca_1e-2_code_mean1e-4_cov1e-4/gated_lowrank_affine_mlp/rank32_hidden2048_gate0.1_code1e-3_fc1e-2_lr5e-4_ep400/enc_seed2026_clnet_transnet_dec_seed42_transnet_transnet,aux_pca_1e-2_code_mean1e-4_cov1e-4,adapter/aux_pca_1e-2_code_mean1e-4_cov1e-4/gated_lowrank_affine_mlp,2026,clnet,transnet,gated_lowrank_affine_mlp,400,256,0.0005,0.001,exps/COST2100/in/encoder_canonical/aux_pca_1e-2_code_mean1e-4_cov1e-4/seed2026_clnet_transnet/checkpoints/best_nmse.pth,exps/COST2100/in/encoder_canonical/aux_pca_1e-2_code_mean1e-4_cov1e-4/seed42_transnet_transnet/checkpoints/best_nmse.pth,exps/COST2100/in/encoder_canonical/aux_pca_1e-2_code_mean1e-4_cov1e-4/seed42_transnet_transnet/codewords/train_code.pt,1.0,0.001,0.01,0.0,none,0.0,mse,0.0,0.0,0.0,0.0,none,exps/COST2100/in/encoder_canonical/adapter/aux_pca_1e-2_code_mean1e-4_cov1e-4/gated_lowrank_affine_mlp/rank32_hidden2048_gate0.1_code1e-3_fc1e-2_lr5e-4_ep400/enc_seed2026_clnet_transnet_dec_seed42_transnet_transnet/codewords/train_code.pt,True,True,10258,False,False,True,True,-26.239,400,-26.239,1.0724e-06,-26.239,True,-26.239,400.0,400.0,8.0066e-07,4.3023e-05,1.5723e-05,1.0621e-06,32.0,0.18736,0.06653,5.3834,4.2661,3.6881,64.079,31.842,2.0341,2.076,0.41672,1.0621e-06,,,,,,,,,,,
adapter/aux_pca_1e-2_code_mean1e-4_cov1e-4/gated_lowrank_affine_mlp/rank32_hidden2048_gate0.1_code1e-3_fc1e-2_lr5e-4_ep400/enc_seed2026_crnet_transnet_dec_seed42_transnet_transnet,exps/COST2100/in/encoder_canonical/adapter/aux_pca_1e-2_code_mean1e-4_cov1e-4/gated_lowrank_affine_mlp/rank32_hidden2048_gate0.1_code1e-3_fc1e-2_lr5e-4_ep400/enc_seed2026_crnet_transnet_dec_seed42_transnet_transnet,aux_pca_1e-2_code_mean1e-4_cov1e-4,adapter/aux_pca_1e-2_code_mean1e-4_cov1e-4/gated_lowrank_affine_mlp,2026,crnet,transnet,gated_lowrank_affine_mlp,400,256,0.0005,0.001,exps/COST2100/in/encoder_canonical/aux_pca_1e-2_code_mean1e-4_cov1e-4/seed2026_crnet_transnet/checkpoints/best_nmse.pth,exps/COST2100/in/encoder_canonical/aux_pca_1e-2_code_mean1e-4_cov1e-4/seed42_transnet_transnet/checkpoints/best_nmse.pth,exps/COST2100/in/encoder_canonical/aux_pca_1e-2_code_mean1e-4_cov1e-4/seed42_transnet_transnet/codewords/train_code.pt,1.0,0.001,0.01,0.0,none,0.0,mse,0.0,0.0,0.0,0.0,none,exps/COST2100/in/encoder_canonical/adapter/aux_pca_1e-2_code_mean1e-4_cov1e-4/gated_lowrank_affine_mlp/rank32_hidden2048_gate0.1_code1e-3_fc1e-2_lr5e-4_ep400/enc_seed2026_crnet_transnet_dec_seed42_transnet_transnet/codewords/train_code.pt,True,True,10237,False,False,True,True,-27.329,380,-27.329,8.3448e-07,-27.329,True,-27.329,400.0,400.0,7.1642e-07,3.1999e-05,1.2631e-05,8.5316e-07,32.0,0.17694,0.063515,4.93,3.4203,3.3548,60.772,30.152,1.988,2.0244,0.37927,8.5316e-07,,,,,,,,,,,
adapter/aux_pca_1e-2_code_mean1e-4_cov1e-4/gated_lowrank_affine_mlp/rank32_hidden2048_gate0.1_code1e-3_fc1e-2_lr5e-4_ep400/enc_seed2026_csinet_transnet_dec_seed42_transnet_transnet,exps/COST2100/in/encoder_canonical/adapter/aux_pca_1e-2_code_mean1e-4_cov1e-4/gated_lowrank_affine_mlp/rank32_hidden2048_gate0.1_code1e-3_fc1e-2_lr5e-4_ep400/enc_seed2026_csinet_transnet_dec_seed42_transnet_transnet,aux_pca_1e-2_code_mean1e-4_cov1e-4,adapter/aux_pca_1e-2_code_mean1e-4_cov1e-4/gated_lowrank_affine_mlp,2026,csinet,transnet,gated_lowrank_affine_mlp,400,256,0.0005,0.001,exps/COST2100/in/encoder_canonical/aux_pca_1e-2_code_mean1e-4_cov1e-4/seed2026_csinet_transnet/checkpoints/best_nmse.pth,exps/COST2100/in/encoder_canonical/aux_pca_1e-2_code_mean1e-4_cov1e-4/seed42_transnet_transnet/checkpoints/best_nmse.pth,exps/COST2100/in/encoder_canonical/aux_pca_1e-2_code_mean1e-4_cov1e-4/seed42_transnet_transnet/codewords/train_code.pt,1.0,0.001,0.01,0.0,none,0.0,mse,0.0,0.0,0.0,0.0,none,exps/COST2100/in/encoder_canonical/adapter/aux_pca_1e-2_code_mean1e-4_cov1e-4/gated_lowrank_affine_mlp/rank32_hidden2048_gate0.1_code1e-3_fc1e-2_lr5e-4_ep400/enc_seed2026_csinet_transnet_dec_seed42_transnet_transnet/codewords/train_code.pt,True,True,10202,False,False,True,True,-24.845,380,-24.845,1.4781e-06,-24.845,True,-24.845,400.0,400.0,1.3921e-06,0.00013605,4.881e-05,1.4744e-06,32.0,0.28106,0.10469,4.3516,3.907,3.1005,72.471,30.282,6.2679,7.6703,4.4065,1.4744e-06,,,,,,,,,,,
adapter/aux_pca_1e-2_code_mean1e-4_cov1e-4/gated_lowrank_affine_mlp/rank32_hidden2048_gate0.1_code1e-3_fc1e-2_lr5e-4_ep400/enc_seed2026_transnet_transnet_dec_seed42_transnet_transnet,exps/COST2100/in/encoder_canonical/adapter/aux_pca_1e-2_code_mean1e-4_cov1e-4/gated_lowrank_affine_mlp/rank32_hidden2048_gate0.1_code1e-3_fc1e-2_lr5e-4_ep400/enc_seed2026_transnet_transnet_dec_seed42_transnet_transnet,aux_pca_1e-2_code_mean1e-4_cov1e-4,adapter/aux_pca_1e-2_code_mean1e-4_cov1e-4/gated_lowrank_affine_mlp,2026,transnet,transnet,gated_lowrank_affine_mlp,400,256,0.0005,0.001,exps/COST2100/in/encoder_canonical/aux_pca_1e-2_code_mean1e-4_cov1e-4/seed2026_transnet_transnet/checkpoints/best_nmse.pth,exps/COST2100/in/encoder_canonical/aux_pca_1e-2_code_mean1e-4_cov1e-4/seed42_transnet_transnet/checkpoints/best_nmse.pth,exps/COST2100/in/encoder_canonical/aux_pca_1e-2_code_mean1e-4_cov1e-4/seed42_transnet_transnet/codewords/train_code.pt,1.0,0.001,0.01,0.0,none,0.0,mse,0.0,0.0,0.0,0.0,none,exps/COST2100/in/encoder_canonical/adapter/aux_pca_1e-2_code_mean1e-4_cov1e-4/gated_lowrank_affine_mlp/rank32_hidden2048_gate0.1_code1e-3_fc1e-2_lr5e-4_ep400/enc_seed2026_transnet_transnet_dec_seed42_transnet_transnet/codewords/train_code.pt,True,True,10234,False,False,True,True,-28.947,110,-28.947,5.7572e-07,-28.947,True,-28.947,400.0,400.0,4.7989e-07,3.1635e-06,1.2907e-06,5.7873e-07,32.0,0.035212,0.0039609,3.3662,0.22602,0.056169,58.52,5.1745,0.017384,0.035359,0.030103,5.7873e-07,,,,,,,,,,,
adapter/aux_pca_1e-2_code_mean1e-4_cov1e-4/gated_lowrank_affine_mlp/rank32_hidden2048_gate0.1_code1e-3_fc1e-2_lr5e-4_ep400/enc_seed3407_clnet_transnet_dec_seed42_transnet_transnet,exps/COST2100/in/encoder_canonical/adapter/aux_pca_1e-2_code_mean1e-4_cov1e-4/gated_lowrank_affine_mlp/rank32_hidden2048_gate0.1_code1e-3_fc1e-2_lr5e-4_ep400/enc_seed3407_clnet_transnet_dec_seed42_transnet_transnet,aux_pca_1e-2_code_mean1e-4_cov1e-4,adapter/aux_pca_1e-2_code_mean1e-4_cov1e-4/gated_lowrank_affine_mlp,3407,clnet,transnet,gated_lowrank_affine_mlp,400,256,0.0005,0.001,exps/COST2100/in/encoder_canonical/aux_pca_1e-2_code_mean1e-4_cov1e-4/seed3407_clnet_transnet/checkpoints/best_nmse.pth,exps/COST2100/in/encoder_canonical/aux_pca_1e-2_code_mean1e-4_cov1e-4/seed42_transnet_transnet/checkpoints/best_nmse.pth,exps/COST2100/in/encoder_canonical/aux_pca_1e-2_code_mean1e-4_cov1e-4/seed42_transnet_transnet/codewords/train_code.pt,1.0,0.001,0.01,0.0,none,0.0,mse,0.0,0.0,0.0,0.0,none,exps/COST2100/in/encoder_canonical/adapter/aux_pca_1e-2_code_mean1e-4_cov1e-4/gated_lowrank_affine_mlp/rank32_hidden2048_gate0.1_code1e-3_fc1e-2_lr5e-4_ep400/enc_seed3407_clnet_transnet_dec_seed42_transnet_transnet/codewords/train_code.pt,True,True,10258,False,False,True,True,-26.427,380,-26.427,1.0275e-06,-26.427,True,-26.427,400.0,400.0,8.0348e-07,4.4514e-05,1.5395e-05,1.0405e-06,32.0,0.18205,0.063247,5.5062,4.0911,3.7753,62.466,31.551,1.8878,1.9276,0.40549,1.0405e-06,,,,,,,,,,,
adapter/aux_pca_1e-2_code_mean1e-4_cov1e-4/gated_lowrank_affine_mlp/rank32_hidden2048_gate0.1_code1e-3_fc1e-2_lr5e-4_ep400/enc_seed3407_crnet_transnet_dec_seed42_transnet_transnet,exps/COST2100/in/encoder_canonical/adapter/aux_pca_1e-2_code_mean1e-4_cov1e-4/gated_lowrank_affine_mlp/rank32_hidden2048_gate0.1_code1e-3_fc1e-2_lr5e-4_ep400/enc_seed3407_crnet_transnet_dec_seed42_transnet_transnet,aux_pca_1e-2_code_mean1e-4_cov1e-4,adapter/aux_pca_1e-2_code_mean1e-4_cov1e-4/gated_lowrank_affine_mlp,3407,crnet,transnet,gated_lowrank_affine_mlp,400,256,0.0005,0.001,exps/COST2100/in/encoder_canonical/aux_pca_1e-2_code_mean1e-4_cov1e-4/seed3407_crnet_transnet/checkpoints/best_nmse.pth,exps/COST2100/in/encoder_canonical/aux_pca_1e-2_code_mean1e-4_cov1e-4/seed42_transnet_transnet/checkpoints/best_nmse.pth,exps/COST2100/in/encoder_canonical/aux_pca_1e-2_code_mean1e-4_cov1e-4/seed42_transnet_transnet/codewords/train_code.pt,1.0,0.001,0.01,0.0,none,0.0,mse,0.0,0.0,0.0,0.0,none,exps/COST2100/in/encoder_canonical/adapter/aux_pca_1e-2_code_mean1e-4_cov1e-4/gated_lowrank_affine_mlp/rank32_hidden2048_gate0.1_code1e-3_fc1e-2_lr5e-4_ep400/enc_seed3407_crnet_transnet_dec_seed42_transnet_transnet/codewords/train_code.pt,True,True,10237,False,False,True,True,-24.468,390,-24.468,1.614e-06,-24.468,True,-24.468,400.0,400.0,1.1069e-06,9.4779e-05,3.8218e-05,1.6315e-06,32.0,0.13145,0.040962,2.6729,2.962,2.918,52.762,32.465,0.7294,0.81753,0.43574,1.6315e-06,,,,,,,,,,,
adapter/aux_pca_1e-2_code_mean1e-4_cov1e-4/gated_lowrank_affine_mlp/rank32_hidden2048_gate0.1_code1e-3_fc1e-2_lr5e-4_ep400/enc_seed3407_csinet_transnet_dec_seed42_transnet_transnet,exps/COST2100/in/encoder_canonical/adapter/aux_pca_1e-2_code_mean1e-4_cov1e-4/gated_lowrank_affine_mlp/rank32_hidden2048_gate0.1_code1e-3_fc1e-2_lr5e-4_ep400/enc_seed3407_csinet_transnet_dec_seed42_transnet_transnet,aux_pca_1e-2_code_mean1e-4_cov1e-4,adapter/aux_pca_1e-2_code_mean1e-4_cov1e-4/gated_lowrank_affine_mlp,3407,csinet,transnet,gated_lowrank_affine_mlp,400,256,0.0005,0.001,exps/COST2100/in/encoder_canonical/aux_pca_1e-2_code_mean1e-4_cov1e-4/seed3407_csinet_transnet/checkpoints/best_nmse.pth,exps/COST2100/in/encoder_canonical/aux_pca_1e-2_code_mean1e-4_cov1e-4/seed42_transnet_transnet/checkpoints/best_nmse.pth,exps/COST2100/in/encoder_canonical/aux_pca_1e-2_code_mean1e-4_cov1e-4/seed42_transnet_transnet/codewords/train_code.pt,1.0,0.001,0.01,0.0,none,0.0,mse,0.0,0.0,0.0,0.0,none,exps/COST2100/in/encoder_canonical/adapter/aux_pca_1e-2_code_mean1e-4_cov1e-4/gated_lowrank_affine_mlp/rank32_hidden2048_gate0.1_code1e-3_fc1e-2_lr5e-4_ep400/enc_seed3407_csinet_transnet_dec_seed42_transnet_transnet/codewords/train_code.pt,True,True,10202,False,False,True,True,-18.285,350,-18.285,6.6931e-06,-18.285,True,-18.285,400.0,400.0,3.4725e-06,0.00043341,0.00017006,6.9882e-06,32.0,0.18479,0.074507,6.557,5.9934,3.0215,79.678,47.62,1.7578,1.8391,0.5283,6.9882e-06,,,,,,,,,,,
adapter/aux_pca_1e-2_code_mean1e-4_cov1e-4/gated_lowrank_affine_mlp/rank32_hidden2048_gate0.1_code1e-3_fc1e-2_lr5e-4_ep400/enc_seed3407_dec_seed42,exps/COST2100/in/encoder_canonical/adapter/aux_pca_1e-2_code_mean1e-4_cov1e-4/gated_lowrank_affine_mlp/rank32_hidden2048_gate0.1_code1e-3_fc1e-2_lr5e-4_ep400/enc_seed3407_dec_seed42,aux_pca_1e-2_code_mean1e-4_cov1e-4,adapter/aux_pca_1e-2_code_mean1e-4_cov1e-4/gated_lowrank_affine_mlp,3407,transnet,transnet,gated_lowrank_affine_mlp,400,256,0.0005,0.001,exps/COST2100/in/encoder_canonical/aux_pca_1e-2_code_mean1e-4_cov1e-4/seed3407_transnet_transnet/checkpoints/best_nmse.pth,exps/COST2100/in/encoder_canonical/aux_pca_1e-2_code_mean1e-4_cov1e-4/seed42_transnet_transnet/checkpoints/best_nmse.pth,exps/COST2100/in/encoder_canonical/aux_pca_1e-2_code_mean1e-4_cov1e-4/seed42_transnet_transnet/codewords/train_code.pt,1.0,0.001,0.01,0.0,none,0.0,mse,0.0,0.0,0.0,0.0,none,exps/COST2100/in/encoder_canonical/adapter/aux_pca_1e-2_code_mean1e-4_cov1e-4/gated_lowrank_affine_mlp/rank32_hidden2048_gate0.1_code1e-3_fc1e-2_lr5e-4_ep400/enc_seed3407_dec_seed42/codewords/train_code.pt,True,True,10234,False,False,True,True,-29.539,380,-29.539,5.0261e-07,-29.539,True,-29.539,400.0,400.0,4.6638e-07,1.0897e-06,6.5956e-07,5.0076e-07,32.0,0.017371,0.0016737,4.1732,0.058734,0.035463,58.659,2.1169,0.0082743,0.0066386,0.007421,5.0076e-07,,,,,,,,,,,
adapter/aux_pca_1e-2_code_mean1e-4_cov1e-4/gated_lowrank_affine_mlp/rank32_hidden2048_gate0.1_code1e-3_fc1e-2_lr5e-4_ep400/enc_seed3407_transnet_transnet_dec_seed42_transnet_transnet,exps/COST2100/in/encoder_canonical/adapter/aux_pca_1e-2_code_mean1e-4_cov1e-4/gated_lowrank_affine_mlp/rank32_hidden2048_gate0.1_code1e-3_fc1e-2_lr5e-4_ep400/enc_seed3407_transnet_transnet_dec_seed42_transnet_transnet,aux_pca_1e-2_code_mean1e-4_cov1e-4,adapter/aux_pca_1e-2_code_mean1e-4_cov1e-4/gated_lowrank_affine_mlp,3407,transnet,transnet,gated_lowrank_affine_mlp,400,256,0.0005,0.001,exps/COST2100/in/encoder_canonical/aux_pca_1e-2_code_mean1e-4_cov1e-4/seed3407_transnet_transnet/checkpoints/best_nmse.pth,exps/COST2100/in/encoder_canonical/aux_pca_1e-2_code_mean1e-4_cov1e-4/seed42_transnet_transnet/checkpoints/best_nmse.pth,exps/COST2100/in/encoder_canonical/aux_pca_1e-2_code_mean1e-4_cov1e-4/seed42_transnet_transnet/codewords/train_code.pt,1.0,0.001,0.01,0.0,none,0.0,mse,0.0,0.0,0.0,0.0,none,exps/COST2100/in/encoder_canonical/adapter/aux_pca_1e-2_code_mean1e-4_cov1e-4/gated_lowrank_affine_mlp/rank32_hidden2048_gate0.1_code1e-3_fc1e-2_lr5e-4_ep400/enc_seed3407_transnet_transnet_dec_seed42_transnet_transnet/codewords/train_code.pt,True,True,10234,False,False,True,True,-29.539,380,-29.539,5.0261e-07,-29.539,True,-29.539,400.0,400.0,4.6638e-07,1.0897e-06,6.5956e-07,5.0076e-07,32.0,0.017371,0.0016737,4.1732,0.058734,0.035463,58.659,2.1169,0.0082743,0.0066386,0.007421,5.0076e-07,,,,,,,,,,,
adapter/aux_pca_1e-2_code_mean1e-4_cov1e-4/gated_lowrank_affine_mlp/rank32_hidden2048_gate0.1_code1e-3_fc1e-2_lr5e-4_ep400/enc_seed42_clnet_transnet_dec_seed42_transnet_transnet,exps/COST2100/in/encoder_canonical/adapter/aux_pca_1e-2_code_mean1e-4_cov1e-4/gated_lowrank_affine_mlp/rank32_hidden2048_gate0.1_code1e-3_fc1e-2_lr5e-4_ep400/enc_seed42_clnet_transnet_dec_seed42_transnet_transnet,aux_pca_1e-2_code_mean1e-4_cov1e-4,adapter/aux_pca_1e-2_code_mean1e-4_cov1e-4/gated_lowrank_affine_mlp,42,clnet,transnet,gated_lowrank_affine_mlp,400,256,0.0005,0.001,exps/COST2100/in/encoder_canonical/aux_pca_1e-2_code_mean1e-4_cov1e-4/seed42_clnet_transnet/checkpoints/best_nmse.pth,exps/COST2100/in/encoder_canonical/aux_pca_1e-2_code_mean1e-4_cov1e-4/seed42_transnet_transnet/checkpoints/best_nmse.pth,exps/COST2100/in/encoder_canonical/aux_pca_1e-2_code_mean1e-4_cov1e-4/seed42_transnet_transnet/codewords/train_code.pt,1.0,0.001,0.01,0.0,none,0.0,mse,0.0,0.0,0.0,0.0,none,exps/COST2100/in/encoder_canonical/adapter/aux_pca_1e-2_code_mean1e-4_cov1e-4/gated_lowrank_affine_mlp/rank32_hidden2048_gate0.1_code1e-3_fc1e-2_lr5e-4_ep400/enc_seed42_clnet_transnet_dec_seed42_transnet_transnet/codewords/train_code.pt,True,True,10258,False,False,True,True,-26.418,400,-26.418,1.0304e-06,-26.418,True,-26.418,400.0,400.0,8.6503e-07,4.9946e-05,1.9004e-05,1.0172e-06,32.0,0.22067,0.081168,6.9809,4.6389,2.3716,72.004,33.17,2.5823,2.6228,0.47871,1.0172e-06,,,,,,,,,,,
adapter/aux_pca_1e-2_code_mean1e-4_cov1e-4/gated_lowrank_affine_mlp/rank32_hidden2048_gate0.1_code1e-3_fc1e-2_lr5e-4_ep400/enc_seed42_crnet_transnet_dec_seed42_transnet_transnet,exps/COST2100/in/encoder_canonical/adapter/aux_pca_1e-2_code_mean1e-4_cov1e-4/gated_lowrank_affine_mlp/rank32_hidden2048_gate0.1_code1e-3_fc1e-2_lr5e-4_ep400/enc_seed42_crnet_transnet_dec_seed42_transnet_transnet,aux_pca_1e-2_code_mean1e-4_cov1e-4,adapter/aux_pca_1e-2_code_mean1e-4_cov1e-4/gated_lowrank_affine_mlp,42,crnet,transnet,gated_lowrank_affine_mlp,400,256,0.0005,0.001,exps/COST2100/in/encoder_canonical/aux_pca_1e-2_code_mean1e-4_cov1e-4/seed42_crnet_transnet/checkpoints/best_nmse.pth,exps/COST2100/in/encoder_canonical/aux_pca_1e-2_code_mean1e-4_cov1e-4/seed42_transnet_transnet/checkpoints/best_nmse.pth,exps/COST2100/in/encoder_canonical/aux_pca_1e-2_code_mean1e-4_cov1e-4/seed42_transnet_transnet/codewords/train_code.pt,1.0,0.001,0.01,0.0,none,0.0,mse,0.0,0.0,0.0,0.0,none,exps/COST2100/in/encoder_canonical/adapter/aux_pca_1e-2_code_mean1e-4_cov1e-4/gated_lowrank_affine_mlp/rank32_hidden2048_gate0.1_code1e-3_fc1e-2_lr5e-4_ep400/enc_seed42_crnet_transnet_dec_seed42_transnet_transnet/codewords/train_code.pt,True,True,10237,False,False,True,True,-23.294,390,-23.294,2.1144e-06,-23.294,True,-23.294,400.0,400.0,1.4014e-06,0.00014037,5.3606e-05,2.1379e-06,32.0,0.082407,0.014743,3.4086,1.7216,3.0737,59.89,24.082,0.67504,0.70386,0.22453,2.1379e-06,,,,,,,,,,,
adapter/aux_pca_1e-2_code_mean1e-4_cov1e-4/gated_lowrank_affine_mlp/rank32_hidden2048_gate0.1_code1e-3_fc1e-2_lr5e-4_ep400/enc_seed42_csinet_transnet_dec_seed42_transnet_transnet,exps/COST2100/in/encoder_canonical/adapter/aux_pca_1e-2_code_mean1e-4_cov1e-4/gated_lowrank_affine_mlp/rank32_hidden2048_gate0.1_code1e-3_fc1e-2_lr5e-4_ep400/enc_seed42_csinet_transnet_dec_seed42_transnet_transnet,aux_pca_1e-2_code_mean1e-4_cov1e-4,adapter/aux_pca_1e-2_code_mean1e-4_cov1e-4/gated_lowrank_affine_mlp,42,csinet,transnet,gated_lowrank_affine_mlp,400,256,0.0005,0.001,exps/COST2100/in/encoder_canonical/aux_pca_1e-2_code_mean1e-4_cov1e-4/seed42_csinet_transnet/checkpoints/best_nmse.pth,exps/COST2100/in/encoder_canonical/aux_pca_1e-2_code_mean1e-4_cov1e-4/seed42_transnet_transnet/checkpoints/best_nmse.pth,exps/COST2100/in/encoder_canonical/aux_pca_1e-2_code_mean1e-4_cov1e-4/seed42_transnet_transnet/codewords/train_code.pt,1.0,0.001,0.01,0.0,none,0.0,mse,0.0,0.0,0.0,0.0,none,exps/COST2100/in/encoder_canonical/adapter/aux_pca_1e-2_code_mean1e-4_cov1e-4/gated_lowrank_affine_mlp/rank32_hidden2048_gate0.1_code1e-3_fc1e-2_lr5e-4_ep400/enc_seed42_csinet_transnet_dec_seed42_transnet_transnet/codewords/train_code.pt,True,True,10202,False,False,True,True,-25.885,400,-25.885,1.1633e-06,-25.885,True,-25.885,400.0,400.0,1.1585e-06,0.00010127,3.6523e-05,1.1636e-06,32.0,0.25392,0.094375,3.0633,4.8514,4.0377,74.944,30.017,5.9677,8.3909,5.9086,1.1636e-06,,,,,,,,,,,
adapter/aux_pca_1e-2_code_reg_weak/gated_lowrank_affine_mlp/rank32_hidden2048_gate0.1_code1e-3_fc1e-2_lr5e-4_ep400/enc_seed3407_dec_seed42,exps/COST2100/in/encoder_canonical/adapter/aux_pca_1e-2_code_reg_weak/gated_lowrank_affine_mlp/rank32_hidden2048_gate0.1_code1e-3_fc1e-2_lr5e-4_ep400/enc_seed3407_dec_seed42,aux_pca_1e-2_code_reg_weak,adapter/aux_pca_1e-2_code_reg_weak/gated_lowrank_affine_mlp,3407,transnet,transnet,gated_lowrank_affine_mlp,400,256,0.0005,0.001,exps/COST2100/in/encoder_canonical/aux_pca_1e-2_code_reg_weak/seed3407_transnet_transnet/checkpoints/best_nmse.pth,exps/COST2100/in/encoder_canonical/aux_pca_1e-2_code_reg_weak/seed42_transnet_transnet/checkpoints/best_nmse.pth,exps/COST2100/in/encoder_canonical/aux_pca_1e-2_code_reg_weak/seed42_transnet_transnet/codewords/train_code.pt,1.0,0.001,0.01,0.0,none,0.0,mse,0.0,0.0,0.0,0.0,none,exps/COST2100/in/encoder_canonical/adapter/aux_pca_1e-2_code_reg_weak/gated_lowrank_affine_mlp/rank32_hidden2048_gate0.1_code1e-3_fc1e-2_lr5e-4_ep400/enc_seed3407_dec_seed42/codewords/train_code.pt,True,True,10234,False,False,True,True,-14.379,10,-14.379,1.6487e-05,-14.379,True,-14.379,400.0,400.0,3.4929e-06,0.0058309,0.0020659,2.681e-05,32.0,0.21628,0.027936,3.4495,2.7477,3.4289,104.39,64.663,0.26474,0.38819,0.2852,2.681e-05,,,,,,,,,,,
adapter/aux_pca_1e-3/diag_affine/rank32_code1e-3_fc1e-2_lr2e-4/enc_seed2026_dec_seed42,exps/COST2100/in/encoder_canonical/adapter/aux_pca_1e-3/diag_affine/rank32_code1e-3_fc1e-2_lr2e-4/enc_seed2026_dec_seed42,aux_pca_1e-3,adapter/aux_pca_1e-3/diag_affine,2026,transnet,transnet,diag_affine,400,256,0.0005,0.001,exps/COST2100/in/encoder_canonical/aux_pca_1e-3/seed2026_transnet_transnet/checkpoints/best_nmse.pth,exps/COST2100/in/encoder_canonical/aux_pca_1e-3/seed42_transnet_transnet/checkpoints/best_nmse.pth,exps/COST2100/in/encoder_canonical/aux_pca_1e-3/seed42_transnet_transnet/codewords/train_code.pt,1.0,0.001,0.01,0.0,none,0.0,mse,0.0,0.0,0.0,0.0,none,exps/COST2100/in/encoder_canonical/adapter/aux_pca_1e-3/diag_affine/rank32_code1e-3_fc1e-2_lr2e-4/enc_seed2026_dec_seed42/codewords/train_code.pt,True,True,10212,False,False,False,True,-12.535,20,-11.771,2.9983e-05,-11.771,True,-11.771,400.0,400.0,2.9415e-05,0.011952,0.020163,2.9983e-05,,,,,,7.3859,,,,,0.76004,2.9983e-05,0.36234,0.51616,,,,,,,,,
adapter/aux_pca_1e-3/gated_lowrank_affine_linear/rank32_gate0.1_code1e-3_fc1e-2_lr5e-4_ep400/enc_seed2026_dec_seed42,exps/COST2100/in/encoder_canonical/adapter/aux_pca_1e-3/gated_lowrank_affine_linear/rank32_gate0.1_code1e-3_fc1e-2_lr5e-4_ep400/enc_seed2026_dec_seed42,aux_pca_1e-3,adapter/aux_pca_1e-3/gated_lowrank_affine_linear,2026,transnet,transnet,gated_lowrank_affine_linear,400,256,0.0005,0.001,exps/COST2100/in/encoder_canonical/aux_pca_1e-3/seed2026_transnet_transnet/checkpoints/best_nmse.pth,exps/COST2100/in/encoder_canonical/aux_pca_1e-3/seed42_transnet_transnet/checkpoints/best_nmse.pth,exps/COST2100/in/encoder_canonical/aux_pca_1e-3/seed42_transnet_transnet/codewords/train_code.pt,1.0,0.001,0.01,0.0,none,0.0,mse,0.0,0.0,0.0,0.0,none,exps/COST2100/in/encoder_canonical/adapter/aux_pca_1e-3/gated_lowrank_affine_linear/rank32_gate0.1_code1e-3_fc1e-2_lr5e-4_ep400/enc_seed2026_dec_seed42/codewords/train_code.pt,True,True,10223,True,True,True,False,-20.187,380,-20.143,,,False,-20.143,400.0,400.0,2.8275e-06,0.0013966,0.0020367,4.22e-06,32.0,0.46501,0.12986,15.792,12.299,4.8144,,,6.84,,0.74609,4.22e-06,,,59.294,6.6932,,,,,,,
adapter/aux_pca_1e-3/gated_lowrank_affine_linear/rank32_gate0.1_code1e-3_fc1e-3_lr5e-4_ep400/enc_seed2026_dec_seed42,exps/COST2100/in/encoder_canonical/adapter/aux_pca_1e-3/gated_lowrank_affine_linear/rank32_gate0.1_code1e-3_fc1e-3_lr5e-4_ep400/enc_seed2026_dec_seed42,aux_pca_1e-3,adapter/aux_pca_1e-3/gated_lowrank_affine_linear,2026,transnet,transnet,gated_lowrank_affine_linear,400,256,0.0005,0.001,exps/COST2100/in/encoder_canonical/aux_pca_1e-3/seed2026_transnet_transnet/checkpoints/best_nmse.pth,exps/COST2100/in/encoder_canonical/aux_pca_1e-3/seed42_transnet_transnet/checkpoints/best_nmse.pth,exps/COST2100/in/encoder_canonical/aux_pca_1e-3/seed42_transnet_transnet/codewords/train_code.pt,1.0,0.001,0.001,0.0,none,0.0,mse,0.0,0.0,0.0,0.0,none,exps/COST2100/in/encoder_canonical/adapter/aux_pca_1e-3/gated_lowrank_affine_linear/rank32_gate0.1_code1e-3_fc1e-3_lr5e-4_ep400/enc_seed2026_dec_seed42/codewords/train_code.pt,True,True,10223,True,True,True,False,-21.935,400,-21.935,,,False,-21.935,400.0,400.0,1.7155e-06,0.00089501,0.0018598,2.837e-06,32.0,0.61165,0.11442,15.579,11.12,3.8517,,,7.3642,,0.74773,2.837e-06,,,47.651,7.1496,,,,,,,
adapter/aux_pca_1e-3/gated_lowrank_affine_mlp/rank32_hidden1024_gate0.1_code1e-3_fc1e-2_lr5e-4_ep400/enc_seed2026_dec_seed42,exps/COST2100/in/encoder_canonical/adapter/aux_pca_1e-3/gated_lowrank_affine_mlp/rank32_hidden1024_gate0.1_code1e-3_fc1e-2_lr5e-4_ep400/enc_seed2026_dec_seed42,aux_pca_1e-3,adapter/aux_pca_1e-3/gated_lowrank_affine_mlp,2026,transnet,transnet,gated_lowrank_affine_mlp,400,256,0.0005,0.001,exps/COST2100/in/encoder_canonical/aux_pca_1e-3/seed2026_transnet_transnet/checkpoints/best_nmse.pth,exps/COST2100/in/encoder_canonical/aux_pca_1e-3/seed42_transnet_transnet/checkpoints/best_nmse.pth,exps/COST2100/in/encoder_canonical/aux_pca_1e-3/seed42_transnet_transnet/codewords/train_code.pt,1.0,0.001,0.01,0.0,none,0.0,mse,0.0,0.0,0.0,0.0,none,exps/COST2100/in/encoder_canonical/adapter/aux_pca_1e-3/gated_lowrank_affine_mlp/rank32_hidden1024_gate0.1_code1e-3_fc1e-2_lr5e-4_ep400/enc_seed2026_dec_seed42/codewords/train_code.pt,True,True,10234,False,False,True,True,-26.818,390,-26.818,9.3789e-07,-26.818,True,-26.818,400.0,400.0,5.7092e-07,6.8824e-05,2.6732e-05,9.4879e-07,32.0,0.10905,0.02825,3.9607,3.332,1.8579,57.535,18.458,0.95601,1.1937,0.7413,9.4879e-07,,,,,,,,,,,
adapter/aux_pca_1e-3/gated_lowrank_affine_mlp/rank32_hidden1024_gate0.1_code1e-3_fc1e-3_lr5e-4_ep400/enc_seed2026_dec_seed42,exps/COST2100/in/encoder_canonical/adapter/aux_pca_1e-3/gated_lowrank_affine_mlp/rank32_hidden1024_gate0.1_code1e-3_fc1e-3_lr5e-4_ep400/enc_seed2026_dec_seed42,aux_pca_1e-3,adapter/aux_pca_1e-3/gated_lowrank_affine_mlp,2026,transnet,transnet,gated_lowrank_affine_mlp,400,256,0.0005,0.001,exps/COST2100/in/encoder_canonical/aux_pca_1e-3/seed2026_transnet_transnet/checkpoints/best_nmse.pth,exps/COST2100/in/encoder_canonical/aux_pca_1e-3/seed42_transnet_transnet/checkpoints/best_nmse.pth,exps/COST2100/in/encoder_canonical/aux_pca_1e-3/seed42_transnet_transnet/codewords/train_code.pt,1.0,0.001,0.001,0.0,none,0.0,mse,0.0,0.0,0.0,0.0,none,exps/COST2100/in/encoder_canonical/adapter/aux_pca_1e-3/gated_lowrank_affine_mlp/rank32_hidden1024_gate0.1_code1e-3_fc1e-3_lr5e-4_ep400/enc_seed2026_dec_seed42/codewords/train_code.pt,True,True,10229,True,True,True,False,-26.907,290,-26.887,,,False,-26.887,400.0,400.0,5.1167e-07,4.0825e-05,3.2598e-05,9.3663e-07,32.0,0.14954,0.022319,4.2525,2.6188,4.4596,50.196,18.047,1.1488,1.3131,0.74357,9.3663e-07,,,,,,,,,,,
adapter/aux_pca_1e-3/gated_lowrank_affine_mlp/rank32_hidden2048_gate0.1_code1e-3_fc1e-2_lr5e-4_ep1000/enc_seed2026_dec_seed42,exps/COST2100/in/encoder_canonical/adapter/aux_pca_1e-3/gated_lowrank_affine_mlp/rank32_hidden2048_gate0.1_code1e-3_fc1e-2_lr5e-4_ep1000/enc_seed2026_dec_seed42,aux_pca_1e-3,adapter/aux_pca_1e-3/gated_lowrank_affine_mlp,2026,transnet,transnet,gated_lowrank_affine_mlp,1000,256,0.0005,0.001,exps/COST2100/in/encoder_canonical/aux_pca_1e-3/seed2026_transnet_transnet/checkpoints/best_nmse.pth,exps/COST2100/in/encoder_canonical/aux_pca_1e-3/seed42_transnet_transnet/checkpoints/best_nmse.pth,exps/COST2100/in/encoder_canonical/aux_pca_1e-3/seed42_transnet_transnet/codewords/train_code.pt,1.0,0.001,0.01,0.0,none,0.0,mse,0.0,0.0,0.0,0.0,none,exps/COST2100/in/encoder_canonical/adapter/aux_pca_1e-3/gated_lowrank_affine_mlp/rank32_hidden2048_gate0.1_code1e-3_fc1e-2_lr5e-4_ep1000/enc_seed2026_dec_seed42/codewords/train_code.pt,True,True,25352,False,False,False,True,-27.478,670,-27.425,8.1523e-07,-27.425,True,-27.425,1000.0,1000.0,4.8315e-07,1.6125e-05,5.5915e-06,8.2261e-07,32.0,0.12283,0.040326,3.9011,2.9876,2.3117,66.061,30.473,0.9647,1.154,0.74144,8.2261e-07,,,,,,,,,,,
adapter/aux_pca_1e-3/gated_lowrank_affine_mlp/rank32_hidden2048_gate0.1_code1e-3_fc1e-2_lr5e-4_ep200/enc_seed2026_dec_seed42,exps/COST2100/in/encoder_canonical/adapter/aux_pca_1e-3/gated_lowrank_affine_mlp/rank32_hidden2048_gate0.1_code1e-3_fc1e-2_lr5e-4_ep200/enc_seed2026_dec_seed42,aux_pca_1e-3,adapter/aux_pca_1e-3/gated_lowrank_affine_mlp,2026,transnet,transnet,gated_lowrank_affine_mlp,200,256,0.0005,0.001,exps/COST2100/in/encoder_canonical/aux_pca_1e-3/seed2026_transnet_transnet/checkpoints/best_nmse.pth,exps/COST2100/in/encoder_canonical/aux_pca_1e-3/seed42_transnet_transnet/checkpoints/best_nmse.pth,exps/COST2100/in/encoder_canonical/aux_pca_1e-3/seed42_transnet_transnet/codewords/train_code.pt,1.0,0.001,0.01,0.0,none,0.0,mse,0.0,0.0,0.0,0.0,none,exps/COST2100/in/encoder_canonical/adapter/aux_pca_1e-3/gated_lowrank_affine_mlp/rank32_hidden2048_gate0.1_code1e-3_fc1e-2_lr5e-4_ep200/enc_seed2026_dec_seed42/codewords/train_code.pt,True,True,5194,False,False,True,True,-26.959,200,-26.959,9.0757e-07,-26.959,True,-26.959,200.0,200.0,5.6887e-07,6.4868e-05,2.2204e-05,9.0254e-07,32.0,0.10903,0.015093,2.9234,2.4313,1.5235,67.187,16.725,0.51694,0.85597,0.74284,9.0254e-07,,,,,,,,,,,
adapter/aux_pca_1e-3/gated_lowrank_affine_mlp/rank32_hidden2048_gate0.1_code1e-3_fc1e-2_lr5e-4_ep3000/enc_seed2026_dec_seed42,exps/COST2100/in/encoder_canonical/adapter/aux_pca_1e-3/gated_lowrank_affine_mlp/rank32_hidden2048_gate0.1_code1e-3_fc1e-2_lr5e-4_ep3000/enc_seed2026_dec_seed42,aux_pca_1e-3,adapter/aux_pca_1e-3/gated_lowrank_affine_mlp,2026,transnet,transnet,gated_lowrank_affine_mlp,3000,256,0.0005,0.001,exps/COST2100/in/encoder_canonical/aux_pca_1e-3/seed2026_transnet_transnet/checkpoints/best_nmse.pth,exps/COST2100/in/encoder_canonical/aux_pca_1e-3/seed42_transnet_transnet/checkpoints/best_nmse.pth,exps/COST2100/in/encoder_canonical/aux_pca_1e-3/seed42_transnet_transnet/codewords/train_code.pt,1.0,0.001,0.01,0.0,none,0.0,mse,0.0,0.0,0.0,0.0,none,exps/COST2100/in/encoder_canonical/adapter/aux_pca_1e-3/gated_lowrank_affine_mlp/rank32_hidden2048_gate0.1_code1e-3_fc1e-2_lr5e-4_ep3000/enc_seed2026_dec_seed42/codewords/train_code.pt,True,True,70511,False,False,False,False,-27.601,1200,-27.458,,,False,-27.458,2793.0,3000.0,4.7548e-07,1.1928e-05,4.1124e-06,8.2118e-07,32.0,0.12365,0.040282,3.979,3.0309,3.3035,63.521,38.913,1.1904,1.3124,0.7409,8.2118e-07,,,,,,,,,,,
adapter/aux_pca_1e-3/gated_lowrank_affine_mlp/rank32_hidden2048_gate0.1_code1e-3_fc1e-2_lr5e-4_ep400/enc_seed2026_dec_seed42,exps/COST2100/in/encoder_canonical/adapter/aux_pca_1e-3/gated_lowrank_affine_mlp/rank32_hidden2048_gate0.1_code1e-3_fc1e-2_lr5e-4_ep400/enc_seed2026_dec_seed42,aux_pca_1e-3,adapter/aux_pca_1e-3/gated_lowrank_affine_mlp,2026,transnet,transnet,gated_lowrank_affine_mlp,400,256,0.0005,0.001,exps/COST2100/in/encoder_canonical/aux_pca_1e-3/seed2026_transnet_transnet/checkpoints/best_nmse.pth,exps/COST2100/in/encoder_canonical/aux_pca_1e-3/seed42_transnet_transnet/checkpoints/best_nmse.pth,exps/COST2100/in/encoder_canonical/aux_pca_1e-3/seed42_transnet_transnet/codewords/train_code.pt,1.0,0.001,0.01,0.0,none,0.0,mse,0.0,0.0,0.0,0.0,none,exps/COST2100/in/encoder_canonical/adapter/aux_pca_1e-3/gated_lowrank_affine_mlp/rank32_hidden2048_gate0.1_code1e-3_fc1e-2_lr5e-4_ep400/enc_seed2026_dec_seed42/codewords/train_code.pt,True,True,10232,False,False,False,True,-27.305,380,-27.303,8.3865e-07,-27.303,True,-27.303,400.0,400.0,5.1247e-07,3.2804e-05,1.118e-05,8.4007e-07,32.0,0.11423,0.029196,2.7345,2.694,2.2456,65.872,21.973,0.64584,0.90198,0.74175,8.4007e-07,,,,,,,,,,,
adapter/aux_pca_1e-3/gated_lowrank_affine_mlp/rank32_hidden2048_gate0.1_code1e-3_fc1e-3_lr5e-4_ep200/enc_seed2026_dec_seed42,exps/COST2100/in/encoder_canonical/adapter/aux_pca_1e-3/gated_lowrank_affine_mlp/rank32_hidden2048_gate0.1_code1e-3_fc1e-3_lr5e-4_ep200/enc_seed2026_dec_seed42,aux_pca_1e-3,adapter/aux_pca_1e-3/gated_lowrank_affine_mlp,2026,transnet,transnet,gated_lowrank_affine_mlp,200,256,0.0005,0.001,exps/COST2100/in/encoder_canonical/aux_pca_1e-3/seed2026_transnet_transnet/checkpoints/best_nmse.pth,exps/COST2100/in/encoder_canonical/aux_pca_1e-3/seed42_transnet_transnet/checkpoints/best_nmse.pth,exps/COST2100/in/encoder_canonical/aux_pca_1e-3/seed42_transnet_transnet/codewords/train_code.pt,1.0,0.001,0.001,0.0,none,0.0,mse,0.0,0.0,0.0,0.0,none,exps/COST2100/in/encoder_canonical/adapter/aux_pca_1e-3/gated_lowrank_affine_mlp/rank32_hidden2048_gate0.1_code1e-3_fc1e-3_lr5e-4_ep200/enc_seed2026_dec_seed42/codewords/train_code.pt,True,True,5189,True,True,True,False,-26.897,180,-26.891,,,False,-26.891,200.0,200.0,5.2422e-07,4.7953e-05,3.2165e-05,9.2313e-07,32.0,0.1428,0.010991,4.0602,1.9708,3.4575,63.421,15.763,0.79765,1.0084,0.74376,9.2313e-07,,,,,,,,,,,
adapter/aux_pca_1e-3/gated_lowrank_affine_mlp/rank32_hidden2048_gate0.1_code1e-3_fc1e-3_lr5e-4_ep400/enc_seed2026_dec_seed42,exps/COST2100/in/encoder_canonical/adapter/aux_pca_1e-3/gated_lowrank_affine_mlp/rank32_hidden2048_gate0.1_code1e-3_fc1e-3_lr5e-4_ep400/enc_seed2026_dec_seed42,aux_pca_1e-3,adapter/aux_pca_1e-3/gated_lowrank_affine_mlp,2026,transnet,transnet,gated_lowrank_affine_mlp,400,256,0.0005,0.001,exps/COST2100/in/encoder_canonical/aux_pca_1e-3/seed2026_transnet_transnet/checkpoints/best_nmse.pth,exps/COST2100/in/encoder_canonical/aux_pca_1e-3/seed42_transnet_transnet/checkpoints/best_nmse.pth,exps/COST2100/in/encoder_canonical/aux_pca_1e-3/seed42_transnet_transnet/codewords/train_code.pt,1.0,0.001,0.001,0.0,none,0.0,mse,0.0,0.0,0.0,0.0,none,exps/COST2100/in/encoder_canonical/adapter/aux_pca_1e-3/gated_lowrank_affine_mlp/rank32_hidden2048_gate0.1_code1e-3_fc1e-3_lr5e-4_ep400/enc_seed2026_dec_seed42/codewords/train_code.pt,True,True,10229,True,True,True,False,-27.024,310,-27.004,,,False,-27.004,400.0,400.0,4.924e-07,2.8587e-05,1.6696e-05,9.0579e-07,32.0,0.14758,0.017316,4.1968,2.2695,3.7004,62.507,18.423,0.99246,1.2033,0.74296,9.0579e-07,,,,,,,,,,,
adapter/aux_pca_1e-3/gated_lowrank_affine_mlp/rank32_hidden512_gate0.1_code1e-3_fc1e-3_lr5e-4_ep400/enc_seed2026_dec_seed42,exps/COST2100/in/encoder_canonical/adapter/aux_pca_1e-3/gated_lowrank_affine_mlp/rank32_hidden512_gate0.1_code1e-3_fc1e-3_lr5e-4_ep400/enc_seed2026_dec_seed42,aux_pca_1e-3,adapter/aux_pca_1e-3/gated_lowrank_affine_mlp,2026,transnet,transnet,gated_lowrank_affine_mlp,400,256,0.0005,0.001,exps/COST2100/in/encoder_canonical/aux_pca_1e-3/seed2026_transnet_transnet/checkpoints/best_nmse.pth,exps/COST2100/in/encoder_canonical/aux_pca_1e-3/seed42_transnet_transnet/checkpoints/best_nmse.pth,exps/COST2100/in/encoder_canonical/aux_pca_1e-3/seed42_transnet_transnet/codewords/train_code.pt,1.0,0.001,0.001,0.0,none,0.0,mse,0.0,0.0,0.0,0.0,none,exps/COST2100/in/encoder_canonical/adapter/aux_pca_1e-3/gated_lowrank_affine_mlp/rank32_hidden512_gate0.1_code1e-3_fc1e-3_lr5e-4_ep400/enc_seed2026_dec_seed42/codewords/train_code.pt,True,True,10229,True,True,True,False,-25.879,350,-25.853,,,False,-25.853,400.0,400.0,6.4569e-07,0.00012355,0.00013583,1.155e-06,32.0,0.14175,0.035741,5.4407,3.227,5.0193,40.34,16.973,1.2449,1.4729,0.74328,1.155e-06,,,,,,,,,,,
adapter/aux_pca_1e-3/lowrank_affine/rank32_code1e-3_fc1e-2_lr2e-4/enc_seed2026_dec_seed42,exps/COST2100/in/encoder_canonical/adapter/aux_pca_1e-3/lowrank_affine/rank32_code1e-3_fc1e-2_lr2e-4/enc_seed2026_dec_seed42,aux_pca_1e-3,adapter/aux_pca_1e-3/lowrank_affine,2026,transnet,transnet,lowrank_affine,400,256,0.0005,0.001,exps/COST2100/in/encoder_canonical/aux_pca_1e-3/seed2026_transnet_transnet/checkpoints/best_nmse.pth,exps/COST2100/in/encoder_canonical/aux_pca_1e-3/seed42_transnet_transnet/checkpoints/best_nmse.pth,exps/COST2100/in/encoder_canonical/aux_pca_1e-3/seed42_transnet_transnet/codewords/train_code.pt,1.0,0.001,0.01,0.0,none,0.0,mse,0.0,0.0,0.0,0.0,none,exps/COST2100/in/encoder_canonical/adapter/aux_pca_1e-3/lowrank_affine/rank32_code1e-3_fc1e-2_lr2e-4/enc_seed2026_dec_seed42/codewords/train_code.pt,True,True,10219,False,False,False,True,-11.259,210,-11.091,3.506e-05,-11.091,True,-11.091,400.0,400.0,3.4161e-05,0.013335,0.038902,3.522e-05,32.0,,,4.4422,5.8642,10.397,,,,,0.72892,3.522e-05,,,,,,,,,,,
adapter/aux_pca_1e-3/lowrank_affine_mlp/rank32_hidden2048_code1e-3_fc1e-2_lr2e-4/enc_seed2026_dec_seed42,exps/COST2100/in/encoder_canonical/adapter/aux_pca_1e-3/lowrank_affine_mlp/rank32_hidden2048_code1e-3_fc1e-2_lr2e-4/enc_seed2026_dec_seed42,aux_pca_1e-3,adapter/aux_pca_1e-3/lowrank_affine_mlp,2026,transnet,transnet,lowrank_affine_mlp,400,256,0.0005,0.001,exps/COST2100/in/encoder_canonical/aux_pca_1e-3/seed2026_transnet_transnet/checkpoints/best_nmse.pth,exps/COST2100/in/encoder_canonical/aux_pca_1e-3/seed42_transnet_transnet/checkpoints/best_nmse.pth,exps/COST2100/in/encoder_canonical/aux_pca_1e-3/seed42_transnet_transnet/codewords/train_code.pt,1.0,0.001,0.01,0.0,none,0.0,mse,0.0,0.0,0.0,0.0,none,exps/COST2100/in/encoder_canonical/adapter/aux_pca_1e-3/lowrank_affine_mlp/rank32_hidden2048_code1e-3_fc1e-2_lr2e-4/enc_seed2026_dec_seed42/codewords/train_code.pt,True,True,10231,False,False,False,True,-26.573,220,-26.49,1.0101e-06,-26.49,True,-26.49,400.0,400.0,4.8829e-07,1.8981e-05,6.6911e-06,1.021e-06,32.0,,,3.1664,3.3054,3.0873,52.594,21.596,0.71277,0.61391,0.74606,1.021e-06,,,,,,,,,,,
adapter/aux_pca_1e-3/mlp/best_code1e-3_lr2e-4/enc_seed2026_dec_seed42,exps/COST2100/in/encoder_canonical/adapter/aux_pca_1e-3/mlp/best_code1e-3_lr2e-4/enc_seed2026_dec_seed42,aux_pca_1e-3,adapter/aux_pca_1e-3/mlp,2026,transnet,transnet,mlp,400,256,0.0002,0.001,exps/COST2100/in/encoder_canonical/aux_pca_1e-3/seed2026_transnet_transnet/checkpoints/best_nmse.pth,exps/COST2100/in/encoder_canonical/aux_pca_1e-3/seed42_transnet_transnet/checkpoints/best_nmse.pth,exps/COST2100/in/encoder_canonical/aux_pca_1e-3/seed42_transnet_transnet/codewords/train_code.pt,1.0,0.001,0.0,0.0,none,0.0,mse,0.0,0.0,0.0,0.0,none,exps/COST2100/in/encoder_canonical/adapter/aux_pca_1e-3/mlp/best_code1e-3_lr2e-4/enc_seed2026_dec_seed42/codewords/train_code.pt,True,True,10223,False,False,False,True,-24.753,330,-24.742,1.5137e-06,-24.742,True,-24.742,400.0,400.0,8.6578e-07,0.00027437,,1.4945e-06,,,,,,,53.755,6.0569,,,0.74234,1.4945e-06,,,,,9.8905e-05,0.052496,0.0021115,0.0055252,,,
adapter/aux_pca_1e-3/mlp/code1e-3_fc1e-3_lr2e-4/enc_seed2026_dec_seed42,exps/COST2100/in/encoder_canonical/adapter/aux_pca_1e-3/mlp/code1e-3_fc1e-3_lr2e-4/enc_seed2026_dec_seed42,aux_pca_1e-3,adapter/aux_pca_1e-3/mlp,2026,transnet,transnet,mlp,400,256,0.0002,0.001,exps/COST2100/in/encoder_canonical/aux_pca_1e-3/seed2026_transnet_transnet/checkpoints/best_nmse.pth,exps/COST2100/in/encoder_canonical/aux_pca_1e-3/seed42_transnet_transnet/checkpoints/best_nmse.pth,exps/COST2100/in/encoder_canonical/aux_pca_1e-3/seed42_transnet_transnet/codewords/train_code.pt,1.0,0.001,0.001,0.0,none,0.0,mse,0.0,0.0,0.0,0.0,none,exps/COST2100/in/encoder_canonical/adapter/aux_pca_1e-3/mlp/code1e-3_fc1e-3_lr2e-4/enc_seed2026_dec_seed42/codewords/train_code.pt,True,True,10223,False,False,False,True,-24.884,350,-24.847,1.4768e-06,-24.847,True,-24.847,400.0,400.0,9.0067e-07,0.00025442,8.1138e-05,1.4548e-06,,,,,,,52.891,5.0539,,,0.74261,1.4548e-06,,,,,0.00011972,0.051651,0.0015272,0.0046933,,,
adapter/aux_pca_1e-3/mlp/code1e-3_fc1e-3_recT1_lr2e-4/enc_seed2026_dec_seed42,exps/COST2100/in/encoder_canonical/adapter/aux_pca_1e-3/mlp/code1e-3_fc1e-3_recT1_lr2e-4/enc_seed2026_dec_seed42,aux_pca_1e-3,adapter/aux_pca_1e-3/mlp,2026,transnet,transnet,mlp,400,256,0.0002,0.001,exps/COST2100/in/encoder_canonical/aux_pca_1e-3/seed2026_transnet_transnet/checkpoints/best_nmse.pth,exps/COST2100/in/encoder_canonical/aux_pca_1e-3/seed42_transnet_transnet/checkpoints/best_nmse.pth,exps/COST2100/in/encoder_canonical/aux_pca_1e-3/seed42_transnet_transnet/codewords/train_code.pt,1.0,0.001,0.001,1.0,none,0.0,mse,0.0,0.0,0.0,0.0,none,exps/COST2100/in/encoder_canonical/adapter/aux_pca_1e-3/mlp/code1e-3_fc1e-3_recT1_lr2e-4/enc_seed2026_dec_seed42/codewords/train_code.pt,True,True,10223,False,False,False,True,-24.8,300,-24.79,1.4954e-06,-24.79,True,-24.79,400.0,400.0,8.6881e-07,0.00024491,8.9754e-05,1.4715e-06,,,,,,,51.774,6.0577,,,0.74286,1.4715e-06,,,,,9.1446e-05,0.050561,0.0019791,0.0055749,4.1294e-07,,
adapter/aux_pca_1e-3/mlp/code1e-3_recT1_lr2e-4/enc_seed2026_dec_seed42,exps/COST2100/in/encoder_canonical/adapter/aux_pca_1e-3/mlp/code1e-3_recT1_lr2e-4/enc_seed2026_dec_seed42,aux_pca_1e-3,adapter/aux_pca_1e-3/mlp,2026,transnet,transnet,mlp,400,256,0.0002,0.001,exps/COST2100/in/encoder_canonical/aux_pca_1e-3/seed2026_transnet_transnet/checkpoints/best_nmse.pth,exps/COST2100/in/encoder_canonical/aux_pca_1e-3/seed42_transnet_transnet/checkpoints/best_nmse.pth,exps/COST2100/in/encoder_canonical/aux_pca_1e-3/seed42_transnet_transnet/codewords/train_code.pt,1.0,0.001,0.0,1.0,none,0.0,mse,0.0,0.0,0.0,0.0,none,exps/COST2100/in/encoder_canonical/adapter/aux_pca_1e-3/mlp/code1e-3_recT1_lr2e-4/enc_seed2026_dec_seed42/codewords/train_code.pt,True,True,10223,False,False,False,True,-24.752,330,-24.711,1.5253e-06,-24.711,True,-24.711,400.0,400.0,8.3403e-07,0.00028292,,1.5066e-06,,,,,,,52.332,6.8324,,,0.74183,1.5066e-06,,,,,9.3969e-05,0.051105,0.0026769,0.0061118,3.8035e-07,,
adapter/aux_pca_1e-3/mlp/enc_seed2026_dec_seed42_recon0.0_code1.0_lr1e-3,exps/COST2100/in/encoder_canonical/adapter/aux_pca_1e-3/mlp/enc_seed2026_dec_seed42_recon0.0_code1.0_lr1e-3,aux_pca_1e-3,adapter/aux_pca_1e-3/mlp,2026,transnet,transnet,mlp,400,256,0.001,0.001,exps/COST2100/in/encoder_canonical/aux_pca_1e-3/seed2026_transnet_transnet/checkpoints/best_nmse.pth,exps/COST2100/in/encoder_canonical/aux_pca_1e-3/seed42_transnet_transnet/checkpoints/best_nmse.pth,exps/COST2100/in/encoder_canonical/aux_pca_1e-3/seed42_transnet_transnet/codewords/train_code.pt,0.0,1.0,,,none,0.0,mse,0.0,0.0,0.0,0.0,none,exps/COST2100/in/encoder_canonical/adapter/aux_pca_1e-3/mlp/enc_seed2026_dec_seed42_recon0.0_code1.0_lr1e-3/codewords/train_code.pt,True,True,10223,False,False,False,False,-24.507,100,-24.194,1.7155e-06,-24.194,True,-24.194,400.0,400.0,7.9151e-07,0.00017383,,0.0,,,,,,,202.95,33.112,,,0.74125,1.6579e-06,,,,,-0.00015154,0.19819,0.00019845,0.032336,,,
adapter/aux_pca_1e-3/mlp/enc_seed2026_dec_seed42_recon1.0_code0.0_lr2e-4,exps/COST2100/in/encoder_canonical/adapter/aux_pca_1e-3/mlp/enc_seed2026_dec_seed42_recon1.0_code0.0_lr2e-4,aux_pca_1e-3,adapter/aux_pca_1e-3/mlp,2026,transnet,transnet,mlp,400,256,0.0002,0.001,exps/COST2100/in/encoder_canonical/aux_pca_1e-3/seed2026_transnet_transnet/checkpoints/best_nmse.pth,exps/COST2100/in/encoder_canonical/aux_pca_1e-3/seed42_transnet_transnet/checkpoints/best_nmse.pth,,1.0,0.0,,,none,0.0,mse,0.0,0.0,0.0,0.0,none,exps/COST2100/in/encoder_canonical/adapter/aux_pca_1e-3/mlp/enc_seed2026_dec_seed42_recon1.0_code0.0_lr2e-4/codewords/train_code.pt,True,True,10221,False,False,False,False,-12.571,400,-12.571,2.4972e-05,-12.571,True,-12.571,400.0,400.0,2.1785e-05,,,2.5031e-05,,,,,,,60.105,21.269,,,6.9877,2.5031e-05,,,,,0.0026969,0.058634,0.00021862,0.020769,,,
adapter/aux_pca_1e-3/mlp/enc_seed2026_dec_seed42_recon1.0_code1e-1_lr1e-3,exps/COST2100/in/encoder_canonical/adapter/aux_pca_1e-3/mlp/enc_seed2026_dec_seed42_recon1.0_code1e-1_lr1e-3,aux_pca_1e-3,adapter/aux_pca_1e-3/mlp,2026,transnet,transnet,mlp,400,256,0.001,0.001,exps/COST2100/in/encoder_canonical/aux_pca_1e-3/seed2026_transnet_transnet/checkpoints/best_nmse.pth,exps/COST2100/in/encoder_canonical/aux_pca_1e-3/seed42_transnet_transnet/checkpoints/best_nmse.pth,exps/COST2100/in/encoder_canonical/aux_pca_1e-3/seed42_transnet_transnet/codewords/train_code.pt,1.0,0.1,,,none,0.0,mse,0.0,0.0,0.0,0.0,none,exps/COST2100/in/encoder_canonical/adapter/aux_pca_1e-3/mlp/enc_seed2026_dec_seed42_recon1.0_code1e-1_lr1e-3/codewords/train_code.pt,True,True,10223,False,False,False,False,-24.342,120,-24.052,1.7695e-06,-24.052,True,-24.052,400.0,400.0,7.9187e-07,0.00017535,,1.7377e-06,,,,,,,121.76,29.035,,,0.74302,1.7377e-06,,,,,3.5545e-05,0.11891,8.9731e-05,0.028354,,,
adapter/aux_pca_1e-3/mlp/enc_seed2026_dec_seed42_recon1.0_code1e-2_lr1e-3,exps/COST2100/in/encoder_canonical/adapter/aux_pca_1e-3/mlp/enc_seed2026_dec_seed42_recon1.0_code1e-2_lr1e-3,aux_pca_1e-3,adapter/aux_pca_1e-3/mlp,2026,transnet,transnet,mlp,400,256,0.001,0.001,exps/COST2100/in/encoder_canonical/aux_pca_1e-3/seed2026_transnet_transnet/checkpoints/best_nmse.pth,exps/COST2100/in/encoder_canonical/aux_pca_1e-3/seed42_transnet_transnet/checkpoints/best_nmse.pth,exps/COST2100/in/encoder_canonical/aux_pca_1e-3/seed42_transnet_transnet/codewords/train_code.pt,1.0,0.01,,,none,0.0,mse,0.0,0.0,0.0,0.0,none,exps/COST2100/in/encoder_canonical/adapter/aux_pca_1e-3/mlp/enc_seed2026_dec_seed42_recon1.0_code1e-2_lr1e-3/codewords/train_code.pt,True,True,10223,False,False,False,False,-24.084,60,-23.735,1.9037e-06,-23.735,True,-23.735,400.0,400.0,8.3971e-07,0.0002099,,1.9298e-06,,,,,,,61.491,23.639,,,0.73895,1.9298e-06,,,,,-0.0013045,0.060035,0.00069739,0.023074,,,
adapter/aux_pca_1e-3/mlp/enc_seed2026_dec_seed42_recon1.0_code1e-3_lr2e-4,exps/COST2100/in/encoder_canonical/adapter/aux_pca_1e-3/mlp/enc_seed2026_dec_seed42_recon1.0_code1e-3_lr2e-4,aux_pca_1e-3,adapter/aux_pca_1e-3/mlp,2026,transnet,transnet,mlp,400,256,0.0002,0.001,exps/COST2100/in/encoder_canonical/aux_pca_1e-3/seed2026_transnet_transnet/checkpoints/best_nmse.pth,exps/COST2100/in/encoder_canonical/aux_pca_1e-3/seed42_transnet_transnet/checkpoints/best_nmse.pth,exps/COST2100/in/encoder_canonical/aux_pca_1e-3/seed42_transnet_transnet/codewords/train_code.pt,1.0,0.001,,,none,0.0,mse,0.0,0.0,0.0,0.0,none,exps/COST2100/in/encoder_canonical/adapter/aux_pca_1e-3/mlp/enc_seed2026_dec_seed42_recon1.0_code1e-3_lr2e-4/codewords/train_code.pt,True,True,10223,False,False,False,False,-24.753,330,-24.742,1.5137e-06,-24.742,True,-24.742,400.0,400.0,8.6577e-07,0.00027437,,1.4945e-06,,,,,,,53.755,6.0568,,,0.74234,1.4945e-06,,,,,9.8909e-05,0.052496,0.0021115,0.0055252,,,
adapter/aux_pca_5e-3/gated_lowrank_affine_mlp/rank32_hidden2048_gate0.1_code1e-3_fc1e-2_lr5e-4_ep400/enc_seed3407_dec_seed42,exps/COST2100/in/encoder_canonical/adapter/aux_pca_5e-3/gated_lowrank_affine_mlp/rank32_hidden2048_gate0.1_code1e-3_fc1e-2_lr5e-4_ep400/enc_seed3407_dec_seed42,aux_pca_5e-3,adapter/aux_pca_5e-3/gated_lowrank_affine_mlp,3407,transnet,transnet,gated_lowrank_affine_mlp,400,256,0.0005,0.001,exps/COST2100/in/encoder_canonical/aux_pca_5e-3/seed3407_transnet_transnet/checkpoints/best_nmse.pth,exps/COST2100/in/encoder_canonical/aux_pca_5e-3/seed42_transnet_transnet/checkpoints/best_nmse.pth,exps/COST2100/in/encoder_canonical/aux_pca_5e-3/seed42_transnet_transnet/codewords/train_code.pt,1.0,0.001,0.01,0.0,none,0.0,mse,0.0,0.0,0.0,0.0,none,exps/COST2100/in/encoder_canonical/adapter/aux_pca_5e-3/gated_lowrank_affine_mlp/rank32_hidden2048_gate0.1_code1e-3_fc1e-2_lr5e-4_ep400/enc_seed3407_dec_seed42/codewords/train_code.pt,True,True,10234,False,False,True,True,-28.96,400,-28.96,5.7397e-07,-28.96,True,-28.96,400.0,400.0,5.0693e-07,2.0076e-05,8.1153e-06,5.7092e-07,32.0,0.13929,0.034337,4.4808,2.1533,2.3346,56.83,19.454,0.88826,0.89614,0.12379,5.7092e-07,,,,,,,,,,,
adapter/aux_pca_5e-3_code_mean1e-4/gated_lowrank_affine_mlp/rank32_hidden2048_gate0.1_code1e-3_fc1e-2_lr5e-4_ep400/enc_seed3407_dec_seed42,exps/COST2100/in/encoder_canonical/adapter/aux_pca_5e-3_code_mean1e-4/gated_lowrank_affine_mlp/rank32_hidden2048_gate0.1_code1e-3_fc1e-2_lr5e-4_ep400/enc_seed3407_dec_seed42,aux_pca_5e-3_code_mean1e-4,adapter/aux_pca_5e-3_code_mean1e-4/gated_lowrank_affine_mlp,3407,transnet,transnet,gated_lowrank_affine_mlp,400,256,0.0005,0.001,exps/COST2100/in/encoder_canonical/aux_pca_5e-3_code_mean1e-4/seed3407_transnet_transnet/checkpoints/best_nmse.pth,exps/COST2100/in/encoder_canonical/aux_pca_5e-3_code_mean1e-4/seed42_transnet_transnet/checkpoints/best_nmse.pth,exps/COST2100/in/encoder_canonical/aux_pca_5e-3_code_mean1e-4/seed42_transnet_transnet/codewords/train_code.pt,1.0,0.001,0.01,0.0,none,0.0,mse,0.0,0.0,0.0,0.0,none,exps/COST2100/in/encoder_canonical/adapter/aux_pca_5e-3_code_mean1e-4/gated_lowrank_affine_mlp/rank32_hidden2048_gate0.1_code1e-3_fc1e-2_lr5e-4_ep400/enc_seed3407_dec_seed42/codewords/train_code.pt,True,True,10234,False,False,True,True,-27.876,400,-27.876,7.3597e-07,-27.876,True,-27.876,400.0,400.0,4.873e-07,3.1888e-06,1.7011e-06,7.3275e-07,32.0,0.098147,0.027646,3.1784,1.542,2.7276,58.461,18.379,1.4482,1.4631,0.2183,7.3275e-07,,,,,,,,,,,
adapter/aux_pca_5e-3_code_mean1e-4_cov1e-4/gated_lowrank_affine_mlp/rank32_hidden2048_gate0.1_code1e-3_fc1e-2_lr5e-4_ep400/enc_seed3407_dec_seed42,exps/COST2100/in/encoder_canonical/adapter/aux_pca_5e-3_code_mean1e-4_cov1e-4/gated_lowrank_affine_mlp/rank32_hidden2048_gate0.1_code1e-3_fc1e-2_lr5e-4_ep400/enc_seed3407_dec_seed42,aux_pca_5e-3_code_mean1e-4_cov1e-4,adapter/aux_pca_5e-3_code_mean1e-4_cov1e-4/gated_lowrank_affine_mlp,3407,transnet,transnet,gated_lowrank_affine_mlp,400,256,0.0005,0.001,exps/COST2100/in/encoder_canonical/aux_pca_5e-3_code_mean1e-4_cov1e-4/seed3407_transnet_transnet/checkpoints/best_nmse.pth,exps/COST2100/in/encoder_canonical/aux_pca_5e-3_code_mean1e-4_cov1e-4/seed42_transnet_transnet/checkpoints/best_nmse.pth,exps/COST2100/in/encoder_canonical/aux_pca_5e-3_code_mean1e-4_cov1e-4/seed42_transnet_transnet/codewords/train_code.pt,1.0,0.001,0.01,0.0,none,0.0,mse,0.0,0.0,0.0,0.0,none,exps/COST2100/in/encoder_canonical/adapter/aux_pca_5e-3_code_mean1e-4_cov1e-4/gated_lowrank_affine_mlp/rank32_hidden2048_gate0.1_code1e-3_fc1e-2_lr5e-4_ep400/enc_seed3407_dec_seed42/codewords/train_code.pt,True,True,10234,False,False,True,True,-26.778,230,-26.778,9.4767e-07,-26.778,True,-26.778,400.0,400.0,4.8398e-07,2.6487e-06,1.1631e-06,9.4854e-07,32.0,0.0596,0.0075198,1.9153,0.77356,2.4804,59.159,11.561,0.62145,0.62669,0.084427,9.4854e-07,,,,,,,,,,,
adapter/aux_pca_5e-3_code_reg/mlp/best_code1e-3_lr2e-4/enc_seed2026_dec_seed42,exps/COST2100/in/encoder_canonical/adapter/aux_pca_5e-3_code_reg/mlp/best_code1e-3_lr2e-4/enc_seed2026_dec_seed42,aux_pca_5e-3_code_reg,adapter/aux_pca_5e-3_code_reg/mlp,2026,transnet,transnet,mlp,400,256,0.0002,0.001,exps/COST2100/in/encoder_canonical/aux_pca_5e-3_code_reg/seed2026_transnet_transnet/checkpoints/best_nmse.pth,exps/COST2100/in/encoder_canonical/aux_pca_5e-3_code_reg/seed42_transnet_transnet/checkpoints/best_nmse.pth,exps/COST2100/in/encoder_canonical/aux_pca_5e-3_code_reg/seed42_transnet_transnet/codewords/train_code.pt,1.0,0.001,0.0,0.0,none,0.0,mse,0.0,0.0,0.0,0.0,none,exps/COST2100/in/encoder_canonical/adapter/aux_pca_5e-3_code_reg/mlp/best_code1e-3_lr2e-4/enc_seed2026_dec_seed42/codewords/train_code.pt,True,True,10223,False,False,False,True,-16.703,230,-16.663,9.6972e-06,-16.663,True,-16.663,400.0,400.0,1.0781e-06,0.004038,,9.8733e-06,,,,,,,64.912,12.227,,,0.079961,9.8733e-06,,,,,0.00024143,0.06339,4.675e-05,0.011941,,,
adapter/aux_pca_5e-3_code_reg_mid/gated_lowrank_affine_mlp/rank32_hidden2048_gate0.1_code1e-3_fc1e-2_lr5e-4_ep400/enc_seed3407_dec_seed42,exps/COST2100/in/encoder_canonical/adapter/aux_pca_5e-3_code_reg_mid/gated_lowrank_affine_mlp/rank32_hidden2048_gate0.1_code1e-3_fc1e-2_lr5e-4_ep400/enc_seed3407_dec_seed42,aux_pca_5e-3_code_reg_mid,adapter/aux_pca_5e-3_code_reg_mid/gated_lowrank_affine_mlp,3407,transnet,transnet,gated_lowrank_affine_mlp,400,256,0.0005,0.001,exps/COST2100/in/encoder_canonical/aux_pca_5e-3_code_reg_mid/seed3407_transnet_transnet/checkpoints/best_nmse.pth,exps/COST2100/in/encoder_canonical/aux_pca_5e-3_code_reg_mid/seed42_transnet_transnet/checkpoints/best_nmse.pth,exps/COST2100/in/encoder_canonical/aux_pca_5e-3_code_reg_mid/seed42_transnet_transnet/codewords/train_code.pt,1.0,0.001,0.01,0.0,none,0.0,mse,0.0,0.0,0.0,0.0,none,exps/COST2100/in/encoder_canonical/adapter/aux_pca_5e-3_code_reg_mid/gated_lowrank_affine_mlp/rank32_hidden2048_gate0.1_code1e-3_fc1e-2_lr5e-4_ep400/enc_seed3407_dec_seed42/codewords/train_code.pt,True,True,10234,False,False,True,True,-23.191,160,-23.191,2.1665e-06,-23.191,True,-23.191,400.0,400.0,1.3469e-06,0.0016195,0.00064713,2.2409e-06,32.0,0.28116,0.025889,4.5448,2.2529,3.9542,70.753,38.081,0.26185,0.27118,0.072506,2.2409e-06,,,,,,,,,,,
adapter/aux_pca_5e-3_code_reg_weak/gated_lowrank_affine_mlp/rank32_hidden2048_gate0.1_code1e-3_fc1e-2_lr5e-4_ep400/enc_seed3407_dec_seed42,exps/COST2100/in/encoder_canonical/adapter/aux_pca_5e-3_code_reg_weak/gated_lowrank_affine_mlp/rank32_hidden2048_gate0.1_code1e-3_fc1e-2_lr5e-4_ep400/enc_seed3407_dec_seed42,aux_pca_5e-3_code_reg_weak,adapter/aux_pca_5e-3_code_reg_weak/gated_lowrank_affine_mlp,3407,transnet,transnet,gated_lowrank_affine_mlp,400,256,0.0005,0.001,exps/COST2100/in/encoder_canonical/aux_pca_5e-3_code_reg_weak/seed3407_transnet_transnet/checkpoints/best_nmse.pth,exps/COST2100/in/encoder_canonical/aux_pca_5e-3_code_reg_weak/seed42_transnet_transnet/checkpoints/best_nmse.pth,exps/COST2100/in/encoder_canonical/aux_pca_5e-3_code_reg_weak/seed42_transnet_transnet/codewords/train_code.pt,1.0,0.001,0.01,0.0,none,0.0,mse,0.0,0.0,0.0,0.0,none,exps/COST2100/in/encoder_canonical/adapter/aux_pca_5e-3_code_reg_weak/gated_lowrank_affine_mlp/rank32_hidden2048_gate0.1_code1e-3_fc1e-2_lr5e-4_ep400/enc_seed3407_dec_seed42/codewords/train_code.pt,True,True,10234,False,False,True,True,-22.57,20,-22.57,2.4953e-06,-22.57,True,-22.57,400.0,400.0,2.7164e-06,0.0037545,0.0014443,7.4144e-06,32.0,0.32388,0.05156,3.4301,2.401,3.7893,97.902,53.075,0.31225,0.33419,0.12793,7.4144e-06,,,,,,,,,,,
aux_dct_1e-3/seed1024_transnet_transnet,exps/COST2100/in/encoder_canonical/aux_dct_1e-3/seed1024_transnet_transnet,aux_dct_1e-3,encoder,1024,transnet,transnet,,400,256,0.0002,0.001,,,,1.0,0.0,,,dct,0.001,mse,0.0,0.0,0.0,0.0,none,exps/COST2100/in/encoder_canonical/aux_dct_1e-3/seed1024_transnet_transnet/codewords/train_code.pt,True,True,10196,False,False,False,False,-24.604,390,-24.559,1.5833e-06,-24.559,True,-24.559,400.0,400.0,1.324e-06,,,1.5963e-06,,,,,,,,,,,,1.5963e-06,,,,,,,,,,0.00082718,
aux_dct_1e-3/seed2026_transnet_transnet,exps/COST2100/in/encoder_canonical/aux_dct_1e-3/seed2026_transnet_transnet,aux_dct_1e-3,encoder,2026,transnet,transnet,,400,256,0.0002,0.001,,,,1.0,0.0,,,dct,0.001,mse,0.0,0.0,0.0,0.0,none,exps/COST2100/in/encoder_canonical/aux_dct_1e-3/seed2026_transnet_transnet/codewords/train_code.pt,True,True,10196,False,False,False,False,-25.072,390,-25.029,1.4191e-06,-25.029,True,-25.029,400.0,400.0,1.2131e-06,,,1.423e-06,,,,,,,,,,,,1.423e-06,,,,,,,,,,0.0008257,
aux_dct_1e-3/seed3407_transnet_transnet,exps/COST2100/in/encoder_canonical/aux_dct_1e-3/seed3407_transnet_transnet,aux_dct_1e-3,encoder,3407,transnet,transnet,,400,256,0.0002,0.001,,,,1.0,0.0,,,dct,0.001,mse,0.0,0.0,0.0,0.0,none,exps/COST2100/in/encoder_canonical/aux_dct_1e-3/seed3407_transnet_transnet/codewords/train_code.pt,True,True,10196,False,False,False,False,-24.457,400,-24.457,1.6211e-06,-24.457,True,-24.457,400.0,400.0,1.3418e-06,,,1.6317e-06,,,,,,,,,,,,1.6317e-06,,,,,,,,,,0.00085095,
aux_dct_1e-3/seed42_transnet_transnet,exps/COST2100/in/encoder_canonical/aux_dct_1e-3/seed42_transnet_transnet,aux_dct_1e-3,encoder,42,transnet,transnet,,400,256,0.0002,0.001,,,,1.0,0.0,,,dct,0.001,mse,0.0,0.0,0.0,0.0,none,exps/COST2100/in/encoder_canonical/aux_dct_1e-3/seed42_transnet_transnet/codewords/train_code.pt,True,True,10196,False,False,False,False,-24.306,400,-24.306,1.6762e-06,-24.306,True,-24.306,400.0,400.0,1.3663e-06,,,1.6899e-06,,,,,,,,,,,,1.6899e-06,,,,,,,,,,0.00084925,
aux_dct_1e-3/seed796_transnet_transnet,exps/COST2100/in/encoder_canonical/aux_dct_1e-3/seed796_transnet_transnet,aux_dct_1e-3,encoder,796,transnet,transnet,,400,256,0.0002,0.001,,,,1.0,0.0,,,dct,0.001,mse,0.0,0.0,0.0,0.0,none,exps/COST2100/in/encoder_canonical/aux_dct_1e-3/seed796_transnet_transnet/codewords/train_code.pt,True,True,10196,False,False,False,False,-24.62,400,-24.62,1.5596e-06,-24.62,True,-24.62,400.0,400.0,1.336e-06,,,1.571e-06,,,,,,,,,,,,1.571e-06,,,,,,,,,,0.00083433,
aux_pca_1e-2/seed3407_transnet_transnet,exps/COST2100/in/encoder_canonical/aux_pca_1e-2/seed3407_transnet_transnet,aux_pca_1e-2,encoder,3407,transnet,transnet,,400,256,0.0002,0.001,,,,1.0,0.0,0.0,0.0,pca,0.01,mse,0.0,0.0,0.0,0.0,none,exps/COST2100/in/encoder_canonical/aux_pca_1e-2/seed3407_transnet_transnet/codewords/train_code.pt,True,True,10198,False,False,True,True,-29.37,400,-29.37,5.2251e-07,-29.37,True,-29.37,400.0,400.0,4.9201e-07,,,5.199e-07,,,,,,,,,,,,5.199e-07,,,,,,,,,,1.6599e-05,
aux_pca_1e-2/seed42_transnet_transnet,exps/COST2100/in/encoder_canonical/aux_pca_1e-2/seed42_transnet_transnet,aux_pca_1e-2,encoder,42,transnet,transnet,,400,256,0.0002,0.001,,,,1.0,0.0,0.0,0.0,pca,0.01,mse,0.0,0.0,0.0,0.0,none,exps/COST2100/in/encoder_canonical/aux_pca_1e-2/seed42_transnet_transnet/codewords/train_code.pt,True,True,10198,False,False,True,True,-29.339,400,-29.339,5.2643e-07,-29.339,True,-29.339,400.0,400.0,4.9137e-07,,,5.2283e-07,,,,,,,,,,,,5.2283e-07,,,,,,,,,,1.6521e-05,
aux_pca_1e-2_code_mean1e-4_cov1e-4/seed2026_clnet_transnet,exps/COST2100/in/encoder_canonical/aux_pca_1e-2_code_mean1e-4_cov1e-4/seed2026_clnet_transnet,aux_pca_1e-2_code_mean1e-4_cov1e-4,encoder,2026,clnet,transnet,,400,256,0.0002,0.001,,,,1.0,0.0,0.0,0.0,pca,0.01,mse,0.0001,0.0,0.0001,0.0,none,exps/COST2100/in/encoder_canonical/aux_pca_1e-2_code_mean1e-4_cov1e-4/seed2026_clnet_transnet/codewords/train_code.pt,True,True,10222,False,False,True,True,-29.049,380,-29.049,5.629e-07,-29.049,True,-29.049,400.0,400.0,7.4733e-07,,,5.6177e-07,,,,,,,,,,,,5.6177e-07,,,,,,,,,,0.00018952,9.5924e-08
aux_pca_1e-2_code_mean1e-4_cov1e-4/seed2026_crnet_transnet,exps/COST2100/in/encoder_canonical/aux_pca_1e-2_code_mean1e-4_cov1e-4/seed2026_crnet_transnet,aux_pca_1e-2_code_mean1e-4_cov1e-4,encoder,2026,crnet,transnet,,400,256,0.0002,0.001,,,,1.0,0.0,0.0,0.0,pca,0.01,mse,0.0001,0.0,0.0001,0.0,none,exps/COST2100/in/encoder_canonical/aux_pca_1e-2_code_mean1e-4_cov1e-4/seed2026_crnet_transnet/codewords/train_code.pt,True,True,10201,False,False,True,True,-28.874,390,-28.874,5.8566e-07,-28.874,True,-28.874,400.0,400.0,7.0022e-07,,,5.9606e-07,,,,,,,,,,,,5.9606e-07,,,,,,,,,,0.00010702,8.1932e-08
aux_pca_1e-2_code_mean1e-4_cov1e-4/seed2026_csinet_transnet,exps/COST2100/in/encoder_canonical/aux_pca_1e-2_code_mean1e-4_cov1e-4/seed2026_csinet_transnet,aux_pca_1e-2_code_mean1e-4_cov1e-4,encoder,2026,csinet,transnet,,400,256,0.0002,0.001,,,,1.0,0.0,0.0,0.0,pca,0.01,mse,0.0001,0.0,0.0001,0.0,none,exps/COST2100/in/encoder_canonical/aux_pca_1e-2_code_mean1e-4_cov1e-4/seed2026_csinet_transnet/codewords/train_code.pt,True,True,10166,False,False,True,True,-25.998,370,-25.998,1.1345e-06,-25.998,True,-25.998,400.0,400.0,1.1702e-06,,,1.2802e-06,,,,,,,,,,,,1.2802e-06,,,,,,,,,,0.0034876,1.0788e-09
aux_pca_1e-2_code_mean1e-4_cov1e-4/seed2026_transnet_transnet,exps/COST2100/in/encoder_canonical/aux_pca_1e-2_code_mean1e-4_cov1e-4/seed2026_transnet_transnet,aux_pca_1e-2_code_mean1e-4_cov1e-4,encoder,2026,transnet,transnet,,400,256,0.0002,0.001,,,,1.0,0.0,0.0,0.0,pca,0.01,mse,0.0001,0.0,0.0001,0.0,none,exps/COST2100/in/encoder_canonical/aux_pca_1e-2_code_mean1e-4_cov1e-4/seed2026_transnet_transnet/codewords/train_code.pt,True,True,10198,False,False,True,True,-29.546,390,-29.546,5.0185e-07,-29.546,True,-29.546,400.0,400.0,4.7738e-07,,,5.0124e-07,,,,,,,,,,,,5.0124e-07,,,,,,,,,,1.9217e-05,2.6015e-08
aux_pca_1e-2_code_mean1e-4_cov1e-4/seed3407_clnet_transnet,exps/COST2100/in/encoder_canonical/aux_pca_1e-2_code_mean1e-4_cov1e-4/seed3407_clnet_transnet,aux_pca_1e-2_code_mean1e-4_cov1e-4,encoder,3407,clnet,transnet,,400,256,0.0002,0.001,,,,1.0,0.0,0.0,0.0,pca,0.01,mse,0.0001,0.0,0.0001,0.0,none,exps/COST2100/in/encoder_canonical/aux_pca_1e-2_code_mean1e-4_cov1e-4/seed3407_clnet_transnet/codewords/train_code.pt,True,True,10222,False,False,True,True,-28.919,400,-28.919,5.7964e-07,-28.919,True,-28.919,400.0,400.0,7.2956e-07,,,5.7621e-07,,,,,,,,,,,,5.7621e-07,,,,,,,,,,0.00018211,9.1095e-08
aux_pca_1e-2_code_mean1e-4_cov1e-4/seed3407_crnet_transnet,exps/COST2100/in/encoder_canonical/aux_pca_1e-2_code_mean1e-4_cov1e-4/seed3407_crnet_transnet,aux_pca_1e-2_code_mean1e-4_cov1e-4,encoder,3407,crnet,transnet,,400,256,0.0002,0.001,,,,1.0,0.0,0.0,0.0,pca,0.01,mse,0.0001,0.0,0.0001,0.0,none,exps/COST2100/in/encoder_canonical/aux_pca_1e-2_code_mean1e-4_cov1e-4/seed3407_crnet_transnet/codewords/train_code.pt,True,True,10201,False,False,True,True,-26.597,400,-26.597,9.8863e-07,-26.597,True,-26.597,400.0,400.0,1.0682e-06,,,9.8201e-07,,,,,,,,,,,,9.8201e-07,,,,,,,,,,0.0013693,1.4116e-08
aux_pca_1e-2_code_mean1e-4_cov1e-4/seed3407_csinet_transnet,exps/COST2100/in/encoder_canonical/aux_pca_1e-2_code_mean1e-4_cov1e-4/seed3407_csinet_transnet,aux_pca_1e-2_code_mean1e-4_cov1e-4,encoder,3407,csinet,transnet,,400,256,0.0002,0.001,,,,1.0,0.0,0.0,0.0,pca,0.01,mse,0.0001,0.0,0.0001,0.0,none,exps/COST2100/in/encoder_canonical/aux_pca_1e-2_code_mean1e-4_cov1e-4/seed3407_csinet_transnet/codewords/train_code.pt,True,True,10166,False,False,True,True,-22.864,390,-22.864,2.3316e-06,-22.864,True,-22.864,400.0,400.0,2.0203e-06,,,2.4384e-06,,,,,,,,,,,,2.4384e-06,,,,,,,,,,0.027027,1.5e-07
aux_pca_1e-2_code_mean1e-4_cov1e-4/seed3407_transnet_transnet,exps/COST2100/in/encoder_canonical/aux_pca_1e-2_code_mean1e-4_cov1e-4/seed3407_transnet_transnet,aux_pca_1e-2_code_mean1e-4_cov1e-4,encoder,3407,transnet,transnet,,400,256,0.0002,0.001,,,,1.0,0.0,0.0,0.0,pca,0.01,mse,0.0001,0.0,0.0001,0.0,none,exps/COST2100/in/encoder_canonical/aux_pca_1e-2_code_mean1e-4_cov1e-4/seed3407_transnet_transnet/codewords/train_code.pt,True,True,10198,False,False,True,True,-29.571,390,-29.571,4.9909e-07,-29.571,True,-29.571,400.0,400.0,4.7209e-07,,,4.9808e-07,,,,,,,,,,,,4.9808e-07,,,,,,,,,,1.9171e-05,2.8192e-08
aux_pca_1e-2_code_mean1e-4_cov1e-4/seed42_clnet_transnet,exps/COST2100/in/encoder_canonical/aux_pca_1e-2_code_mean1e-4_cov1e-4/seed42_clnet_transnet,aux_pca_1e-2_code_mean1e-4_cov1e-4,encoder,42,clnet,transnet,,400,256,0.0002,0.001,,,,1.0,0.0,0.0,0.0,pca,0.01,mse,0.0001,0.0,0.0001,0.0,none,exps/COST2100/in/encoder_canonical/aux_pca_1e-2_code_mean1e-4_cov1e-4/seed42_clnet_transnet/codewords/train_code.pt,True,True,10222,False,False,True,True,-28.803,380,-28.803,5.9545e-07,-28.803,True,-28.803,400.0,400.0,7.4423e-07,,,6.0602e-07,,,,,,,,,,,,6.0602e-07,,,,,,,,,,0.00017074,1.2351e-07
aux_pca_1e-2_code_mean1e-4_cov1e-4/seed42_crnet_transnet,exps/COST2100/in/encoder_canonical/aux_pca_1e-2_code_mean1e-4_cov1e-4/seed42_crnet_transnet,aux_pca_1e-2_code_mean1e-4_cov1e-4,encoder,42,crnet,transnet,,400,256,0.0002,0.001,,,,1.0,0.0,0.0,0.0,pca,0.01,mse,0.0001,0.0,0.0001,0.0,none,exps/COST2100/in/encoder_canonical/aux_pca_1e-2_code_mean1e-4_cov1e-4/seed42_crnet_transnet/codewords/train_code.pt,True,True,10201,False,False,True,True,-24.922,400,-24.922,1.455e-06,-24.922,True,-24.922,400.0,400.0,1.4773e-06,,,1.4503e-06,,,,,,,,,,,,1.4503e-06,,,,,,,,,,0.0034381,2.1571e-08
aux_pca_1e-2_code_mean1e-4_cov1e-4/seed42_csinet_transnet,exps/COST2100/in/encoder_canonical/aux_pca_1e-2_code_mean1e-4_cov1e-4/seed42_csinet_transnet,aux_pca_1e-2_code_mean1e-4_cov1e-4,encoder,42,csinet,transnet,,400,256,0.0002,0.001,,,,1.0,0.0,0.0,0.0,pca,0.01,mse,0.0001,0.0,0.0001,0.0,none,exps/COST2100/in/encoder_canonical/aux_pca_1e-2_code_mean1e-4_cov1e-4/seed42_csinet_transnet/codewords/train_code.pt,True,True,10166,False,False,True,True,-26.562,370,-26.562,9.9683e-07,-26.562,True,-26.562,400.0,400.0,1.0412e-06,,,1.1508e-06,,,,,,,,,,,,1.1508e-06,,,,,,,,,,0.0024031,7.0489e-10
aux_pca_1e-2_code_mean1e-4_cov1e-4/seed42_transnet_transnet,exps/COST2100/in/encoder_canonical/aux_pca_1e-2_code_mean1e-4_cov1e-4/seed42_transnet_transnet,aux_pca_1e-2_code_mean1e-4_cov1e-4,encoder,42,transnet,transnet,,400,256,0.0002,0.001,,,,1.0,0.0,0.0,0.0,pca,0.01,mse,0.0001,0.0,0.0001,0.0,none,exps/COST2100/in/encoder_canonical/aux_pca_1e-2_code_mean1e-4_cov1e-4/seed42_transnet_transnet/codewords/train_code.pt,True,True,10198,False,False,True,True,-29.579,380,-29.579,4.9792e-07,-29.579,True,-29.579,400.0,400.0,4.6873e-07,,,5.0284e-07,,,,,,,,,,,,5.0284e-07,,,,,,,,,,1.8987e-05,2.7099e-08
aux_pca_1e-2_code_reg/seed2026_transnet_transnet,exps/COST2100/in/encoder_canonical/aux_pca_1e-2_code_reg/seed2026_transnet_transnet,aux_pca_1e-2_code_reg,encoder,2026,transnet,transnet,,400,256,0.0002,0.001,,,,1.0,0.0,,,pca,0.01,mse,0.001,0.001,0.0001,0.0,none,exps/COST2100/in/encoder_canonical/aux_pca_1e-2_code_reg/seed2026_transnet_transnet/codewords/train_code.pt,True,True,10196,False,False,False,False,-25.293,390,-25.015,1.4225e-06,-25.015,True,-25.015,400.0,400.0,1.1005e-06,,,1.4165e-06,,,,,,,,,,,,1.4165e-06,,,,,,,,,,0.00095038,9.8878e-05
aux_pca_1e-2_code_reg/seed3407_transnet_transnet,exps/COST2100/in/encoder_canonical/aux_pca_1e-2_code_reg/seed3407_transnet_transnet,aux_pca_1e-2_code_reg,encoder,3407,transnet,transnet,,400,256,0.0002,0.001,,,,1.0,0.0,,,pca,0.01,mse,0.001,0.001,0.0001,0.0,none,exps/COST2100/in/encoder_canonical/aux_pca_1e-2_code_reg/seed3407_transnet_transnet/codewords/train_code.pt,True,True,10196,False,False,False,False,-20.717,190,-20.347,4.153e-06,-20.347,True,-20.347,400.0,400.0,1.2179e-06,,,4.2789e-06,,,,,,,,,,,,4.2789e-06,,,,,,,,,,0.00091415,9.7998e-05
aux_pca_1e-2_code_reg/seed42_transnet_transnet,exps/COST2100/in/encoder_canonical/aux_pca_1e-2_code_reg/seed42_transnet_transnet,aux_pca_1e-2_code_reg,encoder,42,transnet,transnet,,400,256,0.0002,0.001,,,,1.0,0.0,,,pca,0.01,mse,0.001,0.001,0.0001,0.0,none,exps/COST2100/in/encoder_canonical/aux_pca_1e-2_code_reg/seed42_transnet_transnet/codewords/train_code.pt,True,True,10196,False,False,False,False,-25.308,400,-25.308,1.3311e-06,-25.308,True,-25.308,400.0,400.0,1.0319e-06,,,1.3357e-06,,,,,,,,,,,,1.3357e-06,,,,,,,,,,0.00092666,9.9231e-05
aux_pca_1e-2_code_reg_weak/seed3407_transnet_transnet,exps/COST2100/in/encoder_canonical/aux_pca_1e-2_code_reg_weak/seed3407_transnet_transnet,aux_pca_1e-2_code_reg_weak,encoder,3407,transnet,transnet,,400,256,0.0002,0.001,,,,1.0,0.0,0.0,0.0,pca,0.01,mse,0.0001,0.0001,0.0001,0.0,none,exps/COST2100/in/encoder_canonical/aux_pca_1e-2_code_reg_weak/seed3407_transnet_transnet/codewords/train_code.pt,True,True,10198,False,False,True,True,-27.507,380,-27.507,8.0182e-07,-27.507,True,-27.507,400.0,400.0,7.0616e-07,,,8.0922e-07,,,,,,,,,,,,8.0922e-07,,,,,,,,,,0.00010288,2.5784e-05
aux_pca_1e-2_code_reg_weak/seed42_transnet_transnet,exps/COST2100/in/encoder_canonical/aux_pca_1e-2_code_reg_weak/seed42_transnet_transnet,aux_pca_1e-2_code_reg_weak,encoder,42,transnet,transnet,,400,256,0.0002,0.001,,,,1.0,0.0,0.0,0.0,pca,0.01,mse,0.0001,0.0001,0.0001,0.0,none,exps/COST2100/in/encoder_canonical/aux_pca_1e-2_code_reg_weak/seed42_transnet_transnet/codewords/train_code.pt,True,True,10198,False,False,True,True,-27.104,350,-27.104,8.7914e-07,-27.104,True,-27.104,400.0,400.0,7.2181e-07,,,8.7899e-07,,,,,,,,,,,,8.7899e-07,,,,,,,,,,0.00010046,2.5482e-05
aux_pca_1e-3/seed1024_transnet_transnet,exps/COST2100/in/encoder_canonical/aux_pca_1e-3/seed1024_transnet_transnet,aux_pca_1e-3,encoder,1024,transnet,transnet,,400,256,0.0002,0.001,,,,1.0,0.0,,,pca,0.001,mse,0.0,0.0,0.0,0.0,none,exps/COST2100/in/encoder_canonical/aux_pca_1e-3/seed1024_transnet_transnet/codewords/train_code.pt,True,True,10196,False,False,False,False,-29.323,400,-29.323,5.2808e-07,-29.323,True,-29.323,400.0,400.0,4.9277e-07,,,5.2278e-07,,,,,,,,,,,,5.2278e-07,,,,,,,,,,5.9551e-05,
aux_pca_1e-3/seed2026_transnet_transnet,exps/COST2100/in/encoder_canonical/aux_pca_1e-3/seed2026_transnet_transnet,aux_pca_1e-3,encoder,2026,transnet,transnet,,400,256,0.0002,0.001,,,,1.0,0.0,,,pca,0.001,mse,0.0,0.0,0.0,0.0,none,exps/COST2100/in/encoder_canonical/aux_pca_1e-3/seed2026_transnet_transnet/codewords/train_code.pt,True,True,10196,False,False,False,False,-29.62,400,-29.62,4.9301e-07,-29.62,True,-29.62,400.0,400.0,4.656e-07,,,4.8797e-07,,,,,,,,,,,,4.8797e-07,,,,,,,,,,6.8474e-05,
aux_pca_1e-3/seed3407_transnet_transnet,exps/COST2100/in/encoder_canonical/aux_pca_1e-3/seed3407_transnet_transnet,aux_pca_1e-3,encoder,3407,transnet,transnet,,400,256,0.0002,0.001,,,,1.0,0.0,,,pca,0.001,mse,0.0,0.0,0.0,0.0,none,exps/COST2100/in/encoder_canonical/aux_pca_1e-3/seed3407_transnet_transnet/codewords/train_code.pt,True,True,10196,False,False,False,False,-29.889,400,-29.889,4.6333e-07,-29.889,True,-29.889,400.0,400.0,4.3488e-07,,,4.595e-07,,,,,,,,,,,,4.595e-07,,,,,,,,,,6.3253e-05,
aux_pca_1e-3/seed42_transnet_transnet,exps/COST2100/in/encoder_canonical/aux_pca_1e-3/seed42_transnet_transnet,aux_pca_1e-3,encoder,42,transnet,transnet,,400,256,0.0002,0.001,,,,1.0,0.0,,,pca,0.001,mse,0.0,0.0,0.0,0.0,none,exps/COST2100/in/encoder_canonical/aux_pca_1e-3/seed42_transnet_transnet/codewords/train_code.pt,True,True,10196,False,False,False,False,-29.528,400,-29.528,5.0373e-07,-29.528,True,-29.528,400.0,400.0,4.6886e-07,,,4.9962e-07,,,,,,,,,,,,4.9962e-07,,,,,,,,,,6.0455e-05,
aux_pca_1e-3/seed796_transnet_transnet,exps/COST2100/in/encoder_canonical/aux_pca_1e-3/seed796_transnet_transnet,aux_pca_1e-3,encoder,796,transnet,transnet,,400,256,0.0002,0.001,,,,1.0,0.0,,,pca,0.001,mse,0.0,0.0,0.0,0.0,none,exps/COST2100/in/encoder_canonical/aux_pca_1e-3/seed796_transnet_transnet/codewords/train_code.pt,True,True,10196,False,False,False,False,-29.181,400,-29.181,5.4559e-07,-29.181,True,-29.181,400.0,400.0,5.0986e-07,,,5.4129e-07,,,,,,,,,,,,5.4129e-07,,,,,,,,,,6.1018e-05,
aux_pca_1e-3_code_reg/seed2026_transnet_transnet,exps/COST2100/in/encoder_canonical/aux_pca_1e-3_code_reg/seed2026_transnet_transnet,aux_pca_1e-3_code_reg,encoder,2026,transnet,transnet,,400,256,0.0002,0.001,,,,1.0,0.0,,,pca,0.001,mse,0.001,0.001,0.0001,0.0,none,exps/COST2100/in/encoder_canonical/aux_pca_1e-3_code_reg/seed2026_transnet_transnet/codewords/train_code.pt,True,True,10196,False,False,False,False,-24.745,400,-24.745,1.5104e-06,-24.745,True,-24.745,400.0,400.0,1.2076e-06,,,1.5318e-06,,,,,,,,,,,,1.5318e-06,,,,,,,,,,0.015726,6.2756e-05
aux_pca_1e-3_code_reg/seed3407_transnet_transnet,exps/COST2100/in/encoder_canonical/aux_pca_1e-3_code_reg/seed3407_transnet_transnet,aux_pca_1e-3_code_reg,encoder,3407,transnet,transnet,,400,256,0.0002,0.001,,,,1.0,0.0,,,pca,0.001,mse,0.001,0.001,0.0001,0.0,none,exps/COST2100/in/encoder_canonical/aux_pca_1e-3_code_reg/seed3407_transnet_transnet/codewords/train_code.pt,True,True,10196,False,False,False,False,-24.833,400,-24.833,1.4811e-06,-24.833,True,-24.833,400.0,400.0,1.1672e-06,,,1.4856e-06,,,,,,,,,,,,1.4856e-06,,,,,,,,,,0.015808,6.3274e-05
aux_pca_1e-3_code_reg/seed42_transnet_transnet,exps/COST2100/in/encoder_canonical/aux_pca_1e-3_code_reg/seed42_transnet_transnet,aux_pca_1e-3_code_reg,encoder,42,transnet,transnet,,400,256,0.0002,0.001,,,,1.0,0.0,,,pca,0.001,mse,0.001,0.001,0.0001,0.0,none,exps/COST2100/in/encoder_canonical/aux_pca_1e-3_code_reg/seed42_transnet_transnet/codewords/train_code.pt,True,True,10196,False,False,False,False,-24.516,370,-24.466,1.6103e-06,-24.466,True,-24.466,400.0,400.0,1.1872e-06,,,1.6215e-06,,,,,,,,,,,,1.6215e-06,,,,,,,,,,0.015492,6.3585e-05
aux_pca_5e-3/seed3407_transnet_transnet,exps/COST2100/in/encoder_canonical/aux_pca_5e-3/seed3407_transnet_transnet,aux_pca_5e-3,encoder,3407,transnet,transnet,,400,256,0.0002,0.001,,,,1.0,0.0,0.0,0.0,pca,0.005,mse,0.0,0.0,0.0,0.0,none,exps/COST2100/in/encoder_canonical/aux_pca_5e-3/seed3407_transnet_transnet/codewords/train_code.pt,True,True,10198,False,False,True,True,-29.316,400,-29.316,5.2903e-07,-29.316,True,-29.316,400.0,400.0,4.968e-07,,,5.251e-07,,,,,,,,,,,,5.251e-07,,,,,,,,,,2.107e-05,
aux_pca_5e-3/seed42_transnet_transnet,exps/COST2100/in/encoder_canonical/aux_pca_5e-3/seed42_transnet_transnet,aux_pca_5e-3,encoder,42,transnet,transnet,,400,256,0.0002,0.001,,,,1.0,0.0,0.0,0.0,pca,0.005,mse,0.0,0.0,0.0,0.0,none,exps/COST2100/in/encoder_canonical/aux_pca_5e-3/seed42_transnet_transnet/codewords/train_code.pt,True,True,10198,False,False,True,True,-29.278,400,-29.278,5.336e-07,-29.278,True,-29.278,400.0,400.0,4.9767e-07,,,5.2852e-07,,,,,,,,,,,,5.2852e-07,,,,,,,,,,1.9863e-05,
aux_pca_5e-3_code_mean1e-4/seed3407_transnet_transnet,exps/COST2100/in/encoder_canonical/aux_pca_5e-3_code_mean1e-4/seed3407_transnet_transnet,aux_pca_5e-3_code_mean1e-4,encoder,3407,transnet,transnet,,400,256,0.0002,0.001,,,,1.0,0.0,0.0,0.0,pca,0.005,mse,0.0001,0.0,0.0,0.0,none,exps/COST2100/in/encoder_canonical/aux_pca_5e-3_code_mean1e-4/seed3407_transnet_transnet/codewords/train_code.pt,True,True,10198,False,False,True,True,-29.408,400,-29.408,5.1759e-07,-29.408,True,-29.408,400.0,400.0,4.8954e-07,,,5.148e-07,,,,,,,,,,,,5.148e-07,,,,,,,,,,2.502e-05,2.2264e-08
aux_pca_5e-3_code_mean1e-4/seed42_transnet_transnet,exps/COST2100/in/encoder_canonical/aux_pca_5e-3_code_mean1e-4/seed42_transnet_transnet,aux_pca_5e-3_code_mean1e-4,encoder,42,transnet,transnet,,400,256,0.0002,0.001,,,,1.0,0.0,0.0,0.0,pca,0.005,mse,0.0001,0.0,0.0,0.0,none,exps/COST2100/in/encoder_canonical/aux_pca_5e-3_code_mean1e-4/seed42_transnet_transnet/codewords/train_code.pt,True,True,10198,False,False,True,True,-29.726,380,-29.726,4.815e-07,-29.726,True,-29.726,400.0,400.0,4.5097e-07,,,4.8509e-07,,,,,,,,,,,,4.8509e-07,,,,,,,,,,1.9874e-05,1.2476e-08
aux_pca_5e-3_code_mean1e-4_cov1e-4/seed3407_transnet_transnet,exps/COST2100/in/encoder_canonical/aux_pca_5e-3_code_mean1e-4_cov1e-4/seed3407_transnet_transnet,aux_pca_5e-3_code_mean1e-4_cov1e-4,encoder,3407,transnet,transnet,,400,256,0.0002,0.001,,,,1.0,0.0,0.0,0.0,pca,0.005,mse,0.0001,0.0,0.0001,0.0,none,exps/COST2100/in/encoder_canonical/aux_pca_5e-3_code_mean1e-4_cov1e-4/seed3407_transnet_transnet/codewords/train_code.pt,True,True,10198,False,False,True,True,-29.371,380,-29.371,5.2252e-07,-29.371,True,-29.371,400.0,400.0,4.915e-07,,,5.23e-07,,,,,,,,,,,,5.23e-07,,,,,,,,,,2.2594e-05,2.0445e-08
aux_pca_5e-3_code_mean1e-4_cov1e-4/seed42_transnet_transnet,exps/COST2100/in/encoder_canonical/aux_pca_5e-3_code_mean1e-4_cov1e-4/seed42_transnet_transnet,aux_pca_5e-3_code_mean1e-4_cov1e-4,encoder,42,transnet,transnet,,400,256,0.0002,0.001,,,,1.0,0.0,0.0,0.0,pca,0.005,mse,0.0001,0.0,0.0001,0.0,none,exps/COST2100/in/encoder_canonical/aux_pca_5e-3_code_mean1e-4_cov1e-4/seed42_transnet_transnet/codewords/train_code.pt,True,True,10198,False,False,True,True,-29.635,380,-29.635,4.9196e-07,-29.635,True,-29.635,400.0,400.0,4.6248e-07,,,5.0537e-07,,,,,,,,,,,,5.0537e-07,,,,,,,,,,2.1291e-05,1.6919e-08
aux_pca_5e-3_code_reg/seed2026_transnet_transnet,exps/COST2100/in/encoder_canonical/aux_pca_5e-3_code_reg/seed2026_transnet_transnet,aux_pca_5e-3_code_reg,encoder,2026,transnet,transnet,,400,256,0.0002,0.001,,,,1.0,0.0,,,pca,0.005,mse,0.001,0.001,0.0001,0.0,none,exps/COST2100/in/encoder_canonical/aux_pca_5e-3_code_reg/seed2026_transnet_transnet/codewords/train_code.pt,True,True,10196,False,False,False,False,-25.617,400,-25.617,1.238e-06,-25.617,True,-25.617,400.0,400.0,1.0883e-06,,,1.238e-06,,,,,,,,,,,,1.238e-06,,,,,,,,,,0.0025693,8.8785e-05
aux_pca_5e-3_code_reg/seed3407_transnet_transnet,exps/COST2100/in/encoder_canonical/aux_pca_5e-3_code_reg/seed3407_transnet_transnet,aux_pca_5e-3_code_reg,encoder,3407,transnet,transnet,,400,256,0.0002,0.001,,,,1.0,0.0,,,pca,0.005,mse,0.001,0.001,0.0001,0.0,none,exps/COST2100/in/encoder_canonical/aux_pca_5e-3_code_reg/seed3407_transnet_transnet/codewords/train_code.pt,True,True,10196,False,False,False,False,-25.311,390,-25.1,1.3948e-06,-25.1,True,-25.1,400.0,400.0,1.1433e-06,,,1.3966e-06,,,,,,,,,,,,1.3966e-06,,,,,,,,,,0.0025066,8.8027e-05
aux_pca_5e-3_code_reg/seed42_transnet_transnet,exps/COST2100/in/encoder_canonical/aux_pca_5e-3_code_reg/seed42_transnet_transnet,aux_pca_5e-3_code_reg,encoder,42,transnet,transnet,,400,256,0.0002,0.001,,,,1.0,0.0,,,pca,0.005,mse,0.001,0.001,0.0001,0.0,none,exps/COST2100/in/encoder_canonical/aux_pca_5e-3_code_reg/seed42_transnet_transnet/codewords/train_code.pt,True,True,10196,False,False,False,False,-25.491,380,-25.455,1.2849e-06,-25.455,True,-25.455,400.0,400.0,1.0406e-06,,,1.2858e-06,,,,,,,,,,,,1.2858e-06,,,,,,,,,,0.0024653,8.8915e-05
aux_pca_5e-3_code_reg_mid/seed3407_transnet_transnet,exps/COST2100/in/encoder_canonical/aux_pca_5e-3_code_reg_mid/seed3407_transnet_transnet,aux_pca_5e-3_code_reg_mid,encoder,3407,transnet,transnet,,400,256,0.0002,0.001,,,,1.0,0.0,0.0,0.0,pca,0.005,mse,0.001,0.001,0.0001,0.0,none,exps/COST2100/in/encoder_canonical/aux_pca_5e-3_code_reg_mid/seed3407_transnet_transnet/codewords/train_code.pt,True,True,10198,False,False,True,True,-25.44,400,-25.44,1.2891e-06,-25.44,True,-25.44,400.0,400.0,1.1222e-06,,,1.2971e-06,,,,,,,,,,,,1.2971e-06,,,,,,,,,,0.0025141,8.8038e-05
aux_pca_5e-3_code_reg_mid/seed42_transnet_transnet,exps/COST2100/in/encoder_canonical/aux_pca_5e-3_code_reg_mid/seed42_transnet_transnet,aux_pca_5e-3_code_reg_mid,encoder,42,transnet,transnet,,400,256,0.0002,0.001,,,,1.0,0.0,0.0,0.0,pca,0.005,mse,0.001,0.001,0.0001,0.0,none,exps/COST2100/in/encoder_canonical/aux_pca_5e-3_code_reg_mid/seed42_transnet_transnet/codewords/train_code.pt,True,True,10198,False,False,True,True,-25.509,400,-25.509,1.2692e-06,-25.509,True,-25.509,400.0,400.0,1.0738e-06,,,1.2683e-06,,,,,,,,,,,,1.2683e-06,,,,,,,,,,0.0024671,8.8952e-05
aux_pca_5e-3_code_reg_weak/seed3407_transnet_transnet,exps/COST2100/in/encoder_canonical/aux_pca_5e-3_code_reg_weak/seed3407_transnet_transnet,aux_pca_5e-3_code_reg_weak,encoder,3407,transnet,transnet,,400,256,0.0002,0.001,,,,1.0,0.0,0.0,0.0,pca,0.005,mse,0.0001,0.0001,0.0001,0.0,none,exps/COST2100/in/encoder_canonical/aux_pca_5e-3_code_reg_weak/seed3407_transnet_transnet/codewords/train_code.pt,True,True,10198,False,False,True,True,-26.085,250,-26.085,1.1109e-06,-26.085,True,-26.085,400.0,400.0,7.8467e-07,,,1.3381e-06,,,,,,,,,,,,1.3381e-06,,,,,,,,,,0.00025789,2.4153e-05
aux_pca_5e-3_code_reg_weak/seed42_transnet_transnet,exps/COST2100/in/encoder_canonical/aux_pca_5e-3_code_reg_weak/seed42_transnet_transnet,aux_pca_5e-3_code_reg_weak,encoder,42,transnet,transnet,,400,256,0.0002,0.001,,,,1.0,0.0,0.0,0.0,pca,0.005,mse,0.0001,0.0001,0.0001,0.0,none,exps/COST2100/in/encoder_canonical/aux_pca_5e-3_code_reg_weak/seed42_transnet_transnet/codewords/train_code.pt,True,True,10198,False,False,True,True,-26.639,320,-26.639,9.7791e-07,-26.639,True,-26.639,400.0,400.0,7.4708e-07,,,9.76e-07,,,,,,,,,,,,9.76e-07,,,,,,,,,,0.00024925,2.4214e-05
baseline/seed1024_transnet_transnet,exps/COST2100/in/encoder_canonical/baseline/seed1024_transnet_transnet,baseline,encoder,1024,transnet,transnet,,400,256,0.0002,0.001,,,,1.0,0.0,,,none,0.0,mse,0.0,0.0,0.0,0.0,none,exps/COST2100/in/encoder_canonical/baseline/seed1024_transnet_transnet/codewords/train_code.pt,True,True,10195,False,False,False,False,-27.143,400,-27.143,8.7032e-07,-27.143,True,-27.143,400.0,400.0,6.8842e-07,,,8.6316e-07,,,,,,,,,,,,8.6316e-07,,,,,,,,,,,
baseline/seed2026_transnet_transnet,exps/COST2100/in/encoder_canonical/baseline/seed2026_transnet_transnet,baseline,encoder,2026,transnet,transnet,,400,200,0.0002,0.001,,,,,,,,,,,,,,,,exps/COST2100/in/encoder_canonical/baseline/seed2026_transnet_transnet/codewords/train_code.pt,True,True,12760,False,False,False,False,-28.18,400,-28.18,7.8012e-07,-28.18,True,-28.18,400.0,400.0,,,,,,,,,,,,,,,,,,,,,,,,,,,
baseline/seed3407_transnet_transnet,exps/COST2100/in/encoder_canonical/baseline/seed3407_transnet_transnet,baseline,encoder,3407,transnet,transnet,,400,256,0.0002,0.001,,,,1.0,0.0,,,,,,,,,,,exps/COST2100/in/encoder_canonical/baseline/seed3407_transnet_transnet/codewords/train_code.pt,True,True,10195,False,False,False,False,-26.868,400,-26.868,9.2758e-07,-26.868,True,-26.868,400.0,400.0,7.2792e-07,,,9.3253e-07,,,,,,,,,,,,9.3253e-07,,,,,,,,,,,
baseline/seed42_transnet_transnet,exps/COST2100/in/encoder_canonical/baseline/seed42_transnet_transnet,baseline,encoder,42,transnet,transnet,,400,200,0.0002,0.001,,,,,,,,,,,,,,,,exps/COST2100/in/encoder_canonical/baseline/seed42_transnet_transnet/codewords/train_code.pt,True,True,12760,False,False,False,False,-28.126,400,-28.126,7.9488e-07,-28.126,True,-28.126,400.0,400.0,,,,,,,,,,,,,,,,,,,,,,,,,,,
baseline/seed796_transnet_transnet,exps/COST2100/in/encoder_canonical/baseline/seed796_transnet_transnet,baseline,encoder,796,transnet,transnet,,400,256,0.0002,0.001,,,,1.0,0.0,,,none,0.0,mse,0.0,0.0,0.0,0.0,none,exps/COST2100/in/encoder_canonical/baseline/seed796_transnet_transnet/codewords/train_code.pt,True,True,10195,False,False,False,False,-26.211,400,-26.211,1.0784e-06,-26.211,True,-26.211,400.0,400.0,8.3413e-07,,,1.0533e-06,,,,,,,,,,,,1.0533e-06,,,,,,,,,,,
codebook1024/seed1024_transnet_transnet,exps/COST2100/in/encoder_canonical/codebook1024/seed1024_transnet_transnet,codebook1024,encoder,1024,transnet,transnet,,400,256,0.0002,0.001,,,,1.0,0.0,,,none,0.0,mse,0.0,0.0,0.0,0.0,codebook,exps/COST2100/in/encoder_canonical/codebook1024/seed1024_transnet_transnet/codewords/train_code.pt,True,True,10199,False,False,False,False,-25.059,390,-25.056,1.4072e-06,-25.056,True,-25.056,400.0,400.0,1.187e-06,,,1.401e-06,,,,,,,,,,,,1.401e-06,,,,,,,,,,,
codebook1024/seed2026_transnet_transnet,exps/COST2100/in/encoder_canonical/codebook1024/seed2026_transnet_transnet,codebook1024,encoder,2026,transnet,transnet,,400,256,0.0002,0.001,,,,1.0,0.0,,,none,0.0,mse,0.0,0.0,0.0,0.0,codebook,exps/COST2100/in/encoder_canonical/codebook1024/seed2026_transnet_transnet/codewords/train_code.pt,True,True,10199,False,False,False,False,-25.013,400,-25.013,1.4239e-06,-25.013,True,-25.013,400.0,400.0,1.1942e-06,,,1.3989e-06,,,,,,,,,,,,1.3989e-06,,,,,,,,,,,
codebook1024/seed3407_transnet_transnet,exps/COST2100/in/encoder_canonical/codebook1024/seed3407_transnet_transnet,codebook1024,encoder,3407,transnet,transnet,,400,256,0.0002,0.001,,,,1.0,0.0,,,none,0.0,mse,0.0,0.0,0.0,0.0,codebook,exps/COST2100/in/encoder_canonical/codebook1024/seed3407_transnet_transnet/codewords/train_code.pt,True,True,10199,False,False,False,False,-23.838,400,-23.838,1.8643e-06,-23.838,True,-23.838,400.0,400.0,1.5066e-06,,,1.8517e-06,,,,,,,,,,,,1.8517e-06,,,,,,,,,,,
codebook1024/seed42_transnet_transnet,exps/COST2100/in/encoder_canonical/codebook1024/seed42_transnet_transnet,codebook1024,encoder,42,transnet,transnet,,400,256,0.0002,0.001,,,,1.0,0.0,,,none,0.0,mse,0.0,0.0,0.0,0.0,codebook,exps/COST2100/in/encoder_canonical/codebook1024/seed42_transnet_transnet/codewords/train_code.pt,True,True,10199,False,False,False,False,-25.308,400,-25.308,1.333e-06,-25.308,True,-25.308,400.0,400.0,1.1187e-06,,,1.2976e-06,,,,,,,,,,,,1.2976e-06,,,,,,,,,,,
codebook1024/seed796_transnet_transnet,exps/COST2100/in/encoder_canonical/codebook1024/seed796_transnet_transnet,codebook1024,encoder,796,transnet,transnet,,400,256,0.0002,0.001,,,,1.0,0.0,,,none,0.0,mse,0.0,0.0,0.0,0.0,codebook,exps/COST2100/in/encoder_canonical/codebook1024/seed796_transnet_transnet/codewords/train_code.pt,True,True,10199,False,False,False,False,-25.154,390,-25.117,1.3878e-06,-25.117,True,-25.117,400.0,400.0,1.1448e-06,,,1.3733e-06,,,,,,,,,,,,1.3733e-06,,,,,,,,,,,
codebook1024_dct_reg/seed1024_transnet_transnet,exps/COST2100/in/encoder_canonical/codebook1024_dct_reg/seed1024_transnet_transnet,codebook1024_dct_reg,encoder,1024,transnet,transnet,,400,256,0.0002,0.001,,,,1.0,0.0,,,dct,0.001,mse,0.0001,0.0,0.0001,0.0,codebook,exps/COST2100/in/encoder_canonical/codebook1024_dct_reg/seed1024_transnet_transnet/codewords/train_code.pt,True,True,10200,False,False,False,False,-15.073,280,-15.028,1.4178e-05,-15.028,True,-15.028,400.0,400.0,8.6892e-06,,,1.4178e-05,,,,,,,,,,,,1.4178e-05,,,,,,,,,,0.10132,1.5808e-10
codebook1024_dct_reg/seed2026_transnet_transnet,exps/COST2100/in/encoder_canonical/codebook1024_dct_reg/seed2026_transnet_transnet,codebook1024_dct_reg,encoder,2026,transnet,transnet,,400,256,0.0002,0.001,,,,1.0,0.0,,,dct,0.001,mse,0.0001,0.0,0.0001,0.0,codebook,exps/COST2100/in/encoder_canonical/codebook1024_dct_reg/seed2026_transnet_transnet/codewords/train_code.pt,True,True,10200,False,False,False,False,-14.957,330,-14.783,1.4995e-05,-14.783,True,-14.783,400.0,400.0,8.803e-06,,,1.4976e-05,,,,,,,,,,,,1.4976e-05,,,,,,,,,,0.099733,1.7597e-10
codebook1024_dct_reg/seed3407_transnet_transnet,exps/COST2100/in/encoder_canonical/codebook1024_dct_reg/seed3407_transnet_transnet,codebook1024_dct_reg,encoder,3407,transnet,transnet,,400,256,0.0002,0.001,,,,1.0,0.0,,,dct,0.001,mse,0.0001,0.0,0.0001,0.0,codebook,exps/COST2100/in/encoder_canonical/codebook1024_dct_reg/seed3407_transnet_transnet/codewords/train_code.pt,True,True,10200,False,False,False,False,-14.799,260,-14.736,1.5167e-05,-14.736,True,-14.736,400.0,400.0,9.19e-06,,,1.5178e-05,,,,,,,,,,,,1.5178e-05,,,,,,,,,,0.099484,1.5702e-10
codebook1024_dct_reg/seed42_transnet_transnet,exps/COST2100/in/encoder_canonical/codebook1024_dct_reg/seed42_transnet_transnet,codebook1024_dct_reg,encoder,42,transnet,transnet,,400,256,0.0002,0.001,,,,1.0,0.0,,,dct,0.001,mse,0.0001,0.0,0.0001,0.0,codebook,exps/COST2100/in/encoder_canonical/codebook1024_dct_reg/seed42_transnet_transnet/codewords/train_code.pt,True,True,10200,False,False,False,False,-14.846,310,-14.731,1.5178e-05,-14.731,True,-14.731,400.0,400.0,9.0567e-06,,,1.5121e-05,,,,,,,,,,,,1.5121e-05,,,,,,,,,,0.099526,1.8153e-10
codebook1024_dct_reg/seed796_transnet_transnet,exps/COST2100/in/encoder_canonical/codebook1024_dct_reg/seed796_transnet_transnet,codebook1024_dct_reg,encoder,796,transnet,transnet,,400,256,0.0002,0.001,,,,1.0,0.0,,,dct,0.001,mse,0.0001,0.0,0.0001,0.0,codebook,exps/COST2100/in/encoder_canonical/codebook1024_dct_reg/seed796_transnet_transnet/codewords/train_code.pt,True,True,10200,False,False,False,False,-14.874,310,-14.764,1.5053e-05,-14.764,True,-14.764,400.0,400.0,9.1924e-06,,,1.5052e-05,,,,,,,,,,,,1.5052e-05,,,,,,,,,,0.10005,1.6046e-10
fixed_q/seed1024_transnet_transnet,exps/COST2100/in/encoder_canonical/fixed_q/seed1024_transnet_transnet,fixed_q,encoder,1024,transnet,transnet,,400,256,0.0002,0.001,,,,1.0,0.0,,,none,0.0,mse,0.0,0.0,0.0,0.0,fixed_q_lowrank,exps/COST2100/in/encoder_canonical/fixed_q/seed1024_transnet_transnet/codewords/train_code.pt,True,True,10197,False,False,False,False,-21.671,400,-21.671,3.0722e-06,-21.671,True,-21.671,400.0,400.0,2.5537e-06,,,3.0556e-06,,,,,,,,,,,,3.0556e-06,,,,,,,,,,,
fixed_q/seed2026_transnet_transnet,exps/COST2100/in/encoder_canonical/fixed_q/seed2026_transnet_transnet,fixed_q,encoder,2026,transnet,transnet,,400,256,0.0002,0.001,,,,1.0,0.0,,,none,0.0,mse,0.0,0.0,0.0,0.0,fixed_q_lowrank,exps/COST2100/in/encoder_canonical/fixed_q/seed2026_transnet_transnet/codewords/train_code.pt,True,True,10197,False,False,False,False,-20.863,400,-20.863,3.6941e-06,-20.863,True,-20.863,400.0,400.0,2.8131e-06,,,3.6926e-06,,,,,,,,,,,,3.6926e-06,,,,,,,,,,,
fixed_q/seed3407_transnet_transnet,exps/COST2100/in/encoder_canonical/fixed_q/seed3407_transnet_transnet,fixed_q,encoder,3407,transnet,transnet,,400,256,0.0002,0.001,,,,1.0,0.0,,,none,0.0,mse,0.0,0.0,0.0,0.0,fixed_q_lowrank,exps/COST2100/in/encoder_canonical/fixed_q/seed3407_transnet_transnet/codewords/train_code.pt,True,True,10197,False,False,False,False,-20.528,400,-20.528,3.9971e-06,-20.528,True,-20.528,400.0,400.0,2.9194e-06,,,4.0127e-06,,,,,,,,,,,,4.0127e-06,,,,,,,,,,,
fixed_q/seed42_transnet_transnet,exps/COST2100/in/encoder_canonical/fixed_q/seed42_transnet_transnet,fixed_q,encoder,42,transnet,transnet,,400,256,0.0002,0.001,,,,1.0,0.0,,,none,0.0,mse,0.0,0.0,0.0,0.0,fixed_q_lowrank,exps/COST2100/in/encoder_canonical/fixed_q/seed42_transnet_transnet/codewords/train_code.pt,True,True,10197,False,False,False,False,-20.025,380,-20.02,4.4919e-06,-20.02,True,-20.02,400.0,400.0,3.8596e-06,,,4.5009e-06,,,,,,,,,,,,4.5009e-06,,,,,,,,,,,
fixed_q/seed796_transnet_transnet,exps/COST2100/in/encoder_canonical/fixed_q/seed796_transnet_transnet,fixed_q,encoder,796,transnet,transnet,,400,256,0.0002,0.001,,,,1.0,0.0,,,none,0.0,mse,0.0,0.0,0.0,0.0,fixed_q_lowrank,exps/COST2100/in/encoder_canonical/fixed_q/seed796_transnet_transnet/codewords/train_code.pt,True,True,10197,False,False,False,False,-21.351,400,-21.351,3.3107e-06,-21.351,True,-21.351,400.0,400.0,2.7455e-06,,,3.2975e-06,,,,,,,,,,,,3.2975e-06,,,,,,,,,,,
fixed_q_rank16/seed1024_transnet_transnet,exps/COST2100/in/encoder_canonical/fixed_q_rank16/seed1024_transnet_transnet,fixed_q_rank16,encoder,1024,transnet,transnet,,400,256,0.0002,0.001,,,,1.0,0.0,,,none,0.0,mse,0.0,0.0,0.0,0.0,fixed_q_lowrank,exps/COST2100/in/encoder_canonical/fixed_q_rank16/seed1024_transnet_transnet/codewords/train_code.pt,True,True,10202,False,False,False,False,-21.863,400,-21.863,2.9375e-06,-21.863,True,-21.863,400.0,400.0,2.1011e-06,,,2.8605e-06,,,,,,,,,,,,2.8605e-06,,,,,,,,,,,
fixed_q_rank16/seed2026_transnet_transnet,exps/COST2100/in/encoder_canonical/fixed_q_rank16/seed2026_transnet_transnet,fixed_q_rank16,encoder,2026,transnet,transnet,,400,256,0.0002,0.001,,,,1.0,0.0,,,none,0.0,mse,0.0,0.0,0.0,0.0,fixed_q_lowrank,exps/COST2100/in/encoder_canonical/fixed_q_rank16/seed2026_transnet_transnet/codewords/train_code.pt,True,True,10202,False,False,False,False,-22.846,400,-22.846,2.3499e-06,-22.846,True,-22.846,400.0,400.0,1.7678e-06,,,2.3064e-06,,,,,,,,,,,,2.3064e-06,,,,,,,,,,,
fixed_q_rank16/seed3407_transnet_transnet,exps/COST2100/in/encoder_canonical/fixed_q_rank16/seed3407_transnet_transnet,fixed_q_rank16,encoder,3407,transnet,transnet,,400,256,0.0002,0.001,,,,1.0,0.0,,,none,0.0,mse,0.0,0.0,0.0,0.0,fixed_q_lowrank,exps/COST2100/in/encoder_canonical/fixed_q_rank16/seed3407_transnet_transnet/codewords/train_code.pt,True,True,10202,False,False,False,False,-22.411,400,-22.411,2.5893e-06,-22.411,True,-22.411,400.0,400.0,1.9661e-06,,,2.5449e-06,,,,,,,,,,,,2.5449e-06,,,,,,,,,,,
fixed_q_rank16/seed42_transnet_transnet,exps/COST2100/in/encoder_canonical/fixed_q_rank16/seed42_transnet_transnet,fixed_q_rank16,encoder,42,transnet,transnet,,400,256,0.0002,0.001,,,,1.0,0.0,,,none,0.0,mse,0.0,0.0,0.0,0.0,fixed_q_lowrank,exps/COST2100/in/encoder_canonical/fixed_q_rank16/seed42_transnet_transnet/codewords/train_code.pt,True,True,10202,False,False,False,False,-21.924,400,-21.924,2.9022e-06,-21.924,True,-21.924,400.0,400.0,2.201e-06,,,2.8497e-06,,,,,,,,,,,,2.8497e-06,,,,,,,,,,,
fixed_q_rank16/seed796_transnet_transnet,exps/COST2100/in/encoder_canonical/fixed_q_rank16/seed796_transnet_transnet,fixed_q_rank16,encoder,796,transnet,transnet,,400,256,0.0002,0.001,,,,1.0,0.0,,,none,0.0,mse,0.0,0.0,0.0,0.0,fixed_q_lowrank,exps/COST2100/in/encoder_canonical/fixed_q_rank16/seed796_transnet_transnet/codewords/train_code.pt,True,True,10202,False,False,False,False,-21.994,400,-21.994,2.8567e-06,-21.994,True,-21.994,400.0,400.0,2.2453e-06,,,2.8055e-06,,,,,,,,,,,,2.8055e-06,,,,,,,,,,,
fixed_q_rank16_code_reg/seed1024_transnet_transnet,exps/COST2100/in/encoder_canonical/fixed_q_rank16_code_reg/seed1024_transnet_transnet,fixed_q_rank16_code_reg,encoder,1024,transnet,transnet,,400,256,0.0002,0.001,,,,1.0,0.0,,,none,0.0,mse,0.0001,0.0001,0.0001,0.0,fixed_q_lowrank,exps/COST2100/in/encoder_canonical/fixed_q_rank16_code_reg/seed1024_transnet_transnet/codewords/train_code.pt,True,True,10202,False,False,False,False,-22.321,400,-22.321,2.6414e-06,-22.321,True,-22.321,400.0,400.0,1.7145e-06,,,2.6182e-06,,,,,,,,,,,,2.6182e-06,,,,,,,,,,,2.2493e-06
fixed_q_rank16_code_reg/seed2026_transnet_transnet,exps/COST2100/in/encoder_canonical/fixed_q_rank16_code_reg/seed2026_transnet_transnet,fixed_q_rank16_code_reg,encoder,2026,transnet,transnet,,400,256,0.0002,0.001,,,,1.0,0.0,,,none,0.0,mse,0.0001,0.0001,0.0001,0.0,fixed_q_lowrank,exps/COST2100/in/encoder_canonical/fixed_q_rank16_code_reg/seed2026_transnet_transnet/codewords/train_code.pt,True,True,10202,False,False,False,False,-22.186,400,-22.186,2.7301e-06,-22.186,True,-22.186,400.0,400.0,1.6835e-06,,,2.7115e-06,,,,,,,,,,,,2.7115e-06,,,,,,,,,,,2.2801e-06
fixed_q_rank16_code_reg/seed3407_transnet_transnet,exps/COST2100/in/encoder_canonical/fixed_q_rank16_code_reg/seed3407_transnet_transnet,fixed_q_rank16_code_reg,encoder,3407,transnet,transnet,,400,256,0.0002,0.001,,,,1.0,0.0,,,none,0.0,mse,0.0001,0.0001,0.0001,0.0,fixed_q_lowrank,exps/COST2100/in/encoder_canonical/fixed_q_rank16_code_reg/seed3407_transnet_transnet/codewords/train_code.pt,True,True,10202,False,False,False,False,-22.741,400,-22.741,2.3994e-06,-22.741,True,-22.741,400.0,400.0,1.5601e-06,,,2.3791e-06,,,,,,,,,,,,2.3791e-06,,,,,,,,,,,2.2166e-06
fixed_q_rank16_code_reg/seed42_transnet_transnet,exps/COST2100/in/encoder_canonical/fixed_q_rank16_code_reg/seed42_transnet_transnet,fixed_q_rank16_code_reg,encoder,42,transnet,transnet,,400,256,0.0002,0.001,,,,1.0,0.0,,,none,0.0,mse,0.0001,0.0001,0.0001,0.0,fixed_q_lowrank,exps/COST2100/in/encoder_canonical/fixed_q_rank16_code_reg/seed42_transnet_transnet/codewords/train_code.pt,True,True,10202,False,False,False,False,-22.146,400,-22.146,2.7507e-06,-22.146,True,-22.146,400.0,400.0,1.6476e-06,,,2.6993e-06,,,,,,,,,,,,2.6993e-06,,,,,,,,,,,2.2477e-06
fixed_q_rank16_code_reg/seed796_transnet_transnet,exps/COST2100/in/encoder_canonical/fixed_q_rank16_code_reg/seed796_transnet_transnet,fixed_q_rank16_code_reg,encoder,796,transnet,transnet,,400,256,0.0002,0.001,,,,1.0,0.0,,,none,0.0,mse,0.0001,0.0001,0.0001,0.0,fixed_q_lowrank,exps/COST2100/in/encoder_canonical/fixed_q_rank16_code_reg/seed796_transnet_transnet/codewords/train_code.pt,True,True,10202,False,False,False,False,-22.132,400,-22.132,2.7616e-06,-22.132,True,-22.132,400.0,400.0,1.6434e-06,,,2.7171e-06,,,,,,,,,,,,2.7171e-06,,,,,,,,,,,2.2391e-06
fixed_q_rank16_pca/seed1024_transnet_transnet,exps/COST2100/in/encoder_canonical/fixed_q_rank16_pca/seed1024_transnet_transnet,fixed_q_rank16_pca,encoder,1024,transnet,transnet,,400,256,0.0002,0.001,,,,1.0,0.0,,,pca,0.001,mse,0.0,0.0,0.0,0.0,fixed_q_lowrank,exps/COST2100/in/encoder_canonical/fixed_q_rank16_pca/seed1024_transnet_transnet/codewords/train_code.pt,True,True,10203,False,False,False,False,-13.093,270,-12.953,2.2858e-05,-12.953,True,-12.953,400.0,400.0,1.7527e-05,,,2.2882e-05,,,,,,,,,,,,2.2882e-05,,,,,,,,,,0.56245,
fixed_q_rank16_pca/seed2026_transnet_transnet,exps/COST2100/in/encoder_canonical/fixed_q_rank16_pca/seed2026_transnet_transnet,fixed_q_rank16_pca,encoder,2026,transnet,transnet,,400,256,0.0002,0.001,,,,1.0,0.0,,,pca,0.001,mse,0.0,0.0,0.0,0.0,fixed_q_lowrank,exps/COST2100/in/encoder_canonical/fixed_q_rank16_pca/seed2026_transnet_transnet/codewords/train_code.pt,True,True,10203,False,False,False,False,-12.944,270,-12.85,2.3385e-05,-12.85,True,-12.85,400.0,400.0,1.7667e-05,,,2.3444e-05,,,,,,,,,,,,2.3444e-05,,,,,,,,,,0.56391,
fixed_q_rank16_pca/seed3407_transnet_transnet,exps/COST2100/in/encoder_canonical/fixed_q_rank16_pca/seed3407_transnet_transnet,fixed_q_rank16_pca,encoder,3407,transnet,transnet,,400,256,0.0002,0.001,,,,1.0,0.0,,,pca,0.001,mse,0.0,0.0,0.0,0.0,fixed_q_lowrank,exps/COST2100/in/encoder_canonical/fixed_q_rank16_pca/seed3407_transnet_transnet/codewords/train_code.pt,True,True,10203,False,False,False,False,-13.121,260,-12.972,2.2744e-05,-12.972,True,-12.972,400.0,400.0,1.7284e-05,,,2.2855e-05,,,,,,,,,,,,2.2855e-05,,,,,,,,,,0.56256,
fixed_q_rank16_pca/seed42_transnet_transnet,exps/COST2100/in/encoder_canonical/fixed_q_rank16_pca/seed42_transnet_transnet,fixed_q_rank16_pca,encoder,42,transnet,transnet,,400,256,0.0002,0.001,,,,1.0,0.0,,,pca,0.001,mse,0.0,0.0,0.0,0.0,fixed_q_lowrank,exps/COST2100/in/encoder_canonical/fixed_q_rank16_pca/seed42_transnet_transnet/codewords/train_code.pt,True,True,10203,False,False,False,False,-13.086,200,-12.874,2.328e-05,-12.874,True,-12.874,400.0,400.0,1.7448e-05,,,2.3397e-05,,,,,,,,,,,,2.3397e-05,,,,,,,,,,0.55825,
fixed_q_rank16_pca/seed796_transnet_transnet,exps/COST2100/in/encoder_canonical/fixed_q_rank16_pca/seed796_transnet_transnet,fixed_q_rank16_pca,encoder,796,transnet,transnet,,400,256,0.0002,0.001,,,,1.0,0.0,,,pca,0.001,mse,0.0,0.0,0.0,0.0,fixed_q_lowrank,exps/COST2100/in/encoder_canonical/fixed_q_rank16_pca/seed796_transnet_transnet/codewords/train_code.pt,True,True,10203,False,False,False,False,-13.123,220,-12.909,2.3095e-05,-12.909,True,-12.909,400.0,400.0,1.7451e-05,,,2.3137e-05,,,,,,,,,,,,2.3137e-05,,,,,,,,,,0.55434,
