I 07.11/03:47:36 logger.py:152 ] => Experiment directory: adapter/exps/exp7/42_enc_target_l3_rs0p5_rec700
I 07.11/03:47:36 logger.py:71  ] => Runtime Context:
I 07.11/03:47:36 logger.py:72  ]    cwd: /storage/hujiacong/zxd/Huawei/UniversalCSI
I 07.11/03:47:36 logger.py:73  ]    pid: 1280718
I 07.11/03:47:36 logger.py:74  ]    command: adapter/train_multi_adapter.py --config_dir adapter/configs/exp7/1 --start_gap_seconds 2 --torch_num_threads 2
I 07.11/03:47:36 logger.py:75  ]    python: 3.11.14 (main, Oct 21 2025, 18:31:21) [GCC 11.2.0]
I 07.11/03:47:36 logger.py:76  ]    pytorch: 2.5.1
I 07.11/03:47:36 logger.py:77  ]    cuda_available: True
I 07.11/03:47:36 logger.py:79  ]    cuda_version: 12.1
I 07.11/03:47:36 logger.py:81  ]    CUDA_VISIBLE_DEVICES: 1
I 07.11/03:47:36 logger.py:91  ]    current_device: not initialized yet
I 07.11/03:47:36 logger.py:63  ] => Arguments:
{
  "adaptive_gate_hidden": 128,
  "align_ridge": 0.0,
  "batch_size": 1024,
  "channel": 2,
  "code_loss_type": "mse",
  "cpu": false,
  "cr": 4,
  "d_model": 64,
  "decoder": "transnet",
  "decoder_args_json": "exps/COST2100/in/base/seed1024/transnet_transnet/args.json",
  "decoder_checkpoint": "exps/COST2100/in/base/seed1024/transnet_transnet/checkpoints/best_nmse.pth",
  "decoder_num_blocks": 2,
  "dim_feedforward": 2048,
  "dropout": 0.0,
  "encoder": "transnet",
  "encoder_args_json": "exps/COST2100/in/base/seed1024/transnet_transnet/args.json",
  "encoder_checkpoint": "exps/COST2100/in/base/seed1024/transnet_transnet/checkpoints/best_nmse.pth",
  "encoder_consistency_target": "target",
  "epochs": 400,
  "eta_min": 0.0001,
  "eval_every": 10,
  "exp_arch": "transnet",
  "exp_dir": "adapter/exps/exp7/42_enc_target_l3_rs0p5_rec700",
  "exp_name": "code1.0_rec700.0_lr0.0005_ep400_block_norm_ridge0.0_ta1_rs0.5_h512_enc3.0_target",
  "exp_seed": "seed1014",
  "export_codewords": true,
  "final_gate_init": 1.0,
  "final_gate_max": 1.5,
  "gate_l1": 0.0,
  "gate_max": 1.0,
  "gate_mode": "block",
  "gpu": 1,
  "hidden": 16,
  "hidden_dim": 512,
  "lambda_code": 1.0,
  "lambda_encoder_consistency": 3.0,
  "lambda_feature": 0.0,
  "lambda_recon": 700.0,
  "learnable_residual_gate": false,
  "lowrank_rank": 64,
  "lr": 0.0005,
  "mapper_type": "affine_residual_mlp",
  "max_eval_samples": 0,
  "max_train_samples": 0,
  "nc": 32,
  "no_block_norm": false,
  "nt": 32,
  "num_blocks": 4,
  "residual_scale": 0.5,
  "scheduler": "cosine",
  "seed": 1024,
  "source_decoder": "transnet",
  "source_encoder": "transnet",
  "source_exp": "exps/COST2100/in/base/seed1014/transnet_transnet",
  "source_seed": 1014,
  "source_test_code": null,
  "source_train_code": null,
  "source_val_code": null,
  "std_weight_eps": 1e-06,
  "std_weight_max": 4.0,
  "std_weight_min": 0.25,
  "target_decoder": "transnet",
  "target_decoder_exp": "exps/COST2100/in/base/seed1024/transnet_transnet",
  "target_encoder": "transnet",
  "target_exp": "exps/COST2100/in/base/seed1024/transnet_transnet",
  "target_seed": 1024,
  "target_test_code": null,
  "target_train_code": null,
  "target_val_code": null,
  "test_csi": "/storage/hujiacong/zxd/datasets/cost2100/in_test.pt",
  "train_affine": true,
  "train_csi": "/storage/hujiacong/zxd/datasets/cost2100/in_train.pt",
  "use_final_norm": false,
  "val_csi": "/storage/hujiacong/zxd/datasets/cost2100/in_val.pt",
  "weight_decay": 0.0001,
  "workers": 0
}
I 07.11/03:47:36 train_adapter.py:640 ] => Device: cuda
I 07.11/03:47:38 train_adapter.py:646 ] => Loaded frozen target encoder for consistency loss: lambda=3.0 target=target
I 07.11/03:47:39 train_adapter.py:664 ] => train dataset: source=(100000, 512) target=(100000, 512) csi=(100000, 2, 32, 32) n=100000
I 07.11/03:47:39 train_adapter.py:664 ] => val dataset: source=(30000, 512) target=(30000, 512) csi=(30000, 2, 32, 32) n=30000
I 07.11/03:47:39 train_adapter.py:664 ] => test dataset: source=(20000, 512) target=(20000, 512) csi=(20000, 2, 32, 32) n=20000
I 07.11/03:47:41 logger.py:146 ] 
name                                                              grad          shape   numel
----                                                              ----          -----   -----
alignment_weight                                                  True     (512, 512) 262,144
alignment_bias                                                    True         (512,)     512
blocks.0.norm.weight                                              True         (512,)     512
blocks.0.norm.bias                                                True         (512,)     512
blocks.0.net.0.weight                                             True     (512, 512) 262,144
blocks.0.net.0.bias                                               True         (512,)     512
blocks.0.net.3.weight                                             True     (512, 512) 262,144
blocks.0.net.3.bias                                               True         (512,)     512
blocks.1.norm.weight                                              True         (512,)     512
blocks.1.norm.bias                                                True         (512,)     512
blocks.1.net.0.weight                                             True     (512, 512) 262,144
blocks.1.net.0.bias                                               True         (512,)     512
blocks.1.net.3.weight                                             True     (512, 512) 262,144
blocks.1.net.3.bias                                               True         (512,)     512
blocks.2.norm.weight                                              True         (512,)     512
blocks.2.norm.bias                                                True         (512,)     512
blocks.2.net.0.weight                                             True     (512, 512) 262,144
blocks.2.net.0.bias                                               True         (512,)     512
blocks.2.net.3.weight                                             True     (512, 512) 262,144
blocks.2.net.3.bias                                               True         (512,)     512
blocks.3.norm.weight                                              True         (512,)     512
blocks.3.norm.bias                                                True         (512,)     512
blocks.3.net.0.weight                                             True     (512, 512) 262,144
blocks.3.net.0.bias                                               True         (512,)     512
blocks.3.net.3.weight                                             True     (512, 512) 262,144
blocks.3.net.3.bias                                               True         (512,)     512
**********
total=2,368,000, trainable=2,368,000, frozen=0
I 07.11/03:47:42 train_adapter.py:793 ] => Optimizer: AdamW lr=0.0005 weight_decay=0.0001 scheduler=cosine eta_min=0.0001
I 07.11/03:47:42 train_adapter.py:796 ] => Loss: type=mse lambda_code=1.0 lambda_feature=0.0 lambda_recon=700.0 lambda_encoder_consistency=3.0 encoder_consistency_target=target
I 07.11/03:47:56 train_adapter.py:916 ] Epoch [1/400] lr=1.250000e-05 train_loss=5.087778e-02 train_code_loss=1.237359e-02 train_code_mse=1.237359e-02 train_code_nmse=-16.431dB train_cos=0.989461 train_recon_mse=7.046059e-06 train_decoder_nmse=-18.066dB delta_ratio=1.197292e-02
I 07.11/03:48:10 train_adapter.py:916 ] Epoch [2/400] lr=2.500000e-05 train_loss=5.007868e-02 train_code_loss=1.236792e-02 train_code_mse=1.236792e-02 train_code_nmse=-16.433dB train_cos=0.989475 train_recon_mse=6.857471e-06 train_decoder_nmse=-18.184dB delta_ratio=1.657890e-02
I 07.11/03:48:24 train_adapter.py:916 ] Epoch [3/400] lr=3.750000e-05 train_loss=4.888209e-02 train_code_loss=1.218139e-02 train_code_mse=1.218139e-02 train_code_nmse=-16.499dB train_cos=0.989647 train_recon_mse=6.631349e-06 train_decoder_nmse=-18.330dB delta_ratio=2.494993e-02
I 07.11/03:48:38 train_adapter.py:916 ] Epoch [4/400] lr=5.000000e-05 train_loss=4.741315e-02 train_code_loss=1.191087e-02 train_code_mse=1.191087e-02 train_code_nmse=-16.596dB train_cos=0.989882 train_recon_mse=6.368834e-06 train_decoder_nmse=-18.505dB delta_ratio=3.605176e-02
I 07.11/03:48:52 train_adapter.py:916 ] Epoch [5/400] lr=6.250000e-05 train_loss=4.578212e-02 train_code_loss=1.158996e-02 train_code_mse=1.158996e-02 train_code_nmse=-16.715dB train_cos=0.990156 train_recon_mse=6.081214e-06 train_decoder_nmse=-18.706dB delta_ratio=4.577323e-02
I 07.11/03:49:06 train_adapter.py:916 ] Epoch [6/400] lr=7.500000e-05 train_loss=4.425655e-02 train_code_loss=1.127682e-02 train_code_mse=1.127682e-02 train_code_nmse=-16.834dB train_cos=0.990420 train_recon_mse=5.820689e-06 train_decoder_nmse=-18.896dB delta_ratio=5.694162e-02
I 07.11/03:49:20 train_adapter.py:916 ] Epoch [7/400] lr=8.750000e-05 train_loss=4.278289e-02 train_code_loss=1.096500e-02 train_code_mse=1.096500e-02 train_code_nmse=-16.956dB train_cos=0.990680 train_recon_mse=5.573867e-06 train_decoder_nmse=-19.084dB delta_ratio=6.357531e-02
I 07.11/03:49:34 train_adapter.py:916 ] Epoch [8/400] lr=1.000000e-04 train_loss=4.132895e-02 train_code_loss=1.065083e-02 train_code_mse=1.065083e-02 train_code_nmse=-17.082dB train_cos=0.990943 train_recon_mse=5.333449e-06 train_decoder_nmse=-19.276dB delta_ratio=7.005174e-02
I 07.11/03:49:47 train_adapter.py:916 ] Epoch [9/400] lr=1.125000e-04 train_loss=3.989325e-02 train_code_loss=1.033341e-02 train_code_mse=1.033341e-02 train_code_nmse=-17.213dB train_cos=0.991210 train_recon_mse=5.097097e-06 train_decoder_nmse=-19.473dB delta_ratio=7.801102e-02
I 07.11/03:50:04 train_adapter.py:864 ] Epoch [10/400] val code_loss=1.034396e-02 code_mse=1.034396e-02 code_nmse=-17.216dB cos=0.991245 decoder_mse=5.178299e-06 decoder_nmse=-19.408dB n=30000
I 07.11/03:50:05 train_adapter.py:864 ] Epoch [10/400] test code_loss=1.044176e-02 code_mse=1.044176e-02 code_nmse=-17.176dB cos=0.991177 decoder_mse=5.292558e-06 decoder_nmse=-19.314dB n=20000
I 07.11/03:50:05 train_adapter.py:916 ] Epoch [10/400] lr=1.250000e-04 train_loss=3.847110e-02 train_code_loss=1.001518e-02 train_code_mse=1.001518e-02 train_code_nmse=-17.349dB train_cos=0.991478 train_recon_mse=4.866975e-06 train_decoder_nmse=-19.673dB delta_ratio=8.329752e-02
I 07.11/03:50:19 train_adapter.py:916 ] Epoch [11/400] lr=1.375000e-04 train_loss=3.709145e-02 train_code_loss=9.700688e-03 train_code_mse=9.700688e-03 train_code_nmse=-17.488dB train_cos=0.991742 train_recon_mse=4.647723e-06 train_decoder_nmse=-19.873dB delta_ratio=9.023870e-02
I 07.11/03:50:33 train_adapter.py:916 ] Epoch [12/400] lr=1.500000e-04 train_loss=3.579694e-02 train_code_loss=9.404345e-03 train_code_mse=9.404345e-03 train_code_nmse=-17.622dB train_cos=0.991992 train_recon_mse=4.449841e-06 train_decoder_nmse=-20.062dB delta_ratio=9.415167e-02
I 07.11/03:50:47 train_adapter.py:916 ] Epoch [13/400] lr=1.625000e-04 train_loss=3.458559e-02 train_code_loss=9.120676e-03 train_code_mse=9.120676e-03 train_code_nmse=-17.755dB train_cos=0.992231 train_recon_mse=4.274078e-06 train_decoder_nmse=-20.237dB delta_ratio=1.001907e-01
I 07.11/03:51:00 train_adapter.py:916 ] Epoch [14/400] lr=1.750000e-04 train_loss=3.343822e-02 train_code_loss=8.853673e-03 train_code_mse=8.853673e-03 train_code_nmse=-17.884dB train_cos=0.992457 train_recon_mse=4.113054e-06 train_decoder_nmse=-20.404dB delta_ratio=1.043814e-01
I 07.11/03:51:14 train_adapter.py:916 ] Epoch [15/400] lr=1.875000e-04 train_loss=3.236877e-02 train_code_loss=8.599907e-03 train_code_mse=8.599907e-03 train_code_nmse=-18.011dB train_cos=0.992672 train_recon_mse=3.968749e-06 train_decoder_nmse=-20.559dB delta_ratio=1.068320e-01
I 07.11/03:51:28 train_adapter.py:916 ] Epoch [16/400] lr=2.000000e-04 train_loss=3.137666e-02 train_code_loss=8.362397e-03 train_code_mse=8.362397e-03 train_code_nmse=-18.132dB train_cos=0.992872 train_recon_mse=3.841276e-06 train_decoder_nmse=-20.701dB delta_ratio=1.101509e-01
I 07.11/03:51:42 train_adapter.py:916 ] Epoch [17/400] lr=2.125000e-04 train_loss=3.046179e-02 train_code_loss=8.141109e-03 train_code_mse=8.141109e-03 train_code_nmse=-18.249dB train_cos=0.993059 train_recon_mse=3.728124e-06 train_decoder_nmse=-20.831dB delta_ratio=1.150656e-01
I 07.11/03:51:56 train_adapter.py:916 ] Epoch [18/400] lr=2.250000e-04 train_loss=2.961196e-02 train_code_loss=7.933846e-03 train_code_mse=7.933846e-03 train_code_nmse=-18.361dB train_cos=0.993233 train_recon_mse=3.623350e-06 train_decoder_nmse=-20.955dB delta_ratio=1.169010e-01
I 07.11/03:52:09 train_adapter.py:916 ] Epoch [19/400] lr=2.375000e-04 train_loss=2.881247e-02 train_code_loss=7.739011e-03 train_code_mse=7.739011e-03 train_code_nmse=-18.469dB train_cos=0.993398 train_recon_mse=3.529961e-06 train_decoder_nmse=-21.068dB delta_ratio=1.205041e-01
I 07.11/03:52:26 train_adapter.py:864 ] Epoch [20/400] val code_loss=8.238373e-03 code_mse=8.238373e-03 code_nmse=-18.204dB cos=0.993052 decoder_mse=3.984492e-06 decoder_nmse=-20.546dB n=30000
I 07.11/03:52:27 train_adapter.py:864 ] Epoch [20/400] test code_loss=8.303525e-03 code_mse=8.303525e-03 code_nmse=-18.172dB cos=0.993004 decoder_mse=4.067747e-06 decoder_nmse=-20.457dB n=20000
I 07.11/03:52:27 train_adapter.py:916 ] Epoch [20/400] lr=2.500000e-04 train_loss=2.805671e-02 train_code_loss=7.555650e-03 train_code_mse=7.555650e-03 train_code_nmse=-18.573dB train_cos=0.993553 train_recon_mse=3.438594e-06 train_decoder_nmse=-21.182dB delta_ratio=1.203054e-01
I 07.11/03:52:41 train_adapter.py:916 ] Epoch [21/400] lr=2.625000e-04 train_loss=2.733278e-02 train_code_loss=7.378648e-03 train_code_mse=7.378648e-03 train_code_nmse=-18.676dB train_cos=0.993702 train_recon_mse=3.355869e-06 train_decoder_nmse=-21.288dB delta_ratio=1.240056e-01
I 07.11/03:52:55 train_adapter.py:916 ] Epoch [22/400] lr=2.750000e-04 train_loss=2.663054e-02 train_code_loss=7.207606e-03 train_code_mse=7.207606e-03 train_code_nmse=-18.778dB train_cos=0.993846 train_recon_mse=3.274767e-06 train_decoder_nmse=-21.394dB delta_ratio=1.295586e-01
I 07.11/03:53:09 train_adapter.py:916 ] Epoch [23/400] lr=2.875000e-04 train_loss=2.596080e-02 train_code_loss=7.043208e-03 train_code_mse=7.043208e-03 train_code_nmse=-18.878dB train_cos=0.993985 train_recon_mse=3.198975e-06 train_decoder_nmse=-21.496dB delta_ratio=1.290541e-01
I 07.11/03:53:23 train_adapter.py:916 ] Epoch [24/400] lr=3.000000e-04 train_loss=2.530427e-02 train_code_loss=6.883323e-03 train_code_mse=6.883323e-03 train_code_nmse=-18.978dB train_cos=0.994119 train_recon_mse=3.127112e-06 train_decoder_nmse=-21.594dB delta_ratio=1.311951e-01
I 07.11/03:53:36 train_adapter.py:916 ] Epoch [25/400] lr=3.125000e-04 train_loss=2.468158e-02 train_code_loss=6.731840e-03 train_code_mse=6.731840e-03 train_code_nmse=-19.074dB train_cos=0.994248 train_recon_mse=3.056661e-06 train_decoder_nmse=-21.693dB delta_ratio=1.342925e-01
I 07.11/03:53:50 train_adapter.py:916 ] Epoch [26/400] lr=3.250000e-04 train_loss=2.408342e-02 train_code_loss=6.583957e-03 train_code_mse=6.583957e-03 train_code_nmse=-19.171dB train_cos=0.994372 train_recon_mse=2.992668e-06 train_decoder_nmse=-21.785dB delta_ratio=1.364201e-01
I 07.11/03:54:04 train_adapter.py:916 ] Epoch [27/400] lr=3.375000e-04 train_loss=2.352987e-02 train_code_loss=6.448401e-03 train_code_mse=6.448401e-03 train_code_nmse=-19.261dB train_cos=0.994485 train_recon_mse=2.932137e-06 train_decoder_nmse=-21.874dB delta_ratio=1.387410e-01
I 07.11/03:54:18 train_adapter.py:916 ] Epoch [28/400] lr=3.500000e-04 train_loss=2.299193e-02 train_code_loss=6.317795e-03 train_code_mse=6.317795e-03 train_code_nmse=-19.350dB train_cos=0.994594 train_recon_mse=2.871241e-06 train_decoder_nmse=-21.965dB delta_ratio=1.433112e-01
I 07.11/03:54:32 train_adapter.py:916 ] Epoch [29/400] lr=3.625000e-04 train_loss=2.249101e-02 train_code_loss=6.192668e-03 train_code_mse=6.192668e-03 train_code_nmse=-19.437dB train_cos=0.994699 train_recon_mse=2.819168e-06 train_decoder_nmse=-22.045dB delta_ratio=1.440956e-01
I 07.11/03:54:48 train_adapter.py:864 ] Epoch [30/400] val code_loss=6.953669e-03 code_mse=6.953669e-03 code_nmse=-18.941dB cos=0.994158 decoder_mse=3.420052e-06 decoder_nmse=-21.210dB n=30000
I 07.11/03:54:49 train_adapter.py:864 ] Epoch [30/400] test code_loss=6.993729e-03 code_mse=6.993729e-03 code_nmse=-18.917dB cos=0.994128 decoder_mse=3.474757e-06 decoder_nmse=-21.142dB n=20000
I 07.11/03:54:49 train_adapter.py:916 ] Epoch [30/400] lr=3.750000e-04 train_loss=2.200557e-02 train_code_loss=6.072643e-03 train_code_mse=6.072643e-03 train_code_nmse=-19.522dB train_cos=0.994800 train_recon_mse=2.766328e-06 train_decoder_nmse=-22.127dB delta_ratio=1.467658e-01
I 07.11/03:55:03 train_adapter.py:916 ] Epoch [31/400] lr=3.875000e-04 train_loss=2.154707e-02 train_code_loss=5.960088e-03 train_code_mse=5.960088e-03 train_code_nmse=-19.603dB train_cos=0.994894 train_recon_mse=2.714457e-06 train_decoder_nmse=-22.209dB delta_ratio=1.522487e-01
I 07.11/03:55:17 train_adapter.py:916 ] Epoch [32/400] lr=4.000000e-04 train_loss=2.112967e-02 train_code_loss=5.854976e-03 train_code_mse=5.854976e-03 train_code_nmse=-19.680dB train_cos=0.994982 train_recon_mse=2.671502e-06 train_decoder_nmse=-22.278dB delta_ratio=1.537448e-01
I 07.11/03:55:31 train_adapter.py:916 ] Epoch [33/400] lr=4.125000e-04 train_loss=2.071914e-02 train_code_loss=5.753182e-03 train_code_mse=5.753182e-03 train_code_nmse=-19.757dB train_cos=0.995067 train_recon_mse=2.626726e-06 train_decoder_nmse=-22.352dB delta_ratio=1.575362e-01
I 07.11/03:55:45 train_adapter.py:916 ] Epoch [34/400] lr=4.250000e-04 train_loss=2.035103e-02 train_code_loss=5.660780e-03 train_code_mse=5.660780e-03 train_code_nmse=-19.827dB train_cos=0.995144 train_recon_mse=2.587150e-06 train_decoder_nmse=-22.418dB delta_ratio=1.620562e-01
I 07.11/03:55:59 train_adapter.py:916 ] Epoch [35/400] lr=4.375000e-04 train_loss=2.001772e-02 train_code_loss=5.577812e-03 train_code_mse=5.577812e-03 train_code_nmse=-19.891dB train_cos=0.995212 train_recon_mse=2.549454e-06 train_decoder_nmse=-22.481dB delta_ratio=1.619944e-01
I 07.11/03:56:13 train_adapter.py:916 ] Epoch [36/400] lr=4.500000e-04 train_loss=1.967096e-02 train_code_loss=5.489687e-03 train_code_mse=5.489687e-03 train_code_nmse=-19.960dB train_cos=0.995286 train_recon_mse=2.513868e-06 train_decoder_nmse=-22.542dB delta_ratio=1.705591e-01
I 07.11/03:56:27 train_adapter.py:916 ] Epoch [37/400] lr=4.625000e-04 train_loss=1.937282e-02 train_code_loss=5.417234e-03 train_code_mse=5.417234e-03 train_code_nmse=-20.018dB train_cos=0.995346 train_recon_mse=2.479660e-06 train_decoder_nmse=-22.602dB delta_ratio=1.728436e-01
I 07.11/03:56:41 train_adapter.py:916 ] Epoch [38/400] lr=4.750000e-04 train_loss=1.907308e-02 train_code_loss=5.342001e-03 train_code_mse=5.342001e-03 train_code_nmse=-20.079dB train_cos=0.995408 train_recon_mse=2.448120e-06 train_decoder_nmse=-22.657dB delta_ratio=1.759921e-01
I 07.11/03:56:54 train_adapter.py:916 ] Epoch [39/400] lr=4.875000e-04 train_loss=1.879932e-02 train_code_loss=5.273161e-03 train_code_mse=5.273161e-03 train_code_nmse=-20.135dB train_cos=0.995466 train_recon_mse=2.419048e-06 train_decoder_nmse=-22.709dB delta_ratio=1.843871e-01
I 07.11/03:57:10 train_adapter.py:864 ] Epoch [40/400] val code_loss=6.172374e-03 code_mse=6.172374e-03 code_nmse=-19.458dB cos=0.994825 decoder_mse=3.092075e-06 decoder_nmse=-21.648dB n=30000
I 07.11/03:57:12 train_adapter.py:864 ] Epoch [40/400] test code_loss=6.206903e-03 code_mse=6.206903e-03 code_nmse=-19.435dB cos=0.994799 decoder_mse=3.136380e-06 decoder_nmse=-21.587dB n=20000
I 07.11/03:57:12 train_adapter.py:916 ] Epoch [40/400] lr=5.000000e-04 train_loss=1.854336e-02 train_code_loss=5.208484e-03 train_code_mse=5.208484e-03 train_code_nmse=-20.189dB train_cos=0.995520 train_recon_mse=2.390305e-06 train_decoder_nmse=-22.761dB delta_ratio=1.882301e-01
I 07.11/03:57:26 train_adapter.py:916 ] Epoch [41/400] lr=4.999924e-04 train_loss=1.827872e-02 train_code_loss=5.141663e-03 train_code_mse=5.141663e-03 train_code_nmse=-20.245dB train_cos=0.995575 train_recon_mse=2.361777e-06 train_decoder_nmse=-22.813dB delta_ratio=1.984204e-01
I 07.11/03:57:40 train_adapter.py:916 ] Epoch [42/400] lr=4.999695e-04 train_loss=1.802044e-02 train_code_loss=5.075870e-03 train_code_mse=5.075870e-03 train_code_nmse=-20.301dB train_cos=0.995630 train_recon_mse=2.332985e-06 train_decoder_nmse=-22.867dB delta_ratio=2.008321e-01
I 07.11/03:57:54 train_adapter.py:916 ] Epoch [43/400] lr=4.999315e-04 train_loss=1.777411e-02 train_code_loss=5.013383e-03 train_code_mse=5.013383e-03 train_code_nmse=-20.354dB train_cos=0.995682 train_recon_mse=2.306062e-06 train_decoder_nmse=-22.917dB delta_ratio=2.102588e-01
I 07.11/03:58:08 train_adapter.py:916 ] Epoch [44/400] lr=4.998782e-04 train_loss=1.751955e-02 train_code_loss=4.948915e-03 train_code_mse=4.948915e-03 train_code_nmse=-20.411dB train_cos=0.995736 train_recon_mse=2.277347e-06 train_decoder_nmse=-22.972dB delta_ratio=2.183971e-01
I 07.11/03:58:22 train_adapter.py:916 ] Epoch [45/400] lr=4.998096e-04 train_loss=1.730400e-02 train_code_loss=4.894236e-03 train_code_mse=4.894236e-03 train_code_nmse=-20.459dB train_cos=0.995782 train_recon_mse=2.253389e-06 train_decoder_nmse=-23.017dB delta_ratio=2.273950e-01
I 07.11/03:58:36 train_adapter.py:916 ] Epoch [46/400] lr=4.997259e-04 train_loss=1.710469e-02 train_code_loss=4.843211e-03 train_code_mse=4.843211e-03 train_code_nmse=-20.504dB train_cos=0.995824 train_recon_mse=2.231491e-06 train_decoder_nmse=-23.060dB delta_ratio=2.328222e-01
I 07.11/03:58:49 train_adapter.py:916 ] Epoch [47/400] lr=4.996270e-04 train_loss=1.689127e-02 train_code_loss=4.788463e-03 train_code_mse=4.788463e-03 train_code_nmse=-20.554dB train_cos=0.995871 train_recon_mse=2.208745e-06 train_decoder_nmse=-23.104dB delta_ratio=2.439646e-01
I 07.11/03:59:03 train_adapter.py:916 ] Epoch [48/400] lr=4.995128e-04 train_loss=1.671994e-02 train_code_loss=4.745766e-03 train_code_mse=4.745766e-03 train_code_nmse=-20.593dB train_cos=0.995906 train_recon_mse=2.189493e-06 train_decoder_nmse=-23.142dB delta_ratio=2.515161e-01
I 07.11/03:59:17 train_adapter.py:916 ] Epoch [49/400] lr=4.993835e-04 train_loss=1.654262e-02 train_code_loss=4.701355e-03 train_code_mse=4.701355e-03 train_code_nmse=-20.633dB train_cos=0.995943 train_recon_mse=2.167769e-06 train_decoder_nmse=-23.186dB delta_ratio=2.557412e-01
I 07.11/03:59:33 train_adapter.py:864 ] Epoch [50/400] val code_loss=5.719781e-03 code_mse=5.719781e-03 code_nmse=-19.789dB cos=0.995217 decoder_mse=2.893272e-06 decoder_nmse=-21.936dB n=30000
I 07.11/03:59:34 train_adapter.py:864 ] Epoch [50/400] test code_loss=5.758005e-03 code_mse=5.758005e-03 code_nmse=-19.761dB cos=0.995189 decoder_mse=2.932883e-06 decoder_nmse=-21.878dB n=20000
I 07.11/03:59:35 train_adapter.py:916 ] Epoch [50/400] lr=4.992389e-04 train_loss=1.637996e-02 train_code_loss=4.658736e-03 train_code_mse=4.658736e-03 train_code_nmse=-20.673dB train_cos=0.995978 train_recon_mse=2.152019e-06 train_decoder_nmse=-23.217dB delta_ratio=2.655939e-01
I 07.11/03:59:48 train_adapter.py:916 ] Epoch [51/400] lr=4.990792e-04 train_loss=1.620809e-02 train_code_loss=4.615325e-03 train_code_mse=4.615325e-03 train_code_nmse=-20.714dB train_cos=0.996015 train_recon_mse=2.131732e-06 train_decoder_nmse=-23.258dB delta_ratio=2.736323e-01
I 07.11/04:00:02 train_adapter.py:916 ] Epoch [52/400] lr=4.989044e-04 train_loss=1.606479e-02 train_code_loss=4.580168e-03 train_code_mse=4.580168e-03 train_code_nmse=-20.747dB train_cos=0.996044 train_recon_mse=2.114985e-06 train_decoder_nmse=-23.293dB delta_ratio=2.803842e-01
I 07.11/04:00:16 train_adapter.py:916 ] Epoch [53/400] lr=4.987144e-04 train_loss=1.592977e-02 train_code_loss=4.544887e-03 train_code_mse=4.544887e-03 train_code_nmse=-20.781dB train_cos=0.996074 train_recon_mse=2.101599e-06 train_decoder_nmse=-23.320dB delta_ratio=2.868172e-01
I 07.11/04:00:31 train_adapter.py:916 ] Epoch [54/400] lr=4.985092e-04 train_loss=1.578804e-02 train_code_loss=4.508711e-03 train_code_mse=4.508711e-03 train_code_nmse=-20.815dB train_cos=0.996104 train_recon_mse=2.083613e-06 train_decoder_nmse=-23.358dB delta_ratio=3.003852e-01
I 07.11/04:00:45 train_adapter.py:916 ] Epoch [55/400] lr=4.982890e-04 train_loss=1.566028e-02 train_code_loss=4.476663e-03 train_code_mse=4.476663e-03 train_code_nmse=-20.846dB train_cos=0.996130 train_recon_mse=2.069911e-06 train_decoder_nmse=-23.386dB delta_ratio=3.065646e-01
I 07.11/04:00:59 train_adapter.py:916 ] Epoch [56/400] lr=4.980536e-04 train_loss=1.554005e-02 train_code_loss=4.446758e-03 train_code_mse=4.446758e-03 train_code_nmse=-20.875dB train_cos=0.996155 train_recon_mse=2.056377e-06 train_decoder_nmse=-23.415dB delta_ratio=3.096918e-01
I 07.11/04:01:12 train_adapter.py:916 ] Epoch [57/400] lr=4.978032e-04 train_loss=1.544343e-02 train_code_loss=4.420948e-03 train_code_mse=4.420948e-03 train_code_nmse=-20.901dB train_cos=0.996176 train_recon_mse=2.044994e-06 train_decoder_nmse=-23.439dB delta_ratio=3.129587e-01
I 07.11/04:01:26 train_adapter.py:916 ] Epoch [58/400] lr=4.975377e-04 train_loss=1.532203e-02 train_code_loss=4.389785e-03 train_code_mse=4.389785e-03 train_code_nmse=-20.931dB train_cos=0.996203 train_recon_mse=2.031584e-06 train_decoder_nmse=-23.467dB delta_ratio=3.215339e-01
I 07.11/04:01:40 train_adapter.py:916 ] Epoch [59/400] lr=4.972571e-04 train_loss=1.520148e-02 train_code_loss=4.360553e-03 train_code_mse=4.360553e-03 train_code_nmse=-20.960dB train_cos=0.996227 train_recon_mse=2.017719e-06 train_decoder_nmse=-23.497dB delta_ratio=3.275842e-01
I 07.11/04:01:56 train_adapter.py:864 ] Epoch [60/400] val code_loss=5.479055e-03 code_mse=5.479055e-03 code_nmse=-19.976dB cos=0.995424 decoder_mse=2.776211e-06 decoder_nmse=-22.116dB n=30000
I 07.11/04:01:58 train_adapter.py:864 ] Epoch [60/400] test code_loss=5.519341e-03 code_mse=5.519341e-03 code_nmse=-19.945dB cos=0.995396 decoder_mse=2.818826e-06 decoder_nmse=-22.050dB n=20000
I 07.11/04:01:58 train_adapter.py:916 ] Epoch [60/400] lr=4.969616e-04 train_loss=1.510578e-02 train_code_loss=4.337075e-03 train_code_mse=4.337075e-03 train_code_nmse=-20.984dB train_cos=0.996246 train_recon_mse=2.006301e-06 train_decoder_nmse=-23.522dB delta_ratio=3.350076e-01
I 07.11/04:02:12 train_adapter.py:916 ] Epoch [61/400] lr=4.966510e-04 train_loss=1.501035e-02 train_code_loss=4.311043e-03 train_code_mse=4.311043e-03 train_code_nmse=-21.010dB train_cos=0.996269 train_recon_mse=1.995950e-06 train_decoder_nmse=-23.544dB delta_ratio=3.401790e-01
I 07.11/04:02:26 train_adapter.py:916 ] Epoch [62/400] lr=4.963254e-04 train_loss=1.491848e-02 train_code_loss=4.288103e-03 train_code_mse=4.288103e-03 train_code_nmse=-21.033dB train_cos=0.996287 train_recon_mse=1.984665e-06 train_decoder_nmse=-23.569dB delta_ratio=3.433010e-01
I 07.11/04:02:39 train_adapter.py:916 ] Epoch [63/400] lr=4.959849e-04 train_loss=1.483809e-02 train_code_loss=4.267945e-03 train_code_mse=4.267945e-03 train_code_nmse=-21.054dB train_cos=0.996303 train_recon_mse=1.975816e-06 train_decoder_nmse=-23.588dB delta_ratio=3.473108e-01
I 07.11/04:02:53 train_adapter.py:916 ] Epoch [64/400] lr=4.956295e-04 train_loss=1.473443e-02 train_code_loss=4.240796e-03 train_code_mse=4.240796e-03 train_code_nmse=-21.081dB train_cos=0.996327 train_recon_mse=1.965278e-06 train_decoder_nmse=-23.612dB delta_ratio=3.569729e-01
I 07.11/04:03:07 train_adapter.py:916 ] Epoch [65/400] lr=4.952592e-04 train_loss=1.465484e-02 train_code_loss=4.220584e-03 train_code_mse=4.220584e-03 train_code_nmse=-21.102dB train_cos=0.996344 train_recon_mse=1.955207e-06 train_decoder_nmse=-23.634dB delta_ratio=3.622049e-01
I 07.11/04:03:21 train_adapter.py:916 ] Epoch [66/400] lr=4.948740e-04 train_loss=1.457500e-02 train_code_loss=4.200358e-03 train_code_mse=4.200358e-03 train_code_nmse=-21.123dB train_cos=0.996361 train_recon_mse=1.946278e-06 train_decoder_nmse=-23.654dB delta_ratio=3.652257e-01
I 07.11/04:03:35 train_adapter.py:916 ] Epoch [67/400] lr=4.944740e-04 train_loss=1.449424e-02 train_code_loss=4.180212e-03 train_code_mse=4.180212e-03 train_code_nmse=-21.144dB train_cos=0.996377 train_recon_mse=1.936377e-06 train_decoder_nmse=-23.676dB delta_ratio=3.692347e-01
I 07.11/04:03:49 train_adapter.py:916 ] Epoch [68/400] lr=4.940591e-04 train_loss=1.443467e-02 train_code_loss=4.163479e-03 train_code_mse=4.163479e-03 train_code_nmse=-21.161dB train_cos=0.996391 train_recon_mse=1.930283e-06 train_decoder_nmse=-23.690dB delta_ratio=3.717139e-01
I 07.11/04:04:03 train_adapter.py:916 ] Epoch [69/400] lr=4.936295e-04 train_loss=1.435045e-02 train_code_loss=4.143022e-03 train_code_mse=4.143022e-03 train_code_nmse=-21.183dB train_cos=0.996408 train_recon_mse=1.921877e-06 train_decoder_nmse=-23.709dB delta_ratio=3.759344e-01
I 07.11/04:04:19 train_adapter.py:864 ] Epoch [70/400] val code_loss=5.316289e-03 code_mse=5.316289e-03 code_nmse=-20.107dB cos=0.995568 decoder_mse=2.696137e-06 decoder_nmse=-22.243dB n=30000
I 07.11/04:04:20 train_adapter.py:864 ] Epoch [70/400] test code_loss=5.350966e-03 code_mse=5.350966e-03 code_nmse=-20.080dB cos=0.995544 decoder_mse=2.735899e-06 decoder_nmse=-22.180dB n=20000
I 07.11/04:04:20 train_adapter.py:916 ] Epoch [70/400] lr=4.931852e-04 train_loss=1.428080e-02 train_code_loss=4.124882e-03 train_code_mse=4.124882e-03 train_code_nmse=-21.202dB train_cos=0.996422 train_recon_mse=1.912668e-06 train_decoder_nmse=-23.729dB delta_ratio=3.793087e-01
I 07.11/04:04:34 train_adapter.py:916 ] Epoch [71/400] lr=4.927261e-04 train_loss=1.419311e-02 train_code_loss=4.104363e-03 train_code_mse=4.104363e-03 train_code_nmse=-21.223dB train_cos=0.996440 train_recon_mse=1.902428e-06 train_decoder_nmse=-23.753dB delta_ratio=3.828129e-01
I 07.11/04:04:48 train_adapter.py:916 ] Epoch [72/400] lr=4.922523e-04 train_loss=1.414086e-02 train_code_loss=4.090832e-03 train_code_mse=4.090832e-03 train_code_nmse=-21.238dB train_cos=0.996451 train_recon_mse=1.897149e-06 train_decoder_nmse=-23.765dB delta_ratio=3.842421e-01
I 07.11/04:05:02 train_adapter.py:916 ] Epoch [73/400] lr=4.917639e-04 train_loss=1.408234e-02 train_code_loss=4.076110e-03 train_code_mse=4.076110e-03 train_code_nmse=-21.253dB train_cos=0.996463 train_recon_mse=1.890772e-06 train_decoder_nmse=-23.779dB delta_ratio=3.949535e-01
I 07.11/04:05:16 train_adapter.py:916 ] Epoch [74/400] lr=4.912610e-04 train_loss=1.400494e-02 train_code_loss=4.055598e-03 train_code_mse=4.055598e-03 train_code_nmse=-21.275dB train_cos=0.996481 train_recon_mse=1.880840e-06 train_decoder_nmse=-23.802dB delta_ratio=3.955082e-01
I 07.11/04:05:30 train_adapter.py:916 ] Epoch [75/400] lr=4.907434e-04 train_loss=1.396401e-02 train_code_loss=4.044508e-03 train_code_mse=4.044508e-03 train_code_nmse=-21.287dB train_cos=0.996490 train_recon_mse=1.877117e-06 train_decoder_nmse=-23.811dB delta_ratio=4.004800e-01
I 07.11/04:05:44 train_adapter.py:916 ] Epoch [76/400] lr=4.902113e-04 train_loss=1.386870e-02 train_code_loss=4.021437e-03 train_code_mse=4.021437e-03 train_code_nmse=-21.312dB train_cos=0.996510 train_recon_mse=1.865599e-06 train_decoder_nmse=-23.838dB delta_ratio=4.038529e-01
I 07.11/04:05:58 train_adapter.py:916 ] Epoch [77/400] lr=4.896647e-04 train_loss=1.383766e-02 train_code_loss=4.013202e-03 train_code_mse=4.013202e-03 train_code_nmse=-21.321dB train_cos=0.996516 train_recon_mse=1.862673e-06 train_decoder_nmse=-23.844dB delta_ratio=4.011524e-01
I 07.11/04:06:12 train_adapter.py:916 ] Epoch [78/400] lr=4.891037e-04 train_loss=1.377658e-02 train_code_loss=3.998264e-03 train_code_mse=3.998264e-03 train_code_nmse=-21.337dB train_cos=0.996529 train_recon_mse=1.855322e-06 train_decoder_nmse=-23.862dB delta_ratio=4.018525e-01
I 07.11/04:06:25 train_adapter.py:916 ] Epoch [79/400] lr=4.885283e-04 train_loss=1.374498e-02 train_code_loss=3.989803e-03 train_code_mse=3.989803e-03 train_code_nmse=-21.346dB train_cos=0.996535 train_recon_mse=1.853081e-06 train_decoder_nmse=-23.867dB delta_ratio=4.072329e-01
I 07.11/04:06:41 train_adapter.py:864 ] Epoch [80/400] val code_loss=5.209367e-03 code_mse=5.209367e-03 code_nmse=-20.195dB cos=0.995664 decoder_mse=2.640272e-06 decoder_nmse=-22.334dB n=30000
I 07.11/04:06:43 train_adapter.py:864 ] Epoch [80/400] test code_loss=5.248436e-03 code_mse=5.248436e-03 code_nmse=-20.164dB cos=0.995636 decoder_mse=2.682103e-06 decoder_nmse=-22.266dB n=20000
I 07.11/04:06:43 train_adapter.py:916 ] Epoch [80/400] lr=4.879385e-04 train_loss=1.368233e-02 train_code_loss=3.973978e-03 train_code_mse=3.973978e-03 train_code_nmse=-21.363dB train_cos=0.996549 train_recon_mse=1.845455e-06 train_decoder_nmse=-23.885dB delta_ratio=4.122830e-01
I 07.11/04:06:57 train_adapter.py:916 ] Epoch [81/400] lr=4.873344e-04 train_loss=1.362940e-02 train_code_loss=3.959290e-03 train_code_mse=3.959290e-03 train_code_nmse=-21.380dB train_cos=0.996561 train_recon_mse=1.839378e-06 train_decoder_nmse=-23.899dB delta_ratio=4.136360e-01
I 07.11/04:07:11 train_adapter.py:916 ] Epoch [82/400] lr=4.867161e-04 train_loss=1.356696e-02 train_code_loss=3.944489e-03 train_code_mse=3.944489e-03 train_code_nmse=-21.396dB train_cos=0.996573 train_recon_mse=1.832006e-06 train_decoder_nmse=-23.917dB delta_ratio=4.135600e-01
I 07.11/04:07:25 train_adapter.py:916 ] Epoch [83/400] lr=4.860835e-04 train_loss=1.352033e-02 train_code_loss=3.934923e-03 train_code_mse=3.934923e-03 train_code_nmse=-21.406dB train_cos=0.996581 train_recon_mse=1.826893e-06 train_decoder_nmse=-23.929dB delta_ratio=4.201768e-01
I 07.11/04:07:39 train_adapter.py:916 ] Epoch [84/400] lr=4.854368e-04 train_loss=1.347276e-02 train_code_loss=3.921358e-03 train_code_mse=3.921358e-03 train_code_nmse=-21.421dB train_cos=0.996593 train_recon_mse=1.821606e-06 train_decoder_nmse=-23.941dB delta_ratio=4.221914e-01
I 07.11/04:07:53 train_adapter.py:916 ] Epoch [85/400] lr=4.847759e-04 train_loss=1.343016e-02 train_code_loss=3.909250e-03 train_code_mse=3.909250e-03 train_code_nmse=-21.435dB train_cos=0.996603 train_recon_mse=1.817764e-06 train_decoder_nmse=-23.950dB delta_ratio=4.250386e-01
I 07.11/04:08:07 train_adapter.py:916 ] Epoch [86/400] lr=4.841010e-04 train_loss=1.337351e-02 train_code_loss=3.895704e-03 train_code_mse=3.895704e-03 train_code_nmse=-21.450dB train_cos=0.996614 train_recon_mse=1.810489e-06 train_decoder_nmse=-23.968dB delta_ratio=4.290294e-01
I 07.11/04:08:21 train_adapter.py:916 ] Epoch [87/400] lr=4.834120e-04 train_loss=1.334299e-02 train_code_loss=3.887596e-03 train_code_mse=3.887596e-03 train_code_nmse=-21.459dB train_cos=0.996621 train_recon_mse=1.806920e-06 train_decoder_nmse=-23.976dB delta_ratio=4.265827e-01
I 07.11/04:08:35 train_adapter.py:916 ] Epoch [88/400] lr=4.827091e-04 train_loss=1.328312e-02 train_code_loss=3.872011e-03 train_code_mse=3.872011e-03 train_code_nmse=-21.476dB train_cos=0.996634 train_recon_mse=1.800770e-06 train_decoder_nmse=-23.991dB delta_ratio=4.308089e-01
I 07.11/04:08:48 train_adapter.py:916 ] Epoch [89/400] lr=4.819923e-04 train_loss=1.324690e-02 train_code_loss=3.862756e-03 train_code_mse=3.862756e-03 train_code_nmse=-21.487dB train_cos=0.996642 train_recon_mse=1.796241e-06 train_decoder_nmse=-24.002dB delta_ratio=4.364847e-01
I 07.11/04:09:04 train_adapter.py:864 ] Epoch [90/400] val code_loss=5.122631e-03 code_mse=5.122631e-03 code_nmse=-20.268dB cos=0.995740 decoder_mse=2.585303e-06 decoder_nmse=-22.425dB n=30000
I 07.11/04:09:05 train_adapter.py:864 ] Epoch [90/400] test code_loss=5.163572e-03 code_mse=5.163572e-03 code_nmse=-20.235dB cos=0.995709 decoder_mse=2.624938e-06 decoder_nmse=-22.360dB n=20000
I 07.11/04:09:06 train_adapter.py:916 ] Epoch [90/400] lr=4.812616e-04 train_loss=1.319266e-02 train_code_loss=3.849554e-03 train_code_mse=3.849554e-03 train_code_nmse=-21.502dB train_cos=0.996653 train_recon_mse=1.791291e-06 train_decoder_nmse=-24.014dB delta_ratio=4.394152e-01
I 07.11/04:09:20 train_adapter.py:916 ] Epoch [91/400] lr=4.805171e-04 train_loss=1.315810e-02 train_code_loss=3.840632e-03 train_code_mse=3.840632e-03 train_code_nmse=-21.512dB train_cos=0.996660 train_recon_mse=1.787522e-06 train_decoder_nmse=-24.023dB delta_ratio=4.400302e-01
I 07.11/04:09:34 train_adapter.py:916 ] Epoch [92/400] lr=4.797588e-04 train_loss=1.310893e-02 train_code_loss=3.828205e-03 train_code_mse=3.828205e-03 train_code_nmse=-21.526dB train_cos=0.996671 train_recon_mse=1.780864e-06 train_decoder_nmse=-24.040dB delta_ratio=4.470078e-01
I 07.11/04:09:48 train_adapter.py:916 ] Epoch [93/400] lr=4.789869e-04 train_loss=1.309211e-02 train_code_loss=3.823184e-03 train_code_mse=3.823184e-03 train_code_nmse=-21.531dB train_cos=0.996675 train_recon_mse=1.779506e-06 train_decoder_nmse=-24.043dB delta_ratio=4.459968e-01
I 07.11/04:10:02 train_adapter.py:916 ] Epoch [94/400] lr=4.782013e-04 train_loss=1.303258e-02 train_code_loss=3.807367e-03 train_code_mse=3.807367e-03 train_code_nmse=-21.549dB train_cos=0.996688 train_recon_mse=1.772771e-06 train_decoder_nmse=-24.059dB delta_ratio=4.428790e-01
I 07.11/04:10:16 train_adapter.py:916 ] Epoch [95/400] lr=4.774022e-04 train_loss=1.300053e-02 train_code_loss=3.801222e-03 train_code_mse=3.801222e-03 train_code_nmse=-21.556dB train_cos=0.996693 train_recon_mse=1.769478e-06 train_decoder_nmse=-24.067dB delta_ratio=4.435237e-01
I 07.11/04:10:30 train_adapter.py:916 ] Epoch [96/400] lr=4.765895e-04 train_loss=1.295718e-02 train_code_loss=3.788569e-03 train_code_mse=3.788569e-03 train_code_nmse=-21.571dB train_cos=0.996704 train_recon_mse=1.764394e-06 train_decoder_nmse=-24.080dB delta_ratio=4.436926e-01
I 07.11/04:10:44 train_adapter.py:916 ] Epoch [97/400] lr=4.757634e-04 train_loss=1.291905e-02 train_code_loss=3.779589e-03 train_code_mse=3.779589e-03 train_code_nmse=-21.581dB train_cos=0.996712 train_recon_mse=1.760724e-06 train_decoder_nmse=-24.089dB delta_ratio=4.530026e-01
I 07.11/04:10:58 train_adapter.py:916 ] Epoch [98/400] lr=4.749239e-04 train_loss=1.288171e-02 train_code_loss=3.769166e-03 train_code_mse=3.769166e-03 train_code_nmse=-21.593dB train_cos=0.996721 train_recon_mse=1.756109e-06 train_decoder_nmse=-24.100dB delta_ratio=4.526395e-01
I 07.11/04:11:12 train_adapter.py:916 ] Epoch [99/400] lr=4.740711e-04 train_loss=1.285780e-02 train_code_loss=3.763181e-03 train_code_mse=3.763181e-03 train_code_nmse=-21.600dB train_cos=0.996725 train_recon_mse=1.753771e-06 train_decoder_nmse=-24.106dB delta_ratio=4.577863e-01
I 07.11/04:11:28 train_adapter.py:864 ] Epoch [100/400] val code_loss=5.062763e-03 code_mse=5.062763e-03 code_nmse=-20.319dB cos=0.995793 decoder_mse=2.554589e-06 decoder_nmse=-22.477dB n=30000
I 07.11/04:11:29 train_adapter.py:864 ] Epoch [100/400] test code_loss=5.101644e-03 code_mse=5.101644e-03 code_nmse=-20.287dB cos=0.995765 decoder_mse=2.592311e-06 decoder_nmse=-22.414dB n=20000
I 07.11/04:11:29 train_adapter.py:916 ] Epoch [100/400] lr=4.732051e-04 train_loss=1.281987e-02 train_code_loss=3.754264e-03 train_code_mse=3.754264e-03 train_code_nmse=-21.610dB train_cos=0.996733 train_recon_mse=1.750555e-06 train_decoder_nmse=-24.114dB delta_ratio=4.594773e-01
I 07.11/04:11:43 train_adapter.py:916 ] Epoch [101/400] lr=4.723258e-04 train_loss=1.277868e-02 train_code_loss=3.742613e-03 train_code_mse=3.742613e-03 train_code_nmse=-21.624dB train_cos=0.996743 train_recon_mse=1.746637e-06 train_decoder_nmse=-24.124dB delta_ratio=4.620361e-01
I 07.11/04:11:57 train_adapter.py:916 ] Epoch [102/400] lr=4.714335e-04 train_loss=1.275595e-02 train_code_loss=3.738097e-03 train_code_mse=3.738097e-03 train_code_nmse=-21.629dB train_cos=0.996746 train_recon_mse=1.743949e-06 train_decoder_nmse=-24.130dB delta_ratio=4.617390e-01
I 07.11/04:12:11 train_adapter.py:916 ] Epoch [103/400] lr=4.705280e-04 train_loss=1.272300e-02 train_code_loss=3.728659e-03 train_code_mse=3.728659e-03 train_code_nmse=-21.640dB train_cos=0.996754 train_recon_mse=1.739737e-06 train_decoder_nmse=-24.141dB delta_ratio=4.631749e-01
I 07.11/04:12:25 train_adapter.py:916 ] Epoch [104/400] lr=4.696096e-04 train_loss=1.267889e-02 train_code_loss=3.717515e-03 train_code_mse=3.717515e-03 train_code_nmse=-21.653dB train_cos=0.996764 train_recon_mse=1.735194e-06 train_decoder_nmse=-24.152dB delta_ratio=4.663054e-01
I 07.11/04:12:39 train_adapter.py:916 ] Epoch [105/400] lr=4.686783e-04 train_loss=1.267166e-02 train_code_loss=3.714730e-03 train_code_mse=3.714730e-03 train_code_nmse=-21.656dB train_cos=0.996766 train_recon_mse=1.733467e-06 train_decoder_nmse=-24.157dB delta_ratio=4.652704e-01
I 07.11/04:12:53 train_adapter.py:916 ] Epoch [106/400] lr=4.677341e-04 train_loss=1.260396e-02 train_code_loss=3.699001e-03 train_code_mse=3.699001e-03 train_code_nmse=-21.675dB train_cos=0.996780 train_recon_mse=1.726497e-06 train_decoder_nmse=-24.174dB delta_ratio=4.601475e-01
I 07.11/04:13:07 train_adapter.py:916 ] Epoch [107/400] lr=4.667772e-04 train_loss=1.257214e-02 train_code_loss=3.690720e-03 train_code_mse=3.690720e-03 train_code_nmse=-21.685dB train_cos=0.996787 train_recon_mse=1.722654e-06 train_decoder_nmse=-24.184dB delta_ratio=4.644765e-01
I 07.11/04:13:21 train_adapter.py:916 ] Epoch [108/400] lr=4.658075e-04 train_loss=1.256104e-02 train_code_loss=3.686951e-03 train_code_mse=3.686951e-03 train_code_nmse=-21.689dB train_cos=0.996790 train_recon_mse=1.722001e-06 train_decoder_nmse=-24.185dB delta_ratio=4.697341e-01
I 07.11/04:13:35 train_adapter.py:916 ] Epoch [109/400] lr=4.648252e-04 train_loss=1.252647e-02 train_code_loss=3.679072e-03 train_code_mse=3.679072e-03 train_code_nmse=-21.698dB train_cos=0.996797 train_recon_mse=1.717965e-06 train_decoder_nmse=-24.196dB delta_ratio=4.755937e-01
I 07.11/04:13:51 train_adapter.py:864 ] Epoch [110/400] val code_loss=4.996309e-03 code_mse=4.996309e-03 code_nmse=-20.376dB cos=0.995855 decoder_mse=2.520297e-06 decoder_nmse=-22.536dB n=30000
I 07.11/04:13:52 train_adapter.py:864 ] Epoch [110/400] test code_loss=5.033324e-03 code_mse=5.033324e-03 code_nmse=-20.346dB cos=0.995827 decoder_mse=2.554368e-06 decoder_nmse=-22.478dB n=20000
I 07.11/04:13:52 train_adapter.py:916 ] Epoch [110/400] lr=4.638304e-04 train_loss=1.249427e-02 train_code_loss=3.669218e-03 train_code_mse=3.669218e-03 train_code_nmse=-21.710dB train_cos=0.996805 train_recon_mse=1.715033e-06 train_decoder_nmse=-24.203dB delta_ratio=4.756344e-01
I 07.11/04:14:06 train_adapter.py:916 ] Epoch [111/400] lr=4.628231e-04 train_loss=1.246422e-02 train_code_loss=3.661923e-03 train_code_mse=3.661923e-03 train_code_nmse=-21.719dB train_cos=0.996811 train_recon_mse=1.711734e-06 train_decoder_nmse=-24.211dB delta_ratio=4.750449e-01
I 07.11/04:14:20 train_adapter.py:916 ] Epoch [112/400] lr=4.618034e-04 train_loss=1.243442e-02 train_code_loss=3.656551e-03 train_code_mse=3.656551e-03 train_code_nmse=-21.725dB train_cos=0.996816 train_recon_mse=1.707438e-06 train_decoder_nmse=-24.222dB delta_ratio=4.803826e-01
I 07.11/04:14:34 train_adapter.py:916 ] Epoch [113/400] lr=4.607714e-04 train_loss=1.241243e-02 train_code_loss=3.649945e-03 train_code_mse=3.649945e-03 train_code_nmse=-21.733dB train_cos=0.996821 train_recon_mse=1.705939e-06 train_decoder_nmse=-24.226dB delta_ratio=4.789255e-01
I 07.11/04:14:48 train_adapter.py:916 ] Epoch [114/400] lr=4.597271e-04 train_loss=1.239476e-02 train_code_loss=3.645522e-03 train_code_mse=3.645522e-03 train_code_nmse=-21.738dB train_cos=0.996825 train_recon_mse=1.704207e-06 train_decoder_nmse=-24.231dB delta_ratio=4.801807e-01
I 07.11/04:15:02 train_adapter.py:916 ] Epoch [115/400] lr=4.586707e-04 train_loss=1.236123e-02 train_code_loss=3.637542e-03 train_code_mse=3.637542e-03 train_code_nmse=-21.748dB train_cos=0.996832 train_recon_mse=1.701306e-06 train_decoder_nmse=-24.238dB delta_ratio=4.809878e-01
I 07.11/04:15:16 train_adapter.py:916 ] Epoch [116/400] lr=4.576022e-04 train_loss=1.231592e-02 train_code_loss=3.624545e-03 train_code_mse=3.624545e-03 train_code_nmse=-21.763dB train_cos=0.996843 train_recon_mse=1.695919e-06 train_decoder_nmse=-24.252dB delta_ratio=4.833252e-01
I 07.11/04:15:30 train_adapter.py:916 ] Epoch [117/400] lr=4.565216e-04 train_loss=1.228830e-02 train_code_loss=3.617797e-03 train_code_mse=3.617797e-03 train_code_nmse=-21.771dB train_cos=0.996848 train_recon_mse=1.692345e-06 train_decoder_nmse=-24.261dB delta_ratio=4.845194e-01
I 07.11/04:15:44 train_adapter.py:916 ] Epoch [118/400] lr=4.554292e-04 train_loss=1.228460e-02 train_code_loss=3.616255e-03 train_code_mse=3.616255e-03 train_code_nmse=-21.773dB train_cos=0.996850 train_recon_mse=1.691888e-06 train_decoder_nmse=-24.262dB delta_ratio=4.851221e-01
I 07.11/04:15:58 train_adapter.py:916 ] Epoch [119/400] lr=4.543249e-04 train_loss=1.224802e-02 train_code_loss=3.607337e-03 train_code_mse=3.607337e-03 train_code_nmse=-21.784dB train_cos=0.996858 train_recon_mse=1.687511e-06 train_decoder_nmse=-24.273dB delta_ratio=4.838515e-01
I 07.11/04:16:14 train_adapter.py:864 ] Epoch [120/400] val code_loss=4.946816e-03 code_mse=4.946816e-03 code_nmse=-20.419dB cos=0.995901 decoder_mse=2.492339e-06 decoder_nmse=-22.584dB n=30000
I 07.11/04:16:15 train_adapter.py:864 ] Epoch [120/400] test code_loss=4.983785e-03 code_mse=4.983785e-03 code_nmse=-20.389dB cos=0.995873 decoder_mse=2.529070e-06 decoder_nmse=-22.521dB n=20000
I 07.11/04:16:15 train_adapter.py:916 ] Epoch [120/400] lr=4.532089e-04 train_loss=1.220803e-02 train_code_loss=3.597572e-03 train_code_mse=3.597572e-03 train_code_nmse=-21.796dB train_cos=0.996866 train_recon_mse=1.684268e-06 train_decoder_nmse=-24.282dB delta_ratio=4.880316e-01
I 07.11/04:16:29 train_adapter.py:916 ] Epoch [121/400] lr=4.520812e-04 train_loss=1.221707e-02 train_code_loss=3.599171e-03 train_code_mse=3.599171e-03 train_code_nmse=-21.794dB train_cos=0.996864 train_recon_mse=1.686002e-06 train_decoder_nmse=-24.277dB delta_ratio=4.892762e-01
I 07.11/04:16:43 train_adapter.py:916 ] Epoch [122/400] lr=4.509419e-04 train_loss=1.218233e-02 train_code_loss=3.589948e-03 train_code_mse=3.589948e-03 train_code_nmse=-21.805dB train_cos=0.996872 train_recon_mse=1.682675e-06 train_decoder_nmse=-24.286dB delta_ratio=4.942309e-01
I 07.11/04:16:57 train_adapter.py:916 ] Epoch [123/400] lr=4.497911e-04 train_loss=1.214857e-02 train_code_loss=3.582488e-03 train_code_mse=3.582488e-03 train_code_nmse=-21.814dB train_cos=0.996878 train_recon_mse=1.677215e-06 train_decoder_nmse=-24.300dB delta_ratio=4.883098e-01
I 07.11/04:17:11 train_adapter.py:916 ] Epoch [124/400] lr=4.486290e-04 train_loss=1.211852e-02 train_code_loss=3.572862e-03 train_code_mse=3.572862e-03 train_code_nmse=-21.826dB train_cos=0.996886 train_recon_mse=1.673963e-06 train_decoder_nmse=-24.308dB delta_ratio=4.934689e-01
I 07.11/04:17:25 train_adapter.py:916 ] Epoch [125/400] lr=4.474555e-04 train_loss=1.209001e-02 train_code_loss=3.567690e-03 train_code_mse=3.567690e-03 train_code_nmse=-21.832dB train_cos=0.996891 train_recon_mse=1.670621e-06 train_decoder_nmse=-24.317dB delta_ratio=4.904581e-01
I 07.11/04:17:39 train_adapter.py:916 ] Epoch [126/400] lr=4.462707e-04 train_loss=1.206889e-02 train_code_loss=3.561912e-03 train_code_mse=3.561912e-03 train_code_nmse=-21.839dB train_cos=0.996896 train_recon_mse=1.668407e-06 train_decoder_nmse=-24.323dB delta_ratio=4.921852e-01
I 07.11/04:17:53 train_adapter.py:916 ] Epoch [127/400] lr=4.450749e-04 train_loss=1.203675e-02 train_code_loss=3.551969e-03 train_code_mse=3.551969e-03 train_code_nmse=-21.851dB train_cos=0.996905 train_recon_mse=1.665606e-06 train_decoder_nmse=-24.330dB delta_ratio=4.914559e-01
I 07.11/04:18:07 train_adapter.py:916 ] Epoch [128/400] lr=4.438680e-04 train_loss=1.203812e-02 train_code_loss=3.552079e-03 train_code_mse=3.552079e-03 train_code_nmse=-21.851dB train_cos=0.996904 train_recon_mse=1.664987e-06 train_decoder_nmse=-24.332dB delta_ratio=4.961772e-01
I 07.11/04:18:20 train_adapter.py:916 ] Epoch [129/400] lr=4.426501e-04 train_loss=1.200128e-02 train_code_loss=3.543105e-03 train_code_mse=3.543105e-03 train_code_nmse=-21.862dB train_cos=0.996913 train_recon_mse=1.661671e-06 train_decoder_nmse=-24.340dB delta_ratio=4.984805e-01
I 07.11/04:18:36 train_adapter.py:864 ] Epoch [130/400] val code_loss=4.901114e-03 code_mse=4.901114e-03 code_nmse=-20.460dB cos=0.995946 decoder_mse=2.474104e-06 decoder_nmse=-22.616dB n=30000
I 07.11/04:18:38 train_adapter.py:864 ] Epoch [130/400] test code_loss=4.934463e-03 code_mse=4.934463e-03 code_nmse=-20.432dB cos=0.995920 decoder_mse=2.507766e-06 decoder_nmse=-22.558dB n=20000
I 07.11/04:18:38 train_adapter.py:916 ] Epoch [130/400] lr=4.414214e-04 train_loss=1.197133e-02 train_code_loss=3.535359e-03 train_code_mse=3.535359e-03 train_code_nmse=-21.871dB train_cos=0.996919 train_recon_mse=1.658137e-06 train_decoder_nmse=-24.350dB delta_ratio=5.000871e-01
I 07.11/04:18:52 train_adapter.py:916 ] Epoch [131/400] lr=4.401819e-04 train_loss=1.194747e-02 train_code_loss=3.529631e-03 train_code_mse=3.529631e-03 train_code_nmse=-21.878dB train_cos=0.996924 train_recon_mse=1.656131e-06 train_decoder_nmse=-24.355dB delta_ratio=4.953385e-01
I 07.11/04:19:06 train_adapter.py:916 ] Epoch [132/400] lr=4.389317e-04 train_loss=1.192559e-02 train_code_loss=3.521791e-03 train_code_mse=3.521791e-03 train_code_nmse=-21.888dB train_cos=0.996930 train_recon_mse=1.654170e-06 train_decoder_nmse=-24.360dB delta_ratio=4.981735e-01
I 07.11/04:19:20 train_adapter.py:916 ] Epoch [133/400] lr=4.376709e-04 train_loss=1.189815e-02 train_code_loss=3.516581e-03 train_code_mse=3.516581e-03 train_code_nmse=-21.895dB train_cos=0.996934 train_recon_mse=1.650051e-06 train_decoder_nmse=-24.371dB delta_ratio=5.018474e-01
I 07.11/04:19:33 train_adapter.py:916 ] Epoch [134/400] lr=4.363997e-04 train_loss=1.187815e-02 train_code_loss=3.511185e-03 train_code_mse=3.511185e-03 train_code_nmse=-21.901dB train_cos=0.996939 train_recon_mse=1.647970e-06 train_decoder_nmse=-24.376dB delta_ratio=5.070212e-01
I 07.11/04:19:47 train_adapter.py:916 ] Epoch [135/400] lr=4.351180e-04 train_loss=1.186335e-02 train_code_loss=3.507986e-03 train_code_mse=3.507986e-03 train_code_nmse=-21.905dB train_cos=0.996942 train_recon_mse=1.647056e-06 train_decoder_nmse=-24.379dB delta_ratio=5.103382e-01
I 07.11/04:20:01 train_adapter.py:916 ] Epoch [136/400] lr=4.338261e-04 train_loss=1.184549e-02 train_code_loss=3.501979e-03 train_code_mse=3.501979e-03 train_code_nmse=-21.913dB train_cos=0.996947 train_recon_mse=1.645394e-06 train_decoder_nmse=-24.383dB delta_ratio=5.085952e-01
I 07.11/04:20:15 train_adapter.py:916 ] Epoch [137/400] lr=4.325240e-04 train_loss=1.182041e-02 train_code_loss=3.497102e-03 train_code_mse=3.497102e-03 train_code_nmse=-21.919dB train_cos=0.996952 train_recon_mse=1.642397e-06 train_decoder_nmse=-24.391dB delta_ratio=5.100613e-01
I 07.11/04:20:29 train_adapter.py:916 ] Epoch [138/400] lr=4.312118e-04 train_loss=1.180671e-02 train_code_loss=3.493547e-03 train_code_mse=3.493547e-03 train_code_nmse=-21.923dB train_cos=0.996955 train_recon_mse=1.640827e-06 train_decoder_nmse=-24.395dB delta_ratio=5.070881e-01
I 07.11/04:20:42 train_adapter.py:916 ] Epoch [139/400] lr=4.298896e-04 train_loss=1.178944e-02 train_code_loss=3.488773e-03 train_code_mse=3.488773e-03 train_code_nmse=-21.929dB train_cos=0.996958 train_recon_mse=1.638422e-06 train_decoder_nmse=-24.402dB delta_ratio=5.084897e-01
I 07.11/04:20:58 train_adapter.py:864 ] Epoch [140/400] val code_loss=4.863435e-03 code_mse=4.863435e-03 code_nmse=-20.493dB cos=0.995976 decoder_mse=2.453040e-06 decoder_nmse=-22.653dB n=30000
I 07.11/04:21:00 train_adapter.py:864 ] Epoch [140/400] test code_loss=4.892536e-03 code_mse=4.892536e-03 code_nmse=-20.469dB cos=0.995954 decoder_mse=2.483850e-06 decoder_nmse=-22.600dB n=20000
I 07.11/04:21:00 train_adapter.py:916 ] Epoch [140/400] lr=4.285575e-04 train_loss=1.176257e-02 train_code_loss=3.481970e-03 train_code_mse=3.481970e-03 train_code_nmse=-21.937dB train_cos=0.996964 train_recon_mse=1.636318e-06 train_decoder_nmse=-24.407dB delta_ratio=5.109507e-01
I 07.11/04:21:14 train_adapter.py:916 ] Epoch [141/400] lr=4.272156e-04 train_loss=1.173566e-02 train_code_loss=3.474176e-03 train_code_mse=3.474176e-03 train_code_nmse=-21.947dB train_cos=0.996971 train_recon_mse=1.633581e-06 train_decoder_nmse=-24.414dB delta_ratio=5.086868e-01
I 07.11/04:21:28 train_adapter.py:916 ] Epoch [142/400] lr=4.258641e-04 train_loss=1.170635e-02 train_code_loss=3.466602e-03 train_code_mse=3.466602e-03 train_code_nmse=-21.957dB train_cos=0.996977 train_recon_mse=1.630447e-06 train_decoder_nmse=-24.423dB delta_ratio=5.146294e-01
I 07.11/04:21:42 train_adapter.py:916 ] Epoch [143/400] lr=4.245029e-04 train_loss=1.169949e-02 train_code_loss=3.464091e-03 train_code_mse=3.464091e-03 train_code_nmse=-21.960dB train_cos=0.996979 train_recon_mse=1.629687e-06 train_decoder_nmse=-24.425dB delta_ratio=5.134581e-01
I 07.11/04:21:56 train_adapter.py:916 ] Epoch [144/400] lr=4.231323e-04 train_loss=1.170331e-02 train_code_loss=3.463665e-03 train_code_mse=3.463665e-03 train_code_nmse=-21.960dB train_cos=0.996979 train_recon_mse=1.630025e-06 train_decoder_nmse=-24.424dB delta_ratio=5.132689e-01
I 07.11/04:22:10 train_adapter.py:916 ] Epoch [145/400] lr=4.217523e-04 train_loss=1.164984e-02 train_code_loss=3.452172e-03 train_code_mse=3.452172e-03 train_code_nmse=-21.975dB train_cos=0.996990 train_recon_mse=1.624325e-06 train_decoder_nmse=-24.439dB delta_ratio=5.094039e-01
I 07.11/04:22:24 train_adapter.py:916 ] Epoch [146/400] lr=4.203630e-04 train_loss=1.163186e-02 train_code_loss=3.446496e-03 train_code_mse=3.446496e-03 train_code_nmse=-21.982dB train_cos=0.996995 train_recon_mse=1.621972e-06 train_decoder_nmse=-24.445dB delta_ratio=5.156402e-01
I 07.11/04:22:38 train_adapter.py:916 ] Epoch [147/400] lr=4.189646e-04 train_loss=1.161511e-02 train_code_loss=3.442649e-03 train_code_mse=3.442649e-03 train_code_nmse=-21.987dB train_cos=0.996998 train_recon_mse=1.620508e-06 train_decoder_nmse=-24.449dB delta_ratio=5.201914e-01
I 07.11/04:22:52 train_adapter.py:916 ] Epoch [148/400] lr=4.175571e-04 train_loss=1.160395e-02 train_code_loss=3.439860e-03 train_code_mse=3.439860e-03 train_code_nmse=-21.990dB train_cos=0.997000 train_recon_mse=1.619791e-06 train_decoder_nmse=-24.451dB delta_ratio=5.137150e-01
I 07.11/04:23:05 train_adapter.py:916 ] Epoch [149/400] lr=4.161406e-04 train_loss=1.158051e-02 train_code_loss=3.432929e-03 train_code_mse=3.432929e-03 train_code_nmse=-21.999dB train_cos=0.997006 train_recon_mse=1.616757e-06 train_decoder_nmse=-24.459dB delta_ratio=5.195505e-01
I 07.11/04:23:21 train_adapter.py:864 ] Epoch [150/400] val code_loss=4.830622e-03 code_mse=4.830622e-03 code_nmse=-20.523dB cos=0.996007 decoder_mse=2.433938e-06 decoder_nmse=-22.687dB n=30000
I 07.11/04:23:23 train_adapter.py:864 ] Epoch [150/400] test code_loss=4.863506e-03 code_mse=4.863506e-03 code_nmse=-20.495dB cos=0.995982 decoder_mse=2.466139e-06 decoder_nmse=-22.631dB n=20000
I 07.11/04:23:23 train_adapter.py:916 ] Epoch [150/400] lr=4.147153e-04 train_loss=1.155501e-02 train_code_loss=3.426572e-03 train_code_mse=3.426572e-03 train_code_nmse=-22.007dB train_cos=0.997012 train_recon_mse=1.614566e-06 train_decoder_nmse=-24.465dB delta_ratio=5.217267e-01
I 07.11/04:23:37 train_adapter.py:916 ] Epoch [151/400] lr=4.132812e-04 train_loss=1.153997e-02 train_code_loss=3.421835e-03 train_code_mse=3.421835e-03 train_code_nmse=-22.013dB train_cos=0.997016 train_recon_mse=1.612956e-06 train_decoder_nmse=-24.470dB delta_ratio=5.168175e-01
I 07.11/04:23:51 train_adapter.py:916 ] Epoch [152/400] lr=4.118386e-04 train_loss=1.152932e-02 train_code_loss=3.419861e-03 train_code_mse=3.419861e-03 train_code_nmse=-22.016dB train_cos=0.997017 train_recon_mse=1.611839e-06 train_decoder_nmse=-24.473dB delta_ratio=5.159001e-01
I 07.11/04:24:05 train_adapter.py:916 ] Epoch [153/400] lr=4.103874e-04 train_loss=1.150516e-02 train_code_loss=3.413292e-03 train_code_mse=3.413292e-03 train_code_nmse=-22.024dB train_cos=0.997023 train_recon_mse=1.610039e-06 train_decoder_nmse=-24.477dB delta_ratio=5.240773e-01
I 07.11/04:24:19 train_adapter.py:916 ] Epoch [154/400] lr=4.089278e-04 train_loss=1.148792e-02 train_code_loss=3.408601e-03 train_code_mse=3.408601e-03 train_code_nmse=-22.030dB train_cos=0.997027 train_recon_mse=1.607786e-06 train_decoder_nmse=-24.484dB delta_ratio=5.203655e-01
I 07.11/04:24:33 train_adapter.py:916 ] Epoch [155/400] lr=4.074599e-04 train_loss=1.147329e-02 train_code_loss=3.403492e-03 train_code_mse=3.403492e-03 train_code_nmse=-22.036dB train_cos=0.997031 train_recon_mse=1.606088e-06 train_decoder_nmse=-24.488dB delta_ratio=5.218633e-01
I 07.11/04:24:47 train_adapter.py:916 ] Epoch [156/400] lr=4.059839e-04 train_loss=1.144487e-02 train_code_loss=3.396853e-03 train_code_mse=3.396853e-03 train_code_nmse=-22.045dB train_cos=0.997037 train_recon_mse=1.603435e-06 train_decoder_nmse=-24.495dB delta_ratio=5.237367e-01
I 07.11/04:25:01 train_adapter.py:916 ] Epoch [157/400] lr=4.044997e-04 train_loss=1.142751e-02 train_code_loss=3.392083e-03 train_code_mse=3.392083e-03 train_code_nmse=-22.051dB train_cos=0.997041 train_recon_mse=1.601437e-06 train_decoder_nmse=-24.501dB delta_ratio=5.267201e-01
I 07.11/04:25:15 train_adapter.py:916 ] Epoch [158/400] lr=4.030076e-04 train_loss=1.142686e-02 train_code_loss=3.391273e-03 train_code_mse=3.391273e-03 train_code_nmse=-22.052dB train_cos=0.997042 train_recon_mse=1.602541e-06 train_decoder_nmse=-24.498dB delta_ratio=5.268087e-01
I 07.11/04:25:29 train_adapter.py:916 ] Epoch [159/400] lr=4.015077e-04 train_loss=1.138973e-02 train_code_loss=3.383078e-03 train_code_mse=3.383078e-03 train_code_nmse=-22.063dB train_cos=0.997049 train_recon_mse=1.596990e-06 train_decoder_nmse=-24.513dB delta_ratio=5.262967e-01
I 07.11/04:25:45 train_adapter.py:864 ] Epoch [160/400] val code_loss=4.810674e-03 code_mse=4.810674e-03 code_nmse=-20.541dB cos=0.996027 decoder_mse=2.421081e-06 decoder_nmse=-22.710dB n=30000
I 07.11/04:25:46 train_adapter.py:864 ] Epoch [160/400] test code_loss=4.840470e-03 code_mse=4.840470e-03 code_nmse=-20.515dB cos=0.996003 decoder_mse=2.450845e-06 decoder_nmse=-22.658dB n=20000
I 07.11/04:25:46 train_adapter.py:916 ] Epoch [160/400] lr=4.000000e-04 train_loss=1.137667e-02 train_code_loss=3.379469e-03 train_code_mse=3.379469e-03 train_code_nmse=-22.067dB train_cos=0.997052 train_recon_mse=1.595782e-06 train_decoder_nmse=-24.516dB delta_ratio=5.310604e-01
I 07.11/04:26:01 train_adapter.py:916 ] Epoch [161/400] lr=3.984847e-04 train_loss=1.136330e-02 train_code_loss=3.375326e-03 train_code_mse=3.375326e-03 train_code_nmse=-22.073dB train_cos=0.997056 train_recon_mse=1.594627e-06 train_decoder_nmse=-24.519dB delta_ratio=5.238346e-01
I 07.11/04:26:15 train_adapter.py:916 ] Epoch [162/400] lr=3.969619e-04 train_loss=1.134896e-02 train_code_loss=3.372051e-03 train_code_mse=3.372051e-03 train_code_nmse=-22.077dB train_cos=0.997058 train_recon_mse=1.592717e-06 train_decoder_nmse=-24.524dB delta_ratio=5.325461e-01
I 07.11/04:26:29 train_adapter.py:916 ] Epoch [163/400] lr=3.954318e-04 train_loss=1.132009e-02 train_code_loss=3.364873e-03 train_code_mse=3.364873e-03 train_code_nmse=-22.086dB train_cos=0.997065 train_recon_mse=1.589583e-06 train_decoder_nmse=-24.533dB delta_ratio=5.284852e-01
I 07.11/04:26:43 train_adapter.py:916 ] Epoch [164/400] lr=3.938943e-04 train_loss=1.131479e-02 train_code_loss=3.362322e-03 train_code_mse=3.362322e-03 train_code_nmse=-22.089dB train_cos=0.997067 train_recon_mse=1.589901e-06 train_decoder_nmse=-24.532dB delta_ratio=5.345926e-01
I 07.11/04:26:57 train_adapter.py:916 ] Epoch [165/400] lr=3.923497e-04 train_loss=1.129430e-02 train_code_loss=3.357063e-03 train_code_mse=3.357063e-03 train_code_nmse=-22.096dB train_cos=0.997071 train_recon_mse=1.587380e-06 train_decoder_nmse=-24.539dB delta_ratio=5.288572e-01
I 07.11/04:27:10 train_adapter.py:916 ] Epoch [166/400] lr=3.907981e-04 train_loss=1.127495e-02 train_code_loss=3.351909e-03 train_code_mse=3.351909e-03 train_code_nmse=-22.103dB train_cos=0.997076 train_recon_mse=1.586006e-06 train_decoder_nmse=-24.543dB delta_ratio=5.308403e-01
I 07.11/04:27:24 train_adapter.py:916 ] Epoch [167/400] lr=3.892396e-04 train_loss=1.126202e-02 train_code_loss=3.347781e-03 train_code_mse=3.347781e-03 train_code_nmse=-22.108dB train_cos=0.997079 train_recon_mse=1.583438e-06 train_decoder_nmse=-24.550dB delta_ratio=5.321894e-01
I 07.11/04:27:38 train_adapter.py:916 ] Epoch [168/400] lr=3.876742e-04 train_loss=1.124105e-02 train_code_loss=3.341404e-03 train_code_mse=3.341404e-03 train_code_nmse=-22.116dB train_cos=0.997085 train_recon_mse=1.582459e-06 train_decoder_nmse=-24.552dB delta_ratio=5.318409e-01
I 07.11/04:27:52 train_adapter.py:916 ] Epoch [169/400] lr=3.861022e-04 train_loss=1.123421e-02 train_code_loss=3.340467e-03 train_code_mse=3.340467e-03 train_code_nmse=-22.118dB train_cos=0.997085 train_recon_mse=1.581049e-06 train_decoder_nmse=-24.556dB delta_ratio=5.299283e-01
I 07.11/04:28:08 train_adapter.py:864 ] Epoch [170/400] val code_loss=4.761661e-03 code_mse=4.761661e-03 code_nmse=-20.585dB cos=0.996073 decoder_mse=2.403488e-06 decoder_nmse=-22.742dB n=30000
I 07.11/04:28:09 train_adapter.py:864 ] Epoch [170/400] test code_loss=4.790886e-03 code_mse=4.790886e-03 code_nmse=-20.560dB cos=0.996050 decoder_mse=2.432722e-06 decoder_nmse=-22.690dB n=20000
I 07.11/04:28:09 train_adapter.py:916 ] Epoch [170/400] lr=3.845237e-04 train_loss=1.121215e-02 train_code_loss=3.334882e-03 train_code_mse=3.334882e-03 train_code_nmse=-22.125dB train_cos=0.997090 train_recon_mse=1.578632e-06 train_decoder_nmse=-24.563dB delta_ratio=5.357552e-01
I 07.11/04:28:23 train_adapter.py:916 ] Epoch [171/400] lr=3.829386e-04 train_loss=1.118660e-02 train_code_loss=3.327879e-03 train_code_mse=3.327879e-03 train_code_nmse=-22.134dB train_cos=0.997096 train_recon_mse=1.576326e-06 train_decoder_nmse=-24.569dB delta_ratio=5.359195e-01
I 07.11/04:28:37 train_adapter.py:916 ] Epoch [172/400] lr=3.813473e-04 train_loss=1.118355e-02 train_code_loss=3.325705e-03 train_code_mse=3.325705e-03 train_code_nmse=-22.137dB train_cos=0.997098 train_recon_mse=1.577121e-06 train_decoder_nmse=-24.567dB delta_ratio=5.389206e-01
I 07.11/04:28:51 train_adapter.py:916 ] Epoch [173/400] lr=3.797498e-04 train_loss=1.116310e-02 train_code_loss=3.321759e-03 train_code_mse=3.321759e-03 train_code_nmse=-22.142dB train_cos=0.997102 train_recon_mse=1.573904e-06 train_decoder_nmse=-24.576dB delta_ratio=5.359797e-01
I 07.11/04:29:05 train_adapter.py:916 ] Epoch [174/400] lr=3.781462e-04 train_loss=1.116448e-02 train_code_loss=3.322885e-03 train_code_mse=3.322885e-03 train_code_nmse=-22.141dB train_cos=0.997100 train_recon_mse=1.573976e-06 train_decoder_nmse=-24.576dB delta_ratio=5.327625e-01
I 07.11/04:29:19 train_adapter.py:916 ] Epoch [175/400] lr=3.765367e-04 train_loss=1.113077e-02 train_code_loss=3.312304e-03 train_code_mse=3.312304e-03 train_code_nmse=-22.154dB train_cos=0.997110 train_recon_mse=1.570382e-06 train_decoder_nmse=-24.586dB delta_ratio=5.376728e-01
I 07.11/04:29:33 train_adapter.py:916 ] Epoch [176/400] lr=3.749213e-04 train_loss=1.111541e-02 train_code_loss=3.309473e-03 train_code_mse=3.309473e-03 train_code_nmse=-22.158dB train_cos=0.997112 train_recon_mse=1.568729e-06 train_decoder_nmse=-24.590dB delta_ratio=5.389321e-01
I 07.11/04:29:47 train_adapter.py:916 ] Epoch [177/400] lr=3.733002e-04 train_loss=1.108964e-02 train_code_loss=3.301637e-03 train_code_mse=3.301637e-03 train_code_nmse=-22.168dB train_cos=0.997119 train_recon_mse=1.566058e-06 train_decoder_nmse=-24.598dB delta_ratio=5.362563e-01
I 07.11/04:30:01 train_adapter.py:916 ] Epoch [178/400] lr=3.716736e-04 train_loss=1.108452e-02 train_code_loss=3.301087e-03 train_code_mse=3.301087e-03 train_code_nmse=-22.169dB train_cos=0.997119 train_recon_mse=1.565180e-06 train_decoder_nmse=-24.600dB delta_ratio=5.350814e-01
I 07.11/04:30:14 train_adapter.py:916 ] Epoch [179/400] lr=3.700415e-04 train_loss=1.107820e-02 train_code_loss=3.297695e-03 train_code_mse=3.297695e-03 train_code_nmse=-22.174dB train_cos=0.997122 train_recon_mse=1.565518e-06 train_decoder_nmse=-24.599dB delta_ratio=5.396470e-01
I 07.11/04:30:30 train_adapter.py:864 ] Epoch [180/400] val code_loss=4.724704e-03 code_mse=4.724704e-03 code_nmse=-20.619dB cos=0.996107 decoder_mse=2.388035e-06 decoder_nmse=-22.770dB n=30000
I 07.11/04:30:32 train_adapter.py:864 ] Epoch [180/400] test code_loss=4.752185e-03 code_mse=4.752185e-03 code_nmse=-20.595dB cos=0.996085 decoder_mse=2.417230e-06 decoder_nmse=-22.718dB n=20000
I 07.11/04:30:32 train_adapter.py:916 ] Epoch [180/400] lr=3.684040e-04 train_loss=1.105931e-02 train_code_loss=3.293618e-03 train_code_mse=3.293618e-03 train_code_nmse=-22.179dB train_cos=0.997126 train_recon_mse=1.563113e-06 train_decoder_nmse=-24.606dB delta_ratio=5.404997e-01
I 07.11/04:30:46 train_adapter.py:916 ] Epoch [181/400] lr=3.667614e-04 train_loss=1.103391e-02 train_code_loss=3.286684e-03 train_code_mse=3.286684e-03 train_code_nmse=-22.188dB train_cos=0.997131 train_recon_mse=1.559861e-06 train_decoder_nmse=-24.615dB delta_ratio=5.420098e-01
I 07.11/04:31:00 train_adapter.py:916 ] Epoch [182/400] lr=3.651136e-04 train_loss=1.102081e-02 train_code_loss=3.282577e-03 train_code_mse=3.282577e-03 train_code_nmse=-22.194dB train_cos=0.997135 train_recon_mse=1.559297e-06 train_decoder_nmse=-24.617dB delta_ratio=5.408469e-01
I 07.11/04:31:15 train_adapter.py:916 ] Epoch [183/400] lr=3.634609e-04 train_loss=1.099634e-02 train_code_loss=3.276037e-03 train_code_mse=3.276037e-03 train_code_nmse=-22.202dB train_cos=0.997141 train_recon_mse=1.556933e-06 train_decoder_nmse=-24.623dB delta_ratio=5.384466e-01
I 07.11/04:31:29 train_adapter.py:916 ] Epoch [184/400] lr=3.618034e-04 train_loss=1.098345e-02 train_code_loss=3.272825e-03 train_code_mse=3.272825e-03 train_code_nmse=-22.207dB train_cos=0.997143 train_recon_mse=1.555427e-06 train_decoder_nmse=-24.627dB delta_ratio=5.424961e-01
I 07.11/04:31:42 train_adapter.py:916 ] Epoch [185/400] lr=3.601412e-04 train_loss=1.098133e-02 train_code_loss=3.272254e-03 train_code_mse=3.272254e-03 train_code_nmse=-22.207dB train_cos=0.997144 train_recon_mse=1.555498e-06 train_decoder_nmse=-24.627dB delta_ratio=5.471041e-01
I 07.11/04:31:56 train_adapter.py:916 ] Epoch [186/400] lr=3.584743e-04 train_loss=1.096098e-02 train_code_loss=3.266723e-03 train_code_mse=3.266723e-03 train_code_nmse=-22.215dB train_cos=0.997149 train_recon_mse=1.553380e-06 train_decoder_nmse=-24.633dB delta_ratio=5.428677e-01
I 07.11/04:32:10 train_adapter.py:916 ] Epoch [187/400] lr=3.568031e-04 train_loss=1.095640e-02 train_code_loss=3.264777e-03 train_code_mse=3.264777e-03 train_code_nmse=-22.217dB train_cos=0.997151 train_recon_mse=1.554216e-06 train_decoder_nmse=-24.631dB delta_ratio=5.481588e-01
I 07.11/04:32:23 train_adapter.py:916 ] Epoch [188/400] lr=3.551275e-04 train_loss=1.094244e-02 train_code_loss=3.261066e-03 train_code_mse=3.261066e-03 train_code_nmse=-22.222dB train_cos=0.997154 train_recon_mse=1.551640e-06 train_decoder_nmse=-24.638dB delta_ratio=5.443354e-01
I 07.11/04:32:37 train_adapter.py:916 ] Epoch [189/400] lr=3.534477e-04 train_loss=1.092165e-02 train_code_loss=3.255463e-03 train_code_mse=3.255463e-03 train_code_nmse=-22.230dB train_cos=0.997159 train_recon_mse=1.549074e-06 train_decoder_nmse=-24.645dB delta_ratio=5.504993e-01
I 07.11/04:32:53 train_adapter.py:864 ] Epoch [190/400] val code_loss=4.701292e-03 code_mse=4.701292e-03 code_nmse=-20.640dB cos=0.996129 decoder_mse=2.374902e-06 decoder_nmse=-22.794dB n=30000
I 07.11/04:32:55 train_adapter.py:864 ] Epoch [190/400] test code_loss=4.725681e-03 code_mse=4.725681e-03 code_nmse=-20.620dB cos=0.996110 decoder_mse=2.403214e-06 decoder_nmse=-22.743dB n=20000
I 07.11/04:32:55 train_adapter.py:916 ] Epoch [190/400] lr=3.517638e-04 train_loss=1.090661e-02 train_code_loss=3.250692e-03 train_code_mse=3.250692e-03 train_code_nmse=-22.236dB train_cos=0.997163 train_recon_mse=1.547996e-06 train_decoder_nmse=-24.648dB delta_ratio=5.483434e-01
I 07.11/04:33:09 train_adapter.py:916 ] Epoch [191/400] lr=3.500760e-04 train_loss=1.088746e-02 train_code_loss=3.246449e-03 train_code_mse=3.246449e-03 train_code_nmse=-22.242dB train_cos=0.997166 train_recon_mse=1.545389e-06 train_decoder_nmse=-24.655dB delta_ratio=5.515654e-01
I 07.11/04:33:23 train_adapter.py:916 ] Epoch [192/400] lr=3.483844e-04 train_loss=1.086819e-02 train_code_loss=3.241218e-03 train_code_mse=3.241218e-03 train_code_nmse=-22.249dB train_cos=0.997171 train_recon_mse=1.543939e-06 train_decoder_nmse=-24.660dB delta_ratio=5.477173e-01
I 07.11/04:33:37 train_adapter.py:916 ] Epoch [193/400] lr=3.466891e-04 train_loss=1.086101e-02 train_code_loss=3.239697e-03 train_code_mse=3.239697e-03 train_code_nmse=-22.251dB train_cos=0.997172 train_recon_mse=1.542798e-06 train_decoder_nmse=-24.663dB delta_ratio=5.477708e-01
I 07.11/04:33:51 train_adapter.py:916 ] Epoch [194/400] lr=3.449902e-04 train_loss=1.085327e-02 train_code_loss=3.237111e-03 train_code_mse=3.237111e-03 train_code_nmse=-22.254dB train_cos=0.997174 train_recon_mse=1.541927e-06 train_decoder_nmse=-24.665dB delta_ratio=5.533386e-01
I 07.11/04:34:05 train_adapter.py:916 ] Epoch [195/400] lr=3.432879e-04 train_loss=1.082970e-02 train_code_loss=3.230072e-03 train_code_mse=3.230072e-03 train_code_nmse=-22.264dB train_cos=0.997180 train_recon_mse=1.540073e-06 train_decoder_nmse=-24.670dB delta_ratio=5.522195e-01
I 07.11/04:34:19 train_adapter.py:916 ] Epoch [196/400] lr=3.415823e-04 train_loss=1.081571e-02 train_code_loss=3.226749e-03 train_code_mse=3.226749e-03 train_code_nmse=-22.268dB train_cos=0.997183 train_recon_mse=1.538262e-06 train_decoder_nmse=-24.676dB delta_ratio=5.479833e-01
I 07.11/04:34:32 train_adapter.py:916 ] Epoch [197/400] lr=3.398736e-04 train_loss=1.080834e-02 train_code_loss=3.224589e-03 train_code_mse=3.224589e-03 train_code_nmse=-22.271dB train_cos=0.997185 train_recon_mse=1.537425e-06 train_decoder_nmse=-24.678dB delta_ratio=5.598956e-01
I 07.11/04:34:46 train_adapter.py:916 ] Epoch [198/400] lr=3.381618e-04 train_loss=1.079496e-02 train_code_loss=3.220348e-03 train_code_mse=3.220348e-03 train_code_nmse=-22.277dB train_cos=0.997189 train_recon_mse=1.535944e-06 train_decoder_nmse=-24.682dB delta_ratio=5.521482e-01
I 07.11/04:35:00 train_adapter.py:916 ] Epoch [199/400] lr=3.364471e-04 train_loss=1.078063e-02 train_code_loss=3.216599e-03 train_code_mse=3.216599e-03 train_code_nmse=-22.282dB train_cos=0.997192 train_recon_mse=1.535419e-06 train_decoder_nmse=-24.684dB delta_ratio=5.530503e-01
I 07.11/04:35:16 train_adapter.py:864 ] Epoch [200/400] val code_loss=4.682210e-03 code_mse=4.682210e-03 code_nmse=-20.658dB cos=0.996145 decoder_mse=2.362370e-06 decoder_nmse=-22.817dB n=30000
I 07.11/04:35:17 train_adapter.py:864 ] Epoch [200/400] test code_loss=4.706345e-03 code_mse=4.706345e-03 code_nmse=-20.637dB cos=0.996126 decoder_mse=2.389829e-06 decoder_nmse=-22.767dB n=20000
I 07.11/04:35:18 train_adapter.py:916 ] Epoch [200/400] lr=3.347296e-04 train_loss=1.076560e-02 train_code_loss=3.212549e-03 train_code_mse=3.212549e-03 train_code_nmse=-22.287dB train_cos=0.997196 train_recon_mse=1.533029e-06 train_decoder_nmse=-24.690dB delta_ratio=5.547462e-01
I 07.11/04:35:31 train_adapter.py:916 ] Epoch [201/400] lr=3.330095e-04 train_loss=1.075627e-02 train_code_loss=3.209865e-03 train_code_mse=3.209865e-03 train_code_nmse=-22.291dB train_cos=0.997198 train_recon_mse=1.532432e-06 train_decoder_nmse=-24.692dB delta_ratio=5.545397e-01
I 07.11/04:35:46 train_adapter.py:916 ] Epoch [202/400] lr=3.312869e-04 train_loss=1.072949e-02 train_code_loss=3.202913e-03 train_code_mse=3.202913e-03 train_code_nmse=-22.300dB train_cos=0.997204 train_recon_mse=1.529602e-06 train_decoder_nmse=-24.700dB delta_ratio=5.568768e-01
I 07.11/04:35:59 train_adapter.py:916 ] Epoch [203/400] lr=3.295619e-04 train_loss=1.071619e-02 train_code_loss=3.198142e-03 train_code_mse=3.198142e-03 train_code_nmse=-22.307dB train_cos=0.997208 train_recon_mse=1.528129e-06 train_decoder_nmse=-24.704dB delta_ratio=5.534995e-01
I 07.11/04:36:13 train_adapter.py:916 ] Epoch [204/400] lr=3.278346e-04 train_loss=1.071242e-02 train_code_loss=3.197775e-03 train_code_mse=3.197775e-03 train_code_nmse=-22.307dB train_cos=0.997208 train_recon_mse=1.528383e-06 train_decoder_nmse=-24.704dB delta_ratio=5.536601e-01
I 07.11/04:36:27 train_adapter.py:916 ] Epoch [205/400] lr=3.261052e-04 train_loss=1.069662e-02 train_code_loss=3.194115e-03 train_code_mse=3.194115e-03 train_code_nmse=-22.312dB train_cos=0.997211 train_recon_mse=1.526577e-06 train_decoder_nmse=-24.709dB delta_ratio=5.534940e-01
I 07.11/04:36:41 train_adapter.py:916 ] Epoch [206/400] lr=3.243739e-04 train_loss=1.068000e-02 train_code_loss=3.189079e-03 train_code_mse=3.189079e-03 train_code_nmse=-22.319dB train_cos=0.997216 train_recon_mse=1.524837e-06 train_decoder_nmse=-24.714dB delta_ratio=5.546094e-01
I 07.11/04:36:55 train_adapter.py:916 ] Epoch [207/400] lr=3.226406e-04 train_loss=1.067271e-02 train_code_loss=3.187104e-03 train_code_mse=3.187104e-03 train_code_nmse=-22.322dB train_cos=0.997217 train_recon_mse=1.524066e-06 train_decoder_nmse=-24.716dB delta_ratio=5.589666e-01
I 07.11/04:37:09 train_adapter.py:916 ] Epoch [208/400] lr=3.209057e-04 train_loss=1.065918e-02 train_code_loss=3.182838e-03 train_code_mse=3.182838e-03 train_code_nmse=-22.328dB train_cos=0.997221 train_recon_mse=1.523079e-06 train_decoder_nmse=-24.719dB delta_ratio=5.543379e-01
I 07.11/04:37:23 train_adapter.py:916 ] Epoch [209/400] lr=3.191692e-04 train_loss=1.064678e-02 train_code_loss=3.179319e-03 train_code_mse=3.179319e-03 train_code_nmse=-22.332dB train_cos=0.997224 train_recon_mse=1.521922e-06 train_decoder_nmse=-24.722dB delta_ratio=5.551611e-01
I 07.11/04:37:39 train_adapter.py:864 ] Epoch [210/400] val code_loss=4.643254e-03 code_mse=4.643254e-03 code_nmse=-20.694dB cos=0.996185 decoder_mse=2.353133e-06 decoder_nmse=-22.834dB n=30000
I 07.11/04:37:40 train_adapter.py:864 ] Epoch [210/400] test code_loss=4.665375e-03 code_mse=4.665375e-03 code_nmse=-20.675dB cos=0.996167 decoder_mse=2.379920e-06 decoder_nmse=-22.785dB n=20000
I 07.11/04:37:40 train_adapter.py:916 ] Epoch [210/400] lr=3.174311e-04 train_loss=1.063417e-02 train_code_loss=3.175666e-03 train_code_mse=3.175666e-03 train_code_nmse=-22.337dB train_cos=0.997227 train_recon_mse=1.519727e-06 train_decoder_nmse=-24.728dB delta_ratio=5.579424e-01
I 07.11/04:37:54 train_adapter.py:916 ] Epoch [211/400] lr=3.156918e-04 train_loss=1.062473e-02 train_code_loss=3.173210e-03 train_code_mse=3.173210e-03 train_code_nmse=-22.341dB train_cos=0.997229 train_recon_mse=1.519408e-06 train_decoder_nmse=-24.729dB delta_ratio=5.591339e-01
I 07.11/04:38:08 train_adapter.py:916 ] Epoch [212/400] lr=3.139513e-04 train_loss=1.060555e-02 train_code_loss=3.167332e-03 train_code_mse=3.167332e-03 train_code_nmse=-22.349dB train_cos=0.997234 train_recon_mse=1.517920e-06 train_decoder_nmse=-24.733dB delta_ratio=5.557703e-01
I 07.11/04:38:22 train_adapter.py:916 ] Epoch [213/400] lr=3.122097e-04 train_loss=1.059298e-02 train_code_loss=3.164996e-03 train_code_mse=3.164996e-03 train_code_nmse=-22.352dB train_cos=0.997236 train_recon_mse=1.515796e-06 train_decoder_nmse=-24.739dB delta_ratio=5.566441e-01
I 07.11/04:38:36 train_adapter.py:916 ] Epoch [214/400] lr=3.104672e-04 train_loss=1.057742e-02 train_code_loss=3.159811e-03 train_code_mse=3.159811e-03 train_code_nmse=-22.359dB train_cos=0.997241 train_recon_mse=1.514302e-06 train_decoder_nmse=-24.744dB delta_ratio=5.570796e-01
I 07.11/04:38:50 train_adapter.py:916 ] Epoch [215/400] lr=3.087239e-04 train_loss=1.057071e-02 train_code_loss=3.158217e-03 train_code_mse=3.158217e-03 train_code_nmse=-22.361dB train_cos=0.997242 train_recon_mse=1.512723e-06 train_decoder_nmse=-24.748dB delta_ratio=5.610124e-01
I 07.11/04:39:03 train_adapter.py:916 ] Epoch [216/400] lr=3.069799e-04 train_loss=1.055791e-02 train_code_loss=3.153419e-03 train_code_mse=3.153419e-03 train_code_nmse=-22.368dB train_cos=0.997247 train_recon_mse=1.512547e-06 train_decoder_nmse=-24.749dB delta_ratio=5.595143e-01
I 07.11/04:39:17 train_adapter.py:916 ] Epoch [217/400] lr=3.052354e-04 train_loss=1.053863e-02 train_code_loss=3.148912e-03 train_code_mse=3.148912e-03 train_code_nmse=-22.374dB train_cos=0.997250 train_recon_mse=1.510760e-06 train_decoder_nmse=-24.754dB delta_ratio=5.587271e-01
I 07.11/04:39:31 train_adapter.py:916 ] Epoch [218/400] lr=3.034905e-04 train_loss=1.052297e-02 train_code_loss=3.145259e-03 train_code_mse=3.145259e-03 train_code_nmse=-22.379dB train_cos=0.997254 train_recon_mse=1.509005e-06 train_decoder_nmse=-24.759dB delta_ratio=5.632663e-01
I 07.11/04:39:45 train_adapter.py:916 ] Epoch [219/400] lr=3.017453e-04 train_loss=1.050810e-02 train_code_loss=3.140547e-03 train_code_mse=3.140547e-03 train_code_nmse=-22.386dB train_cos=0.997258 train_recon_mse=1.507119e-06 train_decoder_nmse=-24.764dB delta_ratio=5.577755e-01
I 07.11/04:40:01 train_adapter.py:864 ] Epoch [220/400] val code_loss=4.640299e-03 code_mse=4.640299e-03 code_nmse=-20.697dB cos=0.996189 decoder_mse=2.347719e-06 decoder_nmse=-22.844dB n=30000
I 07.11/04:40:02 train_adapter.py:864 ] Epoch [220/400] test code_loss=4.664299e-03 code_mse=4.664299e-03 code_nmse=-20.676dB cos=0.996169 decoder_mse=2.374323e-06 decoder_nmse=-22.795dB n=20000
I 07.11/04:40:02 train_adapter.py:916 ] Epoch [220/400] lr=3.000000e-04 train_loss=1.050794e-02 train_code_loss=3.140691e-03 train_code_mse=3.140691e-03 train_code_nmse=-22.385dB train_cos=0.997257 train_recon_mse=1.507413e-06 train_decoder_nmse=-24.764dB delta_ratio=5.632356e-01
I 07.11/04:40:16 train_adapter.py:916 ] Epoch [221/400] lr=2.982547e-04 train_loss=1.049070e-02 train_code_loss=3.136256e-03 train_code_mse=3.136256e-03 train_code_nmse=-22.392dB train_cos=0.997261 train_recon_mse=1.505268e-06 train_decoder_nmse=-24.770dB delta_ratio=5.560874e-01
I 07.11/04:40:30 train_adapter.py:916 ] Epoch [222/400] lr=2.965095e-04 train_loss=1.048193e-02 train_code_loss=3.134030e-03 train_code_mse=3.134030e-03 train_code_nmse=-22.395dB train_cos=0.997263 train_recon_mse=1.504660e-06 train_decoder_nmse=-24.771dB delta_ratio=5.645813e-01
I 07.11/04:40:44 train_adapter.py:916 ] Epoch [223/400] lr=2.947646e-04 train_loss=1.047245e-02 train_code_loss=3.130511e-03 train_code_mse=3.130511e-03 train_code_nmse=-22.400dB train_cos=0.997266 train_recon_mse=1.503722e-06 train_decoder_nmse=-24.774dB delta_ratio=5.603696e-01
I 07.11/04:40:58 train_adapter.py:916 ] Epoch [224/400] lr=2.930201e-04 train_loss=1.045483e-02 train_code_loss=3.124982e-03 train_code_mse=3.124982e-03 train_code_nmse=-22.407dB train_cos=0.997271 train_recon_mse=1.502531e-06 train_decoder_nmse=-24.778dB delta_ratio=5.640288e-01
I 07.11/04:41:12 train_adapter.py:916 ] Epoch [225/400] lr=2.912761e-04 train_loss=1.044766e-02 train_code_loss=3.122751e-03 train_code_mse=3.122751e-03 train_code_nmse=-22.410dB train_cos=0.997273 train_recon_mse=1.501695e-06 train_decoder_nmse=-24.780dB delta_ratio=5.629994e-01
I 07.11/04:41:26 train_adapter.py:916 ] Epoch [226/400] lr=2.895328e-04 train_loss=1.042987e-02 train_code_loss=3.118313e-03 train_code_mse=3.118313e-03 train_code_nmse=-22.417dB train_cos=0.997277 train_recon_mse=1.499170e-06 train_decoder_nmse=-24.787dB delta_ratio=5.654349e-01
I 07.11/04:41:39 train_adapter.py:916 ] Epoch [227/400] lr=2.877903e-04 train_loss=1.041365e-02 train_code_loss=3.114323e-03 train_code_mse=3.114323e-03 train_code_nmse=-22.422dB train_cos=0.997280 train_recon_mse=1.498363e-06 train_decoder_nmse=-24.790dB delta_ratio=5.652534e-01
I 07.11/04:41:53 train_adapter.py:916 ] Epoch [228/400] lr=2.860487e-04 train_loss=1.040835e-02 train_code_loss=3.112077e-03 train_code_mse=3.112077e-03 train_code_nmse=-22.425dB train_cos=0.997282 train_recon_mse=1.497188e-06 train_decoder_nmse=-24.793dB delta_ratio=5.638508e-01
I 07.11/04:42:07 train_adapter.py:916 ] Epoch [229/400] lr=2.843082e-04 train_loss=1.039314e-02 train_code_loss=3.107578e-03 train_code_mse=3.107578e-03 train_code_nmse=-22.432dB train_cos=0.997286 train_recon_mse=1.496139e-06 train_decoder_nmse=-24.796dB delta_ratio=5.617743e-01
I 07.11/04:42:22 train_adapter.py:864 ] Epoch [230/400] val code_loss=4.609792e-03 code_mse=4.609792e-03 code_nmse=-20.726dB cos=0.996217 decoder_mse=2.333661e-06 decoder_nmse=-22.870dB n=30000
I 07.11/04:42:24 train_adapter.py:864 ] Epoch [230/400] test code_loss=4.631462e-03 code_mse=4.631462e-03 code_nmse=-20.707dB cos=0.996198 decoder_mse=2.361859e-06 decoder_nmse=-22.818dB n=20000
I 07.11/04:42:24 train_adapter.py:916 ] Epoch [230/400] lr=2.825689e-04 train_loss=1.038450e-02 train_code_loss=3.105302e-03 train_code_mse=3.105302e-03 train_code_nmse=-22.435dB train_cos=0.997288 train_recon_mse=1.495321e-06 train_decoder_nmse=-24.798dB delta_ratio=5.669514e-01
I 07.11/04:42:38 train_adapter.py:916 ] Epoch [231/400] lr=2.808308e-04 train_loss=1.036836e-02 train_code_loss=3.100408e-03 train_code_mse=3.100408e-03 train_code_nmse=-22.442dB train_cos=0.997292 train_recon_mse=1.493455e-06 train_decoder_nmse=-24.804dB delta_ratio=5.691578e-01
I 07.11/04:42:52 train_adapter.py:916 ] Epoch [232/400] lr=2.790943e-04 train_loss=1.036484e-02 train_code_loss=3.100806e-03 train_code_mse=3.100806e-03 train_code_nmse=-22.441dB train_cos=0.997292 train_recon_mse=1.493153e-06 train_decoder_nmse=-24.805dB delta_ratio=5.660637e-01
I 07.11/04:43:06 train_adapter.py:916 ] Epoch [233/400] lr=2.773594e-04 train_loss=1.035336e-02 train_code_loss=3.096155e-03 train_code_mse=3.096155e-03 train_code_nmse=-22.448dB train_cos=0.997296 train_recon_mse=1.492061e-06 train_decoder_nmse=-24.808dB delta_ratio=5.682431e-01
I 07.11/04:43:20 train_adapter.py:916 ] Epoch [234/400] lr=2.756261e-04 train_loss=1.034165e-02 train_code_loss=3.093849e-03 train_code_mse=3.093849e-03 train_code_nmse=-22.451dB train_cos=0.997298 train_recon_mse=1.490605e-06 train_decoder_nmse=-24.812dB delta_ratio=5.693114e-01
I 07.11/04:43:34 train_adapter.py:916 ] Epoch [235/400] lr=2.738948e-04 train_loss=1.033682e-02 train_code_loss=3.091987e-03 train_code_mse=3.091987e-03 train_code_nmse=-22.453dB train_cos=0.997299 train_recon_mse=1.490625e-06 train_decoder_nmse=-24.812dB delta_ratio=5.672743e-01
I 07.11/04:43:48 train_adapter.py:916 ] Epoch [236/400] lr=2.721654e-04 train_loss=1.031911e-02 train_code_loss=3.086838e-03 train_code_mse=3.086838e-03 train_code_nmse=-22.461dB train_cos=0.997304 train_recon_mse=1.488565e-06 train_decoder_nmse=-24.818dB delta_ratio=5.601708e-01
I 07.11/04:44:02 train_adapter.py:916 ] Epoch [237/400] lr=2.704381e-04 train_loss=1.031795e-02 train_code_loss=3.086251e-03 train_code_mse=3.086251e-03 train_code_nmse=-22.461dB train_cos=0.997305 train_recon_mse=1.488384e-06 train_decoder_nmse=-24.819dB delta_ratio=5.682909e-01
I 07.11/04:44:16 train_adapter.py:916 ] Epoch [238/400] lr=2.687131e-04 train_loss=1.029991e-02 train_code_loss=3.081253e-03 train_code_mse=3.081253e-03 train_code_nmse=-22.468dB train_cos=0.997309 train_recon_mse=1.486680e-06 train_decoder_nmse=-24.824dB delta_ratio=5.681083e-01
I 07.11/04:44:30 train_adapter.py:916 ] Epoch [239/400] lr=2.669905e-04 train_loss=1.028673e-02 train_code_loss=3.077200e-03 train_code_mse=3.077200e-03 train_code_nmse=-22.474dB train_cos=0.997313 train_recon_mse=1.485122e-06 train_decoder_nmse=-24.828dB delta_ratio=5.674685e-01
I 07.11/04:44:46 train_adapter.py:864 ] Epoch [240/400] val code_loss=4.601452e-03 code_mse=4.601452e-03 code_nmse=-20.734dB cos=0.996226 decoder_mse=2.327947e-06 decoder_nmse=-22.880dB n=30000
I 07.11/04:44:47 train_adapter.py:864 ] Epoch [240/400] test code_loss=4.624784e-03 code_mse=4.624784e-03 code_nmse=-20.713dB cos=0.996207 decoder_mse=2.356850e-06 decoder_nmse=-22.827dB n=20000
I 07.11/04:44:47 train_adapter.py:916 ] Epoch [240/400] lr=2.652704e-04 train_loss=1.027087e-02 train_code_loss=3.072979e-03 train_code_mse=3.072979e-03 train_code_nmse=-22.480dB train_cos=0.997316 train_recon_mse=1.484218e-06 train_decoder_nmse=-24.831dB delta_ratio=5.718197e-01
I 07.11/04:45:01 train_adapter.py:916 ] Epoch [241/400] lr=2.635529e-04 train_loss=1.025628e-02 train_code_loss=3.068468e-03 train_code_mse=3.068468e-03 train_code_nmse=-22.487dB train_cos=0.997320 train_recon_mse=1.482391e-06 train_decoder_nmse=-24.836dB delta_ratio=5.628225e-01
I 07.11/04:45:15 train_adapter.py:916 ] Epoch [242/400] lr=2.618382e-04 train_loss=1.024877e-02 train_code_loss=3.066699e-03 train_code_mse=3.066699e-03 train_code_nmse=-22.489dB train_cos=0.997321 train_recon_mse=1.481714e-06 train_decoder_nmse=-24.838dB delta_ratio=5.710523e-01
I 07.11/04:45:30 train_adapter.py:916 ] Epoch [243/400] lr=2.601264e-04 train_loss=1.024384e-02 train_code_loss=3.065060e-03 train_code_mse=3.065060e-03 train_code_nmse=-22.491dB train_cos=0.997323 train_recon_mse=1.481310e-06 train_decoder_nmse=-24.839dB delta_ratio=5.671511e-01
I 07.11/04:45:44 train_adapter.py:916 ] Epoch [244/400] lr=2.584177e-04 train_loss=1.022622e-02 train_code_loss=3.059769e-03 train_code_mse=3.059769e-03 train_code_nmse=-22.499dB train_cos=0.997328 train_recon_mse=1.479764e-06 train_decoder_nmse=-24.844dB delta_ratio=5.701764e-01
I 07.11/04:45:57 train_adapter.py:916 ] Epoch [245/400] lr=2.567121e-04 train_loss=1.021653e-02 train_code_loss=3.057439e-03 train_code_mse=3.057439e-03 train_code_nmse=-22.502dB train_cos=0.997329 train_recon_mse=1.478217e-06 train_decoder_nmse=-24.848dB delta_ratio=5.685719e-01
I 07.11/04:46:11 train_adapter.py:916 ] Epoch [246/400] lr=2.550098e-04 train_loss=1.020571e-02 train_code_loss=3.053086e-03 train_code_mse=3.053086e-03 train_code_nmse=-22.508dB train_cos=0.997333 train_recon_mse=1.477622e-06 train_decoder_nmse=-24.850dB delta_ratio=5.691833e-01
I 07.11/04:46:25 train_adapter.py:916 ] Epoch [247/400] lr=2.533109e-04 train_loss=1.020562e-02 train_code_loss=3.054338e-03 train_code_mse=3.054338e-03 train_code_nmse=-22.507dB train_cos=0.997332 train_recon_mse=1.476916e-06 train_decoder_nmse=-24.852dB delta_ratio=5.735682e-01
I 07.11/04:46:39 train_adapter.py:916 ] Epoch [248/400] lr=2.516156e-04 train_loss=1.018981e-02 train_code_loss=3.049397e-03 train_code_mse=3.049397e-03 train_code_nmse=-22.514dB train_cos=0.997336 train_recon_mse=1.475866e-06 train_decoder_nmse=-24.855dB delta_ratio=5.710006e-01
I 07.11/04:46:53 train_adapter.py:916 ] Epoch [249/400] lr=2.499240e-04 train_loss=1.017332e-02 train_code_loss=3.044659e-03 train_code_mse=3.044659e-03 train_code_nmse=-22.520dB train_cos=0.997340 train_recon_mse=1.474047e-06 train_decoder_nmse=-24.861dB delta_ratio=5.732578e-01
I 07.11/04:47:09 train_adapter.py:864 ] Epoch [250/400] val code_loss=4.585301e-03 code_mse=4.585301e-03 code_nmse=-20.749dB cos=0.996243 decoder_mse=2.318112e-06 decoder_nmse=-22.899dB n=30000
I 07.11/04:47:10 train_adapter.py:864 ] Epoch [250/400] test code_loss=4.606740e-03 code_mse=4.606740e-03 code_nmse=-20.730dB cos=0.996224 decoder_mse=2.347951e-06 decoder_nmse=-22.844dB n=20000
I 07.11/04:47:10 train_adapter.py:916 ] Epoch [250/400] lr=2.482362e-04 train_loss=1.016234e-02 train_code_loss=3.041120e-03 train_code_mse=3.041120e-03 train_code_nmse=-22.525dB train_cos=0.997344 train_recon_mse=1.473180e-06 train_decoder_nmse=-24.863dB delta_ratio=5.735538e-01
I 07.11/04:47:25 train_adapter.py:916 ] Epoch [251/400] lr=2.465523e-04 train_loss=1.015856e-02 train_code_loss=3.041108e-03 train_code_mse=3.041108e-03 train_code_nmse=-22.525dB train_cos=0.997343 train_recon_mse=1.472386e-06 train_decoder_nmse=-24.866dB delta_ratio=5.664874e-01
I 07.11/04:47:39 train_adapter.py:916 ] Epoch [252/400] lr=2.448725e-04 train_loss=1.014024e-02 train_code_loss=3.035122e-03 train_code_mse=3.035122e-03 train_code_nmse=-22.534dB train_cos=0.997349 train_recon_mse=1.471165e-06 train_decoder_nmse=-24.869dB delta_ratio=5.745324e-01
I 07.11/04:47:53 train_adapter.py:916 ] Epoch [253/400] lr=2.431969e-04 train_loss=1.013397e-02 train_code_loss=3.034294e-03 train_code_mse=3.034294e-03 train_code_nmse=-22.535dB train_cos=0.997349 train_recon_mse=1.470376e-06 train_decoder_nmse=-24.872dB delta_ratio=5.691075e-01
I 07.11/04:48:07 train_adapter.py:916 ] Epoch [254/400] lr=2.415257e-04 train_loss=1.012857e-02 train_code_loss=3.032034e-03 train_code_mse=3.032034e-03 train_code_nmse=-22.538dB train_cos=0.997351 train_recon_mse=1.470225e-06 train_decoder_nmse=-24.872dB delta_ratio=5.710197e-01
I 07.11/04:48:21 train_adapter.py:916 ] Epoch [255/400] lr=2.398588e-04 train_loss=1.011788e-02 train_code_loss=3.028235e-03 train_code_mse=3.028235e-03 train_code_nmse=-22.544dB train_cos=0.997355 train_recon_mse=1.469494e-06 train_decoder_nmse=-24.874dB delta_ratio=5.772159e-01
I 07.11/04:48:35 train_adapter.py:916 ] Epoch [256/400] lr=2.381966e-04 train_loss=1.010606e-02 train_code_loss=3.024952e-03 train_code_mse=3.024952e-03 train_code_nmse=-22.549dB train_cos=0.997357 train_recon_mse=1.467908e-06 train_decoder_nmse=-24.879dB delta_ratio=5.696135e-01
I 07.11/04:48:49 train_adapter.py:916 ] Epoch [257/400] lr=2.365391e-04 train_loss=1.009099e-02 train_code_loss=3.020612e-03 train_code_mse=3.020612e-03 train_code_nmse=-22.555dB train_cos=0.997361 train_recon_mse=1.466532e-06 train_decoder_nmse=-24.883dB delta_ratio=5.697966e-01
I 07.11/04:49:02 train_adapter.py:916 ] Epoch [258/400] lr=2.348864e-04 train_loss=1.008287e-02 train_code_loss=3.018949e-03 train_code_mse=3.018949e-03 train_code_nmse=-22.557dB train_cos=0.997363 train_recon_mse=1.465751e-06 train_decoder_nmse=-24.885dB delta_ratio=5.732438e-01
I 07.11/04:49:16 train_adapter.py:916 ] Epoch [259/400] lr=2.332386e-04 train_loss=1.007295e-02 train_code_loss=3.016090e-03 train_code_mse=3.016090e-03 train_code_nmse=-22.561dB train_cos=0.997365 train_recon_mse=1.464289e-06 train_decoder_nmse=-24.890dB delta_ratio=5.739248e-01
I 07.11/04:49:32 train_adapter.py:864 ] Epoch [260/400] val code_loss=4.574172e-03 code_mse=4.574172e-03 code_nmse=-20.760dB cos=0.996257 decoder_mse=2.319212e-06 decoder_nmse=-22.897dB n=30000
I 07.11/04:49:33 train_adapter.py:864 ] Epoch [260/400] test code_loss=4.594845e-03 code_mse=4.594845e-03 code_nmse=-20.741dB cos=0.996238 decoder_mse=2.345508e-06 decoder_nmse=-22.848dB n=20000
I 07.11/04:49:33 train_adapter.py:916 ] Epoch [260/400] lr=2.315960e-04 train_loss=1.006174e-02 train_code_loss=3.012730e-03 train_code_mse=3.012730e-03 train_code_nmse=-22.566dB train_cos=0.997368 train_recon_mse=1.463461e-06 train_decoder_nmse=-24.892dB delta_ratio=5.757337e-01
I 07.11/04:49:47 train_adapter.py:916 ] Epoch [261/400] lr=2.299585e-04 train_loss=1.005661e-02 train_code_loss=3.011577e-03 train_code_mse=3.011577e-03 train_code_nmse=-22.568dB train_cos=0.997369 train_recon_mse=1.462453e-06 train_decoder_nmse=-24.895dB delta_ratio=5.747060e-01
I 07.11/04:50:01 train_adapter.py:916 ] Epoch [262/400] lr=2.283264e-04 train_loss=1.004576e-02 train_code_loss=3.008485e-03 train_code_mse=3.008485e-03 train_code_nmse=-22.572dB train_cos=0.997372 train_recon_mse=1.461960e-06 train_decoder_nmse=-24.896dB delta_ratio=5.707750e-01
I 07.11/04:50:15 train_adapter.py:916 ] Epoch [263/400] lr=2.266998e-04 train_loss=1.003876e-02 train_code_loss=3.005618e-03 train_code_mse=3.005618e-03 train_code_nmse=-22.576dB train_cos=0.997374 train_recon_mse=1.460919e-06 train_decoder_nmse=-24.900dB delta_ratio=5.760605e-01
I 07.11/04:50:29 train_adapter.py:916 ] Epoch [264/400] lr=2.250787e-04 train_loss=1.002629e-02 train_code_loss=3.001778e-03 train_code_mse=3.001778e-03 train_code_nmse=-22.582dB train_cos=0.997378 train_recon_mse=1.460120e-06 train_decoder_nmse=-24.902dB delta_ratio=5.708817e-01
I 07.11/04:50:43 train_adapter.py:916 ] Epoch [265/400] lr=2.234633e-04 train_loss=1.001588e-02 train_code_loss=2.998508e-03 train_code_mse=2.998508e-03 train_code_nmse=-22.587dB train_cos=0.997380 train_recon_mse=1.458513e-06 train_decoder_nmse=-24.907dB delta_ratio=5.758681e-01
I 07.11/04:50:57 train_adapter.py:916 ] Epoch [266/400] lr=2.218538e-04 train_loss=1.000643e-02 train_code_loss=2.996258e-03 train_code_mse=2.996258e-03 train_code_nmse=-22.590dB train_cos=0.997382 train_recon_mse=1.457665e-06 train_decoder_nmse=-24.909dB delta_ratio=5.778062e-01
I 07.11/04:51:11 train_adapter.py:916 ] Epoch [267/400] lr=2.202502e-04 train_loss=9.999979e-03 train_code_loss=2.994772e-03 train_code_mse=2.994772e-03 train_code_nmse=-22.592dB train_cos=0.997384 train_recon_mse=1.457486e-06 train_decoder_nmse=-24.910dB delta_ratio=5.747741e-01
I 07.11/04:51:25 train_adapter.py:916 ] Epoch [268/400] lr=2.186527e-04 train_loss=9.989209e-03 train_code_loss=2.991355e-03 train_code_mse=2.991355e-03 train_code_nmse=-22.597dB train_cos=0.997386 train_recon_mse=1.456888e-06 train_decoder_nmse=-24.912dB delta_ratio=5.798172e-01
I 07.11/04:51:38 train_adapter.py:916 ] Epoch [269/400] lr=2.170614e-04 train_loss=9.979600e-03 train_code_loss=2.988897e-03 train_code_mse=2.988897e-03 train_code_nmse=-22.601dB train_cos=0.997389 train_recon_mse=1.455133e-06 train_decoder_nmse=-24.917dB delta_ratio=5.728672e-01
I 07.11/04:51:54 train_adapter.py:864 ] Epoch [270/400] val code_loss=4.542075e-03 code_mse=4.542075e-03 code_nmse=-20.790dB cos=0.996285 decoder_mse=2.306897e-06 decoder_nmse=-22.920dB n=30000
I 07.11/04:51:56 train_adapter.py:864 ] Epoch [270/400] test code_loss=4.561621e-03 code_mse=4.561621e-03 code_nmse=-20.773dB cos=0.996268 decoder_mse=2.335813e-06 decoder_nmse=-22.866dB n=20000
I 07.11/04:51:56 train_adapter.py:916 ] Epoch [270/400] lr=2.154763e-04 train_loss=9.966904e-03 train_code_loss=2.985134e-03 train_code_mse=2.985134e-03 train_code_nmse=-22.606dB train_cos=0.997392 train_recon_mse=1.454151e-06 train_decoder_nmse=-24.920dB delta_ratio=5.772919e-01
I 07.11/04:52:10 train_adapter.py:916 ] Epoch [271/400] lr=2.138978e-04 train_loss=9.956260e-03 train_code_loss=2.981721e-03 train_code_mse=2.981721e-03 train_code_nmse=-22.611dB train_cos=0.997395 train_recon_mse=1.453550e-06 train_decoder_nmse=-24.922dB delta_ratio=5.731846e-01
I 07.11/04:52:24 train_adapter.py:916 ] Epoch [272/400] lr=2.123258e-04 train_loss=9.946813e-03 train_code_loss=2.979417e-03 train_code_mse=2.979417e-03 train_code_nmse=-22.614dB train_cos=0.997397 train_recon_mse=1.452365e-06 train_decoder_nmse=-24.925dB delta_ratio=5.778384e-01
I 07.11/04:52:38 train_adapter.py:916 ] Epoch [273/400] lr=2.107604e-04 train_loss=9.936205e-03 train_code_loss=2.976480e-03 train_code_mse=2.976480e-03 train_code_nmse=-22.619dB train_cos=0.997399 train_recon_mse=1.451085e-06 train_decoder_nmse=-24.929dB delta_ratio=5.784490e-01
I 07.11/04:52:52 train_adapter.py:916 ] Epoch [274/400] lr=2.092019e-04 train_loss=9.934345e-03 train_code_loss=2.976006e-03 train_code_mse=2.976006e-03 train_code_nmse=-22.619dB train_cos=0.997400 train_recon_mse=1.451004e-06 train_decoder_nmse=-24.929dB delta_ratio=5.759704e-01
I 07.11/04:53:06 train_adapter.py:916 ] Epoch [275/400] lr=2.076503e-04 train_loss=9.920245e-03 train_code_loss=2.971910e-03 train_code_mse=2.971910e-03 train_code_nmse=-22.625dB train_cos=0.997403 train_recon_mse=1.449273e-06 train_decoder_nmse=-24.934dB delta_ratio=5.766153e-01
I 07.11/04:53:19 train_adapter.py:916 ] Epoch [276/400] lr=2.061057e-04 train_loss=9.911446e-03 train_code_loss=2.968870e-03 train_code_mse=2.968870e-03 train_code_nmse=-22.630dB train_cos=0.997406 train_recon_mse=1.448885e-06 train_decoder_nmse=-24.935dB delta_ratio=5.820836e-01
I 07.11/04:53:33 train_adapter.py:916 ] Epoch [277/400] lr=2.045682e-04 train_loss=9.905918e-03 train_code_loss=2.967577e-03 train_code_mse=2.967577e-03 train_code_nmse=-22.632dB train_cos=0.997407 train_recon_mse=1.448229e-06 train_decoder_nmse=-24.937dB delta_ratio=5.776337e-01
I 07.11/04:53:47 train_adapter.py:916 ] Epoch [278/400] lr=2.030381e-04 train_loss=9.900428e-03 train_code_loss=2.965933e-03 train_code_mse=2.965933e-03 train_code_nmse=-22.634dB train_cos=0.997409 train_recon_mse=1.447870e-06 train_decoder_nmse=-24.939dB delta_ratio=5.808217e-01
I 07.11/04:54:01 train_adapter.py:916 ] Epoch [279/400] lr=2.015153e-04 train_loss=9.886655e-03 train_code_loss=2.961890e-03 train_code_mse=2.961890e-03 train_code_nmse=-22.640dB train_cos=0.997412 train_recon_mse=1.446450e-06 train_decoder_nmse=-24.943dB delta_ratio=5.821183e-01
I 07.11/04:54:17 train_adapter.py:864 ] Epoch [280/400] val code_loss=4.533669e-03 code_mse=4.533669e-03 code_nmse=-20.798dB cos=0.996295 decoder_mse=2.301183e-06 decoder_nmse=-22.931dB n=30000
I 07.11/04:54:18 train_adapter.py:864 ] Epoch [280/400] test code_loss=4.554076e-03 code_mse=4.554076e-03 code_nmse=-20.780dB cos=0.996277 decoder_mse=2.331658e-06 decoder_nmse=-22.874dB n=20000
I 07.11/04:54:18 train_adapter.py:916 ] Epoch [280/400] lr=2.000000e-04 train_loss=9.883751e-03 train_code_loss=2.960793e-03 train_code_mse=2.960793e-03 train_code_nmse=-22.642dB train_cos=0.997413 train_recon_mse=1.445923e-06 train_decoder_nmse=-24.944dB delta_ratio=5.798830e-01
I 07.11/04:54:33 train_adapter.py:916 ] Epoch [281/400] lr=1.984923e-04 train_loss=9.873127e-03 train_code_loss=2.957868e-03 train_code_mse=2.957868e-03 train_code_nmse=-22.646dB train_cos=0.997415 train_recon_mse=1.444565e-06 train_decoder_nmse=-24.948dB delta_ratio=5.778142e-01
I 07.11/04:54:47 train_adapter.py:916 ] Epoch [282/400] lr=1.969924e-04 train_loss=9.862737e-03 train_code_loss=2.954976e-03 train_code_mse=2.954976e-03 train_code_nmse=-22.650dB train_cos=0.997418 train_recon_mse=1.443945e-06 train_decoder_nmse=-24.950dB delta_ratio=5.800080e-01
I 07.11/04:55:01 train_adapter.py:916 ] Epoch [283/400] lr=1.955003e-04 train_loss=9.847994e-03 train_code_loss=2.950503e-03 train_code_mse=2.950503e-03 train_code_nmse=-22.657dB train_cos=0.997422 train_recon_mse=1.442350e-06 train_decoder_nmse=-24.955dB delta_ratio=5.796589e-01
I 07.11/04:55:15 train_adapter.py:916 ] Epoch [284/400] lr=1.940161e-04 train_loss=9.845254e-03 train_code_loss=2.949357e-03 train_code_mse=2.949357e-03 train_code_nmse=-22.658dB train_cos=0.997423 train_recon_mse=1.442502e-06 train_decoder_nmse=-24.955dB delta_ratio=5.790787e-01
I 07.11/04:55:29 train_adapter.py:916 ] Epoch [285/400] lr=1.925401e-04 train_loss=9.840960e-03 train_code_loss=2.947666e-03 train_code_mse=2.947666e-03 train_code_nmse=-22.661dB train_cos=0.997424 train_recon_mse=1.441949e-06 train_decoder_nmse=-24.956dB delta_ratio=5.781927e-01
I 07.11/04:55:43 train_adapter.py:916 ] Epoch [286/400] lr=1.910722e-04 train_loss=9.830765e-03 train_code_loss=2.944906e-03 train_code_mse=2.944906e-03 train_code_nmse=-22.665dB train_cos=0.997427 train_recon_mse=1.441398e-06 train_decoder_nmse=-24.958dB delta_ratio=5.763468e-01
I 07.11/04:55:57 train_adapter.py:916 ] Epoch [287/400] lr=1.896126e-04 train_loss=9.819625e-03 train_code_loss=2.942108e-03 train_code_mse=2.942108e-03 train_code_nmse=-22.669dB train_cos=0.997429 train_recon_mse=1.439853e-06 train_decoder_nmse=-24.963dB delta_ratio=5.806449e-01
I 07.11/04:56:10 train_adapter.py:916 ] Epoch [288/400] lr=1.881614e-04 train_loss=9.811094e-03 train_code_loss=2.940150e-03 train_code_mse=2.940150e-03 train_code_nmse=-22.672dB train_cos=0.997431 train_recon_mse=1.438464e-06 train_decoder_nmse=-24.967dB delta_ratio=5.776170e-01
I 07.11/04:56:24 train_adapter.py:916 ] Epoch [289/400] lr=1.867188e-04 train_loss=9.805968e-03 train_code_loss=2.937931e-03 train_code_mse=2.937931e-03 train_code_nmse=-22.675dB train_cos=0.997433 train_recon_mse=1.438588e-06 train_decoder_nmse=-24.966dB delta_ratio=5.833781e-01
I 07.11/04:56:40 train_adapter.py:864 ] Epoch [290/400] val code_loss=4.522204e-03 code_mse=4.522204e-03 code_nmse=-20.809dB cos=0.996307 decoder_mse=2.299356e-06 decoder_nmse=-22.934dB n=30000
I 07.11/04:56:41 train_adapter.py:864 ] Epoch [290/400] test code_loss=4.542118e-03 code_mse=4.542118e-03 code_nmse=-20.792dB cos=0.996289 decoder_mse=2.328574e-06 decoder_nmse=-22.880dB n=20000
I 07.11/04:56:41 train_adapter.py:916 ] Epoch [290/400] lr=1.852847e-04 train_loss=9.800350e-03 train_code_loss=2.936789e-03 train_code_mse=2.936789e-03 train_code_nmse=-22.677dB train_cos=0.997434 train_recon_mse=1.437781e-06 train_decoder_nmse=-24.969dB delta_ratio=5.829181e-01
I 07.11/04:56:56 train_adapter.py:916 ] Epoch [291/400] lr=1.838594e-04 train_loss=9.787485e-03 train_code_loss=2.933406e-03 train_code_mse=2.933406e-03 train_code_nmse=-22.682dB train_cos=0.997437 train_recon_mse=1.436782e-06 train_decoder_nmse=-24.972dB delta_ratio=5.831801e-01
I 07.11/04:57:10 train_adapter.py:916 ] Epoch [292/400] lr=1.824429e-04 train_loss=9.776117e-03 train_code_loss=2.928945e-03 train_code_mse=2.928945e-03 train_code_nmse=-22.689dB train_cos=0.997440 train_recon_mse=1.435488e-06 train_decoder_nmse=-24.976dB delta_ratio=5.806087e-01
I 07.11/04:57:24 train_adapter.py:916 ] Epoch [293/400] lr=1.810354e-04 train_loss=9.769755e-03 train_code_loss=2.927498e-03 train_code_mse=2.927498e-03 train_code_nmse=-22.691dB train_cos=0.997442 train_recon_mse=1.435220e-06 train_decoder_nmse=-24.977dB delta_ratio=5.791668e-01
I 07.11/04:57:38 train_adapter.py:916 ] Epoch [294/400] lr=1.796370e-04 train_loss=9.764242e-03 train_code_loss=2.925872e-03 train_code_mse=2.925872e-03 train_code_nmse=-22.693dB train_cos=0.997443 train_recon_mse=1.434707e-06 train_decoder_nmse=-24.978dB delta_ratio=5.828240e-01
I 07.11/04:57:52 train_adapter.py:916 ] Epoch [295/400] lr=1.782477e-04 train_loss=9.753806e-03 train_code_loss=2.923028e-03 train_code_mse=2.923028e-03 train_code_nmse=-22.697dB train_cos=0.997446 train_recon_mse=1.433405e-06 train_decoder_nmse=-24.982dB delta_ratio=5.833449e-01
I 07.11/04:58:05 train_adapter.py:916 ] Epoch [296/400] lr=1.768677e-04 train_loss=9.749845e-03 train_code_loss=2.922447e-03 train_code_mse=2.922447e-03 train_code_nmse=-22.698dB train_cos=0.997446 train_recon_mse=1.432961e-06 train_decoder_nmse=-24.983dB delta_ratio=5.820443e-01
I 07.11/04:58:19 train_adapter.py:916 ] Epoch [297/400] lr=1.754971e-04 train_loss=9.740932e-03 train_code_loss=2.918865e-03 train_code_mse=2.918865e-03 train_code_nmse=-22.704dB train_cos=0.997449 train_recon_mse=1.432329e-06 train_decoder_nmse=-24.985dB delta_ratio=5.802848e-01
I 07.11/04:58:33 train_adapter.py:916 ] Epoch [298/400] lr=1.741359e-04 train_loss=9.735549e-03 train_code_loss=2.917664e-03 train_code_mse=2.917664e-03 train_code_nmse=-22.705dB train_cos=0.997450 train_recon_mse=1.431742e-06 train_decoder_nmse=-24.987dB delta_ratio=5.751604e-01
I 07.11/04:58:47 train_adapter.py:916 ] Epoch [299/400] lr=1.727844e-04 train_loss=9.728214e-03 train_code_loss=2.915992e-03 train_code_mse=2.915992e-03 train_code_nmse=-22.708dB train_cos=0.997452 train_recon_mse=1.430949e-06 train_decoder_nmse=-24.990dB delta_ratio=5.778850e-01
I 07.11/04:59:03 train_adapter.py:864 ] Epoch [300/400] val code_loss=4.520921e-03 code_mse=4.520921e-03 code_nmse=-20.810dB cos=0.996312 decoder_mse=2.297696e-06 decoder_nmse=-22.937dB n=30000
I 07.11/04:59:04 train_adapter.py:864 ] Epoch [300/400] test code_loss=4.540038e-03 code_mse=4.540038e-03 code_nmse=-20.794dB cos=0.996295 decoder_mse=2.326755e-06 decoder_nmse=-22.883dB n=20000
I 07.11/04:59:04 train_adapter.py:916 ] Epoch [300/400] lr=1.714425e-04 train_loss=9.716379e-03 train_code_loss=2.911884e-03 train_code_mse=2.911884e-03 train_code_nmse=-22.714dB train_cos=0.997455 train_recon_mse=1.429837e-06 train_decoder_nmse=-24.993dB delta_ratio=5.833640e-01
I 07.11/04:59:18 train_adapter.py:916 ] Epoch [301/400] lr=1.701104e-04 train_loss=9.708267e-03 train_code_loss=2.909646e-03 train_code_mse=2.909646e-03 train_code_nmse=-22.717dB train_cos=0.997458 train_recon_mse=1.429133e-06 train_decoder_nmse=-24.995dB delta_ratio=5.743204e-01
I 07.11/04:59:32 train_adapter.py:916 ] Epoch [302/400] lr=1.687882e-04 train_loss=9.704189e-03 train_code_loss=2.908289e-03 train_code_mse=2.908289e-03 train_code_nmse=-22.719dB train_cos=0.997458 train_recon_mse=1.428506e-06 train_decoder_nmse=-24.997dB delta_ratio=5.802087e-01
I 07.11/04:59:46 train_adapter.py:916 ] Epoch [303/400] lr=1.674760e-04 train_loss=9.694080e-03 train_code_loss=2.905566e-03 train_code_mse=2.905566e-03 train_code_nmse=-22.723dB train_cos=0.997461 train_recon_mse=1.427547e-06 train_decoder_nmse=-25.000dB delta_ratio=5.826618e-01
I 07.11/05:00:00 train_adapter.py:916 ] Epoch [304/400] lr=1.661739e-04 train_loss=9.688412e-03 train_code_loss=2.903998e-03 train_code_mse=2.903998e-03 train_code_nmse=-22.726dB train_cos=0.997462 train_recon_mse=1.427366e-06 train_decoder_nmse=-25.000dB delta_ratio=5.856680e-01
I 07.11/05:00:14 train_adapter.py:916 ] Epoch [305/400] lr=1.648820e-04 train_loss=9.679990e-03 train_code_loss=2.901574e-03 train_code_mse=2.901574e-03 train_code_nmse=-22.729dB train_cos=0.997464 train_recon_mse=1.426388e-06 train_decoder_nmse=-25.003dB delta_ratio=5.824202e-01
I 07.11/05:00:28 train_adapter.py:916 ] Epoch [306/400] lr=1.636003e-04 train_loss=9.672405e-03 train_code_loss=2.898890e-03 train_code_mse=2.898890e-03 train_code_nmse=-22.733dB train_cos=0.997466 train_recon_mse=1.425514e-06 train_decoder_nmse=-25.006dB delta_ratio=5.815358e-01
I 07.11/05:00:42 train_adapter.py:916 ] Epoch [307/400] lr=1.623291e-04 train_loss=9.667344e-03 train_code_loss=2.898070e-03 train_code_mse=2.898070e-03 train_code_nmse=-22.735dB train_cos=0.997467 train_recon_mse=1.425254e-06 train_decoder_nmse=-25.007dB delta_ratio=5.844316e-01
I 07.11/05:00:56 train_adapter.py:916 ] Epoch [308/400] lr=1.610683e-04 train_loss=9.658530e-03 train_code_loss=2.895229e-03 train_code_mse=2.895229e-03 train_code_nmse=-22.739dB train_cos=0.997470 train_recon_mse=1.424322e-06 train_decoder_nmse=-25.010dB delta_ratio=5.858036e-01
I 07.11/05:01:10 train_adapter.py:916 ] Epoch [309/400] lr=1.598181e-04 train_loss=9.654325e-03 train_code_loss=2.894127e-03 train_code_mse=2.894127e-03 train_code_nmse=-22.741dB train_cos=0.997471 train_recon_mse=1.423821e-06 train_decoder_nmse=-25.011dB delta_ratio=5.853909e-01
I 07.11/05:01:26 train_adapter.py:864 ] Epoch [310/400] val code_loss=4.498624e-03 code_mse=4.498624e-03 code_nmse=-20.832dB cos=0.996332 decoder_mse=2.293289e-06 decoder_nmse=-22.946dB n=30000
I 07.11/05:01:27 train_adapter.py:864 ] Epoch [310/400] test code_loss=4.517108e-03 code_mse=4.517108e-03 code_nmse=-20.816dB cos=0.996315 decoder_mse=2.321347e-06 decoder_nmse=-22.893dB n=20000
I 07.11/05:01:27 train_adapter.py:916 ] Epoch [310/400] lr=1.585786e-04 train_loss=9.644966e-03 train_code_loss=2.890852e-03 train_code_mse=2.890852e-03 train_code_nmse=-22.745dB train_cos=0.997473 train_recon_mse=1.422586e-06 train_decoder_nmse=-25.015dB delta_ratio=5.853663e-01
I 07.11/05:01:41 train_adapter.py:916 ] Epoch [311/400] lr=1.573499e-04 train_loss=9.640001e-03 train_code_loss=2.889889e-03 train_code_mse=2.889889e-03 train_code_nmse=-22.747dB train_cos=0.997474 train_recon_mse=1.422544e-06 train_decoder_nmse=-25.015dB delta_ratio=5.824271e-01
I 07.11/05:01:55 train_adapter.py:916 ] Epoch [312/400] lr=1.561320e-04 train_loss=9.629818e-03 train_code_loss=2.886104e-03 train_code_mse=2.886104e-03 train_code_nmse=-22.753dB train_cos=0.997477 train_recon_mse=1.421632e-06 train_decoder_nmse=-25.018dB delta_ratio=5.852823e-01
I 07.11/05:02:09 train_adapter.py:916 ] Epoch [313/400] lr=1.549251e-04 train_loss=9.623983e-03 train_code_loss=2.885303e-03 train_code_mse=2.885303e-03 train_code_nmse=-22.754dB train_cos=0.997478 train_recon_mse=1.420825e-06 train_decoder_nmse=-25.020dB delta_ratio=5.851737e-01
I 07.11/05:02:23 train_adapter.py:916 ] Epoch [314/400] lr=1.537293e-04 train_loss=9.617450e-03 train_code_loss=2.883088e-03 train_code_mse=2.883088e-03 train_code_nmse=-22.757dB train_cos=0.997480 train_recon_mse=1.420343e-06 train_decoder_nmse=-25.022dB delta_ratio=5.892621e-01
I 07.11/05:02:37 train_adapter.py:916 ] Epoch [315/400] lr=1.525445e-04 train_loss=9.611349e-03 train_code_loss=2.881045e-03 train_code_mse=2.881045e-03 train_code_nmse=-22.760dB train_cos=0.997482 train_recon_mse=1.419585e-06 train_decoder_nmse=-25.024dB delta_ratio=5.838802e-01
I 07.11/05:02:51 train_adapter.py:916 ] Epoch [316/400] lr=1.513710e-04 train_loss=9.603867e-03 train_code_loss=2.878905e-03 train_code_mse=2.878905e-03 train_code_nmse=-22.763dB train_cos=0.997484 train_recon_mse=1.419037e-06 train_decoder_nmse=-25.026dB delta_ratio=5.834278e-01
I 07.11/05:03:05 train_adapter.py:916 ] Epoch [317/400] lr=1.502089e-04 train_loss=9.596541e-03 train_code_loss=2.877506e-03 train_code_mse=2.877506e-03 train_code_nmse=-22.766dB train_cos=0.997485 train_recon_mse=1.417679e-06 train_decoder_nmse=-25.030dB delta_ratio=5.864937e-01
I 07.11/05:03:19 train_adapter.py:916 ] Epoch [318/400] lr=1.490581e-04 train_loss=9.592917e-03 train_code_loss=2.875592e-03 train_code_mse=2.875592e-03 train_code_nmse=-22.768dB train_cos=0.997487 train_recon_mse=1.418248e-06 train_decoder_nmse=-25.028dB delta_ratio=5.800016e-01
I 07.11/05:03:33 train_adapter.py:916 ] Epoch [319/400] lr=1.479188e-04 train_loss=9.586023e-03 train_code_loss=2.873708e-03 train_code_mse=2.873708e-03 train_code_nmse=-22.771dB train_cos=0.997488 train_recon_mse=1.417261e-06 train_decoder_nmse=-25.031dB delta_ratio=5.841495e-01
I 07.11/05:03:48 train_adapter.py:864 ] Epoch [320/400] val code_loss=4.501500e-03 code_mse=4.501500e-03 code_nmse=-20.829dB cos=0.996333 decoder_mse=2.291930e-06 decoder_nmse=-22.948dB n=30000
I 07.11/05:03:50 train_adapter.py:864 ] Epoch [320/400] test code_loss=4.520116e-03 code_mse=4.520116e-03 code_nmse=-20.813dB cos=0.996316 decoder_mse=2.321464e-06 decoder_nmse=-22.893dB n=20000
I 07.11/05:03:50 train_adapter.py:916 ] Epoch [320/400] lr=1.467911e-04 train_loss=9.577239e-03 train_code_loss=2.871384e-03 train_code_mse=2.871384e-03 train_code_nmse=-22.775dB train_cos=0.997490 train_recon_mse=1.416349e-06 train_decoder_nmse=-25.034dB delta_ratio=5.864573e-01
I 07.11/05:04:04 train_adapter.py:916 ] Epoch [321/400] lr=1.456751e-04 train_loss=9.575877e-03 train_code_loss=2.871237e-03 train_code_mse=2.871237e-03 train_code_nmse=-22.775dB train_cos=0.997490 train_recon_mse=1.416158e-06 train_decoder_nmse=-25.035dB delta_ratio=5.889803e-01
I 07.11/05:04:18 train_adapter.py:916 ] Epoch [322/400] lr=1.445708e-04 train_loss=9.568203e-03 train_code_loss=2.868639e-03 train_code_mse=2.868639e-03 train_code_nmse=-22.779dB train_cos=0.997493 train_recon_mse=1.415293e-06 train_decoder_nmse=-25.037dB delta_ratio=5.832900e-01
I 07.11/05:04:32 train_adapter.py:916 ] Epoch [323/400] lr=1.434784e-04 train_loss=9.558628e-03 train_code_loss=2.865456e-03 train_code_mse=2.865456e-03 train_code_nmse=-22.784dB train_cos=0.997496 train_recon_mse=1.414470e-06 train_decoder_nmse=-25.040dB delta_ratio=5.849437e-01
I 07.11/05:04:46 train_adapter.py:916 ] Epoch [324/400] lr=1.423978e-04 train_loss=9.552436e-03 train_code_loss=2.864404e-03 train_code_mse=2.864404e-03 train_code_nmse=-22.785dB train_cos=0.997496 train_recon_mse=1.414010e-06 train_decoder_nmse=-25.041dB delta_ratio=5.874416e-01
I 07.11/05:05:00 train_adapter.py:916 ] Epoch [325/400] lr=1.413293e-04 train_loss=9.545186e-03 train_code_loss=2.861642e-03 train_code_mse=2.861642e-03 train_code_nmse=-22.790dB train_cos=0.997499 train_recon_mse=1.413313e-06 train_decoder_nmse=-25.043dB delta_ratio=5.833905e-01
I 07.11/05:05:14 train_adapter.py:916 ] Epoch [326/400] lr=1.402729e-04 train_loss=9.541406e-03 train_code_loss=2.860795e-03 train_code_mse=2.860795e-03 train_code_nmse=-22.791dB train_cos=0.997499 train_recon_mse=1.412994e-06 train_decoder_nmse=-25.044dB delta_ratio=5.888186e-01
I 07.11/05:05:27 train_adapter.py:916 ] Epoch [327/400] lr=1.392286e-04 train_loss=9.535328e-03 train_code_loss=2.858825e-03 train_code_mse=2.858825e-03 train_code_nmse=-22.794dB train_cos=0.997501 train_recon_mse=1.412404e-06 train_decoder_nmse=-25.046dB delta_ratio=5.892090e-01
I 07.11/05:05:39 train_adapter.py:916 ] Epoch [328/400] lr=1.381966e-04 train_loss=9.527450e-03 train_code_loss=2.856409e-03 train_code_mse=2.856409e-03 train_code_nmse=-22.798dB train_cos=0.997503 train_recon_mse=1.411717e-06 train_decoder_nmse=-25.048dB delta_ratio=5.855926e-01
I 07.11/05:05:50 train_adapter.py:916 ] Epoch [329/400] lr=1.371769e-04 train_loss=9.523429e-03 train_code_loss=2.855509e-03 train_code_mse=2.855509e-03 train_code_nmse=-22.799dB train_cos=0.997504 train_recon_mse=1.411226e-06 train_decoder_nmse=-25.050dB delta_ratio=5.900229e-01
I 07.11/05:06:04 train_adapter.py:864 ] Epoch [330/400] val code_loss=4.492540e-03 code_mse=4.492540e-03 code_nmse=-20.838dB cos=0.996343 decoder_mse=2.291163e-06 decoder_nmse=-22.950dB n=30000
I 07.11/05:06:05 train_adapter.py:864 ] Epoch [330/400] test code_loss=4.512926e-03 code_mse=4.512926e-03 code_nmse=-20.820dB cos=0.996325 decoder_mse=2.318408e-06 decoder_nmse=-22.899dB n=20000
I 07.11/05:06:06 train_adapter.py:916 ] Epoch [330/400] lr=1.361696e-04 train_loss=9.515465e-03 train_code_loss=2.852771e-03 train_code_mse=2.852771e-03 train_code_nmse=-22.803dB train_cos=0.997506 train_recon_mse=1.410500e-06 train_decoder_nmse=-25.052dB delta_ratio=5.881132e-01
I 07.11/05:06:17 train_adapter.py:916 ] Epoch [331/400] lr=1.351748e-04 train_loss=9.509602e-03 train_code_loss=2.851431e-03 train_code_mse=2.851431e-03 train_code_nmse=-22.805dB train_cos=0.997508 train_recon_mse=1.409924e-06 train_decoder_nmse=-25.054dB delta_ratio=5.812906e-01
I 07.11/05:06:29 train_adapter.py:916 ] Epoch [332/400] lr=1.341925e-04 train_loss=9.507087e-03 train_code_loss=2.850189e-03 train_code_mse=2.850189e-03 train_code_nmse=-22.807dB train_cos=0.997509 train_recon_mse=1.409787e-06 train_decoder_nmse=-25.054dB delta_ratio=5.866175e-01
I 07.11/05:06:41 train_adapter.py:916 ] Epoch [333/400] lr=1.332228e-04 train_loss=9.500069e-03 train_code_loss=2.848439e-03 train_code_mse=2.848439e-03 train_code_nmse=-22.810dB train_cos=0.997510 train_recon_mse=1.408957e-06 train_decoder_nmse=-25.057dB delta_ratio=5.888249e-01
I 07.11/05:06:53 train_adapter.py:916 ] Epoch [334/400] lr=1.322659e-04 train_loss=9.493421e-03 train_code_loss=2.846916e-03 train_code_mse=2.846916e-03 train_code_nmse=-22.812dB train_cos=0.997512 train_recon_mse=1.408383e-06 train_decoder_nmse=-25.059dB delta_ratio=5.835742e-01
I 07.11/05:07:05 train_adapter.py:916 ] Epoch [335/400] lr=1.313217e-04 train_loss=9.486821e-03 train_code_loss=2.844384e-03 train_code_mse=2.844384e-03 train_code_nmse=-22.816dB train_cos=0.997514 train_recon_mse=1.407656e-06 train_decoder_nmse=-25.061dB delta_ratio=5.907893e-01
I 07.11/05:07:17 train_adapter.py:916 ] Epoch [336/400] lr=1.303904e-04 train_loss=9.480969e-03 train_code_loss=2.842788e-03 train_code_mse=2.842788e-03 train_code_nmse=-22.818dB train_cos=0.997515 train_recon_mse=1.407325e-06 train_decoder_nmse=-25.062dB delta_ratio=5.900376e-01
I 07.11/05:07:29 train_adapter.py:916 ] Epoch [337/400] lr=1.294720e-04 train_loss=9.478666e-03 train_code_loss=2.842690e-03 train_code_mse=2.842690e-03 train_code_nmse=-22.818dB train_cos=0.997515 train_recon_mse=1.406753e-06 train_decoder_nmse=-25.064dB delta_ratio=5.902577e-01
I 07.11/05:07:40 train_adapter.py:916 ] Epoch [338/400] lr=1.285665e-04 train_loss=9.470303e-03 train_code_loss=2.839856e-03 train_code_mse=2.839856e-03 train_code_nmse=-22.823dB train_cos=0.997518 train_recon_mse=1.406252e-06 train_decoder_nmse=-25.065dB delta_ratio=5.852648e-01
I 07.11/05:07:52 train_adapter.py:916 ] Epoch [339/400] lr=1.276742e-04 train_loss=9.465075e-03 train_code_loss=2.838428e-03 train_code_mse=2.838428e-03 train_code_nmse=-22.825dB train_cos=0.997519 train_recon_mse=1.405559e-06 train_decoder_nmse=-25.067dB delta_ratio=5.828657e-01
I 07.11/05:08:06 train_adapter.py:864 ] Epoch [340/400] val code_loss=4.480483e-03 code_mse=4.480483e-03 code_nmse=-20.849dB cos=0.996354 decoder_mse=2.286124e-06 decoder_nmse=-22.959dB n=30000
I 07.11/05:08:07 train_adapter.py:864 ] Epoch [340/400] test code_loss=4.501927e-03 code_mse=4.501927e-03 code_nmse=-20.830dB cos=0.996335 decoder_mse=2.315330e-06 decoder_nmse=-22.905dB n=20000
I 07.11/05:08:07 train_adapter.py:916 ] Epoch [340/400] lr=1.267949e-04 train_loss=9.462881e-03 train_code_loss=2.837316e-03 train_code_mse=2.837316e-03 train_code_nmse=-22.827dB train_cos=0.997520 train_recon_mse=1.405461e-06 train_decoder_nmse=-25.068dB delta_ratio=5.893958e-01
I 07.11/05:08:19 train_adapter.py:916 ] Epoch [341/400] lr=1.259289e-04 train_loss=9.454145e-03 train_code_loss=2.835498e-03 train_code_mse=2.835498e-03 train_code_nmse=-22.829dB train_cos=0.997521 train_recon_mse=1.404359e-06 train_decoder_nmse=-25.071dB delta_ratio=5.837288e-01
I 07.11/05:08:31 train_adapter.py:916 ] Epoch [342/400] lr=1.250761e-04 train_loss=9.450602e-03 train_code_loss=2.833354e-03 train_code_mse=2.833354e-03 train_code_nmse=-22.833dB train_cos=0.997523 train_recon_mse=1.404523e-06 train_decoder_nmse=-25.071dB delta_ratio=5.887423e-01
I 07.11/05:08:43 train_adapter.py:916 ] Epoch [343/400] lr=1.242366e-04 train_loss=9.445211e-03 train_code_loss=2.832506e-03 train_code_mse=2.832506e-03 train_code_nmse=-22.834dB train_cos=0.997524 train_recon_mse=1.403763e-06 train_decoder_nmse=-25.073dB delta_ratio=5.859222e-01
I 07.11/05:08:55 train_adapter.py:916 ] Epoch [344/400] lr=1.234105e-04 train_loss=9.443353e-03 train_code_loss=2.831593e-03 train_code_mse=2.831593e-03 train_code_nmse=-22.835dB train_cos=0.997525 train_recon_mse=1.403554e-06 train_decoder_nmse=-25.074dB delta_ratio=5.871396e-01
I 07.11/05:09:07 train_adapter.py:916 ] Epoch [345/400] lr=1.225978e-04 train_loss=9.437728e-03 train_code_loss=2.830123e-03 train_code_mse=2.830123e-03 train_code_nmse=-22.838dB train_cos=0.997526 train_recon_mse=1.403141e-06 train_decoder_nmse=-25.075dB delta_ratio=5.881981e-01
I 07.11/05:09:19 train_adapter.py:916 ] Epoch [346/400] lr=1.217987e-04 train_loss=9.430743e-03 train_code_loss=2.828106e-03 train_code_mse=2.828106e-03 train_code_nmse=-22.841dB train_cos=0.997528 train_recon_mse=1.402403e-06 train_decoder_nmse=-25.077dB delta_ratio=5.878330e-01
I 07.11/05:09:31 train_adapter.py:916 ] Epoch [347/400] lr=1.210131e-04 train_loss=9.427355e-03 train_code_loss=2.826980e-03 train_code_mse=2.826980e-03 train_code_nmse=-22.843dB train_cos=0.997529 train_recon_mse=1.401844e-06 train_decoder_nmse=-25.079dB delta_ratio=5.867001e-01
I 07.11/05:09:42 train_adapter.py:916 ] Epoch [348/400] lr=1.202412e-04 train_loss=9.422522e-03 train_code_loss=2.825727e-03 train_code_mse=2.825727e-03 train_code_nmse=-22.844dB train_cos=0.997530 train_recon_mse=1.401385e-06 train_decoder_nmse=-25.080dB delta_ratio=5.935936e-01
I 07.11/05:09:54 train_adapter.py:916 ] Epoch [349/400] lr=1.194829e-04 train_loss=9.415677e-03 train_code_loss=2.823566e-03 train_code_mse=2.823566e-03 train_code_nmse=-22.848dB train_cos=0.997532 train_recon_mse=1.401102e-06 train_decoder_nmse=-25.081dB delta_ratio=5.885481e-01
I 07.11/05:10:08 train_adapter.py:864 ] Epoch [350/400] val code_loss=4.486812e-03 code_mse=4.486812e-03 code_nmse=-20.843dB cos=0.996352 decoder_mse=2.286546e-06 decoder_nmse=-22.958dB n=30000
I 07.11/05:10:09 train_adapter.py:864 ] Epoch [350/400] test code_loss=4.505168e-03 code_mse=4.505168e-03 code_nmse=-20.827dB cos=0.996335 decoder_mse=2.315259e-06 decoder_nmse=-22.905dB n=20000
I 07.11/05:10:09 train_adapter.py:916 ] Epoch [350/400] lr=1.187384e-04 train_loss=9.411115e-03 train_code_loss=2.822437e-03 train_code_mse=2.822437e-03 train_code_nmse=-22.849dB train_cos=0.997533 train_recon_mse=1.400482e-06 train_decoder_nmse=-25.083dB delta_ratio=5.903038e-01
I 07.11/05:10:21 train_adapter.py:916 ] Epoch [351/400] lr=1.180077e-04 train_loss=9.407459e-03 train_code_loss=2.821339e-03 train_code_mse=2.821339e-03 train_code_nmse=-22.851dB train_cos=0.997534 train_recon_mse=1.399985e-06 train_decoder_nmse=-25.085dB delta_ratio=5.878916e-01
I 07.11/05:10:33 train_adapter.py:916 ] Epoch [352/400] lr=1.172909e-04 train_loss=9.401387e-03 train_code_loss=2.819503e-03 train_code_mse=2.819503e-03 train_code_nmse=-22.854dB train_cos=0.997535 train_recon_mse=1.399628e-06 train_decoder_nmse=-25.086dB delta_ratio=5.900299e-01
I 07.11/05:10:45 train_adapter.py:916 ] Epoch [353/400] lr=1.165880e-04 train_loss=9.398749e-03 train_code_loss=2.818240e-03 train_code_mse=2.818240e-03 train_code_nmse=-22.856dB train_cos=0.997536 train_recon_mse=1.399474e-06 train_decoder_nmse=-25.086dB delta_ratio=5.835795e-01
I 07.11/05:10:57 train_adapter.py:916 ] Epoch [354/400] lr=1.158990e-04 train_loss=9.394182e-03 train_code_loss=2.817495e-03 train_code_mse=2.817495e-03 train_code_nmse=-22.857dB train_cos=0.997537 train_recon_mse=1.398785e-06 train_decoder_nmse=-25.088dB delta_ratio=5.922798e-01
I 07.11/05:11:09 train_adapter.py:916 ] Epoch [355/400] lr=1.152241e-04 train_loss=9.389491e-03 train_code_loss=2.815961e-03 train_code_mse=2.815961e-03 train_code_nmse=-22.859dB train_cos=0.997538 train_recon_mse=1.398301e-06 train_decoder_nmse=-25.090dB delta_ratio=5.922148e-01
I 07.11/05:11:20 train_adapter.py:916 ] Epoch [356/400] lr=1.145632e-04 train_loss=9.385175e-03 train_code_loss=2.814647e-03 train_code_mse=2.814647e-03 train_code_nmse=-22.861dB train_cos=0.997539 train_recon_mse=1.397905e-06 train_decoder_nmse=-25.091dB delta_ratio=5.902982e-01
I 07.11/05:11:32 train_adapter.py:916 ] Epoch [357/400] lr=1.139165e-04 train_loss=9.381245e-03 train_code_loss=2.813829e-03 train_code_mse=2.813829e-03 train_code_nmse=-22.863dB train_cos=0.997540 train_recon_mse=1.397684e-06 train_decoder_nmse=-25.092dB delta_ratio=5.924109e-01
I 07.11/05:11:44 train_adapter.py:916 ] Epoch [358/400] lr=1.132839e-04 train_loss=9.375083e-03 train_code_loss=2.811780e-03 train_code_mse=2.811780e-03 train_code_nmse=-22.866dB train_cos=0.997542 train_recon_mse=1.397009e-06 train_decoder_nmse=-25.094dB delta_ratio=5.840322e-01
I 07.11/05:11:56 train_adapter.py:916 ] Epoch [359/400] lr=1.126656e-04 train_loss=9.373298e-03 train_code_loss=2.811182e-03 train_code_mse=2.811182e-03 train_code_nmse=-22.867dB train_cos=0.997542 train_recon_mse=1.396909e-06 train_decoder_nmse=-25.094dB delta_ratio=5.923373e-01
I 07.11/05:12:09 train_adapter.py:864 ] Epoch [360/400] val code_loss=4.481767e-03 code_mse=4.481767e-03 code_nmse=-20.848dB cos=0.996357 decoder_mse=2.284320e-06 decoder_nmse=-22.963dB n=30000
I 07.11/05:12:11 train_adapter.py:864 ] Epoch [360/400] test code_loss=4.502680e-03 code_mse=4.502680e-03 code_nmse=-20.829dB cos=0.996338 decoder_mse=2.314953e-06 decoder_nmse=-22.905dB n=20000
I 07.11/05:12:11 train_adapter.py:916 ] Epoch [360/400] lr=1.120615e-04 train_loss=9.367072e-03 train_code_loss=2.809475e-03 train_code_mse=2.809475e-03 train_code_nmse=-22.869dB train_cos=0.997544 train_recon_mse=1.396118e-06 train_decoder_nmse=-25.097dB delta_ratio=5.923811e-01
I 07.11/05:12:23 train_adapter.py:916 ] Epoch [361/400] lr=1.114717e-04 train_loss=9.365863e-03 train_code_loss=2.808825e-03 train_code_mse=2.808825e-03 train_code_nmse=-22.870dB train_cos=0.997544 train_recon_mse=1.396154e-06 train_decoder_nmse=-25.096dB delta_ratio=5.861306e-01
I 07.11/05:12:35 train_adapter.py:916 ] Epoch [362/400] lr=1.108963e-04 train_loss=9.362541e-03 train_code_loss=2.808227e-03 train_code_mse=2.808227e-03 train_code_nmse=-22.871dB train_cos=0.997545 train_recon_mse=1.395901e-06 train_decoder_nmse=-25.097dB delta_ratio=5.856687e-01
I 07.11/05:12:47 train_adapter.py:916 ] Epoch [363/400] lr=1.103353e-04 train_loss=9.358412e-03 train_code_loss=2.806748e-03 train_code_mse=2.806748e-03 train_code_nmse=-22.874dB train_cos=0.997546 train_recon_mse=1.395170e-06 train_decoder_nmse=-25.100dB delta_ratio=5.893343e-01
I 07.11/05:12:59 train_adapter.py:916 ] Epoch [364/400] lr=1.097887e-04 train_loss=9.354102e-03 train_code_loss=2.805675e-03 train_code_mse=2.805675e-03 train_code_nmse=-22.875dB train_cos=0.997547 train_recon_mse=1.394977e-06 train_decoder_nmse=-25.100dB delta_ratio=5.905660e-01
I 07.11/05:13:11 train_adapter.py:916 ] Epoch [365/400] lr=1.092566e-04 train_loss=9.349333e-03 train_code_loss=2.804573e-03 train_code_mse=2.804573e-03 train_code_nmse=-22.877dB train_cos=0.997548 train_recon_mse=1.394495e-06 train_decoder_nmse=-25.102dB delta_ratio=5.869493e-01
I 07.11/05:13:22 train_adapter.py:916 ] Epoch [366/400] lr=1.087390e-04 train_loss=9.344276e-03 train_code_loss=2.802389e-03 train_code_mse=2.802389e-03 train_code_nmse=-22.880dB train_cos=0.997550 train_recon_mse=1.393890e-06 train_decoder_nmse=-25.104dB delta_ratio=5.898997e-01
I 07.11/05:13:34 train_adapter.py:916 ] Epoch [367/400] lr=1.082361e-04 train_loss=9.340505e-03 train_code_loss=2.801714e-03 train_code_mse=2.801714e-03 train_code_nmse=-22.881dB train_cos=0.997551 train_recon_mse=1.393688e-06 train_decoder_nmse=-25.104dB delta_ratio=5.898842e-01
I 07.11/05:13:46 train_adapter.py:916 ] Epoch [368/400] lr=1.077477e-04 train_loss=9.337048e-03 train_code_loss=2.800555e-03 train_code_mse=2.800555e-03 train_code_nmse=-22.883dB train_cos=0.997551 train_recon_mse=1.393288e-06 train_decoder_nmse=-25.105dB delta_ratio=5.912350e-01
I 07.11/05:13:58 train_adapter.py:916 ] Epoch [369/400] lr=1.072739e-04 train_loss=9.335576e-03 train_code_loss=2.800175e-03 train_code_mse=2.800175e-03 train_code_nmse=-22.884dB train_cos=0.997552 train_recon_mse=1.393044e-06 train_decoder_nmse=-25.106dB delta_ratio=5.931705e-01
I 07.11/05:14:11 train_adapter.py:864 ] Epoch [370/400] val code_loss=4.478307e-03 code_mse=4.478307e-03 code_nmse=-20.852dB cos=0.996362 decoder_mse=2.283907e-06 decoder_nmse=-22.963dB n=30000
I 07.11/05:14:13 train_adapter.py:864 ] Epoch [370/400] test code_loss=4.496020e-03 code_mse=4.496020e-03 code_nmse=-20.836dB cos=0.996345 decoder_mse=2.312266e-06 decoder_nmse=-22.910dB n=20000
I 07.11/05:14:13 train_adapter.py:916 ] Epoch [370/400] lr=1.068148e-04 train_loss=9.329721e-03 train_code_loss=2.798642e-03 train_code_mse=2.798642e-03 train_code_nmse=-22.886dB train_cos=0.997553 train_recon_mse=1.392719e-06 train_decoder_nmse=-25.107dB delta_ratio=5.921084e-01
I 07.11/05:14:25 train_adapter.py:916 ] Epoch [371/400] lr=1.063705e-04 train_loss=9.328329e-03 train_code_loss=2.798181e-03 train_code_mse=2.798181e-03 train_code_nmse=-22.887dB train_cos=0.997554 train_recon_mse=1.392468e-06 train_decoder_nmse=-25.108dB delta_ratio=5.913193e-01
I 07.11/05:14:37 train_adapter.py:916 ] Epoch [372/400] lr=1.059409e-04 train_loss=9.321914e-03 train_code_loss=2.795960e-03 train_code_mse=2.795960e-03 train_code_nmse=-22.890dB train_cos=0.997556 train_recon_mse=1.392163e-06 train_decoder_nmse=-25.109dB delta_ratio=5.920638e-01
I 07.11/05:14:49 train_adapter.py:916 ] Epoch [373/400] lr=1.055260e-04 train_loss=9.320136e-03 train_code_loss=2.795398e-03 train_code_mse=2.795398e-03 train_code_nmse=-22.891dB train_cos=0.997556 train_recon_mse=1.391755e-06 train_decoder_nmse=-25.110dB delta_ratio=5.860258e-01
I 07.11/05:15:01 train_adapter.py:916 ] Epoch [374/400] lr=1.051260e-04 train_loss=9.317832e-03 train_code_loss=2.794994e-03 train_code_mse=2.794994e-03 train_code_nmse=-22.892dB train_cos=0.997556 train_recon_mse=1.391586e-06 train_decoder_nmse=-25.111dB delta_ratio=5.929175e-01
I 07.11/05:15:13 train_adapter.py:916 ] Epoch [375/400] lr=1.047408e-04 train_loss=9.313671e-03 train_code_loss=2.793467e-03 train_code_mse=2.793467e-03 train_code_nmse=-22.894dB train_cos=0.997558 train_recon_mse=1.391150e-06 train_decoder_nmse=-25.112dB delta_ratio=5.928348e-01
I 07.11/05:15:24 train_adapter.py:916 ] Epoch [376/400] lr=1.043705e-04 train_loss=9.308440e-03 train_code_loss=2.791810e-03 train_code_mse=2.791810e-03 train_code_nmse=-22.897dB train_cos=0.997559 train_recon_mse=1.390628e-06 train_decoder_nmse=-25.114dB delta_ratio=5.925237e-01
I 07.11/05:15:36 train_adapter.py:916 ] Epoch [377/400] lr=1.040151e-04 train_loss=9.308018e-03 train_code_loss=2.792081e-03 train_code_mse=2.792081e-03 train_code_nmse=-22.896dB train_cos=0.997559 train_recon_mse=1.390460e-06 train_decoder_nmse=-25.114dB delta_ratio=5.910650e-01
I 07.11/05:15:48 train_adapter.py:916 ] Epoch [378/400] lr=1.036746e-04 train_loss=9.305959e-03 train_code_loss=2.790984e-03 train_code_mse=2.790984e-03 train_code_nmse=-22.898dB train_cos=0.997560 train_recon_mse=1.390606e-06 train_decoder_nmse=-25.114dB delta_ratio=5.901379e-01
I 07.11/05:16:00 train_adapter.py:916 ] Epoch [379/400] lr=1.033490e-04 train_loss=9.301995e-03 train_code_loss=2.789902e-03 train_code_mse=2.789902e-03 train_code_nmse=-22.900dB train_cos=0.997561 train_recon_mse=1.390078e-06 train_decoder_nmse=-25.115dB delta_ratio=5.927693e-01
I 07.11/05:16:13 train_adapter.py:864 ] Epoch [380/400] val code_loss=4.472620e-03 code_mse=4.472620e-03 code_nmse=-20.857dB cos=0.996369 decoder_mse=2.283069e-06 decoder_nmse=-22.965dB n=30000
I 07.11/05:16:15 train_adapter.py:864 ] Epoch [380/400] test code_loss=4.491560e-03 code_mse=4.491560e-03 code_nmse=-20.840dB cos=0.996351 decoder_mse=2.311557e-06 decoder_nmse=-22.912dB n=20000
I 07.11/05:16:15 train_adapter.py:916 ] Epoch [380/400] lr=1.030384e-04 train_loss=9.300270e-03 train_code_loss=2.789540e-03 train_code_mse=2.789540e-03 train_code_nmse=-22.900dB train_cos=0.997561 train_recon_mse=1.389952e-06 train_decoder_nmse=-25.116dB delta_ratio=5.932693e-01
I 07.11/05:16:27 train_adapter.py:916 ] Epoch [381/400] lr=1.027429e-04 train_loss=9.297397e-03 train_code_loss=2.788535e-03 train_code_mse=2.788535e-03 train_code_nmse=-22.902dB train_cos=0.997562 train_recon_mse=1.389586e-06 train_decoder_nmse=-25.117dB delta_ratio=5.912560e-01
I 07.11/05:16:39 train_adapter.py:916 ] Epoch [382/400] lr=1.024623e-04 train_loss=9.294580e-03 train_code_loss=2.787649e-03 train_code_mse=2.787649e-03 train_code_nmse=-22.903dB train_cos=0.997563 train_recon_mse=1.389502e-06 train_decoder_nmse=-25.117dB delta_ratio=5.895501e-01
I 07.11/05:16:51 train_adapter.py:916 ] Epoch [383/400] lr=1.021968e-04 train_loss=9.288374e-03 train_code_loss=2.786051e-03 train_code_mse=2.786051e-03 train_code_nmse=-22.906dB train_cos=0.997564 train_recon_mse=1.388683e-06 train_decoder_nmse=-25.120dB delta_ratio=5.916061e-01
I 07.11/05:17:02 train_adapter.py:916 ] Epoch [384/400] lr=1.019464e-04 train_loss=9.283916e-03 train_code_loss=2.785026e-03 train_code_mse=2.785026e-03 train_code_nmse=-22.907dB train_cos=0.997565 train_recon_mse=1.388183e-06 train_decoder_nmse=-25.121dB delta_ratio=5.861838e-01
I 07.11/05:17:14 train_adapter.py:916 ] Epoch [385/400] lr=1.017110e-04 train_loss=9.284071e-03 train_code_loss=2.784713e-03 train_code_mse=2.784713e-03 train_code_nmse=-22.908dB train_cos=0.997565 train_recon_mse=1.388364e-06 train_decoder_nmse=-25.121dB delta_ratio=5.876285e-01
I 07.11/05:17:26 train_adapter.py:916 ] Epoch [386/400] lr=1.014908e-04 train_loss=9.279561e-03 train_code_loss=2.783457e-03 train_code_mse=2.783457e-03 train_code_nmse=-22.910dB train_cos=0.997566 train_recon_mse=1.387693e-06 train_decoder_nmse=-25.123dB delta_ratio=5.880293e-01
I 07.11/05:17:38 train_adapter.py:916 ] Epoch [387/400] lr=1.012856e-04 train_loss=9.277915e-03 train_code_loss=2.782959e-03 train_code_mse=2.782959e-03 train_code_nmse=-22.911dB train_cos=0.997567 train_recon_mse=1.387800e-06 train_decoder_nmse=-25.123dB delta_ratio=5.909718e-01
I 07.11/05:17:50 train_adapter.py:916 ] Epoch [388/400] lr=1.010956e-04 train_loss=9.276167e-03 train_code_loss=2.782107e-03 train_code_mse=2.782107e-03 train_code_nmse=-22.912dB train_cos=0.997568 train_recon_mse=1.387627e-06 train_decoder_nmse=-25.123dB delta_ratio=5.947868e-01
I 07.11/05:18:01 train_adapter.py:916 ] Epoch [389/400] lr=1.009208e-04 train_loss=9.273730e-03 train_code_loss=2.782012e-03 train_code_mse=2.782012e-03 train_code_nmse=-22.912dB train_cos=0.997568 train_recon_mse=1.387130e-06 train_decoder_nmse=-25.125dB delta_ratio=5.900552e-01
I 07.11/05:18:15 train_adapter.py:864 ] Epoch [390/400] val code_loss=4.469255e-03 code_mse=4.469255e-03 code_nmse=-20.860dB cos=0.996373 decoder_mse=2.282465e-06 decoder_nmse=-22.966dB n=30000
I 07.11/05:18:16 train_adapter.py:864 ] Epoch [390/400] test code_loss=4.486658e-03 code_mse=4.486658e-03 code_nmse=-20.845dB cos=0.996356 decoder_mse=2.311998e-06 decoder_nmse=-22.911dB n=20000
I 07.11/05:18:16 train_adapter.py:916 ] Epoch [390/400] lr=1.007611e-04 train_loss=9.270347e-03 train_code_loss=2.780385e-03 train_code_mse=2.780385e-03 train_code_nmse=-22.915dB train_cos=0.997569 train_recon_mse=1.387050e-06 train_decoder_nmse=-25.125dB delta_ratio=5.939611e-01
I 07.11/05:18:28 train_adapter.py:916 ] Epoch [391/400] lr=1.006165e-04 train_loss=9.271773e-03 train_code_loss=2.780636e-03 train_code_mse=2.780636e-03 train_code_nmse=-22.914dB train_cos=0.997569 train_recon_mse=1.387312e-06 train_decoder_nmse=-25.124dB delta_ratio=5.916273e-01
I 07.11/05:18:40 train_adapter.py:916 ] Epoch [392/400] lr=1.004872e-04 train_loss=9.266945e-03 train_code_loss=2.779771e-03 train_code_mse=2.779771e-03 train_code_nmse=-22.916dB train_cos=0.997570 train_recon_mse=1.386611e-06 train_decoder_nmse=-25.126dB delta_ratio=5.957169e-01
I 07.11/05:18:53 train_adapter.py:916 ] Epoch [393/400] lr=1.003730e-04 train_loss=9.266261e-03 train_code_loss=2.779029e-03 train_code_mse=2.779029e-03 train_code_nmse=-22.917dB train_cos=0.997570 train_recon_mse=1.386485e-06 train_decoder_nmse=-25.127dB delta_ratio=5.916440e-01
I 07.11/05:19:05 train_adapter.py:916 ] Epoch [394/400] lr=1.002741e-04 train_loss=9.262589e-03 train_code_loss=2.778089e-03 train_code_mse=2.778089e-03 train_code_nmse=-22.918dB train_cos=0.997571 train_recon_mse=1.386136e-06 train_decoder_nmse=-25.128dB delta_ratio=5.922466e-01
I 07.11/05:19:16 train_adapter.py:916 ] Epoch [395/400] lr=1.001904e-04 train_loss=9.262767e-03 train_code_loss=2.778368e-03 train_code_mse=2.778368e-03 train_code_nmse=-22.918dB train_cos=0.997571 train_recon_mse=1.386200e-06 train_decoder_nmse=-25.128dB delta_ratio=5.959505e-01
I 07.11/05:19:27 train_adapter.py:916 ] Epoch [396/400] lr=1.001218e-04 train_loss=9.257300e-03 train_code_loss=2.776672e-03 train_code_mse=2.776672e-03 train_code_nmse=-22.920dB train_cos=0.997572 train_recon_mse=1.385857e-06 train_decoder_nmse=-25.129dB delta_ratio=5.961977e-01
I 07.11/05:19:37 train_adapter.py:916 ] Epoch [397/400] lr=1.000685e-04 train_loss=9.255766e-03 train_code_loss=2.776604e-03 train_code_mse=2.776604e-03 train_code_nmse=-22.921dB train_cos=0.997572 train_recon_mse=1.385533e-06 train_decoder_nmse=-25.130dB delta_ratio=5.964822e-01
I 07.11/05:19:47 train_adapter.py:916 ] Epoch [398/400] lr=1.000305e-04 train_loss=9.253641e-03 train_code_loss=2.775805e-03 train_code_mse=2.775805e-03 train_code_nmse=-22.922dB train_cos=0.997573 train_recon_mse=1.385387e-06 train_decoder_nmse=-25.130dB delta_ratio=5.963631e-01
I 07.11/05:19:54 train_adapter.py:916 ] Epoch [399/400] lr=1.000076e-04 train_loss=9.252999e-03 train_code_loss=2.775512e-03 train_code_mse=2.775512e-03 train_code_nmse=-22.922dB train_cos=0.997573 train_recon_mse=1.385160e-06 train_decoder_nmse=-25.131dB delta_ratio=5.926132e-01
I 07.11/05:20:00 train_adapter.py:864 ] Epoch [400/400] val code_loss=4.476085e-03 code_mse=4.476085e-03 code_nmse=-20.854dB cos=0.996367 decoder_mse=2.281849e-06 decoder_nmse=-22.967dB n=30000
I 07.11/05:20:00 train_adapter.py:864 ] Epoch [400/400] test code_loss=4.493463e-03 code_mse=4.493463e-03 code_nmse=-20.838dB cos=0.996350 decoder_mse=2.311044e-06 decoder_nmse=-22.913dB n=20000
I 07.11/05:20:01 train_adapter.py:916 ] Epoch [400/400] lr=1.000000e-04 train_loss=9.252631e-03 train_code_loss=2.775447e-03 train_code_mse=2.775447e-03 train_code_nmse=-22.922dB train_cos=0.997573 train_recon_mse=1.385486e-06 train_decoder_nmse=-25.130dB delta_ratio=5.961834e-01
I 07.11/05:20:01 train_adapter.py:948 ] => Exporting mapped codewords from adapter/exps/exp7/42_enc_target_l3_rs0p5_rec700/checkpoints/best_decoder_nmse.pth
I 07.11/05:20:03 train_adapter.py:957 ] => Saved train mapped codewords (100000, 512)
I 07.11/05:20:03 train_adapter.py:957 ] => Saved val mapped codewords (30000, 512)
I 07.11/05:20:04 train_adapter.py:957 ] => Saved test mapped codewords (20000, 512)
I 07.11/05:20:04 train_adapter.py:961 ] => Best val_code_mse: {'metric': 0.004469254565487305, 'epoch': 390, 'metrics': {'code_loss': 0.004469254565487305, 'code_mse': 0.004469254565487305, 'feature_mse': 0.0030053367894142865, 'encoder_consistency_mse': 0.0032347610559314488, 'code_nmse': -20.860305786132812, 'code_cos': 0.996372642326355, 'decoder_mse': 2.2824654003973893e-06, 'decoder_nmse': -22.96613311767578, 'n': 30000}}
I 07.11/05:20:04 train_adapter.py:962 ] => Best val_decoder_nmse: {'metric': -22.967308044433594, 'epoch': 400, 'metrics': {'code_loss': 0.004476085497687261, 'code_mse': 0.004476085497687261, 'feature_mse': 0.0030206432964652776, 'encoder_consistency_mse': 0.0032322435895601907, 'code_nmse': -20.85367202758789, 'code_cos': 0.9963671458244324, 'decoder_mse': 2.2818491441285003e-06, 'decoder_nmse': -22.967308044433594, 'n': 30000}}
