I 07.03/20:40:39 logger.py:152 ] => Experiment directory: mapper/exps/hybrid/alignaffine_condstart_scale1.0/seed3407_clnet_transnet_to_seed42_transnet_sl10.0_st0.0r0.2_dt0.0r0.05_white0.0_rec0.0_recT0.0_fc0.0_decTail0.0r0.2_cos0.0_cov0.0_lr5e-4_ep400
I 07.03/20:40:39 logger.py:71  ] => Runtime Context:
I 07.03/20:40:39 logger.py:72  ]    cwd: /storage/hujiacong/zxd/Huawei/UniversalCSI
I 07.03/20:40:39 logger.py:73  ]    pid: 3982874
I 07.03/20:40:39 logger.py:74  ]    command: mapper/train_mapper.py --source_code exps/COST2100/in/seed3407/clnet_transnet/codewords/train_code.pt --target_code exps/COST2100/in/seed42/transnet_transnet/codewords/train_code.pt --exp_dir mapper/exps/hybrid/alignaffine_condstart_scale1.0/seed3407_clnet_transnet_to_seed42_transnet_sl10.0_st0.0r0.2_dt0.0r0.05_white0.0_rec0.0_recT0.0_fc0.0_decTail0.0r0.2_cos0.0_cov0.0_lr5e-4_ep400 --mapper hybrid --epochs 400 --batch_size 1024 --workers 0 --lr 5e-4 --weight_decay 1e-4 --scheduler cosine --eta_min 5e-5 --hidden_dim 2048 --num_blocks 4 --flow_hidden_dim 1024 --flow_blocks 8 --flow_clamp 0.1 --dropout 0.0 --align_mode affine --align_ridge 1e-4 --residual_condition start --residual_scale 1.0 --val_ratio 0 --max_samples 0 --lambda_cos 0.0 --lambda_cov 0.0 --lambda_smoothl1 0.0 --smoothl1_beta 0.05 --lambda_sample_tail 0.0 --sample_tail_ratio 0.2 --lambda_dim_tail 0.0 --dim_tail_ratio 0.05 --lambda_whiten 0.0 --whiten_eps_ratio 1e-3 --lambda_rec 0.0 --lambda_recT 0.0 --lambda_fc 0.0 --lambda_decoder_tail 0.0 --decoder_tail_ratio 0.2 --decoder_checkpoint exps/COST2100/in/seed42/transnet_transnet/checkpoints/best_nmse.pth --decoder_args_json exps/COST2100/in/seed42/transnet_transnet/args.json --csi_path /storage/hujiacong/zxd/datasets/cost2100/in_train.pt --gpu 7 --seed 2026 --residual_mapping
I 07.03/20:40:39 logger.py:75  ]    python: 3.11.14 (main, Oct 21 2025, 18:31:21) [GCC 11.2.0]
I 07.03/20:40:39 logger.py:76  ]    pytorch: 2.5.1
I 07.03/20:40:39 logger.py:77  ]    cuda_available: True
I 07.03/20:40:39 logger.py:79  ]    cuda_version: 12.1
I 07.03/20:40:39 logger.py:81  ]    CUDA_VISIBLE_DEVICES: 7
I 07.03/20:40:39 logger.py:91  ]    current_device: not initialized yet
I 07.03/20:40:39 logger.py:63  ] => Arguments:
{
  "align_mode": "affine",
  "align_ridge": 0.0001,
  "batch_size": 1024,
  "cpu": false,
  "csi_path": "/storage/hujiacong/zxd/datasets/cost2100/in_train.pt",
  "decoder_args_json": "exps/COST2100/in/seed42/transnet_transnet/args.json",
  "decoder_channel": null,
  "decoder_checkpoint": "exps/COST2100/in/seed42/transnet_transnet/checkpoints/best_nmse.pth",
  "decoder_cr": null,
  "decoder_d_model": null,
  "decoder_dim_feedforward": null,
  "decoder_hidden": null,
  "decoder_name": null,
  "decoder_nc": null,
  "decoder_nt": null,
  "decoder_num_blocks": null,
  "decoder_tail_ratio": 0.2,
  "dim_tail_ratio": 0.05,
  "dropout": 0.0,
  "epochs": 400,
  "eta_min": 5e-05,
  "exp_dir": "mapper/exps/hybrid/alignaffine_condstart_scale1.0/seed3407_clnet_transnet_to_seed42_transnet_sl10.0_st0.0r0.2_dt0.0r0.05_white0.0_rec0.0_recT0.0_fc0.0_decTail0.0r0.2_cos0.0_cov0.0_lr5e-4_ep400",
  "flow_blocks": 8,
  "flow_clamp": 0.1,
  "flow_hidden_dim": 1024,
  "gpu": 7,
  "hidden_dim": 2048,
  "lambda_cos": 0.0,
  "lambda_cov": 0.0,
  "lambda_decoder_tail": 0.0,
  "lambda_dim_tail": 0.0,
  "lambda_fc": 0.0,
  "lambda_rec": 0.0,
  "lambda_recT": 0.0,
  "lambda_sample_tail": 0.0,
  "lambda_smoothl1": 0.0,
  "lambda_whiten": 0.0,
  "lr": 0.0005,
  "mapper": "hybrid",
  "max_samples": 0,
  "num_blocks": 4,
  "residual_condition": "start",
  "residual_mapping": true,
  "residual_scale": 1.0,
  "sample_tail_ratio": 0.2,
  "save_last": false,
  "scheduler": "cosine",
  "seed": 2026,
  "smoothl1_beta": 0.05,
  "source_code": "exps/COST2100/in/seed3407/clnet_transnet/codewords/train_code.pt",
  "target_code": "exps/COST2100/in/seed42/transnet_transnet/codewords/train_code.pt",
  "val_ratio": 0.0,
  "weight_decay": 0.0001,
  "whiten_eps_ratio": 0.001,
  "workers": 0
}
I 07.03/20:40:39 train_mapper.py:547 ] => Checkpoint directory: mapper/exps/hybrid/alignaffine_condstart_scale1.0/seed3407_clnet_transnet_to_seed42_transnet_sl10.0_st0.0r0.2_dt0.0r0.05_white0.0_rec0.0_recT0.0_fc0.0_decTail0.0r0.2_cos0.0_cov0.0_lr5e-4_ep400/checkpoints
I 07.03/20:40:39 train_mapper.py:548 ] => Codeword directory: mapper/exps/hybrid/alignaffine_condstart_scale1.0/seed3407_clnet_transnet_to_seed42_transnet_sl10.0_st0.0r0.2_dt0.0r0.05_white0.0_rec0.0_recT0.0_fc0.0_decTail0.0r0.2_cos0.0_cov0.0_lr5e-4_ep400/codewords
I 07.03/20:40:39 train_mapper.py:549 ] => TensorBoard directory: mapper/exps/hybrid/alignaffine_condstart_scale1.0/seed3407_clnet_transnet_to_seed42_transnet_sl10.0_st0.0r0.2_dt0.0r0.05_white0.0_rec0.0_recT0.0_fc0.0_decTail0.0r0.2_cos0.0_cov0.0_lr5e-4_ep400/tensorboard
I 07.03/20:40:44 logger.py:146 ] 
name                                                              grad            shape     numel
----                                                              ----            -----     -----
mapper.flow.blocks.0.norm.weight                                  True           (256,)       256
mapper.flow.blocks.0.norm.bias                                    True           (256,)       256
mapper.flow.blocks.0.net.0.weight                                 True      (1024, 256)   262,144
mapper.flow.blocks.0.net.0.bias                                   True          (1024,)     1,024
mapper.flow.blocks.0.net.3.weight                                 True     (1024, 1024) 1,048,576
mapper.flow.blocks.0.net.3.bias                                   True          (1024,)     1,024
mapper.flow.blocks.0.net.6.weight                                 True      (512, 1024)   524,288
mapper.flow.blocks.0.net.6.bias                                   True           (512,)       512
mapper.flow.blocks.1.norm.weight                                  True           (256,)       256
mapper.flow.blocks.1.norm.bias                                    True           (256,)       256
mapper.flow.blocks.1.net.0.weight                                 True      (1024, 256)   262,144
mapper.flow.blocks.1.net.0.bias                                   True          (1024,)     1,024
mapper.flow.blocks.1.net.3.weight                                 True     (1024, 1024) 1,048,576
mapper.flow.blocks.1.net.3.bias                                   True          (1024,)     1,024
mapper.flow.blocks.1.net.6.weight                                 True      (512, 1024)   524,288
mapper.flow.blocks.1.net.6.bias                                   True           (512,)       512
mapper.flow.blocks.2.norm.weight                                  True           (256,)       256
mapper.flow.blocks.2.norm.bias                                    True           (256,)       256
mapper.flow.blocks.2.net.0.weight                                 True      (1024, 256)   262,144
mapper.flow.blocks.2.net.0.bias                                   True          (1024,)     1,024
mapper.flow.blocks.2.net.3.weight                                 True     (1024, 1024) 1,048,576
mapper.flow.blocks.2.net.3.bias                                   True          (1024,)     1,024
mapper.flow.blocks.2.net.6.weight                                 True      (512, 1024)   524,288
mapper.flow.blocks.2.net.6.bias                                   True           (512,)       512
mapper.flow.blocks.3.norm.weight                                  True           (256,)       256
mapper.flow.blocks.3.norm.bias                                    True           (256,)       256
mapper.flow.blocks.3.net.0.weight                                 True      (1024, 256)   262,144
mapper.flow.blocks.3.net.0.bias                                   True          (1024,)     1,024
mapper.flow.blocks.3.net.3.weight                                 True     (1024, 1024) 1,048,576
mapper.flow.blocks.3.net.3.bias                                   True          (1024,)     1,024
mapper.flow.blocks.3.net.6.weight                                 True      (512, 1024)   524,288
mapper.flow.blocks.3.net.6.bias                                   True           (512,)       512
mapper.flow.blocks.4.norm.weight                                  True           (256,)       256
mapper.flow.blocks.4.norm.bias                                    True           (256,)       256
mapper.flow.blocks.4.net.0.weight                                 True      (1024, 256)   262,144
mapper.flow.blocks.4.net.0.bias                                   True          (1024,)     1,024
mapper.flow.blocks.4.net.3.weight                                 True     (1024, 1024) 1,048,576
mapper.flow.blocks.4.net.3.bias                                   True          (1024,)     1,024
mapper.flow.blocks.4.net.6.weight                                 True      (512, 1024)   524,288
mapper.flow.blocks.4.net.6.bias                                   True           (512,)       512
mapper.flow.blocks.5.norm.weight                                  True           (256,)       256
mapper.flow.blocks.5.norm.bias                                    True           (256,)       256
mapper.flow.blocks.5.net.0.weight                                 True      (1024, 256)   262,144
mapper.flow.blocks.5.net.0.bias                                   True          (1024,)     1,024
mapper.flow.blocks.5.net.3.weight                                 True     (1024, 1024) 1,048,576
mapper.flow.blocks.5.net.3.bias                                   True          (1024,)     1,024
mapper.flow.blocks.5.net.6.weight                                 True      (512, 1024)   524,288
mapper.flow.blocks.5.net.6.bias                                   True           (512,)       512
mapper.flow.blocks.6.norm.weight                                  True           (256,)       256
mapper.flow.blocks.6.norm.bias                                    True           (256,)       256
mapper.flow.blocks.6.net.0.weight                                 True      (1024, 256)   262,144
mapper.flow.blocks.6.net.0.bias                                   True          (1024,)     1,024
mapper.flow.blocks.6.net.3.weight                                 True     (1024, 1024) 1,048,576
mapper.flow.blocks.6.net.3.bias                                   True          (1024,)     1,024
mapper.flow.blocks.6.net.6.weight                                 True      (512, 1024)   524,288
mapper.flow.blocks.6.net.6.bias                                   True           (512,)       512
mapper.flow.blocks.7.norm.weight                                  True           (256,)       256
mapper.flow.blocks.7.norm.bias                                    True           (256,)       256
mapper.flow.blocks.7.net.0.weight                                 True      (1024, 256)   262,144
mapper.flow.blocks.7.net.0.bias                                   True          (1024,)     1,024
mapper.flow.blocks.7.net.3.weight                                 True     (1024, 1024) 1,048,576
mapper.flow.blocks.7.net.3.bias                                   True          (1024,)     1,024
mapper.flow.blocks.7.net.6.weight                                 True      (512, 1024)   524,288
mapper.flow.blocks.7.net.6.bias                                   True           (512,)       512
mapper.mlp.blocks.0.norm.weight                                   True           (512,)       512
mapper.mlp.blocks.0.norm.bias                                     True           (512,)       512
mapper.mlp.blocks.0.net.0.weight                                  True      (2048, 512) 1,048,576
mapper.mlp.blocks.0.net.0.bias                                    True          (2048,)     2,048
mapper.mlp.blocks.0.net.3.weight                                  True      (512, 2048) 1,048,576
mapper.mlp.blocks.0.net.3.bias                                    True           (512,)       512
mapper.mlp.blocks.1.norm.weight                                   True           (512,)       512
mapper.mlp.blocks.1.norm.bias                                     True           (512,)       512
mapper.mlp.blocks.1.net.0.weight                                  True      (2048, 512) 1,048,576
mapper.mlp.blocks.1.net.0.bias                                    True          (2048,)     2,048
mapper.mlp.blocks.1.net.3.weight                                  True      (512, 2048) 1,048,576
mapper.mlp.blocks.1.net.3.bias                                    True           (512,)       512
mapper.mlp.blocks.2.norm.weight                                   True           (512,)       512
mapper.mlp.blocks.2.norm.bias                                     True           (512,)       512
mapper.mlp.blocks.2.net.0.weight                                  True      (2048, 512) 1,048,576
mapper.mlp.blocks.2.net.0.bias                                    True          (2048,)     2,048
mapper.mlp.blocks.2.net.3.weight                                  True      (512, 2048) 1,048,576
mapper.mlp.blocks.2.net.3.bias                                    True           (512,)       512
mapper.mlp.blocks.3.norm.weight                                   True           (512,)       512
mapper.mlp.blocks.3.norm.bias                                     True           (512,)       512
mapper.mlp.blocks.3.net.0.weight                                  True      (2048, 512) 1,048,576
mapper.mlp.blocks.3.net.0.bias                                    True          (2048,)     2,048
mapper.mlp.blocks.3.net.3.weight                                  True      (512, 2048) 1,048,576
mapper.mlp.blocks.3.net.3.bias                                    True           (512,)       512
mapper.mlp.final_norm.weight                                      True           (512,)       512
mapper.mlp.final_norm.bias                                        True           (512,)       512
**********
total=23,108,608, trainable=23,108,608, frozen=0
I 07.03/20:40:46 train_mapper.py:669 ] => Device: cuda
I 07.03/20:40:46 train_mapper.py:670 ] => Mapper: hybrid trainable_params=23,108,608
I 07.03/20:40:46 train_mapper.py:675 ] => Alignment: mode=affine ridge=0.0001 weight=(512, 512) bias=(512,) buffers=262656
I 07.03/20:40:46 train_mapper.py:682 ] => Residual mapping: condition=start residual_scale=1.0 input_dim=512 output_dim=512
I 07.03/20:40:46 train_mapper.py:690 ] => Dataset: train=100000 val=0 all=100000 code_dim=512
I 07.03/20:40:46 train_mapper.py:693 ] => DataLoader: batch_size=1024 workers=0 pin_memory=True
I 07.03/20:40:46 train_mapper.py:696 ] => Optimizer: AdamW lr=0.0005 weight_decay=0.0001
I 07.03/20:40:46 train_mapper.py:698 ] => Scheduler: cosine eta_min=5e-05 steps_per_epoch=98 total_steps=39200
I 07.03/20:40:46 train_mapper.py:705 ] val_ratio<=0: skip per-epoch validation; select best checkpoint by train loss
I 07.03/20:40:46 train_mapper.py:707 ] => Objective: mse + smoothl1*0.0 + sample_tail*0.0 + dim_tail*0.0 + whiten*0.0 + rec*0.0 + recT*0.0 + fc*0.0 + decoder_tail*0.0 + cos*0.0 + cov*0.0
I 07.03/20:41:08 train_mapper.py:804 ] Epoch [1/400] lr=1.250000e-05 train_opt_loss=1.078816e+00 train_select_loss=1.078816e+00 train_mse=1.078816e+00 train_start=9.867662e-02 train_delta=1.078816e+00 train_cos=0.918542 train_nmse=2.256dB train_rec=0.000000e+00 train_recT=0.000000e+00 train_fc=0.000000e+00 train_decoder_tail=0.000000e+00
I 07.03/20:41:32 train_mapper.py:804 ] Epoch [2/400] lr=2.500000e-05 train_opt_loss=8.994016e-01 train_select_loss=8.994016e-01 train_mse=8.994016e-01 train_start=9.867662e-02 train_delta=8.994016e-01 train_cos=0.854303 train_nmse=1.436dB train_rec=0.000000e+00 train_recT=0.000000e+00 train_fc=0.000000e+00 train_decoder_tail=0.000000e+00
I 07.03/20:41:52 train_mapper.py:804 ] Epoch [3/400] lr=3.750000e-05 train_opt_loss=7.397486e-01 train_select_loss=7.397486e-01 train_mse=7.397486e-01 train_start=9.867662e-02 train_delta=7.397486e-01 train_cos=0.782751 train_nmse=0.617dB train_rec=0.000000e+00 train_recT=0.000000e+00 train_fc=0.000000e+00 train_decoder_tail=0.000000e+00
I 07.03/20:42:16 train_mapper.py:804 ] Epoch [4/400] lr=5.000000e-05 train_opt_loss=7.030396e-01 train_select_loss=7.030396e-01 train_mse=7.030396e-01 train_start=9.867662e-02 train_delta=7.030396e-01 train_cos=0.780436 train_nmse=0.396dB train_rec=0.000000e+00 train_recT=0.000000e+00 train_fc=0.000000e+00 train_decoder_tail=0.000000e+00
I 07.03/20:42:37 train_mapper.py:804 ] Epoch [5/400] lr=6.250000e-05 train_opt_loss=6.809403e-01 train_select_loss=6.809403e-01 train_mse=6.809403e-01 train_start=9.867662e-02 train_delta=6.809403e-01 train_cos=0.780749 train_nmse=0.258dB train_rec=0.000000e+00 train_recT=0.000000e+00 train_fc=0.000000e+00 train_decoder_tail=0.000000e+00
I 07.03/20:42:57 train_mapper.py:804 ] Epoch [6/400] lr=7.500000e-05 train_opt_loss=6.617169e-01 train_select_loss=6.617169e-01 train_mse=6.617169e-01 train_start=9.867662e-02 train_delta=6.617169e-01 train_cos=0.781917 train_nmse=0.133dB train_rec=0.000000e+00 train_recT=0.000000e+00 train_fc=0.000000e+00 train_decoder_tail=0.000000e+00
I 07.03/20:43:18 train_mapper.py:804 ] Epoch [7/400] lr=8.750000e-05 train_opt_loss=6.424736e-01 train_select_loss=6.424736e-01 train_mse=6.424736e-01 train_start=9.867662e-02 train_delta=6.424736e-01 train_cos=0.785714 train_nmse=0.005dB train_rec=0.000000e+00 train_recT=0.000000e+00 train_fc=0.000000e+00 train_decoder_tail=0.000000e+00
I 07.03/20:43:38 train_mapper.py:804 ] Epoch [8/400] lr=1.000000e-04 train_opt_loss=6.221447e-01 train_select_loss=6.221447e-01 train_mse=6.221447e-01 train_start=9.867662e-02 train_delta=6.221447e-01 train_cos=0.790827 train_nmse=-0.135dB train_rec=0.000000e+00 train_recT=0.000000e+00 train_fc=0.000000e+00 train_decoder_tail=0.000000e+00
I 07.03/20:43:59 train_mapper.py:804 ] Epoch [9/400] lr=1.125000e-04 train_opt_loss=5.989991e-01 train_select_loss=5.989991e-01 train_mse=5.989991e-01 train_start=9.867662e-02 train_delta=5.989991e-01 train_cos=0.797930 train_nmse=-0.299dB train_rec=0.000000e+00 train_recT=0.000000e+00 train_fc=0.000000e+00 train_decoder_tail=0.000000e+00
I 07.03/20:44:19 train_mapper.py:804 ] Epoch [10/400] lr=1.250000e-04 train_opt_loss=5.734785e-01 train_select_loss=5.734785e-01 train_mse=5.734785e-01 train_start=9.867662e-02 train_delta=5.734785e-01 train_cos=0.803269 train_nmse=-0.488dB train_rec=0.000000e+00 train_recT=0.000000e+00 train_fc=0.000000e+00 train_decoder_tail=0.000000e+00
I 07.03/20:44:41 train_mapper.py:804 ] Epoch [11/400] lr=1.375000e-04 train_opt_loss=5.431769e-01 train_select_loss=5.431769e-01 train_mse=5.431769e-01 train_start=9.867662e-02 train_delta=5.431769e-01 train_cos=0.808036 train_nmse=-0.724dB train_rec=0.000000e+00 train_recT=0.000000e+00 train_fc=0.000000e+00 train_decoder_tail=0.000000e+00
I 07.03/20:45:05 train_mapper.py:804 ] Epoch [12/400] lr=1.500000e-04 train_opt_loss=5.118924e-01 train_select_loss=5.118924e-01 train_mse=5.118924e-01 train_start=9.867662e-02 train_delta=5.118924e-01 train_cos=0.811781 train_nmse=-0.982dB train_rec=0.000000e+00 train_recT=0.000000e+00 train_fc=0.000000e+00 train_decoder_tail=0.000000e+00
I 07.03/20:45:24 train_mapper.py:804 ] Epoch [13/400] lr=1.625000e-04 train_opt_loss=4.778009e-01 train_select_loss=4.778009e-01 train_mse=4.778009e-01 train_start=9.867662e-02 train_delta=4.778009e-01 train_cos=0.814716 train_nmse=-1.282dB train_rec=0.000000e+00 train_recT=0.000000e+00 train_fc=0.000000e+00 train_decoder_tail=0.000000e+00
I 07.03/20:45:44 train_mapper.py:804 ] Epoch [14/400] lr=1.750000e-04 train_opt_loss=4.361374e-01 train_select_loss=4.361374e-01 train_mse=4.361374e-01 train_start=9.867662e-02 train_delta=4.361374e-01 train_cos=0.813216 train_nmse=-1.679dB train_rec=0.000000e+00 train_recT=0.000000e+00 train_fc=0.000000e+00 train_decoder_tail=0.000000e+00
I 07.03/20:46:07 train_mapper.py:804 ] Epoch [15/400] lr=1.875000e-04 train_opt_loss=3.902689e-01 train_select_loss=3.902689e-01 train_mse=3.902689e-01 train_start=9.867662e-02 train_delta=3.902689e-01 train_cos=0.813916 train_nmse=-2.162dB train_rec=0.000000e+00 train_recT=0.000000e+00 train_fc=0.000000e+00 train_decoder_tail=0.000000e+00
I 07.03/20:46:26 train_mapper.py:804 ] Epoch [16/400] lr=2.000000e-04 train_opt_loss=3.472437e-01 train_select_loss=3.472437e-01 train_mse=3.472437e-01 train_start=9.867662e-02 train_delta=3.472437e-01 train_cos=0.820369 train_nmse=-2.669dB train_rec=0.000000e+00 train_recT=0.000000e+00 train_fc=0.000000e+00 train_decoder_tail=0.000000e+00
I 07.03/20:46:43 train_mapper.py:804 ] Epoch [17/400] lr=2.125000e-04 train_opt_loss=3.088939e-01 train_select_loss=3.088939e-01 train_mse=3.088939e-01 train_start=9.867662e-02 train_delta=3.088939e-01 train_cos=0.829359 train_nmse=-3.177dB train_rec=0.000000e+00 train_recT=0.000000e+00 train_fc=0.000000e+00 train_decoder_tail=0.000000e+00
I 07.03/20:46:57 train_mapper.py:804 ] Epoch [18/400] lr=2.250000e-04 train_opt_loss=2.740283e-01 train_select_loss=2.740283e-01 train_mse=2.740283e-01 train_start=9.867662e-02 train_delta=2.740283e-01 train_cos=0.839853 train_nmse=-3.698dB train_rec=0.000000e+00 train_recT=0.000000e+00 train_fc=0.000000e+00 train_decoder_tail=0.000000e+00
I 07.03/20:47:14 train_mapper.py:804 ] Epoch [19/400] lr=2.375000e-04 train_opt_loss=2.424307e-01 train_select_loss=2.424307e-01 train_mse=2.424307e-01 train_start=9.867662e-02 train_delta=2.424307e-01 train_cos=0.851149 train_nmse=-4.230dB train_rec=0.000000e+00 train_recT=0.000000e+00 train_fc=0.000000e+00 train_decoder_tail=0.000000e+00
I 07.03/20:47:29 train_mapper.py:804 ] Epoch [20/400] lr=2.500000e-04 train_opt_loss=2.137640e-01 train_select_loss=2.137640e-01 train_mse=2.137640e-01 train_start=9.867662e-02 train_delta=2.137640e-01 train_cos=0.862928 train_nmse=-4.776dB train_rec=0.000000e+00 train_recT=0.000000e+00 train_fc=0.000000e+00 train_decoder_tail=0.000000e+00
I 07.03/20:47:46 train_mapper.py:804 ] Epoch [21/400] lr=2.625000e-04 train_opt_loss=1.878114e-01 train_select_loss=1.878114e-01 train_mse=1.878114e-01 train_start=9.867662e-02 train_delta=1.878114e-01 train_cos=0.874862 train_nmse=-5.339dB train_rec=0.000000e+00 train_recT=0.000000e+00 train_fc=0.000000e+00 train_decoder_tail=0.000000e+00
I 07.03/20:48:05 train_mapper.py:804 ] Epoch [22/400] lr=2.750000e-04 train_opt_loss=1.643206e-01 train_select_loss=1.643206e-01 train_mse=1.643206e-01 train_start=9.867662e-02 train_delta=1.643206e-01 train_cos=0.886738 train_nmse=-5.919dB train_rec=0.000000e+00 train_recT=0.000000e+00 train_fc=0.000000e+00 train_decoder_tail=0.000000e+00
I 07.03/20:48:21 train_mapper.py:804 ] Epoch [23/400] lr=2.875000e-04 train_opt_loss=1.432211e-01 train_select_loss=1.432211e-01 train_mse=1.432211e-01 train_start=9.867662e-02 train_delta=1.432211e-01 train_cos=0.898329 train_nmse=-6.516dB train_rec=0.000000e+00 train_recT=0.000000e+00 train_fc=0.000000e+00 train_decoder_tail=0.000000e+00
I 07.03/20:48:36 train_mapper.py:804 ] Epoch [24/400] lr=3.000000e-04 train_opt_loss=1.243168e-01 train_select_loss=1.243168e-01 train_mse=1.243168e-01 train_start=9.867662e-02 train_delta=1.243168e-01 train_cos=0.909500 train_nmse=-7.131dB train_rec=0.000000e+00 train_recT=0.000000e+00 train_fc=0.000000e+00 train_decoder_tail=0.000000e+00
I 07.03/20:48:52 train_mapper.py:804 ] Epoch [25/400] lr=3.125000e-04 train_opt_loss=1.074043e-01 train_select_loss=1.074043e-01 train_mse=1.074043e-01 train_start=9.867662e-02 train_delta=1.074043e-01 train_cos=0.920136 train_nmse=-7.766dB train_rec=0.000000e+00 train_recT=0.000000e+00 train_fc=0.000000e+00 train_decoder_tail=0.000000e+00
I 07.03/20:49:09 train_mapper.py:804 ] Epoch [26/400] lr=3.250000e-04 train_opt_loss=9.252176e-02 train_select_loss=9.252176e-02 train_mse=9.252176e-02 train_start=9.867662e-02 train_delta=9.252176e-02 train_cos=0.930006 train_nmse=-8.414dB train_rec=0.000000e+00 train_recT=0.000000e+00 train_fc=0.000000e+00 train_decoder_tail=0.000000e+00
I 07.03/20:49:24 train_mapper.py:804 ] Epoch [27/400] lr=3.375000e-04 train_opt_loss=7.943087e-02 train_select_loss=7.943087e-02 train_mse=7.943087e-02 train_start=9.867662e-02 train_delta=7.943087e-02 train_cos=0.939093 train_nmse=-9.077dB train_rec=0.000000e+00 train_recT=0.000000e+00 train_fc=0.000000e+00 train_decoder_tail=0.000000e+00
I 07.03/20:49:39 train_mapper.py:804 ] Epoch [28/400] lr=3.500000e-04 train_opt_loss=6.806377e-02 train_select_loss=6.806377e-02 train_mse=6.806377e-02 train_start=9.867662e-02 train_delta=6.806377e-02 train_cos=0.947312 train_nmse=-9.748dB train_rec=0.000000e+00 train_recT=0.000000e+00 train_fc=0.000000e+00 train_decoder_tail=0.000000e+00
I 07.03/20:49:55 train_mapper.py:804 ] Epoch [29/400] lr=3.625000e-04 train_opt_loss=5.837863e-02 train_select_loss=5.837863e-02 train_mse=5.837863e-02 train_start=9.867662e-02 train_delta=5.837863e-02 train_cos=0.954541 train_nmse=-10.414dB train_rec=0.000000e+00 train_recT=0.000000e+00 train_fc=0.000000e+00 train_decoder_tail=0.000000e+00
I 07.03/20:50:12 train_mapper.py:804 ] Epoch [30/400] lr=3.750000e-04 train_opt_loss=4.995852e-02 train_select_loss=4.995852e-02 train_mse=4.995852e-02 train_start=9.867662e-02 train_delta=4.995852e-02 train_cos=0.961026 train_nmse=-11.091dB train_rec=0.000000e+00 train_recT=0.000000e+00 train_fc=0.000000e+00 train_decoder_tail=0.000000e+00
I 07.03/20:50:27 train_mapper.py:804 ] Epoch [31/400] lr=3.875000e-04 train_opt_loss=4.294218e-02 train_select_loss=4.294218e-02 train_mse=4.294218e-02 train_start=9.867662e-02 train_delta=4.294218e-02 train_cos=0.966521 train_nmse=-11.748dB train_rec=0.000000e+00 train_recT=0.000000e+00 train_fc=0.000000e+00 train_decoder_tail=0.000000e+00
I 07.03/20:50:42 train_mapper.py:804 ] Epoch [32/400] lr=4.000000e-04 train_opt_loss=3.705579e-02 train_select_loss=3.705579e-02 train_mse=3.705579e-02 train_start=9.867662e-02 train_delta=3.705579e-02 train_cos=0.971213 train_nmse=-12.388dB train_rec=0.000000e+00 train_recT=0.000000e+00 train_fc=0.000000e+00 train_decoder_tail=0.000000e+00
I 07.03/20:50:56 train_mapper.py:804 ] Epoch [33/400] lr=4.125000e-04 train_opt_loss=3.217505e-02 train_select_loss=3.217505e-02 train_mse=3.217505e-02 train_start=9.867662e-02 train_delta=3.217505e-02 train_cos=0.975141 train_nmse=-13.000dB train_rec=0.000000e+00 train_recT=0.000000e+00 train_fc=0.000000e+00 train_decoder_tail=0.000000e+00
I 07.03/20:51:13 train_mapper.py:804 ] Epoch [34/400] lr=4.250000e-04 train_opt_loss=2.836577e-02 train_select_loss=2.836577e-02 train_mse=2.836577e-02 train_start=9.867662e-02 train_delta=2.836577e-02 train_cos=0.978230 train_nmse=-13.548dB train_rec=0.000000e+00 train_recT=0.000000e+00 train_fc=0.000000e+00 train_decoder_tail=0.000000e+00
I 07.03/20:51:29 train_mapper.py:804 ] Epoch [35/400] lr=4.375000e-04 train_opt_loss=2.512526e-02 train_select_loss=2.512526e-02 train_mse=2.512526e-02 train_start=9.867662e-02 train_delta=2.512526e-02 train_cos=0.980859 train_nmse=-14.074dB train_rec=0.000000e+00 train_recT=0.000000e+00 train_fc=0.000000e+00 train_decoder_tail=0.000000e+00
I 07.03/20:51:45 train_mapper.py:804 ] Epoch [36/400] lr=4.500000e-04 train_opt_loss=2.253903e-02 train_select_loss=2.253903e-02 train_mse=2.253903e-02 train_start=9.867662e-02 train_delta=2.253903e-02 train_cos=0.982937 train_nmse=-14.545dB train_rec=0.000000e+00 train_recT=0.000000e+00 train_fc=0.000000e+00 train_decoder_tail=0.000000e+00
I 07.03/20:52:01 train_mapper.py:804 ] Epoch [37/400] lr=4.625000e-04 train_opt_loss=2.053364e-02 train_select_loss=2.053364e-02 train_mse=2.053364e-02 train_start=9.867662e-02 train_delta=2.053364e-02 train_cos=0.984537 train_nmse=-14.949dB train_rec=0.000000e+00 train_recT=0.000000e+00 train_fc=0.000000e+00 train_decoder_tail=0.000000e+00
I 07.03/20:52:18 train_mapper.py:804 ] Epoch [38/400] lr=4.750000e-04 train_opt_loss=1.904015e-02 train_select_loss=1.904015e-02 train_mse=1.904015e-02 train_start=9.867662e-02 train_delta=1.904015e-02 train_cos=0.985713 train_nmse=-15.277dB train_rec=0.000000e+00 train_recT=0.000000e+00 train_fc=0.000000e+00 train_decoder_tail=0.000000e+00
I 07.03/20:52:34 train_mapper.py:804 ] Epoch [39/400] lr=4.875000e-04 train_opt_loss=1.784069e-02 train_select_loss=1.784069e-02 train_mse=1.784069e-02 train_start=9.867662e-02 train_delta=1.784069e-02 train_cos=0.986644 train_nmse=-15.560dB train_rec=0.000000e+00 train_recT=0.000000e+00 train_fc=0.000000e+00 train_decoder_tail=0.000000e+00
I 07.03/20:52:50 train_mapper.py:804 ] Epoch [40/400] lr=5.000000e-04 train_opt_loss=1.675777e-02 train_select_loss=1.675777e-02 train_mse=1.675777e-02 train_start=9.867662e-02 train_delta=1.675777e-02 train_cos=0.987465 train_nmse=-15.832dB train_rec=0.000000e+00 train_recT=0.000000e+00 train_fc=0.000000e+00 train_decoder_tail=0.000000e+00
I 07.03/20:53:08 train_mapper.py:804 ] Epoch [41/400] lr=4.999914e-04 train_opt_loss=1.584928e-02 train_select_loss=1.584928e-02 train_mse=1.584928e-02 train_start=9.867662e-02 train_delta=1.584928e-02 train_cos=0.988135 train_nmse=-16.074dB train_rec=0.000000e+00 train_recT=0.000000e+00 train_fc=0.000000e+00 train_decoder_tail=0.000000e+00
I 07.03/20:53:23 train_mapper.py:804 ] Epoch [42/400] lr=4.999657e-04 train_opt_loss=1.511941e-02 train_select_loss=1.511941e-02 train_mse=1.511941e-02 train_start=9.867662e-02 train_delta=1.511941e-02 train_cos=0.988660 train_nmse=-16.279dB train_rec=0.000000e+00 train_recT=0.000000e+00 train_fc=0.000000e+00 train_decoder_tail=0.000000e+00
I 07.03/20:53:41 train_mapper.py:804 ] Epoch [43/400] lr=4.999229e-04 train_opt_loss=1.445788e-02 train_select_loss=1.445788e-02 train_mse=1.445788e-02 train_start=9.867662e-02 train_delta=1.445788e-02 train_cos=0.989134 train_nmse=-16.473dB train_rec=0.000000e+00 train_recT=0.000000e+00 train_fc=0.000000e+00 train_decoder_tail=0.000000e+00
I 07.03/20:53:58 train_mapper.py:804 ] Epoch [44/400] lr=4.998629e-04 train_opt_loss=1.391974e-02 train_select_loss=1.391974e-02 train_mse=1.391974e-02 train_start=9.867662e-02 train_delta=1.391974e-02 train_cos=0.989516 train_nmse=-16.638dB train_rec=0.000000e+00 train_recT=0.000000e+00 train_fc=0.000000e+00 train_decoder_tail=0.000000e+00
I 07.03/20:54:19 train_mapper.py:804 ] Epoch [45/400] lr=4.997858e-04 train_opt_loss=1.346293e-02 train_select_loss=1.346293e-02 train_mse=1.346293e-02 train_start=9.867662e-02 train_delta=1.346293e-02 train_cos=0.989834 train_nmse=-16.783dB train_rec=0.000000e+00 train_recT=0.000000e+00 train_fc=0.000000e+00 train_decoder_tail=0.000000e+00
I 07.03/20:54:39 train_mapper.py:804 ] Epoch [46/400] lr=4.996916e-04 train_opt_loss=1.303601e-02 train_select_loss=1.303601e-02 train_mse=1.303601e-02 train_start=9.867662e-02 train_delta=1.303601e-02 train_cos=0.990140 train_nmse=-16.923dB train_rec=0.000000e+00 train_recT=0.000000e+00 train_fc=0.000000e+00 train_decoder_tail=0.000000e+00
I 07.03/20:55:00 train_mapper.py:804 ] Epoch [47/400] lr=4.995803e-04 train_opt_loss=1.260050e-02 train_select_loss=1.260050e-02 train_mse=1.260050e-02 train_start=9.867662e-02 train_delta=1.260050e-02 train_cos=0.990456 train_nmse=-17.071dB train_rec=0.000000e+00 train_recT=0.000000e+00 train_fc=0.000000e+00 train_decoder_tail=0.000000e+00
I 07.03/20:55:19 train_mapper.py:804 ] Epoch [48/400] lr=4.994519e-04 train_opt_loss=1.221030e-02 train_select_loss=1.221030e-02 train_mse=1.221030e-02 train_start=9.867662e-02 train_delta=1.221030e-02 train_cos=0.990733 train_nmse=-17.207dB train_rec=0.000000e+00 train_recT=0.000000e+00 train_fc=0.000000e+00 train_decoder_tail=0.000000e+00
I 07.03/20:55:37 train_mapper.py:804 ] Epoch [49/400] lr=4.993064e-04 train_opt_loss=1.185959e-02 train_select_loss=1.185959e-02 train_mse=1.185959e-02 train_start=9.867662e-02 train_delta=1.185959e-02 train_cos=0.990984 train_nmse=-17.334dB train_rec=0.000000e+00 train_recT=0.000000e+00 train_fc=0.000000e+00 train_decoder_tail=0.000000e+00
I 07.03/20:55:56 train_mapper.py:804 ] Epoch [50/400] lr=4.991438e-04 train_opt_loss=1.154690e-02 train_select_loss=1.154690e-02 train_mse=1.154690e-02 train_start=9.867662e-02 train_delta=1.154690e-02 train_cos=0.991210 train_nmse=-17.450dB train_rec=0.000000e+00 train_recT=0.000000e+00 train_fc=0.000000e+00 train_decoder_tail=0.000000e+00
I 07.03/20:56:17 train_mapper.py:804 ] Epoch [51/400] lr=4.989641e-04 train_opt_loss=1.124807e-02 train_select_loss=1.124807e-02 train_mse=1.124807e-02 train_start=9.867662e-02 train_delta=1.124807e-02 train_cos=0.991428 train_nmse=-17.564dB train_rec=0.000000e+00 train_recT=0.000000e+00 train_fc=0.000000e+00 train_decoder_tail=0.000000e+00
I 07.03/20:56:35 train_mapper.py:804 ] Epoch [52/400] lr=4.987674e-04 train_opt_loss=1.094812e-02 train_select_loss=1.094812e-02 train_mse=1.094812e-02 train_start=9.867662e-02 train_delta=1.094812e-02 train_cos=0.991655 train_nmse=-17.681dB train_rec=0.000000e+00 train_recT=0.000000e+00 train_fc=0.000000e+00 train_decoder_tail=0.000000e+00
I 07.03/20:56:52 train_mapper.py:804 ] Epoch [53/400] lr=4.985537e-04 train_opt_loss=1.066875e-02 train_select_loss=1.066875e-02 train_mse=1.066875e-02 train_start=9.867662e-02 train_delta=1.066875e-02 train_cos=0.991861 train_nmse=-17.793dB train_rec=0.000000e+00 train_recT=0.000000e+00 train_fc=0.000000e+00 train_decoder_tail=0.000000e+00
I 07.03/20:57:13 train_mapper.py:804 ] Epoch [54/400] lr=4.983229e-04 train_opt_loss=1.042941e-02 train_select_loss=1.042941e-02 train_mse=1.042941e-02 train_start=9.867662e-02 train_delta=1.042941e-02 train_cos=0.992037 train_nmse=-17.892dB train_rec=0.000000e+00 train_recT=0.000000e+00 train_fc=0.000000e+00 train_decoder_tail=0.000000e+00
I 07.03/20:57:32 train_mapper.py:804 ] Epoch [55/400] lr=4.980751e-04 train_opt_loss=1.018569e-02 train_select_loss=1.018569e-02 train_mse=1.018569e-02 train_start=9.867662e-02 train_delta=1.018569e-02 train_cos=0.992216 train_nmse=-17.994dB train_rec=0.000000e+00 train_recT=0.000000e+00 train_fc=0.000000e+00 train_decoder_tail=0.000000e+00
I 07.03/20:57:55 train_mapper.py:804 ] Epoch [56/400] lr=4.978103e-04 train_opt_loss=9.928100e-03 train_select_loss=9.928100e-03 train_mse=9.928100e-03 train_start=9.867662e-02 train_delta=9.928100e-03 train_cos=0.992410 train_nmse=-18.106dB train_rec=0.000000e+00 train_recT=0.000000e+00 train_fc=0.000000e+00 train_decoder_tail=0.000000e+00
I 07.03/20:58:18 train_mapper.py:804 ] Epoch [57/400] lr=4.975286e-04 train_opt_loss=9.729927e-03 train_select_loss=9.729927e-03 train_mse=9.729927e-03 train_start=9.867662e-02 train_delta=9.729927e-03 train_cos=0.992555 train_nmse=-18.193dB train_rec=0.000000e+00 train_recT=0.000000e+00 train_fc=0.000000e+00 train_decoder_tail=0.000000e+00
I 07.03/20:58:39 train_mapper.py:804 ] Epoch [58/400] lr=4.972299e-04 train_opt_loss=9.510148e-03 train_select_loss=9.510148e-03 train_mse=9.510148e-03 train_start=9.867662e-02 train_delta=9.510148e-03 train_cos=0.992720 train_nmse=-18.292dB train_rec=0.000000e+00 train_recT=0.000000e+00 train_fc=0.000000e+00 train_decoder_tail=0.000000e+00
I 07.03/20:58:59 train_mapper.py:804 ] Epoch [59/400] lr=4.969143e-04 train_opt_loss=9.316764e-03 train_select_loss=9.316764e-03 train_mse=9.316764e-03 train_start=9.867662e-02 train_delta=9.316764e-03 train_cos=0.992865 train_nmse=-18.382dB train_rec=0.000000e+00 train_recT=0.000000e+00 train_fc=0.000000e+00 train_decoder_tail=0.000000e+00
I 07.03/20:59:22 train_mapper.py:804 ] Epoch [60/400] lr=4.965817e-04 train_opt_loss=9.115504e-03 train_select_loss=9.115504e-03 train_mse=9.115504e-03 train_start=9.867662e-02 train_delta=9.115504e-03 train_cos=0.993017 train_nmse=-18.476dB train_rec=0.000000e+00 train_recT=0.000000e+00 train_fc=0.000000e+00 train_decoder_tail=0.000000e+00
I 07.03/20:59:44 train_mapper.py:804 ] Epoch [61/400] lr=4.962324e-04 train_opt_loss=8.967694e-03 train_select_loss=8.967694e-03 train_mse=8.967694e-03 train_start=9.867662e-02 train_delta=8.967694e-03 train_cos=0.993124 train_nmse=-18.547dB train_rec=0.000000e+00 train_recT=0.000000e+00 train_fc=0.000000e+00 train_decoder_tail=0.000000e+00
I 07.03/21:00:08 train_mapper.py:804 ] Epoch [62/400] lr=4.958661e-04 train_opt_loss=8.795617e-03 train_select_loss=8.795617e-03 train_mse=8.795617e-03 train_start=9.867662e-02 train_delta=8.795617e-03 train_cos=0.993256 train_nmse=-18.632dB train_rec=0.000000e+00 train_recT=0.000000e+00 train_fc=0.000000e+00 train_decoder_tail=0.000000e+00
I 07.03/21:00:31 train_mapper.py:804 ] Epoch [63/400] lr=4.954831e-04 train_opt_loss=8.658639e-03 train_select_loss=8.658639e-03 train_mse=8.658639e-03 train_start=9.867662e-02 train_delta=8.658639e-03 train_cos=0.993361 train_nmse=-18.700dB train_rec=0.000000e+00 train_recT=0.000000e+00 train_fc=0.000000e+00 train_decoder_tail=0.000000e+00
I 07.03/21:00:53 train_mapper.py:804 ] Epoch [64/400] lr=4.950832e-04 train_opt_loss=8.505032e-03 train_select_loss=8.505032e-03 train_mse=8.505032e-03 train_start=9.867662e-02 train_delta=8.505032e-03 train_cos=0.993478 train_nmse=-18.777dB train_rec=0.000000e+00 train_recT=0.000000e+00 train_fc=0.000000e+00 train_decoder_tail=0.000000e+00
I 07.03/21:01:18 train_mapper.py:804 ] Epoch [65/400] lr=4.946666e-04 train_opt_loss=8.350832e-03 train_select_loss=8.350832e-03 train_mse=8.350832e-03 train_start=9.867662e-02 train_delta=8.350832e-03 train_cos=0.993591 train_nmse=-18.857dB train_rec=0.000000e+00 train_recT=0.000000e+00 train_fc=0.000000e+00 train_decoder_tail=0.000000e+00
I 07.03/21:01:37 train_mapper.py:804 ] Epoch [66/400] lr=4.942333e-04 train_opt_loss=8.193076e-03 train_select_loss=8.193076e-03 train_mse=8.193076e-03 train_start=9.867662e-02 train_delta=8.193076e-03 train_cos=0.993711 train_nmse=-18.939dB train_rec=0.000000e+00 train_recT=0.000000e+00 train_fc=0.000000e+00 train_decoder_tail=0.000000e+00
I 07.03/21:01:59 train_mapper.py:804 ] Epoch [67/400] lr=4.937832e-04 train_opt_loss=8.023299e-03 train_select_loss=8.023299e-03 train_mse=8.023299e-03 train_start=9.867662e-02 train_delta=8.023299e-03 train_cos=0.993835 train_nmse=-19.031dB train_rec=0.000000e+00 train_recT=0.000000e+00 train_fc=0.000000e+00 train_decoder_tail=0.000000e+00
I 07.03/21:02:24 train_mapper.py:804 ] Epoch [68/400] lr=4.933165e-04 train_opt_loss=7.875005e-03 train_select_loss=7.875005e-03 train_mse=7.875005e-03 train_start=9.867662e-02 train_delta=7.875005e-03 train_cos=0.993948 train_nmse=-19.112dB train_rec=0.000000e+00 train_recT=0.000000e+00 train_fc=0.000000e+00 train_decoder_tail=0.000000e+00
I 07.03/21:02:45 train_mapper.py:804 ] Epoch [69/400] lr=4.928332e-04 train_opt_loss=7.723855e-03 train_select_loss=7.723855e-03 train_mse=7.723855e-03 train_start=9.867662e-02 train_delta=7.723855e-03 train_cos=0.994061 train_nmse=-19.196dB train_rec=0.000000e+00 train_recT=0.000000e+00 train_fc=0.000000e+00 train_decoder_tail=0.000000e+00
I 07.03/21:03:11 train_mapper.py:804 ] Epoch [70/400] lr=4.923333e-04 train_opt_loss=7.589393e-03 train_select_loss=7.589393e-03 train_mse=7.589393e-03 train_start=9.867662e-02 train_delta=7.589393e-03 train_cos=0.994164 train_nmse=-19.272dB train_rec=0.000000e+00 train_recT=0.000000e+00 train_fc=0.000000e+00 train_decoder_tail=0.000000e+00
I 07.03/21:03:35 train_mapper.py:804 ] Epoch [71/400] lr=4.918169e-04 train_opt_loss=7.464824e-03 train_select_loss=7.464824e-03 train_mse=7.464824e-03 train_start=9.867662e-02 train_delta=7.464824e-03 train_cos=0.994258 train_nmse=-19.344dB train_rec=0.000000e+00 train_recT=0.000000e+00 train_fc=0.000000e+00 train_decoder_tail=0.000000e+00
I 07.03/21:03:59 train_mapper.py:804 ] Epoch [72/400] lr=4.912839e-04 train_opt_loss=7.339309e-03 train_select_loss=7.339309e-03 train_mse=7.339309e-03 train_start=9.867662e-02 train_delta=7.339309e-03 train_cos=0.994355 train_nmse=-19.417dB train_rec=0.000000e+00 train_recT=0.000000e+00 train_fc=0.000000e+00 train_decoder_tail=0.000000e+00
I 07.03/21:04:24 train_mapper.py:804 ] Epoch [73/400] lr=4.907344e-04 train_opt_loss=7.250107e-03 train_select_loss=7.250107e-03 train_mse=7.250107e-03 train_start=9.867662e-02 train_delta=7.250107e-03 train_cos=0.994421 train_nmse=-19.471dB train_rec=0.000000e+00 train_recT=0.000000e+00 train_fc=0.000000e+00 train_decoder_tail=0.000000e+00
I 07.03/21:04:46 train_mapper.py:804 ] Epoch [74/400] lr=4.901686e-04 train_opt_loss=7.166775e-03 train_select_loss=7.166775e-03 train_mse=7.166775e-03 train_start=9.867662e-02 train_delta=7.166775e-03 train_cos=0.994483 train_nmse=-19.521dB train_rec=0.000000e+00 train_recT=0.000000e+00 train_fc=0.000000e+00 train_decoder_tail=0.000000e+00
I 07.03/21:05:10 train_mapper.py:804 ] Epoch [75/400] lr=4.895863e-04 train_opt_loss=7.054256e-03 train_select_loss=7.054256e-03 train_mse=7.054256e-03 train_start=9.867662e-02 train_delta=7.054256e-03 train_cos=0.994570 train_nmse=-19.590dB train_rec=0.000000e+00 train_recT=0.000000e+00 train_fc=0.000000e+00 train_decoder_tail=0.000000e+00
I 07.03/21:05:29 train_mapper.py:804 ] Epoch [76/400] lr=4.889877e-04 train_opt_loss=6.923287e-03 train_select_loss=6.923287e-03 train_mse=6.923287e-03 train_start=9.867662e-02 train_delta=6.923287e-03 train_cos=0.994668 train_nmse=-19.671dB train_rec=0.000000e+00 train_recT=0.000000e+00 train_fc=0.000000e+00 train_decoder_tail=0.000000e+00
I 07.03/21:05:49 train_mapper.py:804 ] Epoch [77/400] lr=4.883728e-04 train_opt_loss=6.822553e-03 train_select_loss=6.822553e-03 train_mse=6.822553e-03 train_start=9.867662e-02 train_delta=6.822553e-03 train_cos=0.994744 train_nmse=-19.735dB train_rec=0.000000e+00 train_recT=0.000000e+00 train_fc=0.000000e+00 train_decoder_tail=0.000000e+00
I 07.03/21:06:12 train_mapper.py:804 ] Epoch [78/400] lr=4.877417e-04 train_opt_loss=6.711446e-03 train_select_loss=6.711446e-03 train_mse=6.711446e-03 train_start=9.867662e-02 train_delta=6.711446e-03 train_cos=0.994828 train_nmse=-19.806dB train_rec=0.000000e+00 train_recT=0.000000e+00 train_fc=0.000000e+00 train_decoder_tail=0.000000e+00
I 07.03/21:06:32 train_mapper.py:804 ] Epoch [79/400] lr=4.870943e-04 train_opt_loss=6.612941e-03 train_select_loss=6.612941e-03 train_mse=6.612941e-03 train_start=9.867662e-02 train_delta=6.612941e-03 train_cos=0.994903 train_nmse=-19.870dB train_rec=0.000000e+00 train_recT=0.000000e+00 train_fc=0.000000e+00 train_decoder_tail=0.000000e+00
I 07.03/21:06:55 train_mapper.py:804 ] Epoch [80/400] lr=4.864308e-04 train_opt_loss=6.526583e-03 train_select_loss=6.526583e-03 train_mse=6.526583e-03 train_start=9.867662e-02 train_delta=6.526582e-03 train_cos=0.994970 train_nmse=-19.927dB train_rec=0.000000e+00 train_recT=0.000000e+00 train_fc=0.000000e+00 train_decoder_tail=0.000000e+00
I 07.03/21:07:17 train_mapper.py:804 ] Epoch [81/400] lr=4.857512e-04 train_opt_loss=6.439999e-03 train_select_loss=6.439999e-03 train_mse=6.439999e-03 train_start=9.867662e-02 train_delta=6.439999e-03 train_cos=0.995036 train_nmse=-19.985dB train_rec=0.000000e+00 train_recT=0.000000e+00 train_fc=0.000000e+00 train_decoder_tail=0.000000e+00
I 07.03/21:07:37 train_mapper.py:804 ] Epoch [82/400] lr=4.850556e-04 train_opt_loss=6.362236e-03 train_select_loss=6.362236e-03 train_mse=6.362236e-03 train_start=9.867662e-02 train_delta=6.362236e-03 train_cos=0.995094 train_nmse=-20.038dB train_rec=0.000000e+00 train_recT=0.000000e+00 train_fc=0.000000e+00 train_decoder_tail=0.000000e+00
I 07.03/21:08:05 train_mapper.py:804 ] Epoch [83/400] lr=4.843440e-04 train_opt_loss=6.292495e-03 train_select_loss=6.292495e-03 train_mse=6.292495e-03 train_start=9.867662e-02 train_delta=6.292495e-03 train_cos=0.995146 train_nmse=-20.086dB train_rec=0.000000e+00 train_recT=0.000000e+00 train_fc=0.000000e+00 train_decoder_tail=0.000000e+00
I 07.03/21:08:30 train_mapper.py:804 ] Epoch [84/400] lr=4.836164e-04 train_opt_loss=6.208006e-03 train_select_loss=6.208006e-03 train_mse=6.208006e-03 train_start=9.867662e-02 train_delta=6.208006e-03 train_cos=0.995212 train_nmse=-20.145dB train_rec=0.000000e+00 train_recT=0.000000e+00 train_fc=0.000000e+00 train_decoder_tail=0.000000e+00
I 07.03/21:08:53 train_mapper.py:804 ] Epoch [85/400] lr=4.828729e-04 train_opt_loss=6.115781e-03 train_select_loss=6.115781e-03 train_mse=6.115781e-03 train_start=9.867662e-02 train_delta=6.115781e-03 train_cos=0.995284 train_nmse=-20.209dB train_rec=0.000000e+00 train_recT=0.000000e+00 train_fc=0.000000e+00 train_decoder_tail=0.000000e+00
I 07.03/21:09:18 train_mapper.py:804 ] Epoch [86/400] lr=4.821136e-04 train_opt_loss=6.042170e-03 train_select_loss=6.042170e-03 train_mse=6.042170e-03 train_start=9.867662e-02 train_delta=6.042170e-03 train_cos=0.995338 train_nmse=-20.262dB train_rec=0.000000e+00 train_recT=0.000000e+00 train_fc=0.000000e+00 train_decoder_tail=0.000000e+00
I 07.03/21:09:44 train_mapper.py:804 ] Epoch [87/400] lr=4.813385e-04 train_opt_loss=5.946297e-03 train_select_loss=5.946297e-03 train_mse=5.946297e-03 train_start=9.867662e-02 train_delta=5.946297e-03 train_cos=0.995409 train_nmse=-20.331dB train_rec=0.000000e+00 train_recT=0.000000e+00 train_fc=0.000000e+00 train_decoder_tail=0.000000e+00
I 07.03/21:10:14 train_mapper.py:804 ] Epoch [88/400] lr=4.805477e-04 train_opt_loss=5.866023e-03 train_select_loss=5.866023e-03 train_mse=5.866023e-03 train_start=9.867662e-02 train_delta=5.866023e-03 train_cos=0.995468 train_nmse=-20.391dB train_rec=0.000000e+00 train_recT=0.000000e+00 train_fc=0.000000e+00 train_decoder_tail=0.000000e+00
I 07.03/21:10:40 train_mapper.py:804 ] Epoch [89/400] lr=4.797413e-04 train_opt_loss=5.800098e-03 train_select_loss=5.800098e-03 train_mse=5.800098e-03 train_start=9.867662e-02 train_delta=5.800098e-03 train_cos=0.995518 train_nmse=-20.440dB train_rec=0.000000e+00 train_recT=0.000000e+00 train_fc=0.000000e+00 train_decoder_tail=0.000000e+00
I 07.03/21:11:10 train_mapper.py:804 ] Epoch [90/400] lr=4.789193e-04 train_opt_loss=5.730724e-03 train_select_loss=5.730724e-03 train_mse=5.730724e-03 train_start=9.867662e-02 train_delta=5.730724e-03 train_cos=0.995574 train_nmse=-20.492dB train_rec=0.000000e+00 train_recT=0.000000e+00 train_fc=0.000000e+00 train_decoder_tail=0.000000e+00
I 07.03/21:11:36 train_mapper.py:804 ] Epoch [91/400] lr=4.780817e-04 train_opt_loss=5.674929e-03 train_select_loss=5.674929e-03 train_mse=5.674929e-03 train_start=9.867662e-02 train_delta=5.674929e-03 train_cos=0.995613 train_nmse=-20.534dB train_rec=0.000000e+00 train_recT=0.000000e+00 train_fc=0.000000e+00 train_decoder_tail=0.000000e+00
I 07.03/21:12:04 train_mapper.py:804 ] Epoch [92/400] lr=4.772287e-04 train_opt_loss=5.573869e-03 train_select_loss=5.573869e-03 train_mse=5.573869e-03 train_start=9.867662e-02 train_delta=5.573869e-03 train_cos=0.995692 train_nmse=-20.612dB train_rec=0.000000e+00 train_recT=0.000000e+00 train_fc=0.000000e+00 train_decoder_tail=0.000000e+00
I 07.03/21:12:30 train_mapper.py:804 ] Epoch [93/400] lr=4.763602e-04 train_opt_loss=5.477050e-03 train_select_loss=5.477050e-03 train_mse=5.477050e-03 train_start=9.867662e-02 train_delta=5.477050e-03 train_cos=0.995764 train_nmse=-20.689dB train_rec=0.000000e+00 train_recT=0.000000e+00 train_fc=0.000000e+00 train_decoder_tail=0.000000e+00
I 07.03/21:12:53 train_mapper.py:804 ] Epoch [94/400] lr=4.754765e-04 train_opt_loss=5.438135e-03 train_select_loss=5.438135e-03 train_mse=5.438135e-03 train_start=9.867662e-02 train_delta=5.438135e-03 train_cos=0.995789 train_nmse=-20.719dB train_rec=0.000000e+00 train_recT=0.000000e+00 train_fc=0.000000e+00 train_decoder_tail=0.000000e+00
I 07.03/21:13:17 train_mapper.py:804 ] Epoch [95/400] lr=4.745774e-04 train_opt_loss=5.372697e-03 train_select_loss=5.372697e-03 train_mse=5.372697e-03 train_start=9.867662e-02 train_delta=5.372697e-03 train_cos=0.995844 train_nmse=-20.772dB train_rec=0.000000e+00 train_recT=0.000000e+00 train_fc=0.000000e+00 train_decoder_tail=0.000000e+00
I 07.03/21:13:39 train_mapper.py:804 ] Epoch [96/400] lr=4.736632e-04 train_opt_loss=5.309746e-03 train_select_loss=5.309746e-03 train_mse=5.309746e-03 train_start=9.867662e-02 train_delta=5.309746e-03 train_cos=0.995891 train_nmse=-20.823dB train_rec=0.000000e+00 train_recT=0.000000e+00 train_fc=0.000000e+00 train_decoder_tail=0.000000e+00
I 07.03/21:14:07 train_mapper.py:804 ] Epoch [97/400] lr=4.727339e-04 train_opt_loss=5.261873e-03 train_select_loss=5.261873e-03 train_mse=5.261873e-03 train_start=9.867662e-02 train_delta=5.261873e-03 train_cos=0.995927 train_nmse=-20.863dB train_rec=0.000000e+00 train_recT=0.000000e+00 train_fc=0.000000e+00 train_decoder_tail=0.000000e+00
I 07.03/21:14:36 train_mapper.py:804 ] Epoch [98/400] lr=4.717894e-04 train_opt_loss=5.181255e-03 train_select_loss=5.181255e-03 train_mse=5.181255e-03 train_start=9.867662e-02 train_delta=5.181255e-03 train_cos=0.995989 train_nmse=-20.930dB train_rec=0.000000e+00 train_recT=0.000000e+00 train_fc=0.000000e+00 train_decoder_tail=0.000000e+00
I 07.03/21:15:01 train_mapper.py:804 ] Epoch [99/400] lr=4.708300e-04 train_opt_loss=5.108270e-03 train_select_loss=5.108270e-03 train_mse=5.108270e-03 train_start=9.867662e-02 train_delta=5.108270e-03 train_cos=0.996041 train_nmse=-20.991dB train_rec=0.000000e+00 train_recT=0.000000e+00 train_fc=0.000000e+00 train_decoder_tail=0.000000e+00
I 07.03/21:15:28 train_mapper.py:804 ] Epoch [100/400] lr=4.698557e-04 train_opt_loss=5.051469e-03 train_select_loss=5.051469e-03 train_mse=5.051469e-03 train_start=9.867662e-02 train_delta=5.051469e-03 train_cos=0.996086 train_nmse=-21.040dB train_rec=0.000000e+00 train_recT=0.000000e+00 train_fc=0.000000e+00 train_decoder_tail=0.000000e+00
I 07.03/21:15:52 train_mapper.py:804 ] Epoch [101/400] lr=4.688666e-04 train_opt_loss=5.000340e-03 train_select_loss=5.000340e-03 train_mse=5.000340e-03 train_start=9.867662e-02 train_delta=5.000340e-03 train_cos=0.996124 train_nmse=-21.084dB train_rec=0.000000e+00 train_recT=0.000000e+00 train_fc=0.000000e+00 train_decoder_tail=0.000000e+00
I 07.03/21:16:20 train_mapper.py:804 ] Epoch [102/400] lr=4.678626e-04 train_opt_loss=4.969053e-03 train_select_loss=4.969053e-03 train_mse=4.969053e-03 train_start=9.867662e-02 train_delta=4.969053e-03 train_cos=0.996149 train_nmse=-21.111dB train_rec=0.000000e+00 train_recT=0.000000e+00 train_fc=0.000000e+00 train_decoder_tail=0.000000e+00
I 07.03/21:16:44 train_mapper.py:804 ] Epoch [103/400] lr=4.668440e-04 train_opt_loss=4.930141e-03 train_select_loss=4.930141e-03 train_mse=4.930141e-03 train_start=9.867662e-02 train_delta=4.930141e-03 train_cos=0.996183 train_nmse=-21.145dB train_rec=0.000000e+00 train_recT=0.000000e+00 train_fc=0.000000e+00 train_decoder_tail=0.000000e+00
I 07.03/21:17:11 train_mapper.py:804 ] Epoch [104/400] lr=4.658108e-04 train_opt_loss=4.870176e-03 train_select_loss=4.870176e-03 train_mse=4.870176e-03 train_start=9.867662e-02 train_delta=4.870177e-03 train_cos=0.996227 train_nmse=-21.198dB train_rec=0.000000e+00 train_recT=0.000000e+00 train_fc=0.000000e+00 train_decoder_tail=0.000000e+00
I 07.03/21:17:35 train_mapper.py:804 ] Epoch [105/400] lr=4.647631e-04 train_opt_loss=4.803888e-03 train_select_loss=4.803888e-03 train_mse=4.803888e-03 train_start=9.867662e-02 train_delta=4.803888e-03 train_cos=0.996275 train_nmse=-21.258dB train_rec=0.000000e+00 train_recT=0.000000e+00 train_fc=0.000000e+00 train_decoder_tail=0.000000e+00
I 07.03/21:18:00 train_mapper.py:804 ] Epoch [106/400] lr=4.637009e-04 train_opt_loss=4.735220e-03 train_select_loss=4.735220e-03 train_mse=4.735220e-03 train_start=9.867662e-02 train_delta=4.735220e-03 train_cos=0.996327 train_nmse=-21.320dB train_rec=0.000000e+00 train_recT=0.000000e+00 train_fc=0.000000e+00 train_decoder_tail=0.000000e+00
I 07.03/21:18:26 train_mapper.py:804 ] Epoch [107/400] lr=4.626243e-04 train_opt_loss=4.680106e-03 train_select_loss=4.680106e-03 train_mse=4.680106e-03 train_start=9.867662e-02 train_delta=4.680106e-03 train_cos=0.996369 train_nmse=-21.371dB train_rec=0.000000e+00 train_recT=0.000000e+00 train_fc=0.000000e+00 train_decoder_tail=0.000000e+00
I 07.03/21:18:49 train_mapper.py:804 ] Epoch [108/400] lr=4.615335e-04 train_opt_loss=4.638859e-03 train_select_loss=4.638859e-03 train_mse=4.638859e-03 train_start=9.867662e-02 train_delta=4.638859e-03 train_cos=0.996400 train_nmse=-21.410dB train_rec=0.000000e+00 train_recT=0.000000e+00 train_fc=0.000000e+00 train_decoder_tail=0.000000e+00
I 07.03/21:19:16 train_mapper.py:804 ] Epoch [109/400] lr=4.604284e-04 train_opt_loss=4.575379e-03 train_select_loss=4.575379e-03 train_mse=4.575379e-03 train_start=9.867662e-02 train_delta=4.575379e-03 train_cos=0.996448 train_nmse=-21.470dB train_rec=0.000000e+00 train_recT=0.000000e+00 train_fc=0.000000e+00 train_decoder_tail=0.000000e+00
I 07.03/21:19:43 train_mapper.py:804 ] Epoch [110/400] lr=4.593092e-04 train_opt_loss=4.545192e-03 train_select_loss=4.545192e-03 train_mse=4.545192e-03 train_start=9.867662e-02 train_delta=4.545192e-03 train_cos=0.996470 train_nmse=-21.498dB train_rec=0.000000e+00 train_recT=0.000000e+00 train_fc=0.000000e+00 train_decoder_tail=0.000000e+00
I 07.03/21:20:10 train_mapper.py:804 ] Epoch [111/400] lr=4.581760e-04 train_opt_loss=4.492425e-03 train_select_loss=4.492425e-03 train_mse=4.492425e-03 train_start=9.867662e-02 train_delta=4.492425e-03 train_cos=0.996511 train_nmse=-21.549dB train_rec=0.000000e+00 train_recT=0.000000e+00 train_fc=0.000000e+00 train_decoder_tail=0.000000e+00
I 07.03/21:20:34 train_mapper.py:804 ] Epoch [112/400] lr=4.570288e-04 train_opt_loss=4.444408e-03 train_select_loss=4.444408e-03 train_mse=4.444408e-03 train_start=9.867662e-02 train_delta=4.444408e-03 train_cos=0.996547 train_nmse=-21.596dB train_rec=0.000000e+00 train_recT=0.000000e+00 train_fc=0.000000e+00 train_decoder_tail=0.000000e+00
I 07.03/21:21:00 train_mapper.py:804 ] Epoch [113/400] lr=4.558678e-04 train_opt_loss=4.379232e-03 train_select_loss=4.379232e-03 train_mse=4.379232e-03 train_start=9.867662e-02 train_delta=4.379232e-03 train_cos=0.996596 train_nmse=-21.660dB train_rec=0.000000e+00 train_recT=0.000000e+00 train_fc=0.000000e+00 train_decoder_tail=0.000000e+00
I 07.03/21:21:25 train_mapper.py:804 ] Epoch [114/400] lr=4.546930e-04 train_opt_loss=4.338851e-03 train_select_loss=4.338851e-03 train_mse=4.338851e-03 train_start=9.867662e-02 train_delta=4.338851e-03 train_cos=0.996627 train_nmse=-21.700dB train_rec=0.000000e+00 train_recT=0.000000e+00 train_fc=0.000000e+00 train_decoder_tail=0.000000e+00
I 07.03/21:21:47 train_mapper.py:804 ] Epoch [115/400] lr=4.535045e-04 train_opt_loss=4.295732e-03 train_select_loss=4.295732e-03 train_mse=4.295732e-03 train_start=9.867662e-02 train_delta=4.295732e-03 train_cos=0.996658 train_nmse=-21.744dB train_rec=0.000000e+00 train_recT=0.000000e+00 train_fc=0.000000e+00 train_decoder_tail=0.000000e+00
I 07.03/21:22:16 train_mapper.py:804 ] Epoch [116/400] lr=4.523024e-04 train_opt_loss=4.252547e-03 train_select_loss=4.252547e-03 train_mse=4.252547e-03 train_start=9.867662e-02 train_delta=4.252547e-03 train_cos=0.996691 train_nmse=-21.787dB train_rec=0.000000e+00 train_recT=0.000000e+00 train_fc=0.000000e+00 train_decoder_tail=0.000000e+00
I 07.03/21:22:40 train_mapper.py:804 ] Epoch [117/400] lr=4.510868e-04 train_opt_loss=4.223615e-03 train_select_loss=4.223615e-03 train_mse=4.223615e-03 train_start=9.867662e-02 train_delta=4.223615e-03 train_cos=0.996713 train_nmse=-21.817dB train_rec=0.000000e+00 train_recT=0.000000e+00 train_fc=0.000000e+00 train_decoder_tail=0.000000e+00
I 07.03/21:23:07 train_mapper.py:804 ] Epoch [118/400] lr=4.498578e-04 train_opt_loss=4.176780e-03 train_select_loss=4.176780e-03 train_mse=4.176780e-03 train_start=9.867662e-02 train_delta=4.176780e-03 train_cos=0.996749 train_nmse=-21.866dB train_rec=0.000000e+00 train_recT=0.000000e+00 train_fc=0.000000e+00 train_decoder_tail=0.000000e+00
I 07.03/21:23:31 train_mapper.py:804 ] Epoch [119/400] lr=4.486155e-04 train_opt_loss=4.127861e-03 train_select_loss=4.127861e-03 train_mse=4.127861e-03 train_start=9.867662e-02 train_delta=4.127861e-03 train_cos=0.996788 train_nmse=-21.917dB train_rec=0.000000e+00 train_recT=0.000000e+00 train_fc=0.000000e+00 train_decoder_tail=0.000000e+00
I 07.03/21:23:54 train_mapper.py:804 ] Epoch [120/400] lr=4.473600e-04 train_opt_loss=4.080162e-03 train_select_loss=4.080162e-03 train_mse=4.080162e-03 train_start=9.867662e-02 train_delta=4.080162e-03 train_cos=0.996826 train_nmse=-21.967dB train_rec=0.000000e+00 train_recT=0.000000e+00 train_fc=0.000000e+00 train_decoder_tail=0.000000e+00
I 07.03/21:24:25 train_mapper.py:804 ] Epoch [121/400] lr=4.460913e-04 train_opt_loss=4.043018e-03 train_select_loss=4.043018e-03 train_mse=4.043018e-03 train_start=9.867662e-02 train_delta=4.043018e-03 train_cos=0.996853 train_nmse=-22.007dB train_rec=0.000000e+00 train_recT=0.000000e+00 train_fc=0.000000e+00 train_decoder_tail=0.000000e+00
I 07.03/21:24:49 train_mapper.py:804 ] Epoch [122/400] lr=4.448097e-04 train_opt_loss=4.015072e-03 train_select_loss=4.015072e-03 train_mse=4.015072e-03 train_start=9.867662e-02 train_delta=4.015072e-03 train_cos=0.996872 train_nmse=-22.037dB train_rec=0.000000e+00 train_recT=0.000000e+00 train_fc=0.000000e+00 train_decoder_tail=0.000000e+00
I 07.03/21:25:16 train_mapper.py:804 ] Epoch [123/400] lr=4.435150e-04 train_opt_loss=3.972894e-03 train_select_loss=3.972894e-03 train_mse=3.972894e-03 train_start=9.867662e-02 train_delta=3.972894e-03 train_cos=0.996907 train_nmse=-22.083dB train_rec=0.000000e+00 train_recT=0.000000e+00 train_fc=0.000000e+00 train_decoder_tail=0.000000e+00
I 07.03/21:25:44 train_mapper.py:804 ] Epoch [124/400] lr=4.422076e-04 train_opt_loss=3.936711e-03 train_select_loss=3.936711e-03 train_mse=3.936711e-03 train_start=9.867662e-02 train_delta=3.936711e-03 train_cos=0.996934 train_nmse=-22.122dB train_rec=0.000000e+00 train_recT=0.000000e+00 train_fc=0.000000e+00 train_decoder_tail=0.000000e+00
I 07.03/21:26:14 train_mapper.py:804 ] Epoch [125/400] lr=4.408874e-04 train_opt_loss=3.901468e-03 train_select_loss=3.901468e-03 train_mse=3.901468e-03 train_start=9.867662e-02 train_delta=3.901468e-03 train_cos=0.996960 train_nmse=-22.161dB train_rec=0.000000e+00 train_recT=0.000000e+00 train_fc=0.000000e+00 train_decoder_tail=0.000000e+00
I 07.03/21:26:41 train_mapper.py:804 ] Epoch [126/400] lr=4.395546e-04 train_opt_loss=3.865553e-03 train_select_loss=3.865553e-03 train_mse=3.865553e-03 train_start=9.867662e-02 train_delta=3.865553e-03 train_cos=0.996988 train_nmse=-22.202dB train_rec=0.000000e+00 train_recT=0.000000e+00 train_fc=0.000000e+00 train_decoder_tail=0.000000e+00
I 07.03/21:27:12 train_mapper.py:804 ] Epoch [127/400] lr=4.382092e-04 train_opt_loss=3.824130e-03 train_select_loss=3.824130e-03 train_mse=3.824130e-03 train_start=9.867662e-02 train_delta=3.824130e-03 train_cos=0.997019 train_nmse=-22.248dB train_rec=0.000000e+00 train_recT=0.000000e+00 train_fc=0.000000e+00 train_decoder_tail=0.000000e+00
I 07.03/21:27:40 train_mapper.py:804 ] Epoch [128/400] lr=4.368515e-04 train_opt_loss=3.768497e-03 train_select_loss=3.768497e-03 train_mse=3.768497e-03 train_start=9.867662e-02 train_delta=3.768497e-03 train_cos=0.997063 train_nmse=-22.312dB train_rec=0.000000e+00 train_recT=0.000000e+00 train_fc=0.000000e+00 train_decoder_tail=0.000000e+00
I 07.03/21:28:10 train_mapper.py:804 ] Epoch [129/400] lr=4.354814e-04 train_opt_loss=3.726911e-03 train_select_loss=3.726911e-03 train_mse=3.726911e-03 train_start=9.867662e-02 train_delta=3.726911e-03 train_cos=0.997093 train_nmse=-22.360dB train_rec=0.000000e+00 train_recT=0.000000e+00 train_fc=0.000000e+00 train_decoder_tail=0.000000e+00
I 07.03/21:28:35 train_mapper.py:804 ] Epoch [130/400] lr=4.340990e-04 train_opt_loss=3.683420e-03 train_select_loss=3.683420e-03 train_mse=3.683420e-03 train_start=9.867662e-02 train_delta=3.683420e-03 train_cos=0.997127 train_nmse=-22.411dB train_rec=0.000000e+00 train_recT=0.000000e+00 train_fc=0.000000e+00 train_decoder_tail=0.000000e+00
I 07.03/21:29:01 train_mapper.py:804 ] Epoch [131/400] lr=4.327046e-04 train_opt_loss=3.651416e-03 train_select_loss=3.651416e-03 train_mse=3.651416e-03 train_start=9.867662e-02 train_delta=3.651416e-03 train_cos=0.997151 train_nmse=-22.449dB train_rec=0.000000e+00 train_recT=0.000000e+00 train_fc=0.000000e+00 train_decoder_tail=0.000000e+00
I 07.03/21:29:27 train_mapper.py:804 ] Epoch [132/400] lr=4.312981e-04 train_opt_loss=3.619977e-03 train_select_loss=3.619977e-03 train_mse=3.619977e-03 train_start=9.867662e-02 train_delta=3.619977e-03 train_cos=0.997176 train_nmse=-22.487dB train_rec=0.000000e+00 train_recT=0.000000e+00 train_fc=0.000000e+00 train_decoder_tail=0.000000e+00
I 07.03/21:29:50 train_mapper.py:804 ] Epoch [133/400] lr=4.298798e-04 train_opt_loss=3.585125e-03 train_select_loss=3.585125e-03 train_mse=3.585125e-03 train_start=9.867662e-02 train_delta=3.585125e-03 train_cos=0.997204 train_nmse=-22.529dB train_rec=0.000000e+00 train_recT=0.000000e+00 train_fc=0.000000e+00 train_decoder_tail=0.000000e+00
I 07.03/21:30:18 train_mapper.py:804 ] Epoch [134/400] lr=4.284496e-04 train_opt_loss=3.565468e-03 train_select_loss=3.565468e-03 train_mse=3.565468e-03 train_start=9.867662e-02 train_delta=3.565468e-03 train_cos=0.997219 train_nmse=-22.553dB train_rec=0.000000e+00 train_recT=0.000000e+00 train_fc=0.000000e+00 train_decoder_tail=0.000000e+00
I 07.03/21:30:39 train_mapper.py:804 ] Epoch [135/400] lr=4.270078e-04 train_opt_loss=3.534128e-03 train_select_loss=3.534128e-03 train_mse=3.534128e-03 train_start=9.867662e-02 train_delta=3.534128e-03 train_cos=0.997243 train_nmse=-22.591dB train_rec=0.000000e+00 train_recT=0.000000e+00 train_fc=0.000000e+00 train_decoder_tail=0.000000e+00
I 07.03/21:30:54 train_mapper.py:804 ] Epoch [136/400] lr=4.255544e-04 train_opt_loss=3.519739e-03 train_select_loss=3.519739e-03 train_mse=3.519739e-03 train_start=9.867662e-02 train_delta=3.519739e-03 train_cos=0.997252 train_nmse=-22.609dB train_rec=0.000000e+00 train_recT=0.000000e+00 train_fc=0.000000e+00 train_decoder_tail=0.000000e+00
I 07.03/21:31:19 train_mapper.py:804 ] Epoch [137/400] lr=4.240895e-04 train_opt_loss=3.489841e-03 train_select_loss=3.489841e-03 train_mse=3.489841e-03 train_start=9.867662e-02 train_delta=3.489841e-03 train_cos=0.997276 train_nmse=-22.646dB train_rec=0.000000e+00 train_recT=0.000000e+00 train_fc=0.000000e+00 train_decoder_tail=0.000000e+00
I 07.03/21:31:42 train_mapper.py:804 ] Epoch [138/400] lr=4.226133e-04 train_opt_loss=3.449383e-03 train_select_loss=3.449383e-03 train_mse=3.449383e-03 train_start=9.867662e-02 train_delta=3.449383e-03 train_cos=0.997307 train_nmse=-22.696dB train_rec=0.000000e+00 train_recT=0.000000e+00 train_fc=0.000000e+00 train_decoder_tail=0.000000e+00
I 07.03/21:32:07 train_mapper.py:804 ] Epoch [139/400] lr=4.211258e-04 train_opt_loss=3.400206e-03 train_select_loss=3.400206e-03 train_mse=3.400206e-03 train_start=9.867662e-02 train_delta=3.400206e-03 train_cos=0.997343 train_nmse=-22.759dB train_rec=0.000000e+00 train_recT=0.000000e+00 train_fc=0.000000e+00 train_decoder_tail=0.000000e+00
I 07.03/21:32:32 train_mapper.py:804 ] Epoch [140/400] lr=4.196272e-04 train_opt_loss=3.346379e-03 train_select_loss=3.346379e-03 train_mse=3.346379e-03 train_start=9.867662e-02 train_delta=3.346379e-03 train_cos=0.997384 train_nmse=-22.828dB train_rec=0.000000e+00 train_recT=0.000000e+00 train_fc=0.000000e+00 train_decoder_tail=0.000000e+00
I 07.03/21:33:01 train_mapper.py:804 ] Epoch [141/400] lr=4.181176e-04 train_opt_loss=3.312061e-03 train_select_loss=3.312061e-03 train_mse=3.312061e-03 train_start=9.867662e-02 train_delta=3.312061e-03 train_cos=0.997411 train_nmse=-22.873dB train_rec=0.000000e+00 train_recT=0.000000e+00 train_fc=0.000000e+00 train_decoder_tail=0.000000e+00
I 07.03/21:33:29 train_mapper.py:804 ] Epoch [142/400] lr=4.165971e-04 train_opt_loss=3.276037e-03 train_select_loss=3.276037e-03 train_mse=3.276037e-03 train_start=9.867662e-02 train_delta=3.276037e-03 train_cos=0.997440 train_nmse=-22.920dB train_rec=0.000000e+00 train_recT=0.000000e+00 train_fc=0.000000e+00 train_decoder_tail=0.000000e+00
I 07.03/21:33:52 train_mapper.py:804 ] Epoch [143/400] lr=4.150658e-04 train_opt_loss=3.272308e-03 train_select_loss=3.272308e-03 train_mse=3.272308e-03 train_start=9.867662e-02 train_delta=3.272308e-03 train_cos=0.997442 train_nmse=-22.925dB train_rec=0.000000e+00 train_recT=0.000000e+00 train_fc=0.000000e+00 train_decoder_tail=0.000000e+00
I 07.03/21:34:20 train_mapper.py:804 ] Epoch [144/400] lr=4.135238e-04 train_opt_loss=3.255586e-03 train_select_loss=3.255586e-03 train_mse=3.255586e-03 train_start=9.867662e-02 train_delta=3.255586e-03 train_cos=0.997456 train_nmse=-22.947dB train_rec=0.000000e+00 train_recT=0.000000e+00 train_fc=0.000000e+00 train_decoder_tail=0.000000e+00
I 07.03/21:34:46 train_mapper.py:804 ] Epoch [145/400] lr=4.119713e-04 train_opt_loss=3.232748e-03 train_select_loss=3.232748e-03 train_mse=3.232748e-03 train_start=9.867662e-02 train_delta=3.232748e-03 train_cos=0.997473 train_nmse=-22.978dB train_rec=0.000000e+00 train_recT=0.000000e+00 train_fc=0.000000e+00 train_decoder_tail=0.000000e+00
I 07.03/21:35:13 train_mapper.py:804 ] Epoch [146/400] lr=4.104084e-04 train_opt_loss=3.200054e-03 train_select_loss=3.200054e-03 train_mse=3.200054e-03 train_start=9.867662e-02 train_delta=3.200054e-03 train_cos=0.997498 train_nmse=-23.022dB train_rec=0.000000e+00 train_recT=0.000000e+00 train_fc=0.000000e+00 train_decoder_tail=0.000000e+00
I 07.03/21:35:38 train_mapper.py:804 ] Epoch [147/400] lr=4.088351e-04 train_opt_loss=3.174900e-03 train_select_loss=3.174900e-03 train_mse=3.174900e-03 train_start=9.867662e-02 train_delta=3.174900e-03 train_cos=0.997515 train_nmse=-23.057dB train_rec=0.000000e+00 train_recT=0.000000e+00 train_fc=0.000000e+00 train_decoder_tail=0.000000e+00
I 07.03/21:35:59 train_mapper.py:804 ] Epoch [148/400] lr=4.072517e-04 train_opt_loss=3.136391e-03 train_select_loss=3.136391e-03 train_mse=3.136391e-03 train_start=9.867662e-02 train_delta=3.136391e-03 train_cos=0.997545 train_nmse=-23.109dB train_rec=0.000000e+00 train_recT=0.000000e+00 train_fc=0.000000e+00 train_decoder_tail=0.000000e+00
I 07.03/21:36:21 train_mapper.py:804 ] Epoch [149/400] lr=4.056582e-04 train_opt_loss=3.104520e-03 train_select_loss=3.104520e-03 train_mse=3.104520e-03 train_start=9.867662e-02 train_delta=3.104520e-03 train_cos=0.997570 train_nmse=-23.154dB train_rec=0.000000e+00 train_recT=0.000000e+00 train_fc=0.000000e+00 train_decoder_tail=0.000000e+00
I 07.03/21:36:38 train_mapper.py:804 ] Epoch [150/400] lr=4.040547e-04 train_opt_loss=3.066463e-03 train_select_loss=3.066463e-03 train_mse=3.066463e-03 train_start=9.867662e-02 train_delta=3.066463e-03 train_cos=0.997599 train_nmse=-23.207dB train_rec=0.000000e+00 train_recT=0.000000e+00 train_fc=0.000000e+00 train_decoder_tail=0.000000e+00
I 07.03/21:36:58 train_mapper.py:804 ] Epoch [151/400] lr=4.024414e-04 train_opt_loss=3.030897e-03 train_select_loss=3.030897e-03 train_mse=3.030897e-03 train_start=9.867662e-02 train_delta=3.030897e-03 train_cos=0.997626 train_nmse=-23.258dB train_rec=0.000000e+00 train_recT=0.000000e+00 train_fc=0.000000e+00 train_decoder_tail=0.000000e+00
I 07.03/21:37:21 train_mapper.py:804 ] Epoch [152/400] lr=4.008184e-04 train_opt_loss=3.005146e-03 train_select_loss=3.005146e-03 train_mse=3.005146e-03 train_start=9.867662e-02 train_delta=3.005146e-03 train_cos=0.997646 train_nmse=-23.295dB train_rec=0.000000e+00 train_recT=0.000000e+00 train_fc=0.000000e+00 train_decoder_tail=0.000000e+00
I 07.03/21:37:41 train_mapper.py:804 ] Epoch [153/400] lr=3.991858e-04 train_opt_loss=2.981790e-03 train_select_loss=2.981790e-03 train_mse=2.981790e-03 train_start=9.867662e-02 train_delta=2.981790e-03 train_cos=0.997664 train_nmse=-23.329dB train_rec=0.000000e+00 train_recT=0.000000e+00 train_fc=0.000000e+00 train_decoder_tail=0.000000e+00
I 07.03/21:37:59 train_mapper.py:804 ] Epoch [154/400] lr=3.975438e-04 train_opt_loss=2.953486e-03 train_select_loss=2.953486e-03 train_mse=2.953486e-03 train_start=9.867662e-02 train_delta=2.953486e-03 train_cos=0.997686 train_nmse=-23.370dB train_rec=0.000000e+00 train_recT=0.000000e+00 train_fc=0.000000e+00 train_decoder_tail=0.000000e+00
I 07.03/21:38:19 train_mapper.py:804 ] Epoch [155/400] lr=3.958924e-04 train_opt_loss=2.941908e-03 train_select_loss=2.941908e-03 train_mse=2.941908e-03 train_start=9.867662e-02 train_delta=2.941908e-03 train_cos=0.997695 train_nmse=-23.388dB train_rec=0.000000e+00 train_recT=0.000000e+00 train_fc=0.000000e+00 train_decoder_tail=0.000000e+00
I 07.03/21:38:37 train_mapper.py:804 ] Epoch [156/400] lr=3.942318e-04 train_opt_loss=2.924997e-03 train_select_loss=2.924997e-03 train_mse=2.924997e-03 train_start=9.867662e-02 train_delta=2.924997e-03 train_cos=0.997709 train_nmse=-23.413dB train_rec=0.000000e+00 train_recT=0.000000e+00 train_fc=0.000000e+00 train_decoder_tail=0.000000e+00
I 07.03/21:38:56 train_mapper.py:804 ] Epoch [157/400] lr=3.925622e-04 train_opt_loss=2.906013e-03 train_select_loss=2.906013e-03 train_mse=2.906013e-03 train_start=9.867662e-02 train_delta=2.906013e-03 train_cos=0.997723 train_nmse=-23.441dB train_rec=0.000000e+00 train_recT=0.000000e+00 train_fc=0.000000e+00 train_decoder_tail=0.000000e+00
I 07.03/21:39:23 train_mapper.py:804 ] Epoch [158/400] lr=3.908836e-04 train_opt_loss=2.883411e-03 train_select_loss=2.883411e-03 train_mse=2.883411e-03 train_start=9.867662e-02 train_delta=2.883411e-03 train_cos=0.997740 train_nmse=-23.475dB train_rec=0.000000e+00 train_recT=0.000000e+00 train_fc=0.000000e+00 train_decoder_tail=0.000000e+00
I 07.03/21:39:46 train_mapper.py:804 ] Epoch [159/400] lr=3.891961e-04 train_opt_loss=2.858928e-03 train_select_loss=2.858928e-03 train_mse=2.858928e-03 train_start=9.867662e-02 train_delta=2.858928e-03 train_cos=0.997758 train_nmse=-23.512dB train_rec=0.000000e+00 train_recT=0.000000e+00 train_fc=0.000000e+00 train_decoder_tail=0.000000e+00
I 07.03/21:40:09 train_mapper.py:804 ] Epoch [160/400] lr=3.875000e-04 train_opt_loss=2.843214e-03 train_select_loss=2.843214e-03 train_mse=2.843214e-03 train_start=9.867662e-02 train_delta=2.843214e-03 train_cos=0.997769 train_nmse=-23.536dB train_rec=0.000000e+00 train_recT=0.000000e+00 train_fc=0.000000e+00 train_decoder_tail=0.000000e+00
I 07.03/21:40:30 train_mapper.py:804 ] Epoch [161/400] lr=3.857953e-04 train_opt_loss=2.803985e-03 train_select_loss=2.803985e-03 train_mse=2.803985e-03 train_start=9.867662e-02 train_delta=2.803985e-03 train_cos=0.997801 train_nmse=-23.596dB train_rec=0.000000e+00 train_recT=0.000000e+00 train_fc=0.000000e+00 train_decoder_tail=0.000000e+00
I 07.03/21:40:49 train_mapper.py:804 ] Epoch [162/400] lr=3.840822e-04 train_opt_loss=2.773124e-03 train_select_loss=2.773124e-03 train_mse=2.773124e-03 train_start=9.867662e-02 train_delta=2.773124e-03 train_cos=0.997824 train_nmse=-23.644dB train_rec=0.000000e+00 train_recT=0.000000e+00 train_fc=0.000000e+00 train_decoder_tail=0.000000e+00
I 07.03/21:41:12 train_mapper.py:804 ] Epoch [163/400] lr=3.823607e-04 train_opt_loss=2.751103e-03 train_select_loss=2.751103e-03 train_mse=2.751103e-03 train_start=9.867662e-02 train_delta=2.751103e-03 train_cos=0.997841 train_nmse=-23.679dB train_rec=0.000000e+00 train_recT=0.000000e+00 train_fc=0.000000e+00 train_decoder_tail=0.000000e+00
I 07.03/21:41:33 train_mapper.py:804 ] Epoch [164/400] lr=3.806311e-04 train_opt_loss=2.730673e-03 train_select_loss=2.730673e-03 train_mse=2.730673e-03 train_start=9.867662e-02 train_delta=2.730673e-03 train_cos=0.997857 train_nmse=-23.711dB train_rec=0.000000e+00 train_recT=0.000000e+00 train_fc=0.000000e+00 train_decoder_tail=0.000000e+00
I 07.03/21:41:50 train_mapper.py:804 ] Epoch [165/400] lr=3.788934e-04 train_opt_loss=2.712233e-03 train_select_loss=2.712233e-03 train_mse=2.712233e-03 train_start=9.867662e-02 train_delta=2.712233e-03 train_cos=0.997871 train_nmse=-23.741dB train_rec=0.000000e+00 train_recT=0.000000e+00 train_fc=0.000000e+00 train_decoder_tail=0.000000e+00
I 07.03/21:42:10 train_mapper.py:804 ] Epoch [166/400] lr=3.771479e-04 train_opt_loss=2.699417e-03 train_select_loss=2.699417e-03 train_mse=2.699417e-03 train_start=9.867662e-02 train_delta=2.699417e-03 train_cos=0.997881 train_nmse=-23.761dB train_rec=0.000000e+00 train_recT=0.000000e+00 train_fc=0.000000e+00 train_decoder_tail=0.000000e+00
I 07.03/21:42:31 train_mapper.py:804 ] Epoch [167/400] lr=3.753945e-04 train_opt_loss=2.676566e-03 train_select_loss=2.676566e-03 train_mse=2.676566e-03 train_start=9.867662e-02 train_delta=2.676566e-03 train_cos=0.997899 train_nmse=-23.798dB train_rec=0.000000e+00 train_recT=0.000000e+00 train_fc=0.000000e+00 train_decoder_tail=0.000000e+00
I 07.03/21:42:50 train_mapper.py:804 ] Epoch [168/400] lr=3.736335e-04 train_opt_loss=2.663386e-03 train_select_loss=2.663386e-03 train_mse=2.663386e-03 train_start=9.867662e-02 train_delta=2.663386e-03 train_cos=0.997909 train_nmse=-23.819dB train_rec=0.000000e+00 train_recT=0.000000e+00 train_fc=0.000000e+00 train_decoder_tail=0.000000e+00
I 07.03/21:43:15 train_mapper.py:804 ] Epoch [169/400] lr=3.718650e-04 train_opt_loss=2.650890e-03 train_select_loss=2.650890e-03 train_mse=2.650890e-03 train_start=9.867662e-02 train_delta=2.650890e-03 train_cos=0.997917 train_nmse=-23.840dB train_rec=0.000000e+00 train_recT=0.000000e+00 train_fc=0.000000e+00 train_decoder_tail=0.000000e+00
I 07.03/21:43:38 train_mapper.py:804 ] Epoch [170/400] lr=3.700891e-04 train_opt_loss=2.628574e-03 train_select_loss=2.628574e-03 train_mse=2.628574e-03 train_start=9.867662e-02 train_delta=2.628574e-03 train_cos=0.997934 train_nmse=-23.876dB train_rec=0.000000e+00 train_recT=0.000000e+00 train_fc=0.000000e+00 train_decoder_tail=0.000000e+00
I 07.03/21:44:06 train_mapper.py:804 ] Epoch [171/400] lr=3.683060e-04 train_opt_loss=2.612882e-03 train_select_loss=2.612882e-03 train_mse=2.612882e-03 train_start=9.867662e-02 train_delta=2.612882e-03 train_cos=0.997946 train_nmse=-23.903dB train_rec=0.000000e+00 train_recT=0.000000e+00 train_fc=0.000000e+00 train_decoder_tail=0.000000e+00
I 07.03/21:44:30 train_mapper.py:804 ] Epoch [172/400] lr=3.665157e-04 train_opt_loss=2.586816e-03 train_select_loss=2.586816e-03 train_mse=2.586816e-03 train_start=9.867662e-02 train_delta=2.586816e-03 train_cos=0.997967 train_nmse=-23.946dB train_rec=0.000000e+00 train_recT=0.000000e+00 train_fc=0.000000e+00 train_decoder_tail=0.000000e+00
I 07.03/21:44:52 train_mapper.py:804 ] Epoch [173/400] lr=3.647185e-04 train_opt_loss=2.565310e-03 train_select_loss=2.565310e-03 train_mse=2.565310e-03 train_start=9.867662e-02 train_delta=2.565310e-03 train_cos=0.997984 train_nmse=-23.982dB train_rec=0.000000e+00 train_recT=0.000000e+00 train_fc=0.000000e+00 train_decoder_tail=0.000000e+00
I 07.03/21:45:12 train_mapper.py:804 ] Epoch [174/400] lr=3.629145e-04 train_opt_loss=2.547339e-03 train_select_loss=2.547339e-03 train_mse=2.547339e-03 train_start=9.867662e-02 train_delta=2.547339e-03 train_cos=0.997997 train_nmse=-24.013dB train_rec=0.000000e+00 train_recT=0.000000e+00 train_fc=0.000000e+00 train_decoder_tail=0.000000e+00
I 07.03/21:45:34 train_mapper.py:804 ] Epoch [175/400] lr=3.611038e-04 train_opt_loss=2.538962e-03 train_select_loss=2.538962e-03 train_mse=2.538962e-03 train_start=9.867662e-02 train_delta=2.538962e-03 train_cos=0.998002 train_nmse=-24.027dB train_rec=0.000000e+00 train_recT=0.000000e+00 train_fc=0.000000e+00 train_decoder_tail=0.000000e+00
I 07.03/21:45:52 train_mapper.py:804 ] Epoch [176/400] lr=3.592865e-04 train_opt_loss=2.515336e-03 train_select_loss=2.515336e-03 train_mse=2.515336e-03 train_start=9.867662e-02 train_delta=2.515336e-03 train_cos=0.998022 train_nmse=-24.068dB train_rec=0.000000e+00 train_recT=0.000000e+00 train_fc=0.000000e+00 train_decoder_tail=0.000000e+00
I 07.03/21:46:14 train_mapper.py:804 ] Epoch [177/400] lr=3.574628e-04 train_opt_loss=2.489765e-03 train_select_loss=2.489765e-03 train_mse=2.489765e-03 train_start=9.867662e-02 train_delta=2.489765e-03 train_cos=0.998042 train_nmse=-24.112dB train_rec=0.000000e+00 train_recT=0.000000e+00 train_fc=0.000000e+00 train_decoder_tail=0.000000e+00
I 07.03/21:46:34 train_mapper.py:804 ] Epoch [178/400] lr=3.556328e-04 train_opt_loss=2.477373e-03 train_select_loss=2.477373e-03 train_mse=2.477373e-03 train_start=9.867662e-02 train_delta=2.477373e-03 train_cos=0.998050 train_nmse=-24.134dB train_rec=0.000000e+00 train_recT=0.000000e+00 train_fc=0.000000e+00 train_decoder_tail=0.000000e+00
I 07.03/21:46:52 train_mapper.py:804 ] Epoch [179/400] lr=3.537967e-04 train_opt_loss=2.455604e-03 train_select_loss=2.455604e-03 train_mse=2.455604e-03 train_start=9.867662e-02 train_delta=2.455604e-03 train_cos=0.998066 train_nmse=-24.172dB train_rec=0.000000e+00 train_recT=0.000000e+00 train_fc=0.000000e+00 train_decoder_tail=0.000000e+00
I 07.03/21:47:14 train_mapper.py:804 ] Epoch [180/400] lr=3.519545e-04 train_opt_loss=2.431774e-03 train_select_loss=2.431774e-03 train_mse=2.431774e-03 train_start=9.867662e-02 train_delta=2.431774e-03 train_cos=0.998084 train_nmse=-24.214dB train_rec=0.000000e+00 train_recT=0.000000e+00 train_fc=0.000000e+00 train_decoder_tail=0.000000e+00
I 07.03/21:47:33 train_mapper.py:804 ] Epoch [181/400] lr=3.501065e-04 train_opt_loss=2.406373e-03 train_select_loss=2.406373e-03 train_mse=2.406373e-03 train_start=9.867662e-02 train_delta=2.406373e-03 train_cos=0.998104 train_nmse=-24.260dB train_rec=0.000000e+00 train_recT=0.000000e+00 train_fc=0.000000e+00 train_decoder_tail=0.000000e+00
I 07.03/21:47:51 train_mapper.py:804 ] Epoch [182/400] lr=3.482528e-04 train_opt_loss=2.393074e-03 train_select_loss=2.393074e-03 train_mse=2.393074e-03 train_start=9.867662e-02 train_delta=2.393074e-03 train_cos=0.998113 train_nmse=-24.284dB train_rec=0.000000e+00 train_recT=0.000000e+00 train_fc=0.000000e+00 train_decoder_tail=0.000000e+00
I 07.03/21:48:11 train_mapper.py:804 ] Epoch [183/400] lr=3.463935e-04 train_opt_loss=2.375839e-03 train_select_loss=2.375839e-03 train_mse=2.375839e-03 train_start=9.867662e-02 train_delta=2.375839e-03 train_cos=0.998127 train_nmse=-24.316dB train_rec=0.000000e+00 train_recT=0.000000e+00 train_fc=0.000000e+00 train_decoder_tail=0.000000e+00
I 07.03/21:48:30 train_mapper.py:804 ] Epoch [184/400] lr=3.445288e-04 train_opt_loss=2.361550e-03 train_select_loss=2.361550e-03 train_mse=2.361550e-03 train_start=9.867662e-02 train_delta=2.361550e-03 train_cos=0.998138 train_nmse=-24.342dB train_rec=0.000000e+00 train_recT=0.000000e+00 train_fc=0.000000e+00 train_decoder_tail=0.000000e+00
I 07.03/21:48:50 train_mapper.py:804 ] Epoch [185/400] lr=3.426588e-04 train_opt_loss=2.343199e-03 train_select_loss=2.343199e-03 train_mse=2.343199e-03 train_start=9.867662e-02 train_delta=2.343199e-03 train_cos=0.998152 train_nmse=-24.376dB train_rec=0.000000e+00 train_recT=0.000000e+00 train_fc=0.000000e+00 train_decoder_tail=0.000000e+00
I 07.03/21:49:11 train_mapper.py:804 ] Epoch [186/400] lr=3.407836e-04 train_opt_loss=2.332974e-03 train_select_loss=2.332974e-03 train_mse=2.332974e-03 train_start=9.867662e-02 train_delta=2.332974e-03 train_cos=0.998159 train_nmse=-24.395dB train_rec=0.000000e+00 train_recT=0.000000e+00 train_fc=0.000000e+00 train_decoder_tail=0.000000e+00
I 07.03/21:49:32 train_mapper.py:804 ] Epoch [187/400] lr=3.389035e-04 train_opt_loss=2.322017e-03 train_select_loss=2.322017e-03 train_mse=2.322017e-03 train_start=9.867662e-02 train_delta=2.322017e-03 train_cos=0.998168 train_nmse=-24.415dB train_rec=0.000000e+00 train_recT=0.000000e+00 train_fc=0.000000e+00 train_decoder_tail=0.000000e+00
I 07.03/21:49:50 train_mapper.py:804 ] Epoch [188/400] lr=3.370184e-04 train_opt_loss=2.311347e-03 train_select_loss=2.311347e-03 train_mse=2.311347e-03 train_start=9.867662e-02 train_delta=2.311347e-03 train_cos=0.998177 train_nmse=-24.435dB train_rec=0.000000e+00 train_recT=0.000000e+00 train_fc=0.000000e+00 train_decoder_tail=0.000000e+00
I 07.03/21:50:16 train_mapper.py:804 ] Epoch [189/400] lr=3.351286e-04 train_opt_loss=2.302370e-03 train_select_loss=2.302370e-03 train_mse=2.302370e-03 train_start=9.867662e-02 train_delta=2.302370e-03 train_cos=0.998183 train_nmse=-24.452dB train_rec=0.000000e+00 train_recT=0.000000e+00 train_fc=0.000000e+00 train_decoder_tail=0.000000e+00
I 07.03/21:50:36 train_mapper.py:804 ] Epoch [190/400] lr=3.332343e-04 train_opt_loss=2.275810e-03 train_select_loss=2.275810e-03 train_mse=2.275810e-03 train_start=9.867662e-02 train_delta=2.275810e-03 train_cos=0.998204 train_nmse=-24.502dB train_rec=0.000000e+00 train_recT=0.000000e+00 train_fc=0.000000e+00 train_decoder_tail=0.000000e+00
I 07.03/21:50:55 train_mapper.py:804 ] Epoch [191/400] lr=3.313355e-04 train_opt_loss=2.253411e-03 train_select_loss=2.253411e-03 train_mse=2.253411e-03 train_start=9.867662e-02 train_delta=2.253411e-03 train_cos=0.998221 train_nmse=-24.545dB train_rec=0.000000e+00 train_recT=0.000000e+00 train_fc=0.000000e+00 train_decoder_tail=0.000000e+00
I 07.03/21:51:18 train_mapper.py:804 ] Epoch [192/400] lr=3.294324e-04 train_opt_loss=2.235124e-03 train_select_loss=2.235124e-03 train_mse=2.235124e-03 train_start=9.867662e-02 train_delta=2.235124e-03 train_cos=0.998234 train_nmse=-24.581dB train_rec=0.000000e+00 train_recT=0.000000e+00 train_fc=0.000000e+00 train_decoder_tail=0.000000e+00
I 07.03/21:51:38 train_mapper.py:804 ] Epoch [193/400] lr=3.275252e-04 train_opt_loss=2.220035e-03 train_select_loss=2.220035e-03 train_mse=2.220035e-03 train_start=9.867662e-02 train_delta=2.220035e-03 train_cos=0.998246 train_nmse=-24.610dB train_rec=0.000000e+00 train_recT=0.000000e+00 train_fc=0.000000e+00 train_decoder_tail=0.000000e+00
I 07.03/21:51:57 train_mapper.py:804 ] Epoch [194/400] lr=3.256140e-04 train_opt_loss=2.209181e-03 train_select_loss=2.209181e-03 train_mse=2.209181e-03 train_start=9.867662e-02 train_delta=2.209181e-03 train_cos=0.998254 train_nmse=-24.631dB train_rec=0.000000e+00 train_recT=0.000000e+00 train_fc=0.000000e+00 train_decoder_tail=0.000000e+00
I 07.03/21:52:17 train_mapper.py:804 ] Epoch [195/400] lr=3.236989e-04 train_opt_loss=2.200874e-03 train_select_loss=2.200874e-03 train_mse=2.200874e-03 train_start=9.867662e-02 train_delta=2.200874e-03 train_cos=0.998261 train_nmse=-24.648dB train_rec=0.000000e+00 train_recT=0.000000e+00 train_fc=0.000000e+00 train_decoder_tail=0.000000e+00
I 07.03/21:52:36 train_mapper.py:804 ] Epoch [196/400] lr=3.217801e-04 train_opt_loss=2.189089e-03 train_select_loss=2.189089e-03 train_mse=2.189089e-03 train_start=9.867662e-02 train_delta=2.189089e-03 train_cos=0.998269 train_nmse=-24.671dB train_rec=0.000000e+00 train_recT=0.000000e+00 train_fc=0.000000e+00 train_decoder_tail=0.000000e+00
I 07.03/21:52:54 train_mapper.py:804 ] Epoch [197/400] lr=3.198578e-04 train_opt_loss=2.177622e-03 train_select_loss=2.177622e-03 train_mse=2.177622e-03 train_start=9.867662e-02 train_delta=2.177622e-03 train_cos=0.998279 train_nmse=-24.694dB train_rec=0.000000e+00 train_recT=0.000000e+00 train_fc=0.000000e+00 train_decoder_tail=0.000000e+00
I 07.03/21:53:15 train_mapper.py:804 ] Epoch [198/400] lr=3.179320e-04 train_opt_loss=2.161519e-03 train_select_loss=2.161519e-03 train_mse=2.161519e-03 train_start=9.867662e-02 train_delta=2.161519e-03 train_cos=0.998291 train_nmse=-24.726dB train_rec=0.000000e+00 train_recT=0.000000e+00 train_fc=0.000000e+00 train_decoder_tail=0.000000e+00
I 07.03/21:53:33 train_mapper.py:804 ] Epoch [199/400] lr=3.160030e-04 train_opt_loss=2.140996e-03 train_select_loss=2.140996e-03 train_mse=2.140996e-03 train_start=9.867662e-02 train_delta=2.140996e-03 train_cos=0.998306 train_nmse=-24.767dB train_rec=0.000000e+00 train_recT=0.000000e+00 train_fc=0.000000e+00 train_decoder_tail=0.000000e+00
I 07.03/21:53:51 train_mapper.py:804 ] Epoch [200/400] lr=3.140708e-04 train_opt_loss=2.122958e-03 train_select_loss=2.122958e-03 train_mse=2.122958e-03 train_start=9.867662e-02 train_delta=2.122958e-03 train_cos=0.998320 train_nmse=-24.804dB train_rec=0.000000e+00 train_recT=0.000000e+00 train_fc=0.000000e+00 train_decoder_tail=0.000000e+00
I 07.03/21:54:12 train_mapper.py:804 ] Epoch [201/400] lr=3.121357e-04 train_opt_loss=2.104661e-03 train_select_loss=2.104661e-03 train_mse=2.104661e-03 train_start=9.867662e-02 train_delta=2.104661e-03 train_cos=0.998335 train_nmse=-24.842dB train_rec=0.000000e+00 train_recT=0.000000e+00 train_fc=0.000000e+00 train_decoder_tail=0.000000e+00
I 07.03/21:54:32 train_mapper.py:804 ] Epoch [202/400] lr=3.101978e-04 train_opt_loss=2.094633e-03 train_select_loss=2.094633e-03 train_mse=2.094633e-03 train_start=9.867662e-02 train_delta=2.094633e-03 train_cos=0.998341 train_nmse=-24.863dB train_rec=0.000000e+00 train_recT=0.000000e+00 train_fc=0.000000e+00 train_decoder_tail=0.000000e+00
I 07.03/21:54:53 train_mapper.py:804 ] Epoch [203/400] lr=3.082571e-04 train_opt_loss=2.081403e-03 train_select_loss=2.081403e-03 train_mse=2.081403e-03 train_start=9.867662e-02 train_delta=2.081403e-03 train_cos=0.998352 train_nmse=-24.890dB train_rec=0.000000e+00 train_recT=0.000000e+00 train_fc=0.000000e+00 train_decoder_tail=0.000000e+00
I 07.03/21:55:16 train_mapper.py:804 ] Epoch [204/400] lr=3.063139e-04 train_opt_loss=2.074825e-03 train_select_loss=2.074825e-03 train_mse=2.074825e-03 train_start=9.867662e-02 train_delta=2.074825e-03 train_cos=0.998357 train_nmse=-24.904dB train_rec=0.000000e+00 train_recT=0.000000e+00 train_fc=0.000000e+00 train_decoder_tail=0.000000e+00
I 07.03/21:55:36 train_mapper.py:804 ] Epoch [205/400] lr=3.043684e-04 train_opt_loss=2.064361e-03 train_select_loss=2.064361e-03 train_mse=2.064361e-03 train_start=9.867662e-02 train_delta=2.064361e-03 train_cos=0.998366 train_nmse=-24.926dB train_rec=0.000000e+00 train_recT=0.000000e+00 train_fc=0.000000e+00 train_decoder_tail=0.000000e+00
I 07.03/21:55:56 train_mapper.py:804 ] Epoch [206/400] lr=3.024206e-04 train_opt_loss=2.052815e-03 train_select_loss=2.052815e-03 train_mse=2.052815e-03 train_start=9.867662e-02 train_delta=2.052815e-03 train_cos=0.998375 train_nmse=-24.950dB train_rec=0.000000e+00 train_recT=0.000000e+00 train_fc=0.000000e+00 train_decoder_tail=0.000000e+00
I 07.03/21:56:20 train_mapper.py:804 ] Epoch [207/400] lr=3.004707e-04 train_opt_loss=2.038211e-03 train_select_loss=2.038211e-03 train_mse=2.038211e-03 train_start=9.867662e-02 train_delta=2.038211e-03 train_cos=0.998385 train_nmse=-24.981dB train_rec=0.000000e+00 train_recT=0.000000e+00 train_fc=0.000000e+00 train_decoder_tail=0.000000e+00
I 07.03/21:56:40 train_mapper.py:804 ] Epoch [208/400] lr=2.985189e-04 train_opt_loss=2.027825e-03 train_select_loss=2.027825e-03 train_mse=2.027825e-03 train_start=9.867662e-02 train_delta=2.027825e-03 train_cos=0.998393 train_nmse=-25.003dB train_rec=0.000000e+00 train_recT=0.000000e+00 train_fc=0.000000e+00 train_decoder_tail=0.000000e+00
I 07.03/21:57:00 train_mapper.py:804 ] Epoch [209/400] lr=2.965653e-04 train_opt_loss=2.011622e-03 train_select_loss=2.011622e-03 train_mse=2.011622e-03 train_start=9.867662e-02 train_delta=2.011622e-03 train_cos=0.998405 train_nmse=-25.038dB train_rec=0.000000e+00 train_recT=0.000000e+00 train_fc=0.000000e+00 train_decoder_tail=0.000000e+00
I 07.03/21:57:21 train_mapper.py:804 ] Epoch [210/400] lr=2.946100e-04 train_opt_loss=1.996755e-03 train_select_loss=1.996755e-03 train_mse=1.996755e-03 train_start=9.867662e-02 train_delta=1.996755e-03 train_cos=0.998417 train_nmse=-25.070dB train_rec=0.000000e+00 train_recT=0.000000e+00 train_fc=0.000000e+00 train_decoder_tail=0.000000e+00
I 07.03/21:57:42 train_mapper.py:804 ] Epoch [211/400] lr=2.926533e-04 train_opt_loss=1.988885e-03 train_select_loss=1.988885e-03 train_mse=1.988885e-03 train_start=9.867662e-02 train_delta=1.988885e-03 train_cos=0.998423 train_nmse=-25.088dB train_rec=0.000000e+00 train_recT=0.000000e+00 train_fc=0.000000e+00 train_decoder_tail=0.000000e+00
I 07.03/21:58:04 train_mapper.py:804 ] Epoch [212/400] lr=2.906952e-04 train_opt_loss=1.970850e-03 train_select_loss=1.970850e-03 train_mse=1.970850e-03 train_start=9.867662e-02 train_delta=1.970850e-03 train_cos=0.998437 train_nmse=-25.127dB train_rec=0.000000e+00 train_recT=0.000000e+00 train_fc=0.000000e+00 train_decoder_tail=0.000000e+00
I 07.03/21:58:23 train_mapper.py:804 ] Epoch [213/400] lr=2.887359e-04 train_opt_loss=1.957723e-03 train_select_loss=1.957723e-03 train_mse=1.957723e-03 train_start=9.867662e-02 train_delta=1.957723e-03 train_cos=0.998447 train_nmse=-25.156dB train_rec=0.000000e+00 train_recT=0.000000e+00 train_fc=0.000000e+00 train_decoder_tail=0.000000e+00
I 07.03/21:58:40 train_mapper.py:804 ] Epoch [214/400] lr=2.867756e-04 train_opt_loss=1.939646e-03 train_select_loss=1.939646e-03 train_mse=1.939646e-03 train_start=9.867662e-02 train_delta=1.939646e-03 train_cos=0.998460 train_nmse=-25.196dB train_rec=0.000000e+00 train_recT=0.000000e+00 train_fc=0.000000e+00 train_decoder_tail=0.000000e+00
I 07.03/21:58:58 train_mapper.py:804 ] Epoch [215/400] lr=2.848144e-04 train_opt_loss=1.929750e-03 train_select_loss=1.929750e-03 train_mse=1.929750e-03 train_start=9.867662e-02 train_delta=1.929750e-03 train_cos=0.998468 train_nmse=-25.219dB train_rec=0.000000e+00 train_recT=0.000000e+00 train_fc=0.000000e+00 train_decoder_tail=0.000000e+00
I 07.03/21:59:19 train_mapper.py:804 ] Epoch [216/400] lr=2.828524e-04 train_opt_loss=1.921455e-03 train_select_loss=1.921455e-03 train_mse=1.921455e-03 train_start=9.867662e-02 train_delta=1.921455e-03 train_cos=0.998473 train_nmse=-25.237dB train_rec=0.000000e+00 train_recT=0.000000e+00 train_fc=0.000000e+00 train_decoder_tail=0.000000e+00
I 07.03/21:59:36 train_mapper.py:804 ] Epoch [217/400] lr=2.808898e-04 train_opt_loss=1.915879e-03 train_select_loss=1.915879e-03 train_mse=1.915879e-03 train_start=9.867662e-02 train_delta=1.915879e-03 train_cos=0.998478 train_nmse=-25.250dB train_rec=0.000000e+00 train_recT=0.000000e+00 train_fc=0.000000e+00 train_decoder_tail=0.000000e+00
I 07.03/22:00:01 train_mapper.py:804 ] Epoch [218/400] lr=2.789268e-04 train_opt_loss=1.906420e-03 train_select_loss=1.906420e-03 train_mse=1.906420e-03 train_start=9.867662e-02 train_delta=1.906420e-03 train_cos=0.998486 train_nmse=-25.271dB train_rec=0.000000e+00 train_recT=0.000000e+00 train_fc=0.000000e+00 train_decoder_tail=0.000000e+00
I 07.03/22:00:23 train_mapper.py:804 ] Epoch [219/400] lr=2.769635e-04 train_opt_loss=1.893092e-03 train_select_loss=1.893092e-03 train_mse=1.893092e-03 train_start=9.867662e-02 train_delta=1.893092e-03 train_cos=0.998496 train_nmse=-25.302dB train_rec=0.000000e+00 train_recT=0.000000e+00 train_fc=0.000000e+00 train_decoder_tail=0.000000e+00
I 07.03/22:00:44 train_mapper.py:804 ] Epoch [220/400] lr=2.750000e-04 train_opt_loss=1.880427e-03 train_select_loss=1.880427e-03 train_mse=1.880427e-03 train_start=9.867662e-02 train_delta=1.880427e-03 train_cos=0.998505 train_nmse=-25.331dB train_rec=0.000000e+00 train_recT=0.000000e+00 train_fc=0.000000e+00 train_decoder_tail=0.000000e+00
I 07.03/22:01:11 train_mapper.py:804 ] Epoch [221/400] lr=2.730365e-04 train_opt_loss=1.872268e-03 train_select_loss=1.872268e-03 train_mse=1.872268e-03 train_start=9.867662e-02 train_delta=1.872268e-03 train_cos=0.998511 train_nmse=-25.350dB train_rec=0.000000e+00 train_recT=0.000000e+00 train_fc=0.000000e+00 train_decoder_tail=0.000000e+00
I 07.03/22:01:28 train_mapper.py:804 ] Epoch [222/400] lr=2.710732e-04 train_opt_loss=1.860283e-03 train_select_loss=1.860283e-03 train_mse=1.860283e-03 train_start=9.867662e-02 train_delta=1.860283e-03 train_cos=0.998520 train_nmse=-25.378dB train_rec=0.000000e+00 train_recT=0.000000e+00 train_fc=0.000000e+00 train_decoder_tail=0.000000e+00
I 07.03/22:01:47 train_mapper.py:804 ] Epoch [223/400] lr=2.691102e-04 train_opt_loss=1.850010e-03 train_select_loss=1.850010e-03 train_mse=1.850010e-03 train_start=9.867662e-02 train_delta=1.850010e-03 train_cos=0.998528 train_nmse=-25.402dB train_rec=0.000000e+00 train_recT=0.000000e+00 train_fc=0.000000e+00 train_decoder_tail=0.000000e+00
I 07.03/22:02:08 train_mapper.py:804 ] Epoch [224/400] lr=2.671476e-04 train_opt_loss=1.835524e-03 train_select_loss=1.835524e-03 train_mse=1.835524e-03 train_start=9.867662e-02 train_delta=1.835524e-03 train_cos=0.998539 train_nmse=-25.436dB train_rec=0.000000e+00 train_recT=0.000000e+00 train_fc=0.000000e+00 train_decoder_tail=0.000000e+00
I 07.03/22:02:25 train_mapper.py:804 ] Epoch [225/400] lr=2.651856e-04 train_opt_loss=1.822009e-03 train_select_loss=1.822009e-03 train_mse=1.822009e-03 train_start=9.867662e-02 train_delta=1.822009e-03 train_cos=0.998549 train_nmse=-25.468dB train_rec=0.000000e+00 train_recT=0.000000e+00 train_fc=0.000000e+00 train_decoder_tail=0.000000e+00
I 07.03/22:02:46 train_mapper.py:804 ] Epoch [226/400] lr=2.632244e-04 train_opt_loss=1.808646e-03 train_select_loss=1.808646e-03 train_mse=1.808646e-03 train_start=9.867662e-02 train_delta=1.808646e-03 train_cos=0.998559 train_nmse=-25.500dB train_rec=0.000000e+00 train_recT=0.000000e+00 train_fc=0.000000e+00 train_decoder_tail=0.000000e+00
I 07.03/22:03:06 train_mapper.py:804 ] Epoch [227/400] lr=2.612641e-04 train_opt_loss=1.796772e-03 train_select_loss=1.796772e-03 train_mse=1.796772e-03 train_start=9.867662e-02 train_delta=1.796772e-03 train_cos=0.998569 train_nmse=-25.529dB train_rec=0.000000e+00 train_recT=0.000000e+00 train_fc=0.000000e+00 train_decoder_tail=0.000000e+00
I 07.03/22:03:23 train_mapper.py:804 ] Epoch [228/400] lr=2.593048e-04 train_opt_loss=1.786236e-03 train_select_loss=1.786236e-03 train_mse=1.786236e-03 train_start=9.867662e-02 train_delta=1.786236e-03 train_cos=0.998577 train_nmse=-25.554dB train_rec=0.000000e+00 train_recT=0.000000e+00 train_fc=0.000000e+00 train_decoder_tail=0.000000e+00
I 07.03/22:03:42 train_mapper.py:804 ] Epoch [229/400] lr=2.573467e-04 train_opt_loss=1.777835e-03 train_select_loss=1.777835e-03 train_mse=1.777835e-03 train_start=9.867662e-02 train_delta=1.777835e-03 train_cos=0.998583 train_nmse=-25.575dB train_rec=0.000000e+00 train_recT=0.000000e+00 train_fc=0.000000e+00 train_decoder_tail=0.000000e+00
I 07.03/22:03:59 train_mapper.py:804 ] Epoch [230/400] lr=2.553900e-04 train_opt_loss=1.769022e-03 train_select_loss=1.769022e-03 train_mse=1.769022e-03 train_start=9.867662e-02 train_delta=1.769022e-03 train_cos=0.998590 train_nmse=-25.596dB train_rec=0.000000e+00 train_recT=0.000000e+00 train_fc=0.000000e+00 train_decoder_tail=0.000000e+00
I 07.03/22:04:17 train_mapper.py:804 ] Epoch [231/400] lr=2.534347e-04 train_opt_loss=1.761761e-03 train_select_loss=1.761761e-03 train_mse=1.761761e-03 train_start=9.867662e-02 train_delta=1.761761e-03 train_cos=0.998596 train_nmse=-25.614dB train_rec=0.000000e+00 train_recT=0.000000e+00 train_fc=0.000000e+00 train_decoder_tail=0.000000e+00
I 07.03/22:04:35 train_mapper.py:804 ] Epoch [232/400] lr=2.514811e-04 train_opt_loss=1.748315e-03 train_select_loss=1.748315e-03 train_mse=1.748315e-03 train_start=9.867662e-02 train_delta=1.748315e-03 train_cos=0.998606 train_nmse=-25.648dB train_rec=0.000000e+00 train_recT=0.000000e+00 train_fc=0.000000e+00 train_decoder_tail=0.000000e+00
I 07.03/22:04:53 train_mapper.py:804 ] Epoch [233/400] lr=2.495293e-04 train_opt_loss=1.740072e-03 train_select_loss=1.740072e-03 train_mse=1.740072e-03 train_start=9.867662e-02 train_delta=1.740072e-03 train_cos=0.998612 train_nmse=-25.668dB train_rec=0.000000e+00 train_recT=0.000000e+00 train_fc=0.000000e+00 train_decoder_tail=0.000000e+00
I 07.03/22:05:14 train_mapper.py:804 ] Epoch [234/400] lr=2.475794e-04 train_opt_loss=1.733994e-03 train_select_loss=1.733994e-03 train_mse=1.733994e-03 train_start=9.867662e-02 train_delta=1.733994e-03 train_cos=0.998617 train_nmse=-25.683dB train_rec=0.000000e+00 train_recT=0.000000e+00 train_fc=0.000000e+00 train_decoder_tail=0.000000e+00
I 07.03/22:05:32 train_mapper.py:804 ] Epoch [235/400] lr=2.456316e-04 train_opt_loss=1.723001e-03 train_select_loss=1.723001e-03 train_mse=1.723001e-03 train_start=9.867662e-02 train_delta=1.723001e-03 train_cos=0.998625 train_nmse=-25.711dB train_rec=0.000000e+00 train_recT=0.000000e+00 train_fc=0.000000e+00 train_decoder_tail=0.000000e+00
I 07.03/22:05:51 train_mapper.py:804 ] Epoch [236/400] lr=2.436861e-04 train_opt_loss=1.714323e-03 train_select_loss=1.714323e-03 train_mse=1.714323e-03 train_start=9.867662e-02 train_delta=1.714323e-03 train_cos=0.998631 train_nmse=-25.733dB train_rec=0.000000e+00 train_recT=0.000000e+00 train_fc=0.000000e+00 train_decoder_tail=0.000000e+00
I 07.03/22:06:10 train_mapper.py:804 ] Epoch [237/400] lr=2.417429e-04 train_opt_loss=1.705629e-03 train_select_loss=1.705629e-03 train_mse=1.705629e-03 train_start=9.867662e-02 train_delta=1.705629e-03 train_cos=0.998637 train_nmse=-25.755dB train_rec=0.000000e+00 train_recT=0.000000e+00 train_fc=0.000000e+00 train_decoder_tail=0.000000e+00
I 07.03/22:06:27 train_mapper.py:804 ] Epoch [238/400] lr=2.398022e-04 train_opt_loss=1.694987e-03 train_select_loss=1.694987e-03 train_mse=1.694987e-03 train_start=9.867662e-02 train_delta=1.694987e-03 train_cos=0.998645 train_nmse=-25.782dB train_rec=0.000000e+00 train_recT=0.000000e+00 train_fc=0.000000e+00 train_decoder_tail=0.000000e+00
I 07.03/22:06:46 train_mapper.py:804 ] Epoch [239/400] lr=2.378643e-04 train_opt_loss=1.682099e-03 train_select_loss=1.682099e-03 train_mse=1.682099e-03 train_start=9.867662e-02 train_delta=1.682099e-03 train_cos=0.998656 train_nmse=-25.815dB train_rec=0.000000e+00 train_recT=0.000000e+00 train_fc=0.000000e+00 train_decoder_tail=0.000000e+00
I 07.03/22:07:07 train_mapper.py:804 ] Epoch [240/400] lr=2.359292e-04 train_opt_loss=1.669332e-03 train_select_loss=1.669332e-03 train_mse=1.669332e-03 train_start=9.867662e-02 train_delta=1.669332e-03 train_cos=0.998665 train_nmse=-25.848dB train_rec=0.000000e+00 train_recT=0.000000e+00 train_fc=0.000000e+00 train_decoder_tail=0.000000e+00
I 07.03/22:07:30 train_mapper.py:804 ] Epoch [241/400] lr=2.339970e-04 train_opt_loss=1.658921e-03 train_select_loss=1.658921e-03 train_mse=1.658921e-03 train_start=9.867662e-02 train_delta=1.658921e-03 train_cos=0.998673 train_nmse=-25.875dB train_rec=0.000000e+00 train_recT=0.000000e+00 train_fc=0.000000e+00 train_decoder_tail=0.000000e+00
I 07.03/22:07:51 train_mapper.py:804 ] Epoch [242/400] lr=2.320680e-04 train_opt_loss=1.651188e-03 train_select_loss=1.651188e-03 train_mse=1.651188e-03 train_start=9.867662e-02 train_delta=1.651188e-03 train_cos=0.998679 train_nmse=-25.896dB train_rec=0.000000e+00 train_recT=0.000000e+00 train_fc=0.000000e+00 train_decoder_tail=0.000000e+00
I 07.03/22:08:15 train_mapper.py:804 ] Epoch [243/400] lr=2.301422e-04 train_opt_loss=1.639266e-03 train_select_loss=1.639266e-03 train_mse=1.639266e-03 train_start=9.867662e-02 train_delta=1.639266e-03 train_cos=0.998688 train_nmse=-25.927dB train_rec=0.000000e+00 train_recT=0.000000e+00 train_fc=0.000000e+00 train_decoder_tail=0.000000e+00
I 07.03/22:08:35 train_mapper.py:804 ] Epoch [244/400] lr=2.282199e-04 train_opt_loss=1.635632e-03 train_select_loss=1.635632e-03 train_mse=1.635632e-03 train_start=9.867662e-02 train_delta=1.635632e-03 train_cos=0.998690 train_nmse=-25.937dB train_rec=0.000000e+00 train_recT=0.000000e+00 train_fc=0.000000e+00 train_decoder_tail=0.000000e+00
I 07.03/22:08:57 train_mapper.py:804 ] Epoch [245/400] lr=2.263011e-04 train_opt_loss=1.631643e-03 train_select_loss=1.631643e-03 train_mse=1.631643e-03 train_start=9.867662e-02 train_delta=1.631643e-03 train_cos=0.998694 train_nmse=-25.947dB train_rec=0.000000e+00 train_recT=0.000000e+00 train_fc=0.000000e+00 train_decoder_tail=0.000000e+00
I 07.03/22:09:19 train_mapper.py:804 ] Epoch [246/400] lr=2.243860e-04 train_opt_loss=1.618012e-03 train_select_loss=1.618012e-03 train_mse=1.618012e-03 train_start=9.867662e-02 train_delta=1.618012e-03 train_cos=0.998704 train_nmse=-25.984dB train_rec=0.000000e+00 train_recT=0.000000e+00 train_fc=0.000000e+00 train_decoder_tail=0.000000e+00
I 07.03/22:09:38 train_mapper.py:804 ] Epoch [247/400] lr=2.224748e-04 train_opt_loss=1.611144e-03 train_select_loss=1.611144e-03 train_mse=1.611144e-03 train_start=9.867662e-02 train_delta=1.611144e-03 train_cos=0.998709 train_nmse=-26.002dB train_rec=0.000000e+00 train_recT=0.000000e+00 train_fc=0.000000e+00 train_decoder_tail=0.000000e+00
I 07.03/22:09:55 train_mapper.py:804 ] Epoch [248/400] lr=2.205676e-04 train_opt_loss=1.600352e-03 train_select_loss=1.600352e-03 train_mse=1.600352e-03 train_start=9.867662e-02 train_delta=1.600352e-03 train_cos=0.998717 train_nmse=-26.031dB train_rec=0.000000e+00 train_recT=0.000000e+00 train_fc=0.000000e+00 train_decoder_tail=0.000000e+00
I 07.03/22:10:17 train_mapper.py:804 ] Epoch [249/400] lr=2.186645e-04 train_opt_loss=1.589506e-03 train_select_loss=1.589506e-03 train_mse=1.589506e-03 train_start=9.867662e-02 train_delta=1.589506e-03 train_cos=0.998726 train_nmse=-26.061dB train_rec=0.000000e+00 train_recT=0.000000e+00 train_fc=0.000000e+00 train_decoder_tail=0.000000e+00
I 07.03/22:10:39 train_mapper.py:804 ] Epoch [250/400] lr=2.167657e-04 train_opt_loss=1.579225e-03 train_select_loss=1.579225e-03 train_mse=1.579225e-03 train_start=9.867662e-02 train_delta=1.579225e-03 train_cos=0.998733 train_nmse=-26.089dB train_rec=0.000000e+00 train_recT=0.000000e+00 train_fc=0.000000e+00 train_decoder_tail=0.000000e+00
I 07.03/22:11:04 train_mapper.py:804 ] Epoch [251/400] lr=2.148714e-04 train_opt_loss=1.572246e-03 train_select_loss=1.572246e-03 train_mse=1.572246e-03 train_start=9.867662e-02 train_delta=1.572246e-03 train_cos=0.998738 train_nmse=-26.108dB train_rec=0.000000e+00 train_recT=0.000000e+00 train_fc=0.000000e+00 train_decoder_tail=0.000000e+00
I 07.03/22:11:28 train_mapper.py:804 ] Epoch [252/400] lr=2.129816e-04 train_opt_loss=1.562760e-03 train_select_loss=1.562760e-03 train_mse=1.562760e-03 train_start=9.867662e-02 train_delta=1.562760e-03 train_cos=0.998746 train_nmse=-26.135dB train_rec=0.000000e+00 train_recT=0.000000e+00 train_fc=0.000000e+00 train_decoder_tail=0.000000e+00
I 07.03/22:11:49 train_mapper.py:804 ] Epoch [253/400] lr=2.110965e-04 train_opt_loss=1.554838e-03 train_select_loss=1.554838e-03 train_mse=1.554838e-03 train_start=9.867662e-02 train_delta=1.554838e-03 train_cos=0.998752 train_nmse=-26.157dB train_rec=0.000000e+00 train_recT=0.000000e+00 train_fc=0.000000e+00 train_decoder_tail=0.000000e+00
I 07.03/22:12:10 train_mapper.py:804 ] Epoch [254/400] lr=2.092164e-04 train_opt_loss=1.544962e-03 train_select_loss=1.544962e-03 train_mse=1.544962e-03 train_start=9.867662e-02 train_delta=1.544962e-03 train_cos=0.998759 train_nmse=-26.184dB train_rec=0.000000e+00 train_recT=0.000000e+00 train_fc=0.000000e+00 train_decoder_tail=0.000000e+00
I 07.03/22:12:29 train_mapper.py:804 ] Epoch [255/400] lr=2.073412e-04 train_opt_loss=1.537663e-03 train_select_loss=1.537663e-03 train_mse=1.537663e-03 train_start=9.867662e-02 train_delta=1.537663e-03 train_cos=0.998765 train_nmse=-26.205dB train_rec=0.000000e+00 train_recT=0.000000e+00 train_fc=0.000000e+00 train_decoder_tail=0.000000e+00
I 07.03/22:12:46 train_mapper.py:804 ] Epoch [256/400] lr=2.054712e-04 train_opt_loss=1.531364e-03 train_select_loss=1.531364e-03 train_mse=1.531364e-03 train_start=9.867662e-02 train_delta=1.531364e-03 train_cos=0.998769 train_nmse=-26.223dB train_rec=0.000000e+00 train_recT=0.000000e+00 train_fc=0.000000e+00 train_decoder_tail=0.000000e+00
I 07.03/22:13:05 train_mapper.py:804 ] Epoch [257/400] lr=2.036065e-04 train_opt_loss=1.524329e-03 train_select_loss=1.524329e-03 train_mse=1.524329e-03 train_start=9.867662e-02 train_delta=1.524329e-03 train_cos=0.998775 train_nmse=-26.243dB train_rec=0.000000e+00 train_recT=0.000000e+00 train_fc=0.000000e+00 train_decoder_tail=0.000000e+00
I 07.03/22:13:22 train_mapper.py:804 ] Epoch [258/400] lr=2.017472e-04 train_opt_loss=1.515543e-03 train_select_loss=1.515543e-03 train_mse=1.515543e-03 train_start=9.867662e-02 train_delta=1.515543e-03 train_cos=0.998782 train_nmse=-26.268dB train_rec=0.000000e+00 train_recT=0.000000e+00 train_fc=0.000000e+00 train_decoder_tail=0.000000e+00
I 07.03/22:13:41 train_mapper.py:804 ] Epoch [259/400] lr=1.998935e-04 train_opt_loss=1.509610e-03 train_select_loss=1.509610e-03 train_mse=1.509610e-03 train_start=9.867662e-02 train_delta=1.509610e-03 train_cos=0.998786 train_nmse=-26.285dB train_rec=0.000000e+00 train_recT=0.000000e+00 train_fc=0.000000e+00 train_decoder_tail=0.000000e+00
I 07.03/22:14:05 train_mapper.py:804 ] Epoch [260/400] lr=1.980455e-04 train_opt_loss=1.504103e-03 train_select_loss=1.504103e-03 train_mse=1.504103e-03 train_start=9.867662e-02 train_delta=1.504103e-03 train_cos=0.998790 train_nmse=-26.301dB train_rec=0.000000e+00 train_recT=0.000000e+00 train_fc=0.000000e+00 train_decoder_tail=0.000000e+00
I 07.03/22:14:25 train_mapper.py:804 ] Epoch [261/400] lr=1.962033e-04 train_opt_loss=1.494786e-03 train_select_loss=1.494786e-03 train_mse=1.494786e-03 train_start=9.867662e-02 train_delta=1.494786e-03 train_cos=0.998797 train_nmse=-26.328dB train_rec=0.000000e+00 train_recT=0.000000e+00 train_fc=0.000000e+00 train_decoder_tail=0.000000e+00
I 07.03/22:14:42 train_mapper.py:804 ] Epoch [262/400] lr=1.943672e-04 train_opt_loss=1.486152e-03 train_select_loss=1.486152e-03 train_mse=1.486152e-03 train_start=9.867662e-02 train_delta=1.486152e-03 train_cos=0.998804 train_nmse=-26.353dB train_rec=0.000000e+00 train_recT=0.000000e+00 train_fc=0.000000e+00 train_decoder_tail=0.000000e+00
I 07.03/22:15:02 train_mapper.py:804 ] Epoch [263/400] lr=1.925372e-04 train_opt_loss=1.476610e-03 train_select_loss=1.476610e-03 train_mse=1.476610e-03 train_start=9.867662e-02 train_delta=1.476610e-03 train_cos=0.998811 train_nmse=-26.381dB train_rec=0.000000e+00 train_recT=0.000000e+00 train_fc=0.000000e+00 train_decoder_tail=0.000000e+00
I 07.03/22:15:21 train_mapper.py:804 ] Epoch [264/400] lr=1.907135e-04 train_opt_loss=1.469254e-03 train_select_loss=1.469254e-03 train_mse=1.469254e-03 train_start=9.867662e-02 train_delta=1.469254e-03 train_cos=0.998816 train_nmse=-26.403dB train_rec=0.000000e+00 train_recT=0.000000e+00 train_fc=0.000000e+00 train_decoder_tail=0.000000e+00
I 07.03/22:15:43 train_mapper.py:804 ] Epoch [265/400] lr=1.888962e-04 train_opt_loss=1.458608e-03 train_select_loss=1.458608e-03 train_mse=1.458608e-03 train_start=9.867662e-02 train_delta=1.458608e-03 train_cos=0.998825 train_nmse=-26.434dB train_rec=0.000000e+00 train_recT=0.000000e+00 train_fc=0.000000e+00 train_decoder_tail=0.000000e+00
I 07.03/22:16:10 train_mapper.py:804 ] Epoch [266/400] lr=1.870855e-04 train_opt_loss=1.449130e-03 train_select_loss=1.449130e-03 train_mse=1.449130e-03 train_start=9.867662e-02 train_delta=1.449130e-03 train_cos=0.998832 train_nmse=-26.463dB train_rec=0.000000e+00 train_recT=0.000000e+00 train_fc=0.000000e+00 train_decoder_tail=0.000000e+00
I 07.03/22:16:31 train_mapper.py:804 ] Epoch [267/400] lr=1.852815e-04 train_opt_loss=1.440458e-03 train_select_loss=1.440458e-03 train_mse=1.440458e-03 train_start=9.867662e-02 train_delta=1.440458e-03 train_cos=0.998838 train_nmse=-26.488dB train_rec=0.000000e+00 train_recT=0.000000e+00 train_fc=0.000000e+00 train_decoder_tail=0.000000e+00
I 07.03/22:16:50 train_mapper.py:804 ] Epoch [268/400] lr=1.834843e-04 train_opt_loss=1.435297e-03 train_select_loss=1.435297e-03 train_mse=1.435297e-03 train_start=9.867662e-02 train_delta=1.435297e-03 train_cos=0.998842 train_nmse=-26.504dB train_rec=0.000000e+00 train_recT=0.000000e+00 train_fc=0.000000e+00 train_decoder_tail=0.000000e+00
I 07.03/22:17:14 train_mapper.py:804 ] Epoch [269/400] lr=1.816940e-04 train_opt_loss=1.428806e-03 train_select_loss=1.428806e-03 train_mse=1.428806e-03 train_start=9.867662e-02 train_delta=1.428806e-03 train_cos=0.998847 train_nmse=-26.524dB train_rec=0.000000e+00 train_recT=0.000000e+00 train_fc=0.000000e+00 train_decoder_tail=0.000000e+00
I 07.03/22:17:37 train_mapper.py:804 ] Epoch [270/400] lr=1.799109e-04 train_opt_loss=1.422627e-03 train_select_loss=1.422627e-03 train_mse=1.422627e-03 train_start=9.867662e-02 train_delta=1.422627e-03 train_cos=0.998851 train_nmse=-26.543dB train_rec=0.000000e+00 train_recT=0.000000e+00 train_fc=0.000000e+00 train_decoder_tail=0.000000e+00
I 07.03/22:17:58 train_mapper.py:804 ] Epoch [271/400] lr=1.781350e-04 train_opt_loss=1.415058e-03 train_select_loss=1.415058e-03 train_mse=1.415058e-03 train_start=9.867662e-02 train_delta=1.415058e-03 train_cos=0.998857 train_nmse=-26.566dB train_rec=0.000000e+00 train_recT=0.000000e+00 train_fc=0.000000e+00 train_decoder_tail=0.000000e+00
I 07.03/22:18:21 train_mapper.py:804 ] Epoch [272/400] lr=1.763665e-04 train_opt_loss=1.408540e-03 train_select_loss=1.408540e-03 train_mse=1.408540e-03 train_start=9.867662e-02 train_delta=1.408540e-03 train_cos=0.998862 train_nmse=-26.586dB train_rec=0.000000e+00 train_recT=0.000000e+00 train_fc=0.000000e+00 train_decoder_tail=0.000000e+00
I 07.03/22:18:43 train_mapper.py:804 ] Epoch [273/400] lr=1.746055e-04 train_opt_loss=1.401944e-03 train_select_loss=1.401944e-03 train_mse=1.401944e-03 train_start=9.867662e-02 train_delta=1.401944e-03 train_cos=0.998867 train_nmse=-26.606dB train_rec=0.000000e+00 train_recT=0.000000e+00 train_fc=0.000000e+00 train_decoder_tail=0.000000e+00
I 07.03/22:19:05 train_mapper.py:804 ] Epoch [274/400] lr=1.728521e-04 train_opt_loss=1.397383e-03 train_select_loss=1.397383e-03 train_mse=1.397383e-03 train_start=9.867662e-02 train_delta=1.397383e-03 train_cos=0.998871 train_nmse=-26.620dB train_rec=0.000000e+00 train_recT=0.000000e+00 train_fc=0.000000e+00 train_decoder_tail=0.000000e+00
I 07.03/22:19:30 train_mapper.py:804 ] Epoch [275/400] lr=1.711066e-04 train_opt_loss=1.391533e-03 train_select_loss=1.391533e-03 train_mse=1.391533e-03 train_start=9.867662e-02 train_delta=1.391533e-03 train_cos=0.998875 train_nmse=-26.639dB train_rec=0.000000e+00 train_recT=0.000000e+00 train_fc=0.000000e+00 train_decoder_tail=0.000000e+00
I 07.03/22:19:55 train_mapper.py:804 ] Epoch [276/400] lr=1.693689e-04 train_opt_loss=1.386542e-03 train_select_loss=1.386542e-03 train_mse=1.386542e-03 train_start=9.867662e-02 train_delta=1.386542e-03 train_cos=0.998879 train_nmse=-26.654dB train_rec=0.000000e+00 train_recT=0.000000e+00 train_fc=0.000000e+00 train_decoder_tail=0.000000e+00
I 07.03/22:20:19 train_mapper.py:804 ] Epoch [277/400] lr=1.676393e-04 train_opt_loss=1.378930e-03 train_select_loss=1.378930e-03 train_mse=1.378930e-03 train_start=9.867662e-02 train_delta=1.378930e-03 train_cos=0.998884 train_nmse=-26.678dB train_rec=0.000000e+00 train_recT=0.000000e+00 train_fc=0.000000e+00 train_decoder_tail=0.000000e+00
I 07.03/22:20:40 train_mapper.py:804 ] Epoch [278/400] lr=1.659178e-04 train_opt_loss=1.370573e-03 train_select_loss=1.370573e-03 train_mse=1.370573e-03 train_start=9.867662e-02 train_delta=1.370573e-03 train_cos=0.998891 train_nmse=-26.705dB train_rec=0.000000e+00 train_recT=0.000000e+00 train_fc=0.000000e+00 train_decoder_tail=0.000000e+00
I 07.03/22:21:05 train_mapper.py:804 ] Epoch [279/400] lr=1.642047e-04 train_opt_loss=1.362009e-03 train_select_loss=1.362009e-03 train_mse=1.362009e-03 train_start=9.867662e-02 train_delta=1.362009e-03 train_cos=0.998897 train_nmse=-26.732dB train_rec=0.000000e+00 train_recT=0.000000e+00 train_fc=0.000000e+00 train_decoder_tail=0.000000e+00
I 07.03/22:21:29 train_mapper.py:804 ] Epoch [280/400] lr=1.625000e-04 train_opt_loss=1.354828e-03 train_select_loss=1.354828e-03 train_mse=1.354828e-03 train_start=9.867662e-02 train_delta=1.354828e-03 train_cos=0.998903 train_nmse=-26.755dB train_rec=0.000000e+00 train_recT=0.000000e+00 train_fc=0.000000e+00 train_decoder_tail=0.000000e+00
I 07.03/22:21:52 train_mapper.py:804 ] Epoch [281/400] lr=1.608039e-04 train_opt_loss=1.347642e-03 train_select_loss=1.347642e-03 train_mse=1.347642e-03 train_start=9.867662e-02 train_delta=1.347642e-03 train_cos=0.998908 train_nmse=-26.778dB train_rec=0.000000e+00 train_recT=0.000000e+00 train_fc=0.000000e+00 train_decoder_tail=0.000000e+00
I 07.03/22:22:14 train_mapper.py:804 ] Epoch [282/400] lr=1.591164e-04 train_opt_loss=1.341837e-03 train_select_loss=1.341837e-03 train_mse=1.341837e-03 train_start=9.867662e-02 train_delta=1.341837e-03 train_cos=0.998912 train_nmse=-26.796dB train_rec=0.000000e+00 train_recT=0.000000e+00 train_fc=0.000000e+00 train_decoder_tail=0.000000e+00
I 07.03/22:22:38 train_mapper.py:804 ] Epoch [283/400] lr=1.574378e-04 train_opt_loss=1.334708e-03 train_select_loss=1.334708e-03 train_mse=1.334708e-03 train_start=9.867662e-02 train_delta=1.334708e-03 train_cos=0.998917 train_nmse=-26.820dB train_rec=0.000000e+00 train_recT=0.000000e+00 train_fc=0.000000e+00 train_decoder_tail=0.000000e+00
I 07.03/22:22:57 train_mapper.py:804 ] Epoch [284/400] lr=1.557682e-04 train_opt_loss=1.326809e-03 train_select_loss=1.326809e-03 train_mse=1.326809e-03 train_start=9.867662e-02 train_delta=1.326809e-03 train_cos=0.998924 train_nmse=-26.845dB train_rec=0.000000e+00 train_recT=0.000000e+00 train_fc=0.000000e+00 train_decoder_tail=0.000000e+00
I 07.03/22:23:18 train_mapper.py:804 ] Epoch [285/400] lr=1.541076e-04 train_opt_loss=1.320397e-03 train_select_loss=1.320397e-03 train_mse=1.320397e-03 train_start=9.867662e-02 train_delta=1.320397e-03 train_cos=0.998928 train_nmse=-26.866dB train_rec=0.000000e+00 train_recT=0.000000e+00 train_fc=0.000000e+00 train_decoder_tail=0.000000e+00
I 07.03/22:23:36 train_mapper.py:804 ] Epoch [286/400] lr=1.524562e-04 train_opt_loss=1.312356e-03 train_select_loss=1.312356e-03 train_mse=1.312356e-03 train_start=9.867662e-02 train_delta=1.312356e-03 train_cos=0.998934 train_nmse=-26.893dB train_rec=0.000000e+00 train_recT=0.000000e+00 train_fc=0.000000e+00 train_decoder_tail=0.000000e+00
I 07.03/22:23:53 train_mapper.py:804 ] Epoch [287/400] lr=1.508142e-04 train_opt_loss=1.307286e-03 train_select_loss=1.307286e-03 train_mse=1.307286e-03 train_start=9.867662e-02 train_delta=1.307286e-03 train_cos=0.998938 train_nmse=-26.910dB train_rec=0.000000e+00 train_recT=0.000000e+00 train_fc=0.000000e+00 train_decoder_tail=0.000000e+00
I 07.03/22:24:16 train_mapper.py:804 ] Epoch [288/400] lr=1.491816e-04 train_opt_loss=1.303974e-03 train_select_loss=1.303974e-03 train_mse=1.303974e-03 train_start=9.867662e-02 train_delta=1.303974e-03 train_cos=0.998941 train_nmse=-26.921dB train_rec=0.000000e+00 train_recT=0.000000e+00 train_fc=0.000000e+00 train_decoder_tail=0.000000e+00
I 07.03/22:24:35 train_mapper.py:804 ] Epoch [289/400] lr=1.475586e-04 train_opt_loss=1.299877e-03 train_select_loss=1.299877e-03 train_mse=1.299877e-03 train_start=9.867662e-02 train_delta=1.299877e-03 train_cos=0.998944 train_nmse=-26.934dB train_rec=0.000000e+00 train_recT=0.000000e+00 train_fc=0.000000e+00 train_decoder_tail=0.000000e+00
I 07.03/22:24:52 train_mapper.py:804 ] Epoch [290/400] lr=1.459453e-04 train_opt_loss=1.294535e-03 train_select_loss=1.294535e-03 train_mse=1.294535e-03 train_start=9.867662e-02 train_delta=1.294535e-03 train_cos=0.998948 train_nmse=-26.952dB train_rec=0.000000e+00 train_recT=0.000000e+00 train_fc=0.000000e+00 train_decoder_tail=0.000000e+00
I 07.03/22:25:13 train_mapper.py:804 ] Epoch [291/400] lr=1.443418e-04 train_opt_loss=1.289371e-03 train_select_loss=1.289371e-03 train_mse=1.289371e-03 train_start=9.867662e-02 train_delta=1.289371e-03 train_cos=0.998952 train_nmse=-26.970dB train_rec=0.000000e+00 train_recT=0.000000e+00 train_fc=0.000000e+00 train_decoder_tail=0.000000e+00
I 07.03/22:25:37 train_mapper.py:804 ] Epoch [292/400] lr=1.427483e-04 train_opt_loss=1.283954e-03 train_select_loss=1.283954e-03 train_mse=1.283954e-03 train_start=9.867662e-02 train_delta=1.283954e-03 train_cos=0.998956 train_nmse=-26.988dB train_rec=0.000000e+00 train_recT=0.000000e+00 train_fc=0.000000e+00 train_decoder_tail=0.000000e+00
I 07.03/22:25:58 train_mapper.py:804 ] Epoch [293/400] lr=1.411649e-04 train_opt_loss=1.277715e-03 train_select_loss=1.277715e-03 train_mse=1.277715e-03 train_start=9.867662e-02 train_delta=1.277715e-03 train_cos=0.998961 train_nmse=-27.009dB train_rec=0.000000e+00 train_recT=0.000000e+00 train_fc=0.000000e+00 train_decoder_tail=0.000000e+00
I 07.03/22:26:19 train_mapper.py:804 ] Epoch [294/400] lr=1.395916e-04 train_opt_loss=1.270556e-03 train_select_loss=1.270556e-03 train_mse=1.270556e-03 train_start=9.867662e-02 train_delta=1.270556e-03 train_cos=0.998966 train_nmse=-27.033dB train_rec=0.000000e+00 train_recT=0.000000e+00 train_fc=0.000000e+00 train_decoder_tail=0.000000e+00
I 07.03/22:26:40 train_mapper.py:804 ] Epoch [295/400] lr=1.380287e-04 train_opt_loss=1.263783e-03 train_select_loss=1.263783e-03 train_mse=1.263783e-03 train_start=9.867662e-02 train_delta=1.263783e-03 train_cos=0.998971 train_nmse=-27.057dB train_rec=0.000000e+00 train_recT=0.000000e+00 train_fc=0.000000e+00 train_decoder_tail=0.000000e+00
I 07.03/22:27:01 train_mapper.py:804 ] Epoch [296/400] lr=1.364762e-04 train_opt_loss=1.258113e-03 train_select_loss=1.258113e-03 train_mse=1.258113e-03 train_start=9.867662e-02 train_delta=1.258113e-03 train_cos=0.998975 train_nmse=-27.076dB train_rec=0.000000e+00 train_recT=0.000000e+00 train_fc=0.000000e+00 train_decoder_tail=0.000000e+00
I 07.03/22:27:25 train_mapper.py:804 ] Epoch [297/400] lr=1.349342e-04 train_opt_loss=1.252670e-03 train_select_loss=1.252670e-03 train_mse=1.252670e-03 train_start=9.867662e-02 train_delta=1.252670e-03 train_cos=0.998979 train_nmse=-27.095dB train_rec=0.000000e+00 train_recT=0.000000e+00 train_fc=0.000000e+00 train_decoder_tail=0.000000e+00
I 07.03/22:27:44 train_mapper.py:804 ] Epoch [298/400] lr=1.334029e-04 train_opt_loss=1.247766e-03 train_select_loss=1.247766e-03 train_mse=1.247766e-03 train_start=9.867662e-02 train_delta=1.247766e-03 train_cos=0.998983 train_nmse=-27.112dB train_rec=0.000000e+00 train_recT=0.000000e+00 train_fc=0.000000e+00 train_decoder_tail=0.000000e+00
I 07.03/22:27:58 train_mapper.py:804 ] Epoch [299/400] lr=1.318824e-04 train_opt_loss=1.241322e-03 train_select_loss=1.241322e-03 train_mse=1.241322e-03 train_start=9.867662e-02 train_delta=1.241322e-03 train_cos=0.998988 train_nmse=-27.135dB train_rec=0.000000e+00 train_recT=0.000000e+00 train_fc=0.000000e+00 train_decoder_tail=0.000000e+00
I 07.03/22:28:23 train_mapper.py:804 ] Epoch [300/400] lr=1.303728e-04 train_opt_loss=1.236026e-03 train_select_loss=1.236026e-03 train_mse=1.236026e-03 train_start=9.867662e-02 train_delta=1.236026e-03 train_cos=0.998992 train_nmse=-27.153dB train_rec=0.000000e+00 train_recT=0.000000e+00 train_fc=0.000000e+00 train_decoder_tail=0.000000e+00
I 07.03/22:28:45 train_mapper.py:804 ] Epoch [301/400] lr=1.288742e-04 train_opt_loss=1.230679e-03 train_select_loss=1.230679e-03 train_mse=1.230679e-03 train_start=9.867662e-02 train_delta=1.230679e-03 train_cos=0.998996 train_nmse=-27.172dB train_rec=0.000000e+00 train_recT=0.000000e+00 train_fc=0.000000e+00 train_decoder_tail=0.000000e+00
I 07.03/22:29:09 train_mapper.py:804 ] Epoch [302/400] lr=1.273867e-04 train_opt_loss=1.226660e-03 train_select_loss=1.226660e-03 train_mse=1.226660e-03 train_start=9.867662e-02 train_delta=1.226660e-03 train_cos=0.998999 train_nmse=-27.186dB train_rec=0.000000e+00 train_recT=0.000000e+00 train_fc=0.000000e+00 train_decoder_tail=0.000000e+00
I 07.03/22:29:33 train_mapper.py:804 ] Epoch [303/400] lr=1.259105e-04 train_opt_loss=1.221806e-03 train_select_loss=1.221806e-03 train_mse=1.221806e-03 train_start=9.867662e-02 train_delta=1.221806e-03 train_cos=0.999002 train_nmse=-27.204dB train_rec=0.000000e+00 train_recT=0.000000e+00 train_fc=0.000000e+00 train_decoder_tail=0.000000e+00
I 07.03/22:29:52 train_mapper.py:804 ] Epoch [304/400] lr=1.244456e-04 train_opt_loss=1.217171e-03 train_select_loss=1.217171e-03 train_mse=1.217171e-03 train_start=9.867662e-02 train_delta=1.217171e-03 train_cos=0.999006 train_nmse=-27.220dB train_rec=0.000000e+00 train_recT=0.000000e+00 train_fc=0.000000e+00 train_decoder_tail=0.000000e+00
I 07.03/22:30:14 train_mapper.py:804 ] Epoch [305/400] lr=1.229922e-04 train_opt_loss=1.211872e-03 train_select_loss=1.211872e-03 train_mse=1.211872e-03 train_start=9.867662e-02 train_delta=1.211872e-03 train_cos=0.999010 train_nmse=-27.239dB train_rec=0.000000e+00 train_recT=0.000000e+00 train_fc=0.000000e+00 train_decoder_tail=0.000000e+00
I 07.03/22:30:33 train_mapper.py:804 ] Epoch [306/400] lr=1.215504e-04 train_opt_loss=1.206558e-03 train_select_loss=1.206558e-03 train_mse=1.206558e-03 train_start=9.867662e-02 train_delta=1.206558e-03 train_cos=0.999014 train_nmse=-27.258dB train_rec=0.000000e+00 train_recT=0.000000e+00 train_fc=0.000000e+00 train_decoder_tail=0.000000e+00
I 07.03/22:30:51 train_mapper.py:804 ] Epoch [307/400] lr=1.201202e-04 train_opt_loss=1.201301e-03 train_select_loss=1.201301e-03 train_mse=1.201301e-03 train_start=9.867662e-02 train_delta=1.201301e-03 train_cos=0.999018 train_nmse=-27.277dB train_rec=0.000000e+00 train_recT=0.000000e+00 train_fc=0.000000e+00 train_decoder_tail=0.000000e+00
I 07.03/22:31:14 train_mapper.py:804 ] Epoch [308/400] lr=1.187019e-04 train_opt_loss=1.195684e-03 train_select_loss=1.195684e-03 train_mse=1.195684e-03 train_start=9.867662e-02 train_delta=1.195684e-03 train_cos=0.999022 train_nmse=-27.297dB train_rec=0.000000e+00 train_recT=0.000000e+00 train_fc=0.000000e+00 train_decoder_tail=0.000000e+00
I 07.03/22:31:37 train_mapper.py:804 ] Epoch [309/400] lr=1.172954e-04 train_opt_loss=1.189493e-03 train_select_loss=1.189493e-03 train_mse=1.189493e-03 train_start=9.867662e-02 train_delta=1.189493e-03 train_cos=0.999026 train_nmse=-27.320dB train_rec=0.000000e+00 train_recT=0.000000e+00 train_fc=0.000000e+00 train_decoder_tail=0.000000e+00
I 07.03/22:31:58 train_mapper.py:804 ] Epoch [310/400] lr=1.159010e-04 train_opt_loss=1.185880e-03 train_select_loss=1.185880e-03 train_mse=1.185880e-03 train_start=9.867662e-02 train_delta=1.185880e-03 train_cos=0.999029 train_nmse=-27.333dB train_rec=0.000000e+00 train_recT=0.000000e+00 train_fc=0.000000e+00 train_decoder_tail=0.000000e+00
I 07.03/22:32:23 train_mapper.py:804 ] Epoch [311/400] lr=1.145186e-04 train_opt_loss=1.182234e-03 train_select_loss=1.182234e-03 train_mse=1.182234e-03 train_start=9.867662e-02 train_delta=1.182234e-03 train_cos=0.999032 train_nmse=-27.346dB train_rec=0.000000e+00 train_recT=0.000000e+00 train_fc=0.000000e+00 train_decoder_tail=0.000000e+00
I 07.03/22:32:44 train_mapper.py:804 ] Epoch [312/400] lr=1.131485e-04 train_opt_loss=1.178096e-03 train_select_loss=1.178096e-03 train_mse=1.178096e-03 train_start=9.867662e-02 train_delta=1.178096e-03 train_cos=0.999035 train_nmse=-27.362dB train_rec=0.000000e+00 train_recT=0.000000e+00 train_fc=0.000000e+00 train_decoder_tail=0.000000e+00
I 07.03/22:33:05 train_mapper.py:804 ] Epoch [313/400] lr=1.117908e-04 train_opt_loss=1.173215e-03 train_select_loss=1.173215e-03 train_mse=1.173215e-03 train_start=9.867662e-02 train_delta=1.173215e-03 train_cos=0.999039 train_nmse=-27.380dB train_rec=0.000000e+00 train_recT=0.000000e+00 train_fc=0.000000e+00 train_decoder_tail=0.000000e+00
I 07.03/22:33:24 train_mapper.py:804 ] Epoch [314/400] lr=1.104454e-04 train_opt_loss=1.168764e-03 train_select_loss=1.168764e-03 train_mse=1.168764e-03 train_start=9.867662e-02 train_delta=1.168764e-03 train_cos=0.999042 train_nmse=-27.396dB train_rec=0.000000e+00 train_recT=0.000000e+00 train_fc=0.000000e+00 train_decoder_tail=0.000000e+00
I 07.03/22:33:42 train_mapper.py:804 ] Epoch [315/400] lr=1.091126e-04 train_opt_loss=1.164081e-03 train_select_loss=1.164081e-03 train_mse=1.164081e-03 train_start=9.867662e-02 train_delta=1.164081e-03 train_cos=0.999045 train_nmse=-27.414dB train_rec=0.000000e+00 train_recT=0.000000e+00 train_fc=0.000000e+00 train_decoder_tail=0.000000e+00
I 07.03/22:33:58 train_mapper.py:804 ] Epoch [316/400] lr=1.077924e-04 train_opt_loss=1.159943e-03 train_select_loss=1.159943e-03 train_mse=1.159943e-03 train_start=9.867662e-02 train_delta=1.159943e-03 train_cos=0.999049 train_nmse=-27.429dB train_rec=0.000000e+00 train_recT=0.000000e+00 train_fc=0.000000e+00 train_decoder_tail=0.000000e+00
I 07.03/22:34:17 train_mapper.py:804 ] Epoch [317/400] lr=1.064850e-04 train_opt_loss=1.155880e-03 train_select_loss=1.155880e-03 train_mse=1.155880e-03 train_start=9.867662e-02 train_delta=1.155880e-03 train_cos=0.999052 train_nmse=-27.444dB train_rec=0.000000e+00 train_recT=0.000000e+00 train_fc=0.000000e+00 train_decoder_tail=0.000000e+00
I 07.03/22:34:38 train_mapper.py:804 ] Epoch [318/400] lr=1.051903e-04 train_opt_loss=1.151474e-03 train_select_loss=1.151474e-03 train_mse=1.151474e-03 train_start=9.867662e-02 train_delta=1.151474e-03 train_cos=0.999055 train_nmse=-27.461dB train_rec=0.000000e+00 train_recT=0.000000e+00 train_fc=0.000000e+00 train_decoder_tail=0.000000e+00
I 07.03/22:34:57 train_mapper.py:804 ] Epoch [319/400] lr=1.039087e-04 train_opt_loss=1.147365e-03 train_select_loss=1.147365e-03 train_mse=1.147365e-03 train_start=9.867662e-02 train_delta=1.147365e-03 train_cos=0.999058 train_nmse=-27.477dB train_rec=0.000000e+00 train_recT=0.000000e+00 train_fc=0.000000e+00 train_decoder_tail=0.000000e+00
I 07.03/22:35:18 train_mapper.py:804 ] Epoch [320/400] lr=1.026400e-04 train_opt_loss=1.142691e-03 train_select_loss=1.142691e-03 train_mse=1.142691e-03 train_start=9.867662e-02 train_delta=1.142691e-03 train_cos=0.999062 train_nmse=-27.494dB train_rec=0.000000e+00 train_recT=0.000000e+00 train_fc=0.000000e+00 train_decoder_tail=0.000000e+00
I 07.03/22:35:38 train_mapper.py:804 ] Epoch [321/400] lr=1.013845e-04 train_opt_loss=1.138122e-03 train_select_loss=1.138122e-03 train_mse=1.138122e-03 train_start=9.867662e-02 train_delta=1.138122e-03 train_cos=0.999065 train_nmse=-27.512dB train_rec=0.000000e+00 train_recT=0.000000e+00 train_fc=0.000000e+00 train_decoder_tail=0.000000e+00
I 07.03/22:35:56 train_mapper.py:804 ] Epoch [322/400] lr=1.001422e-04 train_opt_loss=1.134191e-03 train_select_loss=1.134191e-03 train_mse=1.134191e-03 train_start=9.867662e-02 train_delta=1.134191e-03 train_cos=0.999068 train_nmse=-27.527dB train_rec=0.000000e+00 train_recT=0.000000e+00 train_fc=0.000000e+00 train_decoder_tail=0.000000e+00
I 07.03/22:36:17 train_mapper.py:804 ] Epoch [323/400] lr=9.891316e-05 train_opt_loss=1.129820e-03 train_select_loss=1.129820e-03 train_mse=1.129820e-03 train_start=9.867662e-02 train_delta=1.129820e-03 train_cos=0.999071 train_nmse=-27.543dB train_rec=0.000000e+00 train_recT=0.000000e+00 train_fc=0.000000e+00 train_decoder_tail=0.000000e+00
I 07.03/22:36:33 train_mapper.py:804 ] Epoch [324/400] lr=9.769758e-05 train_opt_loss=1.126078e-03 train_select_loss=1.126078e-03 train_mse=1.126078e-03 train_start=9.867662e-02 train_delta=1.126078e-03 train_cos=0.999074 train_nmse=-27.558dB train_rec=0.000000e+00 train_recT=0.000000e+00 train_fc=0.000000e+00 train_decoder_tail=0.000000e+00
I 07.03/22:36:51 train_mapper.py:804 ] Epoch [325/400] lr=9.649550e-05 train_opt_loss=1.122643e-03 train_select_loss=1.122643e-03 train_mse=1.122643e-03 train_start=9.867662e-02 train_delta=1.122643e-03 train_cos=0.999077 train_nmse=-27.571dB train_rec=0.000000e+00 train_recT=0.000000e+00 train_fc=0.000000e+00 train_decoder_tail=0.000000e+00
I 07.03/22:37:10 train_mapper.py:804 ] Epoch [326/400] lr=9.530701e-05 train_opt_loss=1.119057e-03 train_select_loss=1.119057e-03 train_mse=1.119057e-03 train_start=9.867662e-02 train_delta=1.119057e-03 train_cos=0.999079 train_nmse=-27.585dB train_rec=0.000000e+00 train_recT=0.000000e+00 train_fc=0.000000e+00 train_decoder_tail=0.000000e+00
I 07.03/22:37:29 train_mapper.py:804 ] Epoch [327/400] lr=9.413221e-05 train_opt_loss=1.115371e-03 train_select_loss=1.115371e-03 train_mse=1.115371e-03 train_start=9.867662e-02 train_delta=1.115371e-03 train_cos=0.999082 train_nmse=-27.599dB train_rec=0.000000e+00 train_recT=0.000000e+00 train_fc=0.000000e+00 train_decoder_tail=0.000000e+00
I 07.03/22:37:46 train_mapper.py:804 ] Epoch [328/400] lr=9.297118e-05 train_opt_loss=1.112184e-03 train_select_loss=1.112184e-03 train_mse=1.112184e-03 train_start=9.867662e-02 train_delta=1.112184e-03 train_cos=0.999084 train_nmse=-27.612dB train_rec=0.000000e+00 train_recT=0.000000e+00 train_fc=0.000000e+00 train_decoder_tail=0.000000e+00
I 07.03/22:38:00 train_mapper.py:804 ] Epoch [329/400] lr=9.182401e-05 train_opt_loss=1.108571e-03 train_select_loss=1.108571e-03 train_mse=1.108571e-03 train_start=9.867662e-02 train_delta=1.108571e-03 train_cos=0.999087 train_nmse=-27.626dB train_rec=0.000000e+00 train_recT=0.000000e+00 train_fc=0.000000e+00 train_decoder_tail=0.000000e+00
I 07.03/22:38:18 train_mapper.py:804 ] Epoch [330/400] lr=9.069079e-05 train_opt_loss=1.104075e-03 train_select_loss=1.104075e-03 train_mse=1.104075e-03 train_start=9.867662e-02 train_delta=1.104075e-03 train_cos=0.999090 train_nmse=-27.644dB train_rec=0.000000e+00 train_recT=0.000000e+00 train_fc=0.000000e+00 train_decoder_tail=0.000000e+00
I 07.03/22:38:32 train_mapper.py:804 ] Epoch [331/400] lr=8.957161e-05 train_opt_loss=1.100457e-03 train_select_loss=1.100457e-03 train_mse=1.100457e-03 train_start=9.867662e-02 train_delta=1.100457e-03 train_cos=0.999093 train_nmse=-27.658dB train_rec=0.000000e+00 train_recT=0.000000e+00 train_fc=0.000000e+00 train_decoder_tail=0.000000e+00
I 07.03/22:38:47 train_mapper.py:804 ] Epoch [332/400] lr=8.846655e-05 train_opt_loss=1.096749e-03 train_select_loss=1.096749e-03 train_mse=1.096749e-03 train_start=9.867662e-02 train_delta=1.096749e-03 train_cos=0.999096 train_nmse=-27.672dB train_rec=0.000000e+00 train_recT=0.000000e+00 train_fc=0.000000e+00 train_decoder_tail=0.000000e+00
I 07.03/22:39:06 train_mapper.py:804 ] Epoch [333/400] lr=8.737569e-05 train_opt_loss=1.092787e-03 train_select_loss=1.092787e-03 train_mse=1.092787e-03 train_start=9.867662e-02 train_delta=1.092787e-03 train_cos=0.999099 train_nmse=-27.688dB train_rec=0.000000e+00 train_recT=0.000000e+00 train_fc=0.000000e+00 train_decoder_tail=0.000000e+00
I 07.03/22:39:20 train_mapper.py:804 ] Epoch [334/400] lr=8.629912e-05 train_opt_loss=1.089284e-03 train_select_loss=1.089284e-03 train_mse=1.089284e-03 train_start=9.867662e-02 train_delta=1.089284e-03 train_cos=0.999101 train_nmse=-27.702dB train_rec=0.000000e+00 train_recT=0.000000e+00 train_fc=0.000000e+00 train_decoder_tail=0.000000e+00
I 07.03/22:39:36 train_mapper.py:804 ] Epoch [335/400] lr=8.523692e-05 train_opt_loss=1.086008e-03 train_select_loss=1.086008e-03 train_mse=1.086008e-03 train_start=9.867662e-02 train_delta=1.086008e-03 train_cos=0.999104 train_nmse=-27.715dB train_rec=0.000000e+00 train_recT=0.000000e+00 train_fc=0.000000e+00 train_decoder_tail=0.000000e+00
I 07.03/22:39:53 train_mapper.py:804 ] Epoch [336/400] lr=8.418918e-05 train_opt_loss=1.083219e-03 train_select_loss=1.083219e-03 train_mse=1.083219e-03 train_start=9.867662e-02 train_delta=1.083219e-03 train_cos=0.999106 train_nmse=-27.726dB train_rec=0.000000e+00 train_recT=0.000000e+00 train_fc=0.000000e+00 train_decoder_tail=0.000000e+00
I 07.03/22:40:10 train_mapper.py:804 ] Epoch [337/400] lr=8.315596e-05 train_opt_loss=1.079683e-03 train_select_loss=1.079683e-03 train_mse=1.079683e-03 train_start=9.867662e-02 train_delta=1.079683e-03 train_cos=0.999109 train_nmse=-27.741dB train_rec=0.000000e+00 train_recT=0.000000e+00 train_fc=0.000000e+00 train_decoder_tail=0.000000e+00
I 07.03/22:40:25 train_mapper.py:804 ] Epoch [338/400] lr=8.213736e-05 train_opt_loss=1.076761e-03 train_select_loss=1.076761e-03 train_mse=1.076761e-03 train_start=9.867662e-02 train_delta=1.076761e-03 train_cos=0.999111 train_nmse=-27.752dB train_rec=0.000000e+00 train_recT=0.000000e+00 train_fc=0.000000e+00 train_decoder_tail=0.000000e+00
I 07.03/22:40:40 train_mapper.py:804 ] Epoch [339/400] lr=8.113344e-05 train_opt_loss=1.073993e-03 train_select_loss=1.073993e-03 train_mse=1.073993e-03 train_start=9.867662e-02 train_delta=1.073993e-03 train_cos=0.999113 train_nmse=-27.763dB train_rec=0.000000e+00 train_recT=0.000000e+00 train_fc=0.000000e+00 train_decoder_tail=0.000000e+00
I 07.03/22:40:57 train_mapper.py:804 ] Epoch [340/400] lr=8.014428e-05 train_opt_loss=1.070979e-03 train_select_loss=1.070979e-03 train_mse=1.070979e-03 train_start=9.867662e-02 train_delta=1.070979e-03 train_cos=0.999115 train_nmse=-27.776dB train_rec=0.000000e+00 train_recT=0.000000e+00 train_fc=0.000000e+00 train_decoder_tail=0.000000e+00
I 07.03/22:41:14 train_mapper.py:804 ] Epoch [341/400] lr=7.916997e-05 train_opt_loss=1.067440e-03 train_select_loss=1.067440e-03 train_mse=1.067440e-03 train_start=9.867662e-02 train_delta=1.067440e-03 train_cos=0.999118 train_nmse=-27.790dB train_rec=0.000000e+00 train_recT=0.000000e+00 train_fc=0.000000e+00 train_decoder_tail=0.000000e+00
I 07.03/22:41:29 train_mapper.py:804 ] Epoch [342/400] lr=7.821057e-05 train_opt_loss=1.064927e-03 train_select_loss=1.064927e-03 train_mse=1.064927e-03 train_start=9.867662e-02 train_delta=1.064927e-03 train_cos=0.999120 train_nmse=-27.800dB train_rec=0.000000e+00 train_recT=0.000000e+00 train_fc=0.000000e+00 train_decoder_tail=0.000000e+00
I 07.03/22:41:46 train_mapper.py:804 ] Epoch [343/400] lr=7.726615e-05 train_opt_loss=1.062112e-03 train_select_loss=1.062112e-03 train_mse=1.062112e-03 train_start=9.867662e-02 train_delta=1.062112e-03 train_cos=0.999122 train_nmse=-27.812dB train_rec=0.000000e+00 train_recT=0.000000e+00 train_fc=0.000000e+00 train_decoder_tail=0.000000e+00
I 07.03/22:42:03 train_mapper.py:804 ] Epoch [344/400] lr=7.633679e-05 train_opt_loss=1.058960e-03 train_select_loss=1.058960e-03 train_mse=1.058960e-03 train_start=9.867662e-02 train_delta=1.058960e-03 train_cos=0.999124 train_nmse=-27.825dB train_rec=0.000000e+00 train_recT=0.000000e+00 train_fc=0.000000e+00 train_decoder_tail=0.000000e+00
I 07.03/22:42:18 train_mapper.py:804 ] Epoch [345/400] lr=7.542256e-05 train_opt_loss=1.056119e-03 train_select_loss=1.056119e-03 train_mse=1.056119e-03 train_start=9.867662e-02 train_delta=1.056119e-03 train_cos=0.999127 train_nmse=-27.836dB train_rec=0.000000e+00 train_recT=0.000000e+00 train_fc=0.000000e+00 train_decoder_tail=0.000000e+00
I 07.03/22:42:34 train_mapper.py:804 ] Epoch [346/400] lr=7.452353e-05 train_opt_loss=1.053466e-03 train_select_loss=1.053466e-03 train_mse=1.053466e-03 train_start=9.867662e-02 train_delta=1.053466e-03 train_cos=0.999129 train_nmse=-27.847dB train_rec=0.000000e+00 train_recT=0.000000e+00 train_fc=0.000000e+00 train_decoder_tail=0.000000e+00
I 07.03/22:42:51 train_mapper.py:804 ] Epoch [347/400] lr=7.363977e-05 train_opt_loss=1.050498e-03 train_select_loss=1.050498e-03 train_mse=1.050498e-03 train_start=9.867662e-02 train_delta=1.050498e-03 train_cos=0.999131 train_nmse=-27.860dB train_rec=0.000000e+00 train_recT=0.000000e+00 train_fc=0.000000e+00 train_decoder_tail=0.000000e+00
I 07.03/22:43:09 train_mapper.py:804 ] Epoch [348/400] lr=7.277134e-05 train_opt_loss=1.047757e-03 train_select_loss=1.047757e-03 train_mse=1.047757e-03 train_start=9.867662e-02 train_delta=1.047757e-03 train_cos=0.999133 train_nmse=-27.871dB train_rec=0.000000e+00 train_recT=0.000000e+00 train_fc=0.000000e+00 train_decoder_tail=0.000000e+00
I 07.03/22:43:25 train_mapper.py:804 ] Epoch [349/400] lr=7.191831e-05 train_opt_loss=1.044369e-03 train_select_loss=1.044369e-03 train_mse=1.044369e-03 train_start=9.867662e-02 train_delta=1.044369e-03 train_cos=0.999135 train_nmse=-27.885dB train_rec=0.000000e+00 train_recT=0.000000e+00 train_fc=0.000000e+00 train_decoder_tail=0.000000e+00
I 07.03/22:43:42 train_mapper.py:804 ] Epoch [350/400] lr=7.108075e-05 train_opt_loss=1.041559e-03 train_select_loss=1.041559e-03 train_mse=1.041559e-03 train_start=9.867662e-02 train_delta=1.041559e-03 train_cos=0.999138 train_nmse=-27.897dB train_rec=0.000000e+00 train_recT=0.000000e+00 train_fc=0.000000e+00 train_decoder_tail=0.000000e+00
I 07.03/22:44:01 train_mapper.py:804 ] Epoch [351/400] lr=7.025871e-05 train_opt_loss=1.038740e-03 train_select_loss=1.038740e-03 train_mse=1.038740e-03 train_start=9.867662e-02 train_delta=1.038740e-03 train_cos=0.999140 train_nmse=-27.908dB train_rec=0.000000e+00 train_recT=0.000000e+00 train_fc=0.000000e+00 train_decoder_tail=0.000000e+00
I 07.03/22:44:21 train_mapper.py:804 ] Epoch [352/400] lr=6.945227e-05 train_opt_loss=1.036326e-03 train_select_loss=1.036326e-03 train_mse=1.036326e-03 train_start=9.867662e-02 train_delta=1.036326e-03 train_cos=0.999141 train_nmse=-27.919dB train_rec=0.000000e+00 train_recT=0.000000e+00 train_fc=0.000000e+00 train_decoder_tail=0.000000e+00
I 07.03/22:44:40 train_mapper.py:804 ] Epoch [353/400] lr=6.866148e-05 train_opt_loss=1.033847e-03 train_select_loss=1.033847e-03 train_mse=1.033847e-03 train_start=9.867662e-02 train_delta=1.033847e-03 train_cos=0.999143 train_nmse=-27.929dB train_rec=0.000000e+00 train_recT=0.000000e+00 train_fc=0.000000e+00 train_decoder_tail=0.000000e+00
I 07.03/22:44:59 train_mapper.py:804 ] Epoch [354/400] lr=6.788641e-05 train_opt_loss=1.031669e-03 train_select_loss=1.031669e-03 train_mse=1.031669e-03 train_start=9.867662e-02 train_delta=1.031669e-03 train_cos=0.999145 train_nmse=-27.938dB train_rec=0.000000e+00 train_recT=0.000000e+00 train_fc=0.000000e+00 train_decoder_tail=0.000000e+00
I 07.03/22:45:19 train_mapper.py:804 ] Epoch [355/400] lr=6.712711e-05 train_opt_loss=1.029302e-03 train_select_loss=1.029302e-03 train_mse=1.029302e-03 train_start=9.867662e-02 train_delta=1.029302e-03 train_cos=0.999147 train_nmse=-27.948dB train_rec=0.000000e+00 train_recT=0.000000e+00 train_fc=0.000000e+00 train_decoder_tail=0.000000e+00
I 07.03/22:45:36 train_mapper.py:804 ] Epoch [356/400] lr=6.638363e-05 train_opt_loss=1.026583e-03 train_select_loss=1.026583e-03 train_mse=1.026583e-03 train_start=9.867662e-02 train_delta=1.026583e-03 train_cos=0.999149 train_nmse=-27.959dB train_rec=0.000000e+00 train_recT=0.000000e+00 train_fc=0.000000e+00 train_decoder_tail=0.000000e+00
I 07.03/22:45:51 train_mapper.py:804 ] Epoch [357/400] lr=6.565605e-05 train_opt_loss=1.024128e-03 train_select_loss=1.024128e-03 train_mse=1.024128e-03 train_start=9.867662e-02 train_delta=1.024128e-03 train_cos=0.999151 train_nmse=-27.970dB train_rec=0.000000e+00 train_recT=0.000000e+00 train_fc=0.000000e+00 train_decoder_tail=0.000000e+00
I 07.03/22:46:09 train_mapper.py:804 ] Epoch [358/400] lr=6.494440e-05 train_opt_loss=1.021989e-03 train_select_loss=1.021989e-03 train_mse=1.021989e-03 train_start=9.867662e-02 train_delta=1.021989e-03 train_cos=0.999152 train_nmse=-27.979dB train_rec=0.000000e+00 train_recT=0.000000e+00 train_fc=0.000000e+00 train_decoder_tail=0.000000e+00
I 07.03/22:46:24 train_mapper.py:804 ] Epoch [359/400] lr=6.424876e-05 train_opt_loss=1.019827e-03 train_select_loss=1.019827e-03 train_mse=1.019827e-03 train_start=9.867662e-02 train_delta=1.019827e-03 train_cos=0.999154 train_nmse=-27.988dB train_rec=0.000000e+00 train_recT=0.000000e+00 train_fc=0.000000e+00 train_decoder_tail=0.000000e+00
I 07.03/22:46:40 train_mapper.py:804 ] Epoch [360/400] lr=6.356916e-05 train_opt_loss=1.017731e-03 train_select_loss=1.017731e-03 train_mse=1.017731e-03 train_start=9.867662e-02 train_delta=1.017731e-03 train_cos=0.999156 train_nmse=-27.997dB train_rec=0.000000e+00 train_recT=0.000000e+00 train_fc=0.000000e+00 train_decoder_tail=0.000000e+00
I 07.03/22:46:56 train_mapper.py:804 ] Epoch [361/400] lr=6.290566e-05 train_opt_loss=1.015833e-03 train_select_loss=1.015833e-03 train_mse=1.015833e-03 train_start=9.867662e-02 train_delta=1.015833e-03 train_cos=0.999157 train_nmse=-28.005dB train_rec=0.000000e+00 train_recT=0.000000e+00 train_fc=0.000000e+00 train_decoder_tail=0.000000e+00
I 07.03/22:47:15 train_mapper.py:804 ] Epoch [362/400] lr=6.225832e-05 train_opt_loss=1.013895e-03 train_select_loss=1.013895e-03 train_mse=1.013895e-03 train_start=9.867662e-02 train_delta=1.013895e-03 train_cos=0.999159 train_nmse=-28.014dB train_rec=0.000000e+00 train_recT=0.000000e+00 train_fc=0.000000e+00 train_decoder_tail=0.000000e+00
I 07.03/22:47:30 train_mapper.py:804 ] Epoch [363/400] lr=6.162718e-05 train_opt_loss=1.011721e-03 train_select_loss=1.011721e-03 train_mse=1.011721e-03 train_start=9.867662e-02 train_delta=1.011721e-03 train_cos=0.999160 train_nmse=-28.023dB train_rec=0.000000e+00 train_recT=0.000000e+00 train_fc=0.000000e+00 train_decoder_tail=0.000000e+00
I 07.03/22:47:45 train_mapper.py:804 ] Epoch [364/400] lr=6.101228e-05 train_opt_loss=1.009791e-03 train_select_loss=1.009791e-03 train_mse=1.009791e-03 train_start=9.867662e-02 train_delta=1.009791e-03 train_cos=0.999162 train_nmse=-28.031dB train_rec=0.000000e+00 train_recT=0.000000e+00 train_fc=0.000000e+00 train_decoder_tail=0.000000e+00
I 07.03/22:48:02 train_mapper.py:804 ] Epoch [365/400] lr=6.041369e-05 train_opt_loss=1.007492e-03 train_select_loss=1.007492e-03 train_mse=1.007492e-03 train_start=9.867662e-02 train_delta=1.007492e-03 train_cos=0.999164 train_nmse=-28.041dB train_rec=0.000000e+00 train_recT=0.000000e+00 train_fc=0.000000e+00 train_decoder_tail=0.000000e+00
I 07.03/22:48:18 train_mapper.py:804 ] Epoch [366/400] lr=5.983143e-05 train_opt_loss=1.005352e-03 train_select_loss=1.005352e-03 train_mse=1.005352e-03 train_start=9.867662e-02 train_delta=1.005352e-03 train_cos=0.999165 train_nmse=-28.050dB train_rec=0.000000e+00 train_recT=0.000000e+00 train_fc=0.000000e+00 train_decoder_tail=0.000000e+00
I 07.03/22:48:34 train_mapper.py:804 ] Epoch [367/400] lr=5.926556e-05 train_opt_loss=1.003192e-03 train_select_loss=1.003192e-03 train_mse=1.003192e-03 train_start=9.867662e-02 train_delta=1.003192e-03 train_cos=0.999167 train_nmse=-28.060dB train_rec=0.000000e+00 train_recT=0.000000e+00 train_fc=0.000000e+00 train_decoder_tail=0.000000e+00
I 07.03/22:48:48 train_mapper.py:804 ] Epoch [368/400] lr=5.871612e-05 train_opt_loss=1.001215e-03 train_select_loss=1.001215e-03 train_mse=1.001215e-03 train_start=9.867662e-02 train_delta=1.001215e-03 train_cos=0.999168 train_nmse=-28.068dB train_rec=0.000000e+00 train_recT=0.000000e+00 train_fc=0.000000e+00 train_decoder_tail=0.000000e+00
I 07.03/22:49:07 train_mapper.py:804 ] Epoch [369/400] lr=5.818315e-05 train_opt_loss=9.993088e-04 train_select_loss=9.993088e-04 train_mse=9.993088e-04 train_start=9.867662e-02 train_delta=9.993088e-04 train_cos=0.999170 train_nmse=-28.076dB train_rec=0.000000e+00 train_recT=0.000000e+00 train_fc=0.000000e+00 train_decoder_tail=0.000000e+00
I 07.03/22:49:21 train_mapper.py:804 ] Epoch [370/400] lr=5.766669e-05 train_opt_loss=9.975730e-04 train_select_loss=9.975730e-04 train_mse=9.975730e-04 train_start=9.867662e-02 train_delta=9.975730e-04 train_cos=0.999171 train_nmse=-28.084dB train_rec=0.000000e+00 train_recT=0.000000e+00 train_fc=0.000000e+00 train_decoder_tail=0.000000e+00
I 07.03/22:49:37 train_mapper.py:804 ] Epoch [371/400] lr=5.716678e-05 train_opt_loss=9.957060e-04 train_select_loss=9.957060e-04 train_mse=9.957060e-04 train_start=9.867662e-02 train_delta=9.957060e-04 train_cos=0.999173 train_nmse=-28.092dB train_rec=0.000000e+00 train_recT=0.000000e+00 train_fc=0.000000e+00 train_decoder_tail=0.000000e+00
I 07.03/22:49:53 train_mapper.py:804 ] Epoch [372/400] lr=5.668346e-05 train_opt_loss=9.940416e-04 train_select_loss=9.940416e-04 train_mse=9.940416e-04 train_start=9.867662e-02 train_delta=9.940416e-04 train_cos=0.999174 train_nmse=-28.100dB train_rec=0.000000e+00 train_recT=0.000000e+00 train_fc=0.000000e+00 train_decoder_tail=0.000000e+00
I 07.03/22:50:10 train_mapper.py:804 ] Epoch [373/400] lr=5.621677e-05 train_opt_loss=9.926676e-04 train_select_loss=9.926676e-04 train_mse=9.926676e-04 train_start=9.867662e-02 train_delta=9.926676e-04 train_cos=0.999175 train_nmse=-28.105dB train_rec=0.000000e+00 train_recT=0.000000e+00 train_fc=0.000000e+00 train_decoder_tail=0.000000e+00
I 07.03/22:50:25 train_mapper.py:804 ] Epoch [374/400] lr=5.576674e-05 train_opt_loss=9.909327e-04 train_select_loss=9.909327e-04 train_mse=9.909327e-04 train_start=9.867662e-02 train_delta=9.909327e-04 train_cos=0.999176 train_nmse=-28.113dB train_rec=0.000000e+00 train_recT=0.000000e+00 train_fc=0.000000e+00 train_decoder_tail=0.000000e+00
I 07.03/22:50:40 train_mapper.py:804 ] Epoch [375/400] lr=5.533340e-05 train_opt_loss=9.891364e-04 train_select_loss=9.891364e-04 train_mse=9.891364e-04 train_start=9.867662e-02 train_delta=9.891364e-04 train_cos=0.999178 train_nmse=-28.121dB train_rec=0.000000e+00 train_recT=0.000000e+00 train_fc=0.000000e+00 train_decoder_tail=0.000000e+00
I 07.03/22:50:54 train_mapper.py:804 ] Epoch [376/400] lr=5.491679e-05 train_opt_loss=9.874263e-04 train_select_loss=9.874263e-04 train_mse=9.874263e-04 train_start=9.867662e-02 train_delta=9.874263e-04 train_cos=0.999179 train_nmse=-28.128dB train_rec=0.000000e+00 train_recT=0.000000e+00 train_fc=0.000000e+00 train_decoder_tail=0.000000e+00
I 07.03/22:51:13 train_mapper.py:804 ] Epoch [377/400] lr=5.451694e-05 train_opt_loss=9.861346e-04 train_select_loss=9.861346e-04 train_mse=9.861346e-04 train_start=9.867662e-02 train_delta=9.861346e-04 train_cos=0.999180 train_nmse=-28.134dB train_rec=0.000000e+00 train_recT=0.000000e+00 train_fc=0.000000e+00 train_decoder_tail=0.000000e+00
I 07.03/22:51:31 train_mapper.py:804 ] Epoch [378/400] lr=5.413388e-05 train_opt_loss=9.844719e-04 train_select_loss=9.844719e-04 train_mse=9.844719e-04 train_start=9.867662e-02 train_delta=9.844719e-04 train_cos=0.999181 train_nmse=-28.142dB train_rec=0.000000e+00 train_recT=0.000000e+00 train_fc=0.000000e+00 train_decoder_tail=0.000000e+00
I 07.03/22:51:49 train_mapper.py:804 ] Epoch [379/400] lr=5.376765e-05 train_opt_loss=9.829912e-04 train_select_loss=9.829912e-04 train_mse=9.829912e-04 train_start=9.867662e-02 train_delta=9.829912e-04 train_cos=0.999183 train_nmse=-28.148dB train_rec=0.000000e+00 train_recT=0.000000e+00 train_fc=0.000000e+00 train_decoder_tail=0.000000e+00
I 07.03/22:52:04 train_mapper.py:804 ] Epoch [380/400] lr=5.341826e-05 train_opt_loss=9.815695e-04 train_select_loss=9.815695e-04 train_mse=9.815695e-04 train_start=9.867662e-02 train_delta=9.815695e-04 train_cos=0.999184 train_nmse=-28.154dB train_rec=0.000000e+00 train_recT=0.000000e+00 train_fc=0.000000e+00 train_decoder_tail=0.000000e+00
I 07.03/22:52:17 train_mapper.py:804 ] Epoch [381/400] lr=5.308574e-05 train_opt_loss=9.800618e-04 train_select_loss=9.800618e-04 train_mse=9.800618e-04 train_start=9.867662e-02 train_delta=9.800618e-04 train_cos=0.999185 train_nmse=-28.161dB train_rec=0.000000e+00 train_recT=0.000000e+00 train_fc=0.000000e+00 train_decoder_tail=0.000000e+00
I 07.03/22:52:31 train_mapper.py:804 ] Epoch [382/400] lr=5.277012e-05 train_opt_loss=9.784280e-04 train_select_loss=9.784280e-04 train_mse=9.784280e-04 train_start=9.867662e-02 train_delta=9.784280e-04 train_cos=0.999186 train_nmse=-28.168dB train_rec=0.000000e+00 train_recT=0.000000e+00 train_fc=0.000000e+00 train_decoder_tail=0.000000e+00
I 07.03/22:52:44 train_mapper.py:804 ] Epoch [383/400] lr=5.247143e-05 train_opt_loss=9.773607e-04 train_select_loss=9.773607e-04 train_mse=9.773607e-04 train_start=9.867662e-02 train_delta=9.773607e-04 train_cos=0.999187 train_nmse=-28.173dB train_rec=0.000000e+00 train_recT=0.000000e+00 train_fc=0.000000e+00 train_decoder_tail=0.000000e+00
I 07.03/22:52:56 train_mapper.py:804 ] Epoch [384/400] lr=5.218968e-05 train_opt_loss=9.761056e-04 train_select_loss=9.761056e-04 train_mse=9.761056e-04 train_start=9.867662e-02 train_delta=9.761056e-04 train_cos=0.999188 train_nmse=-28.178dB train_rec=0.000000e+00 train_recT=0.000000e+00 train_fc=0.000000e+00 train_decoder_tail=0.000000e+00
I 07.03/22:53:12 train_mapper.py:804 ] Epoch [385/400] lr=5.192491e-05 train_opt_loss=9.747949e-04 train_select_loss=9.747949e-04 train_mse=9.747949e-04 train_start=9.867662e-02 train_delta=9.747949e-04 train_cos=0.999189 train_nmse=-28.184dB train_rec=0.000000e+00 train_recT=0.000000e+00 train_fc=0.000000e+00 train_decoder_tail=0.000000e+00
I 07.03/22:53:25 train_mapper.py:804 ] Epoch [386/400] lr=5.167712e-05 train_opt_loss=9.733766e-04 train_select_loss=9.733766e-04 train_mse=9.733766e-04 train_start=9.867662e-02 train_delta=9.733766e-04 train_cos=0.999190 train_nmse=-28.191dB train_rec=0.000000e+00 train_recT=0.000000e+00 train_fc=0.000000e+00 train_decoder_tail=0.000000e+00
I 07.03/22:53:41 train_mapper.py:804 ] Epoch [387/400] lr=5.144633e-05 train_opt_loss=9.720815e-04 train_select_loss=9.720815e-04 train_mse=9.720815e-04 train_start=9.867662e-02 train_delta=9.720815e-04 train_cos=0.999191 train_nmse=-28.196dB train_rec=0.000000e+00 train_recT=0.000000e+00 train_fc=0.000000e+00 train_decoder_tail=0.000000e+00
I 07.03/22:53:54 train_mapper.py:804 ] Epoch [388/400] lr=5.123257e-05 train_opt_loss=9.710425e-04 train_select_loss=9.710425e-04 train_mse=9.710425e-04 train_start=9.867662e-02 train_delta=9.710425e-04 train_cos=0.999192 train_nmse=-28.201dB train_rec=0.000000e+00 train_recT=0.000000e+00 train_fc=0.000000e+00 train_decoder_tail=0.000000e+00
I 07.03/22:54:11 train_mapper.py:804 ] Epoch [389/400] lr=5.103586e-05 train_opt_loss=9.701672e-04 train_select_loss=9.701672e-04 train_mse=9.701672e-04 train_start=9.867662e-02 train_delta=9.701672e-04 train_cos=0.999193 train_nmse=-28.205dB train_rec=0.000000e+00 train_recT=0.000000e+00 train_fc=0.000000e+00 train_decoder_tail=0.000000e+00
I 07.03/22:54:27 train_mapper.py:804 ] Epoch [390/400] lr=5.085619e-05 train_opt_loss=9.690432e-04 train_select_loss=9.690432e-04 train_mse=9.690432e-04 train_start=9.867662e-02 train_delta=9.690432e-04 train_cos=0.999194 train_nmse=-28.210dB train_rec=0.000000e+00 train_recT=0.000000e+00 train_fc=0.000000e+00 train_decoder_tail=0.000000e+00
I 07.03/22:54:42 train_mapper.py:804 ] Epoch [391/400] lr=5.069360e-05 train_opt_loss=9.679881e-04 train_select_loss=9.679881e-04 train_mse=9.679881e-04 train_start=9.867662e-02 train_delta=9.679881e-04 train_cos=0.999195 train_nmse=-28.215dB train_rec=0.000000e+00 train_recT=0.000000e+00 train_fc=0.000000e+00 train_decoder_tail=0.000000e+00
I 07.03/22:54:58 train_mapper.py:804 ] Epoch [392/400] lr=5.054809e-05 train_opt_loss=9.667389e-04 train_select_loss=9.667389e-04 train_mse=9.667389e-04 train_start=9.867662e-02 train_delta=9.667389e-04 train_cos=0.999196 train_nmse=-28.220dB train_rec=0.000000e+00 train_recT=0.000000e+00 train_fc=0.000000e+00 train_decoder_tail=0.000000e+00
I 07.03/22:55:16 train_mapper.py:804 ] Epoch [393/400] lr=5.041967e-05 train_opt_loss=9.656196e-04 train_select_loss=9.656196e-04 train_mse=9.656196e-04 train_start=9.867662e-02 train_delta=9.656196e-04 train_cos=0.999197 train_nmse=-28.225dB train_rec=0.000000e+00 train_recT=0.000000e+00 train_fc=0.000000e+00 train_decoder_tail=0.000000e+00
I 07.03/22:55:31 train_mapper.py:804 ] Epoch [394/400] lr=5.030835e-05 train_opt_loss=9.646392e-04 train_select_loss=9.646392e-04 train_mse=9.646392e-04 train_start=9.867662e-02 train_delta=9.646392e-04 train_cos=0.999198 train_nmse=-28.230dB train_rec=0.000000e+00 train_recT=0.000000e+00 train_fc=0.000000e+00 train_decoder_tail=0.000000e+00
I 07.03/22:55:47 train_mapper.py:804 ] Epoch [395/400] lr=5.021415e-05 train_opt_loss=9.635765e-04 train_select_loss=9.635765e-04 train_mse=9.635765e-04 train_start=9.867662e-02 train_delta=9.635765e-04 train_cos=0.999198 train_nmse=-28.235dB train_rec=0.000000e+00 train_recT=0.000000e+00 train_fc=0.000000e+00 train_decoder_tail=0.000000e+00
I 07.03/22:56:06 train_mapper.py:804 ] Epoch [396/400] lr=5.013706e-05 train_opt_loss=9.628090e-04 train_select_loss=9.628090e-04 train_mse=9.628090e-04 train_start=9.867662e-02 train_delta=9.628090e-04 train_cos=0.999199 train_nmse=-28.238dB train_rec=0.000000e+00 train_recT=0.000000e+00 train_fc=0.000000e+00 train_decoder_tail=0.000000e+00
I 07.03/22:56:20 train_mapper.py:804 ] Epoch [397/400] lr=5.007710e-05 train_opt_loss=9.620914e-04 train_select_loss=9.620914e-04 train_mse=9.620914e-04 train_start=9.867662e-02 train_delta=9.620914e-04 train_cos=0.999200 train_nmse=-28.241dB train_rec=0.000000e+00 train_recT=0.000000e+00 train_fc=0.000000e+00 train_decoder_tail=0.000000e+00
I 07.03/22:56:35 train_mapper.py:804 ] Epoch [398/400] lr=5.003427e-05 train_opt_loss=9.613479e-04 train_select_loss=9.613479e-04 train_mse=9.613479e-04 train_start=9.867662e-02 train_delta=9.613479e-04 train_cos=0.999200 train_nmse=-28.245dB train_rec=0.000000e+00 train_recT=0.000000e+00 train_fc=0.000000e+00 train_decoder_tail=0.000000e+00
I 07.03/22:56:49 train_mapper.py:804 ] Epoch [399/400] lr=5.000857e-05 train_opt_loss=9.604676e-04 train_select_loss=9.604676e-04 train_mse=9.604676e-04 train_start=9.867662e-02 train_delta=9.604676e-04 train_cos=0.999201 train_nmse=-28.249dB train_rec=0.000000e+00 train_recT=0.000000e+00 train_fc=0.000000e+00 train_decoder_tail=0.000000e+00
I 07.03/22:57:08 train_mapper.py:804 ] Epoch [400/400] lr=5.000000e-05 train_opt_loss=9.596894e-04 train_select_loss=9.596894e-04 train_mse=9.596894e-04 train_start=9.867662e-02 train_delta=9.596894e-04 train_cos=0.999202 train_nmse=-28.252dB train_rec=0.000000e+00 train_recT=0.000000e+00 train_fc=0.000000e+00 train_decoder_tail=0.000000e+00
I 07.03/22:58:23 train_mapper.py:932 ] best_loss_epoch=400 best_loss_selection=train_loss best_loss_metric=9.596894e-04 best_loss_mse=9.596894e-04 best_loss_loss=9.596894e-04
I 07.03/22:58:23 train_mapper.py:937 ] best_mse_epoch=400 best_mse_selection=train_mse best_mse_metric=9.596894e-04 best_mse_mse=9.596894e-04 best_mse_loss=9.596894e-04
I 07.03/22:58:23 train_mapper.py:943 ] all_best_loss_mse=9.421627e-04 all_best_loss_cos=0.999216 all_best_loss_nmse=-28.332dB
I 07.03/22:58:23 train_mapper.py:947 ] all_best_mse_mse=9.421627e-04 all_best_mse_cos=0.999216 all_best_mse_nmse=-28.332dB
