I 05.31/21:23:57 main.py:23  ] => Experiment directory: /storage/hujiacong/zxd/Huawei/UniversalCSI/exps/seed42/WAIRD/cnn_transnet/base
I 05.31/21:23:57 main.py:24  ] => PyTorch Version: 2.5.1
I 05.31/21:23:57 init.py:13  ] Random seed set to 42
I 05.31/21:23:57 init.py:53  ] Running on GPU 2
I 05.31/21:24:05 init.py:88  ] => Model Name: UniversalCSI [pretrained: None]
I 05.31/21:24:05 init.py:89  ] => Model Config: compression ratio=1/4; encoder=cnn; decoder=transnet; code_adapter=False; input shape=(2, 64, 64); input dim=8192
I 05.31/21:24:05 init.py:95  ] => Model Flops: 1.3825e+02M
I 05.31/21:24:05 init.py:96  ] => Model Params Num: 5.0932e+01M

I 05.31/21:24:05 init.py:97  ] 
**********
UniversalCSIModel(
  (encoder): CNNEncoder(
    (features): Sequential(
      (conv1): ConvBN(
        (conv): Conv2d(2, 16, kernel_size=(3, 3), stride=(1, 1), padding=(1, 1), bias=False)
        (bn): BatchNorm2d(16, eps=1e-05, momentum=0.1, affine=True, track_running_stats=True)
      )
      (relu1): LeakyReLU(negative_slope=0.3, inplace=True)
      (conv2): ConvBN(
        (conv): Conv2d(16, 32, kernel_size=(3, 3), stride=(2, 2), padding=(1, 1), bias=False)
        (bn): BatchNorm2d(32, eps=1e-05, momentum=0.1, affine=True, track_running_stats=True)
      )
      (relu2): LeakyReLU(negative_slope=0.3, inplace=True)
      (conv3): ConvBN(
        (conv): Conv2d(32, 64, kernel_size=(3, 3), stride=(2, 2), padding=(1, 1), bias=False)
        (bn): BatchNorm2d(64, eps=1e-05, momentum=0.1, affine=True, track_running_stats=True)
      )
      (relu3): LeakyReLU(negative_slope=0.3, inplace=True)
      (conv4): ConvBN(
        (conv): Conv2d(64, 64, kernel_size=(3, 3), stride=(1, 1), padding=(1, 1), bias=False)
        (bn): BatchNorm2d(64, eps=1e-05, momentum=0.1, affine=True, track_running_stats=True)
      )
      (relu4): LeakyReLU(negative_slope=0.3, inplace=True)
    )
    (fc): Linear(in_features=16384, out_features=2048, bias=True)
  )
  (code_adapter): CodeAdapter(
    (net): Identity()
  )
  (decoder): TransNetDecoder(
    (fc_decoder): Linear(in_features=2048, out_features=8192, bias=True)
    (decoder): TransformerDecoder(
      (layers): ModuleList(
        (0-1): 2 x TransformerDecoderLayer(
          (self_attn): MultiheadAttention(
            (out_proj): NonDynamicallyQuantizableLinear(in_features=64, out_features=64, bias=True)
          )
          (multihead_attn): MultiheadAttention(
            (out_proj): NonDynamicallyQuantizableLinear(in_features=64, out_features=64, bias=True)
          )
          (linear1): Linear(in_features=64, out_features=2048, bias=True)
          (dropout): Dropout(p=0.0, inplace=False)
          (linear2): Linear(in_features=2048, out_features=64, bias=True)
          (norm1): LayerNorm((64,), eps=1e-05, elementwise_affine=True)
          (norm2): LayerNorm((64,), eps=1e-05, elementwise_affine=True)
          (norm3): LayerNorm((64,), eps=1e-05, elementwise_affine=True)
          (dropout1): Dropout(p=0.0, inplace=False)
          (dropout2): Dropout(p=0.0, inplace=False)
          (dropout3): Dropout(p=0.0, inplace=False)
        )
      )
      (norm): LayerNorm((64,), eps=1e-05, elementwise_affine=True)
    )
  )
)
**********

I 05.31/21:24:05 init.py:33  ] 
encoder.features.conv1.conv.weight                                True      (16, 2, 3, 3)
encoder.features.conv1.bn.weight                                  True              (16,)
encoder.features.conv1.bn.bias                                    True              (16,)
encoder.features.conv2.conv.weight                                True     (32, 16, 3, 3)
encoder.features.conv2.bn.weight                                  True              (32,)
encoder.features.conv2.bn.bias                                    True              (32,)
encoder.features.conv3.conv.weight                                True     (64, 32, 3, 3)
encoder.features.conv3.bn.weight                                  True              (64,)
encoder.features.conv3.bn.bias                                    True              (64,)
encoder.features.conv4.conv.weight                                True     (64, 64, 3, 3)
encoder.features.conv4.bn.weight                                  True              (64,)
encoder.features.conv4.bn.bias                                    True              (64,)
encoder.fc.weight                                                 True      (2048, 16384)
encoder.fc.bias                                                   True            (2048,)
decoder.fc_decoder.weight                                         True       (8192, 2048)
decoder.fc_decoder.bias                                           True            (8192,)
decoder.decoder.layers.0.self_attn.in_proj_weight                 True          (192, 64)
decoder.decoder.layers.0.self_attn.in_proj_bias                   True             (192,)
decoder.decoder.layers.0.self_attn.out_proj.weight                True           (64, 64)
decoder.decoder.layers.0.self_attn.out_proj.bias                  True              (64,)
decoder.decoder.layers.0.multihead_attn.in_proj_weight            True          (192, 64)
decoder.decoder.layers.0.multihead_attn.in_proj_bias              True             (192,)
decoder.decoder.layers.0.multihead_attn.out_proj.weight           True           (64, 64)
decoder.decoder.layers.0.multihead_attn.out_proj.bias             True              (64,)
decoder.decoder.layers.0.linear1.weight                           True         (2048, 64)
decoder.decoder.layers.0.linear1.bias                             True            (2048,)
decoder.decoder.layers.0.linear2.weight                           True         (64, 2048)
decoder.decoder.layers.0.linear2.bias                             True              (64,)
decoder.decoder.layers.0.norm1.weight                             True              (64,)
decoder.decoder.layers.0.norm1.bias                               True              (64,)
decoder.decoder.layers.0.norm2.weight                             True              (64,)
decoder.decoder.layers.0.norm2.bias                               True              (64,)
decoder.decoder.layers.0.norm3.weight                             True              (64,)
decoder.decoder.layers.0.norm3.bias                               True              (64,)
decoder.decoder.layers.1.self_attn.in_proj_weight                 True          (192, 64)
decoder.decoder.layers.1.self_attn.in_proj_bias                   True             (192,)
decoder.decoder.layers.1.self_attn.out_proj.weight                True           (64, 64)
decoder.decoder.layers.1.self_attn.out_proj.bias                  True              (64,)
decoder.decoder.layers.1.multihead_attn.in_proj_weight            True          (192, 64)
decoder.decoder.layers.1.multihead_attn.in_proj_bias              True             (192,)
decoder.decoder.layers.1.multihead_attn.out_proj.weight           True           (64, 64)
decoder.decoder.layers.1.multihead_attn.out_proj.bias             True              (64,)
decoder.decoder.layers.1.linear1.weight                           True         (2048, 64)
decoder.decoder.layers.1.linear1.bias                             True            (2048,)
decoder.decoder.layers.1.linear2.weight                           True         (64, 2048)
decoder.decoder.layers.1.linear2.bias                             True              (64,)
decoder.decoder.layers.1.norm1.weight                             True              (64,)
decoder.decoder.layers.1.norm1.bias                               True              (64,)
decoder.decoder.layers.1.norm2.weight                             True              (64,)
decoder.decoder.layers.1.norm2.bias                               True              (64,)
decoder.decoder.layers.1.norm3.weight                             True              (64,)
decoder.decoder.layers.1.norm3.bias                               True              (64,)
decoder.decoder.norm.weight                                       True              (64,)
decoder.decoder.norm.bias                                         True              (64,)
**********
I 05.31/21:24:07 solver.py:136 ] Epoch: [1/400][20/400] lr: 2.50e-07 | MSE loss: 1.5000e+00 | time: 0.051
I 05.31/21:24:08 solver.py:136 ] Epoch: [1/400][40/400] lr: 5.00e-07 | MSE loss: 1.4992e+00 | time: 0.036
I 05.31/21:24:08 solver.py:136 ] Epoch: [1/400][60/400] lr: 7.50e-07 | MSE loss: 1.4985e+00 | time: 0.032
I 05.31/21:24:09 solver.py:136 ] Epoch: [1/400][80/400] lr: 1.00e-06 | MSE loss: 1.4974e+00 | time: 0.029
I 05.31/21:24:09 solver.py:136 ] Epoch: [1/400][100/400] lr: 1.25e-06 | MSE loss: 1.4959e+00 | time: 0.029
I 05.31/21:24:10 solver.py:136 ] Epoch: [1/400][120/400] lr: 1.50e-06 | MSE loss: 1.4939e+00 | time: 0.028
I 05.31/21:24:10 solver.py:136 ] Epoch: [1/400][140/400] lr: 1.75e-06 | MSE loss: 1.4918e+00 | time: 0.027
I 05.31/21:24:11 solver.py:136 ] Epoch: [1/400][160/400] lr: 2.00e-06 | MSE loss: 1.4893e+00 | time: 0.027
I 05.31/21:24:11 solver.py:136 ] Epoch: [1/400][180/400] lr: 2.25e-06 | MSE loss: 1.4864e+00 | time: 0.027
I 05.31/21:24:12 solver.py:136 ] Epoch: [1/400][200/400] lr: 2.50e-06 | MSE loss: 1.4830e+00 | time: 0.027
I 05.31/21:24:13 solver.py:136 ] Epoch: [1/400][220/400] lr: 2.75e-06 | MSE loss: 1.4792e+00 | time: 0.028
I 05.31/21:24:13 solver.py:136 ] Epoch: [1/400][240/400] lr: 3.00e-06 | MSE loss: 1.4749e+00 | time: 0.028
I 05.31/21:24:14 solver.py:136 ] Epoch: [1/400][260/400] lr: 3.25e-06 | MSE loss: 1.4702e+00 | time: 0.028
I 05.31/21:24:14 solver.py:136 ] Epoch: [1/400][280/400] lr: 3.50e-06 | MSE loss: 1.4651e+00 | time: 0.028
I 05.31/21:24:15 solver.py:136 ] Epoch: [1/400][300/400] lr: 3.75e-06 | MSE loss: 1.4594e+00 | time: 0.028
I 05.31/21:24:16 solver.py:136 ] Epoch: [1/400][320/400] lr: 4.00e-06 | MSE loss: 1.4532e+00 | time: 0.029
I 05.31/21:24:16 solver.py:136 ] Epoch: [1/400][340/400] lr: 4.25e-06 | MSE loss: 1.4466e+00 | time: 0.030
I 05.31/21:24:17 solver.py:136 ] Epoch: [1/400][360/400] lr: 4.50e-06 | MSE loss: 1.4397e+00 | time: 0.030
I 05.31/21:24:18 solver.py:136 ] Epoch: [1/400][380/400] lr: 4.75e-06 | MSE loss: 1.4326e+00 | time: 0.031
I 05.31/21:24:19 solver.py:136 ] Epoch: [1/400][400/400] lr: 5.00e-06 | MSE loss: 1.4249e+00 | time: 0.032
I 05.31/21:24:19 solver.py:146 ] => Train  Loss: 1.4249e+00

I 05.31/21:24:22 solver.py:136 ] Epoch: [2/400][20/400] lr: 5.25e-06 | MSE loss: 1.2579e+00 | time: 0.049
I 05.31/21:24:23 solver.py:136 ] Epoch: [2/400][40/400] lr: 5.50e-06 | MSE loss: 1.2440e+00 | time: 0.047
I 05.31/21:24:24 solver.py:136 ] Epoch: [2/400][60/400] lr: 5.75e-06 | MSE loss: 1.2315e+00 | time: 0.048
I 05.31/21:24:25 solver.py:136 ] Epoch: [2/400][80/400] lr: 6.00e-06 | MSE loss: 1.2179e+00 | time: 0.048
I 05.31/21:24:26 solver.py:136 ] Epoch: [2/400][100/400] lr: 6.25e-06 | MSE loss: 1.2064e+00 | time: 0.050
I 05.31/21:24:27 solver.py:136 ] Epoch: [2/400][120/400] lr: 6.50e-06 | MSE loss: 1.1944e+00 | time: 0.050
I 05.31/21:24:28 solver.py:136 ] Epoch: [2/400][140/400] lr: 6.75e-06 | MSE loss: 1.1822e+00 | time: 0.050
I 05.31/21:24:30 solver.py:136 ] Epoch: [2/400][160/400] lr: 7.00e-06 | MSE loss: 1.1694e+00 | time: 0.053
I 05.31/21:24:31 solver.py:136 ] Epoch: [2/400][180/400] lr: 7.25e-06 | MSE loss: 1.1577e+00 | time: 0.053
I 05.31/21:24:32 solver.py:136 ] Epoch: [2/400][200/400] lr: 7.50e-06 | MSE loss: 1.1461e+00 | time: 0.053
I 05.31/21:24:33 solver.py:136 ] Epoch: [2/400][220/400] lr: 7.75e-06 | MSE loss: 1.1340e+00 | time: 0.053
I 05.31/21:24:34 solver.py:136 ] Epoch: [2/400][240/400] lr: 8.00e-06 | MSE loss: 1.1230e+00 | time: 0.053
I 05.31/21:24:35 solver.py:136 ] Epoch: [2/400][260/400] lr: 8.25e-06 | MSE loss: 1.1115e+00 | time: 0.054
I 05.31/21:24:36 solver.py:136 ] Epoch: [2/400][280/400] lr: 8.50e-06 | MSE loss: 1.1004e+00 | time: 0.054
I 05.31/21:24:38 solver.py:136 ] Epoch: [2/400][300/400] lr: 8.75e-06 | MSE loss: 1.0892e+00 | time: 0.055
I 05.31/21:24:39 solver.py:136 ] Epoch: [2/400][320/400] lr: 9.00e-06 | MSE loss: 1.0779e+00 | time: 0.057
I 05.31/21:24:41 solver.py:136 ] Epoch: [2/400][340/400] lr: 9.25e-06 | MSE loss: 1.0669e+00 | time: 0.057
I 05.31/21:24:42 solver.py:136 ] Epoch: [2/400][360/400] lr: 9.50e-06 | MSE loss: 1.0559e+00 | time: 0.058
I 05.31/21:24:43 solver.py:136 ] Epoch: [2/400][380/400] lr: 9.75e-06 | MSE loss: 1.0452e+00 | time: 0.058
I 05.31/21:24:45 solver.py:136 ] Epoch: [2/400][400/400] lr: 1.00e-05 | MSE loss: 1.0347e+00 | time: 0.060
I 05.31/21:24:45 solver.py:146 ] => Train  Loss: 1.0347e+00

I 05.31/21:24:49 solver.py:136 ] Epoch: [3/400][20/400] lr: 1.03e-05 | MSE loss: 8.0343e-01 | time: 0.067
I 05.31/21:24:50 solver.py:136 ] Epoch: [3/400][40/400] lr: 1.05e-05 | MSE loss: 7.9960e-01 | time: 0.067
I 05.31/21:24:51 solver.py:136 ] Epoch: [3/400][60/400] lr: 1.08e-05 | MSE loss: 7.8937e-01 | time: 0.065
I 05.31/21:24:52 solver.py:136 ] Epoch: [3/400][80/400] lr: 1.10e-05 | MSE loss: 7.7924e-01 | time: 0.063
I 05.31/21:24:54 solver.py:136 ] Epoch: [3/400][100/400] lr: 1.13e-05 | MSE loss: 7.6994e-01 | time: 0.064
I 05.31/21:24:55 solver.py:136 ] Epoch: [3/400][120/400] lr: 1.15e-05 | MSE loss: 7.5978e-01 | time: 0.064
I 05.31/21:24:56 solver.py:136 ] Epoch: [3/400][140/400] lr: 1.17e-05 | MSE loss: 7.5113e-01 | time: 0.064
I 05.31/21:24:58 solver.py:136 ] Epoch: [3/400][160/400] lr: 1.20e-05 | MSE loss: 7.4273e-01 | time: 0.064
I 05.31/21:24:59 solver.py:136 ] Epoch: [3/400][180/400] lr: 1.23e-05 | MSE loss: 7.3465e-01 | time: 0.066
I 05.31/21:25:01 solver.py:136 ] Epoch: [3/400][200/400] lr: 1.25e-05 | MSE loss: 7.2821e-01 | time: 0.069
I 05.31/21:25:04 solver.py:136 ] Epoch: [3/400][220/400] lr: 1.28e-05 | MSE loss: 7.2055e-01 | time: 0.076
I 05.31/21:25:06 solver.py:136 ] Epoch: [3/400][240/400] lr: 1.30e-05 | MSE loss: 7.1300e-01 | time: 0.079
I 05.31/21:25:08 solver.py:136 ] Epoch: [3/400][260/400] lr: 1.33e-05 | MSE loss: 7.0630e-01 | time: 0.079
I 05.31/21:25:10 solver.py:136 ] Epoch: [3/400][280/400] lr: 1.35e-05 | MSE loss: 7.0069e-01 | time: 0.079
I 05.31/21:25:11 solver.py:136 ] Epoch: [3/400][300/400] lr: 1.38e-05 | MSE loss: 6.9416e-01 | time: 0.079
I 05.31/21:25:13 solver.py:136 ] Epoch: [3/400][320/400] lr: 1.40e-05 | MSE loss: 6.8783e-01 | time: 0.079
I 05.31/21:25:14 solver.py:136 ] Epoch: [3/400][340/400] lr: 1.43e-05 | MSE loss: 6.8079e-01 | time: 0.079
I 05.31/21:25:16 solver.py:136 ] Epoch: [3/400][360/400] lr: 1.45e-05 | MSE loss: 6.7387e-01 | time: 0.078
I 05.31/21:25:17 solver.py:136 ] Epoch: [3/400][380/400] lr: 1.48e-05 | MSE loss: 6.6717e-01 | time: 0.077
I 05.31/21:25:18 solver.py:136 ] Epoch: [3/400][400/400] lr: 1.50e-05 | MSE loss: 6.6120e-01 | time: 0.077
I 05.31/21:25:18 solver.py:146 ] => Train  Loss: 6.6120e-01

I 05.31/21:25:23 solver.py:136 ] Epoch: [4/400][20/400] lr: 1.53e-05 | MSE loss: 5.3257e-01 | time: 0.079
I 05.31/21:25:24 solver.py:136 ] Epoch: [4/400][40/400] lr: 1.55e-05 | MSE loss: 5.1940e-01 | time: 0.073
I 05.31/21:25:25 solver.py:136 ] Epoch: [4/400][60/400] lr: 1.57e-05 | MSE loss: 5.1686e-01 | time: 0.075
I 05.31/21:25:27 solver.py:136 ] Epoch: [4/400][80/400] lr: 1.60e-05 | MSE loss: 5.0957e-01 | time: 0.081
I 05.31/21:25:29 solver.py:136 ] Epoch: [4/400][100/400] lr: 1.63e-05 | MSE loss: 5.0518e-01 | time: 0.079
I 05.31/21:25:30 solver.py:136 ] Epoch: [4/400][120/400] lr: 1.65e-05 | MSE loss: 5.0178e-01 | time: 0.076
I 05.31/21:25:32 solver.py:136 ] Epoch: [4/400][140/400] lr: 1.68e-05 | MSE loss: 4.9755e-01 | time: 0.076
I 05.31/21:25:33 solver.py:136 ] Epoch: [4/400][160/400] lr: 1.70e-05 | MSE loss: 4.9479e-01 | time: 0.074
I 05.31/21:25:35 solver.py:136 ] Epoch: [4/400][180/400] lr: 1.73e-05 | MSE loss: 4.9051e-01 | time: 0.076
I 05.31/21:25:36 solver.py:136 ] Epoch: [4/400][200/400] lr: 1.75e-05 | MSE loss: 4.8627e-01 | time: 0.076
I 05.31/21:25:38 solver.py:136 ] Epoch: [4/400][220/400] lr: 1.78e-05 | MSE loss: 4.8225e-01 | time: 0.076
I 05.31/21:25:40 solver.py:136 ] Epoch: [4/400][240/400] lr: 1.80e-05 | MSE loss: 4.7751e-01 | time: 0.079
I 05.31/21:25:42 solver.py:136 ] Epoch: [4/400][260/400] lr: 1.83e-05 | MSE loss: 4.7325e-01 | time: 0.080
I 05.31/21:25:43 solver.py:136 ] Epoch: [4/400][280/400] lr: 1.85e-05 | MSE loss: 4.6801e-01 | time: 0.079
I 05.31/21:25:45 solver.py:136 ] Epoch: [4/400][300/400] lr: 1.87e-05 | MSE loss: 4.6361e-01 | time: 0.080
I 05.31/21:25:47 solver.py:136 ] Epoch: [4/400][320/400] lr: 1.90e-05 | MSE loss: 4.5965e-01 | time: 0.083
I 05.31/21:25:50 solver.py:136 ] Epoch: [4/400][340/400] lr: 1.93e-05 | MSE loss: 4.5573e-01 | time: 0.084
I 05.31/21:25:51 solver.py:136 ] Epoch: [4/400][360/400] lr: 1.95e-05 | MSE loss: 4.5178e-01 | time: 0.084
I 05.31/21:25:53 solver.py:136 ] Epoch: [4/400][380/400] lr: 1.97e-05 | MSE loss: 4.4741e-01 | time: 0.084
I 05.31/21:25:55 solver.py:136 ] Epoch: [4/400][400/400] lr: 2.00e-05 | MSE loss: 4.4357e-01 | time: 0.084
I 05.31/21:25:55 solver.py:146 ] => Train  Loss: 4.4357e-01

I 05.31/21:26:01 solver.py:136 ] Epoch: [5/400][20/400] lr: 2.03e-05 | MSE loss: 3.6624e-01 | time: 0.129
I 05.31/21:26:05 solver.py:136 ] Epoch: [5/400][40/400] lr: 2.05e-05 | MSE loss: 3.6004e-01 | time: 0.173
I 05.31/21:26:07 solver.py:136 ] Epoch: [5/400][60/400] lr: 2.07e-05 | MSE loss: 3.5660e-01 | time: 0.149
I 05.31/21:26:10 solver.py:136 ] Epoch: [5/400][80/400] lr: 2.10e-05 | MSE loss: 3.5171e-01 | time: 0.138
I 05.31/21:26:12 solver.py:136 ] Epoch: [5/400][100/400] lr: 2.13e-05 | MSE loss: 3.5044e-01 | time: 0.137
I 05.31/21:26:15 solver.py:136 ] Epoch: [5/400][120/400] lr: 2.15e-05 | MSE loss: 3.4679e-01 | time: 0.133
I 05.31/21:26:17 solver.py:136 ] Epoch: [5/400][140/400] lr: 2.18e-05 | MSE loss: 3.4341e-01 | time: 0.130
I 05.31/21:26:19 solver.py:136 ] Epoch: [5/400][160/400] lr: 2.20e-05 | MSE loss: 3.4062e-01 | time: 0.131
I 05.31/21:26:22 solver.py:136 ] Epoch: [5/400][180/400] lr: 2.23e-05 | MSE loss: 3.3697e-01 | time: 0.132
I 05.31/21:26:25 solver.py:136 ] Epoch: [5/400][200/400] lr: 2.25e-05 | MSE loss: 3.3393e-01 | time: 0.134
I 05.31/21:26:29 solver.py:136 ] Epoch: [5/400][220/400] lr: 2.28e-05 | MSE loss: 3.3088e-01 | time: 0.136
I 05.31/21:26:32 solver.py:136 ] Epoch: [5/400][240/400] lr: 2.30e-05 | MSE loss: 3.2825e-01 | time: 0.138
I 05.31/21:26:35 solver.py:136 ] Epoch: [5/400][260/400] lr: 2.32e-05 | MSE loss: 3.2580e-01 | time: 0.139
I 05.31/21:26:38 solver.py:136 ] Epoch: [5/400][280/400] lr: 2.35e-05 | MSE loss: 3.2259e-01 | time: 0.142
I 05.31/21:26:41 solver.py:136 ] Epoch: [5/400][300/400] lr: 2.38e-05 | MSE loss: 3.1979e-01 | time: 0.142
I 05.31/21:26:44 solver.py:136 ] Epoch: [5/400][320/400] lr: 2.40e-05 | MSE loss: 3.1699e-01 | time: 0.143
I 05.31/21:26:47 solver.py:136 ] Epoch: [5/400][340/400] lr: 2.42e-05 | MSE loss: 3.1469e-01 | time: 0.143
I 05.31/21:26:50 solver.py:136 ] Epoch: [5/400][360/400] lr: 2.45e-05 | MSE loss: 3.1215e-01 | time: 0.144
I 05.31/21:26:53 solver.py:136 ] Epoch: [5/400][380/400] lr: 2.48e-05 | MSE loss: 3.0974e-01 | time: 0.144
I 05.31/21:26:56 solver.py:136 ] Epoch: [5/400][400/400] lr: 2.50e-05 | MSE loss: 3.0752e-01 | time: 0.144
I 05.31/21:26:56 solver.py:146 ] => Train  Loss: 3.0752e-01

I 05.31/21:27:05 solver.py:136 ] Epoch: [6/400][20/400] lr: 2.53e-05 | MSE loss: 2.5489e-01 | time: 0.286
I 05.31/21:27:08 solver.py:136 ] Epoch: [6/400][40/400] lr: 2.55e-05 | MSE loss: 2.5204e-01 | time: 0.220
I 05.31/21:27:12 solver.py:136 ] Epoch: [6/400][60/400] lr: 2.58e-05 | MSE loss: 2.4813e-01 | time: 0.202
I 05.31/21:27:16 solver.py:136 ] Epoch: [6/400][80/400] lr: 2.60e-05 | MSE loss: 2.4701e-01 | time: 0.200
I 05.31/21:27:18 solver.py:136 ] Epoch: [6/400][100/400] lr: 2.63e-05 | MSE loss: 2.4600e-01 | time: 0.189
I 05.31/21:27:21 solver.py:136 ] Epoch: [6/400][120/400] lr: 2.65e-05 | MSE loss: 2.4500e-01 | time: 0.179
I 05.31/21:27:24 solver.py:136 ] Epoch: [6/400][140/400] lr: 2.68e-05 | MSE loss: 2.4321e-01 | time: 0.177
I 05.31/21:27:28 solver.py:136 ] Epoch: [6/400][160/400] lr: 2.70e-05 | MSE loss: 2.4130e-01 | time: 0.177
I 05.31/21:27:31 solver.py:136 ] Epoch: [6/400][180/400] lr: 2.72e-05 | MSE loss: 2.4010e-01 | time: 0.174
I 05.31/21:27:34 solver.py:136 ] Epoch: [6/400][200/400] lr: 2.75e-05 | MSE loss: 2.3835e-01 | time: 0.173
I 05.31/21:27:37 solver.py:136 ] Epoch: [6/400][220/400] lr: 2.78e-05 | MSE loss: 2.3669e-01 | time: 0.172
I 05.31/21:27:41 solver.py:136 ] Epoch: [6/400][240/400] lr: 2.80e-05 | MSE loss: 2.3464e-01 | time: 0.171
I 05.31/21:27:43 solver.py:136 ] Epoch: [6/400][260/400] lr: 2.83e-05 | MSE loss: 2.3300e-01 | time: 0.169
I 05.31/21:27:46 solver.py:136 ] Epoch: [6/400][280/400] lr: 2.85e-05 | MSE loss: 2.3105e-01 | time: 0.168
I 05.31/21:27:50 solver.py:136 ] Epoch: [6/400][300/400] lr: 2.88e-05 | MSE loss: 2.2938e-01 | time: 0.168
I 05.31/21:27:53 solver.py:136 ] Epoch: [6/400][320/400] lr: 2.90e-05 | MSE loss: 2.2779e-01 | time: 0.168
I 05.31/21:27:56 solver.py:136 ] Epoch: [6/400][340/400] lr: 2.93e-05 | MSE loss: 2.2639e-01 | time: 0.167
I 05.31/21:27:59 solver.py:136 ] Epoch: [6/400][360/400] lr: 2.95e-05 | MSE loss: 2.2500e-01 | time: 0.166
I 05.31/21:28:05 solver.py:136 ] Epoch: [6/400][380/400] lr: 2.98e-05 | MSE loss: 2.2348e-01 | time: 0.172
I 05.31/21:28:08 solver.py:136 ] Epoch: [6/400][400/400] lr: 3.00e-05 | MSE loss: 2.2210e-01 | time: 0.172
I 05.31/21:28:08 solver.py:146 ] => Train  Loss: 2.2210e-01

I 05.31/21:28:16 solver.py:136 ] Epoch: [7/400][20/400] lr: 3.03e-05 | MSE loss: 1.8492e-01 | time: 0.145
I 05.31/21:28:19 solver.py:136 ] Epoch: [7/400][40/400] lr: 3.05e-05 | MSE loss: 1.8513e-01 | time: 0.148
I 05.31/21:28:22 solver.py:136 ] Epoch: [7/400][60/400] lr: 3.08e-05 | MSE loss: 1.8432e-01 | time: 0.152
I 05.31/21:28:25 solver.py:136 ] Epoch: [7/400][80/400] lr: 3.10e-05 | MSE loss: 1.8314e-01 | time: 0.152
I 05.31/21:28:29 solver.py:136 ] Epoch: [7/400][100/400] lr: 3.13e-05 | MSE loss: 1.8195e-01 | time: 0.156
I 05.31/21:28:32 solver.py:136 ] Epoch: [7/400][120/400] lr: 3.15e-05 | MSE loss: 1.8117e-01 | time: 0.154
I 05.31/21:28:34 solver.py:136 ] Epoch: [7/400][140/400] lr: 3.17e-05 | MSE loss: 1.8032e-01 | time: 0.152
I 05.31/21:28:37 solver.py:136 ] Epoch: [7/400][160/400] lr: 3.20e-05 | MSE loss: 1.7913e-01 | time: 0.151
I 05.31/21:28:40 solver.py:136 ] Epoch: [7/400][180/400] lr: 3.22e-05 | MSE loss: 1.7859e-01 | time: 0.150
I 05.31/21:28:43 solver.py:136 ] Epoch: [7/400][200/400] lr: 3.25e-05 | MSE loss: 1.7767e-01 | time: 0.150
I 05.31/21:28:47 solver.py:136 ] Epoch: [7/400][220/400] lr: 3.28e-05 | MSE loss: 1.7655e-01 | time: 0.153
I 05.31/21:28:51 solver.py:136 ] Epoch: [7/400][240/400] lr: 3.30e-05 | MSE loss: 1.7580e-01 | time: 0.157
I 05.31/21:28:54 solver.py:136 ] Epoch: [7/400][260/400] lr: 3.33e-05 | MSE loss: 1.7475e-01 | time: 0.157
I 05.31/21:28:57 solver.py:136 ] Epoch: [7/400][280/400] lr: 3.35e-05 | MSE loss: 1.7349e-01 | time: 0.156
I 05.31/21:29:00 solver.py:136 ] Epoch: [7/400][300/400] lr: 3.38e-05 | MSE loss: 1.7246e-01 | time: 0.157
I 05.31/21:29:05 solver.py:136 ] Epoch: [7/400][320/400] lr: 3.40e-05 | MSE loss: 1.7138e-01 | time: 0.163
I 05.31/21:29:09 solver.py:136 ] Epoch: [7/400][340/400] lr: 3.43e-05 | MSE loss: 1.7044e-01 | time: 0.163
I 05.31/21:29:12 solver.py:136 ] Epoch: [7/400][360/400] lr: 3.45e-05 | MSE loss: 1.6947e-01 | time: 0.163
I 05.31/21:29:15 solver.py:136 ] Epoch: [7/400][380/400] lr: 3.48e-05 | MSE loss: 1.6862e-01 | time: 0.163
I 05.31/21:29:18 solver.py:136 ] Epoch: [7/400][400/400] lr: 3.50e-05 | MSE loss: 1.6767e-01 | time: 0.162
I 05.31/21:29:18 solver.py:146 ] => Train  Loss: 1.6767e-01

I 05.31/21:29:25 solver.py:136 ] Epoch: [8/400][20/400] lr: 3.53e-05 | MSE loss: 1.4860e-01 | time: 0.148
I 05.31/21:29:28 solver.py:136 ] Epoch: [8/400][40/400] lr: 3.55e-05 | MSE loss: 1.4830e-01 | time: 0.144
I 05.31/21:29:32 solver.py:136 ] Epoch: [8/400][60/400] lr: 3.58e-05 | MSE loss: 1.4653e-01 | time: 0.166
I 05.31/21:29:36 solver.py:136 ] Epoch: [8/400][80/400] lr: 3.60e-05 | MSE loss: 1.4516e-01 | time: 0.174
I 05.31/21:29:40 solver.py:136 ] Epoch: [8/400][100/400] lr: 3.63e-05 | MSE loss: 1.4425e-01 | time: 0.179
I 05.31/21:29:43 solver.py:136 ] Epoch: [8/400][120/400] lr: 3.65e-05 | MSE loss: 1.4368e-01 | time: 0.177
I 05.31/21:29:47 solver.py:136 ] Epoch: [8/400][140/400] lr: 3.68e-05 | MSE loss: 1.4326e-01 | time: 0.176
I 05.31/21:29:50 solver.py:136 ] Epoch: [8/400][160/400] lr: 3.70e-05 | MSE loss: 1.4281e-01 | time: 0.177
I 05.31/21:29:54 solver.py:136 ] Epoch: [8/400][180/400] lr: 3.72e-05 | MSE loss: 1.4225e-01 | time: 0.180
I 05.31/21:29:58 solver.py:136 ] Epoch: [8/400][200/400] lr: 3.75e-05 | MSE loss: 1.4186e-01 | time: 0.182
I 05.31/21:30:05 solver.py:136 ] Epoch: [8/400][220/400] lr: 3.77e-05 | MSE loss: 1.4148e-01 | time: 0.195
I 05.31/21:30:09 solver.py:136 ] Epoch: [8/400][240/400] lr: 3.80e-05 | MSE loss: 1.4094e-01 | time: 0.194
I 05.31/21:30:12 solver.py:136 ] Epoch: [8/400][260/400] lr: 3.83e-05 | MSE loss: 1.4039e-01 | time: 0.194
I 05.31/21:30:15 solver.py:136 ] Epoch: [8/400][280/400] lr: 3.85e-05 | MSE loss: 1.3987e-01 | time: 0.190
I 05.31/21:30:18 solver.py:136 ] Epoch: [8/400][300/400] lr: 3.87e-05 | MSE loss: 1.3935e-01 | time: 0.186
I 05.31/21:30:21 solver.py:136 ] Epoch: [8/400][320/400] lr: 3.90e-05 | MSE loss: 1.3870e-01 | time: 0.185
I 05.31/21:30:25 solver.py:136 ] Epoch: [8/400][340/400] lr: 3.92e-05 | MSE loss: 1.3819e-01 | time: 0.184
I 05.31/21:30:28 solver.py:136 ] Epoch: [8/400][360/400] lr: 3.95e-05 | MSE loss: 1.3766e-01 | time: 0.182
I 05.31/21:30:30 solver.py:136 ] Epoch: [8/400][380/400] lr: 3.98e-05 | MSE loss: 1.3721e-01 | time: 0.180
I 05.31/21:30:33 solver.py:136 ] Epoch: [8/400][400/400] lr: 4.00e-05 | MSE loss: 1.3668e-01 | time: 0.178
I 05.31/21:30:33 solver.py:146 ] => Train  Loss: 1.3668e-01

I 05.31/21:30:41 solver.py:136 ] Epoch: [9/400][20/400] lr: 4.03e-05 | MSE loss: 1.2656e-01 | time: 0.128
I 05.31/21:30:44 solver.py:136 ] Epoch: [9/400][40/400] lr: 4.05e-05 | MSE loss: 1.2555e-01 | time: 0.136
I 05.31/21:30:47 solver.py:136 ] Epoch: [9/400][60/400] lr: 4.08e-05 | MSE loss: 1.2496e-01 | time: 0.143
I 05.31/21:30:50 solver.py:136 ] Epoch: [9/400][80/400] lr: 4.10e-05 | MSE loss: 1.2429e-01 | time: 0.146
I 05.31/21:30:53 solver.py:136 ] Epoch: [9/400][100/400] lr: 4.12e-05 | MSE loss: 1.2335e-01 | time: 0.148
I 05.31/21:30:56 solver.py:136 ] Epoch: [9/400][120/400] lr: 4.15e-05 | MSE loss: 1.2273e-01 | time: 0.144
I 05.31/21:30:58 solver.py:136 ] Epoch: [9/400][140/400] lr: 4.18e-05 | MSE loss: 1.2234e-01 | time: 0.140
I 05.31/21:31:00 solver.py:136 ] Epoch: [9/400][160/400] lr: 4.20e-05 | MSE loss: 1.2198e-01 | time: 0.135
I 05.31/21:31:05 solver.py:136 ] Epoch: [9/400][180/400] lr: 4.23e-05 | MSE loss: 1.2151e-01 | time: 0.145
I 05.31/21:31:07 solver.py:136 ] Epoch: [9/400][200/400] lr: 4.25e-05 | MSE loss: 1.2107e-01 | time: 0.144
I 05.31/21:31:11 solver.py:136 ] Epoch: [9/400][220/400] lr: 4.28e-05 | MSE loss: 1.2072e-01 | time: 0.145
I 05.31/21:31:14 solver.py:136 ] Epoch: [9/400][240/400] lr: 4.30e-05 | MSE loss: 1.2028e-01 | time: 0.146
I 05.31/21:31:17 solver.py:136 ] Epoch: [9/400][260/400] lr: 4.33e-05 | MSE loss: 1.1995e-01 | time: 0.147
I 05.31/21:31:20 solver.py:136 ] Epoch: [9/400][280/400] lr: 4.35e-05 | MSE loss: 1.1951e-01 | time: 0.147
I 05.31/21:31:22 solver.py:136 ] Epoch: [9/400][300/400] lr: 4.38e-05 | MSE loss: 1.1894e-01 | time: 0.146
I 05.31/21:31:25 solver.py:136 ] Epoch: [9/400][320/400] lr: 4.40e-05 | MSE loss: 1.1850e-01 | time: 0.145
I 05.31/21:31:28 solver.py:136 ] Epoch: [9/400][340/400] lr: 4.43e-05 | MSE loss: 1.1799e-01 | time: 0.145
I 05.31/21:31:31 solver.py:136 ] Epoch: [9/400][360/400] lr: 4.45e-05 | MSE loss: 1.1763e-01 | time: 0.146
I 05.31/21:31:34 solver.py:136 ] Epoch: [9/400][380/400] lr: 4.48e-05 | MSE loss: 1.1716e-01 | time: 0.147
I 05.31/21:31:37 solver.py:136 ] Epoch: [9/400][400/400] lr: 4.50e-05 | MSE loss: 1.1679e-01 | time: 0.147
I 05.31/21:31:37 solver.py:146 ] => Train  Loss: 1.1679e-01

I 05.31/21:31:44 solver.py:136 ] Epoch: [10/400][20/400] lr: 4.53e-05 | MSE loss: 1.0785e-01 | time: 0.163
I 05.31/21:31:47 solver.py:136 ] Epoch: [10/400][40/400] lr: 4.55e-05 | MSE loss: 1.0678e-01 | time: 0.150
I 05.31/21:31:50 solver.py:136 ] Epoch: [10/400][60/400] lr: 4.58e-05 | MSE loss: 1.0628e-01 | time: 0.146
I 05.31/21:31:53 solver.py:136 ] Epoch: [10/400][80/400] lr: 4.60e-05 | MSE loss: 1.0598e-01 | time: 0.150
I 05.31/21:31:56 solver.py:136 ] Epoch: [10/400][100/400] lr: 4.62e-05 | MSE loss: 1.0568e-01 | time: 0.150
I 05.31/21:32:00 solver.py:136 ] Epoch: [10/400][120/400] lr: 4.65e-05 | MSE loss: 1.0543e-01 | time: 0.153
I 05.31/21:32:04 solver.py:136 ] Epoch: [10/400][140/400] lr: 4.67e-05 | MSE loss: 1.0522e-01 | time: 0.164
I 05.31/21:32:07 solver.py:136 ] Epoch: [10/400][160/400] lr: 4.70e-05 | MSE loss: 1.0503e-01 | time: 0.158
I 05.31/21:32:10 solver.py:136 ] Epoch: [10/400][180/400] lr: 4.73e-05 | MSE loss: 1.0474e-01 | time: 0.157
I 05.31/21:32:13 solver.py:136 ] Epoch: [10/400][200/400] lr: 4.75e-05 | MSE loss: 1.0459e-01 | time: 0.158
I 05.31/21:32:16 solver.py:136 ] Epoch: [10/400][220/400] lr: 4.78e-05 | MSE loss: 1.0437e-01 | time: 0.158
I 05.31/21:32:19 solver.py:136 ] Epoch: [10/400][240/400] lr: 4.80e-05 | MSE loss: 1.0398e-01 | time: 0.158
I 05.31/21:32:23 solver.py:136 ] Epoch: [10/400][260/400] lr: 4.83e-05 | MSE loss: 1.0367e-01 | time: 0.159
I 05.31/21:32:26 solver.py:136 ] Epoch: [10/400][280/400] lr: 4.85e-05 | MSE loss: 1.0332e-01 | time: 0.159
I 05.31/21:32:29 solver.py:136 ] Epoch: [10/400][300/400] lr: 4.87e-05 | MSE loss: 1.0293e-01 | time: 0.159
I 05.31/21:32:32 solver.py:136 ] Epoch: [10/400][320/400] lr: 4.90e-05 | MSE loss: 1.0261e-01 | time: 0.157
I 05.31/21:32:34 solver.py:136 ] Epoch: [10/400][340/400] lr: 4.93e-05 | MSE loss: 1.0233e-01 | time: 0.155
I 05.31/21:32:37 solver.py:136 ] Epoch: [10/400][360/400] lr: 4.95e-05 | MSE loss: 1.0205e-01 | time: 0.155
I 05.31/21:32:40 solver.py:136 ] Epoch: [10/400][380/400] lr: 4.98e-05 | MSE loss: 1.0167e-01 | time: 0.155
I 05.31/21:32:43 solver.py:136 ] Epoch: [10/400][400/400] lr: 5.00e-05 | MSE loss: 1.0131e-01 | time: 0.155
I 05.31/21:32:43 solver.py:146 ] => Train  Loss: 1.0131e-01

I 05.31/21:32:46 solver.py:136 ] Epoch: [10/400][20/50] lr: 5.00e-05 | MSE loss: 9.6411e-02 | time: 0.127
I 05.31/21:32:48 solver.py:136 ] Epoch: [10/400][40/50] lr: 5.00e-05 | MSE loss: 9.5682e-02 | time: 0.129
I 05.31/21:32:50 solver.py:146 ] => Val  Loss: 9.5831e-02

I 05.31/21:32:53 solver.py:287 ] [20/50] loss: 9.5483e-02 | NMSE: -7.1952e+00 | time: 0.158
I 05.31/21:32:56 solver.py:287 ] [40/50] loss: 9.5898e-02 | NMSE: -7.1766e+00 | time: 0.150
I 05.31/21:32:57 solver.py:291 ] => Test NMSE: -7.1770e+00

I 05.31/21:33:05 solver.py:205 ] 
=! Best NMSE: -7.1770e+00 (epoch=10)

I 05.31/21:33:08 solver.py:136 ] Epoch: [11/400][20/400] lr: 5.03e-05 | MSE loss: 9.3701e-02 | time: 0.157
I 05.31/21:33:10 solver.py:136 ] Epoch: [11/400][40/400] lr: 5.05e-05 | MSE loss: 9.3854e-02 | time: 0.143
I 05.31/21:33:13 solver.py:136 ] Epoch: [11/400][60/400] lr: 5.08e-05 | MSE loss: 9.3299e-02 | time: 0.130
I 05.31/21:33:14 solver.py:136 ] Epoch: [11/400][80/400] lr: 5.10e-05 | MSE loss: 9.2960e-02 | time: 0.120
I 05.31/21:33:17 solver.py:136 ] Epoch: [11/400][100/400] lr: 5.13e-05 | MSE loss: 9.2522e-02 | time: 0.123
I 05.31/21:33:20 solver.py:136 ] Epoch: [11/400][120/400] lr: 5.15e-05 | MSE loss: 9.2340e-02 | time: 0.130
I 05.31/21:33:24 solver.py:136 ] Epoch: [11/400][140/400] lr: 5.18e-05 | MSE loss: 9.1973e-02 | time: 0.135
I 05.31/21:33:26 solver.py:136 ] Epoch: [11/400][160/400] lr: 5.20e-05 | MSE loss: 9.1636e-02 | time: 0.135
I 05.31/21:33:30 solver.py:136 ] Epoch: [11/400][180/400] lr: 5.23e-05 | MSE loss: 9.1303e-02 | time: 0.138
I 05.31/21:33:32 solver.py:136 ] Epoch: [11/400][200/400] lr: 5.25e-05 | MSE loss: 9.0959e-02 | time: 0.138
I 05.31/21:33:35 solver.py:136 ] Epoch: [11/400][220/400] lr: 5.28e-05 | MSE loss: 9.0594e-02 | time: 0.138
I 05.31/21:33:38 solver.py:136 ] Epoch: [11/400][240/400] lr: 5.30e-05 | MSE loss: 9.0354e-02 | time: 0.137
I 05.31/21:33:41 solver.py:136 ] Epoch: [11/400][260/400] lr: 5.33e-05 | MSE loss: 9.0140e-02 | time: 0.139
I 05.31/21:33:44 solver.py:136 ] Epoch: [11/400][280/400] lr: 5.35e-05 | MSE loss: 8.9804e-02 | time: 0.140
I 05.31/21:33:47 solver.py:136 ] Epoch: [11/400][300/400] lr: 5.37e-05 | MSE loss: 8.9567e-02 | time: 0.140
I 05.31/21:33:50 solver.py:136 ] Epoch: [11/400][320/400] lr: 5.40e-05 | MSE loss: 8.9188e-02 | time: 0.141
I 05.31/21:33:53 solver.py:136 ] Epoch: [11/400][340/400] lr: 5.42e-05 | MSE loss: 8.8827e-02 | time: 0.142
I 05.31/21:33:56 solver.py:136 ] Epoch: [11/400][360/400] lr: 5.45e-05 | MSE loss: 8.8521e-02 | time: 0.142
I 05.31/21:33:59 solver.py:136 ] Epoch: [11/400][380/400] lr: 5.48e-05 | MSE loss: 8.8177e-02 | time: 0.142
I 05.31/21:34:04 solver.py:136 ] Epoch: [11/400][400/400] lr: 5.50e-05 | MSE loss: 8.7914e-02 | time: 0.147
I 05.31/21:34:04 solver.py:146 ] => Train  Loss: 8.7914e-02

I 05.31/21:34:07 solver.py:205 ] 
=! Best NMSE: -7.1770e+00 (epoch=10)

I 05.31/21:34:09 solver.py:136 ] Epoch: [12/400][20/400] lr: 5.53e-05 | MSE loss: 8.0782e-02 | time: 0.120
I 05.31/21:34:12 solver.py:136 ] Epoch: [12/400][40/400] lr: 5.55e-05 | MSE loss: 8.0840e-02 | time: 0.129
I 05.31/21:34:15 solver.py:136 ] Epoch: [12/400][60/400] lr: 5.57e-05 | MSE loss: 8.0512e-02 | time: 0.139
I 05.31/21:34:18 solver.py:136 ] Epoch: [12/400][80/400] lr: 5.60e-05 | MSE loss: 8.0351e-02 | time: 0.141
I 05.31/21:34:20 solver.py:136 ] Epoch: [12/400][100/400] lr: 5.62e-05 | MSE loss: 8.0045e-02 | time: 0.135
I 05.31/21:34:23 solver.py:136 ] Epoch: [12/400][120/400] lr: 5.65e-05 | MSE loss: 7.9660e-02 | time: 0.138
I 05.31/21:34:27 solver.py:136 ] Epoch: [12/400][140/400] lr: 5.68e-05 | MSE loss: 7.9406e-02 | time: 0.141
I 05.31/21:34:30 solver.py:136 ] Epoch: [12/400][160/400] lr: 5.70e-05 | MSE loss: 7.9195e-02 | time: 0.142
I 05.31/21:34:33 solver.py:136 ] Epoch: [12/400][180/400] lr: 5.73e-05 | MSE loss: 7.8973e-02 | time: 0.146
I 05.31/21:34:36 solver.py:136 ] Epoch: [12/400][200/400] lr: 5.75e-05 | MSE loss: 7.8613e-02 | time: 0.148
I 05.31/21:34:39 solver.py:136 ] Epoch: [12/400][220/400] lr: 5.78e-05 | MSE loss: 7.8380e-02 | time: 0.148
I 05.31/21:34:42 solver.py:136 ] Epoch: [12/400][240/400] lr: 5.80e-05 | MSE loss: 7.8140e-02 | time: 0.146
I 05.31/21:34:45 solver.py:136 ] Epoch: [12/400][260/400] lr: 5.83e-05 | MSE loss: 7.7742e-02 | time: 0.146
I 05.31/21:34:48 solver.py:136 ] Epoch: [12/400][280/400] lr: 5.85e-05 | MSE loss: 7.7497e-02 | time: 0.146
I 05.31/21:34:51 solver.py:136 ] Epoch: [12/400][300/400] lr: 5.88e-05 | MSE loss: 7.7274e-02 | time: 0.147
I 05.31/21:34:54 solver.py:136 ] Epoch: [12/400][320/400] lr: 5.90e-05 | MSE loss: 7.6938e-02 | time: 0.147
I 05.31/21:34:57 solver.py:136 ] Epoch: [12/400][340/400] lr: 5.93e-05 | MSE loss: 7.6621e-02 | time: 0.147
I 05.31/21:35:00 solver.py:136 ] Epoch: [12/400][360/400] lr: 5.95e-05 | MSE loss: 7.6226e-02 | time: 0.147
I 05.31/21:35:04 solver.py:136 ] Epoch: [12/400][380/400] lr: 5.98e-05 | MSE loss: 7.5948e-02 | time: 0.152
I 05.31/21:35:07 solver.py:136 ] Epoch: [12/400][400/400] lr: 6.00e-05 | MSE loss: 7.5717e-02 | time: 0.152
I 05.31/21:35:07 solver.py:146 ] => Train  Loss: 7.5717e-02

I 05.31/21:35:12 solver.py:205 ] 
=! Best NMSE: -7.1770e+00 (epoch=10)

I 05.31/21:35:15 solver.py:136 ] Epoch: [13/400][20/400] lr: 6.03e-05 | MSE loss: 6.9562e-02 | time: 0.145
I 05.31/21:35:18 solver.py:136 ] Epoch: [13/400][40/400] lr: 6.05e-05 | MSE loss: 6.9442e-02 | time: 0.145
I 05.31/21:35:20 solver.py:136 ] Epoch: [13/400][60/400] lr: 6.08e-05 | MSE loss: 6.9144e-02 | time: 0.140
I 05.31/21:35:22 solver.py:136 ] Epoch: [13/400][80/400] lr: 6.10e-05 | MSE loss: 6.8732e-02 | time: 0.126
I 05.31/21:35:24 solver.py:136 ] Epoch: [13/400][100/400] lr: 6.13e-05 | MSE loss: 6.8462e-02 | time: 0.118
I 05.31/21:35:26 solver.py:136 ] Epoch: [13/400][120/400] lr: 6.15e-05 | MSE loss: 6.8220e-02 | time: 0.119
I 05.31/21:35:29 solver.py:136 ] Epoch: [13/400][140/400] lr: 6.18e-05 | MSE loss: 6.7740e-02 | time: 0.124
I 05.31/21:35:32 solver.py:136 ] Epoch: [13/400][160/400] lr: 6.20e-05 | MSE loss: 6.7445e-02 | time: 0.128
I 05.31/21:35:35 solver.py:136 ] Epoch: [13/400][180/400] lr: 6.22e-05 | MSE loss: 6.7155e-02 | time: 0.131
I 05.31/21:35:39 solver.py:136 ] Epoch: [13/400][200/400] lr: 6.25e-05 | MSE loss: 6.6880e-02 | time: 0.134
I 05.31/21:35:42 solver.py:136 ] Epoch: [13/400][220/400] lr: 6.27e-05 | MSE loss: 6.6696e-02 | time: 0.136
I 05.31/21:35:45 solver.py:136 ] Epoch: [13/400][240/400] lr: 6.30e-05 | MSE loss: 6.6392e-02 | time: 0.137
I 05.31/21:35:48 solver.py:136 ] Epoch: [13/400][260/400] lr: 6.33e-05 | MSE loss: 6.6185e-02 | time: 0.137
I 05.31/21:35:50 solver.py:136 ] Epoch: [13/400][280/400] lr: 6.35e-05 | MSE loss: 6.5886e-02 | time: 0.137
I 05.31/21:35:53 solver.py:136 ] Epoch: [13/400][300/400] lr: 6.38e-05 | MSE loss: 6.5580e-02 | time: 0.137
I 05.31/21:35:56 solver.py:136 ] Epoch: [13/400][320/400] lr: 6.40e-05 | MSE loss: 6.5321e-02 | time: 0.138
I 05.31/21:35:59 solver.py:136 ] Epoch: [13/400][340/400] lr: 6.43e-05 | MSE loss: 6.5054e-02 | time: 0.140
I 05.31/21:36:04 solver.py:136 ] Epoch: [13/400][360/400] lr: 6.45e-05 | MSE loss: 6.4799e-02 | time: 0.145
I 05.31/21:36:07 solver.py:136 ] Epoch: [13/400][380/400] lr: 6.48e-05 | MSE loss: 6.4555e-02 | time: 0.146
I 05.31/21:36:10 solver.py:136 ] Epoch: [13/400][400/400] lr: 6.50e-05 | MSE loss: 6.4292e-02 | time: 0.145
I 05.31/21:36:10 solver.py:146 ] => Train  Loss: 6.4292e-02

I 05.31/21:36:14 solver.py:205 ] 
=! Best NMSE: -7.1770e+00 (epoch=10)

I 05.31/21:36:17 solver.py:136 ] Epoch: [14/400][20/400] lr: 6.53e-05 | MSE loss: 5.8495e-02 | time: 0.162
I 05.31/21:36:20 solver.py:136 ] Epoch: [14/400][40/400] lr: 6.55e-05 | MSE loss: 5.9299e-02 | time: 0.150
I 05.31/21:36:23 solver.py:136 ] Epoch: [14/400][60/400] lr: 6.57e-05 | MSE loss: 5.8305e-02 | time: 0.149
I 05.31/21:36:26 solver.py:136 ] Epoch: [14/400][80/400] lr: 6.60e-05 | MSE loss: 5.8144e-02 | time: 0.151
I 05.31/21:36:29 solver.py:136 ] Epoch: [14/400][100/400] lr: 6.62e-05 | MSE loss: 5.7849e-02 | time: 0.149
I 05.31/21:36:32 solver.py:136 ] Epoch: [14/400][120/400] lr: 6.65e-05 | MSE loss: 5.7623e-02 | time: 0.150
I 05.31/21:36:35 solver.py:136 ] Epoch: [14/400][140/400] lr: 6.68e-05 | MSE loss: 5.7468e-02 | time: 0.149
I 05.31/21:36:38 solver.py:136 ] Epoch: [14/400][160/400] lr: 6.70e-05 | MSE loss: 5.7152e-02 | time: 0.152
I 05.31/21:36:41 solver.py:136 ] Epoch: [14/400][180/400] lr: 6.73e-05 | MSE loss: 5.6724e-02 | time: 0.151
I 05.31/21:36:44 solver.py:136 ] Epoch: [14/400][200/400] lr: 6.75e-05 | MSE loss: 5.6475e-02 | time: 0.151
I 05.31/21:36:47 solver.py:136 ] Epoch: [14/400][220/400] lr: 6.78e-05 | MSE loss: 5.6175e-02 | time: 0.153
I 05.31/21:36:51 solver.py:136 ] Epoch: [14/400][240/400] lr: 6.80e-05 | MSE loss: 5.5885e-02 | time: 0.153
I 05.31/21:36:54 solver.py:136 ] Epoch: [14/400][260/400] lr: 6.83e-05 | MSE loss: 5.5574e-02 | time: 0.154
I 05.31/21:36:57 solver.py:136 ] Epoch: [14/400][280/400] lr: 6.85e-05 | MSE loss: 5.5243e-02 | time: 0.153
I 05.31/21:37:00 solver.py:136 ] Epoch: [14/400][300/400] lr: 6.88e-05 | MSE loss: 5.5050e-02 | time: 0.153
I 05.31/21:37:05 solver.py:136 ] Epoch: [14/400][320/400] lr: 6.90e-05 | MSE loss: 5.4804e-02 | time: 0.159
I 05.31/21:37:08 solver.py:136 ] Epoch: [14/400][340/400] lr: 6.93e-05 | MSE loss: 5.4607e-02 | time: 0.158
I 05.31/21:37:11 solver.py:136 ] Epoch: [14/400][360/400] lr: 6.95e-05 | MSE loss: 5.4382e-02 | time: 0.157
I 05.31/21:37:13 solver.py:136 ] Epoch: [14/400][380/400] lr: 6.98e-05 | MSE loss: 5.4117e-02 | time: 0.156
I 05.31/21:37:16 solver.py:136 ] Epoch: [14/400][400/400] lr: 7.00e-05 | MSE loss: 5.3835e-02 | time: 0.155
I 05.31/21:37:16 solver.py:146 ] => Train  Loss: 5.3835e-02

I 05.31/21:37:22 solver.py:205 ] 
=! Best NMSE: -7.1770e+00 (epoch=10)

I 05.31/21:37:25 solver.py:136 ] Epoch: [15/400][20/400] lr: 7.03e-05 | MSE loss: 4.8621e-02 | time: 0.167
I 05.31/21:37:29 solver.py:136 ] Epoch: [15/400][40/400] lr: 7.05e-05 | MSE loss: 4.7898e-02 | time: 0.171
I 05.31/21:37:33 solver.py:136 ] Epoch: [15/400][60/400] lr: 7.08e-05 | MSE loss: 4.7632e-02 | time: 0.179
I 05.31/21:37:36 solver.py:136 ] Epoch: [15/400][80/400] lr: 7.10e-05 | MSE loss: 4.7539e-02 | time: 0.178
I 05.31/21:37:39 solver.py:136 ] Epoch: [15/400][100/400] lr: 7.13e-05 | MSE loss: 4.7454e-02 | time: 0.174
I 05.31/21:37:43 solver.py:136 ] Epoch: [15/400][120/400] lr: 7.15e-05 | MSE loss: 4.7143e-02 | time: 0.173
I 05.31/21:37:47 solver.py:136 ] Epoch: [15/400][140/400] lr: 7.18e-05 | MSE loss: 4.6990e-02 | time: 0.176
I 05.31/21:37:50 solver.py:136 ] Epoch: [15/400][160/400] lr: 7.20e-05 | MSE loss: 4.6757e-02 | time: 0.174
I 05.31/21:37:53 solver.py:136 ] Epoch: [15/400][180/400] lr: 7.23e-05 | MSE loss: 4.6554e-02 | time: 0.173
I 05.31/21:37:56 solver.py:136 ] Epoch: [15/400][200/400] lr: 7.25e-05 | MSE loss: 4.6323e-02 | time: 0.172
I 05.31/21:38:00 solver.py:136 ] Epoch: [15/400][220/400] lr: 7.28e-05 | MSE loss: 4.6191e-02 | time: 0.172
I 05.31/21:38:05 solver.py:136 ] Epoch: [15/400][240/400] lr: 7.30e-05 | MSE loss: 4.5989e-02 | time: 0.178
I 05.31/21:38:08 solver.py:136 ] Epoch: [15/400][260/400] lr: 7.33e-05 | MSE loss: 4.5768e-02 | time: 0.178
I 05.31/21:38:12 solver.py:136 ] Epoch: [15/400][280/400] lr: 7.35e-05 | MSE loss: 4.5579e-02 | time: 0.177
I 05.31/21:38:15 solver.py:136 ] Epoch: [15/400][300/400] lr: 7.38e-05 | MSE loss: 4.5411e-02 | time: 0.177
I 05.31/21:38:19 solver.py:136 ] Epoch: [15/400][320/400] lr: 7.40e-05 | MSE loss: 4.5192e-02 | time: 0.177
I 05.31/21:38:22 solver.py:136 ] Epoch: [15/400][340/400] lr: 7.43e-05 | MSE loss: 4.4978e-02 | time: 0.175
I 05.31/21:38:24 solver.py:136 ] Epoch: [15/400][360/400] lr: 7.45e-05 | MSE loss: 4.4777e-02 | time: 0.173
I 05.31/21:38:28 solver.py:136 ] Epoch: [15/400][380/400] lr: 7.48e-05 | MSE loss: 4.4613e-02 | time: 0.172
I 05.31/21:38:31 solver.py:136 ] Epoch: [15/400][400/400] lr: 7.50e-05 | MSE loss: 4.4401e-02 | time: 0.173
I 05.31/21:38:31 solver.py:146 ] => Train  Loss: 4.4401e-02

I 05.31/21:38:38 solver.py:205 ] 
=! Best NMSE: -7.1770e+00 (epoch=10)

I 05.31/21:38:42 solver.py:136 ] Epoch: [16/400][20/400] lr: 7.52e-05 | MSE loss: 3.9546e-02 | time: 0.191
I 05.31/21:38:45 solver.py:136 ] Epoch: [16/400][40/400] lr: 7.55e-05 | MSE loss: 3.9327e-02 | time: 0.178
I 05.31/21:38:48 solver.py:136 ] Epoch: [16/400][60/400] lr: 7.57e-05 | MSE loss: 3.9165e-02 | time: 0.175
I 05.31/21:38:51 solver.py:136 ] Epoch: [16/400][80/400] lr: 7.60e-05 | MSE loss: 3.8998e-02 | time: 0.169
I 05.31/21:38:54 solver.py:136 ] Epoch: [16/400][100/400] lr: 7.62e-05 | MSE loss: 3.8864e-02 | time: 0.166
I 05.31/21:38:58 solver.py:136 ] Epoch: [16/400][120/400] lr: 7.65e-05 | MSE loss: 3.8509e-02 | time: 0.169
I 05.31/21:39:02 solver.py:136 ] Epoch: [16/400][140/400] lr: 7.67e-05 | MSE loss: 3.8362e-02 | time: 0.171
I 05.31/21:39:06 solver.py:136 ] Epoch: [16/400][160/400] lr: 7.70e-05 | MSE loss: 3.8386e-02 | time: 0.174
I 05.31/21:39:09 solver.py:136 ] Epoch: [16/400][180/400] lr: 7.72e-05 | MSE loss: 3.8273e-02 | time: 0.175
I 05.31/21:39:13 solver.py:136 ] Epoch: [16/400][200/400] lr: 7.75e-05 | MSE loss: 3.8000e-02 | time: 0.175
I 05.31/21:39:16 solver.py:136 ] Epoch: [16/400][220/400] lr: 7.78e-05 | MSE loss: 3.7808e-02 | time: 0.173
I 05.31/21:39:19 solver.py:136 ] Epoch: [16/400][240/400] lr: 7.80e-05 | MSE loss: 3.7613e-02 | time: 0.172
I 05.31/21:39:22 solver.py:136 ] Epoch: [16/400][260/400] lr: 7.83e-05 | MSE loss: 3.7437e-02 | time: 0.172
I 05.31/21:39:26 solver.py:136 ] Epoch: [16/400][280/400] lr: 7.85e-05 | MSE loss: 3.7298e-02 | time: 0.172
I 05.31/21:39:29 solver.py:136 ] Epoch: [16/400][300/400] lr: 7.88e-05 | MSE loss: 3.7125e-02 | time: 0.172
I 05.31/21:39:33 solver.py:136 ] Epoch: [16/400][320/400] lr: 7.90e-05 | MSE loss: 3.6986e-02 | time: 0.172
I 05.31/21:39:36 solver.py:136 ] Epoch: [16/400][340/400] lr: 7.93e-05 | MSE loss: 3.6826e-02 | time: 0.171
I 05.31/21:39:39 solver.py:136 ] Epoch: [16/400][360/400] lr: 7.95e-05 | MSE loss: 3.6641e-02 | time: 0.170
I 05.31/21:39:42 solver.py:136 ] Epoch: [16/400][380/400] lr: 7.98e-05 | MSE loss: 3.6461e-02 | time: 0.168
I 05.31/21:39:44 solver.py:136 ] Epoch: [16/400][400/400] lr: 8.00e-05 | MSE loss: 3.6253e-02 | time: 0.166
I 05.31/21:39:44 solver.py:146 ] => Train  Loss: 3.6253e-02

I 05.31/21:39:48 solver.py:205 ] 
=! Best NMSE: -7.1770e+00 (epoch=10)

I 05.31/21:39:52 solver.py:136 ] Epoch: [17/400][20/400] lr: 8.02e-05 | MSE loss: 3.1817e-02 | time: 0.178
I 05.31/21:39:55 solver.py:136 ] Epoch: [17/400][40/400] lr: 8.05e-05 | MSE loss: 3.1810e-02 | time: 0.172
I 05.31/21:39:58 solver.py:136 ] Epoch: [17/400][60/400] lr: 8.07e-05 | MSE loss: 3.1835e-02 | time: 0.164
I 05.31/21:40:02 solver.py:136 ] Epoch: [17/400][80/400] lr: 8.10e-05 | MSE loss: 3.1642e-02 | time: 0.171
I 05.31/21:40:05 solver.py:136 ] Epoch: [17/400][100/400] lr: 8.12e-05 | MSE loss: 3.1396e-02 | time: 0.171
I 05.31/21:40:08 solver.py:136 ] Epoch: [17/400][120/400] lr: 8.15e-05 | MSE loss: 3.1359e-02 | time: 0.167
I 05.31/21:40:12 solver.py:136 ] Epoch: [17/400][140/400] lr: 8.18e-05 | MSE loss: 3.1228e-02 | time: 0.169
I 05.31/21:40:14 solver.py:136 ] Epoch: [17/400][160/400] lr: 8.20e-05 | MSE loss: 3.1156e-02 | time: 0.165
I 05.31/21:40:18 solver.py:136 ] Epoch: [17/400][180/400] lr: 8.23e-05 | MSE loss: 3.0980e-02 | time: 0.163
I 05.31/21:40:21 solver.py:136 ] Epoch: [17/400][200/400] lr: 8.25e-05 | MSE loss: 3.0869e-02 | time: 0.164
I 05.31/21:40:24 solver.py:136 ] Epoch: [17/400][220/400] lr: 8.28e-05 | MSE loss: 3.0718e-02 | time: 0.164
I 05.31/21:40:28 solver.py:136 ] Epoch: [17/400][240/400] lr: 8.30e-05 | MSE loss: 3.0653e-02 | time: 0.165
I 05.31/21:40:31 solver.py:136 ] Epoch: [17/400][260/400] lr: 8.33e-05 | MSE loss: 3.0564e-02 | time: 0.165
I 05.31/21:40:35 solver.py:136 ] Epoch: [17/400][280/400] lr: 8.35e-05 | MSE loss: 3.0394e-02 | time: 0.166
I 05.31/21:40:38 solver.py:136 ] Epoch: [17/400][300/400] lr: 8.38e-05 | MSE loss: 3.0203e-02 | time: 0.167
I 05.31/21:40:42 solver.py:136 ] Epoch: [17/400][320/400] lr: 8.40e-05 | MSE loss: 3.0140e-02 | time: 0.168
I 05.31/21:40:45 solver.py:136 ] Epoch: [17/400][340/400] lr: 8.43e-05 | MSE loss: 3.0037e-02 | time: 0.168
I 05.31/21:40:48 solver.py:136 ] Epoch: [17/400][360/400] lr: 8.45e-05 | MSE loss: 2.9930e-02 | time: 0.168
I 05.31/21:40:52 solver.py:136 ] Epoch: [17/400][380/400] lr: 8.48e-05 | MSE loss: 2.9780e-02 | time: 0.168
I 05.31/21:40:55 solver.py:136 ] Epoch: [17/400][400/400] lr: 8.50e-05 | MSE loss: 2.9624e-02 | time: 0.168
I 05.31/21:40:55 solver.py:146 ] => Train  Loss: 2.9624e-02

I 05.31/21:41:00 solver.py:205 ] 
=! Best NMSE: -7.1770e+00 (epoch=10)

I 05.31/21:41:06 solver.py:136 ] Epoch: [18/400][20/400] lr: 8.53e-05 | MSE loss: 2.6636e-02 | time: 0.261
I 05.31/21:41:09 solver.py:136 ] Epoch: [18/400][40/400] lr: 8.55e-05 | MSE loss: 2.6040e-02 | time: 0.217
I 05.31/21:41:12 solver.py:136 ] Epoch: [18/400][60/400] lr: 8.58e-05 | MSE loss: 2.6257e-02 | time: 0.201
I 05.31/21:41:16 solver.py:136 ] Epoch: [18/400][80/400] lr: 8.60e-05 | MSE loss: 2.6055e-02 | time: 0.191
I 05.31/21:41:19 solver.py:136 ] Epoch: [18/400][100/400] lr: 8.63e-05 | MSE loss: 2.5907e-02 | time: 0.182
I 05.31/21:41:21 solver.py:136 ] Epoch: [18/400][120/400] lr: 8.65e-05 | MSE loss: 2.5862e-02 | time: 0.176
I 05.31/21:41:25 solver.py:136 ] Epoch: [18/400][140/400] lr: 8.68e-05 | MSE loss: 2.5901e-02 | time: 0.174
I 05.31/21:41:27 solver.py:136 ] Epoch: [18/400][160/400] lr: 8.70e-05 | MSE loss: 2.5879e-02 | time: 0.168
I 05.31/21:41:30 solver.py:136 ] Epoch: [18/400][180/400] lr: 8.73e-05 | MSE loss: 2.5763e-02 | time: 0.164
I 05.31/21:41:33 solver.py:136 ] Epoch: [18/400][200/400] lr: 8.75e-05 | MSE loss: 2.5678e-02 | time: 0.162
I 05.31/21:41:36 solver.py:136 ] Epoch: [18/400][220/400] lr: 8.78e-05 | MSE loss: 2.5559e-02 | time: 0.163
I 05.31/21:41:40 solver.py:136 ] Epoch: [18/400][240/400] lr: 8.80e-05 | MSE loss: 2.5407e-02 | time: 0.164
I 05.31/21:41:43 solver.py:136 ] Epoch: [18/400][260/400] lr: 8.83e-05 | MSE loss: 2.5252e-02 | time: 0.166
I 05.31/21:41:47 solver.py:136 ] Epoch: [18/400][280/400] lr: 8.85e-05 | MSE loss: 2.5241e-02 | time: 0.166
I 05.31/21:41:50 solver.py:136 ] Epoch: [18/400][300/400] lr: 8.88e-05 | MSE loss: 2.5151e-02 | time: 0.166
I 05.31/21:41:54 solver.py:136 ] Epoch: [18/400][320/400] lr: 8.90e-05 | MSE loss: 2.5094e-02 | time: 0.166
I 05.31/21:41:57 solver.py:136 ] Epoch: [18/400][340/400] lr: 8.93e-05 | MSE loss: 2.4991e-02 | time: 0.167
I 05.31/21:42:00 solver.py:136 ] Epoch: [18/400][360/400] lr: 8.95e-05 | MSE loss: 2.4886e-02 | time: 0.166
I 05.31/21:42:05 solver.py:136 ] Epoch: [18/400][380/400] lr: 8.98e-05 | MSE loss: 2.4820e-02 | time: 0.171
I 05.31/21:42:09 solver.py:136 ] Epoch: [18/400][400/400] lr: 9.00e-05 | MSE loss: 2.4707e-02 | time: 0.171
I 05.31/21:42:09 solver.py:146 ] => Train  Loss: 2.4707e-02

I 05.31/21:42:13 solver.py:205 ] 
=! Best NMSE: -7.1770e+00 (epoch=10)

I 05.31/21:42:17 solver.py:136 ] Epoch: [19/400][20/400] lr: 9.03e-05 | MSE loss: 2.2310e-02 | time: 0.171
I 05.31/21:42:20 solver.py:136 ] Epoch: [19/400][40/400] lr: 9.05e-05 | MSE loss: 2.2343e-02 | time: 0.167
I 05.31/21:42:23 solver.py:136 ] Epoch: [19/400][60/400] lr: 9.08e-05 | MSE loss: 2.2352e-02 | time: 0.170
I 05.31/21:42:27 solver.py:136 ] Epoch: [19/400][80/400] lr: 9.10e-05 | MSE loss: 2.2178e-02 | time: 0.172
I 05.31/21:42:31 solver.py:136 ] Epoch: [19/400][100/400] lr: 9.12e-05 | MSE loss: 2.2166e-02 | time: 0.173
I 05.31/21:42:34 solver.py:136 ] Epoch: [19/400][120/400] lr: 9.15e-05 | MSE loss: 2.2141e-02 | time: 0.169
I 05.31/21:42:36 solver.py:136 ] Epoch: [19/400][140/400] lr: 9.17e-05 | MSE loss: 2.2074e-02 | time: 0.165
I 05.31/21:42:40 solver.py:136 ] Epoch: [19/400][160/400] lr: 9.20e-05 | MSE loss: 2.2067e-02 | time: 0.164
I 05.31/21:42:42 solver.py:136 ] Epoch: [19/400][180/400] lr: 9.22e-05 | MSE loss: 2.1996e-02 | time: 0.159
I 05.31/21:42:44 solver.py:136 ] Epoch: [19/400][200/400] lr: 9.25e-05 | MSE loss: 2.2014e-02 | time: 0.156
I 05.31/21:42:48 solver.py:136 ] Epoch: [19/400][220/400] lr: 9.28e-05 | MSE loss: 2.1931e-02 | time: 0.156
I 05.31/21:42:51 solver.py:136 ] Epoch: [19/400][240/400] lr: 9.30e-05 | MSE loss: 2.1841e-02 | time: 0.157
I 05.31/21:42:54 solver.py:136 ] Epoch: [19/400][260/400] lr: 9.33e-05 | MSE loss: 2.1787e-02 | time: 0.157
I 05.31/21:42:58 solver.py:136 ] Epoch: [19/400][280/400] lr: 9.35e-05 | MSE loss: 2.1719e-02 | time: 0.158
I 05.31/21:43:01 solver.py:136 ] Epoch: [19/400][300/400] lr: 9.38e-05 | MSE loss: 2.1642e-02 | time: 0.160
I 05.31/21:43:06 solver.py:136 ] Epoch: [19/400][320/400] lr: 9.40e-05 | MSE loss: 2.1603e-02 | time: 0.165
I 05.31/21:43:10 solver.py:136 ] Epoch: [19/400][340/400] lr: 9.43e-05 | MSE loss: 2.1536e-02 | time: 0.166
I 05.31/21:43:13 solver.py:136 ] Epoch: [19/400][360/400] lr: 9.45e-05 | MSE loss: 2.1485e-02 | time: 0.166
I 05.31/21:43:16 solver.py:136 ] Epoch: [19/400][380/400] lr: 9.47e-05 | MSE loss: 2.1436e-02 | time: 0.165
I 05.31/21:43:19 solver.py:136 ] Epoch: [19/400][400/400] lr: 9.50e-05 | MSE loss: 2.1387e-02 | time: 0.164
I 05.31/21:43:19 solver.py:146 ] => Train  Loss: 2.1387e-02

I 05.31/21:43:25 solver.py:205 ] 
=! Best NMSE: -7.1770e+00 (epoch=10)

I 05.31/21:43:28 solver.py:136 ] Epoch: [20/400][20/400] lr: 9.52e-05 | MSE loss: 2.0560e-02 | time: 0.176
I 05.31/21:43:32 solver.py:136 ] Epoch: [20/400][40/400] lr: 9.55e-05 | MSE loss: 2.0350e-02 | time: 0.175
I 05.31/21:43:35 solver.py:136 ] Epoch: [20/400][60/400] lr: 9.57e-05 | MSE loss: 1.9949e-02 | time: 0.173
I 05.31/21:43:39 solver.py:136 ] Epoch: [20/400][80/400] lr: 9.60e-05 | MSE loss: 1.9911e-02 | time: 0.178
I 05.31/21:43:42 solver.py:136 ] Epoch: [20/400][100/400] lr: 9.63e-05 | MSE loss: 2.0033e-02 | time: 0.177
I 05.31/21:43:46 solver.py:136 ] Epoch: [20/400][120/400] lr: 9.65e-05 | MSE loss: 1.9972e-02 | time: 0.173
I 05.31/21:43:48 solver.py:136 ] Epoch: [20/400][140/400] lr: 9.68e-05 | MSE loss: 1.9906e-02 | time: 0.169
I 05.31/21:43:52 solver.py:136 ] Epoch: [20/400][160/400] lr: 9.70e-05 | MSE loss: 1.9817e-02 | time: 0.170
I 05.31/21:43:55 solver.py:136 ] Epoch: [20/400][180/400] lr: 9.73e-05 | MSE loss: 1.9869e-02 | time: 0.168
I 05.31/21:43:58 solver.py:136 ] Epoch: [20/400][200/400] lr: 9.75e-05 | MSE loss: 1.9815e-02 | time: 0.165
I 05.31/21:44:02 solver.py:136 ] Epoch: [20/400][220/400] lr: 9.78e-05 | MSE loss: 1.9779e-02 | time: 0.168
I 05.31/21:44:06 solver.py:136 ] Epoch: [20/400][240/400] lr: 9.80e-05 | MSE loss: 1.9739e-02 | time: 0.172
I 05.31/21:44:10 solver.py:136 ] Epoch: [20/400][260/400] lr: 9.83e-05 | MSE loss: 1.9738e-02 | time: 0.172
I 05.31/21:44:12 solver.py:136 ] Epoch: [20/400][280/400] lr: 9.85e-05 | MSE loss: 1.9716e-02 | time: 0.170
I 05.31/21:44:15 solver.py:136 ] Epoch: [20/400][300/400] lr: 9.88e-05 | MSE loss: 1.9669e-02 | time: 0.169
I 05.31/21:44:19 solver.py:136 ] Epoch: [20/400][320/400] lr: 9.90e-05 | MSE loss: 1.9612e-02 | time: 0.168
I 05.31/21:44:22 solver.py:136 ] Epoch: [20/400][340/400] lr: 9.93e-05 | MSE loss: 1.9575e-02 | time: 0.169
I 05.31/21:44:26 solver.py:136 ] Epoch: [20/400][360/400] lr: 9.95e-05 | MSE loss: 1.9559e-02 | time: 0.169
I 05.31/21:44:29 solver.py:136 ] Epoch: [20/400][380/400] lr: 9.97e-05 | MSE loss: 1.9472e-02 | time: 0.169
I 05.31/21:44:32 solver.py:136 ] Epoch: [20/400][400/400] lr: 1.00e-04 | MSE loss: 1.9433e-02 | time: 0.168
I 05.31/21:44:32 solver.py:146 ] => Train  Loss: 1.9433e-02

I 05.31/21:44:36 solver.py:136 ] Epoch: [20/400][20/50] lr: 1.00e-04 | MSE loss: 1.9588e-02 | time: 0.171
I 05.31/21:44:39 solver.py:136 ] Epoch: [20/400][40/50] lr: 1.00e-04 | MSE loss: 1.9226e-02 | time: 0.162
I 05.31/21:44:40 solver.py:146 ] => Val  Loss: 1.9281e-02

I 05.31/21:44:44 solver.py:287 ] [20/50] loss: 1.9117e-02 | NMSE: -1.4200e+01 | time: 0.184
I 05.31/21:44:47 solver.py:287 ] [40/50] loss: 1.9442e-02 | NMSE: -1.4127e+01 | time: 0.175
I 05.31/21:44:49 solver.py:291 ] => Test NMSE: -1.4139e+01

I 05.31/21:45:00 solver.py:205 ] 
=! Best NMSE: -1.4139e+01 (epoch=20)

I 05.31/21:45:05 solver.py:136 ] Epoch: [21/400][20/400] lr: 1.00e-04 | MSE loss: 1.8700e-02 | time: 0.253
I 05.31/21:45:08 solver.py:136 ] Epoch: [21/400][40/400] lr: 1.01e-04 | MSE loss: 1.8267e-02 | time: 0.201
I 05.31/21:45:11 solver.py:136 ] Epoch: [21/400][60/400] lr: 1.01e-04 | MSE loss: 1.8166e-02 | time: 0.181
I 05.31/21:45:14 solver.py:136 ] Epoch: [21/400][80/400] lr: 1.01e-04 | MSE loss: 1.8271e-02 | time: 0.175
I 05.31/21:45:18 solver.py:136 ] Epoch: [21/400][100/400] lr: 1.01e-04 | MSE loss: 1.8252e-02 | time: 0.173
I 05.31/21:45:21 solver.py:136 ] Epoch: [21/400][120/400] lr: 1.02e-04 | MSE loss: 1.8167e-02 | time: 0.174
I 05.31/21:45:24 solver.py:136 ] Epoch: [21/400][140/400] lr: 1.02e-04 | MSE loss: 1.8279e-02 | time: 0.172
I 05.31/21:45:28 solver.py:136 ] Epoch: [21/400][160/400] lr: 1.02e-04 | MSE loss: 1.8393e-02 | time: 0.172
I 05.31/21:45:31 solver.py:136 ] Epoch: [21/400][180/400] lr: 1.02e-04 | MSE loss: 1.8311e-02 | time: 0.172
I 05.31/21:45:35 solver.py:136 ] Epoch: [21/400][200/400] lr: 1.03e-04 | MSE loss: 1.8304e-02 | time: 0.173
I 05.31/21:45:38 solver.py:136 ] Epoch: [21/400][220/400] lr: 1.03e-04 | MSE loss: 1.8312e-02 | time: 0.173
I 05.31/21:45:42 solver.py:136 ] Epoch: [21/400][240/400] lr: 1.03e-04 | MSE loss: 1.8346e-02 | time: 0.172
I 05.31/21:45:45 solver.py:136 ] Epoch: [21/400][260/400] lr: 1.03e-04 | MSE loss: 1.8361e-02 | time: 0.170
I 05.31/21:45:48 solver.py:136 ] Epoch: [21/400][280/400] lr: 1.04e-04 | MSE loss: 1.8344e-02 | time: 0.170
I 05.31/21:45:51 solver.py:136 ] Epoch: [21/400][300/400] lr: 1.04e-04 | MSE loss: 1.8327e-02 | time: 0.170
I 05.31/21:45:55 solver.py:136 ] Epoch: [21/400][320/400] lr: 1.04e-04 | MSE loss: 1.8370e-02 | time: 0.171
I 05.31/21:45:59 solver.py:136 ] Epoch: [21/400][340/400] lr: 1.04e-04 | MSE loss: 1.8329e-02 | time: 0.171
I 05.31/21:46:03 solver.py:136 ] Epoch: [21/400][360/400] lr: 1.05e-04 | MSE loss: 1.8330e-02 | time: 0.174
I 05.31/21:46:07 solver.py:136 ] Epoch: [21/400][380/400] lr: 1.05e-04 | MSE loss: 1.8303e-02 | time: 0.176
I 05.31/21:46:10 solver.py:136 ] Epoch: [21/400][400/400] lr: 1.05e-04 | MSE loss: 1.8283e-02 | time: 0.175
I 05.31/21:46:10 solver.py:146 ] => Train  Loss: 1.8283e-02

I 05.31/21:46:14 solver.py:205 ] 
=! Best NMSE: -1.4139e+01 (epoch=20)

I 05.31/21:46:16 solver.py:136 ] Epoch: [22/400][20/400] lr: 1.05e-04 | MSE loss: 1.7292e-02 | time: 0.102
I 05.31/21:46:18 solver.py:136 ] Epoch: [22/400][40/400] lr: 1.06e-04 | MSE loss: 1.7742e-02 | time: 0.087
I 05.31/21:46:20 solver.py:136 ] Epoch: [22/400][60/400] lr: 1.06e-04 | MSE loss: 1.8027e-02 | time: 0.102
I 05.31/21:46:24 solver.py:136 ] Epoch: [22/400][80/400] lr: 1.06e-04 | MSE loss: 1.8115e-02 | time: 0.115
I 05.31/21:46:27 solver.py:136 ] Epoch: [22/400][100/400] lr: 1.06e-04 | MSE loss: 1.8116e-02 | time: 0.130
I 05.31/21:46:31 solver.py:136 ] Epoch: [22/400][120/400] lr: 1.07e-04 | MSE loss: 1.8075e-02 | time: 0.138
I 05.31/21:46:34 solver.py:136 ] Epoch: [22/400][140/400] lr: 1.07e-04 | MSE loss: 1.8030e-02 | time: 0.141
I 05.31/21:46:37 solver.py:136 ] Epoch: [22/400][160/400] lr: 1.07e-04 | MSE loss: 1.7941e-02 | time: 0.142
I 05.31/21:46:41 solver.py:136 ] Epoch: [22/400][180/400] lr: 1.07e-04 | MSE loss: 1.7868e-02 | time: 0.146
I 05.31/21:46:44 solver.py:136 ] Epoch: [22/400][200/400] lr: 1.07e-04 | MSE loss: 1.7855e-02 | time: 0.150
I 05.31/21:46:48 solver.py:136 ] Epoch: [22/400][220/400] lr: 1.08e-04 | MSE loss: 1.7819e-02 | time: 0.153
I 05.31/21:46:51 solver.py:136 ] Epoch: [22/400][240/400] lr: 1.08e-04 | MSE loss: 1.7751e-02 | time: 0.154
I 05.31/21:46:54 solver.py:136 ] Epoch: [22/400][260/400] lr: 1.08e-04 | MSE loss: 1.7688e-02 | time: 0.154
I 05.31/21:46:58 solver.py:136 ] Epoch: [22/400][280/400] lr: 1.08e-04 | MSE loss: 1.7707e-02 | time: 0.155
I 05.31/21:47:03 solver.py:136 ] Epoch: [22/400][300/400] lr: 1.09e-04 | MSE loss: 1.7710e-02 | time: 0.163
I 05.31/21:47:07 solver.py:136 ] Epoch: [22/400][320/400] lr: 1.09e-04 | MSE loss: 1.7721e-02 | time: 0.165
I 05.31/21:47:11 solver.py:136 ] Epoch: [22/400][340/400] lr: 1.09e-04 | MSE loss: 1.7703e-02 | time: 0.166
I 05.31/21:47:14 solver.py:136 ] Epoch: [22/400][360/400] lr: 1.10e-04 | MSE loss: 1.7638e-02 | time: 0.166
I 05.31/21:47:18 solver.py:136 ] Epoch: [22/400][380/400] lr: 1.10e-04 | MSE loss: 1.7621e-02 | time: 0.167
I 05.31/21:47:21 solver.py:136 ] Epoch: [22/400][400/400] lr: 1.10e-04 | MSE loss: 1.7602e-02 | time: 0.167
I 05.31/21:47:21 solver.py:146 ] => Train  Loss: 1.7602e-02

I 05.31/21:47:26 solver.py:205 ] 
=! Best NMSE: -1.4139e+01 (epoch=20)

I 05.31/21:47:30 solver.py:136 ] Epoch: [23/400][20/400] lr: 1.10e-04 | MSE loss: 1.6802e-02 | time: 0.189
I 05.31/21:47:32 solver.py:136 ] Epoch: [23/400][40/400] lr: 1.11e-04 | MSE loss: 1.6975e-02 | time: 0.151
I 05.31/21:47:34 solver.py:136 ] Epoch: [23/400][60/400] lr: 1.11e-04 | MSE loss: 1.7327e-02 | time: 0.128
I 05.31/21:47:35 solver.py:136 ] Epoch: [23/400][80/400] lr: 1.11e-04 | MSE loss: 1.7193e-02 | time: 0.115
I 05.31/21:47:37 solver.py:136 ] Epoch: [23/400][100/400] lr: 1.11e-04 | MSE loss: 1.7182e-02 | time: 0.114
I 05.31/21:47:41 solver.py:136 ] Epoch: [23/400][120/400] lr: 1.11e-04 | MSE loss: 1.7142e-02 | time: 0.123
I 05.31/21:47:43 solver.py:136 ] Epoch: [23/400][140/400] lr: 1.12e-04 | MSE loss: 1.7261e-02 | time: 0.123
I 05.31/21:47:47 solver.py:136 ] Epoch: [23/400][160/400] lr: 1.12e-04 | MSE loss: 1.7195e-02 | time: 0.129
I 05.31/21:47:51 solver.py:136 ] Epoch: [23/400][180/400] lr: 1.12e-04 | MSE loss: 1.7174e-02 | time: 0.137
I 05.31/21:47:54 solver.py:136 ] Epoch: [23/400][200/400] lr: 1.12e-04 | MSE loss: 1.7243e-02 | time: 0.141
I 05.31/21:47:57 solver.py:136 ] Epoch: [23/400][220/400] lr: 1.13e-04 | MSE loss: 1.7283e-02 | time: 0.143
I 05.31/21:48:01 solver.py:136 ] Epoch: [23/400][240/400] lr: 1.13e-04 | MSE loss: 1.7301e-02 | time: 0.146
I 05.31/21:48:06 solver.py:136 ] Epoch: [23/400][260/400] lr: 1.13e-04 | MSE loss: 1.7274e-02 | time: 0.154
I 05.31/21:48:09 solver.py:136 ] Epoch: [23/400][280/400] lr: 1.14e-04 | MSE loss: 1.7231e-02 | time: 0.155
I 05.31/21:48:13 solver.py:136 ] Epoch: [23/400][300/400] lr: 1.14e-04 | MSE loss: 1.7221e-02 | time: 0.156
I 05.31/21:48:16 solver.py:136 ] Epoch: [23/400][320/400] lr: 1.14e-04 | MSE loss: 1.7202e-02 | time: 0.157
I 05.31/21:48:20 solver.py:136 ] Epoch: [23/400][340/400] lr: 1.14e-04 | MSE loss: 1.7137e-02 | time: 0.159
I 05.31/21:48:23 solver.py:136 ] Epoch: [23/400][360/400] lr: 1.15e-04 | MSE loss: 1.7118e-02 | time: 0.160
I 05.31/21:48:27 solver.py:136 ] Epoch: [23/400][380/400] lr: 1.15e-04 | MSE loss: 1.7093e-02 | time: 0.161
I 05.31/21:48:30 solver.py:136 ] Epoch: [23/400][400/400] lr: 1.15e-04 | MSE loss: 1.7089e-02 | time: 0.161
I 05.31/21:48:30 solver.py:146 ] => Train  Loss: 1.7089e-02

I 05.31/21:48:35 solver.py:205 ] 
=! Best NMSE: -1.4139e+01 (epoch=20)

I 05.31/21:48:39 solver.py:136 ] Epoch: [24/400][20/400] lr: 1.15e-04 | MSE loss: 1.6825e-02 | time: 0.205
I 05.31/21:48:43 solver.py:136 ] Epoch: [24/400][40/400] lr: 1.16e-04 | MSE loss: 1.6692e-02 | time: 0.199
I 05.31/21:48:46 solver.py:136 ] Epoch: [24/400][60/400] lr: 1.16e-04 | MSE loss: 1.6833e-02 | time: 0.192
I 05.31/21:48:49 solver.py:136 ] Epoch: [24/400][80/400] lr: 1.16e-04 | MSE loss: 1.6667e-02 | time: 0.180
I 05.31/21:48:52 solver.py:136 ] Epoch: [24/400][100/400] lr: 1.16e-04 | MSE loss: 1.6699e-02 | time: 0.173
I 05.31/21:48:56 solver.py:136 ] Epoch: [24/400][120/400] lr: 1.17e-04 | MSE loss: 1.6702e-02 | time: 0.174
I 05.31/21:48:59 solver.py:136 ] Epoch: [24/400][140/400] lr: 1.17e-04 | MSE loss: 1.6687e-02 | time: 0.171
I 05.31/21:49:04 solver.py:136 ] Epoch: [24/400][160/400] lr: 1.17e-04 | MSE loss: 1.6614e-02 | time: 0.184
I 05.31/21:49:08 solver.py:136 ] Epoch: [24/400][180/400] lr: 1.17e-04 | MSE loss: 1.6655e-02 | time: 0.182
I 05.31/21:49:10 solver.py:136 ] Epoch: [24/400][200/400] lr: 1.18e-04 | MSE loss: 1.6615e-02 | time: 0.177
I 05.31/21:49:13 solver.py:136 ] Epoch: [24/400][220/400] lr: 1.18e-04 | MSE loss: 1.6598e-02 | time: 0.174
I 05.31/21:49:15 solver.py:136 ] Epoch: [24/400][240/400] lr: 1.18e-04 | MSE loss: 1.6616e-02 | time: 0.170
I 05.31/21:49:18 solver.py:136 ] Epoch: [24/400][260/400] lr: 1.18e-04 | MSE loss: 1.6609e-02 | time: 0.167
I 05.31/21:49:21 solver.py:136 ] Epoch: [24/400][280/400] lr: 1.19e-04 | MSE loss: 1.6607e-02 | time: 0.166
I 05.31/21:49:25 solver.py:136 ] Epoch: [24/400][300/400] lr: 1.19e-04 | MSE loss: 1.6624e-02 | time: 0.166
I 05.31/21:49:28 solver.py:136 ] Epoch: [24/400][320/400] lr: 1.19e-04 | MSE loss: 1.6616e-02 | time: 0.167
I 05.31/21:49:32 solver.py:136 ] Epoch: [24/400][340/400] lr: 1.19e-04 | MSE loss: 1.6635e-02 | time: 0.167
I 05.31/21:49:35 solver.py:136 ] Epoch: [24/400][360/400] lr: 1.20e-04 | MSE loss: 1.6626e-02 | time: 0.167
I 05.31/21:49:38 solver.py:136 ] Epoch: [24/400][380/400] lr: 1.20e-04 | MSE loss: 1.6634e-02 | time: 0.166
I 05.31/21:49:41 solver.py:136 ] Epoch: [24/400][400/400] lr: 1.20e-04 | MSE loss: 1.6626e-02 | time: 0.166
I 05.31/21:49:41 solver.py:146 ] => Train  Loss: 1.6626e-02

I 05.31/21:49:46 solver.py:205 ] 
=! Best NMSE: -1.4139e+01 (epoch=20)

I 05.31/21:49:51 solver.py:136 ] Epoch: [25/400][20/400] lr: 1.20e-04 | MSE loss: 1.6390e-02 | time: 0.211
I 05.31/21:49:54 solver.py:136 ] Epoch: [25/400][40/400] lr: 1.21e-04 | MSE loss: 1.6261e-02 | time: 0.196
I 05.31/21:49:58 solver.py:136 ] Epoch: [25/400][60/400] lr: 1.21e-04 | MSE loss: 1.6817e-02 | time: 0.186
I 05.31/21:50:01 solver.py:136 ] Epoch: [25/400][80/400] lr: 1.21e-04 | MSE loss: 1.6591e-02 | time: 0.183
I 05.31/21:50:06 solver.py:136 ] Epoch: [25/400][100/400] lr: 1.21e-04 | MSE loss: 1.6460e-02 | time: 0.197
I 05.31/21:50:09 solver.py:136 ] Epoch: [25/400][120/400] lr: 1.22e-04 | MSE loss: 1.6395e-02 | time: 0.192
I 05.31/21:50:13 solver.py:136 ] Epoch: [25/400][140/400] lr: 1.22e-04 | MSE loss: 1.6340e-02 | time: 0.186
I 05.31/21:50:17 solver.py:136 ] Epoch: [25/400][160/400] lr: 1.22e-04 | MSE loss: 1.6352e-02 | time: 0.189
I 05.31/21:50:20 solver.py:136 ] Epoch: [25/400][180/400] lr: 1.22e-04 | MSE loss: 1.6366e-02 | time: 0.189
I 05.31/21:50:24 solver.py:136 ] Epoch: [25/400][200/400] lr: 1.23e-04 | MSE loss: 1.6331e-02 | time: 0.187
I 05.31/21:50:27 solver.py:136 ] Epoch: [25/400][220/400] lr: 1.23e-04 | MSE loss: 1.6256e-02 | time: 0.186
I 05.31/21:50:31 solver.py:136 ] Epoch: [25/400][240/400] lr: 1.23e-04 | MSE loss: 1.6258e-02 | time: 0.185
I 05.31/21:50:33 solver.py:136 ] Epoch: [25/400][260/400] lr: 1.23e-04 | MSE loss: 1.6244e-02 | time: 0.179
I 05.31/21:50:35 solver.py:136 ] Epoch: [25/400][280/400] lr: 1.24e-04 | MSE loss: 1.6292e-02 | time: 0.174
I 05.31/21:50:39 solver.py:136 ] Epoch: [25/400][300/400] lr: 1.24e-04 | MSE loss: 1.6280e-02 | time: 0.174
I 05.31/21:50:42 solver.py:136 ] Epoch: [25/400][320/400] lr: 1.24e-04 | MSE loss: 1.6228e-02 | time: 0.173
I 05.31/21:50:45 solver.py:136 ] Epoch: [25/400][340/400] lr: 1.24e-04 | MSE loss: 1.6216e-02 | time: 0.173
I 05.31/21:50:49 solver.py:136 ] Epoch: [25/400][360/400] lr: 1.24e-04 | MSE loss: 1.6220e-02 | time: 0.174
I 05.31/21:50:52 solver.py:136 ] Epoch: [25/400][380/400] lr: 1.25e-04 | MSE loss: 1.6242e-02 | time: 0.173
I 05.31/21:50:56 solver.py:136 ] Epoch: [25/400][400/400] lr: 1.25e-04 | MSE loss: 1.6232e-02 | time: 0.174
I 05.31/21:50:56 solver.py:146 ] => Train  Loss: 1.6232e-02

I 05.31/21:51:03 solver.py:205 ] 
=! Best NMSE: -1.4139e+01 (epoch=20)

I 05.31/21:51:08 solver.py:136 ] Epoch: [26/400][20/400] lr: 1.25e-04 | MSE loss: 1.6354e-02 | time: 0.215
I 05.31/21:51:11 solver.py:136 ] Epoch: [26/400][40/400] lr: 1.25e-04 | MSE loss: 1.6025e-02 | time: 0.198
I 05.31/21:51:15 solver.py:136 ] Epoch: [26/400][60/400] lr: 1.26e-04 | MSE loss: 1.5854e-02 | time: 0.191
I 05.31/21:51:18 solver.py:136 ] Epoch: [26/400][80/400] lr: 1.26e-04 | MSE loss: 1.5860e-02 | time: 0.184
I 05.31/21:51:21 solver.py:136 ] Epoch: [26/400][100/400] lr: 1.26e-04 | MSE loss: 1.5984e-02 | time: 0.172
I 05.31/21:51:23 solver.py:136 ] Epoch: [26/400][120/400] lr: 1.27e-04 | MSE loss: 1.5964e-02 | time: 0.165
I 05.31/21:51:27 solver.py:136 ] Epoch: [26/400][140/400] lr: 1.27e-04 | MSE loss: 1.6028e-02 | time: 0.166
I 05.31/21:51:30 solver.py:136 ] Epoch: [26/400][160/400] lr: 1.27e-04 | MSE loss: 1.5998e-02 | time: 0.169
I 05.31/21:51:34 solver.py:136 ] Epoch: [26/400][180/400] lr: 1.27e-04 | MSE loss: 1.5936e-02 | time: 0.170
I 05.31/21:51:38 solver.py:136 ] Epoch: [26/400][200/400] lr: 1.28e-04 | MSE loss: 1.5957e-02 | time: 0.173
I 05.31/21:51:41 solver.py:136 ] Epoch: [26/400][220/400] lr: 1.28e-04 | MSE loss: 1.5944e-02 | time: 0.172
I 05.31/21:51:45 solver.py:136 ] Epoch: [26/400][240/400] lr: 1.28e-04 | MSE loss: 1.5924e-02 | time: 0.172
I 05.31/21:51:48 solver.py:136 ] Epoch: [26/400][260/400] lr: 1.28e-04 | MSE loss: 1.5942e-02 | time: 0.171
I 05.31/21:51:51 solver.py:136 ] Epoch: [26/400][280/400] lr: 1.29e-04 | MSE loss: 1.5927e-02 | time: 0.169
I 05.31/21:51:54 solver.py:136 ] Epoch: [26/400][300/400] lr: 1.29e-04 | MSE loss: 1.5912e-02 | time: 0.169
I 05.31/21:51:58 solver.py:136 ] Epoch: [26/400][320/400] lr: 1.29e-04 | MSE loss: 1.5901e-02 | time: 0.171
I 05.31/21:52:04 solver.py:136 ] Epoch: [26/400][340/400] lr: 1.29e-04 | MSE loss: 1.5837e-02 | time: 0.177
I 05.31/21:52:07 solver.py:136 ] Epoch: [26/400][360/400] lr: 1.30e-04 | MSE loss: 1.5828e-02 | time: 0.178
I 05.31/21:52:11 solver.py:136 ] Epoch: [26/400][380/400] lr: 1.30e-04 | MSE loss: 1.5802e-02 | time: 0.177
I 05.31/21:52:14 solver.py:136 ] Epoch: [26/400][400/400] lr: 1.30e-04 | MSE loss: 1.5815e-02 | time: 0.177
I 05.31/21:52:14 solver.py:146 ] => Train  Loss: 1.5815e-02

I 05.31/21:52:19 solver.py:205 ] 
=! Best NMSE: -1.4139e+01 (epoch=20)

I 05.31/21:52:23 solver.py:136 ] Epoch: [27/400][20/400] lr: 1.30e-04 | MSE loss: 1.5874e-02 | time: 0.199
I 05.31/21:52:26 solver.py:136 ] Epoch: [27/400][40/400] lr: 1.31e-04 | MSE loss: 1.5648e-02 | time: 0.189
I 05.31/21:52:30 solver.py:136 ] Epoch: [27/400][60/400] lr: 1.31e-04 | MSE loss: 1.5713e-02 | time: 0.191
I 05.31/21:52:34 solver.py:136 ] Epoch: [27/400][80/400] lr: 1.31e-04 | MSE loss: 1.5599e-02 | time: 0.187
I 05.31/21:52:37 solver.py:136 ] Epoch: [27/400][100/400] lr: 1.31e-04 | MSE loss: 1.5557e-02 | time: 0.180
I 05.31/21:52:40 solver.py:136 ] Epoch: [27/400][120/400] lr: 1.31e-04 | MSE loss: 1.5492e-02 | time: 0.177
I 05.31/21:52:44 solver.py:136 ] Epoch: [27/400][140/400] lr: 1.32e-04 | MSE loss: 1.5507e-02 | time: 0.178
I 05.31/21:52:48 solver.py:136 ] Epoch: [27/400][160/400] lr: 1.32e-04 | MSE loss: 1.5537e-02 | time: 0.181
I 05.31/21:52:52 solver.py:136 ] Epoch: [27/400][180/400] lr: 1.32e-04 | MSE loss: 1.5541e-02 | time: 0.182
I 05.31/21:52:55 solver.py:136 ] Epoch: [27/400][200/400] lr: 1.32e-04 | MSE loss: 1.5542e-02 | time: 0.181
I 05.31/21:52:58 solver.py:136 ] Epoch: [27/400][220/400] lr: 1.33e-04 | MSE loss: 1.5456e-02 | time: 0.180
I 05.31/21:53:03 solver.py:136 ] Epoch: [27/400][240/400] lr: 1.33e-04 | MSE loss: 1.5382e-02 | time: 0.183
I 05.31/21:53:07 solver.py:136 ] Epoch: [27/400][260/400] lr: 1.33e-04 | MSE loss: 1.5346e-02 | time: 0.184
I 05.31/21:53:10 solver.py:136 ] Epoch: [27/400][280/400] lr: 1.34e-04 | MSE loss: 1.5363e-02 | time: 0.181
I 05.31/21:53:12 solver.py:136 ] Epoch: [27/400][300/400] lr: 1.34e-04 | MSE loss: 1.5394e-02 | time: 0.177
I 05.31/21:53:15 solver.py:136 ] Epoch: [27/400][320/400] lr: 1.34e-04 | MSE loss: 1.5430e-02 | time: 0.175
I 05.31/21:53:18 solver.py:136 ] Epoch: [27/400][340/400] lr: 1.34e-04 | MSE loss: 1.5444e-02 | time: 0.175
I 05.31/21:53:22 solver.py:136 ] Epoch: [27/400][360/400] lr: 1.35e-04 | MSE loss: 1.5430e-02 | time: 0.175
I 05.31/21:53:26 solver.py:136 ] Epoch: [27/400][380/400] lr: 1.35e-04 | MSE loss: 1.5439e-02 | time: 0.176
I 05.31/21:53:29 solver.py:136 ] Epoch: [27/400][400/400] lr: 1.35e-04 | MSE loss: 1.5443e-02 | time: 0.175
I 05.31/21:53:29 solver.py:146 ] => Train  Loss: 1.5443e-02

I 05.31/21:53:34 solver.py:205 ] 
=! Best NMSE: -1.4139e+01 (epoch=20)

I 05.31/21:53:38 solver.py:136 ] Epoch: [28/400][20/400] lr: 1.35e-04 | MSE loss: 1.5607e-02 | time: 0.197
I 05.31/21:53:41 solver.py:136 ] Epoch: [28/400][40/400] lr: 1.36e-04 | MSE loss: 1.5456e-02 | time: 0.186
I 05.31/21:53:45 solver.py:136 ] Epoch: [28/400][60/400] lr: 1.36e-04 | MSE loss: 1.5300e-02 | time: 0.182
I 05.31/21:53:49 solver.py:136 ] Epoch: [28/400][80/400] lr: 1.36e-04 | MSE loss: 1.5191e-02 | time: 0.183
I 05.31/21:53:53 solver.py:136 ] Epoch: [28/400][100/400] lr: 1.36e-04 | MSE loss: 1.5139e-02 | time: 0.188
I 05.31/21:53:57 solver.py:136 ] Epoch: [28/400][120/400] lr: 1.37e-04 | MSE loss: 1.5166e-02 | time: 0.187
I 05.31/21:54:01 solver.py:136 ] Epoch: [28/400][140/400] lr: 1.37e-04 | MSE loss: 1.5162e-02 | time: 0.190
I 05.31/21:54:07 solver.py:136 ] Epoch: [28/400][160/400] lr: 1.37e-04 | MSE loss: 1.5136e-02 | time: 0.205
I 05.31/21:54:11 solver.py:136 ] Epoch: [28/400][180/400] lr: 1.37e-04 | MSE loss: 1.5145e-02 | time: 0.204
I 05.31/21:54:15 solver.py:136 ] Epoch: [28/400][200/400] lr: 1.38e-04 | MSE loss: 1.5112e-02 | time: 0.202
I 05.31/21:54:18 solver.py:136 ] Epoch: [28/400][220/400] lr: 1.38e-04 | MSE loss: 1.5024e-02 | time: 0.202
I 05.31/21:54:22 solver.py:136 ] Epoch: [28/400][240/400] lr: 1.38e-04 | MSE loss: 1.4976e-02 | time: 0.201
I 05.31/21:54:26 solver.py:136 ] Epoch: [28/400][260/400] lr: 1.38e-04 | MSE loss: 1.4948e-02 | time: 0.200
I 05.31/21:54:30 solver.py:136 ] Epoch: [28/400][280/400] lr: 1.39e-04 | MSE loss: 1.4980e-02 | time: 0.199
I 05.31/21:54:33 solver.py:136 ] Epoch: [28/400][300/400] lr: 1.39e-04 | MSE loss: 1.5021e-02 | time: 0.197
I 05.31/21:54:36 solver.py:136 ] Epoch: [28/400][320/400] lr: 1.39e-04 | MSE loss: 1.5019e-02 | time: 0.194
I 05.31/21:54:40 solver.py:136 ] Epoch: [28/400][340/400] lr: 1.39e-04 | MSE loss: 1.5043e-02 | time: 0.194
I 05.31/21:54:44 solver.py:136 ] Epoch: [28/400][360/400] lr: 1.40e-04 | MSE loss: 1.5046e-02 | time: 0.195
I 05.31/21:54:49 solver.py:136 ] Epoch: [28/400][380/400] lr: 1.40e-04 | MSE loss: 1.5064e-02 | time: 0.197
I 05.31/21:54:53 solver.py:136 ] Epoch: [28/400][400/400] lr: 1.40e-04 | MSE loss: 1.5061e-02 | time: 0.197
I 05.31/21:54:53 solver.py:146 ] => Train  Loss: 1.5061e-02

I 05.31/21:54:59 solver.py:205 ] 
=! Best NMSE: -1.4139e+01 (epoch=20)

I 05.31/21:55:05 solver.py:136 ] Epoch: [29/400][20/400] lr: 1.40e-04 | MSE loss: 1.5058e-02 | time: 0.324
I 05.31/21:55:10 solver.py:136 ] Epoch: [29/400][40/400] lr: 1.41e-04 | MSE loss: 1.5078e-02 | time: 0.271
I 05.31/21:55:14 solver.py:136 ] Epoch: [29/400][60/400] lr: 1.41e-04 | MSE loss: 1.4851e-02 | time: 0.255
I 05.31/21:55:18 solver.py:136 ] Epoch: [29/400][80/400] lr: 1.41e-04 | MSE loss: 1.4767e-02 | time: 0.242
I 05.31/21:55:22 solver.py:136 ] Epoch: [29/400][100/400] lr: 1.41e-04 | MSE loss: 1.4776e-02 | time: 0.235
I 05.31/21:55:26 solver.py:136 ] Epoch: [29/400][120/400] lr: 1.42e-04 | MSE loss: 1.4761e-02 | time: 0.230
I 05.31/21:55:31 solver.py:136 ] Epoch: [29/400][140/400] lr: 1.42e-04 | MSE loss: 1.4788e-02 | time: 0.229
I 05.31/21:55:35 solver.py:136 ] Epoch: [29/400][160/400] lr: 1.42e-04 | MSE loss: 1.4748e-02 | time: 0.227
I 05.31/21:55:39 solver.py:136 ] Epoch: [29/400][180/400] lr: 1.42e-04 | MSE loss: 1.4685e-02 | time: 0.225
I 05.31/21:55:43 solver.py:136 ] Epoch: [29/400][200/400] lr: 1.43e-04 | MSE loss: 1.4772e-02 | time: 0.222
I 05.31/21:55:47 solver.py:136 ] Epoch: [29/400][220/400] lr: 1.43e-04 | MSE loss: 1.4766e-02 | time: 0.220
I 05.31/21:55:51 solver.py:136 ] Epoch: [29/400][240/400] lr: 1.43e-04 | MSE loss: 1.4726e-02 | time: 0.216
I 05.31/21:55:55 solver.py:136 ] Epoch: [29/400][260/400] lr: 1.43e-04 | MSE loss: 1.4716e-02 | time: 0.215
I 05.31/21:55:59 solver.py:136 ] Epoch: [29/400][280/400] lr: 1.44e-04 | MSE loss: 1.4680e-02 | time: 0.215
I 05.31/21:56:05 solver.py:136 ] Epoch: [29/400][300/400] lr: 1.44e-04 | MSE loss: 1.4661e-02 | time: 0.220
I 05.31/21:56:09 solver.py:136 ] Epoch: [29/400][320/400] lr: 1.44e-04 | MSE loss: 1.4647e-02 | time: 0.220
I 05.31/21:56:14 solver.py:136 ] Epoch: [29/400][340/400] lr: 1.44e-04 | MSE loss: 1.4637e-02 | time: 0.220
I 05.31/21:56:18 solver.py:136 ] Epoch: [29/400][360/400] lr: 1.45e-04 | MSE loss: 1.4636e-02 | time: 0.219
I 05.31/21:56:22 solver.py:136 ] Epoch: [29/400][380/400] lr: 1.45e-04 | MSE loss: 1.4631e-02 | time: 0.219
I 05.31/21:56:26 solver.py:136 ] Epoch: [29/400][400/400] lr: 1.45e-04 | MSE loss: 1.4630e-02 | time: 0.219
I 05.31/21:56:26 solver.py:146 ] => Train  Loss: 1.4630e-02

I 05.31/21:56:34 solver.py:205 ] 
=! Best NMSE: -1.4139e+01 (epoch=20)

I 05.31/21:56:38 solver.py:136 ] Epoch: [30/400][20/400] lr: 1.45e-04 | MSE loss: 1.4044e-02 | time: 0.226
I 05.31/21:56:43 solver.py:136 ] Epoch: [30/400][40/400] lr: 1.46e-04 | MSE loss: 1.4231e-02 | time: 0.220
I 05.31/21:56:47 solver.py:136 ] Epoch: [30/400][60/400] lr: 1.46e-04 | MSE loss: 1.4327e-02 | time: 0.216
I 05.31/21:56:51 solver.py:136 ] Epoch: [30/400][80/400] lr: 1.46e-04 | MSE loss: 1.4289e-02 | time: 0.211
I 05.31/21:56:55 solver.py:136 ] Epoch: [30/400][100/400] lr: 1.46e-04 | MSE loss: 1.4242e-02 | time: 0.209
I 05.31/21:56:59 solver.py:136 ] Epoch: [30/400][120/400] lr: 1.47e-04 | MSE loss: 1.4213e-02 | time: 0.208
I 05.31/21:57:05 solver.py:136 ] Epoch: [30/400][140/400] lr: 1.47e-04 | MSE loss: 1.4188e-02 | time: 0.226
I 05.31/21:57:09 solver.py:136 ] Epoch: [30/400][160/400] lr: 1.47e-04 | MSE loss: 1.4167e-02 | time: 0.223
I 05.31/21:57:14 solver.py:136 ] Epoch: [30/400][180/400] lr: 1.47e-04 | MSE loss: 1.4187e-02 | time: 0.222
I 05.31/21:57:18 solver.py:136 ] Epoch: [30/400][200/400] lr: 1.48e-04 | MSE loss: 1.4212e-02 | time: 0.220
I 05.31/21:57:22 solver.py:136 ] Epoch: [30/400][220/400] lr: 1.48e-04 | MSE loss: 1.4240e-02 | time: 0.218
I 05.31/21:57:26 solver.py:136 ] Epoch: [30/400][240/400] lr: 1.48e-04 | MSE loss: 1.4278e-02 | time: 0.217
I 05.31/21:57:30 solver.py:136 ] Epoch: [30/400][260/400] lr: 1.48e-04 | MSE loss: 1.4271e-02 | time: 0.217
I 05.31/21:57:34 solver.py:136 ] Epoch: [30/400][280/400] lr: 1.49e-04 | MSE loss: 1.4249e-02 | time: 0.215
I 05.31/21:57:37 solver.py:136 ] Epoch: [30/400][300/400] lr: 1.49e-04 | MSE loss: 1.4234e-02 | time: 0.212
I 05.31/21:57:41 solver.py:136 ] Epoch: [30/400][320/400] lr: 1.49e-04 | MSE loss: 1.4195e-02 | time: 0.210
I 05.31/21:57:45 solver.py:136 ] Epoch: [30/400][340/400] lr: 1.49e-04 | MSE loss: 1.4182e-02 | time: 0.211
I 05.31/21:57:50 solver.py:136 ] Epoch: [30/400][360/400] lr: 1.50e-04 | MSE loss: 1.4171e-02 | time: 0.211
I 05.31/21:57:54 solver.py:136 ] Epoch: [30/400][380/400] lr: 1.50e-04 | MSE loss: 1.4173e-02 | time: 0.211
I 05.31/21:57:58 solver.py:136 ] Epoch: [30/400][400/400] lr: 1.50e-04 | MSE loss: 1.4147e-02 | time: 0.211
I 05.31/21:57:58 solver.py:146 ] => Train  Loss: 1.4147e-02

I 05.31/21:58:05 solver.py:136 ] Epoch: [30/400][20/50] lr: 1.50e-04 | MSE loss: 1.4507e-02 | time: 0.331
I 05.31/21:58:09 solver.py:136 ] Epoch: [30/400][40/50] lr: 1.50e-04 | MSE loss: 1.4228e-02 | time: 0.273
I 05.31/21:58:11 solver.py:146 ] => Val  Loss: 1.4258e-02

I 05.31/21:58:16 solver.py:287 ] [20/50] loss: 1.4150e-02 | NMSE: -1.5510e+01 | time: 0.213
I 05.31/21:58:20 solver.py:287 ] [40/50] loss: 1.4409e-02 | NMSE: -1.5430e+01 | time: 0.220
I 05.31/21:58:22 solver.py:291 ] => Test NMSE: -1.5445e+01

I 05.31/21:58:31 solver.py:205 ] 
=! Best NMSE: -1.5445e+01 (epoch=30)

I 05.31/21:58:36 solver.py:136 ] Epoch: [31/400][20/400] lr: 1.50e-04 | MSE loss: 1.3654e-02 | time: 0.240
I 05.31/21:58:40 solver.py:136 ] Epoch: [31/400][40/400] lr: 1.50e-04 | MSE loss: 1.3887e-02 | time: 0.222
I 05.31/21:58:44 solver.py:136 ] Epoch: [31/400][60/400] lr: 1.51e-04 | MSE loss: 1.3842e-02 | time: 0.213
I 05.31/21:58:48 solver.py:136 ] Epoch: [31/400][80/400] lr: 1.51e-04 | MSE loss: 1.3756e-02 | time: 0.210
I 05.31/21:58:51 solver.py:136 ] Epoch: [31/400][100/400] lr: 1.51e-04 | MSE loss: 1.3815e-02 | time: 0.207
I 05.31/21:58:55 solver.py:136 ] Epoch: [31/400][120/400] lr: 1.51e-04 | MSE loss: 1.3801e-02 | time: 0.206
I 05.31/21:58:59 solver.py:136 ] Epoch: [31/400][140/400] lr: 1.52e-04 | MSE loss: 1.3817e-02 | time: 0.205
I 05.31/21:59:06 solver.py:136 ] Epoch: [31/400][160/400] lr: 1.52e-04 | MSE loss: 1.3800e-02 | time: 0.219
I 05.31/21:59:10 solver.py:136 ] Epoch: [31/400][180/400] lr: 1.52e-04 | MSE loss: 1.3767e-02 | time: 0.218
I 05.31/21:59:14 solver.py:136 ] Epoch: [31/400][200/400] lr: 1.52e-04 | MSE loss: 1.3736e-02 | time: 0.215
I 05.31/21:59:18 solver.py:136 ] Epoch: [31/400][220/400] lr: 1.53e-04 | MSE loss: 1.3704e-02 | time: 0.214
I 05.31/21:59:22 solver.py:136 ] Epoch: [31/400][240/400] lr: 1.53e-04 | MSE loss: 1.3690e-02 | time: 0.215
I 05.31/21:59:27 solver.py:136 ] Epoch: [31/400][260/400] lr: 1.53e-04 | MSE loss: 1.3693e-02 | time: 0.215
I 05.31/21:59:30 solver.py:136 ] Epoch: [31/400][280/400] lr: 1.53e-04 | MSE loss: 1.3661e-02 | time: 0.213
I 05.31/21:59:35 solver.py:136 ] Epoch: [31/400][300/400] lr: 1.54e-04 | MSE loss: 1.3664e-02 | time: 0.215
I 05.31/21:59:39 solver.py:136 ] Epoch: [31/400][320/400] lr: 1.54e-04 | MSE loss: 1.3643e-02 | time: 0.214
I 05.31/21:59:44 solver.py:136 ] Epoch: [31/400][340/400] lr: 1.54e-04 | MSE loss: 1.3595e-02 | time: 0.215
I 05.31/21:59:48 solver.py:136 ] Epoch: [31/400][360/400] lr: 1.54e-04 | MSE loss: 1.3574e-02 | time: 0.215
I 05.31/21:59:52 solver.py:136 ] Epoch: [31/400][380/400] lr: 1.55e-04 | MSE loss: 1.3573e-02 | time: 0.215
I 05.31/21:59:57 solver.py:136 ] Epoch: [31/400][400/400] lr: 1.55e-04 | MSE loss: 1.3572e-02 | time: 0.215
I 05.31/21:59:57 solver.py:146 ] => Train  Loss: 1.3572e-02

I 05.31/22:00:04 solver.py:205 ] 
=! Best NMSE: -1.5445e+01 (epoch=30)

I 05.31/22:00:09 solver.py:136 ] Epoch: [32/400][20/400] lr: 1.55e-04 | MSE loss: 1.2933e-02 | time: 0.225
I 05.31/22:00:13 solver.py:136 ] Epoch: [32/400][40/400] lr: 1.56e-04 | MSE loss: 1.2914e-02 | time: 0.219
I 05.31/22:00:17 solver.py:136 ] Epoch: [32/400][60/400] lr: 1.56e-04 | MSE loss: 1.2923e-02 | time: 0.222
I 05.31/22:00:22 solver.py:136 ] Epoch: [32/400][80/400] lr: 1.56e-04 | MSE loss: 1.2988e-02 | time: 0.222
I 05.31/22:00:26 solver.py:136 ] Epoch: [32/400][100/400] lr: 1.56e-04 | MSE loss: 1.3022e-02 | time: 0.217
I 05.31/22:00:29 solver.py:136 ] Epoch: [32/400][120/400] lr: 1.57e-04 | MSE loss: 1.2965e-02 | time: 0.212
I 05.31/22:00:34 solver.py:136 ] Epoch: [32/400][140/400] lr: 1.57e-04 | MSE loss: 1.2955e-02 | time: 0.215
I 05.31/22:00:38 solver.py:136 ] Epoch: [32/400][160/400] lr: 1.57e-04 | MSE loss: 1.2934e-02 | time: 0.213
I 05.31/22:00:42 solver.py:136 ] Epoch: [32/400][180/400] lr: 1.57e-04 | MSE loss: 1.2954e-02 | time: 0.210
I 05.31/22:00:46 solver.py:136 ] Epoch: [32/400][200/400] lr: 1.58e-04 | MSE loss: 1.2965e-02 | time: 0.209
I 05.31/22:00:50 solver.py:136 ] Epoch: [32/400][220/400] lr: 1.58e-04 | MSE loss: 1.3007e-02 | time: 0.207
I 05.31/22:00:54 solver.py:136 ] Epoch: [32/400][240/400] lr: 1.58e-04 | MSE loss: 1.3012e-02 | time: 0.207
I 05.31/22:00:58 solver.py:136 ] Epoch: [32/400][260/400] lr: 1.58e-04 | MSE loss: 1.3009e-02 | time: 0.208
I 05.31/22:01:04 solver.py:136 ] Epoch: [32/400][280/400] lr: 1.59e-04 | MSE loss: 1.2997e-02 | time: 0.216
I 05.31/22:01:09 solver.py:136 ] Epoch: [32/400][300/400] lr: 1.59e-04 | MSE loss: 1.2999e-02 | time: 0.215
I 05.31/22:01:13 solver.py:136 ] Epoch: [32/400][320/400] lr: 1.59e-04 | MSE loss: 1.2998e-02 | time: 0.215
I 05.31/22:01:17 solver.py:136 ] Epoch: [32/400][340/400] lr: 1.59e-04 | MSE loss: 1.2999e-02 | time: 0.216
I 05.31/22:01:22 solver.py:136 ] Epoch: [32/400][360/400] lr: 1.60e-04 | MSE loss: 1.2989e-02 | time: 0.216
I 05.31/22:01:26 solver.py:136 ] Epoch: [32/400][380/400] lr: 1.60e-04 | MSE loss: 1.2972e-02 | time: 0.217
I 05.31/22:01:30 solver.py:136 ] Epoch: [32/400][400/400] lr: 1.60e-04 | MSE loss: 1.2977e-02 | time: 0.216
I 05.31/22:01:30 solver.py:146 ] => Train  Loss: 1.2977e-02

I 05.31/22:01:36 solver.py:205 ] 
=! Best NMSE: -1.5445e+01 (epoch=30)

I 05.31/22:01:40 solver.py:136 ] Epoch: [33/400][20/400] lr: 1.60e-04 | MSE loss: 1.2966e-02 | time: 0.212
I 05.31/22:01:44 solver.py:136 ] Epoch: [33/400][40/400] lr: 1.60e-04 | MSE loss: 1.2783e-02 | time: 0.203
I 05.31/22:01:49 solver.py:136 ] Epoch: [33/400][60/400] lr: 1.61e-04 | MSE loss: 1.2658e-02 | time: 0.211
I 05.31/22:01:53 solver.py:136 ] Epoch: [33/400][80/400] lr: 1.61e-04 | MSE loss: 1.2679e-02 | time: 0.214
I 05.31/22:01:58 solver.py:136 ] Epoch: [33/400][100/400] lr: 1.61e-04 | MSE loss: 1.2762e-02 | time: 0.215
I 05.31/22:02:03 solver.py:136 ] Epoch: [33/400][120/400] lr: 1.61e-04 | MSE loss: 1.2665e-02 | time: 0.225
I 05.31/22:02:08 solver.py:136 ] Epoch: [33/400][140/400] lr: 1.62e-04 | MSE loss: 1.2617e-02 | time: 0.226
I 05.31/22:02:12 solver.py:136 ] Epoch: [33/400][160/400] lr: 1.62e-04 | MSE loss: 1.2567e-02 | time: 0.223
I 05.31/22:02:16 solver.py:136 ] Epoch: [33/400][180/400] lr: 1.62e-04 | MSE loss: 1.2532e-02 | time: 0.219
I 05.31/22:02:20 solver.py:136 ] Epoch: [33/400][200/400] lr: 1.62e-04 | MSE loss: 1.2516e-02 | time: 0.217
I 05.31/22:02:24 solver.py:136 ] Epoch: [33/400][220/400] lr: 1.63e-04 | MSE loss: 1.2522e-02 | time: 0.217
I 05.31/22:02:28 solver.py:136 ] Epoch: [33/400][240/400] lr: 1.63e-04 | MSE loss: 1.2468e-02 | time: 0.217
I 05.31/22:02:32 solver.py:136 ] Epoch: [33/400][260/400] lr: 1.63e-04 | MSE loss: 1.2449e-02 | time: 0.217
I 05.31/22:02:37 solver.py:136 ] Epoch: [33/400][280/400] lr: 1.64e-04 | MSE loss: 1.2480e-02 | time: 0.217
I 05.31/22:02:41 solver.py:136 ] Epoch: [33/400][300/400] lr: 1.64e-04 | MSE loss: 1.2472e-02 | time: 0.217
I 05.31/22:02:46 solver.py:136 ] Epoch: [33/400][320/400] lr: 1.64e-04 | MSE loss: 1.2486e-02 | time: 0.217
I 05.31/22:02:50 solver.py:136 ] Epoch: [33/400][340/400] lr: 1.64e-04 | MSE loss: 1.2483e-02 | time: 0.217
I 05.31/22:02:54 solver.py:136 ] Epoch: [33/400][360/400] lr: 1.65e-04 | MSE loss: 1.2483e-02 | time: 0.217
I 05.31/22:02:58 solver.py:136 ] Epoch: [33/400][380/400] lr: 1.65e-04 | MSE loss: 1.2478e-02 | time: 0.216
I 05.31/22:03:05 solver.py:136 ] Epoch: [33/400][400/400] lr: 1.65e-04 | MSE loss: 1.2462e-02 | time: 0.221
I 05.31/22:03:05 solver.py:146 ] => Train  Loss: 1.2462e-02

I 05.31/22:03:09 solver.py:205 ] 
=! Best NMSE: -1.5445e+01 (epoch=30)

I 05.31/22:03:13 solver.py:136 ] Epoch: [34/400][20/400] lr: 1.65e-04 | MSE loss: 1.2072e-02 | time: 0.212
I 05.31/22:03:17 solver.py:136 ] Epoch: [34/400][40/400] lr: 1.66e-04 | MSE loss: 1.2348e-02 | time: 0.206
I 05.31/22:03:21 solver.py:136 ] Epoch: [34/400][60/400] lr: 1.66e-04 | MSE loss: 1.2287e-02 | time: 0.207
I 05.31/22:03:25 solver.py:136 ] Epoch: [34/400][80/400] lr: 1.66e-04 | MSE loss: 1.2311e-02 | time: 0.208
I 05.31/22:03:30 solver.py:136 ] Epoch: [34/400][100/400] lr: 1.66e-04 | MSE loss: 1.2232e-02 | time: 0.211
I 05.31/22:03:34 solver.py:136 ] Epoch: [34/400][120/400] lr: 1.67e-04 | MSE loss: 1.2154e-02 | time: 0.208
I 05.31/22:03:38 solver.py:136 ] Epoch: [34/400][140/400] lr: 1.67e-04 | MSE loss: 1.2233e-02 | time: 0.206
I 05.31/22:03:42 solver.py:136 ] Epoch: [34/400][160/400] lr: 1.67e-04 | MSE loss: 1.2254e-02 | time: 0.207
I 05.31/22:03:47 solver.py:136 ] Epoch: [34/400][180/400] lr: 1.67e-04 | MSE loss: 1.2217e-02 | time: 0.212
I 05.31/22:03:51 solver.py:136 ] Epoch: [34/400][200/400] lr: 1.68e-04 | MSE loss: 1.2172e-02 | time: 0.212
I 05.31/22:03:55 solver.py:136 ] Epoch: [34/400][220/400] lr: 1.68e-04 | MSE loss: 1.2151e-02 | time: 0.209
I 05.31/22:03:59 solver.py:136 ] Epoch: [34/400][240/400] lr: 1.68e-04 | MSE loss: 1.2168e-02 | time: 0.209
I 05.31/22:04:05 solver.py:136 ] Epoch: [34/400][260/400] lr: 1.68e-04 | MSE loss: 1.2160e-02 | time: 0.216
I 05.31/22:04:09 solver.py:136 ] Epoch: [34/400][280/400] lr: 1.69e-04 | MSE loss: 1.2116e-02 | time: 0.214
I 05.31/22:04:13 solver.py:136 ] Epoch: [34/400][300/400] lr: 1.69e-04 | MSE loss: 1.2123e-02 | time: 0.212
I 05.31/22:04:17 solver.py:136 ] Epoch: [34/400][320/400] lr: 1.69e-04 | MSE loss: 1.2111e-02 | time: 0.212
I 05.31/22:04:20 solver.py:136 ] Epoch: [34/400][340/400] lr: 1.69e-04 | MSE loss: 1.2101e-02 | time: 0.210
I 05.31/22:04:24 solver.py:136 ] Epoch: [34/400][360/400] lr: 1.70e-04 | MSE loss: 1.2125e-02 | time: 0.209
I 05.31/22:04:29 solver.py:136 ] Epoch: [34/400][380/400] lr: 1.70e-04 | MSE loss: 1.2110e-02 | time: 0.210
I 05.31/22:04:33 solver.py:136 ] Epoch: [34/400][400/400] lr: 1.70e-04 | MSE loss: 1.2100e-02 | time: 0.210
I 05.31/22:04:33 solver.py:146 ] => Train  Loss: 1.2100e-02

I 05.31/22:04:39 solver.py:205 ] 
=! Best NMSE: -1.5445e+01 (epoch=30)

I 05.31/22:04:43 solver.py:136 ] Epoch: [35/400][20/400] lr: 1.70e-04 | MSE loss: 1.1742e-02 | time: 0.205
I 05.31/22:04:47 solver.py:136 ] Epoch: [35/400][40/400] lr: 1.71e-04 | MSE loss: 1.1593e-02 | time: 0.201
I 05.31/22:04:51 solver.py:136 ] Epoch: [35/400][60/400] lr: 1.71e-04 | MSE loss: 1.1637e-02 | time: 0.196
I 05.31/22:04:54 solver.py:136 ] Epoch: [35/400][80/400] lr: 1.71e-04 | MSE loss: 1.1678e-02 | time: 0.195
I 05.31/22:04:58 solver.py:136 ] Epoch: [35/400][100/400] lr: 1.71e-04 | MSE loss: 1.1690e-02 | time: 0.196
I 05.31/22:05:05 solver.py:136 ] Epoch: [35/400][120/400] lr: 1.72e-04 | MSE loss: 1.1678e-02 | time: 0.213
I 05.31/22:05:09 solver.py:136 ] Epoch: [35/400][140/400] lr: 1.72e-04 | MSE loss: 1.1680e-02 | time: 0.214
I 05.31/22:05:13 solver.py:136 ] Epoch: [35/400][160/400] lr: 1.72e-04 | MSE loss: 1.1678e-02 | time: 0.213
I 05.31/22:05:17 solver.py:136 ] Epoch: [35/400][180/400] lr: 1.72e-04 | MSE loss: 1.1674e-02 | time: 0.212
I 05.31/22:05:21 solver.py:136 ] Epoch: [35/400][200/400] lr: 1.73e-04 | MSE loss: 1.1699e-02 | time: 0.210
I 05.31/22:05:25 solver.py:136 ] Epoch: [35/400][220/400] lr: 1.73e-04 | MSE loss: 1.1708e-02 | time: 0.208
I 05.31/22:05:29 solver.py:136 ] Epoch: [35/400][240/400] lr: 1.73e-04 | MSE loss: 1.1732e-02 | time: 0.209
I 05.31/22:05:33 solver.py:136 ] Epoch: [35/400][260/400] lr: 1.73e-04 | MSE loss: 1.1749e-02 | time: 0.209
I 05.31/22:05:37 solver.py:136 ] Epoch: [35/400][280/400] lr: 1.74e-04 | MSE loss: 1.1758e-02 | time: 0.208
I 05.31/22:05:41 solver.py:136 ] Epoch: [35/400][300/400] lr: 1.74e-04 | MSE loss: 1.1758e-02 | time: 0.208
I 05.31/22:05:45 solver.py:136 ] Epoch: [35/400][320/400] lr: 1.74e-04 | MSE loss: 1.1763e-02 | time: 0.207
I 05.31/22:05:50 solver.py:136 ] Epoch: [35/400][340/400] lr: 1.74e-04 | MSE loss: 1.1751e-02 | time: 0.208
I 05.31/22:05:54 solver.py:136 ] Epoch: [35/400][360/400] lr: 1.75e-04 | MSE loss: 1.1733e-02 | time: 0.207
I 05.31/22:05:58 solver.py:136 ] Epoch: [35/400][380/400] lr: 1.75e-04 | MSE loss: 1.1761e-02 | time: 0.208
I 05.31/22:06:03 solver.py:136 ] Epoch: [35/400][400/400] lr: 1.75e-04 | MSE loss: 1.1747e-02 | time: 0.211
I 05.31/22:06:03 solver.py:146 ] => Train  Loss: 1.1747e-02

I 05.31/22:06:08 solver.py:205 ] 
=! Best NMSE: -1.5445e+01 (epoch=30)

I 05.31/22:06:12 solver.py:136 ] Epoch: [36/400][20/400] lr: 1.75e-04 | MSE loss: 1.1472e-02 | time: 0.220
I 05.31/22:06:16 solver.py:136 ] Epoch: [36/400][40/400] lr: 1.76e-04 | MSE loss: 1.1640e-02 | time: 0.202
I 05.31/22:06:20 solver.py:136 ] Epoch: [36/400][60/400] lr: 1.76e-04 | MSE loss: 1.1588e-02 | time: 0.205
I 05.31/22:06:24 solver.py:136 ] Epoch: [36/400][80/400] lr: 1.76e-04 | MSE loss: 1.1577e-02 | time: 0.205
I 05.31/22:06:29 solver.py:136 ] Epoch: [36/400][100/400] lr: 1.76e-04 | MSE loss: 1.1519e-02 | time: 0.209
I 05.31/22:06:33 solver.py:136 ] Epoch: [36/400][120/400] lr: 1.77e-04 | MSE loss: 1.1490e-02 | time: 0.208
I 05.31/22:06:37 solver.py:136 ] Epoch: [36/400][140/400] lr: 1.77e-04 | MSE loss: 1.1472e-02 | time: 0.207
I 05.31/22:06:41 solver.py:136 ] Epoch: [36/400][160/400] lr: 1.77e-04 | MSE loss: 1.1416e-02 | time: 0.210
I 05.31/22:06:46 solver.py:136 ] Epoch: [36/400][180/400] lr: 1.77e-04 | MSE loss: 1.1402e-02 | time: 0.210
I 05.31/22:06:49 solver.py:136 ] Epoch: [36/400][200/400] lr: 1.78e-04 | MSE loss: 1.1380e-02 | time: 0.208
I 05.31/22:06:53 solver.py:136 ] Epoch: [36/400][220/400] lr: 1.78e-04 | MSE loss: 1.1391e-02 | time: 0.207
I 05.31/22:06:57 solver.py:136 ] Epoch: [36/400][240/400] lr: 1.78e-04 | MSE loss: 1.1417e-02 | time: 0.207
I 05.31/22:07:03 solver.py:136 ] Epoch: [36/400][260/400] lr: 1.78e-04 | MSE loss: 1.1445e-02 | time: 0.213
I 05.31/22:07:08 solver.py:136 ] Epoch: [36/400][280/400] lr: 1.79e-04 | MSE loss: 1.1455e-02 | time: 0.216
I 05.31/22:07:12 solver.py:136 ] Epoch: [36/400][300/400] lr: 1.79e-04 | MSE loss: 1.1442e-02 | time: 0.215
I 05.31/22:07:17 solver.py:136 ] Epoch: [36/400][320/400] lr: 1.79e-04 | MSE loss: 1.1449e-02 | time: 0.216
I 05.31/22:07:21 solver.py:136 ] Epoch: [36/400][340/400] lr: 1.79e-04 | MSE loss: 1.1433e-02 | time: 0.215
I 05.31/22:07:25 solver.py:136 ] Epoch: [36/400][360/400] lr: 1.80e-04 | MSE loss: 1.1418e-02 | time: 0.214
I 05.31/22:07:29 solver.py:136 ] Epoch: [36/400][380/400] lr: 1.80e-04 | MSE loss: 1.1435e-02 | time: 0.214
I 05.31/22:07:33 solver.py:136 ] Epoch: [36/400][400/400] lr: 1.80e-04 | MSE loss: 1.1417e-02 | time: 0.213
I 05.31/22:07:33 solver.py:146 ] => Train  Loss: 1.1417e-02

I 05.31/22:07:40 solver.py:205 ] 
=! Best NMSE: -1.5445e+01 (epoch=30)

I 05.31/22:07:44 solver.py:136 ] Epoch: [37/400][20/400] lr: 1.80e-04 | MSE loss: 1.0921e-02 | time: 0.212
I 05.31/22:07:48 solver.py:136 ] Epoch: [37/400][40/400] lr: 1.81e-04 | MSE loss: 1.0969e-02 | time: 0.205
I 05.31/22:07:52 solver.py:136 ] Epoch: [37/400][60/400] lr: 1.81e-04 | MSE loss: 1.1001e-02 | time: 0.205
I 05.31/22:07:56 solver.py:136 ] Epoch: [37/400][80/400] lr: 1.81e-04 | MSE loss: 1.1146e-02 | time: 0.208
I 05.31/22:08:01 solver.py:136 ] Epoch: [37/400][100/400] lr: 1.81e-04 | MSE loss: 1.1156e-02 | time: 0.215
I 05.31/22:08:07 solver.py:136 ] Epoch: [37/400][120/400] lr: 1.82e-04 | MSE loss: 1.1155e-02 | time: 0.224
I 05.31/22:08:10 solver.py:136 ] Epoch: [37/400][140/400] lr: 1.82e-04 | MSE loss: 1.1149e-02 | time: 0.220
I 05.31/22:08:15 solver.py:136 ] Epoch: [37/400][160/400] lr: 1.82e-04 | MSE loss: 1.1116e-02 | time: 0.219
I 05.31/22:08:18 solver.py:136 ] Epoch: [37/400][180/400] lr: 1.82e-04 | MSE loss: 1.1080e-02 | time: 0.215
I 05.31/22:08:23 solver.py:136 ] Epoch: [37/400][200/400] lr: 1.82e-04 | MSE loss: 1.1076e-02 | time: 0.214
I 05.31/22:08:27 solver.py:136 ] Epoch: [37/400][220/400] lr: 1.83e-04 | MSE loss: 1.1092e-02 | time: 0.215
I 05.31/22:08:31 solver.py:136 ] Epoch: [37/400][240/400] lr: 1.83e-04 | MSE loss: 1.1105e-02 | time: 0.215
I 05.31/22:08:35 solver.py:136 ] Epoch: [37/400][260/400] lr: 1.83e-04 | MSE loss: 1.1107e-02 | time: 0.215
I 05.31/22:08:39 solver.py:136 ] Epoch: [37/400][280/400] lr: 1.83e-04 | MSE loss: 1.1113e-02 | time: 0.213
I 05.31/22:08:43 solver.py:136 ] Epoch: [37/400][300/400] lr: 1.84e-04 | MSE loss: 1.1114e-02 | time: 0.212
I 05.31/22:08:48 solver.py:136 ] Epoch: [37/400][320/400] lr: 1.84e-04 | MSE loss: 1.1122e-02 | time: 0.213
I 05.31/22:08:52 solver.py:136 ] Epoch: [37/400][340/400] lr: 1.84e-04 | MSE loss: 1.1143e-02 | time: 0.212
I 05.31/22:08:55 solver.py:136 ] Epoch: [37/400][360/400] lr: 1.84e-04 | MSE loss: 1.1142e-02 | time: 0.210
I 05.31/22:09:00 solver.py:136 ] Epoch: [37/400][380/400] lr: 1.85e-04 | MSE loss: 1.1134e-02 | time: 0.210
I 05.31/22:09:06 solver.py:136 ] Epoch: [37/400][400/400] lr: 1.85e-04 | MSE loss: 1.1127e-02 | time: 0.216
I 05.31/22:09:06 solver.py:146 ] => Train  Loss: 1.1127e-02

I 05.31/22:09:13 solver.py:205 ] 
=! Best NMSE: -1.5445e+01 (epoch=30)

I 05.31/22:09:17 solver.py:136 ] Epoch: [38/400][20/400] lr: 1.85e-04 | MSE loss: 1.1037e-02 | time: 0.213
I 05.31/22:09:21 solver.py:136 ] Epoch: [38/400][40/400] lr: 1.86e-04 | MSE loss: 1.0885e-02 | time: 0.204
I 05.31/22:09:25 solver.py:136 ] Epoch: [38/400][60/400] lr: 1.86e-04 | MSE loss: 1.0882e-02 | time: 0.205
I 05.31/22:09:29 solver.py:136 ] Epoch: [38/400][80/400] lr: 1.86e-04 | MSE loss: 1.0829e-02 | time: 0.209
I 05.31/22:09:34 solver.py:136 ] Epoch: [38/400][100/400] lr: 1.86e-04 | MSE loss: 1.0842e-02 | time: 0.210
I 05.31/22:09:38 solver.py:136 ] Epoch: [38/400][120/400] lr: 1.87e-04 | MSE loss: 1.0884e-02 | time: 0.210
I 05.31/22:09:42 solver.py:136 ] Epoch: [38/400][140/400] lr: 1.87e-04 | MSE loss: 1.0835e-02 | time: 0.210
I 05.31/22:09:46 solver.py:136 ] Epoch: [38/400][160/400] lr: 1.87e-04 | MSE loss: 1.0860e-02 | time: 0.210
I 05.31/22:09:50 solver.py:136 ] Epoch: [38/400][180/400] lr: 1.87e-04 | MSE loss: 1.0908e-02 | time: 0.209
I 05.31/22:09:54 solver.py:136 ] Epoch: [38/400][200/400] lr: 1.88e-04 | MSE loss: 1.0886e-02 | time: 0.207
I 05.31/22:09:59 solver.py:136 ] Epoch: [38/400][220/400] lr: 1.88e-04 | MSE loss: 1.0873e-02 | time: 0.209
I 05.31/22:10:05 solver.py:136 ] Epoch: [38/400][240/400] lr: 1.88e-04 | MSE loss: 1.0891e-02 | time: 0.219
I 05.31/22:10:10 solver.py:136 ] Epoch: [38/400][260/400] lr: 1.88e-04 | MSE loss: 1.0860e-02 | time: 0.221
I 05.31/22:10:14 solver.py:136 ] Epoch: [38/400][280/400] lr: 1.89e-04 | MSE loss: 1.0827e-02 | time: 0.220
I 05.31/22:10:18 solver.py:136 ] Epoch: [38/400][300/400] lr: 1.89e-04 | MSE loss: 1.0835e-02 | time: 0.219
I 05.31/22:10:23 solver.py:136 ] Epoch: [38/400][320/400] lr: 1.89e-04 | MSE loss: 1.0842e-02 | time: 0.219
I 05.31/22:10:27 solver.py:136 ] Epoch: [38/400][340/400] lr: 1.89e-04 | MSE loss: 1.0868e-02 | time: 0.218
I 05.31/22:10:30 solver.py:136 ] Epoch: [38/400][360/400] lr: 1.89e-04 | MSE loss: 1.0876e-02 | time: 0.215
I 05.31/22:10:33 solver.py:136 ] Epoch: [38/400][380/400] lr: 1.90e-04 | MSE loss: 1.0853e-02 | time: 0.213
I 05.31/22:10:38 solver.py:136 ] Epoch: [38/400][400/400] lr: 1.90e-04 | MSE loss: 1.0871e-02 | time: 0.213
I 05.31/22:10:38 solver.py:146 ] => Train  Loss: 1.0871e-02

I 05.31/22:10:45 solver.py:205 ] 
=! Best NMSE: -1.5445e+01 (epoch=30)

I 05.31/22:10:49 solver.py:136 ] Epoch: [39/400][20/400] lr: 1.90e-04 | MSE loss: 1.0540e-02 | time: 0.216
I 05.31/22:10:53 solver.py:136 ] Epoch: [39/400][40/400] lr: 1.90e-04 | MSE loss: 1.0884e-02 | time: 0.202
I 05.31/22:10:57 solver.py:136 ] Epoch: [39/400][60/400] lr: 1.91e-04 | MSE loss: 1.0844e-02 | time: 0.200
I 05.31/22:11:01 solver.py:136 ] Epoch: [39/400][80/400] lr: 1.91e-04 | MSE loss: 1.0667e-02 | time: 0.209
I 05.31/22:11:07 solver.py:136 ] Epoch: [39/400][100/400] lr: 1.91e-04 | MSE loss: 1.0649e-02 | time: 0.222
I 05.31/22:11:11 solver.py:136 ] Epoch: [39/400][120/400] lr: 1.91e-04 | MSE loss: 1.0626e-02 | time: 0.223
I 05.31/22:11:15 solver.py:136 ] Epoch: [39/400][140/400] lr: 1.92e-04 | MSE loss: 1.0586e-02 | time: 0.220
I 05.31/22:11:20 solver.py:136 ] Epoch: [39/400][160/400] lr: 1.92e-04 | MSE loss: 1.0576e-02 | time: 0.221
I 05.31/22:11:24 solver.py:136 ] Epoch: [39/400][180/400] lr: 1.92e-04 | MSE loss: 1.0599e-02 | time: 0.219
I 05.31/22:11:28 solver.py:136 ] Epoch: [39/400][200/400] lr: 1.93e-04 | MSE loss: 1.0585e-02 | time: 0.218
I 05.31/22:11:32 solver.py:136 ] Epoch: [39/400][220/400] lr: 1.93e-04 | MSE loss: 1.0606e-02 | time: 0.217
I 05.31/22:11:36 solver.py:136 ] Epoch: [39/400][240/400] lr: 1.93e-04 | MSE loss: 1.0595e-02 | time: 0.216
I 05.31/22:11:40 solver.py:136 ] Epoch: [39/400][260/400] lr: 1.93e-04 | MSE loss: 1.0598e-02 | time: 0.214
I 05.31/22:11:44 solver.py:136 ] Epoch: [39/400][280/400] lr: 1.94e-04 | MSE loss: 1.0596e-02 | time: 0.212
I 05.31/22:11:48 solver.py:136 ] Epoch: [39/400][300/400] lr: 1.94e-04 | MSE loss: 1.0606e-02 | time: 0.211
I 05.31/22:11:52 solver.py:136 ] Epoch: [39/400][320/400] lr: 1.94e-04 | MSE loss: 1.0638e-02 | time: 0.210
I 05.31/22:11:56 solver.py:136 ] Epoch: [39/400][340/400] lr: 1.94e-04 | MSE loss: 1.0638e-02 | time: 0.211
I 05.31/22:12:01 solver.py:136 ] Epoch: [39/400][360/400] lr: 1.95e-04 | MSE loss: 1.0658e-02 | time: 0.211
I 05.31/22:12:06 solver.py:136 ] Epoch: [39/400][380/400] lr: 1.95e-04 | MSE loss: 1.0640e-02 | time: 0.215
I 05.31/22:12:10 solver.py:136 ] Epoch: [39/400][400/400] lr: 1.95e-04 | MSE loss: 1.0651e-02 | time: 0.214
I 05.31/22:12:10 solver.py:146 ] => Train  Loss: 1.0651e-02

I 05.31/22:12:18 solver.py:205 ] 
=! Best NMSE: -1.5445e+01 (epoch=30)

I 05.31/22:12:22 solver.py:136 ] Epoch: [40/400][20/400] lr: 1.95e-04 | MSE loss: 1.0355e-02 | time: 0.199
I 05.31/22:12:26 solver.py:136 ] Epoch: [40/400][40/400] lr: 1.96e-04 | MSE loss: 1.0494e-02 | time: 0.197
I 05.31/22:12:29 solver.py:136 ] Epoch: [40/400][60/400] lr: 1.96e-04 | MSE loss: 1.0426e-02 | time: 0.197
I 05.31/22:12:34 solver.py:136 ] Epoch: [40/400][80/400] lr: 1.96e-04 | MSE loss: 1.0529e-02 | time: 0.199
I 05.31/22:12:37 solver.py:136 ] Epoch: [40/400][100/400] lr: 1.96e-04 | MSE loss: 1.0503e-02 | time: 0.198
I 05.31/22:12:41 solver.py:136 ] Epoch: [40/400][120/400] lr: 1.97e-04 | MSE loss: 1.0453e-02 | time: 0.197
I 05.31/22:12:45 solver.py:136 ] Epoch: [40/400][140/400] lr: 1.97e-04 | MSE loss: 1.0464e-02 | time: 0.197
I 05.31/22:12:50 solver.py:136 ] Epoch: [40/400][160/400] lr: 1.97e-04 | MSE loss: 1.0462e-02 | time: 0.199
I 05.31/22:12:54 solver.py:136 ] Epoch: [40/400][180/400] lr: 1.97e-04 | MSE loss: 1.0468e-02 | time: 0.200
I 05.31/22:12:58 solver.py:136 ] Epoch: [40/400][200/400] lr: 1.98e-04 | MSE loss: 1.0474e-02 | time: 0.201
I 05.31/22:13:04 solver.py:136 ] Epoch: [40/400][220/400] lr: 1.98e-04 | MSE loss: 1.0440e-02 | time: 0.212
I 05.31/22:13:09 solver.py:136 ] Epoch: [40/400][240/400] lr: 1.98e-04 | MSE loss: 1.0428e-02 | time: 0.213
I 05.31/22:13:13 solver.py:136 ] Epoch: [40/400][260/400] lr: 1.98e-04 | MSE loss: 1.0441e-02 | time: 0.212
I 05.31/22:13:17 solver.py:136 ] Epoch: [40/400][280/400] lr: 1.99e-04 | MSE loss: 1.0419e-02 | time: 0.210
I 05.31/22:13:21 solver.py:136 ] Epoch: [40/400][300/400] lr: 1.99e-04 | MSE loss: 1.0373e-02 | time: 0.210
I 05.31/22:13:25 solver.py:136 ] Epoch: [40/400][320/400] lr: 1.99e-04 | MSE loss: 1.0356e-02 | time: 0.210
I 05.31/22:13:29 solver.py:136 ] Epoch: [40/400][340/400] lr: 1.99e-04 | MSE loss: 1.0351e-02 | time: 0.210
I 05.31/22:13:33 solver.py:136 ] Epoch: [40/400][360/400] lr: 1.99e-04 | MSE loss: 1.0342e-02 | time: 0.210
I 05.31/22:13:37 solver.py:136 ] Epoch: [40/400][380/400] lr: 2.00e-04 | MSE loss: 1.0346e-02 | time: 0.209
I 05.31/22:13:41 solver.py:136 ] Epoch: [40/400][400/400] lr: 2.00e-04 | MSE loss: 1.0329e-02 | time: 0.207
I 05.31/22:13:41 solver.py:146 ] => Train  Loss: 1.0329e-02

I 05.31/22:13:46 solver.py:136 ] Epoch: [40/400][20/50] lr: 2.00e-04 | MSE loss: 1.0753e-02 | time: 0.219
I 05.31/22:13:50 solver.py:136 ] Epoch: [40/400][40/50] lr: 2.00e-04 | MSE loss: 1.0599e-02 | time: 0.212
I 05.31/22:13:51 solver.py:146 ] => Val  Loss: 1.0589e-02

I 05.31/22:13:55 solver.py:287 ] [20/50] loss: 1.0741e-02 | NMSE: -1.6702e+01 | time: 0.200
I 05.31/22:13:59 solver.py:287 ] [40/50] loss: 1.0758e-02 | NMSE: -1.6693e+01 | time: 0.200
I 05.31/22:14:02 solver.py:291 ] => Test NMSE: -1.6707e+01

I 05.31/22:14:13 solver.py:205 ] 
=! Best NMSE: -1.6707e+01 (epoch=40)

I 05.31/22:14:17 solver.py:136 ] Epoch: [41/400][20/400] lr: 2.00e-04 | MSE loss: 1.0127e-02 | time: 0.201
I 05.31/22:14:22 solver.py:136 ] Epoch: [41/400][40/400] lr: 2.00e-04 | MSE loss: 1.0067e-02 | time: 0.202
I 05.31/22:14:26 solver.py:136 ] Epoch: [41/400][60/400] lr: 2.00e-04 | MSE loss: 9.9573e-03 | time: 0.206
I 05.31/22:14:30 solver.py:136 ] Epoch: [41/400][80/400] lr: 2.00e-04 | MSE loss: 1.0032e-02 | time: 0.206
I 05.31/22:14:34 solver.py:136 ] Epoch: [41/400][100/400] lr: 2.00e-04 | MSE loss: 1.0069e-02 | time: 0.208
I 05.31/22:14:38 solver.py:136 ] Epoch: [41/400][120/400] lr: 2.00e-04 | MSE loss: 1.0056e-02 | time: 0.205
I 05.31/22:14:42 solver.py:136 ] Epoch: [41/400][140/400] lr: 2.00e-04 | MSE loss: 1.0047e-02 | time: 0.206
I 05.31/22:14:46 solver.py:136 ] Epoch: [41/400][160/400] lr: 2.00e-04 | MSE loss: 1.0026e-02 | time: 0.203
I 05.31/22:14:50 solver.py:136 ] Epoch: [41/400][180/400] lr: 2.00e-04 | MSE loss: 1.0047e-02 | time: 0.202
I 05.31/22:14:54 solver.py:136 ] Epoch: [41/400][200/400] lr: 2.00e-04 | MSE loss: 1.0097e-02 | time: 0.202
I 05.31/22:14:58 solver.py:136 ] Epoch: [41/400][220/400] lr: 2.00e-04 | MSE loss: 1.0129e-02 | time: 0.202
I 05.31/22:15:04 solver.py:136 ] Epoch: [41/400][240/400] lr: 2.00e-04 | MSE loss: 1.0091e-02 | time: 0.211
I 05.31/22:15:09 solver.py:136 ] Epoch: [41/400][260/400] lr: 2.00e-04 | MSE loss: 1.0094e-02 | time: 0.212
I 05.31/22:15:12 solver.py:136 ] Epoch: [41/400][280/400] lr: 2.00e-04 | MSE loss: 1.0075e-02 | time: 0.211
I 05.31/22:15:16 solver.py:136 ] Epoch: [41/400][300/400] lr: 2.00e-04 | MSE loss: 1.0061e-02 | time: 0.210
I 05.31/22:15:21 solver.py:136 ] Epoch: [41/400][320/400] lr: 2.00e-04 | MSE loss: 1.0067e-02 | time: 0.211
I 05.31/22:15:25 solver.py:136 ] Epoch: [41/400][340/400] lr: 2.00e-04 | MSE loss: 1.0055e-02 | time: 0.210
I 05.31/22:15:29 solver.py:136 ] Epoch: [41/400][360/400] lr: 2.00e-04 | MSE loss: 1.0082e-02 | time: 0.210
I 05.31/22:15:34 solver.py:136 ] Epoch: [41/400][380/400] lr: 2.00e-04 | MSE loss: 1.0074e-02 | time: 0.211
I 05.31/22:15:38 solver.py:136 ] Epoch: [41/400][400/400] lr: 2.00e-04 | MSE loss: 1.0082e-02 | time: 0.210
I 05.31/22:15:38 solver.py:146 ] => Train  Loss: 1.0082e-02

I 05.31/22:15:44 solver.py:205 ] 
=! Best NMSE: -1.6707e+01 (epoch=40)

I 05.31/22:15:48 solver.py:136 ] Epoch: [42/400][20/400] lr: 2.00e-04 | MSE loss: 9.9822e-03 | time: 0.199
I 05.31/22:15:52 solver.py:136 ] Epoch: [42/400][40/400] lr: 2.00e-04 | MSE loss: 9.8272e-03 | time: 0.200
I 05.31/22:15:56 solver.py:136 ] Epoch: [42/400][60/400] lr: 2.00e-04 | MSE loss: 9.7842e-03 | time: 0.206
I 05.31/22:16:01 solver.py:136 ] Epoch: [42/400][80/400] lr: 2.00e-04 | MSE loss: 9.8710e-03 | time: 0.213
I 05.31/22:16:07 solver.py:136 ] Epoch: [42/400][100/400] lr: 2.00e-04 | MSE loss: 9.8664e-03 | time: 0.229
I 05.31/22:16:10 solver.py:136 ] Epoch: [42/400][120/400] lr: 2.00e-04 | MSE loss: 9.8808e-03 | time: 0.221
I 05.31/22:16:15 solver.py:136 ] Epoch: [42/400][140/400] lr: 2.00e-04 | MSE loss: 9.8505e-03 | time: 0.220
I 05.31/22:16:18 solver.py:136 ] Epoch: [42/400][160/400] lr: 2.00e-04 | MSE loss: 9.7974e-03 | time: 0.216
I 05.31/22:16:22 solver.py:136 ] Epoch: [42/400][180/400] lr: 2.00e-04 | MSE loss: 9.7951e-03 | time: 0.214
I 05.31/22:16:26 solver.py:136 ] Epoch: [42/400][200/400] lr: 2.00e-04 | MSE loss: 9.8120e-03 | time: 0.213
I 05.31/22:16:31 solver.py:136 ] Epoch: [42/400][220/400] lr: 2.00e-04 | MSE loss: 9.8236e-03 | time: 0.213
I 05.31/22:16:35 solver.py:136 ] Epoch: [42/400][240/400] lr: 2.00e-04 | MSE loss: 9.8103e-03 | time: 0.214
I 05.31/22:16:39 solver.py:136 ] Epoch: [42/400][260/400] lr: 2.00e-04 | MSE loss: 9.8352e-03 | time: 0.213
I 05.31/22:16:42 solver.py:136 ] Epoch: [42/400][280/400] lr: 2.00e-04 | MSE loss: 9.8204e-03 | time: 0.209
I 05.31/22:16:45 solver.py:136 ] Epoch: [42/400][300/400] lr: 2.00e-04 | MSE loss: 9.8224e-03 | time: 0.206
I 05.31/22:16:49 solver.py:136 ] Epoch: [42/400][320/400] lr: 2.00e-04 | MSE loss: 9.8256e-03 | time: 0.203
I 05.31/22:16:52 solver.py:136 ] Epoch: [42/400][340/400] lr: 2.00e-04 | MSE loss: 9.8216e-03 | time: 0.200
I 05.31/22:16:55 solver.py:136 ] Epoch: [42/400][360/400] lr: 2.00e-04 | MSE loss: 9.8287e-03 | time: 0.198
I 05.31/22:16:59 solver.py:136 ] Epoch: [42/400][380/400] lr: 2.00e-04 | MSE loss: 9.8179e-03 | time: 0.197
I 05.31/22:17:04 solver.py:136 ] Epoch: [42/400][400/400] lr: 2.00e-04 | MSE loss: 9.8252e-03 | time: 0.202
I 05.31/22:17:04 solver.py:146 ] => Train  Loss: 9.8252e-03

I 05.31/22:17:10 solver.py:205 ] 
=! Best NMSE: -1.6707e+01 (epoch=40)

I 05.31/22:17:15 solver.py:136 ] Epoch: [43/400][20/400] lr: 2.00e-04 | MSE loss: 9.9453e-03 | time: 0.222
I 05.31/22:17:19 solver.py:136 ] Epoch: [43/400][40/400] lr: 2.00e-04 | MSE loss: 9.8187e-03 | time: 0.221
I 05.31/22:17:23 solver.py:136 ] Epoch: [43/400][60/400] lr: 2.00e-04 | MSE loss: 9.6691e-03 | time: 0.216
I 05.31/22:17:27 solver.py:136 ] Epoch: [43/400][80/400] lr: 2.00e-04 | MSE loss: 9.6516e-03 | time: 0.214
I 05.31/22:17:31 solver.py:136 ] Epoch: [43/400][100/400] lr: 2.00e-04 | MSE loss: 9.7248e-03 | time: 0.210
I 05.31/22:17:35 solver.py:136 ] Epoch: [43/400][120/400] lr: 2.00e-04 | MSE loss: 9.6757e-03 | time: 0.209
I 05.31/22:17:39 solver.py:136 ] Epoch: [43/400][140/400] lr: 2.00e-04 | MSE loss: 9.6487e-03 | time: 0.209
I 05.31/22:17:43 solver.py:136 ] Epoch: [43/400][160/400] lr: 2.00e-04 | MSE loss: 9.6611e-03 | time: 0.207
I 05.31/22:17:47 solver.py:136 ] Epoch: [43/400][180/400] lr: 2.00e-04 | MSE loss: 9.6324e-03 | time: 0.207
I 05.31/22:17:51 solver.py:136 ] Epoch: [43/400][200/400] lr: 2.00e-04 | MSE loss: 9.6289e-03 | time: 0.206
I 05.31/22:17:55 solver.py:136 ] Epoch: [43/400][220/400] lr: 2.00e-04 | MSE loss: 9.6146e-03 | time: 0.206
I 05.31/22:18:00 solver.py:136 ] Epoch: [43/400][240/400] lr: 2.00e-04 | MSE loss: 9.6174e-03 | time: 0.207
I 05.31/22:18:06 solver.py:136 ] Epoch: [43/400][260/400] lr: 2.00e-04 | MSE loss: 9.6008e-03 | time: 0.215
I 05.31/22:18:10 solver.py:136 ] Epoch: [43/400][280/400] lr: 2.00e-04 | MSE loss: 9.6379e-03 | time: 0.213
I 05.31/22:18:14 solver.py:136 ] Epoch: [43/400][300/400] lr: 2.00e-04 | MSE loss: 9.6341e-03 | time: 0.212
I 05.31/22:18:18 solver.py:136 ] Epoch: [43/400][320/400] lr: 2.00e-04 | MSE loss: 9.6401e-03 | time: 0.211
I 05.31/22:18:21 solver.py:136 ] Epoch: [43/400][340/400] lr: 2.00e-04 | MSE loss: 9.6440e-03 | time: 0.209
I 05.31/22:18:24 solver.py:136 ] Epoch: [43/400][360/400] lr: 2.00e-04 | MSE loss: 9.6505e-03 | time: 0.206
I 05.31/22:18:29 solver.py:136 ] Epoch: [43/400][380/400] lr: 2.00e-04 | MSE loss: 9.6296e-03 | time: 0.206
I 05.31/22:18:32 solver.py:136 ] Epoch: [43/400][400/400] lr: 2.00e-04 | MSE loss: 9.6137e-03 | time: 0.205
I 05.31/22:18:32 solver.py:146 ] => Train  Loss: 9.6137e-03

I 05.31/22:18:37 solver.py:205 ] 
=! Best NMSE: -1.6707e+01 (epoch=40)

I 05.31/22:18:41 solver.py:136 ] Epoch: [44/400][20/400] lr: 2.00e-04 | MSE loss: 9.3422e-03 | time: 0.220
I 05.31/22:18:45 solver.py:136 ] Epoch: [44/400][40/400] lr: 2.00e-04 | MSE loss: 9.2842e-03 | time: 0.198
I 05.31/22:18:49 solver.py:136 ] Epoch: [44/400][60/400] lr: 2.00e-04 | MSE loss: 9.2751e-03 | time: 0.200
I 05.31/22:18:54 solver.py:136 ] Epoch: [44/400][80/400] lr: 2.00e-04 | MSE loss: 9.3536e-03 | time: 0.206
I 05.31/22:18:58 solver.py:136 ] Epoch: [44/400][100/400] lr: 2.00e-04 | MSE loss: 9.3535e-03 | time: 0.207
I 05.31/22:19:04 solver.py:136 ] Epoch: [44/400][120/400] lr: 2.00e-04 | MSE loss: 9.3745e-03 | time: 0.224
I 05.31/22:19:09 solver.py:136 ] Epoch: [44/400][140/400] lr: 2.00e-04 | MSE loss: 9.3337e-03 | time: 0.225
I 05.31/22:19:13 solver.py:136 ] Epoch: [44/400][160/400] lr: 2.00e-04 | MSE loss: 9.3469e-03 | time: 0.223
I 05.31/22:19:17 solver.py:136 ] Epoch: [44/400][180/400] lr: 2.00e-04 | MSE loss: 9.3807e-03 | time: 0.223
I 05.31/22:19:21 solver.py:136 ] Epoch: [44/400][200/400] lr: 2.00e-04 | MSE loss: 9.3458e-03 | time: 0.220
I 05.31/22:19:25 solver.py:136 ] Epoch: [44/400][220/400] lr: 2.00e-04 | MSE loss: 9.3821e-03 | time: 0.218
I 05.31/22:19:29 solver.py:136 ] Epoch: [44/400][240/400] lr: 2.00e-04 | MSE loss: 9.3978e-03 | time: 0.215
I 05.31/22:19:33 solver.py:136 ] Epoch: [44/400][260/400] lr: 2.00e-04 | MSE loss: 9.4034e-03 | time: 0.214
I 05.31/22:19:36 solver.py:136 ] Epoch: [44/400][280/400] lr: 2.00e-04 | MSE loss: 9.4085e-03 | time: 0.212
I 05.31/22:19:40 solver.py:136 ] Epoch: [44/400][300/400] lr: 2.00e-04 | MSE loss: 9.3981e-03 | time: 0.211
I 05.31/22:19:44 solver.py:136 ] Epoch: [44/400][320/400] lr: 2.00e-04 | MSE loss: 9.3841e-03 | time: 0.209
I 05.31/22:19:48 solver.py:136 ] Epoch: [44/400][340/400] lr: 2.00e-04 | MSE loss: 9.3649e-03 | time: 0.208
I 05.31/22:19:52 solver.py:136 ] Epoch: [44/400][360/400] lr: 2.00e-04 | MSE loss: 9.3846e-03 | time: 0.207
I 05.31/22:19:56 solver.py:136 ] Epoch: [44/400][380/400] lr: 2.00e-04 | MSE loss: 9.4041e-03 | time: 0.207
I 05.31/22:20:00 solver.py:136 ] Epoch: [44/400][400/400] lr: 2.00e-04 | MSE loss: 9.4002e-03 | time: 0.206
I 05.31/22:20:00 solver.py:146 ] => Train  Loss: 9.4002e-03

I 05.31/22:20:06 solver.py:205 ] 
=! Best NMSE: -1.6707e+01 (epoch=40)

I 05.31/22:20:11 solver.py:136 ] Epoch: [45/400][20/400] lr: 2.00e-04 | MSE loss: 9.1467e-03 | time: 0.229
I 05.31/22:20:15 solver.py:136 ] Epoch: [45/400][40/400] lr: 2.00e-04 | MSE loss: 9.1232e-03 | time: 0.219
I 05.31/22:20:19 solver.py:136 ] Epoch: [45/400][60/400] lr: 2.00e-04 | MSE loss: 9.2581e-03 | time: 0.211
I 05.31/22:20:23 solver.py:136 ] Epoch: [45/400][80/400] lr: 2.00e-04 | MSE loss: 9.1669e-03 | time: 0.211
I 05.31/22:20:28 solver.py:136 ] Epoch: [45/400][100/400] lr: 2.00e-04 | MSE loss: 9.1823e-03 | time: 0.215
I 05.31/22:20:32 solver.py:136 ] Epoch: [45/400][120/400] lr: 2.00e-04 | MSE loss: 9.2040e-03 | time: 0.213
I 05.31/22:20:35 solver.py:136 ] Epoch: [45/400][140/400] lr: 2.00e-04 | MSE loss: 9.2169e-03 | time: 0.208
I 05.31/22:20:39 solver.py:136 ] Epoch: [45/400][160/400] lr: 2.00e-04 | MSE loss: 9.2537e-03 | time: 0.203
I 05.31/22:20:42 solver.py:136 ] Epoch: [45/400][180/400] lr: 2.00e-04 | MSE loss: 9.2617e-03 | time: 0.200
I 05.31/22:20:46 solver.py:136 ] Epoch: [45/400][200/400] lr: 2.00e-04 | MSE loss: 9.2484e-03 | time: 0.199
I 05.31/22:20:50 solver.py:136 ] Epoch: [45/400][220/400] lr: 2.00e-04 | MSE loss: 9.2434e-03 | time: 0.198
I 05.31/22:20:54 solver.py:136 ] Epoch: [45/400][240/400] lr: 2.00e-04 | MSE loss: 9.2666e-03 | time: 0.200
I 05.31/22:20:59 solver.py:136 ] Epoch: [45/400][260/400] lr: 2.00e-04 | MSE loss: 9.2769e-03 | time: 0.201
I 05.31/22:21:05 solver.py:136 ] Epoch: [45/400][280/400] lr: 2.00e-04 | MSE loss: 9.3123e-03 | time: 0.209
I 05.31/22:21:09 solver.py:136 ] Epoch: [45/400][300/400] lr: 2.00e-04 | MSE loss: 9.2928e-03 | time: 0.210
I 05.31/22:21:13 solver.py:136 ] Epoch: [45/400][320/400] lr: 2.00e-04 | MSE loss: 9.2794e-03 | time: 0.209
I 05.31/22:21:17 solver.py:136 ] Epoch: [45/400][340/400] lr: 2.00e-04 | MSE loss: 9.2839e-03 | time: 0.207
I 05.31/22:21:21 solver.py:136 ] Epoch: [45/400][360/400] lr: 2.00e-04 | MSE loss: 9.2649e-03 | time: 0.206
I 05.31/22:21:25 solver.py:136 ] Epoch: [45/400][380/400] lr: 2.00e-04 | MSE loss: 9.2671e-03 | time: 0.206
I 05.31/22:21:28 solver.py:136 ] Epoch: [45/400][400/400] lr: 2.00e-04 | MSE loss: 9.2678e-03 | time: 0.205
I 05.31/22:21:28 solver.py:146 ] => Train  Loss: 9.2678e-03

I 05.31/22:21:33 solver.py:205 ] 
=! Best NMSE: -1.6707e+01 (epoch=40)

I 05.31/22:21:37 solver.py:136 ] Epoch: [46/400][20/400] lr: 2.00e-04 | MSE loss: 9.1903e-03 | time: 0.184
I 05.31/22:21:41 solver.py:136 ] Epoch: [46/400][40/400] lr: 2.00e-04 | MSE loss: 9.1461e-03 | time: 0.180
I 05.31/22:21:44 solver.py:136 ] Epoch: [46/400][60/400] lr: 2.00e-04 | MSE loss: 9.1803e-03 | time: 0.175
I 05.31/22:21:48 solver.py:136 ] Epoch: [46/400][80/400] lr: 2.00e-04 | MSE loss: 9.1708e-03 | time: 0.180
I 05.31/22:21:52 solver.py:136 ] Epoch: [46/400][100/400] lr: 2.00e-04 | MSE loss: 9.2388e-03 | time: 0.184
I 05.31/22:21:55 solver.py:136 ] Epoch: [46/400][120/400] lr: 2.00e-04 | MSE loss: 9.1605e-03 | time: 0.184
I 05.31/22:21:59 solver.py:136 ] Epoch: [46/400][140/400] lr: 2.00e-04 | MSE loss: 9.1762e-03 | time: 0.186
I 05.31/22:22:05 solver.py:136 ] Epoch: [46/400][160/400] lr: 2.00e-04 | MSE loss: 9.1545e-03 | time: 0.198
I 05.31/22:22:10 solver.py:136 ] Epoch: [46/400][180/400] lr: 2.00e-04 | MSE loss: 9.1418e-03 | time: 0.200
I 05.31/22:22:14 solver.py:136 ] Epoch: [46/400][200/400] lr: 2.00e-04 | MSE loss: 9.1327e-03 | time: 0.203
I 05.31/22:22:18 solver.py:136 ] Epoch: [46/400][220/400] lr: 2.00e-04 | MSE loss: 9.1016e-03 | time: 0.203
I 05.31/22:22:22 solver.py:136 ] Epoch: [46/400][240/400] lr: 2.00e-04 | MSE loss: 9.1035e-03 | time: 0.204
I 05.31/22:22:26 solver.py:136 ] Epoch: [46/400][260/400] lr: 2.00e-04 | MSE loss: 9.0796e-03 | time: 0.201
I 05.31/22:22:29 solver.py:136 ] Epoch: [46/400][280/400] lr: 2.00e-04 | MSE loss: 9.0869e-03 | time: 0.198
I 05.31/22:22:32 solver.py:136 ] Epoch: [46/400][300/400] lr: 2.00e-04 | MSE loss: 9.1014e-03 | time: 0.196
I 05.31/22:22:36 solver.py:136 ] Epoch: [46/400][320/400] lr: 2.00e-04 | MSE loss: 9.0966e-03 | time: 0.196
I 05.31/22:22:40 solver.py:136 ] Epoch: [46/400][340/400] lr: 2.00e-04 | MSE loss: 9.0791e-03 | time: 0.195
I 05.31/22:22:43 solver.py:136 ] Epoch: [46/400][360/400] lr: 2.00e-04 | MSE loss: 9.1015e-03 | time: 0.193
I 05.31/22:22:47 solver.py:136 ] Epoch: [46/400][380/400] lr: 2.00e-04 | MSE loss: 9.0984e-03 | time: 0.192
I 05.31/22:22:50 solver.py:136 ] Epoch: [46/400][400/400] lr: 2.00e-04 | MSE loss: 9.1262e-03 | time: 0.192
I 05.31/22:22:50 solver.py:146 ] => Train  Loss: 9.1262e-03

I 05.31/22:22:55 solver.py:205 ] 
=! Best NMSE: -1.6707e+01 (epoch=40)

I 05.31/22:22:59 solver.py:136 ] Epoch: [47/400][20/400] lr: 2.00e-04 | MSE loss: 9.0333e-03 | time: 0.223
I 05.31/22:23:05 solver.py:136 ] Epoch: [47/400][40/400] lr: 2.00e-04 | MSE loss: 8.9666e-03 | time: 0.268
I 05.31/22:23:10 solver.py:136 ] Epoch: [47/400][60/400] lr: 2.00e-04 | MSE loss: 8.9478e-03 | time: 0.249
I 05.31/22:23:14 solver.py:136 ] Epoch: [47/400][80/400] lr: 2.00e-04 | MSE loss: 8.9658e-03 | time: 0.238
I 05.31/22:23:18 solver.py:136 ] Epoch: [47/400][100/400] lr: 2.00e-04 | MSE loss: 8.9430e-03 | time: 0.234
I 05.31/22:23:22 solver.py:136 ] Epoch: [47/400][120/400] lr: 2.00e-04 | MSE loss: 8.9544e-03 | time: 0.230
I 05.31/22:23:26 solver.py:136 ] Epoch: [47/400][140/400] lr: 2.00e-04 | MSE loss: 8.9101e-03 | time: 0.225
I 05.31/22:23:30 solver.py:136 ] Epoch: [47/400][160/400] lr: 2.00e-04 | MSE loss: 8.8711e-03 | time: 0.221
I 05.31/22:23:34 solver.py:136 ] Epoch: [47/400][180/400] lr: 2.00e-04 | MSE loss: 8.8671e-03 | time: 0.219
I 05.31/22:23:38 solver.py:136 ] Epoch: [47/400][200/400] lr: 2.00e-04 | MSE loss: 8.8562e-03 | time: 0.219
I 05.31/22:23:42 solver.py:136 ] Epoch: [47/400][220/400] lr: 2.00e-04 | MSE loss: 8.8818e-03 | time: 0.218
I 05.31/22:23:47 solver.py:136 ] Epoch: [47/400][240/400] lr: 2.00e-04 | MSE loss: 8.9177e-03 | time: 0.217
I 05.31/22:23:51 solver.py:136 ] Epoch: [47/400][260/400] lr: 2.00e-04 | MSE loss: 8.9359e-03 | time: 0.219
I 05.31/22:23:56 solver.py:136 ] Epoch: [47/400][280/400] lr: 2.00e-04 | MSE loss: 8.9306e-03 | time: 0.218
I 05.31/22:24:00 solver.py:136 ] Epoch: [47/400][300/400] lr: 2.00e-04 | MSE loss: 8.9430e-03 | time: 0.218
I 05.31/22:24:06 solver.py:136 ] Epoch: [47/400][320/400] lr: 2.00e-04 | MSE loss: 8.9413e-03 | time: 0.223
I 05.31/22:24:10 solver.py:136 ] Epoch: [47/400][340/400] lr: 2.00e-04 | MSE loss: 8.9539e-03 | time: 0.222
I 05.31/22:24:14 solver.py:136 ] Epoch: [47/400][360/400] lr: 2.00e-04 | MSE loss: 8.9563e-03 | time: 0.221
I 05.31/22:24:18 solver.py:136 ] Epoch: [47/400][380/400] lr: 2.00e-04 | MSE loss: 8.9738e-03 | time: 0.220
I 05.31/22:24:23 solver.py:136 ] Epoch: [47/400][400/400] lr: 2.00e-04 | MSE loss: 8.9987e-03 | time: 0.221
I 05.31/22:24:23 solver.py:146 ] => Train  Loss: 8.9987e-03

I 05.31/22:24:28 solver.py:205 ] 
=! Best NMSE: -1.6707e+01 (epoch=40)

I 05.31/22:24:32 solver.py:136 ] Epoch: [48/400][20/400] lr: 2.00e-04 | MSE loss: 8.8273e-03 | time: 0.185
I 05.31/22:24:35 solver.py:136 ] Epoch: [48/400][40/400] lr: 2.00e-04 | MSE loss: 8.7030e-03 | time: 0.183
I 05.31/22:24:39 solver.py:136 ] Epoch: [48/400][60/400] lr: 2.00e-04 | MSE loss: 8.8503e-03 | time: 0.178
I 05.31/22:24:43 solver.py:136 ] Epoch: [48/400][80/400] lr: 2.00e-04 | MSE loss: 8.9179e-03 | time: 0.184
I 05.31/22:24:47 solver.py:136 ] Epoch: [48/400][100/400] lr: 2.00e-04 | MSE loss: 8.9703e-03 | time: 0.190
I 05.31/22:24:51 solver.py:136 ] Epoch: [48/400][120/400] lr: 2.00e-04 | MSE loss: 8.9441e-03 | time: 0.191
I 05.31/22:24:56 solver.py:136 ] Epoch: [48/400][140/400] lr: 2.00e-04 | MSE loss: 8.9276e-03 | time: 0.196
I 05.31/22:24:59 solver.py:136 ] Epoch: [48/400][160/400] lr: 2.00e-04 | MSE loss: 8.8969e-03 | time: 0.194
I 05.31/22:25:06 solver.py:136 ] Epoch: [48/400][180/400] lr: 2.00e-04 | MSE loss: 8.9335e-03 | time: 0.208
I 05.31/22:25:10 solver.py:136 ] Epoch: [48/400][200/400] lr: 2.00e-04 | MSE loss: 8.9668e-03 | time: 0.208
I 05.31/22:25:14 solver.py:136 ] Epoch: [48/400][220/400] lr: 2.00e-04 | MSE loss: 8.9776e-03 | time: 0.208
I 05.31/22:25:17 solver.py:136 ] Epoch: [48/400][240/400] lr: 2.00e-04 | MSE loss: 8.9921e-03 | time: 0.205
I 05.31/22:25:21 solver.py:136 ] Epoch: [48/400][260/400] lr: 2.00e-04 | MSE loss: 8.9612e-03 | time: 0.203
I 05.31/22:25:24 solver.py:136 ] Epoch: [48/400][280/400] lr: 2.00e-04 | MSE loss: 8.9185e-03 | time: 0.200
I 05.31/22:25:27 solver.py:136 ] Epoch: [48/400][300/400] lr: 2.00e-04 | MSE loss: 8.9054e-03 | time: 0.198
I 05.31/22:25:31 solver.py:136 ] Epoch: [48/400][320/400] lr: 2.00e-04 | MSE loss: 8.9208e-03 | time: 0.197
I 05.31/22:25:35 solver.py:136 ] Epoch: [48/400][340/400] lr: 2.00e-04 | MSE loss: 8.8895e-03 | time: 0.197
I 05.31/22:25:38 solver.py:136 ] Epoch: [48/400][360/400] lr: 2.00e-04 | MSE loss: 8.8871e-03 | time: 0.194
I 05.31/22:25:42 solver.py:136 ] Epoch: [48/400][380/400] lr: 2.00e-04 | MSE loss: 8.8974e-03 | time: 0.193
I 05.31/22:25:45 solver.py:136 ] Epoch: [48/400][400/400] lr: 2.00e-04 | MSE loss: 8.8928e-03 | time: 0.193
I 05.31/22:25:45 solver.py:146 ] => Train  Loss: 8.8928e-03

I 05.31/22:25:52 solver.py:205 ] 
=! Best NMSE: -1.6707e+01 (epoch=40)

I 05.31/22:25:56 solver.py:136 ] Epoch: [49/400][20/400] lr: 2.00e-04 | MSE loss: 8.5269e-03 | time: 0.186
I 05.31/22:25:59 solver.py:136 ] Epoch: [49/400][40/400] lr: 2.00e-04 | MSE loss: 8.5983e-03 | time: 0.171
I 05.31/22:26:05 solver.py:136 ] Epoch: [49/400][60/400] lr: 2.00e-04 | MSE loss: 8.6915e-03 | time: 0.203
I 05.31/22:26:08 solver.py:136 ] Epoch: [49/400][80/400] lr: 2.00e-04 | MSE loss: 8.7600e-03 | time: 0.197
I 05.31/22:26:12 solver.py:136 ] Epoch: [49/400][100/400] lr: 2.00e-04 | MSE loss: 8.7451e-03 | time: 0.191
I 05.31/22:26:15 solver.py:136 ] Epoch: [49/400][120/400] lr: 2.00e-04 | MSE loss: 8.8197e-03 | time: 0.189
I 05.31/22:26:19 solver.py:136 ] Epoch: [49/400][140/400] lr: 2.00e-04 | MSE loss: 8.7680e-03 | time: 0.191
I 05.31/22:26:23 solver.py:136 ] Epoch: [49/400][160/400] lr: 2.00e-04 | MSE loss: 8.7916e-03 | time: 0.193
I 05.31/22:26:28 solver.py:136 ] Epoch: [49/400][180/400] lr: 2.00e-04 | MSE loss: 8.7570e-03 | time: 0.195
I 05.31/22:26:32 solver.py:136 ] Epoch: [49/400][200/400] lr: 2.00e-04 | MSE loss: 8.7455e-03 | time: 0.196
I 05.31/22:26:36 solver.py:136 ] Epoch: [49/400][220/400] lr: 2.00e-04 | MSE loss: 8.7469e-03 | time: 0.196
I 05.31/22:26:40 solver.py:136 ] Epoch: [49/400][240/400] lr: 2.00e-04 | MSE loss: 8.7697e-03 | time: 0.196
I 05.31/22:26:44 solver.py:136 ] Epoch: [49/400][260/400] lr: 2.00e-04 | MSE loss: 8.7598e-03 | time: 0.196
I 05.31/22:26:47 solver.py:136 ] Epoch: [49/400][280/400] lr: 2.00e-04 | MSE loss: 8.7821e-03 | time: 0.195
I 05.31/22:26:51 solver.py:136 ] Epoch: [49/400][300/400] lr: 2.00e-04 | MSE loss: 8.7901e-03 | time: 0.195
I 05.31/22:26:56 solver.py:136 ] Epoch: [49/400][320/400] lr: 2.00e-04 | MSE loss: 8.7919e-03 | time: 0.197
I 05.31/22:27:00 solver.py:136 ] Epoch: [49/400][340/400] lr: 2.00e-04 | MSE loss: 8.7830e-03 | time: 0.197
I 05.31/22:27:06 solver.py:136 ] Epoch: [49/400][360/400] lr: 2.00e-04 | MSE loss: 8.7859e-03 | time: 0.203
I 05.31/22:27:09 solver.py:136 ] Epoch: [49/400][380/400] lr: 2.00e-04 | MSE loss: 8.7780e-03 | time: 0.203
I 05.31/22:27:14 solver.py:136 ] Epoch: [49/400][400/400] lr: 2.00e-04 | MSE loss: 8.7866e-03 | time: 0.202
I 05.31/22:27:14 solver.py:146 ] => Train  Loss: 8.7866e-03

I 05.31/22:27:21 solver.py:205 ] 
=! Best NMSE: -1.6707e+01 (epoch=40)

I 05.31/22:27:24 solver.py:136 ] Epoch: [50/400][20/400] lr: 2.00e-04 | MSE loss: 8.7385e-03 | time: 0.169
I 05.31/22:27:27 solver.py:136 ] Epoch: [50/400][40/400] lr: 2.00e-04 | MSE loss: 8.8040e-03 | time: 0.158
I 05.31/22:27:31 solver.py:136 ] Epoch: [50/400][60/400] lr: 2.00e-04 | MSE loss: 8.8103e-03 | time: 0.166
I 05.31/22:27:34 solver.py:136 ] Epoch: [50/400][80/400] lr: 2.00e-04 | MSE loss: 8.7230e-03 | time: 0.172
I 05.31/22:27:39 solver.py:136 ] Epoch: [50/400][100/400] lr: 2.00e-04 | MSE loss: 8.7716e-03 | time: 0.179
I 05.31/22:27:43 solver.py:136 ] Epoch: [50/400][120/400] lr: 2.00e-04 | MSE loss: 8.7300e-03 | time: 0.182
I 05.31/22:27:46 solver.py:136 ] Epoch: [50/400][140/400] lr: 2.00e-04 | MSE loss: 8.7239e-03 | time: 0.182
I 05.31/22:27:49 solver.py:136 ] Epoch: [50/400][160/400] lr: 2.00e-04 | MSE loss: 8.7041e-03 | time: 0.179
I 05.31/22:27:53 solver.py:136 ] Epoch: [50/400][180/400] lr: 2.00e-04 | MSE loss: 8.6652e-03 | time: 0.178
I 05.31/22:27:56 solver.py:136 ] Epoch: [50/400][200/400] lr: 2.00e-04 | MSE loss: 8.6584e-03 | time: 0.178
I 05.31/22:28:01 solver.py:136 ] Epoch: [50/400][220/400] lr: 2.00e-04 | MSE loss: 8.6139e-03 | time: 0.182
I 05.31/22:28:07 solver.py:136 ] Epoch: [50/400][240/400] lr: 2.00e-04 | MSE loss: 8.6273e-03 | time: 0.192
I 05.31/22:28:11 solver.py:136 ] Epoch: [50/400][260/400] lr: 2.00e-04 | MSE loss: 8.6333e-03 | time: 0.193
I 05.31/22:28:14 solver.py:136 ] Epoch: [50/400][280/400] lr: 2.00e-04 | MSE loss: 8.6301e-03 | time: 0.192
I 05.31/22:28:18 solver.py:136 ] Epoch: [50/400][300/400] lr: 2.00e-04 | MSE loss: 8.6265e-03 | time: 0.191
I 05.31/22:28:22 solver.py:136 ] Epoch: [50/400][320/400] lr: 2.00e-04 | MSE loss: 8.6464e-03 | time: 0.190
I 05.31/22:28:24 solver.py:136 ] Epoch: [50/400][340/400] lr: 2.00e-04 | MSE loss: 8.6488e-03 | time: 0.187
I 05.31/22:28:28 solver.py:136 ] Epoch: [50/400][360/400] lr: 2.00e-04 | MSE loss: 8.6376e-03 | time: 0.187
I 05.31/22:28:33 solver.py:136 ] Epoch: [50/400][380/400] lr: 2.00e-04 | MSE loss: 8.6556e-03 | time: 0.189
I 05.31/22:28:36 solver.py:136 ] Epoch: [50/400][400/400] lr: 2.00e-04 | MSE loss: 8.6742e-03 | time: 0.189
I 05.31/22:28:36 solver.py:146 ] => Train  Loss: 8.6742e-03

I 05.31/22:28:40 solver.py:136 ] Epoch: [50/400][20/50] lr: 2.00e-04 | MSE loss: 9.1840e-03 | time: 0.164
I 05.31/22:28:43 solver.py:136 ] Epoch: [50/400][40/50] lr: 2.00e-04 | MSE loss: 9.0202e-03 | time: 0.158
I 05.31/22:28:45 solver.py:146 ] => Val  Loss: 9.0104e-03

I 05.31/22:28:47 solver.py:287 ] [20/50] loss: 9.1157e-03 | NMSE: -1.7420e+01 | time: 0.138
I 05.31/22:28:50 solver.py:287 ] [40/50] loss: 9.1302e-03 | NMSE: -1.7409e+01 | time: 0.139
I 05.31/22:28:52 solver.py:291 ] => Test NMSE: -1.7426e+01

I 05.31/22:29:01 solver.py:205 ] 
=! Best NMSE: -1.7426e+01 (epoch=50)

I 05.31/22:29:06 solver.py:136 ] Epoch: [51/400][20/400] lr: 2.00e-04 | MSE loss: 8.7764e-03 | time: 0.253
I 05.31/22:29:09 solver.py:136 ] Epoch: [51/400][40/400] lr: 2.00e-04 | MSE loss: 8.6774e-03 | time: 0.205
I 05.31/22:29:12 solver.py:136 ] Epoch: [51/400][60/400] lr: 2.00e-04 | MSE loss: 8.5372e-03 | time: 0.195
I 05.31/22:29:16 solver.py:136 ] Epoch: [51/400][80/400] lr: 2.00e-04 | MSE loss: 8.6227e-03 | time: 0.190
I 05.31/22:29:19 solver.py:136 ] Epoch: [51/400][100/400] lr: 2.00e-04 | MSE loss: 8.5785e-03 | time: 0.185
I 05.31/22:29:23 solver.py:136 ] Epoch: [51/400][120/400] lr: 2.00e-04 | MSE loss: 8.6131e-03 | time: 0.184
I 05.31/22:29:26 solver.py:136 ] Epoch: [51/400][140/400] lr: 2.00e-04 | MSE loss: 8.5473e-03 | time: 0.181
I 05.31/22:29:29 solver.py:136 ] Epoch: [51/400][160/400] lr: 2.00e-04 | MSE loss: 8.5750e-03 | time: 0.177
I 05.31/22:29:33 solver.py:136 ] Epoch: [51/400][180/400] lr: 2.00e-04 | MSE loss: 8.5494e-03 | time: 0.178
I 05.31/22:29:36 solver.py:136 ] Epoch: [51/400][200/400] lr: 2.00e-04 | MSE loss: 8.5831e-03 | time: 0.177
I 05.31/22:29:39 solver.py:136 ] Epoch: [51/400][220/400] lr: 2.00e-04 | MSE loss: 8.5711e-03 | time: 0.173
I 05.31/22:29:42 solver.py:136 ] Epoch: [51/400][240/400] lr: 2.00e-04 | MSE loss: 8.5889e-03 | time: 0.171
I 05.31/22:29:45 solver.py:136 ] Epoch: [51/400][260/400] lr: 2.00e-04 | MSE loss: 8.6028e-03 | time: 0.170
I 05.31/22:29:49 solver.py:136 ] Epoch: [51/400][280/400] lr: 2.00e-04 | MSE loss: 8.6065e-03 | time: 0.171
I 05.31/22:29:52 solver.py:136 ] Epoch: [51/400][300/400] lr: 2.00e-04 | MSE loss: 8.6019e-03 | time: 0.171
I 05.31/22:29:55 solver.py:136 ] Epoch: [51/400][320/400] lr: 2.00e-04 | MSE loss: 8.5835e-03 | time: 0.171
I 05.31/22:29:59 solver.py:136 ] Epoch: [51/400][340/400] lr: 2.00e-04 | MSE loss: 8.5904e-03 | time: 0.171
I 05.31/22:30:03 solver.py:136 ] Epoch: [51/400][360/400] lr: 2.00e-04 | MSE loss: 8.5877e-03 | time: 0.172
I 05.31/22:30:07 solver.py:136 ] Epoch: [51/400][380/400] lr: 2.00e-04 | MSE loss: 8.5717e-03 | time: 0.174
I 05.31/22:30:10 solver.py:136 ] Epoch: [51/400][400/400] lr: 2.00e-04 | MSE loss: 8.5779e-03 | time: 0.174
I 05.31/22:30:10 solver.py:146 ] => Train  Loss: 8.5779e-03

I 05.31/22:30:17 solver.py:205 ] 
=! Best NMSE: -1.7426e+01 (epoch=50)

I 05.31/22:30:20 solver.py:136 ] Epoch: [52/400][20/400] lr: 2.00e-04 | MSE loss: 8.5897e-03 | time: 0.175
I 05.31/22:30:23 solver.py:136 ] Epoch: [52/400][40/400] lr: 2.00e-04 | MSE loss: 8.5378e-03 | time: 0.171
I 05.31/22:30:27 solver.py:136 ] Epoch: [52/400][60/400] lr: 2.00e-04 | MSE loss: 8.5458e-03 | time: 0.168
I 05.31/22:30:30 solver.py:136 ] Epoch: [52/400][80/400] lr: 2.00e-04 | MSE loss: 8.5459e-03 | time: 0.169
I 05.31/22:30:33 solver.py:136 ] Epoch: [52/400][100/400] lr: 2.00e-04 | MSE loss: 8.5037e-03 | time: 0.169
I 05.31/22:30:36 solver.py:136 ] Epoch: [52/400][120/400] lr: 2.00e-04 | MSE loss: 8.5003e-03 | time: 0.165
I 05.31/22:30:39 solver.py:136 ] Epoch: [52/400][140/400] lr: 2.00e-04 | MSE loss: 8.4811e-03 | time: 0.160
I 05.31/22:30:41 solver.py:136 ] Epoch: [52/400][160/400] lr: 2.00e-04 | MSE loss: 8.5018e-03 | time: 0.154
I 05.31/22:30:44 solver.py:136 ] Epoch: [52/400][180/400] lr: 2.00e-04 | MSE loss: 8.4663e-03 | time: 0.155
I 05.31/22:30:47 solver.py:136 ] Epoch: [52/400][200/400] lr: 2.00e-04 | MSE loss: 8.4235e-03 | time: 0.154
I 05.31/22:30:50 solver.py:136 ] Epoch: [52/400][220/400] lr: 2.00e-04 | MSE loss: 8.4258e-03 | time: 0.154
I 05.31/22:30:53 solver.py:136 ] Epoch: [52/400][240/400] lr: 2.00e-04 | MSE loss: 8.4494e-03 | time: 0.154
I 05.31/22:30:57 solver.py:136 ] Epoch: [52/400][260/400] lr: 2.00e-04 | MSE loss: 8.4708e-03 | time: 0.154
I 05.31/22:31:00 solver.py:136 ] Epoch: [52/400][280/400] lr: 2.00e-04 | MSE loss: 8.4807e-03 | time: 0.154
I 05.31/22:31:05 solver.py:136 ] Epoch: [52/400][300/400] lr: 2.00e-04 | MSE loss: 8.4756e-03 | time: 0.162
I 05.31/22:31:08 solver.py:136 ] Epoch: [52/400][320/400] lr: 2.00e-04 | MSE loss: 8.4965e-03 | time: 0.161
I 05.31/22:31:11 solver.py:136 ] Epoch: [52/400][340/400] lr: 2.00e-04 | MSE loss: 8.4975e-03 | time: 0.161
I 05.31/22:31:14 solver.py:136 ] Epoch: [52/400][360/400] lr: 2.00e-04 | MSE loss: 8.4956e-03 | time: 0.159
I 05.31/22:31:17 solver.py:136 ] Epoch: [52/400][380/400] lr: 2.00e-04 | MSE loss: 8.5090e-03 | time: 0.160
I 05.31/22:31:21 solver.py:136 ] Epoch: [52/400][400/400] lr: 2.00e-04 | MSE loss: 8.5232e-03 | time: 0.160
I 05.31/22:31:21 solver.py:146 ] => Train  Loss: 8.5232e-03

I 05.31/22:31:27 solver.py:205 ] 
=! Best NMSE: -1.7426e+01 (epoch=50)

I 05.31/22:31:31 solver.py:136 ] Epoch: [53/400][20/400] lr: 2.00e-04 | MSE loss: 8.3017e-03 | time: 0.185
I 05.31/22:31:34 solver.py:136 ] Epoch: [53/400][40/400] lr: 2.00e-04 | MSE loss: 8.2290e-03 | time: 0.175
I 05.31/22:31:37 solver.py:136 ] Epoch: [53/400][60/400] lr: 2.00e-04 | MSE loss: 8.2696e-03 | time: 0.176
I 05.31/22:31:41 solver.py:136 ] Epoch: [53/400][80/400] lr: 2.00e-04 | MSE loss: 8.2954e-03 | time: 0.176
I 05.31/22:31:45 solver.py:136 ] Epoch: [53/400][100/400] lr: 2.00e-04 | MSE loss: 8.2399e-03 | time: 0.184
I 05.31/22:31:49 solver.py:136 ] Epoch: [53/400][120/400] lr: 2.00e-04 | MSE loss: 8.2380e-03 | time: 0.184
I 05.31/22:31:52 solver.py:136 ] Epoch: [53/400][140/400] lr: 2.00e-04 | MSE loss: 8.2902e-03 | time: 0.179
I 05.31/22:31:55 solver.py:136 ] Epoch: [53/400][160/400] lr: 2.00e-04 | MSE loss: 8.3064e-03 | time: 0.174
I 05.31/22:31:58 solver.py:136 ] Epoch: [53/400][180/400] lr: 2.00e-04 | MSE loss: 8.3050e-03 | time: 0.170
I 05.31/22:32:01 solver.py:136 ] Epoch: [53/400][200/400] lr: 2.00e-04 | MSE loss: 8.3289e-03 | time: 0.169
I 05.31/22:32:06 solver.py:136 ] Epoch: [53/400][220/400] lr: 2.00e-04 | MSE loss: 8.3541e-03 | time: 0.177
I 05.31/22:32:09 solver.py:136 ] Epoch: [53/400][240/400] lr: 2.00e-04 | MSE loss: 8.3700e-03 | time: 0.175
I 05.31/22:32:12 solver.py:136 ] Epoch: [53/400][260/400] lr: 2.00e-04 | MSE loss: 8.3883e-03 | time: 0.174
I 05.31/22:32:15 solver.py:136 ] Epoch: [53/400][280/400] lr: 2.00e-04 | MSE loss: 8.3717e-03 | time: 0.173
I 05.31/22:32:19 solver.py:136 ] Epoch: [53/400][300/400] lr: 2.00e-04 | MSE loss: 8.3920e-03 | time: 0.173
I 05.31/22:32:22 solver.py:136 ] Epoch: [53/400][320/400] lr: 2.00e-04 | MSE loss: 8.4069e-03 | time: 0.172
I 05.31/22:32:25 solver.py:136 ] Epoch: [53/400][340/400] lr: 2.00e-04 | MSE loss: 8.4019e-03 | time: 0.172
I 05.31/22:32:29 solver.py:136 ] Epoch: [53/400][360/400] lr: 2.00e-04 | MSE loss: 8.4187e-03 | time: 0.172
I 05.31/22:32:32 solver.py:136 ] Epoch: [53/400][380/400] lr: 2.00e-04 | MSE loss: 8.4377e-03 | time: 0.172
I 05.31/22:32:35 solver.py:136 ] Epoch: [53/400][400/400] lr: 2.00e-04 | MSE loss: 8.4333e-03 | time: 0.171
I 05.31/22:32:35 solver.py:146 ] => Train  Loss: 8.4333e-03

I 05.31/22:32:40 solver.py:205 ] 
=! Best NMSE: -1.7426e+01 (epoch=50)

I 05.31/22:32:43 solver.py:136 ] Epoch: [54/400][20/400] lr: 2.00e-04 | MSE loss: 8.5095e-03 | time: 0.190
I 05.31/22:32:47 solver.py:136 ] Epoch: [54/400][40/400] lr: 2.00e-04 | MSE loss: 8.6707e-03 | time: 0.179
I 05.31/22:32:50 solver.py:136 ] Epoch: [54/400][60/400] lr: 2.00e-04 | MSE loss: 8.5150e-03 | time: 0.179
I 05.31/22:32:54 solver.py:136 ] Epoch: [54/400][80/400] lr: 2.00e-04 | MSE loss: 8.3884e-03 | time: 0.180
I 05.31/22:32:57 solver.py:136 ] Epoch: [54/400][100/400] lr: 1.99e-04 | MSE loss: 8.3576e-03 | time: 0.177
I 05.31/22:33:01 solver.py:136 ] Epoch: [54/400][120/400] lr: 1.99e-04 | MSE loss: 8.3679e-03 | time: 0.177
I 05.31/22:33:06 solver.py:136 ] Epoch: [54/400][140/400] lr: 1.99e-04 | MSE loss: 8.3724e-03 | time: 0.186
I 05.31/22:33:08 solver.py:136 ] Epoch: [54/400][160/400] lr: 1.99e-04 | MSE loss: 8.4060e-03 | time: 0.181
I 05.31/22:33:12 solver.py:136 ] Epoch: [54/400][180/400] lr: 1.99e-04 | MSE loss: 8.4545e-03 | time: 0.179
I 05.31/22:33:15 solver.py:136 ] Epoch: [54/400][200/400] lr: 1.99e-04 | MSE loss: 8.4784e-03 | time: 0.178
I 05.31/22:33:19 solver.py:136 ] Epoch: [54/400][220/400] lr: 1.99e-04 | MSE loss: 8.4616e-03 | time: 0.177
I 05.31/22:33:22 solver.py:136 ] Epoch: [54/400][240/400] lr: 1.99e-04 | MSE loss: 8.4348e-03 | time: 0.176
I 05.31/22:33:25 solver.py:136 ] Epoch: [54/400][260/400] lr: 1.99e-04 | MSE loss: 8.4180e-03 | time: 0.176
I 05.31/22:33:28 solver.py:136 ] Epoch: [54/400][280/400] lr: 1.99e-04 | MSE loss: 8.4065e-03 | time: 0.174
I 05.31/22:33:31 solver.py:136 ] Epoch: [54/400][300/400] lr: 1.99e-04 | MSE loss: 8.3906e-03 | time: 0.172
I 05.31/22:33:34 solver.py:136 ] Epoch: [54/400][320/400] lr: 1.99e-04 | MSE loss: 8.3685e-03 | time: 0.171
I 05.31/22:33:37 solver.py:136 ] Epoch: [54/400][340/400] lr: 1.99e-04 | MSE loss: 8.3567e-03 | time: 0.168
I 05.31/22:33:39 solver.py:136 ] Epoch: [54/400][360/400] lr: 1.99e-04 | MSE loss: 8.3535e-03 | time: 0.166
I 05.31/22:33:42 solver.py:136 ] Epoch: [54/400][380/400] lr: 1.99e-04 | MSE loss: 8.3801e-03 | time: 0.165
I 05.31/22:33:45 solver.py:136 ] Epoch: [54/400][400/400] lr: 1.99e-04 | MSE loss: 8.3606e-03 | time: 0.164
I 05.31/22:33:45 solver.py:146 ] => Train  Loss: 8.3606e-03

I 05.31/22:33:50 solver.py:205 ] 
=! Best NMSE: -1.7426e+01 (epoch=50)

I 05.31/22:33:52 solver.py:136 ] Epoch: [55/400][20/400] lr: 1.99e-04 | MSE loss: 8.4247e-03 | time: 0.141
I 05.31/22:33:55 solver.py:136 ] Epoch: [55/400][40/400] lr: 1.99e-04 | MSE loss: 8.0880e-03 | time: 0.144
I 05.31/22:33:59 solver.py:136 ] Epoch: [55/400][60/400] lr: 1.99e-04 | MSE loss: 8.1724e-03 | time: 0.155
I 05.31/22:34:04 solver.py:136 ] Epoch: [55/400][80/400] lr: 1.99e-04 | MSE loss: 8.1542e-03 | time: 0.183
I 05.31/22:34:08 solver.py:136 ] Epoch: [55/400][100/400] lr: 1.99e-04 | MSE loss: 8.2079e-03 | time: 0.182
I 05.31/22:34:11 solver.py:136 ] Epoch: [55/400][120/400] lr: 1.99e-04 | MSE loss: 8.2664e-03 | time: 0.180
I 05.31/22:34:15 solver.py:136 ] Epoch: [55/400][140/400] lr: 1.99e-04 | MSE loss: 8.2717e-03 | time: 0.182
I 05.31/22:34:18 solver.py:136 ] Epoch: [55/400][160/400] lr: 1.99e-04 | MSE loss: 8.2911e-03 | time: 0.176
I 05.31/22:34:21 solver.py:136 ] Epoch: [55/400][180/400] lr: 1.99e-04 | MSE loss: 8.3159e-03 | time: 0.175
I 05.31/22:34:25 solver.py:136 ] Epoch: [55/400][200/400] lr: 1.99e-04 | MSE loss: 8.3285e-03 | time: 0.175
I 05.31/22:34:28 solver.py:136 ] Epoch: [55/400][220/400] lr: 1.99e-04 | MSE loss: 8.3355e-03 | time: 0.174
I 05.31/22:34:31 solver.py:136 ] Epoch: [55/400][240/400] lr: 1.99e-04 | MSE loss: 8.3439e-03 | time: 0.174
I 05.31/22:34:35 solver.py:136 ] Epoch: [55/400][260/400] lr: 1.99e-04 | MSE loss: 8.3330e-03 | time: 0.173
I 05.31/22:34:38 solver.py:136 ] Epoch: [55/400][280/400] lr: 1.99e-04 | MSE loss: 8.2885e-03 | time: 0.173
I 05.31/22:34:41 solver.py:136 ] Epoch: [55/400][300/400] lr: 1.99e-04 | MSE loss: 8.2874e-03 | time: 0.172
I 05.31/22:34:44 solver.py:136 ] Epoch: [55/400][320/400] lr: 1.99e-04 | MSE loss: 8.2872e-03 | time: 0.171
I 05.31/22:34:48 solver.py:136 ] Epoch: [55/400][340/400] lr: 1.99e-04 | MSE loss: 8.2983e-03 | time: 0.171
I 05.31/22:34:51 solver.py:136 ] Epoch: [55/400][360/400] lr: 1.99e-04 | MSE loss: 8.2946e-03 | time: 0.171
I 05.31/22:34:54 solver.py:136 ] Epoch: [55/400][380/400] lr: 1.99e-04 | MSE loss: 8.2869e-03 | time: 0.169
I 05.31/22:34:57 solver.py:136 ] Epoch: [55/400][400/400] lr: 1.99e-04 | MSE loss: 8.2829e-03 | time: 0.168
I 05.31/22:34:57 solver.py:146 ] => Train  Loss: 8.2829e-03

I 05.31/22:35:02 solver.py:205 ] 
=! Best NMSE: -1.7426e+01 (epoch=50)

I 05.31/22:35:06 solver.py:136 ] Epoch: [56/400][20/400] lr: 1.99e-04 | MSE loss: 7.9296e-03 | time: 0.213
I 05.31/22:35:10 solver.py:136 ] Epoch: [56/400][40/400] lr: 1.99e-04 | MSE loss: 7.8216e-03 | time: 0.188
I 05.31/22:35:13 solver.py:136 ] Epoch: [56/400][60/400] lr: 1.99e-04 | MSE loss: 7.9940e-03 | time: 0.177
I 05.31/22:35:16 solver.py:136 ] Epoch: [56/400][80/400] lr: 1.99e-04 | MSE loss: 8.0504e-03 | time: 0.176
I 05.31/22:35:20 solver.py:136 ] Epoch: [56/400][100/400] lr: 1.99e-04 | MSE loss: 8.0527e-03 | time: 0.175
I 05.31/22:35:23 solver.py:136 ] Epoch: [56/400][120/400] lr: 1.99e-04 | MSE loss: 8.0804e-03 | time: 0.174
I 05.31/22:35:27 solver.py:136 ] Epoch: [56/400][140/400] lr: 1.99e-04 | MSE loss: 8.1000e-03 | time: 0.175
I 05.31/22:35:29 solver.py:136 ] Epoch: [56/400][160/400] lr: 1.99e-04 | MSE loss: 8.1768e-03 | time: 0.170
I 05.31/22:35:33 solver.py:136 ] Epoch: [56/400][180/400] lr: 1.99e-04 | MSE loss: 8.1679e-03 | time: 0.169
I 05.31/22:35:36 solver.py:136 ] Epoch: [56/400][200/400] lr: 1.99e-04 | MSE loss: 8.1980e-03 | time: 0.168
I 05.31/22:35:39 solver.py:136 ] Epoch: [56/400][220/400] lr: 1.99e-04 | MSE loss: 8.2054e-03 | time: 0.168
I 05.31/22:35:43 solver.py:136 ] Epoch: [56/400][240/400] lr: 1.99e-04 | MSE loss: 8.2212e-03 | time: 0.168
I 05.31/22:35:46 solver.py:136 ] Epoch: [56/400][260/400] lr: 1.99e-04 | MSE loss: 8.2317e-03 | time: 0.169
I 05.31/22:35:50 solver.py:136 ] Epoch: [56/400][280/400] lr: 1.99e-04 | MSE loss: 8.2327e-03 | time: 0.169
I 05.31/22:35:53 solver.py:136 ] Epoch: [56/400][300/400] lr: 1.99e-04 | MSE loss: 8.2132e-03 | time: 0.170
I 05.31/22:35:56 solver.py:136 ] Epoch: [56/400][320/400] lr: 1.99e-04 | MSE loss: 8.2199e-03 | time: 0.169
I 05.31/22:35:59 solver.py:136 ] Epoch: [56/400][340/400] lr: 1.99e-04 | MSE loss: 8.2213e-03 | time: 0.168
I 05.31/22:36:04 solver.py:136 ] Epoch: [56/400][360/400] lr: 1.99e-04 | MSE loss: 8.2108e-03 | time: 0.172
I 05.31/22:36:07 solver.py:136 ] Epoch: [56/400][380/400] lr: 1.99e-04 | MSE loss: 8.2106e-03 | time: 0.171
I 05.31/22:36:10 solver.py:136 ] Epoch: [56/400][400/400] lr: 1.99e-04 | MSE loss: 8.2109e-03 | time: 0.169
I 05.31/22:36:10 solver.py:146 ] => Train  Loss: 8.2109e-03

I 05.31/22:36:14 solver.py:205 ] 
=! Best NMSE: -1.7426e+01 (epoch=50)

I 05.31/22:36:18 solver.py:136 ] Epoch: [57/400][20/400] lr: 1.99e-04 | MSE loss: 8.3975e-03 | time: 0.179
I 05.31/22:36:21 solver.py:136 ] Epoch: [57/400][40/400] lr: 1.99e-04 | MSE loss: 8.1479e-03 | time: 0.170
I 05.31/22:36:24 solver.py:136 ] Epoch: [57/400][60/400] lr: 1.99e-04 | MSE loss: 8.2553e-03 | time: 0.165
I 05.31/22:36:27 solver.py:136 ] Epoch: [57/400][80/400] lr: 1.99e-04 | MSE loss: 8.1925e-03 | time: 0.163
I 05.31/22:36:30 solver.py:136 ] Epoch: [57/400][100/400] lr: 1.99e-04 | MSE loss: 8.2172e-03 | time: 0.162
I 05.31/22:36:34 solver.py:136 ] Epoch: [57/400][120/400] lr: 1.99e-04 | MSE loss: 8.2023e-03 | time: 0.164
I 05.31/22:36:37 solver.py:136 ] Epoch: [57/400][140/400] lr: 1.99e-04 | MSE loss: 8.1734e-03 | time: 0.165
I 05.31/22:36:40 solver.py:136 ] Epoch: [57/400][160/400] lr: 1.99e-04 | MSE loss: 8.1908e-03 | time: 0.163
I 05.31/22:36:43 solver.py:136 ] Epoch: [57/400][180/400] lr: 1.99e-04 | MSE loss: 8.1993e-03 | time: 0.162
I 05.31/22:36:46 solver.py:136 ] Epoch: [57/400][200/400] lr: 1.99e-04 | MSE loss: 8.1848e-03 | time: 0.162
I 05.31/22:36:50 solver.py:136 ] Epoch: [57/400][220/400] lr: 1.99e-04 | MSE loss: 8.1788e-03 | time: 0.162
I 05.31/22:36:53 solver.py:136 ] Epoch: [57/400][240/400] lr: 1.99e-04 | MSE loss: 8.1958e-03 | time: 0.163
I 05.31/22:36:56 solver.py:136 ] Epoch: [57/400][260/400] lr: 1.99e-04 | MSE loss: 8.1983e-03 | time: 0.163
I 05.31/22:37:00 solver.py:136 ] Epoch: [57/400][280/400] lr: 1.99e-04 | MSE loss: 8.1585e-03 | time: 0.165
I 05.31/22:37:05 solver.py:136 ] Epoch: [57/400][300/400] lr: 1.99e-04 | MSE loss: 8.1725e-03 | time: 0.172
I 05.31/22:37:09 solver.py:136 ] Epoch: [57/400][320/400] lr: 1.99e-04 | MSE loss: 8.1799e-03 | time: 0.171
I 05.31/22:37:11 solver.py:136 ] Epoch: [57/400][340/400] lr: 1.99e-04 | MSE loss: 8.1680e-03 | time: 0.169
I 05.31/22:37:15 solver.py:136 ] Epoch: [57/400][360/400] lr: 1.99e-04 | MSE loss: 8.1844e-03 | time: 0.170
I 05.31/22:37:18 solver.py:136 ] Epoch: [57/400][380/400] lr: 1.99e-04 | MSE loss: 8.1811e-03 | time: 0.169
I 05.31/22:37:21 solver.py:136 ] Epoch: [57/400][400/400] lr: 1.99e-04 | MSE loss: 8.1825e-03 | time: 0.168
I 05.31/22:37:21 solver.py:146 ] => Train  Loss: 8.1825e-03

I 05.31/22:37:27 solver.py:205 ] 
=! Best NMSE: -1.7426e+01 (epoch=50)

I 05.31/22:37:31 solver.py:136 ] Epoch: [58/400][20/400] lr: 1.99e-04 | MSE loss: 8.0575e-03 | time: 0.182
I 05.31/22:37:34 solver.py:136 ] Epoch: [58/400][40/400] lr: 1.99e-04 | MSE loss: 8.3520e-03 | time: 0.171
I 05.31/22:37:37 solver.py:136 ] Epoch: [58/400][60/400] lr: 1.99e-04 | MSE loss: 8.1607e-03 | time: 0.163
I 05.31/22:37:40 solver.py:136 ] Epoch: [58/400][80/400] lr: 1.99e-04 | MSE loss: 8.1617e-03 | time: 0.157
I 05.31/22:37:43 solver.py:136 ] Epoch: [58/400][100/400] lr: 1.99e-04 | MSE loss: 8.1956e-03 | time: 0.154
I 05.31/22:37:45 solver.py:136 ] Epoch: [58/400][120/400] lr: 1.99e-04 | MSE loss: 8.2100e-03 | time: 0.149
I 05.31/22:37:48 solver.py:136 ] Epoch: [58/400][140/400] lr: 1.99e-04 | MSE loss: 8.1808e-03 | time: 0.147
I 05.31/22:37:51 solver.py:136 ] Epoch: [58/400][160/400] lr: 1.99e-04 | MSE loss: 8.1751e-03 | time: 0.150
I 05.31/22:37:55 solver.py:136 ] Epoch: [58/400][180/400] lr: 1.99e-04 | MSE loss: 8.1640e-03 | time: 0.151
I 05.31/22:37:58 solver.py:136 ] Epoch: [58/400][200/400] lr: 1.99e-04 | MSE loss: 8.1362e-03 | time: 0.150
I 05.31/22:38:02 solver.py:136 ] Epoch: [58/400][220/400] lr: 1.99e-04 | MSE loss: 8.1529e-03 | time: 0.157
I 05.31/22:38:06 solver.py:136 ] Epoch: [58/400][240/400] lr: 1.99e-04 | MSE loss: 8.1359e-03 | time: 0.162
I 05.31/22:38:10 solver.py:136 ] Epoch: [58/400][260/400] lr: 1.99e-04 | MSE loss: 8.1229e-03 | time: 0.163
I 05.31/22:38:13 solver.py:136 ] Epoch: [58/400][280/400] lr: 1.99e-04 | MSE loss: 8.1347e-03 | time: 0.163
I 05.31/22:38:17 solver.py:136 ] Epoch: [58/400][300/400] lr: 1.99e-04 | MSE loss: 8.1447e-03 | time: 0.165
I 05.31/22:38:20 solver.py:136 ] Epoch: [58/400][320/400] lr: 1.99e-04 | MSE loss: 8.1208e-03 | time: 0.165
I 05.31/22:38:23 solver.py:136 ] Epoch: [58/400][340/400] lr: 1.99e-04 | MSE loss: 8.1229e-03 | time: 0.164
I 05.31/22:38:26 solver.py:136 ] Epoch: [58/400][360/400] lr: 1.99e-04 | MSE loss: 8.1249e-03 | time: 0.164
I 05.31/22:38:30 solver.py:136 ] Epoch: [58/400][380/400] lr: 1.99e-04 | MSE loss: 8.1272e-03 | time: 0.163
I 05.31/22:38:33 solver.py:136 ] Epoch: [58/400][400/400] lr: 1.99e-04 | MSE loss: 8.1261e-03 | time: 0.163
I 05.31/22:38:33 solver.py:146 ] => Train  Loss: 8.1261e-03

I 05.31/22:38:37 solver.py:205 ] 
=! Best NMSE: -1.7426e+01 (epoch=50)

I 05.31/22:38:41 solver.py:136 ] Epoch: [59/400][20/400] lr: 1.99e-04 | MSE loss: 8.1485e-03 | time: 0.181
I 05.31/22:38:44 solver.py:136 ] Epoch: [59/400][40/400] lr: 1.99e-04 | MSE loss: 7.9957e-03 | time: 0.172
I 05.31/22:38:47 solver.py:136 ] Epoch: [59/400][60/400] lr: 1.99e-04 | MSE loss: 7.9328e-03 | time: 0.167
I 05.31/22:38:50 solver.py:136 ] Epoch: [59/400][80/400] lr: 1.99e-04 | MSE loss: 7.9051e-03 | time: 0.163
I 05.31/22:38:54 solver.py:136 ] Epoch: [59/400][100/400] lr: 1.99e-04 | MSE loss: 7.9425e-03 | time: 0.161
I 05.31/22:38:57 solver.py:136 ] Epoch: [59/400][120/400] lr: 1.99e-04 | MSE loss: 7.9761e-03 | time: 0.163
I 05.31/22:39:00 solver.py:136 ] Epoch: [59/400][140/400] lr: 1.99e-04 | MSE loss: 7.9274e-03 | time: 0.165
I 05.31/22:39:05 solver.py:136 ] Epoch: [59/400][160/400] lr: 1.99e-04 | MSE loss: 7.9626e-03 | time: 0.175
I 05.31/22:39:09 solver.py:136 ] Epoch: [59/400][180/400] lr: 1.99e-04 | MSE loss: 7.9641e-03 | time: 0.174
I 05.31/22:39:11 solver.py:136 ] Epoch: [59/400][200/400] lr: 1.99e-04 | MSE loss: 7.9802e-03 | time: 0.170
I 05.31/22:39:14 solver.py:136 ] Epoch: [59/400][220/400] lr: 1.99e-04 | MSE loss: 7.9863e-03 | time: 0.168
I 05.31/22:39:18 solver.py:136 ] Epoch: [59/400][240/400] lr: 1.99e-04 | MSE loss: 8.0574e-03 | time: 0.167
I 05.31/22:39:21 solver.py:136 ] Epoch: [59/400][260/400] lr: 1.99e-04 | MSE loss: 8.0657e-03 | time: 0.168
I 05.31/22:39:24 solver.py:136 ] Epoch: [59/400][280/400] lr: 1.99e-04 | MSE loss: 8.0656e-03 | time: 0.168
I 05.31/22:39:28 solver.py:136 ] Epoch: [59/400][300/400] lr: 1.99e-04 | MSE loss: 8.0478e-03 | time: 0.168
I 05.31/22:39:31 solver.py:136 ] Epoch: [59/400][320/400] lr: 1.99e-04 | MSE loss: 8.0682e-03 | time: 0.167
I 05.31/22:39:34 solver.py:136 ] Epoch: [59/400][340/400] lr: 1.99e-04 | MSE loss: 8.0579e-03 | time: 0.165
I 05.31/22:39:37 solver.py:136 ] Epoch: [59/400][360/400] lr: 1.99e-04 | MSE loss: 8.0730e-03 | time: 0.164
I 05.31/22:39:40 solver.py:136 ] Epoch: [59/400][380/400] lr: 1.99e-04 | MSE loss: 8.0770e-03 | time: 0.165
I 05.31/22:39:43 solver.py:136 ] Epoch: [59/400][400/400] lr: 1.99e-04 | MSE loss: 8.0749e-03 | time: 0.164
I 05.31/22:39:43 solver.py:146 ] => Train  Loss: 8.0749e-03

I 05.31/22:39:48 solver.py:205 ] 
=! Best NMSE: -1.7426e+01 (epoch=50)

I 05.31/22:39:52 solver.py:136 ] Epoch: [60/400][20/400] lr: 1.99e-04 | MSE loss: 8.1110e-03 | time: 0.183
I 05.31/22:39:55 solver.py:136 ] Epoch: [60/400][40/400] lr: 1.99e-04 | MSE loss: 8.1911e-03 | time: 0.169
I 05.31/22:39:58 solver.py:136 ] Epoch: [60/400][60/400] lr: 1.99e-04 | MSE loss: 8.1028e-03 | time: 0.163
I 05.31/22:40:01 solver.py:136 ] Epoch: [60/400][80/400] lr: 1.99e-04 | MSE loss: 8.0087e-03 | time: 0.171
I 05.31/22:40:06 solver.py:136 ] Epoch: [60/400][100/400] lr: 1.99e-04 | MSE loss: 7.9572e-03 | time: 0.182
I 05.31/22:40:10 solver.py:136 ] Epoch: [60/400][120/400] lr: 1.99e-04 | MSE loss: 7.9846e-03 | time: 0.180
I 05.31/22:40:13 solver.py:136 ] Epoch: [60/400][140/400] lr: 1.99e-04 | MSE loss: 7.9115e-03 | time: 0.178
I 05.31/22:40:16 solver.py:136 ] Epoch: [60/400][160/400] lr: 1.99e-04 | MSE loss: 7.9428e-03 | time: 0.176
I 05.31/22:40:19 solver.py:136 ] Epoch: [60/400][180/400] lr: 1.99e-04 | MSE loss: 7.9596e-03 | time: 0.176
I 05.31/22:40:23 solver.py:136 ] Epoch: [60/400][200/400] lr: 1.99e-04 | MSE loss: 7.9534e-03 | time: 0.174
I 05.31/22:40:26 solver.py:136 ] Epoch: [60/400][220/400] lr: 1.99e-04 | MSE loss: 7.9742e-03 | time: 0.173
I 05.31/22:40:29 solver.py:136 ] Epoch: [60/400][240/400] lr: 1.99e-04 | MSE loss: 8.0073e-03 | time: 0.173
I 05.31/22:40:33 solver.py:136 ] Epoch: [60/400][260/400] lr: 1.99e-04 | MSE loss: 8.0269e-03 | time: 0.174
I 05.31/22:40:36 solver.py:136 ] Epoch: [60/400][280/400] lr: 1.99e-04 | MSE loss: 8.0218e-03 | time: 0.173
I 05.31/22:40:40 solver.py:136 ] Epoch: [60/400][300/400] lr: 1.99e-04 | MSE loss: 8.0112e-03 | time: 0.173
I 05.31/22:40:43 solver.py:136 ] Epoch: [60/400][320/400] lr: 1.99e-04 | MSE loss: 8.0250e-03 | time: 0.174
I 05.31/22:40:46 solver.py:136 ] Epoch: [60/400][340/400] lr: 1.99e-04 | MSE loss: 8.0191e-03 | time: 0.172
I 05.31/22:40:49 solver.py:136 ] Epoch: [60/400][360/400] lr: 1.99e-04 | MSE loss: 8.0182e-03 | time: 0.171
I 05.31/22:40:53 solver.py:136 ] Epoch: [60/400][380/400] lr: 1.99e-04 | MSE loss: 8.0075e-03 | time: 0.171
I 05.31/22:40:56 solver.py:136 ] Epoch: [60/400][400/400] lr: 1.99e-04 | MSE loss: 8.0156e-03 | time: 0.171
I 05.31/22:40:56 solver.py:146 ] => Train  Loss: 8.0156e-03

I 05.31/22:41:00 solver.py:136 ] Epoch: [60/400][20/50] lr: 1.99e-04 | MSE loss: 8.5919e-03 | time: 0.151
I 05.31/22:41:05 solver.py:136 ] Epoch: [60/400][40/50] lr: 1.99e-04 | MSE loss: 8.4070e-03 | time: 0.203
I 05.31/22:41:06 solver.py:146 ] => Val  Loss: 8.3946e-03

I 05.31/22:41:10 solver.py:287 ] [20/50] loss: 8.4701e-03 | NMSE: -1.7744e+01 | time: 0.159
I 05.31/22:41:13 solver.py:287 ] [40/50] loss: 8.4856e-03 | NMSE: -1.7731e+01 | time: 0.154
I 05.31/22:41:14 solver.py:291 ] => Test NMSE: -1.7748e+01

I 05.31/22:41:23 solver.py:205 ] 
=! Best NMSE: -1.7748e+01 (epoch=60)

I 05.31/22:41:27 solver.py:136 ] Epoch: [61/400][20/400] lr: 1.99e-04 | MSE loss: 7.9263e-03 | time: 0.192
I 05.31/22:41:30 solver.py:136 ] Epoch: [61/400][40/400] lr: 1.99e-04 | MSE loss: 7.7454e-03 | time: 0.175
I 05.31/22:41:33 solver.py:136 ] Epoch: [61/400][60/400] lr: 1.99e-04 | MSE loss: 7.9328e-03 | time: 0.161
I 05.31/22:41:35 solver.py:136 ] Epoch: [61/400][80/400] lr: 1.99e-04 | MSE loss: 7.9024e-03 | time: 0.156
I 05.31/22:41:39 solver.py:136 ] Epoch: [61/400][100/400] lr: 1.99e-04 | MSE loss: 7.8769e-03 | time: 0.159
I 05.31/22:41:42 solver.py:136 ] Epoch: [61/400][120/400] lr: 1.99e-04 | MSE loss: 7.9060e-03 | time: 0.161
I 05.31/22:41:46 solver.py:136 ] Epoch: [61/400][140/400] lr: 1.99e-04 | MSE loss: 7.8810e-03 | time: 0.162
I 05.31/22:41:49 solver.py:136 ] Epoch: [61/400][160/400] lr: 1.99e-04 | MSE loss: 7.9003e-03 | time: 0.162
I 05.31/22:41:53 solver.py:136 ] Epoch: [61/400][180/400] lr: 1.99e-04 | MSE loss: 7.9440e-03 | time: 0.164
I 05.31/22:41:56 solver.py:136 ] Epoch: [61/400][200/400] lr: 1.99e-04 | MSE loss: 7.9224e-03 | time: 0.165
I 05.31/22:41:59 solver.py:136 ] Epoch: [61/400][220/400] lr: 1.99e-04 | MSE loss: 7.9541e-03 | time: 0.163
I 05.31/22:42:03 solver.py:136 ] Epoch: [61/400][240/400] lr: 1.99e-04 | MSE loss: 7.9296e-03 | time: 0.168
I 05.31/22:42:07 solver.py:136 ] Epoch: [61/400][260/400] lr: 1.99e-04 | MSE loss: 7.9492e-03 | time: 0.170
I 05.31/22:42:11 solver.py:136 ] Epoch: [61/400][280/400] lr: 1.99e-04 | MSE loss: 7.9402e-03 | time: 0.171
I 05.31/22:42:14 solver.py:136 ] Epoch: [61/400][300/400] lr: 1.99e-04 | MSE loss: 7.9427e-03 | time: 0.169
I 05.31/22:42:17 solver.py:136 ] Epoch: [61/400][320/400] lr: 1.99e-04 | MSE loss: 7.9261e-03 | time: 0.169
I 05.31/22:42:20 solver.py:136 ] Epoch: [61/400][340/400] lr: 1.99e-04 | MSE loss: 7.9317e-03 | time: 0.169
I 05.31/22:42:23 solver.py:136 ] Epoch: [61/400][360/400] lr: 1.99e-04 | MSE loss: 7.9324e-03 | time: 0.168
I 05.31/22:42:26 solver.py:136 ] Epoch: [61/400][380/400] lr: 1.99e-04 | MSE loss: 7.9527e-03 | time: 0.167
I 05.31/22:42:30 solver.py:136 ] Epoch: [61/400][400/400] lr: 1.99e-04 | MSE loss: 7.9582e-03 | time: 0.167
I 05.31/22:42:30 solver.py:146 ] => Train  Loss: 7.9582e-03

I 05.31/22:42:36 solver.py:205 ] 
=! Best NMSE: -1.7748e+01 (epoch=60)

I 05.31/22:42:39 solver.py:136 ] Epoch: [62/400][20/400] lr: 1.99e-04 | MSE loss: 7.9009e-03 | time: 0.192
I 05.31/22:42:43 solver.py:136 ] Epoch: [62/400][40/400] lr: 1.99e-04 | MSE loss: 7.8739e-03 | time: 0.172
I 05.31/22:42:45 solver.py:136 ] Epoch: [62/400][60/400] lr: 1.99e-04 | MSE loss: 7.8793e-03 | time: 0.157
I 05.31/22:42:48 solver.py:136 ] Epoch: [62/400][80/400] lr: 1.99e-04 | MSE loss: 7.8580e-03 | time: 0.152
I 05.31/22:42:51 solver.py:136 ] Epoch: [62/400][100/400] lr: 1.99e-04 | MSE loss: 7.8365e-03 | time: 0.154
I 05.31/22:42:54 solver.py:136 ] Epoch: [62/400][120/400] lr: 1.99e-04 | MSE loss: 7.8796e-03 | time: 0.156
I 05.31/22:42:58 solver.py:136 ] Epoch: [62/400][140/400] lr: 1.99e-04 | MSE loss: 7.8337e-03 | time: 0.158
I 05.31/22:43:02 solver.py:136 ] Epoch: [62/400][160/400] lr: 1.99e-04 | MSE loss: 7.8367e-03 | time: 0.163
I 05.31/22:43:06 solver.py:136 ] Epoch: [62/400][180/400] lr: 1.99e-04 | MSE loss: 7.8211e-03 | time: 0.169
I 05.31/22:43:09 solver.py:136 ] Epoch: [62/400][200/400] lr: 1.99e-04 | MSE loss: 7.8535e-03 | time: 0.167
I 05.31/22:43:12 solver.py:136 ] Epoch: [62/400][220/400] lr: 1.99e-04 | MSE loss: 7.8342e-03 | time: 0.167
I 05.31/22:43:15 solver.py:136 ] Epoch: [62/400][240/400] lr: 1.99e-04 | MSE loss: 7.8366e-03 | time: 0.166
I 05.31/22:43:19 solver.py:136 ] Epoch: [62/400][260/400] lr: 1.99e-04 | MSE loss: 7.8279e-03 | time: 0.166
I 05.31/22:43:22 solver.py:136 ] Epoch: [62/400][280/400] lr: 1.99e-04 | MSE loss: 7.8555e-03 | time: 0.166
I 05.31/22:43:25 solver.py:136 ] Epoch: [62/400][300/400] lr: 1.99e-04 | MSE loss: 7.8524e-03 | time: 0.166
I 05.31/22:43:28 solver.py:136 ] Epoch: [62/400][320/400] lr: 1.99e-04 | MSE loss: 7.8978e-03 | time: 0.165
I 05.31/22:43:31 solver.py:136 ] Epoch: [62/400][340/400] lr: 1.99e-04 | MSE loss: 7.9057e-03 | time: 0.164
I 05.31/22:43:35 solver.py:136 ] Epoch: [62/400][360/400] lr: 1.99e-04 | MSE loss: 7.9234e-03 | time: 0.164
I 05.31/22:43:38 solver.py:136 ] Epoch: [62/400][380/400] lr: 1.99e-04 | MSE loss: 7.9161e-03 | time: 0.165
I 05.31/22:43:42 solver.py:136 ] Epoch: [62/400][400/400] lr: 1.99e-04 | MSE loss: 7.9316e-03 | time: 0.165
I 05.31/22:43:42 solver.py:146 ] => Train  Loss: 7.9316e-03

I 05.31/22:43:45 solver.py:205 ] 
=! Best NMSE: -1.7748e+01 (epoch=60)

I 05.31/22:43:48 solver.py:136 ] Epoch: [63/400][20/400] lr: 1.99e-04 | MSE loss: 7.8883e-03 | time: 0.164
I 05.31/22:43:52 solver.py:136 ] Epoch: [63/400][40/400] lr: 1.99e-04 | MSE loss: 7.9737e-03 | time: 0.168
I 05.31/22:43:55 solver.py:136 ] Epoch: [63/400][60/400] lr: 1.99e-04 | MSE loss: 7.9482e-03 | time: 0.165
I 05.31/22:43:58 solver.py:136 ] Epoch: [63/400][80/400] lr: 1.99e-04 | MSE loss: 8.0004e-03 | time: 0.158
I 05.31/22:44:01 solver.py:136 ] Epoch: [63/400][100/400] lr: 1.99e-04 | MSE loss: 7.9345e-03 | time: 0.157
I 05.31/22:44:06 solver.py:136 ] Epoch: [63/400][120/400] lr: 1.99e-04 | MSE loss: 7.9119e-03 | time: 0.171
I 05.31/22:44:09 solver.py:136 ] Epoch: [63/400][140/400] lr: 1.99e-04 | MSE loss: 7.8801e-03 | time: 0.171
I 05.31/22:44:12 solver.py:136 ] Epoch: [63/400][160/400] lr: 1.99e-04 | MSE loss: 7.8796e-03 | time: 0.170
I 05.31/22:44:16 solver.py:136 ] Epoch: [63/400][180/400] lr: 1.99e-04 | MSE loss: 7.8853e-03 | time: 0.170
I 05.31/22:44:19 solver.py:136 ] Epoch: [63/400][200/400] lr: 1.99e-04 | MSE loss: 7.9039e-03 | time: 0.169
I 05.31/22:44:22 solver.py:136 ] Epoch: [63/400][220/400] lr: 1.99e-04 | MSE loss: 7.8887e-03 | time: 0.168
I 05.31/22:44:25 solver.py:136 ] Epoch: [63/400][240/400] lr: 1.99e-04 | MSE loss: 7.8665e-03 | time: 0.167
I 05.31/22:44:28 solver.py:136 ] Epoch: [63/400][260/400] lr: 1.99e-04 | MSE loss: 7.8572e-03 | time: 0.166
I 05.31/22:44:32 solver.py:136 ] Epoch: [63/400][280/400] lr: 1.99e-04 | MSE loss: 7.8507e-03 | time: 0.167
I 05.31/22:44:35 solver.py:136 ] Epoch: [63/400][300/400] lr: 1.99e-04 | MSE loss: 7.8340e-03 | time: 0.168
I 05.31/22:44:38 solver.py:136 ] Epoch: [63/400][320/400] lr: 1.99e-04 | MSE loss: 7.8347e-03 | time: 0.166
I 05.31/22:44:42 solver.py:136 ] Epoch: [63/400][340/400] lr: 1.99e-04 | MSE loss: 7.8447e-03 | time: 0.166
I 05.31/22:44:46 solver.py:136 ] Epoch: [63/400][360/400] lr: 1.99e-04 | MSE loss: 7.8604e-03 | time: 0.168
I 05.31/22:44:49 solver.py:136 ] Epoch: [63/400][380/400] lr: 1.99e-04 | MSE loss: 7.8561e-03 | time: 0.167
I 05.31/22:44:52 solver.py:136 ] Epoch: [63/400][400/400] lr: 1.98e-04 | MSE loss: 7.8726e-03 | time: 0.167
I 05.31/22:44:52 solver.py:146 ] => Train  Loss: 7.8726e-03

I 05.31/22:44:56 solver.py:205 ] 
=! Best NMSE: -1.7748e+01 (epoch=60)

I 05.31/22:45:00 solver.py:136 ] Epoch: [64/400][20/400] lr: 1.98e-04 | MSE loss: 7.8273e-03 | time: 0.165
I 05.31/22:45:05 solver.py:136 ] Epoch: [64/400][40/400] lr: 1.98e-04 | MSE loss: 7.8794e-03 | time: 0.213
I 05.31/22:45:08 solver.py:136 ] Epoch: [64/400][60/400] lr: 1.98e-04 | MSE loss: 7.9649e-03 | time: 0.194
I 05.31/22:45:11 solver.py:136 ] Epoch: [64/400][80/400] lr: 1.98e-04 | MSE loss: 7.8825e-03 | time: 0.184
I 05.31/22:45:14 solver.py:136 ] Epoch: [64/400][100/400] lr: 1.98e-04 | MSE loss: 7.8547e-03 | time: 0.180
I 05.31/22:45:17 solver.py:136 ] Epoch: [64/400][120/400] lr: 1.98e-04 | MSE loss: 7.8358e-03 | time: 0.176
I 05.31/22:45:20 solver.py:136 ] Epoch: [64/400][140/400] lr: 1.98e-04 | MSE loss: 7.7806e-03 | time: 0.173
I 05.31/22:45:24 solver.py:136 ] Epoch: [64/400][160/400] lr: 1.98e-04 | MSE loss: 7.8265e-03 | time: 0.173
I 05.31/22:45:28 solver.py:136 ] Epoch: [64/400][180/400] lr: 1.98e-04 | MSE loss: 7.8640e-03 | time: 0.174
I 05.31/22:45:31 solver.py:136 ] Epoch: [64/400][200/400] lr: 1.98e-04 | MSE loss: 7.8688e-03 | time: 0.174
I 05.31/22:45:34 solver.py:136 ] Epoch: [64/400][220/400] lr: 1.98e-04 | MSE loss: 7.8818e-03 | time: 0.172
I 05.31/22:45:38 solver.py:136 ] Epoch: [64/400][240/400] lr: 1.98e-04 | MSE loss: 7.8656e-03 | time: 0.173
I 05.31/22:45:41 solver.py:136 ] Epoch: [64/400][260/400] lr: 1.98e-04 | MSE loss: 7.8731e-03 | time: 0.174
I 05.31/22:45:45 solver.py:136 ] Epoch: [64/400][280/400] lr: 1.98e-04 | MSE loss: 7.8711e-03 | time: 0.173
I 05.31/22:45:48 solver.py:136 ] Epoch: [64/400][300/400] lr: 1.98e-04 | MSE loss: 7.8950e-03 | time: 0.173
I 05.31/22:45:51 solver.py:136 ] Epoch: [64/400][320/400] lr: 1.98e-04 | MSE loss: 7.8894e-03 | time: 0.172
I 05.31/22:45:55 solver.py:136 ] Epoch: [64/400][340/400] lr: 1.98e-04 | MSE loss: 7.8638e-03 | time: 0.171
I 05.31/22:45:57 solver.py:136 ] Epoch: [64/400][360/400] lr: 1.98e-04 | MSE loss: 7.8539e-03 | time: 0.170
I 05.31/22:46:01 solver.py:136 ] Epoch: [64/400][380/400] lr: 1.98e-04 | MSE loss: 7.8421e-03 | time: 0.170
I 05.31/22:46:06 solver.py:136 ] Epoch: [64/400][400/400] lr: 1.98e-04 | MSE loss: 7.8358e-03 | time: 0.174
I 05.31/22:46:06 solver.py:146 ] => Train  Loss: 7.8358e-03

I 05.31/22:46:11 solver.py:205 ] 
=! Best NMSE: -1.7748e+01 (epoch=60)

I 05.31/22:46:15 solver.py:136 ] Epoch: [65/400][20/400] lr: 1.98e-04 | MSE loss: 7.6397e-03 | time: 0.165
I 05.31/22:46:17 solver.py:136 ] Epoch: [65/400][40/400] lr: 1.98e-04 | MSE loss: 7.8764e-03 | time: 0.145
I 05.31/22:46:19 solver.py:136 ] Epoch: [65/400][60/400] lr: 1.98e-04 | MSE loss: 7.8691e-03 | time: 0.128
I 05.31/22:46:22 solver.py:136 ] Epoch: [65/400][80/400] lr: 1.98e-04 | MSE loss: 7.7511e-03 | time: 0.129
I 05.31/22:46:25 solver.py:136 ] Epoch: [65/400][100/400] lr: 1.98e-04 | MSE loss: 7.8266e-03 | time: 0.135
I 05.31/22:46:28 solver.py:136 ] Epoch: [65/400][120/400] lr: 1.98e-04 | MSE loss: 7.8076e-03 | time: 0.139
I 05.31/22:46:31 solver.py:136 ] Epoch: [65/400][140/400] lr: 1.98e-04 | MSE loss: 7.8240e-03 | time: 0.137
I 05.31/22:46:33 solver.py:136 ] Epoch: [65/400][160/400] lr: 1.98e-04 | MSE loss: 7.8032e-03 | time: 0.136
I 05.31/22:46:37 solver.py:136 ] Epoch: [65/400][180/400] lr: 1.98e-04 | MSE loss: 7.8209e-03 | time: 0.139
I 05.31/22:46:40 solver.py:136 ] Epoch: [65/400][200/400] lr: 1.98e-04 | MSE loss: 7.7985e-03 | time: 0.142
I 05.31/22:46:43 solver.py:136 ] Epoch: [65/400][220/400] lr: 1.98e-04 | MSE loss: 7.7634e-03 | time: 0.143
I 05.31/22:46:46 solver.py:136 ] Epoch: [65/400][240/400] lr: 1.98e-04 | MSE loss: 7.7570e-03 | time: 0.144
I 05.31/22:46:50 solver.py:136 ] Epoch: [65/400][260/400] lr: 1.98e-04 | MSE loss: 7.7467e-03 | time: 0.147
I 05.31/22:46:53 solver.py:136 ] Epoch: [65/400][280/400] lr: 1.98e-04 | MSE loss: 7.7460e-03 | time: 0.148
I 05.31/22:46:56 solver.py:136 ] Epoch: [65/400][300/400] lr: 1.98e-04 | MSE loss: 7.7366e-03 | time: 0.149
I 05.31/22:47:00 solver.py:136 ] Epoch: [65/400][320/400] lr: 1.98e-04 | MSE loss: 7.7437e-03 | time: 0.151
I 05.31/22:47:05 solver.py:136 ] Epoch: [65/400][340/400] lr: 1.98e-04 | MSE loss: 7.7548e-03 | time: 0.157
I 05.31/22:47:08 solver.py:136 ] Epoch: [65/400][360/400] lr: 1.98e-04 | MSE loss: 7.7710e-03 | time: 0.158
I 05.31/22:47:12 solver.py:136 ] Epoch: [65/400][380/400] lr: 1.98e-04 | MSE loss: 7.7792e-03 | time: 0.158
I 05.31/22:47:14 solver.py:136 ] Epoch: [65/400][400/400] lr: 1.98e-04 | MSE loss: 7.7858e-03 | time: 0.158
I 05.31/22:47:14 solver.py:146 ] => Train  Loss: 7.7858e-03

I 05.31/22:47:20 solver.py:205 ] 
=! Best NMSE: -1.7748e+01 (epoch=60)

I 05.31/22:47:24 solver.py:136 ] Epoch: [66/400][20/400] lr: 1.98e-04 | MSE loss: 7.7606e-03 | time: 0.181
I 05.31/22:47:27 solver.py:136 ] Epoch: [66/400][40/400] lr: 1.98e-04 | MSE loss: 7.7912e-03 | time: 0.177
I 05.31/22:47:30 solver.py:136 ] Epoch: [66/400][60/400] lr: 1.98e-04 | MSE loss: 7.8151e-03 | time: 0.168
I 05.31/22:47:33 solver.py:136 ] Epoch: [66/400][80/400] lr: 1.98e-04 | MSE loss: 7.7844e-03 | time: 0.160
I 05.31/22:47:36 solver.py:136 ] Epoch: [66/400][100/400] lr: 1.98e-04 | MSE loss: 7.7827e-03 | time: 0.157
I 05.31/22:47:39 solver.py:136 ] Epoch: [66/400][120/400] lr: 1.98e-04 | MSE loss: 7.7586e-03 | time: 0.159
I 05.31/22:47:43 solver.py:136 ] Epoch: [66/400][140/400] lr: 1.98e-04 | MSE loss: 7.7513e-03 | time: 0.162
I 05.31/22:47:46 solver.py:136 ] Epoch: [66/400][160/400] lr: 1.98e-04 | MSE loss: 7.7645e-03 | time: 0.162
I 05.31/22:47:48 solver.py:136 ] Epoch: [66/400][180/400] lr: 1.98e-04 | MSE loss: 7.7568e-03 | time: 0.159
I 05.31/22:47:51 solver.py:136 ] Epoch: [66/400][200/400] lr: 1.98e-04 | MSE loss: 7.7636e-03 | time: 0.157
I 05.31/22:47:55 solver.py:136 ] Epoch: [66/400][220/400] lr: 1.98e-04 | MSE loss: 7.7733e-03 | time: 0.158
I 05.31/22:47:58 solver.py:136 ] Epoch: [66/400][240/400] lr: 1.98e-04 | MSE loss: 7.7814e-03 | time: 0.157
I 05.31/22:48:02 solver.py:136 ] Epoch: [66/400][260/400] lr: 1.98e-04 | MSE loss: 7.7719e-03 | time: 0.162
I 05.31/22:48:07 solver.py:136 ] Epoch: [66/400][280/400] lr: 1.98e-04 | MSE loss: 7.7856e-03 | time: 0.167
I 05.31/22:48:10 solver.py:136 ] Epoch: [66/400][300/400] lr: 1.98e-04 | MSE loss: 7.7875e-03 | time: 0.168
I 05.31/22:48:14 solver.py:136 ] Epoch: [66/400][320/400] lr: 1.98e-04 | MSE loss: 7.7825e-03 | time: 0.168
I 05.31/22:48:17 solver.py:136 ] Epoch: [66/400][340/400] lr: 1.98e-04 | MSE loss: 7.7648e-03 | time: 0.168
I 05.31/22:48:21 solver.py:136 ] Epoch: [66/400][360/400] lr: 1.98e-04 | MSE loss: 7.7660e-03 | time: 0.169
I 05.31/22:48:24 solver.py:136 ] Epoch: [66/400][380/400] lr: 1.98e-04 | MSE loss: 7.7682e-03 | time: 0.169
I 05.31/22:48:27 solver.py:136 ] Epoch: [66/400][400/400] lr: 1.98e-04 | MSE loss: 7.7637e-03 | time: 0.168
I 05.31/22:48:27 solver.py:146 ] => Train  Loss: 7.7637e-03

I 05.31/22:48:34 solver.py:205 ] 
=! Best NMSE: -1.7748e+01 (epoch=60)

I 05.31/22:48:38 solver.py:136 ] Epoch: [67/400][20/400] lr: 1.98e-04 | MSE loss: 7.7882e-03 | time: 0.186
I 05.31/22:48:41 solver.py:136 ] Epoch: [67/400][40/400] lr: 1.98e-04 | MSE loss: 7.7230e-03 | time: 0.169
I 05.31/22:48:44 solver.py:136 ] Epoch: [67/400][60/400] lr: 1.98e-04 | MSE loss: 7.8618e-03 | time: 0.165
I 05.31/22:48:47 solver.py:136 ] Epoch: [67/400][80/400] lr: 1.98e-04 | MSE loss: 7.7626e-03 | time: 0.160
I 05.31/22:48:50 solver.py:136 ] Epoch: [67/400][100/400] lr: 1.98e-04 | MSE loss: 7.7975e-03 | time: 0.156
I 05.31/22:48:53 solver.py:136 ] Epoch: [67/400][120/400] lr: 1.98e-04 | MSE loss: 7.8154e-03 | time: 0.157
I 05.31/22:48:57 solver.py:136 ] Epoch: [67/400][140/400] lr: 1.98e-04 | MSE loss: 7.8319e-03 | time: 0.160
I 05.31/22:49:00 solver.py:136 ] Epoch: [67/400][160/400] lr: 1.98e-04 | MSE loss: 7.7864e-03 | time: 0.158
I 05.31/22:49:04 solver.py:136 ] Epoch: [67/400][180/400] lr: 1.98e-04 | MSE loss: 7.7707e-03 | time: 0.167
I 05.31/22:49:08 solver.py:136 ] Epoch: [67/400][200/400] lr: 1.98e-04 | MSE loss: 7.7777e-03 | time: 0.169
I 05.31/22:49:11 solver.py:136 ] Epoch: [67/400][220/400] lr: 1.98e-04 | MSE loss: 7.7291e-03 | time: 0.167
I 05.31/22:49:14 solver.py:136 ] Epoch: [67/400][240/400] lr: 1.98e-04 | MSE loss: 7.7145e-03 | time: 0.166
I 05.31/22:49:18 solver.py:136 ] Epoch: [67/400][260/400] lr: 1.98e-04 | MSE loss: 7.7050e-03 | time: 0.166
I 05.31/22:49:21 solver.py:136 ] Epoch: [67/400][280/400] lr: 1.98e-04 | MSE loss: 7.7031e-03 | time: 0.167
I 05.31/22:49:25 solver.py:136 ] Epoch: [67/400][300/400] lr: 1.98e-04 | MSE loss: 7.6998e-03 | time: 0.169
I 05.31/22:49:28 solver.py:136 ] Epoch: [67/400][320/400] lr: 1.98e-04 | MSE loss: 7.6903e-03 | time: 0.168
I 05.31/22:49:32 solver.py:136 ] Epoch: [67/400][340/400] lr: 1.98e-04 | MSE loss: 7.6881e-03 | time: 0.168
I 05.31/22:49:35 solver.py:136 ] Epoch: [67/400][360/400] lr: 1.98e-04 | MSE loss: 7.6753e-03 | time: 0.168
I 05.31/22:49:38 solver.py:136 ] Epoch: [67/400][380/400] lr: 1.98e-04 | MSE loss: 7.7051e-03 | time: 0.168
I 05.31/22:49:41 solver.py:136 ] Epoch: [67/400][400/400] lr: 1.98e-04 | MSE loss: 7.6994e-03 | time: 0.167
I 05.31/22:49:41 solver.py:146 ] => Train  Loss: 7.6994e-03

I 05.31/22:49:45 solver.py:205 ] 
=! Best NMSE: -1.7748e+01 (epoch=60)

I 05.31/22:49:49 solver.py:136 ] Epoch: [68/400][20/400] lr: 1.98e-04 | MSE loss: 7.6545e-03 | time: 0.178
I 05.31/22:49:52 solver.py:136 ] Epoch: [68/400][40/400] lr: 1.98e-04 | MSE loss: 7.7667e-03 | time: 0.163
I 05.31/22:49:55 solver.py:136 ] Epoch: [68/400][60/400] lr: 1.98e-04 | MSE loss: 7.8699e-03 | time: 0.167
I 05.31/22:49:58 solver.py:136 ] Epoch: [68/400][80/400] lr: 1.98e-04 | MSE loss: 7.7808e-03 | time: 0.164
I 05.31/22:50:03 solver.py:136 ] Epoch: [68/400][100/400] lr: 1.98e-04 | MSE loss: 7.7110e-03 | time: 0.174
I 05.31/22:50:07 solver.py:136 ] Epoch: [68/400][120/400] lr: 1.98e-04 | MSE loss: 7.8037e-03 | time: 0.178
I 05.31/22:50:10 solver.py:136 ] Epoch: [68/400][140/400] lr: 1.98e-04 | MSE loss: 7.7732e-03 | time: 0.176
I 05.31/22:50:13 solver.py:136 ] Epoch: [68/400][160/400] lr: 1.98e-04 | MSE loss: 7.7351e-03 | time: 0.174
I 05.31/22:50:16 solver.py:136 ] Epoch: [68/400][180/400] lr: 1.98e-04 | MSE loss: 7.7655e-03 | time: 0.172
I 05.31/22:50:19 solver.py:136 ] Epoch: [68/400][200/400] lr: 1.98e-04 | MSE loss: 7.7661e-03 | time: 0.170
I 05.31/22:50:23 solver.py:136 ] Epoch: [68/400][220/400] lr: 1.98e-04 | MSE loss: 7.7454e-03 | time: 0.170
I 05.31/22:50:26 solver.py:136 ] Epoch: [68/400][240/400] lr: 1.98e-04 | MSE loss: 7.7209e-03 | time: 0.170
I 05.31/22:50:29 solver.py:136 ] Epoch: [68/400][260/400] lr: 1.98e-04 | MSE loss: 7.6995e-03 | time: 0.168
I 05.31/22:50:32 solver.py:136 ] Epoch: [68/400][280/400] lr: 1.98e-04 | MSE loss: 7.6769e-03 | time: 0.169
I 05.31/22:50:35 solver.py:136 ] Epoch: [68/400][300/400] lr: 1.98e-04 | MSE loss: 7.6697e-03 | time: 0.167
I 05.31/22:50:39 solver.py:136 ] Epoch: [68/400][320/400] lr: 1.98e-04 | MSE loss: 7.6539e-03 | time: 0.167
I 05.31/22:50:41 solver.py:136 ] Epoch: [68/400][340/400] lr: 1.98e-04 | MSE loss: 7.6524e-03 | time: 0.166
I 05.31/22:50:45 solver.py:136 ] Epoch: [68/400][360/400] lr: 1.98e-04 | MSE loss: 7.6846e-03 | time: 0.166
I 05.31/22:50:48 solver.py:136 ] Epoch: [68/400][380/400] lr: 1.98e-04 | MSE loss: 7.6866e-03 | time: 0.165
I 05.31/22:50:51 solver.py:136 ] Epoch: [68/400][400/400] lr: 1.98e-04 | MSE loss: 7.6803e-03 | time: 0.165
I 05.31/22:50:51 solver.py:146 ] => Train  Loss: 7.6803e-03

I 05.31/22:50:56 solver.py:205 ] 
=! Best NMSE: -1.7748e+01 (epoch=60)

I 05.31/22:51:00 solver.py:136 ] Epoch: [69/400][20/400] lr: 1.98e-04 | MSE loss: 7.6151e-03 | time: 0.177
I 05.31/22:51:05 solver.py:136 ] Epoch: [69/400][40/400] lr: 1.98e-04 | MSE loss: 7.5529e-03 | time: 0.220
I 05.31/22:51:08 solver.py:136 ] Epoch: [69/400][60/400] lr: 1.98e-04 | MSE loss: 7.6839e-03 | time: 0.200
I 05.31/22:51:11 solver.py:136 ] Epoch: [69/400][80/400] lr: 1.98e-04 | MSE loss: 7.6165e-03 | time: 0.190
I 05.31/22:51:14 solver.py:136 ] Epoch: [69/400][100/400] lr: 1.98e-04 | MSE loss: 7.6008e-03 | time: 0.180
I 05.31/22:51:17 solver.py:136 ] Epoch: [69/400][120/400] lr: 1.98e-04 | MSE loss: 7.6178e-03 | time: 0.170
I 05.31/22:51:19 solver.py:136 ] Epoch: [69/400][140/400] lr: 1.98e-04 | MSE loss: 7.6518e-03 | time: 0.163
I 05.31/22:51:22 solver.py:136 ] Epoch: [69/400][160/400] lr: 1.98e-04 | MSE loss: 7.6404e-03 | time: 0.162
I 05.31/22:51:25 solver.py:136 ] Epoch: [69/400][180/400] lr: 1.98e-04 | MSE loss: 7.6497e-03 | time: 0.161
I 05.31/22:51:28 solver.py:136 ] Epoch: [69/400][200/400] lr: 1.98e-04 | MSE loss: 7.6587e-03 | time: 0.159
I 05.31/22:51:32 solver.py:136 ] Epoch: [69/400][220/400] lr: 1.98e-04 | MSE loss: 7.6591e-03 | time: 0.160
I 05.31/22:51:35 solver.py:136 ] Epoch: [69/400][240/400] lr: 1.98e-04 | MSE loss: 7.6607e-03 | time: 0.160
I 05.31/22:51:38 solver.py:136 ] Epoch: [69/400][260/400] lr: 1.98e-04 | MSE loss: 7.6775e-03 | time: 0.161
I 05.31/22:51:42 solver.py:136 ] Epoch: [69/400][280/400] lr: 1.98e-04 | MSE loss: 7.6522e-03 | time: 0.161
I 05.31/22:51:45 solver.py:136 ] Epoch: [69/400][300/400] lr: 1.98e-04 | MSE loss: 7.6496e-03 | time: 0.161
I 05.31/22:51:48 solver.py:136 ] Epoch: [69/400][320/400] lr: 1.98e-04 | MSE loss: 7.6402e-03 | time: 0.162
I 05.31/22:51:52 solver.py:136 ] Epoch: [69/400][340/400] lr: 1.98e-04 | MSE loss: 7.6424e-03 | time: 0.162
I 05.31/22:51:55 solver.py:136 ] Epoch: [69/400][360/400] lr: 1.98e-04 | MSE loss: 7.6222e-03 | time: 0.162
I 05.31/22:51:57 solver.py:136 ] Epoch: [69/400][380/400] lr: 1.98e-04 | MSE loss: 7.6489e-03 | time: 0.160
I 05.31/22:52:00 solver.py:136 ] Epoch: [69/400][400/400] lr: 1.98e-04 | MSE loss: 7.6440e-03 | time: 0.159
I 05.31/22:52:00 solver.py:146 ] => Train  Loss: 7.6440e-03

I 05.31/22:52:04 solver.py:205 ] 
=! Best NMSE: -1.7748e+01 (epoch=60)

I 05.31/22:52:08 solver.py:136 ] Epoch: [70/400][20/400] lr: 1.98e-04 | MSE loss: 7.5759e-03 | time: 0.188
I 05.31/22:52:11 solver.py:136 ] Epoch: [70/400][40/400] lr: 1.98e-04 | MSE loss: 7.5302e-03 | time: 0.178
I 05.31/22:52:15 solver.py:136 ] Epoch: [70/400][60/400] lr: 1.98e-04 | MSE loss: 7.4337e-03 | time: 0.176
I 05.31/22:52:18 solver.py:136 ] Epoch: [70/400][80/400] lr: 1.98e-04 | MSE loss: 7.4063e-03 | time: 0.174
I 05.31/22:52:22 solver.py:136 ] Epoch: [70/400][100/400] lr: 1.98e-04 | MSE loss: 7.4442e-03 | time: 0.175
I 05.31/22:52:25 solver.py:136 ] Epoch: [70/400][120/400] lr: 1.98e-04 | MSE loss: 7.4344e-03 | time: 0.172
I 05.31/22:52:28 solver.py:136 ] Epoch: [70/400][140/400] lr: 1.98e-04 | MSE loss: 7.4551e-03 | time: 0.168
I 05.31/22:52:31 solver.py:136 ] Epoch: [70/400][160/400] lr: 1.98e-04 | MSE loss: 7.4758e-03 | time: 0.166
I 05.31/22:52:33 solver.py:136 ] Epoch: [70/400][180/400] lr: 1.98e-04 | MSE loss: 7.4994e-03 | time: 0.161
I 05.31/22:52:37 solver.py:136 ] Epoch: [70/400][200/400] lr: 1.98e-04 | MSE loss: 7.5250e-03 | time: 0.162
I 05.31/22:52:40 solver.py:136 ] Epoch: [70/400][220/400] lr: 1.98e-04 | MSE loss: 7.5210e-03 | time: 0.161
I 05.31/22:52:43 solver.py:136 ] Epoch: [70/400][240/400] lr: 1.98e-04 | MSE loss: 7.5318e-03 | time: 0.160
I 05.31/22:52:46 solver.py:136 ] Epoch: [70/400][260/400] lr: 1.98e-04 | MSE loss: 7.5580e-03 | time: 0.159
I 05.31/22:52:49 solver.py:136 ] Epoch: [70/400][280/400] lr: 1.97e-04 | MSE loss: 7.5700e-03 | time: 0.159
I 05.31/22:52:52 solver.py:136 ] Epoch: [70/400][300/400] lr: 1.97e-04 | MSE loss: 7.5745e-03 | time: 0.159
I 05.31/22:52:56 solver.py:136 ] Epoch: [70/400][320/400] lr: 1.97e-04 | MSE loss: 7.5889e-03 | time: 0.161
I 05.31/22:52:59 solver.py:136 ] Epoch: [70/400][340/400] lr: 1.97e-04 | MSE loss: 7.5833e-03 | time: 0.162
I 05.31/22:53:05 solver.py:136 ] Epoch: [70/400][360/400] lr: 1.97e-04 | MSE loss: 7.5883e-03 | time: 0.167
I 05.31/22:53:08 solver.py:136 ] Epoch: [70/400][380/400] lr: 1.97e-04 | MSE loss: 7.5984e-03 | time: 0.167
I 05.31/22:53:11 solver.py:136 ] Epoch: [70/400][400/400] lr: 1.97e-04 | MSE loss: 7.6138e-03 | time: 0.167
I 05.31/22:53:11 solver.py:146 ] => Train  Loss: 7.6138e-03

I 05.31/22:53:14 solver.py:136 ] Epoch: [70/400][20/50] lr: 1.97e-04 | MSE loss: 8.1879e-03 | time: 0.143
I 05.31/22:53:17 solver.py:136 ] Epoch: [70/400][40/50] lr: 1.97e-04 | MSE loss: 8.0122e-03 | time: 0.152
I 05.31/22:53:19 solver.py:146 ] => Val  Loss: 7.9977e-03

I 05.31/22:53:22 solver.py:287 ] [20/50] loss: 8.1041e-03 | NMSE: -1.7939e+01 | time: 0.177
I 05.31/22:53:26 solver.py:287 ] [40/50] loss: 8.1137e-03 | NMSE: -1.7929e+01 | time: 0.172
I 05.31/22:53:27 solver.py:291 ] => Test NMSE: -1.7950e+01

I 05.31/22:53:35 solver.py:205 ] 
=! Best NMSE: -1.7950e+01 (epoch=70)

I 05.31/22:53:38 solver.py:136 ] Epoch: [71/400][20/400] lr: 1.97e-04 | MSE loss: 7.6364e-03 | time: 0.155
I 05.31/22:53:41 solver.py:136 ] Epoch: [71/400][40/400] lr: 1.97e-04 | MSE loss: 7.6068e-03 | time: 0.155
I 05.31/22:53:44 solver.py:136 ] Epoch: [71/400][60/400] lr: 1.97e-04 | MSE loss: 7.6149e-03 | time: 0.153
I 05.31/22:53:47 solver.py:136 ] Epoch: [71/400][80/400] lr: 1.97e-04 | MSE loss: 7.5941e-03 | time: 0.153
I 05.31/22:53:51 solver.py:136 ] Epoch: [71/400][100/400] lr: 1.97e-04 | MSE loss: 7.7400e-03 | time: 0.157
I 05.31/22:53:54 solver.py:136 ] Epoch: [71/400][120/400] lr: 1.97e-04 | MSE loss: 7.8970e-03 | time: 0.157
I 05.31/22:53:57 solver.py:136 ] Epoch: [71/400][140/400] lr: 1.97e-04 | MSE loss: 8.0076e-03 | time: 0.155
I 05.31/22:54:01 solver.py:136 ] Epoch: [71/400][160/400] lr: 1.97e-04 | MSE loss: 7.9759e-03 | time: 0.160
I 05.31/22:54:06 solver.py:136 ] Epoch: [71/400][180/400] lr: 1.97e-04 | MSE loss: 7.9593e-03 | time: 0.171
I 05.31/22:54:09 solver.py:136 ] Epoch: [71/400][200/400] lr: 1.97e-04 | MSE loss: 7.9677e-03 | time: 0.171
I 05.31/22:54:13 solver.py:136 ] Epoch: [71/400][220/400] lr: 1.97e-04 | MSE loss: 7.9450e-03 | time: 0.173
I 05.31/22:54:16 solver.py:136 ] Epoch: [71/400][240/400] lr: 1.97e-04 | MSE loss: 7.9263e-03 | time: 0.173
I 05.31/22:54:20 solver.py:136 ] Epoch: [71/400][260/400] lr: 1.97e-04 | MSE loss: 7.8929e-03 | time: 0.172
I 05.31/22:54:23 solver.py:136 ] Epoch: [71/400][280/400] lr: 1.97e-04 | MSE loss: 7.8724e-03 | time: 0.171
I 05.31/22:54:25 solver.py:136 ] Epoch: [71/400][300/400] lr: 1.97e-04 | MSE loss: 7.8362e-03 | time: 0.168
I 05.31/22:54:28 solver.py:136 ] Epoch: [71/400][320/400] lr: 1.97e-04 | MSE loss: 7.8171e-03 | time: 0.165
I 05.31/22:54:31 solver.py:136 ] Epoch: [71/400][340/400] lr: 1.97e-04 | MSE loss: 7.8070e-03 | time: 0.165
I 05.31/22:54:35 solver.py:136 ] Epoch: [71/400][360/400] lr: 1.97e-04 | MSE loss: 7.7931e-03 | time: 0.165
I 05.31/22:54:38 solver.py:136 ] Epoch: [71/400][380/400] lr: 1.97e-04 | MSE loss: 7.7821e-03 | time: 0.166
I 05.31/22:54:42 solver.py:136 ] Epoch: [71/400][400/400] lr: 1.97e-04 | MSE loss: 7.7735e-03 | time: 0.167
I 05.31/22:54:42 solver.py:146 ] => Train  Loss: 7.7735e-03

I 05.31/22:54:47 solver.py:205 ] 
=! Best NMSE: -1.7950e+01 (epoch=70)

I 05.31/22:54:50 solver.py:136 ] Epoch: [72/400][20/400] lr: 1.97e-04 | MSE loss: 7.6427e-03 | time: 0.152
I 05.31/22:54:53 solver.py:136 ] Epoch: [72/400][40/400] lr: 1.97e-04 | MSE loss: 7.5594e-03 | time: 0.153
I 05.31/22:54:56 solver.py:136 ] Epoch: [72/400][60/400] lr: 1.97e-04 | MSE loss: 7.5368e-03 | time: 0.159
I 05.31/22:54:59 solver.py:136 ] Epoch: [72/400][80/400] lr: 1.97e-04 | MSE loss: 7.4549e-03 | time: 0.155
I 05.31/22:55:04 solver.py:136 ] Epoch: [72/400][100/400] lr: 1.97e-04 | MSE loss: 7.4450e-03 | time: 0.174
I 05.31/22:55:07 solver.py:136 ] Epoch: [72/400][120/400] lr: 1.97e-04 | MSE loss: 7.4021e-03 | time: 0.172
I 05.31/22:55:10 solver.py:136 ] Epoch: [72/400][140/400] lr: 1.97e-04 | MSE loss: 7.3991e-03 | time: 0.170
I 05.31/22:55:14 solver.py:136 ] Epoch: [72/400][160/400] lr: 1.97e-04 | MSE loss: 7.3910e-03 | time: 0.170
I 05.31/22:55:18 solver.py:136 ] Epoch: [72/400][180/400] lr: 1.97e-04 | MSE loss: 7.3893e-03 | time: 0.172
I 05.31/22:55:21 solver.py:136 ] Epoch: [72/400][200/400] lr: 1.97e-04 | MSE loss: 7.4157e-03 | time: 0.172
I 05.31/22:55:24 solver.py:136 ] Epoch: [72/400][220/400] lr: 1.97e-04 | MSE loss: 7.4239e-03 | time: 0.171
I 05.31/22:55:28 solver.py:136 ] Epoch: [72/400][240/400] lr: 1.97e-04 | MSE loss: 7.4387e-03 | time: 0.171
I 05.31/22:55:31 solver.py:136 ] Epoch: [72/400][260/400] lr: 1.97e-04 | MSE loss: 7.4578e-03 | time: 0.170
I 05.31/22:55:34 solver.py:136 ] Epoch: [72/400][280/400] lr: 1.97e-04 | MSE loss: 7.4460e-03 | time: 0.168
I 05.31/22:55:37 solver.py:136 ] Epoch: [72/400][300/400] lr: 1.97e-04 | MSE loss: 7.4773e-03 | time: 0.167
I 05.31/22:55:39 solver.py:136 ] Epoch: [72/400][320/400] lr: 1.97e-04 | MSE loss: 7.4734e-03 | time: 0.165
I 05.31/22:55:42 solver.py:136 ] Epoch: [72/400][340/400] lr: 1.97e-04 | MSE loss: 7.4857e-03 | time: 0.163
I 05.31/22:55:45 solver.py:136 ] Epoch: [72/400][360/400] lr: 1.97e-04 | MSE loss: 7.4960e-03 | time: 0.162
I 05.31/22:55:48 solver.py:136 ] Epoch: [72/400][380/400] lr: 1.97e-04 | MSE loss: 7.5042e-03 | time: 0.163
I 05.31/22:55:52 solver.py:136 ] Epoch: [72/400][400/400] lr: 1.97e-04 | MSE loss: 7.5065e-03 | time: 0.163
I 05.31/22:55:52 solver.py:146 ] => Train  Loss: 7.5065e-03

I 05.31/22:55:56 solver.py:205 ] 
=! Best NMSE: -1.7950e+01 (epoch=70)

I 05.31/22:55:59 solver.py:136 ] Epoch: [73/400][20/400] lr: 1.97e-04 | MSE loss: 7.6478e-03 | time: 0.168
I 05.31/22:56:04 solver.py:136 ] Epoch: [73/400][40/400] lr: 1.97e-04 | MSE loss: 7.4803e-03 | time: 0.206
I 05.31/22:56:08 solver.py:136 ] Epoch: [73/400][60/400] lr: 1.97e-04 | MSE loss: 7.6400e-03 | time: 0.196
I 05.31/22:56:11 solver.py:136 ] Epoch: [73/400][80/400] lr: 1.97e-04 | MSE loss: 7.5943e-03 | time: 0.188
I 05.31/22:56:15 solver.py:136 ] Epoch: [73/400][100/400] lr: 1.97e-04 | MSE loss: 7.5458e-03 | time: 0.185
I 05.31/22:56:18 solver.py:136 ] Epoch: [73/400][120/400] lr: 1.97e-04 | MSE loss: 7.5557e-03 | time: 0.183
I 05.31/22:56:21 solver.py:136 ] Epoch: [73/400][140/400] lr: 1.97e-04 | MSE loss: 7.5263e-03 | time: 0.178
I 05.31/22:56:24 solver.py:136 ] Epoch: [73/400][160/400] lr: 1.97e-04 | MSE loss: 7.5806e-03 | time: 0.176
I 05.31/22:56:28 solver.py:136 ] Epoch: [73/400][180/400] lr: 1.97e-04 | MSE loss: 7.5360e-03 | time: 0.177
I 05.31/22:56:31 solver.py:136 ] Epoch: [73/400][200/400] lr: 1.97e-04 | MSE loss: 7.5026e-03 | time: 0.176
I 05.31/22:56:35 solver.py:136 ] Epoch: [73/400][220/400] lr: 1.97e-04 | MSE loss: 7.5044e-03 | time: 0.176
I 05.31/22:56:38 solver.py:136 ] Epoch: [73/400][240/400] lr: 1.97e-04 | MSE loss: 7.4711e-03 | time: 0.175
I 05.31/22:56:42 solver.py:136 ] Epoch: [73/400][260/400] lr: 1.97e-04 | MSE loss: 7.4905e-03 | time: 0.175
I 05.31/22:56:45 solver.py:136 ] Epoch: [73/400][280/400] lr: 1.97e-04 | MSE loss: 7.5006e-03 | time: 0.175
I 05.31/22:56:48 solver.py:136 ] Epoch: [73/400][300/400] lr: 1.97e-04 | MSE loss: 7.5054e-03 | time: 0.174
I 05.31/22:56:51 solver.py:136 ] Epoch: [73/400][320/400] lr: 1.97e-04 | MSE loss: 7.5058e-03 | time: 0.172
I 05.31/22:56:54 solver.py:136 ] Epoch: [73/400][340/400] lr: 1.97e-04 | MSE loss: 7.4776e-03 | time: 0.170
I 05.31/22:56:57 solver.py:136 ] Epoch: [73/400][360/400] lr: 1.97e-04 | MSE loss: 7.4786e-03 | time: 0.169
I 05.31/22:57:00 solver.py:136 ] Epoch: [73/400][380/400] lr: 1.97e-04 | MSE loss: 7.4831e-03 | time: 0.168
I 05.31/22:57:05 solver.py:136 ] Epoch: [73/400][400/400] lr: 1.97e-04 | MSE loss: 7.5020e-03 | time: 0.173
I 05.31/22:57:05 solver.py:146 ] => Train  Loss: 7.5020e-03

I 05.31/22:57:10 solver.py:205 ] 
=! Best NMSE: -1.7950e+01 (epoch=70)

I 05.31/22:57:13 solver.py:136 ] Epoch: [74/400][20/400] lr: 1.97e-04 | MSE loss: 7.4715e-03 | time: 0.153
I 05.31/22:57:16 solver.py:136 ] Epoch: [74/400][40/400] lr: 1.97e-04 | MSE loss: 7.4785e-03 | time: 0.158
I 05.31/22:57:20 solver.py:136 ] Epoch: [74/400][60/400] lr: 1.97e-04 | MSE loss: 7.5101e-03 | time: 0.165
I 05.31/22:57:23 solver.py:136 ] Epoch: [74/400][80/400] lr: 1.97e-04 | MSE loss: 7.4796e-03 | time: 0.164
I 05.31/22:57:26 solver.py:136 ] Epoch: [74/400][100/400] lr: 1.97e-04 | MSE loss: 7.4103e-03 | time: 0.160
I 05.31/22:57:29 solver.py:136 ] Epoch: [74/400][120/400] lr: 1.97e-04 | MSE loss: 7.3815e-03 | time: 0.160
I 05.31/22:57:32 solver.py:136 ] Epoch: [74/400][140/400] lr: 1.97e-04 | MSE loss: 7.3906e-03 | time: 0.162
I 05.31/22:57:35 solver.py:136 ] Epoch: [74/400][160/400] lr: 1.97e-04 | MSE loss: 7.4182e-03 | time: 0.161
I 05.31/22:57:39 solver.py:136 ] Epoch: [74/400][180/400] lr: 1.97e-04 | MSE loss: 7.4714e-03 | time: 0.165
I 05.31/22:57:43 solver.py:136 ] Epoch: [74/400][200/400] lr: 1.97e-04 | MSE loss: 7.4730e-03 | time: 0.166
I 05.31/22:57:46 solver.py:136 ] Epoch: [74/400][220/400] lr: 1.97e-04 | MSE loss: 7.4680e-03 | time: 0.166
I 05.31/22:57:49 solver.py:136 ] Epoch: [74/400][240/400] lr: 1.97e-04 | MSE loss: 7.4699e-03 | time: 0.166
I 05.31/22:57:53 solver.py:136 ] Epoch: [74/400][260/400] lr: 1.97e-04 | MSE loss: 7.4652e-03 | time: 0.166
I 05.31/22:57:56 solver.py:136 ] Epoch: [74/400][280/400] lr: 1.97e-04 | MSE loss: 7.4618e-03 | time: 0.166
I 05.31/22:58:00 solver.py:136 ] Epoch: [74/400][300/400] lr: 1.97e-04 | MSE loss: 7.4597e-03 | time: 0.166
I 05.31/22:58:04 solver.py:136 ] Epoch: [74/400][320/400] lr: 1.97e-04 | MSE loss: 7.4470e-03 | time: 0.171
I 05.31/22:58:08 solver.py:136 ] Epoch: [74/400][340/400] lr: 1.97e-04 | MSE loss: 7.4542e-03 | time: 0.171
I 05.31/22:58:11 solver.py:136 ] Epoch: [74/400][360/400] lr: 1.97e-04 | MSE loss: 7.4426e-03 | time: 0.172
I 05.31/22:58:15 solver.py:136 ] Epoch: [74/400][380/400] lr: 1.97e-04 | MSE loss: 7.4568e-03 | time: 0.172
I 05.31/22:58:18 solver.py:136 ] Epoch: [74/400][400/400] lr: 1.97e-04 | MSE loss: 7.4617e-03 | time: 0.171
I 05.31/22:58:18 solver.py:146 ] => Train  Loss: 7.4617e-03

I 05.31/22:58:24 solver.py:205 ] 
=! Best NMSE: -1.7950e+01 (epoch=70)

I 05.31/22:58:28 solver.py:136 ] Epoch: [75/400][20/400] lr: 1.97e-04 | MSE loss: 7.5567e-03 | time: 0.158
I 05.31/22:58:31 solver.py:136 ] Epoch: [75/400][40/400] lr: 1.97e-04 | MSE loss: 7.5059e-03 | time: 0.155
I 05.31/22:58:34 solver.py:136 ] Epoch: [75/400][60/400] lr: 1.97e-04 | MSE loss: 7.5707e-03 | time: 0.163
I 05.31/22:58:38 solver.py:136 ] Epoch: [75/400][80/400] lr: 1.97e-04 | MSE loss: 7.5059e-03 | time: 0.163
I 05.31/22:58:41 solver.py:136 ] Epoch: [75/400][100/400] lr: 1.97e-04 | MSE loss: 7.5426e-03 | time: 0.161
I 05.31/22:58:44 solver.py:136 ] Epoch: [75/400][120/400] lr: 1.97e-04 | MSE loss: 7.5344e-03 | time: 0.159
I 05.31/22:58:47 solver.py:136 ] Epoch: [75/400][140/400] lr: 1.97e-04 | MSE loss: 7.5623e-03 | time: 0.159
I 05.31/22:58:50 solver.py:136 ] Epoch: [75/400][160/400] lr: 1.97e-04 | MSE loss: 7.5554e-03 | time: 0.160
I 05.31/22:58:53 solver.py:136 ] Epoch: [75/400][180/400] lr: 1.97e-04 | MSE loss: 7.5160e-03 | time: 0.161
I 05.31/22:58:56 solver.py:136 ] Epoch: [75/400][200/400] lr: 1.97e-04 | MSE loss: 7.5185e-03 | time: 0.160
I 05.31/22:58:59 solver.py:136 ] Epoch: [75/400][220/400] lr: 1.97e-04 | MSE loss: 7.5074e-03 | time: 0.158
I 05.31/22:59:04 solver.py:136 ] Epoch: [75/400][240/400] lr: 1.97e-04 | MSE loss: 7.5001e-03 | time: 0.164
I 05.31/22:59:08 solver.py:136 ] Epoch: [75/400][260/400] lr: 1.97e-04 | MSE loss: 7.5016e-03 | time: 0.166
I 05.31/22:59:11 solver.py:136 ] Epoch: [75/400][280/400] lr: 1.97e-04 | MSE loss: 7.4970e-03 | time: 0.164
I 05.31/22:59:13 solver.py:136 ] Epoch: [75/400][300/400] lr: 1.97e-04 | MSE loss: 7.4826e-03 | time: 0.163
I 05.31/22:59:16 solver.py:136 ] Epoch: [75/400][320/400] lr: 1.97e-04 | MSE loss: 7.4685e-03 | time: 0.161
I 05.31/22:59:19 solver.py:136 ] Epoch: [75/400][340/400] lr: 1.97e-04 | MSE loss: 7.4627e-03 | time: 0.160
I 05.31/22:59:22 solver.py:136 ] Epoch: [75/400][360/400] lr: 1.97e-04 | MSE loss: 7.4304e-03 | time: 0.160
I 05.31/22:59:25 solver.py:136 ] Epoch: [75/400][380/400] lr: 1.97e-04 | MSE loss: 7.4478e-03 | time: 0.160
I 05.31/22:59:28 solver.py:136 ] Epoch: [75/400][400/400] lr: 1.97e-04 | MSE loss: 7.4440e-03 | time: 0.160
I 05.31/22:59:28 solver.py:146 ] => Train  Loss: 7.4440e-03

I 05.31/22:59:33 solver.py:205 ] 
=! Best NMSE: -1.7950e+01 (epoch=70)

I 05.31/22:59:37 solver.py:136 ] Epoch: [76/400][20/400] lr: 1.97e-04 | MSE loss: 7.5693e-03 | time: 0.185
I 05.31/22:59:40 solver.py:136 ] Epoch: [76/400][40/400] lr: 1.97e-04 | MSE loss: 7.7644e-03 | time: 0.171
I 05.31/22:59:44 solver.py:136 ] Epoch: [76/400][60/400] lr: 1.96e-04 | MSE loss: 7.5799e-03 | time: 0.172
I 05.31/22:59:47 solver.py:136 ] Epoch: [76/400][80/400] lr: 1.96e-04 | MSE loss: 7.5149e-03 | time: 0.170
I 05.31/22:59:51 solver.py:136 ] Epoch: [76/400][100/400] lr: 1.96e-04 | MSE loss: 7.4393e-03 | time: 0.172
I 05.31/22:59:54 solver.py:136 ] Epoch: [76/400][120/400] lr: 1.96e-04 | MSE loss: 7.4049e-03 | time: 0.173
I 05.31/22:59:58 solver.py:136 ] Epoch: [76/400][140/400] lr: 1.96e-04 | MSE loss: 7.4789e-03 | time: 0.172
I 05.31/23:00:01 solver.py:136 ] Epoch: [76/400][160/400] lr: 1.96e-04 | MSE loss: 7.4907e-03 | time: 0.171
I 05.31/23:00:06 solver.py:136 ] Epoch: [76/400][180/400] lr: 1.96e-04 | MSE loss: 7.4398e-03 | time: 0.181
I 05.31/23:00:09 solver.py:136 ] Epoch: [76/400][200/400] lr: 1.96e-04 | MSE loss: 7.4000e-03 | time: 0.180
I 05.31/23:00:12 solver.py:136 ] Epoch: [76/400][220/400] lr: 1.96e-04 | MSE loss: 7.3728e-03 | time: 0.177
I 05.31/23:00:16 solver.py:136 ] Epoch: [76/400][240/400] lr: 1.96e-04 | MSE loss: 7.3827e-03 | time: 0.177
I 05.31/23:00:19 solver.py:136 ] Epoch: [76/400][260/400] lr: 1.96e-04 | MSE loss: 7.3840e-03 | time: 0.176
I 05.31/23:00:23 solver.py:136 ] Epoch: [76/400][280/400] lr: 1.96e-04 | MSE loss: 7.3786e-03 | time: 0.176
I 05.31/23:00:26 solver.py:136 ] Epoch: [76/400][300/400] lr: 1.96e-04 | MSE loss: 7.3834e-03 | time: 0.176
I 05.31/23:00:29 solver.py:136 ] Epoch: [76/400][320/400] lr: 1.96e-04 | MSE loss: 7.3875e-03 | time: 0.174
I 05.31/23:00:32 solver.py:136 ] Epoch: [76/400][340/400] lr: 1.96e-04 | MSE loss: 7.4106e-03 | time: 0.173
I 05.31/23:00:36 solver.py:136 ] Epoch: [76/400][360/400] lr: 1.96e-04 | MSE loss: 7.4065e-03 | time: 0.173
I 05.31/23:00:39 solver.py:136 ] Epoch: [76/400][380/400] lr: 1.96e-04 | MSE loss: 7.4309e-03 | time: 0.172
I 05.31/23:00:42 solver.py:136 ] Epoch: [76/400][400/400] lr: 1.96e-04 | MSE loss: 7.4142e-03 | time: 0.171
I 05.31/23:00:42 solver.py:146 ] => Train  Loss: 7.4142e-03

I 05.31/23:00:47 solver.py:205 ] 
=! Best NMSE: -1.7950e+01 (epoch=70)

I 05.31/23:00:50 solver.py:136 ] Epoch: [77/400][20/400] lr: 1.96e-04 | MSE loss: 7.3085e-03 | time: 0.183
I 05.31/23:00:53 solver.py:136 ] Epoch: [77/400][40/400] lr: 1.96e-04 | MSE loss: 7.4789e-03 | time: 0.169
I 05.31/23:00:56 solver.py:136 ] Epoch: [77/400][60/400] lr: 1.96e-04 | MSE loss: 7.4639e-03 | time: 0.164
I 05.31/23:01:00 solver.py:136 ] Epoch: [77/400][80/400] lr: 1.96e-04 | MSE loss: 7.3381e-03 | time: 0.168
I 05.31/23:01:05 solver.py:136 ] Epoch: [77/400][100/400] lr: 1.96e-04 | MSE loss: 7.3429e-03 | time: 0.187
I 05.31/23:01:09 solver.py:136 ] Epoch: [77/400][120/400] lr: 1.96e-04 | MSE loss: 7.2931e-03 | time: 0.184
I 05.31/23:01:12 solver.py:136 ] Epoch: [77/400][140/400] lr: 1.96e-04 | MSE loss: 7.3012e-03 | time: 0.181
I 05.31/23:01:15 solver.py:136 ] Epoch: [77/400][160/400] lr: 1.96e-04 | MSE loss: 7.2922e-03 | time: 0.177
I 05.31/23:01:18 solver.py:136 ] Epoch: [77/400][180/400] lr: 1.96e-04 | MSE loss: 7.3153e-03 | time: 0.177
I 05.31/23:01:22 solver.py:136 ] Epoch: [77/400][200/400] lr: 1.96e-04 | MSE loss: 7.3572e-03 | time: 0.176
I 05.31/23:01:25 solver.py:136 ] Epoch: [77/400][220/400] lr: 1.96e-04 | MSE loss: 7.3940e-03 | time: 0.173
I 05.31/23:01:28 solver.py:136 ] Epoch: [77/400][240/400] lr: 1.96e-04 | MSE loss: 7.3833e-03 | time: 0.172
I 05.31/23:01:31 solver.py:136 ] Epoch: [77/400][260/400] lr: 1.96e-04 | MSE loss: 7.4217e-03 | time: 0.171
I 05.31/23:01:34 solver.py:136 ] Epoch: [77/400][280/400] lr: 1.96e-04 | MSE loss: 7.4207e-03 | time: 0.169
I 05.31/23:01:37 solver.py:136 ] Epoch: [77/400][300/400] lr: 1.96e-04 | MSE loss: 7.4223e-03 | time: 0.168
I 05.31/23:01:40 solver.py:136 ] Epoch: [77/400][320/400] lr: 1.96e-04 | MSE loss: 7.4377e-03 | time: 0.168
I 05.31/23:01:43 solver.py:136 ] Epoch: [77/400][340/400] lr: 1.96e-04 | MSE loss: 7.4456e-03 | time: 0.166
I 05.31/23:01:46 solver.py:136 ] Epoch: [77/400][360/400] lr: 1.96e-04 | MSE loss: 7.4186e-03 | time: 0.165
I 05.31/23:01:49 solver.py:136 ] Epoch: [77/400][380/400] lr: 1.96e-04 | MSE loss: 7.4105e-03 | time: 0.165
I 05.31/23:01:53 solver.py:136 ] Epoch: [77/400][400/400] lr: 1.96e-04 | MSE loss: 7.3984e-03 | time: 0.165
I 05.31/23:01:53 solver.py:146 ] => Train  Loss: 7.3984e-03

I 05.31/23:01:58 solver.py:205 ] 
=! Best NMSE: -1.7950e+01 (epoch=70)

I 05.31/23:02:03 solver.py:136 ] Epoch: [78/400][20/400] lr: 1.96e-04 | MSE loss: 6.9521e-03 | time: 0.236
I 05.31/23:02:07 solver.py:136 ] Epoch: [78/400][40/400] lr: 1.96e-04 | MSE loss: 7.0793e-03 | time: 0.219
I 05.31/23:02:10 solver.py:136 ] Epoch: [78/400][60/400] lr: 1.96e-04 | MSE loss: 7.2382e-03 | time: 0.201
I 05.31/23:02:14 solver.py:136 ] Epoch: [78/400][80/400] lr: 1.96e-04 | MSE loss: 7.2634e-03 | time: 0.198
I 05.31/23:02:18 solver.py:136 ] Epoch: [78/400][100/400] lr: 1.96e-04 | MSE loss: 7.2377e-03 | time: 0.198
I 05.31/23:02:21 solver.py:136 ] Epoch: [78/400][120/400] lr: 1.96e-04 | MSE loss: 7.2516e-03 | time: 0.193
I 05.31/23:02:24 solver.py:136 ] Epoch: [78/400][140/400] lr: 1.96e-04 | MSE loss: 7.3007e-03 | time: 0.186
I 05.31/23:02:27 solver.py:136 ] Epoch: [78/400][160/400] lr: 1.96e-04 | MSE loss: 7.2863e-03 | time: 0.182
I 05.31/23:02:30 solver.py:136 ] Epoch: [78/400][180/400] lr: 1.96e-04 | MSE loss: 7.2936e-03 | time: 0.181
I 05.31/23:02:34 solver.py:136 ] Epoch: [78/400][200/400] lr: 1.96e-04 | MSE loss: 7.3201e-03 | time: 0.179
I 05.31/23:02:37 solver.py:136 ] Epoch: [78/400][220/400] lr: 1.96e-04 | MSE loss: 7.3275e-03 | time: 0.177
I 05.31/23:02:40 solver.py:136 ] Epoch: [78/400][240/400] lr: 1.96e-04 | MSE loss: 7.3161e-03 | time: 0.175
I 05.31/23:02:44 solver.py:136 ] Epoch: [78/400][260/400] lr: 1.96e-04 | MSE loss: 7.3311e-03 | time: 0.175
I 05.31/23:02:47 solver.py:136 ] Epoch: [78/400][280/400] lr: 1.96e-04 | MSE loss: 7.3220e-03 | time: 0.175
I 05.31/23:02:50 solver.py:136 ] Epoch: [78/400][300/400] lr: 1.96e-04 | MSE loss: 7.3414e-03 | time: 0.173
I 05.31/23:02:53 solver.py:136 ] Epoch: [78/400][320/400] lr: 1.96e-04 | MSE loss: 7.3618e-03 | time: 0.173
I 05.31/23:02:56 solver.py:136 ] Epoch: [78/400][340/400] lr: 1.96e-04 | MSE loss: 7.3697e-03 | time: 0.171
I 05.31/23:02:59 solver.py:136 ] Epoch: [78/400][360/400] lr: 1.96e-04 | MSE loss: 7.3609e-03 | time: 0.170
I 05.31/23:03:05 solver.py:136 ] Epoch: [78/400][380/400] lr: 1.96e-04 | MSE loss: 7.3554e-03 | time: 0.175
I 05.31/23:03:08 solver.py:136 ] Epoch: [78/400][400/400] lr: 1.96e-04 | MSE loss: 7.3591e-03 | time: 0.176
I 05.31/23:03:08 solver.py:146 ] => Train  Loss: 7.3591e-03

I 05.31/23:03:13 solver.py:205 ] 
=! Best NMSE: -1.7950e+01 (epoch=70)

I 05.31/23:03:17 solver.py:136 ] Epoch: [79/400][20/400] lr: 1.96e-04 | MSE loss: 7.1653e-03 | time: 0.175
I 05.31/23:03:19 solver.py:136 ] Epoch: [79/400][40/400] lr: 1.96e-04 | MSE loss: 7.1776e-03 | time: 0.153
I 05.31/23:03:22 solver.py:136 ] Epoch: [79/400][60/400] lr: 1.96e-04 | MSE loss: 7.1370e-03 | time: 0.154
I 05.31/23:03:25 solver.py:136 ] Epoch: [79/400][80/400] lr: 1.96e-04 | MSE loss: 7.2890e-03 | time: 0.151
I 05.31/23:03:28 solver.py:136 ] Epoch: [79/400][100/400] lr: 1.96e-04 | MSE loss: 7.2681e-03 | time: 0.151
I 05.31/23:03:31 solver.py:136 ] Epoch: [79/400][120/400] lr: 1.96e-04 | MSE loss: 7.2797e-03 | time: 0.151
I 05.31/23:03:34 solver.py:136 ] Epoch: [79/400][140/400] lr: 1.96e-04 | MSE loss: 7.2869e-03 | time: 0.151
I 05.31/23:03:37 solver.py:136 ] Epoch: [79/400][160/400] lr: 1.96e-04 | MSE loss: 7.3059e-03 | time: 0.150
I 05.31/23:03:40 solver.py:136 ] Epoch: [79/400][180/400] lr: 1.96e-04 | MSE loss: 7.2539e-03 | time: 0.150
I 05.31/23:03:44 solver.py:136 ] Epoch: [79/400][200/400] lr: 1.96e-04 | MSE loss: 7.2696e-03 | time: 0.153
I 05.31/23:03:47 solver.py:136 ] Epoch: [79/400][220/400] lr: 1.96e-04 | MSE loss: 7.2873e-03 | time: 0.155
I 05.31/23:03:51 solver.py:136 ] Epoch: [79/400][240/400] lr: 1.96e-04 | MSE loss: 7.2913e-03 | time: 0.156
I 05.31/23:03:54 solver.py:136 ] Epoch: [79/400][260/400] lr: 1.96e-04 | MSE loss: 7.3090e-03 | time: 0.156
I 05.31/23:03:57 solver.py:136 ] Epoch: [79/400][280/400] lr: 1.96e-04 | MSE loss: 7.3248e-03 | time: 0.156
I 05.31/23:04:00 solver.py:136 ] Epoch: [79/400][300/400] lr: 1.96e-04 | MSE loss: 7.3292e-03 | time: 0.156
I 05.31/23:04:05 solver.py:136 ] Epoch: [79/400][320/400] lr: 1.96e-04 | MSE loss: 7.3368e-03 | time: 0.162
I 05.31/23:04:08 solver.py:136 ] Epoch: [79/400][340/400] lr: 1.96e-04 | MSE loss: 7.3550e-03 | time: 0.162
I 05.31/23:04:11 solver.py:136 ] Epoch: [79/400][360/400] lr: 1.96e-04 | MSE loss: 7.3484e-03 | time: 0.161
I 05.31/23:04:15 solver.py:136 ] Epoch: [79/400][380/400] lr: 1.96e-04 | MSE loss: 7.3547e-03 | time: 0.161
I 05.31/23:04:18 solver.py:136 ] Epoch: [79/400][400/400] lr: 1.96e-04 | MSE loss: 7.3378e-03 | time: 0.162
I 05.31/23:04:18 solver.py:146 ] => Train  Loss: 7.3378e-03

I 05.31/23:04:24 solver.py:205 ] 
=! Best NMSE: -1.7950e+01 (epoch=70)

I 05.31/23:04:28 solver.py:136 ] Epoch: [80/400][20/400] lr: 1.96e-04 | MSE loss: 6.9711e-03 | time: 0.197
I 05.31/23:04:31 solver.py:136 ] Epoch: [80/400][40/400] lr: 1.96e-04 | MSE loss: 7.3051e-03 | time: 0.180
I 05.31/23:04:34 solver.py:136 ] Epoch: [80/400][60/400] lr: 1.96e-04 | MSE loss: 7.2841e-03 | time: 0.167
I 05.31/23:04:37 solver.py:136 ] Epoch: [80/400][80/400] lr: 1.96e-04 | MSE loss: 7.2611e-03 | time: 0.167
I 05.31/23:04:40 solver.py:136 ] Epoch: [80/400][100/400] lr: 1.96e-04 | MSE loss: 7.2365e-03 | time: 0.168
I 05.31/23:04:44 solver.py:136 ] Epoch: [80/400][120/400] lr: 1.96e-04 | MSE loss: 7.2193e-03 | time: 0.167
I 05.31/23:04:47 solver.py:136 ] Epoch: [80/400][140/400] lr: 1.96e-04 | MSE loss: 7.2320e-03 | time: 0.165
I 05.31/23:04:49 solver.py:136 ] Epoch: [80/400][160/400] lr: 1.96e-04 | MSE loss: 7.2568e-03 | time: 0.162
I 05.31/23:04:52 solver.py:136 ] Epoch: [80/400][180/400] lr: 1.96e-04 | MSE loss: 7.2710e-03 | time: 0.160
I 05.31/23:04:56 solver.py:136 ] Epoch: [80/400][200/400] lr: 1.96e-04 | MSE loss: 7.2729e-03 | time: 0.161
I 05.31/23:04:59 solver.py:136 ] Epoch: [80/400][220/400] lr: 1.96e-04 | MSE loss: 7.3100e-03 | time: 0.162
I 05.31/23:05:04 solver.py:136 ] Epoch: [80/400][240/400] lr: 1.96e-04 | MSE loss: 7.2956e-03 | time: 0.170
I 05.31/23:05:07 solver.py:136 ] Epoch: [80/400][260/400] lr: 1.96e-04 | MSE loss: 7.2962e-03 | time: 0.169
I 05.31/23:05:11 solver.py:136 ] Epoch: [80/400][280/400] lr: 1.96e-04 | MSE loss: 7.3028e-03 | time: 0.169
I 05.31/23:05:14 solver.py:136 ] Epoch: [80/400][300/400] lr: 1.96e-04 | MSE loss: 7.3053e-03 | time: 0.169
I 05.31/23:05:17 solver.py:136 ] Epoch: [80/400][320/400] lr: 1.96e-04 | MSE loss: 7.3045e-03 | time: 0.168
I 05.31/23:05:21 solver.py:136 ] Epoch: [80/400][340/400] lr: 1.96e-04 | MSE loss: 7.3149e-03 | time: 0.168
I 05.31/23:05:24 solver.py:136 ] Epoch: [80/400][360/400] lr: 1.95e-04 | MSE loss: 7.3022e-03 | time: 0.167
I 05.31/23:05:27 solver.py:136 ] Epoch: [80/400][380/400] lr: 1.95e-04 | MSE loss: 7.2991e-03 | time: 0.168
I 05.31/23:05:31 solver.py:136 ] Epoch: [80/400][400/400] lr: 1.95e-04 | MSE loss: 7.3076e-03 | time: 0.167
I 05.31/23:05:31 solver.py:146 ] => Train  Loss: 7.3076e-03

I 05.31/23:05:34 solver.py:136 ] Epoch: [80/400][20/50] lr: 1.95e-04 | MSE loss: 7.8665e-03 | time: 0.164
I 05.31/23:05:37 solver.py:136 ] Epoch: [80/400][40/50] lr: 1.95e-04 | MSE loss: 7.6805e-03 | time: 0.166
I 05.31/23:05:39 solver.py:146 ] => Val  Loss: 7.6664e-03

I 05.31/23:05:42 solver.py:287 ] [20/50] loss: 7.7487e-03 | NMSE: -1.8140e+01 | time: 0.159
I 05.31/23:05:45 solver.py:287 ] [40/50] loss: 7.7664e-03 | NMSE: -1.8122e+01 | time: 0.155
I 05.31/23:05:46 solver.py:291 ] => Test NMSE: -1.8146e+01

I 05.31/23:05:56 solver.py:205 ] 
=! Best NMSE: -1.8146e+01 (epoch=80)

I 05.31/23:06:00 solver.py:136 ] Epoch: [81/400][20/400] lr: 1.95e-04 | MSE loss: 7.4322e-03 | time: 0.190
I 05.31/23:06:04 solver.py:136 ] Epoch: [81/400][40/400] lr: 1.95e-04 | MSE loss: 7.4272e-03 | time: 0.209
I 05.31/23:06:08 solver.py:136 ] Epoch: [81/400][60/400] lr: 1.95e-04 | MSE loss: 7.2571e-03 | time: 0.195
I 05.31/23:06:11 solver.py:136 ] Epoch: [81/400][80/400] lr: 1.95e-04 | MSE loss: 7.3499e-03 | time: 0.190
I 05.31/23:06:15 solver.py:136 ] Epoch: [81/400][100/400] lr: 1.95e-04 | MSE loss: 7.3440e-03 | time: 0.191
I 05.31/23:06:18 solver.py:136 ] Epoch: [81/400][120/400] lr: 1.95e-04 | MSE loss: 7.3293e-03 | time: 0.187
I 05.31/23:06:21 solver.py:136 ] Epoch: [81/400][140/400] lr: 1.95e-04 | MSE loss: 7.3278e-03 | time: 0.183
I 05.31/23:06:25 solver.py:136 ] Epoch: [81/400][160/400] lr: 1.95e-04 | MSE loss: 7.3192e-03 | time: 0.180
I 05.31/23:06:27 solver.py:136 ] Epoch: [81/400][180/400] lr: 1.95e-04 | MSE loss: 7.2736e-03 | time: 0.175
I 05.31/23:06:31 solver.py:136 ] Epoch: [81/400][200/400] lr: 1.95e-04 | MSE loss: 7.2721e-03 | time: 0.174
I 05.31/23:06:34 solver.py:136 ] Epoch: [81/400][220/400] lr: 1.95e-04 | MSE loss: 7.2751e-03 | time: 0.173
I 05.31/23:06:37 solver.py:136 ] Epoch: [81/400][240/400] lr: 1.95e-04 | MSE loss: 7.2758e-03 | time: 0.172
I 05.31/23:06:40 solver.py:136 ] Epoch: [81/400][260/400] lr: 1.95e-04 | MSE loss: 7.2891e-03 | time: 0.170
I 05.31/23:06:43 solver.py:136 ] Epoch: [81/400][280/400] lr: 1.95e-04 | MSE loss: 7.3185e-03 | time: 0.168
I 05.31/23:06:47 solver.py:136 ] Epoch: [81/400][300/400] lr: 1.95e-04 | MSE loss: 7.3285e-03 | time: 0.169
I 05.31/23:06:50 solver.py:136 ] Epoch: [81/400][320/400] lr: 1.95e-04 | MSE loss: 7.3048e-03 | time: 0.170
I 05.31/23:06:53 solver.py:136 ] Epoch: [81/400][340/400] lr: 1.95e-04 | MSE loss: 7.2940e-03 | time: 0.169
I 05.31/23:06:57 solver.py:136 ] Epoch: [81/400][360/400] lr: 1.95e-04 | MSE loss: 7.2968e-03 | time: 0.169
I 05.31/23:07:00 solver.py:136 ] Epoch: [81/400][380/400] lr: 1.95e-04 | MSE loss: 7.2829e-03 | time: 0.169
I 05.31/23:07:05 solver.py:136 ] Epoch: [81/400][400/400] lr: 1.95e-04 | MSE loss: 7.2959e-03 | time: 0.173
I 05.31/23:07:05 solver.py:146 ] => Train  Loss: 7.2959e-03

I 05.31/23:07:10 solver.py:205 ] 
=! Best NMSE: -1.8146e+01 (epoch=80)

I 05.31/23:07:14 solver.py:136 ] Epoch: [82/400][20/400] lr: 1.95e-04 | MSE loss: 7.2618e-03 | time: 0.193
I 05.31/23:07:16 solver.py:136 ] Epoch: [82/400][40/400] lr: 1.95e-04 | MSE loss: 7.2199e-03 | time: 0.170
I 05.31/23:07:19 solver.py:136 ] Epoch: [82/400][60/400] lr: 1.95e-04 | MSE loss: 7.2211e-03 | time: 0.160
I 05.31/23:07:23 solver.py:136 ] Epoch: [82/400][80/400] lr: 1.95e-04 | MSE loss: 7.1770e-03 | time: 0.161
I 05.31/23:07:26 solver.py:136 ] Epoch: [82/400][100/400] lr: 1.95e-04 | MSE loss: 7.2422e-03 | time: 0.165
I 05.31/23:07:29 solver.py:136 ] Epoch: [82/400][120/400] lr: 1.95e-04 | MSE loss: 7.2009e-03 | time: 0.165
I 05.31/23:07:33 solver.py:136 ] Epoch: [82/400][140/400] lr: 1.95e-04 | MSE loss: 7.2276e-03 | time: 0.163
I 05.31/23:07:36 solver.py:136 ] Epoch: [82/400][160/400] lr: 1.95e-04 | MSE loss: 7.2280e-03 | time: 0.162
I 05.31/23:07:39 solver.py:136 ] Epoch: [82/400][180/400] lr: 1.95e-04 | MSE loss: 7.2450e-03 | time: 0.161
I 05.31/23:07:42 solver.py:136 ] Epoch: [82/400][200/400] lr: 1.95e-04 | MSE loss: 7.2562e-03 | time: 0.160
I 05.31/23:07:45 solver.py:136 ] Epoch: [82/400][220/400] lr: 1.95e-04 | MSE loss: 7.2686e-03 | time: 0.160
I 05.31/23:07:48 solver.py:136 ] Epoch: [82/400][240/400] lr: 1.95e-04 | MSE loss: 7.2370e-03 | time: 0.160
I 05.31/23:07:52 solver.py:136 ] Epoch: [82/400][260/400] lr: 1.95e-04 | MSE loss: 7.2533e-03 | time: 0.162
I 05.31/23:07:55 solver.py:136 ] Epoch: [82/400][280/400] lr: 1.95e-04 | MSE loss: 7.2639e-03 | time: 0.162
I 05.31/23:07:59 solver.py:136 ] Epoch: [82/400][300/400] lr: 1.95e-04 | MSE loss: 7.2583e-03 | time: 0.163
I 05.31/23:08:03 solver.py:136 ] Epoch: [82/400][320/400] lr: 1.95e-04 | MSE loss: 7.2511e-03 | time: 0.167
I 05.31/23:08:07 solver.py:136 ] Epoch: [82/400][340/400] lr: 1.95e-04 | MSE loss: 7.2525e-03 | time: 0.167
I 05.31/23:08:10 solver.py:136 ] Epoch: [82/400][360/400] lr: 1.95e-04 | MSE loss: 7.2602e-03 | time: 0.168
I 05.31/23:08:13 solver.py:136 ] Epoch: [82/400][380/400] lr: 1.95e-04 | MSE loss: 7.2608e-03 | time: 0.167
I 05.31/23:08:16 solver.py:136 ] Epoch: [82/400][400/400] lr: 1.95e-04 | MSE loss: 7.2677e-03 | time: 0.166
I 05.31/23:08:16 solver.py:146 ] => Train  Loss: 7.2677e-03

I 05.31/23:08:20 solver.py:205 ] 
=! Best NMSE: -1.8146e+01 (epoch=80)

I 05.31/23:08:23 solver.py:136 ] Epoch: [83/400][20/400] lr: 1.95e-04 | MSE loss: 7.0688e-03 | time: 0.163
I 05.31/23:08:27 solver.py:136 ] Epoch: [83/400][40/400] lr: 1.95e-04 | MSE loss: 7.2864e-03 | time: 0.165
I 05.31/23:08:29 solver.py:136 ] Epoch: [83/400][60/400] lr: 1.95e-04 | MSE loss: 7.3404e-03 | time: 0.155
I 05.31/23:08:32 solver.py:136 ] Epoch: [83/400][80/400] lr: 1.95e-04 | MSE loss: 7.2757e-03 | time: 0.148
I 05.31/23:08:35 solver.py:136 ] Epoch: [83/400][100/400] lr: 1.95e-04 | MSE loss: 7.2712e-03 | time: 0.153
I 05.31/23:08:39 solver.py:136 ] Epoch: [83/400][120/400] lr: 1.95e-04 | MSE loss: 7.2397e-03 | time: 0.155
I 05.31/23:08:42 solver.py:136 ] Epoch: [83/400][140/400] lr: 1.95e-04 | MSE loss: 7.2726e-03 | time: 0.158
I 05.31/23:08:46 solver.py:136 ] Epoch: [83/400][160/400] lr: 1.95e-04 | MSE loss: 7.3041e-03 | time: 0.161
I 05.31/23:08:49 solver.py:136 ] Epoch: [83/400][180/400] lr: 1.95e-04 | MSE loss: 7.2738e-03 | time: 0.159
I 05.31/23:08:52 solver.py:136 ] Epoch: [83/400][200/400] lr: 1.95e-04 | MSE loss: 7.2482e-03 | time: 0.159
I 05.31/23:08:55 solver.py:136 ] Epoch: [83/400][220/400] lr: 1.95e-04 | MSE loss: 7.2389e-03 | time: 0.160
I 05.31/23:08:59 solver.py:136 ] Epoch: [83/400][240/400] lr: 1.95e-04 | MSE loss: 7.2355e-03 | time: 0.161
I 05.31/23:09:04 solver.py:136 ] Epoch: [83/400][260/400] lr: 1.95e-04 | MSE loss: 7.2440e-03 | time: 0.168
I 05.31/23:09:07 solver.py:136 ] Epoch: [83/400][280/400] lr: 1.95e-04 | MSE loss: 7.2251e-03 | time: 0.169
I 05.31/23:09:11 solver.py:136 ] Epoch: [83/400][300/400] lr: 1.95e-04 | MSE loss: 7.2211e-03 | time: 0.169
I 05.31/23:09:14 solver.py:136 ] Epoch: [83/400][320/400] lr: 1.95e-04 | MSE loss: 7.2573e-03 | time: 0.168
I 05.31/23:09:17 solver.py:136 ] Epoch: [83/400][340/400] lr: 1.95e-04 | MSE loss: 7.2540e-03 | time: 0.168
I 05.31/23:09:21 solver.py:136 ] Epoch: [83/400][360/400] lr: 1.95e-04 | MSE loss: 7.2439e-03 | time: 0.169
I 05.31/23:09:24 solver.py:136 ] Epoch: [83/400][380/400] lr: 1.95e-04 | MSE loss: 7.2421e-03 | time: 0.169
I 05.31/23:09:27 solver.py:136 ] Epoch: [83/400][400/400] lr: 1.95e-04 | MSE loss: 7.2511e-03 | time: 0.168
I 05.31/23:09:27 solver.py:146 ] => Train  Loss: 7.2511e-03

I 05.31/23:09:32 solver.py:205 ] 
=! Best NMSE: -1.8146e+01 (epoch=80)

I 05.31/23:09:35 solver.py:136 ] Epoch: [84/400][20/400] lr: 1.95e-04 | MSE loss: 7.0614e-03 | time: 0.165
I 05.31/23:09:38 solver.py:136 ] Epoch: [84/400][40/400] lr: 1.95e-04 | MSE loss: 7.0348e-03 | time: 0.166
I 05.31/23:09:41 solver.py:136 ] Epoch: [84/400][60/400] lr: 1.95e-04 | MSE loss: 7.1304e-03 | time: 0.157
I 05.31/23:09:44 solver.py:136 ] Epoch: [84/400][80/400] lr: 1.95e-04 | MSE loss: 7.0825e-03 | time: 0.154
I 05.31/23:09:47 solver.py:136 ] Epoch: [84/400][100/400] lr: 1.95e-04 | MSE loss: 7.1466e-03 | time: 0.156
I 05.31/23:09:51 solver.py:136 ] Epoch: [84/400][120/400] lr: 1.95e-04 | MSE loss: 7.0900e-03 | time: 0.160
I 05.31/23:09:55 solver.py:136 ] Epoch: [84/400][140/400] lr: 1.95e-04 | MSE loss: 7.1326e-03 | time: 0.163
I 05.31/23:09:58 solver.py:136 ] Epoch: [84/400][160/400] lr: 1.95e-04 | MSE loss: 7.1356e-03 | time: 0.166
I 05.31/23:10:02 solver.py:136 ] Epoch: [84/400][180/400] lr: 1.95e-04 | MSE loss: 7.1756e-03 | time: 0.168
I 05.31/23:10:06 solver.py:136 ] Epoch: [84/400][200/400] lr: 1.95e-04 | MSE loss: 7.2661e-03 | time: 0.172
I 05.31/23:10:09 solver.py:136 ] Epoch: [84/400][220/400] lr: 1.95e-04 | MSE loss: 7.4476e-03 | time: 0.172
I 05.31/23:10:13 solver.py:136 ] Epoch: [84/400][240/400] lr: 1.95e-04 | MSE loss: 7.5997e-03 | time: 0.172
I 05.31/23:10:16 solver.py:136 ] Epoch: [84/400][260/400] lr: 1.95e-04 | MSE loss: 7.7374e-03 | time: 0.172
I 05.31/23:10:20 solver.py:136 ] Epoch: [84/400][280/400] lr: 1.95e-04 | MSE loss: 7.7400e-03 | time: 0.172
I 05.31/23:10:23 solver.py:136 ] Epoch: [84/400][300/400] lr: 1.95e-04 | MSE loss: 7.7567e-03 | time: 0.171
I 05.31/23:10:26 solver.py:136 ] Epoch: [84/400][320/400] lr: 1.95e-04 | MSE loss: 7.7515e-03 | time: 0.170
I 05.31/23:10:29 solver.py:136 ] Epoch: [84/400][340/400] lr: 1.95e-04 | MSE loss: 7.7387e-03 | time: 0.170
I 05.31/23:10:33 solver.py:136 ] Epoch: [84/400][360/400] lr: 1.95e-04 | MSE loss: 7.7269e-03 | time: 0.170
I 05.31/23:10:36 solver.py:136 ] Epoch: [84/400][380/400] lr: 1.95e-04 | MSE loss: 7.7244e-03 | time: 0.169
I 05.31/23:10:39 solver.py:136 ] Epoch: [84/400][400/400] lr: 1.95e-04 | MSE loss: 7.7254e-03 | time: 0.169
I 05.31/23:10:39 solver.py:146 ] => Train  Loss: 7.7254e-03

I 05.31/23:10:45 solver.py:205 ] 
=! Best NMSE: -1.8146e+01 (epoch=80)

I 05.31/23:10:49 solver.py:136 ] Epoch: [85/400][20/400] lr: 1.95e-04 | MSE loss: 7.4146e-03 | time: 0.173
I 05.31/23:10:52 solver.py:136 ] Epoch: [85/400][40/400] lr: 1.95e-04 | MSE loss: 7.5719e-03 | time: 0.169
I 05.31/23:10:55 solver.py:136 ] Epoch: [85/400][60/400] lr: 1.95e-04 | MSE loss: 7.5012e-03 | time: 0.166
I 05.31/23:10:58 solver.py:136 ] Epoch: [85/400][80/400] lr: 1.94e-04 | MSE loss: 7.4208e-03 | time: 0.161
I 05.31/23:11:02 solver.py:136 ] Epoch: [85/400][100/400] lr: 1.94e-04 | MSE loss: 7.4126e-03 | time: 0.165
I 05.31/23:11:06 solver.py:136 ] Epoch: [85/400][120/400] lr: 1.94e-04 | MSE loss: 7.3591e-03 | time: 0.174
I 05.31/23:11:10 solver.py:136 ] Epoch: [85/400][140/400] lr: 1.94e-04 | MSE loss: 7.3343e-03 | time: 0.174
I 05.31/23:11:13 solver.py:136 ] Epoch: [85/400][160/400] lr: 1.94e-04 | MSE loss: 7.3259e-03 | time: 0.172
I 05.31/23:11:16 solver.py:136 ] Epoch: [85/400][180/400] lr: 1.94e-04 | MSE loss: 7.3068e-03 | time: 0.168
I 05.31/23:11:19 solver.py:136 ] Epoch: [85/400][200/400] lr: 1.94e-04 | MSE loss: 7.2894e-03 | time: 0.166
I 05.31/23:11:22 solver.py:136 ] Epoch: [85/400][220/400] lr: 1.94e-04 | MSE loss: 7.2957e-03 | time: 0.165
I 05.31/23:11:25 solver.py:136 ] Epoch: [85/400][240/400] lr: 1.94e-04 | MSE loss: 7.3136e-03 | time: 0.166
I 05.31/23:11:28 solver.py:136 ] Epoch: [85/400][260/400] lr: 1.94e-04 | MSE loss: 7.2901e-03 | time: 0.163
I 05.31/23:11:30 solver.py:136 ] Epoch: [85/400][280/400] lr: 1.94e-04 | MSE loss: 7.2635e-03 | time: 0.161
I 05.31/23:11:32 solver.py:136 ] Epoch: [85/400][300/400] lr: 1.94e-04 | MSE loss: 7.2557e-03 | time: 0.157
I 05.31/23:11:35 solver.py:136 ] Epoch: [85/400][320/400] lr: 1.94e-04 | MSE loss: 7.2470e-03 | time: 0.154
I 05.31/23:11:37 solver.py:136 ] Epoch: [85/400][340/400] lr: 1.94e-04 | MSE loss: 7.2408e-03 | time: 0.152
I 05.31/23:11:40 solver.py:136 ] Epoch: [85/400][360/400] lr: 1.94e-04 | MSE loss: 7.2276e-03 | time: 0.153
I 05.31/23:11:44 solver.py:136 ] Epoch: [85/400][380/400] lr: 1.94e-04 | MSE loss: 7.2155e-03 | time: 0.155
I 05.31/23:11:48 solver.py:136 ] Epoch: [85/400][400/400] lr: 1.94e-04 | MSE loss: 7.2122e-03 | time: 0.156
I 05.31/23:11:48 solver.py:146 ] => Train  Loss: 7.2122e-03

I 05.31/23:11:53 solver.py:205 ] 
=! Best NMSE: -1.8146e+01 (epoch=80)

I 05.31/23:11:57 solver.py:136 ] Epoch: [86/400][20/400] lr: 1.94e-04 | MSE loss: 7.7211e-03 | time: 0.189
I 05.31/23:12:01 solver.py:136 ] Epoch: [86/400][40/400] lr: 1.94e-04 | MSE loss: 7.2316e-03 | time: 0.200
I 05.31/23:12:06 solver.py:136 ] Epoch: [86/400][60/400] lr: 1.94e-04 | MSE loss: 7.1641e-03 | time: 0.226
I 05.31/23:12:10 solver.py:136 ] Epoch: [86/400][80/400] lr: 1.94e-04 | MSE loss: 7.1168e-03 | time: 0.214
I 05.31/23:12:13 solver.py:136 ] Epoch: [86/400][100/400] lr: 1.94e-04 | MSE loss: 7.1140e-03 | time: 0.200
I 05.31/23:12:15 solver.py:136 ] Epoch: [86/400][120/400] lr: 1.94e-04 | MSE loss: 7.1459e-03 | time: 0.188
I 05.31/23:12:19 solver.py:136 ] Epoch: [86/400][140/400] lr: 1.94e-04 | MSE loss: 7.1627e-03 | time: 0.184
I 05.31/23:12:22 solver.py:136 ] Epoch: [86/400][160/400] lr: 1.94e-04 | MSE loss: 7.1653e-03 | time: 0.183
I 05.31/23:12:26 solver.py:136 ] Epoch: [86/400][180/400] lr: 1.94e-04 | MSE loss: 7.1446e-03 | time: 0.183
I 05.31/23:12:29 solver.py:136 ] Epoch: [86/400][200/400] lr: 1.94e-04 | MSE loss: 7.1568e-03 | time: 0.183
I 05.31/23:12:33 solver.py:136 ] Epoch: [86/400][220/400] lr: 1.94e-04 | MSE loss: 7.1647e-03 | time: 0.182
I 05.31/23:12:37 solver.py:136 ] Epoch: [86/400][240/400] lr: 1.94e-04 | MSE loss: 7.1703e-03 | time: 0.182
I 05.31/23:12:40 solver.py:136 ] Epoch: [86/400][260/400] lr: 1.94e-04 | MSE loss: 7.1538e-03 | time: 0.182
I 05.31/23:12:44 solver.py:136 ] Epoch: [86/400][280/400] lr: 1.94e-04 | MSE loss: 7.1613e-03 | time: 0.182
I 05.31/23:12:47 solver.py:136 ] Epoch: [86/400][300/400] lr: 1.94e-04 | MSE loss: 7.1650e-03 | time: 0.182
I 05.31/23:12:50 solver.py:136 ] Epoch: [86/400][320/400] lr: 1.94e-04 | MSE loss: 7.1400e-03 | time: 0.179
I 05.31/23:12:53 solver.py:136 ] Epoch: [86/400][340/400] lr: 1.94e-04 | MSE loss: 7.1175e-03 | time: 0.178
I 05.31/23:12:56 solver.py:136 ] Epoch: [86/400][360/400] lr: 1.94e-04 | MSE loss: 7.1110e-03 | time: 0.176
I 05.31/23:13:00 solver.py:136 ] Epoch: [86/400][380/400] lr: 1.94e-04 | MSE loss: 7.1262e-03 | time: 0.177
I 05.31/23:13:05 solver.py:136 ] Epoch: [86/400][400/400] lr: 1.94e-04 | MSE loss: 7.1275e-03 | time: 0.181
I 05.31/23:13:05 solver.py:146 ] => Train  Loss: 7.1275e-03

I 05.31/23:13:11 solver.py:205 ] 
=! Best NMSE: -1.8146e+01 (epoch=80)

I 05.31/23:13:15 solver.py:136 ] Epoch: [87/400][20/400] lr: 1.94e-04 | MSE loss: 7.0182e-03 | time: 0.200
I 05.31/23:13:18 solver.py:136 ] Epoch: [87/400][40/400] lr: 1.94e-04 | MSE loss: 7.0438e-03 | time: 0.190
I 05.31/23:13:22 solver.py:136 ] Epoch: [87/400][60/400] lr: 1.94e-04 | MSE loss: 6.9709e-03 | time: 0.188
I 05.31/23:13:25 solver.py:136 ] Epoch: [87/400][80/400] lr: 1.94e-04 | MSE loss: 7.0612e-03 | time: 0.183
I 05.31/23:13:28 solver.py:136 ] Epoch: [87/400][100/400] lr: 1.94e-04 | MSE loss: 7.0581e-03 | time: 0.177
I 05.31/23:13:31 solver.py:136 ] Epoch: [87/400][120/400] lr: 1.94e-04 | MSE loss: 7.0461e-03 | time: 0.168
I 05.31/23:13:33 solver.py:136 ] Epoch: [87/400][140/400] lr: 1.94e-04 | MSE loss: 7.0675e-03 | time: 0.162
I 05.31/23:13:37 solver.py:136 ] Epoch: [87/400][160/400] lr: 1.94e-04 | MSE loss: 7.0959e-03 | time: 0.164
I 05.31/23:13:40 solver.py:136 ] Epoch: [87/400][180/400] lr: 1.94e-04 | MSE loss: 7.0766e-03 | time: 0.164
I 05.31/23:13:43 solver.py:136 ] Epoch: [87/400][200/400] lr: 1.94e-04 | MSE loss: 7.0678e-03 | time: 0.162
I 05.31/23:13:46 solver.py:136 ] Epoch: [87/400][220/400] lr: 1.94e-04 | MSE loss: 7.1020e-03 | time: 0.162
I 05.31/23:13:50 solver.py:136 ] Epoch: [87/400][240/400] lr: 1.94e-04 | MSE loss: 7.1064e-03 | time: 0.163
I 05.31/23:13:53 solver.py:136 ] Epoch: [87/400][260/400] lr: 1.94e-04 | MSE loss: 7.0891e-03 | time: 0.164
I 05.31/23:13:56 solver.py:136 ] Epoch: [87/400][280/400] lr: 1.94e-04 | MSE loss: 7.0965e-03 | time: 0.164
I 05.31/23:14:00 solver.py:136 ] Epoch: [87/400][300/400] lr: 1.94e-04 | MSE loss: 7.1103e-03 | time: 0.164
I 05.31/23:14:05 solver.py:136 ] Epoch: [87/400][320/400] lr: 1.94e-04 | MSE loss: 7.1064e-03 | time: 0.168
I 05.31/23:14:08 solver.py:136 ] Epoch: [87/400][340/400] lr: 1.94e-04 | MSE loss: 7.1186e-03 | time: 0.168
I 05.31/23:14:11 solver.py:136 ] Epoch: [87/400][360/400] lr: 1.94e-04 | MSE loss: 7.1268e-03 | time: 0.168
I 05.31/23:14:14 solver.py:136 ] Epoch: [87/400][380/400] lr: 1.94e-04 | MSE loss: 7.1228e-03 | time: 0.167
I 05.31/23:14:17 solver.py:136 ] Epoch: [87/400][400/400] lr: 1.94e-04 | MSE loss: 7.1110e-03 | time: 0.167
I 05.31/23:14:17 solver.py:146 ] => Train  Loss: 7.1110e-03

I 05.31/23:14:21 solver.py:205 ] 
=! Best NMSE: -1.8146e+01 (epoch=80)

I 05.31/23:14:24 solver.py:136 ] Epoch: [88/400][20/400] lr: 1.94e-04 | MSE loss: 7.0658e-03 | time: 0.176
I 05.31/23:14:27 solver.py:136 ] Epoch: [88/400][40/400] lr: 1.94e-04 | MSE loss: 6.8952e-03 | time: 0.168
I 05.31/23:14:30 solver.py:136 ] Epoch: [88/400][60/400] lr: 1.94e-04 | MSE loss: 6.9431e-03 | time: 0.160
I 05.31/23:14:33 solver.py:136 ] Epoch: [88/400][80/400] lr: 1.94e-04 | MSE loss: 7.0407e-03 | time: 0.158
I 05.31/23:14:37 solver.py:136 ] Epoch: [88/400][100/400] lr: 1.94e-04 | MSE loss: 7.0078e-03 | time: 0.161
I 05.31/23:14:40 solver.py:136 ] Epoch: [88/400][120/400] lr: 1.94e-04 | MSE loss: 7.0787e-03 | time: 0.164
I 05.31/23:14:43 solver.py:136 ] Epoch: [88/400][140/400] lr: 1.94e-04 | MSE loss: 7.0398e-03 | time: 0.160
I 05.31/23:14:46 solver.py:136 ] Epoch: [88/400][160/400] lr: 1.94e-04 | MSE loss: 7.0474e-03 | time: 0.157
I 05.31/23:14:48 solver.py:136 ] Epoch: [88/400][180/400] lr: 1.94e-04 | MSE loss: 7.0547e-03 | time: 0.151
I 05.31/23:14:51 solver.py:136 ] Epoch: [88/400][200/400] lr: 1.94e-04 | MSE loss: 7.0780e-03 | time: 0.154
I 05.31/23:14:55 solver.py:136 ] Epoch: [88/400][220/400] lr: 1.94e-04 | MSE loss: 7.0698e-03 | time: 0.154
I 05.31/23:14:58 solver.py:136 ] Epoch: [88/400][240/400] lr: 1.94e-04 | MSE loss: 7.0787e-03 | time: 0.155
I 05.31/23:15:02 solver.py:136 ] Epoch: [88/400][260/400] lr: 1.94e-04 | MSE loss: 7.0858e-03 | time: 0.159
I 05.31/23:15:07 solver.py:136 ] Epoch: [88/400][280/400] lr: 1.94e-04 | MSE loss: 7.0837e-03 | time: 0.164
I 05.31/23:15:10 solver.py:136 ] Epoch: [88/400][300/400] lr: 1.94e-04 | MSE loss: 7.0850e-03 | time: 0.164
I 05.31/23:15:13 solver.py:136 ] Epoch: [88/400][320/400] lr: 1.94e-04 | MSE loss: 7.0747e-03 | time: 0.163
I 05.31/23:15:16 solver.py:136 ] Epoch: [88/400][340/400] lr: 1.94e-04 | MSE loss: 7.0896e-03 | time: 0.163
I 05.31/23:15:19 solver.py:136 ] Epoch: [88/400][360/400] lr: 1.94e-04 | MSE loss: 7.1055e-03 | time: 0.163
I 05.31/23:15:23 solver.py:136 ] Epoch: [88/400][380/400] lr: 1.94e-04 | MSE loss: 7.1119e-03 | time: 0.163
I 05.31/23:15:26 solver.py:136 ] Epoch: [88/400][400/400] lr: 1.94e-04 | MSE loss: 7.1036e-03 | time: 0.163
I 05.31/23:15:26 solver.py:146 ] => Train  Loss: 7.1036e-03

I 05.31/23:15:31 solver.py:205 ] 
=! Best NMSE: -1.8146e+01 (epoch=80)

I 05.31/23:15:35 solver.py:136 ] Epoch: [89/400][20/400] lr: 1.94e-04 | MSE loss: 6.7590e-03 | time: 0.183
I 05.31/23:15:38 solver.py:136 ] Epoch: [89/400][40/400] lr: 1.93e-04 | MSE loss: 6.9493e-03 | time: 0.178
I 05.31/23:15:42 solver.py:136 ] Epoch: [89/400][60/400] lr: 1.93e-04 | MSE loss: 6.9623e-03 | time: 0.174
I 05.31/23:15:45 solver.py:136 ] Epoch: [89/400][80/400] lr: 1.93e-04 | MSE loss: 7.0920e-03 | time: 0.168
I 05.31/23:15:48 solver.py:136 ] Epoch: [89/400][100/400] lr: 1.93e-04 | MSE loss: 7.0210e-03 | time: 0.167
I 05.31/23:15:51 solver.py:136 ] Epoch: [89/400][120/400] lr: 1.93e-04 | MSE loss: 7.0442e-03 | time: 0.169
I 05.31/23:15:55 solver.py:136 ] Epoch: [89/400][140/400] lr: 1.93e-04 | MSE loss: 7.0704e-03 | time: 0.170
I 05.31/23:15:58 solver.py:136 ] Epoch: [89/400][160/400] lr: 1.93e-04 | MSE loss: 7.0599e-03 | time: 0.169
I 05.31/23:16:02 solver.py:136 ] Epoch: [89/400][180/400] lr: 1.93e-04 | MSE loss: 7.0847e-03 | time: 0.170
I 05.31/23:16:06 solver.py:136 ] Epoch: [89/400][200/400] lr: 1.93e-04 | MSE loss: 7.0673e-03 | time: 0.176
I 05.31/23:16:09 solver.py:136 ] Epoch: [89/400][220/400] lr: 1.93e-04 | MSE loss: 7.0646e-03 | time: 0.174
I 05.31/23:16:13 solver.py:136 ] Epoch: [89/400][240/400] lr: 1.93e-04 | MSE loss: 7.0669e-03 | time: 0.173
I 05.31/23:16:16 solver.py:136 ] Epoch: [89/400][260/400] lr: 1.93e-04 | MSE loss: 7.0684e-03 | time: 0.172
I 05.31/23:16:19 solver.py:136 ] Epoch: [89/400][280/400] lr: 1.93e-04 | MSE loss: 7.0654e-03 | time: 0.172
I 05.31/23:16:22 solver.py:136 ] Epoch: [89/400][300/400] lr: 1.93e-04 | MSE loss: 7.0849e-03 | time: 0.170
I 05.31/23:16:25 solver.py:136 ] Epoch: [89/400][320/400] lr: 1.93e-04 | MSE loss: 7.0949e-03 | time: 0.170
I 05.31/23:16:29 solver.py:136 ] Epoch: [89/400][340/400] lr: 1.93e-04 | MSE loss: 7.0884e-03 | time: 0.169
I 05.31/23:16:32 solver.py:136 ] Epoch: [89/400][360/400] lr: 1.93e-04 | MSE loss: 7.0871e-03 | time: 0.168
I 05.31/23:16:35 solver.py:136 ] Epoch: [89/400][380/400] lr: 1.93e-04 | MSE loss: 7.0875e-03 | time: 0.169
I 05.31/23:16:39 solver.py:136 ] Epoch: [89/400][400/400] lr: 1.93e-04 | MSE loss: 7.0924e-03 | time: 0.169
I 05.31/23:16:39 solver.py:146 ] => Train  Loss: 7.0924e-03

I 05.31/23:16:44 solver.py:205 ] 
=! Best NMSE: -1.8146e+01 (epoch=80)

I 05.31/23:16:48 solver.py:136 ] Epoch: [90/400][20/400] lr: 1.93e-04 | MSE loss: 6.9663e-03 | time: 0.190
I 05.31/23:16:51 solver.py:136 ] Epoch: [90/400][40/400] lr: 1.93e-04 | MSE loss: 7.1376e-03 | time: 0.180
I 05.31/23:16:54 solver.py:136 ] Epoch: [90/400][60/400] lr: 1.93e-04 | MSE loss: 7.1346e-03 | time: 0.171
I 05.31/23:16:57 solver.py:136 ] Epoch: [90/400][80/400] lr: 1.93e-04 | MSE loss: 7.0656e-03 | time: 0.165
I 05.31/23:17:01 solver.py:136 ] Epoch: [90/400][100/400] lr: 1.93e-04 | MSE loss: 7.0534e-03 | time: 0.171
I 05.31/23:17:06 solver.py:136 ] Epoch: [90/400][120/400] lr: 1.93e-04 | MSE loss: 7.0476e-03 | time: 0.184
I 05.31/23:17:10 solver.py:136 ] Epoch: [90/400][140/400] lr: 1.93e-04 | MSE loss: 7.0832e-03 | time: 0.181
I 05.31/23:17:13 solver.py:136 ] Epoch: [90/400][160/400] lr: 1.93e-04 | MSE loss: 7.0661e-03 | time: 0.179
I 05.31/23:17:16 solver.py:136 ] Epoch: [90/400][180/400] lr: 1.93e-04 | MSE loss: 7.0592e-03 | time: 0.177
I 05.31/23:17:19 solver.py:136 ] Epoch: [90/400][200/400] lr: 1.93e-04 | MSE loss: 7.0914e-03 | time: 0.175
I 05.31/23:17:22 solver.py:136 ] Epoch: [90/400][220/400] lr: 1.93e-04 | MSE loss: 7.0919e-03 | time: 0.173
I 05.31/23:17:25 solver.py:136 ] Epoch: [90/400][240/400] lr: 1.93e-04 | MSE loss: 7.0873e-03 | time: 0.171
I 05.31/23:17:29 solver.py:136 ] Epoch: [90/400][260/400] lr: 1.93e-04 | MSE loss: 7.0906e-03 | time: 0.172
I 05.31/23:17:32 solver.py:136 ] Epoch: [90/400][280/400] lr: 1.93e-04 | MSE loss: 7.1149e-03 | time: 0.171
I 05.31/23:17:35 solver.py:136 ] Epoch: [90/400][300/400] lr: 1.93e-04 | MSE loss: 7.0968e-03 | time: 0.171
I 05.31/23:17:39 solver.py:136 ] Epoch: [90/400][320/400] lr: 1.93e-04 | MSE loss: 7.1005e-03 | time: 0.170
I 05.31/23:17:42 solver.py:136 ] Epoch: [90/400][340/400] lr: 1.93e-04 | MSE loss: 7.1036e-03 | time: 0.169
I 05.31/23:17:45 solver.py:136 ] Epoch: [90/400][360/400] lr: 1.93e-04 | MSE loss: 7.0894e-03 | time: 0.168
I 05.31/23:17:48 solver.py:136 ] Epoch: [90/400][380/400] lr: 1.93e-04 | MSE loss: 7.0942e-03 | time: 0.168
I 05.31/23:17:51 solver.py:136 ] Epoch: [90/400][400/400] lr: 1.93e-04 | MSE loss: 7.0921e-03 | time: 0.168
I 05.31/23:17:51 solver.py:146 ] => Train  Loss: 7.0921e-03

I 05.31/23:17:54 solver.py:136 ] Epoch: [90/400][20/50] lr: 1.93e-04 | MSE loss: 7.6851e-03 | time: 0.135
I 05.31/23:17:58 solver.py:136 ] Epoch: [90/400][40/50] lr: 1.93e-04 | MSE loss: 7.4981e-03 | time: 0.148
I 05.31/23:18:00 solver.py:146 ] => Val  Loss: 7.4784e-03

I 05.31/23:18:06 solver.py:287 ] [20/50] loss: 7.5554e-03 | NMSE: -1.8252e+01 | time: 0.312
I 05.31/23:18:09 solver.py:287 ] [40/50] loss: 7.5735e-03 | NMSE: -1.8234e+01 | time: 0.240
I 05.31/23:18:11 solver.py:291 ] => Test NMSE: -1.8259e+01

I 05.31/23:18:24 solver.py:205 ] 
=! Best NMSE: -1.8259e+01 (epoch=90)

I 05.31/23:18:27 solver.py:136 ] Epoch: [91/400][20/400] lr: 1.93e-04 | MSE loss: 7.0212e-03 | time: 0.161
I 05.31/23:18:31 solver.py:136 ] Epoch: [91/400][40/400] lr: 1.93e-04 | MSE loss: 7.1704e-03 | time: 0.171
I 05.31/23:18:34 solver.py:136 ] Epoch: [91/400][60/400] lr: 1.93e-04 | MSE loss: 7.2075e-03 | time: 0.166
I 05.31/23:18:37 solver.py:136 ] Epoch: [91/400][80/400] lr: 1.93e-04 | MSE loss: 7.1206e-03 | time: 0.160
I 05.31/23:18:40 solver.py:136 ] Epoch: [91/400][100/400] lr: 1.93e-04 | MSE loss: 7.1180e-03 | time: 0.163
I 05.31/23:18:43 solver.py:136 ] Epoch: [91/400][120/400] lr: 1.93e-04 | MSE loss: 7.0853e-03 | time: 0.162
I 05.31/23:18:47 solver.py:136 ] Epoch: [91/400][140/400] lr: 1.93e-04 | MSE loss: 7.0621e-03 | time: 0.165
I 05.31/23:18:50 solver.py:136 ] Epoch: [91/400][160/400] lr: 1.93e-04 | MSE loss: 7.0668e-03 | time: 0.166
I 05.31/23:18:54 solver.py:136 ] Epoch: [91/400][180/400] lr: 1.93e-04 | MSE loss: 7.0791e-03 | time: 0.166
I 05.31/23:18:57 solver.py:136 ] Epoch: [91/400][200/400] lr: 1.93e-04 | MSE loss: 7.0451e-03 | time: 0.166
I 05.31/23:19:00 solver.py:136 ] Epoch: [91/400][220/400] lr: 1.93e-04 | MSE loss: 7.0147e-03 | time: 0.165
I 05.31/23:19:05 solver.py:136 ] Epoch: [91/400][240/400] lr: 1.93e-04 | MSE loss: 6.9935e-03 | time: 0.171
I 05.31/23:19:08 solver.py:136 ] Epoch: [91/400][260/400] lr: 1.93e-04 | MSE loss: 7.0216e-03 | time: 0.169
I 05.31/23:19:11 solver.py:136 ] Epoch: [91/400][280/400] lr: 1.93e-04 | MSE loss: 7.0282e-03 | time: 0.168
I 05.31/23:19:14 solver.py:136 ] Epoch: [91/400][300/400] lr: 1.93e-04 | MSE loss: 7.0520e-03 | time: 0.167
I 05.31/23:19:17 solver.py:136 ] Epoch: [91/400][320/400] lr: 1.93e-04 | MSE loss: 7.0573e-03 | time: 0.167
I 05.31/23:19:21 solver.py:136 ] Epoch: [91/400][340/400] lr: 1.93e-04 | MSE loss: 7.0533e-03 | time: 0.167
I 05.31/23:19:24 solver.py:136 ] Epoch: [91/400][360/400] lr: 1.93e-04 | MSE loss: 7.0469e-03 | time: 0.167
I 05.31/23:19:27 solver.py:136 ] Epoch: [91/400][380/400] lr: 1.93e-04 | MSE loss: 7.0648e-03 | time: 0.166
I 05.31/23:19:30 solver.py:136 ] Epoch: [91/400][400/400] lr: 1.93e-04 | MSE loss: 7.0666e-03 | time: 0.165
I 05.31/23:19:30 solver.py:146 ] => Train  Loss: 7.0666e-03

I 05.31/23:19:35 solver.py:205 ] 
=! Best NMSE: -1.8259e+01 (epoch=90)

I 05.31/23:19:38 solver.py:136 ] Epoch: [92/400][20/400] lr: 1.93e-04 | MSE loss: 6.9353e-03 | time: 0.168
I 05.31/23:19:41 solver.py:136 ] Epoch: [92/400][40/400] lr: 1.93e-04 | MSE loss: 6.9358e-03 | time: 0.162
I 05.31/23:19:45 solver.py:136 ] Epoch: [92/400][60/400] lr: 1.93e-04 | MSE loss: 6.9116e-03 | time: 0.166
I 05.31/23:19:48 solver.py:136 ] Epoch: [92/400][80/400] lr: 1.93e-04 | MSE loss: 6.9880e-03 | time: 0.167
I 05.31/23:19:51 solver.py:136 ] Epoch: [92/400][100/400] lr: 1.93e-04 | MSE loss: 6.9893e-03 | time: 0.167
I 05.31/23:19:55 solver.py:136 ] Epoch: [92/400][120/400] lr: 1.93e-04 | MSE loss: 6.9589e-03 | time: 0.166
I 05.31/23:19:58 solver.py:136 ] Epoch: [92/400][140/400] lr: 1.93e-04 | MSE loss: 7.0021e-03 | time: 0.170
I 05.31/23:20:03 solver.py:136 ] Epoch: [92/400][160/400] lr: 1.93e-04 | MSE loss: 7.0301e-03 | time: 0.178
I 05.31/23:20:07 solver.py:136 ] Epoch: [92/400][180/400] lr: 1.93e-04 | MSE loss: 7.0318e-03 | time: 0.181
I 05.31/23:20:10 solver.py:136 ] Epoch: [92/400][200/400] lr: 1.93e-04 | MSE loss: 7.0142e-03 | time: 0.179
I 05.31/23:20:14 solver.py:136 ] Epoch: [92/400][220/400] lr: 1.93e-04 | MSE loss: 7.0264e-03 | time: 0.179
I 05.31/23:20:17 solver.py:136 ] Epoch: [92/400][240/400] lr: 1.93e-04 | MSE loss: 7.0375e-03 | time: 0.176
I 05.31/23:20:19 solver.py:136 ] Epoch: [92/400][260/400] lr: 1.93e-04 | MSE loss: 7.0326e-03 | time: 0.172
I 05.31/23:20:23 solver.py:136 ] Epoch: [92/400][280/400] lr: 1.92e-04 | MSE loss: 7.0533e-03 | time: 0.171
I 05.31/23:20:26 solver.py:136 ] Epoch: [92/400][300/400] lr: 1.92e-04 | MSE loss: 7.0547e-03 | time: 0.170
I 05.31/23:20:29 solver.py:136 ] Epoch: [92/400][320/400] lr: 1.92e-04 | MSE loss: 7.0391e-03 | time: 0.170
I 05.31/23:20:32 solver.py:136 ] Epoch: [92/400][340/400] lr: 1.92e-04 | MSE loss: 7.0340e-03 | time: 0.170
I 05.31/23:20:36 solver.py:136 ] Epoch: [92/400][360/400] lr: 1.92e-04 | MSE loss: 7.0287e-03 | time: 0.170
I 05.31/23:20:39 solver.py:136 ] Epoch: [92/400][380/400] lr: 1.92e-04 | MSE loss: 7.0245e-03 | time: 0.169
I 05.31/23:20:42 solver.py:136 ] Epoch: [92/400][400/400] lr: 1.92e-04 | MSE loss: 7.0474e-03 | time: 0.169
I 05.31/23:20:42 solver.py:146 ] => Train  Loss: 7.0474e-03

I 05.31/23:20:47 solver.py:205 ] 
=! Best NMSE: -1.8259e+01 (epoch=90)

I 05.31/23:20:51 solver.py:136 ] Epoch: [93/400][20/400] lr: 1.92e-04 | MSE loss: 6.9240e-03 | time: 0.175
I 05.31/23:20:54 solver.py:136 ] Epoch: [93/400][40/400] lr: 1.92e-04 | MSE loss: 7.0600e-03 | time: 0.160
I 05.31/23:20:57 solver.py:136 ] Epoch: [93/400][60/400] lr: 1.92e-04 | MSE loss: 7.0761e-03 | time: 0.154
I 05.31/23:20:59 solver.py:136 ] Epoch: [93/400][80/400] lr: 1.92e-04 | MSE loss: 7.0435e-03 | time: 0.149
I 05.31/23:21:04 solver.py:136 ] Epoch: [93/400][100/400] lr: 1.92e-04 | MSE loss: 6.9005e-03 | time: 0.166
I 05.31/23:21:07 solver.py:136 ] Epoch: [93/400][120/400] lr: 1.92e-04 | MSE loss: 6.9494e-03 | time: 0.167
I 05.31/23:21:11 solver.py:136 ] Epoch: [93/400][140/400] lr: 1.92e-04 | MSE loss: 6.9786e-03 | time: 0.169
I 05.31/23:21:15 solver.py:136 ] Epoch: [93/400][160/400] lr: 1.92e-04 | MSE loss: 6.9613e-03 | time: 0.170
I 05.31/23:21:18 solver.py:136 ] Epoch: [93/400][180/400] lr: 1.92e-04 | MSE loss: 6.9516e-03 | time: 0.171
I 05.31/23:21:21 solver.py:136 ] Epoch: [93/400][200/400] lr: 1.92e-04 | MSE loss: 6.9289e-03 | time: 0.169
I 05.31/23:21:24 solver.py:136 ] Epoch: [93/400][220/400] lr: 1.92e-04 | MSE loss: 6.9123e-03 | time: 0.168
I 05.31/23:21:27 solver.py:136 ] Epoch: [93/400][240/400] lr: 1.92e-04 | MSE loss: 6.9776e-03 | time: 0.166
I 05.31/23:21:30 solver.py:136 ] Epoch: [93/400][260/400] lr: 1.92e-04 | MSE loss: 7.0151e-03 | time: 0.164
I 05.31/23:21:34 solver.py:136 ] Epoch: [93/400][280/400] lr: 1.92e-04 | MSE loss: 7.0126e-03 | time: 0.166
I 05.31/23:21:37 solver.py:136 ] Epoch: [93/400][300/400] lr: 1.92e-04 | MSE loss: 7.0050e-03 | time: 0.165
I 05.31/23:21:40 solver.py:136 ] Epoch: [93/400][320/400] lr: 1.92e-04 | MSE loss: 7.0226e-03 | time: 0.164
I 05.31/23:21:43 solver.py:136 ] Epoch: [93/400][340/400] lr: 1.92e-04 | MSE loss: 7.0472e-03 | time: 0.165
I 05.31/23:21:47 solver.py:136 ] Epoch: [93/400][360/400] lr: 1.92e-04 | MSE loss: 7.0457e-03 | time: 0.165
I 05.31/23:21:50 solver.py:136 ] Epoch: [93/400][380/400] lr: 1.92e-04 | MSE loss: 7.0364e-03 | time: 0.165
I 05.31/23:21:53 solver.py:136 ] Epoch: [93/400][400/400] lr: 1.92e-04 | MSE loss: 7.0373e-03 | time: 0.165
I 05.31/23:21:53 solver.py:146 ] => Train  Loss: 7.0373e-03

I 05.31/23:22:04 solver.py:205 ] 
=! Best NMSE: -1.8259e+01 (epoch=90)

I 05.31/23:22:07 solver.py:136 ] Epoch: [94/400][20/400] lr: 1.92e-04 | MSE loss: 7.3734e-03 | time: 0.170
I 05.31/23:22:10 solver.py:136 ] Epoch: [94/400][40/400] lr: 1.92e-04 | MSE loss: 7.3582e-03 | time: 0.166
I 05.31/23:22:13 solver.py:136 ] Epoch: [94/400][60/400] lr: 1.92e-04 | MSE loss: 7.2090e-03 | time: 0.159
I 05.31/23:22:16 solver.py:136 ] Epoch: [94/400][80/400] lr: 1.92e-04 | MSE loss: 7.2085e-03 | time: 0.154
I 05.31/23:22:19 solver.py:136 ] Epoch: [94/400][100/400] lr: 1.92e-04 | MSE loss: 7.1716e-03 | time: 0.160
I 05.31/23:22:23 solver.py:136 ] Epoch: [94/400][120/400] lr: 1.92e-04 | MSE loss: 7.0751e-03 | time: 0.162
I 05.31/23:22:26 solver.py:136 ] Epoch: [94/400][140/400] lr: 1.92e-04 | MSE loss: 7.0501e-03 | time: 0.163
I 05.31/23:22:30 solver.py:136 ] Epoch: [94/400][160/400] lr: 1.92e-04 | MSE loss: 7.0315e-03 | time: 0.164
I 05.31/23:22:33 solver.py:136 ] Epoch: [94/400][180/400] lr: 1.92e-04 | MSE loss: 7.0489e-03 | time: 0.164
I 05.31/23:22:36 solver.py:136 ] Epoch: [94/400][200/400] lr: 1.92e-04 | MSE loss: 7.0862e-03 | time: 0.164
I 05.31/23:22:39 solver.py:136 ] Epoch: [94/400][220/400] lr: 1.92e-04 | MSE loss: 7.0657e-03 | time: 0.162
I 05.31/23:22:43 solver.py:136 ] Epoch: [94/400][240/400] lr: 1.92e-04 | MSE loss: 7.0457e-03 | time: 0.163
I 05.31/23:22:46 solver.py:136 ] Epoch: [94/400][260/400] lr: 1.92e-04 | MSE loss: 7.0439e-03 | time: 0.162
I 05.31/23:22:49 solver.py:136 ] Epoch: [94/400][280/400] lr: 1.92e-04 | MSE loss: 7.0174e-03 | time: 0.162
I 05.31/23:22:52 solver.py:136 ] Epoch: [94/400][300/400] lr: 1.92e-04 | MSE loss: 7.0137e-03 | time: 0.161
I 05.31/23:22:55 solver.py:136 ] Epoch: [94/400][320/400] lr: 1.92e-04 | MSE loss: 7.0051e-03 | time: 0.161
I 05.31/23:22:58 solver.py:136 ] Epoch: [94/400][340/400] lr: 1.92e-04 | MSE loss: 7.0167e-03 | time: 0.161
I 05.31/23:23:03 solver.py:136 ] Epoch: [94/400][360/400] lr: 1.92e-04 | MSE loss: 7.0376e-03 | time: 0.164
I 05.31/23:23:07 solver.py:136 ] Epoch: [94/400][380/400] lr: 1.92e-04 | MSE loss: 7.0228e-03 | time: 0.167
I 05.31/23:23:10 solver.py:136 ] Epoch: [94/400][400/400] lr: 1.92e-04 | MSE loss: 7.0184e-03 | time: 0.167
I 05.31/23:23:10 solver.py:146 ] => Train  Loss: 7.0184e-03

I 05.31/23:23:16 solver.py:205 ] 
=! Best NMSE: -1.8259e+01 (epoch=90)

I 05.31/23:23:19 solver.py:136 ] Epoch: [95/400][20/400] lr: 1.92e-04 | MSE loss: 6.9545e-03 | time: 0.172
I 05.31/23:23:23 solver.py:136 ] Epoch: [95/400][40/400] lr: 1.92e-04 | MSE loss: 6.9682e-03 | time: 0.179
I 05.31/23:23:27 solver.py:136 ] Epoch: [95/400][60/400] lr: 1.92e-04 | MSE loss: 6.9122e-03 | time: 0.182
I 05.31/23:23:30 solver.py:136 ] Epoch: [95/400][80/400] lr: 1.92e-04 | MSE loss: 7.0322e-03 | time: 0.174
I 05.31/23:23:33 solver.py:136 ] Epoch: [95/400][100/400] lr: 1.92e-04 | MSE loss: 7.0688e-03 | time: 0.170
I 05.31/23:23:36 solver.py:136 ] Epoch: [95/400][120/400] lr: 1.92e-04 | MSE loss: 7.0566e-03 | time: 0.168
I 05.31/23:23:39 solver.py:136 ] Epoch: [95/400][140/400] lr: 1.92e-04 | MSE loss: 7.0020e-03 | time: 0.168
I 05.31/23:23:42 solver.py:136 ] Epoch: [95/400][160/400] lr: 1.92e-04 | MSE loss: 6.9649e-03 | time: 0.165
I 05.31/23:23:45 solver.py:136 ] Epoch: [95/400][180/400] lr: 1.92e-04 | MSE loss: 6.9360e-03 | time: 0.163
I 05.31/23:23:48 solver.py:136 ] Epoch: [95/400][200/400] lr: 1.92e-04 | MSE loss: 6.9378e-03 | time: 0.159
I 05.31/23:23:50 solver.py:136 ] Epoch: [95/400][220/400] lr: 1.92e-04 | MSE loss: 6.9653e-03 | time: 0.157
I 05.31/23:23:54 solver.py:136 ] Epoch: [95/400][240/400] lr: 1.92e-04 | MSE loss: 6.9494e-03 | time: 0.157
I 05.31/23:23:57 solver.py:136 ] Epoch: [95/400][260/400] lr: 1.92e-04 | MSE loss: 6.9805e-03 | time: 0.158
I 05.31/23:24:01 solver.py:136 ] Epoch: [95/400][280/400] lr: 1.92e-04 | MSE loss: 6.9761e-03 | time: 0.161
I 05.31/23:24:06 solver.py:136 ] Epoch: [95/400][300/400] lr: 1.92e-04 | MSE loss: 6.9514e-03 | time: 0.166
I 05.31/23:24:09 solver.py:136 ] Epoch: [95/400][320/400] lr: 1.92e-04 | MSE loss: 6.9323e-03 | time: 0.166
I 05.31/23:24:12 solver.py:136 ] Epoch: [95/400][340/400] lr: 1.92e-04 | MSE loss: 6.9614e-03 | time: 0.166
I 05.31/23:24:16 solver.py:136 ] Epoch: [95/400][360/400] lr: 1.92e-04 | MSE loss: 6.9670e-03 | time: 0.166
I 05.31/23:24:18 solver.py:136 ] Epoch: [95/400][380/400] lr: 1.92e-04 | MSE loss: 6.9844e-03 | time: 0.164
I 05.31/23:24:21 solver.py:136 ] Epoch: [95/400][400/400] lr: 1.92e-04 | MSE loss: 6.9957e-03 | time: 0.163
I 05.31/23:24:21 solver.py:146 ] => Train  Loss: 6.9957e-03

I 05.31/23:24:27 solver.py:205 ] 
=! Best NMSE: -1.8259e+01 (epoch=90)

I 05.31/23:24:31 solver.py:136 ] Epoch: [96/400][20/400] lr: 1.92e-04 | MSE loss: 7.2538e-03 | time: 0.175
I 05.31/23:24:34 solver.py:136 ] Epoch: [96/400][40/400] lr: 1.91e-04 | MSE loss: 7.0486e-03 | time: 0.168
I 05.31/23:24:37 solver.py:136 ] Epoch: [96/400][60/400] lr: 1.91e-04 | MSE loss: 7.0238e-03 | time: 0.164
I 05.31/23:24:40 solver.py:136 ] Epoch: [96/400][80/400] lr: 1.91e-04 | MSE loss: 6.9698e-03 | time: 0.161
I 05.31/23:24:44 solver.py:136 ] Epoch: [96/400][100/400] lr: 1.91e-04 | MSE loss: 6.9230e-03 | time: 0.162
I 05.31/23:24:47 solver.py:136 ] Epoch: [96/400][120/400] lr: 1.91e-04 | MSE loss: 6.9243e-03 | time: 0.163
I 05.31/23:24:50 solver.py:136 ] Epoch: [96/400][140/400] lr: 1.91e-04 | MSE loss: 6.9086e-03 | time: 0.162
I 05.31/23:24:54 solver.py:136 ] Epoch: [96/400][160/400] lr: 1.91e-04 | MSE loss: 6.9400e-03 | time: 0.164
I 05.31/23:24:57 solver.py:136 ] Epoch: [96/400][180/400] lr: 1.91e-04 | MSE loss: 6.9415e-03 | time: 0.164
I 05.31/23:25:00 solver.py:136 ] Epoch: [96/400][200/400] lr: 1.91e-04 | MSE loss: 6.9324e-03 | time: 0.164
I 05.31/23:25:05 solver.py:136 ] Epoch: [96/400][220/400] lr: 1.91e-04 | MSE loss: 6.9483e-03 | time: 0.169
I 05.31/23:25:07 solver.py:136 ] Epoch: [96/400][240/400] lr: 1.91e-04 | MSE loss: 6.9745e-03 | time: 0.167
I 05.31/23:25:11 solver.py:136 ] Epoch: [96/400][260/400] lr: 1.91e-04 | MSE loss: 6.9683e-03 | time: 0.167
I 05.31/23:25:14 solver.py:136 ] Epoch: [96/400][280/400] lr: 1.91e-04 | MSE loss: 6.9786e-03 | time: 0.167
I 05.31/23:25:17 solver.py:136 ] Epoch: [96/400][300/400] lr: 1.91e-04 | MSE loss: 6.9767e-03 | time: 0.167
I 05.31/23:25:21 solver.py:136 ] Epoch: [96/400][320/400] lr: 1.91e-04 | MSE loss: 6.9705e-03 | time: 0.167
I 05.31/23:25:24 solver.py:136 ] Epoch: [96/400][340/400] lr: 1.91e-04 | MSE loss: 6.9883e-03 | time: 0.167
I 05.31/23:25:28 solver.py:136 ] Epoch: [96/400][360/400] lr: 1.91e-04 | MSE loss: 6.9943e-03 | time: 0.168
I 05.31/23:25:31 solver.py:136 ] Epoch: [96/400][380/400] lr: 1.91e-04 | MSE loss: 6.9854e-03 | time: 0.168
I 05.31/23:25:34 solver.py:136 ] Epoch: [96/400][400/400] lr: 1.91e-04 | MSE loss: 6.9739e-03 | time: 0.167
I 05.31/23:25:34 solver.py:146 ] => Train  Loss: 6.9739e-03

I 05.31/23:25:41 solver.py:205 ] 
=! Best NMSE: -1.8259e+01 (epoch=90)

I 05.31/23:25:44 solver.py:136 ] Epoch: [97/400][20/400] lr: 1.91e-04 | MSE loss: 7.1471e-03 | time: 0.176
I 05.31/23:25:48 solver.py:136 ] Epoch: [97/400][40/400] lr: 1.91e-04 | MSE loss: 7.1403e-03 | time: 0.176
I 05.31/23:25:51 solver.py:136 ] Epoch: [97/400][60/400] lr: 1.91e-04 | MSE loss: 7.1250e-03 | time: 0.174
I 05.31/23:25:55 solver.py:136 ] Epoch: [97/400][80/400] lr: 1.91e-04 | MSE loss: 7.0848e-03 | time: 0.173
I 05.31/23:25:57 solver.py:136 ] Epoch: [97/400][100/400] lr: 1.91e-04 | MSE loss: 7.0554e-03 | time: 0.167
I 05.31/23:26:01 solver.py:136 ] Epoch: [97/400][120/400] lr: 1.91e-04 | MSE loss: 6.9818e-03 | time: 0.167
I 05.31/23:26:06 solver.py:136 ] Epoch: [97/400][140/400] lr: 1.91e-04 | MSE loss: 6.9697e-03 | time: 0.177
I 05.31/23:26:09 solver.py:136 ] Epoch: [97/400][160/400] lr: 1.91e-04 | MSE loss: 6.9927e-03 | time: 0.175
I 05.31/23:26:12 solver.py:136 ] Epoch: [97/400][180/400] lr: 1.91e-04 | MSE loss: 6.9472e-03 | time: 0.175
I 05.31/23:26:16 solver.py:136 ] Epoch: [97/400][200/400] lr: 1.91e-04 | MSE loss: 6.9450e-03 | time: 0.175
I 05.31/23:26:18 solver.py:136 ] Epoch: [97/400][220/400] lr: 1.91e-04 | MSE loss: 6.9506e-03 | time: 0.171
I 05.31/23:26:21 solver.py:136 ] Epoch: [97/400][240/400] lr: 1.91e-04 | MSE loss: 6.9375e-03 | time: 0.167
I 05.31/23:26:24 solver.py:136 ] Epoch: [97/400][260/400] lr: 1.91e-04 | MSE loss: 6.9600e-03 | time: 0.166
I 05.31/23:26:27 solver.py:136 ] Epoch: [97/400][280/400] lr: 1.91e-04 | MSE loss: 6.9593e-03 | time: 0.165
I 05.31/23:26:30 solver.py:136 ] Epoch: [97/400][300/400] lr: 1.91e-04 | MSE loss: 6.9727e-03 | time: 0.166
I 05.31/23:26:34 solver.py:136 ] Epoch: [97/400][320/400] lr: 1.91e-04 | MSE loss: 6.9712e-03 | time: 0.165
I 05.31/23:26:37 solver.py:136 ] Epoch: [97/400][340/400] lr: 1.91e-04 | MSE loss: 6.9761e-03 | time: 0.166
I 05.31/23:26:41 solver.py:136 ] Epoch: [97/400][360/400] lr: 1.91e-04 | MSE loss: 6.9685e-03 | time: 0.166
I 05.31/23:26:44 solver.py:136 ] Epoch: [97/400][380/400] lr: 1.91e-04 | MSE loss: 6.9747e-03 | time: 0.167
I 05.31/23:26:48 solver.py:136 ] Epoch: [97/400][400/400] lr: 1.91e-04 | MSE loss: 6.9641e-03 | time: 0.167
I 05.31/23:26:48 solver.py:146 ] => Train  Loss: 6.9641e-03

I 05.31/23:26:51 solver.py:205 ] 
=! Best NMSE: -1.8259e+01 (epoch=90)

I 05.31/23:26:55 solver.py:136 ] Epoch: [98/400][20/400] lr: 1.91e-04 | MSE loss: 7.2220e-03 | time: 0.173
I 05.31/23:26:59 solver.py:136 ] Epoch: [98/400][40/400] lr: 1.91e-04 | MSE loss: 7.0580e-03 | time: 0.176
I 05.31/23:27:04 solver.py:136 ] Epoch: [98/400][60/400] lr: 1.91e-04 | MSE loss: 6.9402e-03 | time: 0.205
I 05.31/23:27:08 solver.py:136 ] Epoch: [98/400][80/400] lr: 1.91e-04 | MSE loss: 6.9040e-03 | time: 0.202
I 05.31/23:27:11 solver.py:136 ] Epoch: [98/400][100/400] lr: 1.91e-04 | MSE loss: 6.8917e-03 | time: 0.192
I 05.31/23:27:14 solver.py:136 ] Epoch: [98/400][120/400] lr: 1.91e-04 | MSE loss: 6.9232e-03 | time: 0.186
I 05.31/23:27:17 solver.py:136 ] Epoch: [98/400][140/400] lr: 1.91e-04 | MSE loss: 6.9264e-03 | time: 0.182
I 05.31/23:27:20 solver.py:136 ] Epoch: [98/400][160/400] lr: 1.91e-04 | MSE loss: 6.9632e-03 | time: 0.180
I 05.31/23:27:24 solver.py:136 ] Epoch: [98/400][180/400] lr: 1.91e-04 | MSE loss: 6.9729e-03 | time: 0.179
I 05.31/23:27:27 solver.py:136 ] Epoch: [98/400][200/400] lr: 1.91e-04 | MSE loss: 7.0397e-03 | time: 0.178
I 05.31/23:27:30 solver.py:136 ] Epoch: [98/400][220/400] lr: 1.91e-04 | MSE loss: 7.0569e-03 | time: 0.174
I 05.31/23:27:32 solver.py:136 ] Epoch: [98/400][240/400] lr: 1.91e-04 | MSE loss: 7.0428e-03 | time: 0.171
I 05.31/23:27:35 solver.py:136 ] Epoch: [98/400][260/400] lr: 1.91e-04 | MSE loss: 7.0142e-03 | time: 0.168
I 05.31/23:27:38 solver.py:136 ] Epoch: [98/400][280/400] lr: 1.91e-04 | MSE loss: 7.0143e-03 | time: 0.166
I 05.31/23:27:42 solver.py:136 ] Epoch: [98/400][300/400] lr: 1.91e-04 | MSE loss: 6.9972e-03 | time: 0.167
I 05.31/23:27:45 solver.py:136 ] Epoch: [98/400][320/400] lr: 1.91e-04 | MSE loss: 6.9763e-03 | time: 0.167
I 05.31/23:27:48 solver.py:136 ] Epoch: [98/400][340/400] lr: 1.91e-04 | MSE loss: 6.9559e-03 | time: 0.166
I 05.31/23:27:51 solver.py:136 ] Epoch: [98/400][360/400] lr: 1.91e-04 | MSE loss: 6.9608e-03 | time: 0.166
I 05.31/23:27:55 solver.py:136 ] Epoch: [98/400][380/400] lr: 1.91e-04 | MSE loss: 6.9459e-03 | time: 0.167
I 05.31/23:27:58 solver.py:136 ] Epoch: [98/400][400/400] lr: 1.91e-04 | MSE loss: 6.9571e-03 | time: 0.165
I 05.31/23:27:58 solver.py:146 ] => Train  Loss: 6.9571e-03

I 05.31/23:28:04 solver.py:205 ] 
=! Best NMSE: -1.8259e+01 (epoch=90)

I 05.31/23:28:07 solver.py:136 ] Epoch: [99/400][20/400] lr: 1.91e-04 | MSE loss: 6.9139e-03 | time: 0.172
I 05.31/23:28:11 solver.py:136 ] Epoch: [99/400][40/400] lr: 1.91e-04 | MSE loss: 7.0566e-03 | time: 0.172
I 05.31/23:28:14 solver.py:136 ] Epoch: [99/400][60/400] lr: 1.91e-04 | MSE loss: 7.0235e-03 | time: 0.167
I 05.31/23:28:17 solver.py:136 ] Epoch: [99/400][80/400] lr: 1.91e-04 | MSE loss: 6.9212e-03 | time: 0.171
I 05.31/23:28:20 solver.py:136 ] Epoch: [99/400][100/400] lr: 1.91e-04 | MSE loss: 6.9009e-03 | time: 0.167
I 05.31/23:28:23 solver.py:136 ] Epoch: [99/400][120/400] lr: 1.91e-04 | MSE loss: 6.8833e-03 | time: 0.162
I 05.31/23:28:25 solver.py:136 ] Epoch: [99/400][140/400] lr: 1.90e-04 | MSE loss: 6.8964e-03 | time: 0.155
I 05.31/23:28:28 solver.py:136 ] Epoch: [99/400][160/400] lr: 1.90e-04 | MSE loss: 6.9279e-03 | time: 0.153
I 05.31/23:28:31 solver.py:136 ] Epoch: [99/400][180/400] lr: 1.90e-04 | MSE loss: 6.8993e-03 | time: 0.152
I 05.31/23:28:35 solver.py:136 ] Epoch: [99/400][200/400] lr: 1.90e-04 | MSE loss: 6.9369e-03 | time: 0.155
I 05.31/23:28:38 solver.py:136 ] Epoch: [99/400][220/400] lr: 1.90e-04 | MSE loss: 6.9037e-03 | time: 0.156
I 05.31/23:28:41 solver.py:136 ] Epoch: [99/400][240/400] lr: 1.90e-04 | MSE loss: 6.9138e-03 | time: 0.155
I 05.31/23:28:44 solver.py:136 ] Epoch: [99/400][260/400] lr: 1.90e-04 | MSE loss: 6.9209e-03 | time: 0.155
I 05.31/23:28:47 solver.py:136 ] Epoch: [99/400][280/400] lr: 1.90e-04 | MSE loss: 6.9306e-03 | time: 0.155
I 05.31/23:28:50 solver.py:136 ] Epoch: [99/400][300/400] lr: 1.90e-04 | MSE loss: 6.9095e-03 | time: 0.156
I 05.31/23:28:54 solver.py:136 ] Epoch: [99/400][320/400] lr: 1.90e-04 | MSE loss: 6.9009e-03 | time: 0.157
I 05.31/23:28:58 solver.py:136 ] Epoch: [99/400][340/400] lr: 1.90e-04 | MSE loss: 6.9076e-03 | time: 0.159
I 05.31/23:29:01 solver.py:136 ] Epoch: [99/400][360/400] lr: 1.90e-04 | MSE loss: 6.9238e-03 | time: 0.160
I 05.31/23:29:06 solver.py:136 ] Epoch: [99/400][380/400] lr: 1.90e-04 | MSE loss: 6.9270e-03 | time: 0.164
I 05.31/23:29:09 solver.py:136 ] Epoch: [99/400][400/400] lr: 1.90e-04 | MSE loss: 6.9297e-03 | time: 0.164
I 05.31/23:29:09 solver.py:146 ] => Train  Loss: 6.9297e-03

I 05.31/23:29:15 solver.py:205 ] 
=! Best NMSE: -1.8259e+01 (epoch=90)

I 05.31/23:29:18 solver.py:136 ] Epoch: [100/400][20/400] lr: 1.90e-04 | MSE loss: 6.8859e-03 | time: 0.164
I 05.31/23:29:22 solver.py:136 ] Epoch: [100/400][40/400] lr: 1.90e-04 | MSE loss: 7.0001e-03 | time: 0.174
I 05.31/23:29:25 solver.py:136 ] Epoch: [100/400][60/400] lr: 1.90e-04 | MSE loss: 6.9544e-03 | time: 0.173
I 05.31/23:29:28 solver.py:136 ] Epoch: [100/400][80/400] lr: 1.90e-04 | MSE loss: 6.9012e-03 | time: 0.172
I 05.31/23:29:32 solver.py:136 ] Epoch: [100/400][100/400] lr: 1.90e-04 | MSE loss: 6.9769e-03 | time: 0.172
I 05.31/23:29:35 solver.py:136 ] Epoch: [100/400][120/400] lr: 1.90e-04 | MSE loss: 6.9597e-03 | time: 0.169
I 05.31/23:29:38 solver.py:136 ] Epoch: [100/400][140/400] lr: 1.90e-04 | MSE loss: 6.9870e-03 | time: 0.165
I 05.31/23:29:41 solver.py:136 ] Epoch: [100/400][160/400] lr: 1.90e-04 | MSE loss: 6.9854e-03 | time: 0.163
I 05.31/23:29:44 solver.py:136 ] Epoch: [100/400][180/400] lr: 1.90e-04 | MSE loss: 6.9432e-03 | time: 0.162
I 05.31/23:29:47 solver.py:136 ] Epoch: [100/400][200/400] lr: 1.90e-04 | MSE loss: 6.9309e-03 | time: 0.161
I 05.31/23:29:50 solver.py:136 ] Epoch: [100/400][220/400] lr: 1.90e-04 | MSE loss: 6.9124e-03 | time: 0.161
I 05.31/23:29:54 solver.py:136 ] Epoch: [100/400][240/400] lr: 1.90e-04 | MSE loss: 6.9388e-03 | time: 0.163
I 05.31/23:29:57 solver.py:136 ] Epoch: [100/400][260/400] lr: 1.90e-04 | MSE loss: 6.9284e-03 | time: 0.163
I 05.31/23:30:00 solver.py:136 ] Epoch: [100/400][280/400] lr: 1.90e-04 | MSE loss: 6.9313e-03 | time: 0.163
I 05.31/23:30:06 solver.py:136 ] Epoch: [100/400][300/400] lr: 1.90e-04 | MSE loss: 6.9267e-03 | time: 0.170
I 05.31/23:30:09 solver.py:136 ] Epoch: [100/400][320/400] lr: 1.90e-04 | MSE loss: 6.9219e-03 | time: 0.170
I 05.31/23:30:12 solver.py:136 ] Epoch: [100/400][340/400] lr: 1.90e-04 | MSE loss: 6.9139e-03 | time: 0.169
I 05.31/23:30:16 solver.py:136 ] Epoch: [100/400][360/400] lr: 1.90e-04 | MSE loss: 6.9126e-03 | time: 0.169
I 05.31/23:30:19 solver.py:136 ] Epoch: [100/400][380/400] lr: 1.90e-04 | MSE loss: 6.9052e-03 | time: 0.170
I 05.31/23:30:23 solver.py:136 ] Epoch: [100/400][400/400] lr: 1.90e-04 | MSE loss: 6.9072e-03 | time: 0.170
I 05.31/23:30:23 solver.py:146 ] => Train  Loss: 6.9072e-03

I 05.31/23:30:26 solver.py:136 ] Epoch: [100/400][20/50] lr: 1.90e-04 | MSE loss: 7.4328e-03 | time: 0.149
I 05.31/23:30:28 solver.py:136 ] Epoch: [100/400][40/50] lr: 1.90e-04 | MSE loss: 7.2448e-03 | time: 0.132
I 05.31/23:30:30 solver.py:146 ] => Val  Loss: 7.2244e-03

I 05.31/23:30:33 solver.py:287 ] [20/50] loss: 7.3274e-03 | NMSE: -1.8390e+01 | time: 0.151
I 05.31/23:30:36 solver.py:287 ] [40/50] loss: 7.3317e-03 | NMSE: -1.8376e+01 | time: 0.157
I 05.31/23:30:37 solver.py:291 ] => Test NMSE: -1.8403e+01

I 05.31/23:30:51 solver.py:205 ] 
=! Best NMSE: -1.8403e+01 (epoch=100)

I 05.31/23:30:54 solver.py:136 ] Epoch: [101/400][20/400] lr: 1.90e-04 | MSE loss: 6.9259e-03 | time: 0.167
I 05.31/23:30:57 solver.py:136 ] Epoch: [101/400][40/400] lr: 1.90e-04 | MSE loss: 6.7227e-03 | time: 0.157
I 05.31/23:31:01 solver.py:136 ] Epoch: [101/400][60/400] lr: 1.90e-04 | MSE loss: 6.7341e-03 | time: 0.162
I 05.31/23:31:05 solver.py:136 ] Epoch: [101/400][80/400] lr: 1.90e-04 | MSE loss: 6.7843e-03 | time: 0.183
I 05.31/23:31:09 solver.py:136 ] Epoch: [101/400][100/400] lr: 1.90e-04 | MSE loss: 6.7118e-03 | time: 0.178
I 05.31/23:31:12 solver.py:136 ] Epoch: [101/400][120/400] lr: 1.90e-04 | MSE loss: 6.7135e-03 | time: 0.172
I 05.31/23:31:15 solver.py:136 ] Epoch: [101/400][140/400] lr: 1.90e-04 | MSE loss: 6.7137e-03 | time: 0.174
I 05.31/23:31:19 solver.py:136 ] Epoch: [101/400][160/400] lr: 1.90e-04 | MSE loss: 6.7518e-03 | time: 0.173
I 05.31/23:31:22 solver.py:136 ] Epoch: [101/400][180/400] lr: 1.90e-04 | MSE loss: 6.7871e-03 | time: 0.174
I 05.31/23:31:26 solver.py:136 ] Epoch: [101/400][200/400] lr: 1.90e-04 | MSE loss: 6.7915e-03 | time: 0.174
I 05.31/23:31:29 solver.py:136 ] Epoch: [101/400][220/400] lr: 1.90e-04 | MSE loss: 6.7847e-03 | time: 0.176
I 05.31/23:31:33 solver.py:136 ] Epoch: [101/400][240/400] lr: 1.90e-04 | MSE loss: 6.7798e-03 | time: 0.175
I 05.31/23:31:36 solver.py:136 ] Epoch: [101/400][260/400] lr: 1.90e-04 | MSE loss: 6.7693e-03 | time: 0.175
I 05.31/23:31:39 solver.py:136 ] Epoch: [101/400][280/400] lr: 1.90e-04 | MSE loss: 6.7721e-03 | time: 0.171
I 05.31/23:31:41 solver.py:136 ] Epoch: [101/400][300/400] lr: 1.90e-04 | MSE loss: 6.7807e-03 | time: 0.168
I 05.31/23:31:44 solver.py:136 ] Epoch: [101/400][320/400] lr: 1.90e-04 | MSE loss: 6.7973e-03 | time: 0.166
I 05.31/23:31:47 solver.py:136 ] Epoch: [101/400][340/400] lr: 1.90e-04 | MSE loss: 6.8154e-03 | time: 0.165
I 05.31/23:31:51 solver.py:136 ] Epoch: [101/400][360/400] lr: 1.90e-04 | MSE loss: 6.8431e-03 | time: 0.166
I 05.31/23:31:54 solver.py:136 ] Epoch: [101/400][380/400] lr: 1.90e-04 | MSE loss: 6.8566e-03 | time: 0.166
I 05.31/23:31:57 solver.py:136 ] Epoch: [101/400][400/400] lr: 1.90e-04 | MSE loss: 6.8838e-03 | time: 0.166
I 05.31/23:31:57 solver.py:146 ] => Train  Loss: 6.8838e-03

I 05.31/23:32:04 solver.py:205 ] 
=! Best NMSE: -1.8403e+01 (epoch=100)

I 05.31/23:32:07 solver.py:136 ] Epoch: [102/400][20/400] lr: 1.90e-04 | MSE loss: 7.1455e-03 | time: 0.147
I 05.31/23:32:09 solver.py:136 ] Epoch: [102/400][40/400] lr: 1.90e-04 | MSE loss: 6.8107e-03 | time: 0.142
I 05.31/23:32:13 solver.py:136 ] Epoch: [102/400][60/400] lr: 1.90e-04 | MSE loss: 6.7454e-03 | time: 0.146
I 05.31/23:32:16 solver.py:136 ] Epoch: [102/400][80/400] lr: 1.90e-04 | MSE loss: 6.7791e-03 | time: 0.153
I 05.31/23:32:19 solver.py:136 ] Epoch: [102/400][100/400] lr: 1.90e-04 | MSE loss: 6.8527e-03 | time: 0.153
I 05.31/23:32:22 solver.py:136 ] Epoch: [102/400][120/400] lr: 1.90e-04 | MSE loss: 6.8455e-03 | time: 0.155
I 05.31/23:32:26 solver.py:136 ] Epoch: [102/400][140/400] lr: 1.90e-04 | MSE loss: 6.8517e-03 | time: 0.155
I 05.31/23:32:29 solver.py:136 ] Epoch: [102/400][160/400] lr: 1.89e-04 | MSE loss: 6.8940e-03 | time: 0.157
I 05.31/23:32:33 solver.py:136 ] Epoch: [102/400][180/400] lr: 1.89e-04 | MSE loss: 6.8964e-03 | time: 0.160
I 05.31/23:32:36 solver.py:136 ] Epoch: [102/400][200/400] lr: 1.89e-04 | MSE loss: 6.8831e-03 | time: 0.161
I 05.31/23:32:40 solver.py:136 ] Epoch: [102/400][220/400] lr: 1.89e-04 | MSE loss: 6.8836e-03 | time: 0.162
I 05.31/23:32:43 solver.py:136 ] Epoch: [102/400][240/400] lr: 1.89e-04 | MSE loss: 6.8894e-03 | time: 0.163
I 05.31/23:32:46 solver.py:136 ] Epoch: [102/400][260/400] lr: 1.89e-04 | MSE loss: 6.8953e-03 | time: 0.163
I 05.31/23:32:50 solver.py:136 ] Epoch: [102/400][280/400] lr: 1.89e-04 | MSE loss: 6.8896e-03 | time: 0.164
I 05.31/23:32:53 solver.py:136 ] Epoch: [102/400][300/400] lr: 1.89e-04 | MSE loss: 6.8980e-03 | time: 0.162
I 05.31/23:32:55 solver.py:136 ] Epoch: [102/400][320/400] lr: 1.89e-04 | MSE loss: 6.8729e-03 | time: 0.161
I 05.31/23:32:58 solver.py:136 ] Epoch: [102/400][340/400] lr: 1.89e-04 | MSE loss: 6.8979e-03 | time: 0.160
I 05.31/23:33:02 solver.py:136 ] Epoch: [102/400][360/400] lr: 1.89e-04 | MSE loss: 6.8939e-03 | time: 0.162
I 05.31/23:33:07 solver.py:136 ] Epoch: [102/400][380/400] lr: 1.89e-04 | MSE loss: 6.8753e-03 | time: 0.166
I 05.31/23:33:10 solver.py:136 ] Epoch: [102/400][400/400] lr: 1.89e-04 | MSE loss: 6.8861e-03 | time: 0.166
I 05.31/23:33:10 solver.py:146 ] => Train  Loss: 6.8861e-03

I 05.31/23:33:16 solver.py:205 ] 
=! Best NMSE: -1.8403e+01 (epoch=100)

I 05.31/23:33:20 solver.py:136 ] Epoch: [103/400][20/400] lr: 1.89e-04 | MSE loss: 6.7157e-03 | time: 0.156
I 05.31/23:33:23 solver.py:136 ] Epoch: [103/400][40/400] lr: 1.89e-04 | MSE loss: 6.8175e-03 | time: 0.153
I 05.31/23:33:26 solver.py:136 ] Epoch: [103/400][60/400] lr: 1.89e-04 | MSE loss: 6.7813e-03 | time: 0.151
I 05.31/23:33:29 solver.py:136 ] Epoch: [103/400][80/400] lr: 1.89e-04 | MSE loss: 6.8238e-03 | time: 0.157
I 05.31/23:33:32 solver.py:136 ] Epoch: [103/400][100/400] lr: 1.89e-04 | MSE loss: 6.8214e-03 | time: 0.154
I 05.31/23:33:35 solver.py:136 ] Epoch: [103/400][120/400] lr: 1.89e-04 | MSE loss: 6.8277e-03 | time: 0.154
I 05.31/23:33:38 solver.py:136 ] Epoch: [103/400][140/400] lr: 1.89e-04 | MSE loss: 6.8752e-03 | time: 0.154
I 05.31/23:33:41 solver.py:136 ] Epoch: [103/400][160/400] lr: 1.89e-04 | MSE loss: 6.8526e-03 | time: 0.155
I 05.31/23:33:45 solver.py:136 ] Epoch: [103/400][180/400] lr: 1.89e-04 | MSE loss: 6.8816e-03 | time: 0.156
I 05.31/23:33:48 solver.py:136 ] Epoch: [103/400][200/400] lr: 1.89e-04 | MSE loss: 6.8669e-03 | time: 0.158
I 05.31/23:33:52 solver.py:136 ] Epoch: [103/400][220/400] lr: 1.89e-04 | MSE loss: 6.7977e-03 | time: 0.160
I 05.31/23:33:56 solver.py:136 ] Epoch: [103/400][240/400] lr: 1.89e-04 | MSE loss: 6.8182e-03 | time: 0.163
I 05.31/23:33:59 solver.py:136 ] Epoch: [103/400][260/400] lr: 1.89e-04 | MSE loss: 6.7969e-03 | time: 0.164
I 05.31/23:34:04 solver.py:136 ] Epoch: [103/400][280/400] lr: 1.89e-04 | MSE loss: 6.7904e-03 | time: 0.170
I 05.31/23:34:07 solver.py:136 ] Epoch: [103/400][300/400] lr: 1.89e-04 | MSE loss: 6.8060e-03 | time: 0.169
I 05.31/23:34:10 solver.py:136 ] Epoch: [103/400][320/400] lr: 1.89e-04 | MSE loss: 6.8084e-03 | time: 0.167
I 05.31/23:34:13 solver.py:136 ] Epoch: [103/400][340/400] lr: 1.89e-04 | MSE loss: 6.8263e-03 | time: 0.165
I 05.31/23:34:16 solver.py:136 ] Epoch: [103/400][360/400] lr: 1.89e-04 | MSE loss: 6.8558e-03 | time: 0.165
I 05.31/23:34:19 solver.py:136 ] Epoch: [103/400][380/400] lr: 1.89e-04 | MSE loss: 6.8497e-03 | time: 0.165
I 05.31/23:34:23 solver.py:136 ] Epoch: [103/400][400/400] lr: 1.89e-04 | MSE loss: 6.8452e-03 | time: 0.166
I 05.31/23:34:23 solver.py:146 ] => Train  Loss: 6.8452e-03

I 05.31/23:34:29 solver.py:205 ] 
=! Best NMSE: -1.8403e+01 (epoch=100)

I 05.31/23:34:33 solver.py:136 ] Epoch: [104/400][20/400] lr: 1.89e-04 | MSE loss: 6.5619e-03 | time: 0.170
I 05.31/23:34:36 solver.py:136 ] Epoch: [104/400][40/400] lr: 1.89e-04 | MSE loss: 6.5639e-03 | time: 0.167
I 05.31/23:34:39 solver.py:136 ] Epoch: [104/400][60/400] lr: 1.89e-04 | MSE loss: 6.7517e-03 | time: 0.171
I 05.31/23:34:43 solver.py:136 ] Epoch: [104/400][80/400] lr: 1.89e-04 | MSE loss: 6.7999e-03 | time: 0.168
I 05.31/23:34:46 solver.py:136 ] Epoch: [104/400][100/400] lr: 1.89e-04 | MSE loss: 6.8794e-03 | time: 0.166
I 05.31/23:34:49 solver.py:136 ] Epoch: [104/400][120/400] lr: 1.89e-04 | MSE loss: 6.9109e-03 | time: 0.165
I 05.31/23:34:52 solver.py:136 ] Epoch: [104/400][140/400] lr: 1.89e-04 | MSE loss: 6.8977e-03 | time: 0.161
I 05.31/23:34:55 solver.py:136 ] Epoch: [104/400][160/400] lr: 1.89e-04 | MSE loss: 6.8903e-03 | time: 0.162
I 05.31/23:34:58 solver.py:136 ] Epoch: [104/400][180/400] lr: 1.89e-04 | MSE loss: 6.9265e-03 | time: 0.162
I 05.31/23:35:03 solver.py:136 ] Epoch: [104/400][200/400] lr: 1.89e-04 | MSE loss: 6.9083e-03 | time: 0.169
I 05.31/23:35:07 solver.py:136 ] Epoch: [104/400][220/400] lr: 1.89e-04 | MSE loss: 6.8849e-03 | time: 0.171
I 05.31/23:35:10 solver.py:136 ] Epoch: [104/400][240/400] lr: 1.89e-04 | MSE loss: 6.8743e-03 | time: 0.171
I 05.31/23:35:14 solver.py:136 ] Epoch: [104/400][260/400] lr: 1.89e-04 | MSE loss: 6.8359e-03 | time: 0.172
I 05.31/23:35:17 solver.py:136 ] Epoch: [104/400][280/400] lr: 1.89e-04 | MSE loss: 6.8597e-03 | time: 0.172
I 05.31/23:35:21 solver.py:136 ] Epoch: [104/400][300/400] lr: 1.89e-04 | MSE loss: 6.8399e-03 | time: 0.172
I 05.31/23:35:23 solver.py:136 ] Epoch: [104/400][320/400] lr: 1.89e-04 | MSE loss: 6.8424e-03 | time: 0.170
I 05.31/23:35:26 solver.py:136 ] Epoch: [104/400][340/400] lr: 1.89e-04 | MSE loss: 6.8440e-03 | time: 0.167
I 05.31/23:35:29 solver.py:136 ] Epoch: [104/400][360/400] lr: 1.89e-04 | MSE loss: 6.8329e-03 | time: 0.166
I 05.31/23:35:32 solver.py:136 ] Epoch: [104/400][380/400] lr: 1.89e-04 | MSE loss: 6.8455e-03 | time: 0.166
I 05.31/23:35:36 solver.py:136 ] Epoch: [104/400][400/400] lr: 1.89e-04 | MSE loss: 6.8447e-03 | time: 0.166
I 05.31/23:35:36 solver.py:146 ] => Train  Loss: 6.8447e-03

I 05.31/23:35:42 solver.py:205 ] 
=! Best NMSE: -1.8403e+01 (epoch=100)

I 05.31/23:35:46 solver.py:136 ] Epoch: [105/400][20/400] lr: 1.89e-04 | MSE loss: 6.6528e-03 | time: 0.180
I 05.31/23:35:49 solver.py:136 ] Epoch: [105/400][40/400] lr: 1.89e-04 | MSE loss: 6.8407e-03 | time: 0.173
I 05.31/23:35:53 solver.py:136 ] Epoch: [105/400][60/400] lr: 1.89e-04 | MSE loss: 6.9227e-03 | time: 0.174
I 05.31/23:35:56 solver.py:136 ] Epoch: [105/400][80/400] lr: 1.89e-04 | MSE loss: 6.9104e-03 | time: 0.175
I 05.31/23:36:00 solver.py:136 ] Epoch: [105/400][100/400] lr: 1.89e-04 | MSE loss: 6.8422e-03 | time: 0.176
I 05.31/23:36:05 solver.py:136 ] Epoch: [105/400][120/400] lr: 1.88e-04 | MSE loss: 6.8194e-03 | time: 0.187
I 05.31/23:36:08 solver.py:136 ] Epoch: [105/400][140/400] lr: 1.88e-04 | MSE loss: 6.7875e-03 | time: 0.182
I 05.31/23:36:11 solver.py:136 ] Epoch: [105/400][160/400] lr: 1.88e-04 | MSE loss: 6.7750e-03 | time: 0.178
I 05.31/23:36:13 solver.py:136 ] Epoch: [105/400][180/400] lr: 1.88e-04 | MSE loss: 6.7930e-03 | time: 0.173
I 05.31/23:36:16 solver.py:136 ] Epoch: [105/400][200/400] lr: 1.88e-04 | MSE loss: 6.8038e-03 | time: 0.171
I 05.31/23:36:19 solver.py:136 ] Epoch: [105/400][220/400] lr: 1.88e-04 | MSE loss: 6.8187e-03 | time: 0.169
I 05.31/23:36:23 solver.py:136 ] Epoch: [105/400][240/400] lr: 1.88e-04 | MSE loss: 6.8152e-03 | time: 0.170
I 05.31/23:36:27 solver.py:136 ] Epoch: [105/400][260/400] lr: 1.88e-04 | MSE loss: 6.8068e-03 | time: 0.171
I 05.31/23:36:30 solver.py:136 ] Epoch: [105/400][280/400] lr: 1.88e-04 | MSE loss: 6.7950e-03 | time: 0.170
I 05.31/23:36:33 solver.py:136 ] Epoch: [105/400][300/400] lr: 1.88e-04 | MSE loss: 6.8007e-03 | time: 0.169
I 05.31/23:36:36 solver.py:136 ] Epoch: [105/400][320/400] lr: 1.88e-04 | MSE loss: 6.7942e-03 | time: 0.169
I 05.31/23:36:39 solver.py:136 ] Epoch: [105/400][340/400] lr: 1.88e-04 | MSE loss: 6.8152e-03 | time: 0.168
I 05.31/23:36:42 solver.py:136 ] Epoch: [105/400][360/400] lr: 1.88e-04 | MSE loss: 6.8258e-03 | time: 0.167
I 05.31/23:36:46 solver.py:136 ] Epoch: [105/400][380/400] lr: 1.88e-04 | MSE loss: 6.8249e-03 | time: 0.168
I 05.31/23:36:49 solver.py:136 ] Epoch: [105/400][400/400] lr: 1.88e-04 | MSE loss: 6.8224e-03 | time: 0.167
I 05.31/23:36:49 solver.py:146 ] => Train  Loss: 6.8224e-03

I 05.31/23:36:54 solver.py:205 ] 
=! Best NMSE: -1.8403e+01 (epoch=100)

I 05.31/23:36:57 solver.py:136 ] Epoch: [106/400][20/400] lr: 1.88e-04 | MSE loss: 6.7923e-03 | time: 0.138
I 05.31/23:36:59 solver.py:136 ] Epoch: [106/400][40/400] lr: 1.88e-04 | MSE loss: 6.8000e-03 | time: 0.139
I 05.31/23:37:05 solver.py:136 ] Epoch: [106/400][60/400] lr: 1.88e-04 | MSE loss: 6.8031e-03 | time: 0.180
I 05.31/23:37:08 solver.py:136 ] Epoch: [106/400][80/400] lr: 1.88e-04 | MSE loss: 6.8041e-03 | time: 0.175
I 05.31/23:37:11 solver.py:136 ] Epoch: [106/400][100/400] lr: 1.88e-04 | MSE loss: 6.8282e-03 | time: 0.173
I 05.31/23:37:14 solver.py:136 ] Epoch: [106/400][120/400] lr: 1.88e-04 | MSE loss: 6.8428e-03 | time: 0.172
I 05.31/23:37:18 solver.py:136 ] Epoch: [106/400][140/400] lr: 1.88e-04 | MSE loss: 6.8666e-03 | time: 0.170
I 05.31/23:37:20 solver.py:136 ] Epoch: [106/400][160/400] lr: 1.88e-04 | MSE loss: 6.8224e-03 | time: 0.166
I 05.31/23:37:24 solver.py:136 ] Epoch: [106/400][180/400] lr: 1.88e-04 | MSE loss: 6.8402e-03 | time: 0.168
I 05.31/23:37:27 solver.py:136 ] Epoch: [106/400][200/400] lr: 1.88e-04 | MSE loss: 6.8332e-03 | time: 0.167
I 05.31/23:37:30 solver.py:136 ] Epoch: [106/400][220/400] lr: 1.88e-04 | MSE loss: 6.8353e-03 | time: 0.166
I 05.31/23:37:33 solver.py:136 ] Epoch: [106/400][240/400] lr: 1.88e-04 | MSE loss: 6.8101e-03 | time: 0.165
I 05.31/23:37:37 solver.py:136 ] Epoch: [106/400][260/400] lr: 1.88e-04 | MSE loss: 6.8097e-03 | time: 0.166
I 05.31/23:37:40 solver.py:136 ] Epoch: [106/400][280/400] lr: 1.88e-04 | MSE loss: 6.8270e-03 | time: 0.166
I 05.31/23:37:44 solver.py:136 ] Epoch: [106/400][300/400] lr: 1.88e-04 | MSE loss: 6.8224e-03 | time: 0.167
I 05.31/23:37:47 solver.py:136 ] Epoch: [106/400][320/400] lr: 1.88e-04 | MSE loss: 6.7931e-03 | time: 0.167
I 05.31/23:37:51 solver.py:136 ] Epoch: [106/400][340/400] lr: 1.88e-04 | MSE loss: 6.7861e-03 | time: 0.167
I 05.31/23:37:54 solver.py:136 ] Epoch: [106/400][360/400] lr: 1.88e-04 | MSE loss: 6.7844e-03 | time: 0.166
I 05.31/23:37:57 solver.py:136 ] Epoch: [106/400][380/400] lr: 1.88e-04 | MSE loss: 6.7875e-03 | time: 0.166
I 05.31/23:38:01 solver.py:136 ] Epoch: [106/400][400/400] lr: 1.88e-04 | MSE loss: 6.8064e-03 | time: 0.169
I 05.31/23:38:01 solver.py:146 ] => Train  Loss: 6.8064e-03

I 05.31/23:38:05 solver.py:205 ] 
=! Best NMSE: -1.8403e+01 (epoch=100)

I 05.31/23:38:09 solver.py:136 ] Epoch: [107/400][20/400] lr: 1.88e-04 | MSE loss: 6.8130e-03 | time: 0.185
I 05.31/23:38:12 solver.py:136 ] Epoch: [107/400][40/400] lr: 1.88e-04 | MSE loss: 6.7606e-03 | time: 0.166
I 05.31/23:38:14 solver.py:136 ] Epoch: [107/400][60/400] lr: 1.88e-04 | MSE loss: 6.8045e-03 | time: 0.159
I 05.31/23:38:18 solver.py:136 ] Epoch: [107/400][80/400] lr: 1.88e-04 | MSE loss: 6.7778e-03 | time: 0.163
I 05.31/23:38:21 solver.py:136 ] Epoch: [107/400][100/400] lr: 1.88e-04 | MSE loss: 6.7644e-03 | time: 0.164
I 05.31/23:38:25 solver.py:136 ] Epoch: [107/400][120/400] lr: 1.88e-04 | MSE loss: 6.8273e-03 | time: 0.166
I 05.31/23:38:28 solver.py:136 ] Epoch: [107/400][140/400] lr: 1.88e-04 | MSE loss: 6.8431e-03 | time: 0.165
I 05.31/23:38:31 solver.py:136 ] Epoch: [107/400][160/400] lr: 1.88e-04 | MSE loss: 6.8367e-03 | time: 0.162
I 05.31/23:38:34 solver.py:136 ] Epoch: [107/400][180/400] lr: 1.88e-04 | MSE loss: 6.8389e-03 | time: 0.160
I 05.31/23:38:37 solver.py:136 ] Epoch: [107/400][200/400] lr: 1.88e-04 | MSE loss: 6.8077e-03 | time: 0.161
I 05.31/23:38:40 solver.py:136 ] Epoch: [107/400][220/400] lr: 1.88e-04 | MSE loss: 6.7852e-03 | time: 0.160
I 05.31/23:38:44 solver.py:136 ] Epoch: [107/400][240/400] lr: 1.88e-04 | MSE loss: 6.7983e-03 | time: 0.161
I 05.31/23:38:47 solver.py:136 ] Epoch: [107/400][260/400] lr: 1.88e-04 | MSE loss: 6.7830e-03 | time: 0.162
I 05.31/23:38:51 solver.py:136 ] Epoch: [107/400][280/400] lr: 1.88e-04 | MSE loss: 6.7839e-03 | time: 0.163
I 05.31/23:38:54 solver.py:136 ] Epoch: [107/400][300/400] lr: 1.88e-04 | MSE loss: 6.7666e-03 | time: 0.163
I 05.31/23:38:57 solver.py:136 ] Epoch: [107/400][320/400] lr: 1.88e-04 | MSE loss: 6.7645e-03 | time: 0.164
I 05.31/23:39:01 solver.py:136 ] Epoch: [107/400][340/400] lr: 1.88e-04 | MSE loss: 6.7859e-03 | time: 0.166
I 05.31/23:39:06 solver.py:136 ] Epoch: [107/400][360/400] lr: 1.88e-04 | MSE loss: 6.7902e-03 | time: 0.170
I 05.31/23:39:09 solver.py:136 ] Epoch: [107/400][380/400] lr: 1.88e-04 | MSE loss: 6.7987e-03 | time: 0.170
I 05.31/23:39:12 solver.py:136 ] Epoch: [107/400][400/400] lr: 1.88e-04 | MSE loss: 6.7970e-03 | time: 0.169
I 05.31/23:39:12 solver.py:146 ] => Train  Loss: 6.7970e-03

I 05.31/23:39:18 solver.py:205 ] 
=! Best NMSE: -1.8403e+01 (epoch=100)

I 05.31/23:39:21 solver.py:136 ] Epoch: [108/400][20/400] lr: 1.88e-04 | MSE loss: 7.1653e-03 | time: 0.180
I 05.31/23:39:24 solver.py:136 ] Epoch: [108/400][40/400] lr: 1.88e-04 | MSE loss: 6.8846e-03 | time: 0.160
I 05.31/23:39:26 solver.py:136 ] Epoch: [108/400][60/400] lr: 1.87e-04 | MSE loss: 6.9017e-03 | time: 0.144
I 05.31/23:39:28 solver.py:136 ] Epoch: [108/400][80/400] lr: 1.87e-04 | MSE loss: 6.8665e-03 | time: 0.135
I 05.31/23:39:32 solver.py:136 ] Epoch: [108/400][100/400] lr: 1.87e-04 | MSE loss: 6.8885e-03 | time: 0.143
I 05.31/23:39:36 solver.py:136 ] Epoch: [108/400][120/400] lr: 1.87e-04 | MSE loss: 6.8673e-03 | time: 0.149
I 05.31/23:39:39 solver.py:136 ] Epoch: [108/400][140/400] lr: 1.87e-04 | MSE loss: 6.8471e-03 | time: 0.152
I 05.31/23:39:42 solver.py:136 ] Epoch: [108/400][160/400] lr: 1.87e-04 | MSE loss: 6.8607e-03 | time: 0.152
I 05.31/23:39:45 solver.py:136 ] Epoch: [108/400][180/400] lr: 1.87e-04 | MSE loss: 6.8486e-03 | time: 0.150
I 05.31/23:39:47 solver.py:136 ] Epoch: [108/400][200/400] lr: 1.87e-04 | MSE loss: 6.8012e-03 | time: 0.149
I 05.31/23:39:50 solver.py:136 ] Epoch: [108/400][220/400] lr: 1.87e-04 | MSE loss: 6.8191e-03 | time: 0.149
I 05.31/23:39:53 solver.py:136 ] Epoch: [108/400][240/400] lr: 1.87e-04 | MSE loss: 6.8116e-03 | time: 0.149
I 05.31/23:39:57 solver.py:136 ] Epoch: [108/400][260/400] lr: 1.87e-04 | MSE loss: 6.8187e-03 | time: 0.151
I 05.31/23:40:01 solver.py:136 ] Epoch: [108/400][280/400] lr: 1.87e-04 | MSE loss: 6.8108e-03 | time: 0.154
I 05.31/23:40:06 solver.py:136 ] Epoch: [108/400][300/400] lr: 1.87e-04 | MSE loss: 6.7748e-03 | time: 0.160
I 05.31/23:40:09 solver.py:136 ] Epoch: [108/400][320/400] lr: 1.87e-04 | MSE loss: 6.7805e-03 | time: 0.161
I 05.31/23:40:13 solver.py:136 ] Epoch: [108/400][340/400] lr: 1.87e-04 | MSE loss: 6.7697e-03 | time: 0.162
I 05.31/23:40:16 solver.py:136 ] Epoch: [108/400][360/400] lr: 1.87e-04 | MSE loss: 6.7854e-03 | time: 0.163
I 05.31/23:40:20 solver.py:136 ] Epoch: [108/400][380/400] lr: 1.87e-04 | MSE loss: 6.7908e-03 | time: 0.164
I 05.31/23:40:23 solver.py:136 ] Epoch: [108/400][400/400] lr: 1.87e-04 | MSE loss: 6.7890e-03 | time: 0.164
I 05.31/23:40:23 solver.py:146 ] => Train  Loss: 6.7890e-03

I 05.31/23:40:28 solver.py:205 ] 
=! Best NMSE: -1.8403e+01 (epoch=100)

I 05.31/23:40:32 solver.py:136 ] Epoch: [109/400][20/400] lr: 1.87e-04 | MSE loss: 6.3608e-03 | time: 0.182
I 05.31/23:40:35 solver.py:136 ] Epoch: [109/400][40/400] lr: 1.87e-04 | MSE loss: 6.5632e-03 | time: 0.172
I 05.31/23:40:38 solver.py:136 ] Epoch: [109/400][60/400] lr: 1.87e-04 | MSE loss: 6.6021e-03 | time: 0.161
I 05.31/23:40:40 solver.py:136 ] Epoch: [109/400][80/400] lr: 1.87e-04 | MSE loss: 6.6759e-03 | time: 0.155
I 05.31/23:40:43 solver.py:136 ] Epoch: [109/400][100/400] lr: 1.87e-04 | MSE loss: 6.7353e-03 | time: 0.153
I 05.31/23:40:47 solver.py:136 ] Epoch: [109/400][120/400] lr: 1.87e-04 | MSE loss: 6.8379e-03 | time: 0.159
I 05.31/23:40:51 solver.py:136 ] Epoch: [109/400][140/400] lr: 1.87e-04 | MSE loss: 6.8125e-03 | time: 0.167
I 05.31/23:40:55 solver.py:136 ] Epoch: [109/400][160/400] lr: 1.87e-04 | MSE loss: 6.8141e-03 | time: 0.165
I 05.31/23:40:57 solver.py:136 ] Epoch: [109/400][180/400] lr: 1.87e-04 | MSE loss: 6.8317e-03 | time: 0.163
I 05.31/23:41:01 solver.py:136 ] Epoch: [109/400][200/400] lr: 1.87e-04 | MSE loss: 6.8427e-03 | time: 0.162
I 05.31/23:41:05 solver.py:136 ] Epoch: [109/400][220/400] lr: 1.87e-04 | MSE loss: 6.8292e-03 | time: 0.170
I 05.31/23:41:08 solver.py:136 ] Epoch: [109/400][240/400] lr: 1.87e-04 | MSE loss: 6.8126e-03 | time: 0.168
I 05.31/23:41:12 solver.py:136 ] Epoch: [109/400][260/400] lr: 1.87e-04 | MSE loss: 6.7767e-03 | time: 0.168
I 05.31/23:41:15 solver.py:136 ] Epoch: [109/400][280/400] lr: 1.87e-04 | MSE loss: 6.7649e-03 | time: 0.168
I 05.31/23:41:19 solver.py:136 ] Epoch: [109/400][300/400] lr: 1.87e-04 | MSE loss: 6.7715e-03 | time: 0.168
I 05.31/23:41:22 solver.py:136 ] Epoch: [109/400][320/400] lr: 1.87e-04 | MSE loss: 6.7780e-03 | time: 0.169
I 05.31/23:41:26 solver.py:136 ] Epoch: [109/400][340/400] lr: 1.87e-04 | MSE loss: 6.7808e-03 | time: 0.170
I 05.31/23:41:30 solver.py:136 ] Epoch: [109/400][360/400] lr: 1.87e-04 | MSE loss: 6.7865e-03 | time: 0.171
I 05.31/23:41:33 solver.py:136 ] Epoch: [109/400][380/400] lr: 1.87e-04 | MSE loss: 6.7943e-03 | time: 0.170
I 05.31/23:41:36 solver.py:136 ] Epoch: [109/400][400/400] lr: 1.87e-04 | MSE loss: 6.7965e-03 | time: 0.170
I 05.31/23:41:36 solver.py:146 ] => Train  Loss: 6.7965e-03

I 05.31/23:41:42 solver.py:205 ] 
=! Best NMSE: -1.8403e+01 (epoch=100)

I 05.31/23:41:46 solver.py:136 ] Epoch: [110/400][20/400] lr: 1.87e-04 | MSE loss: 7.0321e-03 | time: 0.206
I 05.31/23:41:49 solver.py:136 ] Epoch: [110/400][40/400] lr: 1.87e-04 | MSE loss: 7.3130e-03 | time: 0.179
I 05.31/23:41:52 solver.py:136 ] Epoch: [110/400][60/400] lr: 1.87e-04 | MSE loss: 7.1714e-03 | time: 0.180
I 05.31/23:41:55 solver.py:136 ] Epoch: [110/400][80/400] lr: 1.87e-04 | MSE loss: 7.1274e-03 | time: 0.170
I 05.31/23:41:58 solver.py:136 ] Epoch: [110/400][100/400] lr: 1.87e-04 | MSE loss: 6.9991e-03 | time: 0.160
I 05.31/23:42:01 solver.py:136 ] Epoch: [110/400][120/400] lr: 1.87e-04 | MSE loss: 6.9798e-03 | time: 0.161
I 05.31/23:42:06 solver.py:136 ] Epoch: [110/400][140/400] lr: 1.87e-04 | MSE loss: 6.9462e-03 | time: 0.172
I 05.31/23:42:09 solver.py:136 ] Epoch: [110/400][160/400] lr: 1.87e-04 | MSE loss: 6.9270e-03 | time: 0.171
I 05.31/23:42:12 solver.py:136 ] Epoch: [110/400][180/400] lr: 1.87e-04 | MSE loss: 6.8801e-03 | time: 0.169
I 05.31/23:42:15 solver.py:136 ] Epoch: [110/400][200/400] lr: 1.87e-04 | MSE loss: 6.8652e-03 | time: 0.167
I 05.31/23:42:18 solver.py:136 ] Epoch: [110/400][220/400] lr: 1.87e-04 | MSE loss: 6.8460e-03 | time: 0.167
I 05.31/23:42:21 solver.py:136 ] Epoch: [110/400][240/400] lr: 1.87e-04 | MSE loss: 6.8401e-03 | time: 0.166
I 05.31/23:42:25 solver.py:136 ] Epoch: [110/400][260/400] lr: 1.87e-04 | MSE loss: 6.8690e-03 | time: 0.166
I 05.31/23:42:28 solver.py:136 ] Epoch: [110/400][280/400] lr: 1.87e-04 | MSE loss: 6.8406e-03 | time: 0.166
I 05.31/23:42:32 solver.py:136 ] Epoch: [110/400][300/400] lr: 1.87e-04 | MSE loss: 6.8340e-03 | time: 0.168
I 05.31/23:42:35 solver.py:136 ] Epoch: [110/400][320/400] lr: 1.87e-04 | MSE loss: 6.8335e-03 | time: 0.168
I 05.31/23:42:39 solver.py:136 ] Epoch: [110/400][340/400] lr: 1.86e-04 | MSE loss: 6.8160e-03 | time: 0.168
I 05.31/23:42:42 solver.py:136 ] Epoch: [110/400][360/400] lr: 1.86e-04 | MSE loss: 6.8382e-03 | time: 0.168
I 05.31/23:42:46 solver.py:136 ] Epoch: [110/400][380/400] lr: 1.86e-04 | MSE loss: 6.8399e-03 | time: 0.168
I 05.31/23:42:49 solver.py:136 ] Epoch: [110/400][400/400] lr: 1.86e-04 | MSE loss: 6.8283e-03 | time: 0.169
I 05.31/23:42:49 solver.py:146 ] => Train  Loss: 6.8283e-03

I 05.31/23:42:53 solver.py:136 ] Epoch: [110/400][20/50] lr: 1.86e-04 | MSE loss: 7.2748e-03 | time: 0.179
I 05.31/23:42:56 solver.py:136 ] Epoch: [110/400][40/50] lr: 1.86e-04 | MSE loss: 7.1045e-03 | time: 0.169
I 05.31/23:42:57 solver.py:146 ] => Val  Loss: 7.0767e-03

I 05.31/23:43:01 solver.py:287 ] [20/50] loss: 7.1639e-03 | NMSE: -1.8491e+01 | time: 0.173
I 05.31/23:43:05 solver.py:287 ] [40/50] loss: 7.1723e-03 | NMSE: -1.8475e+01 | time: 0.200
I 05.31/23:43:07 solver.py:291 ] => Test NMSE: -1.8505e+01

I 05.31/23:43:17 solver.py:205 ] 
=! Best NMSE: -1.8505e+01 (epoch=110)

I 05.31/23:43:20 solver.py:136 ] Epoch: [111/400][20/400] lr: 1.86e-04 | MSE loss: 6.6283e-03 | time: 0.166
I 05.31/23:43:23 solver.py:136 ] Epoch: [111/400][40/400] lr: 1.86e-04 | MSE loss: 6.6437e-03 | time: 0.152
I 05.31/23:43:25 solver.py:136 ] Epoch: [111/400][60/400] lr: 1.86e-04 | MSE loss: 6.7536e-03 | time: 0.143
I 05.31/23:43:28 solver.py:136 ] Epoch: [111/400][80/400] lr: 1.86e-04 | MSE loss: 6.7519e-03 | time: 0.141
I 05.31/23:43:31 solver.py:136 ] Epoch: [111/400][100/400] lr: 1.86e-04 | MSE loss: 6.7812e-03 | time: 0.143
I 05.31/23:43:34 solver.py:136 ] Epoch: [111/400][120/400] lr: 1.86e-04 | MSE loss: 6.7558e-03 | time: 0.146
I 05.31/23:43:38 solver.py:136 ] Epoch: [111/400][140/400] lr: 1.86e-04 | MSE loss: 6.7295e-03 | time: 0.149
I 05.31/23:43:41 solver.py:136 ] Epoch: [111/400][160/400] lr: 1.86e-04 | MSE loss: 6.7234e-03 | time: 0.152
I 05.31/23:43:44 solver.py:136 ] Epoch: [111/400][180/400] lr: 1.86e-04 | MSE loss: 6.7466e-03 | time: 0.153
I 05.31/23:43:48 solver.py:136 ] Epoch: [111/400][200/400] lr: 1.86e-04 | MSE loss: 6.7210e-03 | time: 0.155
I 05.31/23:43:51 solver.py:136 ] Epoch: [111/400][220/400] lr: 1.86e-04 | MSE loss: 6.7120e-03 | time: 0.157
I 05.31/23:43:54 solver.py:136 ] Epoch: [111/400][240/400] lr: 1.86e-04 | MSE loss: 6.7080e-03 | time: 0.155
I 05.31/23:43:57 solver.py:136 ] Epoch: [111/400][260/400] lr: 1.86e-04 | MSE loss: 6.7204e-03 | time: 0.156
I 05.31/23:44:01 solver.py:136 ] Epoch: [111/400][280/400] lr: 1.86e-04 | MSE loss: 6.7349e-03 | time: 0.158
I 05.31/23:44:06 solver.py:136 ] Epoch: [111/400][300/400] lr: 1.86e-04 | MSE loss: 6.7335e-03 | time: 0.163
I 05.31/23:44:09 solver.py:136 ] Epoch: [111/400][320/400] lr: 1.86e-04 | MSE loss: 6.7301e-03 | time: 0.163
I 05.31/23:44:13 solver.py:136 ] Epoch: [111/400][340/400] lr: 1.86e-04 | MSE loss: 6.7315e-03 | time: 0.164
I 05.31/23:44:16 solver.py:136 ] Epoch: [111/400][360/400] lr: 1.86e-04 | MSE loss: 6.7337e-03 | time: 0.165
I 05.31/23:44:20 solver.py:136 ] Epoch: [111/400][380/400] lr: 1.86e-04 | MSE loss: 6.7180e-03 | time: 0.165
I 05.31/23:44:23 solver.py:136 ] Epoch: [111/400][400/400] lr: 1.86e-04 | MSE loss: 6.7159e-03 | time: 0.166
I 05.31/23:44:23 solver.py:146 ] => Train  Loss: 6.7159e-03

I 05.31/23:44:28 solver.py:205 ] 
=! Best NMSE: -1.8505e+01 (epoch=110)

I 05.31/23:44:31 solver.py:136 ] Epoch: [112/400][20/400] lr: 1.86e-04 | MSE loss: 6.5150e-03 | time: 0.167
I 05.31/23:44:34 solver.py:136 ] Epoch: [112/400][40/400] lr: 1.86e-04 | MSE loss: 6.6684e-03 | time: 0.162
I 05.31/23:44:37 solver.py:136 ] Epoch: [112/400][60/400] lr: 1.86e-04 | MSE loss: 6.6399e-03 | time: 0.158
I 05.31/23:44:40 solver.py:136 ] Epoch: [112/400][80/400] lr: 1.86e-04 | MSE loss: 6.7057e-03 | time: 0.154
I 05.31/23:44:43 solver.py:136 ] Epoch: [112/400][100/400] lr: 1.86e-04 | MSE loss: 6.7143e-03 | time: 0.152
I 05.31/23:44:46 solver.py:136 ] Epoch: [112/400][120/400] lr: 1.86e-04 | MSE loss: 6.6782e-03 | time: 0.154
I 05.31/23:44:49 solver.py:136 ] Epoch: [112/400][140/400] lr: 1.86e-04 | MSE loss: 6.7365e-03 | time: 0.155
I 05.31/23:44:53 solver.py:136 ] Epoch: [112/400][160/400] lr: 1.86e-04 | MSE loss: 6.7280e-03 | time: 0.160
I 05.31/23:44:57 solver.py:136 ] Epoch: [112/400][180/400] lr: 1.86e-04 | MSE loss: 6.7435e-03 | time: 0.161
I 05.31/23:45:00 solver.py:136 ] Epoch: [112/400][200/400] lr: 1.86e-04 | MSE loss: 6.7508e-03 | time: 0.163
I 05.31/23:45:05 solver.py:136 ] Epoch: [112/400][220/400] lr: 1.86e-04 | MSE loss: 6.7605e-03 | time: 0.172
I 05.31/23:45:09 solver.py:136 ] Epoch: [112/400][240/400] lr: 1.86e-04 | MSE loss: 6.7509e-03 | time: 0.171
I 05.31/23:45:12 solver.py:136 ] Epoch: [112/400][260/400] lr: 1.86e-04 | MSE loss: 6.7650e-03 | time: 0.172
I 05.31/23:45:15 solver.py:136 ] Epoch: [112/400][280/400] lr: 1.86e-04 | MSE loss: 6.7482e-03 | time: 0.171
I 05.31/23:45:19 solver.py:136 ] Epoch: [112/400][300/400] lr: 1.86e-04 | MSE loss: 6.7368e-03 | time: 0.171
I 05.31/23:45:22 solver.py:136 ] Epoch: [112/400][320/400] lr: 1.86e-04 | MSE loss: 6.7220e-03 | time: 0.171
I 05.31/23:45:26 solver.py:136 ] Epoch: [112/400][340/400] lr: 1.86e-04 | MSE loss: 6.7075e-03 | time: 0.172
I 05.31/23:45:29 solver.py:136 ] Epoch: [112/400][360/400] lr: 1.86e-04 | MSE loss: 6.6914e-03 | time: 0.172
I 05.31/23:45:33 solver.py:136 ] Epoch: [112/400][380/400] lr: 1.86e-04 | MSE loss: 6.7056e-03 | time: 0.172
I 05.31/23:45:36 solver.py:136 ] Epoch: [112/400][400/400] lr: 1.86e-04 | MSE loss: 6.7057e-03 | time: 0.172
I 05.31/23:45:36 solver.py:146 ] => Train  Loss: 6.7057e-03

I 05.31/23:45:41 solver.py:205 ] 
=! Best NMSE: -1.8505e+01 (epoch=110)

I 05.31/23:45:45 solver.py:136 ] Epoch: [113/400][20/400] lr: 1.86e-04 | MSE loss: 6.7041e-03 | time: 0.169
I 05.31/23:45:48 solver.py:136 ] Epoch: [113/400][40/400] lr: 1.86e-04 | MSE loss: 6.8000e-03 | time: 0.162
I 05.31/23:45:51 solver.py:136 ] Epoch: [113/400][60/400] lr: 1.86e-04 | MSE loss: 6.7647e-03 | time: 0.157
I 05.31/23:45:54 solver.py:136 ] Epoch: [113/400][80/400] lr: 1.86e-04 | MSE loss: 6.7855e-03 | time: 0.154
I 05.31/23:45:57 solver.py:136 ] Epoch: [113/400][100/400] lr: 1.86e-04 | MSE loss: 6.7676e-03 | time: 0.155
I 05.31/23:46:00 solver.py:136 ] Epoch: [113/400][120/400] lr: 1.86e-04 | MSE loss: 6.7587e-03 | time: 0.155
I 05.31/23:46:06 solver.py:136 ] Epoch: [113/400][140/400] lr: 1.86e-04 | MSE loss: 6.6914e-03 | time: 0.175
I 05.31/23:46:09 solver.py:136 ] Epoch: [113/400][160/400] lr: 1.86e-04 | MSE loss: 6.7284e-03 | time: 0.173
I 05.31/23:46:12 solver.py:136 ] Epoch: [113/400][180/400] lr: 1.86e-04 | MSE loss: 6.7199e-03 | time: 0.172
I 05.31/23:46:15 solver.py:136 ] Epoch: [113/400][200/400] lr: 1.85e-04 | MSE loss: 6.6903e-03 | time: 0.169
I 05.31/23:46:19 solver.py:136 ] Epoch: [113/400][220/400] lr: 1.85e-04 | MSE loss: 6.6458e-03 | time: 0.170
I 05.31/23:46:22 solver.py:136 ] Epoch: [113/400][240/400] lr: 1.85e-04 | MSE loss: 6.6708e-03 | time: 0.171
I 05.31/23:46:25 solver.py:136 ] Epoch: [113/400][260/400] lr: 1.85e-04 | MSE loss: 6.6660e-03 | time: 0.170
I 05.31/23:46:29 solver.py:136 ] Epoch: [113/400][280/400] lr: 1.85e-04 | MSE loss: 6.6696e-03 | time: 0.170
I 05.31/23:46:33 solver.py:136 ] Epoch: [113/400][300/400] lr: 1.85e-04 | MSE loss: 6.6613e-03 | time: 0.172
I 05.31/23:46:36 solver.py:136 ] Epoch: [113/400][320/400] lr: 1.85e-04 | MSE loss: 6.6557e-03 | time: 0.172
I 05.31/23:46:40 solver.py:136 ] Epoch: [113/400][340/400] lr: 1.85e-04 | MSE loss: 6.6526e-03 | time: 0.171
I 05.31/23:46:43 solver.py:136 ] Epoch: [113/400][360/400] lr: 1.85e-04 | MSE loss: 6.6738e-03 | time: 0.171
I 05.31/23:46:46 solver.py:136 ] Epoch: [113/400][380/400] lr: 1.85e-04 | MSE loss: 6.6728e-03 | time: 0.171
I 05.31/23:46:50 solver.py:136 ] Epoch: [113/400][400/400] lr: 1.85e-04 | MSE loss: 6.6912e-03 | time: 0.171
I 05.31/23:46:50 solver.py:146 ] => Train  Loss: 6.6912e-03

I 05.31/23:46:57 solver.py:205 ] 
=! Best NMSE: -1.8505e+01 (epoch=110)

I 05.31/23:47:00 solver.py:136 ] Epoch: [114/400][20/400] lr: 1.85e-04 | MSE loss: 6.4057e-03 | time: 0.159
I 05.31/23:47:05 solver.py:136 ] Epoch: [114/400][40/400] lr: 1.85e-04 | MSE loss: 6.4665e-03 | time: 0.206
I 05.31/23:47:08 solver.py:136 ] Epoch: [114/400][60/400] lr: 1.85e-04 | MSE loss: 6.5287e-03 | time: 0.182
I 05.31/23:47:10 solver.py:136 ] Epoch: [114/400][80/400] lr: 1.85e-04 | MSE loss: 6.6120e-03 | time: 0.167
I 05.31/23:47:13 solver.py:136 ] Epoch: [114/400][100/400] lr: 1.85e-04 | MSE loss: 6.6261e-03 | time: 0.161
I 05.31/23:47:16 solver.py:136 ] Epoch: [114/400][120/400] lr: 1.85e-04 | MSE loss: 6.6454e-03 | time: 0.161
I 05.31/23:47:20 solver.py:136 ] Epoch: [114/400][140/400] lr: 1.85e-04 | MSE loss: 6.6096e-03 | time: 0.162
I 05.31/23:47:23 solver.py:136 ] Epoch: [114/400][160/400] lr: 1.85e-04 | MSE loss: 6.5975e-03 | time: 0.164
I 05.31/23:47:26 solver.py:136 ] Epoch: [114/400][180/400] lr: 1.85e-04 | MSE loss: 6.6548e-03 | time: 0.164
I 05.31/23:47:29 solver.py:136 ] Epoch: [114/400][200/400] lr: 1.85e-04 | MSE loss: 6.6413e-03 | time: 0.163
I 05.31/23:47:33 solver.py:136 ] Epoch: [114/400][220/400] lr: 1.85e-04 | MSE loss: 6.6269e-03 | time: 0.162
I 05.31/23:47:36 solver.py:136 ] Epoch: [114/400][240/400] lr: 1.85e-04 | MSE loss: 6.6423e-03 | time: 0.161
I 05.31/23:47:39 solver.py:136 ] Epoch: [114/400][260/400] lr: 1.85e-04 | MSE loss: 6.6528e-03 | time: 0.163
I 05.31/23:47:42 solver.py:136 ] Epoch: [114/400][280/400] lr: 1.85e-04 | MSE loss: 6.6446e-03 | time: 0.163
I 05.31/23:47:46 solver.py:136 ] Epoch: [114/400][300/400] lr: 1.85e-04 | MSE loss: 6.6468e-03 | time: 0.163
I 05.31/23:47:49 solver.py:136 ] Epoch: [114/400][320/400] lr: 1.85e-04 | MSE loss: 6.6689e-03 | time: 0.164
I 05.31/23:47:53 solver.py:136 ] Epoch: [114/400][340/400] lr: 1.85e-04 | MSE loss: 6.6961e-03 | time: 0.165
I 05.31/23:47:56 solver.py:136 ] Epoch: [114/400][360/400] lr: 1.85e-04 | MSE loss: 6.6808e-03 | time: 0.165
I 05.31/23:48:00 solver.py:136 ] Epoch: [114/400][380/400] lr: 1.85e-04 | MSE loss: 6.6882e-03 | time: 0.165
I 05.31/23:48:05 solver.py:136 ] Epoch: [114/400][400/400] lr: 1.85e-04 | MSE loss: 6.6887e-03 | time: 0.170
I 05.31/23:48:05 solver.py:146 ] => Train  Loss: 6.6887e-03

I 05.31/23:48:10 solver.py:205 ] 
=! Best NMSE: -1.8505e+01 (epoch=110)

I 05.31/23:48:13 solver.py:136 ] Epoch: [115/400][20/400] lr: 1.85e-04 | MSE loss: 6.4300e-03 | time: 0.142
I 05.31/23:48:16 solver.py:136 ] Epoch: [115/400][40/400] lr: 1.85e-04 | MSE loss: 6.6739e-03 | time: 0.139
I 05.31/23:48:19 solver.py:136 ] Epoch: [115/400][60/400] lr: 1.85e-04 | MSE loss: 6.7208e-03 | time: 0.152
I 05.31/23:48:22 solver.py:136 ] Epoch: [115/400][80/400] lr: 1.85e-04 | MSE loss: 6.7352e-03 | time: 0.151
I 05.31/23:48:25 solver.py:136 ] Epoch: [115/400][100/400] lr: 1.85e-04 | MSE loss: 6.6819e-03 | time: 0.153
I 05.31/23:48:29 solver.py:136 ] Epoch: [115/400][120/400] lr: 1.85e-04 | MSE loss: 6.6955e-03 | time: 0.156
I 05.31/23:48:32 solver.py:136 ] Epoch: [115/400][140/400] lr: 1.85e-04 | MSE loss: 6.6849e-03 | time: 0.157
I 05.31/23:48:35 solver.py:136 ] Epoch: [115/400][160/400] lr: 1.85e-04 | MSE loss: 6.6882e-03 | time: 0.160
I 05.31/23:48:39 solver.py:136 ] Epoch: [115/400][180/400] lr: 1.85e-04 | MSE loss: 6.6942e-03 | time: 0.159
I 05.31/23:48:41 solver.py:136 ] Epoch: [115/400][200/400] lr: 1.85e-04 | MSE loss: 6.6719e-03 | time: 0.155
I 05.31/23:48:43 solver.py:136 ] Epoch: [115/400][220/400] lr: 1.85e-04 | MSE loss: 6.6922e-03 | time: 0.149
I 05.31/23:48:45 solver.py:136 ] Epoch: [115/400][240/400] lr: 1.85e-04 | MSE loss: 6.6876e-03 | time: 0.145
I 05.31/23:48:48 solver.py:136 ] Epoch: [115/400][260/400] lr: 1.85e-04 | MSE loss: 6.6933e-03 | time: 0.145
I 05.31/23:48:51 solver.py:136 ] Epoch: [115/400][280/400] lr: 1.85e-04 | MSE loss: 6.6861e-03 | time: 0.147
I 05.31/23:48:55 solver.py:136 ] Epoch: [115/400][300/400] lr: 1.85e-04 | MSE loss: 6.6906e-03 | time: 0.149
I 05.31/23:48:58 solver.py:136 ] Epoch: [115/400][320/400] lr: 1.85e-04 | MSE loss: 6.6743e-03 | time: 0.151
I 05.31/23:49:02 solver.py:136 ] Epoch: [115/400][340/400] lr: 1.85e-04 | MSE loss: 6.6823e-03 | time: 0.155
I 05.31/23:49:07 solver.py:136 ] Epoch: [115/400][360/400] lr: 1.85e-04 | MSE loss: 6.6964e-03 | time: 0.158
I 05.31/23:49:11 solver.py:136 ] Epoch: [115/400][380/400] lr: 1.85e-04 | MSE loss: 6.6887e-03 | time: 0.160
I 05.31/23:49:14 solver.py:136 ] Epoch: [115/400][400/400] lr: 1.85e-04 | MSE loss: 6.6834e-03 | time: 0.160
I 05.31/23:49:14 solver.py:146 ] => Train  Loss: 6.6834e-03

I 05.31/23:49:20 solver.py:205 ] 
=! Best NMSE: -1.8505e+01 (epoch=110)

I 05.31/23:49:24 solver.py:136 ] Epoch: [116/400][20/400] lr: 1.84e-04 | MSE loss: 6.3806e-03 | time: 0.186
I 05.31/23:49:27 solver.py:136 ] Epoch: [116/400][40/400] lr: 1.84e-04 | MSE loss: 6.3565e-03 | time: 0.176
I 05.31/23:49:30 solver.py:136 ] Epoch: [116/400][60/400] lr: 1.84e-04 | MSE loss: 6.6380e-03 | time: 0.171
I 05.31/23:49:33 solver.py:136 ] Epoch: [116/400][80/400] lr: 1.84e-04 | MSE loss: 6.6122e-03 | time: 0.169
I 05.31/23:49:36 solver.py:136 ] Epoch: [116/400][100/400] lr: 1.84e-04 | MSE loss: 6.6066e-03 | time: 0.166
I 05.31/23:49:39 solver.py:136 ] Epoch: [116/400][120/400] lr: 1.84e-04 | MSE loss: 6.6195e-03 | time: 0.163
I 05.31/23:49:42 solver.py:136 ] Epoch: [116/400][140/400] lr: 1.84e-04 | MSE loss: 6.6489e-03 | time: 0.160
I 05.31/23:49:45 solver.py:136 ] Epoch: [116/400][160/400] lr: 1.84e-04 | MSE loss: 6.6269e-03 | time: 0.157
I 05.31/23:49:48 solver.py:136 ] Epoch: [116/400][180/400] lr: 1.84e-04 | MSE loss: 6.6430e-03 | time: 0.156
I 05.31/23:49:51 solver.py:136 ] Epoch: [116/400][200/400] lr: 1.84e-04 | MSE loss: 6.6453e-03 | time: 0.155
I 05.31/23:49:53 solver.py:136 ] Epoch: [116/400][220/400] lr: 1.84e-04 | MSE loss: 6.6541e-03 | time: 0.153
I 05.31/23:49:56 solver.py:136 ] Epoch: [116/400][240/400] lr: 1.84e-04 | MSE loss: 6.6252e-03 | time: 0.150
I 05.31/23:49:58 solver.py:136 ] Epoch: [116/400][260/400] lr: 1.84e-04 | MSE loss: 6.6321e-03 | time: 0.149
I 05.31/23:50:03 solver.py:136 ] Epoch: [116/400][280/400] lr: 1.84e-04 | MSE loss: 6.6390e-03 | time: 0.155
I 05.31/23:50:07 solver.py:136 ] Epoch: [116/400][300/400] lr: 1.84e-04 | MSE loss: 6.6330e-03 | time: 0.158
I 05.31/23:50:11 solver.py:136 ] Epoch: [116/400][320/400] lr: 1.84e-04 | MSE loss: 6.6226e-03 | time: 0.159
I 05.31/23:50:14 solver.py:136 ] Epoch: [116/400][340/400] lr: 1.84e-04 | MSE loss: 6.6365e-03 | time: 0.161
I 05.31/23:50:18 solver.py:136 ] Epoch: [116/400][360/400] lr: 1.84e-04 | MSE loss: 6.6280e-03 | time: 0.161
I 05.31/23:50:21 solver.py:136 ] Epoch: [116/400][380/400] lr: 1.84e-04 | MSE loss: 6.6307e-03 | time: 0.162
I 05.31/23:50:25 solver.py:136 ] Epoch: [116/400][400/400] lr: 1.84e-04 | MSE loss: 6.6681e-03 | time: 0.163
I 05.31/23:50:25 solver.py:146 ] => Train  Loss: 6.6681e-03

I 05.31/23:50:30 solver.py:205 ] 
=! Best NMSE: -1.8505e+01 (epoch=110)

I 05.31/23:50:34 solver.py:136 ] Epoch: [117/400][20/400] lr: 1.84e-04 | MSE loss: 6.7464e-03 | time: 0.189
I 05.31/23:50:37 solver.py:136 ] Epoch: [117/400][40/400] lr: 1.84e-04 | MSE loss: 6.6360e-03 | time: 0.173
I 05.31/23:50:41 solver.py:136 ] Epoch: [117/400][60/400] lr: 1.84e-04 | MSE loss: 6.5275e-03 | time: 0.175
I 05.31/23:50:44 solver.py:136 ] Epoch: [117/400][80/400] lr: 1.84e-04 | MSE loss: 6.5056e-03 | time: 0.175
I 05.31/23:50:48 solver.py:136 ] Epoch: [117/400][100/400] lr: 1.84e-04 | MSE loss: 6.5313e-03 | time: 0.172
I 05.31/23:50:51 solver.py:136 ] Epoch: [117/400][120/400] lr: 1.84e-04 | MSE loss: 6.5564e-03 | time: 0.170
I 05.31/23:50:53 solver.py:136 ] Epoch: [117/400][140/400] lr: 1.84e-04 | MSE loss: 6.5615e-03 | time: 0.165
I 05.31/23:50:56 solver.py:136 ] Epoch: [117/400][160/400] lr: 1.84e-04 | MSE loss: 6.5278e-03 | time: 0.161
I 05.31/23:50:58 solver.py:136 ] Epoch: [117/400][180/400] lr: 1.84e-04 | MSE loss: 6.5029e-03 | time: 0.155
I 05.31/23:51:01 solver.py:136 ] Epoch: [117/400][200/400] lr: 1.84e-04 | MSE loss: 6.5366e-03 | time: 0.155
I 05.31/23:51:06 solver.py:136 ] Epoch: [117/400][220/400] lr: 1.84e-04 | MSE loss: 6.5816e-03 | time: 0.164
I 05.31/23:51:09 solver.py:136 ] Epoch: [117/400][240/400] lr: 1.84e-04 | MSE loss: 6.5777e-03 | time: 0.160
I 05.31/23:51:11 solver.py:136 ] Epoch: [117/400][260/400] lr: 1.84e-04 | MSE loss: 6.5652e-03 | time: 0.157
I 05.31/23:51:14 solver.py:136 ] Epoch: [117/400][280/400] lr: 1.84e-04 | MSE loss: 6.5703e-03 | time: 0.156
I 05.31/23:51:17 solver.py:136 ] Epoch: [117/400][300/400] lr: 1.84e-04 | MSE loss: 6.6011e-03 | time: 0.157
I 05.31/23:51:20 solver.py:136 ] Epoch: [117/400][320/400] lr: 1.84e-04 | MSE loss: 6.5936e-03 | time: 0.156
I 05.31/23:51:23 solver.py:136 ] Epoch: [117/400][340/400] lr: 1.84e-04 | MSE loss: 6.5982e-03 | time: 0.156
I 05.31/23:51:27 solver.py:136 ] Epoch: [117/400][360/400] lr: 1.84e-04 | MSE loss: 6.6214e-03 | time: 0.156
I 05.31/23:51:30 solver.py:136 ] Epoch: [117/400][380/400] lr: 1.84e-04 | MSE loss: 6.6225e-03 | time: 0.157
I 05.31/23:51:33 solver.py:136 ] Epoch: [117/400][400/400] lr: 1.84e-04 | MSE loss: 6.6506e-03 | time: 0.157
I 05.31/23:51:33 solver.py:146 ] => Train  Loss: 6.6506e-03

I 05.31/23:51:39 solver.py:205 ] 
=! Best NMSE: -1.8505e+01 (epoch=110)

I 05.31/23:51:43 solver.py:136 ] Epoch: [118/400][20/400] lr: 1.84e-04 | MSE loss: 6.4549e-03 | time: 0.214
I 05.31/23:51:47 solver.py:136 ] Epoch: [118/400][40/400] lr: 1.84e-04 | MSE loss: 6.5834e-03 | time: 0.206
I 05.31/23:51:51 solver.py:136 ] Epoch: [118/400][60/400] lr: 1.84e-04 | MSE loss: 6.6057e-03 | time: 0.199
I 05.31/23:51:55 solver.py:136 ] Epoch: [118/400][80/400] lr: 1.84e-04 | MSE loss: 6.5659e-03 | time: 0.195
I 05.31/23:51:58 solver.py:136 ] Epoch: [118/400][100/400] lr: 1.84e-04 | MSE loss: 6.5661e-03 | time: 0.189
I 05.31/23:52:02 solver.py:136 ] Epoch: [118/400][120/400] lr: 1.84e-04 | MSE loss: 6.5544e-03 | time: 0.191
I 05.31/23:52:06 solver.py:136 ] Epoch: [118/400][140/400] lr: 1.84e-04 | MSE loss: 6.5768e-03 | time: 0.195
I 05.31/23:52:10 solver.py:136 ] Epoch: [118/400][160/400] lr: 1.84e-04 | MSE loss: 6.5747e-03 | time: 0.192
I 05.31/23:52:13 solver.py:136 ] Epoch: [118/400][180/400] lr: 1.84e-04 | MSE loss: 6.5867e-03 | time: 0.187
I 05.31/23:52:16 solver.py:136 ] Epoch: [118/400][200/400] lr: 1.83e-04 | MSE loss: 6.5897e-03 | time: 0.183
I 05.31/23:52:19 solver.py:136 ] Epoch: [118/400][220/400] lr: 1.83e-04 | MSE loss: 6.5653e-03 | time: 0.182
I 05.31/23:52:23 solver.py:136 ] Epoch: [118/400][240/400] lr: 1.83e-04 | MSE loss: 6.5755e-03 | time: 0.182
I 05.31/23:52:25 solver.py:136 ] Epoch: [118/400][260/400] lr: 1.83e-04 | MSE loss: 6.6272e-03 | time: 0.176
I 05.31/23:52:27 solver.py:136 ] Epoch: [118/400][280/400] lr: 1.83e-04 | MSE loss: 6.6067e-03 | time: 0.173
I 05.31/23:52:30 solver.py:136 ] Epoch: [118/400][300/400] lr: 1.83e-04 | MSE loss: 6.6179e-03 | time: 0.170
I 05.31/23:52:33 solver.py:136 ] Epoch: [118/400][320/400] lr: 1.83e-04 | MSE loss: 6.6207e-03 | time: 0.169
I 05.31/23:52:36 solver.py:136 ] Epoch: [118/400][340/400] lr: 1.83e-04 | MSE loss: 6.6123e-03 | time: 0.167
I 05.31/23:52:40 solver.py:136 ] Epoch: [118/400][360/400] lr: 1.83e-04 | MSE loss: 6.6172e-03 | time: 0.168
I 05.31/23:52:43 solver.py:136 ] Epoch: [118/400][380/400] lr: 1.83e-04 | MSE loss: 6.6238e-03 | time: 0.168
I 05.31/23:52:46 solver.py:136 ] Epoch: [118/400][400/400] lr: 1.83e-04 | MSE loss: 6.6324e-03 | time: 0.168
I 05.31/23:52:46 solver.py:146 ] => Train  Loss: 6.6324e-03

I 05.31/23:52:51 solver.py:205 ] 
=! Best NMSE: -1.8505e+01 (epoch=110)

I 05.31/23:52:54 solver.py:136 ] Epoch: [119/400][20/400] lr: 1.83e-04 | MSE loss: 6.6424e-03 | time: 0.181
I 05.31/23:52:58 solver.py:136 ] Epoch: [119/400][40/400] lr: 1.83e-04 | MSE loss: 6.6546e-03 | time: 0.179
I 05.31/23:53:02 solver.py:136 ] Epoch: [119/400][60/400] lr: 1.83e-04 | MSE loss: 6.6155e-03 | time: 0.186
I 05.31/23:53:06 solver.py:136 ] Epoch: [119/400][80/400] lr: 1.83e-04 | MSE loss: 6.7104e-03 | time: 0.197
I 05.31/23:53:10 solver.py:136 ] Epoch: [119/400][100/400] lr: 1.83e-04 | MSE loss: 6.6899e-03 | time: 0.191
I 05.31/23:53:13 solver.py:136 ] Epoch: [119/400][120/400] lr: 1.83e-04 | MSE loss: 6.7209e-03 | time: 0.189
I 05.31/23:53:17 solver.py:136 ] Epoch: [119/400][140/400] lr: 1.83e-04 | MSE loss: 6.6804e-03 | time: 0.186
I 05.31/23:53:20 solver.py:136 ] Epoch: [119/400][160/400] lr: 1.83e-04 | MSE loss: 6.6134e-03 | time: 0.183
I 05.31/23:53:23 solver.py:136 ] Epoch: [119/400][180/400] lr: 1.83e-04 | MSE loss: 6.6191e-03 | time: 0.180
I 05.31/23:53:26 solver.py:136 ] Epoch: [119/400][200/400] lr: 1.83e-04 | MSE loss: 6.6076e-03 | time: 0.178
I 05.31/23:53:29 solver.py:136 ] Epoch: [119/400][220/400] lr: 1.83e-04 | MSE loss: 6.6380e-03 | time: 0.175
I 05.31/23:53:32 solver.py:136 ] Epoch: [119/400][240/400] lr: 1.83e-04 | MSE loss: 6.6156e-03 | time: 0.173
I 05.31/23:53:35 solver.py:136 ] Epoch: [119/400][260/400] lr: 1.83e-04 | MSE loss: 6.6085e-03 | time: 0.171
I 05.31/23:53:38 solver.py:136 ] Epoch: [119/400][280/400] lr: 1.83e-04 | MSE loss: 6.6150e-03 | time: 0.169
I 05.31/23:53:40 solver.py:136 ] Epoch: [119/400][300/400] lr: 1.83e-04 | MSE loss: 6.6306e-03 | time: 0.166
I 05.31/23:53:43 solver.py:136 ] Epoch: [119/400][320/400] lr: 1.83e-04 | MSE loss: 6.6301e-03 | time: 0.163
I 05.31/23:53:45 solver.py:136 ] Epoch: [119/400][340/400] lr: 1.83e-04 | MSE loss: 6.6169e-03 | time: 0.161
I 05.31/23:53:49 solver.py:136 ] Epoch: [119/400][360/400] lr: 1.83e-04 | MSE loss: 6.6206e-03 | time: 0.161
I 05.31/23:53:52 solver.py:136 ] Epoch: [119/400][380/400] lr: 1.83e-04 | MSE loss: 6.6064e-03 | time: 0.162
I 05.31/23:53:56 solver.py:136 ] Epoch: [119/400][400/400] lr: 1.83e-04 | MSE loss: 6.6230e-03 | time: 0.163
I 05.31/23:53:56 solver.py:146 ] => Train  Loss: 6.6230e-03

I 05.31/23:54:02 solver.py:205 ] 
=! Best NMSE: -1.8505e+01 (epoch=110)

I 05.31/23:54:07 solver.py:136 ] Epoch: [120/400][20/400] lr: 1.83e-04 | MSE loss: 6.1834e-03 | time: 0.248
I 05.31/23:54:10 solver.py:136 ] Epoch: [120/400][40/400] lr: 1.83e-04 | MSE loss: 6.3327e-03 | time: 0.216
I 05.31/23:54:14 solver.py:136 ] Epoch: [120/400][60/400] lr: 1.83e-04 | MSE loss: 6.5320e-03 | time: 0.198
I 05.31/23:54:17 solver.py:136 ] Epoch: [120/400][80/400] lr: 1.83e-04 | MSE loss: 6.5454e-03 | time: 0.193
I 05.31/23:54:21 solver.py:136 ] Epoch: [120/400][100/400] lr: 1.83e-04 | MSE loss: 6.5445e-03 | time: 0.189
I 05.31/23:54:24 solver.py:136 ] Epoch: [120/400][120/400] lr: 1.83e-04 | MSE loss: 6.5766e-03 | time: 0.186
I 05.31/23:54:28 solver.py:136 ] Epoch: [120/400][140/400] lr: 1.83e-04 | MSE loss: 6.6070e-03 | time: 0.184
I 05.31/23:54:31 solver.py:136 ] Epoch: [120/400][160/400] lr: 1.83e-04 | MSE loss: 6.6239e-03 | time: 0.181
I 05.31/23:54:34 solver.py:136 ] Epoch: [120/400][180/400] lr: 1.83e-04 | MSE loss: 6.6337e-03 | time: 0.180
I 05.31/23:54:38 solver.py:136 ] Epoch: [120/400][200/400] lr: 1.83e-04 | MSE loss: 6.6536e-03 | time: 0.179
I 05.31/23:54:40 solver.py:136 ] Epoch: [120/400][220/400] lr: 1.83e-04 | MSE loss: 6.6622e-03 | time: 0.175
I 05.31/23:54:44 solver.py:136 ] Epoch: [120/400][240/400] lr: 1.83e-04 | MSE loss: 6.6473e-03 | time: 0.175
I 05.31/23:54:47 solver.py:136 ] Epoch: [120/400][260/400] lr: 1.83e-04 | MSE loss: 6.6438e-03 | time: 0.173
I 05.31/23:54:50 solver.py:136 ] Epoch: [120/400][280/400] lr: 1.83e-04 | MSE loss: 6.6473e-03 | time: 0.170
I 05.31/23:54:52 solver.py:136 ] Epoch: [120/400][300/400] lr: 1.83e-04 | MSE loss: 6.6331e-03 | time: 0.167
I 05.31/23:54:55 solver.py:136 ] Epoch: [120/400][320/400] lr: 1.83e-04 | MSE loss: 6.6274e-03 | time: 0.165
I 05.31/23:54:57 solver.py:136 ] Epoch: [120/400][340/400] lr: 1.83e-04 | MSE loss: 6.6060e-03 | time: 0.162
I 05.31/23:55:00 solver.py:136 ] Epoch: [120/400][360/400] lr: 1.82e-04 | MSE loss: 6.6161e-03 | time: 0.161
I 05.31/23:55:05 solver.py:136 ] Epoch: [120/400][380/400] lr: 1.82e-04 | MSE loss: 6.6207e-03 | time: 0.165
I 05.31/23:55:08 solver.py:136 ] Epoch: [120/400][400/400] lr: 1.82e-04 | MSE loss: 6.6178e-03 | time: 0.166
I 05.31/23:55:08 solver.py:146 ] => Train  Loss: 6.6178e-03

I 05.31/23:55:11 solver.py:136 ] Epoch: [120/400][20/50] lr: 1.82e-04 | MSE loss: 7.1301e-03 | time: 0.149
I 05.31/23:55:14 solver.py:136 ] Epoch: [120/400][40/50] lr: 1.82e-04 | MSE loss: 6.9487e-03 | time: 0.152
I 05.31/23:55:16 solver.py:146 ] => Val  Loss: 6.9180e-03

I 05.31/23:55:20 solver.py:287 ] [20/50] loss: 7.0157e-03 | NMSE: -1.8583e+01 | time: 0.177
I 05.31/23:55:23 solver.py:287 ] [40/50] loss: 7.0071e-03 | NMSE: -1.8576e+01 | time: 0.170
I 05.31/23:55:24 solver.py:291 ] => Test NMSE: -1.8606e+01

I 05.31/23:55:33 solver.py:205 ] 
=! Best NMSE: -1.8606e+01 (epoch=120)

I 05.31/23:55:37 solver.py:136 ] Epoch: [121/400][20/400] lr: 1.82e-04 | MSE loss: 6.7621e-03 | time: 0.186
I 05.31/23:55:41 solver.py:136 ] Epoch: [121/400][40/400] lr: 1.82e-04 | MSE loss: 6.6576e-03 | time: 0.190
I 05.31/23:55:44 solver.py:136 ] Epoch: [121/400][60/400] lr: 1.82e-04 | MSE loss: 6.6268e-03 | time: 0.188
I 05.31/23:55:48 solver.py:136 ] Epoch: [121/400][80/400] lr: 1.82e-04 | MSE loss: 6.6486e-03 | time: 0.182
I 05.31/23:55:51 solver.py:136 ] Epoch: [121/400][100/400] lr: 1.82e-04 | MSE loss: 6.5494e-03 | time: 0.174
I 05.31/23:55:53 solver.py:136 ] Epoch: [121/400][120/400] lr: 1.82e-04 | MSE loss: 6.5871e-03 | time: 0.166
I 05.31/23:55:56 solver.py:136 ] Epoch: [121/400][140/400] lr: 1.82e-04 | MSE loss: 6.6375e-03 | time: 0.166
I 05.31/23:56:00 solver.py:136 ] Epoch: [121/400][160/400] lr: 1.82e-04 | MSE loss: 6.6385e-03 | time: 0.168
I 05.31/23:56:04 solver.py:136 ] Epoch: [121/400][180/400] lr: 1.82e-04 | MSE loss: 6.5877e-03 | time: 0.174
I 05.31/23:56:07 solver.py:136 ] Epoch: [121/400][200/400] lr: 1.82e-04 | MSE loss: 6.5366e-03 | time: 0.170
I 05.31/23:56:10 solver.py:136 ] Epoch: [121/400][220/400] lr: 1.82e-04 | MSE loss: 6.5206e-03 | time: 0.168
I 05.31/23:56:13 solver.py:136 ] Epoch: [121/400][240/400] lr: 1.82e-04 | MSE loss: 6.5332e-03 | time: 0.165
I 05.31/23:56:16 solver.py:136 ] Epoch: [121/400][260/400] lr: 1.82e-04 | MSE loss: 6.5559e-03 | time: 0.165
I 05.31/23:56:19 solver.py:136 ] Epoch: [121/400][280/400] lr: 1.82e-04 | MSE loss: 6.5613e-03 | time: 0.165
I 05.31/23:56:23 solver.py:136 ] Epoch: [121/400][300/400] lr: 1.82e-04 | MSE loss: 6.5454e-03 | time: 0.166
I 05.31/23:56:27 solver.py:136 ] Epoch: [121/400][320/400] lr: 1.82e-04 | MSE loss: 6.5577e-03 | time: 0.167
I 05.31/23:56:30 solver.py:136 ] Epoch: [121/400][340/400] lr: 1.82e-04 | MSE loss: 6.5614e-03 | time: 0.168
I 05.31/23:56:34 solver.py:136 ] Epoch: [121/400][360/400] lr: 1.82e-04 | MSE loss: 6.5668e-03 | time: 0.168
I 05.31/23:56:37 solver.py:136 ] Epoch: [121/400][380/400] lr: 1.82e-04 | MSE loss: 6.5901e-03 | time: 0.168
I 05.31/23:56:40 solver.py:136 ] Epoch: [121/400][400/400] lr: 1.82e-04 | MSE loss: 6.5990e-03 | time: 0.168
I 05.31/23:56:40 solver.py:146 ] => Train  Loss: 6.5990e-03

I 05.31/23:56:45 solver.py:205 ] 
=! Best NMSE: -1.8606e+01 (epoch=120)

I 05.31/23:56:49 solver.py:136 ] Epoch: [122/400][20/400] lr: 1.82e-04 | MSE loss: 7.0231e-03 | time: 0.181
I 05.31/23:56:52 solver.py:136 ] Epoch: [122/400][40/400] lr: 1.82e-04 | MSE loss: 6.7109e-03 | time: 0.185
I 05.31/23:56:56 solver.py:136 ] Epoch: [122/400][60/400] lr: 1.82e-04 | MSE loss: 6.6467e-03 | time: 0.182
I 05.31/23:56:59 solver.py:136 ] Epoch: [122/400][80/400] lr: 1.82e-04 | MSE loss: 6.6348e-03 | time: 0.179
I 05.31/23:57:05 solver.py:136 ] Epoch: [122/400][100/400] lr: 1.82e-04 | MSE loss: 6.5609e-03 | time: 0.194
I 05.31/23:57:07 solver.py:136 ] Epoch: [122/400][120/400] lr: 1.82e-04 | MSE loss: 6.5822e-03 | time: 0.186
I 05.31/23:57:10 solver.py:136 ] Epoch: [122/400][140/400] lr: 1.82e-04 | MSE loss: 6.6083e-03 | time: 0.179
I 05.31/23:57:14 solver.py:136 ] Epoch: [122/400][160/400] lr: 1.82e-04 | MSE loss: 6.6356e-03 | time: 0.178
I 05.31/23:57:17 solver.py:136 ] Epoch: [122/400][180/400] lr: 1.82e-04 | MSE loss: 6.6285e-03 | time: 0.177
I 05.31/23:57:19 solver.py:136 ] Epoch: [122/400][200/400] lr: 1.82e-04 | MSE loss: 6.6393e-03 | time: 0.172
I 05.31/23:57:22 solver.py:136 ] Epoch: [122/400][220/400] lr: 1.82e-04 | MSE loss: 6.6347e-03 | time: 0.167
I 05.31/23:57:25 solver.py:136 ] Epoch: [122/400][240/400] lr: 1.82e-04 | MSE loss: 6.6168e-03 | time: 0.165
I 05.31/23:57:27 solver.py:136 ] Epoch: [122/400][260/400] lr: 1.82e-04 | MSE loss: 6.6246e-03 | time: 0.162
I 05.31/23:57:31 solver.py:136 ] Epoch: [122/400][280/400] lr: 1.82e-04 | MSE loss: 6.6057e-03 | time: 0.163
I 05.31/23:57:34 solver.py:136 ] Epoch: [122/400][300/400] lr: 1.82e-04 | MSE loss: 6.5736e-03 | time: 0.163
I 05.31/23:57:37 solver.py:136 ] Epoch: [122/400][320/400] lr: 1.82e-04 | MSE loss: 6.6100e-03 | time: 0.164
I 05.31/23:57:41 solver.py:136 ] Epoch: [122/400][340/400] lr: 1.82e-04 | MSE loss: 6.6118e-03 | time: 0.166
I 05.31/23:57:45 solver.py:136 ] Epoch: [122/400][360/400] lr: 1.82e-04 | MSE loss: 6.5900e-03 | time: 0.165
I 05.31/23:57:48 solver.py:136 ] Epoch: [122/400][380/400] lr: 1.82e-04 | MSE loss: 6.5844e-03 | time: 0.166
I 05.31/23:57:51 solver.py:136 ] Epoch: [122/400][400/400] lr: 1.82e-04 | MSE loss: 6.5833e-03 | time: 0.166
I 05.31/23:57:51 solver.py:146 ] => Train  Loss: 6.5833e-03

I 05.31/23:57:57 solver.py:205 ] 
=! Best NMSE: -1.8606e+01 (epoch=120)

I 05.31/23:58:01 solver.py:136 ] Epoch: [123/400][20/400] lr: 1.82e-04 | MSE loss: 6.5155e-03 | time: 0.203
I 05.31/23:58:06 solver.py:136 ] Epoch: [123/400][40/400] lr: 1.82e-04 | MSE loss: 6.4838e-03 | time: 0.224
I 05.31/23:58:09 solver.py:136 ] Epoch: [123/400][60/400] lr: 1.82e-04 | MSE loss: 6.4747e-03 | time: 0.210
I 05.31/23:58:12 solver.py:136 ] Epoch: [123/400][80/400] lr: 1.82e-04 | MSE loss: 6.4697e-03 | time: 0.198
I 05.31/23:58:16 solver.py:136 ] Epoch: [123/400][100/400] lr: 1.81e-04 | MSE loss: 6.5244e-03 | time: 0.190
I 05.31/23:58:18 solver.py:136 ] Epoch: [123/400][120/400] lr: 1.81e-04 | MSE loss: 6.5604e-03 | time: 0.179
I 05.31/23:58:21 solver.py:136 ] Epoch: [123/400][140/400] lr: 1.81e-04 | MSE loss: 6.5324e-03 | time: 0.173
I 05.31/23:58:24 solver.py:136 ] Epoch: [123/400][160/400] lr: 1.81e-04 | MSE loss: 6.5532e-03 | time: 0.172
I 05.31/23:58:27 solver.py:136 ] Epoch: [123/400][180/400] lr: 1.81e-04 | MSE loss: 6.5771e-03 | time: 0.171
I 05.31/23:58:30 solver.py:136 ] Epoch: [123/400][200/400] lr: 1.81e-04 | MSE loss: 6.5534e-03 | time: 0.168
I 05.31/23:58:33 solver.py:136 ] Epoch: [123/400][220/400] lr: 1.81e-04 | MSE loss: 6.5511e-03 | time: 0.165
I 05.31/23:58:36 solver.py:136 ] Epoch: [123/400][240/400] lr: 1.81e-04 | MSE loss: 6.5296e-03 | time: 0.163
I 05.31/23:58:39 solver.py:136 ] Epoch: [123/400][260/400] lr: 1.81e-04 | MSE loss: 6.5443e-03 | time: 0.163
I 05.31/23:58:42 solver.py:136 ] Epoch: [123/400][280/400] lr: 1.81e-04 | MSE loss: 6.5615e-03 | time: 0.163
I 05.31/23:58:45 solver.py:136 ] Epoch: [123/400][300/400] lr: 1.81e-04 | MSE loss: 6.5836e-03 | time: 0.163
I 05.31/23:58:49 solver.py:136 ] Epoch: [123/400][320/400] lr: 1.81e-04 | MSE loss: 6.5795e-03 | time: 0.164
I 05.31/23:58:53 solver.py:136 ] Epoch: [123/400][340/400] lr: 1.81e-04 | MSE loss: 6.5891e-03 | time: 0.165
I 05.31/23:58:56 solver.py:136 ] Epoch: [123/400][360/400] lr: 1.81e-04 | MSE loss: 6.5803e-03 | time: 0.165
I 05.31/23:58:59 solver.py:136 ] Epoch: [123/400][380/400] lr: 1.81e-04 | MSE loss: 6.5694e-03 | time: 0.164
I 05.31/23:59:03 solver.py:136 ] Epoch: [123/400][400/400] lr: 1.81e-04 | MSE loss: 6.5686e-03 | time: 0.166
I 05.31/23:59:03 solver.py:146 ] => Train  Loss: 6.5686e-03

I 05.31/23:59:06 solver.py:205 ] 
=! Best NMSE: -1.8606e+01 (epoch=120)

I 05.31/23:59:10 solver.py:136 ] Epoch: [124/400][20/400] lr: 1.81e-04 | MSE loss: 6.8246e-03 | time: 0.188
I 05.31/23:59:14 solver.py:136 ] Epoch: [124/400][40/400] lr: 1.81e-04 | MSE loss: 6.7109e-03 | time: 0.187
I 05.31/23:59:17 solver.py:136 ] Epoch: [124/400][60/400] lr: 1.81e-04 | MSE loss: 6.6564e-03 | time: 0.181
I 05.31/23:59:21 solver.py:136 ] Epoch: [124/400][80/400] lr: 1.81e-04 | MSE loss: 6.5760e-03 | time: 0.179
I 05.31/23:59:24 solver.py:136 ] Epoch: [124/400][100/400] lr: 1.81e-04 | MSE loss: 6.6057e-03 | time: 0.176
I 05.31/23:59:27 solver.py:136 ] Epoch: [124/400][120/400] lr: 1.81e-04 | MSE loss: 6.6075e-03 | time: 0.176
I 05.31/23:59:30 solver.py:136 ] Epoch: [124/400][140/400] lr: 1.81e-04 | MSE loss: 6.6196e-03 | time: 0.171
I 05.31/23:59:33 solver.py:136 ] Epoch: [124/400][160/400] lr: 1.81e-04 | MSE loss: 6.6066e-03 | time: 0.165
I 05.31/23:59:36 solver.py:136 ] Epoch: [124/400][180/400] lr: 1.81e-04 | MSE loss: 6.5801e-03 | time: 0.166
I 05.31/23:59:40 solver.py:136 ] Epoch: [124/400][200/400] lr: 1.81e-04 | MSE loss: 6.6310e-03 | time: 0.166
I 05.31/23:59:43 solver.py:136 ] Epoch: [124/400][220/400] lr: 1.81e-04 | MSE loss: 6.6183e-03 | time: 0.165
I 05.31/23:59:46 solver.py:136 ] Epoch: [124/400][240/400] lr: 1.81e-04 | MSE loss: 6.6017e-03 | time: 0.164
I 05.31/23:59:49 solver.py:136 ] Epoch: [124/400][260/400] lr: 1.81e-04 | MSE loss: 6.5960e-03 | time: 0.163
I 05.31/23:59:51 solver.py:136 ] Epoch: [124/400][280/400] lr: 1.81e-04 | MSE loss: 6.5945e-03 | time: 0.161
I 05.31/23:59:55 solver.py:136 ] Epoch: [124/400][300/400] lr: 1.81e-04 | MSE loss: 6.5943e-03 | time: 0.161
I 05.31/23:59:58 solver.py:136 ] Epoch: [124/400][320/400] lr: 1.81e-04 | MSE loss: 6.5785e-03 | time: 0.162
I 06.01/00:00:03 solver.py:136 ] Epoch: [124/400][340/400] lr: 1.81e-04 | MSE loss: 6.5834e-03 | time: 0.165
I 06.01/00:00:07 solver.py:136 ] Epoch: [124/400][360/400] lr: 1.81e-04 | MSE loss: 6.5837e-03 | time: 0.168
I 06.01/00:00:10 solver.py:136 ] Epoch: [124/400][380/400] lr: 1.81e-04 | MSE loss: 6.5803e-03 | time: 0.169
I 06.01/00:00:14 solver.py:136 ] Epoch: [124/400][400/400] lr: 1.81e-04 | MSE loss: 6.5605e-03 | time: 0.169
I 06.01/00:00:14 solver.py:146 ] => Train  Loss: 6.5605e-03

I 06.01/00:00:21 solver.py:205 ] 
=! Best NMSE: -1.8606e+01 (epoch=120)

I 06.01/00:00:25 solver.py:136 ] Epoch: [125/400][20/400] lr: 1.81e-04 | MSE loss: 6.6051e-03 | time: 0.185
I 06.01/00:00:28 solver.py:136 ] Epoch: [125/400][40/400] lr: 1.81e-04 | MSE loss: 6.4688e-03 | time: 0.181
I 06.01/00:00:32 solver.py:136 ] Epoch: [125/400][60/400] lr: 1.81e-04 | MSE loss: 6.6591e-03 | time: 0.178
I 06.01/00:00:35 solver.py:136 ] Epoch: [125/400][80/400] lr: 1.81e-04 | MSE loss: 6.6922e-03 | time: 0.177
I 06.01/00:00:39 solver.py:136 ] Epoch: [125/400][100/400] lr: 1.81e-04 | MSE loss: 6.5857e-03 | time: 0.176
I 06.01/00:00:42 solver.py:136 ] Epoch: [125/400][120/400] lr: 1.81e-04 | MSE loss: 6.5745e-03 | time: 0.176
I 06.01/00:00:45 solver.py:136 ] Epoch: [125/400][140/400] lr: 1.81e-04 | MSE loss: 6.6028e-03 | time: 0.170
I 06.01/00:00:47 solver.py:136 ] Epoch: [125/400][160/400] lr: 1.81e-04 | MSE loss: 6.5177e-03 | time: 0.164
I 06.01/00:00:50 solver.py:136 ] Epoch: [125/400][180/400] lr: 1.81e-04 | MSE loss: 6.5750e-03 | time: 0.164
I 06.01/00:00:53 solver.py:136 ] Epoch: [125/400][200/400] lr: 1.81e-04 | MSE loss: 6.5782e-03 | time: 0.161
I 06.01/00:00:57 solver.py:136 ] Epoch: [125/400][220/400] lr: 1.80e-04 | MSE loss: 6.5651e-03 | time: 0.162
I 06.01/00:01:00 solver.py:136 ] Epoch: [125/400][240/400] lr: 1.80e-04 | MSE loss: 6.5579e-03 | time: 0.162
I 06.01/00:01:05 solver.py:136 ] Epoch: [125/400][260/400] lr: 1.80e-04 | MSE loss: 6.5422e-03 | time: 0.170
I 06.01/00:01:09 solver.py:136 ] Epoch: [125/400][280/400] lr: 1.80e-04 | MSE loss: 6.5562e-03 | time: 0.170
I 06.01/00:01:12 solver.py:136 ] Epoch: [125/400][300/400] lr: 1.80e-04 | MSE loss: 6.5235e-03 | time: 0.171
I 06.01/00:01:15 solver.py:136 ] Epoch: [125/400][320/400] lr: 1.80e-04 | MSE loss: 6.5213e-03 | time: 0.170
I 06.01/00:01:19 solver.py:136 ] Epoch: [125/400][340/400] lr: 1.80e-04 | MSE loss: 6.5511e-03 | time: 0.169
I 06.01/00:01:21 solver.py:136 ] Epoch: [125/400][360/400] lr: 1.80e-04 | MSE loss: 6.5460e-03 | time: 0.168
I 06.01/00:01:25 solver.py:136 ] Epoch: [125/400][380/400] lr: 1.80e-04 | MSE loss: 6.5645e-03 | time: 0.167
I 06.01/00:01:27 solver.py:136 ] Epoch: [125/400][400/400] lr: 1.80e-04 | MSE loss: 6.5611e-03 | time: 0.166
I 06.01/00:01:27 solver.py:146 ] => Train  Loss: 6.5611e-03

I 06.01/00:01:34 solver.py:205 ] 
=! Best NMSE: -1.8606e+01 (epoch=120)

I 06.01/00:01:38 solver.py:136 ] Epoch: [126/400][20/400] lr: 1.80e-04 | MSE loss: 6.3590e-03 | time: 0.187
I 06.01/00:01:42 solver.py:136 ] Epoch: [126/400][40/400] lr: 1.80e-04 | MSE loss: 6.3086e-03 | time: 0.195
I 06.01/00:01:45 solver.py:136 ] Epoch: [126/400][60/400] lr: 1.80e-04 | MSE loss: 6.4102e-03 | time: 0.187
I 06.01/00:01:49 solver.py:136 ] Epoch: [126/400][80/400] lr: 1.80e-04 | MSE loss: 6.4497e-03 | time: 0.182
I 06.01/00:01:52 solver.py:136 ] Epoch: [126/400][100/400] lr: 1.80e-04 | MSE loss: 6.3942e-03 | time: 0.181
I 06.01/00:01:55 solver.py:136 ] Epoch: [126/400][120/400] lr: 1.80e-04 | MSE loss: 6.4187e-03 | time: 0.176
I 06.01/00:01:59 solver.py:136 ] Epoch: [126/400][140/400] lr: 1.80e-04 | MSE loss: 6.4131e-03 | time: 0.174
I 06.01/00:02:03 solver.py:136 ] Epoch: [126/400][160/400] lr: 1.80e-04 | MSE loss: 6.4439e-03 | time: 0.180
I 06.01/00:02:07 solver.py:136 ] Epoch: [126/400][180/400] lr: 1.80e-04 | MSE loss: 6.4995e-03 | time: 0.181
I 06.01/00:02:10 solver.py:136 ] Epoch: [126/400][200/400] lr: 1.80e-04 | MSE loss: 6.4944e-03 | time: 0.179
I 06.01/00:02:13 solver.py:136 ] Epoch: [126/400][220/400] lr: 1.80e-04 | MSE loss: 6.4749e-03 | time: 0.178
I 06.01/00:02:16 solver.py:136 ] Epoch: [126/400][240/400] lr: 1.80e-04 | MSE loss: 6.4819e-03 | time: 0.175
I 06.01/00:02:18 solver.py:136 ] Epoch: [126/400][260/400] lr: 1.80e-04 | MSE loss: 6.5169e-03 | time: 0.170
I 06.01/00:02:20 solver.py:136 ] Epoch: [126/400][280/400] lr: 1.80e-04 | MSE loss: 6.5030e-03 | time: 0.165
I 06.01/00:02:23 solver.py:136 ] Epoch: [126/400][300/400] lr: 1.80e-04 | MSE loss: 6.5201e-03 | time: 0.163
I 06.01/00:02:26 solver.py:136 ] Epoch: [126/400][320/400] lr: 1.80e-04 | MSE loss: 6.5304e-03 | time: 0.163
I 06.01/00:02:30 solver.py:136 ] Epoch: [126/400][340/400] lr: 1.80e-04 | MSE loss: 6.5354e-03 | time: 0.163
I 06.01/00:02:33 solver.py:136 ] Epoch: [126/400][360/400] lr: 1.80e-04 | MSE loss: 6.5398e-03 | time: 0.163
I 06.01/00:02:36 solver.py:136 ] Epoch: [126/400][380/400] lr: 1.80e-04 | MSE loss: 6.5480e-03 | time: 0.163
I 06.01/00:02:39 solver.py:136 ] Epoch: [126/400][400/400] lr: 1.80e-04 | MSE loss: 6.5464e-03 | time: 0.162
I 06.01/00:02:39 solver.py:146 ] => Train  Loss: 6.5464e-03

I 06.01/00:02:45 solver.py:205 ] 
=! Best NMSE: -1.8606e+01 (epoch=120)

I 06.01/00:02:48 solver.py:136 ] Epoch: [127/400][20/400] lr: 1.80e-04 | MSE loss: 6.3107e-03 | time: 0.158
I 06.01/00:02:51 solver.py:136 ] Epoch: [127/400][40/400] lr: 1.80e-04 | MSE loss: 6.3383e-03 | time: 0.164
I 06.01/00:02:55 solver.py:136 ] Epoch: [127/400][60/400] lr: 1.80e-04 | MSE loss: 6.3807e-03 | time: 0.167
I 06.01/00:02:58 solver.py:136 ] Epoch: [127/400][80/400] lr: 1.80e-04 | MSE loss: 6.4896e-03 | time: 0.170
I 06.01/00:03:03 solver.py:136 ] Epoch: [127/400][100/400] lr: 1.80e-04 | MSE loss: 6.4340e-03 | time: 0.186
I 06.01/00:03:07 solver.py:136 ] Epoch: [127/400][120/400] lr: 1.80e-04 | MSE loss: 6.4529e-03 | time: 0.188
I 06.01/00:03:11 solver.py:136 ] Epoch: [127/400][140/400] lr: 1.80e-04 | MSE loss: 6.4948e-03 | time: 0.186
I 06.01/00:03:14 solver.py:136 ] Epoch: [127/400][160/400] lr: 1.80e-04 | MSE loss: 6.5143e-03 | time: 0.185
I 06.01/00:03:18 solver.py:136 ] Epoch: [127/400][180/400] lr: 1.80e-04 | MSE loss: 6.5195e-03 | time: 0.185
I 06.01/00:03:22 solver.py:136 ] Epoch: [127/400][200/400] lr: 1.80e-04 | MSE loss: 6.5144e-03 | time: 0.184
I 06.01/00:03:25 solver.py:136 ] Epoch: [127/400][220/400] lr: 1.80e-04 | MSE loss: 6.5124e-03 | time: 0.184
I 06.01/00:03:28 solver.py:136 ] Epoch: [127/400][240/400] lr: 1.80e-04 | MSE loss: 6.5166e-03 | time: 0.182
I 06.01/00:03:31 solver.py:136 ] Epoch: [127/400][260/400] lr: 1.80e-04 | MSE loss: 6.5486e-03 | time: 0.179
I 06.01/00:03:34 solver.py:136 ] Epoch: [127/400][280/400] lr: 1.80e-04 | MSE loss: 6.5576e-03 | time: 0.177
I 06.01/00:03:37 solver.py:136 ] Epoch: [127/400][300/400] lr: 1.80e-04 | MSE loss: 6.5676e-03 | time: 0.175
I 06.01/00:03:39 solver.py:136 ] Epoch: [127/400][320/400] lr: 1.79e-04 | MSE loss: 6.5547e-03 | time: 0.171
I 06.01/00:03:42 solver.py:136 ] Epoch: [127/400][340/400] lr: 1.79e-04 | MSE loss: 6.5524e-03 | time: 0.168
I 06.01/00:03:45 solver.py:136 ] Epoch: [127/400][360/400] lr: 1.79e-04 | MSE loss: 6.5501e-03 | time: 0.167
I 06.01/00:03:48 solver.py:136 ] Epoch: [127/400][380/400] lr: 1.79e-04 | MSE loss: 6.5276e-03 | time: 0.167
I 06.01/00:03:51 solver.py:136 ] Epoch: [127/400][400/400] lr: 1.79e-04 | MSE loss: 6.5292e-03 | time: 0.166
I 06.01/00:03:51 solver.py:146 ] => Train  Loss: 6.5292e-03

I 06.01/00:03:56 solver.py:205 ] 
=! Best NMSE: -1.8606e+01 (epoch=120)

I 06.01/00:04:00 solver.py:136 ] Epoch: [128/400][20/400] lr: 1.79e-04 | MSE loss: 6.6982e-03 | time: 0.158
I 06.01/00:04:05 solver.py:136 ] Epoch: [128/400][40/400] lr: 1.79e-04 | MSE loss: 6.6495e-03 | time: 0.207
I 06.01/00:04:08 solver.py:136 ] Epoch: [128/400][60/400] lr: 1.79e-04 | MSE loss: 6.7641e-03 | time: 0.194
I 06.01/00:04:11 solver.py:136 ] Epoch: [128/400][80/400] lr: 1.79e-04 | MSE loss: 6.7819e-03 | time: 0.188
I 06.01/00:04:15 solver.py:136 ] Epoch: [128/400][100/400] lr: 1.79e-04 | MSE loss: 6.6897e-03 | time: 0.187
I 06.01/00:04:19 solver.py:136 ] Epoch: [128/400][120/400] lr: 1.79e-04 | MSE loss: 6.6512e-03 | time: 0.185
I 06.01/00:04:22 solver.py:136 ] Epoch: [128/400][140/400] lr: 1.79e-04 | MSE loss: 6.6132e-03 | time: 0.184
I 06.01/00:04:26 solver.py:136 ] Epoch: [128/400][160/400] lr: 1.79e-04 | MSE loss: 6.6554e-03 | time: 0.182
I 06.01/00:04:29 solver.py:136 ] Epoch: [128/400][180/400] lr: 1.79e-04 | MSE loss: 6.6242e-03 | time: 0.182
I 06.01/00:04:32 solver.py:136 ] Epoch: [128/400][200/400] lr: 1.79e-04 | MSE loss: 6.5747e-03 | time: 0.180
I 06.01/00:04:36 solver.py:136 ] Epoch: [128/400][220/400] lr: 1.79e-04 | MSE loss: 6.5349e-03 | time: 0.178
I 06.01/00:04:39 solver.py:136 ] Epoch: [128/400][240/400] lr: 1.79e-04 | MSE loss: 6.5002e-03 | time: 0.176
I 06.01/00:04:42 solver.py:136 ] Epoch: [128/400][260/400] lr: 1.79e-04 | MSE loss: 6.5203e-03 | time: 0.177
I 06.01/00:04:45 solver.py:136 ] Epoch: [128/400][280/400] lr: 1.79e-04 | MSE loss: 6.5207e-03 | time: 0.175
I 06.01/00:04:49 solver.py:136 ] Epoch: [128/400][300/400] lr: 1.79e-04 | MSE loss: 6.4939e-03 | time: 0.174
I 06.01/00:04:52 solver.py:136 ] Epoch: [128/400][320/400] lr: 1.79e-04 | MSE loss: 6.5060e-03 | time: 0.173
I 06.01/00:04:54 solver.py:136 ] Epoch: [128/400][340/400] lr: 1.79e-04 | MSE loss: 6.5301e-03 | time: 0.169
I 06.01/00:04:56 solver.py:136 ] Epoch: [128/400][360/400] lr: 1.79e-04 | MSE loss: 6.5442e-03 | time: 0.165
I 06.01/00:04:58 solver.py:136 ] Epoch: [128/400][380/400] lr: 1.79e-04 | MSE loss: 6.5271e-03 | time: 0.163
I 06.01/00:05:03 solver.py:136 ] Epoch: [128/400][400/400] lr: 1.79e-04 | MSE loss: 6.5103e-03 | time: 0.166
I 06.01/00:05:03 solver.py:146 ] => Train  Loss: 6.5103e-03

I 06.01/00:05:06 solver.py:205 ] 
=! Best NMSE: -1.8606e+01 (epoch=120)

I 06.01/00:05:10 solver.py:136 ] Epoch: [129/400][20/400] lr: 1.79e-04 | MSE loss: 6.4663e-03 | time: 0.156
I 06.01/00:05:13 solver.py:136 ] Epoch: [129/400][40/400] lr: 1.79e-04 | MSE loss: 6.4329e-03 | time: 0.161
I 06.01/00:05:16 solver.py:136 ] Epoch: [129/400][60/400] lr: 1.79e-04 | MSE loss: 6.4775e-03 | time: 0.157
I 06.01/00:05:19 solver.py:136 ] Epoch: [129/400][80/400] lr: 1.79e-04 | MSE loss: 6.4906e-03 | time: 0.159
I 06.01/00:05:22 solver.py:136 ] Epoch: [129/400][100/400] lr: 1.79e-04 | MSE loss: 6.4843e-03 | time: 0.159
I 06.01/00:05:26 solver.py:136 ] Epoch: [129/400][120/400] lr: 1.79e-04 | MSE loss: 6.5101e-03 | time: 0.161
I 06.01/00:05:29 solver.py:136 ] Epoch: [129/400][140/400] lr: 1.79e-04 | MSE loss: 6.5022e-03 | time: 0.164
I 06.01/00:05:33 solver.py:136 ] Epoch: [129/400][160/400] lr: 1.79e-04 | MSE loss: 6.5297e-03 | time: 0.166
I 06.01/00:05:36 solver.py:136 ] Epoch: [129/400][180/400] lr: 1.79e-04 | MSE loss: 6.5523e-03 | time: 0.167
I 06.01/00:05:40 solver.py:136 ] Epoch: [129/400][200/400] lr: 1.79e-04 | MSE loss: 6.5441e-03 | time: 0.167
I 06.01/00:05:43 solver.py:136 ] Epoch: [129/400][220/400] lr: 1.79e-04 | MSE loss: 6.5222e-03 | time: 0.168
I 06.01/00:05:47 solver.py:136 ] Epoch: [129/400][240/400] lr: 1.79e-04 | MSE loss: 6.5149e-03 | time: 0.168
I 06.01/00:05:50 solver.py:136 ] Epoch: [129/400][260/400] lr: 1.79e-04 | MSE loss: 6.4871e-03 | time: 0.167
I 06.01/00:05:53 solver.py:136 ] Epoch: [129/400][280/400] lr: 1.79e-04 | MSE loss: 6.4898e-03 | time: 0.167
I 06.01/00:05:56 solver.py:136 ] Epoch: [129/400][300/400] lr: 1.79e-04 | MSE loss: 6.4988e-03 | time: 0.167
I 06.01/00:05:59 solver.py:136 ] Epoch: [129/400][320/400] lr: 1.79e-04 | MSE loss: 6.4877e-03 | time: 0.165
I 06.01/00:06:05 solver.py:136 ] Epoch: [129/400][340/400] lr: 1.79e-04 | MSE loss: 6.4858e-03 | time: 0.171
I 06.01/00:06:08 solver.py:136 ] Epoch: [129/400][360/400] lr: 1.79e-04 | MSE loss: 6.4795e-03 | time: 0.171
I 06.01/00:06:11 solver.py:136 ] Epoch: [129/400][380/400] lr: 1.79e-04 | MSE loss: 6.5021e-03 | time: 0.169
I 06.01/00:06:13 solver.py:136 ] Epoch: [129/400][400/400] lr: 1.78e-04 | MSE loss: 6.4961e-03 | time: 0.165
I 06.01/00:06:13 solver.py:146 ] => Train  Loss: 6.4961e-03

I 06.01/00:06:18 solver.py:205 ] 
=! Best NMSE: -1.8606e+01 (epoch=120)

I 06.01/00:06:22 solver.py:136 ] Epoch: [130/400][20/400] lr: 1.78e-04 | MSE loss: 6.6171e-03 | time: 0.179
I 06.01/00:06:25 solver.py:136 ] Epoch: [130/400][40/400] lr: 1.78e-04 | MSE loss: 6.6850e-03 | time: 0.170
I 06.01/00:06:28 solver.py:136 ] Epoch: [130/400][60/400] lr: 1.78e-04 | MSE loss: 6.5811e-03 | time: 0.168
I 06.01/00:06:31 solver.py:136 ] Epoch: [130/400][80/400] lr: 1.78e-04 | MSE loss: 6.5612e-03 | time: 0.167
I 06.01/00:06:35 solver.py:136 ] Epoch: [130/400][100/400] lr: 1.78e-04 | MSE loss: 6.6122e-03 | time: 0.169
I 06.01/00:06:39 solver.py:136 ] Epoch: [130/400][120/400] lr: 1.78e-04 | MSE loss: 6.6829e-03 | time: 0.170
I 06.01/00:06:42 solver.py:136 ] Epoch: [130/400][140/400] lr: 1.78e-04 | MSE loss: 6.6857e-03 | time: 0.170
I 06.01/00:06:45 solver.py:136 ] Epoch: [130/400][160/400] lr: 1.78e-04 | MSE loss: 6.6595e-03 | time: 0.170
I 06.01/00:06:48 solver.py:136 ] Epoch: [130/400][180/400] lr: 1.78e-04 | MSE loss: 6.6319e-03 | time: 0.168
I 06.01/00:06:52 solver.py:136 ] Epoch: [130/400][200/400] lr: 1.78e-04 | MSE loss: 6.5629e-03 | time: 0.167
I 06.01/00:06:55 solver.py:136 ] Epoch: [130/400][220/400] lr: 1.78e-04 | MSE loss: 6.5577e-03 | time: 0.167
I 06.01/00:06:58 solver.py:136 ] Epoch: [130/400][240/400] lr: 1.78e-04 | MSE loss: 6.5460e-03 | time: 0.166
I 06.01/00:07:03 solver.py:136 ] Epoch: [130/400][260/400] lr: 1.78e-04 | MSE loss: 6.5236e-03 | time: 0.172
I 06.01/00:07:07 solver.py:136 ] Epoch: [130/400][280/400] lr: 1.78e-04 | MSE loss: 6.5148e-03 | time: 0.173
I 06.01/00:07:10 solver.py:136 ] Epoch: [130/400][300/400] lr: 1.78e-04 | MSE loss: 6.5243e-03 | time: 0.174
I 06.01/00:07:14 solver.py:136 ] Epoch: [130/400][320/400] lr: 1.78e-04 | MSE loss: 6.5080e-03 | time: 0.174
I 06.01/00:07:17 solver.py:136 ] Epoch: [130/400][340/400] lr: 1.78e-04 | MSE loss: 6.5109e-03 | time: 0.173
I 06.01/00:07:21 solver.py:136 ] Epoch: [130/400][360/400] lr: 1.78e-04 | MSE loss: 6.4879e-03 | time: 0.174
I 06.01/00:07:24 solver.py:136 ] Epoch: [130/400][380/400] lr: 1.78e-04 | MSE loss: 6.4924e-03 | time: 0.173
I 06.01/00:07:27 solver.py:136 ] Epoch: [130/400][400/400] lr: 1.78e-04 | MSE loss: 6.4906e-03 | time: 0.172
I 06.01/00:07:27 solver.py:146 ] => Train  Loss: 6.4906e-03

I 06.01/00:07:29 solver.py:136 ] Epoch: [130/400][20/50] lr: 1.78e-04 | MSE loss: 7.0061e-03 | time: 0.092
I 06.01/00:07:31 solver.py:136 ] Epoch: [130/400][40/50] lr: 1.78e-04 | MSE loss: 6.8250e-03 | time: 0.084
I 06.01/00:07:31 solver.py:146 ] => Val  Loss: 6.7915e-03

I 06.01/00:07:33 solver.py:287 ] [20/50] loss: 6.9049e-03 | NMSE: -1.8654e+01 | time: 0.102
I 06.01/00:07:36 solver.py:287 ] [40/50] loss: 6.8852e-03 | NMSE: -1.8654e+01 | time: 0.111
I 06.01/00:07:37 solver.py:291 ] => Test NMSE: -1.8686e+01

I 06.01/00:07:46 solver.py:205 ] 
=! Best NMSE: -1.8686e+01 (epoch=130)

I 06.01/00:07:50 solver.py:136 ] Epoch: [131/400][20/400] lr: 1.78e-04 | MSE loss: 6.3056e-03 | time: 0.193
I 06.01/00:07:53 solver.py:136 ] Epoch: [131/400][40/400] lr: 1.78e-04 | MSE loss: 6.5429e-03 | time: 0.181
I 06.01/00:07:56 solver.py:136 ] Epoch: [131/400][60/400] lr: 1.78e-04 | MSE loss: 6.4604e-03 | time: 0.177
I 06.01/00:08:00 solver.py:136 ] Epoch: [131/400][80/400] lr: 1.78e-04 | MSE loss: 6.4840e-03 | time: 0.173
I 06.01/00:08:05 solver.py:136 ] Epoch: [131/400][100/400] lr: 1.78e-04 | MSE loss: 6.5175e-03 | time: 0.191
I 06.01/00:08:09 solver.py:136 ] Epoch: [131/400][120/400] lr: 1.78e-04 | MSE loss: 6.5198e-03 | time: 0.189
I 06.01/00:08:12 solver.py:136 ] Epoch: [131/400][140/400] lr: 1.78e-04 | MSE loss: 6.5826e-03 | time: 0.188
I 06.01/00:08:16 solver.py:136 ] Epoch: [131/400][160/400] lr: 1.78e-04 | MSE loss: 6.5561e-03 | time: 0.187
I 06.01/00:08:19 solver.py:136 ] Epoch: [131/400][180/400] lr: 1.78e-04 | MSE loss: 6.5360e-03 | time: 0.185
I 06.01/00:08:23 solver.py:136 ] Epoch: [131/400][200/400] lr: 1.78e-04 | MSE loss: 6.4959e-03 | time: 0.184
I 06.01/00:08:26 solver.py:136 ] Epoch: [131/400][220/400] lr: 1.78e-04 | MSE loss: 6.5242e-03 | time: 0.182
I 06.01/00:08:29 solver.py:136 ] Epoch: [131/400][240/400] lr: 1.78e-04 | MSE loss: 6.5501e-03 | time: 0.181
I 06.01/00:08:33 solver.py:136 ] Epoch: [131/400][260/400] lr: 1.78e-04 | MSE loss: 6.5251e-03 | time: 0.181
I 06.01/00:08:36 solver.py:136 ] Epoch: [131/400][280/400] lr: 1.78e-04 | MSE loss: 6.5092e-03 | time: 0.181
I 06.01/00:08:40 solver.py:136 ] Epoch: [131/400][300/400] lr: 1.78e-04 | MSE loss: 6.5199e-03 | time: 0.179
I 06.01/00:08:43 solver.py:136 ] Epoch: [131/400][320/400] lr: 1.78e-04 | MSE loss: 6.5008e-03 | time: 0.177
I 06.01/00:08:45 solver.py:136 ] Epoch: [131/400][340/400] lr: 1.78e-04 | MSE loss: 6.5086e-03 | time: 0.174
I 06.01/00:08:47 solver.py:136 ] Epoch: [131/400][360/400] lr: 1.78e-04 | MSE loss: 6.5216e-03 | time: 0.171
I 06.01/00:08:50 solver.py:136 ] Epoch: [131/400][380/400] lr: 1.78e-04 | MSE loss: 6.4979e-03 | time: 0.168
I 06.01/00:08:53 solver.py:136 ] Epoch: [131/400][400/400] lr: 1.78e-04 | MSE loss: 6.4963e-03 | time: 0.167
I 06.01/00:08:53 solver.py:146 ] => Train  Loss: 6.4963e-03

I 06.01/00:08:59 solver.py:205 ] 
=! Best NMSE: -1.8686e+01 (epoch=130)

I 06.01/00:09:05 solver.py:136 ] Epoch: [132/400][20/400] lr: 1.78e-04 | MSE loss: 6.1675e-03 | time: 0.288
I 06.01/00:09:09 solver.py:136 ] Epoch: [132/400][40/400] lr: 1.78e-04 | MSE loss: 6.4961e-03 | time: 0.226
I 06.01/00:09:12 solver.py:136 ] Epoch: [132/400][60/400] lr: 1.77e-04 | MSE loss: 6.5539e-03 | time: 0.206
I 06.01/00:09:15 solver.py:136 ] Epoch: [132/400][80/400] lr: 1.77e-04 | MSE loss: 6.5375e-03 | time: 0.195
I 06.01/00:09:18 solver.py:136 ] Epoch: [132/400][100/400] lr: 1.77e-04 | MSE loss: 6.5219e-03 | time: 0.190
I 06.01/00:09:22 solver.py:136 ] Epoch: [132/400][120/400] lr: 1.77e-04 | MSE loss: 6.5123e-03 | time: 0.187
I 06.01/00:09:25 solver.py:136 ] Epoch: [132/400][140/400] lr: 1.77e-04 | MSE loss: 6.5597e-03 | time: 0.185
I 06.01/00:09:29 solver.py:136 ] Epoch: [132/400][160/400] lr: 1.77e-04 | MSE loss: 6.5322e-03 | time: 0.183
I 06.01/00:09:32 solver.py:136 ] Epoch: [132/400][180/400] lr: 1.77e-04 | MSE loss: 6.5158e-03 | time: 0.181
I 06.01/00:09:35 solver.py:136 ] Epoch: [132/400][200/400] lr: 1.77e-04 | MSE loss: 6.5146e-03 | time: 0.179
I 06.01/00:09:39 solver.py:136 ] Epoch: [132/400][220/400] lr: 1.77e-04 | MSE loss: 6.5131e-03 | time: 0.179
I 06.01/00:09:42 solver.py:136 ] Epoch: [132/400][240/400] lr: 1.77e-04 | MSE loss: 6.4908e-03 | time: 0.178
I 06.01/00:09:46 solver.py:136 ] Epoch: [132/400][260/400] lr: 1.77e-04 | MSE loss: 6.4880e-03 | time: 0.177
I 06.01/00:09:49 solver.py:136 ] Epoch: [132/400][280/400] lr: 1.77e-04 | MSE loss: 6.4690e-03 | time: 0.176
I 06.01/00:09:52 solver.py:136 ] Epoch: [132/400][300/400] lr: 1.77e-04 | MSE loss: 6.4493e-03 | time: 0.175
I 06.01/00:09:55 solver.py:136 ] Epoch: [132/400][320/400] lr: 1.77e-04 | MSE loss: 6.4682e-03 | time: 0.175
I 06.01/00:09:58 solver.py:136 ] Epoch: [132/400][340/400] lr: 1.77e-04 | MSE loss: 6.4753e-03 | time: 0.172
I 06.01/00:10:00 solver.py:136 ] Epoch: [132/400][360/400] lr: 1.77e-04 | MSE loss: 6.4696e-03 | time: 0.169
I 06.01/00:10:04 solver.py:136 ] Epoch: [132/400][380/400] lr: 1.77e-04 | MSE loss: 6.4688e-03 | time: 0.171
I 06.01/00:10:07 solver.py:136 ] Epoch: [132/400][400/400] lr: 1.77e-04 | MSE loss: 6.4659e-03 | time: 0.170
I 06.01/00:10:07 solver.py:146 ] => Train  Loss: 6.4659e-03

I 06.01/00:10:11 solver.py:205 ] 
=! Best NMSE: -1.8686e+01 (epoch=130)

I 06.01/00:10:15 solver.py:136 ] Epoch: [133/400][20/400] lr: 1.77e-04 | MSE loss: 6.5648e-03 | time: 0.169
I 06.01/00:10:18 solver.py:136 ] Epoch: [133/400][40/400] lr: 1.77e-04 | MSE loss: 6.4535e-03 | time: 0.161
I 06.01/00:10:21 solver.py:136 ] Epoch: [133/400][60/400] lr: 1.77e-04 | MSE loss: 6.5736e-03 | time: 0.167
I 06.01/00:10:24 solver.py:136 ] Epoch: [133/400][80/400] lr: 1.77e-04 | MSE loss: 6.5471e-03 | time: 0.167
I 06.01/00:10:28 solver.py:136 ] Epoch: [133/400][100/400] lr: 1.77e-04 | MSE loss: 6.5330e-03 | time: 0.166
I 06.01/00:10:31 solver.py:136 ] Epoch: [133/400][120/400] lr: 1.77e-04 | MSE loss: 6.5233e-03 | time: 0.167
I 06.01/00:10:35 solver.py:136 ] Epoch: [133/400][140/400] lr: 1.77e-04 | MSE loss: 6.5549e-03 | time: 0.168
I 06.01/00:10:38 solver.py:136 ] Epoch: [133/400][160/400] lr: 1.77e-04 | MSE loss: 6.5585e-03 | time: 0.170
I 06.01/00:10:42 solver.py:136 ] Epoch: [133/400][180/400] lr: 1.77e-04 | MSE loss: 6.5185e-03 | time: 0.170
I 06.01/00:10:45 solver.py:136 ] Epoch: [133/400][200/400] lr: 1.77e-04 | MSE loss: 6.5321e-03 | time: 0.172
I 06.01/00:10:49 solver.py:136 ] Epoch: [133/400][220/400] lr: 1.77e-04 | MSE loss: 6.5051e-03 | time: 0.171
I 06.01/00:10:52 solver.py:136 ] Epoch: [133/400][240/400] lr: 1.77e-04 | MSE loss: 6.4862e-03 | time: 0.171
I 06.01/00:10:56 solver.py:136 ] Epoch: [133/400][260/400] lr: 1.77e-04 | MSE loss: 6.5159e-03 | time: 0.171
I 06.01/00:10:59 solver.py:136 ] Epoch: [133/400][280/400] lr: 1.77e-04 | MSE loss: 6.5075e-03 | time: 0.172
I 06.01/00:11:04 solver.py:136 ] Epoch: [133/400][300/400] lr: 1.77e-04 | MSE loss: 6.5045e-03 | time: 0.176
I 06.01/00:11:07 solver.py:136 ] Epoch: [133/400][320/400] lr: 1.77e-04 | MSE loss: 6.5081e-03 | time: 0.176
I 06.01/00:11:11 solver.py:136 ] Epoch: [133/400][340/400] lr: 1.77e-04 | MSE loss: 6.4916e-03 | time: 0.176
I 06.01/00:11:14 solver.py:136 ] Epoch: [133/400][360/400] lr: 1.77e-04 | MSE loss: 6.4660e-03 | time: 0.175
I 06.01/00:11:17 solver.py:136 ] Epoch: [133/400][380/400] lr: 1.77e-04 | MSE loss: 6.4674e-03 | time: 0.173
I 06.01/00:11:19 solver.py:136 ] Epoch: [133/400][400/400] lr: 1.77e-04 | MSE loss: 6.4584e-03 | time: 0.169
I 06.01/00:11:19 solver.py:146 ] => Train  Loss: 6.4584e-03

I 06.01/00:11:23 solver.py:205 ] 
=! Best NMSE: -1.8686e+01 (epoch=130)

I 06.01/00:11:26 solver.py:136 ] Epoch: [134/400][20/400] lr: 1.77e-04 | MSE loss: 6.7242e-03 | time: 0.158
I 06.01/00:11:30 solver.py:136 ] Epoch: [134/400][40/400] lr: 1.77e-04 | MSE loss: 6.5934e-03 | time: 0.163
I 06.01/00:11:33 solver.py:136 ] Epoch: [134/400][60/400] lr: 1.77e-04 | MSE loss: 6.6403e-03 | time: 0.167
I 06.01/00:11:36 solver.py:136 ] Epoch: [134/400][80/400] lr: 1.77e-04 | MSE loss: 6.5343e-03 | time: 0.164
I 06.01/00:11:39 solver.py:136 ] Epoch: [134/400][100/400] lr: 1.77e-04 | MSE loss: 6.5160e-03 | time: 0.161
I 06.01/00:11:42 solver.py:136 ] Epoch: [134/400][120/400] lr: 1.76e-04 | MSE loss: 6.4779e-03 | time: 0.160
I 06.01/00:11:46 solver.py:136 ] Epoch: [134/400][140/400] lr: 1.76e-04 | MSE loss: 6.4616e-03 | time: 0.162
I 06.01/00:11:49 solver.py:136 ] Epoch: [134/400][160/400] lr: 1.76e-04 | MSE loss: 6.4444e-03 | time: 0.163
I 06.01/00:11:53 solver.py:136 ] Epoch: [134/400][180/400] lr: 1.76e-04 | MSE loss: 6.4596e-03 | time: 0.164
I 06.01/00:11:56 solver.py:136 ] Epoch: [134/400][200/400] lr: 1.76e-04 | MSE loss: 6.4344e-03 | time: 0.166
I 06.01/00:12:00 solver.py:136 ] Epoch: [134/400][220/400] lr: 1.76e-04 | MSE loss: 6.4365e-03 | time: 0.166
I 06.01/00:12:05 solver.py:136 ] Epoch: [134/400][240/400] lr: 1.76e-04 | MSE loss: 6.4199e-03 | time: 0.175
I 06.01/00:12:09 solver.py:136 ] Epoch: [134/400][260/400] lr: 1.76e-04 | MSE loss: 6.4063e-03 | time: 0.175
I 06.01/00:12:13 solver.py:136 ] Epoch: [134/400][280/400] lr: 1.76e-04 | MSE loss: 6.4127e-03 | time: 0.177
I 06.01/00:12:16 solver.py:136 ] Epoch: [134/400][300/400] lr: 1.76e-04 | MSE loss: 6.4192e-03 | time: 0.174
I 06.01/00:12:19 solver.py:136 ] Epoch: [134/400][320/400] lr: 1.76e-04 | MSE loss: 6.4335e-03 | time: 0.173
I 06.01/00:12:22 solver.py:136 ] Epoch: [134/400][340/400] lr: 1.76e-04 | MSE loss: 6.4242e-03 | time: 0.173
I 06.01/00:12:26 solver.py:136 ] Epoch: [134/400][360/400] lr: 1.76e-04 | MSE loss: 6.4395e-03 | time: 0.174
I 06.01/00:12:29 solver.py:136 ] Epoch: [134/400][380/400] lr: 1.76e-04 | MSE loss: 6.4459e-03 | time: 0.174
I 06.01/00:12:32 solver.py:136 ] Epoch: [134/400][400/400] lr: 1.76e-04 | MSE loss: 6.4526e-03 | time: 0.172
I 06.01/00:12:32 solver.py:146 ] => Train  Loss: 6.4526e-03

I 06.01/00:12:38 solver.py:205 ] 
=! Best NMSE: -1.8686e+01 (epoch=130)

I 06.01/00:12:42 solver.py:136 ] Epoch: [135/400][20/400] lr: 1.76e-04 | MSE loss: 6.5430e-03 | time: 0.176
I 06.01/00:12:45 solver.py:136 ] Epoch: [135/400][40/400] lr: 1.76e-04 | MSE loss: 6.3582e-03 | time: 0.174
I 06.01/00:12:49 solver.py:136 ] Epoch: [135/400][60/400] lr: 1.76e-04 | MSE loss: 6.3277e-03 | time: 0.176
I 06.01/00:12:52 solver.py:136 ] Epoch: [135/400][80/400] lr: 1.76e-04 | MSE loss: 6.3557e-03 | time: 0.171
I 06.01/00:12:55 solver.py:136 ] Epoch: [135/400][100/400] lr: 1.76e-04 | MSE loss: 6.3461e-03 | time: 0.167
I 06.01/00:12:58 solver.py:136 ] Epoch: [135/400][120/400] lr: 1.76e-04 | MSE loss: 6.3998e-03 | time: 0.167
I 06.01/00:13:02 solver.py:136 ] Epoch: [135/400][140/400] lr: 1.76e-04 | MSE loss: 6.3870e-03 | time: 0.173
I 06.01/00:13:07 solver.py:136 ] Epoch: [135/400][160/400] lr: 1.76e-04 | MSE loss: 6.4340e-03 | time: 0.181
I 06.01/00:13:10 solver.py:136 ] Epoch: [135/400][180/400] lr: 1.76e-04 | MSE loss: 6.4374e-03 | time: 0.179
I 06.01/00:13:14 solver.py:136 ] Epoch: [135/400][200/400] lr: 1.76e-04 | MSE loss: 6.4581e-03 | time: 0.179
I 06.01/00:13:17 solver.py:136 ] Epoch: [135/400][220/400] lr: 1.76e-04 | MSE loss: 6.4918e-03 | time: 0.178
I 06.01/00:13:21 solver.py:136 ] Epoch: [135/400][240/400] lr: 1.76e-04 | MSE loss: 6.4904e-03 | time: 0.178
I 06.01/00:13:24 solver.py:136 ] Epoch: [135/400][260/400] lr: 1.76e-04 | MSE loss: 6.4548e-03 | time: 0.178
I 06.01/00:13:28 solver.py:136 ] Epoch: [135/400][280/400] lr: 1.76e-04 | MSE loss: 6.4540e-03 | time: 0.177
I 06.01/00:13:31 solver.py:136 ] Epoch: [135/400][300/400] lr: 1.76e-04 | MSE loss: 6.4675e-03 | time: 0.177
I 06.01/00:13:35 solver.py:136 ] Epoch: [135/400][320/400] lr: 1.76e-04 | MSE loss: 6.4518e-03 | time: 0.177
I 06.01/00:13:38 solver.py:136 ] Epoch: [135/400][340/400] lr: 1.76e-04 | MSE loss: 6.4756e-03 | time: 0.177
I 06.01/00:13:41 solver.py:136 ] Epoch: [135/400][360/400] lr: 1.76e-04 | MSE loss: 6.4944e-03 | time: 0.176
I 06.01/00:13:44 solver.py:136 ] Epoch: [135/400][380/400] lr: 1.76e-04 | MSE loss: 6.4722e-03 | time: 0.173
I 06.01/00:13:46 solver.py:136 ] Epoch: [135/400][400/400] lr: 1.76e-04 | MSE loss: 6.4464e-03 | time: 0.171
I 06.01/00:13:46 solver.py:146 ] => Train  Loss: 6.4464e-03

I 06.01/00:13:51 solver.py:205 ] 
=! Best NMSE: -1.8686e+01 (epoch=130)

I 06.01/00:13:55 solver.py:136 ] Epoch: [136/400][20/400] lr: 1.76e-04 | MSE loss: 6.2688e-03 | time: 0.174
I 06.01/00:13:58 solver.py:136 ] Epoch: [136/400][40/400] lr: 1.76e-04 | MSE loss: 6.0624e-03 | time: 0.173
I 06.01/00:14:03 solver.py:136 ] Epoch: [136/400][60/400] lr: 1.76e-04 | MSE loss: 6.2555e-03 | time: 0.191
I 06.01/00:14:06 solver.py:136 ] Epoch: [136/400][80/400] lr: 1.76e-04 | MSE loss: 6.3101e-03 | time: 0.187
I 06.01/00:14:09 solver.py:136 ] Epoch: [136/400][100/400] lr: 1.76e-04 | MSE loss: 6.3104e-03 | time: 0.176
I 06.01/00:14:12 solver.py:136 ] Epoch: [136/400][120/400] lr: 1.76e-04 | MSE loss: 6.3354e-03 | time: 0.170
I 06.01/00:14:15 solver.py:136 ] Epoch: [136/400][140/400] lr: 1.76e-04 | MSE loss: 6.3436e-03 | time: 0.168
I 06.01/00:14:18 solver.py:136 ] Epoch: [136/400][160/400] lr: 1.75e-04 | MSE loss: 6.3536e-03 | time: 0.170
I 06.01/00:14:22 solver.py:136 ] Epoch: [136/400][180/400] lr: 1.75e-04 | MSE loss: 6.3279e-03 | time: 0.170
I 06.01/00:14:25 solver.py:136 ] Epoch: [136/400][200/400] lr: 1.75e-04 | MSE loss: 6.3480e-03 | time: 0.170
I 06.01/00:14:29 solver.py:136 ] Epoch: [136/400][220/400] lr: 1.75e-04 | MSE loss: 6.3340e-03 | time: 0.170
I 06.01/00:14:32 solver.py:136 ] Epoch: [136/400][240/400] lr: 1.75e-04 | MSE loss: 6.3338e-03 | time: 0.169
I 06.01/00:14:35 solver.py:136 ] Epoch: [136/400][260/400] lr: 1.75e-04 | MSE loss: 6.3675e-03 | time: 0.170
I 06.01/00:14:39 solver.py:136 ] Epoch: [136/400][280/400] lr: 1.75e-04 | MSE loss: 6.4079e-03 | time: 0.170
I 06.01/00:14:42 solver.py:136 ] Epoch: [136/400][300/400] lr: 1.75e-04 | MSE loss: 6.4145e-03 | time: 0.170
I 06.01/00:14:46 solver.py:136 ] Epoch: [136/400][320/400] lr: 1.75e-04 | MSE loss: 6.4297e-03 | time: 0.171
I 06.01/00:14:50 solver.py:136 ] Epoch: [136/400][340/400] lr: 1.75e-04 | MSE loss: 6.4392e-03 | time: 0.171
I 06.01/00:14:53 solver.py:136 ] Epoch: [136/400][360/400] lr: 1.75e-04 | MSE loss: 6.4315e-03 | time: 0.172
I 06.01/00:14:57 solver.py:136 ] Epoch: [136/400][380/400] lr: 1.75e-04 | MSE loss: 6.4291e-03 | time: 0.173
I 06.01/00:15:00 solver.py:136 ] Epoch: [136/400][400/400] lr: 1.75e-04 | MSE loss: 6.4408e-03 | time: 0.172
I 06.01/00:15:00 solver.py:146 ] => Train  Loss: 6.4408e-03

I 06.01/00:15:04 solver.py:205 ] 
=! Best NMSE: -1.8686e+01 (epoch=130)

I 06.01/00:15:08 solver.py:136 ] Epoch: [137/400][20/400] lr: 1.75e-04 | MSE loss: 6.5408e-03 | time: 0.156
I 06.01/00:15:11 solver.py:136 ] Epoch: [137/400][40/400] lr: 1.75e-04 | MSE loss: 6.4071e-03 | time: 0.162
I 06.01/00:15:14 solver.py:136 ] Epoch: [137/400][60/400] lr: 1.75e-04 | MSE loss: 6.4869e-03 | time: 0.166
I 06.01/00:15:17 solver.py:136 ] Epoch: [137/400][80/400] lr: 1.75e-04 | MSE loss: 6.4381e-03 | time: 0.157
I 06.01/00:15:19 solver.py:136 ] Epoch: [137/400][100/400] lr: 1.75e-04 | MSE loss: 6.5158e-03 | time: 0.150
I 06.01/00:15:21 solver.py:136 ] Epoch: [137/400][120/400] lr: 1.75e-04 | MSE loss: 6.4403e-03 | time: 0.140
I 06.01/00:15:22 solver.py:136 ] Epoch: [137/400][140/400] lr: 1.75e-04 | MSE loss: 6.4341e-03 | time: 0.129
I 06.01/00:15:24 solver.py:136 ] Epoch: [137/400][160/400] lr: 1.75e-04 | MSE loss: 6.4888e-03 | time: 0.123
I 06.01/00:15:26 solver.py:136 ] Epoch: [137/400][180/400] lr: 1.75e-04 | MSE loss: 6.4850e-03 | time: 0.119
I 06.01/00:15:30 solver.py:136 ] Epoch: [137/400][200/400] lr: 1.75e-04 | MSE loss: 6.4789e-03 | time: 0.126
I 06.01/00:15:33 solver.py:136 ] Epoch: [137/400][220/400] lr: 1.75e-04 | MSE loss: 6.4460e-03 | time: 0.130
I 06.01/00:15:36 solver.py:136 ] Epoch: [137/400][240/400] lr: 1.75e-04 | MSE loss: 6.4434e-03 | time: 0.133
I 06.01/00:15:40 solver.py:136 ] Epoch: [137/400][260/400] lr: 1.75e-04 | MSE loss: 6.4383e-03 | time: 0.136
I 06.01/00:15:43 solver.py:136 ] Epoch: [137/400][280/400] lr: 1.75e-04 | MSE loss: 6.4472e-03 | time: 0.138
I 06.01/00:15:46 solver.py:136 ] Epoch: [137/400][300/400] lr: 1.75e-04 | MSE loss: 6.4475e-03 | time: 0.140
I 06.01/00:15:50 solver.py:136 ] Epoch: [137/400][320/400] lr: 1.75e-04 | MSE loss: 6.4273e-03 | time: 0.142
I 06.01/00:15:53 solver.py:136 ] Epoch: [137/400][340/400] lr: 1.75e-04 | MSE loss: 6.4390e-03 | time: 0.144
I 06.01/00:15:57 solver.py:136 ] Epoch: [137/400][360/400] lr: 1.75e-04 | MSE loss: 6.4242e-03 | time: 0.146
I 06.01/00:16:01 solver.py:136 ] Epoch: [137/400][380/400] lr: 1.75e-04 | MSE loss: 6.4177e-03 | time: 0.149
I 06.01/00:16:06 solver.py:136 ] Epoch: [137/400][400/400] lr: 1.75e-04 | MSE loss: 6.4222e-03 | time: 0.153
I 06.01/00:16:06 solver.py:146 ] => Train  Loss: 6.4222e-03

I 06.01/00:16:13 solver.py:205 ] 
=! Best NMSE: -1.8686e+01 (epoch=130)

I 06.01/00:16:16 solver.py:136 ] Epoch: [138/400][20/400] lr: 1.75e-04 | MSE loss: 6.1624e-03 | time: 0.150
I 06.01/00:16:19 solver.py:136 ] Epoch: [138/400][40/400] lr: 1.75e-04 | MSE loss: 6.3980e-03 | time: 0.159
I 06.01/00:16:22 solver.py:136 ] Epoch: [138/400][60/400] lr: 1.75e-04 | MSE loss: 6.4463e-03 | time: 0.160
I 06.01/00:16:26 solver.py:136 ] Epoch: [138/400][80/400] lr: 1.75e-04 | MSE loss: 6.4420e-03 | time: 0.160
I 06.01/00:16:29 solver.py:136 ] Epoch: [138/400][100/400] lr: 1.75e-04 | MSE loss: 6.4216e-03 | time: 0.157
I 06.01/00:16:31 solver.py:136 ] Epoch: [138/400][120/400] lr: 1.75e-04 | MSE loss: 6.4347e-03 | time: 0.155
I 06.01/00:16:35 solver.py:136 ] Epoch: [138/400][140/400] lr: 1.75e-04 | MSE loss: 6.4882e-03 | time: 0.157
I 06.01/00:16:37 solver.py:136 ] Epoch: [138/400][160/400] lr: 1.75e-04 | MSE loss: 6.4927e-03 | time: 0.151
I 06.01/00:16:39 solver.py:136 ] Epoch: [138/400][180/400] lr: 1.74e-04 | MSE loss: 6.4619e-03 | time: 0.144
I 06.01/00:16:41 solver.py:136 ] Epoch: [138/400][200/400] lr: 1.74e-04 | MSE loss: 6.4596e-03 | time: 0.139
I 06.01/00:16:43 solver.py:136 ] Epoch: [138/400][220/400] lr: 1.74e-04 | MSE loss: 6.4637e-03 | time: 0.135
I 06.01/00:16:46 solver.py:136 ] Epoch: [138/400][240/400] lr: 1.74e-04 | MSE loss: 6.4723e-03 | time: 0.138
I 06.01/00:16:49 solver.py:136 ] Epoch: [138/400][260/400] lr: 1.74e-04 | MSE loss: 6.4693e-03 | time: 0.140
I 06.01/00:16:53 solver.py:136 ] Epoch: [138/400][280/400] lr: 1.74e-04 | MSE loss: 6.4727e-03 | time: 0.142
I 06.01/00:16:56 solver.py:136 ] Epoch: [138/400][300/400] lr: 1.74e-04 | MSE loss: 6.4544e-03 | time: 0.144
I 06.01/00:17:00 solver.py:136 ] Epoch: [138/400][320/400] lr: 1.74e-04 | MSE loss: 6.4392e-03 | time: 0.146
I 06.01/00:17:05 solver.py:136 ] Epoch: [138/400][340/400] lr: 1.74e-04 | MSE loss: 6.4343e-03 | time: 0.153
I 06.01/00:17:08 solver.py:136 ] Epoch: [138/400][360/400] lr: 1.74e-04 | MSE loss: 6.4241e-03 | time: 0.155
I 06.01/00:17:12 solver.py:136 ] Epoch: [138/400][380/400] lr: 1.74e-04 | MSE loss: 6.4275e-03 | time: 0.155
I 06.01/00:17:15 solver.py:136 ] Epoch: [138/400][400/400] lr: 1.74e-04 | MSE loss: 6.4240e-03 | time: 0.156
I 06.01/00:17:15 solver.py:146 ] => Train  Loss: 6.4240e-03

I 06.01/00:17:19 solver.py:205 ] 
=! Best NMSE: -1.8686e+01 (epoch=130)

I 06.01/00:17:22 solver.py:136 ] Epoch: [139/400][20/400] lr: 1.74e-04 | MSE loss: 6.4452e-03 | time: 0.164
I 06.01/00:17:25 solver.py:136 ] Epoch: [139/400][40/400] lr: 1.74e-04 | MSE loss: 6.3047e-03 | time: 0.149
I 06.01/00:17:27 solver.py:136 ] Epoch: [139/400][60/400] lr: 1.74e-04 | MSE loss: 6.3583e-03 | time: 0.142
I 06.01/00:17:30 solver.py:136 ] Epoch: [139/400][80/400] lr: 1.74e-04 | MSE loss: 6.3594e-03 | time: 0.140
I 06.01/00:17:33 solver.py:136 ] Epoch: [139/400][100/400] lr: 1.74e-04 | MSE loss: 6.4008e-03 | time: 0.146
I 06.01/00:17:36 solver.py:136 ] Epoch: [139/400][120/400] lr: 1.74e-04 | MSE loss: 6.3963e-03 | time: 0.145
I 06.01/00:17:39 solver.py:136 ] Epoch: [139/400][140/400] lr: 1.74e-04 | MSE loss: 6.4231e-03 | time: 0.146
I 06.01/00:17:42 solver.py:136 ] Epoch: [139/400][160/400] lr: 1.74e-04 | MSE loss: 6.4427e-03 | time: 0.147
I 06.01/00:17:46 solver.py:136 ] Epoch: [139/400][180/400] lr: 1.74e-04 | MSE loss: 6.4226e-03 | time: 0.150
I 06.01/00:17:49 solver.py:136 ] Epoch: [139/400][200/400] lr: 1.74e-04 | MSE loss: 6.4373e-03 | time: 0.151
I 06.01/00:17:52 solver.py:136 ] Epoch: [139/400][220/400] lr: 1.74e-04 | MSE loss: 6.4258e-03 | time: 0.150
I 06.01/00:17:54 solver.py:136 ] Epoch: [139/400][240/400] lr: 1.74e-04 | MSE loss: 6.4399e-03 | time: 0.146
I 06.01/00:17:56 solver.py:136 ] Epoch: [139/400][260/400] lr: 1.74e-04 | MSE loss: 6.4315e-03 | time: 0.142
I 06.01/00:17:58 solver.py:136 ] Epoch: [139/400][280/400] lr: 1.74e-04 | MSE loss: 6.4557e-03 | time: 0.140
I 06.01/00:18:02 solver.py:136 ] Epoch: [139/400][300/400] lr: 1.74e-04 | MSE loss: 6.4400e-03 | time: 0.143
I 06.01/00:18:06 solver.py:136 ] Epoch: [139/400][320/400] lr: 1.74e-04 | MSE loss: 6.4126e-03 | time: 0.148
I 06.01/00:18:10 solver.py:136 ] Epoch: [139/400][340/400] lr: 1.74e-04 | MSE loss: 6.4348e-03 | time: 0.150
I 06.01/00:18:13 solver.py:136 ] Epoch: [139/400][360/400] lr: 1.74e-04 | MSE loss: 6.4280e-03 | time: 0.152
I 06.01/00:18:17 solver.py:136 ] Epoch: [139/400][380/400] lr: 1.74e-04 | MSE loss: 6.4071e-03 | time: 0.153
I 06.01/00:18:20 solver.py:136 ] Epoch: [139/400][400/400] lr: 1.74e-04 | MSE loss: 6.4084e-03 | time: 0.154
I 06.01/00:18:20 solver.py:146 ] => Train  Loss: 6.4084e-03

I 06.01/00:18:25 solver.py:205 ] 
=! Best NMSE: -1.8686e+01 (epoch=130)

I 06.01/00:18:29 solver.py:136 ] Epoch: [140/400][20/400] lr: 1.74e-04 | MSE loss: 6.2993e-03 | time: 0.183
I 06.01/00:18:32 solver.py:136 ] Epoch: [140/400][40/400] lr: 1.74e-04 | MSE loss: 6.3633e-03 | time: 0.171
I 06.01/00:18:35 solver.py:136 ] Epoch: [140/400][60/400] lr: 1.74e-04 | MSE loss: 6.4064e-03 | time: 0.162
I 06.01/00:18:38 solver.py:136 ] Epoch: [140/400][80/400] lr: 1.74e-04 | MSE loss: 6.4239e-03 | time: 0.159
I 06.01/00:18:41 solver.py:136 ] Epoch: [140/400][100/400] lr: 1.74e-04 | MSE loss: 6.4795e-03 | time: 0.157
I 06.01/00:18:44 solver.py:136 ] Epoch: [140/400][120/400] lr: 1.74e-04 | MSE loss: 6.4570e-03 | time: 0.154
I 06.01/00:18:47 solver.py:136 ] Epoch: [140/400][140/400] lr: 1.74e-04 | MSE loss: 6.4126e-03 | time: 0.153
I 06.01/00:18:50 solver.py:136 ] Epoch: [140/400][160/400] lr: 1.74e-04 | MSE loss: 6.4232e-03 | time: 0.154
I 06.01/00:18:53 solver.py:136 ] Epoch: [140/400][180/400] lr: 1.73e-04 | MSE loss: 6.4604e-03 | time: 0.156
I 06.01/00:18:57 solver.py:136 ] Epoch: [140/400][200/400] lr: 1.73e-04 | MSE loss: 6.4769e-03 | time: 0.158
I 06.01/00:19:00 solver.py:136 ] Epoch: [140/400][220/400] lr: 1.73e-04 | MSE loss: 6.4515e-03 | time: 0.160
I 06.01/00:19:05 solver.py:136 ] Epoch: [140/400][240/400] lr: 1.73e-04 | MSE loss: 6.4499e-03 | time: 0.168
I 06.01/00:19:08 solver.py:136 ] Epoch: [140/400][260/400] lr: 1.73e-04 | MSE loss: 6.4467e-03 | time: 0.167
I 06.01/00:19:11 solver.py:136 ] Epoch: [140/400][280/400] lr: 1.73e-04 | MSE loss: 6.4469e-03 | time: 0.166
I 06.01/00:19:14 solver.py:136 ] Epoch: [140/400][300/400] lr: 1.73e-04 | MSE loss: 6.4304e-03 | time: 0.162
I 06.01/00:19:17 solver.py:136 ] Epoch: [140/400][320/400] lr: 1.73e-04 | MSE loss: 6.4335e-03 | time: 0.162
I 06.01/00:19:21 solver.py:136 ] Epoch: [140/400][340/400] lr: 1.73e-04 | MSE loss: 6.4284e-03 | time: 0.163
I 06.01/00:19:24 solver.py:136 ] Epoch: [140/400][360/400] lr: 1.73e-04 | MSE loss: 6.4124e-03 | time: 0.164
I 06.01/00:19:27 solver.py:136 ] Epoch: [140/400][380/400] lr: 1.73e-04 | MSE loss: 6.4008e-03 | time: 0.164
I 06.01/00:19:31 solver.py:136 ] Epoch: [140/400][400/400] lr: 1.73e-04 | MSE loss: 6.3978e-03 | time: 0.165
I 06.01/00:19:31 solver.py:146 ] => Train  Loss: 6.3978e-03

I 06.01/00:19:35 solver.py:136 ] Epoch: [140/400][20/50] lr: 1.73e-04 | MSE loss: 6.9071e-03 | time: 0.165
I 06.01/00:19:38 solver.py:136 ] Epoch: [140/400][40/50] lr: 1.73e-04 | MSE loss: 6.7234e-03 | time: 0.163
I 06.01/00:19:39 solver.py:146 ] => Val  Loss: 6.6851e-03

I 06.01/00:19:43 solver.py:287 ] [20/50] loss: 6.8051e-03 | NMSE: -1.8719e+01 | time: 0.172
I 06.01/00:19:46 solver.py:287 ] [40/50] loss: 6.7804e-03 | NMSE: -1.8722e+01 | time: 0.164
I 06.01/00:19:47 solver.py:291 ] => Test NMSE: -1.8756e+01

I 06.01/00:19:58 solver.py:205 ] 
=! Best NMSE: -1.8756e+01 (epoch=140)

I 06.01/00:20:04 solver.py:136 ] Epoch: [141/400][20/400] lr: 1.73e-04 | MSE loss: 6.5315e-03 | time: 0.272
I 06.01/00:20:07 solver.py:136 ] Epoch: [141/400][40/400] lr: 1.73e-04 | MSE loss: 6.3178e-03 | time: 0.233
I 06.01/00:20:11 solver.py:136 ] Epoch: [141/400][60/400] lr: 1.73e-04 | MSE loss: 6.3092e-03 | time: 0.210
I 06.01/00:20:14 solver.py:136 ] Epoch: [141/400][80/400] lr: 1.73e-04 | MSE loss: 6.2244e-03 | time: 0.196
I 06.01/00:20:17 solver.py:136 ] Epoch: [141/400][100/400] lr: 1.73e-04 | MSE loss: 6.2154e-03 | time: 0.187
I 06.01/00:20:20 solver.py:136 ] Epoch: [141/400][120/400] lr: 1.73e-04 | MSE loss: 6.3306e-03 | time: 0.183
I 06.01/00:20:23 solver.py:136 ] Epoch: [141/400][140/400] lr: 1.73e-04 | MSE loss: 6.3319e-03 | time: 0.180
I 06.01/00:20:26 solver.py:136 ] Epoch: [141/400][160/400] lr: 1.73e-04 | MSE loss: 6.3365e-03 | time: 0.173
I 06.01/00:20:29 solver.py:136 ] Epoch: [141/400][180/400] lr: 1.73e-04 | MSE loss: 6.3322e-03 | time: 0.172
I 06.01/00:20:33 solver.py:136 ] Epoch: [141/400][200/400] lr: 1.73e-04 | MSE loss: 6.3557e-03 | time: 0.172
I 06.01/00:20:36 solver.py:136 ] Epoch: [141/400][220/400] lr: 1.73e-04 | MSE loss: 6.3635e-03 | time: 0.173
I 06.01/00:20:40 solver.py:136 ] Epoch: [141/400][240/400] lr: 1.73e-04 | MSE loss: 6.3600e-03 | time: 0.174
I 06.01/00:20:43 solver.py:136 ] Epoch: [141/400][260/400] lr: 1.73e-04 | MSE loss: 6.3629e-03 | time: 0.174
I 06.01/00:20:47 solver.py:136 ] Epoch: [141/400][280/400] lr: 1.73e-04 | MSE loss: 6.3728e-03 | time: 0.173
I 06.01/00:20:50 solver.py:136 ] Epoch: [141/400][300/400] lr: 1.73e-04 | MSE loss: 6.3911e-03 | time: 0.173
I 06.01/00:20:54 solver.py:136 ] Epoch: [141/400][320/400] lr: 1.73e-04 | MSE loss: 6.3865e-03 | time: 0.174
I 06.01/00:20:57 solver.py:136 ] Epoch: [141/400][340/400] lr: 1.73e-04 | MSE loss: 6.3698e-03 | time: 0.173
I 06.01/00:21:00 solver.py:136 ] Epoch: [141/400][360/400] lr: 1.73e-04 | MSE loss: 6.3867e-03 | time: 0.171
I 06.01/00:21:05 solver.py:136 ] Epoch: [141/400][380/400] lr: 1.73e-04 | MSE loss: 6.3673e-03 | time: 0.175
I 06.01/00:21:08 solver.py:136 ] Epoch: [141/400][400/400] lr: 1.73e-04 | MSE loss: 6.3727e-03 | time: 0.175
I 06.01/00:21:08 solver.py:146 ] => Train  Loss: 6.3727e-03

I 06.01/00:21:13 solver.py:205 ] 
=! Best NMSE: -1.8756e+01 (epoch=140)

I 06.01/00:21:17 solver.py:136 ] Epoch: [142/400][20/400] lr: 1.73e-04 | MSE loss: 6.7081e-03 | time: 0.184
I 06.01/00:21:21 solver.py:136 ] Epoch: [142/400][40/400] lr: 1.73e-04 | MSE loss: 6.6746e-03 | time: 0.186
I 06.01/00:21:24 solver.py:136 ] Epoch: [142/400][60/400] lr: 1.73e-04 | MSE loss: 6.4620e-03 | time: 0.184
I 06.01/00:21:28 solver.py:136 ] Epoch: [142/400][80/400] lr: 1.73e-04 | MSE loss: 6.3901e-03 | time: 0.180
I 06.01/00:21:30 solver.py:136 ] Epoch: [142/400][100/400] lr: 1.73e-04 | MSE loss: 6.3645e-03 | time: 0.170
I 06.01/00:21:32 solver.py:136 ] Epoch: [142/400][120/400] lr: 1.73e-04 | MSE loss: 6.3671e-03 | time: 0.160
I 06.01/00:21:35 solver.py:136 ] Epoch: [142/400][140/400] lr: 1.73e-04 | MSE loss: 6.3729e-03 | time: 0.153
I 06.01/00:21:37 solver.py:136 ] Epoch: [142/400][160/400] lr: 1.73e-04 | MSE loss: 6.3384e-03 | time: 0.148
I 06.01/00:21:39 solver.py:136 ] Epoch: [142/400][180/400] lr: 1.72e-04 | MSE loss: 6.3329e-03 | time: 0.144
I 06.01/00:21:41 solver.py:136 ] Epoch: [142/400][200/400] lr: 1.72e-04 | MSE loss: 6.3476e-03 | time: 0.141
I 06.01/00:21:45 solver.py:136 ] Epoch: [142/400][220/400] lr: 1.72e-04 | MSE loss: 6.3695e-03 | time: 0.145
I 06.01/00:21:49 solver.py:136 ] Epoch: [142/400][240/400] lr: 1.72e-04 | MSE loss: 6.3809e-03 | time: 0.149
I 06.01/00:21:53 solver.py:136 ] Epoch: [142/400][260/400] lr: 1.72e-04 | MSE loss: 6.3891e-03 | time: 0.152
I 06.01/00:21:56 solver.py:136 ] Epoch: [142/400][280/400] lr: 1.72e-04 | MSE loss: 6.3878e-03 | time: 0.153
I 06.01/00:22:00 solver.py:136 ] Epoch: [142/400][300/400] lr: 1.72e-04 | MSE loss: 6.3919e-03 | time: 0.155
I 06.01/00:22:06 solver.py:136 ] Epoch: [142/400][320/400] lr: 1.72e-04 | MSE loss: 6.3992e-03 | time: 0.163
I 06.01/00:22:09 solver.py:136 ] Epoch: [142/400][340/400] lr: 1.72e-04 | MSE loss: 6.3812e-03 | time: 0.164
I 06.01/00:22:12 solver.py:136 ] Epoch: [142/400][360/400] lr: 1.72e-04 | MSE loss: 6.3886e-03 | time: 0.163
I 06.01/00:22:15 solver.py:136 ] Epoch: [142/400][380/400] lr: 1.72e-04 | MSE loss: 6.3870e-03 | time: 0.163
I 06.01/00:22:19 solver.py:136 ] Epoch: [142/400][400/400] lr: 1.72e-04 | MSE loss: 6.3788e-03 | time: 0.163
I 06.01/00:22:19 solver.py:146 ] => Train  Loss: 6.3788e-03

I 06.01/00:22:25 solver.py:205 ] 
=! Best NMSE: -1.8756e+01 (epoch=140)

I 06.01/00:22:29 solver.py:136 ] Epoch: [143/400][20/400] lr: 1.72e-04 | MSE loss: 6.2276e-03 | time: 0.195
I 06.01/00:22:32 solver.py:136 ] Epoch: [143/400][40/400] lr: 1.72e-04 | MSE loss: 6.1995e-03 | time: 0.187
I 06.01/00:22:36 solver.py:136 ] Epoch: [143/400][60/400] lr: 1.72e-04 | MSE loss: 6.2984e-03 | time: 0.184
I 06.01/00:22:40 solver.py:136 ] Epoch: [143/400][80/400] lr: 1.72e-04 | MSE loss: 6.2655e-03 | time: 0.187
I 06.01/00:22:43 solver.py:136 ] Epoch: [143/400][100/400] lr: 1.72e-04 | MSE loss: 6.2303e-03 | time: 0.186
I 06.01/00:22:47 solver.py:136 ] Epoch: [143/400][120/400] lr: 1.72e-04 | MSE loss: 6.2728e-03 | time: 0.183
I 06.01/00:22:49 solver.py:136 ] Epoch: [143/400][140/400] lr: 1.72e-04 | MSE loss: 6.3119e-03 | time: 0.176
I 06.01/00:22:52 solver.py:136 ] Epoch: [143/400][160/400] lr: 1.72e-04 | MSE loss: 6.3379e-03 | time: 0.172
I 06.01/00:22:56 solver.py:136 ] Epoch: [143/400][180/400] lr: 1.72e-04 | MSE loss: 6.3419e-03 | time: 0.171
I 06.01/00:22:58 solver.py:136 ] Epoch: [143/400][200/400] lr: 1.72e-04 | MSE loss: 6.3329e-03 | time: 0.166
I 06.01/00:23:01 solver.py:136 ] Epoch: [143/400][220/400] lr: 1.72e-04 | MSE loss: 6.3340e-03 | time: 0.163
I 06.01/00:23:06 solver.py:136 ] Epoch: [143/400][240/400] lr: 1.72e-04 | MSE loss: 6.3640e-03 | time: 0.171
I 06.01/00:23:10 solver.py:136 ] Epoch: [143/400][260/400] lr: 1.72e-04 | MSE loss: 6.3583e-03 | time: 0.172
I 06.01/00:23:13 solver.py:136 ] Epoch: [143/400][280/400] lr: 1.72e-04 | MSE loss: 6.3606e-03 | time: 0.173
I 06.01/00:23:17 solver.py:136 ] Epoch: [143/400][300/400] lr: 1.72e-04 | MSE loss: 6.3973e-03 | time: 0.173
I 06.01/00:23:20 solver.py:136 ] Epoch: [143/400][320/400] lr: 1.72e-04 | MSE loss: 6.3974e-03 | time: 0.173
I 06.01/00:23:24 solver.py:136 ] Epoch: [143/400][340/400] lr: 1.72e-04 | MSE loss: 6.4137e-03 | time: 0.173
I 06.01/00:23:27 solver.py:136 ] Epoch: [143/400][360/400] lr: 1.72e-04 | MSE loss: 6.3784e-03 | time: 0.174
I 06.01/00:23:30 solver.py:136 ] Epoch: [143/400][380/400] lr: 1.72e-04 | MSE loss: 6.3781e-03 | time: 0.173
I 06.01/00:23:34 solver.py:136 ] Epoch: [143/400][400/400] lr: 1.72e-04 | MSE loss: 6.3593e-03 | time: 0.173
I 06.01/00:23:34 solver.py:146 ] => Train  Loss: 6.3593e-03

I 06.01/00:23:39 solver.py:205 ] 
=! Best NMSE: -1.8756e+01 (epoch=140)

I 06.01/00:23:42 solver.py:136 ] Epoch: [144/400][20/400] lr: 1.72e-04 | MSE loss: 6.3303e-03 | time: 0.175
I 06.01/00:23:46 solver.py:136 ] Epoch: [144/400][40/400] lr: 1.72e-04 | MSE loss: 6.4998e-03 | time: 0.172
I 06.01/00:23:49 solver.py:136 ] Epoch: [144/400][60/400] lr: 1.72e-04 | MSE loss: 6.4439e-03 | time: 0.170
I 06.01/00:23:52 solver.py:136 ] Epoch: [144/400][80/400] lr: 1.72e-04 | MSE loss: 6.4697e-03 | time: 0.173
I 06.01/00:23:56 solver.py:136 ] Epoch: [144/400][100/400] lr: 1.72e-04 | MSE loss: 6.4719e-03 | time: 0.173
I 06.01/00:24:00 solver.py:136 ] Epoch: [144/400][120/400] lr: 1.72e-04 | MSE loss: 6.4659e-03 | time: 0.174
I 06.01/00:24:05 solver.py:136 ] Epoch: [144/400][140/400] lr: 1.72e-04 | MSE loss: 6.4341e-03 | time: 0.186
I 06.01/00:24:08 solver.py:136 ] Epoch: [144/400][160/400] lr: 1.71e-04 | MSE loss: 6.4374e-03 | time: 0.183
I 06.01/00:24:11 solver.py:136 ] Epoch: [144/400][180/400] lr: 1.71e-04 | MSE loss: 6.4232e-03 | time: 0.182
I 06.01/00:24:15 solver.py:136 ] Epoch: [144/400][200/400] lr: 1.71e-04 | MSE loss: 6.4062e-03 | time: 0.180
I 06.01/00:24:17 solver.py:136 ] Epoch: [144/400][220/400] lr: 1.71e-04 | MSE loss: 6.3981e-03 | time: 0.175
I 06.01/00:24:20 solver.py:136 ] Epoch: [144/400][240/400] lr: 1.71e-04 | MSE loss: 6.3697e-03 | time: 0.171
I 06.01/00:24:23 solver.py:136 ] Epoch: [144/400][260/400] lr: 1.71e-04 | MSE loss: 6.3868e-03 | time: 0.170
I 06.01/00:24:26 solver.py:136 ] Epoch: [144/400][280/400] lr: 1.71e-04 | MSE loss: 6.3771e-03 | time: 0.171
I 06.01/00:24:30 solver.py:136 ] Epoch: [144/400][300/400] lr: 1.71e-04 | MSE loss: 6.3964e-03 | time: 0.170
I 06.01/00:24:33 solver.py:136 ] Epoch: [144/400][320/400] lr: 1.71e-04 | MSE loss: 6.3629e-03 | time: 0.170
I 06.01/00:24:36 solver.py:136 ] Epoch: [144/400][340/400] lr: 1.71e-04 | MSE loss: 6.3548e-03 | time: 0.170
I 06.01/00:24:39 solver.py:136 ] Epoch: [144/400][360/400] lr: 1.71e-04 | MSE loss: 6.3527e-03 | time: 0.168
I 06.01/00:24:41 solver.py:136 ] Epoch: [144/400][380/400] lr: 1.71e-04 | MSE loss: 6.3486e-03 | time: 0.165
I 06.01/00:24:44 solver.py:136 ] Epoch: [144/400][400/400] lr: 1.71e-04 | MSE loss: 6.3554e-03 | time: 0.164
I 06.01/00:24:44 solver.py:146 ] => Train  Loss: 6.3554e-03

I 06.01/00:24:50 solver.py:205 ] 
=! Best NMSE: -1.8756e+01 (epoch=140)

I 06.01/00:24:54 solver.py:136 ] Epoch: [145/400][20/400] lr: 1.71e-04 | MSE loss: 6.1294e-03 | time: 0.204
I 06.01/00:24:58 solver.py:136 ] Epoch: [145/400][40/400] lr: 1.71e-04 | MSE loss: 6.0944e-03 | time: 0.196
I 06.01/00:25:02 solver.py:136 ] Epoch: [145/400][60/400] lr: 1.71e-04 | MSE loss: 6.2683e-03 | time: 0.201
I 06.01/00:25:07 solver.py:136 ] Epoch: [145/400][80/400] lr: 1.71e-04 | MSE loss: 6.3422e-03 | time: 0.205
I 06.01/00:25:10 solver.py:136 ] Epoch: [145/400][100/400] lr: 1.71e-04 | MSE loss: 6.3839e-03 | time: 0.200
I 06.01/00:25:14 solver.py:136 ] Epoch: [145/400][120/400] lr: 1.71e-04 | MSE loss: 6.3946e-03 | time: 0.196
I 06.01/00:25:17 solver.py:136 ] Epoch: [145/400][140/400] lr: 1.71e-04 | MSE loss: 6.4110e-03 | time: 0.192
I 06.01/00:25:20 solver.py:136 ] Epoch: [145/400][160/400] lr: 1.71e-04 | MSE loss: 6.3888e-03 | time: 0.188
I 06.01/00:25:24 solver.py:136 ] Epoch: [145/400][180/400] lr: 1.71e-04 | MSE loss: 6.3563e-03 | time: 0.185
I 06.01/00:25:27 solver.py:136 ] Epoch: [145/400][200/400] lr: 1.71e-04 | MSE loss: 6.3700e-03 | time: 0.181
I 06.01/00:25:30 solver.py:136 ] Epoch: [145/400][220/400] lr: 1.71e-04 | MSE loss: 6.3711e-03 | time: 0.179
I 06.01/00:25:33 solver.py:136 ] Epoch: [145/400][240/400] lr: 1.71e-04 | MSE loss: 6.4218e-03 | time: 0.177
I 06.01/00:25:35 solver.py:136 ] Epoch: [145/400][260/400] lr: 1.71e-04 | MSE loss: 6.4460e-03 | time: 0.174
I 06.01/00:25:38 solver.py:136 ] Epoch: [145/400][280/400] lr: 1.71e-04 | MSE loss: 6.4508e-03 | time: 0.172
I 06.01/00:25:42 solver.py:136 ] Epoch: [145/400][300/400] lr: 1.71e-04 | MSE loss: 6.4597e-03 | time: 0.172
I 06.01/00:25:45 solver.py:136 ] Epoch: [145/400][320/400] lr: 1.71e-04 | MSE loss: 6.4703e-03 | time: 0.171
I 06.01/00:25:48 solver.py:136 ] Epoch: [145/400][340/400] lr: 1.71e-04 | MSE loss: 6.4627e-03 | time: 0.170
I 06.01/00:25:51 solver.py:136 ] Epoch: [145/400][360/400] lr: 1.71e-04 | MSE loss: 6.4524e-03 | time: 0.169
I 06.01/00:25:54 solver.py:136 ] Epoch: [145/400][380/400] lr: 1.71e-04 | MSE loss: 6.4245e-03 | time: 0.169
I 06.01/00:25:58 solver.py:136 ] Epoch: [145/400][400/400] lr: 1.71e-04 | MSE loss: 6.4320e-03 | time: 0.169
I 06.01/00:25:58 solver.py:146 ] => Train  Loss: 6.4320e-03

I 06.01/00:26:02 solver.py:205 ] 
=! Best NMSE: -1.8756e+01 (epoch=140)

I 06.01/00:26:07 solver.py:136 ] Epoch: [146/400][20/400] lr: 1.71e-04 | MSE loss: 6.0377e-03 | time: 0.238
I 06.01/00:26:10 solver.py:136 ] Epoch: [146/400][40/400] lr: 1.71e-04 | MSE loss: 6.0247e-03 | time: 0.199
I 06.01/00:26:13 solver.py:136 ] Epoch: [146/400][60/400] lr: 1.71e-04 | MSE loss: 6.1401e-03 | time: 0.183
I 06.01/00:26:16 solver.py:136 ] Epoch: [146/400][80/400] lr: 1.71e-04 | MSE loss: 6.2030e-03 | time: 0.180
I 06.01/00:26:20 solver.py:136 ] Epoch: [146/400][100/400] lr: 1.71e-04 | MSE loss: 6.3308e-03 | time: 0.179
I 06.01/00:26:24 solver.py:136 ] Epoch: [146/400][120/400] lr: 1.71e-04 | MSE loss: 6.2831e-03 | time: 0.180
I 06.01/00:26:27 solver.py:136 ] Epoch: [146/400][140/400] lr: 1.70e-04 | MSE loss: 6.3196e-03 | time: 0.179
I 06.01/00:26:30 solver.py:136 ] Epoch: [146/400][160/400] lr: 1.70e-04 | MSE loss: 6.3470e-03 | time: 0.177
I 06.01/00:26:34 solver.py:136 ] Epoch: [146/400][180/400] lr: 1.70e-04 | MSE loss: 6.3676e-03 | time: 0.175
I 06.01/00:26:36 solver.py:136 ] Epoch: [146/400][200/400] lr: 1.70e-04 | MSE loss: 6.4204e-03 | time: 0.172
I 06.01/00:26:40 solver.py:136 ] Epoch: [146/400][220/400] lr: 1.70e-04 | MSE loss: 6.4612e-03 | time: 0.170
I 06.01/00:26:43 solver.py:136 ] Epoch: [146/400][240/400] lr: 1.70e-04 | MSE loss: 6.4658e-03 | time: 0.170
I 06.01/00:26:46 solver.py:136 ] Epoch: [146/400][260/400] lr: 1.70e-04 | MSE loss: 6.5044e-03 | time: 0.169
I 06.01/00:26:49 solver.py:136 ] Epoch: [146/400][280/400] lr: 1.70e-04 | MSE loss: 6.5048e-03 | time: 0.168
I 06.01/00:26:52 solver.py:136 ] Epoch: [146/400][300/400] lr: 1.70e-04 | MSE loss: 6.5037e-03 | time: 0.166
I 06.01/00:26:55 solver.py:136 ] Epoch: [146/400][320/400] lr: 1.70e-04 | MSE loss: 6.5013e-03 | time: 0.167
I 06.01/00:26:59 solver.py:136 ] Epoch: [146/400][340/400] lr: 1.70e-04 | MSE loss: 6.4923e-03 | time: 0.167
I 06.01/00:27:04 solver.py:136 ] Epoch: [146/400][360/400] lr: 1.70e-04 | MSE loss: 6.4717e-03 | time: 0.173
I 06.01/00:27:07 solver.py:136 ] Epoch: [146/400][380/400] lr: 1.70e-04 | MSE loss: 6.4781e-03 | time: 0.172
I 06.01/00:27:10 solver.py:136 ] Epoch: [146/400][400/400] lr: 1.70e-04 | MSE loss: 6.4748e-03 | time: 0.170
I 06.01/00:27:10 solver.py:146 ] => Train  Loss: 6.4748e-03

I 06.01/00:27:14 solver.py:205 ] 
=! Best NMSE: -1.8756e+01 (epoch=140)

I 06.01/00:27:17 solver.py:136 ] Epoch: [147/400][20/400] lr: 1.70e-04 | MSE loss: 6.3258e-03 | time: 0.157
I 06.01/00:27:20 solver.py:136 ] Epoch: [147/400][40/400] lr: 1.70e-04 | MSE loss: 6.5421e-03 | time: 0.151
I 06.01/00:27:24 solver.py:136 ] Epoch: [147/400][60/400] lr: 1.70e-04 | MSE loss: 6.3978e-03 | time: 0.155
I 06.01/00:27:27 solver.py:136 ] Epoch: [147/400][80/400] lr: 1.70e-04 | MSE loss: 6.3996e-03 | time: 0.159
I 06.01/00:27:31 solver.py:136 ] Epoch: [147/400][100/400] lr: 1.70e-04 | MSE loss: 6.3550e-03 | time: 0.162
I 06.01/00:27:34 solver.py:136 ] Epoch: [147/400][120/400] lr: 1.70e-04 | MSE loss: 6.3324e-03 | time: 0.162
I 06.01/00:27:37 solver.py:136 ] Epoch: [147/400][140/400] lr: 1.70e-04 | MSE loss: 6.2858e-03 | time: 0.163
I 06.01/00:27:41 solver.py:136 ] Epoch: [147/400][160/400] lr: 1.70e-04 | MSE loss: 6.2842e-03 | time: 0.165
I 06.01/00:27:44 solver.py:136 ] Epoch: [147/400][180/400] lr: 1.70e-04 | MSE loss: 6.3373e-03 | time: 0.165
I 06.01/00:27:48 solver.py:136 ] Epoch: [147/400][200/400] lr: 1.70e-04 | MSE loss: 6.3675e-03 | time: 0.166
I 06.01/00:27:51 solver.py:136 ] Epoch: [147/400][220/400] lr: 1.70e-04 | MSE loss: 6.3334e-03 | time: 0.166
I 06.01/00:27:53 solver.py:136 ] Epoch: [147/400][240/400] lr: 1.70e-04 | MSE loss: 6.3412e-03 | time: 0.163
I 06.01/00:27:56 solver.py:136 ] Epoch: [147/400][260/400] lr: 1.70e-04 | MSE loss: 6.3470e-03 | time: 0.162
I 06.01/00:27:59 solver.py:136 ] Epoch: [147/400][280/400] lr: 1.70e-04 | MSE loss: 6.3447e-03 | time: 0.161
I 06.01/00:28:04 solver.py:136 ] Epoch: [147/400][300/400] lr: 1.70e-04 | MSE loss: 6.3229e-03 | time: 0.167
I 06.01/00:28:08 solver.py:136 ] Epoch: [147/400][320/400] lr: 1.70e-04 | MSE loss: 6.3330e-03 | time: 0.167
I 06.01/00:28:11 solver.py:136 ] Epoch: [147/400][340/400] lr: 1.70e-04 | MSE loss: 6.3309e-03 | time: 0.168
I 06.01/00:28:15 solver.py:136 ] Epoch: [147/400][360/400] lr: 1.70e-04 | MSE loss: 6.3267e-03 | time: 0.168
I 06.01/00:28:18 solver.py:136 ] Epoch: [147/400][380/400] lr: 1.70e-04 | MSE loss: 6.3320e-03 | time: 0.168
I 06.01/00:28:21 solver.py:136 ] Epoch: [147/400][400/400] lr: 1.70e-04 | MSE loss: 6.3247e-03 | time: 0.167
I 06.01/00:28:21 solver.py:146 ] => Train  Loss: 6.3247e-03

I 06.01/00:28:25 solver.py:205 ] 
=! Best NMSE: -1.8756e+01 (epoch=140)

I 06.01/00:28:27 solver.py:136 ] Epoch: [148/400][20/400] lr: 1.70e-04 | MSE loss: 6.0821e-03 | time: 0.093
I 06.01/00:28:30 solver.py:136 ] Epoch: [148/400][40/400] lr: 1.70e-04 | MSE loss: 6.2736e-03 | time: 0.111
I 06.01/00:28:33 solver.py:136 ] Epoch: [148/400][60/400] lr: 1.70e-04 | MSE loss: 6.2984e-03 | time: 0.127
I 06.01/00:28:36 solver.py:136 ] Epoch: [148/400][80/400] lr: 1.70e-04 | MSE loss: 6.3624e-03 | time: 0.135
I 06.01/00:28:39 solver.py:136 ] Epoch: [148/400][100/400] lr: 1.69e-04 | MSE loss: 6.3693e-03 | time: 0.143
I 06.01/00:28:43 solver.py:136 ] Epoch: [148/400][120/400] lr: 1.69e-04 | MSE loss: 6.3762e-03 | time: 0.145
I 06.01/00:28:46 solver.py:136 ] Epoch: [148/400][140/400] lr: 1.69e-04 | MSE loss: 6.4157e-03 | time: 0.147
I 06.01/00:28:49 solver.py:136 ] Epoch: [148/400][160/400] lr: 1.69e-04 | MSE loss: 6.4403e-03 | time: 0.152
I 06.01/00:28:53 solver.py:136 ] Epoch: [148/400][180/400] lr: 1.69e-04 | MSE loss: 6.4057e-03 | time: 0.156
I 06.01/00:28:56 solver.py:136 ] Epoch: [148/400][200/400] lr: 1.69e-04 | MSE loss: 6.3906e-03 | time: 0.157
I 06.01/00:29:00 solver.py:136 ] Epoch: [148/400][220/400] lr: 1.69e-04 | MSE loss: 6.3561e-03 | time: 0.159
I 06.01/00:29:05 solver.py:136 ] Epoch: [148/400][240/400] lr: 1.69e-04 | MSE loss: 6.3545e-03 | time: 0.167
I 06.01/00:29:08 solver.py:136 ] Epoch: [148/400][260/400] lr: 1.69e-04 | MSE loss: 6.3882e-03 | time: 0.165
I 06.01/00:29:11 solver.py:136 ] Epoch: [148/400][280/400] lr: 1.69e-04 | MSE loss: 6.3812e-03 | time: 0.165
I 06.01/00:29:14 solver.py:136 ] Epoch: [148/400][300/400] lr: 1.69e-04 | MSE loss: 6.3790e-03 | time: 0.164
I 06.01/00:29:18 solver.py:136 ] Epoch: [148/400][320/400] lr: 1.69e-04 | MSE loss: 6.3838e-03 | time: 0.165
I 06.01/00:29:21 solver.py:136 ] Epoch: [148/400][340/400] lr: 1.69e-04 | MSE loss: 6.3595e-03 | time: 0.165
I 06.01/00:29:25 solver.py:136 ] Epoch: [148/400][360/400] lr: 1.69e-04 | MSE loss: 6.3345e-03 | time: 0.165
I 06.01/00:29:28 solver.py:136 ] Epoch: [148/400][380/400] lr: 1.69e-04 | MSE loss: 6.3260e-03 | time: 0.166
I 06.01/00:29:32 solver.py:136 ] Epoch: [148/400][400/400] lr: 1.69e-04 | MSE loss: 6.3077e-03 | time: 0.167
I 06.01/00:29:32 solver.py:146 ] => Train  Loss: 6.3077e-03

I 06.01/00:29:37 solver.py:205 ] 
=! Best NMSE: -1.8756e+01 (epoch=140)

I 06.01/00:29:40 solver.py:136 ] Epoch: [149/400][20/400] lr: 1.69e-04 | MSE loss: 6.3378e-03 | time: 0.109
I 06.01/00:29:42 solver.py:136 ] Epoch: [149/400][40/400] lr: 1.69e-04 | MSE loss: 6.1556e-03 | time: 0.113
I 06.01/00:29:45 solver.py:136 ] Epoch: [149/400][60/400] lr: 1.69e-04 | MSE loss: 6.1745e-03 | time: 0.124
I 06.01/00:29:48 solver.py:136 ] Epoch: [149/400][80/400] lr: 1.69e-04 | MSE loss: 6.1784e-03 | time: 0.133
I 06.01/00:29:52 solver.py:136 ] Epoch: [149/400][100/400] lr: 1.69e-04 | MSE loss: 6.1835e-03 | time: 0.144
I 06.01/00:29:55 solver.py:136 ] Epoch: [149/400][120/400] lr: 1.69e-04 | MSE loss: 6.2077e-03 | time: 0.149
I 06.01/00:29:59 solver.py:136 ] Epoch: [149/400][140/400] lr: 1.69e-04 | MSE loss: 6.2502e-03 | time: 0.153
I 06.01/00:30:04 solver.py:136 ] Epoch: [149/400][160/400] lr: 1.69e-04 | MSE loss: 6.2731e-03 | time: 0.165
I 06.01/00:30:08 solver.py:136 ] Epoch: [149/400][180/400] lr: 1.69e-04 | MSE loss: 6.2544e-03 | time: 0.168
I 06.01/00:30:11 solver.py:136 ] Epoch: [149/400][200/400] lr: 1.69e-04 | MSE loss: 6.2669e-03 | time: 0.168
I 06.01/00:30:14 solver.py:136 ] Epoch: [149/400][220/400] lr: 1.69e-04 | MSE loss: 6.2487e-03 | time: 0.168
I 06.01/00:30:18 solver.py:136 ] Epoch: [149/400][240/400] lr: 1.69e-04 | MSE loss: 6.2545e-03 | time: 0.169
I 06.01/00:30:21 solver.py:136 ] Epoch: [149/400][260/400] lr: 1.69e-04 | MSE loss: 6.2522e-03 | time: 0.168
I 06.01/00:30:24 solver.py:136 ] Epoch: [149/400][280/400] lr: 1.69e-04 | MSE loss: 6.2602e-03 | time: 0.168
I 06.01/00:30:27 solver.py:136 ] Epoch: [149/400][300/400] lr: 1.69e-04 | MSE loss: 6.2629e-03 | time: 0.166
I 06.01/00:30:30 solver.py:136 ] Epoch: [149/400][320/400] lr: 1.69e-04 | MSE loss: 6.2796e-03 | time: 0.165
I 06.01/00:30:34 solver.py:136 ] Epoch: [149/400][340/400] lr: 1.69e-04 | MSE loss: 6.2806e-03 | time: 0.166
I 06.01/00:30:37 solver.py:136 ] Epoch: [149/400][360/400] lr: 1.69e-04 | MSE loss: 6.2912e-03 | time: 0.165
I 06.01/00:30:40 solver.py:136 ] Epoch: [149/400][380/400] lr: 1.69e-04 | MSE loss: 6.2933e-03 | time: 0.165
I 06.01/00:30:44 solver.py:136 ] Epoch: [149/400][400/400] lr: 1.69e-04 | MSE loss: 6.3036e-03 | time: 0.165
I 06.01/00:30:44 solver.py:146 ] => Train  Loss: 6.3036e-03

I 06.01/00:30:48 solver.py:205 ] 
=! Best NMSE: -1.8756e+01 (epoch=140)

I 06.01/00:30:51 solver.py:136 ] Epoch: [150/400][20/400] lr: 1.69e-04 | MSE loss: 6.8159e-03 | time: 0.173
I 06.01/00:30:54 solver.py:136 ] Epoch: [150/400][40/400] lr: 1.68e-04 | MSE loss: 6.5190e-03 | time: 0.144
I 06.01/00:30:56 solver.py:136 ] Epoch: [150/400][60/400] lr: 1.68e-04 | MSE loss: 6.5423e-03 | time: 0.135
I 06.01/00:30:59 solver.py:136 ] Epoch: [150/400][80/400] lr: 1.68e-04 | MSE loss: 6.5501e-03 | time: 0.139
I 06.01/00:31:04 solver.py:136 ] Epoch: [150/400][100/400] lr: 1.68e-04 | MSE loss: 6.4460e-03 | time: 0.163
I 06.01/00:31:08 solver.py:136 ] Epoch: [150/400][120/400] lr: 1.68e-04 | MSE loss: 6.4076e-03 | time: 0.166
I 06.01/00:31:11 solver.py:136 ] Epoch: [150/400][140/400] lr: 1.68e-04 | MSE loss: 6.3761e-03 | time: 0.166
I 06.01/00:31:14 solver.py:136 ] Epoch: [150/400][160/400] lr: 1.68e-04 | MSE loss: 6.3701e-03 | time: 0.167
I 06.01/00:31:18 solver.py:136 ] Epoch: [150/400][180/400] lr: 1.68e-04 | MSE loss: 6.3682e-03 | time: 0.168
I 06.01/00:31:22 solver.py:136 ] Epoch: [150/400][200/400] lr: 1.68e-04 | MSE loss: 6.3531e-03 | time: 0.169
I 06.01/00:31:25 solver.py:136 ] Epoch: [150/400][220/400] lr: 1.68e-04 | MSE loss: 6.3492e-03 | time: 0.169
I 06.01/00:31:28 solver.py:136 ] Epoch: [150/400][240/400] lr: 1.68e-04 | MSE loss: 6.3147e-03 | time: 0.169
I 06.01/00:31:31 solver.py:136 ] Epoch: [150/400][260/400] lr: 1.68e-04 | MSE loss: 6.2939e-03 | time: 0.167
I 06.01/00:31:34 solver.py:136 ] Epoch: [150/400][280/400] lr: 1.68e-04 | MSE loss: 6.2726e-03 | time: 0.167
I 06.01/00:31:38 solver.py:136 ] Epoch: [150/400][300/400] lr: 1.68e-04 | MSE loss: 6.3058e-03 | time: 0.167
I 06.01/00:31:41 solver.py:136 ] Epoch: [150/400][320/400] lr: 1.68e-04 | MSE loss: 6.3103e-03 | time: 0.166
I 06.01/00:31:44 solver.py:136 ] Epoch: [150/400][340/400] lr: 1.68e-04 | MSE loss: 6.3059e-03 | time: 0.166
I 06.01/00:31:47 solver.py:136 ] Epoch: [150/400][360/400] lr: 1.68e-04 | MSE loss: 6.3316e-03 | time: 0.166
I 06.01/00:31:51 solver.py:136 ] Epoch: [150/400][380/400] lr: 1.68e-04 | MSE loss: 6.3116e-03 | time: 0.166
I 06.01/00:31:54 solver.py:136 ] Epoch: [150/400][400/400] lr: 1.68e-04 | MSE loss: 6.2915e-03 | time: 0.166
I 06.01/00:31:54 solver.py:146 ] => Train  Loss: 6.2915e-03

I 06.01/00:31:58 solver.py:136 ] Epoch: [150/400][20/50] lr: 1.68e-04 | MSE loss: 6.8259e-03 | time: 0.147
I 06.01/00:32:01 solver.py:136 ] Epoch: [150/400][40/50] lr: 1.68e-04 | MSE loss: 6.6421e-03 | time: 0.156
I 06.01/00:32:03 solver.py:146 ] => Val  Loss: 6.6001e-03

I 06.01/00:32:07 solver.py:287 ] [20/50] loss: 6.7115e-03 | NMSE: -1.8781e+01 | time: 0.193
I 06.01/00:32:10 solver.py:287 ] [40/50] loss: 6.6817e-03 | NMSE: -1.8786e+01 | time: 0.157
I 06.01/00:32:11 solver.py:291 ] => Test NMSE: -1.8821e+01

I 06.01/00:32:22 solver.py:205 ] 
=! Best NMSE: -1.8821e+01 (epoch=150)

I 06.01/00:32:26 solver.py:136 ] Epoch: [151/400][20/400] lr: 1.68e-04 | MSE loss: 6.3300e-03 | time: 0.195
I 06.01/00:32:29 solver.py:136 ] Epoch: [151/400][40/400] lr: 1.68e-04 | MSE loss: 6.2266e-03 | time: 0.185
I 06.01/00:32:33 solver.py:136 ] Epoch: [151/400][60/400] lr: 1.68e-04 | MSE loss: 6.3137e-03 | time: 0.182
I 06.01/00:32:36 solver.py:136 ] Epoch: [151/400][80/400] lr: 1.68e-04 | MSE loss: 6.2878e-03 | time: 0.179
I 06.01/00:32:39 solver.py:136 ] Epoch: [151/400][100/400] lr: 1.68e-04 | MSE loss: 6.3176e-03 | time: 0.176
I 06.01/00:32:43 solver.py:136 ] Epoch: [151/400][120/400] lr: 1.68e-04 | MSE loss: 6.2946e-03 | time: 0.174
I 06.01/00:32:46 solver.py:136 ] Epoch: [151/400][140/400] lr: 1.68e-04 | MSE loss: 6.2887e-03 | time: 0.174
I 06.01/00:32:49 solver.py:136 ] Epoch: [151/400][160/400] lr: 1.68e-04 | MSE loss: 6.2920e-03 | time: 0.172
I 06.01/00:32:53 solver.py:136 ] Epoch: [151/400][180/400] lr: 1.68e-04 | MSE loss: 6.2707e-03 | time: 0.171
I 06.01/00:32:55 solver.py:136 ] Epoch: [151/400][200/400] lr: 1.68e-04 | MSE loss: 6.2687e-03 | time: 0.168
I 06.01/00:32:59 solver.py:136 ] Epoch: [151/400][220/400] lr: 1.68e-04 | MSE loss: 6.3050e-03 | time: 0.168
I 06.01/00:33:03 solver.py:136 ] Epoch: [151/400][240/400] lr: 1.68e-04 | MSE loss: 6.3073e-03 | time: 0.171
I 06.01/00:33:06 solver.py:136 ] Epoch: [151/400][260/400] lr: 1.68e-04 | MSE loss: 6.2834e-03 | time: 0.171
I 06.01/00:33:09 solver.py:136 ] Epoch: [151/400][280/400] lr: 1.68e-04 | MSE loss: 6.2656e-03 | time: 0.169
I 06.01/00:33:13 solver.py:136 ] Epoch: [151/400][300/400] lr: 1.68e-04 | MSE loss: 6.2698e-03 | time: 0.170
I 06.01/00:33:16 solver.py:136 ] Epoch: [151/400][320/400] lr: 1.68e-04 | MSE loss: 6.2757e-03 | time: 0.171
I 06.01/00:33:20 solver.py:136 ] Epoch: [151/400][340/400] lr: 1.68e-04 | MSE loss: 6.2925e-03 | time: 0.170
I 06.01/00:33:22 solver.py:136 ] Epoch: [151/400][360/400] lr: 1.68e-04 | MSE loss: 6.2956e-03 | time: 0.168
I 06.01/00:33:24 solver.py:136 ] Epoch: [151/400][380/400] lr: 1.68e-04 | MSE loss: 6.2903e-03 | time: 0.164
I 06.01/00:33:26 solver.py:136 ] Epoch: [151/400][400/400] lr: 1.67e-04 | MSE loss: 6.3054e-03 | time: 0.161
I 06.01/00:33:26 solver.py:146 ] => Train  Loss: 6.3054e-03

I 06.01/00:33:30 solver.py:205 ] 
=! Best NMSE: -1.8821e+01 (epoch=150)

I 06.01/00:33:34 solver.py:136 ] Epoch: [152/400][20/400] lr: 1.67e-04 | MSE loss: 6.7844e-03 | time: 0.175
I 06.01/00:33:38 solver.py:136 ] Epoch: [152/400][40/400] lr: 1.67e-04 | MSE loss: 6.4266e-03 | time: 0.185
I 06.01/00:33:41 solver.py:136 ] Epoch: [152/400][60/400] lr: 1.67e-04 | MSE loss: 6.3036e-03 | time: 0.183
I 06.01/00:33:45 solver.py:136 ] Epoch: [152/400][80/400] lr: 1.67e-04 | MSE loss: 6.2783e-03 | time: 0.179
I 06.01/00:33:48 solver.py:136 ] Epoch: [152/400][100/400] lr: 1.67e-04 | MSE loss: 6.1442e-03 | time: 0.178
I 06.01/00:33:51 solver.py:136 ] Epoch: [152/400][120/400] lr: 1.67e-04 | MSE loss: 6.1777e-03 | time: 0.176
I 06.01/00:33:55 solver.py:136 ] Epoch: [152/400][140/400] lr: 1.67e-04 | MSE loss: 6.1916e-03 | time: 0.175
I 06.01/00:33:58 solver.py:136 ] Epoch: [152/400][160/400] lr: 1.67e-04 | MSE loss: 6.2171e-03 | time: 0.175
I 06.01/00:34:02 solver.py:136 ] Epoch: [152/400][180/400] lr: 1.67e-04 | MSE loss: 6.2057e-03 | time: 0.178
I 06.01/00:34:07 solver.py:136 ] Epoch: [152/400][200/400] lr: 1.67e-04 | MSE loss: 6.2542e-03 | time: 0.181
I 06.01/00:34:09 solver.py:136 ] Epoch: [152/400][220/400] lr: 1.67e-04 | MSE loss: 6.2362e-03 | time: 0.178
I 06.01/00:34:12 solver.py:136 ] Epoch: [152/400][240/400] lr: 1.67e-04 | MSE loss: 6.2493e-03 | time: 0.175
I 06.01/00:34:16 solver.py:136 ] Epoch: [152/400][260/400] lr: 1.67e-04 | MSE loss: 6.2322e-03 | time: 0.174
I 06.01/00:34:18 solver.py:136 ] Epoch: [152/400][280/400] lr: 1.67e-04 | MSE loss: 6.2471e-03 | time: 0.172
I 06.01/00:34:21 solver.py:136 ] Epoch: [152/400][300/400] lr: 1.67e-04 | MSE loss: 6.2495e-03 | time: 0.171
I 06.01/00:34:25 solver.py:136 ] Epoch: [152/400][320/400] lr: 1.67e-04 | MSE loss: 6.2516e-03 | time: 0.170
I 06.01/00:34:29 solver.py:136 ] Epoch: [152/400][340/400] lr: 1.67e-04 | MSE loss: 6.2619e-03 | time: 0.171
I 06.01/00:34:32 solver.py:136 ] Epoch: [152/400][360/400] lr: 1.67e-04 | MSE loss: 6.2608e-03 | time: 0.172
I 06.01/00:34:35 solver.py:136 ] Epoch: [152/400][380/400] lr: 1.67e-04 | MSE loss: 6.2659e-03 | time: 0.171
I 06.01/00:34:38 solver.py:136 ] Epoch: [152/400][400/400] lr: 1.67e-04 | MSE loss: 6.2859e-03 | time: 0.168
I 06.01/00:34:38 solver.py:146 ] => Train  Loss: 6.2859e-03

I 06.01/00:34:44 solver.py:205 ] 
=! Best NMSE: -1.8821e+01 (epoch=150)

I 06.01/00:34:48 solver.py:136 ] Epoch: [153/400][20/400] lr: 1.67e-04 | MSE loss: 6.5379e-03 | time: 0.180
I 06.01/00:34:52 solver.py:136 ] Epoch: [153/400][40/400] lr: 1.67e-04 | MSE loss: 6.4487e-03 | time: 0.180
I 06.01/00:34:55 solver.py:136 ] Epoch: [153/400][60/400] lr: 1.67e-04 | MSE loss: 6.4772e-03 | time: 0.180
I 06.01/00:34:59 solver.py:136 ] Epoch: [153/400][80/400] lr: 1.67e-04 | MSE loss: 6.4481e-03 | time: 0.176
I 06.01/00:35:03 solver.py:136 ] Epoch: [153/400][100/400] lr: 1.67e-04 | MSE loss: 6.3883e-03 | time: 0.189
I 06.01/00:35:07 solver.py:136 ] Epoch: [153/400][120/400] lr: 1.67e-04 | MSE loss: 6.3429e-03 | time: 0.190
I 06.01/00:35:11 solver.py:136 ] Epoch: [153/400][140/400] lr: 1.67e-04 | MSE loss: 6.3040e-03 | time: 0.188
I 06.01/00:35:14 solver.py:136 ] Epoch: [153/400][160/400] lr: 1.67e-04 | MSE loss: 6.2937e-03 | time: 0.186
I 06.01/00:35:18 solver.py:136 ] Epoch: [153/400][180/400] lr: 1.67e-04 | MSE loss: 6.3080e-03 | time: 0.184
I 06.01/00:35:21 solver.py:136 ] Epoch: [153/400][200/400] lr: 1.67e-04 | MSE loss: 6.2925e-03 | time: 0.181
I 06.01/00:35:24 solver.py:136 ] Epoch: [153/400][220/400] lr: 1.67e-04 | MSE loss: 6.3024e-03 | time: 0.180
I 06.01/00:35:27 solver.py:136 ] Epoch: [153/400][240/400] lr: 1.67e-04 | MSE loss: 6.2877e-03 | time: 0.179
I 06.01/00:35:30 solver.py:136 ] Epoch: [153/400][260/400] lr: 1.67e-04 | MSE loss: 6.2884e-03 | time: 0.176
I 06.01/00:35:34 solver.py:136 ] Epoch: [153/400][280/400] lr: 1.67e-04 | MSE loss: 6.2933e-03 | time: 0.176
I 06.01/00:35:37 solver.py:136 ] Epoch: [153/400][300/400] lr: 1.67e-04 | MSE loss: 6.2727e-03 | time: 0.175
I 06.01/00:35:40 solver.py:136 ] Epoch: [153/400][320/400] lr: 1.67e-04 | MSE loss: 6.2805e-03 | time: 0.175
I 06.01/00:35:44 solver.py:136 ] Epoch: [153/400][340/400] lr: 1.66e-04 | MSE loss: 6.2798e-03 | time: 0.175
I 06.01/00:35:47 solver.py:136 ] Epoch: [153/400][360/400] lr: 1.66e-04 | MSE loss: 6.2773e-03 | time: 0.174
I 06.01/00:35:50 solver.py:136 ] Epoch: [153/400][380/400] lr: 1.66e-04 | MSE loss: 6.2739e-03 | time: 0.173
I 06.01/00:35:53 solver.py:136 ] Epoch: [153/400][400/400] lr: 1.66e-04 | MSE loss: 6.2795e-03 | time: 0.172
I 06.01/00:35:53 solver.py:146 ] => Train  Loss: 6.2795e-03

I 06.01/00:36:01 solver.py:205 ] 
=! Best NMSE: -1.8821e+01 (epoch=150)

I 06.01/00:36:06 solver.py:136 ] Epoch: [154/400][20/400] lr: 1.66e-04 | MSE loss: 6.0228e-03 | time: 0.255
I 06.01/00:36:10 solver.py:136 ] Epoch: [154/400][40/400] lr: 1.66e-04 | MSE loss: 6.1870e-03 | time: 0.216
I 06.01/00:36:13 solver.py:136 ] Epoch: [154/400][60/400] lr: 1.66e-04 | MSE loss: 6.1012e-03 | time: 0.203
I 06.01/00:36:17 solver.py:136 ] Epoch: [154/400][80/400] lr: 1.66e-04 | MSE loss: 6.2085e-03 | time: 0.196
I 06.01/00:36:20 solver.py:136 ] Epoch: [154/400][100/400] lr: 1.66e-04 | MSE loss: 6.2023e-03 | time: 0.192
I 06.01/00:36:24 solver.py:136 ] Epoch: [154/400][120/400] lr: 1.66e-04 | MSE loss: 6.3104e-03 | time: 0.189
I 06.01/00:36:27 solver.py:136 ] Epoch: [154/400][140/400] lr: 1.66e-04 | MSE loss: 6.3435e-03 | time: 0.187
I 06.01/00:36:30 solver.py:136 ] Epoch: [154/400][160/400] lr: 1.66e-04 | MSE loss: 6.2616e-03 | time: 0.184
I 06.01/00:36:34 solver.py:136 ] Epoch: [154/400][180/400] lr: 1.66e-04 | MSE loss: 6.2645e-03 | time: 0.182
I 06.01/00:36:37 solver.py:136 ] Epoch: [154/400][200/400] lr: 1.66e-04 | MSE loss: 6.2509e-03 | time: 0.179
I 06.01/00:36:40 solver.py:136 ] Epoch: [154/400][220/400] lr: 1.66e-04 | MSE loss: 6.2811e-03 | time: 0.176
I 06.01/00:36:43 solver.py:136 ] Epoch: [154/400][240/400] lr: 1.66e-04 | MSE loss: 6.2773e-03 | time: 0.174
I 06.01/00:36:46 solver.py:136 ] Epoch: [154/400][260/400] lr: 1.66e-04 | MSE loss: 6.2760e-03 | time: 0.174
I 06.01/00:36:50 solver.py:136 ] Epoch: [154/400][280/400] lr: 1.66e-04 | MSE loss: 6.2757e-03 | time: 0.174
I 06.01/00:36:53 solver.py:136 ] Epoch: [154/400][300/400] lr: 1.66e-04 | MSE loss: 6.2784e-03 | time: 0.174
I 06.01/00:36:57 solver.py:136 ] Epoch: [154/400][320/400] lr: 1.66e-04 | MSE loss: 6.3015e-03 | time: 0.174
I 06.01/00:36:59 solver.py:136 ] Epoch: [154/400][340/400] lr: 1.66e-04 | MSE loss: 6.2974e-03 | time: 0.172
I 06.01/00:37:05 solver.py:136 ] Epoch: [154/400][360/400] lr: 1.66e-04 | MSE loss: 6.2995e-03 | time: 0.177
I 06.01/00:37:08 solver.py:136 ] Epoch: [154/400][380/400] lr: 1.66e-04 | MSE loss: 6.2935e-03 | time: 0.177
I 06.01/00:37:11 solver.py:136 ] Epoch: [154/400][400/400] lr: 1.66e-04 | MSE loss: 6.2778e-03 | time: 0.175
I 06.01/00:37:11 solver.py:146 ] => Train  Loss: 6.2778e-03

I 06.01/00:37:15 solver.py:205 ] 
=! Best NMSE: -1.8821e+01 (epoch=150)

I 06.01/00:37:18 solver.py:136 ] Epoch: [155/400][20/400] lr: 1.66e-04 | MSE loss: 6.2922e-03 | time: 0.147
I 06.01/00:37:21 solver.py:136 ] Epoch: [155/400][40/400] lr: 1.66e-04 | MSE loss: 6.1215e-03 | time: 0.156
I 06.01/00:37:25 solver.py:136 ] Epoch: [155/400][60/400] lr: 1.66e-04 | MSE loss: 6.1912e-03 | time: 0.162
I 06.01/00:37:27 solver.py:136 ] Epoch: [155/400][80/400] lr: 1.66e-04 | MSE loss: 6.1915e-03 | time: 0.158
I 06.01/00:37:31 solver.py:136 ] Epoch: [155/400][100/400] lr: 1.66e-04 | MSE loss: 6.2574e-03 | time: 0.157
I 06.01/00:37:34 solver.py:136 ] Epoch: [155/400][120/400] lr: 1.66e-04 | MSE loss: 6.2674e-03 | time: 0.159
I 06.01/00:37:38 solver.py:136 ] Epoch: [155/400][140/400] lr: 1.66e-04 | MSE loss: 6.2316e-03 | time: 0.163
I 06.01/00:37:41 solver.py:136 ] Epoch: [155/400][160/400] lr: 1.66e-04 | MSE loss: 6.1736e-03 | time: 0.163
I 06.01/00:37:44 solver.py:136 ] Epoch: [155/400][180/400] lr: 1.66e-04 | MSE loss: 6.1596e-03 | time: 0.162
I 06.01/00:37:47 solver.py:136 ] Epoch: [155/400][200/400] lr: 1.66e-04 | MSE loss: 6.2254e-03 | time: 0.159
I 06.01/00:37:50 solver.py:136 ] Epoch: [155/400][220/400] lr: 1.66e-04 | MSE loss: 6.2475e-03 | time: 0.159
I 06.01/00:37:53 solver.py:136 ] Epoch: [155/400][240/400] lr: 1.66e-04 | MSE loss: 6.2528e-03 | time: 0.159
I 06.01/00:37:56 solver.py:136 ] Epoch: [155/400][260/400] lr: 1.65e-04 | MSE loss: 6.2701e-03 | time: 0.160
I 06.01/00:38:00 solver.py:136 ] Epoch: [155/400][280/400] lr: 1.65e-04 | MSE loss: 6.2920e-03 | time: 0.162
I 06.01/00:38:05 solver.py:136 ] Epoch: [155/400][300/400] lr: 1.65e-04 | MSE loss: 6.2585e-03 | time: 0.168
I 06.01/00:38:09 solver.py:136 ] Epoch: [155/400][320/400] lr: 1.65e-04 | MSE loss: 6.2473e-03 | time: 0.169
I 06.01/00:38:12 solver.py:136 ] Epoch: [155/400][340/400] lr: 1.65e-04 | MSE loss: 6.2288e-03 | time: 0.168
I 06.01/00:38:15 solver.py:136 ] Epoch: [155/400][360/400] lr: 1.65e-04 | MSE loss: 6.2471e-03 | time: 0.167
I 06.01/00:38:19 solver.py:136 ] Epoch: [155/400][380/400] lr: 1.65e-04 | MSE loss: 6.2501e-03 | time: 0.168
I 06.01/00:38:22 solver.py:136 ] Epoch: [155/400][400/400] lr: 1.65e-04 | MSE loss: 6.2649e-03 | time: 0.168
I 06.01/00:38:22 solver.py:146 ] => Train  Loss: 6.2649e-03

I 06.01/00:38:27 solver.py:205 ] 
=! Best NMSE: -1.8821e+01 (epoch=150)

I 06.01/00:38:30 solver.py:136 ] Epoch: [156/400][20/400] lr: 1.65e-04 | MSE loss: 6.5642e-03 | time: 0.163
I 06.01/00:38:34 solver.py:136 ] Epoch: [156/400][40/400] lr: 1.65e-04 | MSE loss: 6.2448e-03 | time: 0.158
I 06.01/00:38:37 solver.py:136 ] Epoch: [156/400][60/400] lr: 1.65e-04 | MSE loss: 6.3355e-03 | time: 0.162
I 06.01/00:38:40 solver.py:136 ] Epoch: [156/400][80/400] lr: 1.65e-04 | MSE loss: 6.2400e-03 | time: 0.156
I 06.01/00:38:42 solver.py:136 ] Epoch: [156/400][100/400] lr: 1.65e-04 | MSE loss: 6.3704e-03 | time: 0.151
I 06.01/00:38:45 solver.py:136 ] Epoch: [156/400][120/400] lr: 1.65e-04 | MSE loss: 6.3665e-03 | time: 0.149
I 06.01/00:38:48 solver.py:136 ] Epoch: [156/400][140/400] lr: 1.65e-04 | MSE loss: 6.3783e-03 | time: 0.150
I 06.01/00:38:52 solver.py:136 ] Epoch: [156/400][160/400] lr: 1.65e-04 | MSE loss: 6.3167e-03 | time: 0.154
I 06.01/00:38:55 solver.py:136 ] Epoch: [156/400][180/400] lr: 1.65e-04 | MSE loss: 6.2974e-03 | time: 0.157
I 06.01/00:38:58 solver.py:136 ] Epoch: [156/400][200/400] lr: 1.65e-04 | MSE loss: 6.3205e-03 | time: 0.156
I 06.01/00:39:03 solver.py:136 ] Epoch: [156/400][220/400] lr: 1.65e-04 | MSE loss: 6.3196e-03 | time: 0.161
I 06.01/00:39:07 solver.py:136 ] Epoch: [156/400][240/400] lr: 1.65e-04 | MSE loss: 6.2955e-03 | time: 0.165
I 06.01/00:39:10 solver.py:136 ] Epoch: [156/400][260/400] lr: 1.65e-04 | MSE loss: 6.2570e-03 | time: 0.165
I 06.01/00:39:13 solver.py:136 ] Epoch: [156/400][280/400] lr: 1.65e-04 | MSE loss: 6.2710e-03 | time: 0.163
I 06.01/00:39:16 solver.py:136 ] Epoch: [156/400][300/400] lr: 1.65e-04 | MSE loss: 6.2640e-03 | time: 0.162
I 06.01/00:39:19 solver.py:136 ] Epoch: [156/400][320/400] lr: 1.65e-04 | MSE loss: 6.2760e-03 | time: 0.162
I 06.01/00:39:22 solver.py:136 ] Epoch: [156/400][340/400] lr: 1.65e-04 | MSE loss: 6.2622e-03 | time: 0.162
I 06.01/00:39:26 solver.py:136 ] Epoch: [156/400][360/400] lr: 1.65e-04 | MSE loss: 6.2492e-03 | time: 0.163
I 06.01/00:39:29 solver.py:136 ] Epoch: [156/400][380/400] lr: 1.65e-04 | MSE loss: 6.2423e-03 | time: 0.163
I 06.01/00:39:33 solver.py:136 ] Epoch: [156/400][400/400] lr: 1.65e-04 | MSE loss: 6.2485e-03 | time: 0.164
I 06.01/00:39:33 solver.py:146 ] => Train  Loss: 6.2485e-03

I 06.01/00:39:40 solver.py:205 ] 
=! Best NMSE: -1.8821e+01 (epoch=150)

I 06.01/00:39:43 solver.py:136 ] Epoch: [157/400][20/400] lr: 1.65e-04 | MSE loss: 6.1175e-03 | time: 0.155
I 06.01/00:39:46 solver.py:136 ] Epoch: [157/400][40/400] lr: 1.65e-04 | MSE loss: 6.1370e-03 | time: 0.151
I 06.01/00:39:49 solver.py:136 ] Epoch: [157/400][60/400] lr: 1.65e-04 | MSE loss: 6.1289e-03 | time: 0.146
I 06.01/00:39:52 solver.py:136 ] Epoch: [157/400][80/400] lr: 1.65e-04 | MSE loss: 6.2572e-03 | time: 0.146
I 06.01/00:39:55 solver.py:136 ] Epoch: [157/400][100/400] lr: 1.65e-04 | MSE loss: 6.1664e-03 | time: 0.148
I 06.01/00:39:58 solver.py:136 ] Epoch: [157/400][120/400] lr: 1.65e-04 | MSE loss: 6.1668e-03 | time: 0.149
I 06.01/00:40:01 solver.py:136 ] Epoch: [157/400][140/400] lr: 1.65e-04 | MSE loss: 6.1425e-03 | time: 0.155
I 06.01/00:40:06 solver.py:136 ] Epoch: [157/400][160/400] lr: 1.65e-04 | MSE loss: 6.1454e-03 | time: 0.164
I 06.01/00:40:09 solver.py:136 ] Epoch: [157/400][180/400] lr: 1.64e-04 | MSE loss: 6.1825e-03 | time: 0.164
I 06.01/00:40:13 solver.py:136 ] Epoch: [157/400][200/400] lr: 1.64e-04 | MSE loss: 6.1887e-03 | time: 0.167
I 06.01/00:40:16 solver.py:136 ] Epoch: [157/400][220/400] lr: 1.64e-04 | MSE loss: 6.2135e-03 | time: 0.166
I 06.01/00:40:19 solver.py:136 ] Epoch: [157/400][240/400] lr: 1.64e-04 | MSE loss: 6.2099e-03 | time: 0.165
I 06.01/00:40:23 solver.py:136 ] Epoch: [157/400][260/400] lr: 1.64e-04 | MSE loss: 6.2535e-03 | time: 0.164
I 06.01/00:40:25 solver.py:136 ] Epoch: [157/400][280/400] lr: 1.64e-04 | MSE loss: 6.2408e-03 | time: 0.162
I 06.01/00:40:28 solver.py:136 ] Epoch: [157/400][300/400] lr: 1.64e-04 | MSE loss: 6.2322e-03 | time: 0.161
I 06.01/00:40:31 solver.py:136 ] Epoch: [157/400][320/400] lr: 1.64e-04 | MSE loss: 6.2235e-03 | time: 0.161
I 06.01/00:40:35 solver.py:136 ] Epoch: [157/400][340/400] lr: 1.64e-04 | MSE loss: 6.2281e-03 | time: 0.163
I 06.01/00:40:39 solver.py:136 ] Epoch: [157/400][360/400] lr: 1.64e-04 | MSE loss: 6.2514e-03 | time: 0.163
I 06.01/00:40:42 solver.py:136 ] Epoch: [157/400][380/400] lr: 1.64e-04 | MSE loss: 6.2408e-03 | time: 0.164
I 06.01/00:40:45 solver.py:136 ] Epoch: [157/400][400/400] lr: 1.64e-04 | MSE loss: 6.2388e-03 | time: 0.164
I 06.01/00:40:45 solver.py:146 ] => Train  Loss: 6.2388e-03

I 06.01/00:40:52 solver.py:205 ] 
=! Best NMSE: -1.8821e+01 (epoch=150)

I 06.01/00:40:56 solver.py:136 ] Epoch: [158/400][20/400] lr: 1.64e-04 | MSE loss: 6.3315e-03 | time: 0.189
I 06.01/00:40:59 solver.py:136 ] Epoch: [158/400][40/400] lr: 1.64e-04 | MSE loss: 6.4591e-03 | time: 0.171
I 06.01/00:41:03 solver.py:136 ] Epoch: [158/400][60/400] lr: 1.64e-04 | MSE loss: 6.2813e-03 | time: 0.185
I 06.01/00:41:07 solver.py:136 ] Epoch: [158/400][80/400] lr: 1.64e-04 | MSE loss: 6.3048e-03 | time: 0.192
I 06.01/00:41:10 solver.py:136 ] Epoch: [158/400][100/400] lr: 1.64e-04 | MSE loss: 6.2502e-03 | time: 0.181
I 06.01/00:41:12 solver.py:136 ] Epoch: [158/400][120/400] lr: 1.64e-04 | MSE loss: 6.1966e-03 | time: 0.171
I 06.01/00:41:15 solver.py:136 ] Epoch: [158/400][140/400] lr: 1.64e-04 | MSE loss: 6.1634e-03 | time: 0.163
I 06.01/00:41:17 solver.py:136 ] Epoch: [158/400][160/400] lr: 1.64e-04 | MSE loss: 6.1741e-03 | time: 0.158
I 06.01/00:41:20 solver.py:136 ] Epoch: [158/400][180/400] lr: 1.64e-04 | MSE loss: 6.1656e-03 | time: 0.159
I 06.01/00:41:24 solver.py:136 ] Epoch: [158/400][200/400] lr: 1.64e-04 | MSE loss: 6.1561e-03 | time: 0.160
I 06.01/00:41:27 solver.py:136 ] Epoch: [158/400][220/400] lr: 1.64e-04 | MSE loss: 6.1331e-03 | time: 0.161
I 06.01/00:41:30 solver.py:136 ] Epoch: [158/400][240/400] lr: 1.64e-04 | MSE loss: 6.1627e-03 | time: 0.160
I 06.01/00:41:33 solver.py:136 ] Epoch: [158/400][260/400] lr: 1.64e-04 | MSE loss: 6.2132e-03 | time: 0.160
I 06.01/00:41:36 solver.py:136 ] Epoch: [158/400][280/400] lr: 1.64e-04 | MSE loss: 6.2018e-03 | time: 0.159
I 06.01/00:41:39 solver.py:136 ] Epoch: [158/400][300/400] lr: 1.64e-04 | MSE loss: 6.1946e-03 | time: 0.159
I 06.01/00:41:42 solver.py:136 ] Epoch: [158/400][320/400] lr: 1.64e-04 | MSE loss: 6.1978e-03 | time: 0.158
I 06.01/00:41:46 solver.py:136 ] Epoch: [158/400][340/400] lr: 1.64e-04 | MSE loss: 6.2126e-03 | time: 0.161
I 06.01/00:41:50 solver.py:136 ] Epoch: [158/400][360/400] lr: 1.64e-04 | MSE loss: 6.2418e-03 | time: 0.161
I 06.01/00:41:53 solver.py:136 ] Epoch: [158/400][380/400] lr: 1.64e-04 | MSE loss: 6.2346e-03 | time: 0.161
I 06.01/00:41:56 solver.py:136 ] Epoch: [158/400][400/400] lr: 1.64e-04 | MSE loss: 6.2367e-03 | time: 0.161
I 06.01/00:41:56 solver.py:146 ] => Train  Loss: 6.2367e-03

I 06.01/00:42:01 solver.py:205 ] 
=! Best NMSE: -1.8821e+01 (epoch=150)

I 06.01/00:42:06 solver.py:136 ] Epoch: [159/400][20/400] lr: 1.64e-04 | MSE loss: 6.1695e-03 | time: 0.247
I 06.01/00:42:10 solver.py:136 ] Epoch: [159/400][40/400] lr: 1.64e-04 | MSE loss: 6.3065e-03 | time: 0.208
I 06.01/00:42:13 solver.py:136 ] Epoch: [159/400][60/400] lr: 1.64e-04 | MSE loss: 6.2395e-03 | time: 0.191
I 06.01/00:42:16 solver.py:136 ] Epoch: [159/400][80/400] lr: 1.64e-04 | MSE loss: 6.1315e-03 | time: 0.186
I 06.01/00:42:20 solver.py:136 ] Epoch: [159/400][100/400] lr: 1.63e-04 | MSE loss: 6.1154e-03 | time: 0.186
I 06.01/00:42:24 solver.py:136 ] Epoch: [159/400][120/400] lr: 1.63e-04 | MSE loss: 6.1491e-03 | time: 0.183
I 06.01/00:42:26 solver.py:136 ] Epoch: [159/400][140/400] lr: 1.63e-04 | MSE loss: 6.2034e-03 | time: 0.177
I 06.01/00:42:29 solver.py:136 ] Epoch: [159/400][160/400] lr: 1.63e-04 | MSE loss: 6.2231e-03 | time: 0.169
I 06.01/00:42:31 solver.py:136 ] Epoch: [159/400][180/400] lr: 1.63e-04 | MSE loss: 6.2075e-03 | time: 0.167
I 06.01/00:42:35 solver.py:136 ] Epoch: [159/400][200/400] lr: 1.63e-04 | MSE loss: 6.1981e-03 | time: 0.167
I 06.01/00:42:38 solver.py:136 ] Epoch: [159/400][220/400] lr: 1.63e-04 | MSE loss: 6.2193e-03 | time: 0.167
I 06.01/00:42:42 solver.py:136 ] Epoch: [159/400][240/400] lr: 1.63e-04 | MSE loss: 6.2265e-03 | time: 0.167
I 06.01/00:42:44 solver.py:136 ] Epoch: [159/400][260/400] lr: 1.63e-04 | MSE loss: 6.2222e-03 | time: 0.164
I 06.01/00:42:47 solver.py:136 ] Epoch: [159/400][280/400] lr: 1.63e-04 | MSE loss: 6.2159e-03 | time: 0.163
I 06.01/00:42:51 solver.py:136 ] Epoch: [159/400][300/400] lr: 1.63e-04 | MSE loss: 6.2235e-03 | time: 0.164
I 06.01/00:42:54 solver.py:136 ] Epoch: [159/400][320/400] lr: 1.63e-04 | MSE loss: 6.2286e-03 | time: 0.163
I 06.01/00:42:57 solver.py:136 ] Epoch: [159/400][340/400] lr: 1.63e-04 | MSE loss: 6.2189e-03 | time: 0.163
I 06.01/00:43:01 solver.py:136 ] Epoch: [159/400][360/400] lr: 1.63e-04 | MSE loss: 6.2320e-03 | time: 0.165
I 06.01/00:43:06 solver.py:136 ] Epoch: [159/400][380/400] lr: 1.63e-04 | MSE loss: 6.2316e-03 | time: 0.169
I 06.01/00:43:09 solver.py:136 ] Epoch: [159/400][400/400] lr: 1.63e-04 | MSE loss: 6.2223e-03 | time: 0.169
I 06.01/00:43:09 solver.py:146 ] => Train  Loss: 6.2223e-03

I 06.01/00:43:14 solver.py:205 ] 
=! Best NMSE: -1.8821e+01 (epoch=150)

I 06.01/00:43:18 solver.py:136 ] Epoch: [160/400][20/400] lr: 1.63e-04 | MSE loss: 5.8901e-03 | time: 0.173
I 06.01/00:43:21 solver.py:136 ] Epoch: [160/400][40/400] lr: 1.63e-04 | MSE loss: 6.1546e-03 | time: 0.181
I 06.01/00:43:24 solver.py:136 ] Epoch: [160/400][60/400] lr: 1.63e-04 | MSE loss: 6.2338e-03 | time: 0.172
I 06.01/00:43:28 solver.py:136 ] Epoch: [160/400][80/400] lr: 1.63e-04 | MSE loss: 6.2748e-03 | time: 0.170
I 06.01/00:43:31 solver.py:136 ] Epoch: [160/400][100/400] lr: 1.63e-04 | MSE loss: 6.2851e-03 | time: 0.171
I 06.01/00:43:34 solver.py:136 ] Epoch: [160/400][120/400] lr: 1.63e-04 | MSE loss: 6.2513e-03 | time: 0.169
I 06.01/00:43:38 solver.py:136 ] Epoch: [160/400][140/400] lr: 1.63e-04 | MSE loss: 6.2666e-03 | time: 0.170
I 06.01/00:43:41 solver.py:136 ] Epoch: [160/400][160/400] lr: 1.63e-04 | MSE loss: 6.2594e-03 | time: 0.165
I 06.01/00:43:43 solver.py:136 ] Epoch: [160/400][180/400] lr: 1.63e-04 | MSE loss: 6.2861e-03 | time: 0.160
I 06.01/00:43:46 solver.py:136 ] Epoch: [160/400][200/400] lr: 1.63e-04 | MSE loss: 6.2655e-03 | time: 0.157
I 06.01/00:43:49 solver.py:136 ] Epoch: [160/400][220/400] lr: 1.63e-04 | MSE loss: 6.2765e-03 | time: 0.159
I 06.01/00:43:52 solver.py:136 ] Epoch: [160/400][240/400] lr: 1.63e-04 | MSE loss: 6.2811e-03 | time: 0.159
I 06.01/00:43:55 solver.py:136 ] Epoch: [160/400][260/400] lr: 1.63e-04 | MSE loss: 6.2728e-03 | time: 0.159
I 06.01/00:43:59 solver.py:136 ] Epoch: [160/400][280/400] lr: 1.63e-04 | MSE loss: 6.2657e-03 | time: 0.159
I 06.01/00:44:03 solver.py:136 ] Epoch: [160/400][300/400] lr: 1.63e-04 | MSE loss: 6.2586e-03 | time: 0.162
I 06.01/00:44:06 solver.py:136 ] Epoch: [160/400][320/400] lr: 1.63e-04 | MSE loss: 6.2675e-03 | time: 0.164
I 06.01/00:44:10 solver.py:136 ] Epoch: [160/400][340/400] lr: 1.63e-04 | MSE loss: 6.2665e-03 | time: 0.164
I 06.01/00:44:13 solver.py:136 ] Epoch: [160/400][360/400] lr: 1.63e-04 | MSE loss: 6.2599e-03 | time: 0.164
I 06.01/00:44:17 solver.py:136 ] Epoch: [160/400][380/400] lr: 1.63e-04 | MSE loss: 6.2382e-03 | time: 0.165
I 06.01/00:44:20 solver.py:136 ] Epoch: [160/400][400/400] lr: 1.63e-04 | MSE loss: 6.2357e-03 | time: 0.165
I 06.01/00:44:20 solver.py:146 ] => Train  Loss: 6.2357e-03

I 06.01/00:44:24 solver.py:136 ] Epoch: [160/400][20/50] lr: 1.63e-04 | MSE loss: 6.7423e-03 | time: 0.182
I 06.01/00:44:27 solver.py:136 ] Epoch: [160/400][40/50] lr: 1.63e-04 | MSE loss: 6.5536e-03 | time: 0.169
I 06.01/00:44:29 solver.py:146 ] => Val  Loss: 6.5113e-03

I 06.01/00:44:32 solver.py:287 ] [20/50] loss: 6.6358e-03 | NMSE: -1.8832e+01 | time: 0.173
I 06.01/00:44:36 solver.py:287 ] [40/50] loss: 6.6013e-03 | NMSE: -1.8841e+01 | time: 0.167
I 06.01/00:44:37 solver.py:291 ] => Test NMSE: -1.8878e+01

I 06.01/00:44:48 solver.py:205 ] 
=! Best NMSE: -1.8878e+01 (epoch=160)

I 06.01/00:44:52 solver.py:136 ] Epoch: [161/400][20/400] lr: 1.62e-04 | MSE loss: 5.8557e-03 | time: 0.173
I 06.01/00:44:55 solver.py:136 ] Epoch: [161/400][40/400] lr: 1.62e-04 | MSE loss: 6.2761e-03 | time: 0.160
I 06.01/00:44:57 solver.py:136 ] Epoch: [161/400][60/400] lr: 1.62e-04 | MSE loss: 6.3612e-03 | time: 0.146
I 06.01/00:45:00 solver.py:136 ] Epoch: [161/400][80/400] lr: 1.62e-04 | MSE loss: 6.2881e-03 | time: 0.144
I 06.01/00:45:05 solver.py:136 ] Epoch: [161/400][100/400] lr: 1.62e-04 | MSE loss: 6.3630e-03 | time: 0.169
I 06.01/00:45:09 solver.py:136 ] Epoch: [161/400][120/400] lr: 1.62e-04 | MSE loss: 6.3440e-03 | time: 0.173
I 06.01/00:45:12 solver.py:136 ] Epoch: [161/400][140/400] lr: 1.62e-04 | MSE loss: 6.2981e-03 | time: 0.170
I 06.01/00:45:16 solver.py:136 ] Epoch: [161/400][160/400] lr: 1.62e-04 | MSE loss: 6.3029e-03 | time: 0.170
I 06.01/00:45:19 solver.py:136 ] Epoch: [161/400][180/400] lr: 1.62e-04 | MSE loss: 6.3148e-03 | time: 0.172
I 06.01/00:45:23 solver.py:136 ] Epoch: [161/400][200/400] lr: 1.62e-04 | MSE loss: 6.2621e-03 | time: 0.173
I 06.01/00:45:26 solver.py:136 ] Epoch: [161/400][220/400] lr: 1.62e-04 | MSE loss: 6.2468e-03 | time: 0.173
I 06.01/00:45:30 solver.py:136 ] Epoch: [161/400][240/400] lr: 1.62e-04 | MSE loss: 6.2606e-03 | time: 0.173
I 06.01/00:45:33 solver.py:136 ] Epoch: [161/400][260/400] lr: 1.62e-04 | MSE loss: 6.2325e-03 | time: 0.172
I 06.01/00:45:36 solver.py:136 ] Epoch: [161/400][280/400] lr: 1.62e-04 | MSE loss: 6.2312e-03 | time: 0.170
I 06.01/00:45:39 solver.py:136 ] Epoch: [161/400][300/400] lr: 1.62e-04 | MSE loss: 6.2100e-03 | time: 0.170
I 06.01/00:45:43 solver.py:136 ] Epoch: [161/400][320/400] lr: 1.62e-04 | MSE loss: 6.2250e-03 | time: 0.169
I 06.01/00:45:46 solver.py:136 ] Epoch: [161/400][340/400] lr: 1.62e-04 | MSE loss: 6.2449e-03 | time: 0.169
I 06.01/00:45:49 solver.py:136 ] Epoch: [161/400][360/400] lr: 1.62e-04 | MSE loss: 6.2242e-03 | time: 0.169
I 06.01/00:45:53 solver.py:136 ] Epoch: [161/400][380/400] lr: 1.62e-04 | MSE loss: 6.2302e-03 | time: 0.169
I 06.01/00:45:56 solver.py:136 ] Epoch: [161/400][400/400] lr: 1.62e-04 | MSE loss: 6.2211e-03 | time: 0.168
I 06.01/00:45:56 solver.py:146 ] => Train  Loss: 6.2211e-03

I 06.01/00:46:02 solver.py:205 ] 
=! Best NMSE: -1.8878e+01 (epoch=160)

I 06.01/00:46:07 solver.py:136 ] Epoch: [162/400][20/400] lr: 1.62e-04 | MSE loss: 6.2327e-03 | time: 0.251
I 06.01/00:46:10 solver.py:136 ] Epoch: [162/400][40/400] lr: 1.62e-04 | MSE loss: 6.2330e-03 | time: 0.208
I 06.01/00:46:13 solver.py:136 ] Epoch: [162/400][60/400] lr: 1.62e-04 | MSE loss: 6.2433e-03 | time: 0.181
I 06.01/00:46:15 solver.py:136 ] Epoch: [162/400][80/400] lr: 1.62e-04 | MSE loss: 6.1648e-03 | time: 0.166
I 06.01/00:46:18 solver.py:136 ] Epoch: [162/400][100/400] lr: 1.62e-04 | MSE loss: 6.1502e-03 | time: 0.167
I 06.01/00:46:22 solver.py:136 ] Epoch: [162/400][120/400] lr: 1.62e-04 | MSE loss: 6.1479e-03 | time: 0.166
I 06.01/00:46:25 solver.py:136 ] Epoch: [162/400][140/400] lr: 1.62e-04 | MSE loss: 6.1690e-03 | time: 0.166
I 06.01/00:46:28 solver.py:136 ] Epoch: [162/400][160/400] lr: 1.62e-04 | MSE loss: 6.1948e-03 | time: 0.165
I 06.01/00:46:31 solver.py:136 ] Epoch: [162/400][180/400] lr: 1.62e-04 | MSE loss: 6.1784e-03 | time: 0.163
I 06.01/00:46:35 solver.py:136 ] Epoch: [162/400][200/400] lr: 1.62e-04 | MSE loss: 6.2334e-03 | time: 0.164
I 06.01/00:46:38 solver.py:136 ] Epoch: [162/400][220/400] lr: 1.62e-04 | MSE loss: 6.2365e-03 | time: 0.166
I 06.01/00:46:42 solver.py:136 ] Epoch: [162/400][240/400] lr: 1.62e-04 | MSE loss: 6.2505e-03 | time: 0.167
I 06.01/00:46:45 solver.py:136 ] Epoch: [162/400][260/400] lr: 1.62e-04 | MSE loss: 6.2443e-03 | time: 0.168
I 06.01/00:46:49 solver.py:136 ] Epoch: [162/400][280/400] lr: 1.62e-04 | MSE loss: 6.2307e-03 | time: 0.168
I 06.01/00:46:52 solver.py:136 ] Epoch: [162/400][300/400] lr: 1.62e-04 | MSE loss: 6.2517e-03 | time: 0.167
I 06.01/00:46:55 solver.py:136 ] Epoch: [162/400][320/400] lr: 1.61e-04 | MSE loss: 6.2467e-03 | time: 0.166
I 06.01/00:46:58 solver.py:136 ] Epoch: [162/400][340/400] lr: 1.61e-04 | MSE loss: 6.2216e-03 | time: 0.166
I 06.01/00:47:02 solver.py:136 ] Epoch: [162/400][360/400] lr: 1.61e-04 | MSE loss: 6.2207e-03 | time: 0.167
I 06.01/00:47:06 solver.py:136 ] Epoch: [162/400][380/400] lr: 1.61e-04 | MSE loss: 6.2036e-03 | time: 0.169
I 06.01/00:47:09 solver.py:136 ] Epoch: [162/400][400/400] lr: 1.61e-04 | MSE loss: 6.2122e-03 | time: 0.168
I 06.01/00:47:09 solver.py:146 ] => Train  Loss: 6.2122e-03

I 06.01/00:47:14 solver.py:205 ] 
=! Best NMSE: -1.8878e+01 (epoch=160)

I 06.01/00:47:18 solver.py:136 ] Epoch: [163/400][20/400] lr: 1.61e-04 | MSE loss: 6.3624e-03 | time: 0.197
I 06.01/00:47:21 solver.py:136 ] Epoch: [163/400][40/400] lr: 1.61e-04 | MSE loss: 6.1662e-03 | time: 0.187
I 06.01/00:47:24 solver.py:136 ] Epoch: [163/400][60/400] lr: 1.61e-04 | MSE loss: 6.1102e-03 | time: 0.169
I 06.01/00:47:26 solver.py:136 ] Epoch: [163/400][80/400] lr: 1.61e-04 | MSE loss: 6.1282e-03 | time: 0.159
I 06.01/00:47:29 solver.py:136 ] Epoch: [163/400][100/400] lr: 1.61e-04 | MSE loss: 6.1178e-03 | time: 0.151
I 06.01/00:47:32 solver.py:136 ] Epoch: [163/400][120/400] lr: 1.61e-04 | MSE loss: 6.2450e-03 | time: 0.151
I 06.01/00:47:35 solver.py:136 ] Epoch: [163/400][140/400] lr: 1.61e-04 | MSE loss: 6.2611e-03 | time: 0.154
I 06.01/00:47:39 solver.py:136 ] Epoch: [163/400][160/400] lr: 1.61e-04 | MSE loss: 6.2689e-03 | time: 0.156
I 06.01/00:47:41 solver.py:136 ] Epoch: [163/400][180/400] lr: 1.61e-04 | MSE loss: 6.2730e-03 | time: 0.153
I 06.01/00:47:45 solver.py:136 ] Epoch: [163/400][200/400] lr: 1.61e-04 | MSE loss: 6.2657e-03 | time: 0.155
I 06.01/00:47:48 solver.py:136 ] Epoch: [163/400][220/400] lr: 1.61e-04 | MSE loss: 6.2391e-03 | time: 0.156
I 06.01/00:47:51 solver.py:136 ] Epoch: [163/400][240/400] lr: 1.61e-04 | MSE loss: 6.2165e-03 | time: 0.157
I 06.01/00:47:55 solver.py:136 ] Epoch: [163/400][260/400] lr: 1.61e-04 | MSE loss: 6.1857e-03 | time: 0.158
I 06.01/00:47:58 solver.py:136 ] Epoch: [163/400][280/400] lr: 1.61e-04 | MSE loss: 6.1766e-03 | time: 0.159
I 06.01/00:48:03 solver.py:136 ] Epoch: [163/400][300/400] lr: 1.61e-04 | MSE loss: 6.1848e-03 | time: 0.164
I 06.01/00:48:06 solver.py:136 ] Epoch: [163/400][320/400] lr: 1.61e-04 | MSE loss: 6.1907e-03 | time: 0.165
I 06.01/00:48:10 solver.py:136 ] Epoch: [163/400][340/400] lr: 1.61e-04 | MSE loss: 6.1867e-03 | time: 0.165
I 06.01/00:48:13 solver.py:136 ] Epoch: [163/400][360/400] lr: 1.61e-04 | MSE loss: 6.1975e-03 | time: 0.166
I 06.01/00:48:17 solver.py:136 ] Epoch: [163/400][380/400] lr: 1.61e-04 | MSE loss: 6.1951e-03 | time: 0.166
I 06.01/00:48:21 solver.py:136 ] Epoch: [163/400][400/400] lr: 1.61e-04 | MSE loss: 6.1944e-03 | time: 0.167
I 06.01/00:48:21 solver.py:146 ] => Train  Loss: 6.1944e-03

I 06.01/00:48:25 solver.py:205 ] 
=! Best NMSE: -1.8878e+01 (epoch=160)

I 06.01/00:48:29 solver.py:136 ] Epoch: [164/400][20/400] lr: 1.61e-04 | MSE loss: 6.2694e-03 | time: 0.188
I 06.01/00:48:32 solver.py:136 ] Epoch: [164/400][40/400] lr: 1.61e-04 | MSE loss: 6.1258e-03 | time: 0.175
I 06.01/00:48:35 solver.py:136 ] Epoch: [164/400][60/400] lr: 1.61e-04 | MSE loss: 6.1305e-03 | time: 0.168
I 06.01/00:48:38 solver.py:136 ] Epoch: [164/400][80/400] lr: 1.61e-04 | MSE loss: 6.0656e-03 | time: 0.165
I 06.01/00:48:41 solver.py:136 ] Epoch: [164/400][100/400] lr: 1.61e-04 | MSE loss: 6.1239e-03 | time: 0.159
I 06.01/00:48:44 solver.py:136 ] Epoch: [164/400][120/400] lr: 1.61e-04 | MSE loss: 6.1334e-03 | time: 0.154
I 06.01/00:48:47 solver.py:136 ] Epoch: [164/400][140/400] lr: 1.61e-04 | MSE loss: 6.1422e-03 | time: 0.156
I 06.01/00:48:50 solver.py:136 ] Epoch: [164/400][160/400] lr: 1.61e-04 | MSE loss: 6.1377e-03 | time: 0.157
I 06.01/00:48:53 solver.py:136 ] Epoch: [164/400][180/400] lr: 1.61e-04 | MSE loss: 6.1730e-03 | time: 0.157
I 06.01/00:48:56 solver.py:136 ] Epoch: [164/400][200/400] lr: 1.60e-04 | MSE loss: 6.2033e-03 | time: 0.156
I 06.01/00:49:00 solver.py:136 ] Epoch: [164/400][220/400] lr: 1.60e-04 | MSE loss: 6.1815e-03 | time: 0.157
I 06.01/00:49:05 solver.py:136 ] Epoch: [164/400][240/400] lr: 1.60e-04 | MSE loss: 6.1754e-03 | time: 0.166
I 06.01/00:49:08 solver.py:136 ] Epoch: [164/400][260/400] lr: 1.60e-04 | MSE loss: 6.1959e-03 | time: 0.167
I 06.01/00:49:12 solver.py:136 ] Epoch: [164/400][280/400] lr: 1.60e-04 | MSE loss: 6.1816e-03 | time: 0.167
I 06.01/00:49:15 solver.py:136 ] Epoch: [164/400][300/400] lr: 1.60e-04 | MSE loss: 6.1797e-03 | time: 0.167
I 06.01/00:49:18 solver.py:136 ] Epoch: [164/400][320/400] lr: 1.60e-04 | MSE loss: 6.2071e-03 | time: 0.166
I 06.01/00:49:22 solver.py:136 ] Epoch: [164/400][340/400] lr: 1.60e-04 | MSE loss: 6.2039e-03 | time: 0.167
I 06.01/00:49:26 solver.py:136 ] Epoch: [164/400][360/400] lr: 1.60e-04 | MSE loss: 6.2005e-03 | time: 0.168
I 06.01/00:49:29 solver.py:136 ] Epoch: [164/400][380/400] lr: 1.60e-04 | MSE loss: 6.1936e-03 | time: 0.168
I 06.01/00:49:32 solver.py:136 ] Epoch: [164/400][400/400] lr: 1.60e-04 | MSE loss: 6.2028e-03 | time: 0.168
I 06.01/00:49:32 solver.py:146 ] => Train  Loss: 6.2028e-03

I 06.01/00:49:38 solver.py:205 ] 
=! Best NMSE: -1.8878e+01 (epoch=160)

I 06.01/00:49:41 solver.py:136 ] Epoch: [165/400][20/400] lr: 1.60e-04 | MSE loss: 6.6713e-03 | time: 0.179
I 06.01/00:49:44 solver.py:136 ] Epoch: [165/400][40/400] lr: 1.60e-04 | MSE loss: 6.3909e-03 | time: 0.170
I 06.01/00:49:48 solver.py:136 ] Epoch: [165/400][60/400] lr: 1.60e-04 | MSE loss: 6.2507e-03 | time: 0.175
I 06.01/00:49:51 solver.py:136 ] Epoch: [165/400][80/400] lr: 1.60e-04 | MSE loss: 6.2842e-03 | time: 0.172
I 06.01/00:49:54 solver.py:136 ] Epoch: [165/400][100/400] lr: 1.60e-04 | MSE loss: 6.2440e-03 | time: 0.166
I 06.01/00:49:57 solver.py:136 ] Epoch: [165/400][120/400] lr: 1.60e-04 | MSE loss: 6.1541e-03 | time: 0.164
I 06.01/00:50:01 solver.py:136 ] Epoch: [165/400][140/400] lr: 1.60e-04 | MSE loss: 6.1164e-03 | time: 0.164
I 06.01/00:50:05 solver.py:136 ] Epoch: [165/400][160/400] lr: 1.60e-04 | MSE loss: 6.1691e-03 | time: 0.174
I 06.01/00:50:08 solver.py:136 ] Epoch: [165/400][180/400] lr: 1.60e-04 | MSE loss: 6.1550e-03 | time: 0.169
I 06.01/00:50:11 solver.py:136 ] Epoch: [165/400][200/400] lr: 1.60e-04 | MSE loss: 6.1732e-03 | time: 0.166
I 06.01/00:50:13 solver.py:136 ] Epoch: [165/400][220/400] lr: 1.60e-04 | MSE loss: 6.1976e-03 | time: 0.161
I 06.01/00:50:16 solver.py:136 ] Epoch: [165/400][240/400] lr: 1.60e-04 | MSE loss: 6.1942e-03 | time: 0.158
I 06.01/00:50:19 solver.py:136 ] Epoch: [165/400][260/400] lr: 1.60e-04 | MSE loss: 6.1589e-03 | time: 0.158
I 06.01/00:50:22 solver.py:136 ] Epoch: [165/400][280/400] lr: 1.60e-04 | MSE loss: 6.1672e-03 | time: 0.159
I 06.01/00:50:26 solver.py:136 ] Epoch: [165/400][300/400] lr: 1.60e-04 | MSE loss: 6.1643e-03 | time: 0.160
I 06.01/00:50:29 solver.py:136 ] Epoch: [165/400][320/400] lr: 1.60e-04 | MSE loss: 6.1834e-03 | time: 0.160
I 06.01/00:50:32 solver.py:136 ] Epoch: [165/400][340/400] lr: 1.60e-04 | MSE loss: 6.1834e-03 | time: 0.161
I 06.01/00:50:36 solver.py:136 ] Epoch: [165/400][360/400] lr: 1.60e-04 | MSE loss: 6.2051e-03 | time: 0.161
I 06.01/00:50:39 solver.py:136 ] Epoch: [165/400][380/400] lr: 1.60e-04 | MSE loss: 6.2063e-03 | time: 0.162
I 06.01/00:50:42 solver.py:136 ] Epoch: [165/400][400/400] lr: 1.60e-04 | MSE loss: 6.1961e-03 | time: 0.162
I 06.01/00:50:42 solver.py:146 ] => Train  Loss: 6.1961e-03

I 06.01/00:50:47 solver.py:205 ] 
=! Best NMSE: -1.8878e+01 (epoch=160)

I 06.01/00:50:50 solver.py:136 ] Epoch: [166/400][20/400] lr: 1.60e-04 | MSE loss: 6.5378e-03 | time: 0.165
I 06.01/00:50:53 solver.py:136 ] Epoch: [166/400][40/400] lr: 1.60e-04 | MSE loss: 6.2207e-03 | time: 0.172
I 06.01/00:50:57 solver.py:136 ] Epoch: [166/400][60/400] lr: 1.60e-04 | MSE loss: 6.1034e-03 | time: 0.169
I 06.01/00:51:00 solver.py:136 ] Epoch: [166/400][80/400] lr: 1.60e-04 | MSE loss: 6.1832e-03 | time: 0.169
I 06.01/00:51:05 solver.py:136 ] Epoch: [166/400][100/400] lr: 1.59e-04 | MSE loss: 6.2173e-03 | time: 0.186
I 06.01/00:51:08 solver.py:136 ] Epoch: [166/400][120/400] lr: 1.59e-04 | MSE loss: 6.1867e-03 | time: 0.182
I 06.01/00:51:11 solver.py:136 ] Epoch: [166/400][140/400] lr: 1.59e-04 | MSE loss: 6.1428e-03 | time: 0.178
I 06.01/00:51:14 solver.py:136 ] Epoch: [166/400][160/400] lr: 1.59e-04 | MSE loss: 6.1495e-03 | time: 0.172
I 06.01/00:51:17 solver.py:136 ] Epoch: [166/400][180/400] lr: 1.59e-04 | MSE loss: 6.1544e-03 | time: 0.170
I 06.01/00:51:20 solver.py:136 ] Epoch: [166/400][200/400] lr: 1.59e-04 | MSE loss: 6.1398e-03 | time: 0.169
I 06.01/00:51:23 solver.py:136 ] Epoch: [166/400][220/400] lr: 1.59e-04 | MSE loss: 6.1370e-03 | time: 0.167
I 06.01/00:51:26 solver.py:136 ] Epoch: [166/400][240/400] lr: 1.59e-04 | MSE loss: 6.1583e-03 | time: 0.163
I 06.01/00:51:28 solver.py:136 ] Epoch: [166/400][260/400] lr: 1.59e-04 | MSE loss: 6.1761e-03 | time: 0.160
I 06.01/00:51:31 solver.py:136 ] Epoch: [166/400][280/400] lr: 1.59e-04 | MSE loss: 6.1592e-03 | time: 0.159
I 06.01/00:51:34 solver.py:136 ] Epoch: [166/400][300/400] lr: 1.59e-04 | MSE loss: 6.1737e-03 | time: 0.159
I 06.01/00:51:38 solver.py:136 ] Epoch: [166/400][320/400] lr: 1.59e-04 | MSE loss: 6.1746e-03 | time: 0.159
I 06.01/00:51:40 solver.py:136 ] Epoch: [166/400][340/400] lr: 1.59e-04 | MSE loss: 6.1837e-03 | time: 0.158
I 06.01/00:51:43 solver.py:136 ] Epoch: [166/400][360/400] lr: 1.59e-04 | MSE loss: 6.1658e-03 | time: 0.157
I 06.01/00:51:46 solver.py:136 ] Epoch: [166/400][380/400] lr: 1.59e-04 | MSE loss: 6.1572e-03 | time: 0.157
I 06.01/00:51:50 solver.py:136 ] Epoch: [166/400][400/400] lr: 1.59e-04 | MSE loss: 6.1706e-03 | time: 0.158
I 06.01/00:51:50 solver.py:146 ] => Train  Loss: 6.1706e-03

I 06.01/00:51:55 solver.py:205 ] 
=! Best NMSE: -1.8878e+01 (epoch=160)

I 06.01/00:51:59 solver.py:136 ] Epoch: [167/400][20/400] lr: 1.59e-04 | MSE loss: 5.9948e-03 | time: 0.187
I 06.01/00:52:04 solver.py:136 ] Epoch: [167/400][40/400] lr: 1.59e-04 | MSE loss: 6.2281e-03 | time: 0.224
I 06.01/00:52:08 solver.py:136 ] Epoch: [167/400][60/400] lr: 1.59e-04 | MSE loss: 6.2418e-03 | time: 0.210
I 06.01/00:52:11 solver.py:136 ] Epoch: [167/400][80/400] lr: 1.59e-04 | MSE loss: 6.2552e-03 | time: 0.201
I 06.01/00:52:14 solver.py:136 ] Epoch: [167/400][100/400] lr: 1.59e-04 | MSE loss: 6.2255e-03 | time: 0.192
I 06.01/00:52:18 solver.py:136 ] Epoch: [167/400][120/400] lr: 1.59e-04 | MSE loss: 6.2213e-03 | time: 0.186
I 06.01/00:52:20 solver.py:136 ] Epoch: [167/400][140/400] lr: 1.59e-04 | MSE loss: 6.2528e-03 | time: 0.179
I 06.01/00:52:23 solver.py:136 ] Epoch: [167/400][160/400] lr: 1.59e-04 | MSE loss: 6.2638e-03 | time: 0.173
I 06.01/00:52:26 solver.py:136 ] Epoch: [167/400][180/400] lr: 1.59e-04 | MSE loss: 6.2793e-03 | time: 0.168
I 06.01/00:52:29 solver.py:136 ] Epoch: [167/400][200/400] lr: 1.59e-04 | MSE loss: 6.2489e-03 | time: 0.168
I 06.01/00:52:32 solver.py:136 ] Epoch: [167/400][220/400] lr: 1.59e-04 | MSE loss: 6.2551e-03 | time: 0.168
I 06.01/00:52:36 solver.py:136 ] Epoch: [167/400][240/400] lr: 1.59e-04 | MSE loss: 6.2201e-03 | time: 0.168
I 06.01/00:52:39 solver.py:136 ] Epoch: [167/400][260/400] lr: 1.59e-04 | MSE loss: 6.2277e-03 | time: 0.167
I 06.01/00:52:42 solver.py:136 ] Epoch: [167/400][280/400] lr: 1.59e-04 | MSE loss: 6.2002e-03 | time: 0.167
I 06.01/00:52:45 solver.py:136 ] Epoch: [167/400][300/400] lr: 1.59e-04 | MSE loss: 6.1869e-03 | time: 0.166
I 06.01/00:52:48 solver.py:136 ] Epoch: [167/400][320/400] lr: 1.59e-04 | MSE loss: 6.2040e-03 | time: 0.164
I 06.01/00:52:51 solver.py:136 ] Epoch: [167/400][340/400] lr: 1.59e-04 | MSE loss: 6.2075e-03 | time: 0.165
I 06.01/00:52:54 solver.py:136 ] Epoch: [167/400][360/400] lr: 1.59e-04 | MSE loss: 6.2013e-03 | time: 0.164
I 06.01/00:52:57 solver.py:136 ] Epoch: [167/400][380/400] lr: 1.58e-04 | MSE loss: 6.1870e-03 | time: 0.162
I 06.01/00:53:00 solver.py:136 ] Epoch: [167/400][400/400] lr: 1.58e-04 | MSE loss: 6.1696e-03 | time: 0.161
I 06.01/00:53:00 solver.py:146 ] => Train  Loss: 6.1696e-03

I 06.01/00:53:04 solver.py:205 ] 
=! Best NMSE: -1.8878e+01 (epoch=160)

I 06.01/00:53:07 solver.py:136 ] Epoch: [168/400][20/400] lr: 1.58e-04 | MSE loss: 6.3045e-03 | time: 0.197
I 06.01/00:53:11 solver.py:136 ] Epoch: [168/400][40/400] lr: 1.58e-04 | MSE loss: 6.3529e-03 | time: 0.182
I 06.01/00:53:15 solver.py:136 ] Epoch: [168/400][60/400] lr: 1.58e-04 | MSE loss: 6.1356e-03 | time: 0.183
I 06.01/00:53:18 solver.py:136 ] Epoch: [168/400][80/400] lr: 1.58e-04 | MSE loss: 6.0437e-03 | time: 0.179
I 06.01/00:53:21 solver.py:136 ] Epoch: [168/400][100/400] lr: 1.58e-04 | MSE loss: 6.1279e-03 | time: 0.178
I 06.01/00:53:25 solver.py:136 ] Epoch: [168/400][120/400] lr: 1.58e-04 | MSE loss: 6.1167e-03 | time: 0.177
I 06.01/00:53:28 solver.py:136 ] Epoch: [168/400][140/400] lr: 1.58e-04 | MSE loss: 6.1236e-03 | time: 0.176
I 06.01/00:53:31 solver.py:136 ] Epoch: [168/400][160/400] lr: 1.58e-04 | MSE loss: 6.1191e-03 | time: 0.173
I 06.01/00:53:34 solver.py:136 ] Epoch: [168/400][180/400] lr: 1.58e-04 | MSE loss: 6.1092e-03 | time: 0.172
I 06.01/00:53:38 solver.py:136 ] Epoch: [168/400][200/400] lr: 1.58e-04 | MSE loss: 6.0957e-03 | time: 0.170
I 06.01/00:53:41 solver.py:136 ] Epoch: [168/400][220/400] lr: 1.58e-04 | MSE loss: 6.1060e-03 | time: 0.170
I 06.01/00:53:44 solver.py:136 ] Epoch: [168/400][240/400] lr: 1.58e-04 | MSE loss: 6.0917e-03 | time: 0.170
I 06.01/00:53:48 solver.py:136 ] Epoch: [168/400][260/400] lr: 1.58e-04 | MSE loss: 6.1140e-03 | time: 0.169
I 06.01/00:53:51 solver.py:136 ] Epoch: [168/400][280/400] lr: 1.58e-04 | MSE loss: 6.1008e-03 | time: 0.169
I 06.01/00:53:54 solver.py:136 ] Epoch: [168/400][300/400] lr: 1.58e-04 | MSE loss: 6.1247e-03 | time: 0.168
I 06.01/00:53:57 solver.py:136 ] Epoch: [168/400][320/400] lr: 1.58e-04 | MSE loss: 6.1341e-03 | time: 0.166
I 06.01/00:54:00 solver.py:136 ] Epoch: [168/400][340/400] lr: 1.58e-04 | MSE loss: 6.1270e-03 | time: 0.165
I 06.01/00:54:05 solver.py:136 ] Epoch: [168/400][360/400] lr: 1.58e-04 | MSE loss: 6.1520e-03 | time: 0.170
I 06.01/00:54:09 solver.py:136 ] Epoch: [168/400][380/400] lr: 1.58e-04 | MSE loss: 6.1529e-03 | time: 0.171
I 06.01/00:54:11 solver.py:136 ] Epoch: [168/400][400/400] lr: 1.58e-04 | MSE loss: 6.1638e-03 | time: 0.169
I 06.01/00:54:11 solver.py:146 ] => Train  Loss: 6.1638e-03

I 06.01/00:54:17 solver.py:205 ] 
=! Best NMSE: -1.8878e+01 (epoch=160)

I 06.01/00:54:21 solver.py:136 ] Epoch: [169/400][20/400] lr: 1.58e-04 | MSE loss: 6.1451e-03 | time: 0.180
I 06.01/00:54:24 solver.py:136 ] Epoch: [169/400][40/400] lr: 1.58e-04 | MSE loss: 6.4089e-03 | time: 0.175
I 06.01/00:54:28 solver.py:136 ] Epoch: [169/400][60/400] lr: 1.58e-04 | MSE loss: 6.4192e-03 | time: 0.174
I 06.01/00:54:31 solver.py:136 ] Epoch: [169/400][80/400] lr: 1.58e-04 | MSE loss: 6.3931e-03 | time: 0.173
I 06.01/00:54:34 solver.py:136 ] Epoch: [169/400][100/400] lr: 1.58e-04 | MSE loss: 6.2958e-03 | time: 0.172
I 06.01/00:54:37 solver.py:136 ] Epoch: [169/400][120/400] lr: 1.58e-04 | MSE loss: 6.2913e-03 | time: 0.168
I 06.01/00:54:40 solver.py:136 ] Epoch: [169/400][140/400] lr: 1.58e-04 | MSE loss: 6.2146e-03 | time: 0.166
I 06.01/00:54:44 solver.py:136 ] Epoch: [169/400][160/400] lr: 1.58e-04 | MSE loss: 6.1896e-03 | time: 0.167
I 06.01/00:54:47 solver.py:136 ] Epoch: [169/400][180/400] lr: 1.58e-04 | MSE loss: 6.1824e-03 | time: 0.165
I 06.01/00:54:50 solver.py:136 ] Epoch: [169/400][200/400] lr: 1.58e-04 | MSE loss: 6.1856e-03 | time: 0.164
I 06.01/00:54:54 solver.py:136 ] Epoch: [169/400][220/400] lr: 1.58e-04 | MSE loss: 6.1860e-03 | time: 0.165
I 06.01/00:54:57 solver.py:136 ] Epoch: [169/400][240/400] lr: 1.58e-04 | MSE loss: 6.2058e-03 | time: 0.165
I 06.01/00:55:00 solver.py:136 ] Epoch: [169/400][260/400] lr: 1.57e-04 | MSE loss: 6.2176e-03 | time: 0.164
I 06.01/00:55:05 solver.py:136 ] Epoch: [169/400][280/400] lr: 1.57e-04 | MSE loss: 6.2262e-03 | time: 0.171
I 06.01/00:55:08 solver.py:136 ] Epoch: [169/400][300/400] lr: 1.57e-04 | MSE loss: 6.2042e-03 | time: 0.171
I 06.01/00:55:11 solver.py:136 ] Epoch: [169/400][320/400] lr: 1.57e-04 | MSE loss: 6.1985e-03 | time: 0.169
I 06.01/00:55:14 solver.py:136 ] Epoch: [169/400][340/400] lr: 1.57e-04 | MSE loss: 6.1742e-03 | time: 0.167
I 06.01/00:55:17 solver.py:136 ] Epoch: [169/400][360/400] lr: 1.57e-04 | MSE loss: 6.1829e-03 | time: 0.166
I 06.01/00:55:20 solver.py:136 ] Epoch: [169/400][380/400] lr: 1.57e-04 | MSE loss: 6.1851e-03 | time: 0.166
I 06.01/00:55:24 solver.py:136 ] Epoch: [169/400][400/400] lr: 1.57e-04 | MSE loss: 6.1578e-03 | time: 0.166
I 06.01/00:55:24 solver.py:146 ] => Train  Loss: 6.1578e-03

I 06.01/00:55:28 solver.py:205 ] 
=! Best NMSE: -1.8878e+01 (epoch=160)

I 06.01/00:55:31 solver.py:136 ] Epoch: [170/400][20/400] lr: 1.57e-04 | MSE loss: 6.0877e-03 | time: 0.145
I 06.01/00:55:34 solver.py:136 ] Epoch: [170/400][40/400] lr: 1.57e-04 | MSE loss: 6.0668e-03 | time: 0.160
I 06.01/00:55:38 solver.py:136 ] Epoch: [170/400][60/400] lr: 1.57e-04 | MSE loss: 6.1416e-03 | time: 0.164
I 06.01/00:55:41 solver.py:136 ] Epoch: [170/400][80/400] lr: 1.57e-04 | MSE loss: 6.1663e-03 | time: 0.167
I 06.01/00:55:45 solver.py:136 ] Epoch: [170/400][100/400] lr: 1.57e-04 | MSE loss: 6.1460e-03 | time: 0.169
I 06.01/00:55:48 solver.py:136 ] Epoch: [170/400][120/400] lr: 1.57e-04 | MSE loss: 6.1744e-03 | time: 0.168
I 06.01/00:55:51 solver.py:136 ] Epoch: [170/400][140/400] lr: 1.57e-04 | MSE loss: 6.1345e-03 | time: 0.167
I 06.01/00:55:55 solver.py:136 ] Epoch: [170/400][160/400] lr: 1.57e-04 | MSE loss: 6.1633e-03 | time: 0.168
I 06.01/00:55:58 solver.py:136 ] Epoch: [170/400][180/400] lr: 1.57e-04 | MSE loss: 6.1493e-03 | time: 0.167
I 06.01/00:56:01 solver.py:136 ] Epoch: [170/400][200/400] lr: 1.57e-04 | MSE loss: 6.1701e-03 | time: 0.167
I 06.01/00:56:06 solver.py:136 ] Epoch: [170/400][220/400] lr: 1.57e-04 | MSE loss: 6.1730e-03 | time: 0.173
I 06.01/00:56:09 solver.py:136 ] Epoch: [170/400][240/400] lr: 1.57e-04 | MSE loss: 6.2000e-03 | time: 0.172
I 06.01/00:56:12 solver.py:136 ] Epoch: [170/400][260/400] lr: 1.57e-04 | MSE loss: 6.1988e-03 | time: 0.171
I 06.01/00:56:15 solver.py:136 ] Epoch: [170/400][280/400] lr: 1.57e-04 | MSE loss: 6.1722e-03 | time: 0.170
I 06.01/00:56:19 solver.py:136 ] Epoch: [170/400][300/400] lr: 1.57e-04 | MSE loss: 6.1740e-03 | time: 0.169
I 06.01/00:56:22 solver.py:136 ] Epoch: [170/400][320/400] lr: 1.57e-04 | MSE loss: 6.1697e-03 | time: 0.168
I 06.01/00:56:25 solver.py:136 ] Epoch: [170/400][340/400] lr: 1.57e-04 | MSE loss: 6.1774e-03 | time: 0.167
I 06.01/00:56:28 solver.py:136 ] Epoch: [170/400][360/400] lr: 1.57e-04 | MSE loss: 6.1615e-03 | time: 0.166
I 06.01/00:56:31 solver.py:136 ] Epoch: [170/400][380/400] lr: 1.57e-04 | MSE loss: 6.1611e-03 | time: 0.165
I 06.01/00:56:34 solver.py:136 ] Epoch: [170/400][400/400] lr: 1.57e-04 | MSE loss: 6.1611e-03 | time: 0.165
I 06.01/00:56:34 solver.py:146 ] => Train  Loss: 6.1611e-03

I 06.01/00:56:38 solver.py:136 ] Epoch: [170/400][20/50] lr: 1.57e-04 | MSE loss: 6.6917e-03 | time: 0.165
I 06.01/00:56:41 solver.py:136 ] Epoch: [170/400][40/50] lr: 1.57e-04 | MSE loss: 6.4959e-03 | time: 0.157
I 06.01/00:56:42 solver.py:146 ] => Val  Loss: 6.4529e-03

I 06.01/00:56:45 solver.py:287 ] [20/50] loss: 6.5702e-03 | NMSE: -1.8877e+01 | time: 0.123
I 06.01/00:56:47 solver.py:287 ] [40/50] loss: 6.5333e-03 | NMSE: -1.8886e+01 | time: 0.134
I 06.01/00:56:49 solver.py:291 ] => Test NMSE: -1.8922e+01

I 06.01/00:56:58 solver.py:205 ] 
=! Best NMSE: -1.8922e+01 (epoch=170)

I 06.01/00:57:02 solver.py:136 ] Epoch: [171/400][20/400] lr: 1.57e-04 | MSE loss: 5.9453e-03 | time: 0.199
I 06.01/00:57:07 solver.py:136 ] Epoch: [171/400][40/400] lr: 1.57e-04 | MSE loss: 6.0727e-03 | time: 0.219
I 06.01/00:57:10 solver.py:136 ] Epoch: [171/400][60/400] lr: 1.57e-04 | MSE loss: 5.9704e-03 | time: 0.199
I 06.01/00:57:13 solver.py:136 ] Epoch: [171/400][80/400] lr: 1.57e-04 | MSE loss: 5.9180e-03 | time: 0.190
I 06.01/00:57:16 solver.py:136 ] Epoch: [171/400][100/400] lr: 1.57e-04 | MSE loss: 5.9453e-03 | time: 0.183
I 06.01/00:57:19 solver.py:136 ] Epoch: [171/400][120/400] lr: 1.57e-04 | MSE loss: 5.9238e-03 | time: 0.179
I 06.01/00:57:23 solver.py:136 ] Epoch: [171/400][140/400] lr: 1.56e-04 | MSE loss: 5.9197e-03 | time: 0.177
I 06.01/00:57:26 solver.py:136 ] Epoch: [171/400][160/400] lr: 1.56e-04 | MSE loss: 5.9601e-03 | time: 0.175
I 06.01/00:57:29 solver.py:136 ] Epoch: [171/400][180/400] lr: 1.56e-04 | MSE loss: 5.9899e-03 | time: 0.173
I 06.01/00:57:32 solver.py:136 ] Epoch: [171/400][200/400] lr: 1.56e-04 | MSE loss: 6.0531e-03 | time: 0.171
I 06.01/00:57:35 solver.py:136 ] Epoch: [171/400][220/400] lr: 1.56e-04 | MSE loss: 6.0540e-03 | time: 0.169
I 06.01/00:57:38 solver.py:136 ] Epoch: [171/400][240/400] lr: 1.56e-04 | MSE loss: 6.0774e-03 | time: 0.168
I 06.01/00:57:41 solver.py:136 ] Epoch: [171/400][260/400] lr: 1.56e-04 | MSE loss: 6.0557e-03 | time: 0.165
I 06.01/00:57:44 solver.py:136 ] Epoch: [171/400][280/400] lr: 1.56e-04 | MSE loss: 6.0737e-03 | time: 0.164
I 06.01/00:57:47 solver.py:136 ] Epoch: [171/400][300/400] lr: 1.56e-04 | MSE loss: 6.1187e-03 | time: 0.164
I 06.01/00:57:50 solver.py:136 ] Epoch: [171/400][320/400] lr: 1.56e-04 | MSE loss: 6.1561e-03 | time: 0.164
I 06.01/00:57:54 solver.py:136 ] Epoch: [171/400][340/400] lr: 1.56e-04 | MSE loss: 6.1707e-03 | time: 0.164
I 06.01/00:57:57 solver.py:136 ] Epoch: [171/400][360/400] lr: 1.56e-04 | MSE loss: 6.2005e-03 | time: 0.164
I 06.01/00:58:00 solver.py:136 ] Epoch: [171/400][380/400] lr: 1.56e-04 | MSE loss: 6.2120e-03 | time: 0.165
I 06.01/00:58:06 solver.py:136 ] Epoch: [171/400][400/400] lr: 1.56e-04 | MSE loss: 6.2218e-03 | time: 0.170
I 06.01/00:58:06 solver.py:146 ] => Train  Loss: 6.2218e-03

I 06.01/00:58:13 solver.py:205 ] 
=! Best NMSE: -1.8922e+01 (epoch=170)

I 06.01/00:58:16 solver.py:136 ] Epoch: [172/400][20/400] lr: 1.56e-04 | MSE loss: 5.9451e-03 | time: 0.163
I 06.01/00:58:19 solver.py:136 ] Epoch: [172/400][40/400] lr: 1.56e-04 | MSE loss: 6.0650e-03 | time: 0.167
I 06.01/00:58:22 solver.py:136 ] Epoch: [172/400][60/400] lr: 1.56e-04 | MSE loss: 6.0772e-03 | time: 0.163
I 06.01/00:58:25 solver.py:136 ] Epoch: [172/400][80/400] lr: 1.56e-04 | MSE loss: 6.0742e-03 | time: 0.160
I 06.01/00:58:29 solver.py:136 ] Epoch: [172/400][100/400] lr: 1.56e-04 | MSE loss: 6.0890e-03 | time: 0.161
I 06.01/00:58:32 solver.py:136 ] Epoch: [172/400][120/400] lr: 1.56e-04 | MSE loss: 6.1041e-03 | time: 0.163
I 06.01/00:58:36 solver.py:136 ] Epoch: [172/400][140/400] lr: 1.56e-04 | MSE loss: 6.1366e-03 | time: 0.165
I 06.01/00:58:39 solver.py:136 ] Epoch: [172/400][160/400] lr: 1.56e-04 | MSE loss: 6.1570e-03 | time: 0.166
I 06.01/00:58:42 solver.py:136 ] Epoch: [172/400][180/400] lr: 1.56e-04 | MSE loss: 6.1306e-03 | time: 0.165
I 06.01/00:58:46 solver.py:136 ] Epoch: [172/400][200/400] lr: 1.56e-04 | MSE loss: 6.1386e-03 | time: 0.165
I 06.01/00:58:49 solver.py:136 ] Epoch: [172/400][220/400] lr: 1.56e-04 | MSE loss: 6.1652e-03 | time: 0.165
I 06.01/00:58:52 solver.py:136 ] Epoch: [172/400][240/400] lr: 1.56e-04 | MSE loss: 6.1588e-03 | time: 0.164
I 06.01/00:58:55 solver.py:136 ] Epoch: [172/400][260/400] lr: 1.56e-04 | MSE loss: 6.1404e-03 | time: 0.164
I 06.01/00:58:59 solver.py:136 ] Epoch: [172/400][280/400] lr: 1.56e-04 | MSE loss: 6.1446e-03 | time: 0.164
I 06.01/00:59:03 solver.py:136 ] Epoch: [172/400][300/400] lr: 1.56e-04 | MSE loss: 6.1367e-03 | time: 0.168
I 06.01/00:59:07 solver.py:136 ] Epoch: [172/400][320/400] lr: 1.56e-04 | MSE loss: 6.1609e-03 | time: 0.170
I 06.01/00:59:10 solver.py:136 ] Epoch: [172/400][340/400] lr: 1.56e-04 | MSE loss: 6.1519e-03 | time: 0.169
I 06.01/00:59:13 solver.py:136 ] Epoch: [172/400][360/400] lr: 1.56e-04 | MSE loss: 6.1977e-03 | time: 0.168
I 06.01/00:59:17 solver.py:136 ] Epoch: [172/400][380/400] lr: 1.56e-04 | MSE loss: 6.2361e-03 | time: 0.168
I 06.01/00:59:20 solver.py:136 ] Epoch: [172/400][400/400] lr: 1.56e-04 | MSE loss: 6.2426e-03 | time: 0.168
I 06.01/00:59:20 solver.py:146 ] => Train  Loss: 6.2426e-03

I 06.01/00:59:24 solver.py:205 ] 
=! Best NMSE: -1.8922e+01 (epoch=170)

I 06.01/00:59:28 solver.py:136 ] Epoch: [173/400][20/400] lr: 1.55e-04 | MSE loss: 5.7695e-03 | time: 0.192
I 06.01/00:59:32 solver.py:136 ] Epoch: [173/400][40/400] lr: 1.55e-04 | MSE loss: 6.0924e-03 | time: 0.186
I 06.01/00:59:35 solver.py:136 ] Epoch: [173/400][60/400] lr: 1.55e-04 | MSE loss: 6.1996e-03 | time: 0.174
I 06.01/00:59:38 solver.py:136 ] Epoch: [173/400][80/400] lr: 1.55e-04 | MSE loss: 6.1697e-03 | time: 0.165
I 06.01/00:59:41 solver.py:136 ] Epoch: [173/400][100/400] lr: 1.55e-04 | MSE loss: 6.2299e-03 | time: 0.164
I 06.01/00:59:44 solver.py:136 ] Epoch: [173/400][120/400] lr: 1.55e-04 | MSE loss: 6.3041e-03 | time: 0.165
I 06.01/00:59:48 solver.py:136 ] Epoch: [173/400][140/400] lr: 1.55e-04 | MSE loss: 6.3306e-03 | time: 0.165
I 06.01/00:59:51 solver.py:136 ] Epoch: [173/400][160/400] lr: 1.55e-04 | MSE loss: 6.3389e-03 | time: 0.166
I 06.01/00:59:54 solver.py:136 ] Epoch: [173/400][180/400] lr: 1.55e-04 | MSE loss: 6.4012e-03 | time: 0.165
I 06.01/00:59:57 solver.py:136 ] Epoch: [173/400][200/400] lr: 1.55e-04 | MSE loss: 6.3807e-03 | time: 0.164
I 06.01/01:00:01 solver.py:136 ] Epoch: [173/400][220/400] lr: 1.55e-04 | MSE loss: 6.3452e-03 | time: 0.167
I 06.01/01:00:06 solver.py:136 ] Epoch: [173/400][240/400] lr: 1.55e-04 | MSE loss: 6.3222e-03 | time: 0.174
I 06.01/01:00:09 solver.py:136 ] Epoch: [173/400][260/400] lr: 1.55e-04 | MSE loss: 6.3168e-03 | time: 0.172
I 06.01/01:00:13 solver.py:136 ] Epoch: [173/400][280/400] lr: 1.55e-04 | MSE loss: 6.3086e-03 | time: 0.172
I 06.01/01:00:16 solver.py:136 ] Epoch: [173/400][300/400] lr: 1.55e-04 | MSE loss: 6.2955e-03 | time: 0.171
I 06.01/01:00:19 solver.py:136 ] Epoch: [173/400][320/400] lr: 1.55e-04 | MSE loss: 6.2993e-03 | time: 0.171
I 06.01/01:00:22 solver.py:136 ] Epoch: [173/400][340/400] lr: 1.55e-04 | MSE loss: 6.2772e-03 | time: 0.169
I 06.01/01:00:25 solver.py:136 ] Epoch: [173/400][360/400] lr: 1.55e-04 | MSE loss: 6.2667e-03 | time: 0.168
I 06.01/01:00:28 solver.py:136 ] Epoch: [173/400][380/400] lr: 1.55e-04 | MSE loss: 6.2534e-03 | time: 0.168
I 06.01/01:00:31 solver.py:136 ] Epoch: [173/400][400/400] lr: 1.55e-04 | MSE loss: 6.2379e-03 | time: 0.167
I 06.01/01:00:31 solver.py:146 ] => Train  Loss: 6.2379e-03

I 06.01/01:00:38 solver.py:205 ] 
=! Best NMSE: -1.8922e+01 (epoch=170)

I 06.01/01:00:41 solver.py:136 ] Epoch: [174/400][20/400] lr: 1.55e-04 | MSE loss: 5.9344e-03 | time: 0.191
I 06.01/01:00:45 solver.py:136 ] Epoch: [174/400][40/400] lr: 1.55e-04 | MSE loss: 6.0889e-03 | time: 0.179
I 06.01/01:00:48 solver.py:136 ] Epoch: [174/400][60/400] lr: 1.55e-04 | MSE loss: 6.0593e-03 | time: 0.169
I 06.01/01:00:51 solver.py:136 ] Epoch: [174/400][80/400] lr: 1.55e-04 | MSE loss: 6.0527e-03 | time: 0.161
I 06.01/01:00:53 solver.py:136 ] Epoch: [174/400][100/400] lr: 1.55e-04 | MSE loss: 6.0483e-03 | time: 0.156
I 06.01/01:00:57 solver.py:136 ] Epoch: [174/400][120/400] lr: 1.55e-04 | MSE loss: 6.0485e-03 | time: 0.158
I 06.01/01:01:00 solver.py:136 ] Epoch: [174/400][140/400] lr: 1.55e-04 | MSE loss: 6.1002e-03 | time: 0.160
I 06.01/01:01:05 solver.py:136 ] Epoch: [174/400][160/400] lr: 1.55e-04 | MSE loss: 6.1826e-03 | time: 0.171
I 06.01/01:01:08 solver.py:136 ] Epoch: [174/400][180/400] lr: 1.55e-04 | MSE loss: 6.2095e-03 | time: 0.168
I 06.01/01:01:11 solver.py:136 ] Epoch: [174/400][200/400] lr: 1.55e-04 | MSE loss: 6.1761e-03 | time: 0.168
I 06.01/01:01:15 solver.py:136 ] Epoch: [174/400][220/400] lr: 1.55e-04 | MSE loss: 6.1749e-03 | time: 0.168
I 06.01/01:01:18 solver.py:136 ] Epoch: [174/400][240/400] lr: 1.55e-04 | MSE loss: 6.1726e-03 | time: 0.167
I 06.01/01:01:21 solver.py:136 ] Epoch: [174/400][260/400] lr: 1.55e-04 | MSE loss: 6.1784e-03 | time: 0.166
I 06.01/01:01:24 solver.py:136 ] Epoch: [174/400][280/400] lr: 1.54e-04 | MSE loss: 6.1402e-03 | time: 0.166
I 06.01/01:01:27 solver.py:136 ] Epoch: [174/400][300/400] lr: 1.54e-04 | MSE loss: 6.1258e-03 | time: 0.166
I 06.01/01:01:31 solver.py:136 ] Epoch: [174/400][320/400] lr: 1.54e-04 | MSE loss: 6.1081e-03 | time: 0.166
I 06.01/01:01:34 solver.py:136 ] Epoch: [174/400][340/400] lr: 1.54e-04 | MSE loss: 6.0956e-03 | time: 0.166
I 06.01/01:01:37 solver.py:136 ] Epoch: [174/400][360/400] lr: 1.54e-04 | MSE loss: 6.0917e-03 | time: 0.164
I 06.01/01:01:40 solver.py:136 ] Epoch: [174/400][380/400] lr: 1.54e-04 | MSE loss: 6.0981e-03 | time: 0.163
I 06.01/01:01:43 solver.py:136 ] Epoch: [174/400][400/400] lr: 1.54e-04 | MSE loss: 6.1076e-03 | time: 0.163
I 06.01/01:01:43 solver.py:146 ] => Train  Loss: 6.1076e-03

I 06.01/01:01:48 solver.py:205 ] 
=! Best NMSE: -1.8922e+01 (epoch=170)

I 06.01/01:01:52 solver.py:136 ] Epoch: [175/400][20/400] lr: 1.54e-04 | MSE loss: 6.1327e-03 | time: 0.187
I 06.01/01:01:55 solver.py:136 ] Epoch: [175/400][40/400] lr: 1.54e-04 | MSE loss: 6.2469e-03 | time: 0.176
I 06.01/01:01:59 solver.py:136 ] Epoch: [175/400][60/400] lr: 1.54e-04 | MSE loss: 6.1783e-03 | time: 0.177
I 06.01/01:02:04 solver.py:136 ] Epoch: [175/400][80/400] lr: 1.54e-04 | MSE loss: 6.0261e-03 | time: 0.195
I 06.01/01:02:06 solver.py:136 ] Epoch: [175/400][100/400] lr: 1.54e-04 | MSE loss: 5.9924e-03 | time: 0.182
I 06.01/01:02:09 solver.py:136 ] Epoch: [175/400][120/400] lr: 1.54e-04 | MSE loss: 5.9890e-03 | time: 0.173
I 06.01/01:02:12 solver.py:136 ] Epoch: [175/400][140/400] lr: 1.54e-04 | MSE loss: 5.9684e-03 | time: 0.169
I 06.01/01:02:15 solver.py:136 ] Epoch: [175/400][160/400] lr: 1.54e-04 | MSE loss: 5.9874e-03 | time: 0.170
I 06.01/01:02:18 solver.py:136 ] Epoch: [175/400][180/400] lr: 1.54e-04 | MSE loss: 6.0282e-03 | time: 0.168
I 06.01/01:02:22 solver.py:136 ] Epoch: [175/400][200/400] lr: 1.54e-04 | MSE loss: 6.0325e-03 | time: 0.167
I 06.01/01:02:25 solver.py:136 ] Epoch: [175/400][220/400] lr: 1.54e-04 | MSE loss: 6.0405e-03 | time: 0.167
I 06.01/01:02:28 solver.py:136 ] Epoch: [175/400][240/400] lr: 1.54e-04 | MSE loss: 6.0402e-03 | time: 0.166
I 06.01/01:02:32 solver.py:136 ] Epoch: [175/400][260/400] lr: 1.54e-04 | MSE loss: 6.0350e-03 | time: 0.167
I 06.01/01:02:35 solver.py:136 ] Epoch: [175/400][280/400] lr: 1.54e-04 | MSE loss: 6.0393e-03 | time: 0.167
I 06.01/01:02:38 solver.py:136 ] Epoch: [175/400][300/400] lr: 1.54e-04 | MSE loss: 6.0361e-03 | time: 0.167
I 06.01/01:02:41 solver.py:136 ] Epoch: [175/400][320/400] lr: 1.54e-04 | MSE loss: 6.0474e-03 | time: 0.166
I 06.01/01:02:45 solver.py:136 ] Epoch: [175/400][340/400] lr: 1.54e-04 | MSE loss: 6.0731e-03 | time: 0.166
I 06.01/01:02:47 solver.py:136 ] Epoch: [175/400][360/400] lr: 1.54e-04 | MSE loss: 6.0949e-03 | time: 0.165
I 06.01/01:02:50 solver.py:136 ] Epoch: [175/400][380/400] lr: 1.54e-04 | MSE loss: 6.0828e-03 | time: 0.163
I 06.01/01:02:53 solver.py:136 ] Epoch: [175/400][400/400] lr: 1.54e-04 | MSE loss: 6.0880e-03 | time: 0.163
I 06.01/01:02:53 solver.py:146 ] => Train  Loss: 6.0880e-03

I 06.01/01:02:58 solver.py:205 ] 
=! Best NMSE: -1.8922e+01 (epoch=170)

I 06.01/01:03:03 solver.py:136 ] Epoch: [176/400][20/400] lr: 1.54e-04 | MSE loss: 5.9955e-03 | time: 0.239
I 06.01/01:03:06 solver.py:136 ] Epoch: [176/400][40/400] lr: 1.54e-04 | MSE loss: 6.1479e-03 | time: 0.213
I 06.01/01:03:09 solver.py:136 ] Epoch: [176/400][60/400] lr: 1.54e-04 | MSE loss: 6.1158e-03 | time: 0.194
I 06.01/01:03:13 solver.py:136 ] Epoch: [176/400][80/400] lr: 1.54e-04 | MSE loss: 6.0949e-03 | time: 0.187
I 06.01/01:03:16 solver.py:136 ] Epoch: [176/400][100/400] lr: 1.54e-04 | MSE loss: 6.2070e-03 | time: 0.183
I 06.01/01:03:19 solver.py:136 ] Epoch: [176/400][120/400] lr: 1.54e-04 | MSE loss: 6.1098e-03 | time: 0.174
I 06.01/01:03:22 solver.py:136 ] Epoch: [176/400][140/400] lr: 1.53e-04 | MSE loss: 6.0892e-03 | time: 0.171
I 06.01/01:03:25 solver.py:136 ] Epoch: [176/400][160/400] lr: 1.53e-04 | MSE loss: 6.1094e-03 | time: 0.170
I 06.01/01:03:28 solver.py:136 ] Epoch: [176/400][180/400] lr: 1.53e-04 | MSE loss: 6.1651e-03 | time: 0.170
I 06.01/01:03:32 solver.py:136 ] Epoch: [176/400][200/400] lr: 1.53e-04 | MSE loss: 6.1446e-03 | time: 0.171
I 06.01/01:03:35 solver.py:136 ] Epoch: [176/400][220/400] lr: 1.53e-04 | MSE loss: 6.1526e-03 | time: 0.171
I 06.01/01:03:39 solver.py:136 ] Epoch: [176/400][240/400] lr: 1.53e-04 | MSE loss: 6.1259e-03 | time: 0.172
I 06.01/01:03:43 solver.py:136 ] Epoch: [176/400][260/400] lr: 1.53e-04 | MSE loss: 6.1488e-03 | time: 0.172
I 06.01/01:03:46 solver.py:136 ] Epoch: [176/400][280/400] lr: 1.53e-04 | MSE loss: 6.1214e-03 | time: 0.171
I 06.01/01:03:48 solver.py:136 ] Epoch: [176/400][300/400] lr: 1.53e-04 | MSE loss: 6.1460e-03 | time: 0.168
I 06.01/01:03:51 solver.py:136 ] Epoch: [176/400][320/400] lr: 1.53e-04 | MSE loss: 6.1503e-03 | time: 0.165
I 06.01/01:03:54 solver.py:136 ] Epoch: [176/400][340/400] lr: 1.53e-04 | MSE loss: 6.1023e-03 | time: 0.165
I 06.01/01:03:57 solver.py:136 ] Epoch: [176/400][360/400] lr: 1.53e-04 | MSE loss: 6.0986e-03 | time: 0.165
I 06.01/01:04:00 solver.py:136 ] Epoch: [176/400][380/400] lr: 1.53e-04 | MSE loss: 6.0954e-03 | time: 0.164
I 06.01/01:04:05 solver.py:136 ] Epoch: [176/400][400/400] lr: 1.53e-04 | MSE loss: 6.0965e-03 | time: 0.167
I 06.01/01:04:05 solver.py:146 ] => Train  Loss: 6.0965e-03

I 06.01/01:04:12 solver.py:205 ] 
=! Best NMSE: -1.8922e+01 (epoch=170)

I 06.01/01:04:16 solver.py:136 ] Epoch: [177/400][20/400] lr: 1.53e-04 | MSE loss: 5.7298e-03 | time: 0.180
I 06.01/01:04:19 solver.py:136 ] Epoch: [177/400][40/400] lr: 1.53e-04 | MSE loss: 5.9082e-03 | time: 0.161
I 06.01/01:04:22 solver.py:136 ] Epoch: [177/400][60/400] lr: 1.53e-04 | MSE loss: 6.0815e-03 | time: 0.161
I 06.01/01:04:25 solver.py:136 ] Epoch: [177/400][80/400] lr: 1.53e-04 | MSE loss: 6.0871e-03 | time: 0.165
I 06.01/01:04:29 solver.py:136 ] Epoch: [177/400][100/400] lr: 1.53e-04 | MSE loss: 6.1547e-03 | time: 0.165
I 06.01/01:04:32 solver.py:136 ] Epoch: [177/400][120/400] lr: 1.53e-04 | MSE loss: 6.1787e-03 | time: 0.163
I 06.01/01:04:34 solver.py:136 ] Epoch: [177/400][140/400] lr: 1.53e-04 | MSE loss: 6.1227e-03 | time: 0.158
I 06.01/01:04:37 solver.py:136 ] Epoch: [177/400][160/400] lr: 1.53e-04 | MSE loss: 6.1382e-03 | time: 0.158
I 06.01/01:04:41 solver.py:136 ] Epoch: [177/400][180/400] lr: 1.53e-04 | MSE loss: 6.1298e-03 | time: 0.161
I 06.01/01:04:44 solver.py:136 ] Epoch: [177/400][200/400] lr: 1.53e-04 | MSE loss: 6.1341e-03 | time: 0.160
I 06.01/01:04:47 solver.py:136 ] Epoch: [177/400][220/400] lr: 1.53e-04 | MSE loss: 6.1207e-03 | time: 0.160
I 06.01/01:04:50 solver.py:136 ] Epoch: [177/400][240/400] lr: 1.53e-04 | MSE loss: 6.1341e-03 | time: 0.159
I 06.01/01:04:53 solver.py:136 ] Epoch: [177/400][260/400] lr: 1.53e-04 | MSE loss: 6.1113e-03 | time: 0.159
I 06.01/01:04:56 solver.py:136 ] Epoch: [177/400][280/400] lr: 1.53e-04 | MSE loss: 6.1111e-03 | time: 0.156
I 06.01/01:04:59 solver.py:136 ] Epoch: [177/400][300/400] lr: 1.53e-04 | MSE loss: 6.1035e-03 | time: 0.157
I 06.01/01:05:05 solver.py:136 ] Epoch: [177/400][320/400] lr: 1.53e-04 | MSE loss: 6.0941e-03 | time: 0.165
I 06.01/01:05:08 solver.py:136 ] Epoch: [177/400][340/400] lr: 1.53e-04 | MSE loss: 6.0950e-03 | time: 0.165
I 06.01/01:05:11 solver.py:136 ] Epoch: [177/400][360/400] lr: 1.53e-04 | MSE loss: 6.0862e-03 | time: 0.163
I 06.01/01:05:14 solver.py:136 ] Epoch: [177/400][380/400] lr: 1.53e-04 | MSE loss: 6.0864e-03 | time: 0.162
I 06.01/01:05:17 solver.py:136 ] Epoch: [177/400][400/400] lr: 1.52e-04 | MSE loss: 6.0948e-03 | time: 0.162
I 06.01/01:05:17 solver.py:146 ] => Train  Loss: 6.0948e-03

I 06.01/01:05:22 solver.py:205 ] 
=! Best NMSE: -1.8922e+01 (epoch=170)

I 06.01/01:05:25 solver.py:136 ] Epoch: [178/400][20/400] lr: 1.52e-04 | MSE loss: 5.5113e-03 | time: 0.141
I 06.01/01:05:28 solver.py:136 ] Epoch: [178/400][40/400] lr: 1.52e-04 | MSE loss: 5.8436e-03 | time: 0.138
I 06.01/01:05:30 solver.py:136 ] Epoch: [178/400][60/400] lr: 1.52e-04 | MSE loss: 5.8621e-03 | time: 0.138
I 06.01/01:05:34 solver.py:136 ] Epoch: [178/400][80/400] lr: 1.52e-04 | MSE loss: 5.9506e-03 | time: 0.144
I 06.01/01:05:37 solver.py:136 ] Epoch: [178/400][100/400] lr: 1.52e-04 | MSE loss: 5.9942e-03 | time: 0.148
I 06.01/01:05:40 solver.py:136 ] Epoch: [178/400][120/400] lr: 1.52e-04 | MSE loss: 6.0037e-03 | time: 0.151
I 06.01/01:05:43 solver.py:136 ] Epoch: [178/400][140/400] lr: 1.52e-04 | MSE loss: 6.0451e-03 | time: 0.152
I 06.01/01:05:46 solver.py:136 ] Epoch: [178/400][160/400] lr: 1.52e-04 | MSE loss: 5.9893e-03 | time: 0.151
I 06.01/01:05:50 solver.py:136 ] Epoch: [178/400][180/400] lr: 1.52e-04 | MSE loss: 6.0071e-03 | time: 0.155
I 06.01/01:05:54 solver.py:136 ] Epoch: [178/400][200/400] lr: 1.52e-04 | MSE loss: 6.0355e-03 | time: 0.157
I 06.01/01:05:57 solver.py:136 ] Epoch: [178/400][220/400] lr: 1.52e-04 | MSE loss: 6.0259e-03 | time: 0.157
I 06.01/01:06:00 solver.py:136 ] Epoch: [178/400][240/400] lr: 1.52e-04 | MSE loss: 6.0523e-03 | time: 0.159
I 06.01/01:06:06 solver.py:136 ] Epoch: [178/400][260/400] lr: 1.52e-04 | MSE loss: 6.0737e-03 | time: 0.167
I 06.01/01:06:09 solver.py:136 ] Epoch: [178/400][280/400] lr: 1.52e-04 | MSE loss: 6.0685e-03 | time: 0.166
I 06.01/01:06:12 solver.py:136 ] Epoch: [178/400][300/400] lr: 1.52e-04 | MSE loss: 6.0791e-03 | time: 0.165
I 06.01/01:06:15 solver.py:136 ] Epoch: [178/400][320/400] lr: 1.52e-04 | MSE loss: 6.0767e-03 | time: 0.165
I 06.01/01:06:18 solver.py:136 ] Epoch: [178/400][340/400] lr: 1.52e-04 | MSE loss: 6.0788e-03 | time: 0.165
I 06.01/01:06:22 solver.py:136 ] Epoch: [178/400][360/400] lr: 1.52e-04 | MSE loss: 6.0988e-03 | time: 0.165
I 06.01/01:06:25 solver.py:136 ] Epoch: [178/400][380/400] lr: 1.52e-04 | MSE loss: 6.0965e-03 | time: 0.164
I 06.01/01:06:28 solver.py:136 ] Epoch: [178/400][400/400] lr: 1.52e-04 | MSE loss: 6.0922e-03 | time: 0.164
I 06.01/01:06:28 solver.py:146 ] => Train  Loss: 6.0922e-03

I 06.01/01:06:33 solver.py:205 ] 
=! Best NMSE: -1.8922e+01 (epoch=170)

I 06.01/01:06:36 solver.py:136 ] Epoch: [179/400][20/400] lr: 1.52e-04 | MSE loss: 6.3133e-03 | time: 0.162
I 06.01/01:06:39 solver.py:136 ] Epoch: [179/400][40/400] lr: 1.52e-04 | MSE loss: 6.1929e-03 | time: 0.150
I 06.01/01:06:42 solver.py:136 ] Epoch: [179/400][60/400] lr: 1.52e-04 | MSE loss: 6.0474e-03 | time: 0.153
I 06.01/01:06:45 solver.py:136 ] Epoch: [179/400][80/400] lr: 1.52e-04 | MSE loss: 6.0025e-03 | time: 0.152
I 06.01/01:06:48 solver.py:136 ] Epoch: [179/400][100/400] lr: 1.52e-04 | MSE loss: 6.0502e-03 | time: 0.154
I 06.01/01:06:51 solver.py:136 ] Epoch: [179/400][120/400] lr: 1.52e-04 | MSE loss: 6.0446e-03 | time: 0.157
I 06.01/01:06:55 solver.py:136 ] Epoch: [179/400][140/400] lr: 1.52e-04 | MSE loss: 6.0455e-03 | time: 0.161
I 06.01/01:06:58 solver.py:136 ] Epoch: [179/400][160/400] lr: 1.52e-04 | MSE loss: 6.0846e-03 | time: 0.161
I 06.01/01:07:02 solver.py:136 ] Epoch: [179/400][180/400] lr: 1.52e-04 | MSE loss: 6.0823e-03 | time: 0.163
I 06.01/01:07:06 solver.py:136 ] Epoch: [179/400][200/400] lr: 1.52e-04 | MSE loss: 6.1193e-03 | time: 0.168
I 06.01/01:07:10 solver.py:136 ] Epoch: [179/400][220/400] lr: 1.52e-04 | MSE loss: 6.1168e-03 | time: 0.168
I 06.01/01:07:13 solver.py:136 ] Epoch: [179/400][240/400] lr: 1.52e-04 | MSE loss: 6.1095e-03 | time: 0.167
I 06.01/01:07:16 solver.py:136 ] Epoch: [179/400][260/400] lr: 1.51e-04 | MSE loss: 6.0897e-03 | time: 0.167
I 06.01/01:07:19 solver.py:136 ] Epoch: [179/400][280/400] lr: 1.51e-04 | MSE loss: 6.0891e-03 | time: 0.167
I 06.01/01:07:22 solver.py:136 ] Epoch: [179/400][300/400] lr: 1.51e-04 | MSE loss: 6.1134e-03 | time: 0.166
I 06.01/01:07:25 solver.py:136 ] Epoch: [179/400][320/400] lr: 1.51e-04 | MSE loss: 6.1129e-03 | time: 0.164
I 06.01/01:07:28 solver.py:136 ] Epoch: [179/400][340/400] lr: 1.51e-04 | MSE loss: 6.0904e-03 | time: 0.163
I 06.01/01:07:32 solver.py:136 ] Epoch: [179/400][360/400] lr: 1.51e-04 | MSE loss: 6.0694e-03 | time: 0.164
I 06.01/01:07:35 solver.py:136 ] Epoch: [179/400][380/400] lr: 1.51e-04 | MSE loss: 6.0858e-03 | time: 0.164
I 06.01/01:07:38 solver.py:136 ] Epoch: [179/400][400/400] lr: 1.51e-04 | MSE loss: 6.0910e-03 | time: 0.164
I 06.01/01:07:38 solver.py:146 ] => Train  Loss: 6.0910e-03

I 06.01/01:07:44 solver.py:205 ] 
=! Best NMSE: -1.8922e+01 (epoch=170)

I 06.01/01:07:47 solver.py:136 ] Epoch: [180/400][20/400] lr: 1.51e-04 | MSE loss: 6.1997e-03 | time: 0.154
I 06.01/01:07:49 solver.py:136 ] Epoch: [180/400][40/400] lr: 1.51e-04 | MSE loss: 6.2259e-03 | time: 0.145
I 06.01/01:07:53 solver.py:136 ] Epoch: [180/400][60/400] lr: 1.51e-04 | MSE loss: 6.0300e-03 | time: 0.157
I 06.01/01:07:56 solver.py:136 ] Epoch: [180/400][80/400] lr: 1.51e-04 | MSE loss: 6.0553e-03 | time: 0.156
I 06.01/01:07:59 solver.py:136 ] Epoch: [180/400][100/400] lr: 1.51e-04 | MSE loss: 6.1047e-03 | time: 0.156
I 06.01/01:08:04 solver.py:136 ] Epoch: [180/400][120/400] lr: 1.51e-04 | MSE loss: 6.0465e-03 | time: 0.172
I 06.01/01:08:08 solver.py:136 ] Epoch: [180/400][140/400] lr: 1.51e-04 | MSE loss: 6.0028e-03 | time: 0.173
I 06.01/01:08:11 solver.py:136 ] Epoch: [180/400][160/400] lr: 1.51e-04 | MSE loss: 6.0112e-03 | time: 0.174
I 06.01/01:08:15 solver.py:136 ] Epoch: [180/400][180/400] lr: 1.51e-04 | MSE loss: 6.0200e-03 | time: 0.175
I 06.01/01:08:18 solver.py:136 ] Epoch: [180/400][200/400] lr: 1.51e-04 | MSE loss: 6.0443e-03 | time: 0.173
I 06.01/01:08:21 solver.py:136 ] Epoch: [180/400][220/400] lr: 1.51e-04 | MSE loss: 6.0303e-03 | time: 0.170
I 06.01/01:08:25 solver.py:136 ] Epoch: [180/400][240/400] lr: 1.51e-04 | MSE loss: 6.0607e-03 | time: 0.172
I 06.01/01:08:28 solver.py:136 ] Epoch: [180/400][260/400] lr: 1.51e-04 | MSE loss: 6.0622e-03 | time: 0.172
I 06.01/01:08:31 solver.py:136 ] Epoch: [180/400][280/400] lr: 1.51e-04 | MSE loss: 6.0551e-03 | time: 0.171
I 06.01/01:08:35 solver.py:136 ] Epoch: [180/400][300/400] lr: 1.51e-04 | MSE loss: 6.0517e-03 | time: 0.170
I 06.01/01:08:37 solver.py:136 ] Epoch: [180/400][320/400] lr: 1.51e-04 | MSE loss: 6.0598e-03 | time: 0.168
I 06.01/01:08:40 solver.py:136 ] Epoch: [180/400][340/400] lr: 1.51e-04 | MSE loss: 6.0678e-03 | time: 0.167
I 06.01/01:08:44 solver.py:136 ] Epoch: [180/400][360/400] lr: 1.51e-04 | MSE loss: 6.0751e-03 | time: 0.167
I 06.01/01:08:47 solver.py:136 ] Epoch: [180/400][380/400] lr: 1.51e-04 | MSE loss: 6.0873e-03 | time: 0.167
I 06.01/01:08:50 solver.py:136 ] Epoch: [180/400][400/400] lr: 1.51e-04 | MSE loss: 6.0814e-03 | time: 0.166
I 06.01/01:08:50 solver.py:146 ] => Train  Loss: 6.0814e-03

I 06.01/01:08:54 solver.py:136 ] Epoch: [180/400][20/50] lr: 1.51e-04 | MSE loss: 6.6132e-03 | time: 0.157
I 06.01/01:08:57 solver.py:136 ] Epoch: [180/400][40/50] lr: 1.51e-04 | MSE loss: 6.4161e-03 | time: 0.161
I 06.01/01:08:58 solver.py:146 ] => Val  Loss: 6.3730e-03

I 06.01/01:09:02 solver.py:287 ] [20/50] loss: 6.4813e-03 | NMSE: -1.8938e+01 | time: 0.186
I 06.01/01:09:06 solver.py:287 ] [40/50] loss: 6.4396e-03 | NMSE: -1.8950e+01 | time: 0.205
I 06.01/01:09:08 solver.py:291 ] => Test NMSE: -1.8987e+01

I 06.01/01:09:19 solver.py:205 ] 
=! Best NMSE: -1.8987e+01 (epoch=180)

I 06.01/01:09:23 solver.py:136 ] Epoch: [181/400][20/400] lr: 1.51e-04 | MSE loss: 6.2635e-03 | time: 0.201
I 06.01/01:09:27 solver.py:136 ] Epoch: [181/400][40/400] lr: 1.51e-04 | MSE loss: 5.9578e-03 | time: 0.190
I 06.01/01:09:30 solver.py:136 ] Epoch: [181/400][60/400] lr: 1.51e-04 | MSE loss: 5.8980e-03 | time: 0.187
I 06.01/01:09:33 solver.py:136 ] Epoch: [181/400][80/400] lr: 1.51e-04 | MSE loss: 6.0108e-03 | time: 0.178
I 06.01/01:09:36 solver.py:136 ] Epoch: [181/400][100/400] lr: 1.50e-04 | MSE loss: 5.9877e-03 | time: 0.173
I 06.01/01:09:40 solver.py:136 ] Epoch: [181/400][120/400] lr: 1.50e-04 | MSE loss: 6.0885e-03 | time: 0.174
I 06.01/01:09:43 solver.py:136 ] Epoch: [181/400][140/400] lr: 1.50e-04 | MSE loss: 6.0331e-03 | time: 0.173
I 06.01/01:09:47 solver.py:136 ] Epoch: [181/400][160/400] lr: 1.50e-04 | MSE loss: 5.9925e-03 | time: 0.172
I 06.01/01:09:49 solver.py:136 ] Epoch: [181/400][180/400] lr: 1.50e-04 | MSE loss: 6.0011e-03 | time: 0.169
I 06.01/01:09:52 solver.py:136 ] Epoch: [181/400][200/400] lr: 1.50e-04 | MSE loss: 6.0379e-03 | time: 0.165
I 06.01/01:09:56 solver.py:136 ] Epoch: [181/400][220/400] lr: 1.50e-04 | MSE loss: 6.0244e-03 | time: 0.167
I 06.01/01:09:59 solver.py:136 ] Epoch: [181/400][240/400] lr: 1.50e-04 | MSE loss: 6.0400e-03 | time: 0.167
I 06.01/01:10:04 solver.py:136 ] Epoch: [181/400][260/400] lr: 1.50e-04 | MSE loss: 6.0101e-03 | time: 0.173
I 06.01/01:10:08 solver.py:136 ] Epoch: [181/400][280/400] lr: 1.50e-04 | MSE loss: 5.9915e-03 | time: 0.173
I 06.01/01:10:11 solver.py:136 ] Epoch: [181/400][300/400] lr: 1.50e-04 | MSE loss: 6.0012e-03 | time: 0.171
I 06.01/01:10:14 solver.py:136 ] Epoch: [181/400][320/400] lr: 1.50e-04 | MSE loss: 6.0434e-03 | time: 0.171
I 06.01/01:10:17 solver.py:136 ] Epoch: [181/400][340/400] lr: 1.50e-04 | MSE loss: 6.0518e-03 | time: 0.169
I 06.01/01:10:20 solver.py:136 ] Epoch: [181/400][360/400] lr: 1.50e-04 | MSE loss: 6.0477e-03 | time: 0.169
I 06.01/01:10:23 solver.py:136 ] Epoch: [181/400][380/400] lr: 1.50e-04 | MSE loss: 6.0703e-03 | time: 0.169
I 06.01/01:10:27 solver.py:136 ] Epoch: [181/400][400/400] lr: 1.50e-04 | MSE loss: 6.0763e-03 | time: 0.168
I 06.01/01:10:27 solver.py:146 ] => Train  Loss: 6.0763e-03

I 06.01/01:10:33 solver.py:205 ] 
=! Best NMSE: -1.8987e+01 (epoch=180)

I 06.01/01:10:37 solver.py:136 ] Epoch: [182/400][20/400] lr: 1.50e-04 | MSE loss: 6.2741e-03 | time: 0.188
I 06.01/01:10:40 solver.py:136 ] Epoch: [182/400][40/400] lr: 1.50e-04 | MSE loss: 6.3124e-03 | time: 0.179
I 06.01/01:10:44 solver.py:136 ] Epoch: [182/400][60/400] lr: 1.50e-04 | MSE loss: 6.1100e-03 | time: 0.173
I 06.01/01:10:47 solver.py:136 ] Epoch: [182/400][80/400] lr: 1.50e-04 | MSE loss: 6.0633e-03 | time: 0.172
I 06.01/01:10:51 solver.py:136 ] Epoch: [182/400][100/400] lr: 1.50e-04 | MSE loss: 6.0582e-03 | time: 0.175
I 06.01/01:10:54 solver.py:136 ] Epoch: [182/400][120/400] lr: 1.50e-04 | MSE loss: 6.0402e-03 | time: 0.176
I 06.01/01:10:58 solver.py:136 ] Epoch: [182/400][140/400] lr: 1.50e-04 | MSE loss: 5.9987e-03 | time: 0.176
I 06.01/01:11:02 solver.py:136 ] Epoch: [182/400][160/400] lr: 1.50e-04 | MSE loss: 6.0034e-03 | time: 0.180
I 06.01/01:11:06 solver.py:136 ] Epoch: [182/400][180/400] lr: 1.50e-04 | MSE loss: 5.9847e-03 | time: 0.184
I 06.01/01:11:10 solver.py:136 ] Epoch: [182/400][200/400] lr: 1.50e-04 | MSE loss: 5.9824e-03 | time: 0.182
I 06.01/01:11:13 solver.py:136 ] Epoch: [182/400][220/400] lr: 1.50e-04 | MSE loss: 6.0074e-03 | time: 0.180
I 06.01/01:11:16 solver.py:136 ] Epoch: [182/400][240/400] lr: 1.50e-04 | MSE loss: 6.0080e-03 | time: 0.180
I 06.01/01:11:19 solver.py:136 ] Epoch: [182/400][260/400] lr: 1.50e-04 | MSE loss: 6.0275e-03 | time: 0.177
I 06.01/01:11:23 solver.py:136 ] Epoch: [182/400][280/400] lr: 1.50e-04 | MSE loss: 6.0222e-03 | time: 0.177
I 06.01/01:11:27 solver.py:136 ] Epoch: [182/400][300/400] lr: 1.50e-04 | MSE loss: 6.0553e-03 | time: 0.179
I 06.01/01:11:30 solver.py:136 ] Epoch: [182/400][320/400] lr: 1.50e-04 | MSE loss: 6.0249e-03 | time: 0.178
I 06.01/01:11:33 solver.py:136 ] Epoch: [182/400][340/400] lr: 1.50e-04 | MSE loss: 6.0562e-03 | time: 0.176
I 06.01/01:11:37 solver.py:136 ] Epoch: [182/400][360/400] lr: 1.49e-04 | MSE loss: 6.0509e-03 | time: 0.176
I 06.01/01:11:40 solver.py:136 ] Epoch: [182/400][380/400] lr: 1.49e-04 | MSE loss: 6.0671e-03 | time: 0.174
I 06.01/01:11:43 solver.py:136 ] Epoch: [182/400][400/400] lr: 1.49e-04 | MSE loss: 6.0754e-03 | time: 0.174
I 06.01/01:11:43 solver.py:146 ] => Train  Loss: 6.0754e-03

I 06.01/01:11:48 solver.py:205 ] 
=! Best NMSE: -1.8987e+01 (epoch=180)

I 06.01/01:11:52 solver.py:136 ] Epoch: [183/400][20/400] lr: 1.49e-04 | MSE loss: 6.0590e-03 | time: 0.176
I 06.01/01:11:56 solver.py:136 ] Epoch: [183/400][40/400] lr: 1.49e-04 | MSE loss: 6.1003e-03 | time: 0.175
I 06.01/01:11:59 solver.py:136 ] Epoch: [183/400][60/400] lr: 1.49e-04 | MSE loss: 6.1578e-03 | time: 0.176
I 06.01/01:12:04 solver.py:136 ] Epoch: [183/400][80/400] lr: 1.49e-04 | MSE loss: 6.0481e-03 | time: 0.195
I 06.01/01:12:08 solver.py:136 ] Epoch: [183/400][100/400] lr: 1.49e-04 | MSE loss: 6.1134e-03 | time: 0.191
I 06.01/01:12:11 solver.py:136 ] Epoch: [183/400][120/400] lr: 1.49e-04 | MSE loss: 6.0453e-03 | time: 0.188
I 06.01/01:12:14 solver.py:136 ] Epoch: [183/400][140/400] lr: 1.49e-04 | MSE loss: 6.1142e-03 | time: 0.184
I 06.01/01:12:17 solver.py:136 ] Epoch: [183/400][160/400] lr: 1.49e-04 | MSE loss: 6.1092e-03 | time: 0.179
I 06.01/01:12:20 solver.py:136 ] Epoch: [183/400][180/400] lr: 1.49e-04 | MSE loss: 6.0816e-03 | time: 0.175
I 06.01/01:12:23 solver.py:136 ] Epoch: [183/400][200/400] lr: 1.49e-04 | MSE loss: 6.0755e-03 | time: 0.174
I 06.01/01:12:27 solver.py:136 ] Epoch: [183/400][220/400] lr: 1.49e-04 | MSE loss: 6.0949e-03 | time: 0.174
I 06.01/01:12:30 solver.py:136 ] Epoch: [183/400][240/400] lr: 1.49e-04 | MSE loss: 6.0540e-03 | time: 0.172
I 06.01/01:12:32 solver.py:136 ] Epoch: [183/400][260/400] lr: 1.49e-04 | MSE loss: 6.0558e-03 | time: 0.168
I 06.01/01:12:35 solver.py:136 ] Epoch: [183/400][280/400] lr: 1.49e-04 | MSE loss: 6.0514e-03 | time: 0.165
I 06.01/01:12:38 solver.py:136 ] Epoch: [183/400][300/400] lr: 1.49e-04 | MSE loss: 6.0531e-03 | time: 0.166
I 06.01/01:12:41 solver.py:136 ] Epoch: [183/400][320/400] lr: 1.49e-04 | MSE loss: 6.0556e-03 | time: 0.165
I 06.01/01:12:44 solver.py:136 ] Epoch: [183/400][340/400] lr: 1.49e-04 | MSE loss: 6.0538e-03 | time: 0.164
I 06.01/01:12:47 solver.py:136 ] Epoch: [183/400][360/400] lr: 1.49e-04 | MSE loss: 6.0567e-03 | time: 0.163
I 06.01/01:12:51 solver.py:136 ] Epoch: [183/400][380/400] lr: 1.49e-04 | MSE loss: 6.0794e-03 | time: 0.164
I 06.01/01:12:54 solver.py:136 ] Epoch: [183/400][400/400] lr: 1.49e-04 | MSE loss: 6.0629e-03 | time: 0.163
I 06.01/01:12:54 solver.py:146 ] => Train  Loss: 6.0629e-03

I 06.01/01:12:59 solver.py:205 ] 
=! Best NMSE: -1.8987e+01 (epoch=180)

I 06.01/01:13:04 solver.py:136 ] Epoch: [184/400][20/400] lr: 1.49e-04 | MSE loss: 5.3896e-03 | time: 0.284
I 06.01/01:13:08 solver.py:136 ] Epoch: [184/400][40/400] lr: 1.49e-04 | MSE loss: 5.8197e-03 | time: 0.232
I 06.01/01:13:12 solver.py:136 ] Epoch: [184/400][60/400] lr: 1.49e-04 | MSE loss: 5.8970e-03 | time: 0.219
I 06.01/01:13:15 solver.py:136 ] Epoch: [184/400][80/400] lr: 1.49e-04 | MSE loss: 5.8775e-03 | time: 0.205
I 06.01/01:13:19 solver.py:136 ] Epoch: [184/400][100/400] lr: 1.49e-04 | MSE loss: 5.9670e-03 | time: 0.199
I 06.01/01:13:22 solver.py:136 ] Epoch: [184/400][120/400] lr: 1.49e-04 | MSE loss: 5.9496e-03 | time: 0.194
I 06.01/01:13:25 solver.py:136 ] Epoch: [184/400][140/400] lr: 1.49e-04 | MSE loss: 5.9268e-03 | time: 0.192
I 06.01/01:13:29 solver.py:136 ] Epoch: [184/400][160/400] lr: 1.49e-04 | MSE loss: 5.9763e-03 | time: 0.188
I 06.01/01:13:32 solver.py:136 ] Epoch: [184/400][180/400] lr: 1.49e-04 | MSE loss: 6.0163e-03 | time: 0.183
I 06.01/01:13:35 solver.py:136 ] Epoch: [184/400][200/400] lr: 1.48e-04 | MSE loss: 6.0195e-03 | time: 0.183
I 06.01/01:13:38 solver.py:136 ] Epoch: [184/400][220/400] lr: 1.48e-04 | MSE loss: 6.0371e-03 | time: 0.181
I 06.01/01:13:41 solver.py:136 ] Epoch: [184/400][240/400] lr: 1.48e-04 | MSE loss: 6.0283e-03 | time: 0.178
I 06.01/01:13:44 solver.py:136 ] Epoch: [184/400][260/400] lr: 1.48e-04 | MSE loss: 6.0526e-03 | time: 0.173
I 06.01/01:13:46 solver.py:136 ] Epoch: [184/400][280/400] lr: 1.48e-04 | MSE loss: 6.0704e-03 | time: 0.171
I 06.01/01:13:49 solver.py:136 ] Epoch: [184/400][300/400] lr: 1.48e-04 | MSE loss: 6.0699e-03 | time: 0.169
I 06.01/01:13:53 solver.py:136 ] Epoch: [184/400][320/400] lr: 1.48e-04 | MSE loss: 6.0991e-03 | time: 0.169
I 06.01/01:13:56 solver.py:136 ] Epoch: [184/400][340/400] lr: 1.48e-04 | MSE loss: 6.0822e-03 | time: 0.168
I 06.01/01:13:59 solver.py:136 ] Epoch: [184/400][360/400] lr: 1.48e-04 | MSE loss: 6.0583e-03 | time: 0.168
I 06.01/01:14:04 solver.py:136 ] Epoch: [184/400][380/400] lr: 1.48e-04 | MSE loss: 6.0412e-03 | time: 0.173
I 06.01/01:14:08 solver.py:136 ] Epoch: [184/400][400/400] lr: 1.48e-04 | MSE loss: 6.0717e-03 | time: 0.174
I 06.01/01:14:08 solver.py:146 ] => Train  Loss: 6.0717e-03

I 06.01/01:14:14 solver.py:205 ] 
=! Best NMSE: -1.8987e+01 (epoch=180)

I 06.01/01:14:18 solver.py:136 ] Epoch: [185/400][20/400] lr: 1.48e-04 | MSE loss: 5.6139e-03 | time: 0.194
I 06.01/01:14:21 solver.py:136 ] Epoch: [185/400][40/400] lr: 1.48e-04 | MSE loss: 5.9117e-03 | time: 0.182
I 06.01/01:14:25 solver.py:136 ] Epoch: [185/400][60/400] lr: 1.48e-04 | MSE loss: 5.9931e-03 | time: 0.176
I 06.01/01:14:28 solver.py:136 ] Epoch: [185/400][80/400] lr: 1.48e-04 | MSE loss: 5.9920e-03 | time: 0.177
I 06.01/01:14:32 solver.py:136 ] Epoch: [185/400][100/400] lr: 1.48e-04 | MSE loss: 5.9874e-03 | time: 0.178
I 06.01/01:14:35 solver.py:136 ] Epoch: [185/400][120/400] lr: 1.48e-04 | MSE loss: 5.9840e-03 | time: 0.175
I 06.01/01:14:39 solver.py:136 ] Epoch: [185/400][140/400] lr: 1.48e-04 | MSE loss: 5.9820e-03 | time: 0.176
I 06.01/01:14:42 solver.py:136 ] Epoch: [185/400][160/400] lr: 1.48e-04 | MSE loss: 6.0115e-03 | time: 0.172
I 06.01/01:14:44 solver.py:136 ] Epoch: [185/400][180/400] lr: 1.48e-04 | MSE loss: 6.0245e-03 | time: 0.167
I 06.01/01:14:47 solver.py:136 ] Epoch: [185/400][200/400] lr: 1.48e-04 | MSE loss: 6.0626e-03 | time: 0.166
I 06.01/01:14:51 solver.py:136 ] Epoch: [185/400][220/400] lr: 1.48e-04 | MSE loss: 6.0606e-03 | time: 0.167
I 06.01/01:14:54 solver.py:136 ] Epoch: [185/400][240/400] lr: 1.48e-04 | MSE loss: 6.0734e-03 | time: 0.168
I 06.01/01:14:58 solver.py:136 ] Epoch: [185/400][260/400] lr: 1.48e-04 | MSE loss: 6.0826e-03 | time: 0.168
I 06.01/01:15:02 solver.py:136 ] Epoch: [185/400][280/400] lr: 1.48e-04 | MSE loss: 6.1002e-03 | time: 0.170
I 06.01/01:15:06 solver.py:136 ] Epoch: [185/400][300/400] lr: 1.48e-04 | MSE loss: 6.0761e-03 | time: 0.174
I 06.01/01:15:10 solver.py:136 ] Epoch: [185/400][320/400] lr: 1.48e-04 | MSE loss: 6.0568e-03 | time: 0.174
I 06.01/01:15:12 solver.py:136 ] Epoch: [185/400][340/400] lr: 1.48e-04 | MSE loss: 6.0516e-03 | time: 0.171
I 06.01/01:15:15 solver.py:136 ] Epoch: [185/400][360/400] lr: 1.48e-04 | MSE loss: 6.0501e-03 | time: 0.170
I 06.01/01:15:18 solver.py:136 ] Epoch: [185/400][380/400] lr: 1.48e-04 | MSE loss: 6.0485e-03 | time: 0.169
I 06.01/01:15:22 solver.py:136 ] Epoch: [185/400][400/400] lr: 1.48e-04 | MSE loss: 6.0643e-03 | time: 0.169
I 06.01/01:15:22 solver.py:146 ] => Train  Loss: 6.0643e-03

I 06.01/01:15:26 solver.py:205 ] 
=! Best NMSE: -1.8987e+01 (epoch=180)

I 06.01/01:15:30 solver.py:136 ] Epoch: [186/400][20/400] lr: 1.48e-04 | MSE loss: 6.4996e-03 | time: 0.171
I 06.01/01:15:34 solver.py:136 ] Epoch: [186/400][40/400] lr: 1.47e-04 | MSE loss: 6.3044e-03 | time: 0.179
I 06.01/01:15:37 solver.py:136 ] Epoch: [186/400][60/400] lr: 1.47e-04 | MSE loss: 6.1940e-03 | time: 0.182
I 06.01/01:15:41 solver.py:136 ] Epoch: [186/400][80/400] lr: 1.47e-04 | MSE loss: 6.0433e-03 | time: 0.181
I 06.01/01:15:45 solver.py:136 ] Epoch: [186/400][100/400] lr: 1.47e-04 | MSE loss: 6.0999e-03 | time: 0.180
I 06.01/01:15:48 solver.py:136 ] Epoch: [186/400][120/400] lr: 1.47e-04 | MSE loss: 6.0969e-03 | time: 0.179
I 06.01/01:15:51 solver.py:136 ] Epoch: [186/400][140/400] lr: 1.47e-04 | MSE loss: 6.0924e-03 | time: 0.178
I 06.01/01:15:55 solver.py:136 ] Epoch: [186/400][160/400] lr: 1.47e-04 | MSE loss: 6.0689e-03 | time: 0.175
I 06.01/01:15:57 solver.py:136 ] Epoch: [186/400][180/400] lr: 1.47e-04 | MSE loss: 6.0518e-03 | time: 0.172
I 06.01/01:16:01 solver.py:136 ] Epoch: [186/400][200/400] lr: 1.47e-04 | MSE loss: 6.0676e-03 | time: 0.172
I 06.01/01:16:06 solver.py:136 ] Epoch: [186/400][220/400] lr: 1.47e-04 | MSE loss: 6.0612e-03 | time: 0.180
I 06.01/01:16:10 solver.py:136 ] Epoch: [186/400][240/400] lr: 1.47e-04 | MSE loss: 6.0832e-03 | time: 0.180
I 06.01/01:16:13 solver.py:136 ] Epoch: [186/400][260/400] lr: 1.47e-04 | MSE loss: 6.0670e-03 | time: 0.178
I 06.01/01:16:16 solver.py:136 ] Epoch: [186/400][280/400] lr: 1.47e-04 | MSE loss: 6.0459e-03 | time: 0.175
I 06.01/01:16:18 solver.py:136 ] Epoch: [186/400][300/400] lr: 1.47e-04 | MSE loss: 6.0537e-03 | time: 0.172
I 06.01/01:16:21 solver.py:136 ] Epoch: [186/400][320/400] lr: 1.47e-04 | MSE loss: 6.0449e-03 | time: 0.170
I 06.01/01:16:23 solver.py:136 ] Epoch: [186/400][340/400] lr: 1.47e-04 | MSE loss: 6.0580e-03 | time: 0.167
I 06.01/01:16:26 solver.py:136 ] Epoch: [186/400][360/400] lr: 1.47e-04 | MSE loss: 6.0654e-03 | time: 0.166
I 06.01/01:16:30 solver.py:136 ] Epoch: [186/400][380/400] lr: 1.47e-04 | MSE loss: 6.0424e-03 | time: 0.166
I 06.01/01:16:33 solver.py:136 ] Epoch: [186/400][400/400] lr: 1.47e-04 | MSE loss: 6.0559e-03 | time: 0.166
I 06.01/01:16:33 solver.py:146 ] => Train  Loss: 6.0559e-03

I 06.01/01:16:38 solver.py:205 ] 
=! Best NMSE: -1.8987e+01 (epoch=180)

I 06.01/01:16:41 solver.py:136 ] Epoch: [187/400][20/400] lr: 1.47e-04 | MSE loss: 6.3541e-03 | time: 0.168
I 06.01/01:16:44 solver.py:136 ] Epoch: [187/400][40/400] lr: 1.47e-04 | MSE loss: 6.2285e-03 | time: 0.164
I 06.01/01:16:48 solver.py:136 ] Epoch: [187/400][60/400] lr: 1.47e-04 | MSE loss: 6.0597e-03 | time: 0.165
I 06.01/01:16:51 solver.py:136 ] Epoch: [187/400][80/400] lr: 1.47e-04 | MSE loss: 6.0535e-03 | time: 0.167
I 06.01/01:16:55 solver.py:136 ] Epoch: [187/400][100/400] lr: 1.47e-04 | MSE loss: 5.9773e-03 | time: 0.167
I 06.01/01:16:58 solver.py:136 ] Epoch: [187/400][120/400] lr: 1.47e-04 | MSE loss: 6.0582e-03 | time: 0.167
I 06.01/01:17:02 solver.py:136 ] Epoch: [187/400][140/400] lr: 1.47e-04 | MSE loss: 6.0193e-03 | time: 0.172
I 06.01/01:17:06 solver.py:136 ] Epoch: [187/400][160/400] lr: 1.47e-04 | MSE loss: 5.9986e-03 | time: 0.178
I 06.01/01:17:10 solver.py:136 ] Epoch: [187/400][180/400] lr: 1.47e-04 | MSE loss: 6.0104e-03 | time: 0.177
I 06.01/01:17:13 solver.py:136 ] Epoch: [187/400][200/400] lr: 1.47e-04 | MSE loss: 5.9739e-03 | time: 0.176
I 06.01/01:17:17 solver.py:136 ] Epoch: [187/400][220/400] lr: 1.47e-04 | MSE loss: 6.0110e-03 | time: 0.176
I 06.01/01:17:20 solver.py:136 ] Epoch: [187/400][240/400] lr: 1.47e-04 | MSE loss: 6.0441e-03 | time: 0.176
I 06.01/01:17:23 solver.py:136 ] Epoch: [187/400][260/400] lr: 1.47e-04 | MSE loss: 6.0309e-03 | time: 0.175
I 06.01/01:17:27 solver.py:136 ] Epoch: [187/400][280/400] lr: 1.46e-04 | MSE loss: 6.0283e-03 | time: 0.174
I 06.01/01:17:29 solver.py:136 ] Epoch: [187/400][300/400] lr: 1.46e-04 | MSE loss: 6.0323e-03 | time: 0.172
I 06.01/01:17:32 solver.py:136 ] Epoch: [187/400][320/400] lr: 1.46e-04 | MSE loss: 6.0517e-03 | time: 0.168
I 06.01/01:17:34 solver.py:136 ] Epoch: [187/400][340/400] lr: 1.46e-04 | MSE loss: 6.0449e-03 | time: 0.165
I 06.01/01:17:37 solver.py:136 ] Epoch: [187/400][360/400] lr: 1.46e-04 | MSE loss: 6.0643e-03 | time: 0.164
I 06.01/01:17:40 solver.py:136 ] Epoch: [187/400][380/400] lr: 1.46e-04 | MSE loss: 6.0744e-03 | time: 0.165
I 06.01/01:17:44 solver.py:136 ] Epoch: [187/400][400/400] lr: 1.46e-04 | MSE loss: 6.0575e-03 | time: 0.164
I 06.01/01:17:44 solver.py:146 ] => Train  Loss: 6.0575e-03

I 06.01/01:17:50 solver.py:205 ] 
=! Best NMSE: -1.8987e+01 (epoch=180)

I 06.01/01:17:53 solver.py:136 ] Epoch: [188/400][20/400] lr: 1.46e-04 | MSE loss: 5.9812e-03 | time: 0.188
I 06.01/01:17:57 solver.py:136 ] Epoch: [188/400][40/400] lr: 1.46e-04 | MSE loss: 5.8067e-03 | time: 0.184
I 06.01/01:18:00 solver.py:136 ] Epoch: [188/400][60/400] lr: 1.46e-04 | MSE loss: 5.9067e-03 | time: 0.181
I 06.01/01:18:06 solver.py:136 ] Epoch: [188/400][80/400] lr: 1.46e-04 | MSE loss: 5.9703e-03 | time: 0.202
I 06.01/01:18:09 solver.py:136 ] Epoch: [188/400][100/400] lr: 1.46e-04 | MSE loss: 5.9587e-03 | time: 0.190
I 06.01/01:18:12 solver.py:136 ] Epoch: [188/400][120/400] lr: 1.46e-04 | MSE loss: 5.9103e-03 | time: 0.184
I 06.01/01:18:15 solver.py:136 ] Epoch: [188/400][140/400] lr: 1.46e-04 | MSE loss: 5.9253e-03 | time: 0.181
I 06.01/01:18:18 solver.py:136 ] Epoch: [188/400][160/400] lr: 1.46e-04 | MSE loss: 5.9320e-03 | time: 0.178
I 06.01/01:18:22 solver.py:136 ] Epoch: [188/400][180/400] lr: 1.46e-04 | MSE loss: 5.9610e-03 | time: 0.178
I 06.01/01:18:25 solver.py:136 ] Epoch: [188/400][200/400] lr: 1.46e-04 | MSE loss: 5.9744e-03 | time: 0.176
I 06.01/01:18:28 solver.py:136 ] Epoch: [188/400][220/400] lr: 1.46e-04 | MSE loss: 5.9745e-03 | time: 0.176
I 06.01/01:18:32 solver.py:136 ] Epoch: [188/400][240/400] lr: 1.46e-04 | MSE loss: 6.0091e-03 | time: 0.176
I 06.01/01:18:35 solver.py:136 ] Epoch: [188/400][260/400] lr: 1.46e-04 | MSE loss: 6.0115e-03 | time: 0.175
I 06.01/01:18:39 solver.py:136 ] Epoch: [188/400][280/400] lr: 1.46e-04 | MSE loss: 6.0190e-03 | time: 0.176
I 06.01/01:18:42 solver.py:136 ] Epoch: [188/400][300/400] lr: 1.46e-04 | MSE loss: 6.0380e-03 | time: 0.175
I 06.01/01:18:44 solver.py:136 ] Epoch: [188/400][320/400] lr: 1.46e-04 | MSE loss: 6.0427e-03 | time: 0.171
I 06.01/01:18:46 solver.py:136 ] Epoch: [188/400][340/400] lr: 1.46e-04 | MSE loss: 6.0486e-03 | time: 0.167
I 06.01/01:18:49 solver.py:136 ] Epoch: [188/400][360/400] lr: 1.46e-04 | MSE loss: 6.0273e-03 | time: 0.166
I 06.01/01:18:53 solver.py:136 ] Epoch: [188/400][380/400] lr: 1.46e-04 | MSE loss: 6.0246e-03 | time: 0.166
I 06.01/01:18:55 solver.py:136 ] Epoch: [188/400][400/400] lr: 1.46e-04 | MSE loss: 6.0408e-03 | time: 0.165
I 06.01/01:18:55 solver.py:146 ] => Train  Loss: 6.0408e-03

I 06.01/01:19:01 solver.py:205 ] 
=! Best NMSE: -1.8987e+01 (epoch=180)

I 06.01/01:19:06 solver.py:136 ] Epoch: [189/400][20/400] lr: 1.46e-04 | MSE loss: 6.1899e-03 | time: 0.243
I 06.01/01:19:09 solver.py:136 ] Epoch: [189/400][40/400] lr: 1.46e-04 | MSE loss: 6.0235e-03 | time: 0.210
I 06.01/01:19:13 solver.py:136 ] Epoch: [189/400][60/400] lr: 1.46e-04 | MSE loss: 6.1020e-03 | time: 0.199
I 06.01/01:19:16 solver.py:136 ] Epoch: [189/400][80/400] lr: 1.46e-04 | MSE loss: 6.1485e-03 | time: 0.193
I 06.01/01:19:20 solver.py:136 ] Epoch: [189/400][100/400] lr: 1.46e-04 | MSE loss: 6.0798e-03 | time: 0.188
I 06.01/01:19:23 solver.py:136 ] Epoch: [189/400][120/400] lr: 1.45e-04 | MSE loss: 6.0343e-03 | time: 0.185
I 06.01/01:19:26 solver.py:136 ] Epoch: [189/400][140/400] lr: 1.45e-04 | MSE loss: 6.0234e-03 | time: 0.180
I 06.01/01:19:29 solver.py:136 ] Epoch: [189/400][160/400] lr: 1.45e-04 | MSE loss: 5.9617e-03 | time: 0.176
I 06.01/01:19:32 solver.py:136 ] Epoch: [189/400][180/400] lr: 1.45e-04 | MSE loss: 5.9295e-03 | time: 0.176
I 06.01/01:19:36 solver.py:136 ] Epoch: [189/400][200/400] lr: 1.45e-04 | MSE loss: 5.9111e-03 | time: 0.174
I 06.01/01:19:39 solver.py:136 ] Epoch: [189/400][220/400] lr: 1.45e-04 | MSE loss: 5.9133e-03 | time: 0.174
I 06.01/01:19:42 solver.py:136 ] Epoch: [189/400][240/400] lr: 1.45e-04 | MSE loss: 5.9196e-03 | time: 0.174
I 06.01/01:19:46 solver.py:136 ] Epoch: [189/400][260/400] lr: 1.45e-04 | MSE loss: 5.9507e-03 | time: 0.174
I 06.01/01:19:50 solver.py:136 ] Epoch: [189/400][280/400] lr: 1.45e-04 | MSE loss: 5.9594e-03 | time: 0.174
I 06.01/01:19:53 solver.py:136 ] Epoch: [189/400][300/400] lr: 1.45e-04 | MSE loss: 5.9712e-03 | time: 0.173
I 06.01/01:19:56 solver.py:136 ] Epoch: [189/400][320/400] lr: 1.45e-04 | MSE loss: 6.0049e-03 | time: 0.172
I 06.01/01:19:59 solver.py:136 ] Epoch: [189/400][340/400] lr: 1.45e-04 | MSE loss: 6.0351e-03 | time: 0.170
I 06.01/01:20:03 solver.py:136 ] Epoch: [189/400][360/400] lr: 1.45e-04 | MSE loss: 6.0177e-03 | time: 0.172
I 06.01/01:20:07 solver.py:136 ] Epoch: [189/400][380/400] lr: 1.45e-04 | MSE loss: 6.0231e-03 | time: 0.173
I 06.01/01:20:10 solver.py:136 ] Epoch: [189/400][400/400] lr: 1.45e-04 | MSE loss: 6.0392e-03 | time: 0.173
I 06.01/01:20:10 solver.py:146 ] => Train  Loss: 6.0392e-03

I 06.01/01:20:14 solver.py:205 ] 
=! Best NMSE: -1.8987e+01 (epoch=180)

I 06.01/01:20:18 solver.py:136 ] Epoch: [190/400][20/400] lr: 1.45e-04 | MSE loss: 5.9848e-03 | time: 0.175
I 06.01/01:20:21 solver.py:136 ] Epoch: [190/400][40/400] lr: 1.45e-04 | MSE loss: 6.0767e-03 | time: 0.169
I 06.01/01:20:24 solver.py:136 ] Epoch: [190/400][60/400] lr: 1.45e-04 | MSE loss: 5.8944e-03 | time: 0.166
I 06.01/01:20:28 solver.py:136 ] Epoch: [190/400][80/400] lr: 1.45e-04 | MSE loss: 5.9005e-03 | time: 0.168
I 06.01/01:20:31 solver.py:136 ] Epoch: [190/400][100/400] lr: 1.45e-04 | MSE loss: 5.9256e-03 | time: 0.169
I 06.01/01:20:35 solver.py:136 ] Epoch: [190/400][120/400] lr: 1.45e-04 | MSE loss: 5.9421e-03 | time: 0.169
I 06.01/01:20:38 solver.py:136 ] Epoch: [190/400][140/400] lr: 1.45e-04 | MSE loss: 5.9291e-03 | time: 0.168
I 06.01/01:20:41 solver.py:136 ] Epoch: [190/400][160/400] lr: 1.45e-04 | MSE loss: 5.9392e-03 | time: 0.167
I 06.01/01:20:45 solver.py:136 ] Epoch: [190/400][180/400] lr: 1.45e-04 | MSE loss: 6.0008e-03 | time: 0.168
I 06.01/01:20:48 solver.py:136 ] Epoch: [190/400][200/400] lr: 1.45e-04 | MSE loss: 6.0180e-03 | time: 0.168
I 06.01/01:20:52 solver.py:136 ] Epoch: [190/400][220/400] lr: 1.45e-04 | MSE loss: 6.0138e-03 | time: 0.169
I 06.01/01:20:55 solver.py:136 ] Epoch: [190/400][240/400] lr: 1.45e-04 | MSE loss: 5.9957e-03 | time: 0.170
I 06.01/01:20:59 solver.py:136 ] Epoch: [190/400][260/400] lr: 1.45e-04 | MSE loss: 6.0334e-03 | time: 0.170
I 06.01/01:21:03 solver.py:136 ] Epoch: [190/400][280/400] lr: 1.45e-04 | MSE loss: 6.0317e-03 | time: 0.175
I 06.01/01:21:07 solver.py:136 ] Epoch: [190/400][300/400] lr: 1.45e-04 | MSE loss: 6.0255e-03 | time: 0.177
I 06.01/01:21:11 solver.py:136 ] Epoch: [190/400][320/400] lr: 1.45e-04 | MSE loss: 6.0452e-03 | time: 0.177
I 06.01/01:21:14 solver.py:136 ] Epoch: [190/400][340/400] lr: 1.45e-04 | MSE loss: 6.0337e-03 | time: 0.175
I 06.01/01:21:17 solver.py:136 ] Epoch: [190/400][360/400] lr: 1.44e-04 | MSE loss: 6.0570e-03 | time: 0.174
I 06.01/01:21:21 solver.py:136 ] Epoch: [190/400][380/400] lr: 1.44e-04 | MSE loss: 6.0431e-03 | time: 0.174
I 06.01/01:21:24 solver.py:136 ] Epoch: [190/400][400/400] lr: 1.44e-04 | MSE loss: 6.0308e-03 | time: 0.174
I 06.01/01:21:24 solver.py:146 ] => Train  Loss: 6.0308e-03

I 06.01/01:21:28 solver.py:136 ] Epoch: [190/400][20/50] lr: 1.44e-04 | MSE loss: 6.5624e-03 | time: 0.156
I 06.01/01:21:31 solver.py:136 ] Epoch: [190/400][40/50] lr: 1.44e-04 | MSE loss: 6.3649e-03 | time: 0.157
I 06.01/01:21:32 solver.py:146 ] => Val  Loss: 6.3181e-03

I 06.01/01:21:35 solver.py:287 ] [20/50] loss: 6.4307e-03 | NMSE: -1.8974e+01 | time: 0.167
I 06.01/01:21:38 solver.py:287 ] [40/50] loss: 6.3842e-03 | NMSE: -1.8988e+01 | time: 0.160
I 06.01/01:21:40 solver.py:291 ] => Test NMSE: -1.9026e+01

I 06.01/01:21:50 solver.py:205 ] 
=! Best NMSE: -1.9026e+01 (epoch=190)

I 06.01/01:21:54 solver.py:136 ] Epoch: [191/400][20/400] lr: 1.44e-04 | MSE loss: 5.7516e-03 | time: 0.203
I 06.01/01:21:58 solver.py:136 ] Epoch: [191/400][40/400] lr: 1.44e-04 | MSE loss: 5.7448e-03 | time: 0.186
I 06.01/01:22:03 solver.py:136 ] Epoch: [191/400][60/400] lr: 1.44e-04 | MSE loss: 5.9292e-03 | time: 0.209
I 06.01/01:22:07 solver.py:136 ] Epoch: [191/400][80/400] lr: 1.44e-04 | MSE loss: 5.9897e-03 | time: 0.210
I 06.01/01:22:10 solver.py:136 ] Epoch: [191/400][100/400] lr: 1.44e-04 | MSE loss: 6.0133e-03 | time: 0.202
I 06.01/01:22:14 solver.py:136 ] Epoch: [191/400][120/400] lr: 1.44e-04 | MSE loss: 6.0159e-03 | time: 0.196
I 06.01/01:22:17 solver.py:136 ] Epoch: [191/400][140/400] lr: 1.44e-04 | MSE loss: 5.9986e-03 | time: 0.192
I 06.01/01:22:21 solver.py:136 ] Epoch: [191/400][160/400] lr: 1.44e-04 | MSE loss: 6.0350e-03 | time: 0.189
I 06.01/01:22:24 solver.py:136 ] Epoch: [191/400][180/400] lr: 1.44e-04 | MSE loss: 6.0677e-03 | time: 0.186
I 06.01/01:22:26 solver.py:136 ] Epoch: [191/400][200/400] lr: 1.44e-04 | MSE loss: 6.0868e-03 | time: 0.180
I 06.01/01:22:29 solver.py:136 ] Epoch: [191/400][220/400] lr: 1.44e-04 | MSE loss: 6.1043e-03 | time: 0.177
I 06.01/01:22:33 solver.py:136 ] Epoch: [191/400][240/400] lr: 1.44e-04 | MSE loss: 6.0696e-03 | time: 0.177
I 06.01/01:22:36 solver.py:136 ] Epoch: [191/400][260/400] lr: 1.44e-04 | MSE loss: 6.0716e-03 | time: 0.176
I 06.01/01:22:39 solver.py:136 ] Epoch: [191/400][280/400] lr: 1.44e-04 | MSE loss: 6.0384e-03 | time: 0.175
I 06.01/01:22:42 solver.py:136 ] Epoch: [191/400][300/400] lr: 1.44e-04 | MSE loss: 6.0525e-03 | time: 0.174
I 06.01/01:22:46 solver.py:136 ] Epoch: [191/400][320/400] lr: 1.44e-04 | MSE loss: 6.0446e-03 | time: 0.173
I 06.01/01:22:49 solver.py:136 ] Epoch: [191/400][340/400] lr: 1.44e-04 | MSE loss: 6.0515e-03 | time: 0.171
I 06.01/01:22:52 solver.py:136 ] Epoch: [191/400][360/400] lr: 1.44e-04 | MSE loss: 6.0696e-03 | time: 0.171
I 06.01/01:22:56 solver.py:136 ] Epoch: [191/400][380/400] lr: 1.44e-04 | MSE loss: 6.0483e-03 | time: 0.172
I 06.01/01:22:59 solver.py:136 ] Epoch: [191/400][400/400] lr: 1.44e-04 | MSE loss: 6.0485e-03 | time: 0.172
I 06.01/01:22:59 solver.py:146 ] => Train  Loss: 6.0485e-03

I 06.01/01:23:04 solver.py:205 ] 
=! Best NMSE: -1.9026e+01 (epoch=190)

I 06.01/01:23:08 solver.py:136 ] Epoch: [192/400][20/400] lr: 1.44e-04 | MSE loss: 6.0532e-03 | time: 0.174
I 06.01/01:23:11 solver.py:136 ] Epoch: [192/400][40/400] lr: 1.44e-04 | MSE loss: 6.2014e-03 | time: 0.167
I 06.01/01:23:14 solver.py:136 ] Epoch: [192/400][60/400] lr: 1.44e-04 | MSE loss: 5.9961e-03 | time: 0.167
I 06.01/01:23:18 solver.py:136 ] Epoch: [192/400][80/400] lr: 1.44e-04 | MSE loss: 5.8715e-03 | time: 0.169
I 06.01/01:23:21 solver.py:136 ] Epoch: [192/400][100/400] lr: 1.44e-04 | MSE loss: 5.9223e-03 | time: 0.165
I 06.01/01:23:24 solver.py:136 ] Epoch: [192/400][120/400] lr: 1.44e-04 | MSE loss: 5.9139e-03 | time: 0.165
I 06.01/01:23:27 solver.py:136 ] Epoch: [192/400][140/400] lr: 1.44e-04 | MSE loss: 5.9132e-03 | time: 0.165
I 06.01/01:23:30 solver.py:136 ] Epoch: [192/400][160/400] lr: 1.44e-04 | MSE loss: 5.9747e-03 | time: 0.164
I 06.01/01:23:34 solver.py:136 ] Epoch: [192/400][180/400] lr: 1.43e-04 | MSE loss: 5.9838e-03 | time: 0.166
I 06.01/01:23:37 solver.py:136 ] Epoch: [192/400][200/400] lr: 1.43e-04 | MSE loss: 5.9795e-03 | time: 0.166
I 06.01/01:23:40 solver.py:136 ] Epoch: [192/400][220/400] lr: 1.43e-04 | MSE loss: 5.9823e-03 | time: 0.163
I 06.01/01:23:43 solver.py:136 ] Epoch: [192/400][240/400] lr: 1.43e-04 | MSE loss: 5.9955e-03 | time: 0.161
I 06.01/01:23:46 solver.py:136 ] Epoch: [192/400][260/400] lr: 1.43e-04 | MSE loss: 5.9675e-03 | time: 0.162
I 06.01/01:23:50 solver.py:136 ] Epoch: [192/400][280/400] lr: 1.43e-04 | MSE loss: 5.9872e-03 | time: 0.163
I 06.01/01:23:53 solver.py:136 ] Epoch: [192/400][300/400] lr: 1.43e-04 | MSE loss: 6.0063e-03 | time: 0.164
I 06.01/01:23:57 solver.py:136 ] Epoch: [192/400][320/400] lr: 1.43e-04 | MSE loss: 5.9970e-03 | time: 0.163
I 06.01/01:23:59 solver.py:136 ] Epoch: [192/400][340/400] lr: 1.43e-04 | MSE loss: 6.0227e-03 | time: 0.162
I 06.01/01:24:03 solver.py:136 ] Epoch: [192/400][360/400] lr: 1.43e-04 | MSE loss: 6.0296e-03 | time: 0.163
I 06.01/01:24:06 solver.py:136 ] Epoch: [192/400][380/400] lr: 1.43e-04 | MSE loss: 6.0184e-03 | time: 0.164
I 06.01/01:24:10 solver.py:136 ] Epoch: [192/400][400/400] lr: 1.43e-04 | MSE loss: 6.0160e-03 | time: 0.164
I 06.01/01:24:10 solver.py:146 ] => Train  Loss: 6.0160e-03

I 06.01/01:24:15 solver.py:205 ] 
=! Best NMSE: -1.9026e+01 (epoch=190)

I 06.01/01:24:19 solver.py:136 ] Epoch: [193/400][20/400] lr: 1.43e-04 | MSE loss: 5.9075e-03 | time: 0.194
I 06.01/01:24:21 solver.py:136 ] Epoch: [193/400][40/400] lr: 1.43e-04 | MSE loss: 6.0098e-03 | time: 0.169
I 06.01/01:24:25 solver.py:136 ] Epoch: [193/400][60/400] lr: 1.43e-04 | MSE loss: 6.0718e-03 | time: 0.167
I 06.01/01:24:28 solver.py:136 ] Epoch: [193/400][80/400] lr: 1.43e-04 | MSE loss: 6.0353e-03 | time: 0.170
I 06.01/01:24:31 solver.py:136 ] Epoch: [193/400][100/400] lr: 1.43e-04 | MSE loss: 5.9956e-03 | time: 0.166
I 06.01/01:24:35 solver.py:136 ] Epoch: [193/400][120/400] lr: 1.43e-04 | MSE loss: 6.0514e-03 | time: 0.167
I 06.01/01:24:39 solver.py:136 ] Epoch: [193/400][140/400] lr: 1.43e-04 | MSE loss: 6.0534e-03 | time: 0.170
I 06.01/01:24:42 solver.py:136 ] Epoch: [193/400][160/400] lr: 1.43e-04 | MSE loss: 6.0270e-03 | time: 0.173
I 06.01/01:24:46 solver.py:136 ] Epoch: [193/400][180/400] lr: 1.43e-04 | MSE loss: 6.0077e-03 | time: 0.174
I 06.01/01:24:49 solver.py:136 ] Epoch: [193/400][200/400] lr: 1.43e-04 | MSE loss: 6.0071e-03 | time: 0.172
I 06.01/01:24:52 solver.py:136 ] Epoch: [193/400][220/400] lr: 1.43e-04 | MSE loss: 5.9952e-03 | time: 0.170
I 06.01/01:24:55 solver.py:136 ] Epoch: [193/400][240/400] lr: 1.43e-04 | MSE loss: 6.0032e-03 | time: 0.169
I 06.01/01:24:58 solver.py:136 ] Epoch: [193/400][260/400] lr: 1.43e-04 | MSE loss: 6.0320e-03 | time: 0.168
I 06.01/01:25:03 solver.py:136 ] Epoch: [193/400][280/400] lr: 1.43e-04 | MSE loss: 6.0262e-03 | time: 0.174
I 06.01/01:25:07 solver.py:136 ] Epoch: [193/400][300/400] lr: 1.43e-04 | MSE loss: 6.0487e-03 | time: 0.175
I 06.01/01:25:11 solver.py:136 ] Epoch: [193/400][320/400] lr: 1.43e-04 | MSE loss: 6.0518e-03 | time: 0.175
I 06.01/01:25:14 solver.py:136 ] Epoch: [193/400][340/400] lr: 1.43e-04 | MSE loss: 6.0230e-03 | time: 0.174
I 06.01/01:25:17 solver.py:136 ] Epoch: [193/400][360/400] lr: 1.43e-04 | MSE loss: 6.0278e-03 | time: 0.172
I 06.01/01:25:19 solver.py:136 ] Epoch: [193/400][380/400] lr: 1.43e-04 | MSE loss: 6.0201e-03 | time: 0.170
I 06.01/01:25:22 solver.py:136 ] Epoch: [193/400][400/400] lr: 1.43e-04 | MSE loss: 6.0131e-03 | time: 0.169
I 06.01/01:25:22 solver.py:146 ] => Train  Loss: 6.0131e-03

I 06.01/01:25:26 solver.py:205 ] 
=! Best NMSE: -1.9026e+01 (epoch=190)

I 06.01/01:25:30 solver.py:136 ] Epoch: [194/400][20/400] lr: 1.42e-04 | MSE loss: 5.8051e-03 | time: 0.192
I 06.01/01:25:34 solver.py:136 ] Epoch: [194/400][40/400] lr: 1.42e-04 | MSE loss: 6.0935e-03 | time: 0.179
I 06.01/01:25:37 solver.py:136 ] Epoch: [194/400][60/400] lr: 1.42e-04 | MSE loss: 5.9576e-03 | time: 0.170
I 06.01/01:25:40 solver.py:136 ] Epoch: [194/400][80/400] lr: 1.42e-04 | MSE loss: 5.9594e-03 | time: 0.164
I 06.01/01:25:43 solver.py:136 ] Epoch: [194/400][100/400] lr: 1.42e-04 | MSE loss: 5.9397e-03 | time: 0.163
I 06.01/01:25:47 solver.py:136 ] Epoch: [194/400][120/400] lr: 1.42e-04 | MSE loss: 5.9324e-03 | time: 0.167
I 06.01/01:25:50 solver.py:136 ] Epoch: [194/400][140/400] lr: 1.42e-04 | MSE loss: 5.8832e-03 | time: 0.170
I 06.01/01:25:53 solver.py:136 ] Epoch: [194/400][160/400] lr: 1.42e-04 | MSE loss: 5.8902e-03 | time: 0.169
I 06.01/01:25:57 solver.py:136 ] Epoch: [194/400][180/400] lr: 1.42e-04 | MSE loss: 5.8762e-03 | time: 0.169
I 06.01/01:26:00 solver.py:136 ] Epoch: [194/400][200/400] lr: 1.42e-04 | MSE loss: 5.9006e-03 | time: 0.170
I 06.01/01:26:06 solver.py:136 ] Epoch: [194/400][220/400] lr: 1.42e-04 | MSE loss: 5.9262e-03 | time: 0.177
I 06.01/01:26:09 solver.py:136 ] Epoch: [194/400][240/400] lr: 1.42e-04 | MSE loss: 5.9656e-03 | time: 0.175
I 06.01/01:26:12 solver.py:136 ] Epoch: [194/400][260/400] lr: 1.42e-04 | MSE loss: 5.9845e-03 | time: 0.175
I 06.01/01:26:15 solver.py:136 ] Epoch: [194/400][280/400] lr: 1.42e-04 | MSE loss: 5.9723e-03 | time: 0.174
I 06.01/01:26:19 solver.py:136 ] Epoch: [194/400][300/400] lr: 1.42e-04 | MSE loss: 5.9611e-03 | time: 0.174
I 06.01/01:26:22 solver.py:136 ] Epoch: [194/400][320/400] lr: 1.42e-04 | MSE loss: 5.9625e-03 | time: 0.174
I 06.01/01:26:26 solver.py:136 ] Epoch: [194/400][340/400] lr: 1.42e-04 | MSE loss: 5.9765e-03 | time: 0.174
I 06.01/01:26:29 solver.py:136 ] Epoch: [194/400][360/400] lr: 1.42e-04 | MSE loss: 5.9864e-03 | time: 0.173
I 06.01/01:26:31 solver.py:136 ] Epoch: [194/400][380/400] lr: 1.42e-04 | MSE loss: 6.0131e-03 | time: 0.171
I 06.01/01:26:35 solver.py:136 ] Epoch: [194/400][400/400] lr: 1.42e-04 | MSE loss: 6.0074e-03 | time: 0.171
I 06.01/01:26:35 solver.py:146 ] => Train  Loss: 6.0074e-03

I 06.01/01:26:41 solver.py:205 ] 
=! Best NMSE: -1.9026e+01 (epoch=190)

I 06.01/01:26:45 solver.py:136 ] Epoch: [195/400][20/400] lr: 1.42e-04 | MSE loss: 6.0227e-03 | time: 0.202
I 06.01/01:26:48 solver.py:136 ] Epoch: [195/400][40/400] lr: 1.42e-04 | MSE loss: 5.9498e-03 | time: 0.186
I 06.01/01:26:51 solver.py:136 ] Epoch: [195/400][60/400] lr: 1.42e-04 | MSE loss: 5.9207e-03 | time: 0.167
I 06.01/01:26:54 solver.py:136 ] Epoch: [195/400][80/400] lr: 1.42e-04 | MSE loss: 5.9186e-03 | time: 0.171
I 06.01/01:26:58 solver.py:136 ] Epoch: [195/400][100/400] lr: 1.42e-04 | MSE loss: 5.8923e-03 | time: 0.175
I 06.01/01:27:03 solver.py:136 ] Epoch: [195/400][120/400] lr: 1.42e-04 | MSE loss: 5.9525e-03 | time: 0.188
I 06.01/01:27:08 solver.py:136 ] Epoch: [195/400][140/400] lr: 1.42e-04 | MSE loss: 5.9878e-03 | time: 0.193
I 06.01/01:27:11 solver.py:136 ] Epoch: [195/400][160/400] lr: 1.42e-04 | MSE loss: 5.9680e-03 | time: 0.190
I 06.01/01:27:15 solver.py:136 ] Epoch: [195/400][180/400] lr: 1.42e-04 | MSE loss: 5.9461e-03 | time: 0.189
I 06.01/01:27:18 solver.py:136 ] Epoch: [195/400][200/400] lr: 1.42e-04 | MSE loss: 5.9471e-03 | time: 0.186
I 06.01/01:27:21 solver.py:136 ] Epoch: [195/400][220/400] lr: 1.42e-04 | MSE loss: 5.9657e-03 | time: 0.181
I 06.01/01:27:23 solver.py:136 ] Epoch: [195/400][240/400] lr: 1.41e-04 | MSE loss: 6.0109e-03 | time: 0.178
I 06.01/01:27:27 solver.py:136 ] Epoch: [195/400][260/400] lr: 1.41e-04 | MSE loss: 6.0087e-03 | time: 0.177
I 06.01/01:27:30 solver.py:136 ] Epoch: [195/400][280/400] lr: 1.41e-04 | MSE loss: 6.0059e-03 | time: 0.176
I 06.01/01:27:33 solver.py:136 ] Epoch: [195/400][300/400] lr: 1.41e-04 | MSE loss: 6.0277e-03 | time: 0.176
I 06.01/01:27:37 solver.py:136 ] Epoch: [195/400][320/400] lr: 1.41e-04 | MSE loss: 6.0354e-03 | time: 0.175
I 06.01/01:27:40 solver.py:136 ] Epoch: [195/400][340/400] lr: 1.41e-04 | MSE loss: 6.0338e-03 | time: 0.176
I 06.01/01:27:44 solver.py:136 ] Epoch: [195/400][360/400] lr: 1.41e-04 | MSE loss: 6.0193e-03 | time: 0.175
I 06.01/01:27:47 solver.py:136 ] Epoch: [195/400][380/400] lr: 1.41e-04 | MSE loss: 6.0219e-03 | time: 0.175
I 06.01/01:27:50 solver.py:136 ] Epoch: [195/400][400/400] lr: 1.41e-04 | MSE loss: 6.0057e-03 | time: 0.174
I 06.01/01:27:50 solver.py:146 ] => Train  Loss: 6.0057e-03

I 06.01/01:27:55 solver.py:205 ] 
=! Best NMSE: -1.9026e+01 (epoch=190)

I 06.01/01:27:58 solver.py:136 ] Epoch: [196/400][20/400] lr: 1.41e-04 | MSE loss: 6.0150e-03 | time: 0.156
I 06.01/01:28:01 solver.py:136 ] Epoch: [196/400][40/400] lr: 1.41e-04 | MSE loss: 5.9329e-03 | time: 0.141
I 06.01/01:28:05 solver.py:136 ] Epoch: [196/400][60/400] lr: 1.41e-04 | MSE loss: 5.8632e-03 | time: 0.161
I 06.01/01:28:06 solver.py:136 ] Epoch: [196/400][80/400] lr: 1.41e-04 | MSE loss: 5.8592e-03 | time: 0.143
I 06.01/01:28:09 solver.py:136 ] Epoch: [196/400][100/400] lr: 1.41e-04 | MSE loss: 5.8449e-03 | time: 0.136
I 06.01/01:28:11 solver.py:136 ] Epoch: [196/400][120/400] lr: 1.41e-04 | MSE loss: 5.8775e-03 | time: 0.136
I 06.01/01:28:15 solver.py:136 ] Epoch: [196/400][140/400] lr: 1.41e-04 | MSE loss: 5.9299e-03 | time: 0.139
I 06.01/01:28:18 solver.py:136 ] Epoch: [196/400][160/400] lr: 1.41e-04 | MSE loss: 5.9412e-03 | time: 0.145
I 06.01/01:28:21 solver.py:136 ] Epoch: [196/400][180/400] lr: 1.41e-04 | MSE loss: 6.0021e-03 | time: 0.147
I 06.01/01:28:24 solver.py:136 ] Epoch: [196/400][200/400] lr: 1.41e-04 | MSE loss: 6.0112e-03 | time: 0.146
I 06.01/01:28:28 solver.py:136 ] Epoch: [196/400][220/400] lr: 1.41e-04 | MSE loss: 6.0300e-03 | time: 0.148
I 06.01/01:28:31 solver.py:136 ] Epoch: [196/400][240/400] lr: 1.41e-04 | MSE loss: 6.0181e-03 | time: 0.150
I 06.01/01:28:35 solver.py:136 ] Epoch: [196/400][260/400] lr: 1.41e-04 | MSE loss: 6.0249e-03 | time: 0.154
I 06.01/01:28:38 solver.py:136 ] Epoch: [196/400][280/400] lr: 1.41e-04 | MSE loss: 5.9984e-03 | time: 0.154
I 06.01/01:28:42 solver.py:136 ] Epoch: [196/400][300/400] lr: 1.41e-04 | MSE loss: 5.9712e-03 | time: 0.156
I 06.01/01:28:45 solver.py:136 ] Epoch: [196/400][320/400] lr: 1.41e-04 | MSE loss: 5.9721e-03 | time: 0.157
I 06.01/01:28:49 solver.py:136 ] Epoch: [196/400][340/400] lr: 1.41e-04 | MSE loss: 5.9977e-03 | time: 0.159
I 06.01/01:28:52 solver.py:136 ] Epoch: [196/400][360/400] lr: 1.41e-04 | MSE loss: 6.0101e-03 | time: 0.159
I 06.01/01:28:56 solver.py:136 ] Epoch: [196/400][380/400] lr: 1.41e-04 | MSE loss: 6.0113e-03 | time: 0.159
I 06.01/01:28:58 solver.py:136 ] Epoch: [196/400][400/400] lr: 1.41e-04 | MSE loss: 6.0015e-03 | time: 0.158
I 06.01/01:28:58 solver.py:146 ] => Train  Loss: 6.0015e-03

I 06.01/01:29:04 solver.py:205 ] 
=! Best NMSE: -1.9026e+01 (epoch=190)

I 06.01/01:29:09 solver.py:136 ] Epoch: [197/400][20/400] lr: 1.41e-04 | MSE loss: 5.9314e-03 | time: 0.230
I 06.01/01:29:12 solver.py:136 ] Epoch: [197/400][40/400] lr: 1.41e-04 | MSE loss: 5.8535e-03 | time: 0.194
I 06.01/01:29:15 solver.py:136 ] Epoch: [197/400][60/400] lr: 1.40e-04 | MSE loss: 5.9028e-03 | time: 0.182
I 06.01/01:29:19 solver.py:136 ] Epoch: [197/400][80/400] lr: 1.40e-04 | MSE loss: 5.9651e-03 | time: 0.181
I 06.01/01:29:23 solver.py:136 ] Epoch: [197/400][100/400] lr: 1.40e-04 | MSE loss: 5.9975e-03 | time: 0.180
I 06.01/01:29:26 solver.py:136 ] Epoch: [197/400][120/400] lr: 1.40e-04 | MSE loss: 5.9876e-03 | time: 0.179
I 06.01/01:29:30 solver.py:136 ] Epoch: [197/400][140/400] lr: 1.40e-04 | MSE loss: 6.0325e-03 | time: 0.180
I 06.01/01:29:33 solver.py:136 ] Epoch: [197/400][160/400] lr: 1.40e-04 | MSE loss: 5.9728e-03 | time: 0.180
I 06.01/01:29:37 solver.py:136 ] Epoch: [197/400][180/400] lr: 1.40e-04 | MSE loss: 5.9769e-03 | time: 0.178
I 06.01/01:29:40 solver.py:136 ] Epoch: [197/400][200/400] lr: 1.40e-04 | MSE loss: 5.9682e-03 | time: 0.176
I 06.01/01:29:43 solver.py:136 ] Epoch: [197/400][220/400] lr: 1.40e-04 | MSE loss: 5.9758e-03 | time: 0.174
I 06.01/01:29:46 solver.py:136 ] Epoch: [197/400][240/400] lr: 1.40e-04 | MSE loss: 5.9777e-03 | time: 0.172
I 06.01/01:29:49 solver.py:136 ] Epoch: [197/400][260/400] lr: 1.40e-04 | MSE loss: 5.9929e-03 | time: 0.172
I 06.01/01:29:53 solver.py:136 ] Epoch: [197/400][280/400] lr: 1.40e-04 | MSE loss: 5.9827e-03 | time: 0.173
I 06.01/01:29:56 solver.py:136 ] Epoch: [197/400][300/400] lr: 1.40e-04 | MSE loss: 5.9805e-03 | time: 0.173
I 06.01/01:29:59 solver.py:136 ] Epoch: [197/400][320/400] lr: 1.40e-04 | MSE loss: 5.9944e-03 | time: 0.171
I 06.01/01:30:04 solver.py:136 ] Epoch: [197/400][340/400] lr: 1.40e-04 | MSE loss: 6.0063e-03 | time: 0.176
I 06.01/01:30:07 solver.py:136 ] Epoch: [197/400][360/400] lr: 1.40e-04 | MSE loss: 5.9998e-03 | time: 0.174
I 06.01/01:30:10 solver.py:136 ] Epoch: [197/400][380/400] lr: 1.40e-04 | MSE loss: 6.0015e-03 | time: 0.171
I 06.01/01:30:11 solver.py:136 ] Epoch: [197/400][400/400] lr: 1.40e-04 | MSE loss: 6.0061e-03 | time: 0.167
I 06.01/01:30:11 solver.py:146 ] => Train  Loss: 6.0061e-03

I 06.01/01:30:17 solver.py:205 ] 
=! Best NMSE: -1.9026e+01 (epoch=190)

I 06.01/01:30:21 solver.py:136 ] Epoch: [198/400][20/400] lr: 1.40e-04 | MSE loss: 6.0475e-03 | time: 0.165
I 06.01/01:30:24 solver.py:136 ] Epoch: [198/400][40/400] lr: 1.40e-04 | MSE loss: 5.8727e-03 | time: 0.160
I 06.01/01:30:26 solver.py:136 ] Epoch: [198/400][60/400] lr: 1.40e-04 | MSE loss: 6.0148e-03 | time: 0.152
I 06.01/01:30:29 solver.py:136 ] Epoch: [198/400][80/400] lr: 1.40e-04 | MSE loss: 5.9903e-03 | time: 0.143
I 06.01/01:30:32 solver.py:136 ] Epoch: [198/400][100/400] lr: 1.40e-04 | MSE loss: 5.9888e-03 | time: 0.147
I 06.01/01:30:36 solver.py:136 ] Epoch: [198/400][120/400] lr: 1.40e-04 | MSE loss: 5.9775e-03 | time: 0.154
I 06.01/01:30:40 solver.py:136 ] Epoch: [198/400][140/400] lr: 1.40e-04 | MSE loss: 6.0195e-03 | time: 0.160
I 06.01/01:30:43 solver.py:136 ] Epoch: [198/400][160/400] lr: 1.40e-04 | MSE loss: 6.0561e-03 | time: 0.161
I 06.01/01:30:46 solver.py:136 ] Epoch: [198/400][180/400] lr: 1.40e-04 | MSE loss: 6.0810e-03 | time: 0.158
I 06.01/01:30:49 solver.py:136 ] Epoch: [198/400][200/400] lr: 1.40e-04 | MSE loss: 6.0898e-03 | time: 0.159
I 06.01/01:30:52 solver.py:136 ] Epoch: [198/400][220/400] lr: 1.40e-04 | MSE loss: 6.0644e-03 | time: 0.158
I 06.01/01:30:55 solver.py:136 ] Epoch: [198/400][240/400] lr: 1.40e-04 | MSE loss: 6.0881e-03 | time: 0.158
I 06.01/01:30:58 solver.py:136 ] Epoch: [198/400][260/400] lr: 1.40e-04 | MSE loss: 6.0589e-03 | time: 0.156
I 06.01/01:31:00 solver.py:136 ] Epoch: [198/400][280/400] lr: 1.40e-04 | MSE loss: 6.0429e-03 | time: 0.152
I 06.01/01:31:02 solver.py:136 ] Epoch: [198/400][300/400] lr: 1.39e-04 | MSE loss: 6.0198e-03 | time: 0.149
I 06.01/01:31:06 solver.py:136 ] Epoch: [198/400][320/400] lr: 1.39e-04 | MSE loss: 6.0211e-03 | time: 0.151
I 06.01/01:31:08 solver.py:136 ] Epoch: [198/400][340/400] lr: 1.39e-04 | MSE loss: 6.0180e-03 | time: 0.150
I 06.01/01:31:11 solver.py:136 ] Epoch: [198/400][360/400] lr: 1.39e-04 | MSE loss: 6.0074e-03 | time: 0.150
I 06.01/01:31:14 solver.py:136 ] Epoch: [198/400][380/400] lr: 1.39e-04 | MSE loss: 6.0130e-03 | time: 0.150
I 06.01/01:31:16 solver.py:136 ] Epoch: [198/400][400/400] lr: 1.39e-04 | MSE loss: 5.9965e-03 | time: 0.148
I 06.01/01:31:16 solver.py:146 ] => Train  Loss: 5.9965e-03

I 06.01/01:31:20 solver.py:205 ] 
=! Best NMSE: -1.9026e+01 (epoch=190)

I 06.01/01:31:22 solver.py:136 ] Epoch: [199/400][20/400] lr: 1.39e-04 | MSE loss: 5.9142e-03 | time: 0.116
I 06.01/01:31:24 solver.py:136 ] Epoch: [199/400][40/400] lr: 1.39e-04 | MSE loss: 5.9171e-03 | time: 0.107
I 06.01/01:31:26 solver.py:136 ] Epoch: [199/400][60/400] lr: 1.39e-04 | MSE loss: 6.0849e-03 | time: 0.098
I 06.01/01:31:28 solver.py:136 ] Epoch: [199/400][80/400] lr: 1.39e-04 | MSE loss: 6.0266e-03 | time: 0.098
I 06.01/01:31:31 solver.py:136 ] Epoch: [199/400][100/400] lr: 1.39e-04 | MSE loss: 6.0482e-03 | time: 0.111
I 06.01/01:31:34 solver.py:136 ] Epoch: [199/400][120/400] lr: 1.39e-04 | MSE loss: 6.0363e-03 | time: 0.120
I 06.01/01:31:38 solver.py:136 ] Epoch: [199/400][140/400] lr: 1.39e-04 | MSE loss: 6.0692e-03 | time: 0.126
I 06.01/01:31:41 solver.py:136 ] Epoch: [199/400][160/400] lr: 1.39e-04 | MSE loss: 6.0767e-03 | time: 0.128
I 06.01/01:31:44 solver.py:136 ] Epoch: [199/400][180/400] lr: 1.39e-04 | MSE loss: 6.0441e-03 | time: 0.132
I 06.01/01:31:47 solver.py:136 ] Epoch: [199/400][200/400] lr: 1.39e-04 | MSE loss: 6.0235e-03 | time: 0.137
I 06.01/01:31:51 solver.py:136 ] Epoch: [199/400][220/400] lr: 1.39e-04 | MSE loss: 5.9978e-03 | time: 0.142
I 06.01/01:31:55 solver.py:136 ] Epoch: [199/400][240/400] lr: 1.39e-04 | MSE loss: 6.0061e-03 | time: 0.144
I 06.01/01:31:58 solver.py:136 ] Epoch: [199/400][260/400] lr: 1.39e-04 | MSE loss: 6.0015e-03 | time: 0.146
I 06.01/01:32:03 solver.py:136 ] Epoch: [199/400][280/400] lr: 1.39e-04 | MSE loss: 5.9867e-03 | time: 0.152
I 06.01/01:32:07 solver.py:136 ] Epoch: [199/400][300/400] lr: 1.39e-04 | MSE loss: 5.9943e-03 | time: 0.157
I 06.01/01:32:11 solver.py:136 ] Epoch: [199/400][320/400] lr: 1.39e-04 | MSE loss: 5.9944e-03 | time: 0.159
I 06.01/01:32:14 solver.py:136 ] Epoch: [199/400][340/400] lr: 1.39e-04 | MSE loss: 6.0054e-03 | time: 0.160
I 06.01/01:32:18 solver.py:136 ] Epoch: [199/400][360/400] lr: 1.39e-04 | MSE loss: 5.9971e-03 | time: 0.161
I 06.01/01:32:21 solver.py:136 ] Epoch: [199/400][380/400] lr: 1.39e-04 | MSE loss: 5.9944e-03 | time: 0.161
I 06.01/01:32:25 solver.py:136 ] Epoch: [199/400][400/400] lr: 1.39e-04 | MSE loss: 5.9868e-03 | time: 0.162
I 06.01/01:32:25 solver.py:146 ] => Train  Loss: 5.9868e-03

I 06.01/01:32:31 solver.py:205 ] 
=! Best NMSE: -1.9026e+01 (epoch=190)

I 06.01/01:32:35 solver.py:136 ] Epoch: [200/400][20/400] lr: 1.39e-04 | MSE loss: 5.8244e-03 | time: 0.193
I 06.01/01:32:38 solver.py:136 ] Epoch: [200/400][40/400] lr: 1.39e-04 | MSE loss: 5.7907e-03 | time: 0.175
I 06.01/01:32:40 solver.py:136 ] Epoch: [200/400][60/400] lr: 1.39e-04 | MSE loss: 5.8881e-03 | time: 0.152
I 06.01/01:32:42 solver.py:136 ] Epoch: [200/400][80/400] lr: 1.39e-04 | MSE loss: 5.8148e-03 | time: 0.144
I 06.01/01:32:45 solver.py:136 ] Epoch: [200/400][100/400] lr: 1.39e-04 | MSE loss: 5.8594e-03 | time: 0.143
I 06.01/01:32:48 solver.py:136 ] Epoch: [200/400][120/400] lr: 1.38e-04 | MSE loss: 5.8445e-03 | time: 0.142
I 06.01/01:32:51 solver.py:136 ] Epoch: [200/400][140/400] lr: 1.38e-04 | MSE loss: 5.8721e-03 | time: 0.144
I 06.01/01:32:53 solver.py:136 ] Epoch: [200/400][160/400] lr: 1.38e-04 | MSE loss: 5.8890e-03 | time: 0.142
I 06.01/01:32:56 solver.py:136 ] Epoch: [200/400][180/400] lr: 1.38e-04 | MSE loss: 5.8946e-03 | time: 0.142
I 06.01/01:32:59 solver.py:136 ] Epoch: [200/400][200/400] lr: 1.38e-04 | MSE loss: 5.9329e-03 | time: 0.143
I 06.01/01:33:04 solver.py:136 ] Epoch: [200/400][220/400] lr: 1.38e-04 | MSE loss: 5.9403e-03 | time: 0.151
I 06.01/01:33:08 solver.py:136 ] Epoch: [200/400][240/400] lr: 1.38e-04 | MSE loss: 5.9622e-03 | time: 0.154
I 06.01/01:33:11 solver.py:136 ] Epoch: [200/400][260/400] lr: 1.38e-04 | MSE loss: 5.9727e-03 | time: 0.155
I 06.01/01:33:14 solver.py:136 ] Epoch: [200/400][280/400] lr: 1.38e-04 | MSE loss: 5.9917e-03 | time: 0.156
I 06.01/01:33:17 solver.py:136 ] Epoch: [200/400][300/400] lr: 1.38e-04 | MSE loss: 5.9878e-03 | time: 0.156
I 06.01/01:33:21 solver.py:136 ] Epoch: [200/400][320/400] lr: 1.38e-04 | MSE loss: 5.9770e-03 | time: 0.156
I 06.01/01:33:24 solver.py:136 ] Epoch: [200/400][340/400] lr: 1.38e-04 | MSE loss: 5.9939e-03 | time: 0.156
I 06.01/01:33:27 solver.py:136 ] Epoch: [200/400][360/400] lr: 1.38e-04 | MSE loss: 5.9683e-03 | time: 0.156
I 06.01/01:33:30 solver.py:136 ] Epoch: [200/400][380/400] lr: 1.38e-04 | MSE loss: 5.9763e-03 | time: 0.157
I 06.01/01:33:34 solver.py:136 ] Epoch: [200/400][400/400] lr: 1.38e-04 | MSE loss: 5.9837e-03 | time: 0.158
I 06.01/01:33:34 solver.py:146 ] => Train  Loss: 5.9837e-03

I 06.01/01:33:38 solver.py:136 ] Epoch: [200/400][20/50] lr: 1.38e-04 | MSE loss: 6.5170e-03 | time: 0.164
I 06.01/01:33:41 solver.py:136 ] Epoch: [200/400][40/50] lr: 1.38e-04 | MSE loss: 6.3082e-03 | time: 0.160
I 06.01/01:33:42 solver.py:146 ] => Val  Loss: 6.2611e-03

I 06.01/01:33:46 solver.py:287 ] [20/50] loss: 6.3780e-03 | NMSE: -1.9012e+01 | time: 0.169
I 06.01/01:33:49 solver.py:287 ] [40/50] loss: 6.3313e-03 | NMSE: -1.9025e+01 | time: 0.163
I 06.01/01:33:50 solver.py:291 ] => Test NMSE: -1.9063e+01

I 06.01/01:33:59 solver.py:205 ] 
=! Best NMSE: -1.9063e+01 (epoch=200)

I 06.01/01:34:04 solver.py:136 ] Epoch: [201/400][20/400] lr: 1.38e-04 | MSE loss: 5.7386e-03 | time: 0.284
I 06.01/01:34:08 solver.py:136 ] Epoch: [201/400][40/400] lr: 1.38e-04 | MSE loss: 5.8735e-03 | time: 0.245
I 06.01/01:34:12 solver.py:136 ] Epoch: [201/400][60/400] lr: 1.38e-04 | MSE loss: 5.9256e-03 | time: 0.228
I 06.01/01:34:16 solver.py:136 ] Epoch: [201/400][80/400] lr: 1.38e-04 | MSE loss: 5.8442e-03 | time: 0.219
I 06.01/01:34:20 solver.py:136 ] Epoch: [201/400][100/400] lr: 1.38e-04 | MSE loss: 5.8813e-03 | time: 0.213
I 06.01/01:34:24 solver.py:136 ] Epoch: [201/400][120/400] lr: 1.38e-04 | MSE loss: 5.8705e-03 | time: 0.210
I 06.01/01:34:27 solver.py:136 ] Epoch: [201/400][140/400] lr: 1.38e-04 | MSE loss: 5.9732e-03 | time: 0.204
I 06.01/01:34:31 solver.py:136 ] Epoch: [201/400][160/400] lr: 1.38e-04 | MSE loss: 5.9895e-03 | time: 0.199
I 06.01/01:34:34 solver.py:136 ] Epoch: [201/400][180/400] lr: 1.38e-04 | MSE loss: 5.9720e-03 | time: 0.197
I 06.01/01:34:37 solver.py:136 ] Epoch: [201/400][200/400] lr: 1.38e-04 | MSE loss: 5.9778e-03 | time: 0.193
I 06.01/01:34:41 solver.py:136 ] Epoch: [201/400][220/400] lr: 1.38e-04 | MSE loss: 5.9763e-03 | time: 0.191
I 06.01/01:34:44 solver.py:136 ] Epoch: [201/400][240/400] lr: 1.38e-04 | MSE loss: 6.0188e-03 | time: 0.190
I 06.01/01:34:48 solver.py:136 ] Epoch: [201/400][260/400] lr: 1.38e-04 | MSE loss: 5.9993e-03 | time: 0.189
I 06.01/01:34:52 solver.py:136 ] Epoch: [201/400][280/400] lr: 1.38e-04 | MSE loss: 5.9928e-03 | time: 0.189
I 06.01/01:34:55 solver.py:136 ] Epoch: [201/400][300/400] lr: 1.38e-04 | MSE loss: 5.9590e-03 | time: 0.189
I 06.01/01:34:59 solver.py:136 ] Epoch: [201/400][320/400] lr: 1.38e-04 | MSE loss: 5.9660e-03 | time: 0.188
I 06.01/01:35:04 solver.py:136 ] Epoch: [201/400][340/400] lr: 1.37e-04 | MSE loss: 6.0014e-03 | time: 0.192
I 06.01/01:35:08 solver.py:136 ] Epoch: [201/400][360/400] lr: 1.37e-04 | MSE loss: 5.9996e-03 | time: 0.192
I 06.01/01:35:11 solver.py:136 ] Epoch: [201/400][380/400] lr: 1.37e-04 | MSE loss: 5.9814e-03 | time: 0.191
I 06.01/01:35:15 solver.py:136 ] Epoch: [201/400][400/400] lr: 1.37e-04 | MSE loss: 5.9737e-03 | time: 0.190
I 06.01/01:35:15 solver.py:146 ] => Train  Loss: 5.9737e-03

I 06.01/01:35:19 solver.py:205 ] 
=! Best NMSE: -1.9063e+01 (epoch=200)

I 06.01/01:35:22 solver.py:136 ] Epoch: [202/400][20/400] lr: 1.37e-04 | MSE loss: 5.5866e-03 | time: 0.158
I 06.01/01:35:26 solver.py:136 ] Epoch: [202/400][40/400] lr: 1.37e-04 | MSE loss: 5.7283e-03 | time: 0.171
I 06.01/01:35:30 solver.py:136 ] Epoch: [202/400][60/400] lr: 1.37e-04 | MSE loss: 5.8373e-03 | time: 0.174
I 06.01/01:35:33 solver.py:136 ] Epoch: [202/400][80/400] lr: 1.37e-04 | MSE loss: 5.9484e-03 | time: 0.174
I 06.01/01:35:37 solver.py:136 ] Epoch: [202/400][100/400] lr: 1.37e-04 | MSE loss: 5.8861e-03 | time: 0.174
I 06.01/01:35:40 solver.py:136 ] Epoch: [202/400][120/400] lr: 1.37e-04 | MSE loss: 5.9809e-03 | time: 0.173
I 06.01/01:35:43 solver.py:136 ] Epoch: [202/400][140/400] lr: 1.37e-04 | MSE loss: 5.9113e-03 | time: 0.173
I 06.01/01:35:47 solver.py:136 ] Epoch: [202/400][160/400] lr: 1.37e-04 | MSE loss: 5.9140e-03 | time: 0.173
I 06.01/01:35:50 solver.py:136 ] Epoch: [202/400][180/400] lr: 1.37e-04 | MSE loss: 5.9196e-03 | time: 0.170
I 06.01/01:35:53 solver.py:136 ] Epoch: [202/400][200/400] lr: 1.37e-04 | MSE loss: 5.9073e-03 | time: 0.169
I 06.01/01:35:57 solver.py:136 ] Epoch: [202/400][220/400] lr: 1.37e-04 | MSE loss: 5.9349e-03 | time: 0.169
I 06.01/01:36:00 solver.py:136 ] Epoch: [202/400][240/400] lr: 1.37e-04 | MSE loss: 5.9805e-03 | time: 0.171
I 06.01/01:36:05 solver.py:136 ] Epoch: [202/400][260/400] lr: 1.37e-04 | MSE loss: 5.9985e-03 | time: 0.178
I 06.01/01:36:09 solver.py:136 ] Epoch: [202/400][280/400] lr: 1.37e-04 | MSE loss: 5.9950e-03 | time: 0.177
I 06.01/01:36:12 solver.py:136 ] Epoch: [202/400][300/400] lr: 1.37e-04 | MSE loss: 5.9821e-03 | time: 0.177
I 06.01/01:36:16 solver.py:136 ] Epoch: [202/400][320/400] lr: 1.37e-04 | MSE loss: 5.9766e-03 | time: 0.177
I 06.01/01:36:20 solver.py:136 ] Epoch: [202/400][340/400] lr: 1.37e-04 | MSE loss: 5.9726e-03 | time: 0.178
I 06.01/01:36:23 solver.py:136 ] Epoch: [202/400][360/400] lr: 1.37e-04 | MSE loss: 5.9738e-03 | time: 0.177
I 06.01/01:36:27 solver.py:136 ] Epoch: [202/400][380/400] lr: 1.37e-04 | MSE loss: 5.9770e-03 | time: 0.177
I 06.01/01:36:30 solver.py:136 ] Epoch: [202/400][400/400] lr: 1.37e-04 | MSE loss: 5.9767e-03 | time: 0.177
I 06.01/01:36:30 solver.py:146 ] => Train  Loss: 5.9767e-03

I 06.01/01:36:37 solver.py:205 ] 
=! Best NMSE: -1.9063e+01 (epoch=200)

I 06.01/01:36:40 solver.py:136 ] Epoch: [203/400][20/400] lr: 1.37e-04 | MSE loss: 6.0685e-03 | time: 0.160
I 06.01/01:36:43 solver.py:136 ] Epoch: [203/400][40/400] lr: 1.37e-04 | MSE loss: 6.0369e-03 | time: 0.164
I 06.01/01:36:46 solver.py:136 ] Epoch: [203/400][60/400] lr: 1.37e-04 | MSE loss: 6.0960e-03 | time: 0.165
I 06.01/01:36:50 solver.py:136 ] Epoch: [203/400][80/400] lr: 1.37e-04 | MSE loss: 6.2105e-03 | time: 0.164
I 06.01/01:36:53 solver.py:136 ] Epoch: [203/400][100/400] lr: 1.37e-04 | MSE loss: 6.0758e-03 | time: 0.167
I 06.01/01:36:56 solver.py:136 ] Epoch: [203/400][120/400] lr: 1.37e-04 | MSE loss: 6.0113e-03 | time: 0.164
I 06.01/01:36:59 solver.py:136 ] Epoch: [203/400][140/400] lr: 1.37e-04 | MSE loss: 5.9691e-03 | time: 0.162
I 06.01/01:37:04 solver.py:136 ] Epoch: [203/400][160/400] lr: 1.36e-04 | MSE loss: 5.9705e-03 | time: 0.171
I 06.01/01:37:08 solver.py:136 ] Epoch: [203/400][180/400] lr: 1.36e-04 | MSE loss: 5.9556e-03 | time: 0.174
I 06.01/01:37:12 solver.py:136 ] Epoch: [203/400][200/400] lr: 1.36e-04 | MSE loss: 5.9616e-03 | time: 0.175
I 06.01/01:37:15 solver.py:136 ] Epoch: [203/400][220/400] lr: 1.36e-04 | MSE loss: 5.9477e-03 | time: 0.175
I 06.01/01:37:18 solver.py:136 ] Epoch: [203/400][240/400] lr: 1.36e-04 | MSE loss: 5.9607e-03 | time: 0.174
I 06.01/01:37:22 solver.py:136 ] Epoch: [203/400][260/400] lr: 1.36e-04 | MSE loss: 5.9598e-03 | time: 0.174
I 06.01/01:37:25 solver.py:136 ] Epoch: [203/400][280/400] lr: 1.36e-04 | MSE loss: 5.9832e-03 | time: 0.173
I 06.01/01:37:28 solver.py:136 ] Epoch: [203/400][300/400] lr: 1.36e-04 | MSE loss: 5.9538e-03 | time: 0.173
I 06.01/01:37:32 solver.py:136 ] Epoch: [203/400][320/400] lr: 1.36e-04 | MSE loss: 5.9745e-03 | time: 0.173
I 06.01/01:37:36 solver.py:136 ] Epoch: [203/400][340/400] lr: 1.36e-04 | MSE loss: 5.9728e-03 | time: 0.174
I 06.01/01:37:40 solver.py:136 ] Epoch: [203/400][360/400] lr: 1.36e-04 | MSE loss: 5.9683e-03 | time: 0.176
I 06.01/01:37:43 solver.py:136 ] Epoch: [203/400][380/400] lr: 1.36e-04 | MSE loss: 5.9611e-03 | time: 0.176
I 06.01/01:37:47 solver.py:136 ] Epoch: [203/400][400/400] lr: 1.36e-04 | MSE loss: 5.9712e-03 | time: 0.177
I 06.01/01:37:47 solver.py:146 ] => Train  Loss: 5.9712e-03

I 06.01/01:37:51 solver.py:205 ] 
=! Best NMSE: -1.9063e+01 (epoch=200)

I 06.01/01:37:54 solver.py:136 ] Epoch: [204/400][20/400] lr: 1.36e-04 | MSE loss: 5.9315e-03 | time: 0.154
I 06.01/01:37:57 solver.py:136 ] Epoch: [204/400][40/400] lr: 1.36e-04 | MSE loss: 5.9426e-03 | time: 0.155
I 06.01/01:38:01 solver.py:136 ] Epoch: [204/400][60/400] lr: 1.36e-04 | MSE loss: 6.0713e-03 | time: 0.170
I 06.01/01:38:06 solver.py:136 ] Epoch: [204/400][80/400] lr: 1.36e-04 | MSE loss: 5.9485e-03 | time: 0.188
I 06.01/01:38:10 solver.py:136 ] Epoch: [204/400][100/400] lr: 1.36e-04 | MSE loss: 5.8972e-03 | time: 0.184
I 06.01/01:38:13 solver.py:136 ] Epoch: [204/400][120/400] lr: 1.36e-04 | MSE loss: 5.8736e-03 | time: 0.181
I 06.01/01:38:16 solver.py:136 ] Epoch: [204/400][140/400] lr: 1.36e-04 | MSE loss: 5.8633e-03 | time: 0.176
I 06.01/01:38:19 solver.py:136 ] Epoch: [204/400][160/400] lr: 1.36e-04 | MSE loss: 5.8620e-03 | time: 0.173
I 06.01/01:38:22 solver.py:136 ] Epoch: [204/400][180/400] lr: 1.36e-04 | MSE loss: 5.8574e-03 | time: 0.174
I 06.01/01:38:26 solver.py:136 ] Epoch: [204/400][200/400] lr: 1.36e-04 | MSE loss: 5.8754e-03 | time: 0.176
I 06.01/01:38:30 solver.py:136 ] Epoch: [204/400][220/400] lr: 1.36e-04 | MSE loss: 5.8494e-03 | time: 0.176
I 06.01/01:38:34 solver.py:136 ] Epoch: [204/400][240/400] lr: 1.36e-04 | MSE loss: 5.8885e-03 | time: 0.178
I 06.01/01:38:38 solver.py:136 ] Epoch: [204/400][260/400] lr: 1.36e-04 | MSE loss: 5.9236e-03 | time: 0.179
I 06.01/01:38:41 solver.py:136 ] Epoch: [204/400][280/400] lr: 1.36e-04 | MSE loss: 5.9187e-03 | time: 0.179
I 06.01/01:38:45 solver.py:136 ] Epoch: [204/400][300/400] lr: 1.36e-04 | MSE loss: 5.9217e-03 | time: 0.179
I 06.01/01:38:49 solver.py:136 ] Epoch: [204/400][320/400] lr: 1.36e-04 | MSE loss: 5.9390e-03 | time: 0.180
I 06.01/01:38:53 solver.py:136 ] Epoch: [204/400][340/400] lr: 1.36e-04 | MSE loss: 5.9369e-03 | time: 0.181
I 06.01/01:38:56 solver.py:136 ] Epoch: [204/400][360/400] lr: 1.36e-04 | MSE loss: 5.9732e-03 | time: 0.181
I 06.01/01:39:00 solver.py:136 ] Epoch: [204/400][380/400] lr: 1.35e-04 | MSE loss: 5.9690e-03 | time: 0.180
I 06.01/01:39:06 solver.py:136 ] Epoch: [204/400][400/400] lr: 1.35e-04 | MSE loss: 5.9674e-03 | time: 0.186
I 06.01/01:39:06 solver.py:146 ] => Train  Loss: 5.9674e-03

I 06.01/01:39:10 solver.py:205 ] 
=! Best NMSE: -1.9063e+01 (epoch=200)

I 06.01/01:39:13 solver.py:136 ] Epoch: [205/400][20/400] lr: 1.35e-04 | MSE loss: 5.3872e-03 | time: 0.172
I 06.01/01:39:16 solver.py:136 ] Epoch: [205/400][40/400] lr: 1.35e-04 | MSE loss: 5.6172e-03 | time: 0.145
I 06.01/01:39:18 solver.py:136 ] Epoch: [205/400][60/400] lr: 1.35e-04 | MSE loss: 5.7264e-03 | time: 0.138
I 06.01/01:39:21 solver.py:136 ] Epoch: [205/400][80/400] lr: 1.35e-04 | MSE loss: 5.7000e-03 | time: 0.148
I 06.01/01:39:25 solver.py:136 ] Epoch: [205/400][100/400] lr: 1.35e-04 | MSE loss: 5.7411e-03 | time: 0.154
I 06.01/01:39:29 solver.py:136 ] Epoch: [205/400][120/400] lr: 1.35e-04 | MSE loss: 5.7641e-03 | time: 0.159
I 06.01/01:39:32 solver.py:136 ] Epoch: [205/400][140/400] lr: 1.35e-04 | MSE loss: 5.8237e-03 | time: 0.159
I 06.01/01:39:35 solver.py:136 ] Epoch: [205/400][160/400] lr: 1.35e-04 | MSE loss: 5.8232e-03 | time: 0.159
I 06.01/01:39:38 solver.py:136 ] Epoch: [205/400][180/400] lr: 1.35e-04 | MSE loss: 5.8081e-03 | time: 0.160
I 06.01/01:39:42 solver.py:136 ] Epoch: [205/400][200/400] lr: 1.35e-04 | MSE loss: 5.7958e-03 | time: 0.162
I 06.01/01:39:46 solver.py:136 ] Epoch: [205/400][220/400] lr: 1.35e-04 | MSE loss: 5.8400e-03 | time: 0.164
I 06.01/01:39:49 solver.py:136 ] Epoch: [205/400][240/400] lr: 1.35e-04 | MSE loss: 5.8650e-03 | time: 0.165
I 06.01/01:39:53 solver.py:136 ] Epoch: [205/400][260/400] lr: 1.35e-04 | MSE loss: 5.8828e-03 | time: 0.165
I 06.01/01:39:56 solver.py:136 ] Epoch: [205/400][280/400] lr: 1.35e-04 | MSE loss: 5.9238e-03 | time: 0.165
I 06.01/01:39:59 solver.py:136 ] Epoch: [205/400][300/400] lr: 1.35e-04 | MSE loss: 5.9386e-03 | time: 0.165
I 06.01/01:40:05 solver.py:136 ] Epoch: [205/400][320/400] lr: 1.35e-04 | MSE loss: 5.9452e-03 | time: 0.172
I 06.01/01:40:08 solver.py:136 ] Epoch: [205/400][340/400] lr: 1.35e-04 | MSE loss: 5.9464e-03 | time: 0.172
I 06.01/01:40:11 solver.py:136 ] Epoch: [205/400][360/400] lr: 1.35e-04 | MSE loss: 5.9443e-03 | time: 0.172
I 06.01/01:40:15 solver.py:136 ] Epoch: [205/400][380/400] lr: 1.35e-04 | MSE loss: 5.9424e-03 | time: 0.173
I 06.01/01:40:18 solver.py:136 ] Epoch: [205/400][400/400] lr: 1.35e-04 | MSE loss: 5.9654e-03 | time: 0.172
I 06.01/01:40:18 solver.py:146 ] => Train  Loss: 5.9654e-03

I 06.01/01:40:23 solver.py:205 ] 
=! Best NMSE: -1.9063e+01 (epoch=200)

I 06.01/01:40:27 solver.py:136 ] Epoch: [206/400][20/400] lr: 1.35e-04 | MSE loss: 6.1024e-03 | time: 0.178
I 06.01/01:40:30 solver.py:136 ] Epoch: [206/400][40/400] lr: 1.35e-04 | MSE loss: 6.0126e-03 | time: 0.164
I 06.01/01:40:33 solver.py:136 ] Epoch: [206/400][60/400] lr: 1.35e-04 | MSE loss: 6.1082e-03 | time: 0.166
I 06.01/01:40:37 solver.py:136 ] Epoch: [206/400][80/400] lr: 1.35e-04 | MSE loss: 6.1145e-03 | time: 0.174
I 06.01/01:40:41 solver.py:136 ] Epoch: [206/400][100/400] lr: 1.35e-04 | MSE loss: 6.0613e-03 | time: 0.176
I 06.01/01:40:44 solver.py:136 ] Epoch: [206/400][120/400] lr: 1.35e-04 | MSE loss: 6.0795e-03 | time: 0.176
I 06.01/01:40:48 solver.py:136 ] Epoch: [206/400][140/400] lr: 1.35e-04 | MSE loss: 6.0565e-03 | time: 0.175
I 06.01/01:40:51 solver.py:136 ] Epoch: [206/400][160/400] lr: 1.35e-04 | MSE loss: 5.9785e-03 | time: 0.170
I 06.01/01:40:53 solver.py:136 ] Epoch: [206/400][180/400] lr: 1.34e-04 | MSE loss: 5.9409e-03 | time: 0.167
I 06.01/01:40:57 solver.py:136 ] Epoch: [206/400][200/400] lr: 1.34e-04 | MSE loss: 5.9620e-03 | time: 0.167
I 06.01/01:41:01 solver.py:136 ] Epoch: [206/400][220/400] lr: 1.34e-04 | MSE loss: 5.9362e-03 | time: 0.171
I 06.01/01:41:06 solver.py:136 ] Epoch: [206/400][240/400] lr: 1.34e-04 | MSE loss: 5.9067e-03 | time: 0.178
I 06.01/01:41:09 solver.py:136 ] Epoch: [206/400][260/400] lr: 1.34e-04 | MSE loss: 5.9069e-03 | time: 0.178
I 06.01/01:41:13 solver.py:136 ] Epoch: [206/400][280/400] lr: 1.34e-04 | MSE loss: 5.9156e-03 | time: 0.178
I 06.01/01:41:17 solver.py:136 ] Epoch: [206/400][300/400] lr: 1.34e-04 | MSE loss: 5.9345e-03 | time: 0.179
I 06.01/01:41:21 solver.py:136 ] Epoch: [206/400][320/400] lr: 1.34e-04 | MSE loss: 5.9634e-03 | time: 0.179
I 06.01/01:41:25 solver.py:136 ] Epoch: [206/400][340/400] lr: 1.34e-04 | MSE loss: 5.9725e-03 | time: 0.180
I 06.01/01:41:28 solver.py:136 ] Epoch: [206/400][360/400] lr: 1.34e-04 | MSE loss: 5.9603e-03 | time: 0.181
I 06.01/01:41:33 solver.py:136 ] Epoch: [206/400][380/400] lr: 1.34e-04 | MSE loss: 5.9661e-03 | time: 0.182
I 06.01/01:41:37 solver.py:136 ] Epoch: [206/400][400/400] lr: 1.34e-04 | MSE loss: 5.9571e-03 | time: 0.183
I 06.01/01:41:37 solver.py:146 ] => Train  Loss: 5.9571e-03

I 06.01/01:41:41 solver.py:205 ] 
=! Best NMSE: -1.9063e+01 (epoch=200)

I 06.01/01:41:45 solver.py:136 ] Epoch: [207/400][20/400] lr: 1.34e-04 | MSE loss: 5.9676e-03 | time: 0.189
I 06.01/01:41:49 solver.py:136 ] Epoch: [207/400][40/400] lr: 1.34e-04 | MSE loss: 5.8797e-03 | time: 0.189
I 06.01/01:41:52 solver.py:136 ] Epoch: [207/400][60/400] lr: 1.34e-04 | MSE loss: 5.8865e-03 | time: 0.184
I 06.01/01:41:55 solver.py:136 ] Epoch: [207/400][80/400] lr: 1.34e-04 | MSE loss: 5.8172e-03 | time: 0.174
I 06.01/01:41:57 solver.py:136 ] Epoch: [207/400][100/400] lr: 1.34e-04 | MSE loss: 5.7451e-03 | time: 0.165
I 06.01/01:42:02 solver.py:136 ] Epoch: [207/400][120/400] lr: 1.34e-04 | MSE loss: 5.7926e-03 | time: 0.172
I 06.01/01:42:06 solver.py:136 ] Epoch: [207/400][140/400] lr: 1.34e-04 | MSE loss: 5.8264e-03 | time: 0.179
I 06.01/01:42:09 solver.py:136 ] Epoch: [207/400][160/400] lr: 1.34e-04 | MSE loss: 5.8661e-03 | time: 0.175
I 06.01/01:42:11 solver.py:136 ] Epoch: [207/400][180/400] lr: 1.34e-04 | MSE loss: 5.9160e-03 | time: 0.168
I 06.01/01:42:14 solver.py:136 ] Epoch: [207/400][200/400] lr: 1.34e-04 | MSE loss: 5.9058e-03 | time: 0.164
I 06.01/01:42:16 solver.py:136 ] Epoch: [207/400][220/400] lr: 1.34e-04 | MSE loss: 5.8870e-03 | time: 0.160
I 06.01/01:42:19 solver.py:136 ] Epoch: [207/400][240/400] lr: 1.34e-04 | MSE loss: 5.9039e-03 | time: 0.160
I 06.01/01:42:23 solver.py:136 ] Epoch: [207/400][260/400] lr: 1.34e-04 | MSE loss: 5.8962e-03 | time: 0.160
I 06.01/01:42:26 solver.py:136 ] Epoch: [207/400][280/400] lr: 1.34e-04 | MSE loss: 5.9018e-03 | time: 0.160
I 06.01/01:42:29 solver.py:136 ] Epoch: [207/400][300/400] lr: 1.34e-04 | MSE loss: 5.9051e-03 | time: 0.161
I 06.01/01:42:33 solver.py:136 ] Epoch: [207/400][320/400] lr: 1.34e-04 | MSE loss: 5.9209e-03 | time: 0.162
I 06.01/01:42:36 solver.py:136 ] Epoch: [207/400][340/400] lr: 1.34e-04 | MSE loss: 5.9391e-03 | time: 0.163
I 06.01/01:42:40 solver.py:136 ] Epoch: [207/400][360/400] lr: 1.34e-04 | MSE loss: 5.9448e-03 | time: 0.163
I 06.01/01:42:44 solver.py:136 ] Epoch: [207/400][380/400] lr: 1.34e-04 | MSE loss: 5.9583e-03 | time: 0.165
I 06.01/01:42:47 solver.py:136 ] Epoch: [207/400][400/400] lr: 1.33e-04 | MSE loss: 5.9491e-03 | time: 0.166
I 06.01/01:42:47 solver.py:146 ] => Train  Loss: 5.9491e-03

I 06.01/01:42:52 solver.py:205 ] 
=! Best NMSE: -1.9063e+01 (epoch=200)

I 06.01/01:42:55 solver.py:136 ] Epoch: [208/400][20/400] lr: 1.33e-04 | MSE loss: 5.5963e-03 | time: 0.192
I 06.01/01:42:59 solver.py:136 ] Epoch: [208/400][40/400] lr: 1.33e-04 | MSE loss: 5.7793e-03 | time: 0.194
I 06.01/01:43:05 solver.py:136 ] Epoch: [208/400][60/400] lr: 1.33e-04 | MSE loss: 5.7477e-03 | time: 0.222
I 06.01/01:43:09 solver.py:136 ] Epoch: [208/400][80/400] lr: 1.33e-04 | MSE loss: 5.7422e-03 | time: 0.214
I 06.01/01:43:11 solver.py:136 ] Epoch: [208/400][100/400] lr: 1.33e-04 | MSE loss: 5.7398e-03 | time: 0.198
I 06.01/01:43:14 solver.py:136 ] Epoch: [208/400][120/400] lr: 1.33e-04 | MSE loss: 5.7339e-03 | time: 0.188
I 06.01/01:43:17 solver.py:136 ] Epoch: [208/400][140/400] lr: 1.33e-04 | MSE loss: 5.7782e-03 | time: 0.184
I 06.01/01:43:20 solver.py:136 ] Epoch: [208/400][160/400] lr: 1.33e-04 | MSE loss: 5.8349e-03 | time: 0.177
I 06.01/01:43:22 solver.py:136 ] Epoch: [208/400][180/400] lr: 1.33e-04 | MSE loss: 5.8187e-03 | time: 0.171
I 06.01/01:43:25 solver.py:136 ] Epoch: [208/400][200/400] lr: 1.33e-04 | MSE loss: 5.8302e-03 | time: 0.169
I 06.01/01:43:29 solver.py:136 ] Epoch: [208/400][220/400] lr: 1.33e-04 | MSE loss: 5.8600e-03 | time: 0.168
I 06.01/01:43:31 solver.py:136 ] Epoch: [208/400][240/400] lr: 1.33e-04 | MSE loss: 5.9026e-03 | time: 0.165
I 06.01/01:43:35 solver.py:136 ] Epoch: [208/400][260/400] lr: 1.33e-04 | MSE loss: 5.9353e-03 | time: 0.165
I 06.01/01:43:38 solver.py:136 ] Epoch: [208/400][280/400] lr: 1.33e-04 | MSE loss: 5.9672e-03 | time: 0.165
I 06.01/01:43:41 solver.py:136 ] Epoch: [208/400][300/400] lr: 1.33e-04 | MSE loss: 5.9513e-03 | time: 0.164
I 06.01/01:43:44 solver.py:136 ] Epoch: [208/400][320/400] lr: 1.33e-04 | MSE loss: 5.9538e-03 | time: 0.163
I 06.01/01:43:47 solver.py:136 ] Epoch: [208/400][340/400] lr: 1.33e-04 | MSE loss: 5.9407e-03 | time: 0.162
I 06.01/01:43:50 solver.py:136 ] Epoch: [208/400][360/400] lr: 1.33e-04 | MSE loss: 5.9420e-03 | time: 0.162
I 06.01/01:43:53 solver.py:136 ] Epoch: [208/400][380/400] lr: 1.33e-04 | MSE loss: 5.9530e-03 | time: 0.161
I 06.01/01:43:56 solver.py:136 ] Epoch: [208/400][400/400] lr: 1.33e-04 | MSE loss: 5.9412e-03 | time: 0.162
I 06.01/01:43:56 solver.py:146 ] => Train  Loss: 5.9412e-03

I 06.01/01:43:58 solver.py:205 ] 
=! Best NMSE: -1.9063e+01 (epoch=200)

I 06.01/01:44:05 solver.py:136 ] Epoch: [209/400][20/400] lr: 1.33e-04 | MSE loss: 5.9511e-03 | time: 0.308
I 06.01/01:44:08 solver.py:136 ] Epoch: [209/400][40/400] lr: 1.33e-04 | MSE loss: 6.0480e-03 | time: 0.243
I 06.01/01:44:12 solver.py:136 ] Epoch: [209/400][60/400] lr: 1.33e-04 | MSE loss: 5.9625e-03 | time: 0.223
I 06.01/01:44:15 solver.py:136 ] Epoch: [209/400][80/400] lr: 1.33e-04 | MSE loss: 6.0106e-03 | time: 0.211
I 06.01/01:44:19 solver.py:136 ] Epoch: [209/400][100/400] lr: 1.33e-04 | MSE loss: 5.9633e-03 | time: 0.204
I 06.01/01:44:22 solver.py:136 ] Epoch: [209/400][120/400] lr: 1.33e-04 | MSE loss: 5.9412e-03 | time: 0.196
I 06.01/01:44:25 solver.py:136 ] Epoch: [209/400][140/400] lr: 1.33e-04 | MSE loss: 5.9731e-03 | time: 0.191
I 06.01/01:44:28 solver.py:136 ] Epoch: [209/400][160/400] lr: 1.33e-04 | MSE loss: 5.9215e-03 | time: 0.188
I 06.01/01:44:32 solver.py:136 ] Epoch: [209/400][180/400] lr: 1.33e-04 | MSE loss: 5.8915e-03 | time: 0.186
I 06.01/01:44:35 solver.py:136 ] Epoch: [209/400][200/400] lr: 1.33e-04 | MSE loss: 5.9080e-03 | time: 0.183
I 06.01/01:44:38 solver.py:136 ] Epoch: [209/400][220/400] lr: 1.32e-04 | MSE loss: 5.8766e-03 | time: 0.178
I 06.01/01:44:41 solver.py:136 ] Epoch: [209/400][240/400] lr: 1.32e-04 | MSE loss: 5.8906e-03 | time: 0.177
I 06.01/01:44:43 solver.py:136 ] Epoch: [209/400][260/400] lr: 1.32e-04 | MSE loss: 5.9144e-03 | time: 0.173
I 06.01/01:44:46 solver.py:136 ] Epoch: [209/400][280/400] lr: 1.32e-04 | MSE loss: 5.9043e-03 | time: 0.169
I 06.01/01:44:49 solver.py:136 ] Epoch: [209/400][300/400] lr: 1.32e-04 | MSE loss: 5.9375e-03 | time: 0.168
I 06.01/01:44:52 solver.py:136 ] Epoch: [209/400][320/400] lr: 1.32e-04 | MSE loss: 5.9568e-03 | time: 0.168
I 06.01/01:44:55 solver.py:136 ] Epoch: [209/400][340/400] lr: 1.32e-04 | MSE loss: 5.9621e-03 | time: 0.168
I 06.01/01:44:59 solver.py:136 ] Epoch: [209/400][360/400] lr: 1.32e-04 | MSE loss: 5.9575e-03 | time: 0.167
I 06.01/01:45:03 solver.py:136 ] Epoch: [209/400][380/400] lr: 1.32e-04 | MSE loss: 5.9652e-03 | time: 0.170
I 06.01/01:45:07 solver.py:136 ] Epoch: [209/400][400/400] lr: 1.32e-04 | MSE loss: 5.9433e-03 | time: 0.172
I 06.01/01:45:07 solver.py:146 ] => Train  Loss: 5.9433e-03

I 06.01/01:45:11 solver.py:205 ] 
=! Best NMSE: -1.9063e+01 (epoch=200)

I 06.01/01:45:15 solver.py:136 ] Epoch: [210/400][20/400] lr: 1.32e-04 | MSE loss: 5.7839e-03 | time: 0.176
I 06.01/01:45:18 solver.py:136 ] Epoch: [210/400][40/400] lr: 1.32e-04 | MSE loss: 5.6504e-03 | time: 0.174
I 06.01/01:45:22 solver.py:136 ] Epoch: [210/400][60/400] lr: 1.32e-04 | MSE loss: 5.8019e-03 | time: 0.170
I 06.01/01:45:25 solver.py:136 ] Epoch: [210/400][80/400] lr: 1.32e-04 | MSE loss: 5.8270e-03 | time: 0.169
I 06.01/01:45:28 solver.py:136 ] Epoch: [210/400][100/400] lr: 1.32e-04 | MSE loss: 5.8419e-03 | time: 0.168
I 06.01/01:45:32 solver.py:136 ] Epoch: [210/400][120/400] lr: 1.32e-04 | MSE loss: 5.8679e-03 | time: 0.170
I 06.01/01:45:35 solver.py:136 ] Epoch: [210/400][140/400] lr: 1.32e-04 | MSE loss: 5.9212e-03 | time: 0.172
I 06.01/01:45:38 solver.py:136 ] Epoch: [210/400][160/400] lr: 1.32e-04 | MSE loss: 5.8584e-03 | time: 0.168
I 06.01/01:45:41 solver.py:136 ] Epoch: [210/400][180/400] lr: 1.32e-04 | MSE loss: 5.8485e-03 | time: 0.166
I 06.01/01:45:45 solver.py:136 ] Epoch: [210/400][200/400] lr: 1.32e-04 | MSE loss: 5.8574e-03 | time: 0.166
I 06.01/01:45:48 solver.py:136 ] Epoch: [210/400][220/400] lr: 1.32e-04 | MSE loss: 5.8452e-03 | time: 0.165
I 06.01/01:45:50 solver.py:136 ] Epoch: [210/400][240/400] lr: 1.32e-04 | MSE loss: 5.8752e-03 | time: 0.163
I 06.01/01:45:53 solver.py:136 ] Epoch: [210/400][260/400] lr: 1.32e-04 | MSE loss: 5.8848e-03 | time: 0.162
I 06.01/01:45:57 solver.py:136 ] Epoch: [210/400][280/400] lr: 1.32e-04 | MSE loss: 5.9230e-03 | time: 0.162
I 06.01/01:46:00 solver.py:136 ] Epoch: [210/400][300/400] lr: 1.32e-04 | MSE loss: 5.9138e-03 | time: 0.161
I 06.01/01:46:04 solver.py:136 ] Epoch: [210/400][320/400] lr: 1.32e-04 | MSE loss: 5.9165e-03 | time: 0.165
I 06.01/01:46:08 solver.py:136 ] Epoch: [210/400][340/400] lr: 1.32e-04 | MSE loss: 5.9434e-03 | time: 0.166
I 06.01/01:46:11 solver.py:136 ] Epoch: [210/400][360/400] lr: 1.32e-04 | MSE loss: 5.9334e-03 | time: 0.166
I 06.01/01:46:14 solver.py:136 ] Epoch: [210/400][380/400] lr: 1.32e-04 | MSE loss: 5.9383e-03 | time: 0.165
I 06.01/01:46:18 solver.py:136 ] Epoch: [210/400][400/400] lr: 1.32e-04 | MSE loss: 5.9341e-03 | time: 0.165
I 06.01/01:46:18 solver.py:146 ] => Train  Loss: 5.9341e-03

I 06.01/01:46:21 solver.py:136 ] Epoch: [210/400][20/50] lr: 1.32e-04 | MSE loss: 6.4774e-03 | time: 0.166
I 06.01/01:46:24 solver.py:136 ] Epoch: [210/400][40/50] lr: 1.32e-04 | MSE loss: 6.2674e-03 | time: 0.166
I 06.01/01:46:26 solver.py:146 ] => Val  Loss: 6.2176e-03

I 06.01/01:46:29 solver.py:287 ] [20/50] loss: 6.3306e-03 | NMSE: -1.9045e+01 | time: 0.171
I 06.01/01:46:33 solver.py:287 ] [40/50] loss: 6.2845e-03 | NMSE: -1.9059e+01 | time: 0.165
I 06.01/01:46:34 solver.py:291 ] => Test NMSE: -1.9097e+01

I 06.01/01:46:44 solver.py:205 ] 
=! Best NMSE: -1.9097e+01 (epoch=210)

I 06.01/01:46:47 solver.py:136 ] Epoch: [211/400][20/400] lr: 1.32e-04 | MSE loss: 5.9069e-03 | time: 0.181
I 06.01/01:46:50 solver.py:136 ] Epoch: [211/400][40/400] lr: 1.31e-04 | MSE loss: 5.9375e-03 | time: 0.170
I 06.01/01:46:54 solver.py:136 ] Epoch: [211/400][60/400] lr: 1.31e-04 | MSE loss: 5.9307e-03 | time: 0.167
I 06.01/01:46:57 solver.py:136 ] Epoch: [211/400][80/400] lr: 1.31e-04 | MSE loss: 5.9327e-03 | time: 0.169
I 06.01/01:47:01 solver.py:136 ] Epoch: [211/400][100/400] lr: 1.31e-04 | MSE loss: 5.8585e-03 | time: 0.173
I 06.01/01:47:05 solver.py:136 ] Epoch: [211/400][120/400] lr: 1.31e-04 | MSE loss: 5.8492e-03 | time: 0.181
I 06.01/01:47:08 solver.py:136 ] Epoch: [211/400][140/400] lr: 1.31e-04 | MSE loss: 5.8275e-03 | time: 0.177
I 06.01/01:47:11 solver.py:136 ] Epoch: [211/400][160/400] lr: 1.31e-04 | MSE loss: 5.8582e-03 | time: 0.175
I 06.01/01:47:14 solver.py:136 ] Epoch: [211/400][180/400] lr: 1.31e-04 | MSE loss: 5.9010e-03 | time: 0.171
I 06.01/01:47:17 solver.py:136 ] Epoch: [211/400][200/400] lr: 1.31e-04 | MSE loss: 5.9281e-03 | time: 0.168
I 06.01/01:47:20 solver.py:136 ] Epoch: [211/400][220/400] lr: 1.31e-04 | MSE loss: 5.9527e-03 | time: 0.166
I 06.01/01:47:23 solver.py:136 ] Epoch: [211/400][240/400] lr: 1.31e-04 | MSE loss: 5.9491e-03 | time: 0.166
I 06.01/01:47:27 solver.py:136 ] Epoch: [211/400][260/400] lr: 1.31e-04 | MSE loss: 5.9932e-03 | time: 0.166
I 06.01/01:47:30 solver.py:136 ] Epoch: [211/400][280/400] lr: 1.31e-04 | MSE loss: 5.9947e-03 | time: 0.165
I 06.01/01:47:33 solver.py:136 ] Epoch: [211/400][300/400] lr: 1.31e-04 | MSE loss: 5.9962e-03 | time: 0.165
I 06.01/01:47:37 solver.py:136 ] Epoch: [211/400][320/400] lr: 1.31e-04 | MSE loss: 5.9826e-03 | time: 0.166
I 06.01/01:47:40 solver.py:136 ] Epoch: [211/400][340/400] lr: 1.31e-04 | MSE loss: 5.9708e-03 | time: 0.166
I 06.01/01:47:44 solver.py:136 ] Epoch: [211/400][360/400] lr: 1.31e-04 | MSE loss: 5.9557e-03 | time: 0.167
I 06.01/01:47:47 solver.py:136 ] Epoch: [211/400][380/400] lr: 1.31e-04 | MSE loss: 5.9513e-03 | time: 0.167
I 06.01/01:47:50 solver.py:136 ] Epoch: [211/400][400/400] lr: 1.31e-04 | MSE loss: 5.9326e-03 | time: 0.167
I 06.01/01:47:50 solver.py:146 ] => Train  Loss: 5.9326e-03

I 06.01/01:47:55 solver.py:205 ] 
=! Best NMSE: -1.9097e+01 (epoch=210)

I 06.01/01:47:59 solver.py:136 ] Epoch: [212/400][20/400] lr: 1.31e-04 | MSE loss: 5.9815e-03 | time: 0.188
I 06.01/01:48:04 solver.py:136 ] Epoch: [212/400][40/400] lr: 1.31e-04 | MSE loss: 6.0028e-03 | time: 0.231
I 06.01/01:48:08 solver.py:136 ] Epoch: [212/400][60/400] lr: 1.31e-04 | MSE loss: 6.0256e-03 | time: 0.208
I 06.01/01:48:11 solver.py:136 ] Epoch: [212/400][80/400] lr: 1.31e-04 | MSE loss: 5.9643e-03 | time: 0.198
I 06.01/01:48:15 solver.py:136 ] Epoch: [212/400][100/400] lr: 1.31e-04 | MSE loss: 5.9802e-03 | time: 0.194
I 06.01/01:48:17 solver.py:136 ] Epoch: [212/400][120/400] lr: 1.31e-04 | MSE loss: 5.9222e-03 | time: 0.187
I 06.01/01:48:20 solver.py:136 ] Epoch: [212/400][140/400] lr: 1.31e-04 | MSE loss: 5.9274e-03 | time: 0.180
I 06.01/01:48:24 solver.py:136 ] Epoch: [212/400][160/400] lr: 1.31e-04 | MSE loss: 5.9730e-03 | time: 0.178
I 06.01/01:48:27 solver.py:136 ] Epoch: [212/400][180/400] lr: 1.31e-04 | MSE loss: 5.9853e-03 | time: 0.175
I 06.01/01:48:30 solver.py:136 ] Epoch: [212/400][200/400] lr: 1.31e-04 | MSE loss: 5.9904e-03 | time: 0.174
I 06.01/01:48:33 solver.py:136 ] Epoch: [212/400][220/400] lr: 1.31e-04 | MSE loss: 6.0058e-03 | time: 0.173
I 06.01/01:48:36 solver.py:136 ] Epoch: [212/400][240/400] lr: 1.30e-04 | MSE loss: 6.0315e-03 | time: 0.172
I 06.01/01:48:40 solver.py:136 ] Epoch: [212/400][260/400] lr: 1.30e-04 | MSE loss: 6.0031e-03 | time: 0.173
I 06.01/01:48:43 solver.py:136 ] Epoch: [212/400][280/400] lr: 1.30e-04 | MSE loss: 5.9589e-03 | time: 0.171
I 06.01/01:48:46 solver.py:136 ] Epoch: [212/400][300/400] lr: 1.30e-04 | MSE loss: 5.9467e-03 | time: 0.170
I 06.01/01:48:49 solver.py:136 ] Epoch: [212/400][320/400] lr: 1.30e-04 | MSE loss: 5.9273e-03 | time: 0.170
I 06.01/01:48:53 solver.py:136 ] Epoch: [212/400][340/400] lr: 1.30e-04 | MSE loss: 5.9292e-03 | time: 0.170
I 06.01/01:48:56 solver.py:136 ] Epoch: [212/400][360/400] lr: 1.30e-04 | MSE loss: 5.9314e-03 | time: 0.170
I 06.01/01:49:00 solver.py:136 ] Epoch: [212/400][380/400] lr: 1.30e-04 | MSE loss: 5.9313e-03 | time: 0.171
I 06.01/01:49:05 solver.py:136 ] Epoch: [212/400][400/400] lr: 1.30e-04 | MSE loss: 5.9228e-03 | time: 0.176
I 06.01/01:49:05 solver.py:146 ] => Train  Loss: 5.9228e-03

I 06.01/01:49:09 solver.py:205 ] 
=! Best NMSE: -1.9097e+01 (epoch=210)

I 06.01/01:49:13 solver.py:136 ] Epoch: [213/400][20/400] lr: 1.30e-04 | MSE loss: 6.0795e-03 | time: 0.192
I 06.01/01:49:17 solver.py:136 ] Epoch: [213/400][40/400] lr: 1.30e-04 | MSE loss: 6.1664e-03 | time: 0.186
I 06.01/01:49:20 solver.py:136 ] Epoch: [213/400][60/400] lr: 1.30e-04 | MSE loss: 5.9868e-03 | time: 0.177
I 06.01/01:49:23 solver.py:136 ] Epoch: [213/400][80/400] lr: 1.30e-04 | MSE loss: 5.9752e-03 | time: 0.174
I 06.01/01:49:26 solver.py:136 ] Epoch: [213/400][100/400] lr: 1.30e-04 | MSE loss: 5.9135e-03 | time: 0.173
I 06.01/01:49:30 solver.py:136 ] Epoch: [213/400][120/400] lr: 1.30e-04 | MSE loss: 5.9091e-03 | time: 0.171
I 06.01/01:49:32 solver.py:136 ] Epoch: [213/400][140/400] lr: 1.30e-04 | MSE loss: 5.9527e-03 | time: 0.165
I 06.01/01:49:35 solver.py:136 ] Epoch: [213/400][160/400] lr: 1.30e-04 | MSE loss: 5.9204e-03 | time: 0.161
I 06.01/01:49:38 solver.py:136 ] Epoch: [213/400][180/400] lr: 1.30e-04 | MSE loss: 5.9380e-03 | time: 0.162
I 06.01/01:49:41 solver.py:136 ] Epoch: [213/400][200/400] lr: 1.30e-04 | MSE loss: 5.9286e-03 | time: 0.162
I 06.01/01:49:45 solver.py:136 ] Epoch: [213/400][220/400] lr: 1.30e-04 | MSE loss: 5.9270e-03 | time: 0.162
I 06.01/01:49:48 solver.py:136 ] Epoch: [213/400][240/400] lr: 1.30e-04 | MSE loss: 5.9102e-03 | time: 0.162
I 06.01/01:49:52 solver.py:136 ] Epoch: [213/400][260/400] lr: 1.30e-04 | MSE loss: 5.9164e-03 | time: 0.164
I 06.01/01:49:55 solver.py:136 ] Epoch: [213/400][280/400] lr: 1.30e-04 | MSE loss: 5.9224e-03 | time: 0.164
I 06.01/01:49:58 solver.py:136 ] Epoch: [213/400][300/400] lr: 1.30e-04 | MSE loss: 5.9106e-03 | time: 0.163
I 06.01/01:50:02 solver.py:136 ] Epoch: [213/400][320/400] lr: 1.30e-04 | MSE loss: 5.9380e-03 | time: 0.165
I 06.01/01:50:06 solver.py:136 ] Epoch: [213/400][340/400] lr: 1.30e-04 | MSE loss: 5.9121e-03 | time: 0.168
I 06.01/01:50:09 solver.py:136 ] Epoch: [213/400][360/400] lr: 1.30e-04 | MSE loss: 5.9279e-03 | time: 0.167
I 06.01/01:50:12 solver.py:136 ] Epoch: [213/400][380/400] lr: 1.30e-04 | MSE loss: 5.9316e-03 | time: 0.167
I 06.01/01:50:16 solver.py:136 ] Epoch: [213/400][400/400] lr: 1.30e-04 | MSE loss: 5.9339e-03 | time: 0.167
I 06.01/01:50:16 solver.py:146 ] => Train  Loss: 5.9339e-03

I 06.01/01:50:20 solver.py:205 ] 
=! Best NMSE: -1.9097e+01 (epoch=210)

I 06.01/01:50:24 solver.py:136 ] Epoch: [214/400][20/400] lr: 1.30e-04 | MSE loss: 5.7289e-03 | time: 0.179
I 06.01/01:50:27 solver.py:136 ] Epoch: [214/400][40/400] lr: 1.30e-04 | MSE loss: 5.7716e-03 | time: 0.173
I 06.01/01:50:31 solver.py:136 ] Epoch: [214/400][60/400] lr: 1.29e-04 | MSE loss: 5.9285e-03 | time: 0.172
I 06.01/01:50:34 solver.py:136 ] Epoch: [214/400][80/400] lr: 1.29e-04 | MSE loss: 5.8968e-03 | time: 0.170
I 06.01/01:50:37 solver.py:136 ] Epoch: [214/400][100/400] lr: 1.29e-04 | MSE loss: 5.8559e-03 | time: 0.167
I 06.01/01:50:40 solver.py:136 ] Epoch: [214/400][120/400] lr: 1.29e-04 | MSE loss: 5.8900e-03 | time: 0.167
I 06.01/01:50:44 solver.py:136 ] Epoch: [214/400][140/400] lr: 1.29e-04 | MSE loss: 5.8806e-03 | time: 0.169
I 06.01/01:50:46 solver.py:136 ] Epoch: [214/400][160/400] lr: 1.29e-04 | MSE loss: 5.9107e-03 | time: 0.163
I 06.01/01:50:49 solver.py:136 ] Epoch: [214/400][180/400] lr: 1.29e-04 | MSE loss: 5.8683e-03 | time: 0.158
I 06.01/01:50:52 solver.py:136 ] Epoch: [214/400][200/400] lr: 1.29e-04 | MSE loss: 5.9318e-03 | time: 0.160
I 06.01/01:50:55 solver.py:136 ] Epoch: [214/400][220/400] lr: 1.29e-04 | MSE loss: 5.9037e-03 | time: 0.158
I 06.01/01:50:59 solver.py:136 ] Epoch: [214/400][240/400] lr: 1.29e-04 | MSE loss: 5.8772e-03 | time: 0.160
I 06.01/01:51:04 solver.py:136 ] Epoch: [214/400][260/400] lr: 1.29e-04 | MSE loss: 5.8730e-03 | time: 0.168
I 06.01/01:51:07 solver.py:136 ] Epoch: [214/400][280/400] lr: 1.29e-04 | MSE loss: 5.9186e-03 | time: 0.168
I 06.01/01:51:11 solver.py:136 ] Epoch: [214/400][300/400] lr: 1.29e-04 | MSE loss: 5.9206e-03 | time: 0.168
I 06.01/01:51:14 solver.py:136 ] Epoch: [214/400][320/400] lr: 1.29e-04 | MSE loss: 5.9372e-03 | time: 0.167
I 06.01/01:51:17 solver.py:136 ] Epoch: [214/400][340/400] lr: 1.29e-04 | MSE loss: 5.9361e-03 | time: 0.167
I 06.01/01:51:20 solver.py:136 ] Epoch: [214/400][360/400] lr: 1.29e-04 | MSE loss: 5.9344e-03 | time: 0.167
I 06.01/01:51:24 solver.py:136 ] Epoch: [214/400][380/400] lr: 1.29e-04 | MSE loss: 5.9322e-03 | time: 0.167
I 06.01/01:51:27 solver.py:136 ] Epoch: [214/400][400/400] lr: 1.29e-04 | MSE loss: 5.9228e-03 | time: 0.166
I 06.01/01:51:27 solver.py:146 ] => Train  Loss: 5.9228e-03

I 06.01/01:51:33 solver.py:205 ] 
=! Best NMSE: -1.9097e+01 (epoch=210)

I 06.01/01:51:37 solver.py:136 ] Epoch: [215/400][20/400] lr: 1.29e-04 | MSE loss: 6.0151e-03 | time: 0.188
I 06.01/01:51:40 solver.py:136 ] Epoch: [215/400][40/400] lr: 1.29e-04 | MSE loss: 5.8593e-03 | time: 0.181
I 06.01/01:51:43 solver.py:136 ] Epoch: [215/400][60/400] lr: 1.29e-04 | MSE loss: 5.8364e-03 | time: 0.174
I 06.01/01:51:46 solver.py:136 ] Epoch: [215/400][80/400] lr: 1.29e-04 | MSE loss: 5.8160e-03 | time: 0.166
I 06.01/01:51:49 solver.py:136 ] Epoch: [215/400][100/400] lr: 1.29e-04 | MSE loss: 5.8837e-03 | time: 0.166
I 06.01/01:51:53 solver.py:136 ] Epoch: [215/400][120/400] lr: 1.29e-04 | MSE loss: 5.8933e-03 | time: 0.166
I 06.01/01:51:56 solver.py:136 ] Epoch: [215/400][140/400] lr: 1.29e-04 | MSE loss: 5.8587e-03 | time: 0.167
I 06.01/01:51:59 solver.py:136 ] Epoch: [215/400][160/400] lr: 1.29e-04 | MSE loss: 5.8870e-03 | time: 0.165
I 06.01/01:52:04 solver.py:136 ] Epoch: [215/400][180/400] lr: 1.29e-04 | MSE loss: 5.8769e-03 | time: 0.174
I 06.01/01:52:08 solver.py:136 ] Epoch: [215/400][200/400] lr: 1.29e-04 | MSE loss: 5.8639e-03 | time: 0.176
I 06.01/01:52:11 solver.py:136 ] Epoch: [215/400][220/400] lr: 1.29e-04 | MSE loss: 5.8742e-03 | time: 0.174
I 06.01/01:52:14 solver.py:136 ] Epoch: [215/400][240/400] lr: 1.29e-04 | MSE loss: 5.9028e-03 | time: 0.173
I 06.01/01:52:17 solver.py:136 ] Epoch: [215/400][260/400] lr: 1.29e-04 | MSE loss: 5.8918e-03 | time: 0.171
I 06.01/01:52:20 solver.py:136 ] Epoch: [215/400][280/400] lr: 1.28e-04 | MSE loss: 5.8886e-03 | time: 0.170
I 06.01/01:52:23 solver.py:136 ] Epoch: [215/400][300/400] lr: 1.28e-04 | MSE loss: 5.8908e-03 | time: 0.168
I 06.01/01:52:26 solver.py:136 ] Epoch: [215/400][320/400] lr: 1.28e-04 | MSE loss: 5.9231e-03 | time: 0.166
I 06.01/01:52:29 solver.py:136 ] Epoch: [215/400][340/400] lr: 1.28e-04 | MSE loss: 5.9158e-03 | time: 0.166
I 06.01/01:52:33 solver.py:136 ] Epoch: [215/400][360/400] lr: 1.28e-04 | MSE loss: 5.9172e-03 | time: 0.167
I 06.01/01:52:36 solver.py:136 ] Epoch: [215/400][380/400] lr: 1.28e-04 | MSE loss: 5.9303e-03 | time: 0.167
I 06.01/01:52:40 solver.py:136 ] Epoch: [215/400][400/400] lr: 1.28e-04 | MSE loss: 5.9222e-03 | time: 0.167
I 06.01/01:52:40 solver.py:146 ] => Train  Loss: 5.9222e-03

I 06.01/01:52:44 solver.py:205 ] 
=! Best NMSE: -1.9097e+01 (epoch=210)

I 06.01/01:52:47 solver.py:136 ] Epoch: [216/400][20/400] lr: 1.28e-04 | MSE loss: 5.9824e-03 | time: 0.169
I 06.01/01:52:51 solver.py:136 ] Epoch: [216/400][40/400] lr: 1.28e-04 | MSE loss: 6.0279e-03 | time: 0.172
I 06.01/01:52:54 solver.py:136 ] Epoch: [216/400][60/400] lr: 1.28e-04 | MSE loss: 5.9912e-03 | time: 0.173
I 06.01/01:52:57 solver.py:136 ] Epoch: [216/400][80/400] lr: 1.28e-04 | MSE loss: 5.9143e-03 | time: 0.169
I 06.01/01:53:01 solver.py:136 ] Epoch: [216/400][100/400] lr: 1.28e-04 | MSE loss: 5.9102e-03 | time: 0.168
I 06.01/01:53:06 solver.py:136 ] Epoch: [216/400][120/400] lr: 1.28e-04 | MSE loss: 5.9726e-03 | time: 0.185
I 06.01/01:53:10 solver.py:136 ] Epoch: [216/400][140/400] lr: 1.28e-04 | MSE loss: 5.9498e-03 | time: 0.185
I 06.01/01:53:13 solver.py:136 ] Epoch: [216/400][160/400] lr: 1.28e-04 | MSE loss: 5.9542e-03 | time: 0.182
I 06.01/01:53:16 solver.py:136 ] Epoch: [216/400][180/400] lr: 1.28e-04 | MSE loss: 5.9620e-03 | time: 0.179
I 06.01/01:53:20 solver.py:136 ] Epoch: [216/400][200/400] lr: 1.28e-04 | MSE loss: 5.9553e-03 | time: 0.179
I 06.01/01:53:23 solver.py:136 ] Epoch: [216/400][220/400] lr: 1.28e-04 | MSE loss: 5.9745e-03 | time: 0.178
I 06.01/01:53:26 solver.py:136 ] Epoch: [216/400][240/400] lr: 1.28e-04 | MSE loss: 5.9243e-03 | time: 0.175
I 06.01/01:53:29 solver.py:136 ] Epoch: [216/400][260/400] lr: 1.28e-04 | MSE loss: 5.9218e-03 | time: 0.173
I 06.01/01:53:32 solver.py:136 ] Epoch: [216/400][280/400] lr: 1.28e-04 | MSE loss: 5.8963e-03 | time: 0.171
I 06.01/01:53:35 solver.py:136 ] Epoch: [216/400][300/400] lr: 1.28e-04 | MSE loss: 5.9253e-03 | time: 0.169
I 06.01/01:53:38 solver.py:136 ] Epoch: [216/400][320/400] lr: 1.28e-04 | MSE loss: 5.9474e-03 | time: 0.169
I 06.01/01:53:41 solver.py:136 ] Epoch: [216/400][340/400] lr: 1.28e-04 | MSE loss: 5.9397e-03 | time: 0.168
I 06.01/01:53:44 solver.py:136 ] Epoch: [216/400][360/400] lr: 1.28e-04 | MSE loss: 5.9260e-03 | time: 0.168
I 06.01/01:53:48 solver.py:136 ] Epoch: [216/400][380/400] lr: 1.28e-04 | MSE loss: 5.9124e-03 | time: 0.168
I 06.01/01:53:51 solver.py:136 ] Epoch: [216/400][400/400] lr: 1.28e-04 | MSE loss: 5.9120e-03 | time: 0.168
I 06.01/01:53:51 solver.py:146 ] => Train  Loss: 5.9120e-03

I 06.01/01:53:57 solver.py:205 ] 
=! Best NMSE: -1.9097e+01 (epoch=210)

I 06.01/01:54:01 solver.py:136 ] Epoch: [217/400][20/400] lr: 1.28e-04 | MSE loss: 6.0052e-03 | time: 0.192
I 06.01/01:54:06 solver.py:136 ] Epoch: [217/400][40/400] lr: 1.28e-04 | MSE loss: 6.0147e-03 | time: 0.223
I 06.01/01:54:09 solver.py:136 ] Epoch: [217/400][60/400] lr: 1.28e-04 | MSE loss: 5.9768e-03 | time: 0.206
I 06.01/01:54:13 solver.py:136 ] Epoch: [217/400][80/400] lr: 1.27e-04 | MSE loss: 5.9930e-03 | time: 0.201
I 06.01/01:54:16 solver.py:136 ] Epoch: [217/400][100/400] lr: 1.27e-04 | MSE loss: 5.9697e-03 | time: 0.196
I 06.01/01:54:20 solver.py:136 ] Epoch: [217/400][120/400] lr: 1.27e-04 | MSE loss: 5.9547e-03 | time: 0.194
I 06.01/01:54:24 solver.py:136 ] Epoch: [217/400][140/400] lr: 1.27e-04 | MSE loss: 5.9251e-03 | time: 0.191
I 06.01/01:54:27 solver.py:136 ] Epoch: [217/400][160/400] lr: 1.27e-04 | MSE loss: 5.9524e-03 | time: 0.186
I 06.01/01:54:29 solver.py:136 ] Epoch: [217/400][180/400] lr: 1.27e-04 | MSE loss: 5.9256e-03 | time: 0.180
I 06.01/01:54:32 solver.py:136 ] Epoch: [217/400][200/400] lr: 1.27e-04 | MSE loss: 5.9321e-03 | time: 0.178
I 06.01/01:54:35 solver.py:136 ] Epoch: [217/400][220/400] lr: 1.27e-04 | MSE loss: 5.9410e-03 | time: 0.175
I 06.01/01:54:38 solver.py:136 ] Epoch: [217/400][240/400] lr: 1.27e-04 | MSE loss: 5.9489e-03 | time: 0.171
I 06.01/01:54:41 solver.py:136 ] Epoch: [217/400][260/400] lr: 1.27e-04 | MSE loss: 5.9730e-03 | time: 0.170
I 06.01/01:54:45 solver.py:136 ] Epoch: [217/400][280/400] lr: 1.27e-04 | MSE loss: 5.9503e-03 | time: 0.171
I 06.01/01:54:48 solver.py:136 ] Epoch: [217/400][300/400] lr: 1.27e-04 | MSE loss: 5.9577e-03 | time: 0.170
I 06.01/01:54:51 solver.py:136 ] Epoch: [217/400][320/400] lr: 1.27e-04 | MSE loss: 5.9539e-03 | time: 0.169
I 06.01/01:54:54 solver.py:136 ] Epoch: [217/400][340/400] lr: 1.27e-04 | MSE loss: 5.9452e-03 | time: 0.168
I 06.01/01:54:57 solver.py:136 ] Epoch: [217/400][360/400] lr: 1.27e-04 | MSE loss: 5.9510e-03 | time: 0.168
I 06.01/01:55:01 solver.py:136 ] Epoch: [217/400][380/400] lr: 1.27e-04 | MSE loss: 5.9283e-03 | time: 0.170
I 06.01/01:55:06 solver.py:136 ] Epoch: [217/400][400/400] lr: 1.27e-04 | MSE loss: 5.9214e-03 | time: 0.174
I 06.01/01:55:06 solver.py:146 ] => Train  Loss: 5.9214e-03

I 06.01/01:55:11 solver.py:205 ] 
=! Best NMSE: -1.9097e+01 (epoch=210)

I 06.01/01:55:15 solver.py:136 ] Epoch: [218/400][20/400] lr: 1.27e-04 | MSE loss: 5.8559e-03 | time: 0.169
I 06.01/01:55:18 solver.py:136 ] Epoch: [218/400][40/400] lr: 1.27e-04 | MSE loss: 6.0552e-03 | time: 0.172
I 06.01/01:55:22 solver.py:136 ] Epoch: [218/400][60/400] lr: 1.27e-04 | MSE loss: 5.8996e-03 | time: 0.173
I 06.01/01:55:25 solver.py:136 ] Epoch: [218/400][80/400] lr: 1.27e-04 | MSE loss: 5.9505e-03 | time: 0.173
I 06.01/01:55:29 solver.py:136 ] Epoch: [218/400][100/400] lr: 1.27e-04 | MSE loss: 5.9240e-03 | time: 0.174
I 06.01/01:55:32 solver.py:136 ] Epoch: [218/400][120/400] lr: 1.27e-04 | MSE loss: 5.9546e-03 | time: 0.172
I 06.01/01:55:35 solver.py:136 ] Epoch: [218/400][140/400] lr: 1.27e-04 | MSE loss: 5.9756e-03 | time: 0.172
I 06.01/01:55:39 solver.py:136 ] Epoch: [218/400][160/400] lr: 1.27e-04 | MSE loss: 6.0039e-03 | time: 0.172
I 06.01/01:55:42 solver.py:136 ] Epoch: [218/400][180/400] lr: 1.27e-04 | MSE loss: 5.9907e-03 | time: 0.172
I 06.01/01:55:46 solver.py:136 ] Epoch: [218/400][200/400] lr: 1.27e-04 | MSE loss: 5.9920e-03 | time: 0.172
I 06.01/01:55:48 solver.py:136 ] Epoch: [218/400][220/400] lr: 1.27e-04 | MSE loss: 5.9923e-03 | time: 0.169
I 06.01/01:55:52 solver.py:136 ] Epoch: [218/400][240/400] lr: 1.27e-04 | MSE loss: 5.9827e-03 | time: 0.169
I 06.01/01:55:55 solver.py:136 ] Epoch: [218/400][260/400] lr: 1.27e-04 | MSE loss: 5.9439e-03 | time: 0.167
I 06.01/01:55:58 solver.py:136 ] Epoch: [218/400][280/400] lr: 1.27e-04 | MSE loss: 5.9658e-03 | time: 0.165
I 06.01/01:56:00 solver.py:136 ] Epoch: [218/400][300/400] lr: 1.26e-04 | MSE loss: 5.9642e-03 | time: 0.163
I 06.01/01:56:05 solver.py:136 ] Epoch: [218/400][320/400] lr: 1.26e-04 | MSE loss: 5.9657e-03 | time: 0.168
I 06.01/01:56:08 solver.py:136 ] Epoch: [218/400][340/400] lr: 1.26e-04 | MSE loss: 5.9560e-03 | time: 0.168
I 06.01/01:56:11 solver.py:136 ] Epoch: [218/400][360/400] lr: 1.26e-04 | MSE loss: 5.9477e-03 | time: 0.168
I 06.01/01:56:15 solver.py:136 ] Epoch: [218/400][380/400] lr: 1.26e-04 | MSE loss: 5.9504e-03 | time: 0.168
I 06.01/01:56:18 solver.py:136 ] Epoch: [218/400][400/400] lr: 1.26e-04 | MSE loss: 5.9137e-03 | time: 0.168
I 06.01/01:56:18 solver.py:146 ] => Train  Loss: 5.9137e-03

I 06.01/01:56:22 solver.py:205 ] 
=! Best NMSE: -1.9097e+01 (epoch=210)

I 06.01/01:56:26 solver.py:136 ] Epoch: [219/400][20/400] lr: 1.26e-04 | MSE loss: 5.9260e-03 | time: 0.154
I 06.01/01:56:28 solver.py:136 ] Epoch: [219/400][40/400] lr: 1.26e-04 | MSE loss: 5.9392e-03 | time: 0.136
I 06.01/01:56:30 solver.py:136 ] Epoch: [219/400][60/400] lr: 1.26e-04 | MSE loss: 5.9982e-03 | time: 0.132
I 06.01/01:56:34 solver.py:136 ] Epoch: [219/400][80/400] lr: 1.26e-04 | MSE loss: 5.9816e-03 | time: 0.139
I 06.01/01:56:37 solver.py:136 ] Epoch: [219/400][100/400] lr: 1.26e-04 | MSE loss: 5.9081e-03 | time: 0.149
I 06.01/01:56:41 solver.py:136 ] Epoch: [219/400][120/400] lr: 1.26e-04 | MSE loss: 5.9618e-03 | time: 0.153
I 06.01/01:56:44 solver.py:136 ] Epoch: [219/400][140/400] lr: 1.26e-04 | MSE loss: 5.9199e-03 | time: 0.156
I 06.01/01:56:48 solver.py:136 ] Epoch: [219/400][160/400] lr: 1.26e-04 | MSE loss: 5.9095e-03 | time: 0.158
I 06.01/01:56:51 solver.py:136 ] Epoch: [219/400][180/400] lr: 1.26e-04 | MSE loss: 5.9280e-03 | time: 0.158
I 06.01/01:56:55 solver.py:136 ] Epoch: [219/400][200/400] lr: 1.26e-04 | MSE loss: 5.9481e-03 | time: 0.160
I 06.01/01:56:58 solver.py:136 ] Epoch: [219/400][220/400] lr: 1.26e-04 | MSE loss: 5.9359e-03 | time: 0.161
I 06.01/01:57:01 solver.py:136 ] Epoch: [219/400][240/400] lr: 1.26e-04 | MSE loss: 5.9320e-03 | time: 0.161
I 06.01/01:57:06 solver.py:136 ] Epoch: [219/400][260/400] lr: 1.26e-04 | MSE loss: 5.9202e-03 | time: 0.168
I 06.01/01:57:10 solver.py:136 ] Epoch: [219/400][280/400] lr: 1.26e-04 | MSE loss: 5.9176e-03 | time: 0.169
I 06.01/01:57:13 solver.py:136 ] Epoch: [219/400][300/400] lr: 1.26e-04 | MSE loss: 5.8890e-03 | time: 0.169
I 06.01/01:57:16 solver.py:136 ] Epoch: [219/400][320/400] lr: 1.26e-04 | MSE loss: 5.8976e-03 | time: 0.167
I 06.01/01:57:19 solver.py:136 ] Epoch: [219/400][340/400] lr: 1.26e-04 | MSE loss: 5.8930e-03 | time: 0.165
I 06.01/01:57:21 solver.py:136 ] Epoch: [219/400][360/400] lr: 1.26e-04 | MSE loss: 5.9035e-03 | time: 0.164
I 06.01/01:57:24 solver.py:136 ] Epoch: [219/400][380/400] lr: 1.26e-04 | MSE loss: 5.8986e-03 | time: 0.163
I 06.01/01:57:28 solver.py:136 ] Epoch: [219/400][400/400] lr: 1.26e-04 | MSE loss: 5.8970e-03 | time: 0.163
I 06.01/01:57:28 solver.py:146 ] => Train  Loss: 5.8970e-03

I 06.01/01:57:32 solver.py:205 ] 
=! Best NMSE: -1.9097e+01 (epoch=210)

I 06.01/01:57:35 solver.py:136 ] Epoch: [220/400][20/400] lr: 1.26e-04 | MSE loss: 5.8146e-03 | time: 0.185
I 06.01/01:57:39 solver.py:136 ] Epoch: [220/400][40/400] lr: 1.26e-04 | MSE loss: 5.9517e-03 | time: 0.186
I 06.01/01:57:42 solver.py:136 ] Epoch: [220/400][60/400] lr: 1.26e-04 | MSE loss: 5.9235e-03 | time: 0.176
I 06.01/01:57:45 solver.py:136 ] Epoch: [220/400][80/400] lr: 1.26e-04 | MSE loss: 5.9548e-03 | time: 0.164
I 06.01/01:57:48 solver.py:136 ] Epoch: [220/400][100/400] lr: 1.25e-04 | MSE loss: 6.0229e-03 | time: 0.164
I 06.01/01:57:52 solver.py:136 ] Epoch: [220/400][120/400] lr: 1.25e-04 | MSE loss: 5.9343e-03 | time: 0.166
I 06.01/01:57:55 solver.py:136 ] Epoch: [220/400][140/400] lr: 1.25e-04 | MSE loss: 5.9017e-03 | time: 0.167
I 06.01/01:57:59 solver.py:136 ] Epoch: [220/400][160/400] lr: 1.25e-04 | MSE loss: 5.8792e-03 | time: 0.168
I 06.01/01:58:04 solver.py:136 ] Epoch: [220/400][180/400] lr: 1.25e-04 | MSE loss: 5.8585e-03 | time: 0.178
I 06.01/01:58:08 solver.py:136 ] Epoch: [220/400][200/400] lr: 1.25e-04 | MSE loss: 5.8276e-03 | time: 0.181
I 06.01/01:58:11 solver.py:136 ] Epoch: [220/400][220/400] lr: 1.25e-04 | MSE loss: 5.8286e-03 | time: 0.180
I 06.01/01:58:14 solver.py:136 ] Epoch: [220/400][240/400] lr: 1.25e-04 | MSE loss: 5.8455e-03 | time: 0.176
I 06.01/01:58:17 solver.py:136 ] Epoch: [220/400][260/400] lr: 1.25e-04 | MSE loss: 5.8808e-03 | time: 0.175
I 06.01/01:58:21 solver.py:136 ] Epoch: [220/400][280/400] lr: 1.25e-04 | MSE loss: 5.8922e-03 | time: 0.175
I 06.01/01:58:24 solver.py:136 ] Epoch: [220/400][300/400] lr: 1.25e-04 | MSE loss: 5.8747e-03 | time: 0.174
I 06.01/01:58:27 solver.py:136 ] Epoch: [220/400][320/400] lr: 1.25e-04 | MSE loss: 5.8706e-03 | time: 0.173
I 06.01/01:58:30 solver.py:136 ] Epoch: [220/400][340/400] lr: 1.25e-04 | MSE loss: 5.8654e-03 | time: 0.171
I 06.01/01:58:33 solver.py:136 ] Epoch: [220/400][360/400] lr: 1.25e-04 | MSE loss: 5.8669e-03 | time: 0.169
I 06.01/01:58:36 solver.py:136 ] Epoch: [220/400][380/400] lr: 1.25e-04 | MSE loss: 5.8695e-03 | time: 0.169
I 06.01/01:58:39 solver.py:136 ] Epoch: [220/400][400/400] lr: 1.25e-04 | MSE loss: 5.8969e-03 | time: 0.169
I 06.01/01:58:39 solver.py:146 ] => Train  Loss: 5.8969e-03

I 06.01/01:58:43 solver.py:136 ] Epoch: [220/400][20/50] lr: 1.25e-04 | MSE loss: 6.4403e-03 | time: 0.156
I 06.01/01:58:46 solver.py:136 ] Epoch: [220/400][40/50] lr: 1.25e-04 | MSE loss: 6.2219e-03 | time: 0.158
I 06.01/01:58:47 solver.py:146 ] => Val  Loss: 6.1711e-03

I 06.01/01:58:51 solver.py:287 ] [20/50] loss: 6.2816e-03 | NMSE: -1.9081e+01 | time: 0.185
I 06.01/01:58:54 solver.py:287 ] [40/50] loss: 6.2326e-03 | NMSE: -1.9096e+01 | time: 0.170
I 06.01/01:58:56 solver.py:291 ] => Test NMSE: -1.9135e+01

I 06.01/01:59:09 solver.py:205 ] 
=! Best NMSE: -1.9135e+01 (epoch=220)

I 06.01/01:59:13 solver.py:136 ] Epoch: [221/400][20/400] lr: 1.25e-04 | MSE loss: 5.9902e-03 | time: 0.186
I 06.01/01:59:17 solver.py:136 ] Epoch: [221/400][40/400] lr: 1.25e-04 | MSE loss: 6.0747e-03 | time: 0.189
I 06.01/01:59:20 solver.py:136 ] Epoch: [221/400][60/400] lr: 1.25e-04 | MSE loss: 5.9576e-03 | time: 0.182
I 06.01/01:59:23 solver.py:136 ] Epoch: [221/400][80/400] lr: 1.25e-04 | MSE loss: 5.9367e-03 | time: 0.173
I 06.01/01:59:26 solver.py:136 ] Epoch: [221/400][100/400] lr: 1.25e-04 | MSE loss: 5.9383e-03 | time: 0.169
I 06.01/01:59:30 solver.py:136 ] Epoch: [221/400][120/400] lr: 1.25e-04 | MSE loss: 5.9421e-03 | time: 0.171
I 06.01/01:59:33 solver.py:136 ] Epoch: [221/400][140/400] lr: 1.25e-04 | MSE loss: 5.8746e-03 | time: 0.172
I 06.01/01:59:37 solver.py:136 ] Epoch: [221/400][160/400] lr: 1.25e-04 | MSE loss: 5.8473e-03 | time: 0.174
I 06.01/01:59:41 solver.py:136 ] Epoch: [221/400][180/400] lr: 1.25e-04 | MSE loss: 5.8277e-03 | time: 0.173
I 06.01/01:59:44 solver.py:136 ] Epoch: [221/400][200/400] lr: 1.25e-04 | MSE loss: 5.8061e-03 | time: 0.171
I 06.01/01:59:47 solver.py:136 ] Epoch: [221/400][220/400] lr: 1.25e-04 | MSE loss: 5.7967e-03 | time: 0.170
I 06.01/01:59:50 solver.py:136 ] Epoch: [221/400][240/400] lr: 1.25e-04 | MSE loss: 5.8244e-03 | time: 0.170
I 06.01/01:59:54 solver.py:136 ] Epoch: [221/400][260/400] lr: 1.25e-04 | MSE loss: 5.8441e-03 | time: 0.170
I 06.01/01:59:57 solver.py:136 ] Epoch: [221/400][280/400] lr: 1.25e-04 | MSE loss: 5.8584e-03 | time: 0.169
I 06.01/02:00:00 solver.py:136 ] Epoch: [221/400][300/400] lr: 1.25e-04 | MSE loss: 5.8522e-03 | time: 0.170
I 06.01/02:00:06 solver.py:136 ] Epoch: [221/400][320/400] lr: 1.24e-04 | MSE loss: 5.8744e-03 | time: 0.177
I 06.01/02:00:09 solver.py:136 ] Epoch: [221/400][340/400] lr: 1.24e-04 | MSE loss: 5.8966e-03 | time: 0.177
I 06.01/02:00:13 solver.py:136 ] Epoch: [221/400][360/400] lr: 1.24e-04 | MSE loss: 5.8905e-03 | time: 0.177
I 06.01/02:00:16 solver.py:136 ] Epoch: [221/400][380/400] lr: 1.24e-04 | MSE loss: 5.8776e-03 | time: 0.176
I 06.01/02:00:19 solver.py:136 ] Epoch: [221/400][400/400] lr: 1.24e-04 | MSE loss: 5.8883e-03 | time: 0.174
I 06.01/02:00:19 solver.py:146 ] => Train  Loss: 5.8883e-03

I 06.01/02:00:24 solver.py:205 ] 
=! Best NMSE: -1.9135e+01 (epoch=220)

I 06.01/02:00:28 solver.py:136 ] Epoch: [222/400][20/400] lr: 1.24e-04 | MSE loss: 5.8673e-03 | time: 0.193
I 06.01/02:00:30 solver.py:136 ] Epoch: [222/400][40/400] lr: 1.24e-04 | MSE loss: 5.7992e-03 | time: 0.165
I 06.01/02:00:33 solver.py:136 ] Epoch: [222/400][60/400] lr: 1.24e-04 | MSE loss: 5.7971e-03 | time: 0.158
I 06.01/02:00:36 solver.py:136 ] Epoch: [222/400][80/400] lr: 1.24e-04 | MSE loss: 5.7561e-03 | time: 0.159
I 06.01/02:00:39 solver.py:136 ] Epoch: [222/400][100/400] lr: 1.24e-04 | MSE loss: 5.8835e-03 | time: 0.156
I 06.01/02:00:43 solver.py:136 ] Epoch: [222/400][120/400] lr: 1.24e-04 | MSE loss: 5.8818e-03 | time: 0.157
I 06.01/02:00:46 solver.py:136 ] Epoch: [222/400][140/400] lr: 1.24e-04 | MSE loss: 5.9274e-03 | time: 0.159
I 06.01/02:00:49 solver.py:136 ] Epoch: [222/400][160/400] lr: 1.24e-04 | MSE loss: 5.9090e-03 | time: 0.160
I 06.01/02:00:53 solver.py:136 ] Epoch: [222/400][180/400] lr: 1.24e-04 | MSE loss: 5.8990e-03 | time: 0.160
I 06.01/02:00:56 solver.py:136 ] Epoch: [222/400][200/400] lr: 1.24e-04 | MSE loss: 5.8840e-03 | time: 0.159
I 06.01/02:00:58 solver.py:136 ] Epoch: [222/400][220/400] lr: 1.24e-04 | MSE loss: 5.8921e-03 | time: 0.157
I 06.01/02:01:02 solver.py:136 ] Epoch: [222/400][240/400] lr: 1.24e-04 | MSE loss: 5.8884e-03 | time: 0.159
I 06.01/02:01:06 solver.py:136 ] Epoch: [222/400][260/400] lr: 1.24e-04 | MSE loss: 5.9021e-03 | time: 0.164
I 06.01/02:01:09 solver.py:136 ] Epoch: [222/400][280/400] lr: 1.24e-04 | MSE loss: 5.9038e-03 | time: 0.162
I 06.01/02:01:11 solver.py:136 ] Epoch: [222/400][300/400] lr: 1.24e-04 | MSE loss: 5.8624e-03 | time: 0.159
I 06.01/02:01:14 solver.py:136 ] Epoch: [222/400][320/400] lr: 1.24e-04 | MSE loss: 5.8647e-03 | time: 0.157
I 06.01/02:01:18 solver.py:136 ] Epoch: [222/400][340/400] lr: 1.24e-04 | MSE loss: 5.8688e-03 | time: 0.158
I 06.01/02:01:21 solver.py:136 ] Epoch: [222/400][360/400] lr: 1.24e-04 | MSE loss: 5.8719e-03 | time: 0.160
I 06.01/02:01:25 solver.py:136 ] Epoch: [222/400][380/400] lr: 1.24e-04 | MSE loss: 5.8792e-03 | time: 0.161
I 06.01/02:01:28 solver.py:136 ] Epoch: [222/400][400/400] lr: 1.24e-04 | MSE loss: 5.8940e-03 | time: 0.161
I 06.01/02:01:28 solver.py:146 ] => Train  Loss: 5.8940e-03

I 06.01/02:01:34 solver.py:205 ] 
=! Best NMSE: -1.9135e+01 (epoch=220)

I 06.01/02:01:38 solver.py:136 ] Epoch: [223/400][20/400] lr: 1.24e-04 | MSE loss: 5.1877e-03 | time: 0.168
I 06.01/02:01:41 solver.py:136 ] Epoch: [223/400][40/400] lr: 1.24e-04 | MSE loss: 5.5008e-03 | time: 0.178
I 06.01/02:01:45 solver.py:136 ] Epoch: [223/400][60/400] lr: 1.24e-04 | MSE loss: 5.7405e-03 | time: 0.172
I 06.01/02:01:48 solver.py:136 ] Epoch: [223/400][80/400] lr: 1.24e-04 | MSE loss: 5.7296e-03 | time: 0.171
I 06.01/02:01:51 solver.py:136 ] Epoch: [223/400][100/400] lr: 1.24e-04 | MSE loss: 5.7562e-03 | time: 0.172
I 06.01/02:01:54 solver.py:136 ] Epoch: [223/400][120/400] lr: 1.23e-04 | MSE loss: 5.6936e-03 | time: 0.168
I 06.01/02:01:58 solver.py:136 ] Epoch: [223/400][140/400] lr: 1.23e-04 | MSE loss: 5.7102e-03 | time: 0.172
I 06.01/02:02:04 solver.py:136 ] Epoch: [223/400][160/400] lr: 1.23e-04 | MSE loss: 5.7061e-03 | time: 0.188
I 06.01/02:02:07 solver.py:136 ] Epoch: [223/400][180/400] lr: 1.23e-04 | MSE loss: 5.7577e-03 | time: 0.184
I 06.01/02:02:11 solver.py:136 ] Epoch: [223/400][200/400] lr: 1.23e-04 | MSE loss: 5.7719e-03 | time: 0.182
I 06.01/02:02:14 solver.py:136 ] Epoch: [223/400][220/400] lr: 1.23e-04 | MSE loss: 5.7518e-03 | time: 0.180
I 06.01/02:02:17 solver.py:136 ] Epoch: [223/400][240/400] lr: 1.23e-04 | MSE loss: 5.7560e-03 | time: 0.178
I 06.01/02:02:20 solver.py:136 ] Epoch: [223/400][260/400] lr: 1.23e-04 | MSE loss: 5.7921e-03 | time: 0.177
I 06.01/02:02:24 solver.py:136 ] Epoch: [223/400][280/400] lr: 1.23e-04 | MSE loss: 5.7954e-03 | time: 0.177
I 06.01/02:02:27 solver.py:136 ] Epoch: [223/400][300/400] lr: 1.23e-04 | MSE loss: 5.8289e-03 | time: 0.175
I 06.01/02:02:30 solver.py:136 ] Epoch: [223/400][320/400] lr: 1.23e-04 | MSE loss: 5.8312e-03 | time: 0.175
I 06.01/02:02:34 solver.py:136 ] Epoch: [223/400][340/400] lr: 1.23e-04 | MSE loss: 5.8506e-03 | time: 0.175
I 06.01/02:02:37 solver.py:136 ] Epoch: [223/400][360/400] lr: 1.23e-04 | MSE loss: 5.8534e-03 | time: 0.174
I 06.01/02:02:40 solver.py:136 ] Epoch: [223/400][380/400] lr: 1.23e-04 | MSE loss: 5.8731e-03 | time: 0.174
I 06.01/02:02:43 solver.py:136 ] Epoch: [223/400][400/400] lr: 1.23e-04 | MSE loss: 5.8809e-03 | time: 0.173
I 06.01/02:02:43 solver.py:146 ] => Train  Loss: 5.8809e-03

I 06.01/02:02:48 solver.py:205 ] 
=! Best NMSE: -1.9135e+01 (epoch=220)

I 06.01/02:02:51 solver.py:136 ] Epoch: [224/400][20/400] lr: 1.23e-04 | MSE loss: 5.4528e-03 | time: 0.186
I 06.01/02:02:55 solver.py:136 ] Epoch: [224/400][40/400] lr: 1.23e-04 | MSE loss: 5.6831e-03 | time: 0.182
I 06.01/02:02:58 solver.py:136 ] Epoch: [224/400][60/400] lr: 1.23e-04 | MSE loss: 5.6853e-03 | time: 0.181
I 06.01/02:03:03 solver.py:136 ] Epoch: [224/400][80/400] lr: 1.23e-04 | MSE loss: 5.6561e-03 | time: 0.193
I 06.01/02:03:07 solver.py:136 ] Epoch: [224/400][100/400] lr: 1.23e-04 | MSE loss: 5.6862e-03 | time: 0.190
I 06.01/02:03:10 solver.py:136 ] Epoch: [224/400][120/400] lr: 1.23e-04 | MSE loss: 5.6912e-03 | time: 0.183
I 06.01/02:03:12 solver.py:136 ] Epoch: [224/400][140/400] lr: 1.23e-04 | MSE loss: 5.7057e-03 | time: 0.177
I 06.01/02:03:16 solver.py:136 ] Epoch: [224/400][160/400] lr: 1.23e-04 | MSE loss: 5.7578e-03 | time: 0.175
I 06.01/02:03:19 solver.py:136 ] Epoch: [224/400][180/400] lr: 1.23e-04 | MSE loss: 5.7871e-03 | time: 0.176
I 06.01/02:03:22 solver.py:136 ] Epoch: [224/400][200/400] lr: 1.23e-04 | MSE loss: 5.8275e-03 | time: 0.174
I 06.01/02:03:25 solver.py:136 ] Epoch: [224/400][220/400] lr: 1.23e-04 | MSE loss: 5.8049e-03 | time: 0.171
I 06.01/02:03:29 solver.py:136 ] Epoch: [224/400][240/400] lr: 1.23e-04 | MSE loss: 5.8038e-03 | time: 0.171
I 06.01/02:03:32 solver.py:136 ] Epoch: [224/400][260/400] lr: 1.23e-04 | MSE loss: 5.7860e-03 | time: 0.169
I 06.01/02:03:35 solver.py:136 ] Epoch: [224/400][280/400] lr: 1.23e-04 | MSE loss: 5.8026e-03 | time: 0.169
I 06.01/02:03:38 solver.py:136 ] Epoch: [224/400][300/400] lr: 1.23e-04 | MSE loss: 5.8248e-03 | time: 0.170
I 06.01/02:03:41 solver.py:136 ] Epoch: [224/400][320/400] lr: 1.23e-04 | MSE loss: 5.8398e-03 | time: 0.168
I 06.01/02:03:45 solver.py:136 ] Epoch: [224/400][340/400] lr: 1.22e-04 | MSE loss: 5.8528e-03 | time: 0.167
I 06.01/02:03:48 solver.py:136 ] Epoch: [224/400][360/400] lr: 1.22e-04 | MSE loss: 5.8697e-03 | time: 0.169
I 06.01/02:03:52 solver.py:136 ] Epoch: [224/400][380/400] lr: 1.22e-04 | MSE loss: 5.8712e-03 | time: 0.168
I 06.01/02:03:55 solver.py:136 ] Epoch: [224/400][400/400] lr: 1.22e-04 | MSE loss: 5.8766e-03 | time: 0.169
I 06.01/02:03:55 solver.py:146 ] => Train  Loss: 5.8766e-03

I 06.01/02:03:59 solver.py:205 ] 
=! Best NMSE: -1.9135e+01 (epoch=220)

I 06.01/02:04:04 solver.py:136 ] Epoch: [225/400][20/400] lr: 1.22e-04 | MSE loss: 5.9015e-03 | time: 0.279
I 06.01/02:04:08 solver.py:136 ] Epoch: [225/400][40/400] lr: 1.22e-04 | MSE loss: 5.8705e-03 | time: 0.231
I 06.01/02:04:11 solver.py:136 ] Epoch: [225/400][60/400] lr: 1.22e-04 | MSE loss: 5.8512e-03 | time: 0.212
I 06.01/02:04:15 solver.py:136 ] Epoch: [225/400][80/400] lr: 1.22e-04 | MSE loss: 5.9155e-03 | time: 0.201
I 06.01/02:04:18 solver.py:136 ] Epoch: [225/400][100/400] lr: 1.22e-04 | MSE loss: 5.8550e-03 | time: 0.194
I 06.01/02:04:21 solver.py:136 ] Epoch: [225/400][120/400] lr: 1.22e-04 | MSE loss: 5.8654e-03 | time: 0.187
I 06.01/02:04:24 solver.py:136 ] Epoch: [225/400][140/400] lr: 1.22e-04 | MSE loss: 5.8707e-03 | time: 0.179
I 06.01/02:04:26 solver.py:136 ] Epoch: [225/400][160/400] lr: 1.22e-04 | MSE loss: 5.8292e-03 | time: 0.172
I 06.01/02:04:30 solver.py:136 ] Epoch: [225/400][180/400] lr: 1.22e-04 | MSE loss: 5.8284e-03 | time: 0.172
I 06.01/02:04:33 solver.py:136 ] Epoch: [225/400][200/400] lr: 1.22e-04 | MSE loss: 5.8399e-03 | time: 0.174
I 06.01/02:04:36 solver.py:136 ] Epoch: [225/400][220/400] lr: 1.22e-04 | MSE loss: 5.8486e-03 | time: 0.172
I 06.01/02:04:39 solver.py:136 ] Epoch: [225/400][240/400] lr: 1.22e-04 | MSE loss: 5.8606e-03 | time: 0.170
I 06.01/02:04:43 solver.py:136 ] Epoch: [225/400][260/400] lr: 1.22e-04 | MSE loss: 5.8629e-03 | time: 0.170
I 06.01/02:04:46 solver.py:136 ] Epoch: [225/400][280/400] lr: 1.22e-04 | MSE loss: 5.8705e-03 | time: 0.169
I 06.01/02:04:49 solver.py:136 ] Epoch: [225/400][300/400] lr: 1.22e-04 | MSE loss: 5.8897e-03 | time: 0.169
I 06.01/02:04:52 solver.py:136 ] Epoch: [225/400][320/400] lr: 1.22e-04 | MSE loss: 5.9056e-03 | time: 0.168
I 06.01/02:04:56 solver.py:136 ] Epoch: [225/400][340/400] lr: 1.22e-04 | MSE loss: 5.9060e-03 | time: 0.168
I 06.01/02:04:59 solver.py:136 ] Epoch: [225/400][360/400] lr: 1.22e-04 | MSE loss: 5.8957e-03 | time: 0.168
I 06.01/02:05:05 solver.py:136 ] Epoch: [225/400][380/400] lr: 1.22e-04 | MSE loss: 5.8773e-03 | time: 0.174
I 06.01/02:05:08 solver.py:136 ] Epoch: [225/400][400/400] lr: 1.22e-04 | MSE loss: 5.8729e-03 | time: 0.174
I 06.01/02:05:08 solver.py:146 ] => Train  Loss: 5.8729e-03

I 06.01/02:05:13 solver.py:205 ] 
=! Best NMSE: -1.9135e+01 (epoch=220)

I 06.01/02:05:17 solver.py:136 ] Epoch: [226/400][20/400] lr: 1.22e-04 | MSE loss: 5.7829e-03 | time: 0.186
I 06.01/02:05:21 solver.py:136 ] Epoch: [226/400][40/400] lr: 1.22e-04 | MSE loss: 5.8632e-03 | time: 0.177
I 06.01/02:05:24 solver.py:136 ] Epoch: [226/400][60/400] lr: 1.22e-04 | MSE loss: 5.9407e-03 | time: 0.173
I 06.01/02:05:27 solver.py:136 ] Epoch: [226/400][80/400] lr: 1.22e-04 | MSE loss: 5.8878e-03 | time: 0.173
I 06.01/02:05:31 solver.py:136 ] Epoch: [226/400][100/400] lr: 1.22e-04 | MSE loss: 5.8525e-03 | time: 0.177
I 06.01/02:05:35 solver.py:136 ] Epoch: [226/400][120/400] lr: 1.22e-04 | MSE loss: 5.8285e-03 | time: 0.176
I 06.01/02:05:38 solver.py:136 ] Epoch: [226/400][140/400] lr: 1.21e-04 | MSE loss: 5.8488e-03 | time: 0.172
I 06.01/02:05:40 solver.py:136 ] Epoch: [226/400][160/400] lr: 1.21e-04 | MSE loss: 5.9340e-03 | time: 0.167
I 06.01/02:05:43 solver.py:136 ] Epoch: [226/400][180/400] lr: 1.21e-04 | MSE loss: 5.9099e-03 | time: 0.166
I 06.01/02:05:47 solver.py:136 ] Epoch: [226/400][200/400] lr: 1.21e-04 | MSE loss: 5.9072e-03 | time: 0.166
I 06.01/02:05:50 solver.py:136 ] Epoch: [226/400][220/400] lr: 1.21e-04 | MSE loss: 5.9005e-03 | time: 0.166
I 06.01/02:05:53 solver.py:136 ] Epoch: [226/400][240/400] lr: 1.21e-04 | MSE loss: 5.8769e-03 | time: 0.166
I 06.01/02:05:57 solver.py:136 ] Epoch: [226/400][260/400] lr: 1.21e-04 | MSE loss: 5.8800e-03 | time: 0.166
I 06.01/02:06:00 solver.py:136 ] Epoch: [226/400][280/400] lr: 1.21e-04 | MSE loss: 5.9034e-03 | time: 0.166
I 06.01/02:06:05 solver.py:136 ] Epoch: [226/400][300/400] lr: 1.21e-04 | MSE loss: 5.8769e-03 | time: 0.172
I 06.01/02:06:08 solver.py:136 ] Epoch: [226/400][320/400] lr: 1.21e-04 | MSE loss: 5.8641e-03 | time: 0.172
I 06.01/02:06:12 solver.py:136 ] Epoch: [226/400][340/400] lr: 1.21e-04 | MSE loss: 5.8729e-03 | time: 0.171
I 06.01/02:06:15 solver.py:136 ] Epoch: [226/400][360/400] lr: 1.21e-04 | MSE loss: 5.8720e-03 | time: 0.170
I 06.01/02:06:18 solver.py:136 ] Epoch: [226/400][380/400] lr: 1.21e-04 | MSE loss: 5.8831e-03 | time: 0.169
I 06.01/02:06:21 solver.py:136 ] Epoch: [226/400][400/400] lr: 1.21e-04 | MSE loss: 5.8741e-03 | time: 0.170
I 06.01/02:06:21 solver.py:146 ] => Train  Loss: 5.8741e-03

I 06.01/02:06:26 solver.py:205 ] 
=! Best NMSE: -1.9135e+01 (epoch=220)

I 06.01/02:06:30 solver.py:136 ] Epoch: [227/400][20/400] lr: 1.21e-04 | MSE loss: 5.9418e-03 | time: 0.167
I 06.01/02:06:33 solver.py:136 ] Epoch: [227/400][40/400] lr: 1.21e-04 | MSE loss: 6.0884e-03 | time: 0.166
I 06.01/02:06:37 solver.py:136 ] Epoch: [227/400][60/400] lr: 1.21e-04 | MSE loss: 6.0515e-03 | time: 0.169
I 06.01/02:06:40 solver.py:136 ] Epoch: [227/400][80/400] lr: 1.21e-04 | MSE loss: 5.9482e-03 | time: 0.174
I 06.01/02:06:44 solver.py:136 ] Epoch: [227/400][100/400] lr: 1.21e-04 | MSE loss: 5.9007e-03 | time: 0.176
I 06.01/02:06:47 solver.py:136 ] Epoch: [227/400][120/400] lr: 1.21e-04 | MSE loss: 5.9368e-03 | time: 0.173
I 06.01/02:06:50 solver.py:136 ] Epoch: [227/400][140/400] lr: 1.21e-04 | MSE loss: 5.9741e-03 | time: 0.172
I 06.01/02:06:54 solver.py:136 ] Epoch: [227/400][160/400] lr: 1.21e-04 | MSE loss: 5.9845e-03 | time: 0.172
I 06.01/02:06:57 solver.py:136 ] Epoch: [227/400][180/400] lr: 1.21e-04 | MSE loss: 5.9346e-03 | time: 0.172
I 06.01/02:07:01 solver.py:136 ] Epoch: [227/400][200/400] lr: 1.21e-04 | MSE loss: 5.8945e-03 | time: 0.173
I 06.01/02:07:06 solver.py:136 ] Epoch: [227/400][220/400] lr: 1.21e-04 | MSE loss: 5.9018e-03 | time: 0.180
I 06.01/02:07:09 solver.py:136 ] Epoch: [227/400][240/400] lr: 1.21e-04 | MSE loss: 5.8852e-03 | time: 0.178
I 06.01/02:07:12 solver.py:136 ] Epoch: [227/400][260/400] lr: 1.21e-04 | MSE loss: 5.8564e-03 | time: 0.175
I 06.01/02:07:15 solver.py:136 ] Epoch: [227/400][280/400] lr: 1.21e-04 | MSE loss: 5.8408e-03 | time: 0.172
I 06.01/02:07:17 solver.py:136 ] Epoch: [227/400][300/400] lr: 1.21e-04 | MSE loss: 5.8468e-03 | time: 0.169
I 06.01/02:07:20 solver.py:136 ] Epoch: [227/400][320/400] lr: 1.21e-04 | MSE loss: 5.8559e-03 | time: 0.169
I 06.01/02:07:23 solver.py:136 ] Epoch: [227/400][340/400] lr: 1.21e-04 | MSE loss: 5.8726e-03 | time: 0.168
I 06.01/02:07:26 solver.py:136 ] Epoch: [227/400][360/400] lr: 1.20e-04 | MSE loss: 5.8628e-03 | time: 0.166
I 06.01/02:07:29 solver.py:136 ] Epoch: [227/400][380/400] lr: 1.20e-04 | MSE loss: 5.8840e-03 | time: 0.166
I 06.01/02:07:33 solver.py:136 ] Epoch: [227/400][400/400] lr: 1.20e-04 | MSE loss: 5.8622e-03 | time: 0.166
I 06.01/02:07:33 solver.py:146 ] => Train  Loss: 5.8622e-03

I 06.01/02:07:38 solver.py:205 ] 
=! Best NMSE: -1.9135e+01 (epoch=220)

I 06.01/02:07:41 solver.py:136 ] Epoch: [228/400][20/400] lr: 1.20e-04 | MSE loss: 5.9453e-03 | time: 0.156
I 06.01/02:07:44 solver.py:136 ] Epoch: [228/400][40/400] lr: 1.20e-04 | MSE loss: 6.0846e-03 | time: 0.161
I 06.01/02:07:48 solver.py:136 ] Epoch: [228/400][60/400] lr: 1.20e-04 | MSE loss: 5.9891e-03 | time: 0.164
I 06.01/02:07:51 solver.py:136 ] Epoch: [228/400][80/400] lr: 1.20e-04 | MSE loss: 6.0678e-03 | time: 0.168
I 06.01/02:07:54 solver.py:136 ] Epoch: [228/400][100/400] lr: 1.20e-04 | MSE loss: 6.1012e-03 | time: 0.167
I 06.01/02:07:58 solver.py:136 ] Epoch: [228/400][120/400] lr: 1.20e-04 | MSE loss: 6.0101e-03 | time: 0.166
I 06.01/02:08:03 solver.py:136 ] Epoch: [228/400][140/400] lr: 1.20e-04 | MSE loss: 5.9835e-03 | time: 0.178
I 06.01/02:08:07 solver.py:136 ] Epoch: [228/400][160/400] lr: 1.20e-04 | MSE loss: 5.9875e-03 | time: 0.182
I 06.01/02:08:10 solver.py:136 ] Epoch: [228/400][180/400] lr: 1.20e-04 | MSE loss: 5.9537e-03 | time: 0.179
I 06.01/02:08:13 solver.py:136 ] Epoch: [228/400][200/400] lr: 1.20e-04 | MSE loss: 5.9030e-03 | time: 0.176
I 06.01/02:08:16 solver.py:136 ] Epoch: [228/400][220/400] lr: 1.20e-04 | MSE loss: 5.8921e-03 | time: 0.176
I 06.01/02:08:20 solver.py:136 ] Epoch: [228/400][240/400] lr: 1.20e-04 | MSE loss: 5.9083e-03 | time: 0.177
I 06.01/02:08:24 solver.py:136 ] Epoch: [228/400][260/400] lr: 1.20e-04 | MSE loss: 5.9074e-03 | time: 0.177
I 06.01/02:08:27 solver.py:136 ] Epoch: [228/400][280/400] lr: 1.20e-04 | MSE loss: 5.8855e-03 | time: 0.176
I 06.01/02:08:30 solver.py:136 ] Epoch: [228/400][300/400] lr: 1.20e-04 | MSE loss: 5.8815e-03 | time: 0.174
I 06.01/02:08:33 solver.py:136 ] Epoch: [228/400][320/400] lr: 1.20e-04 | MSE loss: 5.8775e-03 | time: 0.173
I 06.01/02:08:37 solver.py:136 ] Epoch: [228/400][340/400] lr: 1.20e-04 | MSE loss: 5.8638e-03 | time: 0.173
I 06.01/02:08:40 solver.py:136 ] Epoch: [228/400][360/400] lr: 1.20e-04 | MSE loss: 5.8483e-03 | time: 0.171
I 06.01/02:08:43 solver.py:136 ] Epoch: [228/400][380/400] lr: 1.20e-04 | MSE loss: 5.8684e-03 | time: 0.171
I 06.01/02:08:45 solver.py:136 ] Epoch: [228/400][400/400] lr: 1.20e-04 | MSE loss: 5.8675e-03 | time: 0.169
I 06.01/02:08:45 solver.py:146 ] => Train  Loss: 5.8675e-03

I 06.01/02:08:50 solver.py:205 ] 
=! Best NMSE: -1.9135e+01 (epoch=220)

I 06.01/02:08:53 solver.py:136 ] Epoch: [229/400][20/400] lr: 1.20e-04 | MSE loss: 5.7932e-03 | time: 0.167
I 06.01/02:08:57 solver.py:136 ] Epoch: [229/400][40/400] lr: 1.20e-04 | MSE loss: 5.9154e-03 | time: 0.173
I 06.01/02:09:00 solver.py:136 ] Epoch: [229/400][60/400] lr: 1.20e-04 | MSE loss: 6.0649e-03 | time: 0.177
I 06.01/02:09:06 solver.py:136 ] Epoch: [229/400][80/400] lr: 1.20e-04 | MSE loss: 5.9750e-03 | time: 0.199
I 06.01/02:09:09 solver.py:136 ] Epoch: [229/400][100/400] lr: 1.20e-04 | MSE loss: 5.9477e-03 | time: 0.191
I 06.01/02:09:12 solver.py:136 ] Epoch: [229/400][120/400] lr: 1.20e-04 | MSE loss: 5.8591e-03 | time: 0.186
I 06.01/02:09:15 solver.py:136 ] Epoch: [229/400][140/400] lr: 1.20e-04 | MSE loss: 5.8447e-03 | time: 0.181
I 06.01/02:09:18 solver.py:136 ] Epoch: [229/400][160/400] lr: 1.20e-04 | MSE loss: 5.8872e-03 | time: 0.178
I 06.01/02:09:21 solver.py:136 ] Epoch: [229/400][180/400] lr: 1.19e-04 | MSE loss: 5.8720e-03 | time: 0.176
I 06.01/02:09:25 solver.py:136 ] Epoch: [229/400][200/400] lr: 1.19e-04 | MSE loss: 5.8711e-03 | time: 0.175
I 06.01/02:09:28 solver.py:136 ] Epoch: [229/400][220/400] lr: 1.19e-04 | MSE loss: 5.8631e-03 | time: 0.173
I 06.01/02:09:31 solver.py:136 ] Epoch: [229/400][240/400] lr: 1.19e-04 | MSE loss: 5.8796e-03 | time: 0.172
I 06.01/02:09:35 solver.py:136 ] Epoch: [229/400][260/400] lr: 1.19e-04 | MSE loss: 5.9029e-03 | time: 0.173
I 06.01/02:09:38 solver.py:136 ] Epoch: [229/400][280/400] lr: 1.19e-04 | MSE loss: 5.9116e-03 | time: 0.173
I 06.01/02:09:41 solver.py:136 ] Epoch: [229/400][300/400] lr: 1.19e-04 | MSE loss: 5.8970e-03 | time: 0.172
I 06.01/02:09:44 solver.py:136 ] Epoch: [229/400][320/400] lr: 1.19e-04 | MSE loss: 5.9016e-03 | time: 0.171
I 06.01/02:09:48 solver.py:136 ] Epoch: [229/400][340/400] lr: 1.19e-04 | MSE loss: 5.8919e-03 | time: 0.170
I 06.01/02:09:51 solver.py:136 ] Epoch: [229/400][360/400] lr: 1.19e-04 | MSE loss: 5.8750e-03 | time: 0.170
I 06.01/02:09:54 solver.py:136 ] Epoch: [229/400][380/400] lr: 1.19e-04 | MSE loss: 5.8710e-03 | time: 0.169
I 06.01/02:09:57 solver.py:136 ] Epoch: [229/400][400/400] lr: 1.19e-04 | MSE loss: 5.8589e-03 | time: 0.168
I 06.01/02:09:57 solver.py:146 ] => Train  Loss: 5.8589e-03

I 06.01/02:10:04 solver.py:205 ] 
=! Best NMSE: -1.9135e+01 (epoch=220)

I 06.01/02:10:08 solver.py:136 ] Epoch: [230/400][20/400] lr: 1.19e-04 | MSE loss: 6.1214e-03 | time: 0.211
I 06.01/02:10:12 solver.py:136 ] Epoch: [230/400][40/400] lr: 1.19e-04 | MSE loss: 6.1409e-03 | time: 0.200
I 06.01/02:10:15 solver.py:136 ] Epoch: [230/400][60/400] lr: 1.19e-04 | MSE loss: 6.0684e-03 | time: 0.191
I 06.01/02:10:18 solver.py:136 ] Epoch: [230/400][80/400] lr: 1.19e-04 | MSE loss: 6.0271e-03 | time: 0.177
I 06.01/02:10:21 solver.py:136 ] Epoch: [230/400][100/400] lr: 1.19e-04 | MSE loss: 5.9680e-03 | time: 0.171
I 06.01/02:10:24 solver.py:136 ] Epoch: [230/400][120/400] lr: 1.19e-04 | MSE loss: 5.9245e-03 | time: 0.169
I 06.01/02:10:28 solver.py:136 ] Epoch: [230/400][140/400] lr: 1.19e-04 | MSE loss: 5.9430e-03 | time: 0.171
I 06.01/02:10:31 solver.py:136 ] Epoch: [230/400][160/400] lr: 1.19e-04 | MSE loss: 5.9599e-03 | time: 0.172
I 06.01/02:10:34 solver.py:136 ] Epoch: [230/400][180/400] lr: 1.19e-04 | MSE loss: 5.9552e-03 | time: 0.172
I 06.01/02:10:39 solver.py:136 ] Epoch: [230/400][200/400] lr: 1.19e-04 | MSE loss: 5.9401e-03 | time: 0.174
I 06.01/02:10:42 solver.py:136 ] Epoch: [230/400][220/400] lr: 1.19e-04 | MSE loss: 5.9234e-03 | time: 0.176
I 06.01/02:10:46 solver.py:136 ] Epoch: [230/400][240/400] lr: 1.19e-04 | MSE loss: 5.9144e-03 | time: 0.176
I 06.01/02:10:49 solver.py:136 ] Epoch: [230/400][260/400] lr: 1.19e-04 | MSE loss: 5.8824e-03 | time: 0.175
I 06.01/02:10:53 solver.py:136 ] Epoch: [230/400][280/400] lr: 1.19e-04 | MSE loss: 5.8785e-03 | time: 0.176
I 06.01/02:10:56 solver.py:136 ] Epoch: [230/400][300/400] lr: 1.19e-04 | MSE loss: 5.8711e-03 | time: 0.175
I 06.01/02:10:59 solver.py:136 ] Epoch: [230/400][320/400] lr: 1.19e-04 | MSE loss: 5.8638e-03 | time: 0.174
I 06.01/02:11:05 solver.py:136 ] Epoch: [230/400][340/400] lr: 1.19e-04 | MSE loss: 5.8711e-03 | time: 0.180
I 06.01/02:11:08 solver.py:136 ] Epoch: [230/400][360/400] lr: 1.19e-04 | MSE loss: 5.8748e-03 | time: 0.179
I 06.01/02:11:11 solver.py:136 ] Epoch: [230/400][380/400] lr: 1.18e-04 | MSE loss: 5.8566e-03 | time: 0.178
I 06.01/02:11:15 solver.py:136 ] Epoch: [230/400][400/400] lr: 1.18e-04 | MSE loss: 5.8603e-03 | time: 0.178
I 06.01/02:11:15 solver.py:146 ] => Train  Loss: 5.8603e-03

I 06.01/02:11:18 solver.py:136 ] Epoch: [230/400][20/50] lr: 1.18e-04 | MSE loss: 6.4033e-03 | time: 0.153
I 06.01/02:11:21 solver.py:136 ] Epoch: [230/400][40/50] lr: 1.18e-04 | MSE loss: 6.1827e-03 | time: 0.152
I 06.01/02:11:23 solver.py:146 ] => Val  Loss: 6.1315e-03

I 06.01/02:11:26 solver.py:287 ] [20/50] loss: 6.2311e-03 | NMSE: -1.9118e+01 | time: 0.175
I 06.01/02:11:29 solver.py:287 ] [40/50] loss: 6.1845e-03 | NMSE: -1.9130e+01 | time: 0.165
I 06.01/02:11:31 solver.py:291 ] => Test NMSE: -1.9168e+01

I 06.01/02:11:42 solver.py:205 ] 
=! Best NMSE: -1.9168e+01 (epoch=230)

I 06.01/02:11:45 solver.py:136 ] Epoch: [231/400][20/400] lr: 1.18e-04 | MSE loss: 5.5082e-03 | time: 0.171
I 06.01/02:11:48 solver.py:136 ] Epoch: [231/400][40/400] lr: 1.18e-04 | MSE loss: 5.5608e-03 | time: 0.161
I 06.01/02:11:52 solver.py:136 ] Epoch: [231/400][60/400] lr: 1.18e-04 | MSE loss: 5.6395e-03 | time: 0.165
I 06.01/02:11:55 solver.py:136 ] Epoch: [231/400][80/400] lr: 1.18e-04 | MSE loss: 5.7331e-03 | time: 0.170
I 06.01/02:11:59 solver.py:136 ] Epoch: [231/400][100/400] lr: 1.18e-04 | MSE loss: 5.8378e-03 | time: 0.170
I 06.01/02:12:04 solver.py:136 ] Epoch: [231/400][120/400] lr: 1.18e-04 | MSE loss: 5.8625e-03 | time: 0.181
I 06.01/02:12:07 solver.py:136 ] Epoch: [231/400][140/400] lr: 1.18e-04 | MSE loss: 5.8468e-03 | time: 0.182
I 06.01/02:12:09 solver.py:136 ] Epoch: [231/400][160/400] lr: 1.18e-04 | MSE loss: 5.8653e-03 | time: 0.173
I 06.01/02:12:12 solver.py:136 ] Epoch: [231/400][180/400] lr: 1.18e-04 | MSE loss: 5.8801e-03 | time: 0.169
I 06.01/02:12:15 solver.py:136 ] Epoch: [231/400][200/400] lr: 1.18e-04 | MSE loss: 5.8979e-03 | time: 0.168
I 06.01/02:12:18 solver.py:136 ] Epoch: [231/400][220/400] lr: 1.18e-04 | MSE loss: 5.8501e-03 | time: 0.167
I 06.01/02:12:21 solver.py:136 ] Epoch: [231/400][240/400] lr: 1.18e-04 | MSE loss: 5.8886e-03 | time: 0.163
I 06.01/02:12:23 solver.py:136 ] Epoch: [231/400][260/400] lr: 1.18e-04 | MSE loss: 5.8730e-03 | time: 0.161
I 06.01/02:12:26 solver.py:136 ] Epoch: [231/400][280/400] lr: 1.18e-04 | MSE loss: 5.8715e-03 | time: 0.157
I 06.01/02:12:28 solver.py:136 ] Epoch: [231/400][300/400] lr: 1.18e-04 | MSE loss: 5.8564e-03 | time: 0.155
I 06.01/02:12:30 solver.py:136 ] Epoch: [231/400][320/400] lr: 1.18e-04 | MSE loss: 5.8509e-03 | time: 0.152
I 06.01/02:12:33 solver.py:136 ] Epoch: [231/400][340/400] lr: 1.18e-04 | MSE loss: 5.8398e-03 | time: 0.151
I 06.01/02:12:36 solver.py:136 ] Epoch: [231/400][360/400] lr: 1.18e-04 | MSE loss: 5.8319e-03 | time: 0.149
I 06.01/02:12:38 solver.py:136 ] Epoch: [231/400][380/400] lr: 1.18e-04 | MSE loss: 5.8305e-03 | time: 0.148
I 06.01/02:12:40 solver.py:136 ] Epoch: [231/400][400/400] lr: 1.18e-04 | MSE loss: 5.8502e-03 | time: 0.146
I 06.01/02:12:40 solver.py:146 ] => Train  Loss: 5.8502e-03

I 06.01/02:12:45 solver.py:205 ] 
=! Best NMSE: -1.9168e+01 (epoch=230)

I 06.01/02:12:48 solver.py:136 ] Epoch: [232/400][20/400] lr: 1.18e-04 | MSE loss: 6.0966e-03 | time: 0.186
I 06.01/02:12:51 solver.py:136 ] Epoch: [232/400][40/400] lr: 1.18e-04 | MSE loss: 6.2245e-03 | time: 0.166
I 06.01/02:12:54 solver.py:136 ] Epoch: [232/400][60/400] lr: 1.18e-04 | MSE loss: 6.0027e-03 | time: 0.163
I 06.01/02:12:57 solver.py:136 ] Epoch: [232/400][80/400] lr: 1.18e-04 | MSE loss: 5.9980e-03 | time: 0.156
I 06.01/02:13:00 solver.py:136 ] Epoch: [232/400][100/400] lr: 1.18e-04 | MSE loss: 5.9151e-03 | time: 0.152
I 06.01/02:13:05 solver.py:136 ] Epoch: [232/400][120/400] lr: 1.18e-04 | MSE loss: 5.9405e-03 | time: 0.167
I 06.01/02:13:07 solver.py:136 ] Epoch: [232/400][140/400] lr: 1.18e-04 | MSE loss: 5.9607e-03 | time: 0.164
I 06.01/02:13:11 solver.py:136 ] Epoch: [232/400][160/400] lr: 1.18e-04 | MSE loss: 5.9612e-03 | time: 0.164
I 06.01/02:13:14 solver.py:136 ] Epoch: [232/400][180/400] lr: 1.18e-04 | MSE loss: 5.9536e-03 | time: 0.166
I 06.01/02:13:18 solver.py:136 ] Epoch: [232/400][200/400] lr: 1.17e-04 | MSE loss: 5.9253e-03 | time: 0.167
I 06.01/02:13:21 solver.py:136 ] Epoch: [232/400][220/400] lr: 1.17e-04 | MSE loss: 5.9003e-03 | time: 0.167
I 06.01/02:13:24 solver.py:136 ] Epoch: [232/400][240/400] lr: 1.17e-04 | MSE loss: 5.8664e-03 | time: 0.163
I 06.01/02:13:26 solver.py:136 ] Epoch: [232/400][260/400] lr: 1.17e-04 | MSE loss: 5.8725e-03 | time: 0.161
I 06.01/02:13:30 solver.py:136 ] Epoch: [232/400][280/400] lr: 1.17e-04 | MSE loss: 5.8769e-03 | time: 0.163
I 06.01/02:13:34 solver.py:136 ] Epoch: [232/400][300/400] lr: 1.17e-04 | MSE loss: 5.9026e-03 | time: 0.163
I 06.01/02:13:37 solver.py:136 ] Epoch: [232/400][320/400] lr: 1.17e-04 | MSE loss: 5.8966e-03 | time: 0.164
I 06.01/02:13:41 solver.py:136 ] Epoch: [232/400][340/400] lr: 1.17e-04 | MSE loss: 5.8715e-03 | time: 0.165
I 06.01/02:13:44 solver.py:136 ] Epoch: [232/400][360/400] lr: 1.17e-04 | MSE loss: 5.8630e-03 | time: 0.166
I 06.01/02:13:48 solver.py:136 ] Epoch: [232/400][380/400] lr: 1.17e-04 | MSE loss: 5.8778e-03 | time: 0.166
I 06.01/02:13:51 solver.py:136 ] Epoch: [232/400][400/400] lr: 1.17e-04 | MSE loss: 5.8514e-03 | time: 0.166
I 06.01/02:13:51 solver.py:146 ] => Train  Loss: 5.8514e-03

I 06.01/02:13:56 solver.py:205 ] 
=! Best NMSE: -1.9168e+01 (epoch=230)

I 06.01/02:13:59 solver.py:136 ] Epoch: [233/400][20/400] lr: 1.17e-04 | MSE loss: 5.9901e-03 | time: 0.149
I 06.01/02:14:02 solver.py:136 ] Epoch: [233/400][40/400] lr: 1.17e-04 | MSE loss: 6.0330e-03 | time: 0.134
I 06.01/02:14:06 solver.py:136 ] Epoch: [233/400][60/400] lr: 1.17e-04 | MSE loss: 5.9631e-03 | time: 0.162
I 06.01/02:14:09 solver.py:136 ] Epoch: [233/400][80/400] lr: 1.17e-04 | MSE loss: 5.9329e-03 | time: 0.160
I 06.01/02:14:12 solver.py:136 ] Epoch: [233/400][100/400] lr: 1.17e-04 | MSE loss: 6.0284e-03 | time: 0.158
I 06.01/02:14:16 solver.py:136 ] Epoch: [233/400][120/400] lr: 1.17e-04 | MSE loss: 5.9980e-03 | time: 0.162
I 06.01/02:14:20 solver.py:136 ] Epoch: [233/400][140/400] lr: 1.17e-04 | MSE loss: 5.9693e-03 | time: 0.166
I 06.01/02:14:23 solver.py:136 ] Epoch: [233/400][160/400] lr: 1.17e-04 | MSE loss: 5.9325e-03 | time: 0.169
I 06.01/02:14:27 solver.py:136 ] Epoch: [233/400][180/400] lr: 1.17e-04 | MSE loss: 5.9548e-03 | time: 0.172
I 06.01/02:14:31 solver.py:136 ] Epoch: [233/400][200/400] lr: 1.17e-04 | MSE loss: 5.9283e-03 | time: 0.175
I 06.01/02:14:35 solver.py:136 ] Epoch: [233/400][220/400] lr: 1.17e-04 | MSE loss: 5.8919e-03 | time: 0.176
I 06.01/02:14:38 solver.py:136 ] Epoch: [233/400][240/400] lr: 1.17e-04 | MSE loss: 5.8690e-03 | time: 0.175
I 06.01/02:14:41 solver.py:136 ] Epoch: [233/400][260/400] lr: 1.17e-04 | MSE loss: 5.8932e-03 | time: 0.173
I 06.01/02:14:44 solver.py:136 ] Epoch: [233/400][280/400] lr: 1.17e-04 | MSE loss: 5.9061e-03 | time: 0.173
I 06.01/02:14:48 solver.py:136 ] Epoch: [233/400][300/400] lr: 1.17e-04 | MSE loss: 5.9168e-03 | time: 0.173
I 06.01/02:14:52 solver.py:136 ] Epoch: [233/400][320/400] lr: 1.17e-04 | MSE loss: 5.9111e-03 | time: 0.174
I 06.01/02:14:55 solver.py:136 ] Epoch: [233/400][340/400] lr: 1.17e-04 | MSE loss: 5.8964e-03 | time: 0.174
I 06.01/02:14:59 solver.py:136 ] Epoch: [233/400][360/400] lr: 1.17e-04 | MSE loss: 5.8681e-03 | time: 0.175
I 06.01/02:15:05 solver.py:136 ] Epoch: [233/400][380/400] lr: 1.17e-04 | MSE loss: 5.8720e-03 | time: 0.180
I 06.01/02:15:08 solver.py:136 ] Epoch: [233/400][400/400] lr: 1.17e-04 | MSE loss: 5.8450e-03 | time: 0.179
I 06.01/02:15:08 solver.py:146 ] => Train  Loss: 5.8450e-03

I 06.01/02:15:12 solver.py:205 ] 
=! Best NMSE: -1.9168e+01 (epoch=230)

I 06.01/02:15:16 solver.py:136 ] Epoch: [234/400][20/400] lr: 1.16e-04 | MSE loss: 5.8600e-03 | time: 0.187
I 06.01/02:15:20 solver.py:136 ] Epoch: [234/400][40/400] lr: 1.16e-04 | MSE loss: 5.8185e-03 | time: 0.187
I 06.01/02:15:24 solver.py:136 ] Epoch: [234/400][60/400] lr: 1.16e-04 | MSE loss: 5.7783e-03 | time: 0.188
I 06.01/02:15:27 solver.py:136 ] Epoch: [234/400][80/400] lr: 1.16e-04 | MSE loss: 5.7828e-03 | time: 0.183
I 06.01/02:15:30 solver.py:136 ] Epoch: [234/400][100/400] lr: 1.16e-04 | MSE loss: 5.7690e-03 | time: 0.177
I 06.01/02:15:33 solver.py:136 ] Epoch: [234/400][120/400] lr: 1.16e-04 | MSE loss: 5.8137e-03 | time: 0.173
I 06.01/02:15:37 solver.py:136 ] Epoch: [234/400][140/400] lr: 1.16e-04 | MSE loss: 5.8159e-03 | time: 0.174
I 06.01/02:15:41 solver.py:136 ] Epoch: [234/400][160/400] lr: 1.16e-04 | MSE loss: 5.8374e-03 | time: 0.178
I 06.01/02:15:45 solver.py:136 ] Epoch: [234/400][180/400] lr: 1.16e-04 | MSE loss: 5.7952e-03 | time: 0.180
I 06.01/02:15:49 solver.py:136 ] Epoch: [234/400][200/400] lr: 1.16e-04 | MSE loss: 5.8408e-03 | time: 0.182
I 06.01/02:15:53 solver.py:136 ] Epoch: [234/400][220/400] lr: 1.16e-04 | MSE loss: 5.8536e-03 | time: 0.183
I 06.01/02:15:56 solver.py:136 ] Epoch: [234/400][240/400] lr: 1.16e-04 | MSE loss: 5.7989e-03 | time: 0.181
I 06.01/02:15:59 solver.py:136 ] Epoch: [234/400][260/400] lr: 1.16e-04 | MSE loss: 5.8097e-03 | time: 0.178
I 06.01/02:16:01 solver.py:136 ] Epoch: [234/400][280/400] lr: 1.16e-04 | MSE loss: 5.8193e-03 | time: 0.173
I 06.01/02:16:05 solver.py:136 ] Epoch: [234/400][300/400] lr: 1.16e-04 | MSE loss: 5.8362e-03 | time: 0.174
I 06.01/02:16:07 solver.py:136 ] Epoch: [234/400][320/400] lr: 1.16e-04 | MSE loss: 5.8170e-03 | time: 0.169
I 06.01/02:16:10 solver.py:136 ] Epoch: [234/400][340/400] lr: 1.16e-04 | MSE loss: 5.8253e-03 | time: 0.168
I 06.01/02:16:13 solver.py:136 ] Epoch: [234/400][360/400] lr: 1.16e-04 | MSE loss: 5.8485e-03 | time: 0.168
I 06.01/02:16:16 solver.py:136 ] Epoch: [234/400][380/400] lr: 1.16e-04 | MSE loss: 5.8543e-03 | time: 0.168
I 06.01/02:16:20 solver.py:136 ] Epoch: [234/400][400/400] lr: 1.16e-04 | MSE loss: 5.8426e-03 | time: 0.168
I 06.01/02:16:20 solver.py:146 ] => Train  Loss: 5.8426e-03

I 06.01/02:16:24 solver.py:205 ] 
=! Best NMSE: -1.9168e+01 (epoch=230)

I 06.01/02:16:28 solver.py:136 ] Epoch: [235/400][20/400] lr: 1.16e-04 | MSE loss: 5.9736e-03 | time: 0.178
I 06.01/02:16:32 solver.py:136 ] Epoch: [235/400][40/400] lr: 1.16e-04 | MSE loss: 6.0982e-03 | time: 0.184
I 06.01/02:16:35 solver.py:136 ] Epoch: [235/400][60/400] lr: 1.16e-04 | MSE loss: 5.8815e-03 | time: 0.181
I 06.01/02:16:39 solver.py:136 ] Epoch: [235/400][80/400] lr: 1.16e-04 | MSE loss: 5.8509e-03 | time: 0.190
I 06.01/02:16:42 solver.py:136 ] Epoch: [235/400][100/400] lr: 1.16e-04 | MSE loss: 5.7583e-03 | time: 0.181
I 06.01/02:16:45 solver.py:136 ] Epoch: [235/400][120/400] lr: 1.16e-04 | MSE loss: 5.8191e-03 | time: 0.175
I 06.01/02:16:48 solver.py:136 ] Epoch: [235/400][140/400] lr: 1.16e-04 | MSE loss: 5.8338e-03 | time: 0.170
I 06.01/02:16:51 solver.py:136 ] Epoch: [235/400][160/400] lr: 1.16e-04 | MSE loss: 5.8644e-03 | time: 0.170
I 06.01/02:16:55 solver.py:136 ] Epoch: [235/400][180/400] lr: 1.16e-04 | MSE loss: 5.8832e-03 | time: 0.169
I 06.01/02:16:59 solver.py:136 ] Epoch: [235/400][200/400] lr: 1.16e-04 | MSE loss: 5.8716e-03 | time: 0.171
I 06.01/02:17:04 solver.py:136 ] Epoch: [235/400][220/400] lr: 1.16e-04 | MSE loss: 5.8615e-03 | time: 0.180
I 06.01/02:17:08 solver.py:136 ] Epoch: [235/400][240/400] lr: 1.15e-04 | MSE loss: 5.8687e-03 | time: 0.182
I 06.01/02:17:12 solver.py:136 ] Epoch: [235/400][260/400] lr: 1.15e-04 | MSE loss: 5.8885e-03 | time: 0.182
I 06.01/02:17:15 solver.py:136 ] Epoch: [235/400][280/400] lr: 1.15e-04 | MSE loss: 5.8382e-03 | time: 0.182
I 06.01/02:17:18 solver.py:136 ] Epoch: [235/400][300/400] lr: 1.15e-04 | MSE loss: 5.8377e-03 | time: 0.179
I 06.01/02:17:21 solver.py:136 ] Epoch: [235/400][320/400] lr: 1.15e-04 | MSE loss: 5.8308e-03 | time: 0.178
I 06.01/02:17:24 solver.py:136 ] Epoch: [235/400][340/400] lr: 1.15e-04 | MSE loss: 5.8333e-03 | time: 0.177
I 06.01/02:17:28 solver.py:136 ] Epoch: [235/400][360/400] lr: 1.15e-04 | MSE loss: 5.8566e-03 | time: 0.177
I 06.01/02:17:32 solver.py:136 ] Epoch: [235/400][380/400] lr: 1.15e-04 | MSE loss: 5.8543e-03 | time: 0.177
I 06.01/02:17:35 solver.py:136 ] Epoch: [235/400][400/400] lr: 1.15e-04 | MSE loss: 5.8433e-03 | time: 0.177
I 06.01/02:17:35 solver.py:146 ] => Train  Loss: 5.8433e-03

I 06.01/02:17:39 solver.py:205 ] 
=! Best NMSE: -1.9168e+01 (epoch=230)

I 06.01/02:17:42 solver.py:136 ] Epoch: [236/400][20/400] lr: 1.15e-04 | MSE loss: 6.0952e-03 | time: 0.170
I 06.01/02:17:46 solver.py:136 ] Epoch: [236/400][40/400] lr: 1.15e-04 | MSE loss: 6.3808e-03 | time: 0.172
I 06.01/02:17:49 solver.py:136 ] Epoch: [236/400][60/400] lr: 1.15e-04 | MSE loss: 6.1544e-03 | time: 0.173
I 06.01/02:17:53 solver.py:136 ] Epoch: [236/400][80/400] lr: 1.15e-04 | MSE loss: 5.9834e-03 | time: 0.177
I 06.01/02:17:56 solver.py:136 ] Epoch: [236/400][100/400] lr: 1.15e-04 | MSE loss: 5.9573e-03 | time: 0.173
I 06.01/02:17:59 solver.py:136 ] Epoch: [236/400][120/400] lr: 1.15e-04 | MSE loss: 5.9159e-03 | time: 0.168
I 06.01/02:18:03 solver.py:136 ] Epoch: [236/400][140/400] lr: 1.15e-04 | MSE loss: 5.8761e-03 | time: 0.174
I 06.01/02:18:07 solver.py:136 ] Epoch: [236/400][160/400] lr: 1.15e-04 | MSE loss: 5.8499e-03 | time: 0.178
I 06.01/02:18:11 solver.py:136 ] Epoch: [236/400][180/400] lr: 1.15e-04 | MSE loss: 5.8709e-03 | time: 0.179
I 06.01/02:18:15 solver.py:136 ] Epoch: [236/400][200/400] lr: 1.15e-04 | MSE loss: 5.9088e-03 | time: 0.181
I 06.01/02:18:19 solver.py:136 ] Epoch: [236/400][220/400] lr: 1.15e-04 | MSE loss: 5.8913e-03 | time: 0.180
I 06.01/02:18:22 solver.py:136 ] Epoch: [236/400][240/400] lr: 1.15e-04 | MSE loss: 5.8681e-03 | time: 0.180
I 06.01/02:18:26 solver.py:136 ] Epoch: [236/400][260/400] lr: 1.15e-04 | MSE loss: 5.8705e-03 | time: 0.179
I 06.01/02:18:29 solver.py:136 ] Epoch: [236/400][280/400] lr: 1.15e-04 | MSE loss: 5.8753e-03 | time: 0.179
I 06.01/02:18:32 solver.py:136 ] Epoch: [236/400][300/400] lr: 1.15e-04 | MSE loss: 5.8724e-03 | time: 0.177
I 06.01/02:18:35 solver.py:136 ] Epoch: [236/400][320/400] lr: 1.15e-04 | MSE loss: 5.8683e-03 | time: 0.175
I 06.01/02:18:38 solver.py:136 ] Epoch: [236/400][340/400] lr: 1.15e-04 | MSE loss: 5.8670e-03 | time: 0.173
I 06.01/02:18:41 solver.py:136 ] Epoch: [236/400][360/400] lr: 1.15e-04 | MSE loss: 5.8537e-03 | time: 0.172
I 06.01/02:18:44 solver.py:136 ] Epoch: [236/400][380/400] lr: 1.15e-04 | MSE loss: 5.8349e-03 | time: 0.171
I 06.01/02:18:48 solver.py:136 ] Epoch: [236/400][400/400] lr: 1.15e-04 | MSE loss: 5.8401e-03 | time: 0.172
I 06.01/02:18:48 solver.py:146 ] => Train  Loss: 5.8401e-03

I 06.01/02:18:53 solver.py:205 ] 
=! Best NMSE: -1.9168e+01 (epoch=230)

I 06.01/02:18:56 solver.py:136 ] Epoch: [237/400][20/400] lr: 1.15e-04 | MSE loss: 5.7251e-03 | time: 0.160
I 06.01/02:18:59 solver.py:136 ] Epoch: [237/400][40/400] lr: 1.14e-04 | MSE loss: 5.7535e-03 | time: 0.150
I 06.01/02:19:04 solver.py:136 ] Epoch: [237/400][60/400] lr: 1.14e-04 | MSE loss: 5.7801e-03 | time: 0.187
I 06.01/02:19:08 solver.py:136 ] Epoch: [237/400][80/400] lr: 1.14e-04 | MSE loss: 5.8263e-03 | time: 0.188
I 06.01/02:19:12 solver.py:136 ] Epoch: [237/400][100/400] lr: 1.14e-04 | MSE loss: 5.8548e-03 | time: 0.186
I 06.01/02:19:15 solver.py:136 ] Epoch: [237/400][120/400] lr: 1.14e-04 | MSE loss: 5.8361e-03 | time: 0.181
I 06.01/02:19:19 solver.py:136 ] Epoch: [237/400][140/400] lr: 1.14e-04 | MSE loss: 5.8612e-03 | time: 0.184
I 06.01/02:19:22 solver.py:136 ] Epoch: [237/400][160/400] lr: 1.14e-04 | MSE loss: 5.8398e-03 | time: 0.184
I 06.01/02:19:26 solver.py:136 ] Epoch: [237/400][180/400] lr: 1.14e-04 | MSE loss: 5.8184e-03 | time: 0.185
I 06.01/02:19:30 solver.py:136 ] Epoch: [237/400][200/400] lr: 1.14e-04 | MSE loss: 5.8055e-03 | time: 0.184
I 06.01/02:19:33 solver.py:136 ] Epoch: [237/400][220/400] lr: 1.14e-04 | MSE loss: 5.7784e-03 | time: 0.184
I 06.01/02:19:37 solver.py:136 ] Epoch: [237/400][240/400] lr: 1.14e-04 | MSE loss: 5.7832e-03 | time: 0.183
I 06.01/02:19:40 solver.py:136 ] Epoch: [237/400][260/400] lr: 1.14e-04 | MSE loss: 5.7761e-03 | time: 0.182
I 06.01/02:19:44 solver.py:136 ] Epoch: [237/400][280/400] lr: 1.14e-04 | MSE loss: 5.7872e-03 | time: 0.182
I 06.01/02:19:47 solver.py:136 ] Epoch: [237/400][300/400] lr: 1.14e-04 | MSE loss: 5.8216e-03 | time: 0.181
I 06.01/02:19:51 solver.py:136 ] Epoch: [237/400][320/400] lr: 1.14e-04 | MSE loss: 5.8401e-03 | time: 0.180
I 06.01/02:19:54 solver.py:136 ] Epoch: [237/400][340/400] lr: 1.14e-04 | MSE loss: 5.8351e-03 | time: 0.180
I 06.01/02:19:57 solver.py:136 ] Epoch: [237/400][360/400] lr: 1.14e-04 | MSE loss: 5.8362e-03 | time: 0.177
I 06.01/02:20:00 solver.py:136 ] Epoch: [237/400][380/400] lr: 1.14e-04 | MSE loss: 5.8343e-03 | time: 0.176
I 06.01/02:20:05 solver.py:136 ] Epoch: [237/400][400/400] lr: 1.14e-04 | MSE loss: 5.8311e-03 | time: 0.180
I 06.01/02:20:05 solver.py:146 ] => Train  Loss: 5.8311e-03

I 06.01/02:20:10 solver.py:205 ] 
=! Best NMSE: -1.9168e+01 (epoch=230)

I 06.01/02:20:13 solver.py:136 ] Epoch: [238/400][20/400] lr: 1.14e-04 | MSE loss: 5.6999e-03 | time: 0.165
I 06.01/02:20:16 solver.py:136 ] Epoch: [238/400][40/400] lr: 1.14e-04 | MSE loss: 5.9099e-03 | time: 0.159
I 06.01/02:20:19 solver.py:136 ] Epoch: [238/400][60/400] lr: 1.14e-04 | MSE loss: 5.8444e-03 | time: 0.158
I 06.01/02:20:22 solver.py:136 ] Epoch: [238/400][80/400] lr: 1.14e-04 | MSE loss: 5.9083e-03 | time: 0.156
I 06.01/02:20:25 solver.py:136 ] Epoch: [238/400][100/400] lr: 1.14e-04 | MSE loss: 5.9163e-03 | time: 0.155
I 06.01/02:20:29 solver.py:136 ] Epoch: [238/400][120/400] lr: 1.14e-04 | MSE loss: 5.9110e-03 | time: 0.157
I 06.01/02:20:32 solver.py:136 ] Epoch: [238/400][140/400] lr: 1.14e-04 | MSE loss: 5.9190e-03 | time: 0.161
I 06.01/02:20:36 solver.py:136 ] Epoch: [238/400][160/400] lr: 1.14e-04 | MSE loss: 5.8940e-03 | time: 0.162
I 06.01/02:20:39 solver.py:136 ] Epoch: [238/400][180/400] lr: 1.14e-04 | MSE loss: 5.9053e-03 | time: 0.164
I 06.01/02:20:43 solver.py:136 ] Epoch: [238/400][200/400] lr: 1.14e-04 | MSE loss: 5.9115e-03 | time: 0.166
I 06.01/02:20:47 solver.py:136 ] Epoch: [238/400][220/400] lr: 1.14e-04 | MSE loss: 5.9124e-03 | time: 0.168
I 06.01/02:20:50 solver.py:136 ] Epoch: [238/400][240/400] lr: 1.14e-04 | MSE loss: 5.8711e-03 | time: 0.169
I 06.01/02:20:54 solver.py:136 ] Epoch: [238/400][260/400] lr: 1.13e-04 | MSE loss: 5.8575e-03 | time: 0.171
I 06.01/02:20:58 solver.py:136 ] Epoch: [238/400][280/400] lr: 1.13e-04 | MSE loss: 5.8222e-03 | time: 0.173
I 06.01/02:21:03 solver.py:136 ] Epoch: [238/400][300/400] lr: 1.13e-04 | MSE loss: 5.8242e-03 | time: 0.176
I 06.01/02:21:07 solver.py:136 ] Epoch: [238/400][320/400] lr: 1.13e-04 | MSE loss: 5.7987e-03 | time: 0.180
I 06.01/02:21:11 solver.py:136 ] Epoch: [238/400][340/400] lr: 1.13e-04 | MSE loss: 5.7969e-03 | time: 0.179
I 06.01/02:21:14 solver.py:136 ] Epoch: [238/400][360/400] lr: 1.13e-04 | MSE loss: 5.8033e-03 | time: 0.179
I 06.01/02:21:18 solver.py:136 ] Epoch: [238/400][380/400] lr: 1.13e-04 | MSE loss: 5.8211e-03 | time: 0.179
I 06.01/02:21:21 solver.py:136 ] Epoch: [238/400][400/400] lr: 1.13e-04 | MSE loss: 5.8278e-03 | time: 0.178
I 06.01/02:21:21 solver.py:146 ] => Train  Loss: 5.8278e-03

I 06.01/02:21:24 solver.py:205 ] 
=! Best NMSE: -1.9168e+01 (epoch=230)

I 06.01/02:21:28 solver.py:136 ] Epoch: [239/400][20/400] lr: 1.13e-04 | MSE loss: 5.8729e-03 | time: 0.160
I 06.01/02:21:31 solver.py:136 ] Epoch: [239/400][40/400] lr: 1.13e-04 | MSE loss: 5.7029e-03 | time: 0.159
I 06.01/02:21:34 solver.py:136 ] Epoch: [239/400][60/400] lr: 1.13e-04 | MSE loss: 5.6410e-03 | time: 0.157
I 06.01/02:21:37 solver.py:136 ] Epoch: [239/400][80/400] lr: 1.13e-04 | MSE loss: 5.7425e-03 | time: 0.162
I 06.01/02:21:40 solver.py:136 ] Epoch: [239/400][100/400] lr: 1.13e-04 | MSE loss: 5.7707e-03 | time: 0.161
I 06.01/02:21:44 solver.py:136 ] Epoch: [239/400][120/400] lr: 1.13e-04 | MSE loss: 5.7763e-03 | time: 0.161
I 06.01/02:21:47 solver.py:136 ] Epoch: [239/400][140/400] lr: 1.13e-04 | MSE loss: 5.8179e-03 | time: 0.158
I 06.01/02:21:50 solver.py:136 ] Epoch: [239/400][160/400] lr: 1.13e-04 | MSE loss: 5.8344e-03 | time: 0.160
I 06.01/02:21:54 solver.py:136 ] Epoch: [239/400][180/400] lr: 1.13e-04 | MSE loss: 5.8579e-03 | time: 0.162
I 06.01/02:21:57 solver.py:136 ] Epoch: [239/400][200/400] lr: 1.13e-04 | MSE loss: 5.8270e-03 | time: 0.162
I 06.01/02:22:00 solver.py:136 ] Epoch: [239/400][220/400] lr: 1.13e-04 | MSE loss: 5.8532e-03 | time: 0.161
I 06.01/02:22:05 solver.py:136 ] Epoch: [239/400][240/400] lr: 1.13e-04 | MSE loss: 5.8310e-03 | time: 0.168
I 06.01/02:22:08 solver.py:136 ] Epoch: [239/400][260/400] lr: 1.13e-04 | MSE loss: 5.7986e-03 | time: 0.170
I 06.01/02:22:12 solver.py:136 ] Epoch: [239/400][280/400] lr: 1.13e-04 | MSE loss: 5.8009e-03 | time: 0.170
I 06.01/02:22:15 solver.py:136 ] Epoch: [239/400][300/400] lr: 1.13e-04 | MSE loss: 5.7910e-03 | time: 0.170
I 06.01/02:22:19 solver.py:136 ] Epoch: [239/400][320/400] lr: 1.13e-04 | MSE loss: 5.8034e-03 | time: 0.170
I 06.01/02:22:22 solver.py:136 ] Epoch: [239/400][340/400] lr: 1.13e-04 | MSE loss: 5.8213e-03 | time: 0.171
I 06.01/02:22:25 solver.py:136 ] Epoch: [239/400][360/400] lr: 1.13e-04 | MSE loss: 5.8279e-03 | time: 0.170
I 06.01/02:22:29 solver.py:136 ] Epoch: [239/400][380/400] lr: 1.13e-04 | MSE loss: 5.8105e-03 | time: 0.169
I 06.01/02:22:32 solver.py:136 ] Epoch: [239/400][400/400] lr: 1.13e-04 | MSE loss: 5.8220e-03 | time: 0.169
I 06.01/02:22:32 solver.py:146 ] => Train  Loss: 5.8220e-03

I 06.01/02:22:37 solver.py:205 ] 
=! Best NMSE: -1.9168e+01 (epoch=230)

I 06.01/02:22:40 solver.py:136 ] Epoch: [240/400][20/400] lr: 1.13e-04 | MSE loss: 5.5978e-03 | time: 0.161
I 06.01/02:22:43 solver.py:136 ] Epoch: [240/400][40/400] lr: 1.13e-04 | MSE loss: 5.8543e-03 | time: 0.158
I 06.01/02:22:46 solver.py:136 ] Epoch: [240/400][60/400] lr: 1.13e-04 | MSE loss: 5.9678e-03 | time: 0.156
I 06.01/02:22:50 solver.py:136 ] Epoch: [240/400][80/400] lr: 1.12e-04 | MSE loss: 5.8947e-03 | time: 0.161
I 06.01/02:22:53 solver.py:136 ] Epoch: [240/400][100/400] lr: 1.12e-04 | MSE loss: 5.9086e-03 | time: 0.161
I 06.01/02:22:56 solver.py:136 ] Epoch: [240/400][120/400] lr: 1.12e-04 | MSE loss: 5.9079e-03 | time: 0.157
I 06.01/02:22:59 solver.py:136 ] Epoch: [240/400][140/400] lr: 1.12e-04 | MSE loss: 5.8714e-03 | time: 0.158
I 06.01/02:23:03 solver.py:136 ] Epoch: [240/400][160/400] lr: 1.12e-04 | MSE loss: 5.8420e-03 | time: 0.165
I 06.01/02:23:07 solver.py:136 ] Epoch: [240/400][180/400] lr: 1.12e-04 | MSE loss: 5.8379e-03 | time: 0.168
I 06.01/02:23:10 solver.py:136 ] Epoch: [240/400][200/400] lr: 1.12e-04 | MSE loss: 5.8138e-03 | time: 0.168
I 06.01/02:23:13 solver.py:136 ] Epoch: [240/400][220/400] lr: 1.12e-04 | MSE loss: 5.8015e-03 | time: 0.166
I 06.01/02:23:17 solver.py:136 ] Epoch: [240/400][240/400] lr: 1.12e-04 | MSE loss: 5.7983e-03 | time: 0.166
I 06.01/02:23:20 solver.py:136 ] Epoch: [240/400][260/400] lr: 1.12e-04 | MSE loss: 5.7835e-03 | time: 0.167
I 06.01/02:23:23 solver.py:136 ] Epoch: [240/400][280/400] lr: 1.12e-04 | MSE loss: 5.8203e-03 | time: 0.167
I 06.01/02:23:27 solver.py:136 ] Epoch: [240/400][300/400] lr: 1.12e-04 | MSE loss: 5.8276e-03 | time: 0.167
I 06.01/02:23:30 solver.py:136 ] Epoch: [240/400][320/400] lr: 1.12e-04 | MSE loss: 5.8561e-03 | time: 0.167
I 06.01/02:23:33 solver.py:136 ] Epoch: [240/400][340/400] lr: 1.12e-04 | MSE loss: 5.8374e-03 | time: 0.167
I 06.01/02:23:37 solver.py:136 ] Epoch: [240/400][360/400] lr: 1.12e-04 | MSE loss: 5.8148e-03 | time: 0.167
I 06.01/02:23:40 solver.py:136 ] Epoch: [240/400][380/400] lr: 1.12e-04 | MSE loss: 5.8194e-03 | time: 0.166
I 06.01/02:23:43 solver.py:136 ] Epoch: [240/400][400/400] lr: 1.12e-04 | MSE loss: 5.8206e-03 | time: 0.166
I 06.01/02:23:43 solver.py:146 ] => Train  Loss: 5.8206e-03

I 06.01/02:23:46 solver.py:136 ] Epoch: [240/400][20/50] lr: 1.12e-04 | MSE loss: 6.3796e-03 | time: 0.134
I 06.01/02:23:49 solver.py:136 ] Epoch: [240/400][40/50] lr: 1.12e-04 | MSE loss: 6.1496e-03 | time: 0.139
I 06.01/02:23:50 solver.py:146 ] => Val  Loss: 6.0983e-03

I 06.01/02:23:53 solver.py:287 ] [20/50] loss: 6.1969e-03 | NMSE: -1.9145e+01 | time: 0.152
I 06.01/02:23:56 solver.py:287 ] [40/50] loss: 6.1531e-03 | NMSE: -1.9154e+01 | time: 0.147
I 06.01/02:23:58 solver.py:291 ] => Test NMSE: -1.9193e+01

I 06.01/02:24:05 solver.py:205 ] 
=! Best NMSE: -1.9193e+01 (epoch=240)

I 06.01/02:24:08 solver.py:136 ] Epoch: [241/400][20/400] lr: 1.12e-04 | MSE loss: 5.8888e-03 | time: 0.184
I 06.01/02:24:12 solver.py:136 ] Epoch: [241/400][40/400] lr: 1.12e-04 | MSE loss: 5.8321e-03 | time: 0.184
I 06.01/02:24:15 solver.py:136 ] Epoch: [241/400][60/400] lr: 1.12e-04 | MSE loss: 5.8903e-03 | time: 0.179
I 06.01/02:24:18 solver.py:136 ] Epoch: [241/400][80/400] lr: 1.12e-04 | MSE loss: 5.7987e-03 | time: 0.172
I 06.01/02:24:22 solver.py:136 ] Epoch: [241/400][100/400] lr: 1.12e-04 | MSE loss: 5.8050e-03 | time: 0.169
I 06.01/02:24:25 solver.py:136 ] Epoch: [241/400][120/400] lr: 1.12e-04 | MSE loss: 5.7993e-03 | time: 0.168
I 06.01/02:24:28 solver.py:136 ] Epoch: [241/400][140/400] lr: 1.12e-04 | MSE loss: 5.7791e-03 | time: 0.167
I 06.01/02:24:31 solver.py:136 ] Epoch: [241/400][160/400] lr: 1.12e-04 | MSE loss: 5.7988e-03 | time: 0.167
I 06.01/02:24:35 solver.py:136 ] Epoch: [241/400][180/400] lr: 1.12e-04 | MSE loss: 5.7946e-03 | time: 0.167
I 06.01/02:24:38 solver.py:136 ] Epoch: [241/400][200/400] lr: 1.12e-04 | MSE loss: 5.8077e-03 | time: 0.167
I 06.01/02:24:41 solver.py:136 ] Epoch: [241/400][220/400] lr: 1.12e-04 | MSE loss: 5.8299e-03 | time: 0.167
I 06.01/02:24:45 solver.py:136 ] Epoch: [241/400][240/400] lr: 1.12e-04 | MSE loss: 5.8149e-03 | time: 0.168
I 06.01/02:24:48 solver.py:136 ] Epoch: [241/400][260/400] lr: 1.12e-04 | MSE loss: 5.8308e-03 | time: 0.168
I 06.01/02:24:52 solver.py:136 ] Epoch: [241/400][280/400] lr: 1.12e-04 | MSE loss: 5.8212e-03 | time: 0.168
I 06.01/02:24:55 solver.py:136 ] Epoch: [241/400][300/400] lr: 1.11e-04 | MSE loss: 5.8469e-03 | time: 0.166
I 06.01/02:24:57 solver.py:136 ] Epoch: [241/400][320/400] lr: 1.11e-04 | MSE loss: 5.8451e-03 | time: 0.163
I 06.01/02:24:59 solver.py:136 ] Epoch: [241/400][340/400] lr: 1.11e-04 | MSE loss: 5.8271e-03 | time: 0.161
I 06.01/02:25:05 solver.py:136 ] Epoch: [241/400][360/400] lr: 1.11e-04 | MSE loss: 5.8431e-03 | time: 0.166
I 06.01/02:25:08 solver.py:136 ] Epoch: [241/400][380/400] lr: 1.11e-04 | MSE loss: 5.8280e-03 | time: 0.166
I 06.01/02:25:11 solver.py:136 ] Epoch: [241/400][400/400] lr: 1.11e-04 | MSE loss: 5.8189e-03 | time: 0.166
I 06.01/02:25:11 solver.py:146 ] => Train  Loss: 5.8189e-03

I 06.01/02:25:16 solver.py:205 ] 
=! Best NMSE: -1.9193e+01 (epoch=240)

I 06.01/02:25:19 solver.py:136 ] Epoch: [242/400][20/400] lr: 1.11e-04 | MSE loss: 5.8781e-03 | time: 0.181
I 06.01/02:25:23 solver.py:136 ] Epoch: [242/400][40/400] lr: 1.11e-04 | MSE loss: 5.7038e-03 | time: 0.176
I 06.01/02:25:26 solver.py:136 ] Epoch: [242/400][60/400] lr: 1.11e-04 | MSE loss: 5.6401e-03 | time: 0.179
I 06.01/02:25:29 solver.py:136 ] Epoch: [242/400][80/400] lr: 1.11e-04 | MSE loss: 5.6877e-03 | time: 0.172
I 06.01/02:25:32 solver.py:136 ] Epoch: [242/400][100/400] lr: 1.11e-04 | MSE loss: 5.7010e-03 | time: 0.166
I 06.01/02:25:36 solver.py:136 ] Epoch: [242/400][120/400] lr: 1.11e-04 | MSE loss: 5.7049e-03 | time: 0.165
I 06.01/02:25:39 solver.py:136 ] Epoch: [242/400][140/400] lr: 1.11e-04 | MSE loss: 5.7155e-03 | time: 0.163
I 06.01/02:25:42 solver.py:136 ] Epoch: [242/400][160/400] lr: 1.11e-04 | MSE loss: 5.7542e-03 | time: 0.163
I 06.01/02:25:45 solver.py:136 ] Epoch: [242/400][180/400] lr: 1.11e-04 | MSE loss: 5.7030e-03 | time: 0.164
I 06.01/02:25:49 solver.py:136 ] Epoch: [242/400][200/400] lr: 1.11e-04 | MSE loss: 5.7072e-03 | time: 0.167
I 06.01/02:25:53 solver.py:136 ] Epoch: [242/400][220/400] lr: 1.11e-04 | MSE loss: 5.6972e-03 | time: 0.168
I 06.01/02:25:56 solver.py:136 ] Epoch: [242/400][240/400] lr: 1.11e-04 | MSE loss: 5.7442e-03 | time: 0.168
I 06.01/02:26:00 solver.py:136 ] Epoch: [242/400][260/400] lr: 1.11e-04 | MSE loss: 5.7565e-03 | time: 0.169
I 06.01/02:26:05 solver.py:136 ] Epoch: [242/400][280/400] lr: 1.11e-04 | MSE loss: 5.7523e-03 | time: 0.176
I 06.01/02:26:08 solver.py:136 ] Epoch: [242/400][300/400] lr: 1.11e-04 | MSE loss: 5.7452e-03 | time: 0.176
I 06.01/02:26:11 solver.py:136 ] Epoch: [242/400][320/400] lr: 1.11e-04 | MSE loss: 5.7755e-03 | time: 0.174
I 06.01/02:26:14 solver.py:136 ] Epoch: [242/400][340/400] lr: 1.11e-04 | MSE loss: 5.7741e-03 | time: 0.170
I 06.01/02:26:16 solver.py:136 ] Epoch: [242/400][360/400] lr: 1.11e-04 | MSE loss: 5.7779e-03 | time: 0.167
I 06.01/02:26:19 solver.py:136 ] Epoch: [242/400][380/400] lr: 1.11e-04 | MSE loss: 5.8029e-03 | time: 0.167
I 06.01/02:26:22 solver.py:136 ] Epoch: [242/400][400/400] lr: 1.11e-04 | MSE loss: 5.8143e-03 | time: 0.167
I 06.01/02:26:22 solver.py:146 ] => Train  Loss: 5.8143e-03

I 06.01/02:26:30 solver.py:205 ] 
=! Best NMSE: -1.9193e+01 (epoch=240)

I 06.01/02:26:33 solver.py:136 ] Epoch: [243/400][20/400] lr: 1.11e-04 | MSE loss: 5.6493e-03 | time: 0.175
I 06.01/02:26:37 solver.py:136 ] Epoch: [243/400][40/400] lr: 1.11e-04 | MSE loss: 5.7780e-03 | time: 0.171
I 06.01/02:26:40 solver.py:136 ] Epoch: [243/400][60/400] lr: 1.11e-04 | MSE loss: 5.6815e-03 | time: 0.174
I 06.01/02:26:43 solver.py:136 ] Epoch: [243/400][80/400] lr: 1.11e-04 | MSE loss: 5.7377e-03 | time: 0.166
I 06.01/02:26:46 solver.py:136 ] Epoch: [243/400][100/400] lr: 1.11e-04 | MSE loss: 5.7211e-03 | time: 0.161
I 06.01/02:26:49 solver.py:136 ] Epoch: [243/400][120/400] lr: 1.10e-04 | MSE loss: 5.7101e-03 | time: 0.159
I 06.01/02:26:52 solver.py:136 ] Epoch: [243/400][140/400] lr: 1.10e-04 | MSE loss: 5.7228e-03 | time: 0.158
I 06.01/02:26:55 solver.py:136 ] Epoch: [243/400][160/400] lr: 1.10e-04 | MSE loss: 5.6951e-03 | time: 0.159
I 06.01/02:26:59 solver.py:136 ] Epoch: [243/400][180/400] lr: 1.10e-04 | MSE loss: 5.7479e-03 | time: 0.161
I 06.01/02:27:04 solver.py:136 ] Epoch: [243/400][200/400] lr: 1.10e-04 | MSE loss: 5.7527e-03 | time: 0.171
I 06.01/02:27:08 solver.py:136 ] Epoch: [243/400][220/400] lr: 1.10e-04 | MSE loss: 5.7781e-03 | time: 0.172
I 06.01/02:27:11 solver.py:136 ] Epoch: [243/400][240/400] lr: 1.10e-04 | MSE loss: 5.7862e-03 | time: 0.172
I 06.01/02:27:15 solver.py:136 ] Epoch: [243/400][260/400] lr: 1.10e-04 | MSE loss: 5.8088e-03 | time: 0.172
I 06.01/02:27:18 solver.py:136 ] Epoch: [243/400][280/400] lr: 1.10e-04 | MSE loss: 5.8257e-03 | time: 0.172
I 06.01/02:27:22 solver.py:136 ] Epoch: [243/400][300/400] lr: 1.10e-04 | MSE loss: 5.8204e-03 | time: 0.172
I 06.01/02:27:25 solver.py:136 ] Epoch: [243/400][320/400] lr: 1.10e-04 | MSE loss: 5.8083e-03 | time: 0.172
I 06.01/02:27:27 solver.py:136 ] Epoch: [243/400][340/400] lr: 1.10e-04 | MSE loss: 5.8198e-03 | time: 0.168
I 06.01/02:27:29 solver.py:136 ] Epoch: [243/400][360/400] lr: 1.10e-04 | MSE loss: 5.8066e-03 | time: 0.164
I 06.01/02:27:31 solver.py:136 ] Epoch: [243/400][380/400] lr: 1.10e-04 | MSE loss: 5.8114e-03 | time: 0.161
I 06.01/02:27:35 solver.py:136 ] Epoch: [243/400][400/400] lr: 1.10e-04 | MSE loss: 5.8120e-03 | time: 0.162
I 06.01/02:27:35 solver.py:146 ] => Train  Loss: 5.8120e-03

I 06.01/02:27:39 solver.py:205 ] 
=! Best NMSE: -1.9193e+01 (epoch=240)

I 06.01/02:27:43 solver.py:136 ] Epoch: [244/400][20/400] lr: 1.10e-04 | MSE loss: 6.1162e-03 | time: 0.171
I 06.01/02:27:47 solver.py:136 ] Epoch: [244/400][40/400] lr: 1.10e-04 | MSE loss: 5.9508e-03 | time: 0.178
I 06.01/02:27:50 solver.py:136 ] Epoch: [244/400][60/400] lr: 1.10e-04 | MSE loss: 5.9861e-03 | time: 0.175
I 06.01/02:27:53 solver.py:136 ] Epoch: [244/400][80/400] lr: 1.10e-04 | MSE loss: 5.9652e-03 | time: 0.174
I 06.01/02:27:56 solver.py:136 ] Epoch: [244/400][100/400] lr: 1.10e-04 | MSE loss: 5.9560e-03 | time: 0.169
I 06.01/02:27:59 solver.py:136 ] Epoch: [244/400][120/400] lr: 1.10e-04 | MSE loss: 5.8752e-03 | time: 0.164
I 06.01/02:28:04 solver.py:136 ] Epoch: [244/400][140/400] lr: 1.10e-04 | MSE loss: 5.8834e-03 | time: 0.174
I 06.01/02:28:07 solver.py:136 ] Epoch: [244/400][160/400] lr: 1.10e-04 | MSE loss: 5.8719e-03 | time: 0.170
I 06.01/02:28:10 solver.py:136 ] Epoch: [244/400][180/400] lr: 1.10e-04 | MSE loss: 5.8339e-03 | time: 0.167
I 06.01/02:28:12 solver.py:136 ] Epoch: [244/400][200/400] lr: 1.10e-04 | MSE loss: 5.8112e-03 | time: 0.164
I 06.01/02:28:15 solver.py:136 ] Epoch: [244/400][220/400] lr: 1.10e-04 | MSE loss: 5.7985e-03 | time: 0.163
I 06.01/02:28:19 solver.py:136 ] Epoch: [244/400][240/400] lr: 1.10e-04 | MSE loss: 5.8377e-03 | time: 0.164
I 06.01/02:28:22 solver.py:136 ] Epoch: [244/400][260/400] lr: 1.10e-04 | MSE loss: 5.8199e-03 | time: 0.164
I 06.01/02:28:25 solver.py:136 ] Epoch: [244/400][280/400] lr: 1.10e-04 | MSE loss: 5.8156e-03 | time: 0.164
I 06.01/02:28:29 solver.py:136 ] Epoch: [244/400][300/400] lr: 1.10e-04 | MSE loss: 5.7966e-03 | time: 0.165
I 06.01/02:28:32 solver.py:136 ] Epoch: [244/400][320/400] lr: 1.10e-04 | MSE loss: 5.7824e-03 | time: 0.165
I 06.01/02:28:36 solver.py:136 ] Epoch: [244/400][340/400] lr: 1.10e-04 | MSE loss: 5.7869e-03 | time: 0.165
I 06.01/02:28:39 solver.py:136 ] Epoch: [244/400][360/400] lr: 1.09e-04 | MSE loss: 5.8000e-03 | time: 0.166
I 06.01/02:28:42 solver.py:136 ] Epoch: [244/400][380/400] lr: 1.09e-04 | MSE loss: 5.8150e-03 | time: 0.164
I 06.01/02:28:45 solver.py:136 ] Epoch: [244/400][400/400] lr: 1.09e-04 | MSE loss: 5.8068e-03 | time: 0.164
I 06.01/02:28:45 solver.py:146 ] => Train  Loss: 5.8068e-03

I 06.01/02:28:49 solver.py:205 ] 
=! Best NMSE: -1.9193e+01 (epoch=240)

I 06.01/02:28:52 solver.py:136 ] Epoch: [245/400][20/400] lr: 1.09e-04 | MSE loss: 5.6684e-03 | time: 0.149
I 06.01/02:28:54 solver.py:136 ] Epoch: [245/400][40/400] lr: 1.09e-04 | MSE loss: 5.5792e-03 | time: 0.139
I 06.01/02:28:57 solver.py:136 ] Epoch: [245/400][60/400] lr: 1.09e-04 | MSE loss: 5.5889e-03 | time: 0.140
I 06.01/02:29:00 solver.py:136 ] Epoch: [245/400][80/400] lr: 1.09e-04 | MSE loss: 5.7687e-03 | time: 0.138
I 06.01/02:29:05 solver.py:136 ] Epoch: [245/400][100/400] lr: 1.09e-04 | MSE loss: 5.7780e-03 | time: 0.164
I 06.01/02:29:09 solver.py:136 ] Epoch: [245/400][120/400] lr: 1.09e-04 | MSE loss: 5.8211e-03 | time: 0.164
I 06.01/02:29:12 solver.py:136 ] Epoch: [245/400][140/400] lr: 1.09e-04 | MSE loss: 5.8706e-03 | time: 0.162
I 06.01/02:29:15 solver.py:136 ] Epoch: [245/400][160/400] lr: 1.09e-04 | MSE loss: 5.8880e-03 | time: 0.164
I 06.01/02:29:19 solver.py:136 ] Epoch: [245/400][180/400] lr: 1.09e-04 | MSE loss: 5.8655e-03 | time: 0.166
I 06.01/02:29:22 solver.py:136 ] Epoch: [245/400][200/400] lr: 1.09e-04 | MSE loss: 5.8667e-03 | time: 0.166
I 06.01/02:29:25 solver.py:136 ] Epoch: [245/400][220/400] lr: 1.09e-04 | MSE loss: 5.8434e-03 | time: 0.166
I 06.01/02:29:29 solver.py:136 ] Epoch: [245/400][240/400] lr: 1.09e-04 | MSE loss: 5.8427e-03 | time: 0.168
I 06.01/02:29:33 solver.py:136 ] Epoch: [245/400][260/400] lr: 1.09e-04 | MSE loss: 5.8170e-03 | time: 0.168
I 06.01/02:29:36 solver.py:136 ] Epoch: [245/400][280/400] lr: 1.09e-04 | MSE loss: 5.8128e-03 | time: 0.168
I 06.01/02:29:39 solver.py:136 ] Epoch: [245/400][300/400] lr: 1.09e-04 | MSE loss: 5.7836e-03 | time: 0.168
I 06.01/02:29:42 solver.py:136 ] Epoch: [245/400][320/400] lr: 1.09e-04 | MSE loss: 5.8106e-03 | time: 0.167
I 06.01/02:29:46 solver.py:136 ] Epoch: [245/400][340/400] lr: 1.09e-04 | MSE loss: 5.8123e-03 | time: 0.168
I 06.01/02:29:50 solver.py:136 ] Epoch: [245/400][360/400] lr: 1.09e-04 | MSE loss: 5.8198e-03 | time: 0.169
I 06.01/02:29:53 solver.py:136 ] Epoch: [245/400][380/400] lr: 1.09e-04 | MSE loss: 5.8045e-03 | time: 0.168
I 06.01/02:29:55 solver.py:136 ] Epoch: [245/400][400/400] lr: 1.09e-04 | MSE loss: 5.8038e-03 | time: 0.166
I 06.01/02:29:55 solver.py:146 ] => Train  Loss: 5.8038e-03

I 06.01/02:30:02 solver.py:205 ] 
=! Best NMSE: -1.9193e+01 (epoch=240)

I 06.01/02:30:06 solver.py:136 ] Epoch: [246/400][20/400] lr: 1.09e-04 | MSE loss: 5.7931e-03 | time: 0.210
I 06.01/02:30:10 solver.py:136 ] Epoch: [246/400][40/400] lr: 1.09e-04 | MSE loss: 5.7377e-03 | time: 0.185
I 06.01/02:30:13 solver.py:136 ] Epoch: [246/400][60/400] lr: 1.09e-04 | MSE loss: 5.8434e-03 | time: 0.180
I 06.01/02:30:16 solver.py:136 ] Epoch: [246/400][80/400] lr: 1.09e-04 | MSE loss: 5.8844e-03 | time: 0.173
I 06.01/02:30:19 solver.py:136 ] Epoch: [246/400][100/400] lr: 1.09e-04 | MSE loss: 5.8585e-03 | time: 0.168
I 06.01/02:30:22 solver.py:136 ] Epoch: [246/400][120/400] lr: 1.09e-04 | MSE loss: 5.8735e-03 | time: 0.167
I 06.01/02:30:25 solver.py:136 ] Epoch: [246/400][140/400] lr: 1.09e-04 | MSE loss: 5.9151e-03 | time: 0.164
I 06.01/02:30:28 solver.py:136 ] Epoch: [246/400][160/400] lr: 1.09e-04 | MSE loss: 5.9172e-03 | time: 0.160
I 06.01/02:30:32 solver.py:136 ] Epoch: [246/400][180/400] lr: 1.08e-04 | MSE loss: 5.8793e-03 | time: 0.163
I 06.01/02:30:35 solver.py:136 ] Epoch: [246/400][200/400] lr: 1.08e-04 | MSE loss: 5.8572e-03 | time: 0.166
I 06.01/02:30:39 solver.py:136 ] Epoch: [246/400][220/400] lr: 1.08e-04 | MSE loss: 5.8365e-03 | time: 0.167
I 06.01/02:30:43 solver.py:136 ] Epoch: [246/400][240/400] lr: 1.08e-04 | MSE loss: 5.8414e-03 | time: 0.168
I 06.01/02:30:46 solver.py:136 ] Epoch: [246/400][260/400] lr: 1.08e-04 | MSE loss: 5.8313e-03 | time: 0.169
I 06.01/02:30:50 solver.py:136 ] Epoch: [246/400][280/400] lr: 1.08e-04 | MSE loss: 5.8285e-03 | time: 0.170
I 06.01/02:30:53 solver.py:136 ] Epoch: [246/400][300/400] lr: 1.08e-04 | MSE loss: 5.8480e-03 | time: 0.170
I 06.01/02:30:57 solver.py:136 ] Epoch: [246/400][320/400] lr: 1.08e-04 | MSE loss: 5.8217e-03 | time: 0.170
I 06.01/02:31:00 solver.py:136 ] Epoch: [246/400][340/400] lr: 1.08e-04 | MSE loss: 5.7983e-03 | time: 0.170
I 06.01/02:31:05 solver.py:136 ] Epoch: [246/400][360/400] lr: 1.08e-04 | MSE loss: 5.7949e-03 | time: 0.175
I 06.01/02:31:09 solver.py:136 ] Epoch: [246/400][380/400] lr: 1.08e-04 | MSE loss: 5.7931e-03 | time: 0.175
I 06.01/02:31:12 solver.py:136 ] Epoch: [246/400][400/400] lr: 1.08e-04 | MSE loss: 5.7994e-03 | time: 0.174
I 06.01/02:31:12 solver.py:146 ] => Train  Loss: 5.7994e-03

I 06.01/02:31:16 solver.py:205 ] 
=! Best NMSE: -1.9193e+01 (epoch=240)

I 06.01/02:31:19 solver.py:136 ] Epoch: [247/400][20/400] lr: 1.08e-04 | MSE loss: 5.6615e-03 | time: 0.159
I 06.01/02:31:22 solver.py:136 ] Epoch: [247/400][40/400] lr: 1.08e-04 | MSE loss: 5.8052e-03 | time: 0.159
I 06.01/02:31:26 solver.py:136 ] Epoch: [247/400][60/400] lr: 1.08e-04 | MSE loss: 5.7793e-03 | time: 0.166
I 06.01/02:31:29 solver.py:136 ] Epoch: [247/400][80/400] lr: 1.08e-04 | MSE loss: 5.7830e-03 | time: 0.163
I 06.01/02:31:32 solver.py:136 ] Epoch: [247/400][100/400] lr: 1.08e-04 | MSE loss: 5.8563e-03 | time: 0.157
I 06.01/02:31:35 solver.py:136 ] Epoch: [247/400][120/400] lr: 1.08e-04 | MSE loss: 5.8530e-03 | time: 0.155
I 06.01/02:31:38 solver.py:136 ] Epoch: [247/400][140/400] lr: 1.08e-04 | MSE loss: 5.8643e-03 | time: 0.160
I 06.01/02:31:41 solver.py:136 ] Epoch: [247/400][160/400] lr: 1.08e-04 | MSE loss: 5.8493e-03 | time: 0.157
I 06.01/02:31:44 solver.py:136 ] Epoch: [247/400][180/400] lr: 1.08e-04 | MSE loss: 5.7991e-03 | time: 0.155
I 06.01/02:31:47 solver.py:136 ] Epoch: [247/400][200/400] lr: 1.08e-04 | MSE loss: 5.7747e-03 | time: 0.157
I 06.01/02:31:51 solver.py:136 ] Epoch: [247/400][220/400] lr: 1.08e-04 | MSE loss: 5.8071e-03 | time: 0.157
I 06.01/02:31:54 solver.py:136 ] Epoch: [247/400][240/400] lr: 1.08e-04 | MSE loss: 5.8139e-03 | time: 0.158
I 06.01/02:31:57 solver.py:136 ] Epoch: [247/400][260/400] lr: 1.08e-04 | MSE loss: 5.7929e-03 | time: 0.159
I 06.01/02:32:01 solver.py:136 ] Epoch: [247/400][280/400] lr: 1.08e-04 | MSE loss: 5.7741e-03 | time: 0.162
I 06.01/02:32:06 solver.py:136 ] Epoch: [247/400][300/400] lr: 1.08e-04 | MSE loss: 5.8002e-03 | time: 0.168
I 06.01/02:32:10 solver.py:136 ] Epoch: [247/400][320/400] lr: 1.08e-04 | MSE loss: 5.8190e-03 | time: 0.168
I 06.01/02:32:13 solver.py:136 ] Epoch: [247/400][340/400] lr: 1.08e-04 | MSE loss: 5.7922e-03 | time: 0.169
I 06.01/02:32:17 solver.py:136 ] Epoch: [247/400][360/400] lr: 1.08e-04 | MSE loss: 5.7970e-03 | time: 0.169
I 06.01/02:32:20 solver.py:136 ] Epoch: [247/400][380/400] lr: 1.08e-04 | MSE loss: 5.7897e-03 | time: 0.170
I 06.01/02:32:24 solver.py:136 ] Epoch: [247/400][400/400] lr: 1.07e-04 | MSE loss: 5.7974e-03 | time: 0.170
I 06.01/02:32:24 solver.py:146 ] => Train  Loss: 5.7974e-03

I 06.01/02:32:29 solver.py:205 ] 
=! Best NMSE: -1.9193e+01 (epoch=240)

I 06.01/02:32:32 solver.py:136 ] Epoch: [248/400][20/400] lr: 1.07e-04 | MSE loss: 6.0140e-03 | time: 0.150
I 06.01/02:32:35 solver.py:136 ] Epoch: [248/400][40/400] lr: 1.07e-04 | MSE loss: 5.8231e-03 | time: 0.153
I 06.01/02:32:38 solver.py:136 ] Epoch: [248/400][60/400] lr: 1.07e-04 | MSE loss: 5.8434e-03 | time: 0.163
I 06.01/02:32:41 solver.py:136 ] Epoch: [248/400][80/400] lr: 1.07e-04 | MSE loss: 5.6516e-03 | time: 0.161
I 06.01/02:32:44 solver.py:136 ] Epoch: [248/400][100/400] lr: 1.07e-04 | MSE loss: 5.6867e-03 | time: 0.156
I 06.01/02:32:47 solver.py:136 ] Epoch: [248/400][120/400] lr: 1.07e-04 | MSE loss: 5.7688e-03 | time: 0.151
I 06.01/02:32:49 solver.py:136 ] Epoch: [248/400][140/400] lr: 1.07e-04 | MSE loss: 5.7643e-03 | time: 0.149
I 06.01/02:32:53 solver.py:136 ] Epoch: [248/400][160/400] lr: 1.07e-04 | MSE loss: 5.7316e-03 | time: 0.151
I 06.01/02:32:55 solver.py:136 ] Epoch: [248/400][180/400] lr: 1.07e-04 | MSE loss: 5.7086e-03 | time: 0.148
I 06.01/02:32:58 solver.py:136 ] Epoch: [248/400][200/400] lr: 1.07e-04 | MSE loss: 5.7183e-03 | time: 0.145
I 06.01/02:33:02 solver.py:136 ] Epoch: [248/400][220/400] lr: 1.07e-04 | MSE loss: 5.7223e-03 | time: 0.151
I 06.01/02:33:06 solver.py:136 ] Epoch: [248/400][240/400] lr: 1.07e-04 | MSE loss: 5.7439e-03 | time: 0.158
I 06.01/02:33:10 solver.py:136 ] Epoch: [248/400][260/400] lr: 1.07e-04 | MSE loss: 5.7586e-03 | time: 0.159
I 06.01/02:33:14 solver.py:136 ] Epoch: [248/400][280/400] lr: 1.07e-04 | MSE loss: 5.7715e-03 | time: 0.161
I 06.01/02:33:17 solver.py:136 ] Epoch: [248/400][300/400] lr: 1.07e-04 | MSE loss: 5.7926e-03 | time: 0.162
I 06.01/02:33:21 solver.py:136 ] Epoch: [248/400][320/400] lr: 1.07e-04 | MSE loss: 5.7785e-03 | time: 0.163
I 06.01/02:33:24 solver.py:136 ] Epoch: [248/400][340/400] lr: 1.07e-04 | MSE loss: 5.7810e-03 | time: 0.164
I 06.01/02:33:28 solver.py:136 ] Epoch: [248/400][360/400] lr: 1.07e-04 | MSE loss: 5.7703e-03 | time: 0.164
I 06.01/02:33:31 solver.py:136 ] Epoch: [248/400][380/400] lr: 1.07e-04 | MSE loss: 5.8060e-03 | time: 0.164
I 06.01/02:33:35 solver.py:136 ] Epoch: [248/400][400/400] lr: 1.07e-04 | MSE loss: 5.7978e-03 | time: 0.165
I 06.01/02:33:35 solver.py:146 ] => Train  Loss: 5.7978e-03

I 06.01/02:33:40 solver.py:205 ] 
=! Best NMSE: -1.9193e+01 (epoch=240)

I 06.01/02:33:43 solver.py:136 ] Epoch: [249/400][20/400] lr: 1.07e-04 | MSE loss: 5.9361e-03 | time: 0.182
I 06.01/02:33:47 solver.py:136 ] Epoch: [249/400][40/400] lr: 1.07e-04 | MSE loss: 5.8566e-03 | time: 0.190
I 06.01/02:33:51 solver.py:136 ] Epoch: [249/400][60/400] lr: 1.07e-04 | MSE loss: 5.7443e-03 | time: 0.189
I 06.01/02:33:55 solver.py:136 ] Epoch: [249/400][80/400] lr: 1.07e-04 | MSE loss: 5.6833e-03 | time: 0.187
I 06.01/02:33:58 solver.py:136 ] Epoch: [249/400][100/400] lr: 1.07e-04 | MSE loss: 5.6573e-03 | time: 0.181
I 06.01/02:34:00 solver.py:136 ] Epoch: [249/400][120/400] lr: 1.07e-04 | MSE loss: 5.6373e-03 | time: 0.168
I 06.01/02:34:04 solver.py:136 ] Epoch: [249/400][140/400] lr: 1.07e-04 | MSE loss: 5.6733e-03 | time: 0.176
I 06.01/02:34:07 solver.py:136 ] Epoch: [249/400][160/400] lr: 1.07e-04 | MSE loss: 5.6977e-03 | time: 0.173
I 06.01/02:34:10 solver.py:136 ] Epoch: [249/400][180/400] lr: 1.07e-04 | MSE loss: 5.7021e-03 | time: 0.169
I 06.01/02:34:13 solver.py:136 ] Epoch: [249/400][200/400] lr: 1.07e-04 | MSE loss: 5.7365e-03 | time: 0.168
I 06.01/02:34:17 solver.py:136 ] Epoch: [249/400][220/400] lr: 1.07e-04 | MSE loss: 5.7187e-03 | time: 0.170
I 06.01/02:34:21 solver.py:136 ] Epoch: [249/400][240/400] lr: 1.06e-04 | MSE loss: 5.7241e-03 | time: 0.170
I 06.01/02:34:24 solver.py:136 ] Epoch: [249/400][260/400] lr: 1.06e-04 | MSE loss: 5.7451e-03 | time: 0.170
I 06.01/02:34:27 solver.py:136 ] Epoch: [249/400][280/400] lr: 1.06e-04 | MSE loss: 5.7550e-03 | time: 0.170
I 06.01/02:34:31 solver.py:136 ] Epoch: [249/400][300/400] lr: 1.06e-04 | MSE loss: 5.7556e-03 | time: 0.169
I 06.01/02:34:34 solver.py:136 ] Epoch: [249/400][320/400] lr: 1.06e-04 | MSE loss: 5.7777e-03 | time: 0.169
I 06.01/02:34:37 solver.py:136 ] Epoch: [249/400][340/400] lr: 1.06e-04 | MSE loss: 5.7843e-03 | time: 0.169
I 06.01/02:34:41 solver.py:136 ] Epoch: [249/400][360/400] lr: 1.06e-04 | MSE loss: 5.7548e-03 | time: 0.169
I 06.01/02:34:44 solver.py:136 ] Epoch: [249/400][380/400] lr: 1.06e-04 | MSE loss: 5.7653e-03 | time: 0.169
I 06.01/02:34:47 solver.py:136 ] Epoch: [249/400][400/400] lr: 1.06e-04 | MSE loss: 5.7934e-03 | time: 0.169
I 06.01/02:34:47 solver.py:146 ] => Train  Loss: 5.7934e-03

I 06.01/02:34:52 solver.py:205 ] 
=! Best NMSE: -1.9193e+01 (epoch=240)

I 06.01/02:34:56 solver.py:136 ] Epoch: [250/400][20/400] lr: 1.06e-04 | MSE loss: 5.8980e-03 | time: 0.195
I 06.01/02:34:59 solver.py:136 ] Epoch: [250/400][40/400] lr: 1.06e-04 | MSE loss: 5.8302e-03 | time: 0.184
I 06.01/02:35:05 solver.py:136 ] Epoch: [250/400][60/400] lr: 1.06e-04 | MSE loss: 5.8308e-03 | time: 0.210
I 06.01/02:35:08 solver.py:136 ] Epoch: [250/400][80/400] lr: 1.06e-04 | MSE loss: 5.9463e-03 | time: 0.201
I 06.01/02:35:11 solver.py:136 ] Epoch: [250/400][100/400] lr: 1.06e-04 | MSE loss: 5.9561e-03 | time: 0.194
I 06.01/02:35:14 solver.py:136 ] Epoch: [250/400][120/400] lr: 1.06e-04 | MSE loss: 5.8547e-03 | time: 0.185
I 06.01/02:35:17 solver.py:136 ] Epoch: [250/400][140/400] lr: 1.06e-04 | MSE loss: 5.8499e-03 | time: 0.178
I 06.01/02:35:20 solver.py:136 ] Epoch: [250/400][160/400] lr: 1.06e-04 | MSE loss: 5.8025e-03 | time: 0.173
I 06.01/02:35:23 solver.py:136 ] Epoch: [250/400][180/400] lr: 1.06e-04 | MSE loss: 5.7983e-03 | time: 0.171
I 06.01/02:35:26 solver.py:136 ] Epoch: [250/400][200/400] lr: 1.06e-04 | MSE loss: 5.7897e-03 | time: 0.170
I 06.01/02:35:29 solver.py:136 ] Epoch: [250/400][220/400] lr: 1.06e-04 | MSE loss: 5.7817e-03 | time: 0.170
I 06.01/02:35:33 solver.py:136 ] Epoch: [250/400][240/400] lr: 1.06e-04 | MSE loss: 5.8205e-03 | time: 0.169
I 06.01/02:35:36 solver.py:136 ] Epoch: [250/400][260/400] lr: 1.06e-04 | MSE loss: 5.8459e-03 | time: 0.171
I 06.01/02:35:40 solver.py:136 ] Epoch: [250/400][280/400] lr: 1.06e-04 | MSE loss: 5.8333e-03 | time: 0.171
I 06.01/02:35:43 solver.py:136 ] Epoch: [250/400][300/400] lr: 1.06e-04 | MSE loss: 5.8023e-03 | time: 0.171
I 06.01/02:35:46 solver.py:136 ] Epoch: [250/400][320/400] lr: 1.06e-04 | MSE loss: 5.8073e-03 | time: 0.169
I 06.01/02:35:49 solver.py:136 ] Epoch: [250/400][340/400] lr: 1.06e-04 | MSE loss: 5.8077e-03 | time: 0.169
I 06.01/02:35:53 solver.py:136 ] Epoch: [250/400][360/400] lr: 1.06e-04 | MSE loss: 5.7828e-03 | time: 0.169
I 06.01/02:35:56 solver.py:136 ] Epoch: [250/400][380/400] lr: 1.06e-04 | MSE loss: 5.7808e-03 | time: 0.170
I 06.01/02:35:59 solver.py:136 ] Epoch: [250/400][400/400] lr: 1.06e-04 | MSE loss: 5.7887e-03 | time: 0.169
I 06.01/02:35:59 solver.py:146 ] => Train  Loss: 5.7887e-03

I 06.01/02:36:05 solver.py:136 ] Epoch: [250/400][20/50] lr: 1.06e-04 | MSE loss: 6.3535e-03 | time: 0.271
I 06.01/02:36:09 solver.py:136 ] Epoch: [250/400][40/50] lr: 1.06e-04 | MSE loss: 6.1209e-03 | time: 0.220
I 06.01/02:36:10 solver.py:146 ] => Val  Loss: 6.0693e-03

I 06.01/02:36:13 solver.py:287 ] [20/50] loss: 6.1631e-03 | NMSE: -1.9169e+01 | time: 0.166
I 06.01/02:36:17 solver.py:287 ] [40/50] loss: 6.1186e-03 | NMSE: -1.9179e+01 | time: 0.162
I 06.01/02:36:18 solver.py:291 ] => Test NMSE: -1.9218e+01

I 06.01/02:36:27 solver.py:205 ] 
=! Best NMSE: -1.9218e+01 (epoch=250)

I 06.01/02:36:30 solver.py:136 ] Epoch: [251/400][20/400] lr: 1.06e-04 | MSE loss: 5.6560e-03 | time: 0.144
I 06.01/02:36:33 solver.py:136 ] Epoch: [251/400][40/400] lr: 1.06e-04 | MSE loss: 5.6353e-03 | time: 0.157
I 06.01/02:36:36 solver.py:136 ] Epoch: [251/400][60/400] lr: 1.05e-04 | MSE loss: 5.7372e-03 | time: 0.156
I 06.01/02:36:40 solver.py:136 ] Epoch: [251/400][80/400] lr: 1.05e-04 | MSE loss: 5.7553e-03 | time: 0.160
I 06.01/02:36:43 solver.py:136 ] Epoch: [251/400][100/400] lr: 1.05e-04 | MSE loss: 5.7720e-03 | time: 0.162
I 06.01/02:36:47 solver.py:136 ] Epoch: [251/400][120/400] lr: 1.05e-04 | MSE loss: 5.7916e-03 | time: 0.165
I 06.01/02:36:50 solver.py:136 ] Epoch: [251/400][140/400] lr: 1.05e-04 | MSE loss: 5.8073e-03 | time: 0.164
I 06.01/02:36:54 solver.py:136 ] Epoch: [251/400][160/400] lr: 1.05e-04 | MSE loss: 5.7672e-03 | time: 0.167
I 06.01/02:36:57 solver.py:136 ] Epoch: [251/400][180/400] lr: 1.05e-04 | MSE loss: 5.8202e-03 | time: 0.166
I 06.01/02:37:00 solver.py:136 ] Epoch: [251/400][200/400] lr: 1.05e-04 | MSE loss: 5.8052e-03 | time: 0.164
I 06.01/02:37:05 solver.py:136 ] Epoch: [251/400][220/400] lr: 1.05e-04 | MSE loss: 5.7860e-03 | time: 0.174
I 06.01/02:37:09 solver.py:136 ] Epoch: [251/400][240/400] lr: 1.05e-04 | MSE loss: 5.7643e-03 | time: 0.174
I 06.01/02:37:12 solver.py:136 ] Epoch: [251/400][260/400] lr: 1.05e-04 | MSE loss: 5.7366e-03 | time: 0.173
I 06.01/02:37:15 solver.py:136 ] Epoch: [251/400][280/400] lr: 1.05e-04 | MSE loss: 5.7406e-03 | time: 0.172
I 06.01/02:37:18 solver.py:136 ] Epoch: [251/400][300/400] lr: 1.05e-04 | MSE loss: 5.7489e-03 | time: 0.171
I 06.01/02:37:22 solver.py:136 ] Epoch: [251/400][320/400] lr: 1.05e-04 | MSE loss: 5.7594e-03 | time: 0.171
I 06.01/02:37:25 solver.py:136 ] Epoch: [251/400][340/400] lr: 1.05e-04 | MSE loss: 5.7988e-03 | time: 0.171
I 06.01/02:37:29 solver.py:136 ] Epoch: [251/400][360/400] lr: 1.05e-04 | MSE loss: 5.7939e-03 | time: 0.172
I 06.01/02:37:32 solver.py:136 ] Epoch: [251/400][380/400] lr: 1.05e-04 | MSE loss: 5.7751e-03 | time: 0.172
I 06.01/02:37:36 solver.py:136 ] Epoch: [251/400][400/400] lr: 1.05e-04 | MSE loss: 5.7845e-03 | time: 0.172
I 06.01/02:37:36 solver.py:146 ] => Train  Loss: 5.7845e-03

I 06.01/02:37:41 solver.py:205 ] 
=! Best NMSE: -1.9218e+01 (epoch=250)

I 06.01/02:37:44 solver.py:136 ] Epoch: [252/400][20/400] lr: 1.05e-04 | MSE loss: 6.1188e-03 | time: 0.139
I 06.01/02:37:47 solver.py:136 ] Epoch: [252/400][40/400] lr: 1.05e-04 | MSE loss: 5.9980e-03 | time: 0.153
I 06.01/02:37:50 solver.py:136 ] Epoch: [252/400][60/400] lr: 1.05e-04 | MSE loss: 5.8813e-03 | time: 0.151
I 06.01/02:37:54 solver.py:136 ] Epoch: [252/400][80/400] lr: 1.05e-04 | MSE loss: 5.7837e-03 | time: 0.156
I 06.01/02:37:57 solver.py:136 ] Epoch: [252/400][100/400] lr: 1.05e-04 | MSE loss: 5.7827e-03 | time: 0.159
I 06.01/02:38:01 solver.py:136 ] Epoch: [252/400][120/400] lr: 1.05e-04 | MSE loss: 5.7147e-03 | time: 0.164
I 06.01/02:38:06 solver.py:136 ] Epoch: [252/400][140/400] lr: 1.05e-04 | MSE loss: 5.7631e-03 | time: 0.175
I 06.01/02:38:09 solver.py:136 ] Epoch: [252/400][160/400] lr: 1.05e-04 | MSE loss: 5.7802e-03 | time: 0.175
I 06.01/02:38:12 solver.py:136 ] Epoch: [252/400][180/400] lr: 1.05e-04 | MSE loss: 5.7431e-03 | time: 0.173
I 06.01/02:38:16 solver.py:136 ] Epoch: [252/400][200/400] lr: 1.05e-04 | MSE loss: 5.7312e-03 | time: 0.172
I 06.01/02:38:19 solver.py:136 ] Epoch: [252/400][220/400] lr: 1.05e-04 | MSE loss: 5.7204e-03 | time: 0.171
I 06.01/02:38:22 solver.py:136 ] Epoch: [252/400][240/400] lr: 1.05e-04 | MSE loss: 5.7649e-03 | time: 0.170
I 06.01/02:38:26 solver.py:136 ] Epoch: [252/400][260/400] lr: 1.05e-04 | MSE loss: 5.7626e-03 | time: 0.171
I 06.01/02:38:29 solver.py:136 ] Epoch: [252/400][280/400] lr: 1.05e-04 | MSE loss: 5.7771e-03 | time: 0.171
I 06.01/02:38:32 solver.py:136 ] Epoch: [252/400][300/400] lr: 1.04e-04 | MSE loss: 5.7726e-03 | time: 0.171
I 06.01/02:38:36 solver.py:136 ] Epoch: [252/400][320/400] lr: 1.04e-04 | MSE loss: 5.7665e-03 | time: 0.171
I 06.01/02:38:40 solver.py:136 ] Epoch: [252/400][340/400] lr: 1.04e-04 | MSE loss: 5.7633e-03 | time: 0.172
I 06.01/02:38:43 solver.py:136 ] Epoch: [252/400][360/400] lr: 1.04e-04 | MSE loss: 5.7736e-03 | time: 0.172
I 06.01/02:38:47 solver.py:136 ] Epoch: [252/400][380/400] lr: 1.04e-04 | MSE loss: 5.7654e-03 | time: 0.172
I 06.01/02:38:50 solver.py:136 ] Epoch: [252/400][400/400] lr: 1.04e-04 | MSE loss: 5.7790e-03 | time: 0.172
I 06.01/02:38:50 solver.py:146 ] => Train  Loss: 5.7790e-03

I 06.01/02:38:55 solver.py:205 ] 
=! Best NMSE: -1.9218e+01 (epoch=250)

I 06.01/02:38:58 solver.py:136 ] Epoch: [253/400][20/400] lr: 1.04e-04 | MSE loss: 5.9649e-03 | time: 0.140
I 06.01/02:39:02 solver.py:136 ] Epoch: [253/400][40/400] lr: 1.04e-04 | MSE loss: 5.8805e-03 | time: 0.190
I 06.01/02:39:07 solver.py:136 ] Epoch: [253/400][60/400] lr: 1.04e-04 | MSE loss: 5.9302e-03 | time: 0.194
I 06.01/02:39:10 solver.py:136 ] Epoch: [253/400][80/400] lr: 1.04e-04 | MSE loss: 5.8398e-03 | time: 0.185
I 06.01/02:39:13 solver.py:136 ] Epoch: [253/400][100/400] lr: 1.04e-04 | MSE loss: 5.8254e-03 | time: 0.185
I 06.01/02:39:17 solver.py:136 ] Epoch: [253/400][120/400] lr: 1.04e-04 | MSE loss: 5.8354e-03 | time: 0.183
I 06.01/02:39:20 solver.py:136 ] Epoch: [253/400][140/400] lr: 1.04e-04 | MSE loss: 5.8091e-03 | time: 0.182
I 06.01/02:39:24 solver.py:136 ] Epoch: [253/400][160/400] lr: 1.04e-04 | MSE loss: 5.7754e-03 | time: 0.180
I 06.01/02:39:27 solver.py:136 ] Epoch: [253/400][180/400] lr: 1.04e-04 | MSE loss: 5.7572e-03 | time: 0.176
I 06.01/02:39:30 solver.py:136 ] Epoch: [253/400][200/400] lr: 1.04e-04 | MSE loss: 5.7960e-03 | time: 0.174
I 06.01/02:39:33 solver.py:136 ] Epoch: [253/400][220/400] lr: 1.04e-04 | MSE loss: 5.8014e-03 | time: 0.173
I 06.01/02:39:36 solver.py:136 ] Epoch: [253/400][240/400] lr: 1.04e-04 | MSE loss: 5.7904e-03 | time: 0.173
I 06.01/02:39:40 solver.py:136 ] Epoch: [253/400][260/400] lr: 1.04e-04 | MSE loss: 5.7722e-03 | time: 0.174
I 06.01/02:39:43 solver.py:136 ] Epoch: [253/400][280/400] lr: 1.04e-04 | MSE loss: 5.7689e-03 | time: 0.173
I 06.01/02:39:47 solver.py:136 ] Epoch: [253/400][300/400] lr: 1.04e-04 | MSE loss: 5.7605e-03 | time: 0.174
I 06.01/02:39:51 solver.py:136 ] Epoch: [253/400][320/400] lr: 1.04e-04 | MSE loss: 5.7563e-03 | time: 0.174
I 06.01/02:39:54 solver.py:136 ] Epoch: [253/400][340/400] lr: 1.04e-04 | MSE loss: 5.7574e-03 | time: 0.174
I 06.01/02:39:58 solver.py:136 ] Epoch: [253/400][360/400] lr: 1.04e-04 | MSE loss: 5.7607e-03 | time: 0.174
I 06.01/02:40:02 solver.py:136 ] Epoch: [253/400][380/400] lr: 1.04e-04 | MSE loss: 5.7545e-03 | time: 0.176
I 06.01/02:40:07 solver.py:136 ] Epoch: [253/400][400/400] lr: 1.04e-04 | MSE loss: 5.7764e-03 | time: 0.179
I 06.01/02:40:07 solver.py:146 ] => Train  Loss: 5.7764e-03

I 06.01/02:40:11 solver.py:205 ] 
=! Best NMSE: -1.9218e+01 (epoch=250)

I 06.01/02:40:14 solver.py:136 ] Epoch: [254/400][20/400] lr: 1.04e-04 | MSE loss: 5.6348e-03 | time: 0.163
I 06.01/02:40:17 solver.py:136 ] Epoch: [254/400][40/400] lr: 1.04e-04 | MSE loss: 5.5179e-03 | time: 0.158
I 06.01/02:40:20 solver.py:136 ] Epoch: [254/400][60/400] lr: 1.04e-04 | MSE loss: 5.5058e-03 | time: 0.156
I 06.01/02:40:24 solver.py:136 ] Epoch: [254/400][80/400] lr: 1.04e-04 | MSE loss: 5.7464e-03 | time: 0.161
I 06.01/02:40:27 solver.py:136 ] Epoch: [254/400][100/400] lr: 1.04e-04 | MSE loss: 5.7434e-03 | time: 0.163
I 06.01/02:40:31 solver.py:136 ] Epoch: [254/400][120/400] lr: 1.04e-04 | MSE loss: 5.7604e-03 | time: 0.167
I 06.01/02:40:34 solver.py:136 ] Epoch: [254/400][140/400] lr: 1.03e-04 | MSE loss: 5.7797e-03 | time: 0.167
I 06.01/02:40:38 solver.py:136 ] Epoch: [254/400][160/400] lr: 1.03e-04 | MSE loss: 5.8250e-03 | time: 0.167
I 06.01/02:40:40 solver.py:136 ] Epoch: [254/400][180/400] lr: 1.03e-04 | MSE loss: 5.8078e-03 | time: 0.164
I 06.01/02:40:43 solver.py:136 ] Epoch: [254/400][200/400] lr: 1.03e-04 | MSE loss: 5.7790e-03 | time: 0.162
I 06.01/02:40:47 solver.py:136 ] Epoch: [254/400][220/400] lr: 1.03e-04 | MSE loss: 5.7735e-03 | time: 0.163
I 06.01/02:40:50 solver.py:136 ] Epoch: [254/400][240/400] lr: 1.03e-04 | MSE loss: 5.7578e-03 | time: 0.164
I 06.01/02:40:54 solver.py:136 ] Epoch: [254/400][260/400] lr: 1.03e-04 | MSE loss: 5.7569e-03 | time: 0.165
I 06.01/02:40:57 solver.py:136 ] Epoch: [254/400][280/400] lr: 1.03e-04 | MSE loss: 5.7778e-03 | time: 0.164
I 06.01/02:41:00 solver.py:136 ] Epoch: [254/400][300/400] lr: 1.03e-04 | MSE loss: 5.7707e-03 | time: 0.164
I 06.01/02:41:06 solver.py:136 ] Epoch: [254/400][320/400] lr: 1.03e-04 | MSE loss: 5.8063e-03 | time: 0.170
I 06.01/02:41:09 solver.py:136 ] Epoch: [254/400][340/400] lr: 1.03e-04 | MSE loss: 5.7851e-03 | time: 0.171
I 06.01/02:41:12 solver.py:136 ] Epoch: [254/400][360/400] lr: 1.03e-04 | MSE loss: 5.7947e-03 | time: 0.171
I 06.01/02:41:16 solver.py:136 ] Epoch: [254/400][380/400] lr: 1.03e-04 | MSE loss: 5.7906e-03 | time: 0.171
I 06.01/02:41:19 solver.py:136 ] Epoch: [254/400][400/400] lr: 1.03e-04 | MSE loss: 5.7741e-03 | time: 0.171
I 06.01/02:41:19 solver.py:146 ] => Train  Loss: 5.7741e-03

I 06.01/02:41:25 solver.py:205 ] 
=! Best NMSE: -1.9218e+01 (epoch=250)

I 06.01/02:41:28 solver.py:136 ] Epoch: [255/400][20/400] lr: 1.03e-04 | MSE loss: 5.6331e-03 | time: 0.183
I 06.01/02:41:32 solver.py:136 ] Epoch: [255/400][40/400] lr: 1.03e-04 | MSE loss: 5.7316e-03 | time: 0.178
I 06.01/02:41:35 solver.py:136 ] Epoch: [255/400][60/400] lr: 1.03e-04 | MSE loss: 5.7653e-03 | time: 0.171
I 06.01/02:41:38 solver.py:136 ] Epoch: [255/400][80/400] lr: 1.03e-04 | MSE loss: 5.6726e-03 | time: 0.168
I 06.01/02:41:42 solver.py:136 ] Epoch: [255/400][100/400] lr: 1.03e-04 | MSE loss: 5.7536e-03 | time: 0.168
I 06.01/02:41:45 solver.py:136 ] Epoch: [255/400][120/400] lr: 1.03e-04 | MSE loss: 5.7592e-03 | time: 0.167
I 06.01/02:41:48 solver.py:136 ] Epoch: [255/400][140/400] lr: 1.03e-04 | MSE loss: 5.8054e-03 | time: 0.166
I 06.01/02:41:52 solver.py:136 ] Epoch: [255/400][160/400] lr: 1.03e-04 | MSE loss: 5.7857e-03 | time: 0.169
I 06.01/02:41:54 solver.py:136 ] Epoch: [255/400][180/400] lr: 1.03e-04 | MSE loss: 5.7995e-03 | time: 0.165
I 06.01/02:41:57 solver.py:136 ] Epoch: [255/400][200/400] lr: 1.03e-04 | MSE loss: 5.7818e-03 | time: 0.163
I 06.01/02:42:00 solver.py:136 ] Epoch: [255/400][220/400] lr: 1.03e-04 | MSE loss: 5.7578e-03 | time: 0.162
I 06.01/02:42:06 solver.py:136 ] Epoch: [255/400][240/400] lr: 1.03e-04 | MSE loss: 5.7421e-03 | time: 0.171
I 06.01/02:42:09 solver.py:136 ] Epoch: [255/400][260/400] lr: 1.03e-04 | MSE loss: 5.7622e-03 | time: 0.171
I 06.01/02:42:12 solver.py:136 ] Epoch: [255/400][280/400] lr: 1.03e-04 | MSE loss: 5.7591e-03 | time: 0.168
I 06.01/02:42:15 solver.py:136 ] Epoch: [255/400][300/400] lr: 1.03e-04 | MSE loss: 5.7628e-03 | time: 0.168
I 06.01/02:42:19 solver.py:136 ] Epoch: [255/400][320/400] lr: 1.03e-04 | MSE loss: 5.7614e-03 | time: 0.169
I 06.01/02:42:22 solver.py:136 ] Epoch: [255/400][340/400] lr: 1.03e-04 | MSE loss: 5.7919e-03 | time: 0.170
I 06.01/02:42:26 solver.py:136 ] Epoch: [255/400][360/400] lr: 1.03e-04 | MSE loss: 5.7979e-03 | time: 0.170
I 06.01/02:42:29 solver.py:136 ] Epoch: [255/400][380/400] lr: 1.02e-04 | MSE loss: 5.7831e-03 | time: 0.170
I 06.01/02:42:33 solver.py:136 ] Epoch: [255/400][400/400] lr: 1.02e-04 | MSE loss: 5.7688e-03 | time: 0.171
I 06.01/02:42:33 solver.py:146 ] => Train  Loss: 5.7688e-03

I 06.01/02:42:38 solver.py:205 ] 
=! Best NMSE: -1.9218e+01 (epoch=250)

I 06.01/02:42:41 solver.py:136 ] Epoch: [256/400][20/400] lr: 1.02e-04 | MSE loss: 5.6068e-03 | time: 0.160
I 06.01/02:42:44 solver.py:136 ] Epoch: [256/400][40/400] lr: 1.02e-04 | MSE loss: 5.8214e-03 | time: 0.171
I 06.01/02:42:48 solver.py:136 ] Epoch: [256/400][60/400] lr: 1.02e-04 | MSE loss: 5.7594e-03 | time: 0.167
I 06.01/02:42:51 solver.py:136 ] Epoch: [256/400][80/400] lr: 1.02e-04 | MSE loss: 5.7576e-03 | time: 0.168
I 06.01/02:42:54 solver.py:136 ] Epoch: [256/400][100/400] lr: 1.02e-04 | MSE loss: 5.7198e-03 | time: 0.168
I 06.01/02:42:58 solver.py:136 ] Epoch: [256/400][120/400] lr: 1.02e-04 | MSE loss: 5.7451e-03 | time: 0.170
I 06.01/02:43:02 solver.py:136 ] Epoch: [256/400][140/400] lr: 1.02e-04 | MSE loss: 5.8119e-03 | time: 0.173
I 06.01/02:43:06 solver.py:136 ] Epoch: [256/400][160/400] lr: 1.02e-04 | MSE loss: 5.7864e-03 | time: 0.178
I 06.01/02:43:09 solver.py:136 ] Epoch: [256/400][180/400] lr: 1.02e-04 | MSE loss: 5.7526e-03 | time: 0.176
I 06.01/02:43:12 solver.py:136 ] Epoch: [256/400][200/400] lr: 1.02e-04 | MSE loss: 5.7241e-03 | time: 0.172
I 06.01/02:43:14 solver.py:136 ] Epoch: [256/400][220/400] lr: 1.02e-04 | MSE loss: 5.7534e-03 | time: 0.167
I 06.01/02:43:17 solver.py:136 ] Epoch: [256/400][240/400] lr: 1.02e-04 | MSE loss: 5.7882e-03 | time: 0.165
I 06.01/02:43:21 solver.py:136 ] Epoch: [256/400][260/400] lr: 1.02e-04 | MSE loss: 5.7955e-03 | time: 0.165
I 06.01/02:43:24 solver.py:136 ] Epoch: [256/400][280/400] lr: 1.02e-04 | MSE loss: 5.7934e-03 | time: 0.164
I 06.01/02:43:27 solver.py:136 ] Epoch: [256/400][300/400] lr: 1.02e-04 | MSE loss: 5.7697e-03 | time: 0.166
I 06.01/02:43:31 solver.py:136 ] Epoch: [256/400][320/400] lr: 1.02e-04 | MSE loss: 5.7640e-03 | time: 0.166
I 06.01/02:43:34 solver.py:136 ] Epoch: [256/400][340/400] lr: 1.02e-04 | MSE loss: 5.7674e-03 | time: 0.166
I 06.01/02:43:38 solver.py:136 ] Epoch: [256/400][360/400] lr: 1.02e-04 | MSE loss: 5.7806e-03 | time: 0.167
I 06.01/02:43:41 solver.py:136 ] Epoch: [256/400][380/400] lr: 1.02e-04 | MSE loss: 5.7749e-03 | time: 0.167
I 06.01/02:43:44 solver.py:136 ] Epoch: [256/400][400/400] lr: 1.02e-04 | MSE loss: 5.7664e-03 | time: 0.167
I 06.01/02:43:44 solver.py:146 ] => Train  Loss: 5.7664e-03

I 06.01/02:43:49 solver.py:205 ] 
=! Best NMSE: -1.9218e+01 (epoch=250)

I 06.01/02:43:52 solver.py:136 ] Epoch: [257/400][20/400] lr: 1.02e-04 | MSE loss: 5.6524e-03 | time: 0.182
I 06.01/02:43:56 solver.py:136 ] Epoch: [257/400][40/400] lr: 1.02e-04 | MSE loss: 5.9088e-03 | time: 0.180
I 06.01/02:43:59 solver.py:136 ] Epoch: [257/400][60/400] lr: 1.02e-04 | MSE loss: 5.9860e-03 | time: 0.176
I 06.01/02:44:05 solver.py:136 ] Epoch: [257/400][80/400] lr: 1.02e-04 | MSE loss: 5.9112e-03 | time: 0.199
I 06.01/02:44:08 solver.py:136 ] Epoch: [257/400][100/400] lr: 1.02e-04 | MSE loss: 5.8055e-03 | time: 0.196
I 06.01/02:44:12 solver.py:136 ] Epoch: [257/400][120/400] lr: 1.02e-04 | MSE loss: 5.7762e-03 | time: 0.191
I 06.01/02:44:15 solver.py:136 ] Epoch: [257/400][140/400] lr: 1.02e-04 | MSE loss: 5.8512e-03 | time: 0.187
I 06.01/02:44:18 solver.py:136 ] Epoch: [257/400][160/400] lr: 1.02e-04 | MSE loss: 5.8136e-03 | time: 0.183
I 06.01/02:44:21 solver.py:136 ] Epoch: [257/400][180/400] lr: 1.02e-04 | MSE loss: 5.8015e-03 | time: 0.180
I 06.01/02:44:24 solver.py:136 ] Epoch: [257/400][200/400] lr: 1.02e-04 | MSE loss: 5.7792e-03 | time: 0.177
I 06.01/02:44:28 solver.py:136 ] Epoch: [257/400][220/400] lr: 1.01e-04 | MSE loss: 5.7638e-03 | time: 0.177
I 06.01/02:44:30 solver.py:136 ] Epoch: [257/400][240/400] lr: 1.01e-04 | MSE loss: 5.7695e-03 | time: 0.173
I 06.01/02:44:33 solver.py:136 ] Epoch: [257/400][260/400] lr: 1.01e-04 | MSE loss: 5.7566e-03 | time: 0.169
I 06.01/02:44:36 solver.py:136 ] Epoch: [257/400][280/400] lr: 1.01e-04 | MSE loss: 5.7892e-03 | time: 0.169
I 06.01/02:44:39 solver.py:136 ] Epoch: [257/400][300/400] lr: 1.01e-04 | MSE loss: 5.7787e-03 | time: 0.169
I 06.01/02:44:43 solver.py:136 ] Epoch: [257/400][320/400] lr: 1.01e-04 | MSE loss: 5.7699e-03 | time: 0.170
I 06.01/02:44:47 solver.py:136 ] Epoch: [257/400][340/400] lr: 1.01e-04 | MSE loss: 5.7443e-03 | time: 0.170
I 06.01/02:44:50 solver.py:136 ] Epoch: [257/400][360/400] lr: 1.01e-04 | MSE loss: 5.7652e-03 | time: 0.171
I 06.01/02:44:54 solver.py:136 ] Epoch: [257/400][380/400] lr: 1.01e-04 | MSE loss: 5.7655e-03 | time: 0.171
I 06.01/02:44:57 solver.py:136 ] Epoch: [257/400][400/400] lr: 1.01e-04 | MSE loss: 5.7636e-03 | time: 0.171
I 06.01/02:44:57 solver.py:146 ] => Train  Loss: 5.7636e-03

I 06.01/02:45:04 solver.py:205 ] 
=! Best NMSE: -1.9218e+01 (epoch=250)

I 06.01/02:45:08 solver.py:136 ] Epoch: [258/400][20/400] lr: 1.01e-04 | MSE loss: 5.7972e-03 | time: 0.213
I 06.01/02:45:12 solver.py:136 ] Epoch: [258/400][40/400] lr: 1.01e-04 | MSE loss: 5.7575e-03 | time: 0.192
I 06.01/02:45:15 solver.py:136 ] Epoch: [258/400][60/400] lr: 1.01e-04 | MSE loss: 5.7426e-03 | time: 0.184
I 06.01/02:45:18 solver.py:136 ] Epoch: [258/400][80/400] lr: 1.01e-04 | MSE loss: 5.7711e-03 | time: 0.174
I 06.01/02:45:21 solver.py:136 ] Epoch: [258/400][100/400] lr: 1.01e-04 | MSE loss: 5.8379e-03 | time: 0.168
I 06.01/02:45:24 solver.py:136 ] Epoch: [258/400][120/400] lr: 1.01e-04 | MSE loss: 5.8955e-03 | time: 0.166
I 06.01/02:45:26 solver.py:136 ] Epoch: [258/400][140/400] lr: 1.01e-04 | MSE loss: 5.8655e-03 | time: 0.161
I 06.01/02:45:29 solver.py:136 ] Epoch: [258/400][160/400] lr: 1.01e-04 | MSE loss: 5.7726e-03 | time: 0.159
I 06.01/02:45:33 solver.py:136 ] Epoch: [258/400][180/400] lr: 1.01e-04 | MSE loss: 5.7677e-03 | time: 0.163
I 06.01/02:45:36 solver.py:136 ] Epoch: [258/400][200/400] lr: 1.01e-04 | MSE loss: 5.7769e-03 | time: 0.161
I 06.01/02:45:39 solver.py:136 ] Epoch: [258/400][220/400] lr: 1.01e-04 | MSE loss: 5.7360e-03 | time: 0.160
I 06.01/02:45:42 solver.py:136 ] Epoch: [258/400][240/400] lr: 1.01e-04 | MSE loss: 5.7396e-03 | time: 0.158
I 06.01/02:45:44 solver.py:136 ] Epoch: [258/400][260/400] lr: 1.01e-04 | MSE loss: 5.7674e-03 | time: 0.155
I 06.01/02:45:48 solver.py:136 ] Epoch: [258/400][280/400] lr: 1.01e-04 | MSE loss: 5.7652e-03 | time: 0.157
I 06.01/02:45:51 solver.py:136 ] Epoch: [258/400][300/400] lr: 1.01e-04 | MSE loss: 5.7368e-03 | time: 0.158
I 06.01/02:45:55 solver.py:136 ] Epoch: [258/400][320/400] lr: 1.01e-04 | MSE loss: 5.7677e-03 | time: 0.159
I 06.01/02:45:58 solver.py:136 ] Epoch: [258/400][340/400] lr: 1.01e-04 | MSE loss: 5.7722e-03 | time: 0.160
I 06.01/02:46:03 solver.py:136 ] Epoch: [258/400][360/400] lr: 1.01e-04 | MSE loss: 5.7672e-03 | time: 0.163
I 06.01/02:46:07 solver.py:136 ] Epoch: [258/400][380/400] lr: 1.01e-04 | MSE loss: 5.7433e-03 | time: 0.166
I 06.01/02:46:10 solver.py:136 ] Epoch: [258/400][400/400] lr: 1.01e-04 | MSE loss: 5.7618e-03 | time: 0.166
I 06.01/02:46:10 solver.py:146 ] => Train  Loss: 5.7618e-03

I 06.01/02:46:16 solver.py:205 ] 
=! Best NMSE: -1.9218e+01 (epoch=250)

I 06.01/02:46:19 solver.py:136 ] Epoch: [259/400][20/400] lr: 1.01e-04 | MSE loss: 5.5986e-03 | time: 0.191
I 06.01/02:46:23 solver.py:136 ] Epoch: [259/400][40/400] lr: 1.01e-04 | MSE loss: 5.5125e-03 | time: 0.184
I 06.01/02:46:27 solver.py:136 ] Epoch: [259/400][60/400] lr: 1.00e-04 | MSE loss: 5.6434e-03 | time: 0.183
I 06.01/02:46:30 solver.py:136 ] Epoch: [259/400][80/400] lr: 1.00e-04 | MSE loss: 5.6215e-03 | time: 0.184
I 06.01/02:46:34 solver.py:136 ] Epoch: [259/400][100/400] lr: 1.00e-04 | MSE loss: 5.7230e-03 | time: 0.186
I 06.01/02:46:37 solver.py:136 ] Epoch: [259/400][120/400] lr: 1.00e-04 | MSE loss: 5.7882e-03 | time: 0.182
I 06.01/02:46:41 solver.py:136 ] Epoch: [259/400][140/400] lr: 1.00e-04 | MSE loss: 5.8100e-03 | time: 0.179
I 06.01/02:46:44 solver.py:136 ] Epoch: [259/400][160/400] lr: 1.00e-04 | MSE loss: 5.8294e-03 | time: 0.175
I 06.01/02:46:47 solver.py:136 ] Epoch: [259/400][180/400] lr: 1.00e-04 | MSE loss: 5.8022e-03 | time: 0.172
I 06.01/02:46:50 solver.py:136 ] Epoch: [259/400][200/400] lr: 1.00e-04 | MSE loss: 5.7864e-03 | time: 0.170
I 06.01/02:46:52 solver.py:136 ] Epoch: [259/400][220/400] lr: 1.00e-04 | MSE loss: 5.8210e-03 | time: 0.167
I 06.01/02:46:55 solver.py:136 ] Epoch: [259/400][240/400] lr: 1.00e-04 | MSE loss: 5.8010e-03 | time: 0.162
I 06.01/02:46:57 solver.py:136 ] Epoch: [259/400][260/400] lr: 1.00e-04 | MSE loss: 5.8020e-03 | time: 0.159
I 06.01/02:47:00 solver.py:136 ] Epoch: [259/400][280/400] lr: 1.00e-04 | MSE loss: 5.7946e-03 | time: 0.158
I 06.01/02:47:05 solver.py:136 ] Epoch: [259/400][300/400] lr: 1.00e-04 | MSE loss: 5.8022e-03 | time: 0.165
I 06.01/02:47:09 solver.py:136 ] Epoch: [259/400][320/400] lr: 1.00e-04 | MSE loss: 5.7923e-03 | time: 0.166
I 06.01/02:47:12 solver.py:136 ] Epoch: [259/400][340/400] lr: 1.00e-04 | MSE loss: 5.7826e-03 | time: 0.166
I 06.01/02:47:15 solver.py:136 ] Epoch: [259/400][360/400] lr: 1.00e-04 | MSE loss: 5.7669e-03 | time: 0.165
I 06.01/02:47:18 solver.py:136 ] Epoch: [259/400][380/400] lr: 1.00e-04 | MSE loss: 5.7676e-03 | time: 0.164
I 06.01/02:47:21 solver.py:136 ] Epoch: [259/400][400/400] lr: 1.00e-04 | MSE loss: 5.7648e-03 | time: 0.164
I 06.01/02:47:21 solver.py:146 ] => Train  Loss: 5.7648e-03

I 06.01/02:47:24 solver.py:205 ] 
=! Best NMSE: -1.9218e+01 (epoch=250)

I 06.01/02:47:28 solver.py:136 ] Epoch: [260/400][20/400] lr: 9.99e-05 | MSE loss: 5.8049e-03 | time: 0.192
I 06.01/02:47:32 solver.py:136 ] Epoch: [260/400][40/400] lr: 9.99e-05 | MSE loss: 5.7336e-03 | time: 0.184
I 06.01/02:47:35 solver.py:136 ] Epoch: [260/400][60/400] lr: 9.99e-05 | MSE loss: 5.5446e-03 | time: 0.180
I 06.01/02:47:39 solver.py:136 ] Epoch: [260/400][80/400] lr: 9.98e-05 | MSE loss: 5.6984e-03 | time: 0.178
I 06.01/02:47:42 solver.py:136 ] Epoch: [260/400][100/400] lr: 9.98e-05 | MSE loss: 5.7439e-03 | time: 0.181
I 06.01/02:47:46 solver.py:136 ] Epoch: [260/400][120/400] lr: 9.98e-05 | MSE loss: 5.7554e-03 | time: 0.180
I 06.01/02:47:49 solver.py:136 ] Epoch: [260/400][140/400] lr: 9.97e-05 | MSE loss: 5.8018e-03 | time: 0.177
I 06.01/02:47:52 solver.py:136 ] Epoch: [260/400][160/400] lr: 9.97e-05 | MSE loss: 5.8230e-03 | time: 0.175
I 06.01/02:47:55 solver.py:136 ] Epoch: [260/400][180/400] lr: 9.97e-05 | MSE loss: 5.7961e-03 | time: 0.172
I 06.01/02:47:59 solver.py:136 ] Epoch: [260/400][200/400] lr: 9.97e-05 | MSE loss: 5.8009e-03 | time: 0.175
I 06.01/02:48:05 solver.py:136 ] Epoch: [260/400][220/400] lr: 9.96e-05 | MSE loss: 5.8162e-03 | time: 0.186
I 06.01/02:48:08 solver.py:136 ] Epoch: [260/400][240/400] lr: 9.96e-05 | MSE loss: 5.7849e-03 | time: 0.182
I 06.01/02:48:11 solver.py:136 ] Epoch: [260/400][260/400] lr: 9.96e-05 | MSE loss: 5.7939e-03 | time: 0.180
I 06.01/02:48:14 solver.py:136 ] Epoch: [260/400][280/400] lr: 9.95e-05 | MSE loss: 5.7831e-03 | time: 0.179
I 06.01/02:48:18 solver.py:136 ] Epoch: [260/400][300/400] lr: 9.95e-05 | MSE loss: 5.7872e-03 | time: 0.178
I 06.01/02:48:21 solver.py:136 ] Epoch: [260/400][320/400] lr: 9.95e-05 | MSE loss: 5.7992e-03 | time: 0.178
I 06.01/02:48:25 solver.py:136 ] Epoch: [260/400][340/400] lr: 9.94e-05 | MSE loss: 5.7722e-03 | time: 0.177
I 06.01/02:48:28 solver.py:136 ] Epoch: [260/400][360/400] lr: 9.94e-05 | MSE loss: 5.7818e-03 | time: 0.177
I 06.01/02:48:31 solver.py:136 ] Epoch: [260/400][380/400] lr: 9.94e-05 | MSE loss: 5.7713e-03 | time: 0.175
I 06.01/02:48:34 solver.py:136 ] Epoch: [260/400][400/400] lr: 9.93e-05 | MSE loss: 5.7557e-03 | time: 0.173
I 06.01/02:48:34 solver.py:146 ] => Train  Loss: 5.7557e-03

I 06.01/02:48:37 solver.py:136 ] Epoch: [260/400][20/50] lr: 9.93e-05 | MSE loss: 6.3170e-03 | time: 0.163
I 06.01/02:48:41 solver.py:136 ] Epoch: [260/400][40/50] lr: 9.93e-05 | MSE loss: 6.0818e-03 | time: 0.166
I 06.01/02:48:42 solver.py:146 ] => Val  Loss: 6.0292e-03

I 06.01/02:48:46 solver.py:287 ] [20/50] loss: 6.1251e-03 | NMSE: -1.9198e+01 | time: 0.172
I 06.01/02:48:49 solver.py:287 ] [40/50] loss: 6.0765e-03 | NMSE: -1.9210e+01 | time: 0.164
I 06.01/02:48:50 solver.py:291 ] => Test NMSE: -1.9249e+01

I 06.01/02:49:03 solver.py:205 ] 
=! Best NMSE: -1.9249e+01 (epoch=260)

I 06.01/02:49:08 solver.py:136 ] Epoch: [261/400][20/400] lr: 9.93e-05 | MSE loss: 5.6486e-03 | time: 0.248
I 06.01/02:49:11 solver.py:136 ] Epoch: [261/400][40/400] lr: 9.93e-05 | MSE loss: 5.5108e-03 | time: 0.197
I 06.01/02:49:14 solver.py:136 ] Epoch: [261/400][60/400] lr: 9.93e-05 | MSE loss: 5.5608e-03 | time: 0.188
I 06.01/02:49:17 solver.py:136 ] Epoch: [261/400][80/400] lr: 9.92e-05 | MSE loss: 5.7767e-03 | time: 0.179
I 06.01/02:49:20 solver.py:136 ] Epoch: [261/400][100/400] lr: 9.92e-05 | MSE loss: 5.8738e-03 | time: 0.174
I 06.01/02:49:23 solver.py:136 ] Epoch: [261/400][120/400] lr: 9.92e-05 | MSE loss: 5.8343e-03 | time: 0.170
I 06.01/02:49:27 solver.py:136 ] Epoch: [261/400][140/400] lr: 9.91e-05 | MSE loss: 5.7508e-03 | time: 0.170
I 06.01/02:49:30 solver.py:136 ] Epoch: [261/400][160/400] lr: 9.91e-05 | MSE loss: 5.6870e-03 | time: 0.169
I 06.01/02:49:33 solver.py:136 ] Epoch: [261/400][180/400] lr: 9.91e-05 | MSE loss: 5.7075e-03 | time: 0.168
I 06.01/02:49:37 solver.py:136 ] Epoch: [261/400][200/400] lr: 9.90e-05 | MSE loss: 5.7190e-03 | time: 0.169
I 06.01/02:49:40 solver.py:136 ] Epoch: [261/400][220/400] lr: 9.90e-05 | MSE loss: 5.7198e-03 | time: 0.170
I 06.01/02:49:44 solver.py:136 ] Epoch: [261/400][240/400] lr: 9.90e-05 | MSE loss: 5.7252e-03 | time: 0.170
I 06.01/02:49:47 solver.py:136 ] Epoch: [261/400][260/400] lr: 9.89e-05 | MSE loss: 5.7380e-03 | time: 0.170
I 06.01/02:49:50 solver.py:136 ] Epoch: [261/400][280/400] lr: 9.89e-05 | MSE loss: 5.7447e-03 | time: 0.167
I 06.01/02:49:52 solver.py:136 ] Epoch: [261/400][300/400] lr: 9.89e-05 | MSE loss: 5.7337e-03 | time: 0.165
I 06.01/02:49:56 solver.py:136 ] Epoch: [261/400][320/400] lr: 9.89e-05 | MSE loss: 5.7570e-03 | time: 0.166
I 06.01/02:49:59 solver.py:136 ] Epoch: [261/400][340/400] lr: 9.88e-05 | MSE loss: 5.7431e-03 | time: 0.166
I 06.01/02:50:04 solver.py:136 ] Epoch: [261/400][360/400] lr: 9.88e-05 | MSE loss: 5.7608e-03 | time: 0.171
I 06.01/02:50:08 solver.py:136 ] Epoch: [261/400][380/400] lr: 9.88e-05 | MSE loss: 5.7746e-03 | time: 0.171
I 06.01/02:50:11 solver.py:136 ] Epoch: [261/400][400/400] lr: 9.87e-05 | MSE loss: 5.7558e-03 | time: 0.171
I 06.01/02:50:11 solver.py:146 ] => Train  Loss: 5.7558e-03

I 06.01/02:50:16 solver.py:205 ] 
=! Best NMSE: -1.9249e+01 (epoch=260)

I 06.01/02:50:19 solver.py:136 ] Epoch: [262/400][20/400] lr: 9.87e-05 | MSE loss: 5.6758e-03 | time: 0.166
I 06.01/02:50:22 solver.py:136 ] Epoch: [262/400][40/400] lr: 9.87e-05 | MSE loss: 5.7326e-03 | time: 0.169
I 06.01/02:50:25 solver.py:136 ] Epoch: [262/400][60/400] lr: 9.86e-05 | MSE loss: 5.7509e-03 | time: 0.154
I 06.01/02:50:27 solver.py:136 ] Epoch: [262/400][80/400] lr: 9.86e-05 | MSE loss: 5.7980e-03 | time: 0.146
I 06.01/02:50:30 solver.py:136 ] Epoch: [262/400][100/400] lr: 9.86e-05 | MSE loss: 5.8019e-03 | time: 0.148
I 06.01/02:50:34 solver.py:136 ] Epoch: [262/400][120/400] lr: 9.86e-05 | MSE loss: 5.7467e-03 | time: 0.150
I 06.01/02:50:37 solver.py:136 ] Epoch: [262/400][140/400] lr: 9.85e-05 | MSE loss: 5.7686e-03 | time: 0.153
I 06.01/02:50:41 solver.py:136 ] Epoch: [262/400][160/400] lr: 9.85e-05 | MSE loss: 5.7719e-03 | time: 0.156
I 06.01/02:50:44 solver.py:136 ] Epoch: [262/400][180/400] lr: 9.85e-05 | MSE loss: 5.7887e-03 | time: 0.157
I 06.01/02:50:47 solver.py:136 ] Epoch: [262/400][200/400] lr: 9.84e-05 | MSE loss: 5.7747e-03 | time: 0.158
I 06.01/02:50:50 solver.py:136 ] Epoch: [262/400][220/400] lr: 9.84e-05 | MSE loss: 5.7416e-03 | time: 0.158
I 06.01/02:50:54 solver.py:136 ] Epoch: [262/400][240/400] lr: 9.84e-05 | MSE loss: 5.7487e-03 | time: 0.159
I 06.01/02:50:57 solver.py:136 ] Epoch: [262/400][260/400] lr: 9.83e-05 | MSE loss: 5.7934e-03 | time: 0.160
I 06.01/02:51:01 solver.py:136 ] Epoch: [262/400][280/400] lr: 9.83e-05 | MSE loss: 5.7639e-03 | time: 0.160
I 06.01/02:51:05 solver.py:136 ] Epoch: [262/400][300/400] lr: 9.83e-05 | MSE loss: 5.8157e-03 | time: 0.166
I 06.01/02:51:09 solver.py:136 ] Epoch: [262/400][320/400] lr: 9.82e-05 | MSE loss: 5.7930e-03 | time: 0.166
I 06.01/02:51:12 solver.py:136 ] Epoch: [262/400][340/400] lr: 9.82e-05 | MSE loss: 5.7798e-03 | time: 0.167
I 06.01/02:51:16 solver.py:136 ] Epoch: [262/400][360/400] lr: 9.82e-05 | MSE loss: 5.7874e-03 | time: 0.168
I 06.01/02:51:20 solver.py:136 ] Epoch: [262/400][380/400] lr: 9.82e-05 | MSE loss: 5.7600e-03 | time: 0.169
I 06.01/02:51:23 solver.py:136 ] Epoch: [262/400][400/400] lr: 9.81e-05 | MSE loss: 5.7562e-03 | time: 0.169
I 06.01/02:51:23 solver.py:146 ] => Train  Loss: 5.7562e-03

I 06.01/02:51:29 solver.py:205 ] 
=! Best NMSE: -1.9249e+01 (epoch=260)

I 06.01/02:51:32 solver.py:136 ] Epoch: [263/400][20/400] lr: 9.81e-05 | MSE loss: 5.7227e-03 | time: 0.170
I 06.01/02:51:36 solver.py:136 ] Epoch: [263/400][40/400] lr: 9.81e-05 | MSE loss: 5.6637e-03 | time: 0.170
I 06.01/02:51:38 solver.py:136 ] Epoch: [263/400][60/400] lr: 9.80e-05 | MSE loss: 5.7122e-03 | time: 0.159
I 06.01/02:51:41 solver.py:136 ] Epoch: [263/400][80/400] lr: 9.80e-05 | MSE loss: 5.7027e-03 | time: 0.156
I 06.01/02:51:44 solver.py:136 ] Epoch: [263/400][100/400] lr: 9.80e-05 | MSE loss: 5.5941e-03 | time: 0.157
I 06.01/02:51:47 solver.py:136 ] Epoch: [263/400][120/400] lr: 9.79e-05 | MSE loss: 5.6442e-03 | time: 0.155
I 06.01/02:51:50 solver.py:136 ] Epoch: [263/400][140/400] lr: 9.79e-05 | MSE loss: 5.6624e-03 | time: 0.155
I 06.01/02:51:54 solver.py:136 ] Epoch: [263/400][160/400] lr: 9.79e-05 | MSE loss: 5.6480e-03 | time: 0.157
I 06.01/02:51:57 solver.py:136 ] Epoch: [263/400][180/400] lr: 9.78e-05 | MSE loss: 5.6975e-03 | time: 0.158
I 06.01/02:52:00 solver.py:136 ] Epoch: [263/400][200/400] lr: 9.78e-05 | MSE loss: 5.7514e-03 | time: 0.157
I 06.01/02:52:05 solver.py:136 ] Epoch: [263/400][220/400] lr: 9.78e-05 | MSE loss: 5.7302e-03 | time: 0.167
I 06.01/02:52:09 solver.py:136 ] Epoch: [263/400][240/400] lr: 9.78e-05 | MSE loss: 5.7267e-03 | time: 0.167
I 06.01/02:52:12 solver.py:136 ] Epoch: [263/400][260/400] lr: 9.77e-05 | MSE loss: 5.7098e-03 | time: 0.167
I 06.01/02:52:15 solver.py:136 ] Epoch: [263/400][280/400] lr: 9.77e-05 | MSE loss: 5.7141e-03 | time: 0.165
I 06.01/02:52:18 solver.py:136 ] Epoch: [263/400][300/400] lr: 9.77e-05 | MSE loss: 5.7198e-03 | time: 0.163
I 06.01/02:52:21 solver.py:136 ] Epoch: [263/400][320/400] lr: 9.76e-05 | MSE loss: 5.7310e-03 | time: 0.163
I 06.01/02:52:24 solver.py:136 ] Epoch: [263/400][340/400] lr: 9.76e-05 | MSE loss: 5.7268e-03 | time: 0.164
I 06.01/02:52:28 solver.py:136 ] Epoch: [263/400][360/400] lr: 9.76e-05 | MSE loss: 5.7242e-03 | time: 0.164
I 06.01/02:52:31 solver.py:136 ] Epoch: [263/400][380/400] lr: 9.75e-05 | MSE loss: 5.7318e-03 | time: 0.165
I 06.01/02:52:35 solver.py:136 ] Epoch: [263/400][400/400] lr: 9.75e-05 | MSE loss: 5.7498e-03 | time: 0.166
I 06.01/02:52:35 solver.py:146 ] => Train  Loss: 5.7498e-03

I 06.01/02:52:42 solver.py:205 ] 
=! Best NMSE: -1.9249e+01 (epoch=260)

I 06.01/02:52:45 solver.py:136 ] Epoch: [264/400][20/400] lr: 9.75e-05 | MSE loss: 5.6168e-03 | time: 0.172
I 06.01/02:52:48 solver.py:136 ] Epoch: [264/400][40/400] lr: 9.75e-05 | MSE loss: 5.5982e-03 | time: 0.167
I 06.01/02:52:52 solver.py:136 ] Epoch: [264/400][60/400] lr: 9.74e-05 | MSE loss: 5.7882e-03 | time: 0.167
I 06.01/02:52:55 solver.py:136 ] Epoch: [264/400][80/400] lr: 9.74e-05 | MSE loss: 5.7985e-03 | time: 0.164
I 06.01/02:52:58 solver.py:136 ] Epoch: [264/400][100/400] lr: 9.74e-05 | MSE loss: 5.8022e-03 | time: 0.164
I 06.01/02:53:02 solver.py:136 ] Epoch: [264/400][120/400] lr: 9.73e-05 | MSE loss: 5.7844e-03 | time: 0.167
I 06.01/02:53:06 solver.py:136 ] Epoch: [264/400][140/400] lr: 9.73e-05 | MSE loss: 5.7552e-03 | time: 0.175
I 06.01/02:53:09 solver.py:136 ] Epoch: [264/400][160/400] lr: 9.73e-05 | MSE loss: 5.7349e-03 | time: 0.172
I 06.01/02:53:12 solver.py:136 ] Epoch: [264/400][180/400] lr: 9.72e-05 | MSE loss: 5.7532e-03 | time: 0.171
I 06.01/02:53:15 solver.py:136 ] Epoch: [264/400][200/400] lr: 9.72e-05 | MSE loss: 5.7452e-03 | time: 0.169
I 06.01/02:53:19 solver.py:136 ] Epoch: [264/400][220/400] lr: 9.72e-05 | MSE loss: 5.7300e-03 | time: 0.169
I 06.01/02:53:22 solver.py:136 ] Epoch: [264/400][240/400] lr: 9.71e-05 | MSE loss: 5.7248e-03 | time: 0.170
I 06.01/02:53:26 solver.py:136 ] Epoch: [264/400][260/400] lr: 9.71e-05 | MSE loss: 5.7179e-03 | time: 0.170
I 06.01/02:53:29 solver.py:136 ] Epoch: [264/400][280/400] lr: 9.71e-05 | MSE loss: 5.7036e-03 | time: 0.169
I 06.01/02:53:31 solver.py:136 ] Epoch: [264/400][300/400] lr: 9.71e-05 | MSE loss: 5.7031e-03 | time: 0.166
I 06.01/02:53:35 solver.py:136 ] Epoch: [264/400][320/400] lr: 9.70e-05 | MSE loss: 5.7004e-03 | time: 0.167
I 06.01/02:53:39 solver.py:136 ] Epoch: [264/400][340/400] lr: 9.70e-05 | MSE loss: 5.6974e-03 | time: 0.168
I 06.01/02:53:42 solver.py:136 ] Epoch: [264/400][360/400] lr: 9.70e-05 | MSE loss: 5.7213e-03 | time: 0.168
I 06.01/02:53:46 solver.py:136 ] Epoch: [264/400][380/400] lr: 9.69e-05 | MSE loss: 5.7353e-03 | time: 0.169
I 06.01/02:53:49 solver.py:136 ] Epoch: [264/400][400/400] lr: 9.69e-05 | MSE loss: 5.7471e-03 | time: 0.169
I 06.01/02:53:49 solver.py:146 ] => Train  Loss: 5.7471e-03

I 06.01/02:53:54 solver.py:205 ] 
=! Best NMSE: -1.9249e+01 (epoch=260)

I 06.01/02:53:58 solver.py:136 ] Epoch: [265/400][20/400] lr: 9.69e-05 | MSE loss: 5.3131e-03 | time: 0.176
I 06.01/02:54:02 solver.py:136 ] Epoch: [265/400][40/400] lr: 9.68e-05 | MSE loss: 5.6792e-03 | time: 0.192
I 06.01/02:54:07 solver.py:136 ] Epoch: [265/400][60/400] lr: 9.68e-05 | MSE loss: 5.8272e-03 | time: 0.209
I 06.01/02:54:10 solver.py:136 ] Epoch: [265/400][80/400] lr: 9.68e-05 | MSE loss: 5.8397e-03 | time: 0.197
I 06.01/02:54:13 solver.py:136 ] Epoch: [265/400][100/400] lr: 9.68e-05 | MSE loss: 5.8242e-03 | time: 0.186
I 06.01/02:54:16 solver.py:136 ] Epoch: [265/400][120/400] lr: 9.67e-05 | MSE loss: 5.8360e-03 | time: 0.179
I 06.01/02:54:19 solver.py:136 ] Epoch: [265/400][140/400] lr: 9.67e-05 | MSE loss: 5.7972e-03 | time: 0.174
I 06.01/02:54:22 solver.py:136 ] Epoch: [265/400][160/400] lr: 9.67e-05 | MSE loss: 5.7752e-03 | time: 0.172
I 06.01/02:54:25 solver.py:136 ] Epoch: [265/400][180/400] lr: 9.66e-05 | MSE loss: 5.7868e-03 | time: 0.171
I 06.01/02:54:28 solver.py:136 ] Epoch: [265/400][200/400] lr: 9.66e-05 | MSE loss: 5.7909e-03 | time: 0.170
I 06.01/02:54:32 solver.py:136 ] Epoch: [265/400][220/400] lr: 9.66e-05 | MSE loss: 5.7762e-03 | time: 0.171
I 06.01/02:54:35 solver.py:136 ] Epoch: [265/400][240/400] lr: 9.65e-05 | MSE loss: 5.7634e-03 | time: 0.171
I 06.01/02:54:39 solver.py:136 ] Epoch: [265/400][260/400] lr: 9.65e-05 | MSE loss: 5.7586e-03 | time: 0.172
I 06.01/02:54:42 solver.py:136 ] Epoch: [265/400][280/400] lr: 9.65e-05 | MSE loss: 5.7665e-03 | time: 0.171
I 06.01/02:54:44 solver.py:136 ] Epoch: [265/400][300/400] lr: 9.64e-05 | MSE loss: 5.7481e-03 | time: 0.167
I 06.01/02:54:47 solver.py:136 ] Epoch: [265/400][320/400] lr: 9.64e-05 | MSE loss: 5.7545e-03 | time: 0.164
I 06.01/02:54:50 solver.py:136 ] Epoch: [265/400][340/400] lr: 9.64e-05 | MSE loss: 5.7404e-03 | time: 0.164
I 06.01/02:54:54 solver.py:136 ] Epoch: [265/400][360/400] lr: 9.64e-05 | MSE loss: 5.7277e-03 | time: 0.165
I 06.01/02:54:57 solver.py:136 ] Epoch: [265/400][380/400] lr: 9.63e-05 | MSE loss: 5.7472e-03 | time: 0.166
I 06.01/02:55:01 solver.py:136 ] Epoch: [265/400][400/400] lr: 9.63e-05 | MSE loss: 5.7409e-03 | time: 0.167
I 06.01/02:55:01 solver.py:146 ] => Train  Loss: 5.7409e-03

I 06.01/02:55:05 solver.py:205 ] 
=! Best NMSE: -1.9249e+01 (epoch=260)

I 06.01/02:55:08 solver.py:136 ] Epoch: [266/400][20/400] lr: 9.63e-05 | MSE loss: 5.4796e-03 | time: 0.190
I 06.01/02:55:11 solver.py:136 ] Epoch: [266/400][40/400] lr: 9.62e-05 | MSE loss: 5.5653e-03 | time: 0.165
I 06.01/02:55:14 solver.py:136 ] Epoch: [266/400][60/400] lr: 9.62e-05 | MSE loss: 5.5076e-03 | time: 0.165
I 06.01/02:55:18 solver.py:136 ] Epoch: [266/400][80/400] lr: 9.62e-05 | MSE loss: 5.5835e-03 | time: 0.163
I 06.01/02:55:21 solver.py:136 ] Epoch: [266/400][100/400] lr: 9.61e-05 | MSE loss: 5.6422e-03 | time: 0.163
I 06.01/02:55:24 solver.py:136 ] Epoch: [266/400][120/400] lr: 9.61e-05 | MSE loss: 5.6858e-03 | time: 0.160
I 06.01/02:55:27 solver.py:136 ] Epoch: [266/400][140/400] lr: 9.61e-05 | MSE loss: 5.7307e-03 | time: 0.159
I 06.01/02:55:29 solver.py:136 ] Epoch: [266/400][160/400] lr: 9.61e-05 | MSE loss: 5.7626e-03 | time: 0.155
I 06.01/02:55:33 solver.py:136 ] Epoch: [266/400][180/400] lr: 9.60e-05 | MSE loss: 5.7224e-03 | time: 0.157
I 06.01/02:55:36 solver.py:136 ] Epoch: [266/400][200/400] lr: 9.60e-05 | MSE loss: 5.7613e-03 | time: 0.158
I 06.01/02:55:40 solver.py:136 ] Epoch: [266/400][220/400] lr: 9.60e-05 | MSE loss: 5.7740e-03 | time: 0.159
I 06.01/02:55:43 solver.py:136 ] Epoch: [266/400][240/400] lr: 9.59e-05 | MSE loss: 5.7757e-03 | time: 0.160
I 06.01/02:55:46 solver.py:136 ] Epoch: [266/400][260/400] lr: 9.59e-05 | MSE loss: 5.7769e-03 | time: 0.161
I 06.01/02:55:50 solver.py:136 ] Epoch: [266/400][280/400] lr: 9.59e-05 | MSE loss: 5.7742e-03 | time: 0.162
I 06.01/02:55:53 solver.py:136 ] Epoch: [266/400][300/400] lr: 9.58e-05 | MSE loss: 5.7555e-03 | time: 0.162
I 06.01/02:55:57 solver.py:136 ] Epoch: [266/400][320/400] lr: 9.58e-05 | MSE loss: 5.7482e-03 | time: 0.163
I 06.01/02:56:00 solver.py:136 ] Epoch: [266/400][340/400] lr: 9.58e-05 | MSE loss: 5.7480e-03 | time: 0.162
I 06.01/02:56:04 solver.py:136 ] Epoch: [266/400][360/400] lr: 9.58e-05 | MSE loss: 5.7292e-03 | time: 0.164
I 06.01/02:56:07 solver.py:136 ] Epoch: [266/400][380/400] lr: 9.57e-05 | MSE loss: 5.7379e-03 | time: 0.165
I 06.01/02:56:11 solver.py:136 ] Epoch: [266/400][400/400] lr: 9.57e-05 | MSE loss: 5.7380e-03 | time: 0.165
I 06.01/02:56:11 solver.py:146 ] => Train  Loss: 5.7380e-03

I 06.01/02:56:15 solver.py:205 ] 
=! Best NMSE: -1.9249e+01 (epoch=260)

I 06.01/02:56:19 solver.py:136 ] Epoch: [267/400][20/400] lr: 9.57e-05 | MSE loss: 6.0094e-03 | time: 0.185
I 06.01/02:56:22 solver.py:136 ] Epoch: [267/400][40/400] lr: 9.56e-05 | MSE loss: 5.8178e-03 | time: 0.179
I 06.01/02:56:25 solver.py:136 ] Epoch: [267/400][60/400] lr: 9.56e-05 | MSE loss: 5.6635e-03 | time: 0.173
I 06.01/02:56:29 solver.py:136 ] Epoch: [267/400][80/400] lr: 9.56e-05 | MSE loss: 5.5724e-03 | time: 0.172
I 06.01/02:56:32 solver.py:136 ] Epoch: [267/400][100/400] lr: 9.55e-05 | MSE loss: 5.6358e-03 | time: 0.174
I 06.01/02:56:36 solver.py:136 ] Epoch: [267/400][120/400] lr: 9.55e-05 | MSE loss: 5.6864e-03 | time: 0.173
I 06.01/02:56:39 solver.py:136 ] Epoch: [267/400][140/400] lr: 9.55e-05 | MSE loss: 5.6578e-03 | time: 0.173
I 06.01/02:56:42 solver.py:136 ] Epoch: [267/400][160/400] lr: 9.55e-05 | MSE loss: 5.7003e-03 | time: 0.172
I 06.01/02:56:46 solver.py:136 ] Epoch: [267/400][180/400] lr: 9.54e-05 | MSE loss: 5.6795e-03 | time: 0.172
I 06.01/02:56:49 solver.py:136 ] Epoch: [267/400][200/400] lr: 9.54e-05 | MSE loss: 5.6844e-03 | time: 0.171
I 06.01/02:56:52 solver.py:136 ] Epoch: [267/400][220/400] lr: 9.54e-05 | MSE loss: 5.7144e-03 | time: 0.171
I 06.01/02:56:56 solver.py:136 ] Epoch: [267/400][240/400] lr: 9.53e-05 | MSE loss: 5.7182e-03 | time: 0.170
I 06.01/02:56:59 solver.py:136 ] Epoch: [267/400][260/400] lr: 9.53e-05 | MSE loss: 5.6907e-03 | time: 0.168
I 06.01/02:57:03 solver.py:136 ] Epoch: [267/400][280/400] lr: 9.53e-05 | MSE loss: 5.6736e-03 | time: 0.171
I 06.01/02:57:07 solver.py:136 ] Epoch: [267/400][300/400] lr: 9.52e-05 | MSE loss: 5.6752e-03 | time: 0.174
I 06.01/02:57:10 solver.py:136 ] Epoch: [267/400][320/400] lr: 9.52e-05 | MSE loss: 5.7124e-03 | time: 0.174
I 06.01/02:57:14 solver.py:136 ] Epoch: [267/400][340/400] lr: 9.52e-05 | MSE loss: 5.7173e-03 | time: 0.173
I 06.01/02:57:16 solver.py:136 ] Epoch: [267/400][360/400] lr: 9.52e-05 | MSE loss: 5.7360e-03 | time: 0.170
I 06.01/02:57:19 solver.py:136 ] Epoch: [267/400][380/400] lr: 9.51e-05 | MSE loss: 5.7459e-03 | time: 0.169
I 06.01/02:57:22 solver.py:136 ] Epoch: [267/400][400/400] lr: 9.51e-05 | MSE loss: 5.7397e-03 | time: 0.169
I 06.01/02:57:22 solver.py:146 ] => Train  Loss: 5.7397e-03

I 06.01/02:57:27 solver.py:205 ] 
=! Best NMSE: -1.9249e+01 (epoch=260)

I 06.01/02:57:31 solver.py:136 ] Epoch: [268/400][20/400] lr: 9.51e-05 | MSE loss: 5.4971e-03 | time: 0.198
I 06.01/02:57:34 solver.py:136 ] Epoch: [268/400][40/400] lr: 9.50e-05 | MSE loss: 5.6393e-03 | time: 0.186
I 06.01/02:57:38 solver.py:136 ] Epoch: [268/400][60/400] lr: 9.50e-05 | MSE loss: 5.5447e-03 | time: 0.182
I 06.01/02:57:41 solver.py:136 ] Epoch: [268/400][80/400] lr: 9.50e-05 | MSE loss: 5.6000e-03 | time: 0.182
I 06.01/02:57:45 solver.py:136 ] Epoch: [268/400][100/400] lr: 9.49e-05 | MSE loss: 5.6896e-03 | time: 0.181
I 06.01/02:57:48 solver.py:136 ] Epoch: [268/400][120/400] lr: 9.49e-05 | MSE loss: 5.7359e-03 | time: 0.177
I 06.01/02:57:51 solver.py:136 ] Epoch: [268/400][140/400] lr: 9.49e-05 | MSE loss: 5.6856e-03 | time: 0.174
I 06.01/02:57:54 solver.py:136 ] Epoch: [268/400][160/400] lr: 9.49e-05 | MSE loss: 5.7325e-03 | time: 0.170
I 06.01/02:57:57 solver.py:136 ] Epoch: [268/400][180/400] lr: 9.48e-05 | MSE loss: 5.7062e-03 | time: 0.165
I 06.01/02:57:59 solver.py:136 ] Epoch: [268/400][200/400] lr: 9.48e-05 | MSE loss: 5.7149e-03 | time: 0.162
I 06.01/02:58:04 solver.py:136 ] Epoch: [268/400][220/400] lr: 9.48e-05 | MSE loss: 5.7173e-03 | time: 0.171
I 06.01/02:58:08 solver.py:136 ] Epoch: [268/400][240/400] lr: 9.47e-05 | MSE loss: 5.7406e-03 | time: 0.171
I 06.01/02:58:11 solver.py:136 ] Epoch: [268/400][260/400] lr: 9.47e-05 | MSE loss: 5.7241e-03 | time: 0.170
I 06.01/02:58:14 solver.py:136 ] Epoch: [268/400][280/400] lr: 9.47e-05 | MSE loss: 5.7027e-03 | time: 0.169
I 06.01/02:58:17 solver.py:136 ] Epoch: [268/400][300/400] lr: 9.46e-05 | MSE loss: 5.6856e-03 | time: 0.169
I 06.01/02:58:21 solver.py:136 ] Epoch: [268/400][320/400] lr: 9.46e-05 | MSE loss: 5.7105e-03 | time: 0.170
I 06.01/02:58:25 solver.py:136 ] Epoch: [268/400][340/400] lr: 9.46e-05 | MSE loss: 5.7276e-03 | time: 0.170
I 06.01/02:58:28 solver.py:136 ] Epoch: [268/400][360/400] lr: 9.46e-05 | MSE loss: 5.7381e-03 | time: 0.170
I 06.01/02:58:31 solver.py:136 ] Epoch: [268/400][380/400] lr: 9.45e-05 | MSE loss: 5.7434e-03 | time: 0.168
I 06.01/02:58:33 solver.py:136 ] Epoch: [268/400][400/400] lr: 9.45e-05 | MSE loss: 5.7326e-03 | time: 0.167
I 06.01/02:58:34 solver.py:146 ] => Train  Loss: 5.7326e-03

I 06.01/02:58:39 solver.py:205 ] 
=! Best NMSE: -1.9249e+01 (epoch=260)

I 06.01/02:58:42 solver.py:136 ] Epoch: [269/400][20/400] lr: 9.45e-05 | MSE loss: 5.5510e-03 | time: 0.189
I 06.01/02:58:46 solver.py:136 ] Epoch: [269/400][40/400] lr: 9.44e-05 | MSE loss: 5.6741e-03 | time: 0.185
I 06.01/02:58:49 solver.py:136 ] Epoch: [269/400][60/400] lr: 9.44e-05 | MSE loss: 5.7539e-03 | time: 0.177
I 06.01/02:58:53 solver.py:136 ] Epoch: [269/400][80/400] lr: 9.44e-05 | MSE loss: 5.7355e-03 | time: 0.174
I 06.01/02:58:56 solver.py:136 ] Epoch: [269/400][100/400] lr: 9.43e-05 | MSE loss: 5.7965e-03 | time: 0.175
I 06.01/02:58:59 solver.py:136 ] Epoch: [269/400][120/400] lr: 9.43e-05 | MSE loss: 5.7434e-03 | time: 0.171
I 06.01/02:59:04 solver.py:136 ] Epoch: [269/400][140/400] lr: 9.43e-05 | MSE loss: 5.7482e-03 | time: 0.183
I 06.01/02:59:08 solver.py:136 ] Epoch: [269/400][160/400] lr: 9.43e-05 | MSE loss: 5.7044e-03 | time: 0.182
I 06.01/02:59:11 solver.py:136 ] Epoch: [269/400][180/400] lr: 9.42e-05 | MSE loss: 5.7013e-03 | time: 0.182
I 06.01/02:59:14 solver.py:136 ] Epoch: [269/400][200/400] lr: 9.42e-05 | MSE loss: 5.6759e-03 | time: 0.177
I 06.01/02:59:17 solver.py:136 ] Epoch: [269/400][220/400] lr: 9.42e-05 | MSE loss: 5.6795e-03 | time: 0.175
I 06.01/02:59:21 solver.py:136 ] Epoch: [269/400][240/400] lr: 9.41e-05 | MSE loss: 5.6618e-03 | time: 0.175
I 06.01/02:59:24 solver.py:136 ] Epoch: [269/400][260/400] lr: 9.41e-05 | MSE loss: 5.7145e-03 | time: 0.176
I 06.01/02:59:27 solver.py:136 ] Epoch: [269/400][280/400] lr: 9.41e-05 | MSE loss: 5.6960e-03 | time: 0.173
I 06.01/02:59:30 solver.py:136 ] Epoch: [269/400][300/400] lr: 9.40e-05 | MSE loss: 5.7194e-03 | time: 0.170
I 06.01/02:59:33 solver.py:136 ] Epoch: [269/400][320/400] lr: 9.40e-05 | MSE loss: 5.7392e-03 | time: 0.169
I 06.01/02:59:36 solver.py:136 ] Epoch: [269/400][340/400] lr: 9.40e-05 | MSE loss: 5.7318e-03 | time: 0.169
I 06.01/02:59:39 solver.py:136 ] Epoch: [269/400][360/400] lr: 9.40e-05 | MSE loss: 5.7308e-03 | time: 0.169
I 06.01/02:59:43 solver.py:136 ] Epoch: [269/400][380/400] lr: 9.39e-05 | MSE loss: 5.7283e-03 | time: 0.168
I 06.01/02:59:45 solver.py:136 ] Epoch: [269/400][400/400] lr: 9.39e-05 | MSE loss: 5.7348e-03 | time: 0.166
I 06.01/02:59:45 solver.py:146 ] => Train  Loss: 5.7348e-03

I 06.01/02:59:50 solver.py:205 ] 
=! Best NMSE: -1.9249e+01 (epoch=260)

I 06.01/02:59:53 solver.py:136 ] Epoch: [270/400][20/400] lr: 9.39e-05 | MSE loss: 5.7364e-03 | time: 0.176
I 06.01/02:59:57 solver.py:136 ] Epoch: [270/400][40/400] lr: 9.38e-05 | MSE loss: 5.9458e-03 | time: 0.171
I 06.01/03:00:00 solver.py:136 ] Epoch: [270/400][60/400] lr: 9.38e-05 | MSE loss: 5.8514e-03 | time: 0.166
I 06.01/03:00:05 solver.py:136 ] Epoch: [270/400][80/400] lr: 9.38e-05 | MSE loss: 5.7566e-03 | time: 0.189
I 06.01/03:00:08 solver.py:136 ] Epoch: [270/400][100/400] lr: 9.37e-05 | MSE loss: 5.7524e-03 | time: 0.184
I 06.01/03:00:11 solver.py:136 ] Epoch: [270/400][120/400] lr: 9.37e-05 | MSE loss: 5.7862e-03 | time: 0.177
I 06.01/03:00:15 solver.py:136 ] Epoch: [270/400][140/400] lr: 9.37e-05 | MSE loss: 5.7298e-03 | time: 0.179
I 06.01/03:00:18 solver.py:136 ] Epoch: [270/400][160/400] lr: 9.37e-05 | MSE loss: 5.7079e-03 | time: 0.179
I 06.01/03:00:22 solver.py:136 ] Epoch: [270/400][180/400] lr: 9.36e-05 | MSE loss: 5.7158e-03 | time: 0.178
I 06.01/03:00:25 solver.py:136 ] Epoch: [270/400][200/400] lr: 9.36e-05 | MSE loss: 5.7101e-03 | time: 0.176
I 06.01/03:00:28 solver.py:136 ] Epoch: [270/400][220/400] lr: 9.36e-05 | MSE loss: 5.7037e-03 | time: 0.175
I 06.01/03:00:32 solver.py:136 ] Epoch: [270/400][240/400] lr: 9.35e-05 | MSE loss: 5.7104e-03 | time: 0.175
I 06.01/03:00:35 solver.py:136 ] Epoch: [270/400][260/400] lr: 9.35e-05 | MSE loss: 5.7130e-03 | time: 0.175
I 06.01/03:00:39 solver.py:136 ] Epoch: [270/400][280/400] lr: 9.35e-05 | MSE loss: 5.7029e-03 | time: 0.175
I 06.01/03:00:42 solver.py:136 ] Epoch: [270/400][300/400] lr: 9.35e-05 | MSE loss: 5.6989e-03 | time: 0.174
I 06.01/03:00:45 solver.py:136 ] Epoch: [270/400][320/400] lr: 9.34e-05 | MSE loss: 5.7039e-03 | time: 0.172
I 06.01/03:00:48 solver.py:136 ] Epoch: [270/400][340/400] lr: 9.34e-05 | MSE loss: 5.7120e-03 | time: 0.170
I 06.01/03:00:51 solver.py:136 ] Epoch: [270/400][360/400] lr: 9.34e-05 | MSE loss: 5.7216e-03 | time: 0.170
I 06.01/03:00:55 solver.py:136 ] Epoch: [270/400][380/400] lr: 9.33e-05 | MSE loss: 5.7358e-03 | time: 0.171
I 06.01/03:00:58 solver.py:136 ] Epoch: [270/400][400/400] lr: 9.33e-05 | MSE loss: 5.7292e-03 | time: 0.170
I 06.01/03:00:58 solver.py:146 ] => Train  Loss: 5.7292e-03

I 06.01/03:01:01 solver.py:136 ] Epoch: [270/400][20/50] lr: 9.33e-05 | MSE loss: 6.2992e-03 | time: 0.161
I 06.01/03:01:06 solver.py:136 ] Epoch: [270/400][40/50] lr: 9.33e-05 | MSE loss: 6.0581e-03 | time: 0.211
I 06.01/03:01:08 solver.py:146 ] => Val  Loss: 6.0054e-03

I 06.01/03:01:11 solver.py:287 ] [20/50] loss: 6.0963e-03 | NMSE: -1.9219e+01 | time: 0.167
I 06.01/03:01:14 solver.py:287 ] [40/50] loss: 6.0487e-03 | NMSE: -1.9231e+01 | time: 0.163
I 06.01/03:01:15 solver.py:291 ] => Test NMSE: -1.9270e+01

I 06.01/03:01:22 solver.py:205 ] 
=! Best NMSE: -1.9270e+01 (epoch=270)

I 06.01/03:01:26 solver.py:136 ] Epoch: [271/400][20/400] lr: 9.33e-05 | MSE loss: 5.7129e-03 | time: 0.188
I 06.01/03:01:30 solver.py:136 ] Epoch: [271/400][40/400] lr: 9.32e-05 | MSE loss: 5.6935e-03 | time: 0.182
I 06.01/03:01:33 solver.py:136 ] Epoch: [271/400][60/400] lr: 9.32e-05 | MSE loss: 5.6417e-03 | time: 0.177
I 06.01/03:01:36 solver.py:136 ] Epoch: [271/400][80/400] lr: 9.32e-05 | MSE loss: 5.6228e-03 | time: 0.171
I 06.01/03:01:39 solver.py:136 ] Epoch: [271/400][100/400] lr: 9.32e-05 | MSE loss: 5.5926e-03 | time: 0.170
I 06.01/03:01:43 solver.py:136 ] Epoch: [271/400][120/400] lr: 9.31e-05 | MSE loss: 5.6860e-03 | time: 0.171
I 06.01/03:01:47 solver.py:136 ] Epoch: [271/400][140/400] lr: 9.31e-05 | MSE loss: 5.6845e-03 | time: 0.173
I 06.01/03:01:50 solver.py:136 ] Epoch: [271/400][160/400] lr: 9.31e-05 | MSE loss: 5.6195e-03 | time: 0.174
I 06.01/03:01:54 solver.py:136 ] Epoch: [271/400][180/400] lr: 9.30e-05 | MSE loss: 5.6658e-03 | time: 0.172
I 06.01/03:01:57 solver.py:136 ] Epoch: [271/400][200/400] lr: 9.30e-05 | MSE loss: 5.6865e-03 | time: 0.170
I 06.01/03:01:59 solver.py:136 ] Epoch: [271/400][220/400] lr: 9.30e-05 | MSE loss: 5.6605e-03 | time: 0.168
I 06.01/03:02:05 solver.py:136 ] Epoch: [271/400][240/400] lr: 9.29e-05 | MSE loss: 5.6435e-03 | time: 0.176
I 06.01/03:02:08 solver.py:136 ] Epoch: [271/400][260/400] lr: 9.29e-05 | MSE loss: 5.6698e-03 | time: 0.175
I 06.01/03:02:12 solver.py:136 ] Epoch: [271/400][280/400] lr: 9.29e-05 | MSE loss: 5.7036e-03 | time: 0.175
I 06.01/03:02:15 solver.py:136 ] Epoch: [271/400][300/400] lr: 9.29e-05 | MSE loss: 5.6862e-03 | time: 0.174
I 06.01/03:02:18 solver.py:136 ] Epoch: [271/400][320/400] lr: 9.28e-05 | MSE loss: 5.6840e-03 | time: 0.172
I 06.01/03:02:21 solver.py:136 ] Epoch: [271/400][340/400] lr: 9.28e-05 | MSE loss: 5.7020e-03 | time: 0.172
I 06.01/03:02:25 solver.py:136 ] Epoch: [271/400][360/400] lr: 9.28e-05 | MSE loss: 5.7177e-03 | time: 0.172
I 06.01/03:02:28 solver.py:136 ] Epoch: [271/400][380/400] lr: 9.27e-05 | MSE loss: 5.7297e-03 | time: 0.172
I 06.01/03:02:31 solver.py:136 ] Epoch: [271/400][400/400] lr: 9.27e-05 | MSE loss: 5.7239e-03 | time: 0.171
I 06.01/03:02:31 solver.py:146 ] => Train  Loss: 5.7239e-03

I 06.01/03:02:36 solver.py:205 ] 
=! Best NMSE: -1.9270e+01 (epoch=270)

I 06.01/03:02:39 solver.py:136 ] Epoch: [272/400][20/400] lr: 9.27e-05 | MSE loss: 5.6054e-03 | time: 0.183
I 06.01/03:02:43 solver.py:136 ] Epoch: [272/400][40/400] lr: 9.27e-05 | MSE loss: 5.7563e-03 | time: 0.180
I 06.01/03:02:46 solver.py:136 ] Epoch: [272/400][60/400] lr: 9.26e-05 | MSE loss: 5.6189e-03 | time: 0.170
I 06.01/03:02:49 solver.py:136 ] Epoch: [272/400][80/400] lr: 9.26e-05 | MSE loss: 5.6292e-03 | time: 0.164
I 06.01/03:02:52 solver.py:136 ] Epoch: [272/400][100/400] lr: 9.26e-05 | MSE loss: 5.6266e-03 | time: 0.166
I 06.01/03:02:56 solver.py:136 ] Epoch: [272/400][120/400] lr: 9.25e-05 | MSE loss: 5.6335e-03 | time: 0.167
I 06.01/03:02:59 solver.py:136 ] Epoch: [272/400][140/400] lr: 9.25e-05 | MSE loss: 5.6323e-03 | time: 0.168
I 06.01/03:03:05 solver.py:136 ] Epoch: [272/400][160/400] lr: 9.25e-05 | MSE loss: 5.6269e-03 | time: 0.183
I 06.01/03:03:08 solver.py:136 ] Epoch: [272/400][180/400] lr: 9.24e-05 | MSE loss: 5.6549e-03 | time: 0.182
I 06.01/03:03:11 solver.py:136 ] Epoch: [272/400][200/400] lr: 9.24e-05 | MSE loss: 5.6733e-03 | time: 0.179
I 06.01/03:03:14 solver.py:136 ] Epoch: [272/400][220/400] lr: 9.24e-05 | MSE loss: 5.6656e-03 | time: 0.175
I 06.01/03:03:17 solver.py:136 ] Epoch: [272/400][240/400] lr: 9.24e-05 | MSE loss: 5.6857e-03 | time: 0.174
I 06.01/03:03:21 solver.py:136 ] Epoch: [272/400][260/400] lr: 9.23e-05 | MSE loss: 5.7202e-03 | time: 0.173
I 06.01/03:03:24 solver.py:136 ] Epoch: [272/400][280/400] lr: 9.23e-05 | MSE loss: 5.7162e-03 | time: 0.175
I 06.01/03:03:28 solver.py:136 ] Epoch: [272/400][300/400] lr: 9.23e-05 | MSE loss: 5.7047e-03 | time: 0.174
I 06.01/03:03:31 solver.py:136 ] Epoch: [272/400][320/400] lr: 9.22e-05 | MSE loss: 5.7000e-03 | time: 0.173
I 06.01/03:03:34 solver.py:136 ] Epoch: [272/400][340/400] lr: 9.22e-05 | MSE loss: 5.6997e-03 | time: 0.172
I 06.01/03:03:37 solver.py:136 ] Epoch: [272/400][360/400] lr: 9.22e-05 | MSE loss: 5.6802e-03 | time: 0.172
I 06.01/03:03:40 solver.py:136 ] Epoch: [272/400][380/400] lr: 9.22e-05 | MSE loss: 5.7020e-03 | time: 0.170
I 06.01/03:03:44 solver.py:136 ] Epoch: [272/400][400/400] lr: 9.21e-05 | MSE loss: 5.7283e-03 | time: 0.171
I 06.01/03:03:44 solver.py:146 ] => Train  Loss: 5.7283e-03

I 06.01/03:03:48 solver.py:205 ] 
=! Best NMSE: -1.9270e+01 (epoch=270)

I 06.01/03:03:52 solver.py:136 ] Epoch: [273/400][20/400] lr: 9.21e-05 | MSE loss: 5.4277e-03 | time: 0.176
I 06.01/03:03:55 solver.py:136 ] Epoch: [273/400][40/400] lr: 9.21e-05 | MSE loss: 5.2947e-03 | time: 0.169
I 06.01/03:03:58 solver.py:136 ] Epoch: [273/400][60/400] lr: 9.20e-05 | MSE loss: 5.6682e-03 | time: 0.167
I 06.01/03:04:02 solver.py:136 ] Epoch: [273/400][80/400] lr: 9.20e-05 | MSE loss: 5.7245e-03 | time: 0.170
I 06.01/03:04:06 solver.py:136 ] Epoch: [273/400][100/400] lr: 9.20e-05 | MSE loss: 5.6779e-03 | time: 0.182
I 06.01/03:04:10 solver.py:136 ] Epoch: [273/400][120/400] lr: 9.19e-05 | MSE loss: 5.6533e-03 | time: 0.179
I 06.01/03:04:13 solver.py:136 ] Epoch: [273/400][140/400] lr: 9.19e-05 | MSE loss: 5.6279e-03 | time: 0.178
I 06.01/03:04:17 solver.py:136 ] Epoch: [273/400][160/400] lr: 9.19e-05 | MSE loss: 5.6476e-03 | time: 0.178
I 06.01/03:04:20 solver.py:136 ] Epoch: [273/400][180/400] lr: 9.19e-05 | MSE loss: 5.6556e-03 | time: 0.178
I 06.01/03:04:23 solver.py:136 ] Epoch: [273/400][200/400] lr: 9.18e-05 | MSE loss: 5.6701e-03 | time: 0.176
I 06.01/03:04:26 solver.py:136 ] Epoch: [273/400][220/400] lr: 9.18e-05 | MSE loss: 5.6569e-03 | time: 0.172
I 06.01/03:04:29 solver.py:136 ] Epoch: [273/400][240/400] lr: 9.18e-05 | MSE loss: 5.6780e-03 | time: 0.170
I 06.01/03:04:32 solver.py:136 ] Epoch: [273/400][260/400] lr: 9.17e-05 | MSE loss: 5.6473e-03 | time: 0.170
I 06.01/03:04:36 solver.py:136 ] Epoch: [273/400][280/400] lr: 9.17e-05 | MSE loss: 5.6601e-03 | time: 0.170
I 06.01/03:04:39 solver.py:136 ] Epoch: [273/400][300/400] lr: 9.17e-05 | MSE loss: 5.7178e-03 | time: 0.171
I 06.01/03:04:43 solver.py:136 ] Epoch: [273/400][320/400] lr: 9.17e-05 | MSE loss: 5.7211e-03 | time: 0.171
I 06.01/03:04:46 solver.py:136 ] Epoch: [273/400][340/400] lr: 9.16e-05 | MSE loss: 5.7135e-03 | time: 0.169
I 06.01/03:04:49 solver.py:136 ] Epoch: [273/400][360/400] lr: 9.16e-05 | MSE loss: 5.7160e-03 | time: 0.169
I 06.01/03:04:52 solver.py:136 ] Epoch: [273/400][380/400] lr: 9.16e-05 | MSE loss: 5.7104e-03 | time: 0.169
I 06.01/03:04:56 solver.py:136 ] Epoch: [273/400][400/400] lr: 9.15e-05 | MSE loss: 5.7220e-03 | time: 0.169
I 06.01/03:04:56 solver.py:146 ] => Train  Loss: 5.7220e-03

I 06.01/03:05:01 solver.py:205 ] 
=! Best NMSE: -1.9270e+01 (epoch=270)

I 06.01/03:05:06 solver.py:136 ] Epoch: [274/400][20/400] lr: 9.15e-05 | MSE loss: 5.8964e-03 | time: 0.239
I 06.01/03:05:10 solver.py:136 ] Epoch: [274/400][40/400] lr: 9.15e-05 | MSE loss: 5.7003e-03 | time: 0.218
I 06.01/03:05:13 solver.py:136 ] Epoch: [274/400][60/400] lr: 9.14e-05 | MSE loss: 5.7499e-03 | time: 0.198
I 06.01/03:05:17 solver.py:136 ] Epoch: [274/400][80/400] lr: 9.14e-05 | MSE loss: 5.7429e-03 | time: 0.195
I 06.01/03:05:20 solver.py:136 ] Epoch: [274/400][100/400] lr: 9.14e-05 | MSE loss: 5.7527e-03 | time: 0.192
I 06.01/03:05:24 solver.py:136 ] Epoch: [274/400][120/400] lr: 9.14e-05 | MSE loss: 5.7648e-03 | time: 0.190
I 06.01/03:05:27 solver.py:136 ] Epoch: [274/400][140/400] lr: 9.13e-05 | MSE loss: 5.7961e-03 | time: 0.186
I 06.01/03:05:31 solver.py:136 ] Epoch: [274/400][160/400] lr: 9.13e-05 | MSE loss: 5.7376e-03 | time: 0.184
I 06.01/03:05:34 solver.py:136 ] Epoch: [274/400][180/400] lr: 9.13e-05 | MSE loss: 5.7181e-03 | time: 0.182
I 06.01/03:05:37 solver.py:136 ] Epoch: [274/400][200/400] lr: 9.12e-05 | MSE loss: 5.7481e-03 | time: 0.181
I 06.01/03:05:40 solver.py:136 ] Epoch: [274/400][220/400] lr: 9.12e-05 | MSE loss: 5.7492e-03 | time: 0.175
I 06.01/03:05:43 solver.py:136 ] Epoch: [274/400][240/400] lr: 9.12e-05 | MSE loss: 5.7743e-03 | time: 0.173
I 06.01/03:05:46 solver.py:136 ] Epoch: [274/400][260/400] lr: 9.12e-05 | MSE loss: 5.7779e-03 | time: 0.173
I 06.01/03:05:50 solver.py:136 ] Epoch: [274/400][280/400] lr: 9.11e-05 | MSE loss: 5.7399e-03 | time: 0.173
I 06.01/03:05:53 solver.py:136 ] Epoch: [274/400][300/400] lr: 9.11e-05 | MSE loss: 5.7405e-03 | time: 0.174
I 06.01/03:05:56 solver.py:136 ] Epoch: [274/400][320/400] lr: 9.11e-05 | MSE loss: 5.7359e-03 | time: 0.172
I 06.01/03:05:59 solver.py:136 ] Epoch: [274/400][340/400] lr: 9.10e-05 | MSE loss: 5.7349e-03 | time: 0.171
I 06.01/03:06:04 solver.py:136 ] Epoch: [274/400][360/400] lr: 9.10e-05 | MSE loss: 5.7375e-03 | time: 0.175
I 06.01/03:06:08 solver.py:136 ] Epoch: [274/400][380/400] lr: 9.10e-05 | MSE loss: 5.7356e-03 | time: 0.176
I 06.01/03:06:12 solver.py:136 ] Epoch: [274/400][400/400] lr: 9.10e-05 | MSE loss: 5.7200e-03 | time: 0.176
I 06.01/03:06:12 solver.py:146 ] => Train  Loss: 5.7200e-03

I 06.01/03:06:16 solver.py:205 ] 
=! Best NMSE: -1.9270e+01 (epoch=270)

I 06.01/03:06:19 solver.py:136 ] Epoch: [275/400][20/400] lr: 9.09e-05 | MSE loss: 5.4963e-03 | time: 0.148
I 06.01/03:06:23 solver.py:136 ] Epoch: [275/400][40/400] lr: 9.09e-05 | MSE loss: 5.6968e-03 | time: 0.154
I 06.01/03:06:26 solver.py:136 ] Epoch: [275/400][60/400] lr: 9.09e-05 | MSE loss: 5.7575e-03 | time: 0.154
I 06.01/03:06:29 solver.py:136 ] Epoch: [275/400][80/400] lr: 9.08e-05 | MSE loss: 5.7436e-03 | time: 0.158
I 06.01/03:06:33 solver.py:136 ] Epoch: [275/400][100/400] lr: 9.08e-05 | MSE loss: 5.7704e-03 | time: 0.162
I 06.01/03:06:36 solver.py:136 ] Epoch: [275/400][120/400] lr: 9.08e-05 | MSE loss: 5.7784e-03 | time: 0.165
I 06.01/03:06:40 solver.py:136 ] Epoch: [275/400][140/400] lr: 9.07e-05 | MSE loss: 5.7565e-03 | time: 0.166
I 06.01/03:06:43 solver.py:136 ] Epoch: [275/400][160/400] lr: 9.07e-05 | MSE loss: 5.7958e-03 | time: 0.169
I 06.01/03:06:47 solver.py:136 ] Epoch: [275/400][180/400] lr: 9.07e-05 | MSE loss: 5.7492e-03 | time: 0.171
I 06.01/03:06:50 solver.py:136 ] Epoch: [275/400][200/400] lr: 9.07e-05 | MSE loss: 5.7254e-03 | time: 0.170
I 06.01/03:06:53 solver.py:136 ] Epoch: [275/400][220/400] lr: 9.06e-05 | MSE loss: 5.7127e-03 | time: 0.167
I 06.01/03:06:56 solver.py:136 ] Epoch: [275/400][240/400] lr: 9.06e-05 | MSE loss: 5.6939e-03 | time: 0.166
I 06.01/03:07:00 solver.py:136 ] Epoch: [275/400][260/400] lr: 9.06e-05 | MSE loss: 5.6812e-03 | time: 0.166
I 06.01/03:07:05 solver.py:136 ] Epoch: [275/400][280/400] lr: 9.05e-05 | MSE loss: 5.6812e-03 | time: 0.173
I 06.01/03:07:08 solver.py:136 ] Epoch: [275/400][300/400] lr: 9.05e-05 | MSE loss: 5.6797e-03 | time: 0.173
I 06.01/03:07:12 solver.py:136 ] Epoch: [275/400][320/400] lr: 9.05e-05 | MSE loss: 5.6855e-03 | time: 0.172
I 06.01/03:07:15 solver.py:136 ] Epoch: [275/400][340/400] lr: 9.05e-05 | MSE loss: 5.7188e-03 | time: 0.172
I 06.01/03:07:18 solver.py:136 ] Epoch: [275/400][360/400] lr: 9.04e-05 | MSE loss: 5.7103e-03 | time: 0.172
I 06.01/03:07:22 solver.py:136 ] Epoch: [275/400][380/400] lr: 9.04e-05 | MSE loss: 5.7242e-03 | time: 0.172
I 06.01/03:07:25 solver.py:136 ] Epoch: [275/400][400/400] lr: 9.04e-05 | MSE loss: 5.7168e-03 | time: 0.172
I 06.01/03:07:25 solver.py:146 ] => Train  Loss: 5.7168e-03

I 06.01/03:07:30 solver.py:205 ] 
=! Best NMSE: -1.9270e+01 (epoch=270)

I 06.01/03:07:32 solver.py:136 ] Epoch: [276/400][20/400] lr: 9.03e-05 | MSE loss: 5.8996e-03 | time: 0.108
I 06.01/03:07:35 solver.py:136 ] Epoch: [276/400][40/400] lr: 9.03e-05 | MSE loss: 5.6898e-03 | time: 0.118
I 06.01/03:07:38 solver.py:136 ] Epoch: [276/400][60/400] lr: 9.03e-05 | MSE loss: 5.7341e-03 | time: 0.130
I 06.01/03:07:41 solver.py:136 ] Epoch: [276/400][80/400] lr: 9.03e-05 | MSE loss: 5.8712e-03 | time: 0.140
I 06.01/03:07:44 solver.py:136 ] Epoch: [276/400][100/400] lr: 9.02e-05 | MSE loss: 5.8381e-03 | time: 0.144
I 06.01/03:07:48 solver.py:136 ] Epoch: [276/400][120/400] lr: 9.02e-05 | MSE loss: 5.8320e-03 | time: 0.148
I 06.01/03:07:51 solver.py:136 ] Epoch: [276/400][140/400] lr: 9.02e-05 | MSE loss: 5.8332e-03 | time: 0.151
I 06.01/03:07:55 solver.py:136 ] Epoch: [276/400][160/400] lr: 9.01e-05 | MSE loss: 5.8107e-03 | time: 0.156
I 06.01/03:07:58 solver.py:136 ] Epoch: [276/400][180/400] lr: 9.01e-05 | MSE loss: 5.8132e-03 | time: 0.157
I 06.01/03:08:02 solver.py:136 ] Epoch: [276/400][200/400] lr: 9.01e-05 | MSE loss: 5.8231e-03 | time: 0.160
I 06.01/03:08:06 solver.py:136 ] Epoch: [276/400][220/400] lr: 9.00e-05 | MSE loss: 5.8237e-03 | time: 0.165
I 06.01/03:08:09 solver.py:136 ] Epoch: [276/400][240/400] lr: 9.00e-05 | MSE loss: 5.7886e-03 | time: 0.163
I 06.01/03:08:12 solver.py:136 ] Epoch: [276/400][260/400] lr: 9.00e-05 | MSE loss: 5.7860e-03 | time: 0.163
I 06.01/03:08:16 solver.py:136 ] Epoch: [276/400][280/400] lr: 9.00e-05 | MSE loss: 5.7469e-03 | time: 0.164
I 06.01/03:08:19 solver.py:136 ] Epoch: [276/400][300/400] lr: 8.99e-05 | MSE loss: 5.7347e-03 | time: 0.165
I 06.01/03:08:23 solver.py:136 ] Epoch: [276/400][320/400] lr: 8.99e-05 | MSE loss: 5.7330e-03 | time: 0.165
I 06.01/03:08:26 solver.py:136 ] Epoch: [276/400][340/400] lr: 8.99e-05 | MSE loss: 5.7249e-03 | time: 0.165
I 06.01/03:08:30 solver.py:136 ] Epoch: [276/400][360/400] lr: 8.98e-05 | MSE loss: 5.7125e-03 | time: 0.166
I 06.01/03:08:33 solver.py:136 ] Epoch: [276/400][380/400] lr: 8.98e-05 | MSE loss: 5.7039e-03 | time: 0.166
I 06.01/03:08:36 solver.py:136 ] Epoch: [276/400][400/400] lr: 8.98e-05 | MSE loss: 5.7094e-03 | time: 0.166
I 06.01/03:08:36 solver.py:146 ] => Train  Loss: 5.7094e-03

I 06.01/03:08:40 solver.py:205 ] 
=! Best NMSE: -1.9270e+01 (epoch=270)

I 06.01/03:08:44 solver.py:136 ] Epoch: [277/400][20/400] lr: 8.98e-05 | MSE loss: 5.7485e-03 | time: 0.177
I 06.01/03:08:47 solver.py:136 ] Epoch: [277/400][40/400] lr: 8.97e-05 | MSE loss: 5.7433e-03 | time: 0.155
I 06.01/03:08:49 solver.py:136 ] Epoch: [277/400][60/400] lr: 8.97e-05 | MSE loss: 5.6320e-03 | time: 0.140
I 06.01/03:08:52 solver.py:136 ] Epoch: [277/400][80/400] lr: 8.97e-05 | MSE loss: 5.6963e-03 | time: 0.146
I 06.01/03:08:55 solver.py:136 ] Epoch: [277/400][100/400] lr: 8.96e-05 | MSE loss: 5.6572e-03 | time: 0.150
I 06.01/03:08:59 solver.py:136 ] Epoch: [277/400][120/400] lr: 8.96e-05 | MSE loss: 5.6436e-03 | time: 0.153
I 06.01/03:09:03 solver.py:136 ] Epoch: [277/400][140/400] lr: 8.96e-05 | MSE loss: 5.6833e-03 | time: 0.165
I 06.01/03:09:07 solver.py:136 ] Epoch: [277/400][160/400] lr: 8.96e-05 | MSE loss: 5.7027e-03 | time: 0.169
I 06.01/03:09:11 solver.py:136 ] Epoch: [277/400][180/400] lr: 8.95e-05 | MSE loss: 5.6977e-03 | time: 0.171
I 06.01/03:09:14 solver.py:136 ] Epoch: [277/400][200/400] lr: 8.95e-05 | MSE loss: 5.6662e-03 | time: 0.170
I 06.01/03:09:17 solver.py:136 ] Epoch: [277/400][220/400] lr: 8.95e-05 | MSE loss: 5.6873e-03 | time: 0.167
I 06.01/03:09:21 solver.py:136 ] Epoch: [277/400][240/400] lr: 8.94e-05 | MSE loss: 5.6890e-03 | time: 0.167
I 06.01/03:09:24 solver.py:136 ] Epoch: [277/400][260/400] lr: 8.94e-05 | MSE loss: 5.6813e-03 | time: 0.168
I 06.01/03:09:28 solver.py:136 ] Epoch: [277/400][280/400] lr: 8.94e-05 | MSE loss: 5.6862e-03 | time: 0.169
I 06.01/03:09:31 solver.py:136 ] Epoch: [277/400][300/400] lr: 8.94e-05 | MSE loss: 5.6872e-03 | time: 0.169
I 06.01/03:09:35 solver.py:136 ] Epoch: [277/400][320/400] lr: 8.93e-05 | MSE loss: 5.6828e-03 | time: 0.170
I 06.01/03:09:38 solver.py:136 ] Epoch: [277/400][340/400] lr: 8.93e-05 | MSE loss: 5.6840e-03 | time: 0.169
I 06.01/03:09:41 solver.py:136 ] Epoch: [277/400][360/400] lr: 8.93e-05 | MSE loss: 5.7052e-03 | time: 0.168
I 06.01/03:09:44 solver.py:136 ] Epoch: [277/400][380/400] lr: 8.92e-05 | MSE loss: 5.7034e-03 | time: 0.168
I 06.01/03:09:48 solver.py:136 ] Epoch: [277/400][400/400] lr: 8.92e-05 | MSE loss: 5.7081e-03 | time: 0.168
I 06.01/03:09:48 solver.py:146 ] => Train  Loss: 5.7081e-03

I 06.01/03:09:54 solver.py:205 ] 
=! Best NMSE: -1.9270e+01 (epoch=270)

I 06.01/03:09:58 solver.py:136 ] Epoch: [278/400][20/400] lr: 8.92e-05 | MSE loss: 5.5550e-03 | time: 0.198
I 06.01/03:10:00 solver.py:136 ] Epoch: [278/400][40/400] lr: 8.92e-05 | MSE loss: 5.4893e-03 | time: 0.168
I 06.01/03:10:05 solver.py:136 ] Epoch: [278/400][60/400] lr: 8.91e-05 | MSE loss: 5.4177e-03 | time: 0.195
I 06.01/03:10:08 solver.py:136 ] Epoch: [278/400][80/400] lr: 8.91e-05 | MSE loss: 5.5545e-03 | time: 0.185
I 06.01/03:10:12 solver.py:136 ] Epoch: [278/400][100/400] lr: 8.91e-05 | MSE loss: 5.5688e-03 | time: 0.184
I 06.01/03:10:16 solver.py:136 ] Epoch: [278/400][120/400] lr: 8.90e-05 | MSE loss: 5.5499e-03 | time: 0.184
I 06.01/03:10:19 solver.py:136 ] Epoch: [278/400][140/400] lr: 8.90e-05 | MSE loss: 5.6164e-03 | time: 0.181
I 06.01/03:10:22 solver.py:136 ] Epoch: [278/400][160/400] lr: 8.90e-05 | MSE loss: 5.5957e-03 | time: 0.177
I 06.01/03:10:25 solver.py:136 ] Epoch: [278/400][180/400] lr: 8.90e-05 | MSE loss: 5.6426e-03 | time: 0.175
I 06.01/03:10:28 solver.py:136 ] Epoch: [278/400][200/400] lr: 8.89e-05 | MSE loss: 5.6755e-03 | time: 0.173
I 06.01/03:10:31 solver.py:136 ] Epoch: [278/400][220/400] lr: 8.89e-05 | MSE loss: 5.6777e-03 | time: 0.171
I 06.01/03:10:35 solver.py:136 ] Epoch: [278/400][240/400] lr: 8.89e-05 | MSE loss: 5.6700e-03 | time: 0.171
I 06.01/03:10:38 solver.py:136 ] Epoch: [278/400][260/400] lr: 8.88e-05 | MSE loss: 5.6731e-03 | time: 0.172
I 06.01/03:10:42 solver.py:136 ] Epoch: [278/400][280/400] lr: 8.88e-05 | MSE loss: 5.7026e-03 | time: 0.172
I 06.01/03:10:45 solver.py:136 ] Epoch: [278/400][300/400] lr: 8.88e-05 | MSE loss: 5.6849e-03 | time: 0.172
I 06.01/03:10:49 solver.py:136 ] Epoch: [278/400][320/400] lr: 8.88e-05 | MSE loss: 5.6842e-03 | time: 0.172
I 06.01/03:10:52 solver.py:136 ] Epoch: [278/400][340/400] lr: 8.87e-05 | MSE loss: 5.6803e-03 | time: 0.172
I 06.01/03:10:55 solver.py:136 ] Epoch: [278/400][360/400] lr: 8.87e-05 | MSE loss: 5.6961e-03 | time: 0.171
I 06.01/03:10:58 solver.py:136 ] Epoch: [278/400][380/400] lr: 8.87e-05 | MSE loss: 5.6953e-03 | time: 0.170
I 06.01/03:11:02 solver.py:136 ] Epoch: [278/400][400/400] lr: 8.86e-05 | MSE loss: 5.7057e-03 | time: 0.170
I 06.01/03:11:02 solver.py:146 ] => Train  Loss: 5.7057e-03

I 06.01/03:11:06 solver.py:205 ] 
=! Best NMSE: -1.9270e+01 (epoch=270)

I 06.01/03:11:10 solver.py:136 ] Epoch: [279/400][20/400] lr: 8.86e-05 | MSE loss: 5.8289e-03 | time: 0.180
I 06.01/03:11:13 solver.py:136 ] Epoch: [279/400][40/400] lr: 8.86e-05 | MSE loss: 5.6327e-03 | time: 0.177
I 06.01/03:11:16 solver.py:136 ] Epoch: [279/400][60/400] lr: 8.86e-05 | MSE loss: 5.5674e-03 | time: 0.158
I 06.01/03:11:19 solver.py:136 ] Epoch: [279/400][80/400] lr: 8.85e-05 | MSE loss: 5.5874e-03 | time: 0.152
I 06.01/03:11:22 solver.py:136 ] Epoch: [279/400][100/400] lr: 8.85e-05 | MSE loss: 5.6213e-03 | time: 0.156
I 06.01/03:11:26 solver.py:136 ] Epoch: [279/400][120/400] lr: 8.85e-05 | MSE loss: 5.6681e-03 | time: 0.161
I 06.01/03:11:29 solver.py:136 ] Epoch: [279/400][140/400] lr: 8.84e-05 | MSE loss: 5.6412e-03 | time: 0.163
I 06.01/03:11:33 solver.py:136 ] Epoch: [279/400][160/400] lr: 8.84e-05 | MSE loss: 5.6060e-03 | time: 0.166
I 06.01/03:11:36 solver.py:136 ] Epoch: [279/400][180/400] lr: 8.84e-05 | MSE loss: 5.6257e-03 | time: 0.166
I 06.01/03:11:39 solver.py:136 ] Epoch: [279/400][200/400] lr: 8.84e-05 | MSE loss: 5.6527e-03 | time: 0.166
I 06.01/03:11:43 solver.py:136 ] Epoch: [279/400][220/400] lr: 8.83e-05 | MSE loss: 5.6711e-03 | time: 0.166
I 06.01/03:11:46 solver.py:136 ] Epoch: [279/400][240/400] lr: 8.83e-05 | MSE loss: 5.6736e-03 | time: 0.167
I 06.01/03:11:50 solver.py:136 ] Epoch: [279/400][260/400] lr: 8.83e-05 | MSE loss: 5.6617e-03 | time: 0.167
I 06.01/03:11:53 solver.py:136 ] Epoch: [279/400][280/400] lr: 8.82e-05 | MSE loss: 5.6464e-03 | time: 0.168
I 06.01/03:11:57 solver.py:136 ] Epoch: [279/400][300/400] lr: 8.82e-05 | MSE loss: 5.6283e-03 | time: 0.168
I 06.01/03:12:00 solver.py:136 ] Epoch: [279/400][320/400] lr: 8.82e-05 | MSE loss: 5.6499e-03 | time: 0.167
I 06.01/03:12:05 solver.py:136 ] Epoch: [279/400][340/400] lr: 8.82e-05 | MSE loss: 5.6616e-03 | time: 0.172
I 06.01/03:12:08 solver.py:136 ] Epoch: [279/400][360/400] lr: 8.81e-05 | MSE loss: 5.6914e-03 | time: 0.171
I 06.01/03:12:11 solver.py:136 ] Epoch: [279/400][380/400] lr: 8.81e-05 | MSE loss: 5.7043e-03 | time: 0.170
I 06.01/03:12:13 solver.py:136 ] Epoch: [279/400][400/400] lr: 8.81e-05 | MSE loss: 5.7038e-03 | time: 0.168
I 06.01/03:12:13 solver.py:146 ] => Train  Loss: 5.7038e-03

I 06.01/03:12:19 solver.py:205 ] 
=! Best NMSE: -1.9270e+01 (epoch=270)

I 06.01/03:12:22 solver.py:136 ] Epoch: [280/400][20/400] lr: 8.80e-05 | MSE loss: 5.7498e-03 | time: 0.187
I 06.01/03:12:26 solver.py:136 ] Epoch: [280/400][40/400] lr: 8.80e-05 | MSE loss: 5.8637e-03 | time: 0.177
I 06.01/03:12:29 solver.py:136 ] Epoch: [280/400][60/400] lr: 8.80e-05 | MSE loss: 5.7857e-03 | time: 0.169
I 06.01/03:12:32 solver.py:136 ] Epoch: [280/400][80/400] lr: 8.80e-05 | MSE loss: 5.7554e-03 | time: 0.164
I 06.01/03:12:35 solver.py:136 ] Epoch: [280/400][100/400] lr: 8.79e-05 | MSE loss: 5.7884e-03 | time: 0.164
I 06.01/03:12:39 solver.py:136 ] Epoch: [280/400][120/400] lr: 8.79e-05 | MSE loss: 5.6639e-03 | time: 0.167
I 06.01/03:12:42 solver.py:136 ] Epoch: [280/400][140/400] lr: 8.79e-05 | MSE loss: 5.6190e-03 | time: 0.167
I 06.01/03:12:45 solver.py:136 ] Epoch: [280/400][160/400] lr: 8.78e-05 | MSE loss: 5.6426e-03 | time: 0.165
I 06.01/03:12:48 solver.py:136 ] Epoch: [280/400][180/400] lr: 8.78e-05 | MSE loss: 5.6864e-03 | time: 0.163
I 06.01/03:12:51 solver.py:136 ] Epoch: [280/400][200/400] lr: 8.78e-05 | MSE loss: 5.6629e-03 | time: 0.162
I 06.01/03:12:54 solver.py:136 ] Epoch: [280/400][220/400] lr: 8.78e-05 | MSE loss: 5.6816e-03 | time: 0.160
I 06.01/03:12:57 solver.py:136 ] Epoch: [280/400][240/400] lr: 8.77e-05 | MSE loss: 5.6690e-03 | time: 0.162
I 06.01/03:13:01 solver.py:136 ] Epoch: [280/400][260/400] lr: 8.77e-05 | MSE loss: 5.6411e-03 | time: 0.165
I 06.01/03:13:06 solver.py:136 ] Epoch: [280/400][280/400] lr: 8.77e-05 | MSE loss: 5.6715e-03 | time: 0.171
I 06.01/03:13:10 solver.py:136 ] Epoch: [280/400][300/400] lr: 8.76e-05 | MSE loss: 5.6623e-03 | time: 0.170
I 06.01/03:13:13 solver.py:136 ] Epoch: [280/400][320/400] lr: 8.76e-05 | MSE loss: 5.6380e-03 | time: 0.170
I 06.01/03:13:16 solver.py:136 ] Epoch: [280/400][340/400] lr: 8.76e-05 | MSE loss: 5.6416e-03 | time: 0.170
I 06.01/03:13:19 solver.py:136 ] Epoch: [280/400][360/400] lr: 8.76e-05 | MSE loss: 5.6963e-03 | time: 0.169
I 06.01/03:13:23 solver.py:136 ] Epoch: [280/400][380/400] lr: 8.75e-05 | MSE loss: 5.6997e-03 | time: 0.169
I 06.01/03:13:26 solver.py:136 ] Epoch: [280/400][400/400] lr: 8.75e-05 | MSE loss: 5.7016e-03 | time: 0.168
I 06.01/03:13:26 solver.py:146 ] => Train  Loss: 5.7016e-03

I 06.01/03:13:29 solver.py:136 ] Epoch: [280/400][20/50] lr: 8.75e-05 | MSE loss: 6.2780e-03 | time: 0.177
I 06.01/03:13:33 solver.py:136 ] Epoch: [280/400][40/50] lr: 8.75e-05 | MSE loss: 6.0349e-03 | time: 0.178
I 06.01/03:13:35 solver.py:146 ] => Val  Loss: 5.9816e-03

I 06.01/03:13:38 solver.py:287 ] [20/50] loss: 6.0710e-03 | NMSE: -1.9239e+01 | time: 0.180
I 06.01/03:13:41 solver.py:287 ] [40/50] loss: 6.0217e-03 | NMSE: -1.9250e+01 | time: 0.172
I 06.01/03:13:43 solver.py:291 ] => Test NMSE: -1.9290e+01

I 06.01/03:13:49 solver.py:205 ] 
=! Best NMSE: -1.9290e+01 (epoch=280)

I 06.01/03:13:52 solver.py:136 ] Epoch: [281/400][20/400] lr: 8.75e-05 | MSE loss: 5.8891e-03 | time: 0.163
I 06.01/03:13:55 solver.py:136 ] Epoch: [281/400][40/400] lr: 8.74e-05 | MSE loss: 5.7756e-03 | time: 0.161
I 06.01/03:13:57 solver.py:136 ] Epoch: [281/400][60/400] lr: 8.74e-05 | MSE loss: 5.7747e-03 | time: 0.148
I 06.01/03:14:00 solver.py:136 ] Epoch: [281/400][80/400] lr: 8.74e-05 | MSE loss: 5.7339e-03 | time: 0.140
I 06.01/03:14:04 solver.py:136 ] Epoch: [281/400][100/400] lr: 8.74e-05 | MSE loss: 5.7866e-03 | time: 0.152
I 06.01/03:14:08 solver.py:136 ] Epoch: [281/400][120/400] lr: 8.73e-05 | MSE loss: 5.7796e-03 | time: 0.158
I 06.01/03:14:11 solver.py:136 ] Epoch: [281/400][140/400] lr: 8.73e-05 | MSE loss: 5.7307e-03 | time: 0.159
I 06.01/03:14:14 solver.py:136 ] Epoch: [281/400][160/400] lr: 8.73e-05 | MSE loss: 5.6381e-03 | time: 0.161
I 06.01/03:14:18 solver.py:136 ] Epoch: [281/400][180/400] lr: 8.72e-05 | MSE loss: 5.6446e-03 | time: 0.162
I 06.01/03:14:21 solver.py:136 ] Epoch: [281/400][200/400] lr: 8.72e-05 | MSE loss: 5.6432e-03 | time: 0.164
I 06.01/03:14:25 solver.py:136 ] Epoch: [281/400][220/400] lr: 8.72e-05 | MSE loss: 5.6319e-03 | time: 0.165
I 06.01/03:14:28 solver.py:136 ] Epoch: [281/400][240/400] lr: 8.72e-05 | MSE loss: 5.6485e-03 | time: 0.166
I 06.01/03:14:31 solver.py:136 ] Epoch: [281/400][260/400] lr: 8.71e-05 | MSE loss: 5.6602e-03 | time: 0.163
I 06.01/03:14:34 solver.py:136 ] Epoch: [281/400][280/400] lr: 8.71e-05 | MSE loss: 5.6716e-03 | time: 0.162
I 06.01/03:14:37 solver.py:136 ] Epoch: [281/400][300/400] lr: 8.71e-05 | MSE loss: 5.6800e-03 | time: 0.163
I 06.01/03:14:40 solver.py:136 ] Epoch: [281/400][320/400] lr: 8.70e-05 | MSE loss: 5.6888e-03 | time: 0.162
I 06.01/03:14:44 solver.py:136 ] Epoch: [281/400][340/400] lr: 8.70e-05 | MSE loss: 5.6800e-03 | time: 0.162
I 06.01/03:14:47 solver.py:136 ] Epoch: [281/400][360/400] lr: 8.70e-05 | MSE loss: 5.7070e-03 | time: 0.162
I 06.01/03:14:51 solver.py:136 ] Epoch: [281/400][380/400] lr: 8.70e-05 | MSE loss: 5.6984e-03 | time: 0.163
I 06.01/03:14:54 solver.py:136 ] Epoch: [281/400][400/400] lr: 8.69e-05 | MSE loss: 5.6994e-03 | time: 0.164
I 06.01/03:14:54 solver.py:146 ] => Train  Loss: 5.6994e-03

I 06.01/03:14:57 solver.py:205 ] 
=! Best NMSE: -1.9290e+01 (epoch=280)

I 06.01/03:15:00 solver.py:136 ] Epoch: [282/400][20/400] lr: 8.69e-05 | MSE loss: 5.5536e-03 | time: 0.167
I 06.01/03:15:06 solver.py:136 ] Epoch: [282/400][40/400] lr: 8.69e-05 | MSE loss: 5.5301e-03 | time: 0.218
I 06.01/03:15:09 solver.py:136 ] Epoch: [282/400][60/400] lr: 8.69e-05 | MSE loss: 5.6398e-03 | time: 0.201
I 06.01/03:15:12 solver.py:136 ] Epoch: [282/400][80/400] lr: 8.68e-05 | MSE loss: 5.6466e-03 | time: 0.193
I 06.01/03:15:15 solver.py:136 ] Epoch: [282/400][100/400] lr: 8.68e-05 | MSE loss: 5.6163e-03 | time: 0.184
I 06.01/03:15:18 solver.py:136 ] Epoch: [282/400][120/400] lr: 8.68e-05 | MSE loss: 5.6287e-03 | time: 0.173
I 06.01/03:15:21 solver.py:136 ] Epoch: [282/400][140/400] lr: 8.67e-05 | MSE loss: 5.6221e-03 | time: 0.174
I 06.01/03:15:25 solver.py:136 ] Epoch: [282/400][160/400] lr: 8.67e-05 | MSE loss: 5.5916e-03 | time: 0.174
I 06.01/03:15:28 solver.py:136 ] Epoch: [282/400][180/400] lr: 8.67e-05 | MSE loss: 5.6391e-03 | time: 0.174
I 06.01/03:15:31 solver.py:136 ] Epoch: [282/400][200/400] lr: 8.67e-05 | MSE loss: 5.6638e-03 | time: 0.173
I 06.01/03:15:35 solver.py:136 ] Epoch: [282/400][220/400] lr: 8.66e-05 | MSE loss: 5.6904e-03 | time: 0.173
I 06.01/03:15:39 solver.py:136 ] Epoch: [282/400][240/400] lr: 8.66e-05 | MSE loss: 5.7276e-03 | time: 0.173
I 06.01/03:15:42 solver.py:136 ] Epoch: [282/400][260/400] lr: 8.66e-05 | MSE loss: 5.7005e-03 | time: 0.173
I 06.01/03:15:45 solver.py:136 ] Epoch: [282/400][280/400] lr: 8.65e-05 | MSE loss: 5.6954e-03 | time: 0.171
I 06.01/03:15:48 solver.py:136 ] Epoch: [282/400][300/400] lr: 8.65e-05 | MSE loss: 5.7012e-03 | time: 0.170
I 06.01/03:15:51 solver.py:136 ] Epoch: [282/400][320/400] lr: 8.65e-05 | MSE loss: 5.7440e-03 | time: 0.170
I 06.01/03:15:54 solver.py:136 ] Epoch: [282/400][340/400] lr: 8.65e-05 | MSE loss: 5.7151e-03 | time: 0.169
I 06.01/03:15:57 solver.py:136 ] Epoch: [282/400][360/400] lr: 8.64e-05 | MSE loss: 5.7012e-03 | time: 0.168
I 06.01/03:16:01 solver.py:136 ] Epoch: [282/400][380/400] lr: 8.64e-05 | MSE loss: 5.6912e-03 | time: 0.169
I 06.01/03:16:06 solver.py:136 ] Epoch: [282/400][400/400] lr: 8.64e-05 | MSE loss: 5.6943e-03 | time: 0.174
I 06.01/03:16:06 solver.py:146 ] => Train  Loss: 5.6943e-03

I 06.01/03:16:11 solver.py:205 ] 
=! Best NMSE: -1.9290e+01 (epoch=280)

I 06.01/03:16:14 solver.py:136 ] Epoch: [283/400][20/400] lr: 8.63e-05 | MSE loss: 6.0146e-03 | time: 0.168
I 06.01/03:16:17 solver.py:136 ] Epoch: [283/400][40/400] lr: 8.63e-05 | MSE loss: 5.8519e-03 | time: 0.170
I 06.01/03:16:21 solver.py:136 ] Epoch: [283/400][60/400] lr: 8.63e-05 | MSE loss: 5.8265e-03 | time: 0.173
I 06.01/03:16:25 solver.py:136 ] Epoch: [283/400][80/400] lr: 8.63e-05 | MSE loss: 5.7949e-03 | time: 0.174
I 06.01/03:16:28 solver.py:136 ] Epoch: [283/400][100/400] lr: 8.62e-05 | MSE loss: 5.7494e-03 | time: 0.172
I 06.01/03:16:30 solver.py:136 ] Epoch: [283/400][120/400] lr: 8.62e-05 | MSE loss: 5.7697e-03 | time: 0.162
I 06.01/03:16:32 solver.py:136 ] Epoch: [283/400][140/400] lr: 8.62e-05 | MSE loss: 5.7837e-03 | time: 0.155
I 06.01/03:16:36 solver.py:136 ] Epoch: [283/400][160/400] lr: 8.61e-05 | MSE loss: 5.7562e-03 | time: 0.158
I 06.01/03:16:40 solver.py:136 ] Epoch: [283/400][180/400] lr: 8.61e-05 | MSE loss: 5.7204e-03 | time: 0.161
I 06.01/03:16:43 solver.py:136 ] Epoch: [283/400][200/400] lr: 8.61e-05 | MSE loss: 5.6753e-03 | time: 0.162
I 06.01/03:16:47 solver.py:136 ] Epoch: [283/400][220/400] lr: 8.61e-05 | MSE loss: 5.6565e-03 | time: 0.163
I 06.01/03:16:50 solver.py:136 ] Epoch: [283/400][240/400] lr: 8.60e-05 | MSE loss: 5.6971e-03 | time: 0.165
I 06.01/03:16:54 solver.py:136 ] Epoch: [283/400][260/400] lr: 8.60e-05 | MSE loss: 5.6713e-03 | time: 0.165
I 06.01/03:16:57 solver.py:136 ] Epoch: [283/400][280/400] lr: 8.60e-05 | MSE loss: 5.6637e-03 | time: 0.166
I 06.01/03:17:00 solver.py:136 ] Epoch: [283/400][300/400] lr: 8.60e-05 | MSE loss: 5.6527e-03 | time: 0.165
I 06.01/03:17:05 solver.py:136 ] Epoch: [283/400][320/400] lr: 8.59e-05 | MSE loss: 5.6717e-03 | time: 0.170
I 06.01/03:17:08 solver.py:136 ] Epoch: [283/400][340/400] lr: 8.59e-05 | MSE loss: 5.6846e-03 | time: 0.169
I 06.01/03:17:11 solver.py:136 ] Epoch: [283/400][360/400] lr: 8.59e-05 | MSE loss: 5.7012e-03 | time: 0.168
I 06.01/03:17:14 solver.py:136 ] Epoch: [283/400][380/400] lr: 8.58e-05 | MSE loss: 5.6981e-03 | time: 0.168
I 06.01/03:17:18 solver.py:136 ] Epoch: [283/400][400/400] lr: 8.58e-05 | MSE loss: 5.6914e-03 | time: 0.168
I 06.01/03:17:18 solver.py:146 ] => Train  Loss: 5.6914e-03

I 06.01/03:17:24 solver.py:205 ] 
=! Best NMSE: -1.9290e+01 (epoch=280)

I 06.01/03:17:27 solver.py:136 ] Epoch: [284/400][20/400] lr: 8.58e-05 | MSE loss: 5.7013e-03 | time: 0.173
I 06.01/03:17:31 solver.py:136 ] Epoch: [284/400][40/400] lr: 8.58e-05 | MSE loss: 5.8141e-03 | time: 0.166
I 06.01/03:17:34 solver.py:136 ] Epoch: [284/400][60/400] lr: 8.57e-05 | MSE loss: 5.7809e-03 | time: 0.172
I 06.01/03:17:38 solver.py:136 ] Epoch: [284/400][80/400] lr: 8.57e-05 | MSE loss: 5.7054e-03 | time: 0.172
I 06.01/03:17:41 solver.py:136 ] Epoch: [284/400][100/400] lr: 8.57e-05 | MSE loss: 5.7441e-03 | time: 0.171
I 06.01/03:17:43 solver.py:136 ] Epoch: [284/400][120/400] lr: 8.56e-05 | MSE loss: 5.7389e-03 | time: 0.162
I 06.01/03:17:45 solver.py:136 ] Epoch: [284/400][140/400] lr: 8.56e-05 | MSE loss: 5.7206e-03 | time: 0.154
I 06.01/03:17:48 solver.py:136 ] Epoch: [284/400][160/400] lr: 8.56e-05 | MSE loss: 5.7245e-03 | time: 0.153
I 06.01/03:17:52 solver.py:136 ] Epoch: [284/400][180/400] lr: 8.56e-05 | MSE loss: 5.7266e-03 | time: 0.154
I 06.01/03:17:55 solver.py:136 ] Epoch: [284/400][200/400] lr: 8.55e-05 | MSE loss: 5.7055e-03 | time: 0.156
I 06.01/03:17:58 solver.py:136 ] Epoch: [284/400][220/400] lr: 8.55e-05 | MSE loss: 5.6947e-03 | time: 0.157
I 06.01/03:18:03 solver.py:136 ] Epoch: [284/400][240/400] lr: 8.55e-05 | MSE loss: 5.6767e-03 | time: 0.163
I 06.01/03:18:07 solver.py:136 ] Epoch: [284/400][260/400] lr: 8.55e-05 | MSE loss: 5.6425e-03 | time: 0.166
I 06.01/03:18:10 solver.py:136 ] Epoch: [284/400][280/400] lr: 8.54e-05 | MSE loss: 5.6441e-03 | time: 0.166
I 06.01/03:18:13 solver.py:136 ] Epoch: [284/400][300/400] lr: 8.54e-05 | MSE loss: 5.6663e-03 | time: 0.165
I 06.01/03:18:17 solver.py:136 ] Epoch: [284/400][320/400] lr: 8.54e-05 | MSE loss: 5.6698e-03 | time: 0.166
I 06.01/03:18:20 solver.py:136 ] Epoch: [284/400][340/400] lr: 8.53e-05 | MSE loss: 5.6691e-03 | time: 0.166
I 06.01/03:18:23 solver.py:136 ] Epoch: [284/400][360/400] lr: 8.53e-05 | MSE loss: 5.6835e-03 | time: 0.164
I 06.01/03:18:26 solver.py:136 ] Epoch: [284/400][380/400] lr: 8.53e-05 | MSE loss: 5.6735e-03 | time: 0.163
I 06.01/03:18:29 solver.py:136 ] Epoch: [284/400][400/400] lr: 8.53e-05 | MSE loss: 5.6928e-03 | time: 0.164
I 06.01/03:18:29 solver.py:146 ] => Train  Loss: 5.6928e-03

I 06.01/03:18:34 solver.py:205 ] 
=! Best NMSE: -1.9290e+01 (epoch=280)

I 06.01/03:18:38 solver.py:136 ] Epoch: [285/400][20/400] lr: 8.52e-05 | MSE loss: 5.9420e-03 | time: 0.179
I 06.01/03:18:41 solver.py:136 ] Epoch: [285/400][40/400] lr: 8.52e-05 | MSE loss: 6.1149e-03 | time: 0.165
I 06.01/03:18:44 solver.py:136 ] Epoch: [285/400][60/400] lr: 8.52e-05 | MSE loss: 5.9670e-03 | time: 0.160
I 06.01/03:18:48 solver.py:136 ] Epoch: [285/400][80/400] lr: 8.51e-05 | MSE loss: 5.8930e-03 | time: 0.166
I 06.01/03:18:51 solver.py:136 ] Epoch: [285/400][100/400] lr: 8.51e-05 | MSE loss: 5.8609e-03 | time: 0.169
I 06.01/03:18:55 solver.py:136 ] Epoch: [285/400][120/400] lr: 8.51e-05 | MSE loss: 5.8796e-03 | time: 0.170
I 06.01/03:18:58 solver.py:136 ] Epoch: [285/400][140/400] lr: 8.51e-05 | MSE loss: 5.8415e-03 | time: 0.166
I 06.01/03:19:00 solver.py:136 ] Epoch: [285/400][160/400] lr: 8.50e-05 | MSE loss: 5.8125e-03 | time: 0.160
I 06.01/03:19:05 solver.py:136 ] Epoch: [285/400][180/400] lr: 8.50e-05 | MSE loss: 5.8117e-03 | time: 0.169
I 06.01/03:19:08 solver.py:136 ] Epoch: [285/400][200/400] lr: 8.50e-05 | MSE loss: 5.7754e-03 | time: 0.169
I 06.01/03:19:11 solver.py:136 ] Epoch: [285/400][220/400] lr: 8.50e-05 | MSE loss: 5.7409e-03 | time: 0.169
I 06.01/03:19:15 solver.py:136 ] Epoch: [285/400][240/400] lr: 8.49e-05 | MSE loss: 5.7161e-03 | time: 0.168
I 06.01/03:19:18 solver.py:136 ] Epoch: [285/400][260/400] lr: 8.49e-05 | MSE loss: 5.7302e-03 | time: 0.168
I 06.01/03:19:22 solver.py:136 ] Epoch: [285/400][280/400] lr: 8.49e-05 | MSE loss: 5.7064e-03 | time: 0.169
I 06.01/03:19:25 solver.py:136 ] Epoch: [285/400][300/400] lr: 8.48e-05 | MSE loss: 5.7223e-03 | time: 0.168
I 06.01/03:19:28 solver.py:136 ] Epoch: [285/400][320/400] lr: 8.48e-05 | MSE loss: 5.7342e-03 | time: 0.166
I 06.01/03:19:30 solver.py:136 ] Epoch: [285/400][340/400] lr: 8.48e-05 | MSE loss: 5.7220e-03 | time: 0.165
I 06.01/03:19:34 solver.py:136 ] Epoch: [285/400][360/400] lr: 8.48e-05 | MSE loss: 5.7057e-03 | time: 0.165
I 06.01/03:19:37 solver.py:136 ] Epoch: [285/400][380/400] lr: 8.47e-05 | MSE loss: 5.7026e-03 | time: 0.164
I 06.01/03:19:40 solver.py:136 ] Epoch: [285/400][400/400] lr: 8.47e-05 | MSE loss: 5.6905e-03 | time: 0.164
I 06.01/03:19:40 solver.py:146 ] => Train  Loss: 5.6905e-03

I 06.01/03:19:44 solver.py:205 ] 
=! Best NMSE: -1.9290e+01 (epoch=280)

I 06.01/03:19:48 solver.py:136 ] Epoch: [286/400][20/400] lr: 8.47e-05 | MSE loss: 5.6208e-03 | time: 0.185
I 06.01/03:19:51 solver.py:136 ] Epoch: [286/400][40/400] lr: 8.46e-05 | MSE loss: 5.8164e-03 | time: 0.181
I 06.01/03:19:55 solver.py:136 ] Epoch: [286/400][60/400] lr: 8.46e-05 | MSE loss: 5.7340e-03 | time: 0.173
I 06.01/03:19:58 solver.py:136 ] Epoch: [286/400][80/400] lr: 8.46e-05 | MSE loss: 5.7578e-03 | time: 0.175
I 06.01/03:20:03 solver.py:136 ] Epoch: [286/400][100/400] lr: 8.46e-05 | MSE loss: 5.7894e-03 | time: 0.192
I 06.01/03:20:07 solver.py:136 ] Epoch: [286/400][120/400] lr: 8.45e-05 | MSE loss: 5.7670e-03 | time: 0.193
I 06.01/03:20:11 solver.py:136 ] Epoch: [286/400][140/400] lr: 8.45e-05 | MSE loss: 5.7907e-03 | time: 0.193
I 06.01/03:20:14 solver.py:136 ] Epoch: [286/400][160/400] lr: 8.45e-05 | MSE loss: 5.8429e-03 | time: 0.184
I 06.01/03:20:16 solver.py:136 ] Epoch: [286/400][180/400] lr: 8.45e-05 | MSE loss: 5.8047e-03 | time: 0.174
I 06.01/03:20:18 solver.py:136 ] Epoch: [286/400][200/400] lr: 8.44e-05 | MSE loss: 5.8366e-03 | time: 0.169
I 06.01/03:20:22 solver.py:136 ] Epoch: [286/400][220/400] lr: 8.44e-05 | MSE loss: 5.8169e-03 | time: 0.171
I 06.01/03:20:25 solver.py:136 ] Epoch: [286/400][240/400] lr: 8.44e-05 | MSE loss: 5.7676e-03 | time: 0.172
I 06.01/03:20:29 solver.py:136 ] Epoch: [286/400][260/400] lr: 8.43e-05 | MSE loss: 5.7386e-03 | time: 0.173
I 06.01/03:20:32 solver.py:136 ] Epoch: [286/400][280/400] lr: 8.43e-05 | MSE loss: 5.7301e-03 | time: 0.172
I 06.01/03:20:36 solver.py:136 ] Epoch: [286/400][300/400] lr: 8.43e-05 | MSE loss: 5.7218e-03 | time: 0.173
I 06.01/03:20:40 solver.py:136 ] Epoch: [286/400][320/400] lr: 8.43e-05 | MSE loss: 5.7205e-03 | time: 0.173
I 06.01/03:20:42 solver.py:136 ] Epoch: [286/400][340/400] lr: 8.42e-05 | MSE loss: 5.7028e-03 | time: 0.171
I 06.01/03:20:45 solver.py:136 ] Epoch: [286/400][360/400] lr: 8.42e-05 | MSE loss: 5.6971e-03 | time: 0.169
I 06.01/03:20:48 solver.py:136 ] Epoch: [286/400][380/400] lr: 8.42e-05 | MSE loss: 5.6876e-03 | time: 0.169
I 06.01/03:20:51 solver.py:136 ] Epoch: [286/400][400/400] lr: 8.42e-05 | MSE loss: 5.6862e-03 | time: 0.168
I 06.01/03:20:51 solver.py:146 ] => Train  Loss: 5.6862e-03

I 06.01/03:20:57 solver.py:205 ] 
=! Best NMSE: -1.9290e+01 (epoch=280)

I 06.01/03:21:01 solver.py:136 ] Epoch: [287/400][20/400] lr: 8.41e-05 | MSE loss: 5.4648e-03 | time: 0.207
I 06.01/03:21:06 solver.py:136 ] Epoch: [287/400][40/400] lr: 8.41e-05 | MSE loss: 5.6160e-03 | time: 0.226
I 06.01/03:21:10 solver.py:136 ] Epoch: [287/400][60/400] lr: 8.41e-05 | MSE loss: 5.6883e-03 | time: 0.209
I 06.01/03:21:13 solver.py:136 ] Epoch: [287/400][80/400] lr: 8.40e-05 | MSE loss: 5.6476e-03 | time: 0.202
I 06.01/03:21:16 solver.py:136 ] Epoch: [287/400][100/400] lr: 8.40e-05 | MSE loss: 5.5966e-03 | time: 0.195
I 06.01/03:21:20 solver.py:136 ] Epoch: [287/400][120/400] lr: 8.40e-05 | MSE loss: 5.6457e-03 | time: 0.190
I 06.01/03:21:23 solver.py:136 ] Epoch: [287/400][140/400] lr: 8.40e-05 | MSE loss: 5.6641e-03 | time: 0.189
I 06.01/03:21:27 solver.py:136 ] Epoch: [287/400][160/400] lr: 8.39e-05 | MSE loss: 5.6658e-03 | time: 0.186
I 06.01/03:21:30 solver.py:136 ] Epoch: [287/400][180/400] lr: 8.39e-05 | MSE loss: 5.6793e-03 | time: 0.181
I 06.01/03:21:32 solver.py:136 ] Epoch: [287/400][200/400] lr: 8.39e-05 | MSE loss: 5.6379e-03 | time: 0.173
I 06.01/03:21:34 solver.py:136 ] Epoch: [287/400][220/400] lr: 8.39e-05 | MSE loss: 5.6544e-03 | time: 0.168
I 06.01/03:21:38 solver.py:136 ] Epoch: [287/400][240/400] lr: 8.38e-05 | MSE loss: 5.6593e-03 | time: 0.170
I 06.01/03:21:42 solver.py:136 ] Epoch: [287/400][260/400] lr: 8.38e-05 | MSE loss: 5.6728e-03 | time: 0.172
I 06.01/03:21:45 solver.py:136 ] Epoch: [287/400][280/400] lr: 8.38e-05 | MSE loss: 5.6865e-03 | time: 0.173
I 06.01/03:21:49 solver.py:136 ] Epoch: [287/400][300/400] lr: 8.37e-05 | MSE loss: 5.7034e-03 | time: 0.173
I 06.01/03:21:52 solver.py:136 ] Epoch: [287/400][320/400] lr: 8.37e-05 | MSE loss: 5.6951e-03 | time: 0.172
I 06.01/03:21:55 solver.py:136 ] Epoch: [287/400][340/400] lr: 8.37e-05 | MSE loss: 5.7112e-03 | time: 0.171
I 06.01/03:21:58 solver.py:136 ] Epoch: [287/400][360/400] lr: 8.37e-05 | MSE loss: 5.7091e-03 | time: 0.170
I 06.01/03:22:03 solver.py:136 ] Epoch: [287/400][380/400] lr: 8.36e-05 | MSE loss: 5.6983e-03 | time: 0.174
I 06.01/03:22:07 solver.py:136 ] Epoch: [287/400][400/400] lr: 8.36e-05 | MSE loss: 5.6848e-03 | time: 0.175
I 06.01/03:22:07 solver.py:146 ] => Train  Loss: 5.6848e-03

I 06.01/03:22:11 solver.py:205 ] 
=! Best NMSE: -1.9290e+01 (epoch=280)

I 06.01/03:22:15 solver.py:136 ] Epoch: [288/400][20/400] lr: 8.36e-05 | MSE loss: 5.9108e-03 | time: 0.186
I 06.01/03:22:19 solver.py:136 ] Epoch: [288/400][40/400] lr: 8.36e-05 | MSE loss: 5.7591e-03 | time: 0.180
I 06.01/03:22:22 solver.py:136 ] Epoch: [288/400][60/400] lr: 8.35e-05 | MSE loss: 5.9186e-03 | time: 0.170
I 06.01/03:22:25 solver.py:136 ] Epoch: [288/400][80/400] lr: 8.35e-05 | MSE loss: 5.8452e-03 | time: 0.169
I 06.01/03:22:28 solver.py:136 ] Epoch: [288/400][100/400] lr: 8.35e-05 | MSE loss: 5.8153e-03 | time: 0.167
I 06.01/03:22:32 solver.py:136 ] Epoch: [288/400][120/400] lr: 8.34e-05 | MSE loss: 5.7951e-03 | time: 0.168
I 06.01/03:22:35 solver.py:136 ] Epoch: [288/400][140/400] lr: 8.34e-05 | MSE loss: 5.7370e-03 | time: 0.169
I 06.01/03:22:39 solver.py:136 ] Epoch: [288/400][160/400] lr: 8.34e-05 | MSE loss: 5.7802e-03 | time: 0.170
I 06.01/03:22:42 solver.py:136 ] Epoch: [288/400][180/400] lr: 8.34e-05 | MSE loss: 5.7631e-03 | time: 0.170
I 06.01/03:22:45 solver.py:136 ] Epoch: [288/400][200/400] lr: 8.33e-05 | MSE loss: 5.7966e-03 | time: 0.168
I 06.01/03:22:47 solver.py:136 ] Epoch: [288/400][220/400] lr: 8.33e-05 | MSE loss: 5.7823e-03 | time: 0.162
I 06.01/03:22:50 solver.py:136 ] Epoch: [288/400][240/400] lr: 8.33e-05 | MSE loss: 5.7884e-03 | time: 0.160
I 06.01/03:22:53 solver.py:136 ] Epoch: [288/400][260/400] lr: 8.33e-05 | MSE loss: 5.7489e-03 | time: 0.161
I 06.01/03:22:57 solver.py:136 ] Epoch: [288/400][280/400] lr: 8.32e-05 | MSE loss: 5.7519e-03 | time: 0.161
I 06.01/03:23:00 solver.py:136 ] Epoch: [288/400][300/400] lr: 8.32e-05 | MSE loss: 5.7045e-03 | time: 0.160
I 06.01/03:23:04 solver.py:136 ] Epoch: [288/400][320/400] lr: 8.32e-05 | MSE loss: 5.6991e-03 | time: 0.163
I 06.01/03:23:07 solver.py:136 ] Epoch: [288/400][340/400] lr: 8.31e-05 | MSE loss: 5.6840e-03 | time: 0.165
I 06.01/03:23:11 solver.py:136 ] Epoch: [288/400][360/400] lr: 8.31e-05 | MSE loss: 5.6771e-03 | time: 0.165
I 06.01/03:23:14 solver.py:136 ] Epoch: [288/400][380/400] lr: 8.31e-05 | MSE loss: 5.6849e-03 | time: 0.164
I 06.01/03:23:18 solver.py:136 ] Epoch: [288/400][400/400] lr: 8.31e-05 | MSE loss: 5.6814e-03 | time: 0.165
I 06.01/03:23:18 solver.py:146 ] => Train  Loss: 5.6814e-03

I 06.01/03:23:21 solver.py:205 ] 
=! Best NMSE: -1.9290e+01 (epoch=280)

I 06.01/03:23:25 solver.py:136 ] Epoch: [289/400][20/400] lr: 8.30e-05 | MSE loss: 5.4506e-03 | time: 0.184
I 06.01/03:23:28 solver.py:136 ] Epoch: [289/400][40/400] lr: 8.30e-05 | MSE loss: 5.4273e-03 | time: 0.174
I 06.01/03:23:32 solver.py:136 ] Epoch: [289/400][60/400] lr: 8.30e-05 | MSE loss: 5.5436e-03 | time: 0.178
I 06.01/03:23:36 solver.py:136 ] Epoch: [289/400][80/400] lr: 8.30e-05 | MSE loss: 5.5475e-03 | time: 0.179
I 06.01/03:23:39 solver.py:136 ] Epoch: [289/400][100/400] lr: 8.29e-05 | MSE loss: 5.5522e-03 | time: 0.172
I 06.01/03:23:42 solver.py:136 ] Epoch: [289/400][120/400] lr: 8.29e-05 | MSE loss: 5.5870e-03 | time: 0.170
I 06.01/03:23:45 solver.py:136 ] Epoch: [289/400][140/400] lr: 8.29e-05 | MSE loss: 5.5780e-03 | time: 0.172
I 06.01/03:23:49 solver.py:136 ] Epoch: [289/400][160/400] lr: 8.28e-05 | MSE loss: 5.5808e-03 | time: 0.174
I 06.01/03:23:53 solver.py:136 ] Epoch: [289/400][180/400] lr: 8.28e-05 | MSE loss: 5.6050e-03 | time: 0.176
I 06.01/03:23:57 solver.py:136 ] Epoch: [289/400][200/400] lr: 8.28e-05 | MSE loss: 5.6054e-03 | time: 0.176
I 06.01/03:24:00 solver.py:136 ] Epoch: [289/400][220/400] lr: 8.28e-05 | MSE loss: 5.6192e-03 | time: 0.174
I 06.01/03:24:04 solver.py:136 ] Epoch: [289/400][240/400] lr: 8.27e-05 | MSE loss: 5.6585e-03 | time: 0.176
I 06.01/03:24:07 solver.py:136 ] Epoch: [289/400][260/400] lr: 8.27e-05 | MSE loss: 5.6690e-03 | time: 0.177
I 06.01/03:24:11 solver.py:136 ] Epoch: [289/400][280/400] lr: 8.27e-05 | MSE loss: 5.6475e-03 | time: 0.176
I 06.01/03:24:14 solver.py:136 ] Epoch: [289/400][300/400] lr: 8.27e-05 | MSE loss: 5.6636e-03 | time: 0.175
I 06.01/03:24:17 solver.py:136 ] Epoch: [289/400][320/400] lr: 8.26e-05 | MSE loss: 5.6490e-03 | time: 0.173
I 06.01/03:24:20 solver.py:136 ] Epoch: [289/400][340/400] lr: 8.26e-05 | MSE loss: 5.6786e-03 | time: 0.173
I 06.01/03:24:23 solver.py:136 ] Epoch: [289/400][360/400] lr: 8.26e-05 | MSE loss: 5.6736e-03 | time: 0.172
I 06.01/03:24:27 solver.py:136 ] Epoch: [289/400][380/400] lr: 8.25e-05 | MSE loss: 5.6790e-03 | time: 0.173
I 06.01/03:24:30 solver.py:136 ] Epoch: [289/400][400/400] lr: 8.25e-05 | MSE loss: 5.6805e-03 | time: 0.172
I 06.01/03:24:30 solver.py:146 ] => Train  Loss: 5.6805e-03

I 06.01/03:24:35 solver.py:205 ] 
=! Best NMSE: -1.9290e+01 (epoch=280)

I 06.01/03:24:39 solver.py:136 ] Epoch: [290/400][20/400] lr: 8.25e-05 | MSE loss: 6.2252e-03 | time: 0.192
I 06.01/03:24:42 solver.py:136 ] Epoch: [290/400][40/400] lr: 8.25e-05 | MSE loss: 5.6124e-03 | time: 0.185
I 06.01/03:24:45 solver.py:136 ] Epoch: [290/400][60/400] lr: 8.24e-05 | MSE loss: 5.7677e-03 | time: 0.174
I 06.01/03:24:49 solver.py:136 ] Epoch: [290/400][80/400] lr: 8.24e-05 | MSE loss: 5.6814e-03 | time: 0.170
I 06.01/03:24:52 solver.py:136 ] Epoch: [290/400][100/400] lr: 8.24e-05 | MSE loss: 5.6498e-03 | time: 0.168
I 06.01/03:24:55 solver.py:136 ] Epoch: [290/400][120/400] lr: 8.24e-05 | MSE loss: 5.6777e-03 | time: 0.168
I 06.01/03:24:59 solver.py:136 ] Epoch: [290/400][140/400] lr: 8.23e-05 | MSE loss: 5.7221e-03 | time: 0.170
I 06.01/03:25:03 solver.py:136 ] Epoch: [290/400][160/400] lr: 8.23e-05 | MSE loss: 5.7462e-03 | time: 0.178
I 06.01/03:25:07 solver.py:136 ] Epoch: [290/400][180/400] lr: 8.23e-05 | MSE loss: 5.7088e-03 | time: 0.179
I 06.01/03:25:11 solver.py:136 ] Epoch: [290/400][200/400] lr: 8.23e-05 | MSE loss: 5.7142e-03 | time: 0.179
I 06.01/03:25:14 solver.py:136 ] Epoch: [290/400][220/400] lr: 8.22e-05 | MSE loss: 5.6961e-03 | time: 0.177
I 06.01/03:25:17 solver.py:136 ] Epoch: [290/400][240/400] lr: 8.22e-05 | MSE loss: 5.6833e-03 | time: 0.175
I 06.01/03:25:20 solver.py:136 ] Epoch: [290/400][260/400] lr: 8.22e-05 | MSE loss: 5.6826e-03 | time: 0.174
I 06.01/03:25:23 solver.py:136 ] Epoch: [290/400][280/400] lr: 8.21e-05 | MSE loss: 5.6768e-03 | time: 0.173
I 06.01/03:25:26 solver.py:136 ] Epoch: [290/400][300/400] lr: 8.21e-05 | MSE loss: 5.6718e-03 | time: 0.172
I 06.01/03:25:30 solver.py:136 ] Epoch: [290/400][320/400] lr: 8.21e-05 | MSE loss: 5.6646e-03 | time: 0.171
I 06.01/03:25:32 solver.py:136 ] Epoch: [290/400][340/400] lr: 8.21e-05 | MSE loss: 5.6967e-03 | time: 0.169
I 06.01/03:25:35 solver.py:136 ] Epoch: [290/400][360/400] lr: 8.20e-05 | MSE loss: 5.6829e-03 | time: 0.167
I 06.01/03:25:38 solver.py:136 ] Epoch: [290/400][380/400] lr: 8.20e-05 | MSE loss: 5.6952e-03 | time: 0.167
I 06.01/03:25:42 solver.py:136 ] Epoch: [290/400][400/400] lr: 8.20e-05 | MSE loss: 5.6829e-03 | time: 0.167
I 06.01/03:25:42 solver.py:146 ] => Train  Loss: 5.6829e-03

I 06.01/03:25:45 solver.py:136 ] Epoch: [290/400][20/50] lr: 8.20e-05 | MSE loss: 6.2658e-03 | time: 0.168
I 06.01/03:25:49 solver.py:136 ] Epoch: [290/400][40/50] lr: 8.20e-05 | MSE loss: 6.0180e-03 | time: 0.169
I 06.01/03:25:51 solver.py:146 ] => Val  Loss: 5.9664e-03

I 06.01/03:25:54 solver.py:287 ] [20/50] loss: 6.0529e-03 | NMSE: -1.9253e+01 | time: 0.174
I 06.01/03:25:57 solver.py:287 ] [40/50] loss: 6.0018e-03 | NMSE: -1.9265e+01 | time: 0.170
I 06.01/03:25:59 solver.py:291 ] => Test NMSE: -1.9305e+01

I 06.01/03:26:07 solver.py:205 ] 
=! Best NMSE: -1.9305e+01 (epoch=290)

I 06.01/03:26:10 solver.py:136 ] Epoch: [291/400][20/400] lr: 8.20e-05 | MSE loss: 5.7741e-03 | time: 0.184
I 06.01/03:26:14 solver.py:136 ] Epoch: [291/400][40/400] lr: 8.19e-05 | MSE loss: 5.7243e-03 | time: 0.179
I 06.01/03:26:17 solver.py:136 ] Epoch: [291/400][60/400] lr: 8.19e-05 | MSE loss: 5.7333e-03 | time: 0.172
I 06.01/03:26:20 solver.py:136 ] Epoch: [291/400][80/400] lr: 8.19e-05 | MSE loss: 5.6259e-03 | time: 0.173
I 06.01/03:26:24 solver.py:136 ] Epoch: [291/400][100/400] lr: 8.18e-05 | MSE loss: 5.6941e-03 | time: 0.179
I 06.01/03:26:28 solver.py:136 ] Epoch: [291/400][120/400] lr: 8.18e-05 | MSE loss: 5.6376e-03 | time: 0.178
I 06.01/03:26:31 solver.py:136 ] Epoch: [291/400][140/400] lr: 8.18e-05 | MSE loss: 5.6126e-03 | time: 0.177
I 06.01/03:26:34 solver.py:136 ] Epoch: [291/400][160/400] lr: 8.18e-05 | MSE loss: 5.6018e-03 | time: 0.172
I 06.01/03:26:37 solver.py:136 ] Epoch: [291/400][180/400] lr: 8.17e-05 | MSE loss: 5.6024e-03 | time: 0.170
I 06.01/03:26:41 solver.py:136 ] Epoch: [291/400][200/400] lr: 8.17e-05 | MSE loss: 5.6118e-03 | time: 0.171
I 06.01/03:26:44 solver.py:136 ] Epoch: [291/400][220/400] lr: 8.17e-05 | MSE loss: 5.6513e-03 | time: 0.170
I 06.01/03:26:47 solver.py:136 ] Epoch: [291/400][240/400] lr: 8.17e-05 | MSE loss: 5.6943e-03 | time: 0.168
I 06.01/03:26:50 solver.py:136 ] Epoch: [291/400][260/400] lr: 8.16e-05 | MSE loss: 5.6740e-03 | time: 0.165
I 06.01/03:26:53 solver.py:136 ] Epoch: [291/400][280/400] lr: 8.16e-05 | MSE loss: 5.6724e-03 | time: 0.165
I 06.01/03:26:56 solver.py:136 ] Epoch: [291/400][300/400] lr: 8.16e-05 | MSE loss: 5.6873e-03 | time: 0.165
I 06.01/03:27:00 solver.py:136 ] Epoch: [291/400][320/400] lr: 8.16e-05 | MSE loss: 5.6752e-03 | time: 0.166
I 06.01/03:27:05 solver.py:136 ] Epoch: [291/400][340/400] lr: 8.15e-05 | MSE loss: 5.6746e-03 | time: 0.172
I 06.01/03:27:08 solver.py:136 ] Epoch: [291/400][360/400] lr: 8.15e-05 | MSE loss: 5.6797e-03 | time: 0.172
I 06.01/03:27:12 solver.py:136 ] Epoch: [291/400][380/400] lr: 8.15e-05 | MSE loss: 5.6847e-03 | time: 0.171
I 06.01/03:27:15 solver.py:136 ] Epoch: [291/400][400/400] lr: 8.14e-05 | MSE loss: 5.6785e-03 | time: 0.171
I 06.01/03:27:15 solver.py:146 ] => Train  Loss: 5.6785e-03

I 06.01/03:27:20 solver.py:205 ] 
=! Best NMSE: -1.9305e+01 (epoch=290)

I 06.01/03:27:23 solver.py:136 ] Epoch: [292/400][20/400] lr: 8.14e-05 | MSE loss: 5.8355e-03 | time: 0.190
I 06.01/03:27:27 solver.py:136 ] Epoch: [292/400][40/400] lr: 8.14e-05 | MSE loss: 5.8881e-03 | time: 0.178
I 06.01/03:27:30 solver.py:136 ] Epoch: [292/400][60/400] lr: 8.14e-05 | MSE loss: 5.5995e-03 | time: 0.180
I 06.01/03:27:34 solver.py:136 ] Epoch: [292/400][80/400] lr: 8.13e-05 | MSE loss: 5.5825e-03 | time: 0.177
I 06.01/03:27:37 solver.py:136 ] Epoch: [292/400][100/400] lr: 8.13e-05 | MSE loss: 5.6244e-03 | time: 0.174
I 06.01/03:27:40 solver.py:136 ] Epoch: [292/400][120/400] lr: 8.13e-05 | MSE loss: 5.6308e-03 | time: 0.173
I 06.01/03:27:44 solver.py:136 ] Epoch: [292/400][140/400] lr: 8.13e-05 | MSE loss: 5.6955e-03 | time: 0.171
I 06.01/03:27:47 solver.py:136 ] Epoch: [292/400][160/400] lr: 8.12e-05 | MSE loss: 5.6715e-03 | time: 0.169
I 06.01/03:27:50 solver.py:136 ] Epoch: [292/400][180/400] lr: 8.12e-05 | MSE loss: 5.6537e-03 | time: 0.170
I 06.01/03:27:54 solver.py:136 ] Epoch: [292/400][200/400] lr: 8.12e-05 | MSE loss: 5.6539e-03 | time: 0.171
I 06.01/03:27:57 solver.py:136 ] Epoch: [292/400][220/400] lr: 8.12e-05 | MSE loss: 5.6486e-03 | time: 0.171
I 06.01/03:28:00 solver.py:136 ] Epoch: [292/400][240/400] lr: 8.11e-05 | MSE loss: 5.6198e-03 | time: 0.170
I 06.01/03:28:05 solver.py:136 ] Epoch: [292/400][260/400] lr: 8.11e-05 | MSE loss: 5.6252e-03 | time: 0.176
I 06.01/03:28:09 solver.py:136 ] Epoch: [292/400][280/400] lr: 8.11e-05 | MSE loss: 5.6783e-03 | time: 0.175
I 06.01/03:28:12 solver.py:136 ] Epoch: [292/400][300/400] lr: 8.10e-05 | MSE loss: 5.6484e-03 | time: 0.175
I 06.01/03:28:15 solver.py:136 ] Epoch: [292/400][320/400] lr: 8.10e-05 | MSE loss: 5.6352e-03 | time: 0.175
I 06.01/03:28:19 solver.py:136 ] Epoch: [292/400][340/400] lr: 8.10e-05 | MSE loss: 5.6252e-03 | time: 0.175
I 06.01/03:28:22 solver.py:136 ] Epoch: [292/400][360/400] lr: 8.10e-05 | MSE loss: 5.6418e-03 | time: 0.174
I 06.01/03:28:25 solver.py:136 ] Epoch: [292/400][380/400] lr: 8.09e-05 | MSE loss: 5.6505e-03 | time: 0.173
I 06.01/03:28:29 solver.py:136 ] Epoch: [292/400][400/400] lr: 8.09e-05 | MSE loss: 5.6705e-03 | time: 0.173
I 06.01/03:28:29 solver.py:146 ] => Train  Loss: 5.6705e-03

I 06.01/03:28:33 solver.py:205 ] 
=! Best NMSE: -1.9305e+01 (epoch=290)

I 06.01/03:28:36 solver.py:136 ] Epoch: [293/400][20/400] lr: 8.09e-05 | MSE loss: 5.1669e-03 | time: 0.161
I 06.01/03:28:40 solver.py:136 ] Epoch: [293/400][40/400] lr: 8.09e-05 | MSE loss: 5.3189e-03 | time: 0.164
I 06.01/03:28:43 solver.py:136 ] Epoch: [293/400][60/400] lr: 8.08e-05 | MSE loss: 5.5779e-03 | time: 0.163
I 06.01/03:28:46 solver.py:136 ] Epoch: [293/400][80/400] lr: 8.08e-05 | MSE loss: 5.5851e-03 | time: 0.163
I 06.01/03:28:49 solver.py:136 ] Epoch: [293/400][100/400] lr: 8.08e-05 | MSE loss: 5.5953e-03 | time: 0.165
I 06.01/03:28:53 solver.py:136 ] Epoch: [293/400][120/400] lr: 8.08e-05 | MSE loss: 5.6309e-03 | time: 0.166
I 06.01/03:28:56 solver.py:136 ] Epoch: [293/400][140/400] lr: 8.07e-05 | MSE loss: 5.6539e-03 | time: 0.165
I 06.01/03:28:59 solver.py:136 ] Epoch: [293/400][160/400] lr: 8.07e-05 | MSE loss: 5.6621e-03 | time: 0.160
I 06.01/03:29:04 solver.py:136 ] Epoch: [293/400][180/400] lr: 8.07e-05 | MSE loss: 5.6440e-03 | time: 0.174
I 06.01/03:29:08 solver.py:136 ] Epoch: [293/400][200/400] lr: 8.07e-05 | MSE loss: 5.6684e-03 | time: 0.174
I 06.01/03:29:11 solver.py:136 ] Epoch: [293/400][220/400] lr: 8.06e-05 | MSE loss: 5.6732e-03 | time: 0.173
I 06.01/03:29:14 solver.py:136 ] Epoch: [293/400][240/400] lr: 8.06e-05 | MSE loss: 5.6569e-03 | time: 0.170
I 06.01/03:29:16 solver.py:136 ] Epoch: [293/400][260/400] lr: 8.06e-05 | MSE loss: 5.6515e-03 | time: 0.167
I 06.01/03:29:19 solver.py:136 ] Epoch: [293/400][280/400] lr: 8.05e-05 | MSE loss: 5.6262e-03 | time: 0.165
I 06.01/03:29:23 solver.py:136 ] Epoch: [293/400][300/400] lr: 8.05e-05 | MSE loss: 5.6164e-03 | time: 0.165
I 06.01/03:29:26 solver.py:136 ] Epoch: [293/400][320/400] lr: 8.05e-05 | MSE loss: 5.6047e-03 | time: 0.165
I 06.01/03:29:29 solver.py:136 ] Epoch: [293/400][340/400] lr: 8.05e-05 | MSE loss: 5.6071e-03 | time: 0.165
I 06.01/03:29:33 solver.py:136 ] Epoch: [293/400][360/400] lr: 8.04e-05 | MSE loss: 5.6449e-03 | time: 0.166
I 06.01/03:29:36 solver.py:136 ] Epoch: [293/400][380/400] lr: 8.04e-05 | MSE loss: 5.6630e-03 | time: 0.166
I 06.01/03:29:40 solver.py:136 ] Epoch: [293/400][400/400] lr: 8.04e-05 | MSE loss: 5.6678e-03 | time: 0.166
I 06.01/03:29:40 solver.py:146 ] => Train  Loss: 5.6678e-03

I 06.01/03:29:46 solver.py:205 ] 
=! Best NMSE: -1.9305e+01 (epoch=290)

I 06.01/03:29:49 solver.py:136 ] Epoch: [294/400][20/400] lr: 8.04e-05 | MSE loss: 5.9253e-03 | time: 0.168
I 06.01/03:29:53 solver.py:136 ] Epoch: [294/400][40/400] lr: 8.03e-05 | MSE loss: 5.9797e-03 | time: 0.186
I 06.01/03:29:57 solver.py:136 ] Epoch: [294/400][60/400] lr: 8.03e-05 | MSE loss: 5.8979e-03 | time: 0.182
I 06.01/03:30:00 solver.py:136 ] Epoch: [294/400][80/400] lr: 8.03e-05 | MSE loss: 5.8367e-03 | time: 0.179
I 06.01/03:30:05 solver.py:136 ] Epoch: [294/400][100/400] lr: 8.03e-05 | MSE loss: 5.8227e-03 | time: 0.195
I 06.01/03:30:08 solver.py:136 ] Epoch: [294/400][120/400] lr: 8.02e-05 | MSE loss: 5.8071e-03 | time: 0.190
I 06.01/03:30:11 solver.py:136 ] Epoch: [294/400][140/400] lr: 8.02e-05 | MSE loss: 5.7685e-03 | time: 0.185
I 06.01/03:30:15 solver.py:136 ] Epoch: [294/400][160/400] lr: 8.02e-05 | MSE loss: 5.7431e-03 | time: 0.181
I 06.01/03:30:18 solver.py:136 ] Epoch: [294/400][180/400] lr: 8.02e-05 | MSE loss: 5.7120e-03 | time: 0.180
I 06.01/03:30:21 solver.py:136 ] Epoch: [294/400][200/400] lr: 8.01e-05 | MSE loss: 5.6833e-03 | time: 0.178
I 06.01/03:30:24 solver.py:136 ] Epoch: [294/400][220/400] lr: 8.01e-05 | MSE loss: 5.6439e-03 | time: 0.175
I 06.01/03:30:28 solver.py:136 ] Epoch: [294/400][240/400] lr: 8.01e-05 | MSE loss: 5.6465e-03 | time: 0.175
I 06.01/03:30:30 solver.py:136 ] Epoch: [294/400][260/400] lr: 8.00e-05 | MSE loss: 5.6509e-03 | time: 0.172
I 06.01/03:30:34 solver.py:136 ] Epoch: [294/400][280/400] lr: 8.00e-05 | MSE loss: 5.6723e-03 | time: 0.172
I 06.01/03:30:37 solver.py:136 ] Epoch: [294/400][300/400] lr: 8.00e-05 | MSE loss: 5.6510e-03 | time: 0.173
I 06.01/03:30:41 solver.py:136 ] Epoch: [294/400][320/400] lr: 8.00e-05 | MSE loss: 5.6383e-03 | time: 0.172
I 06.01/03:30:44 solver.py:136 ] Epoch: [294/400][340/400] lr: 7.99e-05 | MSE loss: 5.6702e-03 | time: 0.173
I 06.01/03:30:48 solver.py:136 ] Epoch: [294/400][360/400] lr: 7.99e-05 | MSE loss: 5.6751e-03 | time: 0.172
I 06.01/03:30:51 solver.py:136 ] Epoch: [294/400][380/400] lr: 7.99e-05 | MSE loss: 5.6706e-03 | time: 0.172
I 06.01/03:30:55 solver.py:136 ] Epoch: [294/400][400/400] lr: 7.99e-05 | MSE loss: 5.6690e-03 | time: 0.173
I 06.01/03:30:55 solver.py:146 ] => Train  Loss: 5.6690e-03

I 06.01/03:30:59 solver.py:205 ] 
=! Best NMSE: -1.9305e+01 (epoch=290)

I 06.01/03:31:04 solver.py:136 ] Epoch: [295/400][20/400] lr: 7.98e-05 | MSE loss: 5.8330e-03 | time: 0.254
I 06.01/03:31:08 solver.py:136 ] Epoch: [295/400][40/400] lr: 7.98e-05 | MSE loss: 5.7153e-03 | time: 0.215
I 06.01/03:31:12 solver.py:136 ] Epoch: [295/400][60/400] lr: 7.98e-05 | MSE loss: 5.8042e-03 | time: 0.211
I 06.01/03:31:16 solver.py:136 ] Epoch: [295/400][80/400] lr: 7.98e-05 | MSE loss: 5.7727e-03 | time: 0.208
I 06.01/03:31:19 solver.py:136 ] Epoch: [295/400][100/400] lr: 7.97e-05 | MSE loss: 5.7735e-03 | time: 0.202
I 06.01/03:31:23 solver.py:136 ] Epoch: [295/400][120/400] lr: 7.97e-05 | MSE loss: 5.6737e-03 | time: 0.196
I 06.01/03:31:26 solver.py:136 ] Epoch: [295/400][140/400] lr: 7.97e-05 | MSE loss: 5.6595e-03 | time: 0.189
I 06.01/03:31:29 solver.py:136 ] Epoch: [295/400][160/400] lr: 7.97e-05 | MSE loss: 5.6298e-03 | time: 0.186
I 06.01/03:31:32 solver.py:136 ] Epoch: [295/400][180/400] lr: 7.96e-05 | MSE loss: 5.6018e-03 | time: 0.185
I 06.01/03:31:35 solver.py:136 ] Epoch: [295/400][200/400] lr: 7.96e-05 | MSE loss: 5.5874e-03 | time: 0.181
I 06.01/03:31:39 solver.py:136 ] Epoch: [295/400][220/400] lr: 7.96e-05 | MSE loss: 5.6233e-03 | time: 0.179
I 06.01/03:31:41 solver.py:136 ] Epoch: [295/400][240/400] lr: 7.96e-05 | MSE loss: 5.6101e-03 | time: 0.176
I 06.01/03:31:44 solver.py:136 ] Epoch: [295/400][260/400] lr: 7.95e-05 | MSE loss: 5.6811e-03 | time: 0.174
I 06.01/03:31:48 solver.py:136 ] Epoch: [295/400][280/400] lr: 7.95e-05 | MSE loss: 5.6692e-03 | time: 0.173
I 06.01/03:31:51 solver.py:136 ] Epoch: [295/400][300/400] lr: 7.95e-05 | MSE loss: 5.6548e-03 | time: 0.174
I 06.01/03:31:55 solver.py:136 ] Epoch: [295/400][320/400] lr: 7.94e-05 | MSE loss: 5.6582e-03 | time: 0.173
I 06.01/03:31:58 solver.py:136 ] Epoch: [295/400][340/400] lr: 7.94e-05 | MSE loss: 5.6298e-03 | time: 0.173
I 06.01/03:32:02 solver.py:136 ] Epoch: [295/400][360/400] lr: 7.94e-05 | MSE loss: 5.6408e-03 | time: 0.175
I 06.01/03:32:07 solver.py:136 ] Epoch: [295/400][380/400] lr: 7.94e-05 | MSE loss: 5.6524e-03 | time: 0.177
I 06.01/03:32:10 solver.py:136 ] Epoch: [295/400][400/400] lr: 7.93e-05 | MSE loss: 5.6661e-03 | time: 0.177
I 06.01/03:32:10 solver.py:146 ] => Train  Loss: 5.6661e-03

I 06.01/03:32:16 solver.py:205 ] 
=! Best NMSE: -1.9305e+01 (epoch=290)

I 06.01/03:32:20 solver.py:136 ] Epoch: [296/400][20/400] lr: 7.93e-05 | MSE loss: 5.2755e-03 | time: 0.195
I 06.01/03:32:23 solver.py:136 ] Epoch: [296/400][40/400] lr: 7.93e-05 | MSE loss: 5.5237e-03 | time: 0.185
I 06.01/03:32:27 solver.py:136 ] Epoch: [296/400][60/400] lr: 7.93e-05 | MSE loss: 5.5980e-03 | time: 0.180
I 06.01/03:32:30 solver.py:136 ] Epoch: [296/400][80/400] lr: 7.92e-05 | MSE loss: 5.5726e-03 | time: 0.176
I 06.01/03:32:33 solver.py:136 ] Epoch: [296/400][100/400] lr: 7.92e-05 | MSE loss: 5.5186e-03 | time: 0.175
I 06.01/03:32:37 solver.py:136 ] Epoch: [296/400][120/400] lr: 7.92e-05 | MSE loss: 5.5733e-03 | time: 0.174
I 06.01/03:32:40 solver.py:136 ] Epoch: [296/400][140/400] lr: 7.92e-05 | MSE loss: 5.6001e-03 | time: 0.172
I 06.01/03:32:44 solver.py:136 ] Epoch: [296/400][160/400] lr: 7.91e-05 | MSE loss: 5.6262e-03 | time: 0.175
I 06.01/03:32:47 solver.py:136 ] Epoch: [296/400][180/400] lr: 7.91e-05 | MSE loss: 5.6592e-03 | time: 0.171
I 06.01/03:32:50 solver.py:136 ] Epoch: [296/400][200/400] lr: 7.91e-05 | MSE loss: 5.6556e-03 | time: 0.170
I 06.01/03:32:53 solver.py:136 ] Epoch: [296/400][220/400] lr: 7.91e-05 | MSE loss: 5.6759e-03 | time: 0.169
I 06.01/03:32:55 solver.py:136 ] Epoch: [296/400][240/400] lr: 7.90e-05 | MSE loss: 5.6950e-03 | time: 0.165
I 06.01/03:32:58 solver.py:136 ] Epoch: [296/400][260/400] lr: 7.90e-05 | MSE loss: 5.6662e-03 | time: 0.161
I 06.01/03:33:00 solver.py:136 ] Epoch: [296/400][280/400] lr: 7.90e-05 | MSE loss: 5.6759e-03 | time: 0.159
I 06.01/03:33:06 solver.py:136 ] Epoch: [296/400][300/400] lr: 7.90e-05 | MSE loss: 5.6694e-03 | time: 0.166
I 06.01/03:33:09 solver.py:136 ] Epoch: [296/400][320/400] lr: 7.89e-05 | MSE loss: 5.6702e-03 | time: 0.166
I 06.01/03:33:12 solver.py:136 ] Epoch: [296/400][340/400] lr: 7.89e-05 | MSE loss: 5.6928e-03 | time: 0.166
I 06.01/03:33:15 solver.py:136 ] Epoch: [296/400][360/400] lr: 7.89e-05 | MSE loss: 5.6666e-03 | time: 0.166
I 06.01/03:33:19 solver.py:136 ] Epoch: [296/400][380/400] lr: 7.89e-05 | MSE loss: 5.6643e-03 | time: 0.166
I 06.01/03:33:22 solver.py:136 ] Epoch: [296/400][400/400] lr: 7.88e-05 | MSE loss: 5.6660e-03 | time: 0.166
I 06.01/03:33:22 solver.py:146 ] => Train  Loss: 5.6660e-03

I 06.01/03:33:27 solver.py:205 ] 
=! Best NMSE: -1.9305e+01 (epoch=290)

I 06.01/03:33:31 solver.py:136 ] Epoch: [297/400][20/400] lr: 7.88e-05 | MSE loss: 5.3084e-03 | time: 0.183
I 06.01/03:33:34 solver.py:136 ] Epoch: [297/400][40/400] lr: 7.88e-05 | MSE loss: 5.3317e-03 | time: 0.179
I 06.01/03:33:38 solver.py:136 ] Epoch: [297/400][60/400] lr: 7.87e-05 | MSE loss: 5.4326e-03 | time: 0.174
I 06.01/03:33:41 solver.py:136 ] Epoch: [297/400][80/400] lr: 7.87e-05 | MSE loss: 5.4330e-03 | time: 0.174
I 06.01/03:33:45 solver.py:136 ] Epoch: [297/400][100/400] lr: 7.87e-05 | MSE loss: 5.4405e-03 | time: 0.174
I 06.01/03:33:48 solver.py:136 ] Epoch: [297/400][120/400] lr: 7.87e-05 | MSE loss: 5.5195e-03 | time: 0.175
I 06.01/03:33:51 solver.py:136 ] Epoch: [297/400][140/400] lr: 7.86e-05 | MSE loss: 5.5659e-03 | time: 0.171
I 06.01/03:33:54 solver.py:136 ] Epoch: [297/400][160/400] lr: 7.86e-05 | MSE loss: 5.5844e-03 | time: 0.169
I 06.01/03:33:57 solver.py:136 ] Epoch: [297/400][180/400] lr: 7.86e-05 | MSE loss: 5.5752e-03 | time: 0.166
I 06.01/03:34:00 solver.py:136 ] Epoch: [297/400][200/400] lr: 7.86e-05 | MSE loss: 5.6259e-03 | time: 0.165
I 06.01/03:34:05 solver.py:136 ] Epoch: [297/400][220/400] lr: 7.85e-05 | MSE loss: 5.6316e-03 | time: 0.173
I 06.01/03:34:09 solver.py:136 ] Epoch: [297/400][240/400] lr: 7.85e-05 | MSE loss: 5.6334e-03 | time: 0.173
I 06.01/03:34:12 solver.py:136 ] Epoch: [297/400][260/400] lr: 7.85e-05 | MSE loss: 5.6510e-03 | time: 0.172
I 06.01/03:34:15 solver.py:136 ] Epoch: [297/400][280/400] lr: 7.85e-05 | MSE loss: 5.6315e-03 | time: 0.170
I 06.01/03:34:18 solver.py:136 ] Epoch: [297/400][300/400] lr: 7.84e-05 | MSE loss: 5.6466e-03 | time: 0.170
I 06.01/03:34:22 solver.py:136 ] Epoch: [297/400][320/400] lr: 7.84e-05 | MSE loss: 5.6505e-03 | time: 0.171
I 06.01/03:34:25 solver.py:136 ] Epoch: [297/400][340/400] lr: 7.84e-05 | MSE loss: 5.6529e-03 | time: 0.171
I 06.01/03:34:29 solver.py:136 ] Epoch: [297/400][360/400] lr: 7.84e-05 | MSE loss: 5.6583e-03 | time: 0.171
I 06.01/03:34:32 solver.py:136 ] Epoch: [297/400][380/400] lr: 7.83e-05 | MSE loss: 5.6651e-03 | time: 0.171
I 06.01/03:34:36 solver.py:136 ] Epoch: [297/400][400/400] lr: 7.83e-05 | MSE loss: 5.6622e-03 | time: 0.171
I 06.01/03:34:36 solver.py:146 ] => Train  Loss: 5.6622e-03

I 06.01/03:34:41 solver.py:205 ] 
=! Best NMSE: -1.9305e+01 (epoch=290)

I 06.01/03:34:45 solver.py:136 ] Epoch: [298/400][20/400] lr: 7.83e-05 | MSE loss: 5.3945e-03 | time: 0.178
I 06.01/03:34:48 solver.py:136 ] Epoch: [298/400][40/400] lr: 7.83e-05 | MSE loss: 5.3143e-03 | time: 0.170
I 06.01/03:34:51 solver.py:136 ] Epoch: [298/400][60/400] lr: 7.82e-05 | MSE loss: 5.3779e-03 | time: 0.166
I 06.01/03:34:54 solver.py:136 ] Epoch: [298/400][80/400] lr: 7.82e-05 | MSE loss: 5.4464e-03 | time: 0.162
I 06.01/03:34:58 solver.py:136 ] Epoch: [298/400][100/400] lr: 7.82e-05 | MSE loss: 5.4997e-03 | time: 0.167
I 06.01/03:35:03 solver.py:136 ] Epoch: [298/400][120/400] lr: 7.82e-05 | MSE loss: 5.4802e-03 | time: 0.181
I 06.01/03:35:07 solver.py:136 ] Epoch: [298/400][140/400] lr: 7.81e-05 | MSE loss: 5.5515e-03 | time: 0.183
I 06.01/03:35:10 solver.py:136 ] Epoch: [298/400][160/400] lr: 7.81e-05 | MSE loss: 5.5728e-03 | time: 0.180
I 06.01/03:35:14 solver.py:136 ] Epoch: [298/400][180/400] lr: 7.81e-05 | MSE loss: 5.6290e-03 | time: 0.182
I 06.01/03:35:18 solver.py:136 ] Epoch: [298/400][200/400] lr: 7.81e-05 | MSE loss: 5.6453e-03 | time: 0.182
I 06.01/03:35:21 solver.py:136 ] Epoch: [298/400][220/400] lr: 7.80e-05 | MSE loss: 5.6505e-03 | time: 0.179
I 06.01/03:35:24 solver.py:136 ] Epoch: [298/400][240/400] lr: 7.80e-05 | MSE loss: 5.6477e-03 | time: 0.176
I 06.01/03:35:26 solver.py:136 ] Epoch: [298/400][260/400] lr: 7.80e-05 | MSE loss: 5.6542e-03 | time: 0.172
I 06.01/03:35:28 solver.py:136 ] Epoch: [298/400][280/400] lr: 7.80e-05 | MSE loss: 5.6374e-03 | time: 0.167
I 06.01/03:35:31 solver.py:136 ] Epoch: [298/400][300/400] lr: 7.79e-05 | MSE loss: 5.6681e-03 | time: 0.164
I 06.01/03:35:34 solver.py:136 ] Epoch: [298/400][320/400] lr: 7.79e-05 | MSE loss: 5.6589e-03 | time: 0.164
I 06.01/03:35:37 solver.py:136 ] Epoch: [298/400][340/400] lr: 7.79e-05 | MSE loss: 5.6554e-03 | time: 0.165
I 06.01/03:35:41 solver.py:136 ] Epoch: [298/400][360/400] lr: 7.79e-05 | MSE loss: 5.6572e-03 | time: 0.165
I 06.01/03:35:44 solver.py:136 ] Epoch: [298/400][380/400] lr: 7.78e-05 | MSE loss: 5.6674e-03 | time: 0.165
I 06.01/03:35:47 solver.py:136 ] Epoch: [298/400][400/400] lr: 7.78e-05 | MSE loss: 5.6607e-03 | time: 0.165
I 06.01/03:35:47 solver.py:146 ] => Train  Loss: 5.6607e-03

I 06.01/03:35:52 solver.py:205 ] 
=! Best NMSE: -1.9305e+01 (epoch=290)

I 06.01/03:35:56 solver.py:136 ] Epoch: [299/400][20/400] lr: 7.78e-05 | MSE loss: 5.7601e-03 | time: 0.176
I 06.01/03:35:59 solver.py:136 ] Epoch: [299/400][40/400] lr: 7.78e-05 | MSE loss: 5.6459e-03 | time: 0.174
I 06.01/03:36:04 solver.py:136 ] Epoch: [299/400][60/400] lr: 7.77e-05 | MSE loss: 5.7405e-03 | time: 0.188
I 06.01/03:36:07 solver.py:136 ] Epoch: [299/400][80/400] lr: 7.77e-05 | MSE loss: 5.7566e-03 | time: 0.188
I 06.01/03:36:11 solver.py:136 ] Epoch: [299/400][100/400] lr: 7.77e-05 | MSE loss: 5.7162e-03 | time: 0.186
I 06.01/03:36:14 solver.py:136 ] Epoch: [299/400][120/400] lr: 7.76e-05 | MSE loss: 5.7173e-03 | time: 0.184
I 06.01/03:36:18 solver.py:136 ] Epoch: [299/400][140/400] lr: 7.76e-05 | MSE loss: 5.7190e-03 | time: 0.181
I 06.01/03:36:21 solver.py:136 ] Epoch: [299/400][160/400] lr: 7.76e-05 | MSE loss: 5.7182e-03 | time: 0.180
I 06.01/03:36:25 solver.py:136 ] Epoch: [299/400][180/400] lr: 7.76e-05 | MSE loss: 5.6688e-03 | time: 0.180
I 06.01/03:36:28 solver.py:136 ] Epoch: [299/400][200/400] lr: 7.75e-05 | MSE loss: 5.6327e-03 | time: 0.179
I 06.01/03:36:31 solver.py:136 ] Epoch: [299/400][220/400] lr: 7.75e-05 | MSE loss: 5.6132e-03 | time: 0.177
I 06.01/03:36:34 solver.py:136 ] Epoch: [299/400][240/400] lr: 7.75e-05 | MSE loss: 5.6365e-03 | time: 0.175
I 06.01/03:36:38 solver.py:136 ] Epoch: [299/400][260/400] lr: 7.75e-05 | MSE loss: 5.6589e-03 | time: 0.174
I 06.01/03:36:40 solver.py:136 ] Epoch: [299/400][280/400] lr: 7.74e-05 | MSE loss: 5.6469e-03 | time: 0.172
I 06.01/03:36:43 solver.py:136 ] Epoch: [299/400][300/400] lr: 7.74e-05 | MSE loss: 5.6258e-03 | time: 0.169
I 06.01/03:36:46 solver.py:136 ] Epoch: [299/400][320/400] lr: 7.74e-05 | MSE loss: 5.6222e-03 | time: 0.167
I 06.01/03:36:49 solver.py:136 ] Epoch: [299/400][340/400] lr: 7.74e-05 | MSE loss: 5.6369e-03 | time: 0.167
I 06.01/03:36:53 solver.py:136 ] Epoch: [299/400][360/400] lr: 7.73e-05 | MSE loss: 5.6410e-03 | time: 0.167
I 06.01/03:36:56 solver.py:136 ] Epoch: [299/400][380/400] lr: 7.73e-05 | MSE loss: 5.6491e-03 | time: 0.168
I 06.01/03:36:59 solver.py:136 ] Epoch: [299/400][400/400] lr: 7.73e-05 | MSE loss: 5.6561e-03 | time: 0.168
I 06.01/03:36:59 solver.py:146 ] => Train  Loss: 5.6561e-03

I 06.01/03:37:04 solver.py:205 ] 
=! Best NMSE: -1.9305e+01 (epoch=290)

I 06.01/03:37:08 solver.py:136 ] Epoch: [300/400][20/400] lr: 7.73e-05 | MSE loss: 5.3878e-03 | time: 0.197
I 06.01/03:37:12 solver.py:136 ] Epoch: [300/400][40/400] lr: 7.72e-05 | MSE loss: 5.7338e-03 | time: 0.194
I 06.01/03:37:15 solver.py:136 ] Epoch: [300/400][60/400] lr: 7.72e-05 | MSE loss: 5.6158e-03 | time: 0.185
I 06.01/03:37:18 solver.py:136 ] Epoch: [300/400][80/400] lr: 7.72e-05 | MSE loss: 5.5982e-03 | time: 0.176
I 06.01/03:37:21 solver.py:136 ] Epoch: [300/400][100/400] lr: 7.72e-05 | MSE loss: 5.6992e-03 | time: 0.174
I 06.01/03:37:25 solver.py:136 ] Epoch: [300/400][120/400] lr: 7.71e-05 | MSE loss: 5.6073e-03 | time: 0.171
I 06.01/03:37:28 solver.py:136 ] Epoch: [300/400][140/400] lr: 7.71e-05 | MSE loss: 5.6707e-03 | time: 0.169
I 06.01/03:37:31 solver.py:136 ] Epoch: [300/400][160/400] lr: 7.71e-05 | MSE loss: 5.6398e-03 | time: 0.168
I 06.01/03:37:34 solver.py:136 ] Epoch: [300/400][180/400] lr: 7.71e-05 | MSE loss: 5.6741e-03 | time: 0.167
I 06.01/03:37:38 solver.py:136 ] Epoch: [300/400][200/400] lr: 7.70e-05 | MSE loss: 5.6494e-03 | time: 0.168
I 06.01/03:37:41 solver.py:136 ] Epoch: [300/400][220/400] lr: 7.70e-05 | MSE loss: 5.6407e-03 | time: 0.168
I 06.01/03:37:44 solver.py:136 ] Epoch: [300/400][240/400] lr: 7.70e-05 | MSE loss: 5.6363e-03 | time: 0.167
I 06.01/03:37:47 solver.py:136 ] Epoch: [300/400][260/400] lr: 7.70e-05 | MSE loss: 5.6197e-03 | time: 0.166
I 06.01/03:37:50 solver.py:136 ] Epoch: [300/400][280/400] lr: 7.69e-05 | MSE loss: 5.6408e-03 | time: 0.165
I 06.01/03:37:54 solver.py:136 ] Epoch: [300/400][300/400] lr: 7.69e-05 | MSE loss: 5.6421e-03 | time: 0.165
I 06.01/03:37:56 solver.py:136 ] Epoch: [300/400][320/400] lr: 7.69e-05 | MSE loss: 5.6618e-03 | time: 0.162
I 06.01/03:37:59 solver.py:136 ] Epoch: [300/400][340/400] lr: 7.69e-05 | MSE loss: 5.6557e-03 | time: 0.161
I 06.01/03:38:04 solver.py:136 ] Epoch: [300/400][360/400] lr: 7.68e-05 | MSE loss: 5.6577e-03 | time: 0.166
I 06.01/03:38:08 solver.py:136 ] Epoch: [300/400][380/400] lr: 7.68e-05 | MSE loss: 5.6631e-03 | time: 0.168
I 06.01/03:38:11 solver.py:136 ] Epoch: [300/400][400/400] lr: 7.68e-05 | MSE loss: 5.6534e-03 | time: 0.168
I 06.01/03:38:11 solver.py:146 ] => Train  Loss: 5.6534e-03

I 06.01/03:38:14 solver.py:136 ] Epoch: [300/400][20/50] lr: 7.68e-05 | MSE loss: 6.2310e-03 | time: 0.152
I 06.01/03:38:17 solver.py:136 ] Epoch: [300/400][40/50] lr: 7.68e-05 | MSE loss: 5.9811e-03 | time: 0.155
I 06.01/03:38:19 solver.py:146 ] => Val  Loss: 5.9278e-03

I 06.01/03:38:23 solver.py:287 ] [20/50] loss: 6.0161e-03 | NMSE: -1.9281e+01 | time: 0.185
I 06.01/03:38:26 solver.py:287 ] [40/50] loss: 5.9687e-03 | NMSE: -1.9291e+01 | time: 0.178
I 06.01/03:38:27 solver.py:291 ] => Test NMSE: -1.9331e+01

I 06.01/03:38:36 solver.py:205 ] 
=! Best NMSE: -1.9331e+01 (epoch=300)

I 06.01/03:38:39 solver.py:136 ] Epoch: [301/400][20/400] lr: 7.68e-05 | MSE loss: 5.3796e-03 | time: 0.174
I 06.01/03:38:43 solver.py:136 ] Epoch: [301/400][40/400] lr: 7.67e-05 | MSE loss: 5.4937e-03 | time: 0.180
I 06.01/03:38:47 solver.py:136 ] Epoch: [301/400][60/400] lr: 7.67e-05 | MSE loss: 5.3952e-03 | time: 0.183
I 06.01/03:38:50 solver.py:136 ] Epoch: [301/400][80/400] lr: 7.67e-05 | MSE loss: 5.5263e-03 | time: 0.178
I 06.01/03:38:53 solver.py:136 ] Epoch: [301/400][100/400] lr: 7.67e-05 | MSE loss: 5.5801e-03 | time: 0.174
I 06.01/03:38:57 solver.py:136 ] Epoch: [301/400][120/400] lr: 7.66e-05 | MSE loss: 5.5588e-03 | time: 0.174
I 06.01/03:39:00 solver.py:136 ] Epoch: [301/400][140/400] lr: 7.66e-05 | MSE loss: 5.6221e-03 | time: 0.171
I 06.01/03:39:04 solver.py:136 ] Epoch: [301/400][160/400] lr: 7.66e-05 | MSE loss: 5.6474e-03 | time: 0.179
I 06.01/03:39:08 solver.py:136 ] Epoch: [301/400][180/400] lr: 7.66e-05 | MSE loss: 5.6686e-03 | time: 0.177
I 06.01/03:39:11 solver.py:136 ] Epoch: [301/400][200/400] lr: 7.65e-05 | MSE loss: 5.6260e-03 | time: 0.174
I 06.01/03:39:14 solver.py:136 ] Epoch: [301/400][220/400] lr: 7.65e-05 | MSE loss: 5.6236e-03 | time: 0.174
I 06.01/03:39:17 solver.py:136 ] Epoch: [301/400][240/400] lr: 7.65e-05 | MSE loss: 5.6276e-03 | time: 0.173
I 06.01/03:39:21 solver.py:136 ] Epoch: [301/400][260/400] lr: 7.65e-05 | MSE loss: 5.6378e-03 | time: 0.174
I 06.01/03:39:24 solver.py:136 ] Epoch: [301/400][280/400] lr: 7.64e-05 | MSE loss: 5.6476e-03 | time: 0.174
I 06.01/03:39:28 solver.py:136 ] Epoch: [301/400][300/400] lr: 7.64e-05 | MSE loss: 5.6540e-03 | time: 0.173
I 06.01/03:39:30 solver.py:136 ] Epoch: [301/400][320/400] lr: 7.64e-05 | MSE loss: 5.6554e-03 | time: 0.170
I 06.01/03:39:33 solver.py:136 ] Epoch: [301/400][340/400] lr: 7.64e-05 | MSE loss: 5.6608e-03 | time: 0.168
I 06.01/03:39:37 solver.py:136 ] Epoch: [301/400][360/400] lr: 7.63e-05 | MSE loss: 5.6717e-03 | time: 0.169
I 06.01/03:39:40 solver.py:136 ] Epoch: [301/400][380/400] lr: 7.63e-05 | MSE loss: 5.6775e-03 | time: 0.169
I 06.01/03:39:43 solver.py:136 ] Epoch: [301/400][400/400] lr: 7.63e-05 | MSE loss: 5.6541e-03 | time: 0.167
I 06.01/03:39:43 solver.py:146 ] => Train  Loss: 5.6541e-03

I 06.01/03:39:47 solver.py:205 ] 
=! Best NMSE: -1.9331e+01 (epoch=300)

I 06.01/03:39:50 solver.py:136 ] Epoch: [302/400][20/400] lr: 7.63e-05 | MSE loss: 5.9418e-03 | time: 0.180
I 06.01/03:39:54 solver.py:136 ] Epoch: [302/400][40/400] lr: 7.62e-05 | MSE loss: 5.6860e-03 | time: 0.170
I 06.01/03:39:57 solver.py:136 ] Epoch: [302/400][60/400] lr: 7.62e-05 | MSE loss: 5.6625e-03 | time: 0.169
I 06.01/03:40:01 solver.py:136 ] Epoch: [302/400][80/400] lr: 7.62e-05 | MSE loss: 5.7633e-03 | time: 0.172
I 06.01/03:40:06 solver.py:136 ] Epoch: [302/400][100/400] lr: 7.62e-05 | MSE loss: 5.7267e-03 | time: 0.188
I 06.01/03:40:09 solver.py:136 ] Epoch: [302/400][120/400] lr: 7.61e-05 | MSE loss: 5.7358e-03 | time: 0.187
I 06.01/03:40:13 solver.py:136 ] Epoch: [302/400][140/400] lr: 7.61e-05 | MSE loss: 5.6850e-03 | time: 0.185
I 06.01/03:40:15 solver.py:136 ] Epoch: [302/400][160/400] lr: 7.61e-05 | MSE loss: 5.6957e-03 | time: 0.180
I 06.01/03:40:19 solver.py:136 ] Epoch: [302/400][180/400] lr: 7.61e-05 | MSE loss: 5.6907e-03 | time: 0.178
I 06.01/03:40:22 solver.py:136 ] Epoch: [302/400][200/400] lr: 7.60e-05 | MSE loss: 5.7655e-03 | time: 0.175
I 06.01/03:40:25 solver.py:136 ] Epoch: [302/400][220/400] lr: 7.60e-05 | MSE loss: 5.7414e-03 | time: 0.175
I 06.01/03:40:29 solver.py:136 ] Epoch: [302/400][240/400] lr: 7.60e-05 | MSE loss: 5.7299e-03 | time: 0.174
I 06.01/03:40:32 solver.py:136 ] Epoch: [302/400][260/400] lr: 7.60e-05 | MSE loss: 5.6972e-03 | time: 0.172
I 06.01/03:40:35 solver.py:136 ] Epoch: [302/400][280/400] lr: 7.59e-05 | MSE loss: 5.6846e-03 | time: 0.171
I 06.01/03:40:38 solver.py:136 ] Epoch: [302/400][300/400] lr: 7.59e-05 | MSE loss: 5.6846e-03 | time: 0.172
I 06.01/03:40:41 solver.py:136 ] Epoch: [302/400][320/400] lr: 7.59e-05 | MSE loss: 5.6949e-03 | time: 0.170
I 06.01/03:40:43 solver.py:136 ] Epoch: [302/400][340/400] lr: 7.59e-05 | MSE loss: 5.7023e-03 | time: 0.166
I 06.01/03:40:46 solver.py:136 ] Epoch: [302/400][360/400] lr: 7.58e-05 | MSE loss: 5.6768e-03 | time: 0.165
I 06.01/03:40:50 solver.py:136 ] Epoch: [302/400][380/400] lr: 7.58e-05 | MSE loss: 5.6646e-03 | time: 0.166
I 06.01/03:40:53 solver.py:136 ] Epoch: [302/400][400/400] lr: 7.58e-05 | MSE loss: 5.6566e-03 | time: 0.165
I 06.01/03:40:53 solver.py:146 ] => Train  Loss: 5.6566e-03

I 06.01/03:40:57 solver.py:205 ] 
=! Best NMSE: -1.9331e+01 (epoch=300)

I 06.01/03:41:02 solver.py:136 ] Epoch: [303/400][20/400] lr: 7.58e-05 | MSE loss: 5.8143e-03 | time: 0.240
I 06.01/03:41:07 solver.py:136 ] Epoch: [303/400][40/400] lr: 7.57e-05 | MSE loss: 5.7973e-03 | time: 0.240
I 06.01/03:41:10 solver.py:136 ] Epoch: [303/400][60/400] lr: 7.57e-05 | MSE loss: 5.6899e-03 | time: 0.216
I 06.01/03:41:14 solver.py:136 ] Epoch: [303/400][80/400] lr: 7.57e-05 | MSE loss: 5.6544e-03 | time: 0.205
I 06.01/03:41:16 solver.py:136 ] Epoch: [303/400][100/400] lr: 7.57e-05 | MSE loss: 5.8040e-03 | time: 0.192
I 06.01/03:41:19 solver.py:136 ] Epoch: [303/400][120/400] lr: 7.56e-05 | MSE loss: 5.7455e-03 | time: 0.183
I 06.01/03:41:22 solver.py:136 ] Epoch: [303/400][140/400] lr: 7.56e-05 | MSE loss: 5.7547e-03 | time: 0.179
I 06.01/03:41:26 solver.py:136 ] Epoch: [303/400][160/400] lr: 7.56e-05 | MSE loss: 5.7630e-03 | time: 0.177
I 06.01/03:41:29 solver.py:136 ] Epoch: [303/400][180/400] lr: 7.56e-05 | MSE loss: 5.7759e-03 | time: 0.176
I 06.01/03:41:32 solver.py:136 ] Epoch: [303/400][200/400] lr: 7.55e-05 | MSE loss: 5.7272e-03 | time: 0.176
I 06.01/03:41:36 solver.py:136 ] Epoch: [303/400][220/400] lr: 7.55e-05 | MSE loss: 5.7257e-03 | time: 0.174
I 06.01/03:41:39 solver.py:136 ] Epoch: [303/400][240/400] lr: 7.55e-05 | MSE loss: 5.7116e-03 | time: 0.173
I 06.01/03:41:42 solver.py:136 ] Epoch: [303/400][260/400] lr: 7.55e-05 | MSE loss: 5.6771e-03 | time: 0.174
I 06.01/03:41:46 solver.py:136 ] Epoch: [303/400][280/400] lr: 7.55e-05 | MSE loss: 5.6900e-03 | time: 0.174
I 06.01/03:41:49 solver.py:136 ] Epoch: [303/400][300/400] lr: 7.54e-05 | MSE loss: 5.6861e-03 | time: 0.173
I 06.01/03:41:53 solver.py:136 ] Epoch: [303/400][320/400] lr: 7.54e-05 | MSE loss: 5.6743e-03 | time: 0.173
I 06.01/03:41:56 solver.py:136 ] Epoch: [303/400][340/400] lr: 7.54e-05 | MSE loss: 5.6784e-03 | time: 0.172
I 06.01/03:41:58 solver.py:136 ] Epoch: [303/400][360/400] lr: 7.54e-05 | MSE loss: 5.6543e-03 | time: 0.170
I 06.01/03:42:03 solver.py:136 ] Epoch: [303/400][380/400] lr: 7.53e-05 | MSE loss: 5.6622e-03 | time: 0.173
I 06.01/03:42:07 solver.py:136 ] Epoch: [303/400][400/400] lr: 7.53e-05 | MSE loss: 5.6557e-03 | time: 0.174
I 06.01/03:42:07 solver.py:146 ] => Train  Loss: 5.6557e-03

I 06.01/03:42:11 solver.py:205 ] 
=! Best NMSE: -1.9331e+01 (epoch=300)

I 06.01/03:42:14 solver.py:136 ] Epoch: [304/400][20/400] lr: 7.53e-05 | MSE loss: 5.8426e-03 | time: 0.166
I 06.01/03:42:18 solver.py:136 ] Epoch: [304/400][40/400] lr: 7.53e-05 | MSE loss: 5.6130e-03 | time: 0.168
I 06.01/03:42:21 solver.py:136 ] Epoch: [304/400][60/400] lr: 7.52e-05 | MSE loss: 5.5829e-03 | time: 0.165
I 06.01/03:42:25 solver.py:136 ] Epoch: [304/400][80/400] lr: 7.52e-05 | MSE loss: 5.5973e-03 | time: 0.170
I 06.01/03:42:28 solver.py:136 ] Epoch: [304/400][100/400] lr: 7.52e-05 | MSE loss: 5.6536e-03 | time: 0.170
I 06.01/03:42:31 solver.py:136 ] Epoch: [304/400][120/400] lr: 7.52e-05 | MSE loss: 5.6277e-03 | time: 0.167
I 06.01/03:42:35 solver.py:136 ] Epoch: [304/400][140/400] lr: 7.51e-05 | MSE loss: 5.6962e-03 | time: 0.169
I 06.01/03:42:38 solver.py:136 ] Epoch: [304/400][160/400] lr: 7.51e-05 | MSE loss: 5.6974e-03 | time: 0.168
I 06.01/03:42:41 solver.py:136 ] Epoch: [304/400][180/400] lr: 7.51e-05 | MSE loss: 5.6692e-03 | time: 0.168
I 06.01/03:42:45 solver.py:136 ] Epoch: [304/400][200/400] lr: 7.51e-05 | MSE loss: 5.6817e-03 | time: 0.168
I 06.01/03:42:48 solver.py:136 ] Epoch: [304/400][220/400] lr: 7.50e-05 | MSE loss: 5.6922e-03 | time: 0.166
I 06.01/03:42:51 solver.py:136 ] Epoch: [304/400][240/400] lr: 7.50e-05 | MSE loss: 5.6754e-03 | time: 0.166
I 06.01/03:42:54 solver.py:136 ] Epoch: [304/400][260/400] lr: 7.50e-05 | MSE loss: 5.6543e-03 | time: 0.166
I 06.01/03:42:58 solver.py:136 ] Epoch: [304/400][280/400] lr: 7.50e-05 | MSE loss: 5.6656e-03 | time: 0.166
I 06.01/03:43:02 solver.py:136 ] Epoch: [304/400][300/400] lr: 7.49e-05 | MSE loss: 5.6472e-03 | time: 0.169
I 06.01/03:43:06 solver.py:136 ] Epoch: [304/400][320/400] lr: 7.49e-05 | MSE loss: 5.6468e-03 | time: 0.173
I 06.01/03:43:10 solver.py:136 ] Epoch: [304/400][340/400] lr: 7.49e-05 | MSE loss: 5.6348e-03 | time: 0.172
I 06.01/03:43:12 solver.py:136 ] Epoch: [304/400][360/400] lr: 7.49e-05 | MSE loss: 5.6474e-03 | time: 0.170
I 06.01/03:43:15 solver.py:136 ] Epoch: [304/400][380/400] lr: 7.48e-05 | MSE loss: 5.6580e-03 | time: 0.170
I 06.01/03:43:19 solver.py:136 ] Epoch: [304/400][400/400] lr: 7.48e-05 | MSE loss: 5.6541e-03 | time: 0.170
I 06.01/03:43:19 solver.py:146 ] => Train  Loss: 5.6541e-03

I 06.01/03:43:24 solver.py:205 ] 
=! Best NMSE: -1.9331e+01 (epoch=300)

I 06.01/03:43:27 solver.py:136 ] Epoch: [305/400][20/400] lr: 7.48e-05 | MSE loss: 5.1529e-03 | time: 0.166
I 06.01/03:43:31 solver.py:136 ] Epoch: [305/400][40/400] lr: 7.48e-05 | MSE loss: 5.4072e-03 | time: 0.175
I 06.01/03:43:34 solver.py:136 ] Epoch: [305/400][60/400] lr: 7.47e-05 | MSE loss: 5.3739e-03 | time: 0.175
I 06.01/03:43:38 solver.py:136 ] Epoch: [305/400][80/400] lr: 7.47e-05 | MSE loss: 5.4261e-03 | time: 0.174
I 06.01/03:43:41 solver.py:136 ] Epoch: [305/400][100/400] lr: 7.47e-05 | MSE loss: 5.6050e-03 | time: 0.169
I 06.01/03:43:44 solver.py:136 ] Epoch: [305/400][120/400] lr: 7.47e-05 | MSE loss: 5.5857e-03 | time: 0.168
I 06.01/03:43:47 solver.py:136 ] Epoch: [305/400][140/400] lr: 7.46e-05 | MSE loss: 5.5539e-03 | time: 0.167
I 06.01/03:43:50 solver.py:136 ] Epoch: [305/400][160/400] lr: 7.46e-05 | MSE loss: 5.5758e-03 | time: 0.166
I 06.01/03:43:54 solver.py:136 ] Epoch: [305/400][180/400] lr: 7.46e-05 | MSE loss: 5.5890e-03 | time: 0.167
I 06.01/03:43:57 solver.py:136 ] Epoch: [305/400][200/400] lr: 7.46e-05 | MSE loss: 5.5827e-03 | time: 0.167
I 06.01/03:44:00 solver.py:136 ] Epoch: [305/400][220/400] lr: 7.45e-05 | MSE loss: 5.6153e-03 | time: 0.166
I 06.01/03:44:05 solver.py:136 ] Epoch: [305/400][240/400] lr: 7.45e-05 | MSE loss: 5.6140e-03 | time: 0.172
I 06.01/03:44:08 solver.py:136 ] Epoch: [305/400][260/400] lr: 7.45e-05 | MSE loss: 5.6065e-03 | time: 0.172
I 06.01/03:44:12 solver.py:136 ] Epoch: [305/400][280/400] lr: 7.45e-05 | MSE loss: 5.6197e-03 | time: 0.171
I 06.01/03:44:15 solver.py:136 ] Epoch: [305/400][300/400] lr: 7.45e-05 | MSE loss: 5.6140e-03 | time: 0.172
I 06.01/03:44:19 solver.py:136 ] Epoch: [305/400][320/400] lr: 7.44e-05 | MSE loss: 5.6601e-03 | time: 0.172
I 06.01/03:44:22 solver.py:136 ] Epoch: [305/400][340/400] lr: 7.44e-05 | MSE loss: 5.6422e-03 | time: 0.173
I 06.01/03:44:25 solver.py:136 ] Epoch: [305/400][360/400] lr: 7.44e-05 | MSE loss: 5.6483e-03 | time: 0.171
I 06.01/03:44:29 solver.py:136 ] Epoch: [305/400][380/400] lr: 7.44e-05 | MSE loss: 5.6492e-03 | time: 0.171
I 06.01/03:44:32 solver.py:136 ] Epoch: [305/400][400/400] lr: 7.43e-05 | MSE loss: 5.6471e-03 | time: 0.171
I 06.01/03:44:32 solver.py:146 ] => Train  Loss: 5.6471e-03

I 06.01/03:44:37 solver.py:205 ] 
=! Best NMSE: -1.9331e+01 (epoch=300)

I 06.01/03:44:41 solver.py:136 ] Epoch: [306/400][20/400] lr: 7.43e-05 | MSE loss: 6.1157e-03 | time: 0.172
I 06.01/03:44:44 solver.py:136 ] Epoch: [306/400][40/400] lr: 7.43e-05 | MSE loss: 5.7398e-03 | time: 0.173
I 06.01/03:44:48 solver.py:136 ] Epoch: [306/400][60/400] lr: 7.43e-05 | MSE loss: 5.6477e-03 | time: 0.169
I 06.01/03:44:51 solver.py:136 ] Epoch: [306/400][80/400] lr: 7.42e-05 | MSE loss: 5.6329e-03 | time: 0.168
I 06.01/03:44:54 solver.py:136 ] Epoch: [306/400][100/400] lr: 7.42e-05 | MSE loss: 5.6843e-03 | time: 0.169
I 06.01/03:44:58 solver.py:136 ] Epoch: [306/400][120/400] lr: 7.42e-05 | MSE loss: 5.6610e-03 | time: 0.169
I 06.01/03:45:02 solver.py:136 ] Epoch: [306/400][140/400] lr: 7.42e-05 | MSE loss: 5.6672e-03 | time: 0.176
I 06.01/03:45:06 solver.py:136 ] Epoch: [306/400][160/400] lr: 7.41e-05 | MSE loss: 5.6458e-03 | time: 0.182
I 06.01/03:45:10 solver.py:136 ] Epoch: [306/400][180/400] lr: 7.41e-05 | MSE loss: 5.6635e-03 | time: 0.182
I 06.01/03:45:13 solver.py:136 ] Epoch: [306/400][200/400] lr: 7.41e-05 | MSE loss: 5.6473e-03 | time: 0.179
I 06.01/03:45:16 solver.py:136 ] Epoch: [306/400][220/400] lr: 7.41e-05 | MSE loss: 5.6451e-03 | time: 0.176
I 06.01/03:45:19 solver.py:136 ] Epoch: [306/400][240/400] lr: 7.40e-05 | MSE loss: 5.6069e-03 | time: 0.175
I 06.01/03:45:22 solver.py:136 ] Epoch: [306/400][260/400] lr: 7.40e-05 | MSE loss: 5.6368e-03 | time: 0.171
I 06.01/03:45:25 solver.py:136 ] Epoch: [306/400][280/400] lr: 7.40e-05 | MSE loss: 5.6159e-03 | time: 0.171
I 06.01/03:45:28 solver.py:136 ] Epoch: [306/400][300/400] lr: 7.40e-05 | MSE loss: 5.6059e-03 | time: 0.168
I 06.01/03:45:31 solver.py:136 ] Epoch: [306/400][320/400] lr: 7.39e-05 | MSE loss: 5.6067e-03 | time: 0.169
I 06.01/03:45:35 solver.py:136 ] Epoch: [306/400][340/400] lr: 7.39e-05 | MSE loss: 5.6233e-03 | time: 0.169
I 06.01/03:45:37 solver.py:136 ] Epoch: [306/400][360/400] lr: 7.39e-05 | MSE loss: 5.6188e-03 | time: 0.167
I 06.01/03:45:41 solver.py:136 ] Epoch: [306/400][380/400] lr: 7.39e-05 | MSE loss: 5.6290e-03 | time: 0.166
I 06.01/03:45:44 solver.py:136 ] Epoch: [306/400][400/400] lr: 7.39e-05 | MSE loss: 5.6426e-03 | time: 0.166
I 06.01/03:45:44 solver.py:146 ] => Train  Loss: 5.6426e-03

I 06.01/03:45:48 solver.py:205 ] 
=! Best NMSE: -1.9331e+01 (epoch=300)

I 06.01/03:45:52 solver.py:136 ] Epoch: [307/400][20/400] lr: 7.38e-05 | MSE loss: 5.6753e-03 | time: 0.172
I 06.01/03:45:55 solver.py:136 ] Epoch: [307/400][40/400] lr: 7.38e-05 | MSE loss: 5.7100e-03 | time: 0.175
I 06.01/03:45:59 solver.py:136 ] Epoch: [307/400][60/400] lr: 7.38e-05 | MSE loss: 5.5687e-03 | time: 0.168
I 06.01/03:46:03 solver.py:136 ] Epoch: [307/400][80/400] lr: 7.38e-05 | MSE loss: 5.6504e-03 | time: 0.187
I 06.01/03:46:07 solver.py:136 ] Epoch: [307/400][100/400] lr: 7.37e-05 | MSE loss: 5.6230e-03 | time: 0.189
I 06.01/03:46:11 solver.py:136 ] Epoch: [307/400][120/400] lr: 7.37e-05 | MSE loss: 5.6553e-03 | time: 0.185
I 06.01/03:46:14 solver.py:136 ] Epoch: [307/400][140/400] lr: 7.37e-05 | MSE loss: 5.6426e-03 | time: 0.182
I 06.01/03:46:17 solver.py:136 ] Epoch: [307/400][160/400] lr: 7.37e-05 | MSE loss: 5.6233e-03 | time: 0.181
I 06.01/03:46:21 solver.py:136 ] Epoch: [307/400][180/400] lr: 7.36e-05 | MSE loss: 5.6108e-03 | time: 0.182
I 06.01/03:46:25 solver.py:136 ] Epoch: [307/400][200/400] lr: 7.36e-05 | MSE loss: 5.6294e-03 | time: 0.181
I 06.01/03:46:28 solver.py:136 ] Epoch: [307/400][220/400] lr: 7.36e-05 | MSE loss: 5.6226e-03 | time: 0.179
I 06.01/03:46:31 solver.py:136 ] Epoch: [307/400][240/400] lr: 7.36e-05 | MSE loss: 5.6031e-03 | time: 0.177
I 06.01/03:46:35 solver.py:136 ] Epoch: [307/400][260/400] lr: 7.35e-05 | MSE loss: 5.5863e-03 | time: 0.177
I 06.01/03:46:38 solver.py:136 ] Epoch: [307/400][280/400] lr: 7.35e-05 | MSE loss: 5.5914e-03 | time: 0.176
I 06.01/03:46:41 solver.py:136 ] Epoch: [307/400][300/400] lr: 7.35e-05 | MSE loss: 5.6299e-03 | time: 0.174
I 06.01/03:46:44 solver.py:136 ] Epoch: [307/400][320/400] lr: 7.35e-05 | MSE loss: 5.6334e-03 | time: 0.174
I 06.01/03:46:47 solver.py:136 ] Epoch: [307/400][340/400] lr: 7.34e-05 | MSE loss: 5.6297e-03 | time: 0.173
I 06.01/03:46:50 solver.py:136 ] Epoch: [307/400][360/400] lr: 7.34e-05 | MSE loss: 5.6373e-03 | time: 0.170
I 06.01/03:46:52 solver.py:136 ] Epoch: [307/400][380/400] lr: 7.34e-05 | MSE loss: 5.6275e-03 | time: 0.168
I 06.01/03:46:56 solver.py:136 ] Epoch: [307/400][400/400] lr: 7.34e-05 | MSE loss: 5.6399e-03 | time: 0.168
I 06.01/03:46:56 solver.py:146 ] => Train  Loss: 5.6399e-03

I 06.01/03:47:03 solver.py:205 ] 
=! Best NMSE: -1.9331e+01 (epoch=300)

I 06.01/03:47:07 solver.py:136 ] Epoch: [308/400][20/400] lr: 7.33e-05 | MSE loss: 5.8994e-03 | time: 0.213
I 06.01/03:47:10 solver.py:136 ] Epoch: [308/400][40/400] lr: 7.33e-05 | MSE loss: 5.7226e-03 | time: 0.181
I 06.01/03:47:13 solver.py:136 ] Epoch: [308/400][60/400] lr: 7.33e-05 | MSE loss: 5.6166e-03 | time: 0.171
I 06.01/03:47:16 solver.py:136 ] Epoch: [308/400][80/400] lr: 7.33e-05 | MSE loss: 5.6659e-03 | time: 0.162
I 06.01/03:47:19 solver.py:136 ] Epoch: [308/400][100/400] lr: 7.33e-05 | MSE loss: 5.6475e-03 | time: 0.158
I 06.01/03:47:21 solver.py:136 ] Epoch: [308/400][120/400] lr: 7.32e-05 | MSE loss: 5.7619e-03 | time: 0.155
I 06.01/03:47:24 solver.py:136 ] Epoch: [308/400][140/400] lr: 7.32e-05 | MSE loss: 5.6642e-03 | time: 0.154
I 06.01/03:47:28 solver.py:136 ] Epoch: [308/400][160/400] lr: 7.32e-05 | MSE loss: 5.6699e-03 | time: 0.155
I 06.01/03:47:31 solver.py:136 ] Epoch: [308/400][180/400] lr: 7.32e-05 | MSE loss: 5.6360e-03 | time: 0.155
I 06.01/03:47:33 solver.py:136 ] Epoch: [308/400][200/400] lr: 7.31e-05 | MSE loss: 5.6687e-03 | time: 0.154
I 06.01/03:47:37 solver.py:136 ] Epoch: [308/400][220/400] lr: 7.31e-05 | MSE loss: 5.7190e-03 | time: 0.154
I 06.01/03:47:40 solver.py:136 ] Epoch: [308/400][240/400] lr: 7.31e-05 | MSE loss: 5.6887e-03 | time: 0.154
I 06.01/03:47:43 solver.py:136 ] Epoch: [308/400][260/400] lr: 7.31e-05 | MSE loss: 5.6695e-03 | time: 0.155
I 06.01/03:47:47 solver.py:136 ] Epoch: [308/400][280/400] lr: 7.30e-05 | MSE loss: 5.6611e-03 | time: 0.157
I 06.01/03:47:50 solver.py:136 ] Epoch: [308/400][300/400] lr: 7.30e-05 | MSE loss: 5.6824e-03 | time: 0.156
I 06.01/03:47:52 solver.py:136 ] Epoch: [308/400][320/400] lr: 7.30e-05 | MSE loss: 5.6716e-03 | time: 0.155
I 06.01/03:47:55 solver.py:136 ] Epoch: [308/400][340/400] lr: 7.30e-05 | MSE loss: 5.6630e-03 | time: 0.155
I 06.01/03:47:58 solver.py:136 ] Epoch: [308/400][360/400] lr: 7.29e-05 | MSE loss: 5.6408e-03 | time: 0.154
I 06.01/03:48:01 solver.py:136 ] Epoch: [308/400][380/400] lr: 7.29e-05 | MSE loss: 5.6284e-03 | time: 0.153
I 06.01/03:48:05 solver.py:136 ] Epoch: [308/400][400/400] lr: 7.29e-05 | MSE loss: 5.6396e-03 | time: 0.156
I 06.01/03:48:05 solver.py:146 ] => Train  Loss: 5.6396e-03

I 06.01/03:48:09 solver.py:205 ] 
=! Best NMSE: -1.9331e+01 (epoch=300)

I 06.01/03:48:13 solver.py:136 ] Epoch: [309/400][20/400] lr: 7.29e-05 | MSE loss: 5.6737e-03 | time: 0.172
I 06.01/03:48:16 solver.py:136 ] Epoch: [309/400][40/400] lr: 7.29e-05 | MSE loss: 5.6796e-03 | time: 0.163
I 06.01/03:48:19 solver.py:136 ] Epoch: [309/400][60/400] lr: 7.28e-05 | MSE loss: 5.6603e-03 | time: 0.162
I 06.01/03:48:23 solver.py:136 ] Epoch: [309/400][80/400] lr: 7.28e-05 | MSE loss: 5.5904e-03 | time: 0.166
I 06.01/03:48:26 solver.py:136 ] Epoch: [309/400][100/400] lr: 7.28e-05 | MSE loss: 5.6122e-03 | time: 0.169
I 06.01/03:48:30 solver.py:136 ] Epoch: [309/400][120/400] lr: 7.28e-05 | MSE loss: 5.7279e-03 | time: 0.168
I 06.01/03:48:33 solver.py:136 ] Epoch: [309/400][140/400] lr: 7.27e-05 | MSE loss: 5.6442e-03 | time: 0.168
I 06.01/03:48:37 solver.py:136 ] Epoch: [309/400][160/400] lr: 7.27e-05 | MSE loss: 5.6328e-03 | time: 0.169
I 06.01/03:48:40 solver.py:136 ] Epoch: [309/400][180/400] lr: 7.27e-05 | MSE loss: 5.6356e-03 | time: 0.169
I 06.01/03:48:43 solver.py:136 ] Epoch: [309/400][200/400] lr: 7.27e-05 | MSE loss: 5.6385e-03 | time: 0.168
I 06.01/03:48:47 solver.py:136 ] Epoch: [309/400][220/400] lr: 7.26e-05 | MSE loss: 5.6497e-03 | time: 0.170
I 06.01/03:48:50 solver.py:136 ] Epoch: [309/400][240/400] lr: 7.26e-05 | MSE loss: 5.6288e-03 | time: 0.170
I 06.01/03:48:53 solver.py:136 ] Epoch: [309/400][260/400] lr: 7.26e-05 | MSE loss: 5.6718e-03 | time: 0.169
I 06.01/03:48:57 solver.py:136 ] Epoch: [309/400][280/400] lr: 7.26e-05 | MSE loss: 5.6918e-03 | time: 0.169
I 06.01/03:49:00 solver.py:136 ] Epoch: [309/400][300/400] lr: 7.25e-05 | MSE loss: 5.6663e-03 | time: 0.168
I 06.01/03:49:05 solver.py:136 ] Epoch: [309/400][320/400] lr: 7.25e-05 | MSE loss: 5.6961e-03 | time: 0.173
I 06.01/03:49:08 solver.py:136 ] Epoch: [309/400][340/400] lr: 7.25e-05 | MSE loss: 5.7078e-03 | time: 0.173
I 06.01/03:49:11 solver.py:136 ] Epoch: [309/400][360/400] lr: 7.25e-05 | MSE loss: 5.6911e-03 | time: 0.172
I 06.01/03:49:14 solver.py:136 ] Epoch: [309/400][380/400] lr: 7.25e-05 | MSE loss: 5.6647e-03 | time: 0.170
I 06.01/03:49:17 solver.py:136 ] Epoch: [309/400][400/400] lr: 7.24e-05 | MSE loss: 5.6419e-03 | time: 0.169
I 06.01/03:49:17 solver.py:146 ] => Train  Loss: 5.6419e-03

I 06.01/03:49:21 solver.py:205 ] 
=! Best NMSE: -1.9331e+01 (epoch=300)

I 06.01/03:49:24 solver.py:136 ] Epoch: [310/400][20/400] lr: 7.24e-05 | MSE loss: 5.6181e-03 | time: 0.159
I 06.01/03:49:27 solver.py:136 ] Epoch: [310/400][40/400] lr: 7.24e-05 | MSE loss: 5.3968e-03 | time: 0.152
I 06.01/03:49:30 solver.py:136 ] Epoch: [310/400][60/400] lr: 7.24e-05 | MSE loss: 5.3761e-03 | time: 0.155
I 06.01/03:49:34 solver.py:136 ] Epoch: [310/400][80/400] lr: 7.23e-05 | MSE loss: 5.4178e-03 | time: 0.158
I 06.01/03:49:37 solver.py:136 ] Epoch: [310/400][100/400] lr: 7.23e-05 | MSE loss: 5.4869e-03 | time: 0.161
I 06.01/03:49:40 solver.py:136 ] Epoch: [310/400][120/400] lr: 7.23e-05 | MSE loss: 5.5033e-03 | time: 0.157
I 06.01/03:49:43 solver.py:136 ] Epoch: [310/400][140/400] lr: 7.23e-05 | MSE loss: 5.4853e-03 | time: 0.153
I 06.01/03:49:45 solver.py:136 ] Epoch: [310/400][160/400] lr: 7.22e-05 | MSE loss: 5.5140e-03 | time: 0.151
I 06.01/03:49:49 solver.py:136 ] Epoch: [310/400][180/400] lr: 7.22e-05 | MSE loss: 5.4896e-03 | time: 0.154
I 06.01/03:49:52 solver.py:136 ] Epoch: [310/400][200/400] lr: 7.22e-05 | MSE loss: 5.5057e-03 | time: 0.156
I 06.01/03:49:55 solver.py:136 ] Epoch: [310/400][220/400] lr: 7.22e-05 | MSE loss: 5.5005e-03 | time: 0.156
I 06.01/03:49:59 solver.py:136 ] Epoch: [310/400][240/400] lr: 7.22e-05 | MSE loss: 5.5099e-03 | time: 0.156
I 06.01/03:50:03 solver.py:136 ] Epoch: [310/400][260/400] lr: 7.21e-05 | MSE loss: 5.5252e-03 | time: 0.162
I 06.01/03:50:07 solver.py:136 ] Epoch: [310/400][280/400] lr: 7.21e-05 | MSE loss: 5.5298e-03 | time: 0.164
I 06.01/03:50:10 solver.py:136 ] Epoch: [310/400][300/400] lr: 7.21e-05 | MSE loss: 5.5397e-03 | time: 0.164
I 06.01/03:50:13 solver.py:136 ] Epoch: [310/400][320/400] lr: 7.21e-05 | MSE loss: 5.5266e-03 | time: 0.163
I 06.01/03:50:17 solver.py:136 ] Epoch: [310/400][340/400] lr: 7.20e-05 | MSE loss: 5.5556e-03 | time: 0.163
I 06.01/03:50:20 solver.py:136 ] Epoch: [310/400][360/400] lr: 7.20e-05 | MSE loss: 5.5804e-03 | time: 0.162
I 06.01/03:50:23 solver.py:136 ] Epoch: [310/400][380/400] lr: 7.20e-05 | MSE loss: 5.5933e-03 | time: 0.162
I 06.01/03:50:26 solver.py:136 ] Epoch: [310/400][400/400] lr: 7.20e-05 | MSE loss: 5.6364e-03 | time: 0.162
I 06.01/03:50:26 solver.py:146 ] => Train  Loss: 5.6364e-03

I 06.01/03:50:29 solver.py:136 ] Epoch: [310/400][20/50] lr: 7.20e-05 | MSE loss: 6.2176e-03 | time: 0.145
I 06.01/03:50:32 solver.py:136 ] Epoch: [310/400][40/50] lr: 7.20e-05 | MSE loss: 5.9659e-03 | time: 0.147
I 06.01/03:50:34 solver.py:146 ] => Val  Loss: 5.9124e-03

I 06.01/03:50:37 solver.py:287 ] [20/50] loss: 5.9981e-03 | NMSE: -1.9295e+01 | time: 0.153
I 06.01/03:50:39 solver.py:287 ] [40/50] loss: 5.9455e-03 | NMSE: -1.9308e+01 | time: 0.148
I 06.01/03:50:41 solver.py:291 ] => Test NMSE: -1.9348e+01

I 06.01/03:50:48 solver.py:205 ] 
=! Best NMSE: -1.9348e+01 (epoch=310)

I 06.01/03:50:51 solver.py:136 ] Epoch: [311/400][20/400] lr: 7.19e-05 | MSE loss: 5.2981e-03 | time: 0.166
I 06.01/03:50:54 solver.py:136 ] Epoch: [311/400][40/400] lr: 7.19e-05 | MSE loss: 5.3597e-03 | time: 0.149
I 06.01/03:50:57 solver.py:136 ] Epoch: [311/400][60/400] lr: 7.19e-05 | MSE loss: 5.4283e-03 | time: 0.150
I 06.01/03:51:00 solver.py:136 ] Epoch: [311/400][80/400] lr: 7.19e-05 | MSE loss: 5.4635e-03 | time: 0.156
I 06.01/03:51:05 solver.py:136 ] Epoch: [311/400][100/400] lr: 7.19e-05 | MSE loss: 5.4444e-03 | time: 0.172
I 06.01/03:51:08 solver.py:136 ] Epoch: [311/400][120/400] lr: 7.18e-05 | MSE loss: 5.5256e-03 | time: 0.171
I 06.01/03:51:12 solver.py:136 ] Epoch: [311/400][140/400] lr: 7.18e-05 | MSE loss: 5.5279e-03 | time: 0.172
I 06.01/03:51:15 solver.py:136 ] Epoch: [311/400][160/400] lr: 7.18e-05 | MSE loss: 5.5140e-03 | time: 0.172
I 06.01/03:51:18 solver.py:136 ] Epoch: [311/400][180/400] lr: 7.18e-05 | MSE loss: 5.5099e-03 | time: 0.170
I 06.01/03:51:21 solver.py:136 ] Epoch: [311/400][200/400] lr: 7.17e-05 | MSE loss: 5.4892e-03 | time: 0.168
I 06.01/03:51:25 solver.py:136 ] Epoch: [311/400][220/400] lr: 7.17e-05 | MSE loss: 5.5109e-03 | time: 0.167
I 06.01/03:51:28 solver.py:136 ] Epoch: [311/400][240/400] lr: 7.17e-05 | MSE loss: 5.5158e-03 | time: 0.166
I 06.01/03:51:31 solver.py:136 ] Epoch: [311/400][260/400] lr: 7.17e-05 | MSE loss: 5.5525e-03 | time: 0.165
I 06.01/03:51:34 solver.py:136 ] Epoch: [311/400][280/400] lr: 7.16e-05 | MSE loss: 5.5790e-03 | time: 0.165
I 06.01/03:51:38 solver.py:136 ] Epoch: [311/400][300/400] lr: 7.16e-05 | MSE loss: 5.5799e-03 | time: 0.167
I 06.01/03:51:41 solver.py:136 ] Epoch: [311/400][320/400] lr: 7.16e-05 | MSE loss: 5.6091e-03 | time: 0.166
I 06.01/03:51:44 solver.py:136 ] Epoch: [311/400][340/400] lr: 7.16e-05 | MSE loss: 5.6227e-03 | time: 0.166
I 06.01/03:51:48 solver.py:136 ] Epoch: [311/400][360/400] lr: 7.16e-05 | MSE loss: 5.6160e-03 | time: 0.166
I 06.01/03:51:51 solver.py:136 ] Epoch: [311/400][380/400] lr: 7.15e-05 | MSE loss: 5.6266e-03 | time: 0.166
I 06.01/03:51:53 solver.py:136 ] Epoch: [311/400][400/400] lr: 7.15e-05 | MSE loss: 5.6309e-03 | time: 0.164
I 06.01/03:51:53 solver.py:146 ] => Train  Loss: 5.6309e-03

I 06.01/03:52:00 solver.py:205 ] 
=! Best NMSE: -1.9348e+01 (epoch=310)

I 06.01/03:52:05 solver.py:136 ] Epoch: [312/400][20/400] lr: 7.15e-05 | MSE loss: 5.2601e-03 | time: 0.247
I 06.01/03:52:08 solver.py:136 ] Epoch: [312/400][40/400] lr: 7.15e-05 | MSE loss: 5.3655e-03 | time: 0.203
I 06.01/03:52:11 solver.py:136 ] Epoch: [312/400][60/400] lr: 7.14e-05 | MSE loss: 5.3787e-03 | time: 0.193
I 06.01/03:52:15 solver.py:136 ] Epoch: [312/400][80/400] lr: 7.14e-05 | MSE loss: 5.4709e-03 | time: 0.184
I 06.01/03:52:18 solver.py:136 ] Epoch: [312/400][100/400] lr: 7.14e-05 | MSE loss: 5.5277e-03 | time: 0.183
I 06.01/03:52:21 solver.py:136 ] Epoch: [312/400][120/400] lr: 7.14e-05 | MSE loss: 5.5992e-03 | time: 0.180
I 06.01/03:52:25 solver.py:136 ] Epoch: [312/400][140/400] lr: 7.13e-05 | MSE loss: 5.6029e-03 | time: 0.178
I 06.01/03:52:28 solver.py:136 ] Epoch: [312/400][160/400] lr: 7.13e-05 | MSE loss: 5.6108e-03 | time: 0.177
I 06.01/03:52:32 solver.py:136 ] Epoch: [312/400][180/400] lr: 7.13e-05 | MSE loss: 5.6378e-03 | time: 0.177
I 06.01/03:52:34 solver.py:136 ] Epoch: [312/400][200/400] lr: 7.13e-05 | MSE loss: 5.6281e-03 | time: 0.173
I 06.01/03:52:38 solver.py:136 ] Epoch: [312/400][220/400] lr: 7.13e-05 | MSE loss: 5.6523e-03 | time: 0.172
I 06.01/03:52:41 solver.py:136 ] Epoch: [312/400][240/400] lr: 7.12e-05 | MSE loss: 5.6660e-03 | time: 0.171
I 06.01/03:52:44 solver.py:136 ] Epoch: [312/400][260/400] lr: 7.12e-05 | MSE loss: 5.6437e-03 | time: 0.171
I 06.01/03:52:48 solver.py:136 ] Epoch: [312/400][280/400] lr: 7.12e-05 | MSE loss: 5.6565e-03 | time: 0.172
I 06.01/03:52:51 solver.py:136 ] Epoch: [312/400][300/400] lr: 7.12e-05 | MSE loss: 5.6433e-03 | time: 0.171
I 06.01/03:52:54 solver.py:136 ] Epoch: [312/400][320/400] lr: 7.11e-05 | MSE loss: 5.6417e-03 | time: 0.171
I 06.01/03:52:58 solver.py:136 ] Epoch: [312/400][340/400] lr: 7.11e-05 | MSE loss: 5.6468e-03 | time: 0.170
I 06.01/03:53:01 solver.py:136 ] Epoch: [312/400][360/400] lr: 7.11e-05 | MSE loss: 5.6292e-03 | time: 0.171
I 06.01/03:53:07 solver.py:136 ] Epoch: [312/400][380/400] lr: 7.11e-05 | MSE loss: 5.6326e-03 | time: 0.176
I 06.01/03:53:10 solver.py:136 ] Epoch: [312/400][400/400] lr: 7.10e-05 | MSE loss: 5.6322e-03 | time: 0.175
I 06.01/03:53:10 solver.py:146 ] => Train  Loss: 5.6322e-03

I 06.01/03:53:13 solver.py:205 ] 
=! Best NMSE: -1.9348e+01 (epoch=310)

I 06.01/03:53:17 solver.py:136 ] Epoch: [313/400][20/400] lr: 7.10e-05 | MSE loss: 5.7408e-03 | time: 0.155
I 06.01/03:53:20 solver.py:136 ] Epoch: [313/400][40/400] lr: 7.10e-05 | MSE loss: 5.7405e-03 | time: 0.157
I 06.01/03:53:23 solver.py:136 ] Epoch: [313/400][60/400] lr: 7.10e-05 | MSE loss: 5.6712e-03 | time: 0.160
I 06.01/03:53:26 solver.py:136 ] Epoch: [313/400][80/400] lr: 7.10e-05 | MSE loss: 5.6186e-03 | time: 0.162
I 06.01/03:53:30 solver.py:136 ] Epoch: [313/400][100/400] lr: 7.09e-05 | MSE loss: 5.6249e-03 | time: 0.168
I 06.01/03:53:34 solver.py:136 ] Epoch: [313/400][120/400] lr: 7.09e-05 | MSE loss: 5.6660e-03 | time: 0.172
I 06.01/03:53:38 solver.py:136 ] Epoch: [313/400][140/400] lr: 7.09e-05 | MSE loss: 5.6807e-03 | time: 0.173
I 06.01/03:53:41 solver.py:136 ] Epoch: [313/400][160/400] lr: 7.09e-05 | MSE loss: 5.6737e-03 | time: 0.174
I 06.01/03:53:45 solver.py:136 ] Epoch: [313/400][180/400] lr: 7.08e-05 | MSE loss: 5.6748e-03 | time: 0.173
I 06.01/03:53:48 solver.py:136 ] Epoch: [313/400][200/400] lr: 7.08e-05 | MSE loss: 5.6773e-03 | time: 0.171
I 06.01/03:53:51 solver.py:136 ] Epoch: [313/400][220/400] lr: 7.08e-05 | MSE loss: 5.6166e-03 | time: 0.171
I 06.01/03:53:55 solver.py:136 ] Epoch: [313/400][240/400] lr: 7.08e-05 | MSE loss: 5.5992e-03 | time: 0.172
I 06.01/03:53:58 solver.py:136 ] Epoch: [313/400][260/400] lr: 7.08e-05 | MSE loss: 5.5744e-03 | time: 0.172
I 06.01/03:54:02 solver.py:136 ] Epoch: [313/400][280/400] lr: 7.07e-05 | MSE loss: 5.5671e-03 | time: 0.174
I 06.01/03:54:06 solver.py:136 ] Epoch: [313/400][300/400] lr: 7.07e-05 | MSE loss: 5.6082e-03 | time: 0.177
I 06.01/03:54:10 solver.py:136 ] Epoch: [313/400][320/400] lr: 7.07e-05 | MSE loss: 5.6116e-03 | time: 0.177
I 06.01/03:54:14 solver.py:136 ] Epoch: [313/400][340/400] lr: 7.07e-05 | MSE loss: 5.6323e-03 | time: 0.177
I 06.01/03:54:17 solver.py:136 ] Epoch: [313/400][360/400] lr: 7.06e-05 | MSE loss: 5.6398e-03 | time: 0.176
I 06.01/03:54:20 solver.py:136 ] Epoch: [313/400][380/400] lr: 7.06e-05 | MSE loss: 5.6203e-03 | time: 0.175
I 06.01/03:54:23 solver.py:136 ] Epoch: [313/400][400/400] lr: 7.06e-05 | MSE loss: 5.6305e-03 | time: 0.175
I 06.01/03:54:23 solver.py:146 ] => Train  Loss: 5.6305e-03

I 06.01/03:54:29 solver.py:205 ] 
=! Best NMSE: -1.9348e+01 (epoch=310)

I 06.01/03:54:32 solver.py:136 ] Epoch: [314/400][20/400] lr: 7.06e-05 | MSE loss: 5.9779e-03 | time: 0.170
I 06.01/03:54:35 solver.py:136 ] Epoch: [314/400][40/400] lr: 7.06e-05 | MSE loss: 5.7166e-03 | time: 0.164
I 06.01/03:54:39 solver.py:136 ] Epoch: [314/400][60/400] lr: 7.05e-05 | MSE loss: 5.5850e-03 | time: 0.165
I 06.01/03:54:42 solver.py:136 ] Epoch: [314/400][80/400] lr: 7.05e-05 | MSE loss: 5.6572e-03 | time: 0.165
I 06.01/03:54:45 solver.py:136 ] Epoch: [314/400][100/400] lr: 7.05e-05 | MSE loss: 5.6075e-03 | time: 0.167
I 06.01/03:54:49 solver.py:136 ] Epoch: [314/400][120/400] lr: 7.05e-05 | MSE loss: 5.6607e-03 | time: 0.165
I 06.01/03:54:52 solver.py:136 ] Epoch: [314/400][140/400] lr: 7.04e-05 | MSE loss: 5.5972e-03 | time: 0.164
I 06.01/03:54:55 solver.py:136 ] Epoch: [314/400][160/400] lr: 7.04e-05 | MSE loss: 5.5696e-03 | time: 0.164
I 06.01/03:54:58 solver.py:136 ] Epoch: [314/400][180/400] lr: 7.04e-05 | MSE loss: 5.6016e-03 | time: 0.162
I 06.01/03:55:01 solver.py:136 ] Epoch: [314/400][200/400] lr: 7.04e-05 | MSE loss: 5.6243e-03 | time: 0.163
I 06.01/03:55:06 solver.py:136 ] Epoch: [314/400][220/400] lr: 7.03e-05 | MSE loss: 5.6202e-03 | time: 0.170
I 06.01/03:55:10 solver.py:136 ] Epoch: [314/400][240/400] lr: 7.03e-05 | MSE loss: 5.6004e-03 | time: 0.172
I 06.01/03:55:13 solver.py:136 ] Epoch: [314/400][260/400] lr: 7.03e-05 | MSE loss: 5.5667e-03 | time: 0.171
I 06.01/03:55:17 solver.py:136 ] Epoch: [314/400][280/400] lr: 7.03e-05 | MSE loss: 5.6107e-03 | time: 0.171
I 06.01/03:55:20 solver.py:136 ] Epoch: [314/400][300/400] lr: 7.03e-05 | MSE loss: 5.6521e-03 | time: 0.171
I 06.01/03:55:24 solver.py:136 ] Epoch: [314/400][320/400] lr: 7.02e-05 | MSE loss: 5.6564e-03 | time: 0.171
I 06.01/03:55:27 solver.py:136 ] Epoch: [314/400][340/400] lr: 7.02e-05 | MSE loss: 5.6332e-03 | time: 0.171
I 06.01/03:55:30 solver.py:136 ] Epoch: [314/400][360/400] lr: 7.02e-05 | MSE loss: 5.6333e-03 | time: 0.170
I 06.01/03:55:33 solver.py:136 ] Epoch: [314/400][380/400] lr: 7.02e-05 | MSE loss: 5.6345e-03 | time: 0.170
I 06.01/03:55:36 solver.py:136 ] Epoch: [314/400][400/400] lr: 7.01e-05 | MSE loss: 5.6270e-03 | time: 0.169
I 06.01/03:55:36 solver.py:146 ] => Train  Loss: 5.6270e-03

I 06.01/03:55:40 solver.py:205 ] 
=! Best NMSE: -1.9348e+01 (epoch=310)

I 06.01/03:55:44 solver.py:136 ] Epoch: [315/400][20/400] lr: 7.01e-05 | MSE loss: 5.5149e-03 | time: 0.175
I 06.01/03:55:47 solver.py:136 ] Epoch: [315/400][40/400] lr: 7.01e-05 | MSE loss: 5.4732e-03 | time: 0.171
I 06.01/03:55:51 solver.py:136 ] Epoch: [315/400][60/400] lr: 7.01e-05 | MSE loss: 5.5128e-03 | time: 0.175
I 06.01/03:55:54 solver.py:136 ] Epoch: [315/400][80/400] lr: 7.01e-05 | MSE loss: 5.5769e-03 | time: 0.173
I 06.01/03:55:57 solver.py:136 ] Epoch: [315/400][100/400] lr: 7.00e-05 | MSE loss: 5.6187e-03 | time: 0.172
I 06.01/03:56:01 solver.py:136 ] Epoch: [315/400][120/400] lr: 7.00e-05 | MSE loss: 5.6372e-03 | time: 0.173
I 06.01/03:56:06 solver.py:136 ] Epoch: [315/400][140/400] lr: 7.00e-05 | MSE loss: 5.5633e-03 | time: 0.185
I 06.01/03:56:09 solver.py:136 ] Epoch: [315/400][160/400] lr: 7.00e-05 | MSE loss: 5.5495e-03 | time: 0.182
I 06.01/03:56:12 solver.py:136 ] Epoch: [315/400][180/400] lr: 6.99e-05 | MSE loss: 5.5603e-03 | time: 0.178
I 06.01/03:56:15 solver.py:136 ] Epoch: [315/400][200/400] lr: 6.99e-05 | MSE loss: 5.5732e-03 | time: 0.175
I 06.01/03:56:19 solver.py:136 ] Epoch: [315/400][220/400] lr: 6.99e-05 | MSE loss: 5.5940e-03 | time: 0.175
I 06.01/03:56:22 solver.py:136 ] Epoch: [315/400][240/400] lr: 6.99e-05 | MSE loss: 5.6055e-03 | time: 0.176
I 06.01/03:56:26 solver.py:136 ] Epoch: [315/400][260/400] lr: 6.99e-05 | MSE loss: 5.6306e-03 | time: 0.176
I 06.01/03:56:29 solver.py:136 ] Epoch: [315/400][280/400] lr: 6.98e-05 | MSE loss: 5.6198e-03 | time: 0.175
I 06.01/03:56:33 solver.py:136 ] Epoch: [315/400][300/400] lr: 6.98e-05 | MSE loss: 5.6174e-03 | time: 0.175
I 06.01/03:56:36 solver.py:136 ] Epoch: [315/400][320/400] lr: 6.98e-05 | MSE loss: 5.5911e-03 | time: 0.175
I 06.01/03:56:40 solver.py:136 ] Epoch: [315/400][340/400] lr: 6.98e-05 | MSE loss: 5.6136e-03 | time: 0.175
I 06.01/03:56:43 solver.py:136 ] Epoch: [315/400][360/400] lr: 6.97e-05 | MSE loss: 5.6147e-03 | time: 0.175
I 06.01/03:56:47 solver.py:136 ] Epoch: [315/400][380/400] lr: 6.97e-05 | MSE loss: 5.6186e-03 | time: 0.174
I 06.01/03:56:50 solver.py:136 ] Epoch: [315/400][400/400] lr: 6.97e-05 | MSE loss: 5.6311e-03 | time: 0.174
I 06.01/03:56:50 solver.py:146 ] => Train  Loss: 5.6311e-03

I 06.01/03:56:55 solver.py:205 ] 
=! Best NMSE: -1.9348e+01 (epoch=310)

I 06.01/03:56:58 solver.py:136 ] Epoch: [316/400][20/400] lr: 6.97e-05 | MSE loss: 5.7208e-03 | time: 0.136
I 06.01/03:57:01 solver.py:136 ] Epoch: [316/400][40/400] lr: 6.97e-05 | MSE loss: 5.6684e-03 | time: 0.161
I 06.01/03:57:06 solver.py:136 ] Epoch: [316/400][60/400] lr: 6.96e-05 | MSE loss: 5.6956e-03 | time: 0.185
I 06.01/03:57:10 solver.py:136 ] Epoch: [316/400][80/400] lr: 6.96e-05 | MSE loss: 5.7567e-03 | time: 0.183
I 06.01/03:57:13 solver.py:136 ] Epoch: [316/400][100/400] lr: 6.96e-05 | MSE loss: 5.7217e-03 | time: 0.177
I 06.01/03:57:16 solver.py:136 ] Epoch: [316/400][120/400] lr: 6.96e-05 | MSE loss: 5.7337e-03 | time: 0.175
I 06.01/03:57:19 solver.py:136 ] Epoch: [316/400][140/400] lr: 6.95e-05 | MSE loss: 5.6993e-03 | time: 0.173
I 06.01/03:57:23 solver.py:136 ] Epoch: [316/400][160/400] lr: 6.95e-05 | MSE loss: 5.7418e-03 | time: 0.173
I 06.01/03:57:26 solver.py:136 ] Epoch: [316/400][180/400] lr: 6.95e-05 | MSE loss: 5.7316e-03 | time: 0.172
I 06.01/03:57:29 solver.py:136 ] Epoch: [316/400][200/400] lr: 6.95e-05 | MSE loss: 5.7469e-03 | time: 0.171
I 06.01/03:57:33 solver.py:136 ] Epoch: [316/400][220/400] lr: 6.95e-05 | MSE loss: 5.7295e-03 | time: 0.171
I 06.01/03:57:36 solver.py:136 ] Epoch: [316/400][240/400] lr: 6.94e-05 | MSE loss: 5.7177e-03 | time: 0.171
I 06.01/03:57:39 solver.py:136 ] Epoch: [316/400][260/400] lr: 6.94e-05 | MSE loss: 5.6888e-03 | time: 0.171
I 06.01/03:57:43 solver.py:136 ] Epoch: [316/400][280/400] lr: 6.94e-05 | MSE loss: 5.6658e-03 | time: 0.171
I 06.01/03:57:46 solver.py:136 ] Epoch: [316/400][300/400] lr: 6.94e-05 | MSE loss: 5.6665e-03 | time: 0.169
I 06.01/03:57:49 solver.py:136 ] Epoch: [316/400][320/400] lr: 6.94e-05 | MSE loss: 5.6580e-03 | time: 0.169
I 06.01/03:57:52 solver.py:136 ] Epoch: [316/400][340/400] lr: 6.93e-05 | MSE loss: 5.6743e-03 | time: 0.169
I 06.01/03:57:56 solver.py:136 ] Epoch: [316/400][360/400] lr: 6.93e-05 | MSE loss: 5.6617e-03 | time: 0.170
I 06.01/03:58:00 solver.py:136 ] Epoch: [316/400][380/400] lr: 6.93e-05 | MSE loss: 5.6406e-03 | time: 0.170
I 06.01/03:58:05 solver.py:136 ] Epoch: [316/400][400/400] lr: 6.93e-05 | MSE loss: 5.6318e-03 | time: 0.175
I 06.01/03:58:05 solver.py:146 ] => Train  Loss: 5.6318e-03

I 06.01/03:58:09 solver.py:205 ] 
=! Best NMSE: -1.9348e+01 (epoch=310)

I 06.01/03:58:11 solver.py:136 ] Epoch: [317/400][20/400] lr: 6.92e-05 | MSE loss: 5.5523e-03 | time: 0.106
I 06.01/03:58:14 solver.py:136 ] Epoch: [317/400][40/400] lr: 6.92e-05 | MSE loss: 5.5215e-03 | time: 0.134
I 06.01/03:58:18 solver.py:136 ] Epoch: [317/400][60/400] lr: 6.92e-05 | MSE loss: 5.6111e-03 | time: 0.150
I 06.01/03:58:21 solver.py:136 ] Epoch: [317/400][80/400] lr: 6.92e-05 | MSE loss: 5.6029e-03 | time: 0.155
I 06.01/03:58:24 solver.py:136 ] Epoch: [317/400][100/400] lr: 6.92e-05 | MSE loss: 5.5423e-03 | time: 0.157
I 06.01/03:58:28 solver.py:136 ] Epoch: [317/400][120/400] lr: 6.91e-05 | MSE loss: 5.5766e-03 | time: 0.160
I 06.01/03:58:31 solver.py:136 ] Epoch: [317/400][140/400] lr: 6.91e-05 | MSE loss: 5.5694e-03 | time: 0.162
I 06.01/03:58:35 solver.py:136 ] Epoch: [317/400][160/400] lr: 6.91e-05 | MSE loss: 5.5223e-03 | time: 0.162
I 06.01/03:58:38 solver.py:136 ] Epoch: [317/400][180/400] lr: 6.91e-05 | MSE loss: 5.5397e-03 | time: 0.160
I 06.01/03:58:41 solver.py:136 ] Epoch: [317/400][200/400] lr: 6.90e-05 | MSE loss: 5.5561e-03 | time: 0.160
I 06.01/03:58:44 solver.py:136 ] Epoch: [317/400][220/400] lr: 6.90e-05 | MSE loss: 5.5823e-03 | time: 0.160
I 06.01/03:58:47 solver.py:136 ] Epoch: [317/400][240/400] lr: 6.90e-05 | MSE loss: 5.5611e-03 | time: 0.161
I 06.01/03:58:51 solver.py:136 ] Epoch: [317/400][260/400] lr: 6.90e-05 | MSE loss: 5.5776e-03 | time: 0.162
I 06.01/03:58:54 solver.py:136 ] Epoch: [317/400][280/400] lr: 6.90e-05 | MSE loss: 5.5694e-03 | time: 0.163
I 06.01/03:58:57 solver.py:136 ] Epoch: [317/400][300/400] lr: 6.89e-05 | MSE loss: 5.5689e-03 | time: 0.162
I 06.01/03:59:01 solver.py:136 ] Epoch: [317/400][320/400] lr: 6.89e-05 | MSE loss: 5.5906e-03 | time: 0.162
I 06.01/03:59:06 solver.py:136 ] Epoch: [317/400][340/400] lr: 6.89e-05 | MSE loss: 5.6040e-03 | time: 0.167
I 06.01/03:59:09 solver.py:136 ] Epoch: [317/400][360/400] lr: 6.89e-05 | MSE loss: 5.5995e-03 | time: 0.167
I 06.01/03:59:12 solver.py:136 ] Epoch: [317/400][380/400] lr: 6.89e-05 | MSE loss: 5.6108e-03 | time: 0.167
I 06.01/03:59:16 solver.py:136 ] Epoch: [317/400][400/400] lr: 6.88e-05 | MSE loss: 5.6249e-03 | time: 0.167
I 06.01/03:59:16 solver.py:146 ] => Train  Loss: 5.6249e-03

I 06.01/03:59:20 solver.py:205 ] 
=! Best NMSE: -1.9348e+01 (epoch=310)

I 06.01/03:59:23 solver.py:136 ] Epoch: [318/400][20/400] lr: 6.88e-05 | MSE loss: 5.0962e-03 | time: 0.161
I 06.01/03:59:26 solver.py:136 ] Epoch: [318/400][40/400] lr: 6.88e-05 | MSE loss: 5.3002e-03 | time: 0.150
I 06.01/03:59:29 solver.py:136 ] Epoch: [318/400][60/400] lr: 6.88e-05 | MSE loss: 5.4857e-03 | time: 0.158
I 06.01/03:59:33 solver.py:136 ] Epoch: [318/400][80/400] lr: 6.87e-05 | MSE loss: 5.4982e-03 | time: 0.164
I 06.01/03:59:36 solver.py:136 ] Epoch: [318/400][100/400] lr: 6.87e-05 | MSE loss: 5.5859e-03 | time: 0.164
I 06.01/03:59:39 solver.py:136 ] Epoch: [318/400][120/400] lr: 6.87e-05 | MSE loss: 5.5980e-03 | time: 0.164
I 06.01/03:59:42 solver.py:136 ] Epoch: [318/400][140/400] lr: 6.87e-05 | MSE loss: 5.5941e-03 | time: 0.162
I 06.01/03:59:45 solver.py:136 ] Epoch: [318/400][160/400] lr: 6.87e-05 | MSE loss: 5.5601e-03 | time: 0.159
I 06.01/03:59:48 solver.py:136 ] Epoch: [318/400][180/400] lr: 6.86e-05 | MSE loss: 5.5566e-03 | time: 0.160
I 06.01/03:59:52 solver.py:136 ] Epoch: [318/400][200/400] lr: 6.86e-05 | MSE loss: 5.5949e-03 | time: 0.161
I 06.01/03:59:55 solver.py:136 ] Epoch: [318/400][220/400] lr: 6.86e-05 | MSE loss: 5.5942e-03 | time: 0.162
I 06.01/03:59:59 solver.py:136 ] Epoch: [318/400][240/400] lr: 6.86e-05 | MSE loss: 5.6149e-03 | time: 0.163
I 06.01/04:00:03 solver.py:136 ] Epoch: [318/400][260/400] lr: 6.85e-05 | MSE loss: 5.6149e-03 | time: 0.168
I 06.01/04:00:07 solver.py:136 ] Epoch: [318/400][280/400] lr: 6.85e-05 | MSE loss: 5.6009e-03 | time: 0.168
I 06.01/04:00:09 solver.py:136 ] Epoch: [318/400][300/400] lr: 6.85e-05 | MSE loss: 5.5848e-03 | time: 0.166
I 06.01/04:00:12 solver.py:136 ] Epoch: [318/400][320/400] lr: 6.85e-05 | MSE loss: 5.5890e-03 | time: 0.164
I 06.01/04:00:15 solver.py:136 ] Epoch: [318/400][340/400] lr: 6.85e-05 | MSE loss: 5.5783e-03 | time: 0.163
I 06.01/04:00:18 solver.py:136 ] Epoch: [318/400][360/400] lr: 6.84e-05 | MSE loss: 5.5900e-03 | time: 0.163
I 06.01/04:00:21 solver.py:136 ] Epoch: [318/400][380/400] lr: 6.84e-05 | MSE loss: 5.6048e-03 | time: 0.163
I 06.01/04:00:25 solver.py:136 ] Epoch: [318/400][400/400] lr: 6.84e-05 | MSE loss: 5.6232e-03 | time: 0.163
I 06.01/04:00:25 solver.py:146 ] => Train  Loss: 5.6232e-03

I 06.01/04:00:29 solver.py:205 ] 
=! Best NMSE: -1.9348e+01 (epoch=310)

I 06.01/04:00:33 solver.py:136 ] Epoch: [319/400][20/400] lr: 6.84e-05 | MSE loss: 5.6650e-03 | time: 0.185
I 06.01/04:00:35 solver.py:136 ] Epoch: [319/400][40/400] lr: 6.84e-05 | MSE loss: 5.7799e-03 | time: 0.165
I 06.01/04:00:38 solver.py:136 ] Epoch: [319/400][60/400] lr: 6.83e-05 | MSE loss: 5.6939e-03 | time: 0.151
I 06.01/04:00:41 solver.py:136 ] Epoch: [319/400][80/400] lr: 6.83e-05 | MSE loss: 5.6968e-03 | time: 0.156
I 06.01/04:00:45 solver.py:136 ] Epoch: [319/400][100/400] lr: 6.83e-05 | MSE loss: 5.5986e-03 | time: 0.162
I 06.01/04:00:48 solver.py:136 ] Epoch: [319/400][120/400] lr: 6.83e-05 | MSE loss: 5.6590e-03 | time: 0.163
I 06.01/04:00:52 solver.py:136 ] Epoch: [319/400][140/400] lr: 6.82e-05 | MSE loss: 5.6056e-03 | time: 0.163
I 06.01/04:00:54 solver.py:136 ] Epoch: [319/400][160/400] lr: 6.82e-05 | MSE loss: 5.5782e-03 | time: 0.160
I 06.01/04:00:57 solver.py:136 ] Epoch: [319/400][180/400] lr: 6.82e-05 | MSE loss: 5.6196e-03 | time: 0.159
I 06.01/04:01:01 solver.py:136 ] Epoch: [319/400][200/400] lr: 6.82e-05 | MSE loss: 5.5817e-03 | time: 0.162
I 06.01/04:01:06 solver.py:136 ] Epoch: [319/400][220/400] lr: 6.82e-05 | MSE loss: 5.5889e-03 | time: 0.169
I 06.01/04:01:10 solver.py:136 ] Epoch: [319/400][240/400] lr: 6.81e-05 | MSE loss: 5.5650e-03 | time: 0.170
I 06.01/04:01:13 solver.py:136 ] Epoch: [319/400][260/400] lr: 6.81e-05 | MSE loss: 5.5491e-03 | time: 0.172
I 06.01/04:01:17 solver.py:136 ] Epoch: [319/400][280/400] lr: 6.81e-05 | MSE loss: 5.6008e-03 | time: 0.171
I 06.01/04:01:20 solver.py:136 ] Epoch: [319/400][300/400] lr: 6.81e-05 | MSE loss: 5.6214e-03 | time: 0.170
I 06.01/04:01:23 solver.py:136 ] Epoch: [319/400][320/400] lr: 6.81e-05 | MSE loss: 5.6187e-03 | time: 0.168
I 06.01/04:01:26 solver.py:136 ] Epoch: [319/400][340/400] lr: 6.80e-05 | MSE loss: 5.6191e-03 | time: 0.167
I 06.01/04:01:29 solver.py:136 ] Epoch: [319/400][360/400] lr: 6.80e-05 | MSE loss: 5.6258e-03 | time: 0.167
I 06.01/04:01:32 solver.py:136 ] Epoch: [319/400][380/400] lr: 6.80e-05 | MSE loss: 5.6258e-03 | time: 0.167
I 06.01/04:01:36 solver.py:136 ] Epoch: [319/400][400/400] lr: 6.80e-05 | MSE loss: 5.6199e-03 | time: 0.168
I 06.01/04:01:36 solver.py:146 ] => Train  Loss: 5.6199e-03

I 06.01/04:01:42 solver.py:205 ] 
=! Best NMSE: -1.9348e+01 (epoch=310)

I 06.01/04:01:46 solver.py:136 ] Epoch: [320/400][20/400] lr: 6.79e-05 | MSE loss: 5.8436e-03 | time: 0.180
I 06.01/04:01:49 solver.py:136 ] Epoch: [320/400][40/400] lr: 6.79e-05 | MSE loss: 5.8934e-03 | time: 0.169
I 06.01/04:01:52 solver.py:136 ] Epoch: [320/400][60/400] lr: 6.79e-05 | MSE loss: 5.7753e-03 | time: 0.167
I 06.01/04:01:55 solver.py:136 ] Epoch: [320/400][80/400] lr: 6.79e-05 | MSE loss: 5.6458e-03 | time: 0.166
I 06.01/04:01:59 solver.py:136 ] Epoch: [320/400][100/400] lr: 6.79e-05 | MSE loss: 5.6484e-03 | time: 0.166
I 06.01/04:02:03 solver.py:136 ] Epoch: [320/400][120/400] lr: 6.78e-05 | MSE loss: 5.7292e-03 | time: 0.177
I 06.01/04:02:07 solver.py:136 ] Epoch: [320/400][140/400] lr: 6.78e-05 | MSE loss: 5.6606e-03 | time: 0.176
I 06.01/04:02:09 solver.py:136 ] Epoch: [320/400][160/400] lr: 6.78e-05 | MSE loss: 5.6666e-03 | time: 0.171
I 06.01/04:02:12 solver.py:136 ] Epoch: [320/400][180/400] lr: 6.78e-05 | MSE loss: 5.6805e-03 | time: 0.168
I 06.01/04:02:16 solver.py:136 ] Epoch: [320/400][200/400] lr: 6.78e-05 | MSE loss: 5.6628e-03 | time: 0.168
I 06.01/04:02:19 solver.py:136 ] Epoch: [320/400][220/400] lr: 6.77e-05 | MSE loss: 5.6614e-03 | time: 0.167
I 06.01/04:02:22 solver.py:136 ] Epoch: [320/400][240/400] lr: 6.77e-05 | MSE loss: 5.6569e-03 | time: 0.168
I 06.01/04:02:25 solver.py:136 ] Epoch: [320/400][260/400] lr: 6.77e-05 | MSE loss: 5.6533e-03 | time: 0.167
I 06.01/04:02:28 solver.py:136 ] Epoch: [320/400][280/400] lr: 6.77e-05 | MSE loss: 5.6459e-03 | time: 0.166
I 06.01/04:02:32 solver.py:136 ] Epoch: [320/400][300/400] lr: 6.77e-05 | MSE loss: 5.6081e-03 | time: 0.165
I 06.01/04:02:35 solver.py:136 ] Epoch: [320/400][320/400] lr: 6.76e-05 | MSE loss: 5.6176e-03 | time: 0.165
I 06.01/04:02:38 solver.py:136 ] Epoch: [320/400][340/400] lr: 6.76e-05 | MSE loss: 5.6187e-03 | time: 0.164
I 06.01/04:02:41 solver.py:136 ] Epoch: [320/400][360/400] lr: 6.76e-05 | MSE loss: 5.5976e-03 | time: 0.163
I 06.01/04:02:44 solver.py:136 ] Epoch: [320/400][380/400] lr: 6.76e-05 | MSE loss: 5.6208e-03 | time: 0.163
I 06.01/04:02:47 solver.py:136 ] Epoch: [320/400][400/400] lr: 6.75e-05 | MSE loss: 5.6185e-03 | time: 0.164
I 06.01/04:02:47 solver.py:146 ] => Train  Loss: 5.6185e-03

I 06.01/04:02:51 solver.py:136 ] Epoch: [320/400][20/50] lr: 6.75e-05 | MSE loss: 6.1993e-03 | time: 0.182
I 06.01/04:02:55 solver.py:136 ] Epoch: [320/400][40/50] lr: 6.75e-05 | MSE loss: 5.9437e-03 | time: 0.178
I 06.01/04:02:57 solver.py:146 ] => Val  Loss: 5.8913e-03

I 06.01/04:03:00 solver.py:287 ] [20/50] loss: 5.9792e-03 | NMSE: -1.9311e+01 | time: 0.178
I 06.01/04:03:05 solver.py:287 ] [40/50] loss: 5.9287e-03 | NMSE: -1.9321e+01 | time: 0.216
I 06.01/04:03:07 solver.py:291 ] => Test NMSE: -1.9363e+01

I 06.01/04:03:16 solver.py:205 ] 
=! Best NMSE: -1.9363e+01 (epoch=320)

I 06.01/04:03:19 solver.py:136 ] Epoch: [321/400][20/400] lr: 6.75e-05 | MSE loss: 5.2687e-03 | time: 0.152
I 06.01/04:03:22 solver.py:136 ] Epoch: [321/400][40/400] lr: 6.75e-05 | MSE loss: 5.5093e-03 | time: 0.134
I 06.01/04:03:25 solver.py:136 ] Epoch: [321/400][60/400] lr: 6.75e-05 | MSE loss: 5.4477e-03 | time: 0.141
I 06.01/04:03:28 solver.py:136 ] Epoch: [321/400][80/400] lr: 6.75e-05 | MSE loss: 5.5666e-03 | time: 0.149
I 06.01/04:03:31 solver.py:136 ] Epoch: [321/400][100/400] lr: 6.74e-05 | MSE loss: 5.5838e-03 | time: 0.152
I 06.01/04:03:35 solver.py:136 ] Epoch: [321/400][120/400] lr: 6.74e-05 | MSE loss: 5.5293e-03 | time: 0.153
I 06.01/04:03:38 solver.py:136 ] Epoch: [321/400][140/400] lr: 6.74e-05 | MSE loss: 5.5892e-03 | time: 0.154
I 06.01/04:03:41 solver.py:136 ] Epoch: [321/400][160/400] lr: 6.74e-05 | MSE loss: 5.5899e-03 | time: 0.155
I 06.01/04:03:44 solver.py:136 ] Epoch: [321/400][180/400] lr: 6.74e-05 | MSE loss: 5.5802e-03 | time: 0.156
I 06.01/04:03:47 solver.py:136 ] Epoch: [321/400][200/400] lr: 6.73e-05 | MSE loss: 5.5541e-03 | time: 0.154
I 06.01/04:03:50 solver.py:136 ] Epoch: [321/400][220/400] lr: 6.73e-05 | MSE loss: 5.5509e-03 | time: 0.152
I 06.01/04:03:53 solver.py:136 ] Epoch: [321/400][240/400] lr: 6.73e-05 | MSE loss: 5.5769e-03 | time: 0.151
I 06.01/04:03:56 solver.py:136 ] Epoch: [321/400][260/400] lr: 6.73e-05 | MSE loss: 5.5708e-03 | time: 0.152
I 06.01/04:04:00 solver.py:136 ] Epoch: [321/400][280/400] lr: 6.73e-05 | MSE loss: 5.5923e-03 | time: 0.154
I 06.01/04:04:05 solver.py:136 ] Epoch: [321/400][300/400] lr: 6.72e-05 | MSE loss: 5.5880e-03 | time: 0.162
I 06.01/04:04:08 solver.py:136 ] Epoch: [321/400][320/400] lr: 6.72e-05 | MSE loss: 5.5814e-03 | time: 0.163
I 06.01/04:04:12 solver.py:136 ] Epoch: [321/400][340/400] lr: 6.72e-05 | MSE loss: 5.5665e-03 | time: 0.163
I 06.01/04:04:15 solver.py:136 ] Epoch: [321/400][360/400] lr: 6.72e-05 | MSE loss: 5.5810e-03 | time: 0.164
I 06.01/04:04:19 solver.py:136 ] Epoch: [321/400][380/400] lr: 6.71e-05 | MSE loss: 5.6269e-03 | time: 0.165
I 06.01/04:04:23 solver.py:136 ] Epoch: [321/400][400/400] lr: 6.71e-05 | MSE loss: 5.6143e-03 | time: 0.166
I 06.01/04:04:23 solver.py:146 ] => Train  Loss: 5.6143e-03

I 06.01/04:04:28 solver.py:205 ] 
=! Best NMSE: -1.9363e+01 (epoch=320)

I 06.01/04:04:32 solver.py:136 ] Epoch: [322/400][20/400] lr: 6.71e-05 | MSE loss: 5.6804e-03 | time: 0.184
I 06.01/04:04:34 solver.py:136 ] Epoch: [322/400][40/400] lr: 6.71e-05 | MSE loss: 5.4874e-03 | time: 0.141
I 06.01/04:04:36 solver.py:136 ] Epoch: [322/400][60/400] lr: 6.71e-05 | MSE loss: 5.6647e-03 | time: 0.135
I 06.01/04:04:39 solver.py:136 ] Epoch: [322/400][80/400] lr: 6.70e-05 | MSE loss: 5.6253e-03 | time: 0.137
I 06.01/04:04:42 solver.py:136 ] Epoch: [322/400][100/400] lr: 6.70e-05 | MSE loss: 5.5748e-03 | time: 0.142
I 06.01/04:04:45 solver.py:136 ] Epoch: [322/400][120/400] lr: 6.70e-05 | MSE loss: 5.5578e-03 | time: 0.145
I 06.01/04:04:49 solver.py:136 ] Epoch: [322/400][140/400] lr: 6.70e-05 | MSE loss: 5.5526e-03 | time: 0.148
I 06.01/04:04:52 solver.py:136 ] Epoch: [322/400][160/400] lr: 6.70e-05 | MSE loss: 5.5805e-03 | time: 0.151
I 06.01/04:04:55 solver.py:136 ] Epoch: [322/400][180/400] lr: 6.69e-05 | MSE loss: 5.6367e-03 | time: 0.151
I 06.01/04:04:58 solver.py:136 ] Epoch: [322/400][200/400] lr: 6.69e-05 | MSE loss: 5.6135e-03 | time: 0.149
I 06.01/04:05:01 solver.py:136 ] Epoch: [322/400][220/400] lr: 6.69e-05 | MSE loss: 5.5864e-03 | time: 0.150
I 06.01/04:05:06 solver.py:136 ] Epoch: [322/400][240/400] lr: 6.69e-05 | MSE loss: 5.6385e-03 | time: 0.158
I 06.01/04:05:09 solver.py:136 ] Epoch: [322/400][260/400] lr: 6.69e-05 | MSE loss: 5.6384e-03 | time: 0.159
I 06.01/04:05:13 solver.py:136 ] Epoch: [322/400][280/400] lr: 6.68e-05 | MSE loss: 5.6283e-03 | time: 0.160
I 06.01/04:05:16 solver.py:136 ] Epoch: [322/400][300/400] lr: 6.68e-05 | MSE loss: 5.6253e-03 | time: 0.161
I 06.01/04:05:20 solver.py:136 ] Epoch: [322/400][320/400] lr: 6.68e-05 | MSE loss: 5.6148e-03 | time: 0.162
I 06.01/04:05:23 solver.py:136 ] Epoch: [322/400][340/400] lr: 6.68e-05 | MSE loss: 5.6219e-03 | time: 0.162
I 06.01/04:05:27 solver.py:136 ] Epoch: [322/400][360/400] lr: 6.68e-05 | MSE loss: 5.6090e-03 | time: 0.163
I 06.01/04:05:30 solver.py:136 ] Epoch: [322/400][380/400] lr: 6.67e-05 | MSE loss: 5.6065e-03 | time: 0.164
I 06.01/04:05:34 solver.py:136 ] Epoch: [322/400][400/400] lr: 6.67e-05 | MSE loss: 5.6104e-03 | time: 0.164
I 06.01/04:05:34 solver.py:146 ] => Train  Loss: 5.6104e-03

I 06.01/04:05:39 solver.py:205 ] 
=! Best NMSE: -1.9363e+01 (epoch=320)

I 06.01/04:05:42 solver.py:136 ] Epoch: [323/400][20/400] lr: 6.67e-05 | MSE loss: 5.2964e-03 | time: 0.180
I 06.01/04:05:45 solver.py:136 ] Epoch: [323/400][40/400] lr: 6.67e-05 | MSE loss: 5.4464e-03 | time: 0.165
I 06.01/04:05:47 solver.py:136 ] Epoch: [323/400][60/400] lr: 6.67e-05 | MSE loss: 5.5493e-03 | time: 0.148
I 06.01/04:05:50 solver.py:136 ] Epoch: [323/400][80/400] lr: 6.66e-05 | MSE loss: 5.6515e-03 | time: 0.142
I 06.01/04:05:53 solver.py:136 ] Epoch: [323/400][100/400] lr: 6.66e-05 | MSE loss: 5.7359e-03 | time: 0.146
I 06.01/04:05:57 solver.py:136 ] Epoch: [323/400][120/400] lr: 6.66e-05 | MSE loss: 5.7360e-03 | time: 0.150
I 06.01/04:06:00 solver.py:136 ] Epoch: [323/400][140/400] lr: 6.66e-05 | MSE loss: 5.7366e-03 | time: 0.155
I 06.01/04:06:05 solver.py:136 ] Epoch: [323/400][160/400] lr: 6.65e-05 | MSE loss: 5.7501e-03 | time: 0.168
I 06.01/04:06:08 solver.py:136 ] Epoch: [323/400][180/400] lr: 6.65e-05 | MSE loss: 5.7223e-03 | time: 0.166
I 06.01/04:06:12 solver.py:136 ] Epoch: [323/400][200/400] lr: 6.65e-05 | MSE loss: 5.7001e-03 | time: 0.166
I 06.01/04:06:15 solver.py:136 ] Epoch: [323/400][220/400] lr: 6.65e-05 | MSE loss: 5.6332e-03 | time: 0.164
I 06.01/04:06:18 solver.py:136 ] Epoch: [323/400][240/400] lr: 6.65e-05 | MSE loss: 5.6358e-03 | time: 0.163
I 06.01/04:06:21 solver.py:136 ] Epoch: [323/400][260/400] lr: 6.64e-05 | MSE loss: 5.6407e-03 | time: 0.164
I 06.01/04:06:25 solver.py:136 ] Epoch: [323/400][280/400] lr: 6.64e-05 | MSE loss: 5.5897e-03 | time: 0.165
I 06.01/04:06:29 solver.py:136 ] Epoch: [323/400][300/400] lr: 6.64e-05 | MSE loss: 5.6223e-03 | time: 0.167
I 06.01/04:06:32 solver.py:136 ] Epoch: [323/400][320/400] lr: 6.64e-05 | MSE loss: 5.6109e-03 | time: 0.167
I 06.01/04:06:36 solver.py:136 ] Epoch: [323/400][340/400] lr: 6.64e-05 | MSE loss: 5.6230e-03 | time: 0.168
I 06.01/04:06:39 solver.py:136 ] Epoch: [323/400][360/400] lr: 6.63e-05 | MSE loss: 5.6047e-03 | time: 0.168
I 06.01/04:06:42 solver.py:136 ] Epoch: [323/400][380/400] lr: 6.63e-05 | MSE loss: 5.6169e-03 | time: 0.168
I 06.01/04:06:46 solver.py:136 ] Epoch: [323/400][400/400] lr: 6.63e-05 | MSE loss: 5.6120e-03 | time: 0.168
I 06.01/04:06:46 solver.py:146 ] => Train  Loss: 5.6120e-03

I 06.01/04:06:53 solver.py:205 ] 
=! Best NMSE: -1.9363e+01 (epoch=320)

I 06.01/04:06:56 solver.py:136 ] Epoch: [324/400][20/400] lr: 6.63e-05 | MSE loss: 5.5619e-03 | time: 0.165
I 06.01/04:06:59 solver.py:136 ] Epoch: [324/400][40/400] lr: 6.63e-05 | MSE loss: 5.4319e-03 | time: 0.155
I 06.01/04:07:04 solver.py:136 ] Epoch: [324/400][60/400] lr: 6.62e-05 | MSE loss: 5.4841e-03 | time: 0.188
I 06.01/04:07:07 solver.py:136 ] Epoch: [324/400][80/400] lr: 6.62e-05 | MSE loss: 5.4986e-03 | time: 0.178
I 06.01/04:07:11 solver.py:136 ] Epoch: [324/400][100/400] lr: 6.62e-05 | MSE loss: 5.5504e-03 | time: 0.176
I 06.01/04:07:14 solver.py:136 ] Epoch: [324/400][120/400] lr: 6.62e-05 | MSE loss: 5.6090e-03 | time: 0.173
I 06.01/04:07:17 solver.py:136 ] Epoch: [324/400][140/400] lr: 6.62e-05 | MSE loss: 5.5724e-03 | time: 0.172
I 06.01/04:07:20 solver.py:136 ] Epoch: [324/400][160/400] lr: 6.61e-05 | MSE loss: 5.5562e-03 | time: 0.169
I 06.01/04:07:23 solver.py:136 ] Epoch: [324/400][180/400] lr: 6.61e-05 | MSE loss: 5.5402e-03 | time: 0.164
I 06.01/04:07:26 solver.py:136 ] Epoch: [324/400][200/400] lr: 6.61e-05 | MSE loss: 5.5454e-03 | time: 0.166
I 06.01/04:07:29 solver.py:136 ] Epoch: [324/400][220/400] lr: 6.61e-05 | MSE loss: 5.5306e-03 | time: 0.165
I 06.01/04:07:33 solver.py:136 ] Epoch: [324/400][240/400] lr: 6.61e-05 | MSE loss: 5.5306e-03 | time: 0.165
I 06.01/04:07:36 solver.py:136 ] Epoch: [324/400][260/400] lr: 6.60e-05 | MSE loss: 5.5605e-03 | time: 0.166
I 06.01/04:07:40 solver.py:136 ] Epoch: [324/400][280/400] lr: 6.60e-05 | MSE loss: 5.5434e-03 | time: 0.167
I 06.01/04:07:43 solver.py:136 ] Epoch: [324/400][300/400] lr: 6.60e-05 | MSE loss: 5.5559e-03 | time: 0.167
I 06.01/04:07:46 solver.py:136 ] Epoch: [324/400][320/400] lr: 6.60e-05 | MSE loss: 5.5716e-03 | time: 0.167
I 06.01/04:07:50 solver.py:136 ] Epoch: [324/400][340/400] lr: 6.60e-05 | MSE loss: 5.5664e-03 | time: 0.168
I 06.01/04:07:53 solver.py:136 ] Epoch: [324/400][360/400] lr: 6.59e-05 | MSE loss: 5.5693e-03 | time: 0.168
I 06.01/04:07:57 solver.py:136 ] Epoch: [324/400][380/400] lr: 6.59e-05 | MSE loss: 5.6052e-03 | time: 0.168
I 06.01/04:08:00 solver.py:136 ] Epoch: [324/400][400/400] lr: 6.59e-05 | MSE loss: 5.6115e-03 | time: 0.169
I 06.01/04:08:00 solver.py:146 ] => Train  Loss: 5.6115e-03

I 06.01/04:08:06 solver.py:205 ] 
=! Best NMSE: -1.9363e+01 (epoch=320)

I 06.01/04:08:10 solver.py:136 ] Epoch: [325/400][20/400] lr: 6.59e-05 | MSE loss: 5.4630e-03 | time: 0.197
I 06.01/04:08:13 solver.py:136 ] Epoch: [325/400][40/400] lr: 6.59e-05 | MSE loss: 5.6105e-03 | time: 0.175
I 06.01/04:08:15 solver.py:136 ] Epoch: [325/400][60/400] lr: 6.58e-05 | MSE loss: 5.6308e-03 | time: 0.160
I 06.01/04:08:18 solver.py:136 ] Epoch: [325/400][80/400] lr: 6.58e-05 | MSE loss: 5.5953e-03 | time: 0.154
I 06.01/04:08:21 solver.py:136 ] Epoch: [325/400][100/400] lr: 6.58e-05 | MSE loss: 5.5826e-03 | time: 0.152
I 06.01/04:08:24 solver.py:136 ] Epoch: [325/400][120/400] lr: 6.58e-05 | MSE loss: 5.6342e-03 | time: 0.154
I 06.01/04:08:28 solver.py:136 ] Epoch: [325/400][140/400] lr: 6.58e-05 | MSE loss: 5.5856e-03 | time: 0.157
I 06.01/04:08:31 solver.py:136 ] Epoch: [325/400][160/400] lr: 6.57e-05 | MSE loss: 5.5955e-03 | time: 0.156
I 06.01/04:08:33 solver.py:136 ] Epoch: [325/400][180/400] lr: 6.57e-05 | MSE loss: 5.5945e-03 | time: 0.153
I 06.01/04:08:36 solver.py:136 ] Epoch: [325/400][200/400] lr: 6.57e-05 | MSE loss: 5.5881e-03 | time: 0.153
I 06.01/04:08:40 solver.py:136 ] Epoch: [325/400][220/400] lr: 6.57e-05 | MSE loss: 5.5773e-03 | time: 0.154
I 06.01/04:08:43 solver.py:136 ] Epoch: [325/400][240/400] lr: 6.57e-05 | MSE loss: 5.5587e-03 | time: 0.155
I 06.01/04:08:47 solver.py:136 ] Epoch: [325/400][260/400] lr: 6.56e-05 | MSE loss: 5.5954e-03 | time: 0.157
I 06.01/04:08:50 solver.py:136 ] Epoch: [325/400][280/400] lr: 6.56e-05 | MSE loss: 5.6271e-03 | time: 0.157
I 06.01/04:08:54 solver.py:136 ] Epoch: [325/400][300/400] lr: 6.56e-05 | MSE loss: 5.5962e-03 | time: 0.160
I 06.01/04:08:57 solver.py:136 ] Epoch: [325/400][320/400] lr: 6.56e-05 | MSE loss: 5.6219e-03 | time: 0.161
I 06.01/04:09:01 solver.py:136 ] Epoch: [325/400][340/400] lr: 6.56e-05 | MSE loss: 5.6213e-03 | time: 0.163
I 06.01/04:09:06 solver.py:136 ] Epoch: [325/400][360/400] lr: 6.55e-05 | MSE loss: 5.6269e-03 | time: 0.167
I 06.01/04:09:09 solver.py:136 ] Epoch: [325/400][380/400] lr: 6.55e-05 | MSE loss: 5.6258e-03 | time: 0.167
I 06.01/04:09:12 solver.py:136 ] Epoch: [325/400][400/400] lr: 6.55e-05 | MSE loss: 5.6147e-03 | time: 0.166
I 06.01/04:09:12 solver.py:146 ] => Train  Loss: 5.6147e-03

I 06.01/04:09:17 solver.py:205 ] 
=! Best NMSE: -1.9363e+01 (epoch=320)

I 06.01/04:09:21 solver.py:136 ] Epoch: [326/400][20/400] lr: 6.55e-05 | MSE loss: 5.3775e-03 | time: 0.184
I 06.01/04:09:24 solver.py:136 ] Epoch: [326/400][40/400] lr: 6.55e-05 | MSE loss: 5.3937e-03 | time: 0.178
I 06.01/04:09:27 solver.py:136 ] Epoch: [326/400][60/400] lr: 6.54e-05 | MSE loss: 5.4965e-03 | time: 0.164
I 06.01/04:09:29 solver.py:136 ] Epoch: [326/400][80/400] lr: 6.54e-05 | MSE loss: 5.5091e-03 | time: 0.154
I 06.01/04:09:32 solver.py:136 ] Epoch: [326/400][100/400] lr: 6.54e-05 | MSE loss: 5.5039e-03 | time: 0.151
I 06.01/04:09:35 solver.py:136 ] Epoch: [326/400][120/400] lr: 6.54e-05 | MSE loss: 5.5294e-03 | time: 0.150
I 06.01/04:09:38 solver.py:136 ] Epoch: [326/400][140/400] lr: 6.54e-05 | MSE loss: 5.5571e-03 | time: 0.152
I 06.01/04:09:41 solver.py:136 ] Epoch: [326/400][160/400] lr: 6.53e-05 | MSE loss: 5.5662e-03 | time: 0.151
I 06.01/04:09:44 solver.py:136 ] Epoch: [326/400][180/400] lr: 6.53e-05 | MSE loss: 5.5802e-03 | time: 0.150
I 06.01/04:09:47 solver.py:136 ] Epoch: [326/400][200/400] lr: 6.53e-05 | MSE loss: 5.5558e-03 | time: 0.151
I 06.01/04:09:51 solver.py:136 ] Epoch: [326/400][220/400] lr: 6.53e-05 | MSE loss: 5.5438e-03 | time: 0.152
I 06.01/04:09:54 solver.py:136 ] Epoch: [326/400][240/400] lr: 6.53e-05 | MSE loss: 5.5580e-03 | time: 0.154
I 06.01/04:09:58 solver.py:136 ] Epoch: [326/400][260/400] lr: 6.52e-05 | MSE loss: 5.5757e-03 | time: 0.156
I 06.01/04:10:02 solver.py:136 ] Epoch: [326/400][280/400] lr: 6.52e-05 | MSE loss: 5.5752e-03 | time: 0.160
I 06.01/04:10:06 solver.py:136 ] Epoch: [326/400][300/400] lr: 6.52e-05 | MSE loss: 5.5798e-03 | time: 0.163
I 06.01/04:10:09 solver.py:136 ] Epoch: [326/400][320/400] lr: 6.52e-05 | MSE loss: 5.5920e-03 | time: 0.162
I 06.01/04:10:12 solver.py:136 ] Epoch: [326/400][340/400] lr: 6.52e-05 | MSE loss: 5.6084e-03 | time: 0.161
I 06.01/04:10:15 solver.py:136 ] Epoch: [326/400][360/400] lr: 6.51e-05 | MSE loss: 5.6086e-03 | time: 0.161
I 06.01/04:10:18 solver.py:136 ] Epoch: [326/400][380/400] lr: 6.51e-05 | MSE loss: 5.6123e-03 | time: 0.161
I 06.01/04:10:22 solver.py:136 ] Epoch: [326/400][400/400] lr: 6.51e-05 | MSE loss: 5.6118e-03 | time: 0.162
I 06.01/04:10:22 solver.py:146 ] => Train  Loss: 5.6118e-03

I 06.01/04:10:27 solver.py:205 ] 
=! Best NMSE: -1.9363e+01 (epoch=320)

I 06.01/04:10:31 solver.py:136 ] Epoch: [327/400][20/400] lr: 6.51e-05 | MSE loss: 5.8359e-03 | time: 0.179
I 06.01/04:10:34 solver.py:136 ] Epoch: [327/400][40/400] lr: 6.51e-05 | MSE loss: 5.8321e-03 | time: 0.182
I 06.01/04:10:38 solver.py:136 ] Epoch: [327/400][60/400] lr: 6.50e-05 | MSE loss: 5.8900e-03 | time: 0.174
I 06.01/04:10:40 solver.py:136 ] Epoch: [327/400][80/400] lr: 6.50e-05 | MSE loss: 5.9052e-03 | time: 0.164
I 06.01/04:10:43 solver.py:136 ] Epoch: [327/400][100/400] lr: 6.50e-05 | MSE loss: 5.9363e-03 | time: 0.162
I 06.01/04:10:46 solver.py:136 ] Epoch: [327/400][120/400] lr: 6.50e-05 | MSE loss: 5.8790e-03 | time: 0.160
I 06.01/04:10:50 solver.py:136 ] Epoch: [327/400][140/400] lr: 6.50e-05 | MSE loss: 5.7952e-03 | time: 0.161
I 06.01/04:10:53 solver.py:136 ] Epoch: [327/400][160/400] lr: 6.49e-05 | MSE loss: 5.7683e-03 | time: 0.160
I 06.01/04:10:56 solver.py:136 ] Epoch: [327/400][180/400] lr: 6.49e-05 | MSE loss: 5.7235e-03 | time: 0.162
I 06.01/04:10:59 solver.py:136 ] Epoch: [327/400][200/400] lr: 6.49e-05 | MSE loss: 5.7039e-03 | time: 0.161
I 06.01/04:11:05 solver.py:136 ] Epoch: [327/400][220/400] lr: 6.49e-05 | MSE loss: 5.6687e-03 | time: 0.171
I 06.01/04:11:08 solver.py:136 ] Epoch: [327/400][240/400] lr: 6.49e-05 | MSE loss: 5.6989e-03 | time: 0.172
I 06.01/04:11:12 solver.py:136 ] Epoch: [327/400][260/400] lr: 6.48e-05 | MSE loss: 5.6712e-03 | time: 0.171
I 06.01/04:11:15 solver.py:136 ] Epoch: [327/400][280/400] lr: 6.48e-05 | MSE loss: 5.6325e-03 | time: 0.171
I 06.01/04:11:18 solver.py:136 ] Epoch: [327/400][300/400] lr: 6.48e-05 | MSE loss: 5.6195e-03 | time: 0.170
I 06.01/04:11:22 solver.py:136 ] Epoch: [327/400][320/400] lr: 6.48e-05 | MSE loss: 5.6153e-03 | time: 0.170
I 06.01/04:11:25 solver.py:136 ] Epoch: [327/400][340/400] lr: 6.48e-05 | MSE loss: 5.6119e-03 | time: 0.169
I 06.01/04:11:28 solver.py:136 ] Epoch: [327/400][360/400] lr: 6.47e-05 | MSE loss: 5.6161e-03 | time: 0.169
I 06.01/04:11:31 solver.py:136 ] Epoch: [327/400][380/400] lr: 6.47e-05 | MSE loss: 5.6117e-03 | time: 0.169
I 06.01/04:11:35 solver.py:136 ] Epoch: [327/400][400/400] lr: 6.47e-05 | MSE loss: 5.6071e-03 | time: 0.169
I 06.01/04:11:35 solver.py:146 ] => Train  Loss: 5.6071e-03

I 06.01/04:11:40 solver.py:205 ] 
=! Best NMSE: -1.9363e+01 (epoch=320)

I 06.01/04:11:44 solver.py:136 ] Epoch: [328/400][20/400] lr: 6.47e-05 | MSE loss: 5.6467e-03 | time: 0.199
I 06.01/04:11:47 solver.py:136 ] Epoch: [328/400][40/400] lr: 6.47e-05 | MSE loss: 5.7474e-03 | time: 0.183
I 06.01/04:11:51 solver.py:136 ] Epoch: [328/400][60/400] lr: 6.47e-05 | MSE loss: 5.7562e-03 | time: 0.181
I 06.01/04:11:54 solver.py:136 ] Epoch: [328/400][80/400] lr: 6.46e-05 | MSE loss: 5.7119e-03 | time: 0.179
I 06.01/04:11:58 solver.py:136 ] Epoch: [328/400][100/400] lr: 6.46e-05 | MSE loss: 5.7943e-03 | time: 0.178
I 06.01/04:12:00 solver.py:136 ] Epoch: [328/400][120/400] lr: 6.46e-05 | MSE loss: 5.7510e-03 | time: 0.171
I 06.01/04:12:05 solver.py:136 ] Epoch: [328/400][140/400] lr: 6.46e-05 | MSE loss: 5.7676e-03 | time: 0.182
I 06.01/04:12:09 solver.py:136 ] Epoch: [328/400][160/400] lr: 6.46e-05 | MSE loss: 5.6928e-03 | time: 0.181
I 06.01/04:12:12 solver.py:136 ] Epoch: [328/400][180/400] lr: 6.45e-05 | MSE loss: 5.6685e-03 | time: 0.177
I 06.01/04:12:15 solver.py:136 ] Epoch: [328/400][200/400] lr: 6.45e-05 | MSE loss: 5.6612e-03 | time: 0.175
I 06.01/04:12:18 solver.py:136 ] Epoch: [328/400][220/400] lr: 6.45e-05 | MSE loss: 5.6528e-03 | time: 0.174
I 06.01/04:12:22 solver.py:136 ] Epoch: [328/400][240/400] lr: 6.45e-05 | MSE loss: 5.6634e-03 | time: 0.175
I 06.01/04:12:25 solver.py:136 ] Epoch: [328/400][260/400] lr: 6.45e-05 | MSE loss: 5.6654e-03 | time: 0.175
I 06.01/04:12:28 solver.py:136 ] Epoch: [328/400][280/400] lr: 6.44e-05 | MSE loss: 5.6543e-03 | time: 0.173
I 06.01/04:12:32 solver.py:136 ] Epoch: [328/400][300/400] lr: 6.44e-05 | MSE loss: 5.6211e-03 | time: 0.172
I 06.01/04:12:35 solver.py:136 ] Epoch: [328/400][320/400] lr: 6.44e-05 | MSE loss: 5.6221e-03 | time: 0.172
I 06.01/04:12:38 solver.py:136 ] Epoch: [328/400][340/400] lr: 6.44e-05 | MSE loss: 5.6390e-03 | time: 0.171
I 06.01/04:12:41 solver.py:136 ] Epoch: [328/400][360/400] lr: 6.44e-05 | MSE loss: 5.6212e-03 | time: 0.170
I 06.01/04:12:44 solver.py:136 ] Epoch: [328/400][380/400] lr: 6.43e-05 | MSE loss: 5.6182e-03 | time: 0.170
I 06.01/04:12:48 solver.py:136 ] Epoch: [328/400][400/400] lr: 6.43e-05 | MSE loss: 5.6072e-03 | time: 0.170
I 06.01/04:12:48 solver.py:146 ] => Train  Loss: 5.6072e-03

I 06.01/04:12:53 solver.py:205 ] 
=! Best NMSE: -1.9363e+01 (epoch=320)

I 06.01/04:12:57 solver.py:136 ] Epoch: [329/400][20/400] lr: 6.43e-05 | MSE loss: 5.6689e-03 | time: 0.188
I 06.01/04:13:01 solver.py:136 ] Epoch: [329/400][40/400] lr: 6.43e-05 | MSE loss: 5.6098e-03 | time: 0.188
I 06.01/04:13:05 solver.py:136 ] Epoch: [329/400][60/400] lr: 6.43e-05 | MSE loss: 5.5962e-03 | time: 0.205
I 06.01/04:13:09 solver.py:136 ] Epoch: [329/400][80/400] lr: 6.42e-05 | MSE loss: 5.5875e-03 | time: 0.197
I 06.01/04:13:11 solver.py:136 ] Epoch: [329/400][100/400] lr: 6.42e-05 | MSE loss: 5.5916e-03 | time: 0.185
I 06.01/04:13:14 solver.py:136 ] Epoch: [329/400][120/400] lr: 6.42e-05 | MSE loss: 5.6016e-03 | time: 0.176
I 06.01/04:13:17 solver.py:136 ] Epoch: [329/400][140/400] lr: 6.42e-05 | MSE loss: 5.5796e-03 | time: 0.172
I 06.01/04:13:21 solver.py:136 ] Epoch: [329/400][160/400] lr: 6.42e-05 | MSE loss: 5.5836e-03 | time: 0.174
I 06.01/04:13:24 solver.py:136 ] Epoch: [329/400][180/400] lr: 6.42e-05 | MSE loss: 5.6188e-03 | time: 0.175
I 06.01/04:13:28 solver.py:136 ] Epoch: [329/400][200/400] lr: 6.41e-05 | MSE loss: 5.5951e-03 | time: 0.173
I 06.01/04:13:31 solver.py:136 ] Epoch: [329/400][220/400] lr: 6.41e-05 | MSE loss: 5.5965e-03 | time: 0.171
I 06.01/04:13:33 solver.py:136 ] Epoch: [329/400][240/400] lr: 6.41e-05 | MSE loss: 5.6055e-03 | time: 0.168
I 06.01/04:13:37 solver.py:136 ] Epoch: [329/400][260/400] lr: 6.41e-05 | MSE loss: 5.5982e-03 | time: 0.168
I 06.01/04:13:40 solver.py:136 ] Epoch: [329/400][280/400] lr: 6.41e-05 | MSE loss: 5.5991e-03 | time: 0.168
I 06.01/04:13:43 solver.py:136 ] Epoch: [329/400][300/400] lr: 6.40e-05 | MSE loss: 5.6074e-03 | time: 0.168
I 06.01/04:13:46 solver.py:136 ] Epoch: [329/400][320/400] lr: 6.40e-05 | MSE loss: 5.5984e-03 | time: 0.167
I 06.01/04:13:49 solver.py:136 ] Epoch: [329/400][340/400] lr: 6.40e-05 | MSE loss: 5.6095e-03 | time: 0.165
I 06.01/04:13:52 solver.py:136 ] Epoch: [329/400][360/400] lr: 6.40e-05 | MSE loss: 5.6109e-03 | time: 0.164
I 06.01/04:13:55 solver.py:136 ] Epoch: [329/400][380/400] lr: 6.40e-05 | MSE loss: 5.6176e-03 | time: 0.164
I 06.01/04:13:59 solver.py:136 ] Epoch: [329/400][400/400] lr: 6.39e-05 | MSE loss: 5.6032e-03 | time: 0.165
I 06.01/04:13:59 solver.py:146 ] => Train  Loss: 5.6032e-03

I 06.01/04:14:04 solver.py:205 ] 
=! Best NMSE: -1.9363e+01 (epoch=320)

I 06.01/04:14:08 solver.py:136 ] Epoch: [330/400][20/400] lr: 6.39e-05 | MSE loss: 5.1928e-03 | time: 0.194
I 06.01/04:14:12 solver.py:136 ] Epoch: [330/400][40/400] lr: 6.39e-05 | MSE loss: 5.4242e-03 | time: 0.180
I 06.01/04:14:15 solver.py:136 ] Epoch: [330/400][60/400] lr: 6.39e-05 | MSE loss: 5.4868e-03 | time: 0.175
I 06.01/04:14:19 solver.py:136 ] Epoch: [330/400][80/400] lr: 6.39e-05 | MSE loss: 5.4627e-03 | time: 0.179
I 06.01/04:14:22 solver.py:136 ] Epoch: [330/400][100/400] lr: 6.38e-05 | MSE loss: 5.5392e-03 | time: 0.176
I 06.01/04:14:25 solver.py:136 ] Epoch: [330/400][120/400] lr: 6.38e-05 | MSE loss: 5.5829e-03 | time: 0.171
I 06.01/04:14:28 solver.py:136 ] Epoch: [330/400][140/400] lr: 6.38e-05 | MSE loss: 5.6299e-03 | time: 0.169
I 06.01/04:14:31 solver.py:136 ] Epoch: [330/400][160/400] lr: 6.38e-05 | MSE loss: 5.6542e-03 | time: 0.165
I 06.01/04:14:34 solver.py:136 ] Epoch: [330/400][180/400] lr: 6.38e-05 | MSE loss: 5.6316e-03 | time: 0.164
I 06.01/04:14:37 solver.py:136 ] Epoch: [330/400][200/400] lr: 6.38e-05 | MSE loss: 5.5933e-03 | time: 0.162
I 06.01/04:14:40 solver.py:136 ] Epoch: [330/400][220/400] lr: 6.37e-05 | MSE loss: 5.5790e-03 | time: 0.161
I 06.01/04:14:43 solver.py:136 ] Epoch: [330/400][240/400] lr: 6.37e-05 | MSE loss: 5.6079e-03 | time: 0.161
I 06.01/04:14:46 solver.py:136 ] Epoch: [330/400][260/400] lr: 6.37e-05 | MSE loss: 5.6326e-03 | time: 0.161
I 06.01/04:14:50 solver.py:136 ] Epoch: [330/400][280/400] lr: 6.37e-05 | MSE loss: 5.6143e-03 | time: 0.163
I 06.01/04:14:53 solver.py:136 ] Epoch: [330/400][300/400] lr: 6.37e-05 | MSE loss: 5.6018e-03 | time: 0.164
I 06.01/04:14:57 solver.py:136 ] Epoch: [330/400][320/400] lr: 6.36e-05 | MSE loss: 5.5899e-03 | time: 0.164
I 06.01/04:15:00 solver.py:136 ] Epoch: [330/400][340/400] lr: 6.36e-05 | MSE loss: 5.5945e-03 | time: 0.164
I 06.01/04:15:05 solver.py:136 ] Epoch: [330/400][360/400] lr: 6.36e-05 | MSE loss: 5.6050e-03 | time: 0.167
I 06.01/04:15:08 solver.py:136 ] Epoch: [330/400][380/400] lr: 6.36e-05 | MSE loss: 5.5934e-03 | time: 0.168
I 06.01/04:15:12 solver.py:136 ] Epoch: [330/400][400/400] lr: 6.36e-05 | MSE loss: 5.6002e-03 | time: 0.168
I 06.01/04:15:12 solver.py:146 ] => Train  Loss: 5.6002e-03

I 06.01/04:15:16 solver.py:136 ] Epoch: [330/400][20/50] lr: 6.36e-05 | MSE loss: 6.1890e-03 | time: 0.169
I 06.01/04:15:19 solver.py:136 ] Epoch: [330/400][40/50] lr: 6.36e-05 | MSE loss: 5.9316e-03 | time: 0.168
I 06.01/04:15:21 solver.py:146 ] => Val  Loss: 5.8792e-03

I 06.01/04:15:24 solver.py:287 ] [20/50] loss: 5.9638e-03 | NMSE: -1.9323e+01 | time: 0.161
I 06.01/04:15:27 solver.py:287 ] [40/50] loss: 5.9128e-03 | NMSE: -1.9333e+01 | time: 0.165
I 06.01/04:15:29 solver.py:291 ] => Test NMSE: -1.9375e+01

I 06.01/04:15:37 solver.py:205 ] 
=! Best NMSE: -1.9375e+01 (epoch=330)

I 06.01/04:15:40 solver.py:136 ] Epoch: [331/400][20/400] lr: 6.35e-05 | MSE loss: 5.7304e-03 | time: 0.160
I 06.01/04:15:43 solver.py:136 ] Epoch: [331/400][40/400] lr: 6.35e-05 | MSE loss: 5.6159e-03 | time: 0.146
I 06.01/04:15:46 solver.py:136 ] Epoch: [331/400][60/400] lr: 6.35e-05 | MSE loss: 5.6504e-03 | time: 0.148
I 06.01/04:15:49 solver.py:136 ] Epoch: [331/400][80/400] lr: 6.35e-05 | MSE loss: 5.6526e-03 | time: 0.148
I 06.01/04:15:52 solver.py:136 ] Epoch: [331/400][100/400] lr: 6.35e-05 | MSE loss: 5.5668e-03 | time: 0.146
I 06.01/04:15:54 solver.py:136 ] Epoch: [331/400][120/400] lr: 6.35e-05 | MSE loss: 5.5422e-03 | time: 0.142
I 06.01/04:15:57 solver.py:136 ] Epoch: [331/400][140/400] lr: 6.34e-05 | MSE loss: 5.5334e-03 | time: 0.142
I 06.01/04:16:00 solver.py:136 ] Epoch: [331/400][160/400] lr: 6.34e-05 | MSE loss: 5.5867e-03 | time: 0.145
I 06.01/04:16:05 solver.py:136 ] Epoch: [331/400][180/400] lr: 6.34e-05 | MSE loss: 5.5847e-03 | time: 0.158
I 06.01/04:16:09 solver.py:136 ] Epoch: [331/400][200/400] lr: 6.34e-05 | MSE loss: 5.5660e-03 | time: 0.159
I 06.01/04:16:12 solver.py:136 ] Epoch: [331/400][220/400] lr: 6.34e-05 | MSE loss: 5.6048e-03 | time: 0.158
I 06.01/04:16:15 solver.py:136 ] Epoch: [331/400][240/400] lr: 6.33e-05 | MSE loss: 5.5987e-03 | time: 0.158
I 06.01/04:16:19 solver.py:136 ] Epoch: [331/400][260/400] lr: 6.33e-05 | MSE loss: 5.5730e-03 | time: 0.160
I 06.01/04:16:22 solver.py:136 ] Epoch: [331/400][280/400] lr: 6.33e-05 | MSE loss: 5.5826e-03 | time: 0.162
I 06.01/04:16:26 solver.py:136 ] Epoch: [331/400][300/400] lr: 6.33e-05 | MSE loss: 5.5474e-03 | time: 0.163
I 06.01/04:16:29 solver.py:136 ] Epoch: [331/400][320/400] lr: 6.33e-05 | MSE loss: 5.5657e-03 | time: 0.163
I 06.01/04:16:33 solver.py:136 ] Epoch: [331/400][340/400] lr: 6.32e-05 | MSE loss: 5.5741e-03 | time: 0.164
I 06.01/04:16:36 solver.py:136 ] Epoch: [331/400][360/400] lr: 6.32e-05 | MSE loss: 5.5879e-03 | time: 0.165
I 06.01/04:16:40 solver.py:136 ] Epoch: [331/400][380/400] lr: 6.32e-05 | MSE loss: 5.5905e-03 | time: 0.166
I 06.01/04:16:43 solver.py:136 ] Epoch: [331/400][400/400] lr: 6.32e-05 | MSE loss: 5.5973e-03 | time: 0.166
I 06.01/04:16:43 solver.py:146 ] => Train  Loss: 5.5973e-03

I 06.01/04:16:49 solver.py:205 ] 
=! Best NMSE: -1.9375e+01 (epoch=330)

I 06.01/04:16:53 solver.py:136 ] Epoch: [332/400][20/400] lr: 6.32e-05 | MSE loss: 5.5820e-03 | time: 0.192
I 06.01/04:16:56 solver.py:136 ] Epoch: [332/400][40/400] lr: 6.32e-05 | MSE loss: 5.4917e-03 | time: 0.178
I 06.01/04:16:59 solver.py:136 ] Epoch: [332/400][60/400] lr: 6.31e-05 | MSE loss: 5.4506e-03 | time: 0.164
I 06.01/04:17:03 solver.py:136 ] Epoch: [332/400][80/400] lr: 6.31e-05 | MSE loss: 5.3948e-03 | time: 0.172
I 06.01/04:17:07 solver.py:136 ] Epoch: [332/400][100/400] lr: 6.31e-05 | MSE loss: 5.3786e-03 | time: 0.177
I 06.01/04:17:10 solver.py:136 ] Epoch: [332/400][120/400] lr: 6.31e-05 | MSE loss: 5.4930e-03 | time: 0.172
I 06.01/04:17:13 solver.py:136 ] Epoch: [332/400][140/400] lr: 6.31e-05 | MSE loss: 5.4676e-03 | time: 0.169
I 06.01/04:17:15 solver.py:136 ] Epoch: [332/400][160/400] lr: 6.30e-05 | MSE loss: 5.4391e-03 | time: 0.163
I 06.01/04:17:18 solver.py:136 ] Epoch: [332/400][180/400] lr: 6.30e-05 | MSE loss: 5.4167e-03 | time: 0.161
I 06.01/04:17:21 solver.py:136 ] Epoch: [332/400][200/400] lr: 6.30e-05 | MSE loss: 5.4832e-03 | time: 0.159
I 06.01/04:17:24 solver.py:136 ] Epoch: [332/400][220/400] lr: 6.30e-05 | MSE loss: 5.5010e-03 | time: 0.156
I 06.01/04:17:26 solver.py:136 ] Epoch: [332/400][240/400] lr: 6.30e-05 | MSE loss: 5.5260e-03 | time: 0.154
I 06.01/04:17:29 solver.py:136 ] Epoch: [332/400][260/400] lr: 6.30e-05 | MSE loss: 5.5609e-03 | time: 0.154
I 06.01/04:17:33 solver.py:136 ] Epoch: [332/400][280/400] lr: 6.29e-05 | MSE loss: 5.5500e-03 | time: 0.155
I 06.01/04:17:36 solver.py:136 ] Epoch: [332/400][300/400] lr: 6.29e-05 | MSE loss: 5.5863e-03 | time: 0.156
I 06.01/04:17:39 solver.py:136 ] Epoch: [332/400][320/400] lr: 6.29e-05 | MSE loss: 5.5678e-03 | time: 0.156
I 06.01/04:17:42 solver.py:136 ] Epoch: [332/400][340/400] lr: 6.29e-05 | MSE loss: 5.5615e-03 | time: 0.157
I 06.01/04:17:46 solver.py:136 ] Epoch: [332/400][360/400] lr: 6.29e-05 | MSE loss: 5.5708e-03 | time: 0.158
I 06.01/04:17:50 solver.py:136 ] Epoch: [332/400][380/400] lr: 6.28e-05 | MSE loss: 5.5842e-03 | time: 0.159
I 06.01/04:17:53 solver.py:136 ] Epoch: [332/400][400/400] lr: 6.28e-05 | MSE loss: 5.5977e-03 | time: 0.160
I 06.01/04:17:53 solver.py:146 ] => Train  Loss: 5.5977e-03

I 06.01/04:17:58 solver.py:205 ] 
=! Best NMSE: -1.9375e+01 (epoch=330)

I 06.01/04:18:03 solver.py:136 ] Epoch: [333/400][20/400] lr: 6.28e-05 | MSE loss: 5.2539e-03 | time: 0.251
I 06.01/04:18:07 solver.py:136 ] Epoch: [333/400][40/400] lr: 6.28e-05 | MSE loss: 5.4994e-03 | time: 0.226
I 06.01/04:18:10 solver.py:136 ] Epoch: [333/400][60/400] lr: 6.28e-05 | MSE loss: 5.5714e-03 | time: 0.207
I 06.01/04:18:13 solver.py:136 ] Epoch: [333/400][80/400] lr: 6.27e-05 | MSE loss: 5.6413e-03 | time: 0.190
I 06.01/04:18:16 solver.py:136 ] Epoch: [333/400][100/400] lr: 6.27e-05 | MSE loss: 5.5948e-03 | time: 0.182
I 06.01/04:18:19 solver.py:136 ] Epoch: [333/400][120/400] lr: 6.27e-05 | MSE loss: 5.6156e-03 | time: 0.178
I 06.01/04:18:23 solver.py:136 ] Epoch: [333/400][140/400] lr: 6.27e-05 | MSE loss: 5.6463e-03 | time: 0.176
I 06.01/04:18:26 solver.py:136 ] Epoch: [333/400][160/400] lr: 6.27e-05 | MSE loss: 5.6212e-03 | time: 0.174
I 06.01/04:18:29 solver.py:136 ] Epoch: [333/400][180/400] lr: 6.27e-05 | MSE loss: 5.6189e-03 | time: 0.170
I 06.01/04:18:32 solver.py:136 ] Epoch: [333/400][200/400] lr: 6.26e-05 | MSE loss: 5.6596e-03 | time: 0.172
I 06.01/04:18:36 solver.py:136 ] Epoch: [333/400][220/400] lr: 6.26e-05 | MSE loss: 5.6491e-03 | time: 0.171
I 06.01/04:18:39 solver.py:136 ] Epoch: [333/400][240/400] lr: 6.26e-05 | MSE loss: 5.6260e-03 | time: 0.169
I 06.01/04:18:42 solver.py:136 ] Epoch: [333/400][260/400] lr: 6.26e-05 | MSE loss: 5.6493e-03 | time: 0.168
I 06.01/04:18:45 solver.py:136 ] Epoch: [333/400][280/400] lr: 6.26e-05 | MSE loss: 5.6235e-03 | time: 0.168
I 06.01/04:18:48 solver.py:136 ] Epoch: [333/400][300/400] lr: 6.25e-05 | MSE loss: 5.6044e-03 | time: 0.168
I 06.01/04:18:52 solver.py:136 ] Epoch: [333/400][320/400] lr: 6.25e-05 | MSE loss: 5.6210e-03 | time: 0.168
I 06.01/04:18:56 solver.py:136 ] Epoch: [333/400][340/400] lr: 6.25e-05 | MSE loss: 5.6248e-03 | time: 0.170
I 06.01/04:18:59 solver.py:136 ] Epoch: [333/400][360/400] lr: 6.25e-05 | MSE loss: 5.6044e-03 | time: 0.170
I 06.01/04:19:04 solver.py:136 ] Epoch: [333/400][380/400] lr: 6.25e-05 | MSE loss: 5.5986e-03 | time: 0.174
I 06.01/04:19:08 solver.py:136 ] Epoch: [333/400][400/400] lr: 6.25e-05 | MSE loss: 5.5961e-03 | time: 0.175
I 06.01/04:19:08 solver.py:146 ] => Train  Loss: 5.5961e-03

I 06.01/04:19:14 solver.py:205 ] 
=! Best NMSE: -1.9375e+01 (epoch=330)

I 06.01/04:19:18 solver.py:136 ] Epoch: [334/400][20/400] lr: 6.24e-05 | MSE loss: 6.1499e-03 | time: 0.175
I 06.01/04:19:21 solver.py:136 ] Epoch: [334/400][40/400] lr: 6.24e-05 | MSE loss: 6.0719e-03 | time: 0.173
I 06.01/04:19:24 solver.py:136 ] Epoch: [334/400][60/400] lr: 6.24e-05 | MSE loss: 5.8514e-03 | time: 0.163
I 06.01/04:19:27 solver.py:136 ] Epoch: [334/400][80/400] lr: 6.24e-05 | MSE loss: 5.7768e-03 | time: 0.161
I 06.01/04:19:30 solver.py:136 ] Epoch: [334/400][100/400] lr: 6.24e-05 | MSE loss: 5.7226e-03 | time: 0.160
I 06.01/04:19:33 solver.py:136 ] Epoch: [334/400][120/400] lr: 6.24e-05 | MSE loss: 5.6498e-03 | time: 0.160
I 06.01/04:19:37 solver.py:136 ] Epoch: [334/400][140/400] lr: 6.23e-05 | MSE loss: 5.5982e-03 | time: 0.162
I 06.01/04:19:40 solver.py:136 ] Epoch: [334/400][160/400] lr: 6.23e-05 | MSE loss: 5.6065e-03 | time: 0.162
I 06.01/04:19:43 solver.py:136 ] Epoch: [334/400][180/400] lr: 6.23e-05 | MSE loss: 5.6300e-03 | time: 0.159
I 06.01/04:19:46 solver.py:136 ] Epoch: [334/400][200/400] lr: 6.23e-05 | MSE loss: 5.6022e-03 | time: 0.160
I 06.01/04:19:49 solver.py:136 ] Epoch: [334/400][220/400] lr: 6.23e-05 | MSE loss: 5.6052e-03 | time: 0.159
I 06.01/04:19:51 solver.py:136 ] Epoch: [334/400][240/400] lr: 6.22e-05 | MSE loss: 5.6030e-03 | time: 0.156
I 06.01/04:19:54 solver.py:136 ] Epoch: [334/400][260/400] lr: 6.22e-05 | MSE loss: 5.6006e-03 | time: 0.154
I 06.01/04:19:58 solver.py:136 ] Epoch: [334/400][280/400] lr: 6.22e-05 | MSE loss: 5.5861e-03 | time: 0.155
I 06.01/04:20:01 solver.py:136 ] Epoch: [334/400][300/400] lr: 6.22e-05 | MSE loss: 5.5790e-03 | time: 0.158
I 06.01/04:20:06 solver.py:136 ] Epoch: [334/400][320/400] lr: 6.22e-05 | MSE loss: 5.5908e-03 | time: 0.162
I 06.01/04:20:09 solver.py:136 ] Epoch: [334/400][340/400] lr: 6.22e-05 | MSE loss: 5.5816e-03 | time: 0.162
I 06.01/04:20:12 solver.py:136 ] Epoch: [334/400][360/400] lr: 6.21e-05 | MSE loss: 5.5859e-03 | time: 0.162
I 06.01/04:20:16 solver.py:136 ] Epoch: [334/400][380/400] lr: 6.21e-05 | MSE loss: 5.5797e-03 | time: 0.162
I 06.01/04:20:19 solver.py:136 ] Epoch: [334/400][400/400] lr: 6.21e-05 | MSE loss: 5.5929e-03 | time: 0.162
I 06.01/04:20:19 solver.py:146 ] => Train  Loss: 5.5929e-03

I 06.01/04:20:23 solver.py:205 ] 
=! Best NMSE: -1.9375e+01 (epoch=330)

I 06.01/04:20:27 solver.py:136 ] Epoch: [335/400][20/400] lr: 6.21e-05 | MSE loss: 5.4866e-03 | time: 0.170
I 06.01/04:20:30 solver.py:136 ] Epoch: [335/400][40/400] lr: 6.21e-05 | MSE loss: 5.4097e-03 | time: 0.172
I 06.01/04:20:33 solver.py:136 ] Epoch: [335/400][60/400] lr: 6.20e-05 | MSE loss: 5.5693e-03 | time: 0.165
I 06.01/04:20:37 solver.py:136 ] Epoch: [335/400][80/400] lr: 6.20e-05 | MSE loss: 5.5571e-03 | time: 0.164
I 06.01/04:20:39 solver.py:136 ] Epoch: [335/400][100/400] lr: 6.20e-05 | MSE loss: 5.5434e-03 | time: 0.158
I 06.01/04:20:42 solver.py:136 ] Epoch: [335/400][120/400] lr: 6.20e-05 | MSE loss: 5.5933e-03 | time: 0.156
I 06.01/04:20:46 solver.py:136 ] Epoch: [335/400][140/400] lr: 6.20e-05 | MSE loss: 5.5618e-03 | time: 0.158
I 06.01/04:20:49 solver.py:136 ] Epoch: [335/400][160/400] lr: 6.20e-05 | MSE loss: 5.5324e-03 | time: 0.161
I 06.01/04:20:52 solver.py:136 ] Epoch: [335/400][180/400] lr: 6.19e-05 | MSE loss: 5.5985e-03 | time: 0.159
I 06.01/04:20:55 solver.py:136 ] Epoch: [335/400][200/400] lr: 6.19e-05 | MSE loss: 5.6119e-03 | time: 0.157
I 06.01/04:20:58 solver.py:136 ] Epoch: [335/400][220/400] lr: 6.19e-05 | MSE loss: 5.5866e-03 | time: 0.157
I 06.01/04:21:01 solver.py:136 ] Epoch: [335/400][240/400] lr: 6.19e-05 | MSE loss: 5.6383e-03 | time: 0.157
I 06.01/04:21:05 solver.py:136 ] Epoch: [335/400][260/400] lr: 6.19e-05 | MSE loss: 5.6666e-03 | time: 0.161
I 06.01/04:21:09 solver.py:136 ] Epoch: [335/400][280/400] lr: 6.19e-05 | MSE loss: 5.6677e-03 | time: 0.161
I 06.01/04:21:12 solver.py:136 ] Epoch: [335/400][300/400] lr: 6.18e-05 | MSE loss: 5.6495e-03 | time: 0.161
I 06.01/04:21:15 solver.py:136 ] Epoch: [335/400][320/400] lr: 6.18e-05 | MSE loss: 5.6420e-03 | time: 0.161
I 06.01/04:21:18 solver.py:136 ] Epoch: [335/400][340/400] lr: 6.18e-05 | MSE loss: 5.6231e-03 | time: 0.162
I 06.01/04:21:22 solver.py:136 ] Epoch: [335/400][360/400] lr: 6.18e-05 | MSE loss: 5.5905e-03 | time: 0.163
I 06.01/04:21:26 solver.py:136 ] Epoch: [335/400][380/400] lr: 6.18e-05 | MSE loss: 5.5952e-03 | time: 0.164
I 06.01/04:21:29 solver.py:136 ] Epoch: [335/400][400/400] lr: 6.17e-05 | MSE loss: 5.5919e-03 | time: 0.165
I 06.01/04:21:29 solver.py:146 ] => Train  Loss: 5.5919e-03

I 06.01/04:21:35 solver.py:205 ] 
=! Best NMSE: -1.9375e+01 (epoch=330)

I 06.01/04:21:39 solver.py:136 ] Epoch: [336/400][20/400] lr: 6.17e-05 | MSE loss: 5.5528e-03 | time: 0.160
I 06.01/04:21:42 solver.py:136 ] Epoch: [336/400][40/400] lr: 6.17e-05 | MSE loss: 5.4242e-03 | time: 0.165
I 06.01/04:21:45 solver.py:136 ] Epoch: [336/400][60/400] lr: 6.17e-05 | MSE loss: 5.6098e-03 | time: 0.166
I 06.01/04:21:49 solver.py:136 ] Epoch: [336/400][80/400] lr: 6.17e-05 | MSE loss: 5.5476e-03 | time: 0.167
I 06.01/04:21:52 solver.py:136 ] Epoch: [336/400][100/400] lr: 6.17e-05 | MSE loss: 5.5973e-03 | time: 0.165
I 06.01/04:21:54 solver.py:136 ] Epoch: [336/400][120/400] lr: 6.16e-05 | MSE loss: 5.5981e-03 | time: 0.159
I 06.01/04:21:58 solver.py:136 ] Epoch: [336/400][140/400] lr: 6.16e-05 | MSE loss: 5.5883e-03 | time: 0.159
I 06.01/04:22:02 solver.py:136 ] Epoch: [336/400][160/400] lr: 6.16e-05 | MSE loss: 5.5832e-03 | time: 0.165
I 06.01/04:22:06 solver.py:136 ] Epoch: [336/400][180/400] lr: 6.16e-05 | MSE loss: 5.6218e-03 | time: 0.171
I 06.01/04:22:09 solver.py:136 ] Epoch: [336/400][200/400] lr: 6.16e-05 | MSE loss: 5.6400e-03 | time: 0.168
I 06.01/04:22:12 solver.py:136 ] Epoch: [336/400][220/400] lr: 6.16e-05 | MSE loss: 5.6428e-03 | time: 0.164
I 06.01/04:22:14 solver.py:136 ] Epoch: [336/400][240/400] lr: 6.15e-05 | MSE loss: 5.6084e-03 | time: 0.162
I 06.01/04:22:18 solver.py:136 ] Epoch: [336/400][260/400] lr: 6.15e-05 | MSE loss: 5.6201e-03 | time: 0.162
I 06.01/04:22:21 solver.py:136 ] Epoch: [336/400][280/400] lr: 6.15e-05 | MSE loss: 5.6342e-03 | time: 0.163
I 06.01/04:22:24 solver.py:136 ] Epoch: [336/400][300/400] lr: 6.15e-05 | MSE loss: 5.6252e-03 | time: 0.164
I 06.01/04:22:28 solver.py:136 ] Epoch: [336/400][320/400] lr: 6.15e-05 | MSE loss: 5.6093e-03 | time: 0.164
I 06.01/04:22:31 solver.py:136 ] Epoch: [336/400][340/400] lr: 6.14e-05 | MSE loss: 5.6146e-03 | time: 0.163
I 06.01/04:22:34 solver.py:136 ] Epoch: [336/400][360/400] lr: 6.14e-05 | MSE loss: 5.5994e-03 | time: 0.162
I 06.01/04:22:37 solver.py:136 ] Epoch: [336/400][380/400] lr: 6.14e-05 | MSE loss: 5.5850e-03 | time: 0.161
I 06.01/04:22:40 solver.py:136 ] Epoch: [336/400][400/400] lr: 6.14e-05 | MSE loss: 5.5902e-03 | time: 0.161
I 06.01/04:22:40 solver.py:146 ] => Train  Loss: 5.5902e-03

I 06.01/04:22:44 solver.py:205 ] 
=! Best NMSE: -1.9375e+01 (epoch=330)

I 06.01/04:22:48 solver.py:136 ] Epoch: [337/400][20/400] lr: 6.14e-05 | MSE loss: 5.6397e-03 | time: 0.164
I 06.01/04:22:51 solver.py:136 ] Epoch: [337/400][40/400] lr: 6.14e-05 | MSE loss: 5.9098e-03 | time: 0.166
I 06.01/04:22:54 solver.py:136 ] Epoch: [337/400][60/400] lr: 6.13e-05 | MSE loss: 5.7495e-03 | time: 0.165
I 06.01/04:22:58 solver.py:136 ] Epoch: [337/400][80/400] lr: 6.13e-05 | MSE loss: 5.5949e-03 | time: 0.165
I 06.01/04:23:01 solver.py:136 ] Epoch: [337/400][100/400] lr: 6.13e-05 | MSE loss: 5.5852e-03 | time: 0.169
I 06.01/04:23:06 solver.py:136 ] Epoch: [337/400][120/400] lr: 6.13e-05 | MSE loss: 5.4902e-03 | time: 0.178
I 06.01/04:23:09 solver.py:136 ] Epoch: [337/400][140/400] lr: 6.13e-05 | MSE loss: 5.5150e-03 | time: 0.177
I 06.01/04:23:13 solver.py:136 ] Epoch: [337/400][160/400] lr: 6.13e-05 | MSE loss: 5.5169e-03 | time: 0.176
I 06.01/04:23:16 solver.py:136 ] Epoch: [337/400][180/400] lr: 6.12e-05 | MSE loss: 5.5482e-03 | time: 0.176
I 06.01/04:23:20 solver.py:136 ] Epoch: [337/400][200/400] lr: 6.12e-05 | MSE loss: 5.5327e-03 | time: 0.176
I 06.01/04:23:23 solver.py:136 ] Epoch: [337/400][220/400] lr: 6.12e-05 | MSE loss: 5.5387e-03 | time: 0.174
I 06.01/04:23:25 solver.py:136 ] Epoch: [337/400][240/400] lr: 6.12e-05 | MSE loss: 5.5413e-03 | time: 0.169
I 06.01/04:23:28 solver.py:136 ] Epoch: [337/400][260/400] lr: 6.12e-05 | MSE loss: 5.5453e-03 | time: 0.168
I 06.01/04:23:32 solver.py:136 ] Epoch: [337/400][280/400] lr: 6.12e-05 | MSE loss: 5.5572e-03 | time: 0.169
I 06.01/04:23:35 solver.py:136 ] Epoch: [337/400][300/400] lr: 6.11e-05 | MSE loss: 5.5565e-03 | time: 0.169
I 06.01/04:23:39 solver.py:136 ] Epoch: [337/400][320/400] lr: 6.11e-05 | MSE loss: 5.5877e-03 | time: 0.169
I 06.01/04:23:42 solver.py:136 ] Epoch: [337/400][340/400] lr: 6.11e-05 | MSE loss: 5.5995e-03 | time: 0.169
I 06.01/04:23:45 solver.py:136 ] Epoch: [337/400][360/400] lr: 6.11e-05 | MSE loss: 5.5912e-03 | time: 0.169
I 06.01/04:23:48 solver.py:136 ] Epoch: [337/400][380/400] lr: 6.11e-05 | MSE loss: 5.5992e-03 | time: 0.168
I 06.01/04:23:51 solver.py:136 ] Epoch: [337/400][400/400] lr: 6.11e-05 | MSE loss: 5.5877e-03 | time: 0.167
I 06.01/04:23:51 solver.py:146 ] => Train  Loss: 5.5877e-03

I 06.01/04:23:57 solver.py:205 ] 
=! Best NMSE: -1.9375e+01 (epoch=330)

I 06.01/04:24:02 solver.py:136 ] Epoch: [338/400][20/400] lr: 6.10e-05 | MSE loss: 5.4059e-03 | time: 0.226
I 06.01/04:24:07 solver.py:136 ] Epoch: [338/400][40/400] lr: 6.10e-05 | MSE loss: 5.3743e-03 | time: 0.227
I 06.01/04:24:10 solver.py:136 ] Epoch: [338/400][60/400] lr: 6.10e-05 | MSE loss: 5.4882e-03 | time: 0.213
I 06.01/04:24:13 solver.py:136 ] Epoch: [338/400][80/400] lr: 6.10e-05 | MSE loss: 5.6075e-03 | time: 0.200
I 06.01/04:24:17 solver.py:136 ] Epoch: [338/400][100/400] lr: 6.10e-05 | MSE loss: 5.6560e-03 | time: 0.191
I 06.01/04:24:20 solver.py:136 ] Epoch: [338/400][120/400] lr: 6.09e-05 | MSE loss: 5.6462e-03 | time: 0.188
I 06.01/04:24:23 solver.py:136 ] Epoch: [338/400][140/400] lr: 6.09e-05 | MSE loss: 5.6238e-03 | time: 0.182
I 06.01/04:24:26 solver.py:136 ] Epoch: [338/400][160/400] lr: 6.09e-05 | MSE loss: 5.5903e-03 | time: 0.180
I 06.01/04:24:29 solver.py:136 ] Epoch: [338/400][180/400] lr: 6.09e-05 | MSE loss: 5.5480e-03 | time: 0.176
I 06.01/04:24:32 solver.py:136 ] Epoch: [338/400][200/400] lr: 6.09e-05 | MSE loss: 5.5293e-03 | time: 0.171
I 06.01/04:24:34 solver.py:136 ] Epoch: [338/400][220/400] lr: 6.09e-05 | MSE loss: 5.5458e-03 | time: 0.165
I 06.01/04:24:36 solver.py:136 ] Epoch: [338/400][240/400] lr: 6.08e-05 | MSE loss: 5.5742e-03 | time: 0.161
I 06.01/04:24:39 solver.py:136 ] Epoch: [338/400][260/400] lr: 6.08e-05 | MSE loss: 5.5782e-03 | time: 0.160
I 06.01/04:24:42 solver.py:136 ] Epoch: [338/400][280/400] lr: 6.08e-05 | MSE loss: 5.5892e-03 | time: 0.160
I 06.01/04:24:45 solver.py:136 ] Epoch: [338/400][300/400] lr: 6.08e-05 | MSE loss: 5.6044e-03 | time: 0.160
I 06.01/04:24:48 solver.py:136 ] Epoch: [338/400][320/400] lr: 6.08e-05 | MSE loss: 5.5905e-03 | time: 0.158
I 06.01/04:24:51 solver.py:136 ] Epoch: [338/400][340/400] lr: 6.08e-05 | MSE loss: 5.5949e-03 | time: 0.157
I 06.01/04:24:54 solver.py:136 ] Epoch: [338/400][360/400] lr: 6.07e-05 | MSE loss: 5.5968e-03 | time: 0.157
I 06.01/04:24:57 solver.py:136 ] Epoch: [338/400][380/400] lr: 6.07e-05 | MSE loss: 5.5922e-03 | time: 0.156
I 06.01/04:25:00 solver.py:136 ] Epoch: [338/400][400/400] lr: 6.07e-05 | MSE loss: 5.5870e-03 | time: 0.156
I 06.01/04:25:00 solver.py:146 ] => Train  Loss: 5.5870e-03

I 06.01/04:25:05 solver.py:205 ] 
=! Best NMSE: -1.9375e+01 (epoch=330)

I 06.01/04:25:09 solver.py:136 ] Epoch: [339/400][20/400] lr: 6.07e-05 | MSE loss: 5.2964e-03 | time: 0.190
I 06.01/04:25:12 solver.py:136 ] Epoch: [339/400][40/400] lr: 6.07e-05 | MSE loss: 5.5098e-03 | time: 0.170
I 06.01/04:25:14 solver.py:136 ] Epoch: [339/400][60/400] lr: 6.07e-05 | MSE loss: 5.7114e-03 | time: 0.157
I 06.01/04:25:17 solver.py:136 ] Epoch: [339/400][80/400] lr: 6.06e-05 | MSE loss: 5.6944e-03 | time: 0.155
I 06.01/04:25:20 solver.py:136 ] Epoch: [339/400][100/400] lr: 6.06e-05 | MSE loss: 5.7121e-03 | time: 0.154
I 06.01/04:25:23 solver.py:136 ] Epoch: [339/400][120/400] lr: 6.06e-05 | MSE loss: 5.6598e-03 | time: 0.152
I 06.01/04:25:26 solver.py:136 ] Epoch: [339/400][140/400] lr: 6.06e-05 | MSE loss: 5.6251e-03 | time: 0.151
I 06.01/04:25:30 solver.py:136 ] Epoch: [339/400][160/400] lr: 6.06e-05 | MSE loss: 5.5975e-03 | time: 0.155
I 06.01/04:25:33 solver.py:136 ] Epoch: [339/400][180/400] lr: 6.06e-05 | MSE loss: 5.5930e-03 | time: 0.158
I 06.01/04:25:36 solver.py:136 ] Epoch: [339/400][200/400] lr: 6.05e-05 | MSE loss: 5.6131e-03 | time: 0.158
I 06.01/04:25:40 solver.py:136 ] Epoch: [339/400][220/400] lr: 6.05e-05 | MSE loss: 5.6395e-03 | time: 0.157
I 06.01/04:25:43 solver.py:136 ] Epoch: [339/400][240/400] lr: 6.05e-05 | MSE loss: 5.6310e-03 | time: 0.157
I 06.01/04:25:45 solver.py:136 ] Epoch: [339/400][260/400] lr: 6.05e-05 | MSE loss: 5.6096e-03 | time: 0.154
I 06.01/04:25:48 solver.py:136 ] Epoch: [339/400][280/400] lr: 6.05e-05 | MSE loss: 5.5977e-03 | time: 0.153
I 06.01/04:25:51 solver.py:136 ] Epoch: [339/400][300/400] lr: 6.05e-05 | MSE loss: 5.5801e-03 | time: 0.155
I 06.01/04:25:55 solver.py:136 ] Epoch: [339/400][320/400] lr: 6.04e-05 | MSE loss: 5.5494e-03 | time: 0.155
I 06.01/04:25:58 solver.py:136 ] Epoch: [339/400][340/400] lr: 6.04e-05 | MSE loss: 5.5568e-03 | time: 0.155
I 06.01/04:26:00 solver.py:136 ] Epoch: [339/400][360/400] lr: 6.04e-05 | MSE loss: 5.5399e-03 | time: 0.152
I 06.01/04:26:05 solver.py:136 ] Epoch: [339/400][380/400] lr: 6.04e-05 | MSE loss: 5.5476e-03 | time: 0.158
I 06.01/04:26:08 solver.py:136 ] Epoch: [339/400][400/400] lr: 6.04e-05 | MSE loss: 5.5850e-03 | time: 0.158
I 06.01/04:26:08 solver.py:146 ] => Train  Loss: 5.5850e-03

I 06.01/04:26:15 solver.py:205 ] 
=! Best NMSE: -1.9375e+01 (epoch=330)

I 06.01/04:26:17 solver.py:136 ] Epoch: [340/400][20/400] lr: 6.04e-05 | MSE loss: 5.9211e-03 | time: 0.142
I 06.01/04:26:20 solver.py:136 ] Epoch: [340/400][40/400] lr: 6.03e-05 | MSE loss: 5.8963e-03 | time: 0.143
I 06.01/04:26:24 solver.py:136 ] Epoch: [340/400][60/400] lr: 6.03e-05 | MSE loss: 5.8933e-03 | time: 0.148
I 06.01/04:26:27 solver.py:136 ] Epoch: [340/400][80/400] lr: 6.03e-05 | MSE loss: 5.7843e-03 | time: 0.149
I 06.01/04:26:30 solver.py:136 ] Epoch: [340/400][100/400] lr: 6.03e-05 | MSE loss: 5.7276e-03 | time: 0.153
I 06.01/04:26:33 solver.py:136 ] Epoch: [340/400][120/400] lr: 6.03e-05 | MSE loss: 5.7376e-03 | time: 0.151
I 06.01/04:26:36 solver.py:136 ] Epoch: [340/400][140/400] lr: 6.03e-05 | MSE loss: 5.7057e-03 | time: 0.155
I 06.01/04:26:39 solver.py:136 ] Epoch: [340/400][160/400] lr: 6.02e-05 | MSE loss: 5.6600e-03 | time: 0.153
I 06.01/04:26:42 solver.py:136 ] Epoch: [340/400][180/400] lr: 6.02e-05 | MSE loss: 5.5988e-03 | time: 0.152
I 06.01/04:26:45 solver.py:136 ] Epoch: [340/400][200/400] lr: 6.02e-05 | MSE loss: 5.5729e-03 | time: 0.151
I 06.01/04:26:48 solver.py:136 ] Epoch: [340/400][220/400] lr: 6.02e-05 | MSE loss: 5.5692e-03 | time: 0.149
I 06.01/04:26:50 solver.py:136 ] Epoch: [340/400][240/400] lr: 6.02e-05 | MSE loss: 5.5531e-03 | time: 0.147
I 06.01/04:26:52 solver.py:136 ] Epoch: [340/400][260/400] lr: 6.02e-05 | MSE loss: 5.5312e-03 | time: 0.144
I 06.01/04:26:54 solver.py:136 ] Epoch: [340/400][280/400] lr: 6.01e-05 | MSE loss: 5.5110e-03 | time: 0.142
I 06.01/04:26:57 solver.py:136 ] Epoch: [340/400][300/400] lr: 6.01e-05 | MSE loss: 5.5245e-03 | time: 0.141
I 06.01/04:27:00 solver.py:136 ] Epoch: [340/400][320/400] lr: 6.01e-05 | MSE loss: 5.5644e-03 | time: 0.143
I 06.01/04:27:05 solver.py:136 ] Epoch: [340/400][340/400] lr: 6.01e-05 | MSE loss: 5.5727e-03 | time: 0.148
I 06.01/04:27:08 solver.py:136 ] Epoch: [340/400][360/400] lr: 6.01e-05 | MSE loss: 5.5796e-03 | time: 0.149
I 06.01/04:27:11 solver.py:136 ] Epoch: [340/400][380/400] lr: 6.01e-05 | MSE loss: 5.5796e-03 | time: 0.147
I 06.01/04:27:14 solver.py:136 ] Epoch: [340/400][400/400] lr: 6.00e-05 | MSE loss: 5.5834e-03 | time: 0.147
I 06.01/04:27:14 solver.py:146 ] => Train  Loss: 5.5834e-03

I 06.01/04:27:17 solver.py:136 ] Epoch: [340/400][20/50] lr: 6.00e-05 | MSE loss: 6.1688e-03 | time: 0.165
I 06.01/04:27:20 solver.py:136 ] Epoch: [340/400][40/50] lr: 6.00e-05 | MSE loss: 5.9100e-03 | time: 0.155
I 06.01/04:27:22 solver.py:146 ] => Val  Loss: 5.8574e-03

I 06.01/04:27:24 solver.py:287 ] [20/50] loss: 5.9402e-03 | NMSE: -1.9342e+01 | time: 0.132
I 06.01/04:27:27 solver.py:287 ] [40/50] loss: 5.8916e-03 | NMSE: -1.9350e+01 | time: 0.137
I 06.01/04:27:29 solver.py:291 ] => Test NMSE: -1.9391e+01

I 06.01/04:27:37 solver.py:205 ] 
=! Best NMSE: -1.9391e+01 (epoch=340)

I 06.01/04:27:41 solver.py:136 ] Epoch: [341/400][20/400] lr: 6.00e-05 | MSE loss: 5.3887e-03 | time: 0.177
I 06.01/04:27:44 solver.py:136 ] Epoch: [341/400][40/400] lr: 6.00e-05 | MSE loss: 5.8435e-03 | time: 0.169
I 06.01/04:27:47 solver.py:136 ] Epoch: [341/400][60/400] lr: 6.00e-05 | MSE loss: 5.7794e-03 | time: 0.159
I 06.01/04:27:50 solver.py:136 ] Epoch: [341/400][80/400] lr: 6.00e-05 | MSE loss: 5.7119e-03 | time: 0.153
I 06.01/04:27:52 solver.py:136 ] Epoch: [341/400][100/400] lr: 6.00e-05 | MSE loss: 5.6798e-03 | time: 0.148
I 06.01/04:27:55 solver.py:136 ] Epoch: [341/400][120/400] lr: 6.00e-05 | MSE loss: 5.6564e-03 | time: 0.147
I 06.01/04:27:58 solver.py:136 ] Epoch: [341/400][140/400] lr: 5.99e-05 | MSE loss: 5.6274e-03 | time: 0.150
I 06.01/04:28:02 solver.py:136 ] Epoch: [341/400][160/400] lr: 5.99e-05 | MSE loss: 5.6088e-03 | time: 0.157
I 06.01/04:28:07 solver.py:136 ] Epoch: [341/400][180/400] lr: 5.99e-05 | MSE loss: 5.6180e-03 | time: 0.162
I 06.01/04:28:09 solver.py:136 ] Epoch: [341/400][200/400] lr: 5.99e-05 | MSE loss: 5.5963e-03 | time: 0.160
I 06.01/04:28:12 solver.py:136 ] Epoch: [341/400][220/400] lr: 5.99e-05 | MSE loss: 5.6038e-03 | time: 0.157
I 06.01/04:28:14 solver.py:136 ] Epoch: [341/400][240/400] lr: 5.99e-05 | MSE loss: 5.5971e-03 | time: 0.154
I 06.01/04:28:17 solver.py:136 ] Epoch: [341/400][260/400] lr: 5.98e-05 | MSE loss: 5.5723e-03 | time: 0.152
I 06.01/04:28:19 solver.py:136 ] Epoch: [341/400][280/400] lr: 5.98e-05 | MSE loss: 5.5862e-03 | time: 0.150
I 06.01/04:28:23 solver.py:136 ] Epoch: [341/400][300/400] lr: 5.98e-05 | MSE loss: 5.5982e-03 | time: 0.151
I 06.01/04:28:25 solver.py:136 ] Epoch: [341/400][320/400] lr: 5.98e-05 | MSE loss: 5.5784e-03 | time: 0.150
I 06.01/04:28:28 solver.py:136 ] Epoch: [341/400][340/400] lr: 5.98e-05 | MSE loss: 5.5690e-03 | time: 0.150
I 06.01/04:28:31 solver.py:136 ] Epoch: [341/400][360/400] lr: 5.98e-05 | MSE loss: 5.5789e-03 | time: 0.151
I 06.01/04:28:35 solver.py:136 ] Epoch: [341/400][380/400] lr: 5.97e-05 | MSE loss: 5.5912e-03 | time: 0.151
I 06.01/04:28:38 solver.py:136 ] Epoch: [341/400][400/400] lr: 5.97e-05 | MSE loss: 5.5830e-03 | time: 0.151
I 06.01/04:28:38 solver.py:146 ] => Train  Loss: 5.5830e-03

I 06.01/04:28:42 solver.py:205 ] 
=! Best NMSE: -1.9391e+01 (epoch=340)

I 06.01/04:28:45 solver.py:136 ] Epoch: [342/400][20/400] lr: 5.97e-05 | MSE loss: 5.5802e-03 | time: 0.158
I 06.01/04:28:48 solver.py:136 ] Epoch: [342/400][40/400] lr: 5.97e-05 | MSE loss: 5.6923e-03 | time: 0.154
I 06.01/04:28:51 solver.py:136 ] Epoch: [342/400][60/400] lr: 5.97e-05 | MSE loss: 5.6996e-03 | time: 0.153
I 06.01/04:28:54 solver.py:136 ] Epoch: [342/400][80/400] lr: 5.97e-05 | MSE loss: 5.7233e-03 | time: 0.151
I 06.01/04:28:57 solver.py:136 ] Epoch: [342/400][100/400] lr: 5.96e-05 | MSE loss: 5.6721e-03 | time: 0.147
I 06.01/04:29:00 solver.py:136 ] Epoch: [342/400][120/400] lr: 5.96e-05 | MSE loss: 5.7206e-03 | time: 0.147
I 06.01/04:29:05 solver.py:136 ] Epoch: [342/400][140/400] lr: 5.96e-05 | MSE loss: 5.7075e-03 | time: 0.160
I 06.01/04:29:08 solver.py:136 ] Epoch: [342/400][160/400] lr: 5.96e-05 | MSE loss: 5.7087e-03 | time: 0.161
I 06.01/04:29:11 solver.py:136 ] Epoch: [342/400][180/400] lr: 5.96e-05 | MSE loss: 5.7096e-03 | time: 0.159
I 06.01/04:29:13 solver.py:136 ] Epoch: [342/400][200/400] lr: 5.96e-05 | MSE loss: 5.6741e-03 | time: 0.156
I 06.01/04:29:16 solver.py:136 ] Epoch: [342/400][220/400] lr: 5.95e-05 | MSE loss: 5.6784e-03 | time: 0.154
I 06.01/04:29:19 solver.py:136 ] Epoch: [342/400][240/400] lr: 5.95e-05 | MSE loss: 5.6477e-03 | time: 0.152
I 06.01/04:29:21 solver.py:136 ] Epoch: [342/400][260/400] lr: 5.95e-05 | MSE loss: 5.6210e-03 | time: 0.147
I 06.01/04:29:23 solver.py:136 ] Epoch: [342/400][280/400] lr: 5.95e-05 | MSE loss: 5.6119e-03 | time: 0.144
I 06.01/04:29:25 solver.py:136 ] Epoch: [342/400][300/400] lr: 5.95e-05 | MSE loss: 5.6065e-03 | time: 0.142
I 06.01/04:29:28 solver.py:136 ] Epoch: [342/400][320/400] lr: 5.95e-05 | MSE loss: 5.6022e-03 | time: 0.142
I 06.01/04:29:31 solver.py:136 ] Epoch: [342/400][340/400] lr: 5.95e-05 | MSE loss: 5.6120e-03 | time: 0.143
I 06.01/04:29:34 solver.py:136 ] Epoch: [342/400][360/400] lr: 5.94e-05 | MSE loss: 5.5906e-03 | time: 0.144
I 06.01/04:29:37 solver.py:136 ] Epoch: [342/400][380/400] lr: 5.94e-05 | MSE loss: 5.5836e-03 | time: 0.145
I 06.01/04:29:41 solver.py:136 ] Epoch: [342/400][400/400] lr: 5.94e-05 | MSE loss: 5.5834e-03 | time: 0.146
I 06.01/04:29:41 solver.py:146 ] => Train  Loss: 5.5834e-03

I 06.01/04:29:47 solver.py:205 ] 
=! Best NMSE: -1.9391e+01 (epoch=340)

I 06.01/04:29:51 solver.py:136 ] Epoch: [343/400][20/400] lr: 5.94e-05 | MSE loss: 5.7413e-03 | time: 0.161
I 06.01/04:29:54 solver.py:136 ] Epoch: [343/400][40/400] lr: 5.94e-05 | MSE loss: 5.6388e-03 | time: 0.159
I 06.01/04:29:57 solver.py:136 ] Epoch: [343/400][60/400] lr: 5.94e-05 | MSE loss: 5.6833e-03 | time: 0.153
I 06.01/04:29:59 solver.py:136 ] Epoch: [343/400][80/400] lr: 5.93e-05 | MSE loss: 5.5441e-03 | time: 0.149
I 06.01/04:30:04 solver.py:136 ] Epoch: [343/400][100/400] lr: 5.93e-05 | MSE loss: 5.5437e-03 | time: 0.168
I 06.01/04:30:08 solver.py:136 ] Epoch: [343/400][120/400] lr: 5.93e-05 | MSE loss: 5.5990e-03 | time: 0.167
I 06.01/04:30:11 solver.py:136 ] Epoch: [343/400][140/400] lr: 5.93e-05 | MSE loss: 5.5936e-03 | time: 0.165
I 06.01/04:30:14 solver.py:136 ] Epoch: [343/400][160/400] lr: 5.93e-05 | MSE loss: 5.5834e-03 | time: 0.163
I 06.01/04:30:16 solver.py:136 ] Epoch: [343/400][180/400] lr: 5.93e-05 | MSE loss: 5.6114e-03 | time: 0.160
I 06.01/04:30:19 solver.py:136 ] Epoch: [343/400][200/400] lr: 5.92e-05 | MSE loss: 5.6073e-03 | time: 0.156
I 06.01/04:30:22 solver.py:136 ] Epoch: [343/400][220/400] lr: 5.92e-05 | MSE loss: 5.6067e-03 | time: 0.155
I 06.01/04:30:24 solver.py:136 ] Epoch: [343/400][240/400] lr: 5.92e-05 | MSE loss: 5.5891e-03 | time: 0.153
I 06.01/04:30:27 solver.py:136 ] Epoch: [343/400][260/400] lr: 5.92e-05 | MSE loss: 5.5867e-03 | time: 0.151
I 06.01/04:30:29 solver.py:136 ] Epoch: [343/400][280/400] lr: 5.92e-05 | MSE loss: 5.6094e-03 | time: 0.149
I 06.01/04:30:32 solver.py:136 ] Epoch: [343/400][300/400] lr: 5.92e-05 | MSE loss: 5.5903e-03 | time: 0.148
I 06.01/04:30:35 solver.py:136 ] Epoch: [343/400][320/400] lr: 5.92e-05 | MSE loss: 5.5751e-03 | time: 0.148
I 06.01/04:30:38 solver.py:136 ] Epoch: [343/400][340/400] lr: 5.91e-05 | MSE loss: 5.5729e-03 | time: 0.149
I 06.01/04:30:41 solver.py:136 ] Epoch: [343/400][360/400] lr: 5.91e-05 | MSE loss: 5.5875e-03 | time: 0.149
I 06.01/04:30:44 solver.py:136 ] Epoch: [343/400][380/400] lr: 5.91e-05 | MSE loss: 5.5940e-03 | time: 0.149
I 06.01/04:30:47 solver.py:136 ] Epoch: [343/400][400/400] lr: 5.91e-05 | MSE loss: 5.5791e-03 | time: 0.150
I 06.01/04:30:47 solver.py:146 ] => Train  Loss: 5.5791e-03

I 06.01/04:30:52 solver.py:205 ] 
=! Best NMSE: -1.9391e+01 (epoch=340)

I 06.01/04:30:56 solver.py:136 ] Epoch: [344/400][20/400] lr: 5.91e-05 | MSE loss: 5.8722e-03 | time: 0.165
I 06.01/04:30:58 solver.py:136 ] Epoch: [344/400][40/400] lr: 5.91e-05 | MSE loss: 5.7893e-03 | time: 0.157
I 06.01/04:31:02 solver.py:136 ] Epoch: [344/400][60/400] lr: 5.90e-05 | MSE loss: 5.7997e-03 | time: 0.160
I 06.01/04:31:06 solver.py:136 ] Epoch: [344/400][80/400] lr: 5.90e-05 | MSE loss: 5.8233e-03 | time: 0.173
I 06.01/04:31:09 solver.py:136 ] Epoch: [344/400][100/400] lr: 5.90e-05 | MSE loss: 5.7497e-03 | time: 0.167
I 06.01/04:31:12 solver.py:136 ] Epoch: [344/400][120/400] lr: 5.90e-05 | MSE loss: 5.6781e-03 | time: 0.166
I 06.01/04:31:15 solver.py:136 ] Epoch: [344/400][140/400] lr: 5.90e-05 | MSE loss: 5.6611e-03 | time: 0.165
I 06.01/04:31:19 solver.py:136 ] Epoch: [344/400][160/400] lr: 5.90e-05 | MSE loss: 5.6313e-03 | time: 0.164
I 06.01/04:31:22 solver.py:136 ] Epoch: [344/400][180/400] lr: 5.89e-05 | MSE loss: 5.6514e-03 | time: 0.163
I 06.01/04:31:24 solver.py:136 ] Epoch: [344/400][200/400] lr: 5.89e-05 | MSE loss: 5.6270e-03 | time: 0.160
I 06.01/04:31:26 solver.py:136 ] Epoch: [344/400][220/400] lr: 5.89e-05 | MSE loss: 5.6585e-03 | time: 0.155
I 06.01/04:31:29 solver.py:136 ] Epoch: [344/400][240/400] lr: 5.89e-05 | MSE loss: 5.6342e-03 | time: 0.152
I 06.01/04:31:31 solver.py:136 ] Epoch: [344/400][260/400] lr: 5.89e-05 | MSE loss: 5.6294e-03 | time: 0.150
I 06.01/04:31:34 solver.py:136 ] Epoch: [344/400][280/400] lr: 5.89e-05 | MSE loss: 5.6196e-03 | time: 0.148
I 06.01/04:31:36 solver.py:136 ] Epoch: [344/400][300/400] lr: 5.89e-05 | MSE loss: 5.6194e-03 | time: 0.146
I 06.01/04:31:39 solver.py:136 ] Epoch: [344/400][320/400] lr: 5.88e-05 | MSE loss: 5.6074e-03 | time: 0.145
I 06.01/04:31:41 solver.py:136 ] Epoch: [344/400][340/400] lr: 5.88e-05 | MSE loss: 5.5900e-03 | time: 0.145
I 06.01/04:31:44 solver.py:136 ] Epoch: [344/400][360/400] lr: 5.88e-05 | MSE loss: 5.5668e-03 | time: 0.143
I 06.01/04:31:46 solver.py:136 ] Epoch: [344/400][380/400] lr: 5.88e-05 | MSE loss: 5.5817e-03 | time: 0.143
I 06.01/04:31:49 solver.py:136 ] Epoch: [344/400][400/400] lr: 5.88e-05 | MSE loss: 5.5817e-03 | time: 0.142
I 06.01/04:31:49 solver.py:146 ] => Train  Loss: 5.5817e-03

I 06.01/04:31:53 solver.py:205 ] 
=! Best NMSE: -1.9391e+01 (epoch=340)

I 06.01/04:31:56 solver.py:136 ] Epoch: [345/400][20/400] lr: 5.88e-05 | MSE loss: 5.4955e-03 | time: 0.144
I 06.01/04:31:59 solver.py:136 ] Epoch: [345/400][40/400] lr: 5.87e-05 | MSE loss: 5.2468e-03 | time: 0.146
I 06.01/04:32:03 solver.py:136 ] Epoch: [345/400][60/400] lr: 5.87e-05 | MSE loss: 5.3205e-03 | time: 0.163
I 06.01/04:32:07 solver.py:136 ] Epoch: [345/400][80/400] lr: 5.87e-05 | MSE loss: 5.3680e-03 | time: 0.164
I 06.01/04:32:09 solver.py:136 ] Epoch: [345/400][100/400] lr: 5.87e-05 | MSE loss: 5.4212e-03 | time: 0.160
I 06.01/04:32:12 solver.py:136 ] Epoch: [345/400][120/400] lr: 5.87e-05 | MSE loss: 5.4283e-03 | time: 0.156
I 06.01/04:32:15 solver.py:136 ] Epoch: [345/400][140/400] lr: 5.87e-05 | MSE loss: 5.3671e-03 | time: 0.154
I 06.01/04:32:18 solver.py:136 ] Epoch: [345/400][160/400] lr: 5.87e-05 | MSE loss: 5.3844e-03 | time: 0.153
I 06.01/04:32:21 solver.py:136 ] Epoch: [345/400][180/400] lr: 5.86e-05 | MSE loss: 5.4264e-03 | time: 0.154
I 06.01/04:32:24 solver.py:136 ] Epoch: [345/400][200/400] lr: 5.86e-05 | MSE loss: 5.4553e-03 | time: 0.154
I 06.01/04:32:26 solver.py:136 ] Epoch: [345/400][220/400] lr: 5.86e-05 | MSE loss: 5.4326e-03 | time: 0.150
I 06.01/04:32:29 solver.py:136 ] Epoch: [345/400][240/400] lr: 5.86e-05 | MSE loss: 5.4467e-03 | time: 0.148
I 06.01/04:32:32 solver.py:136 ] Epoch: [345/400][260/400] lr: 5.86e-05 | MSE loss: 5.5154e-03 | time: 0.146
I 06.01/04:32:34 solver.py:136 ] Epoch: [345/400][280/400] lr: 5.86e-05 | MSE loss: 5.5392e-03 | time: 0.145
I 06.01/04:32:36 solver.py:136 ] Epoch: [345/400][300/400] lr: 5.85e-05 | MSE loss: 5.5232e-03 | time: 0.142
I 06.01/04:32:38 solver.py:136 ] Epoch: [345/400][320/400] lr: 5.85e-05 | MSE loss: 5.5306e-03 | time: 0.141
I 06.01/04:32:41 solver.py:136 ] Epoch: [345/400][340/400] lr: 5.85e-05 | MSE loss: 5.5726e-03 | time: 0.140
I 06.01/04:32:44 solver.py:136 ] Epoch: [345/400][360/400] lr: 5.85e-05 | MSE loss: 5.5611e-03 | time: 0.139
I 06.01/04:32:46 solver.py:136 ] Epoch: [345/400][380/400] lr: 5.85e-05 | MSE loss: 5.5799e-03 | time: 0.138
I 06.01/04:32:48 solver.py:136 ] Epoch: [345/400][400/400] lr: 5.85e-05 | MSE loss: 5.5784e-03 | time: 0.137
I 06.01/04:32:48 solver.py:146 ] => Train  Loss: 5.5784e-03

I 06.01/04:32:52 solver.py:205 ] 
=! Best NMSE: -1.9391e+01 (epoch=340)

I 06.01/04:32:55 solver.py:136 ] Epoch: [346/400][20/400] lr: 5.85e-05 | MSE loss: 5.9582e-03 | time: 0.133
I 06.01/04:32:57 solver.py:136 ] Epoch: [346/400][40/400] lr: 5.84e-05 | MSE loss: 5.6892e-03 | time: 0.127
I 06.01/04:33:00 solver.py:136 ] Epoch: [346/400][60/400] lr: 5.84e-05 | MSE loss: 5.6271e-03 | time: 0.125
I 06.01/04:33:04 solver.py:136 ] Epoch: [346/400][80/400] lr: 5.84e-05 | MSE loss: 5.5600e-03 | time: 0.150
I 06.01/04:33:07 solver.py:136 ] Epoch: [346/400][100/400] lr: 5.84e-05 | MSE loss: 5.5718e-03 | time: 0.149
I 06.01/04:33:10 solver.py:136 ] Epoch: [346/400][120/400] lr: 5.84e-05 | MSE loss: 5.5613e-03 | time: 0.146
I 06.01/04:33:12 solver.py:136 ] Epoch: [346/400][140/400] lr: 5.84e-05 | MSE loss: 5.5910e-03 | time: 0.144
I 06.01/04:33:15 solver.py:136 ] Epoch: [346/400][160/400] lr: 5.84e-05 | MSE loss: 5.5967e-03 | time: 0.144
I 06.01/04:33:18 solver.py:136 ] Epoch: [346/400][180/400] lr: 5.83e-05 | MSE loss: 5.5881e-03 | time: 0.144
I 06.01/04:33:21 solver.py:136 ] Epoch: [346/400][200/400] lr: 5.83e-05 | MSE loss: 5.5662e-03 | time: 0.142
I 06.01/04:33:23 solver.py:136 ] Epoch: [346/400][220/400] lr: 5.83e-05 | MSE loss: 5.6126e-03 | time: 0.140
I 06.01/04:33:26 solver.py:136 ] Epoch: [346/400][240/400] lr: 5.83e-05 | MSE loss: 5.6137e-03 | time: 0.140
I 06.01/04:33:28 solver.py:136 ] Epoch: [346/400][260/400] lr: 5.83e-05 | MSE loss: 5.6317e-03 | time: 0.139
I 06.01/04:33:31 solver.py:136 ] Epoch: [346/400][280/400] lr: 5.83e-05 | MSE loss: 5.6032e-03 | time: 0.137
I 06.01/04:33:32 solver.py:136 ] Epoch: [346/400][300/400] lr: 5.82e-05 | MSE loss: 5.6082e-03 | time: 0.133
I 06.01/04:33:34 solver.py:136 ] Epoch: [346/400][320/400] lr: 5.82e-05 | MSE loss: 5.5904e-03 | time: 0.131
I 06.01/04:33:36 solver.py:136 ] Epoch: [346/400][340/400] lr: 5.82e-05 | MSE loss: 5.5999e-03 | time: 0.129
I 06.01/04:33:38 solver.py:136 ] Epoch: [346/400][360/400] lr: 5.82e-05 | MSE loss: 5.5899e-03 | time: 0.128
I 06.01/04:33:41 solver.py:136 ] Epoch: [346/400][380/400] lr: 5.82e-05 | MSE loss: 5.6029e-03 | time: 0.127
I 06.01/04:33:43 solver.py:136 ] Epoch: [346/400][400/400] lr: 5.82e-05 | MSE loss: 5.5765e-03 | time: 0.127
I 06.01/04:33:43 solver.py:146 ] => Train  Loss: 5.5765e-03

I 06.01/04:33:47 solver.py:205 ] 
=! Best NMSE: -1.9391e+01 (epoch=340)

I 06.01/04:33:50 solver.py:136 ] Epoch: [347/400][20/400] lr: 5.82e-05 | MSE loss: 5.6373e-03 | time: 0.121
I 06.01/04:33:52 solver.py:136 ] Epoch: [347/400][40/400] lr: 5.81e-05 | MSE loss: 5.3878e-03 | time: 0.122
I 06.01/04:33:55 solver.py:136 ] Epoch: [347/400][60/400] lr: 5.81e-05 | MSE loss: 5.5006e-03 | time: 0.126
I 06.01/04:33:57 solver.py:136 ] Epoch: [347/400][80/400] lr: 5.81e-05 | MSE loss: 5.5557e-03 | time: 0.125
I 06.01/04:33:59 solver.py:136 ] Epoch: [347/400][100/400] lr: 5.81e-05 | MSE loss: 5.6733e-03 | time: 0.121
I 06.01/04:34:03 solver.py:136 ] Epoch: [347/400][120/400] lr: 5.81e-05 | MSE loss: 5.6798e-03 | time: 0.133
I 06.01/04:34:06 solver.py:136 ] Epoch: [347/400][140/400] lr: 5.81e-05 | MSE loss: 5.6269e-03 | time: 0.137
I 06.01/04:34:09 solver.py:136 ] Epoch: [347/400][160/400] lr: 5.81e-05 | MSE loss: 5.5801e-03 | time: 0.135
I 06.01/04:34:12 solver.py:136 ] Epoch: [347/400][180/400] lr: 5.80e-05 | MSE loss: 5.5508e-03 | time: 0.136
I 06.01/04:34:14 solver.py:136 ] Epoch: [347/400][200/400] lr: 5.80e-05 | MSE loss: 5.5665e-03 | time: 0.136
I 06.01/04:34:17 solver.py:136 ] Epoch: [347/400][220/400] lr: 5.80e-05 | MSE loss: 5.5916e-03 | time: 0.135
I 06.01/04:34:20 solver.py:136 ] Epoch: [347/400][240/400] lr: 5.80e-05 | MSE loss: 5.5806e-03 | time: 0.135
I 06.01/04:34:22 solver.py:136 ] Epoch: [347/400][260/400] lr: 5.80e-05 | MSE loss: 5.5457e-03 | time: 0.135
I 06.01/04:34:25 solver.py:136 ] Epoch: [347/400][280/400] lr: 5.80e-05 | MSE loss: 5.5735e-03 | time: 0.135
I 06.01/04:34:27 solver.py:136 ] Epoch: [347/400][300/400] lr: 5.80e-05 | MSE loss: 5.5664e-03 | time: 0.133
I 06.01/04:34:29 solver.py:136 ] Epoch: [347/400][320/400] lr: 5.79e-05 | MSE loss: 5.5559e-03 | time: 0.131
I 06.01/04:34:31 solver.py:136 ] Epoch: [347/400][340/400] lr: 5.79e-05 | MSE loss: 5.5670e-03 | time: 0.129
I 06.01/04:34:33 solver.py:136 ] Epoch: [347/400][360/400] lr: 5.79e-05 | MSE loss: 5.5606e-03 | time: 0.127
I 06.01/04:34:35 solver.py:136 ] Epoch: [347/400][380/400] lr: 5.79e-05 | MSE loss: 5.5685e-03 | time: 0.127
I 06.01/04:34:38 solver.py:136 ] Epoch: [347/400][400/400] lr: 5.79e-05 | MSE loss: 5.5742e-03 | time: 0.126
I 06.01/04:34:38 solver.py:146 ] => Train  Loss: 5.5742e-03

I 06.01/04:34:43 solver.py:205 ] 
=! Best NMSE: -1.9391e+01 (epoch=340)

I 06.01/04:34:46 solver.py:136 ] Epoch: [348/400][20/400] lr: 5.79e-05 | MSE loss: 5.1418e-03 | time: 0.149
I 06.01/04:34:49 solver.py:136 ] Epoch: [348/400][40/400] lr: 5.79e-05 | MSE loss: 5.2439e-03 | time: 0.143
I 06.01/04:34:52 solver.py:136 ] Epoch: [348/400][60/400] lr: 5.78e-05 | MSE loss: 5.3041e-03 | time: 0.145
I 06.01/04:34:54 solver.py:136 ] Epoch: [348/400][80/400] lr: 5.78e-05 | MSE loss: 5.4879e-03 | time: 0.142
I 06.01/04:34:57 solver.py:136 ] Epoch: [348/400][100/400] lr: 5.78e-05 | MSE loss: 5.5120e-03 | time: 0.143
I 06.01/04:35:00 solver.py:136 ] Epoch: [348/400][120/400] lr: 5.78e-05 | MSE loss: 5.5559e-03 | time: 0.141
I 06.01/04:35:05 solver.py:136 ] Epoch: [348/400][140/400] lr: 5.78e-05 | MSE loss: 5.5172e-03 | time: 0.157
I 06.01/04:35:08 solver.py:136 ] Epoch: [348/400][160/400] lr: 5.78e-05 | MSE loss: 5.5146e-03 | time: 0.154
I 06.01/04:35:10 solver.py:136 ] Epoch: [348/400][180/400] lr: 5.77e-05 | MSE loss: 5.5342e-03 | time: 0.149
I 06.01/04:35:12 solver.py:136 ] Epoch: [348/400][200/400] lr: 5.77e-05 | MSE loss: 5.5708e-03 | time: 0.146
I 06.01/04:35:15 solver.py:136 ] Epoch: [348/400][220/400] lr: 5.77e-05 | MSE loss: 5.5526e-03 | time: 0.146
I 06.01/04:35:18 solver.py:136 ] Epoch: [348/400][240/400] lr: 5.77e-05 | MSE loss: 5.5422e-03 | time: 0.147
I 06.01/04:35:21 solver.py:136 ] Epoch: [348/400][260/400] lr: 5.77e-05 | MSE loss: 5.5402e-03 | time: 0.147
I 06.01/04:35:24 solver.py:136 ] Epoch: [348/400][280/400] lr: 5.77e-05 | MSE loss: 5.5539e-03 | time: 0.147
I 06.01/04:35:26 solver.py:136 ] Epoch: [348/400][300/400] lr: 5.77e-05 | MSE loss: 5.5684e-03 | time: 0.144
I 06.01/04:35:28 solver.py:136 ] Epoch: [348/400][320/400] lr: 5.76e-05 | MSE loss: 5.5699e-03 | time: 0.141
I 06.01/04:35:29 solver.py:136 ] Epoch: [348/400][340/400] lr: 5.76e-05 | MSE loss: 5.5787e-03 | time: 0.137
I 06.01/04:35:31 solver.py:136 ] Epoch: [348/400][360/400] lr: 5.76e-05 | MSE loss: 5.5748e-03 | time: 0.135
I 06.01/04:35:34 solver.py:136 ] Epoch: [348/400][380/400] lr: 5.76e-05 | MSE loss: 5.5656e-03 | time: 0.134
I 06.01/04:35:36 solver.py:136 ] Epoch: [348/400][400/400] lr: 5.76e-05 | MSE loss: 5.5707e-03 | time: 0.132
I 06.01/04:35:36 solver.py:146 ] => Train  Loss: 5.5707e-03

I 06.01/04:35:41 solver.py:205 ] 
=! Best NMSE: -1.9391e+01 (epoch=340)

I 06.01/04:35:44 solver.py:136 ] Epoch: [349/400][20/400] lr: 5.76e-05 | MSE loss: 5.8683e-03 | time: 0.148
I 06.01/04:35:47 solver.py:136 ] Epoch: [349/400][40/400] lr: 5.76e-05 | MSE loss: 5.7926e-03 | time: 0.138
I 06.01/04:35:49 solver.py:136 ] Epoch: [349/400][60/400] lr: 5.75e-05 | MSE loss: 5.8680e-03 | time: 0.134
I 06.01/04:35:52 solver.py:136 ] Epoch: [349/400][80/400] lr: 5.75e-05 | MSE loss: 5.7367e-03 | time: 0.132
I 06.01/04:35:54 solver.py:136 ] Epoch: [349/400][100/400] lr: 5.75e-05 | MSE loss: 5.7925e-03 | time: 0.132
I 06.01/04:35:57 solver.py:136 ] Epoch: [349/400][120/400] lr: 5.75e-05 | MSE loss: 5.6894e-03 | time: 0.131
I 06.01/04:36:00 solver.py:136 ] Epoch: [349/400][140/400] lr: 5.75e-05 | MSE loss: 5.6167e-03 | time: 0.131
I 06.01/04:36:04 solver.py:136 ] Epoch: [349/400][160/400] lr: 5.75e-05 | MSE loss: 5.6146e-03 | time: 0.142
I 06.01/04:36:07 solver.py:136 ] Epoch: [349/400][180/400] lr: 5.75e-05 | MSE loss: 5.6098e-03 | time: 0.143
I 06.01/04:36:09 solver.py:136 ] Epoch: [349/400][200/400] lr: 5.74e-05 | MSE loss: 5.5985e-03 | time: 0.140
I 06.01/04:36:11 solver.py:136 ] Epoch: [349/400][220/400] lr: 5.74e-05 | MSE loss: 5.5858e-03 | time: 0.137
I 06.01/04:36:14 solver.py:136 ] Epoch: [349/400][240/400] lr: 5.74e-05 | MSE loss: 5.5681e-03 | time: 0.136
I 06.01/04:36:17 solver.py:136 ] Epoch: [349/400][260/400] lr: 5.74e-05 | MSE loss: 5.5638e-03 | time: 0.136
I 06.01/04:36:19 solver.py:136 ] Epoch: [349/400][280/400] lr: 5.74e-05 | MSE loss: 5.5564e-03 | time: 0.135
I 06.01/04:36:22 solver.py:136 ] Epoch: [349/400][300/400] lr: 5.74e-05 | MSE loss: 5.5661e-03 | time: 0.136
I 06.01/04:36:25 solver.py:136 ] Epoch: [349/400][320/400] lr: 5.74e-05 | MSE loss: 5.5709e-03 | time: 0.135
I 06.01/04:36:26 solver.py:136 ] Epoch: [349/400][340/400] lr: 5.73e-05 | MSE loss: 5.5593e-03 | time: 0.133
I 06.01/04:36:28 solver.py:136 ] Epoch: [349/400][360/400] lr: 5.73e-05 | MSE loss: 5.5621e-03 | time: 0.131
I 06.01/04:36:31 solver.py:136 ] Epoch: [349/400][380/400] lr: 5.73e-05 | MSE loss: 5.5622e-03 | time: 0.131
I 06.01/04:36:33 solver.py:136 ] Epoch: [349/400][400/400] lr: 5.73e-05 | MSE loss: 5.5692e-03 | time: 0.130
I 06.01/04:36:33 solver.py:146 ] => Train  Loss: 5.5692e-03

I 06.01/04:36:37 solver.py:205 ] 
=! Best NMSE: -1.9391e+01 (epoch=340)

I 06.01/04:36:40 solver.py:136 ] Epoch: [350/400][20/400] lr: 5.73e-05 | MSE loss: 5.2648e-03 | time: 0.159
I 06.01/04:36:43 solver.py:136 ] Epoch: [350/400][40/400] lr: 5.73e-05 | MSE loss: 5.4798e-03 | time: 0.141
I 06.01/04:36:45 solver.py:136 ] Epoch: [350/400][60/400] lr: 5.73e-05 | MSE loss: 5.4585e-03 | time: 0.136
I 06.01/04:36:48 solver.py:136 ] Epoch: [350/400][80/400] lr: 5.72e-05 | MSE loss: 5.5626e-03 | time: 0.139
I 06.01/04:36:52 solver.py:136 ] Epoch: [350/400][100/400] lr: 5.72e-05 | MSE loss: 5.5660e-03 | time: 0.143
I 06.01/04:36:54 solver.py:136 ] Epoch: [350/400][120/400] lr: 5.72e-05 | MSE loss: 5.6326e-03 | time: 0.144
I 06.01/04:36:57 solver.py:136 ] Epoch: [350/400][140/400] lr: 5.72e-05 | MSE loss: 5.6073e-03 | time: 0.145
I 06.01/04:37:00 solver.py:136 ] Epoch: [350/400][160/400] lr: 5.72e-05 | MSE loss: 5.6013e-03 | time: 0.145
I 06.01/04:37:05 solver.py:136 ] Epoch: [350/400][180/400] lr: 5.72e-05 | MSE loss: 5.5850e-03 | time: 0.154
I 06.01/04:37:08 solver.py:136 ] Epoch: [350/400][200/400] lr: 5.72e-05 | MSE loss: 5.5792e-03 | time: 0.152
I 06.01/04:37:10 solver.py:136 ] Epoch: [350/400][220/400] lr: 5.72e-05 | MSE loss: 5.5391e-03 | time: 0.149
I 06.01/04:37:13 solver.py:136 ] Epoch: [350/400][240/400] lr: 5.71e-05 | MSE loss: 5.5627e-03 | time: 0.148
I 06.01/04:37:16 solver.py:136 ] Epoch: [350/400][260/400] lr: 5.71e-05 | MSE loss: 5.5924e-03 | time: 0.148
I 06.01/04:37:18 solver.py:136 ] Epoch: [350/400][280/400] lr: 5.71e-05 | MSE loss: 5.5855e-03 | time: 0.147
I 06.01/04:37:21 solver.py:136 ] Epoch: [350/400][300/400] lr: 5.71e-05 | MSE loss: 5.5764e-03 | time: 0.146
I 06.01/04:37:24 solver.py:136 ] Epoch: [350/400][320/400] lr: 5.71e-05 | MSE loss: 5.5825e-03 | time: 0.145
I 06.01/04:37:25 solver.py:136 ] Epoch: [350/400][340/400] lr: 5.71e-05 | MSE loss: 5.5416e-03 | time: 0.141
I 06.01/04:37:27 solver.py:136 ] Epoch: [350/400][360/400] lr: 5.71e-05 | MSE loss: 5.5570e-03 | time: 0.139
I 06.01/04:37:30 solver.py:136 ] Epoch: [350/400][380/400] lr: 5.70e-05 | MSE loss: 5.5585e-03 | time: 0.138
I 06.01/04:37:32 solver.py:136 ] Epoch: [350/400][400/400] lr: 5.70e-05 | MSE loss: 5.5694e-03 | time: 0.137
I 06.01/04:37:32 solver.py:146 ] => Train  Loss: 5.5694e-03

I 06.01/04:37:35 solver.py:136 ] Epoch: [350/400][20/50] lr: 5.70e-05 | MSE loss: 6.1568e-03 | time: 0.132
I 06.01/04:37:37 solver.py:136 ] Epoch: [350/400][40/50] lr: 5.70e-05 | MSE loss: 5.8945e-03 | time: 0.119
I 06.01/04:37:38 solver.py:146 ] => Val  Loss: 5.8416e-03

I 06.01/04:37:41 solver.py:287 ] [20/50] loss: 5.9242e-03 | NMSE: -1.9354e+01 | time: 0.126
I 06.01/04:37:43 solver.py:287 ] [40/50] loss: 5.8719e-03 | NMSE: -1.9365e+01 | time: 0.121
I 06.01/04:37:44 solver.py:291 ] => Test NMSE: -1.9406e+01

I 06.01/04:37:53 solver.py:205 ] 
=! Best NMSE: -1.9406e+01 (epoch=350)

I 06.01/04:37:56 solver.py:136 ] Epoch: [351/400][20/400] lr: 5.70e-05 | MSE loss: 5.4037e-03 | time: 0.141
I 06.01/04:37:58 solver.py:136 ] Epoch: [351/400][40/400] lr: 5.70e-05 | MSE loss: 5.3269e-03 | time: 0.137
I 06.01/04:38:01 solver.py:136 ] Epoch: [351/400][60/400] lr: 5.70e-05 | MSE loss: 5.4151e-03 | time: 0.139
I 06.01/04:38:05 solver.py:136 ] Epoch: [351/400][80/400] lr: 5.70e-05 | MSE loss: 5.4298e-03 | time: 0.155
I 06.01/04:38:08 solver.py:136 ] Epoch: [351/400][100/400] lr: 5.70e-05 | MSE loss: 5.4262e-03 | time: 0.149
I 06.01/04:38:10 solver.py:136 ] Epoch: [351/400][120/400] lr: 5.69e-05 | MSE loss: 5.4716e-03 | time: 0.146
I 06.01/04:38:13 solver.py:136 ] Epoch: [351/400][140/400] lr: 5.69e-05 | MSE loss: 5.5454e-03 | time: 0.143
I 06.01/04:38:15 solver.py:136 ] Epoch: [351/400][160/400] lr: 5.69e-05 | MSE loss: 5.5138e-03 | time: 0.137
I 06.01/04:38:17 solver.py:136 ] Epoch: [351/400][180/400] lr: 5.69e-05 | MSE loss: 5.5047e-03 | time: 0.135
I 06.01/04:38:20 solver.py:136 ] Epoch: [351/400][200/400] lr: 5.69e-05 | MSE loss: 5.5373e-03 | time: 0.134
I 06.01/04:38:21 solver.py:136 ] Epoch: [351/400][220/400] lr: 5.69e-05 | MSE loss: 5.5432e-03 | time: 0.129
I 06.01/04:38:23 solver.py:136 ] Epoch: [351/400][240/400] lr: 5.69e-05 | MSE loss: 5.5537e-03 | time: 0.128
I 06.01/04:38:26 solver.py:136 ] Epoch: [351/400][260/400] lr: 5.68e-05 | MSE loss: 5.5517e-03 | time: 0.127
I 06.01/04:38:28 solver.py:136 ] Epoch: [351/400][280/400] lr: 5.68e-05 | MSE loss: 5.5131e-03 | time: 0.125
I 06.01/04:38:30 solver.py:136 ] Epoch: [351/400][300/400] lr: 5.68e-05 | MSE loss: 5.5474e-03 | time: 0.124
I 06.01/04:38:32 solver.py:136 ] Epoch: [351/400][320/400] lr: 5.68e-05 | MSE loss: 5.5620e-03 | time: 0.123
I 06.01/04:38:34 solver.py:136 ] Epoch: [351/400][340/400] lr: 5.68e-05 | MSE loss: 5.5785e-03 | time: 0.123
I 06.01/04:38:37 solver.py:136 ] Epoch: [351/400][360/400] lr: 5.68e-05 | MSE loss: 5.5728e-03 | time: 0.123
I 06.01/04:38:40 solver.py:136 ] Epoch: [351/400][380/400] lr: 5.68e-05 | MSE loss: 5.5789e-03 | time: 0.123
I 06.01/04:38:42 solver.py:136 ] Epoch: [351/400][400/400] lr: 5.68e-05 | MSE loss: 5.5681e-03 | time: 0.123
I 06.01/04:38:42 solver.py:146 ] => Train  Loss: 5.5681e-03

I 06.01/04:38:46 solver.py:205 ] 
=! Best NMSE: -1.9406e+01 (epoch=350)

I 06.01/04:38:48 solver.py:136 ] Epoch: [352/400][20/400] lr: 5.67e-05 | MSE loss: 5.3699e-03 | time: 0.135
I 06.01/04:38:51 solver.py:136 ] Epoch: [352/400][40/400] lr: 5.67e-05 | MSE loss: 5.4585e-03 | time: 0.129
I 06.01/04:38:53 solver.py:136 ] Epoch: [352/400][60/400] lr: 5.67e-05 | MSE loss: 5.4569e-03 | time: 0.122
I 06.01/04:38:55 solver.py:136 ] Epoch: [352/400][80/400] lr: 5.67e-05 | MSE loss: 5.4550e-03 | time: 0.118
I 06.01/04:38:57 solver.py:136 ] Epoch: [352/400][100/400] lr: 5.67e-05 | MSE loss: 5.4934e-03 | time: 0.117
I 06.01/04:39:00 solver.py:136 ] Epoch: [352/400][120/400] lr: 5.67e-05 | MSE loss: 5.4889e-03 | time: 0.122
I 06.01/04:39:05 solver.py:136 ] Epoch: [352/400][140/400] lr: 5.67e-05 | MSE loss: 5.5292e-03 | time: 0.139
I 06.01/04:39:08 solver.py:136 ] Epoch: [352/400][160/400] lr: 5.66e-05 | MSE loss: 5.5230e-03 | time: 0.139
I 06.01/04:39:10 solver.py:136 ] Epoch: [352/400][180/400] lr: 5.66e-05 | MSE loss: 5.5262e-03 | time: 0.136
I 06.01/04:39:12 solver.py:136 ] Epoch: [352/400][200/400] lr: 5.66e-05 | MSE loss: 5.5481e-03 | time: 0.133
I 06.01/04:39:15 solver.py:136 ] Epoch: [352/400][220/400] lr: 5.66e-05 | MSE loss: 5.5478e-03 | time: 0.132
I 06.01/04:39:17 solver.py:136 ] Epoch: [352/400][240/400] lr: 5.66e-05 | MSE loss: 5.5510e-03 | time: 0.129
I 06.01/04:39:19 solver.py:136 ] Epoch: [352/400][260/400] lr: 5.66e-05 | MSE loss: 5.5755e-03 | time: 0.128
I 06.01/04:39:21 solver.py:136 ] Epoch: [352/400][280/400] lr: 5.66e-05 | MSE loss: 5.5854e-03 | time: 0.127
I 06.01/04:39:24 solver.py:136 ] Epoch: [352/400][300/400] lr: 5.66e-05 | MSE loss: 5.5653e-03 | time: 0.127
I 06.01/04:39:26 solver.py:136 ] Epoch: [352/400][320/400] lr: 5.65e-05 | MSE loss: 5.5637e-03 | time: 0.126
I 06.01/04:39:28 solver.py:136 ] Epoch: [352/400][340/400] lr: 5.65e-05 | MSE loss: 5.5561e-03 | time: 0.124
I 06.01/04:39:30 solver.py:136 ] Epoch: [352/400][360/400] lr: 5.65e-05 | MSE loss: 5.5345e-03 | time: 0.122
I 06.01/04:39:32 solver.py:136 ] Epoch: [352/400][380/400] lr: 5.65e-05 | MSE loss: 5.5456e-03 | time: 0.123
I 06.01/04:39:35 solver.py:136 ] Epoch: [352/400][400/400] lr: 5.65e-05 | MSE loss: 5.5674e-03 | time: 0.123
I 06.01/04:39:35 solver.py:146 ] => Train  Loss: 5.5674e-03

I 06.01/04:39:38 solver.py:205 ] 
=! Best NMSE: -1.9406e+01 (epoch=350)

I 06.01/04:39:40 solver.py:136 ] Epoch: [353/400][20/400] lr: 5.65e-05 | MSE loss: 5.7955e-03 | time: 0.122
I 06.01/04:39:43 solver.py:136 ] Epoch: [353/400][40/400] lr: 5.65e-05 | MSE loss: 5.7724e-03 | time: 0.123
I 06.01/04:39:45 solver.py:136 ] Epoch: [353/400][60/400] lr: 5.64e-05 | MSE loss: 5.7699e-03 | time: 0.124
I 06.01/04:39:47 solver.py:136 ] Epoch: [353/400][80/400] lr: 5.64e-05 | MSE loss: 5.6139e-03 | time: 0.121
I 06.01/04:39:50 solver.py:136 ] Epoch: [353/400][100/400] lr: 5.64e-05 | MSE loss: 5.5627e-03 | time: 0.120
I 06.01/04:39:52 solver.py:136 ] Epoch: [353/400][120/400] lr: 5.64e-05 | MSE loss: 5.5362e-03 | time: 0.119
I 06.01/04:39:54 solver.py:136 ] Epoch: [353/400][140/400] lr: 5.64e-05 | MSE loss: 5.5653e-03 | time: 0.118
I 06.01/04:39:56 solver.py:136 ] Epoch: [353/400][160/400] lr: 5.64e-05 | MSE loss: 5.5741e-03 | time: 0.115
I 06.01/04:39:58 solver.py:136 ] Epoch: [353/400][180/400] lr: 5.64e-05 | MSE loss: 5.5810e-03 | time: 0.114
I 06.01/04:40:01 solver.py:136 ] Epoch: [353/400][200/400] lr: 5.64e-05 | MSE loss: 5.5896e-03 | time: 0.116
I 06.01/04:40:05 solver.py:136 ] Epoch: [353/400][220/400] lr: 5.63e-05 | MSE loss: 5.6011e-03 | time: 0.125
I 06.01/04:40:07 solver.py:136 ] Epoch: [353/400][240/400] lr: 5.63e-05 | MSE loss: 5.6052e-03 | time: 0.123
I 06.01/04:40:09 solver.py:136 ] Epoch: [353/400][260/400] lr: 5.63e-05 | MSE loss: 5.5727e-03 | time: 0.120
I 06.01/04:40:11 solver.py:136 ] Epoch: [353/400][280/400] lr: 5.63e-05 | MSE loss: 5.5845e-03 | time: 0.119
I 06.01/04:40:13 solver.py:136 ] Epoch: [353/400][300/400] lr: 5.63e-05 | MSE loss: 5.5493e-03 | time: 0.119
I 06.01/04:40:16 solver.py:136 ] Epoch: [353/400][320/400] lr: 5.63e-05 | MSE loss: 5.5400e-03 | time: 0.118
I 06.01/04:40:18 solver.py:136 ] Epoch: [353/400][340/400] lr: 5.63e-05 | MSE loss: 5.5296e-03 | time: 0.117
I 06.01/04:40:20 solver.py:136 ] Epoch: [353/400][360/400] lr: 5.62e-05 | MSE loss: 5.5479e-03 | time: 0.117
I 06.01/04:40:22 solver.py:136 ] Epoch: [353/400][380/400] lr: 5.62e-05 | MSE loss: 5.5733e-03 | time: 0.115
I 06.01/04:40:23 solver.py:136 ] Epoch: [353/400][400/400] lr: 5.62e-05 | MSE loss: 5.5647e-03 | time: 0.114
I 06.01/04:40:23 solver.py:146 ] => Train  Loss: 5.5647e-03

I 06.01/04:40:26 solver.py:205 ] 
=! Best NMSE: -1.9406e+01 (epoch=350)

I 06.01/04:40:29 solver.py:136 ] Epoch: [354/400][20/400] lr: 5.62e-05 | MSE loss: 5.6415e-03 | time: 0.126
I 06.01/04:40:31 solver.py:136 ] Epoch: [354/400][40/400] lr: 5.62e-05 | MSE loss: 5.6497e-03 | time: 0.123
I 06.01/04:40:33 solver.py:136 ] Epoch: [354/400][60/400] lr: 5.62e-05 | MSE loss: 5.4676e-03 | time: 0.116
I 06.01/04:40:35 solver.py:136 ] Epoch: [354/400][80/400] lr: 5.62e-05 | MSE loss: 5.5549e-03 | time: 0.115
I 06.01/04:40:37 solver.py:136 ] Epoch: [354/400][100/400] lr: 5.62e-05 | MSE loss: 5.5486e-03 | time: 0.110
I 06.01/04:40:39 solver.py:136 ] Epoch: [354/400][120/400] lr: 5.61e-05 | MSE loss: 5.5396e-03 | time: 0.108
I 06.01/04:40:41 solver.py:136 ] Epoch: [354/400][140/400] lr: 5.61e-05 | MSE loss: 5.5299e-03 | time: 0.108
I 06.01/04:40:44 solver.py:136 ] Epoch: [354/400][160/400] lr: 5.61e-05 | MSE loss: 5.5103e-03 | time: 0.109
I 06.01/04:40:46 solver.py:136 ] Epoch: [354/400][180/400] lr: 5.61e-05 | MSE loss: 5.4981e-03 | time: 0.108
I 06.01/04:40:48 solver.py:136 ] Epoch: [354/400][200/400] lr: 5.61e-05 | MSE loss: 5.4987e-03 | time: 0.108
I 06.01/04:40:50 solver.py:136 ] Epoch: [354/400][220/400] lr: 5.61e-05 | MSE loss: 5.4799e-03 | time: 0.108
I 06.01/04:40:52 solver.py:136 ] Epoch: [354/400][240/400] lr: 5.61e-05 | MSE loss: 5.4994e-03 | time: 0.108
I 06.01/04:40:54 solver.py:136 ] Epoch: [354/400][260/400] lr: 5.61e-05 | MSE loss: 5.5051e-03 | time: 0.106
I 06.01/04:40:55 solver.py:136 ] Epoch: [354/400][280/400] lr: 5.60e-05 | MSE loss: 5.5266e-03 | time: 0.103
I 06.01/04:40:57 solver.py:136 ] Epoch: [354/400][300/400] lr: 5.60e-05 | MSE loss: 5.5468e-03 | time: 0.101
I 06.01/04:40:59 solver.py:136 ] Epoch: [354/400][320/400] lr: 5.60e-05 | MSE loss: 5.5556e-03 | time: 0.102
I 06.01/04:41:02 solver.py:136 ] Epoch: [354/400][340/400] lr: 5.60e-05 | MSE loss: 5.5452e-03 | time: 0.105
I 06.01/04:41:06 solver.py:136 ] Epoch: [354/400][360/400] lr: 5.60e-05 | MSE loss: 5.5689e-03 | time: 0.110
I 06.01/04:41:08 solver.py:136 ] Epoch: [354/400][380/400] lr: 5.60e-05 | MSE loss: 5.5729e-03 | time: 0.109
I 06.01/04:41:09 solver.py:136 ] Epoch: [354/400][400/400] lr: 5.60e-05 | MSE loss: 5.5640e-03 | time: 0.108
I 06.01/04:41:09 solver.py:146 ] => Train  Loss: 5.5640e-03

I 06.01/04:41:13 solver.py:205 ] 
=! Best NMSE: -1.9406e+01 (epoch=350)

I 06.01/04:41:16 solver.py:136 ] Epoch: [355/400][20/400] lr: 5.59e-05 | MSE loss: 5.0487e-03 | time: 0.114
I 06.01/04:41:18 solver.py:136 ] Epoch: [355/400][40/400] lr: 5.59e-05 | MSE loss: 5.2695e-03 | time: 0.109
I 06.01/04:41:20 solver.py:136 ] Epoch: [355/400][60/400] lr: 5.59e-05 | MSE loss: 5.3613e-03 | time: 0.109
I 06.01/04:41:22 solver.py:136 ] Epoch: [355/400][80/400] lr: 5.59e-05 | MSE loss: 5.4266e-03 | time: 0.107
I 06.01/04:41:24 solver.py:136 ] Epoch: [355/400][100/400] lr: 5.59e-05 | MSE loss: 5.4653e-03 | time: 0.104
I 06.01/04:41:25 solver.py:136 ] Epoch: [355/400][120/400] lr: 5.59e-05 | MSE loss: 5.5120e-03 | time: 0.099
I 06.01/04:41:27 solver.py:136 ] Epoch: [355/400][140/400] lr: 5.59e-05 | MSE loss: 5.5534e-03 | time: 0.098
I 06.01/04:41:29 solver.py:136 ] Epoch: [355/400][160/400] lr: 5.59e-05 | MSE loss: 5.4996e-03 | time: 0.097
I 06.01/04:41:31 solver.py:136 ] Epoch: [355/400][180/400] lr: 5.58e-05 | MSE loss: 5.5052e-03 | time: 0.097
I 06.01/04:41:33 solver.py:136 ] Epoch: [355/400][200/400] lr: 5.58e-05 | MSE loss: 5.5213e-03 | time: 0.099
I 06.01/04:41:36 solver.py:136 ] Epoch: [355/400][220/400] lr: 5.58e-05 | MSE loss: 5.5014e-03 | time: 0.101
I 06.01/04:41:38 solver.py:136 ] Epoch: [355/400][240/400] lr: 5.58e-05 | MSE loss: 5.5136e-03 | time: 0.102
I 06.01/04:41:40 solver.py:136 ] Epoch: [355/400][260/400] lr: 5.58e-05 | MSE loss: 5.5372e-03 | time: 0.103
I 06.01/04:41:42 solver.py:136 ] Epoch: [355/400][280/400] lr: 5.58e-05 | MSE loss: 5.5274e-03 | time: 0.103
I 06.01/04:41:44 solver.py:136 ] Epoch: [355/400][300/400] lr: 5.58e-05 | MSE loss: 5.5489e-03 | time: 0.103
I 06.01/04:41:46 solver.py:136 ] Epoch: [355/400][320/400] lr: 5.58e-05 | MSE loss: 5.5490e-03 | time: 0.101
I 06.01/04:41:48 solver.py:136 ] Epoch: [355/400][340/400] lr: 5.57e-05 | MSE loss: 5.5467e-03 | time: 0.101
I 06.01/04:41:50 solver.py:136 ] Epoch: [355/400][360/400] lr: 5.57e-05 | MSE loss: 5.5757e-03 | time: 0.101
I 06.01/04:41:52 solver.py:136 ] Epoch: [355/400][380/400] lr: 5.57e-05 | MSE loss: 5.5623e-03 | time: 0.101
I 06.01/04:41:54 solver.py:136 ] Epoch: [355/400][400/400] lr: 5.57e-05 | MSE loss: 5.5622e-03 | time: 0.100
I 06.01/04:41:54 solver.py:146 ] => Train  Loss: 5.5622e-03

I 06.01/04:41:57 solver.py:205 ] 
=! Best NMSE: -1.9406e+01 (epoch=350)

I 06.01/04:41:58 solver.py:136 ] Epoch: [356/400][20/400] lr: 5.57e-05 | MSE loss: 5.3606e-03 | time: 0.073
I 06.01/04:42:00 solver.py:136 ] Epoch: [356/400][40/400] lr: 5.57e-05 | MSE loss: 5.6654e-03 | time: 0.084
I 06.01/04:42:04 solver.py:136 ] Epoch: [356/400][60/400] lr: 5.57e-05 | MSE loss: 5.6224e-03 | time: 0.123
I 06.01/04:42:06 solver.py:136 ] Epoch: [356/400][80/400] lr: 5.57e-05 | MSE loss: 5.6255e-03 | time: 0.118
I 06.01/04:42:09 solver.py:136 ] Epoch: [356/400][100/400] lr: 5.56e-05 | MSE loss: 5.5515e-03 | time: 0.117
I 06.01/04:42:11 solver.py:136 ] Epoch: [356/400][120/400] lr: 5.56e-05 | MSE loss: 5.4934e-03 | time: 0.116
I 06.01/04:42:13 solver.py:136 ] Epoch: [356/400][140/400] lr: 5.56e-05 | MSE loss: 5.4886e-03 | time: 0.116
I 06.01/04:42:16 solver.py:136 ] Epoch: [356/400][160/400] lr: 5.56e-05 | MSE loss: 5.5133e-03 | time: 0.116
I 06.01/04:42:18 solver.py:136 ] Epoch: [356/400][180/400] lr: 5.56e-05 | MSE loss: 5.5039e-03 | time: 0.114
I 06.01/04:42:20 solver.py:136 ] Epoch: [356/400][200/400] lr: 5.56e-05 | MSE loss: 5.5097e-03 | time: 0.113
I 06.01/04:42:22 solver.py:136 ] Epoch: [356/400][220/400] lr: 5.56e-05 | MSE loss: 5.4999e-03 | time: 0.113
I 06.01/04:42:24 solver.py:136 ] Epoch: [356/400][240/400] lr: 5.56e-05 | MSE loss: 5.5091e-03 | time: 0.113
I 06.01/04:42:26 solver.py:136 ] Epoch: [356/400][260/400] lr: 5.55e-05 | MSE loss: 5.4928e-03 | time: 0.113
I 06.01/04:42:29 solver.py:136 ] Epoch: [356/400][280/400] lr: 5.55e-05 | MSE loss: 5.5142e-03 | time: 0.113
I 06.01/04:42:31 solver.py:136 ] Epoch: [356/400][300/400] lr: 5.55e-05 | MSE loss: 5.5003e-03 | time: 0.113
I 06.01/04:42:33 solver.py:136 ] Epoch: [356/400][320/400] lr: 5.55e-05 | MSE loss: 5.5160e-03 | time: 0.112
I 06.01/04:42:35 solver.py:136 ] Epoch: [356/400][340/400] lr: 5.55e-05 | MSE loss: 5.5306e-03 | time: 0.111
I 06.01/04:42:36 solver.py:136 ] Epoch: [356/400][360/400] lr: 5.55e-05 | MSE loss: 5.5620e-03 | time: 0.110
I 06.01/04:42:38 solver.py:136 ] Epoch: [356/400][380/400] lr: 5.55e-05 | MSE loss: 5.5733e-03 | time: 0.108
I 06.01/04:42:40 solver.py:136 ] Epoch: [356/400][400/400] lr: 5.55e-05 | MSE loss: 5.5643e-03 | time: 0.108
I 06.01/04:42:40 solver.py:146 ] => Train  Loss: 5.5643e-03

I 06.01/04:42:44 solver.py:205 ] 
=! Best NMSE: -1.9406e+01 (epoch=350)

I 06.01/04:42:46 solver.py:136 ] Epoch: [357/400][20/400] lr: 5.54e-05 | MSE loss: 5.6626e-03 | time: 0.098
I 06.01/04:42:48 solver.py:136 ] Epoch: [357/400][40/400] lr: 5.54e-05 | MSE loss: 5.3922e-03 | time: 0.102
I 06.01/04:42:50 solver.py:136 ] Epoch: [357/400][60/400] lr: 5.54e-05 | MSE loss: 5.4378e-03 | time: 0.104
I 06.01/04:42:52 solver.py:136 ] Epoch: [357/400][80/400] lr: 5.54e-05 | MSE loss: 5.4919e-03 | time: 0.101
I 06.01/04:42:54 solver.py:136 ] Epoch: [357/400][100/400] lr: 5.54e-05 | MSE loss: 5.4504e-03 | time: 0.102
I 06.01/04:42:56 solver.py:136 ] Epoch: [357/400][120/400] lr: 5.54e-05 | MSE loss: 5.4950e-03 | time: 0.103
I 06.01/04:42:59 solver.py:136 ] Epoch: [357/400][140/400] lr: 5.54e-05 | MSE loss: 5.5590e-03 | time: 0.106
I 06.01/04:43:01 solver.py:136 ] Epoch: [357/400][160/400] lr: 5.54e-05 | MSE loss: 5.6356e-03 | time: 0.108
I 06.01/04:43:05 solver.py:136 ] Epoch: [357/400][180/400] lr: 5.54e-05 | MSE loss: 5.6379e-03 | time: 0.116
I 06.01/04:43:07 solver.py:136 ] Epoch: [357/400][200/400] lr: 5.53e-05 | MSE loss: 5.6382e-03 | time: 0.115
I 06.01/04:43:09 solver.py:136 ] Epoch: [357/400][220/400] lr: 5.53e-05 | MSE loss: 5.5712e-03 | time: 0.113
I 06.01/04:43:10 solver.py:136 ] Epoch: [357/400][240/400] lr: 5.53e-05 | MSE loss: 5.5612e-03 | time: 0.111
I 06.01/04:43:12 solver.py:136 ] Epoch: [357/400][260/400] lr: 5.53e-05 | MSE loss: 5.5547e-03 | time: 0.110
I 06.01/04:43:14 solver.py:136 ] Epoch: [357/400][280/400] lr: 5.53e-05 | MSE loss: 5.5787e-03 | time: 0.109
I 06.01/04:43:16 solver.py:136 ] Epoch: [357/400][300/400] lr: 5.53e-05 | MSE loss: 5.5945e-03 | time: 0.109
I 06.01/04:43:19 solver.py:136 ] Epoch: [357/400][320/400] lr: 5.53e-05 | MSE loss: 5.5895e-03 | time: 0.110
I 06.01/04:43:21 solver.py:136 ] Epoch: [357/400][340/400] lr: 5.53e-05 | MSE loss: 5.5750e-03 | time: 0.110
I 06.01/04:43:23 solver.py:136 ] Epoch: [357/400][360/400] lr: 5.52e-05 | MSE loss: 5.5650e-03 | time: 0.109
I 06.01/04:43:25 solver.py:136 ] Epoch: [357/400][380/400] lr: 5.52e-05 | MSE loss: 5.5660e-03 | time: 0.110
I 06.01/04:43:28 solver.py:136 ] Epoch: [357/400][400/400] lr: 5.52e-05 | MSE loss: 5.5613e-03 | time: 0.110
I 06.01/04:43:28 solver.py:146 ] => Train  Loss: 5.5613e-03

I 06.01/04:43:31 solver.py:205 ] 
=! Best NMSE: -1.9406e+01 (epoch=350)

I 06.01/04:43:33 solver.py:136 ] Epoch: [358/400][20/400] lr: 5.52e-05 | MSE loss: 5.5984e-03 | time: 0.100
I 06.01/04:43:36 solver.py:136 ] Epoch: [358/400][40/400] lr: 5.52e-05 | MSE loss: 5.6883e-03 | time: 0.114
I 06.01/04:43:38 solver.py:136 ] Epoch: [358/400][60/400] lr: 5.52e-05 | MSE loss: 5.6256e-03 | time: 0.112
I 06.01/04:43:40 solver.py:136 ] Epoch: [358/400][80/400] lr: 5.52e-05 | MSE loss: 5.5975e-03 | time: 0.110
I 06.01/04:43:42 solver.py:136 ] Epoch: [358/400][100/400] lr: 5.52e-05 | MSE loss: 5.5577e-03 | time: 0.111
I 06.01/04:43:45 solver.py:136 ] Epoch: [358/400][120/400] lr: 5.51e-05 | MSE loss: 5.5190e-03 | time: 0.110
I 06.01/04:43:47 solver.py:136 ] Epoch: [358/400][140/400] lr: 5.51e-05 | MSE loss: 5.5228e-03 | time: 0.110
I 06.01/04:43:49 solver.py:136 ] Epoch: [358/400][160/400] lr: 5.51e-05 | MSE loss: 5.4900e-03 | time: 0.109
I 06.01/04:43:51 solver.py:136 ] Epoch: [358/400][180/400] lr: 5.51e-05 | MSE loss: 5.5109e-03 | time: 0.107
I 06.01/04:43:52 solver.py:136 ] Epoch: [358/400][200/400] lr: 5.51e-05 | MSE loss: 5.5516e-03 | time: 0.105
I 06.01/04:43:54 solver.py:136 ] Epoch: [358/400][220/400] lr: 5.51e-05 | MSE loss: 5.5268e-03 | time: 0.104
I 06.01/04:43:56 solver.py:136 ] Epoch: [358/400][240/400] lr: 5.51e-05 | MSE loss: 5.5094e-03 | time: 0.104
I 06.01/04:43:58 solver.py:136 ] Epoch: [358/400][260/400] lr: 5.51e-05 | MSE loss: 5.5186e-03 | time: 0.105
I 06.01/04:44:01 solver.py:136 ] Epoch: [358/400][280/400] lr: 5.51e-05 | MSE loss: 5.5344e-03 | time: 0.107
I 06.01/04:44:05 solver.py:136 ] Epoch: [358/400][300/400] lr: 5.50e-05 | MSE loss: 5.5389e-03 | time: 0.114
I 06.01/04:44:07 solver.py:136 ] Epoch: [358/400][320/400] lr: 5.50e-05 | MSE loss: 5.5616e-03 | time: 0.113
I 06.01/04:44:09 solver.py:136 ] Epoch: [358/400][340/400] lr: 5.50e-05 | MSE loss: 5.5864e-03 | time: 0.112
I 06.01/04:44:11 solver.py:136 ] Epoch: [358/400][360/400] lr: 5.50e-05 | MSE loss: 5.5893e-03 | time: 0.111
I 06.01/04:44:13 solver.py:136 ] Epoch: [358/400][380/400] lr: 5.50e-05 | MSE loss: 5.5653e-03 | time: 0.110
I 06.01/04:44:15 solver.py:136 ] Epoch: [358/400][400/400] lr: 5.50e-05 | MSE loss: 5.5598e-03 | time: 0.110
I 06.01/04:44:15 solver.py:146 ] => Train  Loss: 5.5598e-03

I 06.01/04:44:18 solver.py:205 ] 
=! Best NMSE: -1.9406e+01 (epoch=350)

I 06.01/04:44:20 solver.py:136 ] Epoch: [359/400][20/400] lr: 5.50e-05 | MSE loss: 5.8432e-03 | time: 0.084
I 06.01/04:44:22 solver.py:136 ] Epoch: [359/400][40/400] lr: 5.50e-05 | MSE loss: 5.7782e-03 | time: 0.084
I 06.01/04:44:24 solver.py:136 ] Epoch: [359/400][60/400] lr: 5.49e-05 | MSE loss: 5.6080e-03 | time: 0.089
I 06.01/04:44:26 solver.py:136 ] Epoch: [359/400][80/400] lr: 5.49e-05 | MSE loss: 5.4801e-03 | time: 0.092
I 06.01/04:44:28 solver.py:136 ] Epoch: [359/400][100/400] lr: 5.49e-05 | MSE loss: 5.4400e-03 | time: 0.096
I 06.01/04:44:31 solver.py:136 ] Epoch: [359/400][120/400] lr: 5.49e-05 | MSE loss: 5.4612e-03 | time: 0.101
I 06.01/04:44:33 solver.py:136 ] Epoch: [359/400][140/400] lr: 5.49e-05 | MSE loss: 5.5677e-03 | time: 0.103
I 06.01/04:44:35 solver.py:136 ] Epoch: [359/400][160/400] lr: 5.49e-05 | MSE loss: 5.5646e-03 | time: 0.105
I 06.01/04:44:38 solver.py:136 ] Epoch: [359/400][180/400] lr: 5.49e-05 | MSE loss: 5.5962e-03 | time: 0.107
I 06.01/04:44:40 solver.py:136 ] Epoch: [359/400][200/400] lr: 5.49e-05 | MSE loss: 5.5721e-03 | time: 0.109
I 06.01/04:44:42 solver.py:136 ] Epoch: [359/400][220/400] lr: 5.49e-05 | MSE loss: 5.5823e-03 | time: 0.108
I 06.01/04:44:44 solver.py:136 ] Epoch: [359/400][240/400] lr: 5.48e-05 | MSE loss: 5.6179e-03 | time: 0.107
I 06.01/04:44:46 solver.py:136 ] Epoch: [359/400][260/400] lr: 5.48e-05 | MSE loss: 5.5986e-03 | time: 0.108
I 06.01/04:44:49 solver.py:136 ] Epoch: [359/400][280/400] lr: 5.48e-05 | MSE loss: 5.6165e-03 | time: 0.108
I 06.01/04:44:51 solver.py:136 ] Epoch: [359/400][300/400] lr: 5.48e-05 | MSE loss: 5.6000e-03 | time: 0.108
I 06.01/04:44:53 solver.py:136 ] Epoch: [359/400][320/400] lr: 5.48e-05 | MSE loss: 5.5987e-03 | time: 0.108
I 06.01/04:44:55 solver.py:136 ] Epoch: [359/400][340/400] lr: 5.48e-05 | MSE loss: 5.5903e-03 | time: 0.109
I 06.01/04:44:58 solver.py:136 ] Epoch: [359/400][360/400] lr: 5.48e-05 | MSE loss: 5.5945e-03 | time: 0.109
I 06.01/04:45:00 solver.py:136 ] Epoch: [359/400][380/400] lr: 5.48e-05 | MSE loss: 5.5707e-03 | time: 0.109
I 06.01/04:45:03 solver.py:136 ] Epoch: [359/400][400/400] lr: 5.47e-05 | MSE loss: 5.5567e-03 | time: 0.110
I 06.01/04:45:03 solver.py:146 ] => Train  Loss: 5.5567e-03

I 06.01/04:45:05 solver.py:205 ] 
=! Best NMSE: -1.9406e+01 (epoch=350)

I 06.01/04:45:08 solver.py:136 ] Epoch: [360/400][20/400] lr: 5.47e-05 | MSE loss: 5.6039e-03 | time: 0.133
I 06.01/04:45:10 solver.py:136 ] Epoch: [360/400][40/400] lr: 5.47e-05 | MSE loss: 5.4868e-03 | time: 0.123
I 06.01/04:45:13 solver.py:136 ] Epoch: [360/400][60/400] lr: 5.47e-05 | MSE loss: 5.3717e-03 | time: 0.121
I 06.01/04:45:14 solver.py:136 ] Epoch: [360/400][80/400] lr: 5.47e-05 | MSE loss: 5.4443e-03 | time: 0.110
I 06.01/04:45:16 solver.py:136 ] Epoch: [360/400][100/400] lr: 5.47e-05 | MSE loss: 5.4190e-03 | time: 0.105
I 06.01/04:45:18 solver.py:136 ] Epoch: [360/400][120/400] lr: 5.47e-05 | MSE loss: 5.4916e-03 | time: 0.106
I 06.01/04:45:21 solver.py:136 ] Epoch: [360/400][140/400] lr: 5.47e-05 | MSE loss: 5.5391e-03 | time: 0.108
I 06.01/04:45:23 solver.py:136 ] Epoch: [360/400][160/400] lr: 5.47e-05 | MSE loss: 5.5343e-03 | time: 0.110
I 06.01/04:45:25 solver.py:136 ] Epoch: [360/400][180/400] lr: 5.46e-05 | MSE loss: 5.5410e-03 | time: 0.110
I 06.01/04:45:28 solver.py:136 ] Epoch: [360/400][200/400] lr: 5.46e-05 | MSE loss: 5.5444e-03 | time: 0.111
I 06.01/04:45:30 solver.py:136 ] Epoch: [360/400][220/400] lr: 5.46e-05 | MSE loss: 5.5067e-03 | time: 0.111
I 06.01/04:45:32 solver.py:136 ] Epoch: [360/400][240/400] lr: 5.46e-05 | MSE loss: 5.4798e-03 | time: 0.111
I 06.01/04:45:34 solver.py:136 ] Epoch: [360/400][260/400] lr: 5.46e-05 | MSE loss: 5.4715e-03 | time: 0.111
I 06.01/04:45:36 solver.py:136 ] Epoch: [360/400][280/400] lr: 5.46e-05 | MSE loss: 5.4699e-03 | time: 0.110
I 06.01/04:45:39 solver.py:136 ] Epoch: [360/400][300/400] lr: 5.46e-05 | MSE loss: 5.5204e-03 | time: 0.110
I 06.01/04:45:40 solver.py:136 ] Epoch: [360/400][320/400] lr: 5.46e-05 | MSE loss: 5.5235e-03 | time: 0.109
I 06.01/04:45:42 solver.py:136 ] Epoch: [360/400][340/400] lr: 5.46e-05 | MSE loss: 5.5348e-03 | time: 0.109
I 06.01/04:45:45 solver.py:136 ] Epoch: [360/400][360/400] lr: 5.45e-05 | MSE loss: 5.5440e-03 | time: 0.109
I 06.01/04:45:47 solver.py:136 ] Epoch: [360/400][380/400] lr: 5.45e-05 | MSE loss: 5.5605e-03 | time: 0.110
I 06.01/04:45:50 solver.py:136 ] Epoch: [360/400][400/400] lr: 5.45e-05 | MSE loss: 5.5574e-03 | time: 0.111
I 06.01/04:45:50 solver.py:146 ] => Train  Loss: 5.5574e-03

I 06.01/04:45:52 solver.py:136 ] Epoch: [360/400][20/50] lr: 5.45e-05 | MSE loss: 6.1431e-03 | time: 0.100
I 06.01/04:45:54 solver.py:136 ] Epoch: [360/400][40/50] lr: 5.45e-05 | MSE loss: 5.8783e-03 | time: 0.101
I 06.01/04:45:55 solver.py:146 ] => Val  Loss: 5.8253e-03

I 06.01/04:45:57 solver.py:287 ] [20/50] loss: 5.9057e-03 | NMSE: -1.9369e+01 | time: 0.105
I 06.01/04:45:59 solver.py:287 ] [40/50] loss: 5.8537e-03 | NMSE: -1.9379e+01 | time: 0.100
I 06.01/04:46:01 solver.py:291 ] => Test NMSE: -1.9420e+01

I 06.01/04:46:08 solver.py:205 ] 
=! Best NMSE: -1.9420e+01 (epoch=360)

I 06.01/04:46:10 solver.py:136 ] Epoch: [361/400][20/400] lr: 5.45e-05 | MSE loss: 5.1714e-03 | time: 0.116
I 06.01/04:46:12 solver.py:136 ] Epoch: [361/400][40/400] lr: 5.45e-05 | MSE loss: 5.2797e-03 | time: 0.103
I 06.01/04:46:14 solver.py:136 ] Epoch: [361/400][60/400] lr: 5.45e-05 | MSE loss: 5.4494e-03 | time: 0.104
I 06.01/04:46:16 solver.py:136 ] Epoch: [361/400][80/400] lr: 5.45e-05 | MSE loss: 5.4651e-03 | time: 0.105
I 06.01/04:46:18 solver.py:136 ] Epoch: [361/400][100/400] lr: 5.45e-05 | MSE loss: 5.4798e-03 | time: 0.105
I 06.01/04:46:20 solver.py:136 ] Epoch: [361/400][120/400] lr: 5.45e-05 | MSE loss: 5.5988e-03 | time: 0.104
I 06.01/04:46:22 solver.py:136 ] Epoch: [361/400][140/400] lr: 5.44e-05 | MSE loss: 5.5920e-03 | time: 0.103
I 06.01/04:46:24 solver.py:136 ] Epoch: [361/400][160/400] lr: 5.44e-05 | MSE loss: 5.5962e-03 | time: 0.103
I 06.01/04:46:26 solver.py:136 ] Epoch: [361/400][180/400] lr: 5.44e-05 | MSE loss: 5.5614e-03 | time: 0.102
I 06.01/04:46:29 solver.py:136 ] Epoch: [361/400][200/400] lr: 5.44e-05 | MSE loss: 5.5550e-03 | time: 0.104
I 06.01/04:46:31 solver.py:136 ] Epoch: [361/400][220/400] lr: 5.44e-05 | MSE loss: 5.5497e-03 | time: 0.105
I 06.01/04:46:33 solver.py:136 ] Epoch: [361/400][240/400] lr: 5.44e-05 | MSE loss: 5.5322e-03 | time: 0.104
I 06.01/04:46:35 solver.py:136 ] Epoch: [361/400][260/400] lr: 5.44e-05 | MSE loss: 5.5212e-03 | time: 0.103
I 06.01/04:46:37 solver.py:136 ] Epoch: [361/400][280/400] lr: 5.44e-05 | MSE loss: 5.5286e-03 | time: 0.103
I 06.01/04:46:39 solver.py:136 ] Epoch: [361/400][300/400] lr: 5.44e-05 | MSE loss: 5.5134e-03 | time: 0.105
I 06.01/04:46:41 solver.py:136 ] Epoch: [361/400][320/400] lr: 5.43e-05 | MSE loss: 5.5018e-03 | time: 0.104
I 06.01/04:46:43 solver.py:136 ] Epoch: [361/400][340/400] lr: 5.43e-05 | MSE loss: 5.5142e-03 | time: 0.104
I 06.01/04:46:45 solver.py:136 ] Epoch: [361/400][360/400] lr: 5.43e-05 | MSE loss: 5.5294e-03 | time: 0.104
I 06.01/04:46:47 solver.py:136 ] Epoch: [361/400][380/400] lr: 5.43e-05 | MSE loss: 5.5583e-03 | time: 0.104
I 06.01/04:46:50 solver.py:136 ] Epoch: [361/400][400/400] lr: 5.43e-05 | MSE loss: 5.5535e-03 | time: 0.105
I 06.01/04:46:50 solver.py:146 ] => Train  Loss: 5.5535e-03

I 06.01/04:46:54 solver.py:205 ] 
=! Best NMSE: -1.9420e+01 (epoch=360)

I 06.01/04:46:57 solver.py:136 ] Epoch: [362/400][20/400] lr: 5.43e-05 | MSE loss: 5.9558e-03 | time: 0.132
I 06.01/04:46:59 solver.py:136 ] Epoch: [362/400][40/400] lr: 5.43e-05 | MSE loss: 5.3359e-03 | time: 0.127
I 06.01/04:47:02 solver.py:136 ] Epoch: [362/400][60/400] lr: 5.43e-05 | MSE loss: 5.4614e-03 | time: 0.137
I 06.01/04:47:06 solver.py:136 ] Epoch: [362/400][80/400] lr: 5.43e-05 | MSE loss: 5.6526e-03 | time: 0.147
I 06.01/04:47:08 solver.py:136 ] Epoch: [362/400][100/400] lr: 5.42e-05 | MSE loss: 5.6238e-03 | time: 0.140
I 06.01/04:47:10 solver.py:136 ] Epoch: [362/400][120/400] lr: 5.42e-05 | MSE loss: 5.6285e-03 | time: 0.136
I 06.01/04:47:12 solver.py:136 ] Epoch: [362/400][140/400] lr: 5.42e-05 | MSE loss: 5.6456e-03 | time: 0.131
I 06.01/04:47:14 solver.py:136 ] Epoch: [362/400][160/400] lr: 5.42e-05 | MSE loss: 5.6233e-03 | time: 0.128
I 06.01/04:47:17 solver.py:136 ] Epoch: [362/400][180/400] lr: 5.42e-05 | MSE loss: 5.6205e-03 | time: 0.126
I 06.01/04:47:19 solver.py:136 ] Epoch: [362/400][200/400] lr: 5.42e-05 | MSE loss: 5.6603e-03 | time: 0.123
I 06.01/04:47:21 solver.py:136 ] Epoch: [362/400][220/400] lr: 5.42e-05 | MSE loss: 5.6390e-03 | time: 0.122
I 06.01/04:47:23 solver.py:136 ] Epoch: [362/400][240/400] lr: 5.42e-05 | MSE loss: 5.6510e-03 | time: 0.120
I 06.01/04:47:25 solver.py:136 ] Epoch: [362/400][260/400] lr: 5.42e-05 | MSE loss: 5.6431e-03 | time: 0.119
I 06.01/04:47:27 solver.py:136 ] Epoch: [362/400][280/400] lr: 5.42e-05 | MSE loss: 5.6167e-03 | time: 0.119
I 06.01/04:47:30 solver.py:136 ] Epoch: [362/400][300/400] lr: 5.41e-05 | MSE loss: 5.6079e-03 | time: 0.119
I 06.01/04:47:32 solver.py:136 ] Epoch: [362/400][320/400] lr: 5.41e-05 | MSE loss: 5.5971e-03 | time: 0.118
I 06.01/04:47:34 solver.py:136 ] Epoch: [362/400][340/400] lr: 5.41e-05 | MSE loss: 5.5839e-03 | time: 0.117
I 06.01/04:47:36 solver.py:136 ] Epoch: [362/400][360/400] lr: 5.41e-05 | MSE loss: 5.5550e-03 | time: 0.116
I 06.01/04:47:38 solver.py:136 ] Epoch: [362/400][380/400] lr: 5.41e-05 | MSE loss: 5.5383e-03 | time: 0.115
I 06.01/04:47:40 solver.py:136 ] Epoch: [362/400][400/400] lr: 5.41e-05 | MSE loss: 5.5516e-03 | time: 0.114
I 06.01/04:47:40 solver.py:146 ] => Train  Loss: 5.5516e-03

I 06.01/04:47:44 solver.py:205 ] 
=! Best NMSE: -1.9420e+01 (epoch=360)

I 06.01/04:47:47 solver.py:136 ] Epoch: [363/400][20/400] lr: 5.41e-05 | MSE loss: 5.2410e-03 | time: 0.126
I 06.01/04:47:49 solver.py:136 ] Epoch: [363/400][40/400] lr: 5.41e-05 | MSE loss: 5.5295e-03 | time: 0.105
I 06.01/04:47:50 solver.py:136 ] Epoch: [363/400][60/400] lr: 5.41e-05 | MSE loss: 5.4212e-03 | time: 0.099
I 06.01/04:47:52 solver.py:136 ] Epoch: [363/400][80/400] lr: 5.40e-05 | MSE loss: 5.5553e-03 | time: 0.097
I 06.01/04:47:54 solver.py:136 ] Epoch: [363/400][100/400] lr: 5.40e-05 | MSE loss: 5.4991e-03 | time: 0.098
I 06.01/04:47:56 solver.py:136 ] Epoch: [363/400][120/400] lr: 5.40e-05 | MSE loss: 5.5078e-03 | time: 0.097
I 06.01/04:47:58 solver.py:136 ] Epoch: [363/400][140/400] lr: 5.40e-05 | MSE loss: 5.5346e-03 | time: 0.096
I 06.01/04:48:00 solver.py:136 ] Epoch: [363/400][160/400] lr: 5.40e-05 | MSE loss: 5.6044e-03 | time: 0.098
I 06.01/04:48:04 solver.py:136 ] Epoch: [363/400][180/400] lr: 5.40e-05 | MSE loss: 5.6027e-03 | time: 0.108
I 06.01/04:48:06 solver.py:136 ] Epoch: [363/400][200/400] lr: 5.40e-05 | MSE loss: 5.6044e-03 | time: 0.106
I 06.01/04:48:07 solver.py:136 ] Epoch: [363/400][220/400] lr: 5.40e-05 | MSE loss: 5.6077e-03 | time: 0.104
I 06.01/04:48:10 solver.py:136 ] Epoch: [363/400][240/400] lr: 5.40e-05 | MSE loss: 5.5875e-03 | time: 0.105
I 06.01/04:48:12 solver.py:136 ] Epoch: [363/400][260/400] lr: 5.39e-05 | MSE loss: 5.5692e-03 | time: 0.104
I 06.01/04:48:14 solver.py:136 ] Epoch: [363/400][280/400] lr: 5.39e-05 | MSE loss: 5.5812e-03 | time: 0.106
I 06.01/04:48:16 solver.py:136 ] Epoch: [363/400][300/400] lr: 5.39e-05 | MSE loss: 5.5436e-03 | time: 0.107
I 06.01/04:48:19 solver.py:136 ] Epoch: [363/400][320/400] lr: 5.39e-05 | MSE loss: 5.5803e-03 | time: 0.107
I 06.01/04:48:21 solver.py:136 ] Epoch: [363/400][340/400] lr: 5.39e-05 | MSE loss: 5.5905e-03 | time: 0.107
I 06.01/04:48:23 solver.py:136 ] Epoch: [363/400][360/400] lr: 5.39e-05 | MSE loss: 5.5538e-03 | time: 0.106
I 06.01/04:48:25 solver.py:136 ] Epoch: [363/400][380/400] lr: 5.39e-05 | MSE loss: 5.5698e-03 | time: 0.106
I 06.01/04:48:27 solver.py:136 ] Epoch: [363/400][400/400] lr: 5.39e-05 | MSE loss: 5.5538e-03 | time: 0.106
I 06.01/04:48:27 solver.py:146 ] => Train  Loss: 5.5538e-03

I 06.01/04:48:30 solver.py:205 ] 
=! Best NMSE: -1.9420e+01 (epoch=360)

I 06.01/04:48:32 solver.py:136 ] Epoch: [364/400][20/400] lr: 5.39e-05 | MSE loss: 5.8797e-03 | time: 0.097
I 06.01/04:48:34 solver.py:136 ] Epoch: [364/400][40/400] lr: 5.39e-05 | MSE loss: 5.5626e-03 | time: 0.103
I 06.01/04:48:36 solver.py:136 ] Epoch: [364/400][60/400] lr: 5.38e-05 | MSE loss: 5.5406e-03 | time: 0.107
I 06.01/04:48:39 solver.py:136 ] Epoch: [364/400][80/400] lr: 5.38e-05 | MSE loss: 5.4768e-03 | time: 0.114
I 06.01/04:48:41 solver.py:136 ] Epoch: [364/400][100/400] lr: 5.38e-05 | MSE loss: 5.4961e-03 | time: 0.111
I 06.01/04:48:43 solver.py:136 ] Epoch: [364/400][120/400] lr: 5.38e-05 | MSE loss: 5.4719e-03 | time: 0.107
I 06.01/04:48:45 solver.py:136 ] Epoch: [364/400][140/400] lr: 5.38e-05 | MSE loss: 5.4495e-03 | time: 0.108
I 06.01/04:48:48 solver.py:136 ] Epoch: [364/400][160/400] lr: 5.38e-05 | MSE loss: 5.4385e-03 | time: 0.111
I 06.01/04:48:50 solver.py:136 ] Epoch: [364/400][180/400] lr: 5.38e-05 | MSE loss: 5.4617e-03 | time: 0.110
I 06.01/04:48:52 solver.py:136 ] Epoch: [364/400][200/400] lr: 5.38e-05 | MSE loss: 5.4526e-03 | time: 0.109
I 06.01/04:48:54 solver.py:136 ] Epoch: [364/400][220/400] lr: 5.38e-05 | MSE loss: 5.4517e-03 | time: 0.110
I 06.01/04:48:56 solver.py:136 ] Epoch: [364/400][240/400] lr: 5.38e-05 | MSE loss: 5.4639e-03 | time: 0.108
I 06.01/04:48:58 solver.py:136 ] Epoch: [364/400][260/400] lr: 5.37e-05 | MSE loss: 5.5016e-03 | time: 0.107
I 06.01/04:49:00 solver.py:136 ] Epoch: [364/400][280/400] lr: 5.37e-05 | MSE loss: 5.5122e-03 | time: 0.107
I 06.01/04:49:04 solver.py:136 ] Epoch: [364/400][300/400] lr: 5.37e-05 | MSE loss: 5.5056e-03 | time: 0.114
I 06.01/04:49:07 solver.py:136 ] Epoch: [364/400][320/400] lr: 5.37e-05 | MSE loss: 5.5087e-03 | time: 0.115
I 06.01/04:49:09 solver.py:136 ] Epoch: [364/400][340/400] lr: 5.37e-05 | MSE loss: 5.5169e-03 | time: 0.115
I 06.01/04:49:12 solver.py:136 ] Epoch: [364/400][360/400] lr: 5.37e-05 | MSE loss: 5.5375e-03 | time: 0.116
I 06.01/04:49:14 solver.py:136 ] Epoch: [364/400][380/400] lr: 5.37e-05 | MSE loss: 5.5526e-03 | time: 0.116
I 06.01/04:49:16 solver.py:136 ] Epoch: [364/400][400/400] lr: 5.37e-05 | MSE loss: 5.5515e-03 | time: 0.115
I 06.01/04:49:16 solver.py:146 ] => Train  Loss: 5.5515e-03

I 06.01/04:49:21 solver.py:205 ] 
=! Best NMSE: -1.9420e+01 (epoch=360)

I 06.01/04:49:23 solver.py:136 ] Epoch: [365/400][20/400] lr: 5.37e-05 | MSE loss: 5.8053e-03 | time: 0.098
I 06.01/04:49:25 solver.py:136 ] Epoch: [365/400][40/400] lr: 5.37e-05 | MSE loss: 5.4516e-03 | time: 0.098
I 06.01/04:49:27 solver.py:136 ] Epoch: [365/400][60/400] lr: 5.36e-05 | MSE loss: 5.4518e-03 | time: 0.102
I 06.01/04:49:29 solver.py:136 ] Epoch: [365/400][80/400] lr: 5.36e-05 | MSE loss: 5.5871e-03 | time: 0.101
I 06.01/04:49:31 solver.py:136 ] Epoch: [365/400][100/400] lr: 5.36e-05 | MSE loss: 5.6849e-03 | time: 0.098
I 06.01/04:49:33 solver.py:136 ] Epoch: [365/400][120/400] lr: 5.36e-05 | MSE loss: 5.6673e-03 | time: 0.097
I 06.01/04:49:35 solver.py:136 ] Epoch: [365/400][140/400] lr: 5.36e-05 | MSE loss: 5.6981e-03 | time: 0.098
I 06.01/04:49:37 solver.py:136 ] Epoch: [365/400][160/400] lr: 5.36e-05 | MSE loss: 5.6767e-03 | time: 0.099
I 06.01/04:49:39 solver.py:136 ] Epoch: [365/400][180/400] lr: 5.36e-05 | MSE loss: 5.6334e-03 | time: 0.101
I 06.01/04:49:41 solver.py:136 ] Epoch: [365/400][200/400] lr: 5.36e-05 | MSE loss: 5.6127e-03 | time: 0.102
I 06.01/04:49:43 solver.py:136 ] Epoch: [365/400][220/400] lr: 5.36e-05 | MSE loss: 5.6215e-03 | time: 0.102
I 06.01/04:49:46 solver.py:136 ] Epoch: [365/400][240/400] lr: 5.36e-05 | MSE loss: 5.5903e-03 | time: 0.103
I 06.01/04:49:48 solver.py:136 ] Epoch: [365/400][260/400] lr: 5.35e-05 | MSE loss: 5.5653e-03 | time: 0.103
I 06.01/04:49:50 solver.py:136 ] Epoch: [365/400][280/400] lr: 5.35e-05 | MSE loss: 5.5742e-03 | time: 0.103
I 06.01/04:49:51 solver.py:136 ] Epoch: [365/400][300/400] lr: 5.35e-05 | MSE loss: 5.5604e-03 | time: 0.102
I 06.01/04:49:53 solver.py:136 ] Epoch: [365/400][320/400] lr: 5.35e-05 | MSE loss: 5.5600e-03 | time: 0.101
I 06.01/04:49:56 solver.py:136 ] Epoch: [365/400][340/400] lr: 5.35e-05 | MSE loss: 5.5335e-03 | time: 0.102
I 06.01/04:49:58 solver.py:136 ] Epoch: [365/400][360/400] lr: 5.35e-05 | MSE loss: 5.5393e-03 | time: 0.103
I 06.01/04:50:00 solver.py:136 ] Epoch: [365/400][380/400] lr: 5.35e-05 | MSE loss: 5.5417e-03 | time: 0.104
I 06.01/04:50:04 solver.py:136 ] Epoch: [365/400][400/400] lr: 5.35e-05 | MSE loss: 5.5495e-03 | time: 0.108
I 06.01/04:50:04 solver.py:146 ] => Train  Loss: 5.5495e-03

I 06.01/04:50:09 solver.py:205 ] 
=! Best NMSE: -1.9420e+01 (epoch=360)

I 06.01/04:50:12 solver.py:136 ] Epoch: [366/400][20/400] lr: 5.35e-05 | MSE loss: 5.5293e-03 | time: 0.121
I 06.01/04:50:14 solver.py:136 ] Epoch: [366/400][40/400] lr: 5.35e-05 | MSE loss: 5.6068e-03 | time: 0.112
I 06.01/04:50:16 solver.py:136 ] Epoch: [366/400][60/400] lr: 5.34e-05 | MSE loss: 5.4598e-03 | time: 0.108
I 06.01/04:50:17 solver.py:136 ] Epoch: [366/400][80/400] lr: 5.34e-05 | MSE loss: 5.3917e-03 | time: 0.103
I 06.01/04:50:19 solver.py:136 ] Epoch: [366/400][100/400] lr: 5.34e-05 | MSE loss: 5.5248e-03 | time: 0.096
I 06.01/04:50:21 solver.py:136 ] Epoch: [366/400][120/400] lr: 5.34e-05 | MSE loss: 5.4735e-03 | time: 0.095
I 06.01/04:50:22 solver.py:136 ] Epoch: [366/400][140/400] lr: 5.34e-05 | MSE loss: 5.5024e-03 | time: 0.095
I 06.01/04:50:24 solver.py:136 ] Epoch: [366/400][160/400] lr: 5.34e-05 | MSE loss: 5.4952e-03 | time: 0.095
I 06.01/04:50:27 solver.py:136 ] Epoch: [366/400][180/400] lr: 5.34e-05 | MSE loss: 5.5178e-03 | time: 0.096
I 06.01/04:50:29 solver.py:136 ] Epoch: [366/400][200/400] lr: 5.34e-05 | MSE loss: 5.5382e-03 | time: 0.099
I 06.01/04:50:31 solver.py:136 ] Epoch: [366/400][220/400] lr: 5.34e-05 | MSE loss: 5.5196e-03 | time: 0.101
I 06.01/04:50:34 solver.py:136 ] Epoch: [366/400][240/400] lr: 5.34e-05 | MSE loss: 5.5004e-03 | time: 0.103
I 06.01/04:50:36 solver.py:136 ] Epoch: [366/400][260/400] lr: 5.33e-05 | MSE loss: 5.5205e-03 | time: 0.104
I 06.01/04:50:39 solver.py:136 ] Epoch: [366/400][280/400] lr: 5.33e-05 | MSE loss: 5.5094e-03 | time: 0.105
I 06.01/04:50:41 solver.py:136 ] Epoch: [366/400][300/400] lr: 5.33e-05 | MSE loss: 5.4902e-03 | time: 0.105
I 06.01/04:50:43 solver.py:136 ] Epoch: [366/400][320/400] lr: 5.33e-05 | MSE loss: 5.4751e-03 | time: 0.105
I 06.01/04:50:45 solver.py:136 ] Epoch: [366/400][340/400] lr: 5.33e-05 | MSE loss: 5.4679e-03 | time: 0.104
I 06.01/04:50:47 solver.py:136 ] Epoch: [366/400][360/400] lr: 5.33e-05 | MSE loss: 5.5138e-03 | time: 0.104
I 06.01/04:50:49 solver.py:136 ] Epoch: [366/400][380/400] lr: 5.33e-05 | MSE loss: 5.5362e-03 | time: 0.104
I 06.01/04:50:51 solver.py:136 ] Epoch: [366/400][400/400] lr: 5.33e-05 | MSE loss: 5.5488e-03 | time: 0.104
I 06.01/04:50:51 solver.py:146 ] => Train  Loss: 5.5488e-03

I 06.01/04:50:55 solver.py:205 ] 
=! Best NMSE: -1.9420e+01 (epoch=360)

I 06.01/04:50:57 solver.py:136 ] Epoch: [367/400][20/400] lr: 5.33e-05 | MSE loss: 5.7759e-03 | time: 0.118
I 06.01/04:51:00 solver.py:136 ] Epoch: [367/400][40/400] lr: 5.33e-05 | MSE loss: 5.5515e-03 | time: 0.112
I 06.01/04:51:03 solver.py:136 ] Epoch: [367/400][60/400] lr: 5.32e-05 | MSE loss: 5.5499e-03 | time: 0.131
I 06.01/04:51:06 solver.py:136 ] Epoch: [367/400][80/400] lr: 5.32e-05 | MSE loss: 5.5254e-03 | time: 0.133
I 06.01/04:51:08 solver.py:136 ] Epoch: [367/400][100/400] lr: 5.32e-05 | MSE loss: 5.4355e-03 | time: 0.125
I 06.01/04:51:09 solver.py:136 ] Epoch: [367/400][120/400] lr: 5.32e-05 | MSE loss: 5.4429e-03 | time: 0.120
I 06.01/04:51:12 solver.py:136 ] Epoch: [367/400][140/400] lr: 5.32e-05 | MSE loss: 5.4939e-03 | time: 0.119
I 06.01/04:51:14 solver.py:136 ] Epoch: [367/400][160/400] lr: 5.32e-05 | MSE loss: 5.4973e-03 | time: 0.117
I 06.01/04:51:16 solver.py:136 ] Epoch: [367/400][180/400] lr: 5.32e-05 | MSE loss: 5.5129e-03 | time: 0.114
I 06.01/04:51:18 solver.py:136 ] Epoch: [367/400][200/400] lr: 5.32e-05 | MSE loss: 5.4958e-03 | time: 0.114
I 06.01/04:51:20 solver.py:136 ] Epoch: [367/400][220/400] lr: 5.32e-05 | MSE loss: 5.4795e-03 | time: 0.112
I 06.01/04:51:22 solver.py:136 ] Epoch: [367/400][240/400] lr: 5.32e-05 | MSE loss: 5.4958e-03 | time: 0.111
I 06.01/04:51:24 solver.py:136 ] Epoch: [367/400][260/400] lr: 5.32e-05 | MSE loss: 5.5391e-03 | time: 0.111
I 06.01/04:51:26 solver.py:136 ] Epoch: [367/400][280/400] lr: 5.31e-05 | MSE loss: 5.5454e-03 | time: 0.111
I 06.01/04:51:28 solver.py:136 ] Epoch: [367/400][300/400] lr: 5.31e-05 | MSE loss: 5.5229e-03 | time: 0.112
I 06.01/04:51:31 solver.py:136 ] Epoch: [367/400][320/400] lr: 5.31e-05 | MSE loss: 5.5439e-03 | time: 0.112
I 06.01/04:51:33 solver.py:136 ] Epoch: [367/400][340/400] lr: 5.31e-05 | MSE loss: 5.5294e-03 | time: 0.112
I 06.01/04:51:36 solver.py:136 ] Epoch: [367/400][360/400] lr: 5.31e-05 | MSE loss: 5.5347e-03 | time: 0.113
I 06.01/04:51:38 solver.py:136 ] Epoch: [367/400][380/400] lr: 5.31e-05 | MSE loss: 5.5593e-03 | time: 0.112
I 06.01/04:51:40 solver.py:136 ] Epoch: [367/400][400/400] lr: 5.31e-05 | MSE loss: 5.5486e-03 | time: 0.112
I 06.01/04:51:40 solver.py:146 ] => Train  Loss: 5.5486e-03

I 06.01/04:51:44 solver.py:205 ] 
=! Best NMSE: -1.9420e+01 (epoch=360)

I 06.01/04:51:46 solver.py:136 ] Epoch: [368/400][20/400] lr: 5.31e-05 | MSE loss: 5.4469e-03 | time: 0.102
I 06.01/04:51:49 solver.py:136 ] Epoch: [368/400][40/400] lr: 5.31e-05 | MSE loss: 5.7442e-03 | time: 0.102
I 06.01/04:51:50 solver.py:136 ] Epoch: [368/400][60/400] lr: 5.31e-05 | MSE loss: 5.6796e-03 | time: 0.100
I 06.01/04:51:52 solver.py:136 ] Epoch: [368/400][80/400] lr: 5.31e-05 | MSE loss: 5.6624e-03 | time: 0.096
I 06.01/04:51:55 solver.py:136 ] Epoch: [368/400][100/400] lr: 5.30e-05 | MSE loss: 5.5108e-03 | time: 0.102
I 06.01/04:51:57 solver.py:136 ] Epoch: [368/400][120/400] lr: 5.30e-05 | MSE loss: 5.5605e-03 | time: 0.102
I 06.01/04:51:58 solver.py:136 ] Epoch: [368/400][140/400] lr: 5.30e-05 | MSE loss: 5.4868e-03 | time: 0.100
I 06.01/04:52:01 solver.py:136 ] Epoch: [368/400][160/400] lr: 5.30e-05 | MSE loss: 5.5027e-03 | time: 0.104
I 06.01/04:52:05 solver.py:136 ] Epoch: [368/400][180/400] lr: 5.30e-05 | MSE loss: 5.5178e-03 | time: 0.115
I 06.01/04:52:07 solver.py:136 ] Epoch: [368/400][200/400] lr: 5.30e-05 | MSE loss: 5.5108e-03 | time: 0.114
I 06.01/04:52:09 solver.py:136 ] Epoch: [368/400][220/400] lr: 5.30e-05 | MSE loss: 5.4891e-03 | time: 0.114
I 06.01/04:52:12 solver.py:136 ] Epoch: [368/400][240/400] lr: 5.30e-05 | MSE loss: 5.4881e-03 | time: 0.114
I 06.01/04:52:14 solver.py:136 ] Epoch: [368/400][260/400] lr: 5.30e-05 | MSE loss: 5.5382e-03 | time: 0.113
I 06.01/04:52:16 solver.py:136 ] Epoch: [368/400][280/400] lr: 5.30e-05 | MSE loss: 5.5676e-03 | time: 0.112
I 06.01/04:52:18 solver.py:136 ] Epoch: [368/400][300/400] lr: 5.30e-05 | MSE loss: 5.5611e-03 | time: 0.112
I 06.01/04:52:20 solver.py:136 ] Epoch: [368/400][320/400] lr: 5.29e-05 | MSE loss: 5.5707e-03 | time: 0.111
I 06.01/04:52:22 solver.py:136 ] Epoch: [368/400][340/400] lr: 5.29e-05 | MSE loss: 5.5738e-03 | time: 0.111
I 06.01/04:52:24 solver.py:136 ] Epoch: [368/400][360/400] lr: 5.29e-05 | MSE loss: 5.5521e-03 | time: 0.110
I 06.01/04:52:26 solver.py:136 ] Epoch: [368/400][380/400] lr: 5.29e-05 | MSE loss: 5.5528e-03 | time: 0.111
I 06.01/04:52:29 solver.py:136 ] Epoch: [368/400][400/400] lr: 5.29e-05 | MSE loss: 5.5456e-03 | time: 0.111
I 06.01/04:52:29 solver.py:146 ] => Train  Loss: 5.5456e-03

I 06.01/04:52:33 solver.py:205 ] 
=! Best NMSE: -1.9420e+01 (epoch=360)

I 06.01/04:52:36 solver.py:136 ] Epoch: [369/400][20/400] lr: 5.29e-05 | MSE loss: 5.3876e-03 | time: 0.127
I 06.01/04:52:37 solver.py:136 ] Epoch: [369/400][40/400] lr: 5.29e-05 | MSE loss: 5.4230e-03 | time: 0.102
I 06.01/04:52:39 solver.py:136 ] Epoch: [369/400][60/400] lr: 5.29e-05 | MSE loss: 5.5019e-03 | time: 0.091
I 06.01/04:52:40 solver.py:136 ] Epoch: [369/400][80/400] lr: 5.29e-05 | MSE loss: 5.6124e-03 | time: 0.079
I 06.01/04:52:41 solver.py:136 ] Epoch: [369/400][100/400] lr: 5.29e-05 | MSE loss: 5.7155e-03 | time: 0.075
I 06.01/04:52:42 solver.py:136 ] Epoch: [369/400][120/400] lr: 5.29e-05 | MSE loss: 5.6125e-03 | time: 0.074
I 06.01/04:52:44 solver.py:136 ] Epoch: [369/400][140/400] lr: 5.28e-05 | MSE loss: 5.6256e-03 | time: 0.075
I 06.01/04:52:46 solver.py:136 ] Epoch: [369/400][160/400] lr: 5.28e-05 | MSE loss: 5.5470e-03 | time: 0.079
I 06.01/04:52:48 solver.py:136 ] Epoch: [369/400][180/400] lr: 5.28e-05 | MSE loss: 5.5616e-03 | time: 0.083
I 06.01/04:52:50 solver.py:136 ] Epoch: [369/400][200/400] lr: 5.28e-05 | MSE loss: 5.5010e-03 | time: 0.085
I 06.01/04:52:52 solver.py:136 ] Epoch: [369/400][220/400] lr: 5.28e-05 | MSE loss: 5.5243e-03 | time: 0.086
I 06.01/04:52:54 solver.py:136 ] Epoch: [369/400][240/400] lr: 5.28e-05 | MSE loss: 5.5590e-03 | time: 0.088
I 06.01/04:52:56 solver.py:136 ] Epoch: [369/400][260/400] lr: 5.28e-05 | MSE loss: 5.5684e-03 | time: 0.089
I 06.01/04:52:58 solver.py:136 ] Epoch: [369/400][280/400] lr: 5.28e-05 | MSE loss: 5.5371e-03 | time: 0.090
I 06.01/04:53:01 solver.py:136 ] Epoch: [369/400][300/400] lr: 5.28e-05 | MSE loss: 5.5215e-03 | time: 0.093
I 06.01/04:53:05 solver.py:136 ] Epoch: [369/400][320/400] lr: 5.28e-05 | MSE loss: 5.5221e-03 | time: 0.100
I 06.01/04:53:07 solver.py:136 ] Epoch: [369/400][340/400] lr: 5.28e-05 | MSE loss: 5.5315e-03 | time: 0.100
I 06.01/04:53:09 solver.py:136 ] Epoch: [369/400][360/400] lr: 5.27e-05 | MSE loss: 5.5181e-03 | time: 0.100
I 06.01/04:53:11 solver.py:136 ] Epoch: [369/400][380/400] lr: 5.27e-05 | MSE loss: 5.5309e-03 | time: 0.100
I 06.01/04:53:13 solver.py:136 ] Epoch: [369/400][400/400] lr: 5.27e-05 | MSE loss: 5.5472e-03 | time: 0.100
I 06.01/04:53:13 solver.py:146 ] => Train  Loss: 5.5472e-03

I 06.01/04:53:18 solver.py:205 ] 
=! Best NMSE: -1.9420e+01 (epoch=360)

I 06.01/04:53:21 solver.py:136 ] Epoch: [370/400][20/400] lr: 5.27e-05 | MSE loss: 5.4214e-03 | time: 0.126
I 06.01/04:53:23 solver.py:136 ] Epoch: [370/400][40/400] lr: 5.27e-05 | MSE loss: 5.5023e-03 | time: 0.124
I 06.01/04:53:25 solver.py:136 ] Epoch: [370/400][60/400] lr: 5.27e-05 | MSE loss: 5.6460e-03 | time: 0.118
I 06.01/04:53:27 solver.py:136 ] Epoch: [370/400][80/400] lr: 5.27e-05 | MSE loss: 5.5568e-03 | time: 0.117
I 06.01/04:53:29 solver.py:136 ] Epoch: [370/400][100/400] lr: 5.27e-05 | MSE loss: 5.5147e-03 | time: 0.111
I 06.01/04:53:31 solver.py:136 ] Epoch: [370/400][120/400] lr: 5.27e-05 | MSE loss: 5.5953e-03 | time: 0.103
I 06.01/04:53:32 solver.py:136 ] Epoch: [370/400][140/400] lr: 5.27e-05 | MSE loss: 5.5622e-03 | time: 0.098
I 06.01/04:53:34 solver.py:136 ] Epoch: [370/400][160/400] lr: 5.27e-05 | MSE loss: 5.5737e-03 | time: 0.098
I 06.01/04:53:36 solver.py:136 ] Epoch: [370/400][180/400] lr: 5.26e-05 | MSE loss: 5.5615e-03 | time: 0.099
I 06.01/04:53:38 solver.py:136 ] Epoch: [370/400][200/400] lr: 5.26e-05 | MSE loss: 5.5472e-03 | time: 0.101
I 06.01/04:53:41 solver.py:136 ] Epoch: [370/400][220/400] lr: 5.26e-05 | MSE loss: 5.5461e-03 | time: 0.103
I 06.01/04:53:42 solver.py:136 ] Epoch: [370/400][240/400] lr: 5.26e-05 | MSE loss: 5.5745e-03 | time: 0.100
I 06.01/04:53:44 solver.py:136 ] Epoch: [370/400][260/400] lr: 5.26e-05 | MSE loss: 5.5290e-03 | time: 0.101
I 06.01/04:53:47 solver.py:136 ] Epoch: [370/400][280/400] lr: 5.26e-05 | MSE loss: 5.5347e-03 | time: 0.103
I 06.01/04:53:49 solver.py:136 ] Epoch: [370/400][300/400] lr: 5.26e-05 | MSE loss: 5.5461e-03 | time: 0.103
I 06.01/04:53:51 solver.py:136 ] Epoch: [370/400][320/400] lr: 5.26e-05 | MSE loss: 5.5479e-03 | time: 0.104
I 06.01/04:53:54 solver.py:136 ] Epoch: [370/400][340/400] lr: 5.26e-05 | MSE loss: 5.5356e-03 | time: 0.104
I 06.01/04:53:56 solver.py:136 ] Epoch: [370/400][360/400] lr: 5.26e-05 | MSE loss: 5.5291e-03 | time: 0.104
I 06.01/04:53:58 solver.py:136 ] Epoch: [370/400][380/400] lr: 5.26e-05 | MSE loss: 5.5215e-03 | time: 0.104
I 06.01/04:54:00 solver.py:136 ] Epoch: [370/400][400/400] lr: 5.26e-05 | MSE loss: 5.5448e-03 | time: 0.105
I 06.01/04:54:00 solver.py:146 ] => Train  Loss: 5.5448e-03

I 06.01/04:54:05 solver.py:136 ] Epoch: [370/400][20/50] lr: 5.26e-05 | MSE loss: 6.1343e-03 | time: 0.217
I 06.01/04:54:07 solver.py:136 ] Epoch: [370/400][40/50] lr: 5.26e-05 | MSE loss: 5.8682e-03 | time: 0.162
I 06.01/04:54:08 solver.py:146 ] => Val  Loss: 5.8153e-03

I 06.01/04:54:10 solver.py:287 ] [20/50] loss: 5.8912e-03 | NMSE: -1.9380e+01 | time: 0.114
I 06.01/04:54:12 solver.py:287 ] [40/50] loss: 5.8403e-03 | NMSE: -1.9389e+01 | time: 0.109
I 06.01/04:54:13 solver.py:291 ] => Test NMSE: -1.9430e+01

I 06.01/04:54:21 solver.py:205 ] 
=! Best NMSE: -1.9430e+01 (epoch=370)

I 06.01/04:54:22 solver.py:136 ] Epoch: [371/400][20/400] lr: 5.25e-05 | MSE loss: 5.2603e-03 | time: 0.056
I 06.01/04:54:23 solver.py:136 ] Epoch: [371/400][40/400] lr: 5.25e-05 | MSE loss: 5.3552e-03 | time: 0.058
I 06.01/04:54:25 solver.py:136 ] Epoch: [371/400][60/400] lr: 5.25e-05 | MSE loss: 5.5961e-03 | time: 0.076
I 06.01/04:54:28 solver.py:136 ] Epoch: [371/400][80/400] lr: 5.25e-05 | MSE loss: 5.6747e-03 | time: 0.089
I 06.01/04:54:30 solver.py:136 ] Epoch: [371/400][100/400] lr: 5.25e-05 | MSE loss: 5.7036e-03 | time: 0.096
I 06.01/04:54:32 solver.py:136 ] Epoch: [371/400][120/400] lr: 5.25e-05 | MSE loss: 5.6666e-03 | time: 0.097
I 06.01/04:54:34 solver.py:136 ] Epoch: [371/400][140/400] lr: 5.25e-05 | MSE loss: 5.5746e-03 | time: 0.098
I 06.01/04:54:37 solver.py:136 ] Epoch: [371/400][160/400] lr: 5.25e-05 | MSE loss: 5.5663e-03 | time: 0.102
I 06.01/04:54:39 solver.py:136 ] Epoch: [371/400][180/400] lr: 5.25e-05 | MSE loss: 5.5955e-03 | time: 0.104
I 06.01/04:54:41 solver.py:136 ] Epoch: [371/400][200/400] lr: 5.25e-05 | MSE loss: 5.5682e-03 | time: 0.104
I 06.01/04:54:44 solver.py:136 ] Epoch: [371/400][220/400] lr: 5.25e-05 | MSE loss: 5.5779e-03 | time: 0.104
I 06.01/04:54:46 solver.py:136 ] Epoch: [371/400][240/400] lr: 5.25e-05 | MSE loss: 5.5370e-03 | time: 0.106
I 06.01/04:54:48 solver.py:136 ] Epoch: [371/400][260/400] lr: 5.24e-05 | MSE loss: 5.5611e-03 | time: 0.106
I 06.01/04:54:51 solver.py:136 ] Epoch: [371/400][280/400] lr: 5.24e-05 | MSE loss: 5.5705e-03 | time: 0.108
I 06.01/04:54:53 solver.py:136 ] Epoch: [371/400][300/400] lr: 5.24e-05 | MSE loss: 5.5661e-03 | time: 0.108
I 06.01/04:54:55 solver.py:136 ] Epoch: [371/400][320/400] lr: 5.24e-05 | MSE loss: 5.5965e-03 | time: 0.108
I 06.01/04:54:58 solver.py:136 ] Epoch: [371/400][340/400] lr: 5.24e-05 | MSE loss: 5.5646e-03 | time: 0.109
I 06.01/04:55:00 solver.py:136 ] Epoch: [371/400][360/400] lr: 5.24e-05 | MSE loss: 5.5490e-03 | time: 0.109
I 06.01/04:55:04 solver.py:136 ] Epoch: [371/400][380/400] lr: 5.24e-05 | MSE loss: 5.5433e-03 | time: 0.115
I 06.01/04:55:07 solver.py:136 ] Epoch: [371/400][400/400] lr: 5.24e-05 | MSE loss: 5.5426e-03 | time: 0.115
I 06.01/04:55:07 solver.py:146 ] => Train  Loss: 5.5426e-03

I 06.01/04:55:10 solver.py:205 ] 
=! Best NMSE: -1.9430e+01 (epoch=370)

I 06.01/04:55:12 solver.py:136 ] Epoch: [372/400][20/400] lr: 5.24e-05 | MSE loss: 5.6891e-03 | time: 0.095
I 06.01/04:55:13 solver.py:136 ] Epoch: [372/400][40/400] lr: 5.24e-05 | MSE loss: 5.5991e-03 | time: 0.074
I 06.01/04:55:15 solver.py:136 ] Epoch: [372/400][60/400] lr: 5.24e-05 | MSE loss: 5.5090e-03 | time: 0.068
I 06.01/04:55:16 solver.py:136 ] Epoch: [372/400][80/400] lr: 5.24e-05 | MSE loss: 5.4861e-03 | time: 0.067
I 06.01/04:55:18 solver.py:136 ] Epoch: [372/400][100/400] lr: 5.23e-05 | MSE loss: 5.5645e-03 | time: 0.077
I 06.01/04:55:20 solver.py:136 ] Epoch: [372/400][120/400] lr: 5.23e-05 | MSE loss: 5.5347e-03 | time: 0.083
I 06.01/04:55:22 solver.py:136 ] Epoch: [372/400][140/400] lr: 5.23e-05 | MSE loss: 5.4665e-03 | time: 0.086
I 06.01/04:55:25 solver.py:136 ] Epoch: [372/400][160/400] lr: 5.23e-05 | MSE loss: 5.5158e-03 | time: 0.089
I 06.01/04:55:27 solver.py:136 ] Epoch: [372/400][180/400] lr: 5.23e-05 | MSE loss: 5.5845e-03 | time: 0.092
I 06.01/04:55:30 solver.py:136 ] Epoch: [372/400][200/400] lr: 5.23e-05 | MSE loss: 5.5656e-03 | time: 0.096
I 06.01/04:55:32 solver.py:136 ] Epoch: [372/400][220/400] lr: 5.23e-05 | MSE loss: 5.5326e-03 | time: 0.099
I 06.01/04:55:34 solver.py:136 ] Epoch: [372/400][240/400] lr: 5.23e-05 | MSE loss: 5.5762e-03 | time: 0.099
I 06.01/04:55:36 solver.py:136 ] Epoch: [372/400][260/400] lr: 5.23e-05 | MSE loss: 5.5922e-03 | time: 0.099
I 06.01/04:55:38 solver.py:136 ] Epoch: [372/400][280/400] lr: 5.23e-05 | MSE loss: 5.5796e-03 | time: 0.100
I 06.01/04:55:40 solver.py:136 ] Epoch: [372/400][300/400] lr: 5.23e-05 | MSE loss: 5.5691e-03 | time: 0.100
I 06.01/04:55:42 solver.py:136 ] Epoch: [372/400][320/400] lr: 5.23e-05 | MSE loss: 5.5532e-03 | time: 0.099
I 06.01/04:55:44 solver.py:136 ] Epoch: [372/400][340/400] lr: 5.23e-05 | MSE loss: 5.5627e-03 | time: 0.100
I 06.01/04:55:46 solver.py:136 ] Epoch: [372/400][360/400] lr: 5.22e-05 | MSE loss: 5.5675e-03 | time: 0.100
I 06.01/04:55:49 solver.py:136 ] Epoch: [372/400][380/400] lr: 5.22e-05 | MSE loss: 5.5540e-03 | time: 0.101
I 06.01/04:55:51 solver.py:136 ] Epoch: [372/400][400/400] lr: 5.22e-05 | MSE loss: 5.5417e-03 | time: 0.101
I 06.01/04:55:51 solver.py:146 ] => Train  Loss: 5.5417e-03

I 06.01/04:55:57 solver.py:205 ] 
=! Best NMSE: -1.9430e+01 (epoch=370)

I 06.01/04:55:59 solver.py:136 ] Epoch: [373/400][20/400] lr: 5.22e-05 | MSE loss: 5.2215e-03 | time: 0.116
I 06.01/04:56:02 solver.py:136 ] Epoch: [373/400][40/400] lr: 5.22e-05 | MSE loss: 5.2801e-03 | time: 0.127
I 06.01/04:56:05 solver.py:136 ] Epoch: [373/400][60/400] lr: 5.22e-05 | MSE loss: 5.4346e-03 | time: 0.130
I 06.01/04:56:06 solver.py:136 ] Epoch: [373/400][80/400] lr: 5.22e-05 | MSE loss: 5.4913e-03 | time: 0.120
I 06.01/04:56:08 solver.py:136 ] Epoch: [373/400][100/400] lr: 5.22e-05 | MSE loss: 5.4715e-03 | time: 0.111
I 06.01/04:56:10 solver.py:136 ] Epoch: [373/400][120/400] lr: 5.22e-05 | MSE loss: 5.4626e-03 | time: 0.107
I 06.01/04:56:12 solver.py:136 ] Epoch: [373/400][140/400] lr: 5.22e-05 | MSE loss: 5.5038e-03 | time: 0.106
I 06.01/04:56:14 solver.py:136 ] Epoch: [373/400][160/400] lr: 5.22e-05 | MSE loss: 5.4918e-03 | time: 0.105
I 06.01/04:56:16 solver.py:136 ] Epoch: [373/400][180/400] lr: 5.22e-05 | MSE loss: 5.5265e-03 | time: 0.104
I 06.01/04:56:17 solver.py:136 ] Epoch: [373/400][200/400] lr: 5.21e-05 | MSE loss: 5.4849e-03 | time: 0.103
I 06.01/04:56:20 solver.py:136 ] Epoch: [373/400][220/400] lr: 5.21e-05 | MSE loss: 5.4483e-03 | time: 0.103
I 06.01/04:56:22 solver.py:136 ] Epoch: [373/400][240/400] lr: 5.21e-05 | MSE loss: 5.4661e-03 | time: 0.103
I 06.01/04:56:23 solver.py:136 ] Epoch: [373/400][260/400] lr: 5.21e-05 | MSE loss: 5.4601e-03 | time: 0.101
I 06.01/04:56:25 solver.py:136 ] Epoch: [373/400][280/400] lr: 5.21e-05 | MSE loss: 5.4736e-03 | time: 0.100
I 06.01/04:56:26 solver.py:136 ] Epoch: [373/400][300/400] lr: 5.21e-05 | MSE loss: 5.5224e-03 | time: 0.099
I 06.01/04:56:28 solver.py:136 ] Epoch: [373/400][320/400] lr: 5.21e-05 | MSE loss: 5.5377e-03 | time: 0.097
I 06.01/04:56:30 solver.py:136 ] Epoch: [373/400][340/400] lr: 5.21e-05 | MSE loss: 5.5435e-03 | time: 0.097
I 06.01/04:56:32 solver.py:136 ] Epoch: [373/400][360/400] lr: 5.21e-05 | MSE loss: 5.5658e-03 | time: 0.098
I 06.01/04:56:34 solver.py:136 ] Epoch: [373/400][380/400] lr: 5.21e-05 | MSE loss: 5.5458e-03 | time: 0.099
I 06.01/04:56:36 solver.py:136 ] Epoch: [373/400][400/400] lr: 5.21e-05 | MSE loss: 5.5419e-03 | time: 0.099
I 06.01/04:56:36 solver.py:146 ] => Train  Loss: 5.5419e-03

I 06.01/04:56:39 solver.py:205 ] 
=! Best NMSE: -1.9430e+01 (epoch=370)

I 06.01/04:56:41 solver.py:136 ] Epoch: [374/400][20/400] lr: 5.21e-05 | MSE loss: 5.8979e-03 | time: 0.107
I 06.01/04:56:43 solver.py:136 ] Epoch: [374/400][40/400] lr: 5.21e-05 | MSE loss: 5.6065e-03 | time: 0.109
I 06.01/04:56:45 solver.py:136 ] Epoch: [374/400][60/400] lr: 5.20e-05 | MSE loss: 5.5140e-03 | time: 0.106
I 06.01/04:56:47 solver.py:136 ] Epoch: [374/400][80/400] lr: 5.20e-05 | MSE loss: 5.5626e-03 | time: 0.099
I 06.01/04:56:49 solver.py:136 ] Epoch: [374/400][100/400] lr: 5.20e-05 | MSE loss: 5.5528e-03 | time: 0.098
I 06.01/04:56:51 solver.py:136 ] Epoch: [374/400][120/400] lr: 5.20e-05 | MSE loss: 5.5114e-03 | time: 0.099
I 06.01/04:56:53 solver.py:136 ] Epoch: [374/400][140/400] lr: 5.20e-05 | MSE loss: 5.4760e-03 | time: 0.100
I 06.01/04:56:55 solver.py:136 ] Epoch: [374/400][160/400] lr: 5.20e-05 | MSE loss: 5.5245e-03 | time: 0.102
I 06.01/04:56:57 solver.py:136 ] Epoch: [374/400][180/400] lr: 5.20e-05 | MSE loss: 5.4886e-03 | time: 0.103
I 06.01/04:57:00 solver.py:136 ] Epoch: [374/400][200/400] lr: 5.20e-05 | MSE loss: 5.5050e-03 | time: 0.104
I 06.01/04:57:03 solver.py:136 ] Epoch: [374/400][220/400] lr: 5.20e-05 | MSE loss: 5.5281e-03 | time: 0.111
I 06.01/04:57:06 solver.py:136 ] Epoch: [374/400][240/400] lr: 5.20e-05 | MSE loss: 5.5417e-03 | time: 0.113
I 06.01/04:57:08 solver.py:136 ] Epoch: [374/400][260/400] lr: 5.20e-05 | MSE loss: 5.5523e-03 | time: 0.113
I 06.01/04:57:10 solver.py:136 ] Epoch: [374/400][280/400] lr: 5.20e-05 | MSE loss: 5.5441e-03 | time: 0.112
I 06.01/04:57:12 solver.py:136 ] Epoch: [374/400][300/400] lr: 5.20e-05 | MSE loss: 5.5196e-03 | time: 0.112
I 06.01/04:57:14 solver.py:136 ] Epoch: [374/400][320/400] lr: 5.20e-05 | MSE loss: 5.5323e-03 | time: 0.110
I 06.01/04:57:15 solver.py:136 ] Epoch: [374/400][340/400] lr: 5.19e-05 | MSE loss: 5.5279e-03 | time: 0.108
I 06.01/04:57:17 solver.py:136 ] Epoch: [374/400][360/400] lr: 5.19e-05 | MSE loss: 5.5288e-03 | time: 0.105
I 06.01/04:57:18 solver.py:136 ] Epoch: [374/400][380/400] lr: 5.19e-05 | MSE loss: 5.5484e-03 | time: 0.104
I 06.01/04:57:20 solver.py:136 ] Epoch: [374/400][400/400] lr: 5.19e-05 | MSE loss: 5.5419e-03 | time: 0.104
I 06.01/04:57:20 solver.py:146 ] => Train  Loss: 5.5419e-03

I 06.01/04:57:23 solver.py:205 ] 
=! Best NMSE: -1.9430e+01 (epoch=370)

I 06.01/04:57:25 solver.py:136 ] Epoch: [375/400][20/400] lr: 5.19e-05 | MSE loss: 5.7829e-03 | time: 0.098
I 06.01/04:57:27 solver.py:136 ] Epoch: [375/400][40/400] lr: 5.19e-05 | MSE loss: 5.5743e-03 | time: 0.105
I 06.01/04:57:29 solver.py:136 ] Epoch: [375/400][60/400] lr: 5.19e-05 | MSE loss: 5.6684e-03 | time: 0.095
I 06.01/04:57:30 solver.py:136 ] Epoch: [375/400][80/400] lr: 5.19e-05 | MSE loss: 5.5072e-03 | time: 0.091
I 06.01/04:57:32 solver.py:136 ] Epoch: [375/400][100/400] lr: 5.19e-05 | MSE loss: 5.5127e-03 | time: 0.086
I 06.01/04:57:33 solver.py:136 ] Epoch: [375/400][120/400] lr: 5.19e-05 | MSE loss: 5.5616e-03 | time: 0.082
I 06.01/04:57:34 solver.py:136 ] Epoch: [375/400][140/400] lr: 5.19e-05 | MSE loss: 5.5484e-03 | time: 0.080
I 06.01/04:57:35 solver.py:136 ] Epoch: [375/400][160/400] lr: 5.19e-05 | MSE loss: 5.5424e-03 | time: 0.077
I 06.01/04:57:36 solver.py:136 ] Epoch: [375/400][180/400] lr: 5.19e-05 | MSE loss: 5.5489e-03 | time: 0.075
I 06.01/04:57:38 solver.py:136 ] Epoch: [375/400][200/400] lr: 5.18e-05 | MSE loss: 5.5564e-03 | time: 0.074
I 06.01/04:57:39 solver.py:136 ] Epoch: [375/400][220/400] lr: 5.18e-05 | MSE loss: 5.5398e-03 | time: 0.073
I 06.01/04:57:40 solver.py:136 ] Epoch: [375/400][240/400] lr: 5.18e-05 | MSE loss: 5.5762e-03 | time: 0.072
I 06.01/04:57:42 solver.py:136 ] Epoch: [375/400][260/400] lr: 5.18e-05 | MSE loss: 5.5657e-03 | time: 0.071
I 06.01/04:57:43 solver.py:136 ] Epoch: [375/400][280/400] lr: 5.18e-05 | MSE loss: 5.5465e-03 | time: 0.072
I 06.01/04:57:44 solver.py:136 ] Epoch: [375/400][300/400] lr: 5.18e-05 | MSE loss: 5.5268e-03 | time: 0.071
I 06.01/04:57:46 solver.py:136 ] Epoch: [375/400][320/400] lr: 5.18e-05 | MSE loss: 5.5630e-03 | time: 0.072
I 06.01/04:57:47 solver.py:136 ] Epoch: [375/400][340/400] lr: 5.18e-05 | MSE loss: 5.5508e-03 | time: 0.071
I 06.01/04:57:48 solver.py:136 ] Epoch: [375/400][360/400] lr: 5.18e-05 | MSE loss: 5.5384e-03 | time: 0.070
I 06.01/04:57:49 solver.py:136 ] Epoch: [375/400][380/400] lr: 5.18e-05 | MSE loss: 5.5299e-03 | time: 0.070
I 06.01/04:57:51 solver.py:136 ] Epoch: [375/400][400/400] lr: 5.18e-05 | MSE loss: 5.5393e-03 | time: 0.069
I 06.01/04:57:51 solver.py:146 ] => Train  Loss: 5.5393e-03

I 06.01/04:57:53 solver.py:205 ] 
=! Best NMSE: -1.9430e+01 (epoch=370)

I 06.01/04:57:54 solver.py:136 ] Epoch: [376/400][20/400] lr: 5.18e-05 | MSE loss: 5.7857e-03 | time: 0.060
I 06.01/04:57:55 solver.py:136 ] Epoch: [376/400][40/400] lr: 5.18e-05 | MSE loss: 5.6887e-03 | time: 0.060
I 06.01/04:57:57 solver.py:136 ] Epoch: [376/400][60/400] lr: 5.18e-05 | MSE loss: 5.4758e-03 | time: 0.061
I 06.01/04:57:58 solver.py:136 ] Epoch: [376/400][80/400] lr: 5.17e-05 | MSE loss: 5.5589e-03 | time: 0.059
I 06.01/04:57:59 solver.py:136 ] Epoch: [376/400][100/400] lr: 5.17e-05 | MSE loss: 5.4850e-03 | time: 0.061
I 06.01/04:58:01 solver.py:136 ] Epoch: [376/400][120/400] lr: 5.17e-05 | MSE loss: 5.4641e-03 | time: 0.065
I 06.01/04:58:04 solver.py:136 ] Epoch: [376/400][140/400] lr: 5.17e-05 | MSE loss: 5.5143e-03 | time: 0.078
I 06.01/04:58:06 solver.py:136 ] Epoch: [376/400][160/400] lr: 5.17e-05 | MSE loss: 5.5387e-03 | time: 0.078
I 06.01/04:58:07 solver.py:136 ] Epoch: [376/400][180/400] lr: 5.17e-05 | MSE loss: 5.5541e-03 | time: 0.075
I 06.01/04:58:08 solver.py:136 ] Epoch: [376/400][200/400] lr: 5.17e-05 | MSE loss: 5.5506e-03 | time: 0.073
I 06.01/04:58:09 solver.py:136 ] Epoch: [376/400][220/400] lr: 5.17e-05 | MSE loss: 5.5639e-03 | time: 0.072
I 06.01/04:58:10 solver.py:136 ] Epoch: [376/400][240/400] lr: 5.17e-05 | MSE loss: 5.5429e-03 | time: 0.072
I 06.01/04:58:12 solver.py:136 ] Epoch: [376/400][260/400] lr: 5.17e-05 | MSE loss: 5.5336e-03 | time: 0.072
I 06.01/04:58:13 solver.py:136 ] Epoch: [376/400][280/400] lr: 5.17e-05 | MSE loss: 5.5369e-03 | time: 0.073
I 06.01/04:58:15 solver.py:136 ] Epoch: [376/400][300/400] lr: 5.17e-05 | MSE loss: 5.5556e-03 | time: 0.072
I 06.01/04:58:16 solver.py:136 ] Epoch: [376/400][320/400] lr: 5.17e-05 | MSE loss: 5.5657e-03 | time: 0.071
I 06.01/04:58:17 solver.py:136 ] Epoch: [376/400][340/400] lr: 5.17e-05 | MSE loss: 5.5501e-03 | time: 0.071
I 06.01/04:58:19 solver.py:136 ] Epoch: [376/400][360/400] lr: 5.17e-05 | MSE loss: 5.5455e-03 | time: 0.071
I 06.01/04:58:20 solver.py:136 ] Epoch: [376/400][380/400] lr: 5.16e-05 | MSE loss: 5.5427e-03 | time: 0.071
I 06.01/04:58:21 solver.py:136 ] Epoch: [376/400][400/400] lr: 5.16e-05 | MSE loss: 5.5362e-03 | time: 0.071
I 06.01/04:58:21 solver.py:146 ] => Train  Loss: 5.5362e-03

I 06.01/04:58:24 solver.py:205 ] 
=! Best NMSE: -1.9430e+01 (epoch=370)

I 06.01/04:58:25 solver.py:136 ] Epoch: [377/400][20/400] lr: 5.16e-05 | MSE loss: 5.8347e-03 | time: 0.073
I 06.01/04:58:26 solver.py:136 ] Epoch: [377/400][40/400] lr: 5.16e-05 | MSE loss: 5.6468e-03 | time: 0.068
I 06.01/04:58:27 solver.py:136 ] Epoch: [377/400][60/400] lr: 5.16e-05 | MSE loss: 5.5003e-03 | time: 0.063
I 06.01/04:58:28 solver.py:136 ] Epoch: [377/400][80/400] lr: 5.16e-05 | MSE loss: 5.5442e-03 | time: 0.060
I 06.01/04:58:30 solver.py:136 ] Epoch: [377/400][100/400] lr: 5.16e-05 | MSE loss: 5.5608e-03 | time: 0.061
I 06.01/04:58:31 solver.py:136 ] Epoch: [377/400][120/400] lr: 5.16e-05 | MSE loss: 5.6720e-03 | time: 0.060
I 06.01/04:58:32 solver.py:136 ] Epoch: [377/400][140/400] lr: 5.16e-05 | MSE loss: 5.6730e-03 | time: 0.060
I 06.01/04:58:33 solver.py:136 ] Epoch: [377/400][160/400] lr: 5.16e-05 | MSE loss: 5.5977e-03 | time: 0.059
I 06.01/04:58:34 solver.py:136 ] Epoch: [377/400][180/400] lr: 5.16e-05 | MSE loss: 5.6133e-03 | time: 0.057
I 06.01/04:58:35 solver.py:136 ] Epoch: [377/400][200/400] lr: 5.16e-05 | MSE loss: 5.6392e-03 | time: 0.056
I 06.01/04:58:36 solver.py:136 ] Epoch: [377/400][220/400] lr: 5.16e-05 | MSE loss: 5.6297e-03 | time: 0.056
I 06.01/04:58:38 solver.py:136 ] Epoch: [377/400][240/400] lr: 5.16e-05 | MSE loss: 5.6419e-03 | time: 0.060
I 06.01/04:58:39 solver.py:136 ] Epoch: [377/400][260/400] lr: 5.16e-05 | MSE loss: 5.6519e-03 | time: 0.060
I 06.01/04:58:40 solver.py:136 ] Epoch: [377/400][280/400] lr: 5.15e-05 | MSE loss: 5.6385e-03 | time: 0.060
I 06.01/04:58:42 solver.py:136 ] Epoch: [377/400][300/400] lr: 5.15e-05 | MSE loss: 5.5924e-03 | time: 0.060
I 06.01/04:58:43 solver.py:136 ] Epoch: [377/400][320/400] lr: 5.15e-05 | MSE loss: 5.5554e-03 | time: 0.060
I 06.01/04:58:44 solver.py:136 ] Epoch: [377/400][340/400] lr: 5.15e-05 | MSE loss: 5.5428e-03 | time: 0.061
I 06.01/04:58:45 solver.py:136 ] Epoch: [377/400][360/400] lr: 5.15e-05 | MSE loss: 5.5486e-03 | time: 0.060
I 06.01/04:58:47 solver.py:136 ] Epoch: [377/400][380/400] lr: 5.15e-05 | MSE loss: 5.5459e-03 | time: 0.060
I 06.01/04:58:48 solver.py:136 ] Epoch: [377/400][400/400] lr: 5.15e-05 | MSE loss: 5.5349e-03 | time: 0.060
I 06.01/04:58:48 solver.py:146 ] => Train  Loss: 5.5349e-03

I 06.01/04:58:51 solver.py:205 ] 
=! Best NMSE: -1.9430e+01 (epoch=370)

I 06.01/04:58:52 solver.py:136 ] Epoch: [378/400][20/400] lr: 5.15e-05 | MSE loss: 5.5306e-03 | time: 0.068
I 06.01/04:58:53 solver.py:136 ] Epoch: [378/400][40/400] lr: 5.15e-05 | MSE loss: 5.5633e-03 | time: 0.063
I 06.01/04:58:55 solver.py:136 ] Epoch: [378/400][60/400] lr: 5.15e-05 | MSE loss: 5.7147e-03 | time: 0.063
I 06.01/04:58:56 solver.py:136 ] Epoch: [378/400][80/400] lr: 5.15e-05 | MSE loss: 5.6783e-03 | time: 0.061
I 06.01/04:58:57 solver.py:136 ] Epoch: [378/400][100/400] lr: 5.15e-05 | MSE loss: 5.6118e-03 | time: 0.061
I 06.01/04:58:58 solver.py:136 ] Epoch: [378/400][120/400] lr: 5.15e-05 | MSE loss: 5.6294e-03 | time: 0.061
I 06.01/04:58:59 solver.py:136 ] Epoch: [378/400][140/400] lr: 5.15e-05 | MSE loss: 5.6901e-03 | time: 0.061
I 06.01/04:59:01 solver.py:136 ] Epoch: [378/400][160/400] lr: 5.15e-05 | MSE loss: 5.6976e-03 | time: 0.065
I 06.01/04:59:04 solver.py:136 ] Epoch: [378/400][180/400] lr: 5.14e-05 | MSE loss: 5.6674e-03 | time: 0.073
I 06.01/04:59:05 solver.py:136 ] Epoch: [378/400][200/400] lr: 5.14e-05 | MSE loss: 5.6693e-03 | time: 0.071
I 06.01/04:59:06 solver.py:136 ] Epoch: [378/400][220/400] lr: 5.14e-05 | MSE loss: 5.6563e-03 | time: 0.070
I 06.01/04:59:08 solver.py:136 ] Epoch: [378/400][240/400] lr: 5.14e-05 | MSE loss: 5.6268e-03 | time: 0.070
I 06.01/04:59:09 solver.py:136 ] Epoch: [378/400][260/400] lr: 5.14e-05 | MSE loss: 5.6077e-03 | time: 0.069
I 06.01/04:59:10 solver.py:136 ] Epoch: [378/400][280/400] lr: 5.14e-05 | MSE loss: 5.6083e-03 | time: 0.069
I 06.01/04:59:11 solver.py:136 ] Epoch: [378/400][300/400] lr: 5.14e-05 | MSE loss: 5.5678e-03 | time: 0.068
I 06.01/04:59:12 solver.py:136 ] Epoch: [378/400][320/400] lr: 5.14e-05 | MSE loss: 5.5538e-03 | time: 0.067
I 06.01/04:59:13 solver.py:136 ] Epoch: [378/400][340/400] lr: 5.14e-05 | MSE loss: 5.5434e-03 | time: 0.066
I 06.01/04:59:15 solver.py:136 ] Epoch: [378/400][360/400] lr: 5.14e-05 | MSE loss: 5.5405e-03 | time: 0.066
I 06.01/04:59:16 solver.py:136 ] Epoch: [378/400][380/400] lr: 5.14e-05 | MSE loss: 5.5420e-03 | time: 0.066
I 06.01/04:59:17 solver.py:136 ] Epoch: [378/400][400/400] lr: 5.14e-05 | MSE loss: 5.5359e-03 | time: 0.065
I 06.01/04:59:17 solver.py:146 ] => Train  Loss: 5.5359e-03

I 06.01/04:59:20 solver.py:205 ] 
=! Best NMSE: -1.9430e+01 (epoch=370)

I 06.01/04:59:21 solver.py:136 ] Epoch: [379/400][20/400] lr: 5.14e-05 | MSE loss: 5.4155e-03 | time: 0.046
I 06.01/04:59:22 solver.py:136 ] Epoch: [379/400][40/400] lr: 5.14e-05 | MSE loss: 5.4904e-03 | time: 0.056
I 06.01/04:59:23 solver.py:136 ] Epoch: [379/400][60/400] lr: 5.14e-05 | MSE loss: 5.5948e-03 | time: 0.059
I 06.01/04:59:24 solver.py:136 ] Epoch: [379/400][80/400] lr: 5.14e-05 | MSE loss: 5.5566e-03 | time: 0.059
I 06.01/04:59:26 solver.py:136 ] Epoch: [379/400][100/400] lr: 5.13e-05 | MSE loss: 5.6062e-03 | time: 0.060
I 06.01/04:59:27 solver.py:136 ] Epoch: [379/400][120/400] lr: 5.13e-05 | MSE loss: 5.6510e-03 | time: 0.061
I 06.01/04:59:28 solver.py:136 ] Epoch: [379/400][140/400] lr: 5.13e-05 | MSE loss: 5.5869e-03 | time: 0.060
I 06.01/04:59:29 solver.py:136 ] Epoch: [379/400][160/400] lr: 5.13e-05 | MSE loss: 5.5439e-03 | time: 0.059
I 06.01/04:59:30 solver.py:136 ] Epoch: [379/400][180/400] lr: 5.13e-05 | MSE loss: 5.5551e-03 | time: 0.058
I 06.01/04:59:31 solver.py:136 ] Epoch: [379/400][200/400] lr: 5.13e-05 | MSE loss: 5.5556e-03 | time: 0.057
I 06.01/04:59:32 solver.py:136 ] Epoch: [379/400][220/400] lr: 5.13e-05 | MSE loss: 5.5486e-03 | time: 0.056
I 06.01/04:59:33 solver.py:136 ] Epoch: [379/400][240/400] lr: 5.13e-05 | MSE loss: 5.5243e-03 | time: 0.055
I 06.01/04:59:34 solver.py:136 ] Epoch: [379/400][260/400] lr: 5.13e-05 | MSE loss: 5.5234e-03 | time: 0.057
I 06.01/04:59:36 solver.py:136 ] Epoch: [379/400][280/400] lr: 5.13e-05 | MSE loss: 5.5112e-03 | time: 0.057
I 06.01/04:59:37 solver.py:136 ] Epoch: [379/400][300/400] lr: 5.13e-05 | MSE loss: 5.5231e-03 | time: 0.058
I 06.01/04:59:38 solver.py:136 ] Epoch: [379/400][320/400] lr: 5.13e-05 | MSE loss: 5.5300e-03 | time: 0.059
I 06.01/04:59:40 solver.py:136 ] Epoch: [379/400][340/400] lr: 5.13e-05 | MSE loss: 5.5420e-03 | time: 0.059
I 06.01/04:59:41 solver.py:136 ] Epoch: [379/400][360/400] lr: 5.13e-05 | MSE loss: 5.5360e-03 | time: 0.059
I 06.01/04:59:42 solver.py:136 ] Epoch: [379/400][380/400] lr: 5.13e-05 | MSE loss: 5.5332e-03 | time: 0.060
I 06.01/04:59:44 solver.py:136 ] Epoch: [379/400][400/400] lr: 5.13e-05 | MSE loss: 5.5349e-03 | time: 0.060
I 06.01/04:59:44 solver.py:146 ] => Train  Loss: 5.5349e-03

I 06.01/04:59:46 solver.py:205 ] 
=! Best NMSE: -1.9430e+01 (epoch=370)

I 06.01/04:59:48 solver.py:136 ] Epoch: [380/400][20/400] lr: 5.12e-05 | MSE loss: 5.9245e-03 | time: 0.073
I 06.01/04:59:49 solver.py:136 ] Epoch: [380/400][40/400] lr: 5.12e-05 | MSE loss: 5.8423e-03 | time: 0.069
I 06.01/04:59:50 solver.py:136 ] Epoch: [380/400][60/400] lr: 5.12e-05 | MSE loss: 5.6640e-03 | time: 0.072
I 06.01/04:59:52 solver.py:136 ] Epoch: [380/400][80/400] lr: 5.12e-05 | MSE loss: 5.6012e-03 | time: 0.075
I 06.01/04:59:54 solver.py:136 ] Epoch: [380/400][100/400] lr: 5.12e-05 | MSE loss: 5.6627e-03 | time: 0.075
I 06.01/04:59:55 solver.py:136 ] Epoch: [380/400][120/400] lr: 5.12e-05 | MSE loss: 5.6777e-03 | time: 0.077
I 06.01/04:59:57 solver.py:136 ] Epoch: [380/400][140/400] lr: 5.12e-05 | MSE loss: 5.6872e-03 | time: 0.078
I 06.01/04:59:59 solver.py:136 ] Epoch: [380/400][160/400] lr: 5.12e-05 | MSE loss: 5.6424e-03 | time: 0.079
I 06.01/05:00:01 solver.py:136 ] Epoch: [380/400][180/400] lr: 5.12e-05 | MSE loss: 5.6178e-03 | time: 0.083
I 06.01/05:00:05 solver.py:136 ] Epoch: [380/400][200/400] lr: 5.12e-05 | MSE loss: 5.5815e-03 | time: 0.096
I 06.01/05:00:07 solver.py:136 ] Epoch: [380/400][220/400] lr: 5.12e-05 | MSE loss: 5.5561e-03 | time: 0.095
I 06.01/05:00:08 solver.py:136 ] Epoch: [380/400][240/400] lr: 5.12e-05 | MSE loss: 5.5700e-03 | time: 0.093
I 06.01/05:00:10 solver.py:136 ] Epoch: [380/400][260/400] lr: 5.12e-05 | MSE loss: 5.5534e-03 | time: 0.092
I 06.01/05:00:11 solver.py:136 ] Epoch: [380/400][280/400] lr: 5.12e-05 | MSE loss: 5.5661e-03 | time: 0.090
I 06.01/05:00:13 solver.py:136 ] Epoch: [380/400][300/400] lr: 5.12e-05 | MSE loss: 5.5425e-03 | time: 0.089
I 06.01/05:00:15 solver.py:136 ] Epoch: [380/400][320/400] lr: 5.12e-05 | MSE loss: 5.5129e-03 | time: 0.089
I 06.01/05:00:16 solver.py:136 ] Epoch: [380/400][340/400] lr: 5.12e-05 | MSE loss: 5.5239e-03 | time: 0.088
I 06.01/05:00:18 solver.py:136 ] Epoch: [380/400][360/400] lr: 5.12e-05 | MSE loss: 5.5196e-03 | time: 0.087
I 06.01/05:00:19 solver.py:136 ] Epoch: [380/400][380/400] lr: 5.11e-05 | MSE loss: 5.5250e-03 | time: 0.086
I 06.01/05:00:20 solver.py:136 ] Epoch: [380/400][400/400] lr: 5.11e-05 | MSE loss: 5.5328e-03 | time: 0.086
I 06.01/05:00:20 solver.py:146 ] => Train  Loss: 5.5328e-03

I 06.01/05:00:22 solver.py:136 ] Epoch: [380/400][20/50] lr: 5.11e-05 | MSE loss: 6.1249e-03 | time: 0.079
I 06.01/05:00:24 solver.py:136 ] Epoch: [380/400][40/50] lr: 5.11e-05 | MSE loss: 5.8582e-03 | time: 0.081
I 06.01/05:00:25 solver.py:146 ] => Val  Loss: 5.8049e-03

I 06.01/05:00:26 solver.py:287 ] [20/50] loss: 5.8916e-03 | NMSE: -1.9381e+01 | time: 0.087
I 06.01/05:00:28 solver.py:287 ] [40/50] loss: 5.8374e-03 | NMSE: -1.9392e+01 | time: 0.084
I 06.01/05:00:29 solver.py:291 ] => Test NMSE: -1.9435e+01

I 06.01/05:00:33 solver.py:205 ] 
=! Best NMSE: -1.9435e+01 (epoch=380)

I 06.01/05:00:34 solver.py:136 ] Epoch: [381/400][20/400] lr: 5.11e-05 | MSE loss: 5.5547e-03 | time: 0.078
I 06.01/05:00:36 solver.py:136 ] Epoch: [381/400][40/400] lr: 5.11e-05 | MSE loss: 5.6813e-03 | time: 0.073
I 06.01/05:00:37 solver.py:136 ] Epoch: [381/400][60/400] lr: 5.11e-05 | MSE loss: 5.7470e-03 | time: 0.068
I 06.01/05:00:38 solver.py:136 ] Epoch: [381/400][80/400] lr: 5.11e-05 | MSE loss: 5.7241e-03 | time: 0.065
I 06.01/05:00:39 solver.py:136 ] Epoch: [381/400][100/400] lr: 5.11e-05 | MSE loss: 5.7293e-03 | time: 0.064
I 06.01/05:00:40 solver.py:136 ] Epoch: [381/400][120/400] lr: 5.11e-05 | MSE loss: 5.6929e-03 | time: 0.063
I 06.01/05:00:41 solver.py:136 ] Epoch: [381/400][140/400] lr: 5.11e-05 | MSE loss: 5.6860e-03 | time: 0.061
I 06.01/05:00:42 solver.py:136 ] Epoch: [381/400][160/400] lr: 5.11e-05 | MSE loss: 5.6533e-03 | time: 0.060
I 06.01/05:00:43 solver.py:136 ] Epoch: [381/400][180/400] lr: 5.11e-05 | MSE loss: 5.6353e-03 | time: 0.059
I 06.01/05:00:44 solver.py:136 ] Epoch: [381/400][200/400] lr: 5.11e-05 | MSE loss: 5.5871e-03 | time: 0.058
I 06.01/05:00:46 solver.py:136 ] Epoch: [381/400][220/400] lr: 5.11e-05 | MSE loss: 5.5745e-03 | time: 0.058
I 06.01/05:00:46 solver.py:136 ] Epoch: [381/400][240/400] lr: 5.11e-05 | MSE loss: 5.5537e-03 | time: 0.057
I 06.01/05:00:48 solver.py:136 ] Epoch: [381/400][260/400] lr: 5.11e-05 | MSE loss: 5.5561e-03 | time: 0.057
I 06.01/05:00:49 solver.py:136 ] Epoch: [381/400][280/400] lr: 5.11e-05 | MSE loss: 5.5221e-03 | time: 0.056
I 06.01/05:00:50 solver.py:136 ] Epoch: [381/400][300/400] lr: 5.11e-05 | MSE loss: 5.5075e-03 | time: 0.056
I 06.01/05:00:51 solver.py:136 ] Epoch: [381/400][320/400] lr: 5.11e-05 | MSE loss: 5.4991e-03 | time: 0.056
I 06.01/05:00:52 solver.py:136 ] Epoch: [381/400][340/400] lr: 5.10e-05 | MSE loss: 5.5203e-03 | time: 0.055
I 06.01/05:00:52 solver.py:136 ] Epoch: [381/400][360/400] lr: 5.10e-05 | MSE loss: 5.5511e-03 | time: 0.054
I 06.01/05:00:53 solver.py:136 ] Epoch: [381/400][380/400] lr: 5.10e-05 | MSE loss: 5.5492e-03 | time: 0.054
I 06.01/05:00:54 solver.py:136 ] Epoch: [381/400][400/400] lr: 5.10e-05 | MSE loss: 5.5314e-03 | time: 0.054
I 06.01/05:00:54 solver.py:146 ] => Train  Loss: 5.5314e-03

I 06.01/05:00:57 solver.py:205 ] 
=! Best NMSE: -1.9435e+01 (epoch=380)

I 06.01/05:00:58 solver.py:136 ] Epoch: [382/400][20/400] lr: 5.10e-05 | MSE loss: 5.5714e-03 | time: 0.052
I 06.01/05:01:00 solver.py:136 ] Epoch: [382/400][40/400] lr: 5.10e-05 | MSE loss: 5.4160e-03 | time: 0.057
I 06.01/05:01:01 solver.py:136 ] Epoch: [382/400][60/400] lr: 5.10e-05 | MSE loss: 5.5025e-03 | time: 0.060
I 06.01/05:01:03 solver.py:136 ] Epoch: [382/400][80/400] lr: 5.10e-05 | MSE loss: 5.5600e-03 | time: 0.074
I 06.01/05:01:05 solver.py:136 ] Epoch: [382/400][100/400] lr: 5.10e-05 | MSE loss: 5.5590e-03 | time: 0.076
I 06.01/05:01:06 solver.py:136 ] Epoch: [382/400][120/400] lr: 5.10e-05 | MSE loss: 5.5335e-03 | time: 0.072
I 06.01/05:01:07 solver.py:136 ] Epoch: [382/400][140/400] lr: 5.10e-05 | MSE loss: 5.5006e-03 | time: 0.070
I 06.01/05:01:08 solver.py:136 ] Epoch: [382/400][160/400] lr: 5.10e-05 | MSE loss: 5.4943e-03 | time: 0.069
I 06.01/05:01:10 solver.py:136 ] Epoch: [382/400][180/400] lr: 5.10e-05 | MSE loss: 5.4792e-03 | time: 0.068
I 06.01/05:01:11 solver.py:136 ] Epoch: [382/400][200/400] lr: 5.10e-05 | MSE loss: 5.4654e-03 | time: 0.066
I 06.01/05:01:11 solver.py:136 ] Epoch: [382/400][220/400] lr: 5.10e-05 | MSE loss: 5.4393e-03 | time: 0.064
I 06.01/05:01:13 solver.py:136 ] Epoch: [382/400][240/400] lr: 5.10e-05 | MSE loss: 5.4476e-03 | time: 0.063
I 06.01/05:01:14 solver.py:136 ] Epoch: [382/400][260/400] lr: 5.10e-05 | MSE loss: 5.4671e-03 | time: 0.063
I 06.01/05:01:15 solver.py:136 ] Epoch: [382/400][280/400] lr: 5.10e-05 | MSE loss: 5.5053e-03 | time: 0.062
I 06.01/05:01:16 solver.py:136 ] Epoch: [382/400][300/400] lr: 5.09e-05 | MSE loss: 5.5151e-03 | time: 0.062
I 06.01/05:01:17 solver.py:136 ] Epoch: [382/400][320/400] lr: 5.09e-05 | MSE loss: 5.4880e-03 | time: 0.062
I 06.01/05:01:19 solver.py:136 ] Epoch: [382/400][340/400] lr: 5.09e-05 | MSE loss: 5.4922e-03 | time: 0.062
I 06.01/05:01:20 solver.py:136 ] Epoch: [382/400][360/400] lr: 5.09e-05 | MSE loss: 5.4987e-03 | time: 0.062
I 06.01/05:01:21 solver.py:136 ] Epoch: [382/400][380/400] lr: 5.09e-05 | MSE loss: 5.5283e-03 | time: 0.062
I 06.01/05:01:22 solver.py:136 ] Epoch: [382/400][400/400] lr: 5.09e-05 | MSE loss: 5.5296e-03 | time: 0.062
I 06.01/05:01:22 solver.py:146 ] => Train  Loss: 5.5296e-03

I 06.01/05:01:24 solver.py:205 ] 
=! Best NMSE: -1.9435e+01 (epoch=380)

I 06.01/05:01:25 solver.py:136 ] Epoch: [383/400][20/400] lr: 5.09e-05 | MSE loss: 5.8205e-03 | time: 0.051
I 06.01/05:01:26 solver.py:136 ] Epoch: [383/400][40/400] lr: 5.09e-05 | MSE loss: 5.6464e-03 | time: 0.049
I 06.01/05:01:27 solver.py:136 ] Epoch: [383/400][60/400] lr: 5.09e-05 | MSE loss: 5.8474e-03 | time: 0.049
I 06.01/05:01:28 solver.py:136 ] Epoch: [383/400][80/400] lr: 5.09e-05 | MSE loss: 5.7730e-03 | time: 0.052
I 06.01/05:01:30 solver.py:136 ] Epoch: [383/400][100/400] lr: 5.09e-05 | MSE loss: 5.6836e-03 | time: 0.053
I 06.01/05:01:31 solver.py:136 ] Epoch: [383/400][120/400] lr: 5.09e-05 | MSE loss: 5.6119e-03 | time: 0.055
I 06.01/05:01:32 solver.py:136 ] Epoch: [383/400][140/400] lr: 5.09e-05 | MSE loss: 5.5548e-03 | time: 0.056
I 06.01/05:01:33 solver.py:136 ] Epoch: [383/400][160/400] lr: 5.09e-05 | MSE loss: 5.5590e-03 | time: 0.057
I 06.01/05:01:35 solver.py:136 ] Epoch: [383/400][180/400] lr: 5.09e-05 | MSE loss: 5.5895e-03 | time: 0.057
I 06.01/05:01:36 solver.py:136 ] Epoch: [383/400][200/400] lr: 5.09e-05 | MSE loss: 5.5784e-03 | time: 0.059
I 06.01/05:01:37 solver.py:136 ] Epoch: [383/400][220/400] lr: 5.09e-05 | MSE loss: 5.5648e-03 | time: 0.058
I 06.01/05:01:38 solver.py:136 ] Epoch: [383/400][240/400] lr: 5.09e-05 | MSE loss: 5.5476e-03 | time: 0.057
I 06.01/05:01:39 solver.py:136 ] Epoch: [383/400][260/400] lr: 5.09e-05 | MSE loss: 5.5140e-03 | time: 0.057
I 06.01/05:01:40 solver.py:136 ] Epoch: [383/400][280/400] lr: 5.09e-05 | MSE loss: 5.5164e-03 | time: 0.057
I 06.01/05:01:41 solver.py:136 ] Epoch: [383/400][300/400] lr: 5.08e-05 | MSE loss: 5.5244e-03 | time: 0.057
I 06.01/05:01:42 solver.py:136 ] Epoch: [383/400][320/400] lr: 5.08e-05 | MSE loss: 5.5318e-03 | time: 0.056
I 06.01/05:01:43 solver.py:136 ] Epoch: [383/400][340/400] lr: 5.08e-05 | MSE loss: 5.5178e-03 | time: 0.056
I 06.01/05:01:44 solver.py:136 ] Epoch: [383/400][360/400] lr: 5.08e-05 | MSE loss: 5.5103e-03 | time: 0.056
I 06.01/05:01:46 solver.py:136 ] Epoch: [383/400][380/400] lr: 5.08e-05 | MSE loss: 5.5191e-03 | time: 0.056
I 06.01/05:01:47 solver.py:136 ] Epoch: [383/400][400/400] lr: 5.08e-05 | MSE loss: 5.5307e-03 | time: 0.056
I 06.01/05:01:47 solver.py:146 ] => Train  Loss: 5.5307e-03

I 06.01/05:01:49 solver.py:205 ] 
=! Best NMSE: -1.9435e+01 (epoch=380)

I 06.01/05:01:50 solver.py:136 ] Epoch: [384/400][20/400] lr: 5.08e-05 | MSE loss: 5.4295e-03 | time: 0.060
I 06.01/05:01:51 solver.py:136 ] Epoch: [384/400][40/400] lr: 5.08e-05 | MSE loss: 5.4360e-03 | time: 0.059
I 06.01/05:01:52 solver.py:136 ] Epoch: [384/400][60/400] lr: 5.08e-05 | MSE loss: 5.5932e-03 | time: 0.060
I 06.01/05:01:54 solver.py:136 ] Epoch: [384/400][80/400] lr: 5.08e-05 | MSE loss: 5.5407e-03 | time: 0.060
I 06.01/05:01:55 solver.py:136 ] Epoch: [384/400][100/400] lr: 5.08e-05 | MSE loss: 5.5406e-03 | time: 0.060
I 06.01/05:01:56 solver.py:136 ] Epoch: [384/400][120/400] lr: 5.08e-05 | MSE loss: 5.5573e-03 | time: 0.061
I 06.01/05:01:57 solver.py:136 ] Epoch: [384/400][140/400] lr: 5.08e-05 | MSE loss: 5.5192e-03 | time: 0.061
I 06.01/05:01:59 solver.py:136 ] Epoch: [384/400][160/400] lr: 5.08e-05 | MSE loss: 5.5296e-03 | time: 0.061
I 06.01/05:02:00 solver.py:136 ] Epoch: [384/400][180/400] lr: 5.08e-05 | MSE loss: 5.5368e-03 | time: 0.061
I 06.01/05:02:01 solver.py:136 ] Epoch: [384/400][200/400] lr: 5.08e-05 | MSE loss: 5.5287e-03 | time: 0.062
I 06.01/05:02:03 solver.py:136 ] Epoch: [384/400][220/400] lr: 5.08e-05 | MSE loss: 5.5768e-03 | time: 0.065
I 06.01/05:02:04 solver.py:136 ] Epoch: [384/400][240/400] lr: 5.08e-05 | MSE loss: 5.5898e-03 | time: 0.065
I 06.01/05:02:05 solver.py:136 ] Epoch: [384/400][260/400] lr: 5.08e-05 | MSE loss: 5.5457e-03 | time: 0.064
I 06.01/05:02:07 solver.py:136 ] Epoch: [384/400][280/400] lr: 5.08e-05 | MSE loss: 5.5741e-03 | time: 0.064
I 06.01/05:02:08 solver.py:136 ] Epoch: [384/400][300/400] lr: 5.08e-05 | MSE loss: 5.5626e-03 | time: 0.063
I 06.01/05:02:09 solver.py:136 ] Epoch: [384/400][320/400] lr: 5.07e-05 | MSE loss: 5.5594e-03 | time: 0.063
I 06.01/05:02:10 solver.py:136 ] Epoch: [384/400][340/400] lr: 5.07e-05 | MSE loss: 5.5679e-03 | time: 0.063
I 06.01/05:02:11 solver.py:136 ] Epoch: [384/400][360/400] lr: 5.07e-05 | MSE loss: 5.5332e-03 | time: 0.063
I 06.01/05:02:13 solver.py:136 ] Epoch: [384/400][380/400] lr: 5.07e-05 | MSE loss: 5.5338e-03 | time: 0.063
I 06.01/05:02:14 solver.py:136 ] Epoch: [384/400][400/400] lr: 5.07e-05 | MSE loss: 5.5288e-03 | time: 0.063
I 06.01/05:02:14 solver.py:146 ] => Train  Loss: 5.5288e-03

I 06.01/05:02:16 solver.py:205 ] 
=! Best NMSE: -1.9435e+01 (epoch=380)

I 06.01/05:02:17 solver.py:136 ] Epoch: [385/400][20/400] lr: 5.07e-05 | MSE loss: 5.9264e-03 | time: 0.057
I 06.01/05:02:19 solver.py:136 ] Epoch: [385/400][40/400] lr: 5.07e-05 | MSE loss: 5.7484e-03 | time: 0.058
I 06.01/05:02:20 solver.py:136 ] Epoch: [385/400][60/400] lr: 5.07e-05 | MSE loss: 5.7286e-03 | time: 0.058
I 06.01/05:02:21 solver.py:136 ] Epoch: [385/400][80/400] lr: 5.07e-05 | MSE loss: 5.5741e-03 | time: 0.058
I 06.01/05:02:22 solver.py:136 ] Epoch: [385/400][100/400] lr: 5.07e-05 | MSE loss: 5.5249e-03 | time: 0.058
I 06.01/05:02:23 solver.py:136 ] Epoch: [385/400][120/400] lr: 5.07e-05 | MSE loss: 5.5188e-03 | time: 0.058
I 06.01/05:02:24 solver.py:136 ] Epoch: [385/400][140/400] lr: 5.07e-05 | MSE loss: 5.5175e-03 | time: 0.058
I 06.01/05:02:26 solver.py:136 ] Epoch: [385/400][160/400] lr: 5.07e-05 | MSE loss: 5.5863e-03 | time: 0.059
I 06.01/05:02:27 solver.py:136 ] Epoch: [385/400][180/400] lr: 5.07e-05 | MSE loss: 5.5741e-03 | time: 0.060
I 06.01/05:02:28 solver.py:136 ] Epoch: [385/400][200/400] lr: 5.07e-05 | MSE loss: 5.5463e-03 | time: 0.060
I 06.01/05:02:29 solver.py:136 ] Epoch: [385/400][220/400] lr: 5.07e-05 | MSE loss: 5.5543e-03 | time: 0.059
I 06.01/05:02:30 solver.py:136 ] Epoch: [385/400][240/400] lr: 5.07e-05 | MSE loss: 5.5684e-03 | time: 0.057
I 06.01/05:02:31 solver.py:136 ] Epoch: [385/400][260/400] lr: 5.07e-05 | MSE loss: 5.5655e-03 | time: 0.057
I 06.01/05:02:32 solver.py:136 ] Epoch: [385/400][280/400] lr: 5.07e-05 | MSE loss: 5.5441e-03 | time: 0.057
I 06.01/05:02:33 solver.py:136 ] Epoch: [385/400][300/400] lr: 5.07e-05 | MSE loss: 5.5162e-03 | time: 0.057
I 06.01/05:02:35 solver.py:136 ] Epoch: [385/400][320/400] lr: 5.07e-05 | MSE loss: 5.5345e-03 | time: 0.057
I 06.01/05:02:36 solver.py:136 ] Epoch: [385/400][340/400] lr: 5.07e-05 | MSE loss: 5.5294e-03 | time: 0.057
I 06.01/05:02:37 solver.py:136 ] Epoch: [385/400][360/400] lr: 5.07e-05 | MSE loss: 5.5305e-03 | time: 0.058
I 06.01/05:02:38 solver.py:136 ] Epoch: [385/400][380/400] lr: 5.06e-05 | MSE loss: 5.5256e-03 | time: 0.058
I 06.01/05:02:39 solver.py:136 ] Epoch: [385/400][400/400] lr: 5.06e-05 | MSE loss: 5.5287e-03 | time: 0.058
I 06.01/05:02:39 solver.py:146 ] => Train  Loss: 5.5287e-03

I 06.01/05:02:41 solver.py:205 ] 
=! Best NMSE: -1.9435e+01 (epoch=380)

I 06.01/05:02:43 solver.py:136 ] Epoch: [386/400][20/400] lr: 5.06e-05 | MSE loss: 5.4907e-03 | time: 0.060
I 06.01/05:02:44 solver.py:136 ] Epoch: [386/400][40/400] lr: 5.06e-05 | MSE loss: 5.2785e-03 | time: 0.062
I 06.01/05:02:45 solver.py:136 ] Epoch: [386/400][60/400] lr: 5.06e-05 | MSE loss: 5.3455e-03 | time: 0.061
I 06.01/05:02:47 solver.py:136 ] Epoch: [386/400][80/400] lr: 5.06e-05 | MSE loss: 5.5150e-03 | time: 0.061
I 06.01/05:02:48 solver.py:136 ] Epoch: [386/400][100/400] lr: 5.06e-05 | MSE loss: 5.5218e-03 | time: 0.061
I 06.01/05:02:49 solver.py:136 ] Epoch: [386/400][120/400] lr: 5.06e-05 | MSE loss: 5.5174e-03 | time: 0.060
I 06.01/05:02:50 solver.py:136 ] Epoch: [386/400][140/400] lr: 5.06e-05 | MSE loss: 5.5729e-03 | time: 0.061
I 06.01/05:02:51 solver.py:136 ] Epoch: [386/400][160/400] lr: 5.06e-05 | MSE loss: 5.5299e-03 | time: 0.062
I 06.01/05:02:53 solver.py:136 ] Epoch: [386/400][180/400] lr: 5.06e-05 | MSE loss: 5.5629e-03 | time: 0.061
I 06.01/05:02:54 solver.py:136 ] Epoch: [386/400][200/400] lr: 5.06e-05 | MSE loss: 5.5306e-03 | time: 0.061
I 06.01/05:02:55 solver.py:136 ] Epoch: [386/400][220/400] lr: 5.06e-05 | MSE loss: 5.5539e-03 | time: 0.060
I 06.01/05:02:56 solver.py:136 ] Epoch: [386/400][240/400] lr: 5.06e-05 | MSE loss: 5.5774e-03 | time: 0.059
I 06.01/05:02:57 solver.py:136 ] Epoch: [386/400][260/400] lr: 5.06e-05 | MSE loss: 5.5723e-03 | time: 0.059
I 06.01/05:02:58 solver.py:136 ] Epoch: [386/400][280/400] lr: 5.06e-05 | MSE loss: 5.5688e-03 | time: 0.059
I 06.01/05:02:59 solver.py:136 ] Epoch: [386/400][300/400] lr: 5.06e-05 | MSE loss: 5.5368e-03 | time: 0.059
I 06.01/05:03:02 solver.py:136 ] Epoch: [386/400][320/400] lr: 5.06e-05 | MSE loss: 5.5345e-03 | time: 0.065
I 06.01/05:03:05 solver.py:136 ] Epoch: [386/400][340/400] lr: 5.06e-05 | MSE loss: 5.5279e-03 | time: 0.069
I 06.01/05:03:06 solver.py:136 ] Epoch: [386/400][360/400] lr: 5.06e-05 | MSE loss: 5.5159e-03 | time: 0.069
I 06.01/05:03:08 solver.py:136 ] Epoch: [386/400][380/400] lr: 5.06e-05 | MSE loss: 5.4962e-03 | time: 0.069
I 06.01/05:03:09 solver.py:136 ] Epoch: [386/400][400/400] lr: 5.06e-05 | MSE loss: 5.5247e-03 | time: 0.068
I 06.01/05:03:09 solver.py:146 ] => Train  Loss: 5.5247e-03

I 06.01/05:03:11 solver.py:205 ] 
=! Best NMSE: -1.9435e+01 (epoch=380)

I 06.01/05:03:13 solver.py:136 ] Epoch: [387/400][20/400] lr: 5.06e-05 | MSE loss: 5.7210e-03 | time: 0.065
I 06.01/05:03:14 solver.py:136 ] Epoch: [387/400][40/400] lr: 5.06e-05 | MSE loss: 5.5185e-03 | time: 0.060
I 06.01/05:03:15 solver.py:136 ] Epoch: [387/400][60/400] lr: 5.05e-05 | MSE loss: 5.5384e-03 | time: 0.060
I 06.01/05:03:16 solver.py:136 ] Epoch: [387/400][80/400] lr: 5.05e-05 | MSE loss: 5.5810e-03 | time: 0.057
I 06.01/05:03:17 solver.py:136 ] Epoch: [387/400][100/400] lr: 5.05e-05 | MSE loss: 5.6341e-03 | time: 0.055
I 06.01/05:03:18 solver.py:136 ] Epoch: [387/400][120/400] lr: 5.05e-05 | MSE loss: 5.5655e-03 | time: 0.054
I 06.01/05:03:19 solver.py:136 ] Epoch: [387/400][140/400] lr: 5.05e-05 | MSE loss: 5.5155e-03 | time: 0.053
I 06.01/05:03:20 solver.py:136 ] Epoch: [387/400][160/400] lr: 5.05e-05 | MSE loss: 5.5393e-03 | time: 0.054
I 06.01/05:03:21 solver.py:136 ] Epoch: [387/400][180/400] lr: 5.05e-05 | MSE loss: 5.5138e-03 | time: 0.054
I 06.01/05:03:22 solver.py:136 ] Epoch: [387/400][200/400] lr: 5.05e-05 | MSE loss: 5.5080e-03 | time: 0.055
I 06.01/05:03:23 solver.py:136 ] Epoch: [387/400][220/400] lr: 5.05e-05 | MSE loss: 5.4863e-03 | time: 0.056
I 06.01/05:03:25 solver.py:136 ] Epoch: [387/400][240/400] lr: 5.05e-05 | MSE loss: 5.4777e-03 | time: 0.057
I 06.01/05:03:26 solver.py:136 ] Epoch: [387/400][260/400] lr: 5.05e-05 | MSE loss: 5.5151e-03 | time: 0.058
I 06.01/05:03:27 solver.py:136 ] Epoch: [387/400][280/400] lr: 5.05e-05 | MSE loss: 5.4811e-03 | time: 0.058
I 06.01/05:03:28 solver.py:136 ] Epoch: [387/400][300/400] lr: 5.05e-05 | MSE loss: 5.5089e-03 | time: 0.058
I 06.01/05:03:30 solver.py:136 ] Epoch: [387/400][320/400] lr: 5.05e-05 | MSE loss: 5.5185e-03 | time: 0.057
I 06.01/05:03:30 solver.py:136 ] Epoch: [387/400][340/400] lr: 5.05e-05 | MSE loss: 5.5152e-03 | time: 0.057
I 06.01/05:03:31 solver.py:136 ] Epoch: [387/400][360/400] lr: 5.05e-05 | MSE loss: 5.5239e-03 | time: 0.056
I 06.01/05:03:33 solver.py:136 ] Epoch: [387/400][380/400] lr: 5.05e-05 | MSE loss: 5.5212e-03 | time: 0.056
I 06.01/05:03:34 solver.py:136 ] Epoch: [387/400][400/400] lr: 5.05e-05 | MSE loss: 5.5251e-03 | time: 0.057
I 06.01/05:03:34 solver.py:146 ] => Train  Loss: 5.5251e-03

I 06.01/05:03:36 solver.py:205 ] 
=! Best NMSE: -1.9435e+01 (epoch=380)

I 06.01/05:03:37 solver.py:136 ] Epoch: [388/400][20/400] lr: 5.05e-05 | MSE loss: 5.5080e-03 | time: 0.065
I 06.01/05:03:38 solver.py:136 ] Epoch: [388/400][40/400] lr: 5.05e-05 | MSE loss: 5.5962e-03 | time: 0.060
I 06.01/05:03:39 solver.py:136 ] Epoch: [388/400][60/400] lr: 5.05e-05 | MSE loss: 5.5150e-03 | time: 0.061
I 06.01/05:03:40 solver.py:136 ] Epoch: [388/400][80/400] lr: 5.05e-05 | MSE loss: 5.5222e-03 | time: 0.060
I 06.01/05:03:41 solver.py:136 ] Epoch: [388/400][100/400] lr: 5.05e-05 | MSE loss: 5.4720e-03 | time: 0.058
I 06.01/05:03:43 solver.py:136 ] Epoch: [388/400][120/400] lr: 5.05e-05 | MSE loss: 5.4903e-03 | time: 0.058
I 06.01/05:03:44 solver.py:136 ] Epoch: [388/400][140/400] lr: 5.05e-05 | MSE loss: 5.4101e-03 | time: 0.058
I 06.01/05:03:45 solver.py:136 ] Epoch: [388/400][160/400] lr: 5.05e-05 | MSE loss: 5.4000e-03 | time: 0.057
I 06.01/05:03:46 solver.py:136 ] Epoch: [388/400][180/400] lr: 5.04e-05 | MSE loss: 5.4198e-03 | time: 0.058
I 06.01/05:03:47 solver.py:136 ] Epoch: [388/400][200/400] lr: 5.04e-05 | MSE loss: 5.4177e-03 | time: 0.058
I 06.01/05:03:48 solver.py:136 ] Epoch: [388/400][220/400] lr: 5.04e-05 | MSE loss: 5.4423e-03 | time: 0.058
I 06.01/05:03:50 solver.py:136 ] Epoch: [388/400][240/400] lr: 5.04e-05 | MSE loss: 5.4197e-03 | time: 0.058
I 06.01/05:03:51 solver.py:136 ] Epoch: [388/400][260/400] lr: 5.04e-05 | MSE loss: 5.4546e-03 | time: 0.058
I 06.01/05:03:51 solver.py:136 ] Epoch: [388/400][280/400] lr: 5.04e-05 | MSE loss: 5.4556e-03 | time: 0.057
I 06.01/05:03:53 solver.py:136 ] Epoch: [388/400][300/400] lr: 5.04e-05 | MSE loss: 5.4716e-03 | time: 0.056
I 06.01/05:03:53 solver.py:136 ] Epoch: [388/400][320/400] lr: 5.04e-05 | MSE loss: 5.4510e-03 | time: 0.056
I 06.01/05:03:54 solver.py:136 ] Epoch: [388/400][340/400] lr: 5.04e-05 | MSE loss: 5.4676e-03 | time: 0.055
I 06.01/05:03:56 solver.py:136 ] Epoch: [388/400][360/400] lr: 5.04e-05 | MSE loss: 5.4823e-03 | time: 0.056
I 06.01/05:03:57 solver.py:136 ] Epoch: [388/400][380/400] lr: 5.04e-05 | MSE loss: 5.5068e-03 | time: 0.056
I 06.01/05:03:58 solver.py:136 ] Epoch: [388/400][400/400] lr: 5.04e-05 | MSE loss: 5.5244e-03 | time: 0.057
I 06.01/05:03:58 solver.py:146 ] => Train  Loss: 5.5244e-03

I 06.01/05:04:02 solver.py:205 ] 
=! Best NMSE: -1.9435e+01 (epoch=380)

I 06.01/05:04:05 solver.py:136 ] Epoch: [389/400][20/400] lr: 5.04e-05 | MSE loss: 5.8681e-03 | time: 0.150
I 06.01/05:04:06 solver.py:136 ] Epoch: [389/400][40/400] lr: 5.04e-05 | MSE loss: 5.6312e-03 | time: 0.108
I 06.01/05:04:08 solver.py:136 ] Epoch: [389/400][60/400] lr: 5.04e-05 | MSE loss: 5.4957e-03 | time: 0.095
I 06.01/05:04:09 solver.py:136 ] Epoch: [389/400][80/400] lr: 5.04e-05 | MSE loss: 5.4793e-03 | time: 0.086
I 06.01/05:04:10 solver.py:136 ] Epoch: [389/400][100/400] lr: 5.04e-05 | MSE loss: 5.4801e-03 | time: 0.082
I 06.01/05:04:12 solver.py:136 ] Epoch: [389/400][120/400] lr: 5.04e-05 | MSE loss: 5.6341e-03 | time: 0.081
I 06.01/05:04:13 solver.py:136 ] Epoch: [389/400][140/400] lr: 5.04e-05 | MSE loss: 5.6201e-03 | time: 0.079
I 06.01/05:04:14 solver.py:136 ] Epoch: [389/400][160/400] lr: 5.04e-05 | MSE loss: 5.6123e-03 | time: 0.076
I 06.01/05:04:15 solver.py:136 ] Epoch: [389/400][180/400] lr: 5.04e-05 | MSE loss: 5.6441e-03 | time: 0.073
I 06.01/05:04:16 solver.py:136 ] Epoch: [389/400][200/400] lr: 5.04e-05 | MSE loss: 5.6043e-03 | time: 0.071
I 06.01/05:04:17 solver.py:136 ] Epoch: [389/400][220/400] lr: 5.04e-05 | MSE loss: 5.6188e-03 | time: 0.069
I 06.01/05:04:18 solver.py:136 ] Epoch: [389/400][240/400] lr: 5.04e-05 | MSE loss: 5.5481e-03 | time: 0.067
I 06.01/05:04:19 solver.py:136 ] Epoch: [389/400][260/400] lr: 5.04e-05 | MSE loss: 5.5605e-03 | time: 0.066
I 06.01/05:04:20 solver.py:136 ] Epoch: [389/400][280/400] lr: 5.04e-05 | MSE loss: 5.5614e-03 | time: 0.065
I 06.01/05:04:21 solver.py:136 ] Epoch: [389/400][300/400] lr: 5.04e-05 | MSE loss: 5.5294e-03 | time: 0.064
I 06.01/05:04:22 solver.py:136 ] Epoch: [389/400][320/400] lr: 5.04e-05 | MSE loss: 5.5244e-03 | time: 0.063
I 06.01/05:04:23 solver.py:136 ] Epoch: [389/400][340/400] lr: 5.04e-05 | MSE loss: 5.5296e-03 | time: 0.062
I 06.01/05:04:24 solver.py:136 ] Epoch: [389/400][360/400] lr: 5.04e-05 | MSE loss: 5.5222e-03 | time: 0.061
I 06.01/05:04:25 solver.py:136 ] Epoch: [389/400][380/400] lr: 5.03e-05 | MSE loss: 5.5352e-03 | time: 0.060
I 06.01/05:04:26 solver.py:136 ] Epoch: [389/400][400/400] lr: 5.03e-05 | MSE loss: 5.5235e-03 | time: 0.060
I 06.01/05:04:26 solver.py:146 ] => Train  Loss: 5.5235e-03

I 06.01/05:04:28 solver.py:205 ] 
=! Best NMSE: -1.9435e+01 (epoch=380)

I 06.01/05:04:29 solver.py:136 ] Epoch: [390/400][20/400] lr: 5.03e-05 | MSE loss: 5.8540e-03 | time: 0.054
I 06.01/05:04:30 solver.py:136 ] Epoch: [390/400][40/400] lr: 5.03e-05 | MSE loss: 5.7266e-03 | time: 0.047
I 06.01/05:04:31 solver.py:136 ] Epoch: [390/400][60/400] lr: 5.03e-05 | MSE loss: 5.7402e-03 | time: 0.045
I 06.01/05:04:32 solver.py:136 ] Epoch: [390/400][80/400] lr: 5.03e-05 | MSE loss: 5.6901e-03 | time: 0.047
I 06.01/05:04:33 solver.py:136 ] Epoch: [390/400][100/400] lr: 5.03e-05 | MSE loss: 5.6804e-03 | time: 0.045
I 06.01/05:04:33 solver.py:136 ] Epoch: [390/400][120/400] lr: 5.03e-05 | MSE loss: 5.6401e-03 | time: 0.043
I 06.01/05:04:34 solver.py:136 ] Epoch: [390/400][140/400] lr: 5.03e-05 | MSE loss: 5.6525e-03 | time: 0.043
I 06.01/05:04:35 solver.py:136 ] Epoch: [390/400][160/400] lr: 5.03e-05 | MSE loss: 5.5911e-03 | time: 0.043
I 06.01/05:04:36 solver.py:136 ] Epoch: [390/400][180/400] lr: 5.03e-05 | MSE loss: 5.5382e-03 | time: 0.043
I 06.01/05:04:37 solver.py:136 ] Epoch: [390/400][200/400] lr: 5.03e-05 | MSE loss: 5.5406e-03 | time: 0.043
I 06.01/05:04:38 solver.py:136 ] Epoch: [390/400][220/400] lr: 5.03e-05 | MSE loss: 5.5510e-03 | time: 0.044
I 06.01/05:04:39 solver.py:136 ] Epoch: [390/400][240/400] lr: 5.03e-05 | MSE loss: 5.5717e-03 | time: 0.044
I 06.01/05:04:39 solver.py:136 ] Epoch: [390/400][260/400] lr: 5.03e-05 | MSE loss: 5.5798e-03 | time: 0.044
I 06.01/05:04:40 solver.py:136 ] Epoch: [390/400][280/400] lr: 5.03e-05 | MSE loss: 5.6065e-03 | time: 0.043
I 06.01/05:04:41 solver.py:136 ] Epoch: [390/400][300/400] lr: 5.03e-05 | MSE loss: 5.5792e-03 | time: 0.043
I 06.01/05:04:41 solver.py:136 ] Epoch: [390/400][320/400] lr: 5.03e-05 | MSE loss: 5.5645e-03 | time: 0.042
I 06.01/05:04:42 solver.py:136 ] Epoch: [390/400][340/400] lr: 5.03e-05 | MSE loss: 5.5611e-03 | time: 0.041
I 06.01/05:04:43 solver.py:136 ] Epoch: [390/400][360/400] lr: 5.03e-05 | MSE loss: 5.5395e-03 | time: 0.042
I 06.01/05:04:44 solver.py:136 ] Epoch: [390/400][380/400] lr: 5.03e-05 | MSE loss: 5.5336e-03 | time: 0.041
I 06.01/05:04:44 solver.py:136 ] Epoch: [390/400][400/400] lr: 5.03e-05 | MSE loss: 5.5228e-03 | time: 0.040
I 06.01/05:04:44 solver.py:146 ] => Train  Loss: 5.5228e-03

I 06.01/05:04:45 solver.py:136 ] Epoch: [390/400][20/50] lr: 5.03e-05 | MSE loss: 6.1180e-03 | time: 0.033
I 06.01/05:04:46 solver.py:136 ] Epoch: [390/400][40/50] lr: 5.03e-05 | MSE loss: 5.8483e-03 | time: 0.038
I 06.01/05:04:46 solver.py:146 ] => Val  Loss: 5.7954e-03

I 06.01/05:04:47 solver.py:287 ] [20/50] loss: 5.8727e-03 | NMSE: -1.9396e+01 | time: 0.038
I 06.01/05:04:48 solver.py:287 ] [40/50] loss: 5.8209e-03 | NMSE: -1.9404e+01 | time: 0.040
I 06.01/05:04:48 solver.py:291 ] => Test NMSE: -1.9446e+01

I 06.01/05:04:53 solver.py:205 ] 
=! Best NMSE: -1.9446e+01 (epoch=390)

I 06.01/05:04:54 solver.py:136 ] Epoch: [391/400][20/400] lr: 5.03e-05 | MSE loss: 5.2585e-03 | time: 0.051
I 06.01/05:04:55 solver.py:136 ] Epoch: [391/400][40/400] lr: 5.03e-05 | MSE loss: 5.3070e-03 | time: 0.048
I 06.01/05:04:56 solver.py:136 ] Epoch: [391/400][60/400] lr: 5.03e-05 | MSE loss: 5.3788e-03 | time: 0.047
I 06.01/05:04:57 solver.py:136 ] Epoch: [391/400][80/400] lr: 5.03e-05 | MSE loss: 5.3869e-03 | time: 0.047
I 06.01/05:04:58 solver.py:136 ] Epoch: [391/400][100/400] lr: 5.03e-05 | MSE loss: 5.4478e-03 | time: 0.046
I 06.01/05:04:59 solver.py:136 ] Epoch: [391/400][120/400] lr: 5.03e-05 | MSE loss: 5.3975e-03 | time: 0.045
I 06.01/05:04:59 solver.py:136 ] Epoch: [391/400][140/400] lr: 5.03e-05 | MSE loss: 5.4464e-03 | time: 0.045
I 06.01/05:05:00 solver.py:136 ] Epoch: [391/400][160/400] lr: 5.03e-05 | MSE loss: 5.4436e-03 | time: 0.046
I 06.01/05:05:03 solver.py:136 ] Epoch: [391/400][180/400] lr: 5.03e-05 | MSE loss: 5.4067e-03 | time: 0.052
I 06.01/05:05:04 solver.py:136 ] Epoch: [391/400][200/400] lr: 5.03e-05 | MSE loss: 5.4390e-03 | time: 0.055
I 06.01/05:05:05 solver.py:136 ] Epoch: [391/400][220/400] lr: 5.03e-05 | MSE loss: 5.4671e-03 | time: 0.053
I 06.01/05:05:05 solver.py:136 ] Epoch: [391/400][240/400] lr: 5.03e-05 | MSE loss: 5.4582e-03 | time: 0.051
I 06.01/05:05:06 solver.py:136 ] Epoch: [391/400][260/400] lr: 5.02e-05 | MSE loss: 5.4574e-03 | time: 0.049
I 06.01/05:05:06 solver.py:136 ] Epoch: [391/400][280/400] lr: 5.02e-05 | MSE loss: 5.4837e-03 | time: 0.047
I 06.01/05:05:07 solver.py:136 ] Epoch: [391/400][300/400] lr: 5.02e-05 | MSE loss: 5.4969e-03 | time: 0.047
I 06.01/05:05:08 solver.py:136 ] Epoch: [391/400][320/400] lr: 5.02e-05 | MSE loss: 5.4938e-03 | time: 0.046
I 06.01/05:05:09 solver.py:136 ] Epoch: [391/400][340/400] lr: 5.02e-05 | MSE loss: 5.5088e-03 | time: 0.045
I 06.01/05:05:09 solver.py:136 ] Epoch: [391/400][360/400] lr: 5.02e-05 | MSE loss: 5.5140e-03 | time: 0.045
I 06.01/05:05:10 solver.py:136 ] Epoch: [391/400][380/400] lr: 5.02e-05 | MSE loss: 5.5238e-03 | time: 0.045
I 06.01/05:05:11 solver.py:136 ] Epoch: [391/400][400/400] lr: 5.02e-05 | MSE loss: 5.5203e-03 | time: 0.045
I 06.01/05:05:11 solver.py:146 ] => Train  Loss: 5.5203e-03

I 06.01/05:05:13 solver.py:205 ] 
=! Best NMSE: -1.9446e+01 (epoch=390)

I 06.01/05:05:14 solver.py:136 ] Epoch: [392/400][20/400] lr: 5.02e-05 | MSE loss: 5.3537e-03 | time: 0.052
I 06.01/05:05:15 solver.py:136 ] Epoch: [392/400][40/400] lr: 5.02e-05 | MSE loss: 5.6450e-03 | time: 0.048
I 06.01/05:05:16 solver.py:136 ] Epoch: [392/400][60/400] lr: 5.02e-05 | MSE loss: 5.5659e-03 | time: 0.047
I 06.01/05:05:17 solver.py:136 ] Epoch: [392/400][80/400] lr: 5.02e-05 | MSE loss: 5.5356e-03 | time: 0.046
I 06.01/05:05:18 solver.py:136 ] Epoch: [392/400][100/400] lr: 5.02e-05 | MSE loss: 5.5043e-03 | time: 0.045
I 06.01/05:05:18 solver.py:136 ] Epoch: [392/400][120/400] lr: 5.02e-05 | MSE loss: 5.4343e-03 | time: 0.044
I 06.01/05:05:19 solver.py:136 ] Epoch: [392/400][140/400] lr: 5.02e-05 | MSE loss: 5.4473e-03 | time: 0.044
I 06.01/05:05:20 solver.py:136 ] Epoch: [392/400][160/400] lr: 5.02e-05 | MSE loss: 5.4306e-03 | time: 0.044
I 06.01/05:05:21 solver.py:136 ] Epoch: [392/400][180/400] lr: 5.02e-05 | MSE loss: 5.4261e-03 | time: 0.044
I 06.01/05:05:22 solver.py:136 ] Epoch: [392/400][200/400] lr: 5.02e-05 | MSE loss: 5.4520e-03 | time: 0.043
I 06.01/05:05:22 solver.py:136 ] Epoch: [392/400][220/400] lr: 5.02e-05 | MSE loss: 5.4630e-03 | time: 0.043
I 06.01/05:05:23 solver.py:136 ] Epoch: [392/400][240/400] lr: 5.02e-05 | MSE loss: 5.4521e-03 | time: 0.043
I 06.01/05:05:24 solver.py:136 ] Epoch: [392/400][260/400] lr: 5.02e-05 | MSE loss: 5.4792e-03 | time: 0.043
I 06.01/05:05:25 solver.py:136 ] Epoch: [392/400][280/400] lr: 5.02e-05 | MSE loss: 5.4947e-03 | time: 0.042
I 06.01/05:05:25 solver.py:136 ] Epoch: [392/400][300/400] lr: 5.02e-05 | MSE loss: 5.5054e-03 | time: 0.041
I 06.01/05:05:26 solver.py:136 ] Epoch: [392/400][320/400] lr: 5.02e-05 | MSE loss: 5.5210e-03 | time: 0.040
I 06.01/05:05:26 solver.py:136 ] Epoch: [392/400][340/400] lr: 5.02e-05 | MSE loss: 5.5252e-03 | time: 0.039
I 06.01/05:05:27 solver.py:136 ] Epoch: [392/400][360/400] lr: 5.02e-05 | MSE loss: 5.5356e-03 | time: 0.038
I 06.01/05:05:28 solver.py:136 ] Epoch: [392/400][380/400] lr: 5.02e-05 | MSE loss: 5.5316e-03 | time: 0.038
I 06.01/05:05:29 solver.py:136 ] Epoch: [392/400][400/400] lr: 5.02e-05 | MSE loss: 5.5217e-03 | time: 0.039
I 06.01/05:05:29 solver.py:146 ] => Train  Loss: 5.5217e-03

I 06.01/05:05:31 solver.py:205 ] 
=! Best NMSE: -1.9446e+01 (epoch=390)

I 06.01/05:05:32 solver.py:136 ] Epoch: [393/400][20/400] lr: 5.02e-05 | MSE loss: 5.6153e-03 | time: 0.049
I 06.01/05:05:33 solver.py:136 ] Epoch: [393/400][40/400] lr: 5.02e-05 | MSE loss: 5.2572e-03 | time: 0.047
I 06.01/05:05:33 solver.py:136 ] Epoch: [393/400][60/400] lr: 5.02e-05 | MSE loss: 5.3322e-03 | time: 0.044
I 06.01/05:05:34 solver.py:136 ] Epoch: [393/400][80/400] lr: 5.02e-05 | MSE loss: 5.4054e-03 | time: 0.043
I 06.01/05:05:35 solver.py:136 ] Epoch: [393/400][100/400] lr: 5.02e-05 | MSE loss: 5.4337e-03 | time: 0.044
I 06.01/05:05:36 solver.py:136 ] Epoch: [393/400][120/400] lr: 5.02e-05 | MSE loss: 5.4544e-03 | time: 0.044
I 06.01/05:05:37 solver.py:136 ] Epoch: [393/400][140/400] lr: 5.02e-05 | MSE loss: 5.4496e-03 | time: 0.044
I 06.01/05:05:38 solver.py:136 ] Epoch: [393/400][160/400] lr: 5.02e-05 | MSE loss: 5.4467e-03 | time: 0.043
I 06.01/05:05:38 solver.py:136 ] Epoch: [393/400][180/400] lr: 5.02e-05 | MSE loss: 5.4906e-03 | time: 0.043
I 06.01/05:05:39 solver.py:136 ] Epoch: [393/400][200/400] lr: 5.02e-05 | MSE loss: 5.4985e-03 | time: 0.042
I 06.01/05:05:40 solver.py:136 ] Epoch: [393/400][220/400] lr: 5.02e-05 | MSE loss: 5.4784e-03 | time: 0.043
I 06.01/05:05:41 solver.py:136 ] Epoch: [393/400][240/400] lr: 5.02e-05 | MSE loss: 5.4627e-03 | time: 0.042
I 06.01/05:05:42 solver.py:136 ] Epoch: [393/400][260/400] lr: 5.02e-05 | MSE loss: 5.4710e-03 | time: 0.042
I 06.01/05:05:42 solver.py:136 ] Epoch: [393/400][280/400] lr: 5.02e-05 | MSE loss: 5.4902e-03 | time: 0.041
I 06.01/05:05:43 solver.py:136 ] Epoch: [393/400][300/400] lr: 5.02e-05 | MSE loss: 5.4923e-03 | time: 0.040
I 06.01/05:05:44 solver.py:136 ] Epoch: [393/400][320/400] lr: 5.01e-05 | MSE loss: 5.4848e-03 | time: 0.040
I 06.01/05:05:44 solver.py:136 ] Epoch: [393/400][340/400] lr: 5.01e-05 | MSE loss: 5.4947e-03 | time: 0.040
I 06.01/05:05:45 solver.py:136 ] Epoch: [393/400][360/400] lr: 5.01e-05 | MSE loss: 5.5164e-03 | time: 0.039
I 06.01/05:05:45 solver.py:136 ] Epoch: [393/400][380/400] lr: 5.01e-05 | MSE loss: 5.5254e-03 | time: 0.039
I 06.01/05:05:46 solver.py:136 ] Epoch: [393/400][400/400] lr: 5.01e-05 | MSE loss: 5.5211e-03 | time: 0.038
I 06.01/05:05:46 solver.py:146 ] => Train  Loss: 5.5211e-03

I 06.01/05:05:48 solver.py:205 ] 
=! Best NMSE: -1.9446e+01 (epoch=390)

I 06.01/05:05:49 solver.py:136 ] Epoch: [394/400][20/400] lr: 5.01e-05 | MSE loss: 5.9618e-03 | time: 0.042
I 06.01/05:05:50 solver.py:136 ] Epoch: [394/400][40/400] lr: 5.01e-05 | MSE loss: 5.5516e-03 | time: 0.046
I 06.01/05:05:50 solver.py:136 ] Epoch: [394/400][60/400] lr: 5.01e-05 | MSE loss: 5.5834e-03 | time: 0.044
I 06.01/05:05:51 solver.py:136 ] Epoch: [394/400][80/400] lr: 5.01e-05 | MSE loss: 5.4887e-03 | time: 0.042
I 06.01/05:05:52 solver.py:136 ] Epoch: [394/400][100/400] lr: 5.01e-05 | MSE loss: 5.5602e-03 | time: 0.043
I 06.01/05:05:53 solver.py:136 ] Epoch: [394/400][120/400] lr: 5.01e-05 | MSE loss: 5.5175e-03 | time: 0.043
I 06.01/05:05:54 solver.py:136 ] Epoch: [394/400][140/400] lr: 5.01e-05 | MSE loss: 5.5401e-03 | time: 0.043
I 06.01/05:05:55 solver.py:136 ] Epoch: [394/400][160/400] lr: 5.01e-05 | MSE loss: 5.4978e-03 | time: 0.043
I 06.01/05:05:56 solver.py:136 ] Epoch: [394/400][180/400] lr: 5.01e-05 | MSE loss: 5.5235e-03 | time: 0.043
I 06.01/05:05:56 solver.py:136 ] Epoch: [394/400][200/400] lr: 5.01e-05 | MSE loss: 5.5408e-03 | time: 0.043
I 06.01/05:05:57 solver.py:136 ] Epoch: [394/400][220/400] lr: 5.01e-05 | MSE loss: 5.5454e-03 | time: 0.043
I 06.01/05:05:58 solver.py:136 ] Epoch: [394/400][240/400] lr: 5.01e-05 | MSE loss: 5.5366e-03 | time: 0.043
I 06.01/05:05:59 solver.py:136 ] Epoch: [394/400][260/400] lr: 5.01e-05 | MSE loss: 5.5164e-03 | time: 0.043
I 06.01/05:06:00 solver.py:136 ] Epoch: [394/400][280/400] lr: 5.01e-05 | MSE loss: 5.5027e-03 | time: 0.043
I 06.01/05:06:02 solver.py:136 ] Epoch: [394/400][300/400] lr: 5.01e-05 | MSE loss: 5.4929e-03 | time: 0.046
I 06.01/05:06:04 solver.py:136 ] Epoch: [394/400][320/400] lr: 5.01e-05 | MSE loss: 5.5043e-03 | time: 0.050
I 06.01/05:06:05 solver.py:136 ] Epoch: [394/400][340/400] lr: 5.01e-05 | MSE loss: 5.5122e-03 | time: 0.051
I 06.01/05:06:06 solver.py:136 ] Epoch: [394/400][360/400] lr: 5.01e-05 | MSE loss: 5.5279e-03 | time: 0.050
I 06.01/05:06:07 solver.py:136 ] Epoch: [394/400][380/400] lr: 5.01e-05 | MSE loss: 5.5298e-03 | time: 0.049
I 06.01/05:06:07 solver.py:136 ] Epoch: [394/400][400/400] lr: 5.01e-05 | MSE loss: 5.5192e-03 | time: 0.049
I 06.01/05:06:07 solver.py:146 ] => Train  Loss: 5.5192e-03

I 06.01/05:06:10 solver.py:205 ] 
=! Best NMSE: -1.9446e+01 (epoch=390)

I 06.01/05:06:10 solver.py:136 ] Epoch: [395/400][20/400] lr: 5.01e-05 | MSE loss: 5.3399e-03 | time: 0.032
I 06.01/05:06:11 solver.py:136 ] Epoch: [395/400][40/400] lr: 5.01e-05 | MSE loss: 5.3511e-03 | time: 0.031
I 06.01/05:06:11 solver.py:136 ] Epoch: [395/400][60/400] lr: 5.01e-05 | MSE loss: 5.5859e-03 | time: 0.031
I 06.01/05:06:12 solver.py:136 ] Epoch: [395/400][80/400] lr: 5.01e-05 | MSE loss: 5.5185e-03 | time: 0.032
I 06.01/05:06:13 solver.py:136 ] Epoch: [395/400][100/400] lr: 5.01e-05 | MSE loss: 5.5397e-03 | time: 0.032
I 06.01/05:06:13 solver.py:136 ] Epoch: [395/400][120/400] lr: 5.01e-05 | MSE loss: 5.5601e-03 | time: 0.032
I 06.01/05:06:14 solver.py:136 ] Epoch: [395/400][140/400] lr: 5.01e-05 | MSE loss: 5.5175e-03 | time: 0.034
I 06.01/05:06:15 solver.py:136 ] Epoch: [395/400][160/400] lr: 5.01e-05 | MSE loss: 5.5469e-03 | time: 0.035
I 06.01/05:06:16 solver.py:136 ] Epoch: [395/400][180/400] lr: 5.01e-05 | MSE loss: 5.5715e-03 | time: 0.037
I 06.01/05:06:17 solver.py:136 ] Epoch: [395/400][200/400] lr: 5.01e-05 | MSE loss: 5.5533e-03 | time: 0.037
I 06.01/05:06:18 solver.py:136 ] Epoch: [395/400][220/400] lr: 5.01e-05 | MSE loss: 5.5728e-03 | time: 0.038
I 06.01/05:06:19 solver.py:136 ] Epoch: [395/400][240/400] lr: 5.01e-05 | MSE loss: 5.5771e-03 | time: 0.039
I 06.01/05:06:20 solver.py:136 ] Epoch: [395/400][260/400] lr: 5.01e-05 | MSE loss: 5.5722e-03 | time: 0.040
I 06.01/05:06:21 solver.py:136 ] Epoch: [395/400][280/400] lr: 5.01e-05 | MSE loss: 5.5408e-03 | time: 0.040
I 06.01/05:06:22 solver.py:136 ] Epoch: [395/400][300/400] lr: 5.01e-05 | MSE loss: 5.5378e-03 | time: 0.040
I 06.01/05:06:22 solver.py:136 ] Epoch: [395/400][320/400] lr: 5.01e-05 | MSE loss: 5.5513e-03 | time: 0.040
I 06.01/05:06:23 solver.py:136 ] Epoch: [395/400][340/400] lr: 5.01e-05 | MSE loss: 5.5573e-03 | time: 0.040
I 06.01/05:06:24 solver.py:136 ] Epoch: [395/400][360/400] lr: 5.01e-05 | MSE loss: 5.5162e-03 | time: 0.040
I 06.01/05:06:25 solver.py:136 ] Epoch: [395/400][380/400] lr: 5.01e-05 | MSE loss: 5.5139e-03 | time: 0.040
I 06.01/05:06:26 solver.py:136 ] Epoch: [395/400][400/400] lr: 5.01e-05 | MSE loss: 5.5182e-03 | time: 0.040
I 06.01/05:06:26 solver.py:146 ] => Train  Loss: 5.5182e-03

I 06.01/05:06:28 solver.py:205 ] 
=! Best NMSE: -1.9446e+01 (epoch=390)

I 06.01/05:06:28 solver.py:136 ] Epoch: [396/400][20/400] lr: 5.01e-05 | MSE loss: 5.3563e-03 | time: 0.039
I 06.01/05:06:29 solver.py:136 ] Epoch: [396/400][40/400] lr: 5.01e-05 | MSE loss: 5.2446e-03 | time: 0.040
I 06.01/05:06:30 solver.py:136 ] Epoch: [396/400][60/400] lr: 5.01e-05 | MSE loss: 5.3994e-03 | time: 0.042
I 06.01/05:06:31 solver.py:136 ] Epoch: [396/400][80/400] lr: 5.01e-05 | MSE loss: 5.3224e-03 | time: 0.041
I 06.01/05:06:32 solver.py:136 ] Epoch: [396/400][100/400] lr: 5.01e-05 | MSE loss: 5.4266e-03 | time: 0.040
I 06.01/05:06:32 solver.py:136 ] Epoch: [396/400][120/400] lr: 5.01e-05 | MSE loss: 5.4313e-03 | time: 0.038
I 06.01/05:06:33 solver.py:136 ] Epoch: [396/400][140/400] lr: 5.01e-05 | MSE loss: 5.4489e-03 | time: 0.036
I 06.01/05:06:33 solver.py:136 ] Epoch: [396/400][160/400] lr: 5.01e-05 | MSE loss: 5.4423e-03 | time: 0.035
I 06.01/05:06:34 solver.py:136 ] Epoch: [396/400][180/400] lr: 5.01e-05 | MSE loss: 5.4689e-03 | time: 0.034
I 06.01/05:06:35 solver.py:136 ] Epoch: [396/400][200/400] lr: 5.01e-05 | MSE loss: 5.4940e-03 | time: 0.034
I 06.01/05:06:35 solver.py:136 ] Epoch: [396/400][220/400] lr: 5.01e-05 | MSE loss: 5.4802e-03 | time: 0.034
I 06.01/05:06:36 solver.py:136 ] Epoch: [396/400][240/400] lr: 5.01e-05 | MSE loss: 5.4985e-03 | time: 0.034
I 06.01/05:06:36 solver.py:136 ] Epoch: [396/400][260/400] lr: 5.01e-05 | MSE loss: 5.4791e-03 | time: 0.033
I 06.01/05:06:37 solver.py:136 ] Epoch: [396/400][280/400] lr: 5.01e-05 | MSE loss: 5.4821e-03 | time: 0.034
I 06.01/05:06:38 solver.py:136 ] Epoch: [396/400][300/400] lr: 5.01e-05 | MSE loss: 5.5075e-03 | time: 0.034
I 06.01/05:06:39 solver.py:136 ] Epoch: [396/400][320/400] lr: 5.01e-05 | MSE loss: 5.5154e-03 | time: 0.034
I 06.01/05:06:39 solver.py:136 ] Epoch: [396/400][340/400] lr: 5.00e-05 | MSE loss: 5.5058e-03 | time: 0.034
I 06.01/05:06:40 solver.py:136 ] Epoch: [396/400][360/400] lr: 5.00e-05 | MSE loss: 5.4906e-03 | time: 0.034
I 06.01/05:06:41 solver.py:136 ] Epoch: [396/400][380/400] lr: 5.00e-05 | MSE loss: 5.5098e-03 | time: 0.034
I 06.01/05:06:41 solver.py:136 ] Epoch: [396/400][400/400] lr: 5.00e-05 | MSE loss: 5.5186e-03 | time: 0.034
I 06.01/05:06:41 solver.py:146 ] => Train  Loss: 5.5186e-03

I 06.01/05:06:43 solver.py:205 ] 
=! Best NMSE: -1.9446e+01 (epoch=390)

I 06.01/05:06:44 solver.py:136 ] Epoch: [397/400][20/400] lr: 5.00e-05 | MSE loss: 5.4200e-03 | time: 0.045
I 06.01/05:06:45 solver.py:136 ] Epoch: [397/400][40/400] lr: 5.00e-05 | MSE loss: 5.3693e-03 | time: 0.041
I 06.01/05:06:45 solver.py:136 ] Epoch: [397/400][60/400] lr: 5.00e-05 | MSE loss: 5.4054e-03 | time: 0.040
I 06.01/05:06:46 solver.py:136 ] Epoch: [397/400][80/400] lr: 5.00e-05 | MSE loss: 5.3731e-03 | time: 0.040
I 06.01/05:06:47 solver.py:136 ] Epoch: [397/400][100/400] lr: 5.00e-05 | MSE loss: 5.3529e-03 | time: 0.041
I 06.01/05:06:48 solver.py:136 ] Epoch: [397/400][120/400] lr: 5.00e-05 | MSE loss: 5.4069e-03 | time: 0.040
I 06.01/05:06:48 solver.py:136 ] Epoch: [397/400][140/400] lr: 5.00e-05 | MSE loss: 5.4147e-03 | time: 0.040
I 06.01/05:06:49 solver.py:136 ] Epoch: [397/400][160/400] lr: 5.00e-05 | MSE loss: 5.4907e-03 | time: 0.039
I 06.01/05:06:50 solver.py:136 ] Epoch: [397/400][180/400] lr: 5.00e-05 | MSE loss: 5.5300e-03 | time: 0.039
I 06.01/05:06:51 solver.py:136 ] Epoch: [397/400][200/400] lr: 5.00e-05 | MSE loss: 5.5538e-03 | time: 0.039
I 06.01/05:06:52 solver.py:136 ] Epoch: [397/400][220/400] lr: 5.00e-05 | MSE loss: 5.5694e-03 | time: 0.040
I 06.01/05:06:52 solver.py:136 ] Epoch: [397/400][240/400] lr: 5.00e-05 | MSE loss: 5.5421e-03 | time: 0.040
I 06.01/05:06:53 solver.py:136 ] Epoch: [397/400][260/400] lr: 5.00e-05 | MSE loss: 5.5390e-03 | time: 0.039
I 06.01/05:06:54 solver.py:136 ] Epoch: [397/400][280/400] lr: 5.00e-05 | MSE loss: 5.5509e-03 | time: 0.039
I 06.01/05:06:55 solver.py:136 ] Epoch: [397/400][300/400] lr: 5.00e-05 | MSE loss: 5.5340e-03 | time: 0.039
I 06.01/05:06:55 solver.py:136 ] Epoch: [397/400][320/400] lr: 5.00e-05 | MSE loss: 5.5214e-03 | time: 0.039
I 06.01/05:06:56 solver.py:136 ] Epoch: [397/400][340/400] lr: 5.00e-05 | MSE loss: 5.5077e-03 | time: 0.039
I 06.01/05:06:57 solver.py:136 ] Epoch: [397/400][360/400] lr: 5.00e-05 | MSE loss: 5.5218e-03 | time: 0.039
I 06.01/05:06:58 solver.py:136 ] Epoch: [397/400][380/400] lr: 5.00e-05 | MSE loss: 5.5138e-03 | time: 0.039
I 06.01/05:06:58 solver.py:136 ] Epoch: [397/400][400/400] lr: 5.00e-05 | MSE loss: 5.5161e-03 | time: 0.039
I 06.01/05:06:58 solver.py:146 ] => Train  Loss: 5.5161e-03

I 06.01/05:07:02 solver.py:205 ] 
=! Best NMSE: -1.9446e+01 (epoch=390)

I 06.01/05:07:04 solver.py:136 ] Epoch: [398/400][20/400] lr: 5.00e-05 | MSE loss: 5.4739e-03 | time: 0.095
I 06.01/05:07:05 solver.py:136 ] Epoch: [398/400][40/400] lr: 5.00e-05 | MSE loss: 5.3421e-03 | time: 0.063
I 06.01/05:07:05 solver.py:136 ] Epoch: [398/400][60/400] lr: 5.00e-05 | MSE loss: 5.4289e-03 | time: 0.054
I 06.01/05:07:06 solver.py:136 ] Epoch: [398/400][80/400] lr: 5.00e-05 | MSE loss: 5.4042e-03 | time: 0.050
I 06.01/05:07:07 solver.py:136 ] Epoch: [398/400][100/400] lr: 5.00e-05 | MSE loss: 5.3872e-03 | time: 0.047
I 06.01/05:07:08 solver.py:136 ] Epoch: [398/400][120/400] lr: 5.00e-05 | MSE loss: 5.4622e-03 | time: 0.046
I 06.01/05:07:09 solver.py:136 ] Epoch: [398/400][140/400] lr: 5.00e-05 | MSE loss: 5.5294e-03 | time: 0.046
I 06.01/05:07:09 solver.py:136 ] Epoch: [398/400][160/400] lr: 5.00e-05 | MSE loss: 5.5399e-03 | time: 0.045
I 06.01/05:07:10 solver.py:136 ] Epoch: [398/400][180/400] lr: 5.00e-05 | MSE loss: 5.4977e-03 | time: 0.044
I 06.01/05:07:11 solver.py:136 ] Epoch: [398/400][200/400] lr: 5.00e-05 | MSE loss: 5.5155e-03 | time: 0.044
I 06.01/05:07:12 solver.py:136 ] Epoch: [398/400][220/400] lr: 5.00e-05 | MSE loss: 5.4937e-03 | time: 0.044
I 06.01/05:07:13 solver.py:136 ] Epoch: [398/400][240/400] lr: 5.00e-05 | MSE loss: 5.4966e-03 | time: 0.044
I 06.01/05:07:13 solver.py:136 ] Epoch: [398/400][260/400] lr: 5.00e-05 | MSE loss: 5.4928e-03 | time: 0.044
I 06.01/05:07:14 solver.py:136 ] Epoch: [398/400][280/400] lr: 5.00e-05 | MSE loss: 5.4799e-03 | time: 0.043
I 06.01/05:07:15 solver.py:136 ] Epoch: [398/400][300/400] lr: 5.00e-05 | MSE loss: 5.4848e-03 | time: 0.042
I 06.01/05:07:15 solver.py:136 ] Epoch: [398/400][320/400] lr: 5.00e-05 | MSE loss: 5.4894e-03 | time: 0.040
I 06.01/05:07:16 solver.py:136 ] Epoch: [398/400][340/400] lr: 5.00e-05 | MSE loss: 5.4817e-03 | time: 0.040
I 06.01/05:07:16 solver.py:136 ] Epoch: [398/400][360/400] lr: 5.00e-05 | MSE loss: 5.5008e-03 | time: 0.039
I 06.01/05:07:17 solver.py:136 ] Epoch: [398/400][380/400] lr: 5.00e-05 | MSE loss: 5.5044e-03 | time: 0.039
I 06.01/05:07:18 solver.py:136 ] Epoch: [398/400][400/400] lr: 5.00e-05 | MSE loss: 5.5161e-03 | time: 0.040
I 06.01/05:07:18 solver.py:146 ] => Train  Loss: 5.5161e-03

I 06.01/05:07:19 solver.py:205 ] 
=! Best NMSE: -1.9446e+01 (epoch=390)

I 06.01/05:07:21 solver.py:136 ] Epoch: [399/400][20/400] lr: 5.00e-05 | MSE loss: 5.1842e-03 | time: 0.052
I 06.01/05:07:21 solver.py:136 ] Epoch: [399/400][40/400] lr: 5.00e-05 | MSE loss: 5.2567e-03 | time: 0.049
I 06.01/05:07:22 solver.py:136 ] Epoch: [399/400][60/400] lr: 5.00e-05 | MSE loss: 5.4020e-03 | time: 0.046
I 06.01/05:07:23 solver.py:136 ] Epoch: [399/400][80/400] lr: 5.00e-05 | MSE loss: 5.3461e-03 | time: 0.045
I 06.01/05:07:24 solver.py:136 ] Epoch: [399/400][100/400] lr: 5.00e-05 | MSE loss: 5.3877e-03 | time: 0.044
I 06.01/05:07:25 solver.py:136 ] Epoch: [399/400][120/400] lr: 5.00e-05 | MSE loss: 5.4316e-03 | time: 0.045
I 06.01/05:07:26 solver.py:136 ] Epoch: [399/400][140/400] lr: 5.00e-05 | MSE loss: 5.4351e-03 | time: 0.045
I 06.01/05:07:27 solver.py:136 ] Epoch: [399/400][160/400] lr: 5.00e-05 | MSE loss: 5.4674e-03 | time: 0.045
I 06.01/05:07:28 solver.py:136 ] Epoch: [399/400][180/400] lr: 5.00e-05 | MSE loss: 5.4896e-03 | time: 0.045
I 06.01/05:07:29 solver.py:136 ] Epoch: [399/400][200/400] lr: 5.00e-05 | MSE loss: 5.4899e-03 | time: 0.045
I 06.01/05:07:29 solver.py:136 ] Epoch: [399/400][220/400] lr: 5.00e-05 | MSE loss: 5.4731e-03 | time: 0.045
I 06.01/05:07:30 solver.py:136 ] Epoch: [399/400][240/400] lr: 5.00e-05 | MSE loss: 5.4702e-03 | time: 0.044
I 06.01/05:07:31 solver.py:136 ] Epoch: [399/400][260/400] lr: 5.00e-05 | MSE loss: 5.4732e-03 | time: 0.044
I 06.01/05:07:32 solver.py:136 ] Epoch: [399/400][280/400] lr: 5.00e-05 | MSE loss: 5.4943e-03 | time: 0.044
I 06.01/05:07:33 solver.py:136 ] Epoch: [399/400][300/400] lr: 5.00e-05 | MSE loss: 5.5327e-03 | time: 0.044
I 06.01/05:07:33 solver.py:136 ] Epoch: [399/400][320/400] lr: 5.00e-05 | MSE loss: 5.5178e-03 | time: 0.044
I 06.01/05:07:34 solver.py:136 ] Epoch: [399/400][340/400] lr: 5.00e-05 | MSE loss: 5.5157e-03 | time: 0.044
I 06.01/05:07:35 solver.py:136 ] Epoch: [399/400][360/400] lr: 5.00e-05 | MSE loss: 5.5203e-03 | time: 0.043
I 06.01/05:07:36 solver.py:136 ] Epoch: [399/400][380/400] lr: 5.00e-05 | MSE loss: 5.5273e-03 | time: 0.042
I 06.01/05:07:36 solver.py:136 ] Epoch: [399/400][400/400] lr: 5.00e-05 | MSE loss: 5.5147e-03 | time: 0.042
I 06.01/05:07:36 solver.py:146 ] => Train  Loss: 5.5147e-03

I 06.01/05:07:38 solver.py:205 ] 
=! Best NMSE: -1.9446e+01 (epoch=390)

I 06.01/05:07:39 solver.py:136 ] Epoch: [400/400][20/400] lr: 5.00e-05 | MSE loss: 5.5051e-03 | time: 0.037
I 06.01/05:07:40 solver.py:136 ] Epoch: [400/400][40/400] lr: 5.00e-05 | MSE loss: 5.3919e-03 | time: 0.039
I 06.01/05:07:40 solver.py:136 ] Epoch: [400/400][60/400] lr: 5.00e-05 | MSE loss: 5.4434e-03 | time: 0.038
I 06.01/05:07:41 solver.py:136 ] Epoch: [400/400][80/400] lr: 5.00e-05 | MSE loss: 5.4593e-03 | time: 0.040
I 06.01/05:07:42 solver.py:136 ] Epoch: [400/400][100/400] lr: 5.00e-05 | MSE loss: 5.4133e-03 | time: 0.042
I 06.01/05:07:43 solver.py:136 ] Epoch: [400/400][120/400] lr: 5.00e-05 | MSE loss: 5.4595e-03 | time: 0.043
I 06.01/05:07:44 solver.py:136 ] Epoch: [400/400][140/400] lr: 5.00e-05 | MSE loss: 5.4773e-03 | time: 0.043
I 06.01/05:07:45 solver.py:136 ] Epoch: [400/400][160/400] lr: 5.00e-05 | MSE loss: 5.4933e-03 | time: 0.043
I 06.01/05:07:46 solver.py:136 ] Epoch: [400/400][180/400] lr: 5.00e-05 | MSE loss: 5.4958e-03 | time: 0.043
I 06.01/05:07:47 solver.py:136 ] Epoch: [400/400][200/400] lr: 5.00e-05 | MSE loss: 5.4588e-03 | time: 0.044
I 06.01/05:07:48 solver.py:136 ] Epoch: [400/400][220/400] lr: 5.00e-05 | MSE loss: 5.4975e-03 | time: 0.043
I 06.01/05:07:48 solver.py:136 ] Epoch: [400/400][240/400] lr: 5.00e-05 | MSE loss: 5.4963e-03 | time: 0.043
I 06.01/05:07:49 solver.py:136 ] Epoch: [400/400][260/400] lr: 5.00e-05 | MSE loss: 5.5333e-03 | time: 0.043
I 06.01/05:07:50 solver.py:136 ] Epoch: [400/400][280/400] lr: 5.00e-05 | MSE loss: 5.5332e-03 | time: 0.043
I 06.01/05:07:51 solver.py:136 ] Epoch: [400/400][300/400] lr: 5.00e-05 | MSE loss: 5.5154e-03 | time: 0.043
I 06.01/05:07:52 solver.py:136 ] Epoch: [400/400][320/400] lr: 5.00e-05 | MSE loss: 5.5174e-03 | time: 0.042
I 06.01/05:07:52 solver.py:136 ] Epoch: [400/400][340/400] lr: 5.00e-05 | MSE loss: 5.5277e-03 | time: 0.042
I 06.01/05:07:53 solver.py:136 ] Epoch: [400/400][360/400] lr: 5.00e-05 | MSE loss: 5.5240e-03 | time: 0.042
I 06.01/05:07:54 solver.py:136 ] Epoch: [400/400][380/400] lr: 5.00e-05 | MSE loss: 5.5219e-03 | time: 0.041
I 06.01/05:07:55 solver.py:136 ] Epoch: [400/400][400/400] lr: 5.00e-05 | MSE loss: 5.5132e-03 | time: 0.041
I 06.01/05:07:55 solver.py:146 ] => Train  Loss: 5.5132e-03

I 06.01/05:07:55 solver.py:136 ] Epoch: [400/400][20/50] lr: 5.00e-05 | MSE loss: 6.1082e-03 | time: 0.021
I 06.01/05:07:56 solver.py:136 ] Epoch: [400/400][40/50] lr: 5.00e-05 | MSE loss: 5.8379e-03 | time: 0.022
I 06.01/05:07:56 solver.py:146 ] => Val  Loss: 5.7848e-03

I 06.01/05:07:56 solver.py:287 ] [20/50] loss: 5.8585e-03 | NMSE: -1.9407e+01 | time: 0.028
I 06.01/05:07:57 solver.py:287 ] [40/50] loss: 5.8061e-03 | NMSE: -1.9416e+01 | time: 0.030
I 06.01/05:07:57 solver.py:291 ] => Test NMSE: -1.9457e+01

I 06.01/05:08:02 solver.py:205 ] 
=! Best NMSE: -1.9457e+01 (epoch=400)

I 06.01/05:08:31 solver.py:228 ] => Saved encoder outputs (80000, 2048) to /storage/hujiacong/zxd/Huawei/UniversalCSI/exps/seed42/WAIRD/cnn_transnet/base/codewords/train_code.pt
I 06.01/05:08:32 solver.py:287 ] [20/50] loss: 5.8585e-03 | NMSE: -1.9407e+01 | time: 0.040
I 06.01/05:08:33 solver.py:287 ] [40/50] loss: 5.8061e-03 | NMSE: -1.9416e+01 | time: 0.035
I 06.01/05:08:33 solver.py:291 ] => Test NMSE: -1.9457e+01

I 06.01/05:08:33 solver.py:260 ] 
=> Test result: 
loss: 5.7496e-03    NMSE: -1.9457e+01

I 06.01/05:08:33 main.py:114 ] 
=! Final test loss: 5.7496e-03
         test NMSE: -1.9457e+01

