I 07.11/03:47:51 logger.py:152 ] => Experiment directory: adapter/exps/exp7/05_enc_target_l2_rs0p35_rec700
I 07.11/03:47:51 logger.py:71  ] => Runtime Context:
I 07.11/03:47:51 logger.py:72  ]    cwd: /storage/hujiacong/zxd/Huawei/UniversalCSI
I 07.11/03:47:51 logger.py:73  ]    pid: 1284189
I 07.11/03:47:51 logger.py:74  ]    command: adapter/train_multi_adapter.py --config_dir adapter/configs/exp7/7 --start_gap_seconds 2 --torch_num_threads 2
I 07.11/03:47:51 logger.py:75  ]    python: 3.11.14 (main, Oct 21 2025, 18:31:21) [GCC 11.2.0]
I 07.11/03:47:51 logger.py:76  ]    pytorch: 2.5.1
I 07.11/03:47:51 logger.py:77  ]    cuda_available: True
I 07.11/03:47:51 logger.py:79  ]    cuda_version: 12.1
I 07.11/03:47:51 logger.py:81  ]    CUDA_VISIBLE_DEVICES: 7
I 07.11/03:47:51 logger.py:91  ]    current_device: not initialized yet
I 07.11/03:47:51 logger.py:63  ] => Arguments:
{
  "adaptive_gate_hidden": 128,
  "align_ridge": 0.0,
  "batch_size": 1024,
  "channel": 2,
  "code_loss_type": "mse",
  "cpu": false,
  "cr": 4,
  "d_model": 64,
  "decoder": "transnet",
  "decoder_args_json": "exps/COST2100/in/base/seed1024/transnet_transnet/args.json",
  "decoder_checkpoint": "exps/COST2100/in/base/seed1024/transnet_transnet/checkpoints/best_nmse.pth",
  "decoder_num_blocks": 2,
  "dim_feedforward": 2048,
  "dropout": 0.0,
  "encoder": "transnet",
  "encoder_args_json": "exps/COST2100/in/base/seed1024/transnet_transnet/args.json",
  "encoder_checkpoint": "exps/COST2100/in/base/seed1024/transnet_transnet/checkpoints/best_nmse.pth",
  "encoder_consistency_target": "target",
  "epochs": 400,
  "eta_min": 0.0001,
  "eval_every": 10,
  "exp_arch": "transnet",
  "exp_dir": "adapter/exps/exp7/05_enc_target_l2_rs0p35_rec700",
  "exp_name": "code1.0_rec700.0_lr0.0005_ep400_block_norm_ridge0.0_ta1_rs0.35_h512_enc2.0_target",
  "exp_seed": "seed1014",
  "export_codewords": true,
  "final_gate_init": 1.0,
  "final_gate_max": 1.5,
  "gate_l1": 0.0,
  "gate_max": 1.0,
  "gate_mode": "block",
  "gpu": 7,
  "hidden": 16,
  "hidden_dim": 512,
  "lambda_code": 1.0,
  "lambda_encoder_consistency": 2.0,
  "lambda_feature": 0.0,
  "lambda_recon": 700.0,
  "learnable_residual_gate": false,
  "lowrank_rank": 64,
  "lr": 0.0005,
  "mapper_type": "affine_residual_mlp",
  "max_eval_samples": 0,
  "max_train_samples": 0,
  "nc": 32,
  "no_block_norm": false,
  "nt": 32,
  "num_blocks": 4,
  "residual_scale": 0.35,
  "scheduler": "cosine",
  "seed": 1024,
  "source_decoder": "transnet",
  "source_encoder": "transnet",
  "source_exp": "exps/COST2100/in/base/seed1014/transnet_transnet",
  "source_seed": 1014,
  "source_test_code": null,
  "source_train_code": null,
  "source_val_code": null,
  "std_weight_eps": 1e-06,
  "std_weight_max": 4.0,
  "std_weight_min": 0.25,
  "target_decoder": "transnet",
  "target_decoder_exp": "exps/COST2100/in/base/seed1024/transnet_transnet",
  "target_encoder": "transnet",
  "target_exp": "exps/COST2100/in/base/seed1024/transnet_transnet",
  "target_seed": 1024,
  "target_test_code": null,
  "target_train_code": null,
  "target_val_code": null,
  "test_csi": "/storage/hujiacong/zxd/datasets/cost2100/in_test.pt",
  "train_affine": true,
  "train_csi": "/storage/hujiacong/zxd/datasets/cost2100/in_train.pt",
  "use_final_norm": false,
  "val_csi": "/storage/hujiacong/zxd/datasets/cost2100/in_val.pt",
  "weight_decay": 0.0001,
  "workers": 0
}
I 07.11/03:47:51 train_adapter.py:640 ] => Device: cuda
I 07.11/03:47:52 train_adapter.py:646 ] => Loaded frozen target encoder for consistency loss: lambda=2.0 target=target
I 07.11/03:47:52 train_adapter.py:664 ] => train dataset: source=(100000, 512) target=(100000, 512) csi=(100000, 2, 32, 32) n=100000
I 07.11/03:47:52 train_adapter.py:664 ] => val dataset: source=(30000, 512) target=(30000, 512) csi=(30000, 2, 32, 32) n=30000
I 07.11/03:47:53 train_adapter.py:664 ] => test dataset: source=(20000, 512) target=(20000, 512) csi=(20000, 2, 32, 32) n=20000
I 07.11/03:47:54 logger.py:146 ] 
name                                                              grad          shape   numel
----                                                              ----          -----   -----
alignment_weight                                                  True     (512, 512) 262,144
alignment_bias                                                    True         (512,)     512
blocks.0.norm.weight                                              True         (512,)     512
blocks.0.norm.bias                                                True         (512,)     512
blocks.0.net.0.weight                                             True     (512, 512) 262,144
blocks.0.net.0.bias                                               True         (512,)     512
blocks.0.net.3.weight                                             True     (512, 512) 262,144
blocks.0.net.3.bias                                               True         (512,)     512
blocks.1.norm.weight                                              True         (512,)     512
blocks.1.norm.bias                                                True         (512,)     512
blocks.1.net.0.weight                                             True     (512, 512) 262,144
blocks.1.net.0.bias                                               True         (512,)     512
blocks.1.net.3.weight                                             True     (512, 512) 262,144
blocks.1.net.3.bias                                               True         (512,)     512
blocks.2.norm.weight                                              True         (512,)     512
blocks.2.norm.bias                                                True         (512,)     512
blocks.2.net.0.weight                                             True     (512, 512) 262,144
blocks.2.net.0.bias                                               True         (512,)     512
blocks.2.net.3.weight                                             True     (512, 512) 262,144
blocks.2.net.3.bias                                               True         (512,)     512
blocks.3.norm.weight                                              True         (512,)     512
blocks.3.norm.bias                                                True         (512,)     512
blocks.3.net.0.weight                                             True     (512, 512) 262,144
blocks.3.net.0.bias                                               True         (512,)     512
blocks.3.net.3.weight                                             True     (512, 512) 262,144
blocks.3.net.3.bias                                               True         (512,)     512
**********
total=2,368,000, trainable=2,368,000, frozen=0
I 07.11/03:47:56 train_adapter.py:793 ] => Optimizer: AdamW lr=0.0005 weight_decay=0.0001 scheduler=cosine eta_min=0.0001
I 07.11/03:47:56 train_adapter.py:796 ] => Loss: type=mse lambda_code=1.0 lambda_feature=0.0 lambda_recon=700.0 lambda_encoder_consistency=2.0 encoder_consistency_target=target
I 07.11/03:48:01 train_adapter.py:916 ] Epoch [1/400] lr=1.250000e-05 train_loss=3.970604e-02 train_code_loss=1.233792e-02 train_code_mse=1.233792e-02 train_code_nmse=-16.443dB train_cos=0.989496 train_recon_mse=7.055417e-06 train_decoder_nmse=-18.061dB delta_ratio=8.418160e-03
I 07.11/03:48:07 train_adapter.py:916 ] Epoch [2/400] lr=2.500000e-05 train_loss=3.922485e-02 train_code_loss=1.232689e-02 train_code_mse=1.232689e-02 train_code_nmse=-16.447dB train_cos=0.989512 train_recon_mse=6.886934e-06 train_decoder_nmse=-18.166dB delta_ratio=1.222612e-02
I 07.11/03:48:17 train_adapter.py:916 ] Epoch [3/400] lr=3.750000e-05 train_loss=3.843696e-02 train_code_loss=1.216442e-02 train_code_mse=1.216442e-02 train_code_nmse=-16.505dB train_cos=0.989662 train_recon_mse=6.682002e-06 train_decoder_nmse=-18.297dB delta_ratio=2.080520e-02
I 07.11/03:48:30 train_adapter.py:916 ] Epoch [4/400] lr=5.000000e-05 train_loss=3.741883e-02 train_code_loss=1.191490e-02 train_code_mse=1.191490e-02 train_code_nmse=-16.595dB train_cos=0.989879 train_recon_mse=6.441342e-06 train_decoder_nmse=-18.456dB delta_ratio=3.158716e-02
I 07.11/03:48:43 train_adapter.py:916 ] Epoch [5/400] lr=6.250000e-05 train_loss=3.622020e-02 train_code_loss=1.160285e-02 train_code_mse=1.160285e-02 train_code_nmse=-16.710dB train_cos=0.990147 train_recon_mse=6.166767e-06 train_decoder_nmse=-18.645dB delta_ratio=4.284983e-02
I 07.11/03:48:55 train_adapter.py:916 ] Epoch [6/400] lr=7.500000e-05 train_loss=3.506568e-02 train_code_loss=1.129164e-02 train_code_mse=1.129164e-02 train_code_nmse=-16.828dB train_cos=0.990410 train_recon_mse=5.910162e-06 train_decoder_nmse=-18.830dB delta_ratio=5.405513e-02
I 07.11/03:49:08 train_adapter.py:916 ] Epoch [7/400] lr=8.750000e-05 train_loss=3.396398e-02 train_code_loss=1.098668e-02 train_code_mse=1.098668e-02 train_code_nmse=-16.947dB train_cos=0.990665 train_recon_mse=5.672757e-06 train_decoder_nmse=-19.008dB delta_ratio=6.099712e-02
I 07.11/03:49:21 train_adapter.py:916 ] Epoch [8/400] lr=1.000000e-04 train_loss=3.287089e-02 train_code_loss=1.067859e-02 train_code_mse=1.067859e-02 train_code_nmse=-17.071dB train_cos=0.990923 train_recon_mse=5.441363e-06 train_decoder_nmse=-19.189dB delta_ratio=6.792098e-02
I 07.11/03:49:34 train_adapter.py:916 ] Epoch [9/400] lr=1.125000e-04 train_loss=3.178514e-02 train_code_loss=1.036723e-02 train_code_mse=1.036723e-02 train_code_nmse=-17.199dB train_cos=0.991185 train_recon_mse=5.212579e-06 train_decoder_nmse=-19.375dB delta_ratio=7.659084e-02
I 07.11/03:49:50 train_adapter.py:864 ] Epoch [10/400] val code_loss=1.034838e-02 code_mse=1.034838e-02 code_nmse=-17.214dB cos=0.991241 decoder_mse=5.279882e-06 decoder_nmse=-19.324dB n=30000
I 07.11/03:49:51 train_adapter.py:864 ] Epoch [10/400] test code_loss=1.044844e-02 code_mse=1.044844e-02 code_nmse=-17.174dB cos=0.991171 decoder_mse=5.394802e-06 decoder_nmse=-19.231dB n=20000
I 07.11/03:49:51 train_adapter.py:916 ] Epoch [10/400] lr=1.250000e-04 train_loss=3.070431e-02 train_code_loss=1.005467e-02 train_code_mse=1.005467e-02 train_code_nmse=-17.332dB train_cos=0.991447 train_recon_mse=4.987493e-06 train_decoder_nmse=-19.567dB delta_ratio=8.232014e-02
I 07.11/03:50:04 train_adapter.py:916 ] Epoch [11/400] lr=1.375000e-04 train_loss=2.962882e-02 train_code_loss=9.739863e-03 train_code_mse=9.739863e-03 train_code_nmse=-17.470dB train_cos=0.991711 train_recon_mse=4.766088e-06 train_decoder_nmse=-19.764dB delta_ratio=8.967254e-02
I 07.11/03:50:16 train_adapter.py:916 ] Epoch [12/400] lr=1.500000e-04 train_loss=2.860142e-02 train_code_loss=9.437714e-03 train_code_mse=9.437714e-03 train_code_nmse=-17.607dB train_cos=0.991966 train_recon_mse=4.560400e-06 train_decoder_nmse=-19.956dB delta_ratio=9.432817e-02
I 07.11/03:50:29 train_adapter.py:916 ] Epoch [13/400] lr=1.625000e-04 train_loss=2.764187e-02 train_code_loss=9.149129e-03 train_code_mse=9.149129e-03 train_code_nmse=-17.742dB train_cos=0.992208 train_recon_mse=4.376685e-06 train_decoder_nmse=-20.134dB delta_ratio=1.011354e-01
I 07.11/03:50:42 train_adapter.py:916 ] Epoch [14/400] lr=1.750000e-04 train_loss=2.673555e-02 train_code_loss=8.878589e-03 train_code_mse=8.878589e-03 train_code_nmse=-17.872dB train_cos=0.992436 train_recon_mse=4.208275e-06 train_decoder_nmse=-20.305dB delta_ratio=1.058286e-01
I 07.11/03:50:55 train_adapter.py:916 ] Epoch [15/400] lr=1.875000e-04 train_loss=2.588394e-02 train_code_loss=8.620548e-03 train_code_mse=8.620548e-03 train_code_nmse=-18.000dB train_cos=0.992654 train_recon_mse=4.055864e-06 train_decoder_nmse=-20.465dB delta_ratio=1.082691e-01
I 07.11/03:51:08 train_adapter.py:916 ] Epoch [16/400] lr=2.000000e-04 train_loss=2.509007e-02 train_code_loss=8.377964e-03 train_code_mse=8.377964e-03 train_code_nmse=-18.124dB train_cos=0.992859 train_recon_mse=3.920664e-06 train_decoder_nmse=-20.612dB delta_ratio=1.118324e-01
I 07.11/03:51:21 train_adapter.py:916 ] Epoch [17/400] lr=2.125000e-04 train_loss=2.436085e-02 train_code_loss=8.152775e-03 train_code_mse=8.152775e-03 train_code_nmse=-18.243dB train_cos=0.993049 train_recon_mse=3.801081e-06 train_decoder_nmse=-20.747dB delta_ratio=1.165184e-01
I 07.11/03:51:34 train_adapter.py:916 ] Epoch [18/400] lr=2.250000e-04 train_loss=2.368645e-02 train_code_loss=7.942205e-03 train_code_mse=7.942205e-03 train_code_nmse=-18.356dB train_cos=0.993226 train_recon_mse=3.691861e-06 train_decoder_nmse=-20.873dB delta_ratio=1.181633e-01
I 07.11/03:51:47 train_adapter.py:916 ] Epoch [19/400] lr=2.375000e-04 train_loss=2.305996e-02 train_code_loss=7.746531e-03 train_code_mse=7.746531e-03 train_code_nmse=-18.465dB train_cos=0.993391 train_recon_mse=3.595065e-06 train_decoder_nmse=-20.989dB delta_ratio=1.223281e-01
I 07.11/03:52:02 train_adapter.py:864 ] Epoch [20/400] val code_loss=8.206802e-03 code_mse=8.206802e-03 code_nmse=-18.221dB cos=0.993074 decoder_mse=4.030597e-06 decoder_nmse=-20.496dB n=30000
I 07.11/03:52:03 train_adapter.py:864 ] Epoch [20/400] test code_loss=8.274933e-03 code_mse=8.274933e-03 code_nmse=-18.187dB cos=0.993023 decoder_mse=4.117654e-06 decoder_nmse=-20.404dB n=20000
I 07.11/03:52:03 train_adapter.py:916 ] Epoch [20/400] lr=2.500000e-04 train_loss=2.247411e-02 train_code_loss=7.564263e-03 train_code_mse=7.564263e-03 train_code_nmse=-18.568dB train_cos=0.993545 train_recon_mse=3.501757e-06 train_decoder_nmse=-21.103dB delta_ratio=1.221233e-01
I 07.11/03:52:16 train_adapter.py:916 ] Epoch [21/400] lr=2.625000e-04 train_loss=2.192079e-02 train_code_loss=7.390810e-03 train_code_mse=7.390810e-03 train_code_nmse=-18.669dB train_cos=0.993691 train_recon_mse=3.418852e-06 train_decoder_nmse=-21.207dB delta_ratio=1.260804e-01
I 07.11/03:52:29 train_adapter.py:916 ] Epoch [22/400] lr=2.750000e-04 train_loss=2.139001e-02 train_code_loss=7.225173e-03 train_code_mse=7.225173e-03 train_code_nmse=-18.767dB train_cos=0.993830 train_recon_mse=3.338093e-06 train_decoder_nmse=-21.311dB delta_ratio=1.314723e-01
I 07.11/03:52:41 train_adapter.py:916 ] Epoch [23/400] lr=2.875000e-04 train_loss=2.088274e-02 train_code_loss=7.065869e-03 train_code_mse=7.065869e-03 train_code_nmse=-18.864dB train_cos=0.993965 train_recon_mse=3.262662e-06 train_decoder_nmse=-21.410dB delta_ratio=1.305997e-01
I 07.11/03:52:54 train_adapter.py:916 ] Epoch [24/400] lr=3.000000e-04 train_loss=2.038733e-02 train_code_loss=6.911471e-03 train_code_mse=6.911471e-03 train_code_nmse=-18.960dB train_cos=0.994095 train_recon_mse=3.191301e-06 train_decoder_nmse=-21.506dB delta_ratio=1.326772e-01
I 07.11/03:53:07 train_adapter.py:916 ] Epoch [25/400] lr=3.125000e-04 train_loss=1.991114e-02 train_code_loss=6.763231e-03 train_code_mse=6.763231e-03 train_code_nmse=-19.054dB train_cos=0.994221 train_recon_mse=3.120543e-06 train_decoder_nmse=-21.604dB delta_ratio=1.356520e-01
I 07.11/03:53:20 train_adapter.py:916 ] Epoch [26/400] lr=3.250000e-04 train_loss=1.945683e-02 train_code_loss=6.619441e-03 train_code_mse=6.619441e-03 train_code_nmse=-19.148dB train_cos=0.994342 train_recon_mse=3.057564e-06 train_decoder_nmse=-21.692dB delta_ratio=1.376898e-01
I 07.11/03:53:33 train_adapter.py:916 ] Epoch [27/400] lr=3.375000e-04 train_loss=1.902446e-02 train_code_loss=6.483761e-03 train_code_mse=6.483761e-03 train_code_nmse=-19.237dB train_cos=0.994455 train_recon_mse=2.996170e-06 train_decoder_nmse=-21.780dB delta_ratio=1.399517e-01
I 07.11/03:53:46 train_adapter.py:916 ] Epoch [28/400] lr=3.500000e-04 train_loss=1.860729e-02 train_code_loss=6.353752e-03 train_code_mse=6.353752e-03 train_code_nmse=-19.325dB train_cos=0.994564 train_recon_mse=2.935146e-06 train_decoder_nmse=-21.870dB delta_ratio=1.443349e-01
I 07.11/03:53:59 train_adapter.py:916 ] Epoch [29/400] lr=3.625000e-04 train_loss=1.821332e-02 train_code_loss=6.228164e-03 train_code_mse=6.228164e-03 train_code_nmse=-19.412dB train_cos=0.994670 train_recon_mse=2.881978e-06 train_decoder_nmse=-21.949dB delta_ratio=1.453589e-01
I 07.11/03:54:14 train_adapter.py:864 ] Epoch [30/400] val code_loss=6.959283e-03 code_mse=6.959283e-03 code_nmse=-18.937dB cos=0.994151 decoder_mse=3.472236e-06 decoder_nmse=-21.144dB n=30000
I 07.11/03:54:15 train_adapter.py:864 ] Epoch [30/400] test code_loss=7.002054e-03 code_mse=7.002054e-03 code_nmse=-18.912dB cos=0.994118 decoder_mse=3.529290e-06 decoder_nmse=-21.074dB n=20000
I 07.11/03:54:16 train_adapter.py:916 ] Epoch [30/400] lr=3.750000e-04 train_loss=1.782628e-02 train_code_loss=6.106288e-03 train_code_mse=6.106288e-03 train_code_nmse=-19.498dB train_cos=0.994772 train_recon_mse=2.827453e-06 train_decoder_nmse=-22.032dB delta_ratio=1.474124e-01
I 07.11/03:54:28 train_adapter.py:916 ] Epoch [31/400] lr=3.875000e-04 train_loss=1.746856e-02 train_code_loss=5.993586e-03 train_code_mse=5.993586e-03 train_code_nmse=-19.579dB train_cos=0.994867 train_recon_mse=2.775507e-06 train_decoder_nmse=-22.112dB delta_ratio=1.529859e-01
I 07.11/03:54:41 train_adapter.py:916 ] Epoch [32/400] lr=4.000000e-04 train_loss=1.713597e-02 train_code_loss=5.887001e-03 train_code_mse=5.887001e-03 train_code_nmse=-19.657dB train_cos=0.994956 train_recon_mse=2.731138e-06 train_decoder_nmse=-22.182dB delta_ratio=1.538178e-01
I 07.11/03:54:53 train_adapter.py:916 ] Epoch [33/400] lr=4.125000e-04 train_loss=1.680196e-02 train_code_loss=5.781293e-03 train_code_mse=5.781293e-03 train_code_nmse=-19.735dB train_cos=0.995045 train_recon_mse=2.684208e-06 train_decoder_nmse=-22.258dB delta_ratio=1.572366e-01
I 07.11/03:55:06 train_adapter.py:916 ] Epoch [34/400] lr=4.250000e-04 train_loss=1.650505e-02 train_code_loss=5.686008e-03 train_code_mse=5.686008e-03 train_code_nmse=-19.808dB train_cos=0.995125 train_recon_mse=2.643243e-06 train_decoder_nmse=-22.324dB delta_ratio=1.615449e-01
I 07.11/03:55:19 train_adapter.py:916 ] Epoch [35/400] lr=4.375000e-04 train_loss=1.623446e-02 train_code_loss=5.599820e-03 train_code_mse=5.599820e-03 train_code_nmse=-19.874dB train_cos=0.995196 train_recon_mse=2.604078e-06 train_decoder_nmse=-22.389dB delta_ratio=1.620137e-01
I 07.11/03:55:32 train_adapter.py:916 ] Epoch [36/400] lr=4.500000e-04 train_loss=1.594871e-02 train_code_loss=5.507662e-03 train_code_mse=5.507662e-03 train_code_nmse=-19.946dB train_cos=0.995273 train_recon_mse=2.566124e-06 train_decoder_nmse=-22.453dB delta_ratio=1.688941e-01
I 07.11/03:55:45 train_adapter.py:916 ] Epoch [37/400] lr=4.625000e-04 train_loss=1.570254e-02 train_code_loss=5.430699e-03 train_code_mse=5.430699e-03 train_code_nmse=-20.007dB train_cos=0.995337 train_recon_mse=2.530007e-06 train_decoder_nmse=-22.515dB delta_ratio=1.708602e-01
I 07.11/03:55:58 train_adapter.py:916 ] Epoch [38/400] lr=4.750000e-04 train_loss=1.545489e-02 train_code_loss=5.350181e-03 train_code_mse=5.350181e-03 train_code_nmse=-20.072dB train_cos=0.995404 train_recon_mse=2.496823e-06 train_decoder_nmse=-22.572dB delta_ratio=1.724726e-01
I 07.11/03:56:11 train_adapter.py:916 ] Epoch [39/400] lr=4.875000e-04 train_loss=1.522311e-02 train_code_loss=5.275726e-03 train_code_mse=5.275726e-03 train_code_nmse=-20.133dB train_cos=0.995466 train_recon_mse=2.465407e-06 train_decoder_nmse=-22.627dB delta_ratio=1.806233e-01
I 07.11/03:56:26 train_adapter.py:864 ] Epoch [40/400] val code_loss=6.157732e-03 code_mse=6.157732e-03 code_nmse=-19.468dB cos=0.994835 decoder_mse=3.138046e-06 decoder_nmse=-21.584dB n=30000
I 07.11/03:56:27 train_adapter.py:864 ] Epoch [40/400] test code_loss=6.190018e-03 code_mse=6.190018e-03 code_nmse=-19.447dB cos=0.994811 decoder_mse=3.179779e-06 decoder_nmse=-21.527dB n=20000
I 07.11/03:56:28 train_adapter.py:916 ] Epoch [40/400] lr=5.000000e-04 train_loss=1.500968e-02 train_code_loss=5.206625e-03 train_code_mse=5.206625e-03 train_code_nmse=-20.190dB train_cos=0.995524 train_recon_mse=2.435654e-06 train_decoder_nmse=-22.680dB delta_ratio=1.836897e-01
I 07.11/03:56:40 train_adapter.py:916 ] Epoch [41/400] lr=4.999924e-04 train_loss=1.478882e-02 train_code_loss=5.134870e-03 train_code_mse=5.134870e-03 train_code_nmse=-20.250dB train_cos=0.995584 train_recon_mse=2.405706e-06 train_decoder_nmse=-22.733dB delta_ratio=1.917225e-01
I 07.11/03:56:53 train_adapter.py:916 ] Epoch [42/400] lr=4.999695e-04 train_loss=1.457996e-02 train_code_loss=5.066638e-03 train_code_mse=5.066638e-03 train_code_nmse=-20.309dB train_cos=0.995641 train_recon_mse=2.375979e-06 train_decoder_nmse=-22.787dB delta_ratio=1.947339e-01
I 07.11/03:57:06 train_adapter.py:916 ] Epoch [43/400] lr=4.999315e-04 train_loss=1.438228e-02 train_code_loss=5.001632e-03 train_code_mse=5.001632e-03 train_code_nmse=-20.365dB train_cos=0.995695 train_recon_mse=2.348861e-06 train_decoder_nmse=-22.837dB delta_ratio=2.017690e-01
I 07.11/03:57:19 train_adapter.py:916 ] Epoch [44/400] lr=4.998782e-04 train_loss=1.417488e-02 train_code_loss=4.934391e-03 train_code_mse=4.934391e-03 train_code_nmse=-20.423dB train_cos=0.995752 train_recon_mse=2.320014e-06 train_decoder_nmse=-22.891dB delta_ratio=2.089457e-01
I 07.11/03:57:32 train_adapter.py:916 ] Epoch [45/400] lr=4.998096e-04 train_loss=1.400175e-02 train_code_loss=4.878719e-03 train_code_mse=4.878719e-03 train_code_nmse=-20.473dB train_cos=0.995798 train_recon_mse=2.295489e-06 train_decoder_nmse=-22.937dB delta_ratio=2.162051e-01
I 07.11/03:57:45 train_adapter.py:916 ] Epoch [46/400] lr=4.997259e-04 train_loss=1.383711e-02 train_code_loss=4.823985e-03 train_code_mse=4.823985e-03 train_code_nmse=-20.522dB train_cos=0.995844 train_recon_mse=2.273026e-06 train_decoder_nmse=-22.980dB delta_ratio=2.216411e-01
I 07.11/03:57:58 train_adapter.py:916 ] Epoch [47/400] lr=4.996270e-04 train_loss=1.366660e-02 train_code_loss=4.768609e-03 train_code_mse=4.768609e-03 train_code_nmse=-20.572dB train_cos=0.995891 train_recon_mse=2.249825e-06 train_decoder_nmse=-23.024dB delta_ratio=2.327572e-01
I 07.11/03:58:11 train_adapter.py:916 ] Epoch [48/400] lr=4.995128e-04 train_loss=1.352209e-02 train_code_loss=4.722057e-03 train_code_mse=4.722057e-03 train_code_nmse=-20.614dB train_cos=0.995930 train_recon_mse=2.229428e-06 train_decoder_nmse=-23.064dB delta_ratio=2.396468e-01
I 07.11/03:58:24 train_adapter.py:916 ] Epoch [49/400] lr=4.993835e-04 train_loss=1.338875e-02 train_code_loss=4.678928e-03 train_code_mse=4.678928e-03 train_code_nmse=-20.654dB train_cos=0.995965 train_recon_mse=2.208801e-06 train_decoder_nmse=-23.104dB delta_ratio=2.442439e-01
I 07.11/03:58:39 train_adapter.py:864 ] Epoch [50/400] val code_loss=5.675497e-03 code_mse=5.675497e-03 code_nmse=-19.823dB cos=0.995254 decoder_mse=2.928996e-06 decoder_nmse=-21.883dB n=30000
I 07.11/03:58:40 train_adapter.py:864 ] Epoch [50/400] test code_loss=5.709812e-03 code_mse=5.709812e-03 code_nmse=-19.798dB cos=0.995227 decoder_mse=2.967377e-06 decoder_nmse=-21.827dB n=20000
I 07.11/03:58:40 train_adapter.py:916 ] Epoch [50/400] lr=4.992389e-04 train_loss=1.324975e-02 train_code_loss=4.631645e-03 train_code_mse=4.631645e-03 train_code_nmse=-20.698dB train_cos=0.996005 train_recon_mse=2.192059e-06 train_decoder_nmse=-23.137dB delta_ratio=2.530137e-01
I 07.11/03:58:53 train_adapter.py:916 ] Epoch [51/400] lr=4.990792e-04 train_loss=1.310889e-02 train_code_loss=4.586382e-03 train_code_mse=4.586382e-03 train_code_nmse=-20.741dB train_cos=0.996043 train_recon_mse=2.171209e-06 train_decoder_nmse=-23.179dB delta_ratio=2.602534e-01
I 07.11/03:59:06 train_adapter.py:916 ] Epoch [52/400] lr=4.989044e-04 train_loss=1.299480e-02 train_code_loss=4.549509e-03 train_code_mse=4.549509e-03 train_code_nmse=-20.776dB train_cos=0.996074 train_recon_mse=2.154165e-06 train_decoder_nmse=-23.213dB delta_ratio=2.694862e-01
I 07.11/03:59:18 train_adapter.py:916 ] Epoch [53/400] lr=4.987144e-04 train_loss=1.288139e-02 train_code_loss=4.511241e-03 train_code_mse=4.511241e-03 train_code_nmse=-20.813dB train_cos=0.996106 train_recon_mse=2.140347e-06 train_decoder_nmse=-23.241dB delta_ratio=2.748183e-01
I 07.11/03:59:31 train_adapter.py:916 ] Epoch [54/400] lr=4.985092e-04 train_loss=1.277336e-02 train_code_loss=4.475068e-03 train_code_mse=4.475068e-03 train_code_nmse=-20.848dB train_cos=0.996136 train_recon_mse=2.123171e-06 train_decoder_nmse=-23.276dB delta_ratio=2.879349e-01
I 07.11/03:59:44 train_adapter.py:916 ] Epoch [55/400] lr=4.982890e-04 train_loss=1.265501e-02 train_code_loss=4.437781e-03 train_code_mse=4.437781e-03 train_code_nmse=-20.884dB train_cos=0.996167 train_recon_mse=2.107058e-06 train_decoder_nmse=-23.309dB delta_ratio=2.962820e-01
I 07.11/03:59:57 train_adapter.py:916 ] Epoch [56/400] lr=4.980536e-04 train_loss=1.255730e-02 train_code_loss=4.406108e-03 train_code_mse=4.406108e-03 train_code_nmse=-20.915dB train_cos=0.996194 train_recon_mse=2.092822e-06 train_decoder_nmse=-23.339dB delta_ratio=2.991539e-01
I 07.11/04:00:10 train_adapter.py:916 ] Epoch [57/400] lr=4.978032e-04 train_loss=1.247102e-02 train_code_loss=4.376351e-03 train_code_mse=4.376351e-03 train_code_nmse=-20.945dB train_cos=0.996219 train_recon_mse=2.081137e-06 train_decoder_nmse=-23.363dB delta_ratio=3.053797e-01
I 07.11/04:00:23 train_adapter.py:916 ] Epoch [58/400] lr=4.975377e-04 train_loss=1.238907e-02 train_code_loss=4.348338e-03 train_code_mse=4.348338e-03 train_code_nmse=-20.972dB train_cos=0.996242 train_recon_mse=2.069289e-06 train_decoder_nmse=-23.388dB delta_ratio=3.123689e-01
I 07.11/04:00:36 train_adapter.py:916 ] Epoch [59/400] lr=4.972571e-04 train_loss=1.228749e-02 train_code_loss=4.315411e-03 train_code_mse=4.315411e-03 train_code_nmse=-21.006dB train_cos=0.996270 train_recon_mse=2.055465e-06 train_decoder_nmse=-23.417dB delta_ratio=3.208901e-01
I 07.11/04:00:51 train_adapter.py:864 ] Epoch [60/400] val code_loss=5.408919e-03 code_mse=5.408919e-03 code_nmse=-20.032dB cos=0.995482 decoder_mse=2.803112e-06 decoder_nmse=-22.074dB n=30000
I 07.11/04:00:52 train_adapter.py:864 ] Epoch [60/400] test code_loss=5.444967e-03 code_mse=5.444967e-03 code_nmse=-20.004dB cos=0.995455 decoder_mse=2.843498e-06 decoder_nmse=-22.012dB n=20000
I 07.11/04:00:53 train_adapter.py:916 ] Epoch [60/400] lr=4.969616e-04 train_loss=1.219603e-02 train_code_loss=4.287446e-03 train_code_mse=4.287446e-03 train_code_nmse=-21.034dB train_cos=0.996293 train_recon_mse=2.040783e-06 train_decoder_nmse=-23.448dB delta_ratio=3.275206e-01
I 07.11/04:01:05 train_adapter.py:916 ] Epoch [61/400] lr=4.966510e-04 train_loss=1.212189e-02 train_code_loss=4.262099e-03 train_code_mse=4.262099e-03 train_code_nmse=-21.059dB train_cos=0.996314 train_recon_mse=2.030760e-06 train_decoder_nmse=-23.469dB delta_ratio=3.335817e-01
I 07.11/04:01:18 train_adapter.py:916 ] Epoch [62/400] lr=4.963254e-04 train_loss=1.204308e-02 train_code_loss=4.237069e-03 train_code_mse=4.237069e-03 train_code_nmse=-21.085dB train_cos=0.996335 train_recon_mse=2.019088e-06 train_decoder_nmse=-23.494dB delta_ratio=3.365908e-01
I 07.11/04:01:30 train_adapter.py:916 ] Epoch [63/400] lr=4.959849e-04 train_loss=1.197543e-02 train_code_loss=4.214972e-03 train_code_mse=4.214972e-03 train_code_nmse=-21.108dB train_cos=0.996352 train_recon_mse=2.008867e-06 train_decoder_nmse=-23.516dB delta_ratio=3.411753e-01
I 07.11/04:01:43 train_adapter.py:916 ] Epoch [64/400] lr=4.956295e-04 train_loss=1.189538e-02 train_code_loss=4.187789e-03 train_code_mse=4.187789e-03 train_code_nmse=-21.136dB train_cos=0.996376 train_recon_mse=1.998585e-06 train_decoder_nmse=-23.539dB delta_ratio=3.520541e-01
I 07.11/04:01:56 train_adapter.py:916 ] Epoch [65/400] lr=4.952592e-04 train_loss=1.182431e-02 train_code_loss=4.164410e-03 train_code_mse=4.164410e-03 train_code_nmse=-21.160dB train_cos=0.996395 train_recon_mse=1.987191e-06 train_decoder_nmse=-23.563dB delta_ratio=3.555688e-01
I 07.11/04:02:09 train_adapter.py:916 ] Epoch [66/400] lr=4.948740e-04 train_loss=1.175530e-02 train_code_loss=4.143141e-03 train_code_mse=4.143141e-03 train_code_nmse=-21.182dB train_cos=0.996413 train_recon_mse=1.977714e-06 train_decoder_nmse=-23.584dB delta_ratio=3.612494e-01
I 07.11/04:02:22 train_adapter.py:916 ] Epoch [67/400] lr=4.944740e-04 train_loss=1.169243e-02 train_code_loss=4.121084e-03 train_code_mse=4.121084e-03 train_code_nmse=-21.206dB train_cos=0.996431 train_recon_mse=1.968373e-06 train_decoder_nmse=-23.605dB delta_ratio=3.664671e-01
I 07.11/04:02:35 train_adapter.py:916 ] Epoch [68/400] lr=4.940591e-04 train_loss=1.163683e-02 train_code_loss=4.102394e-03 train_code_mse=4.102394e-03 train_code_nmse=-21.225dB train_cos=0.996446 train_recon_mse=1.960353e-06 train_decoder_nmse=-23.622dB delta_ratio=3.720258e-01
I 07.11/04:02:48 train_adapter.py:916 ] Epoch [69/400] lr=4.936295e-04 train_loss=1.158083e-02 train_code_loss=4.082389e-03 train_code_mse=4.082389e-03 train_code_nmse=-21.247dB train_cos=0.996463 train_recon_mse=1.954188e-06 train_decoder_nmse=-23.636dB delta_ratio=3.728884e-01
I 07.11/04:03:03 train_adapter.py:864 ] Epoch [70/400] val code_loss=5.230761e-03 code_mse=5.230761e-03 code_nmse=-20.177dB cos=0.995638 decoder_mse=2.716182e-06 decoder_nmse=-22.211dB n=30000
I 07.11/04:03:04 train_adapter.py:864 ] Epoch [70/400] test code_loss=5.261057e-03 code_mse=5.261057e-03 code_nmse=-20.153dB cos=0.995616 decoder_mse=2.754546e-06 decoder_nmse=-22.150dB n=20000
I 07.11/04:03:05 train_adapter.py:916 ] Epoch [70/400] lr=4.931852e-04 train_loss=1.150723e-02 train_code_loss=4.060735e-03 train_code_mse=4.060735e-03 train_code_nmse=-21.270dB train_cos=0.996480 train_recon_mse=1.941895e-06 train_decoder_nmse=-23.664dB delta_ratio=3.800507e-01
I 07.11/04:03:17 train_adapter.py:916 ] Epoch [71/400] lr=4.927261e-04 train_loss=1.144693e-02 train_code_loss=4.040730e-03 train_code_mse=4.040730e-03 train_code_nmse=-21.291dB train_cos=0.996498 train_recon_mse=1.932749e-06 train_decoder_nmse=-23.684dB delta_ratio=3.816078e-01
I 07.11/04:03:30 train_adapter.py:916 ] Epoch [72/400] lr=4.922523e-04 train_loss=1.140206e-02 train_code_loss=4.026230e-03 train_code_mse=4.026230e-03 train_code_nmse=-21.307dB train_cos=0.996510 train_recon_mse=1.926970e-06 train_decoder_nmse=-23.697dB delta_ratio=3.861540e-01
I 07.11/04:03:42 train_adapter.py:916 ] Epoch [73/400] lr=4.917639e-04 train_loss=1.135630e-02 train_code_loss=4.011384e-03 train_code_mse=4.011384e-03 train_code_nmse=-21.323dB train_cos=0.996522 train_recon_mse=1.919881e-06 train_decoder_nmse=-23.713dB delta_ratio=3.952147e-01
I 07.11/04:03:55 train_adapter.py:916 ] Epoch [74/400] lr=4.912610e-04 train_loss=1.129579e-02 train_code_loss=3.990595e-03 train_code_mse=3.990595e-03 train_code_nmse=-21.345dB train_cos=0.996539 train_recon_mse=1.911325e-06 train_decoder_nmse=-23.732dB delta_ratio=3.973661e-01
I 07.11/04:04:08 train_adapter.py:916 ] Epoch [75/400] lr=4.907434e-04 train_loss=1.124377e-02 train_code_loss=3.973968e-03 train_code_mse=3.973968e-03 train_code_nmse=-21.363dB train_cos=0.996553 train_recon_mse=1.904457e-06 train_decoder_nmse=-23.748dB delta_ratio=4.017522e-01
I 07.11/04:04:21 train_adapter.py:916 ] Epoch [76/400] lr=4.902113e-04 train_loss=1.118927e-02 train_code_loss=3.956012e-03 train_code_mse=3.956012e-03 train_code_nmse=-21.383dB train_cos=0.996568 train_recon_mse=1.895721e-06 train_decoder_nmse=-23.768dB delta_ratio=4.046755e-01
I 07.11/04:04:34 train_adapter.py:916 ] Epoch [77/400] lr=4.896647e-04 train_loss=1.114920e-02 train_code_loss=3.942285e-03 train_code_mse=3.942285e-03 train_code_nmse=-21.398dB train_cos=0.996579 train_recon_mse=1.891320e-06 train_decoder_nmse=-23.778dB delta_ratio=4.050999e-01
I 07.11/04:04:47 train_adapter.py:916 ] Epoch [78/400] lr=4.891037e-04 train_loss=1.110080e-02 train_code_loss=3.926991e-03 train_code_mse=3.926991e-03 train_code_nmse=-21.415dB train_cos=0.996592 train_recon_mse=1.883102e-06 train_decoder_nmse=-23.797dB delta_ratio=4.029232e-01
I 07.11/04:05:00 train_adapter.py:916 ] Epoch [79/400] lr=4.885283e-04 train_loss=1.107758e-02 train_code_loss=3.918006e-03 train_code_mse=3.918006e-03 train_code_nmse=-21.425dB train_cos=0.996599 train_recon_mse=1.880314e-06 train_decoder_nmse=-23.804dB delta_ratio=4.112625e-01
I 07.11/04:05:15 train_adapter.py:864 ] Epoch [80/400] val code_loss=5.117131e-03 code_mse=5.117131e-03 code_nmse=-20.272dB cos=0.995738 decoder_mse=2.654520e-06 decoder_nmse=-22.310dB n=30000
I 07.11/04:05:17 train_adapter.py:864 ] Epoch [80/400] test code_loss=5.150847e-03 code_mse=5.150847e-03 code_nmse=-20.245dB cos=0.995713 decoder_mse=2.693386e-06 decoder_nmse=-22.248dB n=20000
I 07.11/04:05:17 train_adapter.py:916 ] Epoch [80/400] lr=4.879385e-04 train_loss=1.101999e-02 train_code_loss=3.899978e-03 train_code_mse=3.899978e-03 train_code_nmse=-21.445dB train_cos=0.996614 train_recon_mse=1.872468e-06 train_decoder_nmse=-23.822dB delta_ratio=4.160868e-01
I 07.11/04:05:29 train_adapter.py:916 ] Epoch [81/400] lr=4.873344e-04 train_loss=1.097405e-02 train_code_loss=3.884495e-03 train_code_mse=3.884495e-03 train_code_nmse=-21.462dB train_cos=0.996627 train_recon_mse=1.865030e-06 train_decoder_nmse=-23.839dB delta_ratio=4.167005e-01
I 07.11/04:05:42 train_adapter.py:916 ] Epoch [82/400] lr=4.867161e-04 train_loss=1.092694e-02 train_code_loss=3.868431e-03 train_code_mse=3.868431e-03 train_code_nmse=-21.480dB train_cos=0.996641 train_recon_mse=1.859116e-06 train_decoder_nmse=-23.853dB delta_ratio=4.185159e-01
I 07.11/04:05:54 train_adapter.py:916 ] Epoch [83/400] lr=4.860835e-04 train_loss=1.089160e-02 train_code_loss=3.858286e-03 train_code_mse=3.858286e-03 train_code_nmse=-21.492dB train_cos=0.996649 train_recon_mse=1.853186e-06 train_decoder_nmse=-23.867dB delta_ratio=4.231427e-01
I 07.11/04:06:07 train_adapter.py:916 ] Epoch [84/400] lr=4.854368e-04 train_loss=1.084936e-02 train_code_loss=3.843502e-03 train_code_mse=3.843502e-03 train_code_nmse=-21.508dB train_cos=0.996661 train_recon_mse=1.847533e-06 train_decoder_nmse=-23.880dB delta_ratio=4.257142e-01
I 07.11/04:06:20 train_adapter.py:916 ] Epoch [85/400] lr=4.847759e-04 train_loss=1.081748e-02 train_code_loss=3.833242e-03 train_code_mse=3.833242e-03 train_code_nmse=-21.520dB train_cos=0.996670 train_recon_mse=1.843537e-06 train_decoder_nmse=-23.889dB delta_ratio=4.327191e-01
I 07.11/04:06:33 train_adapter.py:916 ] Epoch [86/400] lr=4.841010e-04 train_loss=1.077378e-02 train_code_loss=3.818354e-03 train_code_mse=3.818354e-03 train_code_nmse=-21.537dB train_cos=0.996682 train_recon_mse=1.836517e-06 train_decoder_nmse=-23.906dB delta_ratio=4.323464e-01
I 07.11/04:06:46 train_adapter.py:916 ] Epoch [87/400] lr=4.834120e-04 train_loss=1.074073e-02 train_code_loss=3.809320e-03 train_code_mse=3.809320e-03 train_code_nmse=-21.547dB train_cos=0.996689 train_recon_mse=1.830513e-06 train_decoder_nmse=-23.920dB delta_ratio=4.325868e-01
I 07.11/04:06:59 train_adapter.py:916 ] Epoch [88/400] lr=4.827091e-04 train_loss=1.069603e-02 train_code_loss=3.792523e-03 train_code_mse=3.792523e-03 train_code_nmse=-21.566dB train_cos=0.996704 train_recon_mse=1.825954e-06 train_decoder_nmse=-23.931dB delta_ratio=4.336793e-01
I 07.11/04:07:12 train_adapter.py:916 ] Epoch [89/400] lr=4.819923e-04 train_loss=1.065947e-02 train_code_loss=3.780523e-03 train_code_mse=3.780523e-03 train_code_nmse=-21.580dB train_cos=0.996714 train_recon_mse=1.819803e-06 train_decoder_nmse=-23.946dB delta_ratio=4.415036e-01
I 07.11/04:07:27 train_adapter.py:864 ] Epoch [90/400] val code_loss=5.011614e-03 code_mse=5.011614e-03 code_nmse=-20.363dB cos=0.995834 decoder_mse=2.604817e-06 decoder_nmse=-22.392dB n=30000
I 07.11/04:07:28 train_adapter.py:864 ] Epoch [90/400] test code_loss=5.041992e-03 code_mse=5.041992e-03 code_nmse=-20.338dB cos=0.995810 decoder_mse=2.638408e-06 decoder_nmse=-22.337dB n=20000
I 07.11/04:07:29 train_adapter.py:916 ] Epoch [90/400] lr=4.812616e-04 train_loss=1.062370e-02 train_code_loss=3.769034e-03 train_code_mse=3.769034e-03 train_code_nmse=-21.593dB train_cos=0.996723 train_recon_mse=1.815172e-06 train_decoder_nmse=-23.957dB delta_ratio=4.437383e-01
I 07.11/04:07:41 train_adapter.py:916 ] Epoch [91/400] lr=4.805171e-04 train_loss=1.060473e-02 train_code_loss=3.762384e-03 train_code_mse=3.762384e-03 train_code_nmse=-21.601dB train_cos=0.996728 train_recon_mse=1.813263e-06 train_decoder_nmse=-23.961dB delta_ratio=4.447758e-01
I 07.11/04:07:54 train_adapter.py:916 ] Epoch [92/400] lr=4.797588e-04 train_loss=1.056150e-02 train_code_loss=3.748056e-03 train_code_mse=3.748056e-03 train_code_nmse=-21.618dB train_cos=0.996741 train_recon_mse=1.805796e-06 train_decoder_nmse=-23.979dB delta_ratio=4.476659e-01
I 07.11/04:08:06 train_adapter.py:916 ] Epoch [93/400] lr=4.789869e-04 train_loss=1.053777e-02 train_code_loss=3.740573e-03 train_code_mse=3.740573e-03 train_code_nmse=-21.626dB train_cos=0.996747 train_recon_mse=1.802670e-06 train_decoder_nmse=-23.987dB delta_ratio=4.511636e-01
I 07.11/04:08:19 train_adapter.py:916 ] Epoch [94/400] lr=4.782013e-04 train_loss=1.049334e-02 train_code_loss=3.724620e-03 train_code_mse=3.724620e-03 train_code_nmse=-21.645dB train_cos=0.996760 train_recon_mse=1.797267e-06 train_decoder_nmse=-24.000dB delta_ratio=4.494558e-01
I 07.11/04:08:31 train_adapter.py:916 ] Epoch [95/400] lr=4.774022e-04 train_loss=1.047264e-02 train_code_loss=3.719213e-03 train_code_mse=3.719213e-03 train_code_nmse=-21.651dB train_cos=0.996765 train_recon_mse=1.794276e-06 train_decoder_nmse=-24.007dB delta_ratio=4.493067e-01
I 07.11/04:08:44 train_adapter.py:916 ] Epoch [96/400] lr=4.765895e-04 train_loss=1.044162e-02 train_code_loss=3.708829e-03 train_code_mse=3.708829e-03 train_code_nmse=-21.663dB train_cos=0.996773 train_recon_mse=1.788456e-06 train_decoder_nmse=-24.021dB delta_ratio=4.480007e-01
I 07.11/04:08:57 train_adapter.py:916 ] Epoch [97/400] lr=4.757634e-04 train_loss=1.041034e-02 train_code_loss=3.698016e-03 train_code_mse=3.698016e-03 train_code_nmse=-21.676dB train_cos=0.996783 train_recon_mse=1.785162e-06 train_decoder_nmse=-24.029dB delta_ratio=4.576192e-01
I 07.11/04:09:10 train_adapter.py:916 ] Epoch [98/400] lr=4.749239e-04 train_loss=1.037058e-02 train_code_loss=3.684581e-03 train_code_mse=3.684581e-03 train_code_nmse=-21.692dB train_cos=0.996794 train_recon_mse=1.779244e-06 train_decoder_nmse=-24.043dB delta_ratio=4.559356e-01
I 07.11/04:09:23 train_adapter.py:916 ] Epoch [99/400] lr=4.740711e-04 train_loss=1.035491e-02 train_code_loss=3.679720e-03 train_code_mse=3.679720e-03 train_code_nmse=-21.698dB train_cos=0.996798 train_recon_mse=1.776882e-06 train_decoder_nmse=-24.049dB delta_ratio=4.625133e-01
I 07.11/04:09:38 train_adapter.py:864 ] Epoch [100/400] val code_loss=4.952802e-03 code_mse=4.952802e-03 code_nmse=-20.414dB cos=0.995888 decoder_mse=2.575536e-06 decoder_nmse=-22.442dB n=30000
I 07.11/04:09:40 train_adapter.py:864 ] Epoch [100/400] test code_loss=4.980641e-03 code_mse=4.980641e-03 code_nmse=-20.391dB cos=0.995866 decoder_mse=2.609235e-06 decoder_nmse=-22.386dB n=20000
I 07.11/04:09:40 train_adapter.py:916 ] Epoch [100/400] lr=4.732051e-04 train_loss=1.032592e-02 train_code_loss=3.670293e-03 train_code_mse=3.670293e-03 train_code_nmse=-21.709dB train_cos=0.996806 train_recon_mse=1.773510e-06 train_decoder_nmse=-24.057dB delta_ratio=4.627308e-01
I 07.11/04:09:53 train_adapter.py:916 ] Epoch [101/400] lr=4.723258e-04 train_loss=1.029163e-02 train_code_loss=3.658816e-03 train_code_mse=3.658816e-03 train_code_nmse=-21.722dB train_cos=0.996815 train_recon_mse=1.768719e-06 train_decoder_nmse=-24.069dB delta_ratio=4.654356e-01
I 07.11/04:10:05 train_adapter.py:916 ] Epoch [102/400] lr=4.714335e-04 train_loss=1.027031e-02 train_code_loss=3.651001e-03 train_code_mse=3.651001e-03 train_code_nmse=-21.732dB train_cos=0.996822 train_recon_mse=1.765909e-06 train_decoder_nmse=-24.076dB delta_ratio=4.678001e-01
I 07.11/04:10:18 train_adapter.py:916 ] Epoch [103/400] lr=4.705280e-04 train_loss=1.024514e-02 train_code_loss=3.643277e-03 train_code_mse=3.643277e-03 train_code_nmse=-21.741dB train_cos=0.996828 train_recon_mse=1.762444e-06 train_decoder_nmse=-24.085dB delta_ratio=4.707112e-01
I 07.11/04:10:30 train_adapter.py:916 ] Epoch [104/400] lr=4.696096e-04 train_loss=1.021218e-02 train_code_loss=3.632301e-03 train_code_mse=3.632301e-03 train_code_nmse=-21.754dB train_cos=0.996838 train_recon_mse=1.757082e-06 train_decoder_nmse=-24.098dB delta_ratio=4.695520e-01
I 07.11/04:10:43 train_adapter.py:916 ] Epoch [105/400] lr=4.686783e-04 train_loss=1.019182e-02 train_code_loss=3.625202e-03 train_code_mse=3.625202e-03 train_code_nmse=-21.762dB train_cos=0.996844 train_recon_mse=1.754305e-06 train_decoder_nmse=-24.105dB delta_ratio=4.725762e-01
I 07.11/04:10:56 train_adapter.py:916 ] Epoch [106/400] lr=4.677341e-04 train_loss=1.015778e-02 train_code_loss=3.614715e-03 train_code_mse=3.614715e-03 train_code_nmse=-21.775dB train_cos=0.996852 train_recon_mse=1.749495e-06 train_decoder_nmse=-24.117dB delta_ratio=4.674501e-01
I 07.11/04:11:09 train_adapter.py:916 ] Epoch [107/400] lr=4.667772e-04 train_loss=1.013951e-02 train_code_loss=3.608803e-03 train_code_mse=3.608803e-03 train_code_nmse=-21.782dB train_cos=0.996857 train_recon_mse=1.746784e-06 train_decoder_nmse=-24.123dB delta_ratio=4.720394e-01
I 07.11/04:11:22 train_adapter.py:916 ] Epoch [108/400] lr=4.658075e-04 train_loss=1.011989e-02 train_code_loss=3.601694e-03 train_code_mse=3.601694e-03 train_code_nmse=-21.791dB train_cos=0.996863 train_recon_mse=1.743980e-06 train_decoder_nmse=-24.130dB delta_ratio=4.756432e-01
I 07.11/04:11:35 train_adapter.py:916 ] Epoch [109/400] lr=4.648252e-04 train_loss=1.008601e-02 train_code_loss=3.591330e-03 train_code_mse=3.591330e-03 train_code_nmse=-21.803dB train_cos=0.996872 train_recon_mse=1.739160e-06 train_decoder_nmse=-24.142dB delta_ratio=4.803070e-01
I 07.11/04:11:50 train_adapter.py:864 ] Epoch [110/400] val code_loss=4.873543e-03 code_mse=4.873543e-03 code_nmse=-20.484dB cos=0.995958 decoder_mse=2.535947e-06 decoder_nmse=-22.509dB n=30000
I 07.11/04:11:52 train_adapter.py:864 ] Epoch [110/400] test code_loss=4.899953e-03 code_mse=4.899953e-03 code_nmse=-20.462dB cos=0.995938 decoder_mse=2.567370e-06 decoder_nmse=-22.456dB n=20000
I 07.11/04:11:52 train_adapter.py:916 ] Epoch [110/400] lr=4.638304e-04 train_loss=1.006346e-02 train_code_loss=3.581892e-03 train_code_mse=3.581892e-03 train_code_nmse=-21.815dB train_cos=0.996880 train_recon_mse=1.736561e-06 train_decoder_nmse=-24.149dB delta_ratio=4.794105e-01
I 07.11/04:12:05 train_adapter.py:916 ] Epoch [111/400] lr=4.628231e-04 train_loss=1.003265e-02 train_code_loss=3.571931e-03 train_code_mse=3.571931e-03 train_code_nmse=-21.827dB train_cos=0.996889 train_recon_mse=1.732548e-06 train_decoder_nmse=-24.159dB delta_ratio=4.790752e-01
I 07.11/04:12:18 train_adapter.py:916 ] Epoch [112/400] lr=4.618034e-04 train_loss=1.001127e-02 train_code_loss=3.566396e-03 train_code_mse=3.566396e-03 train_code_nmse=-21.833dB train_cos=0.996893 train_recon_mse=1.728038e-06 train_decoder_nmse=-24.170dB delta_ratio=4.854642e-01
I 07.11/04:12:30 train_adapter.py:916 ] Epoch [113/400] lr=4.607714e-04 train_loss=9.993073e-03 train_code_loss=3.559521e-03 train_code_mse=3.559521e-03 train_code_nmse=-21.842dB train_cos=0.996899 train_recon_mse=1.726597e-06 train_decoder_nmse=-24.174dB delta_ratio=4.859338e-01
I 07.11/04:12:43 train_adapter.py:916 ] Epoch [114/400] lr=4.597271e-04 train_loss=9.973244e-03 train_code_loss=3.553033e-03 train_code_mse=3.553033e-03 train_code_nmse=-21.850dB train_cos=0.996904 train_recon_mse=1.723323e-06 train_decoder_nmse=-24.182dB delta_ratio=4.859245e-01
I 07.11/04:12:56 train_adapter.py:916 ] Epoch [115/400] lr=4.586707e-04 train_loss=9.948168e-03 train_code_loss=3.545429e-03 train_code_mse=3.545429e-03 train_code_nmse=-21.859dB train_cos=0.996911 train_recon_mse=1.720335e-06 train_decoder_nmse=-24.190dB delta_ratio=4.861224e-01
I 07.11/04:13:09 train_adapter.py:916 ] Epoch [116/400] lr=4.576022e-04 train_loss=9.929979e-03 train_code_loss=3.537555e-03 train_code_mse=3.537555e-03 train_code_nmse=-21.869dB train_cos=0.996917 train_recon_mse=1.717569e-06 train_decoder_nmse=-24.197dB delta_ratio=4.905479e-01
I 07.11/04:13:22 train_adapter.py:916 ] Epoch [117/400] lr=4.565216e-04 train_loss=9.908803e-03 train_code_loss=3.530946e-03 train_code_mse=3.530946e-03 train_code_nmse=-21.877dB train_cos=0.996923 train_recon_mse=1.715266e-06 train_decoder_nmse=-24.203dB delta_ratio=4.904299e-01
I 07.11/04:13:35 train_adapter.py:916 ] Epoch [118/400] lr=4.554292e-04 train_loss=9.876490e-03 train_code_loss=3.520619e-03 train_code_mse=3.520619e-03 train_code_nmse=-21.890dB train_cos=0.996931 train_recon_mse=1.710502e-06 train_decoder_nmse=-24.215dB delta_ratio=4.906771e-01
I 07.11/04:13:47 train_adapter.py:916 ] Epoch [119/400] lr=4.543249e-04 train_loss=9.865521e-03 train_code_loss=3.518095e-03 train_code_mse=3.518095e-03 train_code_nmse=-21.893dB train_cos=0.996934 train_recon_mse=1.708469e-06 train_decoder_nmse=-24.220dB delta_ratio=4.909496e-01
I 07.11/04:14:02 train_adapter.py:864 ] Epoch [120/400] val code_loss=4.836299e-03 code_mse=4.836299e-03 code_nmse=-20.518dB cos=0.995990 decoder_mse=2.509914e-06 decoder_nmse=-22.554dB n=30000
I 07.11/04:14:04 train_adapter.py:864 ] Epoch [120/400] test code_loss=4.861241e-03 code_mse=4.861241e-03 code_nmse=-20.497dB cos=0.995969 decoder_mse=2.539597e-06 decoder_nmse=-22.503dB n=20000
I 07.11/04:14:04 train_adapter.py:916 ] Epoch [120/400] lr=4.532089e-04 train_loss=9.835724e-03 train_code_loss=3.508106e-03 train_code_mse=3.508106e-03 train_code_nmse=-21.905dB train_cos=0.996942 train_recon_mse=1.705285e-06 train_decoder_nmse=-24.228dB delta_ratio=4.943480e-01
I 07.11/04:14:17 train_adapter.py:916 ] Epoch [121/400] lr=4.520812e-04 train_loss=9.822514e-03 train_code_loss=3.502859e-03 train_code_mse=3.502859e-03 train_code_nmse=-21.912dB train_cos=0.996946 train_recon_mse=1.702053e-06 train_decoder_nmse=-24.236dB delta_ratio=4.928268e-01
I 07.11/04:14:30 train_adapter.py:916 ] Epoch [122/400] lr=4.509419e-04 train_loss=9.808072e-03 train_code_loss=3.498326e-03 train_code_mse=3.498326e-03 train_code_nmse=-21.917dB train_cos=0.996950 train_recon_mse=1.700442e-06 train_decoder_nmse=-24.240dB delta_ratio=5.006732e-01
I 07.11/04:14:42 train_adapter.py:916 ] Epoch [123/400] lr=4.497911e-04 train_loss=9.780989e-03 train_code_loss=3.489679e-03 train_code_mse=3.489679e-03 train_code_nmse=-21.928dB train_cos=0.996957 train_recon_mse=1.696208e-06 train_decoder_nmse=-24.251dB delta_ratio=4.938580e-01
I 07.11/04:14:55 train_adapter.py:916 ] Epoch [124/400] lr=4.486290e-04 train_loss=9.754719e-03 train_code_loss=3.479410e-03 train_code_mse=3.479410e-03 train_code_nmse=-21.941dB train_cos=0.996966 train_recon_mse=1.692768e-06 train_decoder_nmse=-24.260dB delta_ratio=4.990107e-01
I 07.11/04:15:08 train_adapter.py:916 ] Epoch [125/400] lr=4.474555e-04 train_loss=9.737561e-03 train_code_loss=3.474924e-03 train_code_mse=3.474924e-03 train_code_nmse=-21.946dB train_cos=0.996970 train_recon_mse=1.690277e-06 train_decoder_nmse=-24.266dB delta_ratio=4.967036e-01
I 07.11/04:15:21 train_adapter.py:916 ] Epoch [126/400] lr=4.462707e-04 train_loss=9.711552e-03 train_code_loss=3.466138e-03 train_code_mse=3.466138e-03 train_code_nmse=-21.957dB train_cos=0.996978 train_recon_mse=1.686688e-06 train_decoder_nmse=-24.275dB delta_ratio=4.981679e-01
I 07.11/04:15:34 train_adapter.py:916 ] Epoch [127/400] lr=4.450749e-04 train_loss=9.702492e-03 train_code_loss=3.462240e-03 train_code_mse=3.462240e-03 train_code_nmse=-21.962dB train_cos=0.996981 train_recon_mse=1.685900e-06 train_decoder_nmse=-24.278dB delta_ratio=4.978108e-01
I 07.11/04:15:47 train_adapter.py:916 ] Epoch [128/400] lr=4.438680e-04 train_loss=9.683915e-03 train_code_loss=3.456929e-03 train_code_mse=3.456929e-03 train_code_nmse=-21.969dB train_cos=0.996985 train_recon_mse=1.683090e-06 train_decoder_nmse=-24.285dB delta_ratio=4.999639e-01
I 07.11/04:15:59 train_adapter.py:916 ] Epoch [129/400] lr=4.426501e-04 train_loss=9.659012e-03 train_code_loss=3.447967e-03 train_code_mse=3.447967e-03 train_code_nmse=-21.980dB train_cos=0.996993 train_recon_mse=1.679756e-06 train_decoder_nmse=-24.293dB delta_ratio=5.047222e-01
I 07.11/04:16:15 train_adapter.py:864 ] Epoch [130/400] val code_loss=4.794173e-03 code_mse=4.794173e-03 code_nmse=-20.556dB cos=0.996032 decoder_mse=2.491113e-06 decoder_nmse=-22.586dB n=30000
I 07.11/04:16:16 train_adapter.py:864 ] Epoch [130/400] test code_loss=4.821734e-03 code_mse=4.821734e-03 code_nmse=-20.532dB cos=0.996009 decoder_mse=2.522469e-06 decoder_nmse=-22.533dB n=20000
I 07.11/04:16:16 train_adapter.py:916 ] Epoch [130/400] lr=4.414214e-04 train_loss=9.648060e-03 train_code_loss=3.444855e-03 train_code_mse=3.444855e-03 train_code_nmse=-21.984dB train_cos=0.996995 train_recon_mse=1.678797e-06 train_decoder_nmse=-24.296dB delta_ratio=5.046306e-01
I 07.11/04:16:29 train_adapter.py:916 ] Epoch [131/400] lr=4.401819e-04 train_loss=9.633400e-03 train_code_loss=3.440510e-03 train_code_mse=3.440510e-03 train_code_nmse=-21.990dB train_cos=0.996999 train_recon_mse=1.675963e-06 train_decoder_nmse=-24.303dB delta_ratio=5.009135e-01
I 07.11/04:16:42 train_adapter.py:916 ] Epoch [132/400] lr=4.389317e-04 train_loss=9.612600e-03 train_code_loss=3.431010e-03 train_code_mse=3.431010e-03 train_code_nmse=-22.002dB train_cos=0.997007 train_recon_mse=1.673932e-06 train_decoder_nmse=-24.308dB delta_ratio=5.049840e-01
I 07.11/04:16:54 train_adapter.py:916 ] Epoch [133/400] lr=4.376709e-04 train_loss=9.584636e-03 train_code_loss=3.423302e-03 train_code_mse=3.423302e-03 train_code_nmse=-22.011dB train_cos=0.997014 train_recon_mse=1.669416e-06 train_decoder_nmse=-24.320dB delta_ratio=5.078259e-01
I 07.11/04:17:07 train_adapter.py:916 ] Epoch [134/400] lr=4.363997e-04 train_loss=9.567081e-03 train_code_loss=3.416052e-03 train_code_mse=3.416052e-03 train_code_nmse=-22.020dB train_cos=0.997020 train_recon_mse=1.667370e-06 train_decoder_nmse=-24.326dB delta_ratio=5.127365e-01
I 07.11/04:17:20 train_adapter.py:916 ] Epoch [135/400] lr=4.351180e-04 train_loss=9.548788e-03 train_code_loss=3.411637e-03 train_code_mse=3.411637e-03 train_code_nmse=-22.026dB train_cos=0.997024 train_recon_mse=1.664357e-06 train_decoder_nmse=-24.333dB delta_ratio=5.136974e-01
I 07.11/04:17:33 train_adapter.py:916 ] Epoch [136/400] lr=4.338261e-04 train_loss=9.533426e-03 train_code_loss=3.404703e-03 train_code_mse=3.404703e-03 train_code_nmse=-22.035dB train_cos=0.997030 train_recon_mse=1.663296e-06 train_decoder_nmse=-24.336dB delta_ratio=5.145471e-01
I 07.11/04:17:46 train_adapter.py:916 ] Epoch [137/400] lr=4.325240e-04 train_loss=9.517336e-03 train_code_loss=3.400631e-03 train_code_mse=3.400631e-03 train_code_nmse=-22.040dB train_cos=0.997034 train_recon_mse=1.660103e-06 train_decoder_nmse=-24.344dB delta_ratio=5.126694e-01
I 07.11/04:17:59 train_adapter.py:916 ] Epoch [138/400] lr=4.312118e-04 train_loss=9.497770e-03 train_code_loss=3.394359e-03 train_code_mse=3.394359e-03 train_code_nmse=-22.048dB train_cos=0.997038 train_recon_mse=1.657580e-06 train_decoder_nmse=-24.351dB delta_ratio=5.111934e-01
I 07.11/04:18:12 train_adapter.py:916 ] Epoch [139/400] lr=4.298896e-04 train_loss=9.484283e-03 train_code_loss=3.390415e-03 train_code_mse=3.390415e-03 train_code_nmse=-22.053dB train_cos=0.997042 train_recon_mse=1.654714e-06 train_decoder_nmse=-24.359dB delta_ratio=5.117041e-01
I 07.11/04:18:27 train_adapter.py:864 ] Epoch [140/400] val code_loss=4.748225e-03 code_mse=4.748225e-03 code_nmse=-20.597dB cos=0.996072 decoder_mse=2.465074e-06 decoder_nmse=-22.632dB n=30000
I 07.11/04:18:28 train_adapter.py:864 ] Epoch [140/400] test code_loss=4.776642e-03 code_mse=4.776642e-03 code_nmse=-20.573dB cos=0.996050 decoder_mse=2.495307e-06 decoder_nmse=-22.580dB n=20000
I 07.11/04:18:28 train_adapter.py:916 ] Epoch [140/400] lr=4.285575e-04 train_loss=9.473326e-03 train_code_loss=3.387636e-03 train_code_mse=3.387636e-03 train_code_nmse=-22.057dB train_cos=0.997044 train_recon_mse=1.653360e-06 train_decoder_nmse=-24.362dB delta_ratio=5.148596e-01
I 07.11/04:18:42 train_adapter.py:916 ] Epoch [141/400] lr=4.272156e-04 train_loss=9.453585e-03 train_code_loss=3.378937e-03 train_code_mse=3.378937e-03 train_code_nmse=-22.068dB train_cos=0.997052 train_recon_mse=1.651366e-06 train_decoder_nmse=-24.367dB delta_ratio=5.136955e-01
I 07.11/04:18:54 train_adapter.py:916 ] Epoch [142/400] lr=4.258641e-04 train_loss=9.433160e-03 train_code_loss=3.373402e-03 train_code_mse=3.373402e-03 train_code_nmse=-22.075dB train_cos=0.997056 train_recon_mse=1.648104e-06 train_decoder_nmse=-24.376dB delta_ratio=5.191019e-01
I 07.11/04:19:06 train_adapter.py:916 ] Epoch [143/400] lr=4.245029e-04 train_loss=9.427204e-03 train_code_loss=3.370004e-03 train_code_mse=3.370004e-03 train_code_nmse=-22.079dB train_cos=0.997059 train_recon_mse=1.648055e-06 train_decoder_nmse=-24.376dB delta_ratio=5.162377e-01
I 07.11/04:19:18 train_adapter.py:916 ] Epoch [144/400] lr=4.231323e-04 train_loss=9.412430e-03 train_code_loss=3.365008e-03 train_code_mse=3.365008e-03 train_code_nmse=-22.086dB train_cos=0.997063 train_recon_mse=1.645667e-06 train_decoder_nmse=-24.382dB delta_ratio=5.189861e-01
I 07.11/04:19:31 train_adapter.py:916 ] Epoch [145/400] lr=4.217523e-04 train_loss=9.384106e-03 train_code_loss=3.356057e-03 train_code_mse=3.356057e-03 train_code_nmse=-22.097dB train_cos=0.997071 train_recon_mse=1.641324e-06 train_decoder_nmse=-24.394dB delta_ratio=5.146218e-01
I 07.11/04:19:44 train_adapter.py:916 ] Epoch [146/400] lr=4.203630e-04 train_loss=9.365124e-03 train_code_loss=3.349947e-03 train_code_mse=3.349947e-03 train_code_nmse=-22.105dB train_cos=0.997076 train_recon_mse=1.638546e-06 train_decoder_nmse=-24.401dB delta_ratio=5.201378e-01
I 07.11/04:19:57 train_adapter.py:916 ] Epoch [147/400] lr=4.189646e-04 train_loss=9.352842e-03 train_code_loss=3.344914e-03 train_code_mse=3.344914e-03 train_code_nmse=-22.112dB train_cos=0.997081 train_recon_mse=1.637242e-06 train_decoder_nmse=-24.405dB delta_ratio=5.259086e-01
I 07.11/04:20:10 train_adapter.py:916 ] Epoch [148/400] lr=4.175571e-04 train_loss=9.338688e-03 train_code_loss=3.341123e-03 train_code_mse=3.341123e-03 train_code_nmse=-22.117dB train_cos=0.997084 train_recon_mse=1.634981e-06 train_decoder_nmse=-24.411dB delta_ratio=5.197918e-01
I 07.11/04:20:23 train_adapter.py:916 ] Epoch [149/400] lr=4.161406e-04 train_loss=9.324956e-03 train_code_loss=3.336732e-03 train_code_mse=3.336732e-03 train_code_nmse=-22.123dB train_cos=0.997088 train_recon_mse=1.632796e-06 train_decoder_nmse=-24.417dB delta_ratio=5.229898e-01
I 07.11/04:20:38 train_adapter.py:864 ] Epoch [150/400] val code_loss=4.701587e-03 code_mse=4.701587e-03 code_nmse=-20.640dB cos=0.996115 decoder_mse=2.443527e-06 decoder_nmse=-22.670dB n=30000
I 07.11/04:20:40 train_adapter.py:864 ] Epoch [150/400] test code_loss=4.727917e-03 code_mse=4.727917e-03 code_nmse=-20.617dB cos=0.996094 decoder_mse=2.472133e-06 decoder_nmse=-22.620dB n=20000
I 07.11/04:20:40 train_adapter.py:916 ] Epoch [150/400] lr=4.147153e-04 train_loss=9.312269e-03 train_code_loss=3.331506e-03 train_code_mse=3.331506e-03 train_code_nmse=-22.129dB train_cos=0.997092 train_recon_mse=1.631528e-06 train_decoder_nmse=-24.420dB delta_ratio=5.248339e-01
I 07.11/04:20:53 train_adapter.py:916 ] Epoch [151/400] lr=4.132812e-04 train_loss=9.294475e-03 train_code_loss=3.325929e-03 train_code_mse=3.325929e-03 train_code_nmse=-22.137dB train_cos=0.997097 train_recon_mse=1.629076e-06 train_decoder_nmse=-24.426dB delta_ratio=5.208880e-01
I 07.11/04:21:05 train_adapter.py:916 ] Epoch [152/400] lr=4.118386e-04 train_loss=9.279311e-03 train_code_loss=3.320035e-03 train_code_mse=3.320035e-03 train_code_nmse=-22.144dB train_cos=0.997102 train_recon_mse=1.627089e-06 train_decoder_nmse=-24.432dB delta_ratio=5.225710e-01
I 07.11/04:21:18 train_adapter.py:916 ] Epoch [153/400] lr=4.103874e-04 train_loss=9.263068e-03 train_code_loss=3.315617e-03 train_code_mse=3.315617e-03 train_code_nmse=-22.150dB train_cos=0.997105 train_recon_mse=1.625005e-06 train_decoder_nmse=-24.437dB delta_ratio=5.289674e-01
I 07.11/04:21:30 train_adapter.py:916 ] Epoch [154/400] lr=4.089278e-04 train_loss=9.241072e-03 train_code_loss=3.307775e-03 train_code_mse=3.307775e-03 train_code_nmse=-22.160dB train_cos=0.997112 train_recon_mse=1.622109e-06 train_decoder_nmse=-24.445dB delta_ratio=5.248328e-01
I 07.11/04:21:43 train_adapter.py:916 ] Epoch [155/400] lr=4.074599e-04 train_loss=9.229708e-03 train_code_loss=3.303632e-03 train_code_mse=3.303632e-03 train_code_nmse=-22.166dB train_cos=0.997116 train_recon_mse=1.620053e-06 train_decoder_nmse=-24.451dB delta_ratio=5.268867e-01
I 07.11/04:21:56 train_adapter.py:916 ] Epoch [156/400] lr=4.059839e-04 train_loss=9.211309e-03 train_code_loss=3.297482e-03 train_code_mse=3.297482e-03 train_code_nmse=-22.174dB train_cos=0.997121 train_recon_mse=1.617566e-06 train_decoder_nmse=-24.457dB delta_ratio=5.281991e-01
I 07.11/04:22:09 train_adapter.py:916 ] Epoch [157/400] lr=4.044997e-04 train_loss=9.198433e-03 train_code_loss=3.292820e-03 train_code_mse=3.292820e-03 train_code_nmse=-22.180dB train_cos=0.997125 train_recon_mse=1.615548e-06 train_decoder_nmse=-24.463dB delta_ratio=5.304706e-01
I 07.11/04:22:22 train_adapter.py:916 ] Epoch [158/400] lr=4.030076e-04 train_loss=9.207120e-03 train_code_loss=3.295738e-03 train_code_mse=3.295738e-03 train_code_nmse=-22.176dB train_cos=0.997122 train_recon_mse=1.617887e-06 train_decoder_nmse=-24.456dB delta_ratio=5.297473e-01
I 07.11/04:22:35 train_adapter.py:916 ] Epoch [159/400] lr=4.015077e-04 train_loss=9.170059e-03 train_code_loss=3.283329e-03 train_code_mse=3.283329e-03 train_code_nmse=-22.193dB train_cos=0.997133 train_recon_mse=1.612081e-06 train_decoder_nmse=-24.472dB delta_ratio=5.316961e-01
I 07.11/04:22:50 train_adapter.py:864 ] Epoch [160/400] val code_loss=4.683417e-03 code_mse=4.683417e-03 code_nmse=-20.657dB cos=0.996132 decoder_mse=2.429411e-06 decoder_nmse=-22.695dB n=30000
I 07.11/04:22:52 train_adapter.py:864 ] Epoch [160/400] test code_loss=4.707332e-03 code_mse=4.707332e-03 code_nmse=-20.636dB cos=0.996112 decoder_mse=2.455427e-06 decoder_nmse=-22.650dB n=20000
I 07.11/04:22:52 train_adapter.py:916 ] Epoch [160/400] lr=4.000000e-04 train_loss=9.157395e-03 train_code_loss=3.279243e-03 train_code_mse=3.279243e-03 train_code_nmse=-22.198dB train_cos=0.997137 train_recon_mse=1.610410e-06 train_decoder_nmse=-24.476dB delta_ratio=5.340952e-01
I 07.11/04:23:05 train_adapter.py:916 ] Epoch [161/400] lr=3.984847e-04 train_loss=9.138636e-03 train_code_loss=3.273060e-03 train_code_mse=3.273060e-03 train_code_nmse=-22.206dB train_cos=0.997142 train_recon_mse=1.608307e-06 train_decoder_nmse=-24.482dB delta_ratio=5.293733e-01
I 07.11/04:23:17 train_adapter.py:916 ] Epoch [162/400] lr=3.969619e-04 train_loss=9.129457e-03 train_code_loss=3.269640e-03 train_code_mse=3.269640e-03 train_code_nmse=-22.211dB train_cos=0.997145 train_recon_mse=1.606443e-06 train_decoder_nmse=-24.487dB delta_ratio=5.362166e-01
I 07.11/04:23:30 train_adapter.py:916 ] Epoch [163/400] lr=3.954318e-04 train_loss=9.112702e-03 train_code_loss=3.264686e-03 train_code_mse=3.264686e-03 train_code_nmse=-22.217dB train_cos=0.997150 train_recon_mse=1.603898e-06 train_decoder_nmse=-24.494dB delta_ratio=5.343890e-01
I 07.11/04:23:43 train_adapter.py:916 ] Epoch [164/400] lr=3.938943e-04 train_loss=9.110511e-03 train_code_loss=3.263791e-03 train_code_mse=3.263791e-03 train_code_nmse=-22.219dB train_cos=0.997150 train_recon_mse=1.604773e-06 train_decoder_nmse=-24.492dB delta_ratio=5.390238e-01
I 07.11/04:23:56 train_adapter.py:916 ] Epoch [165/400] lr=3.923497e-04 train_loss=9.096443e-03 train_code_loss=3.258703e-03 train_code_mse=3.258703e-03 train_code_nmse=-22.225dB train_cos=0.997154 train_recon_mse=1.602133e-06 train_decoder_nmse=-24.499dB delta_ratio=5.329357e-01
I 07.11/04:24:09 train_adapter.py:916 ] Epoch [166/400] lr=3.907981e-04 train_loss=9.084042e-03 train_code_loss=3.255226e-03 train_code_mse=3.255226e-03 train_code_nmse=-22.230dB train_cos=0.997157 train_recon_mse=1.600376e-06 train_decoder_nmse=-24.504dB delta_ratio=5.352851e-01
I 07.11/04:24:22 train_adapter.py:916 ] Epoch [167/400] lr=3.892396e-04 train_loss=9.069024e-03 train_code_loss=3.249149e-03 train_code_mse=3.249149e-03 train_code_nmse=-22.238dB train_cos=0.997162 train_recon_mse=1.598116e-06 train_decoder_nmse=-24.510dB delta_ratio=5.373970e-01
I 07.11/04:24:34 train_adapter.py:916 ] Epoch [168/400] lr=3.876742e-04 train_loss=9.058409e-03 train_code_loss=3.245348e-03 train_code_mse=3.245348e-03 train_code_nmse=-22.243dB train_cos=0.997166 train_recon_mse=1.597596e-06 train_decoder_nmse=-24.511dB delta_ratio=5.358516e-01
I 07.11/04:24:47 train_adapter.py:916 ] Epoch [169/400] lr=3.861022e-04 train_loss=9.043409e-03 train_code_loss=3.240461e-03 train_code_mse=3.240461e-03 train_code_nmse=-22.250dB train_cos=0.997170 train_recon_mse=1.595590e-06 train_decoder_nmse=-24.517dB delta_ratio=5.327190e-01
I 07.11/04:25:03 train_adapter.py:864 ] Epoch [170/400] val code_loss=4.652725e-03 code_mse=4.652725e-03 code_nmse=-20.686dB cos=0.996160 decoder_mse=2.414815e-06 decoder_nmse=-22.721dB n=30000
I 07.11/04:25:04 train_adapter.py:864 ] Epoch [170/400] test code_loss=4.675733e-03 code_mse=4.675733e-03 code_nmse=-20.666dB cos=0.996141 decoder_mse=2.441433e-06 decoder_nmse=-22.674dB n=20000
I 07.11/04:25:04 train_adapter.py:916 ] Epoch [170/400] lr=3.845237e-04 train_loss=9.021589e-03 train_code_loss=3.232980e-03 train_code_mse=3.232980e-03 train_code_nmse=-22.260dB train_cos=0.997176 train_recon_mse=1.592081e-06 train_decoder_nmse=-24.526dB delta_ratio=5.406188e-01
I 07.11/04:25:17 train_adapter.py:916 ] Epoch [171/400] lr=3.829386e-04 train_loss=9.016416e-03 train_code_loss=3.230432e-03 train_code_mse=3.230432e-03 train_code_nmse=-22.263dB train_cos=0.997178 train_recon_mse=1.592133e-06 train_decoder_nmse=-24.526dB delta_ratio=5.389004e-01
I 07.11/04:25:30 train_adapter.py:916 ] Epoch [172/400] lr=3.813473e-04 train_loss=8.995210e-03 train_code_loss=3.223857e-03 train_code_mse=3.223857e-03 train_code_nmse=-22.272dB train_cos=0.997184 train_recon_mse=1.588923e-06 train_decoder_nmse=-24.535dB delta_ratio=5.429672e-01
I 07.11/04:25:42 train_adapter.py:916 ] Epoch [173/400] lr=3.797498e-04 train_loss=8.980564e-03 train_code_loss=3.218668e-03 train_code_mse=3.218668e-03 train_code_nmse=-22.279dB train_cos=0.997188 train_recon_mse=1.586583e-06 train_decoder_nmse=-24.541dB delta_ratio=5.402249e-01
I 07.11/04:25:55 train_adapter.py:916 ] Epoch [174/400] lr=3.781462e-04 train_loss=8.976966e-03 train_code_loss=3.218003e-03 train_code_mse=3.218003e-03 train_code_nmse=-22.280dB train_cos=0.997189 train_recon_mse=1.585854e-06 train_decoder_nmse=-24.543dB delta_ratio=5.384659e-01
I 07.11/04:26:08 train_adapter.py:916 ] Epoch [175/400] lr=3.765367e-04 train_loss=8.960090e-03 train_code_loss=3.211809e-03 train_code_mse=3.211809e-03 train_code_nmse=-22.288dB train_cos=0.997194 train_recon_mse=1.583857e-06 train_decoder_nmse=-24.549dB delta_ratio=5.411686e-01
I 07.11/04:26:21 train_adapter.py:916 ] Epoch [176/400] lr=3.749213e-04 train_loss=8.948572e-03 train_code_loss=3.209034e-03 train_code_mse=3.209034e-03 train_code_nmse=-22.292dB train_cos=0.997197 train_recon_mse=1.582474e-06 train_decoder_nmse=-24.552dB delta_ratio=5.431725e-01
I 07.11/04:26:34 train_adapter.py:916 ] Epoch [177/400] lr=3.733002e-04 train_loss=8.932369e-03 train_code_loss=3.202326e-03 train_code_mse=3.202326e-03 train_code_nmse=-22.301dB train_cos=0.997203 train_recon_mse=1.580040e-06 train_decoder_nmse=-24.559dB delta_ratio=5.407229e-01
I 07.11/04:26:47 train_adapter.py:916 ] Epoch [178/400] lr=3.716736e-04 train_loss=8.930180e-03 train_code_loss=3.202083e-03 train_code_mse=3.202083e-03 train_code_nmse=-22.301dB train_cos=0.997203 train_recon_mse=1.579931e-06 train_decoder_nmse=-24.559dB delta_ratio=5.406942e-01
I 07.11/04:27:00 train_adapter.py:916 ] Epoch [179/400] lr=3.700415e-04 train_loss=8.916800e-03 train_code_loss=3.197313e-03 train_code_mse=3.197313e-03 train_code_nmse=-22.308dB train_cos=0.997207 train_recon_mse=1.578704e-06 train_decoder_nmse=-24.563dB delta_ratio=5.460719e-01
I 07.11/04:27:15 train_adapter.py:864 ] Epoch [180/400] val code_loss=4.613521e-03 code_mse=4.613521e-03 code_nmse=-20.722dB cos=0.996195 decoder_mse=2.394500e-06 decoder_nmse=-22.758dB n=30000
I 07.11/04:27:16 train_adapter.py:864 ] Epoch [180/400] test code_loss=4.637695e-03 code_mse=4.637695e-03 code_nmse=-20.701dB cos=0.996176 decoder_mse=2.419861e-06 decoder_nmse=-22.713dB n=20000
I 07.11/04:27:17 train_adapter.py:916 ] Epoch [180/400] lr=3.684040e-04 train_loss=8.901609e-03 train_code_loss=3.192292e-03 train_code_mse=3.192292e-03 train_code_nmse=-22.315dB train_cos=0.997211 train_recon_mse=1.576119e-06 train_decoder_nmse=-24.570dB delta_ratio=5.464063e-01
I 07.11/04:27:30 train_adapter.py:916 ] Epoch [181/400] lr=3.667614e-04 train_loss=8.881920e-03 train_code_loss=3.185104e-03 train_code_mse=3.185104e-03 train_code_nmse=-22.324dB train_cos=0.997217 train_recon_mse=1.573225e-06 train_decoder_nmse=-24.578dB delta_ratio=5.470412e-01
I 07.11/04:27:42 train_adapter.py:916 ] Epoch [182/400] lr=3.651136e-04 train_loss=8.874522e-03 train_code_loss=3.182379e-03 train_code_mse=3.182379e-03 train_code_nmse=-22.328dB train_cos=0.997219 train_recon_mse=1.572622e-06 train_decoder_nmse=-24.580dB delta_ratio=5.446476e-01
I 07.11/04:27:55 train_adapter.py:916 ] Epoch [183/400] lr=3.634609e-04 train_loss=8.860657e-03 train_code_loss=3.177575e-03 train_code_mse=3.177575e-03 train_code_nmse=-22.335dB train_cos=0.997224 train_recon_mse=1.571268e-06 train_decoder_nmse=-24.583dB delta_ratio=5.414858e-01
I 07.11/04:28:07 train_adapter.py:916 ] Epoch [184/400] lr=3.618034e-04 train_loss=8.849356e-03 train_code_loss=3.174531e-03 train_code_mse=3.174531e-03 train_code_nmse=-22.339dB train_cos=0.997226 train_recon_mse=1.568769e-06 train_decoder_nmse=-24.590dB delta_ratio=5.470211e-01
I 07.11/04:28:20 train_adapter.py:916 ] Epoch [185/400] lr=3.601412e-04 train_loss=8.841679e-03 train_code_loss=3.170936e-03 train_code_mse=3.170936e-03 train_code_nmse=-22.344dB train_cos=0.997229 train_recon_mse=1.568390e-06 train_decoder_nmse=-24.591dB delta_ratio=5.507764e-01
I 07.11/04:28:33 train_adapter.py:916 ] Epoch [186/400] lr=3.584743e-04 train_loss=8.829504e-03 train_code_loss=3.167627e-03 train_code_mse=3.167627e-03 train_code_nmse=-22.348dB train_cos=0.997232 train_recon_mse=1.566505e-06 train_decoder_nmse=-24.597dB delta_ratio=5.481785e-01
I 07.11/04:28:46 train_adapter.py:916 ] Epoch [187/400] lr=3.568031e-04 train_loss=8.818925e-03 train_code_loss=3.163005e-03 train_code_mse=3.163005e-03 train_code_nmse=-22.355dB train_cos=0.997237 train_recon_mse=1.565696e-06 train_decoder_nmse=-24.599dB delta_ratio=5.521718e-01
I 07.11/04:28:59 train_adapter.py:916 ] Epoch [188/400] lr=3.551275e-04 train_loss=8.801512e-03 train_code_loss=3.157176e-03 train_code_mse=3.157176e-03 train_code_nmse=-22.363dB train_cos=0.997241 train_recon_mse=1.562987e-06 train_decoder_nmse=-24.606dB delta_ratio=5.489150e-01
I 07.11/04:29:12 train_adapter.py:916 ] Epoch [189/400] lr=3.534477e-04 train_loss=8.796939e-03 train_code_loss=3.155713e-03 train_code_mse=3.155713e-03 train_code_nmse=-22.365dB train_cos=0.997243 train_recon_mse=1.562240e-06 train_decoder_nmse=-24.608dB delta_ratio=5.541844e-01
I 07.11/04:29:27 train_adapter.py:864 ] Epoch [190/400] val code_loss=4.581180e-03 code_mse=4.581180e-03 code_nmse=-20.753dB cos=0.996226 decoder_mse=2.380913e-06 decoder_nmse=-22.783dB n=30000
I 07.11/04:29:28 train_adapter.py:864 ] Epoch [190/400] test code_loss=4.604948e-03 code_mse=4.604948e-03 code_nmse=-20.732dB cos=0.996206 decoder_mse=2.404767e-06 decoder_nmse=-22.740dB n=20000
I 07.11/04:29:29 train_adapter.py:916 ] Epoch [190/400] lr=3.517638e-04 train_loss=8.780391e-03 train_code_loss=3.149664e-03 train_code_mse=3.149664e-03 train_code_nmse=-22.373dB train_cos=0.997248 train_recon_mse=1.560056e-06 train_decoder_nmse=-24.614dB delta_ratio=5.526537e-01
I 07.11/04:29:41 train_adapter.py:916 ] Epoch [191/400] lr=3.500760e-04 train_loss=8.769012e-03 train_code_loss=3.145823e-03 train_code_mse=3.145823e-03 train_code_nmse=-22.378dB train_cos=0.997251 train_recon_mse=1.558151e-06 train_decoder_nmse=-24.620dB delta_ratio=5.551801e-01
I 07.11/04:29:54 train_adapter.py:916 ] Epoch [192/400] lr=3.483844e-04 train_loss=8.754527e-03 train_code_loss=3.141468e-03 train_code_mse=3.141468e-03 train_code_nmse=-22.384dB train_cos=0.997255 train_recon_mse=1.556536e-06 train_decoder_nmse=-24.624dB delta_ratio=5.530798e-01
I 07.11/04:30:07 train_adapter.py:916 ] Epoch [193/400] lr=3.466891e-04 train_loss=8.749226e-03 train_code_loss=3.139011e-03 train_code_mse=3.139011e-03 train_code_nmse=-22.388dB train_cos=0.997257 train_recon_mse=1.556086e-06 train_decoder_nmse=-24.625dB delta_ratio=5.516509e-01
I 07.11/04:30:19 train_adapter.py:916 ] Epoch [194/400] lr=3.449902e-04 train_loss=8.738089e-03 train_code_loss=3.135570e-03 train_code_mse=3.135570e-03 train_code_nmse=-22.393dB train_cos=0.997259 train_recon_mse=1.554569e-06 train_decoder_nmse=-24.630dB delta_ratio=5.577480e-01
I 07.11/04:30:32 train_adapter.py:916 ] Epoch [195/400] lr=3.432879e-04 train_loss=8.723474e-03 train_code_loss=3.129761e-03 train_code_mse=3.129761e-03 train_code_nmse=-22.401dB train_cos=0.997265 train_recon_mse=1.553015e-06 train_decoder_nmse=-24.634dB delta_ratio=5.566420e-01
I 07.11/04:30:45 train_adapter.py:916 ] Epoch [196/400] lr=3.415823e-04 train_loss=8.714010e-03 train_code_loss=3.127644e-03 train_code_mse=3.127644e-03 train_code_nmse=-22.404dB train_cos=0.997267 train_recon_mse=1.551051e-06 train_decoder_nmse=-24.640dB delta_ratio=5.517252e-01
I 07.11/04:30:58 train_adapter.py:916 ] Epoch [197/400] lr=3.398736e-04 train_loss=8.709591e-03 train_code_loss=3.125608e-03 train_code_mse=3.125608e-03 train_code_nmse=-22.406dB train_cos=0.997268 train_recon_mse=1.550275e-06 train_decoder_nmse=-24.642dB delta_ratio=5.626129e-01
I 07.11/04:31:11 train_adapter.py:916 ] Epoch [198/400] lr=3.381618e-04 train_loss=8.695787e-03 train_code_loss=3.120101e-03 train_code_mse=3.120101e-03 train_code_nmse=-22.414dB train_cos=0.997274 train_recon_mse=1.549061e-06 train_decoder_nmse=-24.645dB delta_ratio=5.554416e-01
I 07.11/04:31:24 train_adapter.py:916 ] Epoch [199/400] lr=3.364471e-04 train_loss=8.684117e-03 train_code_loss=3.116681e-03 train_code_mse=3.116681e-03 train_code_nmse=-22.419dB train_cos=0.997276 train_recon_mse=1.547352e-06 train_decoder_nmse=-24.650dB delta_ratio=5.546417e-01
I 07.11/04:31:39 train_adapter.py:864 ] Epoch [200/400] val code_loss=4.558518e-03 code_mse=4.558518e-03 code_nmse=-20.774dB cos=0.996245 decoder_mse=2.366307e-06 decoder_nmse=-22.809dB n=30000
I 07.11/04:31:41 train_adapter.py:864 ] Epoch [200/400] test code_loss=4.582915e-03 code_mse=4.582915e-03 code_nmse=-20.753dB cos=0.996226 decoder_mse=2.391791e-06 decoder_nmse=-22.764dB n=20000
I 07.11/04:31:41 train_adapter.py:916 ] Epoch [200/400] lr=3.347296e-04 train_loss=8.676863e-03 train_code_loss=3.114337e-03 train_code_mse=3.114337e-03 train_code_nmse=-22.422dB train_cos=0.997278 train_recon_mse=1.546174e-06 train_decoder_nmse=-24.653dB delta_ratio=5.584930e-01
I 07.11/04:31:54 train_adapter.py:916 ] Epoch [201/400] lr=3.330095e-04 train_loss=8.661393e-03 train_code_loss=3.108325e-03 train_code_mse=3.108325e-03 train_code_nmse=-22.430dB train_cos=0.997283 train_recon_mse=1.544062e-06 train_decoder_nmse=-24.659dB delta_ratio=5.595153e-01
I 07.11/04:32:07 train_adapter.py:916 ] Epoch [202/400] lr=3.312869e-04 train_loss=8.645751e-03 train_code_loss=3.103274e-03 train_code_mse=3.103274e-03 train_code_nmse=-22.438dB train_cos=0.997288 train_recon_mse=1.542443e-06 train_decoder_nmse=-24.664dB delta_ratio=5.607530e-01
I 07.11/04:32:19 train_adapter.py:916 ] Epoch [203/400] lr=3.295619e-04 train_loss=8.639198e-03 train_code_loss=3.101172e-03 train_code_mse=3.101172e-03 train_code_nmse=-22.440dB train_cos=0.997289 train_recon_mse=1.541452e-06 train_decoder_nmse=-24.667dB delta_ratio=5.585211e-01
I 07.11/04:32:32 train_adapter.py:916 ] Epoch [204/400] lr=3.278346e-04 train_loss=8.628287e-03 train_code_loss=3.097149e-03 train_code_mse=3.097149e-03 train_code_nmse=-22.446dB train_cos=0.997293 train_recon_mse=1.540159e-06 train_decoder_nmse=-24.670dB delta_ratio=5.593159e-01
I 07.11/04:32:45 train_adapter.py:916 ] Epoch [205/400] lr=3.261052e-04 train_loss=8.618615e-03 train_code_loss=3.094054e-03 train_code_mse=3.094054e-03 train_code_nmse=-22.450dB train_cos=0.997295 train_recon_mse=1.538254e-06 train_decoder_nmse=-24.676dB delta_ratio=5.584527e-01
I 07.11/04:32:58 train_adapter.py:916 ] Epoch [206/400] lr=3.243739e-04 train_loss=8.606819e-03 train_code_loss=3.089584e-03 train_code_mse=3.089584e-03 train_code_nmse=-22.457dB train_cos=0.997299 train_recon_mse=1.536680e-06 train_decoder_nmse=-24.680dB delta_ratio=5.592735e-01
I 07.11/04:33:11 train_adapter.py:916 ] Epoch [207/400] lr=3.226406e-04 train_loss=8.598027e-03 train_code_loss=3.086670e-03 train_code_mse=3.086670e-03 train_code_nmse=-22.461dB train_cos=0.997302 train_recon_mse=1.535511e-06 train_decoder_nmse=-24.683dB delta_ratio=5.633547e-01
I 07.11/04:33:24 train_adapter.py:916 ] Epoch [208/400] lr=3.209057e-04 train_loss=8.585781e-03 train_code_loss=3.081956e-03 train_code_mse=3.081956e-03 train_code_nmse=-22.467dB train_cos=0.997306 train_recon_mse=1.534443e-06 train_decoder_nmse=-24.686dB delta_ratio=5.582271e-01
I 07.11/04:33:37 train_adapter.py:916 ] Epoch [209/400] lr=3.191692e-04 train_loss=8.576768e-03 train_code_loss=3.080011e-03 train_code_mse=3.080011e-03 train_code_nmse=-22.470dB train_cos=0.997307 train_recon_mse=1.532812e-06 train_decoder_nmse=-24.691dB delta_ratio=5.595134e-01
I 07.11/04:33:52 train_adapter.py:864 ] Epoch [210/400] val code_loss=4.525790e-03 code_mse=4.525790e-03 code_nmse=-20.806dB cos=0.996277 decoder_mse=2.357088e-06 decoder_nmse=-22.826dB n=30000
I 07.11/04:33:53 train_adapter.py:864 ] Epoch [210/400] test code_loss=4.551527e-03 code_mse=4.551527e-03 code_nmse=-20.783dB cos=0.996256 decoder_mse=2.382563e-06 decoder_nmse=-22.780dB n=20000
I 07.11/04:33:53 train_adapter.py:916 ] Epoch [210/400] lr=3.174311e-04 train_loss=8.563704e-03 train_code_loss=3.074424e-03 train_code_mse=3.074424e-03 train_code_nmse=-22.478dB train_cos=0.997312 train_recon_mse=1.531238e-06 train_decoder_nmse=-24.695dB delta_ratio=5.626429e-01
I 07.11/04:34:06 train_adapter.py:916 ] Epoch [211/400] lr=3.156918e-04 train_loss=8.561538e-03 train_code_loss=3.073550e-03 train_code_mse=3.073550e-03 train_code_nmse=-22.479dB train_cos=0.997313 train_recon_mse=1.531554e-06 train_decoder_nmse=-24.695dB delta_ratio=5.642343e-01
I 07.11/04:34:19 train_adapter.py:916 ] Epoch [212/400] lr=3.139513e-04 train_loss=8.551320e-03 train_code_loss=3.070753e-03 train_code_mse=3.070753e-03 train_code_nmse=-22.483dB train_cos=0.997315 train_recon_mse=1.530280e-06 train_decoder_nmse=-24.698dB delta_ratio=5.604866e-01
I 07.11/04:34:32 train_adapter.py:916 ] Epoch [213/400] lr=3.122097e-04 train_loss=8.540615e-03 train_code_loss=3.066484e-03 train_code_mse=3.066484e-03 train_code_nmse=-22.489dB train_cos=0.997319 train_recon_mse=1.528660e-06 train_decoder_nmse=-24.703dB delta_ratio=5.614370e-01
I 07.11/04:34:44 train_adapter.py:916 ] Epoch [214/400] lr=3.104672e-04 train_loss=8.526209e-03 train_code_loss=3.061227e-03 train_code_mse=3.061227e-03 train_code_nmse=-22.497dB train_cos=0.997324 train_recon_mse=1.526443e-06 train_decoder_nmse=-24.709dB delta_ratio=5.606553e-01
I 07.11/04:34:57 train_adapter.py:916 ] Epoch [215/400] lr=3.087239e-04 train_loss=8.520213e-03 train_code_loss=3.059406e-03 train_code_mse=3.059406e-03 train_code_nmse=-22.499dB train_cos=0.997325 train_recon_mse=1.525453e-06 train_decoder_nmse=-24.712dB delta_ratio=5.652840e-01
I 07.11/04:35:10 train_adapter.py:916 ] Epoch [216/400] lr=3.069799e-04 train_loss=8.506306e-03 train_code_loss=3.053965e-03 train_code_mse=3.053965e-03 train_code_nmse=-22.507dB train_cos=0.997330 train_recon_mse=1.524109e-06 train_decoder_nmse=-24.716dB delta_ratio=5.628597e-01
I 07.11/04:35:22 train_adapter.py:916 ] Epoch [217/400] lr=3.052354e-04 train_loss=8.495463e-03 train_code_loss=3.050861e-03 train_code_mse=3.050861e-03 train_code_nmse=-22.512dB train_cos=0.997333 train_recon_mse=1.522391e-06 train_decoder_nmse=-24.721dB delta_ratio=5.635763e-01
I 07.11/04:35:35 train_adapter.py:916 ] Epoch [218/400] lr=3.034905e-04 train_loss=8.487799e-03 train_code_loss=3.048279e-03 train_code_mse=3.048279e-03 train_code_nmse=-22.515dB train_cos=0.997335 train_recon_mse=1.521275e-06 train_decoder_nmse=-24.724dB delta_ratio=5.668411e-01
I 07.11/04:35:48 train_adapter.py:916 ] Epoch [219/400] lr=3.017453e-04 train_loss=8.477128e-03 train_code_loss=3.044064e-03 train_code_mse=3.044064e-03 train_code_nmse=-22.521dB train_cos=0.997339 train_recon_mse=1.519778e-06 train_decoder_nmse=-24.728dB delta_ratio=5.617822e-01
I 07.11/04:36:03 train_adapter.py:864 ] Epoch [220/400] val code_loss=4.526139e-03 code_mse=4.526139e-03 code_nmse=-20.805dB cos=0.996278 decoder_mse=2.349656e-06 decoder_nmse=-22.840dB n=30000
I 07.11/04:36:05 train_adapter.py:864 ] Epoch [220/400] test code_loss=4.553114e-03 code_mse=4.553114e-03 code_nmse=-20.781dB cos=0.996256 decoder_mse=2.373653e-06 decoder_nmse=-22.797dB n=20000
I 07.11/04:36:05 train_adapter.py:916 ] Epoch [220/400] lr=3.000000e-04 train_loss=8.471929e-03 train_code_loss=3.042737e-03 train_code_mse=3.042737e-03 train_code_nmse=-22.523dB train_cos=0.997340 train_recon_mse=1.519475e-06 train_decoder_nmse=-24.729dB delta_ratio=5.678860e-01
I 07.11/04:36:18 train_adapter.py:916 ] Epoch [221/400] lr=2.982547e-04 train_loss=8.461759e-03 train_code_loss=3.038752e-03 train_code_mse=3.038752e-03 train_code_nmse=-22.529dB train_cos=0.997343 train_recon_mse=1.517526e-06 train_decoder_nmse=-24.734dB delta_ratio=5.609756e-01
I 07.11/04:36:31 train_adapter.py:916 ] Epoch [222/400] lr=2.965095e-04 train_loss=8.445144e-03 train_code_loss=3.033339e-03 train_code_mse=3.033339e-03 train_code_nmse=-22.537dB train_cos=0.997348 train_recon_mse=1.516024e-06 train_decoder_nmse=-24.739dB delta_ratio=5.679241e-01
I 07.11/04:36:43 train_adapter.py:916 ] Epoch [223/400] lr=2.947646e-04 train_loss=8.436985e-03 train_code_loss=3.030129e-03 train_code_mse=3.030129e-03 train_code_nmse=-22.541dB train_cos=0.997350 train_recon_mse=1.514565e-06 train_decoder_nmse=-24.743dB delta_ratio=5.654803e-01
I 07.11/04:36:56 train_adapter.py:916 ] Epoch [224/400] lr=2.930201e-04 train_loss=8.426657e-03 train_code_loss=3.025777e-03 train_code_mse=3.025777e-03 train_code_nmse=-22.547dB train_cos=0.997354 train_recon_mse=1.514049e-06 train_decoder_nmse=-24.744dB delta_ratio=5.675737e-01
I 07.11/04:37:08 train_adapter.py:916 ] Epoch [225/400] lr=2.912761e-04 train_loss=8.424138e-03 train_code_loss=3.025153e-03 train_code_mse=3.025153e-03 train_code_nmse=-22.548dB train_cos=0.997355 train_recon_mse=1.512916e-06 train_decoder_nmse=-24.748dB delta_ratio=5.686455e-01
I 07.11/04:37:21 train_adapter.py:916 ] Epoch [226/400] lr=2.895328e-04 train_loss=8.409407e-03 train_code_loss=3.020035e-03 train_code_mse=3.020035e-03 train_code_nmse=-22.556dB train_cos=0.997359 train_recon_mse=1.511034e-06 train_decoder_nmse=-24.753dB delta_ratio=5.699360e-01
I 07.11/04:37:34 train_adapter.py:916 ] Epoch [227/400] lr=2.877903e-04 train_loss=8.400974e-03 train_code_loss=3.017364e-03 train_code_mse=3.017364e-03 train_code_nmse=-22.559dB train_cos=0.997362 train_recon_mse=1.510404e-06 train_decoder_nmse=-24.755dB delta_ratio=5.700624e-01
I 07.11/04:37:47 train_adapter.py:916 ] Epoch [228/400] lr=2.860487e-04 train_loss=8.394824e-03 train_code_loss=3.015235e-03 train_code_mse=3.015235e-03 train_code_nmse=-22.563dB train_cos=0.997363 train_recon_mse=1.508865e-06 train_decoder_nmse=-24.759dB delta_ratio=5.687777e-01
I 07.11/04:38:00 train_adapter.py:916 ] Epoch [229/400] lr=2.843082e-04 train_loss=8.382300e-03 train_code_loss=3.009989e-03 train_code_mse=3.009989e-03 train_code_nmse=-22.570dB train_cos=0.997368 train_recon_mse=1.507735e-06 train_decoder_nmse=-24.763dB delta_ratio=5.676877e-01
I 07.11/04:38:15 train_adapter.py:864 ] Epoch [230/400] val code_loss=4.490910e-03 code_mse=4.490910e-03 code_nmse=-20.839dB cos=0.996309 decoder_mse=2.336134e-06 decoder_nmse=-22.865dB n=30000
I 07.11/04:38:17 train_adapter.py:864 ] Epoch [230/400] test code_loss=4.519354e-03 code_mse=4.519354e-03 code_nmse=-20.813dB cos=0.996286 decoder_mse=2.361771e-06 decoder_nmse=-22.818dB n=20000
I 07.11/04:38:17 train_adapter.py:916 ] Epoch [230/400] lr=2.825689e-04 train_loss=8.376051e-03 train_code_loss=3.008273e-03 train_code_mse=3.008273e-03 train_code_nmse=-22.573dB train_cos=0.997370 train_recon_mse=1.507382e-06 train_decoder_nmse=-24.764dB delta_ratio=5.720944e-01
I 07.11/04:38:30 train_adapter.py:916 ] Epoch [231/400] lr=2.808308e-04 train_loss=8.364067e-03 train_code_loss=3.003705e-03 train_code_mse=3.003705e-03 train_code_nmse=-22.579dB train_cos=0.997373 train_recon_mse=1.505634e-06 train_decoder_nmse=-24.769dB delta_ratio=5.736246e-01
I 07.11/04:38:42 train_adapter.py:916 ] Epoch [232/400] lr=2.790943e-04 train_loss=8.355852e-03 train_code_loss=3.002143e-03 train_code_mse=3.002143e-03 train_code_nmse=-22.581dB train_cos=0.997375 train_recon_mse=1.504055e-06 train_decoder_nmse=-24.773dB delta_ratio=5.709559e-01
I 07.11/04:38:55 train_adapter.py:916 ] Epoch [233/400] lr=2.773594e-04 train_loss=8.348664e-03 train_code_loss=2.997981e-03 train_code_mse=2.997981e-03 train_code_nmse=-22.587dB train_cos=0.997378 train_recon_mse=1.503675e-06 train_decoder_nmse=-24.774dB delta_ratio=5.731429e-01
I 07.11/04:39:07 train_adapter.py:916 ] Epoch [234/400] lr=2.756261e-04 train_loss=8.339929e-03 train_code_loss=2.995634e-03 train_code_mse=2.995634e-03 train_code_nmse=-22.591dB train_cos=0.997380 train_recon_mse=1.502825e-06 train_decoder_nmse=-24.777dB delta_ratio=5.736214e-01
I 07.11/04:39:20 train_adapter.py:916 ] Epoch [235/400] lr=2.738948e-04 train_loss=8.333098e-03 train_code_loss=2.992427e-03 train_code_mse=2.992427e-03 train_code_nmse=-22.595dB train_cos=0.997383 train_recon_mse=1.501631e-06 train_decoder_nmse=-24.780dB delta_ratio=5.711579e-01
I 07.11/04:39:33 train_adapter.py:916 ] Epoch [236/400] lr=2.721654e-04 train_loss=8.325813e-03 train_code_loss=2.991157e-03 train_code_mse=2.991157e-03 train_code_nmse=-22.597dB train_cos=0.997384 train_recon_mse=1.499975e-06 train_decoder_nmse=-24.785dB delta_ratio=5.658379e-01
I 07.11/04:39:46 train_adapter.py:916 ] Epoch [237/400] lr=2.704381e-04 train_loss=8.314858e-03 train_code_loss=2.986365e-03 train_code_mse=2.986365e-03 train_code_nmse=-22.604dB train_cos=0.997388 train_recon_mse=1.499601e-06 train_decoder_nmse=-24.786dB delta_ratio=5.727127e-01
I 07.11/04:39:59 train_adapter.py:916 ] Epoch [238/400] lr=2.687131e-04 train_loss=8.309225e-03 train_code_loss=2.985125e-03 train_code_mse=2.985125e-03 train_code_nmse=-22.606dB train_cos=0.997389 train_recon_mse=1.498453e-06 train_decoder_nmse=-24.789dB delta_ratio=5.717855e-01
I 07.11/04:40:12 train_adapter.py:916 ] Epoch [239/400] lr=2.669905e-04 train_loss=8.298476e-03 train_code_loss=2.980618e-03 train_code_mse=2.980618e-03 train_code_nmse=-22.613dB train_cos=0.997394 train_recon_mse=1.497109e-06 train_decoder_nmse=-24.793dB delta_ratio=5.725045e-01
I 07.11/04:40:27 train_adapter.py:864 ] Epoch [240/400] val code_loss=4.477414e-03 code_mse=4.477414e-03 code_nmse=-20.852dB cos=0.996326 decoder_mse=2.332239e-06 decoder_nmse=-22.872dB n=30000
I 07.11/04:40:28 train_adapter.py:864 ] Epoch [240/400] test code_loss=4.501387e-03 code_mse=4.501387e-03 code_nmse=-20.831dB cos=0.996306 decoder_mse=2.354610e-06 decoder_nmse=-22.832dB n=20000
I 07.11/04:40:28 train_adapter.py:916 ] Epoch [240/400] lr=2.652704e-04 train_loss=8.291869e-03 train_code_loss=2.978452e-03 train_code_mse=2.978452e-03 train_code_nmse=-22.616dB train_cos=0.997395 train_recon_mse=1.496489e-06 train_decoder_nmse=-24.795dB delta_ratio=5.749671e-01
I 07.11/04:40:41 train_adapter.py:916 ] Epoch [241/400] lr=2.635529e-04 train_loss=8.280264e-03 train_code_loss=2.974047e-03 train_code_mse=2.974047e-03 train_code_nmse=-22.622dB train_cos=0.997399 train_recon_mse=1.494694e-06 train_decoder_nmse=-24.800dB delta_ratio=5.689681e-01
I 07.11/04:40:54 train_adapter.py:916 ] Epoch [242/400] lr=2.618382e-04 train_loss=8.271749e-03 train_code_loss=2.971468e-03 train_code_mse=2.971468e-03 train_code_nmse=-22.626dB train_cos=0.997401 train_recon_mse=1.493885e-06 train_decoder_nmse=-24.803dB delta_ratio=5.762394e-01
I 07.11/04:41:07 train_adapter.py:916 ] Epoch [243/400] lr=2.601264e-04 train_loss=8.267219e-03 train_code_loss=2.969624e-03 train_code_mse=2.969624e-03 train_code_nmse=-22.629dB train_cos=0.997402 train_recon_mse=1.493272e-06 train_decoder_nmse=-24.804dB delta_ratio=5.721908e-01
I 07.11/04:41:19 train_adapter.py:916 ] Epoch [244/400] lr=2.584177e-04 train_loss=8.251160e-03 train_code_loss=2.963603e-03 train_code_mse=2.963603e-03 train_code_nmse=-22.638dB train_cos=0.997408 train_recon_mse=1.490860e-06 train_decoder_nmse=-24.811dB delta_ratio=5.749120e-01
I 07.11/04:41:32 train_adapter.py:916 ] Epoch [245/400] lr=2.567121e-04 train_loss=8.243802e-03 train_code_loss=2.960870e-03 train_code_mse=2.960870e-03 train_code_nmse=-22.642dB train_cos=0.997410 train_recon_mse=1.490087e-06 train_decoder_nmse=-24.814dB delta_ratio=5.739210e-01
I 07.11/04:41:45 train_adapter.py:916 ] Epoch [246/400] lr=2.550098e-04 train_loss=8.232119e-03 train_code_loss=2.956419e-03 train_code_mse=2.956419e-03 train_code_nmse=-22.648dB train_cos=0.997414 train_recon_mse=1.488863e-06 train_decoder_nmse=-24.817dB delta_ratio=5.743021e-01
I 07.11/04:41:58 train_adapter.py:916 ] Epoch [247/400] lr=2.533109e-04 train_loss=8.232775e-03 train_code_loss=2.957015e-03 train_code_mse=2.957015e-03 train_code_nmse=-22.647dB train_cos=0.997413 train_recon_mse=1.488493e-06 train_decoder_nmse=-24.818dB delta_ratio=5.785936e-01
I 07.11/04:42:10 train_adapter.py:916 ] Epoch [248/400] lr=2.516156e-04 train_loss=8.221189e-03 train_code_loss=2.953263e-03 train_code_mse=2.953263e-03 train_code_nmse=-22.653dB train_cos=0.997417 train_recon_mse=1.487068e-06 train_decoder_nmse=-24.823dB delta_ratio=5.767283e-01
I 07.11/04:42:23 train_adapter.py:916 ] Epoch [249/400] lr=2.499240e-04 train_loss=8.213192e-03 train_code_loss=2.949925e-03 train_code_mse=2.949925e-03 train_code_nmse=-22.658dB train_cos=0.997420 train_recon_mse=1.485812e-06 train_decoder_nmse=-24.826dB delta_ratio=5.789447e-01
I 07.11/04:42:38 train_adapter.py:864 ] Epoch [250/400] val code_loss=4.462119e-03 code_mse=4.462119e-03 code_nmse=-20.867dB cos=0.996338 decoder_mse=2.322392e-06 decoder_nmse=-22.891dB n=30000
I 07.11/04:42:40 train_adapter.py:864 ] Epoch [250/400] test code_loss=4.489817e-03 code_mse=4.489817e-03 code_nmse=-20.842dB cos=0.996317 decoder_mse=2.346272e-06 decoder_nmse=-22.847dB n=20000
I 07.11/04:42:40 train_adapter.py:916 ] Epoch [250/400] lr=2.482362e-04 train_loss=8.201593e-03 train_code_loss=2.945867e-03 train_code_mse=2.945867e-03 train_code_nmse=-22.664dB train_cos=0.997424 train_recon_mse=1.484585e-06 train_decoder_nmse=-24.830dB delta_ratio=5.787613e-01
I 07.11/04:42:53 train_adapter.py:916 ] Epoch [251/400] lr=2.465523e-04 train_loss=8.197710e-03 train_code_loss=2.944881e-03 train_code_mse=2.944881e-03 train_code_nmse=-22.665dB train_cos=0.997424 train_recon_mse=1.483799e-06 train_decoder_nmse=-24.832dB delta_ratio=5.720041e-01
I 07.11/04:43:06 train_adapter.py:916 ] Epoch [252/400] lr=2.448725e-04 train_loss=8.186476e-03 train_code_loss=2.940702e-03 train_code_mse=2.940702e-03 train_code_nmse=-22.671dB train_cos=0.997428 train_recon_mse=1.482462e-06 train_decoder_nmse=-24.836dB delta_ratio=5.798298e-01
I 07.11/04:43:19 train_adapter.py:916 ] Epoch [253/400] lr=2.431969e-04 train_loss=8.183623e-03 train_code_loss=2.940284e-03 train_code_mse=2.940284e-03 train_code_nmse=-22.672dB train_cos=0.997428 train_recon_mse=1.482219e-06 train_decoder_nmse=-24.837dB delta_ratio=5.758280e-01
I 07.11/04:43:31 train_adapter.py:916 ] Epoch [254/400] lr=2.415257e-04 train_loss=8.173920e-03 train_code_loss=2.935962e-03 train_code_mse=2.935962e-03 train_code_nmse=-22.678dB train_cos=0.997432 train_recon_mse=1.480597e-06 train_decoder_nmse=-24.841dB delta_ratio=5.751778e-01
I 07.11/04:43:44 train_adapter.py:916 ] Epoch [255/400] lr=2.398588e-04 train_loss=8.168598e-03 train_code_loss=2.934262e-03 train_code_mse=2.934262e-03 train_code_nmse=-22.681dB train_cos=0.997433 train_recon_mse=1.480753e-06 train_decoder_nmse=-24.841dB delta_ratio=5.818565e-01
I 07.11/04:43:57 train_adapter.py:916 ] Epoch [256/400] lr=2.381966e-04 train_loss=8.160823e-03 train_code_loss=2.931700e-03 train_code_mse=2.931700e-03 train_code_nmse=-22.685dB train_cos=0.997435 train_recon_mse=1.479376e-06 train_decoder_nmse=-24.845dB delta_ratio=5.752953e-01
I 07.11/04:44:10 train_adapter.py:916 ] Epoch [257/400] lr=2.365391e-04 train_loss=8.149509e-03 train_code_loss=2.927101e-03 train_code_mse=2.927101e-03 train_code_nmse=-22.691dB train_cos=0.997439 train_recon_mse=1.478160e-06 train_decoder_nmse=-24.849dB delta_ratio=5.737640e-01
I 07.11/04:44:23 train_adapter.py:916 ] Epoch [258/400] lr=2.348864e-04 train_loss=8.144398e-03 train_code_loss=2.925679e-03 train_code_mse=2.925679e-03 train_code_nmse=-22.693dB train_cos=0.997441 train_recon_mse=1.476899e-06 train_decoder_nmse=-24.852dB delta_ratio=5.774793e-01
I 07.11/04:44:36 train_adapter.py:916 ] Epoch [259/400] lr=2.332386e-04 train_loss=8.131431e-03 train_code_loss=2.920919e-03 train_code_mse=2.920919e-03 train_code_nmse=-22.701dB train_cos=0.997445 train_recon_mse=1.475289e-06 train_decoder_nmse=-24.857dB delta_ratio=5.783778e-01
I 07.11/04:44:51 train_adapter.py:864 ] Epoch [260/400] val code_loss=4.443064e-03 code_mse=4.443064e-03 code_nmse=-20.886dB cos=0.996358 decoder_mse=2.315710e-06 decoder_nmse=-22.903dB n=30000
I 07.11/04:44:52 train_adapter.py:864 ] Epoch [260/400] test code_loss=4.472047e-03 code_mse=4.472047e-03 code_nmse=-20.859dB cos=0.996335 decoder_mse=2.339155e-06 decoder_nmse=-22.860dB n=20000
I 07.11/04:44:53 train_adapter.py:916 ] Epoch [260/400] lr=2.315960e-04 train_loss=8.125052e-03 train_code_loss=2.918560e-03 train_code_mse=2.918560e-03 train_code_nmse=-22.704dB train_cos=0.997447 train_recon_mse=1.474887e-06 train_decoder_nmse=-24.858dB delta_ratio=5.808123e-01
I 07.11/04:45:05 train_adapter.py:916 ] Epoch [261/400] lr=2.299585e-04 train_loss=8.118217e-03 train_code_loss=2.916330e-03 train_code_mse=2.916330e-03 train_code_nmse=-22.707dB train_cos=0.997449 train_recon_mse=1.473862e-06 train_decoder_nmse=-24.861dB delta_ratio=5.798606e-01
I 07.11/04:45:18 train_adapter.py:916 ] Epoch [262/400] lr=2.283264e-04 train_loss=8.110908e-03 train_code_loss=2.914180e-03 train_code_mse=2.914180e-03 train_code_nmse=-22.711dB train_cos=0.997450 train_recon_mse=1.472631e-06 train_decoder_nmse=-24.865dB delta_ratio=5.759708e-01
I 07.11/04:45:31 train_adapter.py:916 ] Epoch [263/400] lr=2.266998e-04 train_loss=8.104519e-03 train_code_loss=2.911311e-03 train_code_mse=2.911311e-03 train_code_nmse=-22.715dB train_cos=0.997453 train_recon_mse=1.471945e-06 train_decoder_nmse=-24.867dB delta_ratio=5.812061e-01
I 07.11/04:45:43 train_adapter.py:916 ] Epoch [264/400] lr=2.250787e-04 train_loss=8.100200e-03 train_code_loss=2.909705e-03 train_code_mse=2.909705e-03 train_code_nmse=-22.717dB train_cos=0.997455 train_recon_mse=1.471816e-06 train_decoder_nmse=-24.867dB delta_ratio=5.752991e-01
I 07.11/04:45:56 train_adapter.py:916 ] Epoch [265/400] lr=2.234633e-04 train_loss=8.089626e-03 train_code_loss=2.905894e-03 train_code_mse=2.905894e-03 train_code_nmse=-22.723dB train_cos=0.997458 train_recon_mse=1.469905e-06 train_decoder_nmse=-24.873dB delta_ratio=5.819060e-01
I 07.11/04:46:09 train_adapter.py:916 ] Epoch [266/400] lr=2.218538e-04 train_loss=8.081648e-03 train_code_loss=2.903684e-03 train_code_mse=2.903684e-03 train_code_nmse=-22.726dB train_cos=0.997460 train_recon_mse=1.468938e-06 train_decoder_nmse=-24.876dB delta_ratio=5.831826e-01
I 07.11/04:46:22 train_adapter.py:916 ] Epoch [267/400] lr=2.202502e-04 train_loss=8.073767e-03 train_code_loss=2.900650e-03 train_code_mse=2.900650e-03 train_code_nmse=-22.731dB train_cos=0.997462 train_recon_mse=1.468055e-06 train_decoder_nmse=-24.878dB delta_ratio=5.808879e-01
I 07.11/04:46:35 train_adapter.py:916 ] Epoch [268/400] lr=2.186527e-04 train_loss=8.069603e-03 train_code_loss=2.898563e-03 train_code_mse=2.898563e-03 train_code_nmse=-22.734dB train_cos=0.997464 train_recon_mse=1.467775e-06 train_decoder_nmse=-24.879dB delta_ratio=5.848138e-01
I 07.11/04:46:48 train_adapter.py:916 ] Epoch [269/400] lr=2.170614e-04 train_loss=8.059746e-03 train_code_loss=2.895212e-03 train_code_mse=2.895212e-03 train_code_nmse=-22.739dB train_cos=0.997467 train_recon_mse=1.466129e-06 train_decoder_nmse=-24.884dB delta_ratio=5.776255e-01
I 07.11/04:47:03 train_adapter.py:864 ] Epoch [270/400] val code_loss=4.419855e-03 code_mse=4.419855e-03 code_nmse=-20.909dB cos=0.996381 decoder_mse=2.310056e-06 decoder_nmse=-22.914dB n=30000
I 07.11/04:47:04 train_adapter.py:864 ] Epoch [270/400] test code_loss=4.448341e-03 code_mse=4.448341e-03 code_nmse=-20.882dB cos=0.996358 decoder_mse=2.330992e-06 decoder_nmse=-22.875dB n=20000
I 07.11/04:47:05 train_adapter.py:916 ] Epoch [270/400] lr=2.154763e-04 train_loss=8.048025e-03 train_code_loss=2.891215e-03 train_code_mse=2.891215e-03 train_code_nmse=-22.745dB train_cos=0.997470 train_recon_mse=1.464736e-06 train_decoder_nmse=-24.888dB delta_ratio=5.819371e-01
I 07.11/04:47:18 train_adapter.py:916 ] Epoch [271/400] lr=2.138978e-04 train_loss=8.042984e-03 train_code_loss=2.888821e-03 train_code_mse=2.888821e-03 train_code_nmse=-22.749dB train_cos=0.997473 train_recon_mse=1.464527e-06 train_decoder_nmse=-24.889dB delta_ratio=5.800002e-01
I 07.11/04:47:31 train_adapter.py:916 ] Epoch [272/400] lr=2.123258e-04 train_loss=8.041805e-03 train_code_loss=2.888942e-03 train_code_mse=2.888942e-03 train_code_nmse=-22.748dB train_cos=0.997472 train_recon_mse=1.464358e-06 train_decoder_nmse=-24.889dB delta_ratio=5.822506e-01
I 07.11/04:47:43 train_adapter.py:916 ] Epoch [273/400] lr=2.107604e-04 train_loss=8.029904e-03 train_code_loss=2.884344e-03 train_code_mse=2.884344e-03 train_code_nmse=-22.755dB train_cos=0.997476 train_recon_mse=1.462781e-06 train_decoder_nmse=-24.894dB delta_ratio=5.838625e-01
I 07.11/04:47:55 train_adapter.py:916 ] Epoch [274/400] lr=2.092019e-04 train_loss=8.027522e-03 train_code_loss=2.883362e-03 train_code_mse=2.883362e-03 train_code_nmse=-22.757dB train_cos=0.997477 train_recon_mse=1.462387e-06 train_decoder_nmse=-24.895dB delta_ratio=5.800739e-01
I 07.11/04:48:08 train_adapter.py:916 ] Epoch [275/400] lr=2.076503e-04 train_loss=8.018526e-03 train_code_loss=2.880469e-03 train_code_mse=2.880469e-03 train_code_nmse=-22.761dB train_cos=0.997480 train_recon_mse=1.461103e-06 train_decoder_nmse=-24.899dB delta_ratio=5.808778e-01
I 07.11/04:48:21 train_adapter.py:916 ] Epoch [276/400] lr=2.061057e-04 train_loss=8.008468e-03 train_code_loss=2.876534e-03 train_code_mse=2.876534e-03 train_code_nmse=-22.767dB train_cos=0.997483 train_recon_mse=1.459852e-06 train_decoder_nmse=-24.903dB delta_ratio=5.873255e-01
I 07.11/04:48:34 train_adapter.py:916 ] Epoch [277/400] lr=2.045682e-04 train_loss=8.004461e-03 train_code_loss=2.875751e-03 train_code_mse=2.875751e-03 train_code_nmse=-22.768dB train_cos=0.997484 train_recon_mse=1.459701e-06 train_decoder_nmse=-24.903dB delta_ratio=5.821350e-01
I 07.11/04:48:47 train_adapter.py:916 ] Epoch [278/400] lr=2.030381e-04 train_loss=7.997911e-03 train_code_loss=2.872621e-03 train_code_mse=2.872621e-03 train_code_nmse=-22.773dB train_cos=0.997487 train_recon_mse=1.458961e-06 train_decoder_nmse=-24.905dB delta_ratio=5.865707e-01
I 07.11/04:49:00 train_adapter.py:916 ] Epoch [279/400] lr=2.015153e-04 train_loss=7.988976e-03 train_code_loss=2.869457e-03 train_code_mse=2.869457e-03 train_code_nmse=-22.778dB train_cos=0.997489 train_recon_mse=1.457641e-06 train_decoder_nmse=-24.909dB delta_ratio=5.869553e-01
I 07.11/04:49:16 train_adapter.py:864 ] Epoch [280/400] val code_loss=4.407262e-03 code_mse=4.407262e-03 code_nmse=-20.921dB cos=0.996392 decoder_mse=2.300906e-06 decoder_nmse=-22.931dB n=30000
I 07.11/04:49:17 train_adapter.py:864 ] Epoch [280/400] test code_loss=4.437145e-03 code_mse=4.437145e-03 code_nmse=-20.893dB cos=0.996369 decoder_mse=2.323821e-06 decoder_nmse=-22.889dB n=20000
I 07.11/04:49:17 train_adapter.py:916 ] Epoch [280/400] lr=2.000000e-04 train_loss=7.984448e-03 train_code_loss=2.868082e-03 train_code_mse=2.868082e-03 train_code_nmse=-22.780dB train_cos=0.997491 train_recon_mse=1.456877e-06 train_decoder_nmse=-24.912dB delta_ratio=5.840474e-01
I 07.11/04:49:30 train_adapter.py:916 ] Epoch [281/400] lr=1.984923e-04 train_loss=7.978498e-03 train_code_loss=2.865625e-03 train_code_mse=2.865625e-03 train_code_nmse=-22.784dB train_cos=0.997492 train_recon_mse=1.455915e-06 train_decoder_nmse=-24.914dB delta_ratio=5.834942e-01
I 07.11/04:49:43 train_adapter.py:916 ] Epoch [282/400] lr=1.969924e-04 train_loss=7.971521e-03 train_code_loss=2.863598e-03 train_code_mse=2.863598e-03 train_code_nmse=-22.787dB train_cos=0.997494 train_recon_mse=1.455223e-06 train_decoder_nmse=-24.917dB delta_ratio=5.853534e-01
I 07.11/04:49:56 train_adapter.py:916 ] Epoch [283/400] lr=1.955003e-04 train_loss=7.964965e-03 train_code_loss=2.860808e-03 train_code_mse=2.860808e-03 train_code_nmse=-22.791dB train_cos=0.997497 train_recon_mse=1.454555e-06 train_decoder_nmse=-24.919dB delta_ratio=5.841442e-01
I 07.11/04:50:08 train_adapter.py:916 ] Epoch [284/400] lr=1.940161e-04 train_loss=7.955957e-03 train_code_loss=2.857899e-03 train_code_mse=2.857899e-03 train_code_nmse=-22.795dB train_cos=0.997499 train_recon_mse=1.453254e-06 train_decoder_nmse=-24.922dB delta_ratio=5.845760e-01
I 07.11/04:50:21 train_adapter.py:916 ] Epoch [285/400] lr=1.925401e-04 train_loss=7.951697e-03 train_code_loss=2.856129e-03 train_code_mse=2.856129e-03 train_code_nmse=-22.798dB train_cos=0.997501 train_recon_mse=1.452665e-06 train_decoder_nmse=-24.924dB delta_ratio=5.838597e-01
I 07.11/04:50:34 train_adapter.py:916 ] Epoch [286/400] lr=1.910722e-04 train_loss=7.941586e-03 train_code_loss=2.853129e-03 train_code_mse=2.853129e-03 train_code_nmse=-22.803dB train_cos=0.997503 train_recon_mse=1.451199e-06 train_decoder_nmse=-24.929dB delta_ratio=5.822217e-01
I 07.11/04:50:47 train_adapter.py:916 ] Epoch [287/400] lr=1.896126e-04 train_loss=7.936409e-03 train_code_loss=2.850444e-03 train_code_mse=2.850444e-03 train_code_nmse=-22.807dB train_cos=0.997506 train_recon_mse=1.450736e-06 train_decoder_nmse=-24.930dB delta_ratio=5.865778e-01
I 07.11/04:51:00 train_adapter.py:916 ] Epoch [288/400] lr=1.881614e-04 train_loss=7.931214e-03 train_code_loss=2.848846e-03 train_code_mse=2.848846e-03 train_code_nmse=-22.809dB train_cos=0.997507 train_recon_mse=1.449916e-06 train_decoder_nmse=-24.932dB delta_ratio=5.838913e-01
I 07.11/04:51:13 train_adapter.py:916 ] Epoch [289/400] lr=1.867188e-04 train_loss=7.924496e-03 train_code_loss=2.846193e-03 train_code_mse=2.846193e-03 train_code_nmse=-22.813dB train_cos=0.997509 train_recon_mse=1.449646e-06 train_decoder_nmse=-24.933dB delta_ratio=5.882803e-01
I 07.11/04:51:28 train_adapter.py:864 ] Epoch [290/400] val code_loss=4.395939e-03 code_mse=4.395939e-03 code_nmse=-20.932dB cos=0.996403 decoder_mse=2.298575e-06 decoder_nmse=-22.936dB n=30000
I 07.11/04:51:29 train_adapter.py:864 ] Epoch [290/400] test code_loss=4.425108e-03 code_mse=4.425108e-03 code_nmse=-20.905dB cos=0.996380 decoder_mse=2.318933e-06 decoder_nmse=-22.898dB n=20000
I 07.11/04:51:30 train_adapter.py:916 ] Epoch [290/400] lr=1.852847e-04 train_loss=7.921129e-03 train_code_loss=2.844894e-03 train_code_mse=2.844894e-03 train_code_nmse=-22.815dB train_cos=0.997510 train_recon_mse=1.448770e-06 train_decoder_nmse=-24.936dB delta_ratio=5.876977e-01
I 07.11/04:51:43 train_adapter.py:916 ] Epoch [291/400] lr=1.838594e-04 train_loss=7.913131e-03 train_code_loss=2.842593e-03 train_code_mse=2.842593e-03 train_code_nmse=-22.819dB train_cos=0.997512 train_recon_mse=1.448101e-06 train_decoder_nmse=-24.938dB delta_ratio=5.887816e-01
I 07.11/04:51:56 train_adapter.py:916 ] Epoch [292/400] lr=1.824429e-04 train_loss=7.904479e-03 train_code_loss=2.838626e-03 train_code_mse=2.838626e-03 train_code_nmse=-22.825dB train_cos=0.997516 train_recon_mse=1.446511e-06 train_decoder_nmse=-24.943dB delta_ratio=5.839976e-01
I 07.11/04:52:08 train_adapter.py:916 ] Epoch [293/400] lr=1.810354e-04 train_loss=7.896054e-03 train_code_loss=2.835853e-03 train_code_mse=2.835853e-03 train_code_nmse=-22.829dB train_cos=0.997518 train_recon_mse=1.446046e-06 train_decoder_nmse=-24.944dB delta_ratio=5.845193e-01
I 07.11/04:52:20 train_adapter.py:916 ] Epoch [294/400] lr=1.796370e-04 train_loss=7.895262e-03 train_code_loss=2.835911e-03 train_code_mse=2.835911e-03 train_code_nmse=-22.829dB train_cos=0.997518 train_recon_mse=1.445606e-06 train_decoder_nmse=-24.945dB delta_ratio=5.880030e-01
I 07.11/04:52:33 train_adapter.py:916 ] Epoch [295/400] lr=1.782477e-04 train_loss=7.889617e-03 train_code_loss=2.833302e-03 train_code_mse=2.833302e-03 train_code_nmse=-22.833dB train_cos=0.997520 train_recon_mse=1.444995e-06 train_decoder_nmse=-24.947dB delta_ratio=5.880544e-01
I 07.11/04:52:46 train_adapter.py:916 ] Epoch [296/400] lr=1.768677e-04 train_loss=7.883508e-03 train_code_loss=2.831642e-03 train_code_mse=2.831642e-03 train_code_nmse=-22.835dB train_cos=0.997522 train_recon_mse=1.444027e-06 train_decoder_nmse=-24.950dB delta_ratio=5.868364e-01
I 07.11/04:52:59 train_adapter.py:916 ] Epoch [297/400] lr=1.754971e-04 train_loss=7.879196e-03 train_code_loss=2.829414e-03 train_code_mse=2.829414e-03 train_code_nmse=-22.839dB train_cos=0.997524 train_recon_mse=1.443535e-06 train_decoder_nmse=-24.952dB delta_ratio=5.858439e-01
I 07.11/04:53:12 train_adapter.py:916 ] Epoch [298/400] lr=1.741359e-04 train_loss=7.873154e-03 train_code_loss=2.827849e-03 train_code_mse=2.827849e-03 train_code_nmse=-22.841dB train_cos=0.997525 train_recon_mse=1.442875e-06 train_decoder_nmse=-24.954dB delta_ratio=5.810567e-01
I 07.11/04:53:25 train_adapter.py:916 ] Epoch [299/400] lr=1.727844e-04 train_loss=7.868977e-03 train_code_loss=2.826058e-03 train_code_mse=2.826058e-03 train_code_nmse=-22.844dB train_cos=0.997527 train_recon_mse=1.442514e-06 train_decoder_nmse=-24.955dB delta_ratio=5.816041e-01
I 07.11/04:53:40 train_adapter.py:864 ] Epoch [300/400] val code_loss=4.388035e-03 code_mse=4.388035e-03 code_nmse=-20.940dB cos=0.996413 decoder_mse=2.295068e-06 decoder_nmse=-22.942dB n=30000
I 07.11/04:53:42 train_adapter.py:864 ] Epoch [300/400] test code_loss=4.418757e-03 code_mse=4.418757e-03 code_nmse=-20.911dB cos=0.996389 decoder_mse=2.315561e-06 decoder_nmse=-22.904dB n=20000
I 07.11/04:53:42 train_adapter.py:916 ] Epoch [300/400] lr=1.714425e-04 train_loss=7.857419e-03 train_code_loss=2.822080e-03 train_code_mse=2.822080e-03 train_code_nmse=-22.850dB train_cos=0.997530 train_recon_mse=1.441185e-06 train_decoder_nmse=-24.959dB delta_ratio=5.886505e-01
I 07.11/04:53:55 train_adapter.py:916 ] Epoch [301/400] lr=1.701104e-04 train_loss=7.849145e-03 train_code_loss=2.818194e-03 train_code_mse=2.818194e-03 train_code_nmse=-22.856dB train_cos=0.997534 train_recon_mse=1.440359e-06 train_decoder_nmse=-24.961dB delta_ratio=5.803811e-01
I 07.11/04:54:08 train_adapter.py:916 ] Epoch [302/400] lr=1.687882e-04 train_loss=7.847618e-03 train_code_loss=2.818258e-03 train_code_mse=2.818258e-03 train_code_nmse=-22.856dB train_cos=0.997533 train_recon_mse=1.439396e-06 train_decoder_nmse=-24.964dB delta_ratio=5.859578e-01
I 07.11/04:54:20 train_adapter.py:916 ] Epoch [303/400] lr=1.674760e-04 train_loss=7.840431e-03 train_code_loss=2.816079e-03 train_code_mse=2.816079e-03 train_code_nmse=-22.859dB train_cos=0.997535 train_recon_mse=1.438516e-06 train_decoder_nmse=-24.967dB delta_ratio=5.879742e-01
I 07.11/04:54:33 train_adapter.py:916 ] Epoch [304/400] lr=1.661739e-04 train_loss=7.836938e-03 train_code_loss=2.814470e-03 train_code_mse=2.814470e-03 train_code_nmse=-22.862dB train_cos=0.997537 train_recon_mse=1.438339e-06 train_decoder_nmse=-24.967dB delta_ratio=5.901535e-01
I 07.11/04:54:45 train_adapter.py:916 ] Epoch [305/400] lr=1.648820e-04 train_loss=7.828986e-03 train_code_loss=2.811758e-03 train_code_mse=2.811758e-03 train_code_nmse=-22.866dB train_cos=0.997539 train_recon_mse=1.437169e-06 train_decoder_nmse=-24.971dB delta_ratio=5.872762e-01
I 07.11/04:54:58 train_adapter.py:916 ] Epoch [306/400] lr=1.636003e-04 train_loss=7.822593e-03 train_code_loss=2.809151e-03 train_code_mse=2.809151e-03 train_code_nmse=-22.870dB train_cos=0.997541 train_recon_mse=1.436549e-06 train_decoder_nmse=-24.973dB delta_ratio=5.883439e-01
I 07.11/04:55:11 train_adapter.py:916 ] Epoch [307/400] lr=1.623291e-04 train_loss=7.819579e-03 train_code_loss=2.808138e-03 train_code_mse=2.808138e-03 train_code_nmse=-22.872dB train_cos=0.997542 train_recon_mse=1.436383e-06 train_decoder_nmse=-24.973dB delta_ratio=5.907910e-01
I 07.11/04:55:24 train_adapter.py:916 ] Epoch [308/400] lr=1.610683e-04 train_loss=7.812728e-03 train_code_loss=2.805726e-03 train_code_mse=2.805726e-03 train_code_nmse=-22.875dB train_cos=0.997544 train_recon_mse=1.435354e-06 train_decoder_nmse=-24.976dB delta_ratio=5.921825e-01
I 07.11/04:55:37 train_adapter.py:916 ] Epoch [309/400] lr=1.598181e-04 train_loss=7.806742e-03 train_code_loss=2.803587e-03 train_code_mse=2.803587e-03 train_code_nmse=-22.879dB train_cos=0.997546 train_recon_mse=1.434547e-06 train_decoder_nmse=-24.979dB delta_ratio=5.915369e-01
I 07.11/04:55:52 train_adapter.py:864 ] Epoch [310/400] val code_loss=4.372984e-03 code_mse=4.372984e-03 code_nmse=-20.955dB cos=0.996428 decoder_mse=2.289901e-06 decoder_nmse=-22.952dB n=30000
I 07.11/04:55:54 train_adapter.py:864 ] Epoch [310/400] test code_loss=4.403131e-03 code_mse=4.403131e-03 code_nmse=-20.927dB cos=0.996404 decoder_mse=2.310467e-06 decoder_nmse=-22.914dB n=20000
I 07.11/04:55:54 train_adapter.py:916 ] Epoch [310/400] lr=1.585786e-04 train_loss=7.802025e-03 train_code_loss=2.801752e-03 train_code_mse=2.801752e-03 train_code_nmse=-22.881dB train_cos=0.997548 train_recon_mse=1.433727e-06 train_decoder_nmse=-24.981dB delta_ratio=5.902328e-01
I 07.11/04:56:07 train_adapter.py:916 ] Epoch [311/400] lr=1.573499e-04 train_loss=7.799228e-03 train_code_loss=2.801046e-03 train_code_mse=2.801046e-03 train_code_nmse=-22.883dB train_cos=0.997548 train_recon_mse=1.433718e-06 train_decoder_nmse=-24.981dB delta_ratio=5.873254e-01
I 07.11/04:56:20 train_adapter.py:916 ] Epoch [312/400] lr=1.561320e-04 train_loss=7.790300e-03 train_code_loss=2.797409e-03 train_code_mse=2.797409e-03 train_code_nmse=-22.888dB train_cos=0.997551 train_recon_mse=1.432237e-06 train_decoder_nmse=-24.986dB delta_ratio=5.910276e-01
I 07.11/04:56:32 train_adapter.py:916 ] Epoch [313/400] lr=1.549251e-04 train_loss=7.787309e-03 train_code_loss=2.796401e-03 train_code_mse=2.796401e-03 train_code_nmse=-22.890dB train_cos=0.997552 train_recon_mse=1.431980e-06 train_decoder_nmse=-24.986dB delta_ratio=5.899758e-01
I 07.11/04:56:45 train_adapter.py:916 ] Epoch [314/400] lr=1.537293e-04 train_loss=7.782683e-03 train_code_loss=2.794910e-03 train_code_mse=2.794910e-03 train_code_nmse=-22.892dB train_cos=0.997554 train_recon_mse=1.431285e-06 train_decoder_nmse=-24.989dB delta_ratio=5.954534e-01
I 07.11/04:56:57 train_adapter.py:916 ] Epoch [315/400] lr=1.525445e-04 train_loss=7.777342e-03 train_code_loss=2.792399e-03 train_code_mse=2.792399e-03 train_code_nmse=-22.896dB train_cos=0.997556 train_recon_mse=1.430935e-06 train_decoder_nmse=-24.990dB delta_ratio=5.887750e-01
I 07.11/04:57:10 train_adapter.py:916 ] Epoch [316/400] lr=1.513710e-04 train_loss=7.771172e-03 train_code_loss=2.790839e-03 train_code_mse=2.790839e-03 train_code_nmse=-22.898dB train_cos=0.997557 train_recon_mse=1.430063e-06 train_decoder_nmse=-24.992dB delta_ratio=5.887892e-01
I 07.11/04:57:23 train_adapter.py:916 ] Epoch [317/400] lr=1.502089e-04 train_loss=7.766668e-03 train_code_loss=2.789229e-03 train_code_mse=2.789229e-03 train_code_nmse=-22.901dB train_cos=0.997558 train_recon_mse=1.429275e-06 train_decoder_nmse=-24.995dB delta_ratio=5.922692e-01
I 07.11/04:57:36 train_adapter.py:916 ] Epoch [318/400] lr=1.490581e-04 train_loss=7.761372e-03 train_code_loss=2.787334e-03 train_code_mse=2.787334e-03 train_code_nmse=-22.904dB train_cos=0.997560 train_recon_mse=1.428636e-06 train_decoder_nmse=-24.997dB delta_ratio=5.864655e-01
I 07.11/04:57:49 train_adapter.py:916 ] Epoch [319/400] lr=1.479188e-04 train_loss=7.756128e-03 train_code_loss=2.784781e-03 train_code_mse=2.784781e-03 train_code_nmse=-22.908dB train_cos=0.997562 train_recon_mse=1.428404e-06 train_decoder_nmse=-24.997dB delta_ratio=5.894762e-01
I 07.11/04:58:04 train_adapter.py:864 ] Epoch [320/400] val code_loss=4.366233e-03 code_mse=4.366233e-03 code_nmse=-20.962dB cos=0.996435 decoder_mse=2.285666e-06 decoder_nmse=-22.960dB n=30000
I 07.11/04:58:05 train_adapter.py:864 ] Epoch [320/400] test code_loss=4.397412e-03 code_mse=4.397412e-03 code_nmse=-20.932dB cos=0.996410 decoder_mse=2.304671e-06 decoder_nmse=-22.925dB n=20000
I 07.11/04:58:06 train_adapter.py:916 ] Epoch [320/400] lr=1.467911e-04 train_loss=7.749263e-03 train_code_loss=2.782670e-03 train_code_mse=2.782670e-03 train_code_nmse=-22.911dB train_cos=0.997564 train_recon_mse=1.427283e-06 train_decoder_nmse=-25.001dB delta_ratio=5.925287e-01
I 07.11/04:58:19 train_adapter.py:916 ] Epoch [321/400] lr=1.456751e-04 train_loss=7.745355e-03 train_code_loss=2.781304e-03 train_code_mse=2.781304e-03 train_code_nmse=-22.913dB train_cos=0.997565 train_recon_mse=1.426722e-06 train_decoder_nmse=-25.002dB delta_ratio=5.934608e-01
I 07.11/04:58:32 train_adapter.py:916 ] Epoch [322/400] lr=1.445708e-04 train_loss=7.741939e-03 train_code_loss=2.779877e-03 train_code_mse=2.779877e-03 train_code_nmse=-22.915dB train_cos=0.997567 train_recon_mse=1.426354e-06 train_decoder_nmse=-25.004dB delta_ratio=5.883558e-01
I 07.11/04:58:44 train_adapter.py:916 ] Epoch [323/400] lr=1.434784e-04 train_loss=7.735536e-03 train_code_loss=2.777607e-03 train_code_mse=2.777607e-03 train_code_nmse=-22.919dB train_cos=0.997569 train_recon_mse=1.425675e-06 train_decoder_nmse=-25.006dB delta_ratio=5.895661e-01
I 07.11/04:58:57 train_adapter.py:916 ] Epoch [324/400] lr=1.423978e-04 train_loss=7.729055e-03 train_code_loss=2.775174e-03 train_code_mse=2.775174e-03 train_code_nmse=-22.923dB train_cos=0.997571 train_recon_mse=1.424830e-06 train_decoder_nmse=-25.008dB delta_ratio=5.936759e-01
I 07.11/04:59:09 train_adapter.py:916 ] Epoch [325/400] lr=1.413293e-04 train_loss=7.726441e-03 train_code_loss=2.774265e-03 train_code_mse=2.774265e-03 train_code_nmse=-22.924dB train_cos=0.997571 train_recon_mse=1.424532e-06 train_decoder_nmse=-25.009dB delta_ratio=5.878904e-01
I 07.11/04:59:22 train_adapter.py:916 ] Epoch [326/400] lr=1.402729e-04 train_loss=7.721763e-03 train_code_loss=2.772805e-03 train_code_mse=2.772805e-03 train_code_nmse=-22.927dB train_cos=0.997573 train_recon_mse=1.423853e-06 train_decoder_nmse=-25.011dB delta_ratio=5.948965e-01
I 07.11/04:59:35 train_adapter.py:916 ] Epoch [327/400] lr=1.392286e-04 train_loss=7.717018e-03 train_code_loss=2.770887e-03 train_code_mse=2.770887e-03 train_code_nmse=-22.930dB train_cos=0.997574 train_recon_mse=1.423301e-06 train_decoder_nmse=-25.013dB delta_ratio=5.944963e-01
I 07.11/04:59:48 train_adapter.py:916 ] Epoch [328/400] lr=1.381966e-04 train_loss=7.710601e-03 train_code_loss=2.768235e-03 train_code_mse=2.768235e-03 train_code_nmse=-22.934dB train_cos=0.997577 train_recon_mse=1.422636e-06 train_decoder_nmse=-25.015dB delta_ratio=5.905934e-01
I 07.11/05:00:01 train_adapter.py:916 ] Epoch [329/400] lr=1.371769e-04 train_loss=7.709728e-03 train_code_loss=2.768227e-03 train_code_mse=2.768227e-03 train_code_nmse=-22.934dB train_cos=0.997577 train_recon_mse=1.422340e-06 train_decoder_nmse=-25.016dB delta_ratio=5.949967e-01
I 07.11/05:00:16 train_adapter.py:864 ] Epoch [330/400] val code_loss=4.365404e-03 code_mse=4.365404e-03 code_nmse=-20.962dB cos=0.996438 decoder_mse=2.287472e-06 decoder_nmse=-22.957dB n=30000
I 07.11/05:00:17 train_adapter.py:864 ] Epoch [330/400] test code_loss=4.398245e-03 code_mse=4.398245e-03 code_nmse=-20.931dB cos=0.996412 decoder_mse=2.306296e-06 decoder_nmse=-22.922dB n=20000
I 07.11/05:00:17 train_adapter.py:916 ] Epoch [330/400] lr=1.361696e-04 train_loss=7.704982e-03 train_code_loss=2.766533e-03 train_code_mse=2.766533e-03 train_code_nmse=-22.936dB train_cos=0.997578 train_recon_mse=1.421619e-06 train_decoder_nmse=-25.018dB delta_ratio=5.936415e-01
I 07.11/05:00:30 train_adapter.py:916 ] Epoch [331/400] lr=1.351748e-04 train_loss=7.697682e-03 train_code_loss=2.763997e-03 train_code_mse=2.763997e-03 train_code_nmse=-22.940dB train_cos=0.997580 train_recon_mse=1.420762e-06 train_decoder_nmse=-25.021dB delta_ratio=5.869554e-01
I 07.11/05:00:42 train_adapter.py:916 ] Epoch [332/400] lr=1.341925e-04 train_loss=7.695697e-03 train_code_loss=2.762982e-03 train_code_mse=2.762982e-03 train_code_nmse=-22.942dB train_cos=0.997581 train_recon_mse=1.420331e-06 train_decoder_nmse=-25.022dB delta_ratio=5.926736e-01
I 07.11/05:00:53 train_adapter.py:916 ] Epoch [333/400] lr=1.332228e-04 train_loss=7.689368e-03 train_code_loss=2.760635e-03 train_code_mse=2.760635e-03 train_code_nmse=-22.946dB train_cos=0.997583 train_recon_mse=1.420032e-06 train_decoder_nmse=-25.023dB delta_ratio=5.939704e-01
I 07.11/05:01:05 train_adapter.py:916 ] Epoch [334/400] lr=1.322659e-04 train_loss=7.685768e-03 train_code_loss=2.759628e-03 train_code_mse=2.759628e-03 train_code_nmse=-22.947dB train_cos=0.997584 train_recon_mse=1.419380e-06 train_decoder_nmse=-25.025dB delta_ratio=5.896965e-01
I 07.11/05:01:17 train_adapter.py:916 ] Epoch [335/400] lr=1.313217e-04 train_loss=7.683179e-03 train_code_loss=2.758469e-03 train_code_mse=2.758469e-03 train_code_nmse=-22.949dB train_cos=0.997585 train_recon_mse=1.419092e-06 train_decoder_nmse=-25.026dB delta_ratio=5.963483e-01
I 07.11/05:01:29 train_adapter.py:916 ] Epoch [336/400] lr=1.303904e-04 train_loss=7.677670e-03 train_code_loss=2.756296e-03 train_code_mse=2.756296e-03 train_code_nmse=-22.952dB train_cos=0.997587 train_recon_mse=1.418542e-06 train_decoder_nmse=-25.027dB delta_ratio=5.958377e-01
I 07.11/05:01:41 train_adapter.py:916 ] Epoch [337/400] lr=1.294720e-04 train_loss=7.673732e-03 train_code_loss=2.755139e-03 train_code_mse=2.755139e-03 train_code_nmse=-22.954dB train_cos=0.997588 train_recon_mse=1.417684e-06 train_decoder_nmse=-25.030dB delta_ratio=5.955833e-01
I 07.11/05:01:53 train_adapter.py:916 ] Epoch [338/400] lr=1.285665e-04 train_loss=7.668676e-03 train_code_loss=2.753370e-03 train_code_mse=2.753370e-03 train_code_nmse=-22.957dB train_cos=0.997590 train_recon_mse=1.417331e-06 train_decoder_nmse=-25.031dB delta_ratio=5.908418e-01
I 07.11/05:02:05 train_adapter.py:916 ] Epoch [339/400] lr=1.276742e-04 train_loss=7.665153e-03 train_code_loss=2.751868e-03 train_code_mse=2.751868e-03 train_code_nmse=-22.959dB train_cos=0.997591 train_recon_mse=1.416940e-06 train_decoder_nmse=-25.032dB delta_ratio=5.882119e-01
I 07.11/05:02:19 train_adapter.py:864 ] Epoch [340/400] val code_loss=4.358670e-03 code_mse=4.358670e-03 code_nmse=-20.969dB cos=0.996446 decoder_mse=2.282108e-06 decoder_nmse=-22.967dB n=30000
I 07.11/05:02:20 train_adapter.py:864 ] Epoch [340/400] test code_loss=4.392066e-03 code_mse=4.392066e-03 code_nmse=-20.937dB cos=0.996420 decoder_mse=2.301437e-06 decoder_nmse=-22.931dB n=20000
I 07.11/05:02:20 train_adapter.py:916 ] Epoch [340/400] lr=1.267949e-04 train_loss=7.662716e-03 train_code_loss=2.751307e-03 train_code_mse=2.751307e-03 train_code_nmse=-22.960dB train_cos=0.997591 train_recon_mse=1.416234e-06 train_decoder_nmse=-25.034dB delta_ratio=5.948404e-01
I 07.11/05:02:32 train_adapter.py:916 ] Epoch [341/400] lr=1.259289e-04 train_loss=7.658377e-03 train_code_loss=2.749602e-03 train_code_mse=2.749602e-03 train_code_nmse=-22.963dB train_cos=0.997593 train_recon_mse=1.415591e-06 train_decoder_nmse=-25.036dB delta_ratio=5.896721e-01
I 07.11/05:02:44 train_adapter.py:916 ] Epoch [342/400] lr=1.250761e-04 train_loss=7.651754e-03 train_code_loss=2.747005e-03 train_code_mse=2.747005e-03 train_code_nmse=-22.967dB train_cos=0.997595 train_recon_mse=1.415233e-06 train_decoder_nmse=-25.038dB delta_ratio=5.948185e-01
I 07.11/05:02:55 train_adapter.py:916 ] Epoch [343/400] lr=1.242366e-04 train_loss=7.648253e-03 train_code_loss=2.745773e-03 train_code_mse=2.745773e-03 train_code_nmse=-22.969dB train_cos=0.997596 train_recon_mse=1.414507e-06 train_decoder_nmse=-25.040dB delta_ratio=5.927784e-01
I 07.11/05:03:07 train_adapter.py:916 ] Epoch [344/400] lr=1.234105e-04 train_loss=7.645655e-03 train_code_loss=2.745277e-03 train_code_mse=2.745277e-03 train_code_nmse=-22.970dB train_cos=0.997596 train_recon_mse=1.414237e-06 train_decoder_nmse=-25.041dB delta_ratio=5.930042e-01
I 07.11/05:03:19 train_adapter.py:916 ] Epoch [345/400] lr=1.225978e-04 train_loss=7.639711e-03 train_code_loss=2.742639e-03 train_code_mse=2.742639e-03 train_code_nmse=-22.974dB train_cos=0.997599 train_recon_mse=1.413748e-06 train_decoder_nmse=-25.042dB delta_ratio=5.934784e-01
I 07.11/05:03:31 train_adapter.py:916 ] Epoch [346/400] lr=1.217987e-04 train_loss=7.634800e-03 train_code_loss=2.740894e-03 train_code_mse=2.740894e-03 train_code_nmse=-22.977dB train_cos=0.997600 train_recon_mse=1.412823e-06 train_decoder_nmse=-25.045dB delta_ratio=5.929922e-01
I 07.11/05:03:42 train_adapter.py:916 ] Epoch [347/400] lr=1.210131e-04 train_loss=7.635128e-03 train_code_loss=2.741122e-03 train_code_mse=2.741122e-03 train_code_nmse=-22.976dB train_cos=0.997600 train_recon_mse=1.412885e-06 train_decoder_nmse=-25.045dB delta_ratio=5.924302e-01
I 07.11/05:03:54 train_adapter.py:916 ] Epoch [348/400] lr=1.202412e-04 train_loss=7.631265e-03 train_code_loss=2.739607e-03 train_code_mse=2.739607e-03 train_code_nmse=-22.979dB train_cos=0.997601 train_recon_mse=1.412525e-06 train_decoder_nmse=-25.046dB delta_ratio=5.987034e-01
I 07.11/05:04:06 train_adapter.py:916 ] Epoch [349/400] lr=1.194829e-04 train_loss=7.626999e-03 train_code_loss=2.738028e-03 train_code_mse=2.738028e-03 train_code_nmse=-22.981dB train_cos=0.997603 train_recon_mse=1.412156e-06 train_decoder_nmse=-25.047dB delta_ratio=5.937923e-01
I 07.11/05:04:20 train_adapter.py:864 ] Epoch [350/400] val code_loss=4.352852e-03 code_mse=4.352852e-03 code_nmse=-20.975dB cos=0.996451 decoder_mse=2.279109e-06 decoder_nmse=-22.973dB n=30000
I 07.11/05:04:21 train_adapter.py:864 ] Epoch [350/400] test code_loss=4.385941e-03 code_mse=4.385941e-03 code_nmse=-20.944dB cos=0.996425 decoder_mse=2.297987e-06 decoder_nmse=-22.937dB n=20000
I 07.11/05:04:21 train_adapter.py:916 ] Epoch [350/400] lr=1.187384e-04 train_loss=7.622576e-03 train_code_loss=2.736371e-03 train_code_mse=2.736371e-03 train_code_nmse=-22.984dB train_cos=0.997604 train_recon_mse=1.411382e-06 train_decoder_nmse=-25.049dB delta_ratio=5.949414e-01
I 07.11/05:04:33 train_adapter.py:916 ] Epoch [351/400] lr=1.180077e-04 train_loss=7.619820e-03 train_code_loss=2.735304e-03 train_code_mse=2.735304e-03 train_code_nmse=-22.986dB train_cos=0.997605 train_recon_mse=1.411229e-06 train_decoder_nmse=-25.050dB delta_ratio=5.934663e-01
I 07.11/05:04:45 train_adapter.py:916 ] Epoch [352/400] lr=1.172909e-04 train_loss=7.614880e-03 train_code_loss=2.733686e-03 train_code_mse=2.733686e-03 train_code_nmse=-22.988dB train_cos=0.997606 train_recon_mse=1.410455e-06 train_decoder_nmse=-25.052dB delta_ratio=5.953498e-01
I 07.11/05:04:57 train_adapter.py:916 ] Epoch [353/400] lr=1.165880e-04 train_loss=7.611718e-03 train_code_loss=2.732226e-03 train_code_mse=2.732226e-03 train_code_nmse=-22.991dB train_cos=0.997608 train_recon_mse=1.410417e-06 train_decoder_nmse=-25.052dB delta_ratio=5.892646e-01
I 07.11/05:05:08 train_adapter.py:916 ] Epoch [354/400] lr=1.158990e-04 train_loss=7.609336e-03 train_code_loss=2.731347e-03 train_code_mse=2.731347e-03 train_code_nmse=-22.992dB train_cos=0.997609 train_recon_mse=1.409878e-06 train_decoder_nmse=-25.054dB delta_ratio=5.991397e-01
I 07.11/05:05:20 train_adapter.py:916 ] Epoch [355/400] lr=1.152241e-04 train_loss=7.604994e-03 train_code_loss=2.729932e-03 train_code_mse=2.729932e-03 train_code_nmse=-22.994dB train_cos=0.997610 train_recon_mse=1.409291e-06 train_decoder_nmse=-25.056dB delta_ratio=5.978850e-01
I 07.11/05:05:32 train_adapter.py:916 ] Epoch [356/400] lr=1.145632e-04 train_loss=7.601490e-03 train_code_loss=2.728728e-03 train_code_mse=2.728728e-03 train_code_nmse=-22.996dB train_cos=0.997611 train_recon_mse=1.408870e-06 train_decoder_nmse=-25.057dB delta_ratio=5.961537e-01
I 07.11/05:05:43 train_adapter.py:916 ] Epoch [357/400] lr=1.139165e-04 train_loss=7.597532e-03 train_code_loss=2.727160e-03 train_code_mse=2.727160e-03 train_code_nmse=-22.999dB train_cos=0.997612 train_recon_mse=1.408406e-06 train_decoder_nmse=-25.059dB delta_ratio=5.980055e-01
I 07.11/05:05:55 train_adapter.py:916 ] Epoch [358/400] lr=1.132839e-04 train_loss=7.594951e-03 train_code_loss=2.726305e-03 train_code_mse=2.726305e-03 train_code_nmse=-23.000dB train_cos=0.997613 train_recon_mse=1.408102e-06 train_decoder_nmse=-25.059dB delta_ratio=5.895631e-01
I 07.11/05:06:07 train_adapter.py:916 ] Epoch [359/400] lr=1.126656e-04 train_loss=7.591431e-03 train_code_loss=2.724789e-03 train_code_mse=2.724789e-03 train_code_nmse=-23.002dB train_cos=0.997614 train_recon_mse=1.407634e-06 train_decoder_nmse=-25.061dB delta_ratio=5.978707e-01
I 07.11/05:06:21 train_adapter.py:864 ] Epoch [360/400] val code_loss=4.345734e-03 code_mse=4.345734e-03 code_nmse=-20.982dB cos=0.996458 decoder_mse=2.275187e-06 decoder_nmse=-22.980dB n=30000
I 07.11/05:06:23 train_adapter.py:864 ] Epoch [360/400] test code_loss=4.381201e-03 code_mse=4.381201e-03 code_nmse=-20.948dB cos=0.996430 decoder_mse=2.294576e-06 decoder_nmse=-22.944dB n=20000
I 07.11/05:06:23 train_adapter.py:916 ] Epoch [360/400] lr=1.120615e-04 train_loss=7.587425e-03 train_code_loss=2.723378e-03 train_code_mse=2.723378e-03 train_code_nmse=-23.005dB train_cos=0.997615 train_recon_mse=1.407026e-06 train_decoder_nmse=-25.063dB delta_ratio=5.969876e-01
I 07.11/05:06:35 train_adapter.py:916 ] Epoch [361/400] lr=1.114717e-04 train_loss=7.585771e-03 train_code_loss=2.722858e-03 train_code_mse=2.722858e-03 train_code_nmse=-23.005dB train_cos=0.997616 train_recon_mse=1.406861e-06 train_decoder_nmse=-25.063dB delta_ratio=5.918613e-01
I 07.11/05:06:47 train_adapter.py:916 ] Epoch [362/400] lr=1.108963e-04 train_loss=7.582805e-03 train_code_loss=2.721892e-03 train_code_mse=2.721892e-03 train_code_nmse=-23.007dB train_cos=0.997617 train_recon_mse=1.406552e-06 train_decoder_nmse=-25.064dB delta_ratio=5.912795e-01
I 07.11/05:06:58 train_adapter.py:916 ] Epoch [363/400] lr=1.103353e-04 train_loss=7.579842e-03 train_code_loss=2.720768e-03 train_code_mse=2.720768e-03 train_code_nmse=-23.009dB train_cos=0.997618 train_recon_mse=1.405984e-06 train_decoder_nmse=-25.066dB delta_ratio=5.951691e-01
I 07.11/05:07:10 train_adapter.py:916 ] Epoch [364/400] lr=1.097887e-04 train_loss=7.576158e-03 train_code_loss=2.719453e-03 train_code_mse=2.719453e-03 train_code_nmse=-23.011dB train_cos=0.997619 train_recon_mse=1.405548e-06 train_decoder_nmse=-25.067dB delta_ratio=5.953061e-01
I 07.11/05:07:21 train_adapter.py:916 ] Epoch [365/400] lr=1.092566e-04 train_loss=7.573383e-03 train_code_loss=2.718810e-03 train_code_mse=2.718810e-03 train_code_nmse=-23.012dB train_cos=0.997619 train_recon_mse=1.405298e-06 train_decoder_nmse=-25.068dB delta_ratio=5.928453e-01
I 07.11/05:07:33 train_adapter.py:916 ] Epoch [366/400] lr=1.087390e-04 train_loss=7.568709e-03 train_code_loss=2.716761e-03 train_code_mse=2.716761e-03 train_code_nmse=-23.015dB train_cos=0.997621 train_recon_mse=1.404744e-06 train_decoder_nmse=-25.070dB delta_ratio=5.954086e-01
I 07.11/05:07:45 train_adapter.py:916 ] Epoch [367/400] lr=1.082361e-04 train_loss=7.566253e-03 train_code_loss=2.715781e-03 train_code_mse=2.715781e-03 train_code_nmse=-23.017dB train_cos=0.997622 train_recon_mse=1.404302e-06 train_decoder_nmse=-25.071dB delta_ratio=5.955216e-01
I 07.11/05:07:57 train_adapter.py:916 ] Epoch [368/400] lr=1.077477e-04 train_loss=7.564483e-03 train_code_loss=2.715069e-03 train_code_mse=2.715069e-03 train_code_nmse=-23.018dB train_cos=0.997623 train_recon_mse=1.404373e-06 train_decoder_nmse=-25.071dB delta_ratio=5.967705e-01
I 07.11/05:08:09 train_adapter.py:916 ] Epoch [369/400] lr=1.072739e-04 train_loss=7.563072e-03 train_code_loss=2.714588e-03 train_code_mse=2.714588e-03 train_code_nmse=-23.019dB train_cos=0.997623 train_recon_mse=1.404090e-06 train_decoder_nmse=-25.072dB delta_ratio=5.982130e-01
I 07.11/05:08:23 train_adapter.py:864 ] Epoch [370/400] val code_loss=4.343465e-03 code_mse=4.343465e-03 code_nmse=-20.984dB cos=0.996461 decoder_mse=2.274194e-06 decoder_nmse=-22.982dB n=30000
I 07.11/05:08:25 train_adapter.py:864 ] Epoch [370/400] test code_loss=4.377305e-03 code_mse=4.377305e-03 code_nmse=-20.952dB cos=0.996434 decoder_mse=2.292689e-06 decoder_nmse=-22.947dB n=20000
I 07.11/05:08:25 train_adapter.py:916 ] Epoch [370/400] lr=1.068148e-04 train_loss=7.558669e-03 train_code_loss=2.713112e-03 train_code_mse=2.713112e-03 train_code_nmse=-23.021dB train_cos=0.997624 train_recon_mse=1.403496e-06 train_decoder_nmse=-25.074dB delta_ratio=5.985621e-01
I 07.11/05:08:37 train_adapter.py:916 ] Epoch [371/400] lr=1.063705e-04 train_loss=7.557137e-03 train_code_loss=2.712530e-03 train_code_mse=2.712530e-03 train_code_nmse=-23.022dB train_cos=0.997625 train_recon_mse=1.403286e-06 train_decoder_nmse=-25.074dB delta_ratio=5.963702e-01
I 07.11/05:08:49 train_adapter.py:916 ] Epoch [372/400] lr=1.059409e-04 train_loss=7.552876e-03 train_code_loss=2.710976e-03 train_code_mse=2.710976e-03 train_code_nmse=-23.024dB train_cos=0.997626 train_recon_mse=1.402888e-06 train_decoder_nmse=-25.076dB delta_ratio=5.981175e-01
I 07.11/05:09:00 train_adapter.py:916 ] Epoch [373/400] lr=1.055260e-04 train_loss=7.550180e-03 train_code_loss=2.710062e-03 train_code_mse=2.710062e-03 train_code_nmse=-23.026dB train_cos=0.997627 train_recon_mse=1.402366e-06 train_decoder_nmse=-25.077dB delta_ratio=5.920691e-01
I 07.11/05:09:12 train_adapter.py:916 ] Epoch [374/400] lr=1.051260e-04 train_loss=7.549224e-03 train_code_loss=2.709883e-03 train_code_mse=2.709883e-03 train_code_nmse=-23.026dB train_cos=0.997627 train_recon_mse=1.402297e-06 train_decoder_nmse=-25.077dB delta_ratio=5.983539e-01
I 07.11/05:09:24 train_adapter.py:916 ] Epoch [375/400] lr=1.047408e-04 train_loss=7.546073e-03 train_code_loss=2.708318e-03 train_code_mse=2.708318e-03 train_code_nmse=-23.029dB train_cos=0.997628 train_recon_mse=1.402091e-06 train_decoder_nmse=-25.078dB delta_ratio=5.982526e-01
I 07.11/05:09:36 train_adapter.py:916 ] Epoch [376/400] lr=1.043705e-04 train_loss=7.543063e-03 train_code_loss=2.707301e-03 train_code_mse=2.707301e-03 train_code_nmse=-23.030dB train_cos=0.997629 train_recon_mse=1.401547e-06 train_decoder_nmse=-25.080dB delta_ratio=5.980838e-01
I 07.11/05:09:48 train_adapter.py:916 ] Epoch [377/400] lr=1.040151e-04 train_loss=7.540201e-03 train_code_loss=2.706493e-03 train_code_mse=2.706493e-03 train_code_nmse=-23.032dB train_cos=0.997630 train_recon_mse=1.401195e-06 train_decoder_nmse=-25.081dB delta_ratio=5.961957e-01
I 07.11/05:09:59 train_adapter.py:916 ] Epoch [378/400] lr=1.036746e-04 train_loss=7.538593e-03 train_code_loss=2.705609e-03 train_code_mse=2.705609e-03 train_code_nmse=-23.033dB train_cos=0.997631 train_recon_mse=1.401010e-06 train_decoder_nmse=-25.081dB delta_ratio=5.961784e-01
I 07.11/05:10:12 train_adapter.py:916 ] Epoch [379/400] lr=1.033490e-04 train_loss=7.534685e-03 train_code_loss=2.704363e-03 train_code_mse=2.704363e-03 train_code_nmse=-23.035dB train_cos=0.997632 train_recon_mse=1.400423e-06 train_decoder_nmse=-25.083dB delta_ratio=5.977365e-01
I 07.11/05:10:26 train_adapter.py:864 ] Epoch [380/400] val code_loss=4.334140e-03 code_mse=4.334140e-03 code_nmse=-20.994dB cos=0.996470 decoder_mse=2.272348e-06 decoder_nmse=-22.985dB n=30000
I 07.11/05:10:27 train_adapter.py:864 ] Epoch [380/400] test code_loss=4.367673e-03 code_mse=4.367673e-03 code_nmse=-20.962dB cos=0.996444 decoder_mse=2.290078e-06 decoder_nmse=-22.952dB n=20000
I 07.11/05:10:27 train_adapter.py:916 ] Epoch [380/400] lr=1.030384e-04 train_loss=7.533572e-03 train_code_loss=2.703651e-03 train_code_mse=2.703651e-03 train_code_nmse=-23.036dB train_cos=0.997632 train_recon_mse=1.400318e-06 train_decoder_nmse=-25.084dB delta_ratio=5.984748e-01
I 07.11/05:10:39 train_adapter.py:916 ] Epoch [381/400] lr=1.027429e-04 train_loss=7.532229e-03 train_code_loss=2.703203e-03 train_code_mse=2.703203e-03 train_code_nmse=-23.037dB train_cos=0.997633 train_recon_mse=1.400272e-06 train_decoder_nmse=-25.084dB delta_ratio=5.972797e-01
I 07.11/05:10:51 train_adapter.py:916 ] Epoch [382/400] lr=1.024623e-04 train_loss=7.528049e-03 train_code_loss=2.701920e-03 train_code_mse=2.701920e-03 train_code_nmse=-23.039dB train_cos=0.997634 train_recon_mse=1.399960e-06 train_decoder_nmse=-25.085dB delta_ratio=5.946162e-01
I 07.11/05:11:02 train_adapter.py:916 ] Epoch [383/400] lr=1.021968e-04 train_loss=7.527293e-03 train_code_loss=2.701766e-03 train_code_mse=2.701766e-03 train_code_nmse=-23.039dB train_cos=0.997634 train_recon_mse=1.399577e-06 train_decoder_nmse=-25.086dB delta_ratio=5.971432e-01
I 07.11/05:11:14 train_adapter.py:916 ] Epoch [384/400] lr=1.019464e-04 train_loss=7.523999e-03 train_code_loss=2.700712e-03 train_code_mse=2.700712e-03 train_code_nmse=-23.041dB train_cos=0.997635 train_recon_mse=1.399054e-06 train_decoder_nmse=-25.087dB delta_ratio=5.913903e-01
I 07.11/05:11:25 train_adapter.py:916 ] Epoch [385/400] lr=1.017110e-04 train_loss=7.522557e-03 train_code_loss=2.699784e-03 train_code_mse=2.699784e-03 train_code_nmse=-23.042dB train_cos=0.997636 train_recon_mse=1.399284e-06 train_decoder_nmse=-25.087dB delta_ratio=5.928649e-01
I 07.11/05:11:37 train_adapter.py:916 ] Epoch [386/400] lr=1.014908e-04 train_loss=7.519185e-03 train_code_loss=2.698395e-03 train_code_mse=2.698395e-03 train_code_nmse=-23.045dB train_cos=0.997637 train_recon_mse=1.398573e-06 train_decoder_nmse=-25.089dB delta_ratio=5.941436e-01
I 07.11/05:11:49 train_adapter.py:916 ] Epoch [387/400] lr=1.012856e-04 train_loss=7.519127e-03 train_code_loss=2.698665e-03 train_code_mse=2.698665e-03 train_code_nmse=-23.044dB train_cos=0.997637 train_recon_mse=1.398516e-06 train_decoder_nmse=-25.089dB delta_ratio=5.972593e-01
I 07.11/05:12:01 train_adapter.py:916 ] Epoch [388/400] lr=1.010956e-04 train_loss=7.517490e-03 train_code_loss=2.697955e-03 train_code_mse=2.697955e-03 train_code_nmse=-23.045dB train_cos=0.997638 train_recon_mse=1.398372e-06 train_decoder_nmse=-25.090dB delta_ratio=6.004713e-01
I 07.11/05:12:13 train_adapter.py:916 ] Epoch [389/400] lr=1.009208e-04 train_loss=7.516061e-03 train_code_loss=2.697488e-03 train_code_mse=2.697488e-03 train_code_nmse=-23.046dB train_cos=0.997638 train_recon_mse=1.398260e-06 train_decoder_nmse=-25.090dB delta_ratio=5.961547e-01
I 07.11/05:12:27 train_adapter.py:864 ] Epoch [390/400] val code_loss=4.333709e-03 code_mse=4.333709e-03 code_nmse=-20.994dB cos=0.996471 decoder_mse=2.271229e-06 decoder_nmse=-22.988dB n=30000
I 07.11/05:12:28 train_adapter.py:864 ] Epoch [390/400] test code_loss=4.367999e-03 code_mse=4.367999e-03 code_nmse=-20.961dB cos=0.996444 decoder_mse=2.288705e-06 decoder_nmse=-22.955dB n=20000
I 07.11/05:12:28 train_adapter.py:916 ] Epoch [390/400] lr=1.007611e-04 train_loss=7.513180e-03 train_code_loss=2.696144e-03 train_code_mse=2.696144e-03 train_code_nmse=-23.048dB train_cos=0.997639 train_recon_mse=1.397990e-06 train_decoder_nmse=-25.091dB delta_ratio=5.994012e-01
I 07.11/05:12:40 train_adapter.py:916 ] Epoch [391/400] lr=1.006165e-04 train_loss=7.512359e-03 train_code_loss=2.695709e-03 train_code_mse=2.695709e-03 train_code_nmse=-23.049dB train_cos=0.997639 train_recon_mse=1.397972e-06 train_decoder_nmse=-25.091dB delta_ratio=5.976068e-01
I 07.11/05:12:52 train_adapter.py:916 ] Epoch [392/400] lr=1.004872e-04 train_loss=7.509704e-03 train_code_loss=2.695176e-03 train_code_mse=2.695176e-03 train_code_nmse=-23.050dB train_cos=0.997640 train_recon_mse=1.397356e-06 train_decoder_nmse=-25.093dB delta_ratio=6.004477e-01
I 07.11/05:13:04 train_adapter.py:916 ] Epoch [393/400] lr=1.003730e-04 train_loss=7.507344e-03 train_code_loss=2.694209e-03 train_code_mse=2.694209e-03 train_code_nmse=-23.051dB train_cos=0.997641 train_recon_mse=1.397117e-06 train_decoder_nmse=-25.093dB delta_ratio=5.973122e-01
I 07.11/05:13:15 train_adapter.py:916 ] Epoch [394/400] lr=1.002741e-04 train_loss=7.505813e-03 train_code_loss=2.693919e-03 train_code_mse=2.693919e-03 train_code_nmse=-23.052dB train_cos=0.997641 train_recon_mse=1.396676e-06 train_decoder_nmse=-25.095dB delta_ratio=5.979498e-01
I 07.11/05:13:27 train_adapter.py:916 ] Epoch [395/400] lr=1.001904e-04 train_loss=7.504746e-03 train_code_loss=2.693109e-03 train_code_mse=2.693109e-03 train_code_nmse=-23.053dB train_cos=0.997642 train_recon_mse=1.396871e-06 train_decoder_nmse=-25.094dB delta_ratio=6.008035e-01
I 07.11/05:13:39 train_adapter.py:916 ] Epoch [396/400] lr=1.001218e-04 train_loss=7.500854e-03 train_code_loss=2.691949e-03 train_code_mse=2.691949e-03 train_code_nmse=-23.055dB train_cos=0.997643 train_recon_mse=1.396459e-06 train_decoder_nmse=-25.096dB delta_ratio=6.009918e-01
I 07.11/05:13:51 train_adapter.py:916 ] Epoch [397/400] lr=1.000685e-04 train_loss=7.499051e-03 train_code_loss=2.691535e-03 train_code_mse=2.691535e-03 train_code_nmse=-23.056dB train_cos=0.997643 train_recon_mse=1.396186e-06 train_decoder_nmse=-25.096dB delta_ratio=6.024339e-01
I 07.11/05:14:03 train_adapter.py:916 ] Epoch [398/400] lr=1.000305e-04 train_loss=7.496869e-03 train_code_loss=2.690787e-03 train_code_mse=2.690787e-03 train_code_nmse=-23.057dB train_cos=0.997644 train_recon_mse=1.395834e-06 train_decoder_nmse=-25.097dB delta_ratio=6.017361e-01
I 07.11/05:14:15 train_adapter.py:916 ] Epoch [399/400] lr=1.000076e-04 train_loss=7.496953e-03 train_code_loss=2.690372e-03 train_code_mse=2.690372e-03 train_code_nmse=-23.058dB train_cos=0.997644 train_recon_mse=1.395836e-06 train_decoder_nmse=-25.097dB delta_ratio=5.984882e-01
I 07.11/05:14:29 train_adapter.py:864 ] Epoch [400/400] val code_loss=4.331428e-03 code_mse=4.331428e-03 code_nmse=-20.996dB cos=0.996474 decoder_mse=2.269144e-06 decoder_nmse=-22.992dB n=30000
I 07.11/05:14:30 train_adapter.py:864 ] Epoch [400/400] test code_loss=4.367833e-03 code_mse=4.367833e-03 code_nmse=-20.962dB cos=0.996446 decoder_mse=2.287307e-06 decoder_nmse=-22.958dB n=20000
I 07.11/05:14:30 train_adapter.py:916 ] Epoch [400/400] lr=1.000000e-04 train_loss=7.496093e-03 train_code_loss=2.690240e-03 train_code_mse=2.690240e-03 train_code_nmse=-23.058dB train_cos=0.997644 train_recon_mse=1.395700e-06 train_decoder_nmse=-25.098dB delta_ratio=6.006631e-01
I 07.11/05:14:31 train_adapter.py:948 ] => Exporting mapped codewords from adapter/exps/exp7/05_enc_target_l2_rs0p35_rec700/checkpoints/best_decoder_nmse.pth
I 07.11/05:14:34 train_adapter.py:957 ] => Saved train mapped codewords (100000, 512)
I 07.11/05:14:35 train_adapter.py:957 ] => Saved val mapped codewords (30000, 512)
I 07.11/05:14:35 train_adapter.py:957 ] => Saved test mapped codewords (20000, 512)
I 07.11/05:14:35 train_adapter.py:961 ] => Best val_code_mse: {'metric': 0.0043314282558858394, 'epoch': 400, 'metrics': {'code_loss': 0.0043314282558858394, 'code_mse': 0.0043314282558858394, 'feature_mse': 0.002914980550482869, 'encoder_consistency_mse': 0.0032402723307410875, 'code_nmse': -20.99634552001953, 'code_cos': 0.9964742289543151, 'decoder_mse': 2.269143513937403e-06, 'decoder_nmse': -22.991558074951172, 'n': 30000}}
I 07.11/05:14:35 train_adapter.py:962 ] => Best val_decoder_nmse: {'metric': -22.991558074951172, 'epoch': 400, 'metrics': {'code_loss': 0.0043314282558858394, 'code_mse': 0.0043314282558858394, 'feature_mse': 0.002914980550482869, 'encoder_consistency_mse': 0.0032402723307410875, 'code_nmse': -20.99634552001953, 'code_cos': 0.9964742289543151, 'decoder_mse': 2.269143513937403e-06, 'decoder_nmse': -22.991558074951172, 'n': 30000}}
