I 06.17/06:06:08 main.py:24  ] => Experiment directory: /storage/hujiacong/zxd/Huawei/UniversalCSI/exps/COST2100/in/seed424/transnet_hybrid
I 06.17/06:06:08 main.py:25  ] => PyTorch Version: 2.5.1
I 06.17/06:06:08 init.py:14  ] Random seed set to 424
I 06.17/06:06:11 init.py:121 ] Running on GPU 2
I 06.17/06:06:26 init.py:190 ] => Model Name: UniversalCSI [pretrained: None; pretrained_encoder: None; pretrained_decoder: None]
I 06.17/06:06:26 init.py:193 ] => Model Config: compression ratio=1/4; encoder=transnet; decoder=hybrid; code_adapter=False; lora_component=None; input shape=(2, 32, 32); input dim=2048
I 06.17/06:06:26 init.py:200 ] => Model Flops: 4.6279e+01M
I 06.17/06:06:26 init.py:201 ] => Model Params Num: 3.4315e+00M

I 06.17/06:06:26 init.py:202 ] 
**********
UniversalCSIModel(
  (encoder): TransNetEncoder(
    (encoder): TransformerEncoder(
      (layers): ModuleList(
        (0-1): 2 x TransformerEncoderLayer(
          (self_attn): MultiheadAttention(
            (out_proj): NonDynamicallyQuantizableLinear(in_features=64, out_features=64, bias=True)
          )
          (linear1): Linear(in_features=64, out_features=2048, bias=True)
          (dropout): Dropout(p=0.0, inplace=False)
          (linear2): Linear(in_features=2048, out_features=64, bias=True)
          (norm1): LayerNorm((64,), eps=1e-05, elementwise_affine=True)
          (norm2): LayerNorm((64,), eps=1e-05, elementwise_affine=True)
          (dropout1): Dropout(p=0.0, inplace=False)
          (dropout2): Dropout(p=0.0, inplace=False)
        )
      )
    )
    (fc): Linear(in_features=2048, out_features=512, bias=True)
  )
  (code_adapter): CodeAdapter(
    (net): Identity()
  )
  (decoder): HybridDecoder(
    (semantic_projector): Sequential(
      (norm): LayerNorm((512,), eps=1e-05, elementwise_affine=True)
      (linear): Linear(in_features=512, out_features=512, bias=True)
    )
    (token_projection): Linear(in_features=512, out_features=2048, bias=True)
    (token_mixer): TransformerEncoder(
      (layers): ModuleList(
        (0-1): 2 x TransformerEncoderLayer(
          (self_attn): MultiheadAttention(
            (out_proj): NonDynamicallyQuantizableLinear(in_features=64, out_features=64, bias=True)
          )
          (linear1): Linear(in_features=64, out_features=2048, bias=True)
          (dropout): Dropout(p=0.0, inplace=False)
          (linear2): Linear(in_features=2048, out_features=64, bias=True)
          (norm1): LayerNorm((64,), eps=1e-05, elementwise_affine=True)
          (norm2): LayerNorm((64,), eps=1e-05, elementwise_affine=True)
          (dropout1): Dropout(p=0.0, inplace=False)
          (dropout2): Dropout(p=0.0, inplace=False)
        )
      )
      (norm): LayerNorm((64,), eps=1e-05, elementwise_affine=True)
    )
    (refine): CNNRefinementHead(
      (net): Sequential(
        (conv_in): Conv2d(2, 16, kernel_size=(3, 3), stride=(1, 1), padding=(1, 1), bias=False)
        (relu_in): LeakyReLU(negative_slope=0.3, inplace=True)
        (res1): ConvResidualBlock(
          (block): Sequential(
            (conv1): ConvBN(
              (conv): Conv2d(16, 16, kernel_size=(3, 3), stride=(1, 1), padding=(1, 1), bias=False)
              (bn): BatchNorm2d(16, eps=1e-05, momentum=0.1, affine=True, track_running_stats=True)
            )
            (relu1): LeakyReLU(negative_slope=0.3, inplace=True)
            (conv2): ConvBN(
              (conv): Conv2d(16, 16, kernel_size=(3, 3), stride=(1, 1), padding=(1, 1), bias=False)
              (bn): BatchNorm2d(16, eps=1e-05, momentum=0.1, affine=True, track_running_stats=True)
            )
          )
          (relu): LeakyReLU(negative_slope=0.3, inplace=True)
        )
        (res2): ConvResidualBlock(
          (block): Sequential(
            (conv1): ConvBN(
              (conv): Conv2d(16, 16, kernel_size=(3, 3), stride=(1, 1), padding=(1, 1), bias=False)
              (bn): BatchNorm2d(16, eps=1e-05, momentum=0.1, affine=True, track_running_stats=True)
            )
            (relu1): LeakyReLU(negative_slope=0.3, inplace=True)
            (conv2): ConvBN(
              (conv): Conv2d(16, 16, kernel_size=(3, 3), stride=(1, 1), padding=(1, 1), bias=False)
              (bn): BatchNorm2d(16, eps=1e-05, momentum=0.1, affine=True, track_running_stats=True)
            )
          )
          (relu): LeakyReLU(negative_slope=0.3, inplace=True)
        )
        (conv_out): Conv2d(16, 2, kernel_size=(3, 3), stride=(1, 1), padding=(1, 1))
      )
    )
  )
)
**********

I 06.17/06:06:26 init.py:34  ] 
encoder.encoder.layers.0.self_attn.in_proj_weight                 True          (192, 64)
encoder.encoder.layers.0.self_attn.in_proj_bias                   True             (192,)
encoder.encoder.layers.0.self_attn.out_proj.weight                True           (64, 64)
encoder.encoder.layers.0.self_attn.out_proj.bias                  True              (64,)
encoder.encoder.layers.0.linear1.weight                           True         (2048, 64)
encoder.encoder.layers.0.linear1.bias                             True            (2048,)
encoder.encoder.layers.0.linear2.weight                           True         (64, 2048)
encoder.encoder.layers.0.linear2.bias                             True              (64,)
encoder.encoder.layers.0.norm1.weight                             True              (64,)
encoder.encoder.layers.0.norm1.bias                               True              (64,)
encoder.encoder.layers.0.norm2.weight                             True              (64,)
encoder.encoder.layers.0.norm2.bias                               True              (64,)
encoder.encoder.layers.1.self_attn.in_proj_weight                 True          (192, 64)
encoder.encoder.layers.1.self_attn.in_proj_bias                   True             (192,)
encoder.encoder.layers.1.self_attn.out_proj.weight                True           (64, 64)
encoder.encoder.layers.1.self_attn.out_proj.bias                  True              (64,)
encoder.encoder.layers.1.linear1.weight                           True         (2048, 64)
encoder.encoder.layers.1.linear1.bias                             True            (2048,)
encoder.encoder.layers.1.linear2.weight                           True         (64, 2048)
encoder.encoder.layers.1.linear2.bias                             True              (64,)
encoder.encoder.layers.1.norm1.weight                             True              (64,)
encoder.encoder.layers.1.norm1.bias                               True              (64,)
encoder.encoder.layers.1.norm2.weight                             True              (64,)
encoder.encoder.layers.1.norm2.bias                               True              (64,)
encoder.fc.weight                                                 True        (512, 2048)
encoder.fc.bias                                                   True             (512,)
decoder.residual_scale                                            True               (1,)
decoder.semantic_projector.norm.weight                            True             (512,)
decoder.semantic_projector.norm.bias                              True             (512,)
decoder.semantic_projector.linear.weight                          True         (512, 512)
decoder.semantic_projector.linear.bias                            True             (512,)
decoder.token_projection.weight                                   True        (2048, 512)
decoder.token_projection.bias                                     True            (2048,)
decoder.token_mixer.layers.0.self_attn.in_proj_weight             True          (192, 64)
decoder.token_mixer.layers.0.self_attn.in_proj_bias               True             (192,)
decoder.token_mixer.layers.0.self_attn.out_proj.weight            True           (64, 64)
decoder.token_mixer.layers.0.self_attn.out_proj.bias              True              (64,)
decoder.token_mixer.layers.0.linear1.weight                       True         (2048, 64)
decoder.token_mixer.layers.0.linear1.bias                         True            (2048,)
decoder.token_mixer.layers.0.linear2.weight                       True         (64, 2048)
decoder.token_mixer.layers.0.linear2.bias                         True              (64,)
decoder.token_mixer.layers.0.norm1.weight                         True              (64,)
decoder.token_mixer.layers.0.norm1.bias                           True              (64,)
decoder.token_mixer.layers.0.norm2.weight                         True              (64,)
decoder.token_mixer.layers.0.norm2.bias                           True              (64,)
decoder.token_mixer.layers.1.self_attn.in_proj_weight             True          (192, 64)
decoder.token_mixer.layers.1.self_attn.in_proj_bias               True             (192,)
decoder.token_mixer.layers.1.self_attn.out_proj.weight            True           (64, 64)
decoder.token_mixer.layers.1.self_attn.out_proj.bias              True              (64,)
decoder.token_mixer.layers.1.linear1.weight                       True         (2048, 64)
decoder.token_mixer.layers.1.linear1.bias                         True            (2048,)
decoder.token_mixer.layers.1.linear2.weight                       True         (64, 2048)
decoder.token_mixer.layers.1.linear2.bias                         True              (64,)
decoder.token_mixer.layers.1.norm1.weight                         True              (64,)
decoder.token_mixer.layers.1.norm1.bias                           True              (64,)
decoder.token_mixer.layers.1.norm2.weight                         True              (64,)
decoder.token_mixer.layers.1.norm2.bias                           True              (64,)
decoder.token_mixer.norm.weight                                   True              (64,)
decoder.token_mixer.norm.bias                                     True              (64,)
decoder.refine.net.conv_in.weight                                 True      (16, 2, 3, 3)
decoder.refine.net.res1.block.conv1.conv.weight                   True     (16, 16, 3, 3)
decoder.refine.net.res1.block.conv1.bn.weight                     True              (16,)
decoder.refine.net.res1.block.conv1.bn.bias                       True              (16,)
decoder.refine.net.res1.block.conv2.conv.weight                   True     (16, 16, 3, 3)
decoder.refine.net.res1.block.conv2.bn.weight                     True              (16,)
decoder.refine.net.res1.block.conv2.bn.bias                       True              (16,)
decoder.refine.net.res2.block.conv1.conv.weight                   True     (16, 16, 3, 3)
decoder.refine.net.res2.block.conv1.bn.weight                     True              (16,)
decoder.refine.net.res2.block.conv1.bn.bias                       True              (16,)
decoder.refine.net.res2.block.conv2.conv.weight                   True     (16, 16, 3, 3)
decoder.refine.net.res2.block.conv2.bn.weight                     True              (16,)
decoder.refine.net.res2.block.conv2.bn.bias                       True              (16,)
decoder.refine.net.conv_out.weight                                True      (2, 16, 3, 3)
decoder.refine.net.conv_out.bias                                  True               (2,)
**********
I 06.17/06:06:33 solver.py:221 ] Epoch: [1/400][20/391] lr: 2.56e-07 | MSE loss: 1.0003e+00 | time: 0.250
I 06.17/06:06:36 solver.py:221 ] Epoch: [1/400][40/391] lr: 5.12e-07 | MSE loss: 1.0002e+00 | time: 0.202
I 06.17/06:06:39 solver.py:221 ] Epoch: [1/400][60/391] lr: 7.67e-07 | MSE loss: 9.9999e-01 | time: 0.185
I 06.17/06:06:42 solver.py:221 ] Epoch: [1/400][80/391] lr: 1.02e-06 | MSE loss: 9.9968e-01 | time: 0.176
I 06.17/06:06:45 solver.py:221 ] Epoch: [1/400][100/391] lr: 1.28e-06 | MSE loss: 9.9928e-01 | time: 0.174
I 06.17/06:06:48 solver.py:221 ] Epoch: [1/400][120/391] lr: 1.53e-06 | MSE loss: 9.9878e-01 | time: 0.170
I 06.17/06:06:51 solver.py:221 ] Epoch: [1/400][140/391] lr: 1.79e-06 | MSE loss: 9.9818e-01 | time: 0.167
I 06.17/06:06:55 solver.py:221 ] Epoch: [1/400][160/391] lr: 2.05e-06 | MSE loss: 9.9747e-01 | time: 0.170
I 06.17/06:06:58 solver.py:221 ] Epoch: [1/400][180/391] lr: 2.30e-06 | MSE loss: 9.9662e-01 | time: 0.168
I 06.17/06:07:02 solver.py:221 ] Epoch: [1/400][200/391] lr: 2.56e-06 | MSE loss: 9.9558e-01 | time: 0.173
I 06.17/06:07:10 solver.py:221 ] Epoch: [1/400][220/391] lr: 2.81e-06 | MSE loss: 9.9417e-01 | time: 0.191
I 06.17/06:07:13 solver.py:221 ] Epoch: [1/400][240/391] lr: 3.07e-06 | MSE loss: 9.9201e-01 | time: 0.188
I 06.17/06:07:16 solver.py:221 ] Epoch: [1/400][260/391] lr: 3.32e-06 | MSE loss: 9.8861e-01 | time: 0.185
I 06.17/06:07:20 solver.py:221 ] Epoch: [1/400][280/391] lr: 3.58e-06 | MSE loss: 9.8354e-01 | time: 0.184
I 06.17/06:07:23 solver.py:221 ] Epoch: [1/400][300/391] lr: 3.84e-06 | MSE loss: 9.7653e-01 | time: 0.182
I 06.17/06:07:26 solver.py:221 ] Epoch: [1/400][320/391] lr: 4.09e-06 | MSE loss: 9.6746e-01 | time: 0.181
I 06.17/06:07:29 solver.py:221 ] Epoch: [1/400][340/391] lr: 4.35e-06 | MSE loss: 9.5640e-01 | time: 0.179
I 06.17/06:07:32 solver.py:221 ] Epoch: [1/400][360/391] lr: 4.60e-06 | MSE loss: 9.4350e-01 | time: 0.178
I 06.17/06:07:35 solver.py:221 ] Epoch: [1/400][380/391] lr: 4.86e-06 | MSE loss: 9.2897e-01 | time: 0.177
I 06.17/06:07:37 solver.py:243 ] => Train  Loss: 9.2038e-01

I 06.17/06:07:40 solver.py:221 ] Epoch: [2/400][20/391] lr: 5.26e-06 | MSE loss: 5.7996e-01 | time: 0.135
I 06.17/06:07:43 solver.py:221 ] Epoch: [2/400][40/391] lr: 5.51e-06 | MSE loss: 5.5196e-01 | time: 0.140
I 06.17/06:07:46 solver.py:221 ] Epoch: [2/400][60/391] lr: 5.77e-06 | MSE loss: 5.2408e-01 | time: 0.146
I 06.17/06:07:49 solver.py:221 ] Epoch: [2/400][80/391] lr: 6.02e-06 | MSE loss: 4.9652e-01 | time: 0.148
I 06.17/06:07:52 solver.py:221 ] Epoch: [2/400][100/391] lr: 6.28e-06 | MSE loss: 4.6958e-01 | time: 0.148
I 06.17/06:07:55 solver.py:221 ] Epoch: [2/400][120/391] lr: 6.53e-06 | MSE loss: 4.4355e-01 | time: 0.145
I 06.17/06:07:58 solver.py:221 ] Epoch: [2/400][140/391] lr: 6.79e-06 | MSE loss: 4.1865e-01 | time: 0.148
I 06.17/06:08:01 solver.py:221 ] Epoch: [2/400][160/391] lr: 7.05e-06 | MSE loss: 3.9502e-01 | time: 0.147
I 06.17/06:08:06 solver.py:221 ] Epoch: [2/400][180/391] lr: 7.30e-06 | MSE loss: 3.7269e-01 | time: 0.159
I 06.17/06:08:11 solver.py:221 ] Epoch: [2/400][200/391] lr: 7.56e-06 | MSE loss: 3.5170e-01 | time: 0.170
I 06.17/06:08:14 solver.py:221 ] Epoch: [2/400][220/391] lr: 7.81e-06 | MSE loss: 3.3209e-01 | time: 0.167
I 06.17/06:08:17 solver.py:221 ] Epoch: [2/400][240/391] lr: 8.07e-06 | MSE loss: 3.1384e-01 | time: 0.165
I 06.17/06:08:20 solver.py:221 ] Epoch: [2/400][260/391] lr: 8.32e-06 | MSE loss: 2.9692e-01 | time: 0.164
I 06.17/06:08:23 solver.py:221 ] Epoch: [2/400][280/391] lr: 8.58e-06 | MSE loss: 2.8126e-01 | time: 0.163
I 06.17/06:08:26 solver.py:221 ] Epoch: [2/400][300/391] lr: 8.84e-06 | MSE loss: 2.6680e-01 | time: 0.162
I 06.17/06:08:29 solver.py:221 ] Epoch: [2/400][320/391] lr: 9.09e-06 | MSE loss: 2.5347e-01 | time: 0.162
I 06.17/06:08:33 solver.py:221 ] Epoch: [2/400][340/391] lr: 9.35e-06 | MSE loss: 2.4120e-01 | time: 0.162
I 06.17/06:08:35 solver.py:221 ] Epoch: [2/400][360/391] lr: 9.60e-06 | MSE loss: 2.2989e-01 | time: 0.161
I 06.17/06:08:38 solver.py:221 ] Epoch: [2/400][380/391] lr: 9.86e-06 | MSE loss: 2.1949e-01 | time: 0.160
I 06.17/06:08:40 solver.py:243 ] => Train  Loss: 2.1412e-01

I 06.17/06:08:43 solver.py:221 ] Epoch: [3/400][20/391] lr: 1.03e-05 | MSE loss: 2.5897e-02 | time: 0.135
I 06.17/06:08:46 solver.py:221 ] Epoch: [3/400][40/391] lr: 1.05e-05 | MSE loss: 2.4472e-02 | time: 0.146
I 06.17/06:08:49 solver.py:221 ] Epoch: [3/400][60/391] lr: 1.08e-05 | MSE loss: 2.3285e-02 | time: 0.146
I 06.17/06:08:52 solver.py:221 ] Epoch: [3/400][80/391] lr: 1.10e-05 | MSE loss: 2.2284e-02 | time: 0.149
I 06.17/06:08:55 solver.py:221 ] Epoch: [3/400][100/391] lr: 1.13e-05 | MSE loss: 2.1436e-02 | time: 0.148
I 06.17/06:08:58 solver.py:221 ] Epoch: [3/400][120/391] lr: 1.15e-05 | MSE loss: 2.0710e-02 | time: 0.148
I 06.17/06:09:01 solver.py:221 ] Epoch: [3/400][140/391] lr: 1.18e-05 | MSE loss: 2.0079e-02 | time: 0.149
I 06.17/06:09:05 solver.py:221 ] Epoch: [3/400][160/391] lr: 1.20e-05 | MSE loss: 1.9525e-02 | time: 0.156
I 06.17/06:09:08 solver.py:221 ] Epoch: [3/400][180/391] lr: 1.23e-05 | MSE loss: 1.9031e-02 | time: 0.154
I 06.17/06:09:11 solver.py:221 ] Epoch: [3/400][200/391] lr: 1.26e-05 | MSE loss: 1.8585e-02 | time: 0.154
I 06.17/06:09:14 solver.py:221 ] Epoch: [3/400][220/391] lr: 1.28e-05 | MSE loss: 1.8177e-02 | time: 0.154
I 06.17/06:09:17 solver.py:221 ] Epoch: [3/400][240/391] lr: 1.31e-05 | MSE loss: 1.7799e-02 | time: 0.153
I 06.17/06:09:20 solver.py:221 ] Epoch: [3/400][260/391] lr: 1.33e-05 | MSE loss: 1.7444e-02 | time: 0.153
I 06.17/06:09:23 solver.py:221 ] Epoch: [3/400][280/391] lr: 1.36e-05 | MSE loss: 1.7110e-02 | time: 0.152
I 06.17/06:09:26 solver.py:221 ] Epoch: [3/400][300/391] lr: 1.38e-05 | MSE loss: 1.6795e-02 | time: 0.152
I 06.17/06:09:29 solver.py:221 ] Epoch: [3/400][320/391] lr: 1.41e-05 | MSE loss: 1.6496e-02 | time: 0.152
I 06.17/06:09:32 solver.py:221 ] Epoch: [3/400][340/391] lr: 1.43e-05 | MSE loss: 1.6211e-02 | time: 0.152
I 06.17/06:09:35 solver.py:221 ] Epoch: [3/400][360/391] lr: 1.46e-05 | MSE loss: 1.5937e-02 | time: 0.152
I 06.17/06:09:38 solver.py:221 ] Epoch: [3/400][380/391] lr: 1.49e-05 | MSE loss: 1.5672e-02 | time: 0.152
I 06.17/06:09:40 solver.py:243 ] => Train  Loss: 1.5529e-02

I 06.17/06:09:43 solver.py:221 ] Epoch: [4/400][20/391] lr: 1.53e-05 | MSE loss: 1.0293e-02 | time: 0.141
I 06.17/06:09:46 solver.py:221 ] Epoch: [4/400][40/391] lr: 1.55e-05 | MSE loss: 1.0094e-02 | time: 0.148
I 06.17/06:09:49 solver.py:221 ] Epoch: [4/400][60/391] lr: 1.58e-05 | MSE loss: 9.8878e-03 | time: 0.152
I 06.17/06:09:52 solver.py:221 ] Epoch: [4/400][80/391] lr: 1.60e-05 | MSE loss: 9.6789e-03 | time: 0.151
I 06.17/06:09:55 solver.py:221 ] Epoch: [4/400][100/391] lr: 1.63e-05 | MSE loss: 9.4671e-03 | time: 0.154
I 06.17/06:09:58 solver.py:221 ] Epoch: [4/400][120/391] lr: 1.65e-05 | MSE loss: 9.2525e-03 | time: 0.153
I 06.17/06:10:01 solver.py:221 ] Epoch: [4/400][140/391] lr: 1.68e-05 | MSE loss: 9.0359e-03 | time: 0.152
I 06.17/06:10:06 solver.py:221 ] Epoch: [4/400][160/391] lr: 1.70e-05 | MSE loss: 8.8174e-03 | time: 0.163
I 06.17/06:10:09 solver.py:221 ] Epoch: [4/400][180/391] lr: 1.73e-05 | MSE loss: 8.5979e-03 | time: 0.160
I 06.17/06:10:12 solver.py:221 ] Epoch: [4/400][200/391] lr: 1.76e-05 | MSE loss: 8.3777e-03 | time: 0.159
I 06.17/06:10:15 solver.py:221 ] Epoch: [4/400][220/391] lr: 1.78e-05 | MSE loss: 8.1576e-03 | time: 0.159
I 06.17/06:10:18 solver.py:221 ] Epoch: [4/400][240/391] lr: 1.81e-05 | MSE loss: 7.9382e-03 | time: 0.157
I 06.17/06:10:21 solver.py:221 ] Epoch: [4/400][260/391] lr: 1.83e-05 | MSE loss: 7.7213e-03 | time: 0.157
I 06.17/06:10:24 solver.py:221 ] Epoch: [4/400][280/391] lr: 1.86e-05 | MSE loss: 7.5078e-03 | time: 0.157
I 06.17/06:10:27 solver.py:221 ] Epoch: [4/400][300/391] lr: 1.88e-05 | MSE loss: 7.2985e-03 | time: 0.156
I 06.17/06:10:30 solver.py:221 ] Epoch: [4/400][320/391] lr: 1.91e-05 | MSE loss: 7.0942e-03 | time: 0.156
I 06.17/06:10:33 solver.py:221 ] Epoch: [4/400][340/391] lr: 1.93e-05 | MSE loss: 6.8949e-03 | time: 0.156
I 06.17/06:10:36 solver.py:221 ] Epoch: [4/400][360/391] lr: 1.96e-05 | MSE loss: 6.7011e-03 | time: 0.155
I 06.17/06:10:39 solver.py:221 ] Epoch: [4/400][380/391] lr: 1.99e-05 | MSE loss: 6.5133e-03 | time: 0.155
I 06.17/06:10:40 solver.py:243 ] => Train  Loss: 6.4126e-03

I 06.17/06:10:44 solver.py:221 ] Epoch: [5/400][20/391] lr: 2.03e-05 | MSE loss: 2.7566e-03 | time: 0.151
I 06.17/06:10:47 solver.py:221 ] Epoch: [5/400][40/391] lr: 2.05e-05 | MSE loss: 2.6473e-03 | time: 0.154
I 06.17/06:10:50 solver.py:221 ] Epoch: [5/400][60/391] lr: 2.08e-05 | MSE loss: 2.5443e-03 | time: 0.156
I 06.17/06:10:53 solver.py:221 ] Epoch: [5/400][80/391] lr: 2.10e-05 | MSE loss: 2.4486e-03 | time: 0.153
I 06.17/06:10:56 solver.py:221 ] Epoch: [5/400][100/391] lr: 2.13e-05 | MSE loss: 2.3578e-03 | time: 0.152
I 06.17/06:10:59 solver.py:221 ] Epoch: [5/400][120/391] lr: 2.15e-05 | MSE loss: 2.2727e-03 | time: 0.152
I 06.17/06:11:03 solver.py:221 ] Epoch: [5/400][140/391] lr: 2.18e-05 | MSE loss: 2.1920e-03 | time: 0.159
I 06.17/06:11:06 solver.py:221 ] Epoch: [5/400][160/391] lr: 2.20e-05 | MSE loss: 2.1151e-03 | time: 0.161
I 06.17/06:11:09 solver.py:221 ] Epoch: [5/400][180/391] lr: 2.23e-05 | MSE loss: 2.0406e-03 | time: 0.159
I 06.17/06:11:13 solver.py:221 ] Epoch: [5/400][200/391] lr: 2.26e-05 | MSE loss: 1.9688e-03 | time: 0.159
I 06.17/06:11:16 solver.py:221 ] Epoch: [5/400][220/391] lr: 2.28e-05 | MSE loss: 1.9009e-03 | time: 0.158
I 06.17/06:11:19 solver.py:221 ] Epoch: [5/400][240/391] lr: 2.31e-05 | MSE loss: 1.8377e-03 | time: 0.159
I 06.17/06:11:22 solver.py:221 ] Epoch: [5/400][260/391] lr: 2.33e-05 | MSE loss: 1.7787e-03 | time: 0.158
I 06.17/06:11:25 solver.py:221 ] Epoch: [5/400][280/391] lr: 2.36e-05 | MSE loss: 1.7240e-03 | time: 0.157
I 06.17/06:11:28 solver.py:221 ] Epoch: [5/400][300/391] lr: 2.38e-05 | MSE loss: 1.6726e-03 | time: 0.157
I 06.17/06:11:31 solver.py:221 ] Epoch: [5/400][320/391] lr: 2.41e-05 | MSE loss: 1.6252e-03 | time: 0.157
I 06.17/06:11:34 solver.py:221 ] Epoch: [5/400][340/391] lr: 2.43e-05 | MSE loss: 1.5809e-03 | time: 0.156
I 06.17/06:11:37 solver.py:221 ] Epoch: [5/400][360/391] lr: 2.46e-05 | MSE loss: 1.5395e-03 | time: 0.155
I 06.17/06:11:40 solver.py:221 ] Epoch: [5/400][380/391] lr: 2.49e-05 | MSE loss: 1.5006e-03 | time: 0.155
I 06.17/06:11:41 solver.py:243 ] => Train  Loss: 1.4802e-03

I 06.17/06:11:44 solver.py:221 ] Epoch: [6/400][20/391] lr: 2.53e-05 | MSE loss: 7.5639e-04 | time: 0.140
I 06.17/06:11:47 solver.py:221 ] Epoch: [6/400][40/391] lr: 2.55e-05 | MSE loss: 7.4439e-04 | time: 0.144
I 06.17/06:11:50 solver.py:221 ] Epoch: [6/400][60/391] lr: 2.58e-05 | MSE loss: 7.3154e-04 | time: 0.147
I 06.17/06:11:53 solver.py:221 ] Epoch: [6/400][80/391] lr: 2.60e-05 | MSE loss: 7.1980e-04 | time: 0.147
I 06.17/06:11:56 solver.py:221 ] Epoch: [6/400][100/391] lr: 2.63e-05 | MSE loss: 7.1035e-04 | time: 0.146
I 06.17/06:11:59 solver.py:221 ] Epoch: [6/400][120/391] lr: 2.65e-05 | MSE loss: 7.0048e-04 | time: 0.146
I 06.17/06:12:03 solver.py:221 ] Epoch: [6/400][140/391] lr: 2.68e-05 | MSE loss: 6.9106e-04 | time: 0.156
I 06.17/06:12:07 solver.py:221 ] Epoch: [6/400][160/391] lr: 2.70e-05 | MSE loss: 6.8253e-04 | time: 0.158
I 06.17/06:12:10 solver.py:221 ] Epoch: [6/400][180/391] lr: 2.73e-05 | MSE loss: 6.7444e-04 | time: 0.157
I 06.17/06:12:13 solver.py:221 ] Epoch: [6/400][200/391] lr: 2.76e-05 | MSE loss: 6.6704e-04 | time: 0.156
I 06.17/06:12:16 solver.py:221 ] Epoch: [6/400][220/391] lr: 2.78e-05 | MSE loss: 6.6013e-04 | time: 0.156
I 06.17/06:12:19 solver.py:221 ] Epoch: [6/400][240/391] lr: 2.81e-05 | MSE loss: 6.5354e-04 | time: 0.156
I 06.17/06:12:22 solver.py:221 ] Epoch: [6/400][260/391] lr: 2.83e-05 | MSE loss: 6.4744e-04 | time: 0.155
I 06.17/06:12:25 solver.py:221 ] Epoch: [6/400][280/391] lr: 2.86e-05 | MSE loss: 6.4130e-04 | time: 0.155
I 06.17/06:12:28 solver.py:221 ] Epoch: [6/400][300/391] lr: 2.88e-05 | MSE loss: 6.3573e-04 | time: 0.154
I 06.17/06:12:31 solver.py:221 ] Epoch: [6/400][320/391] lr: 2.91e-05 | MSE loss: 6.3045e-04 | time: 0.154
I 06.17/06:12:34 solver.py:221 ] Epoch: [6/400][340/391] lr: 2.93e-05 | MSE loss: 6.2541e-04 | time: 0.154
I 06.17/06:12:37 solver.py:221 ] Epoch: [6/400][360/391] lr: 2.96e-05 | MSE loss: 6.2056e-04 | time: 0.154
I 06.17/06:12:40 solver.py:221 ] Epoch: [6/400][380/391] lr: 2.99e-05 | MSE loss: 6.1612e-04 | time: 0.153
I 06.17/06:12:41 solver.py:243 ] => Train  Loss: 6.1375e-04

I 06.17/06:12:45 solver.py:221 ] Epoch: [7/400][20/391] lr: 3.03e-05 | MSE loss: 5.3038e-04 | time: 0.140
I 06.17/06:12:47 solver.py:221 ] Epoch: [7/400][40/391] lr: 3.05e-05 | MSE loss: 5.2830e-04 | time: 0.144
I 06.17/06:12:51 solver.py:221 ] Epoch: [7/400][60/391] lr: 3.08e-05 | MSE loss: 5.2580e-04 | time: 0.150
I 06.17/06:12:54 solver.py:221 ] Epoch: [7/400][80/391] lr: 3.10e-05 | MSE loss: 5.2377e-04 | time: 0.149
I 06.17/06:12:57 solver.py:221 ] Epoch: [7/400][100/391] lr: 3.13e-05 | MSE loss: 5.2176e-04 | time: 0.150
I 06.17/06:13:00 solver.py:221 ] Epoch: [7/400][120/391] lr: 3.15e-05 | MSE loss: 5.1880e-04 | time: 0.149
I 06.17/06:13:04 solver.py:221 ] Epoch: [7/400][140/391] lr: 3.18e-05 | MSE loss: 5.1636e-04 | time: 0.160
I 06.17/06:13:07 solver.py:221 ] Epoch: [7/400][160/391] lr: 3.20e-05 | MSE loss: 5.1537e-04 | time: 0.158
I 06.17/06:13:10 solver.py:221 ] Epoch: [7/400][180/391] lr: 3.23e-05 | MSE loss: 5.1378e-04 | time: 0.159
I 06.17/06:13:14 solver.py:221 ] Epoch: [7/400][200/391] lr: 3.26e-05 | MSE loss: 5.1203e-04 | time: 0.159
I 06.17/06:13:17 solver.py:221 ] Epoch: [7/400][220/391] lr: 3.28e-05 | MSE loss: 5.1042e-04 | time: 0.160
I 06.17/06:13:20 solver.py:221 ] Epoch: [7/400][240/391] lr: 3.31e-05 | MSE loss: 5.0882e-04 | time: 0.158
I 06.17/06:13:23 solver.py:221 ] Epoch: [7/400][260/391] lr: 3.33e-05 | MSE loss: 5.0725e-04 | time: 0.160
I 06.17/06:13:26 solver.py:221 ] Epoch: [7/400][280/391] lr: 3.36e-05 | MSE loss: 5.0596e-04 | time: 0.159
I 06.17/06:13:30 solver.py:221 ] Epoch: [7/400][300/391] lr: 3.38e-05 | MSE loss: 5.0477e-04 | time: 0.160
I 06.17/06:13:33 solver.py:221 ] Epoch: [7/400][320/391] lr: 3.41e-05 | MSE loss: 5.0357e-04 | time: 0.159
I 06.17/06:13:36 solver.py:221 ] Epoch: [7/400][340/391] lr: 3.43e-05 | MSE loss: 5.0243e-04 | time: 0.159
I 06.17/06:13:39 solver.py:221 ] Epoch: [7/400][360/391] lr: 3.46e-05 | MSE loss: 5.0134e-04 | time: 0.158
I 06.17/06:13:42 solver.py:221 ] Epoch: [7/400][380/391] lr: 3.49e-05 | MSE loss: 5.0046e-04 | time: 0.158
I 06.17/06:13:43 solver.py:243 ] => Train  Loss: 5.0010e-04

I 06.17/06:13:46 solver.py:221 ] Epoch: [8/400][20/391] lr: 3.53e-05 | MSE loss: 4.8211e-04 | time: 0.145
I 06.17/06:13:50 solver.py:221 ] Epoch: [8/400][40/391] lr: 3.55e-05 | MSE loss: 4.7941e-04 | time: 0.153
I 06.17/06:13:53 solver.py:221 ] Epoch: [8/400][60/391] lr: 3.58e-05 | MSE loss: 4.7797e-04 | time: 0.152
I 06.17/06:13:56 solver.py:221 ] Epoch: [8/400][80/391] lr: 3.60e-05 | MSE loss: 4.7778e-04 | time: 0.152
I 06.17/06:13:59 solver.py:221 ] Epoch: [8/400][100/391] lr: 3.63e-05 | MSE loss: 4.7802e-04 | time: 0.152
I 06.17/06:14:03 solver.py:221 ] Epoch: [8/400][120/391] lr: 3.65e-05 | MSE loss: 4.7700e-04 | time: 0.163
I 06.17/06:14:07 solver.py:221 ] Epoch: [8/400][140/391] lr: 3.68e-05 | MSE loss: 4.7614e-04 | time: 0.170
I 06.17/06:14:10 solver.py:221 ] Epoch: [8/400][160/391] lr: 3.70e-05 | MSE loss: 4.7483e-04 | time: 0.168
I 06.17/06:14:14 solver.py:221 ] Epoch: [8/400][180/391] lr: 3.73e-05 | MSE loss: 4.7416e-04 | time: 0.167
I 06.17/06:14:17 solver.py:221 ] Epoch: [8/400][200/391] lr: 3.76e-05 | MSE loss: 4.7326e-04 | time: 0.165
I 06.17/06:14:20 solver.py:221 ] Epoch: [8/400][220/391] lr: 3.78e-05 | MSE loss: 4.7210e-04 | time: 0.163
I 06.17/06:14:22 solver.py:221 ] Epoch: [8/400][240/391] lr: 3.81e-05 | MSE loss: 4.7220e-04 | time: 0.162
I 06.17/06:14:25 solver.py:221 ] Epoch: [8/400][260/391] lr: 3.83e-05 | MSE loss: 4.7221e-04 | time: 0.161
I 06.17/06:14:28 solver.py:221 ] Epoch: [8/400][280/391] lr: 3.86e-05 | MSE loss: 4.7186e-04 | time: 0.160
I 06.17/06:14:31 solver.py:221 ] Epoch: [8/400][300/391] lr: 3.88e-05 | MSE loss: 4.7153e-04 | time: 0.159
I 06.17/06:14:34 solver.py:221 ] Epoch: [8/400][320/391] lr: 3.91e-05 | MSE loss: 4.7096e-04 | time: 0.158
I 06.17/06:14:37 solver.py:221 ] Epoch: [8/400][340/391] lr: 3.93e-05 | MSE loss: 4.7025e-04 | time: 0.158
I 06.17/06:14:40 solver.py:221 ] Epoch: [8/400][360/391] lr: 3.96e-05 | MSE loss: 4.6962e-04 | time: 0.157
I 06.17/06:14:43 solver.py:221 ] Epoch: [8/400][380/391] lr: 3.99e-05 | MSE loss: 4.6900e-04 | time: 0.157
I 06.17/06:14:45 solver.py:243 ] => Train  Loss: 4.6885e-04

I 06.17/06:14:48 solver.py:221 ] Epoch: [9/400][20/391] lr: 4.03e-05 | MSE loss: 4.6387e-04 | time: 0.141
I 06.17/06:14:51 solver.py:221 ] Epoch: [9/400][40/391] lr: 4.05e-05 | MSE loss: 4.6413e-04 | time: 0.145
I 06.17/06:14:54 solver.py:221 ] Epoch: [9/400][60/391] lr: 4.08e-05 | MSE loss: 4.6274e-04 | time: 0.148
I 06.17/06:14:57 solver.py:221 ] Epoch: [9/400][80/391] lr: 4.10e-05 | MSE loss: 4.6075e-04 | time: 0.149
I 06.17/06:15:00 solver.py:221 ] Epoch: [9/400][100/391] lr: 4.13e-05 | MSE loss: 4.6056e-04 | time: 0.149
I 06.17/06:15:04 solver.py:221 ] Epoch: [9/400][120/391] lr: 4.15e-05 | MSE loss: 4.5982e-04 | time: 0.158
I 06.17/06:15:07 solver.py:221 ] Epoch: [9/400][140/391] lr: 4.18e-05 | MSE loss: 4.5983e-04 | time: 0.160
I 06.17/06:15:11 solver.py:221 ] Epoch: [9/400][160/391] lr: 4.20e-05 | MSE loss: 4.5952e-04 | time: 0.159
I 06.17/06:15:13 solver.py:221 ] Epoch: [9/400][180/391] lr: 4.23e-05 | MSE loss: 4.5885e-04 | time: 0.158
I 06.17/06:15:16 solver.py:221 ] Epoch: [9/400][200/391] lr: 4.26e-05 | MSE loss: 4.5867e-04 | time: 0.157
I 06.17/06:15:19 solver.py:221 ] Epoch: [9/400][220/391] lr: 4.28e-05 | MSE loss: 4.5817e-04 | time: 0.156
I 06.17/06:15:22 solver.py:221 ] Epoch: [9/400][240/391] lr: 4.31e-05 | MSE loss: 4.5814e-04 | time: 0.156
I 06.17/06:15:25 solver.py:221 ] Epoch: [9/400][260/391] lr: 4.33e-05 | MSE loss: 4.5764e-04 | time: 0.155
I 06.17/06:15:29 solver.py:221 ] Epoch: [9/400][280/391] lr: 4.36e-05 | MSE loss: 4.5775e-04 | time: 0.155
I 06.17/06:15:32 solver.py:221 ] Epoch: [9/400][300/391] lr: 4.38e-05 | MSE loss: 4.5765e-04 | time: 0.155
I 06.17/06:15:35 solver.py:221 ] Epoch: [9/400][320/391] lr: 4.41e-05 | MSE loss: 4.5776e-04 | time: 0.155
I 06.17/06:15:37 solver.py:221 ] Epoch: [9/400][340/391] lr: 4.43e-05 | MSE loss: 4.5782e-04 | time: 0.154
I 06.17/06:15:40 solver.py:221 ] Epoch: [9/400][360/391] lr: 4.46e-05 | MSE loss: 4.5739e-04 | time: 0.154
I 06.17/06:15:43 solver.py:221 ] Epoch: [9/400][380/391] lr: 4.49e-05 | MSE loss: 4.5717e-04 | time: 0.154
I 06.17/06:15:45 solver.py:243 ] => Train  Loss: 4.5713e-04

I 06.17/06:15:48 solver.py:221 ] Epoch: [10/400][20/391] lr: 4.53e-05 | MSE loss: 4.5768e-04 | time: 0.163
I 06.17/06:15:51 solver.py:221 ] Epoch: [10/400][40/391] lr: 4.55e-05 | MSE loss: 4.5483e-04 | time: 0.152
I 06.17/06:15:55 solver.py:221 ] Epoch: [10/400][60/391] lr: 4.58e-05 | MSE loss: 4.5297e-04 | time: 0.157
I 06.17/06:15:58 solver.py:221 ] Epoch: [10/400][80/391] lr: 4.60e-05 | MSE loss: 4.5272e-04 | time: 0.154
I 06.17/06:16:01 solver.py:221 ] Epoch: [10/400][100/391] lr: 4.63e-05 | MSE loss: 4.5247e-04 | time: 0.154
I 06.17/06:16:05 solver.py:221 ] Epoch: [10/400][120/391] lr: 4.65e-05 | MSE loss: 4.5258e-04 | time: 0.167
I 06.17/06:16:08 solver.py:221 ] Epoch: [10/400][140/391] lr: 4.68e-05 | MSE loss: 4.5268e-04 | time: 0.160
I 06.17/06:16:11 solver.py:221 ] Epoch: [10/400][160/391] lr: 4.70e-05 | MSE loss: 4.5248e-04 | time: 0.157
I 06.17/06:16:13 solver.py:221 ] Epoch: [10/400][180/391] lr: 4.73e-05 | MSE loss: 4.5235e-04 | time: 0.156
I 06.17/06:16:16 solver.py:221 ] Epoch: [10/400][200/391] lr: 4.76e-05 | MSE loss: 4.5183e-04 | time: 0.155
I 06.17/06:16:19 solver.py:221 ] Epoch: [10/400][220/391] lr: 4.78e-05 | MSE loss: 4.5193e-04 | time: 0.154
I 06.17/06:16:22 solver.py:221 ] Epoch: [10/400][240/391] lr: 4.81e-05 | MSE loss: 4.5168e-04 | time: 0.153
I 06.17/06:16:25 solver.py:221 ] Epoch: [10/400][260/391] lr: 4.83e-05 | MSE loss: 4.5173e-04 | time: 0.153
I 06.17/06:16:28 solver.py:221 ] Epoch: [10/400][280/391] lr: 4.86e-05 | MSE loss: 4.5171e-04 | time: 0.154
I 06.17/06:16:31 solver.py:221 ] Epoch: [10/400][300/391] lr: 4.88e-05 | MSE loss: 4.5171e-04 | time: 0.153
I 06.17/06:16:34 solver.py:221 ] Epoch: [10/400][320/391] lr: 4.91e-05 | MSE loss: 4.5172e-04 | time: 0.152
I 06.17/06:16:36 solver.py:221 ] Epoch: [10/400][340/391] lr: 4.93e-05 | MSE loss: 4.5136e-04 | time: 0.151
I 06.17/06:16:39 solver.py:221 ] Epoch: [10/400][360/391] lr: 4.96e-05 | MSE loss: 4.5117e-04 | time: 0.149
I 06.17/06:16:41 solver.py:221 ] Epoch: [10/400][380/391] lr: 4.99e-05 | MSE loss: 4.5116e-04 | time: 0.148
I 06.17/06:16:43 solver.py:243 ] => Train  Loss: 4.5124e-04

I 06.17/06:16:45 solver.py:221 ] Epoch: [10/400][20/118] lr: 5.00e-05 | MSE loss: 4.4990e-04 | time: 0.099
I 06.17/06:16:47 solver.py:221 ] Epoch: [10/400][40/118] lr: 5.00e-05 | MSE loss: 4.4656e-04 | time: 0.095
I 06.17/06:16:49 solver.py:221 ] Epoch: [10/400][60/118] lr: 5.00e-05 | MSE loss: 4.4868e-04 | time: 0.096
I 06.17/06:16:51 solver.py:221 ] Epoch: [10/400][80/118] lr: 5.00e-05 | MSE loss: 4.4875e-04 | time: 0.097
I 06.17/06:16:52 solver.py:221 ] Epoch: [10/400][100/118] lr: 5.00e-05 | MSE loss: 4.4790e-04 | time: 0.094
I 06.17/06:16:54 solver.py:243 ] => Val  Loss: 4.4820e-04

I 06.17/06:16:56 solver.py:471 ] [20/79] loss: 4.4852e-04 | NMSE: -3.4680e-02 | time: 0.096
I 06.17/06:16:57 solver.py:471 ] [40/79] loss: 4.4873e-04 | NMSE: -3.5146e-02 | time: 0.087
I 06.17/06:16:59 solver.py:471 ] [60/79] loss: 4.4766e-04 | NMSE: -3.5332e-02 | time: 0.082
I 06.17/06:17:00 solver.py:476 ] => Test NMSE: -3.5499e-02

I 06.17/06:17:00 solver.py:337 ] 
=! Best NMSE: -3.5499e-02 (epoch=10)

I 06.17/06:17:05 solver.py:221 ] Epoch: [11/400][20/391] lr: 5.03e-05 | MSE loss: 4.5055e-04 | time: 0.228
I 06.17/06:17:08 solver.py:221 ] Epoch: [11/400][40/391] lr: 5.05e-05 | MSE loss: 4.4908e-04 | time: 0.181
I 06.17/06:17:10 solver.py:221 ] Epoch: [11/400][60/391] lr: 5.08e-05 | MSE loss: 4.4836e-04 | time: 0.169
I 06.17/06:17:13 solver.py:221 ] Epoch: [11/400][80/391] lr: 5.10e-05 | MSE loss: 4.4892e-04 | time: 0.164
I 06.17/06:17:16 solver.py:221 ] Epoch: [11/400][100/391] lr: 5.13e-05 | MSE loss: 4.4836e-04 | time: 0.160
I 06.17/06:17:19 solver.py:221 ] Epoch: [11/400][120/391] lr: 5.15e-05 | MSE loss: 4.4777e-04 | time: 0.160
I 06.17/06:17:22 solver.py:221 ] Epoch: [11/400][140/391] lr: 5.18e-05 | MSE loss: 4.4760e-04 | time: 0.159
I 06.17/06:17:26 solver.py:221 ] Epoch: [11/400][160/391] lr: 5.20e-05 | MSE loss: 4.4714e-04 | time: 0.158
I 06.17/06:17:29 solver.py:221 ] Epoch: [11/400][180/391] lr: 5.23e-05 | MSE loss: 4.4613e-04 | time: 0.158
I 06.17/06:17:32 solver.py:221 ] Epoch: [11/400][200/391] lr: 5.26e-05 | MSE loss: 4.4572e-04 | time: 0.157
I 06.17/06:17:35 solver.py:221 ] Epoch: [11/400][220/391] lr: 5.28e-05 | MSE loss: 4.4542e-04 | time: 0.156
I 06.17/06:17:38 solver.py:221 ] Epoch: [11/400][240/391] lr: 5.31e-05 | MSE loss: 4.4556e-04 | time: 0.156
I 06.17/06:17:41 solver.py:221 ] Epoch: [11/400][260/391] lr: 5.33e-05 | MSE loss: 4.4543e-04 | time: 0.156
I 06.17/06:17:44 solver.py:221 ] Epoch: [11/400][280/391] lr: 5.36e-05 | MSE loss: 4.4501e-04 | time: 0.155
I 06.17/06:17:47 solver.py:221 ] Epoch: [11/400][300/391] lr: 5.38e-05 | MSE loss: 4.4447e-04 | time: 0.155
I 06.17/06:17:50 solver.py:221 ] Epoch: [11/400][320/391] lr: 5.41e-05 | MSE loss: 4.4413e-04 | time: 0.154
I 06.17/06:17:53 solver.py:221 ] Epoch: [11/400][340/391] lr: 5.43e-05 | MSE loss: 4.4387e-04 | time: 0.154
I 06.17/06:17:56 solver.py:221 ] Epoch: [11/400][360/391] lr: 5.46e-05 | MSE loss: 4.4330e-04 | time: 0.154
I 06.17/06:17:59 solver.py:221 ] Epoch: [11/400][380/391] lr: 5.49e-05 | MSE loss: 4.4287e-04 | time: 0.154
I 06.17/06:18:00 solver.py:243 ] => Train  Loss: 4.4273e-04

I 06.17/06:18:00 solver.py:337 ] 
=! Best NMSE: -3.5499e-02 (epoch=10)

I 06.17/06:18:05 solver.py:221 ] Epoch: [12/400][20/391] lr: 5.53e-05 | MSE loss: 4.3132e-04 | time: 0.229
I 06.17/06:18:08 solver.py:221 ] Epoch: [12/400][40/391] lr: 5.55e-05 | MSE loss: 4.3446e-04 | time: 0.185
I 06.17/06:18:11 solver.py:221 ] Epoch: [12/400][60/391] lr: 5.58e-05 | MSE loss: 4.3292e-04 | time: 0.175
I 06.17/06:18:14 solver.py:221 ] Epoch: [12/400][80/391] lr: 5.60e-05 | MSE loss: 4.3204e-04 | time: 0.168
I 06.17/06:18:17 solver.py:221 ] Epoch: [12/400][100/391] lr: 5.63e-05 | MSE loss: 4.3066e-04 | time: 0.163
I 06.17/06:18:20 solver.py:221 ] Epoch: [12/400][120/391] lr: 5.65e-05 | MSE loss: 4.3025e-04 | time: 0.161
I 06.17/06:18:23 solver.py:221 ] Epoch: [12/400][140/391] lr: 5.68e-05 | MSE loss: 4.2873e-04 | time: 0.159
I 06.17/06:18:26 solver.py:221 ] Epoch: [12/400][160/391] lr: 5.70e-05 | MSE loss: 4.2726e-04 | time: 0.159
I 06.17/06:18:29 solver.py:221 ] Epoch: [12/400][180/391] lr: 5.73e-05 | MSE loss: 4.2655e-04 | time: 0.158
I 06.17/06:18:32 solver.py:221 ] Epoch: [12/400][200/391] lr: 5.76e-05 | MSE loss: 4.2566e-04 | time: 0.158
I 06.17/06:18:35 solver.py:221 ] Epoch: [12/400][220/391] lr: 5.78e-05 | MSE loss: 4.2558e-04 | time: 0.156
I 06.17/06:18:38 solver.py:221 ] Epoch: [12/400][240/391] lr: 5.81e-05 | MSE loss: 4.2457e-04 | time: 0.156
I 06.17/06:18:41 solver.py:221 ] Epoch: [12/400][260/391] lr: 5.83e-05 | MSE loss: 4.2336e-04 | time: 0.156
I 06.17/06:18:45 solver.py:221 ] Epoch: [12/400][280/391] lr: 5.86e-05 | MSE loss: 4.2290e-04 | time: 0.156
I 06.17/06:18:48 solver.py:221 ] Epoch: [12/400][300/391] lr: 5.88e-05 | MSE loss: 4.2220e-04 | time: 0.156
I 06.17/06:18:51 solver.py:221 ] Epoch: [12/400][320/391] lr: 5.91e-05 | MSE loss: 4.2100e-04 | time: 0.156
I 06.17/06:18:54 solver.py:221 ] Epoch: [12/400][340/391] lr: 5.93e-05 | MSE loss: 4.2077e-04 | time: 0.156
I 06.17/06:18:57 solver.py:221 ] Epoch: [12/400][360/391] lr: 5.96e-05 | MSE loss: 4.1977e-04 | time: 0.155
I 06.17/06:18:59 solver.py:221 ] Epoch: [12/400][380/391] lr: 5.99e-05 | MSE loss: 4.1901e-04 | time: 0.154
I 06.17/06:19:01 solver.py:243 ] => Train  Loss: 4.1860e-04

I 06.17/06:19:02 solver.py:337 ] 
=! Best NMSE: -3.5499e-02 (epoch=10)

I 06.17/06:19:06 solver.py:221 ] Epoch: [13/400][20/391] lr: 6.03e-05 | MSE loss: 4.0369e-04 | time: 0.222
I 06.17/06:19:09 solver.py:221 ] Epoch: [13/400][40/391] lr: 6.05e-05 | MSE loss: 4.0034e-04 | time: 0.182
I 06.17/06:19:12 solver.py:221 ] Epoch: [13/400][60/391] lr: 6.08e-05 | MSE loss: 4.0052e-04 | time: 0.174
I 06.17/06:19:15 solver.py:221 ] Epoch: [13/400][80/391] lr: 6.10e-05 | MSE loss: 3.9969e-04 | time: 0.168
I 06.17/06:19:18 solver.py:221 ] Epoch: [13/400][100/391] lr: 6.13e-05 | MSE loss: 3.9953e-04 | time: 0.164
I 06.17/06:19:21 solver.py:221 ] Epoch: [13/400][120/391] lr: 6.15e-05 | MSE loss: 3.9762e-04 | time: 0.161
I 06.17/06:19:24 solver.py:221 ] Epoch: [13/400][140/391] lr: 6.18e-05 | MSE loss: 3.9567e-04 | time: 0.159
I 06.17/06:19:27 solver.py:221 ] Epoch: [13/400][160/391] lr: 6.20e-05 | MSE loss: 3.9520e-04 | time: 0.158
I 06.17/06:19:30 solver.py:221 ] Epoch: [13/400][180/391] lr: 6.23e-05 | MSE loss: 3.9300e-04 | time: 0.157
I 06.17/06:19:33 solver.py:221 ] Epoch: [13/400][200/391] lr: 6.26e-05 | MSE loss: 3.9133e-04 | time: 0.156
I 06.17/06:19:36 solver.py:221 ] Epoch: [13/400][220/391] lr: 6.28e-05 | MSE loss: 3.9090e-04 | time: 0.156
I 06.17/06:19:39 solver.py:221 ] Epoch: [13/400][240/391] lr: 6.31e-05 | MSE loss: 3.8919e-04 | time: 0.156
I 06.17/06:19:42 solver.py:221 ] Epoch: [13/400][260/391] lr: 6.33e-05 | MSE loss: 3.8701e-04 | time: 0.156
I 06.17/06:19:45 solver.py:221 ] Epoch: [13/400][280/391] lr: 6.36e-05 | MSE loss: 3.8601e-04 | time: 0.155
I 06.17/06:19:48 solver.py:221 ] Epoch: [13/400][300/391] lr: 6.38e-05 | MSE loss: 3.8412e-04 | time: 0.155
I 06.17/06:19:51 solver.py:221 ] Epoch: [13/400][320/391] lr: 6.41e-05 | MSE loss: 3.8242e-04 | time: 0.155
I 06.17/06:19:54 solver.py:221 ] Epoch: [13/400][340/391] lr: 6.43e-05 | MSE loss: 3.8112e-04 | time: 0.154
I 06.17/06:19:57 solver.py:221 ] Epoch: [13/400][360/391] lr: 6.46e-05 | MSE loss: 3.7894e-04 | time: 0.154
I 06.17/06:20:00 solver.py:221 ] Epoch: [13/400][380/391] lr: 6.49e-05 | MSE loss: 3.7769e-04 | time: 0.154
I 06.17/06:20:02 solver.py:243 ] => Train  Loss: 3.7689e-04

I 06.17/06:20:03 solver.py:337 ] 
=! Best NMSE: -3.5499e-02 (epoch=10)

I 06.17/06:20:06 solver.py:221 ] Epoch: [14/400][20/391] lr: 6.53e-05 | MSE loss: 3.3453e-04 | time: 0.173
I 06.17/06:20:09 solver.py:221 ] Epoch: [14/400][40/391] lr: 6.55e-05 | MSE loss: 3.3086e-04 | time: 0.162
I 06.17/06:20:12 solver.py:221 ] Epoch: [14/400][60/391] lr: 6.58e-05 | MSE loss: 3.3787e-04 | time: 0.158
I 06.17/06:20:15 solver.py:221 ] Epoch: [14/400][80/391] lr: 6.60e-05 | MSE loss: 3.3586e-04 | time: 0.155
I 06.17/06:20:18 solver.py:221 ] Epoch: [14/400][100/391] lr: 6.63e-05 | MSE loss: 3.3172e-04 | time: 0.154
I 06.17/06:20:21 solver.py:221 ] Epoch: [14/400][120/391] lr: 6.65e-05 | MSE loss: 3.2884e-04 | time: 0.153
I 06.17/06:20:24 solver.py:221 ] Epoch: [14/400][140/391] lr: 6.68e-05 | MSE loss: 3.2760e-04 | time: 0.153
I 06.17/06:20:27 solver.py:221 ] Epoch: [14/400][160/391] lr: 6.70e-05 | MSE loss: 3.2553e-04 | time: 0.152
I 06.17/06:20:30 solver.py:221 ] Epoch: [14/400][180/391] lr: 6.73e-05 | MSE loss: 3.2517e-04 | time: 0.152
I 06.17/06:20:33 solver.py:221 ] Epoch: [14/400][200/391] lr: 6.76e-05 | MSE loss: 3.2258e-04 | time: 0.152
I 06.17/06:20:36 solver.py:221 ] Epoch: [14/400][220/391] lr: 6.78e-05 | MSE loss: 3.2019e-04 | time: 0.152
I 06.17/06:20:39 solver.py:221 ] Epoch: [14/400][240/391] lr: 6.81e-05 | MSE loss: 3.1861e-04 | time: 0.152
I 06.17/06:20:42 solver.py:221 ] Epoch: [14/400][260/391] lr: 6.83e-05 | MSE loss: 3.1645e-04 | time: 0.152
I 06.17/06:20:45 solver.py:221 ] Epoch: [14/400][280/391] lr: 6.86e-05 | MSE loss: 3.1471e-04 | time: 0.152
I 06.17/06:20:48 solver.py:221 ] Epoch: [14/400][300/391] lr: 6.88e-05 | MSE loss: 3.1299e-04 | time: 0.151
I 06.17/06:20:51 solver.py:221 ] Epoch: [14/400][320/391] lr: 6.91e-05 | MSE loss: 3.1088e-04 | time: 0.151
I 06.17/06:20:54 solver.py:221 ] Epoch: [14/400][340/391] lr: 6.93e-05 | MSE loss: 3.1053e-04 | time: 0.151
I 06.17/06:20:57 solver.py:221 ] Epoch: [14/400][360/391] lr: 6.96e-05 | MSE loss: 3.0878e-04 | time: 0.151
I 06.17/06:21:00 solver.py:221 ] Epoch: [14/400][380/391] lr: 6.99e-05 | MSE loss: 3.0678e-04 | time: 0.151
I 06.17/06:21:02 solver.py:243 ] => Train  Loss: 3.0573e-04

I 06.17/06:21:02 solver.py:337 ] 
=! Best NMSE: -3.5499e-02 (epoch=10)

I 06.17/06:21:06 solver.py:221 ] Epoch: [15/400][20/391] lr: 7.03e-05 | MSE loss: 3.0396e-04 | time: 0.191
I 06.17/06:21:09 solver.py:221 ] Epoch: [15/400][40/391] lr: 7.05e-05 | MSE loss: 2.8250e-04 | time: 0.167
I 06.17/06:21:12 solver.py:221 ] Epoch: [15/400][60/391] lr: 7.08e-05 | MSE loss: 2.7456e-04 | time: 0.160
I 06.17/06:21:15 solver.py:221 ] Epoch: [15/400][80/391] lr: 7.10e-05 | MSE loss: 2.7382e-04 | time: 0.160
I 06.17/06:21:18 solver.py:221 ] Epoch: [15/400][100/391] lr: 7.13e-05 | MSE loss: 2.6952e-04 | time: 0.158
I 06.17/06:21:21 solver.py:221 ] Epoch: [15/400][120/391] lr: 7.15e-05 | MSE loss: 2.6545e-04 | time: 0.158
I 06.17/06:21:24 solver.py:221 ] Epoch: [15/400][140/391] lr: 7.18e-05 | MSE loss: 2.6269e-04 | time: 0.158
I 06.17/06:21:27 solver.py:221 ] Epoch: [15/400][160/391] lr: 7.20e-05 | MSE loss: 2.6048e-04 | time: 0.156
I 06.17/06:21:30 solver.py:221 ] Epoch: [15/400][180/391] lr: 7.23e-05 | MSE loss: 2.5975e-04 | time: 0.155
I 06.17/06:21:33 solver.py:221 ] Epoch: [15/400][200/391] lr: 7.26e-05 | MSE loss: 2.5728e-04 | time: 0.155
I 06.17/06:21:36 solver.py:221 ] Epoch: [15/400][220/391] lr: 7.28e-05 | MSE loss: 2.5767e-04 | time: 0.155
I 06.17/06:21:39 solver.py:221 ] Epoch: [15/400][240/391] lr: 7.31e-05 | MSE loss: 2.5688e-04 | time: 0.155
I 06.17/06:21:42 solver.py:221 ] Epoch: [15/400][260/391] lr: 7.33e-05 | MSE loss: 2.5470e-04 | time: 0.155
I 06.17/06:21:46 solver.py:221 ] Epoch: [15/400][280/391] lr: 7.36e-05 | MSE loss: 2.5265e-04 | time: 0.155
I 06.17/06:21:49 solver.py:221 ] Epoch: [15/400][300/391] lr: 7.38e-05 | MSE loss: 2.5133e-04 | time: 0.157
I 06.17/06:21:52 solver.py:221 ] Epoch: [15/400][320/391] lr: 7.41e-05 | MSE loss: 2.4932e-04 | time: 0.156
I 06.17/06:21:55 solver.py:221 ] Epoch: [15/400][340/391] lr: 7.43e-05 | MSE loss: 2.4733e-04 | time: 0.156
I 06.17/06:21:58 solver.py:221 ] Epoch: [15/400][360/391] lr: 7.46e-05 | MSE loss: 2.4630e-04 | time: 0.156
I 06.17/06:22:01 solver.py:221 ] Epoch: [15/400][380/391] lr: 7.49e-05 | MSE loss: 2.4561e-04 | time: 0.156
I 06.17/06:22:03 solver.py:243 ] => Train  Loss: 2.4478e-04

I 06.17/06:22:03 solver.py:337 ] 
=! Best NMSE: -3.5499e-02 (epoch=10)

I 06.17/06:22:07 solver.py:221 ] Epoch: [16/400][20/391] lr: 7.53e-05 | MSE loss: 2.0731e-04 | time: 0.167
I 06.17/06:22:10 solver.py:221 ] Epoch: [16/400][40/391] lr: 7.55e-05 | MSE loss: 2.2759e-04 | time: 0.159
I 06.17/06:22:13 solver.py:221 ] Epoch: [16/400][60/391] lr: 7.58e-05 | MSE loss: 2.2471e-04 | time: 0.155
I 06.17/06:22:16 solver.py:221 ] Epoch: [16/400][80/391] lr: 7.60e-05 | MSE loss: 2.2014e-04 | time: 0.154
I 06.17/06:22:19 solver.py:221 ] Epoch: [16/400][100/391] lr: 7.63e-05 | MSE loss: 2.1682e-04 | time: 0.154
I 06.17/06:22:22 solver.py:221 ] Epoch: [16/400][120/391] lr: 7.65e-05 | MSE loss: 2.2005e-04 | time: 0.153
I 06.17/06:22:25 solver.py:221 ] Epoch: [16/400][140/391] lr: 7.68e-05 | MSE loss: 2.1794e-04 | time: 0.153
I 06.17/06:22:28 solver.py:221 ] Epoch: [16/400][160/391] lr: 7.70e-05 | MSE loss: 2.1587e-04 | time: 0.152
I 06.17/06:22:31 solver.py:221 ] Epoch: [16/400][180/391] lr: 7.73e-05 | MSE loss: 2.1425e-04 | time: 0.151
I 06.17/06:22:34 solver.py:221 ] Epoch: [16/400][200/391] lr: 7.76e-05 | MSE loss: 2.1362e-04 | time: 0.152
I 06.17/06:22:37 solver.py:221 ] Epoch: [16/400][220/391] lr: 7.78e-05 | MSE loss: 2.1242e-04 | time: 0.152
I 06.17/06:22:40 solver.py:221 ] Epoch: [16/400][240/391] lr: 7.81e-05 | MSE loss: 2.1099e-04 | time: 0.152
I 06.17/06:22:43 solver.py:221 ] Epoch: [16/400][260/391] lr: 7.83e-05 | MSE loss: 2.1100e-04 | time: 0.152
I 06.17/06:22:46 solver.py:221 ] Epoch: [16/400][280/391] lr: 7.86e-05 | MSE loss: 2.1036e-04 | time: 0.152
I 06.17/06:22:49 solver.py:221 ] Epoch: [16/400][300/391] lr: 7.88e-05 | MSE loss: 2.0914e-04 | time: 0.152
I 06.17/06:22:52 solver.py:221 ] Epoch: [16/400][320/391] lr: 7.91e-05 | MSE loss: 2.1038e-04 | time: 0.152
I 06.17/06:22:55 solver.py:221 ] Epoch: [16/400][340/391] lr: 7.93e-05 | MSE loss: 2.0935e-04 | time: 0.152
I 06.17/06:22:58 solver.py:221 ] Epoch: [16/400][360/391] lr: 7.96e-05 | MSE loss: 2.0853e-04 | time: 0.152
I 06.17/06:23:01 solver.py:221 ] Epoch: [16/400][380/391] lr: 7.99e-05 | MSE loss: 2.0767e-04 | time: 0.152
I 06.17/06:23:04 solver.py:243 ] => Train  Loss: 2.0854e-04

I 06.17/06:23:04 solver.py:337 ] 
=! Best NMSE: -3.5499e-02 (epoch=10)

I 06.17/06:23:08 solver.py:221 ] Epoch: [17/400][20/391] lr: 8.03e-05 | MSE loss: 2.0169e-04 | time: 0.174
I 06.17/06:23:11 solver.py:221 ] Epoch: [17/400][40/391] lr: 8.05e-05 | MSE loss: 1.9452e-04 | time: 0.160
I 06.17/06:23:13 solver.py:221 ] Epoch: [17/400][60/391] lr: 8.08e-05 | MSE loss: 1.9066e-04 | time: 0.157
I 06.17/06:23:16 solver.py:221 ] Epoch: [17/400][80/391] lr: 8.10e-05 | MSE loss: 1.8961e-04 | time: 0.155
I 06.17/06:23:19 solver.py:221 ] Epoch: [17/400][100/391] lr: 8.13e-05 | MSE loss: 1.9517e-04 | time: 0.153
I 06.17/06:23:22 solver.py:221 ] Epoch: [17/400][120/391] lr: 8.15e-05 | MSE loss: 1.9477e-04 | time: 0.153
I 06.17/06:23:26 solver.py:221 ] Epoch: [17/400][140/391] lr: 8.18e-05 | MSE loss: 1.9323e-04 | time: 0.153
I 06.17/06:23:29 solver.py:221 ] Epoch: [17/400][160/391] lr: 8.20e-05 | MSE loss: 1.9166e-04 | time: 0.153
I 06.17/06:23:32 solver.py:221 ] Epoch: [17/400][180/391] lr: 8.23e-05 | MSE loss: 1.9335e-04 | time: 0.152
I 06.17/06:23:35 solver.py:221 ] Epoch: [17/400][200/391] lr: 8.26e-05 | MSE loss: 1.9239e-04 | time: 0.152
I 06.17/06:23:38 solver.py:221 ] Epoch: [17/400][220/391] lr: 8.28e-05 | MSE loss: 1.9155e-04 | time: 0.152
I 06.17/06:23:41 solver.py:221 ] Epoch: [17/400][240/391] lr: 8.31e-05 | MSE loss: 1.9126e-04 | time: 0.152
I 06.17/06:23:43 solver.py:221 ] Epoch: [17/400][260/391] lr: 8.33e-05 | MSE loss: 1.9040e-04 | time: 0.151
I 06.17/06:23:46 solver.py:221 ] Epoch: [17/400][280/391] lr: 8.36e-05 | MSE loss: 1.9017e-04 | time: 0.151
I 06.17/06:23:49 solver.py:221 ] Epoch: [17/400][300/391] lr: 8.38e-05 | MSE loss: 1.8983e-04 | time: 0.151
I 06.17/06:23:52 solver.py:221 ] Epoch: [17/400][320/391] lr: 8.41e-05 | MSE loss: 1.8947e-04 | time: 0.151
I 06.17/06:23:55 solver.py:221 ] Epoch: [17/400][340/391] lr: 8.43e-05 | MSE loss: 1.8903e-04 | time: 0.151
I 06.17/06:23:58 solver.py:221 ] Epoch: [17/400][360/391] lr: 8.46e-05 | MSE loss: 1.8889e-04 | time: 0.151
I 06.17/06:24:01 solver.py:221 ] Epoch: [17/400][380/391] lr: 8.49e-05 | MSE loss: 1.8862e-04 | time: 0.151
I 06.17/06:24:05 solver.py:243 ] => Train  Loss: 1.8831e-04

I 06.17/06:24:05 solver.py:337 ] 
=! Best NMSE: -3.5499e-02 (epoch=10)

I 06.17/06:24:08 solver.py:221 ] Epoch: [18/400][20/391] lr: 8.53e-05 | MSE loss: 1.7240e-04 | time: 0.145
I 06.17/06:24:11 solver.py:221 ] Epoch: [18/400][40/391] lr: 8.55e-05 | MSE loss: 1.8769e-04 | time: 0.147
I 06.17/06:24:14 solver.py:221 ] Epoch: [18/400][60/391] lr: 8.58e-05 | MSE loss: 1.8463e-04 | time: 0.147
I 06.17/06:24:17 solver.py:221 ] Epoch: [18/400][80/391] lr: 8.60e-05 | MSE loss: 1.8169e-04 | time: 0.148
I 06.17/06:24:20 solver.py:221 ] Epoch: [18/400][100/391] lr: 8.63e-05 | MSE loss: 1.8210e-04 | time: 0.149
I 06.17/06:24:23 solver.py:221 ] Epoch: [18/400][120/391] lr: 8.65e-05 | MSE loss: 1.8001e-04 | time: 0.148
I 06.17/06:24:26 solver.py:221 ] Epoch: [18/400][140/391] lr: 8.68e-05 | MSE loss: 1.7876e-04 | time: 0.148
I 06.17/06:24:29 solver.py:221 ] Epoch: [18/400][160/391] lr: 8.70e-05 | MSE loss: 1.7960e-04 | time: 0.149
I 06.17/06:24:32 solver.py:221 ] Epoch: [18/400][180/391] lr: 8.73e-05 | MSE loss: 1.7885e-04 | time: 0.149
I 06.17/06:24:35 solver.py:221 ] Epoch: [18/400][200/391] lr: 8.76e-05 | MSE loss: 1.7819e-04 | time: 0.149
I 06.17/06:24:38 solver.py:221 ] Epoch: [18/400][220/391] lr: 8.78e-05 | MSE loss: 1.7796e-04 | time: 0.149
I 06.17/06:24:41 solver.py:221 ] Epoch: [18/400][240/391] lr: 8.81e-05 | MSE loss: 1.7775e-04 | time: 0.149
I 06.17/06:24:44 solver.py:221 ] Epoch: [18/400][260/391] lr: 8.83e-05 | MSE loss: 1.7670e-04 | time: 0.149
I 06.17/06:24:47 solver.py:221 ] Epoch: [18/400][280/391] lr: 8.86e-05 | MSE loss: 1.7737e-04 | time: 0.149
I 06.17/06:24:50 solver.py:221 ] Epoch: [18/400][300/391] lr: 8.88e-05 | MSE loss: 1.7743e-04 | time: 0.149
I 06.17/06:24:53 solver.py:221 ] Epoch: [18/400][320/391] lr: 8.91e-05 | MSE loss: 1.7651e-04 | time: 0.149
I 06.17/06:24:56 solver.py:221 ] Epoch: [18/400][340/391] lr: 8.93e-05 | MSE loss: 1.7567e-04 | time: 0.148
I 06.17/06:24:59 solver.py:221 ] Epoch: [18/400][360/391] lr: 8.96e-05 | MSE loss: 1.7580e-04 | time: 0.149
I 06.17/06:25:02 solver.py:221 ] Epoch: [18/400][380/391] lr: 8.99e-05 | MSE loss: 1.7533e-04 | time: 0.149
I 06.17/06:25:05 solver.py:243 ] => Train  Loss: 1.7491e-04

I 06.17/06:25:05 solver.py:337 ] 
=! Best NMSE: -3.5499e-02 (epoch=10)

I 06.17/06:25:08 solver.py:221 ] Epoch: [19/400][20/391] lr: 9.03e-05 | MSE loss: 1.6844e-04 | time: 0.142
I 06.17/06:25:11 solver.py:221 ] Epoch: [19/400][40/391] lr: 9.05e-05 | MSE loss: 1.7843e-04 | time: 0.147
I 06.17/06:25:14 solver.py:221 ] Epoch: [19/400][60/391] lr: 9.08e-05 | MSE loss: 1.7199e-04 | time: 0.147
I 06.17/06:25:17 solver.py:221 ] Epoch: [19/400][80/391] lr: 9.10e-05 | MSE loss: 1.6739e-04 | time: 0.147
I 06.17/06:25:20 solver.py:221 ] Epoch: [19/400][100/391] lr: 9.13e-05 | MSE loss: 1.6534e-04 | time: 0.150
I 06.17/06:25:23 solver.py:221 ] Epoch: [19/400][120/391] lr: 9.15e-05 | MSE loss: 1.6537e-04 | time: 0.150
I 06.17/06:25:26 solver.py:221 ] Epoch: [19/400][140/391] lr: 9.18e-05 | MSE loss: 1.6481e-04 | time: 0.151
I 06.17/06:25:29 solver.py:221 ] Epoch: [19/400][160/391] lr: 9.20e-05 | MSE loss: 1.6363e-04 | time: 0.151
I 06.17/06:25:32 solver.py:221 ] Epoch: [19/400][180/391] lr: 9.23e-05 | MSE loss: 1.6449e-04 | time: 0.151
I 06.17/06:25:35 solver.py:221 ] Epoch: [19/400][200/391] lr: 9.26e-05 | MSE loss: 1.6339e-04 | time: 0.151
I 06.17/06:25:38 solver.py:221 ] Epoch: [19/400][220/391] lr: 9.28e-05 | MSE loss: 1.6222e-04 | time: 0.151
I 06.17/06:25:41 solver.py:221 ] Epoch: [19/400][240/391] lr: 9.31e-05 | MSE loss: 1.6128e-04 | time: 0.151
I 06.17/06:25:44 solver.py:221 ] Epoch: [19/400][260/391] lr: 9.33e-05 | MSE loss: 1.6342e-04 | time: 0.151
I 06.17/06:25:47 solver.py:221 ] Epoch: [19/400][280/391] lr: 9.36e-05 | MSE loss: 1.6293e-04 | time: 0.151
I 06.17/06:25:50 solver.py:221 ] Epoch: [19/400][300/391] lr: 9.38e-05 | MSE loss: 1.6231e-04 | time: 0.151
I 06.17/06:25:53 solver.py:221 ] Epoch: [19/400][320/391] lr: 9.41e-05 | MSE loss: 1.6154e-04 | time: 0.151
I 06.17/06:25:56 solver.py:221 ] Epoch: [19/400][340/391] lr: 9.43e-05 | MSE loss: 1.6107e-04 | time: 0.151
I 06.17/06:25:59 solver.py:221 ] Epoch: [19/400][360/391] lr: 9.46e-05 | MSE loss: 1.6023e-04 | time: 0.150
I 06.17/06:26:03 solver.py:221 ] Epoch: [19/400][380/391] lr: 9.49e-05 | MSE loss: 1.6025e-04 | time: 0.152
I 06.17/06:26:05 solver.py:243 ] => Train  Loss: 1.6075e-04

I 06.17/06:26:05 solver.py:337 ] 
=! Best NMSE: -3.5499e-02 (epoch=10)

I 06.17/06:26:08 solver.py:221 ] Epoch: [20/400][20/391] lr: 9.53e-05 | MSE loss: 1.5247e-04 | time: 0.146
I 06.17/06:26:11 solver.py:221 ] Epoch: [20/400][40/391] lr: 9.55e-05 | MSE loss: 1.4898e-04 | time: 0.149
I 06.17/06:26:14 solver.py:221 ] Epoch: [20/400][60/391] lr: 9.58e-05 | MSE loss: 1.4687e-04 | time: 0.149
I 06.17/06:26:17 solver.py:221 ] Epoch: [20/400][80/391] lr: 9.60e-05 | MSE loss: 1.5375e-04 | time: 0.150
I 06.17/06:26:20 solver.py:221 ] Epoch: [20/400][100/391] lr: 9.63e-05 | MSE loss: 1.5305e-04 | time: 0.148
I 06.17/06:26:23 solver.py:221 ] Epoch: [20/400][120/391] lr: 9.65e-05 | MSE loss: 1.5108e-04 | time: 0.146
I 06.17/06:26:26 solver.py:221 ] Epoch: [20/400][140/391] lr: 9.68e-05 | MSE loss: 1.4973e-04 | time: 0.145
I 06.17/06:26:29 solver.py:221 ] Epoch: [20/400][160/391] lr: 9.70e-05 | MSE loss: 1.5118e-04 | time: 0.145
I 06.17/06:26:32 solver.py:221 ] Epoch: [20/400][180/391] lr: 9.73e-05 | MSE loss: 1.5084e-04 | time: 0.145
I 06.17/06:26:35 solver.py:221 ] Epoch: [20/400][200/391] lr: 9.76e-05 | MSE loss: 1.4992e-04 | time: 0.145
I 06.17/06:26:38 solver.py:221 ] Epoch: [20/400][220/391] lr: 9.78e-05 | MSE loss: 1.4967e-04 | time: 0.146
I 06.17/06:26:41 solver.py:221 ] Epoch: [20/400][240/391] lr: 9.81e-05 | MSE loss: 1.4910e-04 | time: 0.146
I 06.17/06:26:44 solver.py:221 ] Epoch: [20/400][260/391] lr: 9.83e-05 | MSE loss: 1.4841e-04 | time: 0.147
I 06.17/06:26:47 solver.py:221 ] Epoch: [20/400][280/391] lr: 9.86e-05 | MSE loss: 1.4937e-04 | time: 0.147
I 06.17/06:26:49 solver.py:221 ] Epoch: [20/400][300/391] lr: 9.88e-05 | MSE loss: 1.4875e-04 | time: 0.146
I 06.17/06:26:52 solver.py:221 ] Epoch: [20/400][320/391] lr: 9.91e-05 | MSE loss: 1.4795e-04 | time: 0.145
I 06.17/06:26:55 solver.py:221 ] Epoch: [20/400][340/391] lr: 9.93e-05 | MSE loss: 1.4792e-04 | time: 0.146
I 06.17/06:26:57 solver.py:221 ] Epoch: [20/400][360/391] lr: 9.96e-05 | MSE loss: 1.4747e-04 | time: 0.144
I 06.17/06:27:01 solver.py:221 ] Epoch: [20/400][380/391] lr: 9.99e-05 | MSE loss: 1.4694e-04 | time: 0.146
I 06.17/06:27:03 solver.py:243 ] => Train  Loss: 1.4722e-04

I 06.17/06:27:06 solver.py:221 ] Epoch: [20/400][20/118] lr: 1.00e-04 | MSE loss: 1.8010e-04 | time: 0.141
I 06.17/06:27:08 solver.py:221 ] Epoch: [20/400][40/118] lr: 1.00e-04 | MSE loss: 1.7897e-04 | time: 0.121
I 06.17/06:27:10 solver.py:221 ] Epoch: [20/400][60/118] lr: 1.00e-04 | MSE loss: 1.8006e-04 | time: 0.113
I 06.17/06:27:12 solver.py:221 ] Epoch: [20/400][80/118] lr: 1.00e-04 | MSE loss: 1.7999e-04 | time: 0.106
I 06.17/06:27:14 solver.py:221 ] Epoch: [20/400][100/118] lr: 1.00e-04 | MSE loss: 1.7962e-04 | time: 0.101
I 06.17/06:27:15 solver.py:243 ] => Val  Loss: 1.7983e-04

I 06.17/06:27:16 solver.py:471 ] [20/79] loss: 1.7944e-04 | NMSE: -4.0132e+00 | time: 0.053
I 06.17/06:27:17 solver.py:471 ] [40/79] loss: 1.7979e-04 | NMSE: -4.0073e+00 | time: 0.053
I 06.17/06:27:18 solver.py:471 ] [60/79] loss: 1.7981e-04 | NMSE: -3.9967e+00 | time: 0.054
I 06.17/06:27:19 solver.py:476 ] => Test NMSE: -4.0006e+00

I 06.17/06:27:19 solver.py:337 ] 
=! Best NMSE: -4.0006e+00 (epoch=20)

I 06.17/06:27:23 solver.py:221 ] Epoch: [21/400][20/391] lr: 1.00e-04 | MSE loss: 1.4431e-04 | time: 0.154
I 06.17/06:27:26 solver.py:221 ] Epoch: [21/400][40/391] lr: 1.01e-04 | MSE loss: 1.3962e-04 | time: 0.149
I 06.17/06:27:29 solver.py:221 ] Epoch: [21/400][60/391] lr: 1.01e-04 | MSE loss: 1.3985e-04 | time: 0.154
I 06.17/06:27:32 solver.py:221 ] Epoch: [21/400][80/391] lr: 1.01e-04 | MSE loss: 1.4431e-04 | time: 0.152
I 06.17/06:27:35 solver.py:221 ] Epoch: [21/400][100/391] lr: 1.01e-04 | MSE loss: 1.4288e-04 | time: 0.156
I 06.17/06:27:38 solver.py:221 ] Epoch: [21/400][120/391] lr: 1.02e-04 | MSE loss: 1.4156e-04 | time: 0.157
I 06.17/06:27:41 solver.py:221 ] Epoch: [21/400][140/391] lr: 1.02e-04 | MSE loss: 1.4262e-04 | time: 0.155
I 06.17/06:27:44 solver.py:221 ] Epoch: [21/400][160/391] lr: 1.02e-04 | MSE loss: 1.4211e-04 | time: 0.155
I 06.17/06:27:47 solver.py:221 ] Epoch: [21/400][180/391] lr: 1.02e-04 | MSE loss: 1.4098e-04 | time: 0.154
I 06.17/06:27:50 solver.py:221 ] Epoch: [21/400][200/391] lr: 1.03e-04 | MSE loss: 1.4007e-04 | time: 0.154
I 06.17/06:27:54 solver.py:221 ] Epoch: [21/400][220/391] lr: 1.03e-04 | MSE loss: 1.4101e-04 | time: 0.156
I 06.17/06:27:57 solver.py:221 ] Epoch: [21/400][240/391] lr: 1.03e-04 | MSE loss: 1.4014e-04 | time: 0.155
I 06.17/06:28:00 solver.py:221 ] Epoch: [21/400][260/391] lr: 1.03e-04 | MSE loss: 1.3922e-04 | time: 0.154
I 06.17/06:28:05 solver.py:221 ] Epoch: [21/400][280/391] lr: 1.04e-04 | MSE loss: 1.3879e-04 | time: 0.161
I 06.17/06:28:08 solver.py:221 ] Epoch: [21/400][300/391] lr: 1.04e-04 | MSE loss: 1.3881e-04 | time: 0.161
I 06.17/06:28:11 solver.py:221 ] Epoch: [21/400][320/391] lr: 1.04e-04 | MSE loss: 1.3807e-04 | time: 0.160
I 06.17/06:28:14 solver.py:221 ] Epoch: [21/400][340/391] lr: 1.04e-04 | MSE loss: 1.3766e-04 | time: 0.160
I 06.17/06:28:17 solver.py:221 ] Epoch: [21/400][360/391] lr: 1.05e-04 | MSE loss: 1.3744e-04 | time: 0.160
I 06.17/06:28:20 solver.py:221 ] Epoch: [21/400][380/391] lr: 1.05e-04 | MSE loss: 1.3674e-04 | time: 0.159
I 06.17/06:28:22 solver.py:243 ] => Train  Loss: 1.3663e-04

I 06.17/06:28:22 solver.py:337 ] 
=! Best NMSE: -4.0006e+00 (epoch=20)

I 06.17/06:28:25 solver.py:221 ] Epoch: [22/400][20/391] lr: 1.05e-04 | MSE loss: 1.3202e-04 | time: 0.134
I 06.17/06:28:28 solver.py:221 ] Epoch: [22/400][40/391] lr: 1.06e-04 | MSE loss: 1.3184e-04 | time: 0.141
I 06.17/06:28:31 solver.py:221 ] Epoch: [22/400][60/391] lr: 1.06e-04 | MSE loss: 1.2888e-04 | time: 0.144
I 06.17/06:28:34 solver.py:221 ] Epoch: [22/400][80/391] lr: 1.06e-04 | MSE loss: 1.2968e-04 | time: 0.145
I 06.17/06:28:37 solver.py:221 ] Epoch: [22/400][100/391] lr: 1.06e-04 | MSE loss: 1.2942e-04 | time: 0.146
I 06.17/06:28:40 solver.py:221 ] Epoch: [22/400][120/391] lr: 1.07e-04 | MSE loss: 1.2728e-04 | time: 0.146
I 06.17/06:28:43 solver.py:221 ] Epoch: [22/400][140/391] lr: 1.07e-04 | MSE loss: 1.2926e-04 | time: 0.146
I 06.17/06:28:46 solver.py:221 ] Epoch: [22/400][160/391] lr: 1.07e-04 | MSE loss: 1.3053e-04 | time: 0.147
I 06.17/06:28:49 solver.py:221 ] Epoch: [22/400][180/391] lr: 1.07e-04 | MSE loss: 1.2934e-04 | time: 0.147
I 06.17/06:28:52 solver.py:221 ] Epoch: [22/400][200/391] lr: 1.08e-04 | MSE loss: 1.2808e-04 | time: 0.147
I 06.17/06:28:55 solver.py:221 ] Epoch: [22/400][220/391] lr: 1.08e-04 | MSE loss: 1.2693e-04 | time: 0.148
I 06.17/06:28:58 solver.py:221 ] Epoch: [22/400][240/391] lr: 1.08e-04 | MSE loss: 1.2928e-04 | time: 0.148
I 06.17/06:29:01 solver.py:221 ] Epoch: [22/400][260/391] lr: 1.08e-04 | MSE loss: 1.2895e-04 | time: 0.148
I 06.17/06:29:05 solver.py:221 ] Epoch: [22/400][280/391] lr: 1.09e-04 | MSE loss: 1.2804e-04 | time: 0.152
I 06.17/06:29:07 solver.py:221 ] Epoch: [22/400][300/391] lr: 1.09e-04 | MSE loss: 1.2701e-04 | time: 0.150
I 06.17/06:29:10 solver.py:221 ] Epoch: [22/400][320/391] lr: 1.09e-04 | MSE loss: 1.2640e-04 | time: 0.150
I 06.17/06:29:13 solver.py:221 ] Epoch: [22/400][340/391] lr: 1.09e-04 | MSE loss: 1.2534e-04 | time: 0.150
I 06.17/06:29:16 solver.py:221 ] Epoch: [22/400][360/391] lr: 1.10e-04 | MSE loss: 1.2509e-04 | time: 0.150
I 06.17/06:29:19 solver.py:221 ] Epoch: [22/400][380/391] lr: 1.10e-04 | MSE loss: 1.2429e-04 | time: 0.150
I 06.17/06:29:21 solver.py:243 ] => Train  Loss: 1.2387e-04

I 06.17/06:29:21 solver.py:337 ] 
=! Best NMSE: -4.0006e+00 (epoch=20)

I 06.17/06:29:24 solver.py:221 ] Epoch: [23/400][20/391] lr: 1.10e-04 | MSE loss: 1.0720e-04 | time: 0.154
I 06.17/06:29:27 solver.py:221 ] Epoch: [23/400][40/391] lr: 1.11e-04 | MSE loss: 1.1091e-04 | time: 0.154
I 06.17/06:29:31 solver.py:221 ] Epoch: [23/400][60/391] lr: 1.11e-04 | MSE loss: 1.1023e-04 | time: 0.153
I 06.17/06:29:33 solver.py:221 ] Epoch: [23/400][80/391] lr: 1.11e-04 | MSE loss: 1.1173e-04 | time: 0.152
I 06.17/06:29:36 solver.py:221 ] Epoch: [23/400][100/391] lr: 1.11e-04 | MSE loss: 1.1092e-04 | time: 0.151
I 06.17/06:29:39 solver.py:221 ] Epoch: [23/400][120/391] lr: 1.12e-04 | MSE loss: 1.0988e-04 | time: 0.150
I 06.17/06:29:42 solver.py:221 ] Epoch: [23/400][140/391] lr: 1.12e-04 | MSE loss: 1.1094e-04 | time: 0.151
I 06.17/06:29:45 solver.py:221 ] Epoch: [23/400][160/391] lr: 1.12e-04 | MSE loss: 1.0990e-04 | time: 0.150
I 06.17/06:29:48 solver.py:221 ] Epoch: [23/400][180/391] lr: 1.12e-04 | MSE loss: 1.0910e-04 | time: 0.151
I 06.17/06:29:52 solver.py:221 ] Epoch: [23/400][200/391] lr: 1.13e-04 | MSE loss: 1.0992e-04 | time: 0.152
I 06.17/06:29:55 solver.py:221 ] Epoch: [23/400][220/391] lr: 1.13e-04 | MSE loss: 1.0894e-04 | time: 0.151
I 06.17/06:29:58 solver.py:221 ] Epoch: [23/400][240/391] lr: 1.13e-04 | MSE loss: 1.0828e-04 | time: 0.151
I 06.17/06:30:01 solver.py:221 ] Epoch: [23/400][260/391] lr: 1.13e-04 | MSE loss: 1.0827e-04 | time: 0.151
I 06.17/06:30:04 solver.py:221 ] Epoch: [23/400][280/391] lr: 1.14e-04 | MSE loss: 1.0765e-04 | time: 0.154
I 06.17/06:30:07 solver.py:221 ] Epoch: [23/400][300/391] lr: 1.14e-04 | MSE loss: 1.0765e-04 | time: 0.152
I 06.17/06:30:10 solver.py:221 ] Epoch: [23/400][320/391] lr: 1.14e-04 | MSE loss: 1.0771e-04 | time: 0.152
I 06.17/06:30:13 solver.py:221 ] Epoch: [23/400][340/391] lr: 1.14e-04 | MSE loss: 1.0713e-04 | time: 0.151
I 06.17/06:30:16 solver.py:221 ] Epoch: [23/400][360/391] lr: 1.15e-04 | MSE loss: 1.0648e-04 | time: 0.152
I 06.17/06:30:19 solver.py:221 ] Epoch: [23/400][380/391] lr: 1.15e-04 | MSE loss: 1.0653e-04 | time: 0.152
I 06.17/06:30:20 solver.py:243 ] => Train  Loss: 1.0632e-04

I 06.17/06:30:21 solver.py:337 ] 
=! Best NMSE: -4.0006e+00 (epoch=20)

I 06.17/06:30:24 solver.py:221 ] Epoch: [24/400][20/391] lr: 1.15e-04 | MSE loss: 9.6133e-05 | time: 0.156
I 06.17/06:30:27 solver.py:221 ] Epoch: [24/400][40/391] lr: 1.16e-04 | MSE loss: 1.0522e-04 | time: 0.156
I 06.17/06:30:30 solver.py:221 ] Epoch: [24/400][60/391] lr: 1.16e-04 | MSE loss: 1.0269e-04 | time: 0.153
I 06.17/06:30:33 solver.py:221 ] Epoch: [24/400][80/391] lr: 1.16e-04 | MSE loss: 1.0031e-04 | time: 0.152
I 06.17/06:30:36 solver.py:221 ] Epoch: [24/400][100/391] lr: 1.16e-04 | MSE loss: 1.0112e-04 | time: 0.151
I 06.17/06:30:39 solver.py:221 ] Epoch: [24/400][120/391] lr: 1.17e-04 | MSE loss: 1.0009e-04 | time: 0.150
I 06.17/06:30:42 solver.py:221 ] Epoch: [24/400][140/391] lr: 1.17e-04 | MSE loss: 9.9581e-05 | time: 0.151
I 06.17/06:30:45 solver.py:221 ] Epoch: [24/400][160/391] lr: 1.17e-04 | MSE loss: 1.0057e-04 | time: 0.150
I 06.17/06:30:48 solver.py:221 ] Epoch: [24/400][180/391] lr: 1.17e-04 | MSE loss: 1.0003e-04 | time: 0.151
I 06.17/06:30:51 solver.py:221 ] Epoch: [24/400][200/391] lr: 1.18e-04 | MSE loss: 9.9420e-05 | time: 0.150
I 06.17/06:30:54 solver.py:221 ] Epoch: [24/400][220/391] lr: 1.18e-04 | MSE loss: 9.8509e-05 | time: 0.150
I 06.17/06:30:57 solver.py:221 ] Epoch: [24/400][240/391] lr: 1.18e-04 | MSE loss: 9.9150e-05 | time: 0.150
I 06.17/06:31:00 solver.py:221 ] Epoch: [24/400][260/391] lr: 1.18e-04 | MSE loss: 9.8487e-05 | time: 0.150
I 06.17/06:31:03 solver.py:221 ] Epoch: [24/400][280/391] lr: 1.19e-04 | MSE loss: 9.8129e-05 | time: 0.151
I 06.17/06:31:07 solver.py:221 ] Epoch: [24/400][300/391] lr: 1.19e-04 | MSE loss: 9.7928e-05 | time: 0.153
I 06.17/06:31:10 solver.py:221 ] Epoch: [24/400][320/391] lr: 1.19e-04 | MSE loss: 9.7885e-05 | time: 0.153
I 06.17/06:31:13 solver.py:221 ] Epoch: [24/400][340/391] lr: 1.19e-04 | MSE loss: 9.7921e-05 | time: 0.152
I 06.17/06:31:16 solver.py:221 ] Epoch: [24/400][360/391] lr: 1.20e-04 | MSE loss: 9.7269e-05 | time: 0.152
I 06.17/06:31:18 solver.py:221 ] Epoch: [24/400][380/391] lr: 1.20e-04 | MSE loss: 9.6823e-05 | time: 0.152
I 06.17/06:31:20 solver.py:243 ] => Train  Loss: 9.6968e-05

I 06.17/06:31:20 solver.py:337 ] 
=! Best NMSE: -4.0006e+00 (epoch=20)

I 06.17/06:31:23 solver.py:221 ] Epoch: [25/400][20/391] lr: 1.20e-04 | MSE loss: 8.7544e-05 | time: 0.144
I 06.17/06:31:26 solver.py:221 ] Epoch: [25/400][40/391] lr: 1.21e-04 | MSE loss: 9.1168e-05 | time: 0.147
I 06.17/06:31:29 solver.py:221 ] Epoch: [25/400][60/391] lr: 1.21e-04 | MSE loss: 9.0161e-05 | time: 0.147
I 06.17/06:31:32 solver.py:221 ] Epoch: [25/400][80/391] lr: 1.21e-04 | MSE loss: 9.0677e-05 | time: 0.148
I 06.17/06:31:35 solver.py:221 ] Epoch: [25/400][100/391] lr: 1.21e-04 | MSE loss: 9.3088e-05 | time: 0.147
I 06.17/06:31:38 solver.py:221 ] Epoch: [25/400][120/391] lr: 1.22e-04 | MSE loss: 9.2481e-05 | time: 0.148
I 06.17/06:31:41 solver.py:221 ] Epoch: [25/400][140/391] lr: 1.22e-04 | MSE loss: 9.1930e-05 | time: 0.148
I 06.17/06:31:44 solver.py:221 ] Epoch: [25/400][160/391] lr: 1.22e-04 | MSE loss: 9.1273e-05 | time: 0.148
I 06.17/06:31:47 solver.py:221 ] Epoch: [25/400][180/391] lr: 1.22e-04 | MSE loss: 9.3091e-05 | time: 0.149
I 06.17/06:31:50 solver.py:221 ] Epoch: [25/400][200/391] lr: 1.23e-04 | MSE loss: 9.2550e-05 | time: 0.149
I 06.17/06:31:53 solver.py:221 ] Epoch: [25/400][220/391] lr: 1.23e-04 | MSE loss: 9.1648e-05 | time: 0.149
I 06.17/06:31:56 solver.py:221 ] Epoch: [25/400][240/391] lr: 1.23e-04 | MSE loss: 9.2552e-05 | time: 0.149
I 06.17/06:31:59 solver.py:221 ] Epoch: [25/400][260/391] lr: 1.23e-04 | MSE loss: 9.2639e-05 | time: 0.149
I 06.17/06:32:02 solver.py:221 ] Epoch: [25/400][280/391] lr: 1.24e-04 | MSE loss: 9.1996e-05 | time: 0.148
I 06.17/06:32:06 solver.py:221 ] Epoch: [25/400][300/391] lr: 1.24e-04 | MSE loss: 9.1527e-05 | time: 0.151
I 06.17/06:32:09 solver.py:221 ] Epoch: [25/400][320/391] lr: 1.24e-04 | MSE loss: 9.1500e-05 | time: 0.151
I 06.17/06:32:12 solver.py:221 ] Epoch: [25/400][340/391] lr: 1.24e-04 | MSE loss: 9.1242e-05 | time: 0.151
I 06.17/06:32:15 solver.py:221 ] Epoch: [25/400][360/391] lr: 1.25e-04 | MSE loss: 9.0982e-05 | time: 0.151
I 06.17/06:32:18 solver.py:221 ] Epoch: [25/400][380/391] lr: 1.25e-04 | MSE loss: 9.0966e-05 | time: 0.151
I 06.17/06:32:19 solver.py:243 ] => Train  Loss: 9.1127e-05

I 06.17/06:32:20 solver.py:337 ] 
=! Best NMSE: -4.0006e+00 (epoch=20)

I 06.17/06:32:23 solver.py:221 ] Epoch: [26/400][20/391] lr: 1.25e-04 | MSE loss: 8.4840e-05 | time: 0.134
I 06.17/06:32:25 solver.py:221 ] Epoch: [26/400][40/391] lr: 1.26e-04 | MSE loss: 8.7299e-05 | time: 0.139
I 06.17/06:32:28 solver.py:221 ] Epoch: [26/400][60/391] lr: 1.26e-04 | MSE loss: 8.6500e-05 | time: 0.143
I 06.17/06:32:31 solver.py:221 ] Epoch: [26/400][80/391] lr: 1.26e-04 | MSE loss: 8.5243e-05 | time: 0.144
I 06.17/06:32:34 solver.py:221 ] Epoch: [26/400][100/391] lr: 1.26e-04 | MSE loss: 8.8412e-05 | time: 0.144
I 06.17/06:32:37 solver.py:221 ] Epoch: [26/400][120/391] lr: 1.27e-04 | MSE loss: 8.8013e-05 | time: 0.146
I 06.17/06:32:40 solver.py:221 ] Epoch: [26/400][140/391] lr: 1.27e-04 | MSE loss: 8.7430e-05 | time: 0.146
I 06.17/06:32:43 solver.py:221 ] Epoch: [26/400][160/391] lr: 1.27e-04 | MSE loss: 8.8900e-05 | time: 0.147
I 06.17/06:32:46 solver.py:221 ] Epoch: [26/400][180/391] lr: 1.27e-04 | MSE loss: 8.8317e-05 | time: 0.147
I 06.17/06:32:49 solver.py:221 ] Epoch: [26/400][200/391] lr: 1.28e-04 | MSE loss: 8.8030e-05 | time: 0.147
I 06.17/06:32:52 solver.py:221 ] Epoch: [26/400][220/391] lr: 1.28e-04 | MSE loss: 8.8060e-05 | time: 0.148
I 06.17/06:32:55 solver.py:221 ] Epoch: [26/400][240/391] lr: 1.28e-04 | MSE loss: 8.7687e-05 | time: 0.148
I 06.17/06:32:58 solver.py:221 ] Epoch: [26/400][260/391] lr: 1.28e-04 | MSE loss: 8.7674e-05 | time: 0.148
I 06.17/06:33:01 solver.py:221 ] Epoch: [26/400][280/391] lr: 1.29e-04 | MSE loss: 8.7403e-05 | time: 0.148
I 06.17/06:33:05 solver.py:221 ] Epoch: [26/400][300/391] lr: 1.29e-04 | MSE loss: 8.7137e-05 | time: 0.150
I 06.17/06:33:07 solver.py:221 ] Epoch: [26/400][320/391] lr: 1.29e-04 | MSE loss: 8.7435e-05 | time: 0.149
I 06.17/06:33:10 solver.py:221 ] Epoch: [26/400][340/391] lr: 1.29e-04 | MSE loss: 8.7221e-05 | time: 0.148
I 06.17/06:33:13 solver.py:221 ] Epoch: [26/400][360/391] lr: 1.30e-04 | MSE loss: 8.6884e-05 | time: 0.149
I 06.17/06:33:16 solver.py:221 ] Epoch: [26/400][380/391] lr: 1.30e-04 | MSE loss: 8.7911e-05 | time: 0.149
I 06.17/06:33:18 solver.py:243 ] => Train  Loss: 8.8017e-05

I 06.17/06:33:18 solver.py:337 ] 
=! Best NMSE: -4.0006e+00 (epoch=20)

I 06.17/06:33:21 solver.py:221 ] Epoch: [27/400][20/391] lr: 1.30e-04 | MSE loss: 8.4234e-05 | time: 0.140
I 06.17/06:33:24 solver.py:221 ] Epoch: [27/400][40/391] lr: 1.31e-04 | MSE loss: 8.1955e-05 | time: 0.146
I 06.17/06:33:27 solver.py:221 ] Epoch: [27/400][60/391] lr: 1.31e-04 | MSE loss: 8.5291e-05 | time: 0.147
I 06.17/06:33:30 solver.py:221 ] Epoch: [27/400][80/391] lr: 1.31e-04 | MSE loss: 8.5227e-05 | time: 0.149
I 06.17/06:33:33 solver.py:221 ] Epoch: [27/400][100/391] lr: 1.31e-04 | MSE loss: 8.5267e-05 | time: 0.150
I 06.17/06:33:37 solver.py:221 ] Epoch: [27/400][120/391] lr: 1.32e-04 | MSE loss: 8.4675e-05 | time: 0.151
I 06.17/06:33:39 solver.py:221 ] Epoch: [27/400][140/391] lr: 1.32e-04 | MSE loss: 8.4551e-05 | time: 0.151
I 06.17/06:33:42 solver.py:221 ] Epoch: [27/400][160/391] lr: 1.32e-04 | MSE loss: 8.4476e-05 | time: 0.151
I 06.17/06:33:46 solver.py:221 ] Epoch: [27/400][180/391] lr: 1.32e-04 | MSE loss: 8.4534e-05 | time: 0.151
I 06.17/06:33:49 solver.py:221 ] Epoch: [27/400][200/391] lr: 1.33e-04 | MSE loss: 8.5203e-05 | time: 0.151
I 06.17/06:33:52 solver.py:221 ] Epoch: [27/400][220/391] lr: 1.33e-04 | MSE loss: 8.4762e-05 | time: 0.151
I 06.17/06:33:55 solver.py:221 ] Epoch: [27/400][240/391] lr: 1.33e-04 | MSE loss: 8.4279e-05 | time: 0.151
I 06.17/06:33:58 solver.py:221 ] Epoch: [27/400][260/391] lr: 1.33e-04 | MSE loss: 8.4880e-05 | time: 0.151
I 06.17/06:34:01 solver.py:221 ] Epoch: [27/400][280/391] lr: 1.34e-04 | MSE loss: 8.4777e-05 | time: 0.151
I 06.17/06:34:05 solver.py:221 ] Epoch: [27/400][300/391] lr: 1.34e-04 | MSE loss: 8.4354e-05 | time: 0.155
I 06.17/06:34:08 solver.py:221 ] Epoch: [27/400][320/391] lr: 1.34e-04 | MSE loss: 8.4259e-05 | time: 0.154
I 06.17/06:34:11 solver.py:221 ] Epoch: [27/400][340/391] lr: 1.34e-04 | MSE loss: 8.5014e-05 | time: 0.154
I 06.17/06:34:14 solver.py:221 ] Epoch: [27/400][360/391] lr: 1.35e-04 | MSE loss: 8.4700e-05 | time: 0.153
I 06.17/06:34:17 solver.py:221 ] Epoch: [27/400][380/391] lr: 1.35e-04 | MSE loss: 8.4436e-05 | time: 0.154
I 06.17/06:34:18 solver.py:243 ] => Train  Loss: 8.4363e-05

I 06.17/06:34:18 solver.py:337 ] 
=! Best NMSE: -4.0006e+00 (epoch=20)

I 06.17/06:34:22 solver.py:221 ] Epoch: [28/400][20/391] lr: 1.35e-04 | MSE loss: 8.0069e-05 | time: 0.141
I 06.17/06:34:25 solver.py:221 ] Epoch: [28/400][40/391] lr: 1.36e-04 | MSE loss: 8.1349e-05 | time: 0.145
I 06.17/06:34:28 solver.py:221 ] Epoch: [28/400][60/391] lr: 1.36e-04 | MSE loss: 8.1515e-05 | time: 0.149
I 06.17/06:34:31 solver.py:221 ] Epoch: [28/400][80/391] lr: 1.36e-04 | MSE loss: 8.2021e-05 | time: 0.149
I 06.17/06:34:34 solver.py:221 ] Epoch: [28/400][100/391] lr: 1.36e-04 | MSE loss: 8.3070e-05 | time: 0.149
I 06.17/06:34:37 solver.py:221 ] Epoch: [28/400][120/391] lr: 1.37e-04 | MSE loss: 8.2723e-05 | time: 0.149
I 06.17/06:34:40 solver.py:221 ] Epoch: [28/400][140/391] lr: 1.37e-04 | MSE loss: 8.1767e-05 | time: 0.148
I 06.17/06:34:43 solver.py:221 ] Epoch: [28/400][160/391] lr: 1.37e-04 | MSE loss: 8.2548e-05 | time: 0.149
I 06.17/06:34:45 solver.py:221 ] Epoch: [28/400][180/391] lr: 1.37e-04 | MSE loss: 8.2358e-05 | time: 0.149
I 06.17/06:34:49 solver.py:221 ] Epoch: [28/400][200/391] lr: 1.38e-04 | MSE loss: 8.2457e-05 | time: 0.149
I 06.17/06:34:52 solver.py:221 ] Epoch: [28/400][220/391] lr: 1.38e-04 | MSE loss: 8.1998e-05 | time: 0.149
I 06.17/06:34:55 solver.py:221 ] Epoch: [28/400][240/391] lr: 1.38e-04 | MSE loss: 8.1853e-05 | time: 0.149
I 06.17/06:34:58 solver.py:221 ] Epoch: [28/400][260/391] lr: 1.38e-04 | MSE loss: 8.2384e-05 | time: 0.149
I 06.17/06:35:01 solver.py:221 ] Epoch: [28/400][280/391] lr: 1.39e-04 | MSE loss: 8.2656e-05 | time: 0.149
I 06.17/06:35:04 solver.py:221 ] Epoch: [28/400][300/391] lr: 1.39e-04 | MSE loss: 8.2265e-05 | time: 0.152
I 06.17/06:35:07 solver.py:221 ] Epoch: [28/400][320/391] lr: 1.39e-04 | MSE loss: 8.2609e-05 | time: 0.151
I 06.17/06:35:10 solver.py:221 ] Epoch: [28/400][340/391] lr: 1.39e-04 | MSE loss: 8.2569e-05 | time: 0.151
I 06.17/06:35:13 solver.py:221 ] Epoch: [28/400][360/391] lr: 1.40e-04 | MSE loss: 8.2256e-05 | time: 0.150
I 06.17/06:35:16 solver.py:221 ] Epoch: [28/400][380/391] lr: 1.40e-04 | MSE loss: 8.2047e-05 | time: 0.150
I 06.17/06:35:17 solver.py:243 ] => Train  Loss: 8.2122e-05

I 06.17/06:35:18 solver.py:337 ] 
=! Best NMSE: -4.0006e+00 (epoch=20)

I 06.17/06:35:21 solver.py:221 ] Epoch: [29/400][20/391] lr: 1.40e-04 | MSE loss: 7.5595e-05 | time: 0.137
I 06.17/06:35:24 solver.py:221 ] Epoch: [29/400][40/391] lr: 1.41e-04 | MSE loss: 8.0797e-05 | time: 0.142
I 06.17/06:35:27 solver.py:221 ] Epoch: [29/400][60/391] lr: 1.41e-04 | MSE loss: 8.2010e-05 | time: 0.144
I 06.17/06:35:30 solver.py:221 ] Epoch: [29/400][80/391] lr: 1.41e-04 | MSE loss: 8.0382e-05 | time: 0.145
I 06.17/06:35:33 solver.py:221 ] Epoch: [29/400][100/391] lr: 1.41e-04 | MSE loss: 8.0647e-05 | time: 0.147
I 06.17/06:35:36 solver.py:221 ] Epoch: [29/400][120/391] lr: 1.42e-04 | MSE loss: 8.0306e-05 | time: 0.149
I 06.17/06:35:39 solver.py:221 ] Epoch: [29/400][140/391] lr: 1.42e-04 | MSE loss: 8.0035e-05 | time: 0.150
I 06.17/06:35:42 solver.py:221 ] Epoch: [29/400][160/391] lr: 1.42e-04 | MSE loss: 8.0973e-05 | time: 0.151
I 06.17/06:35:45 solver.py:221 ] Epoch: [29/400][180/391] lr: 1.42e-04 | MSE loss: 8.0950e-05 | time: 0.150
I 06.17/06:35:48 solver.py:221 ] Epoch: [29/400][200/391] lr: 1.43e-04 | MSE loss: 8.0426e-05 | time: 0.150
I 06.17/06:35:51 solver.py:221 ] Epoch: [29/400][220/391] lr: 1.43e-04 | MSE loss: 8.1252e-05 | time: 0.150
I 06.17/06:35:54 solver.py:221 ] Epoch: [29/400][240/391] lr: 1.43e-04 | MSE loss: 8.0682e-05 | time: 0.150
I 06.17/06:35:57 solver.py:221 ] Epoch: [29/400][260/391] lr: 1.43e-04 | MSE loss: 8.0244e-05 | time: 0.150
I 06.17/06:36:00 solver.py:221 ] Epoch: [29/400][280/391] lr: 1.44e-04 | MSE loss: 8.0344e-05 | time: 0.150
I 06.17/06:36:03 solver.py:221 ] Epoch: [29/400][300/391] lr: 1.44e-04 | MSE loss: 8.0059e-05 | time: 0.153
I 06.17/06:36:06 solver.py:221 ] Epoch: [29/400][320/391] lr: 1.44e-04 | MSE loss: 8.0161e-05 | time: 0.151
I 06.17/06:36:09 solver.py:221 ] Epoch: [29/400][340/391] lr: 1.44e-04 | MSE loss: 8.0557e-05 | time: 0.151
I 06.17/06:36:12 solver.py:221 ] Epoch: [29/400][360/391] lr: 1.45e-04 | MSE loss: 8.0415e-05 | time: 0.151
I 06.17/06:36:15 solver.py:221 ] Epoch: [29/400][380/391] lr: 1.45e-04 | MSE loss: 8.0235e-05 | time: 0.151
I 06.17/06:36:17 solver.py:243 ] => Train  Loss: 8.0582e-05

I 06.17/06:36:17 solver.py:337 ] 
=! Best NMSE: -4.0006e+00 (epoch=20)

I 06.17/06:36:20 solver.py:221 ] Epoch: [30/400][20/391] lr: 1.45e-04 | MSE loss: 7.8918e-05 | time: 0.133
I 06.17/06:36:23 solver.py:221 ] Epoch: [30/400][40/391] lr: 1.46e-04 | MSE loss: 7.6866e-05 | time: 0.142
I 06.17/06:36:26 solver.py:221 ] Epoch: [30/400][60/391] lr: 1.46e-04 | MSE loss: 7.8523e-05 | time: 0.144
I 06.17/06:36:29 solver.py:221 ] Epoch: [30/400][80/391] lr: 1.46e-04 | MSE loss: 7.8657e-05 | time: 0.145
I 06.17/06:36:32 solver.py:221 ] Epoch: [30/400][100/391] lr: 1.46e-04 | MSE loss: 7.8096e-05 | time: 0.146
I 06.17/06:36:35 solver.py:221 ] Epoch: [30/400][120/391] lr: 1.47e-04 | MSE loss: 7.7852e-05 | time: 0.148
I 06.17/06:36:38 solver.py:221 ] Epoch: [30/400][140/391] lr: 1.47e-04 | MSE loss: 7.8503e-05 | time: 0.147
I 06.17/06:36:41 solver.py:221 ] Epoch: [30/400][160/391] lr: 1.47e-04 | MSE loss: 7.8045e-05 | time: 0.147
I 06.17/06:36:44 solver.py:221 ] Epoch: [30/400][180/391] lr: 1.47e-04 | MSE loss: 7.7980e-05 | time: 0.149
I 06.17/06:36:47 solver.py:221 ] Epoch: [30/400][200/391] lr: 1.48e-04 | MSE loss: 7.7555e-05 | time: 0.149
I 06.17/06:36:50 solver.py:221 ] Epoch: [30/400][220/391] lr: 1.48e-04 | MSE loss: 7.8408e-05 | time: 0.150
I 06.17/06:36:53 solver.py:221 ] Epoch: [30/400][240/391] lr: 1.48e-04 | MSE loss: 7.8627e-05 | time: 0.150
I 06.17/06:36:56 solver.py:221 ] Epoch: [30/400][260/391] lr: 1.48e-04 | MSE loss: 7.8312e-05 | time: 0.150
I 06.17/06:36:59 solver.py:221 ] Epoch: [30/400][280/391] lr: 1.49e-04 | MSE loss: 7.7906e-05 | time: 0.150
I 06.17/06:37:02 solver.py:221 ] Epoch: [30/400][300/391] lr: 1.49e-04 | MSE loss: 7.8456e-05 | time: 0.152
I 06.17/06:37:06 solver.py:221 ] Epoch: [30/400][320/391] lr: 1.49e-04 | MSE loss: 7.8257e-05 | time: 0.154
I 06.17/06:37:09 solver.py:221 ] Epoch: [30/400][340/391] lr: 1.49e-04 | MSE loss: 7.7912e-05 | time: 0.152
I 06.17/06:37:11 solver.py:221 ] Epoch: [30/400][360/391] lr: 1.50e-04 | MSE loss: 7.7578e-05 | time: 0.150
I 06.17/06:37:14 solver.py:221 ] Epoch: [30/400][380/391] lr: 1.50e-04 | MSE loss: 7.8070e-05 | time: 0.149
I 06.17/06:37:15 solver.py:243 ] => Train  Loss: 7.8158e-05

I 06.17/06:37:18 solver.py:221 ] Epoch: [30/400][20/118] lr: 1.50e-04 | MSE loss: 7.6350e-05 | time: 0.102
I 06.17/06:37:20 solver.py:221 ] Epoch: [30/400][40/118] lr: 1.50e-04 | MSE loss: 7.6043e-05 | time: 0.098
I 06.17/06:37:21 solver.py:221 ] Epoch: [30/400][60/118] lr: 1.50e-04 | MSE loss: 7.6836e-05 | time: 0.097
I 06.17/06:37:23 solver.py:221 ] Epoch: [30/400][80/118] lr: 1.50e-04 | MSE loss: 7.6814e-05 | time: 0.095
I 06.17/06:37:25 solver.py:221 ] Epoch: [30/400][100/118] lr: 1.50e-04 | MSE loss: 7.6732e-05 | time: 0.095
I 06.17/06:37:26 solver.py:243 ] => Val  Loss: 7.6825e-05

I 06.17/06:37:28 solver.py:471 ] [20/79] loss: 7.7224e-05 | NMSE: -7.6749e+00 | time: 0.078
I 06.17/06:37:29 solver.py:471 ] [40/79] loss: 7.6908e-05 | NMSE: -7.6953e+00 | time: 0.070
I 06.17/06:37:30 solver.py:471 ] [60/79] loss: 7.6700e-05 | NMSE: -7.6969e+00 | time: 0.065
I 06.17/06:37:31 solver.py:476 ] => Test NMSE: -7.7044e+00

I 06.17/06:37:31 solver.py:337 ] 
=! Best NMSE: -7.7044e+00 (epoch=30)

I 06.17/06:37:34 solver.py:221 ] Epoch: [31/400][20/391] lr: 1.50e-04 | MSE loss: 7.2582e-05 | time: 0.133
I 06.17/06:37:37 solver.py:221 ] Epoch: [31/400][40/391] lr: 1.51e-04 | MSE loss: 7.1782e-05 | time: 0.138
I 06.17/06:37:40 solver.py:221 ] Epoch: [31/400][60/391] lr: 1.51e-04 | MSE loss: 7.4966e-05 | time: 0.139
I 06.17/06:37:43 solver.py:221 ] Epoch: [31/400][80/391] lr: 1.51e-04 | MSE loss: 7.4674e-05 | time: 0.144
I 06.17/06:37:46 solver.py:221 ] Epoch: [31/400][100/391] lr: 1.51e-04 | MSE loss: 7.4379e-05 | time: 0.145
I 06.17/06:37:49 solver.py:221 ] Epoch: [31/400][120/391] lr: 1.52e-04 | MSE loss: 7.4067e-05 | time: 0.146
I 06.17/06:37:52 solver.py:221 ] Epoch: [31/400][140/391] lr: 1.52e-04 | MSE loss: 7.5893e-05 | time: 0.146
I 06.17/06:37:55 solver.py:221 ] Epoch: [31/400][160/391] lr: 1.52e-04 | MSE loss: 7.5682e-05 | time: 0.146
I 06.17/06:37:58 solver.py:221 ] Epoch: [31/400][180/391] lr: 1.52e-04 | MSE loss: 7.5314e-05 | time: 0.147
I 06.17/06:38:01 solver.py:221 ] Epoch: [31/400][200/391] lr: 1.53e-04 | MSE loss: 7.5425e-05 | time: 0.147
I 06.17/06:38:05 solver.py:221 ] Epoch: [31/400][220/391] lr: 1.53e-04 | MSE loss: 7.5330e-05 | time: 0.151
I 06.17/06:38:08 solver.py:221 ] Epoch: [31/400][240/391] lr: 1.53e-04 | MSE loss: 7.4978e-05 | time: 0.150
I 06.17/06:38:11 solver.py:221 ] Epoch: [31/400][260/391] lr: 1.53e-04 | MSE loss: 7.4824e-05 | time: 0.150
I 06.17/06:38:14 solver.py:221 ] Epoch: [31/400][280/391] lr: 1.54e-04 | MSE loss: 7.5331e-05 | time: 0.150
I 06.17/06:38:17 solver.py:221 ] Epoch: [31/400][300/391] lr: 1.54e-04 | MSE loss: 7.5235e-05 | time: 0.150
I 06.17/06:38:20 solver.py:221 ] Epoch: [31/400][320/391] lr: 1.54e-04 | MSE loss: 7.4885e-05 | time: 0.150
I 06.17/06:38:23 solver.py:221 ] Epoch: [31/400][340/391] lr: 1.54e-04 | MSE loss: 7.5487e-05 | time: 0.150
I 06.17/06:38:26 solver.py:221 ] Epoch: [31/400][360/391] lr: 1.55e-04 | MSE loss: 7.5459e-05 | time: 0.150
I 06.17/06:38:29 solver.py:221 ] Epoch: [31/400][380/391] lr: 1.55e-04 | MSE loss: 7.5115e-05 | time: 0.150
I 06.17/06:38:30 solver.py:243 ] => Train  Loss: 7.4977e-05

I 06.17/06:38:31 solver.py:337 ] 
=! Best NMSE: -7.7044e+00 (epoch=30)

I 06.17/06:38:34 solver.py:221 ] Epoch: [32/400][20/391] lr: 1.55e-04 | MSE loss: 7.7583e-05 | time: 0.137
I 06.17/06:38:37 solver.py:221 ] Epoch: [32/400][40/391] lr: 1.56e-04 | MSE loss: 7.3665e-05 | time: 0.145
I 06.17/06:38:40 solver.py:221 ] Epoch: [32/400][60/391] lr: 1.56e-04 | MSE loss: 7.2644e-05 | time: 0.146
I 06.17/06:38:43 solver.py:221 ] Epoch: [32/400][80/391] lr: 1.56e-04 | MSE loss: 7.2112e-05 | time: 0.147
I 06.17/06:38:46 solver.py:221 ] Epoch: [32/400][100/391] lr: 1.56e-04 | MSE loss: 7.1827e-05 | time: 0.149
I 06.17/06:38:49 solver.py:221 ] Epoch: [32/400][120/391] lr: 1.57e-04 | MSE loss: 7.2358e-05 | time: 0.149
I 06.17/06:38:52 solver.py:221 ] Epoch: [32/400][140/391] lr: 1.57e-04 | MSE loss: 7.4641e-05 | time: 0.149
I 06.17/06:38:55 solver.py:221 ] Epoch: [32/400][160/391] lr: 1.57e-04 | MSE loss: 7.3834e-05 | time: 0.149
I 06.17/06:38:58 solver.py:221 ] Epoch: [32/400][180/391] lr: 1.57e-04 | MSE loss: 7.3235e-05 | time: 0.148
I 06.17/06:39:01 solver.py:221 ] Epoch: [32/400][200/391] lr: 1.58e-04 | MSE loss: 7.3254e-05 | time: 0.149
I 06.17/06:39:06 solver.py:221 ] Epoch: [32/400][220/391] lr: 1.58e-04 | MSE loss: 7.2993e-05 | time: 0.159
I 06.17/06:39:09 solver.py:221 ] Epoch: [32/400][240/391] lr: 1.58e-04 | MSE loss: 7.2803e-05 | time: 0.157
I 06.17/06:39:12 solver.py:221 ] Epoch: [32/400][260/391] lr: 1.58e-04 | MSE loss: 7.2857e-05 | time: 0.157
I 06.17/06:39:15 solver.py:221 ] Epoch: [32/400][280/391] lr: 1.59e-04 | MSE loss: 7.2599e-05 | time: 0.156
I 06.17/06:39:17 solver.py:221 ] Epoch: [32/400][300/391] lr: 1.59e-04 | MSE loss: 7.2578e-05 | time: 0.155
I 06.17/06:39:20 solver.py:221 ] Epoch: [32/400][320/391] lr: 1.59e-04 | MSE loss: 7.2430e-05 | time: 0.155
I 06.17/06:39:24 solver.py:221 ] Epoch: [32/400][340/391] lr: 1.59e-04 | MSE loss: 7.2320e-05 | time: 0.155
I 06.17/06:39:27 solver.py:221 ] Epoch: [32/400][360/391] lr: 1.60e-04 | MSE loss: 7.2818e-05 | time: 0.155
I 06.17/06:39:30 solver.py:221 ] Epoch: [32/400][380/391] lr: 1.60e-04 | MSE loss: 7.2555e-05 | time: 0.155
I 06.17/06:39:31 solver.py:243 ] => Train  Loss: 7.2449e-05

I 06.17/06:39:31 solver.py:337 ] 
=! Best NMSE: -7.7044e+00 (epoch=30)

I 06.17/06:39:34 solver.py:221 ] Epoch: [33/400][20/391] lr: 1.60e-04 | MSE loss: 7.2755e-05 | time: 0.134
I 06.17/06:39:37 solver.py:221 ] Epoch: [33/400][40/391] lr: 1.61e-04 | MSE loss: 7.0176e-05 | time: 0.141
I 06.17/06:39:40 solver.py:221 ] Epoch: [33/400][60/391] lr: 1.61e-04 | MSE loss: 6.9023e-05 | time: 0.144
I 06.17/06:39:43 solver.py:221 ] Epoch: [33/400][80/391] lr: 1.61e-04 | MSE loss: 7.0028e-05 | time: 0.144
I 06.17/06:39:46 solver.py:221 ] Epoch: [33/400][100/391] lr: 1.61e-04 | MSE loss: 7.0036e-05 | time: 0.148
I 06.17/06:39:50 solver.py:221 ] Epoch: [33/400][120/391] lr: 1.62e-04 | MSE loss: 7.0100e-05 | time: 0.149
I 06.17/06:39:53 solver.py:221 ] Epoch: [33/400][140/391] lr: 1.62e-04 | MSE loss: 7.0464e-05 | time: 0.150
I 06.17/06:39:56 solver.py:221 ] Epoch: [33/400][160/391] lr: 1.62e-04 | MSE loss: 7.0087e-05 | time: 0.150
I 06.17/06:39:59 solver.py:221 ] Epoch: [33/400][180/391] lr: 1.62e-04 | MSE loss: 7.0417e-05 | time: 0.151
I 06.17/06:40:02 solver.py:221 ] Epoch: [33/400][200/391] lr: 1.63e-04 | MSE loss: 7.0241e-05 | time: 0.153
I 06.17/06:40:06 solver.py:221 ] Epoch: [33/400][220/391] lr: 1.63e-04 | MSE loss: 7.0718e-05 | time: 0.156
I 06.17/06:40:09 solver.py:221 ] Epoch: [33/400][240/391] lr: 1.63e-04 | MSE loss: 7.0638e-05 | time: 0.155
I 06.17/06:40:12 solver.py:221 ] Epoch: [33/400][260/391] lr: 1.63e-04 | MSE loss: 7.0173e-05 | time: 0.155
I 06.17/06:40:15 solver.py:221 ] Epoch: [33/400][280/391] lr: 1.64e-04 | MSE loss: 7.0307e-05 | time: 0.155
I 06.17/06:40:18 solver.py:221 ] Epoch: [33/400][300/391] lr: 1.64e-04 | MSE loss: 7.0354e-05 | time: 0.155
I 06.17/06:40:21 solver.py:221 ] Epoch: [33/400][320/391] lr: 1.64e-04 | MSE loss: 6.9998e-05 | time: 0.154
I 06.17/06:40:24 solver.py:221 ] Epoch: [33/400][340/391] lr: 1.64e-04 | MSE loss: 6.9667e-05 | time: 0.154
I 06.17/06:40:27 solver.py:221 ] Epoch: [33/400][360/391] lr: 1.65e-04 | MSE loss: 6.9886e-05 | time: 0.153
I 06.17/06:40:30 solver.py:221 ] Epoch: [33/400][380/391] lr: 1.65e-04 | MSE loss: 6.9976e-05 | time: 0.153
I 06.17/06:40:31 solver.py:243 ] => Train  Loss: 6.9844e-05

I 06.17/06:40:32 solver.py:337 ] 
=! Best NMSE: -7.7044e+00 (epoch=30)

I 06.17/06:40:35 solver.py:221 ] Epoch: [34/400][20/391] lr: 1.65e-04 | MSE loss: 6.5199e-05 | time: 0.144
I 06.17/06:40:38 solver.py:221 ] Epoch: [34/400][40/391] lr: 1.66e-04 | MSE loss: 6.6577e-05 | time: 0.145
I 06.17/06:40:41 solver.py:221 ] Epoch: [34/400][60/391] lr: 1.66e-04 | MSE loss: 6.7124e-05 | time: 0.146
I 06.17/06:40:44 solver.py:221 ] Epoch: [34/400][80/391] lr: 1.66e-04 | MSE loss: 6.6901e-05 | time: 0.147
I 06.17/06:40:47 solver.py:221 ] Epoch: [34/400][100/391] lr: 1.66e-04 | MSE loss: 6.8194e-05 | time: 0.147
I 06.17/06:40:50 solver.py:221 ] Epoch: [34/400][120/391] lr: 1.67e-04 | MSE loss: 6.7939e-05 | time: 0.147
I 06.17/06:40:52 solver.py:221 ] Epoch: [34/400][140/391] lr: 1.67e-04 | MSE loss: 6.7859e-05 | time: 0.147
I 06.17/06:40:55 solver.py:221 ] Epoch: [34/400][160/391] lr: 1.67e-04 | MSE loss: 6.9202e-05 | time: 0.147
I 06.17/06:40:58 solver.py:221 ] Epoch: [34/400][180/391] lr: 1.67e-04 | MSE loss: 6.9874e-05 | time: 0.148
I 06.17/06:41:01 solver.py:221 ] Epoch: [34/400][200/391] lr: 1.68e-04 | MSE loss: 6.9406e-05 | time: 0.149
I 06.17/06:41:06 solver.py:221 ] Epoch: [34/400][220/391] lr: 1.68e-04 | MSE loss: 6.8947e-05 | time: 0.157
I 06.17/06:41:09 solver.py:221 ] Epoch: [34/400][240/391] lr: 1.68e-04 | MSE loss: 6.8536e-05 | time: 0.156
I 06.17/06:41:12 solver.py:221 ] Epoch: [34/400][260/391] lr: 1.68e-04 | MSE loss: 6.8795e-05 | time: 0.155
I 06.17/06:41:15 solver.py:221 ] Epoch: [34/400][280/391] lr: 1.69e-04 | MSE loss: 6.8496e-05 | time: 0.155
I 06.17/06:41:18 solver.py:221 ] Epoch: [34/400][300/391] lr: 1.69e-04 | MSE loss: 6.8229e-05 | time: 0.154
I 06.17/06:41:21 solver.py:221 ] Epoch: [34/400][320/391] lr: 1.69e-04 | MSE loss: 6.7926e-05 | time: 0.153
I 06.17/06:41:24 solver.py:221 ] Epoch: [34/400][340/391] lr: 1.69e-04 | MSE loss: 6.8293e-05 | time: 0.153
I 06.17/06:41:27 solver.py:221 ] Epoch: [34/400][360/391] lr: 1.70e-04 | MSE loss: 6.8226e-05 | time: 0.153
I 06.17/06:41:30 solver.py:221 ] Epoch: [34/400][380/391] lr: 1.70e-04 | MSE loss: 6.7991e-05 | time: 0.153
I 06.17/06:41:32 solver.py:243 ] => Train  Loss: 6.7932e-05

I 06.17/06:41:32 solver.py:337 ] 
=! Best NMSE: -7.7044e+00 (epoch=30)

I 06.17/06:41:35 solver.py:221 ] Epoch: [35/400][20/391] lr: 1.70e-04 | MSE loss: 6.3474e-05 | time: 0.137
I 06.17/06:41:38 solver.py:221 ] Epoch: [35/400][40/391] lr: 1.71e-04 | MSE loss: 6.6125e-05 | time: 0.146
I 06.17/06:41:41 solver.py:221 ] Epoch: [35/400][60/391] lr: 1.71e-04 | MSE loss: 6.7888e-05 | time: 0.150
I 06.17/06:41:45 solver.py:221 ] Epoch: [35/400][80/391] lr: 1.71e-04 | MSE loss: 6.7424e-05 | time: 0.156
I 06.17/06:41:48 solver.py:221 ] Epoch: [35/400][100/391] lr: 1.71e-04 | MSE loss: 6.6648e-05 | time: 0.153
I 06.17/06:41:51 solver.py:221 ] Epoch: [35/400][120/391] lr: 1.72e-04 | MSE loss: 6.6959e-05 | time: 0.152
I 06.17/06:41:54 solver.py:221 ] Epoch: [35/400][140/391] lr: 1.72e-04 | MSE loss: 6.7882e-05 | time: 0.152
I 06.17/06:41:57 solver.py:221 ] Epoch: [35/400][160/391] lr: 1.72e-04 | MSE loss: 6.7209e-05 | time: 0.152
I 06.17/06:42:00 solver.py:221 ] Epoch: [35/400][180/391] lr: 1.72e-04 | MSE loss: 6.6692e-05 | time: 0.151
I 06.17/06:42:04 solver.py:221 ] Epoch: [35/400][200/391] lr: 1.73e-04 | MSE loss: 6.6096e-05 | time: 0.158
I 06.17/06:42:07 solver.py:221 ] Epoch: [35/400][220/391] lr: 1.73e-04 | MSE loss: 6.6406e-05 | time: 0.157
I 06.17/06:42:10 solver.py:221 ] Epoch: [35/400][240/391] lr: 1.73e-04 | MSE loss: 6.6361e-05 | time: 0.156
I 06.17/06:42:13 solver.py:221 ] Epoch: [35/400][260/391] lr: 1.73e-04 | MSE loss: 6.6526e-05 | time: 0.156
I 06.17/06:42:16 solver.py:221 ] Epoch: [35/400][280/391] lr: 1.74e-04 | MSE loss: 6.6259e-05 | time: 0.156
I 06.17/06:42:19 solver.py:221 ] Epoch: [35/400][300/391] lr: 1.74e-04 | MSE loss: 6.5948e-05 | time: 0.156
I 06.17/06:42:22 solver.py:221 ] Epoch: [35/400][320/391] lr: 1.74e-04 | MSE loss: 6.6205e-05 | time: 0.156
I 06.17/06:42:25 solver.py:221 ] Epoch: [35/400][340/391] lr: 1.74e-04 | MSE loss: 6.6229e-05 | time: 0.156
I 06.17/06:42:28 solver.py:221 ] Epoch: [35/400][360/391] lr: 1.75e-04 | MSE loss: 6.6004e-05 | time: 0.155
I 06.17/06:42:31 solver.py:221 ] Epoch: [35/400][380/391] lr: 1.75e-04 | MSE loss: 6.6179e-05 | time: 0.155
I 06.17/06:42:33 solver.py:243 ] => Train  Loss: 6.6100e-05

I 06.17/06:42:33 solver.py:337 ] 
=! Best NMSE: -7.7044e+00 (epoch=30)

I 06.17/06:42:36 solver.py:221 ] Epoch: [36/400][20/391] lr: 1.75e-04 | MSE loss: 6.3866e-05 | time: 0.145
I 06.17/06:42:39 solver.py:221 ] Epoch: [36/400][40/391] lr: 1.76e-04 | MSE loss: 6.3838e-05 | time: 0.148
I 06.17/06:42:42 solver.py:221 ] Epoch: [36/400][60/391] lr: 1.76e-04 | MSE loss: 6.3575e-05 | time: 0.148
I 06.17/06:42:45 solver.py:221 ] Epoch: [36/400][80/391] lr: 1.76e-04 | MSE loss: 6.4933e-05 | time: 0.147
I 06.17/06:42:48 solver.py:221 ] Epoch: [36/400][100/391] lr: 1.76e-04 | MSE loss: 6.4146e-05 | time: 0.147
I 06.17/06:42:51 solver.py:221 ] Epoch: [36/400][120/391] lr: 1.77e-04 | MSE loss: 6.4375e-05 | time: 0.147
I 06.17/06:42:54 solver.py:221 ] Epoch: [36/400][140/391] lr: 1.77e-04 | MSE loss: 6.4384e-05 | time: 0.147
I 06.17/06:42:57 solver.py:221 ] Epoch: [36/400][160/391] lr: 1.77e-04 | MSE loss: 6.4308e-05 | time: 0.147
I 06.17/06:43:00 solver.py:221 ] Epoch: [36/400][180/391] lr: 1.77e-04 | MSE loss: 6.4279e-05 | time: 0.147
I 06.17/06:43:03 solver.py:221 ] Epoch: [36/400][200/391] lr: 1.78e-04 | MSE loss: 6.4825e-05 | time: 0.151
I 06.17/06:43:07 solver.py:221 ] Epoch: [36/400][220/391] lr: 1.78e-04 | MSE loss: 6.5062e-05 | time: 0.152
I 06.17/06:43:10 solver.py:221 ] Epoch: [36/400][240/391] lr: 1.78e-04 | MSE loss: 6.4655e-05 | time: 0.152
I 06.17/06:43:13 solver.py:221 ] Epoch: [36/400][260/391] lr: 1.78e-04 | MSE loss: 6.4414e-05 | time: 0.151
I 06.17/06:43:16 solver.py:221 ] Epoch: [36/400][280/391] lr: 1.79e-04 | MSE loss: 6.4457e-05 | time: 0.151
I 06.17/06:43:19 solver.py:221 ] Epoch: [36/400][300/391] lr: 1.79e-04 | MSE loss: 6.4804e-05 | time: 0.151
I 06.17/06:43:22 solver.py:221 ] Epoch: [36/400][320/391] lr: 1.79e-04 | MSE loss: 6.4592e-05 | time: 0.151
I 06.17/06:43:25 solver.py:221 ] Epoch: [36/400][340/391] lr: 1.79e-04 | MSE loss: 6.4407e-05 | time: 0.151
I 06.17/06:43:28 solver.py:221 ] Epoch: [36/400][360/391] lr: 1.80e-04 | MSE loss: 6.4085e-05 | time: 0.151
I 06.17/06:43:31 solver.py:221 ] Epoch: [36/400][380/391] lr: 1.80e-04 | MSE loss: 6.4303e-05 | time: 0.151
I 06.17/06:43:32 solver.py:243 ] => Train  Loss: 6.4325e-05

I 06.17/06:43:32 solver.py:337 ] 
=! Best NMSE: -7.7044e+00 (epoch=30)

I 06.17/06:43:36 solver.py:221 ] Epoch: [37/400][20/391] lr: 1.80e-04 | MSE loss: 5.9854e-05 | time: 0.133
I 06.17/06:43:38 solver.py:221 ] Epoch: [37/400][40/391] lr: 1.81e-04 | MSE loss: 6.0514e-05 | time: 0.141
I 06.17/06:43:41 solver.py:221 ] Epoch: [37/400][60/391] lr: 1.81e-04 | MSE loss: 6.1440e-05 | time: 0.144
I 06.17/06:43:45 solver.py:221 ] Epoch: [37/400][80/391] lr: 1.81e-04 | MSE loss: 6.1270e-05 | time: 0.147
I 06.17/06:43:48 solver.py:221 ] Epoch: [37/400][100/391] lr: 1.81e-04 | MSE loss: 6.2814e-05 | time: 0.149
I 06.17/06:43:51 solver.py:221 ] Epoch: [37/400][120/391] lr: 1.82e-04 | MSE loss: 6.2396e-05 | time: 0.151
I 06.17/06:43:54 solver.py:221 ] Epoch: [37/400][140/391] lr: 1.82e-04 | MSE loss: 6.2171e-05 | time: 0.152
I 06.17/06:43:57 solver.py:221 ] Epoch: [37/400][160/391] lr: 1.82e-04 | MSE loss: 6.2192e-05 | time: 0.154
I 06.17/06:44:01 solver.py:221 ] Epoch: [37/400][180/391] lr: 1.82e-04 | MSE loss: 6.2490e-05 | time: 0.154
I 06.17/06:44:05 solver.py:221 ] Epoch: [37/400][200/391] lr: 1.83e-04 | MSE loss: 6.2389e-05 | time: 0.161
I 06.17/06:44:08 solver.py:221 ] Epoch: [37/400][220/391] lr: 1.83e-04 | MSE loss: 6.2071e-05 | time: 0.161
I 06.17/06:44:11 solver.py:221 ] Epoch: [37/400][240/391] lr: 1.83e-04 | MSE loss: 6.2917e-05 | time: 0.160
I 06.17/06:44:14 solver.py:221 ] Epoch: [37/400][260/391] lr: 1.83e-04 | MSE loss: 6.2605e-05 | time: 0.158
I 06.17/06:44:17 solver.py:221 ] Epoch: [37/400][280/391] lr: 1.84e-04 | MSE loss: 6.2351e-05 | time: 0.158
I 06.17/06:44:20 solver.py:221 ] Epoch: [37/400][300/391] lr: 1.84e-04 | MSE loss: 6.2101e-05 | time: 0.157
I 06.17/06:44:23 solver.py:221 ] Epoch: [37/400][320/391] lr: 1.84e-04 | MSE loss: 6.1869e-05 | time: 0.156
I 06.17/06:44:26 solver.py:221 ] Epoch: [37/400][340/391] lr: 1.84e-04 | MSE loss: 6.2199e-05 | time: 0.156
I 06.17/06:44:29 solver.py:221 ] Epoch: [37/400][360/391] lr: 1.85e-04 | MSE loss: 6.2146e-05 | time: 0.155
I 06.17/06:44:32 solver.py:221 ] Epoch: [37/400][380/391] lr: 1.85e-04 | MSE loss: 6.2037e-05 | time: 0.155
I 06.17/06:44:34 solver.py:243 ] => Train  Loss: 6.1901e-05

I 06.17/06:44:34 solver.py:337 ] 
=! Best NMSE: -7.7044e+00 (epoch=30)

I 06.17/06:44:37 solver.py:221 ] Epoch: [38/400][20/391] lr: 1.85e-04 | MSE loss: 5.9702e-05 | time: 0.140
I 06.17/06:44:40 solver.py:221 ] Epoch: [38/400][40/391] lr: 1.86e-04 | MSE loss: 6.2075e-05 | time: 0.146
I 06.17/06:44:43 solver.py:221 ] Epoch: [38/400][60/391] lr: 1.86e-04 | MSE loss: 6.1210e-05 | time: 0.148
I 06.17/06:44:46 solver.py:221 ] Epoch: [38/400][80/391] lr: 1.86e-04 | MSE loss: 6.1002e-05 | time: 0.150
I 06.17/06:44:49 solver.py:221 ] Epoch: [38/400][100/391] lr: 1.86e-04 | MSE loss: 6.0328e-05 | time: 0.151
I 06.17/06:44:52 solver.py:221 ] Epoch: [38/400][120/391] lr: 1.87e-04 | MSE loss: 6.0703e-05 | time: 0.151
I 06.17/06:44:55 solver.py:221 ] Epoch: [38/400][140/391] lr: 1.87e-04 | MSE loss: 6.1918e-05 | time: 0.151
I 06.17/06:44:58 solver.py:221 ] Epoch: [38/400][160/391] lr: 1.87e-04 | MSE loss: 6.2125e-05 | time: 0.150
I 06.17/06:45:01 solver.py:221 ] Epoch: [38/400][180/391] lr: 1.87e-04 | MSE loss: 6.1586e-05 | time: 0.152
I 06.17/06:45:06 solver.py:221 ] Epoch: [38/400][200/391] lr: 1.88e-04 | MSE loss: 6.0957e-05 | time: 0.159
I 06.17/06:45:09 solver.py:221 ] Epoch: [38/400][220/391] lr: 1.88e-04 | MSE loss: 6.0666e-05 | time: 0.157
I 06.17/06:45:12 solver.py:221 ] Epoch: [38/400][240/391] lr: 1.88e-04 | MSE loss: 6.0314e-05 | time: 0.157
I 06.17/06:45:15 solver.py:221 ] Epoch: [38/400][260/391] lr: 1.88e-04 | MSE loss: 6.0156e-05 | time: 0.156
I 06.17/06:45:18 solver.py:221 ] Epoch: [38/400][280/391] lr: 1.89e-04 | MSE loss: 5.9827e-05 | time: 0.156
I 06.17/06:45:21 solver.py:221 ] Epoch: [38/400][300/391] lr: 1.89e-04 | MSE loss: 5.9665e-05 | time: 0.155
I 06.17/06:45:24 solver.py:221 ] Epoch: [38/400][320/391] lr: 1.89e-04 | MSE loss: 5.9749e-05 | time: 0.155
I 06.17/06:45:27 solver.py:221 ] Epoch: [38/400][340/391] lr: 1.89e-04 | MSE loss: 5.9561e-05 | time: 0.154
I 06.17/06:45:30 solver.py:221 ] Epoch: [38/400][360/391] lr: 1.90e-04 | MSE loss: 5.9414e-05 | time: 0.154
I 06.17/06:45:33 solver.py:221 ] Epoch: [38/400][380/391] lr: 1.90e-04 | MSE loss: 5.9671e-05 | time: 0.154
I 06.17/06:45:34 solver.py:243 ] => Train  Loss: 5.9614e-05

I 06.17/06:45:34 solver.py:337 ] 
=! Best NMSE: -7.7044e+00 (epoch=30)

I 06.17/06:45:37 solver.py:221 ] Epoch: [39/400][20/391] lr: 1.90e-04 | MSE loss: 5.8480e-05 | time: 0.136
I 06.17/06:45:40 solver.py:221 ] Epoch: [39/400][40/391] lr: 1.91e-04 | MSE loss: 5.6050e-05 | time: 0.145
I 06.17/06:45:43 solver.py:221 ] Epoch: [39/400][60/391] lr: 1.91e-04 | MSE loss: 5.6308e-05 | time: 0.145
I 06.17/06:45:47 solver.py:221 ] Epoch: [39/400][80/391] lr: 1.91e-04 | MSE loss: 5.5897e-05 | time: 0.150
I 06.17/06:45:50 solver.py:221 ] Epoch: [39/400][100/391] lr: 1.91e-04 | MSE loss: 5.6544e-05 | time: 0.154
I 06.17/06:45:53 solver.py:221 ] Epoch: [39/400][120/391] lr: 1.92e-04 | MSE loss: 5.6456e-05 | time: 0.154
I 06.17/06:45:56 solver.py:221 ] Epoch: [39/400][140/391] lr: 1.92e-04 | MSE loss: 5.6900e-05 | time: 0.152
I 06.17/06:45:59 solver.py:221 ] Epoch: [39/400][160/391] lr: 1.92e-04 | MSE loss: 5.7126e-05 | time: 0.151
I 06.17/06:46:01 solver.py:221 ] Epoch: [39/400][180/391] lr: 1.92e-04 | MSE loss: 5.6685e-05 | time: 0.151
I 06.17/06:46:06 solver.py:221 ] Epoch: [39/400][200/391] lr: 1.93e-04 | MSE loss: 5.6263e-05 | time: 0.157
I 06.17/06:46:09 solver.py:221 ] Epoch: [39/400][220/391] lr: 1.93e-04 | MSE loss: 5.6782e-05 | time: 0.156
I 06.17/06:46:12 solver.py:221 ] Epoch: [39/400][240/391] lr: 1.93e-04 | MSE loss: 5.6609e-05 | time: 0.156
I 06.17/06:46:15 solver.py:221 ] Epoch: [39/400][260/391] lr: 1.93e-04 | MSE loss: 5.6306e-05 | time: 0.155
I 06.17/06:46:18 solver.py:221 ] Epoch: [39/400][280/391] lr: 1.94e-04 | MSE loss: 5.6349e-05 | time: 0.156
I 06.17/06:46:21 solver.py:221 ] Epoch: [39/400][300/391] lr: 1.94e-04 | MSE loss: 5.6292e-05 | time: 0.156
I 06.17/06:46:24 solver.py:221 ] Epoch: [39/400][320/391] lr: 1.94e-04 | MSE loss: 5.6098e-05 | time: 0.155
I 06.17/06:46:27 solver.py:221 ] Epoch: [39/400][340/391] lr: 1.94e-04 | MSE loss: 5.5877e-05 | time: 0.155
I 06.17/06:46:30 solver.py:221 ] Epoch: [39/400][360/391] lr: 1.95e-04 | MSE loss: 5.5944e-05 | time: 0.155
I 06.17/06:46:33 solver.py:221 ] Epoch: [39/400][380/391] lr: 1.95e-04 | MSE loss: 5.5704e-05 | time: 0.154
I 06.17/06:46:35 solver.py:243 ] => Train  Loss: 5.5576e-05

I 06.17/06:46:35 solver.py:337 ] 
=! Best NMSE: -7.7044e+00 (epoch=30)

I 06.17/06:46:38 solver.py:221 ] Epoch: [40/400][20/391] lr: 1.95e-04 | MSE loss: 5.7450e-05 | time: 0.148
I 06.17/06:46:41 solver.py:221 ] Epoch: [40/400][40/391] lr: 1.96e-04 | MSE loss: 5.4717e-05 | time: 0.146
I 06.17/06:46:44 solver.py:221 ] Epoch: [40/400][60/391] lr: 1.96e-04 | MSE loss: 5.3566e-05 | time: 0.147
I 06.17/06:46:47 solver.py:221 ] Epoch: [40/400][80/391] lr: 1.96e-04 | MSE loss: 5.3924e-05 | time: 0.150
I 06.17/06:46:50 solver.py:221 ] Epoch: [40/400][100/391] lr: 1.96e-04 | MSE loss: 5.4517e-05 | time: 0.149
I 06.17/06:46:53 solver.py:221 ] Epoch: [40/400][120/391] lr: 1.97e-04 | MSE loss: 5.3643e-05 | time: 0.148
I 06.17/06:46:56 solver.py:221 ] Epoch: [40/400][140/391] lr: 1.97e-04 | MSE loss: 5.3374e-05 | time: 0.148
I 06.17/06:46:59 solver.py:221 ] Epoch: [40/400][160/391] lr: 1.97e-04 | MSE loss: 5.3161e-05 | time: 0.148
I 06.17/06:47:02 solver.py:221 ] Epoch: [40/400][180/391] lr: 1.97e-04 | MSE loss: 5.3217e-05 | time: 0.152
I 06.17/06:47:06 solver.py:221 ] Epoch: [40/400][200/391] lr: 1.98e-04 | MSE loss: 5.2912e-05 | time: 0.153
I 06.17/06:47:08 solver.py:221 ] Epoch: [40/400][220/391] lr: 1.98e-04 | MSE loss: 5.2803e-05 | time: 0.151
I 06.17/06:47:11 solver.py:221 ] Epoch: [40/400][240/391] lr: 1.98e-04 | MSE loss: 5.2594e-05 | time: 0.151
I 06.17/06:47:15 solver.py:221 ] Epoch: [40/400][260/391] lr: 1.98e-04 | MSE loss: 5.2604e-05 | time: 0.151
I 06.17/06:47:18 solver.py:221 ] Epoch: [40/400][280/391] lr: 1.99e-04 | MSE loss: 5.2301e-05 | time: 0.152
I 06.17/06:47:20 solver.py:221 ] Epoch: [40/400][300/391] lr: 1.99e-04 | MSE loss: 5.2307e-05 | time: 0.150
I 06.17/06:47:23 solver.py:221 ] Epoch: [40/400][320/391] lr: 1.99e-04 | MSE loss: 5.2291e-05 | time: 0.150
I 06.17/06:47:26 solver.py:221 ] Epoch: [40/400][340/391] lr: 1.99e-04 | MSE loss: 5.2346e-05 | time: 0.149
I 06.17/06:47:28 solver.py:221 ] Epoch: [40/400][360/391] lr: 2.00e-04 | MSE loss: 5.2171e-05 | time: 0.148
I 06.17/06:47:31 solver.py:221 ] Epoch: [40/400][380/391] lr: 2.00e-04 | MSE loss: 5.1888e-05 | time: 0.147
I 06.17/06:47:32 solver.py:243 ] => Train  Loss: 5.1802e-05

I 06.17/06:47:35 solver.py:221 ] Epoch: [40/400][20/118] lr: 2.00e-04 | MSE loss: 5.9187e-05 | time: 0.105
I 06.17/06:47:36 solver.py:221 ] Epoch: [40/400][40/118] lr: 2.00e-04 | MSE loss: 5.8964e-05 | time: 0.095
I 06.17/06:47:38 solver.py:221 ] Epoch: [40/400][60/118] lr: 2.00e-04 | MSE loss: 5.9463e-05 | time: 0.095
I 06.17/06:47:40 solver.py:221 ] Epoch: [40/400][80/118] lr: 2.00e-04 | MSE loss: 5.9312e-05 | time: 0.094
I 06.17/06:47:42 solver.py:221 ] Epoch: [40/400][100/118] lr: 2.00e-04 | MSE loss: 5.9305e-05 | time: 0.090
I 06.17/06:47:43 solver.py:243 ] => Val  Loss: 5.9404e-05

I 06.17/06:47:45 solver.py:471 ] [20/79] loss: 5.9824e-05 | NMSE: -8.7837e+00 | time: 0.105
I 06.17/06:47:47 solver.py:471 ] [40/79] loss: 5.9579e-05 | NMSE: -8.8041e+00 | time: 0.092
I 06.17/06:47:48 solver.py:471 ] [60/79] loss: 5.9351e-05 | NMSE: -8.8105e+00 | time: 0.085
I 06.17/06:47:49 solver.py:476 ] => Test NMSE: -8.8108e+00

I 06.17/06:47:50 solver.py:337 ] 
=! Best NMSE: -8.8108e+00 (epoch=40)

I 06.17/06:47:53 solver.py:221 ] Epoch: [41/400][20/391] lr: 2.00e-04 | MSE loss: 5.1259e-05 | time: 0.168
I 06.17/06:47:56 solver.py:221 ] Epoch: [41/400][40/391] lr: 2.00e-04 | MSE loss: 4.9134e-05 | time: 0.153
I 06.17/06:47:59 solver.py:221 ] Epoch: [41/400][60/391] lr: 2.00e-04 | MSE loss: 5.0247e-05 | time: 0.151
I 06.17/06:48:02 solver.py:221 ] Epoch: [41/400][80/391] lr: 2.00e-04 | MSE loss: 5.0476e-05 | time: 0.153
I 06.17/06:48:06 solver.py:221 ] Epoch: [41/400][100/391] lr: 2.00e-04 | MSE loss: 4.9868e-05 | time: 0.157
I 06.17/06:48:09 solver.py:221 ] Epoch: [41/400][120/391] lr: 2.00e-04 | MSE loss: 4.9392e-05 | time: 0.156
I 06.17/06:48:12 solver.py:221 ] Epoch: [41/400][140/391] lr: 2.00e-04 | MSE loss: 4.9059e-05 | time: 0.155
I 06.17/06:48:15 solver.py:221 ] Epoch: [41/400][160/391] lr: 2.00e-04 | MSE loss: 4.8879e-05 | time: 0.155
I 06.17/06:48:18 solver.py:221 ] Epoch: [41/400][180/391] lr: 2.00e-04 | MSE loss: 4.9176e-05 | time: 0.155
I 06.17/06:48:21 solver.py:221 ] Epoch: [41/400][200/391] lr: 2.00e-04 | MSE loss: 4.8837e-05 | time: 0.155
I 06.17/06:48:24 solver.py:221 ] Epoch: [41/400][220/391] lr: 2.00e-04 | MSE loss: 4.9042e-05 | time: 0.154
I 06.17/06:48:27 solver.py:221 ] Epoch: [41/400][240/391] lr: 2.00e-04 | MSE loss: 4.9044e-05 | time: 0.154
I 06.17/06:48:30 solver.py:221 ] Epoch: [41/400][260/391] lr: 2.00e-04 | MSE loss: 4.8903e-05 | time: 0.153
I 06.17/06:48:33 solver.py:221 ] Epoch: [41/400][280/391] lr: 2.00e-04 | MSE loss: 4.8637e-05 | time: 0.153
I 06.17/06:48:36 solver.py:221 ] Epoch: [41/400][300/391] lr: 2.00e-04 | MSE loss: 4.8679e-05 | time: 0.152
I 06.17/06:48:39 solver.py:221 ] Epoch: [41/400][320/391] lr: 2.00e-04 | MSE loss: 4.8579e-05 | time: 0.152
I 06.17/06:48:42 solver.py:221 ] Epoch: [41/400][340/391] lr: 2.00e-04 | MSE loss: 4.8422e-05 | time: 0.152
I 06.17/06:48:44 solver.py:221 ] Epoch: [41/400][360/391] lr: 2.00e-04 | MSE loss: 4.8904e-05 | time: 0.152
I 06.17/06:48:48 solver.py:221 ] Epoch: [41/400][380/391] lr: 2.00e-04 | MSE loss: 4.9114e-05 | time: 0.152
I 06.17/06:48:49 solver.py:243 ] => Train  Loss: 4.9038e-05

I 06.17/06:48:49 solver.py:337 ] 
=! Best NMSE: -8.8108e+00 (epoch=40)

I 06.17/06:48:53 solver.py:221 ] Epoch: [42/400][20/391] lr: 2.00e-04 | MSE loss: 4.3017e-05 | time: 0.145
I 06.17/06:48:56 solver.py:221 ] Epoch: [42/400][40/391] lr: 2.00e-04 | MSE loss: 4.3554e-05 | time: 0.146
I 06.17/06:48:58 solver.py:221 ] Epoch: [42/400][60/391] lr: 2.00e-04 | MSE loss: 4.5479e-05 | time: 0.147
I 06.17/06:49:01 solver.py:221 ] Epoch: [42/400][80/391] lr: 2.00e-04 | MSE loss: 4.5365e-05 | time: 0.148
I 06.17/06:49:06 solver.py:221 ] Epoch: [42/400][100/391] lr: 2.00e-04 | MSE loss: 4.5582e-05 | time: 0.162
I 06.17/06:49:09 solver.py:221 ] Epoch: [42/400][120/391] lr: 2.00e-04 | MSE loss: 4.5364e-05 | time: 0.161
I 06.17/06:49:12 solver.py:221 ] Epoch: [42/400][140/391] lr: 2.00e-04 | MSE loss: 4.6260e-05 | time: 0.162
I 06.17/06:49:15 solver.py:221 ] Epoch: [42/400][160/391] lr: 2.00e-04 | MSE loss: 4.6170e-05 | time: 0.160
I 06.17/06:49:19 solver.py:221 ] Epoch: [42/400][180/391] lr: 2.00e-04 | MSE loss: 4.5834e-05 | time: 0.160
I 06.17/06:49:22 solver.py:221 ] Epoch: [42/400][200/391] lr: 2.00e-04 | MSE loss: 4.6323e-05 | time: 0.160
I 06.17/06:49:25 solver.py:221 ] Epoch: [42/400][220/391] lr: 2.00e-04 | MSE loss: 4.6131e-05 | time: 0.160
I 06.17/06:49:28 solver.py:221 ] Epoch: [42/400][240/391] lr: 2.00e-04 | MSE loss: 4.5915e-05 | time: 0.160
I 06.17/06:49:31 solver.py:221 ] Epoch: [42/400][260/391] lr: 2.00e-04 | MSE loss: 4.5912e-05 | time: 0.159
I 06.17/06:49:34 solver.py:221 ] Epoch: [42/400][280/391] lr: 2.00e-04 | MSE loss: 4.6245e-05 | time: 0.159
I 06.17/06:49:37 solver.py:221 ] Epoch: [42/400][300/391] lr: 2.00e-04 | MSE loss: 4.6042e-05 | time: 0.158
I 06.17/06:49:40 solver.py:221 ] Epoch: [42/400][320/391] lr: 2.00e-04 | MSE loss: 4.6151e-05 | time: 0.157
I 06.17/06:49:43 solver.py:221 ] Epoch: [42/400][340/391] lr: 2.00e-04 | MSE loss: 4.6029e-05 | time: 0.157
I 06.17/06:49:46 solver.py:221 ] Epoch: [42/400][360/391] lr: 2.00e-04 | MSE loss: 4.5958e-05 | time: 0.156
I 06.17/06:49:49 solver.py:221 ] Epoch: [42/400][380/391] lr: 2.00e-04 | MSE loss: 4.5798e-05 | time: 0.156
I 06.17/06:49:51 solver.py:243 ] => Train  Loss: 4.5739e-05

I 06.17/06:49:51 solver.py:337 ] 
=! Best NMSE: -8.8108e+00 (epoch=40)

I 06.17/06:49:54 solver.py:221 ] Epoch: [43/400][20/391] lr: 2.00e-04 | MSE loss: 5.3231e-05 | time: 0.132
I 06.17/06:49:57 solver.py:221 ] Epoch: [43/400][40/391] lr: 2.00e-04 | MSE loss: 4.8310e-05 | time: 0.139
I 06.17/06:50:00 solver.py:221 ] Epoch: [43/400][60/391] lr: 2.00e-04 | MSE loss: 4.7437e-05 | time: 0.141
I 06.17/06:50:04 solver.py:221 ] Epoch: [43/400][80/391] lr: 2.00e-04 | MSE loss: 4.6128e-05 | time: 0.169
I 06.17/06:50:08 solver.py:221 ] Epoch: [43/400][100/391] lr: 2.00e-04 | MSE loss: 4.5558e-05 | time: 0.169
I 06.17/06:50:11 solver.py:221 ] Epoch: [43/400][120/391] lr: 2.00e-04 | MSE loss: 4.5380e-05 | time: 0.166
I 06.17/06:50:14 solver.py:221 ] Epoch: [43/400][140/391] lr: 2.00e-04 | MSE loss: 4.5532e-05 | time: 0.163
I 06.17/06:50:17 solver.py:221 ] Epoch: [43/400][160/391] lr: 2.00e-04 | MSE loss: 4.5792e-05 | time: 0.161
I 06.17/06:50:20 solver.py:221 ] Epoch: [43/400][180/391] lr: 2.00e-04 | MSE loss: 4.5370e-05 | time: 0.160
I 06.17/06:50:23 solver.py:221 ] Epoch: [43/400][200/391] lr: 2.00e-04 | MSE loss: 4.5551e-05 | time: 0.159
I 06.17/06:50:26 solver.py:221 ] Epoch: [43/400][220/391] lr: 2.00e-04 | MSE loss: 4.5528e-05 | time: 0.159
I 06.17/06:50:29 solver.py:221 ] Epoch: [43/400][240/391] lr: 2.00e-04 | MSE loss: 4.5097e-05 | time: 0.158
I 06.17/06:50:32 solver.py:221 ] Epoch: [43/400][260/391] lr: 2.00e-04 | MSE loss: 4.4684e-05 | time: 0.157
I 06.17/06:50:35 solver.py:221 ] Epoch: [43/400][280/391] lr: 2.00e-04 | MSE loss: 4.4755e-05 | time: 0.157
I 06.17/06:50:38 solver.py:221 ] Epoch: [43/400][300/391] lr: 2.00e-04 | MSE loss: 4.4857e-05 | time: 0.156
I 06.17/06:50:41 solver.py:221 ] Epoch: [43/400][320/391] lr: 2.00e-04 | MSE loss: 4.4604e-05 | time: 0.156
I 06.17/06:50:44 solver.py:221 ] Epoch: [43/400][340/391] lr: 2.00e-04 | MSE loss: 4.4497e-05 | time: 0.156
I 06.17/06:50:47 solver.py:221 ] Epoch: [43/400][360/391] lr: 2.00e-04 | MSE loss: 4.4343e-05 | time: 0.155
I 06.17/06:50:50 solver.py:221 ] Epoch: [43/400][380/391] lr: 2.00e-04 | MSE loss: 4.4176e-05 | time: 0.155
I 06.17/06:50:52 solver.py:243 ] => Train  Loss: 4.4148e-05

I 06.17/06:50:52 solver.py:337 ] 
=! Best NMSE: -8.8108e+00 (epoch=40)

I 06.17/06:50:55 solver.py:221 ] Epoch: [44/400][20/391] lr: 2.00e-04 | MSE loss: 4.7838e-05 | time: 0.135
I 06.17/06:50:58 solver.py:221 ] Epoch: [44/400][40/391] lr: 2.00e-04 | MSE loss: 4.3600e-05 | time: 0.141
I 06.17/06:51:01 solver.py:221 ] Epoch: [44/400][60/391] lr: 2.00e-04 | MSE loss: 4.2639e-05 | time: 0.144
I 06.17/06:51:06 solver.py:221 ] Epoch: [44/400][80/391] lr: 2.00e-04 | MSE loss: 4.2385e-05 | time: 0.166
I 06.17/06:51:09 solver.py:221 ] Epoch: [44/400][100/391] lr: 2.00e-04 | MSE loss: 4.3668e-05 | time: 0.163
I 06.17/06:51:12 solver.py:221 ] Epoch: [44/400][120/391] lr: 2.00e-04 | MSE loss: 4.3185e-05 | time: 0.163
I 06.17/06:51:15 solver.py:221 ] Epoch: [44/400][140/391] lr: 2.00e-04 | MSE loss: 4.2772e-05 | time: 0.161
I 06.17/06:51:18 solver.py:221 ] Epoch: [44/400][160/391] lr: 2.00e-04 | MSE loss: 4.2358e-05 | time: 0.159
I 06.17/06:51:21 solver.py:221 ] Epoch: [44/400][180/391] lr: 2.00e-04 | MSE loss: 4.2005e-05 | time: 0.158
I 06.17/06:51:24 solver.py:221 ] Epoch: [44/400][200/391] lr: 2.00e-04 | MSE loss: 4.2027e-05 | time: 0.158
I 06.17/06:51:27 solver.py:221 ] Epoch: [44/400][220/391] lr: 2.00e-04 | MSE loss: 4.2966e-05 | time: 0.158
I 06.17/06:51:30 solver.py:221 ] Epoch: [44/400][240/391] lr: 2.00e-04 | MSE loss: 4.2729e-05 | time: 0.156
I 06.17/06:51:33 solver.py:221 ] Epoch: [44/400][260/391] lr: 2.00e-04 | MSE loss: 4.2338e-05 | time: 0.156
I 06.17/06:51:36 solver.py:221 ] Epoch: [44/400][280/391] lr: 2.00e-04 | MSE loss: 4.2071e-05 | time: 0.156
I 06.17/06:51:39 solver.py:221 ] Epoch: [44/400][300/391] lr: 2.00e-04 | MSE loss: 4.1877e-05 | time: 0.155
I 06.17/06:51:42 solver.py:221 ] Epoch: [44/400][320/391] lr: 2.00e-04 | MSE loss: 4.1685e-05 | time: 0.155
I 06.17/06:51:45 solver.py:221 ] Epoch: [44/400][340/391] lr: 2.00e-04 | MSE loss: 4.1697e-05 | time: 0.155
I 06.17/06:51:48 solver.py:221 ] Epoch: [44/400][360/391] lr: 2.00e-04 | MSE loss: 4.1652e-05 | time: 0.154
I 06.17/06:51:51 solver.py:221 ] Epoch: [44/400][380/391] lr: 2.00e-04 | MSE loss: 4.1460e-05 | time: 0.154
I 06.17/06:51:52 solver.py:243 ] => Train  Loss: 4.1373e-05

I 06.17/06:51:52 solver.py:337 ] 
=! Best NMSE: -8.8108e+00 (epoch=40)

I 06.17/06:51:55 solver.py:221 ] Epoch: [45/400][20/391] lr: 2.00e-04 | MSE loss: 4.0391e-05 | time: 0.136
I 06.17/06:51:58 solver.py:221 ] Epoch: [45/400][40/391] lr: 2.00e-04 | MSE loss: 4.2910e-05 | time: 0.143
I 06.17/06:52:01 solver.py:221 ] Epoch: [45/400][60/391] lr: 2.00e-04 | MSE loss: 4.1800e-05 | time: 0.149
I 06.17/06:52:06 solver.py:221 ] Epoch: [45/400][80/391] lr: 2.00e-04 | MSE loss: 4.0799e-05 | time: 0.167
I 06.17/06:52:09 solver.py:221 ] Epoch: [45/400][100/391] lr: 2.00e-04 | MSE loss: 4.0675e-05 | time: 0.164
I 06.17/06:52:12 solver.py:221 ] Epoch: [45/400][120/391] lr: 2.00e-04 | MSE loss: 4.0215e-05 | time: 0.163
I 06.17/06:52:15 solver.py:221 ] Epoch: [45/400][140/391] lr: 2.00e-04 | MSE loss: 3.9867e-05 | time: 0.161
I 06.17/06:52:18 solver.py:221 ] Epoch: [45/400][160/391] lr: 2.00e-04 | MSE loss: 4.0418e-05 | time: 0.160
I 06.17/06:52:21 solver.py:221 ] Epoch: [45/400][180/391] lr: 2.00e-04 | MSE loss: 4.0269e-05 | time: 0.158
I 06.17/06:52:24 solver.py:221 ] Epoch: [45/400][200/391] lr: 2.00e-04 | MSE loss: 3.9877e-05 | time: 0.157
I 06.17/06:52:27 solver.py:221 ] Epoch: [45/400][220/391] lr: 2.00e-04 | MSE loss: 3.9864e-05 | time: 0.157
I 06.17/06:52:30 solver.py:221 ] Epoch: [45/400][240/391] lr: 2.00e-04 | MSE loss: 3.9773e-05 | time: 0.156
I 06.17/06:52:33 solver.py:221 ] Epoch: [45/400][260/391] lr: 2.00e-04 | MSE loss: 3.9565e-05 | time: 0.156
I 06.17/06:52:36 solver.py:221 ] Epoch: [45/400][280/391] lr: 2.00e-04 | MSE loss: 3.9634e-05 | time: 0.156
I 06.17/06:52:39 solver.py:221 ] Epoch: [45/400][300/391] lr: 2.00e-04 | MSE loss: 3.9491e-05 | time: 0.155
I 06.17/06:52:42 solver.py:221 ] Epoch: [45/400][320/391] lr: 2.00e-04 | MSE loss: 3.9770e-05 | time: 0.155
I 06.17/06:52:45 solver.py:221 ] Epoch: [45/400][340/391] lr: 2.00e-04 | MSE loss: 3.9605e-05 | time: 0.154
I 06.17/06:52:48 solver.py:221 ] Epoch: [45/400][360/391] lr: 2.00e-04 | MSE loss: 3.9397e-05 | time: 0.154
I 06.17/06:52:51 solver.py:221 ] Epoch: [45/400][380/391] lr: 2.00e-04 | MSE loss: 3.9193e-05 | time: 0.154
I 06.17/06:52:53 solver.py:243 ] => Train  Loss: 3.9086e-05

I 06.17/06:52:53 solver.py:337 ] 
=! Best NMSE: -8.8108e+00 (epoch=40)

I 06.17/06:52:56 solver.py:221 ] Epoch: [46/400][20/391] lr: 2.00e-04 | MSE loss: 3.9232e-05 | time: 0.131
I 06.17/06:52:59 solver.py:221 ] Epoch: [46/400][40/391] lr: 2.00e-04 | MSE loss: 3.9149e-05 | time: 0.140
I 06.17/06:53:02 solver.py:221 ] Epoch: [46/400][60/391] lr: 2.00e-04 | MSE loss: 3.8011e-05 | time: 0.146
I 06.17/06:53:06 solver.py:221 ] Epoch: [46/400][80/391] lr: 2.00e-04 | MSE loss: 3.7379e-05 | time: 0.156
I 06.17/06:53:09 solver.py:221 ] Epoch: [46/400][100/391] lr: 2.00e-04 | MSE loss: 3.7115e-05 | time: 0.155
I 06.17/06:53:12 solver.py:221 ] Epoch: [46/400][120/391] lr: 2.00e-04 | MSE loss: 3.8557e-05 | time: 0.155
I 06.17/06:53:15 solver.py:221 ] Epoch: [46/400][140/391] lr: 2.00e-04 | MSE loss: 3.8343e-05 | time: 0.154
I 06.17/06:53:18 solver.py:221 ] Epoch: [46/400][160/391] lr: 2.00e-04 | MSE loss: 3.7921e-05 | time: 0.154
I 06.17/06:53:21 solver.py:221 ] Epoch: [46/400][180/391] lr: 2.00e-04 | MSE loss: 3.7623e-05 | time: 0.154
I 06.17/06:53:24 solver.py:221 ] Epoch: [46/400][200/391] lr: 2.00e-04 | MSE loss: 3.7300e-05 | time: 0.153
I 06.17/06:53:27 solver.py:221 ] Epoch: [46/400][220/391] lr: 2.00e-04 | MSE loss: 3.7544e-05 | time: 0.153
I 06.17/06:53:30 solver.py:221 ] Epoch: [46/400][240/391] lr: 2.00e-04 | MSE loss: 3.7263e-05 | time: 0.154
I 06.17/06:53:33 solver.py:221 ] Epoch: [46/400][260/391] lr: 2.00e-04 | MSE loss: 3.7251e-05 | time: 0.155
I 06.17/06:53:36 solver.py:221 ] Epoch: [46/400][280/391] lr: 2.00e-04 | MSE loss: 3.7093e-05 | time: 0.154
I 06.17/06:53:39 solver.py:221 ] Epoch: [46/400][300/391] lr: 2.00e-04 | MSE loss: 3.7173e-05 | time: 0.154
I 06.17/06:53:42 solver.py:221 ] Epoch: [46/400][320/391] lr: 2.00e-04 | MSE loss: 3.7135e-05 | time: 0.154
I 06.17/06:53:45 solver.py:221 ] Epoch: [46/400][340/391] lr: 2.00e-04 | MSE loss: 3.7009e-05 | time: 0.153
I 06.17/06:53:48 solver.py:221 ] Epoch: [46/400][360/391] lr: 2.00e-04 | MSE loss: 3.6868e-05 | time: 0.153
I 06.17/06:53:51 solver.py:221 ] Epoch: [46/400][380/391] lr: 2.00e-04 | MSE loss: 3.6887e-05 | time: 0.153
I 06.17/06:53:53 solver.py:243 ] => Train  Loss: 3.7046e-05

I 06.17/06:53:53 solver.py:337 ] 
=! Best NMSE: -8.8108e+00 (epoch=40)

I 06.17/06:53:56 solver.py:221 ] Epoch: [47/400][20/391] lr: 2.00e-04 | MSE loss: 3.8576e-05 | time: 0.156
I 06.17/06:53:59 solver.py:221 ] Epoch: [47/400][40/391] lr: 2.00e-04 | MSE loss: 3.5972e-05 | time: 0.149
I 06.17/06:54:02 solver.py:221 ] Epoch: [47/400][60/391] lr: 2.00e-04 | MSE loss: 3.4957e-05 | time: 0.156
I 06.17/06:54:06 solver.py:221 ] Epoch: [47/400][80/391] lr: 2.00e-04 | MSE loss: 3.4571e-05 | time: 0.163
I 06.17/06:54:09 solver.py:221 ] Epoch: [47/400][100/391] lr: 2.00e-04 | MSE loss: 3.5893e-05 | time: 0.160
I 06.17/06:54:12 solver.py:221 ] Epoch: [47/400][120/391] lr: 2.00e-04 | MSE loss: 3.5836e-05 | time: 0.158
I 06.17/06:54:16 solver.py:221 ] Epoch: [47/400][140/391] lr: 2.00e-04 | MSE loss: 3.5615e-05 | time: 0.159
I 06.17/06:54:19 solver.py:221 ] Epoch: [47/400][160/391] lr: 2.00e-04 | MSE loss: 3.6085e-05 | time: 0.160
I 06.17/06:54:22 solver.py:221 ] Epoch: [47/400][180/391] lr: 2.00e-04 | MSE loss: 3.5685e-05 | time: 0.157
I 06.17/06:54:25 solver.py:221 ] Epoch: [47/400][200/391] lr: 2.00e-04 | MSE loss: 3.5297e-05 | time: 0.157
I 06.17/06:54:28 solver.py:221 ] Epoch: [47/400][220/391] lr: 2.00e-04 | MSE loss: 3.5143e-05 | time: 0.156
I 06.17/06:54:31 solver.py:221 ] Epoch: [47/400][240/391] lr: 2.00e-04 | MSE loss: 3.5083e-05 | time: 0.156
I 06.17/06:54:34 solver.py:221 ] Epoch: [47/400][260/391] lr: 2.00e-04 | MSE loss: 3.5219e-05 | time: 0.155
I 06.17/06:54:37 solver.py:221 ] Epoch: [47/400][280/391] lr: 2.00e-04 | MSE loss: 3.4963e-05 | time: 0.155
I 06.17/06:54:40 solver.py:221 ] Epoch: [47/400][300/391] lr: 2.00e-04 | MSE loss: 3.4788e-05 | time: 0.155
I 06.17/06:54:43 solver.py:221 ] Epoch: [47/400][320/391] lr: 2.00e-04 | MSE loss: 3.4661e-05 | time: 0.155
I 06.17/06:54:46 solver.py:221 ] Epoch: [47/400][340/391] lr: 2.00e-04 | MSE loss: 3.4564e-05 | time: 0.154
I 06.17/06:54:49 solver.py:221 ] Epoch: [47/400][360/391] lr: 2.00e-04 | MSE loss: 3.4925e-05 | time: 0.154
I 06.17/06:54:52 solver.py:221 ] Epoch: [47/400][380/391] lr: 2.00e-04 | MSE loss: 3.4862e-05 | time: 0.154
I 06.17/06:54:54 solver.py:243 ] => Train  Loss: 3.4754e-05

I 06.17/06:54:54 solver.py:337 ] 
=! Best NMSE: -8.8108e+00 (epoch=40)

I 06.17/06:54:57 solver.py:221 ] Epoch: [48/400][20/391] lr: 2.00e-04 | MSE loss: 3.1559e-05 | time: 0.130
I 06.17/06:55:00 solver.py:221 ] Epoch: [48/400][40/391] lr: 2.00e-04 | MSE loss: 3.1321e-05 | time: 0.141
I 06.17/06:55:03 solver.py:221 ] Epoch: [48/400][60/391] lr: 2.00e-04 | MSE loss: 3.2884e-05 | time: 0.161
I 06.17/06:55:06 solver.py:221 ] Epoch: [48/400][80/391] lr: 2.00e-04 | MSE loss: 3.2066e-05 | time: 0.152
I 06.17/06:55:09 solver.py:221 ] Epoch: [48/400][100/391] lr: 2.00e-04 | MSE loss: 3.1800e-05 | time: 0.151
I 06.17/06:55:12 solver.py:221 ] Epoch: [48/400][120/391] lr: 2.00e-04 | MSE loss: 3.2052e-05 | time: 0.152
I 06.17/06:55:15 solver.py:221 ] Epoch: [48/400][140/391] lr: 2.00e-04 | MSE loss: 3.1854e-05 | time: 0.153
I 06.17/06:55:18 solver.py:221 ] Epoch: [48/400][160/391] lr: 2.00e-04 | MSE loss: 3.1723e-05 | time: 0.152
I 06.17/06:55:21 solver.py:221 ] Epoch: [48/400][180/391] lr: 2.00e-04 | MSE loss: 3.1413e-05 | time: 0.152
I 06.17/06:55:24 solver.py:221 ] Epoch: [48/400][200/391] lr: 2.00e-04 | MSE loss: 3.2053e-05 | time: 0.151
I 06.17/06:55:27 solver.py:221 ] Epoch: [48/400][220/391] lr: 2.00e-04 | MSE loss: 3.2552e-05 | time: 0.151
I 06.17/06:55:30 solver.py:221 ] Epoch: [48/400][240/391] lr: 2.00e-04 | MSE loss: 3.2286e-05 | time: 0.151
I 06.17/06:55:33 solver.py:221 ] Epoch: [48/400][260/391] lr: 2.00e-04 | MSE loss: 3.2026e-05 | time: 0.151
I 06.17/06:55:36 solver.py:221 ] Epoch: [48/400][280/391] lr: 2.00e-04 | MSE loss: 3.2095e-05 | time: 0.150
I 06.17/06:55:39 solver.py:221 ] Epoch: [48/400][300/391] lr: 2.00e-04 | MSE loss: 3.1780e-05 | time: 0.150
I 06.17/06:55:42 solver.py:221 ] Epoch: [48/400][320/391] lr: 2.00e-04 | MSE loss: 3.1580e-05 | time: 0.150
I 06.17/06:55:45 solver.py:221 ] Epoch: [48/400][340/391] lr: 2.00e-04 | MSE loss: 3.1483e-05 | time: 0.150
I 06.17/06:55:48 solver.py:221 ] Epoch: [48/400][360/391] lr: 2.00e-04 | MSE loss: 3.1549e-05 | time: 0.150
I 06.17/06:55:51 solver.py:221 ] Epoch: [48/400][380/391] lr: 2.00e-04 | MSE loss: 3.1373e-05 | time: 0.150
I 06.17/06:55:53 solver.py:243 ] => Train  Loss: 3.1258e-05

I 06.17/06:55:53 solver.py:337 ] 
=! Best NMSE: -8.8108e+00 (epoch=40)

I 06.17/06:55:56 solver.py:221 ] Epoch: [49/400][20/391] lr: 2.00e-04 | MSE loss: 2.5976e-05 | time: 0.138
I 06.17/06:55:59 solver.py:221 ] Epoch: [49/400][40/391] lr: 2.00e-04 | MSE loss: 2.7954e-05 | time: 0.150
I 06.17/06:56:02 solver.py:221 ] Epoch: [49/400][60/391] lr: 2.00e-04 | MSE loss: 2.8345e-05 | time: 0.159
I 06.17/06:56:06 solver.py:221 ] Epoch: [49/400][80/391] lr: 2.00e-04 | MSE loss: 2.8049e-05 | time: 0.165
I 06.17/06:56:09 solver.py:221 ] Epoch: [49/400][100/391] lr: 2.00e-04 | MSE loss: 2.8551e-05 | time: 0.161
I 06.17/06:56:12 solver.py:221 ] Epoch: [49/400][120/391] lr: 2.00e-04 | MSE loss: 2.8097e-05 | time: 0.159
I 06.17/06:56:15 solver.py:221 ] Epoch: [49/400][140/391] lr: 2.00e-04 | MSE loss: 2.8152e-05 | time: 0.158
I 06.17/06:56:18 solver.py:221 ] Epoch: [49/400][160/391] lr: 2.00e-04 | MSE loss: 2.8342e-05 | time: 0.157
I 06.17/06:56:21 solver.py:221 ] Epoch: [49/400][180/391] lr: 2.00e-04 | MSE loss: 2.8276e-05 | time: 0.156
I 06.17/06:56:24 solver.py:221 ] Epoch: [49/400][200/391] lr: 2.00e-04 | MSE loss: 2.8090e-05 | time: 0.156
I 06.17/06:56:27 solver.py:221 ] Epoch: [49/400][220/391] lr: 2.00e-04 | MSE loss: 2.7787e-05 | time: 0.155
I 06.17/06:56:30 solver.py:221 ] Epoch: [49/400][240/391] lr: 2.00e-04 | MSE loss: 2.7905e-05 | time: 0.155
I 06.17/06:56:33 solver.py:221 ] Epoch: [49/400][260/391] lr: 2.00e-04 | MSE loss: 2.8057e-05 | time: 0.154
I 06.17/06:56:36 solver.py:221 ] Epoch: [49/400][280/391] lr: 2.00e-04 | MSE loss: 2.8109e-05 | time: 0.154
I 06.17/06:56:39 solver.py:221 ] Epoch: [49/400][300/391] lr: 2.00e-04 | MSE loss: 2.7936e-05 | time: 0.154
I 06.17/06:56:42 solver.py:221 ] Epoch: [49/400][320/391] lr: 2.00e-04 | MSE loss: 2.7817e-05 | time: 0.153
I 06.17/06:56:45 solver.py:221 ] Epoch: [49/400][340/391] lr: 2.00e-04 | MSE loss: 2.7608e-05 | time: 0.153
I 06.17/06:56:48 solver.py:221 ] Epoch: [49/400][360/391] lr: 2.00e-04 | MSE loss: 2.7778e-05 | time: 0.153
I 06.17/06:56:51 solver.py:221 ] Epoch: [49/400][380/391] lr: 2.00e-04 | MSE loss: 2.7723e-05 | time: 0.153
I 06.17/06:56:53 solver.py:243 ] => Train  Loss: 2.7623e-05

I 06.17/06:56:53 solver.py:337 ] 
=! Best NMSE: -8.8108e+00 (epoch=40)

I 06.17/06:56:56 solver.py:221 ] Epoch: [50/400][20/391] lr: 2.00e-04 | MSE loss: 2.4571e-05 | time: 0.133
I 06.17/06:56:59 solver.py:221 ] Epoch: [50/400][40/391] lr: 2.00e-04 | MSE loss: 2.5466e-05 | time: 0.139
I 06.17/06:57:02 solver.py:221 ] Epoch: [50/400][60/391] lr: 2.00e-04 | MSE loss: 2.6250e-05 | time: 0.144
I 06.17/06:57:06 solver.py:221 ] Epoch: [50/400][80/391] lr: 2.00e-04 | MSE loss: 2.6276e-05 | time: 0.159
I 06.17/06:57:09 solver.py:221 ] Epoch: [50/400][100/391] lr: 2.00e-04 | MSE loss: 2.5902e-05 | time: 0.155
I 06.17/06:57:12 solver.py:221 ] Epoch: [50/400][120/391] lr: 2.00e-04 | MSE loss: 2.5526e-05 | time: 0.153
I 06.17/06:57:15 solver.py:221 ] Epoch: [50/400][140/391] lr: 2.00e-04 | MSE loss: 2.6153e-05 | time: 0.151
I 06.17/06:57:17 solver.py:221 ] Epoch: [50/400][160/391] lr: 2.00e-04 | MSE loss: 2.5966e-05 | time: 0.150
I 06.17/06:57:20 solver.py:221 ] Epoch: [50/400][180/391] lr: 2.00e-04 | MSE loss: 2.5760e-05 | time: 0.150
I 06.17/06:57:24 solver.py:221 ] Epoch: [50/400][200/391] lr: 2.00e-04 | MSE loss: 2.5629e-05 | time: 0.151
I 06.17/06:57:27 solver.py:221 ] Epoch: [50/400][220/391] lr: 2.00e-04 | MSE loss: 2.5824e-05 | time: 0.152
I 06.17/06:57:30 solver.py:221 ] Epoch: [50/400][240/391] lr: 2.00e-04 | MSE loss: 2.5775e-05 | time: 0.154
I 06.17/06:57:34 solver.py:221 ] Epoch: [50/400][260/391] lr: 2.00e-04 | MSE loss: 2.5590e-05 | time: 0.156
I 06.17/06:57:36 solver.py:221 ] Epoch: [50/400][280/391] lr: 2.00e-04 | MSE loss: 2.5396e-05 | time: 0.152
I 06.17/06:57:39 solver.py:221 ] Epoch: [50/400][300/391] lr: 2.00e-04 | MSE loss: 2.5248e-05 | time: 0.152
I 06.17/06:57:42 solver.py:221 ] Epoch: [50/400][320/391] lr: 2.00e-04 | MSE loss: 2.5227e-05 | time: 0.152
I 06.17/06:57:45 solver.py:221 ] Epoch: [50/400][340/391] lr: 2.00e-04 | MSE loss: 2.5835e-05 | time: 0.153
I 06.17/06:57:48 solver.py:221 ] Epoch: [50/400][360/391] lr: 2.00e-04 | MSE loss: 2.5892e-05 | time: 0.153
I 06.17/06:57:52 solver.py:221 ] Epoch: [50/400][380/391] lr: 2.00e-04 | MSE loss: 2.5726e-05 | time: 0.153
I 06.17/06:57:53 solver.py:243 ] => Train  Loss: 2.5625e-05

I 06.17/06:57:56 solver.py:221 ] Epoch: [50/400][20/118] lr: 2.00e-04 | MSE loss: 2.2574e-05 | time: 0.099
I 06.17/06:57:58 solver.py:221 ] Epoch: [50/400][40/118] lr: 2.00e-04 | MSE loss: 2.2425e-05 | time: 0.094
I 06.17/06:57:59 solver.py:221 ] Epoch: [50/400][60/118] lr: 2.00e-04 | MSE loss: 2.2604e-05 | time: 0.085
I 06.17/06:58:01 solver.py:221 ] Epoch: [50/400][80/118] lr: 2.00e-04 | MSE loss: 2.2586e-05 | time: 0.088
I 06.17/06:58:04 solver.py:221 ] Epoch: [50/400][100/118] lr: 2.00e-04 | MSE loss: 2.2498e-05 | time: 0.099
I 06.17/06:58:06 solver.py:243 ] => Val  Loss: 2.2586e-05

I 06.17/06:58:07 solver.py:471 ] [20/79] loss: 2.2569e-05 | NMSE: -1.3017e+01 | time: 0.080
I 06.17/06:58:09 solver.py:471 ] [40/79] loss: 2.2546e-05 | NMSE: -1.3024e+01 | time: 0.078
I 06.17/06:58:10 solver.py:471 ] [60/79] loss: 2.2543e-05 | NMSE: -1.3015e+01 | time: 0.078
I 06.17/06:58:12 solver.py:476 ] => Test NMSE: -1.3022e+01

I 06.17/06:58:12 solver.py:337 ] 
=! Best NMSE: -1.3022e+01 (epoch=50)

I 06.17/06:58:15 solver.py:221 ] Epoch: [51/400][20/391] lr: 2.00e-04 | MSE loss: 2.2184e-05 | time: 0.164
I 06.17/06:58:18 solver.py:221 ] Epoch: [51/400][40/391] lr: 2.00e-04 | MSE loss: 2.2959e-05 | time: 0.156
I 06.17/06:58:21 solver.py:221 ] Epoch: [51/400][60/391] lr: 2.00e-04 | MSE loss: 2.5639e-05 | time: 0.155
I 06.17/06:58:24 solver.py:221 ] Epoch: [51/400][80/391] lr: 2.00e-04 | MSE loss: 2.5184e-05 | time: 0.154
I 06.17/06:58:27 solver.py:221 ] Epoch: [51/400][100/391] lr: 2.00e-04 | MSE loss: 2.4468e-05 | time: 0.153
I 06.17/06:58:30 solver.py:221 ] Epoch: [51/400][120/391] lr: 2.00e-04 | MSE loss: 2.4205e-05 | time: 0.152
I 06.17/06:58:33 solver.py:221 ] Epoch: [51/400][140/391] lr: 2.00e-04 | MSE loss: 2.3895e-05 | time: 0.153
I 06.17/06:58:37 solver.py:221 ] Epoch: [51/400][160/391] lr: 2.00e-04 | MSE loss: 2.3605e-05 | time: 0.154
I 06.17/06:58:40 solver.py:221 ] Epoch: [51/400][180/391] lr: 2.00e-04 | MSE loss: 2.3947e-05 | time: 0.156
I 06.17/06:58:43 solver.py:221 ] Epoch: [51/400][200/391] lr: 2.00e-04 | MSE loss: 2.3867e-05 | time: 0.155
I 06.17/06:58:46 solver.py:221 ] Epoch: [51/400][220/391] lr: 2.00e-04 | MSE loss: 2.3933e-05 | time: 0.156
I 06.17/06:58:49 solver.py:221 ] Epoch: [51/400][240/391] lr: 2.00e-04 | MSE loss: 2.3912e-05 | time: 0.156
I 06.17/06:58:52 solver.py:221 ] Epoch: [51/400][260/391] lr: 2.00e-04 | MSE loss: 2.3933e-05 | time: 0.155
I 06.17/06:58:55 solver.py:221 ] Epoch: [51/400][280/391] lr: 2.00e-04 | MSE loss: 2.3964e-05 | time: 0.154
I 06.17/06:58:58 solver.py:221 ] Epoch: [51/400][300/391] lr: 2.00e-04 | MSE loss: 2.3775e-05 | time: 0.154
I 06.17/06:59:01 solver.py:221 ] Epoch: [51/400][320/391] lr: 2.00e-04 | MSE loss: 2.3654e-05 | time: 0.154
I 06.17/06:59:05 solver.py:221 ] Epoch: [51/400][340/391] lr: 2.00e-04 | MSE loss: 2.3729e-05 | time: 0.157
I 06.17/06:59:08 solver.py:221 ] Epoch: [51/400][360/391] lr: 2.00e-04 | MSE loss: 2.3901e-05 | time: 0.156
I 06.17/06:59:11 solver.py:221 ] Epoch: [51/400][380/391] lr: 2.00e-04 | MSE loss: 2.3796e-05 | time: 0.156
I 06.17/06:59:13 solver.py:243 ] => Train  Loss: 2.3808e-05

I 06.17/06:59:13 solver.py:337 ] 
=! Best NMSE: -1.3022e+01 (epoch=50)

I 06.17/06:59:16 solver.py:221 ] Epoch: [52/400][20/391] lr: 2.00e-04 | MSE loss: 2.4105e-05 | time: 0.137
I 06.17/06:59:19 solver.py:221 ] Epoch: [52/400][40/391] lr: 2.00e-04 | MSE loss: 2.2866e-05 | time: 0.143
I 06.17/06:59:23 solver.py:221 ] Epoch: [52/400][60/391] lr: 2.00e-04 | MSE loss: 2.3840e-05 | time: 0.152
I 06.17/06:59:26 solver.py:221 ] Epoch: [52/400][80/391] lr: 2.00e-04 | MSE loss: 2.3274e-05 | time: 0.151
I 06.17/06:59:29 solver.py:221 ] Epoch: [52/400][100/391] lr: 2.00e-04 | MSE loss: 2.3803e-05 | time: 0.151
I 06.17/06:59:32 solver.py:221 ] Epoch: [52/400][120/391] lr: 2.00e-04 | MSE loss: 2.3390e-05 | time: 0.151
I 06.17/06:59:34 solver.py:221 ] Epoch: [52/400][140/391] lr: 2.00e-04 | MSE loss: 2.2980e-05 | time: 0.150
I 06.17/06:59:37 solver.py:221 ] Epoch: [52/400][160/391] lr: 2.00e-04 | MSE loss: 2.3177e-05 | time: 0.149
I 06.17/06:59:40 solver.py:221 ] Epoch: [52/400][180/391] lr: 2.00e-04 | MSE loss: 2.3003e-05 | time: 0.150
I 06.17/06:59:43 solver.py:221 ] Epoch: [52/400][200/391] lr: 2.00e-04 | MSE loss: 2.3881e-05 | time: 0.150
I 06.17/06:59:47 solver.py:221 ] Epoch: [52/400][220/391] lr: 2.00e-04 | MSE loss: 2.3860e-05 | time: 0.151
I 06.17/06:59:50 solver.py:221 ] Epoch: [52/400][240/391] lr: 2.00e-04 | MSE loss: 2.3673e-05 | time: 0.150
I 06.17/06:59:53 solver.py:221 ] Epoch: [52/400][260/391] lr: 2.00e-04 | MSE loss: 2.3389e-05 | time: 0.150
I 06.17/06:59:55 solver.py:221 ] Epoch: [52/400][280/391] lr: 2.00e-04 | MSE loss: 2.3169e-05 | time: 0.150
I 06.17/06:59:58 solver.py:221 ] Epoch: [52/400][300/391] lr: 2.00e-04 | MSE loss: 2.3195e-05 | time: 0.150
I 06.17/07:00:01 solver.py:221 ] Epoch: [52/400][320/391] lr: 2.00e-04 | MSE loss: 2.3063e-05 | time: 0.150
I 06.17/07:00:05 solver.py:221 ] Epoch: [52/400][340/391] lr: 2.00e-04 | MSE loss: 2.3054e-05 | time: 0.153
I 06.17/07:00:08 solver.py:221 ] Epoch: [52/400][360/391] lr: 2.00e-04 | MSE loss: 2.2925e-05 | time: 0.152
I 06.17/07:00:11 solver.py:221 ] Epoch: [52/400][380/391] lr: 2.00e-04 | MSE loss: 2.3082e-05 | time: 0.152
I 06.17/07:00:13 solver.py:243 ] => Train  Loss: 2.3058e-05

I 06.17/07:00:13 solver.py:337 ] 
=! Best NMSE: -1.3022e+01 (epoch=50)

I 06.17/07:00:16 solver.py:221 ] Epoch: [53/400][20/391] lr: 2.00e-04 | MSE loss: 2.0986e-05 | time: 0.135
I 06.17/07:00:19 solver.py:221 ] Epoch: [53/400][40/391] lr: 2.00e-04 | MSE loss: 2.2072e-05 | time: 0.143
I 06.17/07:00:23 solver.py:221 ] Epoch: [53/400][60/391] lr: 2.00e-04 | MSE loss: 2.2899e-05 | time: 0.153
I 06.17/07:00:26 solver.py:221 ] Epoch: [53/400][80/391] lr: 2.00e-04 | MSE loss: 2.2391e-05 | time: 0.156
I 06.17/07:00:29 solver.py:221 ] Epoch: [53/400][100/391] lr: 2.00e-04 | MSE loss: 2.2380e-05 | time: 0.154
I 06.17/07:00:32 solver.py:221 ] Epoch: [53/400][120/391] lr: 2.00e-04 | MSE loss: 2.2085e-05 | time: 0.152
I 06.17/07:00:35 solver.py:221 ] Epoch: [53/400][140/391] lr: 2.00e-04 | MSE loss: 2.2596e-05 | time: 0.152
I 06.17/07:00:38 solver.py:221 ] Epoch: [53/400][160/391] lr: 2.00e-04 | MSE loss: 2.2511e-05 | time: 0.151
I 06.17/07:00:40 solver.py:221 ] Epoch: [53/400][180/391] lr: 2.00e-04 | MSE loss: 2.2569e-05 | time: 0.151
I 06.17/07:00:43 solver.py:221 ] Epoch: [53/400][200/391] lr: 2.00e-04 | MSE loss: 2.2446e-05 | time: 0.150
I 06.17/07:00:46 solver.py:221 ] Epoch: [53/400][220/391] lr: 2.00e-04 | MSE loss: 2.2319e-05 | time: 0.151
I 06.17/07:00:50 solver.py:221 ] Epoch: [53/400][240/391] lr: 2.00e-04 | MSE loss: 2.2163e-05 | time: 0.152
I 06.17/07:00:53 solver.py:221 ] Epoch: [53/400][260/391] lr: 2.00e-04 | MSE loss: 2.2182e-05 | time: 0.152
I 06.17/07:00:56 solver.py:221 ] Epoch: [53/400][280/391] lr: 2.00e-04 | MSE loss: 2.2324e-05 | time: 0.153
I 06.17/07:00:59 solver.py:221 ] Epoch: [53/400][300/391] lr: 2.00e-04 | MSE loss: 2.2122e-05 | time: 0.153
I 06.17/07:01:03 solver.py:221 ] Epoch: [53/400][320/391] lr: 2.00e-04 | MSE loss: 2.2057e-05 | time: 0.156
I 06.17/07:01:07 solver.py:221 ] Epoch: [53/400][340/391] lr: 2.00e-04 | MSE loss: 2.2152e-05 | time: 0.156
I 06.17/07:01:10 solver.py:221 ] Epoch: [53/400][360/391] lr: 2.00e-04 | MSE loss: 2.2195e-05 | time: 0.156
I 06.17/07:01:13 solver.py:221 ] Epoch: [53/400][380/391] lr: 2.00e-04 | MSE loss: 2.2145e-05 | time: 0.157
I 06.17/07:01:14 solver.py:243 ] => Train  Loss: 2.2086e-05

I 06.17/07:01:14 solver.py:337 ] 
=! Best NMSE: -1.3022e+01 (epoch=50)

I 06.17/07:01:17 solver.py:221 ] Epoch: [54/400][20/391] lr: 2.00e-04 | MSE loss: 2.0596e-05 | time: 0.137
I 06.17/07:01:21 solver.py:221 ] Epoch: [54/400][40/391] lr: 2.00e-04 | MSE loss: 2.1603e-05 | time: 0.153
I 06.17/07:01:24 solver.py:221 ] Epoch: [54/400][60/391] lr: 2.00e-04 | MSE loss: 2.1761e-05 | time: 0.155
I 06.17/07:01:27 solver.py:221 ] Epoch: [54/400][80/391] lr: 2.00e-04 | MSE loss: 2.1159e-05 | time: 0.156
I 06.17/07:01:30 solver.py:221 ] Epoch: [54/400][100/391] lr: 1.99e-04 | MSE loss: 2.1141e-05 | time: 0.154
I 06.17/07:01:33 solver.py:221 ] Epoch: [54/400][120/391] lr: 1.99e-04 | MSE loss: 2.1265e-05 | time: 0.153
I 06.17/07:01:36 solver.py:221 ] Epoch: [54/400][140/391] lr: 1.99e-04 | MSE loss: 2.2074e-05 | time: 0.153
I 06.17/07:01:39 solver.py:221 ] Epoch: [54/400][160/391] lr: 1.99e-04 | MSE loss: 2.1913e-05 | time: 0.153
I 06.17/07:01:42 solver.py:221 ] Epoch: [54/400][180/391] lr: 1.99e-04 | MSE loss: 2.1583e-05 | time: 0.152
I 06.17/07:01:45 solver.py:221 ] Epoch: [54/400][200/391] lr: 1.99e-04 | MSE loss: 2.1457e-05 | time: 0.151
I 06.17/07:01:48 solver.py:221 ] Epoch: [54/400][220/391] lr: 1.99e-04 | MSE loss: 2.1390e-05 | time: 0.151
I 06.17/07:01:51 solver.py:221 ] Epoch: [54/400][240/391] lr: 1.99e-04 | MSE loss: 2.1579e-05 | time: 0.152
I 06.17/07:01:54 solver.py:221 ] Epoch: [54/400][260/391] lr: 1.99e-04 | MSE loss: 2.1492e-05 | time: 0.152
I 06.17/07:01:57 solver.py:221 ] Epoch: [54/400][280/391] lr: 1.99e-04 | MSE loss: 2.1425e-05 | time: 0.152
I 06.17/07:02:00 solver.py:221 ] Epoch: [54/400][300/391] lr: 1.99e-04 | MSE loss: 2.1702e-05 | time: 0.151
I 06.17/07:02:04 solver.py:221 ] Epoch: [54/400][320/391] lr: 1.99e-04 | MSE loss: 2.1564e-05 | time: 0.155
I 06.17/07:02:07 solver.py:221 ] Epoch: [54/400][340/391] lr: 1.99e-04 | MSE loss: 2.1427e-05 | time: 0.154
I 06.17/07:02:10 solver.py:221 ] Epoch: [54/400][360/391] lr: 1.99e-04 | MSE loss: 2.1341e-05 | time: 0.154
I 06.17/07:02:14 solver.py:221 ] Epoch: [54/400][380/391] lr: 1.99e-04 | MSE loss: 2.1390e-05 | time: 0.155
I 06.17/07:02:15 solver.py:243 ] => Train  Loss: 2.1530e-05

I 06.17/07:02:15 solver.py:337 ] 
=! Best NMSE: -1.3022e+01 (epoch=50)

I 06.17/07:02:19 solver.py:221 ] Epoch: [55/400][20/391] lr: 1.99e-04 | MSE loss: 1.9960e-05 | time: 0.158
I 06.17/07:02:22 solver.py:221 ] Epoch: [55/400][40/391] lr: 1.99e-04 | MSE loss: 1.9744e-05 | time: 0.152
I 06.17/07:02:25 solver.py:221 ] Epoch: [55/400][60/391] lr: 1.99e-04 | MSE loss: 2.0065e-05 | time: 0.152
I 06.17/07:02:28 solver.py:221 ] Epoch: [55/400][80/391] lr: 1.99e-04 | MSE loss: 2.0197e-05 | time: 0.150
I 06.17/07:02:31 solver.py:221 ] Epoch: [55/400][100/391] lr: 1.99e-04 | MSE loss: 1.9853e-05 | time: 0.150
I 06.17/07:02:34 solver.py:221 ] Epoch: [55/400][120/391] lr: 1.99e-04 | MSE loss: 2.1809e-05 | time: 0.150
I 06.17/07:02:37 solver.py:221 ] Epoch: [55/400][140/391] lr: 1.99e-04 | MSE loss: 2.1943e-05 | time: 0.150
I 06.17/07:02:40 solver.py:221 ] Epoch: [55/400][160/391] lr: 1.99e-04 | MSE loss: 2.1538e-05 | time: 0.149
I 06.17/07:02:42 solver.py:221 ] Epoch: [55/400][180/391] lr: 1.99e-04 | MSE loss: 2.1148e-05 | time: 0.149
I 06.17/07:02:46 solver.py:221 ] Epoch: [55/400][200/391] lr: 1.99e-04 | MSE loss: 2.0847e-05 | time: 0.150
I 06.17/07:02:49 solver.py:221 ] Epoch: [55/400][220/391] lr: 1.99e-04 | MSE loss: 2.0658e-05 | time: 0.151
I 06.17/07:02:52 solver.py:221 ] Epoch: [55/400][240/391] lr: 1.99e-04 | MSE loss: 2.0720e-05 | time: 0.150
I 06.17/07:02:55 solver.py:221 ] Epoch: [55/400][260/391] lr: 1.99e-04 | MSE loss: 2.0682e-05 | time: 0.150
I 06.17/07:02:58 solver.py:221 ] Epoch: [55/400][280/391] lr: 1.99e-04 | MSE loss: 2.0620e-05 | time: 0.150
I 06.17/07:03:01 solver.py:221 ] Epoch: [55/400][300/391] lr: 1.99e-04 | MSE loss: 2.0748e-05 | time: 0.150
I 06.17/07:03:04 solver.py:221 ] Epoch: [55/400][320/391] lr: 1.99e-04 | MSE loss: 2.0666e-05 | time: 0.153
I 06.17/07:03:08 solver.py:221 ] Epoch: [55/400][340/391] lr: 1.99e-04 | MSE loss: 2.0516e-05 | time: 0.153
I 06.17/07:03:11 solver.py:221 ] Epoch: [55/400][360/391] lr: 1.99e-04 | MSE loss: 2.0731e-05 | time: 0.152
I 06.17/07:03:14 solver.py:221 ] Epoch: [55/400][380/391] lr: 1.99e-04 | MSE loss: 2.0859e-05 | time: 0.152
I 06.17/07:03:15 solver.py:243 ] => Train  Loss: 2.0801e-05

I 06.17/07:03:15 solver.py:337 ] 
=! Best NMSE: -1.3022e+01 (epoch=50)

I 06.17/07:03:18 solver.py:221 ] Epoch: [56/400][20/391] lr: 1.99e-04 | MSE loss: 2.1878e-05 | time: 0.129
I 06.17/07:03:21 solver.py:221 ] Epoch: [56/400][40/391] lr: 1.99e-04 | MSE loss: 2.0831e-05 | time: 0.137
I 06.17/07:03:24 solver.py:221 ] Epoch: [56/400][60/391] lr: 1.99e-04 | MSE loss: 1.9877e-05 | time: 0.141
I 06.17/07:03:27 solver.py:221 ] Epoch: [56/400][80/391] lr: 1.99e-04 | MSE loss: 1.9404e-05 | time: 0.142
I 06.17/07:03:30 solver.py:221 ] Epoch: [56/400][100/391] lr: 1.99e-04 | MSE loss: 2.0364e-05 | time: 0.142
I 06.17/07:03:33 solver.py:221 ] Epoch: [56/400][120/391] lr: 1.99e-04 | MSE loss: 2.0209e-05 | time: 0.143
I 06.17/07:03:36 solver.py:221 ] Epoch: [56/400][140/391] lr: 1.99e-04 | MSE loss: 1.9916e-05 | time: 0.144
I 06.17/07:03:39 solver.py:221 ] Epoch: [56/400][160/391] lr: 1.99e-04 | MSE loss: 1.9821e-05 | time: 0.145
I 06.17/07:03:42 solver.py:221 ] Epoch: [56/400][180/391] lr: 1.99e-04 | MSE loss: 2.0152e-05 | time: 0.145
I 06.17/07:03:45 solver.py:221 ] Epoch: [56/400][200/391] lr: 1.99e-04 | MSE loss: 2.0667e-05 | time: 0.145
I 06.17/07:03:48 solver.py:221 ] Epoch: [56/400][220/391] lr: 1.99e-04 | MSE loss: 2.0491e-05 | time: 0.146
I 06.17/07:03:51 solver.py:221 ] Epoch: [56/400][240/391] lr: 1.99e-04 | MSE loss: 2.0380e-05 | time: 0.146
I 06.17/07:03:54 solver.py:221 ] Epoch: [56/400][260/391] lr: 1.99e-04 | MSE loss: 2.0181e-05 | time: 0.146
I 06.17/07:03:57 solver.py:221 ] Epoch: [56/400][280/391] lr: 1.99e-04 | MSE loss: 2.0169e-05 | time: 0.147
I 06.17/07:04:00 solver.py:221 ] Epoch: [56/400][300/391] lr: 1.99e-04 | MSE loss: 2.0126e-05 | time: 0.148
I 06.17/07:04:05 solver.py:221 ] Epoch: [56/400][320/391] lr: 1.99e-04 | MSE loss: 2.0026e-05 | time: 0.154
I 06.17/07:04:08 solver.py:221 ] Epoch: [56/400][340/391] lr: 1.99e-04 | MSE loss: 1.9945e-05 | time: 0.153
I 06.17/07:04:11 solver.py:221 ] Epoch: [56/400][360/391] lr: 1.99e-04 | MSE loss: 2.0328e-05 | time: 0.153
I 06.17/07:04:14 solver.py:221 ] Epoch: [56/400][380/391] lr: 1.99e-04 | MSE loss: 2.0283e-05 | time: 0.153
I 06.17/07:04:15 solver.py:243 ] => Train  Loss: 2.0201e-05

I 06.17/07:04:15 solver.py:337 ] 
=! Best NMSE: -1.3022e+01 (epoch=50)

I 06.17/07:04:19 solver.py:221 ] Epoch: [57/400][20/391] lr: 1.99e-04 | MSE loss: 1.8059e-05 | time: 0.152
I 06.17/07:04:22 solver.py:221 ] Epoch: [57/400][40/391] lr: 1.99e-04 | MSE loss: 1.9061e-05 | time: 0.147
I 06.17/07:04:25 solver.py:221 ] Epoch: [57/400][60/391] lr: 1.99e-04 | MSE loss: 1.9751e-05 | time: 0.147
I 06.17/07:04:28 solver.py:221 ] Epoch: [57/400][80/391] lr: 1.99e-04 | MSE loss: 1.9244e-05 | time: 0.149
I 06.17/07:04:31 solver.py:221 ] Epoch: [57/400][100/391] lr: 1.99e-04 | MSE loss: 1.8925e-05 | time: 0.149
I 06.17/07:04:34 solver.py:221 ] Epoch: [57/400][120/391] lr: 1.99e-04 | MSE loss: 1.8859e-05 | time: 0.149
I 06.17/07:04:37 solver.py:221 ] Epoch: [57/400][140/391] lr: 1.99e-04 | MSE loss: 1.9364e-05 | time: 0.148
I 06.17/07:04:39 solver.py:221 ] Epoch: [57/400][160/391] lr: 1.99e-04 | MSE loss: 1.9366e-05 | time: 0.148
I 06.17/07:04:42 solver.py:221 ] Epoch: [57/400][180/391] lr: 1.99e-04 | MSE loss: 1.9216e-05 | time: 0.148
I 06.17/07:04:46 solver.py:221 ] Epoch: [57/400][200/391] lr: 1.99e-04 | MSE loss: 1.9360e-05 | time: 0.149
I 06.17/07:04:49 solver.py:221 ] Epoch: [57/400][220/391] lr: 1.99e-04 | MSE loss: 1.9317e-05 | time: 0.150
I 06.17/07:04:52 solver.py:221 ] Epoch: [57/400][240/391] lr: 1.99e-04 | MSE loss: 1.9336e-05 | time: 0.150
I 06.17/07:04:55 solver.py:221 ] Epoch: [57/400][260/391] lr: 1.99e-04 | MSE loss: 1.9300e-05 | time: 0.151
I 06.17/07:04:58 solver.py:221 ] Epoch: [57/400][280/391] lr: 1.99e-04 | MSE loss: 1.9228e-05 | time: 0.152
I 06.17/07:05:01 solver.py:221 ] Epoch: [57/400][300/391] lr: 1.99e-04 | MSE loss: 1.9306e-05 | time: 0.152
I 06.17/07:05:05 solver.py:221 ] Epoch: [57/400][320/391] lr: 1.99e-04 | MSE loss: 1.9203e-05 | time: 0.155
I 06.17/07:05:08 solver.py:221 ] Epoch: [57/400][340/391] lr: 1.99e-04 | MSE loss: 1.9217e-05 | time: 0.155
I 06.17/07:05:11 solver.py:221 ] Epoch: [57/400][360/391] lr: 1.99e-04 | MSE loss: 1.9506e-05 | time: 0.154
I 06.17/07:05:14 solver.py:221 ] Epoch: [57/400][380/391] lr: 1.99e-04 | MSE loss: 1.9424e-05 | time: 0.154
I 06.17/07:05:16 solver.py:243 ] => Train  Loss: 1.9372e-05

I 06.17/07:05:16 solver.py:337 ] 
=! Best NMSE: -1.3022e+01 (epoch=50)

I 06.17/07:05:19 solver.py:221 ] Epoch: [58/400][20/391] lr: 1.99e-04 | MSE loss: 1.8350e-05 | time: 0.138
I 06.17/07:05:22 solver.py:221 ] Epoch: [58/400][40/391] lr: 1.99e-04 | MSE loss: 1.8802e-05 | time: 0.142
I 06.17/07:05:25 solver.py:221 ] Epoch: [58/400][60/391] lr: 1.99e-04 | MSE loss: 1.8428e-05 | time: 0.145
I 06.17/07:05:28 solver.py:221 ] Epoch: [58/400][80/391] lr: 1.99e-04 | MSE loss: 1.8356e-05 | time: 0.146
I 06.17/07:05:31 solver.py:221 ] Epoch: [58/400][100/391] lr: 1.99e-04 | MSE loss: 1.8761e-05 | time: 0.146
I 06.17/07:05:34 solver.py:221 ] Epoch: [58/400][120/391] lr: 1.99e-04 | MSE loss: 1.8714e-05 | time: 0.146
I 06.17/07:05:37 solver.py:221 ] Epoch: [58/400][140/391] lr: 1.99e-04 | MSE loss: 1.8671e-05 | time: 0.147
I 06.17/07:05:40 solver.py:221 ] Epoch: [58/400][160/391] lr: 1.99e-04 | MSE loss: 1.8940e-05 | time: 0.147
I 06.17/07:05:43 solver.py:221 ] Epoch: [58/400][180/391] lr: 1.99e-04 | MSE loss: 1.8882e-05 | time: 0.146
I 06.17/07:05:46 solver.py:221 ] Epoch: [58/400][200/391] lr: 1.99e-04 | MSE loss: 1.8748e-05 | time: 0.147
I 06.17/07:05:49 solver.py:221 ] Epoch: [58/400][220/391] lr: 1.99e-04 | MSE loss: 1.8785e-05 | time: 0.147
I 06.17/07:05:52 solver.py:221 ] Epoch: [58/400][240/391] lr: 1.99e-04 | MSE loss: 1.9036e-05 | time: 0.147
I 06.17/07:05:55 solver.py:221 ] Epoch: [58/400][260/391] lr: 1.99e-04 | MSE loss: 1.8924e-05 | time: 0.148
I 06.17/07:05:58 solver.py:221 ] Epoch: [58/400][280/391] lr: 1.99e-04 | MSE loss: 1.8956e-05 | time: 0.148
I 06.17/07:06:01 solver.py:221 ] Epoch: [58/400][300/391] lr: 1.99e-04 | MSE loss: 1.8828e-05 | time: 0.149
I 06.17/07:06:05 solver.py:221 ] Epoch: [58/400][320/391] lr: 1.99e-04 | MSE loss: 1.8708e-05 | time: 0.153
I 06.17/07:06:08 solver.py:221 ] Epoch: [58/400][340/391] lr: 1.99e-04 | MSE loss: 1.8954e-05 | time: 0.152
I 06.17/07:06:11 solver.py:221 ] Epoch: [58/400][360/391] lr: 1.99e-04 | MSE loss: 1.9086e-05 | time: 0.152
I 06.17/07:06:14 solver.py:221 ] Epoch: [58/400][380/391] lr: 1.99e-04 | MSE loss: 1.8978e-05 | time: 0.152
I 06.17/07:06:16 solver.py:243 ] => Train  Loss: 1.8914e-05

I 06.17/07:06:16 solver.py:337 ] 
=! Best NMSE: -1.3022e+01 (epoch=50)

I 06.17/07:06:19 solver.py:221 ] Epoch: [59/400][20/391] lr: 1.99e-04 | MSE loss: 1.6887e-05 | time: 0.151
I 06.17/07:06:22 solver.py:221 ] Epoch: [59/400][40/391] lr: 1.99e-04 | MSE loss: 1.7326e-05 | time: 0.149
I 06.17/07:06:25 solver.py:221 ] Epoch: [59/400][60/391] lr: 1.99e-04 | MSE loss: 1.7635e-05 | time: 0.149
I 06.17/07:06:28 solver.py:221 ] Epoch: [59/400][80/391] lr: 1.99e-04 | MSE loss: 1.8249e-05 | time: 0.149
I 06.17/07:06:31 solver.py:221 ] Epoch: [59/400][100/391] lr: 1.99e-04 | MSE loss: 1.8167e-05 | time: 0.149
I 06.17/07:06:34 solver.py:221 ] Epoch: [59/400][120/391] lr: 1.99e-04 | MSE loss: 1.8075e-05 | time: 0.151
I 06.17/07:06:38 solver.py:221 ] Epoch: [59/400][140/391] lr: 1.99e-04 | MSE loss: 1.8402e-05 | time: 0.151
I 06.17/07:06:41 solver.py:221 ] Epoch: [59/400][160/391] lr: 1.99e-04 | MSE loss: 1.8152e-05 | time: 0.153
I 06.17/07:06:44 solver.py:221 ] Epoch: [59/400][180/391] lr: 1.99e-04 | MSE loss: 1.8032e-05 | time: 0.151
I 06.17/07:06:47 solver.py:221 ] Epoch: [59/400][200/391] lr: 1.99e-04 | MSE loss: 1.8774e-05 | time: 0.151
I 06.17/07:06:49 solver.py:221 ] Epoch: [59/400][220/391] lr: 1.99e-04 | MSE loss: 1.8806e-05 | time: 0.151
I 06.17/07:06:52 solver.py:221 ] Epoch: [59/400][240/391] lr: 1.99e-04 | MSE loss: 1.8653e-05 | time: 0.150
I 06.17/07:06:55 solver.py:221 ] Epoch: [59/400][260/391] lr: 1.99e-04 | MSE loss: 1.8407e-05 | time: 0.150
I 06.17/07:06:58 solver.py:221 ] Epoch: [59/400][280/391] lr: 1.99e-04 | MSE loss: 1.8242e-05 | time: 0.150
I 06.17/07:07:02 solver.py:221 ] Epoch: [59/400][300/391] lr: 1.99e-04 | MSE loss: 1.8392e-05 | time: 0.152
I 06.17/07:07:06 solver.py:221 ] Epoch: [59/400][320/391] lr: 1.99e-04 | MSE loss: 1.8346e-05 | time: 0.154
I 06.17/07:07:09 solver.py:221 ] Epoch: [59/400][340/391] lr: 1.99e-04 | MSE loss: 1.8257e-05 | time: 0.153
I 06.17/07:07:11 solver.py:221 ] Epoch: [59/400][360/391] lr: 1.99e-04 | MSE loss: 1.8152e-05 | time: 0.153
I 06.17/07:07:14 solver.py:221 ] Epoch: [59/400][380/391] lr: 1.99e-04 | MSE loss: 1.8633e-05 | time: 0.152
I 06.17/07:07:16 solver.py:243 ] => Train  Loss: 1.8641e-05

I 06.17/07:07:16 solver.py:337 ] 
=! Best NMSE: -1.3022e+01 (epoch=50)

I 06.17/07:07:19 solver.py:221 ] Epoch: [60/400][20/391] lr: 1.99e-04 | MSE loss: 1.7723e-05 | time: 0.141
I 06.17/07:07:22 solver.py:221 ] Epoch: [60/400][40/391] lr: 1.99e-04 | MSE loss: 1.6761e-05 | time: 0.147
I 06.17/07:07:25 solver.py:221 ] Epoch: [60/400][60/391] lr: 1.99e-04 | MSE loss: 1.6350e-05 | time: 0.146
I 06.17/07:07:28 solver.py:221 ] Epoch: [60/400][80/391] lr: 1.99e-04 | MSE loss: 1.7291e-05 | time: 0.144
I 06.17/07:07:31 solver.py:221 ] Epoch: [60/400][100/391] lr: 1.99e-04 | MSE loss: 1.7281e-05 | time: 0.146
I 06.17/07:07:34 solver.py:221 ] Epoch: [60/400][120/391] lr: 1.99e-04 | MSE loss: 1.7210e-05 | time: 0.146
I 06.17/07:07:37 solver.py:221 ] Epoch: [60/400][140/391] lr: 1.99e-04 | MSE loss: 1.7181e-05 | time: 0.149
I 06.17/07:07:40 solver.py:221 ] Epoch: [60/400][160/391] lr: 1.99e-04 | MSE loss: 1.7324e-05 | time: 0.149
I 06.17/07:07:43 solver.py:221 ] Epoch: [60/400][180/391] lr: 1.99e-04 | MSE loss: 1.7153e-05 | time: 0.149
I 06.17/07:07:46 solver.py:221 ] Epoch: [60/400][200/391] lr: 1.99e-04 | MSE loss: 1.7488e-05 | time: 0.149
I 06.17/07:07:49 solver.py:221 ] Epoch: [60/400][220/391] lr: 1.99e-04 | MSE loss: 1.7774e-05 | time: 0.147
I 06.17/07:07:51 solver.py:221 ] Epoch: [60/400][240/391] lr: 1.99e-04 | MSE loss: 1.7656e-05 | time: 0.146
I 06.17/07:07:53 solver.py:221 ] Epoch: [60/400][260/391] lr: 1.99e-04 | MSE loss: 1.7583e-05 | time: 0.144
I 06.17/07:07:56 solver.py:221 ] Epoch: [60/400][280/391] lr: 1.99e-04 | MSE loss: 1.7569e-05 | time: 0.145
I 06.17/07:07:59 solver.py:221 ] Epoch: [60/400][300/391] lr: 1.99e-04 | MSE loss: 1.7576e-05 | time: 0.145
I 06.17/07:08:03 solver.py:221 ] Epoch: [60/400][320/391] lr: 1.99e-04 | MSE loss: 1.7482e-05 | time: 0.148
I 06.17/07:08:08 solver.py:221 ] Epoch: [60/400][340/391] lr: 1.99e-04 | MSE loss: 1.7454e-05 | time: 0.151
I 06.17/07:08:10 solver.py:221 ] Epoch: [60/400][360/391] lr: 1.99e-04 | MSE loss: 1.7824e-05 | time: 0.151
I 06.17/07:08:13 solver.py:221 ] Epoch: [60/400][380/391] lr: 1.99e-04 | MSE loss: 1.7797e-05 | time: 0.150
I 06.17/07:08:15 solver.py:243 ] => Train  Loss: 1.7951e-05

I 06.17/07:08:16 solver.py:221 ] Epoch: [60/400][20/118] lr: 1.99e-04 | MSE loss: 2.0935e-05 | time: 0.074
I 06.17/07:08:18 solver.py:221 ] Epoch: [60/400][40/118] lr: 1.99e-04 | MSE loss: 2.0786e-05 | time: 0.076
I 06.17/07:08:20 solver.py:221 ] Epoch: [60/400][60/118] lr: 1.99e-04 | MSE loss: 2.0912e-05 | time: 0.075
I 06.17/07:08:21 solver.py:221 ] Epoch: [60/400][80/118] lr: 1.99e-04 | MSE loss: 2.0901e-05 | time: 0.079
I 06.17/07:08:23 solver.py:221 ] Epoch: [60/400][100/118] lr: 1.99e-04 | MSE loss: 2.0831e-05 | time: 0.081
I 06.17/07:08:25 solver.py:243 ] => Val  Loss: 2.0903e-05

I 06.17/07:08:26 solver.py:471 ] [20/79] loss: 2.0940e-05 | NMSE: -1.3343e+01 | time: 0.086
I 06.17/07:08:28 solver.py:471 ] [40/79] loss: 2.0936e-05 | NMSE: -1.3346e+01 | time: 0.083
I 06.17/07:08:29 solver.py:471 ] [60/79] loss: 2.0927e-05 | NMSE: -1.3338e+01 | time: 0.075
I 06.17/07:08:30 solver.py:476 ] => Test NMSE: -1.3346e+01

I 06.17/07:08:31 solver.py:337 ] 
=! Best NMSE: -1.3346e+01 (epoch=60)

I 06.17/07:08:34 solver.py:221 ] Epoch: [61/400][20/391] lr: 1.99e-04 | MSE loss: 1.7236e-05 | time: 0.156
I 06.17/07:08:37 solver.py:221 ] Epoch: [61/400][40/391] lr: 1.99e-04 | MSE loss: 1.6405e-05 | time: 0.153
I 06.17/07:08:40 solver.py:221 ] Epoch: [61/400][60/391] lr: 1.99e-04 | MSE loss: 1.6227e-05 | time: 0.152
I 06.17/07:08:43 solver.py:221 ] Epoch: [61/400][80/391] lr: 1.99e-04 | MSE loss: 1.6115e-05 | time: 0.155
I 06.17/07:08:47 solver.py:221 ] Epoch: [61/400][100/391] lr: 1.99e-04 | MSE loss: 1.6278e-05 | time: 0.155
I 06.17/07:08:50 solver.py:221 ] Epoch: [61/400][120/391] lr: 1.99e-04 | MSE loss: 1.6580e-05 | time: 0.156
I 06.17/07:08:53 solver.py:221 ] Epoch: [61/400][140/391] lr: 1.99e-04 | MSE loss: 1.6646e-05 | time: 0.155
I 06.17/07:08:56 solver.py:221 ] Epoch: [61/400][160/391] lr: 1.99e-04 | MSE loss: 1.6751e-05 | time: 0.154
I 06.17/07:08:59 solver.py:221 ] Epoch: [61/400][180/391] lr: 1.99e-04 | MSE loss: 1.6872e-05 | time: 0.153
I 06.17/07:09:02 solver.py:221 ] Epoch: [61/400][200/391] lr: 1.99e-04 | MSE loss: 1.6992e-05 | time: 0.156
I 06.17/07:09:06 solver.py:221 ] Epoch: [61/400][220/391] lr: 1.99e-04 | MSE loss: 1.6917e-05 | time: 0.157
I 06.17/07:09:09 solver.py:221 ] Epoch: [61/400][240/391] lr: 1.99e-04 | MSE loss: 1.6929e-05 | time: 0.156
I 06.17/07:09:12 solver.py:221 ] Epoch: [61/400][260/391] lr: 1.99e-04 | MSE loss: 1.7068e-05 | time: 0.156
I 06.17/07:09:15 solver.py:221 ] Epoch: [61/400][280/391] lr: 1.99e-04 | MSE loss: 1.7020e-05 | time: 0.155
I 06.17/07:09:17 solver.py:221 ] Epoch: [61/400][300/391] lr: 1.99e-04 | MSE loss: 1.7300e-05 | time: 0.155
I 06.17/07:09:21 solver.py:221 ] Epoch: [61/400][320/391] lr: 1.99e-04 | MSE loss: 1.7258e-05 | time: 0.155
I 06.17/07:09:23 solver.py:221 ] Epoch: [61/400][340/391] lr: 1.99e-04 | MSE loss: 1.7114e-05 | time: 0.154
I 06.17/07:09:27 solver.py:221 ] Epoch: [61/400][360/391] lr: 1.99e-04 | MSE loss: 1.7107e-05 | time: 0.154
I 06.17/07:09:30 solver.py:221 ] Epoch: [61/400][380/391] lr: 1.99e-04 | MSE loss: 1.7089e-05 | time: 0.154
I 06.17/07:09:32 solver.py:243 ] => Train  Loss: 1.7346e-05

I 06.17/07:09:32 solver.py:337 ] 
=! Best NMSE: -1.3346e+01 (epoch=60)

I 06.17/07:09:35 solver.py:221 ] Epoch: [62/400][20/391] lr: 1.99e-04 | MSE loss: 1.8727e-05 | time: 0.135
I 06.17/07:09:38 solver.py:221 ] Epoch: [62/400][40/391] lr: 1.99e-04 | MSE loss: 1.6721e-05 | time: 0.147
I 06.17/07:09:41 solver.py:221 ] Epoch: [62/400][60/391] lr: 1.99e-04 | MSE loss: 1.6140e-05 | time: 0.150
I 06.17/07:09:44 solver.py:221 ] Epoch: [62/400][80/391] lr: 1.99e-04 | MSE loss: 1.6443e-05 | time: 0.151
I 06.17/07:09:47 solver.py:221 ] Epoch: [62/400][100/391] lr: 1.99e-04 | MSE loss: 1.6485e-05 | time: 0.152
I 06.17/07:09:51 solver.py:221 ] Epoch: [62/400][120/391] lr: 1.99e-04 | MSE loss: 1.6673e-05 | time: 0.152
I 06.17/07:09:54 solver.py:221 ] Epoch: [62/400][140/391] lr: 1.99e-04 | MSE loss: 1.6787e-05 | time: 0.153
I 06.17/07:09:57 solver.py:221 ] Epoch: [62/400][160/391] lr: 1.99e-04 | MSE loss: 1.6736e-05 | time: 0.154
I 06.17/07:10:00 solver.py:221 ] Epoch: [62/400][180/391] lr: 1.99e-04 | MSE loss: 1.6766e-05 | time: 0.155
I 06.17/07:10:04 solver.py:221 ] Epoch: [62/400][200/391] lr: 1.99e-04 | MSE loss: 1.6677e-05 | time: 0.162
I 06.17/07:10:07 solver.py:221 ] Epoch: [62/400][220/391] lr: 1.99e-04 | MSE loss: 1.6871e-05 | time: 0.159
I 06.17/07:10:10 solver.py:221 ] Epoch: [62/400][240/391] lr: 1.99e-04 | MSE loss: 1.6829e-05 | time: 0.158
I 06.17/07:10:13 solver.py:221 ] Epoch: [62/400][260/391] lr: 1.99e-04 | MSE loss: 1.6766e-05 | time: 0.158
I 06.17/07:10:16 solver.py:221 ] Epoch: [62/400][280/391] lr: 1.99e-04 | MSE loss: 1.6887e-05 | time: 0.157
I 06.17/07:10:19 solver.py:221 ] Epoch: [62/400][300/391] lr: 1.99e-04 | MSE loss: 1.6955e-05 | time: 0.156
I 06.17/07:10:22 solver.py:221 ] Epoch: [62/400][320/391] lr: 1.99e-04 | MSE loss: 1.6974e-05 | time: 0.155
I 06.17/07:10:25 solver.py:221 ] Epoch: [62/400][340/391] lr: 1.99e-04 | MSE loss: 1.6935e-05 | time: 0.155
I 06.17/07:10:28 solver.py:221 ] Epoch: [62/400][360/391] lr: 1.99e-04 | MSE loss: 1.6962e-05 | time: 0.154
I 06.17/07:10:31 solver.py:221 ] Epoch: [62/400][380/391] lr: 1.99e-04 | MSE loss: 1.6911e-05 | time: 0.154
I 06.17/07:10:32 solver.py:243 ] => Train  Loss: 1.6929e-05

I 06.17/07:10:32 solver.py:337 ] 
=! Best NMSE: -1.3346e+01 (epoch=60)

I 06.17/07:10:36 solver.py:221 ] Epoch: [63/400][20/391] lr: 1.99e-04 | MSE loss: 1.5867e-05 | time: 0.139
I 06.17/07:10:39 solver.py:221 ] Epoch: [63/400][40/391] lr: 1.99e-04 | MSE loss: 1.5683e-05 | time: 0.144
I 06.17/07:10:42 solver.py:221 ] Epoch: [63/400][60/391] lr: 1.99e-04 | MSE loss: 1.6409e-05 | time: 0.145
I 06.17/07:10:44 solver.py:221 ] Epoch: [63/400][80/391] lr: 1.99e-04 | MSE loss: 1.6510e-05 | time: 0.146
I 06.17/07:10:47 solver.py:221 ] Epoch: [63/400][100/391] lr: 1.99e-04 | MSE loss: 1.6373e-05 | time: 0.147
I 06.17/07:10:50 solver.py:221 ] Epoch: [63/400][120/391] lr: 1.99e-04 | MSE loss: 1.6889e-05 | time: 0.146
I 06.17/07:10:53 solver.py:221 ] Epoch: [63/400][140/391] lr: 1.99e-04 | MSE loss: 1.6958e-05 | time: 0.147
I 06.17/07:10:56 solver.py:221 ] Epoch: [63/400][160/391] lr: 1.99e-04 | MSE loss: 1.6692e-05 | time: 0.147
I 06.17/07:10:59 solver.py:221 ] Epoch: [63/400][180/391] lr: 1.99e-04 | MSE loss: 1.6579e-05 | time: 0.148
I 06.17/07:11:02 solver.py:221 ] Epoch: [63/400][200/391] lr: 1.99e-04 | MSE loss: 1.6490e-05 | time: 0.150
I 06.17/07:11:06 solver.py:221 ] Epoch: [63/400][220/391] lr: 1.99e-04 | MSE loss: 1.6361e-05 | time: 0.151
I 06.17/07:11:09 solver.py:221 ] Epoch: [63/400][240/391] lr: 1.99e-04 | MSE loss: 1.6594e-05 | time: 0.151
I 06.17/07:11:12 solver.py:221 ] Epoch: [63/400][260/391] lr: 1.99e-04 | MSE loss: 1.6735e-05 | time: 0.151
I 06.17/07:11:15 solver.py:221 ] Epoch: [63/400][280/391] lr: 1.99e-04 | MSE loss: 1.6742e-05 | time: 0.153
I 06.17/07:11:18 solver.py:221 ] Epoch: [63/400][300/391] lr: 1.99e-04 | MSE loss: 1.6772e-05 | time: 0.152
I 06.17/07:11:21 solver.py:221 ] Epoch: [63/400][320/391] lr: 1.99e-04 | MSE loss: 1.6763e-05 | time: 0.152
I 06.17/07:11:24 solver.py:221 ] Epoch: [63/400][340/391] lr: 1.99e-04 | MSE loss: 1.6638e-05 | time: 0.152
I 06.17/07:11:27 solver.py:221 ] Epoch: [63/400][360/391] lr: 1.99e-04 | MSE loss: 1.6520e-05 | time: 0.152
I 06.17/07:11:30 solver.py:221 ] Epoch: [63/400][380/391] lr: 1.98e-04 | MSE loss: 1.6505e-05 | time: 0.152
I 06.17/07:11:32 solver.py:243 ] => Train  Loss: 1.6808e-05

I 06.17/07:11:32 solver.py:337 ] 
=! Best NMSE: -1.3346e+01 (epoch=60)

I 06.17/07:11:35 solver.py:221 ] Epoch: [64/400][20/391] lr: 1.98e-04 | MSE loss: 1.6606e-05 | time: 0.134
I 06.17/07:11:38 solver.py:221 ] Epoch: [64/400][40/391] lr: 1.98e-04 | MSE loss: 1.5441e-05 | time: 0.140
I 06.17/07:11:41 solver.py:221 ] Epoch: [64/400][60/391] lr: 1.98e-04 | MSE loss: 1.6072e-05 | time: 0.143
I 06.17/07:11:44 solver.py:221 ] Epoch: [64/400][80/391] lr: 1.98e-04 | MSE loss: 1.5776e-05 | time: 0.147
I 06.17/07:11:47 solver.py:221 ] Epoch: [64/400][100/391] lr: 1.98e-04 | MSE loss: 1.5535e-05 | time: 0.147
I 06.17/07:11:50 solver.py:221 ] Epoch: [64/400][120/391] lr: 1.98e-04 | MSE loss: 1.5369e-05 | time: 0.150
I 06.17/07:11:53 solver.py:221 ] Epoch: [64/400][140/391] lr: 1.98e-04 | MSE loss: 1.5385e-05 | time: 0.150
I 06.17/07:11:56 solver.py:221 ] Epoch: [64/400][160/391] lr: 1.98e-04 | MSE loss: 1.5641e-05 | time: 0.150
I 06.17/07:11:59 solver.py:221 ] Epoch: [64/400][180/391] lr: 1.98e-04 | MSE loss: 1.5713e-05 | time: 0.150
I 06.17/07:12:02 solver.py:221 ] Epoch: [64/400][200/391] lr: 1.98e-04 | MSE loss: 1.5889e-05 | time: 0.149
I 06.17/07:12:06 solver.py:221 ] Epoch: [64/400][220/391] lr: 1.98e-04 | MSE loss: 1.5885e-05 | time: 0.151
I 06.17/07:12:09 solver.py:221 ] Epoch: [64/400][240/391] lr: 1.98e-04 | MSE loss: 1.5862e-05 | time: 0.151
I 06.17/07:12:12 solver.py:221 ] Epoch: [64/400][260/391] lr: 1.98e-04 | MSE loss: 1.5822e-05 | time: 0.151
I 06.17/07:12:15 solver.py:221 ] Epoch: [64/400][280/391] lr: 1.98e-04 | MSE loss: 1.5805e-05 | time: 0.151
I 06.17/07:12:18 solver.py:221 ] Epoch: [64/400][300/391] lr: 1.98e-04 | MSE loss: 1.5809e-05 | time: 0.151
I 06.17/07:12:21 solver.py:221 ] Epoch: [64/400][320/391] lr: 1.98e-04 | MSE loss: 1.5888e-05 | time: 0.151
I 06.17/07:12:24 solver.py:221 ] Epoch: [64/400][340/391] lr: 1.98e-04 | MSE loss: 1.5780e-05 | time: 0.152
I 06.17/07:12:27 solver.py:221 ] Epoch: [64/400][360/391] lr: 1.98e-04 | MSE loss: 1.5887e-05 | time: 0.151
I 06.17/07:12:30 solver.py:221 ] Epoch: [64/400][380/391] lr: 1.98e-04 | MSE loss: 1.5867e-05 | time: 0.151
I 06.17/07:12:31 solver.py:243 ] => Train  Loss: 1.5836e-05

I 06.17/07:12:31 solver.py:337 ] 
=! Best NMSE: -1.3346e+01 (epoch=60)

I 06.17/07:12:35 solver.py:221 ] Epoch: [65/400][20/391] lr: 1.98e-04 | MSE loss: 1.7045e-05 | time: 0.158
I 06.17/07:12:38 solver.py:221 ] Epoch: [65/400][40/391] lr: 1.98e-04 | MSE loss: 1.8534e-05 | time: 0.152
I 06.17/07:12:41 solver.py:221 ] Epoch: [65/400][60/391] lr: 1.98e-04 | MSE loss: 1.7207e-05 | time: 0.150
I 06.17/07:12:44 solver.py:221 ] Epoch: [65/400][80/391] lr: 1.98e-04 | MSE loss: 1.6440e-05 | time: 0.149
I 06.17/07:12:47 solver.py:221 ] Epoch: [65/400][100/391] lr: 1.98e-04 | MSE loss: 1.6370e-05 | time: 0.149
I 06.17/07:12:50 solver.py:221 ] Epoch: [65/400][120/391] lr: 1.98e-04 | MSE loss: 1.6158e-05 | time: 0.150
I 06.17/07:12:53 solver.py:221 ] Epoch: [65/400][140/391] lr: 1.98e-04 | MSE loss: 1.6068e-05 | time: 0.150
I 06.17/07:12:56 solver.py:221 ] Epoch: [65/400][160/391] lr: 1.98e-04 | MSE loss: 1.5868e-05 | time: 0.151
I 06.17/07:12:59 solver.py:221 ] Epoch: [65/400][180/391] lr: 1.98e-04 | MSE loss: 1.5820e-05 | time: 0.151
I 06.17/07:13:02 solver.py:221 ] Epoch: [65/400][200/391] lr: 1.98e-04 | MSE loss: 1.5746e-05 | time: 0.151
I 06.17/07:13:06 solver.py:221 ] Epoch: [65/400][220/391] lr: 1.98e-04 | MSE loss: 1.5616e-05 | time: 0.154
I 06.17/07:13:08 solver.py:221 ] Epoch: [65/400][240/391] lr: 1.98e-04 | MSE loss: 1.5711e-05 | time: 0.153
I 06.17/07:13:11 solver.py:221 ] Epoch: [65/400][260/391] lr: 1.98e-04 | MSE loss: 1.6245e-05 | time: 0.152
I 06.17/07:13:14 solver.py:221 ] Epoch: [65/400][280/391] lr: 1.98e-04 | MSE loss: 1.6125e-05 | time: 0.152
I 06.17/07:13:17 solver.py:221 ] Epoch: [65/400][300/391] lr: 1.98e-04 | MSE loss: 1.5971e-05 | time: 0.152
I 06.17/07:13:21 solver.py:221 ] Epoch: [65/400][320/391] lr: 1.98e-04 | MSE loss: 1.5805e-05 | time: 0.152
I 06.17/07:13:24 solver.py:221 ] Epoch: [65/400][340/391] lr: 1.98e-04 | MSE loss: 1.5798e-05 | time: 0.153
I 06.17/07:13:27 solver.py:221 ] Epoch: [65/400][360/391] lr: 1.98e-04 | MSE loss: 1.5714e-05 | time: 0.153
I 06.17/07:13:30 solver.py:221 ] Epoch: [65/400][380/391] lr: 1.98e-04 | MSE loss: 1.5622e-05 | time: 0.153
I 06.17/07:13:31 solver.py:243 ] => Train  Loss: 1.5606e-05

I 06.17/07:13:32 solver.py:337 ] 
=! Best NMSE: -1.3346e+01 (epoch=60)

I 06.17/07:13:35 solver.py:221 ] Epoch: [66/400][20/391] lr: 1.98e-04 | MSE loss: 1.9161e-05 | time: 0.140
I 06.17/07:13:38 solver.py:221 ] Epoch: [66/400][40/391] lr: 1.98e-04 | MSE loss: 1.7031e-05 | time: 0.149
I 06.17/07:13:41 solver.py:221 ] Epoch: [66/400][60/391] lr: 1.98e-04 | MSE loss: 1.6017e-05 | time: 0.149
I 06.17/07:13:44 solver.py:221 ] Epoch: [66/400][80/391] lr: 1.98e-04 | MSE loss: 1.5679e-05 | time: 0.150
I 06.17/07:13:47 solver.py:221 ] Epoch: [66/400][100/391] lr: 1.98e-04 | MSE loss: 1.5997e-05 | time: 0.150
I 06.17/07:13:50 solver.py:221 ] Epoch: [66/400][120/391] lr: 1.98e-04 | MSE loss: 1.5595e-05 | time: 0.150
I 06.17/07:13:53 solver.py:221 ] Epoch: [66/400][140/391] lr: 1.98e-04 | MSE loss: 1.5290e-05 | time: 0.150
I 06.17/07:13:56 solver.py:221 ] Epoch: [66/400][160/391] lr: 1.98e-04 | MSE loss: 1.6093e-05 | time: 0.150
I 06.17/07:13:59 solver.py:221 ] Epoch: [66/400][180/391] lr: 1.98e-04 | MSE loss: 1.5852e-05 | time: 0.150
I 06.17/07:14:02 solver.py:221 ] Epoch: [66/400][200/391] lr: 1.98e-04 | MSE loss: 1.5571e-05 | time: 0.149
I 06.17/07:14:06 solver.py:221 ] Epoch: [66/400][220/391] lr: 1.98e-04 | MSE loss: 1.5382e-05 | time: 0.154
I 06.17/07:14:09 solver.py:221 ] Epoch: [66/400][240/391] lr: 1.98e-04 | MSE loss: 1.5323e-05 | time: 0.154
I 06.17/07:14:12 solver.py:221 ] Epoch: [66/400][260/391] lr: 1.98e-04 | MSE loss: 1.5243e-05 | time: 0.154
I 06.17/07:14:15 solver.py:221 ] Epoch: [66/400][280/391] lr: 1.98e-04 | MSE loss: 1.5348e-05 | time: 0.153
I 06.17/07:14:18 solver.py:221 ] Epoch: [66/400][300/391] lr: 1.98e-04 | MSE loss: 1.5239e-05 | time: 0.153
I 06.17/07:14:21 solver.py:221 ] Epoch: [66/400][320/391] lr: 1.98e-04 | MSE loss: 1.5241e-05 | time: 0.153
I 06.17/07:14:24 solver.py:221 ] Epoch: [66/400][340/391] lr: 1.98e-04 | MSE loss: 1.5198e-05 | time: 0.153
I 06.17/07:14:27 solver.py:221 ] Epoch: [66/400][360/391] lr: 1.98e-04 | MSE loss: 1.5224e-05 | time: 0.153
I 06.17/07:14:30 solver.py:221 ] Epoch: [66/400][380/391] lr: 1.98e-04 | MSE loss: 1.5130e-05 | time: 0.153
I 06.17/07:14:31 solver.py:243 ] => Train  Loss: 1.5075e-05

I 06.17/07:14:32 solver.py:337 ] 
=! Best NMSE: -1.3346e+01 (epoch=60)

I 06.17/07:14:35 solver.py:221 ] Epoch: [67/400][20/391] lr: 1.98e-04 | MSE loss: 1.3251e-05 | time: 0.140
I 06.17/07:14:38 solver.py:221 ] Epoch: [67/400][40/391] lr: 1.98e-04 | MSE loss: 1.5917e-05 | time: 0.145
I 06.17/07:14:41 solver.py:221 ] Epoch: [67/400][60/391] lr: 1.98e-04 | MSE loss: 1.5183e-05 | time: 0.145
I 06.17/07:14:44 solver.py:221 ] Epoch: [67/400][80/391] lr: 1.98e-04 | MSE loss: 1.4619e-05 | time: 0.146
I 06.17/07:14:47 solver.py:221 ] Epoch: [67/400][100/391] lr: 1.98e-04 | MSE loss: 1.5445e-05 | time: 0.153
I 06.17/07:14:50 solver.py:221 ] Epoch: [67/400][120/391] lr: 1.98e-04 | MSE loss: 1.5624e-05 | time: 0.152
I 06.17/07:14:53 solver.py:221 ] Epoch: [67/400][140/391] lr: 1.98e-04 | MSE loss: 1.5426e-05 | time: 0.152
I 06.17/07:14:56 solver.py:221 ] Epoch: [67/400][160/391] lr: 1.98e-04 | MSE loss: 1.5129e-05 | time: 0.152
I 06.17/07:14:59 solver.py:221 ] Epoch: [67/400][180/391] lr: 1.98e-04 | MSE loss: 1.4786e-05 | time: 0.151
I 06.17/07:15:03 solver.py:221 ] Epoch: [67/400][200/391] lr: 1.98e-04 | MSE loss: 1.4629e-05 | time: 0.156
I 06.17/07:15:06 solver.py:221 ] Epoch: [67/400][220/391] lr: 1.98e-04 | MSE loss: 1.4673e-05 | time: 0.155
I 06.17/07:15:09 solver.py:221 ] Epoch: [67/400][240/391] lr: 1.98e-04 | MSE loss: 1.4646e-05 | time: 0.155
I 06.17/07:15:12 solver.py:221 ] Epoch: [67/400][260/391] lr: 1.98e-04 | MSE loss: 1.4514e-05 | time: 0.154
I 06.17/07:15:15 solver.py:221 ] Epoch: [67/400][280/391] lr: 1.98e-04 | MSE loss: 1.4418e-05 | time: 0.153
I 06.17/07:15:18 solver.py:221 ] Epoch: [67/400][300/391] lr: 1.98e-04 | MSE loss: 1.4319e-05 | time: 0.153
I 06.17/07:15:21 solver.py:221 ] Epoch: [67/400][320/391] lr: 1.98e-04 | MSE loss: 1.4978e-05 | time: 0.153
I 06.17/07:15:24 solver.py:221 ] Epoch: [67/400][340/391] lr: 1.98e-04 | MSE loss: 1.5149e-05 | time: 0.153
I 06.17/07:15:27 solver.py:221 ] Epoch: [67/400][360/391] lr: 1.98e-04 | MSE loss: 1.5013e-05 | time: 0.153
I 06.17/07:15:30 solver.py:221 ] Epoch: [67/400][380/391] lr: 1.98e-04 | MSE loss: 1.4886e-05 | time: 0.153
I 06.17/07:15:32 solver.py:243 ] => Train  Loss: 1.4811e-05

I 06.17/07:15:32 solver.py:337 ] 
=! Best NMSE: -1.3346e+01 (epoch=60)

I 06.17/07:15:35 solver.py:221 ] Epoch: [68/400][20/391] lr: 1.98e-04 | MSE loss: 1.1889e-05 | time: 0.128
I 06.17/07:15:38 solver.py:221 ] Epoch: [68/400][40/391] lr: 1.98e-04 | MSE loss: 1.3265e-05 | time: 0.135
I 06.17/07:15:41 solver.py:221 ] Epoch: [68/400][60/391] lr: 1.98e-04 | MSE loss: 1.3033e-05 | time: 0.140
I 06.17/07:15:44 solver.py:221 ] Epoch: [68/400][80/391] lr: 1.98e-04 | MSE loss: 1.2780e-05 | time: 0.143
I 06.17/07:15:47 solver.py:221 ] Epoch: [68/400][100/391] lr: 1.98e-04 | MSE loss: 1.3150e-05 | time: 0.147
I 06.17/07:15:50 solver.py:221 ] Epoch: [68/400][120/391] lr: 1.98e-04 | MSE loss: 1.3145e-05 | time: 0.148
I 06.17/07:15:53 solver.py:221 ] Epoch: [68/400][140/391] lr: 1.98e-04 | MSE loss: 1.3145e-05 | time: 0.149
I 06.17/07:15:56 solver.py:221 ] Epoch: [68/400][160/391] lr: 1.98e-04 | MSE loss: 1.3158e-05 | time: 0.148
I 06.17/07:15:59 solver.py:221 ] Epoch: [68/400][180/391] lr: 1.98e-04 | MSE loss: 1.3114e-05 | time: 0.149
I 06.17/07:16:02 solver.py:221 ] Epoch: [68/400][200/391] lr: 1.98e-04 | MSE loss: 1.3100e-05 | time: 0.149
I 06.17/07:16:07 solver.py:221 ] Epoch: [68/400][220/391] lr: 1.98e-04 | MSE loss: 1.3400e-05 | time: 0.154
I 06.17/07:16:09 solver.py:221 ] Epoch: [68/400][240/391] lr: 1.98e-04 | MSE loss: 1.3677e-05 | time: 0.154
I 06.17/07:16:13 solver.py:221 ] Epoch: [68/400][260/391] lr: 1.98e-04 | MSE loss: 1.3569e-05 | time: 0.154
I 06.17/07:16:16 solver.py:221 ] Epoch: [68/400][280/391] lr: 1.98e-04 | MSE loss: 1.3471e-05 | time: 0.154
I 06.17/07:16:19 solver.py:221 ] Epoch: [68/400][300/391] lr: 1.98e-04 | MSE loss: 1.3435e-05 | time: 0.153
I 06.17/07:16:22 solver.py:221 ] Epoch: [68/400][320/391] lr: 1.98e-04 | MSE loss: 1.3479e-05 | time: 0.154
I 06.17/07:16:26 solver.py:221 ] Epoch: [68/400][340/391] lr: 1.98e-04 | MSE loss: 1.3442e-05 | time: 0.156
I 06.17/07:16:28 solver.py:221 ] Epoch: [68/400][360/391] lr: 1.98e-04 | MSE loss: 1.3483e-05 | time: 0.155
I 06.17/07:16:31 solver.py:221 ] Epoch: [68/400][380/391] lr: 1.98e-04 | MSE loss: 1.3483e-05 | time: 0.155
I 06.17/07:16:33 solver.py:243 ] => Train  Loss: 1.3442e-05

I 06.17/07:16:33 solver.py:337 ] 
=! Best NMSE: -1.3346e+01 (epoch=60)

I 06.17/07:16:36 solver.py:221 ] Epoch: [69/400][20/391] lr: 1.98e-04 | MSE loss: 1.3718e-05 | time: 0.135
I 06.17/07:16:39 solver.py:221 ] Epoch: [69/400][40/391] lr: 1.98e-04 | MSE loss: 1.5182e-05 | time: 0.141
I 06.17/07:16:42 solver.py:221 ] Epoch: [69/400][60/391] lr: 1.98e-04 | MSE loss: 1.4106e-05 | time: 0.143
I 06.17/07:16:45 solver.py:221 ] Epoch: [69/400][80/391] lr: 1.98e-04 | MSE loss: 1.3567e-05 | time: 0.146
I 06.17/07:16:49 solver.py:221 ] Epoch: [69/400][100/391] lr: 1.98e-04 | MSE loss: 1.3575e-05 | time: 0.150
I 06.17/07:16:52 solver.py:221 ] Epoch: [69/400][120/391] lr: 1.98e-04 | MSE loss: 1.3526e-05 | time: 0.151
I 06.17/07:16:55 solver.py:221 ] Epoch: [69/400][140/391] lr: 1.98e-04 | MSE loss: 1.3384e-05 | time: 0.151
I 06.17/07:16:58 solver.py:221 ] Epoch: [69/400][160/391] lr: 1.98e-04 | MSE loss: 1.3351e-05 | time: 0.150
I 06.17/07:17:01 solver.py:221 ] Epoch: [69/400][180/391] lr: 1.98e-04 | MSE loss: 1.3962e-05 | time: 0.150
I 06.17/07:17:05 solver.py:221 ] Epoch: [69/400][200/391] lr: 1.98e-04 | MSE loss: 1.3809e-05 | time: 0.158
I 06.17/07:17:08 solver.py:221 ] Epoch: [69/400][220/391] lr: 1.98e-04 | MSE loss: 1.3621e-05 | time: 0.155
I 06.17/07:17:11 solver.py:221 ] Epoch: [69/400][240/391] lr: 1.98e-04 | MSE loss: 1.3525e-05 | time: 0.154
I 06.17/07:17:13 solver.py:221 ] Epoch: [69/400][260/391] lr: 1.98e-04 | MSE loss: 1.3391e-05 | time: 0.153
I 06.17/07:17:16 solver.py:221 ] Epoch: [69/400][280/391] lr: 1.98e-04 | MSE loss: 1.3385e-05 | time: 0.152
I 06.17/07:17:19 solver.py:221 ] Epoch: [69/400][300/391] lr: 1.98e-04 | MSE loss: 1.3426e-05 | time: 0.152
I 06.17/07:17:22 solver.py:221 ] Epoch: [69/400][320/391] lr: 1.98e-04 | MSE loss: 1.3466e-05 | time: 0.151
I 06.17/07:17:24 solver.py:221 ] Epoch: [69/400][340/391] lr: 1.98e-04 | MSE loss: 1.3357e-05 | time: 0.150
I 06.17/07:17:27 solver.py:221 ] Epoch: [69/400][360/391] lr: 1.98e-04 | MSE loss: 1.3427e-05 | time: 0.150
I 06.17/07:17:30 solver.py:221 ] Epoch: [69/400][380/391] lr: 1.98e-04 | MSE loss: 1.3359e-05 | time: 0.149
I 06.17/07:17:32 solver.py:243 ] => Train  Loss: 1.3335e-05

I 06.17/07:17:32 solver.py:337 ] 
=! Best NMSE: -1.3346e+01 (epoch=60)

I 06.17/07:17:35 solver.py:221 ] Epoch: [70/400][20/391] lr: 1.98e-04 | MSE loss: 1.5081e-05 | time: 0.129
I 06.17/07:17:38 solver.py:221 ] Epoch: [70/400][40/391] lr: 1.98e-04 | MSE loss: 1.3617e-05 | time: 0.142
I 06.17/07:17:41 solver.py:221 ] Epoch: [70/400][60/391] lr: 1.98e-04 | MSE loss: 1.3574e-05 | time: 0.144
I 06.17/07:17:44 solver.py:221 ] Epoch: [70/400][80/391] lr: 1.98e-04 | MSE loss: 1.3260e-05 | time: 0.145
I 06.17/07:17:47 solver.py:221 ] Epoch: [70/400][100/391] lr: 1.98e-04 | MSE loss: 1.3319e-05 | time: 0.146
I 06.17/07:17:50 solver.py:221 ] Epoch: [70/400][120/391] lr: 1.98e-04 | MSE loss: 1.3128e-05 | time: 0.147
I 06.17/07:17:53 solver.py:221 ] Epoch: [70/400][140/391] lr: 1.98e-04 | MSE loss: 1.3516e-05 | time: 0.148
I 06.17/07:17:56 solver.py:221 ] Epoch: [70/400][160/391] lr: 1.98e-04 | MSE loss: 1.3277e-05 | time: 0.149
I 06.17/07:17:59 solver.py:221 ] Epoch: [70/400][180/391] lr: 1.98e-04 | MSE loss: 1.3129e-05 | time: 0.149
I 06.17/07:18:04 solver.py:221 ] Epoch: [70/400][200/391] lr: 1.98e-04 | MSE loss: 1.3148e-05 | time: 0.159
I 06.17/07:18:08 solver.py:221 ] Epoch: [70/400][220/391] lr: 1.98e-04 | MSE loss: 1.3032e-05 | time: 0.160
I 06.17/07:18:10 solver.py:221 ] Epoch: [70/400][240/391] lr: 1.98e-04 | MSE loss: 1.2935e-05 | time: 0.157
I 06.17/07:18:13 solver.py:221 ] Epoch: [70/400][260/391] lr: 1.98e-04 | MSE loss: 1.2951e-05 | time: 0.157
I 06.17/07:18:16 solver.py:221 ] Epoch: [70/400][280/391] lr: 1.97e-04 | MSE loss: 1.2877e-05 | time: 0.156
I 06.17/07:18:19 solver.py:221 ] Epoch: [70/400][300/391] lr: 1.97e-04 | MSE loss: 1.3093e-05 | time: 0.154
I 06.17/07:18:22 solver.py:221 ] Epoch: [70/400][320/391] lr: 1.97e-04 | MSE loss: 1.3068e-05 | time: 0.153
I 06.17/07:18:24 solver.py:221 ] Epoch: [70/400][340/391] lr: 1.97e-04 | MSE loss: 1.2983e-05 | time: 0.153
I 06.17/07:18:27 solver.py:221 ] Epoch: [70/400][360/391] lr: 1.97e-04 | MSE loss: 1.2962e-05 | time: 0.152
I 06.17/07:18:30 solver.py:221 ] Epoch: [70/400][380/391] lr: 1.97e-04 | MSE loss: 1.2887e-05 | time: 0.151
I 06.17/07:18:32 solver.py:243 ] => Train  Loss: 1.2848e-05

I 06.17/07:18:33 solver.py:221 ] Epoch: [70/400][20/118] lr: 1.97e-04 | MSE loss: 1.5109e-05 | time: 0.064
I 06.17/07:18:35 solver.py:221 ] Epoch: [70/400][40/118] lr: 1.97e-04 | MSE loss: 1.4965e-05 | time: 0.068
I 06.17/07:18:36 solver.py:221 ] Epoch: [70/400][60/118] lr: 1.97e-04 | MSE loss: 1.5052e-05 | time: 0.069
I 06.17/07:18:37 solver.py:221 ] Epoch: [70/400][80/118] lr: 1.97e-04 | MSE loss: 1.5048e-05 | time: 0.070
I 06.17/07:18:39 solver.py:221 ] Epoch: [70/400][100/118] lr: 1.97e-04 | MSE loss: 1.5013e-05 | time: 0.069
I 06.17/07:18:40 solver.py:243 ] => Val  Loss: 1.5059e-05

I 06.17/07:18:41 solver.py:471 ] [20/79] loss: 1.5094e-05 | NMSE: -1.4765e+01 | time: 0.056
I 06.17/07:18:43 solver.py:471 ] [40/79] loss: 1.5108e-05 | NMSE: -1.4763e+01 | time: 0.070
I 06.17/07:18:45 solver.py:471 ] [60/79] loss: 1.5084e-05 | NMSE: -1.4760e+01 | time: 0.074
I 06.17/07:18:46 solver.py:476 ] => Test NMSE: -1.4770e+01

I 06.17/07:18:46 solver.py:337 ] 
=! Best NMSE: -1.4770e+01 (epoch=70)

I 06.17/07:18:50 solver.py:221 ] Epoch: [71/400][20/391] lr: 1.97e-04 | MSE loss: 1.9409e-05 | time: 0.175
I 06.17/07:18:53 solver.py:221 ] Epoch: [71/400][40/391] lr: 1.97e-04 | MSE loss: 1.5301e-05 | time: 0.163
I 06.17/07:18:56 solver.py:221 ] Epoch: [71/400][60/391] lr: 1.97e-04 | MSE loss: 1.4080e-05 | time: 0.157
I 06.17/07:18:59 solver.py:221 ] Epoch: [71/400][80/391] lr: 1.97e-04 | MSE loss: 1.3335e-05 | time: 0.155
I 06.17/07:19:02 solver.py:221 ] Epoch: [71/400][100/391] lr: 1.97e-04 | MSE loss: 1.3667e-05 | time: 0.160
I 06.17/07:19:06 solver.py:221 ] Epoch: [71/400][120/391] lr: 1.97e-04 | MSE loss: 1.3527e-05 | time: 0.162
I 06.17/07:19:09 solver.py:221 ] Epoch: [71/400][140/391] lr: 1.97e-04 | MSE loss: 1.3143e-05 | time: 0.161
I 06.17/07:19:12 solver.py:221 ] Epoch: [71/400][160/391] lr: 1.97e-04 | MSE loss: 1.3108e-05 | time: 0.159
I 06.17/07:19:15 solver.py:221 ] Epoch: [71/400][180/391] lr: 1.97e-04 | MSE loss: 1.2900e-05 | time: 0.157
I 06.17/07:19:18 solver.py:221 ] Epoch: [71/400][200/391] lr: 1.97e-04 | MSE loss: 1.2773e-05 | time: 0.156
I 06.17/07:19:21 solver.py:221 ] Epoch: [71/400][220/391] lr: 1.97e-04 | MSE loss: 1.3097e-05 | time: 0.155
I 06.17/07:19:24 solver.py:221 ] Epoch: [71/400][240/391] lr: 1.97e-04 | MSE loss: 1.2980e-05 | time: 0.155
I 06.17/07:19:27 solver.py:221 ] Epoch: [71/400][260/391] lr: 1.97e-04 | MSE loss: 1.2835e-05 | time: 0.156
I 06.17/07:19:30 solver.py:221 ] Epoch: [71/400][280/391] lr: 1.97e-04 | MSE loss: 1.2785e-05 | time: 0.155
I 06.17/07:19:33 solver.py:221 ] Epoch: [71/400][300/391] lr: 1.97e-04 | MSE loss: 1.2975e-05 | time: 0.155
I 06.17/07:19:36 solver.py:221 ] Epoch: [71/400][320/391] lr: 1.97e-04 | MSE loss: 1.2850e-05 | time: 0.154
I 06.17/07:19:39 solver.py:221 ] Epoch: [71/400][340/391] lr: 1.97e-04 | MSE loss: 1.2760e-05 | time: 0.154
I 06.17/07:19:42 solver.py:221 ] Epoch: [71/400][360/391] lr: 1.97e-04 | MSE loss: 1.2697e-05 | time: 0.154
I 06.17/07:19:45 solver.py:221 ] Epoch: [71/400][380/391] lr: 1.97e-04 | MSE loss: 1.2708e-05 | time: 0.154
I 06.17/07:19:46 solver.py:243 ] => Train  Loss: 1.2670e-05

I 06.17/07:19:47 solver.py:337 ] 
=! Best NMSE: -1.4770e+01 (epoch=70)

I 06.17/07:19:50 solver.py:221 ] Epoch: [72/400][20/391] lr: 1.97e-04 | MSE loss: 1.3435e-05 | time: 0.133
I 06.17/07:19:52 solver.py:221 ] Epoch: [72/400][40/391] lr: 1.97e-04 | MSE loss: 1.2824e-05 | time: 0.138
I 06.17/07:19:55 solver.py:221 ] Epoch: [72/400][60/391] lr: 1.97e-04 | MSE loss: 1.2679e-05 | time: 0.143
I 06.17/07:19:58 solver.py:221 ] Epoch: [72/400][80/391] lr: 1.97e-04 | MSE loss: 1.2328e-05 | time: 0.144
I 06.17/07:20:01 solver.py:221 ] Epoch: [72/400][100/391] lr: 1.97e-04 | MSE loss: 1.2076e-05 | time: 0.147
I 06.17/07:20:06 solver.py:221 ] Epoch: [72/400][120/391] lr: 1.97e-04 | MSE loss: 1.2674e-05 | time: 0.157
I 06.17/07:20:09 solver.py:221 ] Epoch: [72/400][140/391] lr: 1.97e-04 | MSE loss: 1.2640e-05 | time: 0.155
I 06.17/07:20:12 solver.py:221 ] Epoch: [72/400][160/391] lr: 1.97e-04 | MSE loss: 1.2474e-05 | time: 0.154
I 06.17/07:20:15 solver.py:221 ] Epoch: [72/400][180/391] lr: 1.97e-04 | MSE loss: 1.2357e-05 | time: 0.154
I 06.17/07:20:18 solver.py:221 ] Epoch: [72/400][200/391] lr: 1.97e-04 | MSE loss: 1.2251e-05 | time: 0.154
I 06.17/07:20:21 solver.py:221 ] Epoch: [72/400][220/391] lr: 1.97e-04 | MSE loss: 1.2147e-05 | time: 0.156
I 06.17/07:20:24 solver.py:221 ] Epoch: [72/400][240/391] lr: 1.97e-04 | MSE loss: 1.2388e-05 | time: 0.155
I 06.17/07:20:27 solver.py:221 ] Epoch: [72/400][260/391] lr: 1.97e-04 | MSE loss: 1.2359e-05 | time: 0.154
I 06.17/07:20:30 solver.py:221 ] Epoch: [72/400][280/391] lr: 1.97e-04 | MSE loss: 1.2242e-05 | time: 0.154
I 06.17/07:20:33 solver.py:221 ] Epoch: [72/400][300/391] lr: 1.97e-04 | MSE loss: 1.2167e-05 | time: 0.154
I 06.17/07:20:36 solver.py:221 ] Epoch: [72/400][320/391] lr: 1.97e-04 | MSE loss: 1.2217e-05 | time: 0.153
I 06.17/07:20:39 solver.py:221 ] Epoch: [72/400][340/391] lr: 1.97e-04 | MSE loss: 1.2301e-05 | time: 0.153
I 06.17/07:20:42 solver.py:221 ] Epoch: [72/400][360/391] lr: 1.97e-04 | MSE loss: 1.2264e-05 | time: 0.153
I 06.17/07:20:45 solver.py:221 ] Epoch: [72/400][380/391] lr: 1.97e-04 | MSE loss: 1.2215e-05 | time: 0.153
I 06.17/07:20:47 solver.py:243 ] => Train  Loss: 1.2199e-05

I 06.17/07:20:47 solver.py:337 ] 
=! Best NMSE: -1.4770e+01 (epoch=70)

I 06.17/07:20:50 solver.py:221 ] Epoch: [73/400][20/391] lr: 1.97e-04 | MSE loss: 1.2232e-05 | time: 0.139
I 06.17/07:20:53 solver.py:221 ] Epoch: [73/400][40/391] lr: 1.97e-04 | MSE loss: 1.2288e-05 | time: 0.150
I 06.17/07:20:56 solver.py:221 ] Epoch: [73/400][60/391] lr: 1.97e-04 | MSE loss: 1.1808e-05 | time: 0.151
I 06.17/07:20:59 solver.py:221 ] Epoch: [73/400][80/391] lr: 1.97e-04 | MSE loss: 1.1874e-05 | time: 0.151
I 06.17/07:21:02 solver.py:221 ] Epoch: [73/400][100/391] lr: 1.97e-04 | MSE loss: 1.2632e-05 | time: 0.153
I 06.17/07:21:06 solver.py:221 ] Epoch: [73/400][120/391] lr: 1.97e-04 | MSE loss: 1.2483e-05 | time: 0.158
I 06.17/07:21:09 solver.py:221 ] Epoch: [73/400][140/391] lr: 1.97e-04 | MSE loss: 1.2414e-05 | time: 0.157
I 06.17/07:21:12 solver.py:221 ] Epoch: [73/400][160/391] lr: 1.97e-04 | MSE loss: 1.2222e-05 | time: 0.156
I 06.17/07:21:15 solver.py:221 ] Epoch: [73/400][180/391] lr: 1.97e-04 | MSE loss: 1.2075e-05 | time: 0.154
I 06.17/07:21:18 solver.py:221 ] Epoch: [73/400][200/391] lr: 1.97e-04 | MSE loss: 1.1996e-05 | time: 0.154
I 06.17/07:21:21 solver.py:221 ] Epoch: [73/400][220/391] lr: 1.97e-04 | MSE loss: 1.1993e-05 | time: 0.155
I 06.17/07:21:24 solver.py:221 ] Epoch: [73/400][240/391] lr: 1.97e-04 | MSE loss: 1.2031e-05 | time: 0.154
I 06.17/07:21:27 solver.py:221 ] Epoch: [73/400][260/391] lr: 1.97e-04 | MSE loss: 1.1980e-05 | time: 0.154
I 06.17/07:21:30 solver.py:221 ] Epoch: [73/400][280/391] lr: 1.97e-04 | MSE loss: 1.1934e-05 | time: 0.153
I 06.17/07:21:33 solver.py:221 ] Epoch: [73/400][300/391] lr: 1.97e-04 | MSE loss: 1.1929e-05 | time: 0.153
I 06.17/07:21:36 solver.py:221 ] Epoch: [73/400][320/391] lr: 1.97e-04 | MSE loss: 1.1911e-05 | time: 0.152
I 06.17/07:21:39 solver.py:221 ] Epoch: [73/400][340/391] lr: 1.97e-04 | MSE loss: 1.1962e-05 | time: 0.152
I 06.17/07:21:42 solver.py:221 ] Epoch: [73/400][360/391] lr: 1.97e-04 | MSE loss: 1.1858e-05 | time: 0.152
I 06.17/07:21:45 solver.py:221 ] Epoch: [73/400][380/391] lr: 1.97e-04 | MSE loss: 1.1842e-05 | time: 0.152
I 06.17/07:21:47 solver.py:243 ] => Train  Loss: 1.1813e-05

I 06.17/07:21:47 solver.py:337 ] 
=! Best NMSE: -1.4770e+01 (epoch=70)

I 06.17/07:21:50 solver.py:221 ] Epoch: [74/400][20/391] lr: 1.97e-04 | MSE loss: 1.6932e-05 | time: 0.139
I 06.17/07:21:53 solver.py:221 ] Epoch: [74/400][40/391] lr: 1.97e-04 | MSE loss: 1.4273e-05 | time: 0.151
I 06.17/07:21:56 solver.py:221 ] Epoch: [74/400][60/391] lr: 1.97e-04 | MSE loss: 1.2877e-05 | time: 0.156
I 06.17/07:21:59 solver.py:221 ] Epoch: [74/400][80/391] lr: 1.97e-04 | MSE loss: 1.2239e-05 | time: 0.153
I 06.17/07:22:03 solver.py:221 ] Epoch: [74/400][100/391] lr: 1.97e-04 | MSE loss: 1.1785e-05 | time: 0.159
I 06.17/07:22:06 solver.py:221 ] Epoch: [74/400][120/391] lr: 1.97e-04 | MSE loss: 1.1535e-05 | time: 0.158
I 06.17/07:22:09 solver.py:221 ] Epoch: [74/400][140/391] lr: 1.97e-04 | MSE loss: 1.1970e-05 | time: 0.158
I 06.17/07:22:12 solver.py:221 ] Epoch: [74/400][160/391] lr: 1.97e-04 | MSE loss: 1.1940e-05 | time: 0.158
I 06.17/07:22:15 solver.py:221 ] Epoch: [74/400][180/391] lr: 1.97e-04 | MSE loss: 1.1778e-05 | time: 0.157
I 06.17/07:22:18 solver.py:221 ] Epoch: [74/400][200/391] lr: 1.97e-04 | MSE loss: 1.1647e-05 | time: 0.156
I 06.17/07:22:21 solver.py:221 ] Epoch: [74/400][220/391] lr: 1.97e-04 | MSE loss: 1.1562e-05 | time: 0.155
I 06.17/07:22:24 solver.py:221 ] Epoch: [74/400][240/391] lr: 1.97e-04 | MSE loss: 1.1880e-05 | time: 0.154
I 06.17/07:22:27 solver.py:221 ] Epoch: [74/400][260/391] lr: 1.97e-04 | MSE loss: 1.1873e-05 | time: 0.154
I 06.17/07:22:30 solver.py:221 ] Epoch: [74/400][280/391] lr: 1.97e-04 | MSE loss: 1.2129e-05 | time: 0.154
I 06.17/07:22:33 solver.py:221 ] Epoch: [74/400][300/391] lr: 1.97e-04 | MSE loss: 1.2011e-05 | time: 0.154
I 06.17/07:22:36 solver.py:221 ] Epoch: [74/400][320/391] lr: 1.97e-04 | MSE loss: 1.1873e-05 | time: 0.154
I 06.17/07:22:39 solver.py:221 ] Epoch: [74/400][340/391] lr: 1.97e-04 | MSE loss: 1.1774e-05 | time: 0.154
I 06.17/07:22:42 solver.py:221 ] Epoch: [74/400][360/391] lr: 1.97e-04 | MSE loss: 1.1789e-05 | time: 0.153
I 06.17/07:22:45 solver.py:221 ] Epoch: [74/400][380/391] lr: 1.97e-04 | MSE loss: 1.1713e-05 | time: 0.153
I 06.17/07:22:47 solver.py:243 ] => Train  Loss: 1.1666e-05

I 06.17/07:22:47 solver.py:337 ] 
=! Best NMSE: -1.4770e+01 (epoch=70)

I 06.17/07:22:50 solver.py:221 ] Epoch: [75/400][20/391] lr: 1.97e-04 | MSE loss: 1.2152e-05 | time: 0.133
I 06.17/07:22:53 solver.py:221 ] Epoch: [75/400][40/391] lr: 1.97e-04 | MSE loss: 1.2054e-05 | time: 0.144
I 06.17/07:22:56 solver.py:221 ] Epoch: [75/400][60/391] lr: 1.97e-04 | MSE loss: 1.2359e-05 | time: 0.149
I 06.17/07:22:59 solver.py:221 ] Epoch: [75/400][80/391] lr: 1.97e-04 | MSE loss: 1.2059e-05 | time: 0.149
I 06.17/07:23:03 solver.py:221 ] Epoch: [75/400][100/391] lr: 1.97e-04 | MSE loss: 1.1749e-05 | time: 0.161
I 06.17/07:23:06 solver.py:221 ] Epoch: [75/400][120/391] lr: 1.97e-04 | MSE loss: 1.1679e-05 | time: 0.157
I 06.17/07:23:09 solver.py:221 ] Epoch: [75/400][140/391] lr: 1.97e-04 | MSE loss: 1.1589e-05 | time: 0.156
I 06.17/07:23:12 solver.py:221 ] Epoch: [75/400][160/391] lr: 1.97e-04 | MSE loss: 1.1494e-05 | time: 0.155
I 06.17/07:23:15 solver.py:221 ] Epoch: [75/400][180/391] lr: 1.97e-04 | MSE loss: 1.1372e-05 | time: 0.154
I 06.17/07:23:18 solver.py:221 ] Epoch: [75/400][200/391] lr: 1.97e-04 | MSE loss: 1.1585e-05 | time: 0.153
I 06.17/07:23:21 solver.py:221 ] Epoch: [75/400][220/391] lr: 1.97e-04 | MSE loss: 1.1457e-05 | time: 0.153
I 06.17/07:23:24 solver.py:221 ] Epoch: [75/400][240/391] lr: 1.97e-04 | MSE loss: 1.1437e-05 | time: 0.153
I 06.17/07:23:27 solver.py:221 ] Epoch: [75/400][260/391] lr: 1.97e-04 | MSE loss: 1.1307e-05 | time: 0.153
I 06.17/07:23:30 solver.py:221 ] Epoch: [75/400][280/391] lr: 1.97e-04 | MSE loss: 1.1176e-05 | time: 0.153
I 06.17/07:23:33 solver.py:221 ] Epoch: [75/400][300/391] lr: 1.97e-04 | MSE loss: 1.1474e-05 | time: 0.153
I 06.17/07:23:36 solver.py:221 ] Epoch: [75/400][320/391] lr: 1.97e-04 | MSE loss: 1.1651e-05 | time: 0.153
I 06.17/07:23:39 solver.py:221 ] Epoch: [75/400][340/391] lr: 1.97e-04 | MSE loss: 1.1603e-05 | time: 0.152
I 06.17/07:23:42 solver.py:221 ] Epoch: [75/400][360/391] lr: 1.97e-04 | MSE loss: 1.1512e-05 | time: 0.152
I 06.17/07:23:45 solver.py:221 ] Epoch: [75/400][380/391] lr: 1.97e-04 | MSE loss: 1.1398e-05 | time: 0.153
I 06.17/07:23:47 solver.py:243 ] => Train  Loss: 1.1339e-05

I 06.17/07:23:47 solver.py:337 ] 
=! Best NMSE: -1.4770e+01 (epoch=70)

I 06.17/07:23:50 solver.py:221 ] Epoch: [76/400][20/391] lr: 1.97e-04 | MSE loss: 1.0394e-05 | time: 0.138
I 06.17/07:23:53 solver.py:221 ] Epoch: [76/400][40/391] lr: 1.97e-04 | MSE loss: 1.2124e-05 | time: 0.147
I 06.17/07:23:56 solver.py:221 ] Epoch: [76/400][60/391] lr: 1.96e-04 | MSE loss: 1.1322e-05 | time: 0.149
I 06.17/07:24:00 solver.py:221 ] Epoch: [76/400][80/391] lr: 1.96e-04 | MSE loss: 1.0897e-05 | time: 0.153
I 06.17/07:24:04 solver.py:221 ] Epoch: [76/400][100/391] lr: 1.96e-04 | MSE loss: 1.0779e-05 | time: 0.166
I 06.17/07:24:07 solver.py:221 ] Epoch: [76/400][120/391] lr: 1.96e-04 | MSE loss: 1.1041e-05 | time: 0.161
I 06.17/07:24:10 solver.py:221 ] Epoch: [76/400][140/391] lr: 1.96e-04 | MSE loss: 1.1518e-05 | time: 0.160
I 06.17/07:24:13 solver.py:221 ] Epoch: [76/400][160/391] lr: 1.96e-04 | MSE loss: 1.1277e-05 | time: 0.159
I 06.17/07:24:16 solver.py:221 ] Epoch: [76/400][180/391] lr: 1.96e-04 | MSE loss: 1.1049e-05 | time: 0.157
I 06.17/07:24:19 solver.py:221 ] Epoch: [76/400][200/391] lr: 1.96e-04 | MSE loss: 1.0927e-05 | time: 0.156
I 06.17/07:24:22 solver.py:221 ] Epoch: [76/400][220/391] lr: 1.96e-04 | MSE loss: 1.1261e-05 | time: 0.155
I 06.17/07:24:25 solver.py:221 ] Epoch: [76/400][240/391] lr: 1.96e-04 | MSE loss: 1.1173e-05 | time: 0.156
I 06.17/07:24:28 solver.py:221 ] Epoch: [76/400][260/391] lr: 1.96e-04 | MSE loss: 1.1035e-05 | time: 0.156
I 06.17/07:24:31 solver.py:221 ] Epoch: [76/400][280/391] lr: 1.96e-04 | MSE loss: 1.0918e-05 | time: 0.156
I 06.17/07:24:34 solver.py:221 ] Epoch: [76/400][300/391] lr: 1.96e-04 | MSE loss: 1.1018e-05 | time: 0.155
I 06.17/07:24:37 solver.py:221 ] Epoch: [76/400][320/391] lr: 1.96e-04 | MSE loss: 1.0998e-05 | time: 0.154
I 06.17/07:24:40 solver.py:221 ] Epoch: [76/400][340/391] lr: 1.96e-04 | MSE loss: 1.0957e-05 | time: 0.154
I 06.17/07:24:43 solver.py:221 ] Epoch: [76/400][360/391] lr: 1.96e-04 | MSE loss: 1.0999e-05 | time: 0.154
I 06.17/07:24:46 solver.py:221 ] Epoch: [76/400][380/391] lr: 1.96e-04 | MSE loss: 1.0935e-05 | time: 0.153
I 06.17/07:24:47 solver.py:243 ] => Train  Loss: 1.0936e-05

I 06.17/07:24:47 solver.py:337 ] 
=! Best NMSE: -1.4770e+01 (epoch=70)

I 06.17/07:24:50 solver.py:221 ] Epoch: [77/400][20/391] lr: 1.96e-04 | MSE loss: 9.3752e-06 | time: 0.134
I 06.17/07:24:53 solver.py:221 ] Epoch: [77/400][40/391] lr: 1.96e-04 | MSE loss: 1.1057e-05 | time: 0.142
I 06.17/07:24:56 solver.py:221 ] Epoch: [77/400][60/391] lr: 1.96e-04 | MSE loss: 1.2853e-05 | time: 0.144
I 06.17/07:24:59 solver.py:221 ] Epoch: [77/400][80/391] lr: 1.96e-04 | MSE loss: 1.2082e-05 | time: 0.145
I 06.17/07:25:03 solver.py:221 ] Epoch: [77/400][100/391] lr: 1.96e-04 | MSE loss: 1.1597e-05 | time: 0.151
I 06.17/07:25:06 solver.py:221 ] Epoch: [77/400][120/391] lr: 1.96e-04 | MSE loss: 1.1284e-05 | time: 0.151
I 06.17/07:25:09 solver.py:221 ] Epoch: [77/400][140/391] lr: 1.96e-04 | MSE loss: 1.1020e-05 | time: 0.150
I 06.17/07:25:12 solver.py:221 ] Epoch: [77/400][160/391] lr: 1.96e-04 | MSE loss: 1.0914e-05 | time: 0.151
I 06.17/07:25:15 solver.py:221 ] Epoch: [77/400][180/391] lr: 1.96e-04 | MSE loss: 1.0838e-05 | time: 0.150
I 06.17/07:25:18 solver.py:221 ] Epoch: [77/400][200/391] lr: 1.96e-04 | MSE loss: 1.1159e-05 | time: 0.150
I 06.17/07:25:21 solver.py:221 ] Epoch: [77/400][220/391] lr: 1.96e-04 | MSE loss: 1.1124e-05 | time: 0.150
I 06.17/07:25:24 solver.py:221 ] Epoch: [77/400][240/391] lr: 1.96e-04 | MSE loss: 1.0973e-05 | time: 0.150
I 06.17/07:25:27 solver.py:221 ] Epoch: [77/400][260/391] lr: 1.96e-04 | MSE loss: 1.0872e-05 | time: 0.149
I 06.17/07:25:30 solver.py:221 ] Epoch: [77/400][280/391] lr: 1.96e-04 | MSE loss: 1.0818e-05 | time: 0.149
I 06.17/07:25:32 solver.py:221 ] Epoch: [77/400][300/391] lr: 1.96e-04 | MSE loss: 1.0864e-05 | time: 0.149
I 06.17/07:25:35 solver.py:221 ] Epoch: [77/400][320/391] lr: 1.96e-04 | MSE loss: 1.0912e-05 | time: 0.149
I 06.17/07:25:38 solver.py:221 ] Epoch: [77/400][340/391] lr: 1.96e-04 | MSE loss: 1.0823e-05 | time: 0.149
I 06.17/07:25:41 solver.py:221 ] Epoch: [77/400][360/391] lr: 1.96e-04 | MSE loss: 1.0754e-05 | time: 0.149
I 06.17/07:25:44 solver.py:221 ] Epoch: [77/400][380/391] lr: 1.96e-04 | MSE loss: 1.0811e-05 | time: 0.149
I 06.17/07:25:46 solver.py:243 ] => Train  Loss: 1.0763e-05

I 06.17/07:25:46 solver.py:337 ] 
=! Best NMSE: -1.4770e+01 (epoch=70)

I 06.17/07:25:49 solver.py:221 ] Epoch: [78/400][20/391] lr: 1.96e-04 | MSE loss: 1.0210e-05 | time: 0.136
I 06.17/07:25:52 solver.py:221 ] Epoch: [78/400][40/391] lr: 1.96e-04 | MSE loss: 1.0618e-05 | time: 0.142
I 06.17/07:25:55 solver.py:221 ] Epoch: [78/400][60/391] lr: 1.96e-04 | MSE loss: 1.0455e-05 | time: 0.144
I 06.17/07:25:58 solver.py:221 ] Epoch: [78/400][80/391] lr: 1.96e-04 | MSE loss: 1.1731e-05 | time: 0.147
I 06.17/07:26:01 solver.py:221 ] Epoch: [78/400][100/391] lr: 1.96e-04 | MSE loss: 1.1494e-05 | time: 0.149
I 06.17/07:26:05 solver.py:221 ] Epoch: [78/400][120/391] lr: 1.96e-04 | MSE loss: 1.1068e-05 | time: 0.158
I 06.17/07:26:08 solver.py:221 ] Epoch: [78/400][140/391] lr: 1.96e-04 | MSE loss: 1.0726e-05 | time: 0.155
I 06.17/07:26:11 solver.py:221 ] Epoch: [78/400][160/391] lr: 1.96e-04 | MSE loss: 1.1000e-05 | time: 0.155
I 06.17/07:26:14 solver.py:221 ] Epoch: [78/400][180/391] lr: 1.96e-04 | MSE loss: 1.0881e-05 | time: 0.154
I 06.17/07:26:17 solver.py:221 ] Epoch: [78/400][200/391] lr: 1.96e-04 | MSE loss: 1.0648e-05 | time: 0.153
I 06.17/07:26:20 solver.py:221 ] Epoch: [78/400][220/391] lr: 1.96e-04 | MSE loss: 1.0683e-05 | time: 0.152
I 06.17/07:26:23 solver.py:221 ] Epoch: [78/400][240/391] lr: 1.96e-04 | MSE loss: 1.0606e-05 | time: 0.152
I 06.17/07:26:26 solver.py:221 ] Epoch: [78/400][260/391] lr: 1.96e-04 | MSE loss: 1.0482e-05 | time: 0.152
I 06.17/07:26:29 solver.py:221 ] Epoch: [78/400][280/391] lr: 1.96e-04 | MSE loss: 1.0630e-05 | time: 0.152
I 06.17/07:26:32 solver.py:221 ] Epoch: [78/400][300/391] lr: 1.96e-04 | MSE loss: 1.0884e-05 | time: 0.152
I 06.17/07:26:35 solver.py:221 ] Epoch: [78/400][320/391] lr: 1.96e-04 | MSE loss: 1.0772e-05 | time: 0.153
I 06.17/07:26:38 solver.py:221 ] Epoch: [78/400][340/391] lr: 1.96e-04 | MSE loss: 1.0668e-05 | time: 0.153
I 06.17/07:26:41 solver.py:221 ] Epoch: [78/400][360/391] lr: 1.96e-04 | MSE loss: 1.0566e-05 | time: 0.153
I 06.17/07:26:44 solver.py:221 ] Epoch: [78/400][380/391] lr: 1.96e-04 | MSE loss: 1.0557e-05 | time: 0.152
I 06.17/07:26:46 solver.py:243 ] => Train  Loss: 1.0545e-05

I 06.17/07:26:46 solver.py:337 ] 
=! Best NMSE: -1.4770e+01 (epoch=70)

I 06.17/07:26:49 solver.py:221 ] Epoch: [79/400][20/391] lr: 1.96e-04 | MSE loss: 8.6757e-06 | time: 0.141
I 06.17/07:26:52 solver.py:221 ] Epoch: [79/400][40/391] lr: 1.96e-04 | MSE loss: 9.2070e-06 | time: 0.148
I 06.17/07:26:55 solver.py:221 ] Epoch: [79/400][60/391] lr: 1.96e-04 | MSE loss: 9.4502e-06 | time: 0.150
I 06.17/07:26:58 solver.py:221 ] Epoch: [79/400][80/391] lr: 1.96e-04 | MSE loss: 1.0505e-05 | time: 0.150
I 06.17/07:27:01 solver.py:221 ] Epoch: [79/400][100/391] lr: 1.96e-04 | MSE loss: 1.1045e-05 | time: 0.154
I 06.17/07:27:05 solver.py:221 ] Epoch: [79/400][120/391] lr: 1.96e-04 | MSE loss: 1.0807e-05 | time: 0.157
I 06.17/07:27:08 solver.py:221 ] Epoch: [79/400][140/391] lr: 1.96e-04 | MSE loss: 1.0491e-05 | time: 0.155
I 06.17/07:27:11 solver.py:221 ] Epoch: [79/400][160/391] lr: 1.96e-04 | MSE loss: 1.0382e-05 | time: 0.155
I 06.17/07:27:14 solver.py:221 ] Epoch: [79/400][180/391] lr: 1.96e-04 | MSE loss: 1.0263e-05 | time: 0.154
I 06.17/07:27:17 solver.py:221 ] Epoch: [79/400][200/391] lr: 1.96e-04 | MSE loss: 1.0183e-05 | time: 0.152
I 06.17/07:27:20 solver.py:221 ] Epoch: [79/400][220/391] lr: 1.96e-04 | MSE loss: 1.0117e-05 | time: 0.151
I 06.17/07:27:22 solver.py:221 ] Epoch: [79/400][240/391] lr: 1.96e-04 | MSE loss: 1.0278e-05 | time: 0.149
I 06.17/07:27:25 solver.py:221 ] Epoch: [79/400][260/391] lr: 1.96e-04 | MSE loss: 1.0265e-05 | time: 0.147
I 06.17/07:27:28 solver.py:221 ] Epoch: [79/400][280/391] lr: 1.96e-04 | MSE loss: 1.0123e-05 | time: 0.147
I 06.17/07:27:30 solver.py:221 ] Epoch: [79/400][300/391] lr: 1.96e-04 | MSE loss: 1.0025e-05 | time: 0.147
I 06.17/07:27:33 solver.py:221 ] Epoch: [79/400][320/391] lr: 1.96e-04 | MSE loss: 1.0180e-05 | time: 0.147
I 06.17/07:27:36 solver.py:221 ] Epoch: [79/400][340/391] lr: 1.96e-04 | MSE loss: 1.0084e-05 | time: 0.146
I 06.17/07:27:39 solver.py:221 ] Epoch: [79/400][360/391] lr: 1.96e-04 | MSE loss: 1.0021e-05 | time: 0.147
I 06.17/07:27:42 solver.py:221 ] Epoch: [79/400][380/391] lr: 1.96e-04 | MSE loss: 1.0284e-05 | time: 0.147
I 06.17/07:27:44 solver.py:243 ] => Train  Loss: 1.0332e-05

I 06.17/07:27:44 solver.py:337 ] 
=! Best NMSE: -1.4770e+01 (epoch=70)

I 06.17/07:27:47 solver.py:221 ] Epoch: [80/400][20/391] lr: 1.96e-04 | MSE loss: 8.7183e-06 | time: 0.136
I 06.17/07:27:50 solver.py:221 ] Epoch: [80/400][40/391] lr: 1.96e-04 | MSE loss: 8.7020e-06 | time: 0.141
I 06.17/07:27:53 solver.py:221 ] Epoch: [80/400][60/391] lr: 1.96e-04 | MSE loss: 8.7427e-06 | time: 0.143
I 06.17/07:27:56 solver.py:221 ] Epoch: [80/400][80/391] lr: 1.96e-04 | MSE loss: 9.4163e-06 | time: 0.148
I 06.17/07:28:00 solver.py:221 ] Epoch: [80/400][100/391] lr: 1.96e-04 | MSE loss: 9.3906e-06 | time: 0.151
I 06.17/07:28:03 solver.py:221 ] Epoch: [80/400][120/391] lr: 1.96e-04 | MSE loss: 9.5013e-06 | time: 0.160
I 06.17/07:28:07 solver.py:221 ] Epoch: [80/400][140/391] lr: 1.96e-04 | MSE loss: 9.5280e-06 | time: 0.158
I 06.17/07:28:10 solver.py:221 ] Epoch: [80/400][160/391] lr: 1.96e-04 | MSE loss: 9.4510e-06 | time: 0.157
I 06.17/07:28:13 solver.py:221 ] Epoch: [80/400][180/391] lr: 1.96e-04 | MSE loss: 9.3267e-06 | time: 0.156
I 06.17/07:28:15 solver.py:221 ] Epoch: [80/400][200/391] lr: 1.96e-04 | MSE loss: 9.7908e-06 | time: 0.155
I 06.17/07:28:18 solver.py:221 ] Epoch: [80/400][220/391] lr: 1.96e-04 | MSE loss: 9.7504e-06 | time: 0.154
I 06.17/07:28:21 solver.py:221 ] Epoch: [80/400][240/391] lr: 1.96e-04 | MSE loss: 9.6458e-06 | time: 0.151
I 06.17/07:28:23 solver.py:221 ] Epoch: [80/400][260/391] lr: 1.96e-04 | MSE loss: 9.5834e-06 | time: 0.150
I 06.17/07:28:26 solver.py:221 ] Epoch: [80/400][280/391] lr: 1.96e-04 | MSE loss: 9.5757e-06 | time: 0.149
I 06.17/07:28:29 solver.py:221 ] Epoch: [80/400][300/391] lr: 1.96e-04 | MSE loss: 9.7988e-06 | time: 0.149
I 06.17/07:28:32 solver.py:221 ] Epoch: [80/400][320/391] lr: 1.96e-04 | MSE loss: 9.8370e-06 | time: 0.148
I 06.17/07:28:34 solver.py:221 ] Epoch: [80/400][340/391] lr: 1.96e-04 | MSE loss: 9.7818e-06 | time: 0.147
I 06.17/07:28:37 solver.py:221 ] Epoch: [80/400][360/391] lr: 1.95e-04 | MSE loss: 9.7562e-06 | time: 0.147
I 06.17/07:28:40 solver.py:221 ] Epoch: [80/400][380/391] lr: 1.95e-04 | MSE loss: 9.8048e-06 | time: 0.147
I 06.17/07:28:42 solver.py:243 ] => Train  Loss: 9.7684e-06

I 06.17/07:28:43 solver.py:221 ] Epoch: [80/400][20/118] lr: 1.95e-04 | MSE loss: 8.5899e-06 | time: 0.049
I 06.17/07:28:44 solver.py:221 ] Epoch: [80/400][40/118] lr: 1.95e-04 | MSE loss: 8.4988e-06 | time: 0.051
I 06.17/07:28:45 solver.py:221 ] Epoch: [80/400][60/118] lr: 1.95e-04 | MSE loss: 8.5562e-06 | time: 0.056
I 06.17/07:28:46 solver.py:221 ] Epoch: [80/400][80/118] lr: 1.95e-04 | MSE loss: 8.5597e-06 | time: 0.054
I 06.17/07:28:47 solver.py:221 ] Epoch: [80/400][100/118] lr: 1.95e-04 | MSE loss: 8.5336e-06 | time: 0.054
I 06.17/07:28:48 solver.py:243 ] => Val  Loss: 8.5685e-06

I 06.17/07:28:50 solver.py:471 ] [20/79] loss: 8.5903e-06 | NMSE: -1.7212e+01 | time: 0.059
I 06.17/07:28:51 solver.py:471 ] [40/79] loss: 8.5977e-06 | NMSE: -1.7211e+01 | time: 0.072
I 06.17/07:28:53 solver.py:471 ] [60/79] loss: 8.6027e-06 | NMSE: -1.7198e+01 | time: 0.074
I 06.17/07:28:54 solver.py:476 ] => Test NMSE: -1.7214e+01

I 06.17/07:28:55 solver.py:337 ] 
=! Best NMSE: -1.7214e+01 (epoch=80)

I 06.17/07:28:59 solver.py:221 ] Epoch: [81/400][20/391] lr: 1.95e-04 | MSE loss: 8.5116e-06 | time: 0.182
I 06.17/07:29:02 solver.py:221 ] Epoch: [81/400][40/391] lr: 1.95e-04 | MSE loss: 8.4550e-06 | time: 0.192
I 06.17/07:29:06 solver.py:221 ] Epoch: [81/400][60/391] lr: 1.95e-04 | MSE loss: 1.0185e-05 | time: 0.180
I 06.17/07:29:09 solver.py:221 ] Epoch: [81/400][80/391] lr: 1.95e-04 | MSE loss: 1.0761e-05 | time: 0.170
I 06.17/07:29:12 solver.py:221 ] Epoch: [81/400][100/391] lr: 1.95e-04 | MSE loss: 1.0459e-05 | time: 0.166
I 06.17/07:29:15 solver.py:221 ] Epoch: [81/400][120/391] lr: 1.95e-04 | MSE loss: 1.0198e-05 | time: 0.163
I 06.17/07:29:17 solver.py:221 ] Epoch: [81/400][140/391] lr: 1.95e-04 | MSE loss: 9.9850e-06 | time: 0.160
I 06.17/07:29:20 solver.py:221 ] Epoch: [81/400][160/391] lr: 1.95e-04 | MSE loss: 9.7373e-06 | time: 0.158
I 06.17/07:29:23 solver.py:221 ] Epoch: [81/400][180/391] lr: 1.95e-04 | MSE loss: 9.6312e-06 | time: 0.157
I 06.17/07:29:26 solver.py:221 ] Epoch: [81/400][200/391] lr: 1.95e-04 | MSE loss: 9.7592e-06 | time: 0.156
I 06.17/07:29:29 solver.py:221 ] Epoch: [81/400][220/391] lr: 1.95e-04 | MSE loss: 9.6990e-06 | time: 0.155
I 06.17/07:29:32 solver.py:221 ] Epoch: [81/400][240/391] lr: 1.95e-04 | MSE loss: 9.5293e-06 | time: 0.155
I 06.17/07:29:35 solver.py:221 ] Epoch: [81/400][260/391] lr: 1.95e-04 | MSE loss: 9.6996e-06 | time: 0.154
I 06.17/07:29:38 solver.py:221 ] Epoch: [81/400][280/391] lr: 1.95e-04 | MSE loss: 9.8290e-06 | time: 0.154
I 06.17/07:29:41 solver.py:221 ] Epoch: [81/400][300/391] lr: 1.95e-04 | MSE loss: 9.7857e-06 | time: 0.154
I 06.17/07:29:44 solver.py:221 ] Epoch: [81/400][320/391] lr: 1.95e-04 | MSE loss: 9.8158e-06 | time: 0.154
I 06.17/07:29:48 solver.py:221 ] Epoch: [81/400][340/391] lr: 1.95e-04 | MSE loss: 9.8418e-06 | time: 0.154
I 06.17/07:29:51 solver.py:221 ] Epoch: [81/400][360/391] lr: 1.95e-04 | MSE loss: 9.8377e-06 | time: 0.155
I 06.17/07:29:54 solver.py:221 ] Epoch: [81/400][380/391] lr: 1.95e-04 | MSE loss: 9.7600e-06 | time: 0.155
I 06.17/07:29:55 solver.py:243 ] => Train  Loss: 9.7349e-06

I 06.17/07:29:56 solver.py:337 ] 
=! Best NMSE: -1.7214e+01 (epoch=80)

I 06.17/07:29:59 solver.py:221 ] Epoch: [82/400][20/391] lr: 1.95e-04 | MSE loss: 1.0675e-05 | time: 0.150
I 06.17/07:30:03 solver.py:221 ] Epoch: [82/400][40/391] lr: 1.95e-04 | MSE loss: 1.0148e-05 | time: 0.174
I 06.17/07:30:06 solver.py:221 ] Epoch: [82/400][60/391] lr: 1.95e-04 | MSE loss: 9.5274e-06 | time: 0.170
I 06.17/07:30:09 solver.py:221 ] Epoch: [82/400][80/391] lr: 1.95e-04 | MSE loss: 9.6580e-06 | time: 0.166
I 06.17/07:30:12 solver.py:221 ] Epoch: [82/400][100/391] lr: 1.95e-04 | MSE loss: 9.4651e-06 | time: 0.162
I 06.17/07:30:15 solver.py:221 ] Epoch: [82/400][120/391] lr: 1.95e-04 | MSE loss: 9.2673e-06 | time: 0.159
I 06.17/07:30:18 solver.py:221 ] Epoch: [82/400][140/391] lr: 1.95e-04 | MSE loss: 9.3348e-06 | time: 0.158
I 06.17/07:30:21 solver.py:221 ] Epoch: [82/400][160/391] lr: 1.95e-04 | MSE loss: 9.4771e-06 | time: 0.156
I 06.17/07:30:24 solver.py:221 ] Epoch: [82/400][180/391] lr: 1.95e-04 | MSE loss: 9.4826e-06 | time: 0.157
I 06.17/07:30:27 solver.py:221 ] Epoch: [82/400][200/391] lr: 1.95e-04 | MSE loss: 9.6778e-06 | time: 0.158
I 06.17/07:30:31 solver.py:221 ] Epoch: [82/400][220/391] lr: 1.95e-04 | MSE loss: 9.6573e-06 | time: 0.158
I 06.17/07:30:34 solver.py:221 ] Epoch: [82/400][240/391] lr: 1.95e-04 | MSE loss: 9.5310e-06 | time: 0.158
I 06.17/07:30:37 solver.py:221 ] Epoch: [82/400][260/391] lr: 1.95e-04 | MSE loss: 9.4962e-06 | time: 0.157
I 06.17/07:30:40 solver.py:221 ] Epoch: [82/400][280/391] lr: 1.95e-04 | MSE loss: 9.4483e-06 | time: 0.157
I 06.17/07:30:43 solver.py:221 ] Epoch: [82/400][300/391] lr: 1.95e-04 | MSE loss: 9.4504e-06 | time: 0.157
I 06.17/07:30:46 solver.py:221 ] Epoch: [82/400][320/391] lr: 1.95e-04 | MSE loss: 9.4622e-06 | time: 0.157
I 06.17/07:30:49 solver.py:221 ] Epoch: [82/400][340/391] lr: 1.95e-04 | MSE loss: 9.6489e-06 | time: 0.157
I 06.17/07:30:52 solver.py:221 ] Epoch: [82/400][360/391] lr: 1.95e-04 | MSE loss: 9.6138e-06 | time: 0.156
I 06.17/07:30:55 solver.py:221 ] Epoch: [82/400][380/391] lr: 1.95e-04 | MSE loss: 9.5735e-06 | time: 0.156
I 06.17/07:30:57 solver.py:243 ] => Train  Loss: 9.5436e-06

I 06.17/07:30:57 solver.py:337 ] 
=! Best NMSE: -1.7214e+01 (epoch=80)

I 06.17/07:31:00 solver.py:221 ] Epoch: [83/400][20/391] lr: 1.95e-04 | MSE loss: 8.9871e-06 | time: 0.159
I 06.17/07:31:04 solver.py:221 ] Epoch: [83/400][40/391] lr: 1.95e-04 | MSE loss: 8.8147e-06 | time: 0.176
I 06.17/07:31:07 solver.py:221 ] Epoch: [83/400][60/391] lr: 1.95e-04 | MSE loss: 8.6883e-06 | time: 0.159
I 06.17/07:31:10 solver.py:221 ] Epoch: [83/400][80/391] lr: 1.95e-04 | MSE loss: 9.6356e-06 | time: 0.157
I 06.17/07:31:13 solver.py:221 ] Epoch: [83/400][100/391] lr: 1.95e-04 | MSE loss: 9.9699e-06 | time: 0.155
I 06.17/07:31:16 solver.py:221 ] Epoch: [83/400][120/391] lr: 1.95e-04 | MSE loss: 9.7563e-06 | time: 0.154
I 06.17/07:31:19 solver.py:221 ] Epoch: [83/400][140/391] lr: 1.95e-04 | MSE loss: 9.4410e-06 | time: 0.154
I 06.17/07:31:22 solver.py:221 ] Epoch: [83/400][160/391] lr: 1.95e-04 | MSE loss: 9.4159e-06 | time: 0.153
I 06.17/07:31:25 solver.py:221 ] Epoch: [83/400][180/391] lr: 1.95e-04 | MSE loss: 9.4201e-06 | time: 0.153
I 06.17/07:31:28 solver.py:221 ] Epoch: [83/400][200/391] lr: 1.95e-04 | MSE loss: 9.2448e-06 | time: 0.155
I 06.17/07:31:31 solver.py:221 ] Epoch: [83/400][220/391] lr: 1.95e-04 | MSE loss: 9.4424e-06 | time: 0.154
I 06.17/07:31:34 solver.py:221 ] Epoch: [83/400][240/391] lr: 1.95e-04 | MSE loss: 9.4235e-06 | time: 0.153
I 06.17/07:31:37 solver.py:221 ] Epoch: [83/400][260/391] lr: 1.95e-04 | MSE loss: 9.2715e-06 | time: 0.152
I 06.17/07:31:40 solver.py:221 ] Epoch: [83/400][280/391] lr: 1.95e-04 | MSE loss: 9.4492e-06 | time: 0.152
I 06.17/07:31:43 solver.py:221 ] Epoch: [83/400][300/391] lr: 1.95e-04 | MSE loss: 9.4423e-06 | time: 0.152
I 06.17/07:31:46 solver.py:221 ] Epoch: [83/400][320/391] lr: 1.95e-04 | MSE loss: 9.3461e-06 | time: 0.151
I 06.17/07:31:49 solver.py:221 ] Epoch: [83/400][340/391] lr: 1.95e-04 | MSE loss: 9.3267e-06 | time: 0.151
I 06.17/07:31:52 solver.py:221 ] Epoch: [83/400][360/391] lr: 1.95e-04 | MSE loss: 9.3600e-06 | time: 0.151
I 06.17/07:31:55 solver.py:221 ] Epoch: [83/400][380/391] lr: 1.95e-04 | MSE loss: 9.2991e-06 | time: 0.153
I 06.17/07:31:57 solver.py:243 ] => Train  Loss: 9.2626e-06

I 06.17/07:31:57 solver.py:337 ] 
=! Best NMSE: -1.7214e+01 (epoch=80)

I 06.17/07:32:00 solver.py:221 ] Epoch: [84/400][20/391] lr: 1.95e-04 | MSE loss: 8.2390e-06 | time: 0.138
I 06.17/07:32:05 solver.py:221 ] Epoch: [84/400][40/391] lr: 1.95e-04 | MSE loss: 9.4295e-06 | time: 0.200
I 06.17/07:32:08 solver.py:221 ] Epoch: [84/400][60/391] lr: 1.95e-04 | MSE loss: 9.3704e-06 | time: 0.180
I 06.17/07:32:11 solver.py:221 ] Epoch: [84/400][80/391] lr: 1.95e-04 | MSE loss: 9.0010e-06 | time: 0.172
I 06.17/07:32:14 solver.py:221 ] Epoch: [84/400][100/391] lr: 1.95e-04 | MSE loss: 9.6121e-06 | time: 0.167
I 06.17/07:32:17 solver.py:221 ] Epoch: [84/400][120/391] lr: 1.95e-04 | MSE loss: 9.4338e-06 | time: 0.164
I 06.17/07:32:20 solver.py:221 ] Epoch: [84/400][140/391] lr: 1.95e-04 | MSE loss: 9.3480e-06 | time: 0.161
I 06.17/07:32:23 solver.py:221 ] Epoch: [84/400][160/391] lr: 1.95e-04 | MSE loss: 9.1611e-06 | time: 0.161
I 06.17/07:32:26 solver.py:221 ] Epoch: [84/400][180/391] lr: 1.95e-04 | MSE loss: 9.1020e-06 | time: 0.160
I 06.17/07:32:30 solver.py:221 ] Epoch: [84/400][200/391] lr: 1.95e-04 | MSE loss: 9.2778e-06 | time: 0.160
I 06.17/07:32:32 solver.py:221 ] Epoch: [84/400][220/391] lr: 1.95e-04 | MSE loss: 9.3496e-06 | time: 0.159
I 06.17/07:32:35 solver.py:221 ] Epoch: [84/400][240/391] lr: 1.95e-04 | MSE loss: 9.2626e-06 | time: 0.158
I 06.17/07:32:38 solver.py:221 ] Epoch: [84/400][260/391] lr: 1.95e-04 | MSE loss: 9.1386e-06 | time: 0.157
I 06.17/07:32:41 solver.py:221 ] Epoch: [84/400][280/391] lr: 1.95e-04 | MSE loss: 9.2232e-06 | time: 0.156
I 06.17/07:32:44 solver.py:221 ] Epoch: [84/400][300/391] lr: 1.95e-04 | MSE loss: 9.1942e-06 | time: 0.156
I 06.17/07:32:47 solver.py:221 ] Epoch: [84/400][320/391] lr: 1.95e-04 | MSE loss: 9.0948e-06 | time: 0.155
I 06.17/07:32:50 solver.py:221 ] Epoch: [84/400][340/391] lr: 1.95e-04 | MSE loss: 9.4503e-06 | time: 0.155
I 06.17/07:32:53 solver.py:221 ] Epoch: [84/400][360/391] lr: 1.95e-04 | MSE loss: 9.4076e-06 | time: 0.155
I 06.17/07:32:56 solver.py:221 ] Epoch: [84/400][380/391] lr: 1.95e-04 | MSE loss: 9.3224e-06 | time: 0.154
I 06.17/07:32:58 solver.py:243 ] => Train  Loss: 9.2604e-06

I 06.17/07:32:58 solver.py:337 ] 
=! Best NMSE: -1.7214e+01 (epoch=80)

I 06.17/07:33:01 solver.py:221 ] Epoch: [85/400][20/391] lr: 1.95e-04 | MSE loss: 8.5764e-06 | time: 0.135
I 06.17/07:33:05 solver.py:221 ] Epoch: [85/400][40/391] lr: 1.95e-04 | MSE loss: 9.4457e-06 | time: 0.175
I 06.17/07:33:08 solver.py:221 ] Epoch: [85/400][60/391] lr: 1.95e-04 | MSE loss: 8.9995e-06 | time: 0.162
I 06.17/07:33:11 solver.py:221 ] Epoch: [85/400][80/391] lr: 1.94e-04 | MSE loss: 8.6276e-06 | time: 0.160
I 06.17/07:33:14 solver.py:221 ] Epoch: [85/400][100/391] lr: 1.94e-04 | MSE loss: 8.3810e-06 | time: 0.157
I 06.17/07:33:17 solver.py:221 ] Epoch: [85/400][120/391] lr: 1.94e-04 | MSE loss: 8.7387e-06 | time: 0.156
I 06.17/07:33:20 solver.py:221 ] Epoch: [85/400][140/391] lr: 1.94e-04 | MSE loss: 9.8662e-06 | time: 0.155
I 06.17/07:33:23 solver.py:221 ] Epoch: [85/400][160/391] lr: 1.94e-04 | MSE loss: 9.6103e-06 | time: 0.154
I 06.17/07:33:26 solver.py:221 ] Epoch: [85/400][180/391] lr: 1.94e-04 | MSE loss: 9.3269e-06 | time: 0.154
I 06.17/07:33:29 solver.py:221 ] Epoch: [85/400][200/391] lr: 1.94e-04 | MSE loss: 9.1297e-06 | time: 0.155
I 06.17/07:33:32 solver.py:221 ] Epoch: [85/400][220/391] lr: 1.94e-04 | MSE loss: 9.0894e-06 | time: 0.155
I 06.17/07:33:35 solver.py:221 ] Epoch: [85/400][240/391] lr: 1.94e-04 | MSE loss: 9.0037e-06 | time: 0.154
I 06.17/07:33:38 solver.py:221 ] Epoch: [85/400][260/391] lr: 1.94e-04 | MSE loss: 8.9501e-06 | time: 0.153
I 06.17/07:33:41 solver.py:221 ] Epoch: [85/400][280/391] lr: 1.94e-04 | MSE loss: 8.9857e-06 | time: 0.153
I 06.17/07:33:44 solver.py:221 ] Epoch: [85/400][300/391] lr: 1.94e-04 | MSE loss: 8.9617e-06 | time: 0.153
I 06.17/07:33:47 solver.py:221 ] Epoch: [85/400][320/391] lr: 1.94e-04 | MSE loss: 8.9741e-06 | time: 0.153
I 06.17/07:33:50 solver.py:221 ] Epoch: [85/400][340/391] lr: 1.94e-04 | MSE loss: 8.9029e-06 | time: 0.152
I 06.17/07:33:53 solver.py:221 ] Epoch: [85/400][360/391] lr: 1.94e-04 | MSE loss: 8.9251e-06 | time: 0.152
I 06.17/07:33:56 solver.py:221 ] Epoch: [85/400][380/391] lr: 1.94e-04 | MSE loss: 8.9790e-06 | time: 0.152
I 06.17/07:33:58 solver.py:243 ] => Train  Loss: 9.0045e-06

I 06.17/07:33:58 solver.py:337 ] 
=! Best NMSE: -1.7214e+01 (epoch=80)

I 06.17/07:34:01 solver.py:221 ] Epoch: [86/400][20/391] lr: 1.94e-04 | MSE loss: 7.8467e-06 | time: 0.136
I 06.17/07:34:05 solver.py:221 ] Epoch: [86/400][40/391] lr: 1.94e-04 | MSE loss: 7.8373e-06 | time: 0.182
I 06.17/07:34:08 solver.py:221 ] Epoch: [86/400][60/391] lr: 1.94e-04 | MSE loss: 7.6959e-06 | time: 0.169
I 06.17/07:34:11 solver.py:221 ] Epoch: [86/400][80/391] lr: 1.94e-04 | MSE loss: 9.4767e-06 | time: 0.164
I 06.17/07:34:14 solver.py:221 ] Epoch: [86/400][100/391] lr: 1.94e-04 | MSE loss: 9.4504e-06 | time: 0.161
I 06.17/07:34:17 solver.py:221 ] Epoch: [86/400][120/391] lr: 1.94e-04 | MSE loss: 9.2727e-06 | time: 0.159
I 06.17/07:34:20 solver.py:221 ] Epoch: [86/400][140/391] lr: 1.94e-04 | MSE loss: 8.9890e-06 | time: 0.157
I 06.17/07:34:23 solver.py:221 ] Epoch: [86/400][160/391] lr: 1.94e-04 | MSE loss: 8.8093e-06 | time: 0.157
I 06.17/07:34:26 solver.py:221 ] Epoch: [86/400][180/391] lr: 1.94e-04 | MSE loss: 8.7060e-06 | time: 0.156
I 06.17/07:34:29 solver.py:221 ] Epoch: [86/400][200/391] lr: 1.94e-04 | MSE loss: 8.6779e-06 | time: 0.156
I 06.17/07:34:33 solver.py:221 ] Epoch: [86/400][220/391] lr: 1.94e-04 | MSE loss: 8.8883e-06 | time: 0.157
I 06.17/07:34:36 solver.py:221 ] Epoch: [86/400][240/391] lr: 1.94e-04 | MSE loss: 8.8319e-06 | time: 0.157
I 06.17/07:34:39 solver.py:221 ] Epoch: [86/400][260/391] lr: 1.94e-04 | MSE loss: 8.7817e-06 | time: 0.156
I 06.17/07:34:42 solver.py:221 ] Epoch: [86/400][280/391] lr: 1.94e-04 | MSE loss: 8.7652e-06 | time: 0.155
I 06.17/07:34:45 solver.py:221 ] Epoch: [86/400][300/391] lr: 1.94e-04 | MSE loss: 8.8313e-06 | time: 0.155
I 06.17/07:34:48 solver.py:221 ] Epoch: [86/400][320/391] lr: 1.94e-04 | MSE loss: 8.8739e-06 | time: 0.154
I 06.17/07:34:50 solver.py:221 ] Epoch: [86/400][340/391] lr: 1.94e-04 | MSE loss: 8.8344e-06 | time: 0.154
I 06.17/07:34:53 solver.py:221 ] Epoch: [86/400][360/391] lr: 1.94e-04 | MSE loss: 8.7804e-06 | time: 0.154
I 06.17/07:34:57 solver.py:221 ] Epoch: [86/400][380/391] lr: 1.94e-04 | MSE loss: 8.7367e-06 | time: 0.154
I 06.17/07:34:59 solver.py:243 ] => Train  Loss: 8.6986e-06

I 06.17/07:34:59 solver.py:337 ] 
=! Best NMSE: -1.7214e+01 (epoch=80)

I 06.17/07:35:02 solver.py:221 ] Epoch: [87/400][20/391] lr: 1.94e-04 | MSE loss: 8.0637e-06 | time: 0.151
I 06.17/07:35:06 solver.py:221 ] Epoch: [87/400][40/391] lr: 1.94e-04 | MSE loss: 9.4687e-06 | time: 0.178
I 06.17/07:35:09 solver.py:221 ] Epoch: [87/400][60/391] lr: 1.94e-04 | MSE loss: 9.0977e-06 | time: 0.168
I 06.17/07:35:12 solver.py:221 ] Epoch: [87/400][80/391] lr: 1.94e-04 | MSE loss: 9.3234e-06 | time: 0.163
I 06.17/07:35:15 solver.py:221 ] Epoch: [87/400][100/391] lr: 1.94e-04 | MSE loss: 8.9945e-06 | time: 0.160
I 06.17/07:35:18 solver.py:221 ] Epoch: [87/400][120/391] lr: 1.94e-04 | MSE loss: 8.8235e-06 | time: 0.159
I 06.17/07:35:21 solver.py:221 ] Epoch: [87/400][140/391] lr: 1.94e-04 | MSE loss: 8.8026e-06 | time: 0.160
I 06.17/07:35:24 solver.py:221 ] Epoch: [87/400][160/391] lr: 1.94e-04 | MSE loss: 8.9523e-06 | time: 0.159
I 06.17/07:35:28 solver.py:221 ] Epoch: [87/400][180/391] lr: 1.94e-04 | MSE loss: 8.8232e-06 | time: 0.160
I 06.17/07:35:31 solver.py:221 ] Epoch: [87/400][200/391] lr: 1.94e-04 | MSE loss: 8.8497e-06 | time: 0.158
I 06.17/07:35:34 solver.py:221 ] Epoch: [87/400][220/391] lr: 1.94e-04 | MSE loss: 8.8912e-06 | time: 0.157
I 06.17/07:35:36 solver.py:221 ] Epoch: [87/400][240/391] lr: 1.94e-04 | MSE loss: 8.8071e-06 | time: 0.156
I 06.17/07:35:39 solver.py:221 ] Epoch: [87/400][260/391] lr: 1.94e-04 | MSE loss: 8.7361e-06 | time: 0.156
I 06.17/07:35:42 solver.py:221 ] Epoch: [87/400][280/391] lr: 1.94e-04 | MSE loss: 8.8873e-06 | time: 0.155
I 06.17/07:35:46 solver.py:221 ] Epoch: [87/400][300/391] lr: 1.94e-04 | MSE loss: 8.8294e-06 | time: 0.155
I 06.17/07:35:49 solver.py:221 ] Epoch: [87/400][320/391] lr: 1.94e-04 | MSE loss: 8.7526e-06 | time: 0.155
I 06.17/07:35:52 solver.py:221 ] Epoch: [87/400][340/391] lr: 1.94e-04 | MSE loss: 8.7524e-06 | time: 0.156
I 06.17/07:35:55 solver.py:221 ] Epoch: [87/400][360/391] lr: 1.94e-04 | MSE loss: 8.7955e-06 | time: 0.156
I 06.17/07:35:58 solver.py:221 ] Epoch: [87/400][380/391] lr: 1.94e-04 | MSE loss: 8.7856e-06 | time: 0.156
I 06.17/07:36:00 solver.py:243 ] => Train  Loss: 8.7592e-06

I 06.17/07:36:00 solver.py:337 ] 
=! Best NMSE: -1.7214e+01 (epoch=80)

I 06.17/07:36:04 solver.py:221 ] Epoch: [88/400][20/391] lr: 1.94e-04 | MSE loss: 7.6774e-06 | time: 0.182
I 06.17/07:36:07 solver.py:221 ] Epoch: [88/400][40/391] lr: 1.94e-04 | MSE loss: 8.6391e-06 | time: 0.159
I 06.17/07:36:10 solver.py:221 ] Epoch: [88/400][60/391] lr: 1.94e-04 | MSE loss: 9.2157e-06 | time: 0.156
I 06.17/07:36:13 solver.py:221 ] Epoch: [88/400][80/391] lr: 1.94e-04 | MSE loss: 9.3387e-06 | time: 0.153
I 06.17/07:36:16 solver.py:221 ] Epoch: [88/400][100/391] lr: 1.94e-04 | MSE loss: 8.9041e-06 | time: 0.152
I 06.17/07:36:19 solver.py:221 ] Epoch: [88/400][120/391] lr: 1.94e-04 | MSE loss: 8.6573e-06 | time: 0.151
I 06.17/07:36:22 solver.py:221 ] Epoch: [88/400][140/391] lr: 1.94e-04 | MSE loss: 8.6957e-06 | time: 0.151
I 06.17/07:36:25 solver.py:221 ] Epoch: [88/400][160/391] lr: 1.94e-04 | MSE loss: 8.5042e-06 | time: 0.151
I 06.17/07:36:28 solver.py:221 ] Epoch: [88/400][180/391] lr: 1.94e-04 | MSE loss: 8.5025e-06 | time: 0.150
I 06.17/07:36:31 solver.py:221 ] Epoch: [88/400][200/391] lr: 1.94e-04 | MSE loss: 8.6943e-06 | time: 0.150
I 06.17/07:36:34 solver.py:221 ] Epoch: [88/400][220/391] lr: 1.94e-04 | MSE loss: 8.7462e-06 | time: 0.151
I 06.17/07:36:37 solver.py:221 ] Epoch: [88/400][240/391] lr: 1.94e-04 | MSE loss: 8.7209e-06 | time: 0.151
I 06.17/07:36:40 solver.py:221 ] Epoch: [88/400][260/391] lr: 1.94e-04 | MSE loss: 8.6116e-06 | time: 0.152
I 06.17/07:36:43 solver.py:221 ] Epoch: [88/400][280/391] lr: 1.94e-04 | MSE loss: 8.6249e-06 | time: 0.152
I 06.17/07:36:46 solver.py:221 ] Epoch: [88/400][300/391] lr: 1.94e-04 | MSE loss: 8.7207e-06 | time: 0.153
I 06.17/07:36:49 solver.py:221 ] Epoch: [88/400][320/391] lr: 1.94e-04 | MSE loss: 8.8391e-06 | time: 0.153
I 06.17/07:36:52 solver.py:221 ] Epoch: [88/400][340/391] lr: 1.94e-04 | MSE loss: 8.7901e-06 | time: 0.153
I 06.17/07:36:56 solver.py:221 ] Epoch: [88/400][360/391] lr: 1.94e-04 | MSE loss: 8.6802e-06 | time: 0.153
I 06.17/07:36:59 solver.py:221 ] Epoch: [88/400][380/391] lr: 1.94e-04 | MSE loss: 8.5833e-06 | time: 0.154
I 06.17/07:37:00 solver.py:243 ] => Train  Loss: 8.5822e-06

I 06.17/07:37:01 solver.py:337 ] 
=! Best NMSE: -1.7214e+01 (epoch=80)

I 06.17/07:37:05 solver.py:221 ] Epoch: [89/400][20/391] lr: 1.94e-04 | MSE loss: 7.6721e-06 | time: 0.220
I 06.17/07:37:08 solver.py:221 ] Epoch: [89/400][40/391] lr: 1.93e-04 | MSE loss: 8.4460e-06 | time: 0.180
I 06.17/07:37:11 solver.py:221 ] Epoch: [89/400][60/391] lr: 1.93e-04 | MSE loss: 8.2090e-06 | time: 0.167
I 06.17/07:37:14 solver.py:221 ] Epoch: [89/400][80/391] lr: 1.93e-04 | MSE loss: 9.1432e-06 | time: 0.162
I 06.17/07:37:17 solver.py:221 ] Epoch: [89/400][100/391] lr: 1.93e-04 | MSE loss: 8.8184e-06 | time: 0.159
I 06.17/07:37:20 solver.py:221 ] Epoch: [89/400][120/391] lr: 1.93e-04 | MSE loss: 8.5863e-06 | time: 0.157
I 06.17/07:37:23 solver.py:221 ] Epoch: [89/400][140/391] lr: 1.93e-04 | MSE loss: 8.6378e-06 | time: 0.156
I 06.17/07:37:26 solver.py:221 ] Epoch: [89/400][160/391] lr: 1.93e-04 | MSE loss: 8.8556e-06 | time: 0.155
I 06.17/07:37:28 solver.py:221 ] Epoch: [89/400][180/391] lr: 1.93e-04 | MSE loss: 8.6902e-06 | time: 0.152
I 06.17/07:37:31 solver.py:221 ] Epoch: [89/400][200/391] lr: 1.93e-04 | MSE loss: 8.5384e-06 | time: 0.150
I 06.17/07:37:34 solver.py:221 ] Epoch: [89/400][220/391] lr: 1.93e-04 | MSE loss: 8.5165e-06 | time: 0.149
I 06.17/07:37:36 solver.py:221 ] Epoch: [89/400][240/391] lr: 1.93e-04 | MSE loss: 8.6946e-06 | time: 0.147
I 06.17/07:37:39 solver.py:221 ] Epoch: [89/400][260/391] lr: 1.93e-04 | MSE loss: 8.6382e-06 | time: 0.147
I 06.17/07:37:42 solver.py:221 ] Epoch: [89/400][280/391] lr: 1.93e-04 | MSE loss: 8.6103e-06 | time: 0.147
I 06.17/07:37:45 solver.py:221 ] Epoch: [89/400][300/391] lr: 1.93e-04 | MSE loss: 8.5316e-06 | time: 0.147
I 06.17/07:37:48 solver.py:221 ] Epoch: [89/400][320/391] lr: 1.93e-04 | MSE loss: 8.4731e-06 | time: 0.147
I 06.17/07:37:51 solver.py:221 ] Epoch: [89/400][340/391] lr: 1.93e-04 | MSE loss: 8.6600e-06 | time: 0.147
I 06.17/07:37:54 solver.py:221 ] Epoch: [89/400][360/391] lr: 1.93e-04 | MSE loss: 8.7868e-06 | time: 0.149
I 06.17/07:37:57 solver.py:221 ] Epoch: [89/400][380/391] lr: 1.93e-04 | MSE loss: 8.6966e-06 | time: 0.149
I 06.17/07:37:59 solver.py:243 ] => Train  Loss: 8.6508e-06

I 06.17/07:37:59 solver.py:337 ] 
=! Best NMSE: -1.7214e+01 (epoch=80)

I 06.17/07:38:02 solver.py:221 ] Epoch: [90/400][20/391] lr: 1.93e-04 | MSE loss: 7.2731e-06 | time: 0.160
I 06.17/07:38:06 solver.py:221 ] Epoch: [90/400][40/391] lr: 1.93e-04 | MSE loss: 7.0795e-06 | time: 0.171
I 06.17/07:38:09 solver.py:221 ] Epoch: [90/400][60/391] lr: 1.93e-04 | MSE loss: 7.5460e-06 | time: 0.161
I 06.17/07:38:12 solver.py:221 ] Epoch: [90/400][80/391] lr: 1.93e-04 | MSE loss: 8.5573e-06 | time: 0.157
I 06.17/07:38:15 solver.py:221 ] Epoch: [90/400][100/391] lr: 1.93e-04 | MSE loss: 8.3084e-06 | time: 0.155
I 06.17/07:38:18 solver.py:221 ] Epoch: [90/400][120/391] lr: 1.93e-04 | MSE loss: 8.1579e-06 | time: 0.153
I 06.17/07:38:21 solver.py:221 ] Epoch: [90/400][140/391] lr: 1.93e-04 | MSE loss: 8.0777e-06 | time: 0.153
I 06.17/07:38:24 solver.py:221 ] Epoch: [90/400][160/391] lr: 1.93e-04 | MSE loss: 7.9786e-06 | time: 0.152
I 06.17/07:38:27 solver.py:221 ] Epoch: [90/400][180/391] lr: 1.93e-04 | MSE loss: 7.8267e-06 | time: 0.152
I 06.17/07:38:29 solver.py:221 ] Epoch: [90/400][200/391] lr: 1.93e-04 | MSE loss: 8.1214e-06 | time: 0.150
I 06.17/07:38:32 solver.py:221 ] Epoch: [90/400][220/391] lr: 1.93e-04 | MSE loss: 8.0792e-06 | time: 0.150
I 06.17/07:38:36 solver.py:221 ] Epoch: [90/400][240/391] lr: 1.93e-04 | MSE loss: 7.9883e-06 | time: 0.151
I 06.17/07:38:38 solver.py:221 ] Epoch: [90/400][260/391] lr: 1.93e-04 | MSE loss: 8.2832e-06 | time: 0.149
I 06.17/07:38:41 solver.py:221 ] Epoch: [90/400][280/391] lr: 1.93e-04 | MSE loss: 8.2510e-06 | time: 0.148
I 06.17/07:38:43 solver.py:221 ] Epoch: [90/400][300/391] lr: 1.93e-04 | MSE loss: 8.1922e-06 | time: 0.146
I 06.17/07:38:46 solver.py:221 ] Epoch: [90/400][320/391] lr: 1.93e-04 | MSE loss: 8.1741e-06 | time: 0.146
I 06.17/07:38:49 solver.py:221 ] Epoch: [90/400][340/391] lr: 1.93e-04 | MSE loss: 8.1430e-06 | time: 0.145
I 06.17/07:38:51 solver.py:221 ] Epoch: [90/400][360/391] lr: 1.93e-04 | MSE loss: 8.1703e-06 | time: 0.144
I 06.17/07:38:54 solver.py:221 ] Epoch: [90/400][380/391] lr: 1.93e-04 | MSE loss: 8.3181e-06 | time: 0.144
I 06.17/07:38:56 solver.py:243 ] => Train  Loss: 8.2932e-06

I 06.17/07:38:57 solver.py:221 ] Epoch: [90/400][20/118] lr: 1.93e-04 | MSE loss: 9.3174e-06 | time: 0.048
I 06.17/07:38:58 solver.py:221 ] Epoch: [90/400][40/118] lr: 1.93e-04 | MSE loss: 9.2511e-06 | time: 0.044
I 06.17/07:38:59 solver.py:221 ] Epoch: [90/400][60/118] lr: 1.93e-04 | MSE loss: 9.2893e-06 | time: 0.043
I 06.17/07:38:59 solver.py:221 ] Epoch: [90/400][80/118] lr: 1.93e-04 | MSE loss: 9.2921e-06 | time: 0.044
I 06.17/07:39:00 solver.py:221 ] Epoch: [90/400][100/118] lr: 1.93e-04 | MSE loss: 9.2727e-06 | time: 0.045
I 06.17/07:39:03 solver.py:243 ] => Val  Loss: 9.2982e-06

I 06.17/07:39:06 solver.py:471 ] [20/79] loss: 9.3305e-06 | NMSE: -1.6853e+01 | time: 0.139
I 06.17/07:39:07 solver.py:471 ] [40/79] loss: 9.3186e-06 | NMSE: -1.6862e+01 | time: 0.109
I 06.17/07:39:09 solver.py:471 ] [60/79] loss: 9.3314e-06 | NMSE: -1.6845e+01 | time: 0.096
I 06.17/07:39:10 solver.py:476 ] => Test NMSE: -1.6860e+01

I 06.17/07:39:10 solver.py:337 ] 
=! Best NMSE: -1.7214e+01 (epoch=80)

I 06.17/07:39:13 solver.py:221 ] Epoch: [91/400][20/391] lr: 1.93e-04 | MSE loss: 7.6300e-06 | time: 0.143
I 06.17/07:39:16 solver.py:221 ] Epoch: [91/400][40/391] lr: 1.93e-04 | MSE loss: 7.1061e-06 | time: 0.138
I 06.17/07:39:19 solver.py:221 ] Epoch: [91/400][60/391] lr: 1.93e-04 | MSE loss: 7.5108e-06 | time: 0.139
I 06.17/07:39:22 solver.py:221 ] Epoch: [91/400][80/391] lr: 1.93e-04 | MSE loss: 7.4001e-06 | time: 0.142
I 06.17/07:39:25 solver.py:221 ] Epoch: [91/400][100/391] lr: 1.93e-04 | MSE loss: 8.1288e-06 | time: 0.144
I 06.17/07:39:28 solver.py:221 ] Epoch: [91/400][120/391] lr: 1.93e-04 | MSE loss: 8.0993e-06 | time: 0.144
I 06.17/07:39:31 solver.py:221 ] Epoch: [91/400][140/391] lr: 1.93e-04 | MSE loss: 8.0822e-06 | time: 0.144
I 06.17/07:39:34 solver.py:221 ] Epoch: [91/400][160/391] lr: 1.93e-04 | MSE loss: 8.2409e-06 | time: 0.145
I 06.17/07:39:37 solver.py:221 ] Epoch: [91/400][180/391] lr: 1.93e-04 | MSE loss: 8.1264e-06 | time: 0.145
I 06.17/07:39:40 solver.py:221 ] Epoch: [91/400][200/391] lr: 1.93e-04 | MSE loss: 8.0647e-06 | time: 0.146
I 06.17/07:39:43 solver.py:221 ] Epoch: [91/400][220/391] lr: 1.93e-04 | MSE loss: 8.2321e-06 | time: 0.147
I 06.17/07:39:46 solver.py:221 ] Epoch: [91/400][240/391] lr: 1.93e-04 | MSE loss: 8.1702e-06 | time: 0.147
I 06.17/07:39:49 solver.py:221 ] Epoch: [91/400][260/391] lr: 1.93e-04 | MSE loss: 8.0899e-06 | time: 0.147
I 06.17/07:39:52 solver.py:221 ] Epoch: [91/400][280/391] lr: 1.93e-04 | MSE loss: 8.1445e-06 | time: 0.147
I 06.17/07:39:55 solver.py:221 ] Epoch: [91/400][300/391] lr: 1.93e-04 | MSE loss: 8.1649e-06 | time: 0.148
I 06.17/07:39:58 solver.py:221 ] Epoch: [91/400][320/391] lr: 1.93e-04 | MSE loss: 8.0927e-06 | time: 0.149
I 06.17/07:40:01 solver.py:221 ] Epoch: [91/400][340/391] lr: 1.93e-04 | MSE loss: 8.0229e-06 | time: 0.149
I 06.17/07:40:05 solver.py:221 ] Epoch: [91/400][360/391] lr: 1.93e-04 | MSE loss: 8.2480e-06 | time: 0.153
I 06.17/07:40:08 solver.py:221 ] Epoch: [91/400][380/391] lr: 1.93e-04 | MSE loss: 8.2159e-06 | time: 0.152
I 06.17/07:40:10 solver.py:243 ] => Train  Loss: 8.1833e-06

I 06.17/07:40:10 solver.py:337 ] 
=! Best NMSE: -1.7214e+01 (epoch=80)

I 06.17/07:40:13 solver.py:221 ] Epoch: [92/400][20/391] lr: 1.93e-04 | MSE loss: 7.0920e-06 | time: 0.139
I 06.17/07:40:16 solver.py:221 ] Epoch: [92/400][40/391] lr: 1.93e-04 | MSE loss: 8.7748e-06 | time: 0.150
I 06.17/07:40:20 solver.py:221 ] Epoch: [92/400][60/391] lr: 1.93e-04 | MSE loss: 8.6760e-06 | time: 0.154
I 06.17/07:40:23 solver.py:221 ] Epoch: [92/400][80/391] lr: 1.93e-04 | MSE loss: 8.4601e-06 | time: 0.151
I 06.17/07:40:25 solver.py:221 ] Epoch: [92/400][100/391] lr: 1.93e-04 | MSE loss: 8.2469e-06 | time: 0.150
I 06.17/07:40:28 solver.py:221 ] Epoch: [92/400][120/391] lr: 1.93e-04 | MSE loss: 8.0998e-06 | time: 0.150
I 06.17/07:40:31 solver.py:221 ] Epoch: [92/400][140/391] lr: 1.93e-04 | MSE loss: 8.1861e-06 | time: 0.149
I 06.17/07:40:34 solver.py:221 ] Epoch: [92/400][160/391] lr: 1.93e-04 | MSE loss: 8.1758e-06 | time: 0.149
I 06.17/07:40:37 solver.py:221 ] Epoch: [92/400][180/391] lr: 1.93e-04 | MSE loss: 8.1325e-06 | time: 0.149
I 06.17/07:40:40 solver.py:221 ] Epoch: [92/400][200/391] lr: 1.93e-04 | MSE loss: 8.2304e-06 | time: 0.148
I 06.17/07:40:43 solver.py:221 ] Epoch: [92/400][220/391] lr: 1.93e-04 | MSE loss: 8.1561e-06 | time: 0.148
I 06.17/07:40:46 solver.py:221 ] Epoch: [92/400][240/391] lr: 1.93e-04 | MSE loss: 8.0516e-06 | time: 0.148
I 06.17/07:40:49 solver.py:221 ] Epoch: [92/400][260/391] lr: 1.93e-04 | MSE loss: 7.9950e-06 | time: 0.148
I 06.17/07:40:52 solver.py:221 ] Epoch: [92/400][280/391] lr: 1.92e-04 | MSE loss: 8.0879e-06 | time: 0.148
I 06.17/07:40:55 solver.py:221 ] Epoch: [92/400][300/391] lr: 1.92e-04 | MSE loss: 8.1031e-06 | time: 0.148
I 06.17/07:40:58 solver.py:221 ] Epoch: [92/400][320/391] lr: 1.92e-04 | MSE loss: 8.0217e-06 | time: 0.148
I 06.17/07:41:01 solver.py:221 ] Epoch: [92/400][340/391] lr: 1.92e-04 | MSE loss: 7.9354e-06 | time: 0.150
I 06.17/07:41:05 solver.py:221 ] Epoch: [92/400][360/391] lr: 1.92e-04 | MSE loss: 8.0850e-06 | time: 0.152
I 06.17/07:41:08 solver.py:221 ] Epoch: [92/400][380/391] lr: 1.92e-04 | MSE loss: 8.0630e-06 | time: 0.152
I 06.17/07:41:10 solver.py:243 ] => Train  Loss: 8.0239e-06

I 06.17/07:41:10 solver.py:337 ] 
=! Best NMSE: -1.7214e+01 (epoch=80)

I 06.17/07:41:13 solver.py:221 ] Epoch: [93/400][20/391] lr: 1.92e-04 | MSE loss: 1.2689e-05 | time: 0.138
I 06.17/07:41:16 solver.py:221 ] Epoch: [93/400][40/391] lr: 1.92e-04 | MSE loss: 1.5436e-05 | time: 0.140
I 06.17/07:41:19 solver.py:221 ] Epoch: [93/400][60/391] lr: 1.92e-04 | MSE loss: 1.2835e-05 | time: 0.143
I 06.17/07:41:22 solver.py:221 ] Epoch: [93/400][80/391] lr: 1.92e-04 | MSE loss: 1.1279e-05 | time: 0.143
I 06.17/07:41:25 solver.py:221 ] Epoch: [93/400][100/391] lr: 1.92e-04 | MSE loss: 1.0327e-05 | time: 0.144
I 06.17/07:41:28 solver.py:221 ] Epoch: [93/400][120/391] lr: 1.92e-04 | MSE loss: 9.6625e-06 | time: 0.144
I 06.17/07:41:31 solver.py:221 ] Epoch: [93/400][140/391] lr: 1.92e-04 | MSE loss: 9.2656e-06 | time: 0.146
I 06.17/07:41:34 solver.py:221 ] Epoch: [93/400][160/391] lr: 1.92e-04 | MSE loss: 8.9626e-06 | time: 0.146
I 06.17/07:41:37 solver.py:221 ] Epoch: [93/400][180/391] lr: 1.92e-04 | MSE loss: 8.8293e-06 | time: 0.146
I 06.17/07:41:40 solver.py:221 ] Epoch: [93/400][200/391] lr: 1.92e-04 | MSE loss: 8.6076e-06 | time: 0.146
I 06.17/07:41:43 solver.py:221 ] Epoch: [93/400][220/391] lr: 1.92e-04 | MSE loss: 8.4189e-06 | time: 0.148
I 06.17/07:41:46 solver.py:221 ] Epoch: [93/400][240/391] lr: 1.92e-04 | MSE loss: 8.4922e-06 | time: 0.148
I 06.17/07:41:49 solver.py:221 ] Epoch: [93/400][260/391] lr: 1.92e-04 | MSE loss: 8.4494e-06 | time: 0.149
I 06.17/07:41:52 solver.py:221 ] Epoch: [93/400][280/391] lr: 1.92e-04 | MSE loss: 8.3162e-06 | time: 0.149
I 06.17/07:41:55 solver.py:221 ] Epoch: [93/400][300/391] lr: 1.92e-04 | MSE loss: 8.2178e-06 | time: 0.150
I 06.17/07:41:58 solver.py:221 ] Epoch: [93/400][320/391] lr: 1.92e-04 | MSE loss: 8.3255e-06 | time: 0.150
I 06.17/07:42:02 solver.py:221 ] Epoch: [93/400][340/391] lr: 1.92e-04 | MSE loss: 8.3793e-06 | time: 0.152
I 06.17/07:42:05 solver.py:221 ] Epoch: [93/400][360/391] lr: 1.92e-04 | MSE loss: 8.2963e-06 | time: 0.153
I 06.17/07:42:08 solver.py:221 ] Epoch: [93/400][380/391] lr: 1.92e-04 | MSE loss: 8.2351e-06 | time: 0.153
I 06.17/07:42:10 solver.py:243 ] => Train  Loss: 8.2005e-06

I 06.17/07:42:10 solver.py:337 ] 
=! Best NMSE: -1.7214e+01 (epoch=80)

I 06.17/07:42:13 solver.py:221 ] Epoch: [94/400][20/391] lr: 1.92e-04 | MSE loss: 6.5239e-06 | time: 0.141
I 06.17/07:42:16 solver.py:221 ] Epoch: [94/400][40/391] lr: 1.92e-04 | MSE loss: 7.5870e-06 | time: 0.148
I 06.17/07:42:19 solver.py:221 ] Epoch: [94/400][60/391] lr: 1.92e-04 | MSE loss: 8.7032e-06 | time: 0.150
I 06.17/07:42:23 solver.py:221 ] Epoch: [94/400][80/391] lr: 1.92e-04 | MSE loss: 8.3709e-06 | time: 0.152
I 06.17/07:42:26 solver.py:221 ] Epoch: [94/400][100/391] lr: 1.92e-04 | MSE loss: 8.0785e-06 | time: 0.153
I 06.17/07:42:29 solver.py:221 ] Epoch: [94/400][120/391] lr: 1.92e-04 | MSE loss: 8.2673e-06 | time: 0.156
I 06.17/07:42:32 solver.py:221 ] Epoch: [94/400][140/391] lr: 1.92e-04 | MSE loss: 8.0962e-06 | time: 0.156
I 06.17/07:42:35 solver.py:221 ] Epoch: [94/400][160/391] lr: 1.92e-04 | MSE loss: 7.9323e-06 | time: 0.155
I 06.17/07:42:38 solver.py:221 ] Epoch: [94/400][180/391] lr: 1.92e-04 | MSE loss: 7.8280e-06 | time: 0.154
I 06.17/07:42:41 solver.py:221 ] Epoch: [94/400][200/391] lr: 1.92e-04 | MSE loss: 7.7954e-06 | time: 0.153
I 06.17/07:42:44 solver.py:221 ] Epoch: [94/400][220/391] lr: 1.92e-04 | MSE loss: 7.9408e-06 | time: 0.153
I 06.17/07:42:47 solver.py:221 ] Epoch: [94/400][240/391] lr: 1.92e-04 | MSE loss: 8.1368e-06 | time: 0.153
I 06.17/07:42:50 solver.py:221 ] Epoch: [94/400][260/391] lr: 1.92e-04 | MSE loss: 8.2880e-06 | time: 0.154
I 06.17/07:42:53 solver.py:221 ] Epoch: [94/400][280/391] lr: 1.92e-04 | MSE loss: 8.2383e-06 | time: 0.154
I 06.17/07:42:56 solver.py:221 ] Epoch: [94/400][300/391] lr: 1.92e-04 | MSE loss: 8.1392e-06 | time: 0.153
I 06.17/07:42:59 solver.py:221 ] Epoch: [94/400][320/391] lr: 1.92e-04 | MSE loss: 8.0355e-06 | time: 0.153
I 06.17/07:43:03 solver.py:221 ] Epoch: [94/400][340/391] lr: 1.92e-04 | MSE loss: 7.9573e-06 | time: 0.156
I 06.17/07:43:06 solver.py:221 ] Epoch: [94/400][360/391] lr: 1.92e-04 | MSE loss: 8.0311e-06 | time: 0.155
I 06.17/07:43:09 solver.py:221 ] Epoch: [94/400][380/391] lr: 1.92e-04 | MSE loss: 8.0250e-06 | time: 0.155
I 06.17/07:43:11 solver.py:243 ] => Train  Loss: 8.0003e-06

I 06.17/07:43:11 solver.py:337 ] 
=! Best NMSE: -1.7214e+01 (epoch=80)

I 06.17/07:43:14 solver.py:221 ] Epoch: [95/400][20/391] lr: 1.92e-04 | MSE loss: 6.3174e-06 | time: 0.149
I 06.17/07:43:18 solver.py:221 ] Epoch: [95/400][40/391] lr: 1.92e-04 | MSE loss: 7.4419e-06 | time: 0.151
I 06.17/07:43:20 solver.py:221 ] Epoch: [95/400][60/391] lr: 1.92e-04 | MSE loss: 8.0738e-06 | time: 0.149
I 06.17/07:43:23 solver.py:221 ] Epoch: [95/400][80/391] lr: 1.92e-04 | MSE loss: 7.8761e-06 | time: 0.149
I 06.17/07:43:26 solver.py:221 ] Epoch: [95/400][100/391] lr: 1.92e-04 | MSE loss: 7.8791e-06 | time: 0.149
I 06.17/07:43:29 solver.py:221 ] Epoch: [95/400][120/391] lr: 1.92e-04 | MSE loss: 7.6714e-06 | time: 0.149
I 06.17/07:43:32 solver.py:221 ] Epoch: [95/400][140/391] lr: 1.92e-04 | MSE loss: 7.5927e-06 | time: 0.150
I 06.17/07:43:35 solver.py:221 ] Epoch: [95/400][160/391] lr: 1.92e-04 | MSE loss: 7.6451e-06 | time: 0.149
I 06.17/07:43:38 solver.py:221 ] Epoch: [95/400][180/391] lr: 1.92e-04 | MSE loss: 7.8985e-06 | time: 0.150
I 06.17/07:43:41 solver.py:221 ] Epoch: [95/400][200/391] lr: 1.92e-04 | MSE loss: 7.8078e-06 | time: 0.150
I 06.17/07:43:44 solver.py:221 ] Epoch: [95/400][220/391] lr: 1.92e-04 | MSE loss: 7.7178e-06 | time: 0.150
I 06.17/07:43:47 solver.py:221 ] Epoch: [95/400][240/391] lr: 1.92e-04 | MSE loss: 7.7623e-06 | time: 0.150
I 06.17/07:43:51 solver.py:221 ] Epoch: [95/400][260/391] lr: 1.92e-04 | MSE loss: 7.9539e-06 | time: 0.150
I 06.17/07:43:54 solver.py:221 ] Epoch: [95/400][280/391] lr: 1.92e-04 | MSE loss: 7.8733e-06 | time: 0.150
I 06.17/07:43:57 solver.py:221 ] Epoch: [95/400][300/391] lr: 1.92e-04 | MSE loss: 7.7941e-06 | time: 0.150
I 06.17/07:44:00 solver.py:221 ] Epoch: [95/400][320/391] lr: 1.92e-04 | MSE loss: 7.6920e-06 | time: 0.150
I 06.17/07:44:04 solver.py:221 ] Epoch: [95/400][340/391] lr: 1.92e-04 | MSE loss: 7.9505e-06 | time: 0.154
I 06.17/07:44:07 solver.py:221 ] Epoch: [95/400][360/391] lr: 1.92e-04 | MSE loss: 7.9364e-06 | time: 0.153
I 06.17/07:44:10 solver.py:221 ] Epoch: [95/400][380/391] lr: 1.92e-04 | MSE loss: 7.8925e-06 | time: 0.153
I 06.17/07:44:12 solver.py:243 ] => Train  Loss: 7.8688e-06

I 06.17/07:44:12 solver.py:337 ] 
=! Best NMSE: -1.7214e+01 (epoch=80)

I 06.17/07:44:15 solver.py:221 ] Epoch: [96/400][20/391] lr: 1.92e-04 | MSE loss: 7.7055e-06 | time: 0.141
I 06.17/07:44:18 solver.py:221 ] Epoch: [96/400][40/391] lr: 1.91e-04 | MSE loss: 7.3435e-06 | time: 0.151
I 06.17/07:44:21 solver.py:221 ] Epoch: [96/400][60/391] lr: 1.91e-04 | MSE loss: 7.1749e-06 | time: 0.149
I 06.17/07:44:24 solver.py:221 ] Epoch: [96/400][80/391] lr: 1.91e-04 | MSE loss: 7.2249e-06 | time: 0.148
I 06.17/07:44:27 solver.py:221 ] Epoch: [96/400][100/391] lr: 1.91e-04 | MSE loss: 7.2365e-06 | time: 0.149
I 06.17/07:44:30 solver.py:221 ] Epoch: [96/400][120/391] lr: 1.91e-04 | MSE loss: 7.7655e-06 | time: 0.150
I 06.17/07:44:33 solver.py:221 ] Epoch: [96/400][140/391] lr: 1.91e-04 | MSE loss: 7.6355e-06 | time: 0.149
I 06.17/07:44:36 solver.py:221 ] Epoch: [96/400][160/391] lr: 1.91e-04 | MSE loss: 7.5410e-06 | time: 0.149
I 06.17/07:44:39 solver.py:221 ] Epoch: [96/400][180/391] lr: 1.91e-04 | MSE loss: 7.5723e-06 | time: 0.149
I 06.17/07:44:42 solver.py:221 ] Epoch: [96/400][200/391] lr: 1.91e-04 | MSE loss: 7.6042e-06 | time: 0.149
I 06.17/07:44:45 solver.py:221 ] Epoch: [96/400][220/391] lr: 1.91e-04 | MSE loss: 7.5639e-06 | time: 0.149
I 06.17/07:44:48 solver.py:221 ] Epoch: [96/400][240/391] lr: 1.91e-04 | MSE loss: 7.5394e-06 | time: 0.149
I 06.17/07:44:51 solver.py:221 ] Epoch: [96/400][260/391] lr: 1.91e-04 | MSE loss: 7.6142e-06 | time: 0.150
I 06.17/07:44:54 solver.py:221 ] Epoch: [96/400][280/391] lr: 1.91e-04 | MSE loss: 7.6021e-06 | time: 0.152
I 06.17/07:44:58 solver.py:221 ] Epoch: [96/400][300/391] lr: 1.91e-04 | MSE loss: 7.5934e-06 | time: 0.153
I 06.17/07:45:01 solver.py:221 ] Epoch: [96/400][320/391] lr: 1.91e-04 | MSE loss: 7.6076e-06 | time: 0.152
I 06.17/07:45:05 solver.py:221 ] Epoch: [96/400][340/391] lr: 1.91e-04 | MSE loss: 7.7430e-06 | time: 0.157
I 06.17/07:45:08 solver.py:221 ] Epoch: [96/400][360/391] lr: 1.91e-04 | MSE loss: 7.7787e-06 | time: 0.156
I 06.17/07:45:11 solver.py:221 ] Epoch: [96/400][380/391] lr: 1.91e-04 | MSE loss: 7.7303e-06 | time: 0.155
I 06.17/07:45:13 solver.py:243 ] => Train  Loss: 7.6879e-06

I 06.17/07:45:13 solver.py:337 ] 
=! Best NMSE: -1.7214e+01 (epoch=80)

I 06.17/07:45:16 solver.py:221 ] Epoch: [97/400][20/391] lr: 1.91e-04 | MSE loss: 6.7441e-06 | time: 0.134
I 06.17/07:45:19 solver.py:221 ] Epoch: [97/400][40/391] lr: 1.91e-04 | MSE loss: 7.5757e-06 | time: 0.142
I 06.17/07:45:22 solver.py:221 ] Epoch: [97/400][60/391] lr: 1.91e-04 | MSE loss: 7.4185e-06 | time: 0.144
I 06.17/07:45:25 solver.py:221 ] Epoch: [97/400][80/391] lr: 1.91e-04 | MSE loss: 7.2798e-06 | time: 0.146
I 06.17/07:45:28 solver.py:221 ] Epoch: [97/400][100/391] lr: 1.91e-04 | MSE loss: 7.4077e-06 | time: 0.147
I 06.17/07:45:31 solver.py:221 ] Epoch: [97/400][120/391] lr: 1.91e-04 | MSE loss: 7.4984e-06 | time: 0.147
I 06.17/07:45:34 solver.py:221 ] Epoch: [97/400][140/391] lr: 1.91e-04 | MSE loss: 7.4464e-06 | time: 0.146
I 06.17/07:45:37 solver.py:221 ] Epoch: [97/400][160/391] lr: 1.91e-04 | MSE loss: 7.6731e-06 | time: 0.146
I 06.17/07:45:40 solver.py:221 ] Epoch: [97/400][180/391] lr: 1.91e-04 | MSE loss: 7.6396e-06 | time: 0.147
I 06.17/07:45:43 solver.py:221 ] Epoch: [97/400][200/391] lr: 1.91e-04 | MSE loss: 7.6409e-06 | time: 0.149
I 06.17/07:45:46 solver.py:221 ] Epoch: [97/400][220/391] lr: 1.91e-04 | MSE loss: 7.6260e-06 | time: 0.151
I 06.17/07:45:49 solver.py:221 ] Epoch: [97/400][240/391] lr: 1.91e-04 | MSE loss: 7.5951e-06 | time: 0.150
I 06.17/07:45:52 solver.py:221 ] Epoch: [97/400][260/391] lr: 1.91e-04 | MSE loss: 7.7383e-06 | time: 0.149
I 06.17/07:45:55 solver.py:221 ] Epoch: [97/400][280/391] lr: 1.91e-04 | MSE loss: 7.6392e-06 | time: 0.149
I 06.17/07:45:58 solver.py:221 ] Epoch: [97/400][300/391] lr: 1.91e-04 | MSE loss: 7.5578e-06 | time: 0.149
I 06.17/07:46:01 solver.py:221 ] Epoch: [97/400][320/391] lr: 1.91e-04 | MSE loss: 7.6090e-06 | time: 0.149
I 06.17/07:46:05 solver.py:221 ] Epoch: [97/400][340/391] lr: 1.91e-04 | MSE loss: 7.6311e-06 | time: 0.153
I 06.17/07:46:08 solver.py:221 ] Epoch: [97/400][360/391] lr: 1.91e-04 | MSE loss: 7.5817e-06 | time: 0.152
I 06.17/07:46:11 solver.py:221 ] Epoch: [97/400][380/391] lr: 1.91e-04 | MSE loss: 7.5838e-06 | time: 0.152
I 06.17/07:46:13 solver.py:243 ] => Train  Loss: 7.5797e-06

I 06.17/07:46:13 solver.py:337 ] 
=! Best NMSE: -1.7214e+01 (epoch=80)

I 06.17/07:46:16 solver.py:221 ] Epoch: [98/400][20/391] lr: 1.91e-04 | MSE loss: 8.7448e-06 | time: 0.134
I 06.17/07:46:19 solver.py:221 ] Epoch: [98/400][40/391] lr: 1.91e-04 | MSE loss: 8.2498e-06 | time: 0.139
I 06.17/07:46:22 solver.py:221 ] Epoch: [98/400][60/391] lr: 1.91e-04 | MSE loss: 7.9447e-06 | time: 0.142
I 06.17/07:46:25 solver.py:221 ] Epoch: [98/400][80/391] lr: 1.91e-04 | MSE loss: 7.8091e-06 | time: 0.146
I 06.17/07:46:28 solver.py:221 ] Epoch: [98/400][100/391] lr: 1.91e-04 | MSE loss: 7.6104e-06 | time: 0.148
I 06.17/07:46:31 solver.py:221 ] Epoch: [98/400][120/391] lr: 1.91e-04 | MSE loss: 7.9092e-06 | time: 0.149
I 06.17/07:46:34 solver.py:221 ] Epoch: [98/400][140/391] lr: 1.91e-04 | MSE loss: 7.9553e-06 | time: 0.150
I 06.17/07:46:37 solver.py:221 ] Epoch: [98/400][160/391] lr: 1.91e-04 | MSE loss: 7.7390e-06 | time: 0.150
I 06.17/07:46:40 solver.py:221 ] Epoch: [98/400][180/391] lr: 1.91e-04 | MSE loss: 7.8392e-06 | time: 0.149
I 06.17/07:46:43 solver.py:221 ] Epoch: [98/400][200/391] lr: 1.91e-04 | MSE loss: 7.6996e-06 | time: 0.149
I 06.17/07:46:46 solver.py:221 ] Epoch: [98/400][220/391] lr: 1.91e-04 | MSE loss: 7.6216e-06 | time: 0.149
I 06.17/07:46:49 solver.py:221 ] Epoch: [98/400][240/391] lr: 1.91e-04 | MSE loss: 7.5077e-06 | time: 0.149
I 06.17/07:46:52 solver.py:221 ] Epoch: [98/400][260/391] lr: 1.91e-04 | MSE loss: 7.9257e-06 | time: 0.149
I 06.17/07:46:55 solver.py:221 ] Epoch: [98/400][280/391] lr: 1.91e-04 | MSE loss: 7.9233e-06 | time: 0.149
I 06.17/07:46:58 solver.py:221 ] Epoch: [98/400][300/391] lr: 1.91e-04 | MSE loss: 7.8307e-06 | time: 0.149
I 06.17/07:47:01 solver.py:221 ] Epoch: [98/400][320/391] lr: 1.91e-04 | MSE loss: 7.7134e-06 | time: 0.149
I 06.17/07:47:05 solver.py:221 ] Epoch: [98/400][340/391] lr: 1.91e-04 | MSE loss: 7.6174e-06 | time: 0.153
I 06.17/07:47:08 solver.py:221 ] Epoch: [98/400][360/391] lr: 1.91e-04 | MSE loss: 7.5922e-06 | time: 0.151
I 06.17/07:47:11 solver.py:221 ] Epoch: [98/400][380/391] lr: 1.91e-04 | MSE loss: 7.7604e-06 | time: 0.151
I 06.17/07:47:13 solver.py:243 ] => Train  Loss: 7.7398e-06

I 06.17/07:47:13 solver.py:337 ] 
=! Best NMSE: -1.7214e+01 (epoch=80)

I 06.17/07:47:16 solver.py:221 ] Epoch: [99/400][20/391] lr: 1.91e-04 | MSE loss: 6.6245e-06 | time: 0.134
I 06.17/07:47:19 solver.py:221 ] Epoch: [99/400][40/391] lr: 1.91e-04 | MSE loss: 6.2655e-06 | time: 0.141
I 06.17/07:47:21 solver.py:221 ] Epoch: [99/400][60/391] lr: 1.91e-04 | MSE loss: 6.3511e-06 | time: 0.141
I 06.17/07:47:24 solver.py:221 ] Epoch: [99/400][80/391] lr: 1.91e-04 | MSE loss: 7.0185e-06 | time: 0.141
I 06.17/07:47:27 solver.py:221 ] Epoch: [99/400][100/391] lr: 1.91e-04 | MSE loss: 7.0609e-06 | time: 0.142
I 06.17/07:47:30 solver.py:221 ] Epoch: [99/400][120/391] lr: 1.90e-04 | MSE loss: 6.8877e-06 | time: 0.143
I 06.17/07:47:33 solver.py:221 ] Epoch: [99/400][140/391] lr: 1.90e-04 | MSE loss: 7.6237e-06 | time: 0.143
I 06.17/07:47:36 solver.py:221 ] Epoch: [99/400][160/391] lr: 1.90e-04 | MSE loss: 7.7585e-06 | time: 0.143
I 06.17/07:47:39 solver.py:221 ] Epoch: [99/400][180/391] lr: 1.90e-04 | MSE loss: 7.6731e-06 | time: 0.144
I 06.17/07:47:42 solver.py:221 ] Epoch: [99/400][200/391] lr: 1.90e-04 | MSE loss: 7.4980e-06 | time: 0.143
I 06.17/07:47:45 solver.py:221 ] Epoch: [99/400][220/391] lr: 1.90e-04 | MSE loss: 7.3756e-06 | time: 0.144
I 06.17/07:47:48 solver.py:221 ] Epoch: [99/400][240/391] lr: 1.90e-04 | MSE loss: 7.2831e-06 | time: 0.145
I 06.17/07:47:50 solver.py:221 ] Epoch: [99/400][260/391] lr: 1.90e-04 | MSE loss: 7.3320e-06 | time: 0.144
I 06.17/07:47:53 solver.py:221 ] Epoch: [99/400][280/391] lr: 1.90e-04 | MSE loss: 7.2853e-06 | time: 0.144
I 06.17/07:47:57 solver.py:221 ] Epoch: [99/400][300/391] lr: 1.90e-04 | MSE loss: 7.2694e-06 | time: 0.146
I 06.17/07:48:00 solver.py:221 ] Epoch: [99/400][320/391] lr: 1.90e-04 | MSE loss: 7.4768e-06 | time: 0.149
I 06.17/07:48:05 solver.py:221 ] Epoch: [99/400][340/391] lr: 1.90e-04 | MSE loss: 7.4296e-06 | time: 0.153
I 06.17/07:48:08 solver.py:221 ] Epoch: [99/400][360/391] lr: 1.90e-04 | MSE loss: 7.4407e-06 | time: 0.152
I 06.17/07:48:11 solver.py:221 ] Epoch: [99/400][380/391] lr: 1.90e-04 | MSE loss: 7.3817e-06 | time: 0.152
I 06.17/07:48:12 solver.py:243 ] => Train  Loss: 7.3855e-06

I 06.17/07:48:13 solver.py:337 ] 
=! Best NMSE: -1.7214e+01 (epoch=80)

I 06.17/07:48:16 solver.py:221 ] Epoch: [100/400][20/391] lr: 1.90e-04 | MSE loss: 7.4272e-06 | time: 0.138
I 06.17/07:48:19 solver.py:221 ] Epoch: [100/400][40/391] lr: 1.90e-04 | MSE loss: 7.1275e-06 | time: 0.152
I 06.17/07:48:22 solver.py:221 ] Epoch: [100/400][60/391] lr: 1.90e-04 | MSE loss: 7.0922e-06 | time: 0.150
I 06.17/07:48:25 solver.py:221 ] Epoch: [100/400][80/391] lr: 1.90e-04 | MSE loss: 7.5820e-06 | time: 0.154
I 06.17/07:48:28 solver.py:221 ] Epoch: [100/400][100/391] lr: 1.90e-04 | MSE loss: 7.5685e-06 | time: 0.154
I 06.17/07:48:31 solver.py:221 ] Epoch: [100/400][120/391] lr: 1.90e-04 | MSE loss: 7.3162e-06 | time: 0.153
I 06.17/07:48:34 solver.py:221 ] Epoch: [100/400][140/391] lr: 1.90e-04 | MSE loss: 7.3706e-06 | time: 0.151
I 06.17/07:48:37 solver.py:221 ] Epoch: [100/400][160/391] lr: 1.90e-04 | MSE loss: 7.2664e-06 | time: 0.150
I 06.17/07:48:40 solver.py:221 ] Epoch: [100/400][180/391] lr: 1.90e-04 | MSE loss: 7.2428e-06 | time: 0.151
I 06.17/07:48:43 solver.py:221 ] Epoch: [100/400][200/391] lr: 1.90e-04 | MSE loss: 7.4254e-06 | time: 0.153
I 06.17/07:48:46 solver.py:221 ] Epoch: [100/400][220/391] lr: 1.90e-04 | MSE loss: 7.3455e-06 | time: 0.153
I 06.17/07:48:50 solver.py:221 ] Epoch: [100/400][240/391] lr: 1.90e-04 | MSE loss: 7.5087e-06 | time: 0.153
I 06.17/07:48:53 solver.py:221 ] Epoch: [100/400][260/391] lr: 1.90e-04 | MSE loss: 7.4737e-06 | time: 0.153
I 06.17/07:48:55 solver.py:221 ] Epoch: [100/400][280/391] lr: 1.90e-04 | MSE loss: 7.4030e-06 | time: 0.152
I 06.17/07:48:58 solver.py:221 ] Epoch: [100/400][300/391] lr: 1.90e-04 | MSE loss: 7.3943e-06 | time: 0.150
I 06.17/07:49:00 solver.py:221 ] Epoch: [100/400][320/391] lr: 1.90e-04 | MSE loss: 7.4406e-06 | time: 0.147
I 06.17/07:49:04 solver.py:221 ] Epoch: [100/400][340/391] lr: 1.90e-04 | MSE loss: 7.3820e-06 | time: 0.153
I 06.17/07:49:07 solver.py:221 ] Epoch: [100/400][360/391] lr: 1.90e-04 | MSE loss: 7.3845e-06 | time: 0.151
I 06.17/07:49:10 solver.py:221 ] Epoch: [100/400][380/391] lr: 1.90e-04 | MSE loss: 7.3622e-06 | time: 0.150
I 06.17/07:49:11 solver.py:243 ] => Train  Loss: 7.3583e-06

I 06.17/07:49:12 solver.py:221 ] Epoch: [100/400][20/118] lr: 1.90e-04 | MSE loss: 6.8908e-06 | time: 0.058
I 06.17/07:49:14 solver.py:221 ] Epoch: [100/400][40/118] lr: 1.90e-04 | MSE loss: 6.8323e-06 | time: 0.063
I 06.17/07:49:15 solver.py:221 ] Epoch: [100/400][60/118] lr: 1.90e-04 | MSE loss: 6.8652e-06 | time: 0.064
I 06.17/07:49:16 solver.py:221 ] Epoch: [100/400][80/118] lr: 1.90e-04 | MSE loss: 6.8652e-06 | time: 0.066
I 06.17/07:49:18 solver.py:221 ] Epoch: [100/400][100/118] lr: 1.90e-04 | MSE loss: 6.8508e-06 | time: 0.067
I 06.17/07:49:19 solver.py:243 ] => Val  Loss: 6.8717e-06

I 06.17/07:49:21 solver.py:471 ] [20/79] loss: 6.9206e-06 | NMSE: -1.8151e+01 | time: 0.079
I 06.17/07:49:22 solver.py:471 ] [40/79] loss: 6.8898e-06 | NMSE: -1.8173e+01 | time: 0.078
I 06.17/07:49:24 solver.py:471 ] [60/79] loss: 6.8998e-06 | NMSE: -1.8156e+01 | time: 0.076
I 06.17/07:49:25 solver.py:476 ] => Test NMSE: -1.8172e+01

I 06.17/07:49:25 solver.py:337 ] 
=! Best NMSE: -1.8172e+01 (epoch=100)

I 06.17/07:49:28 solver.py:221 ] Epoch: [101/400][20/391] lr: 1.90e-04 | MSE loss: 7.2556e-06 | time: 0.153
I 06.17/07:49:31 solver.py:221 ] Epoch: [101/400][40/391] lr: 1.90e-04 | MSE loss: 7.7873e-06 | time: 0.150
I 06.17/07:49:35 solver.py:221 ] Epoch: [101/400][60/391] lr: 1.90e-04 | MSE loss: 7.7909e-06 | time: 0.152
I 06.17/07:49:38 solver.py:221 ] Epoch: [101/400][80/391] lr: 1.90e-04 | MSE loss: 7.4196e-06 | time: 0.152
I 06.17/07:49:41 solver.py:221 ] Epoch: [101/400][100/391] lr: 1.90e-04 | MSE loss: 7.5441e-06 | time: 0.151
I 06.17/07:49:43 solver.py:221 ] Epoch: [101/400][120/391] lr: 1.90e-04 | MSE loss: 7.4054e-06 | time: 0.150
I 06.17/07:49:46 solver.py:221 ] Epoch: [101/400][140/391] lr: 1.90e-04 | MSE loss: 7.2182e-06 | time: 0.150
I 06.17/07:49:49 solver.py:221 ] Epoch: [101/400][160/391] lr: 1.90e-04 | MSE loss: 7.4558e-06 | time: 0.150
I 06.17/07:49:52 solver.py:221 ] Epoch: [101/400][180/391] lr: 1.90e-04 | MSE loss: 7.5734e-06 | time: 0.149
I 06.17/07:49:55 solver.py:221 ] Epoch: [101/400][200/391] lr: 1.90e-04 | MSE loss: 7.4448e-06 | time: 0.149
I 06.17/07:49:58 solver.py:221 ] Epoch: [101/400][220/391] lr: 1.90e-04 | MSE loss: 7.3454e-06 | time: 0.150
I 06.17/07:50:01 solver.py:221 ] Epoch: [101/400][240/391] lr: 1.90e-04 | MSE loss: 7.2581e-06 | time: 0.150
I 06.17/07:50:05 solver.py:221 ] Epoch: [101/400][260/391] lr: 1.90e-04 | MSE loss: 7.2647e-06 | time: 0.154
I 06.17/07:50:08 solver.py:221 ] Epoch: [101/400][280/391] lr: 1.90e-04 | MSE loss: 7.2722e-06 | time: 0.153
I 06.17/07:50:11 solver.py:221 ] Epoch: [101/400][300/391] lr: 1.90e-04 | MSE loss: 7.4732e-06 | time: 0.153
I 06.17/07:50:14 solver.py:221 ] Epoch: [101/400][320/391] lr: 1.90e-04 | MSE loss: 7.4279e-06 | time: 0.153
I 06.17/07:50:18 solver.py:221 ] Epoch: [101/400][340/391] lr: 1.90e-04 | MSE loss: 7.3517e-06 | time: 0.153
I 06.17/07:50:21 solver.py:221 ] Epoch: [101/400][360/391] lr: 1.90e-04 | MSE loss: 7.2961e-06 | time: 0.154
I 06.17/07:50:24 solver.py:221 ] Epoch: [101/400][380/391] lr: 1.90e-04 | MSE loss: 7.3975e-06 | time: 0.153
I 06.17/07:50:25 solver.py:243 ] => Train  Loss: 7.4189e-06

I 06.17/07:50:25 solver.py:337 ] 
=! Best NMSE: -1.8172e+01 (epoch=100)

I 06.17/07:50:29 solver.py:221 ] Epoch: [102/400][20/391] lr: 1.90e-04 | MSE loss: 6.2951e-06 | time: 0.144
I 06.17/07:50:32 solver.py:221 ] Epoch: [102/400][40/391] lr: 1.90e-04 | MSE loss: 6.7290e-06 | time: 0.152
I 06.17/07:50:35 solver.py:221 ] Epoch: [102/400][60/391] lr: 1.90e-04 | MSE loss: 6.4667e-06 | time: 0.149
I 06.17/07:50:38 solver.py:221 ] Epoch: [102/400][80/391] lr: 1.90e-04 | MSE loss: 6.4586e-06 | time: 0.149
I 06.17/07:50:41 solver.py:221 ] Epoch: [102/400][100/391] lr: 1.90e-04 | MSE loss: 6.6210e-06 | time: 0.149
I 06.17/07:50:44 solver.py:221 ] Epoch: [102/400][120/391] lr: 1.90e-04 | MSE loss: 7.5385e-06 | time: 0.149
I 06.17/07:50:47 solver.py:221 ] Epoch: [102/400][140/391] lr: 1.90e-04 | MSE loss: 7.3621e-06 | time: 0.149
I 06.17/07:50:50 solver.py:221 ] Epoch: [102/400][160/391] lr: 1.89e-04 | MSE loss: 7.3218e-06 | time: 0.149
I 06.17/07:50:53 solver.py:221 ] Epoch: [102/400][180/391] lr: 1.89e-04 | MSE loss: 7.2774e-06 | time: 0.149
I 06.17/07:50:56 solver.py:221 ] Epoch: [102/400][200/391] lr: 1.89e-04 | MSE loss: 7.1944e-06 | time: 0.149
I 06.17/07:50:58 solver.py:221 ] Epoch: [102/400][220/391] lr: 1.89e-04 | MSE loss: 7.1094e-06 | time: 0.149
I 06.17/07:51:01 solver.py:221 ] Epoch: [102/400][240/391] lr: 1.89e-04 | MSE loss: 7.1776e-06 | time: 0.149
I 06.17/07:51:06 solver.py:221 ] Epoch: [102/400][260/391] lr: 1.89e-04 | MSE loss: 7.1975e-06 | time: 0.154
I 06.17/07:51:08 solver.py:221 ] Epoch: [102/400][280/391] lr: 1.89e-04 | MSE loss: 7.1237e-06 | time: 0.153
I 06.17/07:51:11 solver.py:221 ] Epoch: [102/400][300/391] lr: 1.89e-04 | MSE loss: 7.1291e-06 | time: 0.153
I 06.17/07:51:14 solver.py:221 ] Epoch: [102/400][320/391] lr: 1.89e-04 | MSE loss: 7.1069e-06 | time: 0.152
I 06.17/07:51:17 solver.py:221 ] Epoch: [102/400][340/391] lr: 1.89e-04 | MSE loss: 7.1373e-06 | time: 0.152
I 06.17/07:51:20 solver.py:221 ] Epoch: [102/400][360/391] lr: 1.89e-04 | MSE loss: 7.0899e-06 | time: 0.152
I 06.17/07:51:24 solver.py:221 ] Epoch: [102/400][380/391] lr: 1.89e-04 | MSE loss: 7.1279e-06 | time: 0.153
I 06.17/07:51:26 solver.py:243 ] => Train  Loss: 7.1739e-06

I 06.17/07:51:26 solver.py:337 ] 
=! Best NMSE: -1.8172e+01 (epoch=100)

I 06.17/07:51:29 solver.py:221 ] Epoch: [103/400][20/391] lr: 1.89e-04 | MSE loss: 6.2566e-06 | time: 0.137
I 06.17/07:51:32 solver.py:221 ] Epoch: [103/400][40/391] lr: 1.89e-04 | MSE loss: 6.7084e-06 | time: 0.143
I 06.17/07:51:35 solver.py:221 ] Epoch: [103/400][60/391] lr: 1.89e-04 | MSE loss: 7.0400e-06 | time: 0.144
I 06.17/07:51:38 solver.py:221 ] Epoch: [103/400][80/391] lr: 1.89e-04 | MSE loss: 7.0058e-06 | time: 0.146
I 06.17/07:51:41 solver.py:221 ] Epoch: [103/400][100/391] lr: 1.89e-04 | MSE loss: 6.7494e-06 | time: 0.146
I 06.17/07:51:44 solver.py:221 ] Epoch: [103/400][120/391] lr: 1.89e-04 | MSE loss: 7.3264e-06 | time: 0.147
I 06.17/07:51:47 solver.py:221 ] Epoch: [103/400][140/391] lr: 1.89e-04 | MSE loss: 7.3574e-06 | time: 0.147
I 06.17/07:51:50 solver.py:221 ] Epoch: [103/400][160/391] lr: 1.89e-04 | MSE loss: 7.1552e-06 | time: 0.148
I 06.17/07:51:53 solver.py:221 ] Epoch: [103/400][180/391] lr: 1.89e-04 | MSE loss: 7.0602e-06 | time: 0.148
I 06.17/07:51:56 solver.py:221 ] Epoch: [103/400][200/391] lr: 1.89e-04 | MSE loss: 7.3613e-06 | time: 0.148
I 06.17/07:51:59 solver.py:221 ] Epoch: [103/400][220/391] lr: 1.89e-04 | MSE loss: 7.3566e-06 | time: 0.148
I 06.17/07:52:01 solver.py:221 ] Epoch: [103/400][240/391] lr: 1.89e-04 | MSE loss: 7.2519e-06 | time: 0.148
I 06.17/07:52:05 solver.py:221 ] Epoch: [103/400][260/391] lr: 1.89e-04 | MSE loss: 7.1436e-06 | time: 0.151
I 06.17/07:52:08 solver.py:221 ] Epoch: [103/400][280/391] lr: 1.89e-04 | MSE loss: 7.0341e-06 | time: 0.151
I 06.17/07:52:11 solver.py:221 ] Epoch: [103/400][300/391] lr: 1.89e-04 | MSE loss: 6.9767e-06 | time: 0.151
I 06.17/07:52:14 solver.py:221 ] Epoch: [103/400][320/391] lr: 1.89e-04 | MSE loss: 7.4527e-06 | time: 0.151
I 06.17/07:52:17 solver.py:221 ] Epoch: [103/400][340/391] lr: 1.89e-04 | MSE loss: 7.4134e-06 | time: 0.151
I 06.17/07:52:20 solver.py:221 ] Epoch: [103/400][360/391] lr: 1.89e-04 | MSE loss: 7.3186e-06 | time: 0.151
I 06.17/07:52:24 solver.py:221 ] Epoch: [103/400][380/391] lr: 1.89e-04 | MSE loss: 7.2726e-06 | time: 0.152
I 06.17/07:52:25 solver.py:243 ] => Train  Loss: 7.2529e-06

I 06.17/07:52:25 solver.py:337 ] 
=! Best NMSE: -1.8172e+01 (epoch=100)

I 06.17/07:52:29 solver.py:221 ] Epoch: [104/400][20/391] lr: 1.89e-04 | MSE loss: 6.4230e-06 | time: 0.139
I 06.17/07:52:32 solver.py:221 ] Epoch: [104/400][40/391] lr: 1.89e-04 | MSE loss: 6.2329e-06 | time: 0.151
I 06.17/07:52:35 solver.py:221 ] Epoch: [104/400][60/391] lr: 1.89e-04 | MSE loss: 6.1731e-06 | time: 0.149
I 06.17/07:52:38 solver.py:221 ] Epoch: [104/400][80/391] lr: 1.89e-04 | MSE loss: 6.7156e-06 | time: 0.149
I 06.17/07:52:41 solver.py:221 ] Epoch: [104/400][100/391] lr: 1.89e-04 | MSE loss: 6.5966e-06 | time: 0.150
I 06.17/07:52:44 solver.py:221 ] Epoch: [104/400][120/391] lr: 1.89e-04 | MSE loss: 6.7134e-06 | time: 0.150
I 06.17/07:52:47 solver.py:221 ] Epoch: [104/400][140/391] lr: 1.89e-04 | MSE loss: 6.6773e-06 | time: 0.149
I 06.17/07:52:50 solver.py:221 ] Epoch: [104/400][160/391] lr: 1.89e-04 | MSE loss: 6.7381e-06 | time: 0.150
I 06.17/07:52:53 solver.py:221 ] Epoch: [104/400][180/391] lr: 1.89e-04 | MSE loss: 6.9434e-06 | time: 0.149
I 06.17/07:52:55 solver.py:221 ] Epoch: [104/400][200/391] lr: 1.89e-04 | MSE loss: 6.9377e-06 | time: 0.149
I 06.17/07:52:59 solver.py:221 ] Epoch: [104/400][220/391] lr: 1.89e-04 | MSE loss: 6.8301e-06 | time: 0.149
I 06.17/07:53:01 solver.py:221 ] Epoch: [104/400][240/391] lr: 1.89e-04 | MSE loss: 6.7794e-06 | time: 0.149
I 06.17/07:53:05 solver.py:221 ] Epoch: [104/400][260/391] lr: 1.89e-04 | MSE loss: 6.7255e-06 | time: 0.152
I 06.17/07:53:08 solver.py:221 ] Epoch: [104/400][280/391] lr: 1.89e-04 | MSE loss: 7.1916e-06 | time: 0.151
I 06.17/07:53:11 solver.py:221 ] Epoch: [104/400][300/391] lr: 1.89e-04 | MSE loss: 7.1956e-06 | time: 0.151
I 06.17/07:53:14 solver.py:221 ] Epoch: [104/400][320/391] lr: 1.89e-04 | MSE loss: 7.1152e-06 | time: 0.151
I 06.17/07:53:17 solver.py:221 ] Epoch: [104/400][340/391] lr: 1.89e-04 | MSE loss: 7.0502e-06 | time: 0.151
I 06.17/07:53:20 solver.py:221 ] Epoch: [104/400][360/391] lr: 1.89e-04 | MSE loss: 6.9805e-06 | time: 0.151
I 06.17/07:53:23 solver.py:221 ] Epoch: [104/400][380/391] lr: 1.89e-04 | MSE loss: 6.9380e-06 | time: 0.152
I 06.17/07:53:25 solver.py:243 ] => Train  Loss: 7.0112e-06

I 06.17/07:53:25 solver.py:337 ] 
=! Best NMSE: -1.8172e+01 (epoch=100)

I 06.17/07:53:28 solver.py:221 ] Epoch: [105/400][20/391] lr: 1.89e-04 | MSE loss: 6.4212e-06 | time: 0.134
I 06.17/07:53:31 solver.py:221 ] Epoch: [105/400][40/391] lr: 1.89e-04 | MSE loss: 6.5040e-06 | time: 0.142
I 06.17/07:53:34 solver.py:221 ] Epoch: [105/400][60/391] lr: 1.89e-04 | MSE loss: 7.1696e-06 | time: 0.147
I 06.17/07:53:37 solver.py:221 ] Epoch: [105/400][80/391] lr: 1.89e-04 | MSE loss: 6.8842e-06 | time: 0.148
I 06.17/07:53:40 solver.py:221 ] Epoch: [105/400][100/391] lr: 1.89e-04 | MSE loss: 6.6966e-06 | time: 0.150
I 06.17/07:53:44 solver.py:221 ] Epoch: [105/400][120/391] lr: 1.88e-04 | MSE loss: 7.0376e-06 | time: 0.150
I 06.17/07:53:47 solver.py:221 ] Epoch: [105/400][140/391] lr: 1.88e-04 | MSE loss: 7.0178e-06 | time: 0.151
I 06.17/07:53:50 solver.py:221 ] Epoch: [105/400][160/391] lr: 1.88e-04 | MSE loss: 7.0126e-06 | time: 0.152
I 06.17/07:53:53 solver.py:221 ] Epoch: [105/400][180/391] lr: 1.88e-04 | MSE loss: 6.8782e-06 | time: 0.153
I 06.17/07:53:56 solver.py:221 ] Epoch: [105/400][200/391] lr: 1.88e-04 | MSE loss: 6.9251e-06 | time: 0.152
I 06.17/07:53:59 solver.py:221 ] Epoch: [105/400][220/391] lr: 1.88e-04 | MSE loss: 7.2940e-06 | time: 0.151
I 06.17/07:54:02 solver.py:221 ] Epoch: [105/400][240/391] lr: 1.88e-04 | MSE loss: 7.2233e-06 | time: 0.153
I 06.17/07:54:06 solver.py:221 ] Epoch: [105/400][260/391] lr: 1.88e-04 | MSE loss: 7.1371e-06 | time: 0.154
I 06.17/07:54:08 solver.py:221 ] Epoch: [105/400][280/391] lr: 1.88e-04 | MSE loss: 7.0588e-06 | time: 0.153
I 06.17/07:54:11 solver.py:221 ] Epoch: [105/400][300/391] lr: 1.88e-04 | MSE loss: 7.0288e-06 | time: 0.153
I 06.17/07:54:14 solver.py:221 ] Epoch: [105/400][320/391] lr: 1.88e-04 | MSE loss: 6.9778e-06 | time: 0.153
I 06.17/07:54:17 solver.py:221 ] Epoch: [105/400][340/391] lr: 1.88e-04 | MSE loss: 6.9565e-06 | time: 0.153
I 06.17/07:54:21 solver.py:221 ] Epoch: [105/400][360/391] lr: 1.88e-04 | MSE loss: 7.0135e-06 | time: 0.153
I 06.17/07:54:24 solver.py:221 ] Epoch: [105/400][380/391] lr: 1.88e-04 | MSE loss: 6.9678e-06 | time: 0.153
I 06.17/07:54:25 solver.py:243 ] => Train  Loss: 6.9764e-06

I 06.17/07:54:26 solver.py:337 ] 
=! Best NMSE: -1.8172e+01 (epoch=100)

I 06.17/07:54:29 solver.py:221 ] Epoch: [106/400][20/391] lr: 1.88e-04 | MSE loss: 7.4488e-06 | time: 0.137
I 06.17/07:54:32 solver.py:221 ] Epoch: [106/400][40/391] lr: 1.88e-04 | MSE loss: 6.8964e-06 | time: 0.143
I 06.17/07:54:35 solver.py:221 ] Epoch: [106/400][60/391] lr: 1.88e-04 | MSE loss: 7.2273e-06 | time: 0.147
I 06.17/07:54:38 solver.py:221 ] Epoch: [106/400][80/391] lr: 1.88e-04 | MSE loss: 6.9730e-06 | time: 0.151
I 06.17/07:54:41 solver.py:221 ] Epoch: [106/400][100/391] lr: 1.88e-04 | MSE loss: 6.8848e-06 | time: 0.150
I 06.17/07:54:44 solver.py:221 ] Epoch: [106/400][120/391] lr: 1.88e-04 | MSE loss: 6.8517e-06 | time: 0.149
I 06.17/07:54:47 solver.py:221 ] Epoch: [106/400][140/391] lr: 1.88e-04 | MSE loss: 6.8076e-06 | time: 0.148
I 06.17/07:54:50 solver.py:221 ] Epoch: [106/400][160/391] lr: 1.88e-04 | MSE loss: 7.0266e-06 | time: 0.149
I 06.17/07:54:53 solver.py:221 ] Epoch: [106/400][180/391] lr: 1.88e-04 | MSE loss: 7.1085e-06 | time: 0.148
I 06.17/07:54:56 solver.py:221 ] Epoch: [106/400][200/391] lr: 1.88e-04 | MSE loss: 7.0792e-06 | time: 0.148
I 06.17/07:54:59 solver.py:221 ] Epoch: [106/400][220/391] lr: 1.88e-04 | MSE loss: 6.9861e-06 | time: 0.148
I 06.17/07:55:01 solver.py:221 ] Epoch: [106/400][240/391] lr: 1.88e-04 | MSE loss: 6.9485e-06 | time: 0.148
I 06.17/07:55:05 solver.py:221 ] Epoch: [106/400][260/391] lr: 1.88e-04 | MSE loss: 6.8889e-06 | time: 0.151
I 06.17/07:55:08 solver.py:221 ] Epoch: [106/400][280/391] lr: 1.88e-04 | MSE loss: 7.0465e-06 | time: 0.150
I 06.17/07:55:11 solver.py:221 ] Epoch: [106/400][300/391] lr: 1.88e-04 | MSE loss: 7.0519e-06 | time: 0.150
I 06.17/07:55:14 solver.py:221 ] Epoch: [106/400][320/391] lr: 1.88e-04 | MSE loss: 6.9759e-06 | time: 0.150
I 06.17/07:55:17 solver.py:221 ] Epoch: [106/400][340/391] lr: 1.88e-04 | MSE loss: 6.9228e-06 | time: 0.149
I 06.17/07:55:20 solver.py:221 ] Epoch: [106/400][360/391] lr: 1.88e-04 | MSE loss: 6.9737e-06 | time: 0.149
I 06.17/07:55:23 solver.py:221 ] Epoch: [106/400][380/391] lr: 1.88e-04 | MSE loss: 6.9373e-06 | time: 0.150
I 06.17/07:55:25 solver.py:243 ] => Train  Loss: 6.8952e-06

I 06.17/07:55:25 solver.py:337 ] 
=! Best NMSE: -1.8172e+01 (epoch=100)

I 06.17/07:55:28 solver.py:221 ] Epoch: [107/400][20/391] lr: 1.88e-04 | MSE loss: 7.1717e-06 | time: 0.138
I 06.17/07:55:31 solver.py:221 ] Epoch: [107/400][40/391] lr: 1.88e-04 | MSE loss: 6.5253e-06 | time: 0.145
I 06.17/07:55:34 solver.py:221 ] Epoch: [107/400][60/391] lr: 1.88e-04 | MSE loss: 7.3525e-06 | time: 0.148
I 06.17/07:55:37 solver.py:221 ] Epoch: [107/400][80/391] lr: 1.88e-04 | MSE loss: 7.2811e-06 | time: 0.148
I 06.17/07:55:40 solver.py:221 ] Epoch: [107/400][100/391] lr: 1.88e-04 | MSE loss: 7.3213e-06 | time: 0.148
I 06.17/07:55:43 solver.py:221 ] Epoch: [107/400][120/391] lr: 1.88e-04 | MSE loss: 7.1469e-06 | time: 0.151
I 06.17/07:55:46 solver.py:221 ] Epoch: [107/400][140/391] lr: 1.88e-04 | MSE loss: 6.9155e-06 | time: 0.151
I 06.17/07:55:49 solver.py:221 ] Epoch: [107/400][160/391] lr: 1.88e-04 | MSE loss: 6.7827e-06 | time: 0.150
I 06.17/07:55:52 solver.py:221 ] Epoch: [107/400][180/391] lr: 1.88e-04 | MSE loss: 6.9623e-06 | time: 0.149
I 06.17/07:55:55 solver.py:221 ] Epoch: [107/400][200/391] lr: 1.88e-04 | MSE loss: 6.8638e-06 | time: 0.149
I 06.17/07:55:58 solver.py:221 ] Epoch: [107/400][220/391] lr: 1.88e-04 | MSE loss: 6.8160e-06 | time: 0.149
I 06.17/07:56:01 solver.py:221 ] Epoch: [107/400][240/391] lr: 1.88e-04 | MSE loss: 6.8370e-06 | time: 0.149
I 06.17/07:56:05 solver.py:221 ] Epoch: [107/400][260/391] lr: 1.88e-04 | MSE loss: 6.9254e-06 | time: 0.155
I 06.17/07:56:08 solver.py:221 ] Epoch: [107/400][280/391] lr: 1.88e-04 | MSE loss: 6.8681e-06 | time: 0.154
I 06.17/07:56:11 solver.py:221 ] Epoch: [107/400][300/391] lr: 1.88e-04 | MSE loss: 6.8919e-06 | time: 0.153
I 06.17/07:56:14 solver.py:221 ] Epoch: [107/400][320/391] lr: 1.88e-04 | MSE loss: 6.9905e-06 | time: 0.153
I 06.17/07:56:17 solver.py:221 ] Epoch: [107/400][340/391] lr: 1.88e-04 | MSE loss: 6.9531e-06 | time: 0.153
I 06.17/07:56:20 solver.py:221 ] Epoch: [107/400][360/391] lr: 1.88e-04 | MSE loss: 6.9607e-06 | time: 0.153
I 06.17/07:56:23 solver.py:221 ] Epoch: [107/400][380/391] lr: 1.88e-04 | MSE loss: 6.9848e-06 | time: 0.152
I 06.17/07:56:25 solver.py:243 ] => Train  Loss: 6.9602e-06

I 06.17/07:56:25 solver.py:337 ] 
=! Best NMSE: -1.8172e+01 (epoch=100)

I 06.17/07:56:28 solver.py:221 ] Epoch: [108/400][20/391] lr: 1.88e-04 | MSE loss: 6.0787e-06 | time: 0.134
I 06.17/07:56:31 solver.py:221 ] Epoch: [108/400][40/391] lr: 1.88e-04 | MSE loss: 5.8502e-06 | time: 0.139
I 06.17/07:56:34 solver.py:221 ] Epoch: [108/400][60/391] lr: 1.87e-04 | MSE loss: 5.9252e-06 | time: 0.142
I 06.17/07:56:37 solver.py:221 ] Epoch: [108/400][80/391] lr: 1.87e-04 | MSE loss: 7.0036e-06 | time: 0.146
I 06.17/07:56:40 solver.py:221 ] Epoch: [108/400][100/391] lr: 1.87e-04 | MSE loss: 7.5545e-06 | time: 0.147
I 06.17/07:56:43 solver.py:221 ] Epoch: [108/400][120/391] lr: 1.87e-04 | MSE loss: 7.2875e-06 | time: 0.149
I 06.17/07:56:46 solver.py:221 ] Epoch: [108/400][140/391] lr: 1.87e-04 | MSE loss: 7.0450e-06 | time: 0.148
I 06.17/07:56:49 solver.py:221 ] Epoch: [108/400][160/391] lr: 1.87e-04 | MSE loss: 6.8481e-06 | time: 0.148
I 06.17/07:56:52 solver.py:221 ] Epoch: [108/400][180/391] lr: 1.87e-04 | MSE loss: 6.9368e-06 | time: 0.148
I 06.17/07:56:55 solver.py:221 ] Epoch: [108/400][200/391] lr: 1.87e-04 | MSE loss: 6.8563e-06 | time: 0.149
I 06.17/07:56:58 solver.py:221 ] Epoch: [108/400][220/391] lr: 1.87e-04 | MSE loss: 6.7271e-06 | time: 0.149
I 06.17/07:57:01 solver.py:221 ] Epoch: [108/400][240/391] lr: 1.87e-04 | MSE loss: 6.7724e-06 | time: 0.149
I 06.17/07:57:05 solver.py:221 ] Epoch: [108/400][260/391] lr: 1.87e-04 | MSE loss: 6.7669e-06 | time: 0.152
I 06.17/07:57:08 solver.py:221 ] Epoch: [108/400][280/391] lr: 1.87e-04 | MSE loss: 6.7332e-06 | time: 0.152
I 06.17/07:57:11 solver.py:221 ] Epoch: [108/400][300/391] lr: 1.87e-04 | MSE loss: 6.7981e-06 | time: 0.152
I 06.17/07:57:14 solver.py:221 ] Epoch: [108/400][320/391] lr: 1.87e-04 | MSE loss: 6.7597e-06 | time: 0.152
I 06.17/07:57:17 solver.py:221 ] Epoch: [108/400][340/391] lr: 1.87e-04 | MSE loss: 6.7195e-06 | time: 0.152
I 06.17/07:57:20 solver.py:221 ] Epoch: [108/400][360/391] lr: 1.87e-04 | MSE loss: 6.8310e-06 | time: 0.152
I 06.17/07:57:23 solver.py:221 ] Epoch: [108/400][380/391] lr: 1.87e-04 | MSE loss: 6.7763e-06 | time: 0.152
I 06.17/07:57:24 solver.py:243 ] => Train  Loss: 6.7595e-06

I 06.17/07:57:25 solver.py:337 ] 
=! Best NMSE: -1.8172e+01 (epoch=100)

I 06.17/07:57:28 solver.py:221 ] Epoch: [109/400][20/391] lr: 1.87e-04 | MSE loss: 5.8409e-06 | time: 0.131
I 06.17/07:57:30 solver.py:221 ] Epoch: [109/400][40/391] lr: 1.87e-04 | MSE loss: 6.8658e-06 | time: 0.131
I 06.17/07:57:33 solver.py:221 ] Epoch: [109/400][60/391] lr: 1.87e-04 | MSE loss: 7.1438e-06 | time: 0.134
I 06.17/07:57:36 solver.py:221 ] Epoch: [109/400][80/391] lr: 1.87e-04 | MSE loss: 6.7689e-06 | time: 0.135
I 06.17/07:57:39 solver.py:221 ] Epoch: [109/400][100/391] lr: 1.87e-04 | MSE loss: 7.1251e-06 | time: 0.137
I 06.17/07:57:42 solver.py:221 ] Epoch: [109/400][120/391] lr: 1.87e-04 | MSE loss: 6.9391e-06 | time: 0.140
I 06.17/07:57:45 solver.py:221 ] Epoch: [109/400][140/391] lr: 1.87e-04 | MSE loss: 6.6805e-06 | time: 0.142
I 06.17/07:57:48 solver.py:221 ] Epoch: [109/400][160/391] lr: 1.87e-04 | MSE loss: 6.5337e-06 | time: 0.143
I 06.17/07:57:51 solver.py:221 ] Epoch: [109/400][180/391] lr: 1.87e-04 | MSE loss: 6.6043e-06 | time: 0.144
I 06.17/07:57:54 solver.py:221 ] Epoch: [109/400][200/391] lr: 1.87e-04 | MSE loss: 6.7377e-06 | time: 0.144
I 06.17/07:57:57 solver.py:221 ] Epoch: [109/400][220/391] lr: 1.87e-04 | MSE loss: 6.7554e-06 | time: 0.145
I 06.17/07:58:00 solver.py:221 ] Epoch: [109/400][240/391] lr: 1.87e-04 | MSE loss: 6.7516e-06 | time: 0.146
I 06.17/07:58:05 solver.py:221 ] Epoch: [109/400][260/391] lr: 1.87e-04 | MSE loss: 6.7279e-06 | time: 0.154
I 06.17/07:58:08 solver.py:221 ] Epoch: [109/400][280/391] lr: 1.87e-04 | MSE loss: 6.6945e-06 | time: 0.153
I 06.17/07:58:11 solver.py:221 ] Epoch: [109/400][300/391] lr: 1.87e-04 | MSE loss: 6.7262e-06 | time: 0.152
I 06.17/07:58:14 solver.py:221 ] Epoch: [109/400][320/391] lr: 1.87e-04 | MSE loss: 6.7513e-06 | time: 0.152
I 06.17/07:58:16 solver.py:221 ] Epoch: [109/400][340/391] lr: 1.87e-04 | MSE loss: 6.7125e-06 | time: 0.152
I 06.17/07:58:19 solver.py:221 ] Epoch: [109/400][360/391] lr: 1.87e-04 | MSE loss: 6.6744e-06 | time: 0.151
I 06.17/07:58:22 solver.py:221 ] Epoch: [109/400][380/391] lr: 1.87e-04 | MSE loss: 6.7083e-06 | time: 0.151
I 06.17/07:58:24 solver.py:243 ] => Train  Loss: 6.7072e-06

I 06.17/07:58:24 solver.py:337 ] 
=! Best NMSE: -1.8172e+01 (epoch=100)

I 06.17/07:58:27 solver.py:221 ] Epoch: [110/400][20/391] lr: 1.87e-04 | MSE loss: 6.2868e-06 | time: 0.135
I 06.17/07:58:30 solver.py:221 ] Epoch: [110/400][40/391] lr: 1.87e-04 | MSE loss: 6.3687e-06 | time: 0.140
I 06.17/07:58:33 solver.py:221 ] Epoch: [110/400][60/391] lr: 1.87e-04 | MSE loss: 6.0261e-06 | time: 0.143
I 06.17/07:58:36 solver.py:221 ] Epoch: [110/400][80/391] lr: 1.87e-04 | MSE loss: 5.8454e-06 | time: 0.143
I 06.17/07:58:39 solver.py:221 ] Epoch: [110/400][100/391] lr: 1.87e-04 | MSE loss: 6.4629e-06 | time: 0.144
I 06.17/07:58:42 solver.py:221 ] Epoch: [110/400][120/391] lr: 1.87e-04 | MSE loss: 6.8160e-06 | time: 0.144
I 06.17/07:58:45 solver.py:221 ] Epoch: [110/400][140/391] lr: 1.87e-04 | MSE loss: 6.6706e-06 | time: 0.145
I 06.17/07:58:48 solver.py:221 ] Epoch: [110/400][160/391] lr: 1.87e-04 | MSE loss: 6.7252e-06 | time: 0.145
I 06.17/07:58:51 solver.py:221 ] Epoch: [110/400][180/391] lr: 1.87e-04 | MSE loss: 6.7405e-06 | time: 0.145
I 06.17/07:58:54 solver.py:221 ] Epoch: [110/400][200/391] lr: 1.87e-04 | MSE loss: 6.6063e-06 | time: 0.145
I 06.17/07:58:57 solver.py:221 ] Epoch: [110/400][220/391] lr: 1.87e-04 | MSE loss: 6.5766e-06 | time: 0.147
I 06.17/07:59:00 solver.py:221 ] Epoch: [110/400][240/391] lr: 1.87e-04 | MSE loss: 6.5490e-06 | time: 0.148
I 06.17/07:59:04 solver.py:221 ] Epoch: [110/400][260/391] lr: 1.87e-04 | MSE loss: 6.6241e-06 | time: 0.151
I 06.17/07:59:07 solver.py:221 ] Epoch: [110/400][280/391] lr: 1.87e-04 | MSE loss: 6.7597e-06 | time: 0.151
I 06.17/07:59:10 solver.py:221 ] Epoch: [110/400][300/391] lr: 1.87e-04 | MSE loss: 6.7330e-06 | time: 0.151
I 06.17/07:59:13 solver.py:221 ] Epoch: [110/400][320/391] lr: 1.87e-04 | MSE loss: 6.7019e-06 | time: 0.150
I 06.17/07:59:16 solver.py:221 ] Epoch: [110/400][340/391] lr: 1.86e-04 | MSE loss: 6.6541e-06 | time: 0.150
I 06.17/07:59:18 solver.py:221 ] Epoch: [110/400][360/391] lr: 1.86e-04 | MSE loss: 6.6300e-06 | time: 0.149
I 06.17/07:59:21 solver.py:221 ] Epoch: [110/400][380/391] lr: 1.86e-04 | MSE loss: 6.5926e-06 | time: 0.148
I 06.17/07:59:22 solver.py:243 ] => Train  Loss: 6.5920e-06

I 06.17/07:59:24 solver.py:221 ] Epoch: [110/400][20/118] lr: 1.86e-04 | MSE loss: 8.1628e-06 | time: 0.060
I 06.17/07:59:25 solver.py:221 ] Epoch: [110/400][40/118] lr: 1.86e-04 | MSE loss: 8.1038e-06 | time: 0.056
I 06.17/07:59:26 solver.py:221 ] Epoch: [110/400][60/118] lr: 1.86e-04 | MSE loss: 8.1317e-06 | time: 0.060
I 06.17/07:59:28 solver.py:221 ] Epoch: [110/400][80/118] lr: 1.86e-04 | MSE loss: 8.1282e-06 | time: 0.063
I 06.17/07:59:29 solver.py:221 ] Epoch: [110/400][100/118] lr: 1.86e-04 | MSE loss: 8.1145e-06 | time: 0.066
I 06.17/07:59:31 solver.py:243 ] => Val  Loss: 8.1331e-06

I 06.17/07:59:32 solver.py:471 ] [20/79] loss: 8.1983e-06 | NMSE: -1.7415e+01 | time: 0.087
I 06.17/07:59:34 solver.py:471 ] [40/79] loss: 8.1485e-06 | NMSE: -1.7444e+01 | time: 0.090
I 06.17/07:59:36 solver.py:471 ] [60/79] loss: 8.1581e-06 | NMSE: -1.7429e+01 | time: 0.087
I 06.17/07:59:37 solver.py:476 ] => Test NMSE: -1.7442e+01

I 06.17/07:59:37 solver.py:337 ] 
=! Best NMSE: -1.8172e+01 (epoch=100)

I 06.17/07:59:41 solver.py:221 ] Epoch: [111/400][20/391] lr: 1.86e-04 | MSE loss: 8.1316e-06 | time: 0.177
I 06.17/07:59:44 solver.py:221 ] Epoch: [111/400][40/391] lr: 1.86e-04 | MSE loss: 7.2714e-06 | time: 0.163
I 06.17/07:59:47 solver.py:221 ] Epoch: [111/400][60/391] lr: 1.86e-04 | MSE loss: 6.7743e-06 | time: 0.157
I 06.17/07:59:50 solver.py:221 ] Epoch: [111/400][80/391] lr: 1.86e-04 | MSE loss: 6.8152e-06 | time: 0.157
I 06.17/07:59:53 solver.py:221 ] Epoch: [111/400][100/391] lr: 1.86e-04 | MSE loss: 6.6740e-06 | time: 0.156
I 06.17/07:59:57 solver.py:221 ] Epoch: [111/400][120/391] lr: 1.86e-04 | MSE loss: 6.7965e-06 | time: 0.156
I 06.17/08:00:00 solver.py:221 ] Epoch: [111/400][140/391] lr: 1.86e-04 | MSE loss: 7.1313e-06 | time: 0.156
I 06.17/08:00:04 solver.py:221 ] Epoch: [111/400][160/391] lr: 1.86e-04 | MSE loss: 7.1617e-06 | time: 0.165
I 06.17/08:00:07 solver.py:221 ] Epoch: [111/400][180/391] lr: 1.86e-04 | MSE loss: 6.9834e-06 | time: 0.164
I 06.17/08:00:10 solver.py:221 ] Epoch: [111/400][200/391] lr: 1.86e-04 | MSE loss: 6.8276e-06 | time: 0.163
I 06.17/08:00:13 solver.py:221 ] Epoch: [111/400][220/391] lr: 1.86e-04 | MSE loss: 6.7038e-06 | time: 0.163
I 06.17/08:00:17 solver.py:221 ] Epoch: [111/400][240/391] lr: 1.86e-04 | MSE loss: 6.6687e-06 | time: 0.162
I 06.17/08:00:20 solver.py:221 ] Epoch: [111/400][260/391] lr: 1.86e-04 | MSE loss: 6.5981e-06 | time: 0.161
I 06.17/08:00:23 solver.py:221 ] Epoch: [111/400][280/391] lr: 1.86e-04 | MSE loss: 6.5106e-06 | time: 0.161
I 06.17/08:00:26 solver.py:221 ] Epoch: [111/400][300/391] lr: 1.86e-04 | MSE loss: 6.5589e-06 | time: 0.160
I 06.17/08:00:29 solver.py:221 ] Epoch: [111/400][320/391] lr: 1.86e-04 | MSE loss: 6.9873e-06 | time: 0.159
I 06.17/08:00:32 solver.py:221 ] Epoch: [111/400][340/391] lr: 1.86e-04 | MSE loss: 6.9830e-06 | time: 0.159
I 06.17/08:00:35 solver.py:221 ] Epoch: [111/400][360/391] lr: 1.86e-04 | MSE loss: 6.9074e-06 | time: 0.158
I 06.17/08:00:37 solver.py:221 ] Epoch: [111/400][380/391] lr: 1.86e-04 | MSE loss: 6.8390e-06 | time: 0.157
I 06.17/08:00:39 solver.py:243 ] => Train  Loss: 6.8034e-06

I 06.17/08:00:39 solver.py:337 ] 
=! Best NMSE: -1.8172e+01 (epoch=100)

I 06.17/08:00:42 solver.py:221 ] Epoch: [112/400][20/391] lr: 1.86e-04 | MSE loss: 5.7532e-06 | time: 0.133
I 06.17/08:00:45 solver.py:221 ] Epoch: [112/400][40/391] lr: 1.86e-04 | MSE loss: 5.6278e-06 | time: 0.140
I 06.17/08:00:48 solver.py:221 ] Epoch: [112/400][60/391] lr: 1.86e-04 | MSE loss: 5.5571e-06 | time: 0.143
I 06.17/08:00:51 solver.py:221 ] Epoch: [112/400][80/391] lr: 1.86e-04 | MSE loss: 5.9094e-06 | time: 0.144
I 06.17/08:00:54 solver.py:221 ] Epoch: [112/400][100/391] lr: 1.86e-04 | MSE loss: 6.4704e-06 | time: 0.144
I 06.17/08:00:57 solver.py:221 ] Epoch: [112/400][120/391] lr: 1.86e-04 | MSE loss: 6.3746e-06 | time: 0.145
I 06.17/08:01:00 solver.py:221 ] Epoch: [112/400][140/391] lr: 1.86e-04 | MSE loss: 6.3207e-06 | time: 0.145
I 06.17/08:01:03 solver.py:221 ] Epoch: [112/400][160/391] lr: 1.86e-04 | MSE loss: 6.2430e-06 | time: 0.150
I 06.17/08:01:07 solver.py:221 ] Epoch: [112/400][180/391] lr: 1.86e-04 | MSE loss: 6.2948e-06 | time: 0.151
I 06.17/08:01:10 solver.py:221 ] Epoch: [112/400][200/391] lr: 1.86e-04 | MSE loss: 6.3381e-06 | time: 0.151
I 06.17/08:01:13 solver.py:221 ] Epoch: [112/400][220/391] lr: 1.86e-04 | MSE loss: 6.2845e-06 | time: 0.151
I 06.17/08:01:16 solver.py:221 ] Epoch: [112/400][240/391] lr: 1.86e-04 | MSE loss: 6.2033e-06 | time: 0.151
I 06.17/08:01:19 solver.py:221 ] Epoch: [112/400][260/391] lr: 1.86e-04 | MSE loss: 6.1371e-06 | time: 0.151
I 06.17/08:01:22 solver.py:221 ] Epoch: [112/400][280/391] lr: 1.86e-04 | MSE loss: 6.3452e-06 | time: 0.151
I 06.17/08:01:25 solver.py:221 ] Epoch: [112/400][300/391] lr: 1.86e-04 | MSE loss: 6.5678e-06 | time: 0.151
I 06.17/08:01:28 solver.py:221 ] Epoch: [112/400][320/391] lr: 1.86e-04 | MSE loss: 6.5028e-06 | time: 0.152
I 06.17/08:01:31 solver.py:221 ] Epoch: [112/400][340/391] lr: 1.86e-04 | MSE loss: 6.4656e-06 | time: 0.152
I 06.17/08:01:34 solver.py:221 ] Epoch: [112/400][360/391] lr: 1.86e-04 | MSE loss: 6.4258e-06 | time: 0.152
I 06.17/08:01:37 solver.py:221 ] Epoch: [112/400][380/391] lr: 1.86e-04 | MSE loss: 6.3965e-06 | time: 0.152
I 06.17/08:01:39 solver.py:243 ] => Train  Loss: 6.3809e-06

I 06.17/08:01:39 solver.py:337 ] 
=! Best NMSE: -1.8172e+01 (epoch=100)

I 06.17/08:01:42 solver.py:221 ] Epoch: [113/400][20/391] lr: 1.86e-04 | MSE loss: 5.7985e-06 | time: 0.138
I 06.17/08:01:45 solver.py:221 ] Epoch: [113/400][40/391] lr: 1.86e-04 | MSE loss: 7.5076e-06 | time: 0.145
I 06.17/08:01:48 solver.py:221 ] Epoch: [113/400][60/391] lr: 1.86e-04 | MSE loss: 6.9389e-06 | time: 0.149
I 06.17/08:01:51 solver.py:221 ] Epoch: [113/400][80/391] lr: 1.86e-04 | MSE loss: 6.6661e-06 | time: 0.150
I 06.17/08:01:54 solver.py:221 ] Epoch: [113/400][100/391] lr: 1.86e-04 | MSE loss: 6.4305e-06 | time: 0.149
I 06.17/08:01:57 solver.py:221 ] Epoch: [113/400][120/391] lr: 1.86e-04 | MSE loss: 6.4662e-06 | time: 0.149
I 06.17/08:02:00 solver.py:221 ] Epoch: [113/400][140/391] lr: 1.86e-04 | MSE loss: 6.4542e-06 | time: 0.149
I 06.17/08:02:03 solver.py:221 ] Epoch: [113/400][160/391] lr: 1.86e-04 | MSE loss: 6.5619e-06 | time: 0.152
I 06.17/08:02:06 solver.py:221 ] Epoch: [113/400][180/391] lr: 1.85e-04 | MSE loss: 6.5078e-06 | time: 0.150
I 06.17/08:02:09 solver.py:221 ] Epoch: [113/400][200/391] lr: 1.85e-04 | MSE loss: 6.4153e-06 | time: 0.151
I 06.17/08:02:12 solver.py:221 ] Epoch: [113/400][220/391] lr: 1.85e-04 | MSE loss: 6.3749e-06 | time: 0.150
I 06.17/08:02:15 solver.py:221 ] Epoch: [113/400][240/391] lr: 1.85e-04 | MSE loss: 6.4561e-06 | time: 0.150
I 06.17/08:02:18 solver.py:221 ] Epoch: [113/400][260/391] lr: 1.85e-04 | MSE loss: 6.3754e-06 | time: 0.150
I 06.17/08:02:21 solver.py:221 ] Epoch: [113/400][280/391] lr: 1.85e-04 | MSE loss: 6.3070e-06 | time: 0.151
I 06.17/08:02:25 solver.py:221 ] Epoch: [113/400][300/391] lr: 1.85e-04 | MSE loss: 6.4477e-06 | time: 0.151
I 06.17/08:02:28 solver.py:221 ] Epoch: [113/400][320/391] lr: 1.85e-04 | MSE loss: 6.4553e-06 | time: 0.151
I 06.17/08:02:31 solver.py:221 ] Epoch: [113/400][340/391] lr: 1.85e-04 | MSE loss: 6.4022e-06 | time: 0.151
I 06.17/08:02:34 solver.py:221 ] Epoch: [113/400][360/391] lr: 1.85e-04 | MSE loss: 6.4450e-06 | time: 0.151
I 06.17/08:02:37 solver.py:221 ] Epoch: [113/400][380/391] lr: 1.85e-04 | MSE loss: 6.5398e-06 | time: 0.151
I 06.17/08:02:38 solver.py:243 ] => Train  Loss: 6.5180e-06

I 06.17/08:02:38 solver.py:337 ] 
=! Best NMSE: -1.8172e+01 (epoch=100)

I 06.17/08:02:41 solver.py:221 ] Epoch: [114/400][20/391] lr: 1.85e-04 | MSE loss: 5.5393e-06 | time: 0.129
I 06.17/08:02:44 solver.py:221 ] Epoch: [114/400][40/391] lr: 1.85e-04 | MSE loss: 5.5020e-06 | time: 0.137
I 06.17/08:02:48 solver.py:221 ] Epoch: [114/400][60/391] lr: 1.85e-04 | MSE loss: 5.3891e-06 | time: 0.146
I 06.17/08:02:51 solver.py:221 ] Epoch: [114/400][80/391] lr: 1.85e-04 | MSE loss: 5.5582e-06 | time: 0.150
I 06.17/08:02:54 solver.py:221 ] Epoch: [114/400][100/391] lr: 1.85e-04 | MSE loss: 6.6022e-06 | time: 0.152
I 06.17/08:02:57 solver.py:221 ] Epoch: [114/400][120/391] lr: 1.85e-04 | MSE loss: 6.7448e-06 | time: 0.152
I 06.17/08:03:00 solver.py:221 ] Epoch: [114/400][140/391] lr: 1.85e-04 | MSE loss: 6.5307e-06 | time: 0.152
I 06.17/08:03:05 solver.py:221 ] Epoch: [114/400][160/391] lr: 1.85e-04 | MSE loss: 6.3805e-06 | time: 0.163
I 06.17/08:03:08 solver.py:221 ] Epoch: [114/400][180/391] lr: 1.85e-04 | MSE loss: 6.2600e-06 | time: 0.159
I 06.17/08:03:11 solver.py:221 ] Epoch: [114/400][200/391] lr: 1.85e-04 | MSE loss: 6.2013e-06 | time: 0.159
I 06.17/08:03:13 solver.py:221 ] Epoch: [114/400][220/391] lr: 1.85e-04 | MSE loss: 6.2564e-06 | time: 0.159
I 06.17/08:03:17 solver.py:221 ] Epoch: [114/400][240/391] lr: 1.85e-04 | MSE loss: 6.1903e-06 | time: 0.159
I 06.17/08:03:20 solver.py:221 ] Epoch: [114/400][260/391] lr: 1.85e-04 | MSE loss: 6.2149e-06 | time: 0.158
I 06.17/08:03:23 solver.py:221 ] Epoch: [114/400][280/391] lr: 1.85e-04 | MSE loss: 6.3477e-06 | time: 0.157
I 06.17/08:03:26 solver.py:221 ] Epoch: [114/400][300/391] lr: 1.85e-04 | MSE loss: 6.4343e-06 | time: 0.157
I 06.17/08:03:29 solver.py:221 ] Epoch: [114/400][320/391] lr: 1.85e-04 | MSE loss: 6.3778e-06 | time: 0.156
I 06.17/08:03:32 solver.py:221 ] Epoch: [114/400][340/391] lr: 1.85e-04 | MSE loss: 6.3078e-06 | time: 0.156
I 06.17/08:03:35 solver.py:221 ] Epoch: [114/400][360/391] lr: 1.85e-04 | MSE loss: 6.3078e-06 | time: 0.156
I 06.17/08:03:38 solver.py:221 ] Epoch: [114/400][380/391] lr: 1.85e-04 | MSE loss: 6.2697e-06 | time: 0.156
I 06.17/08:03:40 solver.py:243 ] => Train  Loss: 6.2556e-06

I 06.17/08:03:40 solver.py:337 ] 
=! Best NMSE: -1.8172e+01 (epoch=100)

I 06.17/08:03:43 solver.py:221 ] Epoch: [115/400][20/391] lr: 1.85e-04 | MSE loss: 6.5664e-06 | time: 0.136
I 06.17/08:03:46 solver.py:221 ] Epoch: [115/400][40/391] lr: 1.85e-04 | MSE loss: 6.3144e-06 | time: 0.146
I 06.17/08:03:49 solver.py:221 ] Epoch: [115/400][60/391] lr: 1.85e-04 | MSE loss: 6.0968e-06 | time: 0.150
I 06.17/08:03:52 solver.py:221 ] Epoch: [115/400][80/391] lr: 1.85e-04 | MSE loss: 6.4160e-06 | time: 0.153
I 06.17/08:03:55 solver.py:221 ] Epoch: [115/400][100/391] lr: 1.85e-04 | MSE loss: 6.5493e-06 | time: 0.152
I 06.17/08:03:58 solver.py:221 ] Epoch: [115/400][120/391] lr: 1.85e-04 | MSE loss: 6.5481e-06 | time: 0.151
I 06.17/08:04:01 solver.py:221 ] Epoch: [115/400][140/391] lr: 1.85e-04 | MSE loss: 6.4275e-06 | time: 0.151
I 06.17/08:04:05 solver.py:221 ] Epoch: [115/400][160/391] lr: 1.85e-04 | MSE loss: 6.3712e-06 | time: 0.156
I 06.17/08:04:08 solver.py:221 ] Epoch: [115/400][180/391] lr: 1.85e-04 | MSE loss: 6.2478e-06 | time: 0.153
I 06.17/08:04:11 solver.py:221 ] Epoch: [115/400][200/391] lr: 1.85e-04 | MSE loss: 6.5233e-06 | time: 0.153
I 06.17/08:04:14 solver.py:221 ] Epoch: [115/400][220/391] lr: 1.85e-04 | MSE loss: 6.5533e-06 | time: 0.152
I 06.17/08:04:17 solver.py:221 ] Epoch: [115/400][240/391] lr: 1.85e-04 | MSE loss: 6.4530e-06 | time: 0.152
I 06.17/08:04:20 solver.py:221 ] Epoch: [115/400][260/391] lr: 1.85e-04 | MSE loss: 6.3751e-06 | time: 0.152
I 06.17/08:04:23 solver.py:221 ] Epoch: [115/400][280/391] lr: 1.85e-04 | MSE loss: 6.3361e-06 | time: 0.152
I 06.17/08:04:26 solver.py:221 ] Epoch: [115/400][300/391] lr: 1.85e-04 | MSE loss: 6.3223e-06 | time: 0.152
I 06.17/08:04:29 solver.py:221 ] Epoch: [115/400][320/391] lr: 1.85e-04 | MSE loss: 6.3369e-06 | time: 0.152
I 06.17/08:04:32 solver.py:221 ] Epoch: [115/400][340/391] lr: 1.85e-04 | MSE loss: 6.2912e-06 | time: 0.152
I 06.17/08:04:35 solver.py:221 ] Epoch: [115/400][360/391] lr: 1.85e-04 | MSE loss: 6.2790e-06 | time: 0.152
I 06.17/08:04:38 solver.py:221 ] Epoch: [115/400][380/391] lr: 1.85e-04 | MSE loss: 6.3158e-06 | time: 0.152
I 06.17/08:04:39 solver.py:243 ] => Train  Loss: 6.3031e-06

I 06.17/08:04:40 solver.py:337 ] 
=! Best NMSE: -1.8172e+01 (epoch=100)

I 06.17/08:04:43 solver.py:221 ] Epoch: [116/400][20/391] lr: 1.84e-04 | MSE loss: 7.1327e-06 | time: 0.144
I 06.17/08:04:46 solver.py:221 ] Epoch: [116/400][40/391] lr: 1.84e-04 | MSE loss: 6.2860e-06 | time: 0.147
I 06.17/08:04:49 solver.py:221 ] Epoch: [116/400][60/391] lr: 1.84e-04 | MSE loss: 6.4467e-06 | time: 0.149
I 06.17/08:04:52 solver.py:221 ] Epoch: [116/400][80/391] lr: 1.84e-04 | MSE loss: 6.5651e-06 | time: 0.150
I 06.17/08:04:55 solver.py:221 ] Epoch: [116/400][100/391] lr: 1.84e-04 | MSE loss: 6.3943e-06 | time: 0.152
I 06.17/08:04:58 solver.py:221 ] Epoch: [116/400][120/391] lr: 1.84e-04 | MSE loss: 6.2580e-06 | time: 0.151
I 06.17/08:05:01 solver.py:221 ] Epoch: [116/400][140/391] lr: 1.84e-04 | MSE loss: 6.2021e-06 | time: 0.151
I 06.17/08:05:05 solver.py:221 ] Epoch: [116/400][160/391] lr: 1.84e-04 | MSE loss: 6.1673e-06 | time: 0.158
I 06.17/08:05:08 solver.py:221 ] Epoch: [116/400][180/391] lr: 1.84e-04 | MSE loss: 6.2317e-06 | time: 0.155
I 06.17/08:05:11 solver.py:221 ] Epoch: [116/400][200/391] lr: 1.84e-04 | MSE loss: 6.4242e-06 | time: 0.155
I 06.17/08:05:14 solver.py:221 ] Epoch: [116/400][220/391] lr: 1.84e-04 | MSE loss: 6.3327e-06 | time: 0.154
I 06.17/08:05:17 solver.py:221 ] Epoch: [116/400][240/391] lr: 1.84e-04 | MSE loss: 6.3356e-06 | time: 0.154
I 06.17/08:05:20 solver.py:221 ] Epoch: [116/400][260/391] lr: 1.84e-04 | MSE loss: 6.2927e-06 | time: 0.154
I 06.17/08:05:23 solver.py:221 ] Epoch: [116/400][280/391] lr: 1.84e-04 | MSE loss: 6.2333e-06 | time: 0.154
I 06.17/08:05:26 solver.py:221 ] Epoch: [116/400][300/391] lr: 1.84e-04 | MSE loss: 6.2571e-06 | time: 0.155
I 06.17/08:05:29 solver.py:221 ] Epoch: [116/400][320/391] lr: 1.84e-04 | MSE loss: 6.2284e-06 | time: 0.154
I 06.17/08:05:32 solver.py:221 ] Epoch: [116/400][340/391] lr: 1.84e-04 | MSE loss: 6.2971e-06 | time: 0.154
I 06.17/08:05:35 solver.py:221 ] Epoch: [116/400][360/391] lr: 1.84e-04 | MSE loss: 6.2609e-06 | time: 0.154
I 06.17/08:05:38 solver.py:221 ] Epoch: [116/400][380/391] lr: 1.84e-04 | MSE loss: 6.2286e-06 | time: 0.154
I 06.17/08:05:40 solver.py:243 ] => Train  Loss: 6.2170e-06

I 06.17/08:05:40 solver.py:337 ] 
=! Best NMSE: -1.8172e+01 (epoch=100)

I 06.17/08:05:43 solver.py:221 ] Epoch: [117/400][20/391] lr: 1.84e-04 | MSE loss: 7.5730e-06 | time: 0.126
I 06.17/08:05:45 solver.py:221 ] Epoch: [117/400][40/391] lr: 1.84e-04 | MSE loss: 6.4415e-06 | time: 0.127
I 06.17/08:05:49 solver.py:221 ] Epoch: [117/400][60/391] lr: 1.84e-04 | MSE loss: 5.9551e-06 | time: 0.141
I 06.17/08:05:51 solver.py:221 ] Epoch: [117/400][80/391] lr: 1.84e-04 | MSE loss: 6.7973e-06 | time: 0.139
I 06.17/08:05:54 solver.py:221 ] Epoch: [117/400][100/391] lr: 1.84e-04 | MSE loss: 6.5474e-06 | time: 0.138
I 06.17/08:05:57 solver.py:221 ] Epoch: [117/400][120/391] lr: 1.84e-04 | MSE loss: 6.3887e-06 | time: 0.140
I 06.17/08:06:00 solver.py:221 ] Epoch: [117/400][140/391] lr: 1.84e-04 | MSE loss: 6.3711e-06 | time: 0.141
I 06.17/08:06:05 solver.py:221 ] Epoch: [117/400][160/391] lr: 1.84e-04 | MSE loss: 6.4038e-06 | time: 0.155
I 06.17/08:06:08 solver.py:221 ] Epoch: [117/400][180/391] lr: 1.84e-04 | MSE loss: 6.3984e-06 | time: 0.153
I 06.17/08:06:11 solver.py:221 ] Epoch: [117/400][200/391] lr: 1.84e-04 | MSE loss: 6.2879e-06 | time: 0.153
I 06.17/08:06:14 solver.py:221 ] Epoch: [117/400][220/391] lr: 1.84e-04 | MSE loss: 6.1641e-06 | time: 0.151
I 06.17/08:06:17 solver.py:221 ] Epoch: [117/400][240/391] lr: 1.84e-04 | MSE loss: 6.2958e-06 | time: 0.151
I 06.17/08:06:20 solver.py:221 ] Epoch: [117/400][260/391] lr: 1.84e-04 | MSE loss: 6.2458e-06 | time: 0.151
I 06.17/08:06:23 solver.py:221 ] Epoch: [117/400][280/391] lr: 1.84e-04 | MSE loss: 6.2291e-06 | time: 0.151
I 06.17/08:06:26 solver.py:221 ] Epoch: [117/400][300/391] lr: 1.84e-04 | MSE loss: 6.1640e-06 | time: 0.151
I 06.17/08:06:29 solver.py:221 ] Epoch: [117/400][320/391] lr: 1.84e-04 | MSE loss: 6.0886e-06 | time: 0.151
I 06.17/08:06:32 solver.py:221 ] Epoch: [117/400][340/391] lr: 1.84e-04 | MSE loss: 6.2630e-06 | time: 0.151
I 06.17/08:06:35 solver.py:221 ] Epoch: [117/400][360/391] lr: 1.84e-04 | MSE loss: 6.2647e-06 | time: 0.151
I 06.17/08:06:38 solver.py:221 ] Epoch: [117/400][380/391] lr: 1.84e-04 | MSE loss: 6.2645e-06 | time: 0.152
I 06.17/08:06:40 solver.py:243 ] => Train  Loss: 6.2785e-06

I 06.17/08:06:40 solver.py:337 ] 
=! Best NMSE: -1.8172e+01 (epoch=100)

I 06.17/08:06:43 solver.py:221 ] Epoch: [118/400][20/391] lr: 1.84e-04 | MSE loss: 5.5104e-06 | time: 0.136
I 06.17/08:06:46 solver.py:221 ] Epoch: [118/400][40/391] lr: 1.84e-04 | MSE loss: 5.1480e-06 | time: 0.143
I 06.17/08:06:49 solver.py:221 ] Epoch: [118/400][60/391] lr: 1.84e-04 | MSE loss: 5.6899e-06 | time: 0.149
I 06.17/08:06:52 solver.py:221 ] Epoch: [118/400][80/391] lr: 1.84e-04 | MSE loss: 5.7023e-06 | time: 0.151
I 06.17/08:06:55 solver.py:221 ] Epoch: [118/400][100/391] lr: 1.84e-04 | MSE loss: 5.6001e-06 | time: 0.151
I 06.17/08:06:58 solver.py:221 ] Epoch: [118/400][120/391] lr: 1.84e-04 | MSE loss: 5.7833e-06 | time: 0.151
I 06.17/08:07:01 solver.py:221 ] Epoch: [118/400][140/391] lr: 1.84e-04 | MSE loss: 6.2207e-06 | time: 0.151
I 06.17/08:07:06 solver.py:221 ] Epoch: [118/400][160/391] lr: 1.84e-04 | MSE loss: 6.0898e-06 | time: 0.158
I 06.17/08:07:09 solver.py:221 ] Epoch: [118/400][180/391] lr: 1.84e-04 | MSE loss: 6.0476e-06 | time: 0.157
I 06.17/08:07:12 solver.py:221 ] Epoch: [118/400][200/391] lr: 1.83e-04 | MSE loss: 6.0433e-06 | time: 0.157
I 06.17/08:07:15 solver.py:221 ] Epoch: [118/400][220/391] lr: 1.83e-04 | MSE loss: 6.0627e-06 | time: 0.156
I 06.17/08:07:18 solver.py:221 ] Epoch: [118/400][240/391] lr: 1.83e-04 | MSE loss: 6.2076e-06 | time: 0.158
I 06.17/08:07:21 solver.py:221 ] Epoch: [118/400][260/391] lr: 1.83e-04 | MSE loss: 6.1668e-06 | time: 0.156
I 06.17/08:07:24 solver.py:221 ] Epoch: [118/400][280/391] lr: 1.83e-04 | MSE loss: 6.1358e-06 | time: 0.156
I 06.17/08:07:27 solver.py:221 ] Epoch: [118/400][300/391] lr: 1.83e-04 | MSE loss: 6.0688e-06 | time: 0.155
I 06.17/08:07:30 solver.py:221 ] Epoch: [118/400][320/391] lr: 1.83e-04 | MSE loss: 6.0711e-06 | time: 0.155
I 06.17/08:07:33 solver.py:221 ] Epoch: [118/400][340/391] lr: 1.83e-04 | MSE loss: 6.0235e-06 | time: 0.154
I 06.17/08:07:36 solver.py:221 ] Epoch: [118/400][360/391] lr: 1.83e-04 | MSE loss: 6.0407e-06 | time: 0.154
I 06.17/08:07:39 solver.py:221 ] Epoch: [118/400][380/391] lr: 1.83e-04 | MSE loss: 6.0969e-06 | time: 0.153
I 06.17/08:07:40 solver.py:243 ] => Train  Loss: 6.0927e-06

I 06.17/08:07:40 solver.py:337 ] 
=! Best NMSE: -1.8172e+01 (epoch=100)

I 06.17/08:07:43 solver.py:221 ] Epoch: [119/400][20/391] lr: 1.83e-04 | MSE loss: 6.1022e-06 | time: 0.136
I 06.17/08:07:46 solver.py:221 ] Epoch: [119/400][40/391] lr: 1.83e-04 | MSE loss: 5.6314e-06 | time: 0.140
I 06.17/08:07:49 solver.py:221 ] Epoch: [119/400][60/391] lr: 1.83e-04 | MSE loss: 5.8329e-06 | time: 0.143
I 06.17/08:07:52 solver.py:221 ] Epoch: [119/400][80/391] lr: 1.83e-04 | MSE loss: 6.3764e-06 | time: 0.144
I 06.17/08:07:55 solver.py:221 ] Epoch: [119/400][100/391] lr: 1.83e-04 | MSE loss: 6.2192e-06 | time: 0.145
I 06.17/08:07:58 solver.py:221 ] Epoch: [119/400][120/391] lr: 1.83e-04 | MSE loss: 6.0251e-06 | time: 0.145
I 06.17/08:08:01 solver.py:221 ] Epoch: [119/400][140/391] lr: 1.83e-04 | MSE loss: 5.9170e-06 | time: 0.146
I 06.17/08:08:05 solver.py:221 ] Epoch: [119/400][160/391] lr: 1.83e-04 | MSE loss: 5.9427e-06 | time: 0.153
I 06.17/08:08:08 solver.py:221 ] Epoch: [119/400][180/391] lr: 1.83e-04 | MSE loss: 5.8945e-06 | time: 0.151
I 06.17/08:08:11 solver.py:221 ] Epoch: [119/400][200/391] lr: 1.83e-04 | MSE loss: 5.9867e-06 | time: 0.151
I 06.17/08:08:14 solver.py:221 ] Epoch: [119/400][220/391] lr: 1.83e-04 | MSE loss: 6.0385e-06 | time: 0.151
I 06.17/08:08:17 solver.py:221 ] Epoch: [119/400][240/391] lr: 1.83e-04 | MSE loss: 5.9558e-06 | time: 0.151
I 06.17/08:08:20 solver.py:221 ] Epoch: [119/400][260/391] lr: 1.83e-04 | MSE loss: 6.0464e-06 | time: 0.151
I 06.17/08:08:23 solver.py:221 ] Epoch: [119/400][280/391] lr: 1.83e-04 | MSE loss: 6.0213e-06 | time: 0.151
I 06.17/08:08:26 solver.py:221 ] Epoch: [119/400][300/391] lr: 1.83e-04 | MSE loss: 5.9700e-06 | time: 0.150
I 06.17/08:08:28 solver.py:221 ] Epoch: [119/400][320/391] lr: 1.83e-04 | MSE loss: 6.2231e-06 | time: 0.149
I 06.17/08:08:31 solver.py:221 ] Epoch: [119/400][340/391] lr: 1.83e-04 | MSE loss: 6.2808e-06 | time: 0.149
I 06.17/08:08:34 solver.py:221 ] Epoch: [119/400][360/391] lr: 1.83e-04 | MSE loss: 6.2202e-06 | time: 0.149
I 06.17/08:08:37 solver.py:221 ] Epoch: [119/400][380/391] lr: 1.83e-04 | MSE loss: 6.1641e-06 | time: 0.149
I 06.17/08:08:39 solver.py:243 ] => Train  Loss: 6.1316e-06

I 06.17/08:08:39 solver.py:337 ] 
=! Best NMSE: -1.8172e+01 (epoch=100)

I 06.17/08:08:42 solver.py:221 ] Epoch: [120/400][20/391] lr: 1.83e-04 | MSE loss: 5.3596e-06 | time: 0.136
I 06.17/08:08:45 solver.py:221 ] Epoch: [120/400][40/391] lr: 1.83e-04 | MSE loss: 5.2560e-06 | time: 0.140
I 06.17/08:08:48 solver.py:221 ] Epoch: [120/400][60/391] lr: 1.83e-04 | MSE loss: 5.0975e-06 | time: 0.139
I 06.17/08:08:51 solver.py:221 ] Epoch: [120/400][80/391] lr: 1.83e-04 | MSE loss: 5.0525e-06 | time: 0.143
I 06.17/08:08:54 solver.py:221 ] Epoch: [120/400][100/391] lr: 1.83e-04 | MSE loss: 6.2846e-06 | time: 0.146
I 06.17/08:08:57 solver.py:221 ] Epoch: [120/400][120/391] lr: 1.83e-04 | MSE loss: 6.4141e-06 | time: 0.147
I 06.17/08:09:00 solver.py:221 ] Epoch: [120/400][140/391] lr: 1.83e-04 | MSE loss: 6.3205e-06 | time: 0.148
I 06.17/08:09:05 solver.py:221 ] Epoch: [120/400][160/391] lr: 1.83e-04 | MSE loss: 6.1295e-06 | time: 0.159
I 06.17/08:09:08 solver.py:221 ] Epoch: [120/400][180/391] lr: 1.83e-04 | MSE loss: 6.0046e-06 | time: 0.157
I 06.17/08:09:11 solver.py:221 ] Epoch: [120/400][200/391] lr: 1.83e-04 | MSE loss: 5.8675e-06 | time: 0.156
I 06.17/08:09:14 solver.py:221 ] Epoch: [120/400][220/391] lr: 1.83e-04 | MSE loss: 5.7639e-06 | time: 0.156
I 06.17/08:09:17 solver.py:221 ] Epoch: [120/400][240/391] lr: 1.83e-04 | MSE loss: 5.8962e-06 | time: 0.155
I 06.17/08:09:20 solver.py:221 ] Epoch: [120/400][260/391] lr: 1.83e-04 | MSE loss: 5.9597e-06 | time: 0.155
I 06.17/08:09:23 solver.py:221 ] Epoch: [120/400][280/391] lr: 1.83e-04 | MSE loss: 5.8853e-06 | time: 0.156
I 06.17/08:09:26 solver.py:221 ] Epoch: [120/400][300/391] lr: 1.83e-04 | MSE loss: 5.8795e-06 | time: 0.155
I 06.17/08:09:29 solver.py:221 ] Epoch: [120/400][320/391] lr: 1.83e-04 | MSE loss: 5.8310e-06 | time: 0.155
I 06.17/08:09:32 solver.py:221 ] Epoch: [120/400][340/391] lr: 1.83e-04 | MSE loss: 5.7895e-06 | time: 0.155
I 06.17/08:09:35 solver.py:221 ] Epoch: [120/400][360/391] lr: 1.82e-04 | MSE loss: 5.7854e-06 | time: 0.155
I 06.17/08:09:38 solver.py:221 ] Epoch: [120/400][380/391] lr: 1.82e-04 | MSE loss: 5.9651e-06 | time: 0.154
I 06.17/08:09:40 solver.py:243 ] => Train  Loss: 5.9777e-06

I 06.17/08:09:41 solver.py:221 ] Epoch: [120/400][20/118] lr: 1.82e-04 | MSE loss: 5.2558e-06 | time: 0.048
I 06.17/08:09:42 solver.py:221 ] Epoch: [120/400][40/118] lr: 1.82e-04 | MSE loss: 5.2073e-06 | time: 0.045
I 06.17/08:09:43 solver.py:221 ] Epoch: [120/400][60/118] lr: 1.82e-04 | MSE loss: 5.2322e-06 | time: 0.046
I 06.17/08:09:43 solver.py:221 ] Epoch: [120/400][80/118] lr: 1.82e-04 | MSE loss: 5.2292e-06 | time: 0.043
I 06.17/08:09:44 solver.py:221 ] Epoch: [120/400][100/118] lr: 1.82e-04 | MSE loss: 5.2186e-06 | time: 0.044
I 06.17/08:09:45 solver.py:243 ] => Val  Loss: 5.2349e-06

I 06.17/08:09:46 solver.py:471 ] [20/79] loss: 5.3001e-06 | NMSE: -1.9310e+01 | time: 0.041
I 06.17/08:09:47 solver.py:471 ] [40/79] loss: 5.2525e-06 | NMSE: -1.9351e+01 | time: 0.054
I 06.17/08:09:48 solver.py:471 ] [60/79] loss: 5.2588e-06 | NMSE: -1.9336e+01 | time: 0.053
I 06.17/08:09:50 solver.py:476 ] => Test NMSE: -1.9353e+01

I 06.17/08:09:50 solver.py:337 ] 
=! Best NMSE: -1.9353e+01 (epoch=120)

I 06.17/08:09:53 solver.py:221 ] Epoch: [121/400][20/391] lr: 1.82e-04 | MSE loss: 5.0313e-06 | time: 0.154
I 06.17/08:09:56 solver.py:221 ] Epoch: [121/400][40/391] lr: 1.82e-04 | MSE loss: 5.1005e-06 | time: 0.130
I 06.17/08:09:58 solver.py:221 ] Epoch: [121/400][60/391] lr: 1.82e-04 | MSE loss: 5.6146e-06 | time: 0.132
I 06.17/08:10:01 solver.py:221 ] Epoch: [121/400][80/391] lr: 1.82e-04 | MSE loss: 5.5577e-06 | time: 0.131
I 06.17/08:10:05 solver.py:221 ] Epoch: [121/400][100/391] lr: 1.82e-04 | MSE loss: 5.4481e-06 | time: 0.148
I 06.17/08:10:08 solver.py:221 ] Epoch: [121/400][120/391] lr: 1.82e-04 | MSE loss: 5.7383e-06 | time: 0.147
I 06.17/08:10:11 solver.py:221 ] Epoch: [121/400][140/391] lr: 1.82e-04 | MSE loss: 5.7010e-06 | time: 0.147
I 06.17/08:10:14 solver.py:221 ] Epoch: [121/400][160/391] lr: 1.82e-04 | MSE loss: 5.6029e-06 | time: 0.147
I 06.17/08:10:17 solver.py:221 ] Epoch: [121/400][180/391] lr: 1.82e-04 | MSE loss: 5.6581e-06 | time: 0.147
I 06.17/08:10:20 solver.py:221 ] Epoch: [121/400][200/391] lr: 1.82e-04 | MSE loss: 5.6969e-06 | time: 0.148
I 06.17/08:10:23 solver.py:221 ] Epoch: [121/400][220/391] lr: 1.82e-04 | MSE loss: 5.7927e-06 | time: 0.148
I 06.17/08:10:26 solver.py:221 ] Epoch: [121/400][240/391] lr: 1.82e-04 | MSE loss: 5.7722e-06 | time: 0.148
I 06.17/08:10:29 solver.py:221 ] Epoch: [121/400][260/391] lr: 1.82e-04 | MSE loss: 5.7520e-06 | time: 0.149
I 06.17/08:10:32 solver.py:221 ] Epoch: [121/400][280/391] lr: 1.82e-04 | MSE loss: 5.7282e-06 | time: 0.148
I 06.17/08:10:35 solver.py:221 ] Epoch: [121/400][300/391] lr: 1.82e-04 | MSE loss: 5.6954e-06 | time: 0.149
I 06.17/08:10:38 solver.py:221 ] Epoch: [121/400][320/391] lr: 1.82e-04 | MSE loss: 5.7003e-06 | time: 0.149
I 06.17/08:10:41 solver.py:221 ] Epoch: [121/400][340/391] lr: 1.82e-04 | MSE loss: 5.8492e-06 | time: 0.149
I 06.17/08:10:44 solver.py:221 ] Epoch: [121/400][360/391] lr: 1.82e-04 | MSE loss: 5.8616e-06 | time: 0.149
I 06.17/08:10:47 solver.py:221 ] Epoch: [121/400][380/391] lr: 1.82e-04 | MSE loss: 5.8691e-06 | time: 0.149
I 06.17/08:10:49 solver.py:243 ] => Train  Loss: 5.8488e-06

I 06.17/08:10:49 solver.py:337 ] 
=! Best NMSE: -1.9353e+01 (epoch=120)

I 06.17/08:10:52 solver.py:221 ] Epoch: [122/400][20/391] lr: 1.82e-04 | MSE loss: 4.9517e-06 | time: 0.146
I 06.17/08:10:55 solver.py:221 ] Epoch: [122/400][40/391] lr: 1.82e-04 | MSE loss: 4.8407e-06 | time: 0.150
I 06.17/08:10:58 solver.py:221 ] Epoch: [122/400][60/391] lr: 1.82e-04 | MSE loss: 5.2348e-06 | time: 0.151
I 06.17/08:11:01 solver.py:221 ] Epoch: [122/400][80/391] lr: 1.82e-04 | MSE loss: 5.8740e-06 | time: 0.149
I 06.17/08:11:06 solver.py:221 ] Epoch: [122/400][100/391] lr: 1.82e-04 | MSE loss: 5.6643e-06 | time: 0.161
I 06.17/08:11:09 solver.py:221 ] Epoch: [122/400][120/391] lr: 1.82e-04 | MSE loss: 5.5490e-06 | time: 0.160
I 06.17/08:11:12 solver.py:221 ] Epoch: [122/400][140/391] lr: 1.82e-04 | MSE loss: 5.7988e-06 | time: 0.158
I 06.17/08:11:15 solver.py:221 ] Epoch: [122/400][160/391] lr: 1.82e-04 | MSE loss: 5.8482e-06 | time: 0.157
I 06.17/08:11:18 solver.py:221 ] Epoch: [122/400][180/391] lr: 1.82e-04 | MSE loss: 5.7408e-06 | time: 0.156
I 06.17/08:11:21 solver.py:221 ] Epoch: [122/400][200/391] lr: 1.82e-04 | MSE loss: 5.6634e-06 | time: 0.155
I 06.17/08:11:23 solver.py:221 ] Epoch: [122/400][220/391] lr: 1.82e-04 | MSE loss: 5.6119e-06 | time: 0.155
I 06.17/08:11:26 solver.py:221 ] Epoch: [122/400][240/391] lr: 1.82e-04 | MSE loss: 5.5748e-06 | time: 0.154
I 06.17/08:11:29 solver.py:221 ] Epoch: [122/400][260/391] lr: 1.82e-04 | MSE loss: 5.9423e-06 | time: 0.154
I 06.17/08:11:32 solver.py:221 ] Epoch: [122/400][280/391] lr: 1.82e-04 | MSE loss: 5.9174e-06 | time: 0.153
I 06.17/08:11:35 solver.py:221 ] Epoch: [122/400][300/391] lr: 1.82e-04 | MSE loss: 5.8331e-06 | time: 0.153
I 06.17/08:11:39 solver.py:221 ] Epoch: [122/400][320/391] lr: 1.82e-04 | MSE loss: 5.7909e-06 | time: 0.153
I 06.17/08:11:42 solver.py:221 ] Epoch: [122/400][340/391] lr: 1.82e-04 | MSE loss: 5.9052e-06 | time: 0.153
I 06.17/08:11:45 solver.py:221 ] Epoch: [122/400][360/391] lr: 1.82e-04 | MSE loss: 5.8786e-06 | time: 0.155
I 06.17/08:11:48 solver.py:221 ] Epoch: [122/400][380/391] lr: 1.82e-04 | MSE loss: 5.8214e-06 | time: 0.155
I 06.17/08:11:50 solver.py:243 ] => Train  Loss: 5.7894e-06

I 06.17/08:11:50 solver.py:337 ] 
=! Best NMSE: -1.9353e+01 (epoch=120)

I 06.17/08:11:53 solver.py:221 ] Epoch: [123/400][20/391] lr: 1.82e-04 | MSE loss: 5.0583e-06 | time: 0.141
I 06.17/08:11:57 solver.py:221 ] Epoch: [123/400][40/391] lr: 1.82e-04 | MSE loss: 6.1471e-06 | time: 0.149
I 06.17/08:12:00 solver.py:221 ] Epoch: [123/400][60/391] lr: 1.82e-04 | MSE loss: 6.5476e-06 | time: 0.152
I 06.17/08:12:03 solver.py:221 ] Epoch: [123/400][80/391] lr: 1.82e-04 | MSE loss: 6.0583e-06 | time: 0.160
I 06.17/08:12:06 solver.py:221 ] Epoch: [123/400][100/391] lr: 1.81e-04 | MSE loss: 5.7666e-06 | time: 0.154
I 06.17/08:12:09 solver.py:221 ] Epoch: [123/400][120/391] lr: 1.81e-04 | MSE loss: 5.6079e-06 | time: 0.154
I 06.17/08:12:12 solver.py:221 ] Epoch: [123/400][140/391] lr: 1.81e-04 | MSE loss: 5.9861e-06 | time: 0.154
I 06.17/08:12:15 solver.py:221 ] Epoch: [123/400][160/391] lr: 1.81e-04 | MSE loss: 5.9614e-06 | time: 0.154
I 06.17/08:12:18 solver.py:221 ] Epoch: [123/400][180/391] lr: 1.81e-04 | MSE loss: 5.9108e-06 | time: 0.153
I 06.17/08:12:21 solver.py:221 ] Epoch: [123/400][200/391] lr: 1.81e-04 | MSE loss: 5.8236e-06 | time: 0.153
I 06.17/08:12:24 solver.py:221 ] Epoch: [123/400][220/391] lr: 1.81e-04 | MSE loss: 5.7421e-06 | time: 0.153
I 06.17/08:12:27 solver.py:221 ] Epoch: [123/400][240/391] lr: 1.81e-04 | MSE loss: 5.6908e-06 | time: 0.152
I 06.17/08:12:30 solver.py:221 ] Epoch: [123/400][260/391] lr: 1.81e-04 | MSE loss: 5.6504e-06 | time: 0.152
I 06.17/08:12:33 solver.py:221 ] Epoch: [123/400][280/391] lr: 1.81e-04 | MSE loss: 5.8803e-06 | time: 0.151
I 06.17/08:12:36 solver.py:221 ] Epoch: [123/400][300/391] lr: 1.81e-04 | MSE loss: 5.8952e-06 | time: 0.151
I 06.17/08:12:39 solver.py:221 ] Epoch: [123/400][320/391] lr: 1.81e-04 | MSE loss: 5.8663e-06 | time: 0.151
I 06.17/08:12:42 solver.py:221 ] Epoch: [123/400][340/391] lr: 1.81e-04 | MSE loss: 5.8317e-06 | time: 0.151
I 06.17/08:12:45 solver.py:221 ] Epoch: [123/400][360/391] lr: 1.81e-04 | MSE loss: 5.8115e-06 | time: 0.152
I 06.17/08:12:48 solver.py:221 ] Epoch: [123/400][380/391] lr: 1.81e-04 | MSE loss: 5.7596e-06 | time: 0.152
I 06.17/08:12:50 solver.py:243 ] => Train  Loss: 5.7289e-06

I 06.17/08:12:50 solver.py:337 ] 
=! Best NMSE: -1.9353e+01 (epoch=120)

I 06.17/08:12:53 solver.py:221 ] Epoch: [124/400][20/391] lr: 1.81e-04 | MSE loss: 1.0435e-05 | time: 0.134
I 06.17/08:12:56 solver.py:221 ] Epoch: [124/400][40/391] lr: 1.81e-04 | MSE loss: 8.0467e-06 | time: 0.143
I 06.17/08:12:59 solver.py:221 ] Epoch: [124/400][60/391] lr: 1.81e-04 | MSE loss: 6.9656e-06 | time: 0.146
I 06.17/08:13:02 solver.py:221 ] Epoch: [124/400][80/391] lr: 1.81e-04 | MSE loss: 6.4021e-06 | time: 0.150
I 06.17/08:13:05 solver.py:221 ] Epoch: [124/400][100/391] lr: 1.81e-04 | MSE loss: 6.0041e-06 | time: 0.151
I 06.17/08:13:08 solver.py:221 ] Epoch: [124/400][120/391] lr: 1.81e-04 | MSE loss: 5.9020e-06 | time: 0.151
I 06.17/08:13:12 solver.py:221 ] Epoch: [124/400][140/391] lr: 1.81e-04 | MSE loss: 5.7762e-06 | time: 0.151
I 06.17/08:13:15 solver.py:221 ] Epoch: [124/400][160/391] lr: 1.81e-04 | MSE loss: 5.7305e-06 | time: 0.151
I 06.17/08:13:18 solver.py:221 ] Epoch: [124/400][180/391] lr: 1.81e-04 | MSE loss: 5.6779e-06 | time: 0.153
I 06.17/08:13:21 solver.py:221 ] Epoch: [124/400][200/391] lr: 1.81e-04 | MSE loss: 5.7850e-06 | time: 0.152
I 06.17/08:13:24 solver.py:221 ] Epoch: [124/400][220/391] lr: 1.81e-04 | MSE loss: 5.7425e-06 | time: 0.152
I 06.17/08:13:27 solver.py:221 ] Epoch: [124/400][240/391] lr: 1.81e-04 | MSE loss: 5.6681e-06 | time: 0.151
I 06.17/08:13:30 solver.py:221 ] Epoch: [124/400][260/391] lr: 1.81e-04 | MSE loss: 5.7987e-06 | time: 0.151
I 06.17/08:13:33 solver.py:221 ] Epoch: [124/400][280/391] lr: 1.81e-04 | MSE loss: 5.7309e-06 | time: 0.151
I 06.17/08:13:36 solver.py:221 ] Epoch: [124/400][300/391] lr: 1.81e-04 | MSE loss: 5.6599e-06 | time: 0.151
I 06.17/08:13:39 solver.py:221 ] Epoch: [124/400][320/391] lr: 1.81e-04 | MSE loss: 5.6290e-06 | time: 0.151
I 06.17/08:13:42 solver.py:221 ] Epoch: [124/400][340/391] lr: 1.81e-04 | MSE loss: 5.9134e-06 | time: 0.151
I 06.17/08:13:45 solver.py:221 ] Epoch: [124/400][360/391] lr: 1.81e-04 | MSE loss: 5.8725e-06 | time: 0.150
I 06.17/08:13:48 solver.py:221 ] Epoch: [124/400][380/391] lr: 1.81e-04 | MSE loss: 5.8407e-06 | time: 0.150
I 06.17/08:13:49 solver.py:243 ] => Train  Loss: 5.8382e-06

I 06.17/08:13:49 solver.py:337 ] 
=! Best NMSE: -1.9353e+01 (epoch=120)

I 06.17/08:13:52 solver.py:221 ] Epoch: [125/400][20/391] lr: 1.81e-04 | MSE loss: 4.5574e-06 | time: 0.131
I 06.17/08:13:55 solver.py:221 ] Epoch: [125/400][40/391] lr: 1.81e-04 | MSE loss: 4.7249e-06 | time: 0.138
I 06.17/08:13:58 solver.py:221 ] Epoch: [125/400][60/391] lr: 1.81e-04 | MSE loss: 4.7316e-06 | time: 0.142
I 06.17/08:14:01 solver.py:221 ] Epoch: [125/400][80/391] lr: 1.81e-04 | MSE loss: 5.4130e-06 | time: 0.144
I 06.17/08:14:04 solver.py:221 ] Epoch: [125/400][100/391] lr: 1.81e-04 | MSE loss: 5.2692e-06 | time: 0.150
I 06.17/08:14:07 solver.py:221 ] Epoch: [125/400][120/391] lr: 1.81e-04 | MSE loss: 5.2153e-06 | time: 0.143
I 06.17/08:14:10 solver.py:221 ] Epoch: [125/400][140/391] lr: 1.81e-04 | MSE loss: 5.2997e-06 | time: 0.145
I 06.17/08:14:13 solver.py:221 ] Epoch: [125/400][160/391] lr: 1.81e-04 | MSE loss: 5.4437e-06 | time: 0.145
I 06.17/08:14:16 solver.py:221 ] Epoch: [125/400][180/391] lr: 1.81e-04 | MSE loss: 5.4027e-06 | time: 0.146
I 06.17/08:14:19 solver.py:221 ] Epoch: [125/400][200/391] lr: 1.81e-04 | MSE loss: 5.3536e-06 | time: 0.147
I 06.17/08:14:22 solver.py:221 ] Epoch: [125/400][220/391] lr: 1.80e-04 | MSE loss: 5.3530e-06 | time: 0.148
I 06.17/08:14:25 solver.py:221 ] Epoch: [125/400][240/391] lr: 1.80e-04 | MSE loss: 5.3603e-06 | time: 0.148
I 06.17/08:14:28 solver.py:221 ] Epoch: [125/400][260/391] lr: 1.80e-04 | MSE loss: 5.5364e-06 | time: 0.148
I 06.17/08:14:31 solver.py:221 ] Epoch: [125/400][280/391] lr: 1.80e-04 | MSE loss: 5.4959e-06 | time: 0.148
I 06.17/08:14:34 solver.py:221 ] Epoch: [125/400][300/391] lr: 1.80e-04 | MSE loss: 5.4636e-06 | time: 0.148
I 06.17/08:14:37 solver.py:221 ] Epoch: [125/400][320/391] lr: 1.80e-04 | MSE loss: 5.4396e-06 | time: 0.149
I 06.17/08:14:40 solver.py:221 ] Epoch: [125/400][340/391] lr: 1.80e-04 | MSE loss: 5.5006e-06 | time: 0.149
I 06.17/08:14:43 solver.py:221 ] Epoch: [125/400][360/391] lr: 1.80e-04 | MSE loss: 5.5240e-06 | time: 0.150
I 06.17/08:14:46 solver.py:221 ] Epoch: [125/400][380/391] lr: 1.80e-04 | MSE loss: 5.4680e-06 | time: 0.149
I 06.17/08:14:48 solver.py:243 ] => Train  Loss: 5.4390e-06

I 06.17/08:14:48 solver.py:337 ] 
=! Best NMSE: -1.9353e+01 (epoch=120)

I 06.17/08:14:51 solver.py:221 ] Epoch: [126/400][20/391] lr: 1.80e-04 | MSE loss: 5.2955e-06 | time: 0.140
I 06.17/08:14:54 solver.py:221 ] Epoch: [126/400][40/391] lr: 1.80e-04 | MSE loss: 5.6038e-06 | time: 0.148
I 06.17/08:14:57 solver.py:221 ] Epoch: [126/400][60/391] lr: 1.80e-04 | MSE loss: 6.1542e-06 | time: 0.150
I 06.17/08:15:00 solver.py:221 ] Epoch: [126/400][80/391] lr: 1.80e-04 | MSE loss: 6.0860e-06 | time: 0.150
I 06.17/08:15:04 solver.py:221 ] Epoch: [126/400][100/391] lr: 1.80e-04 | MSE loss: 5.8250e-06 | time: 0.157
I 06.17/08:15:06 solver.py:221 ] Epoch: [126/400][120/391] lr: 1.80e-04 | MSE loss: 5.6375e-06 | time: 0.150
I 06.17/08:15:09 solver.py:221 ] Epoch: [126/400][140/391] lr: 1.80e-04 | MSE loss: 5.5615e-06 | time: 0.149
I 06.17/08:15:12 solver.py:221 ] Epoch: [126/400][160/391] lr: 1.80e-04 | MSE loss: 5.8661e-06 | time: 0.149
I 06.17/08:15:15 solver.py:221 ] Epoch: [126/400][180/391] lr: 1.80e-04 | MSE loss: 5.8064e-06 | time: 0.149
I 06.17/08:15:18 solver.py:221 ] Epoch: [126/400][200/391] lr: 1.80e-04 | MSE loss: 5.6833e-06 | time: 0.149
I 06.17/08:15:21 solver.py:221 ] Epoch: [126/400][220/391] lr: 1.80e-04 | MSE loss: 5.6785e-06 | time: 0.150
I 06.17/08:15:24 solver.py:221 ] Epoch: [126/400][240/391] lr: 1.80e-04 | MSE loss: 5.5867e-06 | time: 0.150
I 06.17/08:15:27 solver.py:221 ] Epoch: [126/400][260/391] lr: 1.80e-04 | MSE loss: 5.5939e-06 | time: 0.150
I 06.17/08:15:30 solver.py:221 ] Epoch: [126/400][280/391] lr: 1.80e-04 | MSE loss: 5.5803e-06 | time: 0.150
I 06.17/08:15:33 solver.py:221 ] Epoch: [126/400][300/391] lr: 1.80e-04 | MSE loss: 5.5427e-06 | time: 0.150
I 06.17/08:15:36 solver.py:221 ] Epoch: [126/400][320/391] lr: 1.80e-04 | MSE loss: 5.5557e-06 | time: 0.150
I 06.17/08:15:39 solver.py:221 ] Epoch: [126/400][340/391] lr: 1.80e-04 | MSE loss: 5.5174e-06 | time: 0.150
I 06.17/08:15:42 solver.py:221 ] Epoch: [126/400][360/391] lr: 1.80e-04 | MSE loss: 5.4861e-06 | time: 0.150
I 06.17/08:15:45 solver.py:221 ] Epoch: [126/400][380/391] lr: 1.80e-04 | MSE loss: 5.5610e-06 | time: 0.150
I 06.17/08:15:47 solver.py:243 ] => Train  Loss: 5.5610e-06

I 06.17/08:15:47 solver.py:337 ] 
=! Best NMSE: -1.9353e+01 (epoch=120)

I 06.17/08:15:50 solver.py:221 ] Epoch: [127/400][20/391] lr: 1.80e-04 | MSE loss: 4.8784e-06 | time: 0.135
I 06.17/08:15:53 solver.py:221 ] Epoch: [127/400][40/391] lr: 1.80e-04 | MSE loss: 4.7213e-06 | time: 0.142
I 06.17/08:15:56 solver.py:221 ] Epoch: [127/400][60/391] lr: 1.80e-04 | MSE loss: 5.5205e-06 | time: 0.146
I 06.17/08:15:59 solver.py:221 ] Epoch: [127/400][80/391] lr: 1.80e-04 | MSE loss: 5.4608e-06 | time: 0.146
I 06.17/08:16:02 solver.py:221 ] Epoch: [127/400][100/391] lr: 1.80e-04 | MSE loss: 5.3427e-06 | time: 0.148
I 06.17/08:16:05 solver.py:221 ] Epoch: [127/400][120/391] lr: 1.80e-04 | MSE loss: 5.3874e-06 | time: 0.149
I 06.17/08:16:08 solver.py:221 ] Epoch: [127/400][140/391] lr: 1.80e-04 | MSE loss: 5.4784e-06 | time: 0.148
I 06.17/08:16:11 solver.py:221 ] Epoch: [127/400][160/391] lr: 1.80e-04 | MSE loss: 5.3722e-06 | time: 0.148
I 06.17/08:16:14 solver.py:221 ] Epoch: [127/400][180/391] lr: 1.80e-04 | MSE loss: 5.2850e-06 | time: 0.148
I 06.17/08:16:17 solver.py:221 ] Epoch: [127/400][200/391] lr: 1.80e-04 | MSE loss: 5.6707e-06 | time: 0.148
I 06.17/08:16:20 solver.py:221 ] Epoch: [127/400][220/391] lr: 1.80e-04 | MSE loss: 5.6376e-06 | time: 0.149
I 06.17/08:16:23 solver.py:221 ] Epoch: [127/400][240/391] lr: 1.80e-04 | MSE loss: 5.5677e-06 | time: 0.149
I 06.17/08:16:26 solver.py:221 ] Epoch: [127/400][260/391] lr: 1.80e-04 | MSE loss: 5.5287e-06 | time: 0.150
I 06.17/08:16:29 solver.py:221 ] Epoch: [127/400][280/391] lr: 1.80e-04 | MSE loss: 5.4340e-06 | time: 0.150
I 06.17/08:16:32 solver.py:221 ] Epoch: [127/400][300/391] lr: 1.80e-04 | MSE loss: 5.3935e-06 | time: 0.150
I 06.17/08:16:35 solver.py:221 ] Epoch: [127/400][320/391] lr: 1.79e-04 | MSE loss: 5.3305e-06 | time: 0.150
I 06.17/08:16:38 solver.py:221 ] Epoch: [127/400][340/391] lr: 1.79e-04 | MSE loss: 5.2729e-06 | time: 0.150
I 06.17/08:16:41 solver.py:221 ] Epoch: [127/400][360/391] lr: 1.79e-04 | MSE loss: 5.2145e-06 | time: 0.150
I 06.17/08:16:44 solver.py:221 ] Epoch: [127/400][380/391] lr: 1.79e-04 | MSE loss: 5.9330e-06 | time: 0.149
I 06.17/08:16:46 solver.py:243 ] => Train  Loss: 6.0159e-06

I 06.17/08:16:46 solver.py:337 ] 
=! Best NMSE: -1.9353e+01 (epoch=120)

I 06.17/08:16:49 solver.py:221 ] Epoch: [128/400][20/391] lr: 1.79e-04 | MSE loss: 5.3919e-06 | time: 0.133
I 06.17/08:16:52 solver.py:221 ] Epoch: [128/400][40/391] lr: 1.79e-04 | MSE loss: 4.9059e-06 | time: 0.139
I 06.17/08:16:55 solver.py:221 ] Epoch: [128/400][60/391] lr: 1.79e-04 | MSE loss: 4.6431e-06 | time: 0.142
I 06.17/08:16:58 solver.py:221 ] Epoch: [128/400][80/391] lr: 1.79e-04 | MSE loss: 4.5408e-06 | time: 0.144
I 06.17/08:17:01 solver.py:221 ] Epoch: [128/400][100/391] lr: 1.79e-04 | MSE loss: 4.4768e-06 | time: 0.144
I 06.17/08:17:04 solver.py:221 ] Epoch: [128/400][120/391] lr: 1.79e-04 | MSE loss: 4.4286e-06 | time: 0.154
I 06.17/08:17:07 solver.py:221 ] Epoch: [128/400][140/391] lr: 1.79e-04 | MSE loss: 4.4171e-06 | time: 0.151
I 06.17/08:17:10 solver.py:221 ] Epoch: [128/400][160/391] lr: 1.79e-04 | MSE loss: 4.4317e-06 | time: 0.151
I 06.17/08:17:13 solver.py:221 ] Epoch: [128/400][180/391] lr: 1.79e-04 | MSE loss: 4.4780e-06 | time: 0.151
I 06.17/08:17:16 solver.py:221 ] Epoch: [128/400][200/391] lr: 1.79e-04 | MSE loss: 4.4808e-06 | time: 0.151
I 06.17/08:17:19 solver.py:221 ] Epoch: [128/400][220/391] lr: 1.79e-04 | MSE loss: 4.4697e-06 | time: 0.151
I 06.17/08:17:22 solver.py:221 ] Epoch: [128/400][240/391] lr: 1.79e-04 | MSE loss: 4.5920e-06 | time: 0.151
I 06.17/08:17:25 solver.py:221 ] Epoch: [128/400][260/391] lr: 1.79e-04 | MSE loss: 4.6141e-06 | time: 0.151
I 06.17/08:17:28 solver.py:221 ] Epoch: [128/400][280/391] lr: 1.79e-04 | MSE loss: 4.5830e-06 | time: 0.151
I 06.17/08:17:31 solver.py:221 ] Epoch: [128/400][300/391] lr: 1.79e-04 | MSE loss: 4.6813e-06 | time: 0.150
I 06.17/08:17:34 solver.py:221 ] Epoch: [128/400][320/391] lr: 1.79e-04 | MSE loss: 4.7257e-06 | time: 0.149
I 06.17/08:17:37 solver.py:221 ] Epoch: [128/400][340/391] lr: 1.79e-04 | MSE loss: 4.7395e-06 | time: 0.149
I 06.17/08:17:40 solver.py:221 ] Epoch: [128/400][360/391] lr: 1.79e-04 | MSE loss: 4.7828e-06 | time: 0.149
I 06.17/08:17:43 solver.py:221 ] Epoch: [128/400][380/391] lr: 1.79e-04 | MSE loss: 4.8051e-06 | time: 0.150
I 06.17/08:17:45 solver.py:243 ] => Train  Loss: 4.7889e-06

I 06.17/08:17:45 solver.py:337 ] 
=! Best NMSE: -1.9353e+01 (epoch=120)

I 06.17/08:17:48 solver.py:221 ] Epoch: [129/400][20/391] lr: 1.79e-04 | MSE loss: 3.9575e-06 | time: 0.136
I 06.17/08:17:51 solver.py:221 ] Epoch: [129/400][40/391] lr: 1.79e-04 | MSE loss: 4.0942e-06 | time: 0.142
I 06.17/08:17:54 solver.py:221 ] Epoch: [129/400][60/391] lr: 1.79e-04 | MSE loss: 6.0862e-06 | time: 0.148
I 06.17/08:17:57 solver.py:221 ] Epoch: [129/400][80/391] lr: 1.79e-04 | MSE loss: 5.8834e-06 | time: 0.152
I 06.17/08:18:00 solver.py:221 ] Epoch: [129/400][100/391] lr: 1.79e-04 | MSE loss: 5.6724e-06 | time: 0.150
I 06.17/08:18:04 solver.py:221 ] Epoch: [129/400][120/391] lr: 1.79e-04 | MSE loss: 5.5071e-06 | time: 0.162
I 06.17/08:18:07 solver.py:221 ] Epoch: [129/400][140/391] lr: 1.79e-04 | MSE loss: 5.2882e-06 | time: 0.157
I 06.17/08:18:10 solver.py:221 ] Epoch: [129/400][160/391] lr: 1.79e-04 | MSE loss: 5.1714e-06 | time: 0.156
I 06.17/08:18:13 solver.py:221 ] Epoch: [129/400][180/391] lr: 1.79e-04 | MSE loss: 5.3098e-06 | time: 0.156
I 06.17/08:18:16 solver.py:221 ] Epoch: [129/400][200/391] lr: 1.79e-04 | MSE loss: 5.2306e-06 | time: 0.156
I 06.17/08:18:20 solver.py:221 ] Epoch: [129/400][220/391] lr: 1.79e-04 | MSE loss: 5.1875e-06 | time: 0.156
I 06.17/08:18:23 solver.py:221 ] Epoch: [129/400][240/391] lr: 1.79e-04 | MSE loss: 5.2334e-06 | time: 0.156
I 06.17/08:18:26 solver.py:221 ] Epoch: [129/400][260/391] lr: 1.79e-04 | MSE loss: 5.2014e-06 | time: 0.155
I 06.17/08:18:29 solver.py:221 ] Epoch: [129/400][280/391] lr: 1.79e-04 | MSE loss: 5.2567e-06 | time: 0.155
I 06.17/08:18:32 solver.py:221 ] Epoch: [129/400][300/391] lr: 1.79e-04 | MSE loss: 5.2995e-06 | time: 0.155
I 06.17/08:18:34 solver.py:221 ] Epoch: [129/400][320/391] lr: 1.79e-04 | MSE loss: 5.2234e-06 | time: 0.153
I 06.17/08:18:37 solver.py:221 ] Epoch: [129/400][340/391] lr: 1.79e-04 | MSE loss: 5.1629e-06 | time: 0.152
I 06.17/08:18:39 solver.py:221 ] Epoch: [129/400][360/391] lr: 1.79e-04 | MSE loss: 5.2526e-06 | time: 0.150
I 06.17/08:18:42 solver.py:221 ] Epoch: [129/400][380/391] lr: 1.79e-04 | MSE loss: 5.2443e-06 | time: 0.149
I 06.17/08:18:43 solver.py:243 ] => Train  Loss: 5.2169e-06

I 06.17/08:18:43 solver.py:337 ] 
=! Best NMSE: -1.9353e+01 (epoch=120)

I 06.17/08:18:46 solver.py:221 ] Epoch: [130/400][20/391] lr: 1.78e-04 | MSE loss: 4.2733e-06 | time: 0.118
I 06.17/08:18:48 solver.py:221 ] Epoch: [130/400][40/391] lr: 1.78e-04 | MSE loss: 4.3349e-06 | time: 0.118
I 06.17/08:18:51 solver.py:221 ] Epoch: [130/400][60/391] lr: 1.78e-04 | MSE loss: 5.2174e-06 | time: 0.127
I 06.17/08:18:54 solver.py:221 ] Epoch: [130/400][80/391] lr: 1.78e-04 | MSE loss: 5.0987e-06 | time: 0.131
I 06.17/08:18:57 solver.py:221 ] Epoch: [130/400][100/391] lr: 1.78e-04 | MSE loss: 4.9471e-06 | time: 0.133
I 06.17/08:19:00 solver.py:221 ] Epoch: [130/400][120/391] lr: 1.78e-04 | MSE loss: 5.0217e-06 | time: 0.135
I 06.17/08:19:03 solver.py:221 ] Epoch: [130/400][140/391] lr: 1.78e-04 | MSE loss: 4.9643e-06 | time: 0.142
I 06.17/08:19:06 solver.py:221 ] Epoch: [130/400][160/391] lr: 1.78e-04 | MSE loss: 5.0037e-06 | time: 0.140
I 06.17/08:19:09 solver.py:221 ] Epoch: [130/400][180/391] lr: 1.78e-04 | MSE loss: 5.1568e-06 | time: 0.141
I 06.17/08:19:12 solver.py:221 ] Epoch: [130/400][200/391] lr: 1.78e-04 | MSE loss: 5.1126e-06 | time: 0.143
I 06.17/08:19:16 solver.py:221 ] Epoch: [130/400][220/391] lr: 1.78e-04 | MSE loss: 5.0175e-06 | time: 0.145
I 06.17/08:19:19 solver.py:221 ] Epoch: [130/400][240/391] lr: 1.78e-04 | MSE loss: 5.0055e-06 | time: 0.146
I 06.17/08:19:22 solver.py:221 ] Epoch: [130/400][260/391] lr: 1.78e-04 | MSE loss: 5.0699e-06 | time: 0.146
I 06.17/08:19:25 solver.py:221 ] Epoch: [130/400][280/391] lr: 1.78e-04 | MSE loss: 5.0823e-06 | time: 0.146
I 06.17/08:19:28 solver.py:221 ] Epoch: [130/400][300/391] lr: 1.78e-04 | MSE loss: 5.0894e-06 | time: 0.146
I 06.17/08:19:30 solver.py:221 ] Epoch: [130/400][320/391] lr: 1.78e-04 | MSE loss: 5.0833e-06 | time: 0.146
I 06.17/08:19:33 solver.py:221 ] Epoch: [130/400][340/391] lr: 1.78e-04 | MSE loss: 5.0361e-06 | time: 0.146
I 06.17/08:19:36 solver.py:221 ] Epoch: [130/400][360/391] lr: 1.78e-04 | MSE loss: 4.9869e-06 | time: 0.146
I 06.17/08:19:39 solver.py:221 ] Epoch: [130/400][380/391] lr: 1.78e-04 | MSE loss: 5.0631e-06 | time: 0.145
I 06.17/08:19:40 solver.py:243 ] => Train  Loss: 5.1646e-06

I 06.17/08:19:42 solver.py:221 ] Epoch: [130/400][20/118] lr: 1.78e-04 | MSE loss: 4.3273e-06 | time: 0.077
I 06.17/08:19:43 solver.py:221 ] Epoch: [130/400][40/118] lr: 1.78e-04 | MSE loss: 4.2911e-06 | time: 0.070
I 06.17/08:19:45 solver.py:221 ] Epoch: [130/400][60/118] lr: 1.78e-04 | MSE loss: 4.3209e-06 | time: 0.067
I 06.17/08:19:46 solver.py:221 ] Epoch: [130/400][80/118] lr: 1.78e-04 | MSE loss: 4.3185e-06 | time: 0.065
I 06.17/08:19:47 solver.py:221 ] Epoch: [130/400][100/118] lr: 1.78e-04 | MSE loss: 4.3112e-06 | time: 0.065
I 06.17/08:19:48 solver.py:243 ] => Val  Loss: 4.3237e-06

I 06.17/08:19:50 solver.py:471 ] [20/79] loss: 4.3850e-06 | NMSE: -2.0133e+01 | time: 0.063
I 06.17/08:19:51 solver.py:471 ] [40/79] loss: 4.3453e-06 | NMSE: -2.0175e+01 | time: 0.063
I 06.17/08:19:52 solver.py:471 ] [60/79] loss: 4.3438e-06 | NMSE: -2.0166e+01 | time: 0.055
I 06.17/08:19:52 solver.py:476 ] => Test NMSE: -2.0179e+01

I 06.17/08:19:53 solver.py:337 ] 
=! Best NMSE: -2.0179e+01 (epoch=130)

I 06.17/08:19:56 solver.py:221 ] Epoch: [131/400][20/391] lr: 1.78e-04 | MSE loss: 4.4437e-06 | time: 0.165
I 06.17/08:19:59 solver.py:221 ] Epoch: [131/400][40/391] lr: 1.78e-04 | MSE loss: 4.2959e-06 | time: 0.158
I 06.17/08:20:03 solver.py:221 ] Epoch: [131/400][60/391] lr: 1.78e-04 | MSE loss: 4.4016e-06 | time: 0.172
I 06.17/08:20:06 solver.py:221 ] Epoch: [131/400][80/391] lr: 1.78e-04 | MSE loss: 4.4791e-06 | time: 0.163
I 06.17/08:20:09 solver.py:221 ] Epoch: [131/400][100/391] lr: 1.78e-04 | MSE loss: 4.5051e-06 | time: 0.164
I 06.17/08:20:12 solver.py:221 ] Epoch: [131/400][120/391] lr: 1.78e-04 | MSE loss: 4.3916e-06 | time: 0.162
I 06.17/08:20:16 solver.py:221 ] Epoch: [131/400][140/391] lr: 1.78e-04 | MSE loss: 4.3658e-06 | time: 0.163
I 06.17/08:20:19 solver.py:221 ] Epoch: [131/400][160/391] lr: 1.78e-04 | MSE loss: 5.1610e-06 | time: 0.161
I 06.17/08:20:22 solver.py:221 ] Epoch: [131/400][180/391] lr: 1.78e-04 | MSE loss: 5.2771e-06 | time: 0.160
I 06.17/08:20:25 solver.py:221 ] Epoch: [131/400][200/391] lr: 1.78e-04 | MSE loss: 5.1301e-06 | time: 0.159
I 06.17/08:20:28 solver.py:221 ] Epoch: [131/400][220/391] lr: 1.78e-04 | MSE loss: 4.9970e-06 | time: 0.159
I 06.17/08:20:31 solver.py:221 ] Epoch: [131/400][240/391] lr: 1.78e-04 | MSE loss: 4.8973e-06 | time: 0.158
I 06.17/08:20:34 solver.py:221 ] Epoch: [131/400][260/391] lr: 1.78e-04 | MSE loss: 4.8949e-06 | time: 0.158
I 06.17/08:20:37 solver.py:221 ] Epoch: [131/400][280/391] lr: 1.78e-04 | MSE loss: 4.8397e-06 | time: 0.159
I 06.17/08:20:40 solver.py:221 ] Epoch: [131/400][300/391] lr: 1.78e-04 | MSE loss: 4.7961e-06 | time: 0.158
I 06.17/08:20:44 solver.py:221 ] Epoch: [131/400][320/391] lr: 1.78e-04 | MSE loss: 4.8202e-06 | time: 0.158
I 06.17/08:20:47 solver.py:221 ] Epoch: [131/400][340/391] lr: 1.78e-04 | MSE loss: 4.9371e-06 | time: 0.158
I 06.17/08:20:49 solver.py:221 ] Epoch: [131/400][360/391] lr: 1.78e-04 | MSE loss: 4.9585e-06 | time: 0.157
I 06.17/08:20:52 solver.py:221 ] Epoch: [131/400][380/391] lr: 1.78e-04 | MSE loss: 4.9015e-06 | time: 0.157
I 06.17/08:20:54 solver.py:243 ] => Train  Loss: 4.8656e-06

I 06.17/08:20:54 solver.py:337 ] 
=! Best NMSE: -2.0179e+01 (epoch=130)

I 06.17/08:20:57 solver.py:221 ] Epoch: [132/400][20/391] lr: 1.78e-04 | MSE loss: 4.5734e-06 | time: 0.137
I 06.17/08:21:00 solver.py:221 ] Epoch: [132/400][40/391] lr: 1.78e-04 | MSE loss: 4.6119e-06 | time: 0.142
I 06.17/08:21:05 solver.py:221 ] Epoch: [132/400][60/391] lr: 1.77e-04 | MSE loss: 4.4931e-06 | time: 0.173
I 06.17/08:21:08 solver.py:221 ] Epoch: [132/400][80/391] lr: 1.77e-04 | MSE loss: 4.6776e-06 | time: 0.164
I 06.17/08:21:11 solver.py:221 ] Epoch: [132/400][100/391] lr: 1.77e-04 | MSE loss: 4.6375e-06 | time: 0.162
I 06.17/08:21:14 solver.py:221 ] Epoch: [132/400][120/391] lr: 1.77e-04 | MSE loss: 4.6864e-06 | time: 0.161
I 06.17/08:21:17 solver.py:221 ] Epoch: [132/400][140/391] lr: 1.77e-04 | MSE loss: 4.6174e-06 | time: 0.160
I 06.17/08:21:20 solver.py:221 ] Epoch: [132/400][160/391] lr: 1.77e-04 | MSE loss: 4.5467e-06 | time: 0.158
I 06.17/08:21:23 solver.py:221 ] Epoch: [132/400][180/391] lr: 1.77e-04 | MSE loss: 4.5316e-06 | time: 0.157
I 06.17/08:21:26 solver.py:221 ] Epoch: [132/400][200/391] lr: 1.77e-04 | MSE loss: 4.5138e-06 | time: 0.156
I 06.17/08:21:29 solver.py:221 ] Epoch: [132/400][220/391] lr: 1.77e-04 | MSE loss: 5.2966e-06 | time: 0.156
I 06.17/08:21:32 solver.py:221 ] Epoch: [132/400][240/391] lr: 1.77e-04 | MSE loss: 5.2095e-06 | time: 0.156
I 06.17/08:21:35 solver.py:221 ] Epoch: [132/400][260/391] lr: 1.77e-04 | MSE loss: 5.0970e-06 | time: 0.156
I 06.17/08:21:38 solver.py:221 ] Epoch: [132/400][280/391] lr: 1.77e-04 | MSE loss: 4.9872e-06 | time: 0.155
I 06.17/08:21:41 solver.py:221 ] Epoch: [132/400][300/391] lr: 1.77e-04 | MSE loss: 4.8995e-06 | time: 0.154
I 06.17/08:21:44 solver.py:221 ] Epoch: [132/400][320/391] lr: 1.77e-04 | MSE loss: 4.8916e-06 | time: 0.154
I 06.17/08:21:47 solver.py:221 ] Epoch: [132/400][340/391] lr: 1.77e-04 | MSE loss: 4.8528e-06 | time: 0.154
I 06.17/08:21:50 solver.py:221 ] Epoch: [132/400][360/391] lr: 1.77e-04 | MSE loss: 4.8038e-06 | time: 0.155
I 06.17/08:21:53 solver.py:221 ] Epoch: [132/400][380/391] lr: 1.77e-04 | MSE loss: 4.7983e-06 | time: 0.154
I 06.17/08:21:55 solver.py:243 ] => Train  Loss: 4.7835e-06

I 06.17/08:21:55 solver.py:337 ] 
=! Best NMSE: -2.0179e+01 (epoch=130)

I 06.17/08:21:58 solver.py:221 ] Epoch: [133/400][20/391] lr: 1.77e-04 | MSE loss: 4.0473e-06 | time: 0.139
I 06.17/08:22:01 solver.py:221 ] Epoch: [133/400][40/391] lr: 1.77e-04 | MSE loss: 4.3364e-06 | time: 0.143
I 06.17/08:22:06 solver.py:221 ] Epoch: [133/400][60/391] lr: 1.77e-04 | MSE loss: 4.2283e-06 | time: 0.174
I 06.17/08:22:09 solver.py:221 ] Epoch: [133/400][80/391] lr: 1.77e-04 | MSE loss: 4.2320e-06 | time: 0.167
I 06.17/08:22:12 solver.py:221 ] Epoch: [133/400][100/391] lr: 1.77e-04 | MSE loss: 4.2563e-06 | time: 0.165
I 06.17/08:22:15 solver.py:221 ] Epoch: [133/400][120/391] lr: 1.77e-04 | MSE loss: 4.6799e-06 | time: 0.162
I 06.17/08:22:18 solver.py:221 ] Epoch: [133/400][140/391] lr: 1.77e-04 | MSE loss: 4.6361e-06 | time: 0.160
I 06.17/08:22:21 solver.py:221 ] Epoch: [133/400][160/391] lr: 1.77e-04 | MSE loss: 4.5638e-06 | time: 0.159
I 06.17/08:22:24 solver.py:221 ] Epoch: [133/400][180/391] lr: 1.77e-04 | MSE loss: 4.5119e-06 | time: 0.158
I 06.17/08:22:27 solver.py:221 ] Epoch: [133/400][200/391] lr: 1.77e-04 | MSE loss: 4.4478e-06 | time: 0.157
I 06.17/08:22:29 solver.py:221 ] Epoch: [133/400][220/391] lr: 1.77e-04 | MSE loss: 4.4454e-06 | time: 0.156
I 06.17/08:22:32 solver.py:221 ] Epoch: [133/400][240/391] lr: 1.77e-04 | MSE loss: 4.4680e-06 | time: 0.155
I 06.17/08:22:35 solver.py:221 ] Epoch: [133/400][260/391] lr: 1.77e-04 | MSE loss: 4.8165e-06 | time: 0.155
I 06.17/08:22:38 solver.py:221 ] Epoch: [133/400][280/391] lr: 1.77e-04 | MSE loss: 4.7877e-06 | time: 0.155
I 06.17/08:22:41 solver.py:221 ] Epoch: [133/400][300/391] lr: 1.77e-04 | MSE loss: 4.7218e-06 | time: 0.154
I 06.17/08:22:44 solver.py:221 ] Epoch: [133/400][320/391] lr: 1.77e-04 | MSE loss: 4.6463e-06 | time: 0.154
I 06.17/08:22:47 solver.py:221 ] Epoch: [133/400][340/391] lr: 1.77e-04 | MSE loss: 4.5944e-06 | time: 0.154
I 06.17/08:22:50 solver.py:221 ] Epoch: [133/400][360/391] lr: 1.77e-04 | MSE loss: 4.5884e-06 | time: 0.153
I 06.17/08:22:53 solver.py:221 ] Epoch: [133/400][380/391] lr: 1.77e-04 | MSE loss: 4.6037e-06 | time: 0.153
I 06.17/08:22:55 solver.py:243 ] => Train  Loss: 4.5921e-06

I 06.17/08:22:55 solver.py:337 ] 
=! Best NMSE: -2.0179e+01 (epoch=130)

I 06.17/08:22:58 solver.py:221 ] Epoch: [134/400][20/391] lr: 1.77e-04 | MSE loss: 4.0179e-06 | time: 0.140
I 06.17/08:23:01 solver.py:221 ] Epoch: [134/400][40/391] lr: 1.77e-04 | MSE loss: 4.1513e-06 | time: 0.142
I 06.17/08:23:05 solver.py:221 ] Epoch: [134/400][60/391] lr: 1.77e-04 | MSE loss: 4.5918e-06 | time: 0.163
I 06.17/08:23:08 solver.py:221 ] Epoch: [134/400][80/391] lr: 1.77e-04 | MSE loss: 4.5194e-06 | time: 0.158
I 06.17/08:23:11 solver.py:221 ] Epoch: [134/400][100/391] lr: 1.77e-04 | MSE loss: 4.4380e-06 | time: 0.156
I 06.17/08:23:14 solver.py:221 ] Epoch: [134/400][120/391] lr: 1.76e-04 | MSE loss: 4.3918e-06 | time: 0.157
I 06.17/08:23:17 solver.py:221 ] Epoch: [134/400][140/391] lr: 1.76e-04 | MSE loss: 4.2771e-06 | time: 0.157
I 06.17/08:23:21 solver.py:221 ] Epoch: [134/400][160/391] lr: 1.76e-04 | MSE loss: 4.1566e-06 | time: 0.157
I 06.17/08:23:24 solver.py:221 ] Epoch: [134/400][180/391] lr: 1.76e-04 | MSE loss: 4.2746e-06 | time: 0.158
I 06.17/08:23:27 solver.py:221 ] Epoch: [134/400][200/391] lr: 1.76e-04 | MSE loss: 4.6344e-06 | time: 0.157
I 06.17/08:23:30 solver.py:221 ] Epoch: [134/400][220/391] lr: 1.76e-04 | MSE loss: 4.6587e-06 | time: 0.157
I 06.17/08:23:33 solver.py:221 ] Epoch: [134/400][240/391] lr: 1.76e-04 | MSE loss: 4.5715e-06 | time: 0.157
I 06.17/08:23:36 solver.py:221 ] Epoch: [134/400][260/391] lr: 1.76e-04 | MSE loss: 4.4798e-06 | time: 0.157
I 06.17/08:23:39 solver.py:221 ] Epoch: [134/400][280/391] lr: 1.76e-04 | MSE loss: 4.4201e-06 | time: 0.156
I 06.17/08:23:42 solver.py:221 ] Epoch: [134/400][300/391] lr: 1.76e-04 | MSE loss: 4.4724e-06 | time: 0.155
I 06.17/08:23:45 solver.py:221 ] Epoch: [134/400][320/391] lr: 1.76e-04 | MSE loss: 4.4395e-06 | time: 0.155
I 06.17/08:23:48 solver.py:221 ] Epoch: [134/400][340/391] lr: 1.76e-04 | MSE loss: 4.4177e-06 | time: 0.156
I 06.17/08:23:51 solver.py:221 ] Epoch: [134/400][360/391] lr: 1.76e-04 | MSE loss: 4.3895e-06 | time: 0.155
I 06.17/08:23:54 solver.py:221 ] Epoch: [134/400][380/391] lr: 1.76e-04 | MSE loss: 4.4027e-06 | time: 0.155
I 06.17/08:23:56 solver.py:243 ] => Train  Loss: 4.3795e-06

I 06.17/08:23:56 solver.py:337 ] 
=! Best NMSE: -2.0179e+01 (epoch=130)

I 06.17/08:23:59 solver.py:221 ] Epoch: [135/400][20/391] lr: 1.76e-04 | MSE loss: 4.0734e-06 | time: 0.139
I 06.17/08:24:02 solver.py:221 ] Epoch: [135/400][40/391] lr: 1.76e-04 | MSE loss: 4.1456e-06 | time: 0.145
I 06.17/08:24:06 solver.py:221 ] Epoch: [135/400][60/391] lr: 1.76e-04 | MSE loss: 4.1735e-06 | time: 0.159
I 06.17/08:24:09 solver.py:221 ] Epoch: [135/400][80/391] lr: 1.76e-04 | MSE loss: 4.5469e-06 | time: 0.157
I 06.17/08:24:12 solver.py:221 ] Epoch: [135/400][100/391] lr: 1.76e-04 | MSE loss: 4.3740e-06 | time: 0.157
I 06.17/08:24:15 solver.py:221 ] Epoch: [135/400][120/391] lr: 1.76e-04 | MSE loss: 4.2982e-06 | time: 0.157
I 06.17/08:24:18 solver.py:221 ] Epoch: [135/400][140/391] lr: 1.76e-04 | MSE loss: 4.3459e-06 | time: 0.157
I 06.17/08:24:21 solver.py:221 ] Epoch: [135/400][160/391] lr: 1.76e-04 | MSE loss: 4.4420e-06 | time: 0.156
I 06.17/08:24:24 solver.py:221 ] Epoch: [135/400][180/391] lr: 1.76e-04 | MSE loss: 4.3361e-06 | time: 0.155
I 06.17/08:24:27 solver.py:221 ] Epoch: [135/400][200/391] lr: 1.76e-04 | MSE loss: 4.2853e-06 | time: 0.155
I 06.17/08:24:30 solver.py:221 ] Epoch: [135/400][220/391] lr: 1.76e-04 | MSE loss: 4.4760e-06 | time: 0.155
I 06.17/08:24:33 solver.py:221 ] Epoch: [135/400][240/391] lr: 1.76e-04 | MSE loss: 4.4123e-06 | time: 0.155
I 06.17/08:24:36 solver.py:221 ] Epoch: [135/400][260/391] lr: 1.76e-04 | MSE loss: 4.3527e-06 | time: 0.154
I 06.17/08:24:40 solver.py:221 ] Epoch: [135/400][280/391] lr: 1.76e-04 | MSE loss: 4.3165e-06 | time: 0.155
I 06.17/08:24:42 solver.py:221 ] Epoch: [135/400][300/391] lr: 1.76e-04 | MSE loss: 4.3241e-06 | time: 0.154
I 06.17/08:24:45 solver.py:221 ] Epoch: [135/400][320/391] lr: 1.76e-04 | MSE loss: 4.3354e-06 | time: 0.154
I 06.17/08:24:48 solver.py:221 ] Epoch: [135/400][340/391] lr: 1.76e-04 | MSE loss: 4.3082e-06 | time: 0.154
I 06.17/08:24:51 solver.py:221 ] Epoch: [135/400][360/391] lr: 1.76e-04 | MSE loss: 4.3482e-06 | time: 0.154
I 06.17/08:24:55 solver.py:221 ] Epoch: [135/400][380/391] lr: 1.76e-04 | MSE loss: 4.4416e-06 | time: 0.154
I 06.17/08:24:56 solver.py:243 ] => Train  Loss: 4.4263e-06

I 06.17/08:24:56 solver.py:337 ] 
=! Best NMSE: -2.0179e+01 (epoch=130)

I 06.17/08:24:59 solver.py:221 ] Epoch: [136/400][20/391] lr: 1.76e-04 | MSE loss: 3.4437e-06 | time: 0.138
I 06.17/08:25:03 solver.py:221 ] Epoch: [136/400][40/391] lr: 1.76e-04 | MSE loss: 3.3620e-06 | time: 0.167
I 06.17/08:25:06 solver.py:221 ] Epoch: [136/400][60/391] lr: 1.76e-04 | MSE loss: 3.7897e-06 | time: 0.158
I 06.17/08:25:09 solver.py:221 ] Epoch: [136/400][80/391] lr: 1.76e-04 | MSE loss: 3.7256e-06 | time: 0.156
I 06.17/08:25:12 solver.py:221 ] Epoch: [136/400][100/391] lr: 1.76e-04 | MSE loss: 3.8874e-06 | time: 0.156
I 06.17/08:25:15 solver.py:221 ] Epoch: [136/400][120/391] lr: 1.76e-04 | MSE loss: 3.8266e-06 | time: 0.155
I 06.17/08:25:18 solver.py:221 ] Epoch: [136/400][140/391] lr: 1.75e-04 | MSE loss: 3.7844e-06 | time: 0.155
I 06.17/08:25:22 solver.py:221 ] Epoch: [136/400][160/391] lr: 1.75e-04 | MSE loss: 4.2237e-06 | time: 0.156
I 06.17/08:25:25 solver.py:221 ] Epoch: [136/400][180/391] lr: 1.75e-04 | MSE loss: 4.1987e-06 | time: 0.156
I 06.17/08:25:28 solver.py:221 ] Epoch: [136/400][200/391] lr: 1.75e-04 | MSE loss: 4.1104e-06 | time: 0.155
I 06.17/08:25:31 solver.py:221 ] Epoch: [136/400][220/391] lr: 1.75e-04 | MSE loss: 4.1851e-06 | time: 0.154
I 06.17/08:25:34 solver.py:221 ] Epoch: [136/400][240/391] lr: 1.75e-04 | MSE loss: 4.2085e-06 | time: 0.154
I 06.17/08:25:37 solver.py:221 ] Epoch: [136/400][260/391] lr: 1.75e-04 | MSE loss: 4.1508e-06 | time: 0.155
I 06.17/08:25:40 solver.py:221 ] Epoch: [136/400][280/391] lr: 1.75e-04 | MSE loss: 4.1065e-06 | time: 0.155
I 06.17/08:25:43 solver.py:221 ] Epoch: [136/400][300/391] lr: 1.75e-04 | MSE loss: 4.0656e-06 | time: 0.154
I 06.17/08:25:46 solver.py:221 ] Epoch: [136/400][320/391] lr: 1.75e-04 | MSE loss: 4.0355e-06 | time: 0.154
I 06.17/08:25:49 solver.py:221 ] Epoch: [136/400][340/391] lr: 1.75e-04 | MSE loss: 4.1095e-06 | time: 0.153
I 06.17/08:25:52 solver.py:221 ] Epoch: [136/400][360/391] lr: 1.75e-04 | MSE loss: 4.0748e-06 | time: 0.153
I 06.17/08:25:55 solver.py:221 ] Epoch: [136/400][380/391] lr: 1.75e-04 | MSE loss: 4.0443e-06 | time: 0.153
I 06.17/08:25:57 solver.py:243 ] => Train  Loss: 4.0224e-06

I 06.17/08:25:57 solver.py:337 ] 
=! Best NMSE: -2.0179e+01 (epoch=130)

I 06.17/08:26:00 solver.py:221 ] Epoch: [137/400][20/391] lr: 1.75e-04 | MSE loss: 6.9411e-06 | time: 0.143
I 06.17/08:26:04 solver.py:221 ] Epoch: [137/400][40/391] lr: 1.75e-04 | MSE loss: 6.1739e-06 | time: 0.171
I 06.17/08:26:06 solver.py:221 ] Epoch: [137/400][60/391] lr: 1.75e-04 | MSE loss: 5.3524e-06 | time: 0.152
I 06.17/08:26:09 solver.py:221 ] Epoch: [137/400][80/391] lr: 1.75e-04 | MSE loss: 4.8300e-06 | time: 0.153
I 06.17/08:26:12 solver.py:221 ] Epoch: [137/400][100/391] lr: 1.75e-04 | MSE loss: 4.5682e-06 | time: 0.154
I 06.17/08:26:15 solver.py:221 ] Epoch: [137/400][120/391] lr: 1.75e-04 | MSE loss: 4.3458e-06 | time: 0.154
I 06.17/08:26:18 solver.py:221 ] Epoch: [137/400][140/391] lr: 1.75e-04 | MSE loss: 4.2852e-06 | time: 0.153
I 06.17/08:26:21 solver.py:221 ] Epoch: [137/400][160/391] lr: 1.75e-04 | MSE loss: 4.1947e-06 | time: 0.152
I 06.17/08:26:24 solver.py:221 ] Epoch: [137/400][180/391] lr: 1.75e-04 | MSE loss: 4.3780e-06 | time: 0.152
I 06.17/08:26:27 solver.py:221 ] Epoch: [137/400][200/391] lr: 1.75e-04 | MSE loss: 4.2995e-06 | time: 0.151
I 06.17/08:26:30 solver.py:221 ] Epoch: [137/400][220/391] lr: 1.75e-04 | MSE loss: 4.2760e-06 | time: 0.151
I 06.17/08:26:33 solver.py:221 ] Epoch: [137/400][240/391] lr: 1.75e-04 | MSE loss: 4.2493e-06 | time: 0.151
I 06.17/08:26:36 solver.py:221 ] Epoch: [137/400][260/391] lr: 1.75e-04 | MSE loss: 4.1944e-06 | time: 0.151
I 06.17/08:26:40 solver.py:221 ] Epoch: [137/400][280/391] lr: 1.75e-04 | MSE loss: 4.1082e-06 | time: 0.152
I 06.17/08:26:43 solver.py:221 ] Epoch: [137/400][300/391] lr: 1.75e-04 | MSE loss: 4.0480e-06 | time: 0.152
I 06.17/08:26:46 solver.py:221 ] Epoch: [137/400][320/391] lr: 1.75e-04 | MSE loss: 4.2312e-06 | time: 0.153
I 06.17/08:26:49 solver.py:221 ] Epoch: [137/400][340/391] lr: 1.75e-04 | MSE loss: 4.2445e-06 | time: 0.153
I 06.17/08:26:52 solver.py:221 ] Epoch: [137/400][360/391] lr: 1.75e-04 | MSE loss: 4.2774e-06 | time: 0.154
I 06.17/08:26:56 solver.py:221 ] Epoch: [137/400][380/391] lr: 1.75e-04 | MSE loss: 4.2713e-06 | time: 0.154
I 06.17/08:26:57 solver.py:243 ] => Train  Loss: 4.2915e-06

I 06.17/08:26:57 solver.py:337 ] 
=! Best NMSE: -2.0179e+01 (epoch=130)

I 06.17/08:27:01 solver.py:221 ] Epoch: [138/400][20/391] lr: 1.75e-04 | MSE loss: 3.0340e-06 | time: 0.155
I 06.17/08:27:05 solver.py:221 ] Epoch: [138/400][40/391] lr: 1.75e-04 | MSE loss: 3.0220e-06 | time: 0.179
I 06.17/08:27:08 solver.py:221 ] Epoch: [138/400][60/391] lr: 1.75e-04 | MSE loss: 3.2329e-06 | time: 0.171
I 06.17/08:27:11 solver.py:221 ] Epoch: [138/400][80/391] lr: 1.75e-04 | MSE loss: 3.3071e-06 | time: 0.167
I 06.17/08:27:14 solver.py:221 ] Epoch: [138/400][100/391] lr: 1.75e-04 | MSE loss: 3.6005e-06 | time: 0.165
I 06.17/08:27:18 solver.py:221 ] Epoch: [138/400][120/391] lr: 1.75e-04 | MSE loss: 3.7807e-06 | time: 0.166
I 06.17/08:27:21 solver.py:221 ] Epoch: [138/400][140/391] lr: 1.75e-04 | MSE loss: 3.7708e-06 | time: 0.164
I 06.17/08:27:24 solver.py:221 ] Epoch: [138/400][160/391] lr: 1.74e-04 | MSE loss: 3.7484e-06 | time: 0.164
I 06.17/08:27:27 solver.py:221 ] Epoch: [138/400][180/391] lr: 1.74e-04 | MSE loss: 3.8313e-06 | time: 0.164
I 06.17/08:27:31 solver.py:221 ] Epoch: [138/400][200/391] lr: 1.74e-04 | MSE loss: 3.8038e-06 | time: 0.165
I 06.17/08:27:34 solver.py:221 ] Epoch: [138/400][220/391] lr: 1.74e-04 | MSE loss: 3.7466e-06 | time: 0.164
I 06.17/08:27:37 solver.py:221 ] Epoch: [138/400][240/391] lr: 1.74e-04 | MSE loss: 3.9030e-06 | time: 0.163
I 06.17/08:27:40 solver.py:221 ] Epoch: [138/400][260/391] lr: 1.74e-04 | MSE loss: 3.9436e-06 | time: 0.163
I 06.17/08:27:43 solver.py:221 ] Epoch: [138/400][280/391] lr: 1.74e-04 | MSE loss: 3.9208e-06 | time: 0.162
I 06.17/08:27:47 solver.py:221 ] Epoch: [138/400][300/391] lr: 1.74e-04 | MSE loss: 3.8971e-06 | time: 0.163
I 06.17/08:27:50 solver.py:221 ] Epoch: [138/400][320/391] lr: 1.74e-04 | MSE loss: 3.8460e-06 | time: 0.162
I 06.17/08:27:53 solver.py:221 ] Epoch: [138/400][340/391] lr: 1.74e-04 | MSE loss: 3.8287e-06 | time: 0.162
I 06.17/08:27:56 solver.py:221 ] Epoch: [138/400][360/391] lr: 1.74e-04 | MSE loss: 3.8297e-06 | time: 0.162
I 06.17/08:27:59 solver.py:221 ] Epoch: [138/400][380/391] lr: 1.74e-04 | MSE loss: 3.9461e-06 | time: 0.162
I 06.17/08:28:01 solver.py:243 ] => Train  Loss: 3.9615e-06

I 06.17/08:28:01 solver.py:337 ] 
=! Best NMSE: -2.0179e+01 (epoch=130)

I 06.17/08:28:05 solver.py:221 ] Epoch: [139/400][20/391] lr: 1.74e-04 | MSE loss: 3.2641e-06 | time: 0.191
I 06.17/08:28:09 solver.py:221 ] Epoch: [139/400][40/391] lr: 1.74e-04 | MSE loss: 3.3231e-06 | time: 0.173
I 06.17/08:28:12 solver.py:221 ] Epoch: [139/400][60/391] lr: 1.74e-04 | MSE loss: 3.2958e-06 | time: 0.170
I 06.17/08:28:15 solver.py:221 ] Epoch: [139/400][80/391] lr: 1.74e-04 | MSE loss: 3.9624e-06 | time: 0.168
I 06.17/08:28:18 solver.py:221 ] Epoch: [139/400][100/391] lr: 1.74e-04 | MSE loss: 4.0363e-06 | time: 0.166
I 06.17/08:28:21 solver.py:221 ] Epoch: [139/400][120/391] lr: 1.74e-04 | MSE loss: 4.0683e-06 | time: 0.164
I 06.17/08:28:24 solver.py:221 ] Epoch: [139/400][140/391] lr: 1.74e-04 | MSE loss: 3.9827e-06 | time: 0.164
I 06.17/08:28:27 solver.py:221 ] Epoch: [139/400][160/391] lr: 1.74e-04 | MSE loss: 3.9220e-06 | time: 0.162
I 06.17/08:28:30 solver.py:221 ] Epoch: [139/400][180/391] lr: 1.74e-04 | MSE loss: 3.9023e-06 | time: 0.160
I 06.17/08:28:33 solver.py:221 ] Epoch: [139/400][200/391] lr: 1.74e-04 | MSE loss: 3.8617e-06 | time: 0.159
I 06.17/08:28:37 solver.py:221 ] Epoch: [139/400][220/391] lr: 1.74e-04 | MSE loss: 3.8494e-06 | time: 0.159
I 06.17/08:28:40 solver.py:221 ] Epoch: [139/400][240/391] lr: 1.74e-04 | MSE loss: 3.8321e-06 | time: 0.159
I 06.17/08:28:43 solver.py:221 ] Epoch: [139/400][260/391] lr: 1.74e-04 | MSE loss: 3.9377e-06 | time: 0.158
I 06.17/08:28:46 solver.py:221 ] Epoch: [139/400][280/391] lr: 1.74e-04 | MSE loss: 3.8962e-06 | time: 0.157
I 06.17/08:28:49 solver.py:221 ] Epoch: [139/400][300/391] lr: 1.74e-04 | MSE loss: 3.9306e-06 | time: 0.157
I 06.17/08:28:52 solver.py:221 ] Epoch: [139/400][320/391] lr: 1.74e-04 | MSE loss: 3.9036e-06 | time: 0.156
I 06.17/08:28:54 solver.py:221 ] Epoch: [139/400][340/391] lr: 1.74e-04 | MSE loss: 3.9027e-06 | time: 0.156
I 06.17/08:28:57 solver.py:221 ] Epoch: [139/400][360/391] lr: 1.74e-04 | MSE loss: 3.8928e-06 | time: 0.154
I 06.17/08:28:59 solver.py:221 ] Epoch: [139/400][380/391] lr: 1.74e-04 | MSE loss: 3.8854e-06 | time: 0.152
I 06.17/08:29:01 solver.py:243 ] => Train  Loss: 3.8844e-06

I 06.17/08:29:01 solver.py:337 ] 
=! Best NMSE: -2.0179e+01 (epoch=130)

I 06.17/08:29:05 solver.py:221 ] Epoch: [140/400][20/391] lr: 1.74e-04 | MSE loss: 3.3635e-06 | time: 0.189
I 06.17/08:29:08 solver.py:221 ] Epoch: [140/400][40/391] lr: 1.74e-04 | MSE loss: 3.6360e-06 | time: 0.159
I 06.17/08:29:11 solver.py:221 ] Epoch: [140/400][60/391] lr: 1.74e-04 | MSE loss: 3.6001e-06 | time: 0.153
I 06.17/08:29:14 solver.py:221 ] Epoch: [140/400][80/391] lr: 1.74e-04 | MSE loss: 3.8712e-06 | time: 0.154
I 06.17/08:29:17 solver.py:221 ] Epoch: [140/400][100/391] lr: 1.74e-04 | MSE loss: 3.9465e-06 | time: 0.153
I 06.17/08:29:20 solver.py:221 ] Epoch: [140/400][120/391] lr: 1.74e-04 | MSE loss: 3.9473e-06 | time: 0.154
I 06.17/08:29:23 solver.py:221 ] Epoch: [140/400][140/391] lr: 1.74e-04 | MSE loss: 3.7973e-06 | time: 0.152
I 06.17/08:29:26 solver.py:221 ] Epoch: [140/400][160/391] lr: 1.74e-04 | MSE loss: 3.6737e-06 | time: 0.152
I 06.17/08:29:29 solver.py:221 ] Epoch: [140/400][180/391] lr: 1.73e-04 | MSE loss: 3.5912e-06 | time: 0.151
I 06.17/08:29:32 solver.py:221 ] Epoch: [140/400][200/391] lr: 1.73e-04 | MSE loss: 4.5542e-06 | time: 0.151
I 06.17/08:29:35 solver.py:221 ] Epoch: [140/400][220/391] lr: 1.73e-04 | MSE loss: 4.5593e-06 | time: 0.152
I 06.17/08:29:38 solver.py:221 ] Epoch: [140/400][240/391] lr: 1.73e-04 | MSE loss: 4.4603e-06 | time: 0.152
I 06.17/08:29:41 solver.py:221 ] Epoch: [140/400][260/391] lr: 1.73e-04 | MSE loss: 4.3525e-06 | time: 0.151
I 06.17/08:29:44 solver.py:221 ] Epoch: [140/400][280/391] lr: 1.73e-04 | MSE loss: 4.2564e-06 | time: 0.151
I 06.17/08:29:47 solver.py:221 ] Epoch: [140/400][300/391] lr: 1.73e-04 | MSE loss: 4.1746e-06 | time: 0.151
I 06.17/08:29:50 solver.py:221 ] Epoch: [140/400][320/391] lr: 1.73e-04 | MSE loss: 4.0996e-06 | time: 0.151
I 06.17/08:29:53 solver.py:221 ] Epoch: [140/400][340/391] lr: 1.73e-04 | MSE loss: 4.0267e-06 | time: 0.150
I 06.17/08:29:56 solver.py:221 ] Epoch: [140/400][360/391] lr: 1.73e-04 | MSE loss: 4.0422e-06 | time: 0.151
I 06.17/08:29:59 solver.py:221 ] Epoch: [140/400][380/391] lr: 1.73e-04 | MSE loss: 4.0054e-06 | time: 0.150
I 06.17/08:30:00 solver.py:243 ] => Train  Loss: 3.9782e-06

I 06.17/08:30:03 solver.py:221 ] Epoch: [140/400][20/118] lr: 1.73e-04 | MSE loss: 3.3767e-06 | time: 0.173
I 06.17/08:30:06 solver.py:221 ] Epoch: [140/400][40/118] lr: 1.73e-04 | MSE loss: 3.3513e-06 | time: 0.146
I 06.17/08:30:07 solver.py:221 ] Epoch: [140/400][60/118] lr: 1.73e-04 | MSE loss: 3.3810e-06 | time: 0.118
I 06.17/08:30:08 solver.py:221 ] Epoch: [140/400][80/118] lr: 1.73e-04 | MSE loss: 3.3813e-06 | time: 0.103
I 06.17/08:30:09 solver.py:221 ] Epoch: [140/400][100/118] lr: 1.73e-04 | MSE loss: 3.3786e-06 | time: 0.092
I 06.17/08:30:10 solver.py:243 ] => Val  Loss: 3.3860e-06

I 06.17/08:30:11 solver.py:471 ] [20/79] loss: 3.4612e-06 | NMSE: -2.1160e+01 | time: 0.028
I 06.17/08:30:12 solver.py:471 ] [40/79] loss: 3.4238e-06 | NMSE: -2.1210e+01 | time: 0.034
I 06.17/08:30:13 solver.py:471 ] [60/79] loss: 3.4118e-06 | NMSE: -2.1215e+01 | time: 0.035
I 06.17/08:30:13 solver.py:476 ] => Test NMSE: -2.1229e+01

I 06.17/08:30:13 solver.py:337 ] 
=! Best NMSE: -2.1229e+01 (epoch=140)

I 06.17/08:30:17 solver.py:221 ] Epoch: [141/400][20/391] lr: 1.73e-04 | MSE loss: 3.1701e-06 | time: 0.152
I 06.17/08:30:20 solver.py:221 ] Epoch: [141/400][40/391] lr: 1.73e-04 | MSE loss: 3.1821e-06 | time: 0.149
I 06.17/08:30:23 solver.py:221 ] Epoch: [141/400][60/391] lr: 1.73e-04 | MSE loss: 3.7878e-06 | time: 0.151
I 06.17/08:30:26 solver.py:221 ] Epoch: [141/400][80/391] lr: 1.73e-04 | MSE loss: 3.8459e-06 | time: 0.152
I 06.17/08:30:29 solver.py:221 ] Epoch: [141/400][100/391] lr: 1.73e-04 | MSE loss: 3.7265e-06 | time: 0.152
I 06.17/08:30:31 solver.py:221 ] Epoch: [141/400][120/391] lr: 1.73e-04 | MSE loss: 3.6093e-06 | time: 0.148
I 06.17/08:30:34 solver.py:221 ] Epoch: [141/400][140/391] lr: 1.73e-04 | MSE loss: 3.5037e-06 | time: 0.145
I 06.17/08:30:37 solver.py:221 ] Epoch: [141/400][160/391] lr: 1.73e-04 | MSE loss: 3.9834e-06 | time: 0.144
I 06.17/08:30:40 solver.py:221 ] Epoch: [141/400][180/391] lr: 1.73e-04 | MSE loss: 3.9288e-06 | time: 0.146
I 06.17/08:30:43 solver.py:221 ] Epoch: [141/400][200/391] lr: 1.73e-04 | MSE loss: 3.8389e-06 | time: 0.146
I 06.17/08:30:46 solver.py:221 ] Epoch: [141/400][220/391] lr: 1.73e-04 | MSE loss: 3.8221e-06 | time: 0.146
I 06.17/08:30:49 solver.py:221 ] Epoch: [141/400][240/391] lr: 1.73e-04 | MSE loss: 3.7549e-06 | time: 0.147
I 06.17/08:30:52 solver.py:221 ] Epoch: [141/400][260/391] lr: 1.73e-04 | MSE loss: 3.8408e-06 | time: 0.147
I 06.17/08:30:55 solver.py:221 ] Epoch: [141/400][280/391] lr: 1.73e-04 | MSE loss: 3.7884e-06 | time: 0.147
I 06.17/08:30:58 solver.py:221 ] Epoch: [141/400][300/391] lr: 1.73e-04 | MSE loss: 3.7463e-06 | time: 0.148
I 06.17/08:31:01 solver.py:221 ] Epoch: [141/400][320/391] lr: 1.73e-04 | MSE loss: 3.6827e-06 | time: 0.148
I 06.17/08:31:05 solver.py:221 ] Epoch: [141/400][340/391] lr: 1.73e-04 | MSE loss: 3.6973e-06 | time: 0.152
I 06.17/08:31:08 solver.py:221 ] Epoch: [141/400][360/391] lr: 1.73e-04 | MSE loss: 3.9238e-06 | time: 0.151
I 06.17/08:31:11 solver.py:221 ] Epoch: [141/400][380/391] lr: 1.73e-04 | MSE loss: 3.8977e-06 | time: 0.150
I 06.17/08:31:13 solver.py:243 ] => Train  Loss: 3.8719e-06

I 06.17/08:31:13 solver.py:337 ] 
=! Best NMSE: -2.1229e+01 (epoch=140)

I 06.17/08:31:16 solver.py:221 ] Epoch: [142/400][20/391] lr: 1.73e-04 | MSE loss: 3.2047e-06 | time: 0.140
I 06.17/08:31:19 solver.py:221 ] Epoch: [142/400][40/391] lr: 1.73e-04 | MSE loss: 3.1349e-06 | time: 0.144
I 06.17/08:31:22 solver.py:221 ] Epoch: [142/400][60/391] lr: 1.73e-04 | MSE loss: 3.1575e-06 | time: 0.145
I 06.17/08:31:25 solver.py:221 ] Epoch: [142/400][80/391] lr: 1.73e-04 | MSE loss: 3.1985e-06 | time: 0.146
I 06.17/08:31:28 solver.py:221 ] Epoch: [142/400][100/391] lr: 1.73e-04 | MSE loss: 3.5059e-06 | time: 0.147
I 06.17/08:31:31 solver.py:221 ] Epoch: [142/400][120/391] lr: 1.73e-04 | MSE loss: 3.5686e-06 | time: 0.148
I 06.17/08:31:34 solver.py:221 ] Epoch: [142/400][140/391] lr: 1.73e-04 | MSE loss: 3.7465e-06 | time: 0.149
I 06.17/08:31:37 solver.py:221 ] Epoch: [142/400][160/391] lr: 1.72e-04 | MSE loss: 3.6288e-06 | time: 0.150
I 06.17/08:31:40 solver.py:221 ] Epoch: [142/400][180/391] lr: 1.72e-04 | MSE loss: 3.5551e-06 | time: 0.149
I 06.17/08:31:43 solver.py:221 ] Epoch: [142/400][200/391] lr: 1.72e-04 | MSE loss: 3.5044e-06 | time: 0.149
I 06.17/08:31:46 solver.py:221 ] Epoch: [142/400][220/391] lr: 1.72e-04 | MSE loss: 3.7617e-06 | time: 0.149
I 06.17/08:31:49 solver.py:221 ] Epoch: [142/400][240/391] lr: 1.72e-04 | MSE loss: 3.8780e-06 | time: 0.149
I 06.17/08:31:52 solver.py:221 ] Epoch: [142/400][260/391] lr: 1.72e-04 | MSE loss: 3.8030e-06 | time: 0.149
I 06.17/08:31:55 solver.py:221 ] Epoch: [142/400][280/391] lr: 1.72e-04 | MSE loss: 3.7606e-06 | time: 0.149
I 06.17/08:31:58 solver.py:221 ] Epoch: [142/400][300/391] lr: 1.72e-04 | MSE loss: 3.7213e-06 | time: 0.151
I 06.17/08:32:01 solver.py:221 ] Epoch: [142/400][320/391] lr: 1.72e-04 | MSE loss: 3.7582e-06 | time: 0.151
I 06.17/08:32:06 solver.py:221 ] Epoch: [142/400][340/391] lr: 1.72e-04 | MSE loss: 3.7197e-06 | time: 0.156
I 06.17/08:32:09 solver.py:221 ] Epoch: [142/400][360/391] lr: 1.72e-04 | MSE loss: 3.6796e-06 | time: 0.155
I 06.17/08:32:12 solver.py:221 ] Epoch: [142/400][380/391] lr: 1.72e-04 | MSE loss: 3.6592e-06 | time: 0.155
I 06.17/08:32:13 solver.py:243 ] => Train  Loss: 3.6538e-06

I 06.17/08:32:14 solver.py:337 ] 
=! Best NMSE: -2.1229e+01 (epoch=140)

I 06.17/08:32:17 solver.py:221 ] Epoch: [143/400][20/391] lr: 1.72e-04 | MSE loss: 3.2743e-06 | time: 0.147
I 06.17/08:32:20 solver.py:221 ] Epoch: [143/400][40/391] lr: 1.72e-04 | MSE loss: 3.4450e-06 | time: 0.154
I 06.17/08:32:23 solver.py:221 ] Epoch: [143/400][60/391] lr: 1.72e-04 | MSE loss: 3.9045e-06 | time: 0.155
I 06.17/08:32:26 solver.py:221 ] Epoch: [143/400][80/391] lr: 1.72e-04 | MSE loss: 4.7309e-06 | time: 0.154
I 06.17/08:32:29 solver.py:221 ] Epoch: [143/400][100/391] lr: 1.72e-04 | MSE loss: 4.3912e-06 | time: 0.153
I 06.17/08:32:32 solver.py:221 ] Epoch: [143/400][120/391] lr: 1.72e-04 | MSE loss: 4.2096e-06 | time: 0.152
I 06.17/08:32:35 solver.py:221 ] Epoch: [143/400][140/391] lr: 1.72e-04 | MSE loss: 4.0445e-06 | time: 0.152
I 06.17/08:32:39 solver.py:221 ] Epoch: [143/400][160/391] lr: 1.72e-04 | MSE loss: 3.9247e-06 | time: 0.154
I 06.17/08:32:41 solver.py:221 ] Epoch: [143/400][180/391] lr: 1.72e-04 | MSE loss: 3.8392e-06 | time: 0.153
I 06.17/08:32:44 solver.py:221 ] Epoch: [143/400][200/391] lr: 1.72e-04 | MSE loss: 3.7577e-06 | time: 0.153
I 06.17/08:32:48 solver.py:221 ] Epoch: [143/400][220/391] lr: 1.72e-04 | MSE loss: 3.9587e-06 | time: 0.153
I 06.17/08:32:51 solver.py:221 ] Epoch: [143/400][240/391] lr: 1.72e-04 | MSE loss: 3.9599e-06 | time: 0.153
I 06.17/08:32:53 solver.py:221 ] Epoch: [143/400][260/391] lr: 1.72e-04 | MSE loss: 3.8772e-06 | time: 0.152
I 06.17/08:32:56 solver.py:221 ] Epoch: [143/400][280/391] lr: 1.72e-04 | MSE loss: 3.8066e-06 | time: 0.152
I 06.17/08:32:59 solver.py:221 ] Epoch: [143/400][300/391] lr: 1.72e-04 | MSE loss: 3.7679e-06 | time: 0.152
I 06.17/08:33:02 solver.py:221 ] Epoch: [143/400][320/391] lr: 1.72e-04 | MSE loss: 3.7393e-06 | time: 0.152
I 06.17/08:33:06 solver.py:221 ] Epoch: [143/400][340/391] lr: 1.72e-04 | MSE loss: 3.7514e-06 | time: 0.153
I 06.17/08:33:09 solver.py:221 ] Epoch: [143/400][360/391] lr: 1.72e-04 | MSE loss: 3.7977e-06 | time: 0.153
I 06.17/08:33:12 solver.py:221 ] Epoch: [143/400][380/391] lr: 1.72e-04 | MSE loss: 3.7795e-06 | time: 0.153
I 06.17/08:33:14 solver.py:243 ] => Train  Loss: 3.7669e-06

I 06.17/08:33:14 solver.py:337 ] 
=! Best NMSE: -2.1229e+01 (epoch=140)

I 06.17/08:33:17 solver.py:221 ] Epoch: [144/400][20/391] lr: 1.72e-04 | MSE loss: 4.9965e-06 | time: 0.137
I 06.17/08:33:20 solver.py:221 ] Epoch: [144/400][40/391] lr: 1.72e-04 | MSE loss: 4.1715e-06 | time: 0.143
I 06.17/08:33:23 solver.py:221 ] Epoch: [144/400][60/391] lr: 1.72e-04 | MSE loss: 3.8507e-06 | time: 0.144
I 06.17/08:33:26 solver.py:221 ] Epoch: [144/400][80/391] lr: 1.72e-04 | MSE loss: 3.6837e-06 | time: 0.146
I 06.17/08:33:29 solver.py:221 ] Epoch: [144/400][100/391] lr: 1.72e-04 | MSE loss: 3.6155e-06 | time: 0.148
I 06.17/08:33:32 solver.py:221 ] Epoch: [144/400][120/391] lr: 1.72e-04 | MSE loss: 3.4704e-06 | time: 0.150
I 06.17/08:33:35 solver.py:221 ] Epoch: [144/400][140/391] lr: 1.72e-04 | MSE loss: 3.3594e-06 | time: 0.150
I 06.17/08:33:38 solver.py:221 ] Epoch: [144/400][160/391] lr: 1.71e-04 | MSE loss: 4.4530e-06 | time: 0.150
I 06.17/08:33:41 solver.py:221 ] Epoch: [144/400][180/391] lr: 1.71e-04 | MSE loss: 4.5999e-06 | time: 0.149
I 06.17/08:33:44 solver.py:221 ] Epoch: [144/400][200/391] lr: 1.71e-04 | MSE loss: 4.4824e-06 | time: 0.150
I 06.17/08:33:47 solver.py:221 ] Epoch: [144/400][220/391] lr: 1.71e-04 | MSE loss: 4.3479e-06 | time: 0.150
I 06.17/08:33:50 solver.py:221 ] Epoch: [144/400][240/391] lr: 1.71e-04 | MSE loss: 4.2200e-06 | time: 0.150
I 06.17/08:33:53 solver.py:221 ] Epoch: [144/400][260/391] lr: 1.71e-04 | MSE loss: 4.1362e-06 | time: 0.151
I 06.17/08:33:56 solver.py:221 ] Epoch: [144/400][280/391] lr: 1.71e-04 | MSE loss: 4.0372e-06 | time: 0.151
I 06.17/08:33:59 solver.py:221 ] Epoch: [144/400][300/391] lr: 1.71e-04 | MSE loss: 3.9505e-06 | time: 0.151
I 06.17/08:34:02 solver.py:221 ] Epoch: [144/400][320/391] lr: 1.71e-04 | MSE loss: 3.9037e-06 | time: 0.152
I 06.17/08:34:06 solver.py:221 ] Epoch: [144/400][340/391] lr: 1.71e-04 | MSE loss: 4.0674e-06 | time: 0.154
I 06.17/08:34:09 solver.py:221 ] Epoch: [144/400][360/391] lr: 1.71e-04 | MSE loss: 4.0281e-06 | time: 0.153
I 06.17/08:34:12 solver.py:221 ] Epoch: [144/400][380/391] lr: 1.71e-04 | MSE loss: 3.9542e-06 | time: 0.153
I 06.17/08:34:14 solver.py:243 ] => Train  Loss: 3.9213e-06

I 06.17/08:34:14 solver.py:337 ] 
=! Best NMSE: -2.1229e+01 (epoch=140)

I 06.17/08:34:17 solver.py:221 ] Epoch: [145/400][20/391] lr: 1.71e-04 | MSE loss: 2.6746e-06 | time: 0.147
I 06.17/08:34:20 solver.py:221 ] Epoch: [145/400][40/391] lr: 1.71e-04 | MSE loss: 2.9279e-06 | time: 0.148
I 06.17/08:34:23 solver.py:221 ] Epoch: [145/400][60/391] lr: 1.71e-04 | MSE loss: 3.0951e-06 | time: 0.149
I 06.17/08:34:26 solver.py:221 ] Epoch: [145/400][80/391] lr: 1.71e-04 | MSE loss: 3.1682e-06 | time: 0.149
I 06.17/08:34:29 solver.py:221 ] Epoch: [145/400][100/391] lr: 1.71e-04 | MSE loss: 3.2057e-06 | time: 0.150
I 06.17/08:34:32 solver.py:221 ] Epoch: [145/400][120/391] lr: 1.71e-04 | MSE loss: 3.2452e-06 | time: 0.151
I 06.17/08:34:35 solver.py:221 ] Epoch: [145/400][140/391] lr: 1.71e-04 | MSE loss: 3.4355e-06 | time: 0.150
I 06.17/08:34:38 solver.py:221 ] Epoch: [145/400][160/391] lr: 1.71e-04 | MSE loss: 3.4322e-06 | time: 0.150
I 06.17/08:34:41 solver.py:221 ] Epoch: [145/400][180/391] lr: 1.71e-04 | MSE loss: 3.3878e-06 | time: 0.150
I 06.17/08:34:44 solver.py:221 ] Epoch: [145/400][200/391] lr: 1.71e-04 | MSE loss: 3.3280e-06 | time: 0.149
I 06.17/08:34:47 solver.py:221 ] Epoch: [145/400][220/391] lr: 1.71e-04 | MSE loss: 3.4048e-06 | time: 0.150
I 06.17/08:34:50 solver.py:221 ] Epoch: [145/400][240/391] lr: 1.71e-04 | MSE loss: 3.3747e-06 | time: 0.151
I 06.17/08:34:54 solver.py:221 ] Epoch: [145/400][260/391] lr: 1.71e-04 | MSE loss: 3.3868e-06 | time: 0.151
I 06.17/08:34:57 solver.py:221 ] Epoch: [145/400][280/391] lr: 1.71e-04 | MSE loss: 3.3822e-06 | time: 0.152
I 06.17/08:35:00 solver.py:221 ] Epoch: [145/400][300/391] lr: 1.71e-04 | MSE loss: 3.4043e-06 | time: 0.152
I 06.17/08:35:03 solver.py:221 ] Epoch: [145/400][320/391] lr: 1.71e-04 | MSE loss: 3.4058e-06 | time: 0.154
I 06.17/08:35:06 solver.py:221 ] Epoch: [145/400][340/391] lr: 1.71e-04 | MSE loss: 3.5176e-06 | time: 0.153
I 06.17/08:35:09 solver.py:221 ] Epoch: [145/400][360/391] lr: 1.71e-04 | MSE loss: 3.4728e-06 | time: 0.153
I 06.17/08:35:13 solver.py:221 ] Epoch: [145/400][380/391] lr: 1.71e-04 | MSE loss: 3.4839e-06 | time: 0.154
I 06.17/08:35:14 solver.py:243 ] => Train  Loss: 3.4718e-06

I 06.17/08:35:15 solver.py:337 ] 
=! Best NMSE: -2.1229e+01 (epoch=140)

I 06.17/08:35:17 solver.py:221 ] Epoch: [146/400][20/391] lr: 1.71e-04 | MSE loss: 3.1163e-06 | time: 0.133
I 06.17/08:35:21 solver.py:221 ] Epoch: [146/400][40/391] lr: 1.71e-04 | MSE loss: 3.3261e-06 | time: 0.143
I 06.17/08:35:24 solver.py:221 ] Epoch: [146/400][60/391] lr: 1.71e-04 | MSE loss: 4.4411e-06 | time: 0.148
I 06.17/08:35:27 solver.py:221 ] Epoch: [146/400][80/391] lr: 1.71e-04 | MSE loss: 4.1155e-06 | time: 0.148
I 06.17/08:35:30 solver.py:221 ] Epoch: [146/400][100/391] lr: 1.71e-04 | MSE loss: 4.2874e-06 | time: 0.148
I 06.17/08:35:33 solver.py:221 ] Epoch: [146/400][120/391] lr: 1.70e-04 | MSE loss: 4.0640e-06 | time: 0.148
I 06.17/08:35:36 solver.py:221 ] Epoch: [146/400][140/391] lr: 1.70e-04 | MSE loss: 3.9054e-06 | time: 0.150
I 06.17/08:35:39 solver.py:221 ] Epoch: [146/400][160/391] lr: 1.70e-04 | MSE loss: 3.8307e-06 | time: 0.150
I 06.17/08:35:42 solver.py:221 ] Epoch: [146/400][180/391] lr: 1.70e-04 | MSE loss: 3.8362e-06 | time: 0.149
I 06.17/08:35:45 solver.py:221 ] Epoch: [146/400][200/391] lr: 1.70e-04 | MSE loss: 3.7636e-06 | time: 0.149
I 06.17/08:35:48 solver.py:221 ] Epoch: [146/400][220/391] lr: 1.70e-04 | MSE loss: 3.7758e-06 | time: 0.149
I 06.17/08:35:51 solver.py:221 ] Epoch: [146/400][240/391] lr: 1.70e-04 | MSE loss: 3.6967e-06 | time: 0.149
I 06.17/08:35:54 solver.py:221 ] Epoch: [146/400][260/391] lr: 1.70e-04 | MSE loss: 3.6245e-06 | time: 0.150
I 06.17/08:35:57 solver.py:221 ] Epoch: [146/400][280/391] lr: 1.70e-04 | MSE loss: 3.6028e-06 | time: 0.150
I 06.17/08:36:00 solver.py:221 ] Epoch: [146/400][300/391] lr: 1.70e-04 | MSE loss: 3.6971e-06 | time: 0.150
I 06.17/08:36:03 solver.py:221 ] Epoch: [146/400][320/391] lr: 1.70e-04 | MSE loss: 3.6581e-06 | time: 0.153
I 06.17/08:36:06 solver.py:221 ] Epoch: [146/400][340/391] lr: 1.70e-04 | MSE loss: 3.6554e-06 | time: 0.152
I 06.17/08:36:10 solver.py:221 ] Epoch: [146/400][360/391] lr: 1.70e-04 | MSE loss: 3.6700e-06 | time: 0.152
I 06.17/08:36:13 solver.py:221 ] Epoch: [146/400][380/391] lr: 1.70e-04 | MSE loss: 3.6457e-06 | time: 0.152
I 06.17/08:36:14 solver.py:243 ] => Train  Loss: 3.6415e-06

I 06.17/08:36:14 solver.py:337 ] 
=! Best NMSE: -2.1229e+01 (epoch=140)

I 06.17/08:36:18 solver.py:221 ] Epoch: [147/400][20/391] lr: 1.70e-04 | MSE loss: 4.0783e-06 | time: 0.138
I 06.17/08:36:21 solver.py:221 ] Epoch: [147/400][40/391] lr: 1.70e-04 | MSE loss: 3.6658e-06 | time: 0.150
I 06.17/08:36:24 solver.py:221 ] Epoch: [147/400][60/391] lr: 1.70e-04 | MSE loss: 3.3604e-06 | time: 0.149
I 06.17/08:36:27 solver.py:221 ] Epoch: [147/400][80/391] lr: 1.70e-04 | MSE loss: 3.2349e-06 | time: 0.149
I 06.17/08:36:30 solver.py:221 ] Epoch: [147/400][100/391] lr: 1.70e-04 | MSE loss: 4.0366e-06 | time: 0.150
I 06.17/08:36:33 solver.py:221 ] Epoch: [147/400][120/391] lr: 1.70e-04 | MSE loss: 4.0540e-06 | time: 0.150
I 06.17/08:36:36 solver.py:221 ] Epoch: [147/400][140/391] lr: 1.70e-04 | MSE loss: 3.9345e-06 | time: 0.150
I 06.17/08:36:39 solver.py:221 ] Epoch: [147/400][160/391] lr: 1.70e-04 | MSE loss: 3.8068e-06 | time: 0.151
I 06.17/08:36:42 solver.py:221 ] Epoch: [147/400][180/391] lr: 1.70e-04 | MSE loss: 3.7428e-06 | time: 0.151
I 06.17/08:36:45 solver.py:221 ] Epoch: [147/400][200/391] lr: 1.70e-04 | MSE loss: 3.6430e-06 | time: 0.150
I 06.17/08:36:48 solver.py:221 ] Epoch: [147/400][220/391] lr: 1.70e-04 | MSE loss: 3.5845e-06 | time: 0.150
I 06.17/08:36:51 solver.py:221 ] Epoch: [147/400][240/391] lr: 1.70e-04 | MSE loss: 3.5197e-06 | time: 0.150
I 06.17/08:36:54 solver.py:221 ] Epoch: [147/400][260/391] lr: 1.70e-04 | MSE loss: 3.4881e-06 | time: 0.150
I 06.17/08:36:57 solver.py:221 ] Epoch: [147/400][280/391] lr: 1.70e-04 | MSE loss: 3.5841e-06 | time: 0.151
I 06.17/08:37:00 solver.py:221 ] Epoch: [147/400][300/391] lr: 1.70e-04 | MSE loss: 3.5595e-06 | time: 0.151
I 06.17/08:37:04 solver.py:221 ] Epoch: [147/400][320/391] lr: 1.70e-04 | MSE loss: 3.4990e-06 | time: 0.154
I 06.17/08:37:07 solver.py:221 ] Epoch: [147/400][340/391] lr: 1.70e-04 | MSE loss: 3.5285e-06 | time: 0.153
I 06.17/08:37:10 solver.py:221 ] Epoch: [147/400][360/391] lr: 1.70e-04 | MSE loss: 3.7324e-06 | time: 0.154
I 06.17/08:37:13 solver.py:221 ] Epoch: [147/400][380/391] lr: 1.70e-04 | MSE loss: 3.7939e-06 | time: 0.154
I 06.17/08:37:15 solver.py:243 ] => Train  Loss: 3.7788e-06

I 06.17/08:37:15 solver.py:337 ] 
=! Best NMSE: -2.1229e+01 (epoch=140)

I 06.17/08:37:18 solver.py:221 ] Epoch: [148/400][20/391] lr: 1.70e-04 | MSE loss: 3.2255e-06 | time: 0.154
I 06.17/08:37:21 solver.py:221 ] Epoch: [148/400][40/391] lr: 1.70e-04 | MSE loss: 3.0816e-06 | time: 0.153
I 06.17/08:37:24 solver.py:221 ] Epoch: [148/400][60/391] lr: 1.70e-04 | MSE loss: 2.8886e-06 | time: 0.151
I 06.17/08:37:27 solver.py:221 ] Epoch: [148/400][80/391] lr: 1.70e-04 | MSE loss: 3.3856e-06 | time: 0.150
I 06.17/08:37:30 solver.py:221 ] Epoch: [148/400][100/391] lr: 1.69e-04 | MSE loss: 3.5209e-06 | time: 0.150
I 06.17/08:37:33 solver.py:221 ] Epoch: [148/400][120/391] lr: 1.69e-04 | MSE loss: 3.3787e-06 | time: 0.149
I 06.17/08:37:36 solver.py:221 ] Epoch: [148/400][140/391] lr: 1.69e-04 | MSE loss: 3.2605e-06 | time: 0.149
I 06.17/08:37:39 solver.py:221 ] Epoch: [148/400][160/391] lr: 1.69e-04 | MSE loss: 3.2223e-06 | time: 0.149
I 06.17/08:37:42 solver.py:221 ] Epoch: [148/400][180/391] lr: 1.69e-04 | MSE loss: 3.1823e-06 | time: 0.148
I 06.17/08:37:45 solver.py:221 ] Epoch: [148/400][200/391] lr: 1.69e-04 | MSE loss: 3.1743e-06 | time: 0.148
I 06.17/08:37:48 solver.py:221 ] Epoch: [148/400][220/391] lr: 1.69e-04 | MSE loss: 3.4042e-06 | time: 0.148
I 06.17/08:37:51 solver.py:221 ] Epoch: [148/400][240/391] lr: 1.69e-04 | MSE loss: 3.4482e-06 | time: 0.148
I 06.17/08:37:54 solver.py:221 ] Epoch: [148/400][260/391] lr: 1.69e-04 | MSE loss: 3.4097e-06 | time: 0.149
I 06.17/08:37:57 solver.py:221 ] Epoch: [148/400][280/391] lr: 1.69e-04 | MSE loss: 3.3849e-06 | time: 0.149
I 06.17/08:38:00 solver.py:221 ] Epoch: [148/400][300/391] lr: 1.69e-04 | MSE loss: 3.3597e-06 | time: 0.149
I 06.17/08:38:04 solver.py:221 ] Epoch: [148/400][320/391] lr: 1.69e-04 | MSE loss: 3.3408e-06 | time: 0.153
I 06.17/08:38:07 solver.py:221 ] Epoch: [148/400][340/391] lr: 1.69e-04 | MSE loss: 3.4067e-06 | time: 0.153
I 06.17/08:38:10 solver.py:221 ] Epoch: [148/400][360/391] lr: 1.69e-04 | MSE loss: 3.3845e-06 | time: 0.152
I 06.17/08:38:13 solver.py:221 ] Epoch: [148/400][380/391] lr: 1.69e-04 | MSE loss: 3.3567e-06 | time: 0.152
I 06.17/08:38:15 solver.py:243 ] => Train  Loss: 3.4091e-06

I 06.17/08:38:15 solver.py:337 ] 
=! Best NMSE: -2.1229e+01 (epoch=140)

I 06.17/08:38:18 solver.py:221 ] Epoch: [149/400][20/391] lr: 1.69e-04 | MSE loss: 4.3063e-06 | time: 0.135
I 06.17/08:38:21 solver.py:221 ] Epoch: [149/400][40/391] lr: 1.69e-04 | MSE loss: 3.7582e-06 | time: 0.145
I 06.17/08:38:24 solver.py:221 ] Epoch: [149/400][60/391] lr: 1.69e-04 | MSE loss: 3.4213e-06 | time: 0.149
I 06.17/08:38:27 solver.py:221 ] Epoch: [149/400][80/391] lr: 1.69e-04 | MSE loss: 3.4081e-06 | time: 0.152
I 06.17/08:38:30 solver.py:221 ] Epoch: [149/400][100/391] lr: 1.69e-04 | MSE loss: 3.4119e-06 | time: 0.151
I 06.17/08:38:33 solver.py:221 ] Epoch: [149/400][120/391] lr: 1.69e-04 | MSE loss: 3.3347e-06 | time: 0.150
I 06.17/08:38:36 solver.py:221 ] Epoch: [149/400][140/391] lr: 1.69e-04 | MSE loss: 3.3741e-06 | time: 0.150
I 06.17/08:38:39 solver.py:221 ] Epoch: [149/400][160/391] lr: 1.69e-04 | MSE loss: 3.3412e-06 | time: 0.150
I 06.17/08:38:42 solver.py:221 ] Epoch: [149/400][180/391] lr: 1.69e-04 | MSE loss: 3.3099e-06 | time: 0.150
I 06.17/08:38:45 solver.py:221 ] Epoch: [149/400][200/391] lr: 1.69e-04 | MSE loss: 3.5389e-06 | time: 0.150
I 06.17/08:38:48 solver.py:221 ] Epoch: [149/400][220/391] lr: 1.69e-04 | MSE loss: 3.4641e-06 | time: 0.151
I 06.17/08:38:51 solver.py:221 ] Epoch: [149/400][240/391] lr: 1.69e-04 | MSE loss: 3.4068e-06 | time: 0.151
I 06.17/08:38:54 solver.py:221 ] Epoch: [149/400][260/391] lr: 1.69e-04 | MSE loss: 3.4785e-06 | time: 0.151
I 06.17/08:38:57 solver.py:221 ] Epoch: [149/400][280/391] lr: 1.69e-04 | MSE loss: 3.4575e-06 | time: 0.150
I 06.17/08:39:00 solver.py:221 ] Epoch: [149/400][300/391] lr: 1.69e-04 | MSE loss: 3.4101e-06 | time: 0.150
I 06.17/08:39:04 solver.py:221 ] Epoch: [149/400][320/391] lr: 1.69e-04 | MSE loss: 3.4795e-06 | time: 0.154
I 06.17/08:39:07 solver.py:221 ] Epoch: [149/400][340/391] lr: 1.69e-04 | MSE loss: 3.4625e-06 | time: 0.151
I 06.17/08:39:09 solver.py:221 ] Epoch: [149/400][360/391] lr: 1.69e-04 | MSE loss: 3.4391e-06 | time: 0.150
I 06.17/08:39:11 solver.py:221 ] Epoch: [149/400][380/391] lr: 1.69e-04 | MSE loss: 3.4502e-06 | time: 0.148
I 06.17/08:39:13 solver.py:243 ] => Train  Loss: 3.4377e-06

I 06.17/08:39:13 solver.py:337 ] 
=! Best NMSE: -2.1229e+01 (epoch=140)

I 06.17/08:39:15 solver.py:221 ] Epoch: [150/400][20/391] lr: 1.69e-04 | MSE loss: 5.8941e-06 | time: 0.123
I 06.17/08:39:18 solver.py:221 ] Epoch: [150/400][40/391] lr: 1.68e-04 | MSE loss: 4.7269e-06 | time: 0.111
I 06.17/08:39:20 solver.py:221 ] Epoch: [150/400][60/391] lr: 1.68e-04 | MSE loss: 4.1015e-06 | time: 0.119
I 06.17/08:39:23 solver.py:221 ] Epoch: [150/400][80/391] lr: 1.68e-04 | MSE loss: 3.8431e-06 | time: 0.123
I 06.17/08:39:26 solver.py:221 ] Epoch: [150/400][100/391] lr: 1.68e-04 | MSE loss: 3.8865e-06 | time: 0.128
I 06.17/08:39:29 solver.py:221 ] Epoch: [150/400][120/391] lr: 1.68e-04 | MSE loss: 3.7295e-06 | time: 0.132
I 06.17/08:39:32 solver.py:221 ] Epoch: [150/400][140/391] lr: 1.68e-04 | MSE loss: 3.5913e-06 | time: 0.135
I 06.17/08:39:35 solver.py:221 ] Epoch: [150/400][160/391] lr: 1.68e-04 | MSE loss: 3.5152e-06 | time: 0.137
I 06.17/08:39:38 solver.py:221 ] Epoch: [150/400][180/391] lr: 1.68e-04 | MSE loss: 3.4548e-06 | time: 0.138
I 06.17/08:39:41 solver.py:221 ] Epoch: [150/400][200/391] lr: 1.68e-04 | MSE loss: 3.4989e-06 | time: 0.139
I 06.17/08:39:44 solver.py:221 ] Epoch: [150/400][220/391] lr: 1.68e-04 | MSE loss: 3.5006e-06 | time: 0.140
I 06.17/08:39:47 solver.py:221 ] Epoch: [150/400][240/391] lr: 1.68e-04 | MSE loss: 3.6323e-06 | time: 0.140
I 06.17/08:39:50 solver.py:221 ] Epoch: [150/400][260/391] lr: 1.68e-04 | MSE loss: 3.5498e-06 | time: 0.141
I 06.17/08:39:53 solver.py:221 ] Epoch: [150/400][280/391] lr: 1.68e-04 | MSE loss: 3.4829e-06 | time: 0.141
I 06.17/08:39:56 solver.py:221 ] Epoch: [150/400][300/391] lr: 1.68e-04 | MSE loss: 3.4870e-06 | time: 0.142
I 06.17/08:39:59 solver.py:221 ] Epoch: [150/400][320/391] lr: 1.68e-04 | MSE loss: 3.6230e-06 | time: 0.143
I 06.17/08:40:02 solver.py:221 ] Epoch: [150/400][340/391] lr: 1.68e-04 | MSE loss: 3.5647e-06 | time: 0.144
I 06.17/08:40:05 solver.py:221 ] Epoch: [150/400][360/391] lr: 1.68e-04 | MSE loss: 3.5415e-06 | time: 0.145
I 06.17/08:40:08 solver.py:221 ] Epoch: [150/400][380/391] lr: 1.68e-04 | MSE loss: 3.5135e-06 | time: 0.144
I 06.17/08:40:09 solver.py:243 ] => Train  Loss: 3.4918e-06

I 06.17/08:40:11 solver.py:221 ] Epoch: [150/400][20/118] lr: 1.68e-04 | MSE loss: 2.7781e-06 | time: 0.061
I 06.17/08:40:12 solver.py:221 ] Epoch: [150/400][40/118] lr: 1.68e-04 | MSE loss: 2.7559e-06 | time: 0.060
I 06.17/08:40:13 solver.py:221 ] Epoch: [150/400][60/118] lr: 1.68e-04 | MSE loss: 2.7838e-06 | time: 0.063
I 06.17/08:40:15 solver.py:221 ] Epoch: [150/400][80/118] lr: 1.68e-04 | MSE loss: 2.7853e-06 | time: 0.063
I 06.17/08:40:16 solver.py:221 ] Epoch: [150/400][100/118] lr: 1.68e-04 | MSE loss: 2.7835e-06 | time: 0.060
I 06.17/08:40:17 solver.py:243 ] => Val  Loss: 2.7879e-06

I 06.17/08:40:18 solver.py:471 ] [20/79] loss: 2.8640e-06 | NMSE: -2.1983e+01 | time: 0.065
I 06.17/08:40:19 solver.py:471 ] [40/79] loss: 2.8257e-06 | NMSE: -2.2044e+01 | time: 0.060
I 06.17/08:40:20 solver.py:471 ] [60/79] loss: 2.8133e-06 | NMSE: -2.2053e+01 | time: 0.058
I 06.17/08:40:21 solver.py:476 ] => Test NMSE: -2.2069e+01

I 06.17/08:40:21 solver.py:337 ] 
=! Best NMSE: -2.2069e+01 (epoch=150)

I 06.17/08:40:24 solver.py:221 ] Epoch: [151/400][20/391] lr: 1.68e-04 | MSE loss: 2.9679e-06 | time: 0.159
I 06.17/08:40:27 solver.py:221 ] Epoch: [151/400][40/391] lr: 1.68e-04 | MSE loss: 2.8277e-06 | time: 0.159
I 06.17/08:40:30 solver.py:221 ] Epoch: [151/400][60/391] lr: 1.68e-04 | MSE loss: 2.8207e-06 | time: 0.154
I 06.17/08:40:33 solver.py:221 ] Epoch: [151/400][80/391] lr: 1.68e-04 | MSE loss: 3.3679e-06 | time: 0.153
I 06.17/08:40:36 solver.py:221 ] Epoch: [151/400][100/391] lr: 1.68e-04 | MSE loss: 4.3647e-06 | time: 0.152
I 06.17/08:40:39 solver.py:221 ] Epoch: [151/400][120/391] lr: 1.68e-04 | MSE loss: 4.1249e-06 | time: 0.152
I 06.17/08:40:42 solver.py:221 ] Epoch: [151/400][140/391] lr: 1.68e-04 | MSE loss: 3.8992e-06 | time: 0.151
I 06.17/08:40:45 solver.py:221 ] Epoch: [151/400][160/391] lr: 1.68e-04 | MSE loss: 3.9516e-06 | time: 0.151
I 06.17/08:40:48 solver.py:221 ] Epoch: [151/400][180/391] lr: 1.68e-04 | MSE loss: 3.8358e-06 | time: 0.150
I 06.17/08:40:51 solver.py:221 ] Epoch: [151/400][200/391] lr: 1.68e-04 | MSE loss: 3.7271e-06 | time: 0.149
I 06.17/08:40:54 solver.py:221 ] Epoch: [151/400][220/391] lr: 1.68e-04 | MSE loss: 3.6240e-06 | time: 0.149
I 06.17/08:40:57 solver.py:221 ] Epoch: [151/400][240/391] lr: 1.68e-04 | MSE loss: 3.5853e-06 | time: 0.149
I 06.17/08:41:00 solver.py:221 ] Epoch: [151/400][260/391] lr: 1.68e-04 | MSE loss: 3.5205e-06 | time: 0.150
I 06.17/08:41:03 solver.py:221 ] Epoch: [151/400][280/391] lr: 1.68e-04 | MSE loss: 3.4954e-06 | time: 0.151
I 06.17/08:41:06 solver.py:221 ] Epoch: [151/400][300/391] lr: 1.68e-04 | MSE loss: 3.4452e-06 | time: 0.149
I 06.17/08:41:09 solver.py:221 ] Epoch: [151/400][320/391] lr: 1.68e-04 | MSE loss: 3.3981e-06 | time: 0.149
I 06.17/08:41:12 solver.py:221 ] Epoch: [151/400][340/391] lr: 1.68e-04 | MSE loss: 3.5785e-06 | time: 0.149
I 06.17/08:41:15 solver.py:221 ] Epoch: [151/400][360/391] lr: 1.68e-04 | MSE loss: 3.5416e-06 | time: 0.149
I 06.17/08:41:18 solver.py:221 ] Epoch: [151/400][380/391] lr: 1.67e-04 | MSE loss: 3.5443e-06 | time: 0.150
I 06.17/08:41:20 solver.py:243 ] => Train  Loss: 3.5366e-06

I 06.17/08:41:20 solver.py:337 ] 
=! Best NMSE: -2.2069e+01 (epoch=150)

I 06.17/08:41:23 solver.py:221 ] Epoch: [152/400][20/391] lr: 1.67e-04 | MSE loss: 3.0729e-06 | time: 0.137
I 06.17/08:41:26 solver.py:221 ] Epoch: [152/400][40/391] lr: 1.67e-04 | MSE loss: 3.4392e-06 | time: 0.145
I 06.17/08:41:29 solver.py:221 ] Epoch: [152/400][60/391] lr: 1.67e-04 | MSE loss: 3.3928e-06 | time: 0.147
I 06.17/08:41:32 solver.py:221 ] Epoch: [152/400][80/391] lr: 1.67e-04 | MSE loss: 3.3181e-06 | time: 0.148
I 06.17/08:41:35 solver.py:221 ] Epoch: [152/400][100/391] lr: 1.67e-04 | MSE loss: 3.3254e-06 | time: 0.148
I 06.17/08:41:38 solver.py:221 ] Epoch: [152/400][120/391] lr: 1.67e-04 | MSE loss: 3.1906e-06 | time: 0.147
I 06.17/08:41:41 solver.py:221 ] Epoch: [152/400][140/391] lr: 1.67e-04 | MSE loss: 3.0914e-06 | time: 0.149
I 06.17/08:41:44 solver.py:221 ] Epoch: [152/400][160/391] lr: 1.67e-04 | MSE loss: 3.0791e-06 | time: 0.150
I 06.17/08:41:47 solver.py:221 ] Epoch: [152/400][180/391] lr: 1.67e-04 | MSE loss: 3.3073e-06 | time: 0.151
I 06.17/08:41:50 solver.py:221 ] Epoch: [152/400][200/391] lr: 1.67e-04 | MSE loss: 3.4146e-06 | time: 0.151
I 06.17/08:41:53 solver.py:221 ] Epoch: [152/400][220/391] lr: 1.67e-04 | MSE loss: 3.3692e-06 | time: 0.151
I 06.17/08:41:56 solver.py:221 ] Epoch: [152/400][240/391] lr: 1.67e-04 | MSE loss: 3.4072e-06 | time: 0.150
I 06.17/08:41:59 solver.py:221 ] Epoch: [152/400][260/391] lr: 1.67e-04 | MSE loss: 3.3615e-06 | time: 0.151
I 06.17/08:42:02 solver.py:221 ] Epoch: [152/400][280/391] lr: 1.67e-04 | MSE loss: 3.3098e-06 | time: 0.153
I 06.17/08:42:05 solver.py:221 ] Epoch: [152/400][300/391] lr: 1.67e-04 | MSE loss: 3.2567e-06 | time: 0.151
I 06.17/08:42:08 solver.py:221 ] Epoch: [152/400][320/391] lr: 1.67e-04 | MSE loss: 3.2699e-06 | time: 0.151
I 06.17/08:42:11 solver.py:221 ] Epoch: [152/400][340/391] lr: 1.67e-04 | MSE loss: 3.3141e-06 | time: 0.151
I 06.17/08:42:14 solver.py:221 ] Epoch: [152/400][360/391] lr: 1.67e-04 | MSE loss: 3.2924e-06 | time: 0.151
I 06.17/08:42:18 solver.py:221 ] Epoch: [152/400][380/391] lr: 1.67e-04 | MSE loss: 3.3569e-06 | time: 0.151
I 06.17/08:42:19 solver.py:243 ] => Train  Loss: 3.3571e-06

I 06.17/08:42:19 solver.py:337 ] 
=! Best NMSE: -2.2069e+01 (epoch=150)

I 06.17/08:42:22 solver.py:221 ] Epoch: [153/400][20/391] lr: 1.67e-04 | MSE loss: 3.4816e-06 | time: 0.134
I 06.17/08:42:25 solver.py:221 ] Epoch: [153/400][40/391] lr: 1.67e-04 | MSE loss: 3.1048e-06 | time: 0.143
I 06.17/08:42:28 solver.py:221 ] Epoch: [153/400][60/391] lr: 1.67e-04 | MSE loss: 2.9303e-06 | time: 0.146
I 06.17/08:42:31 solver.py:221 ] Epoch: [153/400][80/391] lr: 1.67e-04 | MSE loss: 3.7467e-06 | time: 0.147
I 06.17/08:42:34 solver.py:221 ] Epoch: [153/400][100/391] lr: 1.67e-04 | MSE loss: 3.7792e-06 | time: 0.147
I 06.17/08:42:37 solver.py:221 ] Epoch: [153/400][120/391] lr: 1.67e-04 | MSE loss: 3.6284e-06 | time: 0.148
I 06.17/08:42:40 solver.py:221 ] Epoch: [153/400][140/391] lr: 1.67e-04 | MSE loss: 3.5005e-06 | time: 0.148
I 06.17/08:42:43 solver.py:221 ] Epoch: [153/400][160/391] lr: 1.67e-04 | MSE loss: 3.5074e-06 | time: 0.148
I 06.17/08:42:47 solver.py:221 ] Epoch: [153/400][180/391] lr: 1.67e-04 | MSE loss: 3.4076e-06 | time: 0.149
I 06.17/08:42:50 solver.py:221 ] Epoch: [153/400][200/391] lr: 1.67e-04 | MSE loss: 3.3462e-06 | time: 0.150
I 06.17/08:42:53 solver.py:221 ] Epoch: [153/400][220/391] lr: 1.67e-04 | MSE loss: 3.4947e-06 | time: 0.151
I 06.17/08:42:56 solver.py:221 ] Epoch: [153/400][240/391] lr: 1.67e-04 | MSE loss: 3.5801e-06 | time: 0.150
I 06.17/08:42:59 solver.py:221 ] Epoch: [153/400][260/391] lr: 1.67e-04 | MSE loss: 3.5590e-06 | time: 0.150
I 06.17/08:43:02 solver.py:221 ] Epoch: [153/400][280/391] lr: 1.67e-04 | MSE loss: 3.5283e-06 | time: 0.151
I 06.17/08:43:05 solver.py:221 ] Epoch: [153/400][300/391] lr: 1.67e-04 | MSE loss: 3.4908e-06 | time: 0.152
I 06.17/08:43:08 solver.py:221 ] Epoch: [153/400][320/391] lr: 1.66e-04 | MSE loss: 3.4530e-06 | time: 0.151
I 06.17/08:43:11 solver.py:221 ] Epoch: [153/400][340/391] lr: 1.66e-04 | MSE loss: 3.4079e-06 | time: 0.151
I 06.17/08:43:14 solver.py:221 ] Epoch: [153/400][360/391] lr: 1.66e-04 | MSE loss: 3.3684e-06 | time: 0.152
I 06.17/08:43:17 solver.py:221 ] Epoch: [153/400][380/391] lr: 1.66e-04 | MSE loss: 3.3304e-06 | time: 0.151
I 06.17/08:43:19 solver.py:243 ] => Train  Loss: 3.3494e-06

I 06.17/08:43:19 solver.py:337 ] 
=! Best NMSE: -2.2069e+01 (epoch=150)

I 06.17/08:43:22 solver.py:221 ] Epoch: [154/400][20/391] lr: 1.66e-04 | MSE loss: 3.6749e-06 | time: 0.152
I 06.17/08:43:25 solver.py:221 ] Epoch: [154/400][40/391] lr: 1.66e-04 | MSE loss: 4.0938e-06 | time: 0.154
I 06.17/08:43:28 solver.py:221 ] Epoch: [154/400][60/391] lr: 1.66e-04 | MSE loss: 3.8098e-06 | time: 0.155
I 06.17/08:43:31 solver.py:221 ] Epoch: [154/400][80/391] lr: 1.66e-04 | MSE loss: 3.6362e-06 | time: 0.153
I 06.17/08:43:34 solver.py:221 ] Epoch: [154/400][100/391] lr: 1.66e-04 | MSE loss: 3.5062e-06 | time: 0.152
I 06.17/08:43:37 solver.py:221 ] Epoch: [154/400][120/391] lr: 1.66e-04 | MSE loss: 3.5864e-06 | time: 0.152
I 06.17/08:43:40 solver.py:221 ] Epoch: [154/400][140/391] lr: 1.66e-04 | MSE loss: 3.5162e-06 | time: 0.153
I 06.17/08:43:43 solver.py:221 ] Epoch: [154/400][160/391] lr: 1.66e-04 | MSE loss: 3.4496e-06 | time: 0.152
I 06.17/08:43:46 solver.py:221 ] Epoch: [154/400][180/391] lr: 1.66e-04 | MSE loss: 3.4076e-06 | time: 0.152
I 06.17/08:43:49 solver.py:221 ] Epoch: [154/400][200/391] lr: 1.66e-04 | MSE loss: 3.3745e-06 | time: 0.152
I 06.17/08:43:53 solver.py:221 ] Epoch: [154/400][220/391] lr: 1.66e-04 | MSE loss: 3.3900e-06 | time: 0.153
I 06.17/08:43:56 solver.py:221 ] Epoch: [154/400][240/391] lr: 1.66e-04 | MSE loss: 3.4465e-06 | time: 0.153
I 06.17/08:43:59 solver.py:221 ] Epoch: [154/400][260/391] lr: 1.66e-04 | MSE loss: 3.3900e-06 | time: 0.152
I 06.17/08:44:02 solver.py:221 ] Epoch: [154/400][280/391] lr: 1.66e-04 | MSE loss: 3.3869e-06 | time: 0.154
I 06.17/08:44:06 solver.py:221 ] Epoch: [154/400][300/391] lr: 1.66e-04 | MSE loss: 3.3733e-06 | time: 0.157
I 06.17/08:44:09 solver.py:221 ] Epoch: [154/400][320/391] lr: 1.66e-04 | MSE loss: 3.3455e-06 | time: 0.157
I 06.17/08:44:13 solver.py:221 ] Epoch: [154/400][340/391] lr: 1.66e-04 | MSE loss: 3.3427e-06 | time: 0.157
I 06.17/08:44:16 solver.py:221 ] Epoch: [154/400][360/391] lr: 1.66e-04 | MSE loss: 3.4870e-06 | time: 0.157
I 06.17/08:44:19 solver.py:221 ] Epoch: [154/400][380/391] lr: 1.66e-04 | MSE loss: 3.4980e-06 | time: 0.157
I 06.17/08:44:20 solver.py:243 ] => Train  Loss: 3.4884e-06

I 06.17/08:44:20 solver.py:337 ] 
=! Best NMSE: -2.2069e+01 (epoch=150)

I 06.17/08:44:23 solver.py:221 ] Epoch: [155/400][20/391] lr: 1.66e-04 | MSE loss: 2.3434e-06 | time: 0.133
I 06.17/08:44:26 solver.py:221 ] Epoch: [155/400][40/391] lr: 1.66e-04 | MSE loss: 2.7463e-06 | time: 0.143
I 06.17/08:44:30 solver.py:221 ] Epoch: [155/400][60/391] lr: 1.66e-04 | MSE loss: 2.6822e-06 | time: 0.150
I 06.17/08:44:33 solver.py:221 ] Epoch: [155/400][80/391] lr: 1.66e-04 | MSE loss: 2.7487e-06 | time: 0.150
I 06.17/08:44:36 solver.py:221 ] Epoch: [155/400][100/391] lr: 1.66e-04 | MSE loss: 2.8825e-06 | time: 0.150
I 06.17/08:44:39 solver.py:221 ] Epoch: [155/400][120/391] lr: 1.66e-04 | MSE loss: 3.1476e-06 | time: 0.150
I 06.17/08:44:42 solver.py:221 ] Epoch: [155/400][140/391] lr: 1.66e-04 | MSE loss: 3.1291e-06 | time: 0.150
I 06.17/08:44:45 solver.py:221 ] Epoch: [155/400][160/391] lr: 1.66e-04 | MSE loss: 3.0752e-06 | time: 0.150
I 06.17/08:44:48 solver.py:221 ] Epoch: [155/400][180/391] lr: 1.66e-04 | MSE loss: 3.0834e-06 | time: 0.151
I 06.17/08:44:51 solver.py:221 ] Epoch: [155/400][200/391] lr: 1.66e-04 | MSE loss: 3.0284e-06 | time: 0.152
I 06.17/08:44:54 solver.py:221 ] Epoch: [155/400][220/391] lr: 1.66e-04 | MSE loss: 2.9640e-06 | time: 0.152
I 06.17/08:44:57 solver.py:221 ] Epoch: [155/400][240/391] lr: 1.66e-04 | MSE loss: 2.9138e-06 | time: 0.152
I 06.17/08:45:00 solver.py:221 ] Epoch: [155/400][260/391] lr: 1.65e-04 | MSE loss: 3.5198e-06 | time: 0.151
I 06.17/08:45:03 solver.py:221 ] Epoch: [155/400][280/391] lr: 1.65e-04 | MSE loss: 3.5856e-06 | time: 0.154
I 06.17/08:45:07 solver.py:221 ] Epoch: [155/400][300/391] lr: 1.65e-04 | MSE loss: 3.5372e-06 | time: 0.154
I 06.17/08:45:10 solver.py:221 ] Epoch: [155/400][320/391] lr: 1.65e-04 | MSE loss: 3.4984e-06 | time: 0.154
I 06.17/08:45:13 solver.py:221 ] Epoch: [155/400][340/391] lr: 1.65e-04 | MSE loss: 3.4496e-06 | time: 0.154
I 06.17/08:45:16 solver.py:221 ] Epoch: [155/400][360/391] lr: 1.65e-04 | MSE loss: 3.4167e-06 | time: 0.153
I 06.17/08:45:19 solver.py:221 ] Epoch: [155/400][380/391] lr: 1.65e-04 | MSE loss: 3.3796e-06 | time: 0.153
I 06.17/08:45:20 solver.py:243 ] => Train  Loss: 3.3810e-06

I 06.17/08:45:20 solver.py:337 ] 
=! Best NMSE: -2.2069e+01 (epoch=150)

I 06.17/08:45:23 solver.py:221 ] Epoch: [156/400][20/391] lr: 1.65e-04 | MSE loss: 2.7017e-06 | time: 0.132
I 06.17/08:45:26 solver.py:221 ] Epoch: [156/400][40/391] lr: 1.65e-04 | MSE loss: 2.5955e-06 | time: 0.140
I 06.17/08:45:29 solver.py:221 ] Epoch: [156/400][60/391] lr: 1.65e-04 | MSE loss: 2.6384e-06 | time: 0.143
I 06.17/08:45:32 solver.py:221 ] Epoch: [156/400][80/391] lr: 1.65e-04 | MSE loss: 2.6199e-06 | time: 0.145
I 06.17/08:45:35 solver.py:221 ] Epoch: [156/400][100/391] lr: 1.65e-04 | MSE loss: 2.7525e-06 | time: 0.146
I 06.17/08:45:38 solver.py:221 ] Epoch: [156/400][120/391] lr: 1.65e-04 | MSE loss: 2.8603e-06 | time: 0.147
I 06.17/08:45:41 solver.py:221 ] Epoch: [156/400][140/391] lr: 1.65e-04 | MSE loss: 2.9154e-06 | time: 0.148
I 06.17/08:45:45 solver.py:221 ] Epoch: [156/400][160/391] lr: 1.65e-04 | MSE loss: 2.9423e-06 | time: 0.149
I 06.17/08:45:48 solver.py:221 ] Epoch: [156/400][180/391] lr: 1.65e-04 | MSE loss: 2.9448e-06 | time: 0.149
I 06.17/08:45:51 solver.py:221 ] Epoch: [156/400][200/391] lr: 1.65e-04 | MSE loss: 2.9867e-06 | time: 0.149
I 06.17/08:45:53 solver.py:221 ] Epoch: [156/400][220/391] lr: 1.65e-04 | MSE loss: 2.9384e-06 | time: 0.149
I 06.17/08:45:56 solver.py:221 ] Epoch: [156/400][240/391] lr: 1.65e-04 | MSE loss: 3.0724e-06 | time: 0.148
I 06.17/08:45:59 solver.py:221 ] Epoch: [156/400][260/391] lr: 1.65e-04 | MSE loss: 3.1865e-06 | time: 0.149
I 06.17/08:46:03 solver.py:221 ] Epoch: [156/400][280/391] lr: 1.65e-04 | MSE loss: 3.1746e-06 | time: 0.152
I 06.17/08:46:07 solver.py:221 ] Epoch: [156/400][300/391] lr: 1.65e-04 | MSE loss: 3.1734e-06 | time: 0.153
I 06.17/08:46:10 solver.py:221 ] Epoch: [156/400][320/391] lr: 1.65e-04 | MSE loss: 3.1256e-06 | time: 0.153
I 06.17/08:46:13 solver.py:221 ] Epoch: [156/400][340/391] lr: 1.65e-04 | MSE loss: 3.0877e-06 | time: 0.153
I 06.17/08:46:16 solver.py:221 ] Epoch: [156/400][360/391] lr: 1.65e-04 | MSE loss: 3.2651e-06 | time: 0.152
I 06.17/08:46:19 solver.py:221 ] Epoch: [156/400][380/391] lr: 1.65e-04 | MSE loss: 3.2882e-06 | time: 0.152
I 06.17/08:46:20 solver.py:243 ] => Train  Loss: 3.2687e-06

I 06.17/08:46:20 solver.py:337 ] 
=! Best NMSE: -2.2069e+01 (epoch=150)

I 06.17/08:46:23 solver.py:221 ] Epoch: [157/400][20/391] lr: 1.65e-04 | MSE loss: 2.5072e-06 | time: 0.144
I 06.17/08:46:26 solver.py:221 ] Epoch: [157/400][40/391] lr: 1.65e-04 | MSE loss: 2.6729e-06 | time: 0.144
I 06.17/08:46:29 solver.py:221 ] Epoch: [157/400][60/391] lr: 1.65e-04 | MSE loss: 2.5981e-06 | time: 0.146
I 06.17/08:46:32 solver.py:221 ] Epoch: [157/400][80/391] lr: 1.65e-04 | MSE loss: 2.6530e-06 | time: 0.146
I 06.17/08:46:35 solver.py:221 ] Epoch: [157/400][100/391] lr: 1.65e-04 | MSE loss: 2.6326e-06 | time: 0.147
I 06.17/08:46:38 solver.py:221 ] Epoch: [157/400][120/391] lr: 1.65e-04 | MSE loss: 2.8055e-06 | time: 0.148
I 06.17/08:46:41 solver.py:221 ] Epoch: [157/400][140/391] lr: 1.65e-04 | MSE loss: 3.2402e-06 | time: 0.149
I 06.17/08:46:45 solver.py:221 ] Epoch: [157/400][160/391] lr: 1.65e-04 | MSE loss: 3.1822e-06 | time: 0.151
I 06.17/08:46:48 solver.py:221 ] Epoch: [157/400][180/391] lr: 1.64e-04 | MSE loss: 3.0912e-06 | time: 0.150
I 06.17/08:46:50 solver.py:221 ] Epoch: [157/400][200/391] lr: 1.64e-04 | MSE loss: 3.0309e-06 | time: 0.150
I 06.17/08:46:53 solver.py:221 ] Epoch: [157/400][220/391] lr: 1.64e-04 | MSE loss: 3.0744e-06 | time: 0.150
I 06.17/08:46:57 solver.py:221 ] Epoch: [157/400][240/391] lr: 1.64e-04 | MSE loss: 3.2862e-06 | time: 0.150
I 06.17/08:47:00 solver.py:221 ] Epoch: [157/400][260/391] lr: 1.64e-04 | MSE loss: 3.2485e-06 | time: 0.151
I 06.17/08:47:04 solver.py:221 ] Epoch: [157/400][280/391] lr: 1.64e-04 | MSE loss: 3.1840e-06 | time: 0.158
I 06.17/08:47:07 solver.py:221 ] Epoch: [157/400][300/391] lr: 1.64e-04 | MSE loss: 3.1314e-06 | time: 0.156
I 06.17/08:47:10 solver.py:221 ] Epoch: [157/400][320/391] lr: 1.64e-04 | MSE loss: 3.1969e-06 | time: 0.156
I 06.17/08:47:13 solver.py:221 ] Epoch: [157/400][340/391] lr: 1.64e-04 | MSE loss: 3.2201e-06 | time: 0.155
I 06.17/08:47:16 solver.py:221 ] Epoch: [157/400][360/391] lr: 1.64e-04 | MSE loss: 3.1772e-06 | time: 0.154
I 06.17/08:47:19 solver.py:221 ] Epoch: [157/400][380/391] lr: 1.64e-04 | MSE loss: 3.1559e-06 | time: 0.154
I 06.17/08:47:21 solver.py:243 ] => Train  Loss: 3.1392e-06

I 06.17/08:47:21 solver.py:337 ] 
=! Best NMSE: -2.2069e+01 (epoch=150)

I 06.17/08:47:24 solver.py:221 ] Epoch: [158/400][20/391] lr: 1.64e-04 | MSE loss: 2.5848e-06 | time: 0.135
I 06.17/08:47:27 solver.py:221 ] Epoch: [158/400][40/391] lr: 1.64e-04 | MSE loss: 3.2618e-06 | time: 0.142
I 06.17/08:47:30 solver.py:221 ] Epoch: [158/400][60/391] lr: 1.64e-04 | MSE loss: 3.6640e-06 | time: 0.144
I 06.17/08:47:33 solver.py:221 ] Epoch: [158/400][80/391] lr: 1.64e-04 | MSE loss: 3.4293e-06 | time: 0.147
I 06.17/08:47:36 solver.py:221 ] Epoch: [158/400][100/391] lr: 1.64e-04 | MSE loss: 3.3759e-06 | time: 0.147
I 06.17/08:47:39 solver.py:221 ] Epoch: [158/400][120/391] lr: 1.64e-04 | MSE loss: 3.2656e-06 | time: 0.146
I 06.17/08:47:42 solver.py:221 ] Epoch: [158/400][140/391] lr: 1.64e-04 | MSE loss: 3.2754e-06 | time: 0.146
I 06.17/08:47:45 solver.py:221 ] Epoch: [158/400][160/391] lr: 1.64e-04 | MSE loss: 3.2619e-06 | time: 0.147
I 06.17/08:47:48 solver.py:221 ] Epoch: [158/400][180/391] lr: 1.64e-04 | MSE loss: 3.2386e-06 | time: 0.148
I 06.17/08:47:51 solver.py:221 ] Epoch: [158/400][200/391] lr: 1.64e-04 | MSE loss: 3.1797e-06 | time: 0.150
I 06.17/08:47:54 solver.py:221 ] Epoch: [158/400][220/391] lr: 1.64e-04 | MSE loss: 3.1470e-06 | time: 0.150
I 06.17/08:47:57 solver.py:221 ] Epoch: [158/400][240/391] lr: 1.64e-04 | MSE loss: 3.2205e-06 | time: 0.150
I 06.17/08:48:00 solver.py:221 ] Epoch: [158/400][260/391] lr: 1.64e-04 | MSE loss: 3.2190e-06 | time: 0.150
I 06.17/08:48:04 solver.py:221 ] Epoch: [158/400][280/391] lr: 1.64e-04 | MSE loss: 3.1637e-06 | time: 0.153
I 06.17/08:48:07 solver.py:221 ] Epoch: [158/400][300/391] lr: 1.64e-04 | MSE loss: 3.1591e-06 | time: 0.152
I 06.17/08:48:10 solver.py:221 ] Epoch: [158/400][320/391] lr: 1.64e-04 | MSE loss: 3.2385e-06 | time: 0.152
I 06.17/08:48:13 solver.py:221 ] Epoch: [158/400][340/391] lr: 1.64e-04 | MSE loss: 3.1955e-06 | time: 0.152
I 06.17/08:48:16 solver.py:221 ] Epoch: [158/400][360/391] lr: 1.64e-04 | MSE loss: 3.2454e-06 | time: 0.152
I 06.17/08:48:19 solver.py:221 ] Epoch: [158/400][380/391] lr: 1.64e-04 | MSE loss: 3.2894e-06 | time: 0.152
I 06.17/08:48:20 solver.py:243 ] => Train  Loss: 3.2692e-06

I 06.17/08:48:20 solver.py:337 ] 
=! Best NMSE: -2.2069e+01 (epoch=150)

I 06.17/08:48:23 solver.py:221 ] Epoch: [159/400][20/391] lr: 1.64e-04 | MSE loss: 2.9058e-06 | time: 0.129
I 06.17/08:48:26 solver.py:221 ] Epoch: [159/400][40/391] lr: 1.64e-04 | MSE loss: 2.8400e-06 | time: 0.139
I 06.17/08:48:29 solver.py:221 ] Epoch: [159/400][60/391] lr: 1.64e-04 | MSE loss: 2.9243e-06 | time: 0.142
I 06.17/08:48:32 solver.py:221 ] Epoch: [159/400][80/391] lr: 1.64e-04 | MSE loss: 2.8890e-06 | time: 0.144
I 06.17/08:48:35 solver.py:221 ] Epoch: [159/400][100/391] lr: 1.63e-04 | MSE loss: 2.7873e-06 | time: 0.146
I 06.17/08:48:38 solver.py:221 ] Epoch: [159/400][120/391] lr: 1.63e-04 | MSE loss: 3.0105e-06 | time: 0.147
I 06.17/08:48:41 solver.py:221 ] Epoch: [159/400][140/391] lr: 1.63e-04 | MSE loss: 3.1861e-06 | time: 0.148
I 06.17/08:48:44 solver.py:221 ] Epoch: [159/400][160/391] lr: 1.63e-04 | MSE loss: 3.0994e-06 | time: 0.148
I 06.17/08:48:47 solver.py:221 ] Epoch: [159/400][180/391] lr: 1.63e-04 | MSE loss: 3.2738e-06 | time: 0.148
I 06.17/08:48:50 solver.py:221 ] Epoch: [159/400][200/391] lr: 1.63e-04 | MSE loss: 3.3195e-06 | time: 0.148
I 06.17/08:48:53 solver.py:221 ] Epoch: [159/400][220/391] lr: 1.63e-04 | MSE loss: 3.2661e-06 | time: 0.148
I 06.17/08:48:56 solver.py:221 ] Epoch: [159/400][240/391] lr: 1.63e-04 | MSE loss: 3.2003e-06 | time: 0.149
I 06.17/08:49:00 solver.py:221 ] Epoch: [159/400][260/391] lr: 1.63e-04 | MSE loss: 3.1619e-06 | time: 0.149
I 06.17/08:49:03 solver.py:221 ] Epoch: [159/400][280/391] lr: 1.63e-04 | MSE loss: 3.1803e-06 | time: 0.152
I 06.17/08:49:06 solver.py:221 ] Epoch: [159/400][300/391] lr: 1.63e-04 | MSE loss: 3.1842e-06 | time: 0.152
I 06.17/08:49:09 solver.py:221 ] Epoch: [159/400][320/391] lr: 1.63e-04 | MSE loss: 3.2059e-06 | time: 0.152
I 06.17/08:49:12 solver.py:221 ] Epoch: [159/400][340/391] lr: 1.63e-04 | MSE loss: 3.1658e-06 | time: 0.152
I 06.17/08:49:15 solver.py:221 ] Epoch: [159/400][360/391] lr: 1.63e-04 | MSE loss: 3.1582e-06 | time: 0.152
I 06.17/08:49:18 solver.py:221 ] Epoch: [159/400][380/391] lr: 1.63e-04 | MSE loss: 3.1867e-06 | time: 0.151
I 06.17/08:49:20 solver.py:243 ] => Train  Loss: 3.1898e-06

I 06.17/08:49:20 solver.py:337 ] 
=! Best NMSE: -2.2069e+01 (epoch=150)

I 06.17/08:49:23 solver.py:221 ] Epoch: [160/400][20/391] lr: 1.63e-04 | MSE loss: 3.9665e-06 | time: 0.128
I 06.17/08:49:25 solver.py:221 ] Epoch: [160/400][40/391] lr: 1.63e-04 | MSE loss: 3.6984e-06 | time: 0.133
I 06.17/08:49:28 solver.py:221 ] Epoch: [160/400][60/391] lr: 1.63e-04 | MSE loss: 3.3540e-06 | time: 0.129
I 06.17/08:49:30 solver.py:221 ] Epoch: [160/400][80/391] lr: 1.63e-04 | MSE loss: 3.1098e-06 | time: 0.130
I 06.17/08:49:33 solver.py:221 ] Epoch: [160/400][100/391] lr: 1.63e-04 | MSE loss: 3.0662e-06 | time: 0.133
I 06.17/08:49:36 solver.py:221 ] Epoch: [160/400][120/391] lr: 1.63e-04 | MSE loss: 3.1989e-06 | time: 0.136
I 06.17/08:49:39 solver.py:221 ] Epoch: [160/400][140/391] lr: 1.63e-04 | MSE loss: 3.2889e-06 | time: 0.137
I 06.17/08:49:42 solver.py:221 ] Epoch: [160/400][160/391] lr: 1.63e-04 | MSE loss: 3.2473e-06 | time: 0.138
I 06.17/08:49:45 solver.py:221 ] Epoch: [160/400][180/391] lr: 1.63e-04 | MSE loss: 3.1452e-06 | time: 0.139
I 06.17/08:49:48 solver.py:221 ] Epoch: [160/400][200/391] lr: 1.63e-04 | MSE loss: 3.0630e-06 | time: 0.140
I 06.17/08:49:51 solver.py:221 ] Epoch: [160/400][220/391] lr: 1.63e-04 | MSE loss: 3.0124e-06 | time: 0.141
I 06.17/08:49:54 solver.py:221 ] Epoch: [160/400][240/391] lr: 1.63e-04 | MSE loss: 2.9896e-06 | time: 0.142
I 06.17/08:49:57 solver.py:221 ] Epoch: [160/400][260/391] lr: 1.63e-04 | MSE loss: 3.2100e-06 | time: 0.143
I 06.17/08:50:00 solver.py:221 ] Epoch: [160/400][280/391] lr: 1.63e-04 | MSE loss: 3.3459e-06 | time: 0.143
I 06.17/08:50:04 solver.py:221 ] Epoch: [160/400][300/391] lr: 1.63e-04 | MSE loss: 3.2874e-06 | time: 0.147
I 06.17/08:50:07 solver.py:221 ] Epoch: [160/400][320/391] lr: 1.63e-04 | MSE loss: 3.2193e-06 | time: 0.146
I 06.17/08:50:10 solver.py:221 ] Epoch: [160/400][340/391] lr: 1.63e-04 | MSE loss: 3.1669e-06 | time: 0.147
I 06.17/08:50:13 solver.py:221 ] Epoch: [160/400][360/391] lr: 1.63e-04 | MSE loss: 3.1164e-06 | time: 0.147
I 06.17/08:50:16 solver.py:221 ] Epoch: [160/400][380/391] lr: 1.63e-04 | MSE loss: 3.2367e-06 | time: 0.147
I 06.17/08:50:18 solver.py:243 ] => Train  Loss: 3.2509e-06

I 06.17/08:50:19 solver.py:221 ] Epoch: [160/400][20/118] lr: 1.63e-04 | MSE loss: 2.7331e-06 | time: 0.041
I 06.17/08:50:20 solver.py:221 ] Epoch: [160/400][40/118] lr: 1.63e-04 | MSE loss: 2.7152e-06 | time: 0.042
I 06.17/08:50:20 solver.py:221 ] Epoch: [160/400][60/118] lr: 1.63e-04 | MSE loss: 2.7398e-06 | time: 0.045
I 06.17/08:50:21 solver.py:221 ] Epoch: [160/400][80/118] lr: 1.63e-04 | MSE loss: 2.7409e-06 | time: 0.045
I 06.17/08:50:22 solver.py:221 ] Epoch: [160/400][100/118] lr: 1.63e-04 | MSE loss: 2.7387e-06 | time: 0.044
I 06.17/08:50:23 solver.py:243 ] => Val  Loss: 2.7415e-06

I 06.17/08:50:25 solver.py:471 ] [20/79] loss: 2.8190e-06 | NMSE: -2.2052e+01 | time: 0.086
I 06.17/08:50:27 solver.py:471 ] [40/79] loss: 2.7780e-06 | NMSE: -2.2118e+01 | time: 0.084
I 06.17/08:50:29 solver.py:471 ] [60/79] loss: 2.7657e-06 | NMSE: -2.2127e+01 | time: 0.083
I 06.17/08:50:30 solver.py:476 ] => Test NMSE: -2.2139e+01

I 06.17/08:50:30 solver.py:337 ] 
=! Best NMSE: -2.2139e+01 (epoch=160)

I 06.17/08:50:34 solver.py:221 ] Epoch: [161/400][20/391] lr: 1.62e-04 | MSE loss: 2.8380e-06 | time: 0.150
I 06.17/08:50:37 solver.py:221 ] Epoch: [161/400][40/391] lr: 1.62e-04 | MSE loss: 2.7082e-06 | time: 0.150
I 06.17/08:50:40 solver.py:221 ] Epoch: [161/400][60/391] lr: 1.62e-04 | MSE loss: 2.7288e-06 | time: 0.153
I 06.17/08:50:43 solver.py:221 ] Epoch: [161/400][80/391] lr: 1.62e-04 | MSE loss: 2.6896e-06 | time: 0.155
I 06.17/08:50:46 solver.py:221 ] Epoch: [161/400][100/391] lr: 1.62e-04 | MSE loss: 3.0015e-06 | time: 0.155
I 06.17/08:50:49 solver.py:221 ] Epoch: [161/400][120/391] lr: 1.62e-04 | MSE loss: 2.9773e-06 | time: 0.154
I 06.17/08:50:52 solver.py:221 ] Epoch: [161/400][140/391] lr: 1.62e-04 | MSE loss: 2.8967e-06 | time: 0.153
I 06.17/08:50:55 solver.py:221 ] Epoch: [161/400][160/391] lr: 1.62e-04 | MSE loss: 2.8369e-06 | time: 0.152
I 06.17/08:50:58 solver.py:221 ] Epoch: [161/400][180/391] lr: 1.62e-04 | MSE loss: 3.3052e-06 | time: 0.152
I 06.17/08:51:01 solver.py:221 ] Epoch: [161/400][200/391] lr: 1.62e-04 | MSE loss: 3.2548e-06 | time: 0.152
I 06.17/08:51:05 solver.py:221 ] Epoch: [161/400][220/391] lr: 1.62e-04 | MSE loss: 3.1772e-06 | time: 0.156
I 06.17/08:51:08 solver.py:221 ] Epoch: [161/400][240/391] lr: 1.62e-04 | MSE loss: 3.1092e-06 | time: 0.154
I 06.17/08:51:10 solver.py:221 ] Epoch: [161/400][260/391] lr: 1.62e-04 | MSE loss: 3.0568e-06 | time: 0.153
I 06.17/08:51:13 solver.py:221 ] Epoch: [161/400][280/391] lr: 1.62e-04 | MSE loss: 3.0229e-06 | time: 0.152
I 06.17/08:51:16 solver.py:221 ] Epoch: [161/400][300/391] lr: 1.62e-04 | MSE loss: 3.0251e-06 | time: 0.152
I 06.17/08:51:19 solver.py:221 ] Epoch: [161/400][320/391] lr: 1.62e-04 | MSE loss: 3.1237e-06 | time: 0.152
I 06.17/08:51:22 solver.py:221 ] Epoch: [161/400][340/391] lr: 1.62e-04 | MSE loss: 3.1100e-06 | time: 0.152
I 06.17/08:51:25 solver.py:221 ] Epoch: [161/400][360/391] lr: 1.62e-04 | MSE loss: 3.0948e-06 | time: 0.152
I 06.17/08:51:28 solver.py:221 ] Epoch: [161/400][380/391] lr: 1.62e-04 | MSE loss: 3.0650e-06 | time: 0.152
I 06.17/08:51:30 solver.py:243 ] => Train  Loss: 3.0460e-06

I 06.17/08:51:30 solver.py:337 ] 
=! Best NMSE: -2.2139e+01 (epoch=160)

I 06.17/08:51:33 solver.py:221 ] Epoch: [162/400][20/391] lr: 1.62e-04 | MSE loss: 3.2808e-06 | time: 0.148
I 06.17/08:51:36 solver.py:221 ] Epoch: [162/400][40/391] lr: 1.62e-04 | MSE loss: 3.0858e-06 | time: 0.148
I 06.17/08:51:39 solver.py:221 ] Epoch: [162/400][60/391] lr: 1.62e-04 | MSE loss: 3.6038e-06 | time: 0.148
I 06.17/08:51:42 solver.py:221 ] Epoch: [162/400][80/391] lr: 1.62e-04 | MSE loss: 3.6066e-06 | time: 0.147
I 06.17/08:51:45 solver.py:221 ] Epoch: [162/400][100/391] lr: 1.62e-04 | MSE loss: 3.4418e-06 | time: 0.147
I 06.17/08:51:48 solver.py:221 ] Epoch: [162/400][120/391] lr: 1.62e-04 | MSE loss: 3.3182e-06 | time: 0.148
I 06.17/08:51:51 solver.py:221 ] Epoch: [162/400][140/391] lr: 1.62e-04 | MSE loss: 3.3401e-06 | time: 0.148
I 06.17/08:51:54 solver.py:221 ] Epoch: [162/400][160/391] lr: 1.62e-04 | MSE loss: 3.3434e-06 | time: 0.148
I 06.17/08:51:57 solver.py:221 ] Epoch: [162/400][180/391] lr: 1.62e-04 | MSE loss: 3.2843e-06 | time: 0.148
I 06.17/08:52:00 solver.py:221 ] Epoch: [162/400][200/391] lr: 1.62e-04 | MSE loss: 3.2285e-06 | time: 0.148
I 06.17/08:52:04 solver.py:221 ] Epoch: [162/400][220/391] lr: 1.62e-04 | MSE loss: 3.1501e-06 | time: 0.154
I 06.17/08:52:08 solver.py:221 ] Epoch: [162/400][240/391] lr: 1.62e-04 | MSE loss: 3.0801e-06 | time: 0.154
I 06.17/08:52:11 solver.py:221 ] Epoch: [162/400][260/391] lr: 1.62e-04 | MSE loss: 3.2455e-06 | time: 0.154
I 06.17/08:52:14 solver.py:221 ] Epoch: [162/400][280/391] lr: 1.62e-04 | MSE loss: 3.2318e-06 | time: 0.154
I 06.17/08:52:17 solver.py:221 ] Epoch: [162/400][300/391] lr: 1.61e-04 | MSE loss: 3.1881e-06 | time: 0.154
I 06.17/08:52:20 solver.py:221 ] Epoch: [162/400][320/391] lr: 1.61e-04 | MSE loss: 3.1626e-06 | time: 0.154
I 06.17/08:52:23 solver.py:221 ] Epoch: [162/400][340/391] lr: 1.61e-04 | MSE loss: 3.1406e-06 | time: 0.154
I 06.17/08:52:26 solver.py:221 ] Epoch: [162/400][360/391] lr: 1.61e-04 | MSE loss: 3.1399e-06 | time: 0.155
I 06.17/08:52:29 solver.py:221 ] Epoch: [162/400][380/391] lr: 1.61e-04 | MSE loss: 3.1084e-06 | time: 0.154
I 06.17/08:52:31 solver.py:243 ] => Train  Loss: 3.1044e-06

I 06.17/08:52:31 solver.py:337 ] 
=! Best NMSE: -2.2139e+01 (epoch=160)

I 06.17/08:52:34 solver.py:221 ] Epoch: [163/400][20/391] lr: 1.61e-04 | MSE loss: 3.3611e-06 | time: 0.138
I 06.17/08:52:37 solver.py:221 ] Epoch: [163/400][40/391] lr: 1.61e-04 | MSE loss: 3.5248e-06 | time: 0.149
I 06.17/08:52:40 solver.py:221 ] Epoch: [163/400][60/391] lr: 1.61e-04 | MSE loss: 3.2570e-06 | time: 0.152
I 06.17/08:52:43 solver.py:221 ] Epoch: [163/400][80/391] lr: 1.61e-04 | MSE loss: 3.1042e-06 | time: 0.152
I 06.17/08:52:46 solver.py:221 ] Epoch: [163/400][100/391] lr: 1.61e-04 | MSE loss: 2.9916e-06 | time: 0.153
I 06.17/08:52:50 solver.py:221 ] Epoch: [163/400][120/391] lr: 1.61e-04 | MSE loss: 3.1200e-06 | time: 0.153
I 06.17/08:52:52 solver.py:221 ] Epoch: [163/400][140/391] lr: 1.61e-04 | MSE loss: 3.7370e-06 | time: 0.152
I 06.17/08:52:55 solver.py:221 ] Epoch: [163/400][160/391] lr: 1.61e-04 | MSE loss: 3.6663e-06 | time: 0.151
I 06.17/08:52:58 solver.py:221 ] Epoch: [163/400][180/391] lr: 1.61e-04 | MSE loss: 3.5220e-06 | time: 0.151
I 06.17/08:53:01 solver.py:221 ] Epoch: [163/400][200/391] lr: 1.61e-04 | MSE loss: 3.4063e-06 | time: 0.152
I 06.17/08:53:05 solver.py:221 ] Epoch: [163/400][220/391] lr: 1.61e-04 | MSE loss: 3.3213e-06 | time: 0.156
I 06.17/08:53:08 solver.py:221 ] Epoch: [163/400][240/391] lr: 1.61e-04 | MSE loss: 3.2445e-06 | time: 0.155
I 06.17/08:53:11 solver.py:221 ] Epoch: [163/400][260/391] lr: 1.61e-04 | MSE loss: 3.1816e-06 | time: 0.154
I 06.17/08:53:14 solver.py:221 ] Epoch: [163/400][280/391] lr: 1.61e-04 | MSE loss: 3.2061e-06 | time: 0.154
I 06.17/08:53:17 solver.py:221 ] Epoch: [163/400][300/391] lr: 1.61e-04 | MSE loss: 3.1582e-06 | time: 0.154
I 06.17/08:53:21 solver.py:221 ] Epoch: [163/400][320/391] lr: 1.61e-04 | MSE loss: 3.1118e-06 | time: 0.154
I 06.17/08:53:24 solver.py:221 ] Epoch: [163/400][340/391] lr: 1.61e-04 | MSE loss: 3.2175e-06 | time: 0.154
I 06.17/08:53:26 solver.py:221 ] Epoch: [163/400][360/391] lr: 1.61e-04 | MSE loss: 3.2065e-06 | time: 0.153
I 06.17/08:53:29 solver.py:221 ] Epoch: [163/400][380/391] lr: 1.61e-04 | MSE loss: 3.1768e-06 | time: 0.153
I 06.17/08:53:31 solver.py:243 ] => Train  Loss: 3.1630e-06

I 06.17/08:53:31 solver.py:337 ] 
=! Best NMSE: -2.2139e+01 (epoch=160)

I 06.17/08:53:34 solver.py:221 ] Epoch: [164/400][20/391] lr: 1.61e-04 | MSE loss: 4.1267e-06 | time: 0.133
I 06.17/08:53:37 solver.py:221 ] Epoch: [164/400][40/391] lr: 1.61e-04 | MSE loss: 3.4610e-06 | time: 0.141
I 06.17/08:53:40 solver.py:221 ] Epoch: [164/400][60/391] lr: 1.61e-04 | MSE loss: 3.2384e-06 | time: 0.144
I 06.17/08:53:43 solver.py:221 ] Epoch: [164/400][80/391] lr: 1.61e-04 | MSE loss: 3.1377e-06 | time: 0.146
I 06.17/08:53:46 solver.py:221 ] Epoch: [164/400][100/391] lr: 1.61e-04 | MSE loss: 3.0663e-06 | time: 0.149
I 06.17/08:53:49 solver.py:221 ] Epoch: [164/400][120/391] lr: 1.61e-04 | MSE loss: 3.1040e-06 | time: 0.149
I 06.17/08:53:52 solver.py:221 ] Epoch: [164/400][140/391] lr: 1.61e-04 | MSE loss: 3.0478e-06 | time: 0.149
I 06.17/08:53:55 solver.py:221 ] Epoch: [164/400][160/391] lr: 1.61e-04 | MSE loss: 3.0051e-06 | time: 0.149
I 06.17/08:53:58 solver.py:221 ] Epoch: [164/400][180/391] lr: 1.61e-04 | MSE loss: 2.9657e-06 | time: 0.149
I 06.17/08:54:01 solver.py:221 ] Epoch: [164/400][200/391] lr: 1.60e-04 | MSE loss: 2.9641e-06 | time: 0.149
I 06.17/08:54:05 solver.py:221 ] Epoch: [164/400][220/391] lr: 1.60e-04 | MSE loss: 3.0932e-06 | time: 0.153
I 06.17/08:54:08 solver.py:221 ] Epoch: [164/400][240/391] lr: 1.60e-04 | MSE loss: 3.0506e-06 | time: 0.152
I 06.17/08:54:11 solver.py:221 ] Epoch: [164/400][260/391] lr: 1.60e-04 | MSE loss: 3.0187e-06 | time: 0.151
I 06.17/08:54:14 solver.py:221 ] Epoch: [164/400][280/391] lr: 1.60e-04 | MSE loss: 2.9980e-06 | time: 0.151
I 06.17/08:54:17 solver.py:221 ] Epoch: [164/400][300/391] lr: 1.60e-04 | MSE loss: 3.0501e-06 | time: 0.151
I 06.17/08:54:20 solver.py:221 ] Epoch: [164/400][320/391] lr: 1.60e-04 | MSE loss: 3.1115e-06 | time: 0.151
I 06.17/08:54:23 solver.py:221 ] Epoch: [164/400][340/391] lr: 1.60e-04 | MSE loss: 3.0814e-06 | time: 0.151
I 06.17/08:54:26 solver.py:221 ] Epoch: [164/400][360/391] lr: 1.60e-04 | MSE loss: 3.0749e-06 | time: 0.151
I 06.17/08:54:29 solver.py:221 ] Epoch: [164/400][380/391] lr: 1.60e-04 | MSE loss: 3.0608e-06 | time: 0.151
I 06.17/08:54:30 solver.py:243 ] => Train  Loss: 3.0435e-06

I 06.17/08:54:30 solver.py:337 ] 
=! Best NMSE: -2.2139e+01 (epoch=160)

I 06.17/08:54:33 solver.py:221 ] Epoch: [165/400][20/391] lr: 1.60e-04 | MSE loss: 2.3967e-06 | time: 0.135
I 06.17/08:54:36 solver.py:221 ] Epoch: [165/400][40/391] lr: 1.60e-04 | MSE loss: 3.8372e-06 | time: 0.146
I 06.17/08:54:39 solver.py:221 ] Epoch: [165/400][60/391] lr: 1.60e-04 | MSE loss: 3.4793e-06 | time: 0.148
I 06.17/08:54:42 solver.py:221 ] Epoch: [165/400][80/391] lr: 1.60e-04 | MSE loss: 3.3433e-06 | time: 0.148
I 06.17/08:54:45 solver.py:221 ] Epoch: [165/400][100/391] lr: 1.60e-04 | MSE loss: 3.2154e-06 | time: 0.148
I 06.17/08:54:48 solver.py:221 ] Epoch: [165/400][120/391] lr: 1.60e-04 | MSE loss: 3.1349e-06 | time: 0.149
I 06.17/08:54:51 solver.py:221 ] Epoch: [165/400][140/391] lr: 1.60e-04 | MSE loss: 3.0615e-06 | time: 0.149
I 06.17/08:54:54 solver.py:221 ] Epoch: [165/400][160/391] lr: 1.60e-04 | MSE loss: 2.9821e-06 | time: 0.149
I 06.17/08:54:57 solver.py:221 ] Epoch: [165/400][180/391] lr: 1.60e-04 | MSE loss: 2.9801e-06 | time: 0.149
I 06.17/08:55:00 solver.py:221 ] Epoch: [165/400][200/391] lr: 1.60e-04 | MSE loss: 3.1269e-06 | time: 0.149
I 06.17/08:55:03 solver.py:221 ] Epoch: [165/400][220/391] lr: 1.60e-04 | MSE loss: 3.0503e-06 | time: 0.151
I 06.17/08:55:06 solver.py:221 ] Epoch: [165/400][240/391] lr: 1.60e-04 | MSE loss: 2.9772e-06 | time: 0.148
I 06.17/08:55:09 solver.py:221 ] Epoch: [165/400][260/391] lr: 1.60e-04 | MSE loss: 2.9568e-06 | time: 0.149
I 06.17/08:55:12 solver.py:221 ] Epoch: [165/400][280/391] lr: 1.60e-04 | MSE loss: 3.1783e-06 | time: 0.149
I 06.17/08:55:15 solver.py:221 ] Epoch: [165/400][300/391] lr: 1.60e-04 | MSE loss: 3.2176e-06 | time: 0.149
I 06.17/08:55:18 solver.py:221 ] Epoch: [165/400][320/391] lr: 1.60e-04 | MSE loss: 3.1675e-06 | time: 0.149
I 06.17/08:55:21 solver.py:221 ] Epoch: [165/400][340/391] lr: 1.60e-04 | MSE loss: 3.1603e-06 | time: 0.149
I 06.17/08:55:24 solver.py:221 ] Epoch: [165/400][360/391] lr: 1.60e-04 | MSE loss: 3.1248e-06 | time: 0.149
I 06.17/08:55:27 solver.py:221 ] Epoch: [165/400][380/391] lr: 1.60e-04 | MSE loss: 3.0824e-06 | time: 0.149
I 06.17/08:55:29 solver.py:243 ] => Train  Loss: 3.0622e-06

I 06.17/08:55:29 solver.py:337 ] 
=! Best NMSE: -2.2139e+01 (epoch=160)

I 06.17/08:55:32 solver.py:221 ] Epoch: [166/400][20/391] lr: 1.60e-04 | MSE loss: 4.5902e-06 | time: 0.137
I 06.17/08:55:35 solver.py:221 ] Epoch: [166/400][40/391] lr: 1.60e-04 | MSE loss: 3.7481e-06 | time: 0.145
I 06.17/08:55:38 solver.py:221 ] Epoch: [166/400][60/391] lr: 1.60e-04 | MSE loss: 3.4261e-06 | time: 0.148
I 06.17/08:55:41 solver.py:221 ] Epoch: [166/400][80/391] lr: 1.60e-04 | MSE loss: 3.3704e-06 | time: 0.150
I 06.17/08:55:45 solver.py:221 ] Epoch: [166/400][100/391] lr: 1.59e-04 | MSE loss: 3.2178e-06 | time: 0.152
I 06.17/08:55:48 solver.py:221 ] Epoch: [166/400][120/391] lr: 1.59e-04 | MSE loss: 3.0445e-06 | time: 0.151
I 06.17/08:55:51 solver.py:221 ] Epoch: [166/400][140/391] lr: 1.59e-04 | MSE loss: 2.9516e-06 | time: 0.151
I 06.17/08:55:53 solver.py:221 ] Epoch: [166/400][160/391] lr: 1.59e-04 | MSE loss: 2.9736e-06 | time: 0.150
I 06.17/08:55:56 solver.py:221 ] Epoch: [166/400][180/391] lr: 1.59e-04 | MSE loss: 3.1429e-06 | time: 0.150
I 06.17/08:55:59 solver.py:221 ] Epoch: [166/400][200/391] lr: 1.59e-04 | MSE loss: 3.0871e-06 | time: 0.150
I 06.17/08:56:03 solver.py:221 ] Epoch: [166/400][220/391] lr: 1.59e-04 | MSE loss: 3.0595e-06 | time: 0.154
I 06.17/08:56:06 solver.py:221 ] Epoch: [166/400][240/391] lr: 1.59e-04 | MSE loss: 3.0292e-06 | time: 0.154
I 06.17/08:56:09 solver.py:221 ] Epoch: [166/400][260/391] lr: 1.59e-04 | MSE loss: 3.0031e-06 | time: 0.154
I 06.17/08:56:12 solver.py:221 ] Epoch: [166/400][280/391] lr: 1.59e-04 | MSE loss: 2.9512e-06 | time: 0.153
I 06.17/08:56:15 solver.py:221 ] Epoch: [166/400][300/391] lr: 1.59e-04 | MSE loss: 2.9904e-06 | time: 0.153
I 06.17/08:56:18 solver.py:221 ] Epoch: [166/400][320/391] lr: 1.59e-04 | MSE loss: 3.0572e-06 | time: 0.153
I 06.17/08:56:21 solver.py:221 ] Epoch: [166/400][340/391] lr: 1.59e-04 | MSE loss: 3.0544e-06 | time: 0.153
I 06.17/08:56:24 solver.py:221 ] Epoch: [166/400][360/391] lr: 1.59e-04 | MSE loss: 3.0294e-06 | time: 0.152
I 06.17/08:56:27 solver.py:221 ] Epoch: [166/400][380/391] lr: 1.59e-04 | MSE loss: 3.0221e-06 | time: 0.152
I 06.17/08:56:29 solver.py:243 ] => Train  Loss: 3.0110e-06

I 06.17/08:56:29 solver.py:337 ] 
=! Best NMSE: -2.2139e+01 (epoch=160)

I 06.17/08:56:32 solver.py:221 ] Epoch: [167/400][20/391] lr: 1.59e-04 | MSE loss: 2.7462e-06 | time: 0.132
I 06.17/08:56:35 solver.py:221 ] Epoch: [167/400][40/391] lr: 1.59e-04 | MSE loss: 4.2921e-06 | time: 0.138
I 06.17/08:56:38 solver.py:221 ] Epoch: [167/400][60/391] lr: 1.59e-04 | MSE loss: 3.9841e-06 | time: 0.142
I 06.17/08:56:41 solver.py:221 ] Epoch: [167/400][80/391] lr: 1.59e-04 | MSE loss: 3.6039e-06 | time: 0.145
I 06.17/08:56:44 solver.py:221 ] Epoch: [167/400][100/391] lr: 1.59e-04 | MSE loss: 3.3709e-06 | time: 0.147
I 06.17/08:56:47 solver.py:221 ] Epoch: [167/400][120/391] lr: 1.59e-04 | MSE loss: 3.2841e-06 | time: 0.147
I 06.17/08:56:50 solver.py:221 ] Epoch: [167/400][140/391] lr: 1.59e-04 | MSE loss: 3.1752e-06 | time: 0.149
I 06.17/08:56:53 solver.py:221 ] Epoch: [167/400][160/391] lr: 1.59e-04 | MSE loss: 3.1007e-06 | time: 0.149
I 06.17/08:56:56 solver.py:221 ] Epoch: [167/400][180/391] lr: 1.59e-04 | MSE loss: 3.1907e-06 | time: 0.150
I 06.17/08:57:00 solver.py:221 ] Epoch: [167/400][200/391] lr: 1.59e-04 | MSE loss: 3.1658e-06 | time: 0.151
I 06.17/08:57:03 solver.py:221 ] Epoch: [167/400][220/391] lr: 1.59e-04 | MSE loss: 3.1219e-06 | time: 0.153
I 06.17/08:57:06 solver.py:221 ] Epoch: [167/400][240/391] lr: 1.59e-04 | MSE loss: 3.0649e-06 | time: 0.151
I 06.17/08:57:09 solver.py:221 ] Epoch: [167/400][260/391] lr: 1.59e-04 | MSE loss: 3.0056e-06 | time: 0.151
I 06.17/08:57:12 solver.py:221 ] Epoch: [167/400][280/391] lr: 1.59e-04 | MSE loss: 2.9531e-06 | time: 0.151
I 06.17/08:57:15 solver.py:221 ] Epoch: [167/400][300/391] lr: 1.59e-04 | MSE loss: 3.0112e-06 | time: 0.152
I 06.17/08:57:18 solver.py:221 ] Epoch: [167/400][320/391] lr: 1.59e-04 | MSE loss: 3.1637e-06 | time: 0.152
I 06.17/08:57:21 solver.py:221 ] Epoch: [167/400][340/391] lr: 1.59e-04 | MSE loss: 3.1702e-06 | time: 0.152
I 06.17/08:57:24 solver.py:221 ] Epoch: [167/400][360/391] lr: 1.59e-04 | MSE loss: 3.1577e-06 | time: 0.152
I 06.17/08:57:27 solver.py:221 ] Epoch: [167/400][380/391] lr: 1.58e-04 | MSE loss: 3.1295e-06 | time: 0.152
I 06.17/08:57:29 solver.py:243 ] => Train  Loss: 3.1078e-06

I 06.17/08:57:29 solver.py:337 ] 
=! Best NMSE: -2.2139e+01 (epoch=160)

I 06.17/08:57:32 solver.py:221 ] Epoch: [168/400][20/391] lr: 1.58e-04 | MSE loss: 2.3955e-06 | time: 0.145
I 06.17/08:57:35 solver.py:221 ] Epoch: [168/400][40/391] lr: 1.58e-04 | MSE loss: 2.7911e-06 | time: 0.144
I 06.17/08:57:38 solver.py:221 ] Epoch: [168/400][60/391] lr: 1.58e-04 | MSE loss: 2.7014e-06 | time: 0.145
I 06.17/08:57:41 solver.py:221 ] Epoch: [168/400][80/391] lr: 1.58e-04 | MSE loss: 2.7503e-06 | time: 0.145
I 06.17/08:57:44 solver.py:221 ] Epoch: [168/400][100/391] lr: 1.58e-04 | MSE loss: 2.7681e-06 | time: 0.145
I 06.17/08:57:46 solver.py:221 ] Epoch: [168/400][120/391] lr: 1.58e-04 | MSE loss: 2.8258e-06 | time: 0.145
I 06.17/08:57:49 solver.py:221 ] Epoch: [168/400][140/391] lr: 1.58e-04 | MSE loss: 2.8459e-06 | time: 0.145
I 06.17/08:57:53 solver.py:221 ] Epoch: [168/400][160/391] lr: 1.58e-04 | MSE loss: 2.7861e-06 | time: 0.147
I 06.17/08:57:56 solver.py:221 ] Epoch: [168/400][180/391] lr: 1.58e-04 | MSE loss: 2.7240e-06 | time: 0.148
I 06.17/08:57:59 solver.py:221 ] Epoch: [168/400][200/391] lr: 1.58e-04 | MSE loss: 2.8508e-06 | time: 0.148
I 06.17/08:58:02 solver.py:221 ] Epoch: [168/400][220/391] lr: 1.58e-04 | MSE loss: 2.8058e-06 | time: 0.149
I 06.17/08:58:05 solver.py:221 ] Epoch: [168/400][240/391] lr: 1.58e-04 | MSE loss: 2.7675e-06 | time: 0.151
I 06.17/08:58:08 solver.py:221 ] Epoch: [168/400][260/391] lr: 1.58e-04 | MSE loss: 2.7578e-06 | time: 0.151
I 06.17/08:58:11 solver.py:221 ] Epoch: [168/400][280/391] lr: 1.58e-04 | MSE loss: 2.9888e-06 | time: 0.150
I 06.17/08:58:14 solver.py:221 ] Epoch: [168/400][300/391] lr: 1.58e-04 | MSE loss: 2.9755e-06 | time: 0.150
I 06.17/08:58:17 solver.py:221 ] Epoch: [168/400][320/391] lr: 1.58e-04 | MSE loss: 2.9380e-06 | time: 0.151
I 06.17/08:58:20 solver.py:221 ] Epoch: [168/400][340/391] lr: 1.58e-04 | MSE loss: 2.9045e-06 | time: 0.151
I 06.17/08:58:24 solver.py:221 ] Epoch: [168/400][360/391] lr: 1.58e-04 | MSE loss: 2.9136e-06 | time: 0.151
I 06.17/08:58:27 solver.py:221 ] Epoch: [168/400][380/391] lr: 1.58e-04 | MSE loss: 2.8858e-06 | time: 0.151
I 06.17/08:58:28 solver.py:243 ] => Train  Loss: 2.8769e-06

I 06.17/08:58:28 solver.py:337 ] 
=! Best NMSE: -2.2139e+01 (epoch=160)

I 06.17/08:58:32 solver.py:221 ] Epoch: [169/400][20/391] lr: 1.58e-04 | MSE loss: 3.6947e-06 | time: 0.140
I 06.17/08:58:35 solver.py:221 ] Epoch: [169/400][40/391] lr: 1.58e-04 | MSE loss: 3.1854e-06 | time: 0.148
I 06.17/08:58:38 solver.py:221 ] Epoch: [169/400][60/391] lr: 1.58e-04 | MSE loss: 2.9948e-06 | time: 0.149
I 06.17/08:58:41 solver.py:221 ] Epoch: [169/400][80/391] lr: 1.58e-04 | MSE loss: 3.2903e-06 | time: 0.148
I 06.17/08:58:44 solver.py:221 ] Epoch: [169/400][100/391] lr: 1.58e-04 | MSE loss: 3.2887e-06 | time: 0.148
I 06.17/08:58:47 solver.py:221 ] Epoch: [169/400][120/391] lr: 1.58e-04 | MSE loss: 3.2202e-06 | time: 0.148
I 06.17/08:58:50 solver.py:221 ] Epoch: [169/400][140/391] lr: 1.58e-04 | MSE loss: 3.1532e-06 | time: 0.148
I 06.17/08:58:53 solver.py:221 ] Epoch: [169/400][160/391] lr: 1.58e-04 | MSE loss: 3.1196e-06 | time: 0.148
I 06.17/08:58:55 solver.py:221 ] Epoch: [169/400][180/391] lr: 1.58e-04 | MSE loss: 3.0820e-06 | time: 0.148
I 06.17/08:58:59 solver.py:221 ] Epoch: [169/400][200/391] lr: 1.58e-04 | MSE loss: 3.0159e-06 | time: 0.149
I 06.17/08:59:01 solver.py:221 ] Epoch: [169/400][220/391] lr: 1.58e-04 | MSE loss: 3.0021e-06 | time: 0.149
I 06.17/08:59:05 solver.py:221 ] Epoch: [169/400][240/391] lr: 1.58e-04 | MSE loss: 3.0256e-06 | time: 0.151
I 06.17/08:59:08 solver.py:221 ] Epoch: [169/400][260/391] lr: 1.57e-04 | MSE loss: 2.9913e-06 | time: 0.150
I 06.17/08:59:11 solver.py:221 ] Epoch: [169/400][280/391] lr: 1.57e-04 | MSE loss: 2.9603e-06 | time: 0.150
I 06.17/08:59:14 solver.py:221 ] Epoch: [169/400][300/391] lr: 1.57e-04 | MSE loss: 2.9793e-06 | time: 0.150
I 06.17/08:59:17 solver.py:221 ] Epoch: [169/400][320/391] lr: 1.57e-04 | MSE loss: 2.9815e-06 | time: 0.150
I 06.17/08:59:20 solver.py:221 ] Epoch: [169/400][340/391] lr: 1.57e-04 | MSE loss: 2.9908e-06 | time: 0.150
I 06.17/08:59:23 solver.py:221 ] Epoch: [169/400][360/391] lr: 1.57e-04 | MSE loss: 2.9621e-06 | time: 0.150
I 06.17/08:59:26 solver.py:221 ] Epoch: [169/400][380/391] lr: 1.57e-04 | MSE loss: 2.9327e-06 | time: 0.150
I 06.17/08:59:27 solver.py:243 ] => Train  Loss: 2.9296e-06

I 06.17/08:59:28 solver.py:337 ] 
=! Best NMSE: -2.2139e+01 (epoch=160)

I 06.17/08:59:31 solver.py:221 ] Epoch: [170/400][20/391] lr: 1.57e-04 | MSE loss: 2.6702e-06 | time: 0.128
I 06.17/08:59:33 solver.py:221 ] Epoch: [170/400][40/391] lr: 1.57e-04 | MSE loss: 2.9354e-06 | time: 0.135
I 06.17/08:59:36 solver.py:221 ] Epoch: [170/400][60/391] lr: 1.57e-04 | MSE loss: 3.6004e-06 | time: 0.133
I 06.17/08:59:39 solver.py:221 ] Epoch: [170/400][80/391] lr: 1.57e-04 | MSE loss: 3.2988e-06 | time: 0.136
I 06.17/08:59:42 solver.py:221 ] Epoch: [170/400][100/391] lr: 1.57e-04 | MSE loss: 3.2004e-06 | time: 0.139
I 06.17/08:59:45 solver.py:221 ] Epoch: [170/400][120/391] lr: 1.57e-04 | MSE loss: 3.1953e-06 | time: 0.140
I 06.17/08:59:48 solver.py:221 ] Epoch: [170/400][140/391] lr: 1.57e-04 | MSE loss: 3.0933e-06 | time: 0.142
I 06.17/08:59:51 solver.py:221 ] Epoch: [170/400][160/391] lr: 1.57e-04 | MSE loss: 2.9970e-06 | time: 0.142
I 06.17/08:59:54 solver.py:221 ] Epoch: [170/400][180/391] lr: 1.57e-04 | MSE loss: 2.9367e-06 | time: 0.143
I 06.17/08:59:57 solver.py:221 ] Epoch: [170/400][200/391] lr: 1.57e-04 | MSE loss: 3.0671e-06 | time: 0.144
I 06.17/09:00:00 solver.py:221 ] Epoch: [170/400][220/391] lr: 1.57e-04 | MSE loss: 3.0616e-06 | time: 0.145
I 06.17/09:00:04 solver.py:221 ] Epoch: [170/400][240/391] lr: 1.57e-04 | MSE loss: 3.0316e-06 | time: 0.151
I 06.17/09:00:07 solver.py:221 ] Epoch: [170/400][260/391] lr: 1.57e-04 | MSE loss: 2.9905e-06 | time: 0.151
I 06.17/09:00:11 solver.py:221 ] Epoch: [170/400][280/391] lr: 1.57e-04 | MSE loss: 2.9370e-06 | time: 0.153
I 06.17/09:00:14 solver.py:221 ] Epoch: [170/400][300/391] lr: 1.57e-04 | MSE loss: 2.9693e-06 | time: 0.153
I 06.17/09:00:17 solver.py:221 ] Epoch: [170/400][320/391] lr: 1.57e-04 | MSE loss: 2.9300e-06 | time: 0.153
I 06.17/09:00:20 solver.py:221 ] Epoch: [170/400][340/391] lr: 1.57e-04 | MSE loss: 2.9204e-06 | time: 0.153
I 06.17/09:00:23 solver.py:221 ] Epoch: [170/400][360/391] lr: 1.57e-04 | MSE loss: 2.9044e-06 | time: 0.153
I 06.17/09:00:26 solver.py:221 ] Epoch: [170/400][380/391] lr: 1.57e-04 | MSE loss: 2.9672e-06 | time: 0.152
I 06.17/09:00:27 solver.py:243 ] => Train  Loss: 3.0542e-06

I 06.17/09:00:28 solver.py:221 ] Epoch: [170/400][20/118] lr: 1.57e-04 | MSE loss: 3.8714e-06 | time: 0.044
I 06.17/09:00:29 solver.py:221 ] Epoch: [170/400][40/118] lr: 1.57e-04 | MSE loss: 3.8520e-06 | time: 0.038
I 06.17/09:00:30 solver.py:221 ] Epoch: [170/400][60/118] lr: 1.57e-04 | MSE loss: 3.8766e-06 | time: 0.036
I 06.17/09:00:31 solver.py:221 ] Epoch: [170/400][80/118] lr: 1.57e-04 | MSE loss: 3.8782e-06 | time: 0.037
I 06.17/09:00:31 solver.py:221 ] Epoch: [170/400][100/118] lr: 1.57e-04 | MSE loss: 3.8767e-06 | time: 0.039
I 06.17/09:00:32 solver.py:243 ] => Val  Loss: 3.8792e-06

I 06.17/09:00:33 solver.py:471 ] [20/79] loss: 3.9559e-06 | NMSE: -2.0580e+01 | time: 0.027
I 06.17/09:00:34 solver.py:471 ] [40/79] loss: 3.9151e-06 | NMSE: -2.0628e+01 | time: 0.042
I 06.17/09:00:35 solver.py:471 ] [60/79] loss: 3.9039e-06 | NMSE: -2.0630e+01 | time: 0.046
I 06.17/09:00:36 solver.py:476 ] => Test NMSE: -2.0641e+01

I 06.17/09:00:36 solver.py:337 ] 
=! Best NMSE: -2.2139e+01 (epoch=160)

I 06.17/09:00:39 solver.py:221 ] Epoch: [171/400][20/391] lr: 1.57e-04 | MSE loss: 2.4347e-06 | time: 0.148
I 06.17/09:00:42 solver.py:221 ] Epoch: [171/400][40/391] lr: 1.57e-04 | MSE loss: 2.4436e-06 | time: 0.148
I 06.17/09:00:45 solver.py:221 ] Epoch: [171/400][60/391] lr: 1.57e-04 | MSE loss: 2.4662e-06 | time: 0.148
I 06.17/09:00:48 solver.py:221 ] Epoch: [171/400][80/391] lr: 1.57e-04 | MSE loss: 2.4194e-06 | time: 0.147
I 06.17/09:00:51 solver.py:221 ] Epoch: [171/400][100/391] lr: 1.57e-04 | MSE loss: 2.3960e-06 | time: 0.150
I 06.17/09:00:54 solver.py:221 ] Epoch: [171/400][120/391] lr: 1.57e-04 | MSE loss: 2.4328e-06 | time: 0.150
I 06.17/09:00:57 solver.py:221 ] Epoch: [171/400][140/391] lr: 1.56e-04 | MSE loss: 2.5782e-06 | time: 0.152
I 06.17/09:01:00 solver.py:221 ] Epoch: [171/400][160/391] lr: 1.56e-04 | MSE loss: 2.7360e-06 | time: 0.151
I 06.17/09:01:05 solver.py:221 ] Epoch: [171/400][180/391] lr: 1.56e-04 | MSE loss: 2.6976e-06 | time: 0.163
I 06.17/09:01:08 solver.py:221 ] Epoch: [171/400][200/391] lr: 1.56e-04 | MSE loss: 2.7680e-06 | time: 0.160
I 06.17/09:01:11 solver.py:221 ] Epoch: [171/400][220/391] lr: 1.56e-04 | MSE loss: 2.7774e-06 | time: 0.160
I 06.17/09:01:14 solver.py:221 ] Epoch: [171/400][240/391] lr: 1.56e-04 | MSE loss: 2.7481e-06 | time: 0.158
I 06.17/09:01:17 solver.py:221 ] Epoch: [171/400][260/391] lr: 1.56e-04 | MSE loss: 2.7215e-06 | time: 0.157
I 06.17/09:01:20 solver.py:221 ] Epoch: [171/400][280/391] lr: 1.56e-04 | MSE loss: 2.6964e-06 | time: 0.157
I 06.17/09:01:23 solver.py:221 ] Epoch: [171/400][300/391] lr: 1.56e-04 | MSE loss: 2.7050e-06 | time: 0.156
I 06.17/09:01:26 solver.py:221 ] Epoch: [171/400][320/391] lr: 1.56e-04 | MSE loss: 2.8989e-06 | time: 0.156
I 06.17/09:01:29 solver.py:221 ] Epoch: [171/400][340/391] lr: 1.56e-04 | MSE loss: 2.8911e-06 | time: 0.155
I 06.17/09:01:32 solver.py:221 ] Epoch: [171/400][360/391] lr: 1.56e-04 | MSE loss: 2.8850e-06 | time: 0.155
I 06.17/09:01:35 solver.py:221 ] Epoch: [171/400][380/391] lr: 1.56e-04 | MSE loss: 2.8628e-06 | time: 0.155
I 06.17/09:01:37 solver.py:243 ] => Train  Loss: 2.8467e-06

I 06.17/09:01:37 solver.py:337 ] 
=! Best NMSE: -2.2139e+01 (epoch=160)

I 06.17/09:01:40 solver.py:221 ] Epoch: [172/400][20/391] lr: 1.56e-04 | MSE loss: 2.1453e-06 | time: 0.140
I 06.17/09:01:43 solver.py:221 ] Epoch: [172/400][40/391] lr: 1.56e-04 | MSE loss: 2.2435e-06 | time: 0.148
I 06.17/09:01:46 solver.py:221 ] Epoch: [172/400][60/391] lr: 1.56e-04 | MSE loss: 2.6896e-06 | time: 0.147
I 06.17/09:01:49 solver.py:221 ] Epoch: [172/400][80/391] lr: 1.56e-04 | MSE loss: 2.6183e-06 | time: 0.149
I 06.17/09:01:52 solver.py:221 ] Epoch: [172/400][100/391] lr: 1.56e-04 | MSE loss: 2.6652e-06 | time: 0.149
I 06.17/09:01:55 solver.py:221 ] Epoch: [172/400][120/391] lr: 1.56e-04 | MSE loss: 2.6621e-06 | time: 0.149
I 06.17/09:01:58 solver.py:221 ] Epoch: [172/400][140/391] lr: 1.56e-04 | MSE loss: 2.7255e-06 | time: 0.150
I 06.17/09:02:01 solver.py:221 ] Epoch: [172/400][160/391] lr: 1.56e-04 | MSE loss: 2.8174e-06 | time: 0.149
I 06.17/09:02:05 solver.py:221 ] Epoch: [172/400][180/391] lr: 1.56e-04 | MSE loss: 2.8766e-06 | time: 0.156
I 06.17/09:02:08 solver.py:221 ] Epoch: [172/400][200/391] lr: 1.56e-04 | MSE loss: 2.8538e-06 | time: 0.154
I 06.17/09:02:11 solver.py:221 ] Epoch: [172/400][220/391] lr: 1.56e-04 | MSE loss: 2.8727e-06 | time: 0.154
I 06.17/09:02:14 solver.py:221 ] Epoch: [172/400][240/391] lr: 1.56e-04 | MSE loss: 2.8578e-06 | time: 0.153
I 06.17/09:02:17 solver.py:221 ] Epoch: [172/400][260/391] lr: 1.56e-04 | MSE loss: 2.8120e-06 | time: 0.153
I 06.17/09:02:20 solver.py:221 ] Epoch: [172/400][280/391] lr: 1.56e-04 | MSE loss: 2.7781e-06 | time: 0.152
I 06.17/09:02:23 solver.py:221 ] Epoch: [172/400][300/391] lr: 1.56e-04 | MSE loss: 2.8826e-06 | time: 0.152
I 06.17/09:02:26 solver.py:221 ] Epoch: [172/400][320/391] lr: 1.56e-04 | MSE loss: 2.8562e-06 | time: 0.153
I 06.17/09:02:29 solver.py:221 ] Epoch: [172/400][340/391] lr: 1.56e-04 | MSE loss: 2.8356e-06 | time: 0.153
I 06.17/09:02:32 solver.py:221 ] Epoch: [172/400][360/391] lr: 1.56e-04 | MSE loss: 2.8551e-06 | time: 0.153
I 06.17/09:02:35 solver.py:221 ] Epoch: [172/400][380/391] lr: 1.56e-04 | MSE loss: 2.8281e-06 | time: 0.153
I 06.17/09:02:37 solver.py:243 ] => Train  Loss: 2.8209e-06

I 06.17/09:02:37 solver.py:337 ] 
=! Best NMSE: -2.2139e+01 (epoch=160)

I 06.17/09:02:40 solver.py:221 ] Epoch: [173/400][20/391] lr: 1.55e-04 | MSE loss: 2.6091e-06 | time: 0.139
I 06.17/09:02:43 solver.py:221 ] Epoch: [173/400][40/391] lr: 1.55e-04 | MSE loss: 2.4696e-06 | time: 0.150
I 06.17/09:02:46 solver.py:221 ] Epoch: [173/400][60/391] lr: 1.55e-04 | MSE loss: 2.5811e-06 | time: 0.153
I 06.17/09:02:50 solver.py:221 ] Epoch: [173/400][80/391] lr: 1.55e-04 | MSE loss: 3.0291e-06 | time: 0.153
I 06.17/09:02:53 solver.py:221 ] Epoch: [173/400][100/391] lr: 1.55e-04 | MSE loss: 3.0753e-06 | time: 0.152
I 06.17/09:02:55 solver.py:221 ] Epoch: [173/400][120/391] lr: 1.55e-04 | MSE loss: 2.9418e-06 | time: 0.151
I 06.17/09:02:58 solver.py:221 ] Epoch: [173/400][140/391] lr: 1.55e-04 | MSE loss: 2.8579e-06 | time: 0.151
I 06.17/09:03:01 solver.py:221 ] Epoch: [173/400][160/391] lr: 1.55e-04 | MSE loss: 2.8166e-06 | time: 0.150
I 06.17/09:03:05 solver.py:221 ] Epoch: [173/400][180/391] lr: 1.55e-04 | MSE loss: 2.7862e-06 | time: 0.155
I 06.17/09:03:08 solver.py:221 ] Epoch: [173/400][200/391] lr: 1.55e-04 | MSE loss: 2.8243e-06 | time: 0.153
I 06.17/09:03:11 solver.py:221 ] Epoch: [173/400][220/391] lr: 1.55e-04 | MSE loss: 2.8194e-06 | time: 0.153
I 06.17/09:03:14 solver.py:221 ] Epoch: [173/400][240/391] lr: 1.55e-04 | MSE loss: 2.8610e-06 | time: 0.153
I 06.17/09:03:17 solver.py:221 ] Epoch: [173/400][260/391] lr: 1.55e-04 | MSE loss: 2.9197e-06 | time: 0.152
I 06.17/09:03:20 solver.py:221 ] Epoch: [173/400][280/391] lr: 1.55e-04 | MSE loss: 2.8839e-06 | time: 0.152
I 06.17/09:03:23 solver.py:221 ] Epoch: [173/400][300/391] lr: 1.55e-04 | MSE loss: 2.8485e-06 | time: 0.152
I 06.17/09:03:26 solver.py:221 ] Epoch: [173/400][320/391] lr: 1.55e-04 | MSE loss: 2.8281e-06 | time: 0.153
I 06.17/09:03:29 solver.py:221 ] Epoch: [173/400][340/391] lr: 1.55e-04 | MSE loss: 2.8360e-06 | time: 0.153
I 06.17/09:03:32 solver.py:221 ] Epoch: [173/400][360/391] lr: 1.55e-04 | MSE loss: 2.9338e-06 | time: 0.152
I 06.17/09:03:35 solver.py:221 ] Epoch: [173/400][380/391] lr: 1.55e-04 | MSE loss: 2.9164e-06 | time: 0.152
I 06.17/09:03:37 solver.py:243 ] => Train  Loss: 2.9099e-06

I 06.17/09:03:37 solver.py:337 ] 
=! Best NMSE: -2.2139e+01 (epoch=160)

I 06.17/09:03:40 solver.py:221 ] Epoch: [174/400][20/391] lr: 1.55e-04 | MSE loss: 2.4863e-06 | time: 0.132
I 06.17/09:03:43 solver.py:221 ] Epoch: [174/400][40/391] lr: 1.55e-04 | MSE loss: 2.3845e-06 | time: 0.139
I 06.17/09:03:46 solver.py:221 ] Epoch: [174/400][60/391] lr: 1.55e-04 | MSE loss: 2.3359e-06 | time: 0.141
I 06.17/09:03:49 solver.py:221 ] Epoch: [174/400][80/391] lr: 1.55e-04 | MSE loss: 2.8226e-06 | time: 0.143
I 06.17/09:03:52 solver.py:221 ] Epoch: [174/400][100/391] lr: 1.55e-04 | MSE loss: 2.8196e-06 | time: 0.146
I 06.17/09:03:55 solver.py:221 ] Epoch: [174/400][120/391] lr: 1.55e-04 | MSE loss: 2.7068e-06 | time: 0.150
I 06.17/09:03:58 solver.py:221 ] Epoch: [174/400][140/391] lr: 1.55e-04 | MSE loss: 2.6752e-06 | time: 0.149
I 06.17/09:04:01 solver.py:221 ] Epoch: [174/400][160/391] lr: 1.55e-04 | MSE loss: 2.6993e-06 | time: 0.149
I 06.17/09:04:05 solver.py:221 ] Epoch: [174/400][180/391] lr: 1.55e-04 | MSE loss: 2.7236e-06 | time: 0.157
I 06.17/09:04:08 solver.py:221 ] Epoch: [174/400][200/391] lr: 1.55e-04 | MSE loss: 2.6940e-06 | time: 0.156
I 06.17/09:04:11 solver.py:221 ] Epoch: [174/400][220/391] lr: 1.55e-04 | MSE loss: 2.6576e-06 | time: 0.155
I 06.17/09:04:14 solver.py:221 ] Epoch: [174/400][240/391] lr: 1.55e-04 | MSE loss: 2.7087e-06 | time: 0.155
I 06.17/09:04:17 solver.py:221 ] Epoch: [174/400][260/391] lr: 1.55e-04 | MSE loss: 2.7612e-06 | time: 0.155
I 06.17/09:04:20 solver.py:221 ] Epoch: [174/400][280/391] lr: 1.54e-04 | MSE loss: 2.7310e-06 | time: 0.155
I 06.17/09:04:23 solver.py:221 ] Epoch: [174/400][300/391] lr: 1.54e-04 | MSE loss: 2.6940e-06 | time: 0.154
I 06.17/09:04:26 solver.py:221 ] Epoch: [174/400][320/391] lr: 1.54e-04 | MSE loss: 2.7288e-06 | time: 0.154
I 06.17/09:04:29 solver.py:221 ] Epoch: [174/400][340/391] lr: 1.54e-04 | MSE loss: 2.8165e-06 | time: 0.154
I 06.17/09:04:32 solver.py:221 ] Epoch: [174/400][360/391] lr: 1.54e-04 | MSE loss: 2.7889e-06 | time: 0.154
I 06.17/09:04:36 solver.py:221 ] Epoch: [174/400][380/391] lr: 1.54e-04 | MSE loss: 2.8451e-06 | time: 0.154
I 06.17/09:04:37 solver.py:243 ] => Train  Loss: 2.8420e-06

I 06.17/09:04:37 solver.py:337 ] 
=! Best NMSE: -2.2139e+01 (epoch=160)

I 06.17/09:04:40 solver.py:221 ] Epoch: [175/400][20/391] lr: 1.54e-04 | MSE loss: 2.0975e-06 | time: 0.135
I 06.17/09:04:43 solver.py:221 ] Epoch: [175/400][40/391] lr: 1.54e-04 | MSE loss: 2.0600e-06 | time: 0.143
I 06.17/09:04:47 solver.py:221 ] Epoch: [175/400][60/391] lr: 1.54e-04 | MSE loss: 2.3169e-06 | time: 0.147
I 06.17/09:04:50 solver.py:221 ] Epoch: [175/400][80/391] lr: 1.54e-04 | MSE loss: 2.3359e-06 | time: 0.150
I 06.17/09:04:53 solver.py:221 ] Epoch: [175/400][100/391] lr: 1.54e-04 | MSE loss: 2.3346e-06 | time: 0.151
I 06.17/09:04:56 solver.py:221 ] Epoch: [175/400][120/391] lr: 1.54e-04 | MSE loss: 2.3605e-06 | time: 0.152
I 06.17/09:04:59 solver.py:221 ] Epoch: [175/400][140/391] lr: 1.54e-04 | MSE loss: 2.8097e-06 | time: 0.153
I 06.17/09:05:02 solver.py:221 ] Epoch: [175/400][160/391] lr: 1.54e-04 | MSE loss: 2.7488e-06 | time: 0.153
I 06.17/09:05:05 solver.py:221 ] Epoch: [175/400][180/391] lr: 1.54e-04 | MSE loss: 2.6942e-06 | time: 0.155
I 06.17/09:05:08 solver.py:221 ] Epoch: [175/400][200/391] lr: 1.54e-04 | MSE loss: 2.7313e-06 | time: 0.153
I 06.17/09:05:11 solver.py:221 ] Epoch: [175/400][220/391] lr: 1.54e-04 | MSE loss: 2.7676e-06 | time: 0.153
I 06.17/09:05:14 solver.py:221 ] Epoch: [175/400][240/391] lr: 1.54e-04 | MSE loss: 2.7456e-06 | time: 0.153
I 06.17/09:05:17 solver.py:221 ] Epoch: [175/400][260/391] lr: 1.54e-04 | MSE loss: 2.7221e-06 | time: 0.153
I 06.17/09:05:21 solver.py:221 ] Epoch: [175/400][280/391] lr: 1.54e-04 | MSE loss: 2.7067e-06 | time: 0.153
I 06.17/09:05:24 solver.py:221 ] Epoch: [175/400][300/391] lr: 1.54e-04 | MSE loss: 2.7362e-06 | time: 0.153
I 06.17/09:05:27 solver.py:221 ] Epoch: [175/400][320/391] lr: 1.54e-04 | MSE loss: 2.7470e-06 | time: 0.153
I 06.17/09:05:30 solver.py:221 ] Epoch: [175/400][340/391] lr: 1.54e-04 | MSE loss: 2.7321e-06 | time: 0.153
I 06.17/09:05:33 solver.py:221 ] Epoch: [175/400][360/391] lr: 1.54e-04 | MSE loss: 2.7489e-06 | time: 0.153
I 06.17/09:05:36 solver.py:221 ] Epoch: [175/400][380/391] lr: 1.54e-04 | MSE loss: 2.7700e-06 | time: 0.152
I 06.17/09:05:37 solver.py:243 ] => Train  Loss: 2.7853e-06

I 06.17/09:05:37 solver.py:337 ] 
=! Best NMSE: -2.2139e+01 (epoch=160)

I 06.17/09:05:41 solver.py:221 ] Epoch: [176/400][20/391] lr: 1.54e-04 | MSE loss: 2.8812e-06 | time: 0.150
I 06.17/09:05:44 solver.py:221 ] Epoch: [176/400][40/391] lr: 1.54e-04 | MSE loss: 2.6023e-06 | time: 0.155
I 06.17/09:05:47 solver.py:221 ] Epoch: [176/400][60/391] lr: 1.54e-04 | MSE loss: 2.5134e-06 | time: 0.155
I 06.17/09:05:50 solver.py:221 ] Epoch: [176/400][80/391] lr: 1.54e-04 | MSE loss: 2.5366e-06 | time: 0.153
I 06.17/09:05:53 solver.py:221 ] Epoch: [176/400][100/391] lr: 1.54e-04 | MSE loss: 2.6266e-06 | time: 0.152
I 06.17/09:05:56 solver.py:221 ] Epoch: [176/400][120/391] lr: 1.54e-04 | MSE loss: 2.6111e-06 | time: 0.152
I 06.17/09:05:59 solver.py:221 ] Epoch: [176/400][140/391] lr: 1.53e-04 | MSE loss: 2.5848e-06 | time: 0.151
I 06.17/09:06:03 solver.py:221 ] Epoch: [176/400][160/391] lr: 1.53e-04 | MSE loss: 2.5678e-06 | time: 0.159
I 06.17/09:06:06 solver.py:221 ] Epoch: [176/400][180/391] lr: 1.53e-04 | MSE loss: 2.5375e-06 | time: 0.159
I 06.17/09:06:09 solver.py:221 ] Epoch: [176/400][200/391] lr: 1.53e-04 | MSE loss: 2.5186e-06 | time: 0.158
I 06.17/09:06:12 solver.py:221 ] Epoch: [176/400][220/391] lr: 1.53e-04 | MSE loss: 2.7669e-06 | time: 0.157
I 06.17/09:06:15 solver.py:221 ] Epoch: [176/400][240/391] lr: 1.53e-04 | MSE loss: 2.7857e-06 | time: 0.157
I 06.17/09:06:18 solver.py:221 ] Epoch: [176/400][260/391] lr: 1.53e-04 | MSE loss: 2.7824e-06 | time: 0.157
I 06.17/09:06:22 solver.py:221 ] Epoch: [176/400][280/391] lr: 1.53e-04 | MSE loss: 2.7842e-06 | time: 0.158
I 06.17/09:06:25 solver.py:221 ] Epoch: [176/400][300/391] lr: 1.53e-04 | MSE loss: 2.7543e-06 | time: 0.157
I 06.17/09:06:28 solver.py:221 ] Epoch: [176/400][320/391] lr: 1.53e-04 | MSE loss: 2.7446e-06 | time: 0.157
I 06.17/09:06:31 solver.py:221 ] Epoch: [176/400][340/391] lr: 1.53e-04 | MSE loss: 2.7204e-06 | time: 0.157
I 06.17/09:06:34 solver.py:221 ] Epoch: [176/400][360/391] lr: 1.53e-04 | MSE loss: 2.6980e-06 | time: 0.157
I 06.17/09:06:37 solver.py:221 ] Epoch: [176/400][380/391] lr: 1.53e-04 | MSE loss: 2.7006e-06 | time: 0.156
I 06.17/09:06:39 solver.py:243 ] => Train  Loss: 2.7257e-06

I 06.17/09:06:39 solver.py:337 ] 
=! Best NMSE: -2.2139e+01 (epoch=160)

I 06.17/09:06:42 solver.py:221 ] Epoch: [177/400][20/391] lr: 1.53e-04 | MSE loss: 2.1528e-06 | time: 0.128
I 06.17/09:06:45 solver.py:221 ] Epoch: [177/400][40/391] lr: 1.53e-04 | MSE loss: 2.1496e-06 | time: 0.135
I 06.17/09:06:47 solver.py:221 ] Epoch: [177/400][60/391] lr: 1.53e-04 | MSE loss: 3.2673e-06 | time: 0.138
I 06.17/09:06:50 solver.py:221 ] Epoch: [177/400][80/391] lr: 1.53e-04 | MSE loss: 3.2030e-06 | time: 0.140
I 06.17/09:06:53 solver.py:221 ] Epoch: [177/400][100/391] lr: 1.53e-04 | MSE loss: 3.0331e-06 | time: 0.141
I 06.17/09:06:56 solver.py:221 ] Epoch: [177/400][120/391] lr: 1.53e-04 | MSE loss: 2.9185e-06 | time: 0.143
I 06.17/09:06:59 solver.py:221 ] Epoch: [177/400][140/391] lr: 1.53e-04 | MSE loss: 2.9451e-06 | time: 0.143
I 06.17/09:07:02 solver.py:221 ] Epoch: [177/400][160/391] lr: 1.53e-04 | MSE loss: 2.9419e-06 | time: 0.146
I 06.17/09:07:06 solver.py:221 ] Epoch: [177/400][180/391] lr: 1.53e-04 | MSE loss: 2.8832e-06 | time: 0.148
I 06.17/09:07:09 solver.py:221 ] Epoch: [177/400][200/391] lr: 1.53e-04 | MSE loss: 2.8297e-06 | time: 0.148
I 06.17/09:07:12 solver.py:221 ] Epoch: [177/400][220/391] lr: 1.53e-04 | MSE loss: 2.8538e-06 | time: 0.148
I 06.17/09:07:15 solver.py:221 ] Epoch: [177/400][240/391] lr: 1.53e-04 | MSE loss: 2.8131e-06 | time: 0.149
I 06.17/09:07:18 solver.py:221 ] Epoch: [177/400][260/391] lr: 1.53e-04 | MSE loss: 2.7968e-06 | time: 0.149
I 06.17/09:07:21 solver.py:221 ] Epoch: [177/400][280/391] lr: 1.53e-04 | MSE loss: 2.7851e-06 | time: 0.150
I 06.17/09:07:24 solver.py:221 ] Epoch: [177/400][300/391] lr: 1.53e-04 | MSE loss: 2.7632e-06 | time: 0.150
I 06.17/09:07:27 solver.py:221 ] Epoch: [177/400][320/391] lr: 1.53e-04 | MSE loss: 2.7511e-06 | time: 0.150
I 06.17/09:07:30 solver.py:221 ] Epoch: [177/400][340/391] lr: 1.53e-04 | MSE loss: 2.7925e-06 | time: 0.150
I 06.17/09:07:33 solver.py:221 ] Epoch: [177/400][360/391] lr: 1.53e-04 | MSE loss: 2.7811e-06 | time: 0.150
I 06.17/09:07:36 solver.py:221 ] Epoch: [177/400][380/391] lr: 1.53e-04 | MSE loss: 2.8142e-06 | time: 0.149
I 06.17/09:07:38 solver.py:243 ] => Train  Loss: 2.7973e-06

I 06.17/09:07:38 solver.py:337 ] 
=! Best NMSE: -2.2139e+01 (epoch=160)

I 06.17/09:07:41 solver.py:221 ] Epoch: [178/400][20/391] lr: 1.52e-04 | MSE loss: 2.6341e-06 | time: 0.140
I 06.17/09:07:44 solver.py:221 ] Epoch: [178/400][40/391] lr: 1.52e-04 | MSE loss: 2.3630e-06 | time: 0.143
I 06.17/09:07:47 solver.py:221 ] Epoch: [178/400][60/391] lr: 1.52e-04 | MSE loss: 2.5704e-06 | time: 0.145
I 06.17/09:07:50 solver.py:221 ] Epoch: [178/400][80/391] lr: 1.52e-04 | MSE loss: 2.4580e-06 | time: 0.145
I 06.17/09:07:53 solver.py:221 ] Epoch: [178/400][100/391] lr: 1.52e-04 | MSE loss: 2.4859e-06 | time: 0.146
I 06.17/09:07:56 solver.py:221 ] Epoch: [178/400][120/391] lr: 1.52e-04 | MSE loss: 2.5792e-06 | time: 0.147
I 06.17/09:07:59 solver.py:221 ] Epoch: [178/400][140/391] lr: 1.52e-04 | MSE loss: 2.5698e-06 | time: 0.147
I 06.17/09:08:02 solver.py:221 ] Epoch: [178/400][160/391] lr: 1.52e-04 | MSE loss: 2.5839e-06 | time: 0.148
I 06.17/09:08:06 solver.py:221 ] Epoch: [178/400][180/391] lr: 1.52e-04 | MSE loss: 2.5910e-06 | time: 0.153
I 06.17/09:08:09 solver.py:221 ] Epoch: [178/400][200/391] lr: 1.52e-04 | MSE loss: 2.6939e-06 | time: 0.152
I 06.17/09:08:12 solver.py:221 ] Epoch: [178/400][220/391] lr: 1.52e-04 | MSE loss: 2.7278e-06 | time: 0.152
I 06.17/09:08:15 solver.py:221 ] Epoch: [178/400][240/391] lr: 1.52e-04 | MSE loss: 2.7710e-06 | time: 0.152
I 06.17/09:08:18 solver.py:221 ] Epoch: [178/400][260/391] lr: 1.52e-04 | MSE loss: 2.7234e-06 | time: 0.153
I 06.17/09:08:21 solver.py:221 ] Epoch: [178/400][280/391] lr: 1.52e-04 | MSE loss: 2.6991e-06 | time: 0.153
I 06.17/09:08:24 solver.py:221 ] Epoch: [178/400][300/391] lr: 1.52e-04 | MSE loss: 2.6818e-06 | time: 0.152
I 06.17/09:08:27 solver.py:221 ] Epoch: [178/400][320/391] lr: 1.52e-04 | MSE loss: 2.6921e-06 | time: 0.152
I 06.17/09:08:30 solver.py:221 ] Epoch: [178/400][340/391] lr: 1.52e-04 | MSE loss: 2.6935e-06 | time: 0.152
I 06.17/09:08:33 solver.py:221 ] Epoch: [178/400][360/391] lr: 1.52e-04 | MSE loss: 2.7085e-06 | time: 0.152
I 06.17/09:08:36 solver.py:221 ] Epoch: [178/400][380/391] lr: 1.52e-04 | MSE loss: 2.7141e-06 | time: 0.152
I 06.17/09:08:37 solver.py:243 ] => Train  Loss: 2.7071e-06

I 06.17/09:08:37 solver.py:337 ] 
=! Best NMSE: -2.2139e+01 (epoch=160)

I 06.17/09:08:41 solver.py:221 ] Epoch: [179/400][20/391] lr: 1.52e-04 | MSE loss: 2.2836e-06 | time: 0.146
I 06.17/09:08:44 solver.py:221 ] Epoch: [179/400][40/391] lr: 1.52e-04 | MSE loss: 2.4558e-06 | time: 0.147
I 06.17/09:08:47 solver.py:221 ] Epoch: [179/400][60/391] lr: 1.52e-04 | MSE loss: 2.4998e-06 | time: 0.147
I 06.17/09:08:49 solver.py:221 ] Epoch: [179/400][80/391] lr: 1.52e-04 | MSE loss: 2.7121e-06 | time: 0.147
I 06.17/09:08:52 solver.py:221 ] Epoch: [179/400][100/391] lr: 1.52e-04 | MSE loss: 2.6578e-06 | time: 0.147
I 06.17/09:08:55 solver.py:221 ] Epoch: [179/400][120/391] lr: 1.52e-04 | MSE loss: 2.6495e-06 | time: 0.147
I 06.17/09:08:58 solver.py:221 ] Epoch: [179/400][140/391] lr: 1.52e-04 | MSE loss: 2.6534e-06 | time: 0.147
I 06.17/09:09:01 solver.py:221 ] Epoch: [179/400][160/391] lr: 1.52e-04 | MSE loss: 2.7945e-06 | time: 0.148
I 06.17/09:09:05 solver.py:221 ] Epoch: [179/400][180/391] lr: 1.52e-04 | MSE loss: 2.7339e-06 | time: 0.152
I 06.17/09:09:08 solver.py:221 ] Epoch: [179/400][200/391] lr: 1.52e-04 | MSE loss: 2.6932e-06 | time: 0.150
I 06.17/09:09:11 solver.py:221 ] Epoch: [179/400][220/391] lr: 1.52e-04 | MSE loss: 2.6480e-06 | time: 0.150
I 06.17/09:09:14 solver.py:221 ] Epoch: [179/400][240/391] lr: 1.52e-04 | MSE loss: 2.6449e-06 | time: 0.149
I 06.17/09:09:17 solver.py:221 ] Epoch: [179/400][260/391] lr: 1.51e-04 | MSE loss: 2.8084e-06 | time: 0.150
I 06.17/09:09:20 solver.py:221 ] Epoch: [179/400][280/391] lr: 1.51e-04 | MSE loss: 2.7909e-06 | time: 0.153
I 06.17/09:09:24 solver.py:221 ] Epoch: [179/400][300/391] lr: 1.51e-04 | MSE loss: 2.7577e-06 | time: 0.153
I 06.17/09:09:27 solver.py:221 ] Epoch: [179/400][320/391] lr: 1.51e-04 | MSE loss: 2.7438e-06 | time: 0.152
I 06.17/09:09:30 solver.py:221 ] Epoch: [179/400][340/391] lr: 1.51e-04 | MSE loss: 2.7145e-06 | time: 0.152
I 06.17/09:09:33 solver.py:221 ] Epoch: [179/400][360/391] lr: 1.51e-04 | MSE loss: 2.6883e-06 | time: 0.152
I 06.17/09:09:36 solver.py:221 ] Epoch: [179/400][380/391] lr: 1.51e-04 | MSE loss: 2.6815e-06 | time: 0.153
I 06.17/09:09:37 solver.py:243 ] => Train  Loss: 2.6701e-06

I 06.17/09:09:38 solver.py:337 ] 
=! Best NMSE: -2.2139e+01 (epoch=160)

I 06.17/09:09:41 solver.py:221 ] Epoch: [180/400][20/391] lr: 1.51e-04 | MSE loss: 2.8551e-06 | time: 0.155
I 06.17/09:09:44 solver.py:221 ] Epoch: [180/400][40/391] lr: 1.51e-04 | MSE loss: 2.8665e-06 | time: 0.156
I 06.17/09:09:47 solver.py:221 ] Epoch: [180/400][60/391] lr: 1.51e-04 | MSE loss: 3.4538e-06 | time: 0.154
I 06.17/09:09:50 solver.py:221 ] Epoch: [180/400][80/391] lr: 1.51e-04 | MSE loss: 3.3185e-06 | time: 0.154
I 06.17/09:09:53 solver.py:221 ] Epoch: [180/400][100/391] lr: 1.51e-04 | MSE loss: 3.1253e-06 | time: 0.153
I 06.17/09:09:56 solver.py:221 ] Epoch: [180/400][120/391] lr: 1.51e-04 | MSE loss: 2.9523e-06 | time: 0.153
I 06.17/09:09:59 solver.py:221 ] Epoch: [180/400][140/391] lr: 1.51e-04 | MSE loss: 2.8387e-06 | time: 0.153
I 06.17/09:10:04 solver.py:221 ] Epoch: [180/400][160/391] lr: 1.51e-04 | MSE loss: 2.8805e-06 | time: 0.164
I 06.17/09:10:07 solver.py:221 ] Epoch: [180/400][180/391] lr: 1.51e-04 | MSE loss: 2.9463e-06 | time: 0.163
I 06.17/09:10:10 solver.py:221 ] Epoch: [180/400][200/391] lr: 1.51e-04 | MSE loss: 2.9037e-06 | time: 0.162
I 06.17/09:10:14 solver.py:221 ] Epoch: [180/400][220/391] lr: 1.51e-04 | MSE loss: 2.8771e-06 | time: 0.162
I 06.17/09:10:17 solver.py:221 ] Epoch: [180/400][240/391] lr: 1.51e-04 | MSE loss: 2.8056e-06 | time: 0.161
I 06.17/09:10:20 solver.py:221 ] Epoch: [180/400][260/391] lr: 1.51e-04 | MSE loss: 2.7493e-06 | time: 0.160
I 06.17/09:10:23 solver.py:221 ] Epoch: [180/400][280/391] lr: 1.51e-04 | MSE loss: 2.7510e-06 | time: 0.160
I 06.17/09:10:26 solver.py:221 ] Epoch: [180/400][300/391] lr: 1.51e-04 | MSE loss: 2.7310e-06 | time: 0.159
I 06.17/09:10:29 solver.py:221 ] Epoch: [180/400][320/391] lr: 1.51e-04 | MSE loss: 2.7286e-06 | time: 0.159
I 06.17/09:10:32 solver.py:221 ] Epoch: [180/400][340/391] lr: 1.51e-04 | MSE loss: 2.7444e-06 | time: 0.159
I 06.17/09:10:35 solver.py:221 ] Epoch: [180/400][360/391] lr: 1.51e-04 | MSE loss: 2.7432e-06 | time: 0.159
I 06.17/09:10:38 solver.py:221 ] Epoch: [180/400][380/391] lr: 1.51e-04 | MSE loss: 2.7154e-06 | time: 0.158
I 06.17/09:10:40 solver.py:243 ] => Train  Loss: 2.7130e-06

I 06.17/09:10:41 solver.py:221 ] Epoch: [180/400][20/118] lr: 1.51e-04 | MSE loss: 8.6071e-06 | time: 0.046
I 06.17/09:10:42 solver.py:221 ] Epoch: [180/400][40/118] lr: 1.51e-04 | MSE loss: 8.5857e-06 | time: 0.048
I 06.17/09:10:43 solver.py:221 ] Epoch: [180/400][60/118] lr: 1.51e-04 | MSE loss: 8.6101e-06 | time: 0.048
I 06.17/09:10:44 solver.py:221 ] Epoch: [180/400][80/118] lr: 1.51e-04 | MSE loss: 8.6136e-06 | time: 0.048
I 06.17/09:10:45 solver.py:221 ] Epoch: [180/400][100/118] lr: 1.51e-04 | MSE loss: 8.6118e-06 | time: 0.048
I 06.17/09:10:45 solver.py:243 ] => Val  Loss: 8.6132e-06

I 06.17/09:10:46 solver.py:471 ] [20/79] loss: 8.6921e-06 | NMSE: -1.7161e+01 | time: 0.046
I 06.17/09:10:47 solver.py:471 ] [40/79] loss: 8.6511e-06 | NMSE: -1.7184e+01 | time: 0.036
I 06.17/09:10:48 solver.py:471 ] [60/79] loss: 8.6409e-06 | NMSE: -1.7179e+01 | time: 0.039
I 06.17/09:10:49 solver.py:476 ] => Test NMSE: -1.7188e+01

I 06.17/09:10:49 solver.py:337 ] 
=! Best NMSE: -2.2139e+01 (epoch=160)

I 06.17/09:10:52 solver.py:221 ] Epoch: [181/400][20/391] lr: 1.51e-04 | MSE loss: 4.7390e-06 | time: 0.163
I 06.17/09:10:55 solver.py:221 ] Epoch: [181/400][40/391] lr: 1.51e-04 | MSE loss: 3.7499e-06 | time: 0.154
I 06.17/09:10:58 solver.py:221 ] Epoch: [181/400][60/391] lr: 1.51e-04 | MSE loss: 3.2217e-06 | time: 0.153
I 06.17/09:11:01 solver.py:221 ] Epoch: [181/400][80/391] lr: 1.51e-04 | MSE loss: 2.9175e-06 | time: 0.152
I 06.17/09:11:05 solver.py:221 ] Epoch: [181/400][100/391] lr: 1.50e-04 | MSE loss: 2.7668e-06 | time: 0.163
I 06.17/09:11:08 solver.py:221 ] Epoch: [181/400][120/391] lr: 1.50e-04 | MSE loss: 2.6989e-06 | time: 0.158
I 06.17/09:11:11 solver.py:221 ] Epoch: [181/400][140/391] lr: 1.50e-04 | MSE loss: 2.7108e-06 | time: 0.155
I 06.17/09:11:13 solver.py:221 ] Epoch: [181/400][160/391] lr: 1.50e-04 | MSE loss: 2.7420e-06 | time: 0.152
I 06.17/09:11:16 solver.py:221 ] Epoch: [181/400][180/391] lr: 1.50e-04 | MSE loss: 2.7649e-06 | time: 0.149
I 06.17/09:11:19 solver.py:221 ] Epoch: [181/400][200/391] lr: 1.50e-04 | MSE loss: 2.7589e-06 | time: 0.149
I 06.17/09:11:21 solver.py:221 ] Epoch: [181/400][220/391] lr: 1.50e-04 | MSE loss: 2.7133e-06 | time: 0.148
I 06.17/09:11:24 solver.py:221 ] Epoch: [181/400][240/391] lr: 1.50e-04 | MSE loss: 2.6935e-06 | time: 0.148
I 06.17/09:11:28 solver.py:221 ] Epoch: [181/400][260/391] lr: 1.50e-04 | MSE loss: 2.6721e-06 | time: 0.149
I 06.17/09:11:31 solver.py:221 ] Epoch: [181/400][280/391] lr: 1.50e-04 | MSE loss: 2.7233e-06 | time: 0.149
I 06.17/09:11:34 solver.py:221 ] Epoch: [181/400][300/391] lr: 1.50e-04 | MSE loss: 2.6773e-06 | time: 0.150
I 06.17/09:11:37 solver.py:221 ] Epoch: [181/400][320/391] lr: 1.50e-04 | MSE loss: 2.6530e-06 | time: 0.150
I 06.17/09:11:40 solver.py:221 ] Epoch: [181/400][340/391] lr: 1.50e-04 | MSE loss: 2.6675e-06 | time: 0.150
I 06.17/09:11:43 solver.py:221 ] Epoch: [181/400][360/391] lr: 1.50e-04 | MSE loss: 2.7048e-06 | time: 0.150
I 06.17/09:11:46 solver.py:221 ] Epoch: [181/400][380/391] lr: 1.50e-04 | MSE loss: 2.6821e-06 | time: 0.149
I 06.17/09:11:47 solver.py:243 ] => Train  Loss: 2.7035e-06

I 06.17/09:11:47 solver.py:337 ] 
=! Best NMSE: -2.2139e+01 (epoch=160)

I 06.17/09:11:50 solver.py:221 ] Epoch: [182/400][20/391] lr: 1.50e-04 | MSE loss: 2.4738e-06 | time: 0.135
I 06.17/09:11:53 solver.py:221 ] Epoch: [182/400][40/391] lr: 1.50e-04 | MSE loss: 2.2947e-06 | time: 0.142
I 06.17/09:11:56 solver.py:221 ] Epoch: [182/400][60/391] lr: 1.50e-04 | MSE loss: 2.3784e-06 | time: 0.144
I 06.17/09:11:59 solver.py:221 ] Epoch: [182/400][80/391] lr: 1.50e-04 | MSE loss: 2.7493e-06 | time: 0.145
I 06.17/09:12:02 solver.py:221 ] Epoch: [182/400][100/391] lr: 1.50e-04 | MSE loss: 2.7354e-06 | time: 0.149
I 06.17/09:12:06 solver.py:221 ] Epoch: [182/400][120/391] lr: 1.50e-04 | MSE loss: 2.6690e-06 | time: 0.156
I 06.17/09:12:09 solver.py:221 ] Epoch: [182/400][140/391] lr: 1.50e-04 | MSE loss: 2.7136e-06 | time: 0.155
I 06.17/09:12:12 solver.py:221 ] Epoch: [182/400][160/391] lr: 1.50e-04 | MSE loss: 2.7070e-06 | time: 0.154
I 06.17/09:12:15 solver.py:221 ] Epoch: [182/400][180/391] lr: 1.50e-04 | MSE loss: 2.6559e-06 | time: 0.154
I 06.17/09:12:18 solver.py:221 ] Epoch: [182/400][200/391] lr: 1.50e-04 | MSE loss: 2.6181e-06 | time: 0.155
I 06.17/09:12:22 solver.py:221 ] Epoch: [182/400][220/391] lr: 1.50e-04 | MSE loss: 2.6024e-06 | time: 0.155
I 06.17/09:12:25 solver.py:221 ] Epoch: [182/400][240/391] lr: 1.50e-04 | MSE loss: 2.6117e-06 | time: 0.155
I 06.17/09:12:28 solver.py:221 ] Epoch: [182/400][260/391] lr: 1.50e-04 | MSE loss: 2.6953e-06 | time: 0.155
I 06.17/09:12:31 solver.py:221 ] Epoch: [182/400][280/391] lr: 1.50e-04 | MSE loss: 2.6798e-06 | time: 0.156
I 06.17/09:12:34 solver.py:221 ] Epoch: [182/400][300/391] lr: 1.50e-04 | MSE loss: 2.6765e-06 | time: 0.155
I 06.17/09:12:37 solver.py:221 ] Epoch: [182/400][320/391] lr: 1.50e-04 | MSE loss: 2.6582e-06 | time: 0.155
I 06.17/09:12:40 solver.py:221 ] Epoch: [182/400][340/391] lr: 1.49e-04 | MSE loss: 2.6265e-06 | time: 0.154
I 06.17/09:12:43 solver.py:221 ] Epoch: [182/400][360/391] lr: 1.49e-04 | MSE loss: 2.6013e-06 | time: 0.154
I 06.17/09:12:46 solver.py:221 ] Epoch: [182/400][380/391] lr: 1.49e-04 | MSE loss: 2.6334e-06 | time: 0.153
I 06.17/09:12:48 solver.py:243 ] => Train  Loss: 2.6196e-06

I 06.17/09:12:48 solver.py:337 ] 
=! Best NMSE: -2.2139e+01 (epoch=160)

I 06.17/09:12:51 solver.py:221 ] Epoch: [183/400][20/391] lr: 1.49e-04 | MSE loss: 2.5354e-06 | time: 0.134
I 06.17/09:12:54 solver.py:221 ] Epoch: [183/400][40/391] lr: 1.49e-04 | MSE loss: 3.1305e-06 | time: 0.140
I 06.17/09:12:57 solver.py:221 ] Epoch: [183/400][60/391] lr: 1.49e-04 | MSE loss: 3.1145e-06 | time: 0.143
I 06.17/09:13:00 solver.py:221 ] Epoch: [183/400][80/391] lr: 1.49e-04 | MSE loss: 3.0794e-06 | time: 0.144
I 06.17/09:13:03 solver.py:221 ] Epoch: [183/400][100/391] lr: 1.49e-04 | MSE loss: 2.9690e-06 | time: 0.151
I 06.17/09:13:06 solver.py:221 ] Epoch: [183/400][120/391] lr: 1.49e-04 | MSE loss: 2.8331e-06 | time: 0.153
I 06.17/09:13:09 solver.py:221 ] Epoch: [183/400][140/391] lr: 1.49e-04 | MSE loss: 2.7344e-06 | time: 0.153
I 06.17/09:13:12 solver.py:221 ] Epoch: [183/400][160/391] lr: 1.49e-04 | MSE loss: 2.6823e-06 | time: 0.152
I 06.17/09:13:15 solver.py:221 ] Epoch: [183/400][180/391] lr: 1.49e-04 | MSE loss: 2.6796e-06 | time: 0.152
I 06.17/09:13:18 solver.py:221 ] Epoch: [183/400][200/391] lr: 1.49e-04 | MSE loss: 2.6775e-06 | time: 0.152
I 06.17/09:13:21 solver.py:221 ] Epoch: [183/400][220/391] lr: 1.49e-04 | MSE loss: 2.6660e-06 | time: 0.152
I 06.17/09:13:24 solver.py:221 ] Epoch: [183/400][240/391] lr: 1.49e-04 | MSE loss: 2.6123e-06 | time: 0.152
I 06.17/09:13:28 solver.py:221 ] Epoch: [183/400][260/391] lr: 1.49e-04 | MSE loss: 2.6366e-06 | time: 0.152
I 06.17/09:13:31 solver.py:221 ] Epoch: [183/400][280/391] lr: 1.49e-04 | MSE loss: 2.6925e-06 | time: 0.152
I 06.17/09:13:34 solver.py:221 ] Epoch: [183/400][300/391] lr: 1.49e-04 | MSE loss: 2.6673e-06 | time: 0.153
I 06.17/09:13:37 solver.py:221 ] Epoch: [183/400][320/391] lr: 1.49e-04 | MSE loss: 2.6750e-06 | time: 0.153
I 06.17/09:13:40 solver.py:221 ] Epoch: [183/400][340/391] lr: 1.49e-04 | MSE loss: 2.6932e-06 | time: 0.153
I 06.17/09:13:43 solver.py:221 ] Epoch: [183/400][360/391] lr: 1.49e-04 | MSE loss: 2.6655e-06 | time: 0.153
I 06.17/09:13:46 solver.py:221 ] Epoch: [183/400][380/391] lr: 1.49e-04 | MSE loss: 2.6507e-06 | time: 0.152
I 06.17/09:13:47 solver.py:243 ] => Train  Loss: 2.6399e-06

I 06.17/09:13:48 solver.py:337 ] 
=! Best NMSE: -2.2139e+01 (epoch=160)

I 06.17/09:13:51 solver.py:221 ] Epoch: [184/400][20/391] lr: 1.49e-04 | MSE loss: 2.5945e-06 | time: 0.137
I 06.17/09:13:54 solver.py:221 ] Epoch: [184/400][40/391] lr: 1.49e-04 | MSE loss: 2.8441e-06 | time: 0.142
I 06.17/09:13:57 solver.py:221 ] Epoch: [184/400][60/391] lr: 1.49e-04 | MSE loss: 2.8678e-06 | time: 0.145
I 06.17/09:14:00 solver.py:221 ] Epoch: [184/400][80/391] lr: 1.49e-04 | MSE loss: 2.7561e-06 | time: 0.149
I 06.17/09:14:04 solver.py:221 ] Epoch: [184/400][100/391] lr: 1.49e-04 | MSE loss: 2.7364e-06 | time: 0.162
I 06.17/09:14:07 solver.py:221 ] Epoch: [184/400][120/391] lr: 1.49e-04 | MSE loss: 2.7634e-06 | time: 0.162
I 06.17/09:14:10 solver.py:221 ] Epoch: [184/400][140/391] lr: 1.49e-04 | MSE loss: 2.7028e-06 | time: 0.160
I 06.17/09:14:13 solver.py:221 ] Epoch: [184/400][160/391] lr: 1.49e-04 | MSE loss: 2.6997e-06 | time: 0.159
I 06.17/09:14:17 solver.py:221 ] Epoch: [184/400][180/391] lr: 1.49e-04 | MSE loss: 2.6924e-06 | time: 0.161
I 06.17/09:14:20 solver.py:221 ] Epoch: [184/400][200/391] lr: 1.48e-04 | MSE loss: 2.6335e-06 | time: 0.160
I 06.17/09:14:23 solver.py:221 ] Epoch: [184/400][220/391] lr: 1.48e-04 | MSE loss: 2.5883e-06 | time: 0.161
I 06.17/09:14:26 solver.py:221 ] Epoch: [184/400][240/391] lr: 1.48e-04 | MSE loss: 2.6067e-06 | time: 0.160
I 06.17/09:14:29 solver.py:221 ] Epoch: [184/400][260/391] lr: 1.48e-04 | MSE loss: 2.6942e-06 | time: 0.159
I 06.17/09:14:32 solver.py:221 ] Epoch: [184/400][280/391] lr: 1.48e-04 | MSE loss: 2.6958e-06 | time: 0.159
I 06.17/09:14:35 solver.py:221 ] Epoch: [184/400][300/391] lr: 1.48e-04 | MSE loss: 2.6650e-06 | time: 0.158
I 06.17/09:14:39 solver.py:221 ] Epoch: [184/400][320/391] lr: 1.48e-04 | MSE loss: 2.6274e-06 | time: 0.158
I 06.17/09:14:42 solver.py:221 ] Epoch: [184/400][340/391] lr: 1.48e-04 | MSE loss: 2.5989e-06 | time: 0.158
I 06.17/09:14:45 solver.py:221 ] Epoch: [184/400][360/391] lr: 1.48e-04 | MSE loss: 2.6991e-06 | time: 0.158
I 06.17/09:14:48 solver.py:221 ] Epoch: [184/400][380/391] lr: 1.48e-04 | MSE loss: 2.6899e-06 | time: 0.157
I 06.17/09:14:49 solver.py:243 ] => Train  Loss: 2.6716e-06

I 06.17/09:14:49 solver.py:337 ] 
=! Best NMSE: -2.2139e+01 (epoch=160)

I 06.17/09:14:53 solver.py:221 ] Epoch: [185/400][20/391] lr: 1.48e-04 | MSE loss: 2.3796e-06 | time: 0.148
I 06.17/09:14:56 solver.py:221 ] Epoch: [185/400][40/391] lr: 1.48e-04 | MSE loss: 2.2631e-06 | time: 0.147
I 06.17/09:14:59 solver.py:221 ] Epoch: [185/400][60/391] lr: 1.48e-04 | MSE loss: 2.2289e-06 | time: 0.150
I 06.17/09:15:02 solver.py:221 ] Epoch: [185/400][80/391] lr: 1.48e-04 | MSE loss: 2.3049e-06 | time: 0.155
I 06.17/09:15:06 solver.py:221 ] Epoch: [185/400][100/391] lr: 1.48e-04 | MSE loss: 2.4116e-06 | time: 0.166
I 06.17/09:15:09 solver.py:221 ] Epoch: [185/400][120/391] lr: 1.48e-04 | MSE loss: 2.4975e-06 | time: 0.164
I 06.17/09:15:13 solver.py:221 ] Epoch: [185/400][140/391] lr: 1.48e-04 | MSE loss: 2.4789e-06 | time: 0.163
I 06.17/09:15:16 solver.py:221 ] Epoch: [185/400][160/391] lr: 1.48e-04 | MSE loss: 2.4657e-06 | time: 0.162
I 06.17/09:15:18 solver.py:221 ] Epoch: [185/400][180/391] lr: 1.48e-04 | MSE loss: 2.4765e-06 | time: 0.160
I 06.17/09:15:21 solver.py:221 ] Epoch: [185/400][200/391] lr: 1.48e-04 | MSE loss: 2.4351e-06 | time: 0.159
I 06.17/09:15:24 solver.py:221 ] Epoch: [185/400][220/391] lr: 1.48e-04 | MSE loss: 2.4254e-06 | time: 0.158
I 06.17/09:15:27 solver.py:221 ] Epoch: [185/400][240/391] lr: 1.48e-04 | MSE loss: 2.6267e-06 | time: 0.157
I 06.17/09:15:30 solver.py:221 ] Epoch: [185/400][260/391] lr: 1.48e-04 | MSE loss: 2.6780e-06 | time: 0.157
I 06.17/09:15:33 solver.py:221 ] Epoch: [185/400][280/391] lr: 1.48e-04 | MSE loss: 2.6368e-06 | time: 0.157
I 06.17/09:15:37 solver.py:221 ] Epoch: [185/400][300/391] lr: 1.48e-04 | MSE loss: 2.6155e-06 | time: 0.156
I 06.17/09:15:40 solver.py:221 ] Epoch: [185/400][320/391] lr: 1.48e-04 | MSE loss: 2.6245e-06 | time: 0.156
I 06.17/09:15:43 solver.py:221 ] Epoch: [185/400][340/391] lr: 1.48e-04 | MSE loss: 2.6227e-06 | time: 0.156
I 06.17/09:15:46 solver.py:221 ] Epoch: [185/400][360/391] lr: 1.48e-04 | MSE loss: 2.6145e-06 | time: 0.157
I 06.17/09:15:49 solver.py:221 ] Epoch: [185/400][380/391] lr: 1.48e-04 | MSE loss: 2.6059e-06 | time: 0.156
I 06.17/09:15:50 solver.py:243 ] => Train  Loss: 2.5972e-06

I 06.17/09:15:51 solver.py:337 ] 
=! Best NMSE: -2.2139e+01 (epoch=160)

I 06.17/09:15:54 solver.py:221 ] Epoch: [186/400][20/391] lr: 1.48e-04 | MSE loss: 2.4423e-06 | time: 0.152
I 06.17/09:15:57 solver.py:221 ] Epoch: [186/400][40/391] lr: 1.47e-04 | MSE loss: 2.4650e-06 | time: 0.149
I 06.17/09:16:00 solver.py:221 ] Epoch: [186/400][60/391] lr: 1.47e-04 | MSE loss: 2.3354e-06 | time: 0.149
I 06.17/09:16:03 solver.py:221 ] Epoch: [186/400][80/391] lr: 1.47e-04 | MSE loss: 2.2219e-06 | time: 0.156
I 06.17/09:16:07 solver.py:221 ] Epoch: [186/400][100/391] lr: 1.47e-04 | MSE loss: 2.2753e-06 | time: 0.160
I 06.17/09:16:10 solver.py:221 ] Epoch: [186/400][120/391] lr: 1.47e-04 | MSE loss: 2.3373e-06 | time: 0.158
I 06.17/09:16:13 solver.py:221 ] Epoch: [186/400][140/391] lr: 1.47e-04 | MSE loss: 2.3069e-06 | time: 0.157
I 06.17/09:16:16 solver.py:221 ] Epoch: [186/400][160/391] lr: 1.47e-04 | MSE loss: 2.4603e-06 | time: 0.156
I 06.17/09:16:19 solver.py:221 ] Epoch: [186/400][180/391] lr: 1.47e-04 | MSE loss: 2.4899e-06 | time: 0.156
I 06.17/09:16:22 solver.py:221 ] Epoch: [186/400][200/391] lr: 1.47e-04 | MSE loss: 2.4440e-06 | time: 0.157
I 06.17/09:16:26 solver.py:221 ] Epoch: [186/400][220/391] lr: 1.47e-04 | MSE loss: 2.4745e-06 | time: 0.157
I 06.17/09:16:29 solver.py:221 ] Epoch: [186/400][240/391] lr: 1.47e-04 | MSE loss: 2.5058e-06 | time: 0.157
I 06.17/09:16:32 solver.py:221 ] Epoch: [186/400][260/391] lr: 1.47e-04 | MSE loss: 2.5201e-06 | time: 0.156
I 06.17/09:16:34 solver.py:221 ] Epoch: [186/400][280/391] lr: 1.47e-04 | MSE loss: 2.5129e-06 | time: 0.155
I 06.17/09:16:37 solver.py:221 ] Epoch: [186/400][300/391] lr: 1.47e-04 | MSE loss: 2.5172e-06 | time: 0.155
I 06.17/09:16:41 solver.py:221 ] Epoch: [186/400][320/391] lr: 1.47e-04 | MSE loss: 2.5187e-06 | time: 0.155
I 06.17/09:16:44 solver.py:221 ] Epoch: [186/400][340/391] lr: 1.47e-04 | MSE loss: 2.5072e-06 | time: 0.155
I 06.17/09:16:47 solver.py:221 ] Epoch: [186/400][360/391] lr: 1.47e-04 | MSE loss: 2.5154e-06 | time: 0.155
I 06.17/09:16:50 solver.py:221 ] Epoch: [186/400][380/391] lr: 1.47e-04 | MSE loss: 2.5313e-06 | time: 0.155
I 06.17/09:16:51 solver.py:243 ] => Train  Loss: 2.5229e-06

I 06.17/09:16:51 solver.py:337 ] 
=! Best NMSE: -2.2139e+01 (epoch=160)

I 06.17/09:16:54 solver.py:221 ] Epoch: [187/400][20/391] lr: 1.47e-04 | MSE loss: 2.2838e-06 | time: 0.132
I 06.17/09:16:57 solver.py:221 ] Epoch: [187/400][40/391] lr: 1.47e-04 | MSE loss: 2.3175e-06 | time: 0.139
I 06.17/09:17:00 solver.py:221 ] Epoch: [187/400][60/391] lr: 1.47e-04 | MSE loss: 2.5145e-06 | time: 0.142
I 06.17/09:17:04 solver.py:221 ] Epoch: [187/400][80/391] lr: 1.47e-04 | MSE loss: 2.8167e-06 | time: 0.160
I 06.17/09:17:07 solver.py:221 ] Epoch: [187/400][100/391] lr: 1.47e-04 | MSE loss: 2.6951e-06 | time: 0.154
I 06.17/09:17:10 solver.py:221 ] Epoch: [187/400][120/391] lr: 1.47e-04 | MSE loss: 2.5977e-06 | time: 0.153
I 06.17/09:17:13 solver.py:221 ] Epoch: [187/400][140/391] lr: 1.47e-04 | MSE loss: 2.5309e-06 | time: 0.154
I 06.17/09:17:16 solver.py:221 ] Epoch: [187/400][160/391] lr: 1.47e-04 | MSE loss: 2.4762e-06 | time: 0.154
I 06.17/09:17:19 solver.py:221 ] Epoch: [187/400][180/391] lr: 1.47e-04 | MSE loss: 2.5597e-06 | time: 0.153
I 06.17/09:17:22 solver.py:221 ] Epoch: [187/400][200/391] lr: 1.47e-04 | MSE loss: 2.5844e-06 | time: 0.153
I 06.17/09:17:25 solver.py:221 ] Epoch: [187/400][220/391] lr: 1.47e-04 | MSE loss: 2.5626e-06 | time: 0.152
I 06.17/09:17:28 solver.py:221 ] Epoch: [187/400][240/391] lr: 1.47e-04 | MSE loss: 2.5429e-06 | time: 0.152
I 06.17/09:17:31 solver.py:221 ] Epoch: [187/400][260/391] lr: 1.47e-04 | MSE loss: 2.5305e-06 | time: 0.152
I 06.17/09:17:34 solver.py:221 ] Epoch: [187/400][280/391] lr: 1.46e-04 | MSE loss: 2.5243e-06 | time: 0.152
I 06.17/09:17:38 solver.py:221 ] Epoch: [187/400][300/391] lr: 1.46e-04 | MSE loss: 2.5579e-06 | time: 0.153
I 06.17/09:17:41 solver.py:221 ] Epoch: [187/400][320/391] lr: 1.46e-04 | MSE loss: 2.5660e-06 | time: 0.154
I 06.17/09:17:44 solver.py:221 ] Epoch: [187/400][340/391] lr: 1.46e-04 | MSE loss: 2.5779e-06 | time: 0.153
I 06.17/09:17:47 solver.py:221 ] Epoch: [187/400][360/391] lr: 1.46e-04 | MSE loss: 2.5719e-06 | time: 0.153
I 06.17/09:17:50 solver.py:221 ] Epoch: [187/400][380/391] lr: 1.46e-04 | MSE loss: 2.5992e-06 | time: 0.152
I 06.17/09:17:51 solver.py:243 ] => Train  Loss: 2.5869e-06

I 06.17/09:17:51 solver.py:337 ] 
=! Best NMSE: -2.2139e+01 (epoch=160)

I 06.17/09:17:55 solver.py:221 ] Epoch: [188/400][20/391] lr: 1.46e-04 | MSE loss: 2.0939e-06 | time: 0.144
I 06.17/09:17:58 solver.py:221 ] Epoch: [188/400][40/391] lr: 1.46e-04 | MSE loss: 2.2742e-06 | time: 0.155
I 06.17/09:18:01 solver.py:221 ] Epoch: [188/400][60/391] lr: 1.46e-04 | MSE loss: 2.2421e-06 | time: 0.154
I 06.17/09:18:06 solver.py:221 ] Epoch: [188/400][80/391] lr: 1.46e-04 | MSE loss: 2.4086e-06 | time: 0.178
I 06.17/09:18:09 solver.py:221 ] Epoch: [188/400][100/391] lr: 1.46e-04 | MSE loss: 2.3866e-06 | time: 0.171
I 06.17/09:18:12 solver.py:221 ] Epoch: [188/400][120/391] lr: 1.46e-04 | MSE loss: 2.4248e-06 | time: 0.167
I 06.17/09:18:15 solver.py:221 ] Epoch: [188/400][140/391] lr: 1.46e-04 | MSE loss: 2.3728e-06 | time: 0.165
I 06.17/09:18:18 solver.py:221 ] Epoch: [188/400][160/391] lr: 1.46e-04 | MSE loss: 2.4181e-06 | time: 0.162
I 06.17/09:18:21 solver.py:221 ] Epoch: [188/400][180/391] lr: 1.46e-04 | MSE loss: 2.4821e-06 | time: 0.161
I 06.17/09:18:24 solver.py:221 ] Epoch: [188/400][200/391] lr: 1.46e-04 | MSE loss: 2.7148e-06 | time: 0.159
I 06.17/09:18:27 solver.py:221 ] Epoch: [188/400][220/391] lr: 1.46e-04 | MSE loss: 2.6742e-06 | time: 0.158
I 06.17/09:18:30 solver.py:221 ] Epoch: [188/400][240/391] lr: 1.46e-04 | MSE loss: 2.6364e-06 | time: 0.158
I 06.17/09:18:33 solver.py:221 ] Epoch: [188/400][260/391] lr: 1.46e-04 | MSE loss: 2.6322e-06 | time: 0.159
I 06.17/09:18:36 solver.py:221 ] Epoch: [188/400][280/391] lr: 1.46e-04 | MSE loss: 2.6042e-06 | time: 0.158
I 06.17/09:18:39 solver.py:221 ] Epoch: [188/400][300/391] lr: 1.46e-04 | MSE loss: 2.5724e-06 | time: 0.157
I 06.17/09:18:42 solver.py:221 ] Epoch: [188/400][320/391] lr: 1.46e-04 | MSE loss: 2.5415e-06 | time: 0.157
I 06.17/09:18:45 solver.py:221 ] Epoch: [188/400][340/391] lr: 1.46e-04 | MSE loss: 2.5088e-06 | time: 0.156
I 06.17/09:18:48 solver.py:221 ] Epoch: [188/400][360/391] lr: 1.46e-04 | MSE loss: 2.4904e-06 | time: 0.155
I 06.17/09:18:51 solver.py:221 ] Epoch: [188/400][380/391] lr: 1.46e-04 | MSE loss: 2.5199e-06 | time: 0.155
I 06.17/09:18:53 solver.py:243 ] => Train  Loss: 2.5715e-06

I 06.17/09:18:53 solver.py:337 ] 
=! Best NMSE: -2.2139e+01 (epoch=160)

I 06.17/09:18:56 solver.py:221 ] Epoch: [189/400][20/391] lr: 1.46e-04 | MSE loss: 2.4811e-06 | time: 0.134
I 06.17/09:18:59 solver.py:221 ] Epoch: [189/400][40/391] lr: 1.46e-04 | MSE loss: 2.7316e-06 | time: 0.143
I 06.17/09:19:02 solver.py:221 ] Epoch: [189/400][60/391] lr: 1.46e-04 | MSE loss: 2.7987e-06 | time: 0.152
I 06.17/09:19:06 solver.py:221 ] Epoch: [189/400][80/391] lr: 1.46e-04 | MSE loss: 2.6314e-06 | time: 0.165
I 06.17/09:19:09 solver.py:221 ] Epoch: [189/400][100/391] lr: 1.46e-04 | MSE loss: 2.5019e-06 | time: 0.163
I 06.17/09:19:12 solver.py:221 ] Epoch: [189/400][120/391] lr: 1.45e-04 | MSE loss: 2.3883e-06 | time: 0.161
I 06.17/09:19:15 solver.py:221 ] Epoch: [189/400][140/391] lr: 1.45e-04 | MSE loss: 2.3970e-06 | time: 0.160
I 06.17/09:19:19 solver.py:221 ] Epoch: [189/400][160/391] lr: 1.45e-04 | MSE loss: 2.3737e-06 | time: 0.161
I 06.17/09:19:22 solver.py:221 ] Epoch: [189/400][180/391] lr: 1.45e-04 | MSE loss: 2.3540e-06 | time: 0.159
I 06.17/09:19:25 solver.py:221 ] Epoch: [189/400][200/391] lr: 1.45e-04 | MSE loss: 2.4297e-06 | time: 0.159
I 06.17/09:19:28 solver.py:221 ] Epoch: [189/400][220/391] lr: 1.45e-04 | MSE loss: 2.4566e-06 | time: 0.158
I 06.17/09:19:31 solver.py:221 ] Epoch: [189/400][240/391] lr: 1.45e-04 | MSE loss: 2.4991e-06 | time: 0.157
I 06.17/09:19:34 solver.py:221 ] Epoch: [189/400][260/391] lr: 1.45e-04 | MSE loss: 2.4595e-06 | time: 0.156
I 06.17/09:19:37 solver.py:221 ] Epoch: [189/400][280/391] lr: 1.45e-04 | MSE loss: 2.4556e-06 | time: 0.155
I 06.17/09:19:40 solver.py:221 ] Epoch: [189/400][300/391] lr: 1.45e-04 | MSE loss: 2.4516e-06 | time: 0.155
I 06.17/09:19:43 solver.py:221 ] Epoch: [189/400][320/391] lr: 1.45e-04 | MSE loss: 2.4550e-06 | time: 0.155
I 06.17/09:19:46 solver.py:221 ] Epoch: [189/400][340/391] lr: 1.45e-04 | MSE loss: 2.4485e-06 | time: 0.155
I 06.17/09:19:48 solver.py:221 ] Epoch: [189/400][360/391] lr: 1.45e-04 | MSE loss: 2.4677e-06 | time: 0.154
I 06.17/09:19:51 solver.py:221 ] Epoch: [189/400][380/391] lr: 1.45e-04 | MSE loss: 2.4694e-06 | time: 0.154
I 06.17/09:19:53 solver.py:243 ] => Train  Loss: 2.5030e-06

I 06.17/09:19:53 solver.py:337 ] 
=! Best NMSE: -2.2139e+01 (epoch=160)

I 06.17/09:19:56 solver.py:221 ] Epoch: [190/400][20/391] lr: 1.45e-04 | MSE loss: 2.7325e-06 | time: 0.138
I 06.17/09:19:59 solver.py:221 ] Epoch: [190/400][40/391] lr: 1.45e-04 | MSE loss: 2.4701e-06 | time: 0.138
I 06.17/09:20:01 solver.py:221 ] Epoch: [190/400][60/391] lr: 1.45e-04 | MSE loss: 2.3015e-06 | time: 0.141
I 06.17/09:20:06 solver.py:221 ] Epoch: [190/400][80/391] lr: 1.45e-04 | MSE loss: 2.2027e-06 | time: 0.159
I 06.17/09:20:09 solver.py:221 ] Epoch: [190/400][100/391] lr: 1.45e-04 | MSE loss: 2.5073e-06 | time: 0.156
I 06.17/09:20:12 solver.py:221 ] Epoch: [190/400][120/391] lr: 1.45e-04 | MSE loss: 2.7712e-06 | time: 0.154
I 06.17/09:20:15 solver.py:221 ] Epoch: [190/400][140/391] lr: 1.45e-04 | MSE loss: 2.7090e-06 | time: 0.153
I 06.17/09:20:18 solver.py:221 ] Epoch: [190/400][160/391] lr: 1.45e-04 | MSE loss: 2.6684e-06 | time: 0.154
I 06.17/09:20:21 solver.py:221 ] Epoch: [190/400][180/391] lr: 1.45e-04 | MSE loss: 2.6162e-06 | time: 0.155
I 06.17/09:20:24 solver.py:221 ] Epoch: [190/400][200/391] lr: 1.45e-04 | MSE loss: 2.5610e-06 | time: 0.157
I 06.17/09:20:27 solver.py:221 ] Epoch: [190/400][220/391] lr: 1.45e-04 | MSE loss: 2.5256e-06 | time: 0.156
I 06.17/09:20:30 solver.py:221 ] Epoch: [190/400][240/391] lr: 1.45e-04 | MSE loss: 2.4955e-06 | time: 0.155
I 06.17/09:20:33 solver.py:221 ] Epoch: [190/400][260/391] lr: 1.45e-04 | MSE loss: 2.4680e-06 | time: 0.155
I 06.17/09:20:36 solver.py:221 ] Epoch: [190/400][280/391] lr: 1.45e-04 | MSE loss: 2.4306e-06 | time: 0.154
I 06.17/09:20:39 solver.py:221 ] Epoch: [190/400][300/391] lr: 1.45e-04 | MSE loss: 2.5401e-06 | time: 0.154
I 06.17/09:20:42 solver.py:221 ] Epoch: [190/400][320/391] lr: 1.45e-04 | MSE loss: 2.5458e-06 | time: 0.154
I 06.17/09:20:45 solver.py:221 ] Epoch: [190/400][340/391] lr: 1.44e-04 | MSE loss: 2.5050e-06 | time: 0.154
I 06.17/09:20:48 solver.py:221 ] Epoch: [190/400][360/391] lr: 1.44e-04 | MSE loss: 2.5026e-06 | time: 0.154
I 06.17/09:20:51 solver.py:221 ] Epoch: [190/400][380/391] lr: 1.44e-04 | MSE loss: 2.5267e-06 | time: 0.154
I 06.17/09:20:53 solver.py:243 ] => Train  Loss: 2.5122e-06

I 06.17/09:20:54 solver.py:221 ] Epoch: [190/400][20/118] lr: 1.44e-04 | MSE loss: 1.9161e-06 | time: 0.037
I 06.17/09:20:55 solver.py:221 ] Epoch: [190/400][40/118] lr: 1.44e-04 | MSE loss: 1.8948e-06 | time: 0.041
I 06.17/09:20:56 solver.py:221 ] Epoch: [190/400][60/118] lr: 1.44e-04 | MSE loss: 1.9180e-06 | time: 0.038
I 06.17/09:20:56 solver.py:221 ] Epoch: [190/400][80/118] lr: 1.44e-04 | MSE loss: 1.9211e-06 | time: 0.038
I 06.17/09:20:57 solver.py:221 ] Epoch: [190/400][100/118] lr: 1.44e-04 | MSE loss: 1.9196e-06 | time: 0.037
I 06.17/09:20:58 solver.py:243 ] => Val  Loss: 1.9204e-06

I 06.17/09:20:59 solver.py:471 ] [20/79] loss: 1.9975e-06 | NMSE: -2.3548e+01 | time: 0.046
I 06.17/09:20:59 solver.py:471 ] [40/79] loss: 1.9573e-06 | NMSE: -2.3638e+01 | time: 0.041
I 06.17/09:21:00 solver.py:471 ] [60/79] loss: 1.9477e-06 | NMSE: -2.3650e+01 | time: 0.045
I 06.17/09:21:04 solver.py:476 ] => Test NMSE: -2.3666e+01

I 06.17/09:21:05 solver.py:337 ] 
=! Best NMSE: -2.3666e+01 (epoch=190)

I 06.17/09:21:08 solver.py:221 ] Epoch: [191/400][20/391] lr: 1.44e-04 | MSE loss: 2.1105e-06 | time: 0.158
I 06.17/09:21:11 solver.py:221 ] Epoch: [191/400][40/391] lr: 1.44e-04 | MSE loss: 2.0306e-06 | time: 0.157
I 06.17/09:21:14 solver.py:221 ] Epoch: [191/400][60/391] lr: 1.44e-04 | MSE loss: 2.0820e-06 | time: 0.156
I 06.17/09:21:17 solver.py:221 ] Epoch: [191/400][80/391] lr: 1.44e-04 | MSE loss: 2.3415e-06 | time: 0.153
I 06.17/09:21:20 solver.py:221 ] Epoch: [191/400][100/391] lr: 1.44e-04 | MSE loss: 2.3456e-06 | time: 0.151
I 06.17/09:21:22 solver.py:221 ] Epoch: [191/400][120/391] lr: 1.44e-04 | MSE loss: 2.4269e-06 | time: 0.146
I 06.17/09:21:25 solver.py:221 ] Epoch: [191/400][140/391] lr: 1.44e-04 | MSE loss: 2.4416e-06 | time: 0.144
I 06.17/09:21:28 solver.py:221 ] Epoch: [191/400][160/391] lr: 1.44e-04 | MSE loss: 2.4336e-06 | time: 0.144
I 06.17/09:21:31 solver.py:221 ] Epoch: [191/400][180/391] lr: 1.44e-04 | MSE loss: 2.4185e-06 | time: 0.144
I 06.17/09:21:34 solver.py:221 ] Epoch: [191/400][200/391] lr: 1.44e-04 | MSE loss: 2.4093e-06 | time: 0.144
I 06.17/09:21:37 solver.py:221 ] Epoch: [191/400][220/391] lr: 1.44e-04 | MSE loss: 2.4673e-06 | time: 0.144
I 06.17/09:21:40 solver.py:221 ] Epoch: [191/400][240/391] lr: 1.44e-04 | MSE loss: 2.4582e-06 | time: 0.144
I 06.17/09:21:43 solver.py:221 ] Epoch: [191/400][260/391] lr: 1.44e-04 | MSE loss: 2.4512e-06 | time: 0.146
I 06.17/09:21:46 solver.py:221 ] Epoch: [191/400][280/391] lr: 1.44e-04 | MSE loss: 2.4539e-06 | time: 0.147
I 06.17/09:21:49 solver.py:221 ] Epoch: [191/400][300/391] lr: 1.44e-04 | MSE loss: 2.4716e-06 | time: 0.147
I 06.17/09:21:52 solver.py:221 ] Epoch: [191/400][320/391] lr: 1.44e-04 | MSE loss: 2.4521e-06 | time: 0.148
I 06.17/09:21:55 solver.py:221 ] Epoch: [191/400][340/391] lr: 1.44e-04 | MSE loss: 2.4407e-06 | time: 0.147
I 06.17/09:21:58 solver.py:221 ] Epoch: [191/400][360/391] lr: 1.44e-04 | MSE loss: 2.4321e-06 | time: 0.147
I 06.17/09:22:01 solver.py:221 ] Epoch: [191/400][380/391] lr: 1.44e-04 | MSE loss: 2.4209e-06 | time: 0.148
I 06.17/09:22:03 solver.py:243 ] => Train  Loss: 2.4260e-06

I 06.17/09:22:03 solver.py:337 ] 
=! Best NMSE: -2.3666e+01 (epoch=190)

I 06.17/09:22:07 solver.py:221 ] Epoch: [192/400][20/391] lr: 1.44e-04 | MSE loss: 2.1943e-06 | time: 0.183
I 06.17/09:22:10 solver.py:221 ] Epoch: [192/400][40/391] lr: 1.44e-04 | MSE loss: 2.2213e-06 | time: 0.165
I 06.17/09:22:13 solver.py:221 ] Epoch: [192/400][60/391] lr: 1.44e-04 | MSE loss: 2.4617e-06 | time: 0.160
I 06.17/09:22:16 solver.py:221 ] Epoch: [192/400][80/391] lr: 1.44e-04 | MSE loss: 2.5734e-06 | time: 0.158
I 06.17/09:22:19 solver.py:221 ] Epoch: [192/400][100/391] lr: 1.44e-04 | MSE loss: 2.5769e-06 | time: 0.156
I 06.17/09:22:22 solver.py:221 ] Epoch: [192/400][120/391] lr: 1.44e-04 | MSE loss: 2.5410e-06 | time: 0.155
I 06.17/09:22:25 solver.py:221 ] Epoch: [192/400][140/391] lr: 1.44e-04 | MSE loss: 2.5590e-06 | time: 0.154
I 06.17/09:22:28 solver.py:221 ] Epoch: [192/400][160/391] lr: 1.44e-04 | MSE loss: 2.5662e-06 | time: 0.154
I 06.17/09:22:31 solver.py:221 ] Epoch: [192/400][180/391] lr: 1.43e-04 | MSE loss: 2.5922e-06 | time: 0.154
I 06.17/09:22:35 solver.py:221 ] Epoch: [192/400][200/391] lr: 1.43e-04 | MSE loss: 2.6426e-06 | time: 0.155
I 06.17/09:22:38 solver.py:221 ] Epoch: [192/400][220/391] lr: 1.43e-04 | MSE loss: 2.5935e-06 | time: 0.154
I 06.17/09:22:41 solver.py:221 ] Epoch: [192/400][240/391] lr: 1.43e-04 | MSE loss: 2.5527e-06 | time: 0.154
I 06.17/09:22:44 solver.py:221 ] Epoch: [192/400][260/391] lr: 1.43e-04 | MSE loss: 2.5318e-06 | time: 0.153
I 06.17/09:22:47 solver.py:221 ] Epoch: [192/400][280/391] lr: 1.43e-04 | MSE loss: 2.5124e-06 | time: 0.153
I 06.17/09:22:50 solver.py:221 ] Epoch: [192/400][300/391] lr: 1.43e-04 | MSE loss: 2.4907e-06 | time: 0.153
I 06.17/09:22:53 solver.py:221 ] Epoch: [192/400][320/391] lr: 1.43e-04 | MSE loss: 2.4897e-06 | time: 0.153
I 06.17/09:22:56 solver.py:221 ] Epoch: [192/400][340/391] lr: 1.43e-04 | MSE loss: 2.4936e-06 | time: 0.153
I 06.17/09:22:59 solver.py:221 ] Epoch: [192/400][360/391] lr: 1.43e-04 | MSE loss: 2.4787e-06 | time: 0.153
I 06.17/09:23:02 solver.py:221 ] Epoch: [192/400][380/391] lr: 1.43e-04 | MSE loss: 2.4576e-06 | time: 0.154
I 06.17/09:23:04 solver.py:243 ] => Train  Loss: 2.4515e-06

I 06.17/09:23:05 solver.py:337 ] 
=! Best NMSE: -2.3666e+01 (epoch=190)

I 06.17/09:23:08 solver.py:221 ] Epoch: [193/400][20/391] lr: 1.43e-04 | MSE loss: 2.1812e-06 | time: 0.143
I 06.17/09:23:11 solver.py:221 ] Epoch: [193/400][40/391] lr: 1.43e-04 | MSE loss: 2.8849e-06 | time: 0.145
I 06.17/09:23:14 solver.py:221 ] Epoch: [193/400][60/391] lr: 1.43e-04 | MSE loss: 2.6914e-06 | time: 0.146
I 06.17/09:23:17 solver.py:221 ] Epoch: [193/400][80/391] lr: 1.43e-04 | MSE loss: 2.5912e-06 | time: 0.147
I 06.17/09:23:20 solver.py:221 ] Epoch: [193/400][100/391] lr: 1.43e-04 | MSE loss: 2.7713e-06 | time: 0.148
I 06.17/09:23:23 solver.py:221 ] Epoch: [193/400][120/391] lr: 1.43e-04 | MSE loss: 2.7196e-06 | time: 0.148
I 06.17/09:23:26 solver.py:221 ] Epoch: [193/400][140/391] lr: 1.43e-04 | MSE loss: 2.6634e-06 | time: 0.148
I 06.17/09:23:29 solver.py:221 ] Epoch: [193/400][160/391] lr: 1.43e-04 | MSE loss: 2.6269e-06 | time: 0.148
I 06.17/09:23:31 solver.py:221 ] Epoch: [193/400][180/391] lr: 1.43e-04 | MSE loss: 2.5953e-06 | time: 0.147
I 06.17/09:23:34 solver.py:221 ] Epoch: [193/400][200/391] lr: 1.43e-04 | MSE loss: 2.5879e-06 | time: 0.148
I 06.17/09:23:38 solver.py:221 ] Epoch: [193/400][220/391] lr: 1.43e-04 | MSE loss: 2.5843e-06 | time: 0.148
I 06.17/09:23:41 solver.py:221 ] Epoch: [193/400][240/391] lr: 1.43e-04 | MSE loss: 2.6065e-06 | time: 0.149
I 06.17/09:23:44 solver.py:221 ] Epoch: [193/400][260/391] lr: 1.43e-04 | MSE loss: 2.5920e-06 | time: 0.150
I 06.17/09:23:47 solver.py:221 ] Epoch: [193/400][280/391] lr: 1.43e-04 | MSE loss: 2.5524e-06 | time: 0.150
I 06.17/09:23:50 solver.py:221 ] Epoch: [193/400][300/391] lr: 1.43e-04 | MSE loss: 2.5215e-06 | time: 0.151
I 06.17/09:23:53 solver.py:221 ] Epoch: [193/400][320/391] lr: 1.43e-04 | MSE loss: 2.4980e-06 | time: 0.151
I 06.17/09:23:56 solver.py:221 ] Epoch: [193/400][340/391] lr: 1.43e-04 | MSE loss: 2.4643e-06 | time: 0.151
I 06.17/09:23:59 solver.py:221 ] Epoch: [193/400][360/391] lr: 1.43e-04 | MSE loss: 2.4561e-06 | time: 0.150
I 06.17/09:24:02 solver.py:221 ] Epoch: [193/400][380/391] lr: 1.43e-04 | MSE loss: 2.4933e-06 | time: 0.151
I 06.17/09:24:05 solver.py:243 ] => Train  Loss: 2.5212e-06

I 06.17/09:24:05 solver.py:337 ] 
=! Best NMSE: -2.3666e+01 (epoch=190)

I 06.17/09:24:08 solver.py:221 ] Epoch: [194/400][20/391] lr: 1.42e-04 | MSE loss: 2.5706e-06 | time: 0.139
I 06.17/09:24:11 solver.py:221 ] Epoch: [194/400][40/391] lr: 1.42e-04 | MSE loss: 2.2437e-06 | time: 0.148
I 06.17/09:24:14 solver.py:221 ] Epoch: [194/400][60/391] lr: 1.42e-04 | MSE loss: 2.1208e-06 | time: 0.150
I 06.17/09:24:17 solver.py:221 ] Epoch: [194/400][80/391] lr: 1.42e-04 | MSE loss: 2.4425e-06 | time: 0.150
I 06.17/09:24:20 solver.py:221 ] Epoch: [194/400][100/391] lr: 1.42e-04 | MSE loss: 2.3845e-06 | time: 0.149
I 06.17/09:24:23 solver.py:221 ] Epoch: [194/400][120/391] lr: 1.42e-04 | MSE loss: 2.3582e-06 | time: 0.149
I 06.17/09:24:26 solver.py:221 ] Epoch: [194/400][140/391] lr: 1.42e-04 | MSE loss: 2.3492e-06 | time: 0.148
I 06.17/09:24:29 solver.py:221 ] Epoch: [194/400][160/391] lr: 1.42e-04 | MSE loss: 2.3180e-06 | time: 0.148
I 06.17/09:24:32 solver.py:221 ] Epoch: [194/400][180/391] lr: 1.42e-04 | MSE loss: 2.4257e-06 | time: 0.148
I 06.17/09:24:35 solver.py:221 ] Epoch: [194/400][200/391] lr: 1.42e-04 | MSE loss: 2.4192e-06 | time: 0.148
I 06.17/09:24:38 solver.py:221 ] Epoch: [194/400][220/391] lr: 1.42e-04 | MSE loss: 2.3968e-06 | time: 0.149
I 06.17/09:24:41 solver.py:221 ] Epoch: [194/400][240/391] lr: 1.42e-04 | MSE loss: 2.4095e-06 | time: 0.149
I 06.17/09:24:44 solver.py:221 ] Epoch: [194/400][260/391] lr: 1.42e-04 | MSE loss: 2.3895e-06 | time: 0.150
I 06.17/09:24:47 solver.py:221 ] Epoch: [194/400][280/391] lr: 1.42e-04 | MSE loss: 2.3835e-06 | time: 0.150
I 06.17/09:24:50 solver.py:221 ] Epoch: [194/400][300/391] lr: 1.42e-04 | MSE loss: 2.3798e-06 | time: 0.150
I 06.17/09:24:53 solver.py:221 ] Epoch: [194/400][320/391] lr: 1.42e-04 | MSE loss: 2.4236e-06 | time: 0.150
I 06.17/09:24:56 solver.py:221 ] Epoch: [194/400][340/391] lr: 1.42e-04 | MSE loss: 2.4123e-06 | time: 0.149
I 06.17/09:24:59 solver.py:221 ] Epoch: [194/400][360/391] lr: 1.42e-04 | MSE loss: 2.3956e-06 | time: 0.149
I 06.17/09:25:02 solver.py:221 ] Epoch: [194/400][380/391] lr: 1.42e-04 | MSE loss: 2.4241e-06 | time: 0.150
I 06.17/09:25:04 solver.py:243 ] => Train  Loss: 2.4147e-06

I 06.17/09:25:04 solver.py:337 ] 
=! Best NMSE: -2.3666e+01 (epoch=190)

I 06.17/09:25:08 solver.py:221 ] Epoch: [195/400][20/391] lr: 1.42e-04 | MSE loss: 1.9591e-06 | time: 0.147
I 06.17/09:25:11 solver.py:221 ] Epoch: [195/400][40/391] lr: 1.42e-04 | MSE loss: 2.3257e-06 | time: 0.151
I 06.17/09:25:14 solver.py:221 ] Epoch: [195/400][60/391] lr: 1.42e-04 | MSE loss: 2.3804e-06 | time: 0.152
I 06.17/09:25:17 solver.py:221 ] Epoch: [195/400][80/391] lr: 1.42e-04 | MSE loss: 2.4842e-06 | time: 0.158
I 06.17/09:25:21 solver.py:221 ] Epoch: [195/400][100/391] lr: 1.42e-04 | MSE loss: 2.3951e-06 | time: 0.160
I 06.17/09:25:23 solver.py:221 ] Epoch: [195/400][120/391] lr: 1.42e-04 | MSE loss: 2.3413e-06 | time: 0.157
I 06.17/09:25:26 solver.py:221 ] Epoch: [195/400][140/391] lr: 1.42e-04 | MSE loss: 2.2690e-06 | time: 0.156
I 06.17/09:25:29 solver.py:221 ] Epoch: [195/400][160/391] lr: 1.42e-04 | MSE loss: 2.3174e-06 | time: 0.155
I 06.17/09:25:32 solver.py:221 ] Epoch: [195/400][180/391] lr: 1.42e-04 | MSE loss: 2.3775e-06 | time: 0.154
I 06.17/09:25:35 solver.py:221 ] Epoch: [195/400][200/391] lr: 1.42e-04 | MSE loss: 2.4851e-06 | time: 0.153
I 06.17/09:25:38 solver.py:221 ] Epoch: [195/400][220/391] lr: 1.42e-04 | MSE loss: 2.4461e-06 | time: 0.153
I 06.17/09:25:42 solver.py:221 ] Epoch: [195/400][240/391] lr: 1.41e-04 | MSE loss: 2.3944e-06 | time: 0.154
I 06.17/09:25:45 solver.py:221 ] Epoch: [195/400][260/391] lr: 1.41e-04 | MSE loss: 2.3892e-06 | time: 0.154
I 06.17/09:25:48 solver.py:221 ] Epoch: [195/400][280/391] lr: 1.41e-04 | MSE loss: 2.3687e-06 | time: 0.153
I 06.17/09:25:51 solver.py:221 ] Epoch: [195/400][300/391] lr: 1.41e-04 | MSE loss: 2.3450e-06 | time: 0.153
I 06.17/09:25:54 solver.py:221 ] Epoch: [195/400][320/391] lr: 1.41e-04 | MSE loss: 2.4040e-06 | time: 0.153
I 06.17/09:25:57 solver.py:221 ] Epoch: [195/400][340/391] lr: 1.41e-04 | MSE loss: 2.4102e-06 | time: 0.153
I 06.17/09:26:00 solver.py:221 ] Epoch: [195/400][360/391] lr: 1.41e-04 | MSE loss: 2.4107e-06 | time: 0.153
I 06.17/09:26:04 solver.py:221 ] Epoch: [195/400][380/391] lr: 1.41e-04 | MSE loss: 2.3813e-06 | time: 0.156
I 06.17/09:26:05 solver.py:243 ] => Train  Loss: 2.3655e-06

I 06.17/09:26:06 solver.py:337 ] 
=! Best NMSE: -2.3666e+01 (epoch=190)

I 06.17/09:26:09 solver.py:221 ] Epoch: [196/400][20/391] lr: 1.41e-04 | MSE loss: 2.7118e-06 | time: 0.140
I 06.17/09:26:12 solver.py:221 ] Epoch: [196/400][40/391] lr: 1.41e-04 | MSE loss: 2.7211e-06 | time: 0.145
I 06.17/09:26:15 solver.py:221 ] Epoch: [196/400][60/391] lr: 1.41e-04 | MSE loss: 2.5305e-06 | time: 0.147
I 06.17/09:26:18 solver.py:221 ] Epoch: [196/400][80/391] lr: 1.41e-04 | MSE loss: 2.5525e-06 | time: 0.147
I 06.17/09:26:21 solver.py:221 ] Epoch: [196/400][100/391] lr: 1.41e-04 | MSE loss: 2.4787e-06 | time: 0.148
I 06.17/09:26:24 solver.py:221 ] Epoch: [196/400][120/391] lr: 1.41e-04 | MSE loss: 2.3972e-06 | time: 0.148
I 06.17/09:26:27 solver.py:221 ] Epoch: [196/400][140/391] lr: 1.41e-04 | MSE loss: 2.5865e-06 | time: 0.147
I 06.17/09:26:30 solver.py:221 ] Epoch: [196/400][160/391] lr: 1.41e-04 | MSE loss: 2.6295e-06 | time: 0.148
I 06.17/09:26:33 solver.py:221 ] Epoch: [196/400][180/391] lr: 1.41e-04 | MSE loss: 2.5698e-06 | time: 0.148
I 06.17/09:26:36 solver.py:221 ] Epoch: [196/400][200/391] lr: 1.41e-04 | MSE loss: 2.5181e-06 | time: 0.152
I 06.17/09:26:39 solver.py:221 ] Epoch: [196/400][220/391] lr: 1.41e-04 | MSE loss: 2.5629e-06 | time: 0.151
I 06.17/09:26:42 solver.py:221 ] Epoch: [196/400][240/391] lr: 1.41e-04 | MSE loss: 2.5723e-06 | time: 0.150
I 06.17/09:26:45 solver.py:221 ] Epoch: [196/400][260/391] lr: 1.41e-04 | MSE loss: 2.5367e-06 | time: 0.150
I 06.17/09:26:48 solver.py:221 ] Epoch: [196/400][280/391] lr: 1.41e-04 | MSE loss: 2.4962e-06 | time: 0.150
I 06.17/09:26:51 solver.py:221 ] Epoch: [196/400][300/391] lr: 1.41e-04 | MSE loss: 2.4675e-06 | time: 0.150
I 06.17/09:26:54 solver.py:221 ] Epoch: [196/400][320/391] lr: 1.41e-04 | MSE loss: 2.4400e-06 | time: 0.150
I 06.17/09:26:57 solver.py:221 ] Epoch: [196/400][340/391] lr: 1.41e-04 | MSE loss: 2.4129e-06 | time: 0.150
I 06.17/09:27:00 solver.py:221 ] Epoch: [196/400][360/391] lr: 1.41e-04 | MSE loss: 2.4668e-06 | time: 0.150
I 06.17/09:27:03 solver.py:221 ] Epoch: [196/400][380/391] lr: 1.41e-04 | MSE loss: 2.4401e-06 | time: 0.152
I 06.17/09:27:05 solver.py:243 ] => Train  Loss: 2.4731e-06

I 06.17/09:27:06 solver.py:337 ] 
=! Best NMSE: -2.3666e+01 (epoch=190)

I 06.17/09:27:09 solver.py:221 ] Epoch: [197/400][20/391] lr: 1.41e-04 | MSE loss: 3.3941e-06 | time: 0.138
I 06.17/09:27:12 solver.py:221 ] Epoch: [197/400][40/391] lr: 1.41e-04 | MSE loss: 2.7384e-06 | time: 0.143
I 06.17/09:27:15 solver.py:221 ] Epoch: [197/400][60/391] lr: 1.40e-04 | MSE loss: 2.4417e-06 | time: 0.144
I 06.17/09:27:18 solver.py:221 ] Epoch: [197/400][80/391] lr: 1.40e-04 | MSE loss: 2.3305e-06 | time: 0.147
I 06.17/09:27:21 solver.py:221 ] Epoch: [197/400][100/391] lr: 1.40e-04 | MSE loss: 2.2577e-06 | time: 0.149
I 06.17/09:27:24 solver.py:221 ] Epoch: [197/400][120/391] lr: 1.40e-04 | MSE loss: 2.2272e-06 | time: 0.149
I 06.17/09:27:27 solver.py:221 ] Epoch: [197/400][140/391] lr: 1.40e-04 | MSE loss: 2.3128e-06 | time: 0.149
I 06.17/09:27:30 solver.py:221 ] Epoch: [197/400][160/391] lr: 1.40e-04 | MSE loss: 2.2927e-06 | time: 0.149
I 06.17/09:27:33 solver.py:221 ] Epoch: [197/400][180/391] lr: 1.40e-04 | MSE loss: 2.2663e-06 | time: 0.149
I 06.17/09:27:36 solver.py:221 ] Epoch: [197/400][200/391] lr: 1.40e-04 | MSE loss: 2.3190e-06 | time: 0.150
I 06.17/09:27:39 solver.py:221 ] Epoch: [197/400][220/391] lr: 1.40e-04 | MSE loss: 2.2988e-06 | time: 0.150
I 06.17/09:27:42 solver.py:221 ] Epoch: [197/400][240/391] lr: 1.40e-04 | MSE loss: 2.3333e-06 | time: 0.150
I 06.17/09:27:45 solver.py:221 ] Epoch: [197/400][260/391] lr: 1.40e-04 | MSE loss: 2.3258e-06 | time: 0.150
I 06.17/09:27:48 solver.py:221 ] Epoch: [197/400][280/391] lr: 1.40e-04 | MSE loss: 2.3117e-06 | time: 0.150
I 06.17/09:27:51 solver.py:221 ] Epoch: [197/400][300/391] lr: 1.40e-04 | MSE loss: 2.3548e-06 | time: 0.150
I 06.17/09:27:54 solver.py:221 ] Epoch: [197/400][320/391] lr: 1.40e-04 | MSE loss: 2.3298e-06 | time: 0.151
I 06.17/09:27:57 solver.py:221 ] Epoch: [197/400][340/391] lr: 1.40e-04 | MSE loss: 2.3159e-06 | time: 0.151
I 06.17/09:28:00 solver.py:221 ] Epoch: [197/400][360/391] lr: 1.40e-04 | MSE loss: 2.3385e-06 | time: 0.151
I 06.17/09:28:05 solver.py:221 ] Epoch: [197/400][380/391] lr: 1.40e-04 | MSE loss: 2.3468e-06 | time: 0.156
I 06.17/09:28:06 solver.py:243 ] => Train  Loss: 2.3418e-06

I 06.17/09:28:07 solver.py:337 ] 
=! Best NMSE: -2.3666e+01 (epoch=190)

I 06.17/09:28:10 solver.py:221 ] Epoch: [198/400][20/391] lr: 1.40e-04 | MSE loss: 2.0961e-06 | time: 0.139
I 06.17/09:28:13 solver.py:221 ] Epoch: [198/400][40/391] lr: 1.40e-04 | MSE loss: 2.1688e-06 | time: 0.143
I 06.17/09:28:16 solver.py:221 ] Epoch: [198/400][60/391] lr: 1.40e-04 | MSE loss: 2.1751e-06 | time: 0.147
I 06.17/09:28:19 solver.py:221 ] Epoch: [198/400][80/391] lr: 1.40e-04 | MSE loss: 2.3985e-06 | time: 0.150
I 06.17/09:28:22 solver.py:221 ] Epoch: [198/400][100/391] lr: 1.40e-04 | MSE loss: 2.4202e-06 | time: 0.153
I 06.17/09:28:25 solver.py:221 ] Epoch: [198/400][120/391] lr: 1.40e-04 | MSE loss: 2.4059e-06 | time: 0.152
I 06.17/09:28:28 solver.py:221 ] Epoch: [198/400][140/391] lr: 1.40e-04 | MSE loss: 2.3798e-06 | time: 0.151
I 06.17/09:28:31 solver.py:221 ] Epoch: [198/400][160/391] lr: 1.40e-04 | MSE loss: 2.3017e-06 | time: 0.151
I 06.17/09:28:34 solver.py:221 ] Epoch: [198/400][180/391] lr: 1.40e-04 | MSE loss: 2.4454e-06 | time: 0.151
I 06.17/09:28:37 solver.py:221 ] Epoch: [198/400][200/391] lr: 1.40e-04 | MSE loss: 2.4664e-06 | time: 0.151
I 06.17/09:28:40 solver.py:221 ] Epoch: [198/400][220/391] lr: 1.40e-04 | MSE loss: 2.4156e-06 | time: 0.152
I 06.17/09:28:43 solver.py:221 ] Epoch: [198/400][240/391] lr: 1.40e-04 | MSE loss: 2.3629e-06 | time: 0.152
I 06.17/09:28:46 solver.py:221 ] Epoch: [198/400][260/391] lr: 1.40e-04 | MSE loss: 2.3318e-06 | time: 0.152
I 06.17/09:28:50 solver.py:221 ] Epoch: [198/400][280/391] lr: 1.39e-04 | MSE loss: 2.3597e-06 | time: 0.152
I 06.17/09:28:53 solver.py:221 ] Epoch: [198/400][300/391] lr: 1.39e-04 | MSE loss: 2.3545e-06 | time: 0.152
I 06.17/09:28:56 solver.py:221 ] Epoch: [198/400][320/391] lr: 1.39e-04 | MSE loss: 2.3668e-06 | time: 0.152
I 06.17/09:28:59 solver.py:221 ] Epoch: [198/400][340/391] lr: 1.39e-04 | MSE loss: 2.3535e-06 | time: 0.153
I 06.17/09:29:02 solver.py:221 ] Epoch: [198/400][360/391] lr: 1.39e-04 | MSE loss: 2.3606e-06 | time: 0.153
I 06.17/09:29:06 solver.py:221 ] Epoch: [198/400][380/391] lr: 1.39e-04 | MSE loss: 2.3679e-06 | time: 0.155
I 06.17/09:29:07 solver.py:243 ] => Train  Loss: 2.3736e-06

I 06.17/09:29:08 solver.py:337 ] 
=! Best NMSE: -2.3666e+01 (epoch=190)

I 06.17/09:29:11 solver.py:221 ] Epoch: [199/400][20/391] lr: 1.39e-04 | MSE loss: 2.2805e-06 | time: 0.141
I 06.17/09:29:14 solver.py:221 ] Epoch: [199/400][40/391] lr: 1.39e-04 | MSE loss: 2.1950e-06 | time: 0.145
I 06.17/09:29:17 solver.py:221 ] Epoch: [199/400][60/391] lr: 1.39e-04 | MSE loss: 2.2134e-06 | time: 0.146
I 06.17/09:29:20 solver.py:221 ] Epoch: [199/400][80/391] lr: 1.39e-04 | MSE loss: 2.1940e-06 | time: 0.148
I 06.17/09:29:23 solver.py:221 ] Epoch: [199/400][100/391] lr: 1.39e-04 | MSE loss: 2.1908e-06 | time: 0.150
I 06.17/09:29:26 solver.py:221 ] Epoch: [199/400][120/391] lr: 1.39e-04 | MSE loss: 2.4024e-06 | time: 0.151
I 06.17/09:29:29 solver.py:221 ] Epoch: [199/400][140/391] lr: 1.39e-04 | MSE loss: 2.3939e-06 | time: 0.153
I 06.17/09:29:33 solver.py:221 ] Epoch: [199/400][160/391] lr: 1.39e-04 | MSE loss: 2.4183e-06 | time: 0.155
I 06.17/09:29:36 solver.py:221 ] Epoch: [199/400][180/391] lr: 1.39e-04 | MSE loss: 2.4029e-06 | time: 0.157
I 06.17/09:29:39 solver.py:221 ] Epoch: [199/400][200/391] lr: 1.39e-04 | MSE loss: 2.3705e-06 | time: 0.156
I 06.17/09:29:42 solver.py:221 ] Epoch: [199/400][220/391] lr: 1.39e-04 | MSE loss: 2.3430e-06 | time: 0.156
I 06.17/09:29:45 solver.py:221 ] Epoch: [199/400][240/391] lr: 1.39e-04 | MSE loss: 2.3261e-06 | time: 0.156
I 06.17/09:29:49 solver.py:221 ] Epoch: [199/400][260/391] lr: 1.39e-04 | MSE loss: 2.3130e-06 | time: 0.157
I 06.17/09:29:52 solver.py:221 ] Epoch: [199/400][280/391] lr: 1.39e-04 | MSE loss: 2.3075e-06 | time: 0.158
I 06.17/09:29:55 solver.py:221 ] Epoch: [199/400][300/391] lr: 1.39e-04 | MSE loss: 2.3391e-06 | time: 0.157
I 06.17/09:29:58 solver.py:221 ] Epoch: [199/400][320/391] lr: 1.39e-04 | MSE loss: 2.3437e-06 | time: 0.157
I 06.17/09:30:02 solver.py:221 ] Epoch: [199/400][340/391] lr: 1.39e-04 | MSE loss: 2.3205e-06 | time: 0.158
I 06.17/09:30:06 solver.py:221 ] Epoch: [199/400][360/391] lr: 1.39e-04 | MSE loss: 2.3236e-06 | time: 0.161
I 06.17/09:30:09 solver.py:221 ] Epoch: [199/400][380/391] lr: 1.39e-04 | MSE loss: 2.3169e-06 | time: 0.161
I 06.17/09:30:10 solver.py:243 ] => Train  Loss: 2.3096e-06

I 06.17/09:30:11 solver.py:337 ] 
=! Best NMSE: -2.3666e+01 (epoch=190)

I 06.17/09:30:13 solver.py:221 ] Epoch: [200/400][20/391] lr: 1.39e-04 | MSE loss: 3.1039e-06 | time: 0.128
I 06.17/09:30:16 solver.py:221 ] Epoch: [200/400][40/391] lr: 1.39e-04 | MSE loss: 2.7019e-06 | time: 0.131
I 06.17/09:30:19 solver.py:221 ] Epoch: [200/400][60/391] lr: 1.39e-04 | MSE loss: 2.5939e-06 | time: 0.135
I 06.17/09:30:22 solver.py:221 ] Epoch: [200/400][80/391] lr: 1.39e-04 | MSE loss: 2.4339e-06 | time: 0.140
I 06.17/09:30:25 solver.py:221 ] Epoch: [200/400][100/391] lr: 1.39e-04 | MSE loss: 2.3338e-06 | time: 0.143
I 06.17/09:30:28 solver.py:221 ] Epoch: [200/400][120/391] lr: 1.38e-04 | MSE loss: 2.3356e-06 | time: 0.145
I 06.17/09:30:31 solver.py:221 ] Epoch: [200/400][140/391] lr: 1.38e-04 | MSE loss: 2.3752e-06 | time: 0.147
I 06.17/09:30:35 solver.py:221 ] Epoch: [200/400][160/391] lr: 1.38e-04 | MSE loss: 2.2978e-06 | time: 0.149
I 06.17/09:30:38 solver.py:221 ] Epoch: [200/400][180/391] lr: 1.38e-04 | MSE loss: 2.3619e-06 | time: 0.150
I 06.17/09:30:41 solver.py:221 ] Epoch: [200/400][200/391] lr: 1.38e-04 | MSE loss: 2.3659e-06 | time: 0.151
I 06.17/09:30:44 solver.py:221 ] Epoch: [200/400][220/391] lr: 1.38e-04 | MSE loss: 2.3314e-06 | time: 0.152
I 06.17/09:30:47 solver.py:221 ] Epoch: [200/400][240/391] lr: 1.38e-04 | MSE loss: 2.4069e-06 | time: 0.152
I 06.17/09:30:51 solver.py:221 ] Epoch: [200/400][260/391] lr: 1.38e-04 | MSE loss: 2.4016e-06 | time: 0.153
I 06.17/09:30:54 solver.py:221 ] Epoch: [200/400][280/391] lr: 1.38e-04 | MSE loss: 2.3573e-06 | time: 0.153
I 06.17/09:30:57 solver.py:221 ] Epoch: [200/400][300/391] lr: 1.38e-04 | MSE loss: 2.3240e-06 | time: 0.153
I 06.17/09:31:00 solver.py:221 ] Epoch: [200/400][320/391] lr: 1.38e-04 | MSE loss: 2.2884e-06 | time: 0.154
I 06.17/09:31:05 solver.py:221 ] Epoch: [200/400][340/391] lr: 1.38e-04 | MSE loss: 2.3348e-06 | time: 0.161
I 06.17/09:31:09 solver.py:221 ] Epoch: [200/400][360/391] lr: 1.38e-04 | MSE loss: 2.3788e-06 | time: 0.160
I 06.17/09:31:12 solver.py:221 ] Epoch: [200/400][380/391] lr: 1.38e-04 | MSE loss: 2.3501e-06 | time: 0.161
I 06.17/09:31:14 solver.py:243 ] => Train  Loss: 2.3353e-06

I 06.17/09:31:15 solver.py:221 ] Epoch: [200/400][20/118] lr: 1.38e-04 | MSE loss: 2.0258e-06 | time: 0.028
I 06.17/09:31:15 solver.py:221 ] Epoch: [200/400][40/118] lr: 1.38e-04 | MSE loss: 2.0045e-06 | time: 0.033
I 06.17/09:31:16 solver.py:221 ] Epoch: [200/400][60/118] lr: 1.38e-04 | MSE loss: 2.0273e-06 | time: 0.037
I 06.17/09:31:17 solver.py:221 ] Epoch: [200/400][80/118] lr: 1.38e-04 | MSE loss: 2.0296e-06 | time: 0.037
I 06.17/09:31:18 solver.py:221 ] Epoch: [200/400][100/118] lr: 1.38e-04 | MSE loss: 2.0289e-06 | time: 0.037
I 06.17/09:31:18 solver.py:243 ] => Val  Loss: 2.0296e-06

I 06.17/09:31:19 solver.py:471 ] [20/79] loss: 2.1011e-06 | NMSE: -2.3328e+01 | time: 0.032
I 06.17/09:31:20 solver.py:471 ] [40/79] loss: 2.0624e-06 | NMSE: -2.3411e+01 | time: 0.036
I 06.17/09:31:20 solver.py:471 ] [60/79] loss: 2.0533e-06 | NMSE: -2.3420e+01 | time: 0.036
I 06.17/09:31:21 solver.py:476 ] => Test NMSE: -2.3434e+01

I 06.17/09:31:21 solver.py:337 ] 
=! Best NMSE: -2.3666e+01 (epoch=190)

I 06.17/09:31:24 solver.py:221 ] Epoch: [201/400][20/391] lr: 1.38e-04 | MSE loss: 1.9947e-06 | time: 0.150
I 06.17/09:31:28 solver.py:221 ] Epoch: [201/400][40/391] lr: 1.38e-04 | MSE loss: 2.5811e-06 | time: 0.153
I 06.17/09:31:31 solver.py:221 ] Epoch: [201/400][60/391] lr: 1.38e-04 | MSE loss: 2.8995e-06 | time: 0.154
I 06.17/09:31:34 solver.py:221 ] Epoch: [201/400][80/391] lr: 1.38e-04 | MSE loss: 2.7415e-06 | time: 0.156
I 06.17/09:31:37 solver.py:221 ] Epoch: [201/400][100/391] lr: 1.38e-04 | MSE loss: 2.6661e-06 | time: 0.162
I 06.17/09:31:41 solver.py:221 ] Epoch: [201/400][120/391] lr: 1.38e-04 | MSE loss: 2.5542e-06 | time: 0.161
I 06.17/09:31:44 solver.py:221 ] Epoch: [201/400][140/391] lr: 1.38e-04 | MSE loss: 2.4601e-06 | time: 0.160
I 06.17/09:31:47 solver.py:221 ] Epoch: [201/400][160/391] lr: 1.38e-04 | MSE loss: 2.3936e-06 | time: 0.161
I 06.17/09:31:50 solver.py:221 ] Epoch: [201/400][180/391] lr: 1.38e-04 | MSE loss: 2.3600e-06 | time: 0.159
I 06.17/09:31:53 solver.py:221 ] Epoch: [201/400][200/391] lr: 1.38e-04 | MSE loss: 2.3922e-06 | time: 0.159
I 06.17/09:31:56 solver.py:221 ] Epoch: [201/400][220/391] lr: 1.38e-04 | MSE loss: 2.3428e-06 | time: 0.159
I 06.17/09:32:00 solver.py:221 ] Epoch: [201/400][240/391] lr: 1.38e-04 | MSE loss: 2.3237e-06 | time: 0.159
I 06.17/09:32:03 solver.py:221 ] Epoch: [201/400][260/391] lr: 1.38e-04 | MSE loss: 2.2979e-06 | time: 0.161
I 06.17/09:32:06 solver.py:221 ] Epoch: [201/400][280/391] lr: 1.38e-04 | MSE loss: 2.2939e-06 | time: 0.159
I 06.17/09:32:09 solver.py:221 ] Epoch: [201/400][300/391] lr: 1.38e-04 | MSE loss: 2.2820e-06 | time: 0.159
I 06.17/09:32:13 solver.py:221 ] Epoch: [201/400][320/391] lr: 1.37e-04 | MSE loss: 2.3190e-06 | time: 0.160
I 06.17/09:32:16 solver.py:221 ] Epoch: [201/400][340/391] lr: 1.37e-04 | MSE loss: 2.3088e-06 | time: 0.160
I 06.17/09:32:19 solver.py:221 ] Epoch: [201/400][360/391] lr: 1.37e-04 | MSE loss: 2.2884e-06 | time: 0.160
I 06.17/09:32:22 solver.py:221 ] Epoch: [201/400][380/391] lr: 1.37e-04 | MSE loss: 2.3016e-06 | time: 0.160
I 06.17/09:32:24 solver.py:243 ] => Train  Loss: 2.3052e-06

I 06.17/09:32:24 solver.py:337 ] 
=! Best NMSE: -2.3666e+01 (epoch=190)

I 06.17/09:32:27 solver.py:221 ] Epoch: [202/400][20/391] lr: 1.37e-04 | MSE loss: 2.0395e-06 | time: 0.139
I 06.17/09:32:30 solver.py:221 ] Epoch: [202/400][40/391] lr: 1.37e-04 | MSE loss: 2.1469e-06 | time: 0.147
I 06.17/09:32:33 solver.py:221 ] Epoch: [202/400][60/391] lr: 1.37e-04 | MSE loss: 2.6361e-06 | time: 0.149
I 06.17/09:32:37 solver.py:221 ] Epoch: [202/400][80/391] lr: 1.37e-04 | MSE loss: 2.4877e-06 | time: 0.152
I 06.17/09:32:40 solver.py:221 ] Epoch: [202/400][100/391] lr: 1.37e-04 | MSE loss: 2.4099e-06 | time: 0.155
I 06.17/09:32:43 solver.py:221 ] Epoch: [202/400][120/391] lr: 1.37e-04 | MSE loss: 2.3333e-06 | time: 0.157
I 06.17/09:32:47 solver.py:221 ] Epoch: [202/400][140/391] lr: 1.37e-04 | MSE loss: 2.2833e-06 | time: 0.158
I 06.17/09:32:50 solver.py:221 ] Epoch: [202/400][160/391] lr: 1.37e-04 | MSE loss: 2.2520e-06 | time: 0.157
I 06.17/09:32:53 solver.py:221 ] Epoch: [202/400][180/391] lr: 1.37e-04 | MSE loss: 2.2428e-06 | time: 0.157
I 06.17/09:32:56 solver.py:221 ] Epoch: [202/400][200/391] lr: 1.37e-04 | MSE loss: 2.4097e-06 | time: 0.157
I 06.17/09:32:59 solver.py:221 ] Epoch: [202/400][220/391] lr: 1.37e-04 | MSE loss: 2.4025e-06 | time: 0.158
I 06.17/09:33:03 solver.py:221 ] Epoch: [202/400][240/391] lr: 1.37e-04 | MSE loss: 2.3628e-06 | time: 0.161
I 06.17/09:33:07 solver.py:221 ] Epoch: [202/400][260/391] lr: 1.37e-04 | MSE loss: 2.3386e-06 | time: 0.162
I 06.17/09:33:10 solver.py:221 ] Epoch: [202/400][280/391] lr: 1.37e-04 | MSE loss: 2.3078e-06 | time: 0.161
I 06.17/09:33:13 solver.py:221 ] Epoch: [202/400][300/391] lr: 1.37e-04 | MSE loss: 2.2782e-06 | time: 0.161
I 06.17/09:33:16 solver.py:221 ] Epoch: [202/400][320/391] lr: 1.37e-04 | MSE loss: 2.2879e-06 | time: 0.162
I 06.17/09:33:20 solver.py:221 ] Epoch: [202/400][340/391] lr: 1.37e-04 | MSE loss: 2.2880e-06 | time: 0.162
I 06.17/09:33:23 solver.py:221 ] Epoch: [202/400][360/391] lr: 1.37e-04 | MSE loss: 2.3027e-06 | time: 0.162
I 06.17/09:33:26 solver.py:221 ] Epoch: [202/400][380/391] lr: 1.37e-04 | MSE loss: 2.2897e-06 | time: 0.162
I 06.17/09:33:28 solver.py:243 ] => Train  Loss: 2.2843e-06

I 06.17/09:33:28 solver.py:337 ] 
=! Best NMSE: -2.3666e+01 (epoch=190)

I 06.17/09:33:32 solver.py:221 ] Epoch: [203/400][20/391] lr: 1.37e-04 | MSE loss: 1.9277e-06 | time: 0.174
I 06.17/09:33:35 solver.py:221 ] Epoch: [203/400][40/391] lr: 1.37e-04 | MSE loss: 2.0968e-06 | time: 0.160
I 06.17/09:33:38 solver.py:221 ] Epoch: [203/400][60/391] lr: 1.37e-04 | MSE loss: 3.8148e-06 | time: 0.160
I 06.17/09:33:41 solver.py:221 ] Epoch: [203/400][80/391] lr: 1.37e-04 | MSE loss: 3.5321e-06 | time: 0.159
I 06.17/09:33:44 solver.py:221 ] Epoch: [203/400][100/391] lr: 1.37e-04 | MSE loss: 3.1902e-06 | time: 0.158
I 06.17/09:33:48 solver.py:221 ] Epoch: [203/400][120/391] lr: 1.37e-04 | MSE loss: 2.9347e-06 | time: 0.160
I 06.17/09:33:51 solver.py:221 ] Epoch: [203/400][140/391] lr: 1.37e-04 | MSE loss: 2.7706e-06 | time: 0.161
I 06.17/09:33:54 solver.py:221 ] Epoch: [203/400][160/391] lr: 1.36e-04 | MSE loss: 2.6426e-06 | time: 0.161
I 06.17/09:33:57 solver.py:221 ] Epoch: [203/400][180/391] lr: 1.36e-04 | MSE loss: 2.5306e-06 | time: 0.161
I 06.17/09:34:01 solver.py:221 ] Epoch: [203/400][200/391] lr: 1.36e-04 | MSE loss: 2.4505e-06 | time: 0.161
I 06.17/09:34:05 solver.py:221 ] Epoch: [203/400][220/391] lr: 1.36e-04 | MSE loss: 2.4010e-06 | time: 0.166
I 06.17/09:34:08 solver.py:221 ] Epoch: [203/400][240/391] lr: 1.36e-04 | MSE loss: 2.4805e-06 | time: 0.165
I 06.17/09:34:11 solver.py:221 ] Epoch: [203/400][260/391] lr: 1.36e-04 | MSE loss: 2.4311e-06 | time: 0.164
I 06.17/09:34:14 solver.py:221 ] Epoch: [203/400][280/391] lr: 1.36e-04 | MSE loss: 2.3928e-06 | time: 0.164
I 06.17/09:34:18 solver.py:221 ] Epoch: [203/400][300/391] lr: 1.36e-04 | MSE loss: 2.3533e-06 | time: 0.164
I 06.17/09:34:21 solver.py:221 ] Epoch: [203/400][320/391] lr: 1.36e-04 | MSE loss: 2.3094e-06 | time: 0.163
I 06.17/09:34:24 solver.py:221 ] Epoch: [203/400][340/391] lr: 1.36e-04 | MSE loss: 2.2846e-06 | time: 0.163
I 06.17/09:34:27 solver.py:221 ] Epoch: [203/400][360/391] lr: 1.36e-04 | MSE loss: 2.2538e-06 | time: 0.162
I 06.17/09:34:30 solver.py:221 ] Epoch: [203/400][380/391] lr: 1.36e-04 | MSE loss: 2.2342e-06 | time: 0.162
I 06.17/09:34:32 solver.py:243 ] => Train  Loss: 2.2539e-06

I 06.17/09:34:32 solver.py:337 ] 
=! Best NMSE: -2.3666e+01 (epoch=190)

I 06.17/09:34:35 solver.py:221 ] Epoch: [204/400][20/391] lr: 1.36e-04 | MSE loss: 5.5119e-06 | time: 0.147
I 06.17/09:34:38 solver.py:221 ] Epoch: [204/400][40/391] lr: 1.36e-04 | MSE loss: 4.0784e-06 | time: 0.151
I 06.17/09:34:42 solver.py:221 ] Epoch: [204/400][60/391] lr: 1.36e-04 | MSE loss: 3.3043e-06 | time: 0.157
I 06.17/09:34:45 solver.py:221 ] Epoch: [204/400][80/391] lr: 1.36e-04 | MSE loss: 2.9227e-06 | time: 0.158
I 06.17/09:34:48 solver.py:221 ] Epoch: [204/400][100/391] lr: 1.36e-04 | MSE loss: 2.7022e-06 | time: 0.161
I 06.17/09:34:52 solver.py:221 ] Epoch: [204/400][120/391] lr: 1.36e-04 | MSE loss: 2.6056e-06 | time: 0.160
I 06.17/09:34:55 solver.py:221 ] Epoch: [204/400][140/391] lr: 1.36e-04 | MSE loss: 2.5141e-06 | time: 0.160
I 06.17/09:34:58 solver.py:221 ] Epoch: [204/400][160/391] lr: 1.36e-04 | MSE loss: 2.4386e-06 | time: 0.159
I 06.17/09:35:01 solver.py:221 ] Epoch: [204/400][180/391] lr: 1.36e-04 | MSE loss: 2.3973e-06 | time: 0.159
I 06.17/09:35:05 solver.py:221 ] Epoch: [204/400][200/391] lr: 1.36e-04 | MSE loss: 2.3806e-06 | time: 0.165
I 06.17/09:35:08 solver.py:221 ] Epoch: [204/400][220/391] lr: 1.36e-04 | MSE loss: 2.3880e-06 | time: 0.163
I 06.17/09:35:11 solver.py:221 ] Epoch: [204/400][240/391] lr: 1.36e-04 | MSE loss: 2.3496e-06 | time: 0.163
I 06.17/09:35:15 solver.py:221 ] Epoch: [204/400][260/391] lr: 1.36e-04 | MSE loss: 2.3531e-06 | time: 0.163
I 06.17/09:35:18 solver.py:221 ] Epoch: [204/400][280/391] lr: 1.36e-04 | MSE loss: 2.3469e-06 | time: 0.163
I 06.17/09:35:21 solver.py:221 ] Epoch: [204/400][300/391] lr: 1.36e-04 | MSE loss: 2.3620e-06 | time: 0.163
I 06.17/09:35:25 solver.py:221 ] Epoch: [204/400][320/391] lr: 1.36e-04 | MSE loss: 2.3428e-06 | time: 0.163
I 06.17/09:35:28 solver.py:221 ] Epoch: [204/400][340/391] lr: 1.36e-04 | MSE loss: 2.3738e-06 | time: 0.163
I 06.17/09:35:31 solver.py:221 ] Epoch: [204/400][360/391] lr: 1.35e-04 | MSE loss: 2.3621e-06 | time: 0.162
I 06.17/09:35:34 solver.py:221 ] Epoch: [204/400][380/391] lr: 1.35e-04 | MSE loss: 2.3378e-06 | time: 0.162
I 06.17/09:35:36 solver.py:243 ] => Train  Loss: 2.3217e-06

I 06.17/09:35:36 solver.py:337 ] 
=! Best NMSE: -2.3666e+01 (epoch=190)

I 06.17/09:35:39 solver.py:221 ] Epoch: [205/400][20/391] lr: 1.35e-04 | MSE loss: 1.7876e-06 | time: 0.139
I 06.17/09:35:42 solver.py:221 ] Epoch: [205/400][40/391] lr: 1.35e-04 | MSE loss: 1.8158e-06 | time: 0.150
I 06.17/09:35:45 solver.py:221 ] Epoch: [205/400][60/391] lr: 1.35e-04 | MSE loss: 2.2052e-06 | time: 0.156
I 06.17/09:35:49 solver.py:221 ] Epoch: [205/400][80/391] lr: 1.35e-04 | MSE loss: 2.2419e-06 | time: 0.157
I 06.17/09:35:52 solver.py:221 ] Epoch: [205/400][100/391] lr: 1.35e-04 | MSE loss: 2.1552e-06 | time: 0.157
I 06.17/09:35:55 solver.py:221 ] Epoch: [205/400][120/391] lr: 1.35e-04 | MSE loss: 2.1440e-06 | time: 0.157
I 06.17/09:35:58 solver.py:221 ] Epoch: [205/400][140/391] lr: 1.35e-04 | MSE loss: 2.2430e-06 | time: 0.157
I 06.17/09:36:01 solver.py:221 ] Epoch: [205/400][160/391] lr: 1.35e-04 | MSE loss: 2.3886e-06 | time: 0.159
I 06.17/09:36:06 solver.py:221 ] Epoch: [205/400][180/391] lr: 1.35e-04 | MSE loss: 2.3519e-06 | time: 0.164
I 06.17/09:36:09 solver.py:221 ] Epoch: [205/400][200/391] lr: 1.35e-04 | MSE loss: 2.3088e-06 | time: 0.164
I 06.17/09:36:12 solver.py:221 ] Epoch: [205/400][220/391] lr: 1.35e-04 | MSE loss: 2.2657e-06 | time: 0.163
I 06.17/09:36:15 solver.py:221 ] Epoch: [205/400][240/391] lr: 1.35e-04 | MSE loss: 2.2980e-06 | time: 0.163
I 06.17/09:36:19 solver.py:221 ] Epoch: [205/400][260/391] lr: 1.35e-04 | MSE loss: 2.3002e-06 | time: 0.163
I 06.17/09:36:22 solver.py:221 ] Epoch: [205/400][280/391] lr: 1.35e-04 | MSE loss: 2.2726e-06 | time: 0.163
I 06.17/09:36:25 solver.py:221 ] Epoch: [205/400][300/391] lr: 1.35e-04 | MSE loss: 2.2582e-06 | time: 0.163
I 06.17/09:36:28 solver.py:221 ] Epoch: [205/400][320/391] lr: 1.35e-04 | MSE loss: 2.2376e-06 | time: 0.163
I 06.17/09:36:31 solver.py:221 ] Epoch: [205/400][340/391] lr: 1.35e-04 | MSE loss: 2.2387e-06 | time: 0.162
I 06.17/09:36:35 solver.py:221 ] Epoch: [205/400][360/391] lr: 1.35e-04 | MSE loss: 2.2551e-06 | time: 0.162
I 06.17/09:36:38 solver.py:221 ] Epoch: [205/400][380/391] lr: 1.35e-04 | MSE loss: 2.2662e-06 | time: 0.162
I 06.17/09:36:40 solver.py:243 ] => Train  Loss: 2.2570e-06

I 06.17/09:36:40 solver.py:337 ] 
=! Best NMSE: -2.3666e+01 (epoch=190)

I 06.17/09:36:43 solver.py:221 ] Epoch: [206/400][20/391] lr: 1.35e-04 | MSE loss: 2.7083e-06 | time: 0.143
I 06.17/09:36:46 solver.py:221 ] Epoch: [206/400][40/391] lr: 1.35e-04 | MSE loss: 2.4535e-06 | time: 0.156
I 06.17/09:36:49 solver.py:221 ] Epoch: [206/400][60/391] lr: 1.35e-04 | MSE loss: 2.2099e-06 | time: 0.156
I 06.17/09:36:53 solver.py:221 ] Epoch: [206/400][80/391] lr: 1.35e-04 | MSE loss: 2.1467e-06 | time: 0.157
I 06.17/09:36:56 solver.py:221 ] Epoch: [206/400][100/391] lr: 1.35e-04 | MSE loss: 2.2284e-06 | time: 0.157
I 06.17/09:36:59 solver.py:221 ] Epoch: [206/400][120/391] lr: 1.35e-04 | MSE loss: 2.3174e-06 | time: 0.156
I 06.17/09:37:02 solver.py:221 ] Epoch: [206/400][140/391] lr: 1.35e-04 | MSE loss: 2.2451e-06 | time: 0.157
I 06.17/09:37:06 solver.py:221 ] Epoch: [206/400][160/391] lr: 1.35e-04 | MSE loss: 2.2071e-06 | time: 0.162
I 06.17/09:37:09 solver.py:221 ] Epoch: [206/400][180/391] lr: 1.34e-04 | MSE loss: 2.1683e-06 | time: 0.163
I 06.17/09:37:13 solver.py:221 ] Epoch: [206/400][200/391] lr: 1.34e-04 | MSE loss: 2.2625e-06 | time: 0.163
I 06.17/09:37:16 solver.py:221 ] Epoch: [206/400][220/391] lr: 1.34e-04 | MSE loss: 2.2533e-06 | time: 0.164
I 06.17/09:37:19 solver.py:221 ] Epoch: [206/400][240/391] lr: 1.34e-04 | MSE loss: 2.2565e-06 | time: 0.163
I 06.17/09:37:22 solver.py:221 ] Epoch: [206/400][260/391] lr: 1.34e-04 | MSE loss: 2.2623e-06 | time: 0.163
I 06.17/09:37:25 solver.py:221 ] Epoch: [206/400][280/391] lr: 1.34e-04 | MSE loss: 2.2417e-06 | time: 0.162
I 06.17/09:37:28 solver.py:221 ] Epoch: [206/400][300/391] lr: 1.34e-04 | MSE loss: 2.2080e-06 | time: 0.162
I 06.17/09:37:32 solver.py:221 ] Epoch: [206/400][320/391] lr: 1.34e-04 | MSE loss: 2.2116e-06 | time: 0.161
I 06.17/09:37:35 solver.py:221 ] Epoch: [206/400][340/391] lr: 1.34e-04 | MSE loss: 2.2165e-06 | time: 0.161
I 06.17/09:37:38 solver.py:221 ] Epoch: [206/400][360/391] lr: 1.34e-04 | MSE loss: 2.2354e-06 | time: 0.162
I 06.17/09:37:41 solver.py:221 ] Epoch: [206/400][380/391] lr: 1.34e-04 | MSE loss: 2.2426e-06 | time: 0.162
I 06.17/09:37:43 solver.py:243 ] => Train  Loss: 2.2304e-06

I 06.17/09:37:43 solver.py:337 ] 
=! Best NMSE: -2.3666e+01 (epoch=190)

I 06.17/09:37:47 solver.py:221 ] Epoch: [207/400][20/391] lr: 1.34e-04 | MSE loss: 1.8872e-06 | time: 0.149
I 06.17/09:37:50 solver.py:221 ] Epoch: [207/400][40/391] lr: 1.34e-04 | MSE loss: 1.8898e-06 | time: 0.157
I 06.17/09:37:53 solver.py:221 ] Epoch: [207/400][60/391] lr: 1.34e-04 | MSE loss: 1.9402e-06 | time: 0.158
I 06.17/09:37:56 solver.py:221 ] Epoch: [207/400][80/391] lr: 1.34e-04 | MSE loss: 1.9204e-06 | time: 0.157
I 06.17/09:37:59 solver.py:221 ] Epoch: [207/400][100/391] lr: 1.34e-04 | MSE loss: 1.9666e-06 | time: 0.156
I 06.17/09:38:02 solver.py:221 ] Epoch: [207/400][120/391] lr: 1.34e-04 | MSE loss: 2.2456e-06 | time: 0.160
I 06.17/09:38:07 solver.py:221 ] Epoch: [207/400][140/391] lr: 1.34e-04 | MSE loss: 2.2865e-06 | time: 0.165
I 06.17/09:38:10 solver.py:221 ] Epoch: [207/400][160/391] lr: 1.34e-04 | MSE loss: 2.3071e-06 | time: 0.164
I 06.17/09:38:13 solver.py:221 ] Epoch: [207/400][180/391] lr: 1.34e-04 | MSE loss: 2.2565e-06 | time: 0.164
I 06.17/09:38:16 solver.py:221 ] Epoch: [207/400][200/391] lr: 1.34e-04 | MSE loss: 2.2104e-06 | time: 0.163
I 06.17/09:38:19 solver.py:221 ] Epoch: [207/400][220/391] lr: 1.34e-04 | MSE loss: 2.1674e-06 | time: 0.163
I 06.17/09:38:23 solver.py:221 ] Epoch: [207/400][240/391] lr: 1.34e-04 | MSE loss: 2.2284e-06 | time: 0.162
I 06.17/09:38:26 solver.py:221 ] Epoch: [207/400][260/391] lr: 1.34e-04 | MSE loss: 2.2275e-06 | time: 0.162
I 06.17/09:38:29 solver.py:221 ] Epoch: [207/400][280/391] lr: 1.34e-04 | MSE loss: 2.2080e-06 | time: 0.162
I 06.17/09:38:32 solver.py:221 ] Epoch: [207/400][300/391] lr: 1.34e-04 | MSE loss: 2.2238e-06 | time: 0.162
I 06.17/09:38:35 solver.py:221 ] Epoch: [207/400][320/391] lr: 1.34e-04 | MSE loss: 2.2289e-06 | time: 0.162
I 06.17/09:38:39 solver.py:221 ] Epoch: [207/400][340/391] lr: 1.34e-04 | MSE loss: 2.2060e-06 | time: 0.161
I 06.17/09:38:42 solver.py:221 ] Epoch: [207/400][360/391] lr: 1.34e-04 | MSE loss: 2.1930e-06 | time: 0.161
I 06.17/09:38:45 solver.py:221 ] Epoch: [207/400][380/391] lr: 1.34e-04 | MSE loss: 2.1781e-06 | time: 0.161
I 06.17/09:38:47 solver.py:243 ] => Train  Loss: 2.1863e-06

I 06.17/09:38:47 solver.py:337 ] 
=! Best NMSE: -2.3666e+01 (epoch=190)

I 06.17/09:38:50 solver.py:221 ] Epoch: [208/400][20/391] lr: 1.33e-04 | MSE loss: 2.8707e-06 | time: 0.144
I 06.17/09:38:53 solver.py:221 ] Epoch: [208/400][40/391] lr: 1.33e-04 | MSE loss: 2.5920e-06 | time: 0.150
I 06.17/09:38:56 solver.py:221 ] Epoch: [208/400][60/391] lr: 1.33e-04 | MSE loss: 2.3605e-06 | time: 0.153
I 06.17/09:39:00 solver.py:221 ] Epoch: [208/400][80/391] lr: 1.33e-04 | MSE loss: 2.2528e-06 | time: 0.156
I 06.17/09:39:03 solver.py:221 ] Epoch: [208/400][100/391] lr: 1.33e-04 | MSE loss: 2.1782e-06 | time: 0.160
I 06.17/09:39:06 solver.py:221 ] Epoch: [208/400][120/391] lr: 1.33e-04 | MSE loss: 2.1669e-06 | time: 0.161
I 06.17/09:39:10 solver.py:221 ] Epoch: [208/400][140/391] lr: 1.33e-04 | MSE loss: 2.2315e-06 | time: 0.162
I 06.17/09:39:13 solver.py:221 ] Epoch: [208/400][160/391] lr: 1.33e-04 | MSE loss: 2.4412e-06 | time: 0.162
I 06.17/09:39:16 solver.py:221 ] Epoch: [208/400][180/391] lr: 1.33e-04 | MSE loss: 2.4781e-06 | time: 0.162
I 06.17/09:39:19 solver.py:221 ] Epoch: [208/400][200/391] lr: 1.33e-04 | MSE loss: 2.4265e-06 | time: 0.161
I 06.17/09:39:22 solver.py:221 ] Epoch: [208/400][220/391] lr: 1.33e-04 | MSE loss: 2.3639e-06 | time: 0.161
I 06.17/09:39:26 solver.py:221 ] Epoch: [208/400][240/391] lr: 1.33e-04 | MSE loss: 2.3097e-06 | time: 0.161
I 06.17/09:39:29 solver.py:221 ] Epoch: [208/400][260/391] lr: 1.33e-04 | MSE loss: 2.2859e-06 | time: 0.161
I 06.17/09:39:32 solver.py:221 ] Epoch: [208/400][280/391] lr: 1.33e-04 | MSE loss: 2.2943e-06 | time: 0.161
I 06.17/09:39:35 solver.py:221 ] Epoch: [208/400][300/391] lr: 1.33e-04 | MSE loss: 2.2732e-06 | time: 0.161
I 06.17/09:39:38 solver.py:221 ] Epoch: [208/400][320/391] lr: 1.33e-04 | MSE loss: 2.2631e-06 | time: 0.161
I 06.17/09:39:42 solver.py:221 ] Epoch: [208/400][340/391] lr: 1.33e-04 | MSE loss: 2.2368e-06 | time: 0.161
I 06.17/09:39:45 solver.py:221 ] Epoch: [208/400][360/391] lr: 1.33e-04 | MSE loss: 2.2300e-06 | time: 0.160
I 06.17/09:39:48 solver.py:221 ] Epoch: [208/400][380/391] lr: 1.33e-04 | MSE loss: 2.2676e-06 | time: 0.160
I 06.17/09:39:50 solver.py:243 ] => Train  Loss: 2.2630e-06

I 06.17/09:39:50 solver.py:337 ] 
=! Best NMSE: -2.3666e+01 (epoch=190)

I 06.17/09:39:53 solver.py:221 ] Epoch: [209/400][20/391] lr: 1.33e-04 | MSE loss: 2.5894e-06 | time: 0.142
I 06.17/09:39:56 solver.py:221 ] Epoch: [209/400][40/391] lr: 1.33e-04 | MSE loss: 2.3009e-06 | time: 0.150
I 06.17/09:39:59 solver.py:221 ] Epoch: [209/400][60/391] lr: 1.33e-04 | MSE loss: 2.1446e-06 | time: 0.152
I 06.17/09:40:03 solver.py:221 ] Epoch: [209/400][80/391] lr: 1.33e-04 | MSE loss: 2.1389e-06 | time: 0.161
I 06.17/09:40:07 solver.py:221 ] Epoch: [209/400][100/391] lr: 1.33e-04 | MSE loss: 2.1017e-06 | time: 0.167
I 06.17/09:40:10 solver.py:221 ] Epoch: [209/400][120/391] lr: 1.33e-04 | MSE loss: 2.0818e-06 | time: 0.166
I 06.17/09:40:13 solver.py:221 ] Epoch: [209/400][140/391] lr: 1.33e-04 | MSE loss: 2.0820e-06 | time: 0.166
I 06.17/09:40:17 solver.py:221 ] Epoch: [209/400][160/391] lr: 1.33e-04 | MSE loss: 2.0588e-06 | time: 0.166
I 06.17/09:40:20 solver.py:221 ] Epoch: [209/400][180/391] lr: 1.33e-04 | MSE loss: 2.0915e-06 | time: 0.168
I 06.17/09:40:23 solver.py:221 ] Epoch: [209/400][200/391] lr: 1.33e-04 | MSE loss: 2.0815e-06 | time: 0.167
I 06.17/09:40:27 solver.py:221 ] Epoch: [209/400][220/391] lr: 1.32e-04 | MSE loss: 2.0990e-06 | time: 0.168
I 06.17/09:40:30 solver.py:221 ] Epoch: [209/400][240/391] lr: 1.32e-04 | MSE loss: 2.1113e-06 | time: 0.167
I 06.17/09:40:33 solver.py:221 ] Epoch: [209/400][260/391] lr: 1.32e-04 | MSE loss: 2.2488e-06 | time: 0.166
I 06.17/09:40:37 solver.py:221 ] Epoch: [209/400][280/391] lr: 1.32e-04 | MSE loss: 2.2334e-06 | time: 0.166
I 06.17/09:40:40 solver.py:221 ] Epoch: [209/400][300/391] lr: 1.32e-04 | MSE loss: 2.2026e-06 | time: 0.165
I 06.17/09:40:43 solver.py:221 ] Epoch: [209/400][320/391] lr: 1.32e-04 | MSE loss: 2.1668e-06 | time: 0.165
I 06.17/09:40:46 solver.py:221 ] Epoch: [209/400][340/391] lr: 1.32e-04 | MSE loss: 2.1513e-06 | time: 0.166
I 06.17/09:40:49 solver.py:221 ] Epoch: [209/400][360/391] lr: 1.32e-04 | MSE loss: 2.1362e-06 | time: 0.165
I 06.17/09:40:52 solver.py:221 ] Epoch: [209/400][380/391] lr: 1.32e-04 | MSE loss: 2.1289e-06 | time: 0.164
I 06.17/09:40:54 solver.py:243 ] => Train  Loss: 2.1547e-06

I 06.17/09:40:54 solver.py:337 ] 
=! Best NMSE: -2.3666e+01 (epoch=190)

I 06.17/09:40:57 solver.py:221 ] Epoch: [210/400][20/391] lr: 1.32e-04 | MSE loss: 2.9085e-06 | time: 0.134
I 06.17/09:41:00 solver.py:221 ] Epoch: [210/400][40/391] lr: 1.32e-04 | MSE loss: 2.4116e-06 | time: 0.141
I 06.17/09:41:05 solver.py:221 ] Epoch: [210/400][60/391] lr: 1.32e-04 | MSE loss: 2.2229e-06 | time: 0.173
I 06.17/09:41:08 solver.py:221 ] Epoch: [210/400][80/391] lr: 1.32e-04 | MSE loss: 2.3175e-06 | time: 0.162
I 06.17/09:41:11 solver.py:221 ] Epoch: [210/400][100/391] lr: 1.32e-04 | MSE loss: 2.3195e-06 | time: 0.160
I 06.17/09:41:14 solver.py:221 ] Epoch: [210/400][120/391] lr: 1.32e-04 | MSE loss: 2.2342e-06 | time: 0.160
I 06.17/09:41:17 solver.py:221 ] Epoch: [210/400][140/391] lr: 1.32e-04 | MSE loss: 2.1727e-06 | time: 0.161
I 06.17/09:41:20 solver.py:221 ] Epoch: [210/400][160/391] lr: 1.32e-04 | MSE loss: 2.1990e-06 | time: 0.161
I 06.17/09:41:23 solver.py:221 ] Epoch: [210/400][180/391] lr: 1.32e-04 | MSE loss: 2.1870e-06 | time: 0.159
I 06.17/09:41:26 solver.py:221 ] Epoch: [210/400][200/391] lr: 1.32e-04 | MSE loss: 2.1594e-06 | time: 0.159
I 06.17/09:41:30 solver.py:221 ] Epoch: [210/400][220/391] lr: 1.32e-04 | MSE loss: 2.1189e-06 | time: 0.158
I 06.17/09:41:33 solver.py:221 ] Epoch: [210/400][240/391] lr: 1.32e-04 | MSE loss: 2.1392e-06 | time: 0.158
I 06.17/09:41:36 solver.py:221 ] Epoch: [210/400][260/391] lr: 1.32e-04 | MSE loss: 2.1342e-06 | time: 0.158
I 06.17/09:41:39 solver.py:221 ] Epoch: [210/400][280/391] lr: 1.32e-04 | MSE loss: 2.2859e-06 | time: 0.158
I 06.17/09:41:42 solver.py:221 ] Epoch: [210/400][300/391] lr: 1.32e-04 | MSE loss: 2.2548e-06 | time: 0.158
I 06.17/09:41:45 solver.py:221 ] Epoch: [210/400][320/391] lr: 1.32e-04 | MSE loss: 2.2148e-06 | time: 0.158
I 06.17/09:41:48 solver.py:221 ] Epoch: [210/400][340/391] lr: 1.32e-04 | MSE loss: 2.1851e-06 | time: 0.158
I 06.17/09:41:51 solver.py:221 ] Epoch: [210/400][360/391] lr: 1.32e-04 | MSE loss: 2.1588e-06 | time: 0.158
I 06.17/09:41:55 solver.py:221 ] Epoch: [210/400][380/391] lr: 1.32e-04 | MSE loss: 2.1511e-06 | time: 0.158
I 06.17/09:41:56 solver.py:243 ] => Train  Loss: 2.1449e-06

I 06.17/09:41:57 solver.py:221 ] Epoch: [210/400][20/118] lr: 1.32e-04 | MSE loss: 3.1329e-06 | time: 0.036
I 06.17/09:41:58 solver.py:221 ] Epoch: [210/400][40/118] lr: 1.32e-04 | MSE loss: 3.1129e-06 | time: 0.031
I 06.17/09:41:58 solver.py:221 ] Epoch: [210/400][60/118] lr: 1.32e-04 | MSE loss: 3.1343e-06 | time: 0.034
I 06.17/09:41:59 solver.py:221 ] Epoch: [210/400][80/118] lr: 1.32e-04 | MSE loss: 3.1372e-06 | time: 0.036
I 06.17/09:42:00 solver.py:221 ] Epoch: [210/400][100/118] lr: 1.32e-04 | MSE loss: 3.1368e-06 | time: 0.035
I 06.17/09:42:02 solver.py:243 ] => Val  Loss: 3.1366e-06

I 06.17/09:42:06 solver.py:471 ] [20/79] loss: 3.2084e-06 | NMSE: -2.1490e+01 | time: 0.185
I 06.17/09:42:06 solver.py:471 ] [40/79] loss: 3.1692e-06 | NMSE: -2.1546e+01 | time: 0.115
I 06.17/09:42:07 solver.py:471 ] [60/79] loss: 3.1606e-06 | NMSE: -2.1547e+01 | time: 0.089
I 06.17/09:42:08 solver.py:476 ] => Test NMSE: -2.1559e+01

I 06.17/09:42:08 solver.py:337 ] 
=! Best NMSE: -2.3666e+01 (epoch=190)

I 06.17/09:42:11 solver.py:221 ] Epoch: [211/400][20/391] lr: 1.32e-04 | MSE loss: 2.5548e-06 | time: 0.155
I 06.17/09:42:14 solver.py:221 ] Epoch: [211/400][40/391] lr: 1.31e-04 | MSE loss: 2.1575e-06 | time: 0.154
I 06.17/09:42:18 solver.py:221 ] Epoch: [211/400][60/391] lr: 1.31e-04 | MSE loss: 2.0560e-06 | time: 0.158
I 06.17/09:42:21 solver.py:221 ] Epoch: [211/400][80/391] lr: 1.31e-04 | MSE loss: 2.3233e-06 | time: 0.160
I 06.17/09:42:24 solver.py:221 ] Epoch: [211/400][100/391] lr: 1.31e-04 | MSE loss: 2.2766e-06 | time: 0.162
I 06.17/09:42:28 solver.py:221 ] Epoch: [211/400][120/391] lr: 1.31e-04 | MSE loss: 2.2732e-06 | time: 0.162
I 06.17/09:42:31 solver.py:221 ] Epoch: [211/400][140/391] lr: 1.31e-04 | MSE loss: 2.2896e-06 | time: 0.162
I 06.17/09:42:34 solver.py:221 ] Epoch: [211/400][160/391] lr: 1.31e-04 | MSE loss: 2.2208e-06 | time: 0.161
I 06.17/09:42:37 solver.py:221 ] Epoch: [211/400][180/391] lr: 1.31e-04 | MSE loss: 2.1777e-06 | time: 0.161
I 06.17/09:42:40 solver.py:221 ] Epoch: [211/400][200/391] lr: 1.31e-04 | MSE loss: 2.1497e-06 | time: 0.160
I 06.17/09:42:43 solver.py:221 ] Epoch: [211/400][220/391] lr: 1.31e-04 | MSE loss: 2.1085e-06 | time: 0.160
I 06.17/09:42:46 solver.py:221 ] Epoch: [211/400][240/391] lr: 1.31e-04 | MSE loss: 2.2764e-06 | time: 0.159
I 06.17/09:42:50 solver.py:221 ] Epoch: [211/400][260/391] lr: 1.31e-04 | MSE loss: 2.2848e-06 | time: 0.159
I 06.17/09:42:53 solver.py:221 ] Epoch: [211/400][280/391] lr: 1.31e-04 | MSE loss: 2.2595e-06 | time: 0.159
I 06.17/09:42:56 solver.py:221 ] Epoch: [211/400][300/391] lr: 1.31e-04 | MSE loss: 2.2465e-06 | time: 0.159
I 06.17/09:42:59 solver.py:221 ] Epoch: [211/400][320/391] lr: 1.31e-04 | MSE loss: 2.2281e-06 | time: 0.159
I 06.17/09:43:02 solver.py:221 ] Epoch: [211/400][340/391] lr: 1.31e-04 | MSE loss: 2.2180e-06 | time: 0.159
I 06.17/09:43:07 solver.py:221 ] Epoch: [211/400][360/391] lr: 1.31e-04 | MSE loss: 2.2008e-06 | time: 0.162
I 06.17/09:43:10 solver.py:221 ] Epoch: [211/400][380/391] lr: 1.31e-04 | MSE loss: 2.1920e-06 | time: 0.162
I 06.17/09:43:11 solver.py:243 ] => Train  Loss: 2.1775e-06

I 06.17/09:43:11 solver.py:337 ] 
=! Best NMSE: -2.3666e+01 (epoch=190)

I 06.17/09:43:15 solver.py:221 ] Epoch: [212/400][20/391] lr: 1.31e-04 | MSE loss: 1.7607e-06 | time: 0.137
I 06.17/09:43:18 solver.py:221 ] Epoch: [212/400][40/391] lr: 1.31e-04 | MSE loss: 1.9520e-06 | time: 0.144
I 06.17/09:43:21 solver.py:221 ] Epoch: [212/400][60/391] lr: 1.31e-04 | MSE loss: 1.9280e-06 | time: 0.147
I 06.17/09:43:24 solver.py:221 ] Epoch: [212/400][80/391] lr: 1.31e-04 | MSE loss: 2.1279e-06 | time: 0.149
I 06.17/09:43:27 solver.py:221 ] Epoch: [212/400][100/391] lr: 1.31e-04 | MSE loss: 2.1626e-06 | time: 0.151
I 06.17/09:43:30 solver.py:221 ] Epoch: [212/400][120/391] lr: 1.31e-04 | MSE loss: 2.2337e-06 | time: 0.152
I 06.17/09:43:33 solver.py:221 ] Epoch: [212/400][140/391] lr: 1.31e-04 | MSE loss: 2.2279e-06 | time: 0.153
I 06.17/09:43:37 solver.py:221 ] Epoch: [212/400][160/391] lr: 1.31e-04 | MSE loss: 2.1916e-06 | time: 0.154
I 06.17/09:43:40 solver.py:221 ] Epoch: [212/400][180/391] lr: 1.31e-04 | MSE loss: 2.1592e-06 | time: 0.155
I 06.17/09:43:43 solver.py:221 ] Epoch: [212/400][200/391] lr: 1.31e-04 | MSE loss: 2.1846e-06 | time: 0.155
I 06.17/09:43:46 solver.py:221 ] Epoch: [212/400][220/391] lr: 1.31e-04 | MSE loss: 2.1468e-06 | time: 0.155
I 06.17/09:43:49 solver.py:221 ] Epoch: [212/400][240/391] lr: 1.30e-04 | MSE loss: 2.1143e-06 | time: 0.155
I 06.17/09:43:52 solver.py:221 ] Epoch: [212/400][260/391] lr: 1.30e-04 | MSE loss: 2.0913e-06 | time: 0.155
I 06.17/09:43:56 solver.py:221 ] Epoch: [212/400][280/391] lr: 1.30e-04 | MSE loss: 2.1406e-06 | time: 0.157
I 06.17/09:43:59 solver.py:221 ] Epoch: [212/400][300/391] lr: 1.30e-04 | MSE loss: 2.1519e-06 | time: 0.158
I 06.17/09:44:03 solver.py:221 ] Epoch: [212/400][320/391] lr: 1.30e-04 | MSE loss: 2.1526e-06 | time: 0.160
I 06.17/09:44:07 solver.py:221 ] Epoch: [212/400][340/391] lr: 1.30e-04 | MSE loss: 2.1395e-06 | time: 0.162
I 06.17/09:44:10 solver.py:221 ] Epoch: [212/400][360/391] lr: 1.30e-04 | MSE loss: 2.1276e-06 | time: 0.161
I 06.17/09:44:13 solver.py:221 ] Epoch: [212/400][380/391] lr: 1.30e-04 | MSE loss: 2.1201e-06 | time: 0.161
I 06.17/09:44:15 solver.py:243 ] => Train  Loss: 2.1296e-06

I 06.17/09:44:15 solver.py:337 ] 
=! Best NMSE: -2.3666e+01 (epoch=190)

I 06.17/09:44:18 solver.py:221 ] Epoch: [213/400][20/391] lr: 1.30e-04 | MSE loss: 2.9028e-06 | time: 0.149
I 06.17/09:44:21 solver.py:221 ] Epoch: [213/400][40/391] lr: 1.30e-04 | MSE loss: 2.3765e-06 | time: 0.154
I 06.17/09:44:25 solver.py:221 ] Epoch: [213/400][60/391] lr: 1.30e-04 | MSE loss: 2.4123e-06 | time: 0.158
I 06.17/09:44:28 solver.py:221 ] Epoch: [213/400][80/391] lr: 1.30e-04 | MSE loss: 2.2314e-06 | time: 0.158
I 06.17/09:44:31 solver.py:221 ] Epoch: [213/400][100/391] lr: 1.30e-04 | MSE loss: 2.1475e-06 | time: 0.158
I 06.17/09:44:34 solver.py:221 ] Epoch: [213/400][120/391] lr: 1.30e-04 | MSE loss: 2.1121e-06 | time: 0.157
I 06.17/09:44:37 solver.py:221 ] Epoch: [213/400][140/391] lr: 1.30e-04 | MSE loss: 2.1244e-06 | time: 0.157
I 06.17/09:44:40 solver.py:221 ] Epoch: [213/400][160/391] lr: 1.30e-04 | MSE loss: 2.1815e-06 | time: 0.156
I 06.17/09:44:43 solver.py:221 ] Epoch: [213/400][180/391] lr: 1.30e-04 | MSE loss: 2.1973e-06 | time: 0.157
I 06.17/09:44:46 solver.py:221 ] Epoch: [213/400][200/391] lr: 1.30e-04 | MSE loss: 2.1708e-06 | time: 0.156
I 06.17/09:44:50 solver.py:221 ] Epoch: [213/400][220/391] lr: 1.30e-04 | MSE loss: 2.2266e-06 | time: 0.157
I 06.17/09:44:53 solver.py:221 ] Epoch: [213/400][240/391] lr: 1.30e-04 | MSE loss: 2.2194e-06 | time: 0.157
I 06.17/09:44:56 solver.py:221 ] Epoch: [213/400][260/391] lr: 1.30e-04 | MSE loss: 2.2035e-06 | time: 0.158
I 06.17/09:45:00 solver.py:221 ] Epoch: [213/400][280/391] lr: 1.30e-04 | MSE loss: 2.1718e-06 | time: 0.159
I 06.17/09:45:03 solver.py:221 ] Epoch: [213/400][300/391] lr: 1.30e-04 | MSE loss: 2.1751e-06 | time: 0.161
I 06.17/09:45:07 solver.py:221 ] Epoch: [213/400][320/391] lr: 1.30e-04 | MSE loss: 2.1760e-06 | time: 0.161
I 06.17/09:45:10 solver.py:221 ] Epoch: [213/400][340/391] lr: 1.30e-04 | MSE loss: 2.1499e-06 | time: 0.161
I 06.17/09:45:13 solver.py:221 ] Epoch: [213/400][360/391] lr: 1.30e-04 | MSE loss: 2.1389e-06 | time: 0.161
I 06.17/09:45:17 solver.py:221 ] Epoch: [213/400][380/391] lr: 1.30e-04 | MSE loss: 2.1158e-06 | time: 0.162
I 06.17/09:45:19 solver.py:243 ] => Train  Loss: 2.1100e-06

I 06.17/09:45:19 solver.py:337 ] 
=! Best NMSE: -2.3666e+01 (epoch=190)

I 06.17/09:45:22 solver.py:221 ] Epoch: [214/400][20/391] lr: 1.30e-04 | MSE loss: 2.6658e-06 | time: 0.144
I 06.17/09:45:25 solver.py:221 ] Epoch: [214/400][40/391] lr: 1.30e-04 | MSE loss: 2.5545e-06 | time: 0.155
I 06.17/09:45:28 solver.py:221 ] Epoch: [214/400][60/391] lr: 1.29e-04 | MSE loss: 2.3166e-06 | time: 0.157
I 06.17/09:45:32 solver.py:221 ] Epoch: [214/400][80/391] lr: 1.29e-04 | MSE loss: 2.2888e-06 | time: 0.161
I 06.17/09:45:35 solver.py:221 ] Epoch: [214/400][100/391] lr: 1.29e-04 | MSE loss: 2.3359e-06 | time: 0.160
I 06.17/09:45:38 solver.py:221 ] Epoch: [214/400][120/391] lr: 1.29e-04 | MSE loss: 2.2570e-06 | time: 0.159
I 06.17/09:45:41 solver.py:221 ] Epoch: [214/400][140/391] lr: 1.29e-04 | MSE loss: 2.2119e-06 | time: 0.159
I 06.17/09:45:44 solver.py:221 ] Epoch: [214/400][160/391] lr: 1.29e-04 | MSE loss: 2.2018e-06 | time: 0.159
I 06.17/09:45:48 solver.py:221 ] Epoch: [214/400][180/391] lr: 1.29e-04 | MSE loss: 2.1911e-06 | time: 0.159
I 06.17/09:45:51 solver.py:221 ] Epoch: [214/400][200/391] lr: 1.29e-04 | MSE loss: 2.2179e-06 | time: 0.159
I 06.17/09:45:54 solver.py:221 ] Epoch: [214/400][220/391] lr: 1.29e-04 | MSE loss: 2.1962e-06 | time: 0.160
I 06.17/09:45:57 solver.py:221 ] Epoch: [214/400][240/391] lr: 1.29e-04 | MSE loss: 2.2057e-06 | time: 0.159
I 06.17/09:46:00 solver.py:221 ] Epoch: [214/400][260/391] lr: 1.29e-04 | MSE loss: 2.1735e-06 | time: 0.159
I 06.17/09:46:05 solver.py:221 ] Epoch: [214/400][280/391] lr: 1.29e-04 | MSE loss: 2.1524e-06 | time: 0.164
I 06.17/09:46:08 solver.py:221 ] Epoch: [214/400][300/391] lr: 1.29e-04 | MSE loss: 2.2008e-06 | time: 0.163
I 06.17/09:46:11 solver.py:221 ] Epoch: [214/400][320/391] lr: 1.29e-04 | MSE loss: 2.2340e-06 | time: 0.163
I 06.17/09:46:14 solver.py:221 ] Epoch: [214/400][340/391] lr: 1.29e-04 | MSE loss: 2.2269e-06 | time: 0.162
I 06.17/09:46:17 solver.py:221 ] Epoch: [214/400][360/391] lr: 1.29e-04 | MSE loss: 2.2326e-06 | time: 0.162
I 06.17/09:46:21 solver.py:221 ] Epoch: [214/400][380/391] lr: 1.29e-04 | MSE loss: 2.2363e-06 | time: 0.163
I 06.17/09:46:23 solver.py:243 ] => Train  Loss: 2.2352e-06

I 06.17/09:46:23 solver.py:337 ] 
=! Best NMSE: -2.3666e+01 (epoch=190)

I 06.17/09:46:26 solver.py:221 ] Epoch: [215/400][20/391] lr: 1.29e-04 | MSE loss: 1.5713e-06 | time: 0.147
I 06.17/09:46:29 solver.py:221 ] Epoch: [215/400][40/391] lr: 1.29e-04 | MSE loss: 1.5827e-06 | time: 0.162
I 06.17/09:46:33 solver.py:221 ] Epoch: [215/400][60/391] lr: 1.29e-04 | MSE loss: 1.5973e-06 | time: 0.160
I 06.17/09:46:36 solver.py:221 ] Epoch: [215/400][80/391] lr: 1.29e-04 | MSE loss: 1.6239e-06 | time: 0.159
I 06.17/09:46:39 solver.py:221 ] Epoch: [215/400][100/391] lr: 1.29e-04 | MSE loss: 1.7568e-06 | time: 0.158
I 06.17/09:46:42 solver.py:221 ] Epoch: [215/400][120/391] lr: 1.29e-04 | MSE loss: 1.9745e-06 | time: 0.158
I 06.17/09:46:46 solver.py:221 ] Epoch: [215/400][140/391] lr: 1.29e-04 | MSE loss: 1.9494e-06 | time: 0.160
I 06.17/09:46:49 solver.py:221 ] Epoch: [215/400][160/391] lr: 1.29e-04 | MSE loss: 1.9460e-06 | time: 0.161
I 06.17/09:46:52 solver.py:221 ] Epoch: [215/400][180/391] lr: 1.29e-04 | MSE loss: 1.9492e-06 | time: 0.160
I 06.17/09:46:55 solver.py:221 ] Epoch: [215/400][200/391] lr: 1.29e-04 | MSE loss: 1.9837e-06 | time: 0.159
I 06.17/09:46:58 solver.py:221 ] Epoch: [215/400][220/391] lr: 1.29e-04 | MSE loss: 1.9741e-06 | time: 0.159
I 06.17/09:47:01 solver.py:221 ] Epoch: [215/400][240/391] lr: 1.29e-04 | MSE loss: 1.9726e-06 | time: 0.159
I 06.17/09:47:05 solver.py:221 ] Epoch: [215/400][260/391] lr: 1.28e-04 | MSE loss: 1.9773e-06 | time: 0.163
I 06.17/09:47:08 solver.py:221 ] Epoch: [215/400][280/391] lr: 1.28e-04 | MSE loss: 1.9950e-06 | time: 0.162
I 06.17/09:47:12 solver.py:221 ] Epoch: [215/400][300/391] lr: 1.28e-04 | MSE loss: 1.9899e-06 | time: 0.162
I 06.17/09:47:15 solver.py:221 ] Epoch: [215/400][320/391] lr: 1.28e-04 | MSE loss: 2.0332e-06 | time: 0.163
I 06.17/09:47:18 solver.py:221 ] Epoch: [215/400][340/391] lr: 1.28e-04 | MSE loss: 2.0276e-06 | time: 0.163
I 06.17/09:47:21 solver.py:221 ] Epoch: [215/400][360/391] lr: 1.28e-04 | MSE loss: 2.0340e-06 | time: 0.162
I 06.17/09:47:25 solver.py:221 ] Epoch: [215/400][380/391] lr: 1.28e-04 | MSE loss: 2.0210e-06 | time: 0.162
I 06.17/09:47:26 solver.py:243 ] => Train  Loss: 2.0164e-06

I 06.17/09:47:26 solver.py:337 ] 
=! Best NMSE: -2.3666e+01 (epoch=190)

I 06.17/09:47:30 solver.py:221 ] Epoch: [216/400][20/391] lr: 1.28e-04 | MSE loss: 2.2107e-06 | time: 0.141
I 06.17/09:47:33 solver.py:221 ] Epoch: [216/400][40/391] lr: 1.28e-04 | MSE loss: 2.0144e-06 | time: 0.150
I 06.17/09:47:36 solver.py:221 ] Epoch: [216/400][60/391] lr: 1.28e-04 | MSE loss: 2.2853e-06 | time: 0.154
I 06.17/09:47:39 solver.py:221 ] Epoch: [216/400][80/391] lr: 1.28e-04 | MSE loss: 2.1939e-06 | time: 0.157
I 06.17/09:47:43 solver.py:221 ] Epoch: [216/400][100/391] lr: 1.28e-04 | MSE loss: 2.1171e-06 | time: 0.157
I 06.17/09:47:46 solver.py:221 ] Epoch: [216/400][120/391] lr: 1.28e-04 | MSE loss: 2.0720e-06 | time: 0.156
I 06.17/09:47:49 solver.py:221 ] Epoch: [216/400][140/391] lr: 1.28e-04 | MSE loss: 2.0496e-06 | time: 0.157
I 06.17/09:47:52 solver.py:221 ] Epoch: [216/400][160/391] lr: 1.28e-04 | MSE loss: 2.0005e-06 | time: 0.157
I 06.17/09:47:55 solver.py:221 ] Epoch: [216/400][180/391] lr: 1.28e-04 | MSE loss: 2.2205e-06 | time: 0.158
I 06.17/09:47:58 solver.py:221 ] Epoch: [216/400][200/391] lr: 1.28e-04 | MSE loss: 2.2951e-06 | time: 0.158
I 06.17/09:48:02 solver.py:221 ] Epoch: [216/400][220/391] lr: 1.28e-04 | MSE loss: 2.2506e-06 | time: 0.158
I 06.17/09:48:06 solver.py:221 ] Epoch: [216/400][240/391] lr: 1.28e-04 | MSE loss: 2.2075e-06 | time: 0.165
I 06.17/09:48:10 solver.py:221 ] Epoch: [216/400][260/391] lr: 1.28e-04 | MSE loss: 2.1658e-06 | time: 0.164
I 06.17/09:48:13 solver.py:221 ] Epoch: [216/400][280/391] lr: 1.28e-04 | MSE loss: 2.1337e-06 | time: 0.164
I 06.17/09:48:16 solver.py:221 ] Epoch: [216/400][300/391] lr: 1.28e-04 | MSE loss: 2.1333e-06 | time: 0.163
I 06.17/09:48:19 solver.py:221 ] Epoch: [216/400][320/391] lr: 1.28e-04 | MSE loss: 2.1287e-06 | time: 0.164
I 06.17/09:48:22 solver.py:221 ] Epoch: [216/400][340/391] lr: 1.28e-04 | MSE loss: 2.1020e-06 | time: 0.163
I 06.17/09:48:25 solver.py:221 ] Epoch: [216/400][360/391] lr: 1.28e-04 | MSE loss: 2.1084e-06 | time: 0.163
I 06.17/09:48:29 solver.py:221 ] Epoch: [216/400][380/391] lr: 1.28e-04 | MSE loss: 2.1434e-06 | time: 0.162
I 06.17/09:48:30 solver.py:243 ] => Train  Loss: 2.1434e-06

I 06.17/09:48:30 solver.py:337 ] 
=! Best NMSE: -2.3666e+01 (epoch=190)

I 06.17/09:48:34 solver.py:221 ] Epoch: [217/400][20/391] lr: 1.28e-04 | MSE loss: 1.8589e-06 | time: 0.144
I 06.17/09:48:37 solver.py:221 ] Epoch: [217/400][40/391] lr: 1.28e-04 | MSE loss: 1.9153e-06 | time: 0.151
I 06.17/09:48:40 solver.py:221 ] Epoch: [217/400][60/391] lr: 1.28e-04 | MSE loss: 1.9861e-06 | time: 0.156
I 06.17/09:48:43 solver.py:221 ] Epoch: [217/400][80/391] lr: 1.27e-04 | MSE loss: 1.9141e-06 | time: 0.158
I 06.17/09:48:47 solver.py:221 ] Epoch: [217/400][100/391] lr: 1.27e-04 | MSE loss: 1.9285e-06 | time: 0.159
I 06.17/09:48:50 solver.py:221 ] Epoch: [217/400][120/391] lr: 1.27e-04 | MSE loss: 1.8994e-06 | time: 0.158
I 06.17/09:48:53 solver.py:221 ] Epoch: [217/400][140/391] lr: 1.27e-04 | MSE loss: 1.8855e-06 | time: 0.158
I 06.17/09:48:56 solver.py:221 ] Epoch: [217/400][160/391] lr: 1.27e-04 | MSE loss: 1.9089e-06 | time: 0.157
I 06.17/09:48:59 solver.py:221 ] Epoch: [217/400][180/391] lr: 1.27e-04 | MSE loss: 1.9273e-06 | time: 0.159
I 06.17/09:49:04 solver.py:221 ] Epoch: [217/400][200/391] lr: 1.27e-04 | MSE loss: 1.9554e-06 | time: 0.167
I 06.17/09:49:07 solver.py:221 ] Epoch: [217/400][220/391] lr: 1.27e-04 | MSE loss: 1.9448e-06 | time: 0.165
I 06.17/09:49:10 solver.py:221 ] Epoch: [217/400][240/391] lr: 1.27e-04 | MSE loss: 2.0578e-06 | time: 0.165
I 06.17/09:49:13 solver.py:221 ] Epoch: [217/400][260/391] lr: 1.27e-04 | MSE loss: 2.1180e-06 | time: 0.165
I 06.17/09:49:17 solver.py:221 ] Epoch: [217/400][280/391] lr: 1.27e-04 | MSE loss: 2.1091e-06 | time: 0.164
I 06.17/09:49:20 solver.py:221 ] Epoch: [217/400][300/391] lr: 1.27e-04 | MSE loss: 2.0923e-06 | time: 0.164
I 06.17/09:49:23 solver.py:221 ] Epoch: [217/400][320/391] lr: 1.27e-04 | MSE loss: 2.0624e-06 | time: 0.163
I 06.17/09:49:26 solver.py:221 ] Epoch: [217/400][340/391] lr: 1.27e-04 | MSE loss: 2.0417e-06 | time: 0.164
I 06.17/09:49:30 solver.py:221 ] Epoch: [217/400][360/391] lr: 1.27e-04 | MSE loss: 2.0302e-06 | time: 0.164
I 06.17/09:49:33 solver.py:221 ] Epoch: [217/400][380/391] lr: 1.27e-04 | MSE loss: 2.0380e-06 | time: 0.164
I 06.17/09:49:34 solver.py:243 ] => Train  Loss: 2.0313e-06

I 06.17/09:49:35 solver.py:337 ] 
=! Best NMSE: -2.3666e+01 (epoch=190)

I 06.17/09:49:38 solver.py:221 ] Epoch: [218/400][20/391] lr: 1.27e-04 | MSE loss: 1.6387e-06 | time: 0.153
I 06.17/09:49:41 solver.py:221 ] Epoch: [218/400][40/391] lr: 1.27e-04 | MSE loss: 1.7633e-06 | time: 0.154
I 06.17/09:49:44 solver.py:221 ] Epoch: [218/400][60/391] lr: 1.27e-04 | MSE loss: 1.8350e-06 | time: 0.155
I 06.17/09:49:47 solver.py:221 ] Epoch: [218/400][80/391] lr: 1.27e-04 | MSE loss: 1.9280e-06 | time: 0.155
I 06.17/09:49:50 solver.py:221 ] Epoch: [218/400][100/391] lr: 1.27e-04 | MSE loss: 1.9399e-06 | time: 0.156
I 06.17/09:49:54 solver.py:221 ] Epoch: [218/400][120/391] lr: 1.27e-04 | MSE loss: 1.9635e-06 | time: 0.156
I 06.17/09:49:57 solver.py:221 ] Epoch: [218/400][140/391] lr: 1.27e-04 | MSE loss: 1.9633e-06 | time: 0.159
I 06.17/09:50:00 solver.py:221 ] Epoch: [218/400][160/391] lr: 1.27e-04 | MSE loss: 1.9603e-06 | time: 0.159
I 06.17/09:50:05 solver.py:221 ] Epoch: [218/400][180/391] lr: 1.27e-04 | MSE loss: 2.0472e-06 | time: 0.167
I 06.17/09:50:08 solver.py:221 ] Epoch: [218/400][200/391] lr: 1.27e-04 | MSE loss: 2.0452e-06 | time: 0.165
I 06.17/09:50:11 solver.py:221 ] Epoch: [218/400][220/391] lr: 1.27e-04 | MSE loss: 2.0720e-06 | time: 0.164
I 06.17/09:50:14 solver.py:221 ] Epoch: [218/400][240/391] lr: 1.27e-04 | MSE loss: 2.0565e-06 | time: 0.164
I 06.17/09:50:18 solver.py:221 ] Epoch: [218/400][260/391] lr: 1.27e-04 | MSE loss: 2.0388e-06 | time: 0.164
I 06.17/09:50:21 solver.py:221 ] Epoch: [218/400][280/391] lr: 1.26e-04 | MSE loss: 2.0290e-06 | time: 0.164
I 06.17/09:50:24 solver.py:221 ] Epoch: [218/400][300/391] lr: 1.26e-04 | MSE loss: 2.0518e-06 | time: 0.164
I 06.17/09:50:27 solver.py:221 ] Epoch: [218/400][320/391] lr: 1.26e-04 | MSE loss: 2.0476e-06 | time: 0.163
I 06.17/09:50:30 solver.py:221 ] Epoch: [218/400][340/391] lr: 1.26e-04 | MSE loss: 2.0630e-06 | time: 0.163
I 06.17/09:50:33 solver.py:221 ] Epoch: [218/400][360/391] lr: 1.26e-04 | MSE loss: 2.0558e-06 | time: 0.163
I 06.17/09:50:37 solver.py:221 ] Epoch: [218/400][380/391] lr: 1.26e-04 | MSE loss: 2.0780e-06 | time: 0.163
I 06.17/09:50:39 solver.py:243 ] => Train  Loss: 2.0765e-06

I 06.17/09:50:39 solver.py:337 ] 
=! Best NMSE: -2.3666e+01 (epoch=190)

I 06.17/09:50:42 solver.py:221 ] Epoch: [219/400][20/391] lr: 1.26e-04 | MSE loss: 2.2478e-06 | time: 0.142
I 06.17/09:50:45 solver.py:221 ] Epoch: [219/400][40/391] lr: 1.26e-04 | MSE loss: 1.9770e-06 | time: 0.148
I 06.17/09:50:48 solver.py:221 ] Epoch: [219/400][60/391] lr: 1.26e-04 | MSE loss: 1.8636e-06 | time: 0.154
I 06.17/09:50:52 solver.py:221 ] Epoch: [219/400][80/391] lr: 1.26e-04 | MSE loss: 1.9521e-06 | time: 0.159
I 06.17/09:50:55 solver.py:221 ] Epoch: [219/400][100/391] lr: 1.26e-04 | MSE loss: 1.9284e-06 | time: 0.159
I 06.17/09:50:58 solver.py:221 ] Epoch: [219/400][120/391] lr: 1.26e-04 | MSE loss: 1.8838e-06 | time: 0.158
I 06.17/09:51:01 solver.py:221 ] Epoch: [219/400][140/391] lr: 1.26e-04 | MSE loss: 1.9197e-06 | time: 0.157
I 06.17/09:51:06 solver.py:221 ] Epoch: [219/400][160/391] lr: 1.26e-04 | MSE loss: 1.9353e-06 | time: 0.166
I 06.17/09:51:09 solver.py:221 ] Epoch: [219/400][180/391] lr: 1.26e-04 | MSE loss: 1.9092e-06 | time: 0.165
I 06.17/09:51:12 solver.py:221 ] Epoch: [219/400][200/391] lr: 1.26e-04 | MSE loss: 1.8807e-06 | time: 0.165
I 06.17/09:51:15 solver.py:221 ] Epoch: [219/400][220/391] lr: 1.26e-04 | MSE loss: 1.9703e-06 | time: 0.165
I 06.17/09:51:19 solver.py:221 ] Epoch: [219/400][240/391] lr: 1.26e-04 | MSE loss: 1.9882e-06 | time: 0.164
I 06.17/09:51:22 solver.py:221 ] Epoch: [219/400][260/391] lr: 1.26e-04 | MSE loss: 1.9837e-06 | time: 0.164
I 06.17/09:51:25 solver.py:221 ] Epoch: [219/400][280/391] lr: 1.26e-04 | MSE loss: 2.0148e-06 | time: 0.164
I 06.17/09:51:28 solver.py:221 ] Epoch: [219/400][300/391] lr: 1.26e-04 | MSE loss: 1.9962e-06 | time: 0.164
I 06.17/09:51:31 solver.py:221 ] Epoch: [219/400][320/391] lr: 1.26e-04 | MSE loss: 1.9827e-06 | time: 0.164
I 06.17/09:51:35 solver.py:221 ] Epoch: [219/400][340/391] lr: 1.26e-04 | MSE loss: 1.9713e-06 | time: 0.163
I 06.17/09:51:38 solver.py:221 ] Epoch: [219/400][360/391] lr: 1.26e-04 | MSE loss: 1.9880e-06 | time: 0.163
I 06.17/09:51:41 solver.py:221 ] Epoch: [219/400][380/391] lr: 1.26e-04 | MSE loss: 1.9963e-06 | time: 0.163
I 06.17/09:51:43 solver.py:243 ] => Train  Loss: 2.0185e-06

I 06.17/09:51:43 solver.py:337 ] 
=! Best NMSE: -2.3666e+01 (epoch=190)

I 06.17/09:51:46 solver.py:221 ] Epoch: [220/400][20/391] lr: 1.26e-04 | MSE loss: 1.7740e-06 | time: 0.139
I 06.17/09:51:49 solver.py:221 ] Epoch: [220/400][40/391] lr: 1.26e-04 | MSE loss: 1.8460e-06 | time: 0.141
I 06.17/09:51:52 solver.py:221 ] Epoch: [220/400][60/391] lr: 1.26e-04 | MSE loss: 1.9119e-06 | time: 0.143
I 06.17/09:51:55 solver.py:221 ] Epoch: [220/400][80/391] lr: 1.26e-04 | MSE loss: 1.8703e-06 | time: 0.146
I 06.17/09:51:58 solver.py:221 ] Epoch: [220/400][100/391] lr: 1.25e-04 | MSE loss: 2.0613e-06 | time: 0.150
I 06.17/09:52:02 solver.py:221 ] Epoch: [220/400][120/391] lr: 1.25e-04 | MSE loss: 2.0109e-06 | time: 0.158
I 06.17/09:52:06 solver.py:221 ] Epoch: [220/400][140/391] lr: 1.25e-04 | MSE loss: 1.9624e-06 | time: 0.163
I 06.17/09:52:09 solver.py:221 ] Epoch: [220/400][160/391] lr: 1.25e-04 | MSE loss: 1.9406e-06 | time: 0.162
I 06.17/09:52:13 solver.py:221 ] Epoch: [220/400][180/391] lr: 1.25e-04 | MSE loss: 1.9574e-06 | time: 0.163
I 06.17/09:52:16 solver.py:221 ] Epoch: [220/400][200/391] lr: 1.25e-04 | MSE loss: 1.9284e-06 | time: 0.162
I 06.17/09:52:19 solver.py:221 ] Epoch: [220/400][220/391] lr: 1.25e-04 | MSE loss: 2.0035e-06 | time: 0.161
I 06.17/09:52:22 solver.py:221 ] Epoch: [220/400][240/391] lr: 1.25e-04 | MSE loss: 2.0181e-06 | time: 0.161
I 06.17/09:52:25 solver.py:221 ] Epoch: [220/400][260/391] lr: 1.25e-04 | MSE loss: 2.0250e-06 | time: 0.161
I 06.17/09:52:28 solver.py:221 ] Epoch: [220/400][280/391] lr: 1.25e-04 | MSE loss: 2.0280e-06 | time: 0.160
I 06.17/09:52:32 solver.py:221 ] Epoch: [220/400][300/391] lr: 1.25e-04 | MSE loss: 2.0160e-06 | time: 0.162
I 06.17/09:52:35 solver.py:221 ] Epoch: [220/400][320/391] lr: 1.25e-04 | MSE loss: 2.0035e-06 | time: 0.162
I 06.17/09:52:38 solver.py:221 ] Epoch: [220/400][340/391] lr: 1.25e-04 | MSE loss: 1.9825e-06 | time: 0.162
I 06.17/09:52:42 solver.py:221 ] Epoch: [220/400][360/391] lr: 1.25e-04 | MSE loss: 1.9944e-06 | time: 0.162
I 06.17/09:52:45 solver.py:221 ] Epoch: [220/400][380/391] lr: 1.25e-04 | MSE loss: 1.9809e-06 | time: 0.162
I 06.17/09:52:47 solver.py:243 ] => Train  Loss: 1.9945e-06

I 06.17/09:52:48 solver.py:221 ] Epoch: [220/400][20/118] lr: 1.25e-04 | MSE loss: 2.1937e-06 | time: 0.030
I 06.17/09:52:49 solver.py:221 ] Epoch: [220/400][40/118] lr: 1.25e-04 | MSE loss: 2.1747e-06 | time: 0.039
I 06.17/09:52:49 solver.py:221 ] Epoch: [220/400][60/118] lr: 1.25e-04 | MSE loss: 2.1964e-06 | time: 0.036
I 06.17/09:52:50 solver.py:221 ] Epoch: [220/400][80/118] lr: 1.25e-04 | MSE loss: 2.1988e-06 | time: 0.037
I 06.17/09:52:51 solver.py:221 ] Epoch: [220/400][100/118] lr: 1.25e-04 | MSE loss: 2.1980e-06 | time: 0.037
I 06.17/09:52:51 solver.py:243 ] => Val  Loss: 2.1972e-06

I 06.17/09:52:52 solver.py:471 ] [20/79] loss: 2.2600e-06 | NMSE: -2.3011e+01 | time: 0.034
I 06.17/09:52:53 solver.py:471 ] [40/79] loss: 2.2242e-06 | NMSE: -2.3083e+01 | time: 0.035
I 06.17/09:52:54 solver.py:471 ] [60/79] loss: 2.2175e-06 | NMSE: -2.3086e+01 | time: 0.038
I 06.17/09:52:55 solver.py:476 ] => Test NMSE: -2.3100e+01

I 06.17/09:52:55 solver.py:337 ] 
=! Best NMSE: -2.3666e+01 (epoch=190)

I 06.17/09:52:58 solver.py:221 ] Epoch: [221/400][20/391] lr: 1.25e-04 | MSE loss: 1.9245e-06 | time: 0.151
I 06.17/09:53:01 solver.py:221 ] Epoch: [221/400][40/391] lr: 1.25e-04 | MSE loss: 2.2606e-06 | time: 0.152
I 06.17/09:53:05 solver.py:221 ] Epoch: [221/400][60/391] lr: 1.25e-04 | MSE loss: 2.0605e-06 | time: 0.166
I 06.17/09:53:07 solver.py:221 ] Epoch: [221/400][80/391] lr: 1.25e-04 | MSE loss: 1.9310e-06 | time: 0.157
I 06.17/09:53:10 solver.py:221 ] Epoch: [221/400][100/391] lr: 1.25e-04 | MSE loss: 1.9075e-06 | time: 0.156
I 06.17/09:53:13 solver.py:221 ] Epoch: [221/400][120/391] lr: 1.25e-04 | MSE loss: 2.1434e-06 | time: 0.155
I 06.17/09:53:17 solver.py:221 ] Epoch: [221/400][140/391] lr: 1.25e-04 | MSE loss: 2.1583e-06 | time: 0.155
I 06.17/09:53:20 solver.py:221 ] Epoch: [221/400][160/391] lr: 1.25e-04 | MSE loss: 2.1175e-06 | time: 0.155
I 06.17/09:53:23 solver.py:221 ] Epoch: [221/400][180/391] lr: 1.25e-04 | MSE loss: 2.0632e-06 | time: 0.156
I 06.17/09:53:26 solver.py:221 ] Epoch: [221/400][200/391] lr: 1.25e-04 | MSE loss: 2.0160e-06 | time: 0.157
I 06.17/09:53:29 solver.py:221 ] Epoch: [221/400][220/391] lr: 1.25e-04 | MSE loss: 1.9810e-06 | time: 0.157
I 06.17/09:53:32 solver.py:221 ] Epoch: [221/400][240/391] lr: 1.25e-04 | MSE loss: 1.9800e-06 | time: 0.157
I 06.17/09:53:36 solver.py:221 ] Epoch: [221/400][260/391] lr: 1.25e-04 | MSE loss: 2.0345e-06 | time: 0.157
I 06.17/09:53:39 solver.py:221 ] Epoch: [221/400][280/391] lr: 1.25e-04 | MSE loss: 2.0603e-06 | time: 0.157
I 06.17/09:53:42 solver.py:221 ] Epoch: [221/400][300/391] lr: 1.24e-04 | MSE loss: 2.0780e-06 | time: 0.156
I 06.17/09:53:45 solver.py:221 ] Epoch: [221/400][320/391] lr: 1.24e-04 | MSE loss: 2.0620e-06 | time: 0.157
I 06.17/09:53:48 solver.py:221 ] Epoch: [221/400][340/391] lr: 1.24e-04 | MSE loss: 2.0379e-06 | time: 0.157
I 06.17/09:53:52 solver.py:221 ] Epoch: [221/400][360/391] lr: 1.24e-04 | MSE loss: 2.0172e-06 | time: 0.158
I 06.17/09:53:55 solver.py:221 ] Epoch: [221/400][380/391] lr: 1.24e-04 | MSE loss: 2.0052e-06 | time: 0.158
I 06.17/09:53:56 solver.py:243 ] => Train  Loss: 2.0032e-06

I 06.17/09:53:57 solver.py:337 ] 
=! Best NMSE: -2.3666e+01 (epoch=190)

I 06.17/09:54:00 solver.py:221 ] Epoch: [222/400][20/391] lr: 1.24e-04 | MSE loss: 1.6913e-06 | time: 0.154
I 06.17/09:54:04 solver.py:221 ] Epoch: [222/400][40/391] lr: 1.24e-04 | MSE loss: 2.6018e-06 | time: 0.176
I 06.17/09:54:06 solver.py:221 ] Epoch: [222/400][60/391] lr: 1.24e-04 | MSE loss: 2.6101e-06 | time: 0.155
I 06.17/09:54:09 solver.py:221 ] Epoch: [222/400][80/391] lr: 1.24e-04 | MSE loss: 2.4155e-06 | time: 0.156
I 06.17/09:54:13 solver.py:221 ] Epoch: [222/400][100/391] lr: 1.24e-04 | MSE loss: 2.2463e-06 | time: 0.157
I 06.17/09:54:16 solver.py:221 ] Epoch: [222/400][120/391] lr: 1.24e-04 | MSE loss: 2.1532e-06 | time: 0.158
I 06.17/09:54:19 solver.py:221 ] Epoch: [222/400][140/391] lr: 1.24e-04 | MSE loss: 2.0713e-06 | time: 0.159
I 06.17/09:54:22 solver.py:221 ] Epoch: [222/400][160/391] lr: 1.24e-04 | MSE loss: 2.0320e-06 | time: 0.159
I 06.17/09:54:26 solver.py:221 ] Epoch: [222/400][180/391] lr: 1.24e-04 | MSE loss: 2.0844e-06 | time: 0.159
I 06.17/09:54:29 solver.py:221 ] Epoch: [222/400][200/391] lr: 1.24e-04 | MSE loss: 2.0868e-06 | time: 0.158
I 06.17/09:54:32 solver.py:221 ] Epoch: [222/400][220/391] lr: 1.24e-04 | MSE loss: 2.0518e-06 | time: 0.158
I 06.17/09:54:35 solver.py:221 ] Epoch: [222/400][240/391] lr: 1.24e-04 | MSE loss: 2.0228e-06 | time: 0.158
I 06.17/09:54:38 solver.py:221 ] Epoch: [222/400][260/391] lr: 1.24e-04 | MSE loss: 2.0270e-06 | time: 0.159
I 06.17/09:54:42 solver.py:221 ] Epoch: [222/400][280/391] lr: 1.24e-04 | MSE loss: 2.0408e-06 | time: 0.159
I 06.17/09:54:45 solver.py:221 ] Epoch: [222/400][300/391] lr: 1.24e-04 | MSE loss: 2.0234e-06 | time: 0.159
I 06.17/09:54:48 solver.py:221 ] Epoch: [222/400][320/391] lr: 1.24e-04 | MSE loss: 2.0155e-06 | time: 0.159
I 06.17/09:54:51 solver.py:221 ] Epoch: [222/400][340/391] lr: 1.24e-04 | MSE loss: 2.0205e-06 | time: 0.159
I 06.17/09:54:54 solver.py:221 ] Epoch: [222/400][360/391] lr: 1.24e-04 | MSE loss: 2.0214e-06 | time: 0.159
I 06.17/09:54:57 solver.py:221 ] Epoch: [222/400][380/391] lr: 1.24e-04 | MSE loss: 2.0177e-06 | time: 0.159
I 06.17/09:54:59 solver.py:243 ] => Train  Loss: 2.0161e-06

I 06.17/09:54:59 solver.py:337 ] 
=! Best NMSE: -2.3666e+01 (epoch=190)

I 06.17/09:55:02 solver.py:221 ] Epoch: [223/400][20/391] lr: 1.24e-04 | MSE loss: 1.7453e-06 | time: 0.142
I 06.17/09:55:06 solver.py:221 ] Epoch: [223/400][40/391] lr: 1.24e-04 | MSE loss: 1.6316e-06 | time: 0.153
I 06.17/09:55:09 solver.py:221 ] Epoch: [223/400][60/391] lr: 1.24e-04 | MSE loss: 1.7041e-06 | time: 0.156
I 06.17/09:55:12 solver.py:221 ] Epoch: [223/400][80/391] lr: 1.24e-04 | MSE loss: 1.7793e-06 | time: 0.157
I 06.17/09:55:16 solver.py:221 ] Epoch: [223/400][100/391] lr: 1.24e-04 | MSE loss: 2.3097e-06 | time: 0.158
I 06.17/09:55:19 solver.py:221 ] Epoch: [223/400][120/391] lr: 1.23e-04 | MSE loss: 2.2869e-06 | time: 0.158
I 06.17/09:55:22 solver.py:221 ] Epoch: [223/400][140/391] lr: 1.23e-04 | MSE loss: 2.2132e-06 | time: 0.158
I 06.17/09:55:25 solver.py:221 ] Epoch: [223/400][160/391] lr: 1.23e-04 | MSE loss: 2.1457e-06 | time: 0.158
I 06.17/09:55:28 solver.py:221 ] Epoch: [223/400][180/391] lr: 1.23e-04 | MSE loss: 2.0848e-06 | time: 0.157
I 06.17/09:55:31 solver.py:221 ] Epoch: [223/400][200/391] lr: 1.23e-04 | MSE loss: 2.0459e-06 | time: 0.157
I 06.17/09:55:34 solver.py:221 ] Epoch: [223/400][220/391] lr: 1.23e-04 | MSE loss: 2.0230e-06 | time: 0.156
I 06.17/09:55:37 solver.py:221 ] Epoch: [223/400][240/391] lr: 1.23e-04 | MSE loss: 2.0364e-06 | time: 0.156
I 06.17/09:55:40 solver.py:221 ] Epoch: [223/400][260/391] lr: 1.23e-04 | MSE loss: 2.0145e-06 | time: 0.155
I 06.17/09:55:43 solver.py:221 ] Epoch: [223/400][280/391] lr: 1.23e-04 | MSE loss: 2.0156e-06 | time: 0.155
I 06.17/09:55:46 solver.py:221 ] Epoch: [223/400][300/391] lr: 1.23e-04 | MSE loss: 2.0031e-06 | time: 0.155
I 06.17/09:55:49 solver.py:221 ] Epoch: [223/400][320/391] lr: 1.23e-04 | MSE loss: 1.9874e-06 | time: 0.155
I 06.17/09:55:52 solver.py:221 ] Epoch: [223/400][340/391] lr: 1.23e-04 | MSE loss: 1.9668e-06 | time: 0.154
I 06.17/09:55:55 solver.py:221 ] Epoch: [223/400][360/391] lr: 1.23e-04 | MSE loss: 1.9700e-06 | time: 0.154
I 06.17/09:55:58 solver.py:221 ] Epoch: [223/400][380/391] lr: 1.23e-04 | MSE loss: 2.0509e-06 | time: 0.153
I 06.17/09:56:00 solver.py:243 ] => Train  Loss: 2.0466e-06

I 06.17/09:56:00 solver.py:337 ] 
=! Best NMSE: -2.3666e+01 (epoch=190)

I 06.17/09:56:02 solver.py:221 ] Epoch: [224/400][20/391] lr: 1.23e-04 | MSE loss: 1.8274e-06 | time: 0.134
I 06.17/09:56:05 solver.py:221 ] Epoch: [224/400][40/391] lr: 1.23e-04 | MSE loss: 1.8420e-06 | time: 0.126
I 06.17/09:56:08 solver.py:221 ] Epoch: [224/400][60/391] lr: 1.23e-04 | MSE loss: 1.8521e-06 | time: 0.126
I 06.17/09:56:11 solver.py:221 ] Epoch: [224/400][80/391] lr: 1.23e-04 | MSE loss: 1.8272e-06 | time: 0.133
I 06.17/09:56:14 solver.py:221 ] Epoch: [224/400][100/391] lr: 1.23e-04 | MSE loss: 1.8169e-06 | time: 0.137
I 06.17/09:56:17 solver.py:221 ] Epoch: [224/400][120/391] lr: 1.23e-04 | MSE loss: 1.8265e-06 | time: 0.139
I 06.17/09:56:20 solver.py:221 ] Epoch: [224/400][140/391] lr: 1.23e-04 | MSE loss: 1.8267e-06 | time: 0.140
I 06.17/09:56:23 solver.py:221 ] Epoch: [224/400][160/391] lr: 1.23e-04 | MSE loss: 1.8858e-06 | time: 0.141
I 06.17/09:56:26 solver.py:221 ] Epoch: [224/400][180/391] lr: 1.23e-04 | MSE loss: 1.9295e-06 | time: 0.142
I 06.17/09:56:28 solver.py:221 ] Epoch: [224/400][200/391] lr: 1.23e-04 | MSE loss: 1.9048e-06 | time: 0.142
I 06.17/09:56:31 solver.py:221 ] Epoch: [224/400][220/391] lr: 1.23e-04 | MSE loss: 1.9045e-06 | time: 0.142
I 06.17/09:56:34 solver.py:221 ] Epoch: [224/400][240/391] lr: 1.23e-04 | MSE loss: 1.9241e-06 | time: 0.143
I 06.17/09:56:37 solver.py:221 ] Epoch: [224/400][260/391] lr: 1.23e-04 | MSE loss: 1.9212e-06 | time: 0.143
I 06.17/09:56:40 solver.py:221 ] Epoch: [224/400][280/391] lr: 1.23e-04 | MSE loss: 1.9184e-06 | time: 0.144
I 06.17/09:56:43 solver.py:221 ] Epoch: [224/400][300/391] lr: 1.23e-04 | MSE loss: 1.9256e-06 | time: 0.144
I 06.17/09:56:46 solver.py:221 ] Epoch: [224/400][320/391] lr: 1.23e-04 | MSE loss: 1.9477e-06 | time: 0.145
I 06.17/09:56:50 solver.py:221 ] Epoch: [224/400][340/391] lr: 1.22e-04 | MSE loss: 1.9409e-06 | time: 0.146
I 06.17/09:56:53 solver.py:221 ] Epoch: [224/400][360/391] lr: 1.22e-04 | MSE loss: 1.9368e-06 | time: 0.146
I 06.17/09:56:56 solver.py:221 ] Epoch: [224/400][380/391] lr: 1.22e-04 | MSE loss: 1.9413e-06 | time: 0.147
I 06.17/09:56:57 solver.py:243 ] => Train  Loss: 1.9340e-06

I 06.17/09:56:57 solver.py:337 ] 
=! Best NMSE: -2.3666e+01 (epoch=190)

I 06.17/09:57:01 solver.py:221 ] Epoch: [225/400][20/391] lr: 1.22e-04 | MSE loss: 1.8454e-06 | time: 0.148
I 06.17/09:57:04 solver.py:221 ] Epoch: [225/400][40/391] lr: 1.22e-04 | MSE loss: 1.8710e-06 | time: 0.160
I 06.17/09:57:07 solver.py:221 ] Epoch: [225/400][60/391] lr: 1.22e-04 | MSE loss: 1.9167e-06 | time: 0.150
I 06.17/09:57:10 solver.py:221 ] Epoch: [225/400][80/391] lr: 1.22e-04 | MSE loss: 1.9230e-06 | time: 0.150
I 06.17/09:57:13 solver.py:221 ] Epoch: [225/400][100/391] lr: 1.22e-04 | MSE loss: 1.9584e-06 | time: 0.149
I 06.17/09:57:16 solver.py:221 ] Epoch: [225/400][120/391] lr: 1.22e-04 | MSE loss: 1.9351e-06 | time: 0.149
I 06.17/09:57:19 solver.py:221 ] Epoch: [225/400][140/391] lr: 1.22e-04 | MSE loss: 1.9696e-06 | time: 0.149
I 06.17/09:57:22 solver.py:221 ] Epoch: [225/400][160/391] lr: 1.22e-04 | MSE loss: 1.9478e-06 | time: 0.149
I 06.17/09:57:25 solver.py:221 ] Epoch: [225/400][180/391] lr: 1.22e-04 | MSE loss: 1.9329e-06 | time: 0.151
I 06.17/09:57:28 solver.py:221 ] Epoch: [225/400][200/391] lr: 1.22e-04 | MSE loss: 1.9030e-06 | time: 0.150
I 06.17/09:57:31 solver.py:221 ] Epoch: [225/400][220/391] lr: 1.22e-04 | MSE loss: 1.9052e-06 | time: 0.150
I 06.17/09:57:34 solver.py:221 ] Epoch: [225/400][240/391] lr: 1.22e-04 | MSE loss: 1.8798e-06 | time: 0.150
I 06.17/09:57:37 solver.py:221 ] Epoch: [225/400][260/391] lr: 1.22e-04 | MSE loss: 1.9858e-06 | time: 0.150
I 06.17/09:57:40 solver.py:221 ] Epoch: [225/400][280/391] lr: 1.22e-04 | MSE loss: 2.0511e-06 | time: 0.149
I 06.17/09:57:43 solver.py:221 ] Epoch: [225/400][300/391] lr: 1.22e-04 | MSE loss: 2.0298e-06 | time: 0.149
I 06.17/09:57:46 solver.py:221 ] Epoch: [225/400][320/391] lr: 1.22e-04 | MSE loss: 1.9991e-06 | time: 0.149
I 06.17/09:57:49 solver.py:221 ] Epoch: [225/400][340/391] lr: 1.22e-04 | MSE loss: 1.9715e-06 | time: 0.149
I 06.17/09:57:52 solver.py:221 ] Epoch: [225/400][360/391] lr: 1.22e-04 | MSE loss: 1.9488e-06 | time: 0.149
I 06.17/09:57:55 solver.py:221 ] Epoch: [225/400][380/391] lr: 1.22e-04 | MSE loss: 1.9352e-06 | time: 0.150
I 06.17/09:57:57 solver.py:243 ] => Train  Loss: 1.9911e-06

I 06.17/09:57:57 solver.py:337 ] 
=! Best NMSE: -2.3666e+01 (epoch=190)

I 06.17/09:58:00 solver.py:221 ] Epoch: [226/400][20/391] lr: 1.22e-04 | MSE loss: 3.4103e-06 | time: 0.136
I 06.17/09:58:03 solver.py:221 ] Epoch: [226/400][40/391] lr: 1.22e-04 | MSE loss: 2.6059e-06 | time: 0.160
I 06.17/09:58:06 solver.py:221 ] Epoch: [226/400][60/391] lr: 1.22e-04 | MSE loss: 2.2928e-06 | time: 0.156
I 06.17/09:58:09 solver.py:221 ] Epoch: [226/400][80/391] lr: 1.22e-04 | MSE loss: 2.1260e-06 | time: 0.154
I 06.17/09:58:12 solver.py:221 ] Epoch: [226/400][100/391] lr: 1.22e-04 | MSE loss: 2.0732e-06 | time: 0.153
I 06.17/09:58:15 solver.py:221 ] Epoch: [226/400][120/391] lr: 1.22e-04 | MSE loss: 2.0074e-06 | time: 0.152
I 06.17/09:58:18 solver.py:221 ] Epoch: [226/400][140/391] lr: 1.21e-04 | MSE loss: 1.9734e-06 | time: 0.153
I 06.17/09:58:21 solver.py:221 ] Epoch: [226/400][160/391] lr: 1.21e-04 | MSE loss: 1.9434e-06 | time: 0.153
I 06.17/09:58:25 solver.py:221 ] Epoch: [226/400][180/391] lr: 1.21e-04 | MSE loss: 1.9217e-06 | time: 0.153
I 06.17/09:58:28 solver.py:221 ] Epoch: [226/400][200/391] lr: 1.21e-04 | MSE loss: 1.9062e-06 | time: 0.153
I 06.17/09:58:31 solver.py:221 ] Epoch: [226/400][220/391] lr: 1.21e-04 | MSE loss: 1.9109e-06 | time: 0.153
I 06.17/09:58:34 solver.py:221 ] Epoch: [226/400][240/391] lr: 1.21e-04 | MSE loss: 1.9050e-06 | time: 0.154
I 06.17/09:58:37 solver.py:221 ] Epoch: [226/400][260/391] lr: 1.21e-04 | MSE loss: 1.8915e-06 | time: 0.153
I 06.17/09:58:40 solver.py:221 ] Epoch: [226/400][280/391] lr: 1.21e-04 | MSE loss: 1.9045e-06 | time: 0.153
I 06.17/09:58:43 solver.py:221 ] Epoch: [226/400][300/391] lr: 1.21e-04 | MSE loss: 1.9079e-06 | time: 0.152
I 06.17/09:58:46 solver.py:221 ] Epoch: [226/400][320/391] lr: 1.21e-04 | MSE loss: 1.9025e-06 | time: 0.152
I 06.17/09:58:49 solver.py:221 ] Epoch: [226/400][340/391] lr: 1.21e-04 | MSE loss: 1.9149e-06 | time: 0.152
I 06.17/09:58:52 solver.py:221 ] Epoch: [226/400][360/391] lr: 1.21e-04 | MSE loss: 1.9540e-06 | time: 0.152
I 06.17/09:58:55 solver.py:221 ] Epoch: [226/400][380/391] lr: 1.21e-04 | MSE loss: 1.9573e-06 | time: 0.152
I 06.17/09:58:56 solver.py:243 ] => Train  Loss: 1.9528e-06

I 06.17/09:58:57 solver.py:337 ] 
=! Best NMSE: -2.3666e+01 (epoch=190)

I 06.17/09:59:00 solver.py:221 ] Epoch: [227/400][20/391] lr: 1.21e-04 | MSE loss: 1.7079e-06 | time: 0.141
I 06.17/09:59:03 solver.py:221 ] Epoch: [227/400][40/391] lr: 1.21e-04 | MSE loss: 1.6539e-06 | time: 0.151
I 06.17/09:59:06 solver.py:221 ] Epoch: [227/400][60/391] lr: 1.21e-04 | MSE loss: 1.7065e-06 | time: 0.151
I 06.17/09:59:09 solver.py:221 ] Epoch: [227/400][80/391] lr: 1.21e-04 | MSE loss: 1.7854e-06 | time: 0.150
I 06.17/09:59:12 solver.py:221 ] Epoch: [227/400][100/391] lr: 1.21e-04 | MSE loss: 1.9227e-06 | time: 0.151
I 06.17/09:59:15 solver.py:221 ] Epoch: [227/400][120/391] lr: 1.21e-04 | MSE loss: 1.9122e-06 | time: 0.152
I 06.17/09:59:18 solver.py:221 ] Epoch: [227/400][140/391] lr: 1.21e-04 | MSE loss: 1.8885e-06 | time: 0.152
I 06.17/09:59:21 solver.py:221 ] Epoch: [227/400][160/391] lr: 1.21e-04 | MSE loss: 1.8599e-06 | time: 0.153
I 06.17/09:59:24 solver.py:221 ] Epoch: [227/400][180/391] lr: 1.21e-04 | MSE loss: 1.8623e-06 | time: 0.152
I 06.17/09:59:27 solver.py:221 ] Epoch: [227/400][200/391] lr: 1.21e-04 | MSE loss: 1.8602e-06 | time: 0.152
I 06.17/09:59:30 solver.py:221 ] Epoch: [227/400][220/391] lr: 1.21e-04 | MSE loss: 1.8598e-06 | time: 0.152
I 06.17/09:59:34 solver.py:221 ] Epoch: [227/400][240/391] lr: 1.21e-04 | MSE loss: 1.8689e-06 | time: 0.153
I 06.17/09:59:36 solver.py:221 ] Epoch: [227/400][260/391] lr: 1.21e-04 | MSE loss: 1.9121e-06 | time: 0.152
I 06.17/09:59:39 solver.py:221 ] Epoch: [227/400][280/391] lr: 1.21e-04 | MSE loss: 1.9119e-06 | time: 0.152
I 06.17/09:59:42 solver.py:221 ] Epoch: [227/400][300/391] lr: 1.21e-04 | MSE loss: 1.9180e-06 | time: 0.152
I 06.17/09:59:46 solver.py:221 ] Epoch: [227/400][320/391] lr: 1.21e-04 | MSE loss: 1.9340e-06 | time: 0.152
I 06.17/09:59:49 solver.py:221 ] Epoch: [227/400][340/391] lr: 1.21e-04 | MSE loss: 1.9390e-06 | time: 0.152
I 06.17/09:59:52 solver.py:221 ] Epoch: [227/400][360/391] lr: 1.20e-04 | MSE loss: 1.9410e-06 | time: 0.153
I 06.17/09:59:55 solver.py:221 ] Epoch: [227/400][380/391] lr: 1.20e-04 | MSE loss: 1.9389e-06 | time: 0.152
I 06.17/09:59:56 solver.py:243 ] => Train  Loss: 1.9328e-06

I 06.17/09:59:57 solver.py:337 ] 
=! Best NMSE: -2.3666e+01 (epoch=190)

I 06.17/10:00:00 solver.py:221 ] Epoch: [228/400][20/391] lr: 1.20e-04 | MSE loss: 1.5563e-06 | time: 0.146
I 06.17/10:00:04 solver.py:221 ] Epoch: [228/400][40/391] lr: 1.20e-04 | MSE loss: 1.6067e-06 | time: 0.174
I 06.17/10:00:07 solver.py:221 ] Epoch: [228/400][60/391] lr: 1.20e-04 | MSE loss: 1.6095e-06 | time: 0.161
I 06.17/10:00:10 solver.py:221 ] Epoch: [228/400][80/391] lr: 1.20e-04 | MSE loss: 1.6231e-06 | time: 0.157
I 06.17/10:00:12 solver.py:221 ] Epoch: [228/400][100/391] lr: 1.20e-04 | MSE loss: 1.6338e-06 | time: 0.155
I 06.17/10:00:15 solver.py:221 ] Epoch: [228/400][120/391] lr: 1.20e-04 | MSE loss: 1.6930e-06 | time: 0.154
I 06.17/10:00:18 solver.py:221 ] Epoch: [228/400][140/391] lr: 1.20e-04 | MSE loss: 1.9328e-06 | time: 0.153
I 06.17/10:00:21 solver.py:221 ] Epoch: [228/400][160/391] lr: 1.20e-04 | MSE loss: 1.9708e-06 | time: 0.153
I 06.17/10:00:24 solver.py:221 ] Epoch: [228/400][180/391] lr: 1.20e-04 | MSE loss: 1.9438e-06 | time: 0.153
I 06.17/10:00:27 solver.py:221 ] Epoch: [228/400][200/391] lr: 1.20e-04 | MSE loss: 1.9044e-06 | time: 0.152
I 06.17/10:00:30 solver.py:221 ] Epoch: [228/400][220/391] lr: 1.20e-04 | MSE loss: 1.8816e-06 | time: 0.152
I 06.17/10:00:34 solver.py:221 ] Epoch: [228/400][240/391] lr: 1.20e-04 | MSE loss: 1.8841e-06 | time: 0.152
I 06.17/10:00:37 solver.py:221 ] Epoch: [228/400][260/391] lr: 1.20e-04 | MSE loss: 1.8853e-06 | time: 0.153
I 06.17/10:00:40 solver.py:221 ] Epoch: [228/400][280/391] lr: 1.20e-04 | MSE loss: 1.8630e-06 | time: 0.153
I 06.17/10:00:43 solver.py:221 ] Epoch: [228/400][300/391] lr: 1.20e-04 | MSE loss: 1.8362e-06 | time: 0.153
I 06.17/10:00:46 solver.py:221 ] Epoch: [228/400][320/391] lr: 1.20e-04 | MSE loss: 1.9027e-06 | time: 0.152
I 06.17/10:00:49 solver.py:221 ] Epoch: [228/400][340/391] lr: 1.20e-04 | MSE loss: 1.9215e-06 | time: 0.152
I 06.17/10:00:52 solver.py:221 ] Epoch: [228/400][360/391] lr: 1.20e-04 | MSE loss: 1.9285e-06 | time: 0.152
I 06.17/10:00:55 solver.py:221 ] Epoch: [228/400][380/391] lr: 1.20e-04 | MSE loss: 1.9119e-06 | time: 0.151
I 06.17/10:00:56 solver.py:243 ] => Train  Loss: 1.9015e-06

I 06.17/10:00:56 solver.py:337 ] 
=! Best NMSE: -2.3666e+01 (epoch=190)

I 06.17/10:00:59 solver.py:221 ] Epoch: [229/400][20/391] lr: 1.20e-04 | MSE loss: 1.8254e-06 | time: 0.138
I 06.17/10:01:02 solver.py:221 ] Epoch: [229/400][40/391] lr: 1.20e-04 | MSE loss: 1.8370e-06 | time: 0.146
I 06.17/10:01:05 solver.py:221 ] Epoch: [229/400][60/391] lr: 1.20e-04 | MSE loss: 1.8980e-06 | time: 0.151
I 06.17/10:01:08 solver.py:221 ] Epoch: [229/400][80/391] lr: 1.20e-04 | MSE loss: 1.8322e-06 | time: 0.148
I 06.17/10:01:12 solver.py:221 ] Epoch: [229/400][100/391] lr: 1.20e-04 | MSE loss: 1.8384e-06 | time: 0.150
I 06.17/10:01:15 solver.py:221 ] Epoch: [229/400][120/391] lr: 1.20e-04 | MSE loss: 1.9111e-06 | time: 0.152
I 06.17/10:01:18 solver.py:221 ] Epoch: [229/400][140/391] lr: 1.20e-04 | MSE loss: 1.8743e-06 | time: 0.151
I 06.17/10:01:21 solver.py:221 ] Epoch: [229/400][160/391] lr: 1.20e-04 | MSE loss: 1.8319e-06 | time: 0.151
I 06.17/10:01:24 solver.py:221 ] Epoch: [229/400][180/391] lr: 1.19e-04 | MSE loss: 1.8219e-06 | time: 0.151
I 06.17/10:01:27 solver.py:221 ] Epoch: [229/400][200/391] lr: 1.19e-04 | MSE loss: 1.9410e-06 | time: 0.150
I 06.17/10:01:30 solver.py:221 ] Epoch: [229/400][220/391] lr: 1.19e-04 | MSE loss: 1.9238e-06 | time: 0.150
I 06.17/10:01:32 solver.py:221 ] Epoch: [229/400][240/391] lr: 1.19e-04 | MSE loss: 1.9661e-06 | time: 0.149
I 06.17/10:01:35 solver.py:221 ] Epoch: [229/400][260/391] lr: 1.19e-04 | MSE loss: 1.9913e-06 | time: 0.149
I 06.17/10:01:38 solver.py:221 ] Epoch: [229/400][280/391] lr: 1.19e-04 | MSE loss: 1.9710e-06 | time: 0.150
I 06.17/10:01:42 solver.py:221 ] Epoch: [229/400][300/391] lr: 1.19e-04 | MSE loss: 1.9586e-06 | time: 0.150
I 06.17/10:01:44 solver.py:221 ] Epoch: [229/400][320/391] lr: 1.19e-04 | MSE loss: 1.9544e-06 | time: 0.150
I 06.17/10:01:47 solver.py:221 ] Epoch: [229/400][340/391] lr: 1.19e-04 | MSE loss: 1.9484e-06 | time: 0.150
I 06.17/10:01:50 solver.py:221 ] Epoch: [229/400][360/391] lr: 1.19e-04 | MSE loss: 1.9294e-06 | time: 0.150
I 06.17/10:01:53 solver.py:221 ] Epoch: [229/400][380/391] lr: 1.19e-04 | MSE loss: 1.9244e-06 | time: 0.149
I 06.17/10:01:55 solver.py:243 ] => Train  Loss: 1.9314e-06

I 06.17/10:01:55 solver.py:337 ] 
=! Best NMSE: -2.3666e+01 (epoch=190)

I 06.17/10:01:58 solver.py:221 ] Epoch: [230/400][20/391] lr: 1.19e-04 | MSE loss: 1.8477e-06 | time: 0.151
I 06.17/10:02:01 solver.py:221 ] Epoch: [230/400][40/391] lr: 1.19e-04 | MSE loss: 1.6801e-06 | time: 0.160
I 06.17/10:02:05 solver.py:221 ] Epoch: [230/400][60/391] lr: 1.19e-04 | MSE loss: 1.6087e-06 | time: 0.169
I 06.17/10:02:08 solver.py:221 ] Epoch: [230/400][80/391] lr: 1.19e-04 | MSE loss: 1.6420e-06 | time: 0.162
I 06.17/10:02:11 solver.py:221 ] Epoch: [230/400][100/391] lr: 1.19e-04 | MSE loss: 1.7052e-06 | time: 0.160
I 06.17/10:02:14 solver.py:221 ] Epoch: [230/400][120/391] lr: 1.19e-04 | MSE loss: 1.7993e-06 | time: 0.157
I 06.17/10:02:16 solver.py:221 ] Epoch: [230/400][140/391] lr: 1.19e-04 | MSE loss: 1.9074e-06 | time: 0.151
I 06.17/10:02:19 solver.py:221 ] Epoch: [230/400][160/391] lr: 1.19e-04 | MSE loss: 1.9136e-06 | time: 0.148
I 06.17/10:02:21 solver.py:221 ] Epoch: [230/400][180/391] lr: 1.19e-04 | MSE loss: 1.8723e-06 | time: 0.145
I 06.17/10:02:24 solver.py:221 ] Epoch: [230/400][200/391] lr: 1.19e-04 | MSE loss: 1.8345e-06 | time: 0.145
I 06.17/10:02:27 solver.py:221 ] Epoch: [230/400][220/391] lr: 1.19e-04 | MSE loss: 1.8741e-06 | time: 0.145
I 06.17/10:02:30 solver.py:221 ] Epoch: [230/400][240/391] lr: 1.19e-04 | MSE loss: 1.9148e-06 | time: 0.145
I 06.17/10:02:33 solver.py:221 ] Epoch: [230/400][260/391] lr: 1.19e-04 | MSE loss: 1.8972e-06 | time: 0.145
I 06.17/10:02:36 solver.py:221 ] Epoch: [230/400][280/391] lr: 1.19e-04 | MSE loss: 1.9168e-06 | time: 0.145
I 06.17/10:02:39 solver.py:221 ] Epoch: [230/400][300/391] lr: 1.19e-04 | MSE loss: 1.9092e-06 | time: 0.145
I 06.17/10:02:42 solver.py:221 ] Epoch: [230/400][320/391] lr: 1.19e-04 | MSE loss: 1.9044e-06 | time: 0.145
I 06.17/10:02:45 solver.py:221 ] Epoch: [230/400][340/391] lr: 1.19e-04 | MSE loss: 1.8954e-06 | time: 0.147
I 06.17/10:02:48 solver.py:221 ] Epoch: [230/400][360/391] lr: 1.19e-04 | MSE loss: 1.8805e-06 | time: 0.146
I 06.17/10:02:51 solver.py:221 ] Epoch: [230/400][380/391] lr: 1.18e-04 | MSE loss: 1.8715e-06 | time: 0.147
I 06.17/10:02:53 solver.py:243 ] => Train  Loss: 1.8774e-06

I 06.17/10:02:54 solver.py:221 ] Epoch: [230/400][20/118] lr: 1.18e-04 | MSE loss: 5.8051e-06 | time: 0.046
I 06.17/10:02:55 solver.py:221 ] Epoch: [230/400][40/118] lr: 1.18e-04 | MSE loss: 5.7853e-06 | time: 0.038
I 06.17/10:02:55 solver.py:221 ] Epoch: [230/400][60/118] lr: 1.18e-04 | MSE loss: 5.8068e-06 | time: 0.039
I 06.17/10:02:56 solver.py:221 ] Epoch: [230/400][80/118] lr: 1.18e-04 | MSE loss: 5.8098e-06 | time: 0.037
I 06.17/10:02:57 solver.py:221 ] Epoch: [230/400][100/118] lr: 1.18e-04 | MSE loss: 5.8090e-06 | time: 0.036
I 06.17/10:02:57 solver.py:243 ] => Val  Loss: 5.8080e-06

I 06.17/10:02:58 solver.py:471 ] [20/79] loss: 5.8691e-06 | NMSE: -1.8867e+01 | time: 0.035
I 06.17/10:02:59 solver.py:471 ] [40/79] loss: 5.8338e-06 | NMSE: -1.8895e+01 | time: 0.034
I 06.17/10:03:00 solver.py:471 ] [60/79] loss: 5.8279e-06 | NMSE: -1.8890e+01 | time: 0.034
I 06.17/10:03:02 solver.py:476 ] => Test NMSE: -1.8899e+01

I 06.17/10:03:02 solver.py:337 ] 
=! Best NMSE: -2.3666e+01 (epoch=190)

I 06.17/10:03:06 solver.py:221 ] Epoch: [231/400][20/391] lr: 1.18e-04 | MSE loss: 2.4308e-06 | time: 0.182
I 06.17/10:03:09 solver.py:221 ] Epoch: [231/400][40/391] lr: 1.18e-04 | MSE loss: 2.0731e-06 | time: 0.166
I 06.17/10:03:12 solver.py:221 ] Epoch: [231/400][60/391] lr: 1.18e-04 | MSE loss: 2.0094e-06 | time: 0.161
I 06.17/10:03:15 solver.py:221 ] Epoch: [231/400][80/391] lr: 1.18e-04 | MSE loss: 1.9596e-06 | time: 0.160
I 06.17/10:03:18 solver.py:221 ] Epoch: [231/400][100/391] lr: 1.18e-04 | MSE loss: 1.9201e-06 | time: 0.159
I 06.17/10:03:21 solver.py:221 ] Epoch: [231/400][120/391] lr: 1.18e-04 | MSE loss: 1.9901e-06 | time: 0.158
I 06.17/10:03:24 solver.py:221 ] Epoch: [231/400][140/391] lr: 1.18e-04 | MSE loss: 1.9464e-06 | time: 0.156
I 06.17/10:03:27 solver.py:221 ] Epoch: [231/400][160/391] lr: 1.18e-04 | MSE loss: 1.9081e-06 | time: 0.155
I 06.17/10:03:30 solver.py:221 ] Epoch: [231/400][180/391] lr: 1.18e-04 | MSE loss: 1.9041e-06 | time: 0.154
I 06.17/10:03:33 solver.py:221 ] Epoch: [231/400][200/391] lr: 1.18e-04 | MSE loss: 1.8703e-06 | time: 0.154
I 06.17/10:03:36 solver.py:221 ] Epoch: [231/400][220/391] lr: 1.18e-04 | MSE loss: 1.8447e-06 | time: 0.153
I 06.17/10:03:39 solver.py:221 ] Epoch: [231/400][240/391] lr: 1.18e-04 | MSE loss: 1.8515e-06 | time: 0.152
I 06.17/10:03:41 solver.py:221 ] Epoch: [231/400][260/391] lr: 1.18e-04 | MSE loss: 1.8651e-06 | time: 0.151
I 06.17/10:03:44 solver.py:221 ] Epoch: [231/400][280/391] lr: 1.18e-04 | MSE loss: 1.8686e-06 | time: 0.150
I 06.17/10:03:47 solver.py:221 ] Epoch: [231/400][300/391] lr: 1.18e-04 | MSE loss: 1.8864e-06 | time: 0.149
I 06.17/10:03:50 solver.py:221 ] Epoch: [231/400][320/391] lr: 1.18e-04 | MSE loss: 1.8901e-06 | time: 0.149
I 06.17/10:03:53 solver.py:221 ] Epoch: [231/400][340/391] lr: 1.18e-04 | MSE loss: 1.8856e-06 | time: 0.149
I 06.17/10:03:56 solver.py:221 ] Epoch: [231/400][360/391] lr: 1.18e-04 | MSE loss: 1.9006e-06 | time: 0.150
I 06.17/10:03:59 solver.py:221 ] Epoch: [231/400][380/391] lr: 1.18e-04 | MSE loss: 1.9188e-06 | time: 0.150
I 06.17/10:04:01 solver.py:243 ] => Train  Loss: 1.9157e-06

I 06.17/10:04:01 solver.py:337 ] 
=! Best NMSE: -2.3666e+01 (epoch=190)

I 06.17/10:04:05 solver.py:221 ] Epoch: [232/400][20/391] lr: 1.18e-04 | MSE loss: 1.5918e-06 | time: 0.179
I 06.17/10:04:08 solver.py:221 ] Epoch: [232/400][40/391] lr: 1.18e-04 | MSE loss: 1.6173e-06 | time: 0.152
I 06.17/10:04:11 solver.py:221 ] Epoch: [232/400][60/391] lr: 1.18e-04 | MSE loss: 1.6343e-06 | time: 0.152
I 06.17/10:04:14 solver.py:221 ] Epoch: [232/400][80/391] lr: 1.18e-04 | MSE loss: 1.6758e-06 | time: 0.152
I 06.17/10:04:17 solver.py:221 ] Epoch: [232/400][100/391] lr: 1.18e-04 | MSE loss: 1.6744e-06 | time: 0.151
I 06.17/10:04:19 solver.py:221 ] Epoch: [232/400][120/391] lr: 1.18e-04 | MSE loss: 1.7798e-06 | time: 0.150
I 06.17/10:04:22 solver.py:221 ] Epoch: [232/400][140/391] lr: 1.18e-04 | MSE loss: 1.7859e-06 | time: 0.150
I 06.17/10:04:25 solver.py:221 ] Epoch: [232/400][160/391] lr: 1.18e-04 | MSE loss: 1.7600e-06 | time: 0.149
I 06.17/10:04:28 solver.py:221 ] Epoch: [232/400][180/391] lr: 1.18e-04 | MSE loss: 1.8093e-06 | time: 0.149
I 06.17/10:04:31 solver.py:221 ] Epoch: [232/400][200/391] lr: 1.17e-04 | MSE loss: 1.7986e-06 | time: 0.149
I 06.17/10:04:34 solver.py:221 ] Epoch: [232/400][220/391] lr: 1.17e-04 | MSE loss: 1.8025e-06 | time: 0.149
I 06.17/10:04:37 solver.py:221 ] Epoch: [232/400][240/391] lr: 1.17e-04 | MSE loss: 1.8172e-06 | time: 0.149
I 06.17/10:04:40 solver.py:221 ] Epoch: [232/400][260/391] lr: 1.17e-04 | MSE loss: 1.8254e-06 | time: 0.150
I 06.17/10:04:43 solver.py:221 ] Epoch: [232/400][280/391] lr: 1.17e-04 | MSE loss: 1.8229e-06 | time: 0.150
I 06.17/10:04:46 solver.py:221 ] Epoch: [232/400][300/391] lr: 1.17e-04 | MSE loss: 1.8618e-06 | time: 0.150
I 06.17/10:04:50 solver.py:221 ] Epoch: [232/400][320/391] lr: 1.17e-04 | MSE loss: 1.8703e-06 | time: 0.151
I 06.17/10:04:53 solver.py:221 ] Epoch: [232/400][340/391] lr: 1.17e-04 | MSE loss: 1.8584e-06 | time: 0.150
I 06.17/10:04:56 solver.py:221 ] Epoch: [232/400][360/391] lr: 1.17e-04 | MSE loss: 1.8604e-06 | time: 0.150
I 06.17/10:04:58 solver.py:221 ] Epoch: [232/400][380/391] lr: 1.17e-04 | MSE loss: 1.8676e-06 | time: 0.150
I 06.17/10:05:00 solver.py:243 ] => Train  Loss: 1.8756e-06

I 06.17/10:05:01 solver.py:337 ] 
=! Best NMSE: -2.3666e+01 (epoch=190)

I 06.17/10:05:05 solver.py:221 ] Epoch: [233/400][20/391] lr: 1.17e-04 | MSE loss: 1.6345e-06 | time: 0.189
I 06.17/10:05:08 solver.py:221 ] Epoch: [233/400][40/391] lr: 1.17e-04 | MSE loss: 1.6445e-06 | time: 0.166
I 06.17/10:05:11 solver.py:221 ] Epoch: [233/400][60/391] lr: 1.17e-04 | MSE loss: 1.7548e-06 | time: 0.158
I 06.17/10:05:14 solver.py:221 ] Epoch: [233/400][80/391] lr: 1.17e-04 | MSE loss: 1.7220e-06 | time: 0.155
I 06.17/10:05:16 solver.py:221 ] Epoch: [233/400][100/391] lr: 1.17e-04 | MSE loss: 1.6942e-06 | time: 0.154
I 06.17/10:05:19 solver.py:221 ] Epoch: [233/400][120/391] lr: 1.17e-04 | MSE loss: 1.9982e-06 | time: 0.153
I 06.17/10:05:22 solver.py:221 ] Epoch: [233/400][140/391] lr: 1.17e-04 | MSE loss: 1.9967e-06 | time: 0.152
I 06.17/10:05:25 solver.py:221 ] Epoch: [233/400][160/391] lr: 1.17e-04 | MSE loss: 1.9435e-06 | time: 0.152
I 06.17/10:05:28 solver.py:221 ] Epoch: [233/400][180/391] lr: 1.17e-04 | MSE loss: 1.8936e-06 | time: 0.151
I 06.17/10:05:31 solver.py:221 ] Epoch: [233/400][200/391] lr: 1.17e-04 | MSE loss: 1.8602e-06 | time: 0.151
I 06.17/10:05:34 solver.py:221 ] Epoch: [233/400][220/391] lr: 1.17e-04 | MSE loss: 1.8330e-06 | time: 0.151
I 06.17/10:05:37 solver.py:221 ] Epoch: [233/400][240/391] lr: 1.17e-04 | MSE loss: 1.8043e-06 | time: 0.151
I 06.17/10:05:40 solver.py:221 ] Epoch: [233/400][260/391] lr: 1.17e-04 | MSE loss: 1.8124e-06 | time: 0.151
I 06.17/10:05:43 solver.py:221 ] Epoch: [233/400][280/391] lr: 1.17e-04 | MSE loss: 1.8363e-06 | time: 0.151
I 06.17/10:05:47 solver.py:221 ] Epoch: [233/400][300/391] lr: 1.17e-04 | MSE loss: 1.8375e-06 | time: 0.151
I 06.17/10:05:50 solver.py:221 ] Epoch: [233/400][320/391] lr: 1.17e-04 | MSE loss: 1.8194e-06 | time: 0.151
I 06.17/10:05:53 solver.py:221 ] Epoch: [233/400][340/391] lr: 1.17e-04 | MSE loss: 1.8305e-06 | time: 0.152
I 06.17/10:05:56 solver.py:221 ] Epoch: [233/400][360/391] lr: 1.17e-04 | MSE loss: 1.8531e-06 | time: 0.152
I 06.17/10:05:59 solver.py:221 ] Epoch: [233/400][380/391] lr: 1.17e-04 | MSE loss: 1.8470e-06 | time: 0.152
I 06.17/10:06:00 solver.py:243 ] => Train  Loss: 1.8474e-06

I 06.17/10:06:01 solver.py:337 ] 
=! Best NMSE: -2.3666e+01 (epoch=190)

I 06.17/10:06:04 solver.py:221 ] Epoch: [234/400][20/391] lr: 1.16e-04 | MSE loss: 1.7521e-06 | time: 0.184
I 06.17/10:06:07 solver.py:221 ] Epoch: [234/400][40/391] lr: 1.16e-04 | MSE loss: 1.6210e-06 | time: 0.159
I 06.17/10:06:10 solver.py:221 ] Epoch: [234/400][60/391] lr: 1.16e-04 | MSE loss: 1.8531e-06 | time: 0.157
I 06.17/10:06:13 solver.py:221 ] Epoch: [234/400][80/391] lr: 1.16e-04 | MSE loss: 1.7746e-06 | time: 0.155
I 06.17/10:06:16 solver.py:221 ] Epoch: [234/400][100/391] lr: 1.16e-04 | MSE loss: 1.7803e-06 | time: 0.153
I 06.17/10:06:19 solver.py:221 ] Epoch: [234/400][120/391] lr: 1.16e-04 | MSE loss: 1.7547e-06 | time: 0.152
I 06.17/10:06:22 solver.py:221 ] Epoch: [234/400][140/391] lr: 1.16e-04 | MSE loss: 1.7465e-06 | time: 0.152
I 06.17/10:06:25 solver.py:221 ] Epoch: [234/400][160/391] lr: 1.16e-04 | MSE loss: 1.7422e-06 | time: 0.152
I 06.17/10:06:28 solver.py:221 ] Epoch: [234/400][180/391] lr: 1.16e-04 | MSE loss: 1.7350e-06 | time: 0.153
I 06.17/10:06:31 solver.py:221 ] Epoch: [234/400][200/391] lr: 1.16e-04 | MSE loss: 1.7176e-06 | time: 0.153
I 06.17/10:06:35 solver.py:221 ] Epoch: [234/400][220/391] lr: 1.16e-04 | MSE loss: 1.8512e-06 | time: 0.153
I 06.17/10:06:38 solver.py:221 ] Epoch: [234/400][240/391] lr: 1.16e-04 | MSE loss: 1.9069e-06 | time: 0.153
I 06.17/10:06:41 solver.py:221 ] Epoch: [234/400][260/391] lr: 1.16e-04 | MSE loss: 1.9238e-06 | time: 0.153
I 06.17/10:06:44 solver.py:221 ] Epoch: [234/400][280/391] lr: 1.16e-04 | MSE loss: 1.8954e-06 | time: 0.152
I 06.17/10:06:46 solver.py:221 ] Epoch: [234/400][300/391] lr: 1.16e-04 | MSE loss: 1.8658e-06 | time: 0.152
I 06.17/10:06:49 solver.py:221 ] Epoch: [234/400][320/391] lr: 1.16e-04 | MSE loss: 1.8457e-06 | time: 0.152
I 06.17/10:06:52 solver.py:221 ] Epoch: [234/400][340/391] lr: 1.16e-04 | MSE loss: 1.8332e-06 | time: 0.152
I 06.17/10:06:56 solver.py:221 ] Epoch: [234/400][360/391] lr: 1.16e-04 | MSE loss: 1.8140e-06 | time: 0.152
I 06.17/10:06:59 solver.py:221 ] Epoch: [234/400][380/391] lr: 1.16e-04 | MSE loss: 1.7968e-06 | time: 0.153
I 06.17/10:07:00 solver.py:243 ] => Train  Loss: 1.8126e-06

I 06.17/10:07:01 solver.py:337 ] 
=! Best NMSE: -2.3666e+01 (epoch=190)

I 06.17/10:07:04 solver.py:221 ] Epoch: [235/400][20/391] lr: 1.16e-04 | MSE loss: 4.0807e-06 | time: 0.167
I 06.17/10:07:06 solver.py:221 ] Epoch: [235/400][40/391] lr: 1.16e-04 | MSE loss: 2.9368e-06 | time: 0.135
I 06.17/10:07:09 solver.py:221 ] Epoch: [235/400][60/391] lr: 1.16e-04 | MSE loss: 2.4721e-06 | time: 0.140
I 06.17/10:07:12 solver.py:221 ] Epoch: [235/400][80/391] lr: 1.16e-04 | MSE loss: 2.2316e-06 | time: 0.144
I 06.17/10:07:15 solver.py:221 ] Epoch: [235/400][100/391] lr: 1.16e-04 | MSE loss: 2.1068e-06 | time: 0.145
I 06.17/10:07:18 solver.py:221 ] Epoch: [235/400][120/391] lr: 1.16e-04 | MSE loss: 2.0160e-06 | time: 0.146
I 06.17/10:07:21 solver.py:221 ] Epoch: [235/400][140/391] lr: 1.16e-04 | MSE loss: 1.9531e-06 | time: 0.145
I 06.17/10:07:24 solver.py:221 ] Epoch: [235/400][160/391] lr: 1.16e-04 | MSE loss: 1.9305e-06 | time: 0.145
I 06.17/10:07:27 solver.py:221 ] Epoch: [235/400][180/391] lr: 1.16e-04 | MSE loss: 1.9456e-06 | time: 0.146
I 06.17/10:07:30 solver.py:221 ] Epoch: [235/400][200/391] lr: 1.16e-04 | MSE loss: 1.9126e-06 | time: 0.146
I 06.17/10:07:33 solver.py:221 ] Epoch: [235/400][220/391] lr: 1.15e-04 | MSE loss: 1.9488e-06 | time: 0.147
I 06.17/10:07:37 solver.py:221 ] Epoch: [235/400][240/391] lr: 1.15e-04 | MSE loss: 1.9290e-06 | time: 0.148
I 06.17/10:07:40 solver.py:221 ] Epoch: [235/400][260/391] lr: 1.15e-04 | MSE loss: 1.9164e-06 | time: 0.149
I 06.17/10:07:43 solver.py:221 ] Epoch: [235/400][280/391] lr: 1.15e-04 | MSE loss: 1.8987e-06 | time: 0.149
I 06.17/10:07:46 solver.py:221 ] Epoch: [235/400][300/391] lr: 1.15e-04 | MSE loss: 1.8840e-06 | time: 0.149
I 06.17/10:07:49 solver.py:221 ] Epoch: [235/400][320/391] lr: 1.15e-04 | MSE loss: 1.8682e-06 | time: 0.149
I 06.17/10:07:52 solver.py:221 ] Epoch: [235/400][340/391] lr: 1.15e-04 | MSE loss: 1.8563e-06 | time: 0.149
I 06.17/10:07:55 solver.py:221 ] Epoch: [235/400][360/391] lr: 1.15e-04 | MSE loss: 1.8750e-06 | time: 0.149
I 06.17/10:07:58 solver.py:221 ] Epoch: [235/400][380/391] lr: 1.15e-04 | MSE loss: 1.8685e-06 | time: 0.149
I 06.17/10:07:59 solver.py:243 ] => Train  Loss: 1.8696e-06

I 06.17/10:07:59 solver.py:337 ] 
=! Best NMSE: -2.3666e+01 (epoch=190)

I 06.17/10:08:02 solver.py:221 ] Epoch: [236/400][20/391] lr: 1.15e-04 | MSE loss: 2.0398e-06 | time: 0.124
I 06.17/10:08:05 solver.py:221 ] Epoch: [236/400][40/391] lr: 1.15e-04 | MSE loss: 1.8988e-06 | time: 0.133
I 06.17/10:08:07 solver.py:221 ] Epoch: [236/400][60/391] lr: 1.15e-04 | MSE loss: 1.7758e-06 | time: 0.128
I 06.17/10:08:10 solver.py:221 ] Epoch: [236/400][80/391] lr: 1.15e-04 | MSE loss: 1.8162e-06 | time: 0.134
I 06.17/10:08:13 solver.py:221 ] Epoch: [236/400][100/391] lr: 1.15e-04 | MSE loss: 1.7787e-06 | time: 0.137
I 06.17/10:08:16 solver.py:221 ] Epoch: [236/400][120/391] lr: 1.15e-04 | MSE loss: 1.7438e-06 | time: 0.138
I 06.17/10:08:19 solver.py:221 ] Epoch: [236/400][140/391] lr: 1.15e-04 | MSE loss: 1.8448e-06 | time: 0.140
I 06.17/10:08:22 solver.py:221 ] Epoch: [236/400][160/391] lr: 1.15e-04 | MSE loss: 1.8290e-06 | time: 0.140
I 06.17/10:08:25 solver.py:221 ] Epoch: [236/400][180/391] lr: 1.15e-04 | MSE loss: 1.8171e-06 | time: 0.141
I 06.17/10:08:28 solver.py:221 ] Epoch: [236/400][200/391] lr: 1.15e-04 | MSE loss: 1.8758e-06 | time: 0.141
I 06.17/10:08:31 solver.py:221 ] Epoch: [236/400][220/391] lr: 1.15e-04 | MSE loss: 1.9175e-06 | time: 0.142
I 06.17/10:08:34 solver.py:221 ] Epoch: [236/400][240/391] lr: 1.15e-04 | MSE loss: 1.8930e-06 | time: 0.143
I 06.17/10:08:37 solver.py:221 ] Epoch: [236/400][260/391] lr: 1.15e-04 | MSE loss: 1.8683e-06 | time: 0.145
I 06.17/10:08:40 solver.py:221 ] Epoch: [236/400][280/391] lr: 1.15e-04 | MSE loss: 1.8716e-06 | time: 0.145
I 06.17/10:08:43 solver.py:221 ] Epoch: [236/400][300/391] lr: 1.15e-04 | MSE loss: 1.8657e-06 | time: 0.146
I 06.17/10:08:46 solver.py:221 ] Epoch: [236/400][320/391] lr: 1.15e-04 | MSE loss: 1.8608e-06 | time: 0.146
I 06.17/10:08:49 solver.py:221 ] Epoch: [236/400][340/391] lr: 1.15e-04 | MSE loss: 1.8519e-06 | time: 0.146
I 06.17/10:08:52 solver.py:221 ] Epoch: [236/400][360/391] lr: 1.15e-04 | MSE loss: 1.8460e-06 | time: 0.146
I 06.17/10:08:55 solver.py:221 ] Epoch: [236/400][380/391] lr: 1.15e-04 | MSE loss: 1.8343e-06 | time: 0.146
I 06.17/10:08:57 solver.py:243 ] => Train  Loss: 1.8257e-06

I 06.17/10:08:57 solver.py:337 ] 
=! Best NMSE: -2.3666e+01 (epoch=190)

I 06.17/10:09:00 solver.py:221 ] Epoch: [237/400][20/391] lr: 1.15e-04 | MSE loss: 1.8926e-06 | time: 0.157
I 06.17/10:09:03 solver.py:221 ] Epoch: [237/400][40/391] lr: 1.14e-04 | MSE loss: 1.8755e-06 | time: 0.155
I 06.17/10:09:06 solver.py:221 ] Epoch: [237/400][60/391] lr: 1.14e-04 | MSE loss: 1.8227e-06 | time: 0.145
I 06.17/10:09:09 solver.py:221 ] Epoch: [237/400][80/391] lr: 1.14e-04 | MSE loss: 1.7812e-06 | time: 0.146
I 06.17/10:09:12 solver.py:221 ] Epoch: [237/400][100/391] lr: 1.14e-04 | MSE loss: 1.7787e-06 | time: 0.146
I 06.17/10:09:15 solver.py:221 ] Epoch: [237/400][120/391] lr: 1.14e-04 | MSE loss: 1.7816e-06 | time: 0.146
I 06.17/10:09:18 solver.py:221 ] Epoch: [237/400][140/391] lr: 1.14e-04 | MSE loss: 1.7370e-06 | time: 0.146
I 06.17/10:09:21 solver.py:221 ] Epoch: [237/400][160/391] lr: 1.14e-04 | MSE loss: 1.7445e-06 | time: 0.146
I 06.17/10:09:24 solver.py:221 ] Epoch: [237/400][180/391] lr: 1.14e-04 | MSE loss: 1.7831e-06 | time: 0.146
I 06.17/10:09:27 solver.py:221 ] Epoch: [237/400][200/391] lr: 1.14e-04 | MSE loss: 1.7833e-06 | time: 0.147
I 06.17/10:09:30 solver.py:221 ] Epoch: [237/400][220/391] lr: 1.14e-04 | MSE loss: 1.7701e-06 | time: 0.148
I 06.17/10:09:33 solver.py:221 ] Epoch: [237/400][240/391] lr: 1.14e-04 | MSE loss: 1.8234e-06 | time: 0.149
I 06.17/10:09:36 solver.py:221 ] Epoch: [237/400][260/391] lr: 1.14e-04 | MSE loss: 1.8392e-06 | time: 0.149
I 06.17/10:09:39 solver.py:221 ] Epoch: [237/400][280/391] lr: 1.14e-04 | MSE loss: 1.8315e-06 | time: 0.150
I 06.17/10:09:42 solver.py:221 ] Epoch: [237/400][300/391] lr: 1.14e-04 | MSE loss: 1.8231e-06 | time: 0.150
I 06.17/10:09:45 solver.py:221 ] Epoch: [237/400][320/391] lr: 1.14e-04 | MSE loss: 1.8079e-06 | time: 0.149
I 06.17/10:09:48 solver.py:221 ] Epoch: [237/400][340/391] lr: 1.14e-04 | MSE loss: 1.7968e-06 | time: 0.149
I 06.17/10:09:51 solver.py:221 ] Epoch: [237/400][360/391] lr: 1.14e-04 | MSE loss: 1.8389e-06 | time: 0.149
I 06.17/10:09:54 solver.py:221 ] Epoch: [237/400][380/391] lr: 1.14e-04 | MSE loss: 1.8191e-06 | time: 0.149
I 06.17/10:09:55 solver.py:243 ] => Train  Loss: 1.8085e-06

I 06.17/10:09:56 solver.py:337 ] 
=! Best NMSE: -2.3666e+01 (epoch=190)

I 06.17/10:09:59 solver.py:221 ] Epoch: [238/400][20/391] lr: 1.14e-04 | MSE loss: 1.4590e-06 | time: 0.134
I 06.17/10:10:01 solver.py:221 ] Epoch: [238/400][40/391] lr: 1.14e-04 | MSE loss: 1.7141e-06 | time: 0.140
I 06.17/10:10:05 solver.py:221 ] Epoch: [238/400][60/391] lr: 1.14e-04 | MSE loss: 1.8911e-06 | time: 0.161
I 06.17/10:10:08 solver.py:221 ] Epoch: [238/400][80/391] lr: 1.14e-04 | MSE loss: 1.9403e-06 | time: 0.156
I 06.17/10:10:11 solver.py:221 ] Epoch: [238/400][100/391] lr: 1.14e-04 | MSE loss: 1.8635e-06 | time: 0.154
I 06.17/10:10:14 solver.py:221 ] Epoch: [238/400][120/391] lr: 1.14e-04 | MSE loss: 1.7934e-06 | time: 0.153
I 06.17/10:10:17 solver.py:221 ] Epoch: [238/400][140/391] lr: 1.14e-04 | MSE loss: 1.7854e-06 | time: 0.153
I 06.17/10:10:20 solver.py:221 ] Epoch: [238/400][160/391] lr: 1.14e-04 | MSE loss: 1.7658e-06 | time: 0.152
I 06.17/10:10:23 solver.py:221 ] Epoch: [238/400][180/391] lr: 1.14e-04 | MSE loss: 1.7718e-06 | time: 0.152
I 06.17/10:10:26 solver.py:221 ] Epoch: [238/400][200/391] lr: 1.14e-04 | MSE loss: 1.7665e-06 | time: 0.151
I 06.17/10:10:29 solver.py:221 ] Epoch: [238/400][220/391] lr: 1.14e-04 | MSE loss: 1.7720e-06 | time: 0.151
I 06.17/10:10:32 solver.py:221 ] Epoch: [238/400][240/391] lr: 1.14e-04 | MSE loss: 1.7755e-06 | time: 0.151
I 06.17/10:10:35 solver.py:221 ] Epoch: [238/400][260/391] lr: 1.13e-04 | MSE loss: 1.8446e-06 | time: 0.152
I 06.17/10:10:38 solver.py:221 ] Epoch: [238/400][280/391] lr: 1.13e-04 | MSE loss: 1.8598e-06 | time: 0.152
I 06.17/10:10:41 solver.py:221 ] Epoch: [238/400][300/391] lr: 1.13e-04 | MSE loss: 1.8463e-06 | time: 0.152
I 06.17/10:10:45 solver.py:221 ] Epoch: [238/400][320/391] lr: 1.13e-04 | MSE loss: 1.8347e-06 | time: 0.152
I 06.17/10:10:48 solver.py:221 ] Epoch: [238/400][340/391] lr: 1.13e-04 | MSE loss: 1.8272e-06 | time: 0.152
I 06.17/10:10:51 solver.py:221 ] Epoch: [238/400][360/391] lr: 1.13e-04 | MSE loss: 1.8171e-06 | time: 0.153
I 06.17/10:10:54 solver.py:221 ] Epoch: [238/400][380/391] lr: 1.13e-04 | MSE loss: 1.8073e-06 | time: 0.153
I 06.17/10:10:56 solver.py:243 ] => Train  Loss: 1.8045e-06

I 06.17/10:10:56 solver.py:337 ] 
=! Best NMSE: -2.3666e+01 (epoch=190)

I 06.17/10:10:59 solver.py:221 ] Epoch: [239/400][20/391] lr: 1.13e-04 | MSE loss: 1.6220e-06 | time: 0.133
I 06.17/10:11:01 solver.py:221 ] Epoch: [239/400][40/391] lr: 1.13e-04 | MSE loss: 1.8886e-06 | time: 0.137
I 06.17/10:11:05 solver.py:221 ] Epoch: [239/400][60/391] lr: 1.13e-04 | MSE loss: 1.9258e-06 | time: 0.155
I 06.17/10:11:08 solver.py:221 ] Epoch: [239/400][80/391] lr: 1.13e-04 | MSE loss: 1.8853e-06 | time: 0.152
I 06.17/10:11:12 solver.py:221 ] Epoch: [239/400][100/391] lr: 1.13e-04 | MSE loss: 1.8162e-06 | time: 0.153
I 06.17/10:11:15 solver.py:221 ] Epoch: [239/400][120/391] lr: 1.13e-04 | MSE loss: 1.8423e-06 | time: 0.154
I 06.17/10:11:18 solver.py:221 ] Epoch: [239/400][140/391] lr: 1.13e-04 | MSE loss: 1.8145e-06 | time: 0.153
I 06.17/10:11:21 solver.py:221 ] Epoch: [239/400][160/391] lr: 1.13e-04 | MSE loss: 1.8435e-06 | time: 0.152
I 06.17/10:11:24 solver.py:221 ] Epoch: [239/400][180/391] lr: 1.13e-04 | MSE loss: 1.8805e-06 | time: 0.152
I 06.17/10:11:26 solver.py:221 ] Epoch: [239/400][200/391] lr: 1.13e-04 | MSE loss: 1.8673e-06 | time: 0.151
I 06.17/10:11:29 solver.py:221 ] Epoch: [239/400][220/391] lr: 1.13e-04 | MSE loss: 1.8427e-06 | time: 0.151
I 06.17/10:11:32 solver.py:221 ] Epoch: [239/400][240/391] lr: 1.13e-04 | MSE loss: 1.8336e-06 | time: 0.151
I 06.17/10:11:35 solver.py:221 ] Epoch: [239/400][260/391] lr: 1.13e-04 | MSE loss: 1.8467e-06 | time: 0.151
I 06.17/10:11:39 solver.py:221 ] Epoch: [239/400][280/391] lr: 1.13e-04 | MSE loss: 1.8243e-06 | time: 0.151
I 06.17/10:11:41 solver.py:221 ] Epoch: [239/400][300/391] lr: 1.13e-04 | MSE loss: 1.8086e-06 | time: 0.151
I 06.17/10:11:44 solver.py:221 ] Epoch: [239/400][320/391] lr: 1.13e-04 | MSE loss: 1.8091e-06 | time: 0.150
I 06.17/10:11:47 solver.py:221 ] Epoch: [239/400][340/391] lr: 1.13e-04 | MSE loss: 1.8375e-06 | time: 0.149
I 06.17/10:11:50 solver.py:221 ] Epoch: [239/400][360/391] lr: 1.13e-04 | MSE loss: 1.8269e-06 | time: 0.149
I 06.17/10:11:53 solver.py:221 ] Epoch: [239/400][380/391] lr: 1.13e-04 | MSE loss: 1.8427e-06 | time: 0.149
I 06.17/10:11:54 solver.py:243 ] => Train  Loss: 1.8453e-06

I 06.17/10:11:54 solver.py:337 ] 
=! Best NMSE: -2.3666e+01 (epoch=190)

I 06.17/10:11:58 solver.py:221 ] Epoch: [240/400][20/391] lr: 1.13e-04 | MSE loss: 1.5768e-06 | time: 0.138
I 06.17/10:12:01 solver.py:221 ] Epoch: [240/400][40/391] lr: 1.13e-04 | MSE loss: 1.7090e-06 | time: 0.144
I 06.17/10:12:04 solver.py:221 ] Epoch: [240/400][60/391] lr: 1.13e-04 | MSE loss: 1.6876e-06 | time: 0.163
I 06.17/10:12:07 solver.py:221 ] Epoch: [240/400][80/391] lr: 1.12e-04 | MSE loss: 1.6478e-06 | time: 0.155
I 06.17/10:12:10 solver.py:221 ] Epoch: [240/400][100/391] lr: 1.12e-04 | MSE loss: 1.6858e-06 | time: 0.156
I 06.17/10:12:13 solver.py:221 ] Epoch: [240/400][120/391] lr: 1.12e-04 | MSE loss: 1.6709e-06 | time: 0.155
I 06.17/10:12:16 solver.py:221 ] Epoch: [240/400][140/391] lr: 1.12e-04 | MSE loss: 1.6524e-06 | time: 0.154
I 06.17/10:12:19 solver.py:221 ] Epoch: [240/400][160/391] lr: 1.12e-04 | MSE loss: 1.6541e-06 | time: 0.153
I 06.17/10:12:22 solver.py:221 ] Epoch: [240/400][180/391] lr: 1.12e-04 | MSE loss: 1.6446e-06 | time: 0.152
I 06.17/10:12:24 solver.py:221 ] Epoch: [240/400][200/391] lr: 1.12e-04 | MSE loss: 1.6899e-06 | time: 0.148
I 06.17/10:12:27 solver.py:221 ] Epoch: [240/400][220/391] lr: 1.12e-04 | MSE loss: 1.6840e-06 | time: 0.147
I 06.17/10:12:30 solver.py:221 ] Epoch: [240/400][240/391] lr: 1.12e-04 | MSE loss: 1.6995e-06 | time: 0.145
I 06.17/10:12:32 solver.py:221 ] Epoch: [240/400][260/391] lr: 1.12e-04 | MSE loss: 1.6938e-06 | time: 0.144
I 06.17/10:12:35 solver.py:221 ] Epoch: [240/400][280/391] lr: 1.12e-04 | MSE loss: 1.7264e-06 | time: 0.143
I 06.17/10:12:38 solver.py:221 ] Epoch: [240/400][300/391] lr: 1.12e-04 | MSE loss: 1.7326e-06 | time: 0.143
I 06.17/10:12:41 solver.py:221 ] Epoch: [240/400][320/391] lr: 1.12e-04 | MSE loss: 1.7238e-06 | time: 0.143
I 06.17/10:12:44 solver.py:221 ] Epoch: [240/400][340/391] lr: 1.12e-04 | MSE loss: 1.7146e-06 | time: 0.144
I 06.17/10:12:47 solver.py:221 ] Epoch: [240/400][360/391] lr: 1.12e-04 | MSE loss: 1.7236e-06 | time: 0.144
I 06.17/10:12:50 solver.py:221 ] Epoch: [240/400][380/391] lr: 1.12e-04 | MSE loss: 1.7183e-06 | time: 0.144
I 06.17/10:12:51 solver.py:243 ] => Train  Loss: 1.7140e-06

I 06.17/10:12:52 solver.py:221 ] Epoch: [240/400][20/118] lr: 1.12e-04 | MSE loss: 2.1791e-06 | time: 0.039
I 06.17/10:12:53 solver.py:221 ] Epoch: [240/400][40/118] lr: 1.12e-04 | MSE loss: 2.1614e-06 | time: 0.039
I 06.17/10:12:54 solver.py:221 ] Epoch: [240/400][60/118] lr: 1.12e-04 | MSE loss: 2.1825e-06 | time: 0.037
I 06.17/10:12:54 solver.py:221 ] Epoch: [240/400][80/118] lr: 1.12e-04 | MSE loss: 2.1846e-06 | time: 0.036
I 06.17/10:12:55 solver.py:221 ] Epoch: [240/400][100/118] lr: 1.12e-04 | MSE loss: 2.1836e-06 | time: 0.037
I 06.17/10:12:56 solver.py:243 ] => Val  Loss: 2.1823e-06

I 06.17/10:12:56 solver.py:471 ] [20/79] loss: 2.2382e-06 | NMSE: -2.3053e+01 | time: 0.030
I 06.17/10:12:57 solver.py:471 ] [40/79] loss: 2.2044e-06 | NMSE: -2.3122e+01 | time: 0.035
I 06.17/10:12:58 solver.py:471 ] [60/79] loss: 2.1985e-06 | NMSE: -2.3124e+01 | time: 0.035
I 06.17/10:12:59 solver.py:476 ] => Test NMSE: -2.3136e+01

I 06.17/10:12:59 solver.py:337 ] 
=! Best NMSE: -2.3666e+01 (epoch=190)

I 06.17/10:13:02 solver.py:221 ] Epoch: [241/400][20/391] lr: 1.12e-04 | MSE loss: 1.9365e-06 | time: 0.146
I 06.17/10:13:06 solver.py:221 ] Epoch: [241/400][40/391] lr: 1.12e-04 | MSE loss: 1.7655e-06 | time: 0.171
I 06.17/10:13:09 solver.py:221 ] Epoch: [241/400][60/391] lr: 1.12e-04 | MSE loss: 1.7633e-06 | time: 0.161
I 06.17/10:13:12 solver.py:221 ] Epoch: [241/400][80/391] lr: 1.12e-04 | MSE loss: 1.7620e-06 | time: 0.158
I 06.17/10:13:15 solver.py:221 ] Epoch: [241/400][100/391] lr: 1.12e-04 | MSE loss: 1.9028e-06 | time: 0.158
I 06.17/10:13:18 solver.py:221 ] Epoch: [241/400][120/391] lr: 1.12e-04 | MSE loss: 1.8526e-06 | time: 0.157
I 06.17/10:13:21 solver.py:221 ] Epoch: [241/400][140/391] lr: 1.12e-04 | MSE loss: 1.8608e-06 | time: 0.155
I 06.17/10:13:24 solver.py:221 ] Epoch: [241/400][160/391] lr: 1.12e-04 | MSE loss: 1.8332e-06 | time: 0.154
I 06.17/10:13:27 solver.py:221 ] Epoch: [241/400][180/391] lr: 1.12e-04 | MSE loss: 1.8141e-06 | time: 0.154
I 06.17/10:13:30 solver.py:221 ] Epoch: [241/400][200/391] lr: 1.12e-04 | MSE loss: 1.8212e-06 | time: 0.153
I 06.17/10:13:33 solver.py:221 ] Epoch: [241/400][220/391] lr: 1.12e-04 | MSE loss: 1.7932e-06 | time: 0.153
I 06.17/10:13:36 solver.py:221 ] Epoch: [241/400][240/391] lr: 1.12e-04 | MSE loss: 1.7821e-06 | time: 0.153
I 06.17/10:13:39 solver.py:221 ] Epoch: [241/400][260/391] lr: 1.12e-04 | MSE loss: 1.7840e-06 | time: 0.153
I 06.17/10:13:42 solver.py:221 ] Epoch: [241/400][280/391] lr: 1.12e-04 | MSE loss: 1.7788e-06 | time: 0.154
I 06.17/10:13:45 solver.py:221 ] Epoch: [241/400][300/391] lr: 1.11e-04 | MSE loss: 1.7974e-06 | time: 0.153
I 06.17/10:13:48 solver.py:221 ] Epoch: [241/400][320/391] lr: 1.11e-04 | MSE loss: 1.7995e-06 | time: 0.153
I 06.17/10:13:51 solver.py:221 ] Epoch: [241/400][340/391] lr: 1.11e-04 | MSE loss: 1.8005e-06 | time: 0.152
I 06.17/10:13:54 solver.py:221 ] Epoch: [241/400][360/391] lr: 1.11e-04 | MSE loss: 1.7910e-06 | time: 0.152
I 06.17/10:13:56 solver.py:221 ] Epoch: [241/400][380/391] lr: 1.11e-04 | MSE loss: 1.7732e-06 | time: 0.151
I 06.17/10:13:58 solver.py:243 ] => Train  Loss: 1.7645e-06

I 06.17/10:13:58 solver.py:337 ] 
=! Best NMSE: -2.3666e+01 (epoch=190)

I 06.17/10:14:01 solver.py:221 ] Epoch: [242/400][20/391] lr: 1.11e-04 | MSE loss: 1.5588e-06 | time: 0.132
I 06.17/10:14:04 solver.py:221 ] Epoch: [242/400][40/391] lr: 1.11e-04 | MSE loss: 1.7302e-06 | time: 0.158
I 06.17/10:14:07 solver.py:221 ] Epoch: [242/400][60/391] lr: 1.11e-04 | MSE loss: 1.7465e-06 | time: 0.144
I 06.17/10:14:10 solver.py:221 ] Epoch: [242/400][80/391] lr: 1.11e-04 | MSE loss: 1.7711e-06 | time: 0.145
I 06.17/10:14:13 solver.py:221 ] Epoch: [242/400][100/391] lr: 1.11e-04 | MSE loss: 1.7624e-06 | time: 0.145
I 06.17/10:14:16 solver.py:221 ] Epoch: [242/400][120/391] lr: 1.11e-04 | MSE loss: 1.8732e-06 | time: 0.146
I 06.17/10:14:19 solver.py:221 ] Epoch: [242/400][140/391] lr: 1.11e-04 | MSE loss: 1.8893e-06 | time: 0.149
I 06.17/10:14:22 solver.py:221 ] Epoch: [242/400][160/391] lr: 1.11e-04 | MSE loss: 1.8376e-06 | time: 0.149
I 06.17/10:14:25 solver.py:221 ] Epoch: [242/400][180/391] lr: 1.11e-04 | MSE loss: 1.7958e-06 | time: 0.149
I 06.17/10:14:28 solver.py:221 ] Epoch: [242/400][200/391] lr: 1.11e-04 | MSE loss: 1.7797e-06 | time: 0.148
I 06.17/10:14:31 solver.py:221 ] Epoch: [242/400][220/391] lr: 1.11e-04 | MSE loss: 1.7915e-06 | time: 0.149
I 06.17/10:14:34 solver.py:221 ] Epoch: [242/400][240/391] lr: 1.11e-04 | MSE loss: 1.8072e-06 | time: 0.149
I 06.17/10:14:37 solver.py:221 ] Epoch: [242/400][260/391] lr: 1.11e-04 | MSE loss: 1.8185e-06 | time: 0.149
I 06.17/10:14:40 solver.py:221 ] Epoch: [242/400][280/391] lr: 1.11e-04 | MSE loss: 1.8137e-06 | time: 0.150
I 06.17/10:14:43 solver.py:221 ] Epoch: [242/400][300/391] lr: 1.11e-04 | MSE loss: 1.7906e-06 | time: 0.150
I 06.17/10:14:46 solver.py:221 ] Epoch: [242/400][320/391] lr: 1.11e-04 | MSE loss: 1.8101e-06 | time: 0.150
I 06.17/10:14:49 solver.py:221 ] Epoch: [242/400][340/391] lr: 1.11e-04 | MSE loss: 1.8293e-06 | time: 0.150
I 06.17/10:14:52 solver.py:221 ] Epoch: [242/400][360/391] lr: 1.11e-04 | MSE loss: 1.8224e-06 | time: 0.150
I 06.17/10:14:55 solver.py:221 ] Epoch: [242/400][380/391] lr: 1.11e-04 | MSE loss: 1.8081e-06 | time: 0.150
I 06.17/10:14:56 solver.py:243 ] => Train  Loss: 1.8021e-06

I 06.17/10:14:56 solver.py:337 ] 
=! Best NMSE: -2.3666e+01 (epoch=190)

I 06.17/10:15:00 solver.py:221 ] Epoch: [243/400][20/391] lr: 1.11e-04 | MSE loss: 1.4902e-06 | time: 0.136
I 06.17/10:15:02 solver.py:221 ] Epoch: [243/400][40/391] lr: 1.11e-04 | MSE loss: 1.6058e-06 | time: 0.143
I 06.17/10:15:05 solver.py:221 ] Epoch: [243/400][60/391] lr: 1.11e-04 | MSE loss: 1.6209e-06 | time: 0.141
I 06.17/10:15:08 solver.py:221 ] Epoch: [243/400][80/391] lr: 1.11e-04 | MSE loss: 1.6043e-06 | time: 0.140
I 06.17/10:15:11 solver.py:221 ] Epoch: [243/400][100/391] lr: 1.11e-04 | MSE loss: 1.6111e-06 | time: 0.144
I 06.17/10:15:14 solver.py:221 ] Epoch: [243/400][120/391] lr: 1.10e-04 | MSE loss: 1.6176e-06 | time: 0.145
I 06.17/10:15:17 solver.py:221 ] Epoch: [243/400][140/391] lr: 1.10e-04 | MSE loss: 1.6690e-06 | time: 0.147
I 06.17/10:15:20 solver.py:221 ] Epoch: [243/400][160/391] lr: 1.10e-04 | MSE loss: 1.7147e-06 | time: 0.147
I 06.17/10:15:23 solver.py:221 ] Epoch: [243/400][180/391] lr: 1.10e-04 | MSE loss: 1.7315e-06 | time: 0.147
I 06.17/10:15:26 solver.py:221 ] Epoch: [243/400][200/391] lr: 1.10e-04 | MSE loss: 1.7134e-06 | time: 0.147
I 06.17/10:15:29 solver.py:221 ] Epoch: [243/400][220/391] lr: 1.10e-04 | MSE loss: 1.7271e-06 | time: 0.147
I 06.17/10:15:32 solver.py:221 ] Epoch: [243/400][240/391] lr: 1.10e-04 | MSE loss: 1.7346e-06 | time: 0.148
I 06.17/10:15:35 solver.py:221 ] Epoch: [243/400][260/391] lr: 1.10e-04 | MSE loss: 1.7602e-06 | time: 0.149
I 06.17/10:15:39 solver.py:221 ] Epoch: [243/400][280/391] lr: 1.10e-04 | MSE loss: 1.7667e-06 | time: 0.149
I 06.17/10:15:42 solver.py:221 ] Epoch: [243/400][300/391] lr: 1.10e-04 | MSE loss: 1.7512e-06 | time: 0.149
I 06.17/10:15:45 solver.py:221 ] Epoch: [243/400][320/391] lr: 1.10e-04 | MSE loss: 1.7373e-06 | time: 0.149
I 06.17/10:15:48 solver.py:221 ] Epoch: [243/400][340/391] lr: 1.10e-04 | MSE loss: 1.7342e-06 | time: 0.149
I 06.17/10:15:51 solver.py:221 ] Epoch: [243/400][360/391] lr: 1.10e-04 | MSE loss: 1.7218e-06 | time: 0.149
I 06.17/10:15:54 solver.py:221 ] Epoch: [243/400][380/391] lr: 1.10e-04 | MSE loss: 1.7306e-06 | time: 0.149
I 06.17/10:15:55 solver.py:243 ] => Train  Loss: 1.7329e-06

I 06.17/10:15:55 solver.py:337 ] 
=! Best NMSE: -2.3666e+01 (epoch=190)

I 06.17/10:15:58 solver.py:221 ] Epoch: [244/400][20/391] lr: 1.10e-04 | MSE loss: 1.4842e-06 | time: 0.135
I 06.17/10:16:01 solver.py:221 ] Epoch: [244/400][40/391] lr: 1.10e-04 | MSE loss: 1.5848e-06 | time: 0.143
I 06.17/10:16:04 solver.py:221 ] Epoch: [244/400][60/391] lr: 1.10e-04 | MSE loss: 1.6971e-06 | time: 0.150
I 06.17/10:16:07 solver.py:221 ] Epoch: [244/400][80/391] lr: 1.10e-04 | MSE loss: 1.7116e-06 | time: 0.137
I 06.17/10:16:10 solver.py:221 ] Epoch: [244/400][100/391] lr: 1.10e-04 | MSE loss: 1.7153e-06 | time: 0.143
I 06.17/10:16:13 solver.py:221 ] Epoch: [244/400][120/391] lr: 1.10e-04 | MSE loss: 1.7080e-06 | time: 0.145
I 06.17/10:16:16 solver.py:221 ] Epoch: [244/400][140/391] lr: 1.10e-04 | MSE loss: 1.7106e-06 | time: 0.147
I 06.17/10:16:19 solver.py:221 ] Epoch: [244/400][160/391] lr: 1.10e-04 | MSE loss: 1.7449e-06 | time: 0.147
I 06.17/10:16:22 solver.py:221 ] Epoch: [244/400][180/391] lr: 1.10e-04 | MSE loss: 1.7271e-06 | time: 0.147
I 06.17/10:16:25 solver.py:221 ] Epoch: [244/400][200/391] lr: 1.10e-04 | MSE loss: 1.7319e-06 | time: 0.147
I 06.17/10:16:28 solver.py:221 ] Epoch: [244/400][220/391] lr: 1.10e-04 | MSE loss: 1.7932e-06 | time: 0.148
I 06.17/10:16:31 solver.py:221 ] Epoch: [244/400][240/391] lr: 1.10e-04 | MSE loss: 1.7850e-06 | time: 0.148
I 06.17/10:16:34 solver.py:221 ] Epoch: [244/400][260/391] lr: 1.10e-04 | MSE loss: 1.7785e-06 | time: 0.149
I 06.17/10:16:37 solver.py:221 ] Epoch: [244/400][280/391] lr: 1.10e-04 | MSE loss: 1.7910e-06 | time: 0.149
I 06.17/10:16:40 solver.py:221 ] Epoch: [244/400][300/391] lr: 1.10e-04 | MSE loss: 1.8039e-06 | time: 0.149
I 06.17/10:16:43 solver.py:221 ] Epoch: [244/400][320/391] lr: 1.10e-04 | MSE loss: 1.7901e-06 | time: 0.149
I 06.17/10:16:47 solver.py:221 ] Epoch: [244/400][340/391] lr: 1.09e-04 | MSE loss: 1.8006e-06 | time: 0.150
I 06.17/10:16:50 solver.py:221 ] Epoch: [244/400][360/391] lr: 1.09e-04 | MSE loss: 1.8009e-06 | time: 0.150
I 06.17/10:16:53 solver.py:221 ] Epoch: [244/400][380/391] lr: 1.09e-04 | MSE loss: 1.7958e-06 | time: 0.150
I 06.17/10:16:54 solver.py:243 ] => Train  Loss: 1.7887e-06

I 06.17/10:16:54 solver.py:337 ] 
=! Best NMSE: -2.3666e+01 (epoch=190)

I 06.17/10:16:57 solver.py:221 ] Epoch: [245/400][20/391] lr: 1.09e-04 | MSE loss: 1.5648e-06 | time: 0.140
I 06.17/10:17:01 solver.py:221 ] Epoch: [245/400][40/391] lr: 1.09e-04 | MSE loss: 1.5212e-06 | time: 0.149
I 06.17/10:17:05 solver.py:221 ] Epoch: [245/400][60/391] lr: 1.09e-04 | MSE loss: 1.5928e-06 | time: 0.174
I 06.17/10:17:08 solver.py:221 ] Epoch: [245/400][80/391] lr: 1.09e-04 | MSE loss: 1.6175e-06 | time: 0.164
I 06.17/10:17:11 solver.py:221 ] Epoch: [245/400][100/391] lr: 1.09e-04 | MSE loss: 1.6107e-06 | time: 0.161
I 06.17/10:17:14 solver.py:221 ] Epoch: [245/400][120/391] lr: 1.09e-04 | MSE loss: 1.5925e-06 | time: 0.158
I 06.17/10:17:17 solver.py:221 ] Epoch: [245/400][140/391] lr: 1.09e-04 | MSE loss: 1.5878e-06 | time: 0.157
I 06.17/10:17:19 solver.py:221 ] Epoch: [245/400][160/391] lr: 1.09e-04 | MSE loss: 1.5835e-06 | time: 0.155
I 06.17/10:17:22 solver.py:221 ] Epoch: [245/400][180/391] lr: 1.09e-04 | MSE loss: 1.5825e-06 | time: 0.154
I 06.17/10:17:25 solver.py:221 ] Epoch: [245/400][200/391] lr: 1.09e-04 | MSE loss: 1.5857e-06 | time: 0.154
I 06.17/10:17:29 solver.py:221 ] Epoch: [245/400][220/391] lr: 1.09e-04 | MSE loss: 1.5955e-06 | time: 0.154
I 06.17/10:17:32 solver.py:221 ] Epoch: [245/400][240/391] lr: 1.09e-04 | MSE loss: 1.6117e-06 | time: 0.154
I 06.17/10:17:35 solver.py:221 ] Epoch: [245/400][260/391] lr: 1.09e-04 | MSE loss: 1.6598e-06 | time: 0.154
I 06.17/10:17:38 solver.py:221 ] Epoch: [245/400][280/391] lr: 1.09e-04 | MSE loss: 1.6677e-06 | time: 0.153
I 06.17/10:17:40 solver.py:221 ] Epoch: [245/400][300/391] lr: 1.09e-04 | MSE loss: 1.6496e-06 | time: 0.153
I 06.17/10:17:43 solver.py:221 ] Epoch: [245/400][320/391] lr: 1.09e-04 | MSE loss: 1.6358e-06 | time: 0.153
I 06.17/10:17:46 solver.py:221 ] Epoch: [245/400][340/391] lr: 1.09e-04 | MSE loss: 1.6262e-06 | time: 0.152
I 06.17/10:17:49 solver.py:221 ] Epoch: [245/400][360/391] lr: 1.09e-04 | MSE loss: 1.6324e-06 | time: 0.152
I 06.17/10:17:52 solver.py:221 ] Epoch: [245/400][380/391] lr: 1.09e-04 | MSE loss: 1.6874e-06 | time: 0.152
I 06.17/10:17:54 solver.py:243 ] => Train  Loss: 1.6883e-06

I 06.17/10:17:54 solver.py:337 ] 
=! Best NMSE: -2.3666e+01 (epoch=190)

I 06.17/10:17:57 solver.py:221 ] Epoch: [246/400][20/391] lr: 1.09e-04 | MSE loss: 1.6170e-06 | time: 0.137
I 06.17/10:18:00 solver.py:221 ] Epoch: [246/400][40/391] lr: 1.09e-04 | MSE loss: 1.5854e-06 | time: 0.146
I 06.17/10:18:04 solver.py:221 ] Epoch: [246/400][60/391] lr: 1.09e-04 | MSE loss: 1.5168e-06 | time: 0.161
I 06.17/10:18:07 solver.py:221 ] Epoch: [246/400][80/391] lr: 1.09e-04 | MSE loss: 1.5652e-06 | time: 0.157
I 06.17/10:18:10 solver.py:221 ] Epoch: [246/400][100/391] lr: 1.09e-04 | MSE loss: 1.6414e-06 | time: 0.155
I 06.17/10:18:13 solver.py:221 ] Epoch: [246/400][120/391] lr: 1.09e-04 | MSE loss: 1.7753e-06 | time: 0.154
I 06.17/10:18:16 solver.py:221 ] Epoch: [246/400][140/391] lr: 1.09e-04 | MSE loss: 1.7429e-06 | time: 0.155
I 06.17/10:18:19 solver.py:221 ] Epoch: [246/400][160/391] lr: 1.09e-04 | MSE loss: 1.7293e-06 | time: 0.155
I 06.17/10:18:22 solver.py:221 ] Epoch: [246/400][180/391] lr: 1.08e-04 | MSE loss: 1.7146e-06 | time: 0.155
I 06.17/10:18:25 solver.py:221 ] Epoch: [246/400][200/391] lr: 1.08e-04 | MSE loss: 1.6952e-06 | time: 0.154
I 06.17/10:18:28 solver.py:221 ] Epoch: [246/400][220/391] lr: 1.08e-04 | MSE loss: 1.6703e-06 | time: 0.154
I 06.17/10:18:31 solver.py:221 ] Epoch: [246/400][240/391] lr: 1.08e-04 | MSE loss: 1.7226e-06 | time: 0.153
I 06.17/10:18:34 solver.py:221 ] Epoch: [246/400][260/391] lr: 1.08e-04 | MSE loss: 1.7433e-06 | time: 0.152
I 06.17/10:18:37 solver.py:221 ] Epoch: [246/400][280/391] lr: 1.08e-04 | MSE loss: 1.7454e-06 | time: 0.152
I 06.17/10:18:40 solver.py:221 ] Epoch: [246/400][300/391] lr: 1.08e-04 | MSE loss: 1.7346e-06 | time: 0.152
I 06.17/10:18:43 solver.py:221 ] Epoch: [246/400][320/391] lr: 1.08e-04 | MSE loss: 1.7266e-06 | time: 0.153
I 06.17/10:18:47 solver.py:221 ] Epoch: [246/400][340/391] lr: 1.08e-04 | MSE loss: 1.7221e-06 | time: 0.153
I 06.17/10:18:50 solver.py:221 ] Epoch: [246/400][360/391] lr: 1.08e-04 | MSE loss: 1.7158e-06 | time: 0.153
I 06.17/10:18:53 solver.py:221 ] Epoch: [246/400][380/391] lr: 1.08e-04 | MSE loss: 1.7042e-06 | time: 0.153
I 06.17/10:18:54 solver.py:243 ] => Train  Loss: 1.6991e-06

I 06.17/10:18:55 solver.py:337 ] 
=! Best NMSE: -2.3666e+01 (epoch=190)

I 06.17/10:18:58 solver.py:221 ] Epoch: [247/400][20/391] lr: 1.08e-04 | MSE loss: 1.8009e-06 | time: 0.133
I 06.17/10:19:01 solver.py:221 ] Epoch: [247/400][40/391] lr: 1.08e-04 | MSE loss: 1.6587e-06 | time: 0.141
I 06.17/10:19:04 solver.py:221 ] Epoch: [247/400][60/391] lr: 1.08e-04 | MSE loss: 1.6607e-06 | time: 0.156
I 06.17/10:19:07 solver.py:221 ] Epoch: [247/400][80/391] lr: 1.08e-04 | MSE loss: 1.6719e-06 | time: 0.146
I 06.17/10:19:09 solver.py:221 ] Epoch: [247/400][100/391] lr: 1.08e-04 | MSE loss: 1.6797e-06 | time: 0.146
I 06.17/10:19:13 solver.py:221 ] Epoch: [247/400][120/391] lr: 1.08e-04 | MSE loss: 1.6698e-06 | time: 0.148
I 06.17/10:19:15 solver.py:221 ] Epoch: [247/400][140/391] lr: 1.08e-04 | MSE loss: 1.6465e-06 | time: 0.147
I 06.17/10:19:18 solver.py:221 ] Epoch: [247/400][160/391] lr: 1.08e-04 | MSE loss: 1.6857e-06 | time: 0.146
I 06.17/10:19:21 solver.py:221 ] Epoch: [247/400][180/391] lr: 1.08e-04 | MSE loss: 1.7148e-06 | time: 0.147
I 06.17/10:19:24 solver.py:221 ] Epoch: [247/400][200/391] lr: 1.08e-04 | MSE loss: 1.7300e-06 | time: 0.147
I 06.17/10:19:27 solver.py:221 ] Epoch: [247/400][220/391] lr: 1.08e-04 | MSE loss: 1.7033e-06 | time: 0.148
I 06.17/10:19:31 solver.py:221 ] Epoch: [247/400][240/391] lr: 1.08e-04 | MSE loss: 1.6920e-06 | time: 0.149
I 06.17/10:19:34 solver.py:221 ] Epoch: [247/400][260/391] lr: 1.08e-04 | MSE loss: 1.6988e-06 | time: 0.150
I 06.17/10:19:37 solver.py:221 ] Epoch: [247/400][280/391] lr: 1.08e-04 | MSE loss: 1.6897e-06 | time: 0.150
I 06.17/10:19:40 solver.py:221 ] Epoch: [247/400][300/391] lr: 1.08e-04 | MSE loss: 1.6787e-06 | time: 0.151
I 06.17/10:19:43 solver.py:221 ] Epoch: [247/400][320/391] lr: 1.08e-04 | MSE loss: 1.6729e-06 | time: 0.151
I 06.17/10:19:46 solver.py:221 ] Epoch: [247/400][340/391] lr: 1.08e-04 | MSE loss: 1.6624e-06 | time: 0.151
I 06.17/10:19:49 solver.py:221 ] Epoch: [247/400][360/391] lr: 1.08e-04 | MSE loss: 1.6456e-06 | time: 0.151
I 06.17/10:19:52 solver.py:221 ] Epoch: [247/400][380/391] lr: 1.08e-04 | MSE loss: 1.6797e-06 | time: 0.151
I 06.17/10:19:54 solver.py:243 ] => Train  Loss: 1.6924e-06

I 06.17/10:19:54 solver.py:337 ] 
=! Best NMSE: -2.3666e+01 (epoch=190)

I 06.17/10:19:57 solver.py:221 ] Epoch: [248/400][20/391] lr: 1.07e-04 | MSE loss: 2.0249e-06 | time: 0.137
I 06.17/10:20:00 solver.py:221 ] Epoch: [248/400][40/391] lr: 1.07e-04 | MSE loss: 2.0057e-06 | time: 0.144
I 06.17/10:20:03 solver.py:221 ] Epoch: [248/400][60/391] lr: 1.07e-04 | MSE loss: 1.8569e-06 | time: 0.151
I 06.17/10:20:06 solver.py:221 ] Epoch: [248/400][80/391] lr: 1.07e-04 | MSE loss: 1.7505e-06 | time: 0.152
I 06.17/10:20:09 solver.py:221 ] Epoch: [248/400][100/391] lr: 1.07e-04 | MSE loss: 1.7191e-06 | time: 0.151
I 06.17/10:20:12 solver.py:221 ] Epoch: [248/400][120/391] lr: 1.07e-04 | MSE loss: 1.7721e-06 | time: 0.153
I 06.17/10:20:15 solver.py:221 ] Epoch: [248/400][140/391] lr: 1.07e-04 | MSE loss: 1.7487e-06 | time: 0.153
I 06.17/10:20:19 solver.py:221 ] Epoch: [248/400][160/391] lr: 1.07e-04 | MSE loss: 1.7289e-06 | time: 0.153
I 06.17/10:20:22 solver.py:221 ] Epoch: [248/400][180/391] lr: 1.07e-04 | MSE loss: 1.7155e-06 | time: 0.155
I 06.17/10:20:25 solver.py:221 ] Epoch: [248/400][200/391] lr: 1.07e-04 | MSE loss: 1.7152e-06 | time: 0.155
I 06.17/10:20:28 solver.py:221 ] Epoch: [248/400][220/391] lr: 1.07e-04 | MSE loss: 1.7077e-06 | time: 0.155
I 06.17/10:20:31 solver.py:221 ] Epoch: [248/400][240/391] lr: 1.07e-04 | MSE loss: 1.7237e-06 | time: 0.155
I 06.17/10:20:35 solver.py:221 ] Epoch: [248/400][260/391] lr: 1.07e-04 | MSE loss: 1.7266e-06 | time: 0.155
I 06.17/10:20:38 solver.py:221 ] Epoch: [248/400][280/391] lr: 1.07e-04 | MSE loss: 1.7125e-06 | time: 0.156
I 06.17/10:20:41 solver.py:221 ] Epoch: [248/400][300/391] lr: 1.07e-04 | MSE loss: 1.7056e-06 | time: 0.157
I 06.17/10:20:44 solver.py:221 ] Epoch: [248/400][320/391] lr: 1.07e-04 | MSE loss: 1.6990e-06 | time: 0.157
I 06.17/10:20:47 solver.py:221 ] Epoch: [248/400][340/391] lr: 1.07e-04 | MSE loss: 1.6948e-06 | time: 0.157
I 06.17/10:20:51 solver.py:221 ] Epoch: [248/400][360/391] lr: 1.07e-04 | MSE loss: 1.6963e-06 | time: 0.157
I 06.17/10:20:54 solver.py:221 ] Epoch: [248/400][380/391] lr: 1.07e-04 | MSE loss: 1.7040e-06 | time: 0.157
I 06.17/10:20:56 solver.py:243 ] => Train  Loss: 1.6996e-06

I 06.17/10:20:56 solver.py:337 ] 
=! Best NMSE: -2.3666e+01 (epoch=190)

I 06.17/10:20:59 solver.py:221 ] Epoch: [249/400][20/391] lr: 1.07e-04 | MSE loss: 1.5522e-06 | time: 0.145
I 06.17/10:21:02 solver.py:221 ] Epoch: [249/400][40/391] lr: 1.07e-04 | MSE loss: 1.5106e-06 | time: 0.153
I 06.17/10:21:05 solver.py:221 ] Epoch: [249/400][60/391] lr: 1.07e-04 | MSE loss: 1.6624e-06 | time: 0.158
I 06.17/10:21:08 solver.py:221 ] Epoch: [249/400][80/391] lr: 1.07e-04 | MSE loss: 1.7052e-06 | time: 0.155
I 06.17/10:21:12 solver.py:221 ] Epoch: [249/400][100/391] lr: 1.07e-04 | MSE loss: 1.7240e-06 | time: 0.155
I 06.17/10:21:15 solver.py:221 ] Epoch: [249/400][120/391] lr: 1.07e-04 | MSE loss: 1.7237e-06 | time: 0.156
I 06.17/10:21:18 solver.py:221 ] Epoch: [249/400][140/391] lr: 1.07e-04 | MSE loss: 1.7116e-06 | time: 0.158
I 06.17/10:21:21 solver.py:221 ] Epoch: [249/400][160/391] lr: 1.07e-04 | MSE loss: 1.6939e-06 | time: 0.159
I 06.17/10:21:25 solver.py:221 ] Epoch: [249/400][180/391] lr: 1.07e-04 | MSE loss: 1.6707e-06 | time: 0.160
I 06.17/10:21:28 solver.py:221 ] Epoch: [249/400][200/391] lr: 1.07e-04 | MSE loss: 1.6947e-06 | time: 0.160
I 06.17/10:21:31 solver.py:221 ] Epoch: [249/400][220/391] lr: 1.06e-04 | MSE loss: 1.6817e-06 | time: 0.159
I 06.17/10:21:34 solver.py:221 ] Epoch: [249/400][240/391] lr: 1.06e-04 | MSE loss: 1.6787e-06 | time: 0.159
I 06.17/10:21:37 solver.py:221 ] Epoch: [249/400][260/391] lr: 1.06e-04 | MSE loss: 1.6670e-06 | time: 0.159
I 06.17/10:21:41 solver.py:221 ] Epoch: [249/400][280/391] lr: 1.06e-04 | MSE loss: 1.6751e-06 | time: 0.160
I 06.17/10:21:44 solver.py:221 ] Epoch: [249/400][300/391] lr: 1.06e-04 | MSE loss: 1.6688e-06 | time: 0.159
I 06.17/10:21:47 solver.py:221 ] Epoch: [249/400][320/391] lr: 1.06e-04 | MSE loss: 1.6792e-06 | time: 0.159
I 06.17/10:21:50 solver.py:221 ] Epoch: [249/400][340/391] lr: 1.06e-04 | MSE loss: 1.6924e-06 | time: 0.159
I 06.17/10:21:53 solver.py:221 ] Epoch: [249/400][360/391] lr: 1.06e-04 | MSE loss: 1.7033e-06 | time: 0.159
I 06.17/10:21:56 solver.py:221 ] Epoch: [249/400][380/391] lr: 1.06e-04 | MSE loss: 1.6967e-06 | time: 0.159
I 06.17/10:21:58 solver.py:243 ] => Train  Loss: 1.6900e-06

I 06.17/10:21:58 solver.py:337 ] 
=! Best NMSE: -2.3666e+01 (epoch=190)

I 06.17/10:22:01 solver.py:221 ] Epoch: [250/400][20/391] lr: 1.06e-04 | MSE loss: 1.4675e-06 | time: 0.145
I 06.17/10:22:05 solver.py:221 ] Epoch: [250/400][40/391] lr: 1.06e-04 | MSE loss: 1.4981e-06 | time: 0.171
I 06.17/10:22:09 solver.py:221 ] Epoch: [250/400][60/391] lr: 1.06e-04 | MSE loss: 1.8513e-06 | time: 0.163
I 06.17/10:22:12 solver.py:221 ] Epoch: [250/400][80/391] lr: 1.06e-04 | MSE loss: 1.7798e-06 | time: 0.162
I 06.17/10:22:15 solver.py:221 ] Epoch: [250/400][100/391] lr: 1.06e-04 | MSE loss: 1.7278e-06 | time: 0.163
I 06.17/10:22:18 solver.py:221 ] Epoch: [250/400][120/391] lr: 1.06e-04 | MSE loss: 1.6763e-06 | time: 0.162
I 06.17/10:22:21 solver.py:221 ] Epoch: [250/400][140/391] lr: 1.06e-04 | MSE loss: 1.6390e-06 | time: 0.161
I 06.17/10:22:24 solver.py:221 ] Epoch: [250/400][160/391] lr: 1.06e-04 | MSE loss: 1.6254e-06 | time: 0.161
I 06.17/10:22:28 solver.py:221 ] Epoch: [250/400][180/391] lr: 1.06e-04 | MSE loss: 1.6461e-06 | time: 0.161
I 06.17/10:22:31 solver.py:221 ] Epoch: [250/400][200/391] lr: 1.06e-04 | MSE loss: 1.6697e-06 | time: 0.161
I 06.17/10:22:34 solver.py:221 ] Epoch: [250/400][220/391] lr: 1.06e-04 | MSE loss: 1.6836e-06 | time: 0.162
I 06.17/10:22:38 solver.py:221 ] Epoch: [250/400][240/391] lr: 1.06e-04 | MSE loss: 1.6685e-06 | time: 0.162
I 06.17/10:22:41 solver.py:221 ] Epoch: [250/400][260/391] lr: 1.06e-04 | MSE loss: 1.6492e-06 | time: 0.161
I 06.17/10:22:44 solver.py:221 ] Epoch: [250/400][280/391] lr: 1.06e-04 | MSE loss: 1.6346e-06 | time: 0.162
I 06.17/10:22:47 solver.py:221 ] Epoch: [250/400][300/391] lr: 1.06e-04 | MSE loss: 1.6325e-06 | time: 0.162
I 06.17/10:22:51 solver.py:221 ] Epoch: [250/400][320/391] lr: 1.06e-04 | MSE loss: 1.6598e-06 | time: 0.162
I 06.17/10:22:53 solver.py:221 ] Epoch: [250/400][340/391] lr: 1.06e-04 | MSE loss: 1.6787e-06 | time: 0.161
I 06.17/10:22:56 solver.py:221 ] Epoch: [250/400][360/391] lr: 1.06e-04 | MSE loss: 1.6823e-06 | time: 0.159
I 06.17/10:22:59 solver.py:221 ] Epoch: [250/400][380/391] lr: 1.06e-04 | MSE loss: 1.6667e-06 | time: 0.158
I 06.17/10:23:00 solver.py:243 ] => Train  Loss: 1.6740e-06

I 06.17/10:23:04 solver.py:221 ] Epoch: [250/400][20/118] lr: 1.06e-04 | MSE loss: 2.1683e-06 | time: 0.170
I 06.17/10:23:06 solver.py:221 ] Epoch: [250/400][40/118] lr: 1.06e-04 | MSE loss: 2.1515e-06 | time: 0.124
I 06.17/10:23:07 solver.py:221 ] Epoch: [250/400][60/118] lr: 1.06e-04 | MSE loss: 2.1715e-06 | time: 0.098
I 06.17/10:23:07 solver.py:221 ] Epoch: [250/400][80/118] lr: 1.06e-04 | MSE loss: 2.1734e-06 | time: 0.081
I 06.17/10:23:08 solver.py:221 ] Epoch: [250/400][100/118] lr: 1.06e-04 | MSE loss: 2.1722e-06 | time: 0.073
I 06.17/10:23:09 solver.py:243 ] => Val  Loss: 2.1707e-06

I 06.17/10:23:09 solver.py:471 ] [20/79] loss: 2.2249e-06 | NMSE: -2.3079e+01 | time: 0.030
I 06.17/10:23:10 solver.py:471 ] [40/79] loss: 2.1920e-06 | NMSE: -2.3147e+01 | time: 0.034
I 06.17/10:23:11 solver.py:471 ] [60/79] loss: 2.1867e-06 | NMSE: -2.3147e+01 | time: 0.037
I 06.17/10:23:12 solver.py:476 ] => Test NMSE: -2.3159e+01

I 06.17/10:23:12 solver.py:337 ] 
=! Best NMSE: -2.3666e+01 (epoch=190)

I 06.17/10:23:15 solver.py:221 ] Epoch: [251/400][20/391] lr: 1.06e-04 | MSE loss: 1.7735e-06 | time: 0.156
I 06.17/10:23:18 solver.py:221 ] Epoch: [251/400][40/391] lr: 1.06e-04 | MSE loss: 1.8805e-06 | time: 0.156
I 06.17/10:23:21 solver.py:221 ] Epoch: [251/400][60/391] lr: 1.05e-04 | MSE loss: 1.7304e-06 | time: 0.156
I 06.17/10:23:25 solver.py:221 ] Epoch: [251/400][80/391] lr: 1.05e-04 | MSE loss: 1.6798e-06 | time: 0.157
I 06.17/10:23:28 solver.py:221 ] Epoch: [251/400][100/391] lr: 1.05e-04 | MSE loss: 1.6967e-06 | time: 0.158
I 06.17/10:23:31 solver.py:221 ] Epoch: [251/400][120/391] lr: 1.05e-04 | MSE loss: 1.7062e-06 | time: 0.158
I 06.17/10:23:34 solver.py:221 ] Epoch: [251/400][140/391] lr: 1.05e-04 | MSE loss: 1.7021e-06 | time: 0.158
I 06.17/10:23:37 solver.py:221 ] Epoch: [251/400][160/391] lr: 1.05e-04 | MSE loss: 1.6767e-06 | time: 0.158
I 06.17/10:23:40 solver.py:221 ] Epoch: [251/400][180/391] lr: 1.05e-04 | MSE loss: 1.6629e-06 | time: 0.158
I 06.17/10:23:44 solver.py:221 ] Epoch: [251/400][200/391] lr: 1.05e-04 | MSE loss: 1.7011e-06 | time: 0.159
I 06.17/10:23:47 solver.py:221 ] Epoch: [251/400][220/391] lr: 1.05e-04 | MSE loss: 1.7173e-06 | time: 0.159
I 06.17/10:23:50 solver.py:221 ] Epoch: [251/400][240/391] lr: 1.05e-04 | MSE loss: 1.6969e-06 | time: 0.159
I 06.17/10:23:53 solver.py:221 ] Epoch: [251/400][260/391] lr: 1.05e-04 | MSE loss: 1.6815e-06 | time: 0.159
I 06.17/10:23:57 solver.py:221 ] Epoch: [251/400][280/391] lr: 1.05e-04 | MSE loss: 1.6820e-06 | time: 0.159
I 06.17/10:24:00 solver.py:221 ] Epoch: [251/400][300/391] lr: 1.05e-04 | MSE loss: 1.6764e-06 | time: 0.159
I 06.17/10:24:03 solver.py:221 ] Epoch: [251/400][320/391] lr: 1.05e-04 | MSE loss: 1.6689e-06 | time: 0.159
I 06.17/10:24:05 solver.py:221 ] Epoch: [251/400][340/391] lr: 1.05e-04 | MSE loss: 1.6754e-06 | time: 0.157
I 06.17/10:24:08 solver.py:221 ] Epoch: [251/400][360/391] lr: 1.05e-04 | MSE loss: 1.6791e-06 | time: 0.157
I 06.17/10:24:12 solver.py:221 ] Epoch: [251/400][380/391] lr: 1.05e-04 | MSE loss: 1.6766e-06 | time: 0.157
I 06.17/10:24:13 solver.py:243 ] => Train  Loss: 1.6727e-06

I 06.17/10:24:14 solver.py:337 ] 
=! Best NMSE: -2.3666e+01 (epoch=190)

I 06.17/10:24:17 solver.py:221 ] Epoch: [252/400][20/391] lr: 1.05e-04 | MSE loss: 1.6861e-06 | time: 0.142
I 06.17/10:24:20 solver.py:221 ] Epoch: [252/400][40/391] lr: 1.05e-04 | MSE loss: 1.7275e-06 | time: 0.153
I 06.17/10:24:23 solver.py:221 ] Epoch: [252/400][60/391] lr: 1.05e-04 | MSE loss: 1.7189e-06 | time: 0.155
I 06.17/10:24:26 solver.py:221 ] Epoch: [252/400][80/391] lr: 1.05e-04 | MSE loss: 1.6897e-06 | time: 0.154
I 06.17/10:24:29 solver.py:221 ] Epoch: [252/400][100/391] lr: 1.05e-04 | MSE loss: 1.6839e-06 | time: 0.152
I 06.17/10:24:32 solver.py:221 ] Epoch: [252/400][120/391] lr: 1.05e-04 | MSE loss: 1.6626e-06 | time: 0.151
I 06.17/10:24:35 solver.py:221 ] Epoch: [252/400][140/391] lr: 1.05e-04 | MSE loss: 1.6387e-06 | time: 0.150
I 06.17/10:24:38 solver.py:221 ] Epoch: [252/400][160/391] lr: 1.05e-04 | MSE loss: 1.6214e-06 | time: 0.151
I 06.17/10:24:41 solver.py:221 ] Epoch: [252/400][180/391] lr: 1.05e-04 | MSE loss: 1.6144e-06 | time: 0.151
I 06.17/10:24:44 solver.py:221 ] Epoch: [252/400][200/391] lr: 1.05e-04 | MSE loss: 1.6394e-06 | time: 0.152
I 06.17/10:24:48 solver.py:221 ] Epoch: [252/400][220/391] lr: 1.05e-04 | MSE loss: 1.6414e-06 | time: 0.153
I 06.17/10:24:51 solver.py:221 ] Epoch: [252/400][240/391] lr: 1.05e-04 | MSE loss: 1.6194e-06 | time: 0.154
I 06.17/10:24:54 solver.py:221 ] Epoch: [252/400][260/391] lr: 1.05e-04 | MSE loss: 1.6197e-06 | time: 0.154
I 06.17/10:24:57 solver.py:221 ] Epoch: [252/400][280/391] lr: 1.05e-04 | MSE loss: 1.6245e-06 | time: 0.154
I 06.17/10:25:00 solver.py:221 ] Epoch: [252/400][300/391] lr: 1.04e-04 | MSE loss: 1.6155e-06 | time: 0.155
I 06.17/10:25:03 solver.py:221 ] Epoch: [252/400][320/391] lr: 1.04e-04 | MSE loss: 1.6207e-06 | time: 0.156
I 06.17/10:25:06 solver.py:221 ] Epoch: [252/400][340/391] lr: 1.04e-04 | MSE loss: 1.6585e-06 | time: 0.152
I 06.17/10:25:09 solver.py:221 ] Epoch: [252/400][360/391] lr: 1.04e-04 | MSE loss: 1.6693e-06 | time: 0.153
I 06.17/10:25:12 solver.py:221 ] Epoch: [252/400][380/391] lr: 1.04e-04 | MSE loss: 1.6633e-06 | time: 0.153
I 06.17/10:25:14 solver.py:243 ] => Train  Loss: 1.6627e-06

I 06.17/10:25:14 solver.py:337 ] 
=! Best NMSE: -2.3666e+01 (epoch=190)

I 06.17/10:25:17 solver.py:221 ] Epoch: [253/400][20/391] lr: 1.04e-04 | MSE loss: 1.4553e-06 | time: 0.151
I 06.17/10:25:21 solver.py:221 ] Epoch: [253/400][40/391] lr: 1.04e-04 | MSE loss: 1.4542e-06 | time: 0.158
I 06.17/10:25:24 solver.py:221 ] Epoch: [253/400][60/391] lr: 1.04e-04 | MSE loss: 1.4460e-06 | time: 0.158
I 06.17/10:25:27 solver.py:221 ] Epoch: [253/400][80/391] lr: 1.04e-04 | MSE loss: 1.5134e-06 | time: 0.157
I 06.17/10:25:30 solver.py:221 ] Epoch: [253/400][100/391] lr: 1.04e-04 | MSE loss: 1.5275e-06 | time: 0.157
I 06.17/10:25:33 solver.py:221 ] Epoch: [253/400][120/391] lr: 1.04e-04 | MSE loss: 1.5158e-06 | time: 0.157
I 06.17/10:25:36 solver.py:221 ] Epoch: [253/400][140/391] lr: 1.04e-04 | MSE loss: 1.5202e-06 | time: 0.158
I 06.17/10:25:40 solver.py:221 ] Epoch: [253/400][160/391] lr: 1.04e-04 | MSE loss: 1.5592e-06 | time: 0.159
I 06.17/10:25:43 solver.py:221 ] Epoch: [253/400][180/391] lr: 1.04e-04 | MSE loss: 1.7052e-06 | time: 0.158
I 06.17/10:25:46 solver.py:221 ] Epoch: [253/400][200/391] lr: 1.04e-04 | MSE loss: 1.6872e-06 | time: 0.158
I 06.17/10:25:49 solver.py:221 ] Epoch: [253/400][220/391] lr: 1.04e-04 | MSE loss: 1.6583e-06 | time: 0.158
I 06.17/10:25:53 solver.py:221 ] Epoch: [253/400][240/391] lr: 1.04e-04 | MSE loss: 1.6372e-06 | time: 0.159
I 06.17/10:25:56 solver.py:221 ] Epoch: [253/400][260/391] lr: 1.04e-04 | MSE loss: 1.6449e-06 | time: 0.159
I 06.17/10:25:59 solver.py:221 ] Epoch: [253/400][280/391] lr: 1.04e-04 | MSE loss: 1.6362e-06 | time: 0.159
I 06.17/10:26:02 solver.py:221 ] Epoch: [253/400][300/391] lr: 1.04e-04 | MSE loss: 1.6318e-06 | time: 0.158
I 06.17/10:26:04 solver.py:221 ] Epoch: [253/400][320/391] lr: 1.04e-04 | MSE loss: 1.6230e-06 | time: 0.158
I 06.17/10:26:07 solver.py:221 ] Epoch: [253/400][340/391] lr: 1.04e-04 | MSE loss: 1.6132e-06 | time: 0.156
I 06.17/10:26:11 solver.py:221 ] Epoch: [253/400][360/391] lr: 1.04e-04 | MSE loss: 1.6050e-06 | time: 0.156
I 06.17/10:26:14 solver.py:221 ] Epoch: [253/400][380/391] lr: 1.04e-04 | MSE loss: 1.6150e-06 | time: 0.156
I 06.17/10:26:16 solver.py:243 ] => Train  Loss: 1.6196e-06

I 06.17/10:26:16 solver.py:337 ] 
=! Best NMSE: -2.3666e+01 (epoch=190)

I 06.17/10:26:19 solver.py:221 ] Epoch: [254/400][20/391] lr: 1.04e-04 | MSE loss: 1.7858e-06 | time: 0.149
I 06.17/10:26:22 solver.py:221 ] Epoch: [254/400][40/391] lr: 1.04e-04 | MSE loss: 1.7336e-06 | time: 0.157
I 06.17/10:26:25 solver.py:221 ] Epoch: [254/400][60/391] lr: 1.04e-04 | MSE loss: 1.6798e-06 | time: 0.157
I 06.17/10:26:29 solver.py:221 ] Epoch: [254/400][80/391] lr: 1.04e-04 | MSE loss: 1.6879e-06 | time: 0.158
I 06.17/10:26:32 solver.py:221 ] Epoch: [254/400][100/391] lr: 1.04e-04 | MSE loss: 1.6488e-06 | time: 0.161
I 06.17/10:26:36 solver.py:221 ] Epoch: [254/400][120/391] lr: 1.04e-04 | MSE loss: 1.6519e-06 | time: 0.164
I 06.17/10:26:39 solver.py:221 ] Epoch: [254/400][140/391] lr: 1.03e-04 | MSE loss: 1.6430e-06 | time: 0.166
I 06.17/10:26:42 solver.py:221 ] Epoch: [254/400][160/391] lr: 1.03e-04 | MSE loss: 1.6055e-06 | time: 0.164
I 06.17/10:26:45 solver.py:221 ] Epoch: [254/400][180/391] lr: 1.03e-04 | MSE loss: 1.5946e-06 | time: 0.164
I 06.17/10:26:49 solver.py:221 ] Epoch: [254/400][200/391] lr: 1.03e-04 | MSE loss: 1.5956e-06 | time: 0.163
I 06.17/10:26:52 solver.py:221 ] Epoch: [254/400][220/391] lr: 1.03e-04 | MSE loss: 1.5730e-06 | time: 0.163
I 06.17/10:26:55 solver.py:221 ] Epoch: [254/400][240/391] lr: 1.03e-04 | MSE loss: 1.5585e-06 | time: 0.162
I 06.17/10:26:58 solver.py:221 ] Epoch: [254/400][260/391] lr: 1.03e-04 | MSE loss: 1.6339e-06 | time: 0.162
I 06.17/10:27:01 solver.py:221 ] Epoch: [254/400][280/391] lr: 1.03e-04 | MSE loss: 1.7091e-06 | time: 0.163
I 06.17/10:27:05 solver.py:221 ] Epoch: [254/400][300/391] lr: 1.03e-04 | MSE loss: 1.7010e-06 | time: 0.163
I 06.17/10:27:08 solver.py:221 ] Epoch: [254/400][320/391] lr: 1.03e-04 | MSE loss: 1.6799e-06 | time: 0.161
I 06.17/10:27:11 solver.py:221 ] Epoch: [254/400][340/391] lr: 1.03e-04 | MSE loss: 1.6630e-06 | time: 0.161
I 06.17/10:27:14 solver.py:221 ] Epoch: [254/400][360/391] lr: 1.03e-04 | MSE loss: 1.6590e-06 | time: 0.161
I 06.17/10:27:17 solver.py:221 ] Epoch: [254/400][380/391] lr: 1.03e-04 | MSE loss: 1.6491e-06 | time: 0.160
I 06.17/10:27:19 solver.py:243 ] => Train  Loss: 1.6506e-06

I 06.17/10:27:19 solver.py:337 ] 
=! Best NMSE: -2.3666e+01 (epoch=190)

I 06.17/10:27:22 solver.py:221 ] Epoch: [255/400][20/391] lr: 1.03e-04 | MSE loss: 1.4806e-06 | time: 0.140
I 06.17/10:27:25 solver.py:221 ] Epoch: [255/400][40/391] lr: 1.03e-04 | MSE loss: 1.4613e-06 | time: 0.148
I 06.17/10:27:28 solver.py:221 ] Epoch: [255/400][60/391] lr: 1.03e-04 | MSE loss: 1.5518e-06 | time: 0.150
I 06.17/10:27:31 solver.py:221 ] Epoch: [255/400][80/391] lr: 1.03e-04 | MSE loss: 1.5330e-06 | time: 0.153
I 06.17/10:27:35 solver.py:221 ] Epoch: [255/400][100/391] lr: 1.03e-04 | MSE loss: 1.5376e-06 | time: 0.155
I 06.17/10:27:38 solver.py:221 ] Epoch: [255/400][120/391] lr: 1.03e-04 | MSE loss: 1.5537e-06 | time: 0.157
I 06.17/10:27:41 solver.py:221 ] Epoch: [255/400][140/391] lr: 1.03e-04 | MSE loss: 1.5447e-06 | time: 0.158
I 06.17/10:27:45 solver.py:221 ] Epoch: [255/400][160/391] lr: 1.03e-04 | MSE loss: 1.5354e-06 | time: 0.159
I 06.17/10:27:48 solver.py:221 ] Epoch: [255/400][180/391] lr: 1.03e-04 | MSE loss: 1.5249e-06 | time: 0.159
I 06.17/10:27:51 solver.py:221 ] Epoch: [255/400][200/391] lr: 1.03e-04 | MSE loss: 1.5542e-06 | time: 0.159
I 06.17/10:27:54 solver.py:221 ] Epoch: [255/400][220/391] lr: 1.03e-04 | MSE loss: 1.5759e-06 | time: 0.159
I 06.17/10:27:57 solver.py:221 ] Epoch: [255/400][240/391] lr: 1.03e-04 | MSE loss: 1.5650e-06 | time: 0.159
I 06.17/10:28:01 solver.py:221 ] Epoch: [255/400][260/391] lr: 1.03e-04 | MSE loss: 1.5745e-06 | time: 0.159
I 06.17/10:28:03 solver.py:221 ] Epoch: [255/400][280/391] lr: 1.03e-04 | MSE loss: 1.5610e-06 | time: 0.159
I 06.17/10:28:05 solver.py:221 ] Epoch: [255/400][300/391] lr: 1.03e-04 | MSE loss: 1.5858e-06 | time: 0.154
I 06.17/10:28:09 solver.py:221 ] Epoch: [255/400][320/391] lr: 1.03e-04 | MSE loss: 1.6154e-06 | time: 0.154
I 06.17/10:28:12 solver.py:221 ] Epoch: [255/400][340/391] lr: 1.03e-04 | MSE loss: 1.6100e-06 | time: 0.155
I 06.17/10:28:15 solver.py:221 ] Epoch: [255/400][360/391] lr: 1.02e-04 | MSE loss: 1.6026e-06 | time: 0.155
I 06.17/10:28:18 solver.py:221 ] Epoch: [255/400][380/391] lr: 1.02e-04 | MSE loss: 1.5988e-06 | time: 0.156
I 06.17/10:28:20 solver.py:243 ] => Train  Loss: 1.5998e-06

I 06.17/10:28:20 solver.py:337 ] 
=! Best NMSE: -2.3666e+01 (epoch=190)

I 06.17/10:28:24 solver.py:221 ] Epoch: [256/400][20/391] lr: 1.02e-04 | MSE loss: 1.4782e-06 | time: 0.146
I 06.17/10:28:27 solver.py:221 ] Epoch: [256/400][40/391] lr: 1.02e-04 | MSE loss: 1.6392e-06 | time: 0.154
I 06.17/10:28:30 solver.py:221 ] Epoch: [256/400][60/391] lr: 1.02e-04 | MSE loss: 1.6053e-06 | time: 0.156
I 06.17/10:28:33 solver.py:221 ] Epoch: [256/400][80/391] lr: 1.02e-04 | MSE loss: 1.6122e-06 | time: 0.157
I 06.17/10:28:36 solver.py:221 ] Epoch: [256/400][100/391] lr: 1.02e-04 | MSE loss: 1.5801e-06 | time: 0.156
I 06.17/10:28:39 solver.py:221 ] Epoch: [256/400][120/391] lr: 1.02e-04 | MSE loss: 1.5797e-06 | time: 0.157
I 06.17/10:28:42 solver.py:221 ] Epoch: [256/400][140/391] lr: 1.02e-04 | MSE loss: 1.5833e-06 | time: 0.157
I 06.17/10:28:46 solver.py:221 ] Epoch: [256/400][160/391] lr: 1.02e-04 | MSE loss: 1.6376e-06 | time: 0.156
I 06.17/10:28:49 solver.py:221 ] Epoch: [256/400][180/391] lr: 1.02e-04 | MSE loss: 1.6383e-06 | time: 0.157
I 06.17/10:28:52 solver.py:221 ] Epoch: [256/400][200/391] lr: 1.02e-04 | MSE loss: 1.6213e-06 | time: 0.158
I 06.17/10:28:55 solver.py:221 ] Epoch: [256/400][220/391] lr: 1.02e-04 | MSE loss: 1.6079e-06 | time: 0.158
I 06.17/10:28:59 solver.py:221 ] Epoch: [256/400][240/391] lr: 1.02e-04 | MSE loss: 1.5942e-06 | time: 0.159
I 06.17/10:29:02 solver.py:221 ] Epoch: [256/400][260/391] lr: 1.02e-04 | MSE loss: 1.5993e-06 | time: 0.159
I 06.17/10:29:05 solver.py:221 ] Epoch: [256/400][280/391] lr: 1.02e-04 | MSE loss: 1.6130e-06 | time: 0.158
I 06.17/10:29:08 solver.py:221 ] Epoch: [256/400][300/391] lr: 1.02e-04 | MSE loss: 1.5952e-06 | time: 0.157
I 06.17/10:29:11 solver.py:221 ] Epoch: [256/400][320/391] lr: 1.02e-04 | MSE loss: 1.5845e-06 | time: 0.157
I 06.17/10:29:14 solver.py:221 ] Epoch: [256/400][340/391] lr: 1.02e-04 | MSE loss: 1.5904e-06 | time: 0.157
I 06.17/10:29:17 solver.py:221 ] Epoch: [256/400][360/391] lr: 1.02e-04 | MSE loss: 1.6004e-06 | time: 0.158
I 06.17/10:29:21 solver.py:221 ] Epoch: [256/400][380/391] lr: 1.02e-04 | MSE loss: 1.6043e-06 | time: 0.158
I 06.17/10:29:22 solver.py:243 ] => Train  Loss: 1.6050e-06

I 06.17/10:29:22 solver.py:337 ] 
=! Best NMSE: -2.3666e+01 (epoch=190)

I 06.17/10:29:26 solver.py:221 ] Epoch: [257/400][20/391] lr: 1.02e-04 | MSE loss: 1.6027e-06 | time: 0.147
I 06.17/10:29:29 solver.py:221 ] Epoch: [257/400][40/391] lr: 1.02e-04 | MSE loss: 1.5609e-06 | time: 0.161
I 06.17/10:29:32 solver.py:221 ] Epoch: [257/400][60/391] lr: 1.02e-04 | MSE loss: 1.6588e-06 | time: 0.159
I 06.17/10:29:35 solver.py:221 ] Epoch: [257/400][80/391] lr: 1.02e-04 | MSE loss: 1.7617e-06 | time: 0.158
I 06.17/10:29:39 solver.py:221 ] Epoch: [257/400][100/391] lr: 1.02e-04 | MSE loss: 1.7601e-06 | time: 0.158
I 06.17/10:29:42 solver.py:221 ] Epoch: [257/400][120/391] lr: 1.02e-04 | MSE loss: 1.7090e-06 | time: 0.158
I 06.17/10:29:45 solver.py:221 ] Epoch: [257/400][140/391] lr: 1.02e-04 | MSE loss: 1.7047e-06 | time: 0.159
I 06.17/10:29:48 solver.py:221 ] Epoch: [257/400][160/391] lr: 1.02e-04 | MSE loss: 1.6875e-06 | time: 0.159
I 06.17/10:29:51 solver.py:221 ] Epoch: [257/400][180/391] lr: 1.02e-04 | MSE loss: 1.6727e-06 | time: 0.158
I 06.17/10:29:54 solver.py:221 ] Epoch: [257/400][200/391] lr: 1.02e-04 | MSE loss: 1.6675e-06 | time: 0.158
I 06.17/10:29:57 solver.py:221 ] Epoch: [257/400][220/391] lr: 1.01e-04 | MSE loss: 1.6782e-06 | time: 0.157
I 06.17/10:30:00 solver.py:221 ] Epoch: [257/400][240/391] lr: 1.01e-04 | MSE loss: 1.6717e-06 | time: 0.157
I 06.17/10:30:04 solver.py:221 ] Epoch: [257/400][260/391] lr: 1.01e-04 | MSE loss: 1.6596e-06 | time: 0.161
I 06.17/10:30:07 solver.py:221 ] Epoch: [257/400][280/391] lr: 1.01e-04 | MSE loss: 1.6451e-06 | time: 0.159
I 06.17/10:30:11 solver.py:221 ] Epoch: [257/400][300/391] lr: 1.01e-04 | MSE loss: 1.6443e-06 | time: 0.159
I 06.17/10:30:14 solver.py:221 ] Epoch: [257/400][320/391] lr: 1.01e-04 | MSE loss: 1.6290e-06 | time: 0.159
I 06.17/10:30:17 solver.py:221 ] Epoch: [257/400][340/391] lr: 1.01e-04 | MSE loss: 1.6334e-06 | time: 0.159
I 06.17/10:30:20 solver.py:221 ] Epoch: [257/400][360/391] lr: 1.01e-04 | MSE loss: 1.6229e-06 | time: 0.159
I 06.17/10:30:23 solver.py:221 ] Epoch: [257/400][380/391] lr: 1.01e-04 | MSE loss: 1.6072e-06 | time: 0.159
I 06.17/10:30:25 solver.py:243 ] => Train  Loss: 1.5980e-06

I 06.17/10:30:25 solver.py:337 ] 
=! Best NMSE: -2.3666e+01 (epoch=190)

I 06.17/10:30:28 solver.py:221 ] Epoch: [258/400][20/391] lr: 1.01e-04 | MSE loss: 1.4897e-06 | time: 0.139
I 06.17/10:30:31 solver.py:221 ] Epoch: [258/400][40/391] lr: 1.01e-04 | MSE loss: 1.7426e-06 | time: 0.149
I 06.17/10:30:35 solver.py:221 ] Epoch: [258/400][60/391] lr: 1.01e-04 | MSE loss: 1.6292e-06 | time: 0.150
I 06.17/10:30:38 solver.py:221 ] Epoch: [258/400][80/391] lr: 1.01e-04 | MSE loss: 1.6090e-06 | time: 0.153
I 06.17/10:30:41 solver.py:221 ] Epoch: [258/400][100/391] lr: 1.01e-04 | MSE loss: 1.6108e-06 | time: 0.154
I 06.17/10:30:44 solver.py:221 ] Epoch: [258/400][120/391] lr: 1.01e-04 | MSE loss: 1.5692e-06 | time: 0.155
I 06.17/10:30:47 solver.py:221 ] Epoch: [258/400][140/391] lr: 1.01e-04 | MSE loss: 1.5763e-06 | time: 0.155
I 06.17/10:30:50 solver.py:221 ] Epoch: [258/400][160/391] lr: 1.01e-04 | MSE loss: 1.5873e-06 | time: 0.155
I 06.17/10:30:54 solver.py:221 ] Epoch: [258/400][180/391] lr: 1.01e-04 | MSE loss: 1.6416e-06 | time: 0.155
I 06.17/10:30:57 solver.py:221 ] Epoch: [258/400][200/391] lr: 1.01e-04 | MSE loss: 1.6571e-06 | time: 0.157
I 06.17/10:31:00 solver.py:221 ] Epoch: [258/400][220/391] lr: 1.01e-04 | MSE loss: 1.6499e-06 | time: 0.157
I 06.17/10:31:04 solver.py:221 ] Epoch: [258/400][240/391] lr: 1.01e-04 | MSE loss: 1.6395e-06 | time: 0.162
I 06.17/10:31:07 solver.py:221 ] Epoch: [258/400][260/391] lr: 1.01e-04 | MSE loss: 1.6291e-06 | time: 0.160
I 06.17/10:31:10 solver.py:221 ] Epoch: [258/400][280/391] lr: 1.01e-04 | MSE loss: 1.6306e-06 | time: 0.161
I 06.17/10:31:14 solver.py:221 ] Epoch: [258/400][300/391] lr: 1.01e-04 | MSE loss: 1.6134e-06 | time: 0.161
I 06.17/10:31:17 solver.py:221 ] Epoch: [258/400][320/391] lr: 1.01e-04 | MSE loss: 1.6056e-06 | time: 0.160
I 06.17/10:31:20 solver.py:221 ] Epoch: [258/400][340/391] lr: 1.01e-04 | MSE loss: 1.5940e-06 | time: 0.160
I 06.17/10:31:23 solver.py:221 ] Epoch: [258/400][360/391] lr: 1.01e-04 | MSE loss: 1.5789e-06 | time: 0.160
I 06.17/10:31:26 solver.py:221 ] Epoch: [258/400][380/391] lr: 1.01e-04 | MSE loss: 1.5921e-06 | time: 0.160
I 06.17/10:31:28 solver.py:243 ] => Train  Loss: 1.5911e-06

I 06.17/10:31:28 solver.py:337 ] 
=! Best NMSE: -2.3666e+01 (epoch=190)

I 06.17/10:31:31 solver.py:221 ] Epoch: [259/400][20/391] lr: 1.01e-04 | MSE loss: 1.4692e-06 | time: 0.147
I 06.17/10:31:34 solver.py:221 ] Epoch: [259/400][40/391] lr: 1.01e-04 | MSE loss: 1.6773e-06 | time: 0.152
I 06.17/10:31:37 solver.py:221 ] Epoch: [259/400][60/391] lr: 1.00e-04 | MSE loss: 1.7039e-06 | time: 0.154
I 06.17/10:31:41 solver.py:221 ] Epoch: [259/400][80/391] lr: 1.00e-04 | MSE loss: 1.6759e-06 | time: 0.154
I 06.17/10:31:44 solver.py:221 ] Epoch: [259/400][100/391] lr: 1.00e-04 | MSE loss: 1.6157e-06 | time: 0.157
I 06.17/10:31:47 solver.py:221 ] Epoch: [259/400][120/391] lr: 1.00e-04 | MSE loss: 1.5948e-06 | time: 0.159
I 06.17/10:31:51 solver.py:221 ] Epoch: [259/400][140/391] lr: 1.00e-04 | MSE loss: 1.6111e-06 | time: 0.159
I 06.17/10:31:54 solver.py:221 ] Epoch: [259/400][160/391] lr: 1.00e-04 | MSE loss: 1.5990e-06 | time: 0.160
I 06.17/10:31:57 solver.py:221 ] Epoch: [259/400][180/391] lr: 1.00e-04 | MSE loss: 1.5943e-06 | time: 0.159
I 06.17/10:32:00 solver.py:221 ] Epoch: [259/400][200/391] lr: 1.00e-04 | MSE loss: 1.5814e-06 | time: 0.159
I 06.17/10:32:04 solver.py:221 ] Epoch: [259/400][220/391] lr: 1.00e-04 | MSE loss: 1.5798e-06 | time: 0.162
I 06.17/10:32:06 solver.py:221 ] Epoch: [259/400][240/391] lr: 1.00e-04 | MSE loss: 1.5785e-06 | time: 0.159
I 06.17/10:32:10 solver.py:221 ] Epoch: [259/400][260/391] lr: 1.00e-04 | MSE loss: 1.5664e-06 | time: 0.160
I 06.17/10:32:13 solver.py:221 ] Epoch: [259/400][280/391] lr: 1.00e-04 | MSE loss: 1.5772e-06 | time: 0.160
I 06.17/10:32:16 solver.py:221 ] Epoch: [259/400][300/391] lr: 1.00e-04 | MSE loss: 1.5939e-06 | time: 0.160
I 06.17/10:32:19 solver.py:221 ] Epoch: [259/400][320/391] lr: 1.00e-04 | MSE loss: 1.5896e-06 | time: 0.160
I 06.17/10:32:22 solver.py:221 ] Epoch: [259/400][340/391] lr: 1.00e-04 | MSE loss: 1.5872e-06 | time: 0.159
I 06.17/10:32:26 solver.py:221 ] Epoch: [259/400][360/391] lr: 1.00e-04 | MSE loss: 1.5777e-06 | time: 0.159
I 06.17/10:32:29 solver.py:221 ] Epoch: [259/400][380/391] lr: 1.00e-04 | MSE loss: 1.5639e-06 | time: 0.159
I 06.17/10:32:31 solver.py:243 ] => Train  Loss: 1.5593e-06

I 06.17/10:32:31 solver.py:337 ] 
=! Best NMSE: -2.3666e+01 (epoch=190)

I 06.17/10:32:34 solver.py:221 ] Epoch: [260/400][20/391] lr: 9.99e-05 | MSE loss: 1.4023e-06 | time: 0.154
I 06.17/10:32:37 solver.py:221 ] Epoch: [260/400][40/391] lr: 9.99e-05 | MSE loss: 1.9555e-06 | time: 0.156
I 06.17/10:32:41 solver.py:221 ] Epoch: [260/400][60/391] lr: 9.99e-05 | MSE loss: 1.8469e-06 | time: 0.157
I 06.17/10:32:44 solver.py:221 ] Epoch: [260/400][80/391] lr: 9.98e-05 | MSE loss: 1.7130e-06 | time: 0.158
I 06.17/10:32:47 solver.py:221 ] Epoch: [260/400][100/391] lr: 9.98e-05 | MSE loss: 1.6354e-06 | time: 0.157
I 06.17/10:32:50 solver.py:221 ] Epoch: [260/400][120/391] lr: 9.98e-05 | MSE loss: 1.5922e-06 | time: 0.158
I 06.17/10:32:53 solver.py:221 ] Epoch: [260/400][140/391] lr: 9.97e-05 | MSE loss: 1.5583e-06 | time: 0.160
I 06.17/10:32:57 solver.py:221 ] Epoch: [260/400][160/391] lr: 9.97e-05 | MSE loss: 1.5391e-06 | time: 0.160
I 06.17/10:33:00 solver.py:221 ] Epoch: [260/400][180/391] lr: 9.97e-05 | MSE loss: 1.5322e-06 | time: 0.160
I 06.17/10:33:03 solver.py:221 ] Epoch: [260/400][200/391] lr: 9.96e-05 | MSE loss: 1.6039e-06 | time: 0.162
I 06.17/10:33:06 solver.py:221 ] Epoch: [260/400][220/391] lr: 9.96e-05 | MSE loss: 1.6016e-06 | time: 0.160
I 06.17/10:33:10 solver.py:221 ] Epoch: [260/400][240/391] lr: 9.96e-05 | MSE loss: 1.5830e-06 | time: 0.160
I 06.17/10:33:13 solver.py:221 ] Epoch: [260/400][260/391] lr: 9.96e-05 | MSE loss: 1.5770e-06 | time: 0.161
I 06.17/10:33:16 solver.py:221 ] Epoch: [260/400][280/391] lr: 9.95e-05 | MSE loss: 1.5680e-06 | time: 0.160
I 06.17/10:33:19 solver.py:221 ] Epoch: [260/400][300/391] lr: 9.95e-05 | MSE loss: 1.6224e-06 | time: 0.160
I 06.17/10:33:22 solver.py:221 ] Epoch: [260/400][320/391] lr: 9.95e-05 | MSE loss: 1.6251e-06 | time: 0.160
I 06.17/10:33:25 solver.py:221 ] Epoch: [260/400][340/391] lr: 9.94e-05 | MSE loss: 1.6146e-06 | time: 0.159
I 06.17/10:33:28 solver.py:221 ] Epoch: [260/400][360/391] lr: 9.94e-05 | MSE loss: 1.6070e-06 | time: 0.159
I 06.17/10:33:32 solver.py:221 ] Epoch: [260/400][380/391] lr: 9.94e-05 | MSE loss: 1.5905e-06 | time: 0.159
I 06.17/10:33:33 solver.py:243 ] => Train  Loss: 1.5838e-06

I 06.17/10:33:34 solver.py:221 ] Epoch: [260/400][20/118] lr: 9.93e-05 | MSE loss: 1.9501e-06 | time: 0.039
I 06.17/10:33:35 solver.py:221 ] Epoch: [260/400][40/118] lr: 9.93e-05 | MSE loss: 1.9352e-06 | time: 0.041
I 06.17/10:33:36 solver.py:221 ] Epoch: [260/400][60/118] lr: 9.93e-05 | MSE loss: 1.9554e-06 | time: 0.041
I 06.17/10:33:37 solver.py:221 ] Epoch: [260/400][80/118] lr: 9.93e-05 | MSE loss: 1.9575e-06 | time: 0.040
I 06.17/10:33:38 solver.py:221 ] Epoch: [260/400][100/118] lr: 9.93e-05 | MSE loss: 1.9561e-06 | time: 0.044
I 06.17/10:33:39 solver.py:243 ] => Val  Loss: 1.9548e-06

I 06.17/10:33:40 solver.py:471 ] [20/79] loss: 2.0057e-06 | NMSE: -2.3530e+01 | time: 0.063
I 06.17/10:33:41 solver.py:471 ] [40/79] loss: 1.9747e-06 | NMSE: -2.3600e+01 | time: 0.062
I 06.17/10:33:43 solver.py:471 ] [60/79] loss: 1.9709e-06 | NMSE: -2.3598e+01 | time: 0.064
I 06.17/10:33:44 solver.py:476 ] => Test NMSE: -2.3611e+01

I 06.17/10:33:44 solver.py:337 ] 
=! Best NMSE: -2.3666e+01 (epoch=190)

I 06.17/10:33:47 solver.py:221 ] Epoch: [261/400][20/391] lr: 9.93e-05 | MSE loss: 1.4518e-06 | time: 0.163
I 06.17/10:33:51 solver.py:221 ] Epoch: [261/400][40/391] lr: 9.93e-05 | MSE loss: 1.4861e-06 | time: 0.163
I 06.17/10:33:54 solver.py:221 ] Epoch: [261/400][60/391] lr: 9.93e-05 | MSE loss: 1.5287e-06 | time: 0.161
I 06.17/10:33:57 solver.py:221 ] Epoch: [261/400][80/391] lr: 9.92e-05 | MSE loss: 1.5883e-06 | time: 0.160
I 06.17/10:34:00 solver.py:221 ] Epoch: [261/400][100/391] lr: 9.92e-05 | MSE loss: 1.5912e-06 | time: 0.160
I 06.17/10:34:04 solver.py:221 ] Epoch: [261/400][120/391] lr: 9.92e-05 | MSE loss: 1.5832e-06 | time: 0.169
I 06.17/10:34:07 solver.py:221 ] Epoch: [261/400][140/391] lr: 9.91e-05 | MSE loss: 1.5525e-06 | time: 0.164
I 06.17/10:34:10 solver.py:221 ] Epoch: [261/400][160/391] lr: 9.91e-05 | MSE loss: 1.5569e-06 | time: 0.163
I 06.17/10:34:14 solver.py:221 ] Epoch: [261/400][180/391] lr: 9.91e-05 | MSE loss: 1.5896e-06 | time: 0.162
I 06.17/10:34:17 solver.py:221 ] Epoch: [261/400][200/391] lr: 9.90e-05 | MSE loss: 1.6292e-06 | time: 0.164
I 06.17/10:34:20 solver.py:221 ] Epoch: [261/400][220/391] lr: 9.90e-05 | MSE loss: 1.6129e-06 | time: 0.164
I 06.17/10:34:23 solver.py:221 ] Epoch: [261/400][240/391] lr: 9.90e-05 | MSE loss: 1.5934e-06 | time: 0.163
I 06.17/10:34:27 solver.py:221 ] Epoch: [261/400][260/391] lr: 9.89e-05 | MSE loss: 1.5731e-06 | time: 0.162
I 06.17/10:34:30 solver.py:221 ] Epoch: [261/400][280/391] lr: 9.89e-05 | MSE loss: 1.5689e-06 | time: 0.162
I 06.17/10:34:33 solver.py:221 ] Epoch: [261/400][300/391] lr: 9.89e-05 | MSE loss: 1.6231e-06 | time: 0.162
I 06.17/10:34:36 solver.py:221 ] Epoch: [261/400][320/391] lr: 9.88e-05 | MSE loss: 1.6416e-06 | time: 0.162
I 06.17/10:34:39 solver.py:221 ] Epoch: [261/400][340/391] lr: 9.88e-05 | MSE loss: 1.6300e-06 | time: 0.162
I 06.17/10:34:43 solver.py:221 ] Epoch: [261/400][360/391] lr: 9.88e-05 | MSE loss: 1.6142e-06 | time: 0.162
I 06.17/10:34:46 solver.py:221 ] Epoch: [261/400][380/391] lr: 9.88e-05 | MSE loss: 1.5948e-06 | time: 0.162
I 06.17/10:34:47 solver.py:243 ] => Train  Loss: 1.5863e-06

I 06.17/10:34:48 solver.py:337 ] 
=! Best NMSE: -2.3666e+01 (epoch=190)

I 06.17/10:34:51 solver.py:221 ] Epoch: [262/400][20/391] lr: 9.87e-05 | MSE loss: 1.3100e-06 | time: 0.158
I 06.17/10:34:54 solver.py:221 ] Epoch: [262/400][40/391] lr: 9.87e-05 | MSE loss: 1.3953e-06 | time: 0.158
I 06.17/10:34:58 solver.py:221 ] Epoch: [262/400][60/391] lr: 9.86e-05 | MSE loss: 1.4524e-06 | time: 0.162
I 06.17/10:35:01 solver.py:221 ] Epoch: [262/400][80/391] lr: 9.86e-05 | MSE loss: 1.5117e-06 | time: 0.167
I 06.17/10:35:04 solver.py:221 ] Epoch: [262/400][100/391] lr: 9.86e-05 | MSE loss: 1.5172e-06 | time: 0.168
I 06.17/10:35:08 solver.py:221 ] Epoch: [262/400][120/391] lr: 9.85e-05 | MSE loss: 1.6157e-06 | time: 0.164
I 06.17/10:35:11 solver.py:221 ] Epoch: [262/400][140/391] lr: 9.85e-05 | MSE loss: 1.6217e-06 | time: 0.163
I 06.17/10:35:14 solver.py:221 ] Epoch: [262/400][160/391] lr: 9.85e-05 | MSE loss: 1.5987e-06 | time: 0.162
I 06.17/10:35:17 solver.py:221 ] Epoch: [262/400][180/391] lr: 9.85e-05 | MSE loss: 1.5901e-06 | time: 0.159
I 06.17/10:35:19 solver.py:221 ] Epoch: [262/400][200/391] lr: 9.84e-05 | MSE loss: 1.5817e-06 | time: 0.158
I 06.17/10:35:22 solver.py:221 ] Epoch: [262/400][220/391] lr: 9.84e-05 | MSE loss: 1.5780e-06 | time: 0.155
I 06.17/10:35:25 solver.py:221 ] Epoch: [262/400][240/391] lr: 9.84e-05 | MSE loss: 1.6105e-06 | time: 0.154
I 06.17/10:35:28 solver.py:221 ] Epoch: [262/400][260/391] lr: 9.83e-05 | MSE loss: 1.5958e-06 | time: 0.154
I 06.17/10:35:31 solver.py:221 ] Epoch: [262/400][280/391] lr: 9.83e-05 | MSE loss: 1.5799e-06 | time: 0.155
I 06.17/10:35:35 solver.py:221 ] Epoch: [262/400][300/391] lr: 9.83e-05 | MSE loss: 1.5652e-06 | time: 0.156
I 06.17/10:35:38 solver.py:221 ] Epoch: [262/400][320/391] lr: 9.82e-05 | MSE loss: 1.5529e-06 | time: 0.156
I 06.17/10:35:41 solver.py:221 ] Epoch: [262/400][340/391] lr: 9.82e-05 | MSE loss: 1.5400e-06 | time: 0.156
I 06.17/10:35:44 solver.py:221 ] Epoch: [262/400][360/391] lr: 9.82e-05 | MSE loss: 1.5493e-06 | time: 0.156
I 06.17/10:35:47 solver.py:221 ] Epoch: [262/400][380/391] lr: 9.81e-05 | MSE loss: 1.5394e-06 | time: 0.156
I 06.17/10:35:49 solver.py:243 ] => Train  Loss: 1.5359e-06

I 06.17/10:35:49 solver.py:337 ] 
=! Best NMSE: -2.3666e+01 (epoch=190)

I 06.17/10:35:52 solver.py:221 ] Epoch: [263/400][20/391] lr: 9.81e-05 | MSE loss: 1.6219e-06 | time: 0.145
I 06.17/10:35:55 solver.py:221 ] Epoch: [263/400][40/391] lr: 9.81e-05 | MSE loss: 1.7393e-06 | time: 0.149
I 06.17/10:35:58 solver.py:221 ] Epoch: [263/400][60/391] lr: 9.80e-05 | MSE loss: 1.7058e-06 | time: 0.151
I 06.17/10:36:01 solver.py:221 ] Epoch: [263/400][80/391] lr: 9.80e-05 | MSE loss: 1.6356e-06 | time: 0.151
I 06.17/10:36:05 solver.py:221 ] Epoch: [263/400][100/391] lr: 9.80e-05 | MSE loss: 1.5775e-06 | time: 0.158
I 06.17/10:36:08 solver.py:221 ] Epoch: [263/400][120/391] lr: 9.79e-05 | MSE loss: 1.5364e-06 | time: 0.157
I 06.17/10:36:11 solver.py:221 ] Epoch: [263/400][140/391] lr: 9.79e-05 | MSE loss: 1.4984e-06 | time: 0.157
I 06.17/10:36:15 solver.py:221 ] Epoch: [263/400][160/391] lr: 9.79e-05 | MSE loss: 1.5687e-06 | time: 0.158
I 06.17/10:36:18 solver.py:221 ] Epoch: [263/400][180/391] lr: 9.78e-05 | MSE loss: 1.5623e-06 | time: 0.159
I 06.17/10:36:21 solver.py:221 ] Epoch: [263/400][200/391] lr: 9.78e-05 | MSE loss: 1.5432e-06 | time: 0.159
I 06.17/10:36:24 solver.py:221 ] Epoch: [263/400][220/391] lr: 9.78e-05 | MSE loss: 1.5448e-06 | time: 0.159
I 06.17/10:36:28 solver.py:221 ] Epoch: [263/400][240/391] lr: 9.77e-05 | MSE loss: 1.5369e-06 | time: 0.159
I 06.17/10:36:31 solver.py:221 ] Epoch: [263/400][260/391] lr: 9.77e-05 | MSE loss: 1.5455e-06 | time: 0.159
I 06.17/10:36:34 solver.py:221 ] Epoch: [263/400][280/391] lr: 9.77e-05 | MSE loss: 1.5561e-06 | time: 0.160
I 06.17/10:36:37 solver.py:221 ] Epoch: [263/400][300/391] lr: 9.77e-05 | MSE loss: 1.5441e-06 | time: 0.160
I 06.17/10:36:40 solver.py:221 ] Epoch: [263/400][320/391] lr: 9.76e-05 | MSE loss: 1.5507e-06 | time: 0.160
I 06.17/10:36:44 solver.py:221 ] Epoch: [263/400][340/391] lr: 9.76e-05 | MSE loss: 1.5551e-06 | time: 0.160
I 06.17/10:36:47 solver.py:221 ] Epoch: [263/400][360/391] lr: 9.76e-05 | MSE loss: 1.5501e-06 | time: 0.160
I 06.17/10:36:50 solver.py:221 ] Epoch: [263/400][380/391] lr: 9.75e-05 | MSE loss: 1.5482e-06 | time: 0.160
I 06.17/10:36:52 solver.py:243 ] => Train  Loss: 1.5531e-06

I 06.17/10:36:52 solver.py:337 ] 
=! Best NMSE: -2.3666e+01 (epoch=190)

I 06.17/10:36:55 solver.py:221 ] Epoch: [264/400][20/391] lr: 9.75e-05 | MSE loss: 1.6115e-06 | time: 0.144
I 06.17/10:36:58 solver.py:221 ] Epoch: [264/400][40/391] lr: 9.75e-05 | MSE loss: 1.5276e-06 | time: 0.150
I 06.17/10:37:01 solver.py:221 ] Epoch: [264/400][60/391] lr: 9.74e-05 | MSE loss: 1.5557e-06 | time: 0.150
I 06.17/10:37:05 solver.py:221 ] Epoch: [264/400][80/391] lr: 9.74e-05 | MSE loss: 1.6103e-06 | time: 0.157
I 06.17/10:37:08 solver.py:221 ] Epoch: [264/400][100/391] lr: 9.74e-05 | MSE loss: 1.5960e-06 | time: 0.153
I 06.17/10:37:11 solver.py:221 ] Epoch: [264/400][120/391] lr: 9.73e-05 | MSE loss: 1.6323e-06 | time: 0.154
I 06.17/10:37:14 solver.py:221 ] Epoch: [264/400][140/391] lr: 9.73e-05 | MSE loss: 1.6166e-06 | time: 0.155
I 06.17/10:37:17 solver.py:221 ] Epoch: [264/400][160/391] lr: 9.73e-05 | MSE loss: 1.5747e-06 | time: 0.157
I 06.17/10:37:20 solver.py:221 ] Epoch: [264/400][180/391] lr: 9.72e-05 | MSE loss: 1.5637e-06 | time: 0.157
I 06.17/10:37:24 solver.py:221 ] Epoch: [264/400][200/391] lr: 9.72e-05 | MSE loss: 1.5675e-06 | time: 0.157
I 06.17/10:37:27 solver.py:221 ] Epoch: [264/400][220/391] lr: 9.72e-05 | MSE loss: 1.5521e-06 | time: 0.157
I 06.17/10:37:30 solver.py:221 ] Epoch: [264/400][240/391] lr: 9.71e-05 | MSE loss: 1.5348e-06 | time: 0.157
I 06.17/10:37:33 solver.py:221 ] Epoch: [264/400][260/391] lr: 9.71e-05 | MSE loss: 1.5328e-06 | time: 0.157
I 06.17/10:37:36 solver.py:221 ] Epoch: [264/400][280/391] lr: 9.71e-05 | MSE loss: 1.5286e-06 | time: 0.158
I 06.17/10:37:40 solver.py:221 ] Epoch: [264/400][300/391] lr: 9.70e-05 | MSE loss: 1.5526e-06 | time: 0.158
I 06.17/10:37:43 solver.py:221 ] Epoch: [264/400][320/391] lr: 9.70e-05 | MSE loss: 1.5676e-06 | time: 0.158
I 06.17/10:37:46 solver.py:221 ] Epoch: [264/400][340/391] lr: 9.70e-05 | MSE loss: 1.5606e-06 | time: 0.158
I 06.17/10:37:49 solver.py:221 ] Epoch: [264/400][360/391] lr: 9.70e-05 | MSE loss: 1.5529e-06 | time: 0.157
I 06.17/10:37:52 solver.py:221 ] Epoch: [264/400][380/391] lr: 9.69e-05 | MSE loss: 1.5452e-06 | time: 0.158
I 06.17/10:37:54 solver.py:243 ] => Train  Loss: 1.5426e-06

I 06.17/10:37:54 solver.py:337 ] 
=! Best NMSE: -2.3666e+01 (epoch=190)

I 06.17/10:37:58 solver.py:221 ] Epoch: [265/400][20/391] lr: 9.69e-05 | MSE loss: 1.5052e-06 | time: 0.166
I 06.17/10:38:01 solver.py:221 ] Epoch: [265/400][40/391] lr: 9.68e-05 | MSE loss: 1.4846e-06 | time: 0.175
I 06.17/10:38:05 solver.py:221 ] Epoch: [265/400][60/391] lr: 9.68e-05 | MSE loss: 1.5659e-06 | time: 0.183
I 06.17/10:38:09 solver.py:221 ] Epoch: [265/400][80/391] lr: 9.68e-05 | MSE loss: 1.6048e-06 | time: 0.175
I 06.17/10:38:12 solver.py:221 ] Epoch: [265/400][100/391] lr: 9.67e-05 | MSE loss: 1.5992e-06 | time: 0.173
I 06.17/10:38:15 solver.py:221 ] Epoch: [265/400][120/391] lr: 9.67e-05 | MSE loss: 1.5839e-06 | time: 0.170
I 06.17/10:38:18 solver.py:221 ] Epoch: [265/400][140/391] lr: 9.67e-05 | MSE loss: 1.5934e-06 | time: 0.168
I 06.17/10:38:21 solver.py:221 ] Epoch: [265/400][160/391] lr: 9.67e-05 | MSE loss: 1.5795e-06 | time: 0.167
I 06.17/10:38:24 solver.py:221 ] Epoch: [265/400][180/391] lr: 9.66e-05 | MSE loss: 1.5564e-06 | time: 0.166
I 06.17/10:38:28 solver.py:221 ] Epoch: [265/400][200/391] lr: 9.66e-05 | MSE loss: 1.5571e-06 | time: 0.165
I 06.17/10:38:31 solver.py:221 ] Epoch: [265/400][220/391] lr: 9.66e-05 | MSE loss: 1.5401e-06 | time: 0.166
I 06.17/10:38:34 solver.py:221 ] Epoch: [265/400][240/391] lr: 9.65e-05 | MSE loss: 1.5213e-06 | time: 0.165
I 06.17/10:38:38 solver.py:221 ] Epoch: [265/400][260/391] lr: 9.65e-05 | MSE loss: 1.5139e-06 | time: 0.165
I 06.17/10:38:41 solver.py:221 ] Epoch: [265/400][280/391] lr: 9.65e-05 | MSE loss: 1.5025e-06 | time: 0.165
I 06.17/10:38:44 solver.py:221 ] Epoch: [265/400][300/391] lr: 9.64e-05 | MSE loss: 1.5199e-06 | time: 0.164
I 06.17/10:38:47 solver.py:221 ] Epoch: [265/400][320/391] lr: 9.64e-05 | MSE loss: 1.5270e-06 | time: 0.164
I 06.17/10:38:50 solver.py:221 ] Epoch: [265/400][340/391] lr: 9.64e-05 | MSE loss: 1.5271e-06 | time: 0.164
I 06.17/10:38:53 solver.py:221 ] Epoch: [265/400][360/391] lr: 9.63e-05 | MSE loss: 1.5274e-06 | time: 0.163
I 06.17/10:38:57 solver.py:221 ] Epoch: [265/400][380/391] lr: 9.63e-05 | MSE loss: 1.5284e-06 | time: 0.164
I 06.17/10:38:58 solver.py:243 ] => Train  Loss: 1.5263e-06

I 06.17/10:38:59 solver.py:337 ] 
=! Best NMSE: -2.3666e+01 (epoch=190)

I 06.17/10:39:02 solver.py:221 ] Epoch: [266/400][20/391] lr: 9.63e-05 | MSE loss: 1.5033e-06 | time: 0.148
I 06.17/10:39:05 solver.py:221 ] Epoch: [266/400][40/391] lr: 9.62e-05 | MSE loss: 1.5316e-06 | time: 0.156
I 06.17/10:39:08 solver.py:221 ] Epoch: [266/400][60/391] lr: 9.62e-05 | MSE loss: 1.4694e-06 | time: 0.151
I 06.17/10:39:11 solver.py:221 ] Epoch: [266/400][80/391] lr: 9.62e-05 | MSE loss: 1.5152e-06 | time: 0.151
I 06.17/10:39:14 solver.py:221 ] Epoch: [266/400][100/391] lr: 9.61e-05 | MSE loss: 1.5238e-06 | time: 0.152
I 06.17/10:39:17 solver.py:221 ] Epoch: [266/400][120/391] lr: 9.61e-05 | MSE loss: 1.5191e-06 | time: 0.154
I 06.17/10:39:21 solver.py:221 ] Epoch: [266/400][140/391] lr: 9.61e-05 | MSE loss: 1.5226e-06 | time: 0.155
I 06.17/10:39:24 solver.py:221 ] Epoch: [266/400][160/391] lr: 9.61e-05 | MSE loss: 1.5581e-06 | time: 0.155
I 06.17/10:39:27 solver.py:221 ] Epoch: [266/400][180/391] lr: 9.60e-05 | MSE loss: 1.5497e-06 | time: 0.156
I 06.17/10:39:31 solver.py:221 ] Epoch: [266/400][200/391] lr: 9.60e-05 | MSE loss: 1.5343e-06 | time: 0.158
I 06.17/10:39:34 solver.py:221 ] Epoch: [266/400][220/391] lr: 9.60e-05 | MSE loss: 1.5620e-06 | time: 0.158
I 06.17/10:39:37 solver.py:221 ] Epoch: [266/400][240/391] lr: 9.59e-05 | MSE loss: 1.5524e-06 | time: 0.158
I 06.17/10:39:40 solver.py:221 ] Epoch: [266/400][260/391] lr: 9.59e-05 | MSE loss: 1.5372e-06 | time: 0.158
I 06.17/10:39:43 solver.py:221 ] Epoch: [266/400][280/391] lr: 9.59e-05 | MSE loss: 1.5306e-06 | time: 0.157
I 06.17/10:39:46 solver.py:221 ] Epoch: [266/400][300/391] lr: 9.58e-05 | MSE loss: 1.5231e-06 | time: 0.157
I 06.17/10:39:49 solver.py:221 ] Epoch: [266/400][320/391] lr: 9.58e-05 | MSE loss: 1.5219e-06 | time: 0.158
I 06.17/10:39:53 solver.py:221 ] Epoch: [266/400][340/391] lr: 9.58e-05 | MSE loss: 1.5287e-06 | time: 0.158
I 06.17/10:39:56 solver.py:221 ] Epoch: [266/400][360/391] lr: 9.57e-05 | MSE loss: 1.5314e-06 | time: 0.159
I 06.17/10:39:59 solver.py:221 ] Epoch: [266/400][380/391] lr: 9.57e-05 | MSE loss: 1.5264e-06 | time: 0.158
I 06.17/10:40:01 solver.py:243 ] => Train  Loss: 1.5184e-06

I 06.17/10:40:01 solver.py:337 ] 
=! Best NMSE: -2.3666e+01 (epoch=190)

I 06.17/10:40:04 solver.py:221 ] Epoch: [267/400][20/391] lr: 9.57e-05 | MSE loss: 1.3641e-06 | time: 0.179
I 06.17/10:40:08 solver.py:221 ] Epoch: [267/400][40/391] lr: 9.56e-05 | MSE loss: 1.4794e-06 | time: 0.158
I 06.17/10:40:11 solver.py:221 ] Epoch: [267/400][60/391] lr: 9.56e-05 | MSE loss: 1.5574e-06 | time: 0.158
I 06.17/10:40:14 solver.py:221 ] Epoch: [267/400][80/391] lr: 9.56e-05 | MSE loss: 1.5611e-06 | time: 0.157
I 06.17/10:40:17 solver.py:221 ] Epoch: [267/400][100/391] lr: 9.55e-05 | MSE loss: 1.5345e-06 | time: 0.158
I 06.17/10:40:20 solver.py:221 ] Epoch: [267/400][120/391] lr: 9.55e-05 | MSE loss: 1.5280e-06 | time: 0.160
I 06.17/10:40:24 solver.py:221 ] Epoch: [267/400][140/391] lr: 9.55e-05 | MSE loss: 1.5180e-06 | time: 0.159
I 06.17/10:40:27 solver.py:221 ] Epoch: [267/400][160/391] lr: 9.54e-05 | MSE loss: 1.5101e-06 | time: 0.159
I 06.17/10:40:30 solver.py:221 ] Epoch: [267/400][180/391] lr: 9.54e-05 | MSE loss: 1.4889e-06 | time: 0.157
I 06.17/10:40:33 solver.py:221 ] Epoch: [267/400][200/391] lr: 9.54e-05 | MSE loss: 1.4822e-06 | time: 0.157
I 06.17/10:40:36 solver.py:221 ] Epoch: [267/400][220/391] lr: 9.54e-05 | MSE loss: 1.4916e-06 | time: 0.157
I 06.17/10:40:39 solver.py:221 ] Epoch: [267/400][240/391] lr: 9.53e-05 | MSE loss: 1.4857e-06 | time: 0.157
I 06.17/10:40:42 solver.py:221 ] Epoch: [267/400][260/391] lr: 9.53e-05 | MSE loss: 1.4875e-06 | time: 0.157
I 06.17/10:40:45 solver.py:221 ] Epoch: [267/400][280/391] lr: 9.53e-05 | MSE loss: 1.4937e-06 | time: 0.158
I 06.17/10:40:49 solver.py:221 ] Epoch: [267/400][300/391] lr: 9.52e-05 | MSE loss: 1.4945e-06 | time: 0.158
I 06.17/10:40:52 solver.py:221 ] Epoch: [267/400][320/391] lr: 9.52e-05 | MSE loss: 1.4886e-06 | time: 0.158
I 06.17/10:40:55 solver.py:221 ] Epoch: [267/400][340/391] lr: 9.52e-05 | MSE loss: 1.4977e-06 | time: 0.158
I 06.17/10:40:58 solver.py:221 ] Epoch: [267/400][360/391] lr: 9.51e-05 | MSE loss: 1.4946e-06 | time: 0.158
I 06.17/10:41:01 solver.py:221 ] Epoch: [267/400][380/391] lr: 9.51e-05 | MSE loss: 1.5292e-06 | time: 0.158
I 06.17/10:41:03 solver.py:243 ] => Train  Loss: 1.5315e-06

I 06.17/10:41:04 solver.py:337 ] 
=! Best NMSE: -2.3666e+01 (epoch=190)

I 06.17/10:41:07 solver.py:221 ] Epoch: [268/400][20/391] lr: 9.51e-05 | MSE loss: 1.3552e-06 | time: 0.148
I 06.17/10:41:10 solver.py:221 ] Epoch: [268/400][40/391] lr: 9.50e-05 | MSE loss: 1.3900e-06 | time: 0.154
I 06.17/10:41:13 solver.py:221 ] Epoch: [268/400][60/391] lr: 9.50e-05 | MSE loss: 1.4366e-06 | time: 0.154
I 06.17/10:41:16 solver.py:221 ] Epoch: [268/400][80/391] lr: 9.50e-05 | MSE loss: 1.4466e-06 | time: 0.155
I 06.17/10:41:19 solver.py:221 ] Epoch: [268/400][100/391] lr: 9.49e-05 | MSE loss: 1.4588e-06 | time: 0.155
I 06.17/10:41:23 solver.py:221 ] Epoch: [268/400][120/391] lr: 9.49e-05 | MSE loss: 1.4810e-06 | time: 0.155
I 06.17/10:41:26 solver.py:221 ] Epoch: [268/400][140/391] lr: 9.49e-05 | MSE loss: 1.4803e-06 | time: 0.155
I 06.17/10:41:29 solver.py:221 ] Epoch: [268/400][160/391] lr: 9.48e-05 | MSE loss: 1.4685e-06 | time: 0.155
I 06.17/10:41:32 solver.py:221 ] Epoch: [268/400][180/391] lr: 9.48e-05 | MSE loss: 1.4657e-06 | time: 0.155
I 06.17/10:41:35 solver.py:221 ] Epoch: [268/400][200/391] lr: 9.48e-05 | MSE loss: 1.4447e-06 | time: 0.155
I 06.17/10:41:38 solver.py:221 ] Epoch: [268/400][220/391] lr: 9.48e-05 | MSE loss: 1.4438e-06 | time: 0.156
I 06.17/10:41:41 solver.py:221 ] Epoch: [268/400][240/391] lr: 9.47e-05 | MSE loss: 1.4658e-06 | time: 0.157
I 06.17/10:41:45 solver.py:221 ] Epoch: [268/400][260/391] lr: 9.47e-05 | MSE loss: 1.4602e-06 | time: 0.158
I 06.17/10:41:48 solver.py:221 ] Epoch: [268/400][280/391] lr: 9.47e-05 | MSE loss: 1.4611e-06 | time: 0.158
I 06.17/10:41:51 solver.py:221 ] Epoch: [268/400][300/391] lr: 9.46e-05 | MSE loss: 1.4812e-06 | time: 0.158
I 06.17/10:41:55 solver.py:221 ] Epoch: [268/400][320/391] lr: 9.46e-05 | MSE loss: 1.4849e-06 | time: 0.158
I 06.17/10:41:58 solver.py:221 ] Epoch: [268/400][340/391] lr: 9.46e-05 | MSE loss: 1.4791e-06 | time: 0.158
I 06.17/10:42:01 solver.py:221 ] Epoch: [268/400][360/391] lr: 9.45e-05 | MSE loss: 1.4772e-06 | time: 0.158
I 06.17/10:42:04 solver.py:221 ] Epoch: [268/400][380/391] lr: 9.45e-05 | MSE loss: 1.4846e-06 | time: 0.160
I 06.17/10:42:06 solver.py:243 ] => Train  Loss: 1.4916e-06

I 06.17/10:42:06 solver.py:337 ] 
=! Best NMSE: -2.3666e+01 (epoch=190)

I 06.17/10:42:10 solver.py:221 ] Epoch: [269/400][20/391] lr: 9.45e-05 | MSE loss: 1.5039e-06 | time: 0.151
I 06.17/10:42:13 solver.py:221 ] Epoch: [269/400][40/391] lr: 9.44e-05 | MSE loss: 1.5132e-06 | time: 0.158
I 06.17/10:42:16 solver.py:221 ] Epoch: [269/400][60/391] lr: 9.44e-05 | MSE loss: 1.4865e-06 | time: 0.157
I 06.17/10:42:19 solver.py:221 ] Epoch: [269/400][80/391] lr: 9.44e-05 | MSE loss: 1.5513e-06 | time: 0.158
I 06.17/10:42:22 solver.py:221 ] Epoch: [269/400][100/391] lr: 9.43e-05 | MSE loss: 1.5461e-06 | time: 0.159
I 06.17/10:42:26 solver.py:221 ] Epoch: [269/400][120/391] lr: 9.43e-05 | MSE loss: 1.5571e-06 | time: 0.160
I 06.17/10:42:29 solver.py:221 ] Epoch: [269/400][140/391] lr: 9.43e-05 | MSE loss: 1.5302e-06 | time: 0.160
I 06.17/10:42:32 solver.py:221 ] Epoch: [269/400][160/391] lr: 9.43e-05 | MSE loss: 1.5283e-06 | time: 0.161
I 06.17/10:42:35 solver.py:221 ] Epoch: [269/400][180/391] lr: 9.42e-05 | MSE loss: 1.5063e-06 | time: 0.161
I 06.17/10:42:39 solver.py:221 ] Epoch: [269/400][200/391] lr: 9.42e-05 | MSE loss: 1.4985e-06 | time: 0.160
I 06.17/10:42:42 solver.py:221 ] Epoch: [269/400][220/391] lr: 9.42e-05 | MSE loss: 1.4927e-06 | time: 0.160
I 06.17/10:42:45 solver.py:221 ] Epoch: [269/400][240/391] lr: 9.41e-05 | MSE loss: 1.4836e-06 | time: 0.160
I 06.17/10:42:48 solver.py:221 ] Epoch: [269/400][260/391] lr: 9.41e-05 | MSE loss: 1.4807e-06 | time: 0.161
I 06.17/10:42:52 solver.py:221 ] Epoch: [269/400][280/391] lr: 9.41e-05 | MSE loss: 1.4719e-06 | time: 0.161
I 06.17/10:42:55 solver.py:221 ] Epoch: [269/400][300/391] lr: 9.40e-05 | MSE loss: 1.4646e-06 | time: 0.161
I 06.17/10:42:58 solver.py:221 ] Epoch: [269/400][320/391] lr: 9.40e-05 | MSE loss: 1.4929e-06 | time: 0.161
I 06.17/10:43:01 solver.py:221 ] Epoch: [269/400][340/391] lr: 9.40e-05 | MSE loss: 1.4992e-06 | time: 0.161
I 06.17/10:43:05 solver.py:221 ] Epoch: [269/400][360/391] lr: 9.39e-05 | MSE loss: 1.4974e-06 | time: 0.163
I 06.17/10:43:08 solver.py:221 ] Epoch: [269/400][380/391] lr: 9.39e-05 | MSE loss: 1.4909e-06 | time: 0.163
I 06.17/10:43:10 solver.py:243 ] => Train  Loss: 1.4870e-06

I 06.17/10:43:10 solver.py:337 ] 
=! Best NMSE: -2.3666e+01 (epoch=190)

I 06.17/10:43:13 solver.py:221 ] Epoch: [270/400][20/391] lr: 9.39e-05 | MSE loss: 1.4239e-06 | time: 0.147
I 06.17/10:43:17 solver.py:221 ] Epoch: [270/400][40/391] lr: 9.38e-05 | MSE loss: 1.4874e-06 | time: 0.157
I 06.17/10:43:20 solver.py:221 ] Epoch: [270/400][60/391] lr: 9.38e-05 | MSE loss: 1.4442e-06 | time: 0.159
I 06.17/10:43:23 solver.py:221 ] Epoch: [270/400][80/391] lr: 9.38e-05 | MSE loss: 1.4490e-06 | time: 0.161
I 06.17/10:43:27 solver.py:221 ] Epoch: [270/400][100/391] lr: 9.37e-05 | MSE loss: 1.4932e-06 | time: 0.160
I 06.17/10:43:30 solver.py:221 ] Epoch: [270/400][120/391] lr: 9.37e-05 | MSE loss: 1.4983e-06 | time: 0.160
I 06.17/10:43:33 solver.py:221 ] Epoch: [270/400][140/391] lr: 9.37e-05 | MSE loss: 1.5071e-06 | time: 0.159
I 06.17/10:43:36 solver.py:221 ] Epoch: [270/400][160/391] lr: 9.37e-05 | MSE loss: 1.5058e-06 | time: 0.158
I 06.17/10:43:39 solver.py:221 ] Epoch: [270/400][180/391] lr: 9.36e-05 | MSE loss: 1.5061e-06 | time: 0.159
I 06.17/10:43:42 solver.py:221 ] Epoch: [270/400][200/391] lr: 9.36e-05 | MSE loss: 1.5056e-06 | time: 0.158
I 06.17/10:43:45 solver.py:221 ] Epoch: [270/400][220/391] lr: 9.36e-05 | MSE loss: 1.4989e-06 | time: 0.158
I 06.17/10:43:48 solver.py:221 ] Epoch: [270/400][240/391] lr: 9.35e-05 | MSE loss: 1.4841e-06 | time: 0.158
I 06.17/10:43:52 solver.py:221 ] Epoch: [270/400][260/391] lr: 9.35e-05 | MSE loss: 1.4842e-06 | time: 0.159
I 06.17/10:43:55 solver.py:221 ] Epoch: [270/400][280/391] lr: 9.35e-05 | MSE loss: 1.4800e-06 | time: 0.160
I 06.17/10:43:58 solver.py:221 ] Epoch: [270/400][300/391] lr: 9.34e-05 | MSE loss: 1.4860e-06 | time: 0.159
I 06.17/10:44:01 solver.py:221 ] Epoch: [270/400][320/391] lr: 9.34e-05 | MSE loss: 1.4872e-06 | time: 0.160
I 06.17/10:44:06 solver.py:221 ] Epoch: [270/400][340/391] lr: 9.34e-05 | MSE loss: 1.4749e-06 | time: 0.162
I 06.17/10:44:09 solver.py:221 ] Epoch: [270/400][360/391] lr: 9.34e-05 | MSE loss: 1.4674e-06 | time: 0.161
I 06.17/10:44:12 solver.py:221 ] Epoch: [270/400][380/391] lr: 9.33e-05 | MSE loss: 1.4591e-06 | time: 0.161
I 06.17/10:44:14 solver.py:243 ] => Train  Loss: 1.4556e-06

I 06.17/10:44:14 solver.py:221 ] Epoch: [270/400][20/118] lr: 9.33e-05 | MSE loss: 1.6337e-06 | time: 0.038
I 06.17/10:44:15 solver.py:221 ] Epoch: [270/400][40/118] lr: 9.33e-05 | MSE loss: 1.6190e-06 | time: 0.037
I 06.17/10:44:16 solver.py:221 ] Epoch: [270/400][60/118] lr: 9.33e-05 | MSE loss: 1.6390e-06 | time: 0.038
I 06.17/10:44:17 solver.py:221 ] Epoch: [270/400][80/118] lr: 9.33e-05 | MSE loss: 1.6407e-06 | time: 0.040
I 06.17/10:44:18 solver.py:221 ] Epoch: [270/400][100/118] lr: 9.33e-05 | MSE loss: 1.6391e-06 | time: 0.041
I 06.17/10:44:18 solver.py:243 ] => Val  Loss: 1.6376e-06

I 06.17/10:44:19 solver.py:471 ] [20/79] loss: 1.6886e-06 | NMSE: -2.4277e+01 | time: 0.036
I 06.17/10:44:20 solver.py:471 ] [40/79] loss: 1.6572e-06 | NMSE: -2.4361e+01 | time: 0.038
I 06.17/10:44:21 solver.py:471 ] [60/79] loss: 1.6537e-06 | NMSE: -2.4360e+01 | time: 0.040
I 06.17/10:44:22 solver.py:476 ] => Test NMSE: -2.4375e+01

I 06.17/10:44:22 solver.py:337 ] 
=! Best NMSE: -2.4375e+01 (epoch=270)

I 06.17/10:44:26 solver.py:221 ] Epoch: [271/400][20/391] lr: 9.33e-05 | MSE loss: 1.8328e-06 | time: 0.160
I 06.17/10:44:28 solver.py:221 ] Epoch: [271/400][40/391] lr: 9.32e-05 | MSE loss: 1.6271e-06 | time: 0.153
I 06.17/10:44:31 solver.py:221 ] Epoch: [271/400][60/391] lr: 9.32e-05 | MSE loss: 1.5299e-06 | time: 0.147
I 06.17/10:44:34 solver.py:221 ] Epoch: [271/400][80/391] lr: 9.32e-05 | MSE loss: 1.4698e-06 | time: 0.147
I 06.17/10:44:37 solver.py:221 ] Epoch: [271/400][100/391] lr: 9.32e-05 | MSE loss: 1.4729e-06 | time: 0.149
I 06.17/10:44:40 solver.py:221 ] Epoch: [271/400][120/391] lr: 9.31e-05 | MSE loss: 1.5140e-06 | time: 0.153
I 06.17/10:44:44 solver.py:221 ] Epoch: [271/400][140/391] lr: 9.31e-05 | MSE loss: 1.5248e-06 | time: 0.153
I 06.17/10:44:47 solver.py:221 ] Epoch: [271/400][160/391] lr: 9.31e-05 | MSE loss: 1.5669e-06 | time: 0.154
I 06.17/10:44:50 solver.py:221 ] Epoch: [271/400][180/391] lr: 9.30e-05 | MSE loss: 1.5622e-06 | time: 0.154
I 06.17/10:44:53 solver.py:221 ] Epoch: [271/400][200/391] lr: 9.30e-05 | MSE loss: 1.5401e-06 | time: 0.155
I 06.17/10:44:56 solver.py:221 ] Epoch: [271/400][220/391] lr: 9.30e-05 | MSE loss: 1.5269e-06 | time: 0.155
I 06.17/10:45:00 solver.py:221 ] Epoch: [271/400][240/391] lr: 9.29e-05 | MSE loss: 1.5363e-06 | time: 0.157
I 06.17/10:45:05 solver.py:221 ] Epoch: [271/400][260/391] lr: 9.29e-05 | MSE loss: 1.5264e-06 | time: 0.164
I 06.17/10:45:08 solver.py:221 ] Epoch: [271/400][280/391] lr: 9.29e-05 | MSE loss: 1.5220e-06 | time: 0.163
I 06.17/10:45:11 solver.py:221 ] Epoch: [271/400][300/391] lr: 9.28e-05 | MSE loss: 1.5128e-06 | time: 0.162
I 06.17/10:45:14 solver.py:221 ] Epoch: [271/400][320/391] lr: 9.28e-05 | MSE loss: 1.5006e-06 | time: 0.162
I 06.17/10:45:17 solver.py:221 ] Epoch: [271/400][340/391] lr: 9.28e-05 | MSE loss: 1.4967e-06 | time: 0.162
I 06.17/10:45:21 solver.py:221 ] Epoch: [271/400][360/391] lr: 9.28e-05 | MSE loss: 1.5137e-06 | time: 0.162
I 06.17/10:45:24 solver.py:221 ] Epoch: [271/400][380/391] lr: 9.27e-05 | MSE loss: 1.5172e-06 | time: 0.162
I 06.17/10:45:26 solver.py:243 ] => Train  Loss: 1.5140e-06

I 06.17/10:45:26 solver.py:337 ] 
=! Best NMSE: -2.4375e+01 (epoch=270)

I 06.17/10:45:29 solver.py:221 ] Epoch: [272/400][20/391] lr: 9.27e-05 | MSE loss: 1.5137e-06 | time: 0.144
I 06.17/10:45:32 solver.py:221 ] Epoch: [272/400][40/391] lr: 9.27e-05 | MSE loss: 1.5460e-06 | time: 0.153
I 06.17/10:45:36 solver.py:221 ] Epoch: [272/400][60/391] lr: 9.26e-05 | MSE loss: 1.5690e-06 | time: 0.159
I 06.17/10:45:39 solver.py:221 ] Epoch: [272/400][80/391] lr: 9.26e-05 | MSE loss: 1.5068e-06 | time: 0.158
I 06.17/10:45:42 solver.py:221 ] Epoch: [272/400][100/391] lr: 9.26e-05 | MSE loss: 1.4744e-06 | time: 0.157
I 06.17/10:45:45 solver.py:221 ] Epoch: [272/400][120/391] lr: 9.25e-05 | MSE loss: 1.5059e-06 | time: 0.157
I 06.17/10:45:48 solver.py:221 ] Epoch: [272/400][140/391] lr: 9.25e-05 | MSE loss: 1.4946e-06 | time: 0.158
I 06.17/10:45:51 solver.py:221 ] Epoch: [272/400][160/391] lr: 9.25e-05 | MSE loss: 1.4819e-06 | time: 0.158
I 06.17/10:45:55 solver.py:221 ] Epoch: [272/400][180/391] lr: 9.24e-05 | MSE loss: 1.4630e-06 | time: 0.158
I 06.17/10:45:58 solver.py:221 ] Epoch: [272/400][200/391] lr: 9.24e-05 | MSE loss: 1.4738e-06 | time: 0.159
I 06.17/10:46:01 solver.py:221 ] Epoch: [272/400][220/391] lr: 9.24e-05 | MSE loss: 1.4905e-06 | time: 0.160
I 06.17/10:46:05 solver.py:221 ] Epoch: [272/400][240/391] lr: 9.23e-05 | MSE loss: 1.4887e-06 | time: 0.164
I 06.17/10:46:09 solver.py:221 ] Epoch: [272/400][260/391] lr: 9.23e-05 | MSE loss: 1.5101e-06 | time: 0.163
I 06.17/10:46:11 solver.py:221 ] Epoch: [272/400][280/391] lr: 9.23e-05 | MSE loss: 1.5066e-06 | time: 0.162
I 06.17/10:46:14 solver.py:221 ] Epoch: [272/400][300/391] lr: 9.23e-05 | MSE loss: 1.5068e-06 | time: 0.161
I 06.17/10:46:17 solver.py:221 ] Epoch: [272/400][320/391] lr: 9.22e-05 | MSE loss: 1.4961e-06 | time: 0.160
I 06.17/10:46:21 solver.py:221 ] Epoch: [272/400][340/391] lr: 9.22e-05 | MSE loss: 1.4969e-06 | time: 0.160
I 06.17/10:46:24 solver.py:221 ] Epoch: [272/400][360/391] lr: 9.22e-05 | MSE loss: 1.4979e-06 | time: 0.160
I 06.17/10:46:27 solver.py:221 ] Epoch: [272/400][380/391] lr: 9.21e-05 | MSE loss: 1.4836e-06 | time: 0.160
I 06.17/10:46:29 solver.py:243 ] => Train  Loss: 1.4759e-06

I 06.17/10:46:29 solver.py:337 ] 
=! Best NMSE: -2.4375e+01 (epoch=270)

I 06.17/10:46:33 solver.py:221 ] Epoch: [273/400][20/391] lr: 9.21e-05 | MSE loss: 1.2399e-06 | time: 0.146
I 06.17/10:46:36 solver.py:221 ] Epoch: [273/400][40/391] lr: 9.21e-05 | MSE loss: 1.4316e-06 | time: 0.155
I 06.17/10:46:39 solver.py:221 ] Epoch: [273/400][60/391] lr: 9.20e-05 | MSE loss: 1.4620e-06 | time: 0.160
I 06.17/10:46:42 solver.py:221 ] Epoch: [273/400][80/391] lr: 9.20e-05 | MSE loss: 1.5592e-06 | time: 0.158
I 06.17/10:46:45 solver.py:221 ] Epoch: [273/400][100/391] lr: 9.20e-05 | MSE loss: 1.5448e-06 | time: 0.157
I 06.17/10:46:48 solver.py:221 ] Epoch: [273/400][120/391] lr: 9.19e-05 | MSE loss: 1.5069e-06 | time: 0.156
I 06.17/10:46:51 solver.py:221 ] Epoch: [273/400][140/391] lr: 9.19e-05 | MSE loss: 1.4755e-06 | time: 0.156
I 06.17/10:46:55 solver.py:221 ] Epoch: [273/400][160/391] lr: 9.19e-05 | MSE loss: 1.4712e-06 | time: 0.156
I 06.17/10:46:58 solver.py:221 ] Epoch: [273/400][180/391] lr: 9.19e-05 | MSE loss: 1.4804e-06 | time: 0.157
I 06.17/10:47:01 solver.py:221 ] Epoch: [273/400][200/391] lr: 9.18e-05 | MSE loss: 1.4863e-06 | time: 0.158
I 06.17/10:47:06 solver.py:221 ] Epoch: [273/400][220/391] lr: 9.18e-05 | MSE loss: 1.4753e-06 | time: 0.165
I 06.17/10:47:09 solver.py:221 ] Epoch: [273/400][240/391] lr: 9.18e-05 | MSE loss: 1.4770e-06 | time: 0.164
I 06.17/10:47:12 solver.py:221 ] Epoch: [273/400][260/391] lr: 9.17e-05 | MSE loss: 1.4719e-06 | time: 0.164
I 06.17/10:47:15 solver.py:221 ] Epoch: [273/400][280/391] lr: 9.17e-05 | MSE loss: 1.4720e-06 | time: 0.163
I 06.17/10:47:18 solver.py:221 ] Epoch: [273/400][300/391] lr: 9.17e-05 | MSE loss: 1.4667e-06 | time: 0.163
I 06.17/10:47:22 solver.py:221 ] Epoch: [273/400][320/391] lr: 9.16e-05 | MSE loss: 1.4593e-06 | time: 0.164
I 06.17/10:47:25 solver.py:221 ] Epoch: [273/400][340/391] lr: 9.16e-05 | MSE loss: 1.4630e-06 | time: 0.163
I 06.17/10:47:28 solver.py:221 ] Epoch: [273/400][360/391] lr: 9.16e-05 | MSE loss: 1.4635e-06 | time: 0.163
I 06.17/10:47:31 solver.py:221 ] Epoch: [273/400][380/391] lr: 9.16e-05 | MSE loss: 1.4649e-06 | time: 0.163
I 06.17/10:47:33 solver.py:243 ] => Train  Loss: 1.4697e-06

I 06.17/10:47:33 solver.py:337 ] 
=! Best NMSE: -2.4375e+01 (epoch=270)

I 06.17/10:47:36 solver.py:221 ] Epoch: [274/400][20/391] lr: 9.15e-05 | MSE loss: 1.4745e-06 | time: 0.144
I 06.17/10:47:40 solver.py:221 ] Epoch: [274/400][40/391] lr: 9.15e-05 | MSE loss: 1.4580e-06 | time: 0.150
I 06.17/10:47:43 solver.py:221 ] Epoch: [274/400][60/391] lr: 9.14e-05 | MSE loss: 1.4221e-06 | time: 0.152
I 06.17/10:47:46 solver.py:221 ] Epoch: [274/400][80/391] lr: 9.14e-05 | MSE loss: 1.3906e-06 | time: 0.154
I 06.17/10:47:49 solver.py:221 ] Epoch: [274/400][100/391] lr: 9.14e-05 | MSE loss: 1.3536e-06 | time: 0.155
I 06.17/10:47:52 solver.py:221 ] Epoch: [274/400][120/391] lr: 9.14e-05 | MSE loss: 1.3343e-06 | time: 0.158
I 06.17/10:47:56 solver.py:221 ] Epoch: [274/400][140/391] lr: 9.13e-05 | MSE loss: 1.3252e-06 | time: 0.158
I 06.17/10:47:59 solver.py:221 ] Epoch: [274/400][160/391] lr: 9.13e-05 | MSE loss: 1.3249e-06 | time: 0.157
I 06.17/10:48:02 solver.py:221 ] Epoch: [274/400][180/391] lr: 9.13e-05 | MSE loss: 1.3208e-06 | time: 0.159
I 06.17/10:48:06 solver.py:221 ] Epoch: [274/400][200/391] lr: 9.12e-05 | MSE loss: 1.3168e-06 | time: 0.163
I 06.17/10:48:09 solver.py:221 ] Epoch: [274/400][220/391] lr: 9.12e-05 | MSE loss: 1.3344e-06 | time: 0.162
I 06.17/10:48:12 solver.py:221 ] Epoch: [274/400][240/391] lr: 9.12e-05 | MSE loss: 1.4974e-06 | time: 0.162
I 06.17/10:48:16 solver.py:221 ] Epoch: [274/400][260/391] lr: 9.11e-05 | MSE loss: 1.4936e-06 | time: 0.162
I 06.17/10:48:19 solver.py:221 ] Epoch: [274/400][280/391] lr: 9.11e-05 | MSE loss: 1.4812e-06 | time: 0.163
I 06.17/10:48:23 solver.py:221 ] Epoch: [274/400][300/391] lr: 9.11e-05 | MSE loss: 1.4695e-06 | time: 0.163
I 06.17/10:48:26 solver.py:221 ] Epoch: [274/400][320/391] lr: 9.11e-05 | MSE loss: 1.4589e-06 | time: 0.164
I 06.17/10:48:29 solver.py:221 ] Epoch: [274/400][340/391] lr: 9.10e-05 | MSE loss: 1.4755e-06 | time: 0.164
I 06.17/10:48:32 solver.py:221 ] Epoch: [274/400][360/391] lr: 9.10e-05 | MSE loss: 1.4823e-06 | time: 0.164
I 06.17/10:48:36 solver.py:221 ] Epoch: [274/400][380/391] lr: 9.10e-05 | MSE loss: 1.4820e-06 | time: 0.163
I 06.17/10:48:38 solver.py:243 ] => Train  Loss: 1.4769e-06

I 06.17/10:48:38 solver.py:337 ] 
=! Best NMSE: -2.4375e+01 (epoch=270)

I 06.17/10:48:41 solver.py:221 ] Epoch: [275/400][20/391] lr: 9.09e-05 | MSE loss: 1.2288e-06 | time: 0.143
I 06.17/10:48:44 solver.py:221 ] Epoch: [275/400][40/391] lr: 9.09e-05 | MSE loss: 1.2434e-06 | time: 0.151
I 06.17/10:48:47 solver.py:221 ] Epoch: [275/400][60/391] lr: 9.09e-05 | MSE loss: 1.3007e-06 | time: 0.156
I 06.17/10:48:51 solver.py:221 ] Epoch: [275/400][80/391] lr: 9.08e-05 | MSE loss: 1.3661e-06 | time: 0.157
I 06.17/10:48:54 solver.py:221 ] Epoch: [275/400][100/391] lr: 9.08e-05 | MSE loss: 1.4253e-06 | time: 0.157
I 06.17/10:48:57 solver.py:221 ] Epoch: [275/400][120/391] lr: 9.08e-05 | MSE loss: 1.4162e-06 | time: 0.157
I 06.17/10:49:00 solver.py:221 ] Epoch: [275/400][140/391] lr: 9.07e-05 | MSE loss: 1.4109e-06 | time: 0.157
I 06.17/10:49:04 solver.py:221 ] Epoch: [275/400][160/391] lr: 9.07e-05 | MSE loss: 1.3940e-06 | time: 0.164
I 06.17/10:49:07 solver.py:221 ] Epoch: [275/400][180/391] lr: 9.07e-05 | MSE loss: 1.3738e-06 | time: 0.162
I 06.17/10:49:10 solver.py:221 ] Epoch: [275/400][200/391] lr: 9.07e-05 | MSE loss: 1.3674e-06 | time: 0.162
I 06.17/10:49:13 solver.py:221 ] Epoch: [275/400][220/391] lr: 9.06e-05 | MSE loss: 1.3563e-06 | time: 0.161
I 06.17/10:49:17 solver.py:221 ] Epoch: [275/400][240/391] lr: 9.06e-05 | MSE loss: 1.3805e-06 | time: 0.161
I 06.17/10:49:20 solver.py:221 ] Epoch: [275/400][260/391] lr: 9.06e-05 | MSE loss: 1.3959e-06 | time: 0.161
I 06.17/10:49:23 solver.py:221 ] Epoch: [275/400][280/391] lr: 9.05e-05 | MSE loss: 1.3941e-06 | time: 0.161
I 06.17/10:49:26 solver.py:221 ] Epoch: [275/400][300/391] lr: 9.05e-05 | MSE loss: 1.3870e-06 | time: 0.161
I 06.17/10:49:29 solver.py:221 ] Epoch: [275/400][320/391] lr: 9.05e-05 | MSE loss: 1.3841e-06 | time: 0.161
I 06.17/10:49:33 solver.py:221 ] Epoch: [275/400][340/391] lr: 9.04e-05 | MSE loss: 1.3776e-06 | time: 0.161
I 06.17/10:49:36 solver.py:221 ] Epoch: [275/400][360/391] lr: 9.04e-05 | MSE loss: 1.3747e-06 | time: 0.161
I 06.17/10:49:39 solver.py:221 ] Epoch: [275/400][380/391] lr: 9.04e-05 | MSE loss: 1.3769e-06 | time: 0.161
I 06.17/10:49:41 solver.py:243 ] => Train  Loss: 1.3969e-06

I 06.17/10:49:41 solver.py:337 ] 
=! Best NMSE: -2.4375e+01 (epoch=270)

I 06.17/10:49:44 solver.py:221 ] Epoch: [276/400][20/391] lr: 9.03e-05 | MSE loss: 1.8277e-06 | time: 0.147
I 06.17/10:49:48 solver.py:221 ] Epoch: [276/400][40/391] lr: 9.03e-05 | MSE loss: 1.8660e-06 | time: 0.155
I 06.17/10:49:51 solver.py:221 ] Epoch: [276/400][60/391] lr: 9.03e-05 | MSE loss: 1.7450e-06 | time: 0.156
I 06.17/10:49:54 solver.py:221 ] Epoch: [276/400][80/391] lr: 9.03e-05 | MSE loss: 1.6420e-06 | time: 0.156
I 06.17/10:49:57 solver.py:221 ] Epoch: [276/400][100/391] lr: 9.02e-05 | MSE loss: 1.5748e-06 | time: 0.156
I 06.17/10:50:00 solver.py:221 ] Epoch: [276/400][120/391] lr: 9.02e-05 | MSE loss: 1.5425e-06 | time: 0.156
I 06.17/10:50:05 solver.py:221 ] Epoch: [276/400][140/391] lr: 9.02e-05 | MSE loss: 1.5219e-06 | time: 0.171
I 06.17/10:50:08 solver.py:221 ] Epoch: [276/400][160/391] lr: 9.01e-05 | MSE loss: 1.4924e-06 | time: 0.169
I 06.17/10:50:12 solver.py:221 ] Epoch: [276/400][180/391] lr: 9.01e-05 | MSE loss: 1.4730e-06 | time: 0.168
I 06.17/10:50:15 solver.py:221 ] Epoch: [276/400][200/391] lr: 9.01e-05 | MSE loss: 1.4581e-06 | time: 0.168
I 06.17/10:50:18 solver.py:221 ] Epoch: [276/400][220/391] lr: 9.00e-05 | MSE loss: 1.4575e-06 | time: 0.167
I 06.17/10:50:21 solver.py:221 ] Epoch: [276/400][240/391] lr: 9.00e-05 | MSE loss: 1.4668e-06 | time: 0.166
I 06.17/10:50:24 solver.py:221 ] Epoch: [276/400][260/391] lr: 9.00e-05 | MSE loss: 1.4590e-06 | time: 0.165
I 06.17/10:50:28 solver.py:221 ] Epoch: [276/400][280/391] lr: 9.00e-05 | MSE loss: 1.4488e-06 | time: 0.165
I 06.17/10:50:31 solver.py:221 ] Epoch: [276/400][300/391] lr: 8.99e-05 | MSE loss: 1.4604e-06 | time: 0.165
I 06.17/10:50:35 solver.py:221 ] Epoch: [276/400][320/391] lr: 8.99e-05 | MSE loss: 1.4534e-06 | time: 0.166
I 06.17/10:50:38 solver.py:221 ] Epoch: [276/400][340/391] lr: 8.99e-05 | MSE loss: 1.4437e-06 | time: 0.166
I 06.17/10:50:41 solver.py:221 ] Epoch: [276/400][360/391] lr: 8.98e-05 | MSE loss: 1.4500e-06 | time: 0.166
I 06.17/10:50:45 solver.py:221 ] Epoch: [276/400][380/391] lr: 8.98e-05 | MSE loss: 1.4541e-06 | time: 0.167
I 06.17/10:50:46 solver.py:243 ] => Train  Loss: 1.4502e-06

I 06.17/10:50:47 solver.py:337 ] 
=! Best NMSE: -2.4375e+01 (epoch=270)

I 06.17/10:50:50 solver.py:221 ] Epoch: [277/400][20/391] lr: 8.98e-05 | MSE loss: 1.4339e-06 | time: 0.144
I 06.17/10:50:53 solver.py:221 ] Epoch: [277/400][40/391] lr: 8.97e-05 | MSE loss: 1.4080e-06 | time: 0.152
I 06.17/10:50:56 solver.py:221 ] Epoch: [277/400][60/391] lr: 8.97e-05 | MSE loss: 1.4807e-06 | time: 0.158
I 06.17/10:50:59 solver.py:221 ] Epoch: [277/400][80/391] lr: 8.97e-05 | MSE loss: 1.4689e-06 | time: 0.157
I 06.17/10:51:04 solver.py:221 ] Epoch: [277/400][100/391] lr: 8.96e-05 | MSE loss: 1.4653e-06 | time: 0.170
I 06.17/10:51:07 solver.py:221 ] Epoch: [277/400][120/391] lr: 8.96e-05 | MSE loss: 1.4868e-06 | time: 0.169
I 06.17/10:51:10 solver.py:221 ] Epoch: [277/400][140/391] lr: 8.96e-05 | MSE loss: 1.4558e-06 | time: 0.167
I 06.17/10:51:13 solver.py:221 ] Epoch: [277/400][160/391] lr: 8.96e-05 | MSE loss: 1.4274e-06 | time: 0.165
I 06.17/10:51:17 solver.py:221 ] Epoch: [277/400][180/391] lr: 8.95e-05 | MSE loss: 1.4083e-06 | time: 0.164
I 06.17/10:51:20 solver.py:221 ] Epoch: [277/400][200/391] lr: 8.95e-05 | MSE loss: 1.3895e-06 | time: 0.164
I 06.17/10:51:23 solver.py:221 ] Epoch: [277/400][220/391] lr: 8.95e-05 | MSE loss: 1.3806e-06 | time: 0.164
I 06.17/10:51:26 solver.py:221 ] Epoch: [277/400][240/391] lr: 8.94e-05 | MSE loss: 1.3782e-06 | time: 0.164
I 06.17/10:51:30 solver.py:221 ] Epoch: [277/400][260/391] lr: 8.94e-05 | MSE loss: 1.3707e-06 | time: 0.164
I 06.17/10:51:33 solver.py:221 ] Epoch: [277/400][280/391] lr: 8.94e-05 | MSE loss: 1.3752e-06 | time: 0.164
I 06.17/10:51:36 solver.py:221 ] Epoch: [277/400][300/391] lr: 8.93e-05 | MSE loss: 1.4592e-06 | time: 0.164
I 06.17/10:51:39 solver.py:221 ] Epoch: [277/400][320/391] lr: 8.93e-05 | MSE loss: 1.4848e-06 | time: 0.163
I 06.17/10:51:42 solver.py:221 ] Epoch: [277/400][340/391] lr: 8.93e-05 | MSE loss: 1.4842e-06 | time: 0.163
I 06.17/10:51:45 solver.py:221 ] Epoch: [277/400][360/391] lr: 8.93e-05 | MSE loss: 1.4753e-06 | time: 0.163
I 06.17/10:51:49 solver.py:221 ] Epoch: [277/400][380/391] lr: 8.92e-05 | MSE loss: 1.4708e-06 | time: 0.162
I 06.17/10:51:50 solver.py:243 ] => Train  Loss: 1.4639e-06

I 06.17/10:51:50 solver.py:337 ] 
=! Best NMSE: -2.4375e+01 (epoch=270)

I 06.17/10:51:54 solver.py:221 ] Epoch: [278/400][20/391] lr: 8.92e-05 | MSE loss: 1.1420e-06 | time: 0.144
I 06.17/10:51:57 solver.py:221 ] Epoch: [278/400][40/391] lr: 8.92e-05 | MSE loss: 1.1888e-06 | time: 0.150
I 06.17/10:52:00 solver.py:221 ] Epoch: [278/400][60/391] lr: 8.91e-05 | MSE loss: 1.2514e-06 | time: 0.154
I 06.17/10:52:04 solver.py:221 ] Epoch: [278/400][80/391] lr: 8.91e-05 | MSE loss: 1.2579e-06 | time: 0.175
I 06.17/10:52:08 solver.py:221 ] Epoch: [278/400][100/391] lr: 8.91e-05 | MSE loss: 1.2682e-06 | time: 0.167
I 06.17/10:52:11 solver.py:221 ] Epoch: [278/400][120/391] lr: 8.90e-05 | MSE loss: 1.3619e-06 | time: 0.165
I 06.17/10:52:14 solver.py:221 ] Epoch: [278/400][140/391] lr: 8.90e-05 | MSE loss: 1.3767e-06 | time: 0.164
I 06.17/10:52:17 solver.py:221 ] Epoch: [278/400][160/391] lr: 8.90e-05 | MSE loss: 1.3929e-06 | time: 0.163
I 06.17/10:52:20 solver.py:221 ] Epoch: [278/400][180/391] lr: 8.89e-05 | MSE loss: 1.3747e-06 | time: 0.164
I 06.17/10:52:23 solver.py:221 ] Epoch: [278/400][200/391] lr: 8.89e-05 | MSE loss: 1.3781e-06 | time: 0.163
I 06.17/10:52:27 solver.py:221 ] Epoch: [278/400][220/391] lr: 8.89e-05 | MSE loss: 1.3916e-06 | time: 0.163
I 06.17/10:52:30 solver.py:221 ] Epoch: [278/400][240/391] lr: 8.89e-05 | MSE loss: 1.4183e-06 | time: 0.162
I 06.17/10:52:33 solver.py:221 ] Epoch: [278/400][260/391] lr: 8.88e-05 | MSE loss: 1.4108e-06 | time: 0.161
I 06.17/10:52:36 solver.py:221 ] Epoch: [278/400][280/391] lr: 8.88e-05 | MSE loss: 1.4008e-06 | time: 0.162
I 06.17/10:52:39 solver.py:221 ] Epoch: [278/400][300/391] lr: 8.88e-05 | MSE loss: 1.3864e-06 | time: 0.162
I 06.17/10:52:43 solver.py:221 ] Epoch: [278/400][320/391] lr: 8.87e-05 | MSE loss: 1.3704e-06 | time: 0.162
I 06.17/10:52:46 solver.py:221 ] Epoch: [278/400][340/391] lr: 8.87e-05 | MSE loss: 1.3654e-06 | time: 0.162
I 06.17/10:52:49 solver.py:221 ] Epoch: [278/400][360/391] lr: 8.87e-05 | MSE loss: 1.3673e-06 | time: 0.162
I 06.17/10:52:52 solver.py:221 ] Epoch: [278/400][380/391] lr: 8.87e-05 | MSE loss: 1.3699e-06 | time: 0.162
I 06.17/10:52:54 solver.py:243 ] => Train  Loss: 1.3697e-06

I 06.17/10:52:54 solver.py:337 ] 
=! Best NMSE: -2.4375e+01 (epoch=270)

I 06.17/10:52:57 solver.py:221 ] Epoch: [279/400][20/391] lr: 8.86e-05 | MSE loss: 1.3534e-06 | time: 0.143
I 06.17/10:53:00 solver.py:221 ] Epoch: [279/400][40/391] lr: 8.86e-05 | MSE loss: 1.5332e-06 | time: 0.151
I 06.17/10:53:05 solver.py:221 ] Epoch: [279/400][60/391] lr: 8.86e-05 | MSE loss: 1.4507e-06 | time: 0.181
I 06.17/10:53:08 solver.py:221 ] Epoch: [279/400][80/391] lr: 8.85e-05 | MSE loss: 1.4477e-06 | time: 0.172
I 06.17/10:53:11 solver.py:221 ] Epoch: [279/400][100/391] lr: 8.85e-05 | MSE loss: 1.5100e-06 | time: 0.168
I 06.17/10:53:14 solver.py:221 ] Epoch: [279/400][120/391] lr: 8.85e-05 | MSE loss: 1.5863e-06 | time: 0.167
I 06.17/10:53:18 solver.py:221 ] Epoch: [279/400][140/391] lr: 8.84e-05 | MSE loss: 1.5436e-06 | time: 0.166
I 06.17/10:53:21 solver.py:221 ] Epoch: [279/400][160/391] lr: 8.84e-05 | MSE loss: 1.5208e-06 | time: 0.167
I 06.17/10:53:24 solver.py:221 ] Epoch: [279/400][180/391] lr: 8.84e-05 | MSE loss: 1.4948e-06 | time: 0.165
I 06.17/10:53:27 solver.py:221 ] Epoch: [279/400][200/391] lr: 8.83e-05 | MSE loss: 1.4808e-06 | time: 0.165
I 06.17/10:53:30 solver.py:221 ] Epoch: [279/400][220/391] lr: 8.83e-05 | MSE loss: 1.4711e-06 | time: 0.164
I 06.17/10:53:34 solver.py:221 ] Epoch: [279/400][240/391] lr: 8.83e-05 | MSE loss: 1.4569e-06 | time: 0.163
I 06.17/10:53:37 solver.py:221 ] Epoch: [279/400][260/391] lr: 8.83e-05 | MSE loss: 1.4444e-06 | time: 0.163
I 06.17/10:53:40 solver.py:221 ] Epoch: [279/400][280/391] lr: 8.82e-05 | MSE loss: 1.4416e-06 | time: 0.163
I 06.17/10:53:43 solver.py:221 ] Epoch: [279/400][300/391] lr: 8.82e-05 | MSE loss: 1.4416e-06 | time: 0.162
I 06.17/10:53:46 solver.py:221 ] Epoch: [279/400][320/391] lr: 8.82e-05 | MSE loss: 1.4382e-06 | time: 0.162
I 06.17/10:53:49 solver.py:221 ] Epoch: [279/400][340/391] lr: 8.81e-05 | MSE loss: 1.4283e-06 | time: 0.162
I 06.17/10:53:53 solver.py:221 ] Epoch: [279/400][360/391] lr: 8.81e-05 | MSE loss: 1.4322e-06 | time: 0.162
I 06.17/10:53:56 solver.py:221 ] Epoch: [279/400][380/391] lr: 8.81e-05 | MSE loss: 1.4259e-06 | time: 0.161
I 06.17/10:53:57 solver.py:243 ] => Train  Loss: 1.4253e-06

I 06.17/10:53:58 solver.py:337 ] 
=! Best NMSE: -2.4375e+01 (epoch=270)

I 06.17/10:54:01 solver.py:221 ] Epoch: [280/400][20/391] lr: 8.80e-05 | MSE loss: 1.5251e-06 | time: 0.145
I 06.17/10:54:05 solver.py:221 ] Epoch: [280/400][40/391] lr: 8.80e-05 | MSE loss: 1.5144e-06 | time: 0.190
I 06.17/10:54:08 solver.py:221 ] Epoch: [280/400][60/391] lr: 8.80e-05 | MSE loss: 1.4982e-06 | time: 0.176
I 06.17/10:54:12 solver.py:221 ] Epoch: [280/400][80/391] lr: 8.80e-05 | MSE loss: 1.4269e-06 | time: 0.172
I 06.17/10:54:15 solver.py:221 ] Epoch: [280/400][100/391] lr: 8.79e-05 | MSE loss: 1.4044e-06 | time: 0.171
I 06.17/10:54:18 solver.py:221 ] Epoch: [280/400][120/391] lr: 8.79e-05 | MSE loss: 1.4378e-06 | time: 0.171
I 06.17/10:54:22 solver.py:221 ] Epoch: [280/400][140/391] lr: 8.79e-05 | MSE loss: 1.4017e-06 | time: 0.169
I 06.17/10:54:25 solver.py:221 ] Epoch: [280/400][160/391] lr: 8.78e-05 | MSE loss: 1.4108e-06 | time: 0.169
I 06.17/10:54:28 solver.py:221 ] Epoch: [280/400][180/391] lr: 8.78e-05 | MSE loss: 1.4437e-06 | time: 0.169
I 06.17/10:54:31 solver.py:221 ] Epoch: [280/400][200/391] lr: 8.78e-05 | MSE loss: 1.4752e-06 | time: 0.167
I 06.17/10:54:34 solver.py:221 ] Epoch: [280/400][220/391] lr: 8.77e-05 | MSE loss: 1.4705e-06 | time: 0.166
I 06.17/10:54:37 solver.py:221 ] Epoch: [280/400][240/391] lr: 8.77e-05 | MSE loss: 1.4689e-06 | time: 0.165
I 06.17/10:54:41 solver.py:221 ] Epoch: [280/400][260/391] lr: 8.77e-05 | MSE loss: 1.4541e-06 | time: 0.164
I 06.17/10:54:44 solver.py:221 ] Epoch: [280/400][280/391] lr: 8.77e-05 | MSE loss: 1.4433e-06 | time: 0.164
I 06.17/10:54:47 solver.py:221 ] Epoch: [280/400][300/391] lr: 8.76e-05 | MSE loss: 1.4317e-06 | time: 0.164
I 06.17/10:54:50 solver.py:221 ] Epoch: [280/400][320/391] lr: 8.76e-05 | MSE loss: 1.4306e-06 | time: 0.163
I 06.17/10:54:53 solver.py:221 ] Epoch: [280/400][340/391] lr: 8.76e-05 | MSE loss: 1.4333e-06 | time: 0.163
I 06.17/10:54:57 solver.py:221 ] Epoch: [280/400][360/391] lr: 8.75e-05 | MSE loss: 1.4308e-06 | time: 0.163
I 06.17/10:55:00 solver.py:221 ] Epoch: [280/400][380/391] lr: 8.75e-05 | MSE loss: 1.4347e-06 | time: 0.163
I 06.17/10:55:01 solver.py:243 ] => Train  Loss: 1.4355e-06

I 06.17/10:55:05 solver.py:221 ] Epoch: [280/400][20/118] lr: 8.75e-05 | MSE loss: 1.7282e-06 | time: 0.160
I 06.17/10:55:06 solver.py:221 ] Epoch: [280/400][40/118] lr: 8.75e-05 | MSE loss: 1.7145e-06 | time: 0.107
I 06.17/10:55:07 solver.py:221 ] Epoch: [280/400][60/118] lr: 8.75e-05 | MSE loss: 1.7337e-06 | time: 0.088
I 06.17/10:55:08 solver.py:221 ] Epoch: [280/400][80/118] lr: 8.75e-05 | MSE loss: 1.7353e-06 | time: 0.078
I 06.17/10:55:09 solver.py:221 ] Epoch: [280/400][100/118] lr: 8.75e-05 | MSE loss: 1.7336e-06 | time: 0.070
I 06.17/10:55:10 solver.py:243 ] => Val  Loss: 1.7325e-06

I 06.17/10:55:11 solver.py:471 ] [20/79] loss: 1.7805e-06 | NMSE: -2.4047e+01 | time: 0.057
I 06.17/10:55:12 solver.py:471 ] [40/79] loss: 1.7512e-06 | NMSE: -2.4122e+01 | time: 0.058
I 06.17/10:55:13 solver.py:471 ] [60/79] loss: 1.7486e-06 | NMSE: -2.4118e+01 | time: 0.057
I 06.17/10:55:14 solver.py:476 ] => Test NMSE: -2.4133e+01

I 06.17/10:55:14 solver.py:337 ] 
=! Best NMSE: -2.4375e+01 (epoch=270)

I 06.17/10:55:17 solver.py:221 ] Epoch: [281/400][20/391] lr: 8.75e-05 | MSE loss: 1.3480e-06 | time: 0.146
I 06.17/10:55:20 solver.py:221 ] Epoch: [281/400][40/391] lr: 8.74e-05 | MSE loss: 1.3890e-06 | time: 0.148
I 06.17/10:55:23 solver.py:221 ] Epoch: [281/400][60/391] lr: 8.74e-05 | MSE loss: 1.3822e-06 | time: 0.147
I 06.17/10:55:27 solver.py:221 ] Epoch: [281/400][80/391] lr: 8.74e-05 | MSE loss: 1.4634e-06 | time: 0.151
I 06.17/10:55:30 solver.py:221 ] Epoch: [281/400][100/391] lr: 8.74e-05 | MSE loss: 1.4418e-06 | time: 0.152
I 06.17/10:55:33 solver.py:221 ] Epoch: [281/400][120/391] lr: 8.73e-05 | MSE loss: 1.4348e-06 | time: 0.154
I 06.17/10:55:36 solver.py:221 ] Epoch: [281/400][140/391] lr: 8.73e-05 | MSE loss: 1.4559e-06 | time: 0.154
I 06.17/10:55:39 solver.py:221 ] Epoch: [281/400][160/391] lr: 8.73e-05 | MSE loss: 1.4494e-06 | time: 0.155
I 06.17/10:55:42 solver.py:221 ] Epoch: [281/400][180/391] lr: 8.72e-05 | MSE loss: 1.4491e-06 | time: 0.155
I 06.17/10:55:46 solver.py:221 ] Epoch: [281/400][200/391] lr: 8.72e-05 | MSE loss: 1.4454e-06 | time: 0.156
I 06.17/10:55:49 solver.py:221 ] Epoch: [281/400][220/391] lr: 8.72e-05 | MSE loss: 1.4373e-06 | time: 0.157
I 06.17/10:55:52 solver.py:221 ] Epoch: [281/400][240/391] lr: 8.72e-05 | MSE loss: 1.4230e-06 | time: 0.157
I 06.17/10:55:55 solver.py:221 ] Epoch: [281/400][260/391] lr: 8.71e-05 | MSE loss: 1.4175e-06 | time: 0.157
I 06.17/10:55:59 solver.py:221 ] Epoch: [281/400][280/391] lr: 8.71e-05 | MSE loss: 1.4091e-06 | time: 0.157
I 06.17/10:56:02 solver.py:221 ] Epoch: [281/400][300/391] lr: 8.71e-05 | MSE loss: 1.4022e-06 | time: 0.160
I 06.17/10:56:06 solver.py:221 ] Epoch: [281/400][320/391] lr: 8.70e-05 | MSE loss: 1.4032e-06 | time: 0.161
I 06.17/10:56:09 solver.py:221 ] Epoch: [281/400][340/391] lr: 8.70e-05 | MSE loss: 1.4013e-06 | time: 0.161
I 06.17/10:56:12 solver.py:221 ] Epoch: [281/400][360/391] lr: 8.70e-05 | MSE loss: 1.3993e-06 | time: 0.161
I 06.17/10:56:16 solver.py:221 ] Epoch: [281/400][380/391] lr: 8.70e-05 | MSE loss: 1.3922e-06 | time: 0.161
I 06.17/10:56:17 solver.py:243 ] => Train  Loss: 1.3914e-06

I 06.17/10:56:17 solver.py:337 ] 
=! Best NMSE: -2.4375e+01 (epoch=270)

I 06.17/10:56:21 solver.py:221 ] Epoch: [282/400][20/391] lr: 8.69e-05 | MSE loss: 1.3446e-06 | time: 0.145
I 06.17/10:56:24 solver.py:221 ] Epoch: [282/400][40/391] lr: 8.69e-05 | MSE loss: 1.3243e-06 | time: 0.153
I 06.17/10:56:27 solver.py:221 ] Epoch: [282/400][60/391] lr: 8.68e-05 | MSE loss: 1.3079e-06 | time: 0.154
I 06.17/10:56:30 solver.py:221 ] Epoch: [282/400][80/391] lr: 8.68e-05 | MSE loss: 1.3253e-06 | time: 0.157
I 06.17/10:56:34 solver.py:221 ] Epoch: [282/400][100/391] lr: 8.68e-05 | MSE loss: 1.3169e-06 | time: 0.157
I 06.17/10:56:37 solver.py:221 ] Epoch: [282/400][120/391] lr: 8.68e-05 | MSE loss: 1.3246e-06 | time: 0.158
I 06.17/10:56:40 solver.py:221 ] Epoch: [282/400][140/391] lr: 8.67e-05 | MSE loss: 1.3202e-06 | time: 0.157
I 06.17/10:56:43 solver.py:221 ] Epoch: [282/400][160/391] lr: 8.67e-05 | MSE loss: 1.3123e-06 | time: 0.157
I 06.17/10:56:46 solver.py:221 ] Epoch: [282/400][180/391] lr: 8.67e-05 | MSE loss: 1.3655e-06 | time: 0.158
I 06.17/10:56:50 solver.py:221 ] Epoch: [282/400][200/391] lr: 8.66e-05 | MSE loss: 1.3661e-06 | time: 0.159
I 06.17/10:56:53 solver.py:221 ] Epoch: [282/400][220/391] lr: 8.66e-05 | MSE loss: 1.3676e-06 | time: 0.159
I 06.17/10:56:56 solver.py:221 ] Epoch: [282/400][240/391] lr: 8.66e-05 | MSE loss: 1.3678e-06 | time: 0.159
I 06.17/10:56:59 solver.py:221 ] Epoch: [282/400][260/391] lr: 8.66e-05 | MSE loss: 1.3672e-06 | time: 0.158
I 06.17/10:57:02 solver.py:221 ] Epoch: [282/400][280/391] lr: 8.65e-05 | MSE loss: 1.3800e-06 | time: 0.158
I 06.17/10:57:06 solver.py:221 ] Epoch: [282/400][300/391] lr: 8.65e-05 | MSE loss: 1.3981e-06 | time: 0.161
I 06.17/10:57:09 solver.py:221 ] Epoch: [282/400][320/391] lr: 8.65e-05 | MSE loss: 1.3989e-06 | time: 0.160
I 06.17/10:57:12 solver.py:221 ] Epoch: [282/400][340/391] lr: 8.64e-05 | MSE loss: 1.4034e-06 | time: 0.160
I 06.17/10:57:16 solver.py:221 ] Epoch: [282/400][360/391] lr: 8.64e-05 | MSE loss: 1.4153e-06 | time: 0.160
I 06.17/10:57:19 solver.py:221 ] Epoch: [282/400][380/391] lr: 8.64e-05 | MSE loss: 1.4099e-06 | time: 0.160
I 06.17/10:57:20 solver.py:243 ] => Train  Loss: 1.4055e-06

I 06.17/10:57:21 solver.py:337 ] 
=! Best NMSE: -2.4375e+01 (epoch=270)

I 06.17/10:57:24 solver.py:221 ] Epoch: [283/400][20/391] lr: 8.63e-05 | MSE loss: 1.2530e-06 | time: 0.150
I 06.17/10:57:27 solver.py:221 ] Epoch: [283/400][40/391] lr: 8.63e-05 | MSE loss: 1.2559e-06 | time: 0.153
I 06.17/10:57:30 solver.py:221 ] Epoch: [283/400][60/391] lr: 8.63e-05 | MSE loss: 1.3336e-06 | time: 0.154
I 06.17/10:57:33 solver.py:221 ] Epoch: [283/400][80/391] lr: 8.63e-05 | MSE loss: 1.3098e-06 | time: 0.152
I 06.17/10:57:36 solver.py:221 ] Epoch: [283/400][100/391] lr: 8.62e-05 | MSE loss: 1.2948e-06 | time: 0.153
I 06.17/10:57:40 solver.py:221 ] Epoch: [283/400][120/391] lr: 8.62e-05 | MSE loss: 1.2970e-06 | time: 0.157
I 06.17/10:57:43 solver.py:221 ] Epoch: [283/400][140/391] lr: 8.62e-05 | MSE loss: 1.3186e-06 | time: 0.158
I 06.17/10:57:46 solver.py:221 ] Epoch: [283/400][160/391] lr: 8.61e-05 | MSE loss: 1.3204e-06 | time: 0.158
I 06.17/10:57:49 solver.py:221 ] Epoch: [283/400][180/391] lr: 8.61e-05 | MSE loss: 1.3390e-06 | time: 0.159
I 06.17/10:57:53 solver.py:221 ] Epoch: [283/400][200/391] lr: 8.61e-05 | MSE loss: 1.3515e-06 | time: 0.159
I 06.17/10:57:56 solver.py:221 ] Epoch: [283/400][220/391] lr: 8.61e-05 | MSE loss: 1.3390e-06 | time: 0.160
I 06.17/10:57:59 solver.py:221 ] Epoch: [283/400][240/391] lr: 8.60e-05 | MSE loss: 1.3412e-06 | time: 0.160
I 06.17/10:58:04 solver.py:221 ] Epoch: [283/400][260/391] lr: 8.60e-05 | MSE loss: 1.3518e-06 | time: 0.166
I 06.17/10:58:07 solver.py:221 ] Epoch: [283/400][280/391] lr: 8.60e-05 | MSE loss: 1.3579e-06 | time: 0.165
I 06.17/10:58:10 solver.py:221 ] Epoch: [283/400][300/391] lr: 8.59e-05 | MSE loss: 1.3577e-06 | time: 0.165
I 06.17/10:58:13 solver.py:221 ] Epoch: [283/400][320/391] lr: 8.59e-05 | MSE loss: 1.3585e-06 | time: 0.164
I 06.17/10:58:17 solver.py:221 ] Epoch: [283/400][340/391] lr: 8.59e-05 | MSE loss: 1.3609e-06 | time: 0.164
I 06.17/10:58:20 solver.py:221 ] Epoch: [283/400][360/391] lr: 8.59e-05 | MSE loss: 1.3606e-06 | time: 0.164
I 06.17/10:58:23 solver.py:221 ] Epoch: [283/400][380/391] lr: 8.58e-05 | MSE loss: 1.3706e-06 | time: 0.164
I 06.17/10:58:25 solver.py:243 ] => Train  Loss: 1.3821e-06

I 06.17/10:58:25 solver.py:337 ] 
=! Best NMSE: -2.4375e+01 (epoch=270)

I 06.17/10:58:28 solver.py:221 ] Epoch: [284/400][20/391] lr: 8.58e-05 | MSE loss: 1.5647e-06 | time: 0.152
I 06.17/10:58:31 solver.py:221 ] Epoch: [284/400][40/391] lr: 8.58e-05 | MSE loss: 1.4225e-06 | time: 0.152
I 06.17/10:58:34 solver.py:221 ] Epoch: [284/400][60/391] lr: 8.57e-05 | MSE loss: 1.3637e-06 | time: 0.153
I 06.17/10:58:37 solver.py:221 ] Epoch: [284/400][80/391] lr: 8.57e-05 | MSE loss: 1.3268e-06 | time: 0.153
I 06.17/10:58:41 solver.py:221 ] Epoch: [284/400][100/391] lr: 8.57e-05 | MSE loss: 1.3361e-06 | time: 0.153
I 06.17/10:58:44 solver.py:221 ] Epoch: [284/400][120/391] lr: 8.56e-05 | MSE loss: 1.3154e-06 | time: 0.156
I 06.17/10:58:47 solver.py:221 ] Epoch: [284/400][140/391] lr: 8.56e-05 | MSE loss: 1.3139e-06 | time: 0.157
I 06.17/10:58:50 solver.py:221 ] Epoch: [284/400][160/391] lr: 8.56e-05 | MSE loss: 1.3179e-06 | time: 0.157
I 06.17/10:58:53 solver.py:221 ] Epoch: [284/400][180/391] lr: 8.56e-05 | MSE loss: 1.3308e-06 | time: 0.157
I 06.17/10:58:57 solver.py:221 ] Epoch: [284/400][200/391] lr: 8.55e-05 | MSE loss: 1.3322e-06 | time: 0.157
I 06.17/10:59:00 solver.py:221 ] Epoch: [284/400][220/391] lr: 8.55e-05 | MSE loss: 1.3390e-06 | time: 0.158
I 06.17/10:59:04 solver.py:221 ] Epoch: [284/400][240/391] lr: 8.55e-05 | MSE loss: 1.3441e-06 | time: 0.164
I 06.17/10:59:08 solver.py:221 ] Epoch: [284/400][260/391] lr: 8.54e-05 | MSE loss: 1.3449e-06 | time: 0.163
I 06.17/10:59:11 solver.py:221 ] Epoch: [284/400][280/391] lr: 8.54e-05 | MSE loss: 1.3422e-06 | time: 0.163
I 06.17/10:59:14 solver.py:221 ] Epoch: [284/400][300/391] lr: 8.54e-05 | MSE loss: 1.3429e-06 | time: 0.163
I 06.17/10:59:17 solver.py:221 ] Epoch: [284/400][320/391] lr: 8.54e-05 | MSE loss: 1.3422e-06 | time: 0.163
I 06.17/10:59:21 solver.py:221 ] Epoch: [284/400][340/391] lr: 8.53e-05 | MSE loss: 1.3427e-06 | time: 0.163
I 06.17/10:59:24 solver.py:221 ] Epoch: [284/400][360/391] lr: 8.53e-05 | MSE loss: 1.3425e-06 | time: 0.162
I 06.17/10:59:27 solver.py:221 ] Epoch: [284/400][380/391] lr: 8.53e-05 | MSE loss: 1.3576e-06 | time: 0.163
I 06.17/10:59:29 solver.py:243 ] => Train  Loss: 1.3731e-06

I 06.17/10:59:29 solver.py:337 ] 
=! Best NMSE: -2.4375e+01 (epoch=270)

I 06.17/10:59:32 solver.py:221 ] Epoch: [285/400][20/391] lr: 8.52e-05 | MSE loss: 1.4308e-06 | time: 0.150
I 06.17/10:59:36 solver.py:221 ] Epoch: [285/400][40/391] lr: 8.52e-05 | MSE loss: 1.5781e-06 | time: 0.156
I 06.17/10:59:39 solver.py:221 ] Epoch: [285/400][60/391] lr: 8.52e-05 | MSE loss: 1.5996e-06 | time: 0.156
I 06.17/10:59:42 solver.py:221 ] Epoch: [285/400][80/391] lr: 8.51e-05 | MSE loss: 1.5117e-06 | time: 0.157
I 06.17/10:59:45 solver.py:221 ] Epoch: [285/400][100/391] lr: 8.51e-05 | MSE loss: 1.4534e-06 | time: 0.162
I 06.17/10:59:49 solver.py:221 ] Epoch: [285/400][120/391] lr: 8.51e-05 | MSE loss: 1.4187e-06 | time: 0.162
I 06.17/10:59:52 solver.py:221 ] Epoch: [285/400][140/391] lr: 8.51e-05 | MSE loss: 1.3968e-06 | time: 0.161
I 06.17/10:59:55 solver.py:221 ] Epoch: [285/400][160/391] lr: 8.50e-05 | MSE loss: 1.3762e-06 | time: 0.161
I 06.17/10:59:58 solver.py:221 ] Epoch: [285/400][180/391] lr: 8.50e-05 | MSE loss: 1.3686e-06 | time: 0.161
I 06.17/11:00:01 solver.py:221 ] Epoch: [285/400][200/391] lr: 8.50e-05 | MSE loss: 1.3671e-06 | time: 0.161
I 06.17/11:00:06 solver.py:221 ] Epoch: [285/400][220/391] lr: 8.49e-05 | MSE loss: 1.3538e-06 | time: 0.167
I 06.17/11:00:09 solver.py:221 ] Epoch: [285/400][240/391] lr: 8.49e-05 | MSE loss: 1.3524e-06 | time: 0.165
I 06.17/11:00:12 solver.py:221 ] Epoch: [285/400][260/391] lr: 8.49e-05 | MSE loss: 1.3485e-06 | time: 0.165
I 06.17/11:00:15 solver.py:221 ] Epoch: [285/400][280/391] lr: 8.49e-05 | MSE loss: 1.3608e-06 | time: 0.164
I 06.17/11:00:18 solver.py:221 ] Epoch: [285/400][300/391] lr: 8.48e-05 | MSE loss: 1.3641e-06 | time: 0.164
I 06.17/11:00:22 solver.py:221 ] Epoch: [285/400][320/391] lr: 8.48e-05 | MSE loss: 1.3760e-06 | time: 0.164
I 06.17/11:00:25 solver.py:221 ] Epoch: [285/400][340/391] lr: 8.48e-05 | MSE loss: 1.3742e-06 | time: 0.163
I 06.17/11:00:28 solver.py:221 ] Epoch: [285/400][360/391] lr: 8.47e-05 | MSE loss: 1.3725e-06 | time: 0.163
I 06.17/11:00:31 solver.py:221 ] Epoch: [285/400][380/391] lr: 8.47e-05 | MSE loss: 1.3776e-06 | time: 0.163
I 06.17/11:00:33 solver.py:243 ] => Train  Loss: 1.3760e-06

I 06.17/11:00:33 solver.py:337 ] 
=! Best NMSE: -2.4375e+01 (epoch=270)

I 06.17/11:00:36 solver.py:221 ] Epoch: [286/400][20/391] lr: 8.47e-05 | MSE loss: 1.3294e-06 | time: 0.141
I 06.17/11:00:39 solver.py:221 ] Epoch: [286/400][40/391] lr: 8.46e-05 | MSE loss: 1.3904e-06 | time: 0.148
I 06.17/11:00:43 solver.py:221 ] Epoch: [286/400][60/391] lr: 8.46e-05 | MSE loss: 1.4188e-06 | time: 0.152
I 06.17/11:00:46 solver.py:221 ] Epoch: [286/400][80/391] lr: 8.46e-05 | MSE loss: 1.4022e-06 | time: 0.157
I 06.17/11:00:50 solver.py:221 ] Epoch: [286/400][100/391] lr: 8.46e-05 | MSE loss: 1.3814e-06 | time: 0.160
I 06.17/11:00:53 solver.py:221 ] Epoch: [286/400][120/391] lr: 8.45e-05 | MSE loss: 1.3667e-06 | time: 0.160
I 06.17/11:00:56 solver.py:221 ] Epoch: [286/400][140/391] lr: 8.45e-05 | MSE loss: 1.3467e-06 | time: 0.160
I 06.17/11:00:59 solver.py:221 ] Epoch: [286/400][160/391] lr: 8.45e-05 | MSE loss: 1.3411e-06 | time: 0.161
I 06.17/11:01:03 solver.py:221 ] Epoch: [286/400][180/391] lr: 8.44e-05 | MSE loss: 1.3647e-06 | time: 0.164
I 06.17/11:01:06 solver.py:221 ] Epoch: [286/400][200/391] lr: 8.44e-05 | MSE loss: 1.3957e-06 | time: 0.164
I 06.17/11:01:10 solver.py:221 ] Epoch: [286/400][220/391] lr: 8.44e-05 | MSE loss: 1.3904e-06 | time: 0.164
I 06.17/11:01:13 solver.py:221 ] Epoch: [286/400][240/391] lr: 8.44e-05 | MSE loss: 1.3772e-06 | time: 0.163
I 06.17/11:01:16 solver.py:221 ] Epoch: [286/400][260/391] lr: 8.43e-05 | MSE loss: 1.3713e-06 | time: 0.163
I 06.17/11:01:19 solver.py:221 ] Epoch: [286/400][280/391] lr: 8.43e-05 | MSE loss: 1.3624e-06 | time: 0.163
I 06.17/11:01:23 solver.py:221 ] Epoch: [286/400][300/391] lr: 8.43e-05 | MSE loss: 1.3596e-06 | time: 0.163
I 06.17/11:01:26 solver.py:221 ] Epoch: [286/400][320/391] lr: 8.43e-05 | MSE loss: 1.3579e-06 | time: 0.164
I 06.17/11:01:29 solver.py:221 ] Epoch: [286/400][340/391] lr: 8.42e-05 | MSE loss: 1.3540e-06 | time: 0.164
I 06.17/11:01:32 solver.py:221 ] Epoch: [286/400][360/391] lr: 8.42e-05 | MSE loss: 1.3625e-06 | time: 0.163
I 06.17/11:01:35 solver.py:221 ] Epoch: [286/400][380/391] lr: 8.42e-05 | MSE loss: 1.3761e-06 | time: 0.163
I 06.17/11:01:37 solver.py:243 ] => Train  Loss: 1.3830e-06

I 06.17/11:01:37 solver.py:337 ] 
=! Best NMSE: -2.4375e+01 (epoch=270)

I 06.17/11:01:41 solver.py:221 ] Epoch: [287/400][20/391] lr: 8.41e-05 | MSE loss: 1.3179e-06 | time: 0.144
I 06.17/11:01:44 solver.py:221 ] Epoch: [287/400][40/391] lr: 8.41e-05 | MSE loss: 1.3026e-06 | time: 0.154
I 06.17/11:01:47 solver.py:221 ] Epoch: [287/400][60/391] lr: 8.41e-05 | MSE loss: 1.2643e-06 | time: 0.157
I 06.17/11:01:50 solver.py:221 ] Epoch: [287/400][80/391] lr: 8.40e-05 | MSE loss: 1.2456e-06 | time: 0.156
I 06.17/11:01:53 solver.py:221 ] Epoch: [287/400][100/391] lr: 8.40e-05 | MSE loss: 1.2465e-06 | time: 0.156
I 06.17/11:01:57 solver.py:221 ] Epoch: [287/400][120/391] lr: 8.40e-05 | MSE loss: 1.2336e-06 | time: 0.158
I 06.17/11:02:00 solver.py:221 ] Epoch: [287/400][140/391] lr: 8.40e-05 | MSE loss: 1.3059e-06 | time: 0.158
I 06.17/11:02:05 solver.py:221 ] Epoch: [287/400][160/391] lr: 8.39e-05 | MSE loss: 1.3162e-06 | time: 0.170
I 06.17/11:02:08 solver.py:221 ] Epoch: [287/400][180/391] lr: 8.39e-05 | MSE loss: 1.3051e-06 | time: 0.167
I 06.17/11:02:11 solver.py:221 ] Epoch: [287/400][200/391] lr: 8.39e-05 | MSE loss: 1.2917e-06 | time: 0.166
I 06.17/11:02:14 solver.py:221 ] Epoch: [287/400][220/391] lr: 8.38e-05 | MSE loss: 1.3017e-06 | time: 0.166
I 06.17/11:02:18 solver.py:221 ] Epoch: [287/400][240/391] lr: 8.38e-05 | MSE loss: 1.3067e-06 | time: 0.166
I 06.17/11:02:21 solver.py:221 ] Epoch: [287/400][260/391] lr: 8.38e-05 | MSE loss: 1.3019e-06 | time: 0.166
I 06.17/11:02:24 solver.py:221 ] Epoch: [287/400][280/391] lr: 8.38e-05 | MSE loss: 1.2982e-06 | time: 0.166
I 06.17/11:02:27 solver.py:221 ] Epoch: [287/400][300/391] lr: 8.37e-05 | MSE loss: 1.3025e-06 | time: 0.165
I 06.17/11:02:30 solver.py:221 ] Epoch: [287/400][320/391] lr: 8.37e-05 | MSE loss: 1.3040e-06 | time: 0.164
I 06.17/11:02:34 solver.py:221 ] Epoch: [287/400][340/391] lr: 8.37e-05 | MSE loss: 1.2988e-06 | time: 0.164
I 06.17/11:02:37 solver.py:221 ] Epoch: [287/400][360/391] lr: 8.36e-05 | MSE loss: 1.3262e-06 | time: 0.164
I 06.17/11:02:40 solver.py:221 ] Epoch: [287/400][380/391] lr: 8.36e-05 | MSE loss: 1.3266e-06 | time: 0.164
I 06.17/11:02:42 solver.py:243 ] => Train  Loss: 1.3250e-06

I 06.17/11:02:42 solver.py:337 ] 
=! Best NMSE: -2.4375e+01 (epoch=270)

I 06.17/11:02:45 solver.py:221 ] Epoch: [288/400][20/391] lr: 8.36e-05 | MSE loss: 1.2721e-06 | time: 0.155
I 06.17/11:02:49 solver.py:221 ] Epoch: [288/400][40/391] lr: 8.35e-05 | MSE loss: 1.3386e-06 | time: 0.157
I 06.17/11:02:52 solver.py:221 ] Epoch: [288/400][60/391] lr: 8.35e-05 | MSE loss: 1.3751e-06 | time: 0.156
I 06.17/11:02:55 solver.py:221 ] Epoch: [288/400][80/391] lr: 8.35e-05 | MSE loss: 1.3381e-06 | time: 0.154
I 06.17/11:02:58 solver.py:221 ] Epoch: [288/400][100/391] lr: 8.35e-05 | MSE loss: 1.3427e-06 | time: 0.154
I 06.17/11:03:01 solver.py:221 ] Epoch: [288/400][120/391] lr: 8.34e-05 | MSE loss: 1.3286e-06 | time: 0.155
I 06.17/11:03:06 solver.py:221 ] Epoch: [288/400][140/391] lr: 8.34e-05 | MSE loss: 1.3408e-06 | time: 0.168
I 06.17/11:03:09 solver.py:221 ] Epoch: [288/400][160/391] lr: 8.34e-05 | MSE loss: 1.3272e-06 | time: 0.168
I 06.17/11:03:12 solver.py:221 ] Epoch: [288/400][180/391] lr: 8.34e-05 | MSE loss: 1.3348e-06 | time: 0.168
I 06.17/11:03:16 solver.py:221 ] Epoch: [288/400][200/391] lr: 8.33e-05 | MSE loss: 1.3478e-06 | time: 0.167
I 06.17/11:03:19 solver.py:221 ] Epoch: [288/400][220/391] lr: 8.33e-05 | MSE loss: 1.3710e-06 | time: 0.167
I 06.17/11:03:22 solver.py:221 ] Epoch: [288/400][240/391] lr: 8.33e-05 | MSE loss: 1.3846e-06 | time: 0.167
I 06.17/11:03:26 solver.py:221 ] Epoch: [288/400][260/391] lr: 8.32e-05 | MSE loss: 1.3845e-06 | time: 0.166
I 06.17/11:03:29 solver.py:221 ] Epoch: [288/400][280/391] lr: 8.32e-05 | MSE loss: 1.3740e-06 | time: 0.166
I 06.17/11:03:32 solver.py:221 ] Epoch: [288/400][300/391] lr: 8.32e-05 | MSE loss: 1.3763e-06 | time: 0.165
I 06.17/11:03:35 solver.py:221 ] Epoch: [288/400][320/391] lr: 8.32e-05 | MSE loss: 1.3824e-06 | time: 0.165
I 06.17/11:03:38 solver.py:221 ] Epoch: [288/400][340/391] lr: 8.31e-05 | MSE loss: 1.3765e-06 | time: 0.164
I 06.17/11:03:41 solver.py:221 ] Epoch: [288/400][360/391] lr: 8.31e-05 | MSE loss: 1.3737e-06 | time: 0.164
I 06.17/11:03:45 solver.py:221 ] Epoch: [288/400][380/391] lr: 8.31e-05 | MSE loss: 1.3730e-06 | time: 0.164
I 06.17/11:03:47 solver.py:243 ] => Train  Loss: 1.3701e-06

I 06.17/11:03:47 solver.py:337 ] 
=! Best NMSE: -2.4375e+01 (epoch=270)

I 06.17/11:03:50 solver.py:221 ] Epoch: [289/400][20/391] lr: 8.30e-05 | MSE loss: 1.4285e-06 | time: 0.164
I 06.17/11:03:54 solver.py:221 ] Epoch: [289/400][40/391] lr: 8.30e-05 | MSE loss: 1.4219e-06 | time: 0.165
I 06.17/11:03:57 solver.py:221 ] Epoch: [289/400][60/391] lr: 8.30e-05 | MSE loss: 1.4621e-06 | time: 0.161
I 06.17/11:04:00 solver.py:221 ] Epoch: [289/400][80/391] lr: 8.29e-05 | MSE loss: 1.4475e-06 | time: 0.160
I 06.17/11:04:04 solver.py:221 ] Epoch: [289/400][100/391] lr: 8.29e-05 | MSE loss: 1.4356e-06 | time: 0.173
I 06.17/11:04:07 solver.py:221 ] Epoch: [289/400][120/391] lr: 8.29e-05 | MSE loss: 1.4130e-06 | time: 0.171
I 06.17/11:04:11 solver.py:221 ] Epoch: [289/400][140/391] lr: 8.29e-05 | MSE loss: 1.3917e-06 | time: 0.171
I 06.17/11:04:14 solver.py:221 ] Epoch: [289/400][160/391] lr: 8.28e-05 | MSE loss: 1.3957e-06 | time: 0.169
I 06.17/11:04:17 solver.py:221 ] Epoch: [289/400][180/391] lr: 8.28e-05 | MSE loss: 1.3934e-06 | time: 0.168
I 06.17/11:04:20 solver.py:221 ] Epoch: [289/400][200/391] lr: 8.28e-05 | MSE loss: 1.3895e-06 | time: 0.167
I 06.17/11:04:23 solver.py:221 ] Epoch: [289/400][220/391] lr: 8.28e-05 | MSE loss: 1.3766e-06 | time: 0.166
I 06.17/11:04:27 solver.py:221 ] Epoch: [289/400][240/391] lr: 8.27e-05 | MSE loss: 1.3661e-06 | time: 0.165
I 06.17/11:04:30 solver.py:221 ] Epoch: [289/400][260/391] lr: 8.27e-05 | MSE loss: 1.3610e-06 | time: 0.165
I 06.17/11:04:33 solver.py:221 ] Epoch: [289/400][280/391] lr: 8.27e-05 | MSE loss: 1.3546e-06 | time: 0.165
I 06.17/11:04:36 solver.py:221 ] Epoch: [289/400][300/391] lr: 8.26e-05 | MSE loss: 1.3489e-06 | time: 0.165
I 06.17/11:04:39 solver.py:221 ] Epoch: [289/400][320/391] lr: 8.26e-05 | MSE loss: 1.3445e-06 | time: 0.164
I 06.17/11:04:43 solver.py:221 ] Epoch: [289/400][340/391] lr: 8.26e-05 | MSE loss: 1.3389e-06 | time: 0.164
I 06.17/11:04:46 solver.py:221 ] Epoch: [289/400][360/391] lr: 8.26e-05 | MSE loss: 1.3386e-06 | time: 0.165
I 06.17/11:04:49 solver.py:221 ] Epoch: [289/400][380/391] lr: 8.25e-05 | MSE loss: 1.3389e-06 | time: 0.164
I 06.17/11:04:51 solver.py:243 ] => Train  Loss: 1.3423e-06

I 06.17/11:04:51 solver.py:337 ] 
=! Best NMSE: -2.4375e+01 (epoch=270)

I 06.17/11:04:54 solver.py:221 ] Epoch: [290/400][20/391] lr: 8.25e-05 | MSE loss: 1.3728e-06 | time: 0.141
I 06.17/11:04:57 solver.py:221 ] Epoch: [290/400][40/391] lr: 8.25e-05 | MSE loss: 1.2870e-06 | time: 0.149
I 06.17/11:05:01 solver.py:221 ] Epoch: [290/400][60/391] lr: 8.24e-05 | MSE loss: 1.2762e-06 | time: 0.151
I 06.17/11:05:05 solver.py:221 ] Epoch: [290/400][80/391] lr: 8.24e-05 | MSE loss: 1.2721e-06 | time: 0.177
I 06.17/11:05:09 solver.py:221 ] Epoch: [290/400][100/391] lr: 8.24e-05 | MSE loss: 1.2915e-06 | time: 0.170
I 06.17/11:05:12 solver.py:221 ] Epoch: [290/400][120/391] lr: 8.24e-05 | MSE loss: 1.2924e-06 | time: 0.168
I 06.17/11:05:15 solver.py:221 ] Epoch: [290/400][140/391] lr: 8.23e-05 | MSE loss: 1.3107e-06 | time: 0.167
I 06.17/11:05:18 solver.py:221 ] Epoch: [290/400][160/391] lr: 8.23e-05 | MSE loss: 1.3249e-06 | time: 0.167
I 06.17/11:05:21 solver.py:221 ] Epoch: [290/400][180/391] lr: 8.23e-05 | MSE loss: 1.3391e-06 | time: 0.166
I 06.17/11:05:25 solver.py:221 ] Epoch: [290/400][200/391] lr: 8.22e-05 | MSE loss: 1.3259e-06 | time: 0.165
I 06.17/11:05:28 solver.py:221 ] Epoch: [290/400][220/391] lr: 8.22e-05 | MSE loss: 1.3164e-06 | time: 0.166
I 06.17/11:05:31 solver.py:221 ] Epoch: [290/400][240/391] lr: 8.22e-05 | MSE loss: 1.3157e-06 | time: 0.165
I 06.17/11:05:34 solver.py:221 ] Epoch: [290/400][260/391] lr: 8.22e-05 | MSE loss: 1.3085e-06 | time: 0.164
I 06.17/11:05:37 solver.py:221 ] Epoch: [290/400][280/391] lr: 8.21e-05 | MSE loss: 1.3030e-06 | time: 0.164
I 06.17/11:05:41 solver.py:221 ] Epoch: [290/400][300/391] lr: 8.21e-05 | MSE loss: 1.2969e-06 | time: 0.164
I 06.17/11:05:44 solver.py:221 ] Epoch: [290/400][320/391] lr: 8.21e-05 | MSE loss: 1.3000e-06 | time: 0.165
I 06.17/11:05:48 solver.py:221 ] Epoch: [290/400][340/391] lr: 8.21e-05 | MSE loss: 1.2964e-06 | time: 0.165
I 06.17/11:05:51 solver.py:221 ] Epoch: [290/400][360/391] lr: 8.20e-05 | MSE loss: 1.3749e-06 | time: 0.165
I 06.17/11:05:54 solver.py:221 ] Epoch: [290/400][380/391] lr: 8.20e-05 | MSE loss: 1.3911e-06 | time: 0.164
I 06.17/11:05:56 solver.py:243 ] => Train  Loss: 1.3839e-06

I 06.17/11:05:57 solver.py:221 ] Epoch: [290/400][20/118] lr: 8.20e-05 | MSE loss: 1.2884e-06 | time: 0.062
I 06.17/11:05:58 solver.py:221 ] Epoch: [290/400][40/118] lr: 8.20e-05 | MSE loss: 1.2760e-06 | time: 0.065
I 06.17/11:06:00 solver.py:221 ] Epoch: [290/400][60/118] lr: 8.20e-05 | MSE loss: 1.2953e-06 | time: 0.066
I 06.17/11:06:04 solver.py:221 ] Epoch: [290/400][80/118] lr: 8.20e-05 | MSE loss: 1.2965e-06 | time: 0.097
I 06.17/11:06:06 solver.py:221 ] Epoch: [290/400][100/118] lr: 8.20e-05 | MSE loss: 1.2944e-06 | time: 0.103
I 06.17/11:06:08 solver.py:243 ] => Val  Loss: 1.2929e-06

I 06.17/11:06:09 solver.py:471 ] [20/79] loss: 1.3390e-06 | NMSE: -2.5285e+01 | time: 0.044
I 06.17/11:06:10 solver.py:471 ] [40/79] loss: 1.3115e-06 | NMSE: -2.5377e+01 | time: 0.051
I 06.17/11:06:11 solver.py:471 ] [60/79] loss: 1.3084e-06 | NMSE: -2.5377e+01 | time: 0.048
I 06.17/11:06:11 solver.py:476 ] => Test NMSE: -2.5395e+01

I 06.17/11:06:12 solver.py:337 ] 
=! Best NMSE: -2.5395e+01 (epoch=290)

I 06.17/11:06:15 solver.py:221 ] Epoch: [291/400][20/391] lr: 8.20e-05 | MSE loss: 1.2151e-06 | time: 0.160
I 06.17/11:06:18 solver.py:221 ] Epoch: [291/400][40/391] lr: 8.19e-05 | MSE loss: 1.3083e-06 | time: 0.159
I 06.17/11:06:21 solver.py:221 ] Epoch: [291/400][60/391] lr: 8.19e-05 | MSE loss: 1.2417e-06 | time: 0.159
I 06.17/11:06:25 solver.py:221 ] Epoch: [291/400][80/391] lr: 8.19e-05 | MSE loss: 1.2325e-06 | time: 0.161
I 06.17/11:06:28 solver.py:221 ] Epoch: [291/400][100/391] lr: 8.18e-05 | MSE loss: 1.2391e-06 | time: 0.162
I 06.17/11:06:31 solver.py:221 ] Epoch: [291/400][120/391] lr: 8.18e-05 | MSE loss: 1.2407e-06 | time: 0.162
I 06.17/11:06:34 solver.py:221 ] Epoch: [291/400][140/391] lr: 8.18e-05 | MSE loss: 1.2466e-06 | time: 0.161
I 06.17/11:06:38 solver.py:221 ] Epoch: [291/400][160/391] lr: 8.18e-05 | MSE loss: 1.2415e-06 | time: 0.160
I 06.17/11:06:41 solver.py:221 ] Epoch: [291/400][180/391] lr: 8.17e-05 | MSE loss: 1.2421e-06 | time: 0.160
I 06.17/11:06:44 solver.py:221 ] Epoch: [291/400][200/391] lr: 8.17e-05 | MSE loss: 1.2426e-06 | time: 0.160
I 06.17/11:06:47 solver.py:221 ] Epoch: [291/400][220/391] lr: 8.17e-05 | MSE loss: 1.2426e-06 | time: 0.161
I 06.17/11:06:51 solver.py:221 ] Epoch: [291/400][240/391] lr: 8.17e-05 | MSE loss: 1.2503e-06 | time: 0.161
I 06.17/11:06:54 solver.py:221 ] Epoch: [291/400][260/391] lr: 8.16e-05 | MSE loss: 1.2551e-06 | time: 0.161
I 06.17/11:06:57 solver.py:221 ] Epoch: [291/400][280/391] lr: 8.16e-05 | MSE loss: 1.2696e-06 | time: 0.160
I 06.17/11:07:00 solver.py:221 ] Epoch: [291/400][300/391] lr: 8.16e-05 | MSE loss: 1.2895e-06 | time: 0.160
I 06.17/11:07:05 solver.py:221 ] Epoch: [291/400][320/391] lr: 8.15e-05 | MSE loss: 1.3060e-06 | time: 0.166
I 06.17/11:07:08 solver.py:221 ] Epoch: [291/400][340/391] lr: 8.15e-05 | MSE loss: 1.3102e-06 | time: 0.165
I 06.17/11:07:11 solver.py:221 ] Epoch: [291/400][360/391] lr: 8.15e-05 | MSE loss: 1.3096e-06 | time: 0.164
I 06.17/11:07:14 solver.py:221 ] Epoch: [291/400][380/391] lr: 8.15e-05 | MSE loss: 1.3088e-06 | time: 0.164
I 06.17/11:07:16 solver.py:243 ] => Train  Loss: 1.3134e-06

I 06.17/11:07:16 solver.py:337 ] 
=! Best NMSE: -2.5395e+01 (epoch=290)

I 06.17/11:07:19 solver.py:221 ] Epoch: [292/400][20/391] lr: 8.14e-05 | MSE loss: 1.4308e-06 | time: 0.145
I 06.17/11:07:22 solver.py:221 ] Epoch: [292/400][40/391] lr: 8.14e-05 | MSE loss: 1.3868e-06 | time: 0.150
I 06.17/11:07:26 solver.py:221 ] Epoch: [292/400][60/391] lr: 8.14e-05 | MSE loss: 1.3607e-06 | time: 0.158
I 06.17/11:07:29 solver.py:221 ] Epoch: [292/400][80/391] lr: 8.13e-05 | MSE loss: 1.4061e-06 | time: 0.157
I 06.17/11:07:32 solver.py:221 ] Epoch: [292/400][100/391] lr: 8.13e-05 | MSE loss: 1.3986e-06 | time: 0.157
I 06.17/11:07:35 solver.py:221 ] Epoch: [292/400][120/391] lr: 8.13e-05 | MSE loss: 1.3633e-06 | time: 0.156
I 06.17/11:07:39 solver.py:221 ] Epoch: [292/400][140/391] lr: 8.13e-05 | MSE loss: 1.3455e-06 | time: 0.158
I 06.17/11:07:42 solver.py:221 ] Epoch: [292/400][160/391] lr: 8.12e-05 | MSE loss: 1.3753e-06 | time: 0.158
I 06.17/11:07:45 solver.py:221 ] Epoch: [292/400][180/391] lr: 8.12e-05 | MSE loss: 1.3670e-06 | time: 0.160
I 06.17/11:07:48 solver.py:221 ] Epoch: [292/400][200/391] lr: 8.12e-05 | MSE loss: 1.3501e-06 | time: 0.159
I 06.17/11:07:51 solver.py:221 ] Epoch: [292/400][220/391] lr: 8.11e-05 | MSE loss: 1.3659e-06 | time: 0.159
I 06.17/11:07:54 solver.py:221 ] Epoch: [292/400][240/391] lr: 8.11e-05 | MSE loss: 1.3562e-06 | time: 0.158
I 06.17/11:07:58 solver.py:221 ] Epoch: [292/400][260/391] lr: 8.11e-05 | MSE loss: 1.3450e-06 | time: 0.158
I 06.17/11:08:00 solver.py:221 ] Epoch: [292/400][280/391] lr: 8.11e-05 | MSE loss: 1.3324e-06 | time: 0.157
I 06.17/11:08:05 solver.py:221 ] Epoch: [292/400][300/391] lr: 8.10e-05 | MSE loss: 1.3249e-06 | time: 0.162
I 06.17/11:08:08 solver.py:221 ] Epoch: [292/400][320/391] lr: 8.10e-05 | MSE loss: 1.3283e-06 | time: 0.161
I 06.17/11:08:11 solver.py:221 ] Epoch: [292/400][340/391] lr: 8.10e-05 | MSE loss: 1.3204e-06 | time: 0.161
I 06.17/11:08:14 solver.py:221 ] Epoch: [292/400][360/391] lr: 8.10e-05 | MSE loss: 1.3227e-06 | time: 0.160
I 06.17/11:08:17 solver.py:221 ] Epoch: [292/400][380/391] lr: 8.09e-05 | MSE loss: 1.3150e-06 | time: 0.160
I 06.17/11:08:19 solver.py:243 ] => Train  Loss: 1.3119e-06

I 06.17/11:08:19 solver.py:337 ] 
=! Best NMSE: -2.5395e+01 (epoch=290)

I 06.17/11:08:22 solver.py:221 ] Epoch: [293/400][20/391] lr: 8.09e-05 | MSE loss: 1.3234e-06 | time: 0.161
I 06.17/11:08:26 solver.py:221 ] Epoch: [293/400][40/391] lr: 8.09e-05 | MSE loss: 1.2583e-06 | time: 0.159
I 06.17/11:08:29 solver.py:221 ] Epoch: [293/400][60/391] lr: 8.08e-05 | MSE loss: 1.2335e-06 | time: 0.158
I 06.17/11:08:32 solver.py:221 ] Epoch: [293/400][80/391] lr: 8.08e-05 | MSE loss: 1.2213e-06 | time: 0.160
I 06.17/11:08:35 solver.py:221 ] Epoch: [293/400][100/391] lr: 8.08e-05 | MSE loss: 1.2151e-06 | time: 0.161
I 06.17/11:08:39 solver.py:221 ] Epoch: [293/400][120/391] lr: 8.08e-05 | MSE loss: 1.2651e-06 | time: 0.161
I 06.17/11:08:42 solver.py:221 ] Epoch: [293/400][140/391] lr: 8.07e-05 | MSE loss: 1.3008e-06 | time: 0.161
I 06.17/11:08:45 solver.py:221 ] Epoch: [293/400][160/391] lr: 8.07e-05 | MSE loss: 1.3068e-06 | time: 0.162
I 06.17/11:08:49 solver.py:221 ] Epoch: [293/400][180/391] lr: 8.07e-05 | MSE loss: 1.3085e-06 | time: 0.162
I 06.17/11:08:52 solver.py:221 ] Epoch: [293/400][200/391] lr: 8.06e-05 | MSE loss: 1.3057e-06 | time: 0.162
I 06.17/11:08:55 solver.py:221 ] Epoch: [293/400][220/391] lr: 8.06e-05 | MSE loss: 1.3201e-06 | time: 0.161
I 06.17/11:08:58 solver.py:221 ] Epoch: [293/400][240/391] lr: 8.06e-05 | MSE loss: 1.3119e-06 | time: 0.161
I 06.17/11:09:01 solver.py:221 ] Epoch: [293/400][260/391] lr: 8.06e-05 | MSE loss: 1.3057e-06 | time: 0.160
I 06.17/11:09:06 solver.py:221 ] Epoch: [293/400][280/391] lr: 8.05e-05 | MSE loss: 1.3044e-06 | time: 0.166
I 06.17/11:09:09 solver.py:221 ] Epoch: [293/400][300/391] lr: 8.05e-05 | MSE loss: 1.3119e-06 | time: 0.165
I 06.17/11:09:12 solver.py:221 ] Epoch: [293/400][320/391] lr: 8.05e-05 | MSE loss: 1.3148e-06 | time: 0.165
I 06.17/11:09:15 solver.py:221 ] Epoch: [293/400][340/391] lr: 8.05e-05 | MSE loss: 1.3283e-06 | time: 0.165
I 06.17/11:09:18 solver.py:221 ] Epoch: [293/400][360/391] lr: 8.04e-05 | MSE loss: 1.3289e-06 | time: 0.164
I 06.17/11:09:22 solver.py:221 ] Epoch: [293/400][380/391] lr: 8.04e-05 | MSE loss: 1.3402e-06 | time: 0.164
I 06.17/11:09:23 solver.py:243 ] => Train  Loss: 1.3434e-06

I 06.17/11:09:23 solver.py:337 ] 
=! Best NMSE: -2.5395e+01 (epoch=290)

I 06.17/11:09:27 solver.py:221 ] Epoch: [294/400][20/391] lr: 8.04e-05 | MSE loss: 1.2120e-06 | time: 0.161
I 06.17/11:09:30 solver.py:221 ] Epoch: [294/400][40/391] lr: 8.03e-05 | MSE loss: 1.2321e-06 | time: 0.160
I 06.17/11:09:33 solver.py:221 ] Epoch: [294/400][60/391] lr: 8.03e-05 | MSE loss: 1.3093e-06 | time: 0.158
I 06.17/11:09:37 solver.py:221 ] Epoch: [294/400][80/391] lr: 8.03e-05 | MSE loss: 1.2872e-06 | time: 0.161
I 06.17/11:09:40 solver.py:221 ] Epoch: [294/400][100/391] lr: 8.03e-05 | MSE loss: 1.3074e-06 | time: 0.163
I 06.17/11:09:43 solver.py:221 ] Epoch: [294/400][120/391] lr: 8.02e-05 | MSE loss: 1.3079e-06 | time: 0.163
I 06.17/11:09:46 solver.py:221 ] Epoch: [294/400][140/391] lr: 8.02e-05 | MSE loss: 1.2991e-06 | time: 0.162
I 06.17/11:09:50 solver.py:221 ] Epoch: [294/400][160/391] lr: 8.02e-05 | MSE loss: 1.3036e-06 | time: 0.161
I 06.17/11:09:53 solver.py:221 ] Epoch: [294/400][180/391] lr: 8.01e-05 | MSE loss: 1.3124e-06 | time: 0.162
I 06.17/11:09:56 solver.py:221 ] Epoch: [294/400][200/391] lr: 8.01e-05 | MSE loss: 1.3093e-06 | time: 0.161
I 06.17/11:09:59 solver.py:221 ] Epoch: [294/400][220/391] lr: 8.01e-05 | MSE loss: 1.3037e-06 | time: 0.161
I 06.17/11:10:02 solver.py:221 ] Epoch: [294/400][240/391] lr: 8.01e-05 | MSE loss: 1.3068e-06 | time: 0.162
I 06.17/11:10:06 solver.py:221 ] Epoch: [294/400][260/391] lr: 8.00e-05 | MSE loss: 1.3255e-06 | time: 0.163
I 06.17/11:10:09 solver.py:221 ] Epoch: [294/400][280/391] lr: 8.00e-05 | MSE loss: 1.3352e-06 | time: 0.163
I 06.17/11:10:13 solver.py:221 ] Epoch: [294/400][300/391] lr: 8.00e-05 | MSE loss: 1.3241e-06 | time: 0.163
I 06.17/11:10:16 solver.py:221 ] Epoch: [294/400][320/391] lr: 8.00e-05 | MSE loss: 1.3207e-06 | time: 0.163
I 06.17/11:10:19 solver.py:221 ] Epoch: [294/400][340/391] lr: 7.99e-05 | MSE loss: 1.3232e-06 | time: 0.163
I 06.17/11:10:22 solver.py:221 ] Epoch: [294/400][360/391] lr: 7.99e-05 | MSE loss: 1.3226e-06 | time: 0.163
I 06.17/11:10:26 solver.py:221 ] Epoch: [294/400][380/391] lr: 7.99e-05 | MSE loss: 1.3145e-06 | time: 0.163
I 06.17/11:10:28 solver.py:243 ] => Train  Loss: 1.3093e-06

I 06.17/11:10:28 solver.py:337 ] 
=! Best NMSE: -2.5395e+01 (epoch=290)

I 06.17/11:10:31 solver.py:221 ] Epoch: [295/400][20/391] lr: 7.98e-05 | MSE loss: 1.2433e-06 | time: 0.158
I 06.17/11:10:34 solver.py:221 ] Epoch: [295/400][40/391] lr: 7.98e-05 | MSE loss: 1.2524e-06 | time: 0.158
I 06.17/11:10:37 solver.py:221 ] Epoch: [295/400][60/391] lr: 7.98e-05 | MSE loss: 1.2673e-06 | time: 0.157
I 06.17/11:10:41 solver.py:221 ] Epoch: [295/400][80/391] lr: 7.98e-05 | MSE loss: 1.2802e-06 | time: 0.157
I 06.17/11:10:44 solver.py:221 ] Epoch: [295/400][100/391] lr: 7.97e-05 | MSE loss: 1.2697e-06 | time: 0.162
I 06.17/11:10:47 solver.py:221 ] Epoch: [295/400][120/391] lr: 7.97e-05 | MSE loss: 1.2679e-06 | time: 0.161
I 06.17/11:10:50 solver.py:221 ] Epoch: [295/400][140/391] lr: 7.97e-05 | MSE loss: 1.2777e-06 | time: 0.160
I 06.17/11:10:53 solver.py:221 ] Epoch: [295/400][160/391] lr: 7.97e-05 | MSE loss: 1.3019e-06 | time: 0.159
I 06.17/11:10:57 solver.py:221 ] Epoch: [295/400][180/391] lr: 7.96e-05 | MSE loss: 1.3019e-06 | time: 0.159
I 06.17/11:11:00 solver.py:221 ] Epoch: [295/400][200/391] lr: 7.96e-05 | MSE loss: 1.2982e-06 | time: 0.160
I 06.17/11:11:03 solver.py:221 ] Epoch: [295/400][220/391] lr: 7.96e-05 | MSE loss: 1.2906e-06 | time: 0.163
I 06.17/11:11:07 solver.py:221 ] Epoch: [295/400][240/391] lr: 7.95e-05 | MSE loss: 1.2816e-06 | time: 0.161
I 06.17/11:11:10 solver.py:221 ] Epoch: [295/400][260/391] lr: 7.95e-05 | MSE loss: 1.2896e-06 | time: 0.161
I 06.17/11:11:13 solver.py:221 ] Epoch: [295/400][280/391] lr: 7.95e-05 | MSE loss: 1.3077e-06 | time: 0.160
I 06.17/11:11:16 solver.py:221 ] Epoch: [295/400][300/391] lr: 7.95e-05 | MSE loss: 1.3064e-06 | time: 0.160
I 06.17/11:11:19 solver.py:221 ] Epoch: [295/400][320/391] lr: 7.94e-05 | MSE loss: 1.3089e-06 | time: 0.160
I 06.17/11:11:23 solver.py:221 ] Epoch: [295/400][340/391] lr: 7.94e-05 | MSE loss: 1.3134e-06 | time: 0.161
I 06.17/11:11:26 solver.py:221 ] Epoch: [295/400][360/391] lr: 7.94e-05 | MSE loss: 1.3054e-06 | time: 0.160
I 06.17/11:11:29 solver.py:221 ] Epoch: [295/400][380/391] lr: 7.94e-05 | MSE loss: 1.3066e-06 | time: 0.160
I 06.17/11:11:31 solver.py:243 ] => Train  Loss: 1.3141e-06

I 06.17/11:11:31 solver.py:337 ] 
=! Best NMSE: -2.5395e+01 (epoch=290)

I 06.17/11:11:34 solver.py:221 ] Epoch: [296/400][20/391] lr: 7.93e-05 | MSE loss: 1.3613e-06 | time: 0.141
I 06.17/11:11:37 solver.py:221 ] Epoch: [296/400][40/391] lr: 7.93e-05 | MSE loss: 1.3291e-06 | time: 0.151
I 06.17/11:11:41 solver.py:221 ] Epoch: [296/400][60/391] lr: 7.93e-05 | MSE loss: 1.3045e-06 | time: 0.158
I 06.17/11:11:44 solver.py:221 ] Epoch: [296/400][80/391] lr: 7.92e-05 | MSE loss: 1.2889e-06 | time: 0.158
I 06.17/11:11:47 solver.py:221 ] Epoch: [296/400][100/391] lr: 7.92e-05 | MSE loss: 1.2695e-06 | time: 0.158
I 06.17/11:11:50 solver.py:221 ] Epoch: [296/400][120/391] lr: 7.92e-05 | MSE loss: 1.2743e-06 | time: 0.158
I 06.17/11:11:53 solver.py:221 ] Epoch: [296/400][140/391] lr: 7.92e-05 | MSE loss: 1.2560e-06 | time: 0.158
I 06.17/11:11:56 solver.py:221 ] Epoch: [296/400][160/391] lr: 7.91e-05 | MSE loss: 1.2451e-06 | time: 0.158
I 06.17/11:12:00 solver.py:221 ] Epoch: [296/400][180/391] lr: 7.91e-05 | MSE loss: 1.2620e-06 | time: 0.159
I 06.17/11:12:06 solver.py:221 ] Epoch: [296/400][200/391] lr: 7.91e-05 | MSE loss: 1.2705e-06 | time: 0.173
I 06.17/11:12:09 solver.py:221 ] Epoch: [296/400][220/391] lr: 7.91e-05 | MSE loss: 1.2625e-06 | time: 0.171
I 06.17/11:12:12 solver.py:221 ] Epoch: [296/400][240/391] lr: 7.90e-05 | MSE loss: 1.2571e-06 | time: 0.170
I 06.17/11:12:15 solver.py:221 ] Epoch: [296/400][260/391] lr: 7.90e-05 | MSE loss: 1.2514e-06 | time: 0.169
I 06.17/11:12:18 solver.py:221 ] Epoch: [296/400][280/391] lr: 7.90e-05 | MSE loss: 1.2859e-06 | time: 0.168
I 06.17/11:12:21 solver.py:221 ] Epoch: [296/400][300/391] lr: 7.89e-05 | MSE loss: 1.2933e-06 | time: 0.167
I 06.17/11:12:25 solver.py:221 ] Epoch: [296/400][320/391] lr: 7.89e-05 | MSE loss: 1.2983e-06 | time: 0.167
I 06.17/11:12:28 solver.py:221 ] Epoch: [296/400][340/391] lr: 7.89e-05 | MSE loss: 1.2984e-06 | time: 0.167
I 06.17/11:12:31 solver.py:221 ] Epoch: [296/400][360/391] lr: 7.89e-05 | MSE loss: 1.2917e-06 | time: 0.167
I 06.17/11:12:34 solver.py:221 ] Epoch: [296/400][380/391] lr: 7.88e-05 | MSE loss: 1.2934e-06 | time: 0.166
I 06.17/11:12:36 solver.py:243 ] => Train  Loss: 1.2917e-06

I 06.17/11:12:36 solver.py:337 ] 
=! Best NMSE: -2.5395e+01 (epoch=290)

I 06.17/11:12:39 solver.py:221 ] Epoch: [297/400][20/391] lr: 7.88e-05 | MSE loss: 1.3395e-06 | time: 0.152
I 06.17/11:12:43 solver.py:221 ] Epoch: [297/400][40/391] lr: 7.88e-05 | MSE loss: 1.3218e-06 | time: 0.156
I 06.17/11:12:46 solver.py:221 ] Epoch: [297/400][60/391] lr: 7.87e-05 | MSE loss: 1.3172e-06 | time: 0.156
I 06.17/11:12:49 solver.py:221 ] Epoch: [297/400][80/391] lr: 7.87e-05 | MSE loss: 1.3080e-06 | time: 0.161
I 06.17/11:12:52 solver.py:221 ] Epoch: [297/400][100/391] lr: 7.87e-05 | MSE loss: 1.3279e-06 | time: 0.161
I 06.17/11:12:56 solver.py:221 ] Epoch: [297/400][120/391] lr: 7.87e-05 | MSE loss: 1.3482e-06 | time: 0.161
I 06.17/11:12:59 solver.py:221 ] Epoch: [297/400][140/391] lr: 7.86e-05 | MSE loss: 1.3329e-06 | time: 0.160
I 06.17/11:13:03 solver.py:221 ] Epoch: [297/400][160/391] lr: 7.86e-05 | MSE loss: 1.3264e-06 | time: 0.168
I 06.17/11:13:07 solver.py:221 ] Epoch: [297/400][180/391] lr: 7.86e-05 | MSE loss: 1.3275e-06 | time: 0.170
I 06.17/11:13:10 solver.py:221 ] Epoch: [297/400][200/391] lr: 7.86e-05 | MSE loss: 1.3295e-06 | time: 0.169
I 06.17/11:13:13 solver.py:221 ] Epoch: [297/400][220/391] lr: 7.85e-05 | MSE loss: 1.3255e-06 | time: 0.167
I 06.17/11:13:16 solver.py:221 ] Epoch: [297/400][240/391] lr: 7.85e-05 | MSE loss: 1.3160e-06 | time: 0.167
I 06.17/11:13:20 solver.py:221 ] Epoch: [297/400][260/391] lr: 7.85e-05 | MSE loss: 1.3200e-06 | time: 0.166
I 06.17/11:13:23 solver.py:221 ] Epoch: [297/400][280/391] lr: 7.85e-05 | MSE loss: 1.3232e-06 | time: 0.167
I 06.17/11:13:26 solver.py:221 ] Epoch: [297/400][300/391] lr: 7.84e-05 | MSE loss: 1.3266e-06 | time: 0.167
I 06.17/11:13:30 solver.py:221 ] Epoch: [297/400][320/391] lr: 7.84e-05 | MSE loss: 1.3237e-06 | time: 0.166
I 06.17/11:13:33 solver.py:221 ] Epoch: [297/400][340/391] lr: 7.84e-05 | MSE loss: 1.3158e-06 | time: 0.166
I 06.17/11:13:36 solver.py:221 ] Epoch: [297/400][360/391] lr: 7.84e-05 | MSE loss: 1.3101e-06 | time: 0.165
I 06.17/11:13:39 solver.py:221 ] Epoch: [297/400][380/391] lr: 7.83e-05 | MSE loss: 1.3064e-06 | time: 0.165
I 06.17/11:13:41 solver.py:243 ] => Train  Loss: 1.3054e-06

I 06.17/11:13:41 solver.py:337 ] 
=! Best NMSE: -2.5395e+01 (epoch=290)

I 06.17/11:13:44 solver.py:221 ] Epoch: [298/400][20/391] lr: 7.83e-05 | MSE loss: 1.3989e-06 | time: 0.145
I 06.17/11:13:48 solver.py:221 ] Epoch: [298/400][40/391] lr: 7.83e-05 | MSE loss: 1.3172e-06 | time: 0.157
I 06.17/11:13:51 solver.py:221 ] Epoch: [298/400][60/391] lr: 7.82e-05 | MSE loss: 1.2603e-06 | time: 0.157
I 06.17/11:13:54 solver.py:221 ] Epoch: [298/400][80/391] lr: 7.82e-05 | MSE loss: 1.2263e-06 | time: 0.157
I 06.17/11:13:57 solver.py:221 ] Epoch: [298/400][100/391] lr: 7.82e-05 | MSE loss: 1.2283e-06 | time: 0.158
I 06.17/11:14:00 solver.py:221 ] Epoch: [298/400][120/391] lr: 7.82e-05 | MSE loss: 1.2290e-06 | time: 0.158
I 06.17/11:14:04 solver.py:221 ] Epoch: [298/400][140/391] lr: 7.81e-05 | MSE loss: 1.2232e-06 | time: 0.166
I 06.17/11:14:08 solver.py:221 ] Epoch: [298/400][160/391] lr: 7.81e-05 | MSE loss: 1.2228e-06 | time: 0.164
I 06.17/11:14:11 solver.py:221 ] Epoch: [298/400][180/391] lr: 7.81e-05 | MSE loss: 1.2901e-06 | time: 0.164
I 06.17/11:14:14 solver.py:221 ] Epoch: [298/400][200/391] lr: 7.80e-05 | MSE loss: 1.3235e-06 | time: 0.163
I 06.17/11:14:17 solver.py:221 ] Epoch: [298/400][220/391] lr: 7.80e-05 | MSE loss: 1.3292e-06 | time: 0.164
I 06.17/11:14:20 solver.py:221 ] Epoch: [298/400][240/391] lr: 7.80e-05 | MSE loss: 1.3240e-06 | time: 0.163
I 06.17/11:14:24 solver.py:221 ] Epoch: [298/400][260/391] lr: 7.80e-05 | MSE loss: 1.3192e-06 | time: 0.162
I 06.17/11:14:27 solver.py:221 ] Epoch: [298/400][280/391] lr: 7.79e-05 | MSE loss: 1.3137e-06 | time: 0.162
I 06.17/11:14:30 solver.py:221 ] Epoch: [298/400][300/391] lr: 7.79e-05 | MSE loss: 1.3157e-06 | time: 0.161
I 06.17/11:14:33 solver.py:221 ] Epoch: [298/400][320/391] lr: 7.79e-05 | MSE loss: 1.3111e-06 | time: 0.161
I 06.17/11:14:36 solver.py:221 ] Epoch: [298/400][340/391] lr: 7.79e-05 | MSE loss: 1.3116e-06 | time: 0.161
I 06.17/11:14:39 solver.py:221 ] Epoch: [298/400][360/391] lr: 7.78e-05 | MSE loss: 1.3099e-06 | time: 0.161
I 06.17/11:14:43 solver.py:221 ] Epoch: [298/400][380/391] lr: 7.78e-05 | MSE loss: 1.3242e-06 | time: 0.161
I 06.17/11:14:44 solver.py:243 ] => Train  Loss: 1.3279e-06

I 06.17/11:14:44 solver.py:337 ] 
=! Best NMSE: -2.5395e+01 (epoch=290)

I 06.17/11:14:48 solver.py:221 ] Epoch: [299/400][20/391] lr: 7.78e-05 | MSE loss: 1.1630e-06 | time: 0.165
I 06.17/11:14:51 solver.py:221 ] Epoch: [299/400][40/391] lr: 7.77e-05 | MSE loss: 1.2053e-06 | time: 0.162
I 06.17/11:14:54 solver.py:221 ] Epoch: [299/400][60/391] lr: 7.77e-05 | MSE loss: 1.2011e-06 | time: 0.160
I 06.17/11:14:57 solver.py:221 ] Epoch: [299/400][80/391] lr: 7.77e-05 | MSE loss: 1.1882e-06 | time: 0.159
I 06.17/11:15:01 solver.py:221 ] Epoch: [299/400][100/391] lr: 7.77e-05 | MSE loss: 1.2120e-06 | time: 0.163
I 06.17/11:15:05 solver.py:221 ] Epoch: [299/400][120/391] lr: 7.76e-05 | MSE loss: 1.2402e-06 | time: 0.171
I 06.17/11:15:08 solver.py:221 ] Epoch: [299/400][140/391] lr: 7.76e-05 | MSE loss: 1.2433e-06 | time: 0.167
I 06.17/11:15:11 solver.py:221 ] Epoch: [299/400][160/391] lr: 7.76e-05 | MSE loss: 1.2586e-06 | time: 0.166
I 06.17/11:15:14 solver.py:221 ] Epoch: [299/400][180/391] lr: 7.76e-05 | MSE loss: 1.2549e-06 | time: 0.165
I 06.17/11:15:18 solver.py:221 ] Epoch: [299/400][200/391] lr: 7.75e-05 | MSE loss: 1.2575e-06 | time: 0.164
I 06.17/11:15:21 solver.py:221 ] Epoch: [299/400][220/391] lr: 7.75e-05 | MSE loss: 1.2648e-06 | time: 0.166
I 06.17/11:15:24 solver.py:221 ] Epoch: [299/400][240/391] lr: 7.75e-05 | MSE loss: 1.2596e-06 | time: 0.165
I 06.17/11:15:27 solver.py:221 ] Epoch: [299/400][260/391] lr: 7.75e-05 | MSE loss: 1.2600e-06 | time: 0.164
I 06.17/11:15:31 solver.py:221 ] Epoch: [299/400][280/391] lr: 7.74e-05 | MSE loss: 1.2627e-06 | time: 0.164
I 06.17/11:15:34 solver.py:221 ] Epoch: [299/400][300/391] lr: 7.74e-05 | MSE loss: 1.2606e-06 | time: 0.164
I 06.17/11:15:37 solver.py:221 ] Epoch: [299/400][320/391] lr: 7.74e-05 | MSE loss: 1.2586e-06 | time: 0.164
I 06.17/11:15:40 solver.py:221 ] Epoch: [299/400][340/391] lr: 7.74e-05 | MSE loss: 1.2648e-06 | time: 0.163
I 06.17/11:15:43 solver.py:221 ] Epoch: [299/400][360/391] lr: 7.73e-05 | MSE loss: 1.2819e-06 | time: 0.163
I 06.17/11:15:46 solver.py:221 ] Epoch: [299/400][380/391] lr: 7.73e-05 | MSE loss: 1.2936e-06 | time: 0.163
I 06.17/11:15:48 solver.py:243 ] => Train  Loss: 1.3015e-06

I 06.17/11:15:48 solver.py:337 ] 
=! Best NMSE: -2.5395e+01 (epoch=290)

I 06.17/11:15:52 solver.py:221 ] Epoch: [300/400][20/391] lr: 7.73e-05 | MSE loss: 1.3121e-06 | time: 0.145
I 06.17/11:15:55 solver.py:221 ] Epoch: [300/400][40/391] lr: 7.72e-05 | MSE loss: 1.2584e-06 | time: 0.154
I 06.17/11:15:58 solver.py:221 ] Epoch: [300/400][60/391] lr: 7.72e-05 | MSE loss: 1.2551e-06 | time: 0.154
I 06.17/11:16:01 solver.py:221 ] Epoch: [300/400][80/391] lr: 7.72e-05 | MSE loss: 1.2595e-06 | time: 0.154
I 06.17/11:16:05 solver.py:221 ] Epoch: [300/400][100/391] lr: 7.72e-05 | MSE loss: 1.2687e-06 | time: 0.167
I 06.17/11:16:09 solver.py:221 ] Epoch: [300/400][120/391] lr: 7.71e-05 | MSE loss: 1.3033e-06 | time: 0.165
I 06.17/11:16:12 solver.py:221 ] Epoch: [300/400][140/391] lr: 7.71e-05 | MSE loss: 1.3061e-06 | time: 0.165
I 06.17/11:16:15 solver.py:221 ] Epoch: [300/400][160/391] lr: 7.71e-05 | MSE loss: 1.2912e-06 | time: 0.164
I 06.17/11:16:18 solver.py:221 ] Epoch: [300/400][180/391] lr: 7.71e-05 | MSE loss: 1.2951e-06 | time: 0.163
I 06.17/11:16:21 solver.py:221 ] Epoch: [300/400][200/391] lr: 7.70e-05 | MSE loss: 1.2878e-06 | time: 0.162
I 06.17/11:16:24 solver.py:221 ] Epoch: [300/400][220/391] lr: 7.70e-05 | MSE loss: 1.2733e-06 | time: 0.162
I 06.17/11:16:27 solver.py:221 ] Epoch: [300/400][240/391] lr: 7.70e-05 | MSE loss: 1.2558e-06 | time: 0.161
I 06.17/11:16:31 solver.py:221 ] Epoch: [300/400][260/391] lr: 7.70e-05 | MSE loss: 1.2558e-06 | time: 0.162
I 06.17/11:16:34 solver.py:221 ] Epoch: [300/400][280/391] lr: 7.69e-05 | MSE loss: 1.2532e-06 | time: 0.162
I 06.17/11:16:37 solver.py:221 ] Epoch: [300/400][300/391] lr: 7.69e-05 | MSE loss: 1.2512e-06 | time: 0.162
I 06.17/11:16:40 solver.py:221 ] Epoch: [300/400][320/391] lr: 7.69e-05 | MSE loss: 1.2560e-06 | time: 0.162
I 06.17/11:16:44 solver.py:221 ] Epoch: [300/400][340/391] lr: 7.69e-05 | MSE loss: 1.2572e-06 | time: 0.162
I 06.17/11:16:47 solver.py:221 ] Epoch: [300/400][360/391] lr: 7.68e-05 | MSE loss: 1.2500e-06 | time: 0.161
I 06.17/11:16:50 solver.py:221 ] Epoch: [300/400][380/391] lr: 7.68e-05 | MSE loss: 1.2526e-06 | time: 0.161
I 06.17/11:16:51 solver.py:243 ] => Train  Loss: 1.2522e-06

I 06.17/11:16:53 solver.py:221 ] Epoch: [300/400][20/118] lr: 7.68e-05 | MSE loss: 1.6877e-06 | time: 0.059
I 06.17/11:16:54 solver.py:221 ] Epoch: [300/400][40/118] lr: 7.68e-05 | MSE loss: 1.6755e-06 | time: 0.061
I 06.17/11:16:55 solver.py:221 ] Epoch: [300/400][60/118] lr: 7.68e-05 | MSE loss: 1.6946e-06 | time: 0.061
I 06.17/11:16:57 solver.py:221 ] Epoch: [300/400][80/118] lr: 7.68e-05 | MSE loss: 1.6958e-06 | time: 0.062
I 06.17/11:16:58 solver.py:221 ] Epoch: [300/400][100/118] lr: 7.68e-05 | MSE loss: 1.6937e-06 | time: 0.063
I 06.17/11:16:59 solver.py:243 ] => Val  Loss: 1.6926e-06

I 06.17/11:17:00 solver.py:471 ] [20/79] loss: 1.7376e-06 | NMSE: -2.4153e+01 | time: 0.063
I 06.17/11:17:04 solver.py:471 ] [40/79] loss: 1.7104e-06 | NMSE: -2.4224e+01 | time: 0.121
I 06.17/11:17:06 solver.py:471 ] [60/79] loss: 1.7078e-06 | NMSE: -2.4221e+01 | time: 0.116
I 06.17/11:17:07 solver.py:476 ] => Test NMSE: -2.4233e+01

I 06.17/11:17:07 solver.py:337 ] 
=! Best NMSE: -2.5395e+01 (epoch=290)

I 06.17/11:17:10 solver.py:221 ] Epoch: [301/400][20/391] lr: 7.68e-05 | MSE loss: 1.1659e-06 | time: 0.150
I 06.17/11:17:13 solver.py:221 ] Epoch: [301/400][40/391] lr: 7.67e-05 | MSE loss: 1.2301e-06 | time: 0.156
I 06.17/11:17:17 solver.py:221 ] Epoch: [301/400][60/391] lr: 7.67e-05 | MSE loss: 1.2885e-06 | time: 0.156
I 06.17/11:17:20 solver.py:221 ] Epoch: [301/400][80/391] lr: 7.67e-05 | MSE loss: 1.3102e-06 | time: 0.157
I 06.17/11:17:23 solver.py:221 ] Epoch: [301/400][100/391] lr: 7.67e-05 | MSE loss: 1.3049e-06 | time: 0.159
I 06.17/11:17:26 solver.py:221 ] Epoch: [301/400][120/391] lr: 7.66e-05 | MSE loss: 1.2902e-06 | time: 0.159
I 06.17/11:17:30 solver.py:221 ] Epoch: [301/400][140/391] lr: 7.66e-05 | MSE loss: 1.2863e-06 | time: 0.160
I 06.17/11:17:33 solver.py:221 ] Epoch: [301/400][160/391] lr: 7.66e-05 | MSE loss: 1.2875e-06 | time: 0.159
I 06.17/11:17:36 solver.py:221 ] Epoch: [301/400][180/391] lr: 7.66e-05 | MSE loss: 1.2838e-06 | time: 0.159
I 06.17/11:17:39 solver.py:221 ] Epoch: [301/400][200/391] lr: 7.65e-05 | MSE loss: 1.2843e-06 | time: 0.159
I 06.17/11:17:42 solver.py:221 ] Epoch: [301/400][220/391] lr: 7.65e-05 | MSE loss: 1.2790e-06 | time: 0.160
I 06.17/11:17:46 solver.py:221 ] Epoch: [301/400][240/391] lr: 7.65e-05 | MSE loss: 1.2777e-06 | time: 0.160
I 06.17/11:17:49 solver.py:221 ] Epoch: [301/400][260/391] lr: 7.65e-05 | MSE loss: 1.2726e-06 | time: 0.160
I 06.17/11:17:52 solver.py:221 ] Epoch: [301/400][280/391] lr: 7.64e-05 | MSE loss: 1.2819e-06 | time: 0.159
I 06.17/11:17:55 solver.py:221 ] Epoch: [301/400][300/391] lr: 7.64e-05 | MSE loss: 1.2815e-06 | time: 0.159
I 06.17/11:17:58 solver.py:221 ] Epoch: [301/400][320/391] lr: 7.64e-05 | MSE loss: 1.2797e-06 | time: 0.159
I 06.17/11:18:01 solver.py:221 ] Epoch: [301/400][340/391] lr: 7.64e-05 | MSE loss: 1.2768e-06 | time: 0.158
I 06.17/11:18:06 solver.py:221 ] Epoch: [301/400][360/391] lr: 7.63e-05 | MSE loss: 1.2816e-06 | time: 0.162
I 06.17/11:18:09 solver.py:221 ] Epoch: [301/400][380/391] lr: 7.63e-05 | MSE loss: 1.2840e-06 | time: 0.162
I 06.17/11:18:10 solver.py:243 ] => Train  Loss: 1.2850e-06

I 06.17/11:18:10 solver.py:337 ] 
=! Best NMSE: -2.5395e+01 (epoch=290)

I 06.17/11:18:14 solver.py:221 ] Epoch: [302/400][20/391] lr: 7.63e-05 | MSE loss: 1.1729e-06 | time: 0.155
I 06.17/11:18:17 solver.py:221 ] Epoch: [302/400][40/391] lr: 7.62e-05 | MSE loss: 1.1982e-06 | time: 0.156
I 06.17/11:18:20 solver.py:221 ] Epoch: [302/400][60/391] lr: 7.62e-05 | MSE loss: 1.1815e-06 | time: 0.154
I 06.17/11:18:23 solver.py:221 ] Epoch: [302/400][80/391] lr: 7.62e-05 | MSE loss: 1.2076e-06 | time: 0.155
I 06.17/11:18:26 solver.py:221 ] Epoch: [302/400][100/391] lr: 7.62e-05 | MSE loss: 1.1942e-06 | time: 0.155
I 06.17/11:18:29 solver.py:221 ] Epoch: [302/400][120/391] lr: 7.61e-05 | MSE loss: 1.2152e-06 | time: 0.155
I 06.17/11:18:33 solver.py:221 ] Epoch: [302/400][140/391] lr: 7.61e-05 | MSE loss: 1.2230e-06 | time: 0.156
I 06.17/11:18:36 solver.py:221 ] Epoch: [302/400][160/391] lr: 7.61e-05 | MSE loss: 1.2382e-06 | time: 0.156
I 06.17/11:18:39 solver.py:221 ] Epoch: [302/400][180/391] lr: 7.61e-05 | MSE loss: 1.2425e-06 | time: 0.156
I 06.17/11:18:42 solver.py:221 ] Epoch: [302/400][200/391] lr: 7.60e-05 | MSE loss: 1.2755e-06 | time: 0.157
I 06.17/11:18:45 solver.py:221 ] Epoch: [302/400][220/391] lr: 7.60e-05 | MSE loss: 1.2886e-06 | time: 0.157
I 06.17/11:18:49 solver.py:221 ] Epoch: [302/400][240/391] lr: 7.60e-05 | MSE loss: 1.2771e-06 | time: 0.158
I 06.17/11:18:52 solver.py:221 ] Epoch: [302/400][260/391] lr: 7.60e-05 | MSE loss: 1.2691e-06 | time: 0.158
I 06.17/11:18:55 solver.py:221 ] Epoch: [302/400][280/391] lr: 7.59e-05 | MSE loss: 1.2649e-06 | time: 0.158
I 06.17/11:18:58 solver.py:221 ] Epoch: [302/400][300/391] lr: 7.59e-05 | MSE loss: 1.2603e-06 | time: 0.157
I 06.17/11:19:01 solver.py:221 ] Epoch: [302/400][320/391] lr: 7.59e-05 | MSE loss: 1.2591e-06 | time: 0.157
I 06.17/11:19:05 solver.py:221 ] Epoch: [302/400][340/391] lr: 7.59e-05 | MSE loss: 1.2789e-06 | time: 0.160
I 06.17/11:19:08 solver.py:221 ] Epoch: [302/400][360/391] lr: 7.58e-05 | MSE loss: 1.2735e-06 | time: 0.160
I 06.17/11:19:11 solver.py:221 ] Epoch: [302/400][380/391] lr: 7.58e-05 | MSE loss: 1.2702e-06 | time: 0.159
I 06.17/11:19:13 solver.py:243 ] => Train  Loss: 1.2693e-06

I 06.17/11:19:13 solver.py:337 ] 
=! Best NMSE: -2.5395e+01 (epoch=290)

I 06.17/11:19:17 solver.py:221 ] Epoch: [303/400][20/391] lr: 7.58e-05 | MSE loss: 1.3222e-06 | time: 0.162
I 06.17/11:19:20 solver.py:221 ] Epoch: [303/400][40/391] lr: 7.57e-05 | MSE loss: 1.2718e-06 | time: 0.159
I 06.17/11:19:23 solver.py:221 ] Epoch: [303/400][60/391] lr: 7.57e-05 | MSE loss: 1.2296e-06 | time: 0.158
I 06.17/11:19:26 solver.py:221 ] Epoch: [303/400][80/391] lr: 7.57e-05 | MSE loss: 1.2090e-06 | time: 0.157
I 06.17/11:19:29 solver.py:221 ] Epoch: [303/400][100/391] lr: 7.57e-05 | MSE loss: 1.1957e-06 | time: 0.157
I 06.17/11:19:32 solver.py:221 ] Epoch: [303/400][120/391] lr: 7.56e-05 | MSE loss: 1.2030e-06 | time: 0.157
I 06.17/11:19:35 solver.py:221 ] Epoch: [303/400][140/391] lr: 7.56e-05 | MSE loss: 1.2096e-06 | time: 0.158
I 06.17/11:19:39 solver.py:221 ] Epoch: [303/400][160/391] lr: 7.56e-05 | MSE loss: 1.2169e-06 | time: 0.158
I 06.17/11:19:42 solver.py:221 ] Epoch: [303/400][180/391] lr: 7.56e-05 | MSE loss: 1.2165e-06 | time: 0.158
I 06.17/11:19:45 solver.py:221 ] Epoch: [303/400][200/391] lr: 7.55e-05 | MSE loss: 1.2270e-06 | time: 0.158
I 06.17/11:19:48 solver.py:221 ] Epoch: [303/400][220/391] lr: 7.55e-05 | MSE loss: 1.2346e-06 | time: 0.158
I 06.17/11:19:51 solver.py:221 ] Epoch: [303/400][240/391] lr: 7.55e-05 | MSE loss: 1.2342e-06 | time: 0.159
I 06.17/11:19:55 solver.py:221 ] Epoch: [303/400][260/391] lr: 7.55e-05 | MSE loss: 1.2401e-06 | time: 0.159
I 06.17/11:19:58 solver.py:221 ] Epoch: [303/400][280/391] lr: 7.54e-05 | MSE loss: 1.2386e-06 | time: 0.159
I 06.17/11:20:01 solver.py:221 ] Epoch: [303/400][300/391] lr: 7.54e-05 | MSE loss: 1.2350e-06 | time: 0.159
I 06.17/11:20:05 solver.py:221 ] Epoch: [303/400][320/391] lr: 7.54e-05 | MSE loss: 1.2433e-06 | time: 0.163
I 06.17/11:20:09 solver.py:221 ] Epoch: [303/400][340/391] lr: 7.54e-05 | MSE loss: 1.2393e-06 | time: 0.162
I 06.17/11:20:12 solver.py:221 ] Epoch: [303/400][360/391] lr: 7.53e-05 | MSE loss: 1.2334e-06 | time: 0.163
I 06.17/11:20:15 solver.py:221 ] Epoch: [303/400][380/391] lr: 7.53e-05 | MSE loss: 1.2288e-06 | time: 0.162
I 06.17/11:20:17 solver.py:243 ] => Train  Loss: 1.2349e-06

I 06.17/11:20:17 solver.py:337 ] 
=! Best NMSE: -2.5395e+01 (epoch=290)

I 06.17/11:20:20 solver.py:221 ] Epoch: [304/400][20/391] lr: 7.53e-05 | MSE loss: 1.1415e-06 | time: 0.143
I 06.17/11:20:23 solver.py:221 ] Epoch: [304/400][40/391] lr: 7.53e-05 | MSE loss: 1.1952e-06 | time: 0.156
I 06.17/11:20:27 solver.py:221 ] Epoch: [304/400][60/391] lr: 7.52e-05 | MSE loss: 1.2829e-06 | time: 0.157
I 06.17/11:20:30 solver.py:221 ] Epoch: [304/400][80/391] lr: 7.52e-05 | MSE loss: 1.3403e-06 | time: 0.160
I 06.17/11:20:33 solver.py:221 ] Epoch: [304/400][100/391] lr: 7.52e-05 | MSE loss: 1.2946e-06 | time: 0.162
I 06.17/11:20:37 solver.py:221 ] Epoch: [304/400][120/391] lr: 7.52e-05 | MSE loss: 1.2703e-06 | time: 0.162
I 06.17/11:20:40 solver.py:221 ] Epoch: [304/400][140/391] lr: 7.51e-05 | MSE loss: 1.2670e-06 | time: 0.161
I 06.17/11:20:43 solver.py:221 ] Epoch: [304/400][160/391] lr: 7.51e-05 | MSE loss: 1.2682e-06 | time: 0.161
I 06.17/11:20:46 solver.py:221 ] Epoch: [304/400][180/391] lr: 7.51e-05 | MSE loss: 1.2712e-06 | time: 0.162
I 06.17/11:20:50 solver.py:221 ] Epoch: [304/400][200/391] lr: 7.51e-05 | MSE loss: 1.2870e-06 | time: 0.162
I 06.17/11:20:53 solver.py:221 ] Epoch: [304/400][220/391] lr: 7.50e-05 | MSE loss: 1.2756e-06 | time: 0.162
I 06.17/11:20:56 solver.py:221 ] Epoch: [304/400][240/391] lr: 7.50e-05 | MSE loss: 1.2766e-06 | time: 0.163
I 06.17/11:20:59 solver.py:221 ] Epoch: [304/400][260/391] lr: 7.50e-05 | MSE loss: 1.2732e-06 | time: 0.162
I 06.17/11:21:04 solver.py:221 ] Epoch: [304/400][280/391] lr: 7.50e-05 | MSE loss: 1.2729e-06 | time: 0.169
I 06.17/11:21:08 solver.py:221 ] Epoch: [304/400][300/391] lr: 7.49e-05 | MSE loss: 1.2679e-06 | time: 0.168
I 06.17/11:21:11 solver.py:221 ] Epoch: [304/400][320/391] lr: 7.49e-05 | MSE loss: 1.2844e-06 | time: 0.167
I 06.17/11:21:14 solver.py:221 ] Epoch: [304/400][340/391] lr: 7.49e-05 | MSE loss: 1.2913e-06 | time: 0.167
I 06.17/11:21:17 solver.py:221 ] Epoch: [304/400][360/391] lr: 7.49e-05 | MSE loss: 1.2982e-06 | time: 0.167
I 06.17/11:21:21 solver.py:221 ] Epoch: [304/400][380/391] lr: 7.48e-05 | MSE loss: 1.2919e-06 | time: 0.167
I 06.17/11:21:23 solver.py:243 ] => Train  Loss: 1.2917e-06

I 06.17/11:21:23 solver.py:337 ] 
=! Best NMSE: -2.5395e+01 (epoch=290)

I 06.17/11:21:26 solver.py:221 ] Epoch: [305/400][20/391] lr: 7.48e-05 | MSE loss: 1.3315e-06 | time: 0.146
I 06.17/11:21:29 solver.py:221 ] Epoch: [305/400][40/391] lr: 7.48e-05 | MSE loss: 1.2343e-06 | time: 0.152
I 06.17/11:21:32 solver.py:221 ] Epoch: [305/400][60/391] lr: 7.47e-05 | MSE loss: 1.2328e-06 | time: 0.153
I 06.17/11:21:35 solver.py:221 ] Epoch: [305/400][80/391] lr: 7.47e-05 | MSE loss: 1.2462e-06 | time: 0.155
I 06.17/11:21:39 solver.py:221 ] Epoch: [305/400][100/391] lr: 7.47e-05 | MSE loss: 1.2572e-06 | time: 0.158
I 06.17/11:21:42 solver.py:221 ] Epoch: [305/400][120/391] lr: 7.47e-05 | MSE loss: 1.2537e-06 | time: 0.159
I 06.17/11:21:45 solver.py:221 ] Epoch: [305/400][140/391] lr: 7.46e-05 | MSE loss: 1.2559e-06 | time: 0.160
I 06.17/11:21:49 solver.py:221 ] Epoch: [305/400][160/391] lr: 7.46e-05 | MSE loss: 1.2458e-06 | time: 0.161
I 06.17/11:21:52 solver.py:221 ] Epoch: [305/400][180/391] lr: 7.46e-05 | MSE loss: 1.2432e-06 | time: 0.161
I 06.17/11:21:55 solver.py:221 ] Epoch: [305/400][200/391] lr: 7.46e-05 | MSE loss: 1.2424e-06 | time: 0.160
I 06.17/11:21:58 solver.py:221 ] Epoch: [305/400][220/391] lr: 7.45e-05 | MSE loss: 1.2374e-06 | time: 0.160
I 06.17/11:22:01 solver.py:221 ] Epoch: [305/400][240/391] lr: 7.45e-05 | MSE loss: 1.2331e-06 | time: 0.160
I 06.17/11:22:06 solver.py:221 ] Epoch: [305/400][260/391] lr: 7.45e-05 | MSE loss: 1.2590e-06 | time: 0.165
I 06.17/11:22:09 solver.py:221 ] Epoch: [305/400][280/391] lr: 7.45e-05 | MSE loss: 1.2568e-06 | time: 0.164
I 06.17/11:22:12 solver.py:221 ] Epoch: [305/400][300/391] lr: 7.44e-05 | MSE loss: 1.2669e-06 | time: 0.164
I 06.17/11:22:15 solver.py:221 ] Epoch: [305/400][320/391] lr: 7.44e-05 | MSE loss: 1.2613e-06 | time: 0.163
I 06.17/11:22:18 solver.py:221 ] Epoch: [305/400][340/391] lr: 7.44e-05 | MSE loss: 1.2656e-06 | time: 0.163
I 06.17/11:22:22 solver.py:221 ] Epoch: [305/400][360/391] lr: 7.44e-05 | MSE loss: 1.2647e-06 | time: 0.163
I 06.17/11:22:25 solver.py:221 ] Epoch: [305/400][380/391] lr: 7.43e-05 | MSE loss: 1.2622e-06 | time: 0.164
I 06.17/11:22:27 solver.py:243 ] => Train  Loss: 1.2579e-06

I 06.17/11:22:27 solver.py:337 ] 
=! Best NMSE: -2.5395e+01 (epoch=290)

I 06.17/11:22:31 solver.py:221 ] Epoch: [306/400][20/391] lr: 7.43e-05 | MSE loss: 1.1458e-06 | time: 0.155
I 06.17/11:22:34 solver.py:221 ] Epoch: [306/400][40/391] lr: 7.43e-05 | MSE loss: 1.2112e-06 | time: 0.164
I 06.17/11:22:37 solver.py:221 ] Epoch: [306/400][60/391] lr: 7.43e-05 | MSE loss: 1.2556e-06 | time: 0.161
I 06.17/11:22:40 solver.py:221 ] Epoch: [306/400][80/391] lr: 7.42e-05 | MSE loss: 1.2495e-06 | time: 0.160
I 06.17/11:22:43 solver.py:221 ] Epoch: [306/400][100/391] lr: 7.42e-05 | MSE loss: 1.2426e-06 | time: 0.159
I 06.17/11:22:46 solver.py:221 ] Epoch: [306/400][120/391] lr: 7.42e-05 | MSE loss: 1.2350e-06 | time: 0.158
I 06.17/11:22:50 solver.py:221 ] Epoch: [306/400][140/391] lr: 7.42e-05 | MSE loss: 1.2528e-06 | time: 0.159
I 06.17/11:22:52 solver.py:221 ] Epoch: [306/400][160/391] lr: 7.41e-05 | MSE loss: 1.2803e-06 | time: 0.155
I 06.17/11:22:56 solver.py:221 ] Epoch: [306/400][180/391] lr: 7.41e-05 | MSE loss: 1.2686e-06 | time: 0.156
I 06.17/11:22:59 solver.py:221 ] Epoch: [306/400][200/391] lr: 7.41e-05 | MSE loss: 1.2605e-06 | time: 0.156
I 06.17/11:23:03 solver.py:221 ] Epoch: [306/400][220/391] lr: 7.41e-05 | MSE loss: 1.2569e-06 | time: 0.161
I 06.17/11:23:07 solver.py:221 ] Epoch: [306/400][240/391] lr: 7.40e-05 | MSE loss: 1.2618e-06 | time: 0.163
I 06.17/11:23:10 solver.py:221 ] Epoch: [306/400][260/391] lr: 7.40e-05 | MSE loss: 1.2621e-06 | time: 0.164
I 06.17/11:23:13 solver.py:221 ] Epoch: [306/400][280/391] lr: 7.40e-05 | MSE loss: 1.2562e-06 | time: 0.163
I 06.17/11:23:17 solver.py:221 ] Epoch: [306/400][300/391] lr: 7.40e-05 | MSE loss: 1.2549e-06 | time: 0.164
I 06.17/11:23:20 solver.py:221 ] Epoch: [306/400][320/391] lr: 7.39e-05 | MSE loss: 1.2615e-06 | time: 0.163
I 06.17/11:23:23 solver.py:221 ] Epoch: [306/400][340/391] lr: 7.39e-05 | MSE loss: 1.2633e-06 | time: 0.163
I 06.17/11:23:26 solver.py:221 ] Epoch: [306/400][360/391] lr: 7.39e-05 | MSE loss: 1.2666e-06 | time: 0.163
I 06.17/11:23:29 solver.py:221 ] Epoch: [306/400][380/391] lr: 7.39e-05 | MSE loss: 1.2812e-06 | time: 0.162
I 06.17/11:23:31 solver.py:243 ] => Train  Loss: 1.2822e-06

I 06.17/11:23:31 solver.py:337 ] 
=! Best NMSE: -2.5395e+01 (epoch=290)

I 06.17/11:23:34 solver.py:221 ] Epoch: [307/400][20/391] lr: 7.38e-05 | MSE loss: 1.1883e-06 | time: 0.147
I 06.17/11:23:37 solver.py:221 ] Epoch: [307/400][40/391] lr: 7.38e-05 | MSE loss: 1.1971e-06 | time: 0.151
I 06.17/11:23:40 solver.py:221 ] Epoch: [307/400][60/391] lr: 7.38e-05 | MSE loss: 1.1834e-06 | time: 0.153
I 06.17/11:23:44 solver.py:221 ] Epoch: [307/400][80/391] lr: 7.38e-05 | MSE loss: 1.1658e-06 | time: 0.155
I 06.17/11:23:47 solver.py:221 ] Epoch: [307/400][100/391] lr: 7.37e-05 | MSE loss: 1.1724e-06 | time: 0.156
I 06.17/11:23:50 solver.py:221 ] Epoch: [307/400][120/391] lr: 7.37e-05 | MSE loss: 1.1685e-06 | time: 0.157
I 06.17/11:23:53 solver.py:221 ] Epoch: [307/400][140/391] lr: 7.37e-05 | MSE loss: 1.1614e-06 | time: 0.159
I 06.17/11:23:57 solver.py:221 ] Epoch: [307/400][160/391] lr: 7.37e-05 | MSE loss: 1.1604e-06 | time: 0.159
I 06.17/11:24:00 solver.py:221 ] Epoch: [307/400][180/391] lr: 7.36e-05 | MSE loss: 1.1629e-06 | time: 0.160
I 06.17/11:24:03 solver.py:221 ] Epoch: [307/400][200/391] lr: 7.36e-05 | MSE loss: 1.1766e-06 | time: 0.161
I 06.17/11:24:07 solver.py:221 ] Epoch: [307/400][220/391] lr: 7.36e-05 | MSE loss: 1.1918e-06 | time: 0.161
I 06.17/11:24:10 solver.py:221 ] Epoch: [307/400][240/391] lr: 7.36e-05 | MSE loss: 1.2393e-06 | time: 0.161
I 06.17/11:24:13 solver.py:221 ] Epoch: [307/400][260/391] lr: 7.35e-05 | MSE loss: 1.2367e-06 | time: 0.161
I 06.17/11:24:16 solver.py:221 ] Epoch: [307/400][280/391] lr: 7.35e-05 | MSE loss: 1.2299e-06 | time: 0.161
I 06.17/11:24:20 solver.py:221 ] Epoch: [307/400][300/391] lr: 7.35e-05 | MSE loss: 1.2261e-06 | time: 0.162
I 06.17/11:24:23 solver.py:221 ] Epoch: [307/400][320/391] lr: 7.35e-05 | MSE loss: 1.2189e-06 | time: 0.161
I 06.17/11:24:26 solver.py:221 ] Epoch: [307/400][340/391] lr: 7.34e-05 | MSE loss: 1.2157e-06 | time: 0.161
I 06.17/11:24:29 solver.py:221 ] Epoch: [307/400][360/391] lr: 7.34e-05 | MSE loss: 1.2307e-06 | time: 0.161
I 06.17/11:24:32 solver.py:221 ] Epoch: [307/400][380/391] lr: 7.34e-05 | MSE loss: 1.2385e-06 | time: 0.160
I 06.17/11:24:34 solver.py:243 ] => Train  Loss: 1.2358e-06

I 06.17/11:24:34 solver.py:337 ] 
=! Best NMSE: -2.5395e+01 (epoch=290)

I 06.17/11:24:37 solver.py:221 ] Epoch: [308/400][20/391] lr: 7.33e-05 | MSE loss: 1.1840e-06 | time: 0.146
I 06.17/11:24:40 solver.py:221 ] Epoch: [308/400][40/391] lr: 7.33e-05 | MSE loss: 1.2098e-06 | time: 0.151
I 06.17/11:24:44 solver.py:221 ] Epoch: [308/400][60/391] lr: 7.33e-05 | MSE loss: 1.2248e-06 | time: 0.154
I 06.17/11:24:47 solver.py:221 ] Epoch: [308/400][80/391] lr: 7.33e-05 | MSE loss: 1.2509e-06 | time: 0.157
I 06.17/11:24:50 solver.py:221 ] Epoch: [308/400][100/391] lr: 7.33e-05 | MSE loss: 1.2535e-06 | time: 0.158
I 06.17/11:24:53 solver.py:221 ] Epoch: [308/400][120/391] lr: 7.32e-05 | MSE loss: 1.2485e-06 | time: 0.158
I 06.17/11:24:56 solver.py:221 ] Epoch: [308/400][140/391] lr: 7.32e-05 | MSE loss: 1.2481e-06 | time: 0.158
I 06.17/11:24:59 solver.py:221 ] Epoch: [308/400][160/391] lr: 7.32e-05 | MSE loss: 1.2525e-06 | time: 0.157
I 06.17/11:25:03 solver.py:221 ] Epoch: [308/400][180/391] lr: 7.32e-05 | MSE loss: 1.2498e-06 | time: 0.160
I 06.17/11:25:07 solver.py:221 ] Epoch: [308/400][200/391] lr: 7.31e-05 | MSE loss: 1.2461e-06 | time: 0.162
I 06.17/11:25:10 solver.py:221 ] Epoch: [308/400][220/391] lr: 7.31e-05 | MSE loss: 1.2519e-06 | time: 0.162
I 06.17/11:25:13 solver.py:221 ] Epoch: [308/400][240/391] lr: 7.31e-05 | MSE loss: 1.2450e-06 | time: 0.162
I 06.17/11:25:16 solver.py:221 ] Epoch: [308/400][260/391] lr: 7.31e-05 | MSE loss: 1.2426e-06 | time: 0.162
I 06.17/11:25:20 solver.py:221 ] Epoch: [308/400][280/391] lr: 7.30e-05 | MSE loss: 1.2436e-06 | time: 0.162
I 06.17/11:25:23 solver.py:221 ] Epoch: [308/400][300/391] lr: 7.30e-05 | MSE loss: 1.2380e-06 | time: 0.162
I 06.17/11:25:26 solver.py:221 ] Epoch: [308/400][320/391] lr: 7.30e-05 | MSE loss: 1.2342e-06 | time: 0.161
I 06.17/11:25:29 solver.py:221 ] Epoch: [308/400][340/391] lr: 7.30e-05 | MSE loss: 1.2363e-06 | time: 0.161
I 06.17/11:25:32 solver.py:221 ] Epoch: [308/400][360/391] lr: 7.29e-05 | MSE loss: 1.2349e-06 | time: 0.161
I 06.17/11:25:36 solver.py:221 ] Epoch: [308/400][380/391] lr: 7.29e-05 | MSE loss: 1.2327e-06 | time: 0.161
I 06.17/11:25:37 solver.py:243 ] => Train  Loss: 1.2303e-06

I 06.17/11:25:38 solver.py:337 ] 
=! Best NMSE: -2.5395e+01 (epoch=290)

I 06.17/11:25:41 solver.py:221 ] Epoch: [309/400][20/391] lr: 7.29e-05 | MSE loss: 1.1953e-06 | time: 0.145
I 06.17/11:25:44 solver.py:221 ] Epoch: [309/400][40/391] lr: 7.29e-05 | MSE loss: 1.2177e-06 | time: 0.156
I 06.17/11:25:47 solver.py:221 ] Epoch: [309/400][60/391] lr: 7.28e-05 | MSE loss: 1.2691e-06 | time: 0.157
I 06.17/11:25:51 solver.py:221 ] Epoch: [309/400][80/391] lr: 7.28e-05 | MSE loss: 1.2561e-06 | time: 0.157
I 06.17/11:25:54 solver.py:221 ] Epoch: [309/400][100/391] lr: 7.28e-05 | MSE loss: 1.2318e-06 | time: 0.158
I 06.17/11:25:57 solver.py:221 ] Epoch: [309/400][120/391] lr: 7.28e-05 | MSE loss: 1.2598e-06 | time: 0.158
I 06.17/11:26:00 solver.py:221 ] Epoch: [309/400][140/391] lr: 7.27e-05 | MSE loss: 1.2668e-06 | time: 0.159
I 06.17/11:26:05 solver.py:221 ] Epoch: [309/400][160/391] lr: 7.27e-05 | MSE loss: 1.2546e-06 | time: 0.169
I 06.17/11:26:08 solver.py:221 ] Epoch: [309/400][180/391] lr: 7.27e-05 | MSE loss: 1.2401e-06 | time: 0.169
I 06.17/11:26:12 solver.py:221 ] Epoch: [309/400][200/391] lr: 7.27e-05 | MSE loss: 1.2282e-06 | time: 0.169
I 06.17/11:26:15 solver.py:221 ] Epoch: [309/400][220/391] lr: 7.26e-05 | MSE loss: 1.2296e-06 | time: 0.168
I 06.17/11:26:18 solver.py:221 ] Epoch: [309/400][240/391] lr: 7.26e-05 | MSE loss: 1.2250e-06 | time: 0.168
I 06.17/11:26:21 solver.py:221 ] Epoch: [309/400][260/391] lr: 7.26e-05 | MSE loss: 1.2247e-06 | time: 0.167
I 06.17/11:26:25 solver.py:221 ] Epoch: [309/400][280/391] lr: 7.26e-05 | MSE loss: 1.2276e-06 | time: 0.167
I 06.17/11:26:28 solver.py:221 ] Epoch: [309/400][300/391] lr: 7.25e-05 | MSE loss: 1.2238e-06 | time: 0.166
I 06.17/11:26:31 solver.py:221 ] Epoch: [309/400][320/391] lr: 7.25e-05 | MSE loss: 1.2289e-06 | time: 0.166
I 06.17/11:26:34 solver.py:221 ] Epoch: [309/400][340/391] lr: 7.25e-05 | MSE loss: 1.2380e-06 | time: 0.165
I 06.17/11:26:37 solver.py:221 ] Epoch: [309/400][360/391] lr: 7.25e-05 | MSE loss: 1.2418e-06 | time: 0.165
I 06.17/11:26:40 solver.py:221 ] Epoch: [309/400][380/391] lr: 7.24e-05 | MSE loss: 1.2424e-06 | time: 0.164
I 06.17/11:26:42 solver.py:243 ] => Train  Loss: 1.2439e-06

I 06.17/11:26:42 solver.py:337 ] 
=! Best NMSE: -2.5395e+01 (epoch=290)

I 06.17/11:26:45 solver.py:221 ] Epoch: [310/400][20/391] lr: 7.24e-05 | MSE loss: 1.3721e-06 | time: 0.143
I 06.17/11:26:48 solver.py:221 ] Epoch: [310/400][40/391] lr: 7.24e-05 | MSE loss: 1.3176e-06 | time: 0.151
I 06.17/11:26:52 solver.py:221 ] Epoch: [310/400][60/391] lr: 7.24e-05 | MSE loss: 1.3064e-06 | time: 0.152
I 06.17/11:26:55 solver.py:221 ] Epoch: [310/400][80/391] lr: 7.23e-05 | MSE loss: 1.3181e-06 | time: 0.155
I 06.17/11:26:58 solver.py:221 ] Epoch: [310/400][100/391] lr: 7.23e-05 | MSE loss: 1.3055e-06 | time: 0.158
I 06.17/11:27:01 solver.py:221 ] Epoch: [310/400][120/391] lr: 7.23e-05 | MSE loss: 1.2923e-06 | time: 0.158
I 06.17/11:27:06 solver.py:221 ] Epoch: [310/400][140/391] lr: 7.23e-05 | MSE loss: 1.2770e-06 | time: 0.171
I 06.17/11:27:10 solver.py:221 ] Epoch: [310/400][160/391] lr: 7.22e-05 | MSE loss: 1.2627e-06 | time: 0.170
I 06.17/11:27:13 solver.py:221 ] Epoch: [310/400][180/391] lr: 7.22e-05 | MSE loss: 1.2492e-06 | time: 0.170
I 06.17/11:27:16 solver.py:221 ] Epoch: [310/400][200/391] lr: 7.22e-05 | MSE loss: 1.2351e-06 | time: 0.169
I 06.17/11:27:20 solver.py:221 ] Epoch: [310/400][220/391] lr: 7.22e-05 | MSE loss: 1.2263e-06 | time: 0.169
I 06.17/11:27:23 solver.py:221 ] Epoch: [310/400][240/391] lr: 7.21e-05 | MSE loss: 1.2213e-06 | time: 0.169
I 06.17/11:27:26 solver.py:221 ] Epoch: [310/400][260/391] lr: 7.21e-05 | MSE loss: 1.2149e-06 | time: 0.168
I 06.17/11:27:29 solver.py:221 ] Epoch: [310/400][280/391] lr: 7.21e-05 | MSE loss: 1.2113e-06 | time: 0.167
I 06.17/11:27:32 solver.py:221 ] Epoch: [310/400][300/391] lr: 7.21e-05 | MSE loss: 1.2044e-06 | time: 0.166
I 06.17/11:27:35 solver.py:221 ] Epoch: [310/400][320/391] lr: 7.21e-05 | MSE loss: 1.1983e-06 | time: 0.166
I 06.17/11:27:38 solver.py:221 ] Epoch: [310/400][340/391] lr: 7.20e-05 | MSE loss: 1.1944e-06 | time: 0.165
I 06.17/11:27:42 solver.py:221 ] Epoch: [310/400][360/391] lr: 7.20e-05 | MSE loss: 1.1923e-06 | time: 0.165
I 06.17/11:27:45 solver.py:221 ] Epoch: [310/400][380/391] lr: 7.20e-05 | MSE loss: 1.1879e-06 | time: 0.164
I 06.17/11:27:46 solver.py:243 ] => Train  Loss: 1.1915e-06

I 06.17/11:27:48 solver.py:221 ] Epoch: [310/400][20/118] lr: 7.20e-05 | MSE loss: 1.2845e-06 | time: 0.074
I 06.17/11:27:49 solver.py:221 ] Epoch: [310/400][40/118] lr: 7.20e-05 | MSE loss: 1.2726e-06 | time: 0.075
I 06.17/11:27:51 solver.py:221 ] Epoch: [310/400][60/118] lr: 7.20e-05 | MSE loss: 1.2919e-06 | time: 0.075
I 06.17/11:27:53 solver.py:221 ] Epoch: [310/400][80/118] lr: 7.20e-05 | MSE loss: 1.2931e-06 | time: 0.081
I 06.17/11:27:55 solver.py:221 ] Epoch: [310/400][100/118] lr: 7.20e-05 | MSE loss: 1.2906e-06 | time: 0.086
I 06.17/11:27:57 solver.py:243 ] => Val  Loss: 1.2894e-06

I 06.17/11:27:59 solver.py:471 ] [20/79] loss: 1.3325e-06 | NMSE: -2.5306e+01 | time: 0.107
I 06.17/11:28:02 solver.py:471 ] [40/79] loss: 1.3071e-06 | NMSE: -2.5392e+01 | time: 0.132
I 06.17/11:28:06 solver.py:471 ] [60/79] loss: 1.3041e-06 | NMSE: -2.5392e+01 | time: 0.149
I 06.17/11:28:07 solver.py:476 ] => Test NMSE: -2.5407e+01

I 06.17/11:28:08 solver.py:337 ] 
=! Best NMSE: -2.5407e+01 (epoch=310)

I 06.17/11:28:11 solver.py:221 ] Epoch: [311/400][20/391] lr: 7.19e-05 | MSE loss: 1.2901e-06 | time: 0.144
I 06.17/11:28:14 solver.py:221 ] Epoch: [311/400][40/391] lr: 7.19e-05 | MSE loss: 1.2379e-06 | time: 0.148
I 06.17/11:28:17 solver.py:221 ] Epoch: [311/400][60/391] lr: 7.19e-05 | MSE loss: 1.3853e-06 | time: 0.150
I 06.17/11:28:20 solver.py:221 ] Epoch: [311/400][80/391] lr: 7.19e-05 | MSE loss: 1.3893e-06 | time: 0.150
I 06.17/11:28:23 solver.py:221 ] Epoch: [311/400][100/391] lr: 7.18e-05 | MSE loss: 1.3426e-06 | time: 0.150
I 06.17/11:28:26 solver.py:221 ] Epoch: [311/400][120/391] lr: 7.18e-05 | MSE loss: 1.3058e-06 | time: 0.150
I 06.17/11:28:29 solver.py:221 ] Epoch: [311/400][140/391] lr: 7.18e-05 | MSE loss: 1.2692e-06 | time: 0.150
I 06.17/11:28:32 solver.py:221 ] Epoch: [311/400][160/391] lr: 7.18e-05 | MSE loss: 1.2427e-06 | time: 0.150
I 06.17/11:28:35 solver.py:221 ] Epoch: [311/400][180/391] lr: 7.18e-05 | MSE loss: 1.2332e-06 | time: 0.151
I 06.17/11:28:38 solver.py:221 ] Epoch: [311/400][200/391] lr: 7.17e-05 | MSE loss: 1.2277e-06 | time: 0.152
I 06.17/11:28:41 solver.py:221 ] Epoch: [311/400][220/391] lr: 7.17e-05 | MSE loss: 1.2249e-06 | time: 0.152
I 06.17/11:28:44 solver.py:221 ] Epoch: [311/400][240/391] lr: 7.17e-05 | MSE loss: 1.2321e-06 | time: 0.153
I 06.17/11:28:47 solver.py:221 ] Epoch: [311/400][260/391] lr: 7.17e-05 | MSE loss: 1.2277e-06 | time: 0.152
I 06.17/11:28:50 solver.py:221 ] Epoch: [311/400][280/391] lr: 7.16e-05 | MSE loss: 1.2264e-06 | time: 0.152
I 06.17/11:28:53 solver.py:221 ] Epoch: [311/400][300/391] lr: 7.16e-05 | MSE loss: 1.2190e-06 | time: 0.151
I 06.17/11:28:56 solver.py:221 ] Epoch: [311/400][320/391] lr: 7.16e-05 | MSE loss: 1.2261e-06 | time: 0.151
I 06.17/11:28:59 solver.py:221 ] Epoch: [311/400][340/391] lr: 7.16e-05 | MSE loss: 1.2404e-06 | time: 0.151
I 06.17/11:29:02 solver.py:221 ] Epoch: [311/400][360/391] lr: 7.15e-05 | MSE loss: 1.2352e-06 | time: 0.152
I 06.17/11:29:06 solver.py:221 ] Epoch: [311/400][380/391] lr: 7.15e-05 | MSE loss: 1.2319e-06 | time: 0.154
I 06.17/11:29:08 solver.py:243 ] => Train  Loss: 1.2346e-06

I 06.17/11:29:08 solver.py:337 ] 
=! Best NMSE: -2.5407e+01 (epoch=310)

I 06.17/11:29:11 solver.py:221 ] Epoch: [312/400][20/391] lr: 7.15e-05 | MSE loss: 1.1439e-06 | time: 0.147
I 06.17/11:29:14 solver.py:221 ] Epoch: [312/400][40/391] lr: 7.15e-05 | MSE loss: 1.1763e-06 | time: 0.147
I 06.17/11:29:17 solver.py:221 ] Epoch: [312/400][60/391] lr: 7.14e-05 | MSE loss: 1.1925e-06 | time: 0.150
I 06.17/11:29:20 solver.py:221 ] Epoch: [312/400][80/391] lr: 7.14e-05 | MSE loss: 1.1858e-06 | time: 0.148
I 06.17/11:29:23 solver.py:221 ] Epoch: [312/400][100/391] lr: 7.14e-05 | MSE loss: 1.1783e-06 | time: 0.150
I 06.17/11:29:27 solver.py:221 ] Epoch: [312/400][120/391] lr: 7.14e-05 | MSE loss: 1.1723e-06 | time: 0.153
I 06.17/11:29:30 solver.py:221 ] Epoch: [312/400][140/391] lr: 7.13e-05 | MSE loss: 1.1708e-06 | time: 0.153
I 06.17/11:29:33 solver.py:221 ] Epoch: [312/400][160/391] lr: 7.13e-05 | MSE loss: 1.1711e-06 | time: 0.153
I 06.17/11:29:36 solver.py:221 ] Epoch: [312/400][180/391] lr: 7.13e-05 | MSE loss: 1.2095e-06 | time: 0.153
I 06.17/11:29:39 solver.py:221 ] Epoch: [312/400][200/391] lr: 7.13e-05 | MSE loss: 1.2137e-06 | time: 0.152
I 06.17/11:29:42 solver.py:221 ] Epoch: [312/400][220/391] lr: 7.12e-05 | MSE loss: 1.2223e-06 | time: 0.152
I 06.17/11:29:45 solver.py:221 ] Epoch: [312/400][240/391] lr: 7.12e-05 | MSE loss: 1.2313e-06 | time: 0.151
I 06.17/11:29:48 solver.py:221 ] Epoch: [312/400][260/391] lr: 7.12e-05 | MSE loss: 1.2334e-06 | time: 0.151
I 06.17/11:29:50 solver.py:221 ] Epoch: [312/400][280/391] lr: 7.12e-05 | MSE loss: 1.2391e-06 | time: 0.151
I 06.17/11:29:54 solver.py:221 ] Epoch: [312/400][300/391] lr: 7.12e-05 | MSE loss: 1.2443e-06 | time: 0.151
I 06.17/11:29:57 solver.py:221 ] Epoch: [312/400][320/391] lr: 7.11e-05 | MSE loss: 1.2443e-06 | time: 0.151
I 06.17/11:30:00 solver.py:221 ] Epoch: [312/400][340/391] lr: 7.11e-05 | MSE loss: 1.2425e-06 | time: 0.151
I 06.17/11:30:04 solver.py:221 ] Epoch: [312/400][360/391] lr: 7.11e-05 | MSE loss: 1.2399e-06 | time: 0.155
I 06.17/11:30:07 solver.py:221 ] Epoch: [312/400][380/391] lr: 7.11e-05 | MSE loss: 1.2335e-06 | time: 0.155
I 06.17/11:30:09 solver.py:243 ] => Train  Loss: 1.2319e-06

I 06.17/11:30:09 solver.py:337 ] 
=! Best NMSE: -2.5407e+01 (epoch=310)

I 06.17/11:30:12 solver.py:221 ] Epoch: [313/400][20/391] lr: 7.10e-05 | MSE loss: 1.2561e-06 | time: 0.137
I 06.17/11:30:15 solver.py:221 ] Epoch: [313/400][40/391] lr: 7.10e-05 | MSE loss: 1.2404e-06 | time: 0.141
I 06.17/11:30:18 solver.py:221 ] Epoch: [313/400][60/391] lr: 7.10e-05 | MSE loss: 1.2218e-06 | time: 0.146
I 06.17/11:30:21 solver.py:221 ] Epoch: [313/400][80/391] lr: 7.10e-05 | MSE loss: 1.2189e-06 | time: 0.148
I 06.17/11:30:24 solver.py:221 ] Epoch: [313/400][100/391] lr: 7.09e-05 | MSE loss: 1.2045e-06 | time: 0.148
I 06.17/11:30:27 solver.py:221 ] Epoch: [313/400][120/391] lr: 7.09e-05 | MSE loss: 1.2459e-06 | time: 0.148
I 06.17/11:30:30 solver.py:221 ] Epoch: [313/400][140/391] lr: 7.09e-05 | MSE loss: 1.2477e-06 | time: 0.148
I 06.17/11:30:33 solver.py:221 ] Epoch: [313/400][160/391] lr: 7.09e-05 | MSE loss: 1.2551e-06 | time: 0.150
I 06.17/11:30:36 solver.py:221 ] Epoch: [313/400][180/391] lr: 7.08e-05 | MSE loss: 1.2568e-06 | time: 0.151
I 06.17/11:30:40 solver.py:221 ] Epoch: [313/400][200/391] lr: 7.08e-05 | MSE loss: 1.2495e-06 | time: 0.152
I 06.17/11:30:43 solver.py:221 ] Epoch: [313/400][220/391] lr: 7.08e-05 | MSE loss: 1.2533e-06 | time: 0.153
I 06.17/11:30:46 solver.py:221 ] Epoch: [313/400][240/391] lr: 7.08e-05 | MSE loss: 1.2454e-06 | time: 0.152
I 06.17/11:30:49 solver.py:221 ] Epoch: [313/400][260/391] lr: 7.07e-05 | MSE loss: 1.2400e-06 | time: 0.152
I 06.17/11:30:52 solver.py:221 ] Epoch: [313/400][280/391] lr: 7.07e-05 | MSE loss: 1.2558e-06 | time: 0.152
I 06.17/11:30:54 solver.py:221 ] Epoch: [313/400][300/391] lr: 7.07e-05 | MSE loss: 1.2564e-06 | time: 0.151
I 06.17/11:30:57 solver.py:221 ] Epoch: [313/400][320/391] lr: 7.07e-05 | MSE loss: 1.2486e-06 | time: 0.151
I 06.17/11:31:00 solver.py:221 ] Epoch: [313/400][340/391] lr: 7.07e-05 | MSE loss: 1.2393e-06 | time: 0.151
I 06.17/11:31:05 solver.py:221 ] Epoch: [313/400][360/391] lr: 7.06e-05 | MSE loss: 1.2354e-06 | time: 0.155
I 06.17/11:31:08 solver.py:221 ] Epoch: [313/400][380/391] lr: 7.06e-05 | MSE loss: 1.2333e-06 | time: 0.154
I 06.17/11:31:09 solver.py:243 ] => Train  Loss: 1.2323e-06

I 06.17/11:31:09 solver.py:337 ] 
=! Best NMSE: -2.5407e+01 (epoch=310)

I 06.17/11:31:13 solver.py:221 ] Epoch: [314/400][20/391] lr: 7.06e-05 | MSE loss: 1.1186e-06 | time: 0.142
I 06.17/11:31:16 solver.py:221 ] Epoch: [314/400][40/391] lr: 7.06e-05 | MSE loss: 1.1031e-06 | time: 0.147
I 06.17/11:31:19 solver.py:221 ] Epoch: [314/400][60/391] lr: 7.05e-05 | MSE loss: 1.1222e-06 | time: 0.150
I 06.17/11:31:22 solver.py:221 ] Epoch: [314/400][80/391] lr: 7.05e-05 | MSE loss: 1.1197e-06 | time: 0.152
I 06.17/11:31:25 solver.py:221 ] Epoch: [314/400][100/391] lr: 7.05e-05 | MSE loss: 1.1268e-06 | time: 0.155
I 06.17/11:31:28 solver.py:221 ] Epoch: [314/400][120/391] lr: 7.05e-05 | MSE loss: 1.1274e-06 | time: 0.155
I 06.17/11:31:31 solver.py:221 ] Epoch: [314/400][140/391] lr: 7.04e-05 | MSE loss: 1.1260e-06 | time: 0.155
I 06.17/11:31:34 solver.py:221 ] Epoch: [314/400][160/391] lr: 7.04e-05 | MSE loss: 1.1204e-06 | time: 0.154
I 06.17/11:31:37 solver.py:221 ] Epoch: [314/400][180/391] lr: 7.04e-05 | MSE loss: 1.1174e-06 | time: 0.153
I 06.17/11:31:40 solver.py:221 ] Epoch: [314/400][200/391] lr: 7.04e-05 | MSE loss: 1.1339e-06 | time: 0.152
I 06.17/11:31:43 solver.py:221 ] Epoch: [314/400][220/391] lr: 7.03e-05 | MSE loss: 1.1502e-06 | time: 0.152
I 06.17/11:31:46 solver.py:221 ] Epoch: [314/400][240/391] lr: 7.03e-05 | MSE loss: 1.1478e-06 | time: 0.151
I 06.17/11:31:49 solver.py:221 ] Epoch: [314/400][260/391] lr: 7.03e-05 | MSE loss: 1.1489e-06 | time: 0.152
I 06.17/11:31:52 solver.py:221 ] Epoch: [314/400][280/391] lr: 7.03e-05 | MSE loss: 1.1517e-06 | time: 0.152
I 06.17/11:31:55 solver.py:221 ] Epoch: [314/400][300/391] lr: 7.03e-05 | MSE loss: 1.1554e-06 | time: 0.152
I 06.17/11:31:58 solver.py:221 ] Epoch: [314/400][320/391] lr: 7.02e-05 | MSE loss: 1.1710e-06 | time: 0.152
I 06.17/11:32:01 solver.py:221 ] Epoch: [314/400][340/391] lr: 7.02e-05 | MSE loss: 1.1686e-06 | time: 0.153
I 06.17/11:32:06 solver.py:221 ] Epoch: [314/400][360/391] lr: 7.02e-05 | MSE loss: 1.1697e-06 | time: 0.157
I 06.17/11:32:09 solver.py:221 ] Epoch: [314/400][380/391] lr: 7.02e-05 | MSE loss: 1.1819e-06 | time: 0.156
I 06.17/11:32:11 solver.py:243 ] => Train  Loss: 1.1838e-06

I 06.17/11:32:11 solver.py:337 ] 
=! Best NMSE: -2.5407e+01 (epoch=310)

I 06.17/11:32:14 solver.py:221 ] Epoch: [315/400][20/391] lr: 7.01e-05 | MSE loss: 1.2389e-06 | time: 0.136
I 06.17/11:32:17 solver.py:221 ] Epoch: [315/400][40/391] lr: 7.01e-05 | MSE loss: 1.1995e-06 | time: 0.145
I 06.17/11:32:20 solver.py:221 ] Epoch: [315/400][60/391] lr: 7.01e-05 | MSE loss: 1.1984e-06 | time: 0.149
I 06.17/11:32:23 solver.py:221 ] Epoch: [315/400][80/391] lr: 7.01e-05 | MSE loss: 1.1937e-06 | time: 0.150
I 06.17/11:32:26 solver.py:221 ] Epoch: [315/400][100/391] lr: 7.00e-05 | MSE loss: 1.2076e-06 | time: 0.151
I 06.17/11:32:29 solver.py:221 ] Epoch: [315/400][120/391] lr: 7.00e-05 | MSE loss: 1.1858e-06 | time: 0.151
I 06.17/11:32:32 solver.py:221 ] Epoch: [315/400][140/391] lr: 7.00e-05 | MSE loss: 1.1767e-06 | time: 0.150
I 06.17/11:32:35 solver.py:221 ] Epoch: [315/400][160/391] lr: 7.00e-05 | MSE loss: 1.1768e-06 | time: 0.150
I 06.17/11:32:38 solver.py:221 ] Epoch: [315/400][180/391] lr: 6.99e-05 | MSE loss: 1.1747e-06 | time: 0.151
I 06.17/11:32:41 solver.py:221 ] Epoch: [315/400][200/391] lr: 6.99e-05 | MSE loss: 1.1739e-06 | time: 0.152
I 06.17/11:32:44 solver.py:221 ] Epoch: [315/400][220/391] lr: 6.99e-05 | MSE loss: 1.2017e-06 | time: 0.151
I 06.17/11:32:47 solver.py:221 ] Epoch: [315/400][240/391] lr: 6.99e-05 | MSE loss: 1.2263e-06 | time: 0.151
I 06.17/11:32:50 solver.py:221 ] Epoch: [315/400][260/391] lr: 6.99e-05 | MSE loss: 1.2244e-06 | time: 0.151
I 06.17/11:32:53 solver.py:221 ] Epoch: [315/400][280/391] lr: 6.98e-05 | MSE loss: 1.2130e-06 | time: 0.151
I 06.17/11:32:56 solver.py:221 ] Epoch: [315/400][300/391] lr: 6.98e-05 | MSE loss: 1.2081e-06 | time: 0.151
I 06.17/11:32:59 solver.py:221 ] Epoch: [315/400][320/391] lr: 6.98e-05 | MSE loss: 1.2045e-06 | time: 0.151
I 06.17/11:33:02 solver.py:221 ] Epoch: [315/400][340/391] lr: 6.98e-05 | MSE loss: 1.2057e-06 | time: 0.151
I 06.17/11:33:06 solver.py:221 ] Epoch: [315/400][360/391] lr: 6.97e-05 | MSE loss: 1.2006e-06 | time: 0.152
I 06.17/11:33:09 solver.py:221 ] Epoch: [315/400][380/391] lr: 6.97e-05 | MSE loss: 1.1988e-06 | time: 0.151
I 06.17/11:33:10 solver.py:243 ] => Train  Loss: 1.1968e-06

I 06.17/11:33:10 solver.py:337 ] 
=! Best NMSE: -2.5407e+01 (epoch=310)

I 06.17/11:33:13 solver.py:221 ] Epoch: [316/400][20/391] lr: 6.97e-05 | MSE loss: 1.0880e-06 | time: 0.136
I 06.17/11:33:16 solver.py:221 ] Epoch: [316/400][40/391] lr: 6.97e-05 | MSE loss: 1.1274e-06 | time: 0.141
I 06.17/11:33:19 solver.py:221 ] Epoch: [316/400][60/391] lr: 6.96e-05 | MSE loss: 1.1688e-06 | time: 0.144
I 06.17/11:33:22 solver.py:221 ] Epoch: [316/400][80/391] lr: 6.96e-05 | MSE loss: 1.1720e-06 | time: 0.146
I 06.17/11:33:25 solver.py:221 ] Epoch: [316/400][100/391] lr: 6.96e-05 | MSE loss: 1.1620e-06 | time: 0.146
I 06.17/11:33:28 solver.py:221 ] Epoch: [316/400][120/391] lr: 6.96e-05 | MSE loss: 1.1601e-06 | time: 0.147
I 06.17/11:33:31 solver.py:221 ] Epoch: [316/400][140/391] lr: 6.95e-05 | MSE loss: 1.1629e-06 | time: 0.147
I 06.17/11:33:34 solver.py:221 ] Epoch: [316/400][160/391] lr: 6.95e-05 | MSE loss: 1.1620e-06 | time: 0.148
I 06.17/11:33:37 solver.py:221 ] Epoch: [316/400][180/391] lr: 6.95e-05 | MSE loss: 1.1722e-06 | time: 0.148
I 06.17/11:33:40 solver.py:221 ] Epoch: [316/400][200/391] lr: 6.95e-05 | MSE loss: 1.1963e-06 | time: 0.149
I 06.17/11:33:43 solver.py:221 ] Epoch: [316/400][220/391] lr: 6.95e-05 | MSE loss: 1.1928e-06 | time: 0.148
I 06.17/11:33:46 solver.py:221 ] Epoch: [316/400][240/391] lr: 6.94e-05 | MSE loss: 1.1952e-06 | time: 0.148
I 06.17/11:33:49 solver.py:221 ] Epoch: [316/400][260/391] lr: 6.94e-05 | MSE loss: 1.1919e-06 | time: 0.148
I 06.17/11:33:52 solver.py:221 ] Epoch: [316/400][280/391] lr: 6.94e-05 | MSE loss: 1.1881e-06 | time: 0.148
I 06.17/11:33:55 solver.py:221 ] Epoch: [316/400][300/391] lr: 6.94e-05 | MSE loss: 1.1828e-06 | time: 0.148
I 06.17/11:33:58 solver.py:221 ] Epoch: [316/400][320/391] lr: 6.93e-05 | MSE loss: 1.1954e-06 | time: 0.148
I 06.17/11:34:01 solver.py:221 ] Epoch: [316/400][340/391] lr: 6.93e-05 | MSE loss: 1.1893e-06 | time: 0.148
I 06.17/11:34:05 solver.py:221 ] Epoch: [316/400][360/391] lr: 6.93e-05 | MSE loss: 1.1834e-06 | time: 0.151
I 06.17/11:34:08 solver.py:221 ] Epoch: [316/400][380/391] lr: 6.93e-05 | MSE loss: 1.1855e-06 | time: 0.150
I 06.17/11:34:09 solver.py:243 ] => Train  Loss: 1.1899e-06

I 06.17/11:34:09 solver.py:337 ] 
=! Best NMSE: -2.5407e+01 (epoch=310)

I 06.17/11:34:13 solver.py:221 ] Epoch: [317/400][20/391] lr: 6.92e-05 | MSE loss: 1.2640e-06 | time: 0.137
I 06.17/11:34:15 solver.py:221 ] Epoch: [317/400][40/391] lr: 6.92e-05 | MSE loss: 1.3583e-06 | time: 0.141
I 06.17/11:34:18 solver.py:221 ] Epoch: [317/400][60/391] lr: 6.92e-05 | MSE loss: 1.3260e-06 | time: 0.144
I 06.17/11:34:21 solver.py:221 ] Epoch: [317/400][80/391] lr: 6.92e-05 | MSE loss: 1.3164e-06 | time: 0.146
I 06.17/11:34:25 solver.py:221 ] Epoch: [317/400][100/391] lr: 6.92e-05 | MSE loss: 1.2982e-06 | time: 0.147
I 06.17/11:34:28 solver.py:221 ] Epoch: [317/400][120/391] lr: 6.91e-05 | MSE loss: 1.3041e-06 | time: 0.148
I 06.17/11:34:31 solver.py:221 ] Epoch: [317/400][140/391] lr: 6.91e-05 | MSE loss: 1.3136e-06 | time: 0.151
I 06.17/11:34:34 solver.py:221 ] Epoch: [317/400][160/391] lr: 6.91e-05 | MSE loss: 1.2922e-06 | time: 0.153
I 06.17/11:34:37 solver.py:221 ] Epoch: [317/400][180/391] lr: 6.91e-05 | MSE loss: 1.2825e-06 | time: 0.152
I 06.17/11:34:40 solver.py:221 ] Epoch: [317/400][200/391] lr: 6.90e-05 | MSE loss: 1.2677e-06 | time: 0.153
I 06.17/11:34:43 solver.py:221 ] Epoch: [317/400][220/391] lr: 6.90e-05 | MSE loss: 1.2601e-06 | time: 0.153
I 06.17/11:34:46 solver.py:221 ] Epoch: [317/400][240/391] lr: 6.90e-05 | MSE loss: 1.2541e-06 | time: 0.152
I 06.17/11:34:49 solver.py:221 ] Epoch: [317/400][260/391] lr: 6.90e-05 | MSE loss: 1.2531e-06 | time: 0.152
I 06.17/11:34:52 solver.py:221 ] Epoch: [317/400][280/391] lr: 6.90e-05 | MSE loss: 1.2560e-06 | time: 0.151
I 06.17/11:34:55 solver.py:221 ] Epoch: [317/400][300/391] lr: 6.89e-05 | MSE loss: 1.2507e-06 | time: 0.151
I 06.17/11:34:58 solver.py:221 ] Epoch: [317/400][320/391] lr: 6.89e-05 | MSE loss: 1.2462e-06 | time: 0.151
I 06.17/11:35:01 solver.py:221 ] Epoch: [317/400][340/391] lr: 6.89e-05 | MSE loss: 1.2490e-06 | time: 0.152
I 06.17/11:35:06 solver.py:221 ] Epoch: [317/400][360/391] lr: 6.89e-05 | MSE loss: 1.2515e-06 | time: 0.155
I 06.17/11:35:09 solver.py:221 ] Epoch: [317/400][380/391] lr: 6.88e-05 | MSE loss: 1.2505e-06 | time: 0.155
I 06.17/11:35:10 solver.py:243 ] => Train  Loss: 1.2505e-06

I 06.17/11:35:10 solver.py:337 ] 
=! Best NMSE: -2.5407e+01 (epoch=310)

I 06.17/11:35:13 solver.py:221 ] Epoch: [318/400][20/391] lr: 6.88e-05 | MSE loss: 1.1995e-06 | time: 0.135
I 06.17/11:35:16 solver.py:221 ] Epoch: [318/400][40/391] lr: 6.88e-05 | MSE loss: 1.1563e-06 | time: 0.141
I 06.17/11:35:19 solver.py:221 ] Epoch: [318/400][60/391] lr: 6.88e-05 | MSE loss: 1.1244e-06 | time: 0.145
I 06.17/11:35:22 solver.py:221 ] Epoch: [318/400][80/391] lr: 6.87e-05 | MSE loss: 1.1173e-06 | time: 0.147
I 06.17/11:35:25 solver.py:221 ] Epoch: [318/400][100/391] lr: 6.87e-05 | MSE loss: 1.1330e-06 | time: 0.147
I 06.17/11:35:28 solver.py:221 ] Epoch: [318/400][120/391] lr: 6.87e-05 | MSE loss: 1.1428e-06 | time: 0.148
I 06.17/11:35:31 solver.py:221 ] Epoch: [318/400][140/391] lr: 6.87e-05 | MSE loss: 1.1561e-06 | time: 0.149
I 06.17/11:35:34 solver.py:221 ] Epoch: [318/400][160/391] lr: 6.87e-05 | MSE loss: 1.1585e-06 | time: 0.149
I 06.17/11:35:38 solver.py:221 ] Epoch: [318/400][180/391] lr: 6.86e-05 | MSE loss: 1.1568e-06 | time: 0.149
I 06.17/11:35:41 solver.py:221 ] Epoch: [318/400][200/391] lr: 6.86e-05 | MSE loss: 1.1461e-06 | time: 0.150
I 06.17/11:35:44 solver.py:221 ] Epoch: [318/400][220/391] lr: 6.86e-05 | MSE loss: 1.1448e-06 | time: 0.150
I 06.17/11:35:47 solver.py:221 ] Epoch: [318/400][240/391] lr: 6.86e-05 | MSE loss: 1.1512e-06 | time: 0.150
I 06.17/11:35:50 solver.py:221 ] Epoch: [318/400][260/391] lr: 6.85e-05 | MSE loss: 1.1522e-06 | time: 0.150
I 06.17/11:35:53 solver.py:221 ] Epoch: [318/400][280/391] lr: 6.85e-05 | MSE loss: 1.1484e-06 | time: 0.151
I 06.17/11:35:56 solver.py:221 ] Epoch: [318/400][300/391] lr: 6.85e-05 | MSE loss: 1.1515e-06 | time: 0.151
I 06.17/11:35:59 solver.py:221 ] Epoch: [318/400][320/391] lr: 6.85e-05 | MSE loss: 1.1473e-06 | time: 0.152
I 06.17/11:36:02 solver.py:221 ] Epoch: [318/400][340/391] lr: 6.85e-05 | MSE loss: 1.1453e-06 | time: 0.151
I 06.17/11:36:05 solver.py:221 ] Epoch: [318/400][360/391] lr: 6.84e-05 | MSE loss: 1.1439e-06 | time: 0.152
I 06.17/11:36:08 solver.py:221 ] Epoch: [318/400][380/391] lr: 6.84e-05 | MSE loss: 1.1478e-06 | time: 0.151
I 06.17/11:36:10 solver.py:243 ] => Train  Loss: 1.1525e-06

I 06.17/11:36:10 solver.py:337 ] 
=! Best NMSE: -2.5407e+01 (epoch=310)

I 06.17/11:36:13 solver.py:221 ] Epoch: [319/400][20/391] lr: 6.84e-05 | MSE loss: 1.5447e-06 | time: 0.134
I 06.17/11:36:16 solver.py:221 ] Epoch: [319/400][40/391] lr: 6.84e-05 | MSE loss: 1.4565e-06 | time: 0.140
I 06.17/11:36:19 solver.py:221 ] Epoch: [319/400][60/391] lr: 6.83e-05 | MSE loss: 1.3491e-06 | time: 0.143
I 06.17/11:36:22 solver.py:221 ] Epoch: [319/400][80/391] lr: 6.83e-05 | MSE loss: 1.3200e-06 | time: 0.145
I 06.17/11:36:25 solver.py:221 ] Epoch: [319/400][100/391] lr: 6.83e-05 | MSE loss: 1.2850e-06 | time: 0.146
I 06.17/11:36:28 solver.py:221 ] Epoch: [319/400][120/391] lr: 6.83e-05 | MSE loss: 1.2647e-06 | time: 0.146
I 06.17/11:36:31 solver.py:221 ] Epoch: [319/400][140/391] lr: 6.82e-05 | MSE loss: 1.2416e-06 | time: 0.146
I 06.17/11:36:34 solver.py:221 ] Epoch: [319/400][160/391] lr: 6.82e-05 | MSE loss: 1.2295e-06 | time: 0.147
I 06.17/11:36:37 solver.py:221 ] Epoch: [319/400][180/391] lr: 6.82e-05 | MSE loss: 1.2173e-06 | time: 0.150
I 06.17/11:36:40 solver.py:221 ] Epoch: [319/400][200/391] lr: 6.82e-05 | MSE loss: 1.1990e-06 | time: 0.151
I 06.17/11:36:43 solver.py:221 ] Epoch: [319/400][220/391] lr: 6.82e-05 | MSE loss: 1.1893e-06 | time: 0.151
I 06.17/11:36:46 solver.py:221 ] Epoch: [319/400][240/391] lr: 6.81e-05 | MSE loss: 1.1959e-06 | time: 0.150
I 06.17/11:36:49 solver.py:221 ] Epoch: [319/400][260/391] lr: 6.81e-05 | MSE loss: 1.1875e-06 | time: 0.149
I 06.17/11:36:52 solver.py:221 ] Epoch: [319/400][280/391] lr: 6.81e-05 | MSE loss: 1.1804e-06 | time: 0.148
I 06.17/11:36:54 solver.py:221 ] Epoch: [319/400][300/391] lr: 6.81e-05 | MSE loss: 1.1774e-06 | time: 0.147
I 06.17/11:36:57 solver.py:221 ] Epoch: [319/400][320/391] lr: 6.80e-05 | MSE loss: 1.1811e-06 | time: 0.146
I 06.17/11:37:00 solver.py:221 ] Epoch: [319/400][340/391] lr: 6.80e-05 | MSE loss: 1.1772e-06 | time: 0.145
I 06.17/11:37:03 solver.py:221 ] Epoch: [319/400][360/391] lr: 6.80e-05 | MSE loss: 1.1715e-06 | time: 0.148
I 06.17/11:37:06 solver.py:221 ] Epoch: [319/400][380/391] lr: 6.80e-05 | MSE loss: 1.1660e-06 | time: 0.146
I 06.17/11:37:07 solver.py:243 ] => Train  Loss: 1.1630e-06

I 06.17/11:37:07 solver.py:337 ] 
=! Best NMSE: -2.5407e+01 (epoch=310)

I 06.17/11:37:11 solver.py:221 ] Epoch: [320/400][20/391] lr: 6.79e-05 | MSE loss: 1.1255e-06 | time: 0.140
I 06.17/11:37:14 solver.py:221 ] Epoch: [320/400][40/391] lr: 6.79e-05 | MSE loss: 1.1539e-06 | time: 0.146
I 06.17/11:37:17 solver.py:221 ] Epoch: [320/400][60/391] lr: 6.79e-05 | MSE loss: 1.1250e-06 | time: 0.148
I 06.17/11:37:20 solver.py:221 ] Epoch: [320/400][80/391] lr: 6.79e-05 | MSE loss: 1.1135e-06 | time: 0.148
I 06.17/11:37:23 solver.py:221 ] Epoch: [320/400][100/391] lr: 6.79e-05 | MSE loss: 1.2473e-06 | time: 0.149
I 06.17/11:37:26 solver.py:221 ] Epoch: [320/400][120/391] lr: 6.78e-05 | MSE loss: 1.2923e-06 | time: 0.150
I 06.17/11:37:29 solver.py:221 ] Epoch: [320/400][140/391] lr: 6.78e-05 | MSE loss: 1.2969e-06 | time: 0.150
I 06.17/11:37:32 solver.py:221 ] Epoch: [320/400][160/391] lr: 6.78e-05 | MSE loss: 1.2956e-06 | time: 0.151
I 06.17/11:37:35 solver.py:221 ] Epoch: [320/400][180/391] lr: 6.78e-05 | MSE loss: 1.2976e-06 | time: 0.151
I 06.17/11:37:38 solver.py:221 ] Epoch: [320/400][200/391] lr: 6.78e-05 | MSE loss: 1.2955e-06 | time: 0.151
I 06.17/11:37:41 solver.py:221 ] Epoch: [320/400][220/391] lr: 6.77e-05 | MSE loss: 1.2909e-06 | time: 0.152
I 06.17/11:37:44 solver.py:221 ] Epoch: [320/400][240/391] lr: 6.77e-05 | MSE loss: 1.2780e-06 | time: 0.152
I 06.17/11:37:47 solver.py:221 ] Epoch: [320/400][260/391] lr: 6.77e-05 | MSE loss: 1.2615e-06 | time: 0.152
I 06.17/11:37:51 solver.py:221 ] Epoch: [320/400][280/391] lr: 6.77e-05 | MSE loss: 1.2510e-06 | time: 0.154
I 06.17/11:37:54 solver.py:221 ] Epoch: [320/400][300/391] lr: 6.76e-05 | MSE loss: 1.2517e-06 | time: 0.154
I 06.17/11:37:57 solver.py:221 ] Epoch: [320/400][320/391] lr: 6.76e-05 | MSE loss: 1.2533e-06 | time: 0.154
I 06.17/11:38:00 solver.py:221 ] Epoch: [320/400][340/391] lr: 6.76e-05 | MSE loss: 1.2434e-06 | time: 0.154
I 06.17/11:38:04 solver.py:221 ] Epoch: [320/400][360/391] lr: 6.76e-05 | MSE loss: 1.2363e-06 | time: 0.158
I 06.17/11:38:07 solver.py:221 ] Epoch: [320/400][380/391] lr: 6.76e-05 | MSE loss: 1.2317e-06 | time: 0.157
I 06.17/11:38:09 solver.py:243 ] => Train  Loss: 1.2278e-06

I 06.17/11:38:10 solver.py:221 ] Epoch: [320/400][20/118] lr: 6.75e-05 | MSE loss: 1.2016e-06 | time: 0.060
I 06.17/11:38:11 solver.py:221 ] Epoch: [320/400][40/118] lr: 6.75e-05 | MSE loss: 1.1904e-06 | time: 0.060
I 06.17/11:38:13 solver.py:221 ] Epoch: [320/400][60/118] lr: 6.75e-05 | MSE loss: 1.2094e-06 | time: 0.058
I 06.17/11:38:14 solver.py:221 ] Epoch: [320/400][80/118] lr: 6.75e-05 | MSE loss: 1.2107e-06 | time: 0.058
I 06.17/11:38:15 solver.py:221 ] Epoch: [320/400][100/118] lr: 6.75e-05 | MSE loss: 1.2086e-06 | time: 0.056
I 06.17/11:38:16 solver.py:243 ] => Val  Loss: 1.2074e-06

I 06.17/11:38:17 solver.py:471 ] [20/79] loss: 1.2514e-06 | NMSE: -2.5579e+01 | time: 0.053
I 06.17/11:38:18 solver.py:471 ] [40/79] loss: 1.2258e-06 | NMSE: -2.5671e+01 | time: 0.045
I 06.17/11:38:19 solver.py:471 ] [60/79] loss: 1.2233e-06 | NMSE: -2.5669e+01 | time: 0.047
I 06.17/11:38:19 solver.py:476 ] => Test NMSE: -2.5687e+01

I 06.17/11:38:20 solver.py:337 ] 
=! Best NMSE: -2.5687e+01 (epoch=320)

I 06.17/11:38:23 solver.py:221 ] Epoch: [321/400][20/391] lr: 6.75e-05 | MSE loss: 1.1228e-06 | time: 0.167
I 06.17/11:38:26 solver.py:221 ] Epoch: [321/400][40/391] lr: 6.75e-05 | MSE loss: 1.1681e-06 | time: 0.160
I 06.17/11:38:29 solver.py:221 ] Epoch: [321/400][60/391] lr: 6.75e-05 | MSE loss: 1.1862e-06 | time: 0.157
I 06.17/11:38:32 solver.py:221 ] Epoch: [321/400][80/391] lr: 6.75e-05 | MSE loss: 1.1838e-06 | time: 0.155
I 06.17/11:38:35 solver.py:221 ] Epoch: [321/400][100/391] lr: 6.74e-05 | MSE loss: 1.1735e-06 | time: 0.154
I 06.17/11:38:38 solver.py:221 ] Epoch: [321/400][120/391] lr: 6.74e-05 | MSE loss: 1.1593e-06 | time: 0.153
I 06.17/11:38:41 solver.py:221 ] Epoch: [321/400][140/391] lr: 6.74e-05 | MSE loss: 1.1481e-06 | time: 0.153
I 06.17/11:38:45 solver.py:221 ] Epoch: [321/400][160/391] lr: 6.74e-05 | MSE loss: 1.1417e-06 | time: 0.154
I 06.17/11:38:48 solver.py:221 ] Epoch: [321/400][180/391] lr: 6.74e-05 | MSE loss: 1.1532e-06 | time: 0.154
I 06.17/11:38:51 solver.py:221 ] Epoch: [321/400][200/391] lr: 6.73e-05 | MSE loss: 1.1629e-06 | time: 0.154
I 06.17/11:38:54 solver.py:221 ] Epoch: [321/400][220/391] lr: 6.73e-05 | MSE loss: 1.1626e-06 | time: 0.153
I 06.17/11:38:57 solver.py:221 ] Epoch: [321/400][240/391] lr: 6.73e-05 | MSE loss: 1.1635e-06 | time: 0.152
I 06.17/11:39:00 solver.py:221 ] Epoch: [321/400][260/391] lr: 6.73e-05 | MSE loss: 1.1591e-06 | time: 0.152
I 06.17/11:39:03 solver.py:221 ] Epoch: [321/400][280/391] lr: 6.72e-05 | MSE loss: 1.1568e-06 | time: 0.153
I 06.17/11:39:06 solver.py:221 ] Epoch: [321/400][300/391] lr: 6.72e-05 | MSE loss: 1.1630e-06 | time: 0.154
I 06.17/11:39:09 solver.py:221 ] Epoch: [321/400][320/391] lr: 6.72e-05 | MSE loss: 1.1638e-06 | time: 0.153
I 06.17/11:39:12 solver.py:221 ] Epoch: [321/400][340/391] lr: 6.72e-05 | MSE loss: 1.1615e-06 | time: 0.154
I 06.17/11:39:15 solver.py:221 ] Epoch: [321/400][360/391] lr: 6.72e-05 | MSE loss: 1.1630e-06 | time: 0.153
I 06.17/11:39:18 solver.py:221 ] Epoch: [321/400][380/391] lr: 6.71e-05 | MSE loss: 1.1639e-06 | time: 0.153
I 06.17/11:39:20 solver.py:243 ] => Train  Loss: 1.1658e-06

I 06.17/11:39:20 solver.py:337 ] 
=! Best NMSE: -2.5687e+01 (epoch=320)

I 06.17/11:39:23 solver.py:221 ] Epoch: [322/400][20/391] lr: 6.71e-05 | MSE loss: 1.1963e-06 | time: 0.139
I 06.17/11:39:26 solver.py:221 ] Epoch: [322/400][40/391] lr: 6.71e-05 | MSE loss: 1.1869e-06 | time: 0.146
I 06.17/11:39:29 solver.py:221 ] Epoch: [322/400][60/391] lr: 6.71e-05 | MSE loss: 1.2027e-06 | time: 0.148
I 06.17/11:39:32 solver.py:221 ] Epoch: [322/400][80/391] lr: 6.70e-05 | MSE loss: 1.2138e-06 | time: 0.149
I 06.17/11:39:35 solver.py:221 ] Epoch: [322/400][100/391] lr: 6.70e-05 | MSE loss: 1.2034e-06 | time: 0.150
I 06.17/11:39:38 solver.py:221 ] Epoch: [322/400][120/391] lr: 6.70e-05 | MSE loss: 1.1787e-06 | time: 0.150
I 06.17/11:39:41 solver.py:221 ] Epoch: [322/400][140/391] lr: 6.70e-05 | MSE loss: 1.1669e-06 | time: 0.150
I 06.17/11:39:44 solver.py:221 ] Epoch: [322/400][160/391] lr: 6.70e-05 | MSE loss: 1.1573e-06 | time: 0.150
I 06.17/11:39:47 solver.py:221 ] Epoch: [322/400][180/391] lr: 6.69e-05 | MSE loss: 1.1512e-06 | time: 0.150
I 06.17/11:39:50 solver.py:221 ] Epoch: [322/400][200/391] lr: 6.69e-05 | MSE loss: 1.1412e-06 | time: 0.150
I 06.17/11:39:53 solver.py:221 ] Epoch: [322/400][220/391] lr: 6.69e-05 | MSE loss: 1.1307e-06 | time: 0.150
I 06.17/11:39:56 solver.py:221 ] Epoch: [322/400][240/391] lr: 6.69e-05 | MSE loss: 1.1555e-06 | time: 0.149
I 06.17/11:39:59 solver.py:221 ] Epoch: [322/400][260/391] lr: 6.69e-05 | MSE loss: 1.1581e-06 | time: 0.149
I 06.17/11:40:01 solver.py:221 ] Epoch: [322/400][280/391] lr: 6.68e-05 | MSE loss: 1.1517e-06 | time: 0.149
I 06.17/11:40:05 solver.py:221 ] Epoch: [322/400][300/391] lr: 6.68e-05 | MSE loss: 1.1549e-06 | time: 0.152
I 06.17/11:40:08 solver.py:221 ] Epoch: [322/400][320/391] lr: 6.68e-05 | MSE loss: 1.1678e-06 | time: 0.151
I 06.17/11:40:11 solver.py:221 ] Epoch: [322/400][340/391] lr: 6.68e-05 | MSE loss: 1.1721e-06 | time: 0.151
I 06.17/11:40:14 solver.py:221 ] Epoch: [322/400][360/391] lr: 6.67e-05 | MSE loss: 1.1738e-06 | time: 0.151
I 06.17/11:40:17 solver.py:221 ] Epoch: [322/400][380/391] lr: 6.67e-05 | MSE loss: 1.1857e-06 | time: 0.151
I 06.17/11:40:19 solver.py:243 ] => Train  Loss: 1.1867e-06

I 06.17/11:40:19 solver.py:337 ] 
=! Best NMSE: -2.5687e+01 (epoch=320)

I 06.17/11:40:22 solver.py:221 ] Epoch: [323/400][20/391] lr: 6.67e-05 | MSE loss: 1.1172e-06 | time: 0.137
I 06.17/11:40:25 solver.py:221 ] Epoch: [323/400][40/391] lr: 6.67e-05 | MSE loss: 1.1783e-06 | time: 0.144
I 06.17/11:40:28 solver.py:221 ] Epoch: [323/400][60/391] lr: 6.67e-05 | MSE loss: 1.1620e-06 | time: 0.144
I 06.17/11:40:31 solver.py:221 ] Epoch: [323/400][80/391] lr: 6.66e-05 | MSE loss: 1.1925e-06 | time: 0.146
I 06.17/11:40:34 solver.py:221 ] Epoch: [323/400][100/391] lr: 6.66e-05 | MSE loss: 1.1900e-06 | time: 0.148
I 06.17/11:40:37 solver.py:221 ] Epoch: [323/400][120/391] lr: 6.66e-05 | MSE loss: 1.1856e-06 | time: 0.147
I 06.17/11:40:40 solver.py:221 ] Epoch: [323/400][140/391] lr: 6.66e-05 | MSE loss: 1.1787e-06 | time: 0.147
I 06.17/11:40:43 solver.py:221 ] Epoch: [323/400][160/391] lr: 6.65e-05 | MSE loss: 1.1729e-06 | time: 0.148
I 06.17/11:40:46 solver.py:221 ] Epoch: [323/400][180/391] lr: 6.65e-05 | MSE loss: 1.1720e-06 | time: 0.148
I 06.17/11:40:49 solver.py:221 ] Epoch: [323/400][200/391] lr: 6.65e-05 | MSE loss: 1.1633e-06 | time: 0.148
I 06.17/11:40:52 solver.py:221 ] Epoch: [323/400][220/391] lr: 6.65e-05 | MSE loss: 1.1563e-06 | time: 0.148
I 06.17/11:40:55 solver.py:221 ] Epoch: [323/400][240/391] lr: 6.65e-05 | MSE loss: 1.1563e-06 | time: 0.149
I 06.17/11:40:59 solver.py:221 ] Epoch: [323/400][260/391] lr: 6.64e-05 | MSE loss: 1.1620e-06 | time: 0.151
I 06.17/11:41:04 solver.py:221 ] Epoch: [323/400][280/391] lr: 6.64e-05 | MSE loss: 1.1562e-06 | time: 0.160
I 06.17/11:41:07 solver.py:221 ] Epoch: [323/400][300/391] lr: 6.64e-05 | MSE loss: 1.1517e-06 | time: 0.160
I 06.17/11:41:11 solver.py:221 ] Epoch: [323/400][320/391] lr: 6.64e-05 | MSE loss: 1.1503e-06 | time: 0.160
I 06.17/11:41:14 solver.py:221 ] Epoch: [323/400][340/391] lr: 6.64e-05 | MSE loss: 1.1543e-06 | time: 0.160
I 06.17/11:41:17 solver.py:221 ] Epoch: [323/400][360/391] lr: 6.63e-05 | MSE loss: 1.1476e-06 | time: 0.159
I 06.17/11:41:20 solver.py:221 ] Epoch: [323/400][380/391] lr: 6.63e-05 | MSE loss: 1.1436e-06 | time: 0.159
I 06.17/11:41:22 solver.py:243 ] => Train  Loss: 1.1430e-06

I 06.17/11:41:22 solver.py:337 ] 
=! Best NMSE: -2.5687e+01 (epoch=320)

I 06.17/11:41:25 solver.py:221 ] Epoch: [324/400][20/391] lr: 6.63e-05 | MSE loss: 1.0771e-06 | time: 0.131
I 06.17/11:41:28 solver.py:221 ] Epoch: [324/400][40/391] lr: 6.63e-05 | MSE loss: 1.1870e-06 | time: 0.140
I 06.17/11:41:31 solver.py:221 ] Epoch: [324/400][60/391] lr: 6.62e-05 | MSE loss: 1.1609e-06 | time: 0.143
I 06.17/11:41:34 solver.py:221 ] Epoch: [324/400][80/391] lr: 6.62e-05 | MSE loss: 1.1478e-06 | time: 0.146
I 06.17/11:41:37 solver.py:221 ] Epoch: [324/400][100/391] lr: 6.62e-05 | MSE loss: 1.1375e-06 | time: 0.146
I 06.17/11:41:40 solver.py:221 ] Epoch: [324/400][120/391] lr: 6.62e-05 | MSE loss: 1.1433e-06 | time: 0.148
I 06.17/11:41:43 solver.py:221 ] Epoch: [324/400][140/391] lr: 6.62e-05 | MSE loss: 1.1745e-06 | time: 0.148
I 06.17/11:41:46 solver.py:221 ] Epoch: [324/400][160/391] lr: 6.61e-05 | MSE loss: 1.1790e-06 | time: 0.149
I 06.17/11:41:49 solver.py:221 ] Epoch: [324/400][180/391] lr: 6.61e-05 | MSE loss: 1.1761e-06 | time: 0.149
I 06.17/11:41:52 solver.py:221 ] Epoch: [324/400][200/391] lr: 6.61e-05 | MSE loss: 1.1672e-06 | time: 0.150
I 06.17/11:41:55 solver.py:221 ] Epoch: [324/400][220/391] lr: 6.61e-05 | MSE loss: 1.1699e-06 | time: 0.150
I 06.17/11:41:59 solver.py:221 ] Epoch: [324/400][240/391] lr: 6.61e-05 | MSE loss: 1.1634e-06 | time: 0.152
I 06.17/11:42:04 solver.py:221 ] Epoch: [324/400][260/391] lr: 6.60e-05 | MSE loss: 1.1606e-06 | time: 0.161
I 06.17/11:42:08 solver.py:221 ] Epoch: [324/400][280/391] lr: 6.60e-05 | MSE loss: 1.1586e-06 | time: 0.162
I 06.17/11:42:11 solver.py:221 ] Epoch: [324/400][300/391] lr: 6.60e-05 | MSE loss: 1.1670e-06 | time: 0.161
I 06.17/11:42:14 solver.py:221 ] Epoch: [324/400][320/391] lr: 6.60e-05 | MSE loss: 1.1715e-06 | time: 0.161
I 06.17/11:42:17 solver.py:221 ] Epoch: [324/400][340/391] lr: 6.60e-05 | MSE loss: 1.1692e-06 | time: 0.161
I 06.17/11:42:20 solver.py:221 ] Epoch: [324/400][360/391] lr: 6.59e-05 | MSE loss: 1.1627e-06 | time: 0.160
I 06.17/11:42:23 solver.py:221 ] Epoch: [324/400][380/391] lr: 6.59e-05 | MSE loss: 1.1715e-06 | time: 0.160
I 06.17/11:42:25 solver.py:243 ] => Train  Loss: 1.1843e-06

I 06.17/11:42:25 solver.py:337 ] 
=! Best NMSE: -2.5687e+01 (epoch=320)

I 06.17/11:42:28 solver.py:221 ] Epoch: [325/400][20/391] lr: 6.59e-05 | MSE loss: 1.1260e-06 | time: 0.139
I 06.17/11:42:31 solver.py:221 ] Epoch: [325/400][40/391] lr: 6.59e-05 | MSE loss: 1.1034e-06 | time: 0.145
I 06.17/11:42:34 solver.py:221 ] Epoch: [325/400][60/391] lr: 6.58e-05 | MSE loss: 1.1018e-06 | time: 0.147
I 06.17/11:42:37 solver.py:221 ] Epoch: [325/400][80/391] lr: 6.58e-05 | MSE loss: 1.1071e-06 | time: 0.149
I 06.17/11:42:40 solver.py:221 ] Epoch: [325/400][100/391] lr: 6.58e-05 | MSE loss: 1.1052e-06 | time: 0.150
I 06.17/11:42:43 solver.py:221 ] Epoch: [325/400][120/391] lr: 6.58e-05 | MSE loss: 1.1063e-06 | time: 0.150
I 06.17/11:42:46 solver.py:221 ] Epoch: [325/400][140/391] lr: 6.58e-05 | MSE loss: 1.1060e-06 | time: 0.150
I 06.17/11:42:49 solver.py:221 ] Epoch: [325/400][160/391] lr: 6.57e-05 | MSE loss: 1.1198e-06 | time: 0.150
I 06.17/11:42:52 solver.py:221 ] Epoch: [325/400][180/391] lr: 6.57e-05 | MSE loss: 1.1326e-06 | time: 0.150
I 06.17/11:42:55 solver.py:221 ] Epoch: [325/400][200/391] lr: 6.57e-05 | MSE loss: 1.1407e-06 | time: 0.150
I 06.17/11:42:58 solver.py:221 ] Epoch: [325/400][220/391] lr: 6.57e-05 | MSE loss: 1.1419e-06 | time: 0.151
I 06.17/11:43:01 solver.py:221 ] Epoch: [325/400][240/391] lr: 6.57e-05 | MSE loss: 1.1450e-06 | time: 0.151
I 06.17/11:43:05 solver.py:221 ] Epoch: [325/400][260/391] lr: 6.56e-05 | MSE loss: 1.1424e-06 | time: 0.155
I 06.17/11:43:08 solver.py:221 ] Epoch: [325/400][280/391] lr: 6.56e-05 | MSE loss: 1.1453e-06 | time: 0.154
I 06.17/11:43:11 solver.py:221 ] Epoch: [325/400][300/391] lr: 6.56e-05 | MSE loss: 1.1499e-06 | time: 0.154
I 06.17/11:43:14 solver.py:221 ] Epoch: [325/400][320/391] lr: 6.56e-05 | MSE loss: 1.1437e-06 | time: 0.153
I 06.17/11:43:17 solver.py:221 ] Epoch: [325/400][340/391] lr: 6.56e-05 | MSE loss: 1.1401e-06 | time: 0.153
I 06.17/11:43:20 solver.py:221 ] Epoch: [325/400][360/391] lr: 6.55e-05 | MSE loss: 1.1348e-06 | time: 0.153
I 06.17/11:43:23 solver.py:221 ] Epoch: [325/400][380/391] lr: 6.55e-05 | MSE loss: 1.1307e-06 | time: 0.153
I 06.17/11:43:25 solver.py:243 ] => Train  Loss: 1.1321e-06

I 06.17/11:43:25 solver.py:337 ] 
=! Best NMSE: -2.5687e+01 (epoch=320)

I 06.17/11:43:28 solver.py:221 ] Epoch: [326/400][20/391] lr: 6.55e-05 | MSE loss: 1.1498e-06 | time: 0.131
I 06.17/11:43:31 solver.py:221 ] Epoch: [326/400][40/391] lr: 6.55e-05 | MSE loss: 1.1411e-06 | time: 0.139
I 06.17/11:43:34 solver.py:221 ] Epoch: [326/400][60/391] lr: 6.54e-05 | MSE loss: 1.1440e-06 | time: 0.143
I 06.17/11:43:37 solver.py:221 ] Epoch: [326/400][80/391] lr: 6.54e-05 | MSE loss: 1.1503e-06 | time: 0.147
I 06.17/11:43:40 solver.py:221 ] Epoch: [326/400][100/391] lr: 6.54e-05 | MSE loss: 1.1630e-06 | time: 0.147
I 06.17/11:43:43 solver.py:221 ] Epoch: [326/400][120/391] lr: 6.54e-05 | MSE loss: 1.1551e-06 | time: 0.148
I 06.17/11:43:46 solver.py:221 ] Epoch: [326/400][140/391] lr: 6.54e-05 | MSE loss: 1.1663e-06 | time: 0.148
I 06.17/11:43:50 solver.py:221 ] Epoch: [326/400][160/391] lr: 6.53e-05 | MSE loss: 1.1689e-06 | time: 0.153
I 06.17/11:43:53 solver.py:221 ] Epoch: [326/400][180/391] lr: 6.53e-05 | MSE loss: 1.1788e-06 | time: 0.152
I 06.17/11:43:56 solver.py:221 ] Epoch: [326/400][200/391] lr: 6.53e-05 | MSE loss: 1.1812e-06 | time: 0.152
I 06.17/11:43:59 solver.py:221 ] Epoch: [326/400][220/391] lr: 6.53e-05 | MSE loss: 1.1762e-06 | time: 0.152
I 06.17/11:44:02 solver.py:221 ] Epoch: [326/400][240/391] lr: 6.53e-05 | MSE loss: 1.1726e-06 | time: 0.154
I 06.17/11:44:06 solver.py:221 ] Epoch: [326/400][260/391] lr: 6.52e-05 | MSE loss: 1.1730e-06 | time: 0.156
I 06.17/11:44:09 solver.py:221 ] Epoch: [326/400][280/391] lr: 6.52e-05 | MSE loss: 1.1708e-06 | time: 0.156
I 06.17/11:44:12 solver.py:221 ] Epoch: [326/400][300/391] lr: 6.52e-05 | MSE loss: 1.1674e-06 | time: 0.156
I 06.17/11:44:15 solver.py:221 ] Epoch: [326/400][320/391] lr: 6.52e-05 | MSE loss: 1.1598e-06 | time: 0.156
I 06.17/11:44:18 solver.py:221 ] Epoch: [326/400][340/391] lr: 6.52e-05 | MSE loss: 1.1607e-06 | time: 0.156
I 06.17/11:44:22 solver.py:221 ] Epoch: [326/400][360/391] lr: 6.51e-05 | MSE loss: 1.1607e-06 | time: 0.156
I 06.17/11:44:25 solver.py:221 ] Epoch: [326/400][380/391] lr: 6.51e-05 | MSE loss: 1.1623e-06 | time: 0.156
I 06.17/11:44:26 solver.py:243 ] => Train  Loss: 1.1646e-06

I 06.17/11:44:26 solver.py:337 ] 
=! Best NMSE: -2.5687e+01 (epoch=320)

I 06.17/11:44:29 solver.py:221 ] Epoch: [327/400][20/391] lr: 6.51e-05 | MSE loss: 1.2044e-06 | time: 0.134
I 06.17/11:44:32 solver.py:221 ] Epoch: [327/400][40/391] lr: 6.51e-05 | MSE loss: 1.1974e-06 | time: 0.144
I 06.17/11:44:35 solver.py:221 ] Epoch: [327/400][60/391] lr: 6.50e-05 | MSE loss: 1.1769e-06 | time: 0.145
I 06.17/11:44:38 solver.py:221 ] Epoch: [327/400][80/391] lr: 6.50e-05 | MSE loss: 1.1710e-06 | time: 0.146
I 06.17/11:44:41 solver.py:221 ] Epoch: [327/400][100/391] lr: 6.50e-05 | MSE loss: 1.1537e-06 | time: 0.147
I 06.17/11:44:45 solver.py:221 ] Epoch: [327/400][120/391] lr: 6.50e-05 | MSE loss: 1.1467e-06 | time: 0.149
I 06.17/11:44:48 solver.py:221 ] Epoch: [327/400][140/391] lr: 6.50e-05 | MSE loss: 1.1456e-06 | time: 0.151
I 06.17/11:44:51 solver.py:221 ] Epoch: [327/400][160/391] lr: 6.49e-05 | MSE loss: 1.1354e-06 | time: 0.152
I 06.17/11:44:54 solver.py:221 ] Epoch: [327/400][180/391] lr: 6.49e-05 | MSE loss: 1.1261e-06 | time: 0.150
I 06.17/11:44:57 solver.py:221 ] Epoch: [327/400][200/391] lr: 6.49e-05 | MSE loss: 1.1246e-06 | time: 0.152
I 06.17/11:45:00 solver.py:221 ] Epoch: [327/400][220/391] lr: 6.49e-05 | MSE loss: 1.1171e-06 | time: 0.152
I 06.17/11:45:04 solver.py:221 ] Epoch: [327/400][240/391] lr: 6.49e-05 | MSE loss: 1.1108e-06 | time: 0.157
I 06.17/11:45:07 solver.py:221 ] Epoch: [327/400][260/391] lr: 6.48e-05 | MSE loss: 1.1200e-06 | time: 0.157
I 06.17/11:45:11 solver.py:221 ] Epoch: [327/400][280/391] lr: 6.48e-05 | MSE loss: 1.1312e-06 | time: 0.157
I 06.17/11:45:14 solver.py:221 ] Epoch: [327/400][300/391] lr: 6.48e-05 | MSE loss: 1.1340e-06 | time: 0.157
I 06.17/11:45:17 solver.py:221 ] Epoch: [327/400][320/391] lr: 6.48e-05 | MSE loss: 1.1403e-06 | time: 0.156
I 06.17/11:45:20 solver.py:221 ] Epoch: [327/400][340/391] lr: 6.48e-05 | MSE loss: 1.1406e-06 | time: 0.156
I 06.17/11:45:23 solver.py:221 ] Epoch: [327/400][360/391] lr: 6.47e-05 | MSE loss: 1.1438e-06 | time: 0.155
I 06.17/11:45:26 solver.py:221 ] Epoch: [327/400][380/391] lr: 6.47e-05 | MSE loss: 1.1535e-06 | time: 0.156
I 06.17/11:45:28 solver.py:243 ] => Train  Loss: 1.1506e-06

I 06.17/11:45:28 solver.py:337 ] 
=! Best NMSE: -2.5687e+01 (epoch=320)

I 06.17/11:45:31 solver.py:221 ] Epoch: [328/400][20/391] lr: 6.47e-05 | MSE loss: 1.0320e-06 | time: 0.136
I 06.17/11:45:34 solver.py:221 ] Epoch: [328/400][40/391] lr: 6.47e-05 | MSE loss: 1.0530e-06 | time: 0.139
I 06.17/11:45:37 solver.py:221 ] Epoch: [328/400][60/391] lr: 6.47e-05 | MSE loss: 1.0514e-06 | time: 0.142
I 06.17/11:45:40 solver.py:221 ] Epoch: [328/400][80/391] lr: 6.46e-05 | MSE loss: 1.0503e-06 | time: 0.144
I 06.17/11:45:43 solver.py:221 ] Epoch: [328/400][100/391] lr: 6.46e-05 | MSE loss: 1.0544e-06 | time: 0.145
I 06.17/11:45:46 solver.py:221 ] Epoch: [328/400][120/391] lr: 6.46e-05 | MSE loss: 1.0663e-06 | time: 0.145
I 06.17/11:45:49 solver.py:221 ] Epoch: [328/400][140/391] lr: 6.46e-05 | MSE loss: 1.0791e-06 | time: 0.146
I 06.17/11:45:52 solver.py:221 ] Epoch: [328/400][160/391] lr: 6.46e-05 | MSE loss: 1.0924e-06 | time: 0.146
I 06.17/11:45:55 solver.py:221 ] Epoch: [328/400][180/391] lr: 6.45e-05 | MSE loss: 1.1322e-06 | time: 0.147
I 06.17/11:45:58 solver.py:221 ] Epoch: [328/400][200/391] lr: 6.45e-05 | MSE loss: 1.1596e-06 | time: 0.147
I 06.17/11:46:01 solver.py:221 ] Epoch: [328/400][220/391] lr: 6.45e-05 | MSE loss: 1.1549e-06 | time: 0.149
I 06.17/11:46:06 solver.py:221 ] Epoch: [328/400][240/391] lr: 6.45e-05 | MSE loss: 1.1522e-06 | time: 0.156
I 06.17/11:46:09 solver.py:221 ] Epoch: [328/400][260/391] lr: 6.45e-05 | MSE loss: 1.1480e-06 | time: 0.155
I 06.17/11:46:12 solver.py:221 ] Epoch: [328/400][280/391] lr: 6.44e-05 | MSE loss: 1.1491e-06 | time: 0.154
I 06.17/11:46:15 solver.py:221 ] Epoch: [328/400][300/391] lr: 6.44e-05 | MSE loss: 1.1523e-06 | time: 0.154
I 06.17/11:46:18 solver.py:221 ] Epoch: [328/400][320/391] lr: 6.44e-05 | MSE loss: 1.1567e-06 | time: 0.154
I 06.17/11:46:20 solver.py:221 ] Epoch: [328/400][340/391] lr: 6.44e-05 | MSE loss: 1.1548e-06 | time: 0.153
I 06.17/11:46:23 solver.py:221 ] Epoch: [328/400][360/391] lr: 6.44e-05 | MSE loss: 1.1534e-06 | time: 0.153
I 06.17/11:46:26 solver.py:221 ] Epoch: [328/400][380/391] lr: 6.43e-05 | MSE loss: 1.1573e-06 | time: 0.152
I 06.17/11:46:28 solver.py:243 ] => Train  Loss: 1.1597e-06

I 06.17/11:46:28 solver.py:337 ] 
=! Best NMSE: -2.5687e+01 (epoch=320)

I 06.17/11:46:31 solver.py:221 ] Epoch: [329/400][20/391] lr: 6.43e-05 | MSE loss: 1.2213e-06 | time: 0.149
I 06.17/11:46:35 solver.py:221 ] Epoch: [329/400][40/391] lr: 6.43e-05 | MSE loss: 1.1676e-06 | time: 0.160
I 06.17/11:46:38 solver.py:221 ] Epoch: [329/400][60/391] lr: 6.43e-05 | MSE loss: 1.1546e-06 | time: 0.157
I 06.17/11:46:41 solver.py:221 ] Epoch: [329/400][80/391] lr: 6.42e-05 | MSE loss: 1.1544e-06 | time: 0.155
I 06.17/11:46:44 solver.py:221 ] Epoch: [329/400][100/391] lr: 6.42e-05 | MSE loss: 1.1527e-06 | time: 0.155
I 06.17/11:46:47 solver.py:221 ] Epoch: [329/400][120/391] lr: 6.42e-05 | MSE loss: 1.1444e-06 | time: 0.153
I 06.17/11:46:50 solver.py:221 ] Epoch: [329/400][140/391] lr: 6.42e-05 | MSE loss: 1.1403e-06 | time: 0.153
I 06.17/11:46:53 solver.py:221 ] Epoch: [329/400][160/391] lr: 6.42e-05 | MSE loss: 1.1477e-06 | time: 0.152
I 06.17/11:46:56 solver.py:221 ] Epoch: [329/400][180/391] lr: 6.41e-05 | MSE loss: 1.1418e-06 | time: 0.152
I 06.17/11:46:59 solver.py:221 ] Epoch: [329/400][200/391] lr: 6.41e-05 | MSE loss: 1.1427e-06 | time: 0.152
I 06.17/11:47:02 solver.py:221 ] Epoch: [329/400][220/391] lr: 6.41e-05 | MSE loss: 1.1378e-06 | time: 0.153
I 06.17/11:47:06 solver.py:221 ] Epoch: [329/400][240/391] lr: 6.41e-05 | MSE loss: 1.1351e-06 | time: 0.156
I 06.17/11:47:09 solver.py:221 ] Epoch: [329/400][260/391] lr: 6.41e-05 | MSE loss: 1.1335e-06 | time: 0.156
I 06.17/11:47:12 solver.py:221 ] Epoch: [329/400][280/391] lr: 6.40e-05 | MSE loss: 1.1288e-06 | time: 0.155
I 06.17/11:47:15 solver.py:221 ] Epoch: [329/400][300/391] lr: 6.40e-05 | MSE loss: 1.1283e-06 | time: 0.154
I 06.17/11:47:17 solver.py:221 ] Epoch: [329/400][320/391] lr: 6.40e-05 | MSE loss: 1.1234e-06 | time: 0.154
I 06.17/11:47:20 solver.py:221 ] Epoch: [329/400][340/391] lr: 6.40e-05 | MSE loss: 1.1218e-06 | time: 0.153
I 06.17/11:47:23 solver.py:221 ] Epoch: [329/400][360/391] lr: 6.40e-05 | MSE loss: 1.1203e-06 | time: 0.153
I 06.17/11:47:26 solver.py:221 ] Epoch: [329/400][380/391] lr: 6.40e-05 | MSE loss: 1.1184e-06 | time: 0.153
I 06.17/11:47:28 solver.py:243 ] => Train  Loss: 1.1178e-06

I 06.17/11:47:28 solver.py:337 ] 
=! Best NMSE: -2.5687e+01 (epoch=320)

I 06.17/11:47:31 solver.py:221 ] Epoch: [330/400][20/391] lr: 6.39e-05 | MSE loss: 1.0358e-06 | time: 0.141
I 06.17/11:47:34 solver.py:221 ] Epoch: [330/400][40/391] lr: 6.39e-05 | MSE loss: 1.0739e-06 | time: 0.144
I 06.17/11:47:37 solver.py:221 ] Epoch: [330/400][60/391] lr: 6.39e-05 | MSE loss: 1.0998e-06 | time: 0.145
I 06.17/11:47:40 solver.py:221 ] Epoch: [330/400][80/391] lr: 6.39e-05 | MSE loss: 1.1262e-06 | time: 0.146
I 06.17/11:47:43 solver.py:221 ] Epoch: [330/400][100/391] lr: 6.38e-05 | MSE loss: 1.1240e-06 | time: 0.146
I 06.17/11:47:46 solver.py:221 ] Epoch: [330/400][120/391] lr: 6.38e-05 | MSE loss: 1.1203e-06 | time: 0.146
I 06.17/11:47:49 solver.py:221 ] Epoch: [330/400][140/391] lr: 6.38e-05 | MSE loss: 1.1367e-06 | time: 0.146
I 06.17/11:47:52 solver.py:221 ] Epoch: [330/400][160/391] lr: 6.38e-05 | MSE loss: 1.1299e-06 | time: 0.147
I 06.17/11:47:55 solver.py:221 ] Epoch: [330/400][180/391] lr: 6.38e-05 | MSE loss: 1.1312e-06 | time: 0.147
I 06.17/11:47:58 solver.py:221 ] Epoch: [330/400][200/391] lr: 6.37e-05 | MSE loss: 1.1369e-06 | time: 0.148
I 06.17/11:48:01 solver.py:221 ] Epoch: [330/400][220/391] lr: 6.37e-05 | MSE loss: 1.1541e-06 | time: 0.148
I 06.17/11:48:05 solver.py:221 ] Epoch: [330/400][240/391] lr: 6.37e-05 | MSE loss: 1.1586e-06 | time: 0.154
I 06.17/11:48:08 solver.py:221 ] Epoch: [330/400][260/391] lr: 6.37e-05 | MSE loss: 1.1591e-06 | time: 0.153
I 06.17/11:48:11 solver.py:221 ] Epoch: [330/400][280/391] lr: 6.37e-05 | MSE loss: 1.1574e-06 | time: 0.153
I 06.17/11:48:14 solver.py:221 ] Epoch: [330/400][300/391] lr: 6.37e-05 | MSE loss: 1.1787e-06 | time: 0.153
I 06.17/11:48:18 solver.py:221 ] Epoch: [330/400][320/391] lr: 6.36e-05 | MSE loss: 1.1757e-06 | time: 0.154
I 06.17/11:48:20 solver.py:221 ] Epoch: [330/400][340/391] lr: 6.36e-05 | MSE loss: 1.1705e-06 | time: 0.153
I 06.17/11:48:23 solver.py:221 ] Epoch: [330/400][360/391] lr: 6.36e-05 | MSE loss: 1.1681e-06 | time: 0.153
I 06.17/11:48:26 solver.py:221 ] Epoch: [330/400][380/391] lr: 6.36e-05 | MSE loss: 1.1641e-06 | time: 0.152
I 06.17/11:48:28 solver.py:243 ] => Train  Loss: 1.1622e-06

I 06.17/11:48:29 solver.py:221 ] Epoch: [330/400][20/118] lr: 6.36e-05 | MSE loss: 1.2320e-06 | time: 0.055
I 06.17/11:48:30 solver.py:221 ] Epoch: [330/400][40/118] lr: 6.36e-05 | MSE loss: 1.2213e-06 | time: 0.053
I 06.17/11:48:31 solver.py:221 ] Epoch: [330/400][60/118] lr: 6.36e-05 | MSE loss: 1.2395e-06 | time: 0.052
I 06.17/11:48:32 solver.py:221 ] Epoch: [330/400][80/118] lr: 6.36e-05 | MSE loss: 1.2406e-06 | time: 0.048
I 06.17/11:48:33 solver.py:221 ] Epoch: [330/400][100/118] lr: 6.36e-05 | MSE loss: 1.2382e-06 | time: 0.046
I 06.17/11:48:33 solver.py:243 ] => Val  Loss: 1.2371e-06

I 06.17/11:48:34 solver.py:471 ] [20/79] loss: 1.2805e-06 | NMSE: -2.5479e+01 | time: 0.030
I 06.17/11:48:35 solver.py:471 ] [40/79] loss: 1.2546e-06 | NMSE: -2.5570e+01 | time: 0.032
I 06.17/11:48:36 solver.py:471 ] [60/79] loss: 1.2523e-06 | NMSE: -2.5568e+01 | time: 0.039
I 06.17/11:48:37 solver.py:476 ] => Test NMSE: -2.5585e+01

I 06.17/11:48:37 solver.py:337 ] 
=! Best NMSE: -2.5687e+01 (epoch=320)

I 06.17/11:48:40 solver.py:221 ] Epoch: [331/400][20/391] lr: 6.35e-05 | MSE loss: 1.1965e-06 | time: 0.153
I 06.17/11:48:43 solver.py:221 ] Epoch: [331/400][40/391] lr: 6.35e-05 | MSE loss: 1.2663e-06 | time: 0.151
I 06.17/11:48:46 solver.py:221 ] Epoch: [331/400][60/391] lr: 6.35e-05 | MSE loss: 1.2317e-06 | time: 0.149
I 06.17/11:48:49 solver.py:221 ] Epoch: [331/400][80/391] lr: 6.35e-05 | MSE loss: 1.2434e-06 | time: 0.148
I 06.17/11:48:52 solver.py:221 ] Epoch: [331/400][100/391] lr: 6.35e-05 | MSE loss: 1.2474e-06 | time: 0.149
I 06.17/11:48:54 solver.py:221 ] Epoch: [331/400][120/391] lr: 6.34e-05 | MSE loss: 1.2318e-06 | time: 0.147
I 06.17/11:48:57 solver.py:221 ] Epoch: [331/400][140/391] lr: 6.34e-05 | MSE loss: 1.2083e-06 | time: 0.146
I 06.17/11:49:00 solver.py:221 ] Epoch: [331/400][160/391] lr: 6.34e-05 | MSE loss: 1.1891e-06 | time: 0.147
I 06.17/11:49:05 solver.py:221 ] Epoch: [331/400][180/391] lr: 6.34e-05 | MSE loss: 1.1777e-06 | time: 0.156
I 06.17/11:49:08 solver.py:221 ] Epoch: [331/400][200/391] lr: 6.34e-05 | MSE loss: 1.1696e-06 | time: 0.155
I 06.17/11:49:11 solver.py:221 ] Epoch: [331/400][220/391] lr: 6.34e-05 | MSE loss: 1.1617e-06 | time: 0.156
I 06.17/11:49:14 solver.py:221 ] Epoch: [331/400][240/391] lr: 6.33e-05 | MSE loss: 1.1601e-06 | time: 0.156
I 06.17/11:49:17 solver.py:221 ] Epoch: [331/400][260/391] lr: 6.33e-05 | MSE loss: 1.1538e-06 | time: 0.155
I 06.17/11:49:20 solver.py:221 ] Epoch: [331/400][280/391] lr: 6.33e-05 | MSE loss: 1.1479e-06 | time: 0.155
I 06.17/11:49:23 solver.py:221 ] Epoch: [331/400][300/391] lr: 6.33e-05 | MSE loss: 1.1387e-06 | time: 0.155
I 06.17/11:49:26 solver.py:221 ] Epoch: [331/400][320/391] lr: 6.33e-05 | MSE loss: 1.1361e-06 | time: 0.155
I 06.17/11:49:30 solver.py:221 ] Epoch: [331/400][340/391] lr: 6.32e-05 | MSE loss: 1.1325e-06 | time: 0.155
I 06.17/11:49:33 solver.py:221 ] Epoch: [331/400][360/391] lr: 6.32e-05 | MSE loss: 1.1300e-06 | time: 0.155
I 06.17/11:49:36 solver.py:221 ] Epoch: [331/400][380/391] lr: 6.32e-05 | MSE loss: 1.1280e-06 | time: 0.154
I 06.17/11:49:37 solver.py:243 ] => Train  Loss: 1.1284e-06

I 06.17/11:49:37 solver.py:337 ] 
=! Best NMSE: -2.5687e+01 (epoch=320)

I 06.17/11:49:41 solver.py:221 ] Epoch: [332/400][20/391] lr: 6.32e-05 | MSE loss: 1.0857e-06 | time: 0.158
I 06.17/11:49:44 solver.py:221 ] Epoch: [332/400][40/391] lr: 6.32e-05 | MSE loss: 1.1364e-06 | time: 0.148
I 06.17/11:49:47 solver.py:221 ] Epoch: [332/400][60/391] lr: 6.31e-05 | MSE loss: 1.1510e-06 | time: 0.151
I 06.17/11:49:50 solver.py:221 ] Epoch: [332/400][80/391] lr: 6.31e-05 | MSE loss: 1.1288e-06 | time: 0.150
I 06.17/11:49:53 solver.py:221 ] Epoch: [332/400][100/391] lr: 6.31e-05 | MSE loss: 1.1309e-06 | time: 0.152
I 06.17/11:49:56 solver.py:221 ] Epoch: [332/400][120/391] lr: 6.31e-05 | MSE loss: 1.1552e-06 | time: 0.152
I 06.17/11:49:59 solver.py:221 ] Epoch: [332/400][140/391] lr: 6.31e-05 | MSE loss: 1.1593e-06 | time: 0.152
I 06.17/11:50:03 solver.py:221 ] Epoch: [332/400][160/391] lr: 6.30e-05 | MSE loss: 1.1563e-06 | time: 0.158
I 06.17/11:50:06 solver.py:221 ] Epoch: [332/400][180/391] lr: 6.30e-05 | MSE loss: 1.1481e-06 | time: 0.160
I 06.17/11:50:10 solver.py:221 ] Epoch: [332/400][200/391] lr: 6.30e-05 | MSE loss: 1.1466e-06 | time: 0.159
I 06.17/11:50:12 solver.py:221 ] Epoch: [332/400][220/391] lr: 6.30e-05 | MSE loss: 1.1418e-06 | time: 0.158
I 06.17/11:50:15 solver.py:221 ] Epoch: [332/400][240/391] lr: 6.30e-05 | MSE loss: 1.1447e-06 | time: 0.158
I 06.17/11:50:18 solver.py:221 ] Epoch: [332/400][260/391] lr: 6.29e-05 | MSE loss: 1.1407e-06 | time: 0.157
I 06.17/11:50:21 solver.py:221 ] Epoch: [332/400][280/391] lr: 6.29e-05 | MSE loss: 1.1362e-06 | time: 0.156
I 06.17/11:50:24 solver.py:221 ] Epoch: [332/400][300/391] lr: 6.29e-05 | MSE loss: 1.1444e-06 | time: 0.156
I 06.17/11:50:27 solver.py:221 ] Epoch: [332/400][320/391] lr: 6.29e-05 | MSE loss: 1.1423e-06 | time: 0.155
I 06.17/11:50:30 solver.py:221 ] Epoch: [332/400][340/391] lr: 6.29e-05 | MSE loss: 1.1485e-06 | time: 0.154
I 06.17/11:50:33 solver.py:221 ] Epoch: [332/400][360/391] lr: 6.29e-05 | MSE loss: 1.1493e-06 | time: 0.154
I 06.17/11:50:36 solver.py:221 ] Epoch: [332/400][380/391] lr: 6.28e-05 | MSE loss: 1.1470e-06 | time: 0.154
I 06.17/11:50:38 solver.py:243 ] => Train  Loss: 1.1473e-06

I 06.17/11:50:38 solver.py:337 ] 
=! Best NMSE: -2.5687e+01 (epoch=320)

I 06.17/11:50:41 solver.py:221 ] Epoch: [333/400][20/391] lr: 6.28e-05 | MSE loss: 1.1318e-06 | time: 0.152
I 06.17/11:50:44 solver.py:221 ] Epoch: [333/400][40/391] lr: 6.28e-05 | MSE loss: 1.1020e-06 | time: 0.149
I 06.17/11:50:47 solver.py:221 ] Epoch: [333/400][60/391] lr: 6.28e-05 | MSE loss: 1.1314e-06 | time: 0.149
I 06.17/11:50:50 solver.py:221 ] Epoch: [333/400][80/391] lr: 6.27e-05 | MSE loss: 1.1316e-06 | time: 0.152
I 06.17/11:50:53 solver.py:221 ] Epoch: [333/400][100/391] lr: 6.27e-05 | MSE loss: 1.1300e-06 | time: 0.153
I 06.17/11:50:57 solver.py:221 ] Epoch: [333/400][120/391] lr: 6.27e-05 | MSE loss: 1.1215e-06 | time: 0.155
I 06.17/11:51:00 solver.py:221 ] Epoch: [333/400][140/391] lr: 6.27e-05 | MSE loss: 1.1210e-06 | time: 0.155
I 06.17/11:51:04 solver.py:221 ] Epoch: [333/400][160/391] lr: 6.27e-05 | MSE loss: 1.1124e-06 | time: 0.165
I 06.17/11:51:08 solver.py:221 ] Epoch: [333/400][180/391] lr: 6.27e-05 | MSE loss: 1.1044e-06 | time: 0.164
I 06.17/11:51:11 solver.py:221 ] Epoch: [333/400][200/391] lr: 6.26e-05 | MSE loss: 1.1038e-06 | time: 0.162
I 06.17/11:51:14 solver.py:221 ] Epoch: [333/400][220/391] lr: 6.26e-05 | MSE loss: 1.1010e-06 | time: 0.161
I 06.17/11:51:17 solver.py:221 ] Epoch: [333/400][240/391] lr: 6.26e-05 | MSE loss: 1.0973e-06 | time: 0.160
I 06.17/11:51:20 solver.py:221 ] Epoch: [333/400][260/391] lr: 6.26e-05 | MSE loss: 1.0977e-06 | time: 0.159
I 06.17/11:51:23 solver.py:221 ] Epoch: [333/400][280/391] lr: 6.26e-05 | MSE loss: 1.0972e-06 | time: 0.158
I 06.17/11:51:25 solver.py:221 ] Epoch: [333/400][300/391] lr: 6.25e-05 | MSE loss: 1.0956e-06 | time: 0.157
I 06.17/11:51:28 solver.py:221 ] Epoch: [333/400][320/391] lr: 6.25e-05 | MSE loss: 1.0932e-06 | time: 0.157
I 06.17/11:51:31 solver.py:221 ] Epoch: [333/400][340/391] lr: 6.25e-05 | MSE loss: 1.0910e-06 | time: 0.156
I 06.17/11:51:34 solver.py:221 ] Epoch: [333/400][360/391] lr: 6.25e-05 | MSE loss: 1.0924e-06 | time: 0.155
I 06.17/11:51:37 solver.py:221 ] Epoch: [333/400][380/391] lr: 6.25e-05 | MSE loss: 1.0960e-06 | time: 0.155
I 06.17/11:51:39 solver.py:243 ] => Train  Loss: 1.0954e-06

I 06.17/11:51:39 solver.py:337 ] 
=! Best NMSE: -2.5687e+01 (epoch=320)

I 06.17/11:51:42 solver.py:221 ] Epoch: [334/400][20/391] lr: 6.24e-05 | MSE loss: 1.0878e-06 | time: 0.147
I 06.17/11:51:45 solver.py:221 ] Epoch: [334/400][40/391] lr: 6.24e-05 | MSE loss: 1.1122e-06 | time: 0.149
I 06.17/11:51:48 solver.py:221 ] Epoch: [334/400][60/391] lr: 6.24e-05 | MSE loss: 1.1096e-06 | time: 0.152
I 06.17/11:51:51 solver.py:221 ] Epoch: [334/400][80/391] lr: 6.24e-05 | MSE loss: 1.1220e-06 | time: 0.147
I 06.17/11:51:54 solver.py:221 ] Epoch: [334/400][100/391] lr: 6.24e-05 | MSE loss: 1.1100e-06 | time: 0.152
I 06.17/11:51:57 solver.py:221 ] Epoch: [334/400][120/391] lr: 6.23e-05 | MSE loss: 1.0954e-06 | time: 0.149
I 06.17/11:52:00 solver.py:221 ] Epoch: [334/400][140/391] lr: 6.23e-05 | MSE loss: 1.0797e-06 | time: 0.149
I 06.17/11:52:06 solver.py:221 ] Epoch: [334/400][160/391] lr: 6.23e-05 | MSE loss: 1.1047e-06 | time: 0.166
I 06.17/11:52:09 solver.py:221 ] Epoch: [334/400][180/391] lr: 6.23e-05 | MSE loss: 1.1166e-06 | time: 0.163
I 06.17/11:52:12 solver.py:221 ] Epoch: [334/400][200/391] lr: 6.23e-05 | MSE loss: 1.1187e-06 | time: 0.162
I 06.17/11:52:14 solver.py:221 ] Epoch: [334/400][220/391] lr: 6.23e-05 | MSE loss: 1.1207e-06 | time: 0.160
I 06.17/11:52:17 solver.py:221 ] Epoch: [334/400][240/391] lr: 6.22e-05 | MSE loss: 1.1238e-06 | time: 0.159
I 06.17/11:52:20 solver.py:221 ] Epoch: [334/400][260/391] lr: 6.22e-05 | MSE loss: 1.1229e-06 | time: 0.159
I 06.17/11:52:23 solver.py:221 ] Epoch: [334/400][280/391] lr: 6.22e-05 | MSE loss: 1.1217e-06 | time: 0.158
I 06.17/11:52:26 solver.py:221 ] Epoch: [334/400][300/391] lr: 6.22e-05 | MSE loss: 1.1293e-06 | time: 0.157
I 06.17/11:52:29 solver.py:221 ] Epoch: [334/400][320/391] lr: 6.22e-05 | MSE loss: 1.1270e-06 | time: 0.157
I 06.17/11:52:32 solver.py:221 ] Epoch: [334/400][340/391] lr: 6.21e-05 | MSE loss: 1.1258e-06 | time: 0.156
I 06.17/11:52:35 solver.py:221 ] Epoch: [334/400][360/391] lr: 6.21e-05 | MSE loss: 1.1248e-06 | time: 0.156
I 06.17/11:52:38 solver.py:221 ] Epoch: [334/400][380/391] lr: 6.21e-05 | MSE loss: 1.1218e-06 | time: 0.155
I 06.17/11:52:40 solver.py:243 ] => Train  Loss: 1.1247e-06

I 06.17/11:52:40 solver.py:337 ] 
=! Best NMSE: -2.5687e+01 (epoch=320)

I 06.17/11:52:43 solver.py:221 ] Epoch: [335/400][20/391] lr: 6.21e-05 | MSE loss: 1.2185e-06 | time: 0.161
I 06.17/11:52:47 solver.py:221 ] Epoch: [335/400][40/391] lr: 6.21e-05 | MSE loss: 1.1519e-06 | time: 0.162
I 06.17/11:52:50 solver.py:221 ] Epoch: [335/400][60/391] lr: 6.20e-05 | MSE loss: 1.1223e-06 | time: 0.157
I 06.17/11:52:53 solver.py:221 ] Epoch: [335/400][80/391] lr: 6.20e-05 | MSE loss: 1.1148e-06 | time: 0.155
I 06.17/11:52:56 solver.py:221 ] Epoch: [335/400][100/391] lr: 6.20e-05 | MSE loss: 1.1093e-06 | time: 0.154
I 06.17/11:52:59 solver.py:221 ] Epoch: [335/400][120/391] lr: 6.20e-05 | MSE loss: 1.1077e-06 | time: 0.154
I 06.17/11:53:02 solver.py:221 ] Epoch: [335/400][140/391] lr: 6.20e-05 | MSE loss: 1.1109e-06 | time: 0.155
I 06.17/11:53:06 solver.py:221 ] Epoch: [335/400][160/391] lr: 6.20e-05 | MSE loss: 1.1260e-06 | time: 0.161
I 06.17/11:53:09 solver.py:221 ] Epoch: [335/400][180/391] lr: 6.19e-05 | MSE loss: 1.1423e-06 | time: 0.160
I 06.17/11:53:12 solver.py:221 ] Epoch: [335/400][200/391] lr: 6.19e-05 | MSE loss: 1.1432e-06 | time: 0.159
I 06.17/11:53:15 solver.py:221 ] Epoch: [335/400][220/391] lr: 6.19e-05 | MSE loss: 1.1492e-06 | time: 0.158
I 06.17/11:53:18 solver.py:221 ] Epoch: [335/400][240/391] lr: 6.19e-05 | MSE loss: 1.1634e-06 | time: 0.157
I 06.17/11:53:21 solver.py:221 ] Epoch: [335/400][260/391] lr: 6.19e-05 | MSE loss: 1.1648e-06 | time: 0.156
I 06.17/11:53:24 solver.py:221 ] Epoch: [335/400][280/391] lr: 6.18e-05 | MSE loss: 1.1719e-06 | time: 0.156
I 06.17/11:53:27 solver.py:221 ] Epoch: [335/400][300/391] lr: 6.18e-05 | MSE loss: 1.1727e-06 | time: 0.156
I 06.17/11:53:30 solver.py:221 ] Epoch: [335/400][320/391] lr: 6.18e-05 | MSE loss: 1.1673e-06 | time: 0.156
I 06.17/11:53:33 solver.py:221 ] Epoch: [335/400][340/391] lr: 6.18e-05 | MSE loss: 1.1619e-06 | time: 0.155
I 06.17/11:53:36 solver.py:221 ] Epoch: [335/400][360/391] lr: 6.18e-05 | MSE loss: 1.1584e-06 | time: 0.155
I 06.17/11:53:39 solver.py:221 ] Epoch: [335/400][380/391] lr: 6.18e-05 | MSE loss: 1.1602e-06 | time: 0.154
I 06.17/11:53:40 solver.py:243 ] => Train  Loss: 1.1613e-06

I 06.17/11:53:40 solver.py:337 ] 
=! Best NMSE: -2.5687e+01 (epoch=320)

I 06.17/11:53:43 solver.py:221 ] Epoch: [336/400][20/391] lr: 6.17e-05 | MSE loss: 1.0783e-06 | time: 0.129
I 06.17/11:53:46 solver.py:221 ] Epoch: [336/400][40/391] lr: 6.17e-05 | MSE loss: 1.0794e-06 | time: 0.137
I 06.17/11:53:49 solver.py:221 ] Epoch: [336/400][60/391] lr: 6.17e-05 | MSE loss: 1.0943e-06 | time: 0.141
I 06.17/11:53:52 solver.py:221 ] Epoch: [336/400][80/391] lr: 6.17e-05 | MSE loss: 1.0938e-06 | time: 0.144
I 06.17/11:53:55 solver.py:221 ] Epoch: [336/400][100/391] lr: 6.17e-05 | MSE loss: 1.1275e-06 | time: 0.146
I 06.17/11:53:58 solver.py:221 ] Epoch: [336/400][120/391] lr: 6.16e-05 | MSE loss: 1.1253e-06 | time: 0.147
I 06.17/11:54:01 solver.py:221 ] Epoch: [336/400][140/391] lr: 6.16e-05 | MSE loss: 1.1199e-06 | time: 0.147
I 06.17/11:54:05 solver.py:221 ] Epoch: [336/400][160/391] lr: 6.16e-05 | MSE loss: 1.1329e-06 | time: 0.155
I 06.17/11:54:09 solver.py:221 ] Epoch: [336/400][180/391] lr: 6.16e-05 | MSE loss: 1.1303e-06 | time: 0.154
I 06.17/11:54:12 solver.py:221 ] Epoch: [336/400][200/391] lr: 6.16e-05 | MSE loss: 1.1265e-06 | time: 0.154
I 06.17/11:54:15 solver.py:221 ] Epoch: [336/400][220/391] lr: 6.15e-05 | MSE loss: 1.1210e-06 | time: 0.154
I 06.17/11:54:18 solver.py:221 ] Epoch: [336/400][240/391] lr: 6.15e-05 | MSE loss: 1.1144e-06 | time: 0.155
I 06.17/11:54:21 solver.py:221 ] Epoch: [336/400][260/391] lr: 6.15e-05 | MSE loss: 1.1116e-06 | time: 0.155
I 06.17/11:54:24 solver.py:221 ] Epoch: [336/400][280/391] lr: 6.15e-05 | MSE loss: 1.1127e-06 | time: 0.155
I 06.17/11:54:27 solver.py:221 ] Epoch: [336/400][300/391] lr: 6.15e-05 | MSE loss: 1.1117e-06 | time: 0.154
I 06.17/11:54:30 solver.py:221 ] Epoch: [336/400][320/391] lr: 6.15e-05 | MSE loss: 1.1120e-06 | time: 0.154
I 06.17/11:54:33 solver.py:221 ] Epoch: [336/400][340/391] lr: 6.14e-05 | MSE loss: 1.1147e-06 | time: 0.153
I 06.17/11:54:36 solver.py:221 ] Epoch: [336/400][360/391] lr: 6.14e-05 | MSE loss: 1.1129e-06 | time: 0.153
I 06.17/11:54:39 solver.py:221 ] Epoch: [336/400][380/391] lr: 6.14e-05 | MSE loss: 1.1140e-06 | time: 0.153
I 06.17/11:54:40 solver.py:243 ] => Train  Loss: 1.1144e-06

I 06.17/11:54:41 solver.py:337 ] 
=! Best NMSE: -2.5687e+01 (epoch=320)

I 06.17/11:54:44 solver.py:221 ] Epoch: [337/400][20/391] lr: 6.14e-05 | MSE loss: 1.1003e-06 | time: 0.151
I 06.17/11:54:47 solver.py:221 ] Epoch: [337/400][40/391] lr: 6.14e-05 | MSE loss: 1.0839e-06 | time: 0.144
I 06.17/11:54:50 solver.py:221 ] Epoch: [337/400][60/391] lr: 6.13e-05 | MSE loss: 1.0777e-06 | time: 0.148
I 06.17/11:54:53 solver.py:221 ] Epoch: [337/400][80/391] lr: 6.13e-05 | MSE loss: 1.0797e-06 | time: 0.147
I 06.17/11:54:56 solver.py:221 ] Epoch: [337/400][100/391] lr: 6.13e-05 | MSE loss: 1.0741e-06 | time: 0.152
I 06.17/11:54:59 solver.py:221 ] Epoch: [337/400][120/391] lr: 6.13e-05 | MSE loss: 1.0770e-06 | time: 0.152
I 06.17/11:55:03 solver.py:221 ] Epoch: [337/400][140/391] lr: 6.13e-05 | MSE loss: 1.0760e-06 | time: 0.158
I 06.17/11:55:07 solver.py:221 ] Epoch: [337/400][160/391] lr: 6.13e-05 | MSE loss: 1.0886e-06 | time: 0.161
I 06.17/11:55:10 solver.py:221 ] Epoch: [337/400][180/391] lr: 6.12e-05 | MSE loss: 1.0931e-06 | time: 0.161
I 06.17/11:55:13 solver.py:221 ] Epoch: [337/400][200/391] lr: 6.12e-05 | MSE loss: 1.1011e-06 | time: 0.159
I 06.17/11:55:16 solver.py:221 ] Epoch: [337/400][220/391] lr: 6.12e-05 | MSE loss: 1.1078e-06 | time: 0.159
I 06.17/11:55:19 solver.py:221 ] Epoch: [337/400][240/391] lr: 6.12e-05 | MSE loss: 1.1160e-06 | time: 0.157
I 06.17/11:55:22 solver.py:221 ] Epoch: [337/400][260/391] lr: 6.12e-05 | MSE loss: 1.1153e-06 | time: 0.157
I 06.17/11:55:25 solver.py:221 ] Epoch: [337/400][280/391] lr: 6.11e-05 | MSE loss: 1.1139e-06 | time: 0.157
I 06.17/11:55:28 solver.py:221 ] Epoch: [337/400][300/391] lr: 6.11e-05 | MSE loss: 1.1100e-06 | time: 0.156
I 06.17/11:55:31 solver.py:221 ] Epoch: [337/400][320/391] lr: 6.11e-05 | MSE loss: 1.1024e-06 | time: 0.156
I 06.17/11:55:34 solver.py:221 ] Epoch: [337/400][340/391] lr: 6.11e-05 | MSE loss: 1.0986e-06 | time: 0.156
I 06.17/11:55:37 solver.py:221 ] Epoch: [337/400][360/391] lr: 6.11e-05 | MSE loss: 1.0963e-06 | time: 0.155
I 06.17/11:55:40 solver.py:221 ] Epoch: [337/400][380/391] lr: 6.11e-05 | MSE loss: 1.0951e-06 | time: 0.155
I 06.17/11:55:42 solver.py:243 ] => Train  Loss: 1.0959e-06

I 06.17/11:55:42 solver.py:337 ] 
=! Best NMSE: -2.5687e+01 (epoch=320)

I 06.17/11:55:45 solver.py:221 ] Epoch: [338/400][20/391] lr: 6.10e-05 | MSE loss: 1.0466e-06 | time: 0.134
I 06.17/11:55:48 solver.py:221 ] Epoch: [338/400][40/391] lr: 6.10e-05 | MSE loss: 1.0331e-06 | time: 0.139
I 06.17/11:55:51 solver.py:221 ] Epoch: [338/400][60/391] lr: 6.10e-05 | MSE loss: 1.0261e-06 | time: 0.142
I 06.17/11:55:54 solver.py:221 ] Epoch: [338/400][80/391] lr: 6.10e-05 | MSE loss: 1.0171e-06 | time: 0.144
I 06.17/11:55:57 solver.py:221 ] Epoch: [338/400][100/391] lr: 6.10e-05 | MSE loss: 1.0258e-06 | time: 0.146
I 06.17/11:56:00 solver.py:221 ] Epoch: [338/400][120/391] lr: 6.09e-05 | MSE loss: 1.1570e-06 | time: 0.147
I 06.17/11:56:03 solver.py:221 ] Epoch: [338/400][140/391] lr: 6.09e-05 | MSE loss: 1.1715e-06 | time: 0.153
I 06.17/11:56:06 solver.py:221 ] Epoch: [338/400][160/391] lr: 6.09e-05 | MSE loss: 1.1503e-06 | time: 0.150
I 06.17/11:56:09 solver.py:221 ] Epoch: [338/400][180/391] lr: 6.09e-05 | MSE loss: 1.1334e-06 | time: 0.150
I 06.17/11:56:12 solver.py:221 ] Epoch: [338/400][200/391] lr: 6.09e-05 | MSE loss: 1.1230e-06 | time: 0.150
I 06.17/11:56:15 solver.py:221 ] Epoch: [338/400][220/391] lr: 6.09e-05 | MSE loss: 1.1208e-06 | time: 0.150
I 06.17/11:56:18 solver.py:221 ] Epoch: [338/400][240/391] lr: 6.08e-05 | MSE loss: 1.1178e-06 | time: 0.150
I 06.17/11:56:21 solver.py:221 ] Epoch: [338/400][260/391] lr: 6.08e-05 | MSE loss: 1.1114e-06 | time: 0.149
I 06.17/11:56:24 solver.py:221 ] Epoch: [338/400][280/391] lr: 6.08e-05 | MSE loss: 1.1065e-06 | time: 0.149
I 06.17/11:56:27 solver.py:221 ] Epoch: [338/400][300/391] lr: 6.08e-05 | MSE loss: 1.1121e-06 | time: 0.149
I 06.17/11:56:30 solver.py:221 ] Epoch: [338/400][320/391] lr: 6.08e-05 | MSE loss: 1.1079e-06 | time: 0.149
I 06.17/11:56:33 solver.py:221 ] Epoch: [338/400][340/391] lr: 6.08e-05 | MSE loss: 1.1046e-06 | time: 0.149
I 06.17/11:56:36 solver.py:221 ] Epoch: [338/400][360/391] lr: 6.07e-05 | MSE loss: 1.1160e-06 | time: 0.149
I 06.17/11:56:39 solver.py:221 ] Epoch: [338/400][380/391] lr: 6.07e-05 | MSE loss: 1.1243e-06 | time: 0.149
I 06.17/11:56:41 solver.py:243 ] => Train  Loss: 1.1242e-06

I 06.17/11:56:41 solver.py:337 ] 
=! Best NMSE: -2.5687e+01 (epoch=320)

I 06.17/11:56:44 solver.py:221 ] Epoch: [339/400][20/391] lr: 6.07e-05 | MSE loss: 1.0510e-06 | time: 0.134
I 06.17/11:56:47 solver.py:221 ] Epoch: [339/400][40/391] lr: 6.07e-05 | MSE loss: 1.0905e-06 | time: 0.146
I 06.17/11:56:50 solver.py:221 ] Epoch: [339/400][60/391] lr: 6.07e-05 | MSE loss: 1.1299e-06 | time: 0.144
I 06.17/11:56:53 solver.py:221 ] Epoch: [339/400][80/391] lr: 6.06e-05 | MSE loss: 1.1367e-06 | time: 0.145
I 06.17/11:56:56 solver.py:221 ] Epoch: [339/400][100/391] lr: 6.06e-05 | MSE loss: 1.1166e-06 | time: 0.147
I 06.17/11:56:59 solver.py:221 ] Epoch: [339/400][120/391] lr: 6.06e-05 | MSE loss: 1.0992e-06 | time: 0.147
I 06.17/11:57:03 solver.py:221 ] Epoch: [339/400][140/391] lr: 6.06e-05 | MSE loss: 1.0897e-06 | time: 0.156
I 06.17/11:57:06 solver.py:221 ] Epoch: [339/400][160/391] lr: 6.06e-05 | MSE loss: 1.0785e-06 | time: 0.158
I 06.17/11:57:09 solver.py:221 ] Epoch: [339/400][180/391] lr: 6.06e-05 | MSE loss: 1.0719e-06 | time: 0.156
I 06.17/11:57:12 solver.py:221 ] Epoch: [339/400][200/391] lr: 6.05e-05 | MSE loss: 1.0711e-06 | time: 0.156
I 06.17/11:57:15 solver.py:221 ] Epoch: [339/400][220/391] lr: 6.05e-05 | MSE loss: 1.0716e-06 | time: 0.154
I 06.17/11:57:18 solver.py:221 ] Epoch: [339/400][240/391] lr: 6.05e-05 | MSE loss: 1.0663e-06 | time: 0.153
I 06.17/11:57:21 solver.py:221 ] Epoch: [339/400][260/391] lr: 6.05e-05 | MSE loss: 1.0643e-06 | time: 0.152
I 06.17/11:57:24 solver.py:221 ] Epoch: [339/400][280/391] lr: 6.05e-05 | MSE loss: 1.0667e-06 | time: 0.152
I 06.17/11:57:27 solver.py:221 ] Epoch: [339/400][300/391] lr: 6.05e-05 | MSE loss: 1.0704e-06 | time: 0.152
I 06.17/11:57:30 solver.py:221 ] Epoch: [339/400][320/391] lr: 6.04e-05 | MSE loss: 1.0700e-06 | time: 0.152
I 06.17/11:57:33 solver.py:221 ] Epoch: [339/400][340/391] lr: 6.04e-05 | MSE loss: 1.0801e-06 | time: 0.152
I 06.17/11:57:36 solver.py:221 ] Epoch: [339/400][360/391] lr: 6.04e-05 | MSE loss: 1.0824e-06 | time: 0.152
I 06.17/11:57:39 solver.py:221 ] Epoch: [339/400][380/391] lr: 6.04e-05 | MSE loss: 1.0818e-06 | time: 0.152
I 06.17/11:57:40 solver.py:243 ] => Train  Loss: 1.0828e-06

I 06.17/11:57:41 solver.py:337 ] 
=! Best NMSE: -2.5687e+01 (epoch=320)

I 06.17/11:57:44 solver.py:221 ] Epoch: [340/400][20/391] lr: 6.04e-05 | MSE loss: 1.0747e-06 | time: 0.155
I 06.17/11:57:47 solver.py:221 ] Epoch: [340/400][40/391] lr: 6.03e-05 | MSE loss: 1.1349e-06 | time: 0.154
I 06.17/11:57:50 solver.py:221 ] Epoch: [340/400][60/391] lr: 6.03e-05 | MSE loss: 1.1306e-06 | time: 0.158
I 06.17/11:57:54 solver.py:221 ] Epoch: [340/400][80/391] lr: 6.03e-05 | MSE loss: 1.1268e-06 | time: 0.159
I 06.17/11:57:57 solver.py:221 ] Epoch: [340/400][100/391] lr: 6.03e-05 | MSE loss: 1.1292e-06 | time: 0.156
I 06.17/11:57:59 solver.py:221 ] Epoch: [340/400][120/391] lr: 6.03e-05 | MSE loss: 1.1247e-06 | time: 0.155
I 06.17/11:58:03 solver.py:221 ] Epoch: [340/400][140/391] lr: 6.03e-05 | MSE loss: 1.1294e-06 | time: 0.159
I 06.17/11:58:06 solver.py:221 ] Epoch: [340/400][160/391] lr: 6.02e-05 | MSE loss: 1.1289e-06 | time: 0.159
I 06.17/11:58:09 solver.py:221 ] Epoch: [340/400][180/391] lr: 6.02e-05 | MSE loss: 1.1349e-06 | time: 0.158
I 06.17/11:58:12 solver.py:221 ] Epoch: [340/400][200/391] lr: 6.02e-05 | MSE loss: 1.1322e-06 | time: 0.157
I 06.17/11:58:15 solver.py:221 ] Epoch: [340/400][220/391] lr: 6.02e-05 | MSE loss: 1.1271e-06 | time: 0.158
I 06.17/11:58:18 solver.py:221 ] Epoch: [340/400][240/391] lr: 6.02e-05 | MSE loss: 1.1313e-06 | time: 0.157
I 06.17/11:58:22 solver.py:221 ] Epoch: [340/400][260/391] lr: 6.02e-05 | MSE loss: 1.1312e-06 | time: 0.156
I 06.17/11:58:25 solver.py:221 ] Epoch: [340/400][280/391] lr: 6.01e-05 | MSE loss: 1.1262e-06 | time: 0.156
I 06.17/11:58:28 solver.py:221 ] Epoch: [340/400][300/391] lr: 6.01e-05 | MSE loss: 1.1223e-06 | time: 0.156
I 06.17/11:58:31 solver.py:221 ] Epoch: [340/400][320/391] lr: 6.01e-05 | MSE loss: 1.1183e-06 | time: 0.155
I 06.17/11:58:34 solver.py:221 ] Epoch: [340/400][340/391] lr: 6.01e-05 | MSE loss: 1.1276e-06 | time: 0.155
I 06.17/11:58:36 solver.py:221 ] Epoch: [340/400][360/391] lr: 6.01e-05 | MSE loss: 1.1245e-06 | time: 0.154
I 06.17/11:58:39 solver.py:221 ] Epoch: [340/400][380/391] lr: 6.01e-05 | MSE loss: 1.1226e-06 | time: 0.153
I 06.17/11:58:40 solver.py:243 ] => Train  Loss: 1.1240e-06

I 06.17/11:58:41 solver.py:221 ] Epoch: [340/400][20/118] lr: 6.00e-05 | MSE loss: 1.8309e-06 | time: 0.056
I 06.17/11:58:43 solver.py:221 ] Epoch: [340/400][40/118] lr: 6.00e-05 | MSE loss: 1.8203e-06 | time: 0.057
I 06.17/11:58:44 solver.py:221 ] Epoch: [340/400][60/118] lr: 6.00e-05 | MSE loss: 1.8394e-06 | time: 0.059
I 06.17/11:58:45 solver.py:221 ] Epoch: [340/400][80/118] lr: 6.00e-05 | MSE loss: 1.8407e-06 | time: 0.058
I 06.17/11:58:46 solver.py:221 ] Epoch: [340/400][100/118] lr: 6.00e-05 | MSE loss: 1.8380e-06 | time: 0.057
I 06.17/11:58:47 solver.py:243 ] => Val  Loss: 1.8371e-06

I 06.17/11:58:48 solver.py:471 ] [20/79] loss: 1.8792e-06 | NMSE: -2.3813e+01 | time: 0.053
I 06.17/11:58:50 solver.py:471 ] [40/79] loss: 1.8545e-06 | NMSE: -2.3873e+01 | time: 0.059
I 06.17/11:58:51 solver.py:471 ] [60/79] loss: 1.8524e-06 | NMSE: -2.3867e+01 | time: 0.063
I 06.17/11:58:52 solver.py:476 ] => Test NMSE: -2.3880e+01

I 06.17/11:58:52 solver.py:337 ] 
=! Best NMSE: -2.5687e+01 (epoch=320)

I 06.17/11:58:55 solver.py:221 ] Epoch: [341/400][20/391] lr: 6.00e-05 | MSE loss: 1.0910e-06 | time: 0.153
I 06.17/11:58:58 solver.py:221 ] Epoch: [341/400][40/391] lr: 6.00e-05 | MSE loss: 1.1143e-06 | time: 0.151
I 06.17/11:59:01 solver.py:221 ] Epoch: [341/400][60/391] lr: 6.00e-05 | MSE loss: 1.1097e-06 | time: 0.153
I 06.17/11:59:06 solver.py:221 ] Epoch: [341/400][80/391] lr: 6.00e-05 | MSE loss: 1.0986e-06 | time: 0.168
I 06.17/11:59:08 solver.py:221 ] Epoch: [341/400][100/391] lr: 6.00e-05 | MSE loss: 1.1084e-06 | time: 0.161
I 06.17/11:59:11 solver.py:221 ] Epoch: [341/400][120/391] lr: 5.99e-05 | MSE loss: 1.0919e-06 | time: 0.157
I 06.17/11:59:14 solver.py:221 ] Epoch: [341/400][140/391] lr: 5.99e-05 | MSE loss: 1.0853e-06 | time: 0.157
I 06.17/11:59:17 solver.py:221 ] Epoch: [341/400][160/391] lr: 5.99e-05 | MSE loss: 1.0848e-06 | time: 0.155
I 06.17/11:59:20 solver.py:221 ] Epoch: [341/400][180/391] lr: 5.99e-05 | MSE loss: 1.0751e-06 | time: 0.156
I 06.17/11:59:24 solver.py:221 ] Epoch: [341/400][200/391] lr: 5.99e-05 | MSE loss: 1.0746e-06 | time: 0.156
I 06.17/11:59:27 solver.py:221 ] Epoch: [341/400][220/391] lr: 5.99e-05 | MSE loss: 1.0788e-06 | time: 0.156
I 06.17/11:59:30 solver.py:221 ] Epoch: [341/400][240/391] lr: 5.98e-05 | MSE loss: 1.0820e-06 | time: 0.157
I 06.17/11:59:33 solver.py:221 ] Epoch: [341/400][260/391] lr: 5.98e-05 | MSE loss: 1.0842e-06 | time: 0.156
I 06.17/11:59:36 solver.py:221 ] Epoch: [341/400][280/391] lr: 5.98e-05 | MSE loss: 1.0879e-06 | time: 0.155
I 06.17/11:59:39 solver.py:221 ] Epoch: [341/400][300/391] lr: 5.98e-05 | MSE loss: 1.0935e-06 | time: 0.154
I 06.17/11:59:41 solver.py:221 ] Epoch: [341/400][320/391] lr: 5.98e-05 | MSE loss: 1.0906e-06 | time: 0.153
I 06.17/11:59:44 solver.py:221 ] Epoch: [341/400][340/391] lr: 5.98e-05 | MSE loss: 1.0876e-06 | time: 0.153
I 06.17/11:59:47 solver.py:221 ] Epoch: [341/400][360/391] lr: 5.97e-05 | MSE loss: 1.0904e-06 | time: 0.153
I 06.17/11:59:50 solver.py:221 ] Epoch: [341/400][380/391] lr: 5.97e-05 | MSE loss: 1.0877e-06 | time: 0.152
I 06.17/11:59:52 solver.py:243 ] => Train  Loss: 1.0861e-06

I 06.17/11:59:52 solver.py:337 ] 
=! Best NMSE: -2.5687e+01 (epoch=320)

I 06.17/11:59:55 solver.py:221 ] Epoch: [342/400][20/391] lr: 5.97e-05 | MSE loss: 1.1421e-06 | time: 0.148
I 06.17/11:59:58 solver.py:221 ] Epoch: [342/400][40/391] lr: 5.97e-05 | MSE loss: 1.1226e-06 | time: 0.147
I 06.17/12:00:01 solver.py:221 ] Epoch: [342/400][60/391] lr: 5.97e-05 | MSE loss: 1.1038e-06 | time: 0.145
I 06.17/12:00:05 solver.py:221 ] Epoch: [342/400][80/391] lr: 5.97e-05 | MSE loss: 1.0885e-06 | time: 0.163
I 06.17/12:00:08 solver.py:221 ] Epoch: [342/400][100/391] lr: 5.96e-05 | MSE loss: 1.0774e-06 | time: 0.157
I 06.17/12:00:11 solver.py:221 ] Epoch: [342/400][120/391] lr: 5.96e-05 | MSE loss: 1.0875e-06 | time: 0.156
I 06.17/12:00:14 solver.py:221 ] Epoch: [342/400][140/391] lr: 5.96e-05 | MSE loss: 1.0858e-06 | time: 0.155
I 06.17/12:00:17 solver.py:221 ] Epoch: [342/400][160/391] lr: 5.96e-05 | MSE loss: 1.0848e-06 | time: 0.154
I 06.17/12:00:20 solver.py:221 ] Epoch: [342/400][180/391] lr: 5.96e-05 | MSE loss: 1.0872e-06 | time: 0.153
I 06.17/12:00:23 solver.py:221 ] Epoch: [342/400][200/391] lr: 5.96e-05 | MSE loss: 1.0890e-06 | time: 0.153
I 06.17/12:00:26 solver.py:221 ] Epoch: [342/400][220/391] lr: 5.95e-05 | MSE loss: 1.0941e-06 | time: 0.153
I 06.17/12:00:29 solver.py:221 ] Epoch: [342/400][240/391] lr: 5.95e-05 | MSE loss: 1.0879e-06 | time: 0.152
I 06.17/12:00:32 solver.py:221 ] Epoch: [342/400][260/391] lr: 5.95e-05 | MSE loss: 1.0860e-06 | time: 0.152
I 06.17/12:00:35 solver.py:221 ] Epoch: [342/400][280/391] lr: 5.95e-05 | MSE loss: 1.0855e-06 | time: 0.152
I 06.17/12:00:38 solver.py:221 ] Epoch: [342/400][300/391] lr: 5.95e-05 | MSE loss: 1.0804e-06 | time: 0.152
I 06.17/12:00:41 solver.py:221 ] Epoch: [342/400][320/391] lr: 5.95e-05 | MSE loss: 1.0760e-06 | time: 0.152
I 06.17/12:00:44 solver.py:221 ] Epoch: [342/400][340/391] lr: 5.94e-05 | MSE loss: 1.0751e-06 | time: 0.152
I 06.17/12:00:47 solver.py:221 ] Epoch: [342/400][360/391] lr: 5.94e-05 | MSE loss: 1.0841e-06 | time: 0.152
I 06.17/12:00:50 solver.py:221 ] Epoch: [342/400][380/391] lr: 5.94e-05 | MSE loss: 1.0826e-06 | time: 0.152
I 06.17/12:00:52 solver.py:243 ] => Train  Loss: 1.0823e-06

I 06.17/12:00:52 solver.py:337 ] 
=! Best NMSE: -2.5687e+01 (epoch=320)

I 06.17/12:00:55 solver.py:221 ] Epoch: [343/400][20/391] lr: 5.94e-05 | MSE loss: 1.0312e-06 | time: 0.134
I 06.17/12:00:58 solver.py:221 ] Epoch: [343/400][40/391] lr: 5.94e-05 | MSE loss: 1.0356e-06 | time: 0.141
I 06.17/12:01:00 solver.py:221 ] Epoch: [343/400][60/391] lr: 5.94e-05 | MSE loss: 1.0695e-06 | time: 0.144
I 06.17/12:01:05 solver.py:221 ] Epoch: [343/400][80/391] lr: 5.93e-05 | MSE loss: 1.1195e-06 | time: 0.169
I 06.17/12:01:08 solver.py:221 ] Epoch: [343/400][100/391] lr: 5.93e-05 | MSE loss: 1.1160e-06 | time: 0.163
I 06.17/12:01:11 solver.py:221 ] Epoch: [343/400][120/391] lr: 5.93e-05 | MSE loss: 1.1045e-06 | time: 0.161
I 06.17/12:01:14 solver.py:221 ] Epoch: [343/400][140/391] lr: 5.93e-05 | MSE loss: 1.0997e-06 | time: 0.159
I 06.17/12:01:17 solver.py:221 ] Epoch: [343/400][160/391] lr: 5.93e-05 | MSE loss: 1.0925e-06 | time: 0.158
I 06.17/12:01:20 solver.py:221 ] Epoch: [343/400][180/391] lr: 5.93e-05 | MSE loss: 1.1103e-06 | time: 0.157
I 06.17/12:01:23 solver.py:221 ] Epoch: [343/400][200/391] lr: 5.92e-05 | MSE loss: 1.1162e-06 | time: 0.157
I 06.17/12:01:27 solver.py:221 ] Epoch: [343/400][220/391] lr: 5.92e-05 | MSE loss: 1.1082e-06 | time: 0.157
I 06.17/12:01:30 solver.py:221 ] Epoch: [343/400][240/391] lr: 5.92e-05 | MSE loss: 1.0995e-06 | time: 0.158
I 06.17/12:01:33 solver.py:221 ] Epoch: [343/400][260/391] lr: 5.92e-05 | MSE loss: 1.0942e-06 | time: 0.158
I 06.17/12:01:36 solver.py:221 ] Epoch: [343/400][280/391] lr: 5.92e-05 | MSE loss: 1.0931e-06 | time: 0.157
I 06.17/12:01:39 solver.py:221 ] Epoch: [343/400][300/391] lr: 5.92e-05 | MSE loss: 1.0991e-06 | time: 0.157
I 06.17/12:01:42 solver.py:221 ] Epoch: [343/400][320/391] lr: 5.91e-05 | MSE loss: 1.1012e-06 | time: 0.156
I 06.17/12:01:45 solver.py:221 ] Epoch: [343/400][340/391] lr: 5.91e-05 | MSE loss: 1.0997e-06 | time: 0.156
I 06.17/12:01:48 solver.py:221 ] Epoch: [343/400][360/391] lr: 5.91e-05 | MSE loss: 1.0964e-06 | time: 0.156
I 06.17/12:01:51 solver.py:221 ] Epoch: [343/400][380/391] lr: 5.91e-05 | MSE loss: 1.0997e-06 | time: 0.156
I 06.17/12:01:53 solver.py:243 ] => Train  Loss: 1.1054e-06

I 06.17/12:01:53 solver.py:337 ] 
=! Best NMSE: -2.5687e+01 (epoch=320)

I 06.17/12:01:56 solver.py:221 ] Epoch: [344/400][20/391] lr: 5.91e-05 | MSE loss: 1.1636e-06 | time: 0.137
I 06.17/12:01:59 solver.py:221 ] Epoch: [344/400][40/391] lr: 5.91e-05 | MSE loss: 1.1340e-06 | time: 0.143
I 06.17/12:02:02 solver.py:221 ] Epoch: [344/400][60/391] lr: 5.90e-05 | MSE loss: 1.1292e-06 | time: 0.156
I 06.17/12:02:06 solver.py:221 ] Epoch: [344/400][80/391] lr: 5.90e-05 | MSE loss: 1.1242e-06 | time: 0.160
I 06.17/12:02:09 solver.py:221 ] Epoch: [344/400][100/391] lr: 5.90e-05 | MSE loss: 1.1194e-06 | time: 0.157
I 06.17/12:02:12 solver.py:221 ] Epoch: [344/400][120/391] lr: 5.90e-05 | MSE loss: 1.1171e-06 | time: 0.156
I 06.17/12:02:15 solver.py:221 ] Epoch: [344/400][140/391] lr: 5.90e-05 | MSE loss: 1.1246e-06 | time: 0.155
I 06.17/12:02:18 solver.py:221 ] Epoch: [344/400][160/391] lr: 5.90e-05 | MSE loss: 1.1260e-06 | time: 0.154
I 06.17/12:02:21 solver.py:221 ] Epoch: [344/400][180/391] lr: 5.89e-05 | MSE loss: 1.1247e-06 | time: 0.153
I 06.17/12:02:24 solver.py:221 ] Epoch: [344/400][200/391] lr: 5.89e-05 | MSE loss: 1.1189e-06 | time: 0.153
I 06.17/12:02:27 solver.py:221 ] Epoch: [344/400][220/391] lr: 5.89e-05 | MSE loss: 1.1172e-06 | time: 0.152
I 06.17/12:02:30 solver.py:221 ] Epoch: [344/400][240/391] lr: 5.89e-05 | MSE loss: 1.1147e-06 | time: 0.153
I 06.17/12:02:33 solver.py:221 ] Epoch: [344/400][260/391] lr: 5.89e-05 | MSE loss: 1.1179e-06 | time: 0.153
I 06.17/12:02:36 solver.py:221 ] Epoch: [344/400][280/391] lr: 5.89e-05 | MSE loss: 1.1208e-06 | time: 0.153
I 06.17/12:02:39 solver.py:221 ] Epoch: [344/400][300/391] lr: 5.89e-05 | MSE loss: 1.1180e-06 | time: 0.154
I 06.17/12:02:42 solver.py:221 ] Epoch: [344/400][320/391] lr: 5.88e-05 | MSE loss: 1.1161e-06 | time: 0.154
I 06.17/12:02:45 solver.py:221 ] Epoch: [344/400][340/391] lr: 5.88e-05 | MSE loss: 1.1219e-06 | time: 0.154
I 06.17/12:02:49 solver.py:221 ] Epoch: [344/400][360/391] lr: 5.88e-05 | MSE loss: 1.1258e-06 | time: 0.155
I 06.17/12:02:52 solver.py:221 ] Epoch: [344/400][380/391] lr: 5.88e-05 | MSE loss: 1.1281e-06 | time: 0.154
I 06.17/12:02:53 solver.py:243 ] => Train  Loss: 1.1269e-06

I 06.17/12:02:54 solver.py:337 ] 
=! Best NMSE: -2.5687e+01 (epoch=320)

I 06.17/12:02:57 solver.py:221 ] Epoch: [345/400][20/391] lr: 5.88e-05 | MSE loss: 1.1180e-06 | time: 0.137
I 06.17/12:03:00 solver.py:221 ] Epoch: [345/400][40/391] lr: 5.87e-05 | MSE loss: 1.1010e-06 | time: 0.142
I 06.17/12:03:03 solver.py:221 ] Epoch: [345/400][60/391] lr: 5.87e-05 | MSE loss: 1.0967e-06 | time: 0.164
I 06.17/12:03:07 solver.py:221 ] Epoch: [345/400][80/391] lr: 5.87e-05 | MSE loss: 1.0799e-06 | time: 0.164
I 06.17/12:03:10 solver.py:221 ] Epoch: [345/400][100/391] lr: 5.87e-05 | MSE loss: 1.0645e-06 | time: 0.160
I 06.17/12:03:13 solver.py:221 ] Epoch: [345/400][120/391] lr: 5.87e-05 | MSE loss: 1.0501e-06 | time: 0.158
I 06.17/12:03:16 solver.py:221 ] Epoch: [345/400][140/391] lr: 5.87e-05 | MSE loss: 1.0462e-06 | time: 0.159
I 06.17/12:03:19 solver.py:221 ] Epoch: [345/400][160/391] lr: 5.87e-05 | MSE loss: 1.0509e-06 | time: 0.158
I 06.17/12:03:22 solver.py:221 ] Epoch: [345/400][180/391] lr: 5.86e-05 | MSE loss: 1.0576e-06 | time: 0.158
I 06.17/12:03:25 solver.py:221 ] Epoch: [345/400][200/391] lr: 5.86e-05 | MSE loss: 1.0656e-06 | time: 0.157
I 06.17/12:03:28 solver.py:221 ] Epoch: [345/400][220/391] lr: 5.86e-05 | MSE loss: 1.0616e-06 | time: 0.156
I 06.17/12:03:31 solver.py:221 ] Epoch: [345/400][240/391] lr: 5.86e-05 | MSE loss: 1.0544e-06 | time: 0.156
I 06.17/12:03:35 solver.py:221 ] Epoch: [345/400][260/391] lr: 5.86e-05 | MSE loss: 1.0523e-06 | time: 0.157
I 06.17/12:03:38 solver.py:221 ] Epoch: [345/400][280/391] lr: 5.86e-05 | MSE loss: 1.0542e-06 | time: 0.157
I 06.17/12:03:41 solver.py:221 ] Epoch: [345/400][300/391] lr: 5.85e-05 | MSE loss: 1.0516e-06 | time: 0.156
I 06.17/12:03:43 solver.py:221 ] Epoch: [345/400][320/391] lr: 5.85e-05 | MSE loss: 1.0530e-06 | time: 0.154
I 06.17/12:03:46 solver.py:221 ] Epoch: [345/400][340/391] lr: 5.85e-05 | MSE loss: 1.0538e-06 | time: 0.153
I 06.17/12:03:49 solver.py:221 ] Epoch: [345/400][360/391] lr: 5.85e-05 | MSE loss: 1.0567e-06 | time: 0.152
I 06.17/12:03:51 solver.py:221 ] Epoch: [345/400][380/391] lr: 5.85e-05 | MSE loss: 1.0561e-06 | time: 0.151
I 06.17/12:03:53 solver.py:243 ] => Train  Loss: 1.0595e-06

I 06.17/12:03:53 solver.py:337 ] 
=! Best NMSE: -2.5687e+01 (epoch=320)

I 06.17/12:03:56 solver.py:221 ] Epoch: [346/400][20/391] lr: 5.85e-05 | MSE loss: 1.1148e-06 | time: 0.138
I 06.17/12:03:59 solver.py:221 ] Epoch: [346/400][40/391] lr: 5.84e-05 | MSE loss: 1.1096e-06 | time: 0.147
I 06.17/12:04:02 solver.py:221 ] Epoch: [346/400][60/391] lr: 5.84e-05 | MSE loss: 1.0674e-06 | time: 0.152
I 06.17/12:04:04 solver.py:221 ] Epoch: [346/400][80/391] lr: 5.84e-05 | MSE loss: 1.0636e-06 | time: 0.144
I 06.17/12:04:07 solver.py:221 ] Epoch: [346/400][100/391] lr: 5.84e-05 | MSE loss: 1.0772e-06 | time: 0.141
I 06.17/12:04:10 solver.py:221 ] Epoch: [346/400][120/391] lr: 5.84e-05 | MSE loss: 1.0705e-06 | time: 0.142
I 06.17/12:04:13 solver.py:221 ] Epoch: [346/400][140/391] lr: 5.84e-05 | MSE loss: 1.0807e-06 | time: 0.144
I 06.17/12:04:16 solver.py:221 ] Epoch: [346/400][160/391] lr: 5.84e-05 | MSE loss: 1.0839e-06 | time: 0.144
I 06.17/12:04:19 solver.py:221 ] Epoch: [346/400][180/391] lr: 5.83e-05 | MSE loss: 1.0811e-06 | time: 0.146
I 06.17/12:04:22 solver.py:221 ] Epoch: [346/400][200/391] lr: 5.83e-05 | MSE loss: 1.0733e-06 | time: 0.146
I 06.17/12:04:25 solver.py:221 ] Epoch: [346/400][220/391] lr: 5.83e-05 | MSE loss: 1.0680e-06 | time: 0.146
I 06.17/12:04:28 solver.py:221 ] Epoch: [346/400][240/391] lr: 5.83e-05 | MSE loss: 1.0642e-06 | time: 0.147
I 06.17/12:04:31 solver.py:221 ] Epoch: [346/400][260/391] lr: 5.83e-05 | MSE loss: 1.0591e-06 | time: 0.147
I 06.17/12:04:34 solver.py:221 ] Epoch: [346/400][280/391] lr: 5.83e-05 | MSE loss: 1.0599e-06 | time: 0.147
I 06.17/12:04:38 solver.py:221 ] Epoch: [346/400][300/391] lr: 5.82e-05 | MSE loss: 1.0566e-06 | time: 0.148
I 06.17/12:04:41 solver.py:221 ] Epoch: [346/400][320/391] lr: 5.82e-05 | MSE loss: 1.0562e-06 | time: 0.148
I 06.17/12:04:43 solver.py:221 ] Epoch: [346/400][340/391] lr: 5.82e-05 | MSE loss: 1.0659e-06 | time: 0.148
I 06.17/12:04:46 solver.py:221 ] Epoch: [346/400][360/391] lr: 5.82e-05 | MSE loss: 1.0706e-06 | time: 0.148
I 06.17/12:04:49 solver.py:221 ] Epoch: [346/400][380/391] lr: 5.82e-05 | MSE loss: 1.0696e-06 | time: 0.148
I 06.17/12:04:51 solver.py:243 ] => Train  Loss: 1.0682e-06

I 06.17/12:04:51 solver.py:337 ] 
=! Best NMSE: -2.5687e+01 (epoch=320)

I 06.17/12:04:54 solver.py:221 ] Epoch: [347/400][20/391] lr: 5.82e-05 | MSE loss: 1.4068e-06 | time: 0.135
I 06.17/12:04:57 solver.py:221 ] Epoch: [347/400][40/391] lr: 5.81e-05 | MSE loss: 1.2892e-06 | time: 0.144
I 06.17/12:05:00 solver.py:221 ] Epoch: [347/400][60/391] lr: 5.81e-05 | MSE loss: 1.2398e-06 | time: 0.147
I 06.17/12:05:03 solver.py:221 ] Epoch: [347/400][80/391] lr: 5.81e-05 | MSE loss: 1.2455e-06 | time: 0.152
I 06.17/12:05:06 solver.py:221 ] Epoch: [347/400][100/391] lr: 5.81e-05 | MSE loss: 1.2176e-06 | time: 0.149
I 06.17/12:05:09 solver.py:221 ] Epoch: [347/400][120/391] lr: 5.81e-05 | MSE loss: 1.1814e-06 | time: 0.146
I 06.17/12:05:12 solver.py:221 ] Epoch: [347/400][140/391] lr: 5.81e-05 | MSE loss: 1.1547e-06 | time: 0.147
I 06.17/12:05:15 solver.py:221 ] Epoch: [347/400][160/391] lr: 5.81e-05 | MSE loss: 1.1372e-06 | time: 0.147
I 06.17/12:05:18 solver.py:221 ] Epoch: [347/400][180/391] lr: 5.80e-05 | MSE loss: 1.1278e-06 | time: 0.147
I 06.17/12:05:21 solver.py:221 ] Epoch: [347/400][200/391] lr: 5.80e-05 | MSE loss: 1.1349e-06 | time: 0.148
I 06.17/12:05:24 solver.py:221 ] Epoch: [347/400][220/391] lr: 5.80e-05 | MSE loss: 1.1214e-06 | time: 0.148
I 06.17/12:05:27 solver.py:221 ] Epoch: [347/400][240/391] lr: 5.80e-05 | MSE loss: 1.1203e-06 | time: 0.149
I 06.17/12:05:30 solver.py:221 ] Epoch: [347/400][260/391] lr: 5.80e-05 | MSE loss: 1.1176e-06 | time: 0.149
I 06.17/12:05:33 solver.py:221 ] Epoch: [347/400][280/391] lr: 5.80e-05 | MSE loss: 1.1194e-06 | time: 0.149
I 06.17/12:05:36 solver.py:221 ] Epoch: [347/400][300/391] lr: 5.79e-05 | MSE loss: 1.1165e-06 | time: 0.149
I 06.17/12:05:39 solver.py:221 ] Epoch: [347/400][320/391] lr: 5.79e-05 | MSE loss: 1.1178e-06 | time: 0.149
I 06.17/12:05:42 solver.py:221 ] Epoch: [347/400][340/391] lr: 5.79e-05 | MSE loss: 1.1199e-06 | time: 0.150
I 06.17/12:05:45 solver.py:221 ] Epoch: [347/400][360/391] lr: 5.79e-05 | MSE loss: 1.1186e-06 | time: 0.150
I 06.17/12:05:48 solver.py:221 ] Epoch: [347/400][380/391] lr: 5.79e-05 | MSE loss: 1.1161e-06 | time: 0.150
I 06.17/12:05:50 solver.py:243 ] => Train  Loss: 1.1155e-06

I 06.17/12:05:50 solver.py:337 ] 
=! Best NMSE: -2.5687e+01 (epoch=320)

I 06.17/12:05:53 solver.py:221 ] Epoch: [348/400][20/391] lr: 5.79e-05 | MSE loss: 1.0809e-06 | time: 0.146
I 06.17/12:05:56 solver.py:221 ] Epoch: [348/400][40/391] lr: 5.79e-05 | MSE loss: 1.0905e-06 | time: 0.145
I 06.17/12:05:59 solver.py:221 ] Epoch: [348/400][60/391] lr: 5.78e-05 | MSE loss: 1.0806e-06 | time: 0.147
I 06.17/12:06:02 solver.py:221 ] Epoch: [348/400][80/391] lr: 5.78e-05 | MSE loss: 1.0727e-06 | time: 0.148
I 06.17/12:06:04 solver.py:221 ] Epoch: [348/400][100/391] lr: 5.78e-05 | MSE loss: 1.0706e-06 | time: 0.143
I 06.17/12:06:06 solver.py:221 ] Epoch: [348/400][120/391] lr: 5.78e-05 | MSE loss: 1.0705e-06 | time: 0.131
I 06.17/12:06:09 solver.py:221 ] Epoch: [348/400][140/391] lr: 5.78e-05 | MSE loss: 1.0712e-06 | time: 0.134
I 06.17/12:06:12 solver.py:221 ] Epoch: [348/400][160/391] lr: 5.78e-05 | MSE loss: 1.0688e-06 | time: 0.137
I 06.17/12:06:15 solver.py:221 ] Epoch: [348/400][180/391] lr: 5.77e-05 | MSE loss: 1.0649e-06 | time: 0.138
I 06.17/12:06:18 solver.py:221 ] Epoch: [348/400][200/391] lr: 5.77e-05 | MSE loss: 1.0614e-06 | time: 0.138
I 06.17/12:06:21 solver.py:221 ] Epoch: [348/400][220/391] lr: 5.77e-05 | MSE loss: 1.0607e-06 | time: 0.140
I 06.17/12:06:24 solver.py:221 ] Epoch: [348/400][240/391] lr: 5.77e-05 | MSE loss: 1.0643e-06 | time: 0.141
I 06.17/12:06:27 solver.py:221 ] Epoch: [348/400][260/391] lr: 5.77e-05 | MSE loss: 1.0674e-06 | time: 0.141
I 06.17/12:06:30 solver.py:221 ] Epoch: [348/400][280/391] lr: 5.77e-05 | MSE loss: 1.0697e-06 | time: 0.142
I 06.17/12:06:33 solver.py:221 ] Epoch: [348/400][300/391] lr: 5.77e-05 | MSE loss: 1.0841e-06 | time: 0.143
I 06.17/12:06:36 solver.py:221 ] Epoch: [348/400][320/391] lr: 5.76e-05 | MSE loss: 1.0830e-06 | time: 0.143
I 06.17/12:06:39 solver.py:221 ] Epoch: [348/400][340/391] lr: 5.76e-05 | MSE loss: 1.0787e-06 | time: 0.144
I 06.17/12:06:42 solver.py:221 ] Epoch: [348/400][360/391] lr: 5.76e-05 | MSE loss: 1.0768e-06 | time: 0.144
I 06.17/12:06:45 solver.py:221 ] Epoch: [348/400][380/391] lr: 5.76e-05 | MSE loss: 1.0743e-06 | time: 0.145
I 06.17/12:06:47 solver.py:243 ] => Train  Loss: 1.0757e-06

I 06.17/12:06:47 solver.py:337 ] 
=! Best NMSE: -2.5687e+01 (epoch=320)

I 06.17/12:06:50 solver.py:221 ] Epoch: [349/400][20/391] lr: 5.76e-05 | MSE loss: 1.1735e-06 | time: 0.133
I 06.17/12:06:53 solver.py:221 ] Epoch: [349/400][40/391] lr: 5.76e-05 | MSE loss: 1.0919e-06 | time: 0.138
I 06.17/12:06:56 solver.py:221 ] Epoch: [349/400][60/391] lr: 5.75e-05 | MSE loss: 1.0755e-06 | time: 0.141
I 06.17/12:06:59 solver.py:221 ] Epoch: [349/400][80/391] lr: 5.75e-05 | MSE loss: 1.0734e-06 | time: 0.142
I 06.17/12:07:01 solver.py:221 ] Epoch: [349/400][100/391] lr: 5.75e-05 | MSE loss: 1.0767e-06 | time: 0.142
I 06.17/12:07:05 solver.py:221 ] Epoch: [349/400][120/391] lr: 5.75e-05 | MSE loss: 1.0787e-06 | time: 0.151
I 06.17/12:07:08 solver.py:221 ] Epoch: [349/400][140/391] lr: 5.75e-05 | MSE loss: 1.0839e-06 | time: 0.150
I 06.17/12:07:11 solver.py:221 ] Epoch: [349/400][160/391] lr: 5.75e-05 | MSE loss: 1.0768e-06 | time: 0.150
I 06.17/12:07:14 solver.py:221 ] Epoch: [349/400][180/391] lr: 5.75e-05 | MSE loss: 1.0797e-06 | time: 0.150
I 06.17/12:07:17 solver.py:221 ] Epoch: [349/400][200/391] lr: 5.74e-05 | MSE loss: 1.0756e-06 | time: 0.150
I 06.17/12:07:20 solver.py:221 ] Epoch: [349/400][220/391] lr: 5.74e-05 | MSE loss: 1.0765e-06 | time: 0.150
I 06.17/12:07:23 solver.py:221 ] Epoch: [349/400][240/391] lr: 5.74e-05 | MSE loss: 1.0757e-06 | time: 0.150
I 06.17/12:07:26 solver.py:221 ] Epoch: [349/400][260/391] lr: 5.74e-05 | MSE loss: 1.0751e-06 | time: 0.150
I 06.17/12:07:29 solver.py:221 ] Epoch: [349/400][280/391] lr: 5.74e-05 | MSE loss: 1.0708e-06 | time: 0.150
I 06.17/12:07:32 solver.py:221 ] Epoch: [349/400][300/391] lr: 5.74e-05 | MSE loss: 1.0694e-06 | time: 0.150
I 06.17/12:07:35 solver.py:221 ] Epoch: [349/400][320/391] lr: 5.74e-05 | MSE loss: 1.0654e-06 | time: 0.150
I 06.17/12:07:38 solver.py:221 ] Epoch: [349/400][340/391] lr: 5.73e-05 | MSE loss: 1.0688e-06 | time: 0.150
I 06.17/12:07:41 solver.py:221 ] Epoch: [349/400][360/391] lr: 5.73e-05 | MSE loss: 1.0726e-06 | time: 0.150
I 06.17/12:07:44 solver.py:221 ] Epoch: [349/400][380/391] lr: 5.73e-05 | MSE loss: 1.0725e-06 | time: 0.150
I 06.17/12:07:46 solver.py:243 ] => Train  Loss: 1.0712e-06

I 06.17/12:07:46 solver.py:337 ] 
=! Best NMSE: -2.5687e+01 (epoch=320)

I 06.17/12:07:49 solver.py:221 ] Epoch: [350/400][20/391] lr: 5.73e-05 | MSE loss: 1.0530e-06 | time: 0.138
I 06.17/12:07:52 solver.py:221 ] Epoch: [350/400][40/391] lr: 5.73e-05 | MSE loss: 1.0556e-06 | time: 0.145
I 06.17/12:07:55 solver.py:221 ] Epoch: [350/400][60/391] lr: 5.73e-05 | MSE loss: 1.0372e-06 | time: 0.145
I 06.17/12:07:58 solver.py:221 ] Epoch: [350/400][80/391] lr: 5.72e-05 | MSE loss: 1.0521e-06 | time: 0.146
I 06.17/12:08:01 solver.py:221 ] Epoch: [350/400][100/391] lr: 5.72e-05 | MSE loss: 1.0521e-06 | time: 0.147
I 06.17/12:08:04 solver.py:221 ] Epoch: [350/400][120/391] lr: 5.72e-05 | MSE loss: 1.0485e-06 | time: 0.149
I 06.17/12:08:07 solver.py:221 ] Epoch: [350/400][140/391] lr: 5.72e-05 | MSE loss: 1.0487e-06 | time: 0.145
I 06.17/12:08:10 solver.py:221 ] Epoch: [350/400][160/391] lr: 5.72e-05 | MSE loss: 1.0464e-06 | time: 0.145
I 06.17/12:08:13 solver.py:221 ] Epoch: [350/400][180/391] lr: 5.72e-05 | MSE loss: 1.0530e-06 | time: 0.146
I 06.17/12:08:16 solver.py:221 ] Epoch: [350/400][200/391] lr: 5.72e-05 | MSE loss: 1.0564e-06 | time: 0.147
I 06.17/12:08:19 solver.py:221 ] Epoch: [350/400][220/391] lr: 5.71e-05 | MSE loss: 1.0512e-06 | time: 0.148
I 06.17/12:08:22 solver.py:221 ] Epoch: [350/400][240/391] lr: 5.71e-05 | MSE loss: 1.0476e-06 | time: 0.148
I 06.17/12:08:25 solver.py:221 ] Epoch: [350/400][260/391] lr: 5.71e-05 | MSE loss: 1.0532e-06 | time: 0.148
I 06.17/12:08:28 solver.py:221 ] Epoch: [350/400][280/391] lr: 5.71e-05 | MSE loss: 1.0575e-06 | time: 0.148
I 06.17/12:08:31 solver.py:221 ] Epoch: [350/400][300/391] lr: 5.71e-05 | MSE loss: 1.0583e-06 | time: 0.148
I 06.17/12:08:34 solver.py:221 ] Epoch: [350/400][320/391] lr: 5.71e-05 | MSE loss: 1.0607e-06 | time: 0.148
I 06.17/12:08:37 solver.py:221 ] Epoch: [350/400][340/391] lr: 5.71e-05 | MSE loss: 1.0684e-06 | time: 0.149
I 06.17/12:08:40 solver.py:221 ] Epoch: [350/400][360/391] lr: 5.70e-05 | MSE loss: 1.0778e-06 | time: 0.149
I 06.17/12:08:43 solver.py:221 ] Epoch: [350/400][380/391] lr: 5.70e-05 | MSE loss: 1.0780e-06 | time: 0.149
I 06.17/12:08:45 solver.py:243 ] => Train  Loss: 1.0769e-06

I 06.17/12:08:47 solver.py:221 ] Epoch: [350/400][20/118] lr: 5.70e-05 | MSE loss: 1.1059e-06 | time: 0.107
I 06.17/12:08:49 solver.py:221 ] Epoch: [350/400][40/118] lr: 5.70e-05 | MSE loss: 1.0956e-06 | time: 0.113
I 06.17/12:08:52 solver.py:221 ] Epoch: [350/400][60/118] lr: 5.70e-05 | MSE loss: 1.1141e-06 | time: 0.110
I 06.17/12:08:54 solver.py:221 ] Epoch: [350/400][80/118] lr: 5.70e-05 | MSE loss: 1.1149e-06 | time: 0.113
I 06.17/12:08:56 solver.py:221 ] Epoch: [350/400][100/118] lr: 5.70e-05 | MSE loss: 1.1124e-06 | time: 0.109
I 06.17/12:08:58 solver.py:243 ] => Val  Loss: 1.1114e-06

I 06.17/12:09:00 solver.py:471 ] [20/79] loss: 1.1524e-06 | NMSE: -2.5936e+01 | time: 0.102
I 06.17/12:09:04 solver.py:471 ] [40/79] loss: 1.1279e-06 | NMSE: -2.6032e+01 | time: 0.153
I 06.17/12:09:06 solver.py:471 ] [60/79] loss: 1.1257e-06 | NMSE: -2.6031e+01 | time: 0.132
I 06.17/12:09:07 solver.py:476 ] => Test NMSE: -2.6047e+01

I 06.17/12:09:07 solver.py:337 ] 
=! Best NMSE: -2.6047e+01 (epoch=350)

I 06.17/12:09:10 solver.py:221 ] Epoch: [351/400][20/391] lr: 5.70e-05 | MSE loss: 9.8074e-07 | time: 0.136
I 06.17/12:09:13 solver.py:221 ] Epoch: [351/400][40/391] lr: 5.70e-05 | MSE loss: 9.7719e-07 | time: 0.136
I 06.17/12:09:15 solver.py:221 ] Epoch: [351/400][60/391] lr: 5.70e-05 | MSE loss: 9.7210e-07 | time: 0.137
I 06.17/12:09:18 solver.py:221 ] Epoch: [351/400][80/391] lr: 5.70e-05 | MSE loss: 9.8208e-07 | time: 0.140
I 06.17/12:09:21 solver.py:221 ] Epoch: [351/400][100/391] lr: 5.70e-05 | MSE loss: 1.0052e-06 | time: 0.142
I 06.17/12:09:24 solver.py:221 ] Epoch: [351/400][120/391] lr: 5.69e-05 | MSE loss: 1.0096e-06 | time: 0.143
I 06.17/12:09:27 solver.py:221 ] Epoch: [351/400][140/391] lr: 5.69e-05 | MSE loss: 1.0276e-06 | time: 0.145
I 06.17/12:09:31 solver.py:221 ] Epoch: [351/400][160/391] lr: 5.69e-05 | MSE loss: 1.0368e-06 | time: 0.146
I 06.17/12:09:34 solver.py:221 ] Epoch: [351/400][180/391] lr: 5.69e-05 | MSE loss: 1.0381e-06 | time: 0.146
I 06.17/12:09:36 solver.py:221 ] Epoch: [351/400][200/391] lr: 5.69e-05 | MSE loss: 1.0337e-06 | time: 0.146
I 06.17/12:09:39 solver.py:221 ] Epoch: [351/400][220/391] lr: 5.69e-05 | MSE loss: 1.0304e-06 | time: 0.147
I 06.17/12:09:42 solver.py:221 ] Epoch: [351/400][240/391] lr: 5.69e-05 | MSE loss: 1.0309e-06 | time: 0.147
I 06.17/12:09:45 solver.py:221 ] Epoch: [351/400][260/391] lr: 5.68e-05 | MSE loss: 1.0356e-06 | time: 0.147
I 06.17/12:09:48 solver.py:221 ] Epoch: [351/400][280/391] lr: 5.68e-05 | MSE loss: 1.0363e-06 | time: 0.147
I 06.17/12:09:52 solver.py:221 ] Epoch: [351/400][300/391] lr: 5.68e-05 | MSE loss: 1.0394e-06 | time: 0.148
I 06.17/12:09:55 solver.py:221 ] Epoch: [351/400][320/391] lr: 5.68e-05 | MSE loss: 1.0449e-06 | time: 0.148
I 06.17/12:09:57 solver.py:221 ] Epoch: [351/400][340/391] lr: 5.68e-05 | MSE loss: 1.0456e-06 | time: 0.148
I 06.17/12:10:00 solver.py:221 ] Epoch: [351/400][360/391] lr: 5.68e-05 | MSE loss: 1.0452e-06 | time: 0.148
I 06.17/12:10:05 solver.py:221 ] Epoch: [351/400][380/391] lr: 5.68e-05 | MSE loss: 1.0505e-06 | time: 0.154
I 06.17/12:10:07 solver.py:243 ] => Train  Loss: 1.0532e-06

I 06.17/12:10:07 solver.py:337 ] 
=! Best NMSE: -2.6047e+01 (epoch=350)

I 06.17/12:10:10 solver.py:221 ] Epoch: [352/400][20/391] lr: 5.67e-05 | MSE loss: 1.1927e-06 | time: 0.136
I 06.17/12:10:13 solver.py:221 ] Epoch: [352/400][40/391] lr: 5.67e-05 | MSE loss: 1.1407e-06 | time: 0.143
I 06.17/12:10:16 solver.py:221 ] Epoch: [352/400][60/391] lr: 5.67e-05 | MSE loss: 1.0976e-06 | time: 0.143
I 06.17/12:10:19 solver.py:221 ] Epoch: [352/400][80/391] lr: 5.67e-05 | MSE loss: 1.0974e-06 | time: 0.144
I 06.17/12:10:22 solver.py:221 ] Epoch: [352/400][100/391] lr: 5.67e-05 | MSE loss: 1.0866e-06 | time: 0.146
I 06.17/12:10:25 solver.py:221 ] Epoch: [352/400][120/391] lr: 5.67e-05 | MSE loss: 1.0732e-06 | time: 0.147
I 06.17/12:10:28 solver.py:221 ] Epoch: [352/400][140/391] lr: 5.67e-05 | MSE loss: 1.0707e-06 | time: 0.149
I 06.17/12:10:31 solver.py:221 ] Epoch: [352/400][160/391] lr: 5.66e-05 | MSE loss: 1.0703e-06 | time: 0.149
I 06.17/12:10:34 solver.py:221 ] Epoch: [352/400][180/391] lr: 5.66e-05 | MSE loss: 1.0644e-06 | time: 0.149
I 06.17/12:10:37 solver.py:221 ] Epoch: [352/400][200/391] lr: 5.66e-05 | MSE loss: 1.0646e-06 | time: 0.148
I 06.17/12:10:40 solver.py:221 ] Epoch: [352/400][220/391] lr: 5.66e-05 | MSE loss: 1.0622e-06 | time: 0.149
I 06.17/12:10:43 solver.py:221 ] Epoch: [352/400][240/391] lr: 5.66e-05 | MSE loss: 1.0615e-06 | time: 0.149
I 06.17/12:10:46 solver.py:221 ] Epoch: [352/400][260/391] lr: 5.66e-05 | MSE loss: 1.0589e-06 | time: 0.150
I 06.17/12:10:49 solver.py:221 ] Epoch: [352/400][280/391] lr: 5.66e-05 | MSE loss: 1.0546e-06 | time: 0.150
I 06.17/12:10:52 solver.py:221 ] Epoch: [352/400][300/391] lr: 5.65e-05 | MSE loss: 1.0522e-06 | time: 0.150
I 06.17/12:10:56 solver.py:221 ] Epoch: [352/400][320/391] lr: 5.65e-05 | MSE loss: 1.0493e-06 | time: 0.151
I 06.17/12:10:59 solver.py:221 ] Epoch: [352/400][340/391] lr: 5.65e-05 | MSE loss: 1.0535e-06 | time: 0.151
I 06.17/12:11:01 solver.py:221 ] Epoch: [352/400][360/391] lr: 5.65e-05 | MSE loss: 1.0544e-06 | time: 0.150
I 06.17/12:11:06 solver.py:221 ] Epoch: [352/400][380/391] lr: 5.65e-05 | MSE loss: 1.0594e-06 | time: 0.154
I 06.17/12:11:08 solver.py:243 ] => Train  Loss: 1.0614e-06

I 06.17/12:11:08 solver.py:337 ] 
=! Best NMSE: -2.6047e+01 (epoch=350)

I 06.17/12:11:11 solver.py:221 ] Epoch: [353/400][20/391] lr: 5.65e-05 | MSE loss: 1.0749e-06 | time: 0.142
I 06.17/12:11:14 solver.py:221 ] Epoch: [353/400][40/391] lr: 5.65e-05 | MSE loss: 1.0803e-06 | time: 0.146
I 06.17/12:11:17 solver.py:221 ] Epoch: [353/400][60/391] lr: 5.64e-05 | MSE loss: 1.0686e-06 | time: 0.146
I 06.17/12:11:20 solver.py:221 ] Epoch: [353/400][80/391] lr: 5.64e-05 | MSE loss: 1.0700e-06 | time: 0.146
I 06.17/12:11:23 solver.py:221 ] Epoch: [353/400][100/391] lr: 5.64e-05 | MSE loss: 1.0609e-06 | time: 0.148
I 06.17/12:11:26 solver.py:221 ] Epoch: [353/400][120/391] lr: 5.64e-05 | MSE loss: 1.0635e-06 | time: 0.149
I 06.17/12:11:29 solver.py:221 ] Epoch: [353/400][140/391] lr: 5.64e-05 | MSE loss: 1.0697e-06 | time: 0.149
I 06.17/12:11:32 solver.py:221 ] Epoch: [353/400][160/391] lr: 5.64e-05 | MSE loss: 1.0773e-06 | time: 0.150
I 06.17/12:11:35 solver.py:221 ] Epoch: [353/400][180/391] lr: 5.64e-05 | MSE loss: 1.1067e-06 | time: 0.150
I 06.17/12:11:38 solver.py:221 ] Epoch: [353/400][200/391] lr: 5.63e-05 | MSE loss: 1.1140e-06 | time: 0.150
I 06.17/12:11:41 solver.py:221 ] Epoch: [353/400][220/391] lr: 5.63e-05 | MSE loss: 1.1164e-06 | time: 0.150
I 06.17/12:11:45 solver.py:221 ] Epoch: [353/400][240/391] lr: 5.63e-05 | MSE loss: 1.1083e-06 | time: 0.152
I 06.17/12:11:48 solver.py:221 ] Epoch: [353/400][260/391] lr: 5.63e-05 | MSE loss: 1.1033e-06 | time: 0.153
I 06.17/12:11:51 solver.py:221 ] Epoch: [353/400][280/391] lr: 5.63e-05 | MSE loss: 1.1001e-06 | time: 0.152
I 06.17/12:11:54 solver.py:221 ] Epoch: [353/400][300/391] lr: 5.63e-05 | MSE loss: 1.0943e-06 | time: 0.152
I 06.17/12:11:57 solver.py:221 ] Epoch: [353/400][320/391] lr: 5.63e-05 | MSE loss: 1.1000e-06 | time: 0.152
I 06.17/12:12:00 solver.py:221 ] Epoch: [353/400][340/391] lr: 5.63e-05 | MSE loss: 1.0985e-06 | time: 0.152
I 06.17/12:12:04 solver.py:221 ] Epoch: [353/400][360/391] lr: 5.62e-05 | MSE loss: 1.0987e-06 | time: 0.156
I 06.17/12:12:07 solver.py:221 ] Epoch: [353/400][380/391] lr: 5.62e-05 | MSE loss: 1.0964e-06 | time: 0.155
I 06.17/12:12:09 solver.py:243 ] => Train  Loss: 1.0939e-06

I 06.17/12:12:09 solver.py:337 ] 
=! Best NMSE: -2.6047e+01 (epoch=350)

I 06.17/12:12:12 solver.py:221 ] Epoch: [354/400][20/391] lr: 5.62e-05 | MSE loss: 1.0606e-06 | time: 0.138
I 06.17/12:12:15 solver.py:221 ] Epoch: [354/400][40/391] lr: 5.62e-05 | MSE loss: 1.0275e-06 | time: 0.149
I 06.17/12:12:18 solver.py:221 ] Epoch: [354/400][60/391] lr: 5.62e-05 | MSE loss: 1.0183e-06 | time: 0.151
I 06.17/12:12:22 solver.py:221 ] Epoch: [354/400][80/391] lr: 5.62e-05 | MSE loss: 1.0069e-06 | time: 0.156
I 06.17/12:12:26 solver.py:221 ] Epoch: [354/400][100/391] lr: 5.62e-05 | MSE loss: 1.0134e-06 | time: 0.163
I 06.17/12:12:29 solver.py:221 ] Epoch: [354/400][120/391] lr: 5.61e-05 | MSE loss: 1.0220e-06 | time: 0.165
I 06.17/12:12:33 solver.py:221 ] Epoch: [354/400][140/391] lr: 5.61e-05 | MSE loss: 1.0142e-06 | time: 0.168
I 06.17/12:12:36 solver.py:221 ] Epoch: [354/400][160/391] lr: 5.61e-05 | MSE loss: 1.0159e-06 | time: 0.165
I 06.17/12:12:39 solver.py:221 ] Epoch: [354/400][180/391] lr: 5.61e-05 | MSE loss: 1.0186e-06 | time: 0.166
I 06.17/12:12:42 solver.py:221 ] Epoch: [354/400][200/391] lr: 5.61e-05 | MSE loss: 1.0168e-06 | time: 0.163
I 06.17/12:12:45 solver.py:221 ] Epoch: [354/400][220/391] lr: 5.61e-05 | MSE loss: 1.0187e-06 | time: 0.162
I 06.17/12:12:48 solver.py:221 ] Epoch: [354/400][240/391] lr: 5.61e-05 | MSE loss: 1.0224e-06 | time: 0.161
I 06.17/12:12:51 solver.py:221 ] Epoch: [354/400][260/391] lr: 5.60e-05 | MSE loss: 1.0200e-06 | time: 0.160
I 06.17/12:12:54 solver.py:221 ] Epoch: [354/400][280/391] lr: 5.60e-05 | MSE loss: 1.0211e-06 | time: 0.159
I 06.17/12:12:57 solver.py:221 ] Epoch: [354/400][300/391] lr: 5.60e-05 | MSE loss: 1.0264e-06 | time: 0.158
I 06.17/12:13:00 solver.py:221 ] Epoch: [354/400][320/391] lr: 5.60e-05 | MSE loss: 1.0267e-06 | time: 0.158
I 06.17/12:13:05 solver.py:221 ] Epoch: [354/400][340/391] lr: 5.60e-05 | MSE loss: 1.0262e-06 | time: 0.163
I 06.17/12:13:08 solver.py:221 ] Epoch: [354/400][360/391] lr: 5.60e-05 | MSE loss: 1.0282e-06 | time: 0.163
I 06.17/12:13:11 solver.py:221 ] Epoch: [354/400][380/391] lr: 5.60e-05 | MSE loss: 1.0283e-06 | time: 0.162
I 06.17/12:13:13 solver.py:243 ] => Train  Loss: 1.0352e-06

I 06.17/12:13:13 solver.py:337 ] 
=! Best NMSE: -2.6047e+01 (epoch=350)

I 06.17/12:13:16 solver.py:221 ] Epoch: [355/400][20/391] lr: 5.59e-05 | MSE loss: 1.1387e-06 | time: 0.154
I 06.17/12:13:19 solver.py:221 ] Epoch: [355/400][40/391] lr: 5.59e-05 | MSE loss: 1.1246e-06 | time: 0.152
I 06.17/12:13:22 solver.py:221 ] Epoch: [355/400][60/391] lr: 5.59e-05 | MSE loss: 1.0997e-06 | time: 0.151
I 06.17/12:13:25 solver.py:221 ] Epoch: [355/400][80/391] lr: 5.59e-05 | MSE loss: 1.0957e-06 | time: 0.151
I 06.17/12:13:28 solver.py:221 ] Epoch: [355/400][100/391] lr: 5.59e-05 | MSE loss: 1.0736e-06 | time: 0.151
I 06.17/12:13:31 solver.py:221 ] Epoch: [355/400][120/391] lr: 5.59e-05 | MSE loss: 1.0586e-06 | time: 0.151
I 06.17/12:13:34 solver.py:221 ] Epoch: [355/400][140/391] lr: 5.59e-05 | MSE loss: 1.0642e-06 | time: 0.153
I 06.17/12:13:38 solver.py:221 ] Epoch: [355/400][160/391] lr: 5.59e-05 | MSE loss: 1.0623e-06 | time: 0.156
I 06.17/12:13:41 solver.py:221 ] Epoch: [355/400][180/391] lr: 5.58e-05 | MSE loss: 1.0592e-06 | time: 0.154
I 06.17/12:13:44 solver.py:221 ] Epoch: [355/400][200/391] lr: 5.58e-05 | MSE loss: 1.0517e-06 | time: 0.154
I 06.17/12:13:47 solver.py:221 ] Epoch: [355/400][220/391] lr: 5.58e-05 | MSE loss: 1.0516e-06 | time: 0.153
I 06.17/12:13:50 solver.py:221 ] Epoch: [355/400][240/391] lr: 5.58e-05 | MSE loss: 1.0752e-06 | time: 0.153
I 06.17/12:13:53 solver.py:221 ] Epoch: [355/400][260/391] lr: 5.58e-05 | MSE loss: 1.0663e-06 | time: 0.153
I 06.17/12:13:56 solver.py:221 ] Epoch: [355/400][280/391] lr: 5.58e-05 | MSE loss: 1.0614e-06 | time: 0.152
I 06.17/12:13:58 solver.py:221 ] Epoch: [355/400][300/391] lr: 5.58e-05 | MSE loss: 1.0568e-06 | time: 0.152
I 06.17/12:14:02 solver.py:221 ] Epoch: [355/400][320/391] lr: 5.58e-05 | MSE loss: 1.0564e-06 | time: 0.154
I 06.17/12:14:06 solver.py:221 ] Epoch: [355/400][340/391] lr: 5.57e-05 | MSE loss: 1.0553e-06 | time: 0.156
I 06.17/12:14:09 solver.py:221 ] Epoch: [355/400][360/391] lr: 5.57e-05 | MSE loss: 1.0564e-06 | time: 0.156
I 06.17/12:14:12 solver.py:221 ] Epoch: [355/400][380/391] lr: 5.57e-05 | MSE loss: 1.0591e-06 | time: 0.155
I 06.17/12:14:14 solver.py:243 ] => Train  Loss: 1.0636e-06

I 06.17/12:14:14 solver.py:337 ] 
=! Best NMSE: -2.6047e+01 (epoch=350)

I 06.17/12:14:17 solver.py:221 ] Epoch: [356/400][20/391] lr: 5.57e-05 | MSE loss: 1.0334e-06 | time: 0.138
I 06.17/12:14:20 solver.py:221 ] Epoch: [356/400][40/391] lr: 5.57e-05 | MSE loss: 1.0020e-06 | time: 0.144
I 06.17/12:14:23 solver.py:221 ] Epoch: [356/400][60/391] lr: 5.57e-05 | MSE loss: 9.9941e-07 | time: 0.146
I 06.17/12:14:26 solver.py:221 ] Epoch: [356/400][80/391] lr: 5.57e-05 | MSE loss: 1.0134e-06 | time: 0.148
I 06.17/12:14:29 solver.py:221 ] Epoch: [356/400][100/391] lr: 5.56e-05 | MSE loss: 1.0384e-06 | time: 0.149
I 06.17/12:14:32 solver.py:221 ] Epoch: [356/400][120/391] lr: 5.56e-05 | MSE loss: 1.0496e-06 | time: 0.149
I 06.17/12:14:35 solver.py:221 ] Epoch: [356/400][140/391] lr: 5.56e-05 | MSE loss: 1.0446e-06 | time: 0.149
I 06.17/12:14:38 solver.py:221 ] Epoch: [356/400][160/391] lr: 5.56e-05 | MSE loss: 1.0521e-06 | time: 0.149
I 06.17/12:14:41 solver.py:221 ] Epoch: [356/400][180/391] lr: 5.56e-05 | MSE loss: 1.0538e-06 | time: 0.150
I 06.17/12:14:44 solver.py:221 ] Epoch: [356/400][200/391] lr: 5.56e-05 | MSE loss: 1.0537e-06 | time: 0.150
I 06.17/12:14:47 solver.py:221 ] Epoch: [356/400][220/391] lr: 5.56e-05 | MSE loss: 1.0542e-06 | time: 0.150
I 06.17/12:14:50 solver.py:221 ] Epoch: [356/400][240/391] lr: 5.56e-05 | MSE loss: 1.0530e-06 | time: 0.150
I 06.17/12:14:53 solver.py:221 ] Epoch: [356/400][260/391] lr: 5.55e-05 | MSE loss: 1.0614e-06 | time: 0.151
I 06.17/12:14:56 solver.py:221 ] Epoch: [356/400][280/391] lr: 5.55e-05 | MSE loss: 1.0623e-06 | time: 0.151
I 06.17/12:14:59 solver.py:221 ] Epoch: [356/400][300/391] lr: 5.55e-05 | MSE loss: 1.0651e-06 | time: 0.151
I 06.17/12:15:03 solver.py:221 ] Epoch: [356/400][320/391] lr: 5.55e-05 | MSE loss: 1.0631e-06 | time: 0.152
I 06.17/12:15:06 solver.py:221 ] Epoch: [356/400][340/391] lr: 5.55e-05 | MSE loss: 1.0604e-06 | time: 0.153
I 06.17/12:15:09 solver.py:221 ] Epoch: [356/400][360/391] lr: 5.55e-05 | MSE loss: 1.0593e-06 | time: 0.153
I 06.17/12:15:12 solver.py:221 ] Epoch: [356/400][380/391] lr: 5.55e-05 | MSE loss: 1.0607e-06 | time: 0.152
I 06.17/12:15:13 solver.py:243 ] => Train  Loss: 1.0609e-06

I 06.17/12:15:14 solver.py:337 ] 
=! Best NMSE: -2.6047e+01 (epoch=350)

I 06.17/12:15:17 solver.py:221 ] Epoch: [357/400][20/391] lr: 5.54e-05 | MSE loss: 1.1079e-06 | time: 0.138
I 06.17/12:15:20 solver.py:221 ] Epoch: [357/400][40/391] lr: 5.54e-05 | MSE loss: 1.0559e-06 | time: 0.143
I 06.17/12:15:23 solver.py:221 ] Epoch: [357/400][60/391] lr: 5.54e-05 | MSE loss: 1.0453e-06 | time: 0.145
I 06.17/12:15:26 solver.py:221 ] Epoch: [357/400][80/391] lr: 5.54e-05 | MSE loss: 1.0455e-06 | time: 0.146
I 06.17/12:15:29 solver.py:221 ] Epoch: [357/400][100/391] lr: 5.54e-05 | MSE loss: 1.0720e-06 | time: 0.147
I 06.17/12:15:32 solver.py:221 ] Epoch: [357/400][120/391] lr: 5.54e-05 | MSE loss: 1.0830e-06 | time: 0.148
I 06.17/12:15:35 solver.py:221 ] Epoch: [357/400][140/391] lr: 5.54e-05 | MSE loss: 1.0749e-06 | time: 0.148
I 06.17/12:15:38 solver.py:221 ] Epoch: [357/400][160/391] lr: 5.54e-05 | MSE loss: 1.0854e-06 | time: 0.148
I 06.17/12:15:41 solver.py:221 ] Epoch: [357/400][180/391] lr: 5.53e-05 | MSE loss: 1.0894e-06 | time: 0.149
I 06.17/12:15:44 solver.py:221 ] Epoch: [357/400][200/391] lr: 5.53e-05 | MSE loss: 1.0879e-06 | time: 0.149
I 06.17/12:15:47 solver.py:221 ] Epoch: [357/400][220/391] lr: 5.53e-05 | MSE loss: 1.0788e-06 | time: 0.149
I 06.17/12:15:50 solver.py:221 ] Epoch: [357/400][240/391] lr: 5.53e-05 | MSE loss: 1.0692e-06 | time: 0.149
I 06.17/12:15:53 solver.py:221 ] Epoch: [357/400][260/391] lr: 5.53e-05 | MSE loss: 1.0666e-06 | time: 0.149
I 06.17/12:15:55 solver.py:221 ] Epoch: [357/400][280/391] lr: 5.53e-05 | MSE loss: 1.0623e-06 | time: 0.149
I 06.17/12:15:59 solver.py:221 ] Epoch: [357/400][300/391] lr: 5.53e-05 | MSE loss: 1.0620e-06 | time: 0.149
I 06.17/12:16:01 solver.py:221 ] Epoch: [357/400][320/391] lr: 5.53e-05 | MSE loss: 1.0605e-06 | time: 0.149
I 06.17/12:16:05 solver.py:221 ] Epoch: [357/400][340/391] lr: 5.53e-05 | MSE loss: 1.0578e-06 | time: 0.152
I 06.17/12:16:08 solver.py:221 ] Epoch: [357/400][360/391] lr: 5.52e-05 | MSE loss: 1.0544e-06 | time: 0.151
I 06.17/12:16:11 solver.py:221 ] Epoch: [357/400][380/391] lr: 5.52e-05 | MSE loss: 1.0513e-06 | time: 0.151
I 06.17/12:16:13 solver.py:243 ] => Train  Loss: 1.0491e-06

I 06.17/12:16:13 solver.py:337 ] 
=! Best NMSE: -2.6047e+01 (epoch=350)

I 06.17/12:16:16 solver.py:221 ] Epoch: [358/400][20/391] lr: 5.52e-05 | MSE loss: 9.6371e-07 | time: 0.139
I 06.17/12:16:19 solver.py:221 ] Epoch: [358/400][40/391] lr: 5.52e-05 | MSE loss: 9.5280e-07 | time: 0.143
I 06.17/12:16:22 solver.py:221 ] Epoch: [358/400][60/391] lr: 5.52e-05 | MSE loss: 9.6889e-07 | time: 0.144
I 06.17/12:16:25 solver.py:221 ] Epoch: [358/400][80/391] lr: 5.52e-05 | MSE loss: 1.0005e-06 | time: 0.145
I 06.17/12:16:28 solver.py:221 ] Epoch: [358/400][100/391] lr: 5.52e-05 | MSE loss: 1.0329e-06 | time: 0.146
I 06.17/12:16:31 solver.py:221 ] Epoch: [358/400][120/391] lr: 5.51e-05 | MSE loss: 1.0407e-06 | time: 0.147
I 06.17/12:16:34 solver.py:221 ] Epoch: [358/400][140/391] lr: 5.51e-05 | MSE loss: 1.0648e-06 | time: 0.148
I 06.17/12:16:37 solver.py:221 ] Epoch: [358/400][160/391] lr: 5.51e-05 | MSE loss: 1.0656e-06 | time: 0.149
I 06.17/12:16:40 solver.py:221 ] Epoch: [358/400][180/391] lr: 5.51e-05 | MSE loss: 1.0649e-06 | time: 0.149
I 06.17/12:16:44 solver.py:221 ] Epoch: [358/400][200/391] lr: 5.51e-05 | MSE loss: 1.0595e-06 | time: 0.150
I 06.17/12:16:47 solver.py:221 ] Epoch: [358/400][220/391] lr: 5.51e-05 | MSE loss: 1.0529e-06 | time: 0.151
I 06.17/12:16:50 solver.py:221 ] Epoch: [358/400][240/391] lr: 5.51e-05 | MSE loss: 1.0451e-06 | time: 0.151
I 06.17/12:16:52 solver.py:221 ] Epoch: [358/400][260/391] lr: 5.51e-05 | MSE loss: 1.0387e-06 | time: 0.150
I 06.17/12:16:55 solver.py:221 ] Epoch: [358/400][280/391] lr: 5.50e-05 | MSE loss: 1.0349e-06 | time: 0.150
I 06.17/12:16:58 solver.py:221 ] Epoch: [358/400][300/391] lr: 5.50e-05 | MSE loss: 1.0321e-06 | time: 0.150
I 06.17/12:17:02 solver.py:221 ] Epoch: [358/400][320/391] lr: 5.50e-05 | MSE loss: 1.0297e-06 | time: 0.151
I 06.17/12:17:06 solver.py:221 ] Epoch: [358/400][340/391] lr: 5.50e-05 | MSE loss: 1.0283e-06 | time: 0.154
I 06.17/12:17:09 solver.py:221 ] Epoch: [358/400][360/391] lr: 5.50e-05 | MSE loss: 1.0263e-06 | time: 0.154
I 06.17/12:17:12 solver.py:221 ] Epoch: [358/400][380/391] lr: 5.50e-05 | MSE loss: 1.0246e-06 | time: 0.154
I 06.17/12:17:14 solver.py:243 ] => Train  Loss: 1.0235e-06

I 06.17/12:17:14 solver.py:337 ] 
=! Best NMSE: -2.6047e+01 (epoch=350)

I 06.17/12:17:17 solver.py:221 ] Epoch: [359/400][20/391] lr: 5.50e-05 | MSE loss: 1.1276e-06 | time: 0.137
I 06.17/12:17:20 solver.py:221 ] Epoch: [359/400][40/391] lr: 5.50e-05 | MSE loss: 1.2399e-06 | time: 0.142
I 06.17/12:17:23 solver.py:221 ] Epoch: [359/400][60/391] lr: 5.49e-05 | MSE loss: 1.2104e-06 | time: 0.143
I 06.17/12:17:26 solver.py:221 ] Epoch: [359/400][80/391] lr: 5.49e-05 | MSE loss: 1.1762e-06 | time: 0.146
I 06.17/12:17:29 solver.py:221 ] Epoch: [359/400][100/391] lr: 5.49e-05 | MSE loss: 1.1552e-06 | time: 0.146
I 06.17/12:17:32 solver.py:221 ] Epoch: [359/400][120/391] lr: 5.49e-05 | MSE loss: 1.1327e-06 | time: 0.148
I 06.17/12:17:35 solver.py:221 ] Epoch: [359/400][140/391] lr: 5.49e-05 | MSE loss: 1.1290e-06 | time: 0.148
I 06.17/12:17:38 solver.py:221 ] Epoch: [359/400][160/391] lr: 5.49e-05 | MSE loss: 1.1161e-06 | time: 0.147
I 06.17/12:17:41 solver.py:221 ] Epoch: [359/400][180/391] lr: 5.49e-05 | MSE loss: 1.1123e-06 | time: 0.151
I 06.17/12:17:44 solver.py:221 ] Epoch: [359/400][200/391] lr: 5.49e-05 | MSE loss: 1.1039e-06 | time: 0.149
I 06.17/12:17:47 solver.py:221 ] Epoch: [359/400][220/391] lr: 5.49e-05 | MSE loss: 1.0999e-06 | time: 0.149
I 06.17/12:17:50 solver.py:221 ] Epoch: [359/400][240/391] lr: 5.48e-05 | MSE loss: 1.0932e-06 | time: 0.149
I 06.17/12:17:53 solver.py:221 ] Epoch: [359/400][260/391] lr: 5.48e-05 | MSE loss: 1.0989e-06 | time: 0.149
I 06.17/12:17:56 solver.py:221 ] Epoch: [359/400][280/391] lr: 5.48e-05 | MSE loss: 1.0920e-06 | time: 0.149
I 06.17/12:17:59 solver.py:221 ] Epoch: [359/400][300/391] lr: 5.48e-05 | MSE loss: 1.0911e-06 | time: 0.149
I 06.17/12:18:02 solver.py:221 ] Epoch: [359/400][320/391] lr: 5.48e-05 | MSE loss: 1.0847e-06 | time: 0.151
I 06.17/12:18:05 solver.py:221 ] Epoch: [359/400][340/391] lr: 5.48e-05 | MSE loss: 1.0793e-06 | time: 0.150
I 06.17/12:18:08 solver.py:221 ] Epoch: [359/400][360/391] lr: 5.48e-05 | MSE loss: 1.0732e-06 | time: 0.150
I 06.17/12:18:11 solver.py:221 ] Epoch: [359/400][380/391] lr: 5.48e-05 | MSE loss: 1.0698e-06 | time: 0.150
I 06.17/12:18:13 solver.py:243 ] => Train  Loss: 1.0693e-06

I 06.17/12:18:13 solver.py:337 ] 
=! Best NMSE: -2.6047e+01 (epoch=350)

I 06.17/12:18:16 solver.py:221 ] Epoch: [360/400][20/391] lr: 5.47e-05 | MSE loss: 1.1260e-06 | time: 0.139
I 06.17/12:18:19 solver.py:221 ] Epoch: [360/400][40/391] lr: 5.47e-05 | MSE loss: 1.0994e-06 | time: 0.144
I 06.17/12:18:22 solver.py:221 ] Epoch: [360/400][60/391] lr: 5.47e-05 | MSE loss: 1.0769e-06 | time: 0.146
I 06.17/12:18:25 solver.py:221 ] Epoch: [360/400][80/391] lr: 5.47e-05 | MSE loss: 1.0706e-06 | time: 0.146
I 06.17/12:18:28 solver.py:221 ] Epoch: [360/400][100/391] lr: 5.47e-05 | MSE loss: 1.0539e-06 | time: 0.146
I 06.17/12:18:31 solver.py:221 ] Epoch: [360/400][120/391] lr: 5.47e-05 | MSE loss: 1.0613e-06 | time: 0.147
I 06.17/12:18:34 solver.py:221 ] Epoch: [360/400][140/391] lr: 5.47e-05 | MSE loss: 1.0597e-06 | time: 0.147
I 06.17/12:18:37 solver.py:221 ] Epoch: [360/400][160/391] lr: 5.47e-05 | MSE loss: 1.0525e-06 | time: 0.148
I 06.17/12:18:40 solver.py:221 ] Epoch: [360/400][180/391] lr: 5.46e-05 | MSE loss: 1.0465e-06 | time: 0.149
I 06.17/12:18:43 solver.py:221 ] Epoch: [360/400][200/391] lr: 5.46e-05 | MSE loss: 1.0421e-06 | time: 0.150
I 06.17/12:18:47 solver.py:221 ] Epoch: [360/400][220/391] lr: 5.46e-05 | MSE loss: 1.0431e-06 | time: 0.151
I 06.17/12:18:50 solver.py:221 ] Epoch: [360/400][240/391] lr: 5.46e-05 | MSE loss: 1.0454e-06 | time: 0.152
I 06.17/12:18:53 solver.py:221 ] Epoch: [360/400][260/391] lr: 5.46e-05 | MSE loss: 1.0514e-06 | time: 0.152
I 06.17/12:18:56 solver.py:221 ] Epoch: [360/400][280/391] lr: 5.46e-05 | MSE loss: 1.0555e-06 | time: 0.151
I 06.17/12:18:59 solver.py:221 ] Epoch: [360/400][300/391] lr: 5.46e-05 | MSE loss: 1.0517e-06 | time: 0.151
I 06.17/12:19:02 solver.py:221 ] Epoch: [360/400][320/391] lr: 5.46e-05 | MSE loss: 1.0478e-06 | time: 0.152
I 06.17/12:19:06 solver.py:221 ] Epoch: [360/400][340/391] lr: 5.46e-05 | MSE loss: 1.0463e-06 | time: 0.153
I 06.17/12:19:09 solver.py:221 ] Epoch: [360/400][360/391] lr: 5.45e-05 | MSE loss: 1.0470e-06 | time: 0.153
I 06.17/12:19:12 solver.py:221 ] Epoch: [360/400][380/391] lr: 5.45e-05 | MSE loss: 1.0540e-06 | time: 0.153
I 06.17/12:19:13 solver.py:243 ] => Train  Loss: 1.0545e-06

I 06.17/12:19:14 solver.py:221 ] Epoch: [360/400][20/118] lr: 5.45e-05 | MSE loss: 1.4210e-06 | time: 0.028
I 06.17/12:19:15 solver.py:221 ] Epoch: [360/400][40/118] lr: 5.45e-05 | MSE loss: 1.4126e-06 | time: 0.046
I 06.17/12:19:16 solver.py:221 ] Epoch: [360/400][60/118] lr: 5.45e-05 | MSE loss: 1.4305e-06 | time: 0.041
I 06.17/12:19:17 solver.py:221 ] Epoch: [360/400][80/118] lr: 5.45e-05 | MSE loss: 1.4318e-06 | time: 0.043
I 06.17/12:19:18 solver.py:221 ] Epoch: [360/400][100/118] lr: 5.45e-05 | MSE loss: 1.4289e-06 | time: 0.045
I 06.17/12:19:19 solver.py:243 ] => Val  Loss: 1.4280e-06

I 06.17/12:19:20 solver.py:471 ] [20/79] loss: 1.4686e-06 | NMSE: -2.4884e+01 | time: 0.062
I 06.17/12:19:22 solver.py:471 ] [40/79] loss: 1.4444e-06 | NMSE: -2.4958e+01 | time: 0.070
I 06.17/12:19:23 solver.py:471 ] [60/79] loss: 1.4426e-06 | NMSE: -2.4953e+01 | time: 0.071
I 06.17/12:19:24 solver.py:476 ] => Test NMSE: -2.4968e+01

I 06.17/12:19:24 solver.py:337 ] 
=! Best NMSE: -2.6047e+01 (epoch=350)

I 06.17/12:19:28 solver.py:221 ] Epoch: [361/400][20/391] lr: 5.45e-05 | MSE loss: 1.0791e-06 | time: 0.164
I 06.17/12:19:30 solver.py:221 ] Epoch: [361/400][40/391] lr: 5.45e-05 | MSE loss: 1.0507e-06 | time: 0.129
I 06.17/12:19:32 solver.py:221 ] Epoch: [361/400][60/391] lr: 5.45e-05 | MSE loss: 1.0338e-06 | time: 0.124
I 06.17/12:19:35 solver.py:221 ] Epoch: [361/400][80/391] lr: 5.45e-05 | MSE loss: 1.0341e-06 | time: 0.124
I 06.17/12:19:37 solver.py:221 ] Epoch: [361/400][100/391] lr: 5.45e-05 | MSE loss: 1.0288e-06 | time: 0.125
I 06.17/12:19:40 solver.py:221 ] Epoch: [361/400][120/391] lr: 5.45e-05 | MSE loss: 1.0244e-06 | time: 0.131
I 06.17/12:19:43 solver.py:221 ] Epoch: [361/400][140/391] lr: 5.44e-05 | MSE loss: 1.0165e-06 | time: 0.133
I 06.17/12:19:46 solver.py:221 ] Epoch: [361/400][160/391] lr: 5.44e-05 | MSE loss: 1.0140e-06 | time: 0.135
I 06.17/12:19:49 solver.py:221 ] Epoch: [361/400][180/391] lr: 5.44e-05 | MSE loss: 1.0349e-06 | time: 0.136
I 06.17/12:19:52 solver.py:221 ] Epoch: [361/400][200/391] lr: 5.44e-05 | MSE loss: 1.0545e-06 | time: 0.138
I 06.17/12:19:55 solver.py:221 ] Epoch: [361/400][220/391] lr: 5.44e-05 | MSE loss: 1.0587e-06 | time: 0.139
I 06.17/12:19:58 solver.py:221 ] Epoch: [361/400][240/391] lr: 5.44e-05 | MSE loss: 1.0664e-06 | time: 0.140
I 06.17/12:20:01 solver.py:221 ] Epoch: [361/400][260/391] lr: 5.44e-05 | MSE loss: 1.0716e-06 | time: 0.141
I 06.17/12:20:05 solver.py:221 ] Epoch: [361/400][280/391] lr: 5.44e-05 | MSE loss: 1.0708e-06 | time: 0.146
I 06.17/12:20:08 solver.py:221 ] Epoch: [361/400][300/391] lr: 5.44e-05 | MSE loss: 1.0651e-06 | time: 0.146
I 06.17/12:20:11 solver.py:221 ] Epoch: [361/400][320/391] lr: 5.43e-05 | MSE loss: 1.0605e-06 | time: 0.146
I 06.17/12:20:14 solver.py:221 ] Epoch: [361/400][340/391] lr: 5.43e-05 | MSE loss: 1.0540e-06 | time: 0.146
I 06.17/12:20:17 solver.py:221 ] Epoch: [361/400][360/391] lr: 5.43e-05 | MSE loss: 1.0513e-06 | time: 0.146
I 06.17/12:20:20 solver.py:221 ] Epoch: [361/400][380/391] lr: 5.43e-05 | MSE loss: 1.0514e-06 | time: 0.146
I 06.17/12:20:22 solver.py:243 ] => Train  Loss: 1.0491e-06

I 06.17/12:20:22 solver.py:337 ] 
=! Best NMSE: -2.6047e+01 (epoch=350)

I 06.17/12:20:25 solver.py:221 ] Epoch: [362/400][20/391] lr: 5.43e-05 | MSE loss: 9.6939e-07 | time: 0.138
I 06.17/12:20:28 solver.py:221 ] Epoch: [362/400][40/391] lr: 5.43e-05 | MSE loss: 9.5856e-07 | time: 0.143
I 06.17/12:20:31 solver.py:221 ] Epoch: [362/400][60/391] lr: 5.43e-05 | MSE loss: 9.8820e-07 | time: 0.144
I 06.17/12:20:34 solver.py:221 ] Epoch: [362/400][80/391] lr: 5.43e-05 | MSE loss: 9.9870e-07 | time: 0.144
I 06.17/12:20:37 solver.py:221 ] Epoch: [362/400][100/391] lr: 5.42e-05 | MSE loss: 9.9570e-07 | time: 0.147
I 06.17/12:20:40 solver.py:221 ] Epoch: [362/400][120/391] lr: 5.42e-05 | MSE loss: 9.9103e-07 | time: 0.148
I 06.17/12:20:43 solver.py:221 ] Epoch: [362/400][140/391] lr: 5.42e-05 | MSE loss: 9.8968e-07 | time: 0.149
I 06.17/12:20:46 solver.py:221 ] Epoch: [362/400][160/391] lr: 5.42e-05 | MSE loss: 9.9101e-07 | time: 0.149
I 06.17/12:20:49 solver.py:221 ] Epoch: [362/400][180/391] lr: 5.42e-05 | MSE loss: 9.9796e-07 | time: 0.149
I 06.17/12:20:53 solver.py:221 ] Epoch: [362/400][200/391] lr: 5.42e-05 | MSE loss: 9.9405e-07 | time: 0.151
I 06.17/12:20:56 solver.py:221 ] Epoch: [362/400][220/391] lr: 5.42e-05 | MSE loss: 9.9690e-07 | time: 0.150
I 06.17/12:20:59 solver.py:221 ] Epoch: [362/400][240/391] lr: 5.42e-05 | MSE loss: 9.9397e-07 | time: 0.150
I 06.17/12:21:02 solver.py:221 ] Epoch: [362/400][260/391] lr: 5.42e-05 | MSE loss: 9.9412e-07 | time: 0.152
I 06.17/12:21:06 solver.py:221 ] Epoch: [362/400][280/391] lr: 5.41e-05 | MSE loss: 1.0074e-06 | time: 0.154
I 06.17/12:21:09 solver.py:221 ] Epoch: [362/400][300/391] lr: 5.41e-05 | MSE loss: 1.0077e-06 | time: 0.154
I 06.17/12:21:12 solver.py:221 ] Epoch: [362/400][320/391] lr: 5.41e-05 | MSE loss: 1.0097e-06 | time: 0.154
I 06.17/12:21:15 solver.py:221 ] Epoch: [362/400][340/391] lr: 5.41e-05 | MSE loss: 1.0081e-06 | time: 0.155
I 06.17/12:21:18 solver.py:221 ] Epoch: [362/400][360/391] lr: 5.41e-05 | MSE loss: 1.0141e-06 | time: 0.155
I 06.17/12:21:22 solver.py:221 ] Epoch: [362/400][380/391] lr: 5.41e-05 | MSE loss: 1.0155e-06 | time: 0.157
I 06.17/12:21:25 solver.py:243 ] => Train  Loss: 1.0142e-06

I 06.17/12:21:25 solver.py:337 ] 
=! Best NMSE: -2.6047e+01 (epoch=350)

I 06.17/12:21:28 solver.py:221 ] Epoch: [363/400][20/391] lr: 5.41e-05 | MSE loss: 1.0279e-06 | time: 0.141
I 06.17/12:21:31 solver.py:221 ] Epoch: [363/400][40/391] lr: 5.41e-05 | MSE loss: 1.0355e-06 | time: 0.149
I 06.17/12:21:34 solver.py:221 ] Epoch: [363/400][60/391] lr: 5.41e-05 | MSE loss: 1.0304e-06 | time: 0.151
I 06.17/12:21:37 solver.py:221 ] Epoch: [363/400][80/391] lr: 5.40e-05 | MSE loss: 1.0165e-06 | time: 0.156
I 06.17/12:21:40 solver.py:221 ] Epoch: [363/400][100/391] lr: 5.40e-05 | MSE loss: 1.0229e-06 | time: 0.154
I 06.17/12:21:44 solver.py:221 ] Epoch: [363/400][120/391] lr: 5.40e-05 | MSE loss: 1.0218e-06 | time: 0.156
I 06.17/12:21:47 solver.py:221 ] Epoch: [363/400][140/391] lr: 5.40e-05 | MSE loss: 1.0238e-06 | time: 0.154
I 06.17/12:21:50 solver.py:221 ] Epoch: [363/400][160/391] lr: 5.40e-05 | MSE loss: 1.0289e-06 | time: 0.153
I 06.17/12:21:53 solver.py:221 ] Epoch: [363/400][180/391] lr: 5.40e-05 | MSE loss: 1.0311e-06 | time: 0.153
I 06.17/12:21:56 solver.py:221 ] Epoch: [363/400][200/391] lr: 5.40e-05 | MSE loss: 1.0260e-06 | time: 0.153
I 06.17/12:21:59 solver.py:221 ] Epoch: [363/400][220/391] lr: 5.40e-05 | MSE loss: 1.0332e-06 | time: 0.152
I 06.17/12:22:02 solver.py:221 ] Epoch: [363/400][240/391] lr: 5.40e-05 | MSE loss: 1.0337e-06 | time: 0.154
I 06.17/12:22:06 solver.py:221 ] Epoch: [363/400][260/391] lr: 5.39e-05 | MSE loss: 1.0336e-06 | time: 0.158
I 06.17/12:22:09 solver.py:221 ] Epoch: [363/400][280/391] lr: 5.39e-05 | MSE loss: 1.0353e-06 | time: 0.158
I 06.17/12:22:12 solver.py:221 ] Epoch: [363/400][300/391] lr: 5.39e-05 | MSE loss: 1.0353e-06 | time: 0.158
I 06.17/12:22:15 solver.py:221 ] Epoch: [363/400][320/391] lr: 5.39e-05 | MSE loss: 1.0413e-06 | time: 0.157
I 06.17/12:22:18 solver.py:221 ] Epoch: [363/400][340/391] lr: 5.39e-05 | MSE loss: 1.0450e-06 | time: 0.156
I 06.17/12:22:21 solver.py:221 ] Epoch: [363/400][360/391] lr: 5.39e-05 | MSE loss: 1.0471e-06 | time: 0.156
I 06.17/12:22:24 solver.py:221 ] Epoch: [363/400][380/391] lr: 5.39e-05 | MSE loss: 1.0474e-06 | time: 0.155
I 06.17/12:22:26 solver.py:243 ] => Train  Loss: 1.0482e-06

I 06.17/12:22:26 solver.py:337 ] 
=! Best NMSE: -2.6047e+01 (epoch=350)

I 06.17/12:22:29 solver.py:221 ] Epoch: [364/400][20/391] lr: 5.39e-05 | MSE loss: 1.0069e-06 | time: 0.140
I 06.17/12:22:33 solver.py:221 ] Epoch: [364/400][40/391] lr: 5.39e-05 | MSE loss: 1.0233e-06 | time: 0.157
I 06.17/12:22:36 solver.py:221 ] Epoch: [364/400][60/391] lr: 5.38e-05 | MSE loss: 1.0436e-06 | time: 0.154
I 06.17/12:22:38 solver.py:221 ] Epoch: [364/400][80/391] lr: 5.38e-05 | MSE loss: 1.0364e-06 | time: 0.153
I 06.17/12:22:41 solver.py:221 ] Epoch: [364/400][100/391] lr: 5.38e-05 | MSE loss: 1.0462e-06 | time: 0.151
I 06.17/12:22:44 solver.py:221 ] Epoch: [364/400][120/391] lr: 5.38e-05 | MSE loss: 1.0513e-06 | time: 0.151
I 06.17/12:22:47 solver.py:221 ] Epoch: [364/400][140/391] lr: 5.38e-05 | MSE loss: 1.0518e-06 | time: 0.151
I 06.17/12:22:50 solver.py:221 ] Epoch: [364/400][160/391] lr: 5.38e-05 | MSE loss: 1.0527e-06 | time: 0.151
I 06.17/12:22:53 solver.py:221 ] Epoch: [364/400][180/391] lr: 5.38e-05 | MSE loss: 1.0617e-06 | time: 0.150
I 06.17/12:22:56 solver.py:221 ] Epoch: [364/400][200/391] lr: 5.38e-05 | MSE loss: 1.0581e-06 | time: 0.151
I 06.17/12:22:59 solver.py:221 ] Epoch: [364/400][220/391] lr: 5.38e-05 | MSE loss: 1.0644e-06 | time: 0.150
I 06.17/12:23:03 solver.py:221 ] Epoch: [364/400][240/391] lr: 5.37e-05 | MSE loss: 1.0674e-06 | time: 0.155
I 06.17/12:23:07 solver.py:221 ] Epoch: [364/400][260/391] lr: 5.37e-05 | MSE loss: 1.0696e-06 | time: 0.156
I 06.17/12:23:10 solver.py:221 ] Epoch: [364/400][280/391] lr: 5.37e-05 | MSE loss: 1.0705e-06 | time: 0.156
I 06.17/12:23:13 solver.py:221 ] Epoch: [364/400][300/391] lr: 5.37e-05 | MSE loss: 1.0773e-06 | time: 0.155
I 06.17/12:23:16 solver.py:221 ] Epoch: [364/400][320/391] lr: 5.37e-05 | MSE loss: 1.0810e-06 | time: 0.155
I 06.17/12:23:19 solver.py:221 ] Epoch: [364/400][340/391] lr: 5.37e-05 | MSE loss: 1.0787e-06 | time: 0.154
I 06.17/12:23:22 solver.py:221 ] Epoch: [364/400][360/391] lr: 5.37e-05 | MSE loss: 1.0766e-06 | time: 0.154
I 06.17/12:23:25 solver.py:221 ] Epoch: [364/400][380/391] lr: 5.37e-05 | MSE loss: 1.0768e-06 | time: 0.153
I 06.17/12:23:26 solver.py:243 ] => Train  Loss: 1.0775e-06

I 06.17/12:23:26 solver.py:337 ] 
=! Best NMSE: -2.6047e+01 (epoch=350)

I 06.17/12:23:29 solver.py:221 ] Epoch: [365/400][20/391] lr: 5.37e-05 | MSE loss: 1.0286e-06 | time: 0.139
I 06.17/12:23:32 solver.py:221 ] Epoch: [365/400][40/391] lr: 5.37e-05 | MSE loss: 1.0564e-06 | time: 0.140
I 06.17/12:23:35 solver.py:221 ] Epoch: [365/400][60/391] lr: 5.36e-05 | MSE loss: 1.0373e-06 | time: 0.143
I 06.17/12:23:38 solver.py:221 ] Epoch: [365/400][80/391] lr: 5.36e-05 | MSE loss: 1.0669e-06 | time: 0.145
I 06.17/12:23:41 solver.py:221 ] Epoch: [365/400][100/391] lr: 5.36e-05 | MSE loss: 1.0589e-06 | time: 0.146
I 06.17/12:23:44 solver.py:221 ] Epoch: [365/400][120/391] lr: 5.36e-05 | MSE loss: 1.0744e-06 | time: 0.146
I 06.17/12:23:47 solver.py:221 ] Epoch: [365/400][140/391] lr: 5.36e-05 | MSE loss: 1.0775e-06 | time: 0.146
I 06.17/12:23:50 solver.py:221 ] Epoch: [365/400][160/391] lr: 5.36e-05 | MSE loss: 1.0750e-06 | time: 0.147
I 06.17/12:23:53 solver.py:221 ] Epoch: [365/400][180/391] lr: 5.36e-05 | MSE loss: 1.0820e-06 | time: 0.147
I 06.17/12:23:56 solver.py:221 ] Epoch: [365/400][200/391] lr: 5.36e-05 | MSE loss: 1.0775e-06 | time: 0.148
I 06.17/12:23:59 solver.py:221 ] Epoch: [365/400][220/391] lr: 5.36e-05 | MSE loss: 1.0778e-06 | time: 0.149
I 06.17/12:24:04 solver.py:221 ] Epoch: [365/400][240/391] lr: 5.35e-05 | MSE loss: 1.0840e-06 | time: 0.157
I 06.17/12:24:07 solver.py:221 ] Epoch: [365/400][260/391] lr: 5.35e-05 | MSE loss: 1.0838e-06 | time: 0.156
I 06.17/12:24:10 solver.py:221 ] Epoch: [365/400][280/391] lr: 5.35e-05 | MSE loss: 1.0864e-06 | time: 0.156
I 06.17/12:24:14 solver.py:221 ] Epoch: [365/400][300/391] lr: 5.35e-05 | MSE loss: 1.0778e-06 | time: 0.157
I 06.17/12:24:17 solver.py:221 ] Epoch: [365/400][320/391] lr: 5.35e-05 | MSE loss: 1.0720e-06 | time: 0.156
I 06.17/12:24:20 solver.py:221 ] Epoch: [365/400][340/391] lr: 5.35e-05 | MSE loss: 1.0681e-06 | time: 0.156
I 06.17/12:24:23 solver.py:221 ] Epoch: [365/400][360/391] lr: 5.35e-05 | MSE loss: 1.0609e-06 | time: 0.155
I 06.17/12:24:25 solver.py:221 ] Epoch: [365/400][380/391] lr: 5.35e-05 | MSE loss: 1.0566e-06 | time: 0.155
I 06.17/12:24:27 solver.py:243 ] => Train  Loss: 1.0544e-06

I 06.17/12:24:27 solver.py:337 ] 
=! Best NMSE: -2.6047e+01 (epoch=350)

I 06.17/12:24:30 solver.py:221 ] Epoch: [366/400][20/391] lr: 5.35e-05 | MSE loss: 1.0051e-06 | time: 0.137
I 06.17/12:24:33 solver.py:221 ] Epoch: [366/400][40/391] lr: 5.35e-05 | MSE loss: 9.9645e-07 | time: 0.141
I 06.17/12:24:36 solver.py:221 ] Epoch: [366/400][60/391] lr: 5.34e-05 | MSE loss: 9.9574e-07 | time: 0.144
I 06.17/12:24:39 solver.py:221 ] Epoch: [366/400][80/391] lr: 5.34e-05 | MSE loss: 9.7782e-07 | time: 0.147
I 06.17/12:24:42 solver.py:221 ] Epoch: [366/400][100/391] lr: 5.34e-05 | MSE loss: 9.7940e-07 | time: 0.148
I 06.17/12:24:46 solver.py:221 ] Epoch: [366/400][120/391] lr: 5.34e-05 | MSE loss: 9.8115e-07 | time: 0.149
I 06.17/12:24:49 solver.py:221 ] Epoch: [366/400][140/391] lr: 5.34e-05 | MSE loss: 9.8678e-07 | time: 0.149
I 06.17/12:24:52 solver.py:221 ] Epoch: [366/400][160/391] lr: 5.34e-05 | MSE loss: 9.8327e-07 | time: 0.150
I 06.17/12:24:55 solver.py:221 ] Epoch: [366/400][180/391] lr: 5.34e-05 | MSE loss: 9.8513e-07 | time: 0.151
I 06.17/12:24:58 solver.py:221 ] Epoch: [366/400][200/391] lr: 5.34e-05 | MSE loss: 9.8619e-07 | time: 0.152
I 06.17/12:25:02 solver.py:221 ] Epoch: [366/400][220/391] lr: 5.34e-05 | MSE loss: 9.8807e-07 | time: 0.156
I 06.17/12:25:06 solver.py:221 ] Epoch: [366/400][240/391] lr: 5.34e-05 | MSE loss: 9.9014e-07 | time: 0.160
I 06.17/12:25:09 solver.py:221 ] Epoch: [366/400][260/391] lr: 5.33e-05 | MSE loss: 9.9475e-07 | time: 0.159
I 06.17/12:25:12 solver.py:221 ] Epoch: [366/400][280/391] lr: 5.33e-05 | MSE loss: 9.9574e-07 | time: 0.159
I 06.17/12:25:15 solver.py:221 ] Epoch: [366/400][300/391] lr: 5.33e-05 | MSE loss: 9.9503e-07 | time: 0.158
I 06.17/12:25:18 solver.py:221 ] Epoch: [366/400][320/391] lr: 5.33e-05 | MSE loss: 9.9232e-07 | time: 0.157
I 06.17/12:25:21 solver.py:221 ] Epoch: [366/400][340/391] lr: 5.33e-05 | MSE loss: 9.9079e-07 | time: 0.157
I 06.17/12:25:24 solver.py:221 ] Epoch: [366/400][360/391] lr: 5.33e-05 | MSE loss: 9.9356e-07 | time: 0.157
I 06.17/12:25:27 solver.py:221 ] Epoch: [366/400][380/391] lr: 5.33e-05 | MSE loss: 9.9334e-07 | time: 0.156
I 06.17/12:25:29 solver.py:243 ] => Train  Loss: 9.9241e-07

I 06.17/12:25:29 solver.py:337 ] 
=! Best NMSE: -2.6047e+01 (epoch=350)

I 06.17/12:25:32 solver.py:221 ] Epoch: [367/400][20/391] lr: 5.33e-05 | MSE loss: 9.8477e-07 | time: 0.140
I 06.17/12:25:35 solver.py:221 ] Epoch: [367/400][40/391] lr: 5.33e-05 | MSE loss: 9.6283e-07 | time: 0.148
I 06.17/12:25:38 solver.py:221 ] Epoch: [367/400][60/391] lr: 5.32e-05 | MSE loss: 9.7891e-07 | time: 0.148
I 06.17/12:25:41 solver.py:221 ] Epoch: [367/400][80/391] lr: 5.32e-05 | MSE loss: 9.9447e-07 | time: 0.149
I 06.17/12:25:44 solver.py:221 ] Epoch: [367/400][100/391] lr: 5.32e-05 | MSE loss: 9.9500e-07 | time: 0.151
I 06.17/12:25:47 solver.py:221 ] Epoch: [367/400][120/391] lr: 5.32e-05 | MSE loss: 9.9624e-07 | time: 0.152
I 06.17/12:25:51 solver.py:221 ] Epoch: [367/400][140/391] lr: 5.32e-05 | MSE loss: 1.0161e-06 | time: 0.154
I 06.17/12:25:54 solver.py:221 ] Epoch: [367/400][160/391] lr: 5.32e-05 | MSE loss: 1.0185e-06 | time: 0.155
I 06.17/12:25:57 solver.py:221 ] Epoch: [367/400][180/391] lr: 5.32e-05 | MSE loss: 1.0193e-06 | time: 0.154
I 06.17/12:26:00 solver.py:221 ] Epoch: [367/400][200/391] lr: 5.32e-05 | MSE loss: 1.0226e-06 | time: 0.156
I 06.17/12:26:06 solver.py:221 ] Epoch: [367/400][220/391] lr: 5.32e-05 | MSE loss: 1.0227e-06 | time: 0.171
I 06.17/12:26:10 solver.py:221 ] Epoch: [367/400][240/391] lr: 5.32e-05 | MSE loss: 1.0223e-06 | time: 0.170
I 06.17/12:26:12 solver.py:221 ] Epoch: [367/400][260/391] lr: 5.32e-05 | MSE loss: 1.0314e-06 | time: 0.166
I 06.17/12:26:15 solver.py:221 ] Epoch: [367/400][280/391] lr: 5.31e-05 | MSE loss: 1.0299e-06 | time: 0.165
I 06.17/12:26:19 solver.py:221 ] Epoch: [367/400][300/391] lr: 5.31e-05 | MSE loss: 1.0297e-06 | time: 0.165
I 06.17/12:26:22 solver.py:221 ] Epoch: [367/400][320/391] lr: 5.31e-05 | MSE loss: 1.0343e-06 | time: 0.164
I 06.17/12:26:25 solver.py:221 ] Epoch: [367/400][340/391] lr: 5.31e-05 | MSE loss: 1.0329e-06 | time: 0.163
I 06.17/12:26:28 solver.py:221 ] Epoch: [367/400][360/391] lr: 5.31e-05 | MSE loss: 1.0305e-06 | time: 0.162
I 06.17/12:26:31 solver.py:221 ] Epoch: [367/400][380/391] lr: 5.31e-05 | MSE loss: 1.0282e-06 | time: 0.162
I 06.17/12:26:32 solver.py:243 ] => Train  Loss: 1.0262e-06

I 06.17/12:26:32 solver.py:337 ] 
=! Best NMSE: -2.6047e+01 (epoch=350)

I 06.17/12:26:36 solver.py:221 ] Epoch: [368/400][20/391] lr: 5.31e-05 | MSE loss: 1.0408e-06 | time: 0.150
I 06.17/12:26:39 solver.py:221 ] Epoch: [368/400][40/391] lr: 5.31e-05 | MSE loss: 1.0320e-06 | time: 0.151
I 06.17/12:26:42 solver.py:221 ] Epoch: [368/400][60/391] lr: 5.31e-05 | MSE loss: 1.0286e-06 | time: 0.153
I 06.17/12:26:45 solver.py:221 ] Epoch: [368/400][80/391] lr: 5.31e-05 | MSE loss: 1.0346e-06 | time: 0.152
I 06.17/12:26:48 solver.py:221 ] Epoch: [368/400][100/391] lr: 5.30e-05 | MSE loss: 1.0329e-06 | time: 0.152
I 06.17/12:26:51 solver.py:221 ] Epoch: [368/400][120/391] lr: 5.30e-05 | MSE loss: 1.0268e-06 | time: 0.151
I 06.17/12:26:54 solver.py:221 ] Epoch: [368/400][140/391] lr: 5.30e-05 | MSE loss: 1.0253e-06 | time: 0.150
I 06.17/12:26:57 solver.py:221 ] Epoch: [368/400][160/391] lr: 5.30e-05 | MSE loss: 1.0177e-06 | time: 0.149
I 06.17/12:27:00 solver.py:221 ] Epoch: [368/400][180/391] lr: 5.30e-05 | MSE loss: 1.0223e-06 | time: 0.149
I 06.17/12:27:03 solver.py:221 ] Epoch: [368/400][200/391] lr: 5.30e-05 | MSE loss: 1.0228e-06 | time: 0.155
I 06.17/12:27:07 solver.py:221 ] Epoch: [368/400][220/391] lr: 5.30e-05 | MSE loss: 1.0183e-06 | time: 0.156
I 06.17/12:27:10 solver.py:221 ] Epoch: [368/400][240/391] lr: 5.30e-05 | MSE loss: 1.0307e-06 | time: 0.156
I 06.17/12:27:13 solver.py:221 ] Epoch: [368/400][260/391] lr: 5.30e-05 | MSE loss: 1.0400e-06 | time: 0.155
I 06.17/12:27:16 solver.py:221 ] Epoch: [368/400][280/391] lr: 5.30e-05 | MSE loss: 1.0389e-06 | time: 0.155
I 06.17/12:27:19 solver.py:221 ] Epoch: [368/400][300/391] lr: 5.29e-05 | MSE loss: 1.0454e-06 | time: 0.155
I 06.17/12:27:22 solver.py:221 ] Epoch: [368/400][320/391] lr: 5.29e-05 | MSE loss: 1.0523e-06 | time: 0.154
I 06.17/12:27:25 solver.py:221 ] Epoch: [368/400][340/391] lr: 5.29e-05 | MSE loss: 1.0583e-06 | time: 0.154
I 06.17/12:27:28 solver.py:221 ] Epoch: [368/400][360/391] lr: 5.29e-05 | MSE loss: 1.0607e-06 | time: 0.154
I 06.17/12:27:31 solver.py:221 ] Epoch: [368/400][380/391] lr: 5.29e-05 | MSE loss: 1.0612e-06 | time: 0.154
I 06.17/12:27:33 solver.py:243 ] => Train  Loss: 1.0619e-06

I 06.17/12:27:33 solver.py:337 ] 
=! Best NMSE: -2.6047e+01 (epoch=350)

I 06.17/12:27:36 solver.py:221 ] Epoch: [369/400][20/391] lr: 5.29e-05 | MSE loss: 1.0251e-06 | time: 0.135
I 06.17/12:27:39 solver.py:221 ] Epoch: [369/400][40/391] lr: 5.29e-05 | MSE loss: 1.0612e-06 | time: 0.142
I 06.17/12:27:42 solver.py:221 ] Epoch: [369/400][60/391] lr: 5.29e-05 | MSE loss: 1.0507e-06 | time: 0.147
I 06.17/12:27:45 solver.py:221 ] Epoch: [369/400][80/391] lr: 5.29e-05 | MSE loss: 1.0736e-06 | time: 0.147
I 06.17/12:27:48 solver.py:221 ] Epoch: [369/400][100/391] lr: 5.29e-05 | MSE loss: 1.0616e-06 | time: 0.147
I 06.17/12:27:51 solver.py:221 ] Epoch: [369/400][120/391] lr: 5.29e-05 | MSE loss: 1.0663e-06 | time: 0.147
I 06.17/12:27:54 solver.py:221 ] Epoch: [369/400][140/391] lr: 5.28e-05 | MSE loss: 1.0663e-06 | time: 0.149
I 06.17/12:27:57 solver.py:221 ] Epoch: [369/400][160/391] lr: 5.28e-05 | MSE loss: 1.0658e-06 | time: 0.149
I 06.17/12:28:00 solver.py:221 ] Epoch: [369/400][180/391] lr: 5.28e-05 | MSE loss: 1.0575e-06 | time: 0.149
I 06.17/12:28:05 solver.py:221 ] Epoch: [369/400][200/391] lr: 5.28e-05 | MSE loss: 1.0582e-06 | time: 0.158
I 06.17/12:28:08 solver.py:221 ] Epoch: [369/400][220/391] lr: 5.28e-05 | MSE loss: 1.0544e-06 | time: 0.155
I 06.17/12:28:11 solver.py:221 ] Epoch: [369/400][240/391] lr: 5.28e-05 | MSE loss: 1.0497e-06 | time: 0.156
I 06.17/12:28:14 solver.py:221 ] Epoch: [369/400][260/391] lr: 5.28e-05 | MSE loss: 1.0497e-06 | time: 0.156
I 06.17/12:28:17 solver.py:221 ] Epoch: [369/400][280/391] lr: 5.28e-05 | MSE loss: 1.0455e-06 | time: 0.156
I 06.17/12:28:20 solver.py:221 ] Epoch: [369/400][300/391] lr: 5.28e-05 | MSE loss: 1.0447e-06 | time: 0.156
I 06.17/12:28:23 solver.py:221 ] Epoch: [369/400][320/391] lr: 5.28e-05 | MSE loss: 1.0418e-06 | time: 0.155
I 06.17/12:28:26 solver.py:221 ] Epoch: [369/400][340/391] lr: 5.28e-05 | MSE loss: 1.0383e-06 | time: 0.155
I 06.17/12:28:29 solver.py:221 ] Epoch: [369/400][360/391] lr: 5.27e-05 | MSE loss: 1.0358e-06 | time: 0.154
I 06.17/12:28:32 solver.py:221 ] Epoch: [369/400][380/391] lr: 5.27e-05 | MSE loss: 1.0311e-06 | time: 0.154
I 06.17/12:28:34 solver.py:243 ] => Train  Loss: 1.0293e-06

I 06.17/12:28:34 solver.py:337 ] 
=! Best NMSE: -2.6047e+01 (epoch=350)

I 06.17/12:28:37 solver.py:221 ] Epoch: [370/400][20/391] lr: 5.27e-05 | MSE loss: 9.7745e-07 | time: 0.138
I 06.17/12:28:40 solver.py:221 ] Epoch: [370/400][40/391] lr: 5.27e-05 | MSE loss: 9.8582e-07 | time: 0.144
I 06.17/12:28:43 solver.py:221 ] Epoch: [370/400][60/391] lr: 5.27e-05 | MSE loss: 9.7946e-07 | time: 0.146
I 06.17/12:28:46 solver.py:221 ] Epoch: [370/400][80/391] lr: 5.27e-05 | MSE loss: 9.8295e-07 | time: 0.148
I 06.17/12:28:49 solver.py:221 ] Epoch: [370/400][100/391] lr: 5.27e-05 | MSE loss: 9.8560e-07 | time: 0.149
I 06.17/12:28:52 solver.py:221 ] Epoch: [370/400][120/391] lr: 5.27e-05 | MSE loss: 9.8882e-07 | time: 0.152
I 06.17/12:28:56 solver.py:221 ] Epoch: [370/400][140/391] lr: 5.27e-05 | MSE loss: 9.9385e-07 | time: 0.154
I 06.17/12:28:58 solver.py:221 ] Epoch: [370/400][160/391] lr: 5.27e-05 | MSE loss: 1.0044e-06 | time: 0.153
I 06.17/12:29:02 solver.py:221 ] Epoch: [370/400][180/391] lr: 5.26e-05 | MSE loss: 1.0040e-06 | time: 0.156
I 06.17/12:29:06 solver.py:221 ] Epoch: [370/400][200/391] lr: 5.26e-05 | MSE loss: 1.0059e-06 | time: 0.160
I 06.17/12:29:09 solver.py:221 ] Epoch: [370/400][220/391] lr: 5.26e-05 | MSE loss: 1.0073e-06 | time: 0.159
I 06.17/12:29:12 solver.py:221 ] Epoch: [370/400][240/391] lr: 5.26e-05 | MSE loss: 1.0028e-06 | time: 0.159
I 06.17/12:29:15 solver.py:221 ] Epoch: [370/400][260/391] lr: 5.26e-05 | MSE loss: 9.9974e-07 | time: 0.158
I 06.17/12:29:18 solver.py:221 ] Epoch: [370/400][280/391] lr: 5.26e-05 | MSE loss: 9.9922e-07 | time: 0.158
I 06.17/12:29:21 solver.py:221 ] Epoch: [370/400][300/391] lr: 5.26e-05 | MSE loss: 1.0015e-06 | time: 0.158
I 06.17/12:29:24 solver.py:221 ] Epoch: [370/400][320/391] lr: 5.26e-05 | MSE loss: 1.0053e-06 | time: 0.158
I 06.17/12:29:28 solver.py:221 ] Epoch: [370/400][340/391] lr: 5.26e-05 | MSE loss: 1.0058e-06 | time: 0.157
I 06.17/12:29:31 solver.py:221 ] Epoch: [370/400][360/391] lr: 5.26e-05 | MSE loss: 1.0037e-06 | time: 0.158
I 06.17/12:29:34 solver.py:221 ] Epoch: [370/400][380/391] lr: 5.26e-05 | MSE loss: 1.0045e-06 | time: 0.157
I 06.17/12:29:35 solver.py:243 ] => Train  Loss: 1.0097e-06

I 06.17/12:29:37 solver.py:221 ] Epoch: [370/400][20/118] lr: 5.26e-05 | MSE loss: 1.5529e-06 | time: 0.058
I 06.17/12:29:38 solver.py:221 ] Epoch: [370/400][40/118] lr: 5.26e-05 | MSE loss: 1.5443e-06 | time: 0.058
I 06.17/12:29:39 solver.py:221 ] Epoch: [370/400][60/118] lr: 5.26e-05 | MSE loss: 1.5628e-06 | time: 0.056
I 06.17/12:29:40 solver.py:221 ] Epoch: [370/400][80/118] lr: 5.26e-05 | MSE loss: 1.5642e-06 | time: 0.057
I 06.17/12:29:41 solver.py:221 ] Epoch: [370/400][100/118] lr: 5.26e-05 | MSE loss: 1.5612e-06 | time: 0.058
I 06.17/12:29:42 solver.py:243 ] => Val  Loss: 1.5603e-06

I 06.17/12:29:44 solver.py:471 ] [20/79] loss: 1.5998e-06 | NMSE: -2.4512e+01 | time: 0.074
I 06.17/12:29:45 solver.py:471 ] [40/79] loss: 1.5764e-06 | NMSE: -2.4578e+01 | time: 0.070
I 06.17/12:29:47 solver.py:471 ] [60/79] loss: 1.5744e-06 | NMSE: -2.4574e+01 | time: 0.070
I 06.17/12:29:48 solver.py:476 ] => Test NMSE: -2.4586e+01

I 06.17/12:29:48 solver.py:337 ] 
=! Best NMSE: -2.6047e+01 (epoch=350)

I 06.17/12:29:51 solver.py:221 ] Epoch: [371/400][20/391] lr: 5.25e-05 | MSE loss: 1.0518e-06 | time: 0.138
I 06.17/12:29:53 solver.py:221 ] Epoch: [371/400][40/391] lr: 5.25e-05 | MSE loss: 1.0662e-06 | time: 0.129
I 06.17/12:29:56 solver.py:221 ] Epoch: [371/400][60/391] lr: 5.25e-05 | MSE loss: 1.0346e-06 | time: 0.129
I 06.17/12:29:59 solver.py:221 ] Epoch: [371/400][80/391] lr: 5.25e-05 | MSE loss: 1.0261e-06 | time: 0.130
I 06.17/12:30:01 solver.py:221 ] Epoch: [371/400][100/391] lr: 5.25e-05 | MSE loss: 1.0171e-06 | time: 0.132
I 06.17/12:30:05 solver.py:221 ] Epoch: [371/400][120/391] lr: 5.25e-05 | MSE loss: 1.0194e-06 | time: 0.143
I 06.17/12:30:08 solver.py:221 ] Epoch: [371/400][140/391] lr: 5.25e-05 | MSE loss: 1.0280e-06 | time: 0.141
I 06.17/12:30:11 solver.py:221 ] Epoch: [371/400][160/391] lr: 5.25e-05 | MSE loss: 1.0300e-06 | time: 0.142
I 06.17/12:30:14 solver.py:221 ] Epoch: [371/400][180/391] lr: 5.25e-05 | MSE loss: 1.0290e-06 | time: 0.143
I 06.17/12:30:17 solver.py:221 ] Epoch: [371/400][200/391] lr: 5.25e-05 | MSE loss: 1.0225e-06 | time: 0.142
I 06.17/12:30:20 solver.py:221 ] Epoch: [371/400][220/391] lr: 5.25e-05 | MSE loss: 1.0287e-06 | time: 0.142
I 06.17/12:30:22 solver.py:221 ] Epoch: [371/400][240/391] lr: 5.25e-05 | MSE loss: 1.0276e-06 | time: 0.142
I 06.17/12:30:25 solver.py:221 ] Epoch: [371/400][260/391] lr: 5.24e-05 | MSE loss: 1.0335e-06 | time: 0.142
I 06.17/12:30:28 solver.py:221 ] Epoch: [371/400][280/391] lr: 5.24e-05 | MSE loss: 1.0283e-06 | time: 0.142
I 06.17/12:30:31 solver.py:221 ] Epoch: [371/400][300/391] lr: 5.24e-05 | MSE loss: 1.0273e-06 | time: 0.142
I 06.17/12:30:34 solver.py:221 ] Epoch: [371/400][320/391] lr: 5.24e-05 | MSE loss: 1.0261e-06 | time: 0.142
I 06.17/12:30:37 solver.py:221 ] Epoch: [371/400][340/391] lr: 5.24e-05 | MSE loss: 1.0250e-06 | time: 0.143
I 06.17/12:30:40 solver.py:221 ] Epoch: [371/400][360/391] lr: 5.24e-05 | MSE loss: 1.0263e-06 | time: 0.143
I 06.17/12:30:43 solver.py:221 ] Epoch: [371/400][380/391] lr: 5.24e-05 | MSE loss: 1.0286e-06 | time: 0.143
I 06.17/12:30:44 solver.py:243 ] => Train  Loss: 1.0277e-06

I 06.17/12:30:44 solver.py:337 ] 
=! Best NMSE: -2.6047e+01 (epoch=350)

I 06.17/12:30:47 solver.py:221 ] Epoch: [372/400][20/391] lr: 5.24e-05 | MSE loss: 9.7093e-07 | time: 0.137
I 06.17/12:30:50 solver.py:221 ] Epoch: [372/400][40/391] lr: 5.24e-05 | MSE loss: 9.8173e-07 | time: 0.141
I 06.17/12:30:53 solver.py:221 ] Epoch: [372/400][60/391] lr: 5.24e-05 | MSE loss: 9.7238e-07 | time: 0.142
I 06.17/12:30:56 solver.py:221 ] Epoch: [372/400][80/391] lr: 5.24e-05 | MSE loss: 9.8340e-07 | time: 0.143
I 06.17/12:30:59 solver.py:221 ] Epoch: [372/400][100/391] lr: 5.23e-05 | MSE loss: 9.9463e-07 | time: 0.142
I 06.17/12:31:02 solver.py:221 ] Epoch: [372/400][120/391] lr: 5.23e-05 | MSE loss: 1.0032e-06 | time: 0.144
I 06.17/12:31:05 solver.py:221 ] Epoch: [372/400][140/391] lr: 5.23e-05 | MSE loss: 1.0015e-06 | time: 0.144
I 06.17/12:31:07 solver.py:221 ] Epoch: [372/400][160/391] lr: 5.23e-05 | MSE loss: 1.0003e-06 | time: 0.141
I 06.17/12:31:10 solver.py:221 ] Epoch: [372/400][180/391] lr: 5.23e-05 | MSE loss: 1.0016e-06 | time: 0.142
I 06.17/12:31:13 solver.py:221 ] Epoch: [372/400][200/391] lr: 5.23e-05 | MSE loss: 1.0065e-06 | time: 0.143
I 06.17/12:31:16 solver.py:221 ] Epoch: [372/400][220/391] lr: 5.23e-05 | MSE loss: 1.0154e-06 | time: 0.143
I 06.17/12:31:19 solver.py:221 ] Epoch: [372/400][240/391] lr: 5.23e-05 | MSE loss: 1.0210e-06 | time: 0.144
I 06.17/12:31:22 solver.py:221 ] Epoch: [372/400][260/391] lr: 5.23e-05 | MSE loss: 1.0237e-06 | time: 0.144
I 06.17/12:31:25 solver.py:221 ] Epoch: [372/400][280/391] lr: 5.23e-05 | MSE loss: 1.0273e-06 | time: 0.144
I 06.17/12:31:28 solver.py:221 ] Epoch: [372/400][300/391] lr: 5.23e-05 | MSE loss: 1.0283e-06 | time: 0.145
I 06.17/12:31:31 solver.py:221 ] Epoch: [372/400][320/391] lr: 5.23e-05 | MSE loss: 1.0294e-06 | time: 0.145
I 06.17/12:31:34 solver.py:221 ] Epoch: [372/400][340/391] lr: 5.22e-05 | MSE loss: 1.0407e-06 | time: 0.145
I 06.17/12:31:37 solver.py:221 ] Epoch: [372/400][360/391] lr: 5.22e-05 | MSE loss: 1.0419e-06 | time: 0.145
I 06.17/12:31:40 solver.py:221 ] Epoch: [372/400][380/391] lr: 5.22e-05 | MSE loss: 1.0454e-06 | time: 0.146
I 06.17/12:31:42 solver.py:243 ] => Train  Loss: 1.0454e-06

I 06.17/12:31:42 solver.py:337 ] 
=! Best NMSE: -2.6047e+01 (epoch=350)

I 06.17/12:31:45 solver.py:221 ] Epoch: [373/400][20/391] lr: 5.22e-05 | MSE loss: 9.8513e-07 | time: 0.137
I 06.17/12:31:48 solver.py:221 ] Epoch: [373/400][40/391] lr: 5.22e-05 | MSE loss: 9.8451e-07 | time: 0.142
I 06.17/12:31:51 solver.py:221 ] Epoch: [373/400][60/391] lr: 5.22e-05 | MSE loss: 1.0119e-06 | time: 0.144
I 06.17/12:31:54 solver.py:221 ] Epoch: [373/400][80/391] lr: 5.22e-05 | MSE loss: 1.0376e-06 | time: 0.147
I 06.17/12:31:57 solver.py:221 ] Epoch: [373/400][100/391] lr: 5.22e-05 | MSE loss: 1.0497e-06 | time: 0.149
I 06.17/12:32:00 solver.py:221 ] Epoch: [373/400][120/391] lr: 5.22e-05 | MSE loss: 1.0544e-06 | time: 0.150
I 06.17/12:32:04 solver.py:221 ] Epoch: [373/400][140/391] lr: 5.22e-05 | MSE loss: 1.0520e-06 | time: 0.160
I 06.17/12:32:07 solver.py:221 ] Epoch: [373/400][160/391] lr: 5.22e-05 | MSE loss: 1.0447e-06 | time: 0.157
I 06.17/12:32:10 solver.py:221 ] Epoch: [373/400][180/391] lr: 5.22e-05 | MSE loss: 1.0354e-06 | time: 0.156
I 06.17/12:32:13 solver.py:221 ] Epoch: [373/400][200/391] lr: 5.21e-05 | MSE loss: 1.0295e-06 | time: 0.156
I 06.17/12:32:17 solver.py:221 ] Epoch: [373/400][220/391] lr: 5.21e-05 | MSE loss: 1.0246e-06 | time: 0.156
I 06.17/12:32:20 solver.py:221 ] Epoch: [373/400][240/391] lr: 5.21e-05 | MSE loss: 1.0204e-06 | time: 0.157
I 06.17/12:32:23 solver.py:221 ] Epoch: [373/400][260/391] lr: 5.21e-05 | MSE loss: 1.0159e-06 | time: 0.156
I 06.17/12:32:26 solver.py:221 ] Epoch: [373/400][280/391] lr: 5.21e-05 | MSE loss: 1.0156e-06 | time: 0.155
I 06.17/12:32:29 solver.py:221 ] Epoch: [373/400][300/391] lr: 5.21e-05 | MSE loss: 1.0219e-06 | time: 0.155
I 06.17/12:32:32 solver.py:221 ] Epoch: [373/400][320/391] lr: 5.21e-05 | MSE loss: 1.0243e-06 | time: 0.155
I 06.17/12:32:35 solver.py:221 ] Epoch: [373/400][340/391] lr: 5.21e-05 | MSE loss: 1.0235e-06 | time: 0.154
I 06.17/12:32:38 solver.py:221 ] Epoch: [373/400][360/391] lr: 5.21e-05 | MSE loss: 1.0194e-06 | time: 0.155
I 06.17/12:32:41 solver.py:221 ] Epoch: [373/400][380/391] lr: 5.21e-05 | MSE loss: 1.0161e-06 | time: 0.154
I 06.17/12:32:42 solver.py:243 ] => Train  Loss: 1.0140e-06

I 06.17/12:32:43 solver.py:337 ] 
=! Best NMSE: -2.6047e+01 (epoch=350)

I 06.17/12:32:46 solver.py:221 ] Epoch: [374/400][20/391] lr: 5.21e-05 | MSE loss: 9.6870e-07 | time: 0.148
I 06.17/12:32:49 solver.py:221 ] Epoch: [374/400][40/391] lr: 5.21e-05 | MSE loss: 9.6927e-07 | time: 0.151
I 06.17/12:32:52 solver.py:221 ] Epoch: [374/400][60/391] lr: 5.20e-05 | MSE loss: 9.5754e-07 | time: 0.152
I 06.17/12:32:55 solver.py:221 ] Epoch: [374/400][80/391] lr: 5.20e-05 | MSE loss: 9.4971e-07 | time: 0.153
I 06.17/12:32:58 solver.py:221 ] Epoch: [374/400][100/391] lr: 5.20e-05 | MSE loss: 9.4902e-07 | time: 0.153
I 06.17/12:33:01 solver.py:221 ] Epoch: [374/400][120/391] lr: 5.20e-05 | MSE loss: 9.5259e-07 | time: 0.152
I 06.17/12:33:05 solver.py:221 ] Epoch: [374/400][140/391] lr: 5.20e-05 | MSE loss: 9.5568e-07 | time: 0.157
I 06.17/12:33:07 solver.py:221 ] Epoch: [374/400][160/391] lr: 5.20e-05 | MSE loss: 9.6083e-07 | time: 0.153
I 06.17/12:33:10 solver.py:221 ] Epoch: [374/400][180/391] lr: 5.20e-05 | MSE loss: 9.6517e-07 | time: 0.153
I 06.17/12:33:13 solver.py:221 ] Epoch: [374/400][200/391] lr: 5.20e-05 | MSE loss: 9.6356e-07 | time: 0.152
I 06.17/12:33:16 solver.py:221 ] Epoch: [374/400][220/391] lr: 5.20e-05 | MSE loss: 9.6244e-07 | time: 0.152
I 06.17/12:33:19 solver.py:221 ] Epoch: [374/400][240/391] lr: 5.20e-05 | MSE loss: 9.6568e-07 | time: 0.152
I 06.17/12:33:22 solver.py:221 ] Epoch: [374/400][260/391] lr: 5.20e-05 | MSE loss: 9.6425e-07 | time: 0.152
I 06.17/12:33:25 solver.py:221 ] Epoch: [374/400][280/391] lr: 5.20e-05 | MSE loss: 9.7127e-07 | time: 0.152
I 06.17/12:33:29 solver.py:221 ] Epoch: [374/400][300/391] lr: 5.20e-05 | MSE loss: 9.7761e-07 | time: 0.152
I 06.17/12:33:31 solver.py:221 ] Epoch: [374/400][320/391] lr: 5.19e-05 | MSE loss: 9.8146e-07 | time: 0.152
I 06.17/12:33:34 solver.py:221 ] Epoch: [374/400][340/391] lr: 5.19e-05 | MSE loss: 9.8488e-07 | time: 0.152
I 06.17/12:33:37 solver.py:221 ] Epoch: [374/400][360/391] lr: 5.19e-05 | MSE loss: 9.8469e-07 | time: 0.151
I 06.17/12:33:40 solver.py:221 ] Epoch: [374/400][380/391] lr: 5.19e-05 | MSE loss: 9.8367e-07 | time: 0.151
I 06.17/12:33:42 solver.py:243 ] => Train  Loss: 9.8280e-07

I 06.17/12:33:42 solver.py:337 ] 
=! Best NMSE: -2.6047e+01 (epoch=350)

I 06.17/12:33:45 solver.py:221 ] Epoch: [375/400][20/391] lr: 5.19e-05 | MSE loss: 1.0233e-06 | time: 0.146
I 06.17/12:33:48 solver.py:221 ] Epoch: [375/400][40/391] lr: 5.19e-05 | MSE loss: 9.9517e-07 | time: 0.149
I 06.17/12:33:51 solver.py:221 ] Epoch: [375/400][60/391] lr: 5.19e-05 | MSE loss: 9.9980e-07 | time: 0.149
I 06.17/12:33:54 solver.py:221 ] Epoch: [375/400][80/391] lr: 5.19e-05 | MSE loss: 1.0135e-06 | time: 0.149
I 06.17/12:33:57 solver.py:221 ] Epoch: [375/400][100/391] lr: 5.19e-05 | MSE loss: 1.0127e-06 | time: 0.149
I 06.17/12:34:00 solver.py:221 ] Epoch: [375/400][120/391] lr: 5.19e-05 | MSE loss: 1.0014e-06 | time: 0.149
I 06.17/12:34:04 solver.py:221 ] Epoch: [375/400][140/391] lr: 5.19e-05 | MSE loss: 1.0057e-06 | time: 0.157
I 06.17/12:34:07 solver.py:221 ] Epoch: [375/400][160/391] lr: 5.19e-05 | MSE loss: 1.0003e-06 | time: 0.154
I 06.17/12:34:10 solver.py:221 ] Epoch: [375/400][180/391] lr: 5.19e-05 | MSE loss: 9.9421e-07 | time: 0.156
I 06.17/12:34:14 solver.py:221 ] Epoch: [375/400][200/391] lr: 5.18e-05 | MSE loss: 9.9548e-07 | time: 0.156
I 06.17/12:34:16 solver.py:221 ] Epoch: [375/400][220/391] lr: 5.18e-05 | MSE loss: 9.9044e-07 | time: 0.155
I 06.17/12:34:19 solver.py:221 ] Epoch: [375/400][240/391] lr: 5.18e-05 | MSE loss: 9.8966e-07 | time: 0.154
I 06.17/12:34:22 solver.py:221 ] Epoch: [375/400][260/391] lr: 5.18e-05 | MSE loss: 9.9155e-07 | time: 0.153
I 06.17/12:34:25 solver.py:221 ] Epoch: [375/400][280/391] lr: 5.18e-05 | MSE loss: 9.9431e-07 | time: 0.153
I 06.17/12:34:28 solver.py:221 ] Epoch: [375/400][300/391] lr: 5.18e-05 | MSE loss: 9.9715e-07 | time: 0.152
I 06.17/12:34:31 solver.py:221 ] Epoch: [375/400][320/391] lr: 5.18e-05 | MSE loss: 1.0025e-06 | time: 0.152
I 06.17/12:34:34 solver.py:221 ] Epoch: [375/400][340/391] lr: 5.18e-05 | MSE loss: 1.0058e-06 | time: 0.152
I 06.17/12:34:37 solver.py:221 ] Epoch: [375/400][360/391] lr: 5.18e-05 | MSE loss: 1.0028e-06 | time: 0.151
I 06.17/12:34:40 solver.py:221 ] Epoch: [375/400][380/391] lr: 5.18e-05 | MSE loss: 1.0035e-06 | time: 0.152
I 06.17/12:34:42 solver.py:243 ] => Train  Loss: 1.0027e-06

I 06.17/12:34:42 solver.py:337 ] 
=! Best NMSE: -2.6047e+01 (epoch=350)

I 06.17/12:34:45 solver.py:221 ] Epoch: [376/400][20/391] lr: 5.18e-05 | MSE loss: 9.8368e-07 | time: 0.138
I 06.17/12:34:48 solver.py:221 ] Epoch: [376/400][40/391] lr: 5.18e-05 | MSE loss: 9.5784e-07 | time: 0.145
I 06.17/12:34:51 solver.py:221 ] Epoch: [376/400][60/391] lr: 5.18e-05 | MSE loss: 9.6196e-07 | time: 0.152
I 06.17/12:34:54 solver.py:221 ] Epoch: [376/400][80/391] lr: 5.17e-05 | MSE loss: 9.6502e-07 | time: 0.151
I 06.17/12:34:57 solver.py:221 ] Epoch: [376/400][100/391] lr: 5.17e-05 | MSE loss: 9.6580e-07 | time: 0.151
I 06.17/12:35:00 solver.py:221 ] Epoch: [376/400][120/391] lr: 5.17e-05 | MSE loss: 9.6109e-07 | time: 0.151
I 06.17/12:35:04 solver.py:221 ] Epoch: [376/400][140/391] lr: 5.17e-05 | MSE loss: 9.7229e-07 | time: 0.154
I 06.17/12:35:05 solver.py:221 ] Epoch: [376/400][160/391] lr: 5.17e-05 | MSE loss: 9.9159e-07 | time: 0.146
I 06.17/12:35:08 solver.py:221 ] Epoch: [376/400][180/391] lr: 5.17e-05 | MSE loss: 1.0057e-06 | time: 0.144
I 06.17/12:35:11 solver.py:221 ] Epoch: [376/400][200/391] lr: 5.17e-05 | MSE loss: 1.0066e-06 | time: 0.144
I 06.17/12:35:14 solver.py:221 ] Epoch: [376/400][220/391] lr: 5.17e-05 | MSE loss: 1.0080e-06 | time: 0.143
I 06.17/12:35:17 solver.py:221 ] Epoch: [376/400][240/391] lr: 5.17e-05 | MSE loss: 1.0038e-06 | time: 0.143
I 06.17/12:35:20 solver.py:221 ] Epoch: [376/400][260/391] lr: 5.17e-05 | MSE loss: 1.0007e-06 | time: 0.143
I 06.17/12:35:23 solver.py:221 ] Epoch: [376/400][280/391] lr: 5.17e-05 | MSE loss: 1.0023e-06 | time: 0.144
I 06.17/12:35:26 solver.py:221 ] Epoch: [376/400][300/391] lr: 5.17e-05 | MSE loss: 1.0054e-06 | time: 0.144
I 06.17/12:35:29 solver.py:221 ] Epoch: [376/400][320/391] lr: 5.17e-05 | MSE loss: 1.0054e-06 | time: 0.144
I 06.17/12:35:31 solver.py:221 ] Epoch: [376/400][340/391] lr: 5.17e-05 | MSE loss: 1.0106e-06 | time: 0.144
I 06.17/12:35:34 solver.py:221 ] Epoch: [376/400][360/391] lr: 5.16e-05 | MSE loss: 1.0140e-06 | time: 0.143
I 06.17/12:35:37 solver.py:221 ] Epoch: [376/400][380/391] lr: 5.16e-05 | MSE loss: 1.0131e-06 | time: 0.144
I 06.17/12:35:39 solver.py:243 ] => Train  Loss: 1.0130e-06

I 06.17/12:35:39 solver.py:337 ] 
=! Best NMSE: -2.6047e+01 (epoch=350)

I 06.17/12:35:42 solver.py:221 ] Epoch: [377/400][20/391] lr: 5.16e-05 | MSE loss: 1.0003e-06 | time: 0.135
I 06.17/12:35:45 solver.py:221 ] Epoch: [377/400][40/391] lr: 5.16e-05 | MSE loss: 1.0060e-06 | time: 0.145
I 06.17/12:35:48 solver.py:221 ] Epoch: [377/400][60/391] lr: 5.16e-05 | MSE loss: 1.0245e-06 | time: 0.148
I 06.17/12:35:51 solver.py:221 ] Epoch: [377/400][80/391] lr: 5.16e-05 | MSE loss: 1.0156e-06 | time: 0.149
I 06.17/12:35:54 solver.py:221 ] Epoch: [377/400][100/391] lr: 5.16e-05 | MSE loss: 1.0218e-06 | time: 0.149
I 06.17/12:35:57 solver.py:221 ] Epoch: [377/400][120/391] lr: 5.16e-05 | MSE loss: 1.0307e-06 | time: 0.149
I 06.17/12:36:00 solver.py:221 ] Epoch: [377/400][140/391] lr: 5.16e-05 | MSE loss: 1.0316e-06 | time: 0.149
I 06.17/12:36:03 solver.py:221 ] Epoch: [377/400][160/391] lr: 5.16e-05 | MSE loss: 1.0372e-06 | time: 0.154
I 06.17/12:36:05 solver.py:221 ] Epoch: [377/400][180/391] lr: 5.16e-05 | MSE loss: 1.0394e-06 | time: 0.148
I 06.17/12:36:08 solver.py:221 ] Epoch: [377/400][200/391] lr: 5.16e-05 | MSE loss: 1.0411e-06 | time: 0.145
I 06.17/12:36:11 solver.py:221 ] Epoch: [377/400][220/391] lr: 5.16e-05 | MSE loss: 1.0381e-06 | time: 0.146
I 06.17/12:36:14 solver.py:221 ] Epoch: [377/400][240/391] lr: 5.16e-05 | MSE loss: 1.0370e-06 | time: 0.146
I 06.17/12:36:17 solver.py:221 ] Epoch: [377/400][260/391] lr: 5.15e-05 | MSE loss: 1.0395e-06 | time: 0.146
I 06.17/12:36:20 solver.py:221 ] Epoch: [377/400][280/391] lr: 5.15e-05 | MSE loss: 1.0405e-06 | time: 0.147
I 06.17/12:36:23 solver.py:221 ] Epoch: [377/400][300/391] lr: 5.15e-05 | MSE loss: 1.0394e-06 | time: 0.147
I 06.17/12:36:26 solver.py:221 ] Epoch: [377/400][320/391] lr: 5.15e-05 | MSE loss: 1.0408e-06 | time: 0.147
I 06.17/12:36:29 solver.py:221 ] Epoch: [377/400][340/391] lr: 5.15e-05 | MSE loss: 1.0432e-06 | time: 0.147
I 06.17/12:36:32 solver.py:221 ] Epoch: [377/400][360/391] lr: 5.15e-05 | MSE loss: 1.0518e-06 | time: 0.147
I 06.17/12:36:35 solver.py:221 ] Epoch: [377/400][380/391] lr: 5.15e-05 | MSE loss: 1.0514e-06 | time: 0.147
I 06.17/12:36:37 solver.py:243 ] => Train  Loss: 1.0468e-06

I 06.17/12:36:37 solver.py:337 ] 
=! Best NMSE: -2.6047e+01 (epoch=350)

I 06.17/12:36:40 solver.py:221 ] Epoch: [378/400][20/391] lr: 5.15e-05 | MSE loss: 1.0255e-06 | time: 0.134
I 06.17/12:36:43 solver.py:221 ] Epoch: [378/400][40/391] lr: 5.15e-05 | MSE loss: 1.0493e-06 | time: 0.141
I 06.17/12:36:46 solver.py:221 ] Epoch: [378/400][60/391] lr: 5.15e-05 | MSE loss: 1.0228e-06 | time: 0.143
I 06.17/12:36:49 solver.py:221 ] Epoch: [378/400][80/391] lr: 5.15e-05 | MSE loss: 1.0122e-06 | time: 0.146
I 06.17/12:36:52 solver.py:221 ] Epoch: [378/400][100/391] lr: 5.15e-05 | MSE loss: 1.0052e-06 | time: 0.148
I 06.17/12:36:55 solver.py:221 ] Epoch: [378/400][120/391] lr: 5.15e-05 | MSE loss: 9.9719e-07 | time: 0.149
I 06.17/12:36:58 solver.py:221 ] Epoch: [378/400][140/391] lr: 5.15e-05 | MSE loss: 9.9356e-07 | time: 0.149
I 06.17/12:37:01 solver.py:221 ] Epoch: [378/400][160/391] lr: 5.15e-05 | MSE loss: 9.8976e-07 | time: 0.150
I 06.17/12:37:06 solver.py:221 ] Epoch: [378/400][180/391] lr: 5.14e-05 | MSE loss: 9.8833e-07 | time: 0.161
I 06.17/12:37:09 solver.py:221 ] Epoch: [378/400][200/391] lr: 5.14e-05 | MSE loss: 9.9110e-07 | time: 0.159
I 06.17/12:37:12 solver.py:221 ] Epoch: [378/400][220/391] lr: 5.14e-05 | MSE loss: 9.9055e-07 | time: 0.158
I 06.17/12:37:15 solver.py:221 ] Epoch: [378/400][240/391] lr: 5.14e-05 | MSE loss: 9.8933e-07 | time: 0.157
I 06.17/12:37:18 solver.py:221 ] Epoch: [378/400][260/391] lr: 5.14e-05 | MSE loss: 9.9742e-07 | time: 0.157
I 06.17/12:37:21 solver.py:221 ] Epoch: [378/400][280/391] lr: 5.14e-05 | MSE loss: 9.9774e-07 | time: 0.156
I 06.17/12:37:24 solver.py:221 ] Epoch: [378/400][300/391] lr: 5.14e-05 | MSE loss: 9.9729e-07 | time: 0.156
I 06.17/12:37:27 solver.py:221 ] Epoch: [378/400][320/391] lr: 5.14e-05 | MSE loss: 1.0016e-06 | time: 0.155
I 06.17/12:37:30 solver.py:221 ] Epoch: [378/400][340/391] lr: 5.14e-05 | MSE loss: 1.0102e-06 | time: 0.155
I 06.17/12:37:33 solver.py:221 ] Epoch: [378/400][360/391] lr: 5.14e-05 | MSE loss: 1.0119e-06 | time: 0.156
I 06.17/12:37:36 solver.py:221 ] Epoch: [378/400][380/391] lr: 5.14e-05 | MSE loss: 1.0096e-06 | time: 0.155
I 06.17/12:37:38 solver.py:243 ] => Train  Loss: 1.0127e-06

I 06.17/12:37:38 solver.py:337 ] 
=! Best NMSE: -2.6047e+01 (epoch=350)

I 06.17/12:37:41 solver.py:221 ] Epoch: [379/400][20/391] lr: 5.14e-05 | MSE loss: 1.0831e-06 | time: 0.136
I 06.17/12:37:44 solver.py:221 ] Epoch: [379/400][40/391] lr: 5.14e-05 | MSE loss: 1.0550e-06 | time: 0.144
I 06.17/12:37:47 solver.py:221 ] Epoch: [379/400][60/391] lr: 5.14e-05 | MSE loss: 1.0293e-06 | time: 0.147
I 06.17/12:37:50 solver.py:221 ] Epoch: [379/400][80/391] lr: 5.14e-05 | MSE loss: 1.0336e-06 | time: 0.148
I 06.17/12:37:53 solver.py:221 ] Epoch: [379/400][100/391] lr: 5.13e-05 | MSE loss: 1.0279e-06 | time: 0.148
I 06.17/12:37:56 solver.py:221 ] Epoch: [379/400][120/391] lr: 5.13e-05 | MSE loss: 1.0127e-06 | time: 0.150
I 06.17/12:37:59 solver.py:221 ] Epoch: [379/400][140/391] lr: 5.13e-05 | MSE loss: 1.0085e-06 | time: 0.150
I 06.17/12:38:02 solver.py:221 ] Epoch: [379/400][160/391] lr: 5.13e-05 | MSE loss: 1.0009e-06 | time: 0.150
I 06.17/12:38:06 solver.py:221 ] Epoch: [379/400][180/391] lr: 5.13e-05 | MSE loss: 9.9660e-07 | time: 0.154
I 06.17/12:38:09 solver.py:221 ] Epoch: [379/400][200/391] lr: 5.13e-05 | MSE loss: 9.9908e-07 | time: 0.154
I 06.17/12:38:12 solver.py:221 ] Epoch: [379/400][220/391] lr: 5.13e-05 | MSE loss: 9.9696e-07 | time: 0.154
I 06.17/12:38:15 solver.py:221 ] Epoch: [379/400][240/391] lr: 5.13e-05 | MSE loss: 1.0057e-06 | time: 0.154
I 06.17/12:38:18 solver.py:221 ] Epoch: [379/400][260/391] lr: 5.13e-05 | MSE loss: 1.0113e-06 | time: 0.153
I 06.17/12:38:21 solver.py:221 ] Epoch: [379/400][280/391] lr: 5.13e-05 | MSE loss: 1.0075e-06 | time: 0.153
I 06.17/12:38:24 solver.py:221 ] Epoch: [379/400][300/391] lr: 5.13e-05 | MSE loss: 1.0071e-06 | time: 0.153
I 06.17/12:38:27 solver.py:221 ] Epoch: [379/400][320/391] lr: 5.13e-05 | MSE loss: 1.0086e-06 | time: 0.152
I 06.17/12:38:30 solver.py:221 ] Epoch: [379/400][340/391] lr: 5.13e-05 | MSE loss: 1.0119e-06 | time: 0.152
I 06.17/12:38:33 solver.py:221 ] Epoch: [379/400][360/391] lr: 5.13e-05 | MSE loss: 1.0131e-06 | time: 0.152
I 06.17/12:38:36 solver.py:221 ] Epoch: [379/400][380/391] lr: 5.13e-05 | MSE loss: 1.0132e-06 | time: 0.153
I 06.17/12:38:38 solver.py:243 ] => Train  Loss: 1.0126e-06

I 06.17/12:38:38 solver.py:337 ] 
=! Best NMSE: -2.6047e+01 (epoch=350)

I 06.17/12:38:41 solver.py:221 ] Epoch: [380/400][20/391] lr: 5.12e-05 | MSE loss: 9.9396e-07 | time: 0.137
I 06.17/12:38:44 solver.py:221 ] Epoch: [380/400][40/391] lr: 5.12e-05 | MSE loss: 9.8480e-07 | time: 0.144
I 06.17/12:38:47 solver.py:221 ] Epoch: [380/400][60/391] lr: 5.12e-05 | MSE loss: 1.0001e-06 | time: 0.145
I 06.17/12:38:50 solver.py:221 ] Epoch: [380/400][80/391] lr: 5.12e-05 | MSE loss: 1.0036e-06 | time: 0.149
I 06.17/12:38:53 solver.py:221 ] Epoch: [380/400][100/391] lr: 5.12e-05 | MSE loss: 1.0088e-06 | time: 0.150
I 06.17/12:38:56 solver.py:221 ] Epoch: [380/400][120/391] lr: 5.12e-05 | MSE loss: 1.0063e-06 | time: 0.149
I 06.17/12:38:59 solver.py:221 ] Epoch: [380/400][140/391] lr: 5.12e-05 | MSE loss: 9.9451e-07 | time: 0.149
I 06.17/12:39:02 solver.py:221 ] Epoch: [380/400][160/391] lr: 5.12e-05 | MSE loss: 9.9186e-07 | time: 0.151
I 06.17/12:39:06 solver.py:221 ] Epoch: [380/400][180/391] lr: 5.12e-05 | MSE loss: 9.9703e-07 | time: 0.152
I 06.17/12:39:09 solver.py:221 ] Epoch: [380/400][200/391] lr: 5.12e-05 | MSE loss: 1.0055e-06 | time: 0.152
I 06.17/12:39:12 solver.py:221 ] Epoch: [380/400][220/391] lr: 5.12e-05 | MSE loss: 1.0099e-06 | time: 0.152
I 06.17/12:39:15 solver.py:221 ] Epoch: [380/400][240/391] lr: 5.12e-05 | MSE loss: 1.0128e-06 | time: 0.152
I 06.17/12:39:18 solver.py:221 ] Epoch: [380/400][260/391] lr: 5.12e-05 | MSE loss: 1.0146e-06 | time: 0.152
I 06.17/12:39:21 solver.py:221 ] Epoch: [380/400][280/391] lr: 5.12e-05 | MSE loss: 1.0168e-06 | time: 0.152
I 06.17/12:39:24 solver.py:221 ] Epoch: [380/400][300/391] lr: 5.12e-05 | MSE loss: 1.0130e-06 | time: 0.152
I 06.17/12:39:27 solver.py:221 ] Epoch: [380/400][320/391] lr: 5.12e-05 | MSE loss: 1.0096e-06 | time: 0.152
I 06.17/12:39:30 solver.py:221 ] Epoch: [380/400][340/391] lr: 5.12e-05 | MSE loss: 1.0057e-06 | time: 0.153
I 06.17/12:39:33 solver.py:221 ] Epoch: [380/400][360/391] lr: 5.11e-05 | MSE loss: 1.0039e-06 | time: 0.153
I 06.17/12:39:36 solver.py:221 ] Epoch: [380/400][380/391] lr: 5.11e-05 | MSE loss: 1.0034e-06 | time: 0.153
I 06.17/12:39:38 solver.py:243 ] => Train  Loss: 1.0034e-06

I 06.17/12:39:39 solver.py:221 ] Epoch: [380/400][20/118] lr: 5.11e-05 | MSE loss: 1.2471e-06 | time: 0.055
I 06.17/12:39:41 solver.py:221 ] Epoch: [380/400][40/118] lr: 5.11e-05 | MSE loss: 1.2381e-06 | time: 0.060
I 06.17/12:39:42 solver.py:221 ] Epoch: [380/400][60/118] lr: 5.11e-05 | MSE loss: 1.2561e-06 | time: 0.058
I 06.17/12:39:43 solver.py:221 ] Epoch: [380/400][80/118] lr: 5.11e-05 | MSE loss: 1.2573e-06 | time: 0.061
I 06.17/12:39:44 solver.py:221 ] Epoch: [380/400][100/118] lr: 5.11e-05 | MSE loss: 1.2543e-06 | time: 0.059
I 06.17/12:39:45 solver.py:243 ] => Val  Loss: 1.2534e-06

I 06.17/12:39:46 solver.py:471 ] [20/79] loss: 1.2913e-06 | NMSE: -2.5442e+01 | time: 0.061
I 06.17/12:39:47 solver.py:471 ] [40/79] loss: 1.2683e-06 | NMSE: -2.5523e+01 | time: 0.058
I 06.17/12:39:48 solver.py:471 ] [60/79] loss: 1.2662e-06 | NMSE: -2.5520e+01 | time: 0.056
I 06.17/12:39:49 solver.py:476 ] => Test NMSE: -2.5531e+01

I 06.17/12:39:49 solver.py:337 ] 
=! Best NMSE: -2.6047e+01 (epoch=350)

I 06.17/12:39:52 solver.py:221 ] Epoch: [381/400][20/391] lr: 5.11e-05 | MSE loss: 1.0084e-06 | time: 0.140
I 06.17/12:39:55 solver.py:221 ] Epoch: [381/400][40/391] lr: 5.11e-05 | MSE loss: 1.0126e-06 | time: 0.141
I 06.17/12:39:58 solver.py:221 ] Epoch: [381/400][60/391] lr: 5.11e-05 | MSE loss: 9.8938e-07 | time: 0.140
I 06.17/12:40:00 solver.py:221 ] Epoch: [381/400][80/391] lr: 5.11e-05 | MSE loss: 9.8167e-07 | time: 0.134
I 06.17/12:40:04 solver.py:221 ] Epoch: [381/400][100/391] lr: 5.11e-05 | MSE loss: 9.7716e-07 | time: 0.149
I 06.17/12:40:06 solver.py:221 ] Epoch: [381/400][120/391] lr: 5.11e-05 | MSE loss: 9.6849e-07 | time: 0.144
I 06.17/12:40:09 solver.py:221 ] Epoch: [381/400][140/391] lr: 5.11e-05 | MSE loss: 9.6791e-07 | time: 0.142
I 06.17/12:40:11 solver.py:221 ] Epoch: [381/400][160/391] lr: 5.11e-05 | MSE loss: 9.6517e-07 | time: 0.136
I 06.17/12:40:13 solver.py:221 ] Epoch: [381/400][180/391] lr: 5.11e-05 | MSE loss: 9.6402e-07 | time: 0.131
I 06.17/12:40:15 solver.py:221 ] Epoch: [381/400][200/391] lr: 5.11e-05 | MSE loss: 9.6569e-07 | time: 0.130
I 06.17/12:40:18 solver.py:221 ] Epoch: [381/400][220/391] lr: 5.11e-05 | MSE loss: 9.7076e-07 | time: 0.128
I 06.17/12:40:20 solver.py:221 ] Epoch: [381/400][240/391] lr: 5.11e-05 | MSE loss: 9.6991e-07 | time: 0.126
I 06.17/12:40:22 solver.py:221 ] Epoch: [381/400][260/391] lr: 5.11e-05 | MSE loss: 9.7016e-07 | time: 0.124
I 06.17/12:40:24 solver.py:221 ] Epoch: [381/400][280/391] lr: 5.11e-05 | MSE loss: 9.6779e-07 | time: 0.125
I 06.17/12:40:27 solver.py:221 ] Epoch: [381/400][300/391] lr: 5.11e-05 | MSE loss: 9.6566e-07 | time: 0.125
I 06.17/12:40:30 solver.py:221 ] Epoch: [381/400][320/391] lr: 5.10e-05 | MSE loss: 9.6581e-07 | time: 0.126
I 06.17/12:40:33 solver.py:221 ] Epoch: [381/400][340/391] lr: 5.10e-05 | MSE loss: 9.6820e-07 | time: 0.127
I 06.17/12:40:35 solver.py:221 ] Epoch: [381/400][360/391] lr: 5.10e-05 | MSE loss: 9.7255e-07 | time: 0.127
I 06.17/12:40:38 solver.py:221 ] Epoch: [381/400][380/391] lr: 5.10e-05 | MSE loss: 9.7385e-07 | time: 0.128
I 06.17/12:40:39 solver.py:243 ] => Train  Loss: 9.7358e-07

I 06.17/12:40:39 solver.py:337 ] 
=! Best NMSE: -2.6047e+01 (epoch=350)

I 06.17/12:40:42 solver.py:221 ] Epoch: [382/400][20/391] lr: 5.10e-05 | MSE loss: 1.0332e-06 | time: 0.134
I 06.17/12:40:45 solver.py:221 ] Epoch: [382/400][40/391] lr: 5.10e-05 | MSE loss: 1.0303e-06 | time: 0.130
I 06.17/12:40:48 solver.py:221 ] Epoch: [382/400][60/391] lr: 5.10e-05 | MSE loss: 1.0140e-06 | time: 0.134
I 06.17/12:40:51 solver.py:221 ] Epoch: [382/400][80/391] lr: 5.10e-05 | MSE loss: 1.0066e-06 | time: 0.135
I 06.17/12:40:53 solver.py:221 ] Epoch: [382/400][100/391] lr: 5.10e-05 | MSE loss: 1.0042e-06 | time: 0.137
I 06.17/12:40:56 solver.py:221 ] Epoch: [382/400][120/391] lr: 5.10e-05 | MSE loss: 9.9412e-07 | time: 0.136
I 06.17/12:40:59 solver.py:221 ] Epoch: [382/400][140/391] lr: 5.10e-05 | MSE loss: 9.8475e-07 | time: 0.139
I 06.17/12:41:02 solver.py:221 ] Epoch: [382/400][160/391] lr: 5.10e-05 | MSE loss: 9.7977e-07 | time: 0.140
I 06.17/12:41:05 solver.py:221 ] Epoch: [382/400][180/391] lr: 5.10e-05 | MSE loss: 9.8347e-07 | time: 0.140
I 06.17/12:41:07 solver.py:221 ] Epoch: [382/400][200/391] lr: 5.10e-05 | MSE loss: 9.8598e-07 | time: 0.138
I 06.17/12:41:10 solver.py:221 ] Epoch: [382/400][220/391] lr: 5.10e-05 | MSE loss: 9.8297e-07 | time: 0.138
I 06.17/12:41:13 solver.py:221 ] Epoch: [382/400][240/391] lr: 5.10e-05 | MSE loss: 9.8026e-07 | time: 0.139
I 06.17/12:41:16 solver.py:221 ] Epoch: [382/400][260/391] lr: 5.10e-05 | MSE loss: 9.7668e-07 | time: 0.139
I 06.17/12:41:19 solver.py:221 ] Epoch: [382/400][280/391] lr: 5.10e-05 | MSE loss: 9.7949e-07 | time: 0.139
I 06.17/12:41:21 solver.py:221 ] Epoch: [382/400][300/391] lr: 5.09e-05 | MSE loss: 9.8085e-07 | time: 0.139
I 06.17/12:41:24 solver.py:221 ] Epoch: [382/400][320/391] lr: 5.09e-05 | MSE loss: 9.7859e-07 | time: 0.139
I 06.17/12:41:27 solver.py:221 ] Epoch: [382/400][340/391] lr: 5.09e-05 | MSE loss: 9.8056e-07 | time: 0.139
I 06.17/12:41:30 solver.py:221 ] Epoch: [382/400][360/391] lr: 5.09e-05 | MSE loss: 9.8472e-07 | time: 0.139
I 06.17/12:41:32 solver.py:221 ] Epoch: [382/400][380/391] lr: 5.09e-05 | MSE loss: 9.9176e-07 | time: 0.139
I 06.17/12:41:34 solver.py:243 ] => Train  Loss: 9.9193e-07

I 06.17/12:41:34 solver.py:337 ] 
=! Best NMSE: -2.6047e+01 (epoch=350)

I 06.17/12:41:37 solver.py:221 ] Epoch: [383/400][20/391] lr: 5.09e-05 | MSE loss: 1.2220e-06 | time: 0.132
I 06.17/12:41:40 solver.py:221 ] Epoch: [383/400][40/391] lr: 5.09e-05 | MSE loss: 1.1207e-06 | time: 0.137
I 06.17/12:41:43 solver.py:221 ] Epoch: [383/400][60/391] lr: 5.09e-05 | MSE loss: 1.0672e-06 | time: 0.138
I 06.17/12:41:46 solver.py:221 ] Epoch: [383/400][80/391] lr: 5.09e-05 | MSE loss: 1.0470e-06 | time: 0.140
I 06.17/12:41:48 solver.py:221 ] Epoch: [383/400][100/391] lr: 5.09e-05 | MSE loss: 1.0237e-06 | time: 0.140
I 06.17/12:41:51 solver.py:221 ] Epoch: [383/400][120/391] lr: 5.09e-05 | MSE loss: 1.0199e-06 | time: 0.140
I 06.17/12:41:54 solver.py:221 ] Epoch: [383/400][140/391] lr: 5.09e-05 | MSE loss: 1.0151e-06 | time: 0.140
I 06.17/12:41:57 solver.py:221 ] Epoch: [383/400][160/391] lr: 5.09e-05 | MSE loss: 1.0060e-06 | time: 0.140
I 06.17/12:42:00 solver.py:221 ] Epoch: [383/400][180/391] lr: 5.09e-05 | MSE loss: 1.0098e-06 | time: 0.140
I 06.17/12:42:02 solver.py:221 ] Epoch: [383/400][200/391] lr: 5.09e-05 | MSE loss: 1.0102e-06 | time: 0.141
I 06.17/12:42:05 solver.py:221 ] Epoch: [383/400][220/391] lr: 5.09e-05 | MSE loss: 1.0071e-06 | time: 0.140
I 06.17/12:42:08 solver.py:221 ] Epoch: [383/400][240/391] lr: 5.09e-05 | MSE loss: 1.0033e-06 | time: 0.140
I 06.17/12:42:11 solver.py:221 ] Epoch: [383/400][260/391] lr: 5.09e-05 | MSE loss: 1.0019e-06 | time: 0.140
I 06.17/12:42:13 solver.py:221 ] Epoch: [383/400][280/391] lr: 5.09e-05 | MSE loss: 1.0061e-06 | time: 0.140
I 06.17/12:42:16 solver.py:221 ] Epoch: [383/400][300/391] lr: 5.08e-05 | MSE loss: 1.0074e-06 | time: 0.140
I 06.17/12:42:19 solver.py:221 ] Epoch: [383/400][320/391] lr: 5.08e-05 | MSE loss: 1.0151e-06 | time: 0.140
I 06.17/12:42:22 solver.py:221 ] Epoch: [383/400][340/391] lr: 5.08e-05 | MSE loss: 1.0215e-06 | time: 0.140
I 06.17/12:42:25 solver.py:221 ] Epoch: [383/400][360/391] lr: 5.08e-05 | MSE loss: 1.0183e-06 | time: 0.140
I 06.17/12:42:28 solver.py:221 ] Epoch: [383/400][380/391] lr: 5.08e-05 | MSE loss: 1.0156e-06 | time: 0.140
I 06.17/12:42:29 solver.py:243 ] => Train  Loss: 1.0135e-06

I 06.17/12:42:29 solver.py:337 ] 
=! Best NMSE: -2.6047e+01 (epoch=350)

I 06.17/12:42:32 solver.py:221 ] Epoch: [384/400][20/391] lr: 5.08e-05 | MSE loss: 9.5862e-07 | time: 0.123
I 06.17/12:42:35 solver.py:221 ] Epoch: [384/400][40/391] lr: 5.08e-05 | MSE loss: 9.7249e-07 | time: 0.132
I 06.17/12:42:38 solver.py:221 ] Epoch: [384/400][60/391] lr: 5.08e-05 | MSE loss: 1.0078e-06 | time: 0.135
I 06.17/12:42:40 solver.py:221 ] Epoch: [384/400][80/391] lr: 5.08e-05 | MSE loss: 1.0051e-06 | time: 0.136
I 06.17/12:42:43 solver.py:221 ] Epoch: [384/400][100/391] lr: 5.08e-05 | MSE loss: 1.0018e-06 | time: 0.137
I 06.17/12:42:46 solver.py:221 ] Epoch: [384/400][120/391] lr: 5.08e-05 | MSE loss: 1.0060e-06 | time: 0.137
I 06.17/12:42:49 solver.py:221 ] Epoch: [384/400][140/391] lr: 5.08e-05 | MSE loss: 9.9920e-07 | time: 0.137
I 06.17/12:42:52 solver.py:221 ] Epoch: [384/400][160/391] lr: 5.08e-05 | MSE loss: 9.9724e-07 | time: 0.138
I 06.17/12:42:54 solver.py:221 ] Epoch: [384/400][180/391] lr: 5.08e-05 | MSE loss: 9.9575e-07 | time: 0.139
I 06.17/12:42:57 solver.py:221 ] Epoch: [384/400][200/391] lr: 5.08e-05 | MSE loss: 9.9352e-07 | time: 0.139
I 06.17/12:43:00 solver.py:221 ] Epoch: [384/400][220/391] lr: 5.08e-05 | MSE loss: 9.9535e-07 | time: 0.139
I 06.17/12:43:03 solver.py:221 ] Epoch: [384/400][240/391] lr: 5.08e-05 | MSE loss: 9.9574e-07 | time: 0.142
I 06.17/12:43:06 solver.py:221 ] Epoch: [384/400][260/391] lr: 5.08e-05 | MSE loss: 9.9280e-07 | time: 0.142
I 06.17/12:43:09 solver.py:221 ] Epoch: [384/400][280/391] lr: 5.08e-05 | MSE loss: 9.9180e-07 | time: 0.142
I 06.17/12:43:12 solver.py:221 ] Epoch: [384/400][300/391] lr: 5.08e-05 | MSE loss: 9.8794e-07 | time: 0.142
I 06.17/12:43:15 solver.py:221 ] Epoch: [384/400][320/391] lr: 5.07e-05 | MSE loss: 9.8910e-07 | time: 0.141
I 06.17/12:43:17 solver.py:221 ] Epoch: [384/400][340/391] lr: 5.07e-05 | MSE loss: 9.8905e-07 | time: 0.141
I 06.17/12:43:20 solver.py:221 ] Epoch: [384/400][360/391] lr: 5.07e-05 | MSE loss: 9.9037e-07 | time: 0.141
I 06.17/12:43:23 solver.py:221 ] Epoch: [384/400][380/391] lr: 5.07e-05 | MSE loss: 9.9335e-07 | time: 0.141
I 06.17/12:43:25 solver.py:243 ] => Train  Loss: 9.9313e-07

I 06.17/12:43:25 solver.py:337 ] 
=! Best NMSE: -2.6047e+01 (epoch=350)

I 06.17/12:43:28 solver.py:221 ] Epoch: [385/400][20/391] lr: 5.07e-05 | MSE loss: 1.0400e-06 | time: 0.125
I 06.17/12:43:31 solver.py:221 ] Epoch: [385/400][40/391] lr: 5.07e-05 | MSE loss: 1.0253e-06 | time: 0.134
I 06.17/12:43:33 solver.py:221 ] Epoch: [385/400][60/391] lr: 5.07e-05 | MSE loss: 9.9854e-07 | time: 0.137
I 06.17/12:43:36 solver.py:221 ] Epoch: [385/400][80/391] lr: 5.07e-05 | MSE loss: 9.8909e-07 | time: 0.139
I 06.17/12:43:39 solver.py:221 ] Epoch: [385/400][100/391] lr: 5.07e-05 | MSE loss: 9.8860e-07 | time: 0.141
I 06.17/12:43:42 solver.py:221 ] Epoch: [385/400][120/391] lr: 5.07e-05 | MSE loss: 9.9263e-07 | time: 0.141
I 06.17/12:43:45 solver.py:221 ] Epoch: [385/400][140/391] lr: 5.07e-05 | MSE loss: 9.8819e-07 | time: 0.141
I 06.17/12:43:48 solver.py:221 ] Epoch: [385/400][160/391] lr: 5.07e-05 | MSE loss: 9.8702e-07 | time: 0.140
I 06.17/12:43:50 solver.py:221 ] Epoch: [385/400][180/391] lr: 5.07e-05 | MSE loss: 9.9035e-07 | time: 0.140
I 06.17/12:43:53 solver.py:221 ] Epoch: [385/400][200/391] lr: 5.07e-05 | MSE loss: 9.8543e-07 | time: 0.140
I 06.17/12:43:56 solver.py:221 ] Epoch: [385/400][220/391] lr: 5.07e-05 | MSE loss: 9.8505e-07 | time: 0.140
I 06.17/12:43:59 solver.py:221 ] Epoch: [385/400][240/391] lr: 5.07e-05 | MSE loss: 9.8742e-07 | time: 0.139
I 06.17/12:44:01 solver.py:221 ] Epoch: [385/400][260/391] lr: 5.07e-05 | MSE loss: 9.8774e-07 | time: 0.139
I 06.17/12:44:04 solver.py:221 ] Epoch: [385/400][280/391] lr: 5.07e-05 | MSE loss: 9.8896e-07 | time: 0.141
I 06.17/12:44:07 solver.py:221 ] Epoch: [385/400][300/391] lr: 5.07e-05 | MSE loss: 9.8797e-07 | time: 0.139
I 06.17/12:44:10 solver.py:221 ] Epoch: [385/400][320/391] lr: 5.07e-05 | MSE loss: 9.9101e-07 | time: 0.139
I 06.17/12:44:12 solver.py:221 ] Epoch: [385/400][340/391] lr: 5.07e-05 | MSE loss: 9.8833e-07 | time: 0.138
I 06.17/12:44:15 solver.py:221 ] Epoch: [385/400][360/391] lr: 5.06e-05 | MSE loss: 9.9144e-07 | time: 0.138
I 06.17/12:44:18 solver.py:221 ] Epoch: [385/400][380/391] lr: 5.06e-05 | MSE loss: 9.9019e-07 | time: 0.138
I 06.17/12:44:19 solver.py:243 ] => Train  Loss: 9.9122e-07

I 06.17/12:44:19 solver.py:337 ] 
=! Best NMSE: -2.6047e+01 (epoch=350)

I 06.17/12:44:22 solver.py:221 ] Epoch: [386/400][20/391] lr: 5.06e-05 | MSE loss: 1.0386e-06 | time: 0.130
I 06.17/12:44:25 solver.py:221 ] Epoch: [386/400][40/391] lr: 5.06e-05 | MSE loss: 1.0397e-06 | time: 0.136
I 06.17/12:44:28 solver.py:221 ] Epoch: [386/400][60/391] lr: 5.06e-05 | MSE loss: 1.0214e-06 | time: 0.139
I 06.17/12:44:31 solver.py:221 ] Epoch: [386/400][80/391] lr: 5.06e-05 | MSE loss: 1.0123e-06 | time: 0.139
I 06.17/12:44:33 solver.py:221 ] Epoch: [386/400][100/391] lr: 5.06e-05 | MSE loss: 1.0259e-06 | time: 0.139
I 06.17/12:44:36 solver.py:221 ] Epoch: [386/400][120/391] lr: 5.06e-05 | MSE loss: 1.0247e-06 | time: 0.139
I 06.17/12:44:39 solver.py:221 ] Epoch: [386/400][140/391] lr: 5.06e-05 | MSE loss: 1.0193e-06 | time: 0.139
I 06.17/12:44:42 solver.py:221 ] Epoch: [386/400][160/391] lr: 5.06e-05 | MSE loss: 1.0229e-06 | time: 0.139
I 06.17/12:44:45 solver.py:221 ] Epoch: [386/400][180/391] lr: 5.06e-05 | MSE loss: 1.0269e-06 | time: 0.140
I 06.17/12:44:47 solver.py:221 ] Epoch: [386/400][200/391] lr: 5.06e-05 | MSE loss: 1.0176e-06 | time: 0.140
I 06.17/12:44:50 solver.py:221 ] Epoch: [386/400][220/391] lr: 5.06e-05 | MSE loss: 1.0128e-06 | time: 0.139
I 06.17/12:44:53 solver.py:221 ] Epoch: [386/400][240/391] lr: 5.06e-05 | MSE loss: 1.0078e-06 | time: 0.139
I 06.17/12:44:55 solver.py:221 ] Epoch: [386/400][260/391] lr: 5.06e-05 | MSE loss: 1.0065e-06 | time: 0.138
I 06.17/12:44:58 solver.py:221 ] Epoch: [386/400][280/391] lr: 5.06e-05 | MSE loss: 1.0014e-06 | time: 0.138
I 06.17/12:45:01 solver.py:221 ] Epoch: [386/400][300/391] lr: 5.06e-05 | MSE loss: 9.9851e-07 | time: 0.138
I 06.17/12:45:04 solver.py:221 ] Epoch: [386/400][320/391] lr: 5.06e-05 | MSE loss: 9.9682e-07 | time: 0.140
I 06.17/12:45:07 solver.py:221 ] Epoch: [386/400][340/391] lr: 5.06e-05 | MSE loss: 9.9719e-07 | time: 0.139
I 06.17/12:45:10 solver.py:221 ] Epoch: [386/400][360/391] lr: 5.06e-05 | MSE loss: 9.9572e-07 | time: 0.139
I 06.17/12:45:12 solver.py:221 ] Epoch: [386/400][380/391] lr: 5.06e-05 | MSE loss: 9.9359e-07 | time: 0.139
I 06.17/12:45:14 solver.py:243 ] => Train  Loss: 9.9352e-07

I 06.17/12:45:14 solver.py:337 ] 
=! Best NMSE: -2.6047e+01 (epoch=350)

I 06.17/12:45:17 solver.py:221 ] Epoch: [387/400][20/391] lr: 5.06e-05 | MSE loss: 9.5142e-07 | time: 0.131
I 06.17/12:45:20 solver.py:221 ] Epoch: [387/400][40/391] lr: 5.06e-05 | MSE loss: 9.8222e-07 | time: 0.135
I 06.17/12:45:23 solver.py:221 ] Epoch: [387/400][60/391] lr: 5.05e-05 | MSE loss: 1.0132e-06 | time: 0.136
I 06.17/12:45:25 solver.py:221 ] Epoch: [387/400][80/391] lr: 5.05e-05 | MSE loss: 1.0391e-06 | time: 0.137
I 06.17/12:45:28 solver.py:221 ] Epoch: [387/400][100/391] lr: 5.05e-05 | MSE loss: 1.0326e-06 | time: 0.138
I 06.17/12:45:31 solver.py:221 ] Epoch: [387/400][120/391] lr: 5.05e-05 | MSE loss: 1.0322e-06 | time: 0.137
I 06.17/12:45:34 solver.py:221 ] Epoch: [387/400][140/391] lr: 5.05e-05 | MSE loss: 1.0467e-06 | time: 0.137
I 06.17/12:45:36 solver.py:221 ] Epoch: [387/400][160/391] lr: 5.05e-05 | MSE loss: 1.0457e-06 | time: 0.137
I 06.17/12:45:39 solver.py:221 ] Epoch: [387/400][180/391] lr: 5.05e-05 | MSE loss: 1.0499e-06 | time: 0.137
I 06.17/12:45:42 solver.py:221 ] Epoch: [387/400][200/391] lr: 5.05e-05 | MSE loss: 1.0484e-06 | time: 0.136
I 06.17/12:45:44 solver.py:221 ] Epoch: [387/400][220/391] lr: 5.05e-05 | MSE loss: 1.0515e-06 | time: 0.136
I 06.17/12:45:47 solver.py:221 ] Epoch: [387/400][240/391] lr: 5.05e-05 | MSE loss: 1.0536e-06 | time: 0.136
I 06.17/12:45:50 solver.py:221 ] Epoch: [387/400][260/391] lr: 5.05e-05 | MSE loss: 1.0515e-06 | time: 0.137
I 06.17/12:45:53 solver.py:221 ] Epoch: [387/400][280/391] lr: 5.05e-05 | MSE loss: 1.0501e-06 | time: 0.137
I 06.17/12:45:56 solver.py:221 ] Epoch: [387/400][300/391] lr: 5.05e-05 | MSE loss: 1.0478e-06 | time: 0.137
I 06.17/12:45:58 solver.py:221 ] Epoch: [387/400][320/391] lr: 5.05e-05 | MSE loss: 1.0458e-06 | time: 0.138
I 06.17/12:46:01 solver.py:221 ] Epoch: [387/400][340/391] lr: 5.05e-05 | MSE loss: 1.0473e-06 | time: 0.138
I 06.17/12:46:05 solver.py:221 ] Epoch: [387/400][360/391] lr: 5.05e-05 | MSE loss: 1.0454e-06 | time: 0.141
I 06.17/12:46:08 solver.py:221 ] Epoch: [387/400][380/391] lr: 5.05e-05 | MSE loss: 1.0459e-06 | time: 0.141
I 06.17/12:46:09 solver.py:243 ] => Train  Loss: 1.0486e-06

I 06.17/12:46:09 solver.py:337 ] 
=! Best NMSE: -2.6047e+01 (epoch=350)

I 06.17/12:46:12 solver.py:221 ] Epoch: [388/400][20/391] lr: 5.05e-05 | MSE loss: 1.0559e-06 | time: 0.122
I 06.17/12:46:15 solver.py:221 ] Epoch: [388/400][40/391] lr: 5.05e-05 | MSE loss: 1.0836e-06 | time: 0.132
I 06.17/12:46:18 solver.py:221 ] Epoch: [388/400][60/391] lr: 5.05e-05 | MSE loss: 1.0476e-06 | time: 0.134
I 06.17/12:46:21 solver.py:221 ] Epoch: [388/400][80/391] lr: 5.05e-05 | MSE loss: 1.0275e-06 | time: 0.135
I 06.17/12:46:23 solver.py:221 ] Epoch: [388/400][100/391] lr: 5.05e-05 | MSE loss: 1.0207e-06 | time: 0.137
I 06.17/12:46:26 solver.py:221 ] Epoch: [388/400][120/391] lr: 5.05e-05 | MSE loss: 1.0039e-06 | time: 0.137
I 06.17/12:46:29 solver.py:221 ] Epoch: [388/400][140/391] lr: 5.05e-05 | MSE loss: 9.9448e-07 | time: 0.138
I 06.17/12:46:32 solver.py:221 ] Epoch: [388/400][160/391] lr: 5.05e-05 | MSE loss: 9.9123e-07 | time: 0.138
I 06.17/12:46:35 solver.py:221 ] Epoch: [388/400][180/391] lr: 5.04e-05 | MSE loss: 9.8713e-07 | time: 0.138
I 06.17/12:46:37 solver.py:221 ] Epoch: [388/400][200/391] lr: 5.04e-05 | MSE loss: 9.8158e-07 | time: 0.138
I 06.17/12:46:40 solver.py:221 ] Epoch: [388/400][220/391] lr: 5.04e-05 | MSE loss: 9.7871e-07 | time: 0.138
I 06.17/12:46:43 solver.py:221 ] Epoch: [388/400][240/391] lr: 5.04e-05 | MSE loss: 9.7512e-07 | time: 0.138
I 06.17/12:46:46 solver.py:221 ] Epoch: [388/400][260/391] lr: 5.04e-05 | MSE loss: 9.7652e-07 | time: 0.138
I 06.17/12:46:48 solver.py:221 ] Epoch: [388/400][280/391] lr: 5.04e-05 | MSE loss: 9.7488e-07 | time: 0.138
I 06.17/12:46:51 solver.py:221 ] Epoch: [388/400][300/391] lr: 5.04e-05 | MSE loss: 9.7199e-07 | time: 0.138
I 06.17/12:46:54 solver.py:221 ] Epoch: [388/400][320/391] lr: 5.04e-05 | MSE loss: 9.7132e-07 | time: 0.138
I 06.17/12:46:57 solver.py:221 ] Epoch: [388/400][340/391] lr: 5.04e-05 | MSE loss: 9.7261e-07 | time: 0.138
I 06.17/12:47:00 solver.py:221 ] Epoch: [388/400][360/391] lr: 5.04e-05 | MSE loss: 9.7065e-07 | time: 0.138
I 06.17/12:47:03 solver.py:221 ] Epoch: [388/400][380/391] lr: 5.04e-05 | MSE loss: 9.7207e-07 | time: 0.142
I 06.17/12:47:05 solver.py:243 ] => Train  Loss: 9.7231e-07

I 06.17/12:47:05 solver.py:337 ] 
=! Best NMSE: -2.6047e+01 (epoch=350)

I 06.17/12:47:08 solver.py:221 ] Epoch: [389/400][20/391] lr: 5.04e-05 | MSE loss: 1.0097e-06 | time: 0.132
I 06.17/12:47:11 solver.py:221 ] Epoch: [389/400][40/391] lr: 5.04e-05 | MSE loss: 9.9317e-07 | time: 0.136
I 06.17/12:47:14 solver.py:221 ] Epoch: [389/400][60/391] lr: 5.04e-05 | MSE loss: 9.7266e-07 | time: 0.138
I 06.17/12:47:17 solver.py:221 ] Epoch: [389/400][80/391] lr: 5.04e-05 | MSE loss: 9.7477e-07 | time: 0.139
I 06.17/12:47:20 solver.py:221 ] Epoch: [389/400][100/391] lr: 5.04e-05 | MSE loss: 9.7334e-07 | time: 0.140
I 06.17/12:47:22 solver.py:221 ] Epoch: [389/400][120/391] lr: 5.04e-05 | MSE loss: 9.6777e-07 | time: 0.140
I 06.17/12:47:25 solver.py:221 ] Epoch: [389/400][140/391] lr: 5.04e-05 | MSE loss: 9.7381e-07 | time: 0.141
I 06.17/12:47:29 solver.py:221 ] Epoch: [389/400][160/391] lr: 5.04e-05 | MSE loss: 9.7907e-07 | time: 0.144
I 06.17/12:47:31 solver.py:221 ] Epoch: [389/400][180/391] lr: 5.04e-05 | MSE loss: 9.7297e-07 | time: 0.144
I 06.17/12:47:34 solver.py:221 ] Epoch: [389/400][200/391] lr: 5.04e-05 | MSE loss: 9.6973e-07 | time: 0.142
I 06.17/12:47:38 solver.py:221 ] Epoch: [389/400][220/391] lr: 5.04e-05 | MSE loss: 9.6868e-07 | time: 0.146
I 06.17/12:47:41 solver.py:221 ] Epoch: [389/400][240/391] lr: 5.04e-05 | MSE loss: 9.6702e-07 | time: 0.146
I 06.17/12:47:43 solver.py:221 ] Epoch: [389/400][260/391] lr: 5.04e-05 | MSE loss: 9.6944e-07 | time: 0.145
I 06.17/12:47:46 solver.py:221 ] Epoch: [389/400][280/391] lr: 5.04e-05 | MSE loss: 9.6690e-07 | time: 0.145
I 06.17/12:47:49 solver.py:221 ] Epoch: [389/400][300/391] lr: 5.04e-05 | MSE loss: 9.6450e-07 | time: 0.145
I 06.17/12:47:52 solver.py:221 ] Epoch: [389/400][320/391] lr: 5.04e-05 | MSE loss: 9.6413e-07 | time: 0.146
I 06.17/12:47:55 solver.py:221 ] Epoch: [389/400][340/391] lr: 5.04e-05 | MSE loss: 9.6580e-07 | time: 0.145
I 06.17/12:47:58 solver.py:221 ] Epoch: [389/400][360/391] lr: 5.04e-05 | MSE loss: 9.6532e-07 | time: 0.145
I 06.17/12:48:00 solver.py:221 ] Epoch: [389/400][380/391] lr: 5.03e-05 | MSE loss: 9.6490e-07 | time: 0.145
I 06.17/12:48:03 solver.py:243 ] => Train  Loss: 9.6387e-07

I 06.17/12:48:03 solver.py:337 ] 
=! Best NMSE: -2.6047e+01 (epoch=350)

I 06.17/12:48:07 solver.py:221 ] Epoch: [390/400][20/391] lr: 5.03e-05 | MSE loss: 8.8492e-07 | time: 0.186
I 06.17/12:48:10 solver.py:221 ] Epoch: [390/400][40/391] lr: 5.03e-05 | MSE loss: 8.9910e-07 | time: 0.162
I 06.17/12:48:13 solver.py:221 ] Epoch: [390/400][60/391] lr: 5.03e-05 | MSE loss: 9.2423e-07 | time: 0.155
I 06.17/12:48:15 solver.py:221 ] Epoch: [390/400][80/391] lr: 5.03e-05 | MSE loss: 9.4292e-07 | time: 0.151
I 06.17/12:48:18 solver.py:221 ] Epoch: [390/400][100/391] lr: 5.03e-05 | MSE loss: 9.6387e-07 | time: 0.149
I 06.17/12:48:21 solver.py:221 ] Epoch: [390/400][120/391] lr: 5.03e-05 | MSE loss: 9.8333e-07 | time: 0.147
I 06.17/12:48:24 solver.py:221 ] Epoch: [390/400][140/391] lr: 5.03e-05 | MSE loss: 9.7616e-07 | time: 0.147
I 06.17/12:48:27 solver.py:221 ] Epoch: [390/400][160/391] lr: 5.03e-05 | MSE loss: 9.6510e-07 | time: 0.146
I 06.17/12:48:29 solver.py:221 ] Epoch: [390/400][180/391] lr: 5.03e-05 | MSE loss: 9.6392e-07 | time: 0.145
I 06.17/12:48:32 solver.py:221 ] Epoch: [390/400][200/391] lr: 5.03e-05 | MSE loss: 9.7121e-07 | time: 0.144
I 06.17/12:48:35 solver.py:221 ] Epoch: [390/400][220/391] lr: 5.03e-05 | MSE loss: 9.7579e-07 | time: 0.144
I 06.17/12:48:38 solver.py:221 ] Epoch: [390/400][240/391] lr: 5.03e-05 | MSE loss: 9.7249e-07 | time: 0.143
I 06.17/12:48:41 solver.py:221 ] Epoch: [390/400][260/391] lr: 5.03e-05 | MSE loss: 9.7197e-07 | time: 0.144
I 06.17/12:48:44 solver.py:221 ] Epoch: [390/400][280/391] lr: 5.03e-05 | MSE loss: 9.7536e-07 | time: 0.144
I 06.17/12:48:46 solver.py:221 ] Epoch: [390/400][300/391] lr: 5.03e-05 | MSE loss: 9.7272e-07 | time: 0.144
I 06.17/12:48:49 solver.py:221 ] Epoch: [390/400][320/391] lr: 5.03e-05 | MSE loss: 9.7307e-07 | time: 0.144
I 06.17/12:48:52 solver.py:221 ] Epoch: [390/400][340/391] lr: 5.03e-05 | MSE loss: 9.7056e-07 | time: 0.143
I 06.17/12:48:55 solver.py:221 ] Epoch: [390/400][360/391] lr: 5.03e-05 | MSE loss: 9.8589e-07 | time: 0.143
I 06.17/12:48:58 solver.py:221 ] Epoch: [390/400][380/391] lr: 5.03e-05 | MSE loss: 1.0014e-06 | time: 0.143
I 06.17/12:48:59 solver.py:243 ] => Train  Loss: 1.0030e-06

I 06.17/12:49:01 solver.py:221 ] Epoch: [390/400][20/118] lr: 5.03e-05 | MSE loss: 1.2202e-06 | time: 0.077
I 06.17/12:49:05 solver.py:221 ] Epoch: [390/400][40/118] lr: 5.03e-05 | MSE loss: 1.2119e-06 | time: 0.141
I 06.17/12:49:06 solver.py:221 ] Epoch: [390/400][60/118] lr: 5.03e-05 | MSE loss: 1.2300e-06 | time: 0.117
I 06.17/12:49:08 solver.py:221 ] Epoch: [390/400][80/118] lr: 5.03e-05 | MSE loss: 1.2313e-06 | time: 0.105
I 06.17/12:49:08 solver.py:221 ] Epoch: [390/400][100/118] lr: 5.03e-05 | MSE loss: 1.2281e-06 | time: 0.092
I 06.17/12:49:09 solver.py:243 ] => Val  Loss: 1.2273e-06

I 06.17/12:49:11 solver.py:471 ] [20/79] loss: 1.2654e-06 | NMSE: -2.5530e+01 | time: 0.057
I 06.17/12:49:11 solver.py:471 ] [40/79] loss: 1.2430e-06 | NMSE: -2.5610e+01 | time: 0.048
I 06.17/12:49:13 solver.py:471 ] [60/79] loss: 1.2409e-06 | NMSE: -2.5607e+01 | time: 0.053
I 06.17/12:49:14 solver.py:476 ] => Test NMSE: -2.5620e+01

I 06.17/12:49:14 solver.py:337 ] 
=! Best NMSE: -2.6047e+01 (epoch=350)

I 06.17/12:49:17 solver.py:221 ] Epoch: [391/400][20/391] lr: 5.03e-05 | MSE loss: 8.9828e-07 | time: 0.151
I 06.17/12:49:20 solver.py:221 ] Epoch: [391/400][40/391] lr: 5.03e-05 | MSE loss: 9.0159e-07 | time: 0.144
I 06.17/12:49:23 solver.py:221 ] Epoch: [391/400][60/391] lr: 5.03e-05 | MSE loss: 9.1562e-07 | time: 0.143
I 06.17/12:49:25 solver.py:221 ] Epoch: [391/400][80/391] lr: 5.03e-05 | MSE loss: 9.1881e-07 | time: 0.145
I 06.17/12:49:28 solver.py:221 ] Epoch: [391/400][100/391] lr: 5.03e-05 | MSE loss: 9.1000e-07 | time: 0.142
I 06.17/12:49:31 solver.py:221 ] Epoch: [391/400][120/391] lr: 5.03e-05 | MSE loss: 9.2144e-07 | time: 0.141
I 06.17/12:49:34 solver.py:221 ] Epoch: [391/400][140/391] lr: 5.03e-05 | MSE loss: 9.2881e-07 | time: 0.141
I 06.17/12:49:36 solver.py:221 ] Epoch: [391/400][160/391] lr: 5.03e-05 | MSE loss: 9.3639e-07 | time: 0.141
I 06.17/12:49:39 solver.py:221 ] Epoch: [391/400][180/391] lr: 5.03e-05 | MSE loss: 9.4003e-07 | time: 0.139
I 06.17/12:49:42 solver.py:221 ] Epoch: [391/400][200/391] lr: 5.03e-05 | MSE loss: 9.3903e-07 | time: 0.138
I 06.17/12:49:45 solver.py:221 ] Epoch: [391/400][220/391] lr: 5.03e-05 | MSE loss: 9.3808e-07 | time: 0.139
I 06.17/12:49:47 solver.py:221 ] Epoch: [391/400][240/391] lr: 5.03e-05 | MSE loss: 9.3906e-07 | time: 0.138
I 06.17/12:49:50 solver.py:221 ] Epoch: [391/400][260/391] lr: 5.02e-05 | MSE loss: 9.3820e-07 | time: 0.137
I 06.17/12:49:52 solver.py:221 ] Epoch: [391/400][280/391] lr: 5.02e-05 | MSE loss: 9.4077e-07 | time: 0.136
I 06.17/12:49:54 solver.py:221 ] Epoch: [391/400][300/391] lr: 5.02e-05 | MSE loss: 9.4551e-07 | time: 0.134
I 06.17/12:49:57 solver.py:221 ] Epoch: [391/400][320/391] lr: 5.02e-05 | MSE loss: 9.4815e-07 | time: 0.133
I 06.17/12:49:59 solver.py:221 ] Epoch: [391/400][340/391] lr: 5.02e-05 | MSE loss: 9.5060e-07 | time: 0.132
I 06.17/12:50:01 solver.py:221 ] Epoch: [391/400][360/391] lr: 5.02e-05 | MSE loss: 9.5267e-07 | time: 0.132
I 06.17/12:50:04 solver.py:221 ] Epoch: [391/400][380/391] lr: 5.02e-05 | MSE loss: 9.5320e-07 | time: 0.133
I 06.17/12:50:06 solver.py:243 ] => Train  Loss: 9.5386e-07

I 06.17/12:50:06 solver.py:337 ] 
=! Best NMSE: -2.6047e+01 (epoch=350)

I 06.17/12:50:09 solver.py:221 ] Epoch: [392/400][20/391] lr: 5.02e-05 | MSE loss: 9.1842e-07 | time: 0.118
I 06.17/12:50:12 solver.py:221 ] Epoch: [392/400][40/391] lr: 5.02e-05 | MSE loss: 9.6148e-07 | time: 0.134
I 06.17/12:50:15 solver.py:221 ] Epoch: [392/400][60/391] lr: 5.02e-05 | MSE loss: 9.6456e-07 | time: 0.135
I 06.17/12:50:17 solver.py:221 ] Epoch: [392/400][80/391] lr: 5.02e-05 | MSE loss: 9.5976e-07 | time: 0.137
I 06.17/12:50:20 solver.py:221 ] Epoch: [392/400][100/391] lr: 5.02e-05 | MSE loss: 9.5689e-07 | time: 0.136
I 06.17/12:50:23 solver.py:221 ] Epoch: [392/400][120/391] lr: 5.02e-05 | MSE loss: 9.6091e-07 | time: 0.137
I 06.17/12:50:26 solver.py:221 ] Epoch: [392/400][140/391] lr: 5.02e-05 | MSE loss: 9.6218e-07 | time: 0.138
I 06.17/12:50:29 solver.py:221 ] Epoch: [392/400][160/391] lr: 5.02e-05 | MSE loss: 9.8941e-07 | time: 0.138
I 06.17/12:50:31 solver.py:221 ] Epoch: [392/400][180/391] lr: 5.02e-05 | MSE loss: 9.8732e-07 | time: 0.139
I 06.17/12:50:34 solver.py:221 ] Epoch: [392/400][200/391] lr: 5.02e-05 | MSE loss: 9.8092e-07 | time: 0.140
I 06.17/12:50:37 solver.py:221 ] Epoch: [392/400][220/391] lr: 5.02e-05 | MSE loss: 9.7616e-07 | time: 0.140
I 06.17/12:50:40 solver.py:221 ] Epoch: [392/400][240/391] lr: 5.02e-05 | MSE loss: 9.6971e-07 | time: 0.141
I 06.17/12:50:43 solver.py:221 ] Epoch: [392/400][260/391] lr: 5.02e-05 | MSE loss: 9.6895e-07 | time: 0.141
I 06.17/12:50:46 solver.py:221 ] Epoch: [392/400][280/391] lr: 5.02e-05 | MSE loss: 9.6600e-07 | time: 0.141
I 06.17/12:50:49 solver.py:221 ] Epoch: [392/400][300/391] lr: 5.02e-05 | MSE loss: 9.6547e-07 | time: 0.141
I 06.17/12:50:52 solver.py:221 ] Epoch: [392/400][320/391] lr: 5.02e-05 | MSE loss: 9.6439e-07 | time: 0.141
I 06.17/12:50:54 solver.py:221 ] Epoch: [392/400][340/391] lr: 5.02e-05 | MSE loss: 9.6372e-07 | time: 0.141
I 06.17/12:50:57 solver.py:221 ] Epoch: [392/400][360/391] lr: 5.02e-05 | MSE loss: 9.6863e-07 | time: 0.141
I 06.17/12:51:00 solver.py:221 ] Epoch: [392/400][380/391] lr: 5.02e-05 | MSE loss: 9.6994e-07 | time: 0.140
I 06.17/12:51:02 solver.py:243 ] => Train  Loss: 9.6903e-07

I 06.17/12:51:02 solver.py:337 ] 
=! Best NMSE: -2.6047e+01 (epoch=350)

I 06.17/12:51:06 solver.py:221 ] Epoch: [393/400][20/391] lr: 5.02e-05 | MSE loss: 9.7946e-07 | time: 0.185
I 06.17/12:51:09 solver.py:221 ] Epoch: [393/400][40/391] lr: 5.02e-05 | MSE loss: 9.4735e-07 | time: 0.164
I 06.17/12:51:12 solver.py:221 ] Epoch: [393/400][60/391] lr: 5.02e-05 | MSE loss: 9.4968e-07 | time: 0.160
I 06.17/12:51:15 solver.py:221 ] Epoch: [393/400][80/391] lr: 5.02e-05 | MSE loss: 9.7491e-07 | time: 0.155
I 06.17/12:51:17 solver.py:221 ] Epoch: [393/400][100/391] lr: 5.02e-05 | MSE loss: 9.7161e-07 | time: 0.151
I 06.17/12:51:20 solver.py:221 ] Epoch: [393/400][120/391] lr: 5.02e-05 | MSE loss: 9.6903e-07 | time: 0.149
I 06.17/12:51:23 solver.py:221 ] Epoch: [393/400][140/391] lr: 5.02e-05 | MSE loss: 9.6540e-07 | time: 0.147
I 06.17/12:51:26 solver.py:221 ] Epoch: [393/400][160/391] lr: 5.02e-05 | MSE loss: 9.6128e-07 | time: 0.146
I 06.17/12:51:29 solver.py:221 ] Epoch: [393/400][180/391] lr: 5.02e-05 | MSE loss: 9.6454e-07 | time: 0.146
I 06.17/12:51:31 solver.py:221 ] Epoch: [393/400][200/391] lr: 5.02e-05 | MSE loss: 9.6335e-07 | time: 0.145
I 06.17/12:51:34 solver.py:221 ] Epoch: [393/400][220/391] lr: 5.02e-05 | MSE loss: 9.6135e-07 | time: 0.145
I 06.17/12:51:37 solver.py:221 ] Epoch: [393/400][240/391] lr: 5.02e-05 | MSE loss: 9.6465e-07 | time: 0.145
I 06.17/12:51:40 solver.py:221 ] Epoch: [393/400][260/391] lr: 5.02e-05 | MSE loss: 9.6757e-07 | time: 0.144
I 06.17/12:51:43 solver.py:221 ] Epoch: [393/400][280/391] lr: 5.02e-05 | MSE loss: 9.7449e-07 | time: 0.144
I 06.17/12:51:45 solver.py:221 ] Epoch: [393/400][300/391] lr: 5.01e-05 | MSE loss: 9.8119e-07 | time: 0.144
I 06.17/12:51:48 solver.py:221 ] Epoch: [393/400][320/391] lr: 5.01e-05 | MSE loss: 9.8030e-07 | time: 0.144
I 06.17/12:51:51 solver.py:221 ] Epoch: [393/400][340/391] lr: 5.01e-05 | MSE loss: 9.7939e-07 | time: 0.144
I 06.17/12:51:54 solver.py:221 ] Epoch: [393/400][360/391] lr: 5.01e-05 | MSE loss: 9.7760e-07 | time: 0.144
I 06.17/12:51:57 solver.py:221 ] Epoch: [393/400][380/391] lr: 5.01e-05 | MSE loss: 9.7687e-07 | time: 0.144
I 06.17/12:51:59 solver.py:243 ] => Train  Loss: 9.7875e-07

I 06.17/12:51:59 solver.py:337 ] 
=! Best NMSE: -2.6047e+01 (epoch=350)

I 06.17/12:52:02 solver.py:221 ] Epoch: [394/400][20/391] lr: 5.01e-05 | MSE loss: 1.0328e-06 | time: 0.172
I 06.17/12:52:06 solver.py:221 ] Epoch: [394/400][40/391] lr: 5.01e-05 | MSE loss: 1.0388e-06 | time: 0.182
I 06.17/12:52:09 solver.py:221 ] Epoch: [394/400][60/391] lr: 5.01e-05 | MSE loss: 1.0192e-06 | time: 0.168
I 06.17/12:52:12 solver.py:221 ] Epoch: [394/400][80/391] lr: 5.01e-05 | MSE loss: 1.0089e-06 | time: 0.163
I 06.17/12:52:15 solver.py:221 ] Epoch: [394/400][100/391] lr: 5.01e-05 | MSE loss: 9.9821e-07 | time: 0.160
I 06.17/12:52:18 solver.py:221 ] Epoch: [394/400][120/391] lr: 5.01e-05 | MSE loss: 9.9497e-07 | time: 0.157
I 06.17/12:52:21 solver.py:221 ] Epoch: [394/400][140/391] lr: 5.01e-05 | MSE loss: 1.0068e-06 | time: 0.156
I 06.17/12:52:24 solver.py:221 ] Epoch: [394/400][160/391] lr: 5.01e-05 | MSE loss: 1.0011e-06 | time: 0.157
I 06.17/12:52:27 solver.py:221 ] Epoch: [394/400][180/391] lr: 5.01e-05 | MSE loss: 9.9707e-07 | time: 0.156
I 06.17/12:52:30 solver.py:221 ] Epoch: [394/400][200/391] lr: 5.01e-05 | MSE loss: 9.9569e-07 | time: 0.154
I 06.17/12:52:33 solver.py:221 ] Epoch: [394/400][220/391] lr: 5.01e-05 | MSE loss: 9.9328e-07 | time: 0.154
I 06.17/12:52:36 solver.py:221 ] Epoch: [394/400][240/391] lr: 5.01e-05 | MSE loss: 9.9291e-07 | time: 0.153
I 06.17/12:52:39 solver.py:221 ] Epoch: [394/400][260/391] lr: 5.01e-05 | MSE loss: 9.8668e-07 | time: 0.153
I 06.17/12:52:41 solver.py:221 ] Epoch: [394/400][280/391] lr: 5.01e-05 | MSE loss: 9.8248e-07 | time: 0.152
I 06.17/12:52:44 solver.py:221 ] Epoch: [394/400][300/391] lr: 5.01e-05 | MSE loss: 9.7661e-07 | time: 0.150
I 06.17/12:52:47 solver.py:221 ] Epoch: [394/400][320/391] lr: 5.01e-05 | MSE loss: 9.7196e-07 | time: 0.150
I 06.17/12:52:50 solver.py:221 ] Epoch: [394/400][340/391] lr: 5.01e-05 | MSE loss: 9.6908e-07 | time: 0.150
I 06.17/12:52:53 solver.py:221 ] Epoch: [394/400][360/391] lr: 5.01e-05 | MSE loss: 9.6890e-07 | time: 0.150
I 06.17/12:52:56 solver.py:221 ] Epoch: [394/400][380/391] lr: 5.01e-05 | MSE loss: 9.6666e-07 | time: 0.150
I 06.17/12:52:58 solver.py:243 ] => Train  Loss: 9.6563e-07

I 06.17/12:52:58 solver.py:337 ] 
=! Best NMSE: -2.6047e+01 (epoch=350)

I 06.17/12:53:01 solver.py:221 ] Epoch: [395/400][20/391] lr: 5.01e-05 | MSE loss: 9.7021e-07 | time: 0.131
I 06.17/12:53:05 solver.py:221 ] Epoch: [395/400][40/391] lr: 5.01e-05 | MSE loss: 9.6083e-07 | time: 0.183
I 06.17/12:53:08 solver.py:221 ] Epoch: [395/400][60/391] lr: 5.01e-05 | MSE loss: 9.7010e-07 | time: 0.168
I 06.17/12:53:11 solver.py:221 ] Epoch: [395/400][80/391] lr: 5.01e-05 | MSE loss: 9.6671e-07 | time: 0.161
I 06.17/12:53:14 solver.py:221 ] Epoch: [395/400][100/391] lr: 5.01e-05 | MSE loss: 9.7546e-07 | time: 0.157
I 06.17/12:53:16 solver.py:221 ] Epoch: [395/400][120/391] lr: 5.01e-05 | MSE loss: 9.7682e-07 | time: 0.154
I 06.17/12:53:19 solver.py:221 ] Epoch: [395/400][140/391] lr: 5.01e-05 | MSE loss: 9.8244e-07 | time: 0.151
I 06.17/12:53:22 solver.py:221 ] Epoch: [395/400][160/391] lr: 5.01e-05 | MSE loss: 9.8562e-07 | time: 0.151
I 06.17/12:53:25 solver.py:221 ] Epoch: [395/400][180/391] lr: 5.01e-05 | MSE loss: 9.8226e-07 | time: 0.149
I 06.17/12:53:28 solver.py:221 ] Epoch: [395/400][200/391] lr: 5.01e-05 | MSE loss: 9.8143e-07 | time: 0.147
I 06.17/12:53:30 solver.py:221 ] Epoch: [395/400][220/391] lr: 5.01e-05 | MSE loss: 9.8323e-07 | time: 0.146
I 06.17/12:53:33 solver.py:221 ] Epoch: [395/400][240/391] lr: 5.01e-05 | MSE loss: 9.8040e-07 | time: 0.145
I 06.17/12:53:35 solver.py:221 ] Epoch: [395/400][260/391] lr: 5.01e-05 | MSE loss: 9.8149e-07 | time: 0.144
I 06.17/12:53:38 solver.py:221 ] Epoch: [395/400][280/391] lr: 5.01e-05 | MSE loss: 9.7957e-07 | time: 0.142
I 06.17/12:53:40 solver.py:221 ] Epoch: [395/400][300/391] lr: 5.01e-05 | MSE loss: 9.7886e-07 | time: 0.141
I 06.17/12:53:43 solver.py:221 ] Epoch: [395/400][320/391] lr: 5.01e-05 | MSE loss: 9.8058e-07 | time: 0.140
I 06.17/12:53:45 solver.py:221 ] Epoch: [395/400][340/391] lr: 5.01e-05 | MSE loss: 9.7842e-07 | time: 0.139
I 06.17/12:53:48 solver.py:221 ] Epoch: [395/400][360/391] lr: 5.01e-05 | MSE loss: 9.8139e-07 | time: 0.138
I 06.17/12:53:50 solver.py:221 ] Epoch: [395/400][380/391] lr: 5.01e-05 | MSE loss: 9.7924e-07 | time: 0.137
I 06.17/12:53:51 solver.py:243 ] => Train  Loss: 9.8172e-07

I 06.17/12:53:51 solver.py:337 ] 
=! Best NMSE: -2.6047e+01 (epoch=350)

I 06.17/12:53:54 solver.py:221 ] Epoch: [396/400][20/391] lr: 5.01e-05 | MSE loss: 1.0448e-06 | time: 0.116
I 06.17/12:53:56 solver.py:221 ] Epoch: [396/400][40/391] lr: 5.01e-05 | MSE loss: 1.0355e-06 | time: 0.119
I 06.17/12:53:59 solver.py:221 ] Epoch: [396/400][60/391] lr: 5.01e-05 | MSE loss: 1.0149e-06 | time: 0.119
I 06.17/12:54:03 solver.py:221 ] Epoch: [396/400][80/391] lr: 5.01e-05 | MSE loss: 1.0077e-06 | time: 0.142
I 06.17/12:54:06 solver.py:221 ] Epoch: [396/400][100/391] lr: 5.01e-05 | MSE loss: 1.0144e-06 | time: 0.144
I 06.17/12:54:08 solver.py:221 ] Epoch: [396/400][120/391] lr: 5.01e-05 | MSE loss: 1.0435e-06 | time: 0.139
I 06.17/12:54:11 solver.py:221 ] Epoch: [396/400][140/391] lr: 5.01e-05 | MSE loss: 1.0371e-06 | time: 0.135
I 06.17/12:54:13 solver.py:221 ] Epoch: [396/400][160/391] lr: 5.01e-05 | MSE loss: 1.0271e-06 | time: 0.132
I 06.17/12:54:15 solver.py:221 ] Epoch: [396/400][180/391] lr: 5.01e-05 | MSE loss: 1.0185e-06 | time: 0.131
I 06.17/12:54:17 solver.py:221 ] Epoch: [396/400][200/391] lr: 5.01e-05 | MSE loss: 1.0101e-06 | time: 0.129
I 06.17/12:54:20 solver.py:221 ] Epoch: [396/400][220/391] lr: 5.01e-05 | MSE loss: 1.0061e-06 | time: 0.129
I 06.17/12:54:22 solver.py:221 ] Epoch: [396/400][240/391] lr: 5.01e-05 | MSE loss: 1.0111e-06 | time: 0.128
I 06.17/12:54:24 solver.py:221 ] Epoch: [396/400][260/391] lr: 5.01e-05 | MSE loss: 1.0115e-06 | time: 0.127
I 06.17/12:54:27 solver.py:221 ] Epoch: [396/400][280/391] lr: 5.01e-05 | MSE loss: 1.0106e-06 | time: 0.126
I 06.17/12:54:29 solver.py:221 ] Epoch: [396/400][300/391] lr: 5.01e-05 | MSE loss: 1.0077e-06 | time: 0.125
I 06.17/12:54:31 solver.py:221 ] Epoch: [396/400][320/391] lr: 5.00e-05 | MSE loss: 1.0051e-06 | time: 0.125
I 06.17/12:54:34 solver.py:221 ] Epoch: [396/400][340/391] lr: 5.00e-05 | MSE loss: 1.0050e-06 | time: 0.124
I 06.17/12:54:36 solver.py:221 ] Epoch: [396/400][360/391] lr: 5.00e-05 | MSE loss: 1.0013e-06 | time: 0.123
I 06.17/12:54:38 solver.py:221 ] Epoch: [396/400][380/391] lr: 5.00e-05 | MSE loss: 9.9866e-07 | time: 0.123
I 06.17/12:54:39 solver.py:243 ] => Train  Loss: 9.9685e-07

I 06.17/12:54:39 solver.py:337 ] 
=! Best NMSE: -2.6047e+01 (epoch=350)

I 06.17/12:54:42 solver.py:221 ] Epoch: [397/400][20/391] lr: 5.00e-05 | MSE loss: 9.4187e-07 | time: 0.100
I 06.17/12:54:44 solver.py:221 ] Epoch: [397/400][40/391] lr: 5.00e-05 | MSE loss: 9.1864e-07 | time: 0.105
I 06.17/12:54:46 solver.py:221 ] Epoch: [397/400][60/391] lr: 5.00e-05 | MSE loss: 9.2335e-07 | time: 0.103
I 06.17/12:54:48 solver.py:221 ] Epoch: [397/400][80/391] lr: 5.00e-05 | MSE loss: 9.2479e-07 | time: 0.104
I 06.17/12:54:50 solver.py:221 ] Epoch: [397/400][100/391] lr: 5.00e-05 | MSE loss: 9.4123e-07 | time: 0.106
I 06.17/12:54:52 solver.py:221 ] Epoch: [397/400][120/391] lr: 5.00e-05 | MSE loss: 9.3971e-07 | time: 0.105
I 06.17/12:54:54 solver.py:221 ] Epoch: [397/400][140/391] lr: 5.00e-05 | MSE loss: 9.3937e-07 | time: 0.105
I 06.17/12:54:56 solver.py:221 ] Epoch: [397/400][160/391] lr: 5.00e-05 | MSE loss: 9.3819e-07 | time: 0.105
I 06.17/12:54:58 solver.py:221 ] Epoch: [397/400][180/391] lr: 5.00e-05 | MSE loss: 9.3840e-07 | time: 0.104
I 06.17/12:55:01 solver.py:221 ] Epoch: [397/400][200/391] lr: 5.00e-05 | MSE loss: 9.3741e-07 | time: 0.106
I 06.17/12:55:05 solver.py:221 ] Epoch: [397/400][220/391] lr: 5.00e-05 | MSE loss: 9.3668e-07 | time: 0.116
I 06.17/12:55:07 solver.py:221 ] Epoch: [397/400][240/391] lr: 5.00e-05 | MSE loss: 9.4273e-07 | time: 0.114
I 06.17/12:55:09 solver.py:221 ] Epoch: [397/400][260/391] lr: 5.00e-05 | MSE loss: 9.4580e-07 | time: 0.113
I 06.17/12:55:11 solver.py:221 ] Epoch: [397/400][280/391] lr: 5.00e-05 | MSE loss: 9.4710e-07 | time: 0.113
I 06.17/12:55:13 solver.py:221 ] Epoch: [397/400][300/391] lr: 5.00e-05 | MSE loss: 9.4961e-07 | time: 0.112
I 06.17/12:55:15 solver.py:221 ] Epoch: [397/400][320/391] lr: 5.00e-05 | MSE loss: 9.4947e-07 | time: 0.112
I 06.17/12:55:18 solver.py:221 ] Epoch: [397/400][340/391] lr: 5.00e-05 | MSE loss: 9.5198e-07 | time: 0.112
I 06.17/12:55:20 solver.py:221 ] Epoch: [397/400][360/391] lr: 5.00e-05 | MSE loss: 9.5585e-07 | time: 0.111
I 06.17/12:55:21 solver.py:221 ] Epoch: [397/400][380/391] lr: 5.00e-05 | MSE loss: 9.6162e-07 | time: 0.110
I 06.17/12:55:22 solver.py:243 ] => Train  Loss: 9.6574e-07

I 06.17/12:55:23 solver.py:337 ] 
=! Best NMSE: -2.6047e+01 (epoch=350)

I 06.17/12:55:24 solver.py:221 ] Epoch: [398/400][20/391] lr: 5.00e-05 | MSE loss: 1.0624e-06 | time: 0.083
I 06.17/12:55:26 solver.py:221 ] Epoch: [398/400][40/391] lr: 5.00e-05 | MSE loss: 1.0667e-06 | time: 0.090
I 06.17/12:55:28 solver.py:221 ] Epoch: [398/400][60/391] lr: 5.00e-05 | MSE loss: 1.0168e-06 | time: 0.091
I 06.17/12:55:30 solver.py:221 ] Epoch: [398/400][80/391] lr: 5.00e-05 | MSE loss: 9.9649e-07 | time: 0.093
I 06.17/12:55:32 solver.py:221 ] Epoch: [398/400][100/391] lr: 5.00e-05 | MSE loss: 1.0044e-06 | time: 0.094
I 06.17/12:55:34 solver.py:221 ] Epoch: [398/400][120/391] lr: 5.00e-05 | MSE loss: 1.0292e-06 | time: 0.095
I 06.17/12:55:36 solver.py:221 ] Epoch: [398/400][140/391] lr: 5.00e-05 | MSE loss: 1.0255e-06 | time: 0.095
I 06.17/12:55:38 solver.py:221 ] Epoch: [398/400][160/391] lr: 5.00e-05 | MSE loss: 1.0203e-06 | time: 0.094
I 06.17/12:55:40 solver.py:221 ] Epoch: [398/400][180/391] lr: 5.00e-05 | MSE loss: 1.0162e-06 | time: 0.093
I 06.17/12:55:41 solver.py:221 ] Epoch: [398/400][200/391] lr: 5.00e-05 | MSE loss: 1.0195e-06 | time: 0.094
I 06.17/12:55:43 solver.py:221 ] Epoch: [398/400][220/391] lr: 5.00e-05 | MSE loss: 1.0162e-06 | time: 0.093
I 06.17/12:55:45 solver.py:221 ] Epoch: [398/400][240/391] lr: 5.00e-05 | MSE loss: 1.0084e-06 | time: 0.092
I 06.17/12:55:47 solver.py:221 ] Epoch: [398/400][260/391] lr: 5.00e-05 | MSE loss: 1.0058e-06 | time: 0.092
I 06.17/12:55:49 solver.py:221 ] Epoch: [398/400][280/391] lr: 5.00e-05 | MSE loss: 1.0016e-06 | time: 0.092
I 06.17/12:55:50 solver.py:221 ] Epoch: [398/400][300/391] lr: 5.00e-05 | MSE loss: 9.9624e-07 | time: 0.092
I 06.17/12:55:52 solver.py:221 ] Epoch: [398/400][320/391] lr: 5.00e-05 | MSE loss: 9.9337e-07 | time: 0.092
I 06.17/12:55:54 solver.py:221 ] Epoch: [398/400][340/391] lr: 5.00e-05 | MSE loss: 9.9164e-07 | time: 0.091
I 06.17/12:55:56 solver.py:221 ] Epoch: [398/400][360/391] lr: 5.00e-05 | MSE loss: 9.9070e-07 | time: 0.091
I 06.17/12:55:57 solver.py:221 ] Epoch: [398/400][380/391] lr: 5.00e-05 | MSE loss: 9.8819e-07 | time: 0.091
I 06.17/12:55:58 solver.py:243 ] => Train  Loss: 9.8755e-07

I 06.17/12:55:58 solver.py:337 ] 
=! Best NMSE: -2.6047e+01 (epoch=350)

I 06.17/12:56:00 solver.py:221 ] Epoch: [399/400][20/391] lr: 5.00e-05 | MSE loss: 9.5257e-07 | time: 0.081
I 06.17/12:56:02 solver.py:221 ] Epoch: [399/400][40/391] lr: 5.00e-05 | MSE loss: 9.4860e-07 | time: 0.084
I 06.17/12:56:04 solver.py:221 ] Epoch: [399/400][60/391] lr: 5.00e-05 | MSE loss: 9.4434e-07 | time: 0.090
I 06.17/12:56:05 solver.py:221 ] Epoch: [399/400][80/391] lr: 5.00e-05 | MSE loss: 9.3461e-07 | time: 0.084
I 06.17/12:56:07 solver.py:221 ] Epoch: [399/400][100/391] lr: 5.00e-05 | MSE loss: 9.4467e-07 | time: 0.083
I 06.17/12:56:09 solver.py:221 ] Epoch: [399/400][120/391] lr: 5.00e-05 | MSE loss: 9.5480e-07 | time: 0.083
I 06.17/12:56:10 solver.py:221 ] Epoch: [399/400][140/391] lr: 5.00e-05 | MSE loss: 9.5727e-07 | time: 0.084
I 06.17/12:56:12 solver.py:221 ] Epoch: [399/400][160/391] lr: 5.00e-05 | MSE loss: 9.5159e-07 | time: 0.084
I 06.17/12:56:13 solver.py:221 ] Epoch: [399/400][180/391] lr: 5.00e-05 | MSE loss: 9.5154e-07 | time: 0.083
I 06.17/12:56:15 solver.py:221 ] Epoch: [399/400][200/391] lr: 5.00e-05 | MSE loss: 9.5205e-07 | time: 0.083
I 06.17/12:56:17 solver.py:221 ] Epoch: [399/400][220/391] lr: 5.00e-05 | MSE loss: 9.4791e-07 | time: 0.083
I 06.17/12:56:18 solver.py:221 ] Epoch: [399/400][240/391] lr: 5.00e-05 | MSE loss: 9.6364e-07 | time: 0.082
I 06.17/12:56:20 solver.py:221 ] Epoch: [399/400][260/391] lr: 5.00e-05 | MSE loss: 9.7084e-07 | time: 0.082
I 06.17/12:56:21 solver.py:221 ] Epoch: [399/400][280/391] lr: 5.00e-05 | MSE loss: 9.6918e-07 | time: 0.081
I 06.17/12:56:23 solver.py:221 ] Epoch: [399/400][300/391] lr: 5.00e-05 | MSE loss: 9.7038e-07 | time: 0.082
I 06.17/12:56:25 solver.py:221 ] Epoch: [399/400][320/391] lr: 5.00e-05 | MSE loss: 9.7541e-07 | time: 0.082
I 06.17/12:56:26 solver.py:221 ] Epoch: [399/400][340/391] lr: 5.00e-05 | MSE loss: 9.7796e-07 | time: 0.081
I 06.17/12:56:28 solver.py:221 ] Epoch: [399/400][360/391] lr: 5.00e-05 | MSE loss: 9.7904e-07 | time: 0.082
I 06.17/12:56:29 solver.py:221 ] Epoch: [399/400][380/391] lr: 5.00e-05 | MSE loss: 9.8246e-07 | time: 0.081
I 06.17/12:56:30 solver.py:243 ] => Train  Loss: 9.8688e-07

I 06.17/12:56:30 solver.py:337 ] 
=! Best NMSE: -2.6047e+01 (epoch=350)

I 06.17/12:56:32 solver.py:221 ] Epoch: [400/400][20/391] lr: 5.00e-05 | MSE loss: 1.0054e-06 | time: 0.060
I 06.17/12:56:34 solver.py:221 ] Epoch: [400/400][40/391] lr: 5.00e-05 | MSE loss: 1.0194e-06 | time: 0.074
I 06.17/12:56:35 solver.py:221 ] Epoch: [400/400][60/391] lr: 5.00e-05 | MSE loss: 9.9633e-07 | time: 0.078
I 06.17/12:56:37 solver.py:221 ] Epoch: [400/400][80/391] lr: 5.00e-05 | MSE loss: 9.9131e-07 | time: 0.078
I 06.17/12:56:38 solver.py:221 ] Epoch: [400/400][100/391] lr: 5.00e-05 | MSE loss: 9.9592e-07 | time: 0.077
I 06.17/12:56:40 solver.py:221 ] Epoch: [400/400][120/391] lr: 5.00e-05 | MSE loss: 9.9548e-07 | time: 0.077
I 06.17/12:56:41 solver.py:221 ] Epoch: [400/400][140/391] lr: 5.00e-05 | MSE loss: 9.8812e-07 | time: 0.076
I 06.17/12:56:43 solver.py:221 ] Epoch: [400/400][160/391] lr: 5.00e-05 | MSE loss: 9.8420e-07 | time: 0.077
I 06.17/12:56:45 solver.py:221 ] Epoch: [400/400][180/391] lr: 5.00e-05 | MSE loss: 9.8805e-07 | time: 0.077
I 06.17/12:56:46 solver.py:221 ] Epoch: [400/400][200/391] lr: 5.00e-05 | MSE loss: 9.8426e-07 | time: 0.077
I 06.17/12:56:48 solver.py:221 ] Epoch: [400/400][220/391] lr: 5.00e-05 | MSE loss: 9.7851e-07 | time: 0.077
I 06.17/12:56:49 solver.py:221 ] Epoch: [400/400][240/391] lr: 5.00e-05 | MSE loss: 9.8438e-07 | time: 0.077
I 06.17/12:56:51 solver.py:221 ] Epoch: [400/400][260/391] lr: 5.00e-05 | MSE loss: 9.8834e-07 | time: 0.077
I 06.17/12:56:52 solver.py:221 ] Epoch: [400/400][280/391] lr: 5.00e-05 | MSE loss: 9.8807e-07 | time: 0.077
I 06.17/12:56:54 solver.py:221 ] Epoch: [400/400][300/391] lr: 5.00e-05 | MSE loss: 9.8348e-07 | time: 0.077
I 06.17/12:56:55 solver.py:221 ] Epoch: [400/400][320/391] lr: 5.00e-05 | MSE loss: 9.7963e-07 | time: 0.076
I 06.17/12:56:57 solver.py:221 ] Epoch: [400/400][340/391] lr: 5.00e-05 | MSE loss: 9.7480e-07 | time: 0.076
I 06.17/12:56:58 solver.py:221 ] Epoch: [400/400][360/391] lr: 5.00e-05 | MSE loss: 9.7111e-07 | time: 0.077
I 06.17/12:57:00 solver.py:221 ] Epoch: [400/400][380/391] lr: 5.00e-05 | MSE loss: 9.6936e-07 | time: 0.077
I 06.17/12:57:01 solver.py:243 ] => Train  Loss: 9.6964e-07

I 06.17/12:57:03 solver.py:221 ] Epoch: [400/400][20/118] lr: 5.00e-05 | MSE loss: 1.4604e-06 | time: 0.120
I 06.17/12:57:05 solver.py:221 ] Epoch: [400/400][40/118] lr: 5.00e-05 | MSE loss: 1.4522e-06 | time: 0.099
I 06.17/12:57:06 solver.py:221 ] Epoch: [400/400][60/118] lr: 5.00e-05 | MSE loss: 1.4701e-06 | time: 0.078
I 06.17/12:57:06 solver.py:221 ] Epoch: [400/400][80/118] lr: 5.00e-05 | MSE loss: 1.4712e-06 | time: 0.065
I 06.17/12:57:07 solver.py:221 ] Epoch: [400/400][100/118] lr: 5.00e-05 | MSE loss: 1.4678e-06 | time: 0.059
I 06.17/12:57:07 solver.py:243 ] => Val  Loss: 1.4669e-06

I 06.17/12:57:08 solver.py:471 ] [20/79] loss: 1.5053e-06 | NMSE: -2.4776e+01 | time: 0.035
I 06.17/12:57:09 solver.py:471 ] [40/79] loss: 1.4821e-06 | NMSE: -2.4846e+01 | time: 0.032
I 06.17/12:57:09 solver.py:471 ] [60/79] loss: 1.4802e-06 | NMSE: -2.4841e+01 | time: 0.033
I 06.17/12:57:10 solver.py:476 ] => Test NMSE: -2.4854e+01

I 06.17/12:57:10 solver.py:337 ] 
=! Best NMSE: -2.6047e+01 (epoch=350)

I 06.17/12:57:49 solver.py:408 ] => Saved index-aligned encoder outputs (100000, 512) to /storage/hujiacong/zxd/Huawei/UniversalCSI/exps/COST2100/in/seed424/transnet_hybrid/codewords/train_code.pt
I 06.17/12:57:50 solver.py:471 ] [20/79] loss: 1.5053e-06 | NMSE: -2.4776e+01 | time: 0.055
I 06.17/12:57:51 solver.py:471 ] [40/79] loss: 1.4821e-06 | NMSE: -2.4846e+01 | time: 0.050
I 06.17/12:57:52 solver.py:471 ] [60/79] loss: 1.4802e-06 | NMSE: -2.4841e+01 | time: 0.050
I 06.17/12:57:53 solver.py:476 ] => Test NMSE: -2.4854e+01

I 06.17/12:57:53 solver.py:440 ] 
=> Test result: 
loss: 1.4768e-06    NMSE: -2.4854e+01

I 06.17/12:57:53 main.py:177 ] 
=! Final test loss: 1.4768e-06
         test NMSE: -2.4854e+01

