I 07.08/14:15:43 logger.py:152 ] => Experiment directory: decoder_lora/exps/alignaffine_fc_ffn_fcr256a2048_ffnr16a128_code_adapter_none_recT0.0_fc0.0_code0/seed2026_clnet_transnet_to_seed42_lr5e-4_eta_2e-4_ep400
I 07.08/14:15:43 logger.py:71  ] => Runtime Context:
I 07.08/14:15:43 logger.py:72  ]    cwd: /storage/hujiacong/zxd/Huawei/UniversalCSI
I 07.08/14:15:43 logger.py:73  ]    pid: 3385513
I 07.08/14:15:43 logger.py:74  ]    command: decoder_lora/train_decoder_lora.py --source_code exps/COST2100/in/base/seed2026/clnet_transnet/codewords/train_code.pt --target_code exps/COST2100/in/base/seed42/transnet_transnet/codewords/train_code.pt --csi_path /storage/hujiacong/zxd/datasets/cost2100/in_train.pt --decoder_checkpoint exps/COST2100/in/base/seed42/transnet_transnet/checkpoints/best_nmse.pth --decoder_args_json exps/COST2100/in/base/seed42/transnet_transnet/args.json --exp_dir decoder_lora/exps/alignaffine_fc_ffn_fcr256a2048_ffnr16a128_code_adapter_none_recT0.0_fc0.0_code0/seed2026_clnet_transnet_to_seed42_lr5e-4_eta_2e-4_ep400 --source_name seed2026_clnet_transnet --align_mode affine --align_ridge 1e-4 --lora_target fc_ffn --lora_rank 8 --lora_dropout 0.0 --code_adapter none --code_lowrank_rank 0 --code_mlp_hidden 0 --code_gate_lr 0.1 --code_gate_mlp 0.1 --code_adapter_dropout 0.0 --epochs 400 --batch_size 1024 --workers 0 --lr 5e-4 --weight_decay 1e-4 --scheduler cosine --eta_min 2e-4 --val_ratio 0 --max_samples 0 --eval_decoder_every 20 --eval_decoder_max_samples 0 --eval_external_max_samples 0 --lambda_code 0 --lambda_delta 0 --lambda_recT 0.0 --lambda_fc 0.0 --gpu 0 --seed 2026 --fc_lora_rank 256 --ffn_lora_rank 16 --fc_lora_alpha 2048 --ffn_lora_alpha 128 --val_csi_path /storage/hujiacong/zxd/datasets/cost2100/in_val.pt --test_csi_path /storage/hujiacong/zxd/datasets/cost2100/in_test.pt
I 07.08/14:15:43 logger.py:75  ]    python: 3.11.14 (main, Oct 21 2025, 18:31:21) [GCC 11.2.0]
I 07.08/14:15:43 logger.py:76  ]    pytorch: 2.5.1
I 07.08/14:15:43 logger.py:77  ]    cuda_available: True
I 07.08/14:15:43 logger.py:79  ]    cuda_version: 12.1
I 07.08/14:15:43 logger.py:81  ]    CUDA_VISIBLE_DEVICES: 0
I 07.08/14:15:43 logger.py:91  ]    current_device: not initialized yet
I 07.08/14:15:43 logger.py:63  ] => Arguments:
{
  "align_mode": "affine",
  "align_ridge": 0.0001,
  "batch_size": 1024,
  "code_adapter": "none",
  "code_adapter_dropout": 0.0,
  "code_gate_lr": 0.1,
  "code_gate_mlp": 0.1,
  "code_hidden_dim": 1024,
  "code_lowrank_rank": 0,
  "code_mlp_hidden": 0,
  "code_num_blocks": 4,
  "code_residual_scale": 1.0,
  "code_use_final_norm": false,
  "cpu": false,
  "csi_path": "/storage/hujiacong/zxd/datasets/cost2100/in_train.pt",
  "decoder_args_json": "exps/COST2100/in/base/seed42/transnet_transnet/args.json",
  "decoder_channel": null,
  "decoder_checkpoint": "exps/COST2100/in/base/seed42/transnet_transnet/checkpoints/best_nmse.pth",
  "decoder_cr": null,
  "decoder_d_model": null,
  "decoder_dim_feedforward": null,
  "decoder_hidden": null,
  "decoder_name": null,
  "decoder_nc": null,
  "decoder_nt": null,
  "decoder_num_blocks": null,
  "epochs": 400,
  "eta_min": 0.0002,
  "eval_decoder_every": 20,
  "eval_decoder_max_samples": 0,
  "eval_external_max_samples": 0,
  "exp_dir": "decoder_lora/exps/alignaffine_fc_ffn_fcr256a2048_ffnr16a128_code_adapter_none_recT0.0_fc0.0_code0/seed2026_clnet_transnet_to_seed42_lr5e-4_eta_2e-4_ep400",
  "fc_lora_alpha": 2048.0,
  "fc_lora_rank": 256,
  "ffn_lora_alpha": 128.0,
  "ffn_lora_rank": 16,
  "gpu": 0,
  "lambda_code": 0.0,
  "lambda_delta": 0.0,
  "lambda_fc": 0.0,
  "lambda_recT": 0.0,
  "lora_alpha": null,
  "lora_dropout": 0.0,
  "lora_rank": 8,
  "lora_target": "fc_ffn",
  "lr": 0.0005,
  "max_samples": 0,
  "save_last": false,
  "scheduler": "cosine",
  "seed": 2026,
  "source_args_json": null,
  "source_checkpoint": null,
  "source_code": "exps/COST2100/in/base/seed2026/clnet_transnet/codewords/train_code.pt",
  "source_name": "seed2026_clnet_transnet",
  "target_code": "exps/COST2100/in/base/seed42/transnet_transnet/codewords/train_code.pt",
  "test_csi_path": "/storage/hujiacong/zxd/datasets/cost2100/in_test.pt",
  "val_csi_path": "/storage/hujiacong/zxd/datasets/cost2100/in_val.pt",
  "val_ratio": 0.0,
  "weight_decay": 0.0001,
  "workers": 0
}
I 07.08/14:16:08 train_decoder_lora.py:828 ] => Device: cuda
I 07.08/14:16:08 train_decoder_lora.py:829 ] => Source code: exps/COST2100/in/base/seed2026/clnet_transnet/codewords/train_code.pt
I 07.08/14:16:08 train_decoder_lora.py:830 ] => Target code: exps/COST2100/in/base/seed42/transnet_transnet/codewords/train_code.pt
I 07.08/14:16:08 train_decoder_lora.py:831 ] => CSI path: /storage/hujiacong/zxd/datasets/cost2100/in_train.pt
I 07.08/14:16:08 train_decoder_lora.py:832 ] => Val CSI path: /storage/hujiacong/zxd/datasets/cost2100/in_val.pt
I 07.08/14:16:08 train_decoder_lora.py:833 ] => Test CSI path: /storage/hujiacong/zxd/datasets/cost2100/in_test.pt
I 07.08/14:16:08 train_decoder_lora.py:834 ] => Decoder checkpoint: exps/COST2100/in/base/seed42/transnet_transnet/checkpoints/best_nmse.pth
I 07.08/14:16:08 train_decoder_lora.py:835 ] => Alignment: mode=affine ridge=0.0001 weight=(512, 512) bias=(512,) buffers=262656
I 07.08/14:16:08 train_decoder_lora.py:842 ] => LoRA: target=fc_ffn rank=8 fc_rank=256 ffn_rank=16 alpha=8 fc_alpha=2048.0 ffn_alpha=128.0 dropout=0.0 injected=fc_decoder:r256,decoder.layers.0.linear1:r16,decoder.layers.0.linear2:r16,decoder.layers.1.linear1:r16,decoder.layers.1.linear2:r16
I 07.08/14:16:08 train_decoder_lora.py:854 ] => Code adapter: type=none lowrank_rank=0 mlp_hidden=0 gate_lr=0.1 gate_mlp=0.1 dropout=0.0 hidden_dim=1024 num_blocks=4 residual_scale=1.0 use_final_norm=False
I 07.08/14:16:08 train_decoder_lora.py:868 ] => Parameters: trainable=790,528 lora=790,528
I 07.08/14:16:08 logger.py:146 ] 
name                                                              grad           shape     numel
----                                                              ----           -----     -----
decoder.fc_decoder.base.weight                                    False    (2048, 512) 1,048,576
decoder.fc_decoder.base.bias                                      False        (2048,)     2,048
decoder.fc_decoder.lora_down.weight                               True      (256, 512)   131,072
decoder.fc_decoder.lora_up.weight                                 True     (2048, 256)   524,288
decoder.decoder.layers.0.self_attn.in_proj_weight                 False      (192, 64)    12,288
decoder.decoder.layers.0.self_attn.in_proj_bias                   False         (192,)       192
decoder.decoder.layers.0.self_attn.out_proj.weight                False       (64, 64)     4,096
decoder.decoder.layers.0.self_attn.out_proj.bias                  False          (64,)        64
decoder.decoder.layers.0.multihead_attn.in_proj_weight            False      (192, 64)    12,288
decoder.decoder.layers.0.multihead_attn.in_proj_bias              False         (192,)       192
decoder.decoder.layers.0.multihead_attn.out_proj.weight           False       (64, 64)     4,096
decoder.decoder.layers.0.multihead_attn.out_proj.bias             False          (64,)        64
decoder.decoder.layers.0.linear1.base.weight                      False     (2048, 64)   131,072
decoder.decoder.layers.0.linear1.base.bias                        False        (2048,)     2,048
decoder.decoder.layers.0.linear1.lora_down.weight                 True        (16, 64)     1,024
decoder.decoder.layers.0.linear1.lora_up.weight                   True      (2048, 16)    32,768
decoder.decoder.layers.0.linear2.base.weight                      False     (64, 2048)   131,072
decoder.decoder.layers.0.linear2.base.bias                        False          (64,)        64
decoder.decoder.layers.0.linear2.lora_down.weight                 True      (16, 2048)    32,768
decoder.decoder.layers.0.linear2.lora_up.weight                   True        (64, 16)     1,024
decoder.decoder.layers.0.norm1.weight                             False          (64,)        64
decoder.decoder.layers.0.norm1.bias                               False          (64,)        64
decoder.decoder.layers.0.norm2.weight                             False          (64,)        64
decoder.decoder.layers.0.norm2.bias                               False          (64,)        64
decoder.decoder.layers.0.norm3.weight                             False          (64,)        64
decoder.decoder.layers.0.norm3.bias                               False          (64,)        64
decoder.decoder.layers.1.self_attn.in_proj_weight                 False      (192, 64)    12,288
decoder.decoder.layers.1.self_attn.in_proj_bias                   False         (192,)       192
decoder.decoder.layers.1.self_attn.out_proj.weight                False       (64, 64)     4,096
decoder.decoder.layers.1.self_attn.out_proj.bias                  False          (64,)        64
decoder.decoder.layers.1.multihead_attn.in_proj_weight            False      (192, 64)    12,288
decoder.decoder.layers.1.multihead_attn.in_proj_bias              False         (192,)       192
decoder.decoder.layers.1.multihead_attn.out_proj.weight           False       (64, 64)     4,096
decoder.decoder.layers.1.multihead_attn.out_proj.bias             False          (64,)        64
decoder.decoder.layers.1.linear1.base.weight                      False     (2048, 64)   131,072
decoder.decoder.layers.1.linear1.base.bias                        False        (2048,)     2,048
decoder.decoder.layers.1.linear1.lora_down.weight                 True        (16, 64)     1,024
decoder.decoder.layers.1.linear1.lora_up.weight                   True      (2048, 16)    32,768
decoder.decoder.layers.1.linear2.base.weight                      False     (64, 2048)   131,072
decoder.decoder.layers.1.linear2.base.bias                        False          (64,)        64
decoder.decoder.layers.1.linear2.lora_down.weight                 True      (16, 2048)    32,768
decoder.decoder.layers.1.linear2.lora_up.weight                   True        (64, 16)     1,024
decoder.decoder.layers.1.norm1.weight                             False          (64,)        64
decoder.decoder.layers.1.norm1.bias                               False          (64,)        64
decoder.decoder.layers.1.norm2.weight                             False          (64,)        64
decoder.decoder.layers.1.norm2.bias                               False          (64,)        64
decoder.decoder.layers.1.norm3.weight                             False          (64,)        64
decoder.decoder.layers.1.norm3.bias                               False          (64,)        64
decoder.decoder.norm.weight                                       False          (64,)        64
decoder.decoder.norm.bias                                         False          (64,)        64
**********
total=2,437,120, trainable=790,528, frozen=1,646,592
I 07.08/14:16:08 train_decoder_lora.py:873 ] => Dataset sizes: train=100000 val=0 external_val=30000 external_test=0 all=100000
I 07.08/14:16:08 train_decoder_lora.py:880 ] => DataLoader: batch_size=1024 workers=0 pin_memory=True
I 07.08/14:16:08 train_decoder_lora.py:885 ] => Optimizer: AdamW lr=0.0005 weight_decay=0.0001
I 07.08/14:16:08 train_decoder_lora.py:889 ] => Scheduler: cosine eta_min=0.0002 steps_per_epoch=98 total_steps=39200
I 07.08/14:16:08 train_decoder_lora.py:895 ] => Objective: rec + code*0.0 + delta*0.0 + recT*0.0 + fc*0.0
I 07.08/14:16:08 train_decoder_lora.py:902 ] => Select best checkpoint by external validation CSI
I 07.08/14:16:08 train_decoder_lora.py:906 ] => Periodic true NMSE eval: every=20 max_samples=full
I 07.08/14:16:34 train_decoder_lora.py:1020] Epoch [1/400] lr=1.250000e-05 train_opt_loss=9.051091e-05 val_external_select_loss=6.537303e-05 val_external_rec=6.537303e-05 val_external_code=1.006860e-01 val_external_delta=0.000000e+00 val_external_recT=0.000000e+00 val_external_fc=0.000000e+00
I 07.08/14:17:00 train_decoder_lora.py:1020] Epoch [2/400] lr=2.500000e-05 train_opt_loss=4.063848e-05 val_external_select_loss=2.892029e-05 val_external_rec=2.892029e-05 val_external_code=1.006860e-01 val_external_delta=0.000000e+00 val_external_recT=0.000000e+00 val_external_fc=0.000000e+00
I 07.08/14:17:20 train_decoder_lora.py:1020] Epoch [3/400] lr=3.750000e-05 train_opt_loss=2.410121e-05 val_external_select_loss=2.234620e-05 val_external_rec=2.234620e-05 val_external_code=1.006860e-01 val_external_delta=0.000000e+00 val_external_recT=0.000000e+00 val_external_fc=0.000000e+00
I 07.08/14:17:39 train_decoder_lora.py:1020] Epoch [4/400] lr=5.000000e-05 train_opt_loss=1.978063e-05 val_external_select_loss=1.950809e-05 val_external_rec=1.950809e-05 val_external_code=1.006860e-01 val_external_delta=0.000000e+00 val_external_recT=0.000000e+00 val_external_fc=0.000000e+00
I 07.08/14:17:59 train_decoder_lora.py:1020] Epoch [5/400] lr=6.250000e-05 train_opt_loss=1.757053e-05 val_external_select_loss=1.784343e-05 val_external_rec=1.784343e-05 val_external_code=1.006860e-01 val_external_delta=0.000000e+00 val_external_recT=0.000000e+00 val_external_fc=0.000000e+00
I 07.08/14:18:12 train_decoder_lora.py:1020] Epoch [6/400] lr=7.500000e-05 train_opt_loss=1.606212e-05 val_external_select_loss=1.642493e-05 val_external_rec=1.642493e-05 val_external_code=1.006860e-01 val_external_delta=0.000000e+00 val_external_recT=0.000000e+00 val_external_fc=0.000000e+00
I 07.08/14:18:23 train_decoder_lora.py:1020] Epoch [7/400] lr=8.750000e-05 train_opt_loss=1.477340e-05 val_external_select_loss=1.495073e-05 val_external_rec=1.495073e-05 val_external_code=1.006860e-01 val_external_delta=0.000000e+00 val_external_recT=0.000000e+00 val_external_fc=0.000000e+00
I 07.08/14:18:34 train_decoder_lora.py:1020] Epoch [8/400] lr=1.000000e-04 train_opt_loss=1.360643e-05 val_external_select_loss=1.400057e-05 val_external_rec=1.400057e-05 val_external_code=1.006860e-01 val_external_delta=0.000000e+00 val_external_recT=0.000000e+00 val_external_fc=0.000000e+00
I 07.08/14:18:45 train_decoder_lora.py:1020] Epoch [9/400] lr=1.125000e-04 train_opt_loss=1.240052e-05 val_external_select_loss=1.258045e-05 val_external_rec=1.258045e-05 val_external_code=1.006860e-01 val_external_delta=0.000000e+00 val_external_recT=0.000000e+00 val_external_fc=0.000000e+00
I 07.08/14:18:55 train_decoder_lora.py:1020] Epoch [10/400] lr=1.250000e-04 train_opt_loss=1.118212e-05 val_external_select_loss=1.228515e-05 val_external_rec=1.228515e-05 val_external_code=1.006860e-01 val_external_delta=0.000000e+00 val_external_recT=0.000000e+00 val_external_fc=0.000000e+00
I 07.08/14:19:02 train_decoder_lora.py:1020] Epoch [11/400] lr=1.375000e-04 train_opt_loss=1.062523e-05 val_external_select_loss=1.138327e-05 val_external_rec=1.138327e-05 val_external_code=1.006860e-01 val_external_delta=0.000000e+00 val_external_recT=0.000000e+00 val_external_fc=0.000000e+00
I 07.08/14:19:10 train_decoder_lora.py:1020] Epoch [12/400] lr=1.500000e-04 train_opt_loss=9.650104e-06 val_external_select_loss=1.066820e-05 val_external_rec=1.066820e-05 val_external_code=1.006860e-01 val_external_delta=0.000000e+00 val_external_recT=0.000000e+00 val_external_fc=0.000000e+00
I 07.08/14:19:19 train_decoder_lora.py:1020] Epoch [13/400] lr=1.625000e-04 train_opt_loss=9.102277e-06 val_external_select_loss=1.041785e-05 val_external_rec=1.041785e-05 val_external_code=1.006860e-01 val_external_delta=0.000000e+00 val_external_recT=0.000000e+00 val_external_fc=0.000000e+00
I 07.08/14:19:28 train_decoder_lora.py:1020] Epoch [14/400] lr=1.750000e-04 train_opt_loss=8.849303e-06 val_external_select_loss=9.332854e-06 val_external_rec=9.332854e-06 val_external_code=1.006860e-01 val_external_delta=0.000000e+00 val_external_recT=0.000000e+00 val_external_fc=0.000000e+00
I 07.08/14:19:38 train_decoder_lora.py:1020] Epoch [15/400] lr=1.875000e-04 train_opt_loss=8.143980e-06 val_external_select_loss=9.641757e-06 val_external_rec=9.641757e-06 val_external_code=1.006860e-01 val_external_delta=0.000000e+00 val_external_recT=0.000000e+00 val_external_fc=0.000000e+00
I 07.08/14:19:48 train_decoder_lora.py:1020] Epoch [16/400] lr=2.000000e-04 train_opt_loss=7.884888e-06 val_external_select_loss=8.925283e-06 val_external_rec=8.925283e-06 val_external_code=1.006860e-01 val_external_delta=0.000000e+00 val_external_recT=0.000000e+00 val_external_fc=0.000000e+00
I 07.08/14:19:59 train_decoder_lora.py:1020] Epoch [17/400] lr=2.125000e-04 train_opt_loss=7.535315e-06 val_external_select_loss=8.268324e-06 val_external_rec=8.268324e-06 val_external_code=1.006860e-01 val_external_delta=0.000000e+00 val_external_recT=0.000000e+00 val_external_fc=0.000000e+00
I 07.08/14:20:09 train_decoder_lora.py:1020] Epoch [18/400] lr=2.250000e-04 train_opt_loss=7.138758e-06 val_external_select_loss=8.035062e-06 val_external_rec=8.035062e-06 val_external_code=1.006860e-01 val_external_delta=0.000000e+00 val_external_recT=0.000000e+00 val_external_fc=0.000000e+00
I 07.08/14:20:21 train_decoder_lora.py:1020] Epoch [19/400] lr=2.375000e-04 train_opt_loss=7.067274e-06 val_external_select_loss=7.847973e-06 val_external_rec=7.847973e-06 val_external_code=1.006860e-01 val_external_delta=0.000000e+00 val_external_recT=0.000000e+00 val_external_fc=0.000000e+00
I 07.08/14:20:34 train_decoder_lora.py:974 ] Epoch [20/400] val_external_decoder_eval n=30000 decoder_mse=7.786563e-06 decoder_nmse=-17.637dB
I 07.08/14:20:34 train_decoder_lora.py:1020] Epoch [20/400] lr=2.500000e-04 train_opt_loss=6.868710e-06 val_external_select_loss=7.786563e-06 val_external_rec=7.786563e-06 val_external_code=1.006860e-01 val_external_delta=0.000000e+00 val_external_recT=0.000000e+00 val_external_fc=0.000000e+00
I 07.08/14:20:46 train_decoder_lora.py:1020] Epoch [21/400] lr=2.625000e-04 train_opt_loss=6.441478e-06 val_external_select_loss=7.859564e-06 val_external_rec=7.859564e-06 val_external_code=1.006860e-01 val_external_delta=0.000000e+00 val_external_recT=0.000000e+00 val_external_fc=0.000000e+00
I 07.08/14:20:57 train_decoder_lora.py:1020] Epoch [22/400] lr=2.750000e-04 train_opt_loss=6.289222e-06 val_external_select_loss=7.585340e-06 val_external_rec=7.585340e-06 val_external_code=1.006860e-01 val_external_delta=0.000000e+00 val_external_recT=0.000000e+00 val_external_fc=0.000000e+00
I 07.08/14:21:08 train_decoder_lora.py:1020] Epoch [23/400] lr=2.875000e-04 train_opt_loss=6.385631e-06 val_external_select_loss=7.228223e-06 val_external_rec=7.228223e-06 val_external_code=1.006860e-01 val_external_delta=0.000000e+00 val_external_recT=0.000000e+00 val_external_fc=0.000000e+00
I 07.08/14:21:20 train_decoder_lora.py:1020] Epoch [24/400] lr=3.000000e-04 train_opt_loss=6.054692e-06 val_external_select_loss=7.047987e-06 val_external_rec=7.047987e-06 val_external_code=1.006860e-01 val_external_delta=0.000000e+00 val_external_recT=0.000000e+00 val_external_fc=0.000000e+00
I 07.08/14:21:31 train_decoder_lora.py:1020] Epoch [25/400] lr=3.125000e-04 train_opt_loss=6.275620e-06 val_external_select_loss=7.521499e-06 val_external_rec=7.521499e-06 val_external_code=1.006860e-01 val_external_delta=0.000000e+00 val_external_recT=0.000000e+00 val_external_fc=0.000000e+00
I 07.08/14:21:43 train_decoder_lora.py:1020] Epoch [26/400] lr=3.250000e-04 train_opt_loss=5.924751e-06 val_external_select_loss=6.631496e-06 val_external_rec=6.631496e-06 val_external_code=1.006860e-01 val_external_delta=0.000000e+00 val_external_recT=0.000000e+00 val_external_fc=0.000000e+00
I 07.08/14:21:54 train_decoder_lora.py:1020] Epoch [27/400] lr=3.375000e-04 train_opt_loss=5.679441e-06 val_external_select_loss=6.823753e-06 val_external_rec=6.823753e-06 val_external_code=1.006860e-01 val_external_delta=0.000000e+00 val_external_recT=0.000000e+00 val_external_fc=0.000000e+00
I 07.08/14:22:06 train_decoder_lora.py:1020] Epoch [28/400] lr=3.500000e-04 train_opt_loss=5.783757e-06 val_external_select_loss=6.872345e-06 val_external_rec=6.872345e-06 val_external_code=1.006860e-01 val_external_delta=0.000000e+00 val_external_recT=0.000000e+00 val_external_fc=0.000000e+00
I 07.08/14:22:18 train_decoder_lora.py:1020] Epoch [29/400] lr=3.625000e-04 train_opt_loss=5.371158e-06 val_external_select_loss=6.495626e-06 val_external_rec=6.495626e-06 val_external_code=1.006860e-01 val_external_delta=0.000000e+00 val_external_recT=0.000000e+00 val_external_fc=0.000000e+00
I 07.08/14:22:29 train_decoder_lora.py:1020] Epoch [30/400] lr=3.750000e-04 train_opt_loss=5.397123e-06 val_external_select_loss=6.316316e-06 val_external_rec=6.316316e-06 val_external_code=1.006860e-01 val_external_delta=0.000000e+00 val_external_recT=0.000000e+00 val_external_fc=0.000000e+00
I 07.08/14:22:40 train_decoder_lora.py:1020] Epoch [31/400] lr=3.875000e-04 train_opt_loss=5.349592e-06 val_external_select_loss=6.188793e-06 val_external_rec=6.188793e-06 val_external_code=1.006860e-01 val_external_delta=0.000000e+00 val_external_recT=0.000000e+00 val_external_fc=0.000000e+00
I 07.08/14:22:51 train_decoder_lora.py:1020] Epoch [32/400] lr=4.000000e-04 train_opt_loss=5.174991e-06 val_external_select_loss=6.094738e-06 val_external_rec=6.094738e-06 val_external_code=1.006860e-01 val_external_delta=0.000000e+00 val_external_recT=0.000000e+00 val_external_fc=0.000000e+00
I 07.08/14:23:03 train_decoder_lora.py:1020] Epoch [33/400] lr=4.125000e-04 train_opt_loss=5.287994e-06 val_external_select_loss=6.340401e-06 val_external_rec=6.340401e-06 val_external_code=1.006860e-01 val_external_delta=0.000000e+00 val_external_recT=0.000000e+00 val_external_fc=0.000000e+00
I 07.08/14:23:14 train_decoder_lora.py:1020] Epoch [34/400] lr=4.250000e-04 train_opt_loss=5.134716e-06 val_external_select_loss=6.177575e-06 val_external_rec=6.177575e-06 val_external_code=1.006860e-01 val_external_delta=0.000000e+00 val_external_recT=0.000000e+00 val_external_fc=0.000000e+00
I 07.08/14:23:25 train_decoder_lora.py:1020] Epoch [35/400] lr=4.375000e-04 train_opt_loss=4.852029e-06 val_external_select_loss=5.874401e-06 val_external_rec=5.874401e-06 val_external_code=1.006860e-01 val_external_delta=0.000000e+00 val_external_recT=0.000000e+00 val_external_fc=0.000000e+00
I 07.08/14:23:37 train_decoder_lora.py:1020] Epoch [36/400] lr=4.500000e-04 train_opt_loss=5.103409e-06 val_external_select_loss=5.886812e-06 val_external_rec=5.886812e-06 val_external_code=1.006860e-01 val_external_delta=0.000000e+00 val_external_recT=0.000000e+00 val_external_fc=0.000000e+00
I 07.08/14:23:48 train_decoder_lora.py:1020] Epoch [37/400] lr=4.625000e-04 train_opt_loss=4.832278e-06 val_external_select_loss=5.916422e-06 val_external_rec=5.916422e-06 val_external_code=1.006860e-01 val_external_delta=0.000000e+00 val_external_recT=0.000000e+00 val_external_fc=0.000000e+00
I 07.08/14:23:59 train_decoder_lora.py:1020] Epoch [38/400] lr=4.750000e-04 train_opt_loss=4.733278e-06 val_external_select_loss=5.811260e-06 val_external_rec=5.811260e-06 val_external_code=1.006860e-01 val_external_delta=0.000000e+00 val_external_recT=0.000000e+00 val_external_fc=0.000000e+00
I 07.08/14:24:11 train_decoder_lora.py:1020] Epoch [39/400] lr=4.875000e-04 train_opt_loss=4.744690e-06 val_external_select_loss=5.831126e-06 val_external_rec=5.831126e-06 val_external_code=1.006860e-01 val_external_delta=0.000000e+00 val_external_recT=0.000000e+00 val_external_fc=0.000000e+00
I 07.08/14:24:25 train_decoder_lora.py:974 ] Epoch [40/400] val_external_decoder_eval n=30000 decoder_mse=5.849814e-06 decoder_nmse=-18.879dB
I 07.08/14:24:25 train_decoder_lora.py:1020] Epoch [40/400] lr=5.000000e-04 train_opt_loss=4.613201e-06 val_external_select_loss=5.849814e-06 val_external_rec=5.849814e-06 val_external_code=1.006860e-01 val_external_delta=0.000000e+00 val_external_recT=0.000000e+00 val_external_fc=0.000000e+00
I 07.08/14:24:36 train_decoder_lora.py:1020] Epoch [41/400] lr=4.999943e-04 train_opt_loss=4.631443e-06 val_external_select_loss=6.087605e-06 val_external_rec=6.087605e-06 val_external_code=1.006860e-01 val_external_delta=0.000000e+00 val_external_recT=0.000000e+00 val_external_fc=0.000000e+00
I 07.08/14:24:47 train_decoder_lora.py:1020] Epoch [42/400] lr=4.999772e-04 train_opt_loss=4.430750e-06 val_external_select_loss=5.448050e-06 val_external_rec=5.448050e-06 val_external_code=1.006860e-01 val_external_delta=0.000000e+00 val_external_recT=0.000000e+00 val_external_fc=0.000000e+00
I 07.08/14:24:59 train_decoder_lora.py:1020] Epoch [43/400] lr=4.999486e-04 train_opt_loss=4.384711e-06 val_external_select_loss=5.670669e-06 val_external_rec=5.670669e-06 val_external_code=1.006860e-01 val_external_delta=0.000000e+00 val_external_recT=0.000000e+00 val_external_fc=0.000000e+00
I 07.08/14:25:10 train_decoder_lora.py:1020] Epoch [44/400] lr=4.999086e-04 train_opt_loss=4.372413e-06 val_external_select_loss=5.388606e-06 val_external_rec=5.388606e-06 val_external_code=1.006860e-01 val_external_delta=0.000000e+00 val_external_recT=0.000000e+00 val_external_fc=0.000000e+00
I 07.08/14:25:21 train_decoder_lora.py:1020] Epoch [45/400] lr=4.998572e-04 train_opt_loss=4.291300e-06 val_external_select_loss=5.458715e-06 val_external_rec=5.458715e-06 val_external_code=1.006860e-01 val_external_delta=0.000000e+00 val_external_recT=0.000000e+00 val_external_fc=0.000000e+00
I 07.08/14:25:33 train_decoder_lora.py:1020] Epoch [46/400] lr=4.997944e-04 train_opt_loss=4.093904e-06 val_external_select_loss=5.190509e-06 val_external_rec=5.190509e-06 val_external_code=1.006860e-01 val_external_delta=0.000000e+00 val_external_recT=0.000000e+00 val_external_fc=0.000000e+00
I 07.08/14:25:44 train_decoder_lora.py:1020] Epoch [47/400] lr=4.997202e-04 train_opt_loss=4.105480e-06 val_external_select_loss=5.203611e-06 val_external_rec=5.203611e-06 val_external_code=1.006860e-01 val_external_delta=0.000000e+00 val_external_recT=0.000000e+00 val_external_fc=0.000000e+00
I 07.08/14:25:56 train_decoder_lora.py:1020] Epoch [48/400] lr=4.996346e-04 train_opt_loss=4.048175e-06 val_external_select_loss=5.227979e-06 val_external_rec=5.227979e-06 val_external_code=1.006860e-01 val_external_delta=0.000000e+00 val_external_recT=0.000000e+00 val_external_fc=0.000000e+00
I 07.08/14:26:07 train_decoder_lora.py:1020] Epoch [49/400] lr=4.995376e-04 train_opt_loss=3.997407e-06 val_external_select_loss=5.015055e-06 val_external_rec=5.015055e-06 val_external_code=1.006860e-01 val_external_delta=0.000000e+00 val_external_recT=0.000000e+00 val_external_fc=0.000000e+00
I 07.08/14:26:18 train_decoder_lora.py:1020] Epoch [50/400] lr=4.994292e-04 train_opt_loss=3.938343e-06 val_external_select_loss=5.134462e-06 val_external_rec=5.134462e-06 val_external_code=1.006860e-01 val_external_delta=0.000000e+00 val_external_recT=0.000000e+00 val_external_fc=0.000000e+00
I 07.08/14:26:29 train_decoder_lora.py:1020] Epoch [51/400] lr=4.993094e-04 train_opt_loss=3.981280e-06 val_external_select_loss=5.034682e-06 val_external_rec=5.034682e-06 val_external_code=1.006860e-01 val_external_delta=0.000000e+00 val_external_recT=0.000000e+00 val_external_fc=0.000000e+00
I 07.08/14:26:41 train_decoder_lora.py:1020] Epoch [52/400] lr=4.991783e-04 train_opt_loss=3.864214e-06 val_external_select_loss=4.952903e-06 val_external_rec=4.952903e-06 val_external_code=1.006860e-01 val_external_delta=0.000000e+00 val_external_recT=0.000000e+00 val_external_fc=0.000000e+00
I 07.08/14:26:53 train_decoder_lora.py:1020] Epoch [53/400] lr=4.990358e-04 train_opt_loss=3.810241e-06 val_external_select_loss=4.999185e-06 val_external_rec=4.999185e-06 val_external_code=1.006860e-01 val_external_delta=0.000000e+00 val_external_recT=0.000000e+00 val_external_fc=0.000000e+00
I 07.08/14:27:04 train_decoder_lora.py:1020] Epoch [54/400] lr=4.988819e-04 train_opt_loss=3.795315e-06 val_external_select_loss=4.940818e-06 val_external_rec=4.940818e-06 val_external_code=1.006860e-01 val_external_delta=0.000000e+00 val_external_recT=0.000000e+00 val_external_fc=0.000000e+00
I 07.08/14:27:16 train_decoder_lora.py:1020] Epoch [55/400] lr=4.987167e-04 train_opt_loss=3.740225e-06 val_external_select_loss=4.820321e-06 val_external_rec=4.820321e-06 val_external_code=1.006860e-01 val_external_delta=0.000000e+00 val_external_recT=0.000000e+00 val_external_fc=0.000000e+00
I 07.08/14:27:28 train_decoder_lora.py:1020] Epoch [56/400] lr=4.985402e-04 train_opt_loss=3.742111e-06 val_external_select_loss=4.876281e-06 val_external_rec=4.876281e-06 val_external_code=1.006860e-01 val_external_delta=0.000000e+00 val_external_recT=0.000000e+00 val_external_fc=0.000000e+00
I 07.08/14:27:39 train_decoder_lora.py:1020] Epoch [57/400] lr=4.983524e-04 train_opt_loss=3.684337e-06 val_external_select_loss=4.904698e-06 val_external_rec=4.904698e-06 val_external_code=1.006860e-01 val_external_delta=0.000000e+00 val_external_recT=0.000000e+00 val_external_fc=0.000000e+00
I 07.08/14:27:51 train_decoder_lora.py:1020] Epoch [58/400] lr=4.981533e-04 train_opt_loss=3.622042e-06 val_external_select_loss=4.987586e-06 val_external_rec=4.987586e-06 val_external_code=1.006860e-01 val_external_delta=0.000000e+00 val_external_recT=0.000000e+00 val_external_fc=0.000000e+00
I 07.08/14:28:02 train_decoder_lora.py:1020] Epoch [59/400] lr=4.979428e-04 train_opt_loss=3.672840e-06 val_external_select_loss=4.847750e-06 val_external_rec=4.847750e-06 val_external_code=1.006860e-01 val_external_delta=0.000000e+00 val_external_recT=0.000000e+00 val_external_fc=0.000000e+00
I 07.08/14:28:16 train_decoder_lora.py:974 ] Epoch [60/400] val_external_decoder_eval n=30000 decoder_mse=4.694913e-06 decoder_nmse=-19.834dB
I 07.08/14:28:16 train_decoder_lora.py:1020] Epoch [60/400] lr=4.977212e-04 train_opt_loss=3.622566e-06 val_external_select_loss=4.694913e-06 val_external_rec=4.694913e-06 val_external_code=1.006860e-01 val_external_delta=0.000000e+00 val_external_recT=0.000000e+00 val_external_fc=0.000000e+00
I 07.08/14:28:28 train_decoder_lora.py:1020] Epoch [61/400] lr=4.974882e-04 train_opt_loss=3.538488e-06 val_external_select_loss=4.641136e-06 val_external_rec=4.641136e-06 val_external_code=1.006860e-01 val_external_delta=0.000000e+00 val_external_recT=0.000000e+00 val_external_fc=0.000000e+00
I 07.08/14:28:39 train_decoder_lora.py:1020] Epoch [62/400] lr=4.972441e-04 train_opt_loss=3.549188e-06 val_external_select_loss=5.063331e-06 val_external_rec=5.063331e-06 val_external_code=1.006860e-01 val_external_delta=0.000000e+00 val_external_recT=0.000000e+00 val_external_fc=0.000000e+00
I 07.08/14:28:51 train_decoder_lora.py:1020] Epoch [63/400] lr=4.969887e-04 train_opt_loss=3.485379e-06 val_external_select_loss=4.762210e-06 val_external_rec=4.762210e-06 val_external_code=1.006860e-01 val_external_delta=0.000000e+00 val_external_recT=0.000000e+00 val_external_fc=0.000000e+00
I 07.08/14:29:03 train_decoder_lora.py:1020] Epoch [64/400] lr=4.967221e-04 train_opt_loss=3.456559e-06 val_external_select_loss=4.565925e-06 val_external_rec=4.565925e-06 val_external_code=1.006860e-01 val_external_delta=0.000000e+00 val_external_recT=0.000000e+00 val_external_fc=0.000000e+00
I 07.08/14:29:14 train_decoder_lora.py:1020] Epoch [65/400] lr=4.964444e-04 train_opt_loss=3.469198e-06 val_external_select_loss=4.777823e-06 val_external_rec=4.777823e-06 val_external_code=1.006860e-01 val_external_delta=0.000000e+00 val_external_recT=0.000000e+00 val_external_fc=0.000000e+00
I 07.08/14:29:25 train_decoder_lora.py:1020] Epoch [66/400] lr=4.961555e-04 train_opt_loss=3.553894e-06 val_external_select_loss=4.657556e-06 val_external_rec=4.657556e-06 val_external_code=1.006860e-01 val_external_delta=0.000000e+00 val_external_recT=0.000000e+00 val_external_fc=0.000000e+00
I 07.08/14:29:36 train_decoder_lora.py:1020] Epoch [67/400] lr=4.958555e-04 train_opt_loss=3.374040e-06 val_external_select_loss=4.414047e-06 val_external_rec=4.414047e-06 val_external_code=1.006860e-01 val_external_delta=0.000000e+00 val_external_recT=0.000000e+00 val_external_fc=0.000000e+00
I 07.08/14:29:48 train_decoder_lora.py:1020] Epoch [68/400] lr=4.955444e-04 train_opt_loss=3.320437e-06 val_external_select_loss=4.581042e-06 val_external_rec=4.581042e-06 val_external_code=1.006860e-01 val_external_delta=0.000000e+00 val_external_recT=0.000000e+00 val_external_fc=0.000000e+00
I 07.08/14:29:59 train_decoder_lora.py:1020] Epoch [69/400] lr=4.952221e-04 train_opt_loss=3.303009e-06 val_external_select_loss=4.419708e-06 val_external_rec=4.419708e-06 val_external_code=1.006860e-01 val_external_delta=0.000000e+00 val_external_recT=0.000000e+00 val_external_fc=0.000000e+00
I 07.08/14:30:10 train_decoder_lora.py:1020] Epoch [70/400] lr=4.948889e-04 train_opt_loss=3.414852e-06 val_external_select_loss=4.600487e-06 val_external_rec=4.600487e-06 val_external_code=1.006860e-01 val_external_delta=0.000000e+00 val_external_recT=0.000000e+00 val_external_fc=0.000000e+00
I 07.08/14:30:22 train_decoder_lora.py:1020] Epoch [71/400] lr=4.945446e-04 train_opt_loss=3.295586e-06 val_external_select_loss=4.542972e-06 val_external_rec=4.542972e-06 val_external_code=1.006860e-01 val_external_delta=0.000000e+00 val_external_recT=0.000000e+00 val_external_fc=0.000000e+00
I 07.08/14:30:33 train_decoder_lora.py:1020] Epoch [72/400] lr=4.941893e-04 train_opt_loss=3.250733e-06 val_external_select_loss=4.517078e-06 val_external_rec=4.517078e-06 val_external_code=1.006860e-01 val_external_delta=0.000000e+00 val_external_recT=0.000000e+00 val_external_fc=0.000000e+00
I 07.08/14:30:45 train_decoder_lora.py:1020] Epoch [73/400] lr=4.938230e-04 train_opt_loss=3.247838e-06 val_external_select_loss=4.428337e-06 val_external_rec=4.428337e-06 val_external_code=1.006860e-01 val_external_delta=0.000000e+00 val_external_recT=0.000000e+00 val_external_fc=0.000000e+00
I 07.08/14:30:56 train_decoder_lora.py:1020] Epoch [74/400] lr=4.934457e-04 train_opt_loss=3.266575e-06 val_external_select_loss=4.429402e-06 val_external_rec=4.429402e-06 val_external_code=1.006860e-01 val_external_delta=0.000000e+00 val_external_recT=0.000000e+00 val_external_fc=0.000000e+00
I 07.08/14:31:08 train_decoder_lora.py:1020] Epoch [75/400] lr=4.930575e-04 train_opt_loss=3.225910e-06 val_external_select_loss=4.336539e-06 val_external_rec=4.336539e-06 val_external_code=1.006860e-01 val_external_delta=0.000000e+00 val_external_recT=0.000000e+00 val_external_fc=0.000000e+00
I 07.08/14:31:19 train_decoder_lora.py:1020] Epoch [76/400] lr=4.926585e-04 train_opt_loss=3.193107e-06 val_external_select_loss=4.520749e-06 val_external_rec=4.520749e-06 val_external_code=1.006860e-01 val_external_delta=0.000000e+00 val_external_recT=0.000000e+00 val_external_fc=0.000000e+00
I 07.08/14:31:31 train_decoder_lora.py:1020] Epoch [77/400] lr=4.922485e-04 train_opt_loss=3.151090e-06 val_external_select_loss=4.387367e-06 val_external_rec=4.387367e-06 val_external_code=1.006860e-01 val_external_delta=0.000000e+00 val_external_recT=0.000000e+00 val_external_fc=0.000000e+00
I 07.08/14:31:42 train_decoder_lora.py:1020] Epoch [78/400] lr=4.918278e-04 train_opt_loss=3.194295e-06 val_external_select_loss=4.409861e-06 val_external_rec=4.409861e-06 val_external_code=1.006860e-01 val_external_delta=0.000000e+00 val_external_recT=0.000000e+00 val_external_fc=0.000000e+00
I 07.08/14:31:54 train_decoder_lora.py:1020] Epoch [79/400] lr=4.913962e-04 train_opt_loss=3.163504e-06 val_external_select_loss=4.374844e-06 val_external_rec=4.374844e-06 val_external_code=1.006860e-01 val_external_delta=0.000000e+00 val_external_recT=0.000000e+00 val_external_fc=0.000000e+00
I 07.08/14:32:08 train_decoder_lora.py:974 ] Epoch [80/400] val_external_decoder_eval n=30000 decoder_mse=4.279901e-06 decoder_nmse=-20.236dB
I 07.08/14:32:08 train_decoder_lora.py:1020] Epoch [80/400] lr=4.909539e-04 train_opt_loss=3.177668e-06 val_external_select_loss=4.279901e-06 val_external_rec=4.279901e-06 val_external_code=1.006860e-01 val_external_delta=0.000000e+00 val_external_recT=0.000000e+00 val_external_fc=0.000000e+00
I 07.08/14:32:19 train_decoder_lora.py:1020] Epoch [81/400] lr=4.905008e-04 train_opt_loss=3.067965e-06 val_external_select_loss=4.232772e-06 val_external_rec=4.232772e-06 val_external_code=1.006860e-01 val_external_delta=0.000000e+00 val_external_recT=0.000000e+00 val_external_fc=0.000000e+00
I 07.08/14:32:30 train_decoder_lora.py:1020] Epoch [82/400] lr=4.900371e-04 train_opt_loss=3.074884e-06 val_external_select_loss=4.332914e-06 val_external_rec=4.332914e-06 val_external_code=1.006860e-01 val_external_delta=0.000000e+00 val_external_recT=0.000000e+00 val_external_fc=0.000000e+00
I 07.08/14:32:42 train_decoder_lora.py:1020] Epoch [83/400] lr=4.895626e-04 train_opt_loss=3.078581e-06 val_external_select_loss=4.348461e-06 val_external_rec=4.348461e-06 val_external_code=1.006860e-01 val_external_delta=0.000000e+00 val_external_recT=0.000000e+00 val_external_fc=0.000000e+00
I 07.08/14:32:53 train_decoder_lora.py:1020] Epoch [84/400] lr=4.890776e-04 train_opt_loss=3.083466e-06 val_external_select_loss=4.150607e-06 val_external_rec=4.150607e-06 val_external_code=1.006860e-01 val_external_delta=0.000000e+00 val_external_recT=0.000000e+00 val_external_fc=0.000000e+00
I 07.08/14:33:05 train_decoder_lora.py:1020] Epoch [85/400] lr=4.885819e-04 train_opt_loss=2.955355e-06 val_external_select_loss=4.340386e-06 val_external_rec=4.340386e-06 val_external_code=1.006860e-01 val_external_delta=0.000000e+00 val_external_recT=0.000000e+00 val_external_fc=0.000000e+00
I 07.08/14:33:17 train_decoder_lora.py:1020] Epoch [86/400] lr=4.880757e-04 train_opt_loss=3.133130e-06 val_external_select_loss=4.328650e-06 val_external_rec=4.328650e-06 val_external_code=1.006860e-01 val_external_delta=0.000000e+00 val_external_recT=0.000000e+00 val_external_fc=0.000000e+00
I 07.08/14:33:28 train_decoder_lora.py:1020] Epoch [87/400] lr=4.875590e-04 train_opt_loss=2.972720e-06 val_external_select_loss=4.169306e-06 val_external_rec=4.169306e-06 val_external_code=1.006860e-01 val_external_delta=0.000000e+00 val_external_recT=0.000000e+00 val_external_fc=0.000000e+00
I 07.08/14:33:40 train_decoder_lora.py:1020] Epoch [88/400] lr=4.870318e-04 train_opt_loss=2.924972e-06 val_external_select_loss=4.120695e-06 val_external_rec=4.120695e-06 val_external_code=1.006860e-01 val_external_delta=0.000000e+00 val_external_recT=0.000000e+00 val_external_fc=0.000000e+00
I 07.08/14:33:51 train_decoder_lora.py:1020] Epoch [89/400] lr=4.864942e-04 train_opt_loss=2.904433e-06 val_external_select_loss=4.155153e-06 val_external_rec=4.155153e-06 val_external_code=1.006860e-01 val_external_delta=0.000000e+00 val_external_recT=0.000000e+00 val_external_fc=0.000000e+00
I 07.08/14:34:03 train_decoder_lora.py:1020] Epoch [90/400] lr=4.859462e-04 train_opt_loss=2.950698e-06 val_external_select_loss=4.269636e-06 val_external_rec=4.269636e-06 val_external_code=1.006860e-01 val_external_delta=0.000000e+00 val_external_recT=0.000000e+00 val_external_fc=0.000000e+00
I 07.08/14:34:15 train_decoder_lora.py:1020] Epoch [91/400] lr=4.853878e-04 train_opt_loss=2.990635e-06 val_external_select_loss=4.155507e-06 val_external_rec=4.155507e-06 val_external_code=1.006860e-01 val_external_delta=0.000000e+00 val_external_recT=0.000000e+00 val_external_fc=0.000000e+00
I 07.08/14:34:26 train_decoder_lora.py:1020] Epoch [92/400] lr=4.848191e-04 train_opt_loss=2.875922e-06 val_external_select_loss=4.164084e-06 val_external_rec=4.164084e-06 val_external_code=1.006860e-01 val_external_delta=0.000000e+00 val_external_recT=0.000000e+00 val_external_fc=0.000000e+00
I 07.08/14:34:38 train_decoder_lora.py:1020] Epoch [93/400] lr=4.842402e-04 train_opt_loss=2.954766e-06 val_external_select_loss=4.159521e-06 val_external_rec=4.159521e-06 val_external_code=1.006860e-01 val_external_delta=0.000000e+00 val_external_recT=0.000000e+00 val_external_fc=0.000000e+00
I 07.08/14:34:50 train_decoder_lora.py:1020] Epoch [94/400] lr=4.836510e-04 train_opt_loss=2.823044e-06 val_external_select_loss=4.079067e-06 val_external_rec=4.079067e-06 val_external_code=1.006860e-01 val_external_delta=0.000000e+00 val_external_recT=0.000000e+00 val_external_fc=0.000000e+00
I 07.08/14:35:02 train_decoder_lora.py:1020] Epoch [95/400] lr=4.830516e-04 train_opt_loss=2.849269e-06 val_external_select_loss=4.076927e-06 val_external_rec=4.076927e-06 val_external_code=1.006860e-01 val_external_delta=0.000000e+00 val_external_recT=0.000000e+00 val_external_fc=0.000000e+00
I 07.08/14:35:11 train_decoder_lora.py:1020] Epoch [96/400] lr=4.824421e-04 train_opt_loss=2.835425e-06 val_external_select_loss=4.276517e-06 val_external_rec=4.276517e-06 val_external_code=1.006860e-01 val_external_delta=0.000000e+00 val_external_recT=0.000000e+00 val_external_fc=0.000000e+00
I 07.08/14:35:19 train_decoder_lora.py:1020] Epoch [97/400] lr=4.818226e-04 train_opt_loss=2.833144e-06 val_external_select_loss=4.083257e-06 val_external_rec=4.083257e-06 val_external_code=1.006860e-01 val_external_delta=0.000000e+00 val_external_recT=0.000000e+00 val_external_fc=0.000000e+00
I 07.08/14:35:28 train_decoder_lora.py:1020] Epoch [98/400] lr=4.811930e-04 train_opt_loss=2.789657e-06 val_external_select_loss=3.973987e-06 val_external_rec=3.973987e-06 val_external_code=1.006860e-01 val_external_delta=0.000000e+00 val_external_recT=0.000000e+00 val_external_fc=0.000000e+00
I 07.08/14:35:36 train_decoder_lora.py:1020] Epoch [99/400] lr=4.805534e-04 train_opt_loss=2.802006e-06 val_external_select_loss=4.052735e-06 val_external_rec=4.052735e-06 val_external_code=1.006860e-01 val_external_delta=0.000000e+00 val_external_recT=0.000000e+00 val_external_fc=0.000000e+00
I 07.08/14:35:50 train_decoder_lora.py:974 ] Epoch [100/400] val_external_decoder_eval n=30000 decoder_mse=3.979574e-06 decoder_nmse=-20.552dB
I 07.08/14:35:50 train_decoder_lora.py:1020] Epoch [100/400] lr=4.799038e-04 train_opt_loss=2.950055e-06 val_external_select_loss=3.979574e-06 val_external_rec=3.979574e-06 val_external_code=1.006860e-01 val_external_delta=0.000000e+00 val_external_recT=0.000000e+00 val_external_fc=0.000000e+00
I 07.08/14:36:04 train_decoder_lora.py:1020] Epoch [101/400] lr=4.792444e-04 train_opt_loss=2.773926e-06 val_external_select_loss=4.016527e-06 val_external_rec=4.016527e-06 val_external_code=1.006860e-01 val_external_delta=0.000000e+00 val_external_recT=0.000000e+00 val_external_fc=0.000000e+00
I 07.08/14:36:17 train_decoder_lora.py:1020] Epoch [102/400] lr=4.785751e-04 train_opt_loss=2.755757e-06 val_external_select_loss=3.976500e-06 val_external_rec=3.976500e-06 val_external_code=1.006860e-01 val_external_delta=0.000000e+00 val_external_recT=0.000000e+00 val_external_fc=0.000000e+00
I 07.08/14:36:29 train_decoder_lora.py:1020] Epoch [103/400] lr=4.778960e-04 train_opt_loss=2.718849e-06 val_external_select_loss=3.955291e-06 val_external_rec=3.955291e-06 val_external_code=1.006860e-01 val_external_delta=0.000000e+00 val_external_recT=0.000000e+00 val_external_fc=0.000000e+00
I 07.08/14:36:43 train_decoder_lora.py:1020] Epoch [104/400] lr=4.772072e-04 train_opt_loss=2.745605e-06 val_external_select_loss=3.998909e-06 val_external_rec=3.998909e-06 val_external_code=1.006860e-01 val_external_delta=0.000000e+00 val_external_recT=0.000000e+00 val_external_fc=0.000000e+00
I 07.08/14:36:56 train_decoder_lora.py:1020] Epoch [105/400] lr=4.765087e-04 train_opt_loss=2.747608e-06 val_external_select_loss=3.944749e-06 val_external_rec=3.944749e-06 val_external_code=1.006860e-01 val_external_delta=0.000000e+00 val_external_recT=0.000000e+00 val_external_fc=0.000000e+00
I 07.08/14:37:09 train_decoder_lora.py:1020] Epoch [106/400] lr=4.758006e-04 train_opt_loss=2.658117e-06 val_external_select_loss=3.977381e-06 val_external_rec=3.977381e-06 val_external_code=1.006860e-01 val_external_delta=0.000000e+00 val_external_recT=0.000000e+00 val_external_fc=0.000000e+00
I 07.08/14:37:21 train_decoder_lora.py:1020] Epoch [107/400] lr=4.750829e-04 train_opt_loss=2.776566e-06 val_external_select_loss=3.904355e-06 val_external_rec=3.904355e-06 val_external_code=1.006860e-01 val_external_delta=0.000000e+00 val_external_recT=0.000000e+00 val_external_fc=0.000000e+00
I 07.08/14:37:35 train_decoder_lora.py:1020] Epoch [108/400] lr=4.743556e-04 train_opt_loss=2.737919e-06 val_external_select_loss=3.989693e-06 val_external_rec=3.989693e-06 val_external_code=1.006860e-01 val_external_delta=0.000000e+00 val_external_recT=0.000000e+00 val_external_fc=0.000000e+00
I 07.08/14:37:48 train_decoder_lora.py:1020] Epoch [109/400] lr=4.736189e-04 train_opt_loss=2.662923e-06 val_external_select_loss=3.817423e-06 val_external_rec=3.817423e-06 val_external_code=1.006860e-01 val_external_delta=0.000000e+00 val_external_recT=0.000000e+00 val_external_fc=0.000000e+00
I 07.08/14:38:01 train_decoder_lora.py:1020] Epoch [110/400] lr=4.728728e-04 train_opt_loss=2.683778e-06 val_external_select_loss=3.931457e-06 val_external_rec=3.931457e-06 val_external_code=1.006860e-01 val_external_delta=0.000000e+00 val_external_recT=0.000000e+00 val_external_fc=0.000000e+00
I 07.08/14:38:15 train_decoder_lora.py:1020] Epoch [111/400] lr=4.721173e-04 train_opt_loss=2.658933e-06 val_external_select_loss=3.837771e-06 val_external_rec=3.837771e-06 val_external_code=1.006860e-01 val_external_delta=0.000000e+00 val_external_recT=0.000000e+00 val_external_fc=0.000000e+00
I 07.08/14:38:28 train_decoder_lora.py:1020] Epoch [112/400] lr=4.713525e-04 train_opt_loss=2.591818e-06 val_external_select_loss=3.798774e-06 val_external_rec=3.798774e-06 val_external_code=1.006860e-01 val_external_delta=0.000000e+00 val_external_recT=0.000000e+00 val_external_fc=0.000000e+00
I 07.08/14:38:42 train_decoder_lora.py:1020] Epoch [113/400] lr=4.705785e-04 train_opt_loss=2.573195e-06 val_external_select_loss=3.799089e-06 val_external_rec=3.799089e-06 val_external_code=1.006860e-01 val_external_delta=0.000000e+00 val_external_recT=0.000000e+00 val_external_fc=0.000000e+00
I 07.08/14:38:56 train_decoder_lora.py:1020] Epoch [114/400] lr=4.697953e-04 train_opt_loss=2.677485e-06 val_external_select_loss=3.822893e-06 val_external_rec=3.822893e-06 val_external_code=1.006860e-01 val_external_delta=0.000000e+00 val_external_recT=0.000000e+00 val_external_fc=0.000000e+00
I 07.08/14:39:09 train_decoder_lora.py:1020] Epoch [115/400] lr=4.690030e-04 train_opt_loss=2.633230e-06 val_external_select_loss=4.362335e-06 val_external_rec=4.362335e-06 val_external_code=1.006860e-01 val_external_delta=0.000000e+00 val_external_recT=0.000000e+00 val_external_fc=0.000000e+00
I 07.08/14:39:22 train_decoder_lora.py:1020] Epoch [116/400] lr=4.682016e-04 train_opt_loss=2.645238e-06 val_external_select_loss=3.872014e-06 val_external_rec=3.872014e-06 val_external_code=1.006860e-01 val_external_delta=0.000000e+00 val_external_recT=0.000000e+00 val_external_fc=0.000000e+00
I 07.08/14:39:35 train_decoder_lora.py:1020] Epoch [117/400] lr=4.673912e-04 train_opt_loss=2.582734e-06 val_external_select_loss=3.827062e-06 val_external_rec=3.827062e-06 val_external_code=1.006860e-01 val_external_delta=0.000000e+00 val_external_recT=0.000000e+00 val_external_fc=0.000000e+00
I 07.08/14:39:48 train_decoder_lora.py:1020] Epoch [118/400] lr=4.665719e-04 train_opt_loss=2.632098e-06 val_external_select_loss=3.875336e-06 val_external_rec=3.875336e-06 val_external_code=1.006860e-01 val_external_delta=0.000000e+00 val_external_recT=0.000000e+00 val_external_fc=0.000000e+00
I 07.08/14:40:01 train_decoder_lora.py:1020] Epoch [119/400] lr=4.657437e-04 train_opt_loss=2.608286e-06 val_external_select_loss=3.881589e-06 val_external_rec=3.881589e-06 val_external_code=1.006860e-01 val_external_delta=0.000000e+00 val_external_recT=0.000000e+00 val_external_fc=0.000000e+00
I 07.08/14:40:17 train_decoder_lora.py:974 ] Epoch [120/400] val_external_decoder_eval n=30000 decoder_mse=3.857753e-06 decoder_nmse=-20.687dB
I 07.08/14:40:17 train_decoder_lora.py:1020] Epoch [120/400] lr=4.649067e-04 train_opt_loss=2.569199e-06 val_external_select_loss=3.857753e-06 val_external_rec=3.857753e-06 val_external_code=1.006860e-01 val_external_delta=0.000000e+00 val_external_recT=0.000000e+00 val_external_fc=0.000000e+00
I 07.08/14:40:30 train_decoder_lora.py:1020] Epoch [121/400] lr=4.640609e-04 train_opt_loss=2.518733e-06 val_external_select_loss=3.801714e-06 val_external_rec=3.801714e-06 val_external_code=1.006860e-01 val_external_delta=0.000000e+00 val_external_recT=0.000000e+00 val_external_fc=0.000000e+00
I 07.08/14:40:43 train_decoder_lora.py:1020] Epoch [122/400] lr=4.632064e-04 train_opt_loss=2.522746e-06 val_external_select_loss=3.745682e-06 val_external_rec=3.745682e-06 val_external_code=1.006860e-01 val_external_delta=0.000000e+00 val_external_recT=0.000000e+00 val_external_fc=0.000000e+00
I 07.08/14:40:56 train_decoder_lora.py:1020] Epoch [123/400] lr=4.623434e-04 train_opt_loss=2.540527e-06 val_external_select_loss=3.806933e-06 val_external_rec=3.806933e-06 val_external_code=1.006860e-01 val_external_delta=0.000000e+00 val_external_recT=0.000000e+00 val_external_fc=0.000000e+00
I 07.08/14:41:10 train_decoder_lora.py:1020] Epoch [124/400] lr=4.614717e-04 train_opt_loss=2.495700e-06 val_external_select_loss=3.806176e-06 val_external_rec=3.806176e-06 val_external_code=1.006860e-01 val_external_delta=0.000000e+00 val_external_recT=0.000000e+00 val_external_fc=0.000000e+00
I 07.08/14:41:22 train_decoder_lora.py:1020] Epoch [125/400] lr=4.605916e-04 train_opt_loss=2.612249e-06 val_external_select_loss=3.805425e-06 val_external_rec=3.805425e-06 val_external_code=1.006860e-01 val_external_delta=0.000000e+00 val_external_recT=0.000000e+00 val_external_fc=0.000000e+00
I 07.08/14:41:35 train_decoder_lora.py:1020] Epoch [126/400] lr=4.597031e-04 train_opt_loss=2.522653e-06 val_external_select_loss=3.701375e-06 val_external_rec=3.701375e-06 val_external_code=1.006860e-01 val_external_delta=0.000000e+00 val_external_recT=0.000000e+00 val_external_fc=0.000000e+00
I 07.08/14:41:48 train_decoder_lora.py:1020] Epoch [127/400] lr=4.588062e-04 train_opt_loss=2.485220e-06 val_external_select_loss=3.711660e-06 val_external_rec=3.711660e-06 val_external_code=1.006860e-01 val_external_delta=0.000000e+00 val_external_recT=0.000000e+00 val_external_fc=0.000000e+00
I 07.08/14:42:01 train_decoder_lora.py:1020] Epoch [128/400] lr=4.579010e-04 train_opt_loss=2.471378e-06 val_external_select_loss=3.736787e-06 val_external_rec=3.736787e-06 val_external_code=1.006860e-01 val_external_delta=0.000000e+00 val_external_recT=0.000000e+00 val_external_fc=0.000000e+00
I 07.08/14:42:14 train_decoder_lora.py:1020] Epoch [129/400] lr=4.569876e-04 train_opt_loss=2.503621e-06 val_external_select_loss=3.773244e-06 val_external_rec=3.773244e-06 val_external_code=1.006860e-01 val_external_delta=0.000000e+00 val_external_recT=0.000000e+00 val_external_fc=0.000000e+00
I 07.08/14:42:27 train_decoder_lora.py:1020] Epoch [130/400] lr=4.560660e-04 train_opt_loss=2.508085e-06 val_external_select_loss=3.772421e-06 val_external_rec=3.772421e-06 val_external_code=1.006860e-01 val_external_delta=0.000000e+00 val_external_recT=0.000000e+00 val_external_fc=0.000000e+00
I 07.08/14:42:39 train_decoder_lora.py:1020] Epoch [131/400] lr=4.551364e-04 train_opt_loss=2.455555e-06 val_external_select_loss=3.672676e-06 val_external_rec=3.672676e-06 val_external_code=1.006860e-01 val_external_delta=0.000000e+00 val_external_recT=0.000000e+00 val_external_fc=0.000000e+00
I 07.08/14:42:48 train_decoder_lora.py:1020] Epoch [132/400] lr=4.541988e-04 train_opt_loss=2.437578e-06 val_external_select_loss=3.691384e-06 val_external_rec=3.691384e-06 val_external_code=1.006860e-01 val_external_delta=0.000000e+00 val_external_recT=0.000000e+00 val_external_fc=0.000000e+00
I 07.08/14:42:57 train_decoder_lora.py:1020] Epoch [133/400] lr=4.532532e-04 train_opt_loss=2.422787e-06 val_external_select_loss=3.636265e-06 val_external_rec=3.636265e-06 val_external_code=1.006860e-01 val_external_delta=0.000000e+00 val_external_recT=0.000000e+00 val_external_fc=0.000000e+00
I 07.08/14:43:08 train_decoder_lora.py:1020] Epoch [134/400] lr=4.522998e-04 train_opt_loss=2.377324e-06 val_external_select_loss=3.653240e-06 val_external_rec=3.653240e-06 val_external_code=1.006860e-01 val_external_delta=0.000000e+00 val_external_recT=0.000000e+00 val_external_fc=0.000000e+00
I 07.08/14:43:20 train_decoder_lora.py:1020] Epoch [135/400] lr=4.513385e-04 train_opt_loss=2.428858e-06 val_external_select_loss=3.625317e-06 val_external_rec=3.625317e-06 val_external_code=1.006860e-01 val_external_delta=0.000000e+00 val_external_recT=0.000000e+00 val_external_fc=0.000000e+00
I 07.08/14:43:32 train_decoder_lora.py:1020] Epoch [136/400] lr=4.503696e-04 train_opt_loss=2.371850e-06 val_external_select_loss=3.614467e-06 val_external_rec=3.614467e-06 val_external_code=1.006860e-01 val_external_delta=0.000000e+00 val_external_recT=0.000000e+00 val_external_fc=0.000000e+00
I 07.08/14:43:45 train_decoder_lora.py:1020] Epoch [137/400] lr=4.493930e-04 train_opt_loss=2.397672e-06 val_external_select_loss=3.624696e-06 val_external_rec=3.624696e-06 val_external_code=1.006860e-01 val_external_delta=0.000000e+00 val_external_recT=0.000000e+00 val_external_fc=0.000000e+00
I 07.08/14:43:57 train_decoder_lora.py:1020] Epoch [138/400] lr=4.484089e-04 train_opt_loss=2.399168e-06 val_external_select_loss=3.688596e-06 val_external_rec=3.688596e-06 val_external_code=1.006860e-01 val_external_delta=0.000000e+00 val_external_recT=0.000000e+00 val_external_fc=0.000000e+00
I 07.08/14:44:06 train_decoder_lora.py:1020] Epoch [139/400] lr=4.474172e-04 train_opt_loss=2.375436e-06 val_external_select_loss=3.646919e-06 val_external_rec=3.646919e-06 val_external_code=1.006860e-01 val_external_delta=0.000000e+00 val_external_recT=0.000000e+00 val_external_fc=0.000000e+00
I 07.08/14:44:17 train_decoder_lora.py:974 ] Epoch [140/400] val_external_decoder_eval n=30000 decoder_mse=3.622162e-06 decoder_nmse=-20.960dB
I 07.08/14:44:17 train_decoder_lora.py:1020] Epoch [140/400] lr=4.464181e-04 train_opt_loss=2.403214e-06 val_external_select_loss=3.622162e-06 val_external_rec=3.622162e-06 val_external_code=1.006860e-01 val_external_delta=0.000000e+00 val_external_recT=0.000000e+00 val_external_fc=0.000000e+00
I 07.08/14:44:26 train_decoder_lora.py:1020] Epoch [141/400] lr=4.454117e-04 train_opt_loss=2.355638e-06 val_external_select_loss=3.577651e-06 val_external_rec=3.577651e-06 val_external_code=1.006860e-01 val_external_delta=0.000000e+00 val_external_recT=0.000000e+00 val_external_fc=0.000000e+00
I 07.08/14:44:36 train_decoder_lora.py:1020] Epoch [142/400] lr=4.443981e-04 train_opt_loss=2.326597e-06 val_external_select_loss=3.635102e-06 val_external_rec=3.635102e-06 val_external_code=1.006860e-01 val_external_delta=0.000000e+00 val_external_recT=0.000000e+00 val_external_fc=0.000000e+00
I 07.08/14:44:45 train_decoder_lora.py:1020] Epoch [143/400] lr=4.433772e-04 train_opt_loss=2.378141e-06 val_external_select_loss=3.628586e-06 val_external_rec=3.628586e-06 val_external_code=1.006860e-01 val_external_delta=0.000000e+00 val_external_recT=0.000000e+00 val_external_fc=0.000000e+00
I 07.08/14:44:55 train_decoder_lora.py:1020] Epoch [144/400] lr=4.423492e-04 train_opt_loss=2.416181e-06 val_external_select_loss=3.906251e-06 val_external_rec=3.906251e-06 val_external_code=1.006860e-01 val_external_delta=0.000000e+00 val_external_recT=0.000000e+00 val_external_fc=0.000000e+00
I 07.08/14:45:05 train_decoder_lora.py:1020] Epoch [145/400] lr=4.413142e-04 train_opt_loss=2.423226e-06 val_external_select_loss=3.625138e-06 val_external_rec=3.625138e-06 val_external_code=1.006860e-01 val_external_delta=0.000000e+00 val_external_recT=0.000000e+00 val_external_fc=0.000000e+00
I 07.08/14:45:14 train_decoder_lora.py:1020] Epoch [146/400] lr=4.402723e-04 train_opt_loss=2.345171e-06 val_external_select_loss=3.635362e-06 val_external_rec=3.635362e-06 val_external_code=1.006860e-01 val_external_delta=0.000000e+00 val_external_recT=0.000000e+00 val_external_fc=0.000000e+00
I 07.08/14:45:24 train_decoder_lora.py:1020] Epoch [147/400] lr=4.392234e-04 train_opt_loss=2.321410e-06 val_external_select_loss=3.523830e-06 val_external_rec=3.523830e-06 val_external_code=1.006860e-01 val_external_delta=0.000000e+00 val_external_recT=0.000000e+00 val_external_fc=0.000000e+00
I 07.08/14:45:34 train_decoder_lora.py:1020] Epoch [148/400] lr=4.381678e-04 train_opt_loss=2.311546e-06 val_external_select_loss=3.540577e-06 val_external_rec=3.540577e-06 val_external_code=1.006860e-01 val_external_delta=0.000000e+00 val_external_recT=0.000000e+00 val_external_fc=0.000000e+00
I 07.08/14:45:45 train_decoder_lora.py:1020] Epoch [149/400] lr=4.371054e-04 train_opt_loss=2.324464e-06 val_external_select_loss=3.553377e-06 val_external_rec=3.553377e-06 val_external_code=1.006860e-01 val_external_delta=0.000000e+00 val_external_recT=0.000000e+00 val_external_fc=0.000000e+00
I 07.08/14:45:58 train_decoder_lora.py:1020] Epoch [150/400] lr=4.360365e-04 train_opt_loss=2.282823e-06 val_external_select_loss=3.614957e-06 val_external_rec=3.614957e-06 val_external_code=1.006860e-01 val_external_delta=0.000000e+00 val_external_recT=0.000000e+00 val_external_fc=0.000000e+00
I 07.08/14:46:10 train_decoder_lora.py:1020] Epoch [151/400] lr=4.349609e-04 train_opt_loss=2.261519e-06 val_external_select_loss=3.609934e-06 val_external_rec=3.609934e-06 val_external_code=1.006860e-01 val_external_delta=0.000000e+00 val_external_recT=0.000000e+00 val_external_fc=0.000000e+00
I 07.08/14:46:23 train_decoder_lora.py:1020] Epoch [152/400] lr=4.338789e-04 train_opt_loss=2.293694e-06 val_external_select_loss=3.526731e-06 val_external_rec=3.526731e-06 val_external_code=1.006860e-01 val_external_delta=0.000000e+00 val_external_recT=0.000000e+00 val_external_fc=0.000000e+00
I 07.08/14:46:36 train_decoder_lora.py:1020] Epoch [153/400] lr=4.327905e-04 train_opt_loss=2.314249e-06 val_external_select_loss=3.527742e-06 val_external_rec=3.527742e-06 val_external_code=1.006860e-01 val_external_delta=0.000000e+00 val_external_recT=0.000000e+00 val_external_fc=0.000000e+00
I 07.08/14:46:49 train_decoder_lora.py:1020] Epoch [154/400] lr=4.316959e-04 train_opt_loss=2.270130e-06 val_external_select_loss=3.589281e-06 val_external_rec=3.589281e-06 val_external_code=1.006860e-01 val_external_delta=0.000000e+00 val_external_recT=0.000000e+00 val_external_fc=0.000000e+00
I 07.08/14:46:59 train_decoder_lora.py:1020] Epoch [155/400] lr=4.305949e-04 train_opt_loss=2.301377e-06 val_external_select_loss=3.502957e-06 val_external_rec=3.502957e-06 val_external_code=1.006860e-01 val_external_delta=0.000000e+00 val_external_recT=0.000000e+00 val_external_fc=0.000000e+00
I 07.08/14:47:07 train_decoder_lora.py:1020] Epoch [156/400] lr=4.294879e-04 train_opt_loss=2.261555e-06 val_external_select_loss=3.578075e-06 val_external_rec=3.578075e-06 val_external_code=1.006860e-01 val_external_delta=0.000000e+00 val_external_recT=0.000000e+00 val_external_fc=0.000000e+00
I 07.08/14:47:12 train_decoder_lora.py:1020] Epoch [157/400] lr=4.283748e-04 train_opt_loss=2.310403e-06 val_external_select_loss=3.535539e-06 val_external_rec=3.535539e-06 val_external_code=1.006860e-01 val_external_delta=0.000000e+00 val_external_recT=0.000000e+00 val_external_fc=0.000000e+00
I 07.08/14:47:16 train_decoder_lora.py:1020] Epoch [158/400] lr=4.272557e-04 train_opt_loss=2.271418e-06 val_external_select_loss=3.601150e-06 val_external_rec=3.601150e-06 val_external_code=1.006860e-01 val_external_delta=0.000000e+00 val_external_recT=0.000000e+00 val_external_fc=0.000000e+00
I 07.08/14:47:20 train_decoder_lora.py:1020] Epoch [159/400] lr=4.261308e-04 train_opt_loss=2.286517e-06 val_external_select_loss=3.673926e-06 val_external_rec=3.673926e-06 val_external_code=1.006860e-01 val_external_delta=0.000000e+00 val_external_recT=0.000000e+00 val_external_fc=0.000000e+00
I 07.08/14:47:25 train_decoder_lora.py:974 ] Epoch [160/400] val_external_decoder_eval n=30000 decoder_mse=3.499615e-06 decoder_nmse=-21.110dB
I 07.08/14:47:25 train_decoder_lora.py:1020] Epoch [160/400] lr=4.250000e-04 train_opt_loss=2.260997e-06 val_external_select_loss=3.499615e-06 val_external_rec=3.499615e-06 val_external_code=1.006860e-01 val_external_delta=0.000000e+00 val_external_recT=0.000000e+00 val_external_fc=0.000000e+00
I 07.08/14:47:29 train_decoder_lora.py:1020] Epoch [161/400] lr=4.238635e-04 train_opt_loss=2.187182e-06 val_external_select_loss=3.461145e-06 val_external_rec=3.461145e-06 val_external_code=1.006860e-01 val_external_delta=0.000000e+00 val_external_recT=0.000000e+00 val_external_fc=0.000000e+00
I 07.08/14:47:32 train_decoder_lora.py:1020] Epoch [162/400] lr=4.227214e-04 train_opt_loss=2.209366e-06 val_external_select_loss=3.611720e-06 val_external_rec=3.611720e-06 val_external_code=1.006860e-01 val_external_delta=0.000000e+00 val_external_recT=0.000000e+00 val_external_fc=0.000000e+00
I 07.08/14:47:36 train_decoder_lora.py:1020] Epoch [163/400] lr=4.215738e-04 train_opt_loss=2.289157e-06 val_external_select_loss=3.508877e-06 val_external_rec=3.508877e-06 val_external_code=1.006860e-01 val_external_delta=0.000000e+00 val_external_recT=0.000000e+00 val_external_fc=0.000000e+00
I 07.08/14:47:40 train_decoder_lora.py:1020] Epoch [164/400] lr=4.204207e-04 train_opt_loss=2.198059e-06 val_external_select_loss=3.537955e-06 val_external_rec=3.537955e-06 val_external_code=1.006860e-01 val_external_delta=0.000000e+00 val_external_recT=0.000000e+00 val_external_fc=0.000000e+00
I 07.08/14:47:43 train_decoder_lora.py:1020] Epoch [165/400] lr=4.192623e-04 train_opt_loss=2.183179e-06 val_external_select_loss=3.466954e-06 val_external_rec=3.466954e-06 val_external_code=1.006860e-01 val_external_delta=0.000000e+00 val_external_recT=0.000000e+00 val_external_fc=0.000000e+00
I 07.08/14:47:47 train_decoder_lora.py:1020] Epoch [166/400] lr=4.180986e-04 train_opt_loss=2.172148e-06 val_external_select_loss=3.495485e-06 val_external_rec=3.495485e-06 val_external_code=1.006860e-01 val_external_delta=0.000000e+00 val_external_recT=0.000000e+00 val_external_fc=0.000000e+00
I 07.08/14:47:51 train_decoder_lora.py:1020] Epoch [167/400] lr=4.169297e-04 train_opt_loss=2.220700e-06 val_external_select_loss=3.488202e-06 val_external_rec=3.488202e-06 val_external_code=1.006860e-01 val_external_delta=0.000000e+00 val_external_recT=0.000000e+00 val_external_fc=0.000000e+00
I 07.08/14:47:54 train_decoder_lora.py:1020] Epoch [168/400] lr=4.157557e-04 train_opt_loss=2.201735e-06 val_external_select_loss=3.502444e-06 val_external_rec=3.502444e-06 val_external_code=1.006860e-01 val_external_delta=0.000000e+00 val_external_recT=0.000000e+00 val_external_fc=0.000000e+00
I 07.08/14:47:58 train_decoder_lora.py:1020] Epoch [169/400] lr=4.145767e-04 train_opt_loss=2.170967e-06 val_external_select_loss=3.471871e-06 val_external_rec=3.471871e-06 val_external_code=1.006860e-01 val_external_delta=0.000000e+00 val_external_recT=0.000000e+00 val_external_fc=0.000000e+00
I 07.08/14:48:01 train_decoder_lora.py:1020] Epoch [170/400] lr=4.133927e-04 train_opt_loss=2.181411e-06 val_external_select_loss=3.495404e-06 val_external_rec=3.495404e-06 val_external_code=1.006860e-01 val_external_delta=0.000000e+00 val_external_recT=0.000000e+00 val_external_fc=0.000000e+00
I 07.08/14:48:05 train_decoder_lora.py:1020] Epoch [171/400] lr=4.122040e-04 train_opt_loss=2.181369e-06 val_external_select_loss=3.438541e-06 val_external_rec=3.438541e-06 val_external_code=1.006860e-01 val_external_delta=0.000000e+00 val_external_recT=0.000000e+00 val_external_fc=0.000000e+00
I 07.08/14:48:08 train_decoder_lora.py:1020] Epoch [172/400] lr=4.110105e-04 train_opt_loss=2.153322e-06 val_external_select_loss=3.483217e-06 val_external_rec=3.483217e-06 val_external_code=1.006860e-01 val_external_delta=0.000000e+00 val_external_recT=0.000000e+00 val_external_fc=0.000000e+00
I 07.08/14:48:12 train_decoder_lora.py:1020] Epoch [173/400] lr=4.098124e-04 train_opt_loss=2.193653e-06 val_external_select_loss=3.425387e-06 val_external_rec=3.425387e-06 val_external_code=1.006860e-01 val_external_delta=0.000000e+00 val_external_recT=0.000000e+00 val_external_fc=0.000000e+00
I 07.08/14:48:16 train_decoder_lora.py:1020] Epoch [174/400] lr=4.086097e-04 train_opt_loss=2.127581e-06 val_external_select_loss=3.465103e-06 val_external_rec=3.465103e-06 val_external_code=1.006860e-01 val_external_delta=0.000000e+00 val_external_recT=0.000000e+00 val_external_fc=0.000000e+00
I 07.08/14:48:20 train_decoder_lora.py:1020] Epoch [175/400] lr=4.074025e-04 train_opt_loss=2.162190e-06 val_external_select_loss=3.459969e-06 val_external_rec=3.459969e-06 val_external_code=1.006860e-01 val_external_delta=0.000000e+00 val_external_recT=0.000000e+00 val_external_fc=0.000000e+00
I 07.08/14:48:23 train_decoder_lora.py:1020] Epoch [176/400] lr=4.061910e-04 train_opt_loss=2.112003e-06 val_external_select_loss=3.470153e-06 val_external_rec=3.470153e-06 val_external_code=1.006860e-01 val_external_delta=0.000000e+00 val_external_recT=0.000000e+00 val_external_fc=0.000000e+00
I 07.08/14:48:27 train_decoder_lora.py:1020] Epoch [177/400] lr=4.049752e-04 train_opt_loss=2.204874e-06 val_external_select_loss=3.445062e-06 val_external_rec=3.445062e-06 val_external_code=1.006860e-01 val_external_delta=0.000000e+00 val_external_recT=0.000000e+00 val_external_fc=0.000000e+00
I 07.08/14:48:31 train_decoder_lora.py:1020] Epoch [178/400] lr=4.037552e-04 train_opt_loss=2.163734e-06 val_external_select_loss=3.466890e-06 val_external_rec=3.466890e-06 val_external_code=1.006860e-01 val_external_delta=0.000000e+00 val_external_recT=0.000000e+00 val_external_fc=0.000000e+00
I 07.08/14:48:35 train_decoder_lora.py:1020] Epoch [179/400] lr=4.025311e-04 train_opt_loss=2.125378e-06 val_external_select_loss=3.400378e-06 val_external_rec=3.400378e-06 val_external_code=1.006860e-01 val_external_delta=0.000000e+00 val_external_recT=0.000000e+00 val_external_fc=0.000000e+00
I 07.08/14:48:39 train_decoder_lora.py:974 ] Epoch [180/400] val_external_decoder_eval n=30000 decoder_mse=3.485119e-06 decoder_nmse=-21.128dB
I 07.08/14:48:39 train_decoder_lora.py:1020] Epoch [180/400] lr=4.013030e-04 train_opt_loss=2.102663e-06 val_external_select_loss=3.485119e-06 val_external_rec=3.485119e-06 val_external_code=1.006860e-01 val_external_delta=0.000000e+00 val_external_recT=0.000000e+00 val_external_fc=0.000000e+00
I 07.08/14:48:43 train_decoder_lora.py:1020] Epoch [181/400] lr=4.000710e-04 train_opt_loss=2.085270e-06 val_external_select_loss=3.445306e-06 val_external_rec=3.445306e-06 val_external_code=1.006860e-01 val_external_delta=0.000000e+00 val_external_recT=0.000000e+00 val_external_fc=0.000000e+00
I 07.08/14:48:46 train_decoder_lora.py:1020] Epoch [182/400] lr=3.988352e-04 train_opt_loss=2.108096e-06 val_external_select_loss=3.373977e-06 val_external_rec=3.373977e-06 val_external_code=1.006860e-01 val_external_delta=0.000000e+00 val_external_recT=0.000000e+00 val_external_fc=0.000000e+00
I 07.08/14:48:50 train_decoder_lora.py:1020] Epoch [183/400] lr=3.975957e-04 train_opt_loss=2.104315e-06 val_external_select_loss=3.408151e-06 val_external_rec=3.408151e-06 val_external_code=1.006860e-01 val_external_delta=0.000000e+00 val_external_recT=0.000000e+00 val_external_fc=0.000000e+00
I 07.08/14:48:53 train_decoder_lora.py:1020] Epoch [184/400] lr=3.963525e-04 train_opt_loss=2.080460e-06 val_external_select_loss=3.410131e-06 val_external_rec=3.410131e-06 val_external_code=1.006860e-01 val_external_delta=0.000000e+00 val_external_recT=0.000000e+00 val_external_fc=0.000000e+00
I 07.08/14:48:57 train_decoder_lora.py:1020] Epoch [185/400] lr=3.951059e-04 train_opt_loss=2.151113e-06 val_external_select_loss=3.408757e-06 val_external_rec=3.408757e-06 val_external_code=1.006860e-01 val_external_delta=0.000000e+00 val_external_recT=0.000000e+00 val_external_fc=0.000000e+00
I 07.08/14:49:00 train_decoder_lora.py:1020] Epoch [186/400] lr=3.938558e-04 train_opt_loss=2.103850e-06 val_external_select_loss=3.435468e-06 val_external_rec=3.435468e-06 val_external_code=1.006860e-01 val_external_delta=0.000000e+00 val_external_recT=0.000000e+00 val_external_fc=0.000000e+00
I 07.08/14:49:04 train_decoder_lora.py:1020] Epoch [187/400] lr=3.926023e-04 train_opt_loss=2.091021e-06 val_external_select_loss=3.428488e-06 val_external_rec=3.428488e-06 val_external_code=1.006860e-01 val_external_delta=0.000000e+00 val_external_recT=0.000000e+00 val_external_fc=0.000000e+00
I 07.08/14:49:07 train_decoder_lora.py:1020] Epoch [188/400] lr=3.913456e-04 train_opt_loss=2.059554e-06 val_external_select_loss=3.326674e-06 val_external_rec=3.326674e-06 val_external_code=1.006860e-01 val_external_delta=0.000000e+00 val_external_recT=0.000000e+00 val_external_fc=0.000000e+00
I 07.08/14:49:11 train_decoder_lora.py:1020] Epoch [189/400] lr=3.900858e-04 train_opt_loss=2.078023e-06 val_external_select_loss=3.363189e-06 val_external_rec=3.363189e-06 val_external_code=1.006860e-01 val_external_delta=0.000000e+00 val_external_recT=0.000000e+00 val_external_fc=0.000000e+00
I 07.08/14:49:15 train_decoder_lora.py:1020] Epoch [190/400] lr=3.888229e-04 train_opt_loss=2.066276e-06 val_external_select_loss=3.367337e-06 val_external_rec=3.367337e-06 val_external_code=1.006860e-01 val_external_delta=0.000000e+00 val_external_recT=0.000000e+00 val_external_fc=0.000000e+00
I 07.08/14:49:19 train_decoder_lora.py:1020] Epoch [191/400] lr=3.875570e-04 train_opt_loss=2.062264e-06 val_external_select_loss=3.367935e-06 val_external_rec=3.367935e-06 val_external_code=1.006860e-01 val_external_delta=0.000000e+00 val_external_recT=0.000000e+00 val_external_fc=0.000000e+00
I 07.08/14:49:22 train_decoder_lora.py:1020] Epoch [192/400] lr=3.862883e-04 train_opt_loss=2.052803e-06 val_external_select_loss=3.366637e-06 val_external_rec=3.366637e-06 val_external_code=1.006860e-01 val_external_delta=0.000000e+00 val_external_recT=0.000000e+00 val_external_fc=0.000000e+00
I 07.08/14:49:26 train_decoder_lora.py:1020] Epoch [193/400] lr=3.850168e-04 train_opt_loss=2.048721e-06 val_external_select_loss=3.395478e-06 val_external_rec=3.395478e-06 val_external_code=1.006860e-01 val_external_delta=0.000000e+00 val_external_recT=0.000000e+00 val_external_fc=0.000000e+00
I 07.08/14:49:30 train_decoder_lora.py:1020] Epoch [194/400] lr=3.837427e-04 train_opt_loss=2.024637e-06 val_external_select_loss=3.329734e-06 val_external_rec=3.329734e-06 val_external_code=1.006860e-01 val_external_delta=0.000000e+00 val_external_recT=0.000000e+00 val_external_fc=0.000000e+00
I 07.08/14:49:33 train_decoder_lora.py:1020] Epoch [195/400] lr=3.824659e-04 train_opt_loss=2.023070e-06 val_external_select_loss=3.392253e-06 val_external_rec=3.392253e-06 val_external_code=1.006860e-01 val_external_delta=0.000000e+00 val_external_recT=0.000000e+00 val_external_fc=0.000000e+00
I 07.08/14:49:37 train_decoder_lora.py:1020] Epoch [196/400] lr=3.811868e-04 train_opt_loss=2.066344e-06 val_external_select_loss=3.431573e-06 val_external_rec=3.431573e-06 val_external_code=1.006860e-01 val_external_delta=0.000000e+00 val_external_recT=0.000000e+00 val_external_fc=0.000000e+00
I 07.08/14:49:40 train_decoder_lora.py:1020] Epoch [197/400] lr=3.799052e-04 train_opt_loss=2.047667e-06 val_external_select_loss=3.328801e-06 val_external_rec=3.328801e-06 val_external_code=1.006860e-01 val_external_delta=0.000000e+00 val_external_recT=0.000000e+00 val_external_fc=0.000000e+00
I 07.08/14:49:43 train_decoder_lora.py:1020] Epoch [198/400] lr=3.786213e-04 train_opt_loss=2.051567e-06 val_external_select_loss=3.300908e-06 val_external_rec=3.300908e-06 val_external_code=1.006860e-01 val_external_delta=0.000000e+00 val_external_recT=0.000000e+00 val_external_fc=0.000000e+00
I 07.08/14:49:47 train_decoder_lora.py:1020] Epoch [199/400] lr=3.773353e-04 train_opt_loss=2.024849e-06 val_external_select_loss=3.353451e-06 val_external_rec=3.353451e-06 val_external_code=1.006860e-01 val_external_delta=0.000000e+00 val_external_recT=0.000000e+00 val_external_fc=0.000000e+00
I 07.08/14:49:51 train_decoder_lora.py:974 ] Epoch [200/400] val_external_decoder_eval n=30000 decoder_mse=3.357671e-06 decoder_nmse=-21.290dB
I 07.08/14:49:51 train_decoder_lora.py:1020] Epoch [200/400] lr=3.760472e-04 train_opt_loss=2.018230e-06 val_external_select_loss=3.357671e-06 val_external_rec=3.357671e-06 val_external_code=1.006860e-01 val_external_delta=0.000000e+00 val_external_recT=0.000000e+00 val_external_fc=0.000000e+00
I 07.08/14:49:54 train_decoder_lora.py:1020] Epoch [201/400] lr=3.747571e-04 train_opt_loss=2.028524e-06 val_external_select_loss=3.322285e-06 val_external_rec=3.322285e-06 val_external_code=1.006860e-01 val_external_delta=0.000000e+00 val_external_recT=0.000000e+00 val_external_fc=0.000000e+00
I 07.08/14:49:58 train_decoder_lora.py:1020] Epoch [202/400] lr=3.734652e-04 train_opt_loss=2.046452e-06 val_external_select_loss=3.343536e-06 val_external_rec=3.343536e-06 val_external_code=1.006860e-01 val_external_delta=0.000000e+00 val_external_recT=0.000000e+00 val_external_fc=0.000000e+00
I 07.08/14:50:01 train_decoder_lora.py:1020] Epoch [203/400] lr=3.721714e-04 train_opt_loss=2.003401e-06 val_external_select_loss=3.327403e-06 val_external_rec=3.327403e-06 val_external_code=1.006860e-01 val_external_delta=0.000000e+00 val_external_recT=0.000000e+00 val_external_fc=0.000000e+00
I 07.08/14:50:05 train_decoder_lora.py:1020] Epoch [204/400] lr=3.708760e-04 train_opt_loss=1.991270e-06 val_external_select_loss=3.355143e-06 val_external_rec=3.355143e-06 val_external_code=1.006860e-01 val_external_delta=0.000000e+00 val_external_recT=0.000000e+00 val_external_fc=0.000000e+00
I 07.08/14:50:08 train_decoder_lora.py:1020] Epoch [205/400] lr=3.695789e-04 train_opt_loss=1.990761e-06 val_external_select_loss=3.282290e-06 val_external_rec=3.282290e-06 val_external_code=1.006860e-01 val_external_delta=0.000000e+00 val_external_recT=0.000000e+00 val_external_fc=0.000000e+00
I 07.08/14:50:12 train_decoder_lora.py:1020] Epoch [206/400] lr=3.682804e-04 train_opt_loss=2.004388e-06 val_external_select_loss=3.303460e-06 val_external_rec=3.303460e-06 val_external_code=1.006860e-01 val_external_delta=0.000000e+00 val_external_recT=0.000000e+00 val_external_fc=0.000000e+00
I 07.08/14:50:15 train_decoder_lora.py:1020] Epoch [207/400] lr=3.669805e-04 train_opt_loss=1.989807e-06 val_external_select_loss=3.341157e-06 val_external_rec=3.341157e-06 val_external_code=1.006860e-01 val_external_delta=0.000000e+00 val_external_recT=0.000000e+00 val_external_fc=0.000000e+00
I 07.08/14:50:19 train_decoder_lora.py:1020] Epoch [208/400] lr=3.656793e-04 train_opt_loss=1.989439e-06 val_external_select_loss=3.311755e-06 val_external_rec=3.311755e-06 val_external_code=1.006860e-01 val_external_delta=0.000000e+00 val_external_recT=0.000000e+00 val_external_fc=0.000000e+00
I 07.08/14:50:22 train_decoder_lora.py:1020] Epoch [209/400] lr=3.643769e-04 train_opt_loss=1.988076e-06 val_external_select_loss=3.318792e-06 val_external_rec=3.318792e-06 val_external_code=1.006860e-01 val_external_delta=0.000000e+00 val_external_recT=0.000000e+00 val_external_fc=0.000000e+00
I 07.08/14:50:25 train_decoder_lora.py:1020] Epoch [210/400] lr=3.630734e-04 train_opt_loss=1.968252e-06 val_external_select_loss=3.298470e-06 val_external_rec=3.298470e-06 val_external_code=1.006860e-01 val_external_delta=0.000000e+00 val_external_recT=0.000000e+00 val_external_fc=0.000000e+00
I 07.08/14:50:29 train_decoder_lora.py:1020] Epoch [211/400] lr=3.617689e-04 train_opt_loss=1.975592e-06 val_external_select_loss=3.277892e-06 val_external_rec=3.277892e-06 val_external_code=1.006860e-01 val_external_delta=0.000000e+00 val_external_recT=0.000000e+00 val_external_fc=0.000000e+00
I 07.08/14:50:32 train_decoder_lora.py:1020] Epoch [212/400] lr=3.604635e-04 train_opt_loss=1.973912e-06 val_external_select_loss=3.282373e-06 val_external_rec=3.282373e-06 val_external_code=1.006860e-01 val_external_delta=0.000000e+00 val_external_recT=0.000000e+00 val_external_fc=0.000000e+00
I 07.08/14:50:36 train_decoder_lora.py:1020] Epoch [213/400] lr=3.591573e-04 train_opt_loss=1.977423e-06 val_external_select_loss=3.292379e-06 val_external_rec=3.292379e-06 val_external_code=1.006860e-01 val_external_delta=0.000000e+00 val_external_recT=0.000000e+00 val_external_fc=0.000000e+00
I 07.08/14:50:39 train_decoder_lora.py:1020] Epoch [214/400] lr=3.578504e-04 train_opt_loss=1.962847e-06 val_external_select_loss=3.323591e-06 val_external_rec=3.323591e-06 val_external_code=1.006860e-01 val_external_delta=0.000000e+00 val_external_recT=0.000000e+00 val_external_fc=0.000000e+00
I 07.08/14:50:43 train_decoder_lora.py:1020] Epoch [215/400] lr=3.565429e-04 train_opt_loss=1.954797e-06 val_external_select_loss=3.273958e-06 val_external_rec=3.273958e-06 val_external_code=1.006860e-01 val_external_delta=0.000000e+00 val_external_recT=0.000000e+00 val_external_fc=0.000000e+00
I 07.08/14:50:47 train_decoder_lora.py:1020] Epoch [216/400] lr=3.552349e-04 train_opt_loss=1.933686e-06 val_external_select_loss=3.313494e-06 val_external_rec=3.313494e-06 val_external_code=1.006860e-01 val_external_delta=0.000000e+00 val_external_recT=0.000000e+00 val_external_fc=0.000000e+00
I 07.08/14:50:50 train_decoder_lora.py:1020] Epoch [217/400] lr=3.539265e-04 train_opt_loss=1.931414e-06 val_external_select_loss=3.241073e-06 val_external_rec=3.241073e-06 val_external_code=1.006860e-01 val_external_delta=0.000000e+00 val_external_recT=0.000000e+00 val_external_fc=0.000000e+00
I 07.08/14:50:54 train_decoder_lora.py:1020] Epoch [218/400] lr=3.526179e-04 train_opt_loss=1.962310e-06 val_external_select_loss=3.268254e-06 val_external_rec=3.268254e-06 val_external_code=1.006860e-01 val_external_delta=0.000000e+00 val_external_recT=0.000000e+00 val_external_fc=0.000000e+00
I 07.08/14:50:57 train_decoder_lora.py:1020] Epoch [219/400] lr=3.513090e-04 train_opt_loss=1.949745e-06 val_external_select_loss=3.344440e-06 val_external_rec=3.344440e-06 val_external_code=1.006860e-01 val_external_delta=0.000000e+00 val_external_recT=0.000000e+00 val_external_fc=0.000000e+00
I 07.08/14:51:01 train_decoder_lora.py:974 ] Epoch [220/400] val_external_decoder_eval n=30000 decoder_mse=3.288777e-06 decoder_nmse=-21.380dB
I 07.08/14:51:01 train_decoder_lora.py:1020] Epoch [220/400] lr=3.500000e-04 train_opt_loss=1.931278e-06 val_external_select_loss=3.288777e-06 val_external_rec=3.288777e-06 val_external_code=1.006860e-01 val_external_delta=0.000000e+00 val_external_recT=0.000000e+00 val_external_fc=0.000000e+00
I 07.08/14:51:04 train_decoder_lora.py:1020] Epoch [221/400] lr=3.486910e-04 train_opt_loss=1.946132e-06 val_external_select_loss=3.222138e-06 val_external_rec=3.222138e-06 val_external_code=1.006860e-01 val_external_delta=0.000000e+00 val_external_recT=0.000000e+00 val_external_fc=0.000000e+00
I 07.08/14:51:08 train_decoder_lora.py:1020] Epoch [222/400] lr=3.473821e-04 train_opt_loss=1.933740e-06 val_external_select_loss=3.286521e-06 val_external_rec=3.286521e-06 val_external_code=1.006860e-01 val_external_delta=0.000000e+00 val_external_recT=0.000000e+00 val_external_fc=0.000000e+00
I 07.08/14:51:11 train_decoder_lora.py:1020] Epoch [223/400] lr=3.460735e-04 train_opt_loss=1.933662e-06 val_external_select_loss=3.406216e-06 val_external_rec=3.406216e-06 val_external_code=1.006860e-01 val_external_delta=0.000000e+00 val_external_recT=0.000000e+00 val_external_fc=0.000000e+00
I 07.08/14:51:15 train_decoder_lora.py:1020] Epoch [224/400] lr=3.447651e-04 train_opt_loss=1.924461e-06 val_external_select_loss=3.219745e-06 val_external_rec=3.219745e-06 val_external_code=1.006860e-01 val_external_delta=0.000000e+00 val_external_recT=0.000000e+00 val_external_fc=0.000000e+00
I 07.08/14:51:20 train_decoder_lora.py:1020] Epoch [225/400] lr=3.434571e-04 train_opt_loss=1.903228e-06 val_external_select_loss=3.260194e-06 val_external_rec=3.260194e-06 val_external_code=1.006860e-01 val_external_delta=0.000000e+00 val_external_recT=0.000000e+00 val_external_fc=0.000000e+00
I 07.08/14:51:27 train_decoder_lora.py:1020] Epoch [226/400] lr=3.421496e-04 train_opt_loss=1.892666e-06 val_external_select_loss=3.205999e-06 val_external_rec=3.205999e-06 val_external_code=1.006860e-01 val_external_delta=0.000000e+00 val_external_recT=0.000000e+00 val_external_fc=0.000000e+00
I 07.08/14:51:32 train_decoder_lora.py:1020] Epoch [227/400] lr=3.408427e-04 train_opt_loss=1.887581e-06 val_external_select_loss=3.262834e-06 val_external_rec=3.262834e-06 val_external_code=1.006860e-01 val_external_delta=0.000000e+00 val_external_recT=0.000000e+00 val_external_fc=0.000000e+00
I 07.08/14:51:40 train_decoder_lora.py:1020] Epoch [228/400] lr=3.395365e-04 train_opt_loss=1.894713e-06 val_external_select_loss=3.226694e-06 val_external_rec=3.226694e-06 val_external_code=1.006860e-01 val_external_delta=0.000000e+00 val_external_recT=0.000000e+00 val_external_fc=0.000000e+00
I 07.08/14:51:48 train_decoder_lora.py:1020] Epoch [229/400] lr=3.382311e-04 train_opt_loss=1.895372e-06 val_external_select_loss=3.253339e-06 val_external_rec=3.253339e-06 val_external_code=1.006860e-01 val_external_delta=0.000000e+00 val_external_recT=0.000000e+00 val_external_fc=0.000000e+00
I 07.08/14:51:54 train_decoder_lora.py:1020] Epoch [230/400] lr=3.369266e-04 train_opt_loss=1.908773e-06 val_external_select_loss=3.232558e-06 val_external_rec=3.232558e-06 val_external_code=1.006860e-01 val_external_delta=0.000000e+00 val_external_recT=0.000000e+00 val_external_fc=0.000000e+00
I 07.08/14:52:00 train_decoder_lora.py:1020] Epoch [231/400] lr=3.356231e-04 train_opt_loss=1.873084e-06 val_external_select_loss=3.238839e-06 val_external_rec=3.238839e-06 val_external_code=1.006860e-01 val_external_delta=0.000000e+00 val_external_recT=0.000000e+00 val_external_fc=0.000000e+00
I 07.08/14:52:08 train_decoder_lora.py:1020] Epoch [232/400] lr=3.343207e-04 train_opt_loss=1.885182e-06 val_external_select_loss=3.279821e-06 val_external_rec=3.279821e-06 val_external_code=1.006860e-01 val_external_delta=0.000000e+00 val_external_recT=0.000000e+00 val_external_fc=0.000000e+00
I 07.08/14:52:17 train_decoder_lora.py:1020] Epoch [233/400] lr=3.330195e-04 train_opt_loss=1.923415e-06 val_external_select_loss=3.330179e-06 val_external_rec=3.330179e-06 val_external_code=1.006860e-01 val_external_delta=0.000000e+00 val_external_recT=0.000000e+00 val_external_fc=0.000000e+00
I 07.08/14:52:26 train_decoder_lora.py:1020] Epoch [234/400] lr=3.317196e-04 train_opt_loss=1.926569e-06 val_external_select_loss=3.240042e-06 val_external_rec=3.240042e-06 val_external_code=1.006860e-01 val_external_delta=0.000000e+00 val_external_recT=0.000000e+00 val_external_fc=0.000000e+00
I 07.08/14:52:35 train_decoder_lora.py:1020] Epoch [235/400] lr=3.304211e-04 train_opt_loss=1.890817e-06 val_external_select_loss=3.247507e-06 val_external_rec=3.247507e-06 val_external_code=1.006860e-01 val_external_delta=0.000000e+00 val_external_recT=0.000000e+00 val_external_fc=0.000000e+00
I 07.08/14:52:43 train_decoder_lora.py:1020] Epoch [236/400] lr=3.291240e-04 train_opt_loss=1.859047e-06 val_external_select_loss=3.188506e-06 val_external_rec=3.188506e-06 val_external_code=1.006860e-01 val_external_delta=0.000000e+00 val_external_recT=0.000000e+00 val_external_fc=0.000000e+00
I 07.08/14:52:53 train_decoder_lora.py:1020] Epoch [237/400] lr=3.278286e-04 train_opt_loss=1.850531e-06 val_external_select_loss=3.270735e-06 val_external_rec=3.270735e-06 val_external_code=1.006860e-01 val_external_delta=0.000000e+00 val_external_recT=0.000000e+00 val_external_fc=0.000000e+00
I 07.08/14:53:02 train_decoder_lora.py:1020] Epoch [238/400] lr=3.265348e-04 train_opt_loss=1.879331e-06 val_external_select_loss=3.221735e-06 val_external_rec=3.221735e-06 val_external_code=1.006860e-01 val_external_delta=0.000000e+00 val_external_recT=0.000000e+00 val_external_fc=0.000000e+00
I 07.08/14:53:11 train_decoder_lora.py:1020] Epoch [239/400] lr=3.252429e-04 train_opt_loss=1.878002e-06 val_external_select_loss=3.275902e-06 val_external_rec=3.275902e-06 val_external_code=1.006860e-01 val_external_delta=0.000000e+00 val_external_recT=0.000000e+00 val_external_fc=0.000000e+00
I 07.08/14:53:22 train_decoder_lora.py:974 ] Epoch [240/400] val_external_decoder_eval n=30000 decoder_mse=3.207374e-06 decoder_nmse=-21.489dB
I 07.08/14:53:22 train_decoder_lora.py:1020] Epoch [240/400] lr=3.239528e-04 train_opt_loss=1.872490e-06 val_external_select_loss=3.207374e-06 val_external_rec=3.207374e-06 val_external_code=1.006860e-01 val_external_delta=0.000000e+00 val_external_recT=0.000000e+00 val_external_fc=0.000000e+00
I 07.08/14:53:30 train_decoder_lora.py:1020] Epoch [241/400] lr=3.226647e-04 train_opt_loss=1.860588e-06 val_external_select_loss=3.200689e-06 val_external_rec=3.200689e-06 val_external_code=1.006860e-01 val_external_delta=0.000000e+00 val_external_recT=0.000000e+00 val_external_fc=0.000000e+00
I 07.08/14:53:40 train_decoder_lora.py:1020] Epoch [242/400] lr=3.213787e-04 train_opt_loss=1.851329e-06 val_external_select_loss=3.193719e-06 val_external_rec=3.193719e-06 val_external_code=1.006860e-01 val_external_delta=0.000000e+00 val_external_recT=0.000000e+00 val_external_fc=0.000000e+00
I 07.08/14:53:49 train_decoder_lora.py:1020] Epoch [243/400] lr=3.200948e-04 train_opt_loss=1.864154e-06 val_external_select_loss=3.207633e-06 val_external_rec=3.207633e-06 val_external_code=1.006860e-01 val_external_delta=0.000000e+00 val_external_recT=0.000000e+00 val_external_fc=0.000000e+00
I 07.08/14:53:58 train_decoder_lora.py:1020] Epoch [244/400] lr=3.188132e-04 train_opt_loss=1.862678e-06 val_external_select_loss=3.221290e-06 val_external_rec=3.221290e-06 val_external_code=1.006860e-01 val_external_delta=0.000000e+00 val_external_recT=0.000000e+00 val_external_fc=0.000000e+00
I 07.08/14:54:06 train_decoder_lora.py:1020] Epoch [245/400] lr=3.175341e-04 train_opt_loss=1.831177e-06 val_external_select_loss=3.164104e-06 val_external_rec=3.164104e-06 val_external_code=1.006860e-01 val_external_delta=0.000000e+00 val_external_recT=0.000000e+00 val_external_fc=0.000000e+00
I 07.08/14:54:15 train_decoder_lora.py:1020] Epoch [246/400] lr=3.162573e-04 train_opt_loss=1.856905e-06 val_external_select_loss=3.195909e-06 val_external_rec=3.195909e-06 val_external_code=1.006860e-01 val_external_delta=0.000000e+00 val_external_recT=0.000000e+00 val_external_fc=0.000000e+00
I 07.08/14:54:23 train_decoder_lora.py:1020] Epoch [247/400] lr=3.149832e-04 train_opt_loss=1.823618e-06 val_external_select_loss=3.180422e-06 val_external_rec=3.180422e-06 val_external_code=1.006860e-01 val_external_delta=0.000000e+00 val_external_recT=0.000000e+00 val_external_fc=0.000000e+00
I 07.08/14:54:32 train_decoder_lora.py:1020] Epoch [248/400] lr=3.137117e-04 train_opt_loss=1.829975e-06 val_external_select_loss=3.186124e-06 val_external_rec=3.186124e-06 val_external_code=1.006860e-01 val_external_delta=0.000000e+00 val_external_recT=0.000000e+00 val_external_fc=0.000000e+00
I 07.08/14:54:40 train_decoder_lora.py:1020] Epoch [249/400] lr=3.124430e-04 train_opt_loss=1.823011e-06 val_external_select_loss=3.191186e-06 val_external_rec=3.191186e-06 val_external_code=1.006860e-01 val_external_delta=0.000000e+00 val_external_recT=0.000000e+00 val_external_fc=0.000000e+00
I 07.08/14:54:49 train_decoder_lora.py:1020] Epoch [250/400] lr=3.111771e-04 train_opt_loss=1.835413e-06 val_external_select_loss=3.200374e-06 val_external_rec=3.200374e-06 val_external_code=1.006860e-01 val_external_delta=0.000000e+00 val_external_recT=0.000000e+00 val_external_fc=0.000000e+00
I 07.08/14:54:57 train_decoder_lora.py:1020] Epoch [251/400] lr=3.099142e-04 train_opt_loss=1.849224e-06 val_external_select_loss=3.162780e-06 val_external_rec=3.162780e-06 val_external_code=1.006860e-01 val_external_delta=0.000000e+00 val_external_recT=0.000000e+00 val_external_fc=0.000000e+00
I 07.08/14:55:05 train_decoder_lora.py:1020] Epoch [252/400] lr=3.086544e-04 train_opt_loss=1.809863e-06 val_external_select_loss=3.184759e-06 val_external_rec=3.184759e-06 val_external_code=1.006860e-01 val_external_delta=0.000000e+00 val_external_recT=0.000000e+00 val_external_fc=0.000000e+00
I 07.08/14:55:13 train_decoder_lora.py:1020] Epoch [253/400] lr=3.073977e-04 train_opt_loss=1.804516e-06 val_external_select_loss=3.177298e-06 val_external_rec=3.177298e-06 val_external_code=1.006860e-01 val_external_delta=0.000000e+00 val_external_recT=0.000000e+00 val_external_fc=0.000000e+00
I 07.08/14:55:22 train_decoder_lora.py:1020] Epoch [254/400] lr=3.061442e-04 train_opt_loss=1.804022e-06 val_external_select_loss=3.129986e-06 val_external_rec=3.129986e-06 val_external_code=1.006860e-01 val_external_delta=0.000000e+00 val_external_recT=0.000000e+00 val_external_fc=0.000000e+00
I 07.08/14:55:31 train_decoder_lora.py:1020] Epoch [255/400] lr=3.048941e-04 train_opt_loss=1.808483e-06 val_external_select_loss=3.171475e-06 val_external_rec=3.171475e-06 val_external_code=1.006860e-01 val_external_delta=0.000000e+00 val_external_recT=0.000000e+00 val_external_fc=0.000000e+00
I 07.08/14:55:38 train_decoder_lora.py:1020] Epoch [256/400] lr=3.036475e-04 train_opt_loss=1.789479e-06 val_external_select_loss=3.141280e-06 val_external_rec=3.141280e-06 val_external_code=1.006860e-01 val_external_delta=0.000000e+00 val_external_recT=0.000000e+00 val_external_fc=0.000000e+00
I 07.08/14:55:43 train_decoder_lora.py:1020] Epoch [257/400] lr=3.024043e-04 train_opt_loss=1.795019e-06 val_external_select_loss=3.147517e-06 val_external_rec=3.147517e-06 val_external_code=1.006860e-01 val_external_delta=0.000000e+00 val_external_recT=0.000000e+00 val_external_fc=0.000000e+00
I 07.08/14:55:52 train_decoder_lora.py:1020] Epoch [258/400] lr=3.011648e-04 train_opt_loss=1.793259e-06 val_external_select_loss=3.181049e-06 val_external_rec=3.181049e-06 val_external_code=1.006860e-01 val_external_delta=0.000000e+00 val_external_recT=0.000000e+00 val_external_fc=0.000000e+00
I 07.08/14:55:59 train_decoder_lora.py:1020] Epoch [259/400] lr=2.999290e-04 train_opt_loss=1.806382e-06 val_external_select_loss=3.164709e-06 val_external_rec=3.164709e-06 val_external_code=1.006860e-01 val_external_delta=0.000000e+00 val_external_recT=0.000000e+00 val_external_fc=0.000000e+00
I 07.08/14:56:09 train_decoder_lora.py:974 ] Epoch [260/400] val_external_decoder_eval n=30000 decoder_mse=3.206460e-06 decoder_nmse=-21.490dB
I 07.08/14:56:09 train_decoder_lora.py:1020] Epoch [260/400] lr=2.986970e-04 train_opt_loss=1.802013e-06 val_external_select_loss=3.206460e-06 val_external_rec=3.206460e-06 val_external_code=1.006860e-01 val_external_delta=0.000000e+00 val_external_recT=0.000000e+00 val_external_fc=0.000000e+00
I 07.08/14:56:18 train_decoder_lora.py:1020] Epoch [261/400] lr=2.974689e-04 train_opt_loss=1.810355e-06 val_external_select_loss=3.184824e-06 val_external_rec=3.184824e-06 val_external_code=1.006860e-01 val_external_delta=0.000000e+00 val_external_recT=0.000000e+00 val_external_fc=0.000000e+00
I 07.08/14:56:27 train_decoder_lora.py:1020] Epoch [262/400] lr=2.962448e-04 train_opt_loss=1.784117e-06 val_external_select_loss=3.174929e-06 val_external_rec=3.174929e-06 val_external_code=1.006860e-01 val_external_delta=0.000000e+00 val_external_recT=0.000000e+00 val_external_fc=0.000000e+00
I 07.08/14:56:36 train_decoder_lora.py:1020] Epoch [263/400] lr=2.950248e-04 train_opt_loss=1.815120e-06 val_external_select_loss=3.153968e-06 val_external_rec=3.153968e-06 val_external_code=1.006860e-01 val_external_delta=0.000000e+00 val_external_recT=0.000000e+00 val_external_fc=0.000000e+00
I 07.08/14:56:43 train_decoder_lora.py:1020] Epoch [264/400] lr=2.938090e-04 train_opt_loss=1.804690e-06 val_external_select_loss=3.152400e-06 val_external_rec=3.152400e-06 val_external_code=1.006860e-01 val_external_delta=0.000000e+00 val_external_recT=0.000000e+00 val_external_fc=0.000000e+00
I 07.08/14:56:51 train_decoder_lora.py:1020] Epoch [265/400] lr=2.925975e-04 train_opt_loss=1.786876e-06 val_external_select_loss=3.143586e-06 val_external_rec=3.143586e-06 val_external_code=1.006860e-01 val_external_delta=0.000000e+00 val_external_recT=0.000000e+00 val_external_fc=0.000000e+00
I 07.08/14:56:59 train_decoder_lora.py:1020] Epoch [266/400] lr=2.913903e-04 train_opt_loss=1.778415e-06 val_external_select_loss=3.182762e-06 val_external_rec=3.182762e-06 val_external_code=1.006860e-01 val_external_delta=0.000000e+00 val_external_recT=0.000000e+00 val_external_fc=0.000000e+00
I 07.08/14:57:07 train_decoder_lora.py:1020] Epoch [267/400] lr=2.901876e-04 train_opt_loss=1.775431e-06 val_external_select_loss=3.178153e-06 val_external_rec=3.178153e-06 val_external_code=1.006860e-01 val_external_delta=0.000000e+00 val_external_recT=0.000000e+00 val_external_fc=0.000000e+00
I 07.08/14:57:16 train_decoder_lora.py:1020] Epoch [268/400] lr=2.889895e-04 train_opt_loss=1.767842e-06 val_external_select_loss=3.127393e-06 val_external_rec=3.127393e-06 val_external_code=1.006860e-01 val_external_delta=0.000000e+00 val_external_recT=0.000000e+00 val_external_fc=0.000000e+00
I 07.08/14:57:24 train_decoder_lora.py:1020] Epoch [269/400] lr=2.877960e-04 train_opt_loss=1.761541e-06 val_external_select_loss=3.134620e-06 val_external_rec=3.134620e-06 val_external_code=1.006860e-01 val_external_delta=0.000000e+00 val_external_recT=0.000000e+00 val_external_fc=0.000000e+00
I 07.08/14:57:30 train_decoder_lora.py:1020] Epoch [270/400] lr=2.866073e-04 train_opt_loss=1.767531e-06 val_external_select_loss=3.172880e-06 val_external_rec=3.172880e-06 val_external_code=1.006860e-01 val_external_delta=0.000000e+00 val_external_recT=0.000000e+00 val_external_fc=0.000000e+00
I 07.08/14:57:37 train_decoder_lora.py:1020] Epoch [271/400] lr=2.854233e-04 train_opt_loss=1.744448e-06 val_external_select_loss=3.113864e-06 val_external_rec=3.113864e-06 val_external_code=1.006860e-01 val_external_delta=0.000000e+00 val_external_recT=0.000000e+00 val_external_fc=0.000000e+00
I 07.08/14:57:44 train_decoder_lora.py:1020] Epoch [272/400] lr=2.842443e-04 train_opt_loss=1.761043e-06 val_external_select_loss=3.124869e-06 val_external_rec=3.124869e-06 val_external_code=1.006860e-01 val_external_delta=0.000000e+00 val_external_recT=0.000000e+00 val_external_fc=0.000000e+00
I 07.08/14:57:52 train_decoder_lora.py:1020] Epoch [273/400] lr=2.830703e-04 train_opt_loss=1.750898e-06 val_external_select_loss=3.133048e-06 val_external_rec=3.133048e-06 val_external_code=1.006860e-01 val_external_delta=0.000000e+00 val_external_recT=0.000000e+00 val_external_fc=0.000000e+00
I 07.08/14:58:01 train_decoder_lora.py:1020] Epoch [274/400] lr=2.819014e-04 train_opt_loss=1.754878e-06 val_external_select_loss=3.143435e-06 val_external_rec=3.143435e-06 val_external_code=1.006860e-01 val_external_delta=0.000000e+00 val_external_recT=0.000000e+00 val_external_fc=0.000000e+00
I 07.08/14:58:09 train_decoder_lora.py:1020] Epoch [275/400] lr=2.807377e-04 train_opt_loss=1.759181e-06 val_external_select_loss=3.124834e-06 val_external_rec=3.124834e-06 val_external_code=1.006860e-01 val_external_delta=0.000000e+00 val_external_recT=0.000000e+00 val_external_fc=0.000000e+00
I 07.08/14:58:16 train_decoder_lora.py:1020] Epoch [276/400] lr=2.795793e-04 train_opt_loss=1.760837e-06 val_external_select_loss=3.154150e-06 val_external_rec=3.154150e-06 val_external_code=1.006860e-01 val_external_delta=0.000000e+00 val_external_recT=0.000000e+00 val_external_fc=0.000000e+00
I 07.08/14:58:22 train_decoder_lora.py:1020] Epoch [277/400] lr=2.784262e-04 train_opt_loss=1.750127e-06 val_external_select_loss=3.151977e-06 val_external_rec=3.151977e-06 val_external_code=1.006860e-01 val_external_delta=0.000000e+00 val_external_recT=0.000000e+00 val_external_fc=0.000000e+00
I 07.08/14:58:27 train_decoder_lora.py:1020] Epoch [278/400] lr=2.772786e-04 train_opt_loss=1.751299e-06 val_external_select_loss=3.112713e-06 val_external_rec=3.112713e-06 val_external_code=1.006860e-01 val_external_delta=0.000000e+00 val_external_recT=0.000000e+00 val_external_fc=0.000000e+00
I 07.08/14:58:36 train_decoder_lora.py:1020] Epoch [279/400] lr=2.761365e-04 train_opt_loss=1.746462e-06 val_external_select_loss=3.124919e-06 val_external_rec=3.124919e-06 val_external_code=1.006860e-01 val_external_delta=0.000000e+00 val_external_recT=0.000000e+00 val_external_fc=0.000000e+00
I 07.08/14:58:47 train_decoder_lora.py:974 ] Epoch [280/400] val_external_decoder_eval n=30000 decoder_mse=3.179257e-06 decoder_nmse=-21.527dB
I 07.08/14:58:47 train_decoder_lora.py:1020] Epoch [280/400] lr=2.750000e-04 train_opt_loss=1.741263e-06 val_external_select_loss=3.179257e-06 val_external_rec=3.179257e-06 val_external_code=1.006860e-01 val_external_delta=0.000000e+00 val_external_recT=0.000000e+00 val_external_fc=0.000000e+00
I 07.08/14:58:55 train_decoder_lora.py:1020] Epoch [281/400] lr=2.738692e-04 train_opt_loss=1.734393e-06 val_external_select_loss=3.107471e-06 val_external_rec=3.107471e-06 val_external_code=1.006860e-01 val_external_delta=0.000000e+00 val_external_recT=0.000000e+00 val_external_fc=0.000000e+00
I 07.08/14:59:01 train_decoder_lora.py:1020] Epoch [282/400] lr=2.727443e-04 train_opt_loss=1.729043e-06 val_external_select_loss=3.111769e-06 val_external_rec=3.111769e-06 val_external_code=1.006860e-01 val_external_delta=0.000000e+00 val_external_recT=0.000000e+00 val_external_fc=0.000000e+00
I 07.08/14:59:10 train_decoder_lora.py:1020] Epoch [283/400] lr=2.716252e-04 train_opt_loss=1.733350e-06 val_external_select_loss=3.193599e-06 val_external_rec=3.193599e-06 val_external_code=1.006860e-01 val_external_delta=0.000000e+00 val_external_recT=0.000000e+00 val_external_fc=0.000000e+00
I 07.08/14:59:16 train_decoder_lora.py:1020] Epoch [284/400] lr=2.705121e-04 train_opt_loss=1.747926e-06 val_external_select_loss=3.138732e-06 val_external_rec=3.138732e-06 val_external_code=1.006860e-01 val_external_delta=0.000000e+00 val_external_recT=0.000000e+00 val_external_fc=0.000000e+00
I 07.08/14:59:21 train_decoder_lora.py:1020] Epoch [285/400] lr=2.694051e-04 train_opt_loss=1.740582e-06 val_external_select_loss=3.092947e-06 val_external_rec=3.092947e-06 val_external_code=1.006860e-01 val_external_delta=0.000000e+00 val_external_recT=0.000000e+00 val_external_fc=0.000000e+00
I 07.08/14:59:26 train_decoder_lora.py:1020] Epoch [286/400] lr=2.683041e-04 train_opt_loss=1.707411e-06 val_external_select_loss=3.100854e-06 val_external_rec=3.100854e-06 val_external_code=1.006860e-01 val_external_delta=0.000000e+00 val_external_recT=0.000000e+00 val_external_fc=0.000000e+00
I 07.08/14:59:31 train_decoder_lora.py:1020] Epoch [287/400] lr=2.672095e-04 train_opt_loss=1.709231e-06 val_external_select_loss=3.091738e-06 val_external_rec=3.091738e-06 val_external_code=1.006860e-01 val_external_delta=0.000000e+00 val_external_recT=0.000000e+00 val_external_fc=0.000000e+00
I 07.08/14:59:36 train_decoder_lora.py:1020] Epoch [288/400] lr=2.661211e-04 train_opt_loss=1.715089e-06 val_external_select_loss=3.108658e-06 val_external_rec=3.108658e-06 val_external_code=1.006860e-01 val_external_delta=0.000000e+00 val_external_recT=0.000000e+00 val_external_fc=0.000000e+00
I 07.08/14:59:42 train_decoder_lora.py:1020] Epoch [289/400] lr=2.650391e-04 train_opt_loss=1.723799e-06 val_external_select_loss=3.099735e-06 val_external_rec=3.099735e-06 val_external_code=1.006860e-01 val_external_delta=0.000000e+00 val_external_recT=0.000000e+00 val_external_fc=0.000000e+00
I 07.08/14:59:47 train_decoder_lora.py:1020] Epoch [290/400] lr=2.639635e-04 train_opt_loss=1.702745e-06 val_external_select_loss=3.085997e-06 val_external_rec=3.085997e-06 val_external_code=1.006860e-01 val_external_delta=0.000000e+00 val_external_recT=0.000000e+00 val_external_fc=0.000000e+00
I 07.08/14:59:51 train_decoder_lora.py:1020] Epoch [291/400] lr=2.628946e-04 train_opt_loss=1.713193e-06 val_external_select_loss=3.103443e-06 val_external_rec=3.103443e-06 val_external_code=1.006860e-01 val_external_delta=0.000000e+00 val_external_recT=0.000000e+00 val_external_fc=0.000000e+00
I 07.08/14:59:56 train_decoder_lora.py:1020] Epoch [292/400] lr=2.618322e-04 train_opt_loss=1.718686e-06 val_external_select_loss=3.131545e-06 val_external_rec=3.131545e-06 val_external_code=1.006860e-01 val_external_delta=0.000000e+00 val_external_recT=0.000000e+00 val_external_fc=0.000000e+00
I 07.08/15:00:01 train_decoder_lora.py:1020] Epoch [293/400] lr=2.607766e-04 train_opt_loss=1.717950e-06 val_external_select_loss=3.101263e-06 val_external_rec=3.101263e-06 val_external_code=1.006860e-01 val_external_delta=0.000000e+00 val_external_recT=0.000000e+00 val_external_fc=0.000000e+00
I 07.08/15:00:07 train_decoder_lora.py:1020] Epoch [294/400] lr=2.597277e-04 train_opt_loss=1.711324e-06 val_external_select_loss=3.087475e-06 val_external_rec=3.087475e-06 val_external_code=1.006860e-01 val_external_delta=0.000000e+00 val_external_recT=0.000000e+00 val_external_fc=0.000000e+00
I 07.08/15:00:11 train_decoder_lora.py:1020] Epoch [295/400] lr=2.586858e-04 train_opt_loss=1.707885e-06 val_external_select_loss=3.101181e-06 val_external_rec=3.101181e-06 val_external_code=1.006860e-01 val_external_delta=0.000000e+00 val_external_recT=0.000000e+00 val_external_fc=0.000000e+00
I 07.08/15:00:16 train_decoder_lora.py:1020] Epoch [296/400] lr=2.576508e-04 train_opt_loss=1.707398e-06 val_external_select_loss=3.114111e-06 val_external_rec=3.114111e-06 val_external_code=1.006860e-01 val_external_delta=0.000000e+00 val_external_recT=0.000000e+00 val_external_fc=0.000000e+00
I 07.08/15:00:21 train_decoder_lora.py:1020] Epoch [297/400] lr=2.566228e-04 train_opt_loss=1.716860e-06 val_external_select_loss=3.098299e-06 val_external_rec=3.098299e-06 val_external_code=1.006860e-01 val_external_delta=0.000000e+00 val_external_recT=0.000000e+00 val_external_fc=0.000000e+00
I 07.08/15:00:26 train_decoder_lora.py:1020] Epoch [298/400] lr=2.556019e-04 train_opt_loss=1.698462e-06 val_external_select_loss=3.099495e-06 val_external_rec=3.099495e-06 val_external_code=1.006860e-01 val_external_delta=0.000000e+00 val_external_recT=0.000000e+00 val_external_fc=0.000000e+00
I 07.08/15:00:31 train_decoder_lora.py:1020] Epoch [299/400] lr=2.545883e-04 train_opt_loss=1.695308e-06 val_external_select_loss=3.100749e-06 val_external_rec=3.100749e-06 val_external_code=1.006860e-01 val_external_delta=0.000000e+00 val_external_recT=0.000000e+00 val_external_fc=0.000000e+00
I 07.08/15:00:41 train_decoder_lora.py:974 ] Epoch [300/400] val_external_decoder_eval n=30000 decoder_mse=3.095400e-06 decoder_nmse=-21.643dB
I 07.08/15:00:41 train_decoder_lora.py:1020] Epoch [300/400] lr=2.535819e-04 train_opt_loss=1.697862e-06 val_external_select_loss=3.095400e-06 val_external_rec=3.095400e-06 val_external_code=1.006860e-01 val_external_delta=0.000000e+00 val_external_recT=0.000000e+00 val_external_fc=0.000000e+00
I 07.08/15:00:50 train_decoder_lora.py:1020] Epoch [301/400] lr=2.525828e-04 train_opt_loss=1.679906e-06 val_external_select_loss=3.087029e-06 val_external_rec=3.087029e-06 val_external_code=1.006860e-01 val_external_delta=0.000000e+00 val_external_recT=0.000000e+00 val_external_fc=0.000000e+00
I 07.08/15:00:59 train_decoder_lora.py:1020] Epoch [302/400] lr=2.515911e-04 train_opt_loss=1.677546e-06 val_external_select_loss=3.099970e-06 val_external_rec=3.099970e-06 val_external_code=1.006860e-01 val_external_delta=0.000000e+00 val_external_recT=0.000000e+00 val_external_fc=0.000000e+00
I 07.08/15:01:07 train_decoder_lora.py:1020] Epoch [303/400] lr=2.506070e-04 train_opt_loss=1.701887e-06 val_external_select_loss=3.093633e-06 val_external_rec=3.093633e-06 val_external_code=1.006860e-01 val_external_delta=0.000000e+00 val_external_recT=0.000000e+00 val_external_fc=0.000000e+00
I 07.08/15:01:15 train_decoder_lora.py:1020] Epoch [304/400] lr=2.496304e-04 train_opt_loss=1.692178e-06 val_external_select_loss=3.083092e-06 val_external_rec=3.083092e-06 val_external_code=1.006860e-01 val_external_delta=0.000000e+00 val_external_recT=0.000000e+00 val_external_fc=0.000000e+00
I 07.08/15:01:23 train_decoder_lora.py:1020] Epoch [305/400] lr=2.486615e-04 train_opt_loss=1.707561e-06 val_external_select_loss=3.084762e-06 val_external_rec=3.084762e-06 val_external_code=1.006860e-01 val_external_delta=0.000000e+00 val_external_recT=0.000000e+00 val_external_fc=0.000000e+00
I 07.08/15:01:29 train_decoder_lora.py:1020] Epoch [306/400] lr=2.477002e-04 train_opt_loss=1.686553e-06 val_external_select_loss=3.105282e-06 val_external_rec=3.105282e-06 val_external_code=1.006860e-01 val_external_delta=0.000000e+00 val_external_recT=0.000000e+00 val_external_fc=0.000000e+00
I 07.08/15:01:35 train_decoder_lora.py:1020] Epoch [307/400] lr=2.467468e-04 train_opt_loss=1.669920e-06 val_external_select_loss=3.078809e-06 val_external_rec=3.078809e-06 val_external_code=1.006860e-01 val_external_delta=0.000000e+00 val_external_recT=0.000000e+00 val_external_fc=0.000000e+00
I 07.08/15:01:42 train_decoder_lora.py:1020] Epoch [308/400] lr=2.458012e-04 train_opt_loss=1.663325e-06 val_external_select_loss=3.076876e-06 val_external_rec=3.076876e-06 val_external_code=1.006860e-01 val_external_delta=0.000000e+00 val_external_recT=0.000000e+00 val_external_fc=0.000000e+00
I 07.08/15:01:49 train_decoder_lora.py:1020] Epoch [309/400] lr=2.448636e-04 train_opt_loss=1.675479e-06 val_external_select_loss=3.093552e-06 val_external_rec=3.093552e-06 val_external_code=1.006860e-01 val_external_delta=0.000000e+00 val_external_recT=0.000000e+00 val_external_fc=0.000000e+00
I 07.08/15:01:55 train_decoder_lora.py:1020] Epoch [310/400] lr=2.439340e-04 train_opt_loss=1.669076e-06 val_external_select_loss=3.104368e-06 val_external_rec=3.104368e-06 val_external_code=1.006860e-01 val_external_delta=0.000000e+00 val_external_recT=0.000000e+00 val_external_fc=0.000000e+00
I 07.08/15:02:00 train_decoder_lora.py:1020] Epoch [311/400] lr=2.430124e-04 train_opt_loss=1.670351e-06 val_external_select_loss=3.069536e-06 val_external_rec=3.069536e-06 val_external_code=1.006860e-01 val_external_delta=0.000000e+00 val_external_recT=0.000000e+00 val_external_fc=0.000000e+00
I 07.08/15:02:06 train_decoder_lora.py:1020] Epoch [312/400] lr=2.420990e-04 train_opt_loss=1.664777e-06 val_external_select_loss=3.079978e-06 val_external_rec=3.079978e-06 val_external_code=1.006860e-01 val_external_delta=0.000000e+00 val_external_recT=0.000000e+00 val_external_fc=0.000000e+00
I 07.08/15:02:14 train_decoder_lora.py:1020] Epoch [313/400] lr=2.411938e-04 train_opt_loss=1.666606e-06 val_external_select_loss=3.069469e-06 val_external_rec=3.069469e-06 val_external_code=1.006860e-01 val_external_delta=0.000000e+00 val_external_recT=0.000000e+00 val_external_fc=0.000000e+00
I 07.08/15:02:21 train_decoder_lora.py:1020] Epoch [314/400] lr=2.402969e-04 train_opt_loss=1.656919e-06 val_external_select_loss=3.072571e-06 val_external_rec=3.072571e-06 val_external_code=1.006860e-01 val_external_delta=0.000000e+00 val_external_recT=0.000000e+00 val_external_fc=0.000000e+00
I 07.08/15:02:28 train_decoder_lora.py:1020] Epoch [315/400] lr=2.394084e-04 train_opt_loss=1.652634e-06 val_external_select_loss=3.080684e-06 val_external_rec=3.080684e-06 val_external_code=1.006860e-01 val_external_delta=0.000000e+00 val_external_recT=0.000000e+00 val_external_fc=0.000000e+00
I 07.08/15:02:35 train_decoder_lora.py:1020] Epoch [316/400] lr=2.385283e-04 train_opt_loss=1.664158e-06 val_external_select_loss=3.086107e-06 val_external_rec=3.086107e-06 val_external_code=1.006860e-01 val_external_delta=0.000000e+00 val_external_recT=0.000000e+00 val_external_fc=0.000000e+00
I 07.08/15:02:45 train_decoder_lora.py:1020] Epoch [317/400] lr=2.376566e-04 train_opt_loss=1.667806e-06 val_external_select_loss=3.090402e-06 val_external_rec=3.090402e-06 val_external_code=1.006860e-01 val_external_delta=0.000000e+00 val_external_recT=0.000000e+00 val_external_fc=0.000000e+00
I 07.08/15:02:53 train_decoder_lora.py:1020] Epoch [318/400] lr=2.367936e-04 train_opt_loss=1.671470e-06 val_external_select_loss=3.064884e-06 val_external_rec=3.064884e-06 val_external_code=1.006860e-01 val_external_delta=0.000000e+00 val_external_recT=0.000000e+00 val_external_fc=0.000000e+00
I 07.08/15:03:03 train_decoder_lora.py:1020] Epoch [319/400] lr=2.359391e-04 train_opt_loss=1.658142e-06 val_external_select_loss=3.039366e-06 val_external_rec=3.039366e-06 val_external_code=1.006860e-01 val_external_delta=0.000000e+00 val_external_recT=0.000000e+00 val_external_fc=0.000000e+00
I 07.08/15:03:13 train_decoder_lora.py:974 ] Epoch [320/400] val_external_decoder_eval n=30000 decoder_mse=3.076864e-06 decoder_nmse=-21.669dB
I 07.08/15:03:13 train_decoder_lora.py:1020] Epoch [320/400] lr=2.350933e-04 train_opt_loss=1.664338e-06 val_external_select_loss=3.076864e-06 val_external_rec=3.076864e-06 val_external_code=1.006860e-01 val_external_delta=0.000000e+00 val_external_recT=0.000000e+00 val_external_fc=0.000000e+00
I 07.08/15:03:23 train_decoder_lora.py:1020] Epoch [321/400] lr=2.342563e-04 train_opt_loss=1.649547e-06 val_external_select_loss=3.075067e-06 val_external_rec=3.075067e-06 val_external_code=1.006860e-01 val_external_delta=0.000000e+00 val_external_recT=0.000000e+00 val_external_fc=0.000000e+00
I 07.08/15:03:31 train_decoder_lora.py:1020] Epoch [322/400] lr=2.334281e-04 train_opt_loss=1.639364e-06 val_external_select_loss=3.065317e-06 val_external_rec=3.065317e-06 val_external_code=1.006860e-01 val_external_delta=0.000000e+00 val_external_recT=0.000000e+00 val_external_fc=0.000000e+00
I 07.08/15:03:39 train_decoder_lora.py:1020] Epoch [323/400] lr=2.326088e-04 train_opt_loss=1.642454e-06 val_external_select_loss=3.082871e-06 val_external_rec=3.082871e-06 val_external_code=1.006860e-01 val_external_delta=0.000000e+00 val_external_recT=0.000000e+00 val_external_fc=0.000000e+00
I 07.08/15:03:46 train_decoder_lora.py:1020] Epoch [324/400] lr=2.317984e-04 train_opt_loss=1.663310e-06 val_external_select_loss=3.070523e-06 val_external_rec=3.070523e-06 val_external_code=1.006860e-01 val_external_delta=0.000000e+00 val_external_recT=0.000000e+00 val_external_fc=0.000000e+00
I 07.08/15:03:52 train_decoder_lora.py:1020] Epoch [325/400] lr=2.309970e-04 train_opt_loss=1.642825e-06 val_external_select_loss=3.057629e-06 val_external_rec=3.057629e-06 val_external_code=1.006860e-01 val_external_delta=0.000000e+00 val_external_recT=0.000000e+00 val_external_fc=0.000000e+00
I 07.08/15:03:59 train_decoder_lora.py:1020] Epoch [326/400] lr=2.302047e-04 train_opt_loss=1.639647e-06 val_external_select_loss=3.058316e-06 val_external_rec=3.058316e-06 val_external_code=1.006860e-01 val_external_delta=0.000000e+00 val_external_recT=0.000000e+00 val_external_fc=0.000000e+00
I 07.08/15:04:05 train_decoder_lora.py:1020] Epoch [327/400] lr=2.294215e-04 train_opt_loss=1.647435e-06 val_external_select_loss=3.046679e-06 val_external_rec=3.046679e-06 val_external_code=1.006860e-01 val_external_delta=0.000000e+00 val_external_recT=0.000000e+00 val_external_fc=0.000000e+00
I 07.08/15:04:12 train_decoder_lora.py:1020] Epoch [328/400] lr=2.286475e-04 train_opt_loss=1.636108e-06 val_external_select_loss=3.092921e-06 val_external_rec=3.092921e-06 val_external_code=1.006860e-01 val_external_delta=0.000000e+00 val_external_recT=0.000000e+00 val_external_fc=0.000000e+00
I 07.08/15:04:19 train_decoder_lora.py:1020] Epoch [329/400] lr=2.278827e-04 train_opt_loss=1.629920e-06 val_external_select_loss=3.031542e-06 val_external_rec=3.031542e-06 val_external_code=1.006860e-01 val_external_delta=0.000000e+00 val_external_recT=0.000000e+00 val_external_fc=0.000000e+00
I 07.08/15:04:25 train_decoder_lora.py:1020] Epoch [330/400] lr=2.271272e-04 train_opt_loss=1.634497e-06 val_external_select_loss=3.095802e-06 val_external_rec=3.095802e-06 val_external_code=1.006860e-01 val_external_delta=0.000000e+00 val_external_recT=0.000000e+00 val_external_fc=0.000000e+00
I 07.08/15:04:30 train_decoder_lora.py:1020] Epoch [331/400] lr=2.263811e-04 train_opt_loss=1.627134e-06 val_external_select_loss=3.088117e-06 val_external_rec=3.088117e-06 val_external_code=1.006860e-01 val_external_delta=0.000000e+00 val_external_recT=0.000000e+00 val_external_fc=0.000000e+00
I 07.08/15:04:38 train_decoder_lora.py:1020] Epoch [332/400] lr=2.256444e-04 train_opt_loss=1.644009e-06 val_external_select_loss=3.062224e-06 val_external_rec=3.062224e-06 val_external_code=1.006860e-01 val_external_delta=0.000000e+00 val_external_recT=0.000000e+00 val_external_fc=0.000000e+00
I 07.08/15:04:47 train_decoder_lora.py:1020] Epoch [333/400] lr=2.249171e-04 train_opt_loss=1.645271e-06 val_external_select_loss=3.054842e-06 val_external_rec=3.054842e-06 val_external_code=1.006860e-01 val_external_delta=0.000000e+00 val_external_recT=0.000000e+00 val_external_fc=0.000000e+00
I 07.08/15:04:55 train_decoder_lora.py:1020] Epoch [334/400] lr=2.241994e-04 train_opt_loss=1.625125e-06 val_external_select_loss=3.058495e-06 val_external_rec=3.058495e-06 val_external_code=1.006860e-01 val_external_delta=0.000000e+00 val_external_recT=0.000000e+00 val_external_fc=0.000000e+00
I 07.08/15:05:04 train_decoder_lora.py:1020] Epoch [335/400] lr=2.234913e-04 train_opt_loss=1.618902e-06 val_external_select_loss=3.071552e-06 val_external_rec=3.071552e-06 val_external_code=1.006860e-01 val_external_delta=0.000000e+00 val_external_recT=0.000000e+00 val_external_fc=0.000000e+00
I 07.08/15:05:13 train_decoder_lora.py:1020] Epoch [336/400] lr=2.227928e-04 train_opt_loss=1.632615e-06 val_external_select_loss=3.049928e-06 val_external_rec=3.049928e-06 val_external_code=1.006860e-01 val_external_delta=0.000000e+00 val_external_recT=0.000000e+00 val_external_fc=0.000000e+00
I 07.08/15:05:20 train_decoder_lora.py:1020] Epoch [337/400] lr=2.221040e-04 train_opt_loss=1.618508e-06 val_external_select_loss=3.037990e-06 val_external_rec=3.037990e-06 val_external_code=1.006860e-01 val_external_delta=0.000000e+00 val_external_recT=0.000000e+00 val_external_fc=0.000000e+00
I 07.08/15:05:27 train_decoder_lora.py:1020] Epoch [338/400] lr=2.214249e-04 train_opt_loss=1.617758e-06 val_external_select_loss=3.056103e-06 val_external_rec=3.056103e-06 val_external_code=1.006860e-01 val_external_delta=0.000000e+00 val_external_recT=0.000000e+00 val_external_fc=0.000000e+00
I 07.08/15:05:36 train_decoder_lora.py:1020] Epoch [339/400] lr=2.207556e-04 train_opt_loss=1.631269e-06 val_external_select_loss=3.029834e-06 val_external_rec=3.029834e-06 val_external_code=1.006860e-01 val_external_delta=0.000000e+00 val_external_recT=0.000000e+00 val_external_fc=0.000000e+00
I 07.08/15:05:45 train_decoder_lora.py:974 ] Epoch [340/400] val_external_decoder_eval n=30000 decoder_mse=3.028745e-06 decoder_nmse=-21.738dB
I 07.08/15:05:45 train_decoder_lora.py:1020] Epoch [340/400] lr=2.200962e-04 train_opt_loss=1.614431e-06 val_external_select_loss=3.028745e-06 val_external_rec=3.028745e-06 val_external_code=1.006860e-01 val_external_delta=0.000000e+00 val_external_recT=0.000000e+00 val_external_fc=0.000000e+00
I 07.08/15:05:53 train_decoder_lora.py:1020] Epoch [341/400] lr=2.194466e-04 train_opt_loss=1.626980e-06 val_external_select_loss=3.040390e-06 val_external_rec=3.040390e-06 val_external_code=1.006860e-01 val_external_delta=0.000000e+00 val_external_recT=0.000000e+00 val_external_fc=0.000000e+00
I 07.08/15:06:02 train_decoder_lora.py:1020] Epoch [342/400] lr=2.188070e-04 train_opt_loss=1.612430e-06 val_external_select_loss=3.053333e-06 val_external_rec=3.053333e-06 val_external_code=1.006860e-01 val_external_delta=0.000000e+00 val_external_recT=0.000000e+00 val_external_fc=0.000000e+00
I 07.08/15:06:09 train_decoder_lora.py:1020] Epoch [343/400] lr=2.181774e-04 train_opt_loss=1.618109e-06 val_external_select_loss=3.047110e-06 val_external_rec=3.047110e-06 val_external_code=1.006860e-01 val_external_delta=0.000000e+00 val_external_recT=0.000000e+00 val_external_fc=0.000000e+00
I 07.08/15:06:17 train_decoder_lora.py:1020] Epoch [344/400] lr=2.175579e-04 train_opt_loss=1.611312e-06 val_external_select_loss=3.064258e-06 val_external_rec=3.064258e-06 val_external_code=1.006860e-01 val_external_delta=0.000000e+00 val_external_recT=0.000000e+00 val_external_fc=0.000000e+00
I 07.08/15:06:24 train_decoder_lora.py:1020] Epoch [345/400] lr=2.169484e-04 train_opt_loss=1.609271e-06 val_external_select_loss=3.051508e-06 val_external_rec=3.051508e-06 val_external_code=1.006860e-01 val_external_delta=0.000000e+00 val_external_recT=0.000000e+00 val_external_fc=0.000000e+00
I 07.08/15:06:33 train_decoder_lora.py:1020] Epoch [346/400] lr=2.163490e-04 train_opt_loss=1.610001e-06 val_external_select_loss=3.036491e-06 val_external_rec=3.036491e-06 val_external_code=1.006860e-01 val_external_delta=0.000000e+00 val_external_recT=0.000000e+00 val_external_fc=0.000000e+00
I 07.08/15:06:42 train_decoder_lora.py:1020] Epoch [347/400] lr=2.157598e-04 train_opt_loss=1.614414e-06 val_external_select_loss=3.042293e-06 val_external_rec=3.042293e-06 val_external_code=1.006860e-01 val_external_delta=0.000000e+00 val_external_recT=0.000000e+00 val_external_fc=0.000000e+00
I 07.08/15:06:50 train_decoder_lora.py:1020] Epoch [348/400] lr=2.151809e-04 train_opt_loss=1.607660e-06 val_external_select_loss=3.088371e-06 val_external_rec=3.088371e-06 val_external_code=1.006860e-01 val_external_delta=0.000000e+00 val_external_recT=0.000000e+00 val_external_fc=0.000000e+00
I 07.08/15:06:59 train_decoder_lora.py:1020] Epoch [349/400] lr=2.146122e-04 train_opt_loss=1.623224e-06 val_external_select_loss=3.057659e-06 val_external_rec=3.057659e-06 val_external_code=1.006860e-01 val_external_delta=0.000000e+00 val_external_recT=0.000000e+00 val_external_fc=0.000000e+00
I 07.08/15:07:08 train_decoder_lora.py:1020] Epoch [350/400] lr=2.140538e-04 train_opt_loss=1.611374e-06 val_external_select_loss=3.037512e-06 val_external_rec=3.037512e-06 val_external_code=1.006860e-01 val_external_delta=0.000000e+00 val_external_recT=0.000000e+00 val_external_fc=0.000000e+00
I 07.08/15:07:17 train_decoder_lora.py:1020] Epoch [351/400] lr=2.135058e-04 train_opt_loss=1.602039e-06 val_external_select_loss=3.037210e-06 val_external_rec=3.037210e-06 val_external_code=1.006860e-01 val_external_delta=0.000000e+00 val_external_recT=0.000000e+00 val_external_fc=0.000000e+00
I 07.08/15:07:24 train_decoder_lora.py:1020] Epoch [352/400] lr=2.129682e-04 train_opt_loss=1.606206e-06 val_external_select_loss=3.047864e-06 val_external_rec=3.047864e-06 val_external_code=1.006860e-01 val_external_delta=0.000000e+00 val_external_recT=0.000000e+00 val_external_fc=0.000000e+00
I 07.08/15:07:32 train_decoder_lora.py:1020] Epoch [353/400] lr=2.124410e-04 train_opt_loss=1.600497e-06 val_external_select_loss=3.031031e-06 val_external_rec=3.031031e-06 val_external_code=1.006860e-01 val_external_delta=0.000000e+00 val_external_recT=0.000000e+00 val_external_fc=0.000000e+00
I 07.08/15:07:42 train_decoder_lora.py:1020] Epoch [354/400] lr=2.119243e-04 train_opt_loss=1.594924e-06 val_external_select_loss=3.042050e-06 val_external_rec=3.042050e-06 val_external_code=1.006860e-01 val_external_delta=0.000000e+00 val_external_recT=0.000000e+00 val_external_fc=0.000000e+00
I 07.08/15:07:50 train_decoder_lora.py:1020] Epoch [355/400] lr=2.114181e-04 train_opt_loss=1.597435e-06 val_external_select_loss=3.026233e-06 val_external_rec=3.026233e-06 val_external_code=1.006860e-01 val_external_delta=0.000000e+00 val_external_recT=0.000000e+00 val_external_fc=0.000000e+00
I 07.08/15:07:59 train_decoder_lora.py:1020] Epoch [356/400] lr=2.109224e-04 train_opt_loss=1.602017e-06 val_external_select_loss=3.037684e-06 val_external_rec=3.037684e-06 val_external_code=1.006860e-01 val_external_delta=0.000000e+00 val_external_recT=0.000000e+00 val_external_fc=0.000000e+00
I 07.08/15:08:07 train_decoder_lora.py:1020] Epoch [357/400] lr=2.104374e-04 train_opt_loss=1.599784e-06 val_external_select_loss=3.027608e-06 val_external_rec=3.027608e-06 val_external_code=1.006860e-01 val_external_delta=0.000000e+00 val_external_recT=0.000000e+00 val_external_fc=0.000000e+00
I 07.08/15:08:14 train_decoder_lora.py:1020] Epoch [358/400] lr=2.099629e-04 train_opt_loss=1.590133e-06 val_external_select_loss=3.035368e-06 val_external_rec=3.035368e-06 val_external_code=1.006860e-01 val_external_delta=0.000000e+00 val_external_recT=0.000000e+00 val_external_fc=0.000000e+00
I 07.08/15:08:21 train_decoder_lora.py:1020] Epoch [359/400] lr=2.094992e-04 train_opt_loss=1.592841e-06 val_external_select_loss=3.018055e-06 val_external_rec=3.018055e-06 val_external_code=1.006860e-01 val_external_delta=0.000000e+00 val_external_recT=0.000000e+00 val_external_fc=0.000000e+00
I 07.08/15:08:30 train_decoder_lora.py:974 ] Epoch [360/400] val_external_decoder_eval n=30000 decoder_mse=3.029739e-06 decoder_nmse=-21.736dB
I 07.08/15:08:30 train_decoder_lora.py:1020] Epoch [360/400] lr=2.090461e-04 train_opt_loss=1.594373e-06 val_external_select_loss=3.029739e-06 val_external_rec=3.029739e-06 val_external_code=1.006860e-01 val_external_delta=0.000000e+00 val_external_recT=0.000000e+00 val_external_fc=0.000000e+00
I 07.08/15:08:36 train_decoder_lora.py:1020] Epoch [361/400] lr=2.086038e-04 train_opt_loss=1.585901e-06 val_external_select_loss=3.054872e-06 val_external_rec=3.054872e-06 val_external_code=1.006860e-01 val_external_delta=0.000000e+00 val_external_recT=0.000000e+00 val_external_fc=0.000000e+00
I 07.08/15:08:44 train_decoder_lora.py:1020] Epoch [362/400] lr=2.081722e-04 train_opt_loss=1.597611e-06 val_external_select_loss=3.023983e-06 val_external_rec=3.023983e-06 val_external_code=1.006860e-01 val_external_delta=0.000000e+00 val_external_recT=0.000000e+00 val_external_fc=0.000000e+00
I 07.08/15:08:53 train_decoder_lora.py:1020] Epoch [363/400] lr=2.077515e-04 train_opt_loss=1.583219e-06 val_external_select_loss=3.029919e-06 val_external_rec=3.029919e-06 val_external_code=1.006860e-01 val_external_delta=0.000000e+00 val_external_recT=0.000000e+00 val_external_fc=0.000000e+00
I 07.08/15:09:02 train_decoder_lora.py:1020] Epoch [364/400] lr=2.073415e-04 train_opt_loss=1.573258e-06 val_external_select_loss=3.018229e-06 val_external_rec=3.018229e-06 val_external_code=1.006860e-01 val_external_delta=0.000000e+00 val_external_recT=0.000000e+00 val_external_fc=0.000000e+00
I 07.08/15:09:10 train_decoder_lora.py:1020] Epoch [365/400] lr=2.069425e-04 train_opt_loss=1.569447e-06 val_external_select_loss=3.009927e-06 val_external_rec=3.009927e-06 val_external_code=1.006860e-01 val_external_delta=0.000000e+00 val_external_recT=0.000000e+00 val_external_fc=0.000000e+00
I 07.08/15:09:18 train_decoder_lora.py:1020] Epoch [366/400] lr=2.065543e-04 train_opt_loss=1.580730e-06 val_external_select_loss=3.055826e-06 val_external_rec=3.055826e-06 val_external_code=1.006860e-01 val_external_delta=0.000000e+00 val_external_recT=0.000000e+00 val_external_fc=0.000000e+00
I 07.08/15:09:28 train_decoder_lora.py:1020] Epoch [367/400] lr=2.061770e-04 train_opt_loss=1.610652e-06 val_external_select_loss=3.014057e-06 val_external_rec=3.014057e-06 val_external_code=1.006860e-01 val_external_delta=0.000000e+00 val_external_recT=0.000000e+00 val_external_fc=0.000000e+00
I 07.08/15:09:37 train_decoder_lora.py:1020] Epoch [368/400] lr=2.058107e-04 train_opt_loss=1.588184e-06 val_external_select_loss=3.040778e-06 val_external_rec=3.040778e-06 val_external_code=1.006860e-01 val_external_delta=0.000000e+00 val_external_recT=0.000000e+00 val_external_fc=0.000000e+00
I 07.08/15:09:44 train_decoder_lora.py:1020] Epoch [369/400] lr=2.054554e-04 train_opt_loss=1.572308e-06 val_external_select_loss=3.016417e-06 val_external_rec=3.016417e-06 val_external_code=1.006860e-01 val_external_delta=0.000000e+00 val_external_recT=0.000000e+00 val_external_fc=0.000000e+00
I 07.08/15:09:52 train_decoder_lora.py:1020] Epoch [370/400] lr=2.051111e-04 train_opt_loss=1.584629e-06 val_external_select_loss=3.065466e-06 val_external_rec=3.065466e-06 val_external_code=1.006860e-01 val_external_delta=0.000000e+00 val_external_recT=0.000000e+00 val_external_fc=0.000000e+00
I 07.08/15:09:58 train_decoder_lora.py:1020] Epoch [371/400] lr=2.047779e-04 train_opt_loss=1.591790e-06 val_external_select_loss=3.020010e-06 val_external_rec=3.020010e-06 val_external_code=1.006860e-01 val_external_delta=0.000000e+00 val_external_recT=0.000000e+00 val_external_fc=0.000000e+00
I 07.08/15:10:05 train_decoder_lora.py:1020] Epoch [372/400] lr=2.044556e-04 train_opt_loss=1.575666e-06 val_external_select_loss=3.030259e-06 val_external_rec=3.030259e-06 val_external_code=1.006860e-01 val_external_delta=0.000000e+00 val_external_recT=0.000000e+00 val_external_fc=0.000000e+00
I 07.08/15:10:14 train_decoder_lora.py:1020] Epoch [373/400] lr=2.041445e-04 train_opt_loss=1.572930e-06 val_external_select_loss=3.020018e-06 val_external_rec=3.020018e-06 val_external_code=1.006860e-01 val_external_delta=0.000000e+00 val_external_recT=0.000000e+00 val_external_fc=0.000000e+00
I 07.08/15:10:23 train_decoder_lora.py:1020] Epoch [374/400] lr=2.038445e-04 train_opt_loss=1.569795e-06 val_external_select_loss=3.049456e-06 val_external_rec=3.049456e-06 val_external_code=1.006860e-01 val_external_delta=0.000000e+00 val_external_recT=0.000000e+00 val_external_fc=0.000000e+00
I 07.08/15:10:31 train_decoder_lora.py:1020] Epoch [375/400] lr=2.035556e-04 train_opt_loss=1.577788e-06 val_external_select_loss=3.008823e-06 val_external_rec=3.008823e-06 val_external_code=1.006860e-01 val_external_delta=0.000000e+00 val_external_recT=0.000000e+00 val_external_fc=0.000000e+00
I 07.08/15:10:40 train_decoder_lora.py:1020] Epoch [376/400] lr=2.032779e-04 train_opt_loss=1.571732e-06 val_external_select_loss=3.025496e-06 val_external_rec=3.025496e-06 val_external_code=1.006860e-01 val_external_delta=0.000000e+00 val_external_recT=0.000000e+00 val_external_fc=0.000000e+00
I 07.08/15:10:48 train_decoder_lora.py:1020] Epoch [377/400] lr=2.030113e-04 train_opt_loss=1.590400e-06 val_external_select_loss=3.019778e-06 val_external_rec=3.019778e-06 val_external_code=1.006860e-01 val_external_delta=0.000000e+00 val_external_recT=0.000000e+00 val_external_fc=0.000000e+00
I 07.08/15:10:56 train_decoder_lora.py:1020] Epoch [378/400] lr=2.027559e-04 train_opt_loss=1.574211e-06 val_external_select_loss=3.009592e-06 val_external_rec=3.009592e-06 val_external_code=1.006860e-01 val_external_delta=0.000000e+00 val_external_recT=0.000000e+00 val_external_fc=0.000000e+00
I 07.08/15:11:03 train_decoder_lora.py:1020] Epoch [379/400] lr=2.025118e-04 train_opt_loss=1.564127e-06 val_external_select_loss=3.024704e-06 val_external_rec=3.024704e-06 val_external_code=1.006860e-01 val_external_delta=0.000000e+00 val_external_recT=0.000000e+00 val_external_fc=0.000000e+00
I 07.08/15:11:13 train_decoder_lora.py:974 ] Epoch [380/400] val_external_decoder_eval n=30000 decoder_mse=3.037013e-06 decoder_nmse=-21.726dB
I 07.08/15:11:13 train_decoder_lora.py:1020] Epoch [380/400] lr=2.022788e-04 train_opt_loss=1.563730e-06 val_external_select_loss=3.037013e-06 val_external_rec=3.037013e-06 val_external_code=1.006860e-01 val_external_delta=0.000000e+00 val_external_recT=0.000000e+00 val_external_fc=0.000000e+00
I 07.08/15:11:21 train_decoder_lora.py:1020] Epoch [381/400] lr=2.020572e-04 train_opt_loss=1.560111e-06 val_external_select_loss=3.024345e-06 val_external_rec=3.024345e-06 val_external_code=1.006860e-01 val_external_delta=0.000000e+00 val_external_recT=0.000000e+00 val_external_fc=0.000000e+00
I 07.08/15:11:28 train_decoder_lora.py:1020] Epoch [382/400] lr=2.018467e-04 train_opt_loss=1.567412e-06 val_external_select_loss=3.030169e-06 val_external_rec=3.030169e-06 val_external_code=1.006860e-01 val_external_delta=0.000000e+00 val_external_recT=0.000000e+00 val_external_fc=0.000000e+00
I 07.08/15:11:34 train_decoder_lora.py:1020] Epoch [383/400] lr=2.016476e-04 train_opt_loss=1.563959e-06 val_external_select_loss=3.011278e-06 val_external_rec=3.011278e-06 val_external_code=1.006860e-01 val_external_delta=0.000000e+00 val_external_recT=0.000000e+00 val_external_fc=0.000000e+00
I 07.08/15:11:40 train_decoder_lora.py:1020] Epoch [384/400] lr=2.014598e-04 train_opt_loss=1.567803e-06 val_external_select_loss=3.018063e-06 val_external_rec=3.018063e-06 val_external_code=1.006860e-01 val_external_delta=0.000000e+00 val_external_recT=0.000000e+00 val_external_fc=0.000000e+00
I 07.08/15:11:45 train_decoder_lora.py:1020] Epoch [385/400] lr=2.012833e-04 train_opt_loss=1.566441e-06 val_external_select_loss=3.062833e-06 val_external_rec=3.062833e-06 val_external_code=1.006860e-01 val_external_delta=0.000000e+00 val_external_recT=0.000000e+00 val_external_fc=0.000000e+00
I 07.08/15:11:51 train_decoder_lora.py:1020] Epoch [386/400] lr=2.011181e-04 train_opt_loss=1.578639e-06 val_external_select_loss=3.060374e-06 val_external_rec=3.060374e-06 val_external_code=1.006860e-01 val_external_delta=0.000000e+00 val_external_recT=0.000000e+00 val_external_fc=0.000000e+00
I 07.08/15:11:58 train_decoder_lora.py:1020] Epoch [387/400] lr=2.009642e-04 train_opt_loss=1.583608e-06 val_external_select_loss=3.016614e-06 val_external_rec=3.016614e-06 val_external_code=1.006860e-01 val_external_delta=0.000000e+00 val_external_recT=0.000000e+00 val_external_fc=0.000000e+00
I 07.08/15:12:04 train_decoder_lora.py:1020] Epoch [388/400] lr=2.008217e-04 train_opt_loss=1.567334e-06 val_external_select_loss=3.015440e-06 val_external_rec=3.015440e-06 val_external_code=1.006860e-01 val_external_delta=0.000000e+00 val_external_recT=0.000000e+00 val_external_fc=0.000000e+00
I 07.08/15:12:11 train_decoder_lora.py:1020] Epoch [389/400] lr=2.006906e-04 train_opt_loss=1.574307e-06 val_external_select_loss=3.067956e-06 val_external_rec=3.067956e-06 val_external_code=1.006860e-01 val_external_delta=0.000000e+00 val_external_recT=0.000000e+00 val_external_fc=0.000000e+00
I 07.08/15:12:16 train_decoder_lora.py:1020] Epoch [390/400] lr=2.005708e-04 train_opt_loss=1.565196e-06 val_external_select_loss=3.022256e-06 val_external_rec=3.022256e-06 val_external_code=1.006860e-01 val_external_delta=0.000000e+00 val_external_recT=0.000000e+00 val_external_fc=0.000000e+00
I 07.08/15:12:23 train_decoder_lora.py:1020] Epoch [391/400] lr=2.004624e-04 train_opt_loss=1.567154e-06 val_external_select_loss=3.005579e-06 val_external_rec=3.005579e-06 val_external_code=1.006860e-01 val_external_delta=0.000000e+00 val_external_recT=0.000000e+00 val_external_fc=0.000000e+00
I 07.08/15:12:32 train_decoder_lora.py:1020] Epoch [392/400] lr=2.003654e-04 train_opt_loss=1.560218e-06 val_external_select_loss=3.021130e-06 val_external_rec=3.021130e-06 val_external_code=1.006860e-01 val_external_delta=0.000000e+00 val_external_recT=0.000000e+00 val_external_fc=0.000000e+00
I 07.08/15:12:41 train_decoder_lora.py:1020] Epoch [393/400] lr=2.002798e-04 train_opt_loss=1.555103e-06 val_external_select_loss=3.022487e-06 val_external_rec=3.022487e-06 val_external_code=1.006860e-01 val_external_delta=0.000000e+00 val_external_recT=0.000000e+00 val_external_fc=0.000000e+00
I 07.08/15:12:49 train_decoder_lora.py:1020] Epoch [394/400] lr=2.002056e-04 train_opt_loss=1.552464e-06 val_external_select_loss=3.007861e-06 val_external_rec=3.007861e-06 val_external_code=1.006860e-01 val_external_delta=0.000000e+00 val_external_recT=0.000000e+00 val_external_fc=0.000000e+00
I 07.08/15:12:58 train_decoder_lora.py:1020] Epoch [395/400] lr=2.001428e-04 train_opt_loss=1.553985e-06 val_external_select_loss=3.040530e-06 val_external_rec=3.040530e-06 val_external_code=1.006860e-01 val_external_delta=0.000000e+00 val_external_recT=0.000000e+00 val_external_fc=0.000000e+00
I 07.08/15:13:05 train_decoder_lora.py:1020] Epoch [396/400] lr=2.000914e-04 train_opt_loss=1.577197e-06 val_external_select_loss=3.030299e-06 val_external_rec=3.030299e-06 val_external_code=1.006860e-01 val_external_delta=0.000000e+00 val_external_recT=0.000000e+00 val_external_fc=0.000000e+00
I 07.08/15:13:12 train_decoder_lora.py:1020] Epoch [397/400] lr=2.000514e-04 train_opt_loss=1.563036e-06 val_external_select_loss=2.998835e-06 val_external_rec=2.998835e-06 val_external_code=1.006860e-01 val_external_delta=0.000000e+00 val_external_recT=0.000000e+00 val_external_fc=0.000000e+00
I 07.08/15:13:19 train_decoder_lora.py:1020] Epoch [398/400] lr=2.000228e-04 train_opt_loss=1.550948e-06 val_external_select_loss=3.044456e-06 val_external_rec=3.044456e-06 val_external_code=1.006860e-01 val_external_delta=0.000000e+00 val_external_recT=0.000000e+00 val_external_fc=0.000000e+00
I 07.08/15:13:27 train_decoder_lora.py:1020] Epoch [399/400] lr=2.000057e-04 train_opt_loss=1.558538e-06 val_external_select_loss=3.028959e-06 val_external_rec=3.028959e-06 val_external_code=1.006860e-01 val_external_delta=0.000000e+00 val_external_recT=0.000000e+00 val_external_fc=0.000000e+00
I 07.08/15:13:36 train_decoder_lora.py:974 ] Epoch [400/400] val_external_decoder_eval n=30000 decoder_mse=3.011209e-06 decoder_nmse=-21.763dB
I 07.08/15:13:37 train_decoder_lora.py:1020] Epoch [400/400] lr=2.000000e-04 train_opt_loss=1.558214e-06 val_external_select_loss=3.011209e-06 val_external_rec=3.011209e-06 val_external_code=1.006860e-01 val_external_delta=0.000000e+00 val_external_recT=0.000000e+00 val_external_fc=0.000000e+00
I 07.08/15:13:46 train_decoder_lora.py:1107] train_all_best_loss_decoder_mse=1.526845e-06 train_all_best_loss_decoder_nmse=-24.708dB epoch=397
I 07.08/15:13:46 train_decoder_lora.py:1113] val_external_best_loss_decoder_mse=2.998835e-06 val_external_best_loss_decoder_nmse=-21.781dB epoch=397
I 07.08/15:13:46 train_decoder_lora.py:1119] test_external_best_loss_decoder_mse=3.029589e-06 test_external_best_loss_decoder_nmse=-21.737dB epoch=397
I 07.08/15:13:56 train_decoder_lora.py:1107] train_all_best_nmse_decoder_mse=1.535528e-06 train_all_best_nmse_decoder_nmse=-24.683dB epoch=400
I 07.08/15:13:56 train_decoder_lora.py:1113] val_external_best_nmse_decoder_mse=3.011209e-06 val_external_best_nmse_decoder_nmse=-21.763dB epoch=400
I 07.08/15:13:56 train_decoder_lora.py:1119] test_external_best_nmse_decoder_mse=3.040701e-06 test_external_best_nmse_decoder_nmse=-21.721dB epoch=400
