I 05.25/05:29:33 main.py:23  ] => Experiment directory: /storage/hujiacong/zxd/Huawei/UniversalCSI/exps/COST2100/in/csinet_transnet/base
I 05.25/05:29:33 main.py:24  ] => PyTorch Version: 2.5.1
I 05.25/05:29:33 init.py:14  ] Random seed set to 42
I 05.25/05:29:35 init.py:159 ] Running on GPU 2
I 05.25/05:29:46 init.py:192 ] => Model Name: UniversalCSI [pretrained: None]
I 05.25/05:29:46 init.py:193 ] => Model Config: compression ratio=1/4; encoder=csinet; decoder=transnet; code_adapter=True; input shape=(2, 32, 32); input dim=2048
I 05.25/05:29:46 init.py:199 ] => Model Flops: 1.9241e+01M
I 05.25/05:29:46 init.py:200 ] => Model Params Num: 2.8928e+00M

I 05.25/05:29:46 init.py:201 ] 
**********
UniversalCSIModel(
  (encoder): CsiNetEncoder(
    (features): Sequential(
      (conv3x3): Conv2d(2, 2, kernel_size=(3, 3), stride=(1, 1), padding=(1, 1), bias=False)
      (bn): BatchNorm2d(2, eps=1e-05, momentum=0.1, affine=True, track_running_stats=True)
      (relu): LeakyReLU(negative_slope=0.3, inplace=True)
    )
    (fc): Linear(in_features=2048, out_features=512, bias=True)
  )
  (code_adapter): CodeAdapter(
    (net): Sequential(
      (0): LayerNorm((512,), eps=1e-05, elementwise_affine=True)
      (1): Linear(in_features=512, out_features=512, bias=True)
    )
  )
  (decoder): TransNetDecoder(
    (fc_decoder): Linear(in_features=512, out_features=2048, bias=True)
    (decoder): TransformerDecoder(
      (layers): ModuleList(
        (0-1): 2 x TransformerDecoderLayer(
          (self_attn): MultiheadAttention(
            (out_proj): NonDynamicallyQuantizableLinear(in_features=64, out_features=64, bias=True)
          )
          (multihead_attn): MultiheadAttention(
            (out_proj): NonDynamicallyQuantizableLinear(in_features=64, out_features=64, bias=True)
          )
          (linear1): Linear(in_features=64, out_features=2048, bias=True)
          (dropout): Dropout(p=0.0, inplace=False)
          (linear2): Linear(in_features=2048, out_features=64, bias=True)
          (norm1): LayerNorm((64,), eps=1e-05, elementwise_affine=True)
          (norm2): LayerNorm((64,), eps=1e-05, elementwise_affine=True)
          (norm3): LayerNorm((64,), eps=1e-05, elementwise_affine=True)
          (dropout1): Dropout(p=0.0, inplace=False)
          (dropout2): Dropout(p=0.0, inplace=False)
          (dropout3): Dropout(p=0.0, inplace=False)
        )
      )
      (norm): LayerNorm((64,), eps=1e-05, elementwise_affine=True)
    )
  )
)
**********

I 05.25/05:29:46 init.py:139 ] 
encoder.features.conv3x3.weight                                   True     (2, 2, 3, 3)
encoder.features.bn.weight                                        True     (2,)
encoder.features.bn.bias                                          True     (2,)
encoder.fc.weight                                                 True     (512, 2048)
encoder.fc.bias                                                   True     (512,)
code_adapter.net.0.weight                                         True     (512,)
code_adapter.net.0.bias                                           True     (512,)
code_adapter.net.1.weight                                         True     (512, 512)
code_adapter.net.1.bias                                           True     (512,)
decoder.fc_decoder.weight                                         True     (2048, 512)
decoder.fc_decoder.bias                                           True     (2048,)
decoder.decoder.layers.0.self_attn.in_proj_weight                 True     (192, 64)
decoder.decoder.layers.0.self_attn.in_proj_bias                   True     (192,)
decoder.decoder.layers.0.self_attn.out_proj.weight                True     (64, 64)
decoder.decoder.layers.0.self_attn.out_proj.bias                  True     (64,)
decoder.decoder.layers.0.multihead_attn.in_proj_weight            True     (192, 64)
decoder.decoder.layers.0.multihead_attn.in_proj_bias              True     (192,)
decoder.decoder.layers.0.multihead_attn.out_proj.weight           True     (64, 64)
decoder.decoder.layers.0.multihead_attn.out_proj.bias             True     (64,)
decoder.decoder.layers.0.linear1.weight                           True     (2048, 64)
decoder.decoder.layers.0.linear1.bias                             True     (2048,)
decoder.decoder.layers.0.linear2.weight                           True     (64, 2048)
decoder.decoder.layers.0.linear2.bias                             True     (64,)
decoder.decoder.layers.0.norm1.weight                             True     (64,)
decoder.decoder.layers.0.norm1.bias                               True     (64,)
decoder.decoder.layers.0.norm2.weight                             True     (64,)
decoder.decoder.layers.0.norm2.bias                               True     (64,)
decoder.decoder.layers.0.norm3.weight                             True     (64,)
decoder.decoder.layers.0.norm3.bias                               True     (64,)
decoder.decoder.layers.1.self_attn.in_proj_weight                 True     (192, 64)
decoder.decoder.layers.1.self_attn.in_proj_bias                   True     (192,)
decoder.decoder.layers.1.self_attn.out_proj.weight                True     (64, 64)
decoder.decoder.layers.1.self_attn.out_proj.bias                  True     (64,)
decoder.decoder.layers.1.multihead_attn.in_proj_weight            True     (192, 64)
decoder.decoder.layers.1.multihead_attn.in_proj_bias              True     (192,)
decoder.decoder.layers.1.multihead_attn.out_proj.weight           True     (64, 64)
decoder.decoder.layers.1.multihead_attn.out_proj.bias             True     (64,)
decoder.decoder.layers.1.linear1.weight                           True     (2048, 64)
decoder.decoder.layers.1.linear1.bias                             True     (2048,)
decoder.decoder.layers.1.linear2.weight                           True     (64, 2048)
decoder.decoder.layers.1.linear2.bias                             True     (64,)
decoder.decoder.layers.1.norm1.weight                             True     (64,)
decoder.decoder.layers.1.norm1.bias                               True     (64,)
decoder.decoder.layers.1.norm2.weight                             True     (64,)
decoder.decoder.layers.1.norm2.bias                               True     (64,)
decoder.decoder.layers.1.norm3.weight                             True     (64,)
decoder.decoder.layers.1.norm3.bias                               True     (64,)
decoder.decoder.norm.weight                                       True     (64,)
decoder.decoder.norm.bias                                         True     (64,)
**********
I 05.25/05:29:51 solver.py:141 ] Epoch: [1/400][20/196] lr: 5.10e-07 | MSE loss: 1.0003e+00 | time: 0.149
I 05.25/05:29:51 solver.py:141 ] Epoch: [1/400][40/196] lr: 1.02e-06 | MSE loss: 1.0003e+00 | time: 0.089
I 05.25/05:29:52 solver.py:141 ] Epoch: [1/400][60/196] lr: 1.53e-06 | MSE loss: 1.0002e+00 | time: 0.069
I 05.25/05:29:52 solver.py:141 ] Epoch: [1/400][80/196] lr: 2.04e-06 | MSE loss: 1.0002e+00 | time: 0.059
I 05.25/05:29:53 solver.py:141 ] Epoch: [1/400][100/196] lr: 2.55e-06 | MSE loss: 1.0001e+00 | time: 0.053
I 05.25/05:29:54 solver.py:141 ] Epoch: [1/400][120/196] lr: 3.06e-06 | MSE loss: 1.0000e+00 | time: 0.049
I 05.25/05:29:54 solver.py:141 ] Epoch: [1/400][140/196] lr: 3.57e-06 | MSE loss: 9.9990e-01 | time: 0.046
I 05.25/05:29:55 solver.py:141 ] Epoch: [1/400][160/196] lr: 4.08e-06 | MSE loss: 9.9977e-01 | time: 0.044
I 05.25/05:29:55 solver.py:141 ] Epoch: [1/400][180/196] lr: 4.59e-06 | MSE loss: 9.9962e-01 | time: 0.042
I 05.25/05:29:56 solver.py:151 ] => Train  Loss: 9.9948e-01

I 05.25/05:29:57 solver.py:141 ] Epoch: [2/400][20/196] lr: 5.51e-06 | MSE loss: 9.9733e-01 | time: 0.043
I 05.25/05:29:57 solver.py:141 ] Epoch: [2/400][40/196] lr: 6.02e-06 | MSE loss: 9.9696e-01 | time: 0.036
I 05.25/05:29:58 solver.py:141 ] Epoch: [2/400][60/196] lr: 6.53e-06 | MSE loss: 9.9656e-01 | time: 0.035
I 05.25/05:29:59 solver.py:141 ] Epoch: [2/400][80/196] lr: 7.04e-06 | MSE loss: 9.9611e-01 | time: 0.034
I 05.25/05:29:59 solver.py:141 ] Epoch: [2/400][100/196] lr: 7.55e-06 | MSE loss: 9.9563e-01 | time: 0.033
I 05.25/05:30:00 solver.py:141 ] Epoch: [2/400][120/196] lr: 8.06e-06 | MSE loss: 9.9512e-01 | time: 0.032
I 05.25/05:30:01 solver.py:141 ] Epoch: [2/400][140/196] lr: 8.57e-06 | MSE loss: 9.9458e-01 | time: 0.033
I 05.25/05:30:01 solver.py:141 ] Epoch: [2/400][160/196] lr: 9.08e-06 | MSE loss: 9.9401e-01 | time: 0.033
I 05.25/05:30:02 solver.py:141 ] Epoch: [2/400][180/196] lr: 9.59e-06 | MSE loss: 9.9341e-01 | time: 0.033
I 05.25/05:30:02 solver.py:151 ] => Train  Loss: 9.9290e-01

I 05.25/05:30:04 solver.py:141 ] Epoch: [3/400][20/196] lr: 1.05e-05 | MSE loss: 9.8572e-01 | time: 0.055
I 05.25/05:30:04 solver.py:141 ] Epoch: [3/400][40/196] lr: 1.10e-05 | MSE loss: 9.8488e-01 | time: 0.043
I 05.25/05:30:05 solver.py:141 ] Epoch: [3/400][60/196] lr: 1.15e-05 | MSE loss: 9.8404e-01 | time: 0.039
I 05.25/05:30:06 solver.py:141 ] Epoch: [3/400][80/196] lr: 1.20e-05 | MSE loss: 9.8317e-01 | time: 0.037
I 05.25/05:30:06 solver.py:141 ] Epoch: [3/400][100/196] lr: 1.26e-05 | MSE loss: 9.8231e-01 | time: 0.034
I 05.25/05:30:06 solver.py:141 ] Epoch: [3/400][120/196] lr: 1.31e-05 | MSE loss: 9.8140e-01 | time: 0.031
I 05.25/05:30:07 solver.py:141 ] Epoch: [3/400][140/196] lr: 1.36e-05 | MSE loss: 9.8048e-01 | time: 0.030
I 05.25/05:30:07 solver.py:141 ] Epoch: [3/400][160/196] lr: 1.41e-05 | MSE loss: 9.7956e-01 | time: 0.028
I 05.25/05:30:08 solver.py:141 ] Epoch: [3/400][180/196] lr: 1.46e-05 | MSE loss: 9.7862e-01 | time: 0.028
I 05.25/05:30:08 solver.py:151 ] => Train  Loss: 9.7786e-01

I 05.25/05:30:10 solver.py:141 ] Epoch: [4/400][20/196] lr: 1.55e-05 | MSE loss: 9.6763e-01 | time: 0.058
I 05.25/05:30:10 solver.py:141 ] Epoch: [4/400][40/196] lr: 1.60e-05 | MSE loss: 9.6660e-01 | time: 0.044
I 05.25/05:30:11 solver.py:141 ] Epoch: [4/400][60/196] lr: 1.65e-05 | MSE loss: 9.6558e-01 | time: 0.040
I 05.25/05:30:12 solver.py:141 ] Epoch: [4/400][80/196] lr: 1.70e-05 | MSE loss: 9.6459e-01 | time: 0.038
I 05.25/05:30:12 solver.py:141 ] Epoch: [4/400][100/196] lr: 1.76e-05 | MSE loss: 9.6361e-01 | time: 0.036
I 05.25/05:30:13 solver.py:141 ] Epoch: [4/400][120/196] lr: 1.81e-05 | MSE loss: 9.6262e-01 | time: 0.035
I 05.25/05:30:13 solver.py:141 ] Epoch: [4/400][140/196] lr: 1.86e-05 | MSE loss: 9.6164e-01 | time: 0.034
I 05.25/05:30:14 solver.py:141 ] Epoch: [4/400][160/196] lr: 1.91e-05 | MSE loss: 9.6069e-01 | time: 0.033
I 05.25/05:30:14 solver.py:141 ] Epoch: [4/400][180/196] lr: 1.96e-05 | MSE loss: 9.5975e-01 | time: 0.033
I 05.25/05:30:15 solver.py:151 ] => Train  Loss: 9.5900e-01

I 05.25/05:30:16 solver.py:141 ] Epoch: [5/400][20/196] lr: 2.05e-05 | MSE loss: 9.4892e-01 | time: 0.051
I 05.25/05:30:17 solver.py:141 ] Epoch: [5/400][40/196] lr: 2.10e-05 | MSE loss: 9.4801e-01 | time: 0.042
I 05.25/05:30:17 solver.py:141 ] Epoch: [5/400][60/196] lr: 2.15e-05 | MSE loss: 9.4712e-01 | time: 0.038
I 05.25/05:30:18 solver.py:141 ] Epoch: [5/400][80/196] lr: 2.20e-05 | MSE loss: 9.4624e-01 | time: 0.036
I 05.25/05:30:19 solver.py:141 ] Epoch: [5/400][100/196] lr: 2.26e-05 | MSE loss: 9.4536e-01 | time: 0.034
I 05.25/05:30:19 solver.py:141 ] Epoch: [5/400][120/196] lr: 2.31e-05 | MSE loss: 9.4449e-01 | time: 0.033
I 05.25/05:30:20 solver.py:141 ] Epoch: [5/400][140/196] lr: 2.36e-05 | MSE loss: 9.4363e-01 | time: 0.032
I 05.25/05:30:20 solver.py:141 ] Epoch: [5/400][160/196] lr: 2.41e-05 | MSE loss: 9.4276e-01 | time: 0.032
I 05.25/05:30:21 solver.py:141 ] Epoch: [5/400][180/196] lr: 2.46e-05 | MSE loss: 9.4189e-01 | time: 0.033
I 05.25/05:30:22 solver.py:151 ] => Train  Loss: 9.4120e-01

I 05.25/05:30:23 solver.py:141 ] Epoch: [6/400][20/196] lr: 2.55e-05 | MSE loss: 9.3177e-01 | time: 0.043
I 05.25/05:30:23 solver.py:141 ] Epoch: [6/400][40/196] lr: 2.60e-05 | MSE loss: 9.3092e-01 | time: 0.034
I 05.25/05:30:24 solver.py:141 ] Epoch: [6/400][60/196] lr: 2.65e-05 | MSE loss: 9.3006e-01 | time: 0.032
I 05.25/05:30:24 solver.py:141 ] Epoch: [6/400][80/196] lr: 2.70e-05 | MSE loss: 9.2917e-01 | time: 0.032
I 05.25/05:30:25 solver.py:141 ] Epoch: [6/400][100/196] lr: 2.76e-05 | MSE loss: 9.2829e-01 | time: 0.032
I 05.25/05:30:26 solver.py:141 ] Epoch: [6/400][120/196] lr: 2.81e-05 | MSE loss: 9.2742e-01 | time: 0.031
I 05.25/05:30:26 solver.py:141 ] Epoch: [6/400][140/196] lr: 2.86e-05 | MSE loss: 9.2654e-01 | time: 0.031
I 05.25/05:30:27 solver.py:141 ] Epoch: [6/400][160/196] lr: 2.91e-05 | MSE loss: 9.2566e-01 | time: 0.031
I 05.25/05:30:27 solver.py:141 ] Epoch: [6/400][180/196] lr: 2.96e-05 | MSE loss: 9.2477e-01 | time: 0.030
I 05.25/05:30:28 solver.py:151 ] => Train  Loss: 9.2405e-01

I 05.25/05:30:29 solver.py:141 ] Epoch: [7/400][20/196] lr: 3.05e-05 | MSE loss: 9.1429e-01 | time: 0.045
I 05.25/05:30:30 solver.py:141 ] Epoch: [7/400][40/196] lr: 3.10e-05 | MSE loss: 9.1338e-01 | time: 0.039
I 05.25/05:30:30 solver.py:141 ] Epoch: [7/400][60/196] lr: 3.15e-05 | MSE loss: 9.1244e-01 | time: 0.036
I 05.25/05:30:31 solver.py:141 ] Epoch: [7/400][80/196] lr: 3.20e-05 | MSE loss: 9.1149e-01 | time: 0.035
I 05.25/05:30:32 solver.py:141 ] Epoch: [7/400][100/196] lr: 3.26e-05 | MSE loss: 9.1053e-01 | time: 0.035
I 05.25/05:30:32 solver.py:141 ] Epoch: [7/400][120/196] lr: 3.31e-05 | MSE loss: 9.0959e-01 | time: 0.034
I 05.25/05:30:33 solver.py:141 ] Epoch: [7/400][140/196] lr: 3.36e-05 | MSE loss: 9.0864e-01 | time: 0.034
I 05.25/05:30:33 solver.py:141 ] Epoch: [7/400][160/196] lr: 3.41e-05 | MSE loss: 9.0767e-01 | time: 0.034
I 05.25/05:30:34 solver.py:141 ] Epoch: [7/400][180/196] lr: 3.46e-05 | MSE loss: 9.0670e-01 | time: 0.033
I 05.25/05:30:34 solver.py:151 ] => Train  Loss: 9.0591e-01

I 05.25/05:30:35 solver.py:141 ] Epoch: [8/400][20/196] lr: 3.55e-05 | MSE loss: 8.9526e-01 | time: 0.043
I 05.25/05:30:36 solver.py:141 ] Epoch: [8/400][40/196] lr: 3.60e-05 | MSE loss: 8.9421e-01 | time: 0.038
I 05.25/05:30:37 solver.py:141 ] Epoch: [8/400][60/196] lr: 3.65e-05 | MSE loss: 8.9315e-01 | time: 0.036
I 05.25/05:30:37 solver.py:141 ] Epoch: [8/400][80/196] lr: 3.70e-05 | MSE loss: 8.9210e-01 | time: 0.035
I 05.25/05:30:38 solver.py:141 ] Epoch: [8/400][100/196] lr: 3.76e-05 | MSE loss: 8.9107e-01 | time: 0.034
I 05.25/05:30:39 solver.py:141 ] Epoch: [8/400][120/196] lr: 3.81e-05 | MSE loss: 8.9002e-01 | time: 0.033
I 05.25/05:30:39 solver.py:141 ] Epoch: [8/400][140/196] lr: 3.86e-05 | MSE loss: 8.8896e-01 | time: 0.031
I 05.25/05:30:40 solver.py:141 ] Epoch: [8/400][160/196] lr: 3.91e-05 | MSE loss: 8.8789e-01 | time: 0.032
I 05.25/05:30:40 solver.py:141 ] Epoch: [8/400][180/196] lr: 3.96e-05 | MSE loss: 8.8682e-01 | time: 0.032
I 05.25/05:30:41 solver.py:151 ] => Train  Loss: 8.8595e-01

I 05.25/05:30:42 solver.py:141 ] Epoch: [9/400][20/196] lr: 4.05e-05 | MSE loss: 8.7415e-01 | time: 0.051
I 05.25/05:30:43 solver.py:141 ] Epoch: [9/400][40/196] lr: 4.10e-05 | MSE loss: 8.7306e-01 | time: 0.044
I 05.25/05:30:43 solver.py:141 ] Epoch: [9/400][60/196] lr: 4.15e-05 | MSE loss: 8.7192e-01 | time: 0.039
I 05.25/05:30:44 solver.py:141 ] Epoch: [9/400][80/196] lr: 4.20e-05 | MSE loss: 8.7080e-01 | time: 0.036
I 05.25/05:30:45 solver.py:141 ] Epoch: [9/400][100/196] lr: 4.26e-05 | MSE loss: 8.6967e-01 | time: 0.035
I 05.25/05:30:45 solver.py:141 ] Epoch: [9/400][120/196] lr: 4.31e-05 | MSE loss: 8.6852e-01 | time: 0.034
I 05.25/05:30:46 solver.py:141 ] Epoch: [9/400][140/196] lr: 4.36e-05 | MSE loss: 8.6737e-01 | time: 0.033
I 05.25/05:30:46 solver.py:141 ] Epoch: [9/400][160/196] lr: 4.41e-05 | MSE loss: 8.6621e-01 | time: 0.033
I 05.25/05:30:47 solver.py:141 ] Epoch: [9/400][180/196] lr: 4.46e-05 | MSE loss: 8.6504e-01 | time: 0.032
I 05.25/05:30:47 solver.py:151 ] => Train  Loss: 8.6410e-01

I 05.25/05:30:49 solver.py:141 ] Epoch: [10/400][20/196] lr: 4.55e-05 | MSE loss: 8.5139e-01 | time: 0.050
I 05.25/05:30:49 solver.py:141 ] Epoch: [10/400][40/196] lr: 4.60e-05 | MSE loss: 8.5015e-01 | time: 0.041
I 05.25/05:30:50 solver.py:141 ] Epoch: [10/400][60/196] lr: 4.65e-05 | MSE loss: 8.4893e-01 | time: 0.038
I 05.25/05:30:51 solver.py:141 ] Epoch: [10/400][80/196] lr: 4.70e-05 | MSE loss: 8.4772e-01 | time: 0.036
I 05.25/05:30:51 solver.py:141 ] Epoch: [10/400][100/196] lr: 4.76e-05 | MSE loss: 8.4651e-01 | time: 0.034
I 05.25/05:30:52 solver.py:141 ] Epoch: [10/400][120/196] lr: 4.81e-05 | MSE loss: 8.4527e-01 | time: 0.034
I 05.25/05:30:52 solver.py:141 ] Epoch: [10/400][140/196] lr: 4.86e-05 | MSE loss: 8.4404e-01 | time: 0.033
I 05.25/05:30:53 solver.py:141 ] Epoch: [10/400][160/196] lr: 4.91e-05 | MSE loss: 8.4278e-01 | time: 0.033
I 05.25/05:30:54 solver.py:141 ] Epoch: [10/400][180/196] lr: 4.96e-05 | MSE loss: 8.4152e-01 | time: 0.033
I 05.25/05:30:54 solver.py:151 ] => Train  Loss: 8.4052e-01

I 05.25/05:30:54 solver.py:141 ] Epoch: [10/400][20/59] lr: 5.00e-05 | MSE loss: 8.2816e-01 | time: 0.015
I 05.25/05:30:55 solver.py:141 ] Epoch: [10/400][40/59] lr: 5.00e-05 | MSE loss: 8.2814e-01 | time: 0.010
I 05.25/05:30:55 solver.py:151 ] => Val  Loss: 8.2814e-01

I 05.25/05:30:55 solver.py:281 ] [20/40] loss: 8.2810e-01 | NMSE: 3.3351e+01 | time: 0.018
I 05.25/05:30:55 solver.py:281 ] [40/40] loss: 8.2814e-01 | NMSE: 3.3359e+01 | time: 0.015
I 05.25/05:30:55 solver.py:285 ] => Test NMSE: 3.3359e+01

I 05.25/05:30:56 solver.py:206 ] 
=! Best NMSE: 3.3359e+01 (epoch=10)

I 05.25/05:30:57 solver.py:141 ] Epoch: [11/400][20/196] lr: 5.05e-05 | MSE loss: 8.2692e-01 | time: 0.052
I 05.25/05:30:57 solver.py:141 ] Epoch: [11/400][40/196] lr: 5.10e-05 | MSE loss: 8.2560e-01 | time: 0.042
I 05.25/05:30:58 solver.py:141 ] Epoch: [11/400][60/196] lr: 5.15e-05 | MSE loss: 8.2428e-01 | time: 0.037
I 05.25/05:30:58 solver.py:141 ] Epoch: [11/400][80/196] lr: 5.20e-05 | MSE loss: 8.2294e-01 | time: 0.035
I 05.25/05:30:59 solver.py:141 ] Epoch: [11/400][100/196] lr: 5.26e-05 | MSE loss: 8.2162e-01 | time: 0.034
I 05.25/05:31:00 solver.py:141 ] Epoch: [11/400][120/196] lr: 5.31e-05 | MSE loss: 8.2029e-01 | time: 0.033
I 05.25/05:31:00 solver.py:141 ] Epoch: [11/400][140/196] lr: 5.36e-05 | MSE loss: 8.1895e-01 | time: 0.033
I 05.25/05:31:01 solver.py:141 ] Epoch: [11/400][160/196] lr: 5.41e-05 | MSE loss: 8.1762e-01 | time: 0.033
I 05.25/05:31:02 solver.py:141 ] Epoch: [11/400][180/196] lr: 5.46e-05 | MSE loss: 8.1628e-01 | time: 0.033
I 05.25/05:31:02 solver.py:151 ] => Train  Loss: 8.1520e-01

I 05.25/05:31:02 solver.py:206 ] 
=! Best NMSE: 3.3359e+01 (epoch=10)

I 05.25/05:31:03 solver.py:141 ] Epoch: [12/400][20/196] lr: 5.55e-05 | MSE loss: 8.0057e-01 | time: 0.058
I 05.25/05:31:04 solver.py:141 ] Epoch: [12/400][40/196] lr: 5.60e-05 | MSE loss: 7.9920e-01 | time: 0.045
I 05.25/05:31:05 solver.py:141 ] Epoch: [12/400][60/196] lr: 5.65e-05 | MSE loss: 7.9780e-01 | time: 0.041
I 05.25/05:31:05 solver.py:141 ] Epoch: [12/400][80/196] lr: 5.70e-05 | MSE loss: 7.9638e-01 | time: 0.038
I 05.25/05:31:06 solver.py:141 ] Epoch: [12/400][100/196] lr: 5.76e-05 | MSE loss: 7.9497e-01 | time: 0.037
I 05.25/05:31:07 solver.py:141 ] Epoch: [12/400][120/196] lr: 5.81e-05 | MSE loss: 7.9355e-01 | time: 0.036
I 05.25/05:31:07 solver.py:141 ] Epoch: [12/400][140/196] lr: 5.86e-05 | MSE loss: 7.9213e-01 | time: 0.035
I 05.25/05:31:08 solver.py:141 ] Epoch: [12/400][160/196] lr: 5.91e-05 | MSE loss: 7.9070e-01 | time: 0.035
I 05.25/05:31:09 solver.py:141 ] Epoch: [12/400][180/196] lr: 5.96e-05 | MSE loss: 7.8927e-01 | time: 0.035
I 05.25/05:31:09 solver.py:151 ] => Train  Loss: 7.8811e-01

I 05.25/05:31:09 solver.py:206 ] 
=! Best NMSE: 3.3359e+01 (epoch=10)

I 05.25/05:31:10 solver.py:141 ] Epoch: [13/400][20/196] lr: 6.05e-05 | MSE loss: 7.7249e-01 | time: 0.053
I 05.25/05:31:11 solver.py:141 ] Epoch: [13/400][40/196] lr: 6.10e-05 | MSE loss: 7.7101e-01 | time: 0.041
I 05.25/05:31:12 solver.py:141 ] Epoch: [13/400][60/196] lr: 6.15e-05 | MSE loss: 7.6951e-01 | time: 0.039
I 05.25/05:31:12 solver.py:141 ] Epoch: [13/400][80/196] lr: 6.20e-05 | MSE loss: 7.6800e-01 | time: 0.037
I 05.25/05:31:13 solver.py:141 ] Epoch: [13/400][100/196] lr: 6.26e-05 | MSE loss: 7.6647e-01 | time: 0.035
I 05.25/05:31:14 solver.py:141 ] Epoch: [13/400][120/196] lr: 6.31e-05 | MSE loss: 7.6493e-01 | time: 0.035
I 05.25/05:31:14 solver.py:141 ] Epoch: [13/400][140/196] lr: 6.36e-05 | MSE loss: 7.6338e-01 | time: 0.034
I 05.25/05:31:15 solver.py:141 ] Epoch: [13/400][160/196] lr: 6.41e-05 | MSE loss: 7.6183e-01 | time: 0.034
I 05.25/05:31:15 solver.py:141 ] Epoch: [13/400][180/196] lr: 6.46e-05 | MSE loss: 7.6028e-01 | time: 0.034
I 05.25/05:31:16 solver.py:151 ] => Train  Loss: 7.5903e-01

I 05.25/05:31:16 solver.py:206 ] 
=! Best NMSE: 3.3359e+01 (epoch=10)

I 05.25/05:31:17 solver.py:141 ] Epoch: [14/400][20/196] lr: 6.55e-05 | MSE loss: 7.4199e-01 | time: 0.046
I 05.25/05:31:18 solver.py:141 ] Epoch: [14/400][40/196] lr: 6.60e-05 | MSE loss: 7.4035e-01 | time: 0.039
I 05.25/05:31:18 solver.py:141 ] Epoch: [14/400][60/196] lr: 6.65e-05 | MSE loss: 7.3869e-01 | time: 0.037
I 05.25/05:31:19 solver.py:141 ] Epoch: [14/400][80/196] lr: 6.70e-05 | MSE loss: 7.3703e-01 | time: 0.036
I 05.25/05:31:20 solver.py:141 ] Epoch: [14/400][100/196] lr: 6.76e-05 | MSE loss: 7.3534e-01 | time: 0.035
I 05.25/05:31:20 solver.py:141 ] Epoch: [14/400][120/196] lr: 6.81e-05 | MSE loss: 7.3364e-01 | time: 0.035
I 05.25/05:31:21 solver.py:141 ] Epoch: [14/400][140/196] lr: 6.86e-05 | MSE loss: 7.3192e-01 | time: 0.035
I 05.25/05:31:22 solver.py:141 ] Epoch: [14/400][160/196] lr: 6.91e-05 | MSE loss: 7.3019e-01 | time: 0.035
I 05.25/05:31:22 solver.py:141 ] Epoch: [14/400][180/196] lr: 6.96e-05 | MSE loss: 7.2842e-01 | time: 0.034
I 05.25/05:31:23 solver.py:151 ] => Train  Loss: 7.2699e-01

I 05.25/05:31:23 solver.py:206 ] 
=! Best NMSE: 3.3359e+01 (epoch=10)

I 05.25/05:31:24 solver.py:141 ] Epoch: [15/400][20/196] lr: 7.05e-05 | MSE loss: 7.0733e-01 | time: 0.050
I 05.25/05:31:25 solver.py:141 ] Epoch: [15/400][40/196] lr: 7.10e-05 | MSE loss: 7.0523e-01 | time: 0.038
I 05.25/05:31:25 solver.py:141 ] Epoch: [15/400][60/196] lr: 7.15e-05 | MSE loss: 7.0302e-01 | time: 0.036
I 05.25/05:31:26 solver.py:141 ] Epoch: [15/400][80/196] lr: 7.20e-05 | MSE loss: 7.0059e-01 | time: 0.034
I 05.25/05:31:26 solver.py:141 ] Epoch: [15/400][100/196] lr: 7.26e-05 | MSE loss: 6.9781e-01 | time: 0.033
I 05.25/05:31:27 solver.py:141 ] Epoch: [15/400][120/196] lr: 7.31e-05 | MSE loss: 6.9455e-01 | time: 0.031
I 05.25/05:31:27 solver.py:141 ] Epoch: [15/400][140/196] lr: 7.36e-05 | MSE loss: 6.9084e-01 | time: 0.030
I 05.25/05:31:28 solver.py:141 ] Epoch: [15/400][160/196] lr: 7.41e-05 | MSE loss: 6.8684e-01 | time: 0.030
I 05.25/05:31:29 solver.py:141 ] Epoch: [15/400][180/196] lr: 7.46e-05 | MSE loss: 6.8267e-01 | time: 0.031
I 05.25/05:31:29 solver.py:151 ] => Train  Loss: 6.7930e-01

I 05.25/05:31:29 solver.py:206 ] 
=! Best NMSE: 3.3359e+01 (epoch=10)

I 05.25/05:31:30 solver.py:141 ] Epoch: [16/400][20/196] lr: 7.55e-05 | MSE loss: 6.3384e-01 | time: 0.049
I 05.25/05:31:31 solver.py:141 ] Epoch: [16/400][40/196] lr: 7.60e-05 | MSE loss: 6.2989e-01 | time: 0.042
I 05.25/05:31:32 solver.py:141 ] Epoch: [16/400][60/196] lr: 7.65e-05 | MSE loss: 6.2609e-01 | time: 0.040
I 05.25/05:31:32 solver.py:141 ] Epoch: [16/400][80/196] lr: 7.70e-05 | MSE loss: 6.2241e-01 | time: 0.038
I 05.25/05:31:33 solver.py:141 ] Epoch: [16/400][100/196] lr: 7.76e-05 | MSE loss: 6.1885e-01 | time: 0.036
I 05.25/05:31:33 solver.py:141 ] Epoch: [16/400][120/196] lr: 7.81e-05 | MSE loss: 6.1539e-01 | time: 0.034
I 05.25/05:31:34 solver.py:141 ] Epoch: [16/400][140/196] lr: 7.86e-05 | MSE loss: 6.1202e-01 | time: 0.033
I 05.25/05:31:34 solver.py:141 ] Epoch: [16/400][160/196] lr: 7.91e-05 | MSE loss: 6.0874e-01 | time: 0.032
I 05.25/05:31:35 solver.py:141 ] Epoch: [16/400][180/196] lr: 7.96e-05 | MSE loss: 6.0553e-01 | time: 0.031
I 05.25/05:31:35 solver.py:151 ] => Train  Loss: 6.0302e-01

I 05.25/05:31:36 solver.py:206 ] 
=! Best NMSE: 3.3359e+01 (epoch=10)

I 05.25/05:31:37 solver.py:141 ] Epoch: [17/400][20/196] lr: 8.05e-05 | MSE loss: 5.6973e-01 | time: 0.049
I 05.25/05:31:37 solver.py:141 ] Epoch: [17/400][40/196] lr: 8.10e-05 | MSE loss: 5.6701e-01 | time: 0.040
I 05.25/05:31:38 solver.py:141 ] Epoch: [17/400][60/196] lr: 8.15e-05 | MSE loss: 5.6433e-01 | time: 0.037
I 05.25/05:31:39 solver.py:141 ] Epoch: [17/400][80/196] lr: 8.20e-05 | MSE loss: 5.6169e-01 | time: 0.036
I 05.25/05:31:39 solver.py:141 ] Epoch: [17/400][100/196] lr: 8.26e-05 | MSE loss: 5.5909e-01 | time: 0.035
I 05.25/05:31:40 solver.py:141 ] Epoch: [17/400][120/196] lr: 8.31e-05 | MSE loss: 5.5652e-01 | time: 0.034
I 05.25/05:31:40 solver.py:141 ] Epoch: [17/400][140/196] lr: 8.36e-05 | MSE loss: 5.5399e-01 | time: 0.034
I 05.25/05:31:41 solver.py:141 ] Epoch: [17/400][160/196] lr: 8.41e-05 | MSE loss: 5.5148e-01 | time: 0.033
I 05.25/05:31:42 solver.py:141 ] Epoch: [17/400][180/196] lr: 8.46e-05 | MSE loss: 5.4901e-01 | time: 0.033
I 05.25/05:31:42 solver.py:151 ] => Train  Loss: 5.4705e-01

I 05.25/05:31:42 solver.py:206 ] 
=! Best NMSE: 3.3359e+01 (epoch=10)

I 05.25/05:31:43 solver.py:141 ] Epoch: [18/400][20/196] lr: 8.55e-05 | MSE loss: 5.2083e-01 | time: 0.048
I 05.25/05:31:44 solver.py:141 ] Epoch: [18/400][40/196] lr: 8.60e-05 | MSE loss: 5.1855e-01 | time: 0.041
I 05.25/05:31:45 solver.py:141 ] Epoch: [18/400][60/196] lr: 8.65e-05 | MSE loss: 5.1629e-01 | time: 0.039
I 05.25/05:31:45 solver.py:141 ] Epoch: [18/400][80/196] lr: 8.70e-05 | MSE loss: 5.1405e-01 | time: 0.037
I 05.25/05:31:46 solver.py:141 ] Epoch: [18/400][100/196] lr: 8.76e-05 | MSE loss: 5.1183e-01 | time: 0.035
I 05.25/05:31:47 solver.py:141 ] Epoch: [18/400][120/196] lr: 8.81e-05 | MSE loss: 5.0962e-01 | time: 0.034
I 05.25/05:31:47 solver.py:141 ] Epoch: [18/400][140/196] lr: 8.86e-05 | MSE loss: 5.0743e-01 | time: 0.034
I 05.25/05:31:48 solver.py:141 ] Epoch: [18/400][160/196] lr: 8.91e-05 | MSE loss: 5.0526e-01 | time: 0.034
I 05.25/05:31:48 solver.py:141 ] Epoch: [18/400][180/196] lr: 8.96e-05 | MSE loss: 5.0310e-01 | time: 0.034
I 05.25/05:31:49 solver.py:151 ] => Train  Loss: 5.0139e-01

I 05.25/05:31:49 solver.py:206 ] 
=! Best NMSE: 3.3359e+01 (epoch=10)

I 05.25/05:31:50 solver.py:141 ] Epoch: [19/400][20/196] lr: 9.05e-05 | MSE loss: 4.7837e-01 | time: 0.046
I 05.25/05:31:51 solver.py:141 ] Epoch: [19/400][40/196] lr: 9.10e-05 | MSE loss: 4.7632e-01 | time: 0.037
I 05.25/05:31:51 solver.py:141 ] Epoch: [19/400][60/196] lr: 9.15e-05 | MSE loss: 4.7428e-01 | time: 0.035
I 05.25/05:31:52 solver.py:141 ] Epoch: [19/400][80/196] lr: 9.20e-05 | MSE loss: 4.7225e-01 | time: 0.035
I 05.25/05:31:53 solver.py:141 ] Epoch: [19/400][100/196] lr: 9.26e-05 | MSE loss: 4.7023e-01 | time: 0.035
I 05.25/05:31:53 solver.py:141 ] Epoch: [19/400][120/196] lr: 9.31e-05 | MSE loss: 4.6823e-01 | time: 0.034
I 05.25/05:31:54 solver.py:141 ] Epoch: [19/400][140/196] lr: 9.36e-05 | MSE loss: 4.6623e-01 | time: 0.033
I 05.25/05:31:55 solver.py:141 ] Epoch: [19/400][160/196] lr: 9.41e-05 | MSE loss: 4.6424e-01 | time: 0.033
I 05.25/05:31:55 solver.py:141 ] Epoch: [19/400][180/196] lr: 9.46e-05 | MSE loss: 4.6227e-01 | time: 0.032
I 05.25/05:31:56 solver.py:151 ] => Train  Loss: 4.6069e-01

I 05.25/05:31:56 solver.py:206 ] 
=! Best NMSE: 3.3359e+01 (epoch=10)

I 05.25/05:31:57 solver.py:141 ] Epoch: [20/400][20/196] lr: 9.55e-05 | MSE loss: 4.3951e-01 | time: 0.053
I 05.25/05:31:58 solver.py:141 ] Epoch: [20/400][40/196] lr: 9.60e-05 | MSE loss: 4.3760e-01 | time: 0.044
I 05.25/05:31:58 solver.py:141 ] Epoch: [20/400][60/196] lr: 9.65e-05 | MSE loss: 4.3570e-01 | time: 0.039
I 05.25/05:31:59 solver.py:141 ] Epoch: [20/400][80/196] lr: 9.70e-05 | MSE loss: 4.3381e-01 | time: 0.037
I 05.25/05:31:59 solver.py:141 ] Epoch: [20/400][100/196] lr: 9.76e-05 | MSE loss: 4.3192e-01 | time: 0.034
I 05.25/05:32:00 solver.py:141 ] Epoch: [20/400][120/196] lr: 9.81e-05 | MSE loss: 4.3004e-01 | time: 0.033
I 05.25/05:32:00 solver.py:141 ] Epoch: [20/400][140/196] lr: 9.86e-05 | MSE loss: 4.2817e-01 | time: 0.033
I 05.25/05:32:01 solver.py:141 ] Epoch: [20/400][160/196] lr: 9.91e-05 | MSE loss: 4.2630e-01 | time: 0.033
I 05.25/05:32:02 solver.py:141 ] Epoch: [20/400][180/196] lr: 9.96e-05 | MSE loss: 4.2444e-01 | time: 0.033
I 05.25/05:32:02 solver.py:151 ] => Train  Loss: 4.2296e-01

I 05.25/05:32:03 solver.py:141 ] Epoch: [20/400][20/59] lr: 1.00e-04 | MSE loss: 4.0473e-01 | time: 0.028
I 05.25/05:32:03 solver.py:141 ] Epoch: [20/400][40/59] lr: 1.00e-04 | MSE loss: 4.0473e-01 | time: 0.019
I 05.25/05:32:03 solver.py:151 ] => Val  Loss: 4.0473e-01

I 05.25/05:32:04 solver.py:281 ] [20/40] loss: 4.0473e-01 | NMSE: 3.0240e+01 | time: 0.032
I 05.25/05:32:04 solver.py:281 ] [40/40] loss: 4.0473e-01 | NMSE: 3.0248e+01 | time: 0.026
I 05.25/05:32:04 solver.py:285 ] => Test NMSE: 3.0248e+01

I 05.25/05:32:05 solver.py:206 ] 
=! Best NMSE: 3.0248e+01 (epoch=20)

I 05.25/05:32:06 solver.py:141 ] Epoch: [21/400][20/196] lr: 1.01e-04 | MSE loss: 4.0300e-01 | time: 0.067
I 05.25/05:32:07 solver.py:141 ] Epoch: [21/400][40/196] lr: 1.01e-04 | MSE loss: 4.0119e-01 | time: 0.049
I 05.25/05:32:07 solver.py:141 ] Epoch: [21/400][60/196] lr: 1.02e-04 | MSE loss: 3.9938e-01 | time: 0.043
I 05.25/05:32:08 solver.py:141 ] Epoch: [21/400][80/196] lr: 1.02e-04 | MSE loss: 3.9758e-01 | time: 0.041
I 05.25/05:32:09 solver.py:141 ] Epoch: [21/400][100/196] lr: 1.03e-04 | MSE loss: 3.9578e-01 | time: 0.040
I 05.25/05:32:10 solver.py:141 ] Epoch: [21/400][120/196] lr: 1.03e-04 | MSE loss: 3.9399e-01 | time: 0.039
I 05.25/05:32:10 solver.py:141 ] Epoch: [21/400][140/196] lr: 1.04e-04 | MSE loss: 3.9221e-01 | time: 0.038
I 05.25/05:32:11 solver.py:141 ] Epoch: [21/400][160/196] lr: 1.04e-04 | MSE loss: 3.9042e-01 | time: 0.037
I 05.25/05:32:11 solver.py:141 ] Epoch: [21/400][180/196] lr: 1.05e-04 | MSE loss: 3.8865e-01 | time: 0.036
I 05.25/05:32:12 solver.py:151 ] => Train  Loss: 3.8723e-01

I 05.25/05:32:12 solver.py:206 ] 
=! Best NMSE: 3.0248e+01 (epoch=20)

I 05.25/05:32:13 solver.py:141 ] Epoch: [22/400][20/196] lr: 1.06e-04 | MSE loss: 3.6814e-01 | time: 0.056
I 05.25/05:32:14 solver.py:141 ] Epoch: [22/400][40/196] lr: 1.06e-04 | MSE loss: 3.6640e-01 | time: 0.045
I 05.25/05:32:14 solver.py:141 ] Epoch: [22/400][60/196] lr: 1.07e-04 | MSE loss: 3.6466e-01 | time: 0.039
I 05.25/05:32:15 solver.py:141 ] Epoch: [22/400][80/196] lr: 1.07e-04 | MSE loss: 3.6292e-01 | time: 0.035
I 05.25/05:32:15 solver.py:141 ] Epoch: [22/400][100/196] lr: 1.08e-04 | MSE loss: 3.6119e-01 | time: 0.034
I 05.25/05:32:16 solver.py:141 ] Epoch: [22/400][120/196] lr: 1.08e-04 | MSE loss: 3.5947e-01 | time: 0.033
I 05.25/05:32:17 solver.py:141 ] Epoch: [22/400][140/196] lr: 1.09e-04 | MSE loss: 3.5775e-01 | time: 0.033
I 05.25/05:32:17 solver.py:141 ] Epoch: [22/400][160/196] lr: 1.09e-04 | MSE loss: 3.5603e-01 | time: 0.033
I 05.25/05:32:18 solver.py:141 ] Epoch: [22/400][180/196] lr: 1.10e-04 | MSE loss: 3.5432e-01 | time: 0.032
I 05.25/05:32:18 solver.py:151 ] => Train  Loss: 3.5295e-01

I 05.25/05:32:19 solver.py:206 ] 
=! Best NMSE: 3.0248e+01 (epoch=20)

I 05.25/05:32:20 solver.py:141 ] Epoch: [23/400][20/196] lr: 1.11e-04 | MSE loss: 3.3449e-01 | time: 0.052
I 05.25/05:32:20 solver.py:141 ] Epoch: [23/400][40/196] lr: 1.11e-04 | MSE loss: 3.3281e-01 | time: 0.042
I 05.25/05:32:21 solver.py:141 ] Epoch: [23/400][60/196] lr: 1.12e-04 | MSE loss: 3.3112e-01 | time: 0.040
I 05.25/05:32:22 solver.py:141 ] Epoch: [23/400][80/196] lr: 1.12e-04 | MSE loss: 3.2944e-01 | time: 0.038
I 05.25/05:32:22 solver.py:141 ] Epoch: [23/400][100/196] lr: 1.13e-04 | MSE loss: 3.2776e-01 | time: 0.036
I 05.25/05:32:23 solver.py:141 ] Epoch: [23/400][120/196] lr: 1.13e-04 | MSE loss: 3.2608e-01 | time: 0.035
I 05.25/05:32:23 solver.py:141 ] Epoch: [23/400][140/196] lr: 1.14e-04 | MSE loss: 3.2441e-01 | time: 0.034
I 05.25/05:32:24 solver.py:141 ] Epoch: [23/400][160/196] lr: 1.14e-04 | MSE loss: 3.2273e-01 | time: 0.034
I 05.25/05:32:25 solver.py:141 ] Epoch: [23/400][180/196] lr: 1.15e-04 | MSE loss: 3.2106e-01 | time: 0.033
I 05.25/05:32:25 solver.py:151 ] => Train  Loss: 3.1973e-01

I 05.25/05:32:25 solver.py:206 ] 
=! Best NMSE: 3.0248e+01 (epoch=20)

I 05.25/05:32:26 solver.py:141 ] Epoch: [24/400][20/196] lr: 1.16e-04 | MSE loss: 3.0174e-01 | time: 0.048
I 05.25/05:32:27 solver.py:141 ] Epoch: [24/400][40/196] lr: 1.16e-04 | MSE loss: 3.0009e-01 | time: 0.040
I 05.25/05:32:28 solver.py:141 ] Epoch: [24/400][60/196] lr: 1.17e-04 | MSE loss: 2.9844e-01 | time: 0.038
I 05.25/05:32:28 solver.py:141 ] Epoch: [24/400][80/196] lr: 1.17e-04 | MSE loss: 2.9679e-01 | time: 0.036
I 05.25/05:32:29 solver.py:141 ] Epoch: [24/400][100/196] lr: 1.18e-04 | MSE loss: 2.9514e-01 | time: 0.036
I 05.25/05:32:30 solver.py:141 ] Epoch: [24/400][120/196] lr: 1.18e-04 | MSE loss: 2.9350e-01 | time: 0.035
I 05.25/05:32:30 solver.py:141 ] Epoch: [24/400][140/196] lr: 1.19e-04 | MSE loss: 2.9185e-01 | time: 0.034
I 05.25/05:32:31 solver.py:141 ] Epoch: [24/400][160/196] lr: 1.19e-04 | MSE loss: 2.9020e-01 | time: 0.033
I 05.25/05:32:31 solver.py:141 ] Epoch: [24/400][180/196] lr: 1.20e-04 | MSE loss: 2.8856e-01 | time: 0.033
I 05.25/05:32:32 solver.py:151 ] => Train  Loss: 2.8725e-01

I 05.25/05:32:32 solver.py:206 ] 
=! Best NMSE: 3.0248e+01 (epoch=20)

I 05.25/05:32:33 solver.py:141 ] Epoch: [25/400][20/196] lr: 1.21e-04 | MSE loss: 2.6950e-01 | time: 0.035
I 05.25/05:32:33 solver.py:141 ] Epoch: [25/400][40/196] lr: 1.21e-04 | MSE loss: 2.6786e-01 | time: 0.030
I 05.25/05:32:34 solver.py:141 ] Epoch: [25/400][60/196] lr: 1.22e-04 | MSE loss: 2.6622e-01 | time: 0.030
I 05.25/05:32:34 solver.py:141 ] Epoch: [25/400][80/196] lr: 1.22e-04 | MSE loss: 2.6457e-01 | time: 0.030
I 05.25/05:32:35 solver.py:141 ] Epoch: [25/400][100/196] lr: 1.23e-04 | MSE loss: 2.6293e-01 | time: 0.030
I 05.25/05:32:35 solver.py:141 ] Epoch: [25/400][120/196] lr: 1.23e-04 | MSE loss: 2.6128e-01 | time: 0.030
I 05.25/05:32:36 solver.py:141 ] Epoch: [25/400][140/196] lr: 1.24e-04 | MSE loss: 2.5963e-01 | time: 0.030
I 05.25/05:32:37 solver.py:141 ] Epoch: [25/400][160/196] lr: 1.24e-04 | MSE loss: 2.5798e-01 | time: 0.030
I 05.25/05:32:37 solver.py:141 ] Epoch: [25/400][180/196] lr: 1.25e-04 | MSE loss: 2.5632e-01 | time: 0.030
I 05.25/05:32:38 solver.py:151 ] => Train  Loss: 2.5500e-01

I 05.25/05:32:38 solver.py:206 ] 
=! Best NMSE: 3.0248e+01 (epoch=20)

I 05.25/05:32:39 solver.py:141 ] Epoch: [26/400][20/196] lr: 1.26e-04 | MSE loss: 2.3704e-01 | time: 0.047
I 05.25/05:32:40 solver.py:141 ] Epoch: [26/400][40/196] lr: 1.26e-04 | MSE loss: 2.3535e-01 | time: 0.038
I 05.25/05:32:40 solver.py:141 ] Epoch: [26/400][60/196] lr: 1.27e-04 | MSE loss: 2.3365e-01 | time: 0.035
I 05.25/05:32:41 solver.py:141 ] Epoch: [26/400][80/196] lr: 1.27e-04 | MSE loss: 2.3194e-01 | time: 0.035
I 05.25/05:32:42 solver.py:141 ] Epoch: [26/400][100/196] lr: 1.28e-04 | MSE loss: 2.3021e-01 | time: 0.034
I 05.25/05:32:42 solver.py:141 ] Epoch: [26/400][120/196] lr: 1.28e-04 | MSE loss: 2.2847e-01 | time: 0.034
I 05.25/05:32:43 solver.py:141 ] Epoch: [26/400][140/196] lr: 1.29e-04 | MSE loss: 2.2672e-01 | time: 0.034
I 05.25/05:32:43 solver.py:141 ] Epoch: [26/400][160/196] lr: 1.29e-04 | MSE loss: 2.2494e-01 | time: 0.033
I 05.25/05:32:44 solver.py:141 ] Epoch: [26/400][180/196] lr: 1.30e-04 | MSE loss: 2.2314e-01 | time: 0.033
I 05.25/05:32:44 solver.py:151 ] => Train  Loss: 2.2168e-01

I 05.25/05:32:45 solver.py:206 ] 
=! Best NMSE: 3.0248e+01 (epoch=20)

I 05.25/05:32:46 solver.py:141 ] Epoch: [27/400][20/196] lr: 1.31e-04 | MSE loss: 2.0163e-01 | time: 0.049
I 05.25/05:32:46 solver.py:141 ] Epoch: [27/400][40/196] lr: 1.31e-04 | MSE loss: 1.9952e-01 | time: 0.039
I 05.25/05:32:47 solver.py:141 ] Epoch: [27/400][60/196] lr: 1.32e-04 | MSE loss: 1.9734e-01 | time: 0.037
I 05.25/05:32:48 solver.py:141 ] Epoch: [27/400][80/196] lr: 1.32e-04 | MSE loss: 1.9505e-01 | time: 0.037
I 05.25/05:32:48 solver.py:141 ] Epoch: [27/400][100/196] lr: 1.33e-04 | MSE loss: 1.9266e-01 | time: 0.034
I 05.25/05:32:49 solver.py:141 ] Epoch: [27/400][120/196] lr: 1.33e-04 | MSE loss: 1.9016e-01 | time: 0.033
I 05.25/05:32:49 solver.py:141 ] Epoch: [27/400][140/196] lr: 1.34e-04 | MSE loss: 1.8756e-01 | time: 0.032
I 05.25/05:32:50 solver.py:141 ] Epoch: [27/400][160/196] lr: 1.34e-04 | MSE loss: 1.8488e-01 | time: 0.032
I 05.25/05:32:50 solver.py:141 ] Epoch: [27/400][180/196] lr: 1.35e-04 | MSE loss: 1.8214e-01 | time: 0.032
I 05.25/05:32:51 solver.py:151 ] => Train  Loss: 1.7992e-01

I 05.25/05:32:51 solver.py:206 ] 
=! Best NMSE: 3.0248e+01 (epoch=20)

I 05.25/05:32:52 solver.py:141 ] Epoch: [28/400][20/196] lr: 1.36e-04 | MSE loss: 1.4986e-01 | time: 0.046
I 05.25/05:32:53 solver.py:141 ] Epoch: [28/400][40/196] lr: 1.36e-04 | MSE loss: 1.4711e-01 | time: 0.039
I 05.25/05:32:53 solver.py:141 ] Epoch: [28/400][60/196] lr: 1.37e-04 | MSE loss: 1.4444e-01 | time: 0.036
I 05.25/05:32:54 solver.py:141 ] Epoch: [28/400][80/196] lr: 1.37e-04 | MSE loss: 1.4185e-01 | time: 0.035
I 05.25/05:32:55 solver.py:141 ] Epoch: [28/400][100/196] lr: 1.38e-04 | MSE loss: 1.3933e-01 | time: 0.035
I 05.25/05:32:55 solver.py:141 ] Epoch: [28/400][120/196] lr: 1.38e-04 | MSE loss: 1.3689e-01 | time: 0.035
I 05.25/05:32:56 solver.py:141 ] Epoch: [28/400][140/196] lr: 1.39e-04 | MSE loss: 1.3452e-01 | time: 0.034
I 05.25/05:32:56 solver.py:141 ] Epoch: [28/400][160/196] lr: 1.39e-04 | MSE loss: 1.3221e-01 | time: 0.033
I 05.25/05:32:57 solver.py:141 ] Epoch: [28/400][180/196] lr: 1.40e-04 | MSE loss: 1.2997e-01 | time: 0.033
I 05.25/05:32:58 solver.py:151 ] => Train  Loss: 1.2823e-01

I 05.25/05:32:58 solver.py:206 ] 
=! Best NMSE: 3.0248e+01 (epoch=20)

I 05.25/05:32:59 solver.py:141 ] Epoch: [29/400][20/196] lr: 1.41e-04 | MSE loss: 1.0527e-01 | time: 0.047
I 05.25/05:32:59 solver.py:141 ] Epoch: [29/400][40/196] lr: 1.41e-04 | MSE loss: 1.0349e-01 | time: 0.039
I 05.25/05:33:00 solver.py:141 ] Epoch: [29/400][60/196] lr: 1.42e-04 | MSE loss: 1.0176e-01 | time: 0.037
I 05.25/05:33:01 solver.py:141 ] Epoch: [29/400][80/196] lr: 1.42e-04 | MSE loss: 1.0007e-01 | time: 0.036
I 05.25/05:33:01 solver.py:141 ] Epoch: [29/400][100/196] lr: 1.43e-04 | MSE loss: 9.8425e-02 | time: 0.036
I 05.25/05:33:02 solver.py:141 ] Epoch: [29/400][120/196] lr: 1.43e-04 | MSE loss: 9.6821e-02 | time: 0.036
I 05.25/05:33:03 solver.py:141 ] Epoch: [29/400][140/196] lr: 1.44e-04 | MSE loss: 9.5257e-02 | time: 0.035
I 05.25/05:33:03 solver.py:141 ] Epoch: [29/400][160/196] lr: 1.44e-04 | MSE loss: 9.3731e-02 | time: 0.035
I 05.25/05:33:04 solver.py:141 ] Epoch: [29/400][180/196] lr: 1.45e-04 | MSE loss: 9.2242e-02 | time: 0.034
I 05.25/05:33:04 solver.py:151 ] => Train  Loss: 9.1076e-02

I 05.25/05:33:05 solver.py:206 ] 
=! Best NMSE: 3.0248e+01 (epoch=20)

I 05.25/05:33:06 solver.py:141 ] Epoch: [30/400][20/196] lr: 1.46e-04 | MSE loss: 7.5661e-02 | time: 0.059
I 05.25/05:33:07 solver.py:141 ] Epoch: [30/400][40/196] lr: 1.46e-04 | MSE loss: 7.4426e-02 | time: 0.045
I 05.25/05:33:07 solver.py:141 ] Epoch: [30/400][60/196] lr: 1.47e-04 | MSE loss: 7.3218e-02 | time: 0.040
I 05.25/05:33:08 solver.py:141 ] Epoch: [30/400][80/196] lr: 1.47e-04 | MSE loss: 7.2037e-02 | time: 0.038
I 05.25/05:33:09 solver.py:141 ] Epoch: [30/400][100/196] lr: 1.48e-04 | MSE loss: 7.0882e-02 | time: 0.038
I 05.25/05:33:09 solver.py:141 ] Epoch: [30/400][120/196] lr: 1.48e-04 | MSE loss: 6.9752e-02 | time: 0.038
I 05.25/05:33:10 solver.py:141 ] Epoch: [30/400][140/196] lr: 1.49e-04 | MSE loss: 6.8646e-02 | time: 0.037
I 05.25/05:33:11 solver.py:141 ] Epoch: [30/400][160/196] lr: 1.49e-04 | MSE loss: 6.7563e-02 | time: 0.036
I 05.25/05:33:11 solver.py:141 ] Epoch: [30/400][180/196] lr: 1.50e-04 | MSE loss: 6.6503e-02 | time: 0.036
I 05.25/05:33:12 solver.py:151 ] => Train  Loss: 6.5671e-02

I 05.25/05:33:12 solver.py:141 ] Epoch: [30/400][20/59] lr: 1.50e-04 | MSE loss: 5.5514e-02 | time: 0.015
I 05.25/05:33:12 solver.py:141 ] Epoch: [30/400][40/59] lr: 1.50e-04 | MSE loss: 5.5514e-02 | time: 0.011
I 05.25/05:33:12 solver.py:151 ] => Val  Loss: 5.5514e-02

I 05.25/05:33:13 solver.py:281 ] [20/40] loss: 5.5514e-02 | NMSE: 2.1611e+01 | time: 0.015
I 05.25/05:33:13 solver.py:281 ] [40/40] loss: 5.5514e-02 | NMSE: 2.1619e+01 | time: 0.014
I 05.25/05:33:13 solver.py:285 ] => Test NMSE: 2.1619e+01

I 05.25/05:33:13 solver.py:206 ] 
=! Best NMSE: 2.1619e+01 (epoch=30)

I 05.25/05:33:14 solver.py:141 ] Epoch: [31/400][20/196] lr: 1.51e-04 | MSE loss: 5.4643e-02 | time: 0.049
I 05.25/05:33:15 solver.py:141 ] Epoch: [31/400][40/196] lr: 1.51e-04 | MSE loss: 5.3744e-02 | time: 0.039
I 05.25/05:33:16 solver.py:141 ] Epoch: [31/400][60/196] lr: 1.52e-04 | MSE loss: 5.2865e-02 | time: 0.038
I 05.25/05:33:16 solver.py:141 ] Epoch: [31/400][80/196] lr: 1.52e-04 | MSE loss: 5.2003e-02 | time: 0.037
I 05.25/05:33:17 solver.py:141 ] Epoch: [31/400][100/196] lr: 1.53e-04 | MSE loss: 5.1158e-02 | time: 0.036
I 05.25/05:33:18 solver.py:141 ] Epoch: [31/400][120/196] lr: 1.53e-04 | MSE loss: 5.0330e-02 | time: 0.035
I 05.25/05:33:18 solver.py:141 ] Epoch: [31/400][140/196] lr: 1.54e-04 | MSE loss: 4.9518e-02 | time: 0.035
I 05.25/05:33:19 solver.py:141 ] Epoch: [31/400][160/196] lr: 1.54e-04 | MSE loss: 4.8723e-02 | time: 0.035
I 05.25/05:33:20 solver.py:141 ] Epoch: [31/400][180/196] lr: 1.55e-04 | MSE loss: 4.7944e-02 | time: 0.034
I 05.25/05:33:20 solver.py:151 ] => Train  Loss: 4.7332e-02

I 05.25/05:33:20 solver.py:206 ] 
=! Best NMSE: 2.1619e+01 (epoch=30)

I 05.25/05:33:21 solver.py:141 ] Epoch: [32/400][20/196] lr: 1.56e-04 | MSE loss: 3.9212e-02 | time: 0.039
I 05.25/05:33:22 solver.py:141 ] Epoch: [32/400][40/196] lr: 1.56e-04 | MSE loss: 3.8546e-02 | time: 0.035
I 05.25/05:33:22 solver.py:141 ] Epoch: [32/400][60/196] lr: 1.57e-04 | MSE loss: 3.7893e-02 | time: 0.033
I 05.25/05:33:23 solver.py:141 ] Epoch: [32/400][80/196] lr: 1.57e-04 | MSE loss: 3.7253e-02 | time: 0.033
I 05.25/05:33:24 solver.py:141 ] Epoch: [32/400][100/196] lr: 1.58e-04 | MSE loss: 3.6626e-02 | time: 0.033
I 05.25/05:33:24 solver.py:141 ] Epoch: [32/400][120/196] lr: 1.58e-04 | MSE loss: 3.6012e-02 | time: 0.032
I 05.25/05:33:25 solver.py:141 ] Epoch: [32/400][140/196] lr: 1.59e-04 | MSE loss: 3.5409e-02 | time: 0.031
I 05.25/05:33:25 solver.py:141 ] Epoch: [32/400][160/196] lr: 1.59e-04 | MSE loss: 3.4819e-02 | time: 0.031
I 05.25/05:33:26 solver.py:141 ] Epoch: [32/400][180/196] lr: 1.60e-04 | MSE loss: 3.4240e-02 | time: 0.031
I 05.25/05:33:26 solver.py:151 ] => Train  Loss: 3.3785e-02

I 05.25/05:33:27 solver.py:206 ] 
=! Best NMSE: 2.1619e+01 (epoch=30)

I 05.25/05:33:28 solver.py:141 ] Epoch: [33/400][20/196] lr: 1.61e-04 | MSE loss: 2.7755e-02 | time: 0.048
I 05.25/05:33:28 solver.py:141 ] Epoch: [33/400][40/196] lr: 1.61e-04 | MSE loss: 2.7260e-02 | time: 0.039
I 05.25/05:33:29 solver.py:141 ] Epoch: [33/400][60/196] lr: 1.62e-04 | MSE loss: 2.6776e-02 | time: 0.035
I 05.25/05:33:29 solver.py:141 ] Epoch: [33/400][80/196] lr: 1.62e-04 | MSE loss: 2.6302e-02 | time: 0.033
I 05.25/05:33:30 solver.py:141 ] Epoch: [33/400][100/196] lr: 1.63e-04 | MSE loss: 2.5837e-02 | time: 0.032
I 05.25/05:33:31 solver.py:141 ] Epoch: [33/400][120/196] lr: 1.63e-04 | MSE loss: 2.5382e-02 | time: 0.032
I 05.25/05:33:31 solver.py:141 ] Epoch: [33/400][140/196] lr: 1.64e-04 | MSE loss: 2.4936e-02 | time: 0.032
I 05.25/05:33:32 solver.py:141 ] Epoch: [33/400][160/196] lr: 1.64e-04 | MSE loss: 2.4499e-02 | time: 0.031
I 05.25/05:33:32 solver.py:141 ] Epoch: [33/400][180/196] lr: 1.65e-04 | MSE loss: 2.4071e-02 | time: 0.031
I 05.25/05:33:33 solver.py:151 ] => Train  Loss: 2.3734e-02

I 05.25/05:33:33 solver.py:206 ] 
=! Best NMSE: 2.1619e+01 (epoch=30)

I 05.25/05:33:34 solver.py:141 ] Epoch: [34/400][20/196] lr: 1.66e-04 | MSE loss: 1.9277e-02 | time: 0.043
I 05.25/05:33:34 solver.py:141 ] Epoch: [34/400][40/196] lr: 1.66e-04 | MSE loss: 1.8913e-02 | time: 0.036
I 05.25/05:33:35 solver.py:141 ] Epoch: [34/400][60/196] lr: 1.67e-04 | MSE loss: 1.8556e-02 | time: 0.035
I 05.25/05:33:36 solver.py:141 ] Epoch: [34/400][80/196] lr: 1.67e-04 | MSE loss: 1.8208e-02 | time: 0.035
I 05.25/05:33:36 solver.py:141 ] Epoch: [34/400][100/196] lr: 1.68e-04 | MSE loss: 1.7867e-02 | time: 0.033
I 05.25/05:33:37 solver.py:141 ] Epoch: [34/400][120/196] lr: 1.68e-04 | MSE loss: 1.7533e-02 | time: 0.033
I 05.25/05:33:38 solver.py:141 ] Epoch: [34/400][140/196] lr: 1.69e-04 | MSE loss: 1.7206e-02 | time: 0.033
I 05.25/05:33:38 solver.py:141 ] Epoch: [34/400][160/196] lr: 1.69e-04 | MSE loss: 1.6886e-02 | time: 0.033
I 05.25/05:33:39 solver.py:141 ] Epoch: [34/400][180/196] lr: 1.70e-04 | MSE loss: 1.6573e-02 | time: 0.033
I 05.25/05:33:39 solver.py:151 ] => Train  Loss: 1.6327e-02

I 05.25/05:33:40 solver.py:206 ] 
=! Best NMSE: 2.1619e+01 (epoch=30)

I 05.25/05:33:41 solver.py:141 ] Epoch: [35/400][20/196] lr: 1.71e-04 | MSE loss: 1.3073e-02 | time: 0.047
I 05.25/05:33:41 solver.py:141 ] Epoch: [35/400][40/196] lr: 1.71e-04 | MSE loss: 1.2809e-02 | time: 0.038
I 05.25/05:33:42 solver.py:141 ] Epoch: [35/400][60/196] lr: 1.72e-04 | MSE loss: 1.2552e-02 | time: 0.037
I 05.25/05:33:43 solver.py:141 ] Epoch: [35/400][80/196] lr: 1.72e-04 | MSE loss: 1.2299e-02 | time: 0.036
I 05.25/05:33:43 solver.py:141 ] Epoch: [35/400][100/196] lr: 1.73e-04 | MSE loss: 1.2053e-02 | time: 0.035
I 05.25/05:33:44 solver.py:141 ] Epoch: [35/400][120/196] lr: 1.73e-04 | MSE loss: 1.1812e-02 | time: 0.034
I 05.25/05:33:44 solver.py:141 ] Epoch: [35/400][140/196] lr: 1.74e-04 | MSE loss: 1.1576e-02 | time: 0.033
I 05.25/05:33:45 solver.py:141 ] Epoch: [35/400][160/196] lr: 1.74e-04 | MSE loss: 1.1346e-02 | time: 0.033
I 05.25/05:33:46 solver.py:141 ] Epoch: [35/400][180/196] lr: 1.75e-04 | MSE loss: 1.1122e-02 | time: 0.033
I 05.25/05:33:46 solver.py:151 ] => Train  Loss: 1.0945e-02

I 05.25/05:33:46 solver.py:206 ] 
=! Best NMSE: 2.1619e+01 (epoch=30)

I 05.25/05:33:47 solver.py:141 ] Epoch: [36/400][20/196] lr: 1.76e-04 | MSE loss: 8.6141e-03 | time: 0.049
I 05.25/05:33:48 solver.py:141 ] Epoch: [36/400][40/196] lr: 1.76e-04 | MSE loss: 8.4271e-03 | time: 0.042
I 05.25/05:33:49 solver.py:141 ] Epoch: [36/400][60/196] lr: 1.77e-04 | MSE loss: 8.2446e-03 | time: 0.038
I 05.25/05:33:49 solver.py:141 ] Epoch: [36/400][80/196] lr: 1.77e-04 | MSE loss: 8.0664e-03 | time: 0.037
I 05.25/05:33:50 solver.py:141 ] Epoch: [36/400][100/196] lr: 1.78e-04 | MSE loss: 7.8928e-03 | time: 0.035
I 05.25/05:33:50 solver.py:141 ] Epoch: [36/400][120/196] lr: 1.78e-04 | MSE loss: 7.7231e-03 | time: 0.034
I 05.25/05:33:51 solver.py:141 ] Epoch: [36/400][140/196] lr: 1.79e-04 | MSE loss: 7.5574e-03 | time: 0.034
I 05.25/05:33:52 solver.py:141 ] Epoch: [36/400][160/196] lr: 1.79e-04 | MSE loss: 7.3959e-03 | time: 0.033
I 05.25/05:33:52 solver.py:141 ] Epoch: [36/400][180/196] lr: 1.80e-04 | MSE loss: 7.2384e-03 | time: 0.033
I 05.25/05:33:53 solver.py:151 ] => Train  Loss: 7.1152e-03

I 05.25/05:33:53 solver.py:206 ] 
=! Best NMSE: 2.1619e+01 (epoch=30)

I 05.25/05:33:54 solver.py:141 ] Epoch: [37/400][20/196] lr: 1.81e-04 | MSE loss: 5.4877e-03 | time: 0.045
I 05.25/05:33:54 solver.py:141 ] Epoch: [37/400][40/196] lr: 1.81e-04 | MSE loss: 5.3591e-03 | time: 0.038
I 05.25/05:33:55 solver.py:141 ] Epoch: [37/400][60/196] lr: 1.82e-04 | MSE loss: 5.2332e-03 | time: 0.035
I 05.25/05:33:56 solver.py:141 ] Epoch: [37/400][80/196] lr: 1.82e-04 | MSE loss: 5.1113e-03 | time: 0.034
I 05.25/05:33:56 solver.py:141 ] Epoch: [37/400][100/196] lr: 1.83e-04 | MSE loss: 4.9924e-03 | time: 0.033
I 05.25/05:33:57 solver.py:141 ] Epoch: [37/400][120/196] lr: 1.83e-04 | MSE loss: 4.8761e-03 | time: 0.033
I 05.25/05:33:57 solver.py:141 ] Epoch: [37/400][140/196] lr: 1.84e-04 | MSE loss: 4.7629e-03 | time: 0.033
I 05.25/05:33:58 solver.py:141 ] Epoch: [37/400][160/196] lr: 1.84e-04 | MSE loss: 4.6530e-03 | time: 0.032
I 05.25/05:33:59 solver.py:141 ] Epoch: [37/400][180/196] lr: 1.85e-04 | MSE loss: 4.5460e-03 | time: 0.032
I 05.25/05:33:59 solver.py:151 ] => Train  Loss: 4.4624e-03

I 05.25/05:33:59 solver.py:206 ] 
=! Best NMSE: 2.1619e+01 (epoch=30)

I 05.25/05:34:00 solver.py:141 ] Epoch: [38/400][20/196] lr: 1.86e-04 | MSE loss: 3.3608e-03 | time: 0.048
I 05.25/05:34:01 solver.py:141 ] Epoch: [38/400][40/196] lr: 1.86e-04 | MSE loss: 3.2753e-03 | time: 0.042
I 05.25/05:34:02 solver.py:141 ] Epoch: [38/400][60/196] lr: 1.87e-04 | MSE loss: 3.1920e-03 | time: 0.039
I 05.25/05:34:02 solver.py:141 ] Epoch: [38/400][80/196] lr: 1.87e-04 | MSE loss: 3.1111e-03 | time: 0.038
I 05.25/05:34:03 solver.py:141 ] Epoch: [38/400][100/196] lr: 1.88e-04 | MSE loss: 3.0322e-03 | time: 0.036
I 05.25/05:34:04 solver.py:141 ] Epoch: [38/400][120/196] lr: 1.88e-04 | MSE loss: 2.9561e-03 | time: 0.036
I 05.25/05:34:04 solver.py:141 ] Epoch: [38/400][140/196] lr: 1.89e-04 | MSE loss: 2.8821e-03 | time: 0.035
I 05.25/05:34:05 solver.py:141 ] Epoch: [38/400][160/196] lr: 1.89e-04 | MSE loss: 2.8101e-03 | time: 0.035
I 05.25/05:34:06 solver.py:141 ] Epoch: [38/400][180/196] lr: 1.90e-04 | MSE loss: 2.7400e-03 | time: 0.035
I 05.25/05:34:06 solver.py:151 ] => Train  Loss: 2.6855e-03

I 05.25/05:34:06 solver.py:206 ] 
=! Best NMSE: 2.1619e+01 (epoch=30)

I 05.25/05:34:08 solver.py:141 ] Epoch: [39/400][20/196] lr: 1.91e-04 | MSE loss: 1.9710e-03 | time: 0.061
I 05.25/05:34:08 solver.py:141 ] Epoch: [39/400][40/196] lr: 1.91e-04 | MSE loss: 1.9155e-03 | time: 0.047
I 05.25/05:34:09 solver.py:141 ] Epoch: [39/400][60/196] lr: 1.92e-04 | MSE loss: 1.8625e-03 | time: 0.038
I 05.25/05:34:09 solver.py:141 ] Epoch: [39/400][80/196] lr: 1.92e-04 | MSE loss: 1.8111e-03 | time: 0.036
I 05.25/05:34:10 solver.py:141 ] Epoch: [39/400][100/196] lr: 1.93e-04 | MSE loss: 1.7616e-03 | time: 0.035
I 05.25/05:34:10 solver.py:141 ] Epoch: [39/400][120/196] lr: 1.93e-04 | MSE loss: 1.7137e-03 | time: 0.034
I 05.25/05:34:11 solver.py:141 ] Epoch: [39/400][140/196] lr: 1.94e-04 | MSE loss: 1.6675e-03 | time: 0.034
I 05.25/05:34:12 solver.py:141 ] Epoch: [39/400][160/196] lr: 1.94e-04 | MSE loss: 1.6224e-03 | time: 0.033
I 05.25/05:34:12 solver.py:141 ] Epoch: [39/400][180/196] lr: 1.95e-04 | MSE loss: 1.5789e-03 | time: 0.033
I 05.25/05:34:13 solver.py:151 ] => Train  Loss: 1.5450e-03

I 05.25/05:34:13 solver.py:206 ] 
=! Best NMSE: 2.1619e+01 (epoch=30)

I 05.25/05:34:14 solver.py:141 ] Epoch: [40/400][20/196] lr: 1.96e-04 | MSE loss: 1.1020e-03 | time: 0.050
I 05.25/05:34:15 solver.py:141 ] Epoch: [40/400][40/196] lr: 1.96e-04 | MSE loss: 1.0690e-03 | time: 0.040
I 05.25/05:34:15 solver.py:141 ] Epoch: [40/400][60/196] lr: 1.97e-04 | MSE loss: 1.0372e-03 | time: 0.038
I 05.25/05:34:16 solver.py:141 ] Epoch: [40/400][80/196] lr: 1.97e-04 | MSE loss: 1.0068e-03 | time: 0.036
I 05.25/05:34:17 solver.py:141 ] Epoch: [40/400][100/196] lr: 1.98e-04 | MSE loss: 9.7714e-04 | time: 0.035
I 05.25/05:34:17 solver.py:141 ] Epoch: [40/400][120/196] lr: 1.98e-04 | MSE loss: 9.4882e-04 | time: 0.035
I 05.25/05:34:18 solver.py:141 ] Epoch: [40/400][140/196] lr: 1.99e-04 | MSE loss: 9.2141e-04 | time: 0.035
I 05.25/05:34:19 solver.py:141 ] Epoch: [40/400][160/196] lr: 1.99e-04 | MSE loss: 8.9502e-04 | time: 0.034
I 05.25/05:34:19 solver.py:141 ] Epoch: [40/400][180/196] lr: 2.00e-04 | MSE loss: 8.6965e-04 | time: 0.034
I 05.25/05:34:20 solver.py:151 ] => Train  Loss: 8.4988e-04

I 05.25/05:34:20 solver.py:141 ] Epoch: [40/400][20/59] lr: 2.00e-04 | MSE loss: 6.1085e-04 | time: 0.015
I 05.25/05:34:20 solver.py:141 ] Epoch: [40/400][40/59] lr: 2.00e-04 | MSE loss: 6.1144e-04 | time: 0.011
I 05.25/05:34:20 solver.py:151 ] => Val  Loss: 6.1144e-04

I 05.25/05:34:21 solver.py:281 ] [20/40] loss: 6.1148e-04 | NMSE: 1.9162e+00 | time: 0.015
I 05.25/05:34:21 solver.py:281 ] [40/40] loss: 6.1095e-04 | NMSE: 1.9224e+00 | time: 0.013
I 05.25/05:34:21 solver.py:285 ] => Test NMSE: 1.9224e+00

I 05.25/05:34:21 solver.py:206 ] 
=! Best NMSE: 1.9224e+00 (epoch=40)

I 05.25/05:34:22 solver.py:141 ] Epoch: [41/400][20/196] lr: 2.00e-04 | MSE loss: 5.9268e-04 | time: 0.045
I 05.25/05:34:23 solver.py:141 ] Epoch: [41/400][40/196] lr: 2.00e-04 | MSE loss: 5.7351e-04 | time: 0.037
I 05.25/05:34:23 solver.py:141 ] Epoch: [41/400][60/196] lr: 2.00e-04 | MSE loss: 5.5567e-04 | time: 0.036
I 05.25/05:34:24 solver.py:141 ] Epoch: [41/400][80/196] lr: 2.00e-04 | MSE loss: 5.3877e-04 | time: 0.036
I 05.25/05:34:25 solver.py:141 ] Epoch: [41/400][100/196] lr: 2.00e-04 | MSE loss: 5.2219e-04 | time: 0.034
I 05.25/05:34:25 solver.py:141 ] Epoch: [41/400][120/196] lr: 2.00e-04 | MSE loss: 5.0634e-04 | time: 0.032
I 05.25/05:34:26 solver.py:141 ] Epoch: [41/400][140/196] lr: 2.00e-04 | MSE loss: 4.9144e-04 | time: 0.032
I 05.25/05:34:26 solver.py:141 ] Epoch: [41/400][160/196] lr: 2.00e-04 | MSE loss: 4.7699e-04 | time: 0.032
I 05.25/05:34:27 solver.py:141 ] Epoch: [41/400][180/196] lr: 2.00e-04 | MSE loss: 4.6318e-04 | time: 0.031
I 05.25/05:34:27 solver.py:151 ] => Train  Loss: 4.5246e-04

I 05.25/05:34:27 solver.py:206 ] 
=! Best NMSE: 1.9224e+00 (epoch=40)

I 05.25/05:34:28 solver.py:141 ] Epoch: [42/400][20/196] lr: 2.00e-04 | MSE loss: 3.1601e-04 | time: 0.043
I 05.25/05:34:29 solver.py:141 ] Epoch: [42/400][40/196] lr: 2.00e-04 | MSE loss: 3.0514e-04 | time: 0.036
I 05.25/05:34:30 solver.py:141 ] Epoch: [42/400][60/196] lr: 2.00e-04 | MSE loss: 2.9572e-04 | time: 0.034
I 05.25/05:34:30 solver.py:141 ] Epoch: [42/400][80/196] lr: 2.00e-04 | MSE loss: 2.8685e-04 | time: 0.032
I 05.25/05:34:31 solver.py:141 ] Epoch: [42/400][100/196] lr: 2.00e-04 | MSE loss: 2.7839e-04 | time: 0.032
I 05.25/05:34:31 solver.py:141 ] Epoch: [42/400][120/196] lr: 2.00e-04 | MSE loss: 2.7050e-04 | time: 0.031
I 05.25/05:34:32 solver.py:141 ] Epoch: [42/400][140/196] lr: 2.00e-04 | MSE loss: 2.6284e-04 | time: 0.031
I 05.25/05:34:33 solver.py:141 ] Epoch: [42/400][160/196] lr: 2.00e-04 | MSE loss: 2.5575e-04 | time: 0.031
I 05.25/05:34:33 solver.py:141 ] Epoch: [42/400][180/196] lr: 2.00e-04 | MSE loss: 2.4882e-04 | time: 0.032
I 05.25/05:34:34 solver.py:151 ] => Train  Loss: 2.4351e-04

I 05.25/05:34:34 solver.py:206 ] 
=! Best NMSE: 1.9224e+00 (epoch=40)

I 05.25/05:34:35 solver.py:141 ] Epoch: [43/400][20/196] lr: 2.00e-04 | MSE loss: 1.7430e-04 | time: 0.044
I 05.25/05:34:35 solver.py:141 ] Epoch: [43/400][40/196] lr: 2.00e-04 | MSE loss: 1.6999e-04 | time: 0.036
I 05.25/05:34:36 solver.py:141 ] Epoch: [43/400][60/196] lr: 2.00e-04 | MSE loss: 1.6557e-04 | time: 0.033
I 05.25/05:34:37 solver.py:141 ] Epoch: [43/400][80/196] lr: 2.00e-04 | MSE loss: 1.6132e-04 | time: 0.033
I 05.25/05:34:37 solver.py:141 ] Epoch: [43/400][100/196] lr: 2.00e-04 | MSE loss: 1.5743e-04 | time: 0.034
I 05.25/05:34:38 solver.py:141 ] Epoch: [43/400][120/196] lr: 2.00e-04 | MSE loss: 1.5349e-04 | time: 0.034
I 05.25/05:34:39 solver.py:141 ] Epoch: [43/400][140/196] lr: 2.00e-04 | MSE loss: 1.4973e-04 | time: 0.033
I 05.25/05:34:39 solver.py:141 ] Epoch: [43/400][160/196] lr: 2.00e-04 | MSE loss: 1.4622e-04 | time: 0.032
I 05.25/05:34:40 solver.py:141 ] Epoch: [43/400][180/196] lr: 2.00e-04 | MSE loss: 1.4305e-04 | time: 0.032
I 05.25/05:34:40 solver.py:151 ] => Train  Loss: 1.4066e-04

I 05.25/05:34:40 solver.py:206 ] 
=! Best NMSE: 1.9224e+00 (epoch=40)

I 05.25/05:34:41 solver.py:141 ] Epoch: [44/400][20/196] lr: 2.00e-04 | MSE loss: 1.0852e-04 | time: 0.047
I 05.25/05:34:42 solver.py:141 ] Epoch: [44/400][40/196] lr: 2.00e-04 | MSE loss: 1.0573e-04 | time: 0.039
I 05.25/05:34:42 solver.py:141 ] Epoch: [44/400][60/196] lr: 2.00e-04 | MSE loss: 1.0366e-04 | time: 0.035
I 05.25/05:34:43 solver.py:141 ] Epoch: [44/400][80/196] lr: 2.00e-04 | MSE loss: 1.0200e-04 | time: 0.034
I 05.25/05:34:44 solver.py:141 ] Epoch: [44/400][100/196] lr: 2.00e-04 | MSE loss: 1.0030e-04 | time: 0.033
I 05.25/05:34:44 solver.py:141 ] Epoch: [44/400][120/196] lr: 2.00e-04 | MSE loss: 9.8593e-05 | time: 0.033
I 05.25/05:34:45 solver.py:141 ] Epoch: [44/400][140/196] lr: 2.00e-04 | MSE loss: 9.6970e-05 | time: 0.033
I 05.25/05:34:46 solver.py:141 ] Epoch: [44/400][160/196] lr: 2.00e-04 | MSE loss: 9.5465e-05 | time: 0.033
I 05.25/05:34:46 solver.py:141 ] Epoch: [44/400][180/196] lr: 2.00e-04 | MSE loss: 9.4031e-05 | time: 0.032
I 05.25/05:34:47 solver.py:151 ] => Train  Loss: 9.2958e-05

I 05.25/05:34:47 solver.py:206 ] 
=! Best NMSE: 1.9224e+00 (epoch=40)

I 05.25/05:34:48 solver.py:141 ] Epoch: [45/400][20/196] lr: 2.00e-04 | MSE loss: 7.8182e-05 | time: 0.051
I 05.25/05:34:49 solver.py:141 ] Epoch: [45/400][40/196] lr: 2.00e-04 | MSE loss: 7.7430e-05 | time: 0.041
I 05.25/05:34:49 solver.py:141 ] Epoch: [45/400][60/196] lr: 2.00e-04 | MSE loss: 7.6711e-05 | time: 0.038
I 05.25/05:34:50 solver.py:141 ] Epoch: [45/400][80/196] lr: 2.00e-04 | MSE loss: 7.5837e-05 | time: 0.036
I 05.25/05:34:50 solver.py:141 ] Epoch: [45/400][100/196] lr: 2.00e-04 | MSE loss: 7.5085e-05 | time: 0.035
I 05.25/05:34:51 solver.py:141 ] Epoch: [45/400][120/196] lr: 2.00e-04 | MSE loss: 7.4383e-05 | time: 0.035
I 05.25/05:34:52 solver.py:141 ] Epoch: [45/400][140/196] lr: 2.00e-04 | MSE loss: 7.3555e-05 | time: 0.034
I 05.25/05:34:52 solver.py:141 ] Epoch: [45/400][160/196] lr: 2.00e-04 | MSE loss: 7.2910e-05 | time: 0.034
I 05.25/05:34:53 solver.py:141 ] Epoch: [45/400][180/196] lr: 2.00e-04 | MSE loss: 7.2226e-05 | time: 0.034
I 05.25/05:34:54 solver.py:151 ] => Train  Loss: 7.1749e-05

I 05.25/05:34:54 solver.py:206 ] 
=! Best NMSE: 1.9224e+00 (epoch=40)

I 05.25/05:34:55 solver.py:141 ] Epoch: [46/400][20/196] lr: 2.00e-04 | MSE loss: 6.4324e-05 | time: 0.046
I 05.25/05:34:55 solver.py:141 ] Epoch: [46/400][40/196] lr: 2.00e-04 | MSE loss: 6.4412e-05 | time: 0.039
I 05.25/05:34:56 solver.py:141 ] Epoch: [46/400][60/196] lr: 2.00e-04 | MSE loss: 6.4164e-05 | time: 0.035
I 05.25/05:34:56 solver.py:141 ] Epoch: [46/400][80/196] lr: 2.00e-04 | MSE loss: 6.4014e-05 | time: 0.032
I 05.25/05:34:57 solver.py:141 ] Epoch: [46/400][100/196] lr: 2.00e-04 | MSE loss: 6.3704e-05 | time: 0.031
I 05.25/05:34:58 solver.py:141 ] Epoch: [46/400][120/196] lr: 2.00e-04 | MSE loss: 6.3234e-05 | time: 0.031
I 05.25/05:34:58 solver.py:141 ] Epoch: [46/400][140/196] lr: 2.00e-04 | MSE loss: 6.3029e-05 | time: 0.031
I 05.25/05:34:59 solver.py:141 ] Epoch: [46/400][160/196] lr: 2.00e-04 | MSE loss: 6.2785e-05 | time: 0.032
I 05.25/05:35:00 solver.py:141 ] Epoch: [46/400][180/196] lr: 2.00e-04 | MSE loss: 6.2634e-05 | time: 0.031
I 05.25/05:35:00 solver.py:151 ] => Train  Loss: 6.2426e-05

I 05.25/05:35:00 solver.py:206 ] 
=! Best NMSE: 1.9224e+00 (epoch=40)

I 05.25/05:35:02 solver.py:141 ] Epoch: [47/400][20/196] lr: 2.00e-04 | MSE loss: 5.9248e-05 | time: 0.056
I 05.25/05:35:02 solver.py:141 ] Epoch: [47/400][40/196] lr: 2.00e-04 | MSE loss: 5.8765e-05 | time: 0.044
I 05.25/05:35:03 solver.py:141 ] Epoch: [47/400][60/196] lr: 2.00e-04 | MSE loss: 5.8582e-05 | time: 0.041
I 05.25/05:35:04 solver.py:141 ] Epoch: [47/400][80/196] lr: 2.00e-04 | MSE loss: 5.8374e-05 | time: 0.039
I 05.25/05:35:04 solver.py:141 ] Epoch: [47/400][100/196] lr: 2.00e-04 | MSE loss: 5.8097e-05 | time: 0.038
I 05.25/05:35:05 solver.py:141 ] Epoch: [47/400][120/196] lr: 2.00e-04 | MSE loss: 5.7816e-05 | time: 0.037
I 05.25/05:35:05 solver.py:141 ] Epoch: [47/400][140/196] lr: 2.00e-04 | MSE loss: 5.7680e-05 | time: 0.036
I 05.25/05:35:06 solver.py:141 ] Epoch: [47/400][160/196] lr: 2.00e-04 | MSE loss: 5.7454e-05 | time: 0.036
I 05.25/05:35:07 solver.py:141 ] Epoch: [47/400][180/196] lr: 2.00e-04 | MSE loss: 5.7304e-05 | time: 0.035
I 05.25/05:35:07 solver.py:151 ] => Train  Loss: 5.7319e-05

I 05.25/05:35:07 solver.py:206 ] 
=! Best NMSE: 1.9224e+00 (epoch=40)

I 05.25/05:35:09 solver.py:141 ] Epoch: [48/400][20/196] lr: 2.00e-04 | MSE loss: 5.4976e-05 | time: 0.058
I 05.25/05:35:09 solver.py:141 ] Epoch: [48/400][40/196] lr: 2.00e-04 | MSE loss: 5.4989e-05 | time: 0.047
I 05.25/05:35:10 solver.py:141 ] Epoch: [48/400][60/196] lr: 2.00e-04 | MSE loss: 5.5037e-05 | time: 0.042
I 05.25/05:35:11 solver.py:141 ] Epoch: [48/400][80/196] lr: 2.00e-04 | MSE loss: 5.4967e-05 | time: 0.040
I 05.25/05:35:11 solver.py:141 ] Epoch: [48/400][100/196] lr: 2.00e-04 | MSE loss: 5.4841e-05 | time: 0.039
I 05.25/05:35:12 solver.py:141 ] Epoch: [48/400][120/196] lr: 2.00e-04 | MSE loss: 5.4697e-05 | time: 0.038
I 05.25/05:35:13 solver.py:141 ] Epoch: [48/400][140/196] lr: 2.00e-04 | MSE loss: 5.4597e-05 | time: 0.037
I 05.25/05:35:13 solver.py:141 ] Epoch: [48/400][160/196] lr: 2.00e-04 | MSE loss: 5.4547e-05 | time: 0.035
I 05.25/05:35:14 solver.py:141 ] Epoch: [48/400][180/196] lr: 2.00e-04 | MSE loss: 5.4303e-05 | time: 0.035
I 05.25/05:35:14 solver.py:151 ] => Train  Loss: 5.4205e-05

I 05.25/05:35:14 solver.py:206 ] 
=! Best NMSE: 1.9224e+00 (epoch=40)

I 05.25/05:35:15 solver.py:141 ] Epoch: [49/400][20/196] lr: 2.00e-04 | MSE loss: 5.2427e-05 | time: 0.041
I 05.25/05:35:16 solver.py:141 ] Epoch: [49/400][40/196] lr: 2.00e-04 | MSE loss: 5.2902e-05 | time: 0.036
I 05.25/05:35:16 solver.py:141 ] Epoch: [49/400][60/196] lr: 2.00e-04 | MSE loss: 5.2415e-05 | time: 0.033
I 05.25/05:35:17 solver.py:141 ] Epoch: [49/400][80/196] lr: 2.00e-04 | MSE loss: 5.2003e-05 | time: 0.034
I 05.25/05:35:18 solver.py:141 ] Epoch: [49/400][100/196] lr: 2.00e-04 | MSE loss: 5.1788e-05 | time: 0.034
I 05.25/05:35:18 solver.py:141 ] Epoch: [49/400][120/196] lr: 2.00e-04 | MSE loss: 5.1691e-05 | time: 0.034
I 05.25/05:35:19 solver.py:141 ] Epoch: [49/400][140/196] lr: 2.00e-04 | MSE loss: 5.1625e-05 | time: 0.033
I 05.25/05:35:20 solver.py:141 ] Epoch: [49/400][160/196] lr: 2.00e-04 | MSE loss: 5.1458e-05 | time: 0.032
I 05.25/05:35:20 solver.py:141 ] Epoch: [49/400][180/196] lr: 2.00e-04 | MSE loss: 5.1398e-05 | time: 0.032
I 05.25/05:35:21 solver.py:151 ] => Train  Loss: 5.1393e-05

I 05.25/05:35:21 solver.py:206 ] 
=! Best NMSE: 1.9224e+00 (epoch=40)

I 05.25/05:35:22 solver.py:141 ] Epoch: [50/400][20/196] lr: 2.00e-04 | MSE loss: 4.8494e-05 | time: 0.047
I 05.25/05:35:23 solver.py:141 ] Epoch: [50/400][40/196] lr: 2.00e-04 | MSE loss: 4.9215e-05 | time: 0.039
I 05.25/05:35:23 solver.py:141 ] Epoch: [50/400][60/196] lr: 2.00e-04 | MSE loss: 4.9508e-05 | time: 0.037
I 05.25/05:35:24 solver.py:141 ] Epoch: [50/400][80/196] lr: 2.00e-04 | MSE loss: 4.9649e-05 | time: 0.035
I 05.25/05:35:25 solver.py:141 ] Epoch: [50/400][100/196] lr: 2.00e-04 | MSE loss: 4.9663e-05 | time: 0.035
I 05.25/05:35:25 solver.py:141 ] Epoch: [50/400][120/196] lr: 2.00e-04 | MSE loss: 4.9365e-05 | time: 0.034
I 05.25/05:35:26 solver.py:141 ] Epoch: [50/400][140/196] lr: 2.00e-04 | MSE loss: 4.9103e-05 | time: 0.033
I 05.25/05:35:26 solver.py:141 ] Epoch: [50/400][160/196] lr: 2.00e-04 | MSE loss: 4.8879e-05 | time: 0.032
I 05.25/05:35:27 solver.py:141 ] Epoch: [50/400][180/196] lr: 2.00e-04 | MSE loss: 4.8905e-05 | time: 0.032
I 05.25/05:35:27 solver.py:151 ] => Train  Loss: 4.8827e-05

I 05.25/05:35:28 solver.py:141 ] Epoch: [50/400][20/59] lr: 2.00e-04 | MSE loss: 4.7944e-05 | time: 0.014
I 05.25/05:35:28 solver.py:141 ] Epoch: [50/400][40/59] lr: 2.00e-04 | MSE loss: 4.8327e-05 | time: 0.011
I 05.25/05:35:28 solver.py:151 ] => Val  Loss: 4.8243e-05

I 05.25/05:35:28 solver.py:281 ] [20/40] loss: 4.8252e-05 | NMSE: -1.0085e+01 | time: 0.014
I 05.25/05:35:29 solver.py:281 ] [40/40] loss: 4.7933e-05 | NMSE: -1.0093e+01 | time: 0.013
I 05.25/05:35:29 solver.py:285 ] => Test NMSE: -1.0093e+01

I 05.25/05:35:29 solver.py:206 ] 
=! Best NMSE: -1.0093e+01 (epoch=50)

I 05.25/05:35:30 solver.py:141 ] Epoch: [51/400][20/196] lr: 2.00e-04 | MSE loss: 4.7151e-05 | time: 0.045
I 05.25/05:35:30 solver.py:141 ] Epoch: [51/400][40/196] lr: 2.00e-04 | MSE loss: 4.7395e-05 | time: 0.036
I 05.25/05:35:31 solver.py:141 ] Epoch: [51/400][60/196] lr: 2.00e-04 | MSE loss: 4.7100e-05 | time: 0.031
I 05.25/05:35:31 solver.py:141 ] Epoch: [51/400][80/196] lr: 2.00e-04 | MSE loss: 4.6852e-05 | time: 0.027
I 05.25/05:35:31 solver.py:141 ] Epoch: [51/400][100/196] lr: 2.00e-04 | MSE loss: 4.6803e-05 | time: 0.025
I 05.25/05:35:32 solver.py:141 ] Epoch: [51/400][120/196] lr: 2.00e-04 | MSE loss: 4.6850e-05 | time: 0.026
I 05.25/05:35:33 solver.py:141 ] Epoch: [51/400][140/196] lr: 2.00e-04 | MSE loss: 4.6754e-05 | time: 0.027
I 05.25/05:35:33 solver.py:141 ] Epoch: [51/400][160/196] lr: 2.00e-04 | MSE loss: 4.6864e-05 | time: 0.027
I 05.25/05:35:34 solver.py:141 ] Epoch: [51/400][180/196] lr: 2.00e-04 | MSE loss: 4.6783e-05 | time: 0.027
I 05.25/05:35:34 solver.py:151 ] => Train  Loss: 4.6698e-05

I 05.25/05:35:34 solver.py:206 ] 
=! Best NMSE: -1.0093e+01 (epoch=50)

I 05.25/05:35:36 solver.py:141 ] Epoch: [52/400][20/196] lr: 2.00e-04 | MSE loss: 4.5100e-05 | time: 0.048
I 05.25/05:35:36 solver.py:141 ] Epoch: [52/400][40/196] lr: 2.00e-04 | MSE loss: 4.4881e-05 | time: 0.039
I 05.25/05:35:37 solver.py:141 ] Epoch: [52/400][60/196] lr: 2.00e-04 | MSE loss: 4.4789e-05 | time: 0.037
I 05.25/05:35:37 solver.py:141 ] Epoch: [52/400][80/196] lr: 2.00e-04 | MSE loss: 4.4687e-05 | time: 0.034
I 05.25/05:35:38 solver.py:141 ] Epoch: [52/400][100/196] lr: 2.00e-04 | MSE loss: 4.4834e-05 | time: 0.033
I 05.25/05:35:38 solver.py:141 ] Epoch: [52/400][120/196] lr: 2.00e-04 | MSE loss: 4.4834e-05 | time: 0.032
I 05.25/05:35:39 solver.py:141 ] Epoch: [52/400][140/196] lr: 2.00e-04 | MSE loss: 4.4749e-05 | time: 0.033
I 05.25/05:35:40 solver.py:141 ] Epoch: [52/400][160/196] lr: 2.00e-04 | MSE loss: 4.4533e-05 | time: 0.033
I 05.25/05:35:40 solver.py:141 ] Epoch: [52/400][180/196] lr: 2.00e-04 | MSE loss: 4.4479e-05 | time: 0.032
I 05.25/05:35:41 solver.py:151 ] => Train  Loss: 4.4503e-05

I 05.25/05:35:41 solver.py:206 ] 
=! Best NMSE: -1.0093e+01 (epoch=50)

I 05.25/05:35:42 solver.py:141 ] Epoch: [53/400][20/196] lr: 2.00e-04 | MSE loss: 4.4181e-05 | time: 0.048
I 05.25/05:35:43 solver.py:141 ] Epoch: [53/400][40/196] lr: 2.00e-04 | MSE loss: 4.3381e-05 | time: 0.040
I 05.25/05:35:43 solver.py:141 ] Epoch: [53/400][60/196] lr: 2.00e-04 | MSE loss: 4.3137e-05 | time: 0.037
I 05.25/05:35:44 solver.py:141 ] Epoch: [53/400][80/196] lr: 2.00e-04 | MSE loss: 4.3120e-05 | time: 0.035
I 05.25/05:35:45 solver.py:141 ] Epoch: [53/400][100/196] lr: 2.00e-04 | MSE loss: 4.2968e-05 | time: 0.035
I 05.25/05:35:45 solver.py:141 ] Epoch: [53/400][120/196] lr: 2.00e-04 | MSE loss: 4.2908e-05 | time: 0.034
I 05.25/05:35:46 solver.py:141 ] Epoch: [53/400][140/196] lr: 2.00e-04 | MSE loss: 4.2899e-05 | time: 0.034
I 05.25/05:35:46 solver.py:141 ] Epoch: [53/400][160/196] lr: 2.00e-04 | MSE loss: 4.2734e-05 | time: 0.034
I 05.25/05:35:47 solver.py:141 ] Epoch: [53/400][180/196] lr: 2.00e-04 | MSE loss: 4.2641e-05 | time: 0.033
I 05.25/05:35:47 solver.py:151 ] => Train  Loss: 4.2645e-05

I 05.25/05:35:48 solver.py:206 ] 
=! Best NMSE: -1.0093e+01 (epoch=50)

I 05.25/05:35:49 solver.py:141 ] Epoch: [54/400][20/196] lr: 2.00e-04 | MSE loss: 4.2246e-05 | time: 0.046
I 05.25/05:35:49 solver.py:141 ] Epoch: [54/400][40/196] lr: 2.00e-04 | MSE loss: 4.1719e-05 | time: 0.037
I 05.25/05:35:50 solver.py:141 ] Epoch: [54/400][60/196] lr: 1.99e-04 | MSE loss: 4.1538e-05 | time: 0.034
I 05.25/05:35:50 solver.py:141 ] Epoch: [54/400][80/196] lr: 1.99e-04 | MSE loss: 4.1283e-05 | time: 0.033
I 05.25/05:35:51 solver.py:141 ] Epoch: [54/400][100/196] lr: 1.99e-04 | MSE loss: 4.1377e-05 | time: 0.033
I 05.25/05:35:52 solver.py:141 ] Epoch: [54/400][120/196] lr: 1.99e-04 | MSE loss: 4.1207e-05 | time: 0.033
I 05.25/05:35:52 solver.py:141 ] Epoch: [54/400][140/196] lr: 1.99e-04 | MSE loss: 4.1073e-05 | time: 0.032
I 05.25/05:35:53 solver.py:141 ] Epoch: [54/400][160/196] lr: 1.99e-04 | MSE loss: 4.0978e-05 | time: 0.033
I 05.25/05:35:54 solver.py:141 ] Epoch: [54/400][180/196] lr: 1.99e-04 | MSE loss: 4.0838e-05 | time: 0.032
I 05.25/05:35:54 solver.py:151 ] => Train  Loss: 4.0786e-05

I 05.25/05:35:54 solver.py:206 ] 
=! Best NMSE: -1.0093e+01 (epoch=50)

I 05.25/05:35:55 solver.py:141 ] Epoch: [55/400][20/196] lr: 1.99e-04 | MSE loss: 4.0403e-05 | time: 0.043
I 05.25/05:35:56 solver.py:141 ] Epoch: [55/400][40/196] lr: 1.99e-04 | MSE loss: 4.0035e-05 | time: 0.035
I 05.25/05:35:56 solver.py:141 ] Epoch: [55/400][60/196] lr: 1.99e-04 | MSE loss: 3.9620e-05 | time: 0.034
I 05.25/05:35:57 solver.py:141 ] Epoch: [55/400][80/196] lr: 1.99e-04 | MSE loss: 3.9491e-05 | time: 0.033
I 05.25/05:35:58 solver.py:141 ] Epoch: [55/400][100/196] lr: 1.99e-04 | MSE loss: 3.9410e-05 | time: 0.032
I 05.25/05:35:58 solver.py:141 ] Epoch: [55/400][120/196] lr: 1.99e-04 | MSE loss: 3.9481e-05 | time: 0.031
I 05.25/05:35:59 solver.py:141 ] Epoch: [55/400][140/196] lr: 1.99e-04 | MSE loss: 3.9467e-05 | time: 0.030
I 05.25/05:35:59 solver.py:141 ] Epoch: [55/400][160/196] lr: 1.99e-04 | MSE loss: 3.9448e-05 | time: 0.031
I 05.25/05:36:00 solver.py:141 ] Epoch: [55/400][180/196] lr: 1.99e-04 | MSE loss: 3.9317e-05 | time: 0.031
I 05.25/05:36:01 solver.py:151 ] => Train  Loss: 3.9218e-05

I 05.25/05:36:01 solver.py:206 ] 
=! Best NMSE: -1.0093e+01 (epoch=50)

I 05.25/05:36:02 solver.py:141 ] Epoch: [56/400][20/196] lr: 1.99e-04 | MSE loss: 3.8684e-05 | time: 0.055
I 05.25/05:36:02 solver.py:141 ] Epoch: [56/400][40/196] lr: 1.99e-04 | MSE loss: 3.8552e-05 | time: 0.038
I 05.25/05:36:03 solver.py:141 ] Epoch: [56/400][60/196] lr: 1.99e-04 | MSE loss: 3.8368e-05 | time: 0.033
I 05.25/05:36:03 solver.py:141 ] Epoch: [56/400][80/196] lr: 1.99e-04 | MSE loss: 3.8278e-05 | time: 0.033
I 05.25/05:36:04 solver.py:141 ] Epoch: [56/400][100/196] lr: 1.99e-04 | MSE loss: 3.8226e-05 | time: 0.033
I 05.25/05:36:05 solver.py:141 ] Epoch: [56/400][120/196] lr: 1.99e-04 | MSE loss: 3.8217e-05 | time: 0.033
I 05.25/05:36:05 solver.py:141 ] Epoch: [56/400][140/196] lr: 1.99e-04 | MSE loss: 3.8138e-05 | time: 0.032
I 05.25/05:36:06 solver.py:141 ] Epoch: [56/400][160/196] lr: 1.99e-04 | MSE loss: 3.8018e-05 | time: 0.032
I 05.25/05:36:07 solver.py:141 ] Epoch: [56/400][180/196] lr: 1.99e-04 | MSE loss: 3.7943e-05 | time: 0.032
I 05.25/05:36:07 solver.py:151 ] => Train  Loss: 3.7923e-05

I 05.25/05:36:07 solver.py:206 ] 
=! Best NMSE: -1.0093e+01 (epoch=50)

I 05.25/05:36:09 solver.py:141 ] Epoch: [57/400][20/196] lr: 1.99e-04 | MSE loss: 3.6858e-05 | time: 0.059
I 05.25/05:36:09 solver.py:141 ] Epoch: [57/400][40/196] lr: 1.99e-04 | MSE loss: 3.6855e-05 | time: 0.047
I 05.25/05:36:10 solver.py:141 ] Epoch: [57/400][60/196] lr: 1.99e-04 | MSE loss: 3.6842e-05 | time: 0.041
I 05.25/05:36:10 solver.py:141 ] Epoch: [57/400][80/196] lr: 1.99e-04 | MSE loss: 3.6734e-05 | time: 0.038
I 05.25/05:36:11 solver.py:141 ] Epoch: [57/400][100/196] lr: 1.99e-04 | MSE loss: 3.6815e-05 | time: 0.035
I 05.25/05:36:12 solver.py:141 ] Epoch: [57/400][120/196] lr: 1.99e-04 | MSE loss: 3.6932e-05 | time: 0.035
I 05.25/05:36:12 solver.py:141 ] Epoch: [57/400][140/196] lr: 1.99e-04 | MSE loss: 3.6956e-05 | time: 0.034
I 05.25/05:36:13 solver.py:141 ] Epoch: [57/400][160/196] lr: 1.99e-04 | MSE loss: 3.6823e-05 | time: 0.034
I 05.25/05:36:13 solver.py:141 ] Epoch: [57/400][180/196] lr: 1.99e-04 | MSE loss: 3.6699e-05 | time: 0.033
I 05.25/05:36:14 solver.py:151 ] => Train  Loss: 3.6595e-05

I 05.25/05:36:14 solver.py:206 ] 
=! Best NMSE: -1.0093e+01 (epoch=50)

I 05.25/05:36:15 solver.py:141 ] Epoch: [58/400][20/196] lr: 1.99e-04 | MSE loss: 3.6682e-05 | time: 0.048
I 05.25/05:36:16 solver.py:141 ] Epoch: [58/400][40/196] lr: 1.99e-04 | MSE loss: 3.6157e-05 | time: 0.040
I 05.25/05:36:16 solver.py:141 ] Epoch: [58/400][60/196] lr: 1.99e-04 | MSE loss: 3.5890e-05 | time: 0.037
I 05.25/05:36:17 solver.py:141 ] Epoch: [58/400][80/196] lr: 1.99e-04 | MSE loss: 3.5707e-05 | time: 0.035
I 05.25/05:36:18 solver.py:141 ] Epoch: [58/400][100/196] lr: 1.99e-04 | MSE loss: 3.5595e-05 | time: 0.035
I 05.25/05:36:18 solver.py:141 ] Epoch: [58/400][120/196] lr: 1.99e-04 | MSE loss: 3.5505e-05 | time: 0.034
I 05.25/05:36:19 solver.py:141 ] Epoch: [58/400][140/196] lr: 1.99e-04 | MSE loss: 3.5460e-05 | time: 0.033
I 05.25/05:36:19 solver.py:141 ] Epoch: [58/400][160/196] lr: 1.99e-04 | MSE loss: 3.5437e-05 | time: 0.032
I 05.25/05:36:20 solver.py:141 ] Epoch: [58/400][180/196] lr: 1.99e-04 | MSE loss: 3.5379e-05 | time: 0.032
I 05.25/05:36:20 solver.py:151 ] => Train  Loss: 3.5393e-05

I 05.25/05:36:21 solver.py:206 ] 
=! Best NMSE: -1.0093e+01 (epoch=50)

I 05.25/05:36:22 solver.py:141 ] Epoch: [59/400][20/196] lr: 1.99e-04 | MSE loss: 3.5149e-05 | time: 0.043
I 05.25/05:36:22 solver.py:141 ] Epoch: [59/400][40/196] lr: 1.99e-04 | MSE loss: 3.4629e-05 | time: 0.037
I 05.25/05:36:23 solver.py:141 ] Epoch: [59/400][60/196] lr: 1.99e-04 | MSE loss: 3.4672e-05 | time: 0.035
I 05.25/05:36:23 solver.py:141 ] Epoch: [59/400][80/196] lr: 1.99e-04 | MSE loss: 3.4607e-05 | time: 0.033
I 05.25/05:36:24 solver.py:141 ] Epoch: [59/400][100/196] lr: 1.99e-04 | MSE loss: 3.4437e-05 | time: 0.032
I 05.25/05:36:25 solver.py:141 ] Epoch: [59/400][120/196] lr: 1.99e-04 | MSE loss: 3.4326e-05 | time: 0.032
I 05.25/05:36:25 solver.py:141 ] Epoch: [59/400][140/196] lr: 1.99e-04 | MSE loss: 3.4427e-05 | time: 0.032
I 05.25/05:36:26 solver.py:141 ] Epoch: [59/400][160/196] lr: 1.99e-04 | MSE loss: 3.4360e-05 | time: 0.033
I 05.25/05:36:27 solver.py:141 ] Epoch: [59/400][180/196] lr: 1.99e-04 | MSE loss: 3.4296e-05 | time: 0.033
I 05.25/05:36:27 solver.py:151 ] => Train  Loss: 3.4255e-05

I 05.25/05:36:27 solver.py:206 ] 
=! Best NMSE: -1.0093e+01 (epoch=50)

I 05.25/05:36:28 solver.py:141 ] Epoch: [60/400][20/196] lr: 1.99e-04 | MSE loss: 3.4076e-05 | time: 0.049
I 05.25/05:36:29 solver.py:141 ] Epoch: [60/400][40/196] lr: 1.99e-04 | MSE loss: 3.3637e-05 | time: 0.038
I 05.25/05:36:29 solver.py:141 ] Epoch: [60/400][60/196] lr: 1.99e-04 | MSE loss: 3.3399e-05 | time: 0.036
I 05.25/05:36:30 solver.py:141 ] Epoch: [60/400][80/196] lr: 1.99e-04 | MSE loss: 3.3424e-05 | time: 0.034
I 05.25/05:36:31 solver.py:141 ] Epoch: [60/400][100/196] lr: 1.99e-04 | MSE loss: 3.3373e-05 | time: 0.033
I 05.25/05:36:31 solver.py:141 ] Epoch: [60/400][120/196] lr: 1.99e-04 | MSE loss: 3.3412e-05 | time: 0.031
I 05.25/05:36:32 solver.py:141 ] Epoch: [60/400][140/196] lr: 1.99e-04 | MSE loss: 3.3333e-05 | time: 0.031
I 05.25/05:36:32 solver.py:141 ] Epoch: [60/400][160/196] lr: 1.99e-04 | MSE loss: 3.3260e-05 | time: 0.031
I 05.25/05:36:33 solver.py:141 ] Epoch: [60/400][180/196] lr: 1.99e-04 | MSE loss: 3.3208e-05 | time: 0.031
I 05.25/05:36:33 solver.py:151 ] => Train  Loss: 3.3197e-05

I 05.25/05:36:34 solver.py:141 ] Epoch: [60/400][20/59] lr: 1.99e-04 | MSE loss: 3.3888e-05 | time: 0.017
I 05.25/05:36:34 solver.py:141 ] Epoch: [60/400][40/59] lr: 1.99e-04 | MSE loss: 3.4183e-05 | time: 0.012
I 05.25/05:36:34 solver.py:151 ] => Val  Loss: 3.4111e-05

I 05.25/05:36:34 solver.py:281 ] [20/40] loss: 3.4079e-05 | NMSE: -1.1551e+01 | time: 0.012
I 05.25/05:36:35 solver.py:281 ] [40/40] loss: 3.3958e-05 | NMSE: -1.1549e+01 | time: 0.012
I 05.25/05:36:35 solver.py:285 ] => Test NMSE: -1.1549e+01

I 05.25/05:36:35 solver.py:206 ] 
=! Best NMSE: -1.1549e+01 (epoch=60)

I 05.25/05:36:36 solver.py:141 ] Epoch: [61/400][20/196] lr: 1.99e-04 | MSE loss: 3.2431e-05 | time: 0.045
I 05.25/05:36:36 solver.py:141 ] Epoch: [61/400][40/196] lr: 1.99e-04 | MSE loss: 3.2282e-05 | time: 0.039
I 05.25/05:36:37 solver.py:141 ] Epoch: [61/400][60/196] lr: 1.99e-04 | MSE loss: 3.2353e-05 | time: 0.036
I 05.25/05:36:38 solver.py:141 ] Epoch: [61/400][80/196] lr: 1.99e-04 | MSE loss: 3.2496e-05 | time: 0.035
I 05.25/05:36:38 solver.py:141 ] Epoch: [61/400][100/196] lr: 1.99e-04 | MSE loss: 3.2429e-05 | time: 0.034
I 05.25/05:36:39 solver.py:141 ] Epoch: [61/400][120/196] lr: 1.99e-04 | MSE loss: 3.2328e-05 | time: 0.033
I 05.25/05:36:39 solver.py:141 ] Epoch: [61/400][140/196] lr: 1.99e-04 | MSE loss: 3.2251e-05 | time: 0.033
I 05.25/05:36:40 solver.py:141 ] Epoch: [61/400][160/196] lr: 1.99e-04 | MSE loss: 3.2216e-05 | time: 0.032
I 05.25/05:36:41 solver.py:141 ] Epoch: [61/400][180/196] lr: 1.99e-04 | MSE loss: 3.2201e-05 | time: 0.032
I 05.25/05:36:41 solver.py:151 ] => Train  Loss: 3.2251e-05

I 05.25/05:36:41 solver.py:206 ] 
=! Best NMSE: -1.1549e+01 (epoch=60)

I 05.25/05:36:42 solver.py:141 ] Epoch: [62/400][20/196] lr: 1.99e-04 | MSE loss: 3.0890e-05 | time: 0.044
I 05.25/05:36:43 solver.py:141 ] Epoch: [62/400][40/196] lr: 1.99e-04 | MSE loss: 3.0820e-05 | time: 0.038
I 05.25/05:36:44 solver.py:141 ] Epoch: [62/400][60/196] lr: 1.99e-04 | MSE loss: 3.0833e-05 | time: 0.035
I 05.25/05:36:44 solver.py:141 ] Epoch: [62/400][80/196] lr: 1.99e-04 | MSE loss: 3.0815e-05 | time: 0.033
I 05.25/05:36:45 solver.py:141 ] Epoch: [62/400][100/196] lr: 1.99e-04 | MSE loss: 3.0973e-05 | time: 0.032
I 05.25/05:36:45 solver.py:141 ] Epoch: [62/400][120/196] lr: 1.99e-04 | MSE loss: 3.1072e-05 | time: 0.032
I 05.25/05:36:46 solver.py:141 ] Epoch: [62/400][140/196] lr: 1.99e-04 | MSE loss: 3.1064e-05 | time: 0.031
I 05.25/05:36:47 solver.py:141 ] Epoch: [62/400][160/196] lr: 1.99e-04 | MSE loss: 3.1169e-05 | time: 0.032
I 05.25/05:36:47 solver.py:141 ] Epoch: [62/400][180/196] lr: 1.99e-04 | MSE loss: 3.1174e-05 | time: 0.031
I 05.25/05:36:48 solver.py:151 ] => Train  Loss: 3.1130e-05

I 05.25/05:36:48 solver.py:206 ] 
=! Best NMSE: -1.1549e+01 (epoch=60)

I 05.25/05:36:49 solver.py:141 ] Epoch: [63/400][20/196] lr: 1.99e-04 | MSE loss: 2.9767e-05 | time: 0.050
I 05.25/05:36:50 solver.py:141 ] Epoch: [63/400][40/196] lr: 1.99e-04 | MSE loss: 2.9954e-05 | time: 0.041
I 05.25/05:36:50 solver.py:141 ] Epoch: [63/400][60/196] lr: 1.99e-04 | MSE loss: 3.0081e-05 | time: 0.036
I 05.25/05:36:51 solver.py:141 ] Epoch: [63/400][80/196] lr: 1.99e-04 | MSE loss: 3.0330e-05 | time: 0.035
I 05.25/05:36:51 solver.py:141 ] Epoch: [63/400][100/196] lr: 1.99e-04 | MSE loss: 3.0413e-05 | time: 0.034
I 05.25/05:36:52 solver.py:141 ] Epoch: [63/400][120/196] lr: 1.99e-04 | MSE loss: 3.0369e-05 | time: 0.034
I 05.25/05:36:53 solver.py:141 ] Epoch: [63/400][140/196] lr: 1.99e-04 | MSE loss: 3.0334e-05 | time: 0.034
I 05.25/05:36:53 solver.py:141 ] Epoch: [63/400][160/196] lr: 1.99e-04 | MSE loss: 3.0314e-05 | time: 0.034
I 05.25/05:36:54 solver.py:141 ] Epoch: [63/400][180/196] lr: 1.99e-04 | MSE loss: 3.0248e-05 | time: 0.033
I 05.25/05:36:54 solver.py:151 ] => Train  Loss: 3.0173e-05

I 05.25/05:36:55 solver.py:206 ] 
=! Best NMSE: -1.1549e+01 (epoch=60)

I 05.25/05:36:56 solver.py:141 ] Epoch: [64/400][20/196] lr: 1.98e-04 | MSE loss: 2.9391e-05 | time: 0.047
I 05.25/05:36:56 solver.py:141 ] Epoch: [64/400][40/196] lr: 1.98e-04 | MSE loss: 2.9403e-05 | time: 0.038
I 05.25/05:36:57 solver.py:141 ] Epoch: [64/400][60/196] lr: 1.98e-04 | MSE loss: 2.9431e-05 | time: 0.036
I 05.25/05:36:57 solver.py:141 ] Epoch: [64/400][80/196] lr: 1.98e-04 | MSE loss: 2.9389e-05 | time: 0.034
I 05.25/05:36:58 solver.py:141 ] Epoch: [64/400][100/196] lr: 1.98e-04 | MSE loss: 2.9234e-05 | time: 0.034
I 05.25/05:36:59 solver.py:141 ] Epoch: [64/400][120/196] lr: 1.98e-04 | MSE loss: 2.9284e-05 | time: 0.033
I 05.25/05:36:59 solver.py:141 ] Epoch: [64/400][140/196] lr: 1.98e-04 | MSE loss: 2.9274e-05 | time: 0.032
I 05.25/05:37:00 solver.py:141 ] Epoch: [64/400][160/196] lr: 1.98e-04 | MSE loss: 2.9264e-05 | time: 0.032
I 05.25/05:37:00 solver.py:141 ] Epoch: [64/400][180/196] lr: 1.98e-04 | MSE loss: 2.9240e-05 | time: 0.032
I 05.25/05:37:01 solver.py:151 ] => Train  Loss: 2.9179e-05

I 05.25/05:37:01 solver.py:206 ] 
=! Best NMSE: -1.1549e+01 (epoch=60)

I 05.25/05:37:02 solver.py:141 ] Epoch: [65/400][20/196] lr: 1.98e-04 | MSE loss: 2.8631e-05 | time: 0.062
I 05.25/05:37:03 solver.py:141 ] Epoch: [65/400][40/196] lr: 1.98e-04 | MSE loss: 2.8746e-05 | time: 0.048
I 05.25/05:37:04 solver.py:141 ] Epoch: [65/400][60/196] lr: 1.98e-04 | MSE loss: 2.8744e-05 | time: 0.043
I 05.25/05:37:04 solver.py:141 ] Epoch: [65/400][80/196] lr: 1.98e-04 | MSE loss: 2.8821e-05 | time: 0.040
I 05.25/05:37:05 solver.py:141 ] Epoch: [65/400][100/196] lr: 1.98e-04 | MSE loss: 2.8700e-05 | time: 0.038
I 05.25/05:37:06 solver.py:141 ] Epoch: [65/400][120/196] lr: 1.98e-04 | MSE loss: 2.8861e-05 | time: 0.037
I 05.25/05:37:06 solver.py:141 ] Epoch: [65/400][140/196] lr: 1.98e-04 | MSE loss: 2.8845e-05 | time: 0.034
I 05.25/05:37:06 solver.py:141 ] Epoch: [65/400][160/196] lr: 1.98e-04 | MSE loss: 2.8774e-05 | time: 0.033
I 05.25/05:37:07 solver.py:141 ] Epoch: [65/400][180/196] lr: 1.98e-04 | MSE loss: 2.8707e-05 | time: 0.032
I 05.25/05:37:07 solver.py:151 ] => Train  Loss: 2.8671e-05

I 05.25/05:37:08 solver.py:206 ] 
=! Best NMSE: -1.1549e+01 (epoch=60)

I 05.25/05:37:09 solver.py:141 ] Epoch: [66/400][20/196] lr: 1.98e-04 | MSE loss: 2.8144e-05 | time: 0.058
I 05.25/05:37:10 solver.py:141 ] Epoch: [66/400][40/196] lr: 1.98e-04 | MSE loss: 2.8865e-05 | time: 0.047
I 05.25/05:37:10 solver.py:141 ] Epoch: [66/400][60/196] lr: 1.98e-04 | MSE loss: 2.8665e-05 | time: 0.042
I 05.25/05:37:11 solver.py:141 ] Epoch: [66/400][80/196] lr: 1.98e-04 | MSE loss: 2.8425e-05 | time: 0.039
I 05.25/05:37:11 solver.py:141 ] Epoch: [66/400][100/196] lr: 1.98e-04 | MSE loss: 2.8207e-05 | time: 0.037
I 05.25/05:37:12 solver.py:141 ] Epoch: [66/400][120/196] lr: 1.98e-04 | MSE loss: 2.8193e-05 | time: 0.036
I 05.25/05:37:13 solver.py:141 ] Epoch: [66/400][140/196] lr: 1.98e-04 | MSE loss: 2.8046e-05 | time: 0.036
I 05.25/05:37:13 solver.py:141 ] Epoch: [66/400][160/196] lr: 1.98e-04 | MSE loss: 2.7932e-05 | time: 0.035
I 05.25/05:37:14 solver.py:141 ] Epoch: [66/400][180/196] lr: 1.98e-04 | MSE loss: 2.7863e-05 | time: 0.034
I 05.25/05:37:14 solver.py:151 ] => Train  Loss: 2.7827e-05

I 05.25/05:37:15 solver.py:206 ] 
=! Best NMSE: -1.1549e+01 (epoch=60)

I 05.25/05:37:16 solver.py:141 ] Epoch: [67/400][20/196] lr: 1.98e-04 | MSE loss: 2.7072e-05 | time: 0.049
I 05.25/05:37:16 solver.py:141 ] Epoch: [67/400][40/196] lr: 1.98e-04 | MSE loss: 2.6911e-05 | time: 0.042
I 05.25/05:37:17 solver.py:141 ] Epoch: [67/400][60/196] lr: 1.98e-04 | MSE loss: 2.6965e-05 | time: 0.039
I 05.25/05:37:18 solver.py:141 ] Epoch: [67/400][80/196] lr: 1.98e-04 | MSE loss: 2.6942e-05 | time: 0.038
I 05.25/05:37:18 solver.py:141 ] Epoch: [67/400][100/196] lr: 1.98e-04 | MSE loss: 2.6878e-05 | time: 0.036
I 05.25/05:37:19 solver.py:141 ] Epoch: [67/400][120/196] lr: 1.98e-04 | MSE loss: 2.6853e-05 | time: 0.035
I 05.25/05:37:19 solver.py:141 ] Epoch: [67/400][140/196] lr: 1.98e-04 | MSE loss: 2.6883e-05 | time: 0.034
I 05.25/05:37:20 solver.py:141 ] Epoch: [67/400][160/196] lr: 1.98e-04 | MSE loss: 2.6810e-05 | time: 0.033
I 05.25/05:37:21 solver.py:141 ] Epoch: [67/400][180/196] lr: 1.98e-04 | MSE loss: 2.6796e-05 | time: 0.033
I 05.25/05:37:21 solver.py:151 ] => Train  Loss: 2.6870e-05

I 05.25/05:37:21 solver.py:206 ] 
=! Best NMSE: -1.1549e+01 (epoch=60)

I 05.25/05:37:22 solver.py:141 ] Epoch: [68/400][20/196] lr: 1.98e-04 | MSE loss: 2.5949e-05 | time: 0.041
I 05.25/05:37:23 solver.py:141 ] Epoch: [68/400][40/196] lr: 1.98e-04 | MSE loss: 2.6208e-05 | time: 0.032
I 05.25/05:37:23 solver.py:141 ] Epoch: [68/400][60/196] lr: 1.98e-04 | MSE loss: 2.6139e-05 | time: 0.033
I 05.25/05:37:24 solver.py:141 ] Epoch: [68/400][80/196] lr: 1.98e-04 | MSE loss: 2.6342e-05 | time: 0.033
I 05.25/05:37:25 solver.py:141 ] Epoch: [68/400][100/196] lr: 1.98e-04 | MSE loss: 2.6356e-05 | time: 0.032
I 05.25/05:37:25 solver.py:141 ] Epoch: [68/400][120/196] lr: 1.98e-04 | MSE loss: 2.6237e-05 | time: 0.032
I 05.25/05:37:26 solver.py:141 ] Epoch: [68/400][140/196] lr: 1.98e-04 | MSE loss: 2.6245e-05 | time: 0.033
I 05.25/05:37:27 solver.py:141 ] Epoch: [68/400][160/196] lr: 1.98e-04 | MSE loss: 2.6246e-05 | time: 0.033
I 05.25/05:37:27 solver.py:141 ] Epoch: [68/400][180/196] lr: 1.98e-04 | MSE loss: 2.6234e-05 | time: 0.032
I 05.25/05:37:28 solver.py:151 ] => Train  Loss: 2.6202e-05

I 05.25/05:37:28 solver.py:206 ] 
=! Best NMSE: -1.1549e+01 (epoch=60)

I 05.25/05:37:29 solver.py:141 ] Epoch: [69/400][20/196] lr: 1.98e-04 | MSE loss: 2.5533e-05 | time: 0.047
I 05.25/05:37:29 solver.py:141 ] Epoch: [69/400][40/196] lr: 1.98e-04 | MSE loss: 2.5549e-05 | time: 0.038
I 05.25/05:37:30 solver.py:141 ] Epoch: [69/400][60/196] lr: 1.98e-04 | MSE loss: 2.5744e-05 | time: 0.033
I 05.25/05:37:30 solver.py:141 ] Epoch: [69/400][80/196] lr: 1.98e-04 | MSE loss: 2.5677e-05 | time: 0.031
I 05.25/05:37:31 solver.py:141 ] Epoch: [69/400][100/196] lr: 1.98e-04 | MSE loss: 2.5605e-05 | time: 0.031
I 05.25/05:37:32 solver.py:141 ] Epoch: [69/400][120/196] lr: 1.98e-04 | MSE loss: 2.5575e-05 | time: 0.031
I 05.25/05:37:32 solver.py:141 ] Epoch: [69/400][140/196] lr: 1.98e-04 | MSE loss: 2.5575e-05 | time: 0.031
I 05.25/05:37:33 solver.py:141 ] Epoch: [69/400][160/196] lr: 1.98e-04 | MSE loss: 2.5604e-05 | time: 0.031
I 05.25/05:37:34 solver.py:141 ] Epoch: [69/400][180/196] lr: 1.98e-04 | MSE loss: 2.5552e-05 | time: 0.031
I 05.25/05:37:34 solver.py:151 ] => Train  Loss: 2.5579e-05

I 05.25/05:37:34 solver.py:206 ] 
=! Best NMSE: -1.1549e+01 (epoch=60)

I 05.25/05:37:35 solver.py:141 ] Epoch: [70/400][20/196] lr: 1.98e-04 | MSE loss: 2.5342e-05 | time: 0.048
I 05.25/05:37:36 solver.py:141 ] Epoch: [70/400][40/196] lr: 1.98e-04 | MSE loss: 2.5242e-05 | time: 0.039
I 05.25/05:37:37 solver.py:141 ] Epoch: [70/400][60/196] lr: 1.98e-04 | MSE loss: 2.5124e-05 | time: 0.037
I 05.25/05:37:37 solver.py:141 ] Epoch: [70/400][80/196] lr: 1.98e-04 | MSE loss: 2.5055e-05 | time: 0.035
I 05.25/05:37:38 solver.py:141 ] Epoch: [70/400][100/196] lr: 1.98e-04 | MSE loss: 2.4954e-05 | time: 0.035
I 05.25/05:37:38 solver.py:141 ] Epoch: [70/400][120/196] lr: 1.98e-04 | MSE loss: 2.4884e-05 | time: 0.033
I 05.25/05:37:39 solver.py:141 ] Epoch: [70/400][140/196] lr: 1.97e-04 | MSE loss: 2.4915e-05 | time: 0.032
I 05.25/05:37:39 solver.py:141 ] Epoch: [70/400][160/196] lr: 1.97e-04 | MSE loss: 2.4952e-05 | time: 0.031
I 05.25/05:37:40 solver.py:141 ] Epoch: [70/400][180/196] lr: 1.97e-04 | MSE loss: 2.4927e-05 | time: 0.031
I 05.25/05:37:40 solver.py:151 ] => Train  Loss: 2.4865e-05

I 05.25/05:37:41 solver.py:141 ] Epoch: [70/400][20/59] lr: 1.97e-04 | MSE loss: 2.5060e-05 | time: 0.016
I 05.25/05:37:41 solver.py:141 ] Epoch: [70/400][40/59] lr: 1.97e-04 | MSE loss: 2.5268e-05 | time: 0.012
I 05.25/05:37:41 solver.py:151 ] => Val  Loss: 2.5238e-05

I 05.25/05:37:41 solver.py:281 ] [20/40] loss: 2.5247e-05 | NMSE: -1.2872e+01 | time: 0.013
I 05.25/05:37:42 solver.py:281 ] [40/40] loss: 2.5134e-05 | NMSE: -1.2877e+01 | time: 0.012
I 05.25/05:37:42 solver.py:285 ] => Test NMSE: -1.2877e+01

I 05.25/05:37:42 solver.py:206 ] 
=! Best NMSE: -1.2877e+01 (epoch=70)

I 05.25/05:37:43 solver.py:141 ] Epoch: [71/400][20/196] lr: 1.97e-04 | MSE loss: 2.4369e-05 | time: 0.048
I 05.25/05:37:44 solver.py:141 ] Epoch: [71/400][40/196] lr: 1.97e-04 | MSE loss: 2.4408e-05 | time: 0.041
I 05.25/05:37:44 solver.py:141 ] Epoch: [71/400][60/196] lr: 1.97e-04 | MSE loss: 2.4475e-05 | time: 0.038
I 05.25/05:37:45 solver.py:141 ] Epoch: [71/400][80/196] lr: 1.97e-04 | MSE loss: 2.4495e-05 | time: 0.036
I 05.25/05:37:45 solver.py:141 ] Epoch: [71/400][100/196] lr: 1.97e-04 | MSE loss: 2.4387e-05 | time: 0.035
I 05.25/05:37:46 solver.py:141 ] Epoch: [71/400][120/196] lr: 1.97e-04 | MSE loss: 2.4319e-05 | time: 0.034
I 05.25/05:37:47 solver.py:141 ] Epoch: [71/400][140/196] lr: 1.97e-04 | MSE loss: 2.4285e-05 | time: 0.033
I 05.25/05:37:47 solver.py:141 ] Epoch: [71/400][160/196] lr: 1.97e-04 | MSE loss: 2.4238e-05 | time: 0.033
I 05.25/05:37:48 solver.py:141 ] Epoch: [71/400][180/196] lr: 1.97e-04 | MSE loss: 2.4153e-05 | time: 0.033
I 05.25/05:37:48 solver.py:151 ] => Train  Loss: 2.4174e-05

I 05.25/05:37:49 solver.py:206 ] 
=! Best NMSE: -1.2877e+01 (epoch=70)

I 05.25/05:37:50 solver.py:141 ] Epoch: [72/400][20/196] lr: 1.97e-04 | MSE loss: 2.4110e-05 | time: 0.053
I 05.25/05:37:50 solver.py:141 ] Epoch: [72/400][40/196] lr: 1.97e-04 | MSE loss: 2.4141e-05 | time: 0.043
I 05.25/05:37:51 solver.py:141 ] Epoch: [72/400][60/196] lr: 1.97e-04 | MSE loss: 2.3807e-05 | time: 0.038
I 05.25/05:37:51 solver.py:141 ] Epoch: [72/400][80/196] lr: 1.97e-04 | MSE loss: 2.3678e-05 | time: 0.035
I 05.25/05:37:52 solver.py:141 ] Epoch: [72/400][100/196] lr: 1.97e-04 | MSE loss: 2.3619e-05 | time: 0.034
I 05.25/05:37:53 solver.py:141 ] Epoch: [72/400][120/196] lr: 1.97e-04 | MSE loss: 2.3663e-05 | time: 0.034
I 05.25/05:37:53 solver.py:141 ] Epoch: [72/400][140/196] lr: 1.97e-04 | MSE loss: 2.3686e-05 | time: 0.033
I 05.25/05:37:54 solver.py:141 ] Epoch: [72/400][160/196] lr: 1.97e-04 | MSE loss: 2.3663e-05 | time: 0.032
I 05.25/05:37:54 solver.py:141 ] Epoch: [72/400][180/196] lr: 1.97e-04 | MSE loss: 2.3694e-05 | time: 0.032
I 05.25/05:37:55 solver.py:151 ] => Train  Loss: 2.3682e-05

I 05.25/05:37:55 solver.py:206 ] 
=! Best NMSE: -1.2877e+01 (epoch=70)

I 05.25/05:37:56 solver.py:141 ] Epoch: [73/400][20/196] lr: 1.97e-04 | MSE loss: 2.2988e-05 | time: 0.040
I 05.25/05:37:57 solver.py:141 ] Epoch: [73/400][40/196] lr: 1.97e-04 | MSE loss: 2.3062e-05 | time: 0.034
I 05.25/05:37:57 solver.py:141 ] Epoch: [73/400][60/196] lr: 1.97e-04 | MSE loss: 2.3074e-05 | time: 0.035
I 05.25/05:37:58 solver.py:141 ] Epoch: [73/400][80/196] lr: 1.97e-04 | MSE loss: 2.3121e-05 | time: 0.035
I 05.25/05:37:59 solver.py:141 ] Epoch: [73/400][100/196] lr: 1.97e-04 | MSE loss: 2.3226e-05 | time: 0.034
I 05.25/05:37:59 solver.py:141 ] Epoch: [73/400][120/196] lr: 1.97e-04 | MSE loss: 2.3297e-05 | time: 0.034
I 05.25/05:38:00 solver.py:141 ] Epoch: [73/400][140/196] lr: 1.97e-04 | MSE loss: 2.3282e-05 | time: 0.033
I 05.25/05:38:00 solver.py:141 ] Epoch: [73/400][160/196] lr: 1.97e-04 | MSE loss: 2.3236e-05 | time: 0.033
I 05.25/05:38:01 solver.py:141 ] Epoch: [73/400][180/196] lr: 1.97e-04 | MSE loss: 2.3208e-05 | time: 0.033
I 05.25/05:38:02 solver.py:151 ] => Train  Loss: 2.3168e-05

I 05.25/05:38:02 solver.py:206 ] 
=! Best NMSE: -1.2877e+01 (epoch=70)

I 05.25/05:38:03 solver.py:141 ] Epoch: [74/400][20/196] lr: 1.97e-04 | MSE loss: 2.2984e-05 | time: 0.056
I 05.25/05:38:04 solver.py:141 ] Epoch: [74/400][40/196] lr: 1.97e-04 | MSE loss: 2.2728e-05 | time: 0.046
I 05.25/05:38:04 solver.py:141 ] Epoch: [74/400][60/196] lr: 1.97e-04 | MSE loss: 2.2706e-05 | time: 0.040
I 05.25/05:38:05 solver.py:141 ] Epoch: [74/400][80/196] lr: 1.97e-04 | MSE loss: 2.2691e-05 | time: 0.038
I 05.25/05:38:06 solver.py:141 ] Epoch: [74/400][100/196] lr: 1.97e-04 | MSE loss: 2.2611e-05 | time: 0.036
I 05.25/05:38:06 solver.py:141 ] Epoch: [74/400][120/196] lr: 1.97e-04 | MSE loss: 2.2605e-05 | time: 0.036
I 05.25/05:38:07 solver.py:141 ] Epoch: [74/400][140/196] lr: 1.97e-04 | MSE loss: 2.2619e-05 | time: 0.035
I 05.25/05:38:08 solver.py:141 ] Epoch: [74/400][160/196] lr: 1.97e-04 | MSE loss: 2.2603e-05 | time: 0.035
I 05.25/05:38:08 solver.py:141 ] Epoch: [74/400][180/196] lr: 1.97e-04 | MSE loss: 2.2604e-05 | time: 0.035
I 05.25/05:38:09 solver.py:151 ] => Train  Loss: 2.2660e-05

I 05.25/05:38:09 solver.py:206 ] 
=! Best NMSE: -1.2877e+01 (epoch=70)

I 05.25/05:38:10 solver.py:141 ] Epoch: [75/400][20/196] lr: 1.97e-04 | MSE loss: 2.2646e-05 | time: 0.045
I 05.25/05:38:11 solver.py:141 ] Epoch: [75/400][40/196] lr: 1.97e-04 | MSE loss: 2.2290e-05 | time: 0.040
I 05.25/05:38:11 solver.py:141 ] Epoch: [75/400][60/196] lr: 1.97e-04 | MSE loss: 2.2127e-05 | time: 0.038
I 05.25/05:38:12 solver.py:141 ] Epoch: [75/400][80/196] lr: 1.97e-04 | MSE loss: 2.2149e-05 | time: 0.036
I 05.25/05:38:13 solver.py:141 ] Epoch: [75/400][100/196] lr: 1.97e-04 | MSE loss: 2.2119e-05 | time: 0.035
I 05.25/05:38:13 solver.py:141 ] Epoch: [75/400][120/196] lr: 1.97e-04 | MSE loss: 2.2140e-05 | time: 0.033
I 05.25/05:38:14 solver.py:141 ] Epoch: [75/400][140/196] lr: 1.97e-04 | MSE loss: 2.2170e-05 | time: 0.032
I 05.25/05:38:14 solver.py:141 ] Epoch: [75/400][160/196] lr: 1.97e-04 | MSE loss: 2.2126e-05 | time: 0.032
I 05.25/05:38:15 solver.py:141 ] Epoch: [75/400][180/196] lr: 1.97e-04 | MSE loss: 2.2091e-05 | time: 0.032
I 05.25/05:38:15 solver.py:151 ] => Train  Loss: 2.2109e-05

I 05.25/05:38:16 solver.py:206 ] 
=! Best NMSE: -1.2877e+01 (epoch=70)

I 05.25/05:38:17 solver.py:141 ] Epoch: [76/400][20/196] lr: 1.97e-04 | MSE loss: 2.1616e-05 | time: 0.050
I 05.25/05:38:17 solver.py:141 ] Epoch: [76/400][40/196] lr: 1.96e-04 | MSE loss: 2.1667e-05 | time: 0.042
I 05.25/05:38:18 solver.py:141 ] Epoch: [76/400][60/196] lr: 1.96e-04 | MSE loss: 2.1834e-05 | time: 0.040
I 05.25/05:38:19 solver.py:141 ] Epoch: [76/400][80/196] lr: 1.96e-04 | MSE loss: 2.1829e-05 | time: 0.038
I 05.25/05:38:19 solver.py:141 ] Epoch: [76/400][100/196] lr: 1.96e-04 | MSE loss: 2.1752e-05 | time: 0.037
I 05.25/05:38:20 solver.py:141 ] Epoch: [76/400][120/196] lr: 1.96e-04 | MSE loss: 2.1686e-05 | time: 0.036
I 05.25/05:38:21 solver.py:141 ] Epoch: [76/400][140/196] lr: 1.96e-04 | MSE loss: 2.1736e-05 | time: 0.036
I 05.25/05:38:21 solver.py:141 ] Epoch: [76/400][160/196] lr: 1.96e-04 | MSE loss: 2.1707e-05 | time: 0.035
I 05.25/05:38:22 solver.py:141 ] Epoch: [76/400][180/196] lr: 1.96e-04 | MSE loss: 2.1678e-05 | time: 0.034
I 05.25/05:38:22 solver.py:151 ] => Train  Loss: 2.1664e-05

I 05.25/05:38:23 solver.py:206 ] 
=! Best NMSE: -1.2877e+01 (epoch=70)

I 05.25/05:38:24 solver.py:141 ] Epoch: [77/400][20/196] lr: 1.96e-04 | MSE loss: 2.0938e-05 | time: 0.046
I 05.25/05:38:24 solver.py:141 ] Epoch: [77/400][40/196] lr: 1.96e-04 | MSE loss: 2.0858e-05 | time: 0.039
I 05.25/05:38:25 solver.py:141 ] Epoch: [77/400][60/196] lr: 1.96e-04 | MSE loss: 2.0759e-05 | time: 0.036
I 05.25/05:38:25 solver.py:141 ] Epoch: [77/400][80/196] lr: 1.96e-04 | MSE loss: 2.0903e-05 | time: 0.034
I 05.25/05:38:26 solver.py:141 ] Epoch: [77/400][100/196] lr: 1.96e-04 | MSE loss: 2.1066e-05 | time: 0.032
I 05.25/05:38:26 solver.py:141 ] Epoch: [77/400][120/196] lr: 1.96e-04 | MSE loss: 2.1077e-05 | time: 0.031
I 05.25/05:38:27 solver.py:141 ] Epoch: [77/400][140/196] lr: 1.96e-04 | MSE loss: 2.1091e-05 | time: 0.030
I 05.25/05:38:27 solver.py:141 ] Epoch: [77/400][160/196] lr: 1.96e-04 | MSE loss: 2.1151e-05 | time: 0.030
I 05.25/05:38:28 solver.py:141 ] Epoch: [77/400][180/196] lr: 1.96e-04 | MSE loss: 2.1213e-05 | time: 0.030
I 05.25/05:38:28 solver.py:151 ] => Train  Loss: 2.1184e-05

I 05.25/05:38:29 solver.py:206 ] 
=! Best NMSE: -1.2877e+01 (epoch=70)

I 05.25/05:38:30 solver.py:141 ] Epoch: [78/400][20/196] lr: 1.96e-04 | MSE loss: 2.0911e-05 | time: 0.044
I 05.25/05:38:30 solver.py:141 ] Epoch: [78/400][40/196] lr: 1.96e-04 | MSE loss: 2.0860e-05 | time: 0.036
I 05.25/05:38:31 solver.py:141 ] Epoch: [78/400][60/196] lr: 1.96e-04 | MSE loss: 2.0761e-05 | time: 0.033
I 05.25/05:38:31 solver.py:141 ] Epoch: [78/400][80/196] lr: 1.96e-04 | MSE loss: 2.0743e-05 | time: 0.032
I 05.25/05:38:32 solver.py:141 ] Epoch: [78/400][100/196] lr: 1.96e-04 | MSE loss: 2.0666e-05 | time: 0.031
I 05.25/05:38:32 solver.py:141 ] Epoch: [78/400][120/196] lr: 1.96e-04 | MSE loss: 2.0587e-05 | time: 0.031
I 05.25/05:38:33 solver.py:141 ] Epoch: [78/400][140/196] lr: 1.96e-04 | MSE loss: 2.0630e-05 | time: 0.031
I 05.25/05:38:34 solver.py:141 ] Epoch: [78/400][160/196] lr: 1.96e-04 | MSE loss: 2.0814e-05 | time: 0.031
I 05.25/05:38:34 solver.py:141 ] Epoch: [78/400][180/196] lr: 1.96e-04 | MSE loss: 2.0787e-05 | time: 0.031
I 05.25/05:38:35 solver.py:151 ] => Train  Loss: 2.0748e-05

I 05.25/05:38:35 solver.py:206 ] 
=! Best NMSE: -1.2877e+01 (epoch=70)

I 05.25/05:38:36 solver.py:141 ] Epoch: [79/400][20/196] lr: 1.96e-04 | MSE loss: 2.0508e-05 | time: 0.044
I 05.25/05:38:36 solver.py:141 ] Epoch: [79/400][40/196] lr: 1.96e-04 | MSE loss: 2.0469e-05 | time: 0.036
I 05.25/05:38:37 solver.py:141 ] Epoch: [79/400][60/196] lr: 1.96e-04 | MSE loss: 2.0565e-05 | time: 0.035
I 05.25/05:38:38 solver.py:141 ] Epoch: [79/400][80/196] lr: 1.96e-04 | MSE loss: 2.0500e-05 | time: 0.035
I 05.25/05:38:38 solver.py:141 ] Epoch: [79/400][100/196] lr: 1.96e-04 | MSE loss: 2.0366e-05 | time: 0.034
I 05.25/05:38:39 solver.py:141 ] Epoch: [79/400][120/196] lr: 1.96e-04 | MSE loss: 2.0432e-05 | time: 0.034
I 05.25/05:38:40 solver.py:141 ] Epoch: [79/400][140/196] lr: 1.96e-04 | MSE loss: 2.0458e-05 | time: 0.034
I 05.25/05:38:40 solver.py:141 ] Epoch: [79/400][160/196] lr: 1.96e-04 | MSE loss: 2.0443e-05 | time: 0.034
I 05.25/05:38:41 solver.py:141 ] Epoch: [79/400][180/196] lr: 1.96e-04 | MSE loss: 2.0359e-05 | time: 0.034
I 05.25/05:38:42 solver.py:151 ] => Train  Loss: 2.0352e-05

I 05.25/05:38:42 solver.py:206 ] 
=! Best NMSE: -1.2877e+01 (epoch=70)

I 05.25/05:38:43 solver.py:141 ] Epoch: [80/400][20/196] lr: 1.96e-04 | MSE loss: 2.0444e-05 | time: 0.048
I 05.25/05:38:43 solver.py:141 ] Epoch: [80/400][40/196] lr: 1.96e-04 | MSE loss: 2.0214e-05 | time: 0.040
I 05.25/05:38:44 solver.py:141 ] Epoch: [80/400][60/196] lr: 1.96e-04 | MSE loss: 2.0143e-05 | time: 0.035
I 05.25/05:38:44 solver.py:141 ] Epoch: [80/400][80/196] lr: 1.96e-04 | MSE loss: 1.9886e-05 | time: 0.032
I 05.25/05:38:45 solver.py:141 ] Epoch: [80/400][100/196] lr: 1.96e-04 | MSE loss: 1.9872e-05 | time: 0.032
I 05.25/05:38:46 solver.py:141 ] Epoch: [80/400][120/196] lr: 1.96e-04 | MSE loss: 1.9817e-05 | time: 0.032
I 05.25/05:38:46 solver.py:141 ] Epoch: [80/400][140/196] lr: 1.96e-04 | MSE loss: 1.9829e-05 | time: 0.032
I 05.25/05:38:47 solver.py:141 ] Epoch: [80/400][160/196] lr: 1.96e-04 | MSE loss: 1.9769e-05 | time: 0.032
I 05.25/05:38:48 solver.py:141 ] Epoch: [80/400][180/196] lr: 1.95e-04 | MSE loss: 1.9825e-05 | time: 0.032
I 05.25/05:38:48 solver.py:151 ] => Train  Loss: 1.9823e-05

I 05.25/05:38:49 solver.py:141 ] Epoch: [80/400][20/59] lr: 1.95e-04 | MSE loss: 2.0117e-05 | time: 0.015
I 05.25/05:38:49 solver.py:141 ] Epoch: [80/400][40/59] lr: 1.95e-04 | MSE loss: 2.0274e-05 | time: 0.011
I 05.25/05:38:49 solver.py:151 ] => Val  Loss: 2.0271e-05

I 05.25/05:38:49 solver.py:281 ] [20/40] loss: 2.0336e-05 | NMSE: -1.3805e+01 | time: 0.016
I 05.25/05:38:50 solver.py:281 ] [40/40] loss: 2.0235e-05 | NMSE: -1.3811e+01 | time: 0.014
I 05.25/05:38:50 solver.py:285 ] => Test NMSE: -1.3811e+01

I 05.25/05:38:50 solver.py:206 ] 
=! Best NMSE: -1.3811e+01 (epoch=80)

I 05.25/05:38:51 solver.py:141 ] Epoch: [81/400][20/196] lr: 1.95e-04 | MSE loss: 1.9126e-05 | time: 0.046
I 05.25/05:38:51 solver.py:141 ] Epoch: [81/400][40/196] lr: 1.95e-04 | MSE loss: 1.9260e-05 | time: 0.040
I 05.25/05:38:52 solver.py:141 ] Epoch: [81/400][60/196] lr: 1.95e-04 | MSE loss: 1.9522e-05 | time: 0.037
I 05.25/05:38:53 solver.py:141 ] Epoch: [81/400][80/196] lr: 1.95e-04 | MSE loss: 1.9608e-05 | time: 0.035
I 05.25/05:38:53 solver.py:141 ] Epoch: [81/400][100/196] lr: 1.95e-04 | MSE loss: 1.9555e-05 | time: 0.034
I 05.25/05:38:54 solver.py:141 ] Epoch: [81/400][120/196] lr: 1.95e-04 | MSE loss: 1.9534e-05 | time: 0.033
I 05.25/05:38:54 solver.py:141 ] Epoch: [81/400][140/196] lr: 1.95e-04 | MSE loss: 1.9652e-05 | time: 0.033
I 05.25/05:38:55 solver.py:141 ] Epoch: [81/400][160/196] lr: 1.95e-04 | MSE loss: 1.9721e-05 | time: 0.032
I 05.25/05:38:56 solver.py:141 ] Epoch: [81/400][180/196] lr: 1.95e-04 | MSE loss: 1.9649e-05 | time: 0.032
I 05.25/05:38:56 solver.py:151 ] => Train  Loss: 1.9603e-05

I 05.25/05:38:56 solver.py:206 ] 
=! Best NMSE: -1.3811e+01 (epoch=80)

I 05.25/05:38:57 solver.py:141 ] Epoch: [82/400][20/196] lr: 1.95e-04 | MSE loss: 1.8820e-05 | time: 0.049
I 05.25/05:38:58 solver.py:141 ] Epoch: [82/400][40/196] lr: 1.95e-04 | MSE loss: 1.8860e-05 | time: 0.041
I 05.25/05:38:59 solver.py:141 ] Epoch: [82/400][60/196] lr: 1.95e-04 | MSE loss: 1.9190e-05 | time: 0.037
I 05.25/05:38:59 solver.py:141 ] Epoch: [82/400][80/196] lr: 1.95e-04 | MSE loss: 1.9090e-05 | time: 0.036
I 05.25/05:39:00 solver.py:141 ] Epoch: [82/400][100/196] lr: 1.95e-04 | MSE loss: 1.9060e-05 | time: 0.035
I 05.25/05:39:00 solver.py:141 ] Epoch: [82/400][120/196] lr: 1.95e-04 | MSE loss: 1.9041e-05 | time: 0.033
I 05.25/05:39:01 solver.py:141 ] Epoch: [82/400][140/196] lr: 1.95e-04 | MSE loss: 1.8992e-05 | time: 0.033
I 05.25/05:39:02 solver.py:141 ] Epoch: [82/400][160/196] lr: 1.95e-04 | MSE loss: 1.8955e-05 | time: 0.033
I 05.25/05:39:02 solver.py:141 ] Epoch: [82/400][180/196] lr: 1.95e-04 | MSE loss: 1.8931e-05 | time: 0.033
I 05.25/05:39:03 solver.py:151 ] => Train  Loss: 1.8926e-05

I 05.25/05:39:03 solver.py:206 ] 
=! Best NMSE: -1.3811e+01 (epoch=80)

I 05.25/05:39:04 solver.py:141 ] Epoch: [83/400][20/196] lr: 1.95e-04 | MSE loss: 1.8692e-05 | time: 0.060
I 05.25/05:39:05 solver.py:141 ] Epoch: [83/400][40/196] lr: 1.95e-04 | MSE loss: 1.8624e-05 | time: 0.046
I 05.25/05:39:06 solver.py:141 ] Epoch: [83/400][60/196] lr: 1.95e-04 | MSE loss: 1.8606e-05 | time: 0.041
I 05.25/05:39:06 solver.py:141 ] Epoch: [83/400][80/196] lr: 1.95e-04 | MSE loss: 1.8752e-05 | time: 0.038
I 05.25/05:39:07 solver.py:141 ] Epoch: [83/400][100/196] lr: 1.95e-04 | MSE loss: 1.8735e-05 | time: 0.037
I 05.25/05:39:08 solver.py:141 ] Epoch: [83/400][120/196] lr: 1.95e-04 | MSE loss: 1.8833e-05 | time: 0.037
I 05.25/05:39:08 solver.py:141 ] Epoch: [83/400][140/196] lr: 1.95e-04 | MSE loss: 1.8785e-05 | time: 0.036
I 05.25/05:39:09 solver.py:141 ] Epoch: [83/400][160/196] lr: 1.95e-04 | MSE loss: 1.8776e-05 | time: 0.036
I 05.25/05:39:10 solver.py:141 ] Epoch: [83/400][180/196] lr: 1.95e-04 | MSE loss: 1.8759e-05 | time: 0.035
I 05.25/05:39:10 solver.py:151 ] => Train  Loss: 1.8783e-05

I 05.25/05:39:10 solver.py:206 ] 
=! Best NMSE: -1.3811e+01 (epoch=80)

I 05.25/05:39:11 solver.py:141 ] Epoch: [84/400][20/196] lr: 1.95e-04 | MSE loss: 1.8445e-05 | time: 0.048
I 05.25/05:39:12 solver.py:141 ] Epoch: [84/400][40/196] lr: 1.95e-04 | MSE loss: 1.8353e-05 | time: 0.040
I 05.25/05:39:12 solver.py:141 ] Epoch: [84/400][60/196] lr: 1.95e-04 | MSE loss: 1.8303e-05 | time: 0.036
I 05.25/05:39:13 solver.py:141 ] Epoch: [84/400][80/196] lr: 1.95e-04 | MSE loss: 1.8269e-05 | time: 0.035
I 05.25/05:39:14 solver.py:141 ] Epoch: [84/400][100/196] lr: 1.95e-04 | MSE loss: 1.8339e-05 | time: 0.035
I 05.25/05:39:14 solver.py:141 ] Epoch: [84/400][120/196] lr: 1.95e-04 | MSE loss: 1.8356e-05 | time: 0.034
I 05.25/05:39:15 solver.py:141 ] Epoch: [84/400][140/196] lr: 1.95e-04 | MSE loss: 1.8419e-05 | time: 0.034
I 05.25/05:39:16 solver.py:141 ] Epoch: [84/400][160/196] lr: 1.95e-04 | MSE loss: 1.8432e-05 | time: 0.033
I 05.25/05:39:16 solver.py:141 ] Epoch: [84/400][180/196] lr: 1.95e-04 | MSE loss: 1.8389e-05 | time: 0.032
I 05.25/05:39:16 solver.py:151 ] => Train  Loss: 1.8372e-05

I 05.25/05:39:17 solver.py:206 ] 
=! Best NMSE: -1.3811e+01 (epoch=80)

I 05.25/05:39:18 solver.py:141 ] Epoch: [85/400][20/196] lr: 1.95e-04 | MSE loss: 1.7902e-05 | time: 0.051
I 05.25/05:39:18 solver.py:141 ] Epoch: [85/400][40/196] lr: 1.94e-04 | MSE loss: 1.8212e-05 | time: 0.041
I 05.25/05:39:19 solver.py:141 ] Epoch: [85/400][60/196] lr: 1.94e-04 | MSE loss: 1.8259e-05 | time: 0.037
I 05.25/05:39:19 solver.py:141 ] Epoch: [85/400][80/196] lr: 1.94e-04 | MSE loss: 1.8144e-05 | time: 0.035
I 05.25/05:39:20 solver.py:141 ] Epoch: [85/400][100/196] lr: 1.94e-04 | MSE loss: 1.8337e-05 | time: 0.033
I 05.25/05:39:21 solver.py:141 ] Epoch: [85/400][120/196] lr: 1.94e-04 | MSE loss: 1.8436e-05 | time: 0.032
I 05.25/05:39:21 solver.py:141 ] Epoch: [85/400][140/196] lr: 1.94e-04 | MSE loss: 1.8316e-05 | time: 0.032
I 05.25/05:39:22 solver.py:141 ] Epoch: [85/400][160/196] lr: 1.94e-04 | MSE loss: 1.8195e-05 | time: 0.032
I 05.25/05:39:22 solver.py:141 ] Epoch: [85/400][180/196] lr: 1.94e-04 | MSE loss: 1.8125e-05 | time: 0.032
I 05.25/05:39:23 solver.py:151 ] => Train  Loss: 1.8118e-05

I 05.25/05:39:23 solver.py:206 ] 
=! Best NMSE: -1.3811e+01 (epoch=80)

I 05.25/05:39:24 solver.py:141 ] Epoch: [86/400][20/196] lr: 1.94e-04 | MSE loss: 1.8558e-05 | time: 0.051
I 05.25/05:39:25 solver.py:141 ] Epoch: [86/400][40/196] lr: 1.94e-04 | MSE loss: 1.8249e-05 | time: 0.041
I 05.25/05:39:25 solver.py:141 ] Epoch: [86/400][60/196] lr: 1.94e-04 | MSE loss: 1.8234e-05 | time: 0.037
I 05.25/05:39:26 solver.py:141 ] Epoch: [86/400][80/196] lr: 1.94e-04 | MSE loss: 1.8036e-05 | time: 0.036
I 05.25/05:39:27 solver.py:141 ] Epoch: [86/400][100/196] lr: 1.94e-04 | MSE loss: 1.7984e-05 | time: 0.034
I 05.25/05:39:27 solver.py:141 ] Epoch: [86/400][120/196] lr: 1.94e-04 | MSE loss: 1.7957e-05 | time: 0.033
I 05.25/05:39:28 solver.py:141 ] Epoch: [86/400][140/196] lr: 1.94e-04 | MSE loss: 1.7916e-05 | time: 0.032
I 05.25/05:39:28 solver.py:141 ] Epoch: [86/400][160/196] lr: 1.94e-04 | MSE loss: 1.7860e-05 | time: 0.031
I 05.25/05:39:29 solver.py:141 ] Epoch: [86/400][180/196] lr: 1.94e-04 | MSE loss: 1.7838e-05 | time: 0.031
I 05.25/05:39:29 solver.py:151 ] => Train  Loss: 1.7800e-05

I 05.25/05:39:29 solver.py:206 ] 
=! Best NMSE: -1.3811e+01 (epoch=80)

I 05.25/05:39:30 solver.py:141 ] Epoch: [87/400][20/196] lr: 1.94e-04 | MSE loss: 1.7464e-05 | time: 0.044
I 05.25/05:39:31 solver.py:141 ] Epoch: [87/400][40/196] lr: 1.94e-04 | MSE loss: 1.7403e-05 | time: 0.040
I 05.25/05:39:32 solver.py:141 ] Epoch: [87/400][60/196] lr: 1.94e-04 | MSE loss: 1.7424e-05 | time: 0.036
I 05.25/05:39:32 solver.py:141 ] Epoch: [87/400][80/196] lr: 1.94e-04 | MSE loss: 1.7321e-05 | time: 0.033
I 05.25/05:39:33 solver.py:141 ] Epoch: [87/400][100/196] lr: 1.94e-04 | MSE loss: 1.7227e-05 | time: 0.032
I 05.25/05:39:33 solver.py:141 ] Epoch: [87/400][120/196] lr: 1.94e-04 | MSE loss: 1.7288e-05 | time: 0.032
I 05.25/05:39:34 solver.py:141 ] Epoch: [87/400][140/196] lr: 1.94e-04 | MSE loss: 1.7330e-05 | time: 0.032
I 05.25/05:39:35 solver.py:141 ] Epoch: [87/400][160/196] lr: 1.94e-04 | MSE loss: 1.7323e-05 | time: 0.032
I 05.25/05:39:35 solver.py:141 ] Epoch: [87/400][180/196] lr: 1.94e-04 | MSE loss: 1.7416e-05 | time: 0.032
I 05.25/05:39:36 solver.py:151 ] => Train  Loss: 1.7428e-05

I 05.25/05:39:36 solver.py:206 ] 
=! Best NMSE: -1.3811e+01 (epoch=80)

I 05.25/05:39:37 solver.py:141 ] Epoch: [88/400][20/196] lr: 1.94e-04 | MSE loss: 1.7230e-05 | time: 0.052
I 05.25/05:39:38 solver.py:141 ] Epoch: [88/400][40/196] lr: 1.94e-04 | MSE loss: 1.7229e-05 | time: 0.043
I 05.25/05:39:38 solver.py:141 ] Epoch: [88/400][60/196] lr: 1.94e-04 | MSE loss: 1.7136e-05 | time: 0.039
I 05.25/05:39:39 solver.py:141 ] Epoch: [88/400][80/196] lr: 1.94e-04 | MSE loss: 1.7066e-05 | time: 0.036
I 05.25/05:39:39 solver.py:141 ] Epoch: [88/400][100/196] lr: 1.94e-04 | MSE loss: 1.7141e-05 | time: 0.035
I 05.25/05:39:40 solver.py:141 ] Epoch: [88/400][120/196] lr: 1.94e-04 | MSE loss: 1.7369e-05 | time: 0.034
I 05.25/05:39:41 solver.py:141 ] Epoch: [88/400][140/196] lr: 1.94e-04 | MSE loss: 1.7326e-05 | time: 0.034
I 05.25/05:39:41 solver.py:141 ] Epoch: [88/400][160/196] lr: 1.94e-04 | MSE loss: 1.7271e-05 | time: 0.034
I 05.25/05:39:42 solver.py:141 ] Epoch: [88/400][180/196] lr: 1.94e-04 | MSE loss: 1.7241e-05 | time: 0.033
I 05.25/05:39:42 solver.py:151 ] => Train  Loss: 1.7239e-05

I 05.25/05:39:43 solver.py:206 ] 
=! Best NMSE: -1.3811e+01 (epoch=80)

I 05.25/05:39:44 solver.py:141 ] Epoch: [89/400][20/196] lr: 1.93e-04 | MSE loss: 1.6498e-05 | time: 0.044
I 05.25/05:39:44 solver.py:141 ] Epoch: [89/400][40/196] lr: 1.93e-04 | MSE loss: 1.6450e-05 | time: 0.037
I 05.25/05:39:45 solver.py:141 ] Epoch: [89/400][60/196] lr: 1.93e-04 | MSE loss: 1.6550e-05 | time: 0.035
I 05.25/05:39:45 solver.py:141 ] Epoch: [89/400][80/196] lr: 1.93e-04 | MSE loss: 1.6585e-05 | time: 0.034
I 05.25/05:39:46 solver.py:141 ] Epoch: [89/400][100/196] lr: 1.93e-04 | MSE loss: 1.6644e-05 | time: 0.032
I 05.25/05:39:47 solver.py:141 ] Epoch: [89/400][120/196] lr: 1.93e-04 | MSE loss: 1.6719e-05 | time: 0.032
I 05.25/05:39:47 solver.py:141 ] Epoch: [89/400][140/196] lr: 1.93e-04 | MSE loss: 1.6762e-05 | time: 0.032
I 05.25/05:39:48 solver.py:141 ] Epoch: [89/400][160/196] lr: 1.93e-04 | MSE loss: 1.6773e-05 | time: 0.032
I 05.25/05:39:48 solver.py:141 ] Epoch: [89/400][180/196] lr: 1.93e-04 | MSE loss: 1.6740e-05 | time: 0.031
I 05.25/05:39:49 solver.py:151 ] => Train  Loss: 1.6712e-05

I 05.25/05:39:49 solver.py:206 ] 
=! Best NMSE: -1.3811e+01 (epoch=80)

I 05.25/05:39:50 solver.py:141 ] Epoch: [90/400][20/196] lr: 1.93e-04 | MSE loss: 1.6276e-05 | time: 0.044
I 05.25/05:39:51 solver.py:141 ] Epoch: [90/400][40/196] lr: 1.93e-04 | MSE loss: 1.6346e-05 | time: 0.037
I 05.25/05:39:51 solver.py:141 ] Epoch: [90/400][60/196] lr: 1.93e-04 | MSE loss: 1.6300e-05 | time: 0.035
I 05.25/05:39:52 solver.py:141 ] Epoch: [90/400][80/196] lr: 1.93e-04 | MSE loss: 1.6340e-05 | time: 0.034
I 05.25/05:39:52 solver.py:141 ] Epoch: [90/400][100/196] lr: 1.93e-04 | MSE loss: 1.6407e-05 | time: 0.033
I 05.25/05:39:53 solver.py:141 ] Epoch: [90/400][120/196] lr: 1.93e-04 | MSE loss: 1.6453e-05 | time: 0.033
I 05.25/05:39:54 solver.py:141 ] Epoch: [90/400][140/196] lr: 1.93e-04 | MSE loss: 1.6425e-05 | time: 0.032
I 05.25/05:39:54 solver.py:141 ] Epoch: [90/400][160/196] lr: 1.93e-04 | MSE loss: 1.6355e-05 | time: 0.032
I 05.25/05:39:55 solver.py:141 ] Epoch: [90/400][180/196] lr: 1.93e-04 | MSE loss: 1.6344e-05 | time: 0.032
I 05.25/05:39:55 solver.py:151 ] => Train  Loss: 1.6341e-05

I 05.25/05:39:56 solver.py:141 ] Epoch: [90/400][20/59] lr: 1.93e-04 | MSE loss: 1.7617e-05 | time: 0.015
I 05.25/05:39:56 solver.py:141 ] Epoch: [90/400][40/59] lr: 1.93e-04 | MSE loss: 1.7748e-05 | time: 0.011
I 05.25/05:39:56 solver.py:151 ] => Val  Loss: 1.7750e-05

I 05.25/05:39:56 solver.py:281 ] [20/40] loss: 1.7838e-05 | NMSE: -1.4335e+01 | time: 0.014
I 05.25/05:39:56 solver.py:281 ] [40/40] loss: 1.7759e-05 | NMSE: -1.4339e+01 | time: 0.012
I 05.25/05:39:56 solver.py:285 ] => Test NMSE: -1.4339e+01

I 05.25/05:39:57 solver.py:206 ] 
=! Best NMSE: -1.4339e+01 (epoch=90)

I 05.25/05:39:58 solver.py:141 ] Epoch: [91/400][20/196] lr: 1.93e-04 | MSE loss: 1.6241e-05 | time: 0.047
I 05.25/05:39:58 solver.py:141 ] Epoch: [91/400][40/196] lr: 1.93e-04 | MSE loss: 1.6145e-05 | time: 0.039
I 05.25/05:39:59 solver.py:141 ] Epoch: [91/400][60/196] lr: 1.93e-04 | MSE loss: 1.6193e-05 | time: 0.037
I 05.25/05:40:00 solver.py:141 ] Epoch: [91/400][80/196] lr: 1.93e-04 | MSE loss: 1.6163e-05 | time: 0.036
I 05.25/05:40:00 solver.py:141 ] Epoch: [91/400][100/196] lr: 1.93e-04 | MSE loss: 1.6122e-05 | time: 0.036
I 05.25/05:40:01 solver.py:141 ] Epoch: [91/400][120/196] lr: 1.93e-04 | MSE loss: 1.6122e-05 | time: 0.036
I 05.25/05:40:02 solver.py:141 ] Epoch: [91/400][140/196] lr: 1.93e-04 | MSE loss: 1.6126e-05 | time: 0.036
I 05.25/05:40:02 solver.py:141 ] Epoch: [91/400][160/196] lr: 1.93e-04 | MSE loss: 1.6156e-05 | time: 0.036
I 05.25/05:40:03 solver.py:141 ] Epoch: [91/400][180/196] lr: 1.93e-04 | MSE loss: 1.6171e-05 | time: 0.035
I 05.25/05:40:04 solver.py:151 ] => Train  Loss: 1.6170e-05

I 05.25/05:40:04 solver.py:206 ] 
=! Best NMSE: -1.4339e+01 (epoch=90)

I 05.25/05:40:05 solver.py:141 ] Epoch: [92/400][20/196] lr: 1.93e-04 | MSE loss: 1.6181e-05 | time: 0.060
I 05.25/05:40:06 solver.py:141 ] Epoch: [92/400][40/196] lr: 1.93e-04 | MSE loss: 1.5955e-05 | time: 0.046
I 05.25/05:40:07 solver.py:141 ] Epoch: [92/400][60/196] lr: 1.93e-04 | MSE loss: 1.5805e-05 | time: 0.041
I 05.25/05:40:07 solver.py:141 ] Epoch: [92/400][80/196] lr: 1.93e-04 | MSE loss: 1.5825e-05 | time: 0.039
I 05.25/05:40:08 solver.py:141 ] Epoch: [92/400][100/196] lr: 1.93e-04 | MSE loss: 1.5797e-05 | time: 0.038
I 05.25/05:40:09 solver.py:141 ] Epoch: [92/400][120/196] lr: 1.93e-04 | MSE loss: 1.5834e-05 | time: 0.037
I 05.25/05:40:09 solver.py:141 ] Epoch: [92/400][140/196] lr: 1.92e-04 | MSE loss: 1.5800e-05 | time: 0.037
I 05.25/05:40:10 solver.py:141 ] Epoch: [92/400][160/196] lr: 1.92e-04 | MSE loss: 1.5802e-05 | time: 0.037
I 05.25/05:40:11 solver.py:141 ] Epoch: [92/400][180/196] lr: 1.92e-04 | MSE loss: 1.5770e-05 | time: 0.036
I 05.25/05:40:11 solver.py:151 ] => Train  Loss: 1.5787e-05

I 05.25/05:40:11 solver.py:206 ] 
=! Best NMSE: -1.4339e+01 (epoch=90)

I 05.25/05:40:12 solver.py:141 ] Epoch: [93/400][20/196] lr: 1.92e-04 | MSE loss: 1.5510e-05 | time: 0.046
I 05.25/05:40:13 solver.py:141 ] Epoch: [93/400][40/196] lr: 1.92e-04 | MSE loss: 1.5465e-05 | time: 0.038
I 05.25/05:40:13 solver.py:141 ] Epoch: [93/400][60/196] lr: 1.92e-04 | MSE loss: 1.5456e-05 | time: 0.036
I 05.25/05:40:14 solver.py:141 ] Epoch: [93/400][80/196] lr: 1.92e-04 | MSE loss: 1.5487e-05 | time: 0.035
I 05.25/05:40:15 solver.py:141 ] Epoch: [93/400][100/196] lr: 1.92e-04 | MSE loss: 1.5589e-05 | time: 0.035
I 05.25/05:40:15 solver.py:141 ] Epoch: [93/400][120/196] lr: 1.92e-04 | MSE loss: 1.5711e-05 | time: 0.034
I 05.25/05:40:16 solver.py:141 ] Epoch: [93/400][140/196] lr: 1.92e-04 | MSE loss: 1.5713e-05 | time: 0.034
I 05.25/05:40:17 solver.py:141 ] Epoch: [93/400][160/196] lr: 1.92e-04 | MSE loss: 1.5695e-05 | time: 0.034
I 05.25/05:40:17 solver.py:141 ] Epoch: [93/400][180/196] lr: 1.92e-04 | MSE loss: 1.5676e-05 | time: 0.034
I 05.25/05:40:18 solver.py:151 ] => Train  Loss: 1.5631e-05

I 05.25/05:40:18 solver.py:206 ] 
=! Best NMSE: -1.4339e+01 (epoch=90)

I 05.25/05:40:19 solver.py:141 ] Epoch: [94/400][20/196] lr: 1.92e-04 | MSE loss: 1.4987e-05 | time: 0.045
I 05.25/05:40:20 solver.py:141 ] Epoch: [94/400][40/196] lr: 1.92e-04 | MSE loss: 1.5119e-05 | time: 0.038
I 05.25/05:40:20 solver.py:141 ] Epoch: [94/400][60/196] lr: 1.92e-04 | MSE loss: 1.5307e-05 | time: 0.036
I 05.25/05:40:21 solver.py:141 ] Epoch: [94/400][80/196] lr: 1.92e-04 | MSE loss: 1.5392e-05 | time: 0.033
I 05.25/05:40:21 solver.py:141 ] Epoch: [94/400][100/196] lr: 1.92e-04 | MSE loss: 1.5407e-05 | time: 0.032
I 05.25/05:40:22 solver.py:141 ] Epoch: [94/400][120/196] lr: 1.92e-04 | MSE loss: 1.5390e-05 | time: 0.032
I 05.25/05:40:23 solver.py:141 ] Epoch: [94/400][140/196] lr: 1.92e-04 | MSE loss: 1.5366e-05 | time: 0.032
I 05.25/05:40:23 solver.py:141 ] Epoch: [94/400][160/196] lr: 1.92e-04 | MSE loss: 1.5387e-05 | time: 0.032
I 05.25/05:40:24 solver.py:141 ] Epoch: [94/400][180/196] lr: 1.92e-04 | MSE loss: 1.5367e-05 | time: 0.033
I 05.25/05:40:24 solver.py:151 ] => Train  Loss: 1.5338e-05

I 05.25/05:40:25 solver.py:206 ] 
=! Best NMSE: -1.4339e+01 (epoch=90)

I 05.25/05:40:25 solver.py:141 ] Epoch: [95/400][20/196] lr: 1.92e-04 | MSE loss: 1.4892e-05 | time: 0.042
I 05.25/05:40:26 solver.py:141 ] Epoch: [95/400][40/196] lr: 1.92e-04 | MSE loss: 1.4974e-05 | time: 0.034
I 05.25/05:40:27 solver.py:141 ] Epoch: [95/400][60/196] lr: 1.92e-04 | MSE loss: 1.4952e-05 | time: 0.033
I 05.25/05:40:27 solver.py:141 ] Epoch: [95/400][80/196] lr: 1.92e-04 | MSE loss: 1.5028e-05 | time: 0.033
I 05.25/05:40:28 solver.py:141 ] Epoch: [95/400][100/196] lr: 1.92e-04 | MSE loss: 1.5009e-05 | time: 0.034
I 05.25/05:40:29 solver.py:141 ] Epoch: [95/400][120/196] lr: 1.92e-04 | MSE loss: 1.5009e-05 | time: 0.033
I 05.25/05:40:29 solver.py:141 ] Epoch: [95/400][140/196] lr: 1.92e-04 | MSE loss: 1.4995e-05 | time: 0.033
I 05.25/05:40:30 solver.py:141 ] Epoch: [95/400][160/196] lr: 1.92e-04 | MSE loss: 1.4940e-05 | time: 0.033
I 05.25/05:40:31 solver.py:141 ] Epoch: [95/400][180/196] lr: 1.92e-04 | MSE loss: 1.4921e-05 | time: 0.033
I 05.25/05:40:31 solver.py:151 ] => Train  Loss: 1.4920e-05

I 05.25/05:40:31 solver.py:206 ] 
=! Best NMSE: -1.4339e+01 (epoch=90)

I 05.25/05:40:32 solver.py:141 ] Epoch: [96/400][20/196] lr: 1.91e-04 | MSE loss: 1.4835e-05 | time: 0.045
I 05.25/05:40:33 solver.py:141 ] Epoch: [96/400][40/196] lr: 1.91e-04 | MSE loss: 1.4795e-05 | time: 0.038
I 05.25/05:40:33 solver.py:141 ] Epoch: [96/400][60/196] lr: 1.91e-04 | MSE loss: 1.4913e-05 | time: 0.035
I 05.25/05:40:34 solver.py:141 ] Epoch: [96/400][80/196] lr: 1.91e-04 | MSE loss: 1.4876e-05 | time: 0.033
I 05.25/05:40:34 solver.py:141 ] Epoch: [96/400][100/196] lr: 1.91e-04 | MSE loss: 1.4792e-05 | time: 0.033
I 05.25/05:40:35 solver.py:141 ] Epoch: [96/400][120/196] lr: 1.91e-04 | MSE loss: 1.4757e-05 | time: 0.032
I 05.25/05:40:36 solver.py:141 ] Epoch: [96/400][140/196] lr: 1.91e-04 | MSE loss: 1.4779e-05 | time: 0.032
I 05.25/05:40:36 solver.py:141 ] Epoch: [96/400][160/196] lr: 1.91e-04 | MSE loss: 1.4738e-05 | time: 0.031
I 05.25/05:40:37 solver.py:141 ] Epoch: [96/400][180/196] lr: 1.91e-04 | MSE loss: 1.4760e-05 | time: 0.031
I 05.25/05:40:37 solver.py:151 ] => Train  Loss: 1.4736e-05

I 05.25/05:40:37 solver.py:206 ] 
=! Best NMSE: -1.4339e+01 (epoch=90)

I 05.25/05:40:38 solver.py:141 ] Epoch: [97/400][20/196] lr: 1.91e-04 | MSE loss: 1.4239e-05 | time: 0.045
I 05.25/05:40:39 solver.py:141 ] Epoch: [97/400][40/196] lr: 1.91e-04 | MSE loss: 1.4245e-05 | time: 0.035
I 05.25/05:40:40 solver.py:141 ] Epoch: [97/400][60/196] lr: 1.91e-04 | MSE loss: 1.4438e-05 | time: 0.034
I 05.25/05:40:40 solver.py:141 ] Epoch: [97/400][80/196] lr: 1.91e-04 | MSE loss: 1.4398e-05 | time: 0.032
I 05.25/05:40:41 solver.py:141 ] Epoch: [97/400][100/196] lr: 1.91e-04 | MSE loss: 1.4385e-05 | time: 0.032
I 05.25/05:40:41 solver.py:141 ] Epoch: [97/400][120/196] lr: 1.91e-04 | MSE loss: 1.4413e-05 | time: 0.031
I 05.25/05:40:42 solver.py:141 ] Epoch: [97/400][140/196] lr: 1.91e-04 | MSE loss: 1.4470e-05 | time: 0.030
I 05.25/05:40:42 solver.py:141 ] Epoch: [97/400][160/196] lr: 1.91e-04 | MSE loss: 1.4479e-05 | time: 0.030
I 05.25/05:40:43 solver.py:141 ] Epoch: [97/400][180/196] lr: 1.91e-04 | MSE loss: 1.4475e-05 | time: 0.030
I 05.25/05:40:43 solver.py:151 ] => Train  Loss: 1.4472e-05

I 05.25/05:40:44 solver.py:206 ] 
=! Best NMSE: -1.4339e+01 (epoch=90)

I 05.25/05:40:45 solver.py:141 ] Epoch: [98/400][20/196] lr: 1.91e-04 | MSE loss: 1.4188e-05 | time: 0.047
I 05.25/05:40:45 solver.py:141 ] Epoch: [98/400][40/196] lr: 1.91e-04 | MSE loss: 1.4337e-05 | time: 0.039
I 05.25/05:40:46 solver.py:141 ] Epoch: [98/400][60/196] lr: 1.91e-04 | MSE loss: 1.4330e-05 | time: 0.037
I 05.25/05:40:47 solver.py:141 ] Epoch: [98/400][80/196] lr: 1.91e-04 | MSE loss: 1.4273e-05 | time: 0.035
I 05.25/05:40:47 solver.py:141 ] Epoch: [98/400][100/196] lr: 1.91e-04 | MSE loss: 1.4254e-05 | time: 0.034
I 05.25/05:40:48 solver.py:141 ] Epoch: [98/400][120/196] lr: 1.91e-04 | MSE loss: 1.4241e-05 | time: 0.034
I 05.25/05:40:48 solver.py:141 ] Epoch: [98/400][140/196] lr: 1.91e-04 | MSE loss: 1.4248e-05 | time: 0.034
I 05.25/05:40:49 solver.py:141 ] Epoch: [98/400][160/196] lr: 1.91e-04 | MSE loss: 1.4261e-05 | time: 0.033
I 05.25/05:40:50 solver.py:141 ] Epoch: [98/400][180/196] lr: 1.91e-04 | MSE loss: 1.4302e-05 | time: 0.033
I 05.25/05:40:50 solver.py:151 ] => Train  Loss: 1.4293e-05

I 05.25/05:40:50 solver.py:206 ] 
=! Best NMSE: -1.4339e+01 (epoch=90)

I 05.25/05:40:51 solver.py:141 ] Epoch: [99/400][20/196] lr: 1.91e-04 | MSE loss: 1.4498e-05 | time: 0.046
I 05.25/05:40:52 solver.py:141 ] Epoch: [99/400][40/196] lr: 1.91e-04 | MSE loss: 1.4077e-05 | time: 0.037
I 05.25/05:40:52 solver.py:141 ] Epoch: [99/400][60/196] lr: 1.90e-04 | MSE loss: 1.3990e-05 | time: 0.035
I 05.25/05:40:53 solver.py:141 ] Epoch: [99/400][80/196] lr: 1.90e-04 | MSE loss: 1.4022e-05 | time: 0.034
I 05.25/05:40:54 solver.py:141 ] Epoch: [99/400][100/196] lr: 1.90e-04 | MSE loss: 1.4060e-05 | time: 0.033
I 05.25/05:40:54 solver.py:141 ] Epoch: [99/400][120/196] lr: 1.90e-04 | MSE loss: 1.4060e-05 | time: 0.031
I 05.25/05:40:55 solver.py:141 ] Epoch: [99/400][140/196] lr: 1.90e-04 | MSE loss: 1.4047e-05 | time: 0.030
I 05.25/05:40:55 solver.py:141 ] Epoch: [99/400][160/196] lr: 1.90e-04 | MSE loss: 1.4108e-05 | time: 0.031
I 05.25/05:40:56 solver.py:141 ] Epoch: [99/400][180/196] lr: 1.90e-04 | MSE loss: 1.4175e-05 | time: 0.031
I 05.25/05:40:56 solver.py:151 ] => Train  Loss: 1.4152e-05

I 05.25/05:40:57 solver.py:206 ] 
=! Best NMSE: -1.4339e+01 (epoch=90)

I 05.25/05:40:58 solver.py:141 ] Epoch: [100/400][20/196] lr: 1.90e-04 | MSE loss: 1.3913e-05 | time: 0.055
I 05.25/05:40:58 solver.py:141 ] Epoch: [100/400][40/196] lr: 1.90e-04 | MSE loss: 1.3790e-05 | time: 0.043
I 05.25/05:40:59 solver.py:141 ] Epoch: [100/400][60/196] lr: 1.90e-04 | MSE loss: 1.3748e-05 | time: 0.038
I 05.25/05:40:59 solver.py:141 ] Epoch: [100/400][80/196] lr: 1.90e-04 | MSE loss: 1.3857e-05 | time: 0.036
I 05.25/05:41:00 solver.py:141 ] Epoch: [100/400][100/196] lr: 1.90e-04 | MSE loss: 1.3883e-05 | time: 0.035
I 05.25/05:41:01 solver.py:141 ] Epoch: [100/400][120/196] lr: 1.90e-04 | MSE loss: 1.3903e-05 | time: 0.035
I 05.25/05:41:01 solver.py:141 ] Epoch: [100/400][140/196] lr: 1.90e-04 | MSE loss: 1.3884e-05 | time: 0.034
I 05.25/05:41:02 solver.py:141 ] Epoch: [100/400][160/196] lr: 1.90e-04 | MSE loss: 1.3864e-05 | time: 0.034
I 05.25/05:41:03 solver.py:141 ] Epoch: [100/400][180/196] lr: 1.90e-04 | MSE loss: 1.3850e-05 | time: 0.034
I 05.25/05:41:03 solver.py:151 ] => Train  Loss: 1.3805e-05

I 05.25/05:41:04 solver.py:141 ] Epoch: [100/400][20/59] lr: 1.90e-04 | MSE loss: 1.4200e-05 | time: 0.031
I 05.25/05:41:04 solver.py:141 ] Epoch: [100/400][40/59] lr: 1.90e-04 | MSE loss: 1.4317e-05 | time: 0.019
I 05.25/05:41:04 solver.py:151 ] => Val  Loss: 1.4326e-05

I 05.25/05:41:05 solver.py:281 ] [20/40] loss: 1.4377e-05 | NMSE: -1.5272e+01 | time: 0.032
I 05.25/05:41:05 solver.py:281 ] [40/40] loss: 1.4327e-05 | NMSE: -1.5272e+01 | time: 0.024
I 05.25/05:41:05 solver.py:285 ] => Test NMSE: -1.5272e+01

I 05.25/05:41:06 solver.py:206 ] 
=! Best NMSE: -1.5272e+01 (epoch=100)

I 05.25/05:41:07 solver.py:141 ] Epoch: [101/400][20/196] lr: 1.90e-04 | MSE loss: 1.3488e-05 | time: 0.064
I 05.25/05:41:08 solver.py:141 ] Epoch: [101/400][40/196] lr: 1.90e-04 | MSE loss: 1.3555e-05 | time: 0.048
I 05.25/05:41:08 solver.py:141 ] Epoch: [101/400][60/196] lr: 1.90e-04 | MSE loss: 1.3540e-05 | time: 0.044
I 05.25/05:41:09 solver.py:141 ] Epoch: [101/400][80/196] lr: 1.90e-04 | MSE loss: 1.3540e-05 | time: 0.042
I 05.25/05:41:10 solver.py:141 ] Epoch: [101/400][100/196] lr: 1.90e-04 | MSE loss: 1.3587e-05 | time: 0.039
I 05.25/05:41:10 solver.py:141 ] Epoch: [101/400][120/196] lr: 1.90e-04 | MSE loss: 1.3563e-05 | time: 0.037
I 05.25/05:41:11 solver.py:141 ] Epoch: [101/400][140/196] lr: 1.90e-04 | MSE loss: 1.3551e-05 | time: 0.036
I 05.25/05:41:11 solver.py:141 ] Epoch: [101/400][160/196] lr: 1.90e-04 | MSE loss: 1.3565e-05 | time: 0.035
I 05.25/05:41:12 solver.py:141 ] Epoch: [101/400][180/196] lr: 1.90e-04 | MSE loss: 1.3523e-05 | time: 0.035
I 05.25/05:41:13 solver.py:151 ] => Train  Loss: 1.3527e-05

I 05.25/05:41:13 solver.py:206 ] 
=! Best NMSE: -1.5272e+01 (epoch=100)

I 05.25/05:41:14 solver.py:141 ] Epoch: [102/400][20/196] lr: 1.90e-04 | MSE loss: 1.3361e-05 | time: 0.046
I 05.25/05:41:14 solver.py:141 ] Epoch: [102/400][40/196] lr: 1.90e-04 | MSE loss: 1.3394e-05 | time: 0.038
I 05.25/05:41:15 solver.py:141 ] Epoch: [102/400][60/196] lr: 1.90e-04 | MSE loss: 1.3373e-05 | time: 0.035
I 05.25/05:41:16 solver.py:141 ] Epoch: [102/400][80/196] lr: 1.89e-04 | MSE loss: 1.3393e-05 | time: 0.034
I 05.25/05:41:16 solver.py:141 ] Epoch: [102/400][100/196] lr: 1.89e-04 | MSE loss: 1.3363e-05 | time: 0.033
I 05.25/05:41:17 solver.py:141 ] Epoch: [102/400][120/196] lr: 1.89e-04 | MSE loss: 1.3348e-05 | time: 0.032
I 05.25/05:41:17 solver.py:141 ] Epoch: [102/400][140/196] lr: 1.89e-04 | MSE loss: 1.3333e-05 | time: 0.032
I 05.25/05:41:18 solver.py:141 ] Epoch: [102/400][160/196] lr: 1.89e-04 | MSE loss: 1.3359e-05 | time: 0.032
I 05.25/05:41:19 solver.py:141 ] Epoch: [102/400][180/196] lr: 1.89e-04 | MSE loss: 1.3316e-05 | time: 0.032
I 05.25/05:41:19 solver.py:151 ] => Train  Loss: 1.3309e-05

I 05.25/05:41:19 solver.py:206 ] 
=! Best NMSE: -1.5272e+01 (epoch=100)

I 05.25/05:41:20 solver.py:141 ] Epoch: [103/400][20/196] lr: 1.89e-04 | MSE loss: 1.2988e-05 | time: 0.045
I 05.25/05:41:21 solver.py:141 ] Epoch: [103/400][40/196] lr: 1.89e-04 | MSE loss: 1.3100e-05 | time: 0.037
I 05.25/05:41:22 solver.py:141 ] Epoch: [103/400][60/196] lr: 1.89e-04 | MSE loss: 1.3085e-05 | time: 0.036
I 05.25/05:41:22 solver.py:141 ] Epoch: [103/400][80/196] lr: 1.89e-04 | MSE loss: 1.3093e-05 | time: 0.035
I 05.25/05:41:23 solver.py:141 ] Epoch: [103/400][100/196] lr: 1.89e-04 | MSE loss: 1.3108e-05 | time: 0.035
I 05.25/05:41:24 solver.py:141 ] Epoch: [103/400][120/196] lr: 1.89e-04 | MSE loss: 1.3069e-05 | time: 0.035
I 05.25/05:41:24 solver.py:141 ] Epoch: [103/400][140/196] lr: 1.89e-04 | MSE loss: 1.3078e-05 | time: 0.034
I 05.25/05:41:25 solver.py:141 ] Epoch: [103/400][160/196] lr: 1.89e-04 | MSE loss: 1.3084e-05 | time: 0.033
I 05.25/05:41:25 solver.py:141 ] Epoch: [103/400][180/196] lr: 1.89e-04 | MSE loss: 1.3059e-05 | time: 0.032
I 05.25/05:41:25 solver.py:151 ] => Train  Loss: 1.3062e-05

I 05.25/05:41:26 solver.py:206 ] 
=! Best NMSE: -1.5272e+01 (epoch=100)

I 05.25/05:41:27 solver.py:141 ] Epoch: [104/400][20/196] lr: 1.89e-04 | MSE loss: 1.2855e-05 | time: 0.047
I 05.25/05:41:27 solver.py:141 ] Epoch: [104/400][40/196] lr: 1.89e-04 | MSE loss: 1.2958e-05 | time: 0.037
I 05.25/05:41:28 solver.py:141 ] Epoch: [104/400][60/196] lr: 1.89e-04 | MSE loss: 1.2899e-05 | time: 0.035
I 05.25/05:41:28 solver.py:141 ] Epoch: [104/400][80/196] lr: 1.89e-04 | MSE loss: 1.2833e-05 | time: 0.034
I 05.25/05:41:29 solver.py:141 ] Epoch: [104/400][100/196] lr: 1.89e-04 | MSE loss: 1.2801e-05 | time: 0.033
I 05.25/05:41:30 solver.py:141 ] Epoch: [104/400][120/196] lr: 1.89e-04 | MSE loss: 1.2777e-05 | time: 0.033
I 05.25/05:41:30 solver.py:141 ] Epoch: [104/400][140/196] lr: 1.89e-04 | MSE loss: 1.2850e-05 | time: 0.032
I 05.25/05:41:31 solver.py:141 ] Epoch: [104/400][160/196] lr: 1.89e-04 | MSE loss: 1.2811e-05 | time: 0.032
I 05.25/05:41:32 solver.py:141 ] Epoch: [104/400][180/196] lr: 1.89e-04 | MSE loss: 1.2788e-05 | time: 0.032
I 05.25/05:41:32 solver.py:151 ] => Train  Loss: 1.2804e-05

I 05.25/05:41:32 solver.py:206 ] 
=! Best NMSE: -1.5272e+01 (epoch=100)

I 05.25/05:41:33 solver.py:141 ] Epoch: [105/400][20/196] lr: 1.89e-04 | MSE loss: 1.2624e-05 | time: 0.050
I 05.25/05:41:34 solver.py:141 ] Epoch: [105/400][40/196] lr: 1.89e-04 | MSE loss: 1.2635e-05 | time: 0.039
I 05.25/05:41:34 solver.py:141 ] Epoch: [105/400][60/196] lr: 1.88e-04 | MSE loss: 1.2638e-05 | time: 0.037
I 05.25/05:41:35 solver.py:141 ] Epoch: [105/400][80/196] lr: 1.88e-04 | MSE loss: 1.2646e-05 | time: 0.035
I 05.25/05:41:36 solver.py:141 ] Epoch: [105/400][100/196] lr: 1.88e-04 | MSE loss: 1.2595e-05 | time: 0.033
I 05.25/05:41:36 solver.py:141 ] Epoch: [105/400][120/196] lr: 1.88e-04 | MSE loss: 1.2541e-05 | time: 0.033
I 05.25/05:41:37 solver.py:141 ] Epoch: [105/400][140/196] lr: 1.88e-04 | MSE loss: 1.2609e-05 | time: 0.032
I 05.25/05:41:37 solver.py:141 ] Epoch: [105/400][160/196] lr: 1.88e-04 | MSE loss: 1.2586e-05 | time: 0.032
I 05.25/05:41:38 solver.py:141 ] Epoch: [105/400][180/196] lr: 1.88e-04 | MSE loss: 1.2594e-05 | time: 0.032
I 05.25/05:41:39 solver.py:151 ] => Train  Loss: 1.2578e-05

I 05.25/05:41:39 solver.py:206 ] 
=! Best NMSE: -1.5272e+01 (epoch=100)

I 05.25/05:41:40 solver.py:141 ] Epoch: [106/400][20/196] lr: 1.88e-04 | MSE loss: 1.2083e-05 | time: 0.046
I 05.25/05:41:40 solver.py:141 ] Epoch: [106/400][40/196] lr: 1.88e-04 | MSE loss: 1.2318e-05 | time: 0.039
I 05.25/05:41:41 solver.py:141 ] Epoch: [106/400][60/196] lr: 1.88e-04 | MSE loss: 1.2455e-05 | time: 0.035
I 05.25/05:41:41 solver.py:141 ] Epoch: [106/400][80/196] lr: 1.88e-04 | MSE loss: 1.2419e-05 | time: 0.032
I 05.25/05:41:42 solver.py:141 ] Epoch: [106/400][100/196] lr: 1.88e-04 | MSE loss: 1.2446e-05 | time: 0.030
I 05.25/05:41:43 solver.py:141 ] Epoch: [106/400][120/196] lr: 1.88e-04 | MSE loss: 1.2486e-05 | time: 0.031
I 05.25/05:41:43 solver.py:141 ] Epoch: [106/400][140/196] lr: 1.88e-04 | MSE loss: 1.2458e-05 | time: 0.030
I 05.25/05:41:44 solver.py:141 ] Epoch: [106/400][160/196] lr: 1.88e-04 | MSE loss: 1.2441e-05 | time: 0.030
I 05.25/05:41:44 solver.py:141 ] Epoch: [106/400][180/196] lr: 1.88e-04 | MSE loss: 1.2424e-05 | time: 0.030
I 05.25/05:41:45 solver.py:151 ] => Train  Loss: 1.2400e-05

I 05.25/05:41:45 solver.py:206 ] 
=! Best NMSE: -1.5272e+01 (epoch=100)

I 05.25/05:41:46 solver.py:141 ] Epoch: [107/400][20/196] lr: 1.88e-04 | MSE loss: 1.2257e-05 | time: 0.049
I 05.25/05:41:47 solver.py:141 ] Epoch: [107/400][40/196] lr: 1.88e-04 | MSE loss: 1.2115e-05 | time: 0.039
I 05.25/05:41:47 solver.py:141 ] Epoch: [107/400][60/196] lr: 1.88e-04 | MSE loss: 1.2093e-05 | time: 0.037
I 05.25/05:41:48 solver.py:141 ] Epoch: [107/400][80/196] lr: 1.88e-04 | MSE loss: 1.2108e-05 | time: 0.035
I 05.25/05:41:48 solver.py:141 ] Epoch: [107/400][100/196] lr: 1.88e-04 | MSE loss: 1.2099e-05 | time: 0.035
I 05.25/05:41:49 solver.py:141 ] Epoch: [107/400][120/196] lr: 1.88e-04 | MSE loss: 1.2078e-05 | time: 0.034
I 05.25/05:41:50 solver.py:141 ] Epoch: [107/400][140/196] lr: 1.88e-04 | MSE loss: 1.2067e-05 | time: 0.033
I 05.25/05:41:50 solver.py:141 ] Epoch: [107/400][160/196] lr: 1.88e-04 | MSE loss: 1.2064e-05 | time: 0.033
I 05.25/05:41:51 solver.py:141 ] Epoch: [107/400][180/196] lr: 1.88e-04 | MSE loss: 1.2109e-05 | time: 0.033
I 05.25/05:41:51 solver.py:151 ] => Train  Loss: 1.2106e-05

I 05.25/05:41:52 solver.py:206 ] 
=! Best NMSE: -1.5272e+01 (epoch=100)

I 05.25/05:41:53 solver.py:141 ] Epoch: [108/400][20/196] lr: 1.88e-04 | MSE loss: 1.2058e-05 | time: 0.049
I 05.25/05:41:53 solver.py:141 ] Epoch: [108/400][40/196] lr: 1.87e-04 | MSE loss: 1.2029e-05 | time: 0.042
I 05.25/05:41:54 solver.py:141 ] Epoch: [108/400][60/196] lr: 1.87e-04 | MSE loss: 1.1958e-05 | time: 0.039
I 05.25/05:41:55 solver.py:141 ] Epoch: [108/400][80/196] lr: 1.87e-04 | MSE loss: 1.1994e-05 | time: 0.036
I 05.25/05:41:55 solver.py:141 ] Epoch: [108/400][100/196] lr: 1.87e-04 | MSE loss: 1.2005e-05 | time: 0.035
I 05.25/05:41:56 solver.py:141 ] Epoch: [108/400][120/196] lr: 1.87e-04 | MSE loss: 1.2026e-05 | time: 0.035
I 05.25/05:41:57 solver.py:141 ] Epoch: [108/400][140/196] lr: 1.87e-04 | MSE loss: 1.2003e-05 | time: 0.034
I 05.25/05:41:57 solver.py:141 ] Epoch: [108/400][160/196] lr: 1.87e-04 | MSE loss: 1.2003e-05 | time: 0.034
I 05.25/05:41:58 solver.py:141 ] Epoch: [108/400][180/196] lr: 1.87e-04 | MSE loss: 1.1982e-05 | time: 0.032
I 05.25/05:41:58 solver.py:151 ] => Train  Loss: 1.1970e-05

I 05.25/05:41:58 solver.py:206 ] 
=! Best NMSE: -1.5272e+01 (epoch=100)

I 05.25/05:41:59 solver.py:141 ] Epoch: [109/400][20/196] lr: 1.87e-04 | MSE loss: 1.1512e-05 | time: 0.057
I 05.25/05:42:00 solver.py:141 ] Epoch: [109/400][40/196] lr: 1.87e-04 | MSE loss: 1.1601e-05 | time: 0.046
I 05.25/05:42:01 solver.py:141 ] Epoch: [109/400][60/196] lr: 1.87e-04 | MSE loss: 1.1588e-05 | time: 0.042
I 05.25/05:42:02 solver.py:141 ] Epoch: [109/400][80/196] lr: 1.87e-04 | MSE loss: 1.1615e-05 | time: 0.040
I 05.25/05:42:02 solver.py:141 ] Epoch: [109/400][100/196] lr: 1.87e-04 | MSE loss: 1.1656e-05 | time: 0.039
I 05.25/05:42:03 solver.py:141 ] Epoch: [109/400][120/196] lr: 1.87e-04 | MSE loss: 1.1713e-05 | time: 0.038
I 05.25/05:42:04 solver.py:141 ] Epoch: [109/400][140/196] lr: 1.87e-04 | MSE loss: 1.1706e-05 | time: 0.037
I 05.25/05:42:04 solver.py:141 ] Epoch: [109/400][160/196] lr: 1.87e-04 | MSE loss: 1.1738e-05 | time: 0.037
I 05.25/05:42:05 solver.py:141 ] Epoch: [109/400][180/196] lr: 1.87e-04 | MSE loss: 1.1783e-05 | time: 0.036
I 05.25/05:42:05 solver.py:151 ] => Train  Loss: 1.1835e-05

I 05.25/05:42:06 solver.py:206 ] 
=! Best NMSE: -1.5272e+01 (epoch=100)

I 05.25/05:42:07 solver.py:141 ] Epoch: [110/400][20/196] lr: 1.87e-04 | MSE loss: 1.1576e-05 | time: 0.067
I 05.25/05:42:08 solver.py:141 ] Epoch: [110/400][40/196] lr: 1.87e-04 | MSE loss: 1.1384e-05 | time: 0.048
I 05.25/05:42:08 solver.py:141 ] Epoch: [110/400][60/196] lr: 1.87e-04 | MSE loss: 1.1380e-05 | time: 0.043
I 05.25/05:42:09 solver.py:141 ] Epoch: [110/400][80/196] lr: 1.87e-04 | MSE loss: 1.1373e-05 | time: 0.041
I 05.25/05:42:10 solver.py:141 ] Epoch: [110/400][100/196] lr: 1.87e-04 | MSE loss: 1.1423e-05 | time: 0.040
I 05.25/05:42:10 solver.py:141 ] Epoch: [110/400][120/196] lr: 1.87e-04 | MSE loss: 1.1501e-05 | time: 0.038
I 05.25/05:42:11 solver.py:141 ] Epoch: [110/400][140/196] lr: 1.87e-04 | MSE loss: 1.1532e-05 | time: 0.037
I 05.25/05:42:11 solver.py:141 ] Epoch: [110/400][160/196] lr: 1.87e-04 | MSE loss: 1.1567e-05 | time: 0.036
I 05.25/05:42:12 solver.py:141 ] Epoch: [110/400][180/196] lr: 1.86e-04 | MSE loss: 1.1562e-05 | time: 0.035
I 05.25/05:42:12 solver.py:151 ] => Train  Loss: 1.1557e-05

I 05.25/05:42:13 solver.py:141 ] Epoch: [110/400][20/59] lr: 1.86e-04 | MSE loss: 1.1553e-05 | time: 0.018
I 05.25/05:42:13 solver.py:141 ] Epoch: [110/400][40/59] lr: 1.86e-04 | MSE loss: 1.1648e-05 | time: 0.013
I 05.25/05:42:13 solver.py:151 ] => Val  Loss: 1.1657e-05

I 05.25/05:42:14 solver.py:281 ] [20/40] loss: 1.1680e-05 | NMSE: -1.6187e+01 | time: 0.018
I 05.25/05:42:14 solver.py:281 ] [40/40] loss: 1.1641e-05 | NMSE: -1.6184e+01 | time: 0.014
I 05.25/05:42:14 solver.py:285 ] => Test NMSE: -1.6184e+01

I 05.25/05:42:14 solver.py:206 ] 
=! Best NMSE: -1.6184e+01 (epoch=110)

I 05.25/05:42:15 solver.py:141 ] Epoch: [111/400][20/196] lr: 1.86e-04 | MSE loss: 1.1223e-05 | time: 0.050
I 05.25/05:42:16 solver.py:141 ] Epoch: [111/400][40/196] lr: 1.86e-04 | MSE loss: 1.1224e-05 | time: 0.040
I 05.25/05:42:16 solver.py:141 ] Epoch: [111/400][60/196] lr: 1.86e-04 | MSE loss: 1.1278e-05 | time: 0.038
I 05.25/05:42:17 solver.py:141 ] Epoch: [111/400][80/196] lr: 1.86e-04 | MSE loss: 1.1218e-05 | time: 0.037
I 05.25/05:42:18 solver.py:141 ] Epoch: [111/400][100/196] lr: 1.86e-04 | MSE loss: 1.1227e-05 | time: 0.037
I 05.25/05:42:18 solver.py:141 ] Epoch: [111/400][120/196] lr: 1.86e-04 | MSE loss: 1.1282e-05 | time: 0.036
I 05.25/05:42:19 solver.py:141 ] Epoch: [111/400][140/196] lr: 1.86e-04 | MSE loss: 1.1343e-05 | time: 0.035
I 05.25/05:42:20 solver.py:141 ] Epoch: [111/400][160/196] lr: 1.86e-04 | MSE loss: 1.1355e-05 | time: 0.035
I 05.25/05:42:20 solver.py:141 ] Epoch: [111/400][180/196] lr: 1.86e-04 | MSE loss: 1.1311e-05 | time: 0.034
I 05.25/05:42:21 solver.py:151 ] => Train  Loss: 1.1284e-05

I 05.25/05:42:21 solver.py:206 ] 
=! Best NMSE: -1.6184e+01 (epoch=110)

I 05.25/05:42:22 solver.py:141 ] Epoch: [112/400][20/196] lr: 1.86e-04 | MSE loss: 1.1343e-05 | time: 0.042
I 05.25/05:42:22 solver.py:141 ] Epoch: [112/400][40/196] lr: 1.86e-04 | MSE loss: 1.1616e-05 | time: 0.034
I 05.25/05:42:23 solver.py:141 ] Epoch: [112/400][60/196] lr: 1.86e-04 | MSE loss: 1.1609e-05 | time: 0.030
I 05.25/05:42:23 solver.py:141 ] Epoch: [112/400][80/196] lr: 1.86e-04 | MSE loss: 1.1524e-05 | time: 0.030
I 05.25/05:42:24 solver.py:141 ] Epoch: [112/400][100/196] lr: 1.86e-04 | MSE loss: 1.1520e-05 | time: 0.030
I 05.25/05:42:24 solver.py:141 ] Epoch: [112/400][120/196] lr: 1.86e-04 | MSE loss: 1.1419e-05 | time: 0.029
I 05.25/05:42:25 solver.py:141 ] Epoch: [112/400][140/196] lr: 1.86e-04 | MSE loss: 1.1375e-05 | time: 0.029
I 05.25/05:42:26 solver.py:141 ] Epoch: [112/400][160/196] lr: 1.86e-04 | MSE loss: 1.1373e-05 | time: 0.029
I 05.25/05:42:26 solver.py:141 ] Epoch: [112/400][180/196] lr: 1.86e-04 | MSE loss: 1.1325e-05 | time: 0.029
I 05.25/05:42:27 solver.py:151 ] => Train  Loss: 1.1290e-05

I 05.25/05:42:27 solver.py:206 ] 
=! Best NMSE: -1.6184e+01 (epoch=110)

I 05.25/05:42:28 solver.py:141 ] Epoch: [113/400][20/196] lr: 1.86e-04 | MSE loss: 1.0795e-05 | time: 0.038
I 05.25/05:42:28 solver.py:141 ] Epoch: [113/400][40/196] lr: 1.86e-04 | MSE loss: 1.0692e-05 | time: 0.029
I 05.25/05:42:29 solver.py:141 ] Epoch: [113/400][60/196] lr: 1.86e-04 | MSE loss: 1.0778e-05 | time: 0.030
I 05.25/05:42:29 solver.py:141 ] Epoch: [113/400][80/196] lr: 1.86e-04 | MSE loss: 1.0831e-05 | time: 0.030
I 05.25/05:42:30 solver.py:141 ] Epoch: [113/400][100/196] lr: 1.85e-04 | MSE loss: 1.0854e-05 | time: 0.029
I 05.25/05:42:31 solver.py:141 ] Epoch: [113/400][120/196] lr: 1.85e-04 | MSE loss: 1.0888e-05 | time: 0.030
I 05.25/05:42:31 solver.py:141 ] Epoch: [113/400][140/196] lr: 1.85e-04 | MSE loss: 1.0908e-05 | time: 0.030
I 05.25/05:42:32 solver.py:141 ] Epoch: [113/400][160/196] lr: 1.85e-04 | MSE loss: 1.0889e-05 | time: 0.030
I 05.25/05:42:32 solver.py:141 ] Epoch: [113/400][180/196] lr: 1.85e-04 | MSE loss: 1.0895e-05 | time: 0.030
I 05.25/05:42:33 solver.py:151 ] => Train  Loss: 1.0907e-05

I 05.25/05:42:33 solver.py:206 ] 
=! Best NMSE: -1.6184e+01 (epoch=110)

I 05.25/05:42:34 solver.py:141 ] Epoch: [114/400][20/196] lr: 1.85e-04 | MSE loss: 1.0885e-05 | time: 0.050
I 05.25/05:42:35 solver.py:141 ] Epoch: [114/400][40/196] lr: 1.85e-04 | MSE loss: 1.0878e-05 | time: 0.042
I 05.25/05:42:36 solver.py:141 ] Epoch: [114/400][60/196] lr: 1.85e-04 | MSE loss: 1.0782e-05 | time: 0.040
I 05.25/05:42:36 solver.py:141 ] Epoch: [114/400][80/196] lr: 1.85e-04 | MSE loss: 1.0707e-05 | time: 0.037
I 05.25/05:42:37 solver.py:141 ] Epoch: [114/400][100/196] lr: 1.85e-04 | MSE loss: 1.0668e-05 | time: 0.035
I 05.25/05:42:37 solver.py:141 ] Epoch: [114/400][120/196] lr: 1.85e-04 | MSE loss: 1.0647e-05 | time: 0.035
I 05.25/05:42:38 solver.py:141 ] Epoch: [114/400][140/196] lr: 1.85e-04 | MSE loss: 1.0714e-05 | time: 0.034
I 05.25/05:42:39 solver.py:141 ] Epoch: [114/400][160/196] lr: 1.85e-04 | MSE loss: 1.0713e-05 | time: 0.034
I 05.25/05:42:39 solver.py:141 ] Epoch: [114/400][180/196] lr: 1.85e-04 | MSE loss: 1.0746e-05 | time: 0.033
I 05.25/05:42:40 solver.py:151 ] => Train  Loss: 1.0730e-05

I 05.25/05:42:40 solver.py:206 ] 
=! Best NMSE: -1.6184e+01 (epoch=110)

I 05.25/05:42:41 solver.py:141 ] Epoch: [115/400][20/196] lr: 1.85e-04 | MSE loss: 1.0785e-05 | time: 0.046
I 05.25/05:42:41 solver.py:141 ] Epoch: [115/400][40/196] lr: 1.85e-04 | MSE loss: 1.0580e-05 | time: 0.035
I 05.25/05:42:42 solver.py:141 ] Epoch: [115/400][60/196] lr: 1.85e-04 | MSE loss: 1.0699e-05 | time: 0.032
I 05.25/05:42:42 solver.py:141 ] Epoch: [115/400][80/196] lr: 1.85e-04 | MSE loss: 1.0739e-05 | time: 0.031
I 05.25/05:42:43 solver.py:141 ] Epoch: [115/400][100/196] lr: 1.85e-04 | MSE loss: 1.0692e-05 | time: 0.031
I 05.25/05:42:43 solver.py:141 ] Epoch: [115/400][120/196] lr: 1.85e-04 | MSE loss: 1.0635e-05 | time: 0.030
I 05.25/05:42:44 solver.py:141 ] Epoch: [115/400][140/196] lr: 1.85e-04 | MSE loss: 1.0633e-05 | time: 0.030
I 05.25/05:42:45 solver.py:141 ] Epoch: [115/400][160/196] lr: 1.85e-04 | MSE loss: 1.0621e-05 | time: 0.030
I 05.25/05:42:45 solver.py:141 ] Epoch: [115/400][180/196] lr: 1.85e-04 | MSE loss: 1.0608e-05 | time: 0.030
I 05.25/05:42:46 solver.py:151 ] => Train  Loss: 1.0609e-05

I 05.25/05:42:46 solver.py:206 ] 
=! Best NMSE: -1.6184e+01 (epoch=110)

I 05.25/05:42:47 solver.py:141 ] Epoch: [116/400][20/196] lr: 1.84e-04 | MSE loss: 1.0720e-05 | time: 0.047
I 05.25/05:42:48 solver.py:141 ] Epoch: [116/400][40/196] lr: 1.84e-04 | MSE loss: 1.0541e-05 | time: 0.041
I 05.25/05:42:48 solver.py:141 ] Epoch: [116/400][60/196] lr: 1.84e-04 | MSE loss: 1.0465e-05 | time: 0.038
I 05.25/05:42:49 solver.py:141 ] Epoch: [116/400][80/196] lr: 1.84e-04 | MSE loss: 1.0582e-05 | time: 0.037
I 05.25/05:42:50 solver.py:141 ] Epoch: [116/400][100/196] lr: 1.84e-04 | MSE loss: 1.0520e-05 | time: 0.036
I 05.25/05:42:50 solver.py:141 ] Epoch: [116/400][120/196] lr: 1.84e-04 | MSE loss: 1.0507e-05 | time: 0.035
I 05.25/05:42:51 solver.py:141 ] Epoch: [116/400][140/196] lr: 1.84e-04 | MSE loss: 1.0455e-05 | time: 0.034
I 05.25/05:42:51 solver.py:141 ] Epoch: [116/400][160/196] lr: 1.84e-04 | MSE loss: 1.0414e-05 | time: 0.033
I 05.25/05:42:52 solver.py:141 ] Epoch: [116/400][180/196] lr: 1.84e-04 | MSE loss: 1.0397e-05 | time: 0.033
I 05.25/05:42:52 solver.py:151 ] => Train  Loss: 1.0393e-05

I 05.25/05:42:53 solver.py:206 ] 
=! Best NMSE: -1.6184e+01 (epoch=110)

I 05.25/05:42:53 solver.py:141 ] Epoch: [117/400][20/196] lr: 1.84e-04 | MSE loss: 1.0475e-05 | time: 0.043
I 05.25/05:42:54 solver.py:141 ] Epoch: [117/400][40/196] lr: 1.84e-04 | MSE loss: 1.0319e-05 | time: 0.036
I 05.25/05:42:55 solver.py:141 ] Epoch: [117/400][60/196] lr: 1.84e-04 | MSE loss: 1.0362e-05 | time: 0.034
I 05.25/05:42:55 solver.py:141 ] Epoch: [117/400][80/196] lr: 1.84e-04 | MSE loss: 1.0430e-05 | time: 0.033
I 05.25/05:42:56 solver.py:141 ] Epoch: [117/400][100/196] lr: 1.84e-04 | MSE loss: 1.0435e-05 | time: 0.032
I 05.25/05:42:56 solver.py:141 ] Epoch: [117/400][120/196] lr: 1.84e-04 | MSE loss: 1.0409e-05 | time: 0.031
I 05.25/05:42:57 solver.py:141 ] Epoch: [117/400][140/196] lr: 1.84e-04 | MSE loss: 1.0365e-05 | time: 0.031
I 05.25/05:42:58 solver.py:141 ] Epoch: [117/400][160/196] lr: 1.84e-04 | MSE loss: 1.0327e-05 | time: 0.032
I 05.25/05:42:58 solver.py:141 ] Epoch: [117/400][180/196] lr: 1.84e-04 | MSE loss: 1.0285e-05 | time: 0.032
I 05.25/05:42:59 solver.py:151 ] => Train  Loss: 1.0285e-05

I 05.25/05:42:59 solver.py:206 ] 
=! Best NMSE: -1.6184e+01 (epoch=110)

I 05.25/05:43:00 solver.py:141 ] Epoch: [118/400][20/196] lr: 1.84e-04 | MSE loss: 1.0109e-05 | time: 0.047
I 05.25/05:43:01 solver.py:141 ] Epoch: [118/400][40/196] lr: 1.84e-04 | MSE loss: 1.0104e-05 | time: 0.042
I 05.25/05:43:01 solver.py:141 ] Epoch: [118/400][60/196] lr: 1.84e-04 | MSE loss: 9.9930e-06 | time: 0.039
I 05.25/05:43:02 solver.py:141 ] Epoch: [118/400][80/196] lr: 1.84e-04 | MSE loss: 9.9693e-06 | time: 0.038
I 05.25/05:43:03 solver.py:141 ] Epoch: [118/400][100/196] lr: 1.83e-04 | MSE loss: 9.9698e-06 | time: 0.037
I 05.25/05:43:04 solver.py:141 ] Epoch: [118/400][120/196] lr: 1.83e-04 | MSE loss: 9.9361e-06 | time: 0.037
I 05.25/05:43:04 solver.py:141 ] Epoch: [118/400][140/196] lr: 1.83e-04 | MSE loss: 9.9265e-06 | time: 0.036
I 05.25/05:43:05 solver.py:141 ] Epoch: [118/400][160/196] lr: 1.83e-04 | MSE loss: 9.9486e-06 | time: 0.035
I 05.25/05:43:05 solver.py:141 ] Epoch: [118/400][180/196] lr: 1.83e-04 | MSE loss: 1.0041e-05 | time: 0.034
I 05.25/05:43:06 solver.py:151 ] => Train  Loss: 1.0038e-05

I 05.25/05:43:06 solver.py:206 ] 
=! Best NMSE: -1.6184e+01 (epoch=110)

I 05.25/05:43:08 solver.py:141 ] Epoch: [119/400][20/196] lr: 1.83e-04 | MSE loss: 9.7222e-06 | time: 0.061
I 05.25/05:43:08 solver.py:141 ] Epoch: [119/400][40/196] lr: 1.83e-04 | MSE loss: 9.7930e-06 | time: 0.048
I 05.25/05:43:09 solver.py:141 ] Epoch: [119/400][60/196] lr: 1.83e-04 | MSE loss: 9.8404e-06 | time: 0.043
I 05.25/05:43:10 solver.py:141 ] Epoch: [119/400][80/196] lr: 1.83e-04 | MSE loss: 9.9143e-06 | time: 0.040
I 05.25/05:43:10 solver.py:141 ] Epoch: [119/400][100/196] lr: 1.83e-04 | MSE loss: 1.0045e-05 | time: 0.039
I 05.25/05:43:11 solver.py:141 ] Epoch: [119/400][120/196] lr: 1.83e-04 | MSE loss: 9.9871e-06 | time: 0.038
I 05.25/05:43:12 solver.py:141 ] Epoch: [119/400][140/196] lr: 1.83e-04 | MSE loss: 9.9347e-06 | time: 0.037
I 05.25/05:43:12 solver.py:141 ] Epoch: [119/400][160/196] lr: 1.83e-04 | MSE loss: 9.9053e-06 | time: 0.036
I 05.25/05:43:13 solver.py:141 ] Epoch: [119/400][180/196] lr: 1.83e-04 | MSE loss: 9.9146e-06 | time: 0.035
I 05.25/05:43:13 solver.py:151 ] => Train  Loss: 9.9033e-06

I 05.25/05:43:13 solver.py:206 ] 
=! Best NMSE: -1.6184e+01 (epoch=110)

I 05.25/05:43:14 solver.py:141 ] Epoch: [120/400][20/196] lr: 1.83e-04 | MSE loss: 9.7505e-06 | time: 0.044
I 05.25/05:43:15 solver.py:141 ] Epoch: [120/400][40/196] lr: 1.83e-04 | MSE loss: 9.6866e-06 | time: 0.037
I 05.25/05:43:15 solver.py:141 ] Epoch: [120/400][60/196] lr: 1.83e-04 | MSE loss: 9.6627e-06 | time: 0.034
I 05.25/05:43:16 solver.py:141 ] Epoch: [120/400][80/196] lr: 1.83e-04 | MSE loss: 9.7126e-06 | time: 0.032
I 05.25/05:43:17 solver.py:141 ] Epoch: [120/400][100/196] lr: 1.83e-04 | MSE loss: 9.7008e-06 | time: 0.032
I 05.25/05:43:17 solver.py:141 ] Epoch: [120/400][120/196] lr: 1.83e-04 | MSE loss: 9.7101e-06 | time: 0.032
I 05.25/05:43:18 solver.py:141 ] Epoch: [120/400][140/196] lr: 1.83e-04 | MSE loss: 9.7511e-06 | time: 0.031
I 05.25/05:43:18 solver.py:141 ] Epoch: [120/400][160/196] lr: 1.83e-04 | MSE loss: 9.8131e-06 | time: 0.030
I 05.25/05:43:19 solver.py:141 ] Epoch: [120/400][180/196] lr: 1.82e-04 | MSE loss: 9.7839e-06 | time: 0.030
I 05.25/05:43:19 solver.py:151 ] => Train  Loss: 9.7598e-06

I 05.25/05:43:20 solver.py:141 ] Epoch: [120/400][20/59] lr: 1.82e-04 | MSE loss: 9.7439e-06 | time: 0.016
I 05.25/05:43:20 solver.py:141 ] Epoch: [120/400][40/59] lr: 1.82e-04 | MSE loss: 9.8230e-06 | time: 0.012
I 05.25/05:43:20 solver.py:151 ] => Val  Loss: 9.8272e-06

I 05.25/05:43:20 solver.py:281 ] [20/40] loss: 9.8475e-06 | NMSE: -1.6912e+01 | time: 0.014
I 05.25/05:43:21 solver.py:281 ] [40/40] loss: 9.8179e-06 | NMSE: -1.6908e+01 | time: 0.012
I 05.25/05:43:21 solver.py:285 ] => Test NMSE: -1.6908e+01

I 05.25/05:43:21 solver.py:206 ] 
=! Best NMSE: -1.6908e+01 (epoch=120)

I 05.25/05:43:22 solver.py:141 ] Epoch: [121/400][20/196] lr: 1.82e-04 | MSE loss: 9.5162e-06 | time: 0.044
I 05.25/05:43:22 solver.py:141 ] Epoch: [121/400][40/196] lr: 1.82e-04 | MSE loss: 9.6926e-06 | time: 0.037
I 05.25/05:43:23 solver.py:141 ] Epoch: [121/400][60/196] lr: 1.82e-04 | MSE loss: 9.7025e-06 | time: 0.035
I 05.25/05:43:23 solver.py:141 ] Epoch: [121/400][80/196] lr: 1.82e-04 | MSE loss: 9.6273e-06 | time: 0.033
I 05.25/05:43:24 solver.py:141 ] Epoch: [121/400][100/196] lr: 1.82e-04 | MSE loss: 9.5792e-06 | time: 0.033
I 05.25/05:43:25 solver.py:141 ] Epoch: [121/400][120/196] lr: 1.82e-04 | MSE loss: 9.6037e-06 | time: 0.032
I 05.25/05:43:25 solver.py:141 ] Epoch: [121/400][140/196] lr: 1.82e-04 | MSE loss: 9.6214e-06 | time: 0.032
I 05.25/05:43:26 solver.py:141 ] Epoch: [121/400][160/196] lr: 1.82e-04 | MSE loss: 9.5807e-06 | time: 0.031
I 05.25/05:43:26 solver.py:141 ] Epoch: [121/400][180/196] lr: 1.82e-04 | MSE loss: 9.5671e-06 | time: 0.032
I 05.25/05:43:27 solver.py:151 ] => Train  Loss: 9.5450e-06

I 05.25/05:43:27 solver.py:206 ] 
=! Best NMSE: -1.6908e+01 (epoch=120)

I 05.25/05:43:28 solver.py:141 ] Epoch: [122/400][20/196] lr: 1.82e-04 | MSE loss: 9.1203e-06 | time: 0.048
I 05.25/05:43:29 solver.py:141 ] Epoch: [122/400][40/196] lr: 1.82e-04 | MSE loss: 9.2397e-06 | time: 0.041
I 05.25/05:43:30 solver.py:141 ] Epoch: [122/400][60/196] lr: 1.82e-04 | MSE loss: 9.3649e-06 | time: 0.037
I 05.25/05:43:30 solver.py:141 ] Epoch: [122/400][80/196] lr: 1.82e-04 | MSE loss: 9.4768e-06 | time: 0.036
I 05.25/05:43:31 solver.py:141 ] Epoch: [122/400][100/196] lr: 1.82e-04 | MSE loss: 9.4383e-06 | time: 0.035
I 05.25/05:43:31 solver.py:141 ] Epoch: [122/400][120/196] lr: 1.82e-04 | MSE loss: 9.3980e-06 | time: 0.034
I 05.25/05:43:32 solver.py:141 ] Epoch: [122/400][140/196] lr: 1.82e-04 | MSE loss: 9.4495e-06 | time: 0.033
I 05.25/05:43:33 solver.py:141 ] Epoch: [122/400][160/196] lr: 1.82e-04 | MSE loss: 9.4482e-06 | time: 0.033
I 05.25/05:43:33 solver.py:141 ] Epoch: [122/400][180/196] lr: 1.82e-04 | MSE loss: 9.4230e-06 | time: 0.033
I 05.25/05:43:33 solver.py:151 ] => Train  Loss: 9.4278e-06

I 05.25/05:43:34 solver.py:206 ] 
=! Best NMSE: -1.6908e+01 (epoch=120)

I 05.25/05:43:35 solver.py:141 ] Epoch: [123/400][20/196] lr: 1.82e-04 | MSE loss: 9.1612e-06 | time: 0.048
I 05.25/05:43:35 solver.py:141 ] Epoch: [123/400][40/196] lr: 1.82e-04 | MSE loss: 9.1858e-06 | time: 0.038
I 05.25/05:43:36 solver.py:141 ] Epoch: [123/400][60/196] lr: 1.81e-04 | MSE loss: 9.2622e-06 | time: 0.035
I 05.25/05:43:36 solver.py:141 ] Epoch: [123/400][80/196] lr: 1.81e-04 | MSE loss: 9.3032e-06 | time: 0.034
I 05.25/05:43:37 solver.py:141 ] Epoch: [123/400][100/196] lr: 1.81e-04 | MSE loss: 9.3338e-06 | time: 0.033
I 05.25/05:43:38 solver.py:141 ] Epoch: [123/400][120/196] lr: 1.81e-04 | MSE loss: 9.3953e-06 | time: 0.034
I 05.25/05:43:38 solver.py:141 ] Epoch: [123/400][140/196] lr: 1.81e-04 | MSE loss: 9.3559e-06 | time: 0.033
I 05.25/05:43:39 solver.py:141 ] Epoch: [123/400][160/196] lr: 1.81e-04 | MSE loss: 9.3398e-06 | time: 0.033
I 05.25/05:43:40 solver.py:141 ] Epoch: [123/400][180/196] lr: 1.81e-04 | MSE loss: 9.3504e-06 | time: 0.033
I 05.25/05:43:40 solver.py:151 ] => Train  Loss: 9.3409e-06

I 05.25/05:43:40 solver.py:206 ] 
=! Best NMSE: -1.6908e+01 (epoch=120)

I 05.25/05:43:41 solver.py:141 ] Epoch: [124/400][20/196] lr: 1.81e-04 | MSE loss: 8.9406e-06 | time: 0.044
I 05.25/05:43:42 solver.py:141 ] Epoch: [124/400][40/196] lr: 1.81e-04 | MSE loss: 9.0459e-06 | time: 0.036
I 05.25/05:43:42 solver.py:141 ] Epoch: [124/400][60/196] lr: 1.81e-04 | MSE loss: 9.1620e-06 | time: 0.034
I 05.25/05:43:43 solver.py:141 ] Epoch: [124/400][80/196] lr: 1.81e-04 | MSE loss: 9.2574e-06 | time: 0.033
I 05.25/05:43:44 solver.py:141 ] Epoch: [124/400][100/196] lr: 1.81e-04 | MSE loss: 9.2347e-06 | time: 0.032
I 05.25/05:43:44 solver.py:141 ] Epoch: [124/400][120/196] lr: 1.81e-04 | MSE loss: 9.2119e-06 | time: 0.032
I 05.25/05:43:45 solver.py:141 ] Epoch: [124/400][140/196] lr: 1.81e-04 | MSE loss: 9.2063e-06 | time: 0.032
I 05.25/05:43:46 solver.py:141 ] Epoch: [124/400][160/196] lr: 1.81e-04 | MSE loss: 9.2388e-06 | time: 0.032
I 05.25/05:43:46 solver.py:141 ] Epoch: [124/400][180/196] lr: 1.81e-04 | MSE loss: 9.2871e-06 | time: 0.032
I 05.25/05:43:47 solver.py:151 ] => Train  Loss: 9.2644e-06

I 05.25/05:43:47 solver.py:206 ] 
=! Best NMSE: -1.6908e+01 (epoch=120)

I 05.25/05:43:48 solver.py:141 ] Epoch: [125/400][20/196] lr: 1.81e-04 | MSE loss: 9.1268e-06 | time: 0.045
I 05.25/05:43:49 solver.py:141 ] Epoch: [125/400][40/196] lr: 1.81e-04 | MSE loss: 9.0607e-06 | time: 0.039
I 05.25/05:43:49 solver.py:141 ] Epoch: [125/400][60/196] lr: 1.81e-04 | MSE loss: 9.0337e-06 | time: 0.033
I 05.25/05:43:50 solver.py:141 ] Epoch: [125/400][80/196] lr: 1.81e-04 | MSE loss: 9.0754e-06 | time: 0.032
I 05.25/05:43:50 solver.py:141 ] Epoch: [125/400][100/196] lr: 1.81e-04 | MSE loss: 9.1076e-06 | time: 0.032
I 05.25/05:43:51 solver.py:141 ] Epoch: [125/400][120/196] lr: 1.80e-04 | MSE loss: 9.1187e-06 | time: 0.033
I 05.25/05:43:52 solver.py:141 ] Epoch: [125/400][140/196] lr: 1.80e-04 | MSE loss: 9.1397e-06 | time: 0.033
I 05.25/05:43:52 solver.py:141 ] Epoch: [125/400][160/196] lr: 1.80e-04 | MSE loss: 9.1099e-06 | time: 0.032
I 05.25/05:43:53 solver.py:141 ] Epoch: [125/400][180/196] lr: 1.80e-04 | MSE loss: 9.1110e-06 | time: 0.032
I 05.25/05:43:53 solver.py:151 ] => Train  Loss: 9.1138e-06

I 05.25/05:43:53 solver.py:206 ] 
=! Best NMSE: -1.6908e+01 (epoch=120)

I 05.25/05:43:54 solver.py:141 ] Epoch: [126/400][20/196] lr: 1.80e-04 | MSE loss: 8.6554e-06 | time: 0.043
I 05.25/05:43:55 solver.py:141 ] Epoch: [126/400][40/196] lr: 1.80e-04 | MSE loss: 8.8113e-06 | time: 0.035
I 05.25/05:43:56 solver.py:141 ] Epoch: [126/400][60/196] lr: 1.80e-04 | MSE loss: 8.9867e-06 | time: 0.033
I 05.25/05:43:56 solver.py:141 ] Epoch: [126/400][80/196] lr: 1.80e-04 | MSE loss: 9.0449e-06 | time: 0.033
I 05.25/05:43:57 solver.py:141 ] Epoch: [126/400][100/196] lr: 1.80e-04 | MSE loss: 8.9631e-06 | time: 0.033
I 05.25/05:43:57 solver.py:141 ] Epoch: [126/400][120/196] lr: 1.80e-04 | MSE loss: 8.9500e-06 | time: 0.033
I 05.25/05:43:58 solver.py:141 ] Epoch: [126/400][140/196] lr: 1.80e-04 | MSE loss: 8.9492e-06 | time: 0.033
I 05.25/05:43:59 solver.py:141 ] Epoch: [126/400][160/196] lr: 1.80e-04 | MSE loss: 8.9514e-06 | time: 0.032
I 05.25/05:43:59 solver.py:141 ] Epoch: [126/400][180/196] lr: 1.80e-04 | MSE loss: 8.9684e-06 | time: 0.032
I 05.25/05:44:00 solver.py:151 ] => Train  Loss: 8.9439e-06

I 05.25/05:44:00 solver.py:206 ] 
=! Best NMSE: -1.6908e+01 (epoch=120)

I 05.25/05:44:01 solver.py:141 ] Epoch: [127/400][20/196] lr: 1.80e-04 | MSE loss: 8.9308e-06 | time: 0.050
I 05.25/05:44:02 solver.py:141 ] Epoch: [127/400][40/196] lr: 1.80e-04 | MSE loss: 8.8161e-06 | time: 0.041
I 05.25/05:44:02 solver.py:141 ] Epoch: [127/400][60/196] lr: 1.80e-04 | MSE loss: 8.7735e-06 | time: 0.039
I 05.25/05:44:03 solver.py:141 ] Epoch: [127/400][80/196] lr: 1.80e-04 | MSE loss: 8.6869e-06 | time: 0.038
I 05.25/05:44:04 solver.py:141 ] Epoch: [127/400][100/196] lr: 1.80e-04 | MSE loss: 8.6819e-06 | time: 0.037
I 05.25/05:44:04 solver.py:141 ] Epoch: [127/400][120/196] lr: 1.80e-04 | MSE loss: 8.6952e-06 | time: 0.035
I 05.25/05:44:05 solver.py:141 ] Epoch: [127/400][140/196] lr: 1.80e-04 | MSE loss: 8.7663e-06 | time: 0.035
I 05.25/05:44:05 solver.py:141 ] Epoch: [127/400][160/196] lr: 1.79e-04 | MSE loss: 8.7801e-06 | time: 0.034
I 05.25/05:44:06 solver.py:141 ] Epoch: [127/400][180/196] lr: 1.79e-04 | MSE loss: 8.7697e-06 | time: 0.033
I 05.25/05:44:06 solver.py:151 ] => Train  Loss: 8.7757e-06

I 05.25/05:44:07 solver.py:206 ] 
=! Best NMSE: -1.6908e+01 (epoch=120)

I 05.25/05:44:08 solver.py:141 ] Epoch: [128/400][20/196] lr: 1.79e-04 | MSE loss: 8.6070e-06 | time: 0.058
I 05.25/05:44:09 solver.py:141 ] Epoch: [128/400][40/196] lr: 1.79e-04 | MSE loss: 8.5065e-06 | time: 0.046
I 05.25/05:44:09 solver.py:141 ] Epoch: [128/400][60/196] lr: 1.79e-04 | MSE loss: 8.5150e-06 | time: 0.043
I 05.25/05:44:10 solver.py:141 ] Epoch: [128/400][80/196] lr: 1.79e-04 | MSE loss: 8.4952e-06 | time: 0.040
I 05.25/05:44:10 solver.py:141 ] Epoch: [128/400][100/196] lr: 1.79e-04 | MSE loss: 8.5270e-06 | time: 0.038
I 05.25/05:44:11 solver.py:141 ] Epoch: [128/400][120/196] lr: 1.79e-04 | MSE loss: 8.5494e-06 | time: 0.037
I 05.25/05:44:12 solver.py:141 ] Epoch: [128/400][140/196] lr: 1.79e-04 | MSE loss: 8.5596e-06 | time: 0.036
I 05.25/05:44:12 solver.py:141 ] Epoch: [128/400][160/196] lr: 1.79e-04 | MSE loss: 8.5452e-06 | time: 0.035
I 05.25/05:44:13 solver.py:141 ] Epoch: [128/400][180/196] lr: 1.79e-04 | MSE loss: 8.5305e-06 | time: 0.035
I 05.25/05:44:13 solver.py:151 ] => Train  Loss: 8.5449e-06

I 05.25/05:44:14 solver.py:206 ] 
=! Best NMSE: -1.6908e+01 (epoch=120)

I 05.25/05:44:15 solver.py:141 ] Epoch: [129/400][20/196] lr: 1.79e-04 | MSE loss: 9.0105e-06 | time: 0.045
I 05.25/05:44:15 solver.py:141 ] Epoch: [129/400][40/196] lr: 1.79e-04 | MSE loss: 8.7524e-06 | time: 0.037
I 05.25/05:44:16 solver.py:141 ] Epoch: [129/400][60/196] lr: 1.79e-04 | MSE loss: 8.6401e-06 | time: 0.034
I 05.25/05:44:16 solver.py:141 ] Epoch: [129/400][80/196] lr: 1.79e-04 | MSE loss: 8.6111e-06 | time: 0.033
I 05.25/05:44:17 solver.py:141 ] Epoch: [129/400][100/196] lr: 1.79e-04 | MSE loss: 8.5612e-06 | time: 0.032
I 05.25/05:44:17 solver.py:141 ] Epoch: [129/400][120/196] lr: 1.79e-04 | MSE loss: 8.5635e-06 | time: 0.031
I 05.25/05:44:18 solver.py:141 ] Epoch: [129/400][140/196] lr: 1.79e-04 | MSE loss: 8.5438e-06 | time: 0.030
I 05.25/05:44:18 solver.py:141 ] Epoch: [129/400][160/196] lr: 1.79e-04 | MSE loss: 8.5185e-06 | time: 0.030
I 05.25/05:44:19 solver.py:141 ] Epoch: [129/400][180/196] lr: 1.79e-04 | MSE loss: 8.5182e-06 | time: 0.029
I 05.25/05:44:20 solver.py:151 ] => Train  Loss: 8.5177e-06

I 05.25/05:44:20 solver.py:206 ] 
=! Best NMSE: -1.6908e+01 (epoch=120)

I 05.25/05:44:21 solver.py:141 ] Epoch: [130/400][20/196] lr: 1.78e-04 | MSE loss: 8.3540e-06 | time: 0.047
I 05.25/05:44:21 solver.py:141 ] Epoch: [130/400][40/196] lr: 1.78e-04 | MSE loss: 8.4306e-06 | time: 0.037
I 05.25/05:44:22 solver.py:141 ] Epoch: [130/400][60/196] lr: 1.78e-04 | MSE loss: 8.3433e-06 | time: 0.034
I 05.25/05:44:22 solver.py:141 ] Epoch: [130/400][80/196] lr: 1.78e-04 | MSE loss: 8.3290e-06 | time: 0.034
I 05.25/05:44:23 solver.py:141 ] Epoch: [130/400][100/196] lr: 1.78e-04 | MSE loss: 8.3977e-06 | time: 0.033
I 05.25/05:44:24 solver.py:141 ] Epoch: [130/400][120/196] lr: 1.78e-04 | MSE loss: 8.3970e-06 | time: 0.033
I 05.25/05:44:24 solver.py:141 ] Epoch: [130/400][140/196] lr: 1.78e-04 | MSE loss: 8.5067e-06 | time: 0.032
I 05.25/05:44:25 solver.py:141 ] Epoch: [130/400][160/196] lr: 1.78e-04 | MSE loss: 8.4686e-06 | time: 0.031
I 05.25/05:44:25 solver.py:141 ] Epoch: [130/400][180/196] lr: 1.78e-04 | MSE loss: 8.4854e-06 | time: 0.031
I 05.25/05:44:26 solver.py:151 ] => Train  Loss: 8.4660e-06

I 05.25/05:44:26 solver.py:141 ] Epoch: [130/400][20/59] lr: 1.78e-04 | MSE loss: 8.4319e-06 | time: 0.017
I 05.25/05:44:26 solver.py:141 ] Epoch: [130/400][40/59] lr: 1.78e-04 | MSE loss: 8.4956e-06 | time: 0.013
I 05.25/05:44:27 solver.py:151 ] => Val  Loss: 8.4986e-06

I 05.25/05:44:27 solver.py:281 ] [20/40] loss: 8.5132e-06 | NMSE: -1.7515e+01 | time: 0.015
I 05.25/05:44:27 solver.py:281 ] [40/40] loss: 8.4924e-06 | NMSE: -1.7511e+01 | time: 0.013
I 05.25/05:44:27 solver.py:285 ] => Test NMSE: -1.7511e+01

I 05.25/05:44:27 solver.py:206 ] 
=! Best NMSE: -1.7511e+01 (epoch=130)

I 05.25/05:44:28 solver.py:141 ] Epoch: [131/400][20/196] lr: 1.78e-04 | MSE loss: 8.2532e-06 | time: 0.043
I 05.25/05:44:29 solver.py:141 ] Epoch: [131/400][40/196] lr: 1.78e-04 | MSE loss: 8.2556e-06 | time: 0.035
I 05.25/05:44:30 solver.py:141 ] Epoch: [131/400][60/196] lr: 1.78e-04 | MSE loss: 8.2739e-06 | time: 0.033
I 05.25/05:44:30 solver.py:141 ] Epoch: [131/400][80/196] lr: 1.78e-04 | MSE loss: 8.2603e-06 | time: 0.033
I 05.25/05:44:31 solver.py:141 ] Epoch: [131/400][100/196] lr: 1.78e-04 | MSE loss: 8.1997e-06 | time: 0.032
I 05.25/05:44:31 solver.py:141 ] Epoch: [131/400][120/196] lr: 1.78e-04 | MSE loss: 8.1682e-06 | time: 0.031
I 05.25/05:44:32 solver.py:141 ] Epoch: [131/400][140/196] lr: 1.78e-04 | MSE loss: 8.1614e-06 | time: 0.031
I 05.25/05:44:33 solver.py:141 ] Epoch: [131/400][160/196] lr: 1.78e-04 | MSE loss: 8.1697e-06 | time: 0.031
I 05.25/05:44:33 solver.py:141 ] Epoch: [131/400][180/196] lr: 1.78e-04 | MSE loss: 8.1800e-06 | time: 0.031
I 05.25/05:44:34 solver.py:151 ] => Train  Loss: 8.2361e-06

I 05.25/05:44:34 solver.py:206 ] 
=! Best NMSE: -1.7511e+01 (epoch=130)

I 05.25/05:44:35 solver.py:141 ] Epoch: [132/400][20/196] lr: 1.78e-04 | MSE loss: 8.2629e-06 | time: 0.049
I 05.25/05:44:36 solver.py:141 ] Epoch: [132/400][40/196] lr: 1.77e-04 | MSE loss: 8.1750e-06 | time: 0.040
I 05.25/05:44:36 solver.py:141 ] Epoch: [132/400][60/196] lr: 1.77e-04 | MSE loss: 8.2474e-06 | time: 0.037
I 05.25/05:44:37 solver.py:141 ] Epoch: [132/400][80/196] lr: 1.77e-04 | MSE loss: 8.2807e-06 | time: 0.034
I 05.25/05:44:37 solver.py:141 ] Epoch: [132/400][100/196] lr: 1.77e-04 | MSE loss: 8.3400e-06 | time: 0.031
I 05.25/05:44:38 solver.py:141 ] Epoch: [132/400][120/196] lr: 1.77e-04 | MSE loss: 8.3446e-06 | time: 0.032
I 05.25/05:44:38 solver.py:141 ] Epoch: [132/400][140/196] lr: 1.77e-04 | MSE loss: 8.3080e-06 | time: 0.032
I 05.25/05:44:39 solver.py:141 ] Epoch: [132/400][160/196] lr: 1.77e-04 | MSE loss: 8.2582e-06 | time: 0.032
I 05.25/05:44:40 solver.py:141 ] Epoch: [132/400][180/196] lr: 1.77e-04 | MSE loss: 8.2344e-06 | time: 0.032
I 05.25/05:44:40 solver.py:151 ] => Train  Loss: 8.2616e-06

I 05.25/05:44:40 solver.py:206 ] 
=! Best NMSE: -1.7511e+01 (epoch=130)

I 05.25/05:44:41 solver.py:141 ] Epoch: [133/400][20/196] lr: 1.77e-04 | MSE loss: 8.7897e-06 | time: 0.043
I 05.25/05:44:42 solver.py:141 ] Epoch: [133/400][40/196] lr: 1.77e-04 | MSE loss: 8.4156e-06 | time: 0.037
I 05.25/05:44:43 solver.py:141 ] Epoch: [133/400][60/196] lr: 1.77e-04 | MSE loss: 8.2215e-06 | time: 0.035
I 05.25/05:44:43 solver.py:141 ] Epoch: [133/400][80/196] lr: 1.77e-04 | MSE loss: 8.1535e-06 | time: 0.034
I 05.25/05:44:44 solver.py:141 ] Epoch: [133/400][100/196] lr: 1.77e-04 | MSE loss: 8.1310e-06 | time: 0.033
I 05.25/05:44:44 solver.py:141 ] Epoch: [133/400][120/196] lr: 1.77e-04 | MSE loss: 8.1270e-06 | time: 0.032
I 05.25/05:44:45 solver.py:141 ] Epoch: [133/400][140/196] lr: 1.77e-04 | MSE loss: 8.1268e-06 | time: 0.032
I 05.25/05:44:45 solver.py:141 ] Epoch: [133/400][160/196] lr: 1.77e-04 | MSE loss: 8.1347e-06 | time: 0.031
I 05.25/05:44:46 solver.py:141 ] Epoch: [133/400][180/196] lr: 1.77e-04 | MSE loss: 8.1436e-06 | time: 0.031
I 05.25/05:44:47 solver.py:151 ] => Train  Loss: 8.1448e-06

I 05.25/05:44:47 solver.py:206 ] 
=! Best NMSE: -1.7511e+01 (epoch=130)

I 05.25/05:44:48 solver.py:141 ] Epoch: [134/400][20/196] lr: 1.77e-04 | MSE loss: 7.8343e-06 | time: 0.045
I 05.25/05:44:48 solver.py:141 ] Epoch: [134/400][40/196] lr: 1.77e-04 | MSE loss: 7.8633e-06 | time: 0.037
I 05.25/05:44:49 solver.py:141 ] Epoch: [134/400][60/196] lr: 1.76e-04 | MSE loss: 7.8771e-06 | time: 0.034
I 05.25/05:44:50 solver.py:141 ] Epoch: [134/400][80/196] lr: 1.76e-04 | MSE loss: 7.8738e-06 | time: 0.034
I 05.25/05:44:50 solver.py:141 ] Epoch: [134/400][100/196] lr: 1.76e-04 | MSE loss: 7.9279e-06 | time: 0.033
I 05.25/05:44:51 solver.py:141 ] Epoch: [134/400][120/196] lr: 1.76e-04 | MSE loss: 7.9482e-06 | time: 0.032
I 05.25/05:44:51 solver.py:141 ] Epoch: [134/400][140/196] lr: 1.76e-04 | MSE loss: 7.9463e-06 | time: 0.032
I 05.25/05:44:52 solver.py:141 ] Epoch: [134/400][160/196] lr: 1.76e-04 | MSE loss: 7.9172e-06 | time: 0.032
I 05.25/05:44:52 solver.py:141 ] Epoch: [134/400][180/196] lr: 1.76e-04 | MSE loss: 7.9035e-06 | time: 0.031
I 05.25/05:44:53 solver.py:151 ] => Train  Loss: 7.8922e-06

I 05.25/05:44:53 solver.py:206 ] 
=! Best NMSE: -1.7511e+01 (epoch=130)

I 05.25/05:44:54 solver.py:141 ] Epoch: [135/400][20/196] lr: 1.76e-04 | MSE loss: 7.6878e-06 | time: 0.046
I 05.25/05:44:55 solver.py:141 ] Epoch: [135/400][40/196] lr: 1.76e-04 | MSE loss: 7.9898e-06 | time: 0.037
I 05.25/05:44:55 solver.py:141 ] Epoch: [135/400][60/196] lr: 1.76e-04 | MSE loss: 7.9250e-06 | time: 0.034
I 05.25/05:44:56 solver.py:141 ] Epoch: [135/400][80/196] lr: 1.76e-04 | MSE loss: 7.9961e-06 | time: 0.033
I 05.25/05:44:57 solver.py:141 ] Epoch: [135/400][100/196] lr: 1.76e-04 | MSE loss: 7.9383e-06 | time: 0.033
I 05.25/05:44:57 solver.py:141 ] Epoch: [135/400][120/196] lr: 1.76e-04 | MSE loss: 7.8819e-06 | time: 0.032
I 05.25/05:44:58 solver.py:141 ] Epoch: [135/400][140/196] lr: 1.76e-04 | MSE loss: 7.8262e-06 | time: 0.032
I 05.25/05:44:58 solver.py:141 ] Epoch: [135/400][160/196] lr: 1.76e-04 | MSE loss: 7.8387e-06 | time: 0.032
I 05.25/05:44:59 solver.py:141 ] Epoch: [135/400][180/196] lr: 1.76e-04 | MSE loss: 7.8701e-06 | time: 0.033
I 05.25/05:45:00 solver.py:151 ] => Train  Loss: 7.8703e-06

I 05.25/05:45:00 solver.py:206 ] 
=! Best NMSE: -1.7511e+01 (epoch=130)

I 05.25/05:45:01 solver.py:141 ] Epoch: [136/400][20/196] lr: 1.76e-04 | MSE loss: 7.7647e-06 | time: 0.049
I 05.25/05:45:02 solver.py:141 ] Epoch: [136/400][40/196] lr: 1.76e-04 | MSE loss: 7.6467e-06 | time: 0.041
I 05.25/05:45:02 solver.py:141 ] Epoch: [136/400][60/196] lr: 1.76e-04 | MSE loss: 7.7369e-06 | time: 0.039
I 05.25/05:45:03 solver.py:141 ] Epoch: [136/400][80/196] lr: 1.75e-04 | MSE loss: 7.8169e-06 | time: 0.037
I 05.25/05:45:04 solver.py:141 ] Epoch: [136/400][100/196] lr: 1.75e-04 | MSE loss: 7.8538e-06 | time: 0.036
I 05.25/05:45:04 solver.py:141 ] Epoch: [136/400][120/196] lr: 1.75e-04 | MSE loss: 7.8284e-06 | time: 0.036
I 05.25/05:45:05 solver.py:141 ] Epoch: [136/400][140/196] lr: 1.75e-04 | MSE loss: 7.7856e-06 | time: 0.035
I 05.25/05:45:06 solver.py:141 ] Epoch: [136/400][160/196] lr: 1.75e-04 | MSE loss: 7.7651e-06 | time: 0.035
I 05.25/05:45:06 solver.py:141 ] Epoch: [136/400][180/196] lr: 1.75e-04 | MSE loss: 7.7643e-06 | time: 0.034
I 05.25/05:45:07 solver.py:151 ] => Train  Loss: 7.7600e-06

I 05.25/05:45:07 solver.py:206 ] 
=! Best NMSE: -1.7511e+01 (epoch=130)

I 05.25/05:45:08 solver.py:141 ] Epoch: [137/400][20/196] lr: 1.75e-04 | MSE loss: 7.7288e-06 | time: 0.059
I 05.25/05:45:09 solver.py:141 ] Epoch: [137/400][40/196] lr: 1.75e-04 | MSE loss: 7.7791e-06 | time: 0.045
I 05.25/05:45:09 solver.py:141 ] Epoch: [137/400][60/196] lr: 1.75e-04 | MSE loss: 7.7531e-06 | time: 0.040
I 05.25/05:45:10 solver.py:141 ] Epoch: [137/400][80/196] lr: 1.75e-04 | MSE loss: 7.6814e-06 | time: 0.037
I 05.25/05:45:11 solver.py:141 ] Epoch: [137/400][100/196] lr: 1.75e-04 | MSE loss: 7.6816e-06 | time: 0.036
I 05.25/05:45:11 solver.py:141 ] Epoch: [137/400][120/196] lr: 1.75e-04 | MSE loss: 7.6866e-06 | time: 0.035
I 05.25/05:45:12 solver.py:141 ] Epoch: [137/400][140/196] lr: 1.75e-04 | MSE loss: 7.6674e-06 | time: 0.034
I 05.25/05:45:12 solver.py:141 ] Epoch: [137/400][160/196] lr: 1.75e-04 | MSE loss: 7.6514e-06 | time: 0.034
I 05.25/05:45:13 solver.py:141 ] Epoch: [137/400][180/196] lr: 1.75e-04 | MSE loss: 7.6589e-06 | time: 0.033
I 05.25/05:45:13 solver.py:151 ] => Train  Loss: 7.6582e-06

I 05.25/05:45:14 solver.py:206 ] 
=! Best NMSE: -1.7511e+01 (epoch=130)

I 05.25/05:45:15 solver.py:141 ] Epoch: [138/400][20/196] lr: 1.75e-04 | MSE loss: 7.5803e-06 | time: 0.044
I 05.25/05:45:15 solver.py:141 ] Epoch: [138/400][40/196] lr: 1.75e-04 | MSE loss: 7.5662e-06 | time: 0.037
I 05.25/05:45:16 solver.py:141 ] Epoch: [138/400][60/196] lr: 1.75e-04 | MSE loss: 7.6234e-06 | time: 0.033
I 05.25/05:45:16 solver.py:141 ] Epoch: [138/400][80/196] lr: 1.74e-04 | MSE loss: 7.6388e-06 | time: 0.031
I 05.25/05:45:17 solver.py:141 ] Epoch: [138/400][100/196] lr: 1.74e-04 | MSE loss: 7.6235e-06 | time: 0.030
I 05.25/05:45:17 solver.py:141 ] Epoch: [138/400][120/196] lr: 1.74e-04 | MSE loss: 7.6742e-06 | time: 0.030
I 05.25/05:45:18 solver.py:141 ] Epoch: [138/400][140/196] lr: 1.74e-04 | MSE loss: 7.7544e-06 | time: 0.030
I 05.25/05:45:19 solver.py:141 ] Epoch: [138/400][160/196] lr: 1.74e-04 | MSE loss: 7.7550e-06 | time: 0.031
I 05.25/05:45:19 solver.py:141 ] Epoch: [138/400][180/196] lr: 1.74e-04 | MSE loss: 7.7126e-06 | time: 0.031
I 05.25/05:45:20 solver.py:151 ] => Train  Loss: 7.6659e-06

I 05.25/05:45:20 solver.py:206 ] 
=! Best NMSE: -1.7511e+01 (epoch=130)

I 05.25/05:45:21 solver.py:141 ] Epoch: [139/400][20/196] lr: 1.74e-04 | MSE loss: 7.6627e-06 | time: 0.044
I 05.25/05:45:22 solver.py:141 ] Epoch: [139/400][40/196] lr: 1.74e-04 | MSE loss: 7.5342e-06 | time: 0.038
I 05.25/05:45:22 solver.py:141 ] Epoch: [139/400][60/196] lr: 1.74e-04 | MSE loss: 7.4285e-06 | time: 0.036
I 05.25/05:45:23 solver.py:141 ] Epoch: [139/400][80/196] lr: 1.74e-04 | MSE loss: 7.5872e-06 | time: 0.036
I 05.25/05:45:24 solver.py:141 ] Epoch: [139/400][100/196] lr: 1.74e-04 | MSE loss: 7.6199e-06 | time: 0.035
I 05.25/05:45:24 solver.py:141 ] Epoch: [139/400][120/196] lr: 1.74e-04 | MSE loss: 7.6345e-06 | time: 0.034
I 05.25/05:45:25 solver.py:141 ] Epoch: [139/400][140/196] lr: 1.74e-04 | MSE loss: 7.6039e-06 | time: 0.032
I 05.25/05:45:25 solver.py:141 ] Epoch: [139/400][160/196] lr: 1.74e-04 | MSE loss: 7.5753e-06 | time: 0.030
I 05.25/05:45:26 solver.py:141 ] Epoch: [139/400][180/196] lr: 1.74e-04 | MSE loss: 7.5684e-06 | time: 0.030
I 05.25/05:45:26 solver.py:151 ] => Train  Loss: 7.5585e-06

I 05.25/05:45:26 solver.py:206 ] 
=! Best NMSE: -1.7511e+01 (epoch=130)

I 05.25/05:45:27 solver.py:141 ] Epoch: [140/400][20/196] lr: 1.74e-04 | MSE loss: 7.2409e-06 | time: 0.044
I 05.25/05:45:28 solver.py:141 ] Epoch: [140/400][40/196] lr: 1.74e-04 | MSE loss: 7.2252e-06 | time: 0.038
I 05.25/05:45:28 solver.py:141 ] Epoch: [140/400][60/196] lr: 1.74e-04 | MSE loss: 7.3656e-06 | time: 0.036
I 05.25/05:45:29 solver.py:141 ] Epoch: [140/400][80/196] lr: 1.74e-04 | MSE loss: 7.3832e-06 | time: 0.034
I 05.25/05:45:30 solver.py:141 ] Epoch: [140/400][100/196] lr: 1.73e-04 | MSE loss: 7.4394e-06 | time: 0.032
I 05.25/05:45:30 solver.py:141 ] Epoch: [140/400][120/196] lr: 1.73e-04 | MSE loss: 7.4722e-06 | time: 0.032
I 05.25/05:45:31 solver.py:141 ] Epoch: [140/400][140/196] lr: 1.73e-04 | MSE loss: 7.5350e-06 | time: 0.031
I 05.25/05:45:31 solver.py:141 ] Epoch: [140/400][160/196] lr: 1.73e-04 | MSE loss: 7.5279e-06 | time: 0.031
I 05.25/05:45:32 solver.py:141 ] Epoch: [140/400][180/196] lr: 1.73e-04 | MSE loss: 7.5070e-06 | time: 0.031
I 05.25/05:45:32 solver.py:151 ] => Train  Loss: 7.5010e-06

I 05.25/05:45:33 solver.py:141 ] Epoch: [140/400][20/59] lr: 1.73e-04 | MSE loss: 7.6852e-06 | time: 0.019
I 05.25/05:45:33 solver.py:141 ] Epoch: [140/400][40/59] lr: 1.73e-04 | MSE loss: 7.7373e-06 | time: 0.013
I 05.25/05:45:33 solver.py:151 ] => Val  Loss: 7.7343e-06

I 05.25/05:45:33 solver.py:281 ] [20/40] loss: 7.7491e-06 | NMSE: -1.7888e+01 | time: 0.015
I 05.25/05:45:34 solver.py:281 ] [40/40] loss: 7.7337e-06 | NMSE: -1.7881e+01 | time: 0.013
I 05.25/05:45:34 solver.py:285 ] => Test NMSE: -1.7881e+01

I 05.25/05:45:34 solver.py:206 ] 
=! Best NMSE: -1.7881e+01 (epoch=140)

I 05.25/05:45:35 solver.py:141 ] Epoch: [141/400][20/196] lr: 1.73e-04 | MSE loss: 7.1830e-06 | time: 0.050
I 05.25/05:45:36 solver.py:141 ] Epoch: [141/400][40/196] lr: 1.73e-04 | MSE loss: 7.2416e-06 | time: 0.041
I 05.25/05:45:36 solver.py:141 ] Epoch: [141/400][60/196] lr: 1.73e-04 | MSE loss: 7.3269e-06 | time: 0.040
I 05.25/05:45:37 solver.py:141 ] Epoch: [141/400][80/196] lr: 1.73e-04 | MSE loss: 7.3360e-06 | time: 0.038
I 05.25/05:45:38 solver.py:141 ] Epoch: [141/400][100/196] lr: 1.73e-04 | MSE loss: 7.3452e-06 | time: 0.037
I 05.25/05:45:38 solver.py:141 ] Epoch: [141/400][120/196] lr: 1.73e-04 | MSE loss: 7.3266e-06 | time: 0.036
I 05.25/05:45:39 solver.py:141 ] Epoch: [141/400][140/196] lr: 1.73e-04 | MSE loss: 7.3075e-06 | time: 0.035
I 05.25/05:45:39 solver.py:141 ] Epoch: [141/400][160/196] lr: 1.73e-04 | MSE loss: 7.3098e-06 | time: 0.034
I 05.25/05:45:40 solver.py:141 ] Epoch: [141/400][180/196] lr: 1.73e-04 | MSE loss: 7.3036e-06 | time: 0.033
I 05.25/05:45:40 solver.py:151 ] => Train  Loss: 7.3070e-06

I 05.25/05:45:40 solver.py:206 ] 
=! Best NMSE: -1.7881e+01 (epoch=140)

I 05.25/05:45:41 solver.py:141 ] Epoch: [142/400][20/196] lr: 1.73e-04 | MSE loss: 7.6938e-06 | time: 0.046
I 05.25/05:45:42 solver.py:141 ] Epoch: [142/400][40/196] lr: 1.73e-04 | MSE loss: 7.4145e-06 | time: 0.038
I 05.25/05:45:43 solver.py:141 ] Epoch: [142/400][60/196] lr: 1.73e-04 | MSE loss: 7.4158e-06 | time: 0.035
I 05.25/05:45:43 solver.py:141 ] Epoch: [142/400][80/196] lr: 1.72e-04 | MSE loss: 7.3768e-06 | time: 0.033
I 05.25/05:45:44 solver.py:141 ] Epoch: [142/400][100/196] lr: 1.72e-04 | MSE loss: 7.3457e-06 | time: 0.032
I 05.25/05:45:44 solver.py:141 ] Epoch: [142/400][120/196] lr: 1.72e-04 | MSE loss: 7.3322e-06 | time: 0.032
I 05.25/05:45:45 solver.py:141 ] Epoch: [142/400][140/196] lr: 1.72e-04 | MSE loss: 7.2959e-06 | time: 0.031
I 05.25/05:45:45 solver.py:141 ] Epoch: [142/400][160/196] lr: 1.72e-04 | MSE loss: 7.2626e-06 | time: 0.031
I 05.25/05:45:46 solver.py:141 ] Epoch: [142/400][180/196] lr: 1.72e-04 | MSE loss: 7.2594e-06 | time: 0.032
I 05.25/05:45:47 solver.py:151 ] => Train  Loss: 7.2572e-06

I 05.25/05:45:47 solver.py:206 ] 
=! Best NMSE: -1.7881e+01 (epoch=140)

I 05.25/05:45:48 solver.py:141 ] Epoch: [143/400][20/196] lr: 1.72e-04 | MSE loss: 7.1963e-06 | time: 0.050
I 05.25/05:45:49 solver.py:141 ] Epoch: [143/400][40/196] lr: 1.72e-04 | MSE loss: 7.3527e-06 | time: 0.041
I 05.25/05:45:49 solver.py:141 ] Epoch: [143/400][60/196] lr: 1.72e-04 | MSE loss: 7.3658e-06 | time: 0.037
I 05.25/05:45:50 solver.py:141 ] Epoch: [143/400][80/196] lr: 1.72e-04 | MSE loss: 7.2926e-06 | time: 0.035
I 05.25/05:45:50 solver.py:141 ] Epoch: [143/400][100/196] lr: 1.72e-04 | MSE loss: 7.2801e-06 | time: 0.034
I 05.25/05:45:51 solver.py:141 ] Epoch: [143/400][120/196] lr: 1.72e-04 | MSE loss: 7.2738e-06 | time: 0.034
I 05.25/05:45:52 solver.py:141 ] Epoch: [143/400][140/196] lr: 1.72e-04 | MSE loss: 7.2662e-06 | time: 0.033
I 05.25/05:45:52 solver.py:141 ] Epoch: [143/400][160/196] lr: 1.72e-04 | MSE loss: 7.2439e-06 | time: 0.032
I 05.25/05:45:53 solver.py:141 ] Epoch: [143/400][180/196] lr: 1.72e-04 | MSE loss: 7.2440e-06 | time: 0.032
I 05.25/05:45:53 solver.py:151 ] => Train  Loss: 7.2531e-06

I 05.25/05:45:53 solver.py:206 ] 
=! Best NMSE: -1.7881e+01 (epoch=140)

I 05.25/05:45:54 solver.py:141 ] Epoch: [144/400][20/196] lr: 1.72e-04 | MSE loss: 7.1057e-06 | time: 0.042
I 05.25/05:45:55 solver.py:141 ] Epoch: [144/400][40/196] lr: 1.72e-04 | MSE loss: 7.0512e-06 | time: 0.036
I 05.25/05:45:55 solver.py:141 ] Epoch: [144/400][60/196] lr: 1.72e-04 | MSE loss: 7.0253e-06 | time: 0.033
I 05.25/05:45:56 solver.py:141 ] Epoch: [144/400][80/196] lr: 1.71e-04 | MSE loss: 7.0399e-06 | time: 0.032
I 05.25/05:45:57 solver.py:141 ] Epoch: [144/400][100/196] lr: 1.71e-04 | MSE loss: 7.0652e-06 | time: 0.033
I 05.25/05:45:57 solver.py:141 ] Epoch: [144/400][120/196] lr: 1.71e-04 | MSE loss: 7.0605e-06 | time: 0.032
I 05.25/05:45:58 solver.py:141 ] Epoch: [144/400][140/196] lr: 1.71e-04 | MSE loss: 7.0642e-06 | time: 0.032
I 05.25/05:45:58 solver.py:141 ] Epoch: [144/400][160/196] lr: 1.71e-04 | MSE loss: 7.1389e-06 | time: 0.030
I 05.25/05:45:59 solver.py:141 ] Epoch: [144/400][180/196] lr: 1.71e-04 | MSE loss: 7.1358e-06 | time: 0.030
I 05.25/05:45:59 solver.py:151 ] => Train  Loss: 7.1336e-06

I 05.25/05:46:00 solver.py:206 ] 
=! Best NMSE: -1.7881e+01 (epoch=140)

I 05.25/05:46:01 solver.py:141 ] Epoch: [145/400][20/196] lr: 1.71e-04 | MSE loss: 6.9177e-06 | time: 0.049
I 05.25/05:46:01 solver.py:141 ] Epoch: [145/400][40/196] lr: 1.71e-04 | MSE loss: 6.9363e-06 | time: 0.041
I 05.25/05:46:02 solver.py:141 ] Epoch: [145/400][60/196] lr: 1.71e-04 | MSE loss: 7.0963e-06 | time: 0.038
I 05.25/05:46:03 solver.py:141 ] Epoch: [145/400][80/196] lr: 1.71e-04 | MSE loss: 7.1264e-06 | time: 0.037
I 05.25/05:46:03 solver.py:141 ] Epoch: [145/400][100/196] lr: 1.71e-04 | MSE loss: 7.1214e-06 | time: 0.037
I 05.25/05:46:04 solver.py:141 ] Epoch: [145/400][120/196] lr: 1.71e-04 | MSE loss: 7.1082e-06 | time: 0.036
I 05.25/05:46:05 solver.py:141 ] Epoch: [145/400][140/196] lr: 1.71e-04 | MSE loss: 7.0971e-06 | time: 0.035
I 05.25/05:46:05 solver.py:141 ] Epoch: [145/400][160/196] lr: 1.71e-04 | MSE loss: 7.0795e-06 | time: 0.035
I 05.25/05:46:06 solver.py:141 ] Epoch: [145/400][180/196] lr: 1.71e-04 | MSE loss: 7.0621e-06 | time: 0.035
I 05.25/05:46:06 solver.py:151 ] => Train  Loss: 7.0743e-06

I 05.25/05:46:07 solver.py:206 ] 
=! Best NMSE: -1.7881e+01 (epoch=140)

I 05.25/05:46:08 solver.py:141 ] Epoch: [146/400][20/196] lr: 1.71e-04 | MSE loss: 7.0241e-06 | time: 0.058
I 05.25/05:46:09 solver.py:141 ] Epoch: [146/400][40/196] lr: 1.71e-04 | MSE loss: 6.9819e-06 | time: 0.047
I 05.25/05:46:09 solver.py:141 ] Epoch: [146/400][60/196] lr: 1.70e-04 | MSE loss: 6.9520e-06 | time: 0.043
I 05.25/05:46:10 solver.py:141 ] Epoch: [146/400][80/196] lr: 1.70e-04 | MSE loss: 6.9567e-06 | time: 0.040
I 05.25/05:46:11 solver.py:141 ] Epoch: [146/400][100/196] lr: 1.70e-04 | MSE loss: 6.9983e-06 | time: 0.038
I 05.25/05:46:11 solver.py:141 ] Epoch: [146/400][120/196] lr: 1.70e-04 | MSE loss: 6.9731e-06 | time: 0.036
I 05.25/05:46:12 solver.py:141 ] Epoch: [146/400][140/196] lr: 1.70e-04 | MSE loss: 6.9626e-06 | time: 0.035
I 05.25/05:46:12 solver.py:141 ] Epoch: [146/400][160/196] lr: 1.70e-04 | MSE loss: 6.9655e-06 | time: 0.035
I 05.25/05:46:13 solver.py:141 ] Epoch: [146/400][180/196] lr: 1.70e-04 | MSE loss: 6.9463e-06 | time: 0.034
I 05.25/05:46:13 solver.py:151 ] => Train  Loss: 6.9398e-06

I 05.25/05:46:14 solver.py:206 ] 
=! Best NMSE: -1.7881e+01 (epoch=140)

I 05.25/05:46:14 solver.py:141 ] Epoch: [147/400][20/196] lr: 1.70e-04 | MSE loss: 7.1901e-06 | time: 0.042
I 05.25/05:46:15 solver.py:141 ] Epoch: [147/400][40/196] lr: 1.70e-04 | MSE loss: 7.1357e-06 | time: 0.036
I 05.25/05:46:16 solver.py:141 ] Epoch: [147/400][60/196] lr: 1.70e-04 | MSE loss: 7.1211e-06 | time: 0.035
I 05.25/05:46:16 solver.py:141 ] Epoch: [147/400][80/196] lr: 1.70e-04 | MSE loss: 7.0840e-06 | time: 0.035
I 05.25/05:46:17 solver.py:141 ] Epoch: [147/400][100/196] lr: 1.70e-04 | MSE loss: 7.0262e-06 | time: 0.035
I 05.25/05:46:18 solver.py:141 ] Epoch: [147/400][120/196] lr: 1.70e-04 | MSE loss: 7.0033e-06 | time: 0.034
I 05.25/05:46:18 solver.py:141 ] Epoch: [147/400][140/196] lr: 1.70e-04 | MSE loss: 7.0557e-06 | time: 0.034
I 05.25/05:46:19 solver.py:141 ] Epoch: [147/400][160/196] lr: 1.70e-04 | MSE loss: 7.0550e-06 | time: 0.034
I 05.25/05:46:20 solver.py:141 ] Epoch: [147/400][180/196] lr: 1.70e-04 | MSE loss: 7.0327e-06 | time: 0.034
I 05.25/05:46:20 solver.py:151 ] => Train  Loss: 7.0310e-06

I 05.25/05:46:21 solver.py:206 ] 
=! Best NMSE: -1.7881e+01 (epoch=140)

I 05.25/05:46:21 solver.py:141 ] Epoch: [148/400][20/196] lr: 1.70e-04 | MSE loss: 7.0783e-06 | time: 0.039
I 05.25/05:46:22 solver.py:141 ] Epoch: [148/400][40/196] lr: 1.70e-04 | MSE loss: 6.9170e-06 | time: 0.035
I 05.25/05:46:23 solver.py:141 ] Epoch: [148/400][60/196] lr: 1.69e-04 | MSE loss: 6.8914e-06 | time: 0.032
I 05.25/05:46:23 solver.py:141 ] Epoch: [148/400][80/196] lr: 1.69e-04 | MSE loss: 6.8356e-06 | time: 0.031
I 05.25/05:46:24 solver.py:141 ] Epoch: [148/400][100/196] lr: 1.69e-04 | MSE loss: 6.8614e-06 | time: 0.030
I 05.25/05:46:24 solver.py:141 ] Epoch: [148/400][120/196] lr: 1.69e-04 | MSE loss: 6.8902e-06 | time: 0.029
I 05.25/05:46:25 solver.py:141 ] Epoch: [148/400][140/196] lr: 1.69e-04 | MSE loss: 6.8686e-06 | time: 0.029
I 05.25/05:46:25 solver.py:141 ] Epoch: [148/400][160/196] lr: 1.69e-04 | MSE loss: 6.8576e-06 | time: 0.029
I 05.25/05:46:26 solver.py:141 ] Epoch: [148/400][180/196] lr: 1.69e-04 | MSE loss: 6.8667e-06 | time: 0.030
I 05.25/05:46:26 solver.py:151 ] => Train  Loss: 6.8555e-06

I 05.25/05:46:27 solver.py:206 ] 
=! Best NMSE: -1.7881e+01 (epoch=140)

I 05.25/05:46:28 solver.py:141 ] Epoch: [149/400][20/196] lr: 1.69e-04 | MSE loss: 6.9665e-06 | time: 0.048
I 05.25/05:46:28 solver.py:141 ] Epoch: [149/400][40/196] lr: 1.69e-04 | MSE loss: 6.9280e-06 | time: 0.040
I 05.25/05:46:29 solver.py:141 ] Epoch: [149/400][60/196] lr: 1.69e-04 | MSE loss: 6.8927e-06 | time: 0.037
I 05.25/05:46:30 solver.py:141 ] Epoch: [149/400][80/196] lr: 1.69e-04 | MSE loss: 6.8535e-06 | time: 0.037
I 05.25/05:46:30 solver.py:141 ] Epoch: [149/400][100/196] lr: 1.69e-04 | MSE loss: 6.7945e-06 | time: 0.036
I 05.25/05:46:31 solver.py:141 ] Epoch: [149/400][120/196] lr: 1.69e-04 | MSE loss: 6.7723e-06 | time: 0.035
I 05.25/05:46:31 solver.py:141 ] Epoch: [149/400][140/196] lr: 1.69e-04 | MSE loss: 6.7710e-06 | time: 0.033
I 05.25/05:46:32 solver.py:141 ] Epoch: [149/400][160/196] lr: 1.69e-04 | MSE loss: 6.7492e-06 | time: 0.032
I 05.25/05:46:32 solver.py:141 ] Epoch: [149/400][180/196] lr: 1.69e-04 | MSE loss: 6.7527e-06 | time: 0.032
I 05.25/05:46:33 solver.py:151 ] => Train  Loss: 6.7734e-06

I 05.25/05:46:33 solver.py:206 ] 
=! Best NMSE: -1.7881e+01 (epoch=140)

I 05.25/05:46:34 solver.py:141 ] Epoch: [150/400][20/196] lr: 1.68e-04 | MSE loss: 6.7598e-06 | time: 0.045
I 05.25/05:46:35 solver.py:141 ] Epoch: [150/400][40/196] lr: 1.68e-04 | MSE loss: 6.6783e-06 | time: 0.038
I 05.25/05:46:35 solver.py:141 ] Epoch: [150/400][60/196] lr: 1.68e-04 | MSE loss: 6.6505e-06 | time: 0.035
I 05.25/05:46:36 solver.py:141 ] Epoch: [150/400][80/196] lr: 1.68e-04 | MSE loss: 6.7149e-06 | time: 0.035
I 05.25/05:46:37 solver.py:141 ] Epoch: [150/400][100/196] lr: 1.68e-04 | MSE loss: 6.7436e-06 | time: 0.035
I 05.25/05:46:37 solver.py:141 ] Epoch: [150/400][120/196] lr: 1.68e-04 | MSE loss: 6.7453e-06 | time: 0.034
I 05.25/05:46:38 solver.py:141 ] Epoch: [150/400][140/196] lr: 1.68e-04 | MSE loss: 6.7690e-06 | time: 0.034
I 05.25/05:46:39 solver.py:141 ] Epoch: [150/400][160/196] lr: 1.68e-04 | MSE loss: 6.8060e-06 | time: 0.034
I 05.25/05:46:39 solver.py:141 ] Epoch: [150/400][180/196] lr: 1.68e-04 | MSE loss: 6.7885e-06 | time: 0.034
I 05.25/05:46:40 solver.py:151 ] => Train  Loss: 6.8688e-06

I 05.25/05:46:40 solver.py:141 ] Epoch: [150/400][20/59] lr: 1.68e-04 | MSE loss: 7.2891e-06 | time: 0.017
I 05.25/05:46:40 solver.py:141 ] Epoch: [150/400][40/59] lr: 1.68e-04 | MSE loss: 7.3374e-06 | time: 0.012
I 05.25/05:46:40 solver.py:151 ] => Val  Loss: 7.3336e-06

I 05.25/05:46:41 solver.py:281 ] [20/40] loss: 7.3316e-06 | NMSE: -1.8120e+01 | time: 0.013
I 05.25/05:46:41 solver.py:281 ] [40/40] loss: 7.3225e-06 | NMSE: -1.8110e+01 | time: 0.012
I 05.25/05:46:41 solver.py:285 ] => Test NMSE: -1.8110e+01

I 05.25/05:46:41 solver.py:206 ] 
=! Best NMSE: -1.8110e+01 (epoch=150)

I 05.25/05:46:42 solver.py:141 ] Epoch: [151/400][20/196] lr: 1.68e-04 | MSE loss: 6.7363e-06 | time: 0.044
I 05.25/05:46:43 solver.py:141 ] Epoch: [151/400][40/196] lr: 1.68e-04 | MSE loss: 6.7350e-06 | time: 0.036
I 05.25/05:46:43 solver.py:141 ] Epoch: [151/400][60/196] lr: 1.68e-04 | MSE loss: 6.6536e-06 | time: 0.034
I 05.25/05:46:44 solver.py:141 ] Epoch: [151/400][80/196] lr: 1.68e-04 | MSE loss: 6.6411e-06 | time: 0.034
I 05.25/05:46:45 solver.py:141 ] Epoch: [151/400][100/196] lr: 1.68e-04 | MSE loss: 6.6311e-06 | time: 0.033
I 05.25/05:46:45 solver.py:141 ] Epoch: [151/400][120/196] lr: 1.68e-04 | MSE loss: 6.6166e-06 | time: 0.033
I 05.25/05:46:46 solver.py:141 ] Epoch: [151/400][140/196] lr: 1.68e-04 | MSE loss: 6.6001e-06 | time: 0.033
I 05.25/05:46:46 solver.py:141 ] Epoch: [151/400][160/196] lr: 1.68e-04 | MSE loss: 6.6509e-06 | time: 0.033
I 05.25/05:46:47 solver.py:141 ] Epoch: [151/400][180/196] lr: 1.68e-04 | MSE loss: 6.6720e-06 | time: 0.032
I 05.25/05:46:47 solver.py:151 ] => Train  Loss: 6.6899e-06

I 05.25/05:46:48 solver.py:206 ] 
=! Best NMSE: -1.8110e+01 (epoch=150)

I 05.25/05:46:49 solver.py:141 ] Epoch: [152/400][20/196] lr: 1.67e-04 | MSE loss: 6.6086e-06 | time: 0.047
I 05.25/05:46:49 solver.py:141 ] Epoch: [152/400][40/196] lr: 1.67e-04 | MSE loss: 6.6612e-06 | time: 0.039
I 05.25/05:46:50 solver.py:141 ] Epoch: [152/400][60/196] lr: 1.67e-04 | MSE loss: 6.6128e-06 | time: 0.037
I 05.25/05:46:51 solver.py:141 ] Epoch: [152/400][80/196] lr: 1.67e-04 | MSE loss: 6.5739e-06 | time: 0.037
I 05.25/05:46:51 solver.py:141 ] Epoch: [152/400][100/196] lr: 1.67e-04 | MSE loss: 6.5807e-06 | time: 0.036
I 05.25/05:46:52 solver.py:141 ] Epoch: [152/400][120/196] lr: 1.67e-04 | MSE loss: 6.6099e-06 | time: 0.035
I 05.25/05:46:53 solver.py:141 ] Epoch: [152/400][140/196] lr: 1.67e-04 | MSE loss: 6.5970e-06 | time: 0.034
I 05.25/05:46:53 solver.py:141 ] Epoch: [152/400][160/196] lr: 1.67e-04 | MSE loss: 6.5606e-06 | time: 0.033
I 05.25/05:46:54 solver.py:141 ] Epoch: [152/400][180/196] lr: 1.67e-04 | MSE loss: 6.5565e-06 | time: 0.033
I 05.25/05:46:54 solver.py:151 ] => Train  Loss: 6.5477e-06

I 05.25/05:46:54 solver.py:206 ] 
=! Best NMSE: -1.8110e+01 (epoch=150)

I 05.25/05:46:55 solver.py:141 ] Epoch: [153/400][20/196] lr: 1.67e-04 | MSE loss: 6.6439e-06 | time: 0.044
I 05.25/05:46:56 solver.py:141 ] Epoch: [153/400][40/196] lr: 1.67e-04 | MSE loss: 6.6868e-06 | time: 0.038
I 05.25/05:46:56 solver.py:141 ] Epoch: [153/400][60/196] lr: 1.67e-04 | MSE loss: 6.6982e-06 | time: 0.035
I 05.25/05:46:57 solver.py:141 ] Epoch: [153/400][80/196] lr: 1.67e-04 | MSE loss: 6.6596e-06 | time: 0.034
I 05.25/05:46:58 solver.py:141 ] Epoch: [153/400][100/196] lr: 1.67e-04 | MSE loss: 6.6446e-06 | time: 0.033
I 05.25/05:46:58 solver.py:141 ] Epoch: [153/400][120/196] lr: 1.67e-04 | MSE loss: 6.6216e-06 | time: 0.033
I 05.25/05:46:59 solver.py:141 ] Epoch: [153/400][140/196] lr: 1.67e-04 | MSE loss: 6.6232e-06 | time: 0.033
I 05.25/05:47:00 solver.py:141 ] Epoch: [153/400][160/196] lr: 1.66e-04 | MSE loss: 6.6036e-06 | time: 0.032
I 05.25/05:47:00 solver.py:141 ] Epoch: [153/400][180/196] lr: 1.66e-04 | MSE loss: 6.5856e-06 | time: 0.032
I 05.25/05:47:01 solver.py:151 ] => Train  Loss: 6.5630e-06

I 05.25/05:47:01 solver.py:206 ] 
=! Best NMSE: -1.8110e+01 (epoch=150)

I 05.25/05:47:02 solver.py:141 ] Epoch: [154/400][20/196] lr: 1.66e-04 | MSE loss: 6.4523e-06 | time: 0.061
I 05.25/05:47:03 solver.py:141 ] Epoch: [154/400][40/196] lr: 1.66e-04 | MSE loss: 6.5838e-06 | time: 0.043
I 05.25/05:47:03 solver.py:141 ] Epoch: [154/400][60/196] lr: 1.66e-04 | MSE loss: 6.7069e-06 | time: 0.036
I 05.25/05:47:04 solver.py:141 ] Epoch: [154/400][80/196] lr: 1.66e-04 | MSE loss: 6.6408e-06 | time: 0.036
I 05.25/05:47:05 solver.py:141 ] Epoch: [154/400][100/196] lr: 1.66e-04 | MSE loss: 6.6082e-06 | time: 0.034
I 05.25/05:47:05 solver.py:141 ] Epoch: [154/400][120/196] lr: 1.66e-04 | MSE loss: 6.6032e-06 | time: 0.033
I 05.25/05:47:06 solver.py:141 ] Epoch: [154/400][140/196] lr: 1.66e-04 | MSE loss: 6.5922e-06 | time: 0.034
I 05.25/05:47:06 solver.py:141 ] Epoch: [154/400][160/196] lr: 1.66e-04 | MSE loss: 6.5745e-06 | time: 0.033
I 05.25/05:47:07 solver.py:141 ] Epoch: [154/400][180/196] lr: 1.66e-04 | MSE loss: 6.5792e-06 | time: 0.033
I 05.25/05:47:08 solver.py:151 ] => Train  Loss: 6.5693e-06

I 05.25/05:47:08 solver.py:206 ] 
=! Best NMSE: -1.8110e+01 (epoch=150)

I 05.25/05:47:09 solver.py:141 ] Epoch: [155/400][20/196] lr: 1.66e-04 | MSE loss: 6.5710e-06 | time: 0.052
I 05.25/05:47:10 solver.py:141 ] Epoch: [155/400][40/196] lr: 1.66e-04 | MSE loss: 6.5978e-06 | time: 0.041
I 05.25/05:47:10 solver.py:141 ] Epoch: [155/400][60/196] lr: 1.66e-04 | MSE loss: 6.5388e-06 | time: 0.039
I 05.25/05:47:11 solver.py:141 ] Epoch: [155/400][80/196] lr: 1.66e-04 | MSE loss: 6.5527e-06 | time: 0.038
I 05.25/05:47:12 solver.py:141 ] Epoch: [155/400][100/196] lr: 1.66e-04 | MSE loss: 6.5640e-06 | time: 0.036
I 05.25/05:47:12 solver.py:141 ] Epoch: [155/400][120/196] lr: 1.66e-04 | MSE loss: 6.6150e-06 | time: 0.036
I 05.25/05:47:13 solver.py:141 ] Epoch: [155/400][140/196] lr: 1.65e-04 | MSE loss: 6.5961e-06 | time: 0.035
I 05.25/05:47:13 solver.py:141 ] Epoch: [155/400][160/196] lr: 1.65e-04 | MSE loss: 6.5822e-06 | time: 0.035
I 05.25/05:47:14 solver.py:141 ] Epoch: [155/400][180/196] lr: 1.65e-04 | MSE loss: 6.5816e-06 | time: 0.034
I 05.25/05:47:15 solver.py:151 ] => Train  Loss: 6.5700e-06

I 05.25/05:47:15 solver.py:206 ] 
=! Best NMSE: -1.8110e+01 (epoch=150)

I 05.25/05:47:16 solver.py:141 ] Epoch: [156/400][20/196] lr: 1.65e-04 | MSE loss: 6.2675e-06 | time: 0.043
I 05.25/05:47:16 solver.py:141 ] Epoch: [156/400][40/196] lr: 1.65e-04 | MSE loss: 6.2478e-06 | time: 0.037
I 05.25/05:47:17 solver.py:141 ] Epoch: [156/400][60/196] lr: 1.65e-04 | MSE loss: 6.4091e-06 | time: 0.034
I 05.25/05:47:18 solver.py:141 ] Epoch: [156/400][80/196] lr: 1.65e-04 | MSE loss: 6.4616e-06 | time: 0.033
I 05.25/05:47:18 solver.py:141 ] Epoch: [156/400][100/196] lr: 1.65e-04 | MSE loss: 6.4581e-06 | time: 0.033
I 05.25/05:47:19 solver.py:141 ] Epoch: [156/400][120/196] lr: 1.65e-04 | MSE loss: 6.4093e-06 | time: 0.032
I 05.25/05:47:19 solver.py:141 ] Epoch: [156/400][140/196] lr: 1.65e-04 | MSE loss: 6.3945e-06 | time: 0.030
I 05.25/05:47:20 solver.py:141 ] Epoch: [156/400][160/196] lr: 1.65e-04 | MSE loss: 6.3803e-06 | time: 0.030
I 05.25/05:47:20 solver.py:141 ] Epoch: [156/400][180/196] lr: 1.65e-04 | MSE loss: 6.3732e-06 | time: 0.030
I 05.25/05:47:21 solver.py:151 ] => Train  Loss: 6.3692e-06

I 05.25/05:47:21 solver.py:206 ] 
=! Best NMSE: -1.8110e+01 (epoch=150)

I 05.25/05:47:22 solver.py:141 ] Epoch: [157/400][20/196] lr: 1.65e-04 | MSE loss: 6.3115e-06 | time: 0.046
I 05.25/05:47:22 solver.py:141 ] Epoch: [157/400][40/196] lr: 1.65e-04 | MSE loss: 6.3803e-06 | time: 0.038
I 05.25/05:47:23 solver.py:141 ] Epoch: [157/400][60/196] lr: 1.65e-04 | MSE loss: 6.3383e-06 | time: 0.035
I 05.25/05:47:24 solver.py:141 ] Epoch: [157/400][80/196] lr: 1.65e-04 | MSE loss: 6.3285e-06 | time: 0.033
I 05.25/05:47:24 solver.py:141 ] Epoch: [157/400][100/196] lr: 1.64e-04 | MSE loss: 6.3049e-06 | time: 0.033
I 05.25/05:47:25 solver.py:141 ] Epoch: [157/400][120/196] lr: 1.64e-04 | MSE loss: 6.3271e-06 | time: 0.032
I 05.25/05:47:25 solver.py:141 ] Epoch: [157/400][140/196] lr: 1.64e-04 | MSE loss: 6.3316e-06 | time: 0.033
I 05.25/05:47:26 solver.py:141 ] Epoch: [157/400][160/196] lr: 1.64e-04 | MSE loss: 6.3615e-06 | time: 0.032
I 05.25/05:47:27 solver.py:141 ] Epoch: [157/400][180/196] lr: 1.64e-04 | MSE loss: 6.3695e-06 | time: 0.032
I 05.25/05:47:27 solver.py:151 ] => Train  Loss: 6.3833e-06

I 05.25/05:47:27 solver.py:206 ] 
=! Best NMSE: -1.8110e+01 (epoch=150)

I 05.25/05:47:28 solver.py:141 ] Epoch: [158/400][20/196] lr: 1.64e-04 | MSE loss: 6.9530e-06 | time: 0.048
I 05.25/05:47:29 solver.py:141 ] Epoch: [158/400][40/196] lr: 1.64e-04 | MSE loss: 6.6600e-06 | time: 0.040
I 05.25/05:47:30 solver.py:141 ] Epoch: [158/400][60/196] lr: 1.64e-04 | MSE loss: 6.5025e-06 | time: 0.037
I 05.25/05:47:30 solver.py:141 ] Epoch: [158/400][80/196] lr: 1.64e-04 | MSE loss: 6.5137e-06 | time: 0.035
I 05.25/05:47:31 solver.py:141 ] Epoch: [158/400][100/196] lr: 1.64e-04 | MSE loss: 6.4531e-06 | time: 0.034
I 05.25/05:47:32 solver.py:141 ] Epoch: [158/400][120/196] lr: 1.64e-04 | MSE loss: 6.4204e-06 | time: 0.034
I 05.25/05:47:32 solver.py:141 ] Epoch: [158/400][140/196] lr: 1.64e-04 | MSE loss: 6.4039e-06 | time: 0.034
I 05.25/05:47:33 solver.py:141 ] Epoch: [158/400][160/196] lr: 1.64e-04 | MSE loss: 6.4032e-06 | time: 0.034
I 05.25/05:47:33 solver.py:141 ] Epoch: [158/400][180/196] lr: 1.64e-04 | MSE loss: 6.4659e-06 | time: 0.033
I 05.25/05:47:34 solver.py:151 ] => Train  Loss: 6.4658e-06

I 05.25/05:47:34 solver.py:206 ] 
=! Best NMSE: -1.8110e+01 (epoch=150)

I 05.25/05:47:35 solver.py:141 ] Epoch: [159/400][20/196] lr: 1.64e-04 | MSE loss: 6.4052e-06 | time: 0.040
I 05.25/05:47:36 solver.py:141 ] Epoch: [159/400][40/196] lr: 1.64e-04 | MSE loss: 6.3969e-06 | time: 0.035
I 05.25/05:47:36 solver.py:141 ] Epoch: [159/400][60/196] lr: 1.63e-04 | MSE loss: 6.3521e-06 | time: 0.034
I 05.25/05:47:37 solver.py:141 ] Epoch: [159/400][80/196] lr: 1.63e-04 | MSE loss: 6.3194e-06 | time: 0.033
I 05.25/05:47:38 solver.py:141 ] Epoch: [159/400][100/196] lr: 1.63e-04 | MSE loss: 6.3602e-06 | time: 0.033
I 05.25/05:47:38 solver.py:141 ] Epoch: [159/400][120/196] lr: 1.63e-04 | MSE loss: 6.3554e-06 | time: 0.033
I 05.25/05:47:39 solver.py:141 ] Epoch: [159/400][140/196] lr: 1.63e-04 | MSE loss: 6.3768e-06 | time: 0.033
I 05.25/05:47:39 solver.py:141 ] Epoch: [159/400][160/196] lr: 1.63e-04 | MSE loss: 6.3476e-06 | time: 0.032
I 05.25/05:47:40 solver.py:141 ] Epoch: [159/400][180/196] lr: 1.63e-04 | MSE loss: 6.3276e-06 | time: 0.032
I 05.25/05:47:40 solver.py:151 ] => Train  Loss: 6.3336e-06

I 05.25/05:47:41 solver.py:206 ] 
=! Best NMSE: -1.8110e+01 (epoch=150)

I 05.25/05:47:42 solver.py:141 ] Epoch: [160/400][20/196] lr: 1.63e-04 | MSE loss: 6.4292e-06 | time: 0.048
I 05.25/05:47:42 solver.py:141 ] Epoch: [160/400][40/196] lr: 1.63e-04 | MSE loss: 6.4132e-06 | time: 0.038
I 05.25/05:47:43 solver.py:141 ] Epoch: [160/400][60/196] lr: 1.63e-04 | MSE loss: 6.3815e-06 | time: 0.034
I 05.25/05:47:43 solver.py:141 ] Epoch: [160/400][80/196] lr: 1.63e-04 | MSE loss: 6.3729e-06 | time: 0.033
I 05.25/05:47:44 solver.py:141 ] Epoch: [160/400][100/196] lr: 1.63e-04 | MSE loss: 6.3677e-06 | time: 0.032
I 05.25/05:47:45 solver.py:141 ] Epoch: [160/400][120/196] lr: 1.63e-04 | MSE loss: 6.3453e-06 | time: 0.032
I 05.25/05:47:45 solver.py:141 ] Epoch: [160/400][140/196] lr: 1.63e-04 | MSE loss: 6.3254e-06 | time: 0.032
I 05.25/05:47:46 solver.py:141 ] Epoch: [160/400][160/196] lr: 1.63e-04 | MSE loss: 6.3227e-06 | time: 0.032
I 05.25/05:47:46 solver.py:141 ] Epoch: [160/400][180/196] lr: 1.63e-04 | MSE loss: 6.3141e-06 | time: 0.032
I 05.25/05:47:47 solver.py:151 ] => Train  Loss: 6.3284e-06

I 05.25/05:47:47 solver.py:141 ] Epoch: [160/400][20/59] lr: 1.63e-04 | MSE loss: 6.6783e-06 | time: 0.017
I 05.25/05:47:48 solver.py:141 ] Epoch: [160/400][40/59] lr: 1.63e-04 | MSE loss: 6.7126e-06 | time: 0.012
I 05.25/05:47:48 solver.py:151 ] => Val  Loss: 6.7037e-06

I 05.25/05:47:48 solver.py:281 ] [20/40] loss: 6.7202e-06 | NMSE: -1.8462e+01 | time: 0.015
I 05.25/05:47:48 solver.py:281 ] [40/40] loss: 6.7106e-06 | NMSE: -1.8452e+01 | time: 0.013
I 05.25/05:47:48 solver.py:285 ] => Test NMSE: -1.8452e+01

I 05.25/05:47:48 solver.py:206 ] 
=! Best NMSE: -1.8452e+01 (epoch=160)

I 05.25/05:47:49 solver.py:141 ] Epoch: [161/400][20/196] lr: 1.62e-04 | MSE loss: 6.2352e-06 | time: 0.044
I 05.25/05:47:50 solver.py:141 ] Epoch: [161/400][40/196] lr: 1.62e-04 | MSE loss: 6.1531e-06 | time: 0.035
I 05.25/05:47:50 solver.py:141 ] Epoch: [161/400][60/196] lr: 1.62e-04 | MSE loss: 6.1276e-06 | time: 0.031
I 05.25/05:47:51 solver.py:141 ] Epoch: [161/400][80/196] lr: 1.62e-04 | MSE loss: 6.1573e-06 | time: 0.030
I 05.25/05:47:52 solver.py:141 ] Epoch: [161/400][100/196] lr: 1.62e-04 | MSE loss: 6.1193e-06 | time: 0.030
I 05.25/05:47:52 solver.py:141 ] Epoch: [161/400][120/196] lr: 1.62e-04 | MSE loss: 6.0898e-06 | time: 0.030
I 05.25/05:47:53 solver.py:141 ] Epoch: [161/400][140/196] lr: 1.62e-04 | MSE loss: 6.1035e-06 | time: 0.031
I 05.25/05:47:53 solver.py:141 ] Epoch: [161/400][160/196] lr: 1.62e-04 | MSE loss: 6.1129e-06 | time: 0.030
I 05.25/05:47:54 solver.py:141 ] Epoch: [161/400][180/196] lr: 1.62e-04 | MSE loss: 6.1070e-06 | time: 0.030
I 05.25/05:47:54 solver.py:151 ] => Train  Loss: 6.1222e-06

I 05.25/05:47:55 solver.py:206 ] 
=! Best NMSE: -1.8452e+01 (epoch=160)

I 05.25/05:47:56 solver.py:141 ] Epoch: [162/400][20/196] lr: 1.62e-04 | MSE loss: 6.1877e-06 | time: 0.048
I 05.25/05:47:56 solver.py:141 ] Epoch: [162/400][40/196] lr: 1.62e-04 | MSE loss: 6.2873e-06 | time: 0.039
I 05.25/05:47:57 solver.py:141 ] Epoch: [162/400][60/196] lr: 1.62e-04 | MSE loss: 6.3718e-06 | time: 0.036
I 05.25/05:47:58 solver.py:141 ] Epoch: [162/400][80/196] lr: 1.62e-04 | MSE loss: 6.5039e-06 | time: 0.035
I 05.25/05:47:58 solver.py:141 ] Epoch: [162/400][100/196] lr: 1.62e-04 | MSE loss: 6.4551e-06 | time: 0.034
I 05.25/05:47:59 solver.py:141 ] Epoch: [162/400][120/196] lr: 1.62e-04 | MSE loss: 6.4114e-06 | time: 0.033
I 05.25/05:47:59 solver.py:141 ] Epoch: [162/400][140/196] lr: 1.62e-04 | MSE loss: 6.3755e-06 | time: 0.033
I 05.25/05:48:00 solver.py:141 ] Epoch: [162/400][160/196] lr: 1.61e-04 | MSE loss: 6.3331e-06 | time: 0.033
I 05.25/05:48:01 solver.py:141 ] Epoch: [162/400][180/196] lr: 1.61e-04 | MSE loss: 6.2985e-06 | time: 0.033
I 05.25/05:48:01 solver.py:151 ] => Train  Loss: 6.2676e-06

I 05.25/05:48:02 solver.py:206 ] 
=! Best NMSE: -1.8452e+01 (epoch=160)

I 05.25/05:48:03 solver.py:141 ] Epoch: [163/400][20/196] lr: 1.61e-04 | MSE loss: 5.9415e-06 | time: 0.056
I 05.25/05:48:03 solver.py:141 ] Epoch: [163/400][40/196] lr: 1.61e-04 | MSE loss: 6.0138e-06 | time: 0.045
I 05.25/05:48:04 solver.py:141 ] Epoch: [163/400][60/196] lr: 1.61e-04 | MSE loss: 6.0087e-06 | time: 0.040
I 05.25/05:48:05 solver.py:141 ] Epoch: [163/400][80/196] lr: 1.61e-04 | MSE loss: 6.2276e-06 | time: 0.038
I 05.25/05:48:05 solver.py:141 ] Epoch: [163/400][100/196] lr: 1.61e-04 | MSE loss: 6.2387e-06 | time: 0.037
I 05.25/05:48:06 solver.py:141 ] Epoch: [163/400][120/196] lr: 1.61e-04 | MSE loss: 6.2263e-06 | time: 0.038
I 05.25/05:48:07 solver.py:141 ] Epoch: [163/400][140/196] lr: 1.61e-04 | MSE loss: 6.1996e-06 | time: 0.035
I 05.25/05:48:07 solver.py:141 ] Epoch: [163/400][160/196] lr: 1.61e-04 | MSE loss: 6.2184e-06 | time: 0.034
I 05.25/05:48:08 solver.py:141 ] Epoch: [163/400][180/196] lr: 1.61e-04 | MSE loss: 6.1951e-06 | time: 0.034
I 05.25/05:48:08 solver.py:151 ] => Train  Loss: 6.1991e-06

I 05.25/05:48:08 solver.py:206 ] 
=! Best NMSE: -1.8452e+01 (epoch=160)

I 05.25/05:48:10 solver.py:141 ] Epoch: [164/400][20/196] lr: 1.61e-04 | MSE loss: 6.1988e-06 | time: 0.049
I 05.25/05:48:10 solver.py:141 ] Epoch: [164/400][40/196] lr: 1.61e-04 | MSE loss: 6.0184e-06 | time: 0.041
I 05.25/05:48:11 solver.py:141 ] Epoch: [164/400][60/196] lr: 1.61e-04 | MSE loss: 6.0365e-06 | time: 0.039
I 05.25/05:48:12 solver.py:141 ] Epoch: [164/400][80/196] lr: 1.61e-04 | MSE loss: 6.0275e-06 | time: 0.037
I 05.25/05:48:12 solver.py:141 ] Epoch: [164/400][100/196] lr: 1.60e-04 | MSE loss: 6.0477e-06 | time: 0.036
I 05.25/05:48:13 solver.py:141 ] Epoch: [164/400][120/196] lr: 1.60e-04 | MSE loss: 6.1102e-06 | time: 0.035
I 05.25/05:48:13 solver.py:141 ] Epoch: [164/400][140/196] lr: 1.60e-04 | MSE loss: 6.1098e-06 | time: 0.035
I 05.25/05:48:14 solver.py:141 ] Epoch: [164/400][160/196] lr: 1.60e-04 | MSE loss: 6.0892e-06 | time: 0.035
I 05.25/05:48:15 solver.py:141 ] Epoch: [164/400][180/196] lr: 1.60e-04 | MSE loss: 6.0785e-06 | time: 0.034
I 05.25/05:48:15 solver.py:151 ] => Train  Loss: 6.0781e-06

I 05.25/05:48:15 solver.py:206 ] 
=! Best NMSE: -1.8452e+01 (epoch=160)

I 05.25/05:48:16 solver.py:141 ] Epoch: [165/400][20/196] lr: 1.60e-04 | MSE loss: 6.3839e-06 | time: 0.044
I 05.25/05:48:17 solver.py:141 ] Epoch: [165/400][40/196] lr: 1.60e-04 | MSE loss: 6.2120e-06 | time: 0.035
I 05.25/05:48:17 solver.py:141 ] Epoch: [165/400][60/196] lr: 1.60e-04 | MSE loss: 6.1609e-06 | time: 0.032
I 05.25/05:48:18 solver.py:141 ] Epoch: [165/400][80/196] lr: 1.60e-04 | MSE loss: 6.1181e-06 | time: 0.031
I 05.25/05:48:18 solver.py:141 ] Epoch: [165/400][100/196] lr: 1.60e-04 | MSE loss: 6.1113e-06 | time: 0.030
I 05.25/05:48:19 solver.py:141 ] Epoch: [165/400][120/196] lr: 1.60e-04 | MSE loss: 6.0700e-06 | time: 0.031
I 05.25/05:48:20 solver.py:141 ] Epoch: [165/400][140/196] lr: 1.60e-04 | MSE loss: 6.0726e-06 | time: 0.031
I 05.25/05:48:20 solver.py:141 ] Epoch: [165/400][160/196] lr: 1.60e-04 | MSE loss: 6.0782e-06 | time: 0.031
I 05.25/05:48:21 solver.py:141 ] Epoch: [165/400][180/196] lr: 1.60e-04 | MSE loss: 6.1087e-06 | time: 0.031
I 05.25/05:48:22 solver.py:151 ] => Train  Loss: 6.1166e-06

I 05.25/05:48:22 solver.py:206 ] 
=! Best NMSE: -1.8452e+01 (epoch=160)

I 05.25/05:48:23 solver.py:141 ] Epoch: [166/400][20/196] lr: 1.60e-04 | MSE loss: 5.8692e-06 | time: 0.043
I 05.25/05:48:23 solver.py:141 ] Epoch: [166/400][40/196] lr: 1.60e-04 | MSE loss: 5.9386e-06 | time: 0.031
I 05.25/05:48:24 solver.py:141 ] Epoch: [166/400][60/196] lr: 1.59e-04 | MSE loss: 5.9125e-06 | time: 0.031
I 05.25/05:48:24 solver.py:141 ] Epoch: [166/400][80/196] lr: 1.59e-04 | MSE loss: 5.9345e-06 | time: 0.030
I 05.25/05:48:25 solver.py:141 ] Epoch: [166/400][100/196] lr: 1.59e-04 | MSE loss: 5.9368e-06 | time: 0.030
I 05.25/05:48:25 solver.py:141 ] Epoch: [166/400][120/196] lr: 1.59e-04 | MSE loss: 5.9623e-06 | time: 0.030
I 05.25/05:48:26 solver.py:141 ] Epoch: [166/400][140/196] lr: 1.59e-04 | MSE loss: 6.0014e-06 | time: 0.030
I 05.25/05:48:27 solver.py:141 ] Epoch: [166/400][160/196] lr: 1.59e-04 | MSE loss: 6.0498e-06 | time: 0.030
I 05.25/05:48:27 solver.py:141 ] Epoch: [166/400][180/196] lr: 1.59e-04 | MSE loss: 6.0949e-06 | time: 0.030
I 05.25/05:48:28 solver.py:151 ] => Train  Loss: 6.0861e-06

I 05.25/05:48:28 solver.py:206 ] 
=! Best NMSE: -1.8452e+01 (epoch=160)

I 05.25/05:48:29 solver.py:141 ] Epoch: [167/400][20/196] lr: 1.59e-04 | MSE loss: 6.0109e-06 | time: 0.045
I 05.25/05:48:30 solver.py:141 ] Epoch: [167/400][40/196] lr: 1.59e-04 | MSE loss: 5.9847e-06 | time: 0.039
I 05.25/05:48:30 solver.py:141 ] Epoch: [167/400][60/196] lr: 1.59e-04 | MSE loss: 5.9613e-06 | time: 0.036
I 05.25/05:48:31 solver.py:141 ] Epoch: [167/400][80/196] lr: 1.59e-04 | MSE loss: 5.9066e-06 | time: 0.035
I 05.25/05:48:31 solver.py:141 ] Epoch: [167/400][100/196] lr: 1.59e-04 | MSE loss: 5.9236e-06 | time: 0.034
I 05.25/05:48:32 solver.py:141 ] Epoch: [167/400][120/196] lr: 1.59e-04 | MSE loss: 5.9396e-06 | time: 0.034
I 05.25/05:48:32 solver.py:141 ] Epoch: [167/400][140/196] lr: 1.59e-04 | MSE loss: 5.9202e-06 | time: 0.032
I 05.25/05:48:33 solver.py:141 ] Epoch: [167/400][160/196] lr: 1.59e-04 | MSE loss: 5.8939e-06 | time: 0.032
I 05.25/05:48:34 solver.py:141 ] Epoch: [167/400][180/196] lr: 1.59e-04 | MSE loss: 5.8874e-06 | time: 0.032
I 05.25/05:48:34 solver.py:151 ] => Train  Loss: 5.8927e-06

I 05.25/05:48:34 solver.py:206 ] 
=! Best NMSE: -1.8452e+01 (epoch=160)

I 05.25/05:48:36 solver.py:141 ] Epoch: [168/400][20/196] lr: 1.58e-04 | MSE loss: 6.0277e-06 | time: 0.049
I 05.25/05:48:36 solver.py:141 ] Epoch: [168/400][40/196] lr: 1.58e-04 | MSE loss: 5.9819e-06 | time: 0.038
I 05.25/05:48:37 solver.py:141 ] Epoch: [168/400][60/196] lr: 1.58e-04 | MSE loss: 5.9217e-06 | time: 0.035
I 05.25/05:48:37 solver.py:141 ] Epoch: [168/400][80/196] lr: 1.58e-04 | MSE loss: 5.8960e-06 | time: 0.033
I 05.25/05:48:38 solver.py:141 ] Epoch: [168/400][100/196] lr: 1.58e-04 | MSE loss: 5.8916e-06 | time: 0.033
I 05.25/05:48:38 solver.py:141 ] Epoch: [168/400][120/196] lr: 1.58e-04 | MSE loss: 5.8637e-06 | time: 0.033
I 05.25/05:48:39 solver.py:141 ] Epoch: [168/400][140/196] lr: 1.58e-04 | MSE loss: 5.8662e-06 | time: 0.031
I 05.25/05:48:39 solver.py:141 ] Epoch: [168/400][160/196] lr: 1.58e-04 | MSE loss: 5.8603e-06 | time: 0.031
I 05.25/05:48:40 solver.py:141 ] Epoch: [168/400][180/196] lr: 1.58e-04 | MSE loss: 5.8856e-06 | time: 0.030
I 05.25/05:48:41 solver.py:151 ] => Train  Loss: 5.8850e-06

I 05.25/05:48:41 solver.py:206 ] 
=! Best NMSE: -1.8452e+01 (epoch=160)

I 05.25/05:48:42 solver.py:141 ] Epoch: [169/400][20/196] lr: 1.58e-04 | MSE loss: 5.8290e-06 | time: 0.050
I 05.25/05:48:42 solver.py:141 ] Epoch: [169/400][40/196] lr: 1.58e-04 | MSE loss: 5.9252e-06 | time: 0.040
I 05.25/05:48:43 solver.py:141 ] Epoch: [169/400][60/196] lr: 1.58e-04 | MSE loss: 5.8657e-06 | time: 0.038
I 05.25/05:48:44 solver.py:141 ] Epoch: [169/400][80/196] lr: 1.58e-04 | MSE loss: 5.8604e-06 | time: 0.037
I 05.25/05:48:45 solver.py:141 ] Epoch: [169/400][100/196] lr: 1.58e-04 | MSE loss: 5.8241e-06 | time: 0.037
I 05.25/05:48:45 solver.py:141 ] Epoch: [169/400][120/196] lr: 1.58e-04 | MSE loss: 5.8312e-06 | time: 0.036
I 05.25/05:48:46 solver.py:141 ] Epoch: [169/400][140/196] lr: 1.57e-04 | MSE loss: 5.8435e-06 | time: 0.035
I 05.25/05:48:46 solver.py:141 ] Epoch: [169/400][160/196] lr: 1.57e-04 | MSE loss: 5.8360e-06 | time: 0.034
I 05.25/05:48:47 solver.py:141 ] Epoch: [169/400][180/196] lr: 1.57e-04 | MSE loss: 5.8374e-06 | time: 0.034
I 05.25/05:48:47 solver.py:151 ] => Train  Loss: 5.8362e-06

I 05.25/05:48:48 solver.py:206 ] 
=! Best NMSE: -1.8452e+01 (epoch=160)

I 05.25/05:48:49 solver.py:141 ] Epoch: [170/400][20/196] lr: 1.57e-04 | MSE loss: 5.7214e-06 | time: 0.046
I 05.25/05:48:49 solver.py:141 ] Epoch: [170/400][40/196] lr: 1.57e-04 | MSE loss: 5.8014e-06 | time: 0.038
I 05.25/05:48:50 solver.py:141 ] Epoch: [170/400][60/196] lr: 1.57e-04 | MSE loss: 5.7679e-06 | time: 0.035
I 05.25/05:48:50 solver.py:141 ] Epoch: [170/400][80/196] lr: 1.57e-04 | MSE loss: 5.8497e-06 | time: 0.033
I 05.25/05:48:51 solver.py:141 ] Epoch: [170/400][100/196] lr: 1.57e-04 | MSE loss: 5.8972e-06 | time: 0.032
I 05.25/05:48:51 solver.py:141 ] Epoch: [170/400][120/196] lr: 1.57e-04 | MSE loss: 5.9110e-06 | time: 0.032
I 05.25/05:48:52 solver.py:141 ] Epoch: [170/400][140/196] lr: 1.57e-04 | MSE loss: 5.9347e-06 | time: 0.032
I 05.25/05:48:53 solver.py:141 ] Epoch: [170/400][160/196] lr: 1.57e-04 | MSE loss: 5.9600e-06 | time: 0.031
I 05.25/05:48:53 solver.py:141 ] Epoch: [170/400][180/196] lr: 1.57e-04 | MSE loss: 5.9503e-06 | time: 0.032
I 05.25/05:48:54 solver.py:151 ] => Train  Loss: 5.9301e-06

I 05.25/05:48:54 solver.py:141 ] Epoch: [170/400][20/59] lr: 1.57e-04 | MSE loss: 6.3192e-06 | time: 0.017
I 05.25/05:48:55 solver.py:141 ] Epoch: [170/400][40/59] lr: 1.57e-04 | MSE loss: 6.3507e-06 | time: 0.013
I 05.25/05:48:55 solver.py:151 ] => Val  Loss: 6.3403e-06

I 05.25/05:48:55 solver.py:281 ] [20/40] loss: 6.3447e-06 | NMSE: -1.8737e+01 | time: 0.014
I 05.25/05:48:55 solver.py:281 ] [40/40] loss: 6.3404e-06 | NMSE: -1.8723e+01 | time: 0.013
I 05.25/05:48:55 solver.py:285 ] => Test NMSE: -1.8723e+01

I 05.25/05:48:55 solver.py:206 ] 
=! Best NMSE: -1.8723e+01 (epoch=170)

I 05.25/05:48:56 solver.py:141 ] Epoch: [171/400][20/196] lr: 1.57e-04 | MSE loss: 6.0817e-06 | time: 0.045
I 05.25/05:48:57 solver.py:141 ] Epoch: [171/400][40/196] lr: 1.57e-04 | MSE loss: 5.8642e-06 | time: 0.033
I 05.25/05:48:57 solver.py:141 ] Epoch: [171/400][60/196] lr: 1.57e-04 | MSE loss: 5.8564e-06 | time: 0.032
I 05.25/05:48:58 solver.py:141 ] Epoch: [171/400][80/196] lr: 1.56e-04 | MSE loss: 5.8407e-06 | time: 0.031
I 05.25/05:48:59 solver.py:141 ] Epoch: [171/400][100/196] lr: 1.56e-04 | MSE loss: 5.8561e-06 | time: 0.031
I 05.25/05:48:59 solver.py:141 ] Epoch: [171/400][120/196] lr: 1.56e-04 | MSE loss: 5.8470e-06 | time: 0.031
I 05.25/05:49:00 solver.py:141 ] Epoch: [171/400][140/196] lr: 1.56e-04 | MSE loss: 5.8561e-06 | time: 0.030
I 05.25/05:49:00 solver.py:141 ] Epoch: [171/400][160/196] lr: 1.56e-04 | MSE loss: 5.8465e-06 | time: 0.029
I 05.25/05:49:01 solver.py:141 ] Epoch: [171/400][180/196] lr: 1.56e-04 | MSE loss: 5.8301e-06 | time: 0.030
I 05.25/05:49:01 solver.py:151 ] => Train  Loss: 5.8249e-06

I 05.25/05:49:02 solver.py:206 ] 
=! Best NMSE: -1.8723e+01 (epoch=170)

I 05.25/05:49:03 solver.py:141 ] Epoch: [172/400][20/196] lr: 1.56e-04 | MSE loss: 5.7263e-06 | time: 0.059
I 05.25/05:49:04 solver.py:141 ] Epoch: [172/400][40/196] lr: 1.56e-04 | MSE loss: 5.8206e-06 | time: 0.046
I 05.25/05:49:04 solver.py:141 ] Epoch: [172/400][60/196] lr: 1.56e-04 | MSE loss: 5.7669e-06 | time: 0.041
I 05.25/05:49:05 solver.py:141 ] Epoch: [172/400][80/196] lr: 1.56e-04 | MSE loss: 5.7322e-06 | time: 0.039
I 05.25/05:49:05 solver.py:141 ] Epoch: [172/400][100/196] lr: 1.56e-04 | MSE loss: 5.6769e-06 | time: 0.037
I 05.25/05:49:06 solver.py:141 ] Epoch: [172/400][120/196] lr: 1.56e-04 | MSE loss: 5.6785e-06 | time: 0.036
I 05.25/05:49:07 solver.py:141 ] Epoch: [172/400][140/196] lr: 1.56e-04 | MSE loss: 5.6614e-06 | time: 0.035
I 05.25/05:49:07 solver.py:141 ] Epoch: [172/400][160/196] lr: 1.56e-04 | MSE loss: 5.6370e-06 | time: 0.035
I 05.25/05:49:08 solver.py:141 ] Epoch: [172/400][180/196] lr: 1.56e-04 | MSE loss: 5.6466e-06 | time: 0.035
I 05.25/05:49:09 solver.py:151 ] => Train  Loss: 5.6458e-06

I 05.25/05:49:09 solver.py:206 ] 
=! Best NMSE: -1.8723e+01 (epoch=170)

I 05.25/05:49:10 solver.py:141 ] Epoch: [173/400][20/196] lr: 1.55e-04 | MSE loss: 5.8921e-06 | time: 0.051
I 05.25/05:49:11 solver.py:141 ] Epoch: [173/400][40/196] lr: 1.55e-04 | MSE loss: 5.7742e-06 | time: 0.041
I 05.25/05:49:11 solver.py:141 ] Epoch: [173/400][60/196] lr: 1.55e-04 | MSE loss: 5.7830e-06 | time: 0.037
I 05.25/05:49:12 solver.py:141 ] Epoch: [173/400][80/196] lr: 1.55e-04 | MSE loss: 5.8078e-06 | time: 0.035
I 05.25/05:49:12 solver.py:141 ] Epoch: [173/400][100/196] lr: 1.55e-04 | MSE loss: 5.8383e-06 | time: 0.034
I 05.25/05:49:13 solver.py:141 ] Epoch: [173/400][120/196] lr: 1.55e-04 | MSE loss: 5.8277e-06 | time: 0.032
I 05.25/05:49:13 solver.py:141 ] Epoch: [173/400][140/196] lr: 1.55e-04 | MSE loss: 5.8683e-06 | time: 0.030
I 05.25/05:49:14 solver.py:141 ] Epoch: [173/400][160/196] lr: 1.55e-04 | MSE loss: 5.8716e-06 | time: 0.029
I 05.25/05:49:14 solver.py:141 ] Epoch: [173/400][180/196] lr: 1.55e-04 | MSE loss: 5.8447e-06 | time: 0.029
I 05.25/05:49:14 solver.py:151 ] => Train  Loss: 5.8231e-06

I 05.25/05:49:15 solver.py:206 ] 
=! Best NMSE: -1.8723e+01 (epoch=170)

I 05.25/05:49:16 solver.py:141 ] Epoch: [174/400][20/196] lr: 1.55e-04 | MSE loss: 6.0055e-06 | time: 0.046
I 05.25/05:49:16 solver.py:141 ] Epoch: [174/400][40/196] lr: 1.55e-04 | MSE loss: 5.8713e-06 | time: 0.038
I 05.25/05:49:17 solver.py:141 ] Epoch: [174/400][60/196] lr: 1.55e-04 | MSE loss: 5.8962e-06 | time: 0.035
I 05.25/05:49:18 solver.py:141 ] Epoch: [174/400][80/196] lr: 1.55e-04 | MSE loss: 5.8295e-06 | time: 0.035
I 05.25/05:49:18 solver.py:141 ] Epoch: [174/400][100/196] lr: 1.55e-04 | MSE loss: 5.7835e-06 | time: 0.034
I 05.25/05:49:19 solver.py:141 ] Epoch: [174/400][120/196] lr: 1.55e-04 | MSE loss: 5.7673e-06 | time: 0.034
I 05.25/05:49:19 solver.py:141 ] Epoch: [174/400][140/196] lr: 1.54e-04 | MSE loss: 5.7339e-06 | time: 0.033
I 05.25/05:49:20 solver.py:141 ] Epoch: [174/400][160/196] lr: 1.54e-04 | MSE loss: 5.7126e-06 | time: 0.032
I 05.25/05:49:21 solver.py:141 ] Epoch: [174/400][180/196] lr: 1.54e-04 | MSE loss: 5.6934e-06 | time: 0.032
I 05.25/05:49:21 solver.py:151 ] => Train  Loss: 5.6786e-06

I 05.25/05:49:21 solver.py:206 ] 
=! Best NMSE: -1.8723e+01 (epoch=170)

I 05.25/05:49:22 solver.py:141 ] Epoch: [175/400][20/196] lr: 1.54e-04 | MSE loss: 5.6912e-06 | time: 0.048
I 05.25/05:49:23 solver.py:141 ] Epoch: [175/400][40/196] lr: 1.54e-04 | MSE loss: 5.6433e-06 | time: 0.038
I 05.25/05:49:23 solver.py:141 ] Epoch: [175/400][60/196] lr: 1.54e-04 | MSE loss: 5.6257e-06 | time: 0.036
I 05.25/05:49:24 solver.py:141 ] Epoch: [175/400][80/196] lr: 1.54e-04 | MSE loss: 5.5725e-06 | time: 0.034
I 05.25/05:49:25 solver.py:141 ] Epoch: [175/400][100/196] lr: 1.54e-04 | MSE loss: 5.6088e-06 | time: 0.033
I 05.25/05:49:25 solver.py:141 ] Epoch: [175/400][120/196] lr: 1.54e-04 | MSE loss: 5.5945e-06 | time: 0.032
I 05.25/05:49:26 solver.py:141 ] Epoch: [175/400][140/196] lr: 1.54e-04 | MSE loss: 5.6039e-06 | time: 0.032
I 05.25/05:49:26 solver.py:141 ] Epoch: [175/400][160/196] lr: 1.54e-04 | MSE loss: 5.5988e-06 | time: 0.032
I 05.25/05:49:27 solver.py:141 ] Epoch: [175/400][180/196] lr: 1.54e-04 | MSE loss: 5.6021e-06 | time: 0.032
I 05.25/05:49:27 solver.py:151 ] => Train  Loss: 5.6115e-06

I 05.25/05:49:28 solver.py:206 ] 
=! Best NMSE: -1.8723e+01 (epoch=170)

I 05.25/05:49:29 solver.py:141 ] Epoch: [176/400][20/196] lr: 1.54e-04 | MSE loss: 5.3802e-06 | time: 0.050
I 05.25/05:49:29 solver.py:141 ] Epoch: [176/400][40/196] lr: 1.54e-04 | MSE loss: 5.5312e-06 | time: 0.042
I 05.25/05:49:30 solver.py:141 ] Epoch: [176/400][60/196] lr: 1.54e-04 | MSE loss: 5.5339e-06 | time: 0.039
I 05.25/05:49:31 solver.py:141 ] Epoch: [176/400][80/196] lr: 1.53e-04 | MSE loss: 5.5543e-06 | time: 0.037
I 05.25/05:49:31 solver.py:141 ] Epoch: [176/400][100/196] lr: 1.53e-04 | MSE loss: 5.5281e-06 | time: 0.035
I 05.25/05:49:32 solver.py:141 ] Epoch: [176/400][120/196] lr: 1.53e-04 | MSE loss: 5.5137e-06 | time: 0.035
I 05.25/05:49:32 solver.py:141 ] Epoch: [176/400][140/196] lr: 1.53e-04 | MSE loss: 5.5068e-06 | time: 0.034
I 05.25/05:49:33 solver.py:141 ] Epoch: [176/400][160/196] lr: 1.53e-04 | MSE loss: 5.5776e-06 | time: 0.034
I 05.25/05:49:34 solver.py:141 ] Epoch: [176/400][180/196] lr: 1.53e-04 | MSE loss: 5.5730e-06 | time: 0.034
I 05.25/05:49:34 solver.py:151 ] => Train  Loss: 5.5678e-06

I 05.25/05:49:34 solver.py:206 ] 
=! Best NMSE: -1.8723e+01 (epoch=170)

I 05.25/05:49:36 solver.py:141 ] Epoch: [177/400][20/196] lr: 1.53e-04 | MSE loss: 5.8214e-06 | time: 0.049
I 05.25/05:49:36 solver.py:141 ] Epoch: [177/400][40/196] lr: 1.53e-04 | MSE loss: 5.7761e-06 | time: 0.041
I 05.25/05:49:37 solver.py:141 ] Epoch: [177/400][60/196] lr: 1.53e-04 | MSE loss: 5.6660e-06 | time: 0.037
I 05.25/05:49:37 solver.py:141 ] Epoch: [177/400][80/196] lr: 1.53e-04 | MSE loss: 5.6127e-06 | time: 0.035
I 05.25/05:49:38 solver.py:141 ] Epoch: [177/400][100/196] lr: 1.53e-04 | MSE loss: 5.6220e-06 | time: 0.035
I 05.25/05:49:39 solver.py:141 ] Epoch: [177/400][120/196] lr: 1.53e-04 | MSE loss: 5.6633e-06 | time: 0.034
I 05.25/05:49:39 solver.py:141 ] Epoch: [177/400][140/196] lr: 1.53e-04 | MSE loss: 5.6570e-06 | time: 0.034
I 05.25/05:49:40 solver.py:141 ] Epoch: [177/400][160/196] lr: 1.53e-04 | MSE loss: 5.6511e-06 | time: 0.033
I 05.25/05:49:40 solver.py:141 ] Epoch: [177/400][180/196] lr: 1.53e-04 | MSE loss: 5.6435e-06 | time: 0.032
I 05.25/05:49:41 solver.py:151 ] => Train  Loss: 5.6359e-06

I 05.25/05:49:41 solver.py:206 ] 
=! Best NMSE: -1.8723e+01 (epoch=170)

I 05.25/05:49:42 solver.py:141 ] Epoch: [178/400][20/196] lr: 1.52e-04 | MSE loss: 5.7546e-06 | time: 0.045
I 05.25/05:49:43 solver.py:141 ] Epoch: [178/400][40/196] lr: 1.52e-04 | MSE loss: 5.5739e-06 | time: 0.038
I 05.25/05:49:43 solver.py:141 ] Epoch: [178/400][60/196] lr: 1.52e-04 | MSE loss: 5.6664e-06 | time: 0.037
I 05.25/05:49:44 solver.py:141 ] Epoch: [178/400][80/196] lr: 1.52e-04 | MSE loss: 5.6633e-06 | time: 0.035
I 05.25/05:49:44 solver.py:141 ] Epoch: [178/400][100/196] lr: 1.52e-04 | MSE loss: 5.7476e-06 | time: 0.032
I 05.25/05:49:45 solver.py:141 ] Epoch: [178/400][120/196] lr: 1.52e-04 | MSE loss: 5.7217e-06 | time: 0.032
I 05.25/05:49:46 solver.py:141 ] Epoch: [178/400][140/196] lr: 1.52e-04 | MSE loss: 5.6745e-06 | time: 0.032
I 05.25/05:49:46 solver.py:141 ] Epoch: [178/400][160/196] lr: 1.52e-04 | MSE loss: 5.6481e-06 | time: 0.032
I 05.25/05:49:47 solver.py:141 ] Epoch: [178/400][180/196] lr: 1.52e-04 | MSE loss: 5.6317e-06 | time: 0.032
I 05.25/05:49:47 solver.py:151 ] => Train  Loss: 5.6310e-06

I 05.25/05:49:48 solver.py:206 ] 
=! Best NMSE: -1.8723e+01 (epoch=170)

I 05.25/05:49:49 solver.py:141 ] Epoch: [179/400][20/196] lr: 1.52e-04 | MSE loss: 5.4092e-06 | time: 0.046
I 05.25/05:49:49 solver.py:141 ] Epoch: [179/400][40/196] lr: 1.52e-04 | MSE loss: 5.4795e-06 | time: 0.038
I 05.25/05:49:50 solver.py:141 ] Epoch: [179/400][60/196] lr: 1.52e-04 | MSE loss: 5.5476e-06 | time: 0.037
I 05.25/05:49:51 solver.py:141 ] Epoch: [179/400][80/196] lr: 1.52e-04 | MSE loss: 5.5883e-06 | time: 0.036
I 05.25/05:49:51 solver.py:141 ] Epoch: [179/400][100/196] lr: 1.52e-04 | MSE loss: 5.5867e-06 | time: 0.036
I 05.25/05:49:52 solver.py:141 ] Epoch: [179/400][120/196] lr: 1.52e-04 | MSE loss: 5.5481e-06 | time: 0.035
I 05.25/05:49:53 solver.py:141 ] Epoch: [179/400][140/196] lr: 1.51e-04 | MSE loss: 5.5156e-06 | time: 0.035
I 05.25/05:49:53 solver.py:141 ] Epoch: [179/400][160/196] lr: 1.51e-04 | MSE loss: 5.4864e-06 | time: 0.034
I 05.25/05:49:54 solver.py:141 ] Epoch: [179/400][180/196] lr: 1.51e-04 | MSE loss: 5.4692e-06 | time: 0.034
I 05.25/05:49:54 solver.py:151 ] => Train  Loss: 5.4609e-06

I 05.25/05:49:54 solver.py:206 ] 
=! Best NMSE: -1.8723e+01 (epoch=170)

I 05.25/05:49:55 solver.py:141 ] Epoch: [180/400][20/196] lr: 1.51e-04 | MSE loss: 5.3749e-06 | time: 0.045
I 05.25/05:49:56 solver.py:141 ] Epoch: [180/400][40/196] lr: 1.51e-04 | MSE loss: 5.3710e-06 | time: 0.038
I 05.25/05:49:57 solver.py:141 ] Epoch: [180/400][60/196] lr: 1.51e-04 | MSE loss: 5.3808e-06 | time: 0.037
I 05.25/05:49:57 solver.py:141 ] Epoch: [180/400][80/196] lr: 1.51e-04 | MSE loss: 5.3779e-06 | time: 0.036
I 05.25/05:49:58 solver.py:141 ] Epoch: [180/400][100/196] lr: 1.51e-04 | MSE loss: 5.4294e-06 | time: 0.035
I 05.25/05:49:59 solver.py:141 ] Epoch: [180/400][120/196] lr: 1.51e-04 | MSE loss: 5.4075e-06 | time: 0.034
I 05.25/05:49:59 solver.py:141 ] Epoch: [180/400][140/196] lr: 1.51e-04 | MSE loss: 5.4594e-06 | time: 0.033
I 05.25/05:50:00 solver.py:141 ] Epoch: [180/400][160/196] lr: 1.51e-04 | MSE loss: 5.4763e-06 | time: 0.033
I 05.25/05:50:00 solver.py:141 ] Epoch: [180/400][180/196] lr: 1.51e-04 | MSE loss: 5.4630e-06 | time: 0.033
I 05.25/05:50:01 solver.py:151 ] => Train  Loss: 5.4597e-06

I 05.25/05:50:02 solver.py:141 ] Epoch: [180/400][20/59] lr: 1.51e-04 | MSE loss: 5.5906e-06 | time: 0.027
I 05.25/05:50:02 solver.py:141 ] Epoch: [180/400][40/59] lr: 1.51e-04 | MSE loss: 5.6151e-06 | time: 0.018
I 05.25/05:50:02 solver.py:151 ] => Val  Loss: 5.6060e-06

I 05.25/05:50:02 solver.py:281 ] [20/40] loss: 5.6211e-06 | NMSE: -1.9274e+01 | time: 0.023
I 05.25/05:50:03 solver.py:281 ] [40/40] loss: 5.6143e-06 | NMSE: -1.9263e+01 | time: 0.020
I 05.25/05:50:03 solver.py:285 ] => Test NMSE: -1.9263e+01

I 05.25/05:50:03 solver.py:206 ] 
=! Best NMSE: -1.9263e+01 (epoch=180)

I 05.25/05:50:04 solver.py:141 ] Epoch: [181/400][20/196] lr: 1.51e-04 | MSE loss: 5.4104e-06 | time: 0.058
I 05.25/05:50:05 solver.py:141 ] Epoch: [181/400][40/196] lr: 1.51e-04 | MSE loss: 5.3671e-06 | time: 0.045
I 05.25/05:50:05 solver.py:141 ] Epoch: [181/400][60/196] lr: 1.50e-04 | MSE loss: 5.3931e-06 | time: 0.039
I 05.25/05:50:06 solver.py:141 ] Epoch: [181/400][80/196] lr: 1.50e-04 | MSE loss: 5.4645e-06 | time: 0.036
I 05.25/05:50:06 solver.py:141 ] Epoch: [181/400][100/196] lr: 1.50e-04 | MSE loss: 5.4591e-06 | time: 0.034
I 05.25/05:50:07 solver.py:141 ] Epoch: [181/400][120/196] lr: 1.50e-04 | MSE loss: 5.4596e-06 | time: 0.034
I 05.25/05:50:08 solver.py:141 ] Epoch: [181/400][140/196] lr: 1.50e-04 | MSE loss: 5.4716e-06 | time: 0.033
I 05.25/05:50:08 solver.py:141 ] Epoch: [181/400][160/196] lr: 1.50e-04 | MSE loss: 5.4680e-06 | time: 0.033
I 05.25/05:50:09 solver.py:141 ] Epoch: [181/400][180/196] lr: 1.50e-04 | MSE loss: 5.4465e-06 | time: 0.034
I 05.25/05:50:10 solver.py:151 ] => Train  Loss: 5.4403e-06

I 05.25/05:50:10 solver.py:206 ] 
=! Best NMSE: -1.9263e+01 (epoch=180)

I 05.25/05:50:11 solver.py:141 ] Epoch: [182/400][20/196] lr: 1.50e-04 | MSE loss: 5.3553e-06 | time: 0.042
I 05.25/05:50:11 solver.py:141 ] Epoch: [182/400][40/196] lr: 1.50e-04 | MSE loss: 5.3297e-06 | time: 0.034
I 05.25/05:50:12 solver.py:141 ] Epoch: [182/400][60/196] lr: 1.50e-04 | MSE loss: 5.4301e-06 | time: 0.032
I 05.25/05:50:12 solver.py:141 ] Epoch: [182/400][80/196] lr: 1.50e-04 | MSE loss: 5.4092e-06 | time: 0.031
I 05.25/05:50:13 solver.py:141 ] Epoch: [182/400][100/196] lr: 1.50e-04 | MSE loss: 5.3998e-06 | time: 0.031
I 05.25/05:50:14 solver.py:141 ] Epoch: [182/400][120/196] lr: 1.50e-04 | MSE loss: 5.4053e-06 | time: 0.031
I 05.25/05:50:14 solver.py:141 ] Epoch: [182/400][140/196] lr: 1.50e-04 | MSE loss: 5.3830e-06 | time: 0.031
I 05.25/05:50:15 solver.py:141 ] Epoch: [182/400][160/196] lr: 1.50e-04 | MSE loss: 5.3937e-06 | time: 0.030
I 05.25/05:50:15 solver.py:141 ] Epoch: [182/400][180/196] lr: 1.49e-04 | MSE loss: 5.3927e-06 | time: 0.030
I 05.25/05:50:16 solver.py:151 ] => Train  Loss: 5.3888e-06

I 05.25/05:50:16 solver.py:206 ] 
=! Best NMSE: -1.9263e+01 (epoch=180)

I 05.25/05:50:17 solver.py:141 ] Epoch: [183/400][20/196] lr: 1.49e-04 | MSE loss: 5.2746e-06 | time: 0.046
I 05.25/05:50:18 solver.py:141 ] Epoch: [183/400][40/196] lr: 1.49e-04 | MSE loss: 5.2559e-06 | time: 0.039
I 05.25/05:50:18 solver.py:141 ] Epoch: [183/400][60/196] lr: 1.49e-04 | MSE loss: 5.3441e-06 | time: 0.037
I 05.25/05:50:19 solver.py:141 ] Epoch: [183/400][80/196] lr: 1.49e-04 | MSE loss: 5.3354e-06 | time: 0.036
I 05.25/05:50:20 solver.py:141 ] Epoch: [183/400][100/196] lr: 1.49e-04 | MSE loss: 5.3416e-06 | time: 0.034
I 05.25/05:50:20 solver.py:141 ] Epoch: [183/400][120/196] lr: 1.49e-04 | MSE loss: 5.3661e-06 | time: 0.033
I 05.25/05:50:21 solver.py:141 ] Epoch: [183/400][140/196] lr: 1.49e-04 | MSE loss: 5.3801e-06 | time: 0.033
I 05.25/05:50:21 solver.py:141 ] Epoch: [183/400][160/196] lr: 1.49e-04 | MSE loss: 5.3767e-06 | time: 0.032
I 05.25/05:50:22 solver.py:141 ] Epoch: [183/400][180/196] lr: 1.49e-04 | MSE loss: 5.4160e-06 | time: 0.032
I 05.25/05:50:22 solver.py:151 ] => Train  Loss: 5.4276e-06

I 05.25/05:50:22 solver.py:206 ] 
=! Best NMSE: -1.9263e+01 (epoch=180)

I 05.25/05:50:24 solver.py:141 ] Epoch: [184/400][20/196] lr: 1.49e-04 | MSE loss: 5.3317e-06 | time: 0.049
I 05.25/05:50:24 solver.py:141 ] Epoch: [184/400][40/196] lr: 1.49e-04 | MSE loss: 5.4628e-06 | time: 0.042
I 05.25/05:50:25 solver.py:141 ] Epoch: [184/400][60/196] lr: 1.49e-04 | MSE loss: 5.5992e-06 | time: 0.039
I 05.25/05:50:26 solver.py:141 ] Epoch: [184/400][80/196] lr: 1.49e-04 | MSE loss: 5.5679e-06 | time: 0.038
I 05.25/05:50:26 solver.py:141 ] Epoch: [184/400][100/196] lr: 1.48e-04 | MSE loss: 5.5301e-06 | time: 0.036
I 05.25/05:50:27 solver.py:141 ] Epoch: [184/400][120/196] lr: 1.48e-04 | MSE loss: 5.4778e-06 | time: 0.035
I 05.25/05:50:27 solver.py:141 ] Epoch: [184/400][140/196] lr: 1.48e-04 | MSE loss: 5.4435e-06 | time: 0.035
I 05.25/05:50:28 solver.py:141 ] Epoch: [184/400][160/196] lr: 1.48e-04 | MSE loss: 5.4272e-06 | time: 0.035
I 05.25/05:50:29 solver.py:141 ] Epoch: [184/400][180/196] lr: 1.48e-04 | MSE loss: 5.4706e-06 | time: 0.034
I 05.25/05:50:29 solver.py:151 ] => Train  Loss: 5.4644e-06

I 05.25/05:50:29 solver.py:206 ] 
=! Best NMSE: -1.9263e+01 (epoch=180)

I 05.25/05:50:30 solver.py:141 ] Epoch: [185/400][20/196] lr: 1.48e-04 | MSE loss: 5.2671e-06 | time: 0.046
I 05.25/05:50:31 solver.py:141 ] Epoch: [185/400][40/196] lr: 1.48e-04 | MSE loss: 5.2596e-06 | time: 0.039
I 05.25/05:50:32 solver.py:141 ] Epoch: [185/400][60/196] lr: 1.48e-04 | MSE loss: 5.2600e-06 | time: 0.036
I 05.25/05:50:32 solver.py:141 ] Epoch: [185/400][80/196] lr: 1.48e-04 | MSE loss: 5.2563e-06 | time: 0.033
I 05.25/05:50:33 solver.py:141 ] Epoch: [185/400][100/196] lr: 1.48e-04 | MSE loss: 5.2396e-06 | time: 0.032
I 05.25/05:50:33 solver.py:141 ] Epoch: [185/400][120/196] lr: 1.48e-04 | MSE loss: 5.2429e-06 | time: 0.032
I 05.25/05:50:34 solver.py:141 ] Epoch: [185/400][140/196] lr: 1.48e-04 | MSE loss: 5.2598e-06 | time: 0.032
I 05.25/05:50:34 solver.py:141 ] Epoch: [185/400][160/196] lr: 1.48e-04 | MSE loss: 5.2748e-06 | time: 0.032
I 05.25/05:50:35 solver.py:141 ] Epoch: [185/400][180/196] lr: 1.48e-04 | MSE loss: 5.2812e-06 | time: 0.031
I 05.25/05:50:36 solver.py:151 ] => Train  Loss: 5.2789e-06

I 05.25/05:50:36 solver.py:206 ] 
=! Best NMSE: -1.9263e+01 (epoch=180)

I 05.25/05:50:37 solver.py:141 ] Epoch: [186/400][20/196] lr: 1.47e-04 | MSE loss: 5.2761e-06 | time: 0.045
I 05.25/05:50:37 solver.py:141 ] Epoch: [186/400][40/196] lr: 1.47e-04 | MSE loss: 5.2442e-06 | time: 0.039
I 05.25/05:50:38 solver.py:141 ] Epoch: [186/400][60/196] lr: 1.47e-04 | MSE loss: 5.3121e-06 | time: 0.036
I 05.25/05:50:39 solver.py:141 ] Epoch: [186/400][80/196] lr: 1.47e-04 | MSE loss: 5.2726e-06 | time: 0.034
I 05.25/05:50:39 solver.py:141 ] Epoch: [186/400][100/196] lr: 1.47e-04 | MSE loss: 5.2491e-06 | time: 0.033
I 05.25/05:50:40 solver.py:141 ] Epoch: [186/400][120/196] lr: 1.47e-04 | MSE loss: 5.2445e-06 | time: 0.032
I 05.25/05:50:40 solver.py:141 ] Epoch: [186/400][140/196] lr: 1.47e-04 | MSE loss: 5.2642e-06 | time: 0.032
I 05.25/05:50:41 solver.py:141 ] Epoch: [186/400][160/196] lr: 1.47e-04 | MSE loss: 5.2902e-06 | time: 0.032
I 05.25/05:50:42 solver.py:141 ] Epoch: [186/400][180/196] lr: 1.47e-04 | MSE loss: 5.3012e-06 | time: 0.032
I 05.25/05:50:42 solver.py:151 ] => Train  Loss: 5.2966e-06

I 05.25/05:50:42 solver.py:206 ] 
=! Best NMSE: -1.9263e+01 (epoch=180)

I 05.25/05:50:43 solver.py:141 ] Epoch: [187/400][20/196] lr: 1.47e-04 | MSE loss: 5.0980e-06 | time: 0.043
I 05.25/05:50:44 solver.py:141 ] Epoch: [187/400][40/196] lr: 1.47e-04 | MSE loss: 5.1743e-06 | time: 0.038
I 05.25/05:50:45 solver.py:141 ] Epoch: [187/400][60/196] lr: 1.47e-04 | MSE loss: 5.1806e-06 | time: 0.035
I 05.25/05:50:45 solver.py:141 ] Epoch: [187/400][80/196] lr: 1.47e-04 | MSE loss: 5.2316e-06 | time: 0.033
I 05.25/05:50:46 solver.py:141 ] Epoch: [187/400][100/196] lr: 1.47e-04 | MSE loss: 5.2248e-06 | time: 0.032
I 05.25/05:50:46 solver.py:141 ] Epoch: [187/400][120/196] lr: 1.47e-04 | MSE loss: 5.2249e-06 | time: 0.032
I 05.25/05:50:47 solver.py:141 ] Epoch: [187/400][140/196] lr: 1.46e-04 | MSE loss: 5.2086e-06 | time: 0.033
I 05.25/05:50:48 solver.py:141 ] Epoch: [187/400][160/196] lr: 1.46e-04 | MSE loss: 5.2046e-06 | time: 0.033
I 05.25/05:50:48 solver.py:141 ] Epoch: [187/400][180/196] lr: 1.46e-04 | MSE loss: 5.2166e-06 | time: 0.032
I 05.25/05:50:49 solver.py:151 ] => Train  Loss: 5.2110e-06

I 05.25/05:50:49 solver.py:206 ] 
=! Best NMSE: -1.9263e+01 (epoch=180)

I 05.25/05:50:50 solver.py:141 ] Epoch: [188/400][20/196] lr: 1.46e-04 | MSE loss: 5.1930e-06 | time: 0.048
I 05.25/05:50:51 solver.py:141 ] Epoch: [188/400][40/196] lr: 1.46e-04 | MSE loss: 5.1857e-06 | time: 0.042
I 05.25/05:50:51 solver.py:141 ] Epoch: [188/400][60/196] lr: 1.46e-04 | MSE loss: 5.1554e-06 | time: 0.040
I 05.25/05:50:52 solver.py:141 ] Epoch: [188/400][80/196] lr: 1.46e-04 | MSE loss: 5.2064e-06 | time: 0.037
I 05.25/05:50:52 solver.py:141 ] Epoch: [188/400][100/196] lr: 1.46e-04 | MSE loss: 5.2338e-06 | time: 0.037
I 05.25/05:50:53 solver.py:141 ] Epoch: [188/400][120/196] lr: 1.46e-04 | MSE loss: 5.2059e-06 | time: 0.035
I 05.25/05:50:54 solver.py:141 ] Epoch: [188/400][140/196] lr: 1.46e-04 | MSE loss: 5.1945e-06 | time: 0.034
I 05.25/05:50:54 solver.py:141 ] Epoch: [188/400][160/196] lr: 1.46e-04 | MSE loss: 5.1920e-06 | time: 0.033
I 05.25/05:50:55 solver.py:141 ] Epoch: [188/400][180/196] lr: 1.46e-04 | MSE loss: 5.2680e-06 | time: 0.033
I 05.25/05:50:55 solver.py:151 ] => Train  Loss: 5.2840e-06

I 05.25/05:50:55 solver.py:206 ] 
=! Best NMSE: -1.9263e+01 (epoch=180)

I 05.25/05:50:56 solver.py:141 ] Epoch: [189/400][20/196] lr: 1.46e-04 | MSE loss: 5.2492e-06 | time: 0.045
I 05.25/05:50:57 solver.py:141 ] Epoch: [189/400][40/196] lr: 1.46e-04 | MSE loss: 5.1709e-06 | time: 0.037
I 05.25/05:50:58 solver.py:141 ] Epoch: [189/400][60/196] lr: 1.45e-04 | MSE loss: 5.1834e-06 | time: 0.035
I 05.25/05:50:58 solver.py:141 ] Epoch: [189/400][80/196] lr: 1.45e-04 | MSE loss: 5.1631e-06 | time: 0.035
I 05.25/05:50:59 solver.py:141 ] Epoch: [189/400][100/196] lr: 1.45e-04 | MSE loss: 5.1740e-06 | time: 0.034
I 05.25/05:51:00 solver.py:141 ] Epoch: [189/400][120/196] lr: 1.45e-04 | MSE loss: 5.1679e-06 | time: 0.034
I 05.25/05:51:00 solver.py:141 ] Epoch: [189/400][140/196] lr: 1.45e-04 | MSE loss: 5.1613e-06 | time: 0.035
I 05.25/05:51:01 solver.py:141 ] Epoch: [189/400][160/196] lr: 1.45e-04 | MSE loss: 5.1697e-06 | time: 0.034
I 05.25/05:51:02 solver.py:141 ] Epoch: [189/400][180/196] lr: 1.45e-04 | MSE loss: 5.1543e-06 | time: 0.034
I 05.25/05:51:02 solver.py:151 ] => Train  Loss: 5.1549e-06

I 05.25/05:51:02 solver.py:206 ] 
=! Best NMSE: -1.9263e+01 (epoch=180)

I 05.25/05:51:04 solver.py:141 ] Epoch: [190/400][20/196] lr: 1.45e-04 | MSE loss: 5.3303e-06 | time: 0.058
I 05.25/05:51:04 solver.py:141 ] Epoch: [190/400][40/196] lr: 1.45e-04 | MSE loss: 5.2172e-06 | time: 0.040
I 05.25/05:51:05 solver.py:141 ] Epoch: [190/400][60/196] lr: 1.45e-04 | MSE loss: 5.1852e-06 | time: 0.035
I 05.25/05:51:05 solver.py:141 ] Epoch: [190/400][80/196] lr: 1.45e-04 | MSE loss: 5.1364e-06 | time: 0.034
I 05.25/05:51:06 solver.py:141 ] Epoch: [190/400][100/196] lr: 1.45e-04 | MSE loss: 5.1133e-06 | time: 0.033
I 05.25/05:51:07 solver.py:141 ] Epoch: [190/400][120/196] lr: 1.45e-04 | MSE loss: 5.1244e-06 | time: 0.033
I 05.25/05:51:07 solver.py:141 ] Epoch: [190/400][140/196] lr: 1.45e-04 | MSE loss: 5.1247e-06 | time: 0.033
I 05.25/05:51:08 solver.py:141 ] Epoch: [190/400][160/196] lr: 1.45e-04 | MSE loss: 5.1081e-06 | time: 0.033
I 05.25/05:51:09 solver.py:141 ] Epoch: [190/400][180/196] lr: 1.44e-04 | MSE loss: 5.1209e-06 | time: 0.033
I 05.25/05:51:09 solver.py:151 ] => Train  Loss: 5.1415e-06

I 05.25/05:51:10 solver.py:141 ] Epoch: [190/400][20/59] lr: 1.44e-04 | MSE loss: 5.4112e-06 | time: 0.017
I 05.25/05:51:10 solver.py:141 ] Epoch: [190/400][40/59] lr: 1.44e-04 | MSE loss: 5.4344e-06 | time: 0.012
I 05.25/05:51:10 solver.py:151 ] => Val  Loss: 5.4263e-06

I 05.25/05:51:10 solver.py:281 ] [20/40] loss: 5.4331e-06 | NMSE: -1.9409e+01 | time: 0.014
I 05.25/05:51:10 solver.py:281 ] [40/40] loss: 5.4291e-06 | NMSE: -1.9397e+01 | time: 0.012
I 05.25/05:51:10 solver.py:285 ] => Test NMSE: -1.9397e+01

I 05.25/05:51:11 solver.py:206 ] 
=! Best NMSE: -1.9397e+01 (epoch=190)

I 05.25/05:51:12 solver.py:141 ] Epoch: [191/400][20/196] lr: 1.44e-04 | MSE loss: 5.3124e-06 | time: 0.046
I 05.25/05:51:12 solver.py:141 ] Epoch: [191/400][40/196] lr: 1.44e-04 | MSE loss: 5.2117e-06 | time: 0.040
I 05.25/05:51:13 solver.py:141 ] Epoch: [191/400][60/196] lr: 1.44e-04 | MSE loss: 5.1776e-06 | time: 0.039
I 05.25/05:51:14 solver.py:141 ] Epoch: [191/400][80/196] lr: 1.44e-04 | MSE loss: 5.1305e-06 | time: 0.037
I 05.25/05:51:14 solver.py:141 ] Epoch: [191/400][100/196] lr: 1.44e-04 | MSE loss: 5.2204e-06 | time: 0.036
I 05.25/05:51:15 solver.py:141 ] Epoch: [191/400][120/196] lr: 1.44e-04 | MSE loss: 5.2794e-06 | time: 0.034
I 05.25/05:51:15 solver.py:141 ] Epoch: [191/400][140/196] lr: 1.44e-04 | MSE loss: 5.2692e-06 | time: 0.034
I 05.25/05:51:16 solver.py:141 ] Epoch: [191/400][160/196] lr: 1.44e-04 | MSE loss: 5.2415e-06 | time: 0.033
I 05.25/05:51:17 solver.py:141 ] Epoch: [191/400][180/196] lr: 1.44e-04 | MSE loss: 5.2458e-06 | time: 0.033
I 05.25/05:51:17 solver.py:151 ] => Train  Loss: 5.2444e-06

I 05.25/05:51:17 solver.py:206 ] 
=! Best NMSE: -1.9397e+01 (epoch=190)

I 05.25/05:51:18 solver.py:141 ] Epoch: [192/400][20/196] lr: 1.44e-04 | MSE loss: 5.2310e-06 | time: 0.045
I 05.25/05:51:19 solver.py:141 ] Epoch: [192/400][40/196] lr: 1.44e-04 | MSE loss: 5.1059e-06 | time: 0.037
I 05.25/05:51:19 solver.py:141 ] Epoch: [192/400][60/196] lr: 1.44e-04 | MSE loss: 5.0769e-06 | time: 0.035
I 05.25/05:51:20 solver.py:141 ] Epoch: [192/400][80/196] lr: 1.44e-04 | MSE loss: 5.0442e-06 | time: 0.033
I 05.25/05:51:21 solver.py:141 ] Epoch: [192/400][100/196] lr: 1.43e-04 | MSE loss: 5.0269e-06 | time: 0.032
I 05.25/05:51:21 solver.py:141 ] Epoch: [192/400][120/196] lr: 1.43e-04 | MSE loss: 5.0111e-06 | time: 0.032
I 05.25/05:51:22 solver.py:141 ] Epoch: [192/400][140/196] lr: 1.43e-04 | MSE loss: 5.0317e-06 | time: 0.030
I 05.25/05:51:22 solver.py:141 ] Epoch: [192/400][160/196] lr: 1.43e-04 | MSE loss: 5.0727e-06 | time: 0.030
I 05.25/05:51:23 solver.py:141 ] Epoch: [192/400][180/196] lr: 1.43e-04 | MSE loss: 5.0757e-06 | time: 0.029
I 05.25/05:51:23 solver.py:151 ] => Train  Loss: 5.0739e-06

I 05.25/05:51:23 solver.py:206 ] 
=! Best NMSE: -1.9397e+01 (epoch=190)

I 05.25/05:51:24 solver.py:141 ] Epoch: [193/400][20/196] lr: 1.43e-04 | MSE loss: 5.2641e-06 | time: 0.047
I 05.25/05:51:25 solver.py:141 ] Epoch: [193/400][40/196] lr: 1.43e-04 | MSE loss: 5.2486e-06 | time: 0.040
I 05.25/05:51:26 solver.py:141 ] Epoch: [193/400][60/196] lr: 1.43e-04 | MSE loss: 5.2231e-06 | time: 0.038
I 05.25/05:51:26 solver.py:141 ] Epoch: [193/400][80/196] lr: 1.43e-04 | MSE loss: 5.1980e-06 | time: 0.036
I 05.25/05:51:27 solver.py:141 ] Epoch: [193/400][100/196] lr: 1.43e-04 | MSE loss: 5.1499e-06 | time: 0.035
I 05.25/05:51:27 solver.py:141 ] Epoch: [193/400][120/196] lr: 1.43e-04 | MSE loss: 5.1117e-06 | time: 0.034
I 05.25/05:51:28 solver.py:141 ] Epoch: [193/400][140/196] lr: 1.43e-04 | MSE loss: 5.0937e-06 | time: 0.034
I 05.25/05:51:29 solver.py:141 ] Epoch: [193/400][160/196] lr: 1.43e-04 | MSE loss: 5.0980e-06 | time: 0.033
I 05.25/05:51:29 solver.py:141 ] Epoch: [193/400][180/196] lr: 1.43e-04 | MSE loss: 5.0902e-06 | time: 0.033
I 05.25/05:51:30 solver.py:151 ] => Train  Loss: 5.0785e-06

I 05.25/05:51:30 solver.py:206 ] 
=! Best NMSE: -1.9397e+01 (epoch=190)

I 05.25/05:51:31 solver.py:141 ] Epoch: [194/400][20/196] lr: 1.42e-04 | MSE loss: 4.9181e-06 | time: 0.044
I 05.25/05:51:31 solver.py:141 ] Epoch: [194/400][40/196] lr: 1.42e-04 | MSE loss: 4.9288e-06 | time: 0.036
I 05.25/05:51:32 solver.py:141 ] Epoch: [194/400][60/196] lr: 1.42e-04 | MSE loss: 4.9390e-06 | time: 0.033
I 05.25/05:51:33 solver.py:141 ] Epoch: [194/400][80/196] lr: 1.42e-04 | MSE loss: 4.9530e-06 | time: 0.033
I 05.25/05:51:33 solver.py:141 ] Epoch: [194/400][100/196] lr: 1.42e-04 | MSE loss: 5.0429e-06 | time: 0.033
I 05.25/05:51:34 solver.py:141 ] Epoch: [194/400][120/196] lr: 1.42e-04 | MSE loss: 5.0439e-06 | time: 0.033
I 05.25/05:51:35 solver.py:141 ] Epoch: [194/400][140/196] lr: 1.42e-04 | MSE loss: 5.0422e-06 | time: 0.034
I 05.25/05:51:35 solver.py:141 ] Epoch: [194/400][160/196] lr: 1.42e-04 | MSE loss: 5.0392e-06 | time: 0.033
I 05.25/05:51:36 solver.py:141 ] Epoch: [194/400][180/196] lr: 1.42e-04 | MSE loss: 5.0501e-06 | time: 0.033
I 05.25/05:51:36 solver.py:151 ] => Train  Loss: 5.0454e-06

I 05.25/05:51:36 solver.py:206 ] 
=! Best NMSE: -1.9397e+01 (epoch=190)

I 05.25/05:51:37 solver.py:141 ] Epoch: [195/400][20/196] lr: 1.42e-04 | MSE loss: 5.3402e-06 | time: 0.048
I 05.25/05:51:38 solver.py:141 ] Epoch: [195/400][40/196] lr: 1.42e-04 | MSE loss: 5.1425e-06 | time: 0.039
I 05.25/05:51:38 solver.py:141 ] Epoch: [195/400][60/196] lr: 1.42e-04 | MSE loss: 5.0641e-06 | time: 0.033
I 05.25/05:51:39 solver.py:141 ] Epoch: [195/400][80/196] lr: 1.42e-04 | MSE loss: 5.0433e-06 | time: 0.033
I 05.25/05:51:40 solver.py:141 ] Epoch: [195/400][100/196] lr: 1.42e-04 | MSE loss: 5.0585e-06 | time: 0.033
I 05.25/05:51:40 solver.py:141 ] Epoch: [195/400][120/196] lr: 1.41e-04 | MSE loss: 5.0427e-06 | time: 0.032
I 05.25/05:51:41 solver.py:141 ] Epoch: [195/400][140/196] lr: 1.41e-04 | MSE loss: 5.0345e-06 | time: 0.032
I 05.25/05:51:42 solver.py:141 ] Epoch: [195/400][160/196] lr: 1.41e-04 | MSE loss: 5.0256e-06 | time: 0.032
I 05.25/05:51:42 solver.py:141 ] Epoch: [195/400][180/196] lr: 1.41e-04 | MSE loss: 5.0504e-06 | time: 0.032
I 05.25/05:51:43 solver.py:151 ] => Train  Loss: 5.0388e-06

I 05.25/05:51:43 solver.py:206 ] 
=! Best NMSE: -1.9397e+01 (epoch=190)

I 05.25/05:51:44 solver.py:141 ] Epoch: [196/400][20/196] lr: 1.41e-04 | MSE loss: 4.9915e-06 | time: 0.046
I 05.25/05:51:45 solver.py:141 ] Epoch: [196/400][40/196] lr: 1.41e-04 | MSE loss: 4.9260e-06 | time: 0.040
I 05.25/05:51:45 solver.py:141 ] Epoch: [196/400][60/196] lr: 1.41e-04 | MSE loss: 4.9222e-06 | time: 0.038
I 05.25/05:51:46 solver.py:141 ] Epoch: [196/400][80/196] lr: 1.41e-04 | MSE loss: 4.8840e-06 | time: 0.037
I 05.25/05:51:47 solver.py:141 ] Epoch: [196/400][100/196] lr: 1.41e-04 | MSE loss: 4.8874e-06 | time: 0.037
I 05.25/05:51:47 solver.py:141 ] Epoch: [196/400][120/196] lr: 1.41e-04 | MSE loss: 4.9244e-06 | time: 0.037
I 05.25/05:51:48 solver.py:141 ] Epoch: [196/400][140/196] lr: 1.41e-04 | MSE loss: 4.9263e-06 | time: 0.036
I 05.25/05:51:49 solver.py:141 ] Epoch: [196/400][160/196] lr: 1.41e-04 | MSE loss: 4.9174e-06 | time: 0.036
I 05.25/05:51:49 solver.py:141 ] Epoch: [196/400][180/196] lr: 1.41e-04 | MSE loss: 4.9128e-06 | time: 0.035
I 05.25/05:51:50 solver.py:151 ] => Train  Loss: 4.9083e-06

I 05.25/05:51:50 solver.py:206 ] 
=! Best NMSE: -1.9397e+01 (epoch=190)

I 05.25/05:51:51 solver.py:141 ] Epoch: [197/400][20/196] lr: 1.41e-04 | MSE loss: 4.7757e-06 | time: 0.045
I 05.25/05:51:52 solver.py:141 ] Epoch: [197/400][40/196] lr: 1.40e-04 | MSE loss: 4.8422e-06 | time: 0.038
I 05.25/05:51:52 solver.py:141 ] Epoch: [197/400][60/196] lr: 1.40e-04 | MSE loss: 5.0598e-06 | time: 0.036
I 05.25/05:51:53 solver.py:141 ] Epoch: [197/400][80/196] lr: 1.40e-04 | MSE loss: 5.1112e-06 | time: 0.034
I 05.25/05:51:53 solver.py:141 ] Epoch: [197/400][100/196] lr: 1.40e-04 | MSE loss: 5.0534e-06 | time: 0.033
I 05.25/05:51:54 solver.py:141 ] Epoch: [197/400][120/196] lr: 1.40e-04 | MSE loss: 5.0078e-06 | time: 0.033
I 05.25/05:51:55 solver.py:141 ] Epoch: [197/400][140/196] lr: 1.40e-04 | MSE loss: 5.0071e-06 | time: 0.033
I 05.25/05:51:55 solver.py:141 ] Epoch: [197/400][160/196] lr: 1.40e-04 | MSE loss: 4.9902e-06 | time: 0.031
I 05.25/05:51:56 solver.py:141 ] Epoch: [197/400][180/196] lr: 1.40e-04 | MSE loss: 4.9952e-06 | time: 0.031
I 05.25/05:51:56 solver.py:151 ] => Train  Loss: 4.9948e-06

I 05.25/05:51:56 solver.py:206 ] 
=! Best NMSE: -1.9397e+01 (epoch=190)

I 05.25/05:51:57 solver.py:141 ] Epoch: [198/400][20/196] lr: 1.40e-04 | MSE loss: 4.9363e-06 | time: 0.044
I 05.25/05:51:58 solver.py:141 ] Epoch: [198/400][40/196] lr: 1.40e-04 | MSE loss: 4.8510e-06 | time: 0.038
I 05.25/05:51:58 solver.py:141 ] Epoch: [198/400][60/196] lr: 1.40e-04 | MSE loss: 4.8533e-06 | time: 0.035
I 05.25/05:51:59 solver.py:141 ] Epoch: [198/400][80/196] lr: 1.40e-04 | MSE loss: 4.8286e-06 | time: 0.034
I 05.25/05:52:00 solver.py:141 ] Epoch: [198/400][100/196] lr: 1.40e-04 | MSE loss: 4.8133e-06 | time: 0.034
I 05.25/05:52:00 solver.py:141 ] Epoch: [198/400][120/196] lr: 1.40e-04 | MSE loss: 4.8012e-06 | time: 0.034
I 05.25/05:52:01 solver.py:141 ] Epoch: [198/400][140/196] lr: 1.39e-04 | MSE loss: 4.8005e-06 | time: 0.034
I 05.25/05:52:02 solver.py:141 ] Epoch: [198/400][160/196] lr: 1.39e-04 | MSE loss: 4.8238e-06 | time: 0.034
I 05.25/05:52:02 solver.py:141 ] Epoch: [198/400][180/196] lr: 1.39e-04 | MSE loss: 4.8278e-06 | time: 0.034
I 05.25/05:52:03 solver.py:151 ] => Train  Loss: 4.8242e-06

I 05.25/05:52:03 solver.py:206 ] 
=! Best NMSE: -1.9397e+01 (epoch=190)

I 05.25/05:52:04 solver.py:141 ] Epoch: [199/400][20/196] lr: 1.39e-04 | MSE loss: 4.7850e-06 | time: 0.056
I 05.25/05:52:05 solver.py:141 ] Epoch: [199/400][40/196] lr: 1.39e-04 | MSE loss: 4.9455e-06 | time: 0.044
I 05.25/05:52:06 solver.py:141 ] Epoch: [199/400][60/196] lr: 1.39e-04 | MSE loss: 4.9846e-06 | time: 0.042
I 05.25/05:52:06 solver.py:141 ] Epoch: [199/400][80/196] lr: 1.39e-04 | MSE loss: 4.9352e-06 | time: 0.038
I 05.25/05:52:07 solver.py:141 ] Epoch: [199/400][100/196] lr: 1.39e-04 | MSE loss: 4.9269e-06 | time: 0.037
I 05.25/05:52:08 solver.py:141 ] Epoch: [199/400][120/196] lr: 1.39e-04 | MSE loss: 4.9070e-06 | time: 0.036
I 05.25/05:52:08 solver.py:141 ] Epoch: [199/400][140/196] lr: 1.39e-04 | MSE loss: 4.9188e-06 | time: 0.035
I 05.25/05:52:09 solver.py:141 ] Epoch: [199/400][160/196] lr: 1.39e-04 | MSE loss: 4.8950e-06 | time: 0.034
I 05.25/05:52:09 solver.py:141 ] Epoch: [199/400][180/196] lr: 1.39e-04 | MSE loss: 4.8827e-06 | time: 0.033
I 05.25/05:52:10 solver.py:151 ] => Train  Loss: 4.8711e-06

I 05.25/05:52:10 solver.py:206 ] 
=! Best NMSE: -1.9397e+01 (epoch=190)

I 05.25/05:52:11 solver.py:141 ] Epoch: [200/400][20/196] lr: 1.39e-04 | MSE loss: 4.7316e-06 | time: 0.042
I 05.25/05:52:11 solver.py:141 ] Epoch: [200/400][40/196] lr: 1.39e-04 | MSE loss: 5.0253e-06 | time: 0.036
I 05.25/05:52:12 solver.py:141 ] Epoch: [200/400][60/196] lr: 1.38e-04 | MSE loss: 5.0097e-06 | time: 0.034
I 05.25/05:52:13 solver.py:141 ] Epoch: [200/400][80/196] lr: 1.38e-04 | MSE loss: 4.9237e-06 | time: 0.033
I 05.25/05:52:13 solver.py:141 ] Epoch: [200/400][100/196] lr: 1.38e-04 | MSE loss: 4.8698e-06 | time: 0.033
I 05.25/05:52:14 solver.py:141 ] Epoch: [200/400][120/196] lr: 1.38e-04 | MSE loss: 4.8498e-06 | time: 0.032
I 05.25/05:52:14 solver.py:141 ] Epoch: [200/400][140/196] lr: 1.38e-04 | MSE loss: 4.8388e-06 | time: 0.032
I 05.25/05:52:15 solver.py:141 ] Epoch: [200/400][160/196] lr: 1.38e-04 | MSE loss: 4.8189e-06 | time: 0.032
I 05.25/05:52:16 solver.py:141 ] Epoch: [200/400][180/196] lr: 1.38e-04 | MSE loss: 4.8001e-06 | time: 0.032
I 05.25/05:52:16 solver.py:151 ] => Train  Loss: 4.8039e-06

I 05.25/05:52:17 solver.py:141 ] Epoch: [200/400][20/59] lr: 1.38e-04 | MSE loss: 5.7896e-06 | time: 0.018
I 05.25/05:52:17 solver.py:141 ] Epoch: [200/400][40/59] lr: 1.38e-04 | MSE loss: 5.8182e-06 | time: 0.013
I 05.25/05:52:17 solver.py:151 ] => Val  Loss: 5.8056e-06

I 05.25/05:52:17 solver.py:281 ] [20/40] loss: 5.8148e-06 | NMSE: -1.9124e+01 | time: 0.015
I 05.25/05:52:18 solver.py:281 ] [40/40] loss: 5.8063e-06 | NMSE: -1.9116e+01 | time: 0.013
I 05.25/05:52:18 solver.py:285 ] => Test NMSE: -1.9116e+01

I 05.25/05:52:18 solver.py:206 ] 
=! Best NMSE: -1.9397e+01 (epoch=190)

I 05.25/05:52:19 solver.py:141 ] Epoch: [201/400][20/196] lr: 1.38e-04 | MSE loss: 4.8114e-06 | time: 0.045
I 05.25/05:52:19 solver.py:141 ] Epoch: [201/400][40/196] lr: 1.38e-04 | MSE loss: 4.7817e-06 | time: 0.037
I 05.25/05:52:20 solver.py:141 ] Epoch: [201/400][60/196] lr: 1.38e-04 | MSE loss: 4.7657e-06 | time: 0.034
I 05.25/05:52:20 solver.py:141 ] Epoch: [201/400][80/196] lr: 1.38e-04 | MSE loss: 4.7508e-06 | time: 0.032
I 05.25/05:52:21 solver.py:141 ] Epoch: [201/400][100/196] lr: 1.38e-04 | MSE loss: 4.7248e-06 | time: 0.031
I 05.25/05:52:22 solver.py:141 ] Epoch: [201/400][120/196] lr: 1.38e-04 | MSE loss: 4.7304e-06 | time: 0.031
I 05.25/05:52:22 solver.py:141 ] Epoch: [201/400][140/196] lr: 1.38e-04 | MSE loss: 4.7402e-06 | time: 0.031
I 05.25/05:52:23 solver.py:141 ] Epoch: [201/400][160/196] lr: 1.37e-04 | MSE loss: 4.7864e-06 | time: 0.031
I 05.25/05:52:23 solver.py:141 ] Epoch: [201/400][180/196] lr: 1.37e-04 | MSE loss: 4.8012e-06 | time: 0.031
I 05.25/05:52:24 solver.py:151 ] => Train  Loss: 4.7959e-06

I 05.25/05:52:24 solver.py:206 ] 
=! Best NMSE: -1.9397e+01 (epoch=190)

I 05.25/05:52:25 solver.py:141 ] Epoch: [202/400][20/196] lr: 1.37e-04 | MSE loss: 4.8038e-06 | time: 0.048
I 05.25/05:52:26 solver.py:141 ] Epoch: [202/400][40/196] lr: 1.37e-04 | MSE loss: 4.7485e-06 | time: 0.041
I 05.25/05:52:26 solver.py:141 ] Epoch: [202/400][60/196] lr: 1.37e-04 | MSE loss: 4.6723e-06 | time: 0.035
I 05.25/05:52:27 solver.py:141 ] Epoch: [202/400][80/196] lr: 1.37e-04 | MSE loss: 4.6384e-06 | time: 0.034
I 05.25/05:52:27 solver.py:141 ] Epoch: [202/400][100/196] lr: 1.37e-04 | MSE loss: 4.6610e-06 | time: 0.034
I 05.25/05:52:28 solver.py:141 ] Epoch: [202/400][120/196] lr: 1.37e-04 | MSE loss: 4.6957e-06 | time: 0.035
I 05.25/05:52:29 solver.py:141 ] Epoch: [202/400][140/196] lr: 1.37e-04 | MSE loss: 4.6729e-06 | time: 0.034
I 05.25/05:52:29 solver.py:141 ] Epoch: [202/400][160/196] lr: 1.37e-04 | MSE loss: 4.6857e-06 | time: 0.033
I 05.25/05:52:30 solver.py:141 ] Epoch: [202/400][180/196] lr: 1.37e-04 | MSE loss: 4.6663e-06 | time: 0.033
I 05.25/05:52:30 solver.py:151 ] => Train  Loss: 4.6782e-06

I 05.25/05:52:31 solver.py:206 ] 
=! Best NMSE: -1.9397e+01 (epoch=190)

I 05.25/05:52:32 solver.py:141 ] Epoch: [203/400][20/196] lr: 1.37e-04 | MSE loss: 4.6658e-06 | time: 0.046
I 05.25/05:52:32 solver.py:141 ] Epoch: [203/400][40/196] lr: 1.37e-04 | MSE loss: 4.6281e-06 | time: 0.038
I 05.25/05:52:33 solver.py:141 ] Epoch: [203/400][60/196] lr: 1.37e-04 | MSE loss: 4.6760e-06 | time: 0.035
I 05.25/05:52:33 solver.py:141 ] Epoch: [203/400][80/196] lr: 1.36e-04 | MSE loss: 4.6794e-06 | time: 0.034
I 05.25/05:52:34 solver.py:141 ] Epoch: [203/400][100/196] lr: 1.36e-04 | MSE loss: 4.6651e-06 | time: 0.034
I 05.25/05:52:35 solver.py:141 ] Epoch: [203/400][120/196] lr: 1.36e-04 | MSE loss: 4.6773e-06 | time: 0.035
I 05.25/05:52:35 solver.py:141 ] Epoch: [203/400][140/196] lr: 1.36e-04 | MSE loss: 4.7068e-06 | time: 0.034
I 05.25/05:52:36 solver.py:141 ] Epoch: [203/400][160/196] lr: 1.36e-04 | MSE loss: 4.7171e-06 | time: 0.033
I 05.25/05:52:37 solver.py:141 ] Epoch: [203/400][180/196] lr: 1.36e-04 | MSE loss: 4.7115e-06 | time: 0.033
I 05.25/05:52:37 solver.py:151 ] => Train  Loss: 4.7139e-06

I 05.25/05:52:37 solver.py:206 ] 
=! Best NMSE: -1.9397e+01 (epoch=190)

I 05.25/05:52:38 solver.py:141 ] Epoch: [204/400][20/196] lr: 1.36e-04 | MSE loss: 4.6398e-06 | time: 0.046
I 05.25/05:52:39 solver.py:141 ] Epoch: [204/400][40/196] lr: 1.36e-04 | MSE loss: 4.6041e-06 | time: 0.039
I 05.25/05:52:40 solver.py:141 ] Epoch: [204/400][60/196] lr: 1.36e-04 | MSE loss: 4.6023e-06 | time: 0.036
I 05.25/05:52:40 solver.py:141 ] Epoch: [204/400][80/196] lr: 1.36e-04 | MSE loss: 4.6219e-06 | time: 0.035
I 05.25/05:52:41 solver.py:141 ] Epoch: [204/400][100/196] lr: 1.36e-04 | MSE loss: 4.6371e-06 | time: 0.034
I 05.25/05:52:42 solver.py:141 ] Epoch: [204/400][120/196] lr: 1.36e-04 | MSE loss: 4.6419e-06 | time: 0.034
I 05.25/05:52:42 solver.py:141 ] Epoch: [204/400][140/196] lr: 1.36e-04 | MSE loss: 4.6589e-06 | time: 0.034
I 05.25/05:52:43 solver.py:141 ] Epoch: [204/400][160/196] lr: 1.36e-04 | MSE loss: 4.6482e-06 | time: 0.032
I 05.25/05:52:43 solver.py:141 ] Epoch: [204/400][180/196] lr: 1.35e-04 | MSE loss: 4.6324e-06 | time: 0.032
I 05.25/05:52:44 solver.py:151 ] => Train  Loss: 4.6505e-06

I 05.25/05:52:44 solver.py:206 ] 
=! Best NMSE: -1.9397e+01 (epoch=190)

I 05.25/05:52:45 solver.py:141 ] Epoch: [205/400][20/196] lr: 1.35e-04 | MSE loss: 4.5358e-06 | time: 0.044
I 05.25/05:52:45 solver.py:141 ] Epoch: [205/400][40/196] lr: 1.35e-04 | MSE loss: 4.5738e-06 | time: 0.036
I 05.25/05:52:46 solver.py:141 ] Epoch: [205/400][60/196] lr: 1.35e-04 | MSE loss: 4.5707e-06 | time: 0.034
I 05.25/05:52:47 solver.py:141 ] Epoch: [205/400][80/196] lr: 1.35e-04 | MSE loss: 4.5756e-06 | time: 0.034
I 05.25/05:52:47 solver.py:141 ] Epoch: [205/400][100/196] lr: 1.35e-04 | MSE loss: 4.5767e-06 | time: 0.034
I 05.25/05:52:48 solver.py:141 ] Epoch: [205/400][120/196] lr: 1.35e-04 | MSE loss: 4.5630e-06 | time: 0.034
I 05.25/05:52:49 solver.py:141 ] Epoch: [205/400][140/196] lr: 1.35e-04 | MSE loss: 4.5707e-06 | time: 0.034
I 05.25/05:52:49 solver.py:141 ] Epoch: [205/400][160/196] lr: 1.35e-04 | MSE loss: 4.5825e-06 | time: 0.033
I 05.25/05:52:50 solver.py:141 ] Epoch: [205/400][180/196] lr: 1.35e-04 | MSE loss: 4.5963e-06 | time: 0.033
I 05.25/05:52:50 solver.py:151 ] => Train  Loss: 4.6008e-06

I 05.25/05:52:51 solver.py:206 ] 
=! Best NMSE: -1.9397e+01 (epoch=190)

I 05.25/05:52:52 solver.py:141 ] Epoch: [206/400][20/196] lr: 1.35e-04 | MSE loss: 4.5297e-06 | time: 0.049
I 05.25/05:52:52 solver.py:141 ] Epoch: [206/400][40/196] lr: 1.35e-04 | MSE loss: 4.6197e-06 | time: 0.042
I 05.25/05:52:53 solver.py:141 ] Epoch: [206/400][60/196] lr: 1.35e-04 | MSE loss: 4.6737e-06 | time: 0.038
I 05.25/05:52:54 solver.py:141 ] Epoch: [206/400][80/196] lr: 1.35e-04 | MSE loss: 4.6178e-06 | time: 0.037
I 05.25/05:52:54 solver.py:141 ] Epoch: [206/400][100/196] lr: 1.34e-04 | MSE loss: 4.5750e-06 | time: 0.035
I 05.25/05:52:55 solver.py:141 ] Epoch: [206/400][120/196] lr: 1.34e-04 | MSE loss: 4.5605e-06 | time: 0.035
I 05.25/05:52:56 solver.py:141 ] Epoch: [206/400][140/196] lr: 1.34e-04 | MSE loss: 4.5520e-06 | time: 0.034
I 05.25/05:52:56 solver.py:141 ] Epoch: [206/400][160/196] lr: 1.34e-04 | MSE loss: 4.5380e-06 | time: 0.034
I 05.25/05:52:57 solver.py:141 ] Epoch: [206/400][180/196] lr: 1.34e-04 | MSE loss: 4.5666e-06 | time: 0.034
I 05.25/05:52:57 solver.py:151 ] => Train  Loss: 4.5848e-06

I 05.25/05:52:57 solver.py:206 ] 
=! Best NMSE: -1.9397e+01 (epoch=190)

I 05.25/05:52:58 solver.py:141 ] Epoch: [207/400][20/196] lr: 1.34e-04 | MSE loss: 4.4875e-06 | time: 0.047
I 05.25/05:52:59 solver.py:141 ] Epoch: [207/400][40/196] lr: 1.34e-04 | MSE loss: 4.5124e-06 | time: 0.036
I 05.25/05:53:00 solver.py:141 ] Epoch: [207/400][60/196] lr: 1.34e-04 | MSE loss: 4.5641e-06 | time: 0.033
I 05.25/05:53:00 solver.py:141 ] Epoch: [207/400][80/196] lr: 1.34e-04 | MSE loss: 4.5653e-06 | time: 0.032
I 05.25/05:53:01 solver.py:141 ] Epoch: [207/400][100/196] lr: 1.34e-04 | MSE loss: 4.5589e-06 | time: 0.033
I 05.25/05:53:02 solver.py:141 ] Epoch: [207/400][120/196] lr: 1.34e-04 | MSE loss: 4.5304e-06 | time: 0.033
I 05.25/05:53:02 solver.py:141 ] Epoch: [207/400][140/196] lr: 1.34e-04 | MSE loss: 4.5032e-06 | time: 0.033
I 05.25/05:53:03 solver.py:141 ] Epoch: [207/400][160/196] lr: 1.34e-04 | MSE loss: 4.4964e-06 | time: 0.032
I 05.25/05:53:03 solver.py:141 ] Epoch: [207/400][180/196] lr: 1.34e-04 | MSE loss: 4.5080e-06 | time: 0.031
I 05.25/05:53:04 solver.py:151 ] => Train  Loss: 4.5303e-06

I 05.25/05:53:04 solver.py:206 ] 
=! Best NMSE: -1.9397e+01 (epoch=190)

I 05.25/05:53:05 solver.py:141 ] Epoch: [208/400][20/196] lr: 1.33e-04 | MSE loss: 4.8184e-06 | time: 0.056
I 05.25/05:53:06 solver.py:141 ] Epoch: [208/400][40/196] lr: 1.33e-04 | MSE loss: 4.6740e-06 | time: 0.040
I 05.25/05:53:06 solver.py:141 ] Epoch: [208/400][60/196] lr: 1.33e-04 | MSE loss: 4.5054e-06 | time: 0.035
I 05.25/05:53:07 solver.py:141 ] Epoch: [208/400][80/196] lr: 1.33e-04 | MSE loss: 4.4778e-06 | time: 0.034
I 05.25/05:53:08 solver.py:141 ] Epoch: [208/400][100/196] lr: 1.33e-04 | MSE loss: 4.4536e-06 | time: 0.033
I 05.25/05:53:08 solver.py:141 ] Epoch: [208/400][120/196] lr: 1.33e-04 | MSE loss: 4.4601e-06 | time: 0.033
I 05.25/05:53:09 solver.py:141 ] Epoch: [208/400][140/196] lr: 1.33e-04 | MSE loss: 4.4761e-06 | time: 0.034
I 05.25/05:53:10 solver.py:141 ] Epoch: [208/400][160/196] lr: 1.33e-04 | MSE loss: 4.4743e-06 | time: 0.034
I 05.25/05:53:10 solver.py:141 ] Epoch: [208/400][180/196] lr: 1.33e-04 | MSE loss: 4.4871e-06 | time: 0.034
I 05.25/05:53:11 solver.py:151 ] => Train  Loss: 4.4816e-06

I 05.25/05:53:11 solver.py:206 ] 
=! Best NMSE: -1.9397e+01 (epoch=190)

I 05.25/05:53:12 solver.py:141 ] Epoch: [209/400][20/196] lr: 1.33e-04 | MSE loss: 4.3496e-06 | time: 0.047
I 05.25/05:53:13 solver.py:141 ] Epoch: [209/400][40/196] lr: 1.33e-04 | MSE loss: 4.3839e-06 | time: 0.039
I 05.25/05:53:13 solver.py:141 ] Epoch: [209/400][60/196] lr: 1.33e-04 | MSE loss: 4.3855e-06 | time: 0.036
I 05.25/05:53:14 solver.py:141 ] Epoch: [209/400][80/196] lr: 1.33e-04 | MSE loss: 4.3599e-06 | time: 0.034
I 05.25/05:53:14 solver.py:141 ] Epoch: [209/400][100/196] lr: 1.33e-04 | MSE loss: 4.3373e-06 | time: 0.031
I 05.25/05:53:15 solver.py:141 ] Epoch: [209/400][120/196] lr: 1.32e-04 | MSE loss: 4.3347e-06 | time: 0.030
I 05.25/05:53:15 solver.py:141 ] Epoch: [209/400][140/196] lr: 1.32e-04 | MSE loss: 4.3548e-06 | time: 0.030
I 05.25/05:53:16 solver.py:141 ] Epoch: [209/400][160/196] lr: 1.32e-04 | MSE loss: 4.3561e-06 | time: 0.030
I 05.25/05:53:16 solver.py:141 ] Epoch: [209/400][180/196] lr: 1.32e-04 | MSE loss: 4.3504e-06 | time: 0.030
I 05.25/05:53:17 solver.py:151 ] => Train  Loss: 4.3625e-06

I 05.25/05:53:17 solver.py:206 ] 
=! Best NMSE: -1.9397e+01 (epoch=190)

I 05.25/05:53:18 solver.py:141 ] Epoch: [210/400][20/196] lr: 1.32e-04 | MSE loss: 4.9734e-06 | time: 0.044
I 05.25/05:53:19 solver.py:141 ] Epoch: [210/400][40/196] lr: 1.32e-04 | MSE loss: 4.6662e-06 | time: 0.036
I 05.25/05:53:19 solver.py:141 ] Epoch: [210/400][60/196] lr: 1.32e-04 | MSE loss: 4.5440e-06 | time: 0.035
I 05.25/05:53:20 solver.py:141 ] Epoch: [210/400][80/196] lr: 1.32e-04 | MSE loss: 4.5028e-06 | time: 0.033
I 05.25/05:53:20 solver.py:141 ] Epoch: [210/400][100/196] lr: 1.32e-04 | MSE loss: 4.4742e-06 | time: 0.032
I 05.25/05:53:21 solver.py:141 ] Epoch: [210/400][120/196] lr: 1.32e-04 | MSE loss: 4.4420e-06 | time: 0.033
I 05.25/05:53:22 solver.py:141 ] Epoch: [210/400][140/196] lr: 1.32e-04 | MSE loss: 4.4111e-06 | time: 0.031
I 05.25/05:53:22 solver.py:141 ] Epoch: [210/400][160/196] lr: 1.32e-04 | MSE loss: 4.3828e-06 | time: 0.031
I 05.25/05:53:23 solver.py:141 ] Epoch: [210/400][180/196] lr: 1.32e-04 | MSE loss: 4.3781e-06 | time: 0.031
I 05.25/05:53:23 solver.py:151 ] => Train  Loss: 4.3694e-06

I 05.25/05:53:24 solver.py:141 ] Epoch: [210/400][20/59] lr: 1.32e-04 | MSE loss: 4.4575e-06 | time: 0.017
I 05.25/05:53:24 solver.py:141 ] Epoch: [210/400][40/59] lr: 1.32e-04 | MSE loss: 4.4787e-06 | time: 0.013
I 05.25/05:53:24 solver.py:151 ] => Val  Loss: 4.4674e-06

I 05.25/05:53:24 solver.py:281 ] [20/40] loss: 4.4777e-06 | NMSE: -2.0302e+01 | time: 0.014
I 05.25/05:53:25 solver.py:281 ] [40/40] loss: 4.4739e-06 | NMSE: -2.0293e+01 | time: 0.013
I 05.25/05:53:25 solver.py:285 ] => Test NMSE: -2.0293e+01

I 05.25/05:53:25 solver.py:206 ] 
=! Best NMSE: -2.0293e+01 (epoch=210)

I 05.25/05:53:26 solver.py:141 ] Epoch: [211/400][20/196] lr: 1.31e-04 | MSE loss: 4.2760e-06 | time: 0.044
I 05.25/05:53:26 solver.py:141 ] Epoch: [211/400][40/196] lr: 1.31e-04 | MSE loss: 4.2731e-06 | time: 0.036
I 05.25/05:53:27 solver.py:141 ] Epoch: [211/400][60/196] lr: 1.31e-04 | MSE loss: 4.2388e-06 | time: 0.035
I 05.25/05:53:28 solver.py:141 ] Epoch: [211/400][80/196] lr: 1.31e-04 | MSE loss: 4.2366e-06 | time: 0.035
I 05.25/05:53:28 solver.py:141 ] Epoch: [211/400][100/196] lr: 1.31e-04 | MSE loss: 4.3338e-06 | time: 0.035
I 05.25/05:53:29 solver.py:141 ] Epoch: [211/400][120/196] lr: 1.31e-04 | MSE loss: 4.3711e-06 | time: 0.034
I 05.25/05:53:30 solver.py:141 ] Epoch: [211/400][140/196] lr: 1.31e-04 | MSE loss: 4.3681e-06 | time: 0.033
I 05.25/05:53:30 solver.py:141 ] Epoch: [211/400][160/196] lr: 1.31e-04 | MSE loss: 4.3530e-06 | time: 0.032
I 05.25/05:53:31 solver.py:141 ] Epoch: [211/400][180/196] lr: 1.31e-04 | MSE loss: 4.3340e-06 | time: 0.032
I 05.25/05:53:31 solver.py:151 ] => Train  Loss: 4.3649e-06

I 05.25/05:53:31 solver.py:206 ] 
=! Best NMSE: -2.0293e+01 (epoch=210)

I 05.25/05:53:32 solver.py:141 ] Epoch: [212/400][20/196] lr: 1.31e-04 | MSE loss: 4.5335e-06 | time: 0.050
I 05.25/05:53:33 solver.py:141 ] Epoch: [212/400][40/196] lr: 1.31e-04 | MSE loss: 4.4313e-06 | time: 0.040
I 05.25/05:53:34 solver.py:141 ] Epoch: [212/400][60/196] lr: 1.31e-04 | MSE loss: 4.3418e-06 | time: 0.037
I 05.25/05:53:34 solver.py:141 ] Epoch: [212/400][80/196] lr: 1.31e-04 | MSE loss: 4.2775e-06 | time: 0.035
I 05.25/05:53:35 solver.py:141 ] Epoch: [212/400][100/196] lr: 1.31e-04 | MSE loss: 4.2494e-06 | time: 0.034
I 05.25/05:53:35 solver.py:141 ] Epoch: [212/400][120/196] lr: 1.30e-04 | MSE loss: 4.3055e-06 | time: 0.033
I 05.25/05:53:36 solver.py:141 ] Epoch: [212/400][140/196] lr: 1.30e-04 | MSE loss: 4.3156e-06 | time: 0.033
I 05.25/05:53:37 solver.py:141 ] Epoch: [212/400][160/196] lr: 1.30e-04 | MSE loss: 4.3197e-06 | time: 0.032
I 05.25/05:53:37 solver.py:141 ] Epoch: [212/400][180/196] lr: 1.30e-04 | MSE loss: 4.3067e-06 | time: 0.032
I 05.25/05:53:38 solver.py:151 ] => Train  Loss: 4.2834e-06

I 05.25/05:53:38 solver.py:206 ] 
=! Best NMSE: -2.0293e+01 (epoch=210)

I 05.25/05:53:39 solver.py:141 ] Epoch: [213/400][20/196] lr: 1.30e-04 | MSE loss: 4.0650e-06 | time: 0.046
I 05.25/05:53:39 solver.py:141 ] Epoch: [213/400][40/196] lr: 1.30e-04 | MSE loss: 4.2213e-06 | time: 0.038
I 05.25/05:53:40 solver.py:141 ] Epoch: [213/400][60/196] lr: 1.30e-04 | MSE loss: 4.2267e-06 | time: 0.036
I 05.25/05:53:41 solver.py:141 ] Epoch: [213/400][80/196] lr: 1.30e-04 | MSE loss: 4.2683e-06 | time: 0.035
I 05.25/05:53:41 solver.py:141 ] Epoch: [213/400][100/196] lr: 1.30e-04 | MSE loss: 4.2685e-06 | time: 0.034
I 05.25/05:53:42 solver.py:141 ] Epoch: [213/400][120/196] lr: 1.30e-04 | MSE loss: 4.2746e-06 | time: 0.033
I 05.25/05:53:43 solver.py:141 ] Epoch: [213/400][140/196] lr: 1.30e-04 | MSE loss: 4.2701e-06 | time: 0.033
I 05.25/05:53:43 solver.py:141 ] Epoch: [213/400][160/196] lr: 1.30e-04 | MSE loss: 4.2886e-06 | time: 0.033
I 05.25/05:53:44 solver.py:141 ] Epoch: [213/400][180/196] lr: 1.30e-04 | MSE loss: 4.2671e-06 | time: 0.032
I 05.25/05:53:44 solver.py:151 ] => Train  Loss: 4.2698e-06

I 05.25/05:53:44 solver.py:206 ] 
=! Best NMSE: -2.0293e+01 (epoch=210)

I 05.25/05:53:45 solver.py:141 ] Epoch: [214/400][20/196] lr: 1.30e-04 | MSE loss: 4.1697e-06 | time: 0.042
I 05.25/05:53:46 solver.py:141 ] Epoch: [214/400][40/196] lr: 1.29e-04 | MSE loss: 4.1082e-06 | time: 0.037
I 05.25/05:53:47 solver.py:141 ] Epoch: [214/400][60/196] lr: 1.29e-04 | MSE loss: 4.1048e-06 | time: 0.034
I 05.25/05:53:47 solver.py:141 ] Epoch: [214/400][80/196] lr: 1.29e-04 | MSE loss: 4.1291e-06 | time: 0.033
I 05.25/05:53:48 solver.py:141 ] Epoch: [214/400][100/196] lr: 1.29e-04 | MSE loss: 4.1093e-06 | time: 0.033
I 05.25/05:53:48 solver.py:141 ] Epoch: [214/400][120/196] lr: 1.29e-04 | MSE loss: 4.0933e-06 | time: 0.033
I 05.25/05:53:49 solver.py:141 ] Epoch: [214/400][140/196] lr: 1.29e-04 | MSE loss: 4.0777e-06 | time: 0.032
I 05.25/05:53:50 solver.py:141 ] Epoch: [214/400][160/196] lr: 1.29e-04 | MSE loss: 4.0834e-06 | time: 0.031
I 05.25/05:53:50 solver.py:141 ] Epoch: [214/400][180/196] lr: 1.29e-04 | MSE loss: 4.0878e-06 | time: 0.032
I 05.25/05:53:51 solver.py:151 ] => Train  Loss: 4.0848e-06

I 05.25/05:53:51 solver.py:206 ] 
=! Best NMSE: -2.0293e+01 (epoch=210)

I 05.25/05:53:52 solver.py:141 ] Epoch: [215/400][20/196] lr: 1.29e-04 | MSE loss: 4.0459e-06 | time: 0.049
I 05.25/05:53:53 solver.py:141 ] Epoch: [215/400][40/196] lr: 1.29e-04 | MSE loss: 4.0394e-06 | time: 0.040
I 05.25/05:53:53 solver.py:141 ] Epoch: [215/400][60/196] lr: 1.29e-04 | MSE loss: 4.0088e-06 | time: 0.037
I 05.25/05:53:54 solver.py:141 ] Epoch: [215/400][80/196] lr: 1.29e-04 | MSE loss: 4.0177e-06 | time: 0.035
I 05.25/05:53:55 solver.py:141 ] Epoch: [215/400][100/196] lr: 1.29e-04 | MSE loss: 4.0395e-06 | time: 0.035
I 05.25/05:53:55 solver.py:141 ] Epoch: [215/400][120/196] lr: 1.29e-04 | MSE loss: 4.0479e-06 | time: 0.034
I 05.25/05:53:56 solver.py:141 ] Epoch: [215/400][140/196] lr: 1.28e-04 | MSE loss: 4.0322e-06 | time: 0.034
I 05.25/05:53:57 solver.py:141 ] Epoch: [215/400][160/196] lr: 1.28e-04 | MSE loss: 4.0124e-06 | time: 0.034
I 05.25/05:53:57 solver.py:141 ] Epoch: [215/400][180/196] lr: 1.28e-04 | MSE loss: 4.0116e-06 | time: 0.033
I 05.25/05:53:58 solver.py:151 ] => Train  Loss: 4.0144e-06

I 05.25/05:53:58 solver.py:206 ] 
=! Best NMSE: -2.0293e+01 (epoch=210)

I 05.25/05:53:59 solver.py:141 ] Epoch: [216/400][20/196] lr: 1.28e-04 | MSE loss: 3.9181e-06 | time: 0.043
I 05.25/05:53:59 solver.py:141 ] Epoch: [216/400][40/196] lr: 1.28e-04 | MSE loss: 3.9054e-06 | time: 0.037
I 05.25/05:54:00 solver.py:141 ] Epoch: [216/400][60/196] lr: 1.28e-04 | MSE loss: 3.9627e-06 | time: 0.035
I 05.25/05:54:01 solver.py:141 ] Epoch: [216/400][80/196] lr: 1.28e-04 | MSE loss: 4.0808e-06 | time: 0.035
I 05.25/05:54:01 solver.py:141 ] Epoch: [216/400][100/196] lr: 1.28e-04 | MSE loss: 4.0766e-06 | time: 0.034
I 05.25/05:54:02 solver.py:141 ] Epoch: [216/400][120/196] lr: 1.28e-04 | MSE loss: 4.0568e-06 | time: 0.033
I 05.25/05:54:03 solver.py:141 ] Epoch: [216/400][140/196] lr: 1.28e-04 | MSE loss: 4.0557e-06 | time: 0.033
I 05.25/05:54:03 solver.py:141 ] Epoch: [216/400][160/196] lr: 1.28e-04 | MSE loss: 4.0578e-06 | time: 0.033
I 05.25/05:54:04 solver.py:141 ] Epoch: [216/400][180/196] lr: 1.28e-04 | MSE loss: 4.0390e-06 | time: 0.032
I 05.25/05:54:04 solver.py:151 ] => Train  Loss: 4.0340e-06

I 05.25/05:54:05 solver.py:206 ] 
=! Best NMSE: -2.0293e+01 (epoch=210)

I 05.25/05:54:06 solver.py:141 ] Epoch: [217/400][20/196] lr: 1.28e-04 | MSE loss: 4.1567e-06 | time: 0.059
I 05.25/05:54:06 solver.py:141 ] Epoch: [217/400][40/196] lr: 1.27e-04 | MSE loss: 4.0875e-06 | time: 0.043
I 05.25/05:54:07 solver.py:141 ] Epoch: [217/400][60/196] lr: 1.27e-04 | MSE loss: 4.0456e-06 | time: 0.037
I 05.25/05:54:08 solver.py:141 ] Epoch: [217/400][80/196] lr: 1.27e-04 | MSE loss: 4.0035e-06 | time: 0.035
I 05.25/05:54:08 solver.py:141 ] Epoch: [217/400][100/196] lr: 1.27e-04 | MSE loss: 3.9704e-06 | time: 0.035
I 05.25/05:54:09 solver.py:141 ] Epoch: [217/400][120/196] lr: 1.27e-04 | MSE loss: 3.9663e-06 | time: 0.035
I 05.25/05:54:10 solver.py:141 ] Epoch: [217/400][140/196] lr: 1.27e-04 | MSE loss: 3.9423e-06 | time: 0.034
I 05.25/05:54:10 solver.py:141 ] Epoch: [217/400][160/196] lr: 1.27e-04 | MSE loss: 3.9283e-06 | time: 0.034
I 05.25/05:54:11 solver.py:141 ] Epoch: [217/400][180/196] lr: 1.27e-04 | MSE loss: 3.9168e-06 | time: 0.034
I 05.25/05:54:11 solver.py:151 ] => Train  Loss: 3.9265e-06

I 05.25/05:54:11 solver.py:206 ] 
=! Best NMSE: -2.0293e+01 (epoch=210)

I 05.25/05:54:13 solver.py:141 ] Epoch: [218/400][20/196] lr: 1.27e-04 | MSE loss: 3.8838e-06 | time: 0.047
I 05.25/05:54:13 solver.py:141 ] Epoch: [218/400][40/196] lr: 1.27e-04 | MSE loss: 3.8586e-06 | time: 0.038
I 05.25/05:54:14 solver.py:141 ] Epoch: [218/400][60/196] lr: 1.27e-04 | MSE loss: 3.8144e-06 | time: 0.035
I 05.25/05:54:14 solver.py:141 ] Epoch: [218/400][80/196] lr: 1.27e-04 | MSE loss: 3.8050e-06 | time: 0.034
I 05.25/05:54:15 solver.py:141 ] Epoch: [218/400][100/196] lr: 1.27e-04 | MSE loss: 3.8367e-06 | time: 0.033
I 05.25/05:54:15 solver.py:141 ] Epoch: [218/400][120/196] lr: 1.27e-04 | MSE loss: 3.8319e-06 | time: 0.033
I 05.25/05:54:16 solver.py:141 ] Epoch: [218/400][140/196] lr: 1.26e-04 | MSE loss: 3.8501e-06 | time: 0.032
I 05.25/05:54:17 solver.py:141 ] Epoch: [218/400][160/196] lr: 1.26e-04 | MSE loss: 3.8569e-06 | time: 0.032
I 05.25/05:54:17 solver.py:141 ] Epoch: [218/400][180/196] lr: 1.26e-04 | MSE loss: 3.8596e-06 | time: 0.031
I 05.25/05:54:18 solver.py:151 ] => Train  Loss: 3.8559e-06

I 05.25/05:54:18 solver.py:206 ] 
=! Best NMSE: -2.0293e+01 (epoch=210)

I 05.25/05:54:19 solver.py:141 ] Epoch: [219/400][20/196] lr: 1.26e-04 | MSE loss: 3.7559e-06 | time: 0.048
I 05.25/05:54:20 solver.py:141 ] Epoch: [219/400][40/196] lr: 1.26e-04 | MSE loss: 3.7306e-06 | time: 0.040
I 05.25/05:54:20 solver.py:141 ] Epoch: [219/400][60/196] lr: 1.26e-04 | MSE loss: 3.7269e-06 | time: 0.037
I 05.25/05:54:21 solver.py:141 ] Epoch: [219/400][80/196] lr: 1.26e-04 | MSE loss: 3.8038e-06 | time: 0.033
I 05.25/05:54:21 solver.py:141 ] Epoch: [219/400][100/196] lr: 1.26e-04 | MSE loss: 3.8684e-06 | time: 0.033
I 05.25/05:54:22 solver.py:141 ] Epoch: [219/400][120/196] lr: 1.26e-04 | MSE loss: 3.9400e-06 | time: 0.032
I 05.25/05:54:23 solver.py:141 ] Epoch: [219/400][140/196] lr: 1.26e-04 | MSE loss: 3.9759e-06 | time: 0.032
I 05.25/05:54:23 solver.py:141 ] Epoch: [219/400][160/196] lr: 1.26e-04 | MSE loss: 3.9485e-06 | time: 0.032
I 05.25/05:54:24 solver.py:141 ] Epoch: [219/400][180/196] lr: 1.26e-04 | MSE loss: 3.9247e-06 | time: 0.032
I 05.25/05:54:24 solver.py:151 ] => Train  Loss: 3.9159e-06

I 05.25/05:54:25 solver.py:206 ] 
=! Best NMSE: -2.0293e+01 (epoch=210)

I 05.25/05:54:26 solver.py:141 ] Epoch: [220/400][20/196] lr: 1.26e-04 | MSE loss: 3.8197e-06 | time: 0.045
I 05.25/05:54:26 solver.py:141 ] Epoch: [220/400][40/196] lr: 1.26e-04 | MSE loss: 3.7632e-06 | time: 0.037
I 05.25/05:54:27 solver.py:141 ] Epoch: [220/400][60/196] lr: 1.25e-04 | MSE loss: 3.7654e-06 | time: 0.034
I 05.25/05:54:27 solver.py:141 ] Epoch: [220/400][80/196] lr: 1.25e-04 | MSE loss: 3.7402e-06 | time: 0.033
I 05.25/05:54:28 solver.py:141 ] Epoch: [220/400][100/196] lr: 1.25e-04 | MSE loss: 3.7286e-06 | time: 0.033
I 05.25/05:54:29 solver.py:141 ] Epoch: [220/400][120/196] lr: 1.25e-04 | MSE loss: 3.7326e-06 | time: 0.032
I 05.25/05:54:29 solver.py:141 ] Epoch: [220/400][140/196] lr: 1.25e-04 | MSE loss: 3.7434e-06 | time: 0.032
I 05.25/05:54:30 solver.py:141 ] Epoch: [220/400][160/196] lr: 1.25e-04 | MSE loss: 3.7426e-06 | time: 0.032
I 05.25/05:54:30 solver.py:141 ] Epoch: [220/400][180/196] lr: 1.25e-04 | MSE loss: 3.7330e-06 | time: 0.031
I 05.25/05:54:31 solver.py:151 ] => Train  Loss: 3.7198e-06

I 05.25/05:54:31 solver.py:141 ] Epoch: [220/400][20/59] lr: 1.25e-04 | MSE loss: 3.7983e-06 | time: 0.017
I 05.25/05:54:32 solver.py:141 ] Epoch: [220/400][40/59] lr: 1.25e-04 | MSE loss: 3.8196e-06 | time: 0.013
I 05.25/05:54:32 solver.py:151 ] => Val  Loss: 3.8090e-06

I 05.25/05:54:32 solver.py:281 ] [20/40] loss: 3.8191e-06 | NMSE: -2.1046e+01 | time: 0.015
I 05.25/05:54:32 solver.py:281 ] [40/40] loss: 3.8186e-06 | NMSE: -2.1038e+01 | time: 0.013
I 05.25/05:54:32 solver.py:285 ] => Test NMSE: -2.1038e+01

I 05.25/05:54:32 solver.py:206 ] 
=! Best NMSE: -2.1038e+01 (epoch=220)

I 05.25/05:54:33 solver.py:141 ] Epoch: [221/400][20/196] lr: 1.25e-04 | MSE loss: 3.6269e-06 | time: 0.044
I 05.25/05:54:34 solver.py:141 ] Epoch: [221/400][40/196] lr: 1.25e-04 | MSE loss: 3.5808e-06 | time: 0.038
I 05.25/05:54:35 solver.py:141 ] Epoch: [221/400][60/196] lr: 1.25e-04 | MSE loss: 3.6220e-06 | time: 0.035
I 05.25/05:54:35 solver.py:141 ] Epoch: [221/400][80/196] lr: 1.25e-04 | MSE loss: 3.6307e-06 | time: 0.034
I 05.25/05:54:36 solver.py:141 ] Epoch: [221/400][100/196] lr: 1.25e-04 | MSE loss: 3.6735e-06 | time: 0.033
I 05.25/05:54:36 solver.py:141 ] Epoch: [221/400][120/196] lr: 1.25e-04 | MSE loss: 3.6801e-06 | time: 0.032
I 05.25/05:54:37 solver.py:141 ] Epoch: [221/400][140/196] lr: 1.25e-04 | MSE loss: 3.6921e-06 | time: 0.031
I 05.25/05:54:37 solver.py:141 ] Epoch: [221/400][160/196] lr: 1.24e-04 | MSE loss: 3.7058e-06 | time: 0.030
I 05.25/05:54:38 solver.py:141 ] Epoch: [221/400][180/196] lr: 1.24e-04 | MSE loss: 3.6929e-06 | time: 0.030
I 05.25/05:54:38 solver.py:151 ] => Train  Loss: 3.6886e-06

I 05.25/05:54:39 solver.py:206 ] 
=! Best NMSE: -2.1038e+01 (epoch=220)

I 05.25/05:54:40 solver.py:141 ] Epoch: [222/400][20/196] lr: 1.24e-04 | MSE loss: 3.5994e-06 | time: 0.049
I 05.25/05:54:40 solver.py:141 ] Epoch: [222/400][40/196] lr: 1.24e-04 | MSE loss: 3.5040e-06 | time: 0.042
I 05.25/05:54:41 solver.py:141 ] Epoch: [222/400][60/196] lr: 1.24e-04 | MSE loss: 3.5150e-06 | time: 0.039
I 05.25/05:54:42 solver.py:141 ] Epoch: [222/400][80/196] lr: 1.24e-04 | MSE loss: 3.5283e-06 | time: 0.036
I 05.25/05:54:42 solver.py:141 ] Epoch: [222/400][100/196] lr: 1.24e-04 | MSE loss: 3.5173e-06 | time: 0.035
I 05.25/05:54:43 solver.py:141 ] Epoch: [222/400][120/196] lr: 1.24e-04 | MSE loss: 3.5272e-06 | time: 0.034
I 05.25/05:54:43 solver.py:141 ] Epoch: [222/400][140/196] lr: 1.24e-04 | MSE loss: 3.5267e-06 | time: 0.034
I 05.25/05:54:44 solver.py:141 ] Epoch: [222/400][160/196] lr: 1.24e-04 | MSE loss: 3.5335e-06 | time: 0.034
I 05.25/05:54:45 solver.py:141 ] Epoch: [222/400][180/196] lr: 1.24e-04 | MSE loss: 3.5317e-06 | time: 0.033
I 05.25/05:54:45 solver.py:151 ] => Train  Loss: 3.5691e-06

I 05.25/05:54:45 solver.py:206 ] 
=! Best NMSE: -2.1038e+01 (epoch=220)

I 05.25/05:54:46 solver.py:141 ] Epoch: [223/400][20/196] lr: 1.24e-04 | MSE loss: 3.6240e-06 | time: 0.043
I 05.25/05:54:47 solver.py:141 ] Epoch: [223/400][40/196] lr: 1.24e-04 | MSE loss: 3.5712e-06 | time: 0.035
I 05.25/05:54:48 solver.py:141 ] Epoch: [223/400][60/196] lr: 1.23e-04 | MSE loss: 3.5260e-06 | time: 0.035
I 05.25/05:54:48 solver.py:141 ] Epoch: [223/400][80/196] lr: 1.23e-04 | MSE loss: 3.5146e-06 | time: 0.035
I 05.25/05:54:49 solver.py:141 ] Epoch: [223/400][100/196] lr: 1.23e-04 | MSE loss: 3.4996e-06 | time: 0.035
I 05.25/05:54:50 solver.py:141 ] Epoch: [223/400][120/196] lr: 1.23e-04 | MSE loss: 3.5026e-06 | time: 0.034
I 05.25/05:54:50 solver.py:141 ] Epoch: [223/400][140/196] lr: 1.23e-04 | MSE loss: 3.5215e-06 | time: 0.034
I 05.25/05:54:51 solver.py:141 ] Epoch: [223/400][160/196] lr: 1.23e-04 | MSE loss: 3.5154e-06 | time: 0.033
I 05.25/05:54:51 solver.py:141 ] Epoch: [223/400][180/196] lr: 1.23e-04 | MSE loss: 3.5299e-06 | time: 0.033
I 05.25/05:54:52 solver.py:151 ] => Train  Loss: 3.5545e-06

I 05.25/05:54:52 solver.py:206 ] 
=! Best NMSE: -2.1038e+01 (epoch=220)

I 05.25/05:54:53 solver.py:141 ] Epoch: [224/400][20/196] lr: 1.23e-04 | MSE loss: 3.3952e-06 | time: 0.046
I 05.25/05:54:54 solver.py:141 ] Epoch: [224/400][40/196] lr: 1.23e-04 | MSE loss: 3.5130e-06 | time: 0.038
I 05.25/05:54:54 solver.py:141 ] Epoch: [224/400][60/196] lr: 1.23e-04 | MSE loss: 3.5634e-06 | time: 0.036
I 05.25/05:54:55 solver.py:141 ] Epoch: [224/400][80/196] lr: 1.23e-04 | MSE loss: 3.5965e-06 | time: 0.034
I 05.25/05:54:56 solver.py:141 ] Epoch: [224/400][100/196] lr: 1.23e-04 | MSE loss: 3.5576e-06 | time: 0.034
I 05.25/05:54:56 solver.py:141 ] Epoch: [224/400][120/196] lr: 1.23e-04 | MSE loss: 3.5556e-06 | time: 0.033
I 05.25/05:54:57 solver.py:141 ] Epoch: [224/400][140/196] lr: 1.23e-04 | MSE loss: 3.5303e-06 | time: 0.033
I 05.25/05:54:57 solver.py:141 ] Epoch: [224/400][160/196] lr: 1.23e-04 | MSE loss: 3.5178e-06 | time: 0.032
I 05.25/05:54:58 solver.py:141 ] Epoch: [224/400][180/196] lr: 1.22e-04 | MSE loss: 3.4961e-06 | time: 0.032
I 05.25/05:54:59 solver.py:151 ] => Train  Loss: 3.4916e-06

I 05.25/05:54:59 solver.py:206 ] 
=! Best NMSE: -2.1038e+01 (epoch=220)

I 05.25/05:55:00 solver.py:141 ] Epoch: [225/400][20/196] lr: 1.22e-04 | MSE loss: 3.8244e-06 | time: 0.046
I 05.25/05:55:00 solver.py:141 ] Epoch: [225/400][40/196] lr: 1.22e-04 | MSE loss: 3.7753e-06 | time: 0.040
I 05.25/05:55:01 solver.py:141 ] Epoch: [225/400][60/196] lr: 1.22e-04 | MSE loss: 3.8016e-06 | time: 0.038
I 05.25/05:55:02 solver.py:141 ] Epoch: [225/400][80/196] lr: 1.22e-04 | MSE loss: 3.7062e-06 | time: 0.037
I 05.25/05:55:03 solver.py:141 ] Epoch: [225/400][100/196] lr: 1.22e-04 | MSE loss: 3.6302e-06 | time: 0.037
I 05.25/05:55:03 solver.py:141 ] Epoch: [225/400][120/196] lr: 1.22e-04 | MSE loss: 3.5849e-06 | time: 0.036
I 05.25/05:55:04 solver.py:141 ] Epoch: [225/400][140/196] lr: 1.22e-04 | MSE loss: 3.5741e-06 | time: 0.036
I 05.25/05:55:04 solver.py:141 ] Epoch: [225/400][160/196] lr: 1.22e-04 | MSE loss: 3.5572e-06 | time: 0.035
I 05.25/05:55:05 solver.py:141 ] Epoch: [225/400][180/196] lr: 1.22e-04 | MSE loss: 3.5592e-06 | time: 0.034
I 05.25/05:55:06 solver.py:151 ] => Train  Loss: 3.5435e-06

I 05.25/05:55:06 solver.py:206 ] 
=! Best NMSE: -2.1038e+01 (epoch=220)

I 05.25/05:55:07 solver.py:141 ] Epoch: [226/400][20/196] lr: 1.22e-04 | MSE loss: 3.3134e-06 | time: 0.056
I 05.25/05:55:08 solver.py:141 ] Epoch: [226/400][40/196] lr: 1.22e-04 | MSE loss: 3.3572e-06 | time: 0.048
I 05.25/05:55:08 solver.py:141 ] Epoch: [226/400][60/196] lr: 1.22e-04 | MSE loss: 3.3701e-06 | time: 0.037
I 05.25/05:55:09 solver.py:141 ] Epoch: [226/400][80/196] lr: 1.21e-04 | MSE loss: 3.4589e-06 | time: 0.033
I 05.25/05:55:09 solver.py:141 ] Epoch: [226/400][100/196] lr: 1.21e-04 | MSE loss: 3.4729e-06 | time: 0.032
I 05.25/05:55:10 solver.py:141 ] Epoch: [226/400][120/196] lr: 1.21e-04 | MSE loss: 3.4377e-06 | time: 0.033
I 05.25/05:55:11 solver.py:141 ] Epoch: [226/400][140/196] lr: 1.21e-04 | MSE loss: 3.4318e-06 | time: 0.033
I 05.25/05:55:11 solver.py:141 ] Epoch: [226/400][160/196] lr: 1.21e-04 | MSE loss: 3.4456e-06 | time: 0.033
I 05.25/05:55:12 solver.py:141 ] Epoch: [226/400][180/196] lr: 1.21e-04 | MSE loss: 3.4427e-06 | time: 0.033
I 05.25/05:55:12 solver.py:151 ] => Train  Loss: 3.4245e-06

I 05.25/05:55:13 solver.py:206 ] 
=! Best NMSE: -2.1038e+01 (epoch=220)

I 05.25/05:55:14 solver.py:141 ] Epoch: [227/400][20/196] lr: 1.21e-04 | MSE loss: 3.3122e-06 | time: 0.045
I 05.25/05:55:14 solver.py:141 ] Epoch: [227/400][40/196] lr: 1.21e-04 | MSE loss: 3.3810e-06 | time: 0.039
I 05.25/05:55:15 solver.py:141 ] Epoch: [227/400][60/196] lr: 1.21e-04 | MSE loss: 3.3755e-06 | time: 0.037
I 05.25/05:55:16 solver.py:141 ] Epoch: [227/400][80/196] lr: 1.21e-04 | MSE loss: 3.3566e-06 | time: 0.036
I 05.25/05:55:16 solver.py:141 ] Epoch: [227/400][100/196] lr: 1.21e-04 | MSE loss: 3.3325e-06 | time: 0.034
I 05.25/05:55:17 solver.py:141 ] Epoch: [227/400][120/196] lr: 1.21e-04 | MSE loss: 3.3233e-06 | time: 0.034
I 05.25/05:55:17 solver.py:141 ] Epoch: [227/400][140/196] lr: 1.21e-04 | MSE loss: 3.3082e-06 | time: 0.034
I 05.25/05:55:18 solver.py:141 ] Epoch: [227/400][160/196] lr: 1.21e-04 | MSE loss: 3.3239e-06 | time: 0.033
I 05.25/05:55:19 solver.py:141 ] Epoch: [227/400][180/196] lr: 1.20e-04 | MSE loss: 3.3180e-06 | time: 0.033
I 05.25/05:55:19 solver.py:151 ] => Train  Loss: 3.3154e-06

I 05.25/05:55:19 solver.py:206 ] 
=! Best NMSE: -2.1038e+01 (epoch=220)

I 05.25/05:55:20 solver.py:141 ] Epoch: [228/400][20/196] lr: 1.20e-04 | MSE loss: 3.4127e-06 | time: 0.043
I 05.25/05:55:21 solver.py:141 ] Epoch: [228/400][40/196] lr: 1.20e-04 | MSE loss: 3.3994e-06 | time: 0.036
I 05.25/05:55:21 solver.py:141 ] Epoch: [228/400][60/196] lr: 1.20e-04 | MSE loss: 3.3472e-06 | time: 0.035
I 05.25/05:55:22 solver.py:141 ] Epoch: [228/400][80/196] lr: 1.20e-04 | MSE loss: 3.3057e-06 | time: 0.033
I 05.25/05:55:22 solver.py:141 ] Epoch: [228/400][100/196] lr: 1.20e-04 | MSE loss: 3.2922e-06 | time: 0.032
I 05.25/05:55:23 solver.py:141 ] Epoch: [228/400][120/196] lr: 1.20e-04 | MSE loss: 3.3044e-06 | time: 0.032
I 05.25/05:55:24 solver.py:141 ] Epoch: [228/400][140/196] lr: 1.20e-04 | MSE loss: 3.2980e-06 | time: 0.032
I 05.25/05:55:24 solver.py:141 ] Epoch: [228/400][160/196] lr: 1.20e-04 | MSE loss: 3.2890e-06 | time: 0.031
I 05.25/05:55:25 solver.py:141 ] Epoch: [228/400][180/196] lr: 1.20e-04 | MSE loss: 3.2818e-06 | time: 0.030
I 05.25/05:55:25 solver.py:151 ] => Train  Loss: 3.2827e-06

I 05.25/05:55:25 solver.py:206 ] 
=! Best NMSE: -2.1038e+01 (epoch=220)

I 05.25/05:55:26 solver.py:141 ] Epoch: [229/400][20/196] lr: 1.20e-04 | MSE loss: 3.3661e-06 | time: 0.047
I 05.25/05:55:27 solver.py:141 ] Epoch: [229/400][40/196] lr: 1.20e-04 | MSE loss: 3.2955e-06 | time: 0.039
I 05.25/05:55:28 solver.py:141 ] Epoch: [229/400][60/196] lr: 1.20e-04 | MSE loss: 3.2283e-06 | time: 0.036
I 05.25/05:55:28 solver.py:141 ] Epoch: [229/400][80/196] lr: 1.20e-04 | MSE loss: 3.2223e-06 | time: 0.035
I 05.25/05:55:29 solver.py:141 ] Epoch: [229/400][100/196] lr: 1.19e-04 | MSE loss: 3.2198e-06 | time: 0.033
I 05.25/05:55:29 solver.py:141 ] Epoch: [229/400][120/196] lr: 1.19e-04 | MSE loss: 3.2422e-06 | time: 0.033
I 05.25/05:55:30 solver.py:141 ] Epoch: [229/400][140/196] lr: 1.19e-04 | MSE loss: 3.2572e-06 | time: 0.032
I 05.25/05:55:31 solver.py:141 ] Epoch: [229/400][160/196] lr: 1.19e-04 | MSE loss: 3.2446e-06 | time: 0.032
I 05.25/05:55:31 solver.py:141 ] Epoch: [229/400][180/196] lr: 1.19e-04 | MSE loss: 3.2288e-06 | time: 0.032
I 05.25/05:55:32 solver.py:151 ] => Train  Loss: 3.2310e-06

I 05.25/05:55:32 solver.py:206 ] 
=! Best NMSE: -2.1038e+01 (epoch=220)

I 05.25/05:55:33 solver.py:141 ] Epoch: [230/400][20/196] lr: 1.19e-04 | MSE loss: 3.1102e-06 | time: 0.045
I 05.25/05:55:33 solver.py:141 ] Epoch: [230/400][40/196] lr: 1.19e-04 | MSE loss: 3.1335e-06 | time: 0.039
I 05.25/05:55:34 solver.py:141 ] Epoch: [230/400][60/196] lr: 1.19e-04 | MSE loss: 3.1212e-06 | time: 0.037
I 05.25/05:55:35 solver.py:141 ] Epoch: [230/400][80/196] lr: 1.19e-04 | MSE loss: 3.1411e-06 | time: 0.035
I 05.25/05:55:35 solver.py:141 ] Epoch: [230/400][100/196] lr: 1.19e-04 | MSE loss: 3.1558e-06 | time: 0.034
I 05.25/05:55:36 solver.py:141 ] Epoch: [230/400][120/196] lr: 1.19e-04 | MSE loss: 3.1518e-06 | time: 0.033
I 05.25/05:55:36 solver.py:141 ] Epoch: [230/400][140/196] lr: 1.19e-04 | MSE loss: 3.1472e-06 | time: 0.033
I 05.25/05:55:37 solver.py:141 ] Epoch: [230/400][160/196] lr: 1.19e-04 | MSE loss: 3.1501e-06 | time: 0.032
I 05.25/05:55:38 solver.py:141 ] Epoch: [230/400][180/196] lr: 1.19e-04 | MSE loss: 3.1756e-06 | time: 0.032
I 05.25/05:55:38 solver.py:151 ] => Train  Loss: 3.1639e-06

I 05.25/05:55:39 solver.py:141 ] Epoch: [230/400][20/59] lr: 1.18e-04 | MSE loss: 3.3074e-06 | time: 0.017
I 05.25/05:55:39 solver.py:141 ] Epoch: [230/400][40/59] lr: 1.18e-04 | MSE loss: 3.3274e-06 | time: 0.017
I 05.25/05:55:39 solver.py:151 ] => Val  Loss: 3.3148e-06

I 05.25/05:55:40 solver.py:281 ] [20/40] loss: 3.3284e-06 | NMSE: -2.1689e+01 | time: 0.015
I 05.25/05:55:40 solver.py:281 ] [40/40] loss: 3.3255e-06 | NMSE: -2.1687e+01 | time: 0.016
I 05.25/05:55:40 solver.py:285 ] => Test NMSE: -2.1687e+01

I 05.25/05:55:40 solver.py:206 ] 
=! Best NMSE: -2.1687e+01 (epoch=230)

I 05.25/05:55:41 solver.py:141 ] Epoch: [231/400][20/196] lr: 1.18e-04 | MSE loss: 3.1530e-06 | time: 0.047
I 05.25/05:55:42 solver.py:141 ] Epoch: [231/400][40/196] lr: 1.18e-04 | MSE loss: 3.1674e-06 | time: 0.039
I 05.25/05:55:42 solver.py:141 ] Epoch: [231/400][60/196] lr: 1.18e-04 | MSE loss: 3.1501e-06 | time: 0.036
I 05.25/05:55:43 solver.py:141 ] Epoch: [231/400][80/196] lr: 1.18e-04 | MSE loss: 3.1273e-06 | time: 0.034
I 05.25/05:55:43 solver.py:141 ] Epoch: [231/400][100/196] lr: 1.18e-04 | MSE loss: 3.0890e-06 | time: 0.033
I 05.25/05:55:44 solver.py:141 ] Epoch: [231/400][120/196] lr: 1.18e-04 | MSE loss: 3.1137e-06 | time: 0.033
I 05.25/05:55:45 solver.py:141 ] Epoch: [231/400][140/196] lr: 1.18e-04 | MSE loss: 3.1302e-06 | time: 0.032
I 05.25/05:55:45 solver.py:141 ] Epoch: [231/400][160/196] lr: 1.18e-04 | MSE loss: 3.1321e-06 | time: 0.032
I 05.25/05:55:46 solver.py:141 ] Epoch: [231/400][180/196] lr: 1.18e-04 | MSE loss: 3.1266e-06 | time: 0.031
I 05.25/05:55:46 solver.py:151 ] => Train  Loss: 3.1349e-06

I 05.25/05:55:46 solver.py:206 ] 
=! Best NMSE: -2.1687e+01 (epoch=230)

I 05.25/05:55:48 solver.py:141 ] Epoch: [232/400][20/196] lr: 1.18e-04 | MSE loss: 3.0960e-06 | time: 0.052
I 05.25/05:55:48 solver.py:141 ] Epoch: [232/400][40/196] lr: 1.18e-04 | MSE loss: 3.0756e-06 | time: 0.042
I 05.25/05:55:49 solver.py:141 ] Epoch: [232/400][60/196] lr: 1.18e-04 | MSE loss: 3.0829e-06 | time: 0.039
I 05.25/05:55:49 solver.py:141 ] Epoch: [232/400][80/196] lr: 1.18e-04 | MSE loss: 3.1083e-06 | time: 0.037
I 05.25/05:55:50 solver.py:141 ] Epoch: [232/400][100/196] lr: 1.17e-04 | MSE loss: 3.1432e-06 | time: 0.035
I 05.25/05:55:51 solver.py:141 ] Epoch: [232/400][120/196] lr: 1.17e-04 | MSE loss: 3.1305e-06 | time: 0.034
I 05.25/05:55:51 solver.py:141 ] Epoch: [232/400][140/196] lr: 1.17e-04 | MSE loss: 3.1248e-06 | time: 0.033
I 05.25/05:55:52 solver.py:141 ] Epoch: [232/400][160/196] lr: 1.17e-04 | MSE loss: 3.1159e-06 | time: 0.033
I 05.25/05:55:52 solver.py:141 ] Epoch: [232/400][180/196] lr: 1.17e-04 | MSE loss: 3.1080e-06 | time: 0.032
I 05.25/05:55:53 solver.py:151 ] => Train  Loss: 3.0935e-06

I 05.25/05:55:53 solver.py:206 ] 
=! Best NMSE: -2.1687e+01 (epoch=230)

I 05.25/05:55:54 solver.py:141 ] Epoch: [233/400][20/196] lr: 1.17e-04 | MSE loss: 3.0591e-06 | time: 0.052
I 05.25/05:55:55 solver.py:141 ] Epoch: [233/400][40/196] lr: 1.17e-04 | MSE loss: 3.0279e-06 | time: 0.040
I 05.25/05:55:55 solver.py:141 ] Epoch: [233/400][60/196] lr: 1.17e-04 | MSE loss: 3.0387e-06 | time: 0.034
I 05.25/05:55:56 solver.py:141 ] Epoch: [233/400][80/196] lr: 1.17e-04 | MSE loss: 3.0354e-06 | time: 0.033
I 05.25/05:55:56 solver.py:141 ] Epoch: [233/400][100/196] lr: 1.17e-04 | MSE loss: 3.0207e-06 | time: 0.033
I 05.25/05:55:57 solver.py:141 ] Epoch: [233/400][120/196] lr: 1.17e-04 | MSE loss: 3.0259e-06 | time: 0.033
I 05.25/05:55:57 solver.py:141 ] Epoch: [233/400][140/196] lr: 1.17e-04 | MSE loss: 3.0179e-06 | time: 0.032
I 05.25/05:55:58 solver.py:141 ] Epoch: [233/400][160/196] lr: 1.17e-04 | MSE loss: 3.0480e-06 | time: 0.032
I 05.25/05:55:59 solver.py:141 ] Epoch: [233/400][180/196] lr: 1.17e-04 | MSE loss: 3.0472e-06 | time: 0.031
I 05.25/05:55:59 solver.py:151 ] => Train  Loss: 3.0385e-06

I 05.25/05:55:59 solver.py:206 ] 
=! Best NMSE: -2.1687e+01 (epoch=230)

I 05.25/05:56:00 solver.py:141 ] Epoch: [234/400][20/196] lr: 1.16e-04 | MSE loss: 3.2090e-06 | time: 0.050
I 05.25/05:56:01 solver.py:141 ] Epoch: [234/400][40/196] lr: 1.16e-04 | MSE loss: 3.0738e-06 | time: 0.041
I 05.25/05:56:02 solver.py:141 ] Epoch: [234/400][60/196] lr: 1.16e-04 | MSE loss: 3.0155e-06 | time: 0.039
I 05.25/05:56:02 solver.py:141 ] Epoch: [234/400][80/196] lr: 1.16e-04 | MSE loss: 2.9995e-06 | time: 0.037
I 05.25/05:56:03 solver.py:141 ] Epoch: [234/400][100/196] lr: 1.16e-04 | MSE loss: 3.0071e-06 | time: 0.037
I 05.25/05:56:04 solver.py:141 ] Epoch: [234/400][120/196] lr: 1.16e-04 | MSE loss: 3.0266e-06 | time: 0.036
I 05.25/05:56:04 solver.py:141 ] Epoch: [234/400][140/196] lr: 1.16e-04 | MSE loss: 3.0463e-06 | time: 0.035
I 05.25/05:56:05 solver.py:141 ] Epoch: [234/400][160/196] lr: 1.16e-04 | MSE loss: 3.0425e-06 | time: 0.035
I 05.25/05:56:05 solver.py:141 ] Epoch: [234/400][180/196] lr: 1.16e-04 | MSE loss: 3.0325e-06 | time: 0.034
I 05.25/05:56:06 solver.py:151 ] => Train  Loss: 3.0227e-06

I 05.25/05:56:06 solver.py:206 ] 
=! Best NMSE: -2.1687e+01 (epoch=230)

I 05.25/05:56:07 solver.py:141 ] Epoch: [235/400][20/196] lr: 1.16e-04 | MSE loss: 2.9289e-06 | time: 0.060
I 05.25/05:56:08 solver.py:141 ] Epoch: [235/400][40/196] lr: 1.16e-04 | MSE loss: 3.0654e-06 | time: 0.046
I 05.25/05:56:09 solver.py:141 ] Epoch: [235/400][60/196] lr: 1.16e-04 | MSE loss: 3.0654e-06 | time: 0.043
I 05.25/05:56:10 solver.py:141 ] Epoch: [235/400][80/196] lr: 1.16e-04 | MSE loss: 3.0508e-06 | time: 0.041
I 05.25/05:56:10 solver.py:141 ] Epoch: [235/400][100/196] lr: 1.16e-04 | MSE loss: 3.0300e-06 | time: 0.040
I 05.25/05:56:11 solver.py:141 ] Epoch: [235/400][120/196] lr: 1.15e-04 | MSE loss: 3.0351e-06 | time: 0.037
I 05.25/05:56:11 solver.py:141 ] Epoch: [235/400][140/196] lr: 1.15e-04 | MSE loss: 3.0273e-06 | time: 0.034
I 05.25/05:56:12 solver.py:141 ] Epoch: [235/400][160/196] lr: 1.15e-04 | MSE loss: 3.0225e-06 | time: 0.033
I 05.25/05:56:12 solver.py:141 ] Epoch: [235/400][180/196] lr: 1.15e-04 | MSE loss: 3.0092e-06 | time: 0.033
I 05.25/05:56:13 solver.py:151 ] => Train  Loss: 3.0125e-06

I 05.25/05:56:13 solver.py:206 ] 
=! Best NMSE: -2.1687e+01 (epoch=230)

I 05.25/05:56:14 solver.py:141 ] Epoch: [236/400][20/196] lr: 1.15e-04 | MSE loss: 2.9296e-06 | time: 0.044
I 05.25/05:56:14 solver.py:141 ] Epoch: [236/400][40/196] lr: 1.15e-04 | MSE loss: 3.0379e-06 | time: 0.031
I 05.25/05:56:15 solver.py:141 ] Epoch: [236/400][60/196] lr: 1.15e-04 | MSE loss: 3.0212e-06 | time: 0.030
I 05.25/05:56:15 solver.py:141 ] Epoch: [236/400][80/196] lr: 1.15e-04 | MSE loss: 2.9811e-06 | time: 0.029
I 05.25/05:56:16 solver.py:141 ] Epoch: [236/400][100/196] lr: 1.15e-04 | MSE loss: 2.9589e-06 | time: 0.029
I 05.25/05:56:16 solver.py:141 ] Epoch: [236/400][120/196] lr: 1.15e-04 | MSE loss: 2.9453e-06 | time: 0.029
I 05.25/05:56:17 solver.py:141 ] Epoch: [236/400][140/196] lr: 1.15e-04 | MSE loss: 2.9549e-06 | time: 0.029
I 05.25/05:56:18 solver.py:141 ] Epoch: [236/400][160/196] lr: 1.15e-04 | MSE loss: 2.9424e-06 | time: 0.030
I 05.25/05:56:18 solver.py:141 ] Epoch: [236/400][180/196] lr: 1.15e-04 | MSE loss: 2.9517e-06 | time: 0.030
I 05.25/05:56:19 solver.py:151 ] => Train  Loss: 2.9800e-06

I 05.25/05:56:19 solver.py:206 ] 
=! Best NMSE: -2.1687e+01 (epoch=230)

I 05.25/05:56:20 solver.py:141 ] Epoch: [237/400][20/196] lr: 1.14e-04 | MSE loss: 3.0943e-06 | time: 0.048
I 05.25/05:56:21 solver.py:141 ] Epoch: [237/400][40/196] lr: 1.14e-04 | MSE loss: 3.1160e-06 | time: 0.040
I 05.25/05:56:21 solver.py:141 ] Epoch: [237/400][60/196] lr: 1.14e-04 | MSE loss: 3.1442e-06 | time: 0.037
I 05.25/05:56:22 solver.py:141 ] Epoch: [237/400][80/196] lr: 1.14e-04 | MSE loss: 3.1264e-06 | time: 0.036
I 05.25/05:56:23 solver.py:141 ] Epoch: [237/400][100/196] lr: 1.14e-04 | MSE loss: 3.0921e-06 | time: 0.035
I 05.25/05:56:23 solver.py:141 ] Epoch: [237/400][120/196] lr: 1.14e-04 | MSE loss: 3.0900e-06 | time: 0.035
I 05.25/05:56:24 solver.py:141 ] Epoch: [237/400][140/196] lr: 1.14e-04 | MSE loss: 3.0531e-06 | time: 0.034
I 05.25/05:56:24 solver.py:141 ] Epoch: [237/400][160/196] lr: 1.14e-04 | MSE loss: 3.0402e-06 | time: 0.034
I 05.25/05:56:25 solver.py:141 ] Epoch: [237/400][180/196] lr: 1.14e-04 | MSE loss: 3.0372e-06 | time: 0.033
I 05.25/05:56:25 solver.py:151 ] => Train  Loss: 3.0440e-06

I 05.25/05:56:26 solver.py:206 ] 
=! Best NMSE: -2.1687e+01 (epoch=230)

I 05.25/05:56:27 solver.py:141 ] Epoch: [238/400][20/196] lr: 1.14e-04 | MSE loss: 2.9996e-06 | time: 0.044
I 05.25/05:56:27 solver.py:141 ] Epoch: [238/400][40/196] lr: 1.14e-04 | MSE loss: 3.0051e-06 | time: 0.038
I 05.25/05:56:28 solver.py:141 ] Epoch: [238/400][60/196] lr: 1.14e-04 | MSE loss: 2.9718e-06 | time: 0.037
I 05.25/05:56:29 solver.py:141 ] Epoch: [238/400][80/196] lr: 1.14e-04 | MSE loss: 2.9292e-06 | time: 0.036
I 05.25/05:56:29 solver.py:141 ] Epoch: [238/400][100/196] lr: 1.14e-04 | MSE loss: 2.8927e-06 | time: 0.034
I 05.25/05:56:30 solver.py:141 ] Epoch: [238/400][120/196] lr: 1.14e-04 | MSE loss: 2.8874e-06 | time: 0.034
I 05.25/05:56:30 solver.py:141 ] Epoch: [238/400][140/196] lr: 1.13e-04 | MSE loss: 2.8817e-06 | time: 0.034
I 05.25/05:56:31 solver.py:141 ] Epoch: [238/400][160/196] lr: 1.13e-04 | MSE loss: 2.8955e-06 | time: 0.034
I 05.25/05:56:32 solver.py:141 ] Epoch: [238/400][180/196] lr: 1.13e-04 | MSE loss: 2.9304e-06 | time: 0.033
I 05.25/05:56:32 solver.py:151 ] => Train  Loss: 2.9349e-06

I 05.25/05:56:32 solver.py:206 ] 
=! Best NMSE: -2.1687e+01 (epoch=230)

I 05.25/05:56:33 solver.py:141 ] Epoch: [239/400][20/196] lr: 1.13e-04 | MSE loss: 2.8352e-06 | time: 0.044
I 05.25/05:56:34 solver.py:141 ] Epoch: [239/400][40/196] lr: 1.13e-04 | MSE loss: 2.8118e-06 | time: 0.036
I 05.25/05:56:35 solver.py:141 ] Epoch: [239/400][60/196] lr: 1.13e-04 | MSE loss: 2.8424e-06 | time: 0.034
I 05.25/05:56:35 solver.py:141 ] Epoch: [239/400][80/196] lr: 1.13e-04 | MSE loss: 2.8376e-06 | time: 0.033
I 05.25/05:56:36 solver.py:141 ] Epoch: [239/400][100/196] lr: 1.13e-04 | MSE loss: 2.8240e-06 | time: 0.033
I 05.25/05:56:36 solver.py:141 ] Epoch: [239/400][120/196] lr: 1.13e-04 | MSE loss: 2.8207e-06 | time: 0.032
I 05.25/05:56:37 solver.py:141 ] Epoch: [239/400][140/196] lr: 1.13e-04 | MSE loss: 2.8164e-06 | time: 0.032
I 05.25/05:56:38 solver.py:141 ] Epoch: [239/400][160/196] lr: 1.13e-04 | MSE loss: 2.8297e-06 | time: 0.032
I 05.25/05:56:38 solver.py:141 ] Epoch: [239/400][180/196] lr: 1.13e-04 | MSE loss: 2.8481e-06 | time: 0.032
I 05.25/05:56:39 solver.py:151 ] => Train  Loss: 2.8495e-06

I 05.25/05:56:39 solver.py:206 ] 
=! Best NMSE: -2.1687e+01 (epoch=230)

I 05.25/05:56:40 solver.py:141 ] Epoch: [240/400][20/196] lr: 1.13e-04 | MSE loss: 2.7610e-06 | time: 0.046
I 05.25/05:56:41 solver.py:141 ] Epoch: [240/400][40/196] lr: 1.12e-04 | MSE loss: 2.7807e-06 | time: 0.041
I 05.25/05:56:41 solver.py:141 ] Epoch: [240/400][60/196] lr: 1.12e-04 | MSE loss: 2.7964e-06 | time: 0.038
I 05.25/05:56:42 solver.py:141 ] Epoch: [240/400][80/196] lr: 1.12e-04 | MSE loss: 2.7920e-06 | time: 0.035
I 05.25/05:56:43 solver.py:141 ] Epoch: [240/400][100/196] lr: 1.12e-04 | MSE loss: 2.7952e-06 | time: 0.034
I 05.25/05:56:43 solver.py:141 ] Epoch: [240/400][120/196] lr: 1.12e-04 | MSE loss: 2.7977e-06 | time: 0.033
I 05.25/05:56:44 solver.py:141 ] Epoch: [240/400][140/196] lr: 1.12e-04 | MSE loss: 2.7983e-06 | time: 0.032
I 05.25/05:56:44 solver.py:141 ] Epoch: [240/400][160/196] lr: 1.12e-04 | MSE loss: 2.7997e-06 | time: 0.031
I 05.25/05:56:44 solver.py:141 ] Epoch: [240/400][180/196] lr: 1.12e-04 | MSE loss: 2.8027e-06 | time: 0.030
I 05.25/05:56:45 solver.py:151 ] => Train  Loss: 2.8005e-06

I 05.25/05:56:46 solver.py:141 ] Epoch: [240/400][20/59] lr: 1.12e-04 | MSE loss: 3.1713e-06 | time: 0.029
I 05.25/05:56:46 solver.py:141 ] Epoch: [240/400][40/59] lr: 1.12e-04 | MSE loss: 3.1956e-06 | time: 0.018
I 05.25/05:56:46 solver.py:151 ] => Val  Loss: 3.1804e-06

I 05.25/05:56:46 solver.py:281 ] [20/40] loss: 3.1983e-06 | NMSE: -2.1876e+01 | time: 0.024
I 05.25/05:56:47 solver.py:281 ] [40/40] loss: 3.1963e-06 | NMSE: -2.1876e+01 | time: 0.017
I 05.25/05:56:47 solver.py:285 ] => Test NMSE: -2.1876e+01

I 05.25/05:56:47 solver.py:206 ] 
=! Best NMSE: -2.1876e+01 (epoch=240)

I 05.25/05:56:48 solver.py:141 ] Epoch: [241/400][20/196] lr: 1.12e-04 | MSE loss: 2.7755e-06 | time: 0.050
I 05.25/05:56:49 solver.py:141 ] Epoch: [241/400][40/196] lr: 1.12e-04 | MSE loss: 2.8173e-06 | time: 0.041
I 05.25/05:56:49 solver.py:141 ] Epoch: [241/400][60/196] lr: 1.12e-04 | MSE loss: 2.8462e-06 | time: 0.038
I 05.25/05:56:50 solver.py:141 ] Epoch: [241/400][80/196] lr: 1.12e-04 | MSE loss: 2.8619e-06 | time: 0.037
I 05.25/05:56:50 solver.py:141 ] Epoch: [241/400][100/196] lr: 1.12e-04 | MSE loss: 2.8417e-06 | time: 0.036
I 05.25/05:56:51 solver.py:141 ] Epoch: [241/400][120/196] lr: 1.12e-04 | MSE loss: 2.8320e-06 | time: 0.035
I 05.25/05:56:52 solver.py:141 ] Epoch: [241/400][140/196] lr: 1.12e-04 | MSE loss: 2.8186e-06 | time: 0.034
I 05.25/05:56:52 solver.py:141 ] Epoch: [241/400][160/196] lr: 1.11e-04 | MSE loss: 2.8162e-06 | time: 0.034
I 05.25/05:56:53 solver.py:141 ] Epoch: [241/400][180/196] lr: 1.11e-04 | MSE loss: 2.8303e-06 | time: 0.033
I 05.25/05:56:53 solver.py:151 ] => Train  Loss: 2.8280e-06

I 05.25/05:56:54 solver.py:206 ] 
=! Best NMSE: -2.1876e+01 (epoch=240)

I 05.25/05:56:55 solver.py:141 ] Epoch: [242/400][20/196] lr: 1.11e-04 | MSE loss: 2.6898e-06 | time: 0.045
I 05.25/05:56:55 solver.py:141 ] Epoch: [242/400][40/196] lr: 1.11e-04 | MSE loss: 2.8279e-06 | time: 0.037
I 05.25/05:56:56 solver.py:141 ] Epoch: [242/400][60/196] lr: 1.11e-04 | MSE loss: 2.8466e-06 | time: 0.034
I 05.25/05:56:56 solver.py:141 ] Epoch: [242/400][80/196] lr: 1.11e-04 | MSE loss: 2.8257e-06 | time: 0.033
I 05.25/05:56:57 solver.py:141 ] Epoch: [242/400][100/196] lr: 1.11e-04 | MSE loss: 2.8622e-06 | time: 0.033
I 05.25/05:56:58 solver.py:141 ] Epoch: [242/400][120/196] lr: 1.11e-04 | MSE loss: 2.8568e-06 | time: 0.033
I 05.25/05:56:58 solver.py:141 ] Epoch: [242/400][140/196] lr: 1.11e-04 | MSE loss: 2.8580e-06 | time: 0.032
I 05.25/05:56:59 solver.py:141 ] Epoch: [242/400][160/196] lr: 1.11e-04 | MSE loss: 2.8656e-06 | time: 0.032
I 05.25/05:56:59 solver.py:141 ] Epoch: [242/400][180/196] lr: 1.11e-04 | MSE loss: 2.8701e-06 | time: 0.032
I 05.25/05:57:00 solver.py:151 ] => Train  Loss: 2.8719e-06

I 05.25/05:57:00 solver.py:206 ] 
=! Best NMSE: -2.1876e+01 (epoch=240)

I 05.25/05:57:01 solver.py:141 ] Epoch: [243/400][20/196] lr: 1.11e-04 | MSE loss: 2.7850e-06 | time: 0.049
I 05.25/05:57:02 solver.py:141 ] Epoch: [243/400][40/196] lr: 1.11e-04 | MSE loss: 2.7708e-06 | time: 0.042
I 05.25/05:57:02 solver.py:141 ] Epoch: [243/400][60/196] lr: 1.10e-04 | MSE loss: 2.8545e-06 | time: 0.038
I 05.25/05:57:03 solver.py:141 ] Epoch: [243/400][80/196] lr: 1.10e-04 | MSE loss: 2.8595e-06 | time: 0.037
I 05.25/05:57:04 solver.py:141 ] Epoch: [243/400][100/196] lr: 1.10e-04 | MSE loss: 2.8944e-06 | time: 0.036
I 05.25/05:57:04 solver.py:141 ] Epoch: [243/400][120/196] lr: 1.10e-04 | MSE loss: 2.9005e-06 | time: 0.035
I 05.25/05:57:05 solver.py:141 ] Epoch: [243/400][140/196] lr: 1.10e-04 | MSE loss: 2.9177e-06 | time: 0.035
I 05.25/05:57:06 solver.py:141 ] Epoch: [243/400][160/196] lr: 1.10e-04 | MSE loss: 2.9059e-06 | time: 0.034
I 05.25/05:57:06 solver.py:141 ] Epoch: [243/400][180/196] lr: 1.10e-04 | MSE loss: 2.8872e-06 | time: 0.034
I 05.25/05:57:07 solver.py:151 ] => Train  Loss: 2.8737e-06

I 05.25/05:57:07 solver.py:206 ] 
=! Best NMSE: -2.1876e+01 (epoch=240)

I 05.25/05:57:08 solver.py:141 ] Epoch: [244/400][20/196] lr: 1.10e-04 | MSE loss: 2.6951e-06 | time: 0.057
I 05.25/05:57:09 solver.py:141 ] Epoch: [244/400][40/196] lr: 1.10e-04 | MSE loss: 2.6999e-06 | time: 0.047
I 05.25/05:57:10 solver.py:141 ] Epoch: [244/400][60/196] lr: 1.10e-04 | MSE loss: 2.7458e-06 | time: 0.042
I 05.25/05:57:10 solver.py:141 ] Epoch: [244/400][80/196] lr: 1.10e-04 | MSE loss: 2.7491e-06 | time: 0.039
I 05.25/05:57:11 solver.py:141 ] Epoch: [244/400][100/196] lr: 1.10e-04 | MSE loss: 2.7588e-06 | time: 0.037
I 05.25/05:57:11 solver.py:141 ] Epoch: [244/400][120/196] lr: 1.10e-04 | MSE loss: 2.7610e-06 | time: 0.035
I 05.25/05:57:12 solver.py:141 ] Epoch: [244/400][140/196] lr: 1.10e-04 | MSE loss: 2.7751e-06 | time: 0.034
I 05.25/05:57:12 solver.py:141 ] Epoch: [244/400][160/196] lr: 1.10e-04 | MSE loss: 2.7955e-06 | time: 0.033
I 05.25/05:57:13 solver.py:141 ] Epoch: [244/400][180/196] lr: 1.09e-04 | MSE loss: 2.7986e-06 | time: 0.033
I 05.25/05:57:13 solver.py:151 ] => Train  Loss: 2.8151e-06

I 05.25/05:57:14 solver.py:206 ] 
=! Best NMSE: -2.1876e+01 (epoch=240)

I 05.25/05:57:15 solver.py:141 ] Epoch: [245/400][20/196] lr: 1.09e-04 | MSE loss: 2.8621e-06 | time: 0.044
I 05.25/05:57:15 solver.py:141 ] Epoch: [245/400][40/196] lr: 1.09e-04 | MSE loss: 2.8819e-06 | time: 0.037
I 05.25/05:57:16 solver.py:141 ] Epoch: [245/400][60/196] lr: 1.09e-04 | MSE loss: 2.9255e-06 | time: 0.035
I 05.25/05:57:16 solver.py:141 ] Epoch: [245/400][80/196] lr: 1.09e-04 | MSE loss: 2.8854e-06 | time: 0.032
I 05.25/05:57:17 solver.py:141 ] Epoch: [245/400][100/196] lr: 1.09e-04 | MSE loss: 2.8344e-06 | time: 0.031
I 05.25/05:57:17 solver.py:141 ] Epoch: [245/400][120/196] lr: 1.09e-04 | MSE loss: 2.8358e-06 | time: 0.031
I 05.25/05:57:18 solver.py:141 ] Epoch: [245/400][140/196] lr: 1.09e-04 | MSE loss: 2.8173e-06 | time: 0.031
I 05.25/05:57:19 solver.py:141 ] Epoch: [245/400][160/196] lr: 1.09e-04 | MSE loss: 2.8018e-06 | time: 0.031
I 05.25/05:57:19 solver.py:141 ] Epoch: [245/400][180/196] lr: 1.09e-04 | MSE loss: 2.7854e-06 | time: 0.031
I 05.25/05:57:20 solver.py:151 ] => Train  Loss: 2.7834e-06

I 05.25/05:57:20 solver.py:206 ] 
=! Best NMSE: -2.1876e+01 (epoch=240)

I 05.25/05:57:21 solver.py:141 ] Epoch: [246/400][20/196] lr: 1.09e-04 | MSE loss: 2.6477e-06 | time: 0.045
I 05.25/05:57:21 solver.py:141 ] Epoch: [246/400][40/196] lr: 1.09e-04 | MSE loss: 2.6899e-06 | time: 0.038
I 05.25/05:57:22 solver.py:141 ] Epoch: [246/400][60/196] lr: 1.09e-04 | MSE loss: 2.6582e-06 | time: 0.034
I 05.25/05:57:23 solver.py:141 ] Epoch: [246/400][80/196] lr: 1.09e-04 | MSE loss: 2.6561e-06 | time: 0.033
I 05.25/05:57:23 solver.py:141 ] Epoch: [246/400][100/196] lr: 1.08e-04 | MSE loss: 2.6462e-06 | time: 0.033
I 05.25/05:57:24 solver.py:141 ] Epoch: [246/400][120/196] lr: 1.08e-04 | MSE loss: 2.6308e-06 | time: 0.033
I 05.25/05:57:24 solver.py:141 ] Epoch: [246/400][140/196] lr: 1.08e-04 | MSE loss: 2.6249e-06 | time: 0.033
I 05.25/05:57:25 solver.py:141 ] Epoch: [246/400][160/196] lr: 1.08e-04 | MSE loss: 2.6466e-06 | time: 0.032
I 05.25/05:57:26 solver.py:141 ] Epoch: [246/400][180/196] lr: 1.08e-04 | MSE loss: 2.6406e-06 | time: 0.032
I 05.25/05:57:26 solver.py:151 ] => Train  Loss: 2.6577e-06

I 05.25/05:57:26 solver.py:206 ] 
=! Best NMSE: -2.1876e+01 (epoch=240)

I 05.25/05:57:27 solver.py:141 ] Epoch: [247/400][20/196] lr: 1.08e-04 | MSE loss: 2.6097e-06 | time: 0.044
I 05.25/05:57:28 solver.py:141 ] Epoch: [247/400][40/196] lr: 1.08e-04 | MSE loss: 2.7244e-06 | time: 0.038
I 05.25/05:57:28 solver.py:141 ] Epoch: [247/400][60/196] lr: 1.08e-04 | MSE loss: 2.7575e-06 | time: 0.035
I 05.25/05:57:29 solver.py:141 ] Epoch: [247/400][80/196] lr: 1.08e-04 | MSE loss: 2.7587e-06 | time: 0.034
I 05.25/05:57:30 solver.py:141 ] Epoch: [247/400][100/196] lr: 1.08e-04 | MSE loss: 2.7488e-06 | time: 0.033
I 05.25/05:57:30 solver.py:141 ] Epoch: [247/400][120/196] lr: 1.08e-04 | MSE loss: 2.7854e-06 | time: 0.033
I 05.25/05:57:31 solver.py:141 ] Epoch: [247/400][140/196] lr: 1.08e-04 | MSE loss: 2.7589e-06 | time: 0.033
I 05.25/05:57:31 solver.py:141 ] Epoch: [247/400][160/196] lr: 1.08e-04 | MSE loss: 2.7594e-06 | time: 0.032
I 05.25/05:57:32 solver.py:141 ] Epoch: [247/400][180/196] lr: 1.08e-04 | MSE loss: 2.7541e-06 | time: 0.031
I 05.25/05:57:32 solver.py:151 ] => Train  Loss: 2.7536e-06

I 05.25/05:57:32 solver.py:206 ] 
=! Best NMSE: -2.1876e+01 (epoch=240)

I 05.25/05:57:34 solver.py:141 ] Epoch: [248/400][20/196] lr: 1.07e-04 | MSE loss: 2.8912e-06 | time: 0.053
I 05.25/05:57:34 solver.py:141 ] Epoch: [248/400][40/196] lr: 1.07e-04 | MSE loss: 2.8579e-06 | time: 0.043
I 05.25/05:57:35 solver.py:141 ] Epoch: [248/400][60/196] lr: 1.07e-04 | MSE loss: 2.8036e-06 | time: 0.038
I 05.25/05:57:35 solver.py:141 ] Epoch: [248/400][80/196] lr: 1.07e-04 | MSE loss: 2.7695e-06 | time: 0.036
I 05.25/05:57:36 solver.py:141 ] Epoch: [248/400][100/196] lr: 1.07e-04 | MSE loss: 2.7402e-06 | time: 0.035
I 05.25/05:57:37 solver.py:141 ] Epoch: [248/400][120/196] lr: 1.07e-04 | MSE loss: 2.7370e-06 | time: 0.035
I 05.25/05:57:37 solver.py:141 ] Epoch: [248/400][140/196] lr: 1.07e-04 | MSE loss: 2.7337e-06 | time: 0.035
I 05.25/05:57:38 solver.py:141 ] Epoch: [248/400][160/196] lr: 1.07e-04 | MSE loss: 2.7271e-06 | time: 0.035
I 05.25/05:57:39 solver.py:141 ] Epoch: [248/400][180/196] lr: 1.07e-04 | MSE loss: 2.7224e-06 | time: 0.034
I 05.25/05:57:39 solver.py:151 ] => Train  Loss: 2.7085e-06

I 05.25/05:57:39 solver.py:206 ] 
=! Best NMSE: -2.1876e+01 (epoch=240)

I 05.25/05:57:40 solver.py:141 ] Epoch: [249/400][20/196] lr: 1.07e-04 | MSE loss: 2.6038e-06 | time: 0.048
I 05.25/05:57:41 solver.py:141 ] Epoch: [249/400][40/196] lr: 1.07e-04 | MSE loss: 2.6989e-06 | time: 0.037
I 05.25/05:57:41 solver.py:141 ] Epoch: [249/400][60/196] lr: 1.07e-04 | MSE loss: 2.7153e-06 | time: 0.035
I 05.25/05:57:42 solver.py:141 ] Epoch: [249/400][80/196] lr: 1.07e-04 | MSE loss: 2.7169e-06 | time: 0.033
I 05.25/05:57:43 solver.py:141 ] Epoch: [249/400][100/196] lr: 1.07e-04 | MSE loss: 2.7267e-06 | time: 0.032
I 05.25/05:57:43 solver.py:141 ] Epoch: [249/400][120/196] lr: 1.06e-04 | MSE loss: 2.7175e-06 | time: 0.032
I 05.25/05:57:44 solver.py:141 ] Epoch: [249/400][140/196] lr: 1.06e-04 | MSE loss: 2.7030e-06 | time: 0.032
I 05.25/05:57:45 solver.py:141 ] Epoch: [249/400][160/196] lr: 1.06e-04 | MSE loss: 2.6962e-06 | time: 0.032
I 05.25/05:57:45 solver.py:141 ] Epoch: [249/400][180/196] lr: 1.06e-04 | MSE loss: 2.6810e-06 | time: 0.032
I 05.25/05:57:46 solver.py:151 ] => Train  Loss: 2.6844e-06

I 05.25/05:57:46 solver.py:206 ] 
=! Best NMSE: -2.1876e+01 (epoch=240)

I 05.25/05:57:47 solver.py:141 ] Epoch: [250/400][20/196] lr: 1.06e-04 | MSE loss: 2.6276e-06 | time: 0.056
I 05.25/05:57:48 solver.py:141 ] Epoch: [250/400][40/196] lr: 1.06e-04 | MSE loss: 2.6579e-06 | time: 0.041
I 05.25/05:57:48 solver.py:141 ] Epoch: [250/400][60/196] lr: 1.06e-04 | MSE loss: 2.6248e-06 | time: 0.037
I 05.25/05:57:49 solver.py:141 ] Epoch: [250/400][80/196] lr: 1.06e-04 | MSE loss: 2.6137e-06 | time: 0.035
I 05.25/05:57:49 solver.py:141 ] Epoch: [250/400][100/196] lr: 1.06e-04 | MSE loss: 2.5942e-06 | time: 0.034
I 05.25/05:57:50 solver.py:141 ] Epoch: [250/400][120/196] lr: 1.06e-04 | MSE loss: 2.5778e-06 | time: 0.033
I 05.25/05:57:50 solver.py:141 ] Epoch: [250/400][140/196] lr: 1.06e-04 | MSE loss: 2.6030e-06 | time: 0.032
I 05.25/05:57:51 solver.py:141 ] Epoch: [250/400][160/196] lr: 1.06e-04 | MSE loss: 2.6037e-06 | time: 0.032
I 05.25/05:57:52 solver.py:141 ] Epoch: [250/400][180/196] lr: 1.06e-04 | MSE loss: 2.5971e-06 | time: 0.032
I 05.25/05:57:52 solver.py:151 ] => Train  Loss: 2.5954e-06

I 05.25/05:57:53 solver.py:141 ] Epoch: [250/400][20/59] lr: 1.06e-04 | MSE loss: 2.7938e-06 | time: 0.030
I 05.25/05:57:53 solver.py:141 ] Epoch: [250/400][40/59] lr: 1.06e-04 | MSE loss: 2.8165e-06 | time: 0.018
I 05.25/05:57:53 solver.py:151 ] => Val  Loss: 2.8031e-06

I 05.25/05:57:54 solver.py:281 ] [20/40] loss: 2.8172e-06 | NMSE: -2.2460e+01 | time: 0.024
I 05.25/05:57:54 solver.py:281 ] [40/40] loss: 2.8134e-06 | NMSE: -2.2465e+01 | time: 0.016
I 05.25/05:57:54 solver.py:285 ] => Test NMSE: -2.2465e+01

I 05.25/05:57:54 solver.py:206 ] 
=! Best NMSE: -2.2465e+01 (epoch=250)

I 05.25/05:57:55 solver.py:141 ] Epoch: [251/400][20/196] lr: 1.06e-04 | MSE loss: 2.5893e-06 | time: 0.050
I 05.25/05:57:56 solver.py:141 ] Epoch: [251/400][40/196] lr: 1.05e-04 | MSE loss: 2.5816e-06 | time: 0.041
I 05.25/05:57:57 solver.py:141 ] Epoch: [251/400][60/196] lr: 1.05e-04 | MSE loss: 2.5544e-06 | time: 0.038
I 05.25/05:57:57 solver.py:141 ] Epoch: [251/400][80/196] lr: 1.05e-04 | MSE loss: 2.5571e-06 | time: 0.036
I 05.25/05:57:58 solver.py:141 ] Epoch: [251/400][100/196] lr: 1.05e-04 | MSE loss: 2.5632e-06 | time: 0.035
I 05.25/05:57:58 solver.py:141 ] Epoch: [251/400][120/196] lr: 1.05e-04 | MSE loss: 2.5770e-06 | time: 0.035
I 05.25/05:57:59 solver.py:141 ] Epoch: [251/400][140/196] lr: 1.05e-04 | MSE loss: 2.6108e-06 | time: 0.034
I 05.25/05:58:00 solver.py:141 ] Epoch: [251/400][160/196] lr: 1.05e-04 | MSE loss: 2.6170e-06 | time: 0.033
I 05.25/05:58:00 solver.py:141 ] Epoch: [251/400][180/196] lr: 1.05e-04 | MSE loss: 2.6262e-06 | time: 0.033
I 05.25/05:58:01 solver.py:151 ] => Train  Loss: 2.6506e-06

I 05.25/05:58:01 solver.py:206 ] 
=! Best NMSE: -2.2465e+01 (epoch=250)

I 05.25/05:58:02 solver.py:141 ] Epoch: [252/400][20/196] lr: 1.05e-04 | MSE loss: 2.6621e-06 | time: 0.067
I 05.25/05:58:03 solver.py:141 ] Epoch: [252/400][40/196] lr: 1.05e-04 | MSE loss: 2.6169e-06 | time: 0.048
I 05.25/05:58:03 solver.py:141 ] Epoch: [252/400][60/196] lr: 1.05e-04 | MSE loss: 2.5758e-06 | time: 0.039
I 05.25/05:58:04 solver.py:141 ] Epoch: [252/400][80/196] lr: 1.05e-04 | MSE loss: 2.5805e-06 | time: 0.036
I 05.25/05:58:05 solver.py:141 ] Epoch: [252/400][100/196] lr: 1.05e-04 | MSE loss: 2.5933e-06 | time: 0.035
I 05.25/05:58:05 solver.py:141 ] Epoch: [252/400][120/196] lr: 1.05e-04 | MSE loss: 2.5818e-06 | time: 0.035
I 05.25/05:58:06 solver.py:141 ] Epoch: [252/400][140/196] lr: 1.05e-04 | MSE loss: 2.5779e-06 | time: 0.034
I 05.25/05:58:07 solver.py:141 ] Epoch: [252/400][160/196] lr: 1.04e-04 | MSE loss: 2.5918e-06 | time: 0.034
I 05.25/05:58:07 solver.py:141 ] Epoch: [252/400][180/196] lr: 1.04e-04 | MSE loss: 2.5980e-06 | time: 0.034
I 05.25/05:58:08 solver.py:151 ] => Train  Loss: 2.6153e-06

I 05.25/05:58:08 solver.py:206 ] 
=! Best NMSE: -2.2465e+01 (epoch=250)

I 05.25/05:58:09 solver.py:141 ] Epoch: [253/400][20/196] lr: 1.04e-04 | MSE loss: 2.6324e-06 | time: 0.069
I 05.25/05:58:10 solver.py:141 ] Epoch: [253/400][40/196] lr: 1.04e-04 | MSE loss: 2.6497e-06 | time: 0.048
I 05.25/05:58:10 solver.py:141 ] Epoch: [253/400][60/196] lr: 1.04e-04 | MSE loss: 2.6491e-06 | time: 0.041
I 05.25/05:58:11 solver.py:141 ] Epoch: [253/400][80/196] lr: 1.04e-04 | MSE loss: 2.6028e-06 | time: 0.037
I 05.25/05:58:11 solver.py:141 ] Epoch: [253/400][100/196] lr: 1.04e-04 | MSE loss: 2.5728e-06 | time: 0.035
I 05.25/05:58:12 solver.py:141 ] Epoch: [253/400][120/196] lr: 1.04e-04 | MSE loss: 2.5812e-06 | time: 0.034
I 05.25/05:58:13 solver.py:141 ] Epoch: [253/400][140/196] lr: 1.04e-04 | MSE loss: 2.5907e-06 | time: 0.034
I 05.25/05:58:14 solver.py:141 ] Epoch: [253/400][160/196] lr: 1.04e-04 | MSE loss: 2.5899e-06 | time: 0.034
I 05.25/05:58:14 solver.py:141 ] Epoch: [253/400][180/196] lr: 1.04e-04 | MSE loss: 2.5728e-06 | time: 0.034
I 05.25/05:58:15 solver.py:151 ] => Train  Loss: 2.6200e-06

I 05.25/05:58:15 solver.py:206 ] 
=! Best NMSE: -2.2465e+01 (epoch=250)

I 05.25/05:58:16 solver.py:141 ] Epoch: [254/400][20/196] lr: 1.04e-04 | MSE loss: 2.8720e-06 | time: 0.057
I 05.25/05:58:17 solver.py:141 ] Epoch: [254/400][40/196] lr: 1.04e-04 | MSE loss: 2.7039e-06 | time: 0.044
I 05.25/05:58:17 solver.py:141 ] Epoch: [254/400][60/196] lr: 1.04e-04 | MSE loss: 2.6766e-06 | time: 0.040
I 05.25/05:58:18 solver.py:141 ] Epoch: [254/400][80/196] lr: 1.03e-04 | MSE loss: 2.6488e-06 | time: 0.038
I 05.25/05:58:19 solver.py:141 ] Epoch: [254/400][100/196] lr: 1.03e-04 | MSE loss: 2.6269e-06 | time: 0.037
I 05.25/05:58:19 solver.py:141 ] Epoch: [254/400][120/196] lr: 1.03e-04 | MSE loss: 2.6181e-06 | time: 0.035
I 05.25/05:58:19 solver.py:141 ] Epoch: [254/400][140/196] lr: 1.03e-04 | MSE loss: 2.6224e-06 | time: 0.033
I 05.25/05:58:20 solver.py:141 ] Epoch: [254/400][160/196] lr: 1.03e-04 | MSE loss: 2.6242e-06 | time: 0.032
I 05.25/05:58:21 solver.py:141 ] Epoch: [254/400][180/196] lr: 1.03e-04 | MSE loss: 2.6132e-06 | time: 0.033
I 05.25/05:58:21 solver.py:151 ] => Train  Loss: 2.6061e-06

I 05.25/05:58:21 solver.py:206 ] 
=! Best NMSE: -2.2465e+01 (epoch=250)

I 05.25/05:58:23 solver.py:141 ] Epoch: [255/400][20/196] lr: 1.03e-04 | MSE loss: 2.5303e-06 | time: 0.058
I 05.25/05:58:23 solver.py:141 ] Epoch: [255/400][40/196] lr: 1.03e-04 | MSE loss: 2.5276e-06 | time: 0.047
I 05.25/05:58:24 solver.py:141 ] Epoch: [255/400][60/196] lr: 1.03e-04 | MSE loss: 2.5472e-06 | time: 0.040
I 05.25/05:58:25 solver.py:141 ] Epoch: [255/400][80/196] lr: 1.03e-04 | MSE loss: 2.5426e-06 | time: 0.037
I 05.25/05:58:25 solver.py:141 ] Epoch: [255/400][100/196] lr: 1.03e-04 | MSE loss: 2.5245e-06 | time: 0.037
I 05.25/05:58:26 solver.py:141 ] Epoch: [255/400][120/196] lr: 1.03e-04 | MSE loss: 2.5327e-06 | time: 0.036
I 05.25/05:58:27 solver.py:141 ] Epoch: [255/400][140/196] lr: 1.03e-04 | MSE loss: 2.5495e-06 | time: 0.036
I 05.25/05:58:27 solver.py:141 ] Epoch: [255/400][160/196] lr: 1.03e-04 | MSE loss: 2.5427e-06 | time: 0.035
I 05.25/05:58:28 solver.py:141 ] Epoch: [255/400][180/196] lr: 1.02e-04 | MSE loss: 2.5359e-06 | time: 0.034
I 05.25/05:58:28 solver.py:151 ] => Train  Loss: 2.5476e-06

I 05.25/05:58:28 solver.py:206 ] 
=! Best NMSE: -2.2465e+01 (epoch=250)

I 05.25/05:58:30 solver.py:141 ] Epoch: [256/400][20/196] lr: 1.02e-04 | MSE loss: 2.6406e-06 | time: 0.056
I 05.25/05:58:30 solver.py:141 ] Epoch: [256/400][40/196] lr: 1.02e-04 | MSE loss: 2.5805e-06 | time: 0.043
I 05.25/05:58:31 solver.py:141 ] Epoch: [256/400][60/196] lr: 1.02e-04 | MSE loss: 2.5628e-06 | time: 0.039
I 05.25/05:58:31 solver.py:141 ] Epoch: [256/400][80/196] lr: 1.02e-04 | MSE loss: 2.5715e-06 | time: 0.037
I 05.25/05:58:32 solver.py:141 ] Epoch: [256/400][100/196] lr: 1.02e-04 | MSE loss: 2.5709e-06 | time: 0.036
I 05.25/05:58:33 solver.py:141 ] Epoch: [256/400][120/196] lr: 1.02e-04 | MSE loss: 2.5695e-06 | time: 0.035
I 05.25/05:58:33 solver.py:141 ] Epoch: [256/400][140/196] lr: 1.02e-04 | MSE loss: 2.5613e-06 | time: 0.034
I 05.25/05:58:34 solver.py:141 ] Epoch: [256/400][160/196] lr: 1.02e-04 | MSE loss: 2.5669e-06 | time: 0.034
I 05.25/05:58:34 solver.py:141 ] Epoch: [256/400][180/196] lr: 1.02e-04 | MSE loss: 2.5751e-06 | time: 0.033
I 05.25/05:58:35 solver.py:151 ] => Train  Loss: 2.5687e-06

I 05.25/05:58:35 solver.py:206 ] 
=! Best NMSE: -2.2465e+01 (epoch=250)

I 05.25/05:58:36 solver.py:141 ] Epoch: [257/400][20/196] lr: 1.02e-04 | MSE loss: 2.5693e-06 | time: 0.054
I 05.25/05:58:37 solver.py:141 ] Epoch: [257/400][40/196] lr: 1.02e-04 | MSE loss: 2.6346e-06 | time: 0.044
I 05.25/05:58:38 solver.py:141 ] Epoch: [257/400][60/196] lr: 1.02e-04 | MSE loss: 2.6153e-06 | time: 0.041
I 05.25/05:58:38 solver.py:141 ] Epoch: [257/400][80/196] lr: 1.02e-04 | MSE loss: 2.5950e-06 | time: 0.038
I 05.25/05:58:39 solver.py:141 ] Epoch: [257/400][100/196] lr: 1.02e-04 | MSE loss: 2.5737e-06 | time: 0.036
I 05.25/05:58:39 solver.py:141 ] Epoch: [257/400][120/196] lr: 1.01e-04 | MSE loss: 2.5512e-06 | time: 0.035
I 05.25/05:58:40 solver.py:141 ] Epoch: [257/400][140/196] lr: 1.01e-04 | MSE loss: 2.5438e-06 | time: 0.034
I 05.25/05:58:41 solver.py:141 ] Epoch: [257/400][160/196] lr: 1.01e-04 | MSE loss: 2.5319e-06 | time: 0.034
I 05.25/05:58:41 solver.py:141 ] Epoch: [257/400][180/196] lr: 1.01e-04 | MSE loss: 2.5229e-06 | time: 0.033
I 05.25/05:58:42 solver.py:151 ] => Train  Loss: 2.5249e-06

I 05.25/05:58:42 solver.py:206 ] 
=! Best NMSE: -2.2465e+01 (epoch=250)

I 05.25/05:58:43 solver.py:141 ] Epoch: [258/400][20/196] lr: 1.01e-04 | MSE loss: 2.8687e-06 | time: 0.055
I 05.25/05:58:44 solver.py:141 ] Epoch: [258/400][40/196] lr: 1.01e-04 | MSE loss: 2.6905e-06 | time: 0.042
I 05.25/05:58:44 solver.py:141 ] Epoch: [258/400][60/196] lr: 1.01e-04 | MSE loss: 2.6629e-06 | time: 0.038
I 05.25/05:58:45 solver.py:141 ] Epoch: [258/400][80/196] lr: 1.01e-04 | MSE loss: 2.6550e-06 | time: 0.037
I 05.25/05:58:46 solver.py:141 ] Epoch: [258/400][100/196] lr: 1.01e-04 | MSE loss: 2.6374e-06 | time: 0.036
I 05.25/05:58:46 solver.py:141 ] Epoch: [258/400][120/196] lr: 1.01e-04 | MSE loss: 2.6207e-06 | time: 0.035
I 05.25/05:58:47 solver.py:141 ] Epoch: [258/400][140/196] lr: 1.01e-04 | MSE loss: 2.6170e-06 | time: 0.035
I 05.25/05:58:48 solver.py:141 ] Epoch: [258/400][160/196] lr: 1.01e-04 | MSE loss: 2.5984e-06 | time: 0.035
I 05.25/05:58:48 solver.py:141 ] Epoch: [258/400][180/196] lr: 1.01e-04 | MSE loss: 2.5797e-06 | time: 0.034
I 05.25/05:58:49 solver.py:151 ] => Train  Loss: 2.5711e-06

I 05.25/05:58:49 solver.py:206 ] 
=! Best NMSE: -2.2465e+01 (epoch=250)

I 05.25/05:58:50 solver.py:141 ] Epoch: [259/400][20/196] lr: 1.01e-04 | MSE loss: 2.4032e-06 | time: 0.052
I 05.25/05:58:51 solver.py:141 ] Epoch: [259/400][40/196] lr: 1.00e-04 | MSE loss: 2.4175e-06 | time: 0.042
I 05.25/05:58:51 solver.py:141 ] Epoch: [259/400][60/196] lr: 1.00e-04 | MSE loss: 2.4666e-06 | time: 0.036
I 05.25/05:58:51 solver.py:141 ] Epoch: [259/400][80/196] lr: 1.00e-04 | MSE loss: 2.4678e-06 | time: 0.033
I 05.25/05:58:52 solver.py:141 ] Epoch: [259/400][100/196] lr: 1.00e-04 | MSE loss: 2.4724e-06 | time: 0.032
I 05.25/05:58:53 solver.py:141 ] Epoch: [259/400][120/196] lr: 1.00e-04 | MSE loss: 2.5048e-06 | time: 0.032
I 05.25/05:58:53 solver.py:141 ] Epoch: [259/400][140/196] lr: 1.00e-04 | MSE loss: 2.5314e-06 | time: 0.032
I 05.25/05:58:54 solver.py:141 ] Epoch: [259/400][160/196] lr: 1.00e-04 | MSE loss: 2.5321e-06 | time: 0.032
I 05.25/05:58:55 solver.py:141 ] Epoch: [259/400][180/196] lr: 1.00e-04 | MSE loss: 2.5273e-06 | time: 0.032
I 05.25/05:58:55 solver.py:151 ] => Train  Loss: 2.5254e-06

I 05.25/05:58:55 solver.py:206 ] 
=! Best NMSE: -2.2465e+01 (epoch=250)

I 05.25/05:58:57 solver.py:141 ] Epoch: [260/400][20/196] lr: 9.99e-05 | MSE loss: 2.4887e-06 | time: 0.047
I 05.25/05:58:57 solver.py:141 ] Epoch: [260/400][40/196] lr: 9.98e-05 | MSE loss: 2.4512e-06 | time: 0.039
I 05.25/05:58:58 solver.py:141 ] Epoch: [260/400][60/196] lr: 9.98e-05 | MSE loss: 2.4537e-06 | time: 0.037
I 05.25/05:58:58 solver.py:141 ] Epoch: [260/400][80/196] lr: 9.97e-05 | MSE loss: 2.4455e-06 | time: 0.035
I 05.25/05:58:59 solver.py:141 ] Epoch: [260/400][100/196] lr: 9.96e-05 | MSE loss: 2.4370e-06 | time: 0.034
I 05.25/05:59:00 solver.py:141 ] Epoch: [260/400][120/196] lr: 9.96e-05 | MSE loss: 2.4311e-06 | time: 0.033
I 05.25/05:59:00 solver.py:141 ] Epoch: [260/400][140/196] lr: 9.95e-05 | MSE loss: 2.4363e-06 | time: 0.033
I 05.25/05:59:01 solver.py:141 ] Epoch: [260/400][160/196] lr: 9.95e-05 | MSE loss: 2.4735e-06 | time: 0.034
I 05.25/05:59:02 solver.py:141 ] Epoch: [260/400][180/196] lr: 9.94e-05 | MSE loss: 2.4806e-06 | time: 0.033
I 05.25/05:59:02 solver.py:151 ] => Train  Loss: 2.4898e-06

I 05.25/05:59:03 solver.py:141 ] Epoch: [260/400][20/59] lr: 9.93e-05 | MSE loss: 3.0019e-06 | time: 0.021
I 05.25/05:59:03 solver.py:141 ] Epoch: [260/400][40/59] lr: 9.93e-05 | MSE loss: 3.0202e-06 | time: 0.016
I 05.25/05:59:03 solver.py:151 ] => Val  Loss: 3.0073e-06

I 05.25/05:59:04 solver.py:281 ] [20/40] loss: 3.0214e-06 | NMSE: -2.2095e+01 | time: 0.026
I 05.25/05:59:04 solver.py:281 ] [40/40] loss: 3.0198e-06 | NMSE: -2.2098e+01 | time: 0.021
I 05.25/05:59:04 solver.py:285 ] => Test NMSE: -2.2098e+01

I 05.25/05:59:04 solver.py:206 ] 
=! Best NMSE: -2.2465e+01 (epoch=250)

I 05.25/05:59:05 solver.py:141 ] Epoch: [261/400][20/196] lr: 9.93e-05 | MSE loss: 2.5281e-06 | time: 0.060
I 05.25/05:59:06 solver.py:141 ] Epoch: [261/400][40/196] lr: 9.92e-05 | MSE loss: 2.5283e-06 | time: 0.046
I 05.25/05:59:07 solver.py:141 ] Epoch: [261/400][60/196] lr: 9.92e-05 | MSE loss: 2.5237e-06 | time: 0.041
I 05.25/05:59:07 solver.py:141 ] Epoch: [261/400][80/196] lr: 9.91e-05 | MSE loss: 2.5127e-06 | time: 0.037
I 05.25/05:59:08 solver.py:141 ] Epoch: [261/400][100/196] lr: 9.90e-05 | MSE loss: 2.5112e-06 | time: 0.034
I 05.25/05:59:08 solver.py:141 ] Epoch: [261/400][120/196] lr: 9.90e-05 | MSE loss: 2.5124e-06 | time: 0.034
I 05.25/05:59:09 solver.py:141 ] Epoch: [261/400][140/196] lr: 9.89e-05 | MSE loss: 2.4963e-06 | time: 0.033
I 05.25/05:59:09 solver.py:141 ] Epoch: [261/400][160/196] lr: 9.88e-05 | MSE loss: 2.4940e-06 | time: 0.032
I 05.25/05:59:10 solver.py:141 ] Epoch: [261/400][180/196] lr: 9.88e-05 | MSE loss: 2.5110e-06 | time: 0.031
I 05.25/05:59:10 solver.py:151 ] => Train  Loss: 2.5179e-06

I 05.25/05:59:10 solver.py:206 ] 
=! Best NMSE: -2.2465e+01 (epoch=250)

I 05.25/05:59:11 solver.py:141 ] Epoch: [262/400][20/196] lr: 9.87e-05 | MSE loss: 2.4194e-06 | time: 0.045
I 05.25/05:59:12 solver.py:141 ] Epoch: [262/400][40/196] lr: 9.86e-05 | MSE loss: 2.4637e-06 | time: 0.038
I 05.25/05:59:13 solver.py:141 ] Epoch: [262/400][60/196] lr: 9.85e-05 | MSE loss: 2.4891e-06 | time: 0.034
I 05.25/05:59:13 solver.py:141 ] Epoch: [262/400][80/196] lr: 9.85e-05 | MSE loss: 2.5023e-06 | time: 0.032
I 05.25/05:59:14 solver.py:141 ] Epoch: [262/400][100/196] lr: 9.84e-05 | MSE loss: 2.5043e-06 | time: 0.031
I 05.25/05:59:14 solver.py:141 ] Epoch: [262/400][120/196] lr: 9.84e-05 | MSE loss: 2.5001e-06 | time: 0.031
I 05.25/05:59:15 solver.py:141 ] Epoch: [262/400][140/196] lr: 9.83e-05 | MSE loss: 2.4907e-06 | time: 0.031
I 05.25/05:59:15 solver.py:141 ] Epoch: [262/400][160/196] lr: 9.82e-05 | MSE loss: 2.4990e-06 | time: 0.031
I 05.25/05:59:16 solver.py:141 ] Epoch: [262/400][180/196] lr: 9.82e-05 | MSE loss: 2.4910e-06 | time: 0.030
I 05.25/05:59:16 solver.py:151 ] => Train  Loss: 2.4848e-06

I 05.25/05:59:17 solver.py:206 ] 
=! Best NMSE: -2.2465e+01 (epoch=250)

I 05.25/05:59:18 solver.py:141 ] Epoch: [263/400][20/196] lr: 9.81e-05 | MSE loss: 2.4291e-06 | time: 0.047
I 05.25/05:59:18 solver.py:141 ] Epoch: [263/400][40/196] lr: 9.80e-05 | MSE loss: 2.4150e-06 | time: 0.040
I 05.25/05:59:19 solver.py:141 ] Epoch: [263/400][60/196] lr: 9.79e-05 | MSE loss: 2.3995e-06 | time: 0.039
I 05.25/05:59:20 solver.py:141 ] Epoch: [263/400][80/196] lr: 9.79e-05 | MSE loss: 2.4245e-06 | time: 0.037
I 05.25/05:59:20 solver.py:141 ] Epoch: [263/400][100/196] lr: 9.78e-05 | MSE loss: 2.4398e-06 | time: 0.036
I 05.25/05:59:21 solver.py:141 ] Epoch: [263/400][120/196] lr: 9.77e-05 | MSE loss: 2.4404e-06 | time: 0.035
I 05.25/05:59:21 solver.py:141 ] Epoch: [263/400][140/196] lr: 9.77e-05 | MSE loss: 2.4416e-06 | time: 0.034
I 05.25/05:59:22 solver.py:141 ] Epoch: [263/400][160/196] lr: 9.76e-05 | MSE loss: 2.4392e-06 | time: 0.033
I 05.25/05:59:23 solver.py:141 ] Epoch: [263/400][180/196] lr: 9.76e-05 | MSE loss: 2.4397e-06 | time: 0.032
I 05.25/05:59:23 solver.py:151 ] => Train  Loss: 2.4553e-06

I 05.25/05:59:23 solver.py:206 ] 
=! Best NMSE: -2.2465e+01 (epoch=250)

I 05.25/05:59:24 solver.py:141 ] Epoch: [264/400][20/196] lr: 9.75e-05 | MSE loss: 2.4684e-06 | time: 0.046
I 05.25/05:59:25 solver.py:141 ] Epoch: [264/400][40/196] lr: 9.74e-05 | MSE loss: 2.5085e-06 | time: 0.034
I 05.25/05:59:25 solver.py:141 ] Epoch: [264/400][60/196] lr: 9.73e-05 | MSE loss: 2.5066e-06 | time: 0.031
I 05.25/05:59:26 solver.py:141 ] Epoch: [264/400][80/196] lr: 9.73e-05 | MSE loss: 2.4849e-06 | time: 0.030
I 05.25/05:59:26 solver.py:141 ] Epoch: [264/400][100/196] lr: 9.72e-05 | MSE loss: 2.4819e-06 | time: 0.030
I 05.25/05:59:27 solver.py:141 ] Epoch: [264/400][120/196] lr: 9.71e-05 | MSE loss: 2.4736e-06 | time: 0.030
I 05.25/05:59:28 solver.py:141 ] Epoch: [264/400][140/196] lr: 9.71e-05 | MSE loss: 2.4920e-06 | time: 0.031
I 05.25/05:59:28 solver.py:141 ] Epoch: [264/400][160/196] lr: 9.70e-05 | MSE loss: 2.4873e-06 | time: 0.031
I 05.25/05:59:29 solver.py:141 ] Epoch: [264/400][180/196] lr: 9.70e-05 | MSE loss: 2.4857e-06 | time: 0.031
I 05.25/05:59:29 solver.py:151 ] => Train  Loss: 2.4784e-06

I 05.25/05:59:29 solver.py:206 ] 
=! Best NMSE: -2.2465e+01 (epoch=250)

I 05.25/05:59:30 solver.py:141 ] Epoch: [265/400][20/196] lr: 9.68e-05 | MSE loss: 2.5207e-06 | time: 0.046
I 05.25/05:59:31 solver.py:141 ] Epoch: [265/400][40/196] lr: 9.68e-05 | MSE loss: 2.5082e-06 | time: 0.037
I 05.25/05:59:32 solver.py:141 ] Epoch: [265/400][60/196] lr: 9.67e-05 | MSE loss: 2.5637e-06 | time: 0.036
I 05.25/05:59:32 solver.py:141 ] Epoch: [265/400][80/196] lr: 9.67e-05 | MSE loss: 2.5480e-06 | time: 0.034
I 05.25/05:59:33 solver.py:141 ] Epoch: [265/400][100/196] lr: 9.66e-05 | MSE loss: 2.5441e-06 | time: 0.034
I 05.25/05:59:34 solver.py:141 ] Epoch: [265/400][120/196] lr: 9.65e-05 | MSE loss: 2.5279e-06 | time: 0.033
I 05.25/05:59:34 solver.py:141 ] Epoch: [265/400][140/196] lr: 9.65e-05 | MSE loss: 2.5340e-06 | time: 0.032
I 05.25/05:59:35 solver.py:141 ] Epoch: [265/400][160/196] lr: 9.64e-05 | MSE loss: 2.5080e-06 | time: 0.033
I 05.25/05:59:35 solver.py:141 ] Epoch: [265/400][180/196] lr: 9.63e-05 | MSE loss: 2.5041e-06 | time: 0.033
I 05.25/05:59:36 solver.py:151 ] => Train  Loss: 2.5159e-06

I 05.25/05:59:36 solver.py:206 ] 
=! Best NMSE: -2.2465e+01 (epoch=250)

I 05.25/05:59:37 solver.py:141 ] Epoch: [266/400][20/196] lr: 9.62e-05 | MSE loss: 2.6355e-06 | time: 0.043
I 05.25/05:59:38 solver.py:141 ] Epoch: [266/400][40/196] lr: 9.62e-05 | MSE loss: 2.6051e-06 | time: 0.038
I 05.25/05:59:38 solver.py:141 ] Epoch: [266/400][60/196] lr: 9.61e-05 | MSE loss: 2.6154e-06 | time: 0.034
I 05.25/05:59:39 solver.py:141 ] Epoch: [266/400][80/196] lr: 9.61e-05 | MSE loss: 2.5707e-06 | time: 0.033
I 05.25/05:59:39 solver.py:141 ] Epoch: [266/400][100/196] lr: 9.60e-05 | MSE loss: 2.5324e-06 | time: 0.032
I 05.25/05:59:40 solver.py:141 ] Epoch: [266/400][120/196] lr: 9.59e-05 | MSE loss: 2.5056e-06 | time: 0.033
I 05.25/05:59:41 solver.py:141 ] Epoch: [266/400][140/196] lr: 9.59e-05 | MSE loss: 2.4787e-06 | time: 0.032
I 05.25/05:59:41 solver.py:141 ] Epoch: [266/400][160/196] lr: 9.58e-05 | MSE loss: 2.4741e-06 | time: 0.031
I 05.25/05:59:42 solver.py:141 ] Epoch: [266/400][180/196] lr: 9.57e-05 | MSE loss: 2.5042e-06 | time: 0.031
I 05.25/05:59:42 solver.py:151 ] => Train  Loss: 2.5166e-06

I 05.25/05:59:42 solver.py:206 ] 
=! Best NMSE: -2.2465e+01 (epoch=250)

I 05.25/05:59:43 solver.py:141 ] Epoch: [267/400][20/196] lr: 9.56e-05 | MSE loss: 2.5461e-06 | time: 0.045
I 05.25/05:59:44 solver.py:141 ] Epoch: [267/400][40/196] lr: 9.56e-05 | MSE loss: 2.5259e-06 | time: 0.038
I 05.25/05:59:45 solver.py:141 ] Epoch: [267/400][60/196] lr: 9.55e-05 | MSE loss: 2.4657e-06 | time: 0.036
I 05.25/05:59:45 solver.py:141 ] Epoch: [267/400][80/196] lr: 9.54e-05 | MSE loss: 2.4707e-06 | time: 0.034
I 05.25/05:59:46 solver.py:141 ] Epoch: [267/400][100/196] lr: 9.54e-05 | MSE loss: 2.4734e-06 | time: 0.033
I 05.25/05:59:46 solver.py:141 ] Epoch: [267/400][120/196] lr: 9.53e-05 | MSE loss: 2.4554e-06 | time: 0.033
I 05.25/05:59:47 solver.py:141 ] Epoch: [267/400][140/196] lr: 9.53e-05 | MSE loss: 2.4578e-06 | time: 0.032
I 05.25/05:59:48 solver.py:141 ] Epoch: [267/400][160/196] lr: 9.52e-05 | MSE loss: 2.4520e-06 | time: 0.032
I 05.25/05:59:48 solver.py:141 ] Epoch: [267/400][180/196] lr: 9.51e-05 | MSE loss: 2.4459e-06 | time: 0.032
I 05.25/05:59:49 solver.py:151 ] => Train  Loss: 2.4447e-06

I 05.25/05:59:49 solver.py:206 ] 
=! Best NMSE: -2.2465e+01 (epoch=250)

I 05.25/05:59:50 solver.py:141 ] Epoch: [268/400][20/196] lr: 9.50e-05 | MSE loss: 2.4079e-06 | time: 0.043
I 05.25/05:59:50 solver.py:141 ] Epoch: [268/400][40/196] lr: 9.50e-05 | MSE loss: 2.3793e-06 | time: 0.036
I 05.25/05:59:51 solver.py:141 ] Epoch: [268/400][60/196] lr: 9.49e-05 | MSE loss: 2.3854e-06 | time: 0.035
I 05.25/05:59:52 solver.py:141 ] Epoch: [268/400][80/196] lr: 9.48e-05 | MSE loss: 2.3732e-06 | time: 0.034
I 05.25/05:59:52 solver.py:141 ] Epoch: [268/400][100/196] lr: 9.48e-05 | MSE loss: 2.3725e-06 | time: 0.033
I 05.25/05:59:53 solver.py:141 ] Epoch: [268/400][120/196] lr: 9.47e-05 | MSE loss: 2.3914e-06 | time: 0.033
I 05.25/05:59:54 solver.py:141 ] Epoch: [268/400][140/196] lr: 9.47e-05 | MSE loss: 2.4116e-06 | time: 0.033
I 05.25/05:59:54 solver.py:141 ] Epoch: [268/400][160/196] lr: 9.46e-05 | MSE loss: 2.4057e-06 | time: 0.033
I 05.25/05:59:55 solver.py:141 ] Epoch: [268/400][180/196] lr: 9.45e-05 | MSE loss: 2.3919e-06 | time: 0.033
I 05.25/05:59:55 solver.py:151 ] => Train  Loss: 2.3984e-06

I 05.25/05:59:56 solver.py:206 ] 
=! Best NMSE: -2.2465e+01 (epoch=250)

I 05.25/05:59:56 solver.py:141 ] Epoch: [269/400][20/196] lr: 9.44e-05 | MSE loss: 2.5015e-06 | time: 0.045
I 05.25/05:59:57 solver.py:141 ] Epoch: [269/400][40/196] lr: 9.44e-05 | MSE loss: 2.4786e-06 | time: 0.034
I 05.25/05:59:58 solver.py:141 ] Epoch: [269/400][60/196] lr: 9.43e-05 | MSE loss: 2.4739e-06 | time: 0.032
I 05.25/05:59:58 solver.py:141 ] Epoch: [269/400][80/196] lr: 9.43e-05 | MSE loss: 2.4677e-06 | time: 0.032
I 05.25/05:59:59 solver.py:141 ] Epoch: [269/400][100/196] lr: 9.42e-05 | MSE loss: 2.4560e-06 | time: 0.031
I 05.25/05:59:59 solver.py:141 ] Epoch: [269/400][120/196] lr: 9.41e-05 | MSE loss: 2.4465e-06 | time: 0.031
I 05.25/06:00:00 solver.py:141 ] Epoch: [269/400][140/196] lr: 9.41e-05 | MSE loss: 2.4386e-06 | time: 0.031
I 05.25/06:00:00 solver.py:141 ] Epoch: [269/400][160/196] lr: 9.40e-05 | MSE loss: 2.4380e-06 | time: 0.030
I 05.25/06:00:01 solver.py:141 ] Epoch: [269/400][180/196] lr: 9.39e-05 | MSE loss: 2.4438e-06 | time: 0.030
I 05.25/06:00:02 solver.py:151 ] => Train  Loss: 2.4369e-06

I 05.25/06:00:02 solver.py:206 ] 
=! Best NMSE: -2.2465e+01 (epoch=250)

I 05.25/06:00:03 solver.py:141 ] Epoch: [270/400][20/196] lr: 9.38e-05 | MSE loss: 2.3790e-06 | time: 0.057
I 05.25/06:00:04 solver.py:141 ] Epoch: [270/400][40/196] lr: 9.38e-05 | MSE loss: 2.4885e-06 | time: 0.045
I 05.25/06:00:04 solver.py:141 ] Epoch: [270/400][60/196] lr: 9.37e-05 | MSE loss: 2.4546e-06 | time: 0.040
I 05.25/06:00:05 solver.py:141 ] Epoch: [270/400][80/196] lr: 9.37e-05 | MSE loss: 2.4397e-06 | time: 0.038
I 05.25/06:00:05 solver.py:141 ] Epoch: [270/400][100/196] lr: 9.36e-05 | MSE loss: 2.4236e-06 | time: 0.036
I 05.25/06:00:06 solver.py:141 ] Epoch: [270/400][120/196] lr: 9.35e-05 | MSE loss: 2.4120e-06 | time: 0.035
I 05.25/06:00:07 solver.py:141 ] Epoch: [270/400][140/196] lr: 9.35e-05 | MSE loss: 2.4099e-06 | time: 0.035
I 05.25/06:00:07 solver.py:141 ] Epoch: [270/400][160/196] lr: 9.34e-05 | MSE loss: 2.3963e-06 | time: 0.034
I 05.25/06:00:08 solver.py:141 ] Epoch: [270/400][180/196] lr: 9.34e-05 | MSE loss: 2.3988e-06 | time: 0.033
I 05.25/06:00:08 solver.py:151 ] => Train  Loss: 2.3951e-06

I 05.25/06:00:09 solver.py:141 ] Epoch: [270/400][20/59] lr: 9.33e-05 | MSE loss: 2.6416e-06 | time: 0.017
I 05.25/06:00:09 solver.py:141 ] Epoch: [270/400][40/59] lr: 9.33e-05 | MSE loss: 2.6590e-06 | time: 0.012
I 05.25/06:00:09 solver.py:151 ] => Val  Loss: 2.6452e-06

I 05.25/06:00:09 solver.py:281 ] [20/40] loss: 2.6600e-06 | NMSE: -2.2707e+01 | time: 0.015
I 05.25/06:00:10 solver.py:281 ] [40/40] loss: 2.6561e-06 | NMSE: -2.2714e+01 | time: 0.014
I 05.25/06:00:10 solver.py:285 ] => Test NMSE: -2.2714e+01

I 05.25/06:00:10 solver.py:206 ] 
=! Best NMSE: -2.2714e+01 (epoch=270)

I 05.25/06:00:11 solver.py:141 ] Epoch: [271/400][20/196] lr: 9.32e-05 | MSE loss: 2.4255e-06 | time: 0.044
I 05.25/06:00:11 solver.py:141 ] Epoch: [271/400][40/196] lr: 9.32e-05 | MSE loss: 2.4374e-06 | time: 0.037
I 05.25/06:00:12 solver.py:141 ] Epoch: [271/400][60/196] lr: 9.31e-05 | MSE loss: 2.4243e-06 | time: 0.032
I 05.25/06:00:12 solver.py:141 ] Epoch: [271/400][80/196] lr: 9.31e-05 | MSE loss: 2.4152e-06 | time: 0.030
I 05.25/06:00:13 solver.py:141 ] Epoch: [271/400][100/196] lr: 9.30e-05 | MSE loss: 2.4269e-06 | time: 0.030
I 05.25/06:00:13 solver.py:141 ] Epoch: [271/400][120/196] lr: 9.29e-05 | MSE loss: 2.4457e-06 | time: 0.029
I 05.25/06:00:14 solver.py:141 ] Epoch: [271/400][140/196] lr: 9.29e-05 | MSE loss: 2.4492e-06 | time: 0.029
I 05.25/06:00:15 solver.py:141 ] Epoch: [271/400][160/196] lr: 9.28e-05 | MSE loss: 2.4362e-06 | time: 0.029
I 05.25/06:00:15 solver.py:141 ] Epoch: [271/400][180/196] lr: 9.28e-05 | MSE loss: 2.4278e-06 | time: 0.029
I 05.25/06:00:16 solver.py:151 ] => Train  Loss: 2.4395e-06

I 05.25/06:00:16 solver.py:206 ] 
=! Best NMSE: -2.2714e+01 (epoch=270)

I 05.25/06:00:17 solver.py:141 ] Epoch: [272/400][20/196] lr: 9.27e-05 | MSE loss: 2.5855e-06 | time: 0.047
I 05.25/06:00:18 solver.py:141 ] Epoch: [272/400][40/196] lr: 9.26e-05 | MSE loss: 2.5230e-06 | time: 0.041
I 05.25/06:00:18 solver.py:141 ] Epoch: [272/400][60/196] lr: 9.25e-05 | MSE loss: 2.4819e-06 | time: 0.038
I 05.25/06:00:19 solver.py:141 ] Epoch: [272/400][80/196] lr: 9.25e-05 | MSE loss: 2.4764e-06 | time: 0.036
I 05.25/06:00:19 solver.py:141 ] Epoch: [272/400][100/196] lr: 9.24e-05 | MSE loss: 2.4390e-06 | time: 0.035
I 05.25/06:00:20 solver.py:141 ] Epoch: [272/400][120/196] lr: 9.24e-05 | MSE loss: 2.4172e-06 | time: 0.034
I 05.25/06:00:21 solver.py:141 ] Epoch: [272/400][140/196] lr: 9.23e-05 | MSE loss: 2.4293e-06 | time: 0.033
I 05.25/06:00:21 solver.py:141 ] Epoch: [272/400][160/196] lr: 9.22e-05 | MSE loss: 2.4101e-06 | time: 0.033
I 05.25/06:00:22 solver.py:141 ] Epoch: [272/400][180/196] lr: 9.22e-05 | MSE loss: 2.4071e-06 | time: 0.033
I 05.25/06:00:22 solver.py:151 ] => Train  Loss: 2.4053e-06

I 05.25/06:00:23 solver.py:206 ] 
=! Best NMSE: -2.2714e+01 (epoch=270)

I 05.25/06:00:24 solver.py:141 ] Epoch: [273/400][20/196] lr: 9.21e-05 | MSE loss: 2.4335e-06 | time: 0.047
I 05.25/06:00:24 solver.py:141 ] Epoch: [273/400][40/196] lr: 9.20e-05 | MSE loss: 2.3739e-06 | time: 0.038
I 05.25/06:00:25 solver.py:141 ] Epoch: [273/400][60/196] lr: 9.19e-05 | MSE loss: 2.3304e-06 | time: 0.035
I 05.25/06:00:25 solver.py:141 ] Epoch: [273/400][80/196] lr: 9.19e-05 | MSE loss: 2.3291e-06 | time: 0.033
I 05.25/06:00:26 solver.py:141 ] Epoch: [273/400][100/196] lr: 9.18e-05 | MSE loss: 2.3394e-06 | time: 0.033
I 05.25/06:00:27 solver.py:141 ] Epoch: [273/400][120/196] lr: 9.18e-05 | MSE loss: 2.3325e-06 | time: 0.033
I 05.25/06:00:27 solver.py:141 ] Epoch: [273/400][140/196] lr: 9.17e-05 | MSE loss: 2.3304e-06 | time: 0.033
I 05.25/06:00:28 solver.py:141 ] Epoch: [273/400][160/196] lr: 9.16e-05 | MSE loss: 2.3329e-06 | time: 0.031
I 05.25/06:00:28 solver.py:141 ] Epoch: [273/400][180/196] lr: 9.16e-05 | MSE loss: 2.3385e-06 | time: 0.031
I 05.25/06:00:29 solver.py:151 ] => Train  Loss: 2.3498e-06

I 05.25/06:00:29 solver.py:206 ] 
=! Best NMSE: -2.2714e+01 (epoch=270)

I 05.25/06:00:30 solver.py:141 ] Epoch: [274/400][20/196] lr: 9.15e-05 | MSE loss: 2.3567e-06 | time: 0.047
I 05.25/06:00:31 solver.py:141 ] Epoch: [274/400][40/196] lr: 9.14e-05 | MSE loss: 2.3850e-06 | time: 0.040
I 05.25/06:00:31 solver.py:141 ] Epoch: [274/400][60/196] lr: 9.14e-05 | MSE loss: 2.4313e-06 | time: 0.037
I 05.25/06:00:32 solver.py:141 ] Epoch: [274/400][80/196] lr: 9.13e-05 | MSE loss: 2.4157e-06 | time: 0.035
I 05.25/06:00:32 solver.py:141 ] Epoch: [274/400][100/196] lr: 9.12e-05 | MSE loss: 2.3931e-06 | time: 0.034
I 05.25/06:00:33 solver.py:141 ] Epoch: [274/400][120/196] lr: 9.12e-05 | MSE loss: 2.3949e-06 | time: 0.033
I 05.25/06:00:33 solver.py:141 ] Epoch: [274/400][140/196] lr: 9.11e-05 | MSE loss: 2.4169e-06 | time: 0.033
I 05.25/06:00:34 solver.py:141 ] Epoch: [274/400][160/196] lr: 9.11e-05 | MSE loss: 2.4405e-06 | time: 0.032
I 05.25/06:00:35 solver.py:141 ] Epoch: [274/400][180/196] lr: 9.10e-05 | MSE loss: 2.4402e-06 | time: 0.032
I 05.25/06:00:35 solver.py:151 ] => Train  Loss: 2.4226e-06

I 05.25/06:00:35 solver.py:206 ] 
=! Best NMSE: -2.2714e+01 (epoch=270)

I 05.25/06:00:36 solver.py:141 ] Epoch: [275/400][20/196] lr: 9.09e-05 | MSE loss: 2.3215e-06 | time: 0.051
I 05.25/06:00:37 solver.py:141 ] Epoch: [275/400][40/196] lr: 9.08e-05 | MSE loss: 2.3319e-06 | time: 0.043
I 05.25/06:00:38 solver.py:141 ] Epoch: [275/400][60/196] lr: 9.08e-05 | MSE loss: 2.3319e-06 | time: 0.040
I 05.25/06:00:38 solver.py:141 ] Epoch: [275/400][80/196] lr: 9.07e-05 | MSE loss: 2.3306e-06 | time: 0.038
I 05.25/06:00:39 solver.py:141 ] Epoch: [275/400][100/196] lr: 9.07e-05 | MSE loss: 2.3067e-06 | time: 0.036
I 05.25/06:00:40 solver.py:141 ] Epoch: [275/400][120/196] lr: 9.06e-05 | MSE loss: 2.3122e-06 | time: 0.035
I 05.25/06:00:40 solver.py:141 ] Epoch: [275/400][140/196] lr: 9.05e-05 | MSE loss: 2.3218e-06 | time: 0.035
I 05.25/06:00:41 solver.py:141 ] Epoch: [275/400][160/196] lr: 9.05e-05 | MSE loss: 2.3388e-06 | time: 0.034
I 05.25/06:00:41 solver.py:141 ] Epoch: [275/400][180/196] lr: 9.04e-05 | MSE loss: 2.3432e-06 | time: 0.034
I 05.25/06:00:42 solver.py:151 ] => Train  Loss: 2.3410e-06

I 05.25/06:00:42 solver.py:206 ] 
=! Best NMSE: -2.2714e+01 (epoch=270)

I 05.25/06:00:43 solver.py:141 ] Epoch: [276/400][20/196] lr: 9.03e-05 | MSE loss: 2.3427e-06 | time: 0.045
I 05.25/06:00:44 solver.py:141 ] Epoch: [276/400][40/196] lr: 9.03e-05 | MSE loss: 2.3992e-06 | time: 0.033
I 05.25/06:00:44 solver.py:141 ] Epoch: [276/400][60/196] lr: 9.02e-05 | MSE loss: 2.3817e-06 | time: 0.033
I 05.25/06:00:45 solver.py:141 ] Epoch: [276/400][80/196] lr: 9.01e-05 | MSE loss: 2.4044e-06 | time: 0.033
I 05.25/06:00:46 solver.py:141 ] Epoch: [276/400][100/196] lr: 9.01e-05 | MSE loss: 2.4311e-06 | time: 0.033
I 05.25/06:00:46 solver.py:141 ] Epoch: [276/400][120/196] lr: 9.00e-05 | MSE loss: 2.4051e-06 | time: 0.033
I 05.25/06:00:47 solver.py:141 ] Epoch: [276/400][140/196] lr: 9.00e-05 | MSE loss: 2.3949e-06 | time: 0.033
I 05.25/06:00:47 solver.py:141 ] Epoch: [276/400][160/196] lr: 8.99e-05 | MSE loss: 2.3776e-06 | time: 0.032
I 05.25/06:00:48 solver.py:141 ] Epoch: [276/400][180/196] lr: 8.98e-05 | MSE loss: 2.3706e-06 | time: 0.031
I 05.25/06:00:48 solver.py:151 ] => Train  Loss: 2.3754e-06

I 05.25/06:00:49 solver.py:206 ] 
=! Best NMSE: -2.2714e+01 (epoch=270)

I 05.25/06:00:50 solver.py:141 ] Epoch: [277/400][20/196] lr: 8.97e-05 | MSE loss: 2.4307e-06 | time: 0.045
I 05.25/06:00:50 solver.py:141 ] Epoch: [277/400][40/196] lr: 8.97e-05 | MSE loss: 2.3576e-06 | time: 0.037
I 05.25/06:00:51 solver.py:141 ] Epoch: [277/400][60/196] lr: 8.96e-05 | MSE loss: 2.3148e-06 | time: 0.035
I 05.25/06:00:51 solver.py:141 ] Epoch: [277/400][80/196] lr: 8.96e-05 | MSE loss: 2.3212e-06 | time: 0.034
I 05.25/06:00:52 solver.py:141 ] Epoch: [277/400][100/196] lr: 8.95e-05 | MSE loss: 2.3062e-06 | time: 0.034
I 05.25/06:00:53 solver.py:141 ] Epoch: [277/400][120/196] lr: 8.94e-05 | MSE loss: 2.3278e-06 | time: 0.034
I 05.25/06:00:53 solver.py:141 ] Epoch: [277/400][140/196] lr: 8.94e-05 | MSE loss: 2.3352e-06 | time: 0.034
I 05.25/06:00:54 solver.py:141 ] Epoch: [277/400][160/196] lr: 8.93e-05 | MSE loss: 2.3368e-06 | time: 0.033
I 05.25/06:00:55 solver.py:141 ] Epoch: [277/400][180/196] lr: 8.93e-05 | MSE loss: 2.3447e-06 | time: 0.033
I 05.25/06:00:55 solver.py:151 ] => Train  Loss: 2.3537e-06

I 05.25/06:00:55 solver.py:206 ] 
=! Best NMSE: -2.2714e+01 (epoch=270)

I 05.25/06:00:56 solver.py:141 ] Epoch: [278/400][20/196] lr: 8.92e-05 | MSE loss: 2.2815e-06 | time: 0.046
I 05.25/06:00:57 solver.py:141 ] Epoch: [278/400][40/196] lr: 8.91e-05 | MSE loss: 2.2791e-06 | time: 0.039
I 05.25/06:00:58 solver.py:141 ] Epoch: [278/400][60/196] lr: 8.90e-05 | MSE loss: 2.2912e-06 | time: 0.037
I 05.25/06:00:58 solver.py:141 ] Epoch: [278/400][80/196] lr: 8.90e-05 | MSE loss: 2.3996e-06 | time: 0.035
I 05.25/06:00:59 solver.py:141 ] Epoch: [278/400][100/196] lr: 8.89e-05 | MSE loss: 2.4015e-06 | time: 0.034
I 05.25/06:00:59 solver.py:141 ] Epoch: [278/400][120/196] lr: 8.89e-05 | MSE loss: 2.3875e-06 | time: 0.033
I 05.25/06:01:00 solver.py:141 ] Epoch: [278/400][140/196] lr: 8.88e-05 | MSE loss: 2.3661e-06 | time: 0.032
I 05.25/06:01:01 solver.py:141 ] Epoch: [278/400][160/196] lr: 8.87e-05 | MSE loss: 2.3803e-06 | time: 0.032
I 05.25/06:01:01 solver.py:141 ] Epoch: [278/400][180/196] lr: 8.87e-05 | MSE loss: 2.3869e-06 | time: 0.032
I 05.25/06:01:02 solver.py:151 ] => Train  Loss: 2.3797e-06

I 05.25/06:01:02 solver.py:206 ] 
=! Best NMSE: -2.2714e+01 (epoch=270)

I 05.25/06:01:03 solver.py:141 ] Epoch: [279/400][20/196] lr: 8.86e-05 | MSE loss: 2.3148e-06 | time: 0.057
I 05.25/06:01:04 solver.py:141 ] Epoch: [279/400][40/196] lr: 8.85e-05 | MSE loss: 2.3238e-06 | time: 0.045
I 05.25/06:01:05 solver.py:141 ] Epoch: [279/400][60/196] lr: 8.85e-05 | MSE loss: 2.3038e-06 | time: 0.040
I 05.25/06:01:05 solver.py:141 ] Epoch: [279/400][80/196] lr: 8.84e-05 | MSE loss: 2.2828e-06 | time: 0.038
I 05.25/06:01:06 solver.py:141 ] Epoch: [279/400][100/196] lr: 8.83e-05 | MSE loss: 2.2763e-06 | time: 0.037
I 05.25/06:01:06 solver.py:141 ] Epoch: [279/400][120/196] lr: 8.83e-05 | MSE loss: 2.2674e-06 | time: 0.036
I 05.25/06:01:07 solver.py:141 ] Epoch: [279/400][140/196] lr: 8.82e-05 | MSE loss: 2.2735e-06 | time: 0.035
I 05.25/06:01:08 solver.py:141 ] Epoch: [279/400][160/196] lr: 8.82e-05 | MSE loss: 2.3079e-06 | time: 0.034
I 05.25/06:01:08 solver.py:141 ] Epoch: [279/400][180/196] lr: 8.81e-05 | MSE loss: 2.3113e-06 | time: 0.033
I 05.25/06:01:09 solver.py:151 ] => Train  Loss: 2.3387e-06

I 05.25/06:01:09 solver.py:206 ] 
=! Best NMSE: -2.2714e+01 (epoch=270)

I 05.25/06:01:10 solver.py:141 ] Epoch: [280/400][20/196] lr: 8.80e-05 | MSE loss: 2.4545e-06 | time: 0.043
I 05.25/06:01:10 solver.py:141 ] Epoch: [280/400][40/196] lr: 8.80e-05 | MSE loss: 2.4180e-06 | time: 0.036
I 05.25/06:01:11 solver.py:141 ] Epoch: [280/400][60/196] lr: 8.79e-05 | MSE loss: 2.4084e-06 | time: 0.033
I 05.25/06:01:11 solver.py:141 ] Epoch: [280/400][80/196] lr: 8.78e-05 | MSE loss: 2.3852e-06 | time: 0.033
I 05.25/06:01:12 solver.py:141 ] Epoch: [280/400][100/196] lr: 8.78e-05 | MSE loss: 2.3782e-06 | time: 0.033
I 05.25/06:01:13 solver.py:141 ] Epoch: [280/400][120/196] lr: 8.77e-05 | MSE loss: 2.3534e-06 | time: 0.033
I 05.25/06:01:13 solver.py:141 ] Epoch: [280/400][140/196] lr: 8.77e-05 | MSE loss: 2.3530e-06 | time: 0.032
I 05.25/06:01:14 solver.py:141 ] Epoch: [280/400][160/196] lr: 8.76e-05 | MSE loss: 2.3418e-06 | time: 0.032
I 05.25/06:01:15 solver.py:141 ] Epoch: [280/400][180/196] lr: 8.75e-05 | MSE loss: 2.3391e-06 | time: 0.032
I 05.25/06:01:15 solver.py:151 ] => Train  Loss: 2.3441e-06

I 05.25/06:01:15 solver.py:141 ] Epoch: [280/400][20/59] lr: 8.75e-05 | MSE loss: 2.5969e-06 | time: 0.018
I 05.25/06:01:16 solver.py:141 ] Epoch: [280/400][40/59] lr: 8.75e-05 | MSE loss: 2.6130e-06 | time: 0.013
I 05.25/06:01:16 solver.py:151 ] => Val  Loss: 2.5985e-06

I 05.25/06:01:16 solver.py:281 ] [20/40] loss: 2.6133e-06 | NMSE: -2.2776e+01 | time: 0.018
I 05.25/06:01:16 solver.py:281 ] [40/40] loss: 2.6120e-06 | NMSE: -2.2780e+01 | time: 0.014
I 05.25/06:01:16 solver.py:285 ] => Test NMSE: -2.2780e+01

I 05.25/06:01:17 solver.py:206 ] 
=! Best NMSE: -2.2780e+01 (epoch=280)

I 05.25/06:01:18 solver.py:141 ] Epoch: [281/400][20/196] lr: 8.74e-05 | MSE loss: 2.3440e-06 | time: 0.046
I 05.25/06:01:18 solver.py:141 ] Epoch: [281/400][40/196] lr: 8.74e-05 | MSE loss: 2.3243e-06 | time: 0.038
I 05.25/06:01:19 solver.py:141 ] Epoch: [281/400][60/196] lr: 8.73e-05 | MSE loss: 2.3033e-06 | time: 0.035
I 05.25/06:01:19 solver.py:141 ] Epoch: [281/400][80/196] lr: 8.73e-05 | MSE loss: 2.3351e-06 | time: 0.033
I 05.25/06:01:20 solver.py:141 ] Epoch: [281/400][100/196] lr: 8.72e-05 | MSE loss: 2.3383e-06 | time: 0.032
I 05.25/06:01:20 solver.py:141 ] Epoch: [281/400][120/196] lr: 8.72e-05 | MSE loss: 2.3443e-06 | time: 0.032
I 05.25/06:01:21 solver.py:141 ] Epoch: [281/400][140/196] lr: 8.71e-05 | MSE loss: 2.3265e-06 | time: 0.031
I 05.25/06:01:22 solver.py:141 ] Epoch: [281/400][160/196] lr: 8.70e-05 | MSE loss: 2.3150e-06 | time: 0.031
I 05.25/06:01:22 solver.py:141 ] Epoch: [281/400][180/196] lr: 8.70e-05 | MSE loss: 2.3097e-06 | time: 0.031
I 05.25/06:01:23 solver.py:151 ] => Train  Loss: 2.3194e-06

I 05.25/06:01:23 solver.py:206 ] 
=! Best NMSE: -2.2780e+01 (epoch=280)

I 05.25/06:01:24 solver.py:141 ] Epoch: [282/400][20/196] lr: 8.69e-05 | MSE loss: 2.3820e-06 | time: 0.047
I 05.25/06:01:25 solver.py:141 ] Epoch: [282/400][40/196] lr: 8.68e-05 | MSE loss: 2.3526e-06 | time: 0.040
I 05.25/06:01:25 solver.py:141 ] Epoch: [282/400][60/196] lr: 8.68e-05 | MSE loss: 2.3580e-06 | time: 0.039
I 05.25/06:01:26 solver.py:141 ] Epoch: [282/400][80/196] lr: 8.67e-05 | MSE loss: 2.3814e-06 | time: 0.037
I 05.25/06:01:27 solver.py:141 ] Epoch: [282/400][100/196] lr: 8.66e-05 | MSE loss: 2.3596e-06 | time: 0.036
I 05.25/06:01:27 solver.py:141 ] Epoch: [282/400][120/196] lr: 8.66e-05 | MSE loss: 2.3454e-06 | time: 0.035
I 05.25/06:01:28 solver.py:141 ] Epoch: [282/400][140/196] lr: 8.65e-05 | MSE loss: 2.3306e-06 | time: 0.034
I 05.25/06:01:28 solver.py:141 ] Epoch: [282/400][160/196] lr: 8.65e-05 | MSE loss: 2.3271e-06 | time: 0.034
I 05.25/06:01:29 solver.py:141 ] Epoch: [282/400][180/196] lr: 8.64e-05 | MSE loss: 2.3171e-06 | time: 0.033
I 05.25/06:01:29 solver.py:151 ] => Train  Loss: 2.3277e-06

I 05.25/06:01:30 solver.py:206 ] 
=! Best NMSE: -2.2780e+01 (epoch=280)

I 05.25/06:01:30 solver.py:141 ] Epoch: [283/400][20/196] lr: 8.63e-05 | MSE loss: 2.2843e-06 | time: 0.041
I 05.25/06:01:31 solver.py:141 ] Epoch: [283/400][40/196] lr: 8.63e-05 | MSE loss: 2.2896e-06 | time: 0.036
I 05.25/06:01:32 solver.py:141 ] Epoch: [283/400][60/196] lr: 8.62e-05 | MSE loss: 2.3287e-06 | time: 0.034
I 05.25/06:01:32 solver.py:141 ] Epoch: [283/400][80/196] lr: 8.61e-05 | MSE loss: 2.3984e-06 | time: 0.033
I 05.25/06:01:33 solver.py:141 ] Epoch: [283/400][100/196] lr: 8.61e-05 | MSE loss: 2.3786e-06 | time: 0.032
I 05.25/06:01:33 solver.py:141 ] Epoch: [283/400][120/196] lr: 8.60e-05 | MSE loss: 2.3541e-06 | time: 0.032
I 05.25/06:01:34 solver.py:141 ] Epoch: [283/400][140/196] lr: 8.60e-05 | MSE loss: 2.3378e-06 | time: 0.032
I 05.25/06:01:35 solver.py:141 ] Epoch: [283/400][160/196] lr: 8.59e-05 | MSE loss: 2.3256e-06 | time: 0.032
I 05.25/06:01:35 solver.py:141 ] Epoch: [283/400][180/196] lr: 8.59e-05 | MSE loss: 2.3225e-06 | time: 0.032
I 05.25/06:01:36 solver.py:151 ] => Train  Loss: 2.3220e-06

I 05.25/06:01:36 solver.py:206 ] 
=! Best NMSE: -2.2780e+01 (epoch=280)

I 05.25/06:01:37 solver.py:141 ] Epoch: [284/400][20/196] lr: 8.58e-05 | MSE loss: 2.2932e-06 | time: 0.044
I 05.25/06:01:38 solver.py:141 ] Epoch: [284/400][40/196] lr: 8.57e-05 | MSE loss: 2.2326e-06 | time: 0.038
I 05.25/06:01:38 solver.py:141 ] Epoch: [284/400][60/196] lr: 8.56e-05 | MSE loss: 2.3025e-06 | time: 0.036
I 05.25/06:01:39 solver.py:141 ] Epoch: [284/400][80/196] lr: 8.56e-05 | MSE loss: 2.2894e-06 | time: 0.034
I 05.25/06:01:40 solver.py:141 ] Epoch: [284/400][100/196] lr: 8.55e-05 | MSE loss: 2.3110e-06 | time: 0.033
I 05.25/06:01:40 solver.py:141 ] Epoch: [284/400][120/196] lr: 8.55e-05 | MSE loss: 2.3086e-06 | time: 0.033
I 05.25/06:01:41 solver.py:141 ] Epoch: [284/400][140/196] lr: 8.54e-05 | MSE loss: 2.3078e-06 | time: 0.032
I 05.25/06:01:41 solver.py:141 ] Epoch: [284/400][160/196] lr: 8.54e-05 | MSE loss: 2.3270e-06 | time: 0.032
I 05.25/06:01:42 solver.py:141 ] Epoch: [284/400][180/196] lr: 8.53e-05 | MSE loss: 2.3434e-06 | time: 0.031
I 05.25/06:01:42 solver.py:151 ] => Train  Loss: 2.3537e-06

I 05.25/06:01:43 solver.py:206 ] 
=! Best NMSE: -2.2780e+01 (epoch=280)

I 05.25/06:01:44 solver.py:141 ] Epoch: [285/400][20/196] lr: 8.52e-05 | MSE loss: 2.2214e-06 | time: 0.045
I 05.25/06:01:44 solver.py:141 ] Epoch: [285/400][40/196] lr: 8.51e-05 | MSE loss: 2.2242e-06 | time: 0.039
I 05.25/06:01:45 solver.py:141 ] Epoch: [285/400][60/196] lr: 8.51e-05 | MSE loss: 2.2192e-06 | time: 0.037
I 05.25/06:01:46 solver.py:141 ] Epoch: [285/400][80/196] lr: 8.50e-05 | MSE loss: 2.2356e-06 | time: 0.035
I 05.25/06:01:46 solver.py:141 ] Epoch: [285/400][100/196] lr: 8.50e-05 | MSE loss: 2.2367e-06 | time: 0.034
I 05.25/06:01:47 solver.py:141 ] Epoch: [285/400][120/196] lr: 8.49e-05 | MSE loss: 2.2500e-06 | time: 0.032
I 05.25/06:01:47 solver.py:141 ] Epoch: [285/400][140/196] lr: 8.49e-05 | MSE loss: 2.2551e-06 | time: 0.032
I 05.25/06:01:48 solver.py:141 ] Epoch: [285/400][160/196] lr: 8.48e-05 | MSE loss: 2.2597e-06 | time: 0.032
I 05.25/06:01:49 solver.py:141 ] Epoch: [285/400][180/196] lr: 8.47e-05 | MSE loss: 2.2641e-06 | time: 0.033
I 05.25/06:01:49 solver.py:151 ] => Train  Loss: 2.2687e-06

I 05.25/06:01:49 solver.py:206 ] 
=! Best NMSE: -2.2780e+01 (epoch=280)

I 05.25/06:01:50 solver.py:141 ] Epoch: [286/400][20/196] lr: 8.46e-05 | MSE loss: 2.2361e-06 | time: 0.042
I 05.25/06:01:51 solver.py:141 ] Epoch: [286/400][40/196] lr: 8.46e-05 | MSE loss: 2.2213e-06 | time: 0.036
I 05.25/06:01:51 solver.py:141 ] Epoch: [286/400][60/196] lr: 8.45e-05 | MSE loss: 2.2259e-06 | time: 0.034
I 05.25/06:01:52 solver.py:141 ] Epoch: [286/400][80/196] lr: 8.45e-05 | MSE loss: 2.2300e-06 | time: 0.033
I 05.25/06:01:53 solver.py:141 ] Epoch: [286/400][100/196] lr: 8.44e-05 | MSE loss: 2.2251e-06 | time: 0.032
I 05.25/06:01:53 solver.py:141 ] Epoch: [286/400][120/196] lr: 8.44e-05 | MSE loss: 2.2326e-06 | time: 0.032
I 05.25/06:01:54 solver.py:141 ] Epoch: [286/400][140/196] lr: 8.43e-05 | MSE loss: 2.2295e-06 | time: 0.031
I 05.25/06:01:54 solver.py:141 ] Epoch: [286/400][160/196] lr: 8.43e-05 | MSE loss: 2.2334e-06 | time: 0.031
I 05.25/06:01:55 solver.py:141 ] Epoch: [286/400][180/196] lr: 8.42e-05 | MSE loss: 2.2449e-06 | time: 0.031
I 05.25/06:01:55 solver.py:151 ] => Train  Loss: 2.2506e-06

I 05.25/06:01:56 solver.py:206 ] 
=! Best NMSE: -2.2780e+01 (epoch=280)

I 05.25/06:01:57 solver.py:141 ] Epoch: [287/400][20/196] lr: 8.41e-05 | MSE loss: 2.2370e-06 | time: 0.046
I 05.25/06:01:57 solver.py:141 ] Epoch: [287/400][40/196] lr: 8.40e-05 | MSE loss: 2.2380e-06 | time: 0.038
I 05.25/06:01:58 solver.py:141 ] Epoch: [287/400][60/196] lr: 8.40e-05 | MSE loss: 2.2297e-06 | time: 0.036
I 05.25/06:01:59 solver.py:141 ] Epoch: [287/400][80/196] lr: 8.39e-05 | MSE loss: 2.2256e-06 | time: 0.035
I 05.25/06:01:59 solver.py:141 ] Epoch: [287/400][100/196] lr: 8.39e-05 | MSE loss: 2.2350e-06 | time: 0.035
I 05.25/06:02:00 solver.py:141 ] Epoch: [287/400][120/196] lr: 8.38e-05 | MSE loss: 2.2288e-06 | time: 0.034
I 05.25/06:02:01 solver.py:141 ] Epoch: [287/400][140/196] lr: 8.38e-05 | MSE loss: 2.2242e-06 | time: 0.034
I 05.25/06:02:01 solver.py:141 ] Epoch: [287/400][160/196] lr: 8.37e-05 | MSE loss: 2.2288e-06 | time: 0.034
I 05.25/06:02:02 solver.py:141 ] Epoch: [287/400][180/196] lr: 8.36e-05 | MSE loss: 2.2276e-06 | time: 0.034
I 05.25/06:02:02 solver.py:151 ] => Train  Loss: 2.2339e-06

I 05.25/06:02:03 solver.py:206 ] 
=! Best NMSE: -2.2780e+01 (epoch=280)

I 05.25/06:02:04 solver.py:141 ] Epoch: [288/400][20/196] lr: 8.35e-05 | MSE loss: 2.4401e-06 | time: 0.050
I 05.25/06:02:04 solver.py:141 ] Epoch: [288/400][40/196] lr: 8.35e-05 | MSE loss: 2.3429e-06 | time: 0.037
I 05.25/06:02:05 solver.py:141 ] Epoch: [288/400][60/196] lr: 8.34e-05 | MSE loss: 2.2851e-06 | time: 0.033
I 05.25/06:02:05 solver.py:141 ] Epoch: [288/400][80/196] lr: 8.34e-05 | MSE loss: 2.2656e-06 | time: 0.031
I 05.25/06:02:05 solver.py:141 ] Epoch: [288/400][100/196] lr: 8.33e-05 | MSE loss: 2.2482e-06 | time: 0.029
I 05.25/06:02:06 solver.py:141 ] Epoch: [288/400][120/196] lr: 8.33e-05 | MSE loss: 2.2673e-06 | time: 0.028
I 05.25/06:02:06 solver.py:141 ] Epoch: [288/400][140/196] lr: 8.32e-05 | MSE loss: 2.2807e-06 | time: 0.027
I 05.25/06:02:07 solver.py:141 ] Epoch: [288/400][160/196] lr: 8.32e-05 | MSE loss: 2.3101e-06 | time: 0.027
I 05.25/06:02:08 solver.py:141 ] Epoch: [288/400][180/196] lr: 8.31e-05 | MSE loss: 2.3182e-06 | time: 0.028
I 05.25/06:02:08 solver.py:151 ] => Train  Loss: 2.3277e-06

I 05.25/06:02:08 solver.py:206 ] 
=! Best NMSE: -2.2780e+01 (epoch=280)

I 05.25/06:02:09 solver.py:141 ] Epoch: [289/400][20/196] lr: 8.30e-05 | MSE loss: 2.3177e-06 | time: 0.047
I 05.25/06:02:10 solver.py:141 ] Epoch: [289/400][40/196] lr: 8.29e-05 | MSE loss: 2.2609e-06 | time: 0.037
I 05.25/06:02:11 solver.py:141 ] Epoch: [289/400][60/196] lr: 8.29e-05 | MSE loss: 2.2695e-06 | time: 0.035
I 05.25/06:02:11 solver.py:141 ] Epoch: [289/400][80/196] lr: 8.28e-05 | MSE loss: 2.2913e-06 | time: 0.035
I 05.25/06:02:12 solver.py:141 ] Epoch: [289/400][100/196] lr: 8.28e-05 | MSE loss: 2.2877e-06 | time: 0.034
I 05.25/06:02:12 solver.py:141 ] Epoch: [289/400][120/196] lr: 8.27e-05 | MSE loss: 2.2679e-06 | time: 0.033
I 05.25/06:02:13 solver.py:141 ] Epoch: [289/400][140/196] lr: 8.27e-05 | MSE loss: 2.2603e-06 | time: 0.032
I 05.25/06:02:14 solver.py:141 ] Epoch: [289/400][160/196] lr: 8.26e-05 | MSE loss: 2.2764e-06 | time: 0.032
I 05.25/06:02:14 solver.py:141 ] Epoch: [289/400][180/196] lr: 8.26e-05 | MSE loss: 2.2767e-06 | time: 0.032
I 05.25/06:02:15 solver.py:151 ] => Train  Loss: 2.2801e-06

I 05.25/06:02:15 solver.py:206 ] 
=! Best NMSE: -2.2780e+01 (epoch=280)

I 05.25/06:02:16 solver.py:141 ] Epoch: [290/400][20/196] lr: 8.25e-05 | MSE loss: 2.2745e-06 | time: 0.048
I 05.25/06:02:16 solver.py:141 ] Epoch: [290/400][40/196] lr: 8.24e-05 | MSE loss: 2.3474e-06 | time: 0.039
I 05.25/06:02:17 solver.py:141 ] Epoch: [290/400][60/196] lr: 8.24e-05 | MSE loss: 2.3592e-06 | time: 0.036
I 05.25/06:02:18 solver.py:141 ] Epoch: [290/400][80/196] lr: 8.23e-05 | MSE loss: 2.3169e-06 | time: 0.034
I 05.25/06:02:18 solver.py:141 ] Epoch: [290/400][100/196] lr: 8.22e-05 | MSE loss: 2.2913e-06 | time: 0.033
I 05.25/06:02:19 solver.py:141 ] Epoch: [290/400][120/196] lr: 8.22e-05 | MSE loss: 2.2882e-06 | time: 0.033
I 05.25/06:02:19 solver.py:141 ] Epoch: [290/400][140/196] lr: 8.21e-05 | MSE loss: 2.2639e-06 | time: 0.033
I 05.25/06:02:20 solver.py:141 ] Epoch: [290/400][160/196] lr: 8.21e-05 | MSE loss: 2.2574e-06 | time: 0.032
I 05.25/06:02:21 solver.py:141 ] Epoch: [290/400][180/196] lr: 8.20e-05 | MSE loss: 2.2677e-06 | time: 0.032
I 05.25/06:02:21 solver.py:151 ] => Train  Loss: 2.2655e-06

I 05.25/06:02:22 solver.py:141 ] Epoch: [290/400][20/59] lr: 8.20e-05 | MSE loss: 2.5086e-06 | time: 0.026
I 05.25/06:02:22 solver.py:141 ] Epoch: [290/400][40/59] lr: 8.20e-05 | MSE loss: 2.5234e-06 | time: 0.015
I 05.25/06:02:22 solver.py:151 ] => Val  Loss: 2.5098e-06

I 05.25/06:02:22 solver.py:281 ] [20/40] loss: 2.5229e-06 | NMSE: -2.2926e+01 | time: 0.016
I 05.25/06:02:23 solver.py:281 ] [40/40] loss: 2.5214e-06 | NMSE: -2.2930e+01 | time: 0.014
I 05.25/06:02:23 solver.py:285 ] => Test NMSE: -2.2930e+01

I 05.25/06:02:23 solver.py:206 ] 
=! Best NMSE: -2.2930e+01 (epoch=290)

I 05.25/06:02:24 solver.py:141 ] Epoch: [291/400][20/196] lr: 8.19e-05 | MSE loss: 2.2315e-06 | time: 0.049
I 05.25/06:02:24 solver.py:141 ] Epoch: [291/400][40/196] lr: 8.19e-05 | MSE loss: 2.2363e-06 | time: 0.039
I 05.25/06:02:25 solver.py:141 ] Epoch: [291/400][60/196] lr: 8.18e-05 | MSE loss: 2.2269e-06 | time: 0.036
I 05.25/06:02:26 solver.py:141 ] Epoch: [291/400][80/196] lr: 8.18e-05 | MSE loss: 2.2273e-06 | time: 0.034
I 05.25/06:02:26 solver.py:141 ] Epoch: [291/400][100/196] lr: 8.17e-05 | MSE loss: 2.2236e-06 | time: 0.033
I 05.25/06:02:27 solver.py:141 ] Epoch: [291/400][120/196] lr: 8.17e-05 | MSE loss: 2.2435e-06 | time: 0.033
I 05.25/06:02:27 solver.py:141 ] Epoch: [291/400][140/196] lr: 8.16e-05 | MSE loss: 2.2378e-06 | time: 0.033
I 05.25/06:02:28 solver.py:141 ] Epoch: [291/400][160/196] lr: 8.15e-05 | MSE loss: 2.2458e-06 | time: 0.033
I 05.25/06:02:29 solver.py:141 ] Epoch: [291/400][180/196] lr: 8.15e-05 | MSE loss: 2.2368e-06 | time: 0.033
I 05.25/06:02:29 solver.py:151 ] => Train  Loss: 2.2419e-06

I 05.25/06:02:29 solver.py:206 ] 
=! Best NMSE: -2.2930e+01 (epoch=290)

I 05.25/06:02:30 solver.py:141 ] Epoch: [292/400][20/196] lr: 8.14e-05 | MSE loss: 2.2172e-06 | time: 0.043
I 05.25/06:02:31 solver.py:141 ] Epoch: [292/400][40/196] lr: 8.13e-05 | MSE loss: 2.2421e-06 | time: 0.033
I 05.25/06:02:31 solver.py:141 ] Epoch: [292/400][60/196] lr: 8.13e-05 | MSE loss: 2.2629e-06 | time: 0.030
I 05.25/06:02:32 solver.py:141 ] Epoch: [292/400][80/196] lr: 8.12e-05 | MSE loss: 2.2456e-06 | time: 0.030
I 05.25/06:02:32 solver.py:141 ] Epoch: [292/400][100/196] lr: 8.12e-05 | MSE loss: 2.2324e-06 | time: 0.030
I 05.25/06:02:33 solver.py:141 ] Epoch: [292/400][120/196] lr: 8.11e-05 | MSE loss: 2.2248e-06 | time: 0.030
I 05.25/06:02:34 solver.py:141 ] Epoch: [292/400][140/196] lr: 8.11e-05 | MSE loss: 2.2326e-06 | time: 0.031
I 05.25/06:02:34 solver.py:141 ] Epoch: [292/400][160/196] lr: 8.10e-05 | MSE loss: 2.2253e-06 | time: 0.031
I 05.25/06:02:35 solver.py:141 ] Epoch: [292/400][180/196] lr: 8.10e-05 | MSE loss: 2.2301e-06 | time: 0.031
I 05.25/06:02:36 solver.py:151 ] => Train  Loss: 2.2283e-06

I 05.25/06:02:36 solver.py:206 ] 
=! Best NMSE: -2.2930e+01 (epoch=290)

I 05.25/06:02:37 solver.py:141 ] Epoch: [293/400][20/196] lr: 8.09e-05 | MSE loss: 2.1249e-06 | time: 0.043
I 05.25/06:02:37 solver.py:141 ] Epoch: [293/400][40/196] lr: 8.08e-05 | MSE loss: 2.2085e-06 | time: 0.035
I 05.25/06:02:38 solver.py:141 ] Epoch: [293/400][60/196] lr: 8.08e-05 | MSE loss: 2.1972e-06 | time: 0.034
I 05.25/06:02:39 solver.py:141 ] Epoch: [293/400][80/196] lr: 8.07e-05 | MSE loss: 2.1953e-06 | time: 0.033
I 05.25/06:02:39 solver.py:141 ] Epoch: [293/400][100/196] lr: 8.06e-05 | MSE loss: 2.1957e-06 | time: 0.032
I 05.25/06:02:40 solver.py:141 ] Epoch: [293/400][120/196] lr: 8.06e-05 | MSE loss: 2.1930e-06 | time: 0.032
I 05.25/06:02:40 solver.py:141 ] Epoch: [293/400][140/196] lr: 8.05e-05 | MSE loss: 2.1910e-06 | time: 0.031
I 05.25/06:02:41 solver.py:141 ] Epoch: [293/400][160/196] lr: 8.05e-05 | MSE loss: 2.1987e-06 | time: 0.031
I 05.25/06:02:41 solver.py:141 ] Epoch: [293/400][180/196] lr: 8.04e-05 | MSE loss: 2.1992e-06 | time: 0.031
I 05.25/06:02:42 solver.py:151 ] => Train  Loss: 2.2029e-06

I 05.25/06:02:42 solver.py:206 ] 
=! Best NMSE: -2.2930e+01 (epoch=290)

I 05.25/06:02:43 solver.py:141 ] Epoch: [294/400][20/196] lr: 8.03e-05 | MSE loss: 2.3235e-06 | time: 0.046
I 05.25/06:02:44 solver.py:141 ] Epoch: [294/400][40/196] lr: 8.03e-05 | MSE loss: 2.2979e-06 | time: 0.039
I 05.25/06:02:44 solver.py:141 ] Epoch: [294/400][60/196] lr: 8.02e-05 | MSE loss: 2.3499e-06 | time: 0.036
I 05.25/06:02:45 solver.py:141 ] Epoch: [294/400][80/196] lr: 8.02e-05 | MSE loss: 2.3074e-06 | time: 0.034
I 05.25/06:02:46 solver.py:141 ] Epoch: [294/400][100/196] lr: 8.01e-05 | MSE loss: 2.2835e-06 | time: 0.033
I 05.25/06:02:46 solver.py:141 ] Epoch: [294/400][120/196] lr: 8.01e-05 | MSE loss: 2.2635e-06 | time: 0.033
I 05.25/06:02:47 solver.py:141 ] Epoch: [294/400][140/196] lr: 8.00e-05 | MSE loss: 2.2484e-06 | time: 0.033
I 05.25/06:02:47 solver.py:141 ] Epoch: [294/400][160/196] lr: 8.00e-05 | MSE loss: 2.2375e-06 | time: 0.032
I 05.25/06:02:48 solver.py:141 ] Epoch: [294/400][180/196] lr: 7.99e-05 | MSE loss: 2.2342e-06 | time: 0.033
I 05.25/06:02:49 solver.py:151 ] => Train  Loss: 2.2321e-06

I 05.25/06:02:49 solver.py:206 ] 
=! Best NMSE: -2.2930e+01 (epoch=290)

I 05.25/06:02:50 solver.py:141 ] Epoch: [295/400][20/196] lr: 7.98e-05 | MSE loss: 2.2164e-06 | time: 0.051
I 05.25/06:02:50 solver.py:141 ] Epoch: [295/400][40/196] lr: 7.98e-05 | MSE loss: 2.2248e-06 | time: 0.041
I 05.25/06:02:51 solver.py:141 ] Epoch: [295/400][60/196] lr: 7.97e-05 | MSE loss: 2.2148e-06 | time: 0.038
I 05.25/06:02:52 solver.py:141 ] Epoch: [295/400][80/196] lr: 7.97e-05 | MSE loss: 2.2262e-06 | time: 0.038
I 05.25/06:02:53 solver.py:141 ] Epoch: [295/400][100/196] lr: 7.96e-05 | MSE loss: 2.2090e-06 | time: 0.037
I 05.25/06:02:53 solver.py:141 ] Epoch: [295/400][120/196] lr: 7.95e-05 | MSE loss: 2.2004e-06 | time: 0.035
I 05.25/06:02:53 solver.py:141 ] Epoch: [295/400][140/196] lr: 7.95e-05 | MSE loss: 2.1896e-06 | time: 0.033
I 05.25/06:02:54 solver.py:141 ] Epoch: [295/400][160/196] lr: 7.94e-05 | MSE loss: 2.2015e-06 | time: 0.033
I 05.25/06:02:55 solver.py:141 ] Epoch: [295/400][180/196] lr: 7.94e-05 | MSE loss: 2.2221e-06 | time: 0.032
I 05.25/06:02:55 solver.py:151 ] => Train  Loss: 2.2247e-06

I 05.25/06:02:55 solver.py:206 ] 
=! Best NMSE: -2.2930e+01 (epoch=290)

I 05.25/06:02:56 solver.py:141 ] Epoch: [296/400][20/196] lr: 7.93e-05 | MSE loss: 2.1433e-06 | time: 0.045
I 05.25/06:02:57 solver.py:141 ] Epoch: [296/400][40/196] lr: 7.92e-05 | MSE loss: 2.1522e-06 | time: 0.039
I 05.25/06:02:58 solver.py:141 ] Epoch: [296/400][60/196] lr: 7.92e-05 | MSE loss: 2.1776e-06 | time: 0.038
I 05.25/06:02:58 solver.py:141 ] Epoch: [296/400][80/196] lr: 7.91e-05 | MSE loss: 2.1732e-06 | time: 0.036
I 05.25/06:02:59 solver.py:141 ] Epoch: [296/400][100/196] lr: 7.91e-05 | MSE loss: 2.1748e-06 | time: 0.033
I 05.25/06:02:59 solver.py:141 ] Epoch: [296/400][120/196] lr: 7.90e-05 | MSE loss: 2.1919e-06 | time: 0.033
I 05.25/06:03:00 solver.py:141 ] Epoch: [296/400][140/196] lr: 7.90e-05 | MSE loss: 2.2015e-06 | time: 0.033
I 05.25/06:03:01 solver.py:141 ] Epoch: [296/400][160/196] lr: 7.89e-05 | MSE loss: 2.2119e-06 | time: 0.033
I 05.25/06:03:01 solver.py:141 ] Epoch: [296/400][180/196] lr: 7.89e-05 | MSE loss: 2.2167e-06 | time: 0.033
I 05.25/06:03:02 solver.py:151 ] => Train  Loss: 2.2199e-06

I 05.25/06:03:02 solver.py:206 ] 
=! Best NMSE: -2.2930e+01 (epoch=290)

I 05.25/06:03:03 solver.py:141 ] Epoch: [297/400][20/196] lr: 7.88e-05 | MSE loss: 2.1740e-06 | time: 0.060
I 05.25/06:03:04 solver.py:141 ] Epoch: [297/400][40/196] lr: 7.87e-05 | MSE loss: 2.1568e-06 | time: 0.046
I 05.25/06:03:05 solver.py:141 ] Epoch: [297/400][60/196] lr: 7.87e-05 | MSE loss: 2.1701e-06 | time: 0.041
I 05.25/06:03:05 solver.py:141 ] Epoch: [297/400][80/196] lr: 7.86e-05 | MSE loss: 2.1889e-06 | time: 0.038
I 05.25/06:03:06 solver.py:141 ] Epoch: [297/400][100/196] lr: 7.86e-05 | MSE loss: 2.1854e-06 | time: 0.036
I 05.25/06:03:06 solver.py:141 ] Epoch: [297/400][120/196] lr: 7.85e-05 | MSE loss: 2.1867e-06 | time: 0.034
I 05.25/06:03:07 solver.py:141 ] Epoch: [297/400][140/196] lr: 7.85e-05 | MSE loss: 2.1923e-06 | time: 0.033
I 05.25/06:03:07 solver.py:141 ] Epoch: [297/400][160/196] lr: 7.84e-05 | MSE loss: 2.1897e-06 | time: 0.032
I 05.25/06:03:08 solver.py:141 ] Epoch: [297/400][180/196] lr: 7.84e-05 | MSE loss: 2.2050e-06 | time: 0.032
I 05.25/06:03:08 solver.py:151 ] => Train  Loss: 2.2075e-06

I 05.25/06:03:08 solver.py:206 ] 
=! Best NMSE: -2.2930e+01 (epoch=290)

I 05.25/06:03:09 solver.py:141 ] Epoch: [298/400][20/196] lr: 7.83e-05 | MSE loss: 2.1963e-06 | time: 0.051
I 05.25/06:03:10 solver.py:141 ] Epoch: [298/400][40/196] lr: 7.82e-05 | MSE loss: 2.1571e-06 | time: 0.043
I 05.25/06:03:11 solver.py:141 ] Epoch: [298/400][60/196] lr: 7.82e-05 | MSE loss: 2.1317e-06 | time: 0.039
I 05.25/06:03:11 solver.py:141 ] Epoch: [298/400][80/196] lr: 7.81e-05 | MSE loss: 2.1223e-06 | time: 0.037
I 05.25/06:03:12 solver.py:141 ] Epoch: [298/400][100/196] lr: 7.81e-05 | MSE loss: 2.1433e-06 | time: 0.035
I 05.25/06:03:13 solver.py:141 ] Epoch: [298/400][120/196] lr: 7.80e-05 | MSE loss: 2.1451e-06 | time: 0.035
I 05.25/06:03:13 solver.py:141 ] Epoch: [298/400][140/196] lr: 7.79e-05 | MSE loss: 2.1618e-06 | time: 0.034
I 05.25/06:03:14 solver.py:141 ] Epoch: [298/400][160/196] lr: 7.79e-05 | MSE loss: 2.1667e-06 | time: 0.033
I 05.25/06:03:14 solver.py:141 ] Epoch: [298/400][180/196] lr: 7.78e-05 | MSE loss: 2.1684e-06 | time: 0.033
I 05.25/06:03:15 solver.py:151 ] => Train  Loss: 2.1619e-06

I 05.25/06:03:15 solver.py:206 ] 
=! Best NMSE: -2.2930e+01 (epoch=290)

I 05.25/06:03:16 solver.py:141 ] Epoch: [299/400][20/196] lr: 7.77e-05 | MSE loss: 2.1377e-06 | time: 0.051
I 05.25/06:03:17 solver.py:141 ] Epoch: [299/400][40/196] lr: 7.77e-05 | MSE loss: 2.1833e-06 | time: 0.041
I 05.25/06:03:17 solver.py:141 ] Epoch: [299/400][60/196] lr: 7.76e-05 | MSE loss: 2.1705e-06 | time: 0.038
I 05.25/06:03:18 solver.py:141 ] Epoch: [299/400][80/196] lr: 7.76e-05 | MSE loss: 2.1583e-06 | time: 0.036
I 05.25/06:03:18 solver.py:141 ] Epoch: [299/400][100/196] lr: 7.75e-05 | MSE loss: 2.1704e-06 | time: 0.035
I 05.25/06:03:19 solver.py:141 ] Epoch: [299/400][120/196] lr: 7.75e-05 | MSE loss: 2.1611e-06 | time: 0.034
I 05.25/06:03:20 solver.py:141 ] Epoch: [299/400][140/196] lr: 7.74e-05 | MSE loss: 2.1531e-06 | time: 0.033
I 05.25/06:03:20 solver.py:141 ] Epoch: [299/400][160/196] lr: 7.74e-05 | MSE loss: 2.1597e-06 | time: 0.033
I 05.25/06:03:21 solver.py:141 ] Epoch: [299/400][180/196] lr: 7.73e-05 | MSE loss: 2.1598e-06 | time: 0.032
I 05.25/06:03:21 solver.py:151 ] => Train  Loss: 2.1566e-06

I 05.25/06:03:21 solver.py:206 ] 
=! Best NMSE: -2.2930e+01 (epoch=290)

I 05.25/06:03:23 solver.py:141 ] Epoch: [300/400][20/196] lr: 7.72e-05 | MSE loss: 2.2400e-06 | time: 0.049
I 05.25/06:03:23 solver.py:141 ] Epoch: [300/400][40/196] lr: 7.72e-05 | MSE loss: 2.1989e-06 | time: 0.040
I 05.25/06:03:24 solver.py:141 ] Epoch: [300/400][60/196] lr: 7.71e-05 | MSE loss: 2.1768e-06 | time: 0.037
I 05.25/06:03:24 solver.py:141 ] Epoch: [300/400][80/196] lr: 7.71e-05 | MSE loss: 2.1716e-06 | time: 0.034
I 05.25/06:03:25 solver.py:141 ] Epoch: [300/400][100/196] lr: 7.70e-05 | MSE loss: 2.1586e-06 | time: 0.033
I 05.25/06:03:26 solver.py:141 ] Epoch: [300/400][120/196] lr: 7.70e-05 | MSE loss: 2.1576e-06 | time: 0.033
I 05.25/06:03:26 solver.py:141 ] Epoch: [300/400][140/196] lr: 7.69e-05 | MSE loss: 2.1640e-06 | time: 0.032
I 05.25/06:03:27 solver.py:141 ] Epoch: [300/400][160/196] lr: 7.69e-05 | MSE loss: 2.1691e-06 | time: 0.032
I 05.25/06:03:27 solver.py:141 ] Epoch: [300/400][180/196] lr: 7.68e-05 | MSE loss: 2.1639e-06 | time: 0.032
I 05.25/06:03:28 solver.py:151 ] => Train  Loss: 2.1663e-06

I 05.25/06:03:28 solver.py:141 ] Epoch: [300/400][20/59] lr: 7.68e-05 | MSE loss: 2.5792e-06 | time: 0.019
I 05.25/06:03:28 solver.py:141 ] Epoch: [300/400][40/59] lr: 7.68e-05 | MSE loss: 2.5945e-06 | time: 0.013
I 05.25/06:03:29 solver.py:151 ] => Val  Loss: 2.5817e-06

I 05.25/06:03:29 solver.py:281 ] [20/40] loss: 2.5885e-06 | NMSE: -2.2806e+01 | time: 0.018
I 05.25/06:03:29 solver.py:281 ] [40/40] loss: 2.5898e-06 | NMSE: -2.2807e+01 | time: 0.014
I 05.25/06:03:29 solver.py:285 ] => Test NMSE: -2.2807e+01

I 05.25/06:03:29 solver.py:206 ] 
=! Best NMSE: -2.2930e+01 (epoch=290)

I 05.25/06:03:30 solver.py:141 ] Epoch: [301/400][20/196] lr: 7.67e-05 | MSE loss: 2.0946e-06 | time: 0.044
I 05.25/06:03:31 solver.py:141 ] Epoch: [301/400][40/196] lr: 7.67e-05 | MSE loss: 2.2169e-06 | time: 0.037
I 05.25/06:03:32 solver.py:141 ] Epoch: [301/400][60/196] lr: 7.66e-05 | MSE loss: 2.1958e-06 | time: 0.035
I 05.25/06:03:32 solver.py:141 ] Epoch: [301/400][80/196] lr: 7.66e-05 | MSE loss: 2.1949e-06 | time: 0.033
I 05.25/06:03:33 solver.py:141 ] Epoch: [301/400][100/196] lr: 7.65e-05 | MSE loss: 2.1866e-06 | time: 0.033
I 05.25/06:03:33 solver.py:141 ] Epoch: [301/400][120/196] lr: 7.65e-05 | MSE loss: 2.1818e-06 | time: 0.033
I 05.25/06:03:34 solver.py:141 ] Epoch: [301/400][140/196] lr: 7.64e-05 | MSE loss: 2.1946e-06 | time: 0.033
I 05.25/06:03:35 solver.py:141 ] Epoch: [301/400][160/196] lr: 7.64e-05 | MSE loss: 2.1846e-06 | time: 0.033
I 05.25/06:03:35 solver.py:141 ] Epoch: [301/400][180/196] lr: 7.63e-05 | MSE loss: 2.1787e-06 | time: 0.033
I 05.25/06:03:36 solver.py:151 ] => Train  Loss: 2.1731e-06

I 05.25/06:03:36 solver.py:206 ] 
=! Best NMSE: -2.2930e+01 (epoch=290)

I 05.25/06:03:37 solver.py:141 ] Epoch: [302/400][20/196] lr: 7.62e-05 | MSE loss: 2.1728e-06 | time: 0.048
I 05.25/06:03:38 solver.py:141 ] Epoch: [302/400][40/196] lr: 7.62e-05 | MSE loss: 2.2403e-06 | time: 0.041
I 05.25/06:03:39 solver.py:141 ] Epoch: [302/400][60/196] lr: 7.61e-05 | MSE loss: 2.1996e-06 | time: 0.038
I 05.25/06:03:39 solver.py:141 ] Epoch: [302/400][80/196] lr: 7.61e-05 | MSE loss: 2.2114e-06 | time: 0.036
I 05.25/06:03:40 solver.py:141 ] Epoch: [302/400][100/196] lr: 7.60e-05 | MSE loss: 2.2318e-06 | time: 0.035
I 05.25/06:03:40 solver.py:141 ] Epoch: [302/400][120/196] lr: 7.60e-05 | MSE loss: 2.2480e-06 | time: 0.034
I 05.25/06:03:41 solver.py:141 ] Epoch: [302/400][140/196] lr: 7.59e-05 | MSE loss: 2.2392e-06 | time: 0.033
I 05.25/06:03:42 solver.py:141 ] Epoch: [302/400][160/196] lr: 7.59e-05 | MSE loss: 2.2198e-06 | time: 0.033
I 05.25/06:03:42 solver.py:141 ] Epoch: [302/400][180/196] lr: 7.58e-05 | MSE loss: 2.2090e-06 | time: 0.033
I 05.25/06:03:43 solver.py:151 ] => Train  Loss: 2.2030e-06

I 05.25/06:03:43 solver.py:206 ] 
=! Best NMSE: -2.2930e+01 (epoch=290)

I 05.25/06:03:44 solver.py:141 ] Epoch: [303/400][20/196] lr: 7.57e-05 | MSE loss: 2.1836e-06 | time: 0.047
I 05.25/06:03:44 solver.py:141 ] Epoch: [303/400][40/196] lr: 7.57e-05 | MSE loss: 2.1725e-06 | time: 0.040
I 05.25/06:03:45 solver.py:141 ] Epoch: [303/400][60/196] lr: 7.56e-05 | MSE loss: 2.1893e-06 | time: 0.037
I 05.25/06:03:46 solver.py:141 ] Epoch: [303/400][80/196] lr: 7.56e-05 | MSE loss: 2.1752e-06 | time: 0.035
I 05.25/06:03:46 solver.py:141 ] Epoch: [303/400][100/196] lr: 7.55e-05 | MSE loss: 2.1665e-06 | time: 0.033
I 05.25/06:03:47 solver.py:141 ] Epoch: [303/400][120/196] lr: 7.55e-05 | MSE loss: 2.1560e-06 | time: 0.032
I 05.25/06:03:47 solver.py:141 ] Epoch: [303/400][140/196] lr: 7.54e-05 | MSE loss: 2.1513e-06 | time: 0.032
I 05.25/06:03:48 solver.py:141 ] Epoch: [303/400][160/196] lr: 7.54e-05 | MSE loss: 2.1555e-06 | time: 0.031
I 05.25/06:03:49 solver.py:141 ] Epoch: [303/400][180/196] lr: 7.53e-05 | MSE loss: 2.1494e-06 | time: 0.031
I 05.25/06:03:49 solver.py:151 ] => Train  Loss: 2.1541e-06

I 05.25/06:03:49 solver.py:206 ] 
=! Best NMSE: -2.2930e+01 (epoch=290)

I 05.25/06:03:50 solver.py:141 ] Epoch: [304/400][20/196] lr: 7.53e-05 | MSE loss: 2.0894e-06 | time: 0.047
I 05.25/06:03:51 solver.py:141 ] Epoch: [304/400][40/196] lr: 7.52e-05 | MSE loss: 2.1787e-06 | time: 0.040
I 05.25/06:03:51 solver.py:141 ] Epoch: [304/400][60/196] lr: 7.52e-05 | MSE loss: 2.1999e-06 | time: 0.037
I 05.25/06:03:52 solver.py:141 ] Epoch: [304/400][80/196] lr: 7.51e-05 | MSE loss: 2.2110e-06 | time: 0.035
I 05.25/06:03:53 solver.py:141 ] Epoch: [304/400][100/196] lr: 7.51e-05 | MSE loss: 2.2384e-06 | time: 0.033
I 05.25/06:03:53 solver.py:141 ] Epoch: [304/400][120/196] lr: 7.50e-05 | MSE loss: 2.2201e-06 | time: 0.032
I 05.25/06:03:54 solver.py:141 ] Epoch: [304/400][140/196] lr: 7.50e-05 | MSE loss: 2.2058e-06 | time: 0.032
I 05.25/06:03:54 solver.py:141 ] Epoch: [304/400][160/196] lr: 7.49e-05 | MSE loss: 2.1942e-06 | time: 0.032
I 05.25/06:03:55 solver.py:141 ] Epoch: [304/400][180/196] lr: 7.49e-05 | MSE loss: 2.1798e-06 | time: 0.031
I 05.25/06:03:55 solver.py:151 ] => Train  Loss: 2.1723e-06

I 05.25/06:03:56 solver.py:206 ] 
=! Best NMSE: -2.2930e+01 (epoch=290)

I 05.25/06:03:57 solver.py:141 ] Epoch: [305/400][20/196] lr: 7.48e-05 | MSE loss: 2.1257e-06 | time: 0.046
I 05.25/06:03:57 solver.py:141 ] Epoch: [305/400][40/196] lr: 7.47e-05 | MSE loss: 2.1118e-06 | time: 0.040
I 05.25/06:03:58 solver.py:141 ] Epoch: [305/400][60/196] lr: 7.47e-05 | MSE loss: 2.1283e-06 | time: 0.038
I 05.25/06:03:59 solver.py:141 ] Epoch: [305/400][80/196] lr: 7.46e-05 | MSE loss: 2.1016e-06 | time: 0.037
I 05.25/06:03:59 solver.py:141 ] Epoch: [305/400][100/196] lr: 7.46e-05 | MSE loss: 2.1003e-06 | time: 0.036
I 05.25/06:04:00 solver.py:141 ] Epoch: [305/400][120/196] lr: 7.45e-05 | MSE loss: 2.1102e-06 | time: 0.035
I 05.25/06:04:01 solver.py:141 ] Epoch: [305/400][140/196] lr: 7.45e-05 | MSE loss: 2.1135e-06 | time: 0.035
I 05.25/06:04:01 solver.py:141 ] Epoch: [305/400][160/196] lr: 7.44e-05 | MSE loss: 2.1195e-06 | time: 0.034
I 05.25/06:04:02 solver.py:141 ] Epoch: [305/400][180/196] lr: 7.44e-05 | MSE loss: 2.1359e-06 | time: 0.034
I 05.25/06:04:02 solver.py:151 ] => Train  Loss: 2.1326e-06

I 05.25/06:04:03 solver.py:206 ] 
=! Best NMSE: -2.2930e+01 (epoch=290)

I 05.25/06:04:04 solver.py:141 ] Epoch: [306/400][20/196] lr: 7.43e-05 | MSE loss: 2.0713e-06 | time: 0.057
I 05.25/06:04:04 solver.py:141 ] Epoch: [306/400][40/196] lr: 7.42e-05 | MSE loss: 2.2123e-06 | time: 0.043
I 05.25/06:04:05 solver.py:141 ] Epoch: [306/400][60/196] lr: 7.42e-05 | MSE loss: 2.2063e-06 | time: 0.038
I 05.25/06:04:05 solver.py:141 ] Epoch: [306/400][80/196] lr: 7.41e-05 | MSE loss: 2.1851e-06 | time: 0.035
I 05.25/06:04:06 solver.py:141 ] Epoch: [306/400][100/196] lr: 7.41e-05 | MSE loss: 2.1788e-06 | time: 0.033
I 05.25/06:04:07 solver.py:141 ] Epoch: [306/400][120/196] lr: 7.40e-05 | MSE loss: 2.1657e-06 | time: 0.032
I 05.25/06:04:07 solver.py:141 ] Epoch: [306/400][140/196] lr: 7.40e-05 | MSE loss: 2.1680e-06 | time: 0.031
I 05.25/06:04:08 solver.py:141 ] Epoch: [306/400][160/196] lr: 7.39e-05 | MSE loss: 2.1782e-06 | time: 0.031
I 05.25/06:04:08 solver.py:141 ] Epoch: [306/400][180/196] lr: 7.39e-05 | MSE loss: 2.1711e-06 | time: 0.032
I 05.25/06:04:09 solver.py:151 ] => Train  Loss: 2.1693e-06

I 05.25/06:04:09 solver.py:206 ] 
=! Best NMSE: -2.2930e+01 (epoch=290)

I 05.25/06:04:10 solver.py:141 ] Epoch: [307/400][20/196] lr: 7.38e-05 | MSE loss: 2.1464e-06 | time: 0.042
I 05.25/06:04:11 solver.py:141 ] Epoch: [307/400][40/196] lr: 7.38e-05 | MSE loss: 2.1169e-06 | time: 0.035
I 05.25/06:04:11 solver.py:141 ] Epoch: [307/400][60/196] lr: 7.37e-05 | MSE loss: 2.1221e-06 | time: 0.034
I 05.25/06:04:12 solver.py:141 ] Epoch: [307/400][80/196] lr: 7.37e-05 | MSE loss: 2.1734e-06 | time: 0.033
I 05.25/06:04:12 solver.py:141 ] Epoch: [307/400][100/196] lr: 7.36e-05 | MSE loss: 2.1603e-06 | time: 0.031
I 05.25/06:04:13 solver.py:141 ] Epoch: [307/400][120/196] lr: 7.36e-05 | MSE loss: 2.1540e-06 | time: 0.031
I 05.25/06:04:14 solver.py:141 ] Epoch: [307/400][140/196] lr: 7.35e-05 | MSE loss: 2.1664e-06 | time: 0.030
I 05.25/06:04:14 solver.py:141 ] Epoch: [307/400][160/196] lr: 7.35e-05 | MSE loss: 2.1621e-06 | time: 0.030
I 05.25/06:04:15 solver.py:141 ] Epoch: [307/400][180/196] lr: 7.34e-05 | MSE loss: 2.1606e-06 | time: 0.030
I 05.25/06:04:15 solver.py:151 ] => Train  Loss: 2.1645e-06

I 05.25/06:04:15 solver.py:206 ] 
=! Best NMSE: -2.2930e+01 (epoch=290)

I 05.25/06:04:17 solver.py:141 ] Epoch: [308/400][20/196] lr: 7.33e-05 | MSE loss: 2.1794e-06 | time: 0.052
I 05.25/06:04:17 solver.py:141 ] Epoch: [308/400][40/196] lr: 7.33e-05 | MSE loss: 2.1247e-06 | time: 0.041
I 05.25/06:04:18 solver.py:141 ] Epoch: [308/400][60/196] lr: 7.32e-05 | MSE loss: 2.1043e-06 | time: 0.039
I 05.25/06:04:19 solver.py:141 ] Epoch: [308/400][80/196] lr: 7.32e-05 | MSE loss: 2.0920e-06 | time: 0.038
I 05.25/06:04:19 solver.py:141 ] Epoch: [308/400][100/196] lr: 7.31e-05 | MSE loss: 2.0886e-06 | time: 0.037
I 05.25/06:04:20 solver.py:141 ] Epoch: [308/400][120/196] lr: 7.31e-05 | MSE loss: 2.0948e-06 | time: 0.035
I 05.25/06:04:20 solver.py:141 ] Epoch: [308/400][140/196] lr: 7.30e-05 | MSE loss: 2.1009e-06 | time: 0.035
I 05.25/06:04:21 solver.py:141 ] Epoch: [308/400][160/196] lr: 7.30e-05 | MSE loss: 2.0952e-06 | time: 0.035
I 05.25/06:04:22 solver.py:141 ] Epoch: [308/400][180/196] lr: 7.29e-05 | MSE loss: 2.1038e-06 | time: 0.034
I 05.25/06:04:22 solver.py:151 ] => Train  Loss: 2.1142e-06

I 05.25/06:04:22 solver.py:206 ] 
=! Best NMSE: -2.2930e+01 (epoch=290)

I 05.25/06:04:23 solver.py:141 ] Epoch: [309/400][20/196] lr: 7.29e-05 | MSE loss: 2.0834e-06 | time: 0.047
I 05.25/06:04:24 solver.py:141 ] Epoch: [309/400][40/196] lr: 7.28e-05 | MSE loss: 2.0660e-06 | time: 0.039
I 05.25/06:04:25 solver.py:141 ] Epoch: [309/400][60/196] lr: 7.28e-05 | MSE loss: 2.0808e-06 | time: 0.037
I 05.25/06:04:25 solver.py:141 ] Epoch: [309/400][80/196] lr: 7.27e-05 | MSE loss: 2.0783e-06 | time: 0.035
I 05.25/06:04:26 solver.py:141 ] Epoch: [309/400][100/196] lr: 7.27e-05 | MSE loss: 2.0953e-06 | time: 0.034
I 05.25/06:04:27 solver.py:141 ] Epoch: [309/400][120/196] lr: 7.26e-05 | MSE loss: 2.1134e-06 | time: 0.034
I 05.25/06:04:27 solver.py:141 ] Epoch: [309/400][140/196] lr: 7.26e-05 | MSE loss: 2.1270e-06 | time: 0.033
I 05.25/06:04:28 solver.py:141 ] Epoch: [309/400][160/196] lr: 7.25e-05 | MSE loss: 2.1412e-06 | time: 0.033
I 05.25/06:04:28 solver.py:141 ] Epoch: [309/400][180/196] lr: 7.25e-05 | MSE loss: 2.1477e-06 | time: 0.032
I 05.25/06:04:29 solver.py:151 ] => Train  Loss: 2.1500e-06

I 05.25/06:04:29 solver.py:206 ] 
=! Best NMSE: -2.2930e+01 (epoch=290)

I 05.25/06:04:30 solver.py:141 ] Epoch: [310/400][20/196] lr: 7.24e-05 | MSE loss: 2.1003e-06 | time: 0.049
I 05.25/06:04:31 solver.py:141 ] Epoch: [310/400][40/196] lr: 7.23e-05 | MSE loss: 2.1313e-06 | time: 0.041
I 05.25/06:04:31 solver.py:141 ] Epoch: [310/400][60/196] lr: 7.23e-05 | MSE loss: 2.1113e-06 | time: 0.038
I 05.25/06:04:32 solver.py:141 ] Epoch: [310/400][80/196] lr: 7.22e-05 | MSE loss: 2.0918e-06 | time: 0.036
I 05.25/06:04:32 solver.py:141 ] Epoch: [310/400][100/196] lr: 7.22e-05 | MSE loss: 2.0758e-06 | time: 0.034
I 05.25/06:04:33 solver.py:141 ] Epoch: [310/400][120/196] lr: 7.21e-05 | MSE loss: 2.0732e-06 | time: 0.034
I 05.25/06:04:34 solver.py:141 ] Epoch: [310/400][140/196] lr: 7.21e-05 | MSE loss: 2.0749e-06 | time: 0.033
I 05.25/06:04:34 solver.py:141 ] Epoch: [310/400][160/196] lr: 7.21e-05 | MSE loss: 2.0792e-06 | time: 0.033
I 05.25/06:04:35 solver.py:141 ] Epoch: [310/400][180/196] lr: 7.20e-05 | MSE loss: 2.0763e-06 | time: 0.032
I 05.25/06:04:35 solver.py:151 ] => Train  Loss: 2.0793e-06

I 05.25/06:04:36 solver.py:141 ] Epoch: [310/400][20/59] lr: 7.20e-05 | MSE loss: 2.4195e-06 | time: 0.018
I 05.25/06:04:36 solver.py:141 ] Epoch: [310/400][40/59] lr: 7.20e-05 | MSE loss: 2.4376e-06 | time: 0.013
I 05.25/06:04:36 solver.py:151 ] => Val  Loss: 2.4233e-06

I 05.25/06:04:36 solver.py:281 ] [20/40] loss: 2.4325e-06 | NMSE: -2.3096e+01 | time: 0.016
I 05.25/06:04:37 solver.py:281 ] [40/40] loss: 2.4321e-06 | NMSE: -2.3100e+01 | time: 0.012
I 05.25/06:04:37 solver.py:285 ] => Test NMSE: -2.3100e+01

I 05.25/06:04:37 solver.py:206 ] 
=! Best NMSE: -2.3100e+01 (epoch=310)

I 05.25/06:04:38 solver.py:141 ] Epoch: [311/400][20/196] lr: 7.19e-05 | MSE loss: 2.1210e-06 | time: 0.046
I 05.25/06:04:38 solver.py:141 ] Epoch: [311/400][40/196] lr: 7.19e-05 | MSE loss: 2.0860e-06 | time: 0.040
I 05.25/06:04:39 solver.py:141 ] Epoch: [311/400][60/196] lr: 7.18e-05 | MSE loss: 2.0901e-06 | time: 0.036
I 05.25/06:04:40 solver.py:141 ] Epoch: [311/400][80/196] lr: 7.18e-05 | MSE loss: 2.1235e-06 | time: 0.035
I 05.25/06:04:40 solver.py:141 ] Epoch: [311/400][100/196] lr: 7.17e-05 | MSE loss: 2.1536e-06 | time: 0.034
I 05.25/06:04:41 solver.py:141 ] Epoch: [311/400][120/196] lr: 7.17e-05 | MSE loss: 2.1779e-06 | time: 0.034
I 05.25/06:04:42 solver.py:141 ] Epoch: [311/400][140/196] lr: 7.16e-05 | MSE loss: 2.1736e-06 | time: 0.034
I 05.25/06:04:42 solver.py:141 ] Epoch: [311/400][160/196] lr: 7.16e-05 | MSE loss: 2.1575e-06 | time: 0.033
I 05.25/06:04:43 solver.py:141 ] Epoch: [311/400][180/196] lr: 7.15e-05 | MSE loss: 2.1461e-06 | time: 0.033
I 05.25/06:04:43 solver.py:151 ] => Train  Loss: 2.1404e-06

I 05.25/06:04:43 solver.py:206 ] 
=! Best NMSE: -2.3100e+01 (epoch=310)

I 05.25/06:04:44 solver.py:141 ] Epoch: [312/400][20/196] lr: 7.15e-05 | MSE loss: 2.1200e-06 | time: 0.037
I 05.25/06:04:45 solver.py:141 ] Epoch: [312/400][40/196] lr: 7.14e-05 | MSE loss: 2.0943e-06 | time: 0.033
I 05.25/06:04:45 solver.py:141 ] Epoch: [312/400][60/196] lr: 7.14e-05 | MSE loss: 2.1029e-06 | time: 0.032
I 05.25/06:04:46 solver.py:141 ] Epoch: [312/400][80/196] lr: 7.13e-05 | MSE loss: 2.1089e-06 | time: 0.029
I 05.25/06:04:46 solver.py:141 ] Epoch: [312/400][100/196] lr: 7.13e-05 | MSE loss: 2.1187e-06 | time: 0.029
I 05.25/06:04:47 solver.py:141 ] Epoch: [312/400][120/196] lr: 7.12e-05 | MSE loss: 2.1106e-06 | time: 0.028
I 05.25/06:04:47 solver.py:141 ] Epoch: [312/400][140/196] lr: 7.12e-05 | MSE loss: 2.0997e-06 | time: 0.027
I 05.25/06:04:48 solver.py:141 ] Epoch: [312/400][160/196] lr: 7.11e-05 | MSE loss: 2.0914e-06 | time: 0.028
I 05.25/06:04:49 solver.py:141 ] Epoch: [312/400][180/196] lr: 7.11e-05 | MSE loss: 2.0940e-06 | time: 0.028
I 05.25/06:04:49 solver.py:151 ] => Train  Loss: 2.0982e-06

I 05.25/06:04:49 solver.py:206 ] 
=! Best NMSE: -2.3100e+01 (epoch=310)

I 05.25/06:04:50 solver.py:141 ] Epoch: [313/400][20/196] lr: 7.10e-05 | MSE loss: 2.0533e-06 | time: 0.042
I 05.25/06:04:51 solver.py:141 ] Epoch: [313/400][40/196] lr: 7.10e-05 | MSE loss: 2.0479e-06 | time: 0.036
I 05.25/06:04:51 solver.py:141 ] Epoch: [313/400][60/196] lr: 7.09e-05 | MSE loss: 2.0858e-06 | time: 0.034
I 05.25/06:04:52 solver.py:141 ] Epoch: [313/400][80/196] lr: 7.09e-05 | MSE loss: 2.0940e-06 | time: 0.034
I 05.25/06:04:53 solver.py:141 ] Epoch: [313/400][100/196] lr: 7.08e-05 | MSE loss: 2.0882e-06 | time: 0.033
I 05.25/06:04:53 solver.py:141 ] Epoch: [313/400][120/196] lr: 7.08e-05 | MSE loss: 2.0913e-06 | time: 0.033
I 05.25/06:04:54 solver.py:141 ] Epoch: [313/400][140/196] lr: 7.07e-05 | MSE loss: 2.0888e-06 | time: 0.033
I 05.25/06:04:54 solver.py:141 ] Epoch: [313/400][160/196] lr: 7.07e-05 | MSE loss: 2.0959e-06 | time: 0.032
I 05.25/06:04:55 solver.py:141 ] Epoch: [313/400][180/196] lr: 7.06e-05 | MSE loss: 2.0992e-06 | time: 0.032
I 05.25/06:04:56 solver.py:151 ] => Train  Loss: 2.1022e-06

I 05.25/06:04:56 solver.py:206 ] 
=! Best NMSE: -2.3100e+01 (epoch=310)

I 05.25/06:04:57 solver.py:141 ] Epoch: [314/400][20/196] lr: 7.06e-05 | MSE loss: 2.0427e-06 | time: 0.048
I 05.25/06:04:57 solver.py:141 ] Epoch: [314/400][40/196] lr: 7.05e-05 | MSE loss: 2.0902e-06 | time: 0.039
I 05.25/06:04:58 solver.py:141 ] Epoch: [314/400][60/196] lr: 7.05e-05 | MSE loss: 2.0962e-06 | time: 0.038
I 05.25/06:04:59 solver.py:141 ] Epoch: [314/400][80/196] lr: 7.04e-05 | MSE loss: 2.0973e-06 | time: 0.037
I 05.25/06:04:59 solver.py:141 ] Epoch: [314/400][100/196] lr: 7.04e-05 | MSE loss: 2.1240e-06 | time: 0.036
I 05.25/06:05:00 solver.py:141 ] Epoch: [314/400][120/196] lr: 7.03e-05 | MSE loss: 2.1166e-06 | time: 0.035
I 05.25/06:05:01 solver.py:141 ] Epoch: [314/400][140/196] lr: 7.03e-05 | MSE loss: 2.1153e-06 | time: 0.035
I 05.25/06:05:01 solver.py:141 ] Epoch: [314/400][160/196] lr: 7.02e-05 | MSE loss: 2.1235e-06 | time: 0.035
I 05.25/06:05:02 solver.py:141 ] Epoch: [314/400][180/196] lr: 7.02e-05 | MSE loss: 2.1129e-06 | time: 0.034
I 05.25/06:05:02 solver.py:151 ] => Train  Loss: 2.1093e-06

I 05.25/06:05:03 solver.py:206 ] 
=! Best NMSE: -2.3100e+01 (epoch=310)

I 05.25/06:05:04 solver.py:141 ] Epoch: [315/400][20/196] lr: 7.01e-05 | MSE loss: 2.0891e-06 | time: 0.048
I 05.25/06:05:04 solver.py:141 ] Epoch: [315/400][40/196] lr: 7.01e-05 | MSE loss: 2.1762e-06 | time: 0.036
I 05.25/06:05:05 solver.py:141 ] Epoch: [315/400][60/196] lr: 7.00e-05 | MSE loss: 2.1794e-06 | time: 0.034
I 05.25/06:05:05 solver.py:141 ] Epoch: [315/400][80/196] lr: 7.00e-05 | MSE loss: 2.1523e-06 | time: 0.033
I 05.25/06:05:06 solver.py:141 ] Epoch: [315/400][100/196] lr: 6.99e-05 | MSE loss: 2.1441e-06 | time: 0.033
I 05.25/06:05:07 solver.py:141 ] Epoch: [315/400][120/196] lr: 6.99e-05 | MSE loss: 2.1401e-06 | time: 0.032
I 05.25/06:05:07 solver.py:141 ] Epoch: [315/400][140/196] lr: 6.98e-05 | MSE loss: 2.1514e-06 | time: 0.032
I 05.25/06:05:08 solver.py:141 ] Epoch: [315/400][160/196] lr: 6.98e-05 | MSE loss: 2.1964e-06 | time: 0.032
I 05.25/06:05:09 solver.py:141 ] Epoch: [315/400][180/196] lr: 6.97e-05 | MSE loss: 2.1996e-06 | time: 0.033
I 05.25/06:05:09 solver.py:151 ] => Train  Loss: 2.2014e-06

I 05.25/06:05:09 solver.py:206 ] 
=! Best NMSE: -2.3100e+01 (epoch=310)

I 05.25/06:05:10 solver.py:141 ] Epoch: [316/400][20/196] lr: 6.97e-05 | MSE loss: 2.1877e-06 | time: 0.046
I 05.25/06:05:11 solver.py:141 ] Epoch: [316/400][40/196] lr: 6.96e-05 | MSE loss: 2.1257e-06 | time: 0.038
I 05.25/06:05:11 solver.py:141 ] Epoch: [316/400][60/196] lr: 6.96e-05 | MSE loss: 2.1045e-06 | time: 0.036
I 05.25/06:05:12 solver.py:141 ] Epoch: [316/400][80/196] lr: 6.95e-05 | MSE loss: 2.1025e-06 | time: 0.034
I 05.25/06:05:12 solver.py:141 ] Epoch: [316/400][100/196] lr: 6.95e-05 | MSE loss: 2.0896e-06 | time: 0.032
I 05.25/06:05:13 solver.py:141 ] Epoch: [316/400][120/196] lr: 6.94e-05 | MSE loss: 2.0847e-06 | time: 0.032
I 05.25/06:05:14 solver.py:141 ] Epoch: [316/400][140/196] lr: 6.94e-05 | MSE loss: 2.0975e-06 | time: 0.032
I 05.25/06:05:14 solver.py:141 ] Epoch: [316/400][160/196] lr: 6.93e-05 | MSE loss: 2.1045e-06 | time: 0.031
I 05.25/06:05:15 solver.py:141 ] Epoch: [316/400][180/196] lr: 6.93e-05 | MSE loss: 2.0952e-06 | time: 0.031
I 05.25/06:05:15 solver.py:151 ] => Train  Loss: 2.0913e-06

I 05.25/06:05:15 solver.py:206 ] 
=! Best NMSE: -2.3100e+01 (epoch=310)

I 05.25/06:05:16 solver.py:141 ] Epoch: [317/400][20/196] lr: 6.92e-05 | MSE loss: 2.0281e-06 | time: 0.046
I 05.25/06:05:17 solver.py:141 ] Epoch: [317/400][40/196] lr: 6.92e-05 | MSE loss: 2.0127e-06 | time: 0.041
I 05.25/06:05:18 solver.py:141 ] Epoch: [317/400][60/196] lr: 6.91e-05 | MSE loss: 2.0403e-06 | time: 0.038
I 05.25/06:05:18 solver.py:141 ] Epoch: [317/400][80/196] lr: 6.91e-05 | MSE loss: 2.0406e-06 | time: 0.036
I 05.25/06:05:19 solver.py:141 ] Epoch: [317/400][100/196] lr: 6.90e-05 | MSE loss: 2.0319e-06 | time: 0.035
I 05.25/06:05:19 solver.py:141 ] Epoch: [317/400][120/196] lr: 6.90e-05 | MSE loss: 2.0368e-06 | time: 0.033
I 05.25/06:05:20 solver.py:141 ] Epoch: [317/400][140/196] lr: 6.90e-05 | MSE loss: 2.0465e-06 | time: 0.032
I 05.25/06:05:21 solver.py:141 ] Epoch: [317/400][160/196] lr: 6.89e-05 | MSE loss: 2.0563e-06 | time: 0.033
I 05.25/06:05:21 solver.py:141 ] Epoch: [317/400][180/196] lr: 6.89e-05 | MSE loss: 2.0655e-06 | time: 0.032
I 05.25/06:05:22 solver.py:151 ] => Train  Loss: 2.0760e-06

I 05.25/06:05:22 solver.py:206 ] 
=! Best NMSE: -2.3100e+01 (epoch=310)

I 05.25/06:05:23 solver.py:141 ] Epoch: [318/400][20/196] lr: 6.88e-05 | MSE loss: 2.0225e-06 | time: 0.045
I 05.25/06:05:23 solver.py:141 ] Epoch: [318/400][40/196] lr: 6.87e-05 | MSE loss: 2.0078e-06 | time: 0.038
I 05.25/06:05:24 solver.py:141 ] Epoch: [318/400][60/196] lr: 6.87e-05 | MSE loss: 2.0273e-06 | time: 0.035
I 05.25/06:05:25 solver.py:141 ] Epoch: [318/400][80/196] lr: 6.87e-05 | MSE loss: 2.0265e-06 | time: 0.033
I 05.25/06:05:25 solver.py:141 ] Epoch: [318/400][100/196] lr: 6.86e-05 | MSE loss: 2.0183e-06 | time: 0.032
I 05.25/06:05:26 solver.py:141 ] Epoch: [318/400][120/196] lr: 6.86e-05 | MSE loss: 2.0218e-06 | time: 0.032
I 05.25/06:05:26 solver.py:141 ] Epoch: [318/400][140/196] lr: 6.85e-05 | MSE loss: 2.0466e-06 | time: 0.032
I 05.25/06:05:27 solver.py:141 ] Epoch: [318/400][160/196] lr: 6.85e-05 | MSE loss: 2.0586e-06 | time: 0.032
I 05.25/06:05:28 solver.py:141 ] Epoch: [318/400][180/196] lr: 6.84e-05 | MSE loss: 2.0676e-06 | time: 0.032
I 05.25/06:05:28 solver.py:151 ] => Train  Loss: 2.0867e-06

I 05.25/06:05:28 solver.py:206 ] 
=! Best NMSE: -2.3100e+01 (epoch=310)

I 05.25/06:05:29 solver.py:141 ] Epoch: [319/400][20/196] lr: 6.84e-05 | MSE loss: 2.1293e-06 | time: 0.043
I 05.25/06:05:30 solver.py:141 ] Epoch: [319/400][40/196] lr: 6.83e-05 | MSE loss: 2.1051e-06 | time: 0.037
I 05.25/06:05:31 solver.py:141 ] Epoch: [319/400][60/196] lr: 6.83e-05 | MSE loss: 2.0924e-06 | time: 0.034
I 05.25/06:05:31 solver.py:141 ] Epoch: [319/400][80/196] lr: 6.82e-05 | MSE loss: 2.1001e-06 | time: 0.032
I 05.25/06:05:32 solver.py:141 ] Epoch: [319/400][100/196] lr: 6.82e-05 | MSE loss: 2.0991e-06 | time: 0.032
I 05.25/06:05:32 solver.py:141 ] Epoch: [319/400][120/196] lr: 6.81e-05 | MSE loss: 2.0966e-06 | time: 0.031
I 05.25/06:05:33 solver.py:141 ] Epoch: [319/400][140/196] lr: 6.81e-05 | MSE loss: 2.0861e-06 | time: 0.031
I 05.25/06:05:34 solver.py:141 ] Epoch: [319/400][160/196] lr: 6.80e-05 | MSE loss: 2.0776e-06 | time: 0.031
I 05.25/06:05:34 solver.py:141 ] Epoch: [319/400][180/196] lr: 6.80e-05 | MSE loss: 2.0757e-06 | time: 0.031
I 05.25/06:05:35 solver.py:151 ] => Train  Loss: 2.0734e-06

I 05.25/06:05:35 solver.py:206 ] 
=! Best NMSE: -2.3100e+01 (epoch=310)

I 05.25/06:05:36 solver.py:141 ] Epoch: [320/400][20/196] lr: 6.79e-05 | MSE loss: 2.1316e-06 | time: 0.049
I 05.25/06:05:37 solver.py:141 ] Epoch: [320/400][40/196] lr: 6.79e-05 | MSE loss: 2.1070e-06 | time: 0.040
I 05.25/06:05:37 solver.py:141 ] Epoch: [320/400][60/196] lr: 6.78e-05 | MSE loss: 2.1137e-06 | time: 0.037
I 05.25/06:05:38 solver.py:141 ] Epoch: [320/400][80/196] lr: 6.78e-05 | MSE loss: 2.1095e-06 | time: 0.035
I 05.25/06:05:38 solver.py:141 ] Epoch: [320/400][100/196] lr: 6.78e-05 | MSE loss: 2.0875e-06 | time: 0.034
I 05.25/06:05:39 solver.py:141 ] Epoch: [320/400][120/196] lr: 6.77e-05 | MSE loss: 2.0929e-06 | time: 0.034
I 05.25/06:05:40 solver.py:141 ] Epoch: [320/400][140/196] lr: 6.77e-05 | MSE loss: 2.0866e-06 | time: 0.034
I 05.25/06:05:40 solver.py:141 ] Epoch: [320/400][160/196] lr: 6.76e-05 | MSE loss: 2.1135e-06 | time: 0.033
I 05.25/06:05:41 solver.py:141 ] Epoch: [320/400][180/196] lr: 6.76e-05 | MSE loss: 2.1138e-06 | time: 0.033
I 05.25/06:05:42 solver.py:151 ] => Train  Loss: 2.1081e-06

I 05.25/06:05:42 solver.py:141 ] Epoch: [320/400][20/59] lr: 6.75e-05 | MSE loss: 2.3238e-06 | time: 0.019
I 05.25/06:05:42 solver.py:141 ] Epoch: [320/400][40/59] lr: 6.75e-05 | MSE loss: 2.3369e-06 | time: 0.013
I 05.25/06:05:42 solver.py:151 ] => Val  Loss: 2.3240e-06

I 05.25/06:05:43 solver.py:281 ] [20/40] loss: 2.3299e-06 | NMSE: -2.3288e+01 | time: 0.017
I 05.25/06:05:43 solver.py:281 ] [40/40] loss: 2.3316e-06 | NMSE: -2.3290e+01 | time: 0.014
I 05.25/06:05:43 solver.py:285 ] => Test NMSE: -2.3290e+01

I 05.25/06:05:43 solver.py:206 ] 
=! Best NMSE: -2.3290e+01 (epoch=320)

I 05.25/06:05:44 solver.py:141 ] Epoch: [321/400][20/196] lr: 6.75e-05 | MSE loss: 2.0157e-06 | time: 0.047
I 05.25/06:05:45 solver.py:141 ] Epoch: [321/400][40/196] lr: 6.75e-05 | MSE loss: 2.0110e-06 | time: 0.039
I 05.25/06:05:45 solver.py:141 ] Epoch: [321/400][60/196] lr: 6.74e-05 | MSE loss: 2.0157e-06 | time: 0.036
I 05.25/06:05:46 solver.py:141 ] Epoch: [321/400][80/196] lr: 6.74e-05 | MSE loss: 2.0389e-06 | time: 0.034
I 05.25/06:05:47 solver.py:141 ] Epoch: [321/400][100/196] lr: 6.73e-05 | MSE loss: 2.0502e-06 | time: 0.033
I 05.25/06:05:47 solver.py:141 ] Epoch: [321/400][120/196] lr: 6.73e-05 | MSE loss: 2.0542e-06 | time: 0.033
I 05.25/06:05:48 solver.py:141 ] Epoch: [321/400][140/196] lr: 6.72e-05 | MSE loss: 2.0441e-06 | time: 0.033
I 05.25/06:05:48 solver.py:141 ] Epoch: [321/400][160/196] lr: 6.72e-05 | MSE loss: 2.0488e-06 | time: 0.032
I 05.25/06:05:49 solver.py:141 ] Epoch: [321/400][180/196] lr: 6.72e-05 | MSE loss: 2.0549e-06 | time: 0.032
I 05.25/06:05:50 solver.py:151 ] => Train  Loss: 2.0507e-06

I 05.25/06:05:50 solver.py:206 ] 
=! Best NMSE: -2.3290e+01 (epoch=320)

I 05.25/06:05:51 solver.py:141 ] Epoch: [322/400][20/196] lr: 6.71e-05 | MSE loss: 1.9900e-06 | time: 0.041
I 05.25/06:05:51 solver.py:141 ] Epoch: [322/400][40/196] lr: 6.70e-05 | MSE loss: 2.0027e-06 | time: 0.032
I 05.25/06:05:52 solver.py:141 ] Epoch: [322/400][60/196] lr: 6.70e-05 | MSE loss: 2.0115e-06 | time: 0.031
I 05.25/06:05:52 solver.py:141 ] Epoch: [322/400][80/196] lr: 6.70e-05 | MSE loss: 2.0283e-06 | time: 0.031
I 05.25/06:05:53 solver.py:141 ] Epoch: [322/400][100/196] lr: 6.69e-05 | MSE loss: 2.0248e-06 | time: 0.030
I 05.25/06:05:53 solver.py:141 ] Epoch: [322/400][120/196] lr: 6.69e-05 | MSE loss: 2.0320e-06 | time: 0.030
I 05.25/06:05:54 solver.py:141 ] Epoch: [322/400][140/196] lr: 6.68e-05 | MSE loss: 2.0411e-06 | time: 0.030
I 05.25/06:05:55 solver.py:141 ] Epoch: [322/400][160/196] lr: 6.68e-05 | MSE loss: 2.0532e-06 | time: 0.030
I 05.25/06:05:55 solver.py:141 ] Epoch: [322/400][180/196] lr: 6.67e-05 | MSE loss: 2.0527e-06 | time: 0.030
I 05.25/06:05:56 solver.py:151 ] => Train  Loss: 2.0641e-06

I 05.25/06:05:56 solver.py:206 ] 
=! Best NMSE: -2.3290e+01 (epoch=320)

I 05.25/06:05:57 solver.py:141 ] Epoch: [323/400][20/196] lr: 6.67e-05 | MSE loss: 2.3273e-06 | time: 0.052
I 05.25/06:05:58 solver.py:141 ] Epoch: [323/400][40/196] lr: 6.66e-05 | MSE loss: 2.1995e-06 | time: 0.043
I 05.25/06:05:58 solver.py:141 ] Epoch: [323/400][60/196] lr: 6.66e-05 | MSE loss: 2.1354e-06 | time: 0.040
I 05.25/06:05:59 solver.py:141 ] Epoch: [323/400][80/196] lr: 6.65e-05 | MSE loss: 2.1033e-06 | time: 0.038
I 05.25/06:06:00 solver.py:141 ] Epoch: [323/400][100/196] lr: 6.65e-05 | MSE loss: 2.0897e-06 | time: 0.036
I 05.25/06:06:00 solver.py:141 ] Epoch: [323/400][120/196] lr: 6.65e-05 | MSE loss: 2.0780e-06 | time: 0.035
I 05.25/06:06:01 solver.py:141 ] Epoch: [323/400][140/196] lr: 6.64e-05 | MSE loss: 2.0746e-06 | time: 0.035
I 05.25/06:06:02 solver.py:141 ] Epoch: [323/400][160/196] lr: 6.64e-05 | MSE loss: 2.0792e-06 | time: 0.035
I 05.25/06:06:02 solver.py:141 ] Epoch: [323/400][180/196] lr: 6.63e-05 | MSE loss: 2.1010e-06 | time: 0.035
I 05.25/06:06:03 solver.py:151 ] => Train  Loss: 2.1022e-06

I 05.25/06:06:03 solver.py:206 ] 
=! Best NMSE: -2.3290e+01 (epoch=320)

I 05.25/06:06:04 solver.py:141 ] Epoch: [324/400][20/196] lr: 6.63e-05 | MSE loss: 2.0322e-06 | time: 0.058
I 05.25/06:06:05 solver.py:141 ] Epoch: [324/400][40/196] lr: 6.62e-05 | MSE loss: 2.0377e-06 | time: 0.043
I 05.25/06:06:05 solver.py:141 ] Epoch: [324/400][60/196] lr: 6.62e-05 | MSE loss: 2.0337e-06 | time: 0.038
I 05.25/06:06:06 solver.py:141 ] Epoch: [324/400][80/196] lr: 6.61e-05 | MSE loss: 2.0265e-06 | time: 0.035
I 05.25/06:06:06 solver.py:141 ] Epoch: [324/400][100/196] lr: 6.61e-05 | MSE loss: 2.0225e-06 | time: 0.034
I 05.25/06:06:07 solver.py:141 ] Epoch: [324/400][120/196] lr: 6.61e-05 | MSE loss: 2.0169e-06 | time: 0.032
I 05.25/06:06:07 solver.py:141 ] Epoch: [324/400][140/196] lr: 6.60e-05 | MSE loss: 2.0289e-06 | time: 0.030
I 05.25/06:06:08 solver.py:141 ] Epoch: [324/400][160/196] lr: 6.60e-05 | MSE loss: 2.0268e-06 | time: 0.030
I 05.25/06:06:08 solver.py:141 ] Epoch: [324/400][180/196] lr: 6.59e-05 | MSE loss: 2.0274e-06 | time: 0.030
I 05.25/06:06:09 solver.py:151 ] => Train  Loss: 2.0274e-06

I 05.25/06:06:09 solver.py:206 ] 
=! Best NMSE: -2.3290e+01 (epoch=320)

I 05.25/06:06:10 solver.py:141 ] Epoch: [325/400][20/196] lr: 6.59e-05 | MSE loss: 2.0524e-06 | time: 0.046
I 05.25/06:06:11 solver.py:141 ] Epoch: [325/400][40/196] lr: 6.58e-05 | MSE loss: 2.0611e-06 | time: 0.037
I 05.25/06:06:11 solver.py:141 ] Epoch: [325/400][60/196] lr: 6.58e-05 | MSE loss: 2.0500e-06 | time: 0.034
I 05.25/06:06:12 solver.py:141 ] Epoch: [325/400][80/196] lr: 6.57e-05 | MSE loss: 2.0315e-06 | time: 0.033
I 05.25/06:06:13 solver.py:141 ] Epoch: [325/400][100/196] lr: 6.57e-05 | MSE loss: 2.0209e-06 | time: 0.033
I 05.25/06:06:13 solver.py:141 ] Epoch: [325/400][120/196] lr: 6.57e-05 | MSE loss: 2.0390e-06 | time: 0.033
I 05.25/06:06:14 solver.py:141 ] Epoch: [325/400][140/196] lr: 6.56e-05 | MSE loss: 2.0374e-06 | time: 0.033
I 05.25/06:06:14 solver.py:141 ] Epoch: [325/400][160/196] lr: 6.56e-05 | MSE loss: 2.0617e-06 | time: 0.032
I 05.25/06:06:15 solver.py:141 ] Epoch: [325/400][180/196] lr: 6.55e-05 | MSE loss: 2.0701e-06 | time: 0.032
I 05.25/06:06:15 solver.py:151 ] => Train  Loss: 2.0693e-06

I 05.25/06:06:16 solver.py:206 ] 
=! Best NMSE: -2.3290e+01 (epoch=320)

I 05.25/06:06:17 solver.py:141 ] Epoch: [326/400][20/196] lr: 6.55e-05 | MSE loss: 1.9950e-06 | time: 0.044
I 05.25/06:06:17 solver.py:141 ] Epoch: [326/400][40/196] lr: 6.54e-05 | MSE loss: 1.9846e-06 | time: 0.037
I 05.25/06:06:18 solver.py:141 ] Epoch: [326/400][60/196] lr: 6.54e-05 | MSE loss: 2.0039e-06 | time: 0.034
I 05.25/06:06:18 solver.py:141 ] Epoch: [326/400][80/196] lr: 6.53e-05 | MSE loss: 2.0111e-06 | time: 0.033
I 05.25/06:06:19 solver.py:141 ] Epoch: [326/400][100/196] lr: 6.53e-05 | MSE loss: 2.0254e-06 | time: 0.032
I 05.25/06:06:19 solver.py:141 ] Epoch: [326/400][120/196] lr: 6.53e-05 | MSE loss: 2.0599e-06 | time: 0.031
I 05.25/06:06:20 solver.py:141 ] Epoch: [326/400][140/196] lr: 6.52e-05 | MSE loss: 2.0649e-06 | time: 0.031
I 05.25/06:06:21 solver.py:141 ] Epoch: [326/400][160/196] lr: 6.52e-05 | MSE loss: 2.0581e-06 | time: 0.031
I 05.25/06:06:21 solver.py:141 ] Epoch: [326/400][180/196] lr: 6.51e-05 | MSE loss: 2.0494e-06 | time: 0.031
I 05.25/06:06:22 solver.py:151 ] => Train  Loss: 2.0550e-06

I 05.25/06:06:22 solver.py:206 ] 
=! Best NMSE: -2.3290e+01 (epoch=320)

I 05.25/06:06:23 solver.py:141 ] Epoch: [327/400][20/196] lr: 6.51e-05 | MSE loss: 2.0541e-06 | time: 0.042
I 05.25/06:06:24 solver.py:141 ] Epoch: [327/400][40/196] lr: 6.50e-05 | MSE loss: 2.0179e-06 | time: 0.036
I 05.25/06:06:24 solver.py:141 ] Epoch: [327/400][60/196] lr: 6.50e-05 | MSE loss: 1.9980e-06 | time: 0.036
I 05.25/06:06:25 solver.py:141 ] Epoch: [327/400][80/196] lr: 6.49e-05 | MSE loss: 1.9805e-06 | time: 0.035
I 05.25/06:06:25 solver.py:141 ] Epoch: [327/400][100/196] lr: 6.49e-05 | MSE loss: 1.9850e-06 | time: 0.035
I 05.25/06:06:26 solver.py:141 ] Epoch: [327/400][120/196] lr: 6.49e-05 | MSE loss: 2.0059e-06 | time: 0.034
I 05.25/06:06:27 solver.py:141 ] Epoch: [327/400][140/196] lr: 6.48e-05 | MSE loss: 2.0121e-06 | time: 0.033
I 05.25/06:06:27 solver.py:141 ] Epoch: [327/400][160/196] lr: 6.48e-05 | MSE loss: 2.0233e-06 | time: 0.033
I 05.25/06:06:28 solver.py:141 ] Epoch: [327/400][180/196] lr: 6.47e-05 | MSE loss: 2.0250e-06 | time: 0.033
I 05.25/06:06:28 solver.py:151 ] => Train  Loss: 2.0241e-06

I 05.25/06:06:28 solver.py:206 ] 
=! Best NMSE: -2.3290e+01 (epoch=320)

I 05.25/06:06:30 solver.py:141 ] Epoch: [328/400][20/196] lr: 6.47e-05 | MSE loss: 1.9638e-06 | time: 0.048
I 05.25/06:06:30 solver.py:141 ] Epoch: [328/400][40/196] lr: 6.46e-05 | MSE loss: 1.9553e-06 | time: 0.042
I 05.25/06:06:31 solver.py:141 ] Epoch: [328/400][60/196] lr: 6.46e-05 | MSE loss: 1.9538e-06 | time: 0.037
I 05.25/06:06:31 solver.py:141 ] Epoch: [328/400][80/196] lr: 6.46e-05 | MSE loss: 1.9748e-06 | time: 0.036
I 05.25/06:06:32 solver.py:141 ] Epoch: [328/400][100/196] lr: 6.45e-05 | MSE loss: 1.9851e-06 | time: 0.035
I 05.25/06:06:33 solver.py:141 ] Epoch: [328/400][120/196] lr: 6.45e-05 | MSE loss: 1.9894e-06 | time: 0.034
I 05.25/06:06:33 solver.py:141 ] Epoch: [328/400][140/196] lr: 6.44e-05 | MSE loss: 1.9899e-06 | time: 0.034
I 05.25/06:06:34 solver.py:141 ] Epoch: [328/400][160/196] lr: 6.44e-05 | MSE loss: 1.9922e-06 | time: 0.033
I 05.25/06:06:35 solver.py:141 ] Epoch: [328/400][180/196] lr: 6.44e-05 | MSE loss: 2.0019e-06 | time: 0.033
I 05.25/06:06:35 solver.py:151 ] => Train  Loss: 2.0091e-06

I 05.25/06:06:35 solver.py:206 ] 
=! Best NMSE: -2.3290e+01 (epoch=320)

I 05.25/06:06:36 solver.py:141 ] Epoch: [329/400][20/196] lr: 6.43e-05 | MSE loss: 1.9235e-06 | time: 0.046
I 05.25/06:06:37 solver.py:141 ] Epoch: [329/400][40/196] lr: 6.42e-05 | MSE loss: 1.9573e-06 | time: 0.040
I 05.25/06:06:38 solver.py:141 ] Epoch: [329/400][60/196] lr: 6.42e-05 | MSE loss: 1.9878e-06 | time: 0.037
I 05.25/06:06:38 solver.py:141 ] Epoch: [329/400][80/196] lr: 6.42e-05 | MSE loss: 1.9917e-06 | time: 0.036
I 05.25/06:06:39 solver.py:141 ] Epoch: [329/400][100/196] lr: 6.41e-05 | MSE loss: 2.0030e-06 | time: 0.034
I 05.25/06:06:39 solver.py:141 ] Epoch: [329/400][120/196] lr: 6.41e-05 | MSE loss: 2.0101e-06 | time: 0.032
I 05.25/06:06:40 solver.py:141 ] Epoch: [329/400][140/196] lr: 6.41e-05 | MSE loss: 2.0232e-06 | time: 0.032
I 05.25/06:06:40 solver.py:141 ] Epoch: [329/400][160/196] lr: 6.40e-05 | MSE loss: 2.0264e-06 | time: 0.032
I 05.25/06:06:41 solver.py:141 ] Epoch: [329/400][180/196] lr: 6.40e-05 | MSE loss: 2.0191e-06 | time: 0.032
I 05.25/06:06:42 solver.py:151 ] => Train  Loss: 2.0288e-06

I 05.25/06:06:42 solver.py:206 ] 
=! Best NMSE: -2.3290e+01 (epoch=320)

I 05.25/06:06:43 solver.py:141 ] Epoch: [330/400][20/196] lr: 6.39e-05 | MSE loss: 1.9508e-06 | time: 0.049
I 05.25/06:06:44 solver.py:141 ] Epoch: [330/400][40/196] lr: 6.39e-05 | MSE loss: 2.0083e-06 | time: 0.042
I 05.25/06:06:44 solver.py:141 ] Epoch: [330/400][60/196] lr: 6.38e-05 | MSE loss: 2.0029e-06 | time: 0.039
I 05.25/06:06:45 solver.py:141 ] Epoch: [330/400][80/196] lr: 6.38e-05 | MSE loss: 2.0030e-06 | time: 0.037
I 05.25/06:06:45 solver.py:141 ] Epoch: [330/400][100/196] lr: 6.37e-05 | MSE loss: 1.9937e-06 | time: 0.035
I 05.25/06:06:46 solver.py:141 ] Epoch: [330/400][120/196] lr: 6.37e-05 | MSE loss: 1.9952e-06 | time: 0.034
I 05.25/06:06:47 solver.py:141 ] Epoch: [330/400][140/196] lr: 6.37e-05 | MSE loss: 1.9963e-06 | time: 0.034
I 05.25/06:06:47 solver.py:141 ] Epoch: [330/400][160/196] lr: 6.36e-05 | MSE loss: 1.9956e-06 | time: 0.033
I 05.25/06:06:48 solver.py:141 ] Epoch: [330/400][180/196] lr: 6.36e-05 | MSE loss: 1.9977e-06 | time: 0.033
I 05.25/06:06:48 solver.py:151 ] => Train  Loss: 1.9982e-06

I 05.25/06:06:49 solver.py:141 ] Epoch: [330/400][20/59] lr: 6.36e-05 | MSE loss: 2.2604e-06 | time: 0.017
I 05.25/06:06:49 solver.py:141 ] Epoch: [330/400][40/59] lr: 6.36e-05 | MSE loss: 2.2743e-06 | time: 0.012
I 05.25/06:06:49 solver.py:151 ] => Val  Loss: 2.2601e-06

I 05.25/06:06:50 solver.py:281 ] [20/40] loss: 2.2655e-06 | NMSE: -2.3438e+01 | time: 0.015
I 05.25/06:06:50 solver.py:281 ] [40/40] loss: 2.2670e-06 | NMSE: -2.3438e+01 | time: 0.013
I 05.25/06:06:50 solver.py:285 ] => Test NMSE: -2.3438e+01

I 05.25/06:06:50 solver.py:206 ] 
=! Best NMSE: -2.3438e+01 (epoch=330)

I 05.25/06:06:51 solver.py:141 ] Epoch: [331/400][20/196] lr: 6.35e-05 | MSE loss: 1.9473e-06 | time: 0.048
I 05.25/06:06:52 solver.py:141 ] Epoch: [331/400][40/196] lr: 6.35e-05 | MSE loss: 1.9740e-06 | time: 0.039
I 05.25/06:06:52 solver.py:141 ] Epoch: [331/400][60/196] lr: 6.34e-05 | MSE loss: 1.9921e-06 | time: 0.035
I 05.25/06:06:53 solver.py:141 ] Epoch: [331/400][80/196] lr: 6.34e-05 | MSE loss: 2.0181e-06 | time: 0.033
I 05.25/06:06:53 solver.py:141 ] Epoch: [331/400][100/196] lr: 6.34e-05 | MSE loss: 2.0281e-06 | time: 0.033
I 05.25/06:06:54 solver.py:141 ] Epoch: [331/400][120/196] lr: 6.33e-05 | MSE loss: 2.0260e-06 | time: 0.032
I 05.25/06:06:54 solver.py:141 ] Epoch: [331/400][140/196] lr: 6.33e-05 | MSE loss: 2.0201e-06 | time: 0.031
I 05.25/06:06:55 solver.py:141 ] Epoch: [331/400][160/196] lr: 6.33e-05 | MSE loss: 2.0207e-06 | time: 0.030
I 05.25/06:06:55 solver.py:141 ] Epoch: [331/400][180/196] lr: 6.32e-05 | MSE loss: 2.0226e-06 | time: 0.029
I 05.25/06:06:56 solver.py:151 ] => Train  Loss: 2.0232e-06

I 05.25/06:06:56 solver.py:206 ] 
=! Best NMSE: -2.3438e+01 (epoch=330)

I 05.25/06:06:57 solver.py:141 ] Epoch: [332/400][20/196] lr: 6.32e-05 | MSE loss: 1.9691e-06 | time: 0.051
I 05.25/06:06:58 solver.py:141 ] Epoch: [332/400][40/196] lr: 6.31e-05 | MSE loss: 2.0662e-06 | time: 0.042
I 05.25/06:06:59 solver.py:141 ] Epoch: [332/400][60/196] lr: 6.31e-05 | MSE loss: 2.0859e-06 | time: 0.040
I 05.25/06:06:59 solver.py:141 ] Epoch: [332/400][80/196] lr: 6.30e-05 | MSE loss: 2.0949e-06 | time: 0.037
I 05.25/06:07:00 solver.py:141 ] Epoch: [332/400][100/196] lr: 6.30e-05 | MSE loss: 2.1024e-06 | time: 0.036
I 05.25/06:07:00 solver.py:141 ] Epoch: [332/400][120/196] lr: 6.30e-05 | MSE loss: 2.0904e-06 | time: 0.036
I 05.25/06:07:01 solver.py:141 ] Epoch: [332/400][140/196] lr: 6.29e-05 | MSE loss: 2.0754e-06 | time: 0.035
I 05.25/06:07:02 solver.py:141 ] Epoch: [332/400][160/196] lr: 6.29e-05 | MSE loss: 2.0749e-06 | time: 0.034
I 05.25/06:07:02 solver.py:141 ] Epoch: [332/400][180/196] lr: 6.29e-05 | MSE loss: 2.0790e-06 | time: 0.034
I 05.25/06:07:03 solver.py:151 ] => Train  Loss: 2.0799e-06

I 05.25/06:07:03 solver.py:206 ] 
=! Best NMSE: -2.3438e+01 (epoch=330)

I 05.25/06:07:04 solver.py:141 ] Epoch: [333/400][20/196] lr: 6.28e-05 | MSE loss: 1.9991e-06 | time: 0.060
I 05.25/06:07:05 solver.py:141 ] Epoch: [333/400][40/196] lr: 6.27e-05 | MSE loss: 1.9774e-06 | time: 0.046
I 05.25/06:07:05 solver.py:141 ] Epoch: [333/400][60/196] lr: 6.27e-05 | MSE loss: 2.0183e-06 | time: 0.041
I 05.25/06:07:06 solver.py:141 ] Epoch: [333/400][80/196] lr: 6.27e-05 | MSE loss: 2.0220e-06 | time: 0.039
I 05.25/06:07:07 solver.py:141 ] Epoch: [333/400][100/196] lr: 6.26e-05 | MSE loss: 2.0096e-06 | time: 0.037
I 05.25/06:07:07 solver.py:141 ] Epoch: [333/400][120/196] lr: 6.26e-05 | MSE loss: 2.0090e-06 | time: 0.036
I 05.25/06:07:08 solver.py:141 ] Epoch: [333/400][140/196] lr: 6.26e-05 | MSE loss: 2.0169e-06 | time: 0.035
I 05.25/06:07:09 solver.py:141 ] Epoch: [333/400][160/196] lr: 6.25e-05 | MSE loss: 2.0118e-06 | time: 0.034
I 05.25/06:07:09 solver.py:141 ] Epoch: [333/400][180/196] lr: 6.25e-05 | MSE loss: 2.0221e-06 | time: 0.033
I 05.25/06:07:09 solver.py:151 ] => Train  Loss: 2.0196e-06

I 05.25/06:07:10 solver.py:206 ] 
=! Best NMSE: -2.3438e+01 (epoch=330)

I 05.25/06:07:10 solver.py:141 ] Epoch: [334/400][20/196] lr: 6.24e-05 | MSE loss: 2.0103e-06 | time: 0.039
I 05.25/06:07:11 solver.py:141 ] Epoch: [334/400][40/196] lr: 6.24e-05 | MSE loss: 2.0208e-06 | time: 0.035
I 05.25/06:07:12 solver.py:141 ] Epoch: [334/400][60/196] lr: 6.23e-05 | MSE loss: 2.0180e-06 | time: 0.035
I 05.25/06:07:13 solver.py:141 ] Epoch: [334/400][80/196] lr: 6.23e-05 | MSE loss: 2.0103e-06 | time: 0.035
I 05.25/06:07:13 solver.py:141 ] Epoch: [334/400][100/196] lr: 6.23e-05 | MSE loss: 2.0063e-06 | time: 0.034
I 05.25/06:07:14 solver.py:141 ] Epoch: [334/400][120/196] lr: 6.22e-05 | MSE loss: 1.9897e-06 | time: 0.034
I 05.25/06:07:14 solver.py:141 ] Epoch: [334/400][140/196] lr: 6.22e-05 | MSE loss: 1.9947e-06 | time: 0.033
I 05.25/06:07:15 solver.py:141 ] Epoch: [334/400][160/196] lr: 6.22e-05 | MSE loss: 2.0077e-06 | time: 0.033
I 05.25/06:07:16 solver.py:141 ] Epoch: [334/400][180/196] lr: 6.21e-05 | MSE loss: 2.0044e-06 | time: 0.032
I 05.25/06:07:16 solver.py:151 ] => Train  Loss: 1.9994e-06

I 05.25/06:07:16 solver.py:206 ] 
=! Best NMSE: -2.3438e+01 (epoch=330)

I 05.25/06:07:17 solver.py:141 ] Epoch: [335/400][20/196] lr: 6.21e-05 | MSE loss: 1.9443e-06 | time: 0.047
I 05.25/06:07:18 solver.py:141 ] Epoch: [335/400][40/196] lr: 6.20e-05 | MSE loss: 1.9462e-06 | time: 0.038
I 05.25/06:07:18 solver.py:141 ] Epoch: [335/400][60/196] lr: 6.20e-05 | MSE loss: 1.9693e-06 | time: 0.036
I 05.25/06:07:19 solver.py:141 ] Epoch: [335/400][80/196] lr: 6.20e-05 | MSE loss: 1.9676e-06 | time: 0.035
I 05.25/06:07:20 solver.py:141 ] Epoch: [335/400][100/196] lr: 6.19e-05 | MSE loss: 1.9785e-06 | time: 0.034
I 05.25/06:07:20 solver.py:141 ] Epoch: [335/400][120/196] lr: 6.19e-05 | MSE loss: 1.9867e-06 | time: 0.033
I 05.25/06:07:21 solver.py:141 ] Epoch: [335/400][140/196] lr: 6.18e-05 | MSE loss: 1.9904e-06 | time: 0.032
I 05.25/06:07:21 solver.py:141 ] Epoch: [335/400][160/196] lr: 6.18e-05 | MSE loss: 2.0052e-06 | time: 0.032
I 05.25/06:07:22 solver.py:141 ] Epoch: [335/400][180/196] lr: 6.18e-05 | MSE loss: 2.0049e-06 | time: 0.032
I 05.25/06:07:23 solver.py:151 ] => Train  Loss: 2.0053e-06

I 05.25/06:07:23 solver.py:206 ] 
=! Best NMSE: -2.3438e+01 (epoch=330)

I 05.25/06:07:24 solver.py:141 ] Epoch: [336/400][20/196] lr: 6.17e-05 | MSE loss: 2.0358e-06 | time: 0.048
I 05.25/06:07:25 solver.py:141 ] Epoch: [336/400][40/196] lr: 6.17e-05 | MSE loss: 2.0037e-06 | time: 0.041
I 05.25/06:07:25 solver.py:141 ] Epoch: [336/400][60/196] lr: 6.16e-05 | MSE loss: 1.9775e-06 | time: 0.038
I 05.25/06:07:26 solver.py:141 ] Epoch: [336/400][80/196] lr: 6.16e-05 | MSE loss: 1.9876e-06 | time: 0.036
I 05.25/06:07:26 solver.py:141 ] Epoch: [336/400][100/196] lr: 6.16e-05 | MSE loss: 1.9975e-06 | time: 0.033
I 05.25/06:07:27 solver.py:141 ] Epoch: [336/400][120/196] lr: 6.15e-05 | MSE loss: 1.9934e-06 | time: 0.033
I 05.25/06:07:27 solver.py:141 ] Epoch: [336/400][140/196] lr: 6.15e-05 | MSE loss: 1.9885e-06 | time: 0.032
I 05.25/06:07:28 solver.py:141 ] Epoch: [336/400][160/196] lr: 6.15e-05 | MSE loss: 1.9968e-06 | time: 0.031
I 05.25/06:07:28 solver.py:141 ] Epoch: [336/400][180/196] lr: 6.14e-05 | MSE loss: 1.9903e-06 | time: 0.031
I 05.25/06:07:29 solver.py:151 ] => Train  Loss: 1.9837e-06

I 05.25/06:07:29 solver.py:206 ] 
=! Best NMSE: -2.3438e+01 (epoch=330)

I 05.25/06:07:30 solver.py:141 ] Epoch: [337/400][20/196] lr: 6.14e-05 | MSE loss: 2.0379e-06 | time: 0.043
I 05.25/06:07:30 solver.py:141 ] Epoch: [337/400][40/196] lr: 6.13e-05 | MSE loss: 2.0197e-06 | time: 0.036
I 05.25/06:07:31 solver.py:141 ] Epoch: [337/400][60/196] lr: 6.13e-05 | MSE loss: 2.0314e-06 | time: 0.035
I 05.25/06:07:32 solver.py:141 ] Epoch: [337/400][80/196] lr: 6.13e-05 | MSE loss: 2.0050e-06 | time: 0.034
I 05.25/06:07:32 solver.py:141 ] Epoch: [337/400][100/196] lr: 6.12e-05 | MSE loss: 1.9854e-06 | time: 0.034
I 05.25/06:07:33 solver.py:141 ] Epoch: [337/400][120/196] lr: 6.12e-05 | MSE loss: 1.9926e-06 | time: 0.033
I 05.25/06:07:34 solver.py:141 ] Epoch: [337/400][140/196] lr: 6.11e-05 | MSE loss: 1.9976e-06 | time: 0.034
I 05.25/06:07:34 solver.py:141 ] Epoch: [337/400][160/196] lr: 6.11e-05 | MSE loss: 2.0009e-06 | time: 0.033
I 05.25/06:07:35 solver.py:141 ] Epoch: [337/400][180/196] lr: 6.11e-05 | MSE loss: 1.9993e-06 | time: 0.033
I 05.25/06:07:35 solver.py:151 ] => Train  Loss: 1.9997e-06

I 05.25/06:07:35 solver.py:206 ] 
=! Best NMSE: -2.3438e+01 (epoch=330)

I 05.25/06:07:37 solver.py:141 ] Epoch: [338/400][20/196] lr: 6.10e-05 | MSE loss: 1.9509e-06 | time: 0.051
I 05.25/06:07:37 solver.py:141 ] Epoch: [338/400][40/196] lr: 6.10e-05 | MSE loss: 1.9141e-06 | time: 0.040
I 05.25/06:07:38 solver.py:141 ] Epoch: [338/400][60/196] lr: 6.09e-05 | MSE loss: 1.9131e-06 | time: 0.036
I 05.25/06:07:38 solver.py:141 ] Epoch: [338/400][80/196] lr: 6.09e-05 | MSE loss: 1.9352e-06 | time: 0.034
I 05.25/06:07:39 solver.py:141 ] Epoch: [338/400][100/196] lr: 6.09e-05 | MSE loss: 1.9347e-06 | time: 0.034
I 05.25/06:07:40 solver.py:141 ] Epoch: [338/400][120/196] lr: 6.08e-05 | MSE loss: 1.9402e-06 | time: 0.034
I 05.25/06:07:40 solver.py:141 ] Epoch: [338/400][140/196] lr: 6.08e-05 | MSE loss: 1.9619e-06 | time: 0.033
I 05.25/06:07:41 solver.py:141 ] Epoch: [338/400][160/196] lr: 6.08e-05 | MSE loss: 1.9697e-06 | time: 0.033
I 05.25/06:07:41 solver.py:141 ] Epoch: [338/400][180/196] lr: 6.07e-05 | MSE loss: 1.9773e-06 | time: 0.033
I 05.25/06:07:42 solver.py:151 ] => Train  Loss: 1.9757e-06

I 05.25/06:07:42 solver.py:206 ] 
=! Best NMSE: -2.3438e+01 (epoch=330)

I 05.25/06:07:43 solver.py:141 ] Epoch: [339/400][20/196] lr: 6.07e-05 | MSE loss: 2.0232e-06 | time: 0.046
I 05.25/06:07:44 solver.py:141 ] Epoch: [339/400][40/196] lr: 6.06e-05 | MSE loss: 1.9803e-06 | time: 0.037
I 05.25/06:07:44 solver.py:141 ] Epoch: [339/400][60/196] lr: 6.06e-05 | MSE loss: 1.9873e-06 | time: 0.033
I 05.25/06:07:45 solver.py:141 ] Epoch: [339/400][80/196] lr: 6.06e-05 | MSE loss: 1.9925e-06 | time: 0.032
I 05.25/06:07:46 solver.py:141 ] Epoch: [339/400][100/196] lr: 6.05e-05 | MSE loss: 2.0101e-06 | time: 0.033
I 05.25/06:07:46 solver.py:141 ] Epoch: [339/400][120/196] lr: 6.05e-05 | MSE loss: 1.9951e-06 | time: 0.032
I 05.25/06:07:47 solver.py:141 ] Epoch: [339/400][140/196] lr: 6.05e-05 | MSE loss: 1.9904e-06 | time: 0.032
I 05.25/06:07:47 solver.py:141 ] Epoch: [339/400][160/196] lr: 6.04e-05 | MSE loss: 1.9896e-06 | time: 0.032
I 05.25/06:07:48 solver.py:141 ] Epoch: [339/400][180/196] lr: 6.04e-05 | MSE loss: 1.9771e-06 | time: 0.031
I 05.25/06:07:48 solver.py:151 ] => Train  Loss: 1.9719e-06

I 05.25/06:07:48 solver.py:206 ] 
=! Best NMSE: -2.3438e+01 (epoch=330)

I 05.25/06:07:50 solver.py:141 ] Epoch: [340/400][20/196] lr: 6.03e-05 | MSE loss: 1.9124e-06 | time: 0.047
I 05.25/06:07:50 solver.py:141 ] Epoch: [340/400][40/196] lr: 6.03e-05 | MSE loss: 1.9311e-06 | time: 0.039
I 05.25/06:07:51 solver.py:141 ] Epoch: [340/400][60/196] lr: 6.03e-05 | MSE loss: 1.9825e-06 | time: 0.035
I 05.25/06:07:51 solver.py:141 ] Epoch: [340/400][80/196] lr: 6.02e-05 | MSE loss: 2.0184e-06 | time: 0.034
I 05.25/06:07:52 solver.py:141 ] Epoch: [340/400][100/196] lr: 6.02e-05 | MSE loss: 2.0075e-06 | time: 0.034
I 05.25/06:07:53 solver.py:141 ] Epoch: [340/400][120/196] lr: 6.02e-05 | MSE loss: 2.0108e-06 | time: 0.033
I 05.25/06:07:53 solver.py:141 ] Epoch: [340/400][140/196] lr: 6.01e-05 | MSE loss: 2.0034e-06 | time: 0.033
I 05.25/06:07:54 solver.py:141 ] Epoch: [340/400][160/196] lr: 6.01e-05 | MSE loss: 1.9985e-06 | time: 0.032
I 05.25/06:07:54 solver.py:141 ] Epoch: [340/400][180/196] lr: 6.01e-05 | MSE loss: 1.9958e-06 | time: 0.032
I 05.25/06:07:55 solver.py:151 ] => Train  Loss: 2.0064e-06

I 05.25/06:07:55 solver.py:141 ] Epoch: [340/400][20/59] lr: 6.00e-05 | MSE loss: 2.3904e-06 | time: 0.017
I 05.25/06:07:55 solver.py:141 ] Epoch: [340/400][40/59] lr: 6.00e-05 | MSE loss: 2.4048e-06 | time: 0.011
I 05.25/06:07:56 solver.py:151 ] => Val  Loss: 2.3901e-06

I 05.25/06:07:56 solver.py:281 ] [20/40] loss: 2.3944e-06 | NMSE: -2.3177e+01 | time: 0.017
I 05.25/06:07:56 solver.py:281 ] [40/40] loss: 2.3972e-06 | NMSE: -2.3176e+01 | time: 0.014
I 05.25/06:07:56 solver.py:285 ] => Test NMSE: -2.3176e+01

I 05.25/06:07:56 solver.py:206 ] 
=! Best NMSE: -2.3438e+01 (epoch=330)

I 05.25/06:07:57 solver.py:141 ] Epoch: [341/400][20/196] lr: 6.00e-05 | MSE loss: 1.9953e-06 | time: 0.044
I 05.25/06:07:58 solver.py:141 ] Epoch: [341/400][40/196] lr: 6.00e-05 | MSE loss: 1.9656e-06 | time: 0.038
I 05.25/06:07:58 solver.py:141 ] Epoch: [341/400][60/196] lr: 5.99e-05 | MSE loss: 1.9750e-06 | time: 0.035
I 05.25/06:07:59 solver.py:141 ] Epoch: [341/400][80/196] lr: 5.99e-05 | MSE loss: 1.9830e-06 | time: 0.034
I 05.25/06:08:00 solver.py:141 ] Epoch: [341/400][100/196] lr: 5.99e-05 | MSE loss: 1.9846e-06 | time: 0.033
I 05.25/06:08:00 solver.py:141 ] Epoch: [341/400][120/196] lr: 5.98e-05 | MSE loss: 1.9817e-06 | time: 0.031
I 05.25/06:08:01 solver.py:141 ] Epoch: [341/400][140/196] lr: 5.98e-05 | MSE loss: 1.9827e-06 | time: 0.031
I 05.25/06:08:01 solver.py:141 ] Epoch: [341/400][160/196] lr: 5.98e-05 | MSE loss: 1.9907e-06 | time: 0.032
I 05.25/06:08:02 solver.py:141 ] Epoch: [341/400][180/196] lr: 5.97e-05 | MSE loss: 1.9810e-06 | time: 0.032
I 05.25/06:08:03 solver.py:151 ] => Train  Loss: 1.9821e-06

I 05.25/06:08:03 solver.py:206 ] 
=! Best NMSE: -2.3438e+01 (epoch=330)

I 05.25/06:08:04 solver.py:141 ] Epoch: [342/400][20/196] lr: 5.97e-05 | MSE loss: 1.9614e-06 | time: 0.060
I 05.25/06:08:05 solver.py:141 ] Epoch: [342/400][40/196] lr: 5.97e-05 | MSE loss: 1.9420e-06 | time: 0.046
I 05.25/06:08:05 solver.py:141 ] Epoch: [342/400][60/196] lr: 5.96e-05 | MSE loss: 1.9477e-06 | time: 0.041
I 05.25/06:08:06 solver.py:141 ] Epoch: [342/400][80/196] lr: 5.96e-05 | MSE loss: 1.9634e-06 | time: 0.038
I 05.25/06:08:07 solver.py:141 ] Epoch: [342/400][100/196] lr: 5.96e-05 | MSE loss: 1.9651e-06 | time: 0.037
I 05.25/06:08:07 solver.py:141 ] Epoch: [342/400][120/196] lr: 5.95e-05 | MSE loss: 1.9562e-06 | time: 0.036
I 05.25/06:08:08 solver.py:141 ] Epoch: [342/400][140/196] lr: 5.95e-05 | MSE loss: 1.9574e-06 | time: 0.035
I 05.25/06:08:08 solver.py:141 ] Epoch: [342/400][160/196] lr: 5.95e-05 | MSE loss: 1.9549e-06 | time: 0.034
I 05.25/06:08:09 solver.py:141 ] Epoch: [342/400][180/196] lr: 5.94e-05 | MSE loss: 1.9529e-06 | time: 0.034
I 05.25/06:08:09 solver.py:151 ] => Train  Loss: 1.9548e-06

I 05.25/06:08:10 solver.py:206 ] 
=! Best NMSE: -2.3438e+01 (epoch=330)

I 05.25/06:08:11 solver.py:141 ] Epoch: [343/400][20/196] lr: 5.94e-05 | MSE loss: 1.9325e-06 | time: 0.049
I 05.25/06:08:11 solver.py:141 ] Epoch: [343/400][40/196] lr: 5.93e-05 | MSE loss: 1.9606e-06 | time: 0.038
I 05.25/06:08:12 solver.py:141 ] Epoch: [343/400][60/196] lr: 5.93e-05 | MSE loss: 1.9554e-06 | time: 0.035
I 05.25/06:08:12 solver.py:141 ] Epoch: [343/400][80/196] lr: 5.93e-05 | MSE loss: 1.9512e-06 | time: 0.033
I 05.25/06:08:13 solver.py:141 ] Epoch: [343/400][100/196] lr: 5.92e-05 | MSE loss: 1.9443e-06 | time: 0.032
I 05.25/06:08:14 solver.py:141 ] Epoch: [343/400][120/196] lr: 5.92e-05 | MSE loss: 1.9451e-06 | time: 0.032
I 05.25/06:08:14 solver.py:141 ] Epoch: [343/400][140/196] lr: 5.92e-05 | MSE loss: 1.9758e-06 | time: 0.032
I 05.25/06:08:15 solver.py:141 ] Epoch: [343/400][160/196] lr: 5.91e-05 | MSE loss: 1.9801e-06 | time: 0.032
I 05.25/06:08:15 solver.py:141 ] Epoch: [343/400][180/196] lr: 5.91e-05 | MSE loss: 1.9855e-06 | time: 0.032
I 05.25/06:08:16 solver.py:151 ] => Train  Loss: 1.9966e-06

I 05.25/06:08:16 solver.py:206 ] 
=! Best NMSE: -2.3438e+01 (epoch=330)

I 05.25/06:08:17 solver.py:141 ] Epoch: [344/400][20/196] lr: 5.91e-05 | MSE loss: 1.9149e-06 | time: 0.048
I 05.25/06:08:18 solver.py:141 ] Epoch: [344/400][40/196] lr: 5.90e-05 | MSE loss: 1.9441e-06 | time: 0.039
I 05.25/06:08:18 solver.py:141 ] Epoch: [344/400][60/196] lr: 5.90e-05 | MSE loss: 1.9811e-06 | time: 0.036
I 05.25/06:08:19 solver.py:141 ] Epoch: [344/400][80/196] lr: 5.90e-05 | MSE loss: 1.9676e-06 | time: 0.034
I 05.25/06:08:19 solver.py:141 ] Epoch: [344/400][100/196] lr: 5.89e-05 | MSE loss: 1.9610e-06 | time: 0.034
I 05.25/06:08:20 solver.py:141 ] Epoch: [344/400][120/196] lr: 5.89e-05 | MSE loss: 1.9501e-06 | time: 0.033
I 05.25/06:08:21 solver.py:141 ] Epoch: [344/400][140/196] lr: 5.89e-05 | MSE loss: 1.9491e-06 | time: 0.034
I 05.25/06:08:21 solver.py:141 ] Epoch: [344/400][160/196] lr: 5.88e-05 | MSE loss: 1.9483e-06 | time: 0.033
I 05.25/06:08:22 solver.py:141 ] Epoch: [344/400][180/196] lr: 5.88e-05 | MSE loss: 1.9523e-06 | time: 0.033
I 05.25/06:08:22 solver.py:151 ] => Train  Loss: 1.9570e-06

I 05.25/06:08:22 solver.py:206 ] 
=! Best NMSE: -2.3438e+01 (epoch=330)

I 05.25/06:08:23 solver.py:141 ] Epoch: [345/400][20/196] lr: 5.87e-05 | MSE loss: 2.0660e-06 | time: 0.045
I 05.25/06:08:24 solver.py:141 ] Epoch: [345/400][40/196] lr: 5.87e-05 | MSE loss: 1.9822e-06 | time: 0.038
I 05.25/06:08:25 solver.py:141 ] Epoch: [345/400][60/196] lr: 5.87e-05 | MSE loss: 1.9601e-06 | time: 0.035
I 05.25/06:08:25 solver.py:141 ] Epoch: [345/400][80/196] lr: 5.87e-05 | MSE loss: 1.9536e-06 | time: 0.034
I 05.25/06:08:26 solver.py:141 ] Epoch: [345/400][100/196] lr: 5.86e-05 | MSE loss: 1.9600e-06 | time: 0.032
I 05.25/06:08:27 solver.py:141 ] Epoch: [345/400][120/196] lr: 5.86e-05 | MSE loss: 1.9721e-06 | time: 0.033
I 05.25/06:08:27 solver.py:141 ] Epoch: [345/400][140/196] lr: 5.86e-05 | MSE loss: 1.9668e-06 | time: 0.033
I 05.25/06:08:28 solver.py:141 ] Epoch: [345/400][160/196] lr: 5.85e-05 | MSE loss: 1.9681e-06 | time: 0.033
I 05.25/06:08:28 solver.py:141 ] Epoch: [345/400][180/196] lr: 5.85e-05 | MSE loss: 1.9711e-06 | time: 0.032
I 05.25/06:08:29 solver.py:151 ] => Train  Loss: 1.9747e-06

I 05.25/06:08:29 solver.py:206 ] 
=! Best NMSE: -2.3438e+01 (epoch=330)

I 05.25/06:08:30 solver.py:141 ] Epoch: [346/400][20/196] lr: 5.84e-05 | MSE loss: 1.8813e-06 | time: 0.047
I 05.25/06:08:31 solver.py:141 ] Epoch: [346/400][40/196] lr: 5.84e-05 | MSE loss: 1.9138e-06 | time: 0.041
I 05.25/06:08:31 solver.py:141 ] Epoch: [346/400][60/196] lr: 5.84e-05 | MSE loss: 1.9105e-06 | time: 0.036
I 05.25/06:08:32 solver.py:141 ] Epoch: [346/400][80/196] lr: 5.84e-05 | MSE loss: 1.9218e-06 | time: 0.033
I 05.25/06:08:32 solver.py:141 ] Epoch: [346/400][100/196] lr: 5.83e-05 | MSE loss: 1.9178e-06 | time: 0.033
I 05.25/06:08:33 solver.py:141 ] Epoch: [346/400][120/196] lr: 5.83e-05 | MSE loss: 1.9202e-06 | time: 0.032
I 05.25/06:08:34 solver.py:141 ] Epoch: [346/400][140/196] lr: 5.83e-05 | MSE loss: 1.9240e-06 | time: 0.032
I 05.25/06:08:34 solver.py:141 ] Epoch: [346/400][160/196] lr: 5.82e-05 | MSE loss: 1.9354e-06 | time: 0.032
I 05.25/06:08:35 solver.py:141 ] Epoch: [346/400][180/196] lr: 5.82e-05 | MSE loss: 1.9495e-06 | time: 0.032
I 05.25/06:08:35 solver.py:151 ] => Train  Loss: 1.9498e-06

I 05.25/06:08:35 solver.py:206 ] 
=! Best NMSE: -2.3438e+01 (epoch=330)

I 05.25/06:08:37 solver.py:141 ] Epoch: [347/400][20/196] lr: 5.81e-05 | MSE loss: 1.9165e-06 | time: 0.048
I 05.25/06:08:37 solver.py:141 ] Epoch: [347/400][40/196] lr: 5.81e-05 | MSE loss: 1.9470e-06 | time: 0.040
I 05.25/06:08:38 solver.py:141 ] Epoch: [347/400][60/196] lr: 5.81e-05 | MSE loss: 1.9423e-06 | time: 0.037
I 05.25/06:08:38 solver.py:141 ] Epoch: [347/400][80/196] lr: 5.81e-05 | MSE loss: 1.9582e-06 | time: 0.035
I 05.25/06:08:39 solver.py:141 ] Epoch: [347/400][100/196] lr: 5.80e-05 | MSE loss: 1.9545e-06 | time: 0.035
I 05.25/06:08:40 solver.py:141 ] Epoch: [347/400][120/196] lr: 5.80e-05 | MSE loss: 1.9449e-06 | time: 0.035
I 05.25/06:08:40 solver.py:141 ] Epoch: [347/400][140/196] lr: 5.80e-05 | MSE loss: 1.9677e-06 | time: 0.035
I 05.25/06:08:41 solver.py:141 ] Epoch: [347/400][160/196] lr: 5.79e-05 | MSE loss: 1.9645e-06 | time: 0.035
I 05.25/06:08:42 solver.py:141 ] Epoch: [347/400][180/196] lr: 5.79e-05 | MSE loss: 1.9610e-06 | time: 0.034
I 05.25/06:08:42 solver.py:151 ] => Train  Loss: 1.9547e-06

I 05.25/06:08:42 solver.py:206 ] 
=! Best NMSE: -2.3438e+01 (epoch=330)

I 05.25/06:08:43 solver.py:141 ] Epoch: [348/400][20/196] lr: 5.79e-05 | MSE loss: 1.9092e-06 | time: 0.045
I 05.25/06:08:44 solver.py:141 ] Epoch: [348/400][40/196] lr: 5.78e-05 | MSE loss: 1.9007e-06 | time: 0.038
I 05.25/06:08:44 solver.py:141 ] Epoch: [348/400][60/196] lr: 5.78e-05 | MSE loss: 1.9256e-06 | time: 0.034
I 05.25/06:08:45 solver.py:141 ] Epoch: [348/400][80/196] lr: 5.78e-05 | MSE loss: 1.9420e-06 | time: 0.033
I 05.25/06:08:46 solver.py:141 ] Epoch: [348/400][100/196] lr: 5.77e-05 | MSE loss: 1.9544e-06 | time: 0.033
I 05.25/06:08:46 solver.py:141 ] Epoch: [348/400][120/196] lr: 5.77e-05 | MSE loss: 1.9789e-06 | time: 0.032
I 05.25/06:08:47 solver.py:141 ] Epoch: [348/400][140/196] lr: 5.77e-05 | MSE loss: 1.9744e-06 | time: 0.032
I 05.25/06:08:47 solver.py:141 ] Epoch: [348/400][160/196] lr: 5.76e-05 | MSE loss: 1.9631e-06 | time: 0.031
I 05.25/06:08:48 solver.py:141 ] Epoch: [348/400][180/196] lr: 5.76e-05 | MSE loss: 1.9730e-06 | time: 0.031
I 05.25/06:08:49 solver.py:151 ] => Train  Loss: 1.9711e-06

I 05.25/06:08:49 solver.py:206 ] 
=! Best NMSE: -2.3438e+01 (epoch=330)

I 05.25/06:08:50 solver.py:141 ] Epoch: [349/400][20/196] lr: 5.76e-05 | MSE loss: 1.8884e-06 | time: 0.049
I 05.25/06:08:50 solver.py:141 ] Epoch: [349/400][40/196] lr: 5.75e-05 | MSE loss: 1.9266e-06 | time: 0.040
I 05.25/06:08:51 solver.py:141 ] Epoch: [349/400][60/196] lr: 5.75e-05 | MSE loss: 1.9761e-06 | time: 0.037
I 05.25/06:08:52 solver.py:141 ] Epoch: [349/400][80/196] lr: 5.75e-05 | MSE loss: 2.0000e-06 | time: 0.035
I 05.25/06:08:52 solver.py:141 ] Epoch: [349/400][100/196] lr: 5.74e-05 | MSE loss: 1.9991e-06 | time: 0.034
I 05.25/06:08:53 solver.py:141 ] Epoch: [349/400][120/196] lr: 5.74e-05 | MSE loss: 1.9835e-06 | time: 0.033
I 05.25/06:08:53 solver.py:141 ] Epoch: [349/400][140/196] lr: 5.74e-05 | MSE loss: 1.9679e-06 | time: 0.033
I 05.25/06:08:54 solver.py:141 ] Epoch: [349/400][160/196] lr: 5.74e-05 | MSE loss: 1.9612e-06 | time: 0.033
I 05.25/06:08:55 solver.py:141 ] Epoch: [349/400][180/196] lr: 5.73e-05 | MSE loss: 1.9638e-06 | time: 0.033
I 05.25/06:08:55 solver.py:151 ] => Train  Loss: 1.9631e-06

I 05.25/06:08:55 solver.py:206 ] 
=! Best NMSE: -2.3438e+01 (epoch=330)

I 05.25/06:08:56 solver.py:141 ] Epoch: [350/400][20/196] lr: 5.73e-05 | MSE loss: 2.0327e-06 | time: 0.048
I 05.25/06:08:57 solver.py:141 ] Epoch: [350/400][40/196] lr: 5.72e-05 | MSE loss: 2.1334e-06 | time: 0.040
I 05.25/06:08:58 solver.py:141 ] Epoch: [350/400][60/196] lr: 5.72e-05 | MSE loss: 2.1690e-06 | time: 0.037
I 05.25/06:08:58 solver.py:141 ] Epoch: [350/400][80/196] lr: 5.72e-05 | MSE loss: 2.1196e-06 | time: 0.035
I 05.25/06:08:59 solver.py:141 ] Epoch: [350/400][100/196] lr: 5.72e-05 | MSE loss: 2.0799e-06 | time: 0.035
I 05.25/06:09:00 solver.py:141 ] Epoch: [350/400][120/196] lr: 5.71e-05 | MSE loss: 2.0576e-06 | time: 0.034
I 05.25/06:09:00 solver.py:141 ] Epoch: [350/400][140/196] lr: 5.71e-05 | MSE loss: 2.0352e-06 | time: 0.034
I 05.25/06:09:01 solver.py:141 ] Epoch: [350/400][160/196] lr: 5.71e-05 | MSE loss: 2.0168e-06 | time: 0.034
I 05.25/06:09:02 solver.py:141 ] Epoch: [350/400][180/196] lr: 5.70e-05 | MSE loss: 2.0164e-06 | time: 0.034
I 05.25/06:09:02 solver.py:151 ] => Train  Loss: 2.0131e-06

I 05.25/06:09:03 solver.py:141 ] Epoch: [350/400][20/59] lr: 5.70e-05 | MSE loss: 2.2906e-06 | time: 0.023
I 05.25/06:09:03 solver.py:141 ] Epoch: [350/400][40/59] lr: 5.70e-05 | MSE loss: 2.3034e-06 | time: 0.017
I 05.25/06:09:03 solver.py:151 ] => Val  Loss: 2.2896e-06

I 05.25/06:09:04 solver.py:281 ] [20/40] loss: 2.2892e-06 | NMSE: -2.3367e+01 | time: 0.024
I 05.25/06:09:04 solver.py:281 ] [40/40] loss: 2.2937e-06 | NMSE: -2.3363e+01 | time: 0.019
I 05.25/06:09:04 solver.py:285 ] => Test NMSE: -2.3363e+01

I 05.25/06:09:04 solver.py:206 ] 
=! Best NMSE: -2.3438e+01 (epoch=330)

I 05.25/06:09:05 solver.py:141 ] Epoch: [351/400][20/196] lr: 5.70e-05 | MSE loss: 2.0038e-06 | time: 0.062
I 05.25/06:09:06 solver.py:141 ] Epoch: [351/400][40/196] lr: 5.70e-05 | MSE loss: 1.9383e-06 | time: 0.047
I 05.25/06:09:07 solver.py:141 ] Epoch: [351/400][60/196] lr: 5.69e-05 | MSE loss: 1.9283e-06 | time: 0.041
I 05.25/06:09:07 solver.py:141 ] Epoch: [351/400][80/196] lr: 5.69e-05 | MSE loss: 1.9242e-06 | time: 0.037
I 05.25/06:09:08 solver.py:141 ] Epoch: [351/400][100/196] lr: 5.69e-05 | MSE loss: 1.9210e-06 | time: 0.035
I 05.25/06:09:08 solver.py:141 ] Epoch: [351/400][120/196] lr: 5.69e-05 | MSE loss: 1.9219e-06 | time: 0.034
I 05.25/06:09:09 solver.py:141 ] Epoch: [351/400][140/196] lr: 5.68e-05 | MSE loss: 1.9239e-06 | time: 0.032
I 05.25/06:09:09 solver.py:141 ] Epoch: [351/400][160/196] lr: 5.68e-05 | MSE loss: 1.9310e-06 | time: 0.032
I 05.25/06:09:10 solver.py:141 ] Epoch: [351/400][180/196] lr: 5.68e-05 | MSE loss: 1.9533e-06 | time: 0.032
I 05.25/06:09:10 solver.py:151 ] => Train  Loss: 1.9654e-06

I 05.25/06:09:11 solver.py:206 ] 
=! Best NMSE: -2.3438e+01 (epoch=330)

I 05.25/06:09:12 solver.py:141 ] Epoch: [352/400][20/196] lr: 5.67e-05 | MSE loss: 1.8987e-06 | time: 0.048
I 05.25/06:09:12 solver.py:141 ] Epoch: [352/400][40/196] lr: 5.67e-05 | MSE loss: 1.9418e-06 | time: 0.040
I 05.25/06:09:13 solver.py:141 ] Epoch: [352/400][60/196] lr: 5.67e-05 | MSE loss: 1.9510e-06 | time: 0.038
I 05.25/06:09:13 solver.py:141 ] Epoch: [352/400][80/196] lr: 5.66e-05 | MSE loss: 1.9524e-06 | time: 0.035
I 05.25/06:09:14 solver.py:141 ] Epoch: [352/400][100/196] lr: 5.66e-05 | MSE loss: 1.9529e-06 | time: 0.033
I 05.25/06:09:14 solver.py:141 ] Epoch: [352/400][120/196] lr: 5.66e-05 | MSE loss: 1.9583e-06 | time: 0.031
I 05.25/06:09:15 solver.py:141 ] Epoch: [352/400][140/196] lr: 5.66e-05 | MSE loss: 1.9598e-06 | time: 0.032
I 05.25/06:09:16 solver.py:141 ] Epoch: [352/400][160/196] lr: 5.65e-05 | MSE loss: 1.9632e-06 | time: 0.032
I 05.25/06:09:17 solver.py:141 ] Epoch: [352/400][180/196] lr: 5.65e-05 | MSE loss: 1.9751e-06 | time: 0.033
I 05.25/06:09:17 solver.py:151 ] => Train  Loss: 1.9791e-06

I 05.25/06:09:17 solver.py:206 ] 
=! Best NMSE: -2.3438e+01 (epoch=330)

I 05.25/06:09:18 solver.py:141 ] Epoch: [353/400][20/196] lr: 5.65e-05 | MSE loss: 1.9249e-06 | time: 0.043
I 05.25/06:09:19 solver.py:141 ] Epoch: [353/400][40/196] lr: 5.64e-05 | MSE loss: 1.9256e-06 | time: 0.035
I 05.25/06:09:19 solver.py:141 ] Epoch: [353/400][60/196] lr: 5.64e-05 | MSE loss: 1.9287e-06 | time: 0.031
I 05.25/06:09:20 solver.py:141 ] Epoch: [353/400][80/196] lr: 5.64e-05 | MSE loss: 1.9211e-06 | time: 0.032
I 05.25/06:09:20 solver.py:141 ] Epoch: [353/400][100/196] lr: 5.63e-05 | MSE loss: 1.9725e-06 | time: 0.031
I 05.25/06:09:21 solver.py:141 ] Epoch: [353/400][120/196] lr: 5.63e-05 | MSE loss: 2.0195e-06 | time: 0.032
I 05.25/06:09:22 solver.py:141 ] Epoch: [353/400][140/196] lr: 5.63e-05 | MSE loss: 2.0254e-06 | time: 0.032
I 05.25/06:09:22 solver.py:141 ] Epoch: [353/400][160/196] lr: 5.63e-05 | MSE loss: 2.0105e-06 | time: 0.032
I 05.25/06:09:23 solver.py:141 ] Epoch: [353/400][180/196] lr: 5.62e-05 | MSE loss: 2.0013e-06 | time: 0.032
I 05.25/06:09:24 solver.py:151 ] => Train  Loss: 1.9962e-06

I 05.25/06:09:24 solver.py:206 ] 
=! Best NMSE: -2.3438e+01 (epoch=330)

I 05.25/06:09:25 solver.py:141 ] Epoch: [354/400][20/196] lr: 5.62e-05 | MSE loss: 1.9909e-06 | time: 0.046
I 05.25/06:09:25 solver.py:141 ] Epoch: [354/400][40/196] lr: 5.62e-05 | MSE loss: 1.9318e-06 | time: 0.037
I 05.25/06:09:26 solver.py:141 ] Epoch: [354/400][60/196] lr: 5.61e-05 | MSE loss: 1.9113e-06 | time: 0.034
I 05.25/06:09:26 solver.py:141 ] Epoch: [354/400][80/196] lr: 5.61e-05 | MSE loss: 1.9114e-06 | time: 0.033
I 05.25/06:09:27 solver.py:141 ] Epoch: [354/400][100/196] lr: 5.61e-05 | MSE loss: 1.9098e-06 | time: 0.032
I 05.25/06:09:28 solver.py:141 ] Epoch: [354/400][120/196] lr: 5.61e-05 | MSE loss: 1.9121e-06 | time: 0.032
I 05.25/06:09:28 solver.py:141 ] Epoch: [354/400][140/196] lr: 5.60e-05 | MSE loss: 1.9027e-06 | time: 0.032
I 05.25/06:09:29 solver.py:141 ] Epoch: [354/400][160/196] lr: 5.60e-05 | MSE loss: 1.9064e-06 | time: 0.032
I 05.25/06:09:30 solver.py:141 ] Epoch: [354/400][180/196] lr: 5.60e-05 | MSE loss: 1.9080e-06 | time: 0.032
I 05.25/06:09:30 solver.py:151 ] => Train  Loss: 1.9090e-06

I 05.25/06:09:30 solver.py:206 ] 
=! Best NMSE: -2.3438e+01 (epoch=330)

I 05.25/06:09:31 solver.py:141 ] Epoch: [355/400][20/196] lr: 5.59e-05 | MSE loss: 1.9198e-06 | time: 0.043
I 05.25/06:09:32 solver.py:141 ] Epoch: [355/400][40/196] lr: 5.59e-05 | MSE loss: 1.9615e-06 | time: 0.036
I 05.25/06:09:32 solver.py:141 ] Epoch: [355/400][60/196] lr: 5.59e-05 | MSE loss: 1.9468e-06 | time: 0.034
I 05.25/06:09:33 solver.py:141 ] Epoch: [355/400][80/196] lr: 5.59e-05 | MSE loss: 1.9258e-06 | time: 0.033
I 05.25/06:09:34 solver.py:141 ] Epoch: [355/400][100/196] lr: 5.58e-05 | MSE loss: 1.9439e-06 | time: 0.032
I 05.25/06:09:34 solver.py:141 ] Epoch: [355/400][120/196] lr: 5.58e-05 | MSE loss: 1.9345e-06 | time: 0.032
I 05.25/06:09:35 solver.py:141 ] Epoch: [355/400][140/196] lr: 5.58e-05 | MSE loss: 1.9339e-06 | time: 0.031
I 05.25/06:09:35 solver.py:141 ] Epoch: [355/400][160/196] lr: 5.58e-05 | MSE loss: 1.9481e-06 | time: 0.030
I 05.25/06:09:36 solver.py:141 ] Epoch: [355/400][180/196] lr: 5.57e-05 | MSE loss: 1.9435e-06 | time: 0.030
I 05.25/06:09:36 solver.py:151 ] => Train  Loss: 1.9411e-06

I 05.25/06:09:36 solver.py:206 ] 
=! Best NMSE: -2.3438e+01 (epoch=330)

I 05.25/06:09:37 solver.py:141 ] Epoch: [356/400][20/196] lr: 5.57e-05 | MSE loss: 1.8972e-06 | time: 0.045
I 05.25/06:09:38 solver.py:141 ] Epoch: [356/400][40/196] lr: 5.57e-05 | MSE loss: 1.9101e-06 | time: 0.039
I 05.25/06:09:39 solver.py:141 ] Epoch: [356/400][60/196] lr: 5.56e-05 | MSE loss: 1.9248e-06 | time: 0.037
I 05.25/06:09:39 solver.py:141 ] Epoch: [356/400][80/196] lr: 5.56e-05 | MSE loss: 1.9424e-06 | time: 0.035
I 05.25/06:09:40 solver.py:141 ] Epoch: [356/400][100/196] lr: 5.56e-05 | MSE loss: 1.9456e-06 | time: 0.035
I 05.25/06:09:41 solver.py:141 ] Epoch: [356/400][120/196] lr: 5.56e-05 | MSE loss: 1.9226e-06 | time: 0.035
I 05.25/06:09:41 solver.py:141 ] Epoch: [356/400][140/196] lr: 5.55e-05 | MSE loss: 1.9196e-06 | time: 0.035
I 05.25/06:09:42 solver.py:141 ] Epoch: [356/400][160/196] lr: 5.55e-05 | MSE loss: 1.9263e-06 | time: 0.033
I 05.25/06:09:43 solver.py:141 ] Epoch: [356/400][180/196] lr: 5.55e-05 | MSE loss: 1.9202e-06 | time: 0.033
I 05.25/06:09:43 solver.py:151 ] => Train  Loss: 1.9188e-06

I 05.25/06:09:43 solver.py:206 ] 
=! Best NMSE: -2.3438e+01 (epoch=330)

I 05.25/06:09:44 solver.py:141 ] Epoch: [357/400][20/196] lr: 5.54e-05 | MSE loss: 1.9396e-06 | time: 0.044
I 05.25/06:09:45 solver.py:141 ] Epoch: [357/400][40/196] lr: 5.54e-05 | MSE loss: 1.9953e-06 | time: 0.037
I 05.25/06:09:45 solver.py:141 ] Epoch: [357/400][60/196] lr: 5.54e-05 | MSE loss: 1.9779e-06 | time: 0.034
I 05.25/06:09:46 solver.py:141 ] Epoch: [357/400][80/196] lr: 5.54e-05 | MSE loss: 1.9474e-06 | time: 0.033
I 05.25/06:09:47 solver.py:141 ] Epoch: [357/400][100/196] lr: 5.53e-05 | MSE loss: 1.9343e-06 | time: 0.032
I 05.25/06:09:47 solver.py:141 ] Epoch: [357/400][120/196] lr: 5.53e-05 | MSE loss: 1.9184e-06 | time: 0.031
I 05.25/06:09:48 solver.py:141 ] Epoch: [357/400][140/196] lr: 5.53e-05 | MSE loss: 1.9095e-06 | time: 0.031
I 05.25/06:09:48 solver.py:141 ] Epoch: [357/400][160/196] lr: 5.53e-05 | MSE loss: 1.9116e-06 | time: 0.031
I 05.25/06:09:49 solver.py:141 ] Epoch: [357/400][180/196] lr: 5.52e-05 | MSE loss: 1.9165e-06 | time: 0.031
I 05.25/06:09:49 solver.py:151 ] => Train  Loss: 1.9246e-06

I 05.25/06:09:50 solver.py:206 ] 
=! Best NMSE: -2.3438e+01 (epoch=330)

I 05.25/06:09:51 solver.py:141 ] Epoch: [358/400][20/196] lr: 5.52e-05 | MSE loss: 2.0680e-06 | time: 0.045
I 05.25/06:09:51 solver.py:141 ] Epoch: [358/400][40/196] lr: 5.52e-05 | MSE loss: 2.0280e-06 | time: 0.035
I 05.25/06:09:52 solver.py:141 ] Epoch: [358/400][60/196] lr: 5.51e-05 | MSE loss: 2.0008e-06 | time: 0.034
I 05.25/06:09:52 solver.py:141 ] Epoch: [358/400][80/196] lr: 5.51e-05 | MSE loss: 1.9905e-06 | time: 0.033
I 05.25/06:09:53 solver.py:141 ] Epoch: [358/400][100/196] lr: 5.51e-05 | MSE loss: 1.9925e-06 | time: 0.032
I 05.25/06:09:54 solver.py:141 ] Epoch: [358/400][120/196] lr: 5.51e-05 | MSE loss: 1.9851e-06 | time: 0.032
I 05.25/06:09:54 solver.py:141 ] Epoch: [358/400][140/196] lr: 5.50e-05 | MSE loss: 1.9772e-06 | time: 0.032
I 05.25/06:09:55 solver.py:141 ] Epoch: [358/400][160/196] lr: 5.50e-05 | MSE loss: 1.9620e-06 | time: 0.032
I 05.25/06:09:55 solver.py:141 ] Epoch: [358/400][180/196] lr: 5.50e-05 | MSE loss: 1.9568e-06 | time: 0.032
I 05.25/06:09:56 solver.py:151 ] => Train  Loss: 1.9547e-06

I 05.25/06:09:56 solver.py:206 ] 
=! Best NMSE: -2.3438e+01 (epoch=330)

I 05.25/06:09:57 solver.py:141 ] Epoch: [359/400][20/196] lr: 5.50e-05 | MSE loss: 2.0146e-06 | time: 0.043
I 05.25/06:09:58 solver.py:141 ] Epoch: [359/400][40/196] lr: 5.49e-05 | MSE loss: 1.9535e-06 | time: 0.038
I 05.25/06:09:58 solver.py:141 ] Epoch: [359/400][60/196] lr: 5.49e-05 | MSE loss: 1.9251e-06 | time: 0.036
I 05.25/06:09:59 solver.py:141 ] Epoch: [359/400][80/196] lr: 5.49e-05 | MSE loss: 1.9195e-06 | time: 0.035
I 05.25/06:10:00 solver.py:141 ] Epoch: [359/400][100/196] lr: 5.49e-05 | MSE loss: 1.9422e-06 | time: 0.034
I 05.25/06:10:00 solver.py:141 ] Epoch: [359/400][120/196] lr: 5.48e-05 | MSE loss: 1.9357e-06 | time: 0.033
I 05.25/06:10:01 solver.py:141 ] Epoch: [359/400][140/196] lr: 5.48e-05 | MSE loss: 1.9375e-06 | time: 0.033
I 05.25/06:10:01 solver.py:141 ] Epoch: [359/400][160/196] lr: 5.48e-05 | MSE loss: 1.9529e-06 | time: 0.033
I 05.25/06:10:02 solver.py:141 ] Epoch: [359/400][180/196] lr: 5.48e-05 | MSE loss: 1.9543e-06 | time: 0.032
I 05.25/06:10:02 solver.py:151 ] => Train  Loss: 1.9638e-06

I 05.25/06:10:03 solver.py:206 ] 
=! Best NMSE: -2.3438e+01 (epoch=330)

I 05.25/06:10:04 solver.py:141 ] Epoch: [360/400][20/196] lr: 5.47e-05 | MSE loss: 2.0327e-06 | time: 0.047
I 05.25/06:10:04 solver.py:141 ] Epoch: [360/400][40/196] lr: 5.47e-05 | MSE loss: 1.9333e-06 | time: 0.037
I 05.25/06:10:05 solver.py:141 ] Epoch: [360/400][60/196] lr: 5.47e-05 | MSE loss: 1.9036e-06 | time: 0.032
I 05.25/06:10:05 solver.py:141 ] Epoch: [360/400][80/196] lr: 5.47e-05 | MSE loss: 1.9044e-06 | time: 0.030
I 05.25/06:10:06 solver.py:141 ] Epoch: [360/400][100/196] lr: 5.46e-05 | MSE loss: 1.9341e-06 | time: 0.029
I 05.25/06:10:06 solver.py:141 ] Epoch: [360/400][120/196] lr: 5.46e-05 | MSE loss: 1.9271e-06 | time: 0.028
I 05.25/06:10:07 solver.py:141 ] Epoch: [360/400][140/196] lr: 5.46e-05 | MSE loss: 1.9264e-06 | time: 0.027
I 05.25/06:10:07 solver.py:141 ] Epoch: [360/400][160/196] lr: 5.46e-05 | MSE loss: 1.9378e-06 | time: 0.028
I 05.25/06:10:08 solver.py:141 ] Epoch: [360/400][180/196] lr: 5.45e-05 | MSE loss: 1.9360e-06 | time: 0.027
I 05.25/06:10:08 solver.py:151 ] => Train  Loss: 1.9357e-06

I 05.25/06:10:09 solver.py:141 ] Epoch: [360/400][20/59] lr: 5.45e-05 | MSE loss: 2.1766e-06 | time: 0.021
I 05.25/06:10:09 solver.py:141 ] Epoch: [360/400][40/59] lr: 5.45e-05 | MSE loss: 2.1892e-06 | time: 0.013
I 05.25/06:10:09 solver.py:151 ] => Val  Loss: 2.1740e-06

I 05.25/06:10:09 solver.py:281 ] [20/40] loss: 2.1764e-06 | NMSE: -2.3609e+01 | time: 0.017
I 05.25/06:10:10 solver.py:281 ] [40/40] loss: 2.1793e-06 | NMSE: -2.3609e+01 | time: 0.014
I 05.25/06:10:10 solver.py:285 ] => Test NMSE: -2.3609e+01

I 05.25/06:10:10 solver.py:206 ] 
=! Best NMSE: -2.3609e+01 (epoch=360)

I 05.25/06:10:11 solver.py:141 ] Epoch: [361/400][20/196] lr: 5.45e-05 | MSE loss: 1.9804e-06 | time: 0.048
I 05.25/06:10:12 solver.py:141 ] Epoch: [361/400][40/196] lr: 5.45e-05 | MSE loss: 1.9567e-06 | time: 0.042
I 05.25/06:10:12 solver.py:141 ] Epoch: [361/400][60/196] lr: 5.45e-05 | MSE loss: 1.9039e-06 | time: 0.039
I 05.25/06:10:13 solver.py:141 ] Epoch: [361/400][80/196] lr: 5.44e-05 | MSE loss: 1.8971e-06 | time: 0.037
I 05.25/06:10:13 solver.py:141 ] Epoch: [361/400][100/196] lr: 5.44e-05 | MSE loss: 1.9374e-06 | time: 0.036
I 05.25/06:10:14 solver.py:141 ] Epoch: [361/400][120/196] lr: 5.44e-05 | MSE loss: 1.9348e-06 | time: 0.035
I 05.25/06:10:15 solver.py:141 ] Epoch: [361/400][140/196] lr: 5.44e-05 | MSE loss: 1.9439e-06 | time: 0.034
I 05.25/06:10:15 solver.py:141 ] Epoch: [361/400][160/196] lr: 5.43e-05 | MSE loss: 1.9545e-06 | time: 0.034
I 05.25/06:10:16 solver.py:141 ] Epoch: [361/400][180/196] lr: 5.43e-05 | MSE loss: 1.9531e-06 | time: 0.033
I 05.25/06:10:16 solver.py:151 ] => Train  Loss: 1.9534e-06

I 05.25/06:10:17 solver.py:206 ] 
=! Best NMSE: -2.3609e+01 (epoch=360)

I 05.25/06:10:18 solver.py:141 ] Epoch: [362/400][20/196] lr: 5.43e-05 | MSE loss: 1.8431e-06 | time: 0.048
I 05.25/06:10:18 solver.py:141 ] Epoch: [362/400][40/196] lr: 5.43e-05 | MSE loss: 1.8760e-06 | time: 0.040
I 05.25/06:10:19 solver.py:141 ] Epoch: [362/400][60/196] lr: 5.42e-05 | MSE loss: 1.8996e-06 | time: 0.037
I 05.25/06:10:19 solver.py:141 ] Epoch: [362/400][80/196] lr: 5.42e-05 | MSE loss: 1.9132e-06 | time: 0.035
I 05.25/06:10:20 solver.py:141 ] Epoch: [362/400][100/196] lr: 5.42e-05 | MSE loss: 1.9303e-06 | time: 0.034
I 05.25/06:10:21 solver.py:141 ] Epoch: [362/400][120/196] lr: 5.42e-05 | MSE loss: 1.9350e-06 | time: 0.034
I 05.25/06:10:21 solver.py:141 ] Epoch: [362/400][140/196] lr: 5.41e-05 | MSE loss: 1.9477e-06 | time: 0.033
I 05.25/06:10:22 solver.py:141 ] Epoch: [362/400][160/196] lr: 5.41e-05 | MSE loss: 1.9423e-06 | time: 0.032
I 05.25/06:10:22 solver.py:141 ] Epoch: [362/400][180/196] lr: 5.41e-05 | MSE loss: 1.9366e-06 | time: 0.032
I 05.25/06:10:23 solver.py:151 ] => Train  Loss: 1.9346e-06

I 05.25/06:10:23 solver.py:206 ] 
=! Best NMSE: -2.3609e+01 (epoch=360)

I 05.25/06:10:24 solver.py:141 ] Epoch: [363/400][20/196] lr: 5.41e-05 | MSE loss: 1.8793e-06 | time: 0.046
I 05.25/06:10:25 solver.py:141 ] Epoch: [363/400][40/196] lr: 5.40e-05 | MSE loss: 1.8929e-06 | time: 0.036
I 05.25/06:10:25 solver.py:141 ] Epoch: [363/400][60/196] lr: 5.40e-05 | MSE loss: 1.8978e-06 | time: 0.033
I 05.25/06:10:26 solver.py:141 ] Epoch: [363/400][80/196] lr: 5.40e-05 | MSE loss: 1.9043e-06 | time: 0.033
I 05.25/06:10:26 solver.py:141 ] Epoch: [363/400][100/196] lr: 5.40e-05 | MSE loss: 1.9130e-06 | time: 0.032
I 05.25/06:10:27 solver.py:141 ] Epoch: [363/400][120/196] lr: 5.40e-05 | MSE loss: 1.9114e-06 | time: 0.032
I 05.25/06:10:28 solver.py:141 ] Epoch: [363/400][140/196] lr: 5.39e-05 | MSE loss: 1.9073e-06 | time: 0.032
I 05.25/06:10:28 solver.py:141 ] Epoch: [363/400][160/196] lr: 5.39e-05 | MSE loss: 1.9161e-06 | time: 0.032
I 05.25/06:10:29 solver.py:141 ] Epoch: [363/400][180/196] lr: 5.39e-05 | MSE loss: 1.9153e-06 | time: 0.032
I 05.25/06:10:29 solver.py:151 ] => Train  Loss: 1.9190e-06

I 05.25/06:10:30 solver.py:206 ] 
=! Best NMSE: -2.3609e+01 (epoch=360)

I 05.25/06:10:31 solver.py:141 ] Epoch: [364/400][20/196] lr: 5.39e-05 | MSE loss: 1.9244e-06 | time: 0.045
I 05.25/06:10:31 solver.py:141 ] Epoch: [364/400][40/196] lr: 5.38e-05 | MSE loss: 1.9276e-06 | time: 0.039
I 05.25/06:10:32 solver.py:141 ] Epoch: [364/400][60/196] lr: 5.38e-05 | MSE loss: 1.9352e-06 | time: 0.036
I 05.25/06:10:32 solver.py:141 ] Epoch: [364/400][80/196] lr: 5.38e-05 | MSE loss: 1.9141e-06 | time: 0.035
I 05.25/06:10:33 solver.py:141 ] Epoch: [364/400][100/196] lr: 5.38e-05 | MSE loss: 1.9078e-06 | time: 0.034
I 05.25/06:10:34 solver.py:141 ] Epoch: [364/400][120/196] lr: 5.37e-05 | MSE loss: 1.9126e-06 | time: 0.034
I 05.25/06:10:34 solver.py:141 ] Epoch: [364/400][140/196] lr: 5.37e-05 | MSE loss: 1.9294e-06 | time: 0.033
I 05.25/06:10:35 solver.py:141 ] Epoch: [364/400][160/196] lr: 5.37e-05 | MSE loss: 1.9311e-06 | time: 0.033
I 05.25/06:10:35 solver.py:141 ] Epoch: [364/400][180/196] lr: 5.37e-05 | MSE loss: 1.9245e-06 | time: 0.032
I 05.25/06:10:36 solver.py:151 ] => Train  Loss: 1.9327e-06

I 05.25/06:10:36 solver.py:206 ] 
=! Best NMSE: -2.3609e+01 (epoch=360)

I 05.25/06:10:37 solver.py:141 ] Epoch: [365/400][20/196] lr: 5.37e-05 | MSE loss: 1.9119e-06 | time: 0.048
I 05.25/06:10:38 solver.py:141 ] Epoch: [365/400][40/196] lr: 5.36e-05 | MSE loss: 1.8975e-06 | time: 0.041
I 05.25/06:10:39 solver.py:141 ] Epoch: [365/400][60/196] lr: 5.36e-05 | MSE loss: 1.9019e-06 | time: 0.040
I 05.25/06:10:39 solver.py:141 ] Epoch: [365/400][80/196] lr: 5.36e-05 | MSE loss: 1.9122e-06 | time: 0.038
I 05.25/06:10:40 solver.py:141 ] Epoch: [365/400][100/196] lr: 5.36e-05 | MSE loss: 1.9059e-06 | time: 0.036
I 05.25/06:10:40 solver.py:141 ] Epoch: [365/400][120/196] lr: 5.35e-05 | MSE loss: 1.9066e-06 | time: 0.035
I 05.25/06:10:41 solver.py:141 ] Epoch: [365/400][140/196] lr: 5.35e-05 | MSE loss: 1.9013e-06 | time: 0.033
I 05.25/06:10:41 solver.py:141 ] Epoch: [365/400][160/196] lr: 5.35e-05 | MSE loss: 1.8906e-06 | time: 0.033
I 05.25/06:10:42 solver.py:141 ] Epoch: [365/400][180/196] lr: 5.35e-05 | MSE loss: 1.9003e-06 | time: 0.033
I 05.25/06:10:43 solver.py:151 ] => Train  Loss: 1.9187e-06

I 05.25/06:10:43 solver.py:206 ] 
=! Best NMSE: -2.3609e+01 (epoch=360)

I 05.25/06:10:44 solver.py:141 ] Epoch: [366/400][20/196] lr: 5.35e-05 | MSE loss: 2.0445e-06 | time: 0.047
I 05.25/06:10:45 solver.py:141 ] Epoch: [366/400][40/196] lr: 5.34e-05 | MSE loss: 2.0304e-06 | time: 0.040
I 05.25/06:10:45 solver.py:141 ] Epoch: [366/400][60/196] lr: 5.34e-05 | MSE loss: 2.0141e-06 | time: 0.038
I 05.25/06:10:46 solver.py:141 ] Epoch: [366/400][80/196] lr: 5.34e-05 | MSE loss: 1.9723e-06 | time: 0.036
I 05.25/06:10:46 solver.py:141 ] Epoch: [366/400][100/196] lr: 5.34e-05 | MSE loss: 1.9459e-06 | time: 0.034
I 05.25/06:10:47 solver.py:141 ] Epoch: [366/400][120/196] lr: 5.34e-05 | MSE loss: 1.9485e-06 | time: 0.033
I 05.25/06:10:48 solver.py:141 ] Epoch: [366/400][140/196] lr: 5.33e-05 | MSE loss: 1.9535e-06 | time: 0.033
I 05.25/06:10:48 solver.py:141 ] Epoch: [366/400][160/196] lr: 5.33e-05 | MSE loss: 1.9354e-06 | time: 0.033
I 05.25/06:10:49 solver.py:141 ] Epoch: [366/400][180/196] lr: 5.33e-05 | MSE loss: 1.9208e-06 | time: 0.032
I 05.25/06:10:49 solver.py:151 ] => Train  Loss: 1.9276e-06

I 05.25/06:10:49 solver.py:206 ] 
=! Best NMSE: -2.3609e+01 (epoch=360)

I 05.25/06:10:50 solver.py:141 ] Epoch: [367/400][20/196] lr: 5.33e-05 | MSE loss: 1.9998e-06 | time: 0.048
I 05.25/06:10:51 solver.py:141 ] Epoch: [367/400][40/196] lr: 5.32e-05 | MSE loss: 1.9923e-06 | time: 0.039
I 05.25/06:10:52 solver.py:141 ] Epoch: [367/400][60/196] lr: 5.32e-05 | MSE loss: 1.9767e-06 | time: 0.037
I 05.25/06:10:52 solver.py:141 ] Epoch: [367/400][80/196] lr: 5.32e-05 | MSE loss: 1.9497e-06 | time: 0.036
I 05.25/06:10:53 solver.py:141 ] Epoch: [367/400][100/196] lr: 5.32e-05 | MSE loss: 1.9428e-06 | time: 0.036
I 05.25/06:10:54 solver.py:141 ] Epoch: [367/400][120/196] lr: 5.32e-05 | MSE loss: 1.9419e-06 | time: 0.035
I 05.25/06:10:54 solver.py:141 ] Epoch: [367/400][140/196] lr: 5.31e-05 | MSE loss: 1.9356e-06 | time: 0.035
I 05.25/06:10:55 solver.py:141 ] Epoch: [367/400][160/196] lr: 5.31e-05 | MSE loss: 1.9443e-06 | time: 0.034
I 05.25/06:10:55 solver.py:141 ] Epoch: [367/400][180/196] lr: 5.31e-05 | MSE loss: 1.9448e-06 | time: 0.034
I 05.25/06:10:56 solver.py:151 ] => Train  Loss: 1.9473e-06

I 05.25/06:10:56 solver.py:206 ] 
=! Best NMSE: -2.3609e+01 (epoch=360)

I 05.25/06:10:57 solver.py:141 ] Epoch: [368/400][20/196] lr: 5.31e-05 | MSE loss: 1.8770e-06 | time: 0.040
I 05.25/06:10:58 solver.py:141 ] Epoch: [368/400][40/196] lr: 5.31e-05 | MSE loss: 1.8986e-06 | time: 0.037
I 05.25/06:10:58 solver.py:141 ] Epoch: [368/400][60/196] lr: 5.30e-05 | MSE loss: 1.9221e-06 | time: 0.037
I 05.25/06:10:59 solver.py:141 ] Epoch: [368/400][80/196] lr: 5.30e-05 | MSE loss: 1.9560e-06 | time: 0.035
I 05.25/06:11:00 solver.py:141 ] Epoch: [368/400][100/196] lr: 5.30e-05 | MSE loss: 1.9511e-06 | time: 0.034
I 05.25/06:11:00 solver.py:141 ] Epoch: [368/400][120/196] lr: 5.30e-05 | MSE loss: 1.9330e-06 | time: 0.034
I 05.25/06:11:01 solver.py:141 ] Epoch: [368/400][140/196] lr: 5.30e-05 | MSE loss: 1.9335e-06 | time: 0.034
I 05.25/06:11:01 solver.py:141 ] Epoch: [368/400][160/196] lr: 5.29e-05 | MSE loss: 1.9274e-06 | time: 0.033
I 05.25/06:11:02 solver.py:141 ] Epoch: [368/400][180/196] lr: 5.29e-05 | MSE loss: 1.9295e-06 | time: 0.032
I 05.25/06:11:02 solver.py:151 ] => Train  Loss: 1.9218e-06

I 05.25/06:11:03 solver.py:206 ] 
=! Best NMSE: -2.3609e+01 (epoch=360)

I 05.25/06:11:04 solver.py:141 ] Epoch: [369/400][20/196] lr: 5.29e-05 | MSE loss: 1.8511e-06 | time: 0.055
I 05.25/06:11:04 solver.py:141 ] Epoch: [369/400][40/196] lr: 5.29e-05 | MSE loss: 1.9377e-06 | time: 0.043
I 05.25/06:11:05 solver.py:141 ] Epoch: [369/400][60/196] lr: 5.29e-05 | MSE loss: 1.9149e-06 | time: 0.039
I 05.25/06:11:06 solver.py:141 ] Epoch: [369/400][80/196] lr: 5.28e-05 | MSE loss: 1.9153e-06 | time: 0.037
I 05.25/06:11:06 solver.py:141 ] Epoch: [369/400][100/196] lr: 5.28e-05 | MSE loss: 1.9007e-06 | time: 0.036
I 05.25/06:11:07 solver.py:141 ] Epoch: [369/400][120/196] lr: 5.28e-05 | MSE loss: 1.8977e-06 | time: 0.035
I 05.25/06:11:08 solver.py:141 ] Epoch: [369/400][140/196] lr: 5.28e-05 | MSE loss: 1.9047e-06 | time: 0.035
I 05.25/06:11:08 solver.py:141 ] Epoch: [369/400][160/196] lr: 5.28e-05 | MSE loss: 1.9214e-06 | time: 0.035
I 05.25/06:11:09 solver.py:141 ] Epoch: [369/400][180/196] lr: 5.27e-05 | MSE loss: 1.9341e-06 | time: 0.035
I 05.25/06:11:09 solver.py:151 ] => Train  Loss: 1.9336e-06

I 05.25/06:11:10 solver.py:206 ] 
=! Best NMSE: -2.3609e+01 (epoch=360)

I 05.25/06:11:11 solver.py:141 ] Epoch: [370/400][20/196] lr: 5.27e-05 | MSE loss: 1.8472e-06 | time: 0.050
I 05.25/06:11:11 solver.py:141 ] Epoch: [370/400][40/196] lr: 5.27e-05 | MSE loss: 1.8343e-06 | time: 0.040
I 05.25/06:11:12 solver.py:141 ] Epoch: [370/400][60/196] lr: 5.27e-05 | MSE loss: 1.8520e-06 | time: 0.037
I 05.25/06:11:13 solver.py:141 ] Epoch: [370/400][80/196] lr: 5.27e-05 | MSE loss: 1.8752e-06 | time: 0.037
I 05.25/06:11:13 solver.py:141 ] Epoch: [370/400][100/196] lr: 5.26e-05 | MSE loss: 1.8761e-06 | time: 0.034
I 05.25/06:11:14 solver.py:141 ] Epoch: [370/400][120/196] lr: 5.26e-05 | MSE loss: 1.8641e-06 | time: 0.033
I 05.25/06:11:14 solver.py:141 ] Epoch: [370/400][140/196] lr: 5.26e-05 | MSE loss: 1.8675e-06 | time: 0.033
I 05.25/06:11:15 solver.py:141 ] Epoch: [370/400][160/196] lr: 5.26e-05 | MSE loss: 1.8684e-06 | time: 0.032
I 05.25/06:11:15 solver.py:141 ] Epoch: [370/400][180/196] lr: 5.26e-05 | MSE loss: 1.8656e-06 | time: 0.032
I 05.25/06:11:16 solver.py:151 ] => Train  Loss: 1.8713e-06

I 05.25/06:11:16 solver.py:141 ] Epoch: [370/400][20/59] lr: 5.26e-05 | MSE loss: 2.1827e-06 | time: 0.017
I 05.25/06:11:17 solver.py:141 ] Epoch: [370/400][40/59] lr: 5.26e-05 | MSE loss: 2.1935e-06 | time: 0.013
I 05.25/06:11:17 solver.py:151 ] => Val  Loss: 2.1798e-06

I 05.25/06:11:17 solver.py:281 ] [20/40] loss: 2.1802e-06 | NMSE: -2.3583e+01 | time: 0.015
I 05.25/06:11:17 solver.py:281 ] [40/40] loss: 2.1840e-06 | NMSE: -2.3581e+01 | time: 0.013
I 05.25/06:11:17 solver.py:285 ] => Test NMSE: -2.3581e+01

I 05.25/06:11:17 solver.py:206 ] 
=! Best NMSE: -2.3609e+01 (epoch=360)

I 05.25/06:11:18 solver.py:141 ] Epoch: [371/400][20/196] lr: 5.25e-05 | MSE loss: 1.8443e-06 | time: 0.044
I 05.25/06:11:19 solver.py:141 ] Epoch: [371/400][40/196] lr: 5.25e-05 | MSE loss: 1.8510e-06 | time: 0.039
I 05.25/06:11:20 solver.py:141 ] Epoch: [371/400][60/196] lr: 5.25e-05 | MSE loss: 1.8722e-06 | time: 0.038
I 05.25/06:11:20 solver.py:141 ] Epoch: [371/400][80/196] lr: 5.25e-05 | MSE loss: 1.8848e-06 | time: 0.037
I 05.25/06:11:21 solver.py:141 ] Epoch: [371/400][100/196] lr: 5.25e-05 | MSE loss: 1.8875e-06 | time: 0.036
I 05.25/06:11:22 solver.py:141 ] Epoch: [371/400][120/196] lr: 5.25e-05 | MSE loss: 1.8987e-06 | time: 0.035
I 05.25/06:11:22 solver.py:141 ] Epoch: [371/400][140/196] lr: 5.24e-05 | MSE loss: 1.9057e-06 | time: 0.034
I 05.25/06:11:23 solver.py:141 ] Epoch: [371/400][160/196] lr: 5.24e-05 | MSE loss: 1.9013e-06 | time: 0.034
I 05.25/06:11:23 solver.py:141 ] Epoch: [371/400][180/196] lr: 5.24e-05 | MSE loss: 1.9032e-06 | time: 0.033
I 05.25/06:11:24 solver.py:151 ] => Train  Loss: 1.9121e-06

I 05.25/06:11:24 solver.py:206 ] 
=! Best NMSE: -2.3609e+01 (epoch=360)

I 05.25/06:11:25 solver.py:141 ] Epoch: [372/400][20/196] lr: 5.24e-05 | MSE loss: 2.0578e-06 | time: 0.046
I 05.25/06:11:26 solver.py:141 ] Epoch: [372/400][40/196] lr: 5.24e-05 | MSE loss: 1.9718e-06 | time: 0.038
I 05.25/06:11:26 solver.py:141 ] Epoch: [372/400][60/196] lr: 5.23e-05 | MSE loss: 1.9397e-06 | time: 0.035
I 05.25/06:11:27 solver.py:141 ] Epoch: [372/400][80/196] lr: 5.23e-05 | MSE loss: 1.9314e-06 | time: 0.035
I 05.25/06:11:28 solver.py:141 ] Epoch: [372/400][100/196] lr: 5.23e-05 | MSE loss: 1.9153e-06 | time: 0.035
I 05.25/06:11:28 solver.py:141 ] Epoch: [372/400][120/196] lr: 5.23e-05 | MSE loss: 1.9111e-06 | time: 0.034
I 05.25/06:11:29 solver.py:141 ] Epoch: [372/400][140/196] lr: 5.23e-05 | MSE loss: 1.9088e-06 | time: 0.033
I 05.25/06:11:29 solver.py:141 ] Epoch: [372/400][160/196] lr: 5.23e-05 | MSE loss: 1.9047e-06 | time: 0.032
I 05.25/06:11:30 solver.py:141 ] Epoch: [372/400][180/196] lr: 5.22e-05 | MSE loss: 1.9068e-06 | time: 0.031
I 05.25/06:11:30 solver.py:151 ] => Train  Loss: 1.9121e-06

I 05.25/06:11:30 solver.py:206 ] 
=! Best NMSE: -2.3609e+01 (epoch=360)

I 05.25/06:11:31 solver.py:141 ] Epoch: [373/400][20/196] lr: 5.22e-05 | MSE loss: 1.8879e-06 | time: 0.042
I 05.25/06:11:32 solver.py:141 ] Epoch: [373/400][40/196] lr: 5.22e-05 | MSE loss: 1.8787e-06 | time: 0.034
I 05.25/06:11:32 solver.py:141 ] Epoch: [373/400][60/196] lr: 5.22e-05 | MSE loss: 1.8809e-06 | time: 0.033
I 05.25/06:11:33 solver.py:141 ] Epoch: [373/400][80/196] lr: 5.22e-05 | MSE loss: 1.8924e-06 | time: 0.032
I 05.25/06:11:34 solver.py:141 ] Epoch: [373/400][100/196] lr: 5.21e-05 | MSE loss: 1.9040e-06 | time: 0.031
I 05.25/06:11:34 solver.py:141 ] Epoch: [373/400][120/196] lr: 5.21e-05 | MSE loss: 1.9006e-06 | time: 0.030
I 05.25/06:11:35 solver.py:141 ] Epoch: [373/400][140/196] lr: 5.21e-05 | MSE loss: 1.8962e-06 | time: 0.030
I 05.25/06:11:35 solver.py:141 ] Epoch: [373/400][160/196] lr: 5.21e-05 | MSE loss: 1.8907e-06 | time: 0.030
I 05.25/06:11:36 solver.py:141 ] Epoch: [373/400][180/196] lr: 5.21e-05 | MSE loss: 1.8831e-06 | time: 0.030
I 05.25/06:11:36 solver.py:151 ] => Train  Loss: 1.8863e-06

I 05.25/06:11:37 solver.py:206 ] 
=! Best NMSE: -2.3609e+01 (epoch=360)

I 05.25/06:11:38 solver.py:141 ] Epoch: [374/400][20/196] lr: 5.21e-05 | MSE loss: 1.8742e-06 | time: 0.046
I 05.25/06:11:38 solver.py:141 ] Epoch: [374/400][40/196] lr: 5.20e-05 | MSE loss: 1.8427e-06 | time: 0.039
I 05.25/06:11:39 solver.py:141 ] Epoch: [374/400][60/196] lr: 5.20e-05 | MSE loss: 1.8703e-06 | time: 0.036
I 05.25/06:11:39 solver.py:141 ] Epoch: [374/400][80/196] lr: 5.20e-05 | MSE loss: 1.8666e-06 | time: 0.034
I 05.25/06:11:40 solver.py:141 ] Epoch: [374/400][100/196] lr: 5.20e-05 | MSE loss: 1.8649e-06 | time: 0.033
I 05.25/06:11:41 solver.py:141 ] Epoch: [374/400][120/196] lr: 5.20e-05 | MSE loss: 1.8658e-06 | time: 0.032
I 05.25/06:11:41 solver.py:141 ] Epoch: [374/400][140/196] lr: 5.20e-05 | MSE loss: 1.8789e-06 | time: 0.032
I 05.25/06:11:42 solver.py:141 ] Epoch: [374/400][160/196] lr: 5.19e-05 | MSE loss: 1.8778e-06 | time: 0.032
I 05.25/06:11:42 solver.py:141 ] Epoch: [374/400][180/196] lr: 5.19e-05 | MSE loss: 1.8745e-06 | time: 0.032
I 05.25/06:11:43 solver.py:151 ] => Train  Loss: 1.8752e-06

I 05.25/06:11:43 solver.py:206 ] 
=! Best NMSE: -2.3609e+01 (epoch=360)

I 05.25/06:11:44 solver.py:141 ] Epoch: [375/400][20/196] lr: 5.19e-05 | MSE loss: 1.8008e-06 | time: 0.043
I 05.25/06:11:45 solver.py:141 ] Epoch: [375/400][40/196] lr: 5.19e-05 | MSE loss: 1.8201e-06 | time: 0.037
I 05.25/06:11:45 solver.py:141 ] Epoch: [375/400][60/196] lr: 5.19e-05 | MSE loss: 1.8535e-06 | time: 0.034
I 05.25/06:11:46 solver.py:141 ] Epoch: [375/400][80/196] lr: 5.19e-05 | MSE loss: 1.8650e-06 | time: 0.033
I 05.25/06:11:46 solver.py:141 ] Epoch: [375/400][100/196] lr: 5.18e-05 | MSE loss: 1.8938e-06 | time: 0.033
I 05.25/06:11:47 solver.py:141 ] Epoch: [375/400][120/196] lr: 5.18e-05 | MSE loss: 1.8933e-06 | time: 0.033
I 05.25/06:11:48 solver.py:141 ] Epoch: [375/400][140/196] lr: 5.18e-05 | MSE loss: 1.8912e-06 | time: 0.033
I 05.25/06:11:48 solver.py:141 ] Epoch: [375/400][160/196] lr: 5.18e-05 | MSE loss: 1.8935e-06 | time: 0.033
I 05.25/06:11:49 solver.py:141 ] Epoch: [375/400][180/196] lr: 5.18e-05 | MSE loss: 1.8916e-06 | time: 0.033
I 05.25/06:11:50 solver.py:151 ] => Train  Loss: 1.8865e-06

I 05.25/06:11:50 solver.py:206 ] 
=! Best NMSE: -2.3609e+01 (epoch=360)

I 05.25/06:11:51 solver.py:141 ] Epoch: [376/400][20/196] lr: 5.18e-05 | MSE loss: 1.8652e-06 | time: 0.044
I 05.25/06:11:51 solver.py:141 ] Epoch: [376/400][40/196] lr: 5.17e-05 | MSE loss: 1.8586e-06 | time: 0.037
I 05.25/06:11:52 solver.py:141 ] Epoch: [376/400][60/196] lr: 5.17e-05 | MSE loss: 1.8486e-06 | time: 0.035
I 05.25/06:11:53 solver.py:141 ] Epoch: [376/400][80/196] lr: 5.17e-05 | MSE loss: 1.8579e-06 | time: 0.034
I 05.25/06:11:53 solver.py:141 ] Epoch: [376/400][100/196] lr: 5.17e-05 | MSE loss: 1.8644e-06 | time: 0.033
I 05.25/06:11:54 solver.py:141 ] Epoch: [376/400][120/196] lr: 5.17e-05 | MSE loss: 1.8698e-06 | time: 0.033
I 05.25/06:11:54 solver.py:141 ] Epoch: [376/400][140/196] lr: 5.17e-05 | MSE loss: 1.8757e-06 | time: 0.032
I 05.25/06:11:55 solver.py:141 ] Epoch: [376/400][160/196] lr: 5.17e-05 | MSE loss: 1.8747e-06 | time: 0.032
I 05.25/06:11:56 solver.py:141 ] Epoch: [376/400][180/196] lr: 5.17e-05 | MSE loss: 1.8794e-06 | time: 0.032
I 05.25/06:11:56 solver.py:151 ] => Train  Loss: 1.8772e-06

I 05.25/06:11:56 solver.py:206 ] 
=! Best NMSE: -2.3609e+01 (epoch=360)

I 05.25/06:11:57 solver.py:141 ] Epoch: [377/400][20/196] lr: 5.16e-05 | MSE loss: 1.8385e-06 | time: 0.049
I 05.25/06:11:58 solver.py:141 ] Epoch: [377/400][40/196] lr: 5.16e-05 | MSE loss: 1.8315e-06 | time: 0.040
I 05.25/06:11:59 solver.py:141 ] Epoch: [377/400][60/196] lr: 5.16e-05 | MSE loss: 1.8302e-06 | time: 0.036
I 05.25/06:11:59 solver.py:141 ] Epoch: [377/400][80/196] lr: 5.16e-05 | MSE loss: 1.8752e-06 | time: 0.035
I 05.25/06:12:00 solver.py:141 ] Epoch: [377/400][100/196] lr: 5.16e-05 | MSE loss: 1.8902e-06 | time: 0.034
I 05.25/06:12:00 solver.py:141 ] Epoch: [377/400][120/196] lr: 5.16e-05 | MSE loss: 1.8856e-06 | time: 0.032
I 05.25/06:12:01 solver.py:141 ] Epoch: [377/400][140/196] lr: 5.15e-05 | MSE loss: 1.8877e-06 | time: 0.030
I 05.25/06:12:01 solver.py:141 ] Epoch: [377/400][160/196] lr: 5.15e-05 | MSE loss: 1.8841e-06 | time: 0.030
I 05.25/06:12:02 solver.py:141 ] Epoch: [377/400][180/196] lr: 5.15e-05 | MSE loss: 1.8881e-06 | time: 0.030
I 05.25/06:12:02 solver.py:151 ] => Train  Loss: 1.8868e-06

I 05.25/06:12:03 solver.py:206 ] 
=! Best NMSE: -2.3609e+01 (epoch=360)

I 05.25/06:12:04 solver.py:141 ] Epoch: [378/400][20/196] lr: 5.15e-05 | MSE loss: 1.8542e-06 | time: 0.055
I 05.25/06:12:04 solver.py:141 ] Epoch: [378/400][40/196] lr: 5.15e-05 | MSE loss: 1.8741e-06 | time: 0.043
I 05.25/06:12:05 solver.py:141 ] Epoch: [378/400][60/196] lr: 5.15e-05 | MSE loss: 1.8698e-06 | time: 0.039
I 05.25/06:12:06 solver.py:141 ] Epoch: [378/400][80/196] lr: 5.15e-05 | MSE loss: 1.8685e-06 | time: 0.037
I 05.25/06:12:06 solver.py:141 ] Epoch: [378/400][100/196] lr: 5.14e-05 | MSE loss: 1.8470e-06 | time: 0.036
I 05.25/06:12:07 solver.py:141 ] Epoch: [378/400][120/196] lr: 5.14e-05 | MSE loss: 1.8693e-06 | time: 0.036
I 05.25/06:12:07 solver.py:141 ] Epoch: [378/400][140/196] lr: 5.14e-05 | MSE loss: 1.8686e-06 | time: 0.035
I 05.25/06:12:08 solver.py:141 ] Epoch: [378/400][160/196] lr: 5.14e-05 | MSE loss: 1.8665e-06 | time: 0.035
I 05.25/06:12:09 solver.py:141 ] Epoch: [378/400][180/196] lr: 5.14e-05 | MSE loss: 1.8669e-06 | time: 0.035
I 05.25/06:12:09 solver.py:151 ] => Train  Loss: 1.8674e-06

I 05.25/06:12:10 solver.py:206 ] 
=! Best NMSE: -2.3609e+01 (epoch=360)

I 05.25/06:12:11 solver.py:141 ] Epoch: [379/400][20/196] lr: 5.14e-05 | MSE loss: 1.8714e-06 | time: 0.046
I 05.25/06:12:11 solver.py:141 ] Epoch: [379/400][40/196] lr: 5.14e-05 | MSE loss: 1.8564e-06 | time: 0.038
I 05.25/06:12:12 solver.py:141 ] Epoch: [379/400][60/196] lr: 5.13e-05 | MSE loss: 1.8587e-06 | time: 0.036
I 05.25/06:12:13 solver.py:141 ] Epoch: [379/400][80/196] lr: 5.13e-05 | MSE loss: 1.8530e-06 | time: 0.035
I 05.25/06:12:13 solver.py:141 ] Epoch: [379/400][100/196] lr: 5.13e-05 | MSE loss: 1.8498e-06 | time: 0.035
I 05.25/06:12:14 solver.py:141 ] Epoch: [379/400][120/196] lr: 5.13e-05 | MSE loss: 1.8534e-06 | time: 0.034
I 05.25/06:12:15 solver.py:141 ] Epoch: [379/400][140/196] lr: 5.13e-05 | MSE loss: 1.8680e-06 | time: 0.034
I 05.25/06:12:15 solver.py:141 ] Epoch: [379/400][160/196] lr: 5.13e-05 | MSE loss: 1.8780e-06 | time: 0.034
I 05.25/06:12:16 solver.py:141 ] Epoch: [379/400][180/196] lr: 5.13e-05 | MSE loss: 1.8794e-06 | time: 0.034
I 05.25/06:12:16 solver.py:151 ] => Train  Loss: 1.8863e-06

I 05.25/06:12:16 solver.py:206 ] 
=! Best NMSE: -2.3609e+01 (epoch=360)

I 05.25/06:12:18 solver.py:141 ] Epoch: [380/400][20/196] lr: 5.12e-05 | MSE loss: 1.8074e-06 | time: 0.050
I 05.25/06:12:18 solver.py:141 ] Epoch: [380/400][40/196] lr: 5.12e-05 | MSE loss: 1.8432e-06 | time: 0.043
I 05.25/06:12:19 solver.py:141 ] Epoch: [380/400][60/196] lr: 5.12e-05 | MSE loss: 1.8780e-06 | time: 0.039
I 05.25/06:12:19 solver.py:141 ] Epoch: [380/400][80/196] lr: 5.12e-05 | MSE loss: 1.8955e-06 | time: 0.036
I 05.25/06:12:20 solver.py:141 ] Epoch: [380/400][100/196] lr: 5.12e-05 | MSE loss: 1.8876e-06 | time: 0.034
I 05.25/06:12:21 solver.py:141 ] Epoch: [380/400][120/196] lr: 5.12e-05 | MSE loss: 1.8940e-06 | time: 0.034
I 05.25/06:12:21 solver.py:141 ] Epoch: [380/400][140/196] lr: 5.12e-05 | MSE loss: 1.8864e-06 | time: 0.034
I 05.25/06:12:22 solver.py:141 ] Epoch: [380/400][160/196] lr: 5.12e-05 | MSE loss: 1.8865e-06 | time: 0.033
I 05.25/06:12:22 solver.py:141 ] Epoch: [380/400][180/196] lr: 5.11e-05 | MSE loss: 1.8808e-06 | time: 0.033
I 05.25/06:12:23 solver.py:151 ] => Train  Loss: 1.8781e-06

I 05.25/06:12:23 solver.py:141 ] Epoch: [380/400][20/59] lr: 5.11e-05 | MSE loss: 2.1678e-06 | time: 0.021
I 05.25/06:12:24 solver.py:141 ] Epoch: [380/400][40/59] lr: 5.11e-05 | MSE loss: 2.1809e-06 | time: 0.013
I 05.25/06:12:24 solver.py:151 ] => Val  Loss: 2.1671e-06

I 05.25/06:12:24 solver.py:281 ] [20/40] loss: 2.1687e-06 | NMSE: -2.3620e+01 | time: 0.016
I 05.25/06:12:24 solver.py:281 ] [40/40] loss: 2.1722e-06 | NMSE: -2.3618e+01 | time: 0.014
I 05.25/06:12:24 solver.py:285 ] => Test NMSE: -2.3618e+01

I 05.25/06:12:25 solver.py:206 ] 
=! Best NMSE: -2.3618e+01 (epoch=380)

I 05.25/06:12:26 solver.py:141 ] Epoch: [381/400][20/196] lr: 5.11e-05 | MSE loss: 1.7888e-06 | time: 0.053
I 05.25/06:12:26 solver.py:141 ] Epoch: [381/400][40/196] lr: 5.11e-05 | MSE loss: 1.8222e-06 | time: 0.040
I 05.25/06:12:27 solver.py:141 ] Epoch: [381/400][60/196] lr: 5.11e-05 | MSE loss: 1.8399e-06 | time: 0.039
I 05.25/06:12:28 solver.py:141 ] Epoch: [381/400][80/196] lr: 5.11e-05 | MSE loss: 1.8907e-06 | time: 0.037
I 05.25/06:12:28 solver.py:141 ] Epoch: [381/400][100/196] lr: 5.11e-05 | MSE loss: 1.8857e-06 | time: 0.037
I 05.25/06:12:29 solver.py:141 ] Epoch: [381/400][120/196] lr: 5.11e-05 | MSE loss: 1.8883e-06 | time: 0.036
I 05.25/06:12:30 solver.py:141 ] Epoch: [381/400][140/196] lr: 5.11e-05 | MSE loss: 1.9534e-06 | time: 0.035
I 05.25/06:12:30 solver.py:141 ] Epoch: [381/400][160/196] lr: 5.10e-05 | MSE loss: 1.9591e-06 | time: 0.035
I 05.25/06:12:31 solver.py:141 ] Epoch: [381/400][180/196] lr: 5.10e-05 | MSE loss: 1.9505e-06 | time: 0.034
I 05.25/06:12:31 solver.py:151 ] => Train  Loss: 1.9399e-06

I 05.25/06:12:32 solver.py:206 ] 
=! Best NMSE: -2.3618e+01 (epoch=380)

I 05.25/06:12:33 solver.py:141 ] Epoch: [382/400][20/196] lr: 5.10e-05 | MSE loss: 2.0389e-06 | time: 0.044
I 05.25/06:12:33 solver.py:141 ] Epoch: [382/400][40/196] lr: 5.10e-05 | MSE loss: 1.9523e-06 | time: 0.039
I 05.25/06:12:34 solver.py:141 ] Epoch: [382/400][60/196] lr: 5.10e-05 | MSE loss: 1.8967e-06 | time: 0.037
I 05.25/06:12:34 solver.py:141 ] Epoch: [382/400][80/196] lr: 5.10e-05 | MSE loss: 1.8878e-06 | time: 0.036
I 05.25/06:12:35 solver.py:141 ] Epoch: [382/400][100/196] lr: 5.10e-05 | MSE loss: 1.8809e-06 | time: 0.035
I 05.25/06:12:36 solver.py:141 ] Epoch: [382/400][120/196] lr: 5.10e-05 | MSE loss: 1.8723e-06 | time: 0.035
I 05.25/06:12:36 solver.py:141 ] Epoch: [382/400][140/196] lr: 5.10e-05 | MSE loss: 1.8687e-06 | time: 0.035
I 05.25/06:12:37 solver.py:141 ] Epoch: [382/400][160/196] lr: 5.09e-05 | MSE loss: 1.8617e-06 | time: 0.034
I 05.25/06:12:38 solver.py:141 ] Epoch: [382/400][180/196] lr: 5.09e-05 | MSE loss: 1.8590e-06 | time: 0.033
I 05.25/06:12:38 solver.py:151 ] => Train  Loss: 1.8567e-06

I 05.25/06:12:38 solver.py:206 ] 
=! Best NMSE: -2.3618e+01 (epoch=380)

I 05.25/06:12:39 solver.py:141 ] Epoch: [383/400][20/196] lr: 5.09e-05 | MSE loss: 1.8099e-06 | time: 0.048
I 05.25/06:12:40 solver.py:141 ] Epoch: [383/400][40/196] lr: 5.09e-05 | MSE loss: 1.8065e-06 | time: 0.039
I 05.25/06:12:40 solver.py:141 ] Epoch: [383/400][60/196] lr: 5.09e-05 | MSE loss: 1.8406e-06 | time: 0.036
I 05.25/06:12:41 solver.py:141 ] Epoch: [383/400][80/196] lr: 5.09e-05 | MSE loss: 1.8943e-06 | time: 0.034
I 05.25/06:12:42 solver.py:141 ] Epoch: [383/400][100/196] lr: 5.09e-05 | MSE loss: 1.8861e-06 | time: 0.033
I 05.25/06:12:42 solver.py:141 ] Epoch: [383/400][120/196] lr: 5.09e-05 | MSE loss: 1.8868e-06 | time: 0.032
I 05.25/06:12:43 solver.py:141 ] Epoch: [383/400][140/196] lr: 5.09e-05 | MSE loss: 1.8790e-06 | time: 0.033
I 05.25/06:12:44 solver.py:141 ] Epoch: [383/400][160/196] lr: 5.08e-05 | MSE loss: 1.8809e-06 | time: 0.033
I 05.25/06:12:44 solver.py:141 ] Epoch: [383/400][180/196] lr: 5.08e-05 | MSE loss: 1.8790e-06 | time: 0.033
I 05.25/06:12:45 solver.py:151 ] => Train  Loss: 1.8788e-06

I 05.25/06:12:45 solver.py:206 ] 
=! Best NMSE: -2.3618e+01 (epoch=380)

I 05.25/06:12:46 solver.py:141 ] Epoch: [384/400][20/196] lr: 5.08e-05 | MSE loss: 1.8018e-06 | time: 0.044
I 05.25/06:12:46 solver.py:141 ] Epoch: [384/400][40/196] lr: 5.08e-05 | MSE loss: 1.8042e-06 | time: 0.037
I 05.25/06:12:47 solver.py:141 ] Epoch: [384/400][60/196] lr: 5.08e-05 | MSE loss: 1.8022e-06 | time: 0.035
I 05.25/06:12:48 solver.py:141 ] Epoch: [384/400][80/196] lr: 5.08e-05 | MSE loss: 1.7981e-06 | time: 0.035
I 05.25/06:12:48 solver.py:141 ] Epoch: [384/400][100/196] lr: 5.08e-05 | MSE loss: 1.8084e-06 | time: 0.033
I 05.25/06:12:49 solver.py:141 ] Epoch: [384/400][120/196] lr: 5.08e-05 | MSE loss: 1.8130e-06 | time: 0.033
I 05.25/06:12:50 solver.py:141 ] Epoch: [384/400][140/196] lr: 5.08e-05 | MSE loss: 1.8182e-06 | time: 0.033
I 05.25/06:12:50 solver.py:141 ] Epoch: [384/400][160/196] lr: 5.07e-05 | MSE loss: 1.8216e-06 | time: 0.032
I 05.25/06:12:51 solver.py:141 ] Epoch: [384/400][180/196] lr: 5.07e-05 | MSE loss: 1.8232e-06 | time: 0.031
I 05.25/06:12:51 solver.py:151 ] => Train  Loss: 1.8242e-06

I 05.25/06:12:51 solver.py:206 ] 
=! Best NMSE: -2.3618e+01 (epoch=380)

I 05.25/06:12:52 solver.py:141 ] Epoch: [385/400][20/196] lr: 5.07e-05 | MSE loss: 1.7883e-06 | time: 0.048
I 05.25/06:12:53 solver.py:141 ] Epoch: [385/400][40/196] lr: 5.07e-05 | MSE loss: 1.7987e-06 | time: 0.039
I 05.25/06:12:53 solver.py:141 ] Epoch: [385/400][60/196] lr: 5.07e-05 | MSE loss: 1.8215e-06 | time: 0.036
I 05.25/06:12:54 solver.py:141 ] Epoch: [385/400][80/196] lr: 5.07e-05 | MSE loss: 1.8224e-06 | time: 0.034
I 05.25/06:12:55 solver.py:141 ] Epoch: [385/400][100/196] lr: 5.07e-05 | MSE loss: 1.8118e-06 | time: 0.033
I 05.25/06:12:55 solver.py:141 ] Epoch: [385/400][120/196] lr: 5.07e-05 | MSE loss: 1.8136e-06 | time: 0.032
I 05.25/06:12:56 solver.py:141 ] Epoch: [385/400][140/196] lr: 5.07e-05 | MSE loss: 1.8335e-06 | time: 0.031
I 05.25/06:12:56 solver.py:141 ] Epoch: [385/400][160/196] lr: 5.07e-05 | MSE loss: 1.8440e-06 | time: 0.031
I 05.25/06:12:57 solver.py:141 ] Epoch: [385/400][180/196] lr: 5.06e-05 | MSE loss: 1.8463e-06 | time: 0.030
I 05.25/06:12:57 solver.py:151 ] => Train  Loss: 1.8434e-06

I 05.25/06:12:57 solver.py:206 ] 
=! Best NMSE: -2.3618e+01 (epoch=380)

I 05.25/06:12:58 solver.py:141 ] Epoch: [386/400][20/196] lr: 5.06e-05 | MSE loss: 1.7791e-06 | time: 0.046
I 05.25/06:12:59 solver.py:141 ] Epoch: [386/400][40/196] lr: 5.06e-05 | MSE loss: 1.8184e-06 | time: 0.038
I 05.25/06:13:00 solver.py:141 ] Epoch: [386/400][60/196] lr: 5.06e-05 | MSE loss: 1.8419e-06 | time: 0.036
I 05.25/06:13:00 solver.py:141 ] Epoch: [386/400][80/196] lr: 5.06e-05 | MSE loss: 1.8740e-06 | time: 0.035
I 05.25/06:13:01 solver.py:141 ] Epoch: [386/400][100/196] lr: 5.06e-05 | MSE loss: 1.8933e-06 | time: 0.035
I 05.25/06:13:02 solver.py:141 ] Epoch: [386/400][120/196] lr: 5.06e-05 | MSE loss: 1.8888e-06 | time: 0.035
I 05.25/06:13:02 solver.py:141 ] Epoch: [386/400][140/196] lr: 5.06e-05 | MSE loss: 1.8792e-06 | time: 0.034
I 05.25/06:13:03 solver.py:141 ] Epoch: [386/400][160/196] lr: 5.06e-05 | MSE loss: 1.8751e-06 | time: 0.033
I 05.25/06:13:03 solver.py:141 ] Epoch: [386/400][180/196] lr: 5.06e-05 | MSE loss: 1.8817e-06 | time: 0.032
I 05.25/06:13:04 solver.py:151 ] => Train  Loss: 1.8796e-06

I 05.25/06:13:04 solver.py:206 ] 
=! Best NMSE: -2.3618e+01 (epoch=380)

I 05.25/06:13:05 solver.py:141 ] Epoch: [387/400][20/196] lr: 5.06e-05 | MSE loss: 1.8179e-06 | time: 0.060
I 05.25/06:13:06 solver.py:141 ] Epoch: [387/400][40/196] lr: 5.05e-05 | MSE loss: 1.8419e-06 | time: 0.043
I 05.25/06:13:06 solver.py:141 ] Epoch: [387/400][60/196] lr: 5.05e-05 | MSE loss: 1.8553e-06 | time: 0.035
I 05.25/06:13:07 solver.py:141 ] Epoch: [387/400][80/196] lr: 5.05e-05 | MSE loss: 1.8518e-06 | time: 0.031
I 05.25/06:13:07 solver.py:141 ] Epoch: [387/400][100/196] lr: 5.05e-05 | MSE loss: 1.8595e-06 | time: 0.030
I 05.25/06:13:08 solver.py:141 ] Epoch: [387/400][120/196] lr: 5.05e-05 | MSE loss: 1.8733e-06 | time: 0.031
I 05.25/06:13:09 solver.py:141 ] Epoch: [387/400][140/196] lr: 5.05e-05 | MSE loss: 1.8739e-06 | time: 0.031
I 05.25/06:13:09 solver.py:141 ] Epoch: [387/400][160/196] lr: 5.05e-05 | MSE loss: 1.8860e-06 | time: 0.031
I 05.25/06:13:10 solver.py:141 ] Epoch: [387/400][180/196] lr: 5.05e-05 | MSE loss: 1.8830e-06 | time: 0.032
I 05.25/06:13:10 solver.py:151 ] => Train  Loss: 1.8809e-06

I 05.25/06:13:11 solver.py:206 ] 
=! Best NMSE: -2.3618e+01 (epoch=380)

I 05.25/06:13:12 solver.py:141 ] Epoch: [388/400][20/196] lr: 5.05e-05 | MSE loss: 1.8100e-06 | time: 0.045
I 05.25/06:13:12 solver.py:141 ] Epoch: [388/400][40/196] lr: 5.05e-05 | MSE loss: 1.8053e-06 | time: 0.039
I 05.25/06:13:13 solver.py:141 ] Epoch: [388/400][60/196] lr: 5.05e-05 | MSE loss: 1.8301e-06 | time: 0.036
I 05.25/06:13:13 solver.py:141 ] Epoch: [388/400][80/196] lr: 5.05e-05 | MSE loss: 1.8369e-06 | time: 0.035
I 05.25/06:13:14 solver.py:141 ] Epoch: [388/400][100/196] lr: 5.04e-05 | MSE loss: 1.8345e-06 | time: 0.034
I 05.25/06:13:15 solver.py:141 ] Epoch: [388/400][120/196] lr: 5.04e-05 | MSE loss: 1.8300e-06 | time: 0.033
I 05.25/06:13:15 solver.py:141 ] Epoch: [388/400][140/196] lr: 5.04e-05 | MSE loss: 1.8412e-06 | time: 0.033
I 05.25/06:13:16 solver.py:141 ] Epoch: [388/400][160/196] lr: 5.04e-05 | MSE loss: 1.8589e-06 | time: 0.032
I 05.25/06:13:16 solver.py:141 ] Epoch: [388/400][180/196] lr: 5.04e-05 | MSE loss: 1.8701e-06 | time: 0.032
I 05.25/06:13:17 solver.py:151 ] => Train  Loss: 1.8724e-06

I 05.25/06:13:17 solver.py:206 ] 
=! Best NMSE: -2.3618e+01 (epoch=380)

I 05.25/06:13:18 solver.py:141 ] Epoch: [389/400][20/196] lr: 5.04e-05 | MSE loss: 1.7883e-06 | time: 0.044
I 05.25/06:13:19 solver.py:141 ] Epoch: [389/400][40/196] lr: 5.04e-05 | MSE loss: 1.8059e-06 | time: 0.036
I 05.25/06:13:19 solver.py:141 ] Epoch: [389/400][60/196] lr: 5.04e-05 | MSE loss: 1.7981e-06 | time: 0.033
I 05.25/06:13:20 solver.py:141 ] Epoch: [389/400][80/196] lr: 5.04e-05 | MSE loss: 1.8066e-06 | time: 0.032
I 05.25/06:13:20 solver.py:141 ] Epoch: [389/400][100/196] lr: 5.04e-05 | MSE loss: 1.8166e-06 | time: 0.032
I 05.25/06:13:21 solver.py:141 ] Epoch: [389/400][120/196] lr: 5.04e-05 | MSE loss: 1.8347e-06 | time: 0.031
I 05.25/06:13:22 solver.py:141 ] Epoch: [389/400][140/196] lr: 5.04e-05 | MSE loss: 1.8463e-06 | time: 0.032
I 05.25/06:13:22 solver.py:141 ] Epoch: [389/400][160/196] lr: 5.04e-05 | MSE loss: 1.8485e-06 | time: 0.031
I 05.25/06:13:23 solver.py:141 ] Epoch: [389/400][180/196] lr: 5.04e-05 | MSE loss: 1.8505e-06 | time: 0.031
I 05.25/06:13:23 solver.py:151 ] => Train  Loss: 1.8444e-06

I 05.25/06:13:23 solver.py:206 ] 
=! Best NMSE: -2.3618e+01 (epoch=380)

I 05.25/06:13:24 solver.py:141 ] Epoch: [390/400][20/196] lr: 5.03e-05 | MSE loss: 1.9138e-06 | time: 0.043
I 05.25/06:13:25 solver.py:141 ] Epoch: [390/400][40/196] lr: 5.03e-05 | MSE loss: 1.8894e-06 | time: 0.037
I 05.25/06:13:26 solver.py:141 ] Epoch: [390/400][60/196] lr: 5.03e-05 | MSE loss: 1.8871e-06 | time: 0.035
I 05.25/06:13:26 solver.py:141 ] Epoch: [390/400][80/196] lr: 5.03e-05 | MSE loss: 1.8847e-06 | time: 0.033
I 05.25/06:13:27 solver.py:141 ] Epoch: [390/400][100/196] lr: 5.03e-05 | MSE loss: 1.8837e-06 | time: 0.033
I 05.25/06:13:27 solver.py:141 ] Epoch: [390/400][120/196] lr: 5.03e-05 | MSE loss: 1.8802e-06 | time: 0.033
I 05.25/06:13:28 solver.py:141 ] Epoch: [390/400][140/196] lr: 5.03e-05 | MSE loss: 1.8868e-06 | time: 0.032
I 05.25/06:13:29 solver.py:141 ] Epoch: [390/400][160/196] lr: 5.03e-05 | MSE loss: 1.8816e-06 | time: 0.032
I 05.25/06:13:29 solver.py:141 ] Epoch: [390/400][180/196] lr: 5.03e-05 | MSE loss: 1.8767e-06 | time: 0.032
I 05.25/06:13:30 solver.py:151 ] => Train  Loss: 1.8752e-06

I 05.25/06:13:30 solver.py:141 ] Epoch: [390/400][20/59] lr: 5.03e-05 | MSE loss: 2.1804e-06 | time: 0.018
I 05.25/06:13:30 solver.py:141 ] Epoch: [390/400][40/59] lr: 5.03e-05 | MSE loss: 2.1896e-06 | time: 0.012
I 05.25/06:13:31 solver.py:151 ] => Val  Loss: 2.1757e-06

I 05.25/06:13:31 solver.py:281 ] [20/40] loss: 2.1750e-06 | NMSE: -2.3589e+01 | time: 0.015
I 05.25/06:13:31 solver.py:281 ] [40/40] loss: 2.1796e-06 | NMSE: -2.3586e+01 | time: 0.013
I 05.25/06:13:31 solver.py:285 ] => Test NMSE: -2.3586e+01

I 05.25/06:13:31 solver.py:206 ] 
=! Best NMSE: -2.3618e+01 (epoch=380)

I 05.25/06:13:32 solver.py:141 ] Epoch: [391/400][20/196] lr: 5.03e-05 | MSE loss: 1.8381e-06 | time: 0.047
I 05.25/06:13:33 solver.py:141 ] Epoch: [391/400][40/196] lr: 5.03e-05 | MSE loss: 1.8082e-06 | time: 0.039
I 05.25/06:13:34 solver.py:141 ] Epoch: [391/400][60/196] lr: 5.03e-05 | MSE loss: 1.8245e-06 | time: 0.037
I 05.25/06:13:34 solver.py:141 ] Epoch: [391/400][80/196] lr: 5.03e-05 | MSE loss: 1.8239e-06 | time: 0.036
I 05.25/06:13:35 solver.py:141 ] Epoch: [391/400][100/196] lr: 5.03e-05 | MSE loss: 1.8369e-06 | time: 0.035
I 05.25/06:13:35 solver.py:141 ] Epoch: [391/400][120/196] lr: 5.03e-05 | MSE loss: 1.8508e-06 | time: 0.034
I 05.25/06:13:36 solver.py:141 ] Epoch: [391/400][140/196] lr: 5.02e-05 | MSE loss: 1.8607e-06 | time: 0.034
I 05.25/06:13:37 solver.py:141 ] Epoch: [391/400][160/196] lr: 5.02e-05 | MSE loss: 1.8544e-06 | time: 0.034
I 05.25/06:13:38 solver.py:141 ] Epoch: [391/400][180/196] lr: 5.02e-05 | MSE loss: 1.8505e-06 | time: 0.034
I 05.25/06:13:38 solver.py:151 ] => Train  Loss: 1.8530e-06

I 05.25/06:13:38 solver.py:206 ] 
=! Best NMSE: -2.3618e+01 (epoch=380)

I 05.25/06:13:39 solver.py:141 ] Epoch: [392/400][20/196] lr: 5.02e-05 | MSE loss: 1.7765e-06 | time: 0.042
I 05.25/06:13:40 solver.py:141 ] Epoch: [392/400][40/196] lr: 5.02e-05 | MSE loss: 1.7960e-06 | time: 0.036
I 05.25/06:13:40 solver.py:141 ] Epoch: [392/400][60/196] lr: 5.02e-05 | MSE loss: 1.7968e-06 | time: 0.033
I 05.25/06:13:41 solver.py:141 ] Epoch: [392/400][80/196] lr: 5.02e-05 | MSE loss: 1.7975e-06 | time: 0.032
I 05.25/06:13:41 solver.py:141 ] Epoch: [392/400][100/196] lr: 5.02e-05 | MSE loss: 1.7962e-06 | time: 0.032
I 05.25/06:13:42 solver.py:141 ] Epoch: [392/400][120/196] lr: 5.02e-05 | MSE loss: 1.8014e-06 | time: 0.031
I 05.25/06:13:43 solver.py:141 ] Epoch: [392/400][140/196] lr: 5.02e-05 | MSE loss: 1.8035e-06 | time: 0.031
I 05.25/06:13:43 solver.py:141 ] Epoch: [392/400][160/196] lr: 5.02e-05 | MSE loss: 1.7999e-06 | time: 0.031
I 05.25/06:13:44 solver.py:141 ] Epoch: [392/400][180/196] lr: 5.02e-05 | MSE loss: 1.8063e-06 | time: 0.032
I 05.25/06:13:45 solver.py:151 ] => Train  Loss: 1.8127e-06

I 05.25/06:13:45 solver.py:206 ] 
=! Best NMSE: -2.3618e+01 (epoch=380)

I 05.25/06:13:46 solver.py:141 ] Epoch: [393/400][20/196] lr: 5.02e-05 | MSE loss: 1.8470e-06 | time: 0.049
I 05.25/06:13:47 solver.py:141 ] Epoch: [393/400][40/196] lr: 5.02e-05 | MSE loss: 1.8208e-06 | time: 0.041
I 05.25/06:13:47 solver.py:141 ] Epoch: [393/400][60/196] lr: 5.02e-05 | MSE loss: 1.8140e-06 | time: 0.036
I 05.25/06:13:48 solver.py:141 ] Epoch: [393/400][80/196] lr: 5.02e-05 | MSE loss: 1.8086e-06 | time: 0.034
I 05.25/06:13:48 solver.py:141 ] Epoch: [393/400][100/196] lr: 5.02e-05 | MSE loss: 1.8179e-06 | time: 0.033
I 05.25/06:13:49 solver.py:141 ] Epoch: [393/400][120/196] lr: 5.02e-05 | MSE loss: 1.8221e-06 | time: 0.032
I 05.25/06:13:49 solver.py:141 ] Epoch: [393/400][140/196] lr: 5.02e-05 | MSE loss: 1.8301e-06 | time: 0.032
I 05.25/06:13:50 solver.py:141 ] Epoch: [393/400][160/196] lr: 5.01e-05 | MSE loss: 1.8254e-06 | time: 0.031
I 05.25/06:13:50 solver.py:141 ] Epoch: [393/400][180/196] lr: 5.01e-05 | MSE loss: 1.8321e-06 | time: 0.031
I 05.25/06:13:51 solver.py:151 ] => Train  Loss: 1.8435e-06

I 05.25/06:13:51 solver.py:206 ] 
=! Best NMSE: -2.3618e+01 (epoch=380)

I 05.25/06:13:52 solver.py:141 ] Epoch: [394/400][20/196] lr: 5.01e-05 | MSE loss: 1.8534e-06 | time: 0.041
I 05.25/06:13:53 solver.py:141 ] Epoch: [394/400][40/196] lr: 5.01e-05 | MSE loss: 1.8599e-06 | time: 0.037
I 05.25/06:13:53 solver.py:141 ] Epoch: [394/400][60/196] lr: 5.01e-05 | MSE loss: 1.8764e-06 | time: 0.036
I 05.25/06:13:54 solver.py:141 ] Epoch: [394/400][80/196] lr: 5.01e-05 | MSE loss: 1.8579e-06 | time: 0.034
I 05.25/06:13:54 solver.py:141 ] Epoch: [394/400][100/196] lr: 5.01e-05 | MSE loss: 1.8454e-06 | time: 0.032
I 05.25/06:13:55 solver.py:141 ] Epoch: [394/400][120/196] lr: 5.01e-05 | MSE loss: 1.8428e-06 | time: 0.030
I 05.25/06:13:55 solver.py:141 ] Epoch: [394/400][140/196] lr: 5.01e-05 | MSE loss: 1.8603e-06 | time: 0.029
I 05.25/06:13:56 solver.py:141 ] Epoch: [394/400][160/196] lr: 5.01e-05 | MSE loss: 1.8622e-06 | time: 0.030
I 05.25/06:13:57 solver.py:141 ] Epoch: [394/400][180/196] lr: 5.01e-05 | MSE loss: 1.8631e-06 | time: 0.030
I 05.25/06:13:57 solver.py:151 ] => Train  Loss: 1.8603e-06

I 05.25/06:13:57 solver.py:206 ] 
=! Best NMSE: -2.3618e+01 (epoch=380)

I 05.25/06:13:58 solver.py:141 ] Epoch: [395/400][20/196] lr: 5.01e-05 | MSE loss: 1.8834e-06 | time: 0.047
I 05.25/06:13:59 solver.py:141 ] Epoch: [395/400][40/196] lr: 5.01e-05 | MSE loss: 1.8578e-06 | time: 0.040
I 05.25/06:14:00 solver.py:141 ] Epoch: [395/400][60/196] lr: 5.01e-05 | MSE loss: 1.8309e-06 | time: 0.036
I 05.25/06:14:00 solver.py:141 ] Epoch: [395/400][80/196] lr: 5.01e-05 | MSE loss: 1.8484e-06 | time: 0.035
I 05.25/06:14:01 solver.py:141 ] Epoch: [395/400][100/196] lr: 5.01e-05 | MSE loss: 1.8299e-06 | time: 0.035
I 05.25/06:14:02 solver.py:141 ] Epoch: [395/400][120/196] lr: 5.01e-05 | MSE loss: 1.8213e-06 | time: 0.034
I 05.25/06:14:02 solver.py:141 ] Epoch: [395/400][140/196] lr: 5.01e-05 | MSE loss: 1.8176e-06 | time: 0.034
I 05.25/06:14:03 solver.py:141 ] Epoch: [395/400][160/196] lr: 5.01e-05 | MSE loss: 1.8183e-06 | time: 0.034
I 05.25/06:14:03 solver.py:141 ] Epoch: [395/400][180/196] lr: 5.01e-05 | MSE loss: 1.8187e-06 | time: 0.034
I 05.25/06:14:04 solver.py:151 ] => Train  Loss: 1.8211e-06

I 05.25/06:14:04 solver.py:206 ] 
=! Best NMSE: -2.3618e+01 (epoch=380)

I 05.25/06:14:06 solver.py:141 ] Epoch: [396/400][20/196] lr: 5.01e-05 | MSE loss: 1.8069e-06 | time: 0.059
I 05.25/06:14:06 solver.py:141 ] Epoch: [396/400][40/196] lr: 5.01e-05 | MSE loss: 1.8395e-06 | time: 0.045
I 05.25/06:14:07 solver.py:141 ] Epoch: [396/400][60/196] lr: 5.01e-05 | MSE loss: 1.8301e-06 | time: 0.041
I 05.25/06:14:07 solver.py:141 ] Epoch: [396/400][80/196] lr: 5.01e-05 | MSE loss: 1.8366e-06 | time: 0.039
I 05.25/06:14:08 solver.py:141 ] Epoch: [396/400][100/196] lr: 5.01e-05 | MSE loss: 1.8474e-06 | time: 0.038
I 05.25/06:14:09 solver.py:141 ] Epoch: [396/400][120/196] lr: 5.01e-05 | MSE loss: 1.8463e-06 | time: 0.038
I 05.25/06:14:10 solver.py:141 ] Epoch: [396/400][140/196] lr: 5.01e-05 | MSE loss: 1.8322e-06 | time: 0.037
I 05.25/06:14:10 solver.py:141 ] Epoch: [396/400][160/196] lr: 5.00e-05 | MSE loss: 1.8253e-06 | time: 0.036
I 05.25/06:14:11 solver.py:141 ] Epoch: [396/400][180/196] lr: 5.00e-05 | MSE loss: 1.8205e-06 | time: 0.035
I 05.25/06:14:11 solver.py:151 ] => Train  Loss: 1.8193e-06

I 05.25/06:14:11 solver.py:206 ] 
=! Best NMSE: -2.3618e+01 (epoch=380)

I 05.25/06:14:12 solver.py:141 ] Epoch: [397/400][20/196] lr: 5.00e-05 | MSE loss: 1.8517e-06 | time: 0.045
I 05.25/06:14:13 solver.py:141 ] Epoch: [397/400][40/196] lr: 5.00e-05 | MSE loss: 1.9692e-06 | time: 0.039
I 05.25/06:14:14 solver.py:141 ] Epoch: [397/400][60/196] lr: 5.00e-05 | MSE loss: 1.9039e-06 | time: 0.037
I 05.25/06:14:14 solver.py:141 ] Epoch: [397/400][80/196] lr: 5.00e-05 | MSE loss: 1.8856e-06 | time: 0.035
I 05.25/06:14:15 solver.py:141 ] Epoch: [397/400][100/196] lr: 5.00e-05 | MSE loss: 1.9039e-06 | time: 0.035
I 05.25/06:14:15 solver.py:141 ] Epoch: [397/400][120/196] lr: 5.00e-05 | MSE loss: 1.9154e-06 | time: 0.034
I 05.25/06:14:16 solver.py:141 ] Epoch: [397/400][140/196] lr: 5.00e-05 | MSE loss: 1.9035e-06 | time: 0.034
I 05.25/06:14:17 solver.py:141 ] Epoch: [397/400][160/196] lr: 5.00e-05 | MSE loss: 1.8926e-06 | time: 0.033
I 05.25/06:14:17 solver.py:141 ] Epoch: [397/400][180/196] lr: 5.00e-05 | MSE loss: 1.8876e-06 | time: 0.033
I 05.25/06:14:18 solver.py:151 ] => Train  Loss: 1.8819e-06

I 05.25/06:14:18 solver.py:206 ] 
=! Best NMSE: -2.3618e+01 (epoch=380)

I 05.25/06:14:19 solver.py:141 ] Epoch: [398/400][20/196] lr: 5.00e-05 | MSE loss: 1.7914e-06 | time: 0.048
I 05.25/06:14:20 solver.py:141 ] Epoch: [398/400][40/196] lr: 5.00e-05 | MSE loss: 1.7653e-06 | time: 0.040
I 05.25/06:14:20 solver.py:141 ] Epoch: [398/400][60/196] lr: 5.00e-05 | MSE loss: 1.7722e-06 | time: 0.036
I 05.25/06:14:21 solver.py:141 ] Epoch: [398/400][80/196] lr: 5.00e-05 | MSE loss: 1.7974e-06 | time: 0.035
I 05.25/06:14:21 solver.py:141 ] Epoch: [398/400][100/196] lr: 5.00e-05 | MSE loss: 1.8304e-06 | time: 0.033
I 05.25/06:14:22 solver.py:141 ] Epoch: [398/400][120/196] lr: 5.00e-05 | MSE loss: 1.8380e-06 | time: 0.033
I 05.25/06:14:23 solver.py:141 ] Epoch: [398/400][140/196] lr: 5.00e-05 | MSE loss: 1.8458e-06 | time: 0.033
I 05.25/06:14:23 solver.py:141 ] Epoch: [398/400][160/196] lr: 5.00e-05 | MSE loss: 1.8478e-06 | time: 0.032
I 05.25/06:14:24 solver.py:141 ] Epoch: [398/400][180/196] lr: 5.00e-05 | MSE loss: 1.8524e-06 | time: 0.032
I 05.25/06:14:24 solver.py:151 ] => Train  Loss: 1.8542e-06

I 05.25/06:14:25 solver.py:206 ] 
=! Best NMSE: -2.3618e+01 (epoch=380)

I 05.25/06:14:26 solver.py:141 ] Epoch: [399/400][20/196] lr: 5.00e-05 | MSE loss: 1.8513e-06 | time: 0.049
I 05.25/06:14:26 solver.py:141 ] Epoch: [399/400][40/196] lr: 5.00e-05 | MSE loss: 1.9195e-06 | time: 0.041
I 05.25/06:14:27 solver.py:141 ] Epoch: [399/400][60/196] lr: 5.00e-05 | MSE loss: 1.9280e-06 | time: 0.037
I 05.25/06:14:27 solver.py:141 ] Epoch: [399/400][80/196] lr: 5.00e-05 | MSE loss: 1.9120e-06 | time: 0.034
I 05.25/06:14:28 solver.py:141 ] Epoch: [399/400][100/196] lr: 5.00e-05 | MSE loss: 1.9104e-06 | time: 0.033
I 05.25/06:14:29 solver.py:141 ] Epoch: [399/400][120/196] lr: 5.00e-05 | MSE loss: 1.8912e-06 | time: 0.033
I 05.25/06:14:29 solver.py:141 ] Epoch: [399/400][140/196] lr: 5.00e-05 | MSE loss: 1.9073e-06 | time: 0.032
I 05.25/06:14:30 solver.py:141 ] Epoch: [399/400][160/196] lr: 5.00e-05 | MSE loss: 1.9026e-06 | time: 0.032
I 05.25/06:14:30 solver.py:141 ] Epoch: [399/400][180/196] lr: 5.00e-05 | MSE loss: 1.9061e-06 | time: 0.032
I 05.25/06:14:31 solver.py:151 ] => Train  Loss: 1.9142e-06

I 05.25/06:14:31 solver.py:206 ] 
=! Best NMSE: -2.3618e+01 (epoch=380)

I 05.25/06:14:32 solver.py:141 ] Epoch: [400/400][20/196] lr: 5.00e-05 | MSE loss: 1.9431e-06 | time: 0.042
I 05.25/06:14:33 solver.py:141 ] Epoch: [400/400][40/196] lr: 5.00e-05 | MSE loss: 1.8947e-06 | time: 0.036
I 05.25/06:14:33 solver.py:141 ] Epoch: [400/400][60/196] lr: 5.00e-05 | MSE loss: 1.8719e-06 | time: 0.036
I 05.25/06:14:34 solver.py:141 ] Epoch: [400/400][80/196] lr: 5.00e-05 | MSE loss: 1.8635e-06 | time: 0.034
I 05.25/06:14:34 solver.py:141 ] Epoch: [400/400][100/196] lr: 5.00e-05 | MSE loss: 1.8519e-06 | time: 0.034
I 05.25/06:14:35 solver.py:141 ] Epoch: [400/400][120/196] lr: 5.00e-05 | MSE loss: 1.8467e-06 | time: 0.033
I 05.25/06:14:36 solver.py:141 ] Epoch: [400/400][140/196] lr: 5.00e-05 | MSE loss: 1.8326e-06 | time: 0.032
I 05.25/06:14:36 solver.py:141 ] Epoch: [400/400][160/196] lr: 5.00e-05 | MSE loss: 1.8237e-06 | time: 0.032
I 05.25/06:14:37 solver.py:141 ] Epoch: [400/400][180/196] lr: 5.00e-05 | MSE loss: 1.8222e-06 | time: 0.032
I 05.25/06:14:37 solver.py:151 ] => Train  Loss: 1.8277e-06

I 05.25/06:14:38 solver.py:141 ] Epoch: [400/400][20/59] lr: 5.00e-05 | MSE loss: 2.0959e-06 | time: 0.016
I 05.25/06:14:38 solver.py:141 ] Epoch: [400/400][40/59] lr: 5.00e-05 | MSE loss: 2.1041e-06 | time: 0.012
I 05.25/06:14:38 solver.py:151 ] => Val  Loss: 2.0902e-06

I 05.25/06:14:39 solver.py:281 ] [20/40] loss: 2.0895e-06 | NMSE: -2.3779e+01 | time: 0.019
I 05.25/06:14:39 solver.py:281 ] [40/40] loss: 2.0943e-06 | NMSE: -2.3775e+01 | time: 0.015
I 05.25/06:14:39 solver.py:285 ] => Test NMSE: -2.3775e+01

I 05.25/06:14:39 solver.py:206 ] 
=! Best NMSE: -2.3775e+01 (epoch=400)

I 05.25/06:14:41 solver.py:229 ] => Saved encoder outputs to /storage/hujiacong/zxd/Huawei/UniversalCSI/exps/COST2100/in/csinet_transnet/base/encoder_output.pth
I 05.25/06:14:42 solver.py:281 ] [20/40] loss: 2.0895e-06 | NMSE: -2.3779e+01 | time: 0.016
I 05.25/06:14:42 solver.py:281 ] [40/40] loss: 2.0943e-06 | NMSE: -2.3775e+01 | time: 0.013
I 05.25/06:14:42 solver.py:285 ] => Test NMSE: -2.3775e+01

I 05.25/06:14:42 solver.py:254 ] 
=> Test result: 
loss: 2.0943e-06    NMSE: -2.3775e+01

I 05.25/06:14:42 main.py:103 ] 
=! Final test loss: 2.0943e-06
         test NMSE: -2.3775e+01

